state_name,subdistrict_name,value
Andaman & Nicobar Islands,Car Nicobar,1
Andaman & Nicobar Islands,Diglipur,2
Andaman & Nicobar Islands,Ferrargunj,3
Andaman & Nicobar Islands,Great Nicobar,4
Andaman & Nicobar Islands,Little Andaman,5
Andaman & Nicobar Islands,Mayabunder,6
Andaman & Nicobar Islands,Nancowry,7
Andaman & Nicobar Islands,Port Blair,8
Andaman & Nicobar Islands,Rangat,9
Andhra Pradesh,A.konduru,10
Andhra Pradesh,Achampet,11
Andhra Pradesh,Achanta,12
Andhra Pradesh,Addakal,13
Andhra Pradesh,Addanki,14
Andhra Pradesh,Addateegala,15
Andhra Pradesh,Adilabad,16
Andhra Pradesh,Adoni,17
Andhra Pradesh,Agali,18
Andhra Pradesh,Agiripalle,19
Andhra Pradesh,Ainavilli,20
Andhra Pradesh,Akividu,21
Andhra Pradesh,Alair,22
Andhra Pradesh,Alampur,23
Andhra Pradesh,Alamuru,24
Andhra Pradesh,Alladurg,25
Andhra Pradesh,Allagadda,26
Andhra Pradesh,Allavaram,27
Andhra Pradesh,Allur,28
Andhra Pradesh,Alur,29
Andhra Pradesh,Amadagur,30
Andhra Pradesh,Amadalavalasa,31
Andhra Pradesh,Amalapuram,32
Andhra Pradesh,Amangal,33
Andhra Pradesh,Amarapuram,34
Andhra Pradesh,Amaravathi,35
Andhra Pradesh,Ambajipeta,36
Andhra Pradesh,Amberpet,37
Andhra Pradesh,Ameerpet,38
Andhra Pradesh,Amrabad,39
Andhra Pradesh,Amruthalur,40
Andhra Pradesh,Anakapalle,41
Andhra Pradesh,Anandapuram,42
Andhra Pradesh,Anantapur,43
Andhra Pradesh,Ananthagiri,44
Andhra Pradesh,Ananthasagaram,45
Andhra Pradesh,Anaparthy,46
Andhra Pradesh,Andole,47
Andhra Pradesh,Anumasamudrampeta,48
Andhra Pradesh,Anumula,49
Andhra Pradesh,Araku Valley,50
Andhra Pradesh,Ardhaveedu,51
Andhra Pradesh,Armur,52
Andhra Pradesh,Asifabad,53
Andhra Pradesh,Asifnagar,54
Andhra Pradesh,Aspari,55
Andhra Pradesh,Aswapuram,56
Andhra Pradesh,Aswaraopeta,57
Andhra Pradesh,Atchampet,58
Andhra Pradesh,Atchutapuram,59
Andhra Pradesh,Atlur,60
Andhra Pradesh,Atmakur,61
Andhra Pradesh,Atmakur (m),62
Andhra Pradesh,Atmakur (s),63
Andhra Pradesh,Atreyapuram,64
Andhra Pradesh,Attili,65
Andhra Pradesh,Avanigadda,66
Andhra Pradesh,B.kodur,67
Andhra Pradesh,B.kothakota,68
Andhra Pradesh,Bachannapet,69
Andhra Pradesh,Badangi,70
Andhra Pradesh,Badvel,71
Andhra Pradesh,Bahadurpura,72
Andhra Pradesh,Baireddipalle,73
Andhra Pradesh,Balanagar,74
Andhra Pradesh,Balayapalle,75
Andhra Pradesh,Balijipeta,76
Andhra Pradesh,Balkonda,77
Andhra Pradesh,Ballikurava,78
Andhra Pradesh,Balmoor,79
Andhra Pradesh,Banaganapalle,80
Andhra Pradesh,Bandi Atmakur,81
Andhra Pradesh,Bandlaguda,82
Andhra Pradesh,Bangarupalem,83
Andhra Pradesh,Banswada,84
Andhra Pradesh,Bantumilli,85
Andhra Pradesh,Bantwaram,86
Andhra Pradesh,Bapatla,87
Andhra Pradesh,Bapulapadu,88
Andhra Pradesh,Basheerabad,89
Andhra Pradesh,Bathalapalle,90
Andhra Pradesh,Bayyaram,91
Andhra Pradesh,Bazarhathnoor,92
Andhra Pradesh,Bejjanki,93
Andhra Pradesh,Bejjur,94
Andhra Pradesh,Bela,95
Andhra Pradesh,Bellamkonda,96
Andhra Pradesh,Bellampalle,97
Andhra Pradesh,Beluguppa,98
Andhra Pradesh,Bestawaripeta,99
Andhra Pradesh,Bethamcherla,100
Andhra Pradesh,Bhadrachalam,1
Andhra Pradesh,Bhainsa,2
Andhra Pradesh,Bhamini,3
Andhra Pradesh,Bhattiprolu,4
Andhra Pradesh,Bheemadevarpalle,5
Andhra Pradesh,Bheemgal,6
Andhra Pradesh,Bheemunipatnam,7
Andhra Pradesh,Bhiknoor,8
Andhra Pradesh,Bhimadole,9
Andhra Pradesh,Bhimavaram,10
Andhra Pradesh,Bhimini,11
Andhra Pradesh,Bhogapuram,12
Andhra Pradesh,Bhongir,13
Andhra Pradesh,Bhoothpur,14
Andhra Pradesh,Bhupalpalle,15
Andhra Pradesh,Bibinagar,16
Andhra Pradesh,Biccavolu,17
Andhra Pradesh,Bichkunda,18
Andhra Pradesh,Bijinapalle,19
Andhra Pradesh,Birkoor,20
Andhra Pradesh,Boath,21
Andhra Pradesh,Bobbili,22
Andhra Pradesh,Bodhan,23
Andhra Pradesh,Bogole,24
Andhra Pradesh,Boinpalle,25
Andhra Pradesh,Bollapalle,26
Andhra Pradesh,Bommalaramaram,27
Andhra Pradesh,Bommanahal,28
Andhra Pradesh,Bomraspet,29
Andhra Pradesh,Bonakal,30
Andhra Pradesh,Bondapalle,31
Andhra Pradesh,Brahmamgarimattam,32
Andhra Pradesh,Brahmasamudram,33
Andhra Pradesh,Buchinaidu Kandriga,34
Andhra Pradesh,Buchireddipalem,35
Andhra Pradesh,Bukkapatnam,36
Andhra Pradesh,Bukkaraya Samudram,37
Andhra Pradesh,Burgampahad,38
Andhra Pradesh,Burja,39
Andhra Pradesh,Butchayyapeta,40
Andhra Pradesh,Buttayagudem,41
Andhra Pradesh,C.belagal,42
Andhra Pradesh,Chagalamarri,43
Andhra Pradesh,Chagallu,44
Andhra Pradesh,Chakrayapet,45
Andhra Pradesh,Challapalle,46
Andhra Pradesh,Chandam Pet,47
Andhra Pradesh,Chandarlapadu,48
Andhra Pradesh,Chandra Sekhara Puram,49
Andhra Pradesh,Chandragiri,50
Andhra Pradesh,Chandrugonda,51
Andhra Pradesh,Chandur,52
Andhra Pradesh,Chandurthi,53
Andhra Pradesh,Chapad,54
Andhra Pradesh,Charminar,55
Andhra Pradesh,Chatrai,56
Andhra Pradesh,Chebrolu,57
Andhra Pradesh,Cheedikada,58
Andhra Pradesh,Cheepurupalle,59
Andhra Pradesh,Chegunta,60
Andhra Pradesh,Chejerla,61
Andhra Pradesh,Chennaraopet,62
Andhra Pradesh,Chennekothapalle,63
Andhra Pradesh,Chennur,64
Andhra Pradesh,Cherial,65
Andhra Pradesh,Cherla,66
Andhra Pradesh,Cherukupalle H/o Arumbaka,67
Andhra Pradesh,Chevella,68
Andhra Pradesh,Chigurumamidi,69
Andhra Pradesh,Chilakaluripet H/o.purushotha Patnam,70
Andhra Pradesh,Chilamathur,71
Andhra Pradesh,Chilkur,72
Andhra Pradesh,Chillakur,73
Andhra Pradesh,Chimakurthi,74
Andhra Pradesh,Chinaganjam,75
Andhra Pradesh,Chinnachintakunta,76
Andhra Pradesh,Chinnagottigallu,77
Andhra Pradesh,Chinnakodur,78
Andhra Pradesh,Chinnamandem,79
Andhra Pradesh,Chintalapudi,80
Andhra Pradesh,Chintapalle,81
Andhra Pradesh,Chintha Palle,82
Andhra Pradesh,Chinthakani,83
Andhra Pradesh,Chinthakommadinne,84
Andhra Pradesh,Chintur,85
Andhra Pradesh,Chippagiri,86
Andhra Pradesh,Chirala,87
Andhra Pradesh,Chittamur,88
Andhra Pradesh,Chittoor,89
Andhra Pradesh,Chitvel,90
Andhra Pradesh,Chityal,91
Andhra Pradesh,Chityala,92
Andhra Pradesh,Chivvemla,93
Andhra Pradesh,Chodavaram,94
Andhra Pradesh,Choppadandi,95
Andhra Pradesh,Choutuppal,96
Andhra Pradesh,Chowdepalle,97
Andhra Pradesh,Cumbum,98
Andhra Pradesh,D.hirehal,99
Andhra Pradesh,Dachepalle,100
Andhra Pradesh,Dagadarthi,1
Andhra Pradesh,Dahegaon,2
Andhra Pradesh,Dakkili,3
Andhra Pradesh,Damaragidda,4
Andhra Pradesh,Dameracherla,5
Andhra Pradesh,Dammapeta,6
Andhra Pradesh,Dandepalle,7
Andhra Pradesh,Darsi,8
Andhra Pradesh,Dattirajeru,9
Andhra Pradesh,Denduluru,10
Andhra Pradesh,Denkada,11
Andhra Pradesh,Devanakonda,12
Andhra Pradesh,Devarakonda,13
Andhra Pradesh,Devarapalle,14
Andhra Pradesh,Devarkadra,15
Andhra Pradesh,Devaruppula,16
Andhra Pradesh,Devipatnam,17
Andhra Pradesh,Dhanwada,18
Andhra Pradesh,Dharmapuri,19
Andhra Pradesh,Dharmaram,20
Andhra Pradesh,Dharmasagar,21
Andhra Pradesh,Dharmavaram,22
Andhra Pradesh,Dharpalle,23
Andhra Pradesh,Dharur,24
Andhra Pradesh,Dhone,25
Andhra Pradesh,Dichpalle,26
Andhra Pradesh,Dilawarpur,27
Andhra Pradesh,Doma,28
Andhra Pradesh,Domakonda,29
Andhra Pradesh,Donakonda,30
Andhra Pradesh,Doravarisatram,31
Andhra Pradesh,Dornakal,32
Andhra Pradesh,Dornala,33
Andhra Pradesh,Dornipadu,34
Andhra Pradesh,Doulathabad,35
Andhra Pradesh,Doultabad,36
Andhra Pradesh,Dubbak,37
Andhra Pradesh,Duggirala,38
Andhra Pradesh,Duggondi,39
Andhra Pradesh,Dumbriguda,40
Andhra Pradesh,Dummugudem,41
Andhra Pradesh,Durgi,42
Andhra Pradesh,Duttalur,43
Andhra Pradesh,Duvvur,44
Andhra Pradesh,Dwarakatirumala,45
Andhra Pradesh,Edlapadu,46
Andhra Pradesh,Elgaid,47
Andhra Pradesh,Elkathurthi,48
Andhra Pradesh,Ellanthakunta,49
Andhra Pradesh,Eluru,50
Andhra Pradesh,Enkuru,51
Andhra Pradesh,Etcherla,52
Andhra Pradesh,Eturnagaram,53
Andhra Pradesh,Farooqnagar,54
Andhra Pradesh,G.konduru,55
Andhra Pradesh,G.madugula,56
Andhra Pradesh,Gadivemula,57
Andhra Pradesh,Gadwal,58
Andhra Pradesh,Gajapathinagaram,59
Andhra Pradesh,Gajuwaka,60
Andhra Pradesh,Gajwel,61
Andhra Pradesh,Galiveedu,62
Andhra Pradesh,Gambhiraopet,63
Andhra Pradesh,Gampalagudem,64
Andhra Pradesh,Ganapavaram,65
Andhra Pradesh,Gandeed,66
Andhra Pradesh,Gandepalle,67
Andhra Pradesh,Gandhari,68
Andhra Pradesh,Gandlapenta,69
Andhra Pradesh,Gangadhara,70
Andhra Pradesh,Gangadhara Nellore,71
Andhra Pradesh,Gangavaram,72
Andhra Pradesh,Ganguvarisigadam,73
Andhra Pradesh,Gannavaram,74
Andhra Pradesh,Gantyada,75
Andhra Pradesh,Gara,76
Andhra Pradesh,Garide Palle,77
Andhra Pradesh,Garividi,78
Andhra Pradesh,Garla,79
Andhra Pradesh,Garladinne,80
Andhra Pradesh,Garugubilli,81
Andhra Pradesh,Geesugonda,82
Andhra Pradesh,Ghanpur,83
Andhra Pradesh,Ghanpur (mulug),84
Andhra Pradesh,Ghanpur (station),85
Andhra Pradesh,Ghantasala,86
Andhra Pradesh,Ghatkesar,87
Andhra Pradesh,Ghattu,88
Andhra Pradesh,Giddalur,89
Andhra Pradesh,Gokavaram,90
Andhra Pradesh,Golconda,91
Andhra Pradesh,Gollapalle,92
Andhra Pradesh,Gollaprolu,93
Andhra Pradesh,Golugonda,94
Andhra Pradesh,Gonegandla,95
Andhra Pradesh,Gooty,96
Andhra Pradesh,Gopalapuram,97
Andhra Pradesh,Gopalpeta,98
Andhra Pradesh,Gopavaram,99
Andhra Pradesh,Gorantla,100
Andhra Pradesh,Gospadu,1
Andhra Pradesh,Govindaraopet,2
Andhra Pradesh,Gudem Kotha Veedhi,3
Andhra Pradesh,Gudibanda,4
Andhra Pradesh,Gudihathnoor,5
Andhra Pradesh,Gudipala,6
Andhra Pradesh,Gudivada,7
Andhra Pradesh,Gudlavalleru,8
Andhra Pradesh,Gudluru,9
Andhra Pradesh,Gudupalle,10
Andhra Pradesh,Gudur,11
Andhra Pradesh,Guduru,12
Andhra Pradesh,Gummagatta,13
Andhra Pradesh,Gummalakshmipuram,14
Andhra Pradesh,Gundala,15
Andhra Pradesh,Gundla Palle,16
Andhra Pradesh,Guntakal,17
Andhra Pradesh,Guntur,18
Andhra Pradesh,Gurazala,19
Andhra Pradesh,Gurla,20
Andhra Pradesh,Gurramkonda,21
Andhra Pradesh,Gurrampode,22
Andhra Pradesh,Halaharvi,23
Andhra Pradesh,Hanamkonda,24
Andhra Pradesh,Hanumanthuni Padu,25
Andhra Pradesh,Hanwada,26
Andhra Pradesh,Hasanparthy,27
Andhra Pradesh,Hathnoora,28
Andhra Pradesh,Hayathnagar,29
Andhra Pradesh,Himayathnagar,30
Andhra Pradesh,Hindupur,31
Andhra Pradesh,Hiramandalam,32
Andhra Pradesh,Holagunda,33
Andhra Pradesh,Hukumpeta,34
Andhra Pradesh,Husnabad,35
Andhra Pradesh,Huzurabad,36
Andhra Pradesh,Huzurnagar,37
Andhra Pradesh,I. Polavaram,38
Andhra Pradesh,Ibrahimpatnam,39
Andhra Pradesh,Ichchapuram,40
Andhra Pradesh,Ichoda,41
Andhra Pradesh,Ieej,42
Andhra Pradesh,Inderavelly,43
Andhra Pradesh,Indukurpet,44
Andhra Pradesh,Inkollu,45
Andhra Pradesh,Ipur,46
Andhra Pradesh,Iragavaram,47
Andhra Pradesh,Irala,48
Andhra Pradesh,Itikyal,49
Andhra Pradesh,Jadcherla,50
Andhra Pradesh,Jagdevpur,51
Andhra Pradesh,Jaggampeta,52
Andhra Pradesh,Jaggayyapeta,53
Andhra Pradesh,Jagtial,54
Andhra Pradesh,Jainad,55
Andhra Pradesh,Jainoor,56
Andhra Pradesh,Jaipur,57
Andhra Pradesh,Jaji Reddi Gudem,58
Andhra Pradesh,Jakranpalle,59
Andhra Pradesh,Jaladanki,60
Andhra Pradesh,Jalumuru,61
Andhra Pradesh,Jami,62
Andhra Pradesh,Jammalamadugu,63
Andhra Pradesh,Jammikunta,64
Andhra Pradesh,Janakavarampanguluru,65
Andhra Pradesh,Jangaon,66
Andhra Pradesh,Jangareddigudem,67
Andhra Pradesh,Jannaram,68
Andhra Pradesh,Jeelugu Milli,69
Andhra Pradesh,Jharasangam,70
Andhra Pradesh,Jinnaram,71
Andhra Pradesh,Jiyyammavalasa,72
Andhra Pradesh,Jukkal,73
Andhra Pradesh,Julapalle,74
Andhra Pradesh,Julurpad,75
Andhra Pradesh,Jupadu Bungalow,76
Andhra Pradesh,K.kotapadu,77
Andhra Pradesh,K.v.b.puram,78
Andhra Pradesh,Kadapa,79
Andhra Pradesh,Kaddam (peddur),80
Andhra Pradesh,Kadiam,81
Andhra Pradesh,Kadiri,82
Andhra Pradesh,Kagaznagar,83
Andhra Pradesh,Kaikalur,84
Andhra Pradesh,Kajuluru,85
Andhra Pradesh,Kakinada (rural),86
Andhra Pradesh,Kakinada (urban),87
Andhra Pradesh,Kakumanu,88
Andhra Pradesh,Kalakada,89
Andhra Pradesh,Kalasapadu,90
Andhra Pradesh,Kalher,91
Andhra Pradesh,Kalidindi,92
Andhra Pradesh,Kaligiri,93
Andhra Pradesh,Kalikiri,94
Andhra Pradesh,Kalla,95
Andhra Pradesh,Kallur,96
Andhra Pradesh,Kaluvoya,97
Andhra Pradesh,Kalwakurthy,98
Andhra Pradesh,Kalyandurg,99
Andhra Pradesh,Kamalapur,100
Andhra Pradesh,Kamalapuram,1
Andhra Pradesh,Kamanpur,2
Andhra Pradesh,Kamareddy,3
Andhra Pradesh,Kamavarapukota,4
Andhra Pradesh,Kambadur,5
Andhra Pradesh,Kambhamvaripalle,6
Andhra Pradesh,Kamepalle,7
Andhra Pradesh,Kammarpalle,8
Andhra Pradesh,Kanaganapalle,9
Andhra Pradesh,Kanchikacherla,10
Andhra Pradesh,Kanchili,11
Andhra Pradesh,Kandukur,12
Andhra Pradesh,Kanekal,13
Andhra Pradesh,Kangal,14
Andhra Pradesh,Kangti,15
Andhra Pradesh,Kanigiri,16
Andhra Pradesh,Kankipadu,17
Andhra Pradesh,Kapileswarapuram,18
Andhra Pradesh,Karamchedu,19
Andhra Pradesh,Karapa,20
Andhra Pradesh,Karempudi,21
Andhra Pradesh,Karimnagar,22
Andhra Pradesh,Karlapalem,23
Andhra Pradesh,Karvetinagar,24
Andhra Pradesh,Kasimkota,25
Andhra Pradesh,Kasipet,26
Andhra Pradesh,Kataram,27
Andhra Pradesh,Kathlapur,28
Andhra Pradesh,Katrenikona,29
Andhra Pradesh,Kattangoor,30
Andhra Pradesh,Kavali,31
Andhra Pradesh,Kaviti,32
Andhra Pradesh,Keesara,33
Andhra Pradesh,Kerameri,34
Andhra Pradesh,Kesamudram,35
Andhra Pradesh,Keshampet,36
Andhra Pradesh,Kethe Palle,37
Andhra Pradesh,Khairatabad,38
Andhra Pradesh,Khajipet,39
Andhra Pradesh,Khammam (rural),40
Andhra Pradesh,Khammam (urban),41
Andhra Pradesh,Khanapur,42
Andhra Pradesh,Kirlampudi,43
Andhra Pradesh,Kodad,44
Andhra Pradesh,Kodair,45
Andhra Pradesh,Kodakandla,46
Andhra Pradesh,Kodangal,47
Andhra Pradesh,Kodavalur,48
Andhra Pradesh,Kodimial,49
Andhra Pradesh,Kodumur,50
Andhra Pradesh,Kodur,51
Andhra Pradesh,Koduru,52
Andhra Pradesh,Koheda,53
Andhra Pradesh,Kohir,54
Andhra Pradesh,Koilkonda,55
Andhra Pradesh,Koilkuntla,56
Andhra Pradesh,Kolimigundla,57
Andhra Pradesh,Kollapur,58
Andhra Pradesh,Kollipara,59
Andhra Pradesh,Kollur,60
Andhra Pradesh,Komarada,61
Andhra Pradesh,Komarolu,62
Andhra Pradesh,Konakanamitla,63
Andhra Pradesh,Konaraopeta,64
Andhra Pradesh,Kondapak,65
Andhra Pradesh,Kondapi,66
Andhra Pradesh,Kondapur,67
Andhra Pradesh,Kondapuram,68
Andhra Pradesh,Kondurg,69
Andhra Pradesh,Konijerla,70
Andhra Pradesh,Koratla,71
Andhra Pradesh,Korisapadu,72
Andhra Pradesh,Korukonda,73
Andhra Pradesh,Kosgi,74
Andhra Pradesh,Kosigi,75
Andhra Pradesh,Kota,76
Andhra Pradesh,Kotabommali,77
Andhra Pradesh,Kotananduru,78
Andhra Pradesh,Kotapalle,79
Andhra Pradesh,Kotauratla,80
Andhra Pradesh,Kotgiri,81
Andhra Pradesh,Kotha Patnam,82
Andhra Pradesh,Kothacheruvu,83
Andhra Pradesh,Kothagudem,84
Andhra Pradesh,Kothakota,85
Andhra Pradesh,Kothapalle,86
Andhra Pradesh,Kothapeta,87
Andhra Pradesh,Kothavalasa,88
Andhra Pradesh,Kothur,89
Andhra Pradesh,Kothuru,90
Andhra Pradesh,Kouthala,91
Andhra Pradesh,Kovur,92
Andhra Pradesh,Kovvur,93
Andhra Pradesh,Kowdipalle,94
Andhra Pradesh,Kowthalam,95
Andhra Pradesh,Koyyalagudem,96
Andhra Pradesh,Koyyuru,97
Andhra Pradesh,Krishnagiri,98
Andhra Pradesh,Krosuru,99
Andhra Pradesh,Kruthivennu,100
Andhra Pradesh,Kubeer,1
Andhra Pradesh,Kudair,2
Andhra Pradesh,Kukunoor,3
Andhra Pradesh,Kulcharam,4
Andhra Pradesh,Kulkacharla,5
Andhra Pradesh,Kunavaram,6
Andhra Pradesh,Kundurpi,7
Andhra Pradesh,Kuntala,8
Andhra Pradesh,Kuppam,9
Andhra Pradesh,Kurabalakota,10
Andhra Pradesh,Kuravi,11
Andhra Pradesh,Kurichedu,12
Andhra Pradesh,Kurnool,13
Andhra Pradesh,Kurupam,14
Andhra Pradesh,Kusumanchi,15
Andhra Pradesh,Lakkavarapukota,16
Andhra Pradesh,Lakkireddipalle,17
Andhra Pradesh,Lakshminarsupeta,18
Andhra Pradesh,Laveru,19
Andhra Pradesh,Laxmanchanda,20
Andhra Pradesh,Lepakshi,21
Andhra Pradesh,Lingal,22
Andhra Pradesh,Lingala,23
Andhra Pradesh,Lingalaghanpur,24
Andhra Pradesh,Lingampet,25
Andhra Pradesh,Lingapalem,26
Andhra Pradesh,Lingasamudram,27
Andhra Pradesh,Lokeswaram,28
Andhra Pradesh,Luxettipet,29
Andhra Pradesh,M.turkapalle,30
Andhra Pradesh,Machareddy,31
Andhra Pradesh,Machavaram,32
Andhra Pradesh,Macherla,33
Andhra Pradesh,Machilipatnam,34
Andhra Pradesh,Madakasira,35
Andhra Pradesh,Madanapalle,36
Andhra Pradesh,Maddikera (east),37
Andhra Pradesh,Maddipadu,38
Andhra Pradesh,Maddur,39
Andhra Pradesh,Madgul,40
Andhra Pradesh,Madhira,41
Andhra Pradesh,Madnoor,42
Andhra Pradesh,Madugula,43
Andhra Pradesh,Maganoor,44
Andhra Pradesh,Mahabubabad,45
Andhra Pradesh,Mahadevpur,46
Andhra Pradesh,Mahanandi,47
Andhra Pradesh,Mahbubnagar,48
Andhra Pradesh,Maheswaram,49
Andhra Pradesh,Makavarapalem,50
Andhra Pradesh,Makkuva,51
Andhra Pradesh,Makloor,52
Andhra Pradesh,Makthal,53
Andhra Pradesh,Maldakal,54
Andhra Pradesh,Malharrao,55
Andhra Pradesh,Malikipuram,56
Andhra Pradesh,Malkajgiri,57
Andhra Pradesh,Mallapur,58
Andhra Pradesh,Mallial,59
Andhra Pradesh,Mamda,60
Andhra Pradesh,Mamidikuduru,61
Andhra Pradesh,Manakondur,62
Andhra Pradesh,Manchal,63
Andhra Pradesh,Mancherial,64
Andhra Pradesh,Mandamarri,65
Andhra Pradesh,Mandapeta,66
Andhra Pradesh,Mandasa,67
Andhra Pradesh,Mandavalli,68
Andhra Pradesh,Mangalagiri,69
Andhra Pradesh,Mangapet,70
Andhra Pradesh,Manoor,71
Andhra Pradesh,Manopad,72
Andhra Pradesh,Manthani,73
Andhra Pradesh,Mantralayam,74
Andhra Pradesh,Manubolu,75
Andhra Pradesh,Manuguru,76
Andhra Pradesh,Maredpalle,77
Andhra Pradesh,Maredumilli,78
Andhra Pradesh,Maripeda,79
Andhra Pradesh,Markapur,80
Andhra Pradesh,Marpalle,81
Andhra Pradesh,Marriguda,82
Andhra Pradesh,Marripadu,83
Andhra Pradesh,Marripudi,84
Andhra Pradesh,Martur,85
Andhra Pradesh,Mattam Palle,86
Andhra Pradesh,Medak,87
Andhra Pradesh,Medchal,88
Andhra Pradesh,Medikonduru,89
Andhra Pradesh,Medipalle,90
Andhra Pradesh,Meliaputti,91
Andhra Pradesh,Mella Cheruvu,92
Andhra Pradesh,Mentada,93
Andhra Pradesh,Merakamudidam,94
Andhra Pradesh,Metpalle,95
Andhra Pradesh,Midjil,96
Andhra Pradesh,Midthur,97
Andhra Pradesh,Mirdoddi,98
Andhra Pradesh,Miryalaguda,99
Andhra Pradesh,Mogalthur,100
Andhra Pradesh,Mogullapalle,1
Andhra Pradesh,Moinabad,2
Andhra Pradesh,Mominpet,3
Andhra Pradesh,Mopidevi,4
Andhra Pradesh,Mortad,5
Andhra Pradesh,Mothey,6
Andhra Pradesh,Mothkur,7
Andhra Pradesh,Movva,8
Andhra Pradesh,Muddanur,9
Andhra Pradesh,Mudhole,10
Andhra Pradesh,Mudigonda,11
Andhra Pradesh,Mudigubba,12
Andhra Pradesh,Mudinepalle,13
Andhra Pradesh,Mulakalacheruvu,14
Andhra Pradesh,Mulkalapalle,15
Andhra Pradesh,Mulug,16
Andhra Pradesh,Mummidivaram,17
Andhra Pradesh,Munagala,18
Andhra Pradesh,Munagapaka,19
Andhra Pradesh,Munchingi Puttu,20
Andhra Pradesh,Mundlamuru,21
Andhra Pradesh,Munpalle,22
Andhra Pradesh,Munugode,23
Andhra Pradesh,Muppalla,24
Andhra Pradesh,Musheerabad,25
Andhra Pradesh,Mustabad,26
Andhra Pradesh,Musunuru,27
Andhra Pradesh,Mutharam (mahadevpur),28
Andhra Pradesh,Mutharam (manthani),29
Andhra Pradesh,Muthukur,30
Andhra Pradesh,Mylavaram,31
Andhra Pradesh,Nadendla,32
Andhra Pradesh,Nadigudem,33
Andhra Pradesh,Nagalapuram,34
Andhra Pradesh,Nagaram,35
Andhra Pradesh,Nagareddipet,36
Andhra Pradesh,Nagari,37
Andhra Pradesh,Nagarkurnool,38
Andhra Pradesh,Nagayalanka,39
Andhra Pradesh,Naguluppala Padu,40
Andhra Pradesh,Naidupet,41
Andhra Pradesh,Nakkapalle,42
Andhra Pradesh,Nakrekal,43
Andhra Pradesh,Nalgonda,44
Andhra Pradesh,Nallabelly,45
Andhra Pradesh,Nallacheruvu,46
Andhra Pradesh,Nallajerla,47
Andhra Pradesh,Nallamada,48
Andhra Pradesh,Nambulipulikunta,49
Andhra Pradesh,Nampalle,50
Andhra Pradesh,Nampally,51
Andhra Pradesh,Nandalur,52
Andhra Pradesh,Nandavaram,53
Andhra Pradesh,Nandigam,54
Andhra Pradesh,Nandigama,55
Andhra Pradesh,Nandikotkur,56
Andhra Pradesh,Nandipet,57
Andhra Pradesh,Nandivada,58
Andhra Pradesh,Nandyal,59
Andhra Pradesh,Nangnoor,60
Andhra Pradesh,Narasannapeta,61
Andhra Pradesh,Narasapuram,62
Andhra Pradesh,Narasaraopet,63
Andhra Pradesh,Narayanapur,64
Andhra Pradesh,Narayanavanam,65
Andhra Pradesh,Narayankhed,66
Andhra Pradesh,Narayanpet,67
Andhra Pradesh,Narketpalle,68
Andhra Pradesh,Narmetta,69
Andhra Pradesh,Narnoor,70
Andhra Pradesh,Narpala,71
Andhra Pradesh,Narsampet,72
Andhra Pradesh,Narsapur,73
Andhra Pradesh,Narsimhulapet,74
Andhra Pradesh,Narsipatnam,75
Andhra Pradesh,Narva,76
Andhra Pradesh,Nathavaram,77
Andhra Pradesh,Navipet,78
Andhra Pradesh,Nawabpet,79
Andhra Pradesh,Nekarikallu,80
Andhra Pradesh,Nekkonda,81
Andhra Pradesh,Nelakondapalle,82
Andhra Pradesh,Nellikudur,83
Andhra Pradesh,Nellimarla,84
Andhra Pradesh,Nellore,85
Andhra Pradesh,Nennal,86
Andhra Pradesh,Neradigonda,87
Andhra Pradesh,Neredcherla,88
Andhra Pradesh,Nidadavole,89
Andhra Pradesh,Nidamanur,90
Andhra Pradesh,Nidamarru,91
Andhra Pradesh,Nimmanapalle,92
Andhra Pradesh,Nindra,93
Andhra Pradesh,Nirmal,94
Andhra Pradesh,Nizamabad,95
Andhra Pradesh,Nizampatnam,96
Andhra Pradesh,Nizamsagar,97
Andhra Pradesh,Nuthankal,98
Andhra Pradesh,Nuzendla,99
Andhra Pradesh,Nuzvid,100
Andhra Pradesh,Nyalkal,1
Andhra Pradesh,Obuladevaracheruvu,2
Andhra Pradesh,Obulavaripalle,3
Andhra Pradesh,Odela,4
Andhra Pradesh,Ojili,5
Andhra Pradesh,Ongole,6
Andhra Pradesh,Orvakal,7
Andhra Pradesh,Owk,8
Andhra Pradesh,P.gannavaram,9
Andhra Pradesh,Pachipenta,10
Andhra Pradesh,Paderu,11
Andhra Pradesh,Padmanabham,12
Andhra Pradesh,Pagidyala,13
Andhra Pradesh,Pakala,14
Andhra Pradesh,Palacoderu,15
Andhra Pradesh,Palacole,16
Andhra Pradesh,Palakonda,17
Andhra Pradesh,Palakurthi,18
Andhra Pradesh,Palamaner,19
Andhra Pradesh,Palasa,20
Andhra Pradesh,Palasamudram,21
Andhra Pradesh,Palwancha,22
Andhra Pradesh,Pamarru,23
Andhra Pradesh,Pamidi,24
Andhra Pradesh,Pamidimukkala,25
Andhra Pradesh,Pamulapadu,26
Andhra Pradesh,Pamur,27
Andhra Pradesh,Pangal,28
Andhra Pradesh,Panyam,29
Andhra Pradesh,Papannapet,30
Andhra Pradesh,Paravada,31
Andhra Pradesh,Parchur,32
Andhra Pradesh,Pargi,33
Andhra Pradesh,Parigi,34
Andhra Pradesh,Parkal,35
Andhra Pradesh,Parvathagiri,36
Andhra Pradesh,Parvathipuram,37
Andhra Pradesh,Patancheru,38
Andhra Pradesh,Pathapatnam,39
Andhra Pradesh,Pattikonda,40
Andhra Pradesh,Payakaraopeta,41
Andhra Pradesh,Peapally,42
Andhra Pradesh,Pebbair,43
Andhra Pradesh,Peda Araveedu,44
Andhra Pradesh,Peda Bayalu,45
Andhra Pradesh,Pedacherlo Palle,46
Andhra Pradesh,Pedagantyada,47
Andhra Pradesh,Pedakakani,48
Andhra Pradesh,Pedakurapadu,49
Andhra Pradesh,Pedana,50
Andhra Pradesh,Pedanandipadu,51
Andhra Pradesh,Pedapadu,52
Andhra Pradesh,Pedaparupudi,53
Andhra Pradesh,Pedapudi,54
Andhra Pradesh,Pedavegi,55
Andhra Pradesh,Pedda Adiserla Palle,56
Andhra Pradesh,Pedda Kadubur,57
Andhra Pradesh,Pedda Thippasamudram,58
Andhra Pradesh,Peddakothapalle,59
Andhra Pradesh,Peddamandadi,60
Andhra Pradesh,Peddamandyam,61
Andhra Pradesh,Peddamudium,62
Andhra Pradesh,Peddapalle,63
Andhra Pradesh,Peddapanjani,64
Andhra Pradesh,Peddapappur,65
Andhra Pradesh,Peddapuram,66
Andhra Pradesh,Peddavadugur,67
Andhra Pradesh,Peddavoora,68
Andhra Pradesh,Peddemul,69
Andhra Pradesh,Pegadapalle,70
Andhra Pradesh,Pellakur,71
Andhra Pradesh,Penagalur,72
Andhra Pradesh,Penamaluru,73
Andhra Pradesh,Pendlimarri,74
Andhra Pradesh,Pendurthi,75
Andhra Pradesh,Penpahad,76
Andhra Pradesh,Pentapadu,77
Andhra Pradesh,Penuballi,78
Andhra Pradesh,Penuganchiprolu,79
Andhra Pradesh,Penugonda,80
Andhra Pradesh,Penukonda,81
Andhra Pradesh,Penumantra,82
Andhra Pradesh,Penumuru,83
Andhra Pradesh,Peravali,84
Andhra Pradesh,Phirangipuram,85
Andhra Pradesh,Pichatur,86
Andhra Pradesh,Piduguralla,87
Andhra Pradesh,Pileru,88
Andhra Pradesh,Pinapaka,89
Andhra Pradesh,Pithapuram,90
Andhra Pradesh,Pitlam,91
Andhra Pradesh,Pittalavanipalem,92
Andhra Pradesh,Pochampalle,93
Andhra Pradesh,Podalakur,94
Andhra Pradesh,Podili,95
Andhra Pradesh,Poduru,96
Andhra Pradesh,Polaki,97
Andhra Pradesh,Polavaram,98
Andhra Pradesh,Ponduru,99
Andhra Pradesh,Ponnaluru,100
Andhra Pradesh,Ponnur,1
Andhra Pradesh,Porumamilla,2
Andhra Pradesh,Prathipadu,3
Andhra Pradesh,Proddatur,4
Andhra Pradesh,Pudur,5
Andhra Pradesh,Pulicherla,6
Andhra Pradesh,Pulivendla,7
Andhra Pradesh,Pulkal,8
Andhra Pradesh,Pullalacheruvu,9
Andhra Pradesh,Pullampeta,10
Andhra Pradesh,Punganur,11
Andhra Pradesh,Pusapatirega,12
Andhra Pradesh,Puthalapattu,13
Andhra Pradesh,Putlur,14
Andhra Pradesh,Puttaparthi,15
Andhra Pradesh,Puttur,16
Andhra Pradesh,Qutubullapur,17
Andhra Pradesh,Racherla,18
Andhra Pradesh,Raghunathpalle,19
Andhra Pradesh,Raikal,20
Andhra Pradesh,Raikode,21
Andhra Pradesh,Raiparthy,22
Andhra Pradesh,Rajahmundry (urban),23
Andhra Pradesh,Rajahmundry Rural,24
Andhra Pradesh,Rajam,25
Andhra Pradesh,Rajampet,26
Andhra Pradesh,Rajanagaram,27
Andhra Pradesh,Rajapet,28
Andhra Pradesh,Rajavommangi,29
Andhra Pradesh,Rajendranagar,30
Andhra Pradesh,Rajupalem,31
Andhra Pradesh,Ramabhadrapuram,32
Andhra Pradesh,Ramachandrapuram,33
Andhra Pradesh,Ramadugu,34
Andhra Pradesh,Ramagiri,35
Andhra Pradesh,Ramagundam,36
Andhra Pradesh,Ramakuppam,37
Andhra Pradesh,Ramannapeta,38
Andhra Pradesh,Ramapuram,39
Andhra Pradesh,Ramasamudram,40
Andhra Pradesh,Ramayampet,41
Andhra Pradesh,Rambilli,42
Andhra Pradesh,Rampachodavaram,43
Andhra Pradesh,Ranastalam,44
Andhra Pradesh,Rangampeta,45
Andhra Pradesh,Ranjal,46
Andhra Pradesh,Raptadu,47
Andhra Pradesh,Rapur,48
Andhra Pradesh,Ravikamatham,49
Andhra Pradesh,Ravulapalem,50
Andhra Pradesh,Rayachoti,51
Andhra Pradesh,Rayadurg,52
Andhra Pradesh,Rayavaram,53
Andhra Pradesh,Razole,54
Andhra Pradesh,Rebbana,55
Andhra Pradesh,Reddigudem,56
Andhra Pradesh,Regidi Amadalavalasa,57
Andhra Pradesh,Regode,58
Andhra Pradesh,Regonda,59
Andhra Pradesh,Renigunta,60
Andhra Pradesh,Rentachintala,61
Andhra Pradesh,Repalle,62
Andhra Pradesh,Roddam,63
Andhra Pradesh,Rolla,64
Andhra Pradesh,Rolugunta,65
Andhra Pradesh,Rompicherla,66
Andhra Pradesh,Rowthulapudi,67
Andhra Pradesh,Rudravaram,68
Andhra Pradesh,S.mydukur,69
Andhra Pradesh,S.rayavaram,70
Andhra Pradesh,Sabbavaram,71
Andhra Pradesh,Sadasivanagar,72
Andhra Pradesh,Sadasivpet,73
Andhra Pradesh,Saidabad,74
Andhra Pradesh,Saidapur,75
Andhra Pradesh,Sakhinetipalle,76
Andhra Pradesh,Sali Gouraram,77
Andhra Pradesh,Salur,78
Andhra Pradesh,Samalkota,79
Andhra Pradesh,Sambepalle,80
Andhra Pradesh,Sangam,81
Andhra Pradesh,Sangareddy,82
Andhra Pradesh,Sanjamala,83
Andhra Pradesh,Sankhavaram,84
Andhra Pradesh,Santhabommali,85
Andhra Pradesh,Santhakaviti,86
Andhra Pradesh,Santhamaguluru,87
Andhra Pradesh,Santhanuthala Padu,88
Andhra Pradesh,Santhipuram,89
Andhra Pradesh,Sarangapur,90
Andhra Pradesh,Saravakota,91
Andhra Pradesh,Saroornagar,92
Andhra Pradesh,Sarubujjili,93
Andhra Pradesh,Sathupalle,94
Andhra Pradesh,Sattenapalle,95
Andhra Pradesh,Satyavedu,96
Andhra Pradesh,Savalyapuram H/o Kanamarlapudi,97
Andhra Pradesh,Secunderabad,98
Andhra Pradesh,Seethampeta,99
Andhra Pradesh,Seethanagaram,100
Andhra Pradesh,Seetharamapuram,1
Andhra Pradesh,Serilingampally,2
Andhra Pradesh,Settur,3
Andhra Pradesh,Shabad,4
Andhra Pradesh,Shaikpet,5
Andhra Pradesh,Shamirpet,6
Andhra Pradesh,Shamshabad,7
Andhra Pradesh,Shankarampet (a),8
Andhra Pradesh,Shankarampet (r),9
Andhra Pradesh,Shankarapatnam,10
Andhra Pradesh,Shankarpalle,11
Andhra Pradesh,Shayampet,12
Andhra Pradesh,Shivampet,13
Andhra Pradesh,Siddipet,14
Andhra Pradesh,Sidhout,15
Andhra Pradesh,Simhadripuram,16
Andhra Pradesh,Singanamala,17
Andhra Pradesh,Singarayakonda,18
Andhra Pradesh,Singareni,19
Andhra Pradesh,Sircilla,20
Andhra Pradesh,Sirkonda,21
Andhra Pradesh,Sirpur,22
Andhra Pradesh,Sirpur (t),23
Andhra Pradesh,Sirvel,24
Andhra Pradesh,Sodam,25
Andhra Pradesh,Somala,26
Andhra Pradesh,Somandepalle,27
Andhra Pradesh,Sompeta,28
Andhra Pradesh,Sri Avadhutha Kasinayana,29
Andhra Pradesh,Srikakulam,30
Andhra Pradesh,Srikalahasti,31
Andhra Pradesh,Srirampur,32
Andhra Pradesh,Srirangarajapuram,33
Andhra Pradesh,Srisailam,34
Andhra Pradesh,Srungavarapukota,35
Andhra Pradesh,Sullurpeta,36
Andhra Pradesh,Sultanabad,37
Andhra Pradesh,Suryapet,38
Andhra Pradesh,Sydapuram,39
Andhra Pradesh,T Sundupalle,40
Andhra Pradesh,T.narasapuram,41
Andhra Pradesh,Tada,42
Andhra Pradesh,Tadepalle,43
Andhra Pradesh,Tadepalligudem,44
Andhra Pradesh,Tadikonda,45
Andhra Pradesh,Tadimarri,46
Andhra Pradesh,Tadoor,47
Andhra Pradesh,Tadpatri,48
Andhra Pradesh,Tadvai,49
Andhra Pradesh,Tadwai,50
Andhra Pradesh,Talakondapalle,51
Andhra Pradesh,Talamadugu,52
Andhra Pradesh,Tallada,53
Andhra Pradesh,Tallapudi,54
Andhra Pradesh,Talupula,55
Andhra Pradesh,Tamsi,56
Andhra Pradesh,Tanakal,57
Andhra Pradesh,Tandur,58
Andhra Pradesh,Tangutur,59
Andhra Pradesh,Tanoor,60
Andhra Pradesh,Tanuku,61
Andhra Pradesh,Tarlupadu,62
Andhra Pradesh,Tekkali,63
Andhra Pradesh,Tekmal,64
Andhra Pradesh,Tekulapalle,65
Andhra Pradesh,Telkapalle,66
Andhra Pradesh,Tenali,67
Andhra Pradesh,Thallarevu,68
Andhra Pradesh,Thallur,69
Andhra Pradesh,Thamballapalle,70
Andhra Pradesh,Thavanampalle,71
Andhra Pradesh,Therlam,72
Andhra Pradesh,Thimmajipet,73
Andhra Pradesh,Thipparthi,74
Andhra Pradesh,Thirumalayapalem,75
Andhra Pradesh,Thirumalgiri,76
Andhra Pradesh,Thoguta,77
Andhra Pradesh,Thondangi,78
Andhra Pradesh,Thondur,79
Andhra Pradesh,Thorrur,80
Andhra Pradesh,Thotapalligudur,81
Andhra Pradesh,Thotlavalluru,82
Andhra Pradesh,Thottambedu,83
Andhra Pradesh,Thripuraram,84
Andhra Pradesh,Thullur,85
Andhra Pradesh,Thungathurthi,86
Andhra Pradesh,Timmapur (lmd Colony),87
Andhra Pradesh,Tirumalagiri,88
Andhra Pradesh,Tirupati (rural),89
Andhra Pradesh,Tirupati (urban),90
Andhra Pradesh,Tiruvuru,91
Andhra Pradesh,Tiryani,92
Andhra Pradesh,Tripuranthakam,93
Andhra Pradesh,Tsundur,94
Andhra Pradesh,Tuggali,95
Andhra Pradesh,Tuni,96
Andhra Pradesh,Tupran,97
Andhra Pradesh,Udayagiri,98
Andhra Pradesh,Ulavapadu,99
Andhra Pradesh,Undi,100
Andhra Pradesh,Undrajavaram,1
Andhra Pradesh,Unguturu,2
Andhra Pradesh,Uppal,3
Andhra Pradesh,Uppalaguptam,4
Andhra Pradesh,Uppununthala,5
Andhra Pradesh,Uravakonda,6
Andhra Pradesh,Utkoor,7
Andhra Pradesh,Utnoor,8
Andhra Pradesh,Uyyalawada,9
Andhra Pradesh,Vadamalapeta,10
Andhra Pradesh,Vajrakarur,11
Andhra Pradesh,Vajrapukothuru,12
Andhra Pradesh,Vakadu,13
Andhra Pradesh,Valigonda,14
Andhra Pradesh,Vallur,15
Andhra Pradesh,Valmikipuram,16
Andhra Pradesh,Vangara,17
Andhra Pradesh,Vangoor,18
Andhra Pradesh,Varadaiahpalem,19
Andhra Pradesh,Vararamachandrapuram,20
Andhra Pradesh,Varikuntapadu,21
Andhra Pradesh,Varni,22
Andhra Pradesh,Vatsavai,23
Andhra Pradesh,Vatticherukuru,24
Andhra Pradesh,Vedurukuppam,25
Andhra Pradesh,Veenavanka,26
Andhra Pradesh,Veepangandla,27
Andhra Pradesh,Veeraballe,28
Andhra Pradesh,Veeraghattam,29
Andhra Pradesh,Veerapunayunipalle,30
Andhra Pradesh,Veeravasaram,31
Andhra Pradesh,Veerullapadu,32
Andhra Pradesh,Velairpadu,33
Andhra Pradesh,Veldanda,34
Andhra Pradesh,Veldurthi,35
Andhra Pradesh,Velgatoor,36
Andhra Pradesh,Velgode,37
Andhra Pradesh,Veligandla,38
Andhra Pradesh,Velpur,39
Andhra Pradesh,Vemanpalle,40
Andhra Pradesh,Vempalle,41
Andhra Pradesh,Vemsoor,42
Andhra Pradesh,Vemula,43
Andhra Pradesh,Vemulapalle,44
Andhra Pradesh,Vemulawada,45
Andhra Pradesh,Vemuru,46
Andhra Pradesh,Venkatachalam,47
Andhra Pradesh,Venkatagiri,48
Andhra Pradesh,Venkatagirikota,49
Andhra Pradesh,Venkatapur,50
Andhra Pradesh,Venkatapuram,51
Andhra Pradesh,Vepada,52
Andhra Pradesh,Vetapalem,53
Andhra Pradesh,Vicarabad,54
Andhra Pradesh,Vidapanakal,55
Andhra Pradesh,Vidavalur,56
Andhra Pradesh,Vijayapuram,57
Andhra Pradesh,Vijayawada (rural),58
Andhra Pradesh,Vijayawada (urban),59
Andhra Pradesh,Vinjamur,60
Andhra Pradesh,Vinukonda,61
Andhra Pradesh,Visakhapatnam (rural),62
Andhra Pradesh,Visakhapatnam (urban),63
Andhra Pradesh,Vissannapet,64
Andhra Pradesh,Vizianagaram,65
Andhra Pradesh,Voletivaripalem,66
Andhra Pradesh,Vontimitta,67
Andhra Pradesh,Vuyyuru,68
Andhra Pradesh,Waddepalle,69
Andhra Pradesh,Wanaparthy,70
Andhra Pradesh,Wankdi,71
Andhra Pradesh,Warangal,72
Andhra Pradesh,Wardhannapet,73
Andhra Pradesh,Wargal,74
Andhra Pradesh,Wazeed,75
Andhra Pradesh,Wyra,76
Andhra Pradesh,Y. Ramavaram,77
Andhra Pradesh,Yacharam,78
Andhra Pradesh,Yadagirigutta,79
Andhra Pradesh,Yadamarri,80
Andhra Pradesh,Yadiki,81
Andhra Pradesh,Yeddana Pudi,82
Andhra Pradesh,Yedpalle,83
Andhra Pradesh,Yelal,84
Andhra Pradesh,Yelamanchili,85
Andhra Pradesh,Yeldurthy,86
Andhra Pradesh,Yeleswaram,87
Andhra Pradesh,Yellandu,88
Andhra Pradesh,Yellanur,89
Andhra Pradesh,Yellareddipet,90
Andhra Pradesh,Yellareddy,91
Andhra Pradesh,Yemmiganur,92
Andhra Pradesh,Yerpedu,93
Andhra Pradesh,Yerragondapalem,94
Andhra Pradesh,Yerraguntla,95
Andhra Pradesh,Yerravaripalem,96
Andhra Pradesh,Yerrupalem,97
Andhra Pradesh,Zaffergadh,98
Andhra Pradesh,Zahirabad,99
Andhra Pradesh,Zarugumilli,100
Arunachal Pradesh,Aalo,1
Arunachal Pradesh,Anelih,2
Arunachal Pradesh,Anini,3
Arunachal Pradesh,Bagra,4
Arunachal Pradesh,Balemu,5
Arunachal Pradesh,Balijan,6
Arunachal Pradesh,Bameng,7
Arunachal Pradesh,Banderdawa,8
Arunachal Pradesh,Baririjo,9
Arunachal Pradesh,Basar,10
Arunachal Pradesh,Bhalukpong,11
Arunachal Pradesh,Bilat,12
Arunachal Pradesh,Boleng,13
Arunachal Pradesh,Bomdila,14
Arunachal Pradesh,Bongkhar,15
Arunachal Pradesh,Bordumsa,16
Arunachal Pradesh,Chaglagam,17
Arunachal Pradesh,Chambang,18
Arunachal Pradesh,Changlang,19
Arunachal Pradesh,Chayangtajo,20
Arunachal Pradesh,Chetam (peer Yapu),21
Arunachal Pradesh,Chongkham,22
Arunachal Pradesh,Dadam,23
Arunachal Pradesh,Dambuk,24
Arunachal Pradesh,Damin,25
Arunachal Pradesh,Daporijo,26
Arunachal Pradesh,Darak,27
Arunachal Pradesh,Daring,28
Arunachal Pradesh,Desali,29
Arunachal Pradesh,Dirang,30
Arunachal Pradesh,Dissing-passo,31
Arunachal Pradesh,Diyun,32
Arunachal Pradesh,Doimukh,33
Arunachal Pradesh,Dollungmukh,34
Arunachal Pradesh,Dudunghar,35
Arunachal Pradesh,Dumporijo,36
Arunachal Pradesh,Etalin,37
Arunachal Pradesh,Gangte,38
Arunachal Pradesh,Geku,39
Arunachal Pradesh,Gelling,40
Arunachal Pradesh,Gensi,41
Arunachal Pradesh,Giba,42
Arunachal Pradesh,Gite-ripa,43
Arunachal Pradesh,Goiliang,44
Arunachal Pradesh,Gumto,45
Arunachal Pradesh,Gussar,46
Arunachal Pradesh,Gyawe Purang,47
Arunachal Pradesh,Hawai,48
Arunachal Pradesh,Hayuliang,49
Arunachal Pradesh,Hunli,50
Arunachal Pradesh,Itanagar,51
Arunachal Pradesh,Jairampur,52
Arunachal Pradesh,Jamiri,53
Arunachal Pradesh,Jang,54
Arunachal Pradesh,Jengging,55
Arunachal Pradesh,Jomlo Mobuk,56
Arunachal Pradesh,Kakoi,57
Arunachal Pradesh,Kalaktang,58
Arunachal Pradesh,Kamba,59
Arunachal Pradesh,Kamengbari-doimara,60
Arunachal Pradesh,Kamporijo,61
Arunachal Pradesh,Kangku,62
Arunachal Pradesh,Kanubari,63
Arunachal Pradesh,Katan,64
Arunachal Pradesh,Kaying,65
Arunachal Pradesh,Kebang,66
Arunachal Pradesh,Kharsang,67
Arunachal Pradesh,Khenewa,68
Arunachal Pradesh,Khimiyong,69
Arunachal Pradesh,Khonsa,70
Arunachal Pradesh,Kibithoo,71
Arunachal Pradesh,Kimin,72
Arunachal Pradesh,Kitpi Circle,73
Arunachal Pradesh,Koloriang,74
Arunachal Pradesh,Kora,75
Arunachal Pradesh,Koronu,76
Arunachal Pradesh,Koyu,77
Arunachal Pradesh,Kronli (arzoo Circle),78
Arunachal Pradesh,Lada,79
Arunachal Pradesh,Laju,80
Arunachal Pradesh,Lathao,81
Arunachal Pradesh,Lawnu,82
Arunachal Pradesh,Lekang (mahadevpur),83
Arunachal Pradesh,Leporiang,84
Arunachal Pradesh,Lhou,85
Arunachal Pradesh,Likabali,86
Arunachal Pradesh,Limeking,87
Arunachal Pradesh,Liromoba,88
Arunachal Pradesh,Longding,89
Arunachal Pradesh,Longding Koling (pipsorang),90
Arunachal Pradesh,Lumla,91
Arunachal Pradesh,Lyngok-longtoi,92
Arunachal Pradesh,Manchal,93
Arunachal Pradesh,Manmao,94
Arunachal Pradesh,Mariyang,95
Arunachal Pradesh,Maro,96
Arunachal Pradesh,Mebo,97
Arunachal Pradesh,Mechuka,98
Arunachal Pradesh,Mengio,99
Arunachal Pradesh,Metengliang,100
Arunachal Pradesh,Miao,1
Arunachal Pradesh,Migging,2
Arunachal Pradesh,Mipi,3
Arunachal Pradesh,Monigong,4
Arunachal Pradesh,Mopom ( Adipasi ),5
Arunachal Pradesh,Mukto Circle,6
Arunachal Pradesh,Nacho,7
Arunachal Pradesh,Nafra,8
Arunachal Pradesh,Naharlagun,9
Arunachal Pradesh,Nampong,10
Arunachal Pradesh,Namsai,11
Arunachal Pradesh,Namsang,12
Arunachal Pradesh,Namsing,13
Arunachal Pradesh,Namtok,14
Arunachal Pradesh,Nari,15
Arunachal Pradesh,New Seren,16
Arunachal Pradesh,Nyapin,17
Arunachal Pradesh,Old Ziro,18
Arunachal Pradesh,Pakke-kessang,19
Arunachal Pradesh,Palin,20
Arunachal Pradesh,Palling,21
Arunachal Pradesh,Pangchao,22
Arunachal Pradesh,Pangin,23
Arunachal Pradesh,Parang,24
Arunachal Pradesh,Parsi-parlo,25
Arunachal Pradesh,Pasighat,26
Arunachal Pradesh,Payeng,27
Arunachal Pradesh,Payum,28
Arunachal Pradesh,Phassang,29
Arunachal Pradesh,Pidi,30
Arunachal Pradesh,Pipu-dipu,31
Arunachal Pradesh,Pistana,32
Arunachal Pradesh,Piyong,33
Arunachal Pradesh,Pizirang(veo),34
Arunachal Pradesh,Puchi Geko,35
Arunachal Pradesh,Pumao,36
Arunachal Pradesh,Raga,37
Arunachal Pradesh,Rebo-perging,38
Arunachal Pradesh,Renuk,39
Arunachal Pradesh,Richukrong,40
Arunachal Pradesh,Riga,41
Arunachal Pradesh,Roing,42
Arunachal Pradesh,Ruksin,43
Arunachal Pradesh,Rumgong,44
Arunachal Pradesh,Rupa,45
Arunachal Pradesh,Sagalee,46
Arunachal Pradesh,Sangdupota (besar Nello),47
Arunachal Pradesh,Sangram,48
Arunachal Pradesh,Sarli,49
Arunachal Pradesh,Sawa,50
Arunachal Pradesh,Seijosa,51
Arunachal Pradesh,Seppa,52
Arunachal Pradesh,Shergaon,53
Arunachal Pradesh,Sibe,54
Arunachal Pradesh,Sille-oyan,55
Arunachal Pradesh,Singa,56
Arunachal Pradesh,Singchung,57
Arunachal Pradesh,Siyum,58
Arunachal Pradesh,Soha,59
Arunachal Pradesh,Sunpura,60
Arunachal Pradesh,Taksing,61
Arunachal Pradesh,Tali,62
Arunachal Pradesh,Taliha,63
Arunachal Pradesh,Tarak-lengdi,64
Arunachal Pradesh,Taraso,65
Arunachal Pradesh,Tato,66
Arunachal Pradesh,Tawang Circle,67
Arunachal Pradesh,Tezu,68
Arunachal Pradesh,Thembang,69
Arunachal Pradesh,Thingbu,70
Arunachal Pradesh,Thrizino,71
Arunachal Pradesh,Tikhak Rima Putok,72
Arunachal Pradesh,Tinali ( Paglam ),73
Arunachal Pradesh,Tirbin,74
Arunachal Pradesh,Toru,75
Arunachal Pradesh,Tuting,76
Arunachal Pradesh,Vijoynagar,77
Arunachal Pradesh,Wakka,78
Arunachal Pradesh,Wakro,79
Arunachal Pradesh,Walong,80
Arunachal Pradesh,Yachuli,81
Arunachal Pradesh,Yangte,82
Arunachal Pradesh,Yatdam,83
Arunachal Pradesh,Yazali,84
Arunachal Pradesh,Yingkiong,85
Arunachal Pradesh,Yomcha,86
Arunachal Pradesh,Zemithang,87
Arunachal Pradesh,Ziro (sadar),88
Assam,Agamoni,89
Assam,Algapur,90
Assam,Amguri,91
Assam,Azara,92
Assam,Badarpur,93
Assam,Baganpara (pt),94
Assam,Baghbor,95
Assam,Bagribari (pt),96
Assam,Bajali (pt),97
Assam,Balijana,98
Assam,Banekuchi,99
Assam,Barama (pt),100
Assam,Barbhag,1
Assam,Barkhetri,2
Assam,Barnagar (pt),3
Assam,Barpeta,4
Assam,Baska,5
Assam,Bengtol,6
Assam,Bhowraguri,7
Assam,Bhuragaon,8
Assam,Bihpuria,9
Assam,Bijni (pt),10
Assam,Bilasipara (pt),11
Assam,Biswanath,12
Assam,Boitamari,13
Assam,Bokakhat,14
Assam,Boko,15
Assam,Bongaigaon (pt),16
Assam,Chabua,17
Assam,Chamaria,18
Assam,Chandrapur,19
Assam,Chapar (pt),20
Assam,Chariduar,21
Assam,Chenga,22
Assam,Chhaygaon,23
Assam,Dalgaon (pt),24
Assam,Dergaon,25
Assam,Dhakuakhana (pt),26
Assam,Dhekiajuli (pt),27
Assam,Dhemaji,28
Assam,Dhing,29
Assam,Dhubri (pt),30
Assam,Dibrugarh East,31
Assam,Dibrugarh West,32
Assam,Dimow,33
Assam,Diphu,34
Assam,Dispur,35
Assam,Doboka,36
Assam,Donka,37
Assam,Doom Dooma,38
Assam,Dotoma,39
Assam,Dudhnai,40
Assam,Ghograpar (pt),41
Assam,Gogamukh,42
Assam,Gohpur,43
Assam,Golaghat,44
Assam,Golokganj (pt),45
Assam,Goreswar (pt),46
Assam,Goroimari,47
Assam,Gossaigaon (pt),48
Assam,Guwahati,49
Assam,Haflong,50
Assam,Hailakandi,51
Assam,Hajo,52
Assam,Harisinga,53
Assam,Helem,54
Assam,Hojai,55
Assam,Jalah (pt),56
Assam,Jonai,57
Assam,Jorhat East,58
Assam,Jorhat West,59
Assam,Kadam,60
Assam,Kalaigaon (pt),61
Assam,Kalgachia,62
Assam,Kaliabor,63
Assam,Kamalpur,64
Assam,Kampur,65
Assam,Karimganj,66
Assam,Katigora,67
Assam,Katlichara,68
Assam,Khoirabari (pt),69
Assam,Khumtai,70
Assam,Kokrajhar (pt),71
Assam,Koya,72
Assam,Laharighat,73
Assam,Lakhipur,74
Assam,Lala,75
Assam,Lanka,76
Assam,Mahmora,77
Assam,Mahur,78
Assam,Maibong,79
Assam,Majuli,80
Assam,Mangaldoi (pt),81
Assam,Mankachar,82
Assam,Margherita,83
Assam,Mariani,84
Assam,Marigaon,85
Assam,Matia,86
Assam,Mayong,87
Assam,Mazbat,88
Assam,Mikirbheta,89
Assam,Moran,90
Assam,Morangi,91
Assam,Na-duar,92
Assam,Nagaon,93
Assam,Nagarbera,94
Assam,Naharkatiya,95
Assam,Nalbari,96
Assam,Naobaicha,97
Assam,Narayanpur,98
Assam,Nazira,99
Assam,Nilambazar,100
Assam,North Guwahati (pt),1
Assam,North Lakhimpur,2
Assam,Pachim Nalbari,3
Assam,Palasbari,4
Assam,Patharkandi,5
Assam,Pathorighat (pt),6
Assam,Phuloni,7
Assam,Raha,8
Assam,Ramkrishna Nagar,9
Assam,Rangia (pt),10
Assam,Rangjuli,11
Assam,Rupahi,12
Assam,Sadiya,13
Assam,Samaguri,14
Assam,Sarthebari,15
Assam,Sarupathar,16
Assam,Sarupeta (pt),17
Assam,Sibsagar,18
Assam,Sidli (pt),19
Assam,Silchar,20
Assam,Silonijan,21
Assam,Sipajhar,22
Assam,Sissibargaon,23
Assam,Sonai,24
Assam,Sonapur,25
Assam,Sonari,26
Assam,South Salmara,27
Assam,Srijangram,28
Assam,Subansiri (pt),29
Assam,Tamulpur,30
Assam,Tengakhat,31
Assam,Teok,32
Assam,Tezpur,33
Assam,Tihu (pt),34
Assam,Tingkhong,35
Assam,Tinsukia,36
Assam,Titabor,37
Assam,Udalguri,38
Assam,Udarbond,39
Assam,Umrangso,40
Bihar,Adapur,41
Bihar,Adhaura,42
Bihar,Agiaon,43
Bihar,Akbarpur,44
Bihar,Akorhi Gola,45
Bihar,Alamnagar,46
Bihar,Alauli,47
Bihar,Alinagar,48
Bihar,Amarpur,49
Bihar,Amas,50
Bihar,Amdabad,51
Bihar,Amnour,52
Bihar,Amour,53
Bihar,Andar,54
Bihar,Andhratharhi,55
Bihar,Araria,56
Bihar,Areraj,57
Bihar,Ariari,58
Bihar,Arrah,59
Bihar,Arwal,60
Bihar,Asarganj,61
Bihar,Asthawan,62
Bihar,Athmalgola,63
Bihar,Atri,64
Bihar,Aurai,65
Bihar,Aurangabad,66
Bihar,Azamnagar,67
Bihar,Babubarhi,68
Bihar,Bachhwara,69
Bihar,Bagaha,70
Bihar,Bahadurganj,71
Bihar,Bahadurpur,72
Bihar,Baheri,73
Bihar,Baikunthpur,74
Bihar,Bairgania,75
Bihar,Bairia,76
Bihar,Baisa,77
Bihar,Baisi,78
Bihar,Bajpatti,79
Bihar,Bakhri,80
Bihar,Bakhtiarpur,81
Bihar,Balia,82
Bihar,Balrampur,83
Bihar,Bandra,84
Bihar,Baniapur,85
Bihar,Banjaria,86
Bihar,Banka,87
Bihar,Bankatwa,88
Bihar,Banke Bazar,89
Bihar,Banma Itahri,90
Bihar,Banmankhi,91
Bihar,Barachatti,92
Bihar,Barahat,93
Bihar,Barahiya,94
Bihar,Barari,95
Bihar,Barauli,96
Bihar,Barauni,97
Bihar,Barbigha,98
Bihar,Barh,99
Bihar,Barhampur,100
Bihar,Barhara,1
Bihar,Barharia,2
Bihar,Barhat,3
Bihar,Bariarpur,4
Bihar,Barsoi,5
Bihar,Barun,6
Bihar,Baruraj (motipur),7
Bihar,Basantpur,8
Bihar,Basopatti,9
Bihar,Bathnaha,10
Bihar,Bausi,11
Bihar,Begusarai,12
Bihar,Behea,13
Bihar,Belaganj,14
Bihar,Belchhi,15
Bihar,Beldaur,16
Bihar,Belhar,17
Bihar,Belsand,18
Bihar,Ben,19
Bihar,Benipatti,20
Bihar,Benipur,21
Bihar,Bettiah,22
Bihar,Bhabua,23
Bihar,Bhagwanpur,24
Bihar,Bhagwanpur Hat,25
Bihar,Bhargama,26
Bihar,Bhawanipur,27
Bihar,Bhitaha,28
Bihar,Bhorey,29
Bihar,Bibhutpur,30
Bihar,Bidupur,31
Bihar,Bihar,32
Bihar,Bihariganj,33
Bihar,Bihpur,34
Bihar,Bihta,35
Bihar,Bijaipur,36
Bihar,Bikram,37
Bihar,Bikramganj,38
Bihar,Bind,39
Bihar,Biraul,40
Bihar,Birpur,41
Bihar,Bisfi,42
Bihar,Bithan,43
Bihar,Bochaha,44
Bihar,Bodh Gaya,45
Bihar,Bokhara,46
Bihar,Buxar,47
Bihar,Chainpur,48
Bihar,Chakai,49
Bihar,Chakia(pipra),50
Bihar,Chakki,51
Bihar,Chanan,52
Bihar,Chand,53
Bihar,Chandi,54
Bihar,Chanpatia,55
Bihar,Chapra,56
Bihar,Charaut,57
Bihar,Charpokhari,58
Bihar,Chaugain,59
Bihar,Chausa,60
Bihar,Chautham,61
Bihar,Chehra Kalan,62
Bihar,Chenari,63
Bihar,Cheria Bariarpur,64
Bihar,Chewara,65
Bihar,Chhatapur,66
Bihar,Chhorahi,67
Bihar,Chiraia,68
Bihar,Colgong,69
Bihar,Dagarua,70
Bihar,Dalsinghsarai,71
Bihar,Dandari,72
Bihar,Dandkhora,73
Bihar,Daniawan,74
Bihar,Darauli,75
Bihar,Daraundha,76
Bihar,Darbhanga,77
Bihar,Dariapur,78
Bihar,Daudnagar,79
Bihar,Dawath,80
Bihar,Dehri,81
Bihar,Deo,82
Bihar,Desri,83
Bihar,Dhaka,84
Bihar,Dhamdaha,85
Bihar,Dhanarua,86
Bihar,Dharhara,87
Bihar,Dholi (moraul),88
Bihar,Dhuraiya,89
Bihar,Dighalbank,90
Bihar,Dighwara,91
Bihar,Dinapur-cum-khagaul,92
Bihar,Dinara,93
Bihar,Dobhi,94
Bihar,Dulhin Bazar,95
Bihar,Dumaria,96
Bihar,Dumra,97
Bihar,Dumraon,98
Bihar,Dumri Katsari,99
Bihar,Durgawati,100
Bihar,Ekangarsarai,1
Bihar,Ekma,2
Bihar,Falka,3
Bihar,Fatehpur,4
Bihar,Fatwah,5
Bihar,Forbesganj,6
Bihar,Gaighat,7
Bihar,Gamharia,8
Bihar,Garhani,9
Bihar,Garhpura,10
Bihar,Garkha,11
Bihar,Gaunaha,12
Bihar,Gaya Town C.d.block,13
Bihar,Ghailarh,14
Bihar,Ghanshyampur,15
Bihar,Ghat Kusumbha,16
Bihar,Ghoghardiha,17
Bihar,Ghorasahan,18
Bihar,Ghoshi,19
Bihar,Ghoswari,20
Bihar,Gidhaur,21
Bihar,Giriak,22
Bihar,Gobindpur,23
Bihar,Gogri,24
Bihar,Goh,25
Bihar,Gopalganj,26
Bihar,Gopalpur,27
Bihar,Gora Bauram,28
Bihar,Goradih,29
Bihar,Goraul,30
Bihar,Goriakothi,31
Bihar,Guraru,32
Bihar,Gurua,33
Bihar,Guthani,34
Bihar,Gwalpara,35
Bihar,Hajipur,36
Bihar,Halsi,37
Bihar,Hanumannagar,38
Bihar,Harlakhi,39
Bihar,Harnaut,40
Bihar,Harsidhi,41
Bihar,Hasanganj,42
Bihar,Hasanpur,43
Bihar,Hasanpura,44
Bihar,Haspura,45
Bihar,Hathua,46
Bihar,Hayaghat,47
Bihar,Hilsa,48
Bihar,Hisua,49
Bihar,Hulasganj,50
Bihar,Hussainganj,51
Bihar,Imamganj,52
Bihar,Ishupur,53
Bihar,Islamnagar Aliganj,54
Bihar,Islampur,55
Bihar,Ismailpur,56
Bihar,Itarhi,57
Bihar,Jagdishpur,58
Bihar,Jainagar,59
Bihar,Jalalgarh,60
Bihar,Jalalpur,61
Bihar,Jale,62
Bihar,Jamalpur,63
Bihar,Jamui,64
Bihar,Jandaha,65
Bihar,Jehanabad,66
Bihar,Jhajha,67
Bihar,Jhanjharpur,68
Bihar,Jogapatti,69
Bihar,Jokihat,70
Bihar,Kadwa,71
Bihar,Kahara,72
Bihar,Kako,73
Bihar,Kaler,74
Bihar,Kaluahi,75
Bihar,Kalyanpur,76
Bihar,Kanti,77
Bihar,Karai Parsurai,78
Bihar,Karakat,79
Bihar,Kargahar,80
Bihar,Karpi,81
Bihar,Kasba,82
Bihar,Kashi Chak,83
Bihar,Katihar,84
Bihar,Katiya,85
Bihar,Katoria,86
Bihar,Katra,87
Bihar,Katrisarai,88
Bihar,Kawakol,89
Bihar,Keotiranway,90
Bihar,Kesaria,91
Bihar,Kesath,92
Bihar,Khagaria,93
Bihar,Khaira,94
Bihar,Khajauli,95
Bihar,Khanpur,96
Bihar,Kharagpur,97
Bihar,Kharik,98
Bihar,Khizirsarai,99
Bihar,Khudabandpur,100
Bihar,Khusrupur,1
Bihar,Kiratpur,2
Bihar,Kishanganj,3
Bihar,Kishanpur,4
Bihar,Kochadhamin,5
Bihar,Kochas,6
Bihar,Koilwar,7
Bihar,Konch,8
Bihar,Korha,9
Bihar,Kotwa,10
Bihar,Krityanand Nagar,11
Bihar,Kuchaikote,12
Bihar,Kudra,13
Bihar,Kumarkhand,14
Bihar,Kurhani,15
Bihar,Kursakatta,16
Bihar,Kursela,17
Bihar,Kurtha,18
Bihar,Kusheshwar Asthan,19
Bihar,Kusheshwar Asthan Purbi,20
Bihar,Kutumba,21
Bihar,Ladania,22
Bihar,Lahladpur,23
Bihar,Lakhisarai,24
Bihar,Lakhnaur,25
Bihar,Lakri Nabiganj,26
Bihar,Lakshmipur,27
Bihar,Lalganj,28
Bihar,Laukaha,29
Bihar,Laukahi,30
Bihar,Lauriya,31
Bihar,Madanpur,32
Bihar,Madhepur,33
Bihar,Madhepura,34
Bihar,Madhuban,35
Bihar,Madhubani,36
Bihar,Madhwapur,37
Bihar,Maharajganj,38
Bihar,Mahishi,39
Bihar,Mahnar,40
Bihar,Mahua,41
Bihar,Mainatanr,42
Bihar,Mairwa,43
Bihar,Majhaulia,44
Bihar,Majorganj,45
Bihar,Maker,46
Bihar,Makhdumpur,47
Bihar,Maner,48
Bihar,Manigachhi,49
Bihar,Manihari,50
Bihar,Manjha,51
Bihar,Manjhi,52
Bihar,Manpur,53
Bihar,Mansahi,54
Bihar,Mansi,55
Bihar,Mansurchak,56
Bihar,Marauna,57
Bihar,Marhaura,58
Bihar,Marwan,59
Bihar,Masaurhi,60
Bihar,Mashrakh,61
Bihar,Matihani,62
Bihar,Mehsi,63
Bihar,Meskaur,64
Bihar,Minapur,65
Bihar,Modanganj,66
Bihar,Mohania,67
Bihar,Mohanpur,68
Bihar,Mohiuddinagar,69
Bihar,Mokameh,70
Bihar,Morwa,71
Bihar,Motihari,72
Bihar,Muhra,73
Bihar,Munger,74
Bihar,Murliganj,75
Bihar,Musahri,76
Bihar,Nabinagar,77
Bihar,Nagar Nausa,78
Bihar,Nagra,79
Bihar,Nanpur,80
Bihar,Naokothi,81
Bihar,Narayanpur,82
Bihar,Nardiganj,83
Bihar,Narhat,84
Bihar,Narkatia,85
Bihar,Narkatiaganj,86
Bihar,Narpatganj,87
Bihar,Nasriganj,88
Bihar,Nathnagar,89
Bihar,Naubatpur,90
Bihar,Naugachhia,91
Bihar,Nauhatta,92
Bihar,Nautan,93
Bihar,Nawada,94
Bihar,Nawanagar,95
Bihar,Neem Chak Bathani,96
Bihar,Nirmali,97
Bihar,Nokha,98
Bihar,Noorsarai,99
Bihar,Nuaon,100
Bihar,Obra,1
Bihar,Pach Deuri,2
Bihar,Pachrukhi,3
Bihar,Paharpur,4
Bihar,Pakri Dayal,5
Bihar,Pakribarawan,6
Bihar,Palasi,7
Bihar,Paliganj,8
Bihar,Panapur,9
Bihar,Pandarak,10
Bihar,Pandaul,11
Bihar,Paraiya,12
Bihar,Parbalpur,13
Bihar,Parbatta,14
Bihar,Parihar,15
Bihar,Paroo,16
Bihar,Parsa,17
Bihar,Parsauni,18
Bihar,Patahi,19
Bihar,Patarghat,20
Bihar,Patepur,21
Bihar,Paterhi Belsar,22
Bihar,Patna Rural,23
Bihar,Patori,24
Bihar,Phenhara,25
Bihar,Phulidumar,26
Bihar,Phulparas,27
Bihar,Phulwari,28
Bihar,Phulwaria,29
Bihar,Pipariya,30
Bihar,Pipra,31
Bihar,Piprakothi,32
Bihar,Piprarhi,33
Bihar,Piprasi,34
Bihar,Piro,35
Bihar,Pirpainti,36
Bihar,Pothia,37
Bihar,Pranpur,38
Bihar,Pratapganj,39
Bihar,Punpun,40
Bihar,Pupri,41
Bihar,Puraini,42
Bihar,Purnahiya,43
Bihar,Purnia East,44
Bihar,Pusa,45
Bihar,Rafiganj,46
Bihar,Raghopur,47
Bihar,Raghunathpur,48
Bihar,Rahui,49
Bihar,Raja Pakar,50
Bihar,Rajauli,51
Bihar,Rajaun,52
Bihar,Rajgir,53
Bihar,Rajnagar,54
Bihar,Rajpur,55
Bihar,Ramgarh,56
Bihar,Ramgarh Chowk,57
Bihar,Ramgarhwa,58
Bihar,Ramnagar,59
Bihar,Rampur,60
Bihar,Rangra Chowk,61
Bihar,Raniganj,62
Bihar,Ratni Faridpur,63
Bihar,Raxaul,64
Bihar,Revelganj,65
Bihar,Riga,66
Bihar,Roh,67
Bihar,Rohtas,68
Bihar,Rosera,69
Bihar,Runisaidpur,70
Bihar,Rupauli,71
Bihar,Sabour,72
Bihar,Sahar,73
Bihar,Sahdai Buzurg,74
Bihar,Sahebganj,75
Bihar,Sahebpur Kamal,76
Bihar,Sakra,77
Bihar,Salkhua,78
Bihar,Samastipur,79
Bihar,Sameli,80
Bihar,Sampatchak,81
Bihar,Sandesh,82
Bihar,Sangrampur,83
Bihar,Sanjhauli,84
Bihar,Saraigarh Bhaptiyahi,85
Bihar,Sarairanjan,86
Bihar,Saraiya,87
Bihar,Sarmera,88
Bihar,Sasaram,89
Bihar,Satar Kataiya,90
Bihar,Saur Bazar,91
Bihar,Shahkund,92
Bihar,Shahpur,93
Bihar,Shambhuganj,94
Bihar,Shamho Akha Kurha,95
Bihar,Shankarpur,96
Bihar,Sheikhpura,97
Bihar,Shekhopur Sarai,98
Bihar,Sheohar,99
Bihar,Sheosagar,100
Bihar,Sherghati,1
Bihar,Shivaji Nagar,2
Bihar,Sidhaw,3
Bihar,Sidhwalia,4
Bihar,Sikandra,5
Bihar,Sikta,6
Bihar,Sikti,7
Bihar,Silao,8
Bihar,Simri,9
Bihar,Simri Bakhtiarpur,10
Bihar,Singheshwar,11
Bihar,Singhia,12
Bihar,Singhwara,13
Bihar,Sirdala,14
Bihar,Siswan,15
Bihar,Siwan,16
Bihar,Sonbarsa,17
Bihar,Sonbhadra Banshi Suryapur,18
Bihar,Sonepur,19
Bihar,Sonhaula,20
Bihar,Sono,21
Bihar,Srinagar,22
Bihar,Sugauli,23
Bihar,Sultanganj,24
Bihar,Supaul,25
Bihar,Suppi,26
Bihar,Surajgarha,27
Bihar,Sursand,28
Bihar,Suryapura,29
Bihar,Tajpur,30
Bihar,Tan Kuppa,31
Bihar,Taraiya,32
Bihar,Tarapur,33
Bihar,Tarari,34
Bihar,Tardih,35
Bihar,Tariani Chowk,36
Bihar,Teghra,37
Bihar,Terhagachh,38
Bihar,Tetaria,39
Bihar,Tetiha Bambor,40
Bihar,Thakrahan,41
Bihar,Thakurganj,42
Bihar,Tharthari,43
Bihar,Thawe,44
Bihar,Tikari,45
Bihar,Tilouthu,46
Bihar,Tribeniganj,47
Bihar,Turkaulia,48
Bihar,Uchkagaon,49
Bihar,Udwant Nagar,50
Bihar,Ujiarpur,51
Bihar,Vaishali,52
Bihar,Vidyapati Nagar,53
Bihar,Warisaliganj,54
Bihar,Warisnagar,55
Bihar,Wazirganj,56
Bihar,Ziradei,57
Chandigarh,Chandigarh,58
Chhattisgarh,Abhanpur,59
Chhattisgarh,Akaltara,60
Chhattisgarh,Ambagarh,61
Chhattisgarh,Ambikapur,62
Chhattisgarh,Antagarh,63
Chhattisgarh,Arang,64
Chhattisgarh,Bade Rajpur,65
Chhattisgarh,Bagbahra,66
Chhattisgarh,Bagicha,67
Chhattisgarh,Baikunthpur,68
Chhattisgarh,Bakavand,69
Chhattisgarh,Balod,70
Chhattisgarh,Baloda,71
Chhattisgarh,Baloda Bazar,72
Chhattisgarh,Balrampur,73
Chhattisgarh,Baramkela,74
Chhattisgarh,Basna,75
Chhattisgarh,Bastanar,76
Chhattisgarh,Bastar,77
Chhattisgarh,Batouli,78
Chhattisgarh,Bemetara,79
Chhattisgarh,Berla,80
Chhattisgarh,Bhairamgarh,81
Chhattisgarh,Bhaiyathan,82
Chhattisgarh,Bhanupratappur,83
Chhattisgarh,Bharatpur,84
Chhattisgarh,Bhatapara,85
Chhattisgarh,Bhopalpattnam,86
Chhattisgarh,Bijapur,87
Chhattisgarh,Bilaigarh,88
Chhattisgarh,Bilaspur,89
Chhattisgarh,Bilha,90
Chhattisgarh,Bindranavagarh(gariyaband),91
Chhattisgarh,Bodla,92
Chhattisgarh,Champa,93
Chhattisgarh,Charama,94
Chhattisgarh,Chhindgarh,95
Chhattisgarh,Chhuikhadan,96
Chhattisgarh,Chhura,97
Chhattisgarh,Chhuriya,98
Chhattisgarh,Dabhra,99
Chhattisgarh,Dantewada,100
Chhattisgarh,Darbha,1
Chhattisgarh,Deobhog,2
Chhattisgarh,Dhamdha,3
Chhattisgarh,Dhamtari,4
Chhattisgarh,Dondi,5
Chhattisgarh,Dondi Luhara,6
Chhattisgarh,Dongargaon,7
Chhattisgarh,Dongargarh,8
Chhattisgarh,Duldula,9
Chhattisgarh,Durg,10
Chhattisgarh,Durgkondal,11
Chhattisgarh,Farasgaon,12
Chhattisgarh,Farsabahar,13
Chhattisgarh,Gharghoda,14
Chhattisgarh,Gidam,15
Chhattisgarh,Gunderdehi,16
Chhattisgarh,Gurur,17
Chhattisgarh,Jagdalpur,18
Chhattisgarh,Jaijaipur,19
Chhattisgarh,Janjgir,20
Chhattisgarh,Jashpur,21
Chhattisgarh,Kanker,22
Chhattisgarh,Kansabel,23
Chhattisgarh,Kartala,24
Chhattisgarh,Kasdol,25
Chhattisgarh,Katekalyan,26
Chhattisgarh,Katghora,27
Chhattisgarh,Kawardha,28
Chhattisgarh,Keskal,29
Chhattisgarh,Khadganva,30
Chhattisgarh,Khairagarh,31
Chhattisgarh,Kharsia,32
Chhattisgarh,Kondagaon,33
Chhattisgarh,Konta,34
Chhattisgarh,Korba,35
Chhattisgarh,Kota,36
Chhattisgarh,Kuakonda,37
Chhattisgarh,Kunkuri,38
Chhattisgarh,Kurud,39
Chhattisgarh,Lailunga,40
Chhattisgarh,Lakhanpur,41
Chhattisgarh,Lohandiguda,42
Chhattisgarh,Lormi,43
Chhattisgarh,Lundra,44
Chhattisgarh,Magarlod,45
Chhattisgarh,Mahasamund,46
Chhattisgarh,Mainpat,47
Chhattisgarh,Mainpur,48
Chhattisgarh,Makdi,49
Chhattisgarh,Malkharoda,50
Chhattisgarh,Manendragarh,51
Chhattisgarh,Manora,52
Chhattisgarh,Manpur,53
Chhattisgarh,Marwahi,54
Chhattisgarh,Masturi,55
Chhattisgarh,Mohla,56
Chhattisgarh,Mungeli,57
Chhattisgarh,Nagri,58
Chhattisgarh,Narayanpur,59
Chhattisgarh,Narharpur,60
Chhattisgarh,Nawagarh,61
Chhattisgarh,Orchha,62
Chhattisgarh,Oudgi,63
Chhattisgarh,Pakhanjur,64
Chhattisgarh,Palari,65
Chhattisgarh,Pali,66
Chhattisgarh,Pamgarh,67
Chhattisgarh,Pandariya,68
Chhattisgarh,Patan,69
Chhattisgarh,Pathalgaon,70
Chhattisgarh,Pathariya,71
Chhattisgarh,Pendra,72
Chhattisgarh,Pendra Road Gorella,73
Chhattisgarh,Pithora,74
Chhattisgarh,Poundi-uproda,75
Chhattisgarh,Pratappur,76
Chhattisgarh,Premnagar,77
Chhattisgarh,Pusour,78
Chhattisgarh,Raigarh,79
Chhattisgarh,Raipur,80
Chhattisgarh,Rajim,81
Chhattisgarh,Rajnandgaon,82
Chhattisgarh,Rajpur,83
Chhattisgarh,Ramanujganj,84
Chhattisgarh,Ramanujnagar,85
Chhattisgarh,Sahaspur Lohara,86
Chhattisgarh,Saja,87
Chhattisgarh,Sakti,88
Chhattisgarh,Samri(kusmi),89
Chhattisgarh,Saraipali,90
Chhattisgarh,Sarangarh,91
Chhattisgarh,Shankargarh,92
Chhattisgarh,Simga,93
Chhattisgarh,Sitapur,94
Chhattisgarh,Sonhat,95
Chhattisgarh,Sukma,96
Chhattisgarh,Surajpur,97
Chhattisgarh,Takhatpur,98
Chhattisgarh,Tamnar,99
Chhattisgarh,Thanakhamria,100
Chhattisgarh,Tilda,1
Chhattisgarh,Tokapal,2
Chhattisgarh,Udaipur (dharamjaigarh),3
Chhattisgarh,Udaypur,4
Chhattisgarh,Usur,5
Chhattisgarh,Wadrafnagar,6
Dadra & Nagar Haveli,Dadra & Nagar Haveli,7
Daman & Diu,Daman,8
Daman & Diu,Diu,9
Delhi,Chanakya Puri,10
Delhi,Civil Lines,11
Delhi,Connaught Place,12
Delhi,Darya Ganj,13
Delhi,Defence Colony,14
Delhi,Delhi Cantonment,15
Delhi,Gandhi Nagar,16
Delhi,Hauz Khas,17
Delhi,Kalkaji,18
Delhi,Karol Bagh,19
Delhi,Kotwali,20
Delhi,Model Town,21
Delhi,Najafgarh,22
Delhi,Narela,23
Delhi,Pahar Ganj,24
Delhi,Parliament Street,25
Delhi,Patel Nagar,26
Delhi,Preet Vihar,27
Delhi,Punjabi Bagh,28
Delhi,Rajouri Garden,29
Delhi,Sadar Bazar,30
Delhi,Saraswati Vihar,31
Delhi,Seelam Pur,32
Delhi,Seema Puri,33
Delhi,Shahdara,34
Delhi,Vasant Vihar,35
Delhi,Vivek Vihar,36
Goa,Bardez,37
Goa,Bicholim,38
Goa,Canacona,39
Goa,Mormugao,40
Goa,Pernem,41
Goa,Ponda,42
Goa,Quepem,43
Goa,Salcete,44
Goa,Sanguem,45
Goa,Satari,46
Goa,Tiswadi,47
Gujarat,Abdasa,48
Gujarat,Ahmadabad City,49
Gujarat,Amirgadh,50
Gujarat,Amod,51
Gujarat,Amreli,52
Gujarat,Anand,53
Gujarat,Anjar,54
Gujarat,Anklav,55
Gujarat,Anklesvar,56
Gujarat,Babra,57
Gujarat,Bagasara,58
Gujarat,Balasinor,59
Gujarat,Bansda,60
Gujarat,Bardoli,61
Gujarat,Barwala,62
Gujarat,Bavla,63
Gujarat,Bayad,64
Gujarat,Becharaji,65
Gujarat,Bhabhar,66
Gujarat,Bhachau,67
Gujarat,Bhanvad,68
Gujarat,Bharuch,69
Gujarat,Bhavnagar,70
Gujarat,Bhesan,71
Gujarat,Bhiloda,72
Gujarat,Bhuj,73
Gujarat,Borsad,74
Gujarat,Botad,75
Gujarat,Chanasma,76
Gujarat,Chhota Udaipur,77
Gujarat,Chikhli,78
Gujarat,Chorasi,79
Gujarat,Chotila,80
Gujarat,Chuda,81
Gujarat,Dabhoi,82
Gujarat,Danta,83
Gujarat,Dantiwada,84
Gujarat,Dasada,85
Gujarat,Daskroi,86
Gujarat,Dediapada,87
Gujarat,Deesa,88
Gujarat,Dehgam,89
Gujarat,Deodar,90
Gujarat,Detroj-rampura,91
Gujarat,Devgadbaria,92
Gujarat,Dhandhuka,93
Gujarat,Dhanera,94
Gujarat,Dhanpur,95
Gujarat,Dhansura,96
Gujarat,Dharampur,97
Gujarat,Dhari,98
Gujarat,Dholka,99
Gujarat,Dhoraji,100
Gujarat,Dhrangadhra,1
Gujarat,Dhrol,2
Gujarat,Dohad,3
Gujarat,Fatepura,4
Gujarat,Gadhada,5
Gujarat,Gandevi,6
Gujarat,Gandhidham,7
Gujarat,Gandhinagar,8
Gujarat,Garbada,9
Gujarat,Gariadhar,10
Gujarat,Ghogha,11
Gujarat,Ghoghamba,12
Gujarat,Godhra,13
Gujarat,Gondal,14
Gujarat,Halol,15
Gujarat,Halvad,16
Gujarat,Hansot,17
Gujarat,Harij,18
Gujarat,Himatnagar,19
Gujarat,Idar,20
Gujarat,Jafrabad,21
Gujarat,Jalalpore,22
Gujarat,Jambughoda,23
Gujarat,Jambusar,24
Gujarat,Jamjodhpur,25
Gujarat,Jamkandorna,26
Gujarat,Jamnagar,27
Gujarat,Jasdan,28
Gujarat,Jetpur,29
Gujarat,Jetpur Pavi,30
Gujarat,Jhagadia,31
Gujarat,Jhalod,32
Gujarat,Jodiya,33
Gujarat,Junagadh,34
Gujarat,Kadana,35
Gujarat,Kadi,36
Gujarat,Kalavad,37
Gujarat,Kalol,38
Gujarat,Kalyanpur,39
Gujarat,Kamrej,40
Gujarat,Kankrej,41
Gujarat,Kapadvanj,42
Gujarat,Kaprada,43
Gujarat,Karjan,44
Gujarat,Kathlal,45
Gujarat,Kavant,46
Gujarat,Keshod,47
Gujarat,Khambha,48
Gujarat,Khambhalia,49
Gujarat,Khambhat,50
Gujarat,Khanpur,51
Gujarat,Kheda,52
Gujarat,Khedbrahma,53
Gujarat,Kheralu,54
Gujarat,Kodinar,55
Gujarat,Kotda Sangani,56
Gujarat,Kunkavav Vadia,57
Gujarat,Kutiyana,58
Gujarat,Lakhpat,59
Gujarat,Lakhtar,60
Gujarat,Lalpur,61
Gujarat,Lathi,62
Gujarat,Lilia,63
Gujarat,Limbdi,64
Gujarat,Limkheda,65
Gujarat,Lodhika,66
Gujarat,Lunawada,67
Gujarat,Mahesana,68
Gujarat,Mahudha,69
Gujarat,Mahuva,70
Gujarat,Malia,71
Gujarat,Maliya,72
Gujarat,Malpur,73
Gujarat,Manavadar,74
Gujarat,Mandal,75
Gujarat,Mandvi,76
Gujarat,Mangrol,77
Gujarat,Mansa,78
Gujarat,Matar,79
Gujarat,Meghraj,80
Gujarat,Mehmedabad,81
Gujarat,Mendarda,82
Gujarat,Modasa,83
Gujarat,Morvi,84
Gujarat,Morwa (hadaf),85
Gujarat,Muli,86
Gujarat,Mundra,87
Gujarat,Nadiad,88
Gujarat,Nakhatrana,89
Gujarat,Nandod,90
Gujarat,Nasvadi,91
Gujarat,Navsari,92
Gujarat,Nizar,93
Gujarat,Okhamandal,94
Gujarat,Olpad,95
Gujarat,Paddhari,96
Gujarat,Padra,97
Gujarat,Palanpur,98
Gujarat,Palitana,99
Gujarat,Palsana,100
Gujarat,Pardi,1
Gujarat,Patan,2
Gujarat,Patan-veraval,3
Gujarat,Petlad,4
Gujarat,Porbandar,5
Gujarat,Prantij,6
Gujarat,Radhanpur,7
Gujarat,Rajkot,8
Gujarat,Rajula,9
Gujarat,Ranavav,10
Gujarat,Rann Of Kachchh,11
Gujarat,Ranpur,12
Gujarat,Rapar,13
Gujarat,Sagbara,14
Gujarat,Sami,15
Gujarat,Sanand,16
Gujarat,Sankheda,17
Gujarat,Santalpur,18
Gujarat,Santrampur,19
Gujarat,Satlasana,20
Gujarat,Savar Kundla,21
Gujarat,Savli,22
Gujarat,Sayla,23
Gujarat,Shehera,24
Gujarat,Sidhpur,25
Gujarat,Sihor,26
Gujarat,Sinor,27
Gujarat,Sojitra,28
Gujarat,Songadh,29
Gujarat,Surat City,30
Gujarat,Sutrapada,31
Gujarat,Talaja,32
Gujarat,Talala,33
Gujarat,Talod,34
Gujarat,Tankara,35
Gujarat,Tarapur,36
Gujarat,Tharad,37
Gujarat,Thasra,38
Gujarat,The Dangs,39
Gujarat,Tilakwada,40
Gujarat,Uchchhal,41
Gujarat,Umarpada,42
Gujarat,Umbergaon,43
Gujarat,Umrala,44
Gujarat,Umreth,45
Gujarat,Una,46
Gujarat,Unjha,47
Gujarat,Upleta,48
Gujarat,Vadali,49
Gujarat,Vadgam,50
Gujarat,Vadnagar,51
Gujarat,Vadodara,52
Gujarat,Vaghodia,53
Gujarat,Vagra,54
Gujarat,Valia,55
Gujarat,Vallabhipur,56
Gujarat,Valod,57
Gujarat,Valsad,58
Gujarat,Vanthali,59
Gujarat,Vav,60
Gujarat,Vijapur,61
Gujarat,Vijaynagar,62
Gujarat,Viramgam,63
Gujarat,Virpur,64
Gujarat,Visavadar,65
Gujarat,Visnagar,66
Gujarat,Vyara,67
Gujarat,Wadhwan,68
Gujarat,Wankaner,69
Haryana,Adampur,70
Haryana,Ambala,71
Haryana,Assandh,72
Haryana,Badhra,73
Haryana,Bahadurgarh,74
Haryana,Ballabgarh,75
Haryana,Barara,76
Haryana,Bawal,77
Haryana,Bawani Khera,78
Haryana,Beri,79
Haryana,Bhiwani,80
Haryana,Bilaspur,81
Haryana,Chhachhrauli,82
Haryana,Dabwali,83
Haryana,Dadri,84
Haryana,Ellenabad,85
Haryana,Faridabad,86
Haryana,Farrukhnagar,87
Haryana,Fatehabad,88
Haryana,Fatehpur Pundri,89
Haryana,Ferozepur Jhirka,90
Haryana,Ganaur,91
Haryana,Gharaunda,92
Haryana,Gohana,93
Haryana,Guhla,94
Haryana,Gurgaon,95
Haryana,Hansi,96
Haryana,Hathin,97
Haryana,Hisar,98
Haryana,Hodal,99
Haryana,Indri,100
Haryana,Israna,1
Haryana,Jagadhri,2
Haryana,Jhajjar,3
Haryana,Jind,4
Haryana,Julana,5
Haryana,Kaithal,6
Haryana,Kalka,7
Haryana,Karnal,8
Haryana,Kharkhoda,9
Haryana,Kosli,10
Haryana,Loharu,11
Haryana,Maham,12
Haryana,Mahendragarh,13
Haryana,Manesar,14
Haryana,Matenhail,15
Haryana,Naraingarh,16
Haryana,Narnaul,17
Haryana,Narnaund,18
Haryana,Narwana,19
Haryana,Nilokheri,20
Haryana,Nuh,21
Haryana,Palwal,22
Haryana,Panchkula,23
Haryana,Panipat,24
Haryana,Pataudi,25
Haryana,Pehowa,26
Haryana,Punahana,27
Haryana,Rania,28
Haryana,Ratia,29
Haryana,Rewari,30
Haryana,Rohtak,31
Haryana,Safidon,32
Haryana,Samalkha,33
Haryana,Sampla,34
Haryana,Shahbad,35
Haryana,Sirsa,36
Haryana,Siwani,37
Haryana,Sohna,38
Haryana,Sonipat,39
Haryana,Taoru,40
Haryana,Thanesar,41
Haryana,Tohana,42
Haryana,Tosham,43
Himachal Pradesh,Amb,44
Himachal Pradesh,Ani,45
Himachal Pradesh,Arki,46
Himachal Pradesh,Aut,47
Himachal Pradesh,Baddi,48
Himachal Pradesh,Baijnath,49
Himachal Pradesh,Baldwara,50
Himachal Pradesh,Bali Chowki,51
Himachal Pradesh,Bangana,52
Himachal Pradesh,Banjar,53
Himachal Pradesh,Baroh,54
Himachal Pradesh,Barsar,55
Himachal Pradesh,Bhadrota,56
Himachal Pradesh,Bhalai,57
Himachal Pradesh,Bharari,58
Himachal Pradesh,Bharwain,59
Himachal Pradesh,Bhattiyat,60
Himachal Pradesh,Bhoranj,61
Himachal Pradesh,Bilaspur Sadar,62
Himachal Pradesh,Brahmaur,63
Himachal Pradesh,Chachyot,64
Himachal Pradesh,Chamba,65
Himachal Pradesh,Chaupal,66
Himachal Pradesh,Chaurah,67
Himachal Pradesh,Cheta,68
Himachal Pradesh,Chirgaon,69
Himachal Pradesh,Dadahu,70
Himachal Pradesh,Dalhousie,71
Himachal Pradesh,Darlaghat,72
Himachal Pradesh,Dera Gopipur,73
Himachal Pradesh,Dharmpur,74
Himachal Pradesh,Dharmsala,75
Himachal Pradesh,Dhatwal,76
Himachal Pradesh,Dhira,77
Himachal Pradesh,Dodra Kwar,78
Himachal Pradesh,Fatehpur,79
Himachal Pradesh,Galore,80
Himachal Pradesh,Ghumarwin,81
Himachal Pradesh,Hamirpur,82
Himachal Pradesh,Hangrang,83
Himachal Pradesh,Harchakian,84
Himachal Pradesh,Haroli,85
Himachal Pradesh,Holi,86
Himachal Pradesh,Indora,87
Himachal Pradesh,Jaisinghpur,88
Himachal Pradesh,Jaswan,89
Himachal Pradesh,Jawalamukhi,90
Himachal Pradesh,Jawali,91
Himachal Pradesh,Jhanduta,92
Himachal Pradesh,Jogindarnagar,93
Himachal Pradesh,Jubbal,94
Himachal Pradesh,Junga,95
Himachal Pradesh,Kalpa,96
Himachal Pradesh,Kamrau,97
Himachal Pradesh,Kandaghat,98
Himachal Pradesh,Kangra,99
Himachal Pradesh,Karsog,100
Himachal Pradesh,Kasauli,1
Himachal Pradesh,Khundian,2
Himachal Pradesh,Kotkhai,3
Himachal Pradesh,Kotli,4
Himachal Pradesh,Krishangarh,5
Himachal Pradesh,Kullu,6
Himachal Pradesh,Kumharsain,7
Himachal Pradesh,Lad Bharol,8
Himachal Pradesh,Lahul,9
Himachal Pradesh,Manali,10
Himachal Pradesh,Mandi,11
Himachal Pradesh,Morang,12
Himachal Pradesh,Multhan,13
Himachal Pradesh,Nadaun,14
Himachal Pradesh,Nagrota Bagwan,15
Himachal Pradesh,Nahan,16
Himachal Pradesh,Naina Devi,17
Himachal Pradesh,Nalagarh,18
Himachal Pradesh,Namhol,19
Himachal Pradesh,Nankhari,20
Himachal Pradesh,Nermand,21
Himachal Pradesh,Nerua,22
Himachal Pradesh,Nichar,23
Himachal Pradesh,Nihri,24
Himachal Pradesh,Nohra,25
Himachal Pradesh,Nurpur,26
Himachal Pradesh,Pachhad,27
Himachal Pradesh,Padhar,28
Himachal Pradesh,Palampur,29
Himachal Pradesh,Pangi,30
Himachal Pradesh,Paonta Sahib,31
Himachal Pradesh,Poo,32
Himachal Pradesh,Rajgarh,33
Himachal Pradesh,Rakkar,34
Himachal Pradesh,Rampur,35
Himachal Pradesh,Ramshahr,36
Himachal Pradesh,Renuka,37
Himachal Pradesh,Rohru,38
Himachal Pradesh,Ronhat,39
Himachal Pradesh,Sainj,40
Himachal Pradesh,Saluni,41
Himachal Pradesh,Sandhol,42
Himachal Pradesh,Sangla,43
Himachal Pradesh,Sarkaghat,44
Himachal Pradesh,Seoni,45
Himachal Pradesh,Shahpur,46
Himachal Pradesh,Shalai,47
Himachal Pradesh,Shimla ( Rural ),48
Himachal Pradesh,Shimla (urban),49
Himachal Pradesh,Sihunta,50
Himachal Pradesh,Solan,51
Himachal Pradesh,Spiti,52
Himachal Pradesh,Sundarnagar,53
Himachal Pradesh,Theog,54
Himachal Pradesh,Thunag,55
Himachal Pradesh,Thural,56
Himachal Pradesh,Tikar,57
Himachal Pradesh,Tira Sujanpur,58
Himachal Pradesh,Udaipur,59
Himachal Pradesh,Una,60
Jammu & Kashmir,Akhnoor,61
Jammu & Kashmir,Anantnag,62
Jammu & Kashmir,Atholi (paddar),63
Jammu & Kashmir,Awantipora,64
Jammu & Kashmir,Bandipora,65
Jammu & Kashmir,Bani,66
Jammu & Kashmir,Banihal,67
Jammu & Kashmir,Baramulla,68
Jammu & Kashmir,Bashohli,69
Jammu & Kashmir,Beerwah,70
Jammu & Kashmir,Bhaderwah,71
Jammu & Kashmir,Bijbehara,72
Jammu & Kashmir,Billawar,73
Jammu & Kashmir,Bishnah,74
Jammu & Kashmir,Boniyar,75
Jammu & Kashmir,Budgam,76
Jammu & Kashmir,Budhal,77
Jammu & Kashmir,Chadoora,78
Jammu & Kashmir,Charar-e-shrief,79
Jammu & Kashmir,Chenani,80
Jammu & Kashmir,Chhatroo,81
Jammu & Kashmir,Damhal Hanjipora,82
Jammu & Kashmir,Darhal,83
Jammu & Kashmir,Devsar,84
Jammu & Kashmir,Doda,85
Jammu & Kashmir,Dooru,86
Jammu & Kashmir,Ganderbal,87
Jammu & Kashmir,Gandoh,88
Jammu & Kashmir,Gool-gulabgarh,89
Jammu & Kashmir,Gurez,90
Jammu & Kashmir,Handwara,91
Jammu & Kashmir,Haveli,92
Jammu & Kashmir,Hiranagar,93
Jammu & Kashmir,Jammu,94
Jammu & Kashmir,Kalakote,95
Jammu & Kashmir,Kangan,96
Jammu & Kashmir,Kargil,97
Jammu & Kashmir,Karnah,98
Jammu & Kashmir,Kathua,99
Jammu & Kashmir,Khag,100
Jammu & Kashmir,Khalsi,1
Jammu & Kashmir,Khansahib,2
Jammu & Kashmir,Kishtwar,3
Jammu & Kashmir,Kokernag,4
Jammu & Kashmir,Kreeri,5
Jammu & Kashmir,Kulgam,6
Jammu & Kashmir,Kupwara,7
Jammu & Kashmir,Lar,8
Jammu & Kashmir,Leh,9
Jammu & Kashmir,Majalta,10
Jammu & Kashmir,Mandi,11
Jammu & Kashmir,Marwah,12
Jammu & Kashmir,Mendhar,13
Jammu & Kashmir,Nowshehra,14
Jammu & Kashmir,Nubra,15
Jammu & Kashmir,Pahalgam,16
Jammu & Kashmir,Pampore,17
Jammu & Kashmir,Pattan,18
Jammu & Kashmir,Pulwama,19
Jammu & Kashmir,Rafiabad,20
Jammu & Kashmir,Rajauri,21
Jammu & Kashmir,Ramban,22
Jammu & Kashmir,Ramnagar,23
Jammu & Kashmir,Ranbir Singh Pora,24
Jammu & Kashmir,Reasi,25
Jammu & Kashmir,Samba,26
Jammu & Kashmir,Sanku,27
Jammu & Kashmir,Shangus,28
Jammu & Kashmir,Shopian,29
Jammu & Kashmir,Sonawari,30
Jammu & Kashmir,Sopore,31
Jammu & Kashmir,Srinagar (north),32
Jammu & Kashmir,Srinagar (south),33
Jammu & Kashmir,Sunderbani,34
Jammu & Kashmir,Surankote,35
Jammu & Kashmir,Tangmarg,36
Jammu & Kashmir,Thanamandi,37
Jammu & Kashmir,Thathri,38
Jammu & Kashmir,Tral,39
Jammu & Kashmir,Udhampur,40
Jammu & Kashmir,Uri,41
Jammu & Kashmir,Zanskar,42
Jharkhand,Adityapur(gamharia),43
Jharkhand,Albert Ekka(jari),44
Jharkhand,Amrapara,45
Jharkhand,Anandpur,46
Jharkhand,Angara,47
Jharkhand,Baghmara-cum-katras,48
Jharkhand,Bagodar,49
Jharkhand,Baharagora,50
Jharkhand,Baliapur,51
Jharkhand,Balumath,52
Jharkhand,Bandgaon,53
Jharkhand,Bano,54
Jharkhand,Bansjor,55
Jharkhand,Bardiha,56
Jharkhand,Barhait,57
Jharkhand,Barharwa,58
Jharkhand,Barhi,59
Jharkhand,Bariyatu,60
Jharkhand,Barkagaon,61
Jharkhand,Barkatha,62
Jharkhand,Barwadih,63
Jharkhand,Bashant Rai,64
Jharkhand,Basia,65
Jharkhand,Bengabad,66
Jharkhand,Bermo,67
Jharkhand,Bero,68
Jharkhand,Bhandaria,69
Jharkhand,Bhandra,70
Jharkhand,Bhawnathpur,71
Jharkhand,Birni,72
Jharkhand,Bishrampur,73
Jharkhand,Bishungarh,74
Jharkhand,Bishunpur,75
Jharkhand,Bishunpura,76
Jharkhand,Boarijor,77
Jharkhand,Bolba,78
Jharkhand,Boram,79
Jharkhand,Borio,80
Jharkhand,Bundu,81
Jharkhand,Burmu,82
Jharkhand,Chaibasa,83
Jharkhand,Chainpur,84
Jharkhand,Chakradharpur,85
Jharkhand,Chakulia,86
Jharkhand,Chalkusa,87
Jharkhand,Chandankiyari,88
Jharkhand,Chandil,89
Jharkhand,Chandrapura,90
Jharkhand,Chandwa,91
Jharkhand,Chandwara,92
Jharkhand,Chanho,93
Jharkhand,Chas,94
Jharkhand,Chatra,95
Jharkhand,Chauparan,96
Jharkhand,Chhatarpur,97
Jharkhand,Chinia,98
Jharkhand,Chitarpur,99
Jharkhand,Churchu,100
Jharkhand,Dadi,1
Jharkhand,Danda,2
Jharkhand,Dandai,3
Jharkhand,Daru,4
Jharkhand,Deoghar,5
Jharkhand,Deori,6
Jharkhand,Devipur,7
Jharkhand,Dhalbhumgarh,8
Jharkhand,Dhanbad-cum-kenduadih-cum-jagata,9
Jharkhand,Dhanwar,10
Jharkhand,Dhurki,11
Jharkhand,Domchanch,12
Jharkhand,Dulmi,13
Jharkhand,Dumaria,14
Jharkhand,Dumka,15
Jharkhand,Dumri,16
Jharkhand,Erki(tamar Ii),17
Jharkhand,Fatehpur,18
Jharkhand,Gande,19
Jharkhand,Garhwa,20
Jharkhand,Garu,21
Jharkhand,Gawan,22
Jharkhand,Ghaghra,23
Jharkhand,Ghatshila,24
Jharkhand,Gidhaur,25
Jharkhand,Giridih,26
Jharkhand,Gobindpur,27
Jharkhand,Gobindpur(rajnagar),28
Jharkhand,Godda,29
Jharkhand,Goilkera,30
Jharkhand,Gola,31
Jharkhand,Golmuri-cum-jugsalai,32
Jharkhand,Gopikandar,33
Jharkhand,Gudri,34
Jharkhand,Gumia,35
Jharkhand,Gumla,36
Jharkhand,Gurbandha,37
Jharkhand,Haidernagar,38
Jharkhand,Hariharganj,39
Jharkhand,Hat Gamharia,40
Jharkhand,Hazaribag,41
Jharkhand,Herhanj,42
Jharkhand,Hiranpur,43
Jharkhand,Hussainabad,44
Jharkhand,Ichagarh,45
Jharkhand,Ichak,46
Jharkhand,Itkhori,47
Jharkhand,Itki,48
Jharkhand,Jagannathpur,49
Jharkhand,Jainagar,50
Jharkhand,Jaldega,51
Jharkhand,Jama,52
Jharkhand,Jamtara,53
Jharkhand,Jamua,54
Jharkhand,Jaridih,55
Jharkhand,Jarmundi,56
Jharkhand,Jhinkpani,57
Jharkhand,Kairo,58
Jharkhand,Kamdara,59
Jharkhand,Kandi,60
Jharkhand,Kanha Chatti,61
Jharkhand,Kanke,62
Jharkhand,Karma Tanr Vidyasagar,63
Jharkhand,Karon,64
Jharkhand,Karra,65
Jharkhand,Kasmar,66
Jharkhand,Katamdag,67
Jharkhand,Kathikund,68
Jharkhand,Katkamsandi,69
Jharkhand,Keredari,70
Jharkhand,Kersai,71
Jharkhand,Ketar,72
Jharkhand,Kharaundhi,73
Jharkhand,Kharsawan,74
Jharkhand,Khelari,75
Jharkhand,Khunti,76
Jharkhand,Khuntpani,77
Jharkhand,Kisko,78
Jharkhand,Kodarma,79
Jharkhand,Kolebira,80
Jharkhand,Kuchai,81
Jharkhand,Kukru,82
Jharkhand,Kumardungi,83
Jharkhand,Kunda,84
Jharkhand,Kundhit,85
Jharkhand,Kurdeg,86
Jharkhand,Kuru,87
Jharkhand,Lapung,88
Jharkhand,Latehar,89
Jharkhand,Lawalaung,90
Jharkhand,Litipara,91
Jharkhand,Lohardaga,92
Jharkhand,Madhupur,93
Jharkhand,Mahagama,94
Jharkhand,Maheshpur,95
Jharkhand,Mahuadanr,96
Jharkhand,Majhgaon,97
Jharkhand,Majhiaon,98
Jharkhand,Manatu,99
Jharkhand,Mandar,100
Jharkhand,Mandro,1
Jharkhand,Mandu,2
Jharkhand,Manika,3
Jharkhand,Manjhari,4
Jharkhand,Manoharpur,5
Jharkhand,Margo Munda,6
Jharkhand,Markacho,7
Jharkhand,Masalia,8
Jharkhand,Mayur Hand,9
Jharkhand,Medininagar(daltonganj),10
Jharkhand,Meherma,11
Jharkhand,Meral (pipra Kalan),12
Jharkhand,Mohammad Ganj,13
Jharkhand,Mohanpur,14
Jharkhand,Murhu,15
Jharkhand,Musabani,16
Jharkhand,Nagaruntari,17
Jharkhand,Nagri,18
Jharkhand,Nala,19
Jharkhand,Namkum,20
Jharkhand,Narayanpur,21
Jharkhand,Nawa Bazar,22
Jharkhand,Nawadih,23
Jharkhand,Nawadiha Bazar/nawadiha,24
Jharkhand,Nilambar-pitambarpur(lesliganj),25
Jharkhand,Nimdih,26
Jharkhand,Nirsa-cum-chirkunda,27
Jharkhand,Noamundi,28
Jharkhand,Ormanjhi,29
Jharkhand,Padma,30
Jharkhand,Padwa,31
Jharkhand,Pakar Tanr,32
Jharkhand,Pakaur,33
Jharkhand,Pakuria,34
Jharkhand,Palkot,35
Jharkhand,Palojori,36
Jharkhand,Pandu,37
Jharkhand,Panki,38
Jharkhand,Patamda,39
Jharkhand,Patan,40
Jharkhand,Pathalgora,41
Jharkhand,Pathargama,42
Jharkhand,Pathna,43
Jharkhand,Patratu,44
Jharkhand,Peshrar,45
Jharkhand,Peterwar,46
Jharkhand,Pipra,47
Jharkhand,Pirtanr,48
Jharkhand,Poreyahat,49
Jharkhand,Potka,50
Jharkhand,Pratappur,51
Jharkhand,Purbi Tundi,52
Jharkhand,Rahe,53
Jharkhand,Raidih,54
Jharkhand,Rajmahal,55
Jharkhand,Ramgarh,56
Jharkhand,Ramkanda,57
Jharkhand,Ramna,58
Jharkhand,Rania,59
Jharkhand,Ranishwar,60
Jharkhand,Ranka,61
Jharkhand,Ratu,62
Jharkhand,Sagma,63
Jharkhand,Sahibganj,64
Jharkhand,Saraikela,65
Jharkhand,Saraiyahat,66
Jharkhand,Sarath,67
Jharkhand,Sariya,68
Jharkhand,Sarwan,69
Jharkhand,Satbarwa,70
Jharkhand,Satgawan,71
Jharkhand,Senha,72
Jharkhand,Shaligram Ram Narayanpur(hunterganj),73
Jharkhand,Shikaripara,74
Jharkhand,Silli,75
Jharkhand,Simaria,76
Jharkhand,Simdega,77
Jharkhand,Sisai,78
Jharkhand,Sona Rai Tharhi,79
Jharkhand,Sonahatu,80
Jharkhand,Sonua,81
Jharkhand,Sundarpahari,82
Jharkhand,Taljhari,83
Jharkhand,Tamar I,84
Jharkhand,Tandwa,85
Jharkhand,Tantnagar,86
Jharkhand,Tarhasi,87
Jharkhand,Tati Jhariya,88
Jharkhand,Thakurgangti,89
Jharkhand,Thethaitangar,90
Jharkhand,Tisri,91
Jharkhand,Tonto,92
Jharkhand,Topchanchi,93
Jharkhand,Torpa,94
Jharkhand,Tundi,95
Jharkhand,Udhwa,96
Jharkhand,Untari Road,97
Jharkhand,Verno,98
Karnataka,Afzalpur,99
Karnataka,Aland,100
Karnataka,Alur,1
Karnataka,Anekal,2
Karnataka,Ankola,3
Karnataka,Area Not Under Any Sub-district,4
Karnataka,Arkalgud,5
Karnataka,Arsikere,6
Karnataka,Athni,7
Karnataka,Aurad,8
Karnataka,Badami,9
Karnataka,Bagalkot,10
Karnataka,Bagepalli,11
Karnataka,Bangalore East,12
Karnataka,Bangalore North,13
Karnataka,Bangalore South,14
Karnataka,Bangarapet,15
Karnataka,Bantval,16
Karnataka,Basavakalyan,17
Karnataka,Basavana Bagevadi,18
Karnataka,Belgaum,19
Karnataka,Bellary,20
Karnataka,Beltangadi,21
Karnataka,Belur,22
Karnataka,Bhadravati,23
Karnataka,Bhalki,24
Karnataka,Bhatkal,25
Karnataka,Bidar,26
Karnataka,Bijapur,27
Karnataka,Bilgi,28
Karnataka,Byadgi,29
Karnataka,Challakere,30
Karnataka,Chamarajanagar,31
Karnataka,Channagiri,32
Karnataka,Channapatna,33
Karnataka,Channarayapatna,34
Karnataka,Chikkaballapura,35
Karnataka,Chikmagalur,36
Karnataka,Chiknayakanhalli,37
Karnataka,Chikodi,38
Karnataka,Chincholi,39
Karnataka,Chintamani,40
Karnataka,Chitapur,41
Karnataka,Chitradurga,42
Karnataka,Davanagere,43
Karnataka,Devadurga,44
Karnataka,Devanahalli,45
Karnataka,Dharwad,46
Karnataka,Dod Ballapur,47
Karnataka,Gadag,48
Karnataka,Gangawati,49
Karnataka,Gauribidanur,50
Karnataka,Gokak,51
Karnataka,Gubbi,52
Karnataka,Gudibanda,53
Karnataka,Gulbarga,54
Karnataka,Gundlupet,55
Karnataka,Hadagalli,56
Karnataka,Hagaribommanahalli,57
Karnataka,Haliyal,58
Karnataka,Hangal,59
Karnataka,Harapanahalli,60
Karnataka,Harihar,61
Karnataka,Hassan,62
Karnataka,Haveri,63
Karnataka,Heggadadevankote,64
Karnataka,Hirekerur,65
Karnataka,Hiriyur,66
Karnataka,Holalkere,67
Karnataka,Hole Narsipur,68
Karnataka,Homnabad,69
Karnataka,Honavar,70
Karnataka,Honnali,71
Karnataka,Hosakote,72
Karnataka,Hosanagara,73
Karnataka,Hosdurga,74
Karnataka,Hospet,75
Karnataka,Hubli,76
Karnataka,Hukeri,77
Karnataka,Hungund,78
Karnataka,Hunsur,79
Karnataka,Indi,80
Karnataka,Jagalur,81
Karnataka,Jamkhandi,82
Karnataka,Jevargi,83
Karnataka,Kadur,84
Karnataka,Kalghatgi,85
Karnataka,Kanakapura,86
Karnataka,Karkal,87
Karnataka,Karwar,88
Karnataka,Khanapur,89
Karnataka,Kolar,90
Karnataka,Kollegal,91
Karnataka,Koppa,92
Karnataka,Koppal,93
Karnataka,Koratagere,94
Karnataka,Krishnarajanagara,95
Karnataka,Krishnarajpet,96
Karnataka,Kudligi,97
Karnataka,Kumta,98
Karnataka,Kundapura,99
Karnataka,Kundgol,100
Karnataka,Kunigal,1
Karnataka,Kushtagi,2
Karnataka,Lingsugur,3
Karnataka,Maddur,4
Karnataka,Madhugiri,5
Karnataka,Madikeri,6
Karnataka,Magadi,7
Karnataka,Malavalli,8
Karnataka,Malur,9
Karnataka,Mandya,10
Karnataka,Mangalore,11
Karnataka,Manvi,12
Karnataka,Molakalmuru,13
Karnataka,Muddebihal,14
Karnataka,Mudhol,15
Karnataka,Mudigere,16
Karnataka,Mulbagal,17
Karnataka,Mundargi,18
Karnataka,Mundgod,19
Karnataka,Mysore,20
Karnataka,Nagamangala,21
Karnataka,Nanjangud,22
Karnataka,Narasimharajapura,23
Karnataka,Nargund,24
Karnataka,Navalgund,25
Karnataka,Nelamangala,26
Karnataka,Pandavapura,27
Karnataka,Parasgad,28
Karnataka,Pavagada,29
Karnataka,Piriyapatna,30
Karnataka,Puttur,31
Karnataka,Raichur,32
Karnataka,Ramanagara,33
Karnataka,Ramdurg,34
Karnataka,Ranibennur,35
Karnataka,Raybag,36
Karnataka,Ron,37
Karnataka,Sagar,38
Karnataka,Sakleshpur,39
Karnataka,Sampgaon,40
Karnataka,Sandur,41
Karnataka,Savanur,42
Karnataka,Sedam,43
Karnataka,Shahpur,44
Karnataka,Shiggaon,45
Karnataka,Shikarpur,46
Karnataka,Shimoga,47
Karnataka,Shirhatti,48
Karnataka,Shorapur,49
Karnataka,Shrirangapattana,50
Karnataka,Siddapur,51
Karnataka,Sidlaghatta,52
Karnataka,Sindgi,53
Karnataka,Sindhnur,54
Karnataka,Sira,55
Karnataka,Sirsi,56
Karnataka,Siruguppa,57
Karnataka,Somvarpet,58
Karnataka,Sorab,59
Karnataka,Sringeri,60
Karnataka,Srinivaspur,61
Karnataka,Sulya,62
Karnataka,Supa,63
Karnataka,Tarikere,64
Karnataka,Tiptur,65
Karnataka,Tirthahalli,66
Karnataka,Tirumakudal-narsipur,67
Karnataka,Tumkur,68
Karnataka,Turuvekere,69
Karnataka,Udupi,70
Karnataka,Virajpet,71
Karnataka,Yadgir,72
Karnataka,Yelandur,73
Karnataka,Yelbarga,74
Karnataka,Yellapur,75
Kerala,Adoor,76
Kerala,Alathur,77
Kerala,Aluva,78
Kerala,Ambalappuzha,79
Kerala,Changanassery,80
Kerala,Chavakkad,81
Kerala,Chengannur,82
Kerala,Cherthala,83
Kerala,Chirayinkeezhu,84
Kerala,Chittur,85
Kerala,Devikulam,86
Kerala,Ernad,87
Kerala,Hosdurg,88
Kerala,Kanayannur,89
Kerala,Kanjirappally,90
Kerala,Kannur,91
Kerala,Karthikappally,92
Kerala,Karunagappally,93
Kerala,Kasaragod,94
Kerala,Kochi,95
Kerala,Kodungallur,96
Kerala,Kollam,97
Kerala,Kothamangalam,98
Kerala,Kottarakkara,99
Kerala,Kottayam,100
Kerala,Kozhenchery,1
Kerala,Kozhikode,2
Kerala,Kunnathunad,3
Kerala,Kunnathur,4
Kerala,Kuttanad,5
Kerala,Mallappally,6
Kerala,Mananthavady,7
Kerala,Mannarkad,8
Kerala,Mavelikkara,9
Kerala,Meenachil,10
Kerala,Mukundapuram,11
Kerala,Muvattupuzha,12
Kerala,Nedumangad,13
Kerala,Neyyattinkara,14
Kerala,Nilambur,15
Kerala,Ottappalam,16
Kerala,Palakkad,17
Kerala,Paravur,18
Kerala,Pathanapuram,19
Kerala,Peerumade,20
Kerala,Perinthalmanna,21
Kerala,Ponnani,22
Kerala,Quilandy,23
Kerala,Ranni,24
Kerala,Sulthanbathery,25
Kerala,Talappilly,26
Kerala,Taliparamba,27
Kerala,Thalassery,28
Kerala,Thiruvalla,29
Kerala,Thiruvananthapuram,30
Kerala,Thodupuzha,31
Kerala,Thrissur,32
Kerala,Tirur,33
Kerala,Tirurangadi,34
Kerala,Udumbanchola,35
Kerala,Vadakara,36
Kerala,Vaikom,37
Kerala,Vythiri,38
Lakshadweep,Agatti,39
Lakshadweep,Amini,40
Lakshadweep,Andrott,41
Lakshadweep,Bitra,42
Lakshadweep,Chetlat,43
Lakshadweep,Kadmat,44
Lakshadweep,Kalpeni,45
Lakshadweep,Kavaratti,46
Lakshadweep,Kiltan,47
Lakshadweep,Minicoy,48
Madhya Pradesh,Agar,49
Madhya Pradesh,Ajaigarh,50
Madhya Pradesh,Alirajpur,51
Madhya Pradesh,Alot,52
Madhya Pradesh,Amanganj,53
Madhya Pradesh,Amarpatan,54
Madhya Pradesh,Amarwara,55
Madhya Pradesh,Ambah,56
Madhya Pradesh,Amla,57
Madhya Pradesh,Anjad,58
Madhya Pradesh,Anuppur,59
Madhya Pradesh,Aron,60
Madhya Pradesh,Ashoknagar,61
Madhya Pradesh,Ashta,62
Madhya Pradesh,Ater,63
Madhya Pradesh,Athner,64
Madhya Pradesh,Babai,65
Madhya Pradesh,Bada Malhera,66
Madhya Pradesh,Badarwas,67
Madhya Pradesh,Badi,68
Madhya Pradesh,Badnagar,69
Madhya Pradesh,Badnawar,70
Madhya Pradesh,Badod,71
Madhya Pradesh,Badoda,72
Madhya Pradesh,Badwara,73
Madhya Pradesh,Bagli,74
Madhya Pradesh,Bahoriband,75
Madhya Pradesh,Baihar,76
Madhya Pradesh,Bajna,77
Madhya Pradesh,Balaghat,78
Madhya Pradesh,Baldeogarh,79
Madhya Pradesh,Bamori,80
Madhya Pradesh,Banda,81
Madhya Pradesh,Bandhogarh,82
Madhya Pradesh,Bankhedi,83
Madhya Pradesh,Baraily,84
Madhya Pradesh,Barghat,85
Madhya Pradesh,Barhi,86
Madhya Pradesh,Barwaha,87
Madhya Pradesh,Barwani,88
Madhya Pradesh,Basoda,89
Madhya Pradesh,Batiyagarh,90
Madhya Pradesh,Beerpur,91
Madhya Pradesh,Begamganj,92
Madhya Pradesh,Beohari,93
Madhya Pradesh,Berasia,94
Madhya Pradesh,Betul,95
Madhya Pradesh,Bhagwanpura,96
Madhya Pradesh,Bhainsdehi,97
Madhya Pradesh,Bhander,98
Madhya Pradesh,Bhanpura,99
Madhya Pradesh,Bhavra,100
Madhya Pradesh,Bhikangaon,1
Madhya Pradesh,Bhind,2
Madhya Pradesh,Bhitarwar,3
Madhya Pradesh,Biaora,4
Madhya Pradesh,Bichhiya,5
Madhya Pradesh,Bichhua,6
Madhya Pradesh,Bijawar,7
Madhya Pradesh,Bina,8
Madhya Pradesh,Birsinghpur,9
Madhya Pradesh,Budni,10
Madhya Pradesh,Burhanpur,11
Madhya Pradesh,Buxwaha,12
Madhya Pradesh,Chachaura,13
Madhya Pradesh,Chanderi,14
Madhya Pradesh,Chandia,15
Madhya Pradesh,Chandla,16
Madhya Pradesh,Chaurai,17
Madhya Pradesh,Chhapara,18
Madhya Pradesh,Chhatarpur,19
Madhya Pradesh,Chhindwara,20
Madhya Pradesh,Chicholi,21
Madhya Pradesh,Chinour,22
Madhya Pradesh,Chitrangi,23
Madhya Pradesh,Churhat,24
Madhya Pradesh,Dabra (pichhore),25
Madhya Pradesh,Dahi,26
Madhya Pradesh,Daloda,27
Madhya Pradesh,Damoh,28
Madhya Pradesh,Datia,29
Madhya Pradesh,Deori,30
Madhya Pradesh,Deosar,31
Madhya Pradesh,Depalpur,32
Madhya Pradesh,Devendranagar,33
Madhya Pradesh,Dewas,34
Madhya Pradesh,Dhanora,35
Madhya Pradesh,Dhar,36
Madhya Pradesh,Dharampuri,37
Madhya Pradesh,Dhimarkheda,38
Madhya Pradesh,Dindori,39
Madhya Pradesh,Dolariya,40
Madhya Pradesh,Gadarwara,41
Madhya Pradesh,Gairatganj,42
Madhya Pradesh,Gandhwani,43
Madhya Pradesh,Garhakota,44
Madhya Pradesh,Garoth,45
Madhya Pradesh,Gaurihar,46
Madhya Pradesh,Ghansaur,47
Madhya Pradesh,Ghatiya,48
Madhya Pradesh,Ghoda Dongri,49
Madhya Pradesh,Ghughari,50
Madhya Pradesh,Ghuwara,51
Madhya Pradesh,Gogaon,52
Madhya Pradesh,Gohad,53
Madhya Pradesh,Goharganj,54
Madhya Pradesh,Gopadbanas,55
Madhya Pradesh,Gormi,56
Madhya Pradesh,Gotegaon,57
Madhya Pradesh,Gulabganj,58
Madhya Pradesh,Gulana,59
Madhya Pradesh,Guna,60
Madhya Pradesh,Gunnor,61
Madhya Pradesh,Gurh,62
Madhya Pradesh,Gwalior (gird),63
Madhya Pradesh,Gyaraspur,64
Madhya Pradesh,Handiya,65
Madhya Pradesh,Hanumana,66
Madhya Pradesh,Harda,67
Madhya Pradesh,Harrai,68
Madhya Pradesh,Harsud,69
Madhya Pradesh,Hatod,70
Madhya Pradesh,Hatpiplya,71
Madhya Pradesh,Hatta,72
Madhya Pradesh,Hoshangabad,73
Madhya Pradesh,Huzur,74
Madhya Pradesh,Ichhawar,75
Madhya Pradesh,Indergarh,76
Madhya Pradesh,Indore,77
Madhya Pradesh,Isagarh,78
Madhya Pradesh,Itarsi,79
Madhya Pradesh,Jabalpur,80
Madhya Pradesh,Jabera,81
Madhya Pradesh,Jaisinghnagar,82
Madhya Pradesh,Jaithari,83
Madhya Pradesh,Jaitpur,84
Madhya Pradesh,Jamai,85
Madhya Pradesh,Jaora,86
Madhya Pradesh,Jatara,87
Madhya Pradesh,Jawa,88
Madhya Pradesh,Jawad,89
Madhya Pradesh,Jawar,90
Madhya Pradesh,Jhabua,91
Madhya Pradesh,Jhiranya,92
Madhya Pradesh,Jiran,93
Madhya Pradesh,Jirapur,94
Madhya Pradesh,Jobat,95
Madhya Pradesh,Joura,96
Madhya Pradesh,Kailaras,97
Madhya Pradesh,Kalapipal,98
Madhya Pradesh,Kannod,99
Madhya Pradesh,Karahal,100
Madhya Pradesh,Kareli,1
Madhya Pradesh,Karera,2
Madhya Pradesh,Kasrawad,3
Madhya Pradesh,Katangi,4
Madhya Pradesh,Keolari,5
Madhya Pradesh,Kesli,6
Madhya Pradesh,Khacharod,7
Madhya Pradesh,Khairlanji,8
Madhya Pradesh,Khaknar,9
Madhya Pradesh,Khalwa,10
Madhya Pradesh,Khandwa,11
Madhya Pradesh,Khaniyadhana,12
Madhya Pradesh,Khargapur,13
Madhya Pradesh,Khargone,14
Madhya Pradesh,Khategaon,15
Madhya Pradesh,Khilchipur,16
Madhya Pradesh,Khirkiya,17
Madhya Pradesh,Khurai,18
Madhya Pradesh,Kirnapur,19
Madhya Pradesh,Kolaras,20
Madhya Pradesh,Kotar,21
Madhya Pradesh,Kotma,22
Madhya Pradesh,Kukshi,23
Madhya Pradesh,Kumbhraj,24
Madhya Pradesh,Kundam,25
Madhya Pradesh,Kurai,26
Madhya Pradesh,Kurwai,27
Madhya Pradesh,Kusmi,28
Madhya Pradesh,Lahar,29
Madhya Pradesh,Lakhnadon,30
Madhya Pradesh,Lalbarra,31
Madhya Pradesh,Lanji,32
Madhya Pradesh,Lateri,33
Madhya Pradesh,Laundi,34
Madhya Pradesh,Maharajpur,35
Madhya Pradesh,Maheshwar,36
Madhya Pradesh,Mahidpur,37
Madhya Pradesh,Maihar,38
Madhya Pradesh,Majhauli,39
Madhya Pradesh,Majhgawan,40
Madhya Pradesh,Majholi,41
Madhya Pradesh,Maksoodangarh,42
Madhya Pradesh,Malhargarh,43
Madhya Pradesh,Malthon,44
Madhya Pradesh,Manasa,45
Madhya Pradesh,Manawar,46
Madhya Pradesh,Mandla,47
Madhya Pradesh,Mandsaur,48
Madhya Pradesh,Mangawan,49
Madhya Pradesh,Manpur,50
Madhya Pradesh,Mauganj,51
Madhya Pradesh,Meghnagar,52
Madhya Pradesh,Mehgaon,53
Madhya Pradesh,Mhow,54
Madhya Pradesh,Mihona,55
Madhya Pradesh,Mohangarh,56
Madhya Pradesh,Mohkhed,57
Madhya Pradesh,Moman Badodiya,58
Madhya Pradesh,Morena,59
Madhya Pradesh,Multai,60
Madhya Pradesh,Mungaoli,61
Madhya Pradesh,Murwara,62
Madhya Pradesh,Nagda,63
Madhya Pradesh,Nagod,64
Madhya Pradesh,Naigarhi,65
Madhya Pradesh,Nainpur,66
Madhya Pradesh,Nalkheda,67
Madhya Pradesh,Narayanganj,68
Madhya Pradesh,Narsimhapur,69
Madhya Pradesh,Narsinghgarh,70
Madhya Pradesh,Narwar,71
Madhya Pradesh,Nasrullaganj,72
Madhya Pradesh,Nateran,73
Madhya Pradesh,Neemuch,74
Madhya Pradesh,Nepanagar,75
Madhya Pradesh,Niwali,76
Madhya Pradesh,Niwari,77
Madhya Pradesh,Niwas,78
Madhya Pradesh,Nowgong,79
Madhya Pradesh,Nowrozabad,80
Madhya Pradesh,Orchha,81
Madhya Pradesh,Pachore,82
Madhya Pradesh,Palera,83
Madhya Pradesh,Pali,84
Madhya Pradesh,Panagar,85
Madhya Pradesh,Pandhana,86
Madhya Pradesh,Pandhurna,87
Madhya Pradesh,Panna,88
Madhya Pradesh,Pansemal,89
Madhya Pradesh,Parasia,90
Madhya Pradesh,Paraswada,91
Madhya Pradesh,Patan,92
Madhya Pradesh,Patera,93
Madhya Pradesh,Patharia,94
Madhya Pradesh,Pati,95
Madhya Pradesh,Pawai,96
Madhya Pradesh,Petlawad,97
Madhya Pradesh,Pichhore,98
Madhya Pradesh,Pipariya,99
Madhya Pradesh,Piploda,100
Madhya Pradesh,Pohri,1
Madhya Pradesh,Porsa,2
Madhya Pradesh,Prithvipur,3
Madhya Pradesh,Punasa,4
Madhya Pradesh,Pushparajgarh,5
Madhya Pradesh,Raghogarh,6
Madhya Pradesh,Raghurajnagar,7
Madhya Pradesh,Rahatgarh,8
Madhya Pradesh,Raipur-karchuliyan,9
Madhya Pradesh,Raipura,10
Madhya Pradesh,Raisen,11
Madhya Pradesh,Rajgarh,12
Madhya Pradesh,Rajnagar,13
Madhya Pradesh,Rajpur,14
Madhya Pradesh,Ramnagar,15
Madhya Pradesh,Rampur Baghelan,16
Madhya Pradesh,Rampur Naikin,17
Madhya Pradesh,Ranapur,18
Madhya Pradesh,Ratlam,19
Madhya Pradesh,Rawti,20
Madhya Pradesh,Rehatgaon,21
Madhya Pradesh,Rehli,22
Madhya Pradesh,Rehti,23
Madhya Pradesh,Rithi,24
Madhya Pradesh,Ron,25
Madhya Pradesh,Sabalgarh,26
Madhya Pradesh,Sagar,27
Madhya Pradesh,Sailana,28
Madhya Pradesh,Sarangpur,29
Madhya Pradesh,Sardarpur,30
Madhya Pradesh,Satwas,31
Madhya Pradesh,Sausar,32
Madhya Pradesh,Sawer,33
Madhya Pradesh,Segaon,34
Madhya Pradesh,Sehore,35
Madhya Pradesh,Semaria,36
Madhya Pradesh,Sendhwa,37
Madhya Pradesh,Seondha,38
Madhya Pradesh,Seoni,39
Madhya Pradesh,Seoni-malwa,40
Madhya Pradesh,Shadhora,41
Madhya Pradesh,Shahgarh,42
Madhya Pradesh,Shahnagar,43
Madhya Pradesh,Shahpur,44
Madhya Pradesh,Shahpura,45
Madhya Pradesh,Shajapur,46
Madhya Pradesh,Shamgarh,47
Madhya Pradesh,Shamshabad,48
Madhya Pradesh,Sheopur,49
Madhya Pradesh,Shivpuri,50
Madhya Pradesh,Shujalpur,51
Madhya Pradesh,Shyampur,52
Madhya Pradesh,Sihawal,53
Madhya Pradesh,Sihora,54
Madhya Pradesh,Silwani,55
Madhya Pradesh,Singoli,56
Madhya Pradesh,Singrauli,57
Madhya Pradesh,Sirali,58
Madhya Pradesh,Sirmour,59
Madhya Pradesh,Sironj,60
Madhya Pradesh,Sitamau,61
Madhya Pradesh,Sohagpur,62
Madhya Pradesh,Sonkatch,63
Madhya Pradesh,Susner,64
Madhya Pradesh,Suwasara,65
Madhya Pradesh,Tal,66
Madhya Pradesh,Tamia,67
Madhya Pradesh,Tarana,68
Madhya Pradesh,Tendukheda,69
Madhya Pradesh,Teonthar,70
Madhya Pradesh,Thandla,71
Madhya Pradesh,Thikri,72
Madhya Pradesh,Tikamgarh,73
Madhya Pradesh,Timarni,74
Madhya Pradesh,Tirodi,75
Madhya Pradesh,Tonk Khurd,76
Madhya Pradesh,Tyonda,77
Madhya Pradesh,Udaipura,78
Madhya Pradesh,Ujjain,79
Madhya Pradesh,Umreth,80
Madhya Pradesh,Unchahara,81
Madhya Pradesh,Varla,82
Madhya Pradesh,Vidisha,83
Madhya Pradesh,Vijaypur,84
Madhya Pradesh,Vijayraghavgarh,85
Madhya Pradesh,Waraseoni,86
Maharashtra,Achalpur,87
Maharashtra,Aheri,88
Maharashtra,Ahmadpur,89
Maharashtra,Ajra,90
Maharashtra,Akkalkot,91
Maharashtra,Akkalkuwa,92
Maharashtra,Akola,93
Maharashtra,Akot,94
Maharashtra,Akrani,95
Maharashtra,Alibag,96
Maharashtra,Amalner,97
Maharashtra,Ambad,98
Maharashtra,Ambarnath,99
Maharashtra,Ambegaon,100
Maharashtra,Ambejogai,1
Maharashtra,Amgaon,2
Maharashtra,Amravati,3
Maharashtra,Anjangaon Surji,4
Maharashtra,Ardhapur,5
Maharashtra,Area Not Under Any Sub-district,6
Maharashtra,Arjuni Morgaon,7
Maharashtra,Armori,8
Maharashtra,Arni,9
Maharashtra,Arvi,10
Maharashtra,Ashti,11
Maharashtra,Atpadi,12
Maharashtra,Aundha (nagnath),13
Maharashtra,Aurangabad,14
Maharashtra,Ausa,15
Maharashtra,Babulgaon,16
Maharashtra,Badnapur,17
Maharashtra,Baglan,18
Maharashtra,Balapur,19
Maharashtra,Ballarpur,20
Maharashtra,Baramati,21
Maharashtra,Barshi,22
Maharashtra,Barshitakli,23
Maharashtra,Basmath,24
Maharashtra,Bavda,25
Maharashtra,Bhadgaon,26
Maharashtra,Bhadravati,27
Maharashtra,Bhamragad,28
Maharashtra,Bhandara,29
Maharashtra,Bhatkuli,30
Maharashtra,Bhiwandi,31
Maharashtra,Bhiwapur,32
Maharashtra,Bhokar,33
Maharashtra,Bhokardan,34
Maharashtra,Bhor,35
Maharashtra,Bhudargad,36
Maharashtra,Bhum,37
Maharashtra,Bhusawal,38
Maharashtra,Bid,39
Maharashtra,Biloli,40
Maharashtra,Bodvad,41
Maharashtra,Brahmapuri,42
Maharashtra,Buldana,43
Maharashtra,Chakur,44
Maharashtra,Chalisgaon,45
Maharashtra,Chamorshi,46
Maharashtra,Chandgad,47
Maharashtra,Chandrapur,48
Maharashtra,Chandur Railway,49
Maharashtra,Chandurbazar,50
Maharashtra,Chandvad,51
Maharashtra,Chikhaldara,52
Maharashtra,Chikhli,53
Maharashtra,Chimur,54
Maharashtra,Chiplun,55
Maharashtra,Chopda,56
Maharashtra,Dahanu,57
Maharashtra,Dapoli,58
Maharashtra,Darwha,59
Maharashtra,Daryapur,60
Maharashtra,Daund,61
Maharashtra,Deglur,62
Maharashtra,Deola,63
Maharashtra,Deolgaon Raja,64
Maharashtra,Deoli,65
Maharashtra,Deoni,66
Maharashtra,Deori,67
Maharashtra,Desaiganj (vadasa),68
Maharashtra,Devgad,69
Maharashtra,Dhamangaon Railway,70
Maharashtra,Dhanora,71
Maharashtra,Dharangaon,72
Maharashtra,Dharmabad,73
Maharashtra,Dharni,74
Maharashtra,Dharur,75
Maharashtra,Dhule,76
Maharashtra,Digras,77
Maharashtra,Dindori,78
Maharashtra,Dodamarg,79
Maharashtra,Erandol,80
Maharashtra,Etapalli,81
Maharashtra,Gadchiroli,82
Maharashtra,Gadhinglaj,83
Maharashtra,Gangakhed,84
Maharashtra,Gangapur,85
Maharashtra,Georai,86
Maharashtra,Ghansawangi,87
Maharashtra,Ghatanji,88
Maharashtra,Gondiya,89
Maharashtra,Gondpipri,90
Maharashtra,Goregaon,91
Maharashtra,Guhagar,92
Maharashtra,Hadgaon,93
Maharashtra,Hatkanangle,94
Maharashtra,Haveli,95
Maharashtra,Himayatnagar,96
Maharashtra,Hinganghat,97
Maharashtra,Hingna,98
Maharashtra,Hingoli,99
Maharashtra,Igatpuri,100
Maharashtra,Indapur,1
Maharashtra,Jafferabad,2
Maharashtra,Jalgaon,3
Maharashtra,Jalgaon (jamod),4
Maharashtra,Jalkot,5
Maharashtra,Jalna,6
Maharashtra,Jamkhed,7
Maharashtra,Jamner,8
Maharashtra,Jaoli,9
Maharashtra,Jat,10
Maharashtra,Jawhar,11
Maharashtra,Jintur,12
Maharashtra,Jiwati,13
Maharashtra,Junnar,14
Maharashtra,Kadegaon,15
Maharashtra,Kagal,16
Maharashtra,Kaij,17
Maharashtra,Kalamb,18
Maharashtra,Kalameshwar,19
Maharashtra,Kalamnuri,20
Maharashtra,Kalwan,21
Maharashtra,Kalyan,22
Maharashtra,Kamptee,23
Maharashtra,Kandhar,24
Maharashtra,Kankavli,25
Maharashtra,Kannad,26
Maharashtra,Karad,27
Maharashtra,Karanja,28
Maharashtra,Karjat,29
Maharashtra,Karmala,30
Maharashtra,Karvir,31
Maharashtra,Katol,32
Maharashtra,Kavathemahankal,33
Maharashtra,Kelapur,34
Maharashtra,Khalapur,35
Maharashtra,Khamgaon,36
Maharashtra,Khanapur (vita),37
Maharashtra,Khandala,38
Maharashtra,Khatav,39
Maharashtra,Khed,40
Maharashtra,Khuldabad,41
Maharashtra,Kinwat,42
Maharashtra,Kopargaon,43
Maharashtra,Korchi,44
Maharashtra,Koregaon,45
Maharashtra,Korpana,46
Maharashtra,Kudal,47
Maharashtra,Kuhi,48
Maharashtra,Kurkheda,49
Maharashtra,Lakhandur,50
Maharashtra,Lakhani,51
Maharashtra,Lanja,52
Maharashtra,Latur,53
Maharashtra,Loha,54
Maharashtra,Lohara,55
Maharashtra,Lonar,56
Maharashtra,Madha,57
Maharashtra,Mahabaleshwar,58
Maharashtra,Mahad,59
Maharashtra,Mahagaon,60
Maharashtra,Mahoor,61
Maharashtra,Malegaon,62
Maharashtra,Malkapur,63
Maharashtra,Malshiras,64
Maharashtra,Malwan,65
Maharashtra,Man,66
Maharashtra,Mandangad,67
Maharashtra,Mangalvedhe,68
Maharashtra,Mangaon,69
Maharashtra,Mangrulpir,70
Maharashtra,Manjlegaon,71
Maharashtra,Manora,72
Maharashtra,Mantha,73
Maharashtra,Manwath,74
Maharashtra,Maregaon,75
Maharashtra,Mauda,76
Maharashtra,Mawal,77
Maharashtra,Mehkar,78
Maharashtra,Mhasla,79
Maharashtra,Miraj,80
Maharashtra,Mohadi,81
Maharashtra,Mohol,82
Maharashtra,Mokhada,83
Maharashtra,Morshi,84
Maharashtra,Motala,85
Maharashtra,Mudkhed,86
Maharashtra,Mukhed,87
Maharashtra,Muktainagar,88
Maharashtra,Mul,89
Maharashtra,Mulchera,90
Maharashtra,Mulshi,91
Maharashtra,Murbad,92
Maharashtra,Murtijapur,93
Maharashtra,Murud,94
Maharashtra,Nagar,95
Maharashtra,Nagbhir,96
Maharashtra,Nagpur (rural),97
Maharashtra,Nagpur (urban),98
Maharashtra,Naigaon (khairgaon),99
Maharashtra,Nanded,100
Maharashtra,Nandgaon,1
Maharashtra,Nandgaon-khandeshwar,2
Maharashtra,Nandura,3
Maharashtra,Nandurbar,4
Maharashtra,Narkhed,5
Maharashtra,Nashik,6
Maharashtra,Nawapur,7
Maharashtra,Ner,8
Maharashtra,Nevasa,9
Maharashtra,Nilanga,10
Maharashtra,Niphad,11
Maharashtra,Osmanabad,12
Maharashtra,Pachora,13
Maharashtra,Paithan,14
Maharashtra,Palam,15
Maharashtra,Palghar,16
Maharashtra,Palus,17
Maharashtra,Pandharpur,18
Maharashtra,Panhala,19
Maharashtra,Panvel,20
Maharashtra,Paranda,21
Maharashtra,Parbhani,22
Maharashtra,Parli,23
Maharashtra,Parner,24
Maharashtra,Parola,25
Maharashtra,Parseoni,26
Maharashtra,Partur,27
Maharashtra,Patan,28
Maharashtra,Pathardi,29
Maharashtra,Pathri,30
Maharashtra,Patoda,31
Maharashtra,Patur,32
Maharashtra,Pauni,33
Maharashtra,Peint,34
Maharashtra,Pen,35
Maharashtra,Phaltan,36
Maharashtra,Phulambri,37
Maharashtra,Poladpur,38
Maharashtra,Pombhurna,39
Maharashtra,Pune City,40
Maharashtra,Purandhar,41
Maharashtra,Purna,42
Maharashtra,Pusad,43
Maharashtra,Radhanagari,44
Maharashtra,Rahta,45
Maharashtra,Rahuri,46
Maharashtra,Rajapur,47
Maharashtra,Rajura,48
Maharashtra,Ralegaon,49
Maharashtra,Ramtek,50
Maharashtra,Ratnagiri,51
Maharashtra,Raver,52
Maharashtra,Renapur,53
Maharashtra,Risod,54
Maharashtra,Roha,55
Maharashtra,Sadak-arjuni,56
Maharashtra,Sailu,57
Maharashtra,Sakoli,58
Maharashtra,Sakri,59
Maharashtra,Salekasa,60
Maharashtra,Samudrapur,61
Maharashtra,Sangameshwar,62
Maharashtra,Sangamner,63
Maharashtra,Sangole,64
Maharashtra,Sangrampur,65
Maharashtra,Satara,66
Maharashtra,Savner,67
Maharashtra,Sawali,68
Maharashtra,Sawantwadi,69
Maharashtra,Seloo,70
Maharashtra,Sengaon,71
Maharashtra,Shahade,72
Maharashtra,Shahapur,73
Maharashtra,Shahuwadi,74
Maharashtra,Shegaon,75
Maharashtra,Shevgaon,76
Maharashtra,Shirala,77
Maharashtra,Shirol,78
Maharashtra,Shirpur,79
Maharashtra,Shirur,80
Maharashtra,Shirur (kasar),81
Maharashtra,Shirur-anantpal,82
Maharashtra,Shrigonda,83
Maharashtra,Shrirampur,84
Maharashtra,Shrivardhan,85
Maharashtra,Sillod,86
Maharashtra,Sindewahi,87
Maharashtra,Sindkhed Raja,88
Maharashtra,Sindkhede,89
Maharashtra,Sinnar,90
Maharashtra,Sironcha,91
Maharashtra,Soegaon,92
Maharashtra,Solapur North,93
Maharashtra,Solapur South,94
Maharashtra,Sonpeth,95
Maharashtra,Sudhagad,96
Maharashtra,Surgana,97
Maharashtra,Tala,98
Maharashtra,Talasari,99
Maharashtra,Talode,100
Maharashtra,Tasgaon,1
Maharashtra,Telhara,2
Maharashtra,Teosa,3
Maharashtra,Thane,4
Maharashtra,Tirora,5
Maharashtra,Trimbakeshwar,6
Maharashtra,Tuljapur,7
Maharashtra,Tumsar,8
Maharashtra,Udgir,9
Maharashtra,Ulhasnagar,10
Maharashtra,Umarga,11
Maharashtra,Umarkhed,12
Maharashtra,Umred,13
Maharashtra,Umri,14
Maharashtra,Uran,15
Maharashtra,Vada,16
Maharashtra,Vaibhavvadi,17
Maharashtra,Vaijapur,18
Maharashtra,Vasai,19
Maharashtra,Velhe,20
Maharashtra,Vengurla,21
Maharashtra,Vikramgad,22
Maharashtra,Wadwani,23
Maharashtra,Wai,24
Maharashtra,Walwa,25
Maharashtra,Wani,26
Maharashtra,Wardha,27
Maharashtra,Warora,28
Maharashtra,Warud,29
Maharashtra,Washi,30
Maharashtra,Washim,31
Maharashtra,Yavatmal,32
Maharashtra,Yawal,33
Maharashtra,Yevla,34
Maharashtra,Zari-jamani,35
Manipur,Bishnupur,36
Manipur,Chakpikarong,37
Manipur,Chandel,38
Manipur,Churachandpur,39
Manipur,Churachandpur North,40
Manipur,Jiribam,41
Manipur,Kakching,42
Manipur,Kamjong-chassad,43
Manipur,Keirao Bitra,44
Manipur,Lamphelpat,45
Manipur,Lamshang,46
Manipur,Lilong,47
Manipur,Machi,48
Manipur,Mao-maram,49
Manipur,Moirang,50
Manipur,Nambol,51
Manipur,Nungba,52
Manipur,Paomata,53
Manipur,Patsoi,54
Manipur,Phungyar-phaisat,55
Manipur,Porompat,56
Manipur,Purul,57
Manipur,Sadar Hills East,58
Manipur,Sadar Hills West,59
Manipur,Saitu-gamphazol,60
Manipur,Sawombung,61
Manipur,Singngat,62
Manipur,Tamenglong,63
Manipur,Tamenglong North,64
Manipur,Tamenglong West,65
Manipur,Tengnoupal,66
Manipur,Thanlon,67
Manipur,Thoubal,68
Manipur,Tipaimukh,69
Manipur,Ukhrul North,70
Manipur,Ukhrul South,71
Manipur,Ukhurl Central,72
Manipur,Wangoi,73
Meghalaya,Amlarem,74
Meghalaya,Baghmara,75
Meghalaya,Betasing,76
Meghalaya,Chokpot,77
Meghalaya,Dadenggiri,78
Meghalaya,Dalu,79
Meghalaya,Dambo Rongjeng,80
Meghalaya,Gambegre,81
Meghalaya,Gasuapara,82
Meghalaya,Jirang,83
Meghalaya,Kharkutta,84
Meghalaya,Khatarshnong Laitkroh,85
Meghalaya,Khliehriat,86
Meghalaya,Laskein,87
Meghalaya,Mairang,88
Meghalaya,Mawkynrew,89
Meghalaya,Mawkyrwat,90
Meghalaya,Mawphlang,91
Meghalaya,Mawryngkneng,92
Meghalaya,Mawshynrut,93
Meghalaya,Mawsynram,94
Meghalaya,Mawthadraishan,95
Meghalaya,Mylliem,96
Meghalaya,Nongstoin,97
Meghalaya,Pynursla,98
Meghalaya,Ranikor,99
Meghalaya,Resubelpara,100
Meghalaya,Rongara,1
Meghalaya,Rongram,2
Meghalaya,Saipung,3
Meghalaya,Samanda,4
Meghalaya,Selsella,5
Meghalaya,Shella Bholaganj,6
Meghalaya,Songsak,7
Meghalaya,Thadlaskein,8
Meghalaya,Tikrikilla,9
Meghalaya,Umling,10
Meghalaya,Umsning,11
Meghalaya,Zikzak,12
Mizoram,Aibawk,13
Mizoram,Bilkhawthlir,14
Mizoram,Champhai,15
Mizoram,Chawngte,16
Mizoram,Darlawn,17
Mizoram,East Lungdar (part),18
Mizoram,Hnahthial,19
Mizoram,Khawbung,20
Mizoram,Khawzawl,21
Mizoram,Lawngtlai,22
Mizoram,Lunglei,23
Mizoram,Lungsen,24
Mizoram,Ngopa,25
Mizoram,North Thingdawl,26
Mizoram,Phullen,27
Mizoram,Reiek,28
Mizoram,S' Bungtlang,29
Mizoram,Saiha,30
Mizoram,Sangau,31
Mizoram,Serchhip,32
Mizoram,Thingsulthliah (part),33
Mizoram,Tlangnuam (part),34
Mizoram,Tuipang,35
Mizoram,West Bunghmun,36
Mizoram,West Phaileng,37
Mizoram,Zawlnuam,38
Nagaland,Aboi,39
Nagaland,Aghunato,40
Nagaland,Aitepyong,41
Nagaland,Akuhaito,42
Nagaland,Akuluto,43
Nagaland,Alongkima,44
Nagaland,Amahator,45
Nagaland,Angjangyang,46
Nagaland,Aquqhnaqua,47
Nagaland,Asuto,48
Nagaland,Athibung,49
Nagaland,Atoizu,50
Nagaland,Baghty,51
Nagaland,Bhandari,52
Nagaland,Botsa,53
Nagaland,Changpang,54
Nagaland,Changtongya,55
Nagaland,Chare,56
Nagaland,Chen,57
Nagaland,Chessore,58
Nagaland,Chetheba,59
Nagaland,Chiephobozou,60
Nagaland,Chingmei,61
Nagaland,Chizami,62
Nagaland,Chozuba,63
Nagaland,Chuchuyimlang,64
Nagaland,Chukitong,65
Nagaland,Chumukedima,66
Nagaland,Dhansiripar,67
Nagaland,Dimapur Sadar,68
Nagaland,Englan,69
Nagaland,Ghathashi,70
Nagaland,Hunta,71
Nagaland,Jakhama,72
Nagaland,Jalukie,73
Nagaland,Kebai Khelma,74
Nagaland,Kezocha,75
Nagaland,Khezhakeno,76
Nagaland,Khongsa,77
Nagaland,Khuza,78
Nagaland,Kiphire Sadar,79
Nagaland,Kiusam,80
Nagaland,Kohima Sadar,81
Nagaland,Kubolong,82
Nagaland,Kuhoboto,83
Nagaland,Longchem,84
Nagaland,Longkhim,85
Nagaland,Longleng,86
Nagaland,Longmatra,87
Nagaland,Longshen,88
Nagaland,Lotsu,89
Nagaland,Mangko,90
Nagaland,Mangkolemba,91
Nagaland,Medziphema,92
Nagaland,Meluri,93
Nagaland,Merangmen,94
Nagaland,Mon Sadar,95
Nagaland,Monyakshu,96
Nagaland,Mopong,97
Nagaland,Naginimora,98
Nagaland,Namsang,99
Nagaland,Ngoungchung,100
Nagaland,Nihokhu,1
Nagaland,Niuland,2
Nagaland,Nokhu,3
Nagaland,Noklak,4
Nagaland,Noksen,5
Nagaland,Nsong,6
Nagaland,Ongpangkong,7
Nagaland,Panso,8
Nagaland,Pedi (ngwalwa),9
Nagaland,Peren,10
Nagaland,Pfutsero,11
Nagaland,Phek Sadar,12
Nagaland,Phokhungri,13
Nagaland,Phomching,14
Nagaland,Phor,15
Nagaland,Pughoboto,16
Nagaland,Pungro,17
Nagaland,Ralan,18
Nagaland,Razieba,19
Nagaland,Sakraba,20
Nagaland,Sakshi,21
Nagaland,Sangsangnyu,22
Nagaland,Sanis,23
Nagaland,Saptiqa,24
Nagaland,Satakha,25
Nagaland,Satoi,26
Nagaland,Sechu-zubza,27
Nagaland,Sekruzu,28
Nagaland,Seyochung,29
Nagaland,Shamator,30
Nagaland,Shangnyu,31
Nagaland,Sitimi,32
Nagaland,Sotokur,33
Nagaland,Sungro,34
Nagaland,Suruhuto,35
Nagaland,Tamlu,36
Nagaland,Tening,37
Nagaland,Thonoknyu,38
Nagaland,Tizit,39
Nagaland,Tobu,40
Nagaland,Tseminyu,41
Nagaland,Tsogin,42
Nagaland,Tsurungto,43
Nagaland,Tuensang Sadar,44
Nagaland,Tuli,45
Nagaland,V.k.,46
Nagaland,Wakching,47
Nagaland,Wokha Sadar,48
Nagaland,Wozhuro,49
Nagaland,Yongnyah,50
Nagaland,Zuketsa,51
Nagaland,Zunheboto Sadar,52
Odisha,Aali,53
Odisha,Abhyachandpur,54
Odisha,Adva,55
Odisha,Agarpada,56
Odisha,Ainthapali,57
Odisha,Airfield (kapila Prasad),58
Odisha,Ambabhona,59
Odisha,Ambadala,60
Odisha,Anandapur,61
Odisha,Andirakanch,62
Odisha,Anugul,63
Odisha,Arjyapalli Marine,64
Odisha,Asika,65
Odisha,Astaranga,66
Odisha,Athagad,67
Odisha,Athmallik,68
Odisha,Attabira,69
Odisha,Badachana,70
Odisha,Badagada,71
Odisha,Badamba,72
Odisha,Badampahar,73
Odisha,Badmal,74
Odisha,Bahalda,75
Odisha,Baidyeswar,76
Odisha,Baisinga,77
Odisha,Balangir,78
Odisha,Balaramgadi Marine,79
Odisha,Baleshwar (m),80
Odisha,Baleshwar Sadar,81
Odisha,Balianta,82
Odisha,Baliapal,83
Odisha,Balichandrapur,84
Odisha,Baliguda,85
Odisha,Balikuda,86
Odisha,Balimi,87
Odisha,Balipatna,88
Odisha,Balugaon,89
Odisha,Bamebari,90
Odisha,Bampada,91
Odisha,Banaharapali,92
Odisha,Banapur,93
Odisha,Banarpal,94
Odisha,Bandhugaon,95
Odisha,Banei,96
Odisha,Bangiriposi,97
Odisha,Bangomunda,98
Odisha,Banigochha,99
Odisha,Banki,100
Odisha,Bansada,1
Odisha,Bant,2
Odisha,Bantala,3
Odisha,Baragaon,4
Odisha,Barang,5
Odisha,Barapali,6
Odisha,Barbil,7
Odisha,Bargarh,8
Odisha,Bargarh Sadar,9
Odisha,Bari-ramachandrapur,10
Odisha,Baria,11
Odisha,Baripada (m),12
Odisha,Baripada Sadar,13
Odisha,Baripada Town,14
Odisha,Barkot,15
Odisha,Barsahi,16
Odisha,Basta,17
Odisha,Basudebpur,18
Odisha,Baudh Sadar,19
Odisha,Baunsuni,20
Odisha,Begunia,21
Odisha,Belaghar,22
Odisha,Belpahar,23
Odisha,Belpara,24
Odisha,Berhampur,25
Odisha,Betanati,26
Odisha,Bhadrak Rural,27
Odisha,Bhairabsingipur,28
Odisha,Bhandari Pokhari,29
Odisha,Bhanjanagar,30
Odisha,Bhasma,31
Odisha,Bhatli,32
Odisha,Bheden,33
Odisha,Bhograi,34
Odisha,Bhuban,35
Odisha,Bhubaneswar (m.corp.),36
Odisha,Bhusan Steel Limited,37
Odisha,Bijepur,38
Odisha,Bikrampur,39
Odisha,Binika,40
Odisha,Binjharpur,41
Odisha,Biramaharajpur,42
Odisha,Biramitrapur,43
Odisha,Biridi,44
Odisha,Bishamakatak,45
Odisha,Bisoi,46
Odisha,Bisra,47
Odisha,Biswanathpur,48
Odisha,Boden,49
Odisha,Boipariguda,50
Odisha,Bolagad,51
Odisha,Bolani,52
Odisha,Bondamunda,53
Odisha,Boriguma,54
Odisha,Brahmagiri,55
Odisha,Brahmani Tarang,56
Odisha,Brahmanigaon,57
Odisha,Brahmapur (m.corp.),58
Odisha,Brahmapur Sadar,59
Odisha,Brajarajnagar,60
Odisha,Buguda,61
Odisha,Burdenp.s.,62
Odisha,Burla,63
Odisha,C.r.r.i.,64
Odisha,Chakapada,65
Odisha,Chamakhandi,66
Odisha,Champua,67
Odisha,Chandabali,68
Odisha,Chandahandi,69
Odisha,Chandaka,70
Odisha,Chandanpur,71
Odisha,Chandiposh,72
Odisha,Chandipur,73
Odisha,Chandrapur,74
Odisha,Chandua,75
Odisha,Charamal,76
Odisha,Chhatrapur,77
Odisha,Chhendipada,78
Odisha,Chitrakonda,79
Odisha,Choudwar,80
Odisha,Colliery,81
Odisha,Cuttack (m.corp.) P.s,82
Odisha,Cuttack Sadar,83
Odisha,Dabugan,84
Odisha,Daitari,85
Odisha,Damonjodi,86
Odisha,Daringbadi,87
Odisha,Dasamantapur,88
Odisha,Dasapalla,89
Odisha,Debagarh,90
Odisha,Delanga,91
Odisha,Derabish,92
Odisha,Dhama,93
Odisha,Dhamanagar,94
Odisha,Dhamara Marine,95
Odisha,Dhanupali,96
Odisha,Dharakote,97
Odisha,Dharamgarh,98
Odisha,Dharmasala,99
Odisha,Dharuadihi,100
Odisha,Dhenkanal Sadar,1
Odisha,Dhusuri,2
Odisha,Digapahandi,3
Odisha,Doraguda,4
Odisha,Dunguripali,5
Odisha,Ersama,6
Odisha,Fategarh,7
Odisha,G.udayagiri,8
Odisha,Gadisagada,9
Odisha,Gaisilet,10
Odisha,Gandia,11
Odisha,Gangapur,12
Odisha,Gania,13
Odisha,Ganjam,14
Odisha,Garabandha,15
Odisha,Ghagarbeda,16
Odisha,Ghasipura,17
Odisha,Ghatgaon,18
Odisha,Gobindpur,19
Odisha,Gochhapada,20
Odisha,Golamunda,21
Odisha,Golanthara,22
Odisha,Gop,23
Odisha,Gopalpur,24
Odisha,Gorumahisani,25
Odisha,Govindpur,26
Odisha,Gudari,27
Odisha,Gunupur,28
Odisha,Gurandi,29
Odisha,Gurudijhatia,30
Odisha,Gurundia,31
Odisha,Handapa,32
Odisha,Harbhanga,33
Odisha,Harichandanpur,34
Odisha,Hatibari,35
Odisha,Hemgir,36
Odisha,Hindol,37
Odisha,Hinjili,38
Odisha,Hirakud,39
Odisha,Industrial,40
Odisha,Itamati,41
Odisha,Jagannath Prasad,42
Odisha,Jagatpur,43
Odisha,Jagatsinghapur,44
Odisha,Jajapur,45
Odisha,Jajapur Road,46
Odisha,Jajpur Sadar,47
Odisha,Jakhapura,48
Odisha,Jaleswar,49
Odisha,Jamankira,50
Odisha,Jamboo Marine,51
Odisha,Jamda,52
Odisha,Jankia,53
Odisha,Jarada,54
Odisha,Jarapada,55
Odisha,Jashipur,56
Odisha,Jatani,57
Odisha,Jayapatna,58
Odisha,Jenapur,59
Odisha,Jeypore,60
Odisha,Jharbandha,61
Odisha,Jharigan,62
Odisha,Jharpokharia,63
Odisha,Jharsuguda,64
Odisha,Jhumpura,65
Odisha,Joda,66
Odisha,Jodamba,67
Odisha,Jonk,68
Odisha,Jujomura,69
Odisha,Junagarh,70
Odisha,Kabisuryanagar,71
Odisha,Kakatpur,72
Odisha,Kakiriguma,73
Odisha,Kaliapani,74
Odisha,Kalimela,75
Odisha,Kalinganagar,76
Odisha,Kalyanasingpur,77
Odisha,Kamakshyanagar,78
Odisha,Kamarda,79
Odisha,Kamarposh Balang,80
Odisha,Kandarpur,81
Odisha,Kaniha,82
Odisha,Kanjipani,83
Odisha,Kankadahad,84
Odisha,Kanpur,85
Odisha,Kantabanji,86
Odisha,Kantamal,87
Odisha,Kaptipada,88
Odisha,Karanjia,89
Odisha,Kashinagara,90
Odisha,Kashipur,91
Odisha,Katarbaga,92
Odisha,Kegaon,93
Odisha,Kendrapara,94
Odisha,Kendrapara Sadar,95
Odisha,Kendujhar Sadar,96
Odisha,Kendujhar Town,97
Odisha,Kesinga,98
Odisha,Khaira,99
Odisha,Khajuripada,100
Odisha,Khalikote,1
Odisha,Khamar,2
Odisha,Khandagiri,3
Odisha,Khandapada,4
Odisha,Khaprakhol,5
Odisha,Khariar,6
Odisha,Khatiguda,7
Odisha,Khordha,8
Odisha,Khordha Sadar,9
Odisha,Khunta,10
Odisha,Khuntuni,11
Odisha,Kiakata,12
Odisha,Kinjirkela,13
Odisha,Kishannagar,14
Odisha,Kishorenagar,15
Odisha,Kisinda,16
Odisha,Kochinda,17
Odisha,Kodala,18
Odisha,Kodinga,19
Odisha,Koida,20
Odisha,Kokasara,21
Odisha,Kolabira,22
Odisha,Koliana,23
Odisha,Komna,24
Odisha,Konark,25
Odisha,Korai,26
Odisha,Koraput,27
Odisha,Koraput Town,28
Odisha,Kosagumuda,29
Odisha,Kotagarh,30
Odisha,Kotiya,31
Odisha,Kotpad,32
Odisha,Krushna Prasad,33
Odisha,Kuakhia,34
Odisha,Kujang,35
Odisha,Kundei,36
Odisha,Kundheigola,37
Odisha,Kundura,38
Odisha,Kutra,39
Odisha,Lahunipara,40
Odisha,Laikera,41
Odisha,Lakhanpur,42
Odisha,Lakshmipur,43
Odisha,Lanjigarh,44
Odisha,Lathikata,45
Odisha,Lephripara,46
Odisha,Lingaraj,47
Odisha,Loisinga,48
Odisha,M.v. 79,49
Odisha,Machh Kund,50
Odisha,Madanpur Rampur,51
Odisha,Mahakalapada,52
Odisha,Mahanga,53
Odisha,Mahulapada,54
Odisha,Mahuldiha,55
Odisha,Mahulpalli,56
Odisha,Malkangiri,57
Odisha,Manamunda,58
Odisha,Mancheswar,59
Odisha,Mangalpur,60
Odisha,Marsaghai,61
Odisha,Mathili,62
Odisha,Melchhamunda,63
Odisha,Mohana,64
Odisha,Motu,65
Odisha,Motunga,66
Odisha,Mudulipada,67
Odisha,Muniguda,68
Odisha,Muruda,69
Odisha,N.t.p.c.,70
Odisha,Nabarangapur P.s,71
Odisha,Naikanidihi,72
Odisha,Naktideul,73
Odisha,Nalco,74
Odisha,Nandankanan,75
Odisha,Nandapur,76
Odisha,Nandipada,77
Odisha,Narala,78
Odisha,Narasinghpur,79
Odisha,Narayanpatana,80
Odisha,Naugaon,81
Odisha,Nayagarh,82
Odisha,Nayagarh Sadar,83
Odisha,Nayakote,84
Odisha,Nemalo,85
Odisha,Niali,86
Odisha,Nihalprasad,87
Odisha,Nikirai,88
Odisha,Nilagiri,89
Odisha,Nimapada,90
Odisha,Nirakarpur,91
Odisha,Nischintakoili,92
Odisha,Nuagaon,93
Odisha,Nuapada,94
Odisha,Odagaon,95
Odisha,Olatapur,96
Odisha,Orient,97
Odisha,Orkel,98
Odisha,Oupada,99
Odisha,Padmapur,100
Odisha,Padua,1
Odisha,Paikamal,2
Odisha,Palalahada,3
Odisha,Pandapara,4
Odisha,Panikoili,5
Odisha,Paparahandi,6
Odisha,Paparmetla,7
Odisha,Paradeep Lock,8
Odisha,Paradip,9
Odisha,Parajang,10
Odisha,Parlakhemundi,11
Odisha,Patana,12
Odisha,Patapur,13
Odisha,Patkura,14
Odisha,Patnagarh,15
Odisha,Pattamundai,16
Odisha,Phiringia,17
Odisha,Phulabani,18
Odisha,Phulabani Town,19
Odisha,Pipili,20
Odisha,Podia,21
Odisha,Polasara,22
Odisha,Pottangi,23
Odisha,Puri (m),24
Odisha,Puruna Katak,25
Odisha,Purunakot,26
Odisha,Purusottampur,27
Odisha,Puttasing,28
Odisha,R.udaygiri,29
Odisha,Raghunathapali,30
Odisha,Raibania,31
Odisha,Raiboga,32
Odisha,Raighar,33
Odisha,Raikia,34
Odisha,Rairakhol,35
Odisha,Rairangpur,36
Odisha,Rairangpur Town,37
Odisha,Rajagangapur,38
Odisha,Rajkanika,39
Odisha,Rajnagar,40
Odisha,Ramachandi,41
Odisha,Ramagiri,42
Odisha,Rambha,43
Odisha,Rampur,44
Odisha,Ranapur,45
Odisha,Raruan,46
Odisha,Rasagobindapur,47
Odisha,Rasol,48
Odisha,Raurkela (its)p.s.,49
Odisha,Raurkela (m),50
Odisha,Rayagada,51
Odisha,Reamal,52
Odisha,Remuna,53
Odisha,Rengali,54
Odisha,Rengali Damsite,55
Odisha,Rugudi,56
Odisha,Rupsa,57
Odisha,Sadar,58
Odisha,Sahadevkhunta,59
Odisha,Sainkul,60
Odisha,Saintala,61
Odisha,Salepur,62
Odisha,Samal Barrage,63
Odisha,Sambalpur (m),64
Odisha,Sarangagarh,65
Odisha,Sarankul,66
Odisha,Sasan,67
Odisha,Satyabadi,68
Odisha,Seragad,69
Odisha,Serango,70
Odisha,Seskhal,71
Odisha,Sharata,72
Odisha,Similia,73
Odisha,Similiguda,74
Odisha,Sinapali,75
Odisha,Sindhekela,76
Odisha,Singla,77
Odisha,Sohela,78
Odisha,Sonapur,79
Odisha,Soro,80
Odisha,Soso,81
Odisha,Subalaya,82
Odisha,Sukinda,83
Odisha,Suliapada,84
Odisha,Sunabeda,85
Odisha,Sundargarh,86
Odisha,Sundargarh Town,87
Odisha,Surada,88
Odisha,Talasara,89
Odisha,Talcher Sadar,90
Odisha,Tamando,91
Odisha,Tangarapali,92
Odisha,Tangi,93
Odisha,Tarasingi,94
Odisha,Tarbha,95
Odisha,Telkoi,96
Odisha,Tentulikhunti,97
Odisha,Thakurgarh,98
Odisha,Thakurmunda,99
Odisha,Thelkoloi,100
Odisha,Thuamul Rampur,1
Odisha,Tigiria,2
Odisha,Tihidi,3
Odisha,Tikabali,4
Odisha,Tikaetpali,5
Odisha,Tikiri,6
Odisha,Tiring,7
Odisha,Tirtol,8
Odisha,Titlagarh,9
Odisha,Tomka,10
Odisha,Tumudibandha,11
Odisha,Tumusingha,12
Odisha,Turekela,13
Odisha,Turumunga,14
Odisha,Tushura,15
Odisha,Udala,16
Odisha,Ulunda,17
Odisha,Umarkote,18
Odisha,Uttara P.s,19
Puducherry,Bahour Taluk,20
Puducherry,Karaikal Taluk,21
Puducherry,Mahe Taluk,22
Puducherry,Ozhukarai Taluk,23
Puducherry,Puducherry Taluk,24
Puducherry,Thirunallar Taluk,25
Puducherry,Villianur Taluk,26
Puducherry,Yanam Taluk,27
Punjab,Abohar,28
Punjab,Ajnala,29
Punjab,Amloh,30
Punjab,Amritsar-i,31
Punjab,Amritsar-ii,32
Punjab,Anandpur Sahib,33
Punjab,Baba Bakala,34
Punjab,Bagha Purana,35
Punjab,Balachaur,36
Punjab,Barnala,37
Punjab,Bassi Pathana,38
Punjab,Batala,39
Punjab,Bathinda,40
Punjab,Bhulath,41
Punjab,Budhlada,42
Punjab,Chamkaur Sahib,43
Punjab,Dasua,44
Punjab,Dera Baba Nanak,45
Punjab,Dera Bassi,46
Punjab,Dhar Kalan,47
Punjab,Dhuri,48
Punjab,Faridkot,49
Punjab,Fatehgarh Sahib,50
Punjab,Fazilka,51
Punjab,Firozpur,52
Punjab,Garhshankar,53
Punjab,Gidderbaha,54
Punjab,Gurdaspur,55
Punjab,Hoshiarpur,56
Punjab,Jagraon,57
Punjab,Jaitu,58
Punjab,Jalalabad,59
Punjab,Jalandhar-i,60
Punjab,Jalandhar-ii,61
Punjab,Kapurthala,62
Punjab,Khadur Sahib,63
Punjab,Khamanon,64
Punjab,Khanna,65
Punjab,Kharar,66
Punjab,Lehra,67
Punjab,Ludhiana (east),68
Punjab,Ludhiana (west),69
Punjab,Malerkotla,70
Punjab,Malout,71
Punjab,Mansa,72
Punjab,Moga,73
Punjab,Moonak,74
Punjab,Mukerian,75
Punjab,Muktsar,76
Punjab,Nabha,77
Punjab,Nakodar,78
Punjab,Nangal,79
Punjab,Nawanshahr,80
Punjab,Nihal Singhwala,81
Punjab,Pathankot,82
Punjab,Patiala,83
Punjab,Patran,84
Punjab,Patti,85
Punjab,Payal,86
Punjab,Phagwara,87
Punjab,Phillaur,88
Punjab,Raikot,89
Punjab,Rajpura,90
Punjab,Rampura Phul,91
Punjab,Rup Nagar,92
Punjab,Samana,93
Punjab,Samrala,94
Punjab,Sangrur,95
Punjab,Sardulgarh,96
Punjab,Sas Nagar (mohali),97
Punjab,Shahkot,98
Punjab,Sultanpur Lodhi,99
Punjab,Sunam,100
Punjab,Talwandi Sabo,1
Punjab,Tapa,2
Punjab,Tarn Taran,3
Punjab,Zira,4
Rajasthan,Abu Road,5
Rajasthan,Ahore,6
Rajasthan,Ajmer,7
Rajasthan,Aklera,8
Rajasthan,Alwar,9
Rajasthan,Amber,10
Rajasthan,Amet,11
Rajasthan,Antah,12
Rajasthan,Anupgarh,13
Rajasthan,Arnod,14
Rajasthan,Asind,15
Rajasthan,Aspur,16
Rajasthan,Atru,17
Rajasthan,Bagidora,18
Rajasthan,Bagora,19
Rajasthan,Bali,20
Rajasthan,Bamanwas,21
Rajasthan,Banera,22
Rajasthan,Bansur,23
Rajasthan,Banswara,24
Rajasthan,Baran,25
Rajasthan,Bari,26
Rajasthan,Bari Sadri,27
Rajasthan,Barmer,28
Rajasthan,Baseri,29
Rajasthan,Bassi,30
Rajasthan,Baswa,31
Rajasthan,Bayana,32
Rajasthan,Baytoo,33
Rajasthan,Beawar,34
Rajasthan,Beejoliya,35
Rajasthan,Begun,36
Rajasthan,Behror,37
Rajasthan,Bhadesar,38
Rajasthan,Bhadra,39
Rajasthan,Bharatpur,40
Rajasthan,Bhilwara,41
Rajasthan,Bhim,42
Rajasthan,Bhinay,43
Rajasthan,Bhinmal,44
Rajasthan,Bhopalgarh,45
Rajasthan,Bikaner,46
Rajasthan,Bilara,47
Rajasthan,Bonli,48
Rajasthan,Buhana,49
Rajasthan,Bundi,50
Rajasthan,Chaksu,51
Rajasthan,Chauth Ka Barwara,52
Rajasthan,Chhabra,53
Rajasthan,Chhatargarh,54
Rajasthan,Chhipabarod,55
Rajasthan,Chhoti Sadri,56
Rajasthan,Chirawa,57
Rajasthan,Chittaurgarh,58
Rajasthan,Chohtan,59
Rajasthan,Chomu,60
Rajasthan,Churu,61
Rajasthan,Danta Ramgarh,62
Rajasthan,Dausa,63
Rajasthan,Deeg,64
Rajasthan,Degana,65
Rajasthan,Deogarh,66
Rajasthan,Deoli,67
Rajasthan,Desuri,68
Rajasthan,Dhariawad,69
Rajasthan,Dhaulpur,70
Rajasthan,Didwana,71
Rajasthan,Digod,72
Rajasthan,Dungarpur,73
Rajasthan,Dungla,74
Rajasthan,Fatehgarh,75
Rajasthan,Fatehpur,76
Rajasthan,Ganganagar,77
Rajasthan,Gangapur,78
Rajasthan,Gangdhar,79
Rajasthan,Gangrar,80
Rajasthan,Garhi,81
Rajasthan,Gharsana,82
Rajasthan,Ghatol,83
Rajasthan,Girwa,84
Rajasthan,Gogunda,85
Rajasthan,Gudha Malani,86
Rajasthan,Hanumangarh,87
Rajasthan,Hindaun,88
Rajasthan,Hindoli,89
Rajasthan,Hurda,90
Rajasthan,Indragarh,91
Rajasthan,Jahazpur,92
Rajasthan,Jaipur,93
Rajasthan,Jaisalmer,94
Rajasthan,Jaitaran,95
Rajasthan,Jalor,96
Rajasthan,Jamwa Ramgarh,97
Rajasthan,Jayal,98
Rajasthan,Jhadol,99
Rajasthan,Jhalrapatan,100
Rajasthan,Jhunjhunun,1
Rajasthan,Jodhpur,2
Rajasthan,Kaman,3
Rajasthan,Kapasan,4
Rajasthan,Karanpur,5
Rajasthan,Karauli,6
Rajasthan,Kathumar,7
Rajasthan,Kekri,8
Rajasthan,Keshoraipatan,9
Rajasthan,Khajuwala,10
Rajasthan,Khandar,11
Rajasthan,Khanpur,12
Rajasthan,Kheenvsar,13
Rajasthan,Kherwara,14
Rajasthan,Khetri,15
Rajasthan,Kishanganj,16
Rajasthan,Kishangarh,17
Rajasthan,Kishangarh Bas,18
Rajasthan,Kolayat,19
Rajasthan,Kotkasim,20
Rajasthan,Kotputli,21
Rajasthan,Kotra,22
Rajasthan,Kotri,23
Rajasthan,Kumbhalgarh,24
Rajasthan,Kumher,25
Rajasthan,Kushalgarh,26
Rajasthan,Lachhmangarh,27
Rajasthan,Ladnu,28
Rajasthan,Ladpura,29
Rajasthan,Lalsot,30
Rajasthan,Lasadiya,31
Rajasthan,Luni,32
Rajasthan,Lunkaransar,33
Rajasthan,Mahwa,34
Rajasthan,Makrana,35
Rajasthan,Malarna Doongar,36
Rajasthan,Malpura,37
Rajasthan,Mandal,38
Rajasthan,Mandalgarh,39
Rajasthan,Mandawar,40
Rajasthan,Mandrail,41
Rajasthan,Mangrol,42
Rajasthan,Manohar Thana,43
Rajasthan,Marwar Junction,44
Rajasthan,Masuda,45
Rajasthan,Mauzamabad,46
Rajasthan,Mavli,47
Rajasthan,Merta,48
Rajasthan,Nadbai,49
Rajasthan,Nadoti,50
Rajasthan,Nagar,51
Rajasthan,Nagaur,52
Rajasthan,Nainwa,53
Rajasthan,Nasirabad,54
Rajasthan,Nathdwara,55
Rajasthan,Nawa,56
Rajasthan,Nawalgarh,57
Rajasthan,Neem-ka-thana,58
Rajasthan,Nimbahera,59
Rajasthan,Niwai,60
Rajasthan,Nohar,61
Rajasthan,Nokha,62
Rajasthan,Osian,63
Rajasthan,Pachpadra,64
Rajasthan,Pachpahar,65
Rajasthan,Padampur,66
Rajasthan,Pahari,67
Rajasthan,Pali,68
Rajasthan,Parbatsar,69
Rajasthan,Peepalkhoont,70
Rajasthan,Peeplu,71
Rajasthan,Peesangan,72
Rajasthan,Phagi,73
Rajasthan,Phalodi,74
Rajasthan,Phulera (hq.sambhar),75
Rajasthan,Pilibanga,76
Rajasthan,Pindwara,77
Rajasthan,Pipalda,78
Rajasthan,Pirawa,79
Rajasthan,Pokaran,80
Rajasthan,Poogal,81
Rajasthan,Pratapgarh,82
Rajasthan,Railmagra,83
Rajasthan,Raipur,84
Rajasthan,Raisinghnagar,85
Rajasthan,Rajakhera,86
Rajasthan,Rajgarh,87
Rajasthan,Rajsamand,88
Rajasthan,Ramganj Mandi,89
Rajasthan,Ramgarh,90
Rajasthan,Ramsar,91
Rajasthan,Raniwara,92
Rajasthan,Rashmi,93
Rajasthan,Ratangarh,94
Rajasthan,Rawatbhata,95
Rajasthan,Rawatsar,96
Rajasthan,Reodar,97
Rajasthan,Rishabhdeo,98
Rajasthan,Rohat,99
Rajasthan,Rupbas,100
Rajasthan,Sadulshahar,1
Rajasthan,Sagwara,2
Rajasthan,Sahara,3
Rajasthan,Salumbar,4
Rajasthan,Sanchore,5
Rajasthan,Sanganer,6
Rajasthan,Sangaria,7
Rajasthan,Sangod,8
Rajasthan,Sapotra,9
Rajasthan,Sarada,10
Rajasthan,Sardarshahar,11
Rajasthan,Sarwar,12
Rajasthan,Sawai Madhopur,13
Rajasthan,Sayla,14
Rajasthan,Sepau,15
Rajasthan,Shahbad,16
Rajasthan,Shahpura,17
Rajasthan,Sheo,18
Rajasthan,Sheoganj,19
Rajasthan,Shergarh,20
Rajasthan,Sikar,21
Rajasthan,Sikrai,22
Rajasthan,Simalwara,23
Rajasthan,Sirohi,24
Rajasthan,Siwana,25
Rajasthan,Sojat,26
Rajasthan,Sri Madhopur,27
Rajasthan,Sridungargarh,28
Rajasthan,Sujangarh,29
Rajasthan,Sumerpur,30
Rajasthan,Suratgarh,31
Rajasthan,Taranagar,32
Rajasthan,Thanagazi,33
Rajasthan,Tibi,34
Rajasthan,Tijara,35
Rajasthan,Todabhim,36
Rajasthan,Todaraisingh,37
Rajasthan,Tonk,38
Rajasthan,Udaipurwati,39
Rajasthan,Uniara,40
Rajasthan,Vallabhnagar,41
Rajasthan,Vijainagar,42
Rajasthan,Viratnagar,43
Rajasthan,Weir,44
Sikkim,Chungthang,45
Sikkim,Gangtok,46
Sikkim,Gyalshing,47
Sikkim,Mangan,48
Sikkim,Namchi,49
Sikkim,Pakyong,50
Sikkim,Ravong,51
Sikkim,Rongli,52
Sikkim,Soreng,53
Tamil Nadu,Agastheeswaram,54
Tamil Nadu,Alandur,55
Tamil Nadu,Alangudi,56
Tamil Nadu,Alangulam,57
Tamil Nadu,Ambasamudram,58
Tamil Nadu,Ambattur,59
Tamil Nadu,Ambur,60
Tamil Nadu,Andipatti,61
Tamil Nadu,Arakonam,62
Tamil Nadu,Arani,63
Tamil Nadu,Aranthangi,64
Tamil Nadu,Aravakurichi,65
Tamil Nadu,Arcot,66
Tamil Nadu,Area Not Under Any Sub-district,67
Tamil Nadu,Ariyalur,68
Tamil Nadu,Aruppukkottai,69
Tamil Nadu,Attur,70
Tamil Nadu,Avanashi,71
Tamil Nadu,Avudayarkoil,72
Tamil Nadu,Bhavani,73
Tamil Nadu,Bodinayakanur,74
Tamil Nadu,Chengalpattu,75
Tamil Nadu,Chengam,76
Tamil Nadu,Cheyyar,77
Tamil Nadu,Cheyyur,78
Tamil Nadu,Chidambaram,79
Tamil Nadu,Coimbatore North,80
Tamil Nadu,Coimbatore South,81
Tamil Nadu,Coonoor,82
Tamil Nadu,Cuddalore,83
Tamil Nadu,Denkanikottai,84
Tamil Nadu,Devakottai,85
Tamil Nadu,Dharapuram,86
Tamil Nadu,Dharmapuri,87
Tamil Nadu,Dindigul,88
Tamil Nadu,Edappadi,89
Tamil Nadu,Erode,90
Tamil Nadu,Ettayapuram,91
Tamil Nadu,Gandarvakkottai,92
Tamil Nadu,Gangavalli,93
Tamil Nadu,Gingee,94
Tamil Nadu,Gobichettipalayam,95
Tamil Nadu,Gudalur,96
Tamil Nadu,Gudiyatham,97
Tamil Nadu,Gummidipoondi,98
Tamil Nadu,Harur,99
Tamil Nadu,Hosur,100
Tamil Nadu,Ilayangudi,1
Tamil Nadu,Iluppur,2
Tamil Nadu,Kadaladi,3
Tamil Nadu,Kadavur,4
Tamil Nadu,Kalkulam,5
Tamil Nadu,Kallakkurichi,6
Tamil Nadu,Kamuthi,7
Tamil Nadu,Kancheepuram,8
Tamil Nadu,Kangeyam,9
Tamil Nadu,Karaikkudi,10
Tamil Nadu,Karambakudi,11
Tamil Nadu,Kariapatti,12
Tamil Nadu,Karur,13
Tamil Nadu,Katpadi,14
Tamil Nadu,Kattumannarkoil,15
Tamil Nadu,Kilvelur,16
Tamil Nadu,Kodaikanal,17
Tamil Nadu,Kodavasal,18
Tamil Nadu,Kotagiri,19
Tamil Nadu,Kovilpatti,20
Tamil Nadu,Krishnagiri,21
Tamil Nadu,Krishnarayapuram,22
Tamil Nadu,Kulathur,23
Tamil Nadu,Kulithalai,24
Tamil Nadu,Kumbakonam,25
Tamil Nadu,Kundah,26
Tamil Nadu,Kunnam,27
Tamil Nadu,Kurinjipadi,28
Tamil Nadu,Kuthalam,29
Tamil Nadu,Lalgudi,30
Tamil Nadu,Madathukulam,31
Tamil Nadu,Madurai North,32
Tamil Nadu,Madurai South,33
Tamil Nadu,Maduranthakam,34
Tamil Nadu,Manachanallur,35
Tamil Nadu,Manamadurai,36
Tamil Nadu,Manamelkudi,37
Tamil Nadu,Manapparai,38
Tamil Nadu,Mannargudi,39
Tamil Nadu,Mathavaram,40
Tamil Nadu,Mayiladuthurai,41
Tamil Nadu,Melur,42
Tamil Nadu,Mettupalayam,43
Tamil Nadu,Mettur,44
Tamil Nadu,Mudukulathur,45
Tamil Nadu,Musiri,46
Tamil Nadu,Nagapattinam,47
Tamil Nadu,Namakkal,48
Tamil Nadu,Nanguneri,49
Tamil Nadu,Nannilam,50
Tamil Nadu,Natham,51
Tamil Nadu,Needamangalam,52
Tamil Nadu,Nilakkottai,53
Tamil Nadu,Oddanchatram,54
Tamil Nadu,Omalur,55
Tamil Nadu,Orathanadu,56
Tamil Nadu,Ottapidaram,57
Tamil Nadu,Palakkodu,58
Tamil Nadu,Palani,59
Tamil Nadu,Palayamkottai,60
Tamil Nadu,Palladam,61
Tamil Nadu,Pallipattu,62
Tamil Nadu,Panruti,63
Tamil Nadu,Panthalur,64
Tamil Nadu,Papanasam,65
Tamil Nadu,Pappireddipatti,66
Tamil Nadu,Paramakudi,67
Tamil Nadu,Paramathi-velur,68
Tamil Nadu,Pattukkottai,69
Tamil Nadu,Pennagaram,70
Tamil Nadu,Peraiyur,71
Tamil Nadu,Perambalur,72
Tamil Nadu,Peravurani,73
Tamil Nadu,Periyakulam,74
Tamil Nadu,Perundurai,75
Tamil Nadu,Pochampalli,76
Tamil Nadu,Pollachi,77
Tamil Nadu,Polur,78
Tamil Nadu,Ponnamaravathi,79
Tamil Nadu,Ponneri,80
Tamil Nadu,Poonamallee,81
Tamil Nadu,Pudukkottai,82
Tamil Nadu,Radhapuram,83
Tamil Nadu,Rajapalayam,84
Tamil Nadu,Ramanathapuram,85
Tamil Nadu,Rameswaram,86
Tamil Nadu,Rasipuram,87
Tamil Nadu,Salem,88
Tamil Nadu,Sankarankoil,89
Tamil Nadu,Sankarapuram,90
Tamil Nadu,Sankari,91
Tamil Nadu,Sathankulam,92
Tamil Nadu,Sathyamangalam,93
Tamil Nadu,Sattur,94
Tamil Nadu,Sendurai,95
Tamil Nadu,Shenkottai,96
Tamil Nadu,Sholinganallur,97
Tamil Nadu,Sirkali,98
Tamil Nadu,Sivaganga,99
Tamil Nadu,Sivagiri,100
Tamil Nadu,Sivakasi,1
Tamil Nadu,Sriperumbudur,2
Tamil Nadu,Srirangam,3
Tamil Nadu,Srivaikuntam,4
Tamil Nadu,Srivilliputhur,5
Tamil Nadu,Sulur,6
Tamil Nadu,Tambaram,7
Tamil Nadu,Tenkasi,8
Tamil Nadu,Thandrampet,9
Tamil Nadu,Thanjavur,10
Tamil Nadu,Tharangambadi,11
Tamil Nadu,Theni,12
Tamil Nadu,Thirukkuvalai,13
Tamil Nadu,Thirumangalam,14
Tamil Nadu,Thirumayam,15
Tamil Nadu,Thiruthuraipoondi,16
Tamil Nadu,Thiruvaiyaru,17
Tamil Nadu,Thiruvallur,18
Tamil Nadu,Thiruvarur,19
Tamil Nadu,Thiruverumbur,20
Tamil Nadu,Thiruvidaimarudur,21
Tamil Nadu,Thoothukkudi,22
Tamil Nadu,Thottiyam,23
Tamil Nadu,Thovala,24
Tamil Nadu,Thuraiyur,25
Tamil Nadu,Tindivanam,26
Tamil Nadu,Tiruchendur,27
Tamil Nadu,Tiruchengode,28
Tamil Nadu,Tiruchirappalli,29
Tamil Nadu,Tiruchuli,30
Tamil Nadu,Tirukalukundram,31
Tamil Nadu,Tirukkoyilur,32
Tamil Nadu,Tirunelveli,33
Tamil Nadu,Tirupathur,34
Tamil Nadu,Tiruppur,35
Tamil Nadu,Tiruttani,36
Tamil Nadu,Tiruvadanai,37
Tamil Nadu,Tiruvannamalai,38
Tamil Nadu,Tittakudi,39
Tamil Nadu,Udayarpalayam,40
Tamil Nadu,Udhagamandalam,41
Tamil Nadu,Udumalaipettai,42
Tamil Nadu,Ulundurpettai,43
Tamil Nadu,Usilampatti,44
Tamil Nadu,Uthamapalayam,45
Tamil Nadu,Uthangarai,46
Tamil Nadu,Uthiramerur,47
Tamil Nadu,Uthukkottai,48
Tamil Nadu,Vadipatti,49
Tamil Nadu,Valangaiman,50
Tamil Nadu,Valparai,51
Tamil Nadu,Vandavasi,52
Tamil Nadu,Vaniyambadi,53
Tamil Nadu,Vanur,54
Tamil Nadu,Vazhapadi,55
Tamil Nadu,Vedaranyam,56
Tamil Nadu,Vedasandur,57
Tamil Nadu,Veerakeralamputhur,58
Tamil Nadu,Vellore,59
Tamil Nadu,Veppanthattai,60
Tamil Nadu,Vilathikulam,61
Tamil Nadu,Vilavancode,62
Tamil Nadu,Viluppuram,63
Tamil Nadu,Virudhachalam,64
Tamil Nadu,Virudhunagar,65
Tamil Nadu,Wallajah,66
Tamil Nadu,Yercaud,67
Tripura,Amarpur,68
Tripura,Ambassa,69
Tripura,Bishalgarh,70
Tripura,Bokafa,71
Tripura,Boxanagar,72
Tripura,Chhamanu,73
Tripura,Damchhara,74
Tripura,Dasda,75
Tripura,Dukli,76
Tripura,Dumburnagar,77
Tripura,Gournagar,78
Tripura,Hezamara,79
Tripura,Hrishyamukh,80
Tripura,Jampuii Hills,81
Tripura,Jampuijala,82
Tripura,Jirania,83
Tripura,Kadamtala,84
Tripura,Kakraban,85
Tripura,Kalyanpur,86
Tripura,Karbuk,87
Tripura,Kathalia,88
Tripura,Khowai,89
Tripura,Killa,90
Tripura,Kumarghat,91
Tripura,Mandai,92
Tripura,Manu,93
Tripura,Matarbari,94
Tripura,Melaghar,95
Tripura,Mohanpur,96
Tripura,Mungiakumi,97
Tripura,Ompi,98
Tripura,Padmabil,99
Tripura,Panisagar,100
Tripura,Pencharthal,1
Tripura,Rajnagar,2
Tripura,Rupaichhari,3
Tripura,Salema,4
Tripura,Satchand,5
Tripura,Teliamura,6
Tripura,Tulashikhar,7
Uttar Pradesh,Agra,8
Uttar Pradesh,Akbarpur,9
Uttar Pradesh,Aliganj,10
Uttar Pradesh,Allahabad,11
Uttar Pradesh,Allapur,12
Uttar Pradesh,Amethi,13
Uttar Pradesh,Amritpur,14
Uttar Pradesh,Amroha,15
Uttar Pradesh,Anupshahr,16
Uttar Pradesh,Aonla,17
Uttar Pradesh,Atarra,18
Uttar Pradesh,Atrauli,19
Uttar Pradesh,Aurai,20
Uttar Pradesh,Auraiya,21
Uttar Pradesh,Azamgarh,22
Uttar Pradesh,Baberu,23
Uttar Pradesh,Badlapur,24
Uttar Pradesh,Baghpat,25
Uttar Pradesh,Bah,26
Uttar Pradesh,Baheri,27
Uttar Pradesh,Bahraich,28
Uttar Pradesh,Bairia,29
Uttar Pradesh,Bakshi Ka Talab,30
Uttar Pradesh,Ballia,31
Uttar Pradesh,Balrampur,32
Uttar Pradesh,Banda,33
Uttar Pradesh,Bansdih,34
Uttar Pradesh,Bansgaon,35
Uttar Pradesh,Bansi,36
Uttar Pradesh,Bara,37
Uttar Pradesh,Baraut,38
Uttar Pradesh,Bareilly,39
Uttar Pradesh,Barhaj,40
Uttar Pradesh,Basti,41
Uttar Pradesh,Behat,42
Uttar Pradesh,Belthara Road,43
Uttar Pradesh,Bhadohi,44
Uttar Pradesh,Bhanpur,45
Uttar Pradesh,Bharthana,46
Uttar Pradesh,Bhatpar Rani,47
Uttar Pradesh,Bhinga,48
Uttar Pradesh,Bhiti,49
Uttar Pradesh,Bhogaon,50
Uttar Pradesh,Bhognipur,51
Uttar Pradesh,Bidhuna,52
Uttar Pradesh,Bighapur,53
Uttar Pradesh,Bijnor,54
Uttar Pradesh,Bikapur,55
Uttar Pradesh,Bilari,56
Uttar Pradesh,Bilaspur,57
Uttar Pradesh,Bilgram,58
Uttar Pradesh,Bilhaur,59
Uttar Pradesh,Bilsi,60
Uttar Pradesh,Bindki,61
Uttar Pradesh,Bisalpur,62
Uttar Pradesh,Bisauli,63
Uttar Pradesh,Biswan,64
Uttar Pradesh,Budaun,65
Uttar Pradesh,Budhana,66
Uttar Pradesh,Bulandshahr,67
Uttar Pradesh,Burhanpur,68
Uttar Pradesh,Campierganj,69
Uttar Pradesh,Chail,70
Uttar Pradesh,Chakarnagar,71
Uttar Pradesh,Chakia,72
Uttar Pradesh,Chandauli,73
Uttar Pradesh,Chandausi,74
Uttar Pradesh,Chandpur,75
Uttar Pradesh,Charkhari,76
Uttar Pradesh,Chauri Chaura,77
Uttar Pradesh,Chhata,78
Uttar Pradesh,Chhibramau,79
Uttar Pradesh,Chunar,80
Uttar Pradesh,Colonelganj,81
Uttar Pradesh,Dadri,82
Uttar Pradesh,Dalmau,83
Uttar Pradesh,Dataganj,84
Uttar Pradesh,Debai,85
Uttar Pradesh,Deoband,86
Uttar Pradesh,Deoria,87
Uttar Pradesh,Derapur,88
Uttar Pradesh,Dhampur,89
Uttar Pradesh,Dhanaura,90
Uttar Pradesh,Dhaurahara,91
Uttar Pradesh,Domariyaganj,92
Uttar Pradesh,Dudhi,93
Uttar Pradesh,Etah,94
Uttar Pradesh,Etawah,95
Uttar Pradesh,Etmadpur,96
Uttar Pradesh,Faizabad,97
Uttar Pradesh,Faridpur,98
Uttar Pradesh,Farrukhabad,99
Uttar Pradesh,Fatehabad,100
Uttar Pradesh,Fatehpur,1
Uttar Pradesh,Firozabad,2
Uttar Pradesh,Gabhana,3
Uttar Pradesh,Garautha,4
Uttar Pradesh,Garhmukteshwar,5
Uttar Pradesh,Gauriganj,6
Uttar Pradesh,Gautam Buddha Nagar,7
Uttar Pradesh,Ghanghata,8
Uttar Pradesh,Ghatampur,9
Uttar Pradesh,Ghaziabad,10
Uttar Pradesh,Ghazipur,11
Uttar Pradesh,Ghorawal,12
Uttar Pradesh,Ghosi,13
Uttar Pradesh,Gola,14
Uttar Pradesh,Gola Gokaran Nath,15
Uttar Pradesh,Gonda,16
Uttar Pradesh,Gorakhpur,17
Uttar Pradesh,Gunnaur,18
Uttar Pradesh,Gyanpur,19
Uttar Pradesh,Haidergarh,20
Uttar Pradesh,Hamirpur,21
Uttar Pradesh,Handia,22
Uttar Pradesh,Hapur,23
Uttar Pradesh,Hardoi,24
Uttar Pradesh,Harraiya,25
Uttar Pradesh,Hasanganj,26
Uttar Pradesh,Hasanpur,27
Uttar Pradesh,Hata,28
Uttar Pradesh,Hathras,29
Uttar Pradesh,Iglas,30
Uttar Pradesh,Ikauna,31
Uttar Pradesh,Itwa,32
Uttar Pradesh,Jaisinghpur,33
Uttar Pradesh,Jakhania,34
Uttar Pradesh,Jalalabad,35
Uttar Pradesh,Jalalpur,36
Uttar Pradesh,Jalaun,37
Uttar Pradesh,Jalesar,38
Uttar Pradesh,Jansath,39
Uttar Pradesh,Jasrana,40
Uttar Pradesh,Jaswantnagar,41
Uttar Pradesh,Jaunpur,42
Uttar Pradesh,Jewar,43
Uttar Pradesh,Jhansi,44
Uttar Pradesh,Kadipur,45
Uttar Pradesh,Kaimganj,46
Uttar Pradesh,Kairana,47
Uttar Pradesh,Kaiserganj,48
Uttar Pradesh,Kalpi,49
Uttar Pradesh,Kannauj,50
Uttar Pradesh,Kanpur,51
Uttar Pradesh,Kanth,52
Uttar Pradesh,Karchhana,53
Uttar Pradesh,Karhal,54
Uttar Pradesh,Karwi,55
Uttar Pradesh,Kasganj,56
Uttar Pradesh,Kasya,57
Uttar Pradesh,Kerakat,58
Uttar Pradesh,Khaga,59
Uttar Pradesh,Khair,60
Uttar Pradesh,Khajni,61
Uttar Pradesh,Khalilabad,62
Uttar Pradesh,Khatauli,63
Uttar Pradesh,Khekada,64
Uttar Pradesh,Kheragarh,65
Uttar Pradesh,Khurja,66
Uttar Pradesh,Kiraoli,67
Uttar Pradesh,Koil,68
Uttar Pradesh,Konch,69
Uttar Pradesh,Koraon,70
Uttar Pradesh,Kulpahar,71
Uttar Pradesh,Kunda,72
Uttar Pradesh,Laharpur,73
Uttar Pradesh,Lakhimpur,74
Uttar Pradesh,Lalganj,75
Uttar Pradesh,Lalitpur,76
Uttar Pradesh,Lambhua,77
Uttar Pradesh,Lucknow,78
Uttar Pradesh,Machhlishahr,79
Uttar Pradesh,Madhogarh,80
Uttar Pradesh,Madhuban,81
Uttar Pradesh,Maharajganj,82
Uttar Pradesh,Mahasi,83
Uttar Pradesh,Mahavan,84
Uttar Pradesh,Mahmudabad,85
Uttar Pradesh,Mahoba,86
Uttar Pradesh,Mahroni,87
Uttar Pradesh,Mainpuri,88
Uttar Pradesh,Malihabad,89
Uttar Pradesh,Manjhanpur,90
Uttar Pradesh,Mankapur,91
Uttar Pradesh,Mariahu,92
Uttar Pradesh,Marihan,93
Uttar Pradesh,Mat,94
Uttar Pradesh,Mathura,95
Uttar Pradesh,Mau,96
Uttar Pradesh,Maudaha,97
Uttar Pradesh,Maunath Bhanjan,98
Uttar Pradesh,Mauranipur,99
Uttar Pradesh,Mawana,100
Uttar Pradesh,Meerganj,1
Uttar Pradesh,Meerut,2
Uttar Pradesh,Mehdawal,3
Uttar Pradesh,Mehnagar,4
Uttar Pradesh,Meja,5
Uttar Pradesh,Milak,6
Uttar Pradesh,Milkipur,7
Uttar Pradesh,Mirzapur,8
Uttar Pradesh,Misrikh,9
Uttar Pradesh,Modinagar,10
Uttar Pradesh,Mohammadabad,11
Uttar Pradesh,Mohammdi,12
Uttar Pradesh,Mohanlalganj,13
Uttar Pradesh,Moradabad,14
Uttar Pradesh,Moth,15
Uttar Pradesh,Muhammadabad Gohna,16
Uttar Pradesh,Musafirkhana,17
Uttar Pradesh,Muzaffarnagar,18
Uttar Pradesh,Nagina,19
Uttar Pradesh,Najibabad,20
Uttar Pradesh,Nakur,21
Uttar Pradesh,Nanpara,22
Uttar Pradesh,Naraini,23
Uttar Pradesh,Naugarh,24
Uttar Pradesh,Nautanwa,25
Uttar Pradesh,Nawabganj,26
Uttar Pradesh,Nichlaul,27
Uttar Pradesh,Nighasan,28
Uttar Pradesh,Nizamabad,29
Uttar Pradesh,Orai,30
Uttar Pradesh,Padrauna,31
Uttar Pradesh,Palia,32
Uttar Pradesh,Patiyali,33
Uttar Pradesh,Patti,34
Uttar Pradesh,Pharenda,35
Uttar Pradesh,Phulpur,36
Uttar Pradesh,Pilibhit,37
Uttar Pradesh,Pindra,38
Uttar Pradesh,Powayan,39
Uttar Pradesh,Pratapgarh,40
Uttar Pradesh,Puranpur,41
Uttar Pradesh,Purwa,42
Uttar Pradesh,Rae Bareli,43
Uttar Pradesh,Ramnagar,44
Uttar Pradesh,Rampur,45
Uttar Pradesh,Rampur Maniharan,46
Uttar Pradesh,Ramsanehighat,47
Uttar Pradesh,Raniganj,48
Uttar Pradesh,Rasra,49
Uttar Pradesh,Rasulabad,50
Uttar Pradesh,Rath,51
Uttar Pradesh,Robertsganj,52
Uttar Pradesh,Rudauli,53
Uttar Pradesh,Rudhauli,54
Uttar Pradesh,Rudrapur,55
Uttar Pradesh,Sadabad,56
Uttar Pradesh,Safipur,57
Uttar Pradesh,Sagri,58
Uttar Pradesh,Saharanpur,59
Uttar Pradesh,Sahaswan,60
Uttar Pradesh,Sahawar,61
Uttar Pradesh,Sahjanwa,62
Uttar Pradesh,Saidpur,63
Uttar Pradesh,Saifai,64
Uttar Pradesh,Sakaldiha,65
Uttar Pradesh,Salempur,66
Uttar Pradesh,Salon,67
Uttar Pradesh,Sambhal,68
Uttar Pradesh,Sandila,69
Uttar Pradesh,Sardhana,70
Uttar Pradesh,Sarila,71
Uttar Pradesh,Sasni,72
Uttar Pradesh,Sawayajpur,73
Uttar Pradesh,Shahabad,74
Uttar Pradesh,Shahganj,75
Uttar Pradesh,Shahjahanpur,76
Uttar Pradesh,Shamli,77
Uttar Pradesh,Shikarpur,78
Uttar Pradesh,Shikohabad,79
Uttar Pradesh,Shohratgarh,80
Uttar Pradesh,Siana,81
Uttar Pradesh,Sidhauli,82
Uttar Pradesh,Sikanderpur,83
Uttar Pradesh,Sikandra,84
Uttar Pradesh,Sikandra Rao,85
Uttar Pradesh,Sikandrabad,86
Uttar Pradesh,Sirathu,87
Uttar Pradesh,Sirauli Gauspur,88
Uttar Pradesh,Sitapur,89
Uttar Pradesh,Sohawal,90
Uttar Pradesh,Soraon,91
Uttar Pradesh,Suar,92
Uttar Pradesh,Sultanpur,93
Uttar Pradesh,Tahrauli,94
Uttar Pradesh,Talbehat,95
Uttar Pradesh,Tamkuhi Raj,96
Uttar Pradesh,Tanda,97
Uttar Pradesh,Tarabganj,98
Uttar Pradesh,Thakurdwara,99
Uttar Pradesh,Tilhar,100
Uttar Pradesh,Tiloi,1
Uttar Pradesh,Tirwa,2
Uttar Pradesh,Tulsipur,3
Uttar Pradesh,Tundla,4
Uttar Pradesh,Unchahar,5
Uttar Pradesh,Unnao,6
Uttar Pradesh,Utraula,7
Uttar Pradesh,Varanasi,8
Uttar Pradesh,Zamania,9
Uttarakhand,Almora,10
Uttarakhand,Bageshwar,11
Uttarakhand,Bajpur,12
Uttarakhand,Berinag,13
Uttarakhand,Betalghat,14
Uttarakhand,Bhanoli,15
Uttarakhand,Bhatwari,16
Uttarakhand,Bhikiyasain,17
Uttarakhand,Chakrata,18
Uttarakhand,Chamoli,19
Uttarakhand,Champawat,20
Uttarakhand,Chaubattakhal,21
Uttarakhand,Chaukhutiya,22
Uttarakhand,Chiniyalisaur,23
Uttarakhand,Dehradun,24
Uttarakhand,Devprayag,25
Uttarakhand,Dhanaulti,26
Uttarakhand,Dharchula,27
Uttarakhand,Dhari,28
Uttarakhand,Dhoomakot,29
Uttarakhand,Didihat,30
Uttarakhand,Dunda,31
Uttarakhand,Dwarahat,32
Uttarakhand,Gadarpur,33
Uttarakhand,Gairsain,34
Uttarakhand,Gangolihat,35
Uttarakhand,Garud,36
Uttarakhand,Ghansali,37
Uttarakhand,Haldwani,38
Uttarakhand,Hardwar,39
Uttarakhand,Jainti,40
Uttarakhand,Jakhnidhar,41
Uttarakhand,Jakholi,42
Uttarakhand,Jaspur,43
Uttarakhand,Joshimath,44
Uttarakhand,Kaladhungi,45
Uttarakhand,Kalsi,46
Uttarakhand,Kanda,47
Uttarakhand,Kapkot,48
Uttarakhand,Karnaprayag,49
Uttarakhand,Kashipur,50
Uttarakhand,Khatima,51
Uttarakhand,Kichha,52
Uttarakhand,Kosya Kutauli,53
Uttarakhand,Kotdwara,54
Uttarakhand,Laksar,55
Uttarakhand,Lalkuan,56
Uttarakhand,Lansdowne,57
Uttarakhand,Lohaghat,58
Uttarakhand,Mori,59
Uttarakhand,Munsiari,60
Uttarakhand,Nainital,61
Uttarakhand,Narendranagar,62
Uttarakhand,Pati,63
Uttarakhand,Pauri,64
Uttarakhand,Pithoragarh,65
Uttarakhand,Pokhari,66
Uttarakhand,Poornagiri,67
Uttarakhand,Pratapnagar,68
Uttarakhand,Puraula,69
Uttarakhand,Rajgarhi,70
Uttarakhand,Ramnagar,71
Uttarakhand,Ranikhet,72
Uttarakhand,Rishikesh,73
Uttarakhand,Roorkee,74
Uttarakhand,Rudraprayag,75
Uttarakhand,Satpuli,76
Uttarakhand,Sitarganj,77
Uttarakhand,Someshwar,78
Uttarakhand,Srinagar,79
Uttarakhand,Sult,80
Uttarakhand,Tehri,81
Uttarakhand,Thalisain,82
Uttarakhand,Tharali,83
Uttarakhand,Tyuni,84
Uttarakhand,Ukhimath,85
Uttarakhand,Vikasnagar,86
Uttarakhand,Yamkeshwar,87
West Bengal,Alipurduar-i,88
West Bengal,Alipurduar-ii,89
West Bengal,Amdanga,90
West Bengal,Amta-i,91
West Bengal,Amta-ii,92
West Bengal,Arambag,93
West Bengal,Area Not Under Any Sub-district,94
West Bengal,Arsha,95
West Bengal,Ausgram-i,96
West Bengal,Ausgram-ii,97
West Bengal,Baduria,98
West Bengal,Bagda,99
West Bengal,Bagmundi,100
West Bengal,Bagnan-i,1
West Bengal,Bagnan-ii,2
West Bengal,Balagarh,3
West Bengal,Balarampur,4
West Bengal,Bally Jagachha,5
West Bengal,Balurghat,6
West Bengal,Bamangola,7
West Bengal,Bankura-i,8
West Bengal,Bankura-ii,9
West Bengal,Bansihari,10
West Bengal,Barabani,11
West Bengal,Barabazar,12
West Bengal,Barasat-i,13
West Bengal,Barasat-ii,14
West Bengal,Barjora,15
West Bengal,Barrackpur-i,16
West Bengal,Barrackpur-ii,17
West Bengal,Baruipur,18
West Bengal,Basanti,19
West Bengal,Basirhat-i,20
West Bengal,Basirhat-ii,21
West Bengal,Beldanga-i,22
West Bengal,Beldanga-ii,23
West Bengal,Berhampore,24
West Bengal,Bhagawangola-i,25
West Bengal,Bhagawangola-ii,26
West Bengal,Bhagawanpur-i,27
West Bengal,Bhagawanpur-ii,28
West Bengal,Bhangar-i,29
West Bengal,Bhangar-ii,30
West Bengal,Bharatpur-i,31
West Bengal,Bharatpur-ii,32
West Bengal,Bhatar,33
West Bengal,Binpur-i,34
West Bengal,Binpur-ii,35
West Bengal,Bishnupur-i,36
West Bengal,Bishnupur-ii,37
West Bengal,Bolpur Sriniketan,38
West Bengal,Bongaon,39
West Bengal,Budge Budge-i,40
West Bengal,Budge Budge-ii,41
West Bengal,Bundwan,42
West Bengal,Burdwan-i,43
West Bengal,Burdwan-ii,44
West Bengal,Burwan,45
West Bengal,Canning-i,46
West Bengal,Canning-ii,47
West Bengal,Chakdah,48
West Bengal,Chanchal-i,49
West Bengal,Chanchal-ii,50
West Bengal,Chandipur,51
West Bengal,Chanditala-i,52
West Bengal,Chanditala-ii,53
West Bengal,Chandrakona-i,54
West Bengal,Chandrakona-ii,55
West Bengal,Chapra,56
West Bengal,Chhatna,57
West Bengal,Chinsurah-magra,58
West Bengal,Chopra,59
West Bengal,Contai-i,60
West Bengal,Contai-iii,61
West Bengal,Cooch Behar-i,62
West Bengal,Cooch Behar-ii,63
West Bengal,Dantan-i,64
West Bengal,Dantan-ii,65
West Bengal,Darjeeling Pulbazar,66
West Bengal,Daspur-i,67
West Bengal,Daspur-ii,68
West Bengal,Debra,69
West Bengal,Deganga,70
West Bengal,Deshopran,71
West Bengal,Dhaniakhali,72
West Bengal,Dhupguri,73
West Bengal,Diamond Harbour-i,74
West Bengal,Diamond Harbour-ii,75
West Bengal,Dinhata-i,76
West Bengal,Dinhata-ii,77
West Bengal,Domjur,78
West Bengal,Domkal,79
West Bengal,Dubrajpur,80
West Bengal,Egra-i,81
West Bengal,Egra-ii,82
West Bengal,English Bazar,83
West Bengal,Falakata,84
West Bengal,Falta,85
West Bengal,Farakka,86
West Bengal,Faridpur Durgapur,87
West Bengal,Gaighata,88
West Bengal,Galsi-i,89
West Bengal,Galsi-ii,90
West Bengal,Gangajalghati,91
West Bengal,Gangarampur,92
West Bengal,Garbeta-i,93
West Bengal,Garbeta-ii,94
West Bengal,Garbeta-iii,95
West Bengal,Gazole,96
West Bengal,Ghatal,97
West Bengal,Goalpokhar-i,98
West Bengal,Goalpokhar-ii,99
West Bengal,Goghat-i,100
West Bengal,Goghat-ii,1
West Bengal,Gopiballavpur-i,2
West Bengal,Gopiballavpur-ii,3
West Bengal,Gorubathan,4
West Bengal,Gosaba,5
West Bengal,Habibpur,6
West Bengal,Habra-i,7
West Bengal,Habra-ii,8
West Bengal,Haldia,9
West Bengal,Haldibari,10
West Bengal,Hanskhali,11
West Bengal,Hariharpara,12
West Bengal,Haringhata,13
West Bengal,Haripal,14
West Bengal,Harirampur,15
West Bengal,Harischandrapur-i,16
West Bengal,Harischandrapur-ii,17
West Bengal,Haroa,18
West Bengal,Hasnabad,19
West Bengal,Hemtabad,20
West Bengal,Hilli,21
West Bengal,Hingalganj,22
West Bengal,Hirbandh,23
West Bengal,Hura,24
West Bengal,Illambazar,25
West Bengal,Indpur,26
West Bengal,Indus,27
West Bengal,Islampur,28
West Bengal,Itahar,29
West Bengal,Jagatballavpur,30
West Bengal,Jaipur,31
West Bengal,Jalangi,32
West Bengal,Jalpaiguri,33
West Bengal,Jamalpur,34
West Bengal,Jamboni,35
West Bengal,Jamuria,36
West Bengal,Jangipara,37
West Bengal,Jaynagar-i,38
West Bengal,Jaynagar-ii,39
West Bengal,Jaypur,40
West Bengal,Jhalda-i,41
West Bengal,Jhalda-ii,42
West Bengal,Jhargram,43
West Bengal,Jorebunglow Sukiapokhri,44
West Bengal,Kakdwip,45
West Bengal,Kalchini,46
West Bengal,Kaliachak-i,47
West Bengal,Kaliachak-ii,48
West Bengal,Kaliachak-iii,49
West Bengal,Kaliaganj,50
West Bengal,Kaliganj,51
West Bengal,Kalimpong-i,52
West Bengal,Kalimpong-ii,53
West Bengal,Kalna-i,54
West Bengal,Kalna-ii,55
West Bengal,Kandi,56
West Bengal,Kanksa,57
West Bengal,Karandighi,58
West Bengal,Karimpur-i,59
West Bengal,Karimpur-ii,60
West Bengal,Kashipur,61
West Bengal,Katwa-i,62
West Bengal,Katwa-ii,63
West Bengal,Keshiary,64
West Bengal,Keshpur,65
West Bengal,Ketugram-i,66
West Bengal,Ketugram-ii,67
West Bengal,Khanakul-i,68
West Bengal,Khanakul-ii,69
West Bengal,Khandaghosh,70
West Bengal,Kharagpur-i,71
West Bengal,Kharagpur-ii,72
West Bengal,Khargram,73
West Bengal,Kharibari,74
West Bengal,Khatra,75
West Bengal,Khejuri-i,76
West Bengal,Khejuri-ii,77
West Bengal,Khoyrasol,78
West Bengal,Kolaghat,79
West Bengal,Kotulpur,80
West Bengal,Krishnaganj,81
West Bengal,Krishnagar-i,82
West Bengal,Krishnagar-ii,83
West Bengal,Kulpi,84
West Bengal,Kultali,85
West Bengal,Kumarganj,86
West Bengal,Kumargram,87
West Bengal,Kurseong,88
West Bengal,Kushmundi,89
West Bengal,Labpur,90
West Bengal,Lalgola,91
West Bengal,Madarihat,92
West Bengal,Magrahat-i,93
West Bengal,Magrahat-ii,94
West Bengal,Mahisadal,95
West Bengal,Mal,96
West Bengal,Maldah (old),97
West Bengal,Manbazar-i,98
West Bengal,Manbazar-ii,99
West Bengal,Mandirbazar,100
West Bengal,Mangolkote,1
West Bengal,Manikchak,2
West Bengal,Manteswar,3
West Bengal,Mathabhanga-i,4
West Bengal,Mathabhanga-ii,5
West Bengal,Mathurapur-i,6
West Bengal,Mathurapur-ii,7
West Bengal,Matiali,8
West Bengal,Matigara,9
West Bengal,Maynaguri,10
West Bengal,Mayureswar-i,11
West Bengal,Mayureswar-ii,12
West Bengal,Mejhia,13
West Bengal,Mekliganj,14
West Bengal,Memari-i,15
West Bengal,Memari-ii,16
West Bengal,Midnapore,17
West Bengal,Minakhan,18
West Bengal,Mirik,19
West Bengal,Mohammad Bazar,20
West Bengal,Mohanpur,21
West Bengal,Moyna,22
West Bengal,Murarai-i,23
West Bengal,Murarai-ii,24
West Bengal,Murshidabad Jiaganj,25
West Bengal,Nabadwip,26
West Bengal,Nabagram,27
West Bengal,Nagrakata,28
West Bengal,Nakashipara,29
West Bengal,Nalhati-i,30
West Bengal,Nalhati-ii,31
West Bengal,Namkhana,32
West Bengal,Nanda Kumar,33
West Bengal,Nandigram-i,34
West Bengal,Nandigram-ii,35
West Bengal,Nanoor,36
West Bengal,Narayangarh,37
West Bengal,Nawda,38
West Bengal,Naxalbari,39
West Bengal,Nayagram,40
West Bengal,Neturia,41
West Bengal,Onda,42
West Bengal,Ondal,43
West Bengal,Panchla,44
West Bengal,Pandabeswar,45
West Bengal,Pandua,46
West Bengal,Panskura,47
West Bengal,Para,48
West Bengal,Patharpratima,49
West Bengal,Patrasayer,50
West Bengal,Phansidewa,51
West Bengal,Pingla,52
West Bengal,Polba-dadpur,53
West Bengal,Potashpur-i,54
West Bengal,Potashpur-ii,55
West Bengal,Puncha,56
West Bengal,Purbasthali-i,57
West Bengal,Purbasthali-ii,58
West Bengal,Pursura,59
West Bengal,Purulia-i,60
West Bengal,Purulia-ii,61
West Bengal,Raghunathganj-i,62
West Bengal,Raghunathganj-ii,63
West Bengal,Raghunathpur-i,64
West Bengal,Raghunathpur-ii,65
West Bengal,Raiganj,66
West Bengal,Raina-i,67
West Bengal,Raina-ii,68
West Bengal,Raipur,69
West Bengal,Rajarhat,70
West Bengal,Rajganj,71
West Bengal,Rajnagar,72
West Bengal,Ramnagar-i,73
West Bengal,Ramnagar-ii,74
West Bengal,Rampurhat-i,75
West Bengal,Rampurhat-ii,76
West Bengal,Ranaghat-i,77
West Bengal,Ranaghat-ii,78
West Bengal,Rangli Rangliot,79
West Bengal,Ranibundh,80
West Bengal,Raniganj,81
West Bengal,Raninagar-i,82
West Bengal,Raninagar-ii,83
West Bengal,Ratua-i,84
West Bengal,Ratua-ii,85
West Bengal,Sabang,86
West Bengal,Sagar,87
West Bengal,Sagardighi,88
West Bengal,Sahid Matangini,89
West Bengal,Sainthia,90
West Bengal,Salanpur,91
West Bengal,Salbani,92
West Bengal,Saltora,93
West Bengal,Samserganj,94
West Bengal,Sandeshkhali-i,95
West Bengal,Sandeshkhali-ii,96
West Bengal,Sankrail,97
West Bengal,Santipur,98
West Bengal,Santuri,99
West Bengal,Sarenga,100
West Bengal,Serampur Uttarpara,1
West Bengal,Shyampur-i,2
West Bengal,Shyampur-ii,3
West Bengal,Simlapal,4
West Bengal,Singur,5
West Bengal,Sitai,6
West Bengal,Sitalkuchi,7
West Bengal,Sonamukhi,8
West Bengal,Sonarpur,9
West Bengal,Suri-i,10
West Bengal,Suri-ii,11
West Bengal,Sutahata,12
West Bengal,Suti-i,13
West Bengal,Suti-ii,14
West Bengal,Swarupnagar,15
West Bengal,Taldangra,16
West Bengal,Tamluk,17
West Bengal,Tapan,18
West Bengal,Tarakeswar,19
West Bengal,Tehatta-i,20
West Bengal,Tehatta-ii,21
West Bengal,Thakurpukur Mahestola,22
West Bengal,Tufanganj-i,23
West Bengal,Tufanganj-ii,24
West Bengal,Udaynarayanpur,25
West Bengal,Uluberia-i,26
West Bengal,Uluberia-ii,27
West Bengal,Vishnupur,28
