state_name,subdistrict_name,value
ANDAMAN & NICOBAR,Car Nicobar,1
ANDAMAN & NICOBAR,Diglipur,2
ANDAMAN & NICOBAR,Ferrargunj,3
ANDAMAN & NICOBAR,Great Nicobar,4
ANDAMAN & NICOBAR,Little Andaman,5
ANDAMAN & NICOBAR,Mayabunder,6
ANDAMAN & NICOBAR,Nancowry,7
ANDAMAN & NICOBAR,Port Blair,8
ANDAMAN & NICOBAR,Rangat,9
ANDHRA PRADESH,A.Konduru,10
ANDHRA PRADESH,Achanta,11
ANDHRA PRADESH,Addanki,12
ANDHRA PRADESH,Addateegala,13
ANDHRA PRADESH,Adoni,14
ANDHRA PRADESH,Agali,15
ANDHRA PRADESH,Agiripalle,16
ANDHRA PRADESH,Ainavilli,17
ANDHRA PRADESH,Akividu,18
ANDHRA PRADESH,Alamuru,19
ANDHRA PRADESH,Allagadda,20
ANDHRA PRADESH,Allavaram,21
ANDHRA PRADESH,Allur,22
ANDHRA PRADESH,Alur,23
ANDHRA PRADESH,Amadagur,24
ANDHRA PRADESH,Amadalavalasa,25
ANDHRA PRADESH,Amalapuram,26
ANDHRA PRADESH,Amarapuram,27
ANDHRA PRADESH,Amaravathi,28
ANDHRA PRADESH,Ambajipeta,29
ANDHRA PRADESH,Amruthalur,30
ANDHRA PRADESH,Anakapalle,31
ANDHRA PRADESH,Anandapuram,32
ANDHRA PRADESH,Anantapur,33
ANDHRA PRADESH,Ananthagiri,34
ANDHRA PRADESH,Ananthasagaram,35
ANDHRA PRADESH,Anaparthy,36
ANDHRA PRADESH,Anumasamudrampeta,37
ANDHRA PRADESH,Araku Valley,38
ANDHRA PRADESH,Ardhaveedu,39
ANDHRA PRADESH,Aspari,40
ANDHRA PRADESH,Atchampet,41
ANDHRA PRADESH,Atchutapuram,42
ANDHRA PRADESH,Atlur,43
ANDHRA PRADESH,Atmakur,44
ANDHRA PRADESH,Atreyapuram,45
ANDHRA PRADESH,Attili,46
ANDHRA PRADESH,Avanigadda,47
ANDHRA PRADESH,B.Kodur,48
ANDHRA PRADESH,B.Kothakota,49
ANDHRA PRADESH,Badangi,50
ANDHRA PRADESH,Badvel,51
ANDHRA PRADESH,Baireddipalle,52
ANDHRA PRADESH,Balayapalle,53
ANDHRA PRADESH,Balijipeta,54
ANDHRA PRADESH,Ballikurava,55
ANDHRA PRADESH,Banaganapalle,56
ANDHRA PRADESH,Bandi Atmakur,57
ANDHRA PRADESH,Bangarupalem,58
ANDHRA PRADESH,Bantumilli,59
ANDHRA PRADESH,Bapatla,60
ANDHRA PRADESH,Bapulapadu,61
ANDHRA PRADESH,Bathalapalle,62
ANDHRA PRADESH,Bellamkonda,63
ANDHRA PRADESH,Beluguppa,64
ANDHRA PRADESH,Bestawaripeta,65
ANDHRA PRADESH,Bethamcherla,66
ANDHRA PRADESH,Bhadrachalam,67
ANDHRA PRADESH,Bhamini,68
ANDHRA PRADESH,Bhattiprolu,69
ANDHRA PRADESH,Bheemunipatnam,70
ANDHRA PRADESH,Bhimadole,71
ANDHRA PRADESH,Bhimavaram,72
ANDHRA PRADESH,Bhogapuram,73
ANDHRA PRADESH,Biccavolu,74
ANDHRA PRADESH,Bobbili,75
ANDHRA PRADESH,Bogole,76
ANDHRA PRADESH,Bollapalle,77
ANDHRA PRADESH,Bommanahal,78
ANDHRA PRADESH,Bondapalle,79
ANDHRA PRADESH,Brahmamgarimattam,80
ANDHRA PRADESH,Brahmasamudram,81
ANDHRA PRADESH,Buchinaidu Kandriga,82
ANDHRA PRADESH,Buchireddipalem,83
ANDHRA PRADESH,Bukkapatnam,84
ANDHRA PRADESH,Bukkaraya Samudram,85
ANDHRA PRADESH,Burja,86
ANDHRA PRADESH,Butchayyapeta,87
ANDHRA PRADESH,Buttayagudem,88
ANDHRA PRADESH,C.Belagal,89
ANDHRA PRADESH,Chagalamarri,90
ANDHRA PRADESH,Chagallu,91
ANDHRA PRADESH,Chakrayapet,92
ANDHRA PRADESH,Challapalle,93
ANDHRA PRADESH,Chandarlapadu,94
ANDHRA PRADESH,Chandra Sekhara Puram,95
ANDHRA PRADESH,Chandragiri,96
ANDHRA PRADESH,Chapad,97
ANDHRA PRADESH,Chatrai,98
ANDHRA PRADESH,Chebrolu,99
ANDHRA PRADESH,Cheedikada,100
ANDHRA PRADESH,Cheepurupalle,1
ANDHRA PRADESH,Chejerla,2
ANDHRA PRADESH,Chennekothapalle,3
ANDHRA PRADESH,Chennur,4
ANDHRA PRADESH,Cherukupalle H/O Arumbaka,5
ANDHRA PRADESH,Chilakaluripet H/O.Purushotha*,6
ANDHRA PRADESH,Chilamathur,7
ANDHRA PRADESH,Chillakur,8
ANDHRA PRADESH,Chimakurthi,9
ANDHRA PRADESH,Chinaganjam,10
ANDHRA PRADESH,Chinnagottigallu,11
ANDHRA PRADESH,Chinnamandem,12
ANDHRA PRADESH,Chintalapudi,13
ANDHRA PRADESH,Chintapalle,14
ANDHRA PRADESH,Chinthakommadinne,15
ANDHRA PRADESH,Chintur,16
ANDHRA PRADESH,Chippagiri,17
ANDHRA PRADESH,Chirala,18
ANDHRA PRADESH,Chittamur,19
ANDHRA PRADESH,Chittoor,20
ANDHRA PRADESH,Chitvel,21
ANDHRA PRADESH,Chodavaram,22
ANDHRA PRADESH,Chowdepalle,23
ANDHRA PRADESH,Cumbum,24
ANDHRA PRADESH,D.Hirehal,25
ANDHRA PRADESH,Dachepalle,26
ANDHRA PRADESH,Dagadarthi,27
ANDHRA PRADESH,Dakkili,28
ANDHRA PRADESH,Darsi,29
ANDHRA PRADESH,Dattirajeru,30
ANDHRA PRADESH,Denduluru,31
ANDHRA PRADESH,Denkada,32
ANDHRA PRADESH,Devanakonda,33
ANDHRA PRADESH,Devarapalle,34
ANDHRA PRADESH,Devipatnam,35
ANDHRA PRADESH,Dharmavaram,36
ANDHRA PRADESH,Dhone,37
ANDHRA PRADESH,Donakonda,38
ANDHRA PRADESH,Doravarisatram,39
ANDHRA PRADESH,Dornala,40
ANDHRA PRADESH,Dornipadu,41
ANDHRA PRADESH,Duggirala,42
ANDHRA PRADESH,Dumbriguda,43
ANDHRA PRADESH,Durgi,44
ANDHRA PRADESH,Duttalur,45
ANDHRA PRADESH,Duvvur,46
ANDHRA PRADESH,Dwarakatirumala,47
ANDHRA PRADESH,Edlapadu,48
ANDHRA PRADESH,Eluru,49
ANDHRA PRADESH,Etcherla,50
ANDHRA PRADESH,G.Konduru,51
ANDHRA PRADESH,G.Madugula,52
ANDHRA PRADESH,Gadivemula,53
ANDHRA PRADESH,Gajapathinagaram,54
ANDHRA PRADESH,Gajuwaka,55
ANDHRA PRADESH,Galiveedu,56
ANDHRA PRADESH,Gampalagudem,57
ANDHRA PRADESH,Ganapavaram,58
ANDHRA PRADESH,Gandepalle,59
ANDHRA PRADESH,Gandlapenta,60
ANDHRA PRADESH,Gangadhara Nellore,61
ANDHRA PRADESH,Gangavaram,62
ANDHRA PRADESH,Ganguvarisigadam,63
ANDHRA PRADESH,Gannavaram,64
ANDHRA PRADESH,Gantyada,65
ANDHRA PRADESH,Gara,66
ANDHRA PRADESH,Garividi,67
ANDHRA PRADESH,Garladinne,68
ANDHRA PRADESH,Garugubilli,69
ANDHRA PRADESH,Ghantasala,70
ANDHRA PRADESH,Giddalur,71
ANDHRA PRADESH,Gokavaram,72
ANDHRA PRADESH,Gollaprolu,73
ANDHRA PRADESH,Golugonda,74
ANDHRA PRADESH,Gonegandla,75
ANDHRA PRADESH,Gooty,76
ANDHRA PRADESH,Gopalapuram,77
ANDHRA PRADESH,Gopavaram,78
ANDHRA PRADESH,Gorantla,79
ANDHRA PRADESH,Gospadu,80
ANDHRA PRADESH,Gudem Kotha Veedhi,81
ANDHRA PRADESH,Gudibanda,82
ANDHRA PRADESH,Gudipala,83
ANDHRA PRADESH,Gudivada,84
ANDHRA PRADESH,Gudlavalleru,85
ANDHRA PRADESH,Gudluru,86
ANDHRA PRADESH,Gudupalle,87
ANDHRA PRADESH,Gudur,88
ANDHRA PRADESH,Guduru,89
ANDHRA PRADESH,Gummagatta,90
ANDHRA PRADESH,Gummalakshmipuram,91
ANDHRA PRADESH,Guntakal,92
ANDHRA PRADESH,Guntur,93
ANDHRA PRADESH,Gurazala,94
ANDHRA PRADESH,Gurla,95
ANDHRA PRADESH,Gurramkonda,96
ANDHRA PRADESH,Halaharvi,97
ANDHRA PRADESH,Hanumanthuni Padu,98
ANDHRA PRADESH,Hindupur,99
ANDHRA PRADESH,Hiramandalam,100
ANDHRA PRADESH,Holagunda,1
ANDHRA PRADESH,Hukumpeta,2
ANDHRA PRADESH,I. Polavaram,3
ANDHRA PRADESH,Ibrahimpatnam,4
ANDHRA PRADESH,Ichchapuram,5
ANDHRA PRADESH,Indukurpet,6
ANDHRA PRADESH,Inkollu,7
ANDHRA PRADESH,Ipur,8
ANDHRA PRADESH,Iragavaram,9
ANDHRA PRADESH,Irala,10
ANDHRA PRADESH,Jaggampeta,11
ANDHRA PRADESH,Jaggayyapeta,12
ANDHRA PRADESH,Jaladanki,13
ANDHRA PRADESH,Jalumuru,14
ANDHRA PRADESH,Jami,15
ANDHRA PRADESH,Jammalamadugu,16
ANDHRA PRADESH,Janakavarampanguluru,17
ANDHRA PRADESH,Jangareddigudem,18
ANDHRA PRADESH,Jeelugu Milli,19
ANDHRA PRADESH,Jiyyammavalasa,20
ANDHRA PRADESH,Jupadu Bungalow,21
ANDHRA PRADESH,K Gangavaram,22
ANDHRA PRADESH,K.Kotapadu,23
ANDHRA PRADESH,K.V.B.Puram,24
ANDHRA PRADESH,Kadapa,25
ANDHRA PRADESH,Kadiam,26
ANDHRA PRADESH,Kadiri,27
ANDHRA PRADESH,Kaikalur,28
ANDHRA PRADESH,Kajuluru,29
ANDHRA PRADESH,Kakinada (Rural),30
ANDHRA PRADESH,Kakinada (Urban),31
ANDHRA PRADESH,Kakumanu,32
ANDHRA PRADESH,Kalakada,33
ANDHRA PRADESH,Kalasapadu,34
ANDHRA PRADESH,Kalidindi,35
ANDHRA PRADESH,Kaligiri,36
ANDHRA PRADESH,Kalikiri,37
ANDHRA PRADESH,Kalla,38
ANDHRA PRADESH,Kallur,39
ANDHRA PRADESH,Kaluvoya,40
ANDHRA PRADESH,Kalyandurg,41
ANDHRA PRADESH,Kamalapuram,42
ANDHRA PRADESH,Kamavarapukota,43
ANDHRA PRADESH,Kambadur,44
ANDHRA PRADESH,Kambhamvaripalle,45
ANDHRA PRADESH,Kanaganapalle,46
ANDHRA PRADESH,Kanchikacherla,47
ANDHRA PRADESH,Kanchili,48
ANDHRA PRADESH,Kandukur,49
ANDHRA PRADESH,Kanekal,50
ANDHRA PRADESH,Kanigiri,51
ANDHRA PRADESH,Kankipadu,52
ANDHRA PRADESH,Kapileswarapuram,53
ANDHRA PRADESH,Karamchedu,54
ANDHRA PRADESH,Karapa,55
ANDHRA PRADESH,Karempudi,56
ANDHRA PRADESH,Karlapalem,57
ANDHRA PRADESH,Karvetinagar,58
ANDHRA PRADESH,Kasimkota,59
ANDHRA PRADESH,Katrenikona,60
ANDHRA PRADESH,Kavali,61
ANDHRA PRADESH,Kaviti,62
ANDHRA PRADESH,Khajipet,63
ANDHRA PRADESH,Kirlampudi,64
ANDHRA PRADESH,Kodavalur,65
ANDHRA PRADESH,Kodumur,66
ANDHRA PRADESH,Kodur,67
ANDHRA PRADESH,Koduru,68
ANDHRA PRADESH,Koilkuntla,69
ANDHRA PRADESH,Kolimigundla,70
ANDHRA PRADESH,Kollipara,71
ANDHRA PRADESH,Kollur,72
ANDHRA PRADESH,Komarada,73
ANDHRA PRADESH,Komarolu,74
ANDHRA PRADESH,Konakanamitla,75
ANDHRA PRADESH,Kondapi,76
ANDHRA PRADESH,Kondapuram,77
ANDHRA PRADESH,Korisapadu,78
ANDHRA PRADESH,Korukonda,79
ANDHRA PRADESH,Kosigi,80
ANDHRA PRADESH,Kota,81
ANDHRA PRADESH,Kotabommali,82
ANDHRA PRADESH,Kotananduru,83
ANDHRA PRADESH,Kotauratla,84
ANDHRA PRADESH,Kotha Patnam,85
ANDHRA PRADESH,Kothacheruvu,86
ANDHRA PRADESH,Kothapalle,87
ANDHRA PRADESH,Kothapeta,88
ANDHRA PRADESH,Kothavalasa,89
ANDHRA PRADESH,Kothuru,90
ANDHRA PRADESH,Kovur,91
ANDHRA PRADESH,Kovvur,92
ANDHRA PRADESH,Kowthalam,93
ANDHRA PRADESH,Koyyalagudem,94
ANDHRA PRADESH,Koyyuru,95
ANDHRA PRADESH,Krishnagiri,96
ANDHRA PRADESH,Krosuru,97
ANDHRA PRADESH,Kruthivennu,98
ANDHRA PRADESH,Kudair,99
ANDHRA PRADESH,Kukunoor,100
ANDHRA PRADESH,Kunavaram,1
ANDHRA PRADESH,Kundurpi,2
ANDHRA PRADESH,Kuppam,3
ANDHRA PRADESH,Kurabalakota,4
ANDHRA PRADESH,Kurichedu,5
ANDHRA PRADESH,Kurnool,6
ANDHRA PRADESH,Kurupam,7
ANDHRA PRADESH,Lakkavarapukota,8
ANDHRA PRADESH,Lakkireddipalle,9
ANDHRA PRADESH,Lakshminarsupeta,10
ANDHRA PRADESH,Laveru,11
ANDHRA PRADESH,Lepakshi,12
ANDHRA PRADESH,Lingala,13
ANDHRA PRADESH,Lingapalem,14
ANDHRA PRADESH,Lingasamudram,15
ANDHRA PRADESH,Machavaram,16
ANDHRA PRADESH,Macherla,17
ANDHRA PRADESH,Machilipatnam,18
ANDHRA PRADESH,Madakasira,19
ANDHRA PRADESH,Madanapalle,20
ANDHRA PRADESH,Maddikera (East),21
ANDHRA PRADESH,Maddipadu,22
ANDHRA PRADESH,Madugula,23
ANDHRA PRADESH,Mahanandi,24
ANDHRA PRADESH,Makavarapalem,25
ANDHRA PRADESH,Makkuva,26
ANDHRA PRADESH,Malikipuram,27
ANDHRA PRADESH,Mamidikuduru,28
ANDHRA PRADESH,Mandapeta,29
ANDHRA PRADESH,Mandasa,30
ANDHRA PRADESH,Mandavalli,31
ANDHRA PRADESH,Mangalagiri,32
ANDHRA PRADESH,Mantralayam,33
ANDHRA PRADESH,Manubolu,34
ANDHRA PRADESH,Maredumilli,35
ANDHRA PRADESH,Markapur,36
ANDHRA PRADESH,Marripadu,37
ANDHRA PRADESH,Marripudi,38
ANDHRA PRADESH,Martur,39
ANDHRA PRADESH,Medikonduru,40
ANDHRA PRADESH,Meliaputti,41
ANDHRA PRADESH,Mentada,42
ANDHRA PRADESH,Merakamudidam,43
ANDHRA PRADESH,Midthur,44
ANDHRA PRADESH,Mogalthur,45
ANDHRA PRADESH,Mopidevi,46
ANDHRA PRADESH,Movva,47
ANDHRA PRADESH,Muddanur,48
ANDHRA PRADESH,Mudigubba,49
ANDHRA PRADESH,Mudinepalle,50
ANDHRA PRADESH,Mulakalacheruvu,51
ANDHRA PRADESH,Mummidivaram,52
ANDHRA PRADESH,Munagapaka,53
ANDHRA PRADESH,Munchingi Puttu,54
ANDHRA PRADESH,Mundlamuru,55
ANDHRA PRADESH,Muppalla,56
ANDHRA PRADESH,Musunuru,57
ANDHRA PRADESH,Muthukur,58
ANDHRA PRADESH,Mylavaram,59
ANDHRA PRADESH,Nadendla,60
ANDHRA PRADESH,Nagalapuram,61
ANDHRA PRADESH,Nagaram,62
ANDHRA PRADESH,Nagari,63
ANDHRA PRADESH,Nagayalanka,64
ANDHRA PRADESH,Naguluppala Padu,65
ANDHRA PRADESH,Naidupet,66
ANDHRA PRADESH,Nakkapalle,67
ANDHRA PRADESH,Nallacheruvu,68
ANDHRA PRADESH,Nallajerla,69
ANDHRA PRADESH,Nallamada,70
ANDHRA PRADESH,Nambulipulikunta,71
ANDHRA PRADESH,Nandalur,72
ANDHRA PRADESH,Nandavaram,73
ANDHRA PRADESH,Nandigam,74
ANDHRA PRADESH,Nandigama,75
ANDHRA PRADESH,Nandikotkur,76
ANDHRA PRADESH,Nandivada,77
ANDHRA PRADESH,Nandyal,78
ANDHRA PRADESH,Narasannapeta,79
ANDHRA PRADESH,Narasapuram,80
ANDHRA PRADESH,Narasaraopet,81
ANDHRA PRADESH,Narayanavanam,82
ANDHRA PRADESH,Narpala,83
ANDHRA PRADESH,Narsipatnam,84
ANDHRA PRADESH,Nathavaram,85
ANDHRA PRADESH,Nekarikallu,86
ANDHRA PRADESH,Nellimarla,87
ANDHRA PRADESH,Nellore,88
ANDHRA PRADESH,Nidadavole,89
ANDHRA PRADESH,Nidamarru,90
ANDHRA PRADESH,Nimmanapalle,91
ANDHRA PRADESH,Nindra,92
ANDHRA PRADESH,Nizampatnam,93
ANDHRA PRADESH,Nuzendla,94
ANDHRA PRADESH,Nuzvid,95
ANDHRA PRADESH,Obuladevaracheruvu,96
ANDHRA PRADESH,Obulavaripalle,97
ANDHRA PRADESH,Ojili,98
ANDHRA PRADESH,Ongole,99
ANDHRA PRADESH,Orvakal,100
ANDHRA PRADESH,Owk,1
ANDHRA PRADESH,P.Gannavaram,2
ANDHRA PRADESH,Pachipenta,3
ANDHRA PRADESH,Paderu,4
ANDHRA PRADESH,Padmanabham,5
ANDHRA PRADESH,Pagidyala,6
ANDHRA PRADESH,Pakala,7
ANDHRA PRADESH,Palacoderu,8
ANDHRA PRADESH,Palacole,9
ANDHRA PRADESH,Palakonda,10
ANDHRA PRADESH,Palamaner,11
ANDHRA PRADESH,Palasa,12
ANDHRA PRADESH,Palasamudram,13
ANDHRA PRADESH,Pamarru,14
ANDHRA PRADESH,Pamidi,15
ANDHRA PRADESH,Pamidimukkala,16
ANDHRA PRADESH,Pamulapadu,17
ANDHRA PRADESH,Pamur,18
ANDHRA PRADESH,Panyam,19
ANDHRA PRADESH,Paravada,20
ANDHRA PRADESH,Parchur,21
ANDHRA PRADESH,Parigi,22
ANDHRA PRADESH,Parvathipuram,23
ANDHRA PRADESH,Pathapatnam,24
ANDHRA PRADESH,Pattikonda,25
ANDHRA PRADESH,Payakaraopeta,26
ANDHRA PRADESH,Peapally,27
ANDHRA PRADESH,Peda Araveedu,28
ANDHRA PRADESH,Peda Bayalu,29
ANDHRA PRADESH,Pedacherlo Palle,30
ANDHRA PRADESH,Pedagantyada,31
ANDHRA PRADESH,Pedakakani,32
ANDHRA PRADESH,Pedakurapadu,33
ANDHRA PRADESH,Pedana,34
ANDHRA PRADESH,Pedanandipadu,35
ANDHRA PRADESH,Pedapadu,36
ANDHRA PRADESH,Pedaparupudi,37
ANDHRA PRADESH,Pedapudi,38
ANDHRA PRADESH,Pedavegi,39
ANDHRA PRADESH,Pedda Kadubur,40
ANDHRA PRADESH,Pedda Thippasamudram,41
ANDHRA PRADESH,Peddamandyam,42
ANDHRA PRADESH,Peddamudium,43
ANDHRA PRADESH,Peddapanjani,44
ANDHRA PRADESH,Peddapappur,45
ANDHRA PRADESH,Peddapuram,46
ANDHRA PRADESH,Peddavadugur,47
ANDHRA PRADESH,Pellakur,48
ANDHRA PRADESH,Penagalur,49
ANDHRA PRADESH,Penamaluru,50
ANDHRA PRADESH,Pendlimarri,51
ANDHRA PRADESH,Pendurthi,52
ANDHRA PRADESH,Pentapadu,53
ANDHRA PRADESH,Penuganchiprolu,54
ANDHRA PRADESH,Penugonda,55
ANDHRA PRADESH,Penukonda,56
ANDHRA PRADESH,Penumantra,57
ANDHRA PRADESH,Penumuru,58
ANDHRA PRADESH,Peravali,59
ANDHRA PRADESH,Phirangipuram,60
ANDHRA PRADESH,Pichatur,61
ANDHRA PRADESH,Piduguralla,62
ANDHRA PRADESH,Pileru,63
ANDHRA PRADESH,Pithapuram,64
ANDHRA PRADESH,Pittalavanipalem,65
ANDHRA PRADESH,Podalakur,66
ANDHRA PRADESH,Podili,67
ANDHRA PRADESH,Poduru,68
ANDHRA PRADESH,Polaki,69
ANDHRA PRADESH,Polavaram,70
ANDHRA PRADESH,Ponduru,71
ANDHRA PRADESH,Ponnaluru,72
ANDHRA PRADESH,Ponnur,73
ANDHRA PRADESH,Porumamilla,74
ANDHRA PRADESH,Prathipadu,75
ANDHRA PRADESH,Proddatur,76
ANDHRA PRADESH,Pulicherla,77
ANDHRA PRADESH,Pulivendla,78
ANDHRA PRADESH,Pullalacheruvu,79
ANDHRA PRADESH,Pullampeta,80
ANDHRA PRADESH,Punganur,81
ANDHRA PRADESH,Pusapatirega,82
ANDHRA PRADESH,Puthalapattu,83
ANDHRA PRADESH,Putlur,84
ANDHRA PRADESH,Puttaparthi,85
ANDHRA PRADESH,Puttur,86
ANDHRA PRADESH,Racherla,87
ANDHRA PRADESH,Rajahmundry (Urban),88
ANDHRA PRADESH,Rajahmundry Rural,89
ANDHRA PRADESH,Rajam,90
ANDHRA PRADESH,Rajampet,91
ANDHRA PRADESH,Rajanagaram,92
ANDHRA PRADESH,Rajavommangi,93
ANDHRA PRADESH,Rajupalem,94
ANDHRA PRADESH,Ramabhadrapuram,95
ANDHRA PRADESH,Ramachandrapuram,96
ANDHRA PRADESH,Ramagiri,97
ANDHRA PRADESH,Ramakuppam,98
ANDHRA PRADESH,Ramapuram,99
ANDHRA PRADESH,Ramasamudram,100
ANDHRA PRADESH,Rambilli,1
ANDHRA PRADESH,Rampachodavaram,2
ANDHRA PRADESH,Ranastalam,3
ANDHRA PRADESH,Rangampeta,4
ANDHRA PRADESH,Raptadu,5
ANDHRA PRADESH,Rapur,6
ANDHRA PRADESH,Ravikamatham,7
ANDHRA PRADESH,Ravulapalem,8
ANDHRA PRADESH,Rayachoti,9
ANDHRA PRADESH,Rayadurg,10
ANDHRA PRADESH,Rayavaram,11
ANDHRA PRADESH,Razole,12
ANDHRA PRADESH,Reddigudem,13
ANDHRA PRADESH,Regidi Amadalavalasa,14
ANDHRA PRADESH,Renigunta,15
ANDHRA PRADESH,Rentachintala,16
ANDHRA PRADESH,Repalle,17
ANDHRA PRADESH,Roddam,18
ANDHRA PRADESH,Rolla,19
ANDHRA PRADESH,Rolugunta,20
ANDHRA PRADESH,Rompicherla,21
ANDHRA PRADESH,Rowthulapudi,22
ANDHRA PRADESH,Rudravaram,23
ANDHRA PRADESH,S.Mydukur,24
ANDHRA PRADESH,S.Rayavaram,25
ANDHRA PRADESH,Sabbavaram,26
ANDHRA PRADESH,Sakhinetipalle,27
ANDHRA PRADESH,Salur,28
ANDHRA PRADESH,Samalkota,29
ANDHRA PRADESH,Sambepalle,30
ANDHRA PRADESH,Sangam,31
ANDHRA PRADESH,Sanjamala,32
ANDHRA PRADESH,Sankhavaram,33
ANDHRA PRADESH,Santhabommali,34
ANDHRA PRADESH,Santhakaviti,35
ANDHRA PRADESH,Santhamaguluru,36
ANDHRA PRADESH,Santhanuthala Padu,37
ANDHRA PRADESH,Santhipuram,38
ANDHRA PRADESH,Saravakota,39
ANDHRA PRADESH,Sarubujjili,40
ANDHRA PRADESH,Sattenapalle,41
ANDHRA PRADESH,Satyavedu,42
ANDHRA PRADESH,Savalyapuram H/O Kanamarlapudi,43
ANDHRA PRADESH,Seethampeta,44
ANDHRA PRADESH,Seethanagaram,45
ANDHRA PRADESH,Seetharamapuram,46
ANDHRA PRADESH,Settur,47
ANDHRA PRADESH,Sidhout,48
ANDHRA PRADESH,Simhadripuram,49
ANDHRA PRADESH,Singanamala,50
ANDHRA PRADESH,Singarayakonda,51
ANDHRA PRADESH,Sirvel,52
ANDHRA PRADESH,Sodam,53
ANDHRA PRADESH,Somala,54
ANDHRA PRADESH,Somandepalle,55
ANDHRA PRADESH,Sompeta,56
ANDHRA PRADESH,Sri Avadhutha Kasinayana,57
ANDHRA PRADESH,Srikakulam,58
ANDHRA PRADESH,Srikalahasti,59
ANDHRA PRADESH,Srirangarajapuram,60
ANDHRA PRADESH,Srisailam,61
ANDHRA PRADESH,Srungavarapukota,62
ANDHRA PRADESH,Sullurpeta,63
ANDHRA PRADESH,Sydapuram,64
ANDHRA PRADESH,T Sundupalle,65
ANDHRA PRADESH,T.Narasapuram,66
ANDHRA PRADESH,Tada,67
ANDHRA PRADESH,Tadepalle,68
ANDHRA PRADESH,Tadepalligudem,69
ANDHRA PRADESH,Tadikonda,70
ANDHRA PRADESH,Tadimarri,71
ANDHRA PRADESH,Tadpatri,72
ANDHRA PRADESH,Tallapudi,73
ANDHRA PRADESH,Tallur,74
ANDHRA PRADESH,Talupula,75
ANDHRA PRADESH,Tanakal,76
ANDHRA PRADESH,Tangutur,77
ANDHRA PRADESH,Tanuku,78
ANDHRA PRADESH,Tarlupadu,79
ANDHRA PRADESH,Tekkali,80
ANDHRA PRADESH,Tenali,81
ANDHRA PRADESH,Thallarevu,82
ANDHRA PRADESH,Thamballapalle,83
ANDHRA PRADESH,Thavanampalle,84
ANDHRA PRADESH,Therlam,85
ANDHRA PRADESH,Thondangi,86
ANDHRA PRADESH,Thondur,87
ANDHRA PRADESH,Thotapalligudur,88
ANDHRA PRADESH,Thotlavalluru,89
ANDHRA PRADESH,Thottambedu,90
ANDHRA PRADESH,Thullur,91
ANDHRA PRADESH,Tirupati (Rural),92
ANDHRA PRADESH,Tirupati (Urban),93
ANDHRA PRADESH,Tiruvuru,94
ANDHRA PRADESH,Tripuranthakam,95
ANDHRA PRADESH,Tsundur,96
ANDHRA PRADESH,Tuggali,97
ANDHRA PRADESH,Tuni,98
ANDHRA PRADESH,Udayagiri,99
ANDHRA PRADESH,Ulavapadu,100
ANDHRA PRADESH,Undi,1
ANDHRA PRADESH,Undrajavaram,2
ANDHRA PRADESH,Unguturu,3
ANDHRA PRADESH,Uppalaguptam,4
ANDHRA PRADESH,Uravakonda,5
ANDHRA PRADESH,Uyyalawada,6
ANDHRA PRADESH,Vadamalapeta,7
ANDHRA PRADESH,Vajrakarur,8
ANDHRA PRADESH,Vajrapukothuru,9
ANDHRA PRADESH,Vakadu,10
ANDHRA PRADESH,Vallur,11
ANDHRA PRADESH,Valmikipuram,12
ANDHRA PRADESH,Vangara,13
ANDHRA PRADESH,Varadaiahpalem,14
ANDHRA PRADESH,Vararamachandrapuram,15
ANDHRA PRADESH,Varikuntapadu,16
ANDHRA PRADESH,Vatsavai,17
ANDHRA PRADESH,Vatticherukuru,18
ANDHRA PRADESH,Vedurukuppam,19
ANDHRA PRADESH,Veeraballe,20
ANDHRA PRADESH,Veeraghattam,21
ANDHRA PRADESH,Veerapunayunipalle,22
ANDHRA PRADESH,Veeravasaram,23
ANDHRA PRADESH,Veerullapadu,24
ANDHRA PRADESH,Velairpadu,25
ANDHRA PRADESH,Veldurthi,26
ANDHRA PRADESH,Velgode,27
ANDHRA PRADESH,Veligandla,28
ANDHRA PRADESH,Vempalle,29
ANDHRA PRADESH,Vemula,30
ANDHRA PRADESH,Vemuru,31
ANDHRA PRADESH,Venkatachalam,32
ANDHRA PRADESH,Venkatagiri,33
ANDHRA PRADESH,Venkatagirikota,34
ANDHRA PRADESH,Vepada,35
ANDHRA PRADESH,Vetapalem,36
ANDHRA PRADESH,Vidapanakal,37
ANDHRA PRADESH,Vidavalur,38
ANDHRA PRADESH,Vijayapuram,39
ANDHRA PRADESH,Vijayawada (Rural),40
ANDHRA PRADESH,Vijayawada (Urban),41
ANDHRA PRADESH,Vinjamur,42
ANDHRA PRADESH,Vinukonda,43
ANDHRA PRADESH,Visakhapatnam (Rural),44
ANDHRA PRADESH,Visakhapatnam (Urban),45
ANDHRA PRADESH,Vissannapet,46
ANDHRA PRADESH,Vizianagaram,47
ANDHRA PRADESH,Voletivaripalem,48
ANDHRA PRADESH,Vontimitta,49
ANDHRA PRADESH,Vuyyuru,50
ANDHRA PRADESH,Y. Ramavaram,51
ANDHRA PRADESH,Yadamarri,52
ANDHRA PRADESH,Yadiki,53
ANDHRA PRADESH,Yeddana Pudi,54
ANDHRA PRADESH,Yelamanchili,55
ANDHRA PRADESH,Yeleswaram,56
ANDHRA PRADESH,Yellanur,57
ANDHRA PRADESH,Yemmiganur,58
ANDHRA PRADESH,YEMMIGANUR MUNCIPALITY,59
ANDHRA PRADESH,Yerpedu,60
ANDHRA PRADESH,Yerragondapalem,61
ANDHRA PRADESH,Yerraguntla,62
ANDHRA PRADESH,Yerravaripalem,63
ANDHRA PRADESH,Zarugumalli,64
ARUNACHAL PRADESH,Aalo HQ,65
ARUNACHAL PRADESH,Anelih,66
ARUNACHAL PRADESH,Anini,67
ARUNACHAL PRADESH,Bagra,68
ARUNACHAL PRADESH,Balemu,69
ARUNACHAL PRADESH,Balijan ADC,70
ARUNACHAL PRADESH,Bameng ADC,71
ARUNACHAL PRADESH,Banderdawa,72
ARUNACHAL PRADESH,Baririjo Circle,73
ARUNACHAL PRADESH,Basar ADC,74
ARUNACHAL PRADESH,Bhalukpong EAC,75
ARUNACHAL PRADESH,Bilat Circle,76
ARUNACHAL PRADESH,Boleng ADC,77
ARUNACHAL PRADESH,Bomdila HQ,78
ARUNACHAL PRADESH,Bongkhar Circle,79
ARUNACHAL PRADESH,Bordumsa ADC,80
ARUNACHAL PRADESH,Chaglagam Circle,81
ARUNACHAL PRADESH,Chambang Circle,82
ARUNACHAL PRADESH,Changlang HQ,83
ARUNACHAL PRADESH,Chayangtajo ADC,84
ARUNACHAL PRADESH,Chetam Peer Yapu Circle,85
ARUNACHAL PRADESH,Chongkham EAC,86
ARUNACHAL PRADESH,Dadam Circle,87
ARUNACHAL PRADESH,Dambuk ADC,88
ARUNACHAL PRADESH,DAMIN CIRCLE,89
ARUNACHAL PRADESH,Daporijo Hq,90
ARUNACHAL PRADESH,Darak Circle,91
ARUNACHAL PRADESH,Daring Circle,92
ARUNACHAL PRADESH,Deomali ADC,93
ARUNACHAL PRADESH,Desali,94
ARUNACHAL PRADESH,Dirang ADC,95
ARUNACHAL PRADESH,Dissing-Passo,96
ARUNACHAL PRADESH,Diyun EAC,97
ARUNACHAL PRADESH,Doimukh SDO,98
ARUNACHAL PRADESH,Dollungmukh Circle,99
ARUNACHAL PRADESH,DUDUNGHAR,100
ARUNACHAL PRADESH,Dumporijo ADC,1
ARUNACHAL PRADESH,Etalin,2
ARUNACHAL PRADESH,Geku EAC,3
ARUNACHAL PRADESH,Gelling Circle,4
ARUNACHAL PRADESH,Gensi EAC,5
ARUNACHAL PRADESH,Giba Circle,6
ARUNACHAL PRADESH,Gite-Ripa,7
ARUNACHAL PRADESH,Goiliang Circle,8
ARUNACHAL PRADESH,Gumto Circle,9
ARUNACHAL PRADESH,Gussar,10
ARUNACHAL PRADESH,Gyawe Purang Circle,11
ARUNACHAL PRADESH,Hawai HQ,12
ARUNACHAL PRADESH,Hayuliang ADC,13
ARUNACHAL PRADESH,Hunli SDO,14
ARUNACHAL PRADESH,Itanagar EAC,15
ARUNACHAL PRADESH,Jairampur ADC,16
ARUNACHAL PRADESH,Jamiri Circle,17
ARUNACHAL PRADESH,Jang ADC,18
ARUNACHAL PRADESH,Jengging Circle,19
ARUNACHAL PRADESH,Jomlo Mobuk Circle,20
ARUNACHAL PRADESH,Kakoi Circle,21
ARUNACHAL PRADESH,Kalaktang ADC,22
ARUNACHAL PRADESH,Kamba ADC,23
ARUNACHAL PRADESH,Kamengbari Doimara Circle,24
ARUNACHAL PRADESH,Kamporijo Circle,25
ARUNACHAL PRADESH,Kangku Circle,26
ARUNACHAL PRADESH,Kanubari ADC,27
ARUNACHAL PRADESH,Katan Circle,28
ARUNACHAL PRADESH,Kaying EAC,29
ARUNACHAL PRADESH,Kebang Circle,30
ARUNACHAL PRADESH,Kharsang Circle,31
ARUNACHAL PRADESH,Khenawa Circle,32
ARUNACHAL PRADESH,Khimiyang EAC,33
ARUNACHAL PRADESH,Khonsa HQ,34
ARUNACHAL PRADESH,Kibithoo Circle,35
ARUNACHAL PRADESH,Kimin SDO,36
ARUNACHAL PRADESH,Kitpi Circle,37
ARUNACHAL PRADESH,KOLORIANG HQ,38
ARUNACHAL PRADESH,Kora Circle,39
ARUNACHAL PRADESH,Koronu Circle,40
ARUNACHAL PRADESH,Koyu EAC,41
ARUNACHAL PRADESH,Kronli (Arzoo circle),42
ARUNACHAL PRADESH,Lada Circle,43
ARUNACHAL PRADESH,Laju SDO,44
ARUNACHAL PRADESH,Lathao Circle,45
ARUNACHAL PRADESH,Lawnu Circle,46
ARUNACHAL PRADESH,Lekang Mahadevpur Circle,47
ARUNACHAL PRADESH,Leporiang Circle,48
ARUNACHAL PRADESH,Lhou Circle,49
ARUNACHAL PRADESH,Likabali SDO,50
ARUNACHAL PRADESH,Limeking Circle,51
ARUNACHAL PRADESH,Liromoba EAC,52
ARUNACHAL PRADESH,Longding HQ,53
ARUNACHAL PRADESH,Lumla ADC,54
ARUNACHAL PRADESH,Lyngok Longtoi Circle,55
ARUNACHAL PRADESH,Manchal Circle,56
ARUNACHAL PRADESH,Manmao EAC,57
ARUNACHAL PRADESH,Mariyang ADC,58
ARUNACHAL PRADESH,Maro Circle,59
ARUNACHAL PRADESH,Mebo ADC,60
ARUNACHAL PRADESH,Mechuka ADC,61
ARUNACHAL PRADESH,Mengio EAC,62
ARUNACHAL PRADESH,Metengliang Circle,63
ARUNACHAL PRADESH,Miao ADC,64
ARUNACHAL PRADESH,Migging Circle,65
ARUNACHAL PRADESH,Mipi,66
ARUNACHAL PRADESH,Monigong EAC,67
ARUNACHAL PRADESH,Mopom Adipasi Circle,68
ARUNACHAL PRADESH,Mukto Circle,69
ARUNACHAL PRADESH,Nacho SDO,70
ARUNACHAL PRADESH,Nafra EAC,71
ARUNACHAL PRADESH,Naharlagun EAC,72
ARUNACHAL PRADESH,Nampong SDO,73
ARUNACHAL PRADESH,Namsai HQ,74
ARUNACHAL PRADESH,Namsing Circle,75
ARUNACHAL PRADESH,Namtok EAC,76
ARUNACHAL PRADESH,Nari ADC,77
ARUNACHAL PRADESH,New Seren Circle,78
ARUNACHAL PRADESH,NYAPIN ADC,79
ARUNACHAL PRADESH,Old Ziro SDO,80
ARUNACHAL PRADESH,Oyan Circle,81
ARUNACHAL PRADESH,Pakke Kessang EAC,82
ARUNACHAL PRADESH,Palin Circle,83
ARUNACHAL PRADESH,Palling Circle,84
ARUNACHAL PRADESH,Pangchao SDO,85
ARUNACHAL PRADESH,Pangin EAC,86
ARUNACHAL PRADESH,Parang Circle,87
ARUNACHAL PRADESH,Parsi-Parlo,88
ARUNACHAL PRADESH,Pasighat HQ,89
ARUNACHAL PRADESH,Payeng Circle,90
ARUNACHAL PRADESH,Payum Circle,91
ARUNACHAL PRADESH,Pidi Circle,92
ARUNACHAL PRADESH,Pipsorang Circle,93
ARUNACHAL PRADESH,Pipu Dipu Circle,94
ARUNACHAL PRADESH,Pistana Circle,95
ARUNACHAL PRADESH,Piyong Circle,96
ARUNACHAL PRADESH,Pizirang Veo Circle,97
ARUNACHAL PRADESH,Puchi Geko Circle,98
ARUNACHAL PRADESH,Pumao Circle,99
ARUNACHAL PRADESH,Raga,100
ARUNACHAL PRADESH,Rebo Perging Circle,1
ARUNACHAL PRADESH,Renuk,2
ARUNACHAL PRADESH,Richukrong Circle,3
ARUNACHAL PRADESH,Riga EAC,4
ARUNACHAL PRADESH,Roing HQ,5
ARUNACHAL PRADESH,Ruksin ADC,6
ARUNACHAL PRADESH,Rumgong ADC,7
ARUNACHAL PRADESH,Rupa SDO,8
ARUNACHAL PRADESH,Sagalee ADC,9
ARUNACHAL PRADESH,Sangdupota Basar Nello Circle,10
ARUNACHAL PRADESH,SANGRAM SDO,11
ARUNACHAL PRADESH,SARLI CIRCLE,12
ARUNACHAL PRADESH,Sawa CIrcle,13
ARUNACHAL PRADESH,Seijosa ADC,14
ARUNACHAL PRADESH,Seppa HQ,15
ARUNACHAL PRADESH,Shergaon Circle,16
ARUNACHAL PRADESH,Sibe Circle,17
ARUNACHAL PRADESH,Singa Circle,18
ARUNACHAL PRADESH,Singchung ADC,19
ARUNACHAL PRADESH,Siyum ADC,20
ARUNACHAL PRADESH,Soha Circle,21
ARUNACHAL PRADESH,Sunpura Circle,22
ARUNACHAL PRADESH,Taksing,23
ARUNACHAL PRADESH,Tali ADC,24
ARUNACHAL PRADESH,Taliha ADC,25
ARUNACHAL PRADESH,Taraso Circle,26
ARUNACHAL PRADESH,Tato,27
ARUNACHAL PRADESH,TAWANG HQ,28
ARUNACHAL PRADESH,Tezu HQ,29
ARUNACHAL PRADESH,Thembang Circle,30
ARUNACHAL PRADESH,Thingbu Circle,31
ARUNACHAL PRADESH,Thrizino ADC,32
ARUNACHAL PRADESH,Tikhak Rima Putok,33
ARUNACHAL PRADESH,Tinali Paglam Circle,34
ARUNACHAL PRADESH,Tirbin EAC,35
ARUNACHAL PRADESH,Toru Circle,36
ARUNACHAL PRADESH,Tuting ADC,37
ARUNACHAL PRADESH,Vijoynagar EAC,38
ARUNACHAL PRADESH,Wakka SDO,39
ARUNACHAL PRADESH,Wakro Circle,40
ARUNACHAL PRADESH,Walong Circle,41
ARUNACHAL PRADESH,Yachuli ADC,42
ARUNACHAL PRADESH,Yangte Circle,43
ARUNACHAL PRADESH,Yatdam Circle,44
ARUNACHAL PRADESH,Yazali Circle,45
ARUNACHAL PRADESH,Yingkiong Circle,46
ARUNACHAL PRADESH,Yomcha ADC,47
ARUNACHAL PRADESH,Zemithang Circle,48
ARUNACHAL PRADESH,Ziro HQ,49
ASSAM,Agamoni,50
ASSAM,Algapur,51
ASSAM,Amguri,52
ASSAM,Azara,53
ASSAM,Badarpur,54
ASSAM,Baganpara (Pt),55
ASSAM,Baghbor,56
ASSAM,Bagribari (Pt),57
ASSAM,Bajali (Pt),58
ASSAM,Balijana,59
ASSAM,Banekuchi,60
ASSAM,Barama Pt,61
ASSAM,Barbhag,62
ASSAM,Barkhetri,63
ASSAM,Barnagar (Pt),64
ASSAM,Barpeta,65
ASSAM,Baska,66
ASSAM,Bengtol,67
ASSAM,Bhowraguri,68
ASSAM,Bhuragaon,69
ASSAM,Bihpuria,70
ASSAM,Bijni (Pt),71
ASSAM,Bilasipara Pt,72
ASSAM,Biswanath,73
ASSAM,Boitamari,74
ASSAM,Bokakhat,75
ASSAM,Boko,76
ASSAM,Bongaigaon (Pt),77
ASSAM,Chabua,78
ASSAM,Chamaria,79
ASSAM,Chandrapur,80
ASSAM,Chapar Pt,81
ASSAM,Chariduar,82
ASSAM,Chenga,83
ASSAM,Chhaygaon,84
ASSAM,Dalgaon (Pt),85
ASSAM,Dergaon,86
ASSAM,Dhakuakhana (Pt-I),87
ASSAM,Dhekiajuli (Pt),88
ASSAM,Dhemaji,89
ASSAM,Dhing,90
ASSAM,Dhubri,91
ASSAM,Dibrugarh East,92
ASSAM,Dibrugarh West,93
ASSAM,Dimow,94
ASSAM,Diphu,95
ASSAM,Dispur,96
ASSAM,Doboka,97
ASSAM,Donka,98
ASSAM,Doom Dooma,99
ASSAM,Dotoma,100
ASSAM,Dudhnai,1
ASSAM,Ghograpar (Pt),2
ASSAM,Gogamukh,3
ASSAM,Gohpur,4
ASSAM,Golaghat,5
ASSAM,Golakganj Pt,6
ASSAM,Goreswar (Pt),7
ASSAM,Goroimari,8
ASSAM,Gossaigaon (Pt),9
ASSAM,Guwahati,10
ASSAM,Haflong,11
ASSAM,Hailakandi,12
ASSAM,Hajo,13
ASSAM,Harisinga,14
ASSAM,Helem,15
ASSAM,Hojai,16
ASSAM,Jalah (Pt),17
ASSAM,Jonai,18
ASSAM,Jorhat East,19
ASSAM,Jorhat West,20
ASSAM,Kadam,21
ASSAM,Kalaigaon,22
ASSAM,Kalgachia,23
ASSAM,Kaliabor,24
ASSAM,Kamalpur,25
ASSAM,Kampur,26
ASSAM,Karimganj,27
ASSAM,Katigora,28
ASSAM,Katlichara,29
ASSAM,Khoirabari (Pt),30
ASSAM,Khumtai,31
ASSAM,Kokrajhar (Pt),32
ASSAM,Koya,33
ASSAM,Laharighat,34
ASSAM,Lakhipur,35
ASSAM,Lala,36
ASSAM,Lanka,37
ASSAM,Mahmora,38
ASSAM,Mahur,39
ASSAM,Maibong,40
ASSAM,Majuli,41
ASSAM,Mangaldoi (Pt),42
ASSAM,Mankachar,43
ASSAM,Margherita,44
ASSAM,Mariani,45
ASSAM,Marigaon,46
ASSAM,Matia,47
ASSAM,Mayong,48
ASSAM,Mazbat,49
ASSAM,Mikirbheta,50
ASSAM,Moran,51
ASSAM,Morangi,52
ASSAM,Na-Duar,53
ASSAM,Nagaon,54
ASSAM,Nagarbera,55
ASSAM,Naharkatiya,56
ASSAM,Nalbari,57
ASSAM,Naobaicha,58
ASSAM,Narayanpur,59
ASSAM,Nazira,60
ASSAM,Nilambazar,61
ASSAM,North Guwahati (Pt),62
ASSAM,North Lakhimpur,63
ASSAM,Pachim Nalbari,64
ASSAM,PALASHBARI CIRCLE,65
ASSAM,Patharkandi,66
ASSAM,Pathorighat (Pt),67
ASSAM,Phuloni,68
ASSAM,Raha,69
ASSAM,Ramkrishna Nagar,70
ASSAM,Rangia Pt,71
ASSAM,Rangjuli,72
ASSAM,Rupahi,73
ASSAM,Sadiya,74
ASSAM,Samaguri,75
ASSAM,Sarthebari,76
ASSAM,Sarupathar,77
ASSAM,Sarupeta (Pt),78
ASSAM,Sibsagar,79
ASSAM,Sidli (Pt),80
ASSAM,Silchar,81
ASSAM,Silonijan,82
ASSAM,Sipajhar,83
ASSAM,Sissibargaon,84
ASSAM,Sonai,85
ASSAM,Sonapur,86
ASSAM,Sonari,87
ASSAM,South Salmara,88
ASSAM,Srijangram,89
ASSAM,Subansiri (Pt-I),90
ASSAM,Tamulpur,91
ASSAM,Tengakhat,92
ASSAM,Teok,93
ASSAM,Tezpur,94
ASSAM,Thelamara,95
ASSAM,Tihu (Pt),96
ASSAM,Tingkhong,97
ASSAM,Tinsukia,98
ASSAM,Titabor,99
ASSAM,Udalguri,100
ASSAM,Udarbond,1
ASSAM,Umrangso,2
BIHAR,Adapur,3
BIHAR,Adhaura,4
BIHAR,Agiaon,5
BIHAR,Akbarpur,6
BIHAR,Akorhi Gola,7
BIHAR,Alamnagar,8
BIHAR,Alauli,9
BIHAR,Alinagar,10
BIHAR,Amarpur,11
BIHAR,Amas,12
BIHAR,Amdabad,13
BIHAR,Amnour,14
BIHAR,Amour,15
BIHAR,Andar,16
BIHAR,Andhratharhi,17
BIHAR,Araria,18
BIHAR,Areraj,19
BIHAR,Ariari,20
BIHAR,Arrah,21
BIHAR,Arwal,22
BIHAR,Asarganj,23
BIHAR,Asthawan,24
BIHAR,Athmalgola,25
BIHAR,Atri,26
BIHAR,Aurai,27
BIHAR,Aurangabad,28
BIHAR,Azamnagar,29
BIHAR,Babubarhi,30
BIHAR,Bachhwara,31
BIHAR,Bagaha,32
BIHAR,Bahadurganj,33
BIHAR,Bahadurpur,34
BIHAR,Baheri,35
BIHAR,Baikunthpur,36
BIHAR,Bairgania,37
BIHAR,Bairia,38
BIHAR,Baisa,39
BIHAR,Baisi,40
BIHAR,Bajpatti,41
BIHAR,Bakhri,42
BIHAR,Bakhtiarpur,43
BIHAR,Balia,44
BIHAR,Balrampur,45
BIHAR,Bandra,46
BIHAR,Baniapur,47
BIHAR,Banjaria,48
BIHAR,Banka,49
BIHAR,Bankatwa,50
BIHAR,Banke Bazar,51
BIHAR,Banma Itahri,52
BIHAR,Banmankhi,53
BIHAR,Barachatti,54
BIHAR,Barahat,55
BIHAR,Barahiya,56
BIHAR,Barari,57
BIHAR,Barauli,58
BIHAR,Barauni,59
BIHAR,Barbigha,60
BIHAR,Barh,61
BIHAR,Barhampur,62
BIHAR,Barhara,63
BIHAR,Barharia,64
BIHAR,Barhat,65
BIHAR,Bariarpur,66
BIHAR,Barsoi,67
BIHAR,Barun,68
BIHAR,Baruraj (Motipur),69
BIHAR,Basantpur,70
BIHAR,Basopatti,71
BIHAR,Bathnaha,72
BIHAR,Bausi,73
BIHAR,Begusarai,74
BIHAR,Behea,75
BIHAR,Belaganj,76
BIHAR,Belchhi,77
BIHAR,Beldaur,78
BIHAR,Belhar,79
BIHAR,Belsand,80
BIHAR,Ben,81
BIHAR,Benipatti,82
BIHAR,Benipur,83
BIHAR,Bettiah,84
BIHAR,Bhabua,85
BIHAR,Bhagwanpur,86
BIHAR,Bhagwanpur Hat,87
BIHAR,Bhargama,88
BIHAR,Bhawanipur,89
BIHAR,Bhitaha,90
BIHAR,Bhorey,91
BIHAR,Bibhutpur,92
BIHAR,Bidupur,93
BIHAR,Bihar,94
BIHAR,Bihariganj,95
BIHAR,Bihpur,96
BIHAR,Bihta,97
BIHAR,Bijaipur,98
BIHAR,Bikram,99
BIHAR,Bikramganj,100
BIHAR,Bind,1
BIHAR,Biraul,2
BIHAR,Birpur,3
BIHAR,Bisfi,4
BIHAR,Bithan,5
BIHAR,Bochaha,6
BIHAR,Bodh Gaya,7
BIHAR,Bokhara,8
BIHAR,Buxar,9
BIHAR,Chainpur,10
BIHAR,Chakai,11
BIHAR,Chakia(Pipra),12
BIHAR,Chakki,13
BIHAR,Chanan,14
BIHAR,Chanan*,15
BIHAR,Chand,16
BIHAR,Chandi,17
BIHAR,Chanpatia,18
BIHAR,Chapra,19
BIHAR,Charaut,20
BIHAR,Charpokhari,21
BIHAR,Chaugain,22
BIHAR,Chausa,23
BIHAR,Chautham,24
BIHAR,Chehra Kalan,25
BIHAR,Chenari,26
BIHAR,Cheria Bariarpur,27
BIHAR,Chewara,28
BIHAR,Chhatapur,29
BIHAR,Chhorahi,30
BIHAR,Chiraia,31
BIHAR,Dagarua,32
BIHAR,Dalsinghsarai,33
BIHAR,Dandari,34
BIHAR,Dandkhora,35
BIHAR,Daniawan,36
BIHAR,Darauli,37
BIHAR,Daraundha,38
BIHAR,Darbhanga,39
BIHAR,Dariapur,40
BIHAR,Daudnagar,41
BIHAR,Dawath,42
BIHAR,Dehri,43
BIHAR,Deo,44
BIHAR,Desri,45
BIHAR,Dhaka,46
BIHAR,Dhamdaha,47
BIHAR,Dhanarua,48
BIHAR,Dharhara,49
BIHAR,Dholi (Moraul),50
BIHAR,Dhuraiya,51
BIHAR,Dighalbank,52
BIHAR,Dighwara,53
BIHAR,Dinapur-Cum-Khagaul,54
BIHAR,Dinara,55
BIHAR,Dobhi,56
BIHAR,Dulhin Bazar,57
BIHAR,Dumaria,58
BIHAR,Dumra,59
BIHAR,Dumraon,60
BIHAR,Dumri Katsari,61
BIHAR,Durgawati,62
BIHAR,Ekangarsarai,63
BIHAR,Ekma,64
BIHAR,Falka,65
BIHAR,Fatehpur,66
BIHAR,Fatwah,67
BIHAR,Forbesganj,68
BIHAR,Gaighat,69
BIHAR,Gamharia,70
BIHAR,Garhani,71
BIHAR,Garhpura,72
BIHAR,Garkha,73
BIHAR,Gaunaha,74
BIHAR,Gaya Town C.D.Block,75
BIHAR,Ghailarh,76
BIHAR,Ghanshyampur,77
BIHAR,Ghat Kusumbha,78
BIHAR,Ghoghardiha,79
BIHAR,Ghorasahan,80
BIHAR,Ghoshi,81
BIHAR,Ghoswari,82
BIHAR,Gidhaur,83
BIHAR,Giriak,84
BIHAR,Gobindpur,85
BIHAR,Gogri,86
BIHAR,Goh,87
BIHAR,Gopalganj,88
BIHAR,Gopalpur,89
BIHAR,Gora Bauram,90
BIHAR,Goradih,91
BIHAR,Goraul,92
BIHAR,Goriakothi,93
BIHAR,Guraru,94
BIHAR,Gurua,95
BIHAR,Guthani,96
BIHAR,Gwalpara,97
BIHAR,Hajipur,98
BIHAR,Halsi,99
BIHAR,Hanumannagar,100
BIHAR,Harlakhi,1
BIHAR,Harnaut,2
BIHAR,Harsidhi,3
BIHAR,Hasanganj,4
BIHAR,Hasanpur,5
BIHAR,Hasanpura,6
BIHAR,Haspura,7
BIHAR,Hathua,8
BIHAR,Hayaghat,9
BIHAR,Hilsa,10
BIHAR,Hisua,11
BIHAR,Hulasganj,12
BIHAR,Hussainganj,13
BIHAR,Imamganj,14
BIHAR,Ishupur,15
BIHAR,Islamnagar Aliganj,16
BIHAR,Islampur,17
BIHAR,Ismailpur,18
BIHAR,Itarhi,19
BIHAR,Jagdishpur,20
BIHAR,Jainagar,21
BIHAR,Jalalgarh,22
BIHAR,Jalalpur,23
BIHAR,Jale,24
BIHAR,Jamalpur,25
BIHAR,Jamui,26
BIHAR,Jandaha,27
BIHAR,Jehanabad,28
BIHAR,Jhajha,29
BIHAR,Jhanjharpur,30
BIHAR,Jogapatti,31
BIHAR,Jokihat,32
BIHAR,Kadwa,33
BIHAR,Kahalgaon,34
BIHAR,Kahara,35
BIHAR,Kako,36
BIHAR,Kaler,37
BIHAR,Kaluahi,38
BIHAR,Kalyanpur,39
BIHAR,Kanti,40
BIHAR,Karai Parsurai,41
BIHAR,Karakat,42
BIHAR,Kargahar,43
BIHAR,Karpi,44
BIHAR,Kasba,45
BIHAR,Kashi Chak,46
BIHAR,Katihar,47
BIHAR,Katiya,48
BIHAR,Katoria,49
BIHAR,Katra,50
BIHAR,Katrisarai,51
BIHAR,Kawakol,52
BIHAR,Keotiranway,53
BIHAR,Kesaria,54
BIHAR,Kesath,55
BIHAR,Khagaria,56
BIHAR,Khaira,57
BIHAR,Khajauli,58
BIHAR,Khanpur,59
BIHAR,Kharagpur,60
BIHAR,Kharik,61
BIHAR,Khizirsarai,62
BIHAR,Khudabandpur,63
BIHAR,Khusrupur,64
BIHAR,Kiratpur,65
BIHAR,Kishanganj,66
BIHAR,Kishanpur,67
BIHAR,Kochadhamin,68
BIHAR,Kochas,69
BIHAR,Koilwar,70
BIHAR,Konch,71
BIHAR,Korha,72
BIHAR,Kotwa,73
BIHAR,Krityanand Nagar,74
BIHAR,Kuchaikote,75
BIHAR,Kudra,76
BIHAR,Kumarkhand,77
BIHAR,Kurhani,78
BIHAR,Kursakatta,79
BIHAR,Kursela,80
BIHAR,Kurtha,81
BIHAR,Kusheshwar Asthan,82
BIHAR,Kusheshwar Asthan Purbi,83
BIHAR,Kutumba,84
BIHAR,Ladania,85
BIHAR,Lahladpur,86
BIHAR,Lakhisarai,87
BIHAR,Lakhnaur,88
BIHAR,Lakri Nabiganj,89
BIHAR,Lakshmipur,90
BIHAR,Lalganj,91
BIHAR,Laukaha,92
BIHAR,Laukahi,93
BIHAR,Lauriya,94
BIHAR,Madanpur,95
BIHAR,Madhepur,96
BIHAR,Madhepura,97
BIHAR,Madhuban,98
BIHAR,Madhubani,99
BIHAR,Madhwapur,100
BIHAR,Maharajganj,1
BIHAR,Mahishi,2
BIHAR,Mahnar,3
BIHAR,Mahua,4
BIHAR,Mainatanr,5
BIHAR,Mairwa,6
BIHAR,Majhaulia,7
BIHAR,Majorganj,8
BIHAR,Maker,9
BIHAR,Makhdumpur,10
BIHAR,Maner,11
BIHAR,Manigachhi,12
BIHAR,Manihari,13
BIHAR,Manjha,14
BIHAR,Manjhi,15
BIHAR,Manpur,16
BIHAR,Mansahi,17
BIHAR,Mansi,18
BIHAR,Mansurchak,19
BIHAR,Marauna,20
BIHAR,Marhaura,21
BIHAR,Marwan,22
BIHAR,Masaurhi,23
BIHAR,Mashrakh,24
BIHAR,Matihani,25
BIHAR,Mehsi,26
BIHAR,Meskaur,27
BIHAR,Minapur,28
BIHAR,Modanganj,29
BIHAR,Mohania,30
BIHAR,Mohanpur,31
BIHAR,Mohiuddinagar,32
BIHAR,Mokameh,33
BIHAR,Morwa,34
BIHAR,Motihari,35
BIHAR,Muhra,36
BIHAR,Munger,37
BIHAR,Murliganj,38
BIHAR,Musahri,39
BIHAR,Nabinagar,40
BIHAR,Nagar Nausa,41
BIHAR,Nagra,42
BIHAR,Nanpur,43
BIHAR,Naokothi,44
BIHAR,Narayanpur,45
BIHAR,Nardiganj,46
BIHAR,Narhat,47
BIHAR,Narkatia,48
BIHAR,Narkatiaganj,49
BIHAR,Narpatganj,50
BIHAR,Nasriganj,51
BIHAR,Nathnagar,52
BIHAR,Naubatpur,53
BIHAR,Naugachhia,54
BIHAR,Nauhatta,55
BIHAR,Nautan,56
BIHAR,Nawada,57
BIHAR,Nawanagar,58
BIHAR,Neem Chak Bathani,59
BIHAR,Nirmali,60
BIHAR,Nokha,61
BIHAR,Noorsarai,62
BIHAR,Nuaon,63
BIHAR,Obra,64
BIHAR,Pach Deuri,65
BIHAR,Pachrukhi,66
BIHAR,Paharpur,67
BIHAR,Pakri Dayal,68
BIHAR,Pakribarawan,69
BIHAR,Palasi,70
BIHAR,Paliganj,71
BIHAR,Panapur,72
BIHAR,Pandarak,73
BIHAR,Pandaul,74
BIHAR,Paraiya,75
BIHAR,Parbalpur,76
BIHAR,Parbatta,77
BIHAR,Parihar,78
BIHAR,Paroo,79
BIHAR,Parsa,80
BIHAR,Parsauni,81
BIHAR,Patahi,82
BIHAR,Patarghat,83
BIHAR,Patepur,84
BIHAR,Paterhi Belsar,85
BIHAR,Patna Rural,86
BIHAR,Patori,87
BIHAR,Phenhara,88
BIHAR,Phulidumar,89
BIHAR,Phulparas,90
BIHAR,Phulwari,91
BIHAR,Phulwaria,92
BIHAR,Pipariya,93
BIHAR,Pipra,94
BIHAR,Piprakothi,95
BIHAR,Piprarhi,96
BIHAR,Piro,97
BIHAR,Pirpainti,98
BIHAR,Pothia,99
BIHAR,Pranpur,100
BIHAR,Pratapganj,1
BIHAR,Punpun,2
BIHAR,Pupri,3
BIHAR,Puraini,4
BIHAR,Purnahiya,5
BIHAR,Purnia East,6
BIHAR,Pusa,7
BIHAR,Rafiganj,8
BIHAR,Raghopur,9
BIHAR,Raghunathpur,10
BIHAR,Rahui,11
BIHAR,Raja Pakar,12
BIHAR,Rajauli,13
BIHAR,Rajaun,14
BIHAR,Rajgir,15
BIHAR,Rajnagar,16
BIHAR,Rajpur,17
BIHAR,Ramgarh,18
BIHAR,Ramgarh Chowk,19
BIHAR,Ramgarhwa,20
BIHAR,Ramnagar,21
BIHAR,Rampur,22
BIHAR,Rangra Chowk,23
BIHAR,Raniganj,24
BIHAR,Ratni Faridpur,25
BIHAR,Raxaul,26
BIHAR,Revelganj,27
BIHAR,Riga,28
BIHAR,Roh,29
BIHAR,Rohtas,30
BIHAR,Rosera,31
BIHAR,Runisaidpur,32
BIHAR,Rupauli,33
BIHAR,Sabour,34
BIHAR,Sahar,35
BIHAR,Sahdai Buzurg,36
BIHAR,Sahebganj,37
BIHAR,Sahebpur Kamal,38
BIHAR,Sakra,39
BIHAR,Salkhua,40
BIHAR,Samastipur,41
BIHAR,Sameli,42
BIHAR,Sampatchak,43
BIHAR,Sandesh,44
BIHAR,Sangrampur,45
BIHAR,Sanjhauli,46
BIHAR,Saraigarh Bhaptiyahi,47
BIHAR,Sarairanjan,48
BIHAR,Saraiya,49
BIHAR,Sarmera,50
BIHAR,Sasaram,51
BIHAR,Satar Kataiya,52
BIHAR,Saur Bazar,53
BIHAR,Shahkund,54
BIHAR,Shahpur,55
BIHAR,Shambhuganj,56
BIHAR,Shamho Akha Kurha,57
BIHAR,Shankarpur,58
BIHAR,Sheikhpura,59
BIHAR,Shekhopur Sarai,60
BIHAR,Sheohar,61
BIHAR,Sheosagar,62
BIHAR,Sherghati,63
BIHAR,Shivaji Nagar,64
BIHAR,Sidhaw,65
BIHAR,Sidhwalia,66
BIHAR,Sikandra,67
BIHAR,Sikta,68
BIHAR,Sikti,69
BIHAR,Silao,70
BIHAR,Simri,71
BIHAR,Simri Bakhtiarpur,72
BIHAR,Singheshwar,73
BIHAR,Singhia,74
BIHAR,Singhwara,75
BIHAR,Sirdala,76
BIHAR,Siswan,77
BIHAR,Siwan,78
BIHAR,Sonbarsa,79
BIHAR,Sonbhadra Banshi Suryapur,80
BIHAR,Sonepur,81
BIHAR,Sonhaula,82
BIHAR,Sono,83
BIHAR,Srinagar,84
BIHAR,Sugauli,85
BIHAR,Sultanganj,86
BIHAR,Supaul,87
BIHAR,Suppi,88
BIHAR,Surajgarha,89
BIHAR,Sursand,90
BIHAR,Suryapura,91
BIHAR,Tajpur,92
BIHAR,Tan Kuppa,93
BIHAR,Taraiya,94
BIHAR,Tarapur,95
BIHAR,Tarari,96
BIHAR,Tardih,97
BIHAR,Tariani Chowk,98
BIHAR,Teghra,99
BIHAR,Terhagachh,100
BIHAR,Tetaria,1
BIHAR,Tetiha Bambor,2
BIHAR,Thakrahan,3
BIHAR,Thakurganj,4
BIHAR,Tharthari,5
BIHAR,Thawe,6
BIHAR,Tikari,7
BIHAR,Tilouthu,8
BIHAR,Tribeniganj,9
BIHAR,Turkaulia,10
BIHAR,Uchkagaon,11
BIHAR,Udwant Nagar,12
BIHAR,Ujiarpur,13
BIHAR,Vaishali,14
BIHAR,Vidyapati Nagar,15
BIHAR,Warisaliganj,16
BIHAR,Warisnagar,17
BIHAR,Wazirganj,18
BIHAR,Ziradei,19
CHANDIGARH,Chandigarh,20
CHHATTISGARH,Abhanpur,21
CHHATTISGARH,Adbhar,22
CHHATTISGARH,Akaltara,23
CHHATTISGARH,Ambagarh,24
CHHATTISGARH,Ambikapur,25
CHHATTISGARH,Antagarh,26
CHHATTISGARH,Arang,27
CHHATTISGARH,Aundhi,28
CHHATTISGARH,Bade Rajpur,29
CHHATTISGARH,Bagbahra,30
CHHATTISGARH,Bagicha,31
CHHATTISGARH,Baikunthpur,32
CHHATTISGARH,Bakavand,33
CHHATTISGARH,Balod,34
CHHATTISGARH,Baloda,35
CHHATTISGARH,Baloda Bazar,36
CHHATTISGARH,Balrampur,37
CHHATTISGARH,Baradwar,38
CHHATTISGARH,Baramkela,39
CHHATTISGARH,Basna,40
CHHATTISGARH,Bastanar,41
CHHATTISGARH,Bastar,42
CHHATTISGARH,Batouli,43
CHHATTISGARH,Bemetara,44
CHHATTISGARH,Berla,45
CHHATTISGARH,Bhairamgarh,46
CHHATTISGARH,Bhaiyathan,47
CHHATTISGARH,Bhanupratappur,48
CHHATTISGARH,Bharatpur,49
CHHATTISGARH,Bhatapara,50
CHHATTISGARH,Bhatgaon,51
CHHATTISGARH,Bhopalpattnam,52
CHHATTISGARH,Bijapur,53
CHHATTISGARH,Bilaigarh,54
CHHATTISGARH,Bilaspur,55
CHHATTISGARH,Bilha,56
CHHATTISGARH,Bindranavagarh(Gariyaband),57
CHHATTISGARH,Bodla,58
CHHATTISGARH,Champa,59
CHHATTISGARH,Charama,60
CHHATTISGARH,Chhindgarh,61
CHHATTISGARH,Chhuikhadan,62
CHHATTISGARH,Chhura,63
CHHATTISGARH,Chhuriya,64
CHHATTISGARH,Chirmiri,65
CHHATTISGARH,Dabhra,66
CHHATTISGARH,Dantewada,67
CHHATTISGARH,Darbha,68
CHHATTISGARH,Deobhog,69
CHHATTISGARH,Dhamdha,70
CHHATTISGARH,Dhamtari,71
CHHATTISGARH,Dondi,72
CHHATTISGARH,Dondi Luhara,73
CHHATTISGARH,Dongargaon,74
CHHATTISGARH,Dongargarh,75
CHHATTISGARH,Duldula,76
CHHATTISGARH,Durg,77
CHHATTISGARH,Durgkondal,78
CHHATTISGARH,Farasgaon,79
CHHATTISGARH,Farsabahar,80
CHHATTISGARH,Gadiras,81
CHHATTISGARH,Gandai,82
CHHATTISGARH,Gharghoda,83
CHHATTISGARH,Gidam,84
CHHATTISGARH,Gunderdehi,85
CHHATTISGARH,Gurur,86
CHHATTISGARH,Hasaud,87
CHHATTISGARH,Jagdalpur,88
CHHATTISGARH,Jaijaipur,89
CHHATTISGARH,Janjgir,90
CHHATTISGARH,Jashpur,91
CHHATTISGARH,Kanker,92
CHHATTISGARH,Kansabel,93
CHHATTISGARH,Kartala,94
CHHATTISGARH,Kasdol,95
CHHATTISGARH,Katekalyan,96
CHHATTISGARH,Katghora,97
CHHATTISGARH,KATGHORA -1,98
CHHATTISGARH,Kawardha,99
CHHATTISGARH,Kelhari,100
CHHATTISGARH,Keskal,1
CHHATTISGARH,Khadganva,2
CHHATTISGARH,Khadgaon,3
CHHATTISGARH,Khairagarh,4
CHHATTISGARH,Kharsia,5
CHHATTISGARH,Kondagaon,6
CHHATTISGARH,Konta,7
CHHATTISGARH,Korba,8
CHHATTISGARH,Kota,9
CHHATTISGARH,Kotadol,10
CHHATTISGARH,Kuakonda,11
CHHATTISGARH,Kunkuri,12
CHHATTISGARH,Kurud,13
CHHATTISGARH,Lailunga,14
CHHATTISGARH,Lakhanpur,15
CHHATTISGARH,Lohandiguda,16
CHHATTISGARH,Lormi,17
CHHATTISGARH,Lundra,18
CHHATTISGARH,Magarlod,19
CHHATTISGARH,Mahasamund,20
CHHATTISGARH,Mainpat,21
CHHATTISGARH,Mainpur,22
CHHATTISGARH,Makdi,23
CHHATTISGARH,Malkharoda,24
CHHATTISGARH,Manendragarh,25
CHHATTISGARH,Manora,26
CHHATTISGARH,Manpur,27
CHHATTISGARH,Marwahi,28
CHHATTISGARH,Masturi,29
CHHATTISGARH,Mohla,30
CHHATTISGARH,Mungeli,31
CHHATTISGARH,Nagri,32
CHHATTISGARH,Narayanpur,33
CHHATTISGARH,Narharpur,34
CHHATTISGARH,Nawagarh,35
CHHATTISGARH,Orchha,36
CHHATTISGARH,Oudgi,37
CHHATTISGARH,Pakhanjur,38
CHHATTISGARH,Palari,39
CHHATTISGARH,Pali,40
CHHATTISGARH,Pamgarh,41
CHHATTISGARH,Pandariya,42
CHHATTISGARH,Patan,43
CHHATTISGARH,Pathalgaon,44
CHHATTISGARH,Pathariya,45
CHHATTISGARH,Pendra,46
CHHATTISGARH,Pendra Road Gorella,47
CHHATTISGARH,Pithora,48
CHHATTISGARH,Poundi-Uproda,49
CHHATTISGARH,Pratappur,50
CHHATTISGARH,Premnagar,51
CHHATTISGARH,Pusour,52
CHHATTISGARH,Raigarh,53
CHHATTISGARH,Raipur,54
CHHATTISGARH,Rajim,55
CHHATTISGARH,Rajnandgaon,56
CHHATTISGARH,Rajpur,57
CHHATTISGARH,Ramanujganj,58
CHHATTISGARH,Ramanujnagar,59
CHHATTISGARH,Sahaspur Lohara,60
CHHATTISGARH,Saja,61
CHHATTISGARH,Sakti,62
CHHATTISGARH,Salhewara,63
CHHATTISGARH,Samri(kusmi),64
CHHATTISGARH,Saraipali,65
CHHATTISGARH,Sarangarh,66
CHHATTISGARH,Sariya,67
CHHATTISGARH,Shankargarh,68
CHHATTISGARH,Simga,69
CHHATTISGARH,Sitapur,70
CHHATTISGARH,Sonhat,71
CHHATTISGARH,Sukma,72
CHHATTISGARH,Surajpur,73
CHHATTISGARH,Takhatpur,74
CHHATTISGARH,Tamnar,75
CHHATTISGARH,Thanakhamria,76
CHHATTISGARH,Tilda,77
CHHATTISGARH,Tokapal,78
CHHATTISGARH,Tongpal,79
CHHATTISGARH,Udaipur (Dharamjaigarh),80
CHHATTISGARH,Udaypur,81
CHHATTISGARH,Usur,82
CHHATTISGARH,Wadrafnagar,83
"DADRA,NAGAR HAVELI,DAMAN & DIU",Dadra & Nagar Haveli,84
"DADRA,NAGAR HAVELI,DAMAN & DIU",Daman,85
"DADRA,NAGAR HAVELI,DAMAN & DIU",Diu,86
DELHI,Alipur,87
DELHI,Chanakya Puri,88
DELHI,Civil Lines,89
DELHI,Defence Colony,90
DELHI,Delhi Cantonment,91
DELHI,Dwarka,92
DELHI,Gandhi Nagar,93
DELHI,Hauz Khas,94
DELHI,Kalkaji,95
DELHI,Kanjhawala,96
DELHI,Kapeshera,97
DELHI,Karawal Nagar,98
DELHI,Karol Bagh,99
DELHI,Kotwali,100
DELHI,Mayur Vihar,1
DELHI,Mehrauli,2
DELHI,Model Town,3
DELHI,Najafgarh,4
DELHI,Narela,5
DELHI,NAZUL,6
DELHI,Patel Nagar,7
DELHI,Preet Vihar,8
DELHI,Punjabi Bagh,9
DELHI,Rajouri Garden,10
DELHI,Rohini,11
DELHI,Saket,12
DELHI,Saraswati Vihar,13
DELHI,Sarita Vihar,14
DELHI,Seelam Pur,15
DELHI,Seema Puri,16
DELHI,Shahdara,17
DELHI,Vasant Vihar,18
DELHI,Vivek Vihar,19
DELHI,Yamuna Vihar,20
GOA,Bardez,21
GOA,Bicholim,22
GOA,Canacona,23
GOA,Dharbandora,24
GOA,Mormugao,25
GOA,Pernem,26
GOA,Ponda,27
GOA,Quepem,28
GOA,Salcete,29
GOA,Sanguem,30
GOA,Satari,31
GOA,Tiswadi,32
GUJARAT,Abdasa,33
GUJARAT,Ahwa,34
GUJARAT,Amirgadh,35
GUJARAT,Amod,36
GUJARAT,Amreli,37
GUJARAT,Anand Rural,38
GUJARAT,Anjar,39
GUJARAT,Anklav,40
GUJARAT,Anklesvar,41
GUJARAT,Babra,42
GUJARAT,Bagasara,43
GUJARAT,Balasinor,44
GUJARAT,Bansda,45
GUJARAT,Bardoli,46
GUJARAT,Barwala,47
GUJARAT,Bavla,48
GUJARAT,Bayad,49
GUJARAT,Becharaji,50
GUJARAT,Bhabhar,51
GUJARAT,Bhachau,52
GUJARAT,Bhanvad,53
GUJARAT,Bharuch,54
GUJARAT,Bhavnagar,55
GUJARAT,Bhesan,56
GUJARAT,Bhiloda,57
GUJARAT,Bhuj,58
GUJARAT,BODELI,59
GUJARAT,Borsad,60
GUJARAT,Botad,61
GUJARAT,Chanasma,62
GUJARAT,Chhota Udaipur,63
GUJARAT,Chikhli,64
GUJARAT,Chorasi,65
GUJARAT,Chotila,66
GUJARAT,Chuda,67
GUJARAT,Dabhoi,68
GUJARAT,Danta,69
GUJARAT,Dantiwada,70
GUJARAT,Dasada,71
GUJARAT,Daskroi,72
GUJARAT,Dediapada,73
GUJARAT,Deesa,74
GUJARAT,Dehgam,75
GUJARAT,Deodar,76
GUJARAT,DESAR,77
GUJARAT,Detroj-Rampura,78
GUJARAT,Devgadbaria,79
GUJARAT,Dhandhuka,80
GUJARAT,Dhanera,81
GUJARAT,Dhanpur,82
GUJARAT,Dhansura,83
GUJARAT,Dharampur,84
GUJARAT,Dhari,85
GUJARAT,Dholera,86
GUJARAT,Dholka,87
GUJARAT,Dhoraji,88
GUJARAT,Dhrangadhra,89
GUJARAT,Dhrol,90
GUJARAT,Dohad,91
GUJARAT,Fatepura,92
GUJARAT,Gadhada,93
GUJARAT,Galteshwar,94
GUJARAT,Gandevi,95
GUJARAT,Gandhidham,96
GUJARAT,Gandhinagar,97
GUJARAT,Garbada,98
GUJARAT,Gariadhar,99
GUJARAT,GARUDESHWAR,100
GUJARAT,Ghogha,1
GUJARAT,Ghoghamba,2
GUJARAT,Gir Gadhda,3
GUJARAT,Godhra,4
GUJARAT,Gondal,5
GUJARAT,Halol,6
GUJARAT,Halvad,7
GUJARAT,Hansot,8
GUJARAT,Harij,9
GUJARAT,Himatnagar,10
GUJARAT,Idar,11
GUJARAT,Jafrabad,12
GUJARAT,Jalalpore,13
GUJARAT,Jambughoda,14
GUJARAT,Jambusar,15
GUJARAT,Jamjodhpur,16
GUJARAT,Jamkandorna,17
GUJARAT,Jamnagar Rural,18
GUJARAT,Jasdan,19
GUJARAT,Jesar,20
GUJARAT,Jetpur,21
GUJARAT,Jetpur Pavi,22
GUJARAT,Jhagadia,23
GUJARAT,Jhalod,24
GUJARAT,Jodiya,25
GUJARAT,Jotana,26
GUJARAT,Junagadh,27
GUJARAT,Junagadh City,28
GUJARAT,Kadana,29
GUJARAT,Kadi,30
GUJARAT,Kalavad,31
GUJARAT,Kalol,32
GUJARAT,Kalol Gandhinagar,33
GUJARAT,Kalyanpur,34
GUJARAT,Kamrej,35
GUJARAT,Kankrej,36
GUJARAT,Kapadvanj,37
GUJARAT,Kaprada,38
GUJARAT,Karjan,39
GUJARAT,Kathlal,40
GUJARAT,Kavant,41
GUJARAT,Keshod,42
GUJARAT,Khambha,43
GUJARAT,Khambhalia,44
GUJARAT,Khambhat,45
GUJARAT,Khanpur,46
GUJARAT,Kheda,47
GUJARAT,Khedbrahma,48
GUJARAT,Kheralu,49
GUJARAT,Khergam,50
GUJARAT,Kodinar,51
GUJARAT,Kotda Sangani,52
GUJARAT,Kunkavav Vadia,53
GUJARAT,Kutiyana,54
GUJARAT,Lakhani,55
GUJARAT,Lakhpat,56
GUJARAT,Lakhtar,57
GUJARAT,Lalpur,58
GUJARAT,Lathi,59
GUJARAT,Lilia,60
GUJARAT,Limbdi,61
GUJARAT,Limkheda,62
GUJARAT,Lodhika,63
GUJARAT,Lunawada,64
GUJARAT,Mahesana,65
GUJARAT,Mahudha,66
GUJARAT,Mahuva,67
GUJARAT,Majura,68
GUJARAT,Malia Hatina,69
GUJARAT,Maliya,70
GUJARAT,Malpur,71
GUJARAT,Manavadar,72
GUJARAT,Mandal,73
GUJARAT,Mandvi,74
GUJARAT,Mandvi surat,75
GUJARAT,Mangrol,76
GUJARAT,Mansa,77
GUJARAT,Matar,78
GUJARAT,Meghraj,79
GUJARAT,Mehmedabad,80
GUJARAT,Mendarda,81
GUJARAT,Modasa,82
GUJARAT,Morvi,83
GUJARAT,Morwa (Hadaf),84
GUJARAT,Muli,85
GUJARAT,Mundra,86
GUJARAT,Nadiad,87
GUJARAT,Nakhatrana,88
GUJARAT,Nandod,89
GUJARAT,Nasvadi,90
GUJARAT,Navsari,91
GUJARAT,Netrang,92
GUJARAT,Nizar,93
GUJARAT,Okhamandal,94
GUJARAT,Olpad,95
GUJARAT,Paddhari,96
GUJARAT,Padra,97
GUJARAT,Palanpur,98
GUJARAT,Palitana,99
GUJARAT,Palsana,100
GUJARAT,Pardi,1
GUJARAT,Patan,2
GUJARAT,Patan-Veraval,3
GUJARAT,Petlad,4
GUJARAT,Porbandar,5
GUJARAT,POSHINA,6
GUJARAT,Prantij,7
GUJARAT,Radhanpur,8
GUJARAT,Rajkot,9
GUJARAT,Rajula,10
GUJARAT,Ranavav,11
GUJARAT,Rann of Kachchh,12
GUJARAT,Ranpur,13
GUJARAT,Rapar,14
GUJARAT,Sabarmati,15
GUJARAT,Sagbara,16
GUJARAT,Sami,17
GUJARAT,Sanand,18
GUJARAT,Sanjeli,19
GUJARAT,Sankheda,20
GUJARAT,Santalpur,21
GUJARAT,Santrampur,22
GUJARAT,Saraswati,23
GUJARAT,Satlasana,24
GUJARAT,Savar Kundla,25
GUJARAT,Savli,26
GUJARAT,Sayla,27
GUJARAT,Shankheshvar,28
GUJARAT,Shehera,29
GUJARAT,Sidhpur,30
GUJARAT,Sihor,31
GUJARAT,Sinor,32
GUJARAT,Sojitra,33
GUJARAT,Songadh,34
GUJARAT,Subir,35
GUJARAT,SUIGAM,36
GUJARAT,Sutrapada,37
GUJARAT,Talaja,38
GUJARAT,Talala,39
GUJARAT,Talod,40
GUJARAT,Tankara,41
GUJARAT,Tarapur,42
GUJARAT,Thangadh,43
GUJARAT,Tharad,44
GUJARAT,Thasra,45
GUJARAT,The Dangs,46
GUJARAT,Tilakwada,47
GUJARAT,Uchchhal,48
GUJARAT,Umarpada,49
GUJARAT,Umbergaon,50
GUJARAT,Umrala,51
GUJARAT,Umreth,52
GUJARAT,Una,53
GUJARAT,Unjha,54
GUJARAT,Upleta,55
GUJARAT,Vadali,56
GUJARAT,Vadgam,57
GUJARAT,Vadnagar,58
GUJARAT,Vadodara Rural,59
GUJARAT,Vaghodia,60
GUJARAT,Vagra,61
GUJARAT,Valia,62
GUJARAT,Vallabhipur,63
GUJARAT,Valod,64
GUJARAT,Valsad,65
GUJARAT,Vanthali,66
GUJARAT,VAPI,67
GUJARAT,Vaso,68
GUJARAT,Vav,69
GUJARAT,Vijapur,70
GUJARAT,Vijaynagar,71
GUJARAT,Vinchchiya,72
GUJARAT,Viramgam,73
GUJARAT,Virpur,74
GUJARAT,Visavadar,75
GUJARAT,Visnagar,76
GUJARAT,Vyara,77
GUJARAT,Wadhwan,78
GUJARAT,Waghai,79
GUJARAT,Wankaner,80
HARYANA,Adampur,81
HARYANA,Ambala,82
HARYANA,Assandh,83
HARYANA,Ateli,84
HARYANA,Badhra,85
HARYANA,Bahadurgarh,86
HARYANA,Ballabgarh,87
HARYANA,Bapoli,88
HARYANA,Barara,89
HARYANA,Bawal,90
HARYANA,Bawani Khera,91
HARYANA,Beri,92
HARYANA,Bhiwani,93
HARYANA,Bilaspur,94
HARYANA,Chhachhrauli,95
HARYANA,Dabwali,96
HARYANA,Dadri,97
HARYANA,Ellenabad,98
HARYANA,Faridabad,99
HARYANA,Farrukhnagar,100
HARYANA,Fatehabad,1
HARYANA,Fatehpur Pundri,2
HARYANA,Ferozepur Jhirka,3
HARYANA,Ganaur,4
HARYANA,Gharaunda,5
HARYANA,Gohana,6
HARYANA,Guhla,7
HARYANA,Gurgaon,8
HARYANA,Hansi,9
HARYANA,Hathin,10
HARYANA,Hisar,11
HARYANA,Hodal,12
HARYANA,Indri,13
HARYANA,Israna,14
HARYANA,Jagadhri,15
HARYANA,Jhajjar,16
HARYANA,Jind,17
HARYANA,Julana,18
HARYANA,Kaithal,19
HARYANA,Kalayat,20
HARYANA,Kalka,21
HARYANA,Kanina,22
HARYANA,Karnal,23
HARYANA,Kharkhoda,24
HARYANA,Kosli,25
HARYANA,Loharu,26
HARYANA,Maham,27
HARYANA,Mahendragarh,28
HARYANA,Manesar,29
HARYANA,Matenhail,30
HARYANA,Nangal Chawdhary,31
HARYANA,Naraingarh,32
HARYANA,Narnaul,33
HARYANA,Narnaund,34
HARYANA,Narwana,35
HARYANA,Nathusari Chopta,36
HARYANA,Nilokheri,37
HARYANA,Nuh,38
HARYANA,Palwal,39
HARYANA,Panchkula,40
HARYANA,Panipat,41
HARYANA,Pataudi,42
HARYANA,Pehowa,43
HARYANA,Punahana,44
HARYANA,Radaur,45
HARYANA,Rania,46
HARYANA,Ratia,47
HARYANA,Rewari,48
HARYANA,Rohtak,49
HARYANA,Safidon,50
HARYANA,Samalkha,51
HARYANA,Sampla,52
HARYANA,Shahbad,53
HARYANA,Sirsa,54
HARYANA,Siwani,55
HARYANA,Sohna,56
HARYANA,Sonipat,57
HARYANA,Taoru,58
HARYANA,Thanesar,59
HARYANA,Tohana,60
HARYANA,Tosham,61
HIMACHAL PRADESH,Amb,62
HIMACHAL PRADESH,Ani,63
HIMACHAL PRADESH,Arki,64
HIMACHAL PRADESH,Aut,65
HIMACHAL PRADESH,Baddi,66
HIMACHAL PRADESH,Bagachnogi,67
HIMACHAL PRADESH,Baijnath,68
HIMACHAL PRADESH,Baldwara,69
HIMACHAL PRADESH,Balh,70
HIMACHAL PRADESH,Bali Chowki,71
HIMACHAL PRADESH,Bangana,72
HIMACHAL PRADESH,Banjar,73
HIMACHAL PRADESH,Baroh,74
HIMACHAL PRADESH,Barsar,75
HIMACHAL PRADESH,Bhadrota,76
HIMACHAL PRADESH,Bhalai,77
HIMACHAL PRADESH,Bharari,78
HIMACHAL PRADESH,Bharmour,79
HIMACHAL PRADESH,Bharwain,80
HIMACHAL PRADESH,Bhattiyat,81
HIMACHAL PRADESH,Bhoranj,82
HIMACHAL PRADESH,Bhuntar,83
HIMACHAL PRADESH,Bilaspur Sadar,84
HIMACHAL PRADESH,Chachyot,85
HIMACHAL PRADESH,Chamba,86
HIMACHAL PRADESH,Chaupal,87
HIMACHAL PRADESH,Chirgaon,88
HIMACHAL PRADESH,Churah,89
HIMACHAL PRADESH,Dadahu,90
HIMACHAL PRADESH,Dadasiba,91
HIMACHAL PRADESH,Dalhousie,92
HIMACHAL PRADESH,Darlaghat,93
HIMACHAL PRADESH,Dera Gopipur,94
HIMACHAL PRADESH,Dharmpur,95
HIMACHAL PRADESH,Dharmsala,96
HIMACHAL PRADESH,Dhatwal,97
HIMACHAL PRADESH,Dhira,98
HIMACHAL PRADESH,Dodra Kwar,99
HIMACHAL PRADESH,Fatehpur,100
HIMACHAL PRADESH,Galore,1
HIMACHAL PRADESH,Ghanari,2
HIMACHAL PRADESH,Ghumarwin,3
HIMACHAL PRADESH,Hamirpur,4
HIMACHAL PRADESH,Hangrang,5
HIMACHAL PRADESH,Harchakian,6
HIMACHAL PRADESH,Haripurdhar,7
HIMACHAL PRADESH,Haroli,8
HIMACHAL PRADESH,Holi,9
HIMACHAL PRADESH,Indora,10
HIMACHAL PRADESH,Jaisinghpur,11
HIMACHAL PRADESH,Jaswan,12
HIMACHAL PRADESH,Jawalamukhi,13
HIMACHAL PRADESH,Jawali,14
HIMACHAL PRADESH,Jhanduta,15
HIMACHAL PRADESH,Jogindarnagar,16
HIMACHAL PRADESH,Jubbal,17
HIMACHAL PRADESH,Junga,18
HIMACHAL PRADESH,Kalpa,19
HIMACHAL PRADESH,Kamrau,20
HIMACHAL PRADESH,Kandaghat,21
HIMACHAL PRADESH,Kangra,22
HIMACHAL PRADESH,Karsog,23
HIMACHAL PRADESH,Kasauli,24
HIMACHAL PRADESH,Khundian,25
HIMACHAL PRADESH,Kotkhai,26
HIMACHAL PRADESH,Kotli,27
HIMACHAL PRADESH,Krishangarh,28
HIMACHAL PRADESH,Kullu,29
HIMACHAL PRADESH,Kumarsain,30
HIMACHAL PRADESH,Lad Bharol,31
HIMACHAL PRADESH,Lahul,32
HIMACHAL PRADESH,Manali,33
HIMACHAL PRADESH,Mandi,34
HIMACHAL PRADESH,Morang,35
HIMACHAL PRADESH,Multhan,36
HIMACHAL PRADESH,Nadaun,37
HIMACHAL PRADESH,Nagrota Bagwan,38
HIMACHAL PRADESH,Nahan,39
HIMACHAL PRADESH,Naina Devi,40
HIMACHAL PRADESH,Nalagarh,41
HIMACHAL PRADESH,Namhol,42
HIMACHAL PRADESH,Nankhari,43
HIMACHAL PRADESH,Nerwa,44
HIMACHAL PRADESH,Nichar,45
HIMACHAL PRADESH,Nihri,46
HIMACHAL PRADESH,Nirmand,47
HIMACHAL PRADESH,Nohra,48
HIMACHAL PRADESH,Nurpur,49
HIMACHAL PRADESH,Pachhad,50
HIMACHAL PRADESH,Padhar,51
HIMACHAL PRADESH,Palampur,52
HIMACHAL PRADESH,Pangi,53
HIMACHAL PRADESH,Paonta Sahib,54
HIMACHAL PRADESH,Poo,55
HIMACHAL PRADESH,Rajgarh,56
HIMACHAL PRADESH,Rakkar,57
HIMACHAL PRADESH,Rampur,58
HIMACHAL PRADESH,Ramshahr,59
HIMACHAL PRADESH,Renuka,60
HIMACHAL PRADESH,Rohru,61
HIMACHAL PRADESH,Ronhat,62
HIMACHAL PRADESH,Sainj,63
HIMACHAL PRADESH,Saluni,64
HIMACHAL PRADESH,Sandhol,65
HIMACHAL PRADESH,Sangla,66
HIMACHAL PRADESH,Sarkaghat,67
HIMACHAL PRADESH,Shahpur,68
HIMACHAL PRADESH,Shalai,69
HIMACHAL PRADESH,Shimla ( Rural ),70
HIMACHAL PRADESH,Shimla (urban),71
HIMACHAL PRADESH,Sihunta,72
HIMACHAL PRADESH,Solan,73
HIMACHAL PRADESH,Spiti,74
HIMACHAL PRADESH,Sundarnagar,75
HIMACHAL PRADESH,Sunni,76
HIMACHAL PRADESH,Tauni Devi Bamson,77
HIMACHAL PRADESH,Theog,78
HIMACHAL PRADESH,Thunag,79
HIMACHAL PRADESH,Thural,80
HIMACHAL PRADESH,Tikar,81
HIMACHAL PRADESH,Tira Sujanpur,82
HIMACHAL PRADESH,Udaipur,83
HIMACHAL PRADESH,Una,84
JAMMU & KASHMIR,Akhnoor,85
JAMMU & KASHMIR,Anantnag,86
JAMMU & KASHMIR,Atholi (Paddar),87
JAMMU & KASHMIR,Awantipora,88
JAMMU & KASHMIR,Bandipora,89
JAMMU & KASHMIR,Bani,90
JAMMU & KASHMIR,Banihal,91
JAMMU & KASHMIR,Baramulla,92
JAMMU & KASHMIR,Basohli,93
JAMMU & KASHMIR,Beerwah,94
JAMMU & KASHMIR,Bhaderwah,95
JAMMU & KASHMIR,Bijbehara,96
JAMMU & KASHMIR,Billawar,97
JAMMU & KASHMIR,Bishnah,98
JAMMU & KASHMIR,Boniyar,99
JAMMU & KASHMIR,Budgam,100
JAMMU & KASHMIR,Budhal,1
JAMMU & KASHMIR,Chadoora,2
JAMMU & KASHMIR,Charar- E- Shrief,3
JAMMU & KASHMIR,Chenani,4
JAMMU & KASHMIR,Chhatroo,5
JAMMU & KASHMIR,D H PORA,6
JAMMU & KASHMIR,Darhal,7
JAMMU & KASHMIR,Devsar,8
JAMMU & KASHMIR,Doda,9
JAMMU & KASHMIR,Dooru,10
JAMMU & KASHMIR,Ganderbal,11
JAMMU & KASHMIR,Gandoh,12
JAMMU & KASHMIR,Gool-Gulabgarh,13
JAMMU & KASHMIR,Gurez,14
JAMMU & KASHMIR,Handwara,15
JAMMU & KASHMIR,Haveli,16
JAMMU & KASHMIR,Hiranagar,17
JAMMU & KASHMIR,Jammu,18
JAMMU & KASHMIR,Kalakote,19
JAMMU & KASHMIR,Kangan,20
JAMMU & KASHMIR,Kathua,21
JAMMU & KASHMIR,Khag,22
JAMMU & KASHMIR,Khansahib,23
JAMMU & KASHMIR,Kishtwar,24
JAMMU & KASHMIR,Kokernag,25
JAMMU & KASHMIR,Kreeri,26
JAMMU & KASHMIR,Kulgam,27
JAMMU & KASHMIR,Kupwara,28
JAMMU & KASHMIR,Lar,29
JAMMU & KASHMIR,Majalta,30
JAMMU & KASHMIR,Mandi,31
JAMMU & KASHMIR,Marwah,32
JAMMU & KASHMIR,Mendhar,33
JAMMU & KASHMIR,Nowshera,34
JAMMU & KASHMIR,Pahalgam,35
JAMMU & KASHMIR,Pampore,36
JAMMU & KASHMIR,Pattan,37
JAMMU & KASHMIR,Pulwama,38
JAMMU & KASHMIR,Rafiabad,39
JAMMU & KASHMIR,Rajouri,40
JAMMU & KASHMIR,Ramban,41
JAMMU & KASHMIR,Ramnagar,42
JAMMU & KASHMIR,Ranbir Singh Pura,43
JAMMU & KASHMIR,Reasi,44
JAMMU & KASHMIR,Samba,45
JAMMU & KASHMIR,Shangus,46
JAMMU & KASHMIR,Shopian,47
JAMMU & KASHMIR,Sonawari,48
JAMMU & KASHMIR,Sopore,49
JAMMU & KASHMIR,Srinagar (North),50
JAMMU & KASHMIR,Srinagar (South),51
JAMMU & KASHMIR,Sundarbani,52
JAMMU & KASHMIR,Surankote,53
JAMMU & KASHMIR,Tangmarg,54
JAMMU & KASHMIR,Thana Mandi,55
JAMMU & KASHMIR,Thathri,56
JAMMU & KASHMIR,Tral,57
JAMMU & KASHMIR,Udhampur,58
JAMMU & KASHMIR,Uri,59
JHARKHAND,Adityapur(Gamharia),60
JHARKHAND,Albert Ekka(Jari),61
JHARKHAND,Amrapara,62
JHARKHAND,Anandpur,63
JHARKHAND,Angara,64
JHARKHAND,Baghmara-Cum-Katras,65
JHARKHAND,Bagodar,66
JHARKHAND,Baharagora,67
JHARKHAND,Baliapur,68
JHARKHAND,Balumath,69
JHARKHAND,Bandgaon,70
JHARKHAND,Bano,71
JHARKHAND,Bansjor,72
JHARKHAND,Bardiha,73
JHARKHAND,Barhait,74
JHARKHAND,Barharwa,75
JHARKHAND,Barhi,76
JHARKHAND,Bariyatu,77
JHARKHAND,Barkagaon,78
JHARKHAND,Barkatha,79
JHARKHAND,Barwadih,80
JHARKHAND,Bashant Rai*,81
JHARKHAND,Basia,82
JHARKHAND,Bengabad,83
JHARKHAND,Bermo,84
JHARKHAND,Bero,85
JHARKHAND,Bhandaria,86
JHARKHAND,Bhandra,87
JHARKHAND,BHARNO,88
JHARKHAND,Bhawnathpur,89
JHARKHAND,Birni,90
JHARKHAND,Bishrampur,91
JHARKHAND,Bishungarh,92
JHARKHAND,Bishunpur,93
JHARKHAND,Bishunpura,94
JHARKHAND,Boarijor,95
JHARKHAND,Bolba,96
JHARKHAND,Boram,97
JHARKHAND,Borio,98
JHARKHAND,Bundu,99
JHARKHAND,Burmu,100
JHARKHAND,Chaibasa,1
JHARKHAND,Chainpur,2
JHARKHAND,Chakradharpur,3
JHARKHAND,Chakulia,4
JHARKHAND,Chalkusa,5
JHARKHAND,Chandankiyari,6
JHARKHAND,Chandil,7
JHARKHAND,Chandrapura,8
JHARKHAND,Chandwa,9
JHARKHAND,Chandwara,10
JHARKHAND,Chanho,11
JHARKHAND,Chas,12
JHARKHAND,Chatra,13
JHARKHAND,Chauparan,14
JHARKHAND,Chhatarpur,15
JHARKHAND,Chinia,16
JHARKHAND,Chitarpur,17
JHARKHAND,Churchu,18
JHARKHAND,Dadi,19
JHARKHAND,Danda,20
JHARKHAND,Dandai,21
JHARKHAND,Daru,22
JHARKHAND,Deoghar,23
JHARKHAND,Deori,24
JHARKHAND,Devipur,25
JHARKHAND,Dhalbhumgarh,26
JHARKHAND,Dhanbad-Cum-Kenduadih-Cum-Jag*,27
JHARKHAND,Dhanwar,28
JHARKHAND,Dhurki,29
JHARKHAND,Domchanch,30
JHARKHAND,Dulmi,31
JHARKHAND,Dumaria,32
JHARKHAND,Dumka,33
JHARKHAND,Dumri,34
JHARKHAND,EGARKUND,35
JHARKHAND,Erki(Tamar II),36
JHARKHAND,Fatehpur,37
JHARKHAND,Gande,38
JHARKHAND,Garhwa,39
JHARKHAND,Garu,40
JHARKHAND,Gawan,41
JHARKHAND,Ghaghra,42
JHARKHAND,Ghatshila,43
JHARKHAND,Gidhaur,44
JHARKHAND,Giridih,45
JHARKHAND,Gobindpur,46
JHARKHAND,Gobindpur(Rajnagar),47
JHARKHAND,Godda,48
JHARKHAND,Goilkera,49
JHARKHAND,Gola,50
JHARKHAND,Golmuri-Cum-Jugsalai,51
JHARKHAND,Gomia,52
JHARKHAND,Gopikandar,53
JHARKHAND,Gudri,54
JHARKHAND,Gumla,55
JHARKHAND,Gurbandha,56
JHARKHAND,Haidernagar,57
JHARKHAND,Hariharganj,58
JHARKHAND,Hat Gamharia,59
JHARKHAND,Hazaribag,60
JHARKHAND,Herhanj,61
JHARKHAND,Hiranpur,62
JHARKHAND,Hussainabad,63
JHARKHAND,Ichagarh,64
JHARKHAND,Ichak,65
JHARKHAND,Itkhori,66
JHARKHAND,Itki,67
JHARKHAND,Jagannathpur,68
JHARKHAND,Jainagar,69
JHARKHAND,Jaldega,70
JHARKHAND,Jama,71
JHARKHAND,Jamtara,72
JHARKHAND,Jamua,73
JHARKHAND,Jaridih,74
JHARKHAND,Jarmundi,75
JHARKHAND,Jharia-Cum-Jorapokhar-Cum-Sin*,76
JHARKHAND,Jhinkpani,77
JHARKHAND,Kairo,78
JHARKHAND,Kamdara,79
JHARKHAND,Kandi,80
JHARKHAND,Kanha Chatti,81
JHARKHAND,Kanke,82
JHARKHAND,Karma Tanr Vidyasagar*,83
JHARKHAND,Karon,84
JHARKHAND,Karra,85
JHARKHAND,Kasmar,86
JHARKHAND,Katamdag,87
JHARKHAND,Kathikund,88
JHARKHAND,Katkamsandi,89
JHARKHAND,Keredari,90
JHARKHAND,Kersai,91
JHARKHAND,Ketar*,92
JHARKHAND,Kharaundhi,93
JHARKHAND,Kharsawan,94
JHARKHAND,Khelari,95
JHARKHAND,Khunti,96
JHARKHAND,Khuntpani,97
JHARKHAND,Kisko,98
JHARKHAND,Koderma,99
JHARKHAND,Kolebira,100
JHARKHAND,Kuchai,1
JHARKHAND,Kukru,2
JHARKHAND,Kumardungi,3
JHARKHAND,Kunda,4
JHARKHAND,Kundhit,5
JHARKHAND,Kurdeg,6
JHARKHAND,Kuru,7
JHARKHAND,Lapung,8
JHARKHAND,Latehar,9
JHARKHAND,Lawalaung,10
JHARKHAND,Level 1,11
JHARKHAND,Level 3,12
JHARKHAND,Litipara,13
JHARKHAND,Lohardaga,14
JHARKHAND,Madhupur,15
JHARKHAND,Mahagama,16
JHARKHAND,Maheshpur,17
JHARKHAND,Mahuadanr,18
JHARKHAND,Majhgaon,19
JHARKHAND,Majhiaon,20
JHARKHAND,Manatu,21
JHARKHAND,Mandar,22
JHARKHAND,Mandro,23
JHARKHAND,Mandu,24
JHARKHAND,Manika,25
JHARKHAND,Manjhari,26
JHARKHAND,Manoharpur,27
JHARKHAND,Margo Munda,28
JHARKHAND,Markacho,29
JHARKHAND,Masalia,30
JHARKHAND,Mayur Hand,31
JHARKHAND,Medininagar(Daltonganj),32
JHARKHAND,Meherma,33
JHARKHAND,Meral (Pipra Kalan),34
JHARKHAND,Mohammad Ganj,35
JHARKHAND,Mohanpur,36
JHARKHAND,Murhu,37
JHARKHAND,Musabani,38
JHARKHAND,Nagaruntari,39
JHARKHAND,Nagri,40
JHARKHAND,Nala,41
JHARKHAND,Namkum,42
JHARKHAND,Narayanpur,43
JHARKHAND,Nawa Bazar,44
JHARKHAND,Nawadih,45
JHARKHAND,Nawadiha Bazar/Nawadiha*,46
JHARKHAND,Nilambar-Pitambarpur(Lesligan*,47
JHARKHAND,Nimdih,48
JHARKHAND,Nirsa-Cum-Chirkunda,49
JHARKHAND,Noamundi,50
JHARKHAND,Ormanjhi,51
JHARKHAND,Padma,52
JHARKHAND,Padwa,53
JHARKHAND,Pakar Tanr,54
JHARKHAND,Pakaur,55
JHARKHAND,Pakuria,56
JHARKHAND,Palkot,57
JHARKHAND,Palojori,58
JHARKHAND,Pandu,59
JHARKHAND,Panki,60
JHARKHAND,Patamda,61
JHARKHAND,Patan,62
JHARKHAND,Pathalgora,63
JHARKHAND,Pathargama,64
JHARKHAND,Pathna,65
JHARKHAND,Patratu,66
JHARKHAND,Peshrar,67
JHARKHAND,Peterwar,68
JHARKHAND,Pipra,69
JHARKHAND,Pirtanr,70
JHARKHAND,Poreyahat,71
JHARKHAND,Potka,72
JHARKHAND,Pratappur,73
JHARKHAND,Purbi Tundi*,74
JHARKHAND,Rahe,75
JHARKHAND,Raidih,76
JHARKHAND,Rajmahal,77
JHARKHAND,Ramgarh,78
JHARKHAND,RAMGARH,79
JHARKHAND,Ramkanda,80
JHARKHAND,Ramna,81
JHARKHAND,RANCHI,82
JHARKHAND,Rania,83
JHARKHAND,Ranishwar,84
JHARKHAND,Ranka,85
JHARKHAND,Ratu,86
JHARKHAND,Sagma,87
JHARKHAND,Sahibganj,88
JHARKHAND,Saraikela,89
JHARKHAND,Saraiyahat,90
JHARKHAND,Sarath,91
JHARKHAND,Sarwan,92
JHARKHAND,Satbarwa,93
JHARKHAND,Satgawan,94
JHARKHAND,Senha,95
JHARKHAND,Shaligram Ram Narayanpur(Hunt*,96
JHARKHAND,Shikaripara,97
JHARKHAND,Silli,98
JHARKHAND,Simaria,99
JHARKHAND,Simdega,100
JHARKHAND,Sisai,1
JHARKHAND,Sona Rai Tharhi,2
JHARKHAND,Sonahatu,3
JHARKHAND,Sonua,4
JHARKHAND,Sundarpahari,5
JHARKHAND,Suriya,6
JHARKHAND,Taljhari,7
JHARKHAND,Tamar I,8
JHARKHAND,Tandwa,9
JHARKHAND,Tantnagar,10
JHARKHAND,Tarhasi,11
JHARKHAND,Tati Jhariya,12
JHARKHAND,Thakurgangti,13
JHARKHAND,Thethaitangar,14
JHARKHAND,Tisri,15
JHARKHAND,Tonto,16
JHARKHAND,Topchanchi,17
JHARKHAND,Torpa,18
JHARKHAND,Tundi,19
JHARKHAND,Udhwa,20
JHARKHAND,Untari Road,21
KARNATAKA,Afzalpur,22
KARNATAKA,AJJAMPURA,23
KARNATAKA,Aland,24
KARNATAKA,ALMEL,25
KARNATAKA,ALNAVAR,26
KARNATAKA,Alur,27
KARNATAKA,Anekal,28
KARNATAKA,Ankola,29
KARNATAKA,ANNIGERI,30
KARNATAKA,Arkalgud,31
KARNATAKA,Arsikere,32
KARNATAKA,Athni,33
KARNATAKA,Aurad,34
KARNATAKA,BABALESHWAR,35
KARNATAKA,Badami,36
KARNATAKA,Bagalkot,37
KARNATAKA,Bagepalli,38
KARNATAKA,Bailahongala,39
KARNATAKA,BAINDURU,40
KARNATAKA,Ballari,41
KARNATAKA,Bangarapet,42
KARNATAKA,Bantval,43
KARNATAKA,Basavakalyan,44
KARNATAKA,Basavana Bagevadi,45
KARNATAKA,BELAGAVI,46
KARNATAKA,Beltangadi,47
KARNATAKA,Belur,48
KARNATAKA,Bengaluru East,49
KARNATAKA,Bengaluru North,50
KARNATAKA,Bengaluru South,51
KARNATAKA,Bhadravati,52
KARNATAKA,Bhalki,53
KARNATAKA,Bhatkal,54
KARNATAKA,Bidar,55
KARNATAKA,Bilgi,56
KARNATAKA,BRAHMAVARA,57
KARNATAKA,Byadgi,58
KARNATAKA,CHADACHAN,59
KARNATAKA,Challakere,60
KARNATAKA,Chamarajanagar,61
KARNATAKA,Channagiri,62
KARNATAKA,Channapatna,63
KARNATAKA,Channarayapatna,64
KARNATAKA,Chikkaballapura,65
KARNATAKA,Chikkamagaluru,66
KARNATAKA,Chiknayakanhalli,67
KARNATAKA,Chikodi,68
KARNATAKA,Chincholi,69
KARNATAKA,Chintamani,70
KARNATAKA,CHITAGUPPA,71
KARNATAKA,Chitradurga,72
KARNATAKA,Chittapur,73
KARNATAKA,Dandeli,74
KARNATAKA,Davanagere,75
KARNATAKA,Devadurga,76
KARNATAKA,Devanahalli,77
KARNATAKA,DEVARA HIPPARAGI,78
KARNATAKA,Dharwad,79
KARNATAKA,Dodda Ballapur,80
KARNATAKA,Gadag,81
KARNATAKA,GAJENDRAGAD,82
KARNATAKA,Gangawati,83
KARNATAKA,Gauribidanur,84
KARNATAKA,Gokak,85
KARNATAKA,Gubbi,86
KARNATAKA,Gudibanda,87
KARNATAKA,GULEDGUDDA,88
KARNATAKA,Gundlupet,89
KARNATAKA,GURUMITKAL,90
KARNATAKA,Hadagalli,91
KARNATAKA,Hagaribommanahalli,92
KARNATAKA,Haliyal,93
KARNATAKA,Hangal,94
KARNATAKA,HANUR,95
KARNATAKA,Harappanahalli,96
KARNATAKA,Harihar,97
KARNATAKA,Hassan,98
KARNATAKA,Haveri,99
KARNATAKA,HEBRI,100
KARNATAKA,Heggadadevankote,1
KARNATAKA,Hirekerur,2
KARNATAKA,Hiriyur,3
KARNATAKA,Holalkere,4
KARNATAKA,Hole Narsipur,5
KARNATAKA,Homnabad,6
KARNATAKA,Honavar,7
KARNATAKA,Honnali,8
KARNATAKA,Hosakote,9
KARNATAKA,Hosanagara,10
KARNATAKA,HOSAPETE,11
KARNATAKA,Hosdurga,12
KARNATAKA,Hubballi,13
KARNATAKA,HUBBALLI URBAN,14
KARNATAKA,Hukeri,15
KARNATAKA,HULSOOR,16
KARNATAKA,HUNASAGI,17
KARNATAKA,Hungund,18
KARNATAKA,Hunsur,19
KARNATAKA,ILKAL,20
KARNATAKA,Indi,21
KARNATAKA,Jagalur,22
KARNATAKA,Jamkhandi,23
KARNATAKA,Jevargi,24
KARNATAKA,KADABA,25
KARNATAKA,Kadur,26
KARNATAKA,KAGWAD,27
KARNATAKA,Kalaburagi,28
KARNATAKA,KALAGI,29
KARNATAKA,Kalasa,30
KARNATAKA,Kalghatgi,31
KARNATAKA,KAMALAPUR,32
KARNATAKA,KAMALNAGAR,33
KARNATAKA,KAMPLI,34
KARNATAKA,KANAKAGIRI,35
KARNATAKA,Kanakapura,36
KARNATAKA,KAPU,37
KARNATAKA,KARATAGI,38
KARNATAKA,Karkal,39
KARNATAKA,Karwar,40
KARNATAKA,Khanapur,41
KARNATAKA,KITTUR,42
KARNATAKA,Kolar,43
KARNATAKA,KOLAR GOLD FIELD,44
KARNATAKA,KOLHAR,45
KARNATAKA,Kollegal,46
KARNATAKA,Koppa,47
KARNATAKA,Koppal,48
KARNATAKA,Koratagere,49
KARNATAKA,Kottur,50
KARNATAKA,Krishnarajanagara,51
KARNATAKA,Krishnarajpet,52
KARNATAKA,Kudligi,53
KARNATAKA,KUKUNOOR,54
KARNATAKA,Kumta,55
KARNATAKA,Kundapura,56
KARNATAKA,Kundgol,57
KARNATAKA,Kunigal,58
KARNATAKA,KURUGODU,59
KARNATAKA,KUSHALANAGAR,60
KARNATAKA,Kushtagi,61
KARNATAKA,LAXMESHWAR,62
KARNATAKA,Lingsugur,63
KARNATAKA,Maddur,64
KARNATAKA,Madhugiri,65
KARNATAKA,Madikeri,66
KARNATAKA,Magadi,67
KARNATAKA,Malavalli,68
KARNATAKA,Malur,69
KARNATAKA,Mandya,70
KARNATAKA,Mangaluru,71
KARNATAKA,Manvi,72
KARNATAKA,MASKI,73
KARNATAKA,Molakalmuru,74
KARNATAKA,MOODUBIDIRE,75
KARNATAKA,MUDALGI,76
KARNATAKA,Muddebihal,77
KARNATAKA,Mudhol,78
KARNATAKA,Mudigere,79
KARNATAKA,Mulbagal,80
KARNATAKA,Mulki,81
KARNATAKA,Mundargi,82
KARNATAKA,Mundgod,83
KARNATAKA,Mysuru,84
KARNATAKA,Nagamangala,85
KARNATAKA,Nanjangud,86
KARNATAKA,Narasimharajapura,87
KARNATAKA,Nargund,88
KARNATAKA,Navalgund,89
KARNATAKA,Nelamangala,90
KARNATAKA,NIDAGUNDI,91
KARNATAKA,NIPPANI,92
KARNATAKA,NYAMATHI,93
KARNATAKA,Pandavapura,94
KARNATAKA,Pavagada,95
KARNATAKA,Piriyapatna,96
KARNATAKA,PONNAMPET,97
KARNATAKA,Puttur,98
KARNATAKA,RABAKAVI BANAHATTI,99
KARNATAKA,Raichur,100
KARNATAKA,Ramanagara,1
KARNATAKA,Ramdurg,2
KARNATAKA,Ranibennur,3
KARNATAKA,RATTIHALLI,4
KARNATAKA,Raybag,5
KARNATAKA,Ron,6
KARNATAKA,Sagar,7
KARNATAKA,Sakleshpur,8
KARNATAKA,Saligrama,9
KARNATAKA,Sandur,10
KARNATAKA,SARAGURU,11
KARNATAKA,SAVADATTI,12
KARNATAKA,Savanur,13
KARNATAKA,Sedam,14
KARNATAKA,SHAHABAD,15
KARNATAKA,Shahpur,16
KARNATAKA,Shiggaon,17
KARNATAKA,Shikarpur,18
KARNATAKA,Shirhatti,19
KARNATAKA,Shivamogga,20
KARNATAKA,Shorapur,21
KARNATAKA,Shrirangapattana,22
KARNATAKA,Siddapur,23
KARNATAKA,Sidlaghatta,24
KARNATAKA,Sindgi,25
KARNATAKA,Sindhnur,26
KARNATAKA,Sira,27
KARNATAKA,Sirsi,28
KARNATAKA,Siruguppa,29
KARNATAKA,SIRWAR,30
KARNATAKA,Somvarpet,31
KARNATAKA,Sorab,32
KARNATAKA,Sringeri,33
KARNATAKA,Srinivaspur,34
KARNATAKA,Sulya,35
KARNATAKA,Supa,36
KARNATAKA,TALIKOTI,37
KARNATAKA,Tarikere,38
KARNATAKA,TIKOTA,39
KARNATAKA,Tiptur,40
KARNATAKA,Tirthahalli,41
KARNATAKA,Tirumakudal - Narsipur,42
KARNATAKA,Tumakuru,43
KARNATAKA,Turuvekere,44
KARNATAKA,Udupi,45
KARNATAKA,Ullala,46
KARNATAKA,Vijayapura,47
KARNATAKA,Virajpet,48
KARNATAKA,WADAGERA,49
KARNATAKA,Yadgir,50
KARNATAKA,YADRAMI,51
KARNATAKA,YELAHANKA,52
KARNATAKA,Yelandur,53
KARNATAKA,Yelbarga,54
KARNATAKA,Yellapur,55
KERALA,Adoor,56
KERALA,Alathur,57
KERALA,Aluva,58
KERALA,Ambalappuzha,59
KERALA,Changanassery,60
KERALA,Chavakkad,61
KERALA,Chengannur,62
KERALA,Cherthala,63
KERALA,Chirayinkeezhu,64
KERALA,Chittur,65
KERALA,Devikulam,66
KERALA,Ernad,67
KERALA,Hosdurg,68
KERALA,Idukki,69
KERALA,Iritty,70
KERALA,Kanayannur,71
KERALA,Kanjirappally,72
KERALA,Kannur,73
KERALA,Karthikappally,74
KERALA,Karunagappally,75
KERALA,Kasaragod,76
KERALA,Kattakkada,77
KERALA,Kochi,78
KERALA,Kodungallur,79
KERALA,Kollam,80
KERALA,Kondotty,81
KERALA,Konni,82
KERALA,Kothamangalam,83
KERALA,Kottarakkara,84
KERALA,Kottayam,85
KERALA,Koyilandi,86
KERALA,Kozhenchery,87
KERALA,Kozhikode,88
KERALA,Kunnamkulam,89
KERALA,Kunnathunad,90
KERALA,Kunnathur,91
KERALA,Kuttanad,92
KERALA,Mallappally,93
KERALA,Mananthavady,94
KERALA,Manjeswaram,95
KERALA,Mannarkad,96
KERALA,Mavelikkara,97
KERALA,Meenachil,98
KERALA,Mukundapuram,99
KERALA,Muvattupuzha,100
KERALA,Nedumangad,1
KERALA,Neyyattinkara,2
KERALA,Nilambur,3
KERALA,Ottappalam,4
KERALA,Palakkad,5
KERALA,Paravur,6
KERALA,Pathanapuram,7
KERALA,Pattambi,8
KERALA,Payyannur,9
KERALA,Peerumade,10
KERALA,Perinthalmanna,11
KERALA,Ponnani,12
KERALA,Punalur,13
KERALA,Ranni,14
KERALA,Sulthanbathery,15
KERALA,Talappilly,16
KERALA,Taliparamba,17
KERALA,Thalassery,18
KERALA,Thamarassery,19
KERALA,Thiruvalla,20
KERALA,Thiruvananthapuram,21
KERALA,Thodupuzha,22
KERALA,Thrissur,23
KERALA,Tirur,24
KERALA,Tirurangadi,25
KERALA,Udumbanchola,26
KERALA,Vaikom,27
KERALA,Varkala,28
KERALA,Vatakara,29
KERALA,Vellarikkundu,30
KERALA,Vythiri,31
LADAKH,Kargil,32
LADAKH,Khalsi,33
LADAKH,Leh,34
LADAKH,Nubra,35
LADAKH,Sanku,36
LADAKH,Zanskar,37
LAKSHADWEEP,Agatti,38
LAKSHADWEEP,Amini,39
LAKSHADWEEP,Andrott,40
LAKSHADWEEP,Bitra,41
LAKSHADWEEP,Chetlat,42
LAKSHADWEEP,Kadmat,43
LAKSHADWEEP,Kalpeni,44
LAKSHADWEEP,Kavaratti,45
LAKSHADWEEP,Kiltan,46
LAKSHADWEEP,Minicoy,47
MADHYA PRADESH,Agar,48
MADHYA PRADESH,Ajaigarh,49
MADHYA PRADESH,Alirajpur,50
MADHYA PRADESH,Alot,51
MADHYA PRADESH,Amanganj,52
MADHYA PRADESH,Amarpatan,53
MADHYA PRADESH,Amarwara,54
MADHYA PRADESH,Ambah,55
MADHYA PRADESH,Amla,56
MADHYA PRADESH,Anjad,57
MADHYA PRADESH,Anuppur,58
MADHYA PRADESH,Aron,59
MADHYA PRADESH,Ashoknagar,60
MADHYA PRADESH,Ashta,61
MADHYA PRADESH,Ater,62
MADHYA PRADESH,Athner,63
MADHYA PRADESH,Awantipur Badodiya,64
MADHYA PRADESH,Babai,65
MADHYA PRADESH,Bada Malhera,66
MADHYA PRADESH,Badarwas,67
MADHYA PRADESH,Badgaon Dhasan,68
MADHYA PRADESH,Badi,69
MADHYA PRADESH,Badnagar,70
MADHYA PRADESH,Badnawar,71
MADHYA PRADESH,Badod,72
MADHYA PRADESH,Badoda,73
MADHYA PRADESH,Badoni,74
MADHYA PRADESH,Badwara,75
MADHYA PRADESH,Bagli,76
MADHYA PRADESH,Bahadurpur,77
MADHYA PRADESH,Bahari,78
MADHYA PRADESH,Bahoriband,79
MADHYA PRADESH,Baihar,80
MADHYA PRADESH,Bairad,81
MADHYA PRADESH,BAJAG,82
MADHYA PRADESH,Bajna,83
MADHYA PRADESH,Balaghat,84
MADHYA PRADESH,Baldeogarh,85
MADHYA PRADESH,Bamor,86
MADHYA PRADESH,Bamori,87
MADHYA PRADESH,Banda,88
MADHYA PRADESH,Bandhogarh,89
MADHYA PRADESH,Bankhedi,90
MADHYA PRADESH,Baraily,91
MADHYA PRADESH,Barghat,92
MADHYA PRADESH,Barhi,93
MADHYA PRADESH,Barwaha,94
MADHYA PRADESH,Barwani,95
MADHYA PRADESH,Basoda,96
MADHYA PRADESH,Batiyagarh,97
MADHYA PRADESH,Beerpur,98
MADHYA PRADESH,Begamganj,99
MADHYA PRADESH,Beohari,100
MADHYA PRADESH,Berasia,1
MADHYA PRADESH,Betul,2
MADHYA PRADESH,Bhagwanpura,3
MADHYA PRADESH,Bhainsdehi,4
MADHYA PRADESH,Bhander,5
MADHYA PRADESH,Bhanpura,6
MADHYA PRADESH,Bhavra,7
MADHYA PRADESH,BhicholiHapsi,8
MADHYA PRADESH,Bhikangaon,9
MADHYA PRADESH,Bhimpur,10
MADHYA PRADESH,Bhind,11
MADHYA PRADESH,Bhitarwar,12
MADHYA PRADESH,Biaora,13
MADHYA PRADESH,Bichhiya,14
MADHYA PRADESH,Bichhua,15
MADHYA PRADESH,Bijawar,16
MADHYA PRADESH,Bilaspur,17
MADHYA PRADESH,Bina,18
MADHYA PRADESH,Birsa,19
MADHYA PRADESH,Birsinghpur,20
MADHYA PRADESH,Budar,21
MADHYA PRADESH,Budni,22
MADHYA PRADESH,Burhanpur,23
MADHYA PRADESH,Burhanpur nagar,24
MADHYA PRADESH,Buxwaha,25
MADHYA PRADESH,Chachaura,26
MADHYA PRADESH,Chand,27
MADHYA PRADESH,Chanderi,28
MADHYA PRADESH,Chandia,29
MADHYA PRADESH,Chandla,30
MADHYA PRADESH,Chaurai,31
MADHYA PRADESH,Chhapara,32
MADHYA PRADESH,Chhatarpur,33
MADHYA PRADESH,Chhatarpur Nagar,34
MADHYA PRADESH,Chhindwara,35
MADHYA PRADESH,Chhindwara Nagar,36
MADHYA PRADESH,Chicholi,37
MADHYA PRADESH,Chinour,38
MADHYA PRADESH,Chitrangi,39
MADHYA PRADESH,Churhat,40
MADHYA PRADESH,City center,41
MADHYA PRADESH,Dahi,42
MADHYA PRADESH,Daloda,43
MADHYA PRADESH,Damoh,44
MADHYA PRADESH,Danyantinagar,45
MADHYA PRADESH,Datia,46
MADHYA PRADESH,Datia Nagar,47
MADHYA PRADESH,Deori,48
MADHYA PRADESH,Deosar,49
MADHYA PRADESH,Depalpur,50
MADHYA PRADESH,Devendranagar,51
MADHYA PRADESH,Dewas,52
MADHYA PRADESH,Dewas Nagar,53
MADHYA PRADESH,Dhanora,54
MADHYA PRADESH,Dhar,55
MADHYA PRADESH,Dharampuri,56
MADHYA PRADESH,Dhimarkheda,57
MADHYA PRADESH,Dindori,58
MADHYA PRADESH,Dolariya,59
MADHYA PRADESH,Gadarwara,60
MADHYA PRADESH,Gairatganj,61
MADHYA PRADESH,Gandhwani,62
MADHYA PRADESH,Garhakota,63
MADHYA PRADESH,Garoth,64
MADHYA PRADESH,Gaurihar,65
MADHYA PRADESH,Ghansaur,66
MADHYA PRADESH,Ghatigaon,67
MADHYA PRADESH,Ghatiya,68
MADHYA PRADESH,Ghoda Dongri,69
MADHYA PRADESH,Ghughari,70
MADHYA PRADESH,Ghuwara,71
MADHYA PRADESH,Gird,72
MADHYA PRADESH,Gogaon,73
MADHYA PRADESH,Gohad,74
MADHYA PRADESH,Goharganj,75
MADHYA PRADESH,Gohparu,76
MADHYA PRADESH,Gopadbanas,77
MADHYA PRADESH,Gorakhpur,78
MADHYA PRADESH,Gormi,79
MADHYA PRADESH,Gotegaon,80
MADHYA PRADESH,Gulabganj,81
MADHYA PRADESH,Gulana,82
MADHYA PRADESH,Guna,83
MADHYA PRADESH,Guna Nagar,84
MADHYA PRADESH,Gunnor,85
MADHYA PRADESH,Gurh,86
MADHYA PRADESH,Gyaraspur,87
MADHYA PRADESH,Handiya,88
MADHYA PRADESH,Hanumana,89
MADHYA PRADESH,Harda,90
MADHYA PRADESH,Harrai,91
MADHYA PRADESH,Harsud,92
MADHYA PRADESH,Hatod,93
MADHYA PRADESH,Hatpiplya,94
MADHYA PRADESH,Hatta,95
MADHYA PRADESH,Hoshangabad,96
MADHYA PRADESH,Hoshangabad nagar,97
MADHYA PRADESH,Huzur,98
MADHYA PRADESH,Huzur nagar,99
MADHYA PRADESH,Ichhawar,100
MADHYA PRADESH,Indergarh,1
MADHYA PRADESH,Indore,2
MADHYA PRADESH,Isagarh,3
MADHYA PRADESH,Itarsi,4
MADHYA PRADESH,Jabalpur,5
MADHYA PRADESH,Jabera,6
MADHYA PRADESH,Jaisinagar,7
MADHYA PRADESH,Jaisinghnagar,8
MADHYA PRADESH,Jaithari,9
MADHYA PRADESH,Jaitpur,10
MADHYA PRADESH,Jamai,11
MADHYA PRADESH,Jaora,12
MADHYA PRADESH,Jatara,13
MADHYA PRADESH,Jawa,14
MADHYA PRADESH,Jawad,15
MADHYA PRADESH,Jawar,16
MADHYA PRADESH,Jhabua,17
MADHYA PRADESH,Jharda,18
MADHYA PRADESH,Jhiranya,19
MADHYA PRADESH,Jiran,20
MADHYA PRADESH,Jirapur,21
MADHYA PRADESH,Jobat,22
MADHYA PRADESH,Joura,23
MADHYA PRADESH,Kailaras,24
MADHYA PRADESH,Kalapipal,25
MADHYA PRADESH,Kanadiya,26
MADHYA PRADESH,Kannod,27
MADHYA PRADESH,Karahal,28
MADHYA PRADESH,Kareli,29
MADHYA PRADESH,Karera,30
MADHYA PRADESH,Karkeli,31
MADHYA PRADESH,Kasrawad,32
MADHYA PRADESH,Katangi,33
MADHYA PRADESH,Kathiwara,34
MADHYA PRADESH,Katni Nagar,35
MADHYA PRADESH,Keolari,36
MADHYA PRADESH,Kesli,37
MADHYA PRADESH,Khacharod,38
MADHYA PRADESH,Khairlanji,39
MADHYA PRADESH,Khaknar,40
MADHYA PRADESH,Khalwa,41
MADHYA PRADESH,Khandwa,42
MADHYA PRADESH,Khandwa Nagar,43
MADHYA PRADESH,Khaniyadhana,44
MADHYA PRADESH,Khargapur,45
MADHYA PRADESH,Khargone,46
MADHYA PRADESH,Khargone Nagar,47
MADHYA PRADESH,Khategaon,48
MADHYA PRADESH,Khilchipur,49
MADHYA PRADESH,Khirkiya,50
MADHYA PRADESH,Khudel,51
MADHYA PRADESH,Khujner,52
MADHYA PRADESH,Khurai,53
MADHYA PRADESH,Kirnapur,54
MADHYA PRADESH,Kolar,55
MADHYA PRADESH,Kolaras,56
MADHYA PRADESH,Kotar,57
MADHYA PRADESH,Kothi,58
MADHYA PRADESH,Kothi Mahal,59
MADHYA PRADESH,Kotma,60
MADHYA PRADESH,Kukshi,61
MADHYA PRADESH,Kumbhraj,62
MADHYA PRADESH,Kundam,63
MADHYA PRADESH,Kurai,64
MADHYA PRADESH,Kurwai,65
MADHYA PRADESH,Kusmi,66
MADHYA PRADESH,Lahar,67
MADHYA PRADESH,Lakhnadon,68
MADHYA PRADESH,Lalbarra,69
MADHYA PRADESH,Lanji,70
MADHYA PRADESH,Lateri,71
MADHYA PRADESH,Laundi,72
MADHYA PRADESH,Lidhora,73
MADHYA PRADESH,Mada,74
MADHYA PRADESH,Maharajpur,75
MADHYA PRADESH,Maheshwar,76
MADHYA PRADESH,Mahidpur,77
MADHYA PRADESH,Maihar,78
MADHYA PRADESH,Majhauli,79
MADHYA PRADESH,Majhgawan,80
MADHYA PRADESH,Majholi,81
MADHYA PRADESH,Makdon,82
MADHYA PRADESH,Maksoodangarh,83
MADHYA PRADESH,Malharganj,84
MADHYA PRADESH,Malhargarh,85
MADHYA PRADESH,Malthon,86
MADHYA PRADESH,Manasa,87
MADHYA PRADESH,Manawar,88
MADHYA PRADESH,Mandla,89
MADHYA PRADESH,Mandsaur,90
MADHYA PRADESH,Mandsaur Nagar,91
MADHYA PRADESH,Mangawan,92
MADHYA PRADESH,Manpur,93
MADHYA PRADESH,Mau,94
MADHYA PRADESH,Mauganj,95
MADHYA PRADESH,Meghnagar,96
MADHYA PRADESH,Mehgaon,97
MADHYA PRADESH,Mhow,98
MADHYA PRADESH,Mihona,99
MADHYA PRADESH,Mohangarh,100
MADHYA PRADESH,Mohkhed,1
MADHYA PRADESH,Moman Badodiya,2
MADHYA PRADESH,Morena,3
MADHYA PRADESH,Multai,4
MADHYA PRADESH,Mungaoli,5
MADHYA PRADESH,Murar,6
MADHYA PRADESH,Murwara or Katni,7
MADHYA PRADESH,Nagda,8
MADHYA PRADESH,Nagod,9
MADHYA PRADESH,Nai Sarai,10
MADHYA PRADESH,Naigarhi,11
MADHYA PRADESH,Nainpur,12
MADHYA PRADESH,Nalkheda,13
MADHYA PRADESH,Narayanganj,14
MADHYA PRADESH,Narsimhapur,15
MADHYA PRADESH,Narsinghgarh,16
MADHYA PRADESH,Narwar,17
MADHYA PRADESH,Nasrullaganj,18
MADHYA PRADESH,Nateran,19
MADHYA PRADESH,Neemuch,20
MADHYA PRADESH,Neemuch Nagar,21
MADHYA PRADESH,Nepanagar,22
MADHYA PRADESH,Niwali,23
MADHYA PRADESH,Niwari,24
MADHYA PRADESH,Niwas,25
MADHYA PRADESH,Nowgong,26
MADHYA PRADESH,Nowrozabad,27
MADHYA PRADESH,Orchha,28
MADHYA PRADESH,Pachore,29
MADHYA PRADESH,Palera,30
MADHYA PRADESH,Pali,31
MADHYA PRADESH,Panagar,32
MADHYA PRADESH,Pandhana,33
MADHYA PRADESH,Pandhurna,34
MADHYA PRADESH,Panna,35
MADHYA PRADESH,Pansemal,36
MADHYA PRADESH,Parasia,37
MADHYA PRADESH,Paraswada,38
MADHYA PRADESH,Patan,39
MADHYA PRADESH,Patera,40
MADHYA PRADESH,Pathari,41
MADHYA PRADESH,Patharia,42
MADHYA PRADESH,Pati,43
MADHYA PRADESH,Pawai,44
MADHYA PRADESH,Petlawad,45
MADHYA PRADESH,Pichhore,46
MADHYA PRADESH,Pichhore Or Dabra,47
MADHYA PRADESH,Pipariya,48
MADHYA PRADESH,Piploda,49
MADHYA PRADESH,Piprai,50
MADHYA PRADESH,Pithampur,51
MADHYA PRADESH,Pohri,52
MADHYA PRADESH,Polaykala,53
MADHYA PRADESH,Porsa,54
MADHYA PRADESH,PrabhatPattan,55
MADHYA PRADESH,Prithvipur,56
MADHYA PRADESH,Punasa,57
MADHYA PRADESH,Pushparajgarh,58
MADHYA PRADESH,Raghogarh,59
MADHYA PRADESH,Raghurajnagar Nagareey,60
MADHYA PRADESH,Rahatgarh,61
MADHYA PRADESH,Raipur - Karchuliyan,62
MADHYA PRADESH,Raipura,63
MADHYA PRADESH,Raisen,64
MADHYA PRADESH,Rajgarh,65
MADHYA PRADESH,Rajnagar,66
MADHYA PRADESH,Rajpur,67
MADHYA PRADESH,Rama,68
MADHYA PRADESH,Ramnagar,69
MADHYA PRADESH,Rampur Baghelan,70
MADHYA PRADESH,Rampur Naikin,71
MADHYA PRADESH,Rampura,72
MADHYA PRADESH,Ranapur,73
MADHYA PRADESH,Rannod,74
MADHYA PRADESH,Ratlam,75
MADHYA PRADESH,Ratlam Nagar,76
MADHYA PRADESH,Rau,77
MADHYA PRADESH,Rawti,78
MADHYA PRADESH,Rehatgaon,79
MADHYA PRADESH,Rehli,80
MADHYA PRADESH,Rehti,81
MADHYA PRADESH,Rithi,82
MADHYA PRADESH,Ron,83
MADHYA PRADESH,Sabalgarh,84
MADHYA PRADESH,Sagar,85
MADHYA PRADESH,Saikheda,86
MADHYA PRADESH,Sailana,87
MADHYA PRADESH,Sanawad,88
MADHYA PRADESH,Sarai,89
MADHYA PRADESH,Sarangpur,90
MADHYA PRADESH,Sardarpur,91
MADHYA PRADESH,Satwas,92
MADHYA PRADESH,Sausar,93
MADHYA PRADESH,Sawer,94
MADHYA PRADESH,Segaon,95
MADHYA PRADESH,Sehore,96
MADHYA PRADESH,Sehore Nagar,97
MADHYA PRADESH,Semaria,98
MADHYA PRADESH,Sendhwa,99
MADHYA PRADESH,Seondha,100
MADHYA PRADESH,Seoni,1
MADHYA PRADESH,Seoni Nagar,2
MADHYA PRADESH,Seoni-Malwa,3
MADHYA PRADESH,Shadhora,4
MADHYA PRADESH,Shahgarh,5
MADHYA PRADESH,Shahnagar,6
MADHYA PRADESH,Shahpur,7
MADHYA PRADESH,Shahpura,8
MADHYA PRADESH,Shajapur,9
MADHYA PRADESH,Shamgarh,10
MADHYA PRADESH,Shamshabad,11
MADHYA PRADESH,Sheopur,12
MADHYA PRADESH,Shivpuri,13
MADHYA PRADESH,Shujalpur,14
MADHYA PRADESH,Shyampur,15
MADHYA PRADESH,Sihawal,16
MADHYA PRADESH,Sihora,17
MADHYA PRADESH,Silwani,18
MADHYA PRADESH,Simariya,19
MADHYA PRADESH,Singoli,20
MADHYA PRADESH,Singrauli,21
MADHYA PRADESH,Singrauli Nagar,22
MADHYA PRADESH,Sirali,23
MADHYA PRADESH,Sirmour,24
MADHYA PRADESH,Sironj,25
MADHYA PRADESH,Sitamau,26
MADHYA PRADESH,Sleemnbad,27
MADHYA PRADESH,Sohagpur,28
MADHYA PRADESH,Sondawa,29
MADHYA PRADESH,Sonkatch,30
MADHYA PRADESH,Sultanpur,31
MADHYA PRADESH,Susner,32
MADHYA PRADESH,Suthaliya,33
MADHYA PRADESH,Suwasara,34
MADHYA PRADESH,Tal,35
MADHYA PRADESH,Tamia,36
MADHYA PRADESH,Tansen,37
MADHYA PRADESH,Tarana,38
MADHYA PRADESH,Tendukheda,39
MADHYA PRADESH,Teonthar,40
MADHYA PRADESH,Thandla,41
MADHYA PRADESH,Thikri,42
MADHYA PRADESH,Tikamgarh,43
MADHYA PRADESH,Timarni,44
MADHYA PRADESH,Tirodi,45
MADHYA PRADESH,Tonk Khurd,46
MADHYA PRADESH,Tyonda,47
MADHYA PRADESH,Udainagar,48
MADHYA PRADESH,Udaipura,49
MADHYA PRADESH,Ujjain,50
MADHYA PRADESH,Umreth,51
MADHYA PRADESH,Unchahara,52
MADHYA PRADESH,Varla,53
MADHYA PRADESH,Vidisha,54
MADHYA PRADESH,Vidisha Nagar,55
MADHYA PRADESH,Vijaypur,56
MADHYA PRADESH,Vijayraghavgarh,57
MADHYA PRADESH,Waraseoni,58
MAHARASHTRA,Achalpur,59
MAHARASHTRA,Aheri,60
MAHARASHTRA,Ahmadpur,61
MAHARASHTRA,Ajra,62
MAHARASHTRA,Akkalkot,63
MAHARASHTRA,Akkalkuwa,64
MAHARASHTRA,Akola,65
MAHARASHTRA,Akot,66
MAHARASHTRA,Akrani,67
MAHARASHTRA,Alibag,68
MAHARASHTRA,Amalner,69
MAHARASHTRA,Ambad,70
MAHARASHTRA,Ambarnath,71
MAHARASHTRA,Ambegaon,72
MAHARASHTRA,Ambejogai,73
MAHARASHTRA,Amgaon,74
MAHARASHTRA,Amravati,75
MAHARASHTRA,Anjangaon Surji,76
MAHARASHTRA,Ardhapur,77
MAHARASHTRA,Arjuni Morgaon,78
MAHARASHTRA,Armori,79
MAHARASHTRA,Arni,80
MAHARASHTRA,Arvi,81
MAHARASHTRA,Ashti,82
MAHARASHTRA,Atpadi,83
MAHARASHTRA,Aundha (Nagnath),84
MAHARASHTRA,Aurangabad,85
MAHARASHTRA,Ausa,86
MAHARASHTRA,Babulgaon,87
MAHARASHTRA,Badnapur,88
MAHARASHTRA,Baglan,89
MAHARASHTRA,Balapur,90
MAHARASHTRA,Ballarpur,91
MAHARASHTRA,Baramati,92
MAHARASHTRA,Barshi,93
MAHARASHTRA,Barshitakli,94
MAHARASHTRA,Basmath,95
MAHARASHTRA,Bavda,96
MAHARASHTRA,Bhadgaon,97
MAHARASHTRA,Bhadravati,98
MAHARASHTRA,Bhamragad,99
MAHARASHTRA,Bhandara,100
MAHARASHTRA,Bhatkuli,1
MAHARASHTRA,Bhiwandi,2
MAHARASHTRA,Bhiwapur,3
MAHARASHTRA,Bhokar,4
MAHARASHTRA,Bhokardan,5
MAHARASHTRA,Bhor,6
MAHARASHTRA,Bhudargad,7
MAHARASHTRA,Bhum,8
MAHARASHTRA,Bhusawal,9
MAHARASHTRA,Bid,10
MAHARASHTRA,Biloli,11
MAHARASHTRA,Bodvad,12
MAHARASHTRA,Brahmapuri,13
MAHARASHTRA,Buldana,14
MAHARASHTRA,Chakur,15
MAHARASHTRA,Chalisgaon,16
MAHARASHTRA,Chamorshi,17
MAHARASHTRA,Chandgad,18
MAHARASHTRA,Chandrapur,19
MAHARASHTRA,Chandur Railway,20
MAHARASHTRA,Chandurbazar,21
MAHARASHTRA,Chandvad,22
MAHARASHTRA,Chikhaldara,23
MAHARASHTRA,Chikhli,24
MAHARASHTRA,Chimur,25
MAHARASHTRA,Chiplun,26
MAHARASHTRA,Chopda,27
MAHARASHTRA,Dahanu,28
MAHARASHTRA,Dapoli,29
MAHARASHTRA,Darwha,30
MAHARASHTRA,Daryapur,31
MAHARASHTRA,Daund,32
MAHARASHTRA,Deglur,33
MAHARASHTRA,Deola,34
MAHARASHTRA,Deolgaon Raja,35
MAHARASHTRA,Deoli,36
MAHARASHTRA,Deoni,37
MAHARASHTRA,Deori,38
MAHARASHTRA,Desaiganj (Vadasa),39
MAHARASHTRA,Devgad,40
MAHARASHTRA,Dhamangaon Railway,41
MAHARASHTRA,Dhanora,42
MAHARASHTRA,Dharangaon,43
MAHARASHTRA,Dharmabad,44
MAHARASHTRA,Dharni,45
MAHARASHTRA,Dharur,46
MAHARASHTRA,Dhule,47
MAHARASHTRA,Digras,48
MAHARASHTRA,Dindori,49
MAHARASHTRA,Dodamarg,50
MAHARASHTRA,Erandol,51
MAHARASHTRA,Etapalli,52
MAHARASHTRA,Gadchiroli,53
MAHARASHTRA,Gadhinglaj,54
MAHARASHTRA,Gangakhed,55
MAHARASHTRA,Gangapur,56
MAHARASHTRA,Georai,57
MAHARASHTRA,Ghansawangi,58
MAHARASHTRA,Ghatanji,59
MAHARASHTRA,Gondiya,60
MAHARASHTRA,Gondpipri,61
MAHARASHTRA,Goregaon,62
MAHARASHTRA,Greater Mumbai,63
MAHARASHTRA,Guhagar,64
MAHARASHTRA,Hadgaon,65
MAHARASHTRA,Hatkanangle,66
MAHARASHTRA,Haveli,67
MAHARASHTRA,Himayatnagar,68
MAHARASHTRA,Hinganghat,69
MAHARASHTRA,Hingna,70
MAHARASHTRA,Hingoli,71
MAHARASHTRA,Igatpuri,72
MAHARASHTRA,Indapur,73
MAHARASHTRA,Jafferabad,74
MAHARASHTRA,Jalgaon,75
MAHARASHTRA,Jalgaon (Jamod),76
MAHARASHTRA,Jalkot,77
MAHARASHTRA,Jalna,78
MAHARASHTRA,Jamkhed,79
MAHARASHTRA,Jamner,80
MAHARASHTRA,Jaoli,81
MAHARASHTRA,Jat,82
MAHARASHTRA,Jawhar,83
MAHARASHTRA,Jintur,84
MAHARASHTRA,Jiwati,85
MAHARASHTRA,Junnar,86
MAHARASHTRA,Kadegaon,87
MAHARASHTRA,Kagal,88
MAHARASHTRA,Kaij,89
MAHARASHTRA,Kalamb,90
MAHARASHTRA,Kalameshwar,91
MAHARASHTRA,Kalamnuri,92
MAHARASHTRA,Kalwan,93
MAHARASHTRA,Kalyan,94
MAHARASHTRA,Kamptee,95
MAHARASHTRA,Kandhar,96
MAHARASHTRA,Kankavli,97
MAHARASHTRA,Kannad,98
MAHARASHTRA,Karad,99
MAHARASHTRA,Karanja,100
MAHARASHTRA,Karjat,1
MAHARASHTRA,Karmala,2
MAHARASHTRA,Karvir,3
MAHARASHTRA,Katol,4
MAHARASHTRA,Kavathemahankal,5
MAHARASHTRA,Kelapur,6
MAHARASHTRA,Khalapur,7
MAHARASHTRA,Khamgaon,8
MAHARASHTRA,Khanapur,9
MAHARASHTRA,Khandala,10
MAHARASHTRA,Khatav,11
MAHARASHTRA,Khed,12
MAHARASHTRA,Khuldabad,13
MAHARASHTRA,Kinwat,14
MAHARASHTRA,Kopargaon,15
MAHARASHTRA,Korchi,16
MAHARASHTRA,Koregaon,17
MAHARASHTRA,Korpana,18
MAHARASHTRA,Kudal,19
MAHARASHTRA,Kuhi,20
MAHARASHTRA,Kurkheda,21
MAHARASHTRA,Lakhandur,22
MAHARASHTRA,Lakhani,23
MAHARASHTRA,Lanja,24
MAHARASHTRA,Latur,25
MAHARASHTRA,Loha,26
MAHARASHTRA,Lohara,27
MAHARASHTRA,Lonar,28
MAHARASHTRA,Madha,29
MAHARASHTRA,Mahabaleshwar,30
MAHARASHTRA,Mahad,31
MAHARASHTRA,Mahagaon,32
MAHARASHTRA,Mahoor,33
MAHARASHTRA,Malegaon,34
MAHARASHTRA,Malkapur,35
MAHARASHTRA,Malshiras,36
MAHARASHTRA,Malwan,37
MAHARASHTRA,Man,38
MAHARASHTRA,Mandangad,39
MAHARASHTRA,Mangalvedhe,40
MAHARASHTRA,Mangaon,41
MAHARASHTRA,Mangrulpir,42
MAHARASHTRA,Manjlegaon,43
MAHARASHTRA,Manora,44
MAHARASHTRA,Mantha,45
MAHARASHTRA,Manwath,46
MAHARASHTRA,Maregaon,47
MAHARASHTRA,Mauda,48
MAHARASHTRA,Mawal,49
MAHARASHTRA,Mehkar,50
MAHARASHTRA,Mhasla,51
MAHARASHTRA,Miraj,52
MAHARASHTRA,Mohadi,53
MAHARASHTRA,Mohol,54
MAHARASHTRA,Mokhada,55
MAHARASHTRA,Morshi,56
MAHARASHTRA,Motala,57
MAHARASHTRA,Mudkhed,58
MAHARASHTRA,Mukhed,59
MAHARASHTRA,Muktainagar (Edlabad),60
MAHARASHTRA,Mul,61
MAHARASHTRA,Mulchera,62
MAHARASHTRA,Mulshi,63
MAHARASHTRA,Mumbai Suburban,64
MAHARASHTRA,Murbad,65
MAHARASHTRA,Murtijapur,66
MAHARASHTRA,Murud,67
MAHARASHTRA,Nagar,68
MAHARASHTRA,Nagbhir,69
MAHARASHTRA,Nagpur (Rural),70
MAHARASHTRA,Nagpur (Urban),71
MAHARASHTRA,Naigaon (Khairgaon),72
MAHARASHTRA,Nanded,73
MAHARASHTRA,Nandgaon,74
MAHARASHTRA,Nandgaon-Khandeshwar,75
MAHARASHTRA,Nandura,76
MAHARASHTRA,Nandurbar,77
MAHARASHTRA,Narkhed,78
MAHARASHTRA,Nashik,79
MAHARASHTRA,Nawapur,80
MAHARASHTRA,Ner,81
MAHARASHTRA,Nevasa,82
MAHARASHTRA,Nilanga,83
MAHARASHTRA,Niphad,84
MAHARASHTRA,Osmanabad,85
MAHARASHTRA,Pachora,86
MAHARASHTRA,Paithan,87
MAHARASHTRA,Palam,88
MAHARASHTRA,Palghar,89
MAHARASHTRA,Palus,90
MAHARASHTRA,Pandharpur,91
MAHARASHTRA,Panhala,92
MAHARASHTRA,Panvel,93
MAHARASHTRA,Paranda,94
MAHARASHTRA,Parbhani,95
MAHARASHTRA,Parli,96
MAHARASHTRA,Parner,97
MAHARASHTRA,Parola,98
MAHARASHTRA,Parseoni,99
MAHARASHTRA,Partur,100
MAHARASHTRA,Patan,1
MAHARASHTRA,Pathardi,2
MAHARASHTRA,Pathri,3
MAHARASHTRA,Patoda,4
MAHARASHTRA,Patur,5
MAHARASHTRA,Pauni,6
MAHARASHTRA,Pen,7
MAHARASHTRA,Peth,8
MAHARASHTRA,Phaltan,9
MAHARASHTRA,Phulambri,10
MAHARASHTRA,Poladpur,11
MAHARASHTRA,Pombhurna,12
MAHARASHTRA,Pune City,13
MAHARASHTRA,Purandhar,14
MAHARASHTRA,Purna,15
MAHARASHTRA,Pusad,16
MAHARASHTRA,Radhanagari,17
MAHARASHTRA,Rahta,18
MAHARASHTRA,Rahuri,19
MAHARASHTRA,Rajapur,20
MAHARASHTRA,Rajura,21
MAHARASHTRA,Ralegaon,22
MAHARASHTRA,Ramtek,23
MAHARASHTRA,Ratnagiri,24
MAHARASHTRA,Raver,25
MAHARASHTRA,Renapur,26
MAHARASHTRA,Risod,27
MAHARASHTRA,Roha,28
MAHARASHTRA,Sadak-Arjuni,29
MAHARASHTRA,Sailu,30
MAHARASHTRA,Sakoli,31
MAHARASHTRA,Sakri,32
MAHARASHTRA,Salekasa,33
MAHARASHTRA,Samudrapur,34
MAHARASHTRA,Sangameshwar,35
MAHARASHTRA,Sangamner,36
MAHARASHTRA,Sangole,37
MAHARASHTRA,Sangrampur,38
MAHARASHTRA,Satara,39
MAHARASHTRA,Savner,40
MAHARASHTRA,Sawali,41
MAHARASHTRA,Sawantwadi,42
MAHARASHTRA,Seloo,43
MAHARASHTRA,Sengaon,44
MAHARASHTRA,Shahade,45
MAHARASHTRA,Shahapur,46
MAHARASHTRA,Shahuwadi,47
MAHARASHTRA,Shegaon,48
MAHARASHTRA,Shevgaon,49
MAHARASHTRA,Shirala,50
MAHARASHTRA,Shirol,51
MAHARASHTRA,Shirpur,52
MAHARASHTRA,Shirur,53
MAHARASHTRA,Shirur (Kasar),54
MAHARASHTRA,Shirur-Anantpal,55
MAHARASHTRA,Shrigonda,56
MAHARASHTRA,Shrirampur,57
MAHARASHTRA,Shrivardhan,58
MAHARASHTRA,Sillod,59
MAHARASHTRA,Sindewahi,60
MAHARASHTRA,Sindkhed Raja,61
MAHARASHTRA,Sindkhede,62
MAHARASHTRA,Sinnar,63
MAHARASHTRA,Sironcha,64
MAHARASHTRA,Soegaon,65
MAHARASHTRA,Solapur North,66
MAHARASHTRA,Solapur South,67
MAHARASHTRA,Sonpeth,68
MAHARASHTRA,Sudhagad,69
MAHARASHTRA,Surgana,70
MAHARASHTRA,Tala,71
MAHARASHTRA,Talasari,72
MAHARASHTRA,Talode,73
MAHARASHTRA,Tasgaon,74
MAHARASHTRA,Telhara,75
MAHARASHTRA,Teosa,76
MAHARASHTRA,Thane,77
MAHARASHTRA,Tirora,78
MAHARASHTRA,Trimbakeshwar,79
MAHARASHTRA,Tuljapur,80
MAHARASHTRA,Tumsar,81
MAHARASHTRA,Udgir,82
MAHARASHTRA,Ulhasnagar,83
MAHARASHTRA,Umarga,84
MAHARASHTRA,Umarkhed,85
MAHARASHTRA,Umred,86
MAHARASHTRA,Umri,87
MAHARASHTRA,Uran,88
MAHARASHTRA,Vada,89
MAHARASHTRA,Vaibhavvadi,90
MAHARASHTRA,Vaijapur,91
MAHARASHTRA,Vasai,92
MAHARASHTRA,Velhe,93
MAHARASHTRA,Vengurla,94
MAHARASHTRA,Vikramgad,95
MAHARASHTRA,Wadwani,96
MAHARASHTRA,Wai,97
MAHARASHTRA,Walwa,98
MAHARASHTRA,Wani,99
MAHARASHTRA,Wardha,100
MAHARASHTRA,Warora,1
MAHARASHTRA,Warud,2
MAHARASHTRA,Washi,3
MAHARASHTRA,Washim,4
MAHARASHTRA,Yavatmal,5
MAHARASHTRA,Yawal,6
MAHARASHTRA,Yevla,7
MAHARASHTRA,Zari-Jamani,8
MANIPUR,Bishnupur,9
MANIPUR,Chakpikarong,10
MANIPUR,Chandel,11
MANIPUR,Chingai,12
MANIPUR,Jiribam,13
MANIPUR,Kakching,14
MANIPUR,Kamjong,15
MANIPUR,KANGPOKPI,16
MANIPUR,Kasom Khullen,17
MANIPUR,Keirao Bitra,18
MANIPUR,Lamphelpat,19
MANIPUR,Lamsang,20
MANIPUR,Lilong,21
MANIPUR,Machi,22
MANIPUR,Moirang,23
MANIPUR,Nambol,24
MANIPUR,Nungba,25
MANIPUR,Paomata,26
MANIPUR,Patsoi,27
MANIPUR,Phungyar,28
MANIPUR,Porompat,29
MANIPUR,Purul,30
MANIPUR,SAIKOT,31
MANIPUR,SAIKUL,32
MANIPUR,Saitu-Gamphazol,33
MANIPUR,SAMULAMLAN,34
MANIPUR,Sawombung,35
MANIPUR,Singngat,36
MANIPUR,TADUBI,37
MANIPUR,Tamenglong,38
MANIPUR,Tamenglong North,39
MANIPUR,Tamenglong West,40
MANIPUR,Tengnoupal,41
MANIPUR,Thanlon,42
MANIPUR,Thoubal,43
MANIPUR,Tipaimukh,44
MANIPUR,TUIBONG,45
MANIPUR,Ukhrul,46
MANIPUR,Wangoi,47
MEGHALAYA,Amlarem,48
MEGHALAYA,Baghmara,49
MEGHALAYA,Betasing,50
MEGHALAYA,Chokpot,51
MEGHALAYA,Dadenggiri,52
MEGHALAYA,Dalu,53
MEGHALAYA,Dambo Rongjeng,54
MEGHALAYA,Gambegre,55
MEGHALAYA,Gasuapara,56
MEGHALAYA,Jirang,57
MEGHALAYA,Kharkutta,58
MEGHALAYA,Khatarshnong Laitkroh,59
MEGHALAYA,Khliehriat,60
MEGHALAYA,Laskein,61
MEGHALAYA,Mairang,62
MEGHALAYA,Mawkynrew,63
MEGHALAYA,Mawkyrwat,64
MEGHALAYA,Mawphlang,65
MEGHALAYA,Mawryngkneng,66
MEGHALAYA,Mawshynrut,67
MEGHALAYA,Mawsynram,68
MEGHALAYA,Mawthadraishan,69
MEGHALAYA,Mylliem,70
MEGHALAYA,Nongstoin,71
MEGHALAYA,Pynursla,72
MEGHALAYA,Ranikor,73
MEGHALAYA,Resubelpara,74
MEGHALAYA,Rongara,75
MEGHALAYA,Rongram,76
MEGHALAYA,Saipung,77
MEGHALAYA,Samanda,78
MEGHALAYA,Selsella,79
MEGHALAYA,Shella Bholaganj,80
MEGHALAYA,Songsak,81
MEGHALAYA,Thadlaskein,82
MEGHALAYA,Tikrikilla,83
MEGHALAYA,Umling,84
MEGHALAYA,Umsning,85
MEGHALAYA,Zikzak,86
MIZORAM,'N' Thingdawl,87
MIZORAM,Aibawk,88
MIZORAM,Bilkhawthlir,89
MIZORAM,Champhai,90
MIZORAM,Chawngte,91
MIZORAM,Darlawn,92
MIZORAM,East Lungdar,93
MIZORAM,Hnahthial,94
MIZORAM,Khawbung,95
MIZORAM,Khawzawl,96
MIZORAM,Lawngtlai,97
MIZORAM,Lunglei,98
MIZORAM,Lungsen,99
MIZORAM,Ngopa,100
MIZORAM,Phullen,1
MIZORAM,Reiek,2
MIZORAM,S' Bungtlang,3
MIZORAM,Saiha,4
MIZORAM,Sangau,5
MIZORAM,Serchhip,6
MIZORAM,Thingsulthliah,7
MIZORAM,Tlangnuam,8
MIZORAM,Tuipang,9
MIZORAM,West Bunghmun,10
MIZORAM,West Phaileng,11
MIZORAM,Zawlnuam,12
NAGALAND,Aboi,13
NAGALAND,Aghunato,14
NAGALAND,Aitepyong,15
NAGALAND,Akuhaito,16
NAGALAND,Akuluto,17
NAGALAND,Alongkima,18
NAGALAND,Amahator,19
NAGALAND,Angjangyang,20
NAGALAND,Asuto,21
NAGALAND,Athibung,22
NAGALAND,Atoizu,23
NAGALAND,Baghty,24
NAGALAND,Bhandari,25
NAGALAND,Botsa,26
NAGALAND,Changpang,27
NAGALAND,Changtongya,28
NAGALAND,Chare,29
NAGALAND,Chen,30
NAGALAND,Chessore,31
NAGALAND,Chetheba,32
NAGALAND,Chiephobozou,33
NAGALAND,Chingmei,34
NAGALAND,Chizami,35
NAGALAND,Chozuba,36
NAGALAND,Chuchuyimlang,37
NAGALAND,Chukitong,38
NAGALAND,Chumukedima,39
NAGALAND,Dhansiripar,40
NAGALAND,Dimapur Sadar,41
NAGALAND,Englan,42
NAGALAND,Ghathashi,43
NAGALAND,Hunta,44
NAGALAND,Jakhama,45
NAGALAND,Jalukie,46
NAGALAND,Kebai Khelma,47
NAGALAND,Kezocha,48
NAGALAND,Khezhakeno,49
NAGALAND,Khongsa,50
NAGALAND,Khuza,51
NAGALAND,Kiphire Sadar,52
NAGALAND,Kiusam,53
NAGALAND,Kohima Sadar,54
NAGALAND,Kubolong,55
NAGALAND,Kuhoboto,56
NAGALAND,Longchem,57
NAGALAND,Longkhim,58
NAGALAND,Longleng,59
NAGALAND,Longmatra,60
NAGALAND,Longshen,61
NAGALAND,Lotsu,62
NAGALAND,Mangko,63
NAGALAND,Mangkolemba,64
NAGALAND,Medziphema,65
NAGALAND,Meluri,66
NAGALAND,Mon Sadar,67
NAGALAND,Monyakshu,68
NAGALAND,Mopong,69
NAGALAND,Naginimora,70
NAGALAND,Namsang,71
NAGALAND,Ngoungchung,72
NAGALAND,Nihokhu,73
NAGALAND,Niuland,74
NAGALAND,Nokhu,75
NAGALAND,Noklak,76
NAGALAND,Noksen,77
NAGALAND,Nsong,78
NAGALAND,Ongpangkong,79
NAGALAND,Panso,80
NAGALAND,Pedi (Ngwalwa),81
NAGALAND,Peren,82
NAGALAND,Pfutsero,83
NAGALAND,Phek Sadar,84
NAGALAND,Phokhungri,85
NAGALAND,Phomching,86
NAGALAND,Phor,87
NAGALAND,Pughoboto,88
NAGALAND,Pungro,89
NAGALAND,Ralan,90
NAGALAND,Razieba,91
NAGALAND,Sakraba,92
NAGALAND,Sakshi,93
NAGALAND,Sangsangnyu,94
NAGALAND,Sanis,95
NAGALAND,Saptiqa,96
NAGALAND,Satakha,97
NAGALAND,Satoi,98
NAGALAND,Sechu-Zubza,99
NAGALAND,Sekruzu,100
NAGALAND,Seyochung,1
NAGALAND,Shamator,2
NAGALAND,Shangnyu,3
NAGALAND,Sitimi,4
NAGALAND,Sotokur,5
NAGALAND,Sungro,6
NAGALAND,Suruhuto,7
NAGALAND,Tamlu,8
NAGALAND,Tening,9
NAGALAND,Thonoknyu,10
NAGALAND,Tizit,11
NAGALAND,Tobu,12
NAGALAND,Tseminyu,13
NAGALAND,Tsogin,14
NAGALAND,Tsurungto,15
NAGALAND,Tuensang Sadar,16
NAGALAND,Tuli,17
NAGALAND,V.K.,18
NAGALAND,Wakching,19
NAGALAND,Wokha Sadar,20
NAGALAND,Wozhuro,21
NAGALAND,Yongnyah,22
NAGALAND,Zuketsa,23
NAGALAND,Zunheboto Sadar,24
ODISHA,Aali,25
ODISHA,Abhyachandpur,26
ODISHA,Adava,27
ODISHA,Agarpada,28
ODISHA,Ainthapali,29
ODISHA,Airfield (Kapila Prasad),30
ODISHA,Ambabhona,31
ODISHA,Ambadala,32
ODISHA,Anandapur,33
ODISHA,Andirakanch,34
ODISHA,Anugul,35
ODISHA,ARJYAPALLI MARINE,36
ODISHA,ASIKA,37
ODISHA,Astaranga,38
ODISHA,Athagad,39
ODISHA,Athmallik,40
ODISHA,Attabira,41
ODISHA,Badachana,42
ODISHA,BADAGADA,43
ODISHA,Badamba,44
ODISHA,Badampahar,45
ODISHA,Badmal,46
ODISHA,Bahalda,47
ODISHA,Baidyeswar,48
ODISHA,Baisinga,49
ODISHA,Balangir,50
ODISHA,Balaramgadi Marine,51
ODISHA,Baleshwar (M),52
ODISHA,Baleshwar Sadar,53
ODISHA,Balianta,54
ODISHA,Baliapal,55
ODISHA,Balichandrapur,56
ODISHA,Baliguda,57
ODISHA,Balikuda,58
ODISHA,Balimi,59
ODISHA,Balipatna,60
ODISHA,Balugaon,61
ODISHA,Bamebari,62
ODISHA,Bampada,63
ODISHA,Banaharapali,64
ODISHA,Banapur,65
ODISHA,Banarpal,66
ODISHA,Bandhugaon,67
ODISHA,Banei,68
ODISHA,Bangiriposi,69
ODISHA,Bangomunda,70
ODISHA,Banigochha,71
ODISHA,Banki,72
ODISHA,Bansada,73
ODISHA,Bant,74
ODISHA,Bantala,75
ODISHA,Baragaon,76
ODISHA,Barang,77
ODISHA,Barapali,78
ODISHA,Barbil,79
ODISHA,Bargarh,80
ODISHA,Bargarh Sadar,81
ODISHA,Bari - Ramachandrapur,82
ODISHA,Baria,83
ODISHA,Baripada (M),84
ODISHA,Baripada Sadar,85
ODISHA,Baripada Town,86
ODISHA,Barkot,87
ODISHA,Barsahi,88
ODISHA,Basta,89
ODISHA,Basudebpur,90
ODISHA,Baudh Sadar,91
ODISHA,Baunsuni,92
ODISHA,Begunia,93
ODISHA,Belaghar,94
ODISHA,Belpahar,95
ODISHA,Belpara,96
ODISHA,Berhampur,97
ODISHA,Betanati,98
ODISHA,Bhadrak Rural,99
ODISHA,Bhairabsingipur,100
ODISHA,Bhandari Pokhari,1
ODISHA,BHANJANAGAR,2
ODISHA,Bhasma,3
ODISHA,Bhatli,4
ODISHA,Bheden,5
ODISHA,Bhograi,6
ODISHA,Bhuban,7
ODISHA,Bhubaneswar (M.Corp.),8
ODISHA,Bhusan Steel Limited,9
ODISHA,Bijepur,10
ODISHA,Bikrampur,11
ODISHA,Binika,12
ODISHA,Binjharpur,13
ODISHA,Biramaharajpur,14
ODISHA,Biramitrapur,15
ODISHA,Biridi,16
ODISHA,Bishamakatak,17
ODISHA,Bisoi,18
ODISHA,Bisra,19
ODISHA,Biswanathpur,20
ODISHA,BODEN,21
ODISHA,Boipariguda,22
ODISHA,Bolagad,23
ODISHA,Bolani,24
ODISHA,Bondamunda,25
ODISHA,Boriguma,26
ODISHA,Brahmagiri,27
ODISHA,Brahmani Tarang,28
ODISHA,Brahmanigaon,29
ODISHA,Brahmapur (M.Corp.),30
ODISHA,BRAHMAPUR SADAR,31
ODISHA,Brajarajnagar,32
ODISHA,BUGUDA,33
ODISHA,BurdenP.S.,34
ODISHA,Burla,35
ODISHA,C.R.R.I.,36
ODISHA,Chakapada,37
ODISHA,CHAMAKHANDI,38
ODISHA,Champua,39
ODISHA,Chandabali,40
ODISHA,Chandahandi,41
ODISHA,Chandaka,42
ODISHA,Chandanpur,43
ODISHA,Chandiposh,44
ODISHA,Chandipur,45
ODISHA,Chandrapur,46
ODISHA,Chandua,47
ODISHA,Charamal,48
ODISHA,CHHATRAPUR,49
ODISHA,Chhendipada,50
ODISHA,Chitrakonda,51
ODISHA,Choudwar,52
ODISHA,Colliery,53
ODISHA,Cuttack (M.Corp.) P.S,54
ODISHA,Cuttack Sadar,55
ODISHA,Dabugan,56
ODISHA,Daitari,57
ODISHA,Damonjodi,58
ODISHA,Daringbadi,59
ODISHA,Dasamantapur,60
ODISHA,Dasapalla,61
ODISHA,Debagarh,62
ODISHA,Delanga,63
ODISHA,Derabish,64
ODISHA,Dhama,65
ODISHA,Dhamanagar,66
ODISHA,Dhamara Marine,67
ODISHA,Dhanupali,68
ODISHA,DHARAKOTE,69
ODISHA,Dharamgarh,70
ODISHA,Dharmasala,71
ODISHA,Dharuadihi,72
ODISHA,Dhenkanal Sadar,73
ODISHA,Dhusuri,74
ODISHA,DIGAPAHANDI,75
ODISHA,Doraguda,76
ODISHA,Dunguripali,77
ODISHA,Ersama,78
ODISHA,Fategarh,79
ODISHA,G.Udayagiri,80
ODISHA,Gadisagada,81
ODISHA,Gaisilet,82
ODISHA,Gandia,83
ODISHA,GANGAPUR,84
ODISHA,Gania,85
ODISHA,GANJAM,86
ODISHA,Garabandha,87
ODISHA,Ghagarbeda,88
ODISHA,Ghasipura,89
ODISHA,Ghatgaon,90
ODISHA,Gobindpur,91
ODISHA,Gochhapada,92
ODISHA,Golamunda,93
ODISHA,GOLANTHARA,94
ODISHA,Gop,95
ODISHA,GOPALPUR,96
ODISHA,Gorumahisani,97
ODISHA,Govindpur,98
ODISHA,Gudari,99
ODISHA,Gunupur,100
ODISHA,Gurandi,1
ODISHA,Gurudijhatia,2
ODISHA,Gurundia,3
ODISHA,Handapa,4
ODISHA,Harbhanga,5
ODISHA,Harichandanpur,6
ODISHA,Hatibari,7
ODISHA,Hemgir,8
ODISHA,Hindol,9
ODISHA,HINJILI,10
ODISHA,Hirakud,11
ODISHA,Industrial,12
ODISHA,Itamati,13
ODISHA,JAGANNATH PRASAD,14
ODISHA,Jagatpur,15
ODISHA,Jagatsinghapur,16
ODISHA,Jajapur,17
ODISHA,Jajapur Road,18
ODISHA,Jajpur Sadar,19
ODISHA,Jakhapura,20
ODISHA,Jaleswar,21
ODISHA,Jamankira,22
ODISHA,Jamboo Marine,23
ODISHA,Jamda,24
ODISHA,Jankia,25
ODISHA,JARADA,26
ODISHA,Jarapada,27
ODISHA,Jashipur,28
ODISHA,Jatani,29
ODISHA,Jayapatna,30
ODISHA,Jenapur,31
ODISHA,Jeypore,32
ODISHA,Jharbandha,33
ODISHA,Jharigan,34
ODISHA,Jharpokharia,35
ODISHA,Jharsuguda,36
ODISHA,Jhumpura,37
ODISHA,Joda,38
ODISHA,Jodamba,39
ODISHA,JONK,40
ODISHA,Jujomura,41
ODISHA,Junagarh,42
ODISHA,KABISURYANAGAR,43
ODISHA,Kakatpur,44
ODISHA,Kakiriguma,45
ODISHA,Kaliapani,46
ODISHA,Kalimela,47
ODISHA,Kalinganagar,48
ODISHA,Kalyanasingpur,49
ODISHA,Kamakshyanagar,50
ODISHA,Kamarda,51
ODISHA,Kamarposh Balang,52
ODISHA,Kandarpur,53
ODISHA,Kaniha,54
ODISHA,Kanjipani,55
ODISHA,Kankadahad,56
ODISHA,Kanpur,57
ODISHA,Kantabanji,58
ODISHA,Kantamal,59
ODISHA,Kaptipada,60
ODISHA,Karanjia,61
ODISHA,Kashipur,62
ODISHA,Kasinagar,63
ODISHA,Katarbaga,64
ODISHA,Kegaon,65
ODISHA,Kendrapara,66
ODISHA,Kendrapara Sadar,67
ODISHA,Kendujhar Sadar,68
ODISHA,Kendujhar Town,69
ODISHA,Kesinga,70
ODISHA,Khaira,71
ODISHA,Khajuripada,72
ODISHA,KHALIKOTE,73
ODISHA,Khamar,74
ODISHA,Khandagiri,75
ODISHA,Khandapada,76
ODISHA,Khaprakhol,77
ODISHA,KHARIAR,78
ODISHA,Khatiguda,79
ODISHA,Khordha,80
ODISHA,Khordha Sadar,81
ODISHA,Khunta,82
ODISHA,Khuntuni,83
ODISHA,Kiakata,84
ODISHA,Kinjirkela,85
ODISHA,Kishannagar,86
ODISHA,Kishorenagar,87
ODISHA,Kisinda,88
ODISHA,Kochinda,89
ODISHA,KODALA,90
ODISHA,Kodinga,91
ODISHA,Koida,92
ODISHA,Kokasara,93
ODISHA,Kolabira,94
ODISHA,Koliana,95
ODISHA,KOMNA,96
ODISHA,Konark,97
ODISHA,Korai,98
ODISHA,Koraput,99
ODISHA,Koraput Town,100
ODISHA,Kosagumuda,1
ODISHA,Kotagarh,2
ODISHA,Kotiya,3
ODISHA,Kotpad,4
ODISHA,Krushna Prasad,5
ODISHA,Kuakhia,6
ODISHA,Kujang,7
ODISHA,Kundei,8
ODISHA,Kundheigola,9
ODISHA,Kundura,10
ODISHA,Kutra,11
ODISHA,Lahunipara,12
ODISHA,Laikera,13
ODISHA,Lakhanpur,14
ODISHA,Lakshmipur,15
ODISHA,Lanjigarh,16
ODISHA,Lathikata,17
ODISHA,Lephripara,18
ODISHA,LINGARAJ,19
ODISHA,Loisinga,20
ODISHA,M.V. 79,21
ODISHA,Machh kund,22
ODISHA,Madanpur Rampur,23
ODISHA,Mahakalapada,24
ODISHA,Mahanga,25
ODISHA,Mahulapada,26
ODISHA,Mahuldiha,27
ODISHA,Mahulpalli,28
ODISHA,Malkangiri,29
ODISHA,Manamunda,30
ODISHA,Mancheswar,31
ODISHA,Mangalpur,32
ODISHA,Marsaghai,33
ODISHA,Mathili,34
ODISHA,Melchhamunda,35
ODISHA,Mohana,36
ODISHA,Motu,37
ODISHA,Motunga,38
ODISHA,Mudulipada,39
ODISHA,Muniguda,40
ODISHA,Muruda,41
ODISHA,N.T.P.C.,42
ODISHA,Nabarangapur P.S,43
ODISHA,Naikanidihi,44
ODISHA,Naktideul,45
ODISHA,NALCO,46
ODISHA,Nandankanan,47
ODISHA,Nandapur,48
ODISHA,Nandipada,49
ODISHA,Narala,50
ODISHA,Narasinghpur,51
ODISHA,Narayanpatana,52
ODISHA,Naugaon,53
ODISHA,Nayagarh,54
ODISHA,Nayagarh Sadar,55
ODISHA,Nayakote,56
ODISHA,Nemalo,57
ODISHA,Niali,58
ODISHA,Nihalprasad,59
ODISHA,Nikirai,60
ODISHA,Nilagiri,61
ODISHA,Nimapada,62
ODISHA,Nirakarpur,63
ODISHA,Nischintakoili,64
ODISHA,Nuagaon,65
ODISHA,NUAGAON,66
ODISHA,NUAPADA,67
ODISHA,Odagaon,68
ODISHA,Olatapur,69
ODISHA,Orient,70
ODISHA,Orkel,71
ODISHA,Oupada,72
ODISHA,Padmapur,73
ODISHA,Padua,74
ODISHA,Paikamal,75
ODISHA,Palalahada,76
ODISHA,Pandapara,77
ODISHA,Panikoili,78
ODISHA,Paparahandi,79
ODISHA,Paparmetla,80
ODISHA,Paradeep Lock,81
ODISHA,Paradip,82
ODISHA,Parajang,83
ODISHA,Paralakhemundi,84
ODISHA,Patana,85
ODISHA,PATAPUR,86
ODISHA,Patkura,87
ODISHA,Patnagarh,88
ODISHA,Pattamundai,89
ODISHA,Phiringia,90
ODISHA,Phulabani,91
ODISHA,Phulabani Town,92
ODISHA,Pipili,93
ODISHA,Podia,94
ODISHA,POLASARA,95
ODISHA,Pottangi,96
ODISHA,Puri (M),97
ODISHA,Puruna Katak,98
ODISHA,Purunakot,99
ODISHA,PURUSOTTAMPUR,100
ODISHA,Puttasing,1
ODISHA,R.Udayagiri,2
ODISHA,Raghunathapali,3
ODISHA,Raibania,4
ODISHA,Raiboga,5
ODISHA,Raighar,6
ODISHA,Raikia,7
ODISHA,Rairakhol,8
ODISHA,Rairangpur,9
ODISHA,Rairangpur Town,10
ODISHA,Rajagangapur,11
ODISHA,Rajkanika,12
ODISHA,Rajnagar,13
ODISHA,Ramachandi,14
ODISHA,Ramagiri,15
ODISHA,RAMBHA,16
ODISHA,Rampur,17
ODISHA,Ranapur,18
ODISHA,Raruan,19
ODISHA,Rasagobindapur,20
ODISHA,Rasol,21
ODISHA,Raurkela (ITS)P.S.,22
ODISHA,Raurkela (M),23
ODISHA,Rayagada,24
ODISHA,Reamal,25
ODISHA,Remuna,26
ODISHA,Rengali,27
ODISHA,Rengali Damsite,28
ODISHA,Rugudi,29
ODISHA,Rupsa,30
ODISHA,Sadar,31
ODISHA,Sahadevkhunta,32
ODISHA,Saheednagar,33
ODISHA,Sainkul,34
ODISHA,Saintala,35
ODISHA,Salepur,36
ODISHA,Samal Barrage,37
ODISHA,Sambalpur (M),38
ODISHA,Sarangagarh,39
ODISHA,Sarankul,40
ODISHA,Sasan,41
ODISHA,Satyabadi,42
ODISHA,SERAGAD,43
ODISHA,Serango,44
ODISHA,Seskhal,45
ODISHA,Sharata,46
ODISHA,Similia,47
ODISHA,Similiguda,48
ODISHA,SINAPALI,49
ODISHA,Sindhekela,50
ODISHA,Singla,51
ODISHA,Sohela,52
ODISHA,Sonapur,53
ODISHA,Soro,54
ODISHA,Soso,55
ODISHA,Subalaya,56
ODISHA,Sukinda,57
ODISHA,Suliapada,58
ODISHA,Sunabeda,59
ODISHA,Sundargarh,60
ODISHA,Sundargarh Town,61
ODISHA,SURADA,62
ODISHA,Talasara,63
ODISHA,Talcher Sadar,64
ODISHA,Tamando,65
ODISHA,Tangarapali,66
ODISHA,Tangi,67
ODISHA,TARASINGI,68
ODISHA,Tarbha,69
ODISHA,Telkoi,70
ODISHA,Tentulikhunti,71
ODISHA,Thakurgarh,72
ODISHA,Thakurmunda,73
ODISHA,Thelkoloi,74
ODISHA,Thuamul Rampur,75
ODISHA,Tigiria,76
ODISHA,Tihidi,77
ODISHA,Tikabali,78
ODISHA,Tikaetpali,79
ODISHA,Tikiri,80
ODISHA,Tiring,81
ODISHA,Tirtol,82
ODISHA,Titlagarh,83
ODISHA,Tomka,84
ODISHA,Tumudibandha,85
ODISHA,Tumusingha,86
ODISHA,Turekela,87
ODISHA,Turumunga,88
ODISHA,Tushura,89
ODISHA,Udala,90
ODISHA,Ulunda,91
ODISHA,Umarkote,92
ODISHA,Uttara P.S,93
PUDUCHERRY,Bahour Taluk,94
PUDUCHERRY,Karaikal Taluk,95
PUDUCHERRY,Mahe Taluk,96
PUDUCHERRY,Ozhukarai Taluk,97
PUDUCHERRY,Puducherry Taluk,98
PUDUCHERRY,Thirunallar Taluk,99
PUDUCHERRY,Villianur Taluk,100
PUDUCHERRY,Yanam Taluk,1
PUNJAB,Abohar,2
PUNJAB,Ajnala,3
PUNJAB,Amloh,4
PUNJAB,Amritsar -I,5
PUNJAB,Amritsar- II,6
PUNJAB,Anandpur Sahib,7
PUNJAB,Baba Bakala,8
PUNJAB,Bagha Purana,9
PUNJAB,Balachaur,10
PUNJAB,Barnala,11
PUNJAB,Bassi Pathana,12
PUNJAB,Batala,13
PUNJAB,Bathinda,14
PUNJAB,Bhulath,15
PUNJAB,Budhlada,16
PUNJAB,Chamkaur Sahib,17
PUNJAB,Dasua,18
PUNJAB,Dera Baba Nanak,19
PUNJAB,Dera Bassi,20
PUNJAB,Dhar Kalan,21
PUNJAB,DHARAMKOT,22
PUNJAB,Dhuri,23
PUNJAB,Faridkot,24
PUNJAB,Fatehgarh Sahib,25
PUNJAB,Fazilka,26
PUNJAB,Firozpur,27
PUNJAB,Garhshankar,28
PUNJAB,Gidderbaha,29
PUNJAB,Gurdaspur,30
PUNJAB,GURUHARSAHAI,31
PUNJAB,Hoshiarpur,32
PUNJAB,Jagraon,33
PUNJAB,Jaitu,34
PUNJAB,Jalalabad,35
PUNJAB,Jalandhar - I,36
PUNJAB,Jalandhar - II,37
PUNJAB,Kapurthala,38
PUNJAB,Khadur Sahib,39
PUNJAB,Khamanon,40
PUNJAB,Khanna,41
PUNJAB,Kharar,42
PUNJAB,Lehra,43
PUNJAB,Ludhiana (East),44
PUNJAB,Ludhiana (West),45
PUNJAB,Malerkotla,46
PUNJAB,Malout,47
PUNJAB,Mansa,48
PUNJAB,Moga,49
PUNJAB,Moonak,50
PUNJAB,Mukerian,51
PUNJAB,Muktsar,52
PUNJAB,Nabha,53
PUNJAB,Nakodar,54
PUNJAB,Nangal,55
PUNJAB,Nawanshahr,56
PUNJAB,Nihal Singhwala,57
PUNJAB,Pathankot,58
PUNJAB,Patiala,59
PUNJAB,Patran,60
PUNJAB,Patti,61
PUNJAB,Payal,62
PUNJAB,Phagwara,63
PUNJAB,Phillaur,64
PUNJAB,Raikot,65
PUNJAB,Rajpura,66
PUNJAB,Rampura Phul,67
PUNJAB,Rup Nagar,68
PUNJAB,Samana,69
PUNJAB,Samrala,70
PUNJAB,Sangrur,71
PUNJAB,Sardulgarh,72
PUNJAB,SAS Nagar (Mohali),73
PUNJAB,Shahkot,74
PUNJAB,Sultanpur Lodhi,75
PUNJAB,Sunam,76
PUNJAB,Talwandi Sabo,77
PUNJAB,Tapa,78
PUNJAB,Tarn Taran,79
PUNJAB,Zira,80
RAJASTHAN,Abapura,81
RAJASTHAN,Abu Road,82
RAJASTHAN,Ahore,83
RAJASTHAN,Ajmer,84
RAJASTHAN,Aklera,85
RAJASTHAN,Alwar,86
RAJASTHAN,Amber,87
RAJASTHAN,Amet,88
RAJASTHAN,ANANDPURI,89
RAJASTHAN,Antah,90
RAJASTHAN,Anupgarh,91
RAJASTHAN,Arain,92
RAJASTHAN,Arnod,93
RAJASTHAN,Asind,94
RAJASTHAN,ASNAWAR,95
RAJASTHAN,Aspur,96
RAJASTHAN,Atru,97
RAJASTHAN,Badnor,98
RAJASTHAN,Bagidora,99
RAJASTHAN,Bagora,100
RAJASTHAN,Balesar,1
RAJASTHAN,Bali,2
RAJASTHAN,Bamanwas,3
RAJASTHAN,Banera,4
RAJASTHAN,Bansur,5
RAJASTHAN,Banswara,6
RAJASTHAN,Bap,7
RAJASTHAN,Baran,8
RAJASTHAN,BARGAON,9
RAJASTHAN,Bari,10
RAJASTHAN,Bari Sadri,11
RAJASTHAN,Barmer,12
RAJASTHAN,Baseri,13
RAJASTHAN,Bassi,14
RAJASTHAN,Baswa,15
RAJASTHAN,BAWARI,16
RAJASTHAN,Bayana,17
RAJASTHAN,Baytoo,18
RAJASTHAN,Beawar,19
RAJASTHAN,Begun,20
RAJASTHAN,Behror,21
RAJASTHAN,Bhadesar,22
RAJASTHAN,Bhadra,23
RAJASTHAN,Bhaniyana,24
RAJASTHAN,Bharatpur,25
RAJASTHAN,Bhilwara,26
RAJASTHAN,Bhim,27
RAJASTHAN,Bhinay,28
RAJASTHAN,Bhinmal,29
RAJASTHAN,Bhopalgarh,30
RAJASTHAN,BHOPALSAGAR,31
RAJASTHAN,Bhusawar,32
RAJASTHAN,BICHIWARA,33
RAJASTHAN,BIDASAR,34
RAJASTHAN,Bijoliya,35
RAJASTHAN,Bikaner,36
RAJASTHAN,Bilara,37
RAJASTHAN,Bonli,38
RAJASTHAN,Buhana,39
RAJASTHAN,Bundi,40
RAJASTHAN,Chaksu,41
RAJASTHAN,Chauth Ka Barwara,42
RAJASTHAN,Chhabra,43
RAJASTHAN,Chhatargarh,44
RAJASTHAN,Chhipabarod,45
RAJASTHAN,Chhoti Sadri,46
RAJASTHAN,CHHOTI SARWAN,47
RAJASTHAN,Chikhali,48
RAJASTHAN,Chirawa,49
RAJASTHAN,Chitalwana,50
RAJASTHAN,Chittaurgarh,51
RAJASTHAN,Chohtan,52
RAJASTHAN,Chomu,53
RAJASTHAN,Churu,54
RAJASTHAN,Danta Ramgarh,55
RAJASTHAN,Dausa,56
RAJASTHAN,Deeg,57
RAJASTHAN,Degana,58
RAJASTHAN,Deogarh,59
RAJASTHAN,Deoli,60
RAJASTHAN,Desuri,61
RAJASTHAN,Dhariawad,62
RAJASTHAN,Dhaulpur,63
RAJASTHAN,DHOD,64
RAJASTHAN,DHORIMANNA,65
RAJASTHAN,Didwana,66
RAJASTHAN,Digod,67
RAJASTHAN,DUDU,68
RAJASTHAN,Dungarpur,69
RAJASTHAN,Dungla,70
RAJASTHAN,Duni,71
RAJASTHAN,Fatehgarh,72
RAJASTHAN,Fatehpur,73
RAJASTHAN,Gadraroad,74
RAJASTHAN,Galiyakot,75
RAJASTHAN,Gangadtalai,76
RAJASTHAN,Ganganagar,77
RAJASTHAN,Gangapur,78
RAJASTHAN,Gangdhar,79
RAJASTHAN,Gangrar,80
RAJASTHAN,Ganoda,81
RAJASTHAN,GARHBOR,82
RAJASTHAN,Garhi,83
RAJASTHAN,Gharsana,84
RAJASTHAN,Ghatol,85
RAJASTHAN,Gida,86
RAJASTHAN,Girwa,87
RAJASTHAN,Gogunda,88
RAJASTHAN,GOVINDGARH,89
RAJASTHAN,Gudha Malani,90
RAJASTHAN,Hameergarh,91
RAJASTHAN,Hanumangarh,92
RAJASTHAN,Hindaun,93
RAJASTHAN,Hindoli,94
RAJASTHAN,Hurda,95
RAJASTHAN,Indragarh,96
RAJASTHAN,Jahazpur,97
RAJASTHAN,Jaipur,98
RAJASTHAN,Jaisalmer,99
RAJASTHAN,Jaitaran,100
RAJASTHAN,Jalor,1
RAJASTHAN,Jamwa Ramgarh,2
RAJASTHAN,Jaswantpura,3
RAJASTHAN,Jayal,4
RAJASTHAN,Jhadol,5
RAJASTHAN,Jhalrapatan,6
RAJASTHAN,Jhunjhunun,7
RAJASTHAN,Jodhpur,8
RAJASTHAN,JOTHARI,9
RAJASTHAN,Kaman,10
RAJASTHAN,Kanwas,11
RAJASTHAN,Kapasan,12
RAJASTHAN,Karanpur,13
RAJASTHAN,Karauli,14
RAJASTHAN,Kareda,15
RAJASTHAN,Kathumar,16
RAJASTHAN,Kekri,17
RAJASTHAN,Keshoraipatan,18
RAJASTHAN,Khajuwala,19
RAJASTHAN,KHAMNOR,20
RAJASTHAN,Khandar,21
RAJASTHAN,Khanpur,22
RAJASTHAN,Kheenvsar,23
RAJASTHAN,KHENDELA,24
RAJASTHAN,Kherwara,25
RAJASTHAN,Khetri,26
RAJASTHAN,Kishanganj,27
RAJASTHAN,Kishangarh,28
RAJASTHAN,Kishangarh Bas,29
RAJASTHAN,Kolayat,30
RAJASTHAN,Kotkasim,31
RAJASTHAN,KOTKHAWDA,32
RAJASTHAN,Kotputli,33
RAJASTHAN,Kotra,34
RAJASTHAN,Kotri,35
RAJASTHAN,KUCHAMAN CITY,36
RAJASTHAN,Kumbhalgarh,37
RAJASTHAN,Kumher,38
RAJASTHAN,Kushalgarh,39
RAJASTHAN,Lachhmangarh,40
RAJASTHAN,Ladnu,41
RAJASTHAN,Ladpura,42
RAJASTHAN,Lalsot,43
RAJASTHAN,Lasadiya,44
RAJASTHAN,Lawan,45
RAJASTHAN,LOHAWAT,46
RAJASTHAN,Luni,47
RAJASTHAN,Lunkaransar,48
RAJASTHAN,Mahwa,49
RAJASTHAN,Makrana,50
RAJASTHAN,MALAKHERA,51
RAJASTHAN,Malarna Doongar,52
RAJASTHAN,Malpura,53
RAJASTHAN,MALSISAR,54
RAJASTHAN,Mandal,55
RAJASTHAN,Mandalgarh,56
RAJASTHAN,Mandawar,57
RAJASTHAN,Mandrayal,58
RAJASTHAN,Mangrol,59
RAJASTHAN,Manohar Thana,60
RAJASTHAN,Marwar Junction,61
RAJASTHAN,Masalpur,62
RAJASTHAN,Masuda,63
RAJASTHAN,Mauzamabad,64
RAJASTHAN,Mavli,65
RAJASTHAN,Merta,66
RAJASTHAN,MUNDWA,67
RAJASTHAN,Nadbai,68
RAJASTHAN,Nadoti,69
RAJASTHAN,Nagar,70
RAJASTHAN,Nagaur,71
RAJASTHAN,Nainwa,72
RAJASTHAN,Nangal Rajawatan,73
RAJASTHAN,Nasirabad,74
RAJASTHAN,Nathdwara,75
RAJASTHAN,Nawa,76
RAJASTHAN,Nawalgarh,77
RAJASTHAN,Neem-Ka-Thana,78
RAJASTHAN,NEEMRANA,79
RAJASTHAN,Nimbahera,80
RAJASTHAN,Niwai,81
RAJASTHAN,Nohar,82
RAJASTHAN,Nokha,83
RAJASTHAN,Osian,84
RAJASTHAN,Pachpadra,85
RAJASTHAN,Pachpahar,86
RAJASTHAN,Padampur,87
RAJASTHAN,Pahari,88
RAJASTHAN,Pali,89
RAJASTHAN,Parbatsar,90
RAJASTHAN,Peepalkhoont,91
RAJASTHAN,Peeplu,92
RAJASTHAN,Peesangan,93
RAJASTHAN,Phagi,94
RAJASTHAN,Phalodi,95
RAJASTHAN,Phooliya Kalan,96
RAJASTHAN,Phulera (Hq.Sambhar),97
RAJASTHAN,Pilibanga,98
RAJASTHAN,Pindwara,99
RAJASTHAN,Pipalda,100
RAJASTHAN,Pipar shahar,1
RAJASTHAN,Pirawa,2
RAJASTHAN,Pokaran,3
RAJASTHAN,Poogal,4
RAJASTHAN,Pratapgarh,5
RAJASTHAN,Pushkar,6
RAJASTHAN,Railmagra,7
RAJASTHAN,Raipur,8
RAJASTHAN,Raisinghnagar,9
RAJASTHAN,Rajakhera,10
RAJASTHAN,Rajgarh,11
RAJASTHAN,Rajsamand,12
RAJASTHAN,Ramganj Mandi,13
RAJASTHAN,Ramgarh,14
RAJASTHAN,Ramgarh Pachwara,15
RAJASTHAN,RAMGARH SHEKAWATI,16
RAJASTHAN,Ramsar,17
RAJASTHAN,Rani,18
RAJASTHAN,Raniwara,19
RAJASTHAN,Rashmi,20
RAJASTHAN,Ratangarh,21
RAJASTHAN,Rawatbhata,22
RAJASTHAN,Rawatsar,23
RAJASTHAN,RENI,24
RAJASTHAN,RENWAL,25
RAJASTHAN,Reodar,26
RAJASTHAN,Rishabhdeo,27
RAJASTHAN,RIYAN BADI,28
RAJASTHAN,Rohat,29
RAJASTHAN,Roopangarh,30
RAJASTHAN,Rupbas,31
RAJASTHAN,Sabla,32
RAJASTHAN,Sadulshahar,33
RAJASTHAN,Sagwara,34
RAJASTHAN,Sahara,35
RAJASTHAN,SAJJANGARH,36
RAJASTHAN,Salumbar,37
RAJASTHAN,Samdari,38
RAJASTHAN,Sanchore,39
RAJASTHAN,Sanganer,40
RAJASTHAN,Sangaria,41
RAJASTHAN,Sangod,42
RAJASTHAN,Sapotra,43
RAJASTHAN,Sarada,44
RAJASTHAN,Sardarshahar,45
RAJASTHAN,SARMATHURA,46
RAJASTHAN,Sarwar,47
RAJASTHAN,Sawai Madhopur,48
RAJASTHAN,Sawar,49
RAJASTHAN,Sayla,50
RAJASTHAN,SEDWA,51
RAJASTHAN,Semari,52
RAJASTHAN,Sepau,53
RAJASTHAN,Shahbad,54
RAJASTHAN,Shahpura,55
RAJASTHAN,Sheo,56
RAJASTHAN,Sheoganj,57
RAJASTHAN,Shergarh,58
RAJASTHAN,Sikar,59
RAJASTHAN,Sikrai,60
RAJASTHAN,Simalwara,61
RAJASTHAN,Sindhari,62
RAJASTHAN,Sirohi,63
RAJASTHAN,Siwana,64
RAJASTHAN,Sojat,65
RAJASTHAN,Sri Madhopur,66
RAJASTHAN,Sridungargarh,67
RAJASTHAN,Sujangarh,68
RAJASTHAN,Sumerpur,69
RAJASTHAN,SURAJGARH,70
RAJASTHAN,Suratgarh,71
RAJASTHAN,TALERA,72
RAJASTHAN,Tantoli,73
RAJASTHAN,Taranagar,74
RAJASTHAN,Tatgarh,75
RAJASTHAN,Thanagazi,76
RAJASTHAN,Tibi,77
RAJASTHAN,Tijara,78
RAJASTHAN,TINWARI,79
RAJASTHAN,Todabhim,80
RAJASTHAN,Todaraisingh,81
RAJASTHAN,Tonk,82
RAJASTHAN,Udaipurwati,83
RAJASTHAN,Uniara,84
RAJASTHAN,Vallabhnagar,85
RAJASTHAN,Vijainagar,86
RAJASTHAN,Vijaynagar,87
RAJASTHAN,Viratnagar,88
RAJASTHAN,WAZEERPUR,89
RAJASTHAN,Weir,90
SIKKIM,Chungthang,91
SIKKIM,Gangtok,92
SIKKIM,Gyalshing,93
SIKKIM,Mangan,94
SIKKIM,Namchi,95
SIKKIM,Pakyong,96
SIKKIM,Ravong,97
SIKKIM,Rongli,98
SIKKIM,Soreng,99
TAMIL NADU,Agastheeswaram,100
TAMIL NADU,Alandur,1
TAMIL NADU,Alangudi,2
TAMIL NADU,Alangulam,3
TAMIL NADU,Alathur,4
TAMIL NADU,Ambasamudram,5
TAMIL NADU,Ambattur,6
TAMIL NADU,Ambur,7
TAMIL NADU,Aminjikarai,8
TAMIL NADU,Anaicut,9
TAMIL NADU,Anaimalai,10
TAMIL NADU,Andimadam,11
TAMIL NADU,Andipatti,12
TAMIL NADU,annur,13
TAMIL NADU,Anthiyur,14
TAMIL NADU,Arakonam,15
TAMIL NADU,Arani,16
TAMIL NADU,Aranthangi,17
TAMIL NADU,Aravakurichi,18
TAMIL NADU,Arcot,19
TAMIL NADU,Ariyalur,20
TAMIL NADU,Aruppukkottai,21
TAMIL NADU,Athoor,22
TAMIL NADU,Attur,23
TAMIL NADU,Avadi,24
TAMIL NADU,Avanashi,25
TAMIL NADU,Avudayarkoil,26
TAMIL NADU,Ayanavaram,27
TAMIL NADU,Bargur,28
TAMIL NADU,Bhavani,29
TAMIL NADU,Bhuvanagiri,30
TAMIL NADU,Bodinayakanur,31
TAMIL NADU,Chengalpattu,32
TAMIL NADU,Chengam,33
TAMIL NADU,Chennai,34
TAMIL NADU,Cheranmahadevi,35
TAMIL NADU,Chetpet,36
TAMIL NADU,Cheyyar,37
TAMIL NADU,Cheyyur,38
TAMIL NADU,Chidambaram,39
TAMIL NADU,Chinnasalem,40
TAMIL NADU,Coimbatore North,41
TAMIL NADU,Coimbatore South,42
TAMIL NADU,Coonoor,43
TAMIL NADU,Cuddalore,44
TAMIL NADU,Denkanikottai,45
TAMIL NADU,Devakottai,46
TAMIL NADU,Dharapuram,47
TAMIL NADU,Dharmapuri,48
TAMIL NADU,DINDIGUL EAST,49
TAMIL NADU,DindigulWest,50
TAMIL NADU,Edappadi,51
TAMIL NADU,Erode,52
TAMIL NADU,Ettayapuram,53
TAMIL NADU,Gandarvakkottai,54
TAMIL NADU,Gangavalli,55
TAMIL NADU,Gingee,56
TAMIL NADU,Gobichettipalayam,57
TAMIL NADU,Gudalur,58
TAMIL NADU,Gudiyatham,59
TAMIL NADU,Guindy,60
TAMIL NADU,Gummidipoondi,61
TAMIL NADU,Harur,62
TAMIL NADU,Hosur,63
TAMIL NADU,Ilayangudi,64
TAMIL NADU,Iluppur,65
TAMIL NADU,Jamunamarathoor,66
TAMIL NADU,Kadaladi,67
TAMIL NADU,Kadavur,68
TAMIL NADU,Kadayampatti,69
TAMIL NADU,Kadayanallur,70
TAMIL NADU,Kalaiyarkoil,71
TAMIL NADU,Kalasapakkam,72
TAMIL NADU,Kalkulam,73
TAMIL NADU,Kallakkurichi,74
TAMIL NADU,Kalligudi,75
TAMIL NADU,Kamuthi,76
TAMIL NADU,Kancheepuram,77
TAMIL NADU,Kandachipuram,78
TAMIL NADU,Kangeyam,79
TAMIL NADU,Karaikkudi,80
TAMIL NADU,Karambakudi,81
TAMIL NADU,Kariapatti,82
TAMIL NADU,KARIMANGALAM,83
TAMIL NADU,Karur,84
TAMIL NADU,Katpadi,85
TAMIL NADU,Kattumannarkoil,86
TAMIL NADU,Kayathar,87
TAMIL NADU,KILAKARAI,88
TAMIL NADU,Kilpennathur,89
TAMIL NADU,Kilvelur,90
TAMIL NADU,KINATHUKADAVU,91
TAMIL NADU,Kodaikanal,92
TAMIL NADU,Kodumudi,93
TAMIL NADU,KOLLI HILLS,94
TAMIL NADU,Koothanallur,95
TAMIL NADU,Kotagiri,96
TAMIL NADU,Kovilpatti,97
TAMIL NADU,Krishnagiri,98
TAMIL NADU,Krishnarayapuram,99
TAMIL NADU,Kudavasal,100
TAMIL NADU,Kulathur,1
TAMIL NADU,Kulithalai,2
TAMIL NADU,KUMARAPALAYAM,3
TAMIL NADU,Kumbakonam,4
TAMIL NADU,Kundah,5
TAMIL NADU,Kunnam,6
TAMIL NADU,Kurinjipadi,7
TAMIL NADU,Kuthalam,8
TAMIL NADU,Lalgudi,9
TAMIL NADU,Madathukulam,10
TAMIL NADU,Madukkari,11
TAMIL NADU,MADURAI EAST,12
TAMIL NADU,Madurai North,13
TAMIL NADU,Madurai South,14
TAMIL NADU,MADURAI WEST,15
TAMIL NADU,Maduranthakam,16
TAMIL NADU,Maduravoyal,17
TAMIL NADU,Mambalam,18
TAMIL NADU,Manachanallur,19
TAMIL NADU,Manamadurai,20
TAMIL NADU,Manamelkudi,21
TAMIL NADU,Manapparai,22
TAMIL NADU,Manmangalam,23
TAMIL NADU,Mannargudi,24
TAMIL NADU,Manur,25
TAMIL NADU,MARAKANAM,26
TAMIL NADU,MARUNGAPURI,27
TAMIL NADU,Mathavaram,28
TAMIL NADU,Mayiladuthurai,29
TAMIL NADU,Melmalaiyanur,30
TAMIL NADU,Melur,31
TAMIL NADU,Mettupalayam,32
TAMIL NADU,Mettur,33
TAMIL NADU,Modakkurichi,34
TAMIL NADU,MOHANUR,35
TAMIL NADU,Mudukulathur,36
TAMIL NADU,Musiri,37
TAMIL NADU,Mylapore,38
TAMIL NADU,Nagapattinam,39
TAMIL NADU,Nallampalli,40
TAMIL NADU,Namakkal,41
TAMIL NADU,Nambiyur,42
TAMIL NADU,Nanguneri,43
TAMIL NADU,Nannilam,44
TAMIL NADU,Natham,45
TAMIL NADU,Natrampalli,46
TAMIL NADU,Needamangalam,47
TAMIL NADU,Nemili,48
TAMIL NADU,Nilakkottai,49
TAMIL NADU,Oddanchatram,50
TAMIL NADU,Omalur,51
TAMIL NADU,Orathanadu,52
TAMIL NADU,Ottapidaram,53
TAMIL NADU,Palakkodu,54
TAMIL NADU,Palani,55
TAMIL NADU,Palayamkottai,56
TAMIL NADU,Palladam,57
TAMIL NADU,Pallavaram,58
TAMIL NADU,Pallipattu,59
TAMIL NADU,Panruti,60
TAMIL NADU,Panthalur,61
TAMIL NADU,Papanasam,62
TAMIL NADU,Pappireddipatti,63
TAMIL NADU,Paramakudi,64
TAMIL NADU,Paramathi-Velur,65
TAMIL NADU,Pattukkottai,66
TAMIL NADU,Pennagaram,67
TAMIL NADU,Peraiyur,68
TAMIL NADU,Perambalur,69
TAMIL NADU,Perambur,70
TAMIL NADU,Peravurani,71
TAMIL NADU,Periyakulam,72
TAMIL NADU,Pernambut,73
TAMIL NADU,Perundurai,74
TAMIL NADU,Pethanaickanpalayam,75
TAMIL NADU,Pochampalli,76
TAMIL NADU,Pollachi,77
TAMIL NADU,Polur,78
TAMIL NADU,Ponnamaravathi,79
TAMIL NADU,Ponneri,80
TAMIL NADU,Poonamallee,81
TAMIL NADU,Pudukkottai,82
TAMIL NADU,Purasawalkam,83
TAMIL NADU,Radhapuram,84
TAMIL NADU,Rajapalayam,85
TAMIL NADU,Ramanathapuram,86
TAMIL NADU,Rameswaram,87
TAMIL NADU,Rasipuram,88
TAMIL NADU,Salem,89
TAMIL NADU,Salem South,90
TAMIL NADU,Salem West,91
TAMIL NADU,Sankarankoil,92
TAMIL NADU,Sankarapuram,93
TAMIL NADU,Sankari,94
TAMIL NADU,Sathankulam,95
TAMIL NADU,Sathyamangalam,96
TAMIL NADU,Sattur,97
TAMIL NADU,SENDAMANGALAM,98
TAMIL NADU,Sendurai,99
TAMIL NADU,Shenkottai,100
TAMIL NADU,Sholinganallur,1
TAMIL NADU,Shoolagiri,2
TAMIL NADU,Singampunari,3
TAMIL NADU,Sirkali,4
TAMIL NADU,Sivaganga,5
TAMIL NADU,Sivagiri,6
TAMIL NADU,Sivakasi,7
TAMIL NADU,Srimushnam,8
TAMIL NADU,Sriperumbudur,9
TAMIL NADU,Srirangam,10
TAMIL NADU,Srivaikuntam,11
TAMIL NADU,Srivilliputhur,12
TAMIL NADU,Sulur,13
TAMIL NADU,Tambaram,14
TAMIL NADU,Tenkasi,15
TAMIL NADU,Thalavadi,16
TAMIL NADU,THANDRAMPET,17
TAMIL NADU,Thanjavur,18
TAMIL NADU,Tharangambadi,19
TAMIL NADU,Theni,20
TAMIL NADU,Thirukkuvalai,21
TAMIL NADU,Thirumangalam,22
TAMIL NADU,Thirumayam,23
TAMIL NADU,THIRUPPARANKUNDRAM,24
TAMIL NADU,Thiruppathur,25
TAMIL NADU,Thiruppuvanam,26
TAMIL NADU,Thiruthuraipoondi,27
TAMIL NADU,Thiruvaiyaru,28
TAMIL NADU,Thiruvallur,29
TAMIL NADU,Thiruvarur,30
TAMIL NADU,Thiruverumbur,31
TAMIL NADU,Thiruvidaimarudur,32
TAMIL NADU,Thoothukkudi,33
TAMIL NADU,Thottiyam,34
TAMIL NADU,Thovala,35
TAMIL NADU,Thuraiyur,36
TAMIL NADU,Tindivanam,37
TAMIL NADU,Tiruchendur,38
TAMIL NADU,Tiruchengode,39
TAMIL NADU,Tiruchirappalli East,40
TAMIL NADU,Tiruchirappalli West,41
TAMIL NADU,Tiruchuli,42
TAMIL NADU,Tirukalukundram,43
TAMIL NADU,Tirukkoyilur,44
TAMIL NADU,Tirunelveli,45
TAMIL NADU,Tirupathur,46
TAMIL NADU,Tiruporur,47
TAMIL NADU,TIRUPPAR SOUTH,48
TAMIL NADU,TiruppurNorth,49
TAMIL NADU,Tiruttani,50
TAMIL NADU,Tiruvadanai,51
TAMIL NADU,Tiruvannamalai,52
TAMIL NADU,Tiruvengadam,53
TAMIL NADU,Tiruvottiyur,54
TAMIL NADU,Tittakudi,55
TAMIL NADU,Tondiarpet,56
TAMIL NADU,Udayarpalayam,57
TAMIL NADU,Udhagamandalam,58
TAMIL NADU,Udumalaipettai,59
TAMIL NADU,Ulundurpettai,60
TAMIL NADU,Usilampatti,61
TAMIL NADU,Uthamapalayam,62
TAMIL NADU,Uthangarai,63
TAMIL NADU,Uthiramerur,64
TAMIL NADU,Uthukkottai,65
TAMIL NADU,Uthukuli,66
TAMIL NADU,Vadipatti,67
TAMIL NADU,Valangaiman,68
TAMIL NADU,Valparai,69
TAMIL NADU,Vandavasi,70
TAMIL NADU,Vaniyambadi,71
TAMIL NADU,Vanur,72
TAMIL NADU,Vazhapadi,73
TAMIL NADU,Vedaranyam,74
TAMIL NADU,Vedasandur,75
TAMIL NADU,Veerakeralamputhur,76
TAMIL NADU,Velachery,77
TAMIL NADU,Vellore,78
TAMIL NADU,Vembakkam,79
TAMIL NADU,VEMBAKOTTAI,80
TAMIL NADU,Veppanthattai,81
TAMIL NADU,veppur,82
TAMIL NADU,Vikravandi,83
TAMIL NADU,Vilathikulam,84
TAMIL NADU,Vilavancode,85
TAMIL NADU,Viluppuram,86
TAMIL NADU,Viralimalai,87
TAMIL NADU,Virudhachalam,88
TAMIL NADU,Virudhunagar,89
TAMIL NADU,Walajabad,90
TAMIL NADU,Wallajah,91
TAMIL NADU,Yercaud,92
TELANGANA,Abdullapurmet,93
TELANGANA,Achampet,94
TELANGANA,Adavidevulapalli,95
TELANGANA,Adda Guduru,96
TELANGANA,Addakal,97
TELANGANA,ADILABAD URBAN,98
TELANGANA,AIDILABAD RURAL,99
TELANGANA,Akkannapet,100
TELANGANA,Alair,1
TELANGANA,Alampur,2
TELANGANA,Alladurg,3
TELANGANA,Allapalli,4
TELANGANA,Alwal,5
TELANGANA,Amangal,6
TELANGANA,Amarchintha,7
TELANGANA,Amberpet,8
TELANGANA,Ameenpur,9
TELANGANA,Ameerpet,10
TELANGANA,Amrabad,11
TELANGANA,Ananthagiri,12
TELANGANA,Andole,13
TELANGANA,Annapureddypalli,14
TELANGANA,ANTHERGAON,15
TELANGANA,Anumula,16
TELANGANA,Armoor,17
TELANGANA,Asif Nagar,18
TELANGANA,Asifabad,19
TELANGANA,Aswapuram,20
TELANGANA,Aswaraopeta,21
TELANGANA,Athmakur,22
TELANGANA,Atmakur,23
TELANGANA,Atmakur (M),24
TELANGANA,Atmakur (S),25
TELANGANA,B Pochampally,26
TELANGANA,Bachannapet,27
TELANGANA,Bachupally,28
TELANGANA,Bahadurpura,29
TELANGANA,Balanagar,30
TELANGANA,Balapur,31
TELANGANA,Balkonda,32
TELANGANA,Balmoor,33
TELANGANA,Bandlaguda,34
TELANGANA,Banswada,35
TELANGANA,Bantwaram,36
TELANGANA,Basar,37
TELANGANA,Basheerabad,38
TELANGANA,Bayyaram,39
TELANGANA,BAZARHATNOOR,40
TELANGANA,Beerpur,41
TELANGANA,Bejjanki,42
TELANGANA,Bejjur,43
TELANGANA,Bela,44
TELANGANA,Bellampally,45
TELANGANA,Bhainsa,46
TELANGANA,Bheemadevarpalli,47
TELANGANA,Bheemaram,48
TELANGANA,Bheemgal,49
TELANGANA,Bheemini,50
TELANGANA,BHEEMPUR,51
TELANGANA,Bhiknoor,52
TELANGANA,Bhongir,53
TELANGANA,Bhoothpur,54
TELANGANA,Bhupalpally,55
TELANGANA,Bibinagar,56
TELANGANA,Bibipet,57
TELANGANA,Bichkunda,58
TELANGANA,Bijinapally,59
TELANGANA,Birkur,60
TELANGANA,Boath,61
TELANGANA,Bodhan,62
TELANGANA,Boinpalli,63
TELANGANA,Bomaraspeta,64
TELANGANA,Bommalaramaram,65
TELANGANA,Bonakal,66
TELANGANA,Buggaram,67
TELANGANA,Burgampahad,68
TELANGANA,ChandamPeta,69
TELANGANA,Chandrugonda,70
TELANGANA,Chandur,71
TELANGANA,Chandurthi,72
TELANGANA,Charakonda,73
TELANGANA,Charminar,74
TELANGANA,Chegunta,75
TELANGANA,Chennaraopet,76
TELANGANA,Chennur,77
TELANGANA,Cherial,78
TELANGANA,Cherla,79
TELANGANA,Chevella,80
TELANGANA,Chigurumamidi,81
TELANGANA,Chilkur,82
TELANGANA,Chilpched,83
TELANGANA,Chilpur,84
TELANGANA,Chinnachintakunta,85
TELANGANA,Chinnagudur,86
TELANGANA,Chinnakodur,87
TELANGANA,Chinnambavi,88
TELANGANA,Chintalamanepally,89
TELANGANA,Chinthakani,90
TELANGANA,Chinthalapalem,91
TELANGANA,ChinthaPally,92
TELANGANA,Chityal,93
TELANGANA,Chivemla,94
TELANGANA,Choppadandi,95
TELANGANA,Choutuppal,96
TELANGANA,Chunchupalli,97
TELANGANA,Dahegoan,98
TELANGANA,Damargidda,99
TELANGANA,Damera,100
TELANGANA,Dameracherla,1
TELANGANA,Dammapeta,2
TELANGANA,Dandepally,3
TELANGANA,Danthalapalle,4
TELANGANA,Dasturabad,5
TELANGANA,Devarakadra,6
TELANGANA,Devarakonda,7
TELANGANA,Devaruppula,8
TELANGANA,Dhanwada,9
TELANGANA,Dharmapuri,10
TELANGANA,Dharmaram,11
TELANGANA,Dharmasagar,12
TELANGANA,Dharoor,13
TELANGANA,Dharpally,14
TELANGANA,Dharur,15
TELANGANA,Dichpally,16
TELANGANA,Dilawarpur,17
TELANGANA,Doma,18
TELANGANA,Domakonda,19
TELANGANA,Dornakal,20
TELANGANA,Doulathabad,21
TELANGANA,Doultabad,22
TELANGANA,Dubbak,23
TELANGANA,Duggondi,24
TELANGANA,Dummugudem,25
TELANGANA,Eligaid,26
TELANGANA,Elkathurthy,27
TELANGANA,Ellandakunta,28
TELANGANA,Enkoor,29
TELANGANA,Eturunagaram,30
TELANGANA,Farooqnagar,31
TELANGANA,GADIGUDA,32
TELANGANA,Gadwal,33
TELANGANA,Gajwel,34
TELANGANA,Gambhiraopet,35
TELANGANA,Gandeed,36
TELANGANA,Gandhari,37
TELANGANA,Gandimaisamma Dundigal,38
TELANGANA,Gandipet,39
TELANGANA,Gangadhara,40
TELANGANA,Gangaram,41
TELANGANA,Ganneruvaram,42
TELANGANA,GaridePally,43
TELANGANA,Garla,44
TELANGANA,Geesugonda,45
TELANGANA,Ghanpur,46
TELANGANA,Ghanpur (Mulug),47
TELANGANA,Ghanpur (Station),48
TELANGANA,Ghatkesar,49
TELANGANA,Ghattu,50
TELANGANA,Golconda,51
TELANGANA,Gollapalli,52
TELANGANA,Gopalpeta,53
TELANGANA,Govindaraopet,54
TELANGANA,GUDIHATNOOR,55
TELANGANA,Gudur,56
TELANGANA,Gummadidala,57
TELANGANA,Gundala,58
TELANGANA,GundlaPally,59
TELANGANA,Gurrampode,60
TELANGANA,Hajipur,61
TELANGANA,Hanumakonda,62
TELANGANA,Hanwada,63
TELANGANA,Hasanparthy,64
TELANGANA,Hathnoora,65
TELANGANA,Havelighanapur,66
TELANGANA,Hayathnagar,67
TELANGANA,Himayatnagar,68
TELANGANA,Husnabad,69
TELANGANA,Huzurabad,70
TELANGANA,Huzurnagar,71
TELANGANA,Ibrahimpatnam,72
TELANGANA,Ichoda,73
TELANGANA,Ieeja,74
TELANGANA,Illanthakunta,75
TELANGANA,Inavole,76
TELANGANA,Indalwai,77
TELANGANA,Inderavelly,78
TELANGANA,Itikyala,79
TELANGANA,Jadcherla,80
TELANGANA,Jagdevpur,81
TELANGANA,Jagitial,82
TELANGANA,Jagitial Rural,83
TELANGANA,JAINATH,84
TELANGANA,Jainoor,85
TELANGANA,Jaipur,86
TELANGANA,JajiReddyGudem,87
TELANGANA,Jakranpally,88
TELANGANA,Jammikunta,89
TELANGANA,Jangoan,90
TELANGANA,Jannaram,91
TELANGANA,Jharasangam,92
TELANGANA,JILLED CHOWDERGUDEM,93
TELANGANA,Jinnaram,94
TELANGANA,Jukkal,95
TELANGANA,Julapalli,96
TELANGANA,Julurpadu,97
TELANGANA,Kaddam Peddur,98
TELANGANA,Kadthal,99
TELANGANA,Kagaznagar,100
TELANGANA,Kalher,1
TELANGANA,Kalluru,2
TELANGANA,Kaloor Thimmandoddi,3
TELANGANA,Kalwakurthy,4
TELANGANA,Kamalapur,5
TELANGANA,Kamanpur,6
TELANGANA,Kamareddy,7
TELANGANA,Kamepalli,8
TELANGANA,Kammarpally,9
TELANGANA,Kanagal,10
TELANGANA,Kandi,11
TELANGANA,Kandukur,12
TELANGANA,Kangti,13
TELANGANA,Kannaigudem,14
TELANGANA,Kannepally,15
TELANGANA,Kapra,16
TELANGANA,Karakagudem,17
TELANGANA,Karimnagar Rural,18
TELANGANA,Kasipet,19
TELANGANA,Kataram,20
TELANGANA,Kathlapur,21
TELANGANA,Kattangur,22
TELANGANA,Keesara,23
TELANGANA,Kerameri,24
TELANGANA,Kesamudram,25
TELANGANA,Keshampet,26
TELANGANA,KethePally,27
TELANGANA,Khairatabad,28
TELANGANA,Khammam (Rural),29
TELANGANA,Khammam Urban,30
TELANGANA,Khanapur,31
TELANGANA,Khazipet,32
TELANGANA,Khila Warangal,33
TELANGANA,Kodad,34
TELANGANA,Kodair,35
TELANGANA,Kodakandla,36
TELANGANA,Kodangal,37
TELANGANA,Kodimial,38
TELANGANA,Koheda,39
TELANGANA,Kohir,40
TELANGANA,Koilkonda,41
TELANGANA,Kollapur,42
TELANGANA,Komuravelli,43
TELANGANA,Konaraopet,44
TELANGANA,Kondamallepally,45
TELANGANA,Kondapak,46
TELANGANA,Kondapur,47
TELANGANA,Kondurg,48
TELANGANA,Konijerla,49
TELANGANA,Korutla,50
TELANGANA,Kosgi,51
TELANGANA,Kotagiri,52
TELANGANA,Kotapally,53
TELANGANA,Kotepally,54
TELANGANA,Kothaguda,55
TELANGANA,Kothagudem,56
TELANGANA,Kothakota,57
TELANGANA,Kothapally,58
TELANGANA,Kothur,59
TELANGANA,Koutala,60
TELANGANA,Kowdipally,61
TELANGANA,Krishna,62
TELANGANA,Kubeer,63
TELANGANA,Kukatpally,64
TELANGANA,Kulcharam,65
TELANGANA,Kulkacharla,66
TELANGANA,Kuntala,67
TELANGANA,Kuravi,68
TELANGANA,Kusumanchi,69
TELANGANA,Laxmanchanda,70
TELANGANA,Laxmidevipalli,71
TELANGANA,Lingal,72
TELANGANA,LingalaGhanpur,73
TELANGANA,Lingampet,74
TELANGANA,Lingapur,75
TELANGANA,Lokeswaram,76
TELANGANA,Luxettipet,77
TELANGANA,Machareddy,78
TELANGANA,Madanapur,79
TELANGANA,Maddirala,80
TELANGANA,Maddur,81
TELANGANA,Madgul,82
TELANGANA,Madhira,83
TELANGANA,Madnoor,84
TELANGANA,Madugulapally,85
TELANGANA,Maganoor,86
TELANGANA,Mahabubabad,87
TELANGANA,Mahabubnagar Rural,88
TELANGANA,Mahabubnagar Urban,89
TELANGANA,Mahadevpur,90
TELANGANA,Maheshwaram,91
TELANGANA,Makloor,92
TELANGANA,Makthal,93
TELANGANA,Maldakal,94
TELANGANA,Malharrao,95
TELANGANA,Malkajgiri,96
TELANGANA,Mallapur,97
TELANGANA,Mallial,98
TELANGANA,Mamada,99
TELANGANA,Manakondur,100
TELANGANA,Manchal,1
TELANGANA,Mancherial,2
TELANGANA,Mandamarri,3
TELANGANA,Mangapet,4
TELANGANA,Manoharabad,5
TELANGANA,Manoor,6
TELANGANA,Manopad,7
TELANGANA,Manthani,8
TELANGANA,Manuguru,9
TELANGANA,Marikal,10
TELANGANA,Maripeda,11
TELANGANA,Markook,12
TELANGANA,Marpalle,13
TELANGANA,Marredpally,14
TELANGANA,Marriguda,15
TELANGANA,MattamPally,16
TELANGANA,MAVALA,17
TELANGANA,Medak,18
TELANGANA,Medchal,19
TELANGANA,Medipalli,20
TELANGANA,Medipally,21
TELANGANA,MellaChervu,22
TELANGANA,Mendora,23
TELANGANA,Metpalli,24
TELANGANA,Midjil,25
TELANGANA,Mirdoddi,26
TELANGANA,Miryalaguda,27
TELANGANA,Mogudampally,28
TELANGANA,Mogullapally,29
TELANGANA,Moinabad,30
TELANGANA,Mominpet,31
TELANGANA,Moosapet,32
TELANGANA,Morthad,33
TELANGANA,Mosara,34
TELANGANA,Motakonduru,35
TELANGANA,Mothey,36
TELANGANA,Mothkur,37
TELANGANA,Mudhole,38
TELANGANA,Mudigonda,39
TELANGANA,Muduchinthalapally,40
TELANGANA,Mugpal,41
TELANGANA,Mulkalapally,42
TELANGANA,Mulug,43
TELANGANA,Munagala,44
TELANGANA,Munipally,45
TELANGANA,Munugode,46
TELANGANA,Mupkal,47
TELANGANA,Musheerabad,48
TELANGANA,Mustabad,49
TELANGANA,Mutharam (Manthani),50
TELANGANA,MUTHARAM MAHADEVPUR,51
TELANGANA,Nadigudem,52
TELANGANA,NADIKUDA,53
TELANGANA,Nagalgidda,54
TELANGANA,Nagaram,55
TELANGANA,Nagarkurnool,56
TELANGANA,Nagireddypet,57
TELANGANA,Nakrekal,58
TELANGANA,Nalgonda,59
TELANGANA,Nallabelli,60
TELANGANA,Nampally,61
TELANGANA,Nandigama,62
TELANGANA,Nandipet,63
TELANGANA,Nangnoor,64
TELANGANA,Narayanaraopet,65
TELANGANA,Narayankhed,66
TELANGANA,Narayanpet,67
TELANGANA,Narayanpur,68
TELANGANA,Narketpally,69
TELANGANA,Narmetta,70
TELANGANA,Narnoor,71
TELANGANA,Narsampet,72
TELANGANA,Narsapur,73
TELANGANA,Narsapur G,74
TELANGANA,Narsimhulapet,75
TELANGANA,Narsingi,76
TELANGANA,Narwa,77
TELANGANA,Naspur,78
TELANGANA,Nasurullabad,79
TELANGANA,Navipet,80
TELANGANA,Nawabpet,81
TELANGANA,Nekkonda,82
TELANGANA,Nelakondapalli,83
TELANGANA,Nellikudur,84
TELANGANA,Nennel,85
TELANGANA,Neradigonda,86
TELANGANA,Nereducherla,87
TELANGANA,Neredugommu,88
TELANGANA,Nidmanoor,89
TELANGANA,Nirmal Rural,90
TELANGANA,Nirmal U,91
TELANGANA,Nizamabad North,92
TELANGANA,Nizamabad Rural,93
TELANGANA,NIZAMABAD SOUTH,94
TELANGANA,Nizampet,95
TELANGANA,Nizamsagar,96
TELANGANA,Nuthanakal,97
TELANGANA,Nyalkal,98
TELANGANA,Odela,99
TELANGANA,Padara,100
TELANGANA,Palakeedu,1
TELANGANA,Palakurthy,2
TELANGANA,PALAKURTHY,3
TELANGANA,Palimela,4
TELANGANA,Palvoncha,5
TELANGANA,Pangal,6
TELANGANA,Papannapet,7
TELANGANA,Pargi,8
TELANGANA,Parkal,9
TELANGANA,Parvathagiri,10
TELANGANA,Patancheru,11
TELANGANA,Pebbair,12
TELANGANA,Pedda Adesherlapally,13
TELANGANA,Pedda Kodapgal,14
TELANGANA,Peddakothapally,15
TELANGANA,Peddamandadi,16
TELANGANA,Peddapalli,17
TELANGANA,Peddavangara,18
TELANGANA,Peddavoora,19
TELANGANA,Peddemul,20
TELANGANA,Pegadapalli,21
TELANGANA,Pembi,22
TELANGANA,Penchicalpet,23
TELANGANA,Penpahad,24
TELANGANA,Pentlavelli,25
TELANGANA,Penuballi,26
TELANGANA,Pinapaka,27
TELANGANA,Pitlam,28
TELANGANA,Pudur,29
TELANGANA,Pulkal,30
TELANGANA,Qutballapur,31
TELANGANA,Raghunadhapalem,32
TELANGANA,Ragunathpally,33
TELANGANA,Raikal,34
TELANGANA,Raikode,35
TELANGANA,Raipole,36
TELANGANA,Rajampet,37
TELANGANA,Rajapeta,38
TELANGANA,Rajapur,39
TELANGANA,Rajendranagar,40
TELANGANA,Rajoli,41
TELANGANA,Ramadugu,42
TELANGANA,RAMAGIRI,43
TELANGANA,Ramagundam,44
TELANGANA,Ramannapet,45
TELANGANA,Ramareddy,46
TELANGANA,Ramayampet,47
TELANGANA,Ramchandrapuram,48
TELANGANA,Rayaparthy,49
TELANGANA,Rebbena,50
TELANGANA,Regode,51
TELANGANA,Regonda,52
TELANGANA,Renjal,53
TELANGANA,Revally,54
TELANGANA,RUDRANGI,55
TELANGANA,Rudrur,56
TELANGANA,Sadashivanagar,57
TELANGANA,Sadasivpet,58
TELANGANA,Saidabad,59
TELANGANA,Sangareddy,60
TELANGANA,Sangem,61
TELANGANA,Sarangapur,62
TELANGANA,Saroornagar,63
TELANGANA,Sathupalli,64
TELANGANA,Secunderabad,65
TELANGANA,Serilingampally,66
TELANGANA,Shabad,67
TELANGANA,Shaikpet,68
TELANGANA,ShaliGouraram,69
TELANGANA,Shamirpet,70
TELANGANA,Shamshabad,71
TELANGANA,Shankarampet (A),72
TELANGANA,Shankarampet (R),73
TELANGANA,Shankarapatnam,74
TELANGANA,Shankarpalle,75
TELANGANA,Shayampet,76
TELANGANA,Shivampet,77
TELANGANA,Siddipet Rural,78
TELANGANA,Siddipet Urban,79
TELANGANA,Singareni,80
TELANGANA,Sircilla,81
TELANGANA,Sirgapoor,82
TELANGANA,Sirikonda,83
TELANGANA,SIRIKONDA,84
TELANGANA,Sirpur (T),85
TELANGANA,Sirpur U,86
TELANGANA,Soan,87
TELANGANA,Srirampur,88
TELANGANA,Srirangapur,89
TELANGANA,Sujathanagar,90
TELANGANA,Sulthanabad,91
TELANGANA,Suryapet,92
TELANGANA,Tadoor,93
TELANGANA,Tadvai,94
TELANGANA,Tadwai,95
TELANGANA,Talamadugu,96
TELANGANA,Tamsi,97
TELANGANA,Tandur,98
TELANGANA,Tanoor,99
TELANGANA,Tekmal,100
TELANGANA,Tekulapalli,1
TELANGANA,Tekumatla,2
TELANGANA,Telkapally,3
TELANGANA,Thalakondapally,4
TELANGANA,Thallada,5
TELANGANA,THANGALLAPALLI,6
TELANGANA,Tharigoppula,7
TELANGANA,Thimmajipet,8
TELANGANA,Thimmapur LMD,9
TELANGANA,Thipparthy,10
TELANGANA,Thirumalagiri,11
TELANGANA,Thoguta,12
TELANGANA,Thorrur,13
TELANGANA,Thungaturthy,14
TELANGANA,Thurkapally,15
TELANGANA,Tirumalagiri Sagar,16
TELANGANA,Tirumalayapalem,17
TELANGANA,Tirumalgiri,18
TELANGANA,Tiryani,19
TELANGANA,Toopran,20
TELANGANA,Tripuraram,21
TELANGANA,Undavelly,22
TELANGANA,Uppal,23
TELANGANA,Uppununthala,24
TELANGANA,Urkonda,25
TELANGANA,Utkoor,26
TELANGANA,Utnoor,27
TELANGANA,V.Saidapur,28
TELANGANA,Vailpoor,29
TELANGANA,Valigonda,30
TELANGANA,Vangoor,31
TELANGANA,Varni,32
TELANGANA,Vatpally,33
TELANGANA,Veenavanka,34
TELANGANA,VEERNAPALLI,35
TELANGANA,Velair,36
TELANGANA,Veldanda,37
TELANGANA,Velgatur,38
TELANGANA,Vemanpally,39
TELANGANA,Vemsoor,40
TELANGANA,Vemulapally,41
TELANGANA,Vemulawada,42
TELANGANA,VEMULAWADA RURAL,43
TELANGANA,Venkatapur,44
TELANGANA,Venkatapuram,45
TELANGANA,Vikarabad,46
TELANGANA,Waddepally,47
TELANGANA,Wajedu,48
TELANGANA,Wanaparthy,49
TELANGANA,Wankidi,50
TELANGANA,Warangal,51
TELANGANA,Wardhannapet,52
TELANGANA,Wargal,53
TELANGANA,Weepangandla,54
TELANGANA,Wyra,55
TELANGANA,Yacharam,56
TELANGANA,Yadagirigutta,57
TELANGANA,Yedapally,58
TELANGANA,Yelal,59
TELANGANA,Yeldurthy,60
TELANGANA,Yellandu,61
TELANGANA,Yellareddipet,62
TELANGANA,Yellareddy,63
TELANGANA,Yergatla,64
TELANGANA,Yerrupalem,65
TELANGANA,Zaffergadh,66
TELANGANA,Zahirabad,67
TRIPURA,Amarpur,68
TRIPURA,Ambassa,69
TRIPURA,Belonia,70
TRIPURA,Bishalgarh,71
TRIPURA,Dharmanagar,72
TRIPURA,Gandacherra,73
TRIPURA,Jampuijala,74
TRIPURA,Jirania,75
TRIPURA,Kailashahar,76
TRIPURA,Kamalpur,77
TRIPURA,Kanchanpur,78
TRIPURA,Karbook,79
TRIPURA,Khowai,80
TRIPURA,Kumarghat,81
TRIPURA,Longtharai Valley,82
TRIPURA,Mohanpur,83
TRIPURA,Panisagar,84
TRIPURA,Sabroom,85
TRIPURA,Sadar,86
TRIPURA,Santirbazar,87
TRIPURA,Sonamura,88
TRIPURA,Teliamura,89
TRIPURA,Udaipur,90
UTTAR PRADESH,AFZALGARH,91
UTTAR PRADESH,Agra,92
UTTAR PRADESH,Akbarpur,93
UTTAR PRADESH,Aliganj,94
UTTAR PRADESH,Allahabad,95
UTTAR PRADESH,Allapur,96
UTTAR PRADESH,Amethi,97
UTTAR PRADESH,Amritpur,98
UTTAR PRADESH,Amroha,99
UTTAR PRADESH,Anupshahr,100
UTTAR PRADESH,Aonla,1
UTTAR PRADESH,Atarra,2
UTTAR PRADESH,Atrauli,3
UTTAR PRADESH,Aurai,4
UTTAR PRADESH,Auraiya,5
UTTAR PRADESH,Azamgarh,6
UTTAR PRADESH,Baberu,7
UTTAR PRADESH,Badlapur,8
UTTAR PRADESH,Baghpat,9
UTTAR PRADESH,Bah,10
UTTAR PRADESH,Baheri,11
UTTAR PRADESH,Bahraich,12
UTTAR PRADESH,Bairia,13
UTTAR PRADESH,Bakshi Ka Talab,14
UTTAR PRADESH,Baldirai,15
UTTAR PRADESH,Ballia,16
UTTAR PRADESH,Balrampur,17
UTTAR PRADESH,Banda,18
UTTAR PRADESH,Bansdih,19
UTTAR PRADESH,Bansgaon,20
UTTAR PRADESH,Bansi,21
UTTAR PRADESH,Bara,22
UTTAR PRADESH,Baraut,23
UTTAR PRADESH,Bareilly,24
UTTAR PRADESH,Barhaj,25
UTTAR PRADESH,Basti,26
UTTAR PRADESH,Behat,27
UTTAR PRADESH,Belthara Road,28
UTTAR PRADESH,Bhadohi,29
UTTAR PRADESH,Bhanpur,30
UTTAR PRADESH,Bharthana,31
UTTAR PRADESH,Bhatpar Rani,32
UTTAR PRADESH,Bhinga,33
UTTAR PRADESH,Bhiti,34
UTTAR PRADESH,Bhogaon,35
UTTAR PRADESH,Bhognipur,36
UTTAR PRADESH,Bidhuna,37
UTTAR PRADESH,Bighapur,38
UTTAR PRADESH,Bijnor,39
UTTAR PRADESH,Bikapur,40
UTTAR PRADESH,Bilari,41
UTTAR PRADESH,Bilaspur,42
UTTAR PRADESH,Bilgram,43
UTTAR PRADESH,Bilhaur,44
UTTAR PRADESH,Bilsi,45
UTTAR PRADESH,Bindki,46
UTTAR PRADESH,Bisalpur,47
UTTAR PRADESH,Bisauli,48
UTTAR PRADESH,Biswan,49
UTTAR PRADESH,Budaun,50
UTTAR PRADESH,Budhana,51
UTTAR PRADESH,Bulandshahr,52
UTTAR PRADESH,Burhanpur,53
UTTAR PRADESH,Campierganj,54
UTTAR PRADESH,Chail,55
UTTAR PRADESH,Chakarnagar,56
UTTAR PRADESH,Chakia,57
UTTAR PRADESH,Chandauli,58
UTTAR PRADESH,Chandausi,59
UTTAR PRADESH,Chandpur,60
UTTAR PRADESH,Charkhari,61
UTTAR PRADESH,Chauri Chaura,62
UTTAR PRADESH,Chhata,63
UTTAR PRADESH,Chhibramau,64
UTTAR PRADESH,Chunar,65
UTTAR PRADESH,Colonelganj,66
UTTAR PRADESH,Dadri,67
UTTAR PRADESH,Dalmau,68
UTTAR PRADESH,Dataganj,69
UTTAR PRADESH,Debai,70
UTTAR PRADESH,Deoband,71
UTTAR PRADESH,Deoria,72
UTTAR PRADESH,Derapur,73
UTTAR PRADESH,Dhampur,74
UTTAR PRADESH,Dhanaura,75
UTTAR PRADESH,Dhaurahara,76
UTTAR PRADESH,Domariyaganj,77
UTTAR PRADESH,Dudhi,78
UTTAR PRADESH,Etah,79
UTTAR PRADESH,Etawah,80
UTTAR PRADESH,Etmadpur,81
UTTAR PRADESH,Faizabad,82
UTTAR PRADESH,Faridpur,83
UTTAR PRADESH,Farrukhabad,84
UTTAR PRADESH,Fatehabad,85
UTTAR PRADESH,Fatehpur,86
UTTAR PRADESH,Firozabad,87
UTTAR PRADESH,Gabhana,88
UTTAR PRADESH,Garautha,89
UTTAR PRADESH,Garhmukteshwar,90
UTTAR PRADESH,Gauriganj,91
UTTAR PRADESH,Gautam Buddha Nagar,92
UTTAR PRADESH,Ghanghata,93
UTTAR PRADESH,Ghatampur,94
UTTAR PRADESH,Ghaziabad,95
UTTAR PRADESH,Ghazipur,96
UTTAR PRADESH,Ghorawal,97
UTTAR PRADESH,Ghosi,98
UTTAR PRADESH,Gola,99
UTTAR PRADESH,Gola Gokaran Nath,100
UTTAR PRADESH,Gonda,1
UTTAR PRADESH,Gorakhpur,2
UTTAR PRADESH,Gunnaur,3
UTTAR PRADESH,Gyanpur,4
UTTAR PRADESH,Haidergarh,5
UTTAR PRADESH,Hamirpur,6
UTTAR PRADESH,Handia,7
UTTAR PRADESH,Hapur,8
UTTAR PRADESH,Hardoi,9
UTTAR PRADESH,Harraiya,10
UTTAR PRADESH,Hasanganj,11
UTTAR PRADESH,Hasanpur,12
UTTAR PRADESH,Hata,13
UTTAR PRADESH,Hathras,14
UTTAR PRADESH,Iglas,15
UTTAR PRADESH,Ikauna,16
UTTAR PRADESH,Itwa,17
UTTAR PRADESH,Jaisinghpur,18
UTTAR PRADESH,Jakhania,19
UTTAR PRADESH,Jalalabad,20
UTTAR PRADESH,Jalalpur,21
UTTAR PRADESH,Jalaun,22
UTTAR PRADESH,Jalesar,23
UTTAR PRADESH,Jansath,24
UTTAR PRADESH,Jasrana,25
UTTAR PRADESH,Jaswantnagar,26
UTTAR PRADESH,Jaunpur,27
UTTAR PRADESH,Jewar,28
UTTAR PRADESH,Jhansi,29
UTTAR PRADESH,Kadipur,30
UTTAR PRADESH,Kaimganj,31
UTTAR PRADESH,Kairana,32
UTTAR PRADESH,Kaiserganj,33
UTTAR PRADESH,Kalpi,34
UTTAR PRADESH,Kannauj,35
UTTAR PRADESH,Kanpur,36
UTTAR PRADESH,Kanth,37
UTTAR PRADESH,Karchhana,38
UTTAR PRADESH,Karhal,39
UTTAR PRADESH,Karwi,40
UTTAR PRADESH,Kasganj,41
UTTAR PRADESH,Kasya,42
UTTAR PRADESH,Kerakat,43
UTTAR PRADESH,Khaga,44
UTTAR PRADESH,Khair,45
UTTAR PRADESH,Khajni,46
UTTAR PRADESH,Khalilabad,47
UTTAR PRADESH,Khatauli,48
UTTAR PRADESH,Khekada,49
UTTAR PRADESH,Kheragarh,50
UTTAR PRADESH,Khurja,51
UTTAR PRADESH,Kiraoli,52
UTTAR PRADESH,Koil,53
UTTAR PRADESH,Konch,54
UTTAR PRADESH,Koraon,55
UTTAR PRADESH,Kulpahar,56
UTTAR PRADESH,Kunda,57
UTTAR PRADESH,Laharpur,58
UTTAR PRADESH,Lakhimpur,59
UTTAR PRADESH,Lalganj,60
UTTAR PRADESH,Lalitpur,61
UTTAR PRADESH,Lambhua,62
UTTAR PRADESH,Machhlishahr,63
UTTAR PRADESH,Madhogarh,64
UTTAR PRADESH,Madhuban,65
UTTAR PRADESH,MAHABAN,66
UTTAR PRADESH,Maharajganj,67
UTTAR PRADESH,Mahasi,68
UTTAR PRADESH,Mahavan,69
UTTAR PRADESH,Mahmudabad,70
UTTAR PRADESH,Mahoba,71
UTTAR PRADESH,Mahroni,72
UTTAR PRADESH,Mainpuri,73
UTTAR PRADESH,Malihabad,74
UTTAR PRADESH,Manjhanpur,75
UTTAR PRADESH,Mankapur,76
UTTAR PRADESH,Mariahu,77
UTTAR PRADESH,Marihan,78
UTTAR PRADESH,Mat,79
UTTAR PRADESH,Mathura,80
UTTAR PRADESH,Mau,81
UTTAR PRADESH,Maudaha,82
UTTAR PRADESH,Maunath Bhanjan,83
UTTAR PRADESH,Mauranipur,84
UTTAR PRADESH,Mawana,85
UTTAR PRADESH,Meerganj,86
UTTAR PRADESH,Meerut,87
UTTAR PRADESH,Mehdawal,88
UTTAR PRADESH,Mehnagar,89
UTTAR PRADESH,Meja,90
UTTAR PRADESH,Milak,91
UTTAR PRADESH,Milkipur,92
UTTAR PRADESH,Mirzapur,93
UTTAR PRADESH,Misrikh,94
UTTAR PRADESH,Modinagar,95
UTTAR PRADESH,Mohammadabad,96
UTTAR PRADESH,Mohammdi,97
UTTAR PRADESH,Mohanlalganj,98
UTTAR PRADESH,Moradabad,99
UTTAR PRADESH,Moth,100
UTTAR PRADESH,Muhammadabad Gohna,1
UTTAR PRADESH,Musafirkhana,2
UTTAR PRADESH,Muzaffarnagar,3
UTTAR PRADESH,Nagina,4
UTTAR PRADESH,Najibabad,5
UTTAR PRADESH,Nakur,6
UTTAR PRADESH,Nanpara,7
UTTAR PRADESH,Naraini,8
UTTAR PRADESH,Naugarh,9
UTTAR PRADESH,Nautanwa,10
UTTAR PRADESH,Nawabganj,11
UTTAR PRADESH,Nichlaul,12
UTTAR PRADESH,Nighasan,13
UTTAR PRADESH,Nizamabad,14
UTTAR PRADESH,Orai,15
UTTAR PRADESH,Palia,16
UTTAR PRADESH,Patiyali,17
UTTAR PRADESH,Patti,18
UTTAR PRADESH,Pharenda,19
UTTAR PRADESH,Phulpur,20
UTTAR PRADESH,Pilibhit,21
UTTAR PRADESH,Pindra,22
UTTAR PRADESH,Piprasi,23
UTTAR PRADESH,Powayan,24
UTTAR PRADESH,Pratapgarh,25
UTTAR PRADESH,Puranpur,26
UTTAR PRADESH,Purwa,27
UTTAR PRADESH,Rae Bareli,28
UTTAR PRADESH,Ramnagar,29
UTTAR PRADESH,Rampur,30
UTTAR PRADESH,Rampur Maniharan,31
UTTAR PRADESH,Ramsanehighat,32
UTTAR PRADESH,Raniganj,33
UTTAR PRADESH,Rasra,34
UTTAR PRADESH,Rasulabad,35
UTTAR PRADESH,Rath,36
UTTAR PRADESH,Robertsganj,37
UTTAR PRADESH,Rudauli,38
UTTAR PRADESH,Rudhauli,39
UTTAR PRADESH,Rudrapur,40
UTTAR PRADESH,Sadabad,41
UTTAR PRADESH,Sadar,42
UTTAR PRADESH,Safipur,43
UTTAR PRADESH,Sagri,44
UTTAR PRADESH,Saharanpur,45
UTTAR PRADESH,Sahaswan,46
UTTAR PRADESH,Sahawar,47
UTTAR PRADESH,Sahjanwa,48
UTTAR PRADESH,Saidpur,49
UTTAR PRADESH,Saifai,50
UTTAR PRADESH,Sakaldiha,51
UTTAR PRADESH,Salempur,52
UTTAR PRADESH,Salon,53
UTTAR PRADESH,Sambhal,54
UTTAR PRADESH,Sandila,55
UTTAR PRADESH,Sardhana,56
UTTAR PRADESH,Sarila,57
UTTAR PRADESH,Sasni,58
UTTAR PRADESH,Sawayajpur,59
UTTAR PRADESH,Shahabad,60
UTTAR PRADESH,Shahganj,61
UTTAR PRADESH,Shahjahanpur,62
UTTAR PRADESH,Shamli,63
UTTAR PRADESH,Shikarpur,64
UTTAR PRADESH,Shikohabad,65
UTTAR PRADESH,Shohratgarh,66
UTTAR PRADESH,Siana,67
UTTAR PRADESH,Sidhauli,68
UTTAR PRADESH,Sikanderpur,69
UTTAR PRADESH,Sikandra,70
UTTAR PRADESH,Sikandra Rao,71
UTTAR PRADESH,Sikandrabad,72
UTTAR PRADESH,Sirathu,73
UTTAR PRADESH,Sirauli Gauspur,74
UTTAR PRADESH,Sitapur,75
UTTAR PRADESH,Sohawal,76
UTTAR PRADESH,Soraon,77
UTTAR PRADESH,Suar,78
UTTAR PRADESH,Sultanpur,79
UTTAR PRADESH,Tahrauli,80
UTTAR PRADESH,Talbehat,81
UTTAR PRADESH,Tamkuhi Raj,82
UTTAR PRADESH,Tanda,83
UTTAR PRADESH,Tarabganj,84
UTTAR PRADESH,Thakurdwara,85
UTTAR PRADESH,Tilhar,86
UTTAR PRADESH,Tiloi,87
UTTAR PRADESH,Tirwa,88
UTTAR PRADESH,Tulsipur,89
UTTAR PRADESH,Tundla,90
UTTAR PRADESH,Unchahar,91
UTTAR PRADESH,Unnao,92
UTTAR PRADESH,Utraula,93
UTTAR PRADESH,Zamania,94
UTTARAKHAND,Almora,95
UTTARAKHAND,Bageshwar,96
UTTARAKHAND,Bajpur,97
UTTARAKHAND,Barakot,98
UTTARAKHAND,Berinag,99
UTTARAKHAND,Betalghat,100
UTTARAKHAND,Bhanoli,1
UTTARAKHAND,Bhatwari,2
UTTARAKHAND,Bhikiasain,3
UTTARAKHAND,Chakrata,4
UTTARAKHAND,Chamoli,5
UTTARAKHAND,Champawat,6
UTTARAKHAND,Chaubatta Khal,7
UTTARAKHAND,Chaukhutiya,8
UTTARAKHAND,Chinyali Saur,9
UTTARAKHAND,Dehradun,10
UTTARAKHAND,Devprayag,11
UTTARAKHAND,Dhanaulti,12
UTTARAKHAND,Dharchula,13
UTTARAKHAND,Dhari,14
UTTARAKHAND,Dhoomakot,15
UTTARAKHAND,Didihat,16
UTTARAKHAND,Dunda,17
UTTARAKHAND,Dwarahat,18
UTTARAKHAND,Gadarpur,19
UTTARAKHAND,Gairsain,20
UTTARAKHAND,Gangolihat,21
UTTARAKHAND,Garud,22
UTTARAKHAND,Ghansali,23
UTTARAKHAND,Haldwani,24
UTTARAKHAND,Hardwar,25
UTTARAKHAND,Jainti,26
UTTARAKHAND,Jakhani Dhar,27
UTTARAKHAND,Jakholi*,28
UTTARAKHAND,Jaspur,29
UTTARAKHAND,Joshimath,30
UTTARAKHAND,Kafligair,31
UTTARAKHAND,Kaladhungi,32
UTTARAKHAND,Kalsi,33
UTTARAKHAND,Kanda,34
UTTARAKHAND,Kapkot,35
UTTARAKHAND,Karnaprayag,36
UTTARAKHAND,Kashipur,37
UTTARAKHAND,Khatima,38
UTTARAKHAND,Kichha,39
UTTARAKHAND,Kosya Kutauli,40
UTTARAKHAND,Kotdwara,41
UTTARAKHAND,Laksar,42
UTTARAKHAND,Lalkuan,43
UTTARAKHAND,Lansdowne,44
UTTARAKHAND,Lohaghat,45
UTTARAKHAND,Mori,46
UTTARAKHAND,Munsiari,47
UTTARAKHAND,Nainital,48
UTTARAKHAND,Narendra Nagar,49
UTTARAKHAND,Pati,50
UTTARAKHAND,Pauri,51
UTTARAKHAND,Pithoragarh,52
UTTARAKHAND,Pokhari,53
UTTARAKHAND,Poornagiri,54
UTTARAKHAND,Pratapnagar,55
UTTARAKHAND,Puraula,56
UTTARAKHAND,Rajgarhi,57
UTTARAKHAND,Ramnagar,58
UTTARAKHAND,Ranikhet,59
UTTARAKHAND,Rishikesh,60
UTTARAKHAND,Roorkee,61
UTTARAKHAND,Rudraprayag,62
UTTARAKHAND,Satpuli,63
UTTARAKHAND,Sitarganj,64
UTTARAKHAND,Someshwar,65
UTTARAKHAND,Srinagar,66
UTTARAKHAND,Sult,67
UTTARAKHAND,Tehri,68
UTTARAKHAND,Thailisain,69
UTTARAKHAND,Tharali,70
UTTARAKHAND,Tyuni,71
UTTARAKHAND,Ukhimath,72
UTTARAKHAND,Vikas Nagar,73
UTTARAKHAND,Yamkeshwar,74
WEST BENGAL,Alipurduar - I,75
WEST BENGAL,Alipurduar - II,76
WEST BENGAL,Amdanga,77
WEST BENGAL,Amta - I,78
WEST BENGAL,Amta - II,79
WEST BENGAL,Arambag,80
WEST BENGAL,Arsha,81
WEST BENGAL,Asansol Kulti Township,82
WEST BENGAL,Ausgram - I,83
WEST BENGAL,Ausgram - II,84
WEST BENGAL,Baduria,85
WEST BENGAL,Bagda,86
WEST BENGAL,Bagmundi,87
WEST BENGAL,Bagnan - I,88
WEST BENGAL,Bagnan - II,89
WEST BENGAL,Baharampur & Domkol,90
WEST BENGAL,Baharampur & Lalbag,91
WEST BENGAL,Balagarh,92
WEST BENGAL,Balarampur,93
WEST BENGAL,Bally Jagachha,94
WEST BENGAL,Balurghat,95
WEST BENGAL,Balurghat & Gangarampur,96
WEST BENGAL,Bamangola,97
WEST BENGAL,Bankura - I,98
WEST BENGAL,Bankura - II,99
WEST BENGAL,Bansihari,100
WEST BENGAL,Barabani,1
WEST BENGAL,Barabazar,2
WEST BENGAL,Barasat - I,3
WEST BENGAL,Barasat - II,4
WEST BENGAL,Barjora,5
WEST BENGAL,Barrackpur - I,6
WEST BENGAL,Barrackpur - II,7
WEST BENGAL,Baruipur,8
WEST BENGAL,Basanti,9
WEST BENGAL,Basirhat - I,10
WEST BENGAL,Basirhat - II,11
WEST BENGAL,Beldanga - I,12
WEST BENGAL,Beldanga - II,13
WEST BENGAL,Berhampore,14
WEST BENGAL,Bhagawangola - I,15
WEST BENGAL,Bhagawangola - II,16
WEST BENGAL,Bhagawanpur - I,17
WEST BENGAL,Bhagawanpur - II,18
WEST BENGAL,Bhangar - I,19
WEST BENGAL,Bhangar - II,20
WEST BENGAL,Bharatpur - I,21
WEST BENGAL,Bharatpur - II,22
WEST BENGAL,Bhatar,23
WEST BENGAL,Binpur - I,24
WEST BENGAL,Binpur - II,25
WEST BENGAL,Bishnupur - I,26
WEST BENGAL,Bishnupur - II,27
WEST BENGAL,Bolpur & Siuri,28
WEST BENGAL,Bolpur Sriniketan,29
WEST BENGAL,Bongaon,30
WEST BENGAL,Budge Budge - I,31
WEST BENGAL,Budge Budge - II,32
WEST BENGAL,Bundwan,33
WEST BENGAL,Burdwan - I,34
WEST BENGAL,Burdwan - II,35
WEST BENGAL,Burwan,36
WEST BENGAL,Canning - I,37
WEST BENGAL,Canning - II,38
WEST BENGAL,Canning & Baruipur,39
WEST BENGAL,Chakdah,40
WEST BENGAL,Chanchal - I,41
WEST BENGAL,Chanchal - II,42
WEST BENGAL,chandannagar,43
WEST BENGAL,Chandannagar & Srirampur,44
WEST BENGAL,Chandipur,45
WEST BENGAL,Chanditala - I,46
WEST BENGAL,Chanditala - II,47
WEST BENGAL,Chandrakona - I,48
WEST BENGAL,Chandrakona - II,49
WEST BENGAL,Chapra,50
WEST BENGAL,Chhatna,51
WEST BENGAL,Chinsurah - Magra,52
WEST BENGAL,Chopra,53
WEST BENGAL,Contai - I,54
WEST BENGAL,Contai - III,55
WEST BENGAL,Cooch Behar - II,56
WEST BENGAL,COOCHBEHAR I,57
WEST BENGAL,Dantan - I,58
WEST BENGAL,Dantan - II,59
WEST BENGAL,Darjeeling Pulbazar,60
WEST BENGAL,Daspur,61
WEST BENGAL,Daspur - I,62
WEST BENGAL,Daspur - II,63
WEST BENGAL,Debra,64
WEST BENGAL,Deganga,65
WEST BENGAL,Deshopran,66
WEST BENGAL,Dhaniakhali,67
WEST BENGAL,Dhupguri,68
WEST BENGAL,Diamond Harbour - I,69
WEST BENGAL,Diamond Harbour - II,70
WEST BENGAL,Diamond Harbour & Kakdwip,71
WEST BENGAL,Dinhata - I,72
WEST BENGAL,Dinhata - II,73
WEST BENGAL,Domjur,74
WEST BENGAL,Domkal,75
WEST BENGAL,Domkol & Baharampur,76
WEST BENGAL,Domkol & Lalbag,77
WEST BENGAL,Dubrajpur,78
WEST BENGAL,Egra - I,79
WEST BENGAL,Egra - II,80
WEST BENGAL,Egra and Haldia,81
WEST BENGAL,Egra and kanthi,82
WEST BENGAL,Egra and Kanthi,83
WEST BENGAL,English Bazar,84
WEST BENGAL,Falakata,85
WEST BENGAL,Falta,86
WEST BENGAL,Farakka,87
WEST BENGAL,Faridpur Durgapur,88
WEST BENGAL,Gaighata,89
WEST BENGAL,Galsi - I,90
WEST BENGAL,Galsi - II,91
WEST BENGAL,Gangajalghati,92
WEST BENGAL,Gangarampur,93
WEST BENGAL,Garbeta - I,94
WEST BENGAL,Garbeta - II,95
WEST BENGAL,Garbeta - III,96
WEST BENGAL,Gazole,97
WEST BENGAL,Ghatal,98
WEST BENGAL,Goalpokhar - I,99
WEST BENGAL,Goalpokhar - II,100
WEST BENGAL,Goghat - I,1
WEST BENGAL,Goghat - II,2
WEST BENGAL,Gopiballavpur - I,3
WEST BENGAL,Gopiballavpur - II,4
WEST BENGAL,Gorubathan,5
WEST BENGAL,Gosaba,6
WEST BENGAL,Habibpur,7
WEST BENGAL,Habra - I,8
WEST BENGAL,Habra - II,9
WEST BENGAL,Haldia,10
WEST BENGAL,Haldia and Kanthi,11
WEST BENGAL,Haldibari,12
WEST BENGAL,Hanskhali,13
WEST BENGAL,Hariharpara,14
WEST BENGAL,Haringhata,15
WEST BENGAL,Haripal,16
WEST BENGAL,Harirampur,17
WEST BENGAL,Harischandrapur - I,18
WEST BENGAL,Harischandrapur - II,19
WEST BENGAL,Haroa,20
WEST BENGAL,Hasnabad,21
WEST BENGAL,Hemtabad,22
WEST BENGAL,Hilli,23
WEST BENGAL,Hingalganj,24
WEST BENGAL,Hirbandh,25
WEST BENGAL,Howrah,26
WEST BENGAL,Hura,27
WEST BENGAL,Illambazar,28
WEST BENGAL,Indpur,29
WEST BENGAL,Indus,30
WEST BENGAL,Islampur,31
WEST BENGAL,Itahar,32
WEST BENGAL,Jagatballavpur,33
WEST BENGAL,Jaipur,34
WEST BENGAL,Jalangi,35
WEST BENGAL,Jalpaiguri,36
WEST BENGAL,Jamalpur,37
WEST BENGAL,Jamboni,38
WEST BENGAL,Jamuria,39
WEST BENGAL,Jangipara,40
WEST BENGAL,Jaynagar - I,41
WEST BENGAL,Jaynagar - II,42
WEST BENGAL,Jaypur,43
WEST BENGAL,Jhalda - I,44
WEST BENGAL,Jhalda - II,45
WEST BENGAL,Jhargram,46
WEST BENGAL,Jorebunglow Sukiapokhri,47
WEST BENGAL,Kakdwip,48
WEST BENGAL,Kalchini,49
WEST BENGAL,Kaliachak - I,50
WEST BENGAL,Kaliachak - II,51
WEST BENGAL,Kaliachak - III,52
WEST BENGAL,Kaliaganj,53
WEST BENGAL,Kaliganj,54
WEST BENGAL,Kalimpong - II,55
WEST BENGAL,Kalimpong -I,56
WEST BENGAL,Kalna - I,57
WEST BENGAL,Kalna - II,58
WEST BENGAL,Kalyani & Ranaghat,59
WEST BENGAL,Kandi,60
WEST BENGAL,Kandi & Lalbag,61
WEST BENGAL,Kanksa,62
WEST BENGAL,Kanthi,63
WEST BENGAL,Karandighi,64
WEST BENGAL,Karimpur - I,65
WEST BENGAL,Karimpur - II,66
WEST BENGAL,Kashipur,67
WEST BENGAL,Katwa - I,68
WEST BENGAL,Katwa - II,69
WEST BENGAL,Keshiary,70
WEST BENGAL,Keshpur,71
WEST BENGAL,Ketugram - I,72
WEST BENGAL,Ketugram - II,73
WEST BENGAL,Khanakul - I,74
WEST BENGAL,Khanakul - II,75
WEST BENGAL,Khandaghosh,76
WEST BENGAL,Kharagpur - I,77
WEST BENGAL,Kharagpur - II,78
WEST BENGAL,Kharagpur & Medinipursadr,79
WEST BENGAL,Khargram,80
WEST BENGAL,Kharibari,81
WEST BENGAL,Khatra,82
WEST BENGAL,Khejuri - I,83
WEST BENGAL,Khejuri - II,84
WEST BENGAL,Khoyrasol,85
WEST BENGAL,Kolaghat,86
WEST BENGAL,Kolkata,87
WEST BENGAL,Kotulpur,88
WEST BENGAL,Krishnaganj,89
WEST BENGAL,Krishnagar - I,90
WEST BENGAL,Krishnagar - II,91
WEST BENGAL,Kultali,92
WEST BENGAL,Kumarganj,93
WEST BENGAL,Kumargram,94
WEST BENGAL,Kurseong,95
WEST BENGAL,Kushmundi,96
WEST BENGAL,Labpur,97
WEST BENGAL,Lalbag,98
WEST BENGAL,Lalbag & Domkol,99
WEST BENGAL,Lalgola,100
WEST BENGAL,Madarihat,1
WEST BENGAL,Magrahat - I,2
WEST BENGAL,Magrahat - II,3
WEST BENGAL,Mahisadal,4
WEST BENGAL,Mal,5
WEST BENGAL,Maldah (Old),6
WEST BENGAL,Manbazar - I,7
WEST BENGAL,Manbazar - II,8
WEST BENGAL,Mandirbazar,9
WEST BENGAL,Mangolkote,10
WEST BENGAL,Manikchak,11
WEST BENGAL,Manteswar,12
WEST BENGAL,Mathabhanga - I,13
WEST BENGAL,MATHABHANGA II,14
WEST BENGAL,Mathurapur - I,15
WEST BENGAL,Mathurapur - II,16
WEST BENGAL,Matiali,17
WEST BENGAL,Matigara,18
WEST BENGAL,Maynaguri,19
WEST BENGAL,Mayureswar - I,20
WEST BENGAL,Mayureswar - II,21
WEST BENGAL,Medinipur Sadar,22
WEST BENGAL,Mejhia,23
WEST BENGAL,Mekliganj,24
WEST BENGAL,Memari - I,25
WEST BENGAL,Memari - II,26
WEST BENGAL,Midnapore,27
WEST BENGAL,Minakhan,28
WEST BENGAL,Mirik,29
WEST BENGAL,Mohammad Bazar,30
WEST BENGAL,Mohanpur,31
WEST BENGAL,Moyna,32
WEST BENGAL,Murarai - I,33
WEST BENGAL,Murarai - II,34
WEST BENGAL,Murshidabad Jiaganj,35
WEST BENGAL,Nabadwip,36
WEST BENGAL,Nabagram,37
WEST BENGAL,Nagrakata,38
WEST BENGAL,Nakashipara,39
WEST BENGAL,Nalhati - I,40
WEST BENGAL,Nalhati - II,41
WEST BENGAL,Namkhana,42
WEST BENGAL,Nanda Kumar,43
WEST BENGAL,Nandigram - I,44
WEST BENGAL,Nandigram - II,45
WEST BENGAL,Nanoor,46
WEST BENGAL,Narayangarh,47
WEST BENGAL,Nawda,48
WEST BENGAL,Naxalbari,49
WEST BENGAL,Nayagram,50
WEST BENGAL,Neturia,51
WEST BENGAL,Onda,52
WEST BENGAL,Ondal,53
WEST BENGAL,Panchla,54
WEST BENGAL,Pandabeswar,55
WEST BENGAL,Pandua,56
WEST BENGAL,Panskura,57
WEST BENGAL,Para,58
WEST BENGAL,Patharpratima,59
WEST BENGAL,Patrasayer,60
WEST BENGAL,Phansidewa,61
WEST BENGAL,Pingla,62
WEST BENGAL,Polba - Dadpur,63
WEST BENGAL,Potashpur - I,64
WEST BENGAL,Potashpur - II,65
WEST BENGAL,Puncha,66
WEST BENGAL,Purbasthali - I,67
WEST BENGAL,Purbasthali - II,68
WEST BENGAL,Pursura,69
WEST BENGAL,Purulia - I,70
WEST BENGAL,Purulia - II,71
WEST BENGAL,Raghunathganj - I,72
WEST BENGAL,Raghunathganj - II,73
WEST BENGAL,Raghunathpur - I,74
WEST BENGAL,Raghunathpur - II,75
WEST BENGAL,Raiganj,76
WEST BENGAL,Raina - I,77
WEST BENGAL,Raina - II,78
WEST BENGAL,Raipur,79
WEST BENGAL,Rajarhat,80
WEST BENGAL,Rajganj,81
WEST BENGAL,Rajnagar,82
WEST BENGAL,Ramnagar - I,83
WEST BENGAL,Ramnagar - II,84
WEST BENGAL,Rampurhat - I,85
WEST BENGAL,Rampurhat - II,86
WEST BENGAL,Ranaghat,87
WEST BENGAL,Ranaghat - I,88
WEST BENGAL,Ranaghat - II,89
WEST BENGAL,Rangli Rangliot,90
WEST BENGAL,Ranibundh,91
WEST BENGAL,Raniganj,92
WEST BENGAL,Raninagar - I,93
WEST BENGAL,Raninagar - II,94
WEST BENGAL,Ratua - I,95
WEST BENGAL,Ratua - II,96
WEST BENGAL,Sabang,97
WEST BENGAL,Sagar,98
WEST BENGAL,Sagardighi,99
WEST BENGAL,Sahid Matangini,100
WEST BENGAL,Sainthia,1
WEST BENGAL,Salanpur,2
WEST BENGAL,Salbani,3
WEST BENGAL,Saltora,4
WEST BENGAL,Samserganj,5
WEST BENGAL,Sandeshkhali - I,6
WEST BENGAL,Sandeshkhali - II,7
WEST BENGAL,Sankrail,8
WEST BENGAL,Santipur,9
WEST BENGAL,Santuri,10
WEST BENGAL,Sarenga,11
WEST BENGAL,Serampur Uttarpara,12
WEST BENGAL,Shyampur - I,13
WEST BENGAL,Shyampur - II,14
WEST BENGAL,Simlapal,15
WEST BENGAL,Singur,16
WEST BENGAL,Sitai,17
WEST BENGAL,Sitalkuchi,18
WEST BENGAL,Sonamukhi,19
WEST BENGAL,Sonar pur,20
WEST BENGAL,Suri - I,21
WEST BENGAL,Suri - II,22
WEST BENGAL,Sutahata,23
WEST BENGAL,Suti - I,24
WEST BENGAL,Suti - II,25
WEST BENGAL,Swarupnagar,26
WEST BENGAL,Tahatta & Krishnanagar,27
WEST BENGAL,Taldangra,28
WEST BENGAL,Tamluk,29
WEST BENGAL,Tamluk and Haldia,30
WEST BENGAL,Tapan,31
WEST BENGAL,Tarakeswar,32
WEST BENGAL,Tehatta - I,33
WEST BENGAL,Tehatta - II,34
WEST BENGAL,Thakurpukur Mahestola,35
WEST BENGAL,Tufanganj - I,36
WEST BENGAL,Tufanganj - II,37
WEST BENGAL,Udaynarayanpur,38
WEST BENGAL,Uluberia - I,39
WEST BENGAL,Uluberia - II,40
WEST BENGAL,Vishnupur,41
