state_name,block_name,value
Andaman & Nicobar,Car Nicobar,1
Andaman & Nicobar,Mayabunder,2
Andaman & Nicobar,Nancowry,3
Andaman & Nicobar,Port Blair,4
Andhra Pradesh,A.Konduru,5
Andhra Pradesh,Achanta,6
Andhra Pradesh,Addanki,7
Andhra Pradesh,Addateegala,8
Andhra Pradesh,Adoni,9
Andhra Pradesh,Agali,10
Andhra Pradesh,Agiripalle,11
Andhra Pradesh,Ainavilli,12
Andhra Pradesh,Akividu,13
Andhra Pradesh,Alamuru,14
Andhra Pradesh,Allagadda,15
Andhra Pradesh,Allavaram,16
Andhra Pradesh,Allur,17
Andhra Pradesh,Alur,18
Andhra Pradesh,Amadagur,19
Andhra Pradesh,Amadalavalasa,20
Andhra Pradesh,Amalapuram,21
Andhra Pradesh,Amarapuram,22
Andhra Pradesh,Amaravathi,23
Andhra Pradesh,Ambajipeta,24
Andhra Pradesh,Amruthalur,25
Andhra Pradesh,Anakapalle,26
Andhra Pradesh,Anandapuram,27
Andhra Pradesh,Anantapur,28
Andhra Pradesh,Ananthagiri,29
Andhra Pradesh,Ananthasagaram,30
Andhra Pradesh,Anaparthy,31
Andhra Pradesh,Anumasamudrampeta,32
Andhra Pradesh,Araku Valley,33
Andhra Pradesh,Ardhaveedu,34
Andhra Pradesh,Aspari,35
Andhra Pradesh,Atchampet,36
Andhra Pradesh,Atchutapuram,37
Andhra Pradesh,Atlur,38
Andhra Pradesh,Atmakur,39
Andhra Pradesh,Atreyapuram,40
Andhra Pradesh,Attili,41
Andhra Pradesh,Avanigadda,42
Andhra Pradesh,B.Kodur,43
Andhra Pradesh,B.Kothakota,44
Andhra Pradesh,Badangi,45
Andhra Pradesh,Badvel,46
Andhra Pradesh,Baireddipalle,47
Andhra Pradesh,Balayapalle,48
Andhra Pradesh,Balijipeta,49
Andhra Pradesh,Ballikurava,50
Andhra Pradesh,Banaganapalle,51
Andhra Pradesh,Bandi Atmakur,52
Andhra Pradesh,Bangarupalem,53
Andhra Pradesh,Bantumilli,54
Andhra Pradesh,Bapatla,55
Andhra Pradesh,Bapulapadu,56
Andhra Pradesh,Bathalapalle,57
Andhra Pradesh,Bellamkonda,58
Andhra Pradesh,Beluguppa,59
Andhra Pradesh,Bestawaripeta,60
Andhra Pradesh,Bethamcherla,61
Andhra Pradesh,Bhamini,62
Andhra Pradesh,Bhattiprolu,63
Andhra Pradesh,Bheemunipatnam,64
Andhra Pradesh,Bhimadole,65
Andhra Pradesh,Bhimavaram,66
Andhra Pradesh,Bhogapuram,67
Andhra Pradesh,Biccavolu,68
Andhra Pradesh,Bobbili,69
Andhra Pradesh,Bogole,70
Andhra Pradesh,Bollapalle,71
Andhra Pradesh,Bommanahal,72
Andhra Pradesh,Bondapalle,73
Andhra Pradesh,Brahmamgarimattam,74
Andhra Pradesh,Brahmasamudram,75
Andhra Pradesh,Buchinaidu Kandriga,76
Andhra Pradesh,Buchireddipalem,77
Andhra Pradesh,Bukkapatnam,78
Andhra Pradesh,Bukkaraya Samudram,79
Andhra Pradesh,Burja,80
Andhra Pradesh,Butchayyapeta,81
Andhra Pradesh,Buttayagudem,82
Andhra Pradesh,C.Belagal,83
Andhra Pradesh,Chagalamarri,84
Andhra Pradesh,Chagallu,85
Andhra Pradesh,Chakrayapet,86
Andhra Pradesh,Challapalle,87
Andhra Pradesh,Chandarlapadu,88
Andhra Pradesh,Chandra Sekhara Puram,89
Andhra Pradesh,Chandragiri,90
Andhra Pradesh,Chapad,91
Andhra Pradesh,Chatrai,92
Andhra Pradesh,Chebrolu,93
Andhra Pradesh,Cheedikada,94
Andhra Pradesh,Cheepurupalle,95
Andhra Pradesh,Chejerla,96
Andhra Pradesh,Chennekothapalle,97
Andhra Pradesh,Chennur,98
Andhra Pradesh,Cherukupalle H/O Arumbaka,99
Andhra Pradesh,Chilakaluripet  H/O.Purushotha Patnam,100
Andhra Pradesh,Chilamathur,1
Andhra Pradesh,Chillakur,2
Andhra Pradesh,Chimakurthi,3
Andhra Pradesh,Chinaganjam,4
Andhra Pradesh,Chinnagottigallu,5
Andhra Pradesh,Chinnamandem,6
Andhra Pradesh,Chintalapudi,7
Andhra Pradesh,Chintapalle,8
Andhra Pradesh,Chinthakommadinne,9
Andhra Pradesh,Chintur,10
Andhra Pradesh,Chippagiri,11
Andhra Pradesh,Chirala,12
Andhra Pradesh,Chittamur,13
Andhra Pradesh,Chittoor,14
Andhra Pradesh,Chitvel,15
Andhra Pradesh,Chodavaram,16
Andhra Pradesh,Chowdepalle,17
Andhra Pradesh,Cuddapah,18
Andhra Pradesh,Cumbum,19
Andhra Pradesh,D.Hirehal,20
Andhra Pradesh,Dachepalle,21
Andhra Pradesh,Dagadarthi,22
Andhra Pradesh,Dakkili,23
Andhra Pradesh,Darsi,24
Andhra Pradesh,Dattirajeru,25
Andhra Pradesh,Denduluru,26
Andhra Pradesh,Denkada,27
Andhra Pradesh,Devanakonda,28
Andhra Pradesh,Devarapalle,29
Andhra Pradesh,Devipatnam,30
Andhra Pradesh,Dharmavaram,31
Andhra Pradesh,Dhone,32
Andhra Pradesh,Donakonda,33
Andhra Pradesh,Doravarisatram,34
Andhra Pradesh,Dornala,35
Andhra Pradesh,Dornipadu,36
Andhra Pradesh,Duggirala,37
Andhra Pradesh,Dumbriguda,38
Andhra Pradesh,Durgi,39
Andhra Pradesh,Duttalur,40
Andhra Pradesh,Duvvur,41
Andhra Pradesh,Dwarakatirumala,42
Andhra Pradesh,Edlapadu,43
Andhra Pradesh,Eluru,44
Andhra Pradesh,Etcherla,45
Andhra Pradesh,G.Konduru,46
Andhra Pradesh,G.Madugula,47
Andhra Pradesh,Gadivemula,48
Andhra Pradesh,Gajapathinagaram,49
Andhra Pradesh,Gajuwaka,50
Andhra Pradesh,Galiveedu,51
Andhra Pradesh,Gampalagudem,52
Andhra Pradesh,Ganapavaram,53
Andhra Pradesh,Gandepalle,54
Andhra Pradesh,Gandlapenta,55
Andhra Pradesh,Gangadhara Nellore,56
Andhra Pradesh,Gangavaram,57
Andhra Pradesh,Ganguvarisigadam,58
Andhra Pradesh,Gannavaram,59
Andhra Pradesh,Gantyada,60
Andhra Pradesh,Gara,61
Andhra Pradesh,Garividi,62
Andhra Pradesh,Garladinne,63
Andhra Pradesh,Garugubilli,64
Andhra Pradesh,Ghantasala,65
Andhra Pradesh,Giddalur,66
Andhra Pradesh,Gokavaram,67
Andhra Pradesh,Gollaprolu,68
Andhra Pradesh,Golugonda,69
Andhra Pradesh,Gonegandla,70
Andhra Pradesh,Gooty,71
Andhra Pradesh,Gopalapuram,72
Andhra Pradesh,Gopavaram,73
Andhra Pradesh,Gorantla,74
Andhra Pradesh,Gospadu,75
Andhra Pradesh,Gudem Kotha Veedhi,76
Andhra Pradesh,Gudibanda,77
Andhra Pradesh,Gudipala,78
Andhra Pradesh,Gudivada,79
Andhra Pradesh,Gudlavalleru,80
Andhra Pradesh,Gudluru,81
Andhra Pradesh,Gudupalle,82
Andhra Pradesh,Gudur,83
Andhra Pradesh,Guduru,84
Andhra Pradesh,Gummagatta,85
Andhra Pradesh,Gummalakshmipuram,86
Andhra Pradesh,Guntakal,87
Andhra Pradesh,Guntur,88
Andhra Pradesh,Gurazala,89
Andhra Pradesh,Gurla,90
Andhra Pradesh,Gurramkonda,91
Andhra Pradesh,Halaharvi,92
Andhra Pradesh,Hanumanthuni Padu,93
Andhra Pradesh,Hindupur,94
Andhra Pradesh,Hiramandalam,95
Andhra Pradesh,Holagunda,96
Andhra Pradesh,Hukumpeta,97
Andhra Pradesh,I. Polavaram,98
Andhra Pradesh,Ibrahimpatnam,99
Andhra Pradesh,Ichchapuram,100
Andhra Pradesh,Indukurpet,1
Andhra Pradesh,Inkollu,2
Andhra Pradesh,Ipur,3
Andhra Pradesh,Iragavaram,4
Andhra Pradesh,Irala,5
Andhra Pradesh,Jaggampeta,6
Andhra Pradesh,Jaggayyapeta,7
Andhra Pradesh,Jaladanki,8
Andhra Pradesh,Jalumuru,9
Andhra Pradesh,Jami,10
Andhra Pradesh,Jammalamadugu,11
Andhra Pradesh,Janakavarampanguluru,12
Andhra Pradesh,Jangareddigudem,13
Andhra Pradesh,Jeelugu Milli,14
Andhra Pradesh,Jiyyammavalasa,15
Andhra Pradesh,Jupadu Bungalow,16
Andhra Pradesh,K Gangavaram,17
Andhra Pradesh,K.Kotapadu,18
Andhra Pradesh,K.V.B.Puram,19
Andhra Pradesh,Kadiam,20
Andhra Pradesh,Kadiri,21
Andhra Pradesh,Kaikalur,22
Andhra Pradesh,Kajuluru,23
Andhra Pradesh,Kakinada  Rural,24
Andhra Pradesh,Kakinada (Urban),25
Andhra Pradesh,Kakumanu,26
Andhra Pradesh,Kalakada,27
Andhra Pradesh,Kalasapadu,28
Andhra Pradesh,Kalidindi,29
Andhra Pradesh,Kaligiri,30
Andhra Pradesh,Kalikiri,31
Andhra Pradesh,Kalla,32
Andhra Pradesh,Kallur,33
Andhra Pradesh,Kaluvoya,34
Andhra Pradesh,Kalyandurg,35
Andhra Pradesh,Kamalapuram,36
Andhra Pradesh,Kamavarapukota,37
Andhra Pradesh,Kambadur,38
Andhra Pradesh,Kambhamvaripalle,39
Andhra Pradesh,Kanaganapalle,40
Andhra Pradesh,Kanchikacherla,41
Andhra Pradesh,Kanchili,42
Andhra Pradesh,Kandukur,43
Andhra Pradesh,Kanekal,44
Andhra Pradesh,Kanigiri,45
Andhra Pradesh,Kankipadu,46
Andhra Pradesh,Kapileswarapuram,47
Andhra Pradesh,Karamchedu,48
Andhra Pradesh,Karapa,49
Andhra Pradesh,Karempudi,50
Andhra Pradesh,Karlapalem,51
Andhra Pradesh,Karvetinagar,52
Andhra Pradesh,Kasimkota,53
Andhra Pradesh,Katrenikona,54
Andhra Pradesh,Kavali,55
Andhra Pradesh,Kaviti,56
Andhra Pradesh,Khajipet,57
Andhra Pradesh,Kirlampudi,58
Andhra Pradesh,Kodavalur,59
Andhra Pradesh,Kodumur,60
Andhra Pradesh,Kodur,61
Andhra Pradesh,Koduru,62
Andhra Pradesh,Koilkuntla,63
Andhra Pradesh,Kolimigundla,64
Andhra Pradesh,Kollipara,65
Andhra Pradesh,Kollur,66
Andhra Pradesh,Komarada,67
Andhra Pradesh,Komarolu,68
Andhra Pradesh,Konakanamitla,69
Andhra Pradesh,Kondapi,70
Andhra Pradesh,Kondapuram,71
Andhra Pradesh,Korisapadu,72
Andhra Pradesh,Korukonda,73
Andhra Pradesh,Kosigi,74
Andhra Pradesh,Kota,75
Andhra Pradesh,Kotabommali,76
Andhra Pradesh,Kotananduru,77
Andhra Pradesh,Kotauratla,78
Andhra Pradesh,Kotha Patnam,79
Andhra Pradesh,Kothacheruvu,80
Andhra Pradesh,Kothapalle,81
Andhra Pradesh,Kothapeta,82
Andhra Pradesh,Kothavalasa,83
Andhra Pradesh,Kothuru,84
Andhra Pradesh,Kovur,85
Andhra Pradesh,Kovvur,86
Andhra Pradesh,Kowthalam,87
Andhra Pradesh,Koyyalagudem,88
Andhra Pradesh,Koyyuru,89
Andhra Pradesh,Krishnagiri,90
Andhra Pradesh,Krosuru,91
Andhra Pradesh,Kruthivennu,92
Andhra Pradesh,Kudair,93
Andhra Pradesh,Kukunoor,94
Andhra Pradesh,Kunavaram,95
Andhra Pradesh,Kundurpi,96
Andhra Pradesh,Kuppam,97
Andhra Pradesh,Kurabalakota,98
Andhra Pradesh,Kurichedu,99
Andhra Pradesh,Kurnool,100
Andhra Pradesh,Kurupam,1
Andhra Pradesh,Lakkavarapukota,2
Andhra Pradesh,Lakkireddipalle,3
Andhra Pradesh,Lakshminarsupeta,4
Andhra Pradesh,Laveru,5
Andhra Pradesh,Lepakshi,6
Andhra Pradesh,Lingala,7
Andhra Pradesh,Lingapalem,8
Andhra Pradesh,Lingasamudram,9
Andhra Pradesh,Machavaram,10
Andhra Pradesh,Macherla,11
Andhra Pradesh,Machilipatnam,12
Andhra Pradesh,Madakasira,13
Andhra Pradesh,Madanapalle,14
Andhra Pradesh,Maddikera  East,15
Andhra Pradesh,Maddipadu,16
Andhra Pradesh,Madugula,17
Andhra Pradesh,Mahanandi,18
Andhra Pradesh,Makavarapalem,19
Andhra Pradesh,Makkuva,20
Andhra Pradesh,Malikipuram,21
Andhra Pradesh,Mamidikuduru,22
Andhra Pradesh,Mandapeta,23
Andhra Pradesh,Mandasa,24
Andhra Pradesh,Mandavalli,25
Andhra Pradesh,Mangalagiri,26
Andhra Pradesh,Mantralayam,27
Andhra Pradesh,Manubolu,28
Andhra Pradesh,Maredumilli,29
Andhra Pradesh,Markapur,30
Andhra Pradesh,Marripadu,31
Andhra Pradesh,Marripudi,32
Andhra Pradesh,Martur,33
Andhra Pradesh,Medikonduru,34
Andhra Pradesh,Meliaputti,35
Andhra Pradesh,Mentada,36
Andhra Pradesh,Merakamudidam,37
Andhra Pradesh,Midthur,38
Andhra Pradesh,Mogalthur,39
Andhra Pradesh,Mopidevi,40
Andhra Pradesh,Movva,41
Andhra Pradesh,Muddanur,42
Andhra Pradesh,Mudigubba,43
Andhra Pradesh,Mudinepalle,44
Andhra Pradesh,Mulakalacheruvu,45
Andhra Pradesh,Mummidivaram,46
Andhra Pradesh,Munagapaka,47
Andhra Pradesh,Munchingi Puttu,48
Andhra Pradesh,Mundlamuru,49
Andhra Pradesh,Muppalla,50
Andhra Pradesh,Musunuru,51
Andhra Pradesh,Muthukur,52
Andhra Pradesh,Mylavaram,53
Andhra Pradesh,Nadendla,54
Andhra Pradesh,Nagalapuram,55
Andhra Pradesh,Nagaram,56
Andhra Pradesh,Nagari,57
Andhra Pradesh,Nagayalanka,58
Andhra Pradesh,Naguluppala Padu,59
Andhra Pradesh,Naidupet,60
Andhra Pradesh,Nakkapalle,61
Andhra Pradesh,Nallacheruvu,62
Andhra Pradesh,Nallajerla,63
Andhra Pradesh,Nallamada,64
Andhra Pradesh,Nambulipulikunta,65
Andhra Pradesh,Nandalur,66
Andhra Pradesh,Nandavaram,67
Andhra Pradesh,Nandigam,68
Andhra Pradesh,Nandigama,69
Andhra Pradesh,Nandikotkur,70
Andhra Pradesh,Nandivada,71
Andhra Pradesh,Nandyal,72
Andhra Pradesh,Narasannapeta,73
Andhra Pradesh,Narasapuram,74
Andhra Pradesh,Narasaraopet,75
Andhra Pradesh,Narayanavanam,76
Andhra Pradesh,Narpala,77
Andhra Pradesh,Narsipatnam,78
Andhra Pradesh,Nathavaram,79
Andhra Pradesh,Nekarikallu,80
Andhra Pradesh,Nellimarla,81
Andhra Pradesh,Nellipaka,82
Andhra Pradesh,Nellore,83
Andhra Pradesh,Nidadavole,84
Andhra Pradesh,Nidamarru,85
Andhra Pradesh,Nimmanapalle,86
Andhra Pradesh,Nindra,87
Andhra Pradesh,Nizampatnam,88
Andhra Pradesh,Nuzendla,89
Andhra Pradesh,Nuzvid,90
Andhra Pradesh,Obuladevaracheruvu,91
Andhra Pradesh,Obulavaripalle,92
Andhra Pradesh,Ojili,93
Andhra Pradesh,Ongole,94
Andhra Pradesh,Orvakal,95
Andhra Pradesh,Owk,96
Andhra Pradesh,P.Gannavaram,97
Andhra Pradesh,Pachipenta,98
Andhra Pradesh,Paderu,99
Andhra Pradesh,Padmanabham,100
Andhra Pradesh,Pagidyala,1
Andhra Pradesh,Pakala,2
Andhra Pradesh,Palacoderu,3
Andhra Pradesh,Palacole,4
Andhra Pradesh,Palakonda,5
Andhra Pradesh,Palamaner,6
Andhra Pradesh,Palasa,7
Andhra Pradesh,Palasamudram,8
Andhra Pradesh,Pamarru,9
Andhra Pradesh,Pamidi,10
Andhra Pradesh,Pamidimukkala,11
Andhra Pradesh,Pamulapadu,12
Andhra Pradesh,Pamur,13
Andhra Pradesh,Panyam,14
Andhra Pradesh,Paravada,15
Andhra Pradesh,Parchur,16
Andhra Pradesh,Parigi,17
Andhra Pradesh,Parvathipuram,18
Andhra Pradesh,Pathapatnam,19
Andhra Pradesh,Pattikonda,20
Andhra Pradesh,Payakaraopeta,21
Andhra Pradesh,Peapally,22
Andhra Pradesh,Peda  Araveedu,23
Andhra Pradesh,Peda Bayalu,24
Andhra Pradesh,Pedacherlo Palle,25
Andhra Pradesh,Pedagantyada,26
Andhra Pradesh,Pedakakani,27
Andhra Pradesh,Pedakurapadu,28
Andhra Pradesh,Pedana,29
Andhra Pradesh,Pedanandipadu,30
Andhra Pradesh,Pedapadu,31
Andhra Pradesh,Pedaparupudi,32
Andhra Pradesh,Pedapudi,33
Andhra Pradesh,Pedavegi,34
Andhra Pradesh,Pedda Kadubur,35
Andhra Pradesh,Pedda Thippasamudram,36
Andhra Pradesh,Peddamandyam,37
Andhra Pradesh,Peddamudium,38
Andhra Pradesh,Peddapanjani,39
Andhra Pradesh,Peddapappur,40
Andhra Pradesh,Peddapuram,41
Andhra Pradesh,Peddavadugur,42
Andhra Pradesh,Pellakur,43
Andhra Pradesh,Penagalur,44
Andhra Pradesh,Penamaluru,45
Andhra Pradesh,Pendlimarri,46
Andhra Pradesh,Pendurthi,47
Andhra Pradesh,Pentapadu,48
Andhra Pradesh,Penuganchiprolu,49
Andhra Pradesh,Penugonda,50
Andhra Pradesh,Penukonda,51
Andhra Pradesh,Penumantra,52
Andhra Pradesh,Penumuru,53
Andhra Pradesh,Peravali,54
Andhra Pradesh,Phirangipuram,55
Andhra Pradesh,Pichatur,56
Andhra Pradesh,Piduguralla,57
Andhra Pradesh,Pileru,58
Andhra Pradesh,Pithapuram,59
Andhra Pradesh,Pittalavanipalem,60
Andhra Pradesh,Podalakur,61
Andhra Pradesh,Podili,62
Andhra Pradesh,Poduru,63
Andhra Pradesh,Polaki,64
Andhra Pradesh,Polavaram,65
Andhra Pradesh,Ponduru,66
Andhra Pradesh,Ponnaluru,67
Andhra Pradesh,Ponnur,68
Andhra Pradesh,Porumamilla,69
Andhra Pradesh,Prathipadu,70
Andhra Pradesh,Proddatur,71
Andhra Pradesh,Pulicherla,72
Andhra Pradesh,Pulivendla,73
Andhra Pradesh,Pullalacheruvu,74
Andhra Pradesh,Pullampeta,75
Andhra Pradesh,Punganur,76
Andhra Pradesh,Pusapatirega,77
Andhra Pradesh,Puthalapattu,78
Andhra Pradesh,Putlur,79
Andhra Pradesh,Puttaparthi,80
Andhra Pradesh,Puttur,81
Andhra Pradesh,Racherla,82
Andhra Pradesh,Rajahmundry (Urban),83
Andhra Pradesh,Rajahmundry(Rural),84
Andhra Pradesh,Rajam,85
Andhra Pradesh,Rajampet,86
Andhra Pradesh,Rajanagaram,87
Andhra Pradesh,Rajavommangi,88
Andhra Pradesh,Rajupalem,89
Andhra Pradesh,Ramabhadrapuram,90
Andhra Pradesh,Ramachandrapuram,91
Andhra Pradesh,Ramagiri,92
Andhra Pradesh,Ramakuppam,93
Andhra Pradesh,Ramapuram,94
Andhra Pradesh,Ramasamudram,95
Andhra Pradesh,Rambilli,96
Andhra Pradesh,Rampachodavaram,97
Andhra Pradesh,Ranastalam,98
Andhra Pradesh,Rangampeta,99
Andhra Pradesh,Raptadu,100
Andhra Pradesh,Rapur,1
Andhra Pradesh,Ravikamatham,2
Andhra Pradesh,Ravulapalem,3
Andhra Pradesh,Rayachoti,4
Andhra Pradesh,Rayadurg,5
Andhra Pradesh,Rayavaram,6
Andhra Pradesh,Razole,7
Andhra Pradesh,Reddigudem,8
Andhra Pradesh,Regidi Amadalavalasa,9
Andhra Pradesh,Renigunta,10
Andhra Pradesh,Rentachintala,11
Andhra Pradesh,Repalle,12
Andhra Pradesh,Roddam,13
Andhra Pradesh,Rolla,14
Andhra Pradesh,Rolugunta,15
Andhra Pradesh,Rompicherla,16
Andhra Pradesh,Rowthulapudi,17
Andhra Pradesh,Rudravaram,18
Andhra Pradesh,S.Mydukur,19
Andhra Pradesh,S.Rayavaram,20
Andhra Pradesh,Sabbavaram,21
Andhra Pradesh,Sakhinetipalle,22
Andhra Pradesh,Salur,23
Andhra Pradesh,Samalkota,24
Andhra Pradesh,Sambepalle,25
Andhra Pradesh,Sangam,26
Andhra Pradesh,Sanjamala,27
Andhra Pradesh,Sankhavaram,28
Andhra Pradesh,Santhabommali,29
Andhra Pradesh,Santhakaviti,30
Andhra Pradesh,Santhamaguluru,31
Andhra Pradesh,Santhanuthala Padu,32
Andhra Pradesh,Santhipuram,33
Andhra Pradesh,Saravakota,34
Andhra Pradesh,Sarubujjili,35
Andhra Pradesh,Sattenapalle,36
Andhra Pradesh,Satyavedu,37
Andhra Pradesh,Savalyapuram H/O Kanamarlapudi,38
Andhra Pradesh,Seethampeta,39
Andhra Pradesh,Seethanagaram,40
Andhra Pradesh,Seetharamapuram,41
Andhra Pradesh,Settur,42
Andhra Pradesh,Sidhout,43
Andhra Pradesh,Simhadripuram,44
Andhra Pradesh,Singanamala,45
Andhra Pradesh,Singarayakonda,46
Andhra Pradesh,Sirvel,47
Andhra Pradesh,Sodam,48
Andhra Pradesh,Somala,49
Andhra Pradesh,Somandepalle,50
Andhra Pradesh,Sompeta,51
Andhra Pradesh,Sri Avadhutha Kasinayana,52
Andhra Pradesh,Srikakulam,53
Andhra Pradesh,Srikalahasti,54
Andhra Pradesh,Srirangarajapuram,55
Andhra Pradesh,Srisailam,56
Andhra Pradesh,Srungavarapukota,57
Andhra Pradesh,Sullurpeta,58
Andhra Pradesh,Sydapuram,59
Andhra Pradesh,T Sundupalle,60
Andhra Pradesh,T.Narasapuram,61
Andhra Pradesh,Tada,62
Andhra Pradesh,Tadepalle,63
Andhra Pradesh,Tadepalligudem,64
Andhra Pradesh,Tadikonda,65
Andhra Pradesh,Tadimarri,66
Andhra Pradesh,Tadpatri,67
Andhra Pradesh,Tallapudi,68
Andhra Pradesh,Tallur,69
Andhra Pradesh,Talupula,70
Andhra Pradesh,Tanakal,71
Andhra Pradesh,Tangutur,72
Andhra Pradesh,Tanuku,73
Andhra Pradesh,Tarlupadu,74
Andhra Pradesh,Tekkali,75
Andhra Pradesh,Tenali,76
Andhra Pradesh,Thallarevu,77
Andhra Pradesh,Thamballapalle,78
Andhra Pradesh,Thavanampalle,79
Andhra Pradesh,Therlam,80
Andhra Pradesh,Thondangi,81
Andhra Pradesh,Thondur,82
Andhra Pradesh,Thotapalligudur,83
Andhra Pradesh,Thotlavalluru,84
Andhra Pradesh,Thottambedu,85
Andhra Pradesh,Thullur,86
Andhra Pradesh,Tirupati  Rural,87
Andhra Pradesh,Tirupati Urban,88
Andhra Pradesh,Tiruvuru,89
Andhra Pradesh,Tripuranthakam,90
Andhra Pradesh,Tsundur,91
Andhra Pradesh,Tuggali,92
Andhra Pradesh,Tuni,93
Andhra Pradesh,Udayagiri,94
Andhra Pradesh,Ulavapadu,95
Andhra Pradesh,Undi,96
Andhra Pradesh,Undrajavaram,97
Andhra Pradesh,Unguturu,98
Andhra Pradesh,Uppalaguptam,99
Andhra Pradesh,Uravakonda,100
Andhra Pradesh,Uyyalawada,1
Andhra Pradesh,Vadamalapeta,2
Andhra Pradesh,Vajrakarur,3
Andhra Pradesh,Vajrapukothuru,4
Andhra Pradesh,Vakadu,5
Andhra Pradesh,Vallur,6
Andhra Pradesh,Valmikipuram,7
Andhra Pradesh,Vangara,8
Andhra Pradesh,Varadaiahpalem,9
Andhra Pradesh,Vararamachandrapuram,10
Andhra Pradesh,Varikuntapadu,11
Andhra Pradesh,Vatsavai,12
Andhra Pradesh,Vatticherukuru,13
Andhra Pradesh,Vedurukuppam,14
Andhra Pradesh,Veeraballe,15
Andhra Pradesh,Veeraghattam,16
Andhra Pradesh,Veerapunayunipalle,17
Andhra Pradesh,Veeravasaram,18
Andhra Pradesh,Veerullapadu,19
Andhra Pradesh,Velairpadu,20
Andhra Pradesh,Veldurthi,21
Andhra Pradesh,Velgode,22
Andhra Pradesh,Veligandla,23
Andhra Pradesh,Vempalle,24
Andhra Pradesh,Vemula,25
Andhra Pradesh,Vemuru,26
Andhra Pradesh,Venkatachalam,27
Andhra Pradesh,Venkatagiri,28
Andhra Pradesh,Venkatagirikota,29
Andhra Pradesh,Vepada,30
Andhra Pradesh,Vetapalem,31
Andhra Pradesh,Vidapanakal,32
Andhra Pradesh,Vidavalur,33
Andhra Pradesh,Vijayapuram,34
Andhra Pradesh,Vijayawada (Rural),35
Andhra Pradesh,Vijayawada (Urban),36
Andhra Pradesh,Vinjamur,37
Andhra Pradesh,Vinukonda,38
Andhra Pradesh,Visakhapatnam,39
Andhra Pradesh,Visakhapatnam Urban,40
Andhra Pradesh,Vissannapet,41
Andhra Pradesh,Vizianagaram,42
Andhra Pradesh,Voletivaripalem,43
Andhra Pradesh,Vontimitta,44
Andhra Pradesh,Vuyyuru,45
Andhra Pradesh,Y. Ramavaram,46
Andhra Pradesh,Yadamarri,47
Andhra Pradesh,Yadiki,48
Andhra Pradesh,Yeddana Pudi,49
Andhra Pradesh,Yelamanchili,50
Andhra Pradesh,Yeleswaram,51
Andhra Pradesh,Yellanur,52
Andhra Pradesh,Yemmiganur,53
Andhra Pradesh,Yerpedu,54
Andhra Pradesh,Yerragondapalem,55
Andhra Pradesh,Yerraguntla,56
Andhra Pradesh,Yerravaripalem,57
Andhra Pradesh,Zarugumalli,58
Arunachal Pradesh,Along,59
Arunachal Pradesh,Anelih,60
Arunachal Pradesh,Anini,61
Arunachal Pradesh,Balijan,62
Arunachal Pradesh,Balimau,63
Arunachal Pradesh,Baririj,64
Arunachal Pradesh,Basar,65
Arunachal Pradesh,Bemeng,66
Arunachal Pradesh,Bhalukrong,67
Arunachal Pradesh,Bilat,68
Arunachal Pradesh,Boleng,69
Arunachal Pradesh,Bomdila,70
Arunachal Pradesh,Bordumsa,71
Arunachal Pradesh,Chaglagam,72
Arunachal Pradesh,Chambang,73
Arunachal Pradesh,Changlang,74
Arunachal Pradesh,Chayangtajo,75
Arunachal Pradesh,Chongkham,76
Arunachal Pradesh,Dambuk,77
Arunachal Pradesh,Daporlie,78
Arunachal Pradesh,Darak,79
Arunachal Pradesh,Daring,80
Arunachal Pradesh,Desali,81
Arunachal Pradesh,Dirang,82
Arunachal Pradesh,Diyun,83
Arunachal Pradesh,Doimukh,84
Arunachal Pradesh,Dollungmukh,85
Arunachal Pradesh,Dumporijo,86
Arunachal Pradesh,Etalin,87
Arunachal Pradesh,Geku,88
Arunachal Pradesh,Gelling,89
Arunachal Pradesh,Gensi,90
Arunachal Pradesh,Giba,91
Arunachal Pradesh,Goiliang,92
Arunachal Pradesh,Hawai,93
Arunachal Pradesh,Hayuliang,94
Arunachal Pradesh,Hunil,95
Arunachal Pradesh,Hurid(Damin),96
Arunachal Pradesh,Itanagar,97
Arunachal Pradesh,Jamiri,98
Arunachal Pradesh,Jengging,99
Arunachal Pradesh,Jomlu,100
Arunachal Pradesh,Kalaktaang,1
Arunachal Pradesh,Kangku,2
Arunachal Pradesh,Kanubari,3
Arunachal Pradesh,Katan,4
Arunachal Pradesh,Kaying,5
Arunachal Pradesh,Kharsang,6
Arunachal Pradesh,Khenewa,7
Arunachal Pradesh,Khimiyong,8
Arunachal Pradesh,Khonsa,9
Arunachal Pradesh,Kibithoo,10
Arunachal Pradesh,Kimin,11
Arunachal Pradesh,Koloring,12
Arunachal Pradesh,Koronu,13
Arunachal Pradesh,Koyu,14
Arunachal Pradesh,Kronli,15
Arunachal Pradesh,Laju,16
Arunachal Pradesh,Leda,17
Arunachal Pradesh,Lekang(Mahadevpur),18
Arunachal Pradesh,Leporiang,19
Arunachal Pradesh,Likabali,20
Arunachal Pradesh,Limeking,21
Arunachal Pradesh,Liromoba,22
Arunachal Pradesh,Longding,23
Arunachal Pradesh,Longding Koling,24
Arunachal Pradesh,Manchal,25
Arunachal Pradesh,Manmao,26
Arunachal Pradesh,Mariyang,27
Arunachal Pradesh,Mebo,28
Arunachal Pradesh,Mechuka,29
Arunachal Pradesh,Mengio,30
Arunachal Pradesh,Miao,31
Arunachal Pradesh,Migging,32
Arunachal Pradesh,Mipi,33
Arunachal Pradesh,Monigong,34
Arunachal Pradesh,Mukto,35
Arunachal Pradesh,Nacho,36
Arunachal Pradesh,Nafra,37
Arunachal Pradesh,Naharlagun,38
Arunachal Pradesh,Nampong,39
Arunachal Pradesh,Namsai,40
Arunachal Pradesh,Namtok,41
Arunachal Pradesh,Nari,42
Arunachal Pradesh,New Seren,43
Arunachal Pradesh,Nyapin,44
Arunachal Pradesh,Pakke-Keshang,45
Arunachal Pradesh,Palin,46
Arunachal Pradesh,Palling,47
Arunachal Pradesh,Pangchao,48
Arunachal Pradesh,Pangin,49
Arunachal Pradesh,Parang,50
Arunachal Pradesh,Parsi Parlo,51
Arunachal Pradesh,Pasighat,52
Arunachal Pradesh,Payeng,53
Arunachal Pradesh,Payum,54
Arunachal Pradesh,Pidi,55
Arunachal Pradesh,Pipu-Dipu,56
Arunachal Pradesh,Pistana,57
Arunachal Pradesh,Piyong,58
Arunachal Pradesh,Puchigeku,59
Arunachal Pradesh,Pumao,60
Arunachal Pradesh,Raga,61
Arunachal Pradesh,Renuk,62
Arunachal Pradesh,Ribo Targing,63
Arunachal Pradesh,Richukrong,64
Arunachal Pradesh,Riga,65
Arunachal Pradesh,Roing,66
Arunachal Pradesh,Rumgong,67
Arunachal Pradesh,Rupa,68
Arunachal Pradesh,Sagalee,69
Arunachal Pradesh,Sangram,70
Arunachal Pradesh,Sarli,71
Arunachal Pradesh,Seijosa,72
Arunachal Pradesh,Seppa,73
Arunachal Pradesh,Seva,74
Arunachal Pradesh,Singa,75
Arunachal Pradesh,Siyum,76
Arunachal Pradesh,Sunpura,77
Arunachal Pradesh,Taksiang,78
Arunachal Pradesh,Tali,79
Arunachal Pradesh,Taliha,80
Arunachal Pradesh,Tarak-Lengdi,81
Arunachal Pradesh,Tato,82
Arunachal Pradesh,Tezu,83
Arunachal Pradesh,Thingbu,84
Arunachal Pradesh,Thrizino,85
Arunachal Pradesh,Tikhak Rima Putok,86
Arunachal Pradesh,Tirbin,87
Arunachal Pradesh,Tuting,88
Arunachal Pradesh,Vijoynagar,89
Arunachal Pradesh,Wakka,90
Arunachal Pradesh,Wakro,91
Arunachal Pradesh,Walong,92
Arunachal Pradesh,Yachuli,93
Arunachal Pradesh,Yingkiong,94
Arunachal Pradesh,Yomcha,95
Arunachal Pradesh,Ziro,96
Assam,Agomani,97
Assam,Algapur,98
Assam,Amguri,99
Assam,Badarpur,100
Assam,Baghmara,1
Assam,Bajali,2
Assam,Balijana,3
Assam,Balipara,4
Assam,Banaskandi,5
Assam,Barbaruah,6
Assam,Barbhag,7
Assam,Barchala,8
Assam,Barhampur,9
Assam,Barkhala,10
Assam,Barkhetri,11
Assam,Barpeta,12
Assam,Batabraba (Part),13
Assam,Batadraba,14
Assam,Bechimari,15
Assam,Behali,16
Assam,Bezera,17
Assam,Bhabanipur,18
Assam,Bhurbandha,19
Assam,Bihaguri,20
Assam,Bihdiya Jajikona,21
Assam,Bihpuria,22
Assam,Bilasipara,23
Assam,Binakandi,24
Assam,Binnakandi,25
Assam,Birsing Jarua,26
Assam,Biswanath,27
Assam,Boginadi,28
Assam,Boitamari,29
Assam,Boko,30
Assam,Bongaon,31
Assam,Borbhag,32
Assam,Bordoloni,33
Assam,Borjalenga,34
Assam,Chaiduar,35
Assam,Chakchaka,36
Assam,Chamaria,37
Assam,Chandrapur,38
Assam,Chapor Shalkocha,39
Assam,Chatia,40
Assam,Chayani Barduar,41
Assam,Chaygaon,42
Assam,Chenga,43
Assam,Dakhin  Salmara,44
Assam,Dalgaon Sialmari,45
Assam,Dangtol,46
Assam,Debitola,47
Assam,Demow,48
Assam,Dhakhuakhana,49
Assam,Dhalpukhuri,50
Assam,Dhekiajuli,51
Assam,Dhemaji,52
Assam,Dimoria,53
Assam,Dullavcherra,54
Assam,Dulongghat,55
Assam,Fekamari,56
Assam,Gabharu,57
Assam,Gauripur,58
Assam,Gaurisagar,59
Assam,Ghilamara,60
Assam,Gobardhana,61
Assam,Golaghat Central,62
Assam,Golaghat East,63
Assam,Golaghat North,64
Assam,Golaghat South,65
Assam,Golaghat West,66
Assam,Golokganj,67
Assam,Goma Phulbari,68
Assam,Gomariguri,69
Assam,Goraimari,70
Assam,Guijan,71
Assam,Hailakandi,72
Assam,Hajo,73
Assam,Hapjan,74
Assam,Itakhuli,75
Assam,Jaleshwar,76
Assam,Jamadarhat,77
Assam,Jorhat,78
Assam,Jorhat Central,79
Assam,Jorhat East,80
Assam,Joypur,81
Assam,Jugijan,82
Assam,Juria,83
Assam,Kakodonga,84
Assam,Kakopathar,85
Assam,Kalaigaon,86
Assam,Kalain,87
Assam,Kaliabor,88
Assam,Kaliapani,89
Assam,Kamalpur,90
Assam,Kapili,91
Assam,Kapili Part,92
Assam,Karunabari,93
Assam,Kathiatali,94
Assam,Katigorah,95
Assam,Katlichara,96
Assam,Khagariyan,97
Assam,Kharmuza,98
Assam,Khowang,99
Assam,Krishnai,100
Assam,Kuchdhowa,1
Assam,Laharighat,2
Assam,Lahoal,3
Assam,Lakhimpur,4
Assam,Lakhipur,5
Assam,Lakwa,6
Assam,Lala,7
Assam,Lawkhowa,8
Assam,Lowairpoa,9
Assam,Lumding,10
Assam,Machkhowa,11
Assam,Madhupur,12
Assam,Majuli,13
Assam,Manikpur,14
Assam,Mankachar,15
Assam,Margherita,16
Assam,Matia,17
Assam,Mayang,18
Assam,Moirabari,19
Assam,Moirabari Part,20
Assam,Mondia,21
Assam,Morongi,22
Assam,Murkongselek,23
Assam,Naduar,24
Assam,Narayanpur,25
Assam,Narsingpur,26
Assam,Nayeralga,27
Assam,Nazira,28
Assam,North Karimganj,29
Assam,North West Jorhat,30
Assam,Nowboicha,31
Assam,Pachim Abhaipur,32
Assam,Pachim Kaliabor,33
Assam,Pachim Mangaldai,34
Assam,Pakabetbari,35
Assam,Pakhimaria,36
Assam,Palonghat,37
Assam,Panitola,38
Assam,Paschim Nalbari,39
Assam,Patharkandi,40
Assam,Pub Chaiduar,41
Assam,Pub Nalbari,42
Assam,Pub-Mangaldai,43
Assam,Rajabazar,44
Assam,Ramkrishna Nagar,45
Assam,Rampur,46
Assam,Rangapara,47
Assam,Rangia,48
Assam,Rani,49
Assam,Rani Part,50
Assam,Roha,51
Assam,Rongjuli,52
Assam,Rupahi,53
Assam,Ruposhi,54
Assam,Rupshi,55
Assam,Sadiya,56
Assam,Saikhowa,57
Assam,Sakomatha,58
Assam,Salchapra,59
Assam,Sapekhati,60
Assam,Sarukhetri,61
Assam,Silchar,62
Assam,Sipajhar,63
Assam,Sissiborgaon,64
Assam,Sivasagar,65
Assam,Sonari,66
Assam,South Hailakandi,67
Assam,South Karimganj,68
Assam,Srijangram,69
Assam,Sualkuchi,70
Assam,Tapang,71
Assam,Tapattary,72
Assam,Telahi,73
Assam,Tengakhat,74
Assam,Tihu,75
Assam,Tingkhong,76
Assam,Titabor,77
Assam,Udali,78
Assam,Udharbond,79
Assam,Ujani Majuli,80
Bihar,Adapur,81
Bihar,Adhaura,82
Bihar,Agiaon,83
Bihar,Akbarpur,84
Bihar,Akhorigola,85
Bihar,Alamnagar,86
Bihar,Alauli,87
Bihar,Alinagar,88
Bihar,Amarpur,89
Bihar,Amas,90
Bihar,Amdabad,91
Bihar,Amnour,92
Bihar,Amour,93
Bihar,Andar,94
Bihar,Andhratharhi,95
Bihar,Ara,96
Bihar,Araria,97
Bihar,Areraj,98
Bihar,Ariari,99
Bihar,Arwal,100
Bihar,Asarganj,1
Bihar,Asthawan,2
Bihar,Athamalgola,3
Bihar,Atri,4
Bihar,Aurai,5
Bihar,Aurangabad,6
Bihar,Azamnagar,7
Bihar,Babu barhi,8
Bihar,Bachhwara,9
Bihar,Bagaha-i,10
Bihar,Bagaha-ii,11
Bihar,Bahadurganj,12
Bihar,Bahadurpur,13
Bihar,Baheri,14
Bihar,Baikunthpur,15
Bihar,Bairgania,16
Bihar,Bairia,17
Bihar,Baisa,18
Bihar,Baisi,19
Bihar,Bajpatti,20
Bihar,Bakhri,21
Bihar,Bakhtiarpur,22
Bihar,Balia,23
Bihar,Balrampur,24
Bihar,Bandra,25
Bihar,Baniapur,26
Bihar,Banjariya,27
Bihar,Banka,28
Bihar,Bankatwa,29
Bihar,Bankey bazar,30
Bihar,Banma  itahari,31
Bihar,Banmankhi,32
Bihar,Barachatti,33
Bihar,Barahat,34
Bihar,Barahiya,35
Bihar,Barari,36
Bihar,Barauli,37
Bihar,Barauni,38
Bihar,Barbigha,39
Bihar,Barh,40
Bihar,Barhara,41
Bihar,Barharia,42
Bihar,Barhat,43
Bihar,Bariyarpur,44
Bihar,Barsoi,45
Bihar,Barun,46
Bihar,Basantpur,47
Bihar,Basopatti,48
Bihar,Bathanaha,49
Bihar,Bausi,50
Bihar,Begusarai,51
Bihar,Behea,52
Bihar,Belaganj,53
Bihar,Belchchi,54
Bihar,Beldaur,55
Bihar,Belhar,56
Bihar,Belsand,57
Bihar,Ben,58
Bihar,Benipatti,59
Bihar,Benipur,60
Bihar,Bettiah,61
Bihar,Bhabua,62
Bihar,Bhagwanpur,63
Bihar,Bhagwanpur hat,64
Bihar,Bhargama,65
Bihar,Bhawanipur,66
Bihar,Bhitaha,67
Bihar,Bhorey,68
Bihar,Bibhutpur,69
Bihar,Bidupur,70
Bihar,Bihariganj,71
Bihar,Biharsharif,72
Bihar,Bihpur,73
Bihar,Bihta,74
Bihar,Bijaipur,75
Bihar,Bikram,76
Bihar,Bikramganj,77
Bihar,Bind,78
Bihar,Biraul,79
Bihar,Birpur,80
Bihar,Bisfi,81
Bihar,Bithan,82
Bihar,Bochahan,83
Bihar,Bodhgaya,84
Bihar,Bokhra,85
Bihar,Brahmpur,86
Bihar,Buxar,87
Bihar,Chainpur,88
Bihar,Chakai,89
Bihar,Chakia (pipra),90
Bihar,Chakki,91
Bihar,Chand,92
Bihar,Chandi,93
Bihar,Channan,94
Bihar,Chanpatia,95
Bihar,Charpokhari,96
Bihar,Chausa,97
Bihar,Chautham,98
Bihar,Chehrakala,99
Bihar,Chenari,100
Bihar,Cheria,1
Bihar,Chewara,2
Bihar,Chhapra,3
Bihar,Chhatapur,4
Bihar,Chhorahi,5
Bihar,Chiraiya,6
Bihar,Choraut,7
Bihar,Chougain,8
Bihar,Colgong,9
Bihar,Dagraua,10
Bihar,Dalsinghsarai,11
Bihar,Dandari,12
Bihar,Dandkhora,13
Bihar,Daniyawan,14
Bihar,Darauli,15
Bihar,Daraundha,16
Bihar,Darbhanga,17
Bihar,Dariapur,18
Bihar,Daudnagar,19
Bihar,Dawath,20
Bihar,Dehri,21
Bihar,Deo,22
Bihar,Desri,23
Bihar,Dhaka,24
Bihar,Dhamdaha,25
Bihar,Dhanarua,26
Bihar,Dharhara,27
Bihar,Dhuraiya,28
Bihar,Dighalbank,29
Bihar,Dighwara,30
Bihar,Dinapur,31
Bihar,Dinara,32
Bihar,Dobhi,33
Bihar,Dulhin bazar,34
Bihar,Dumari katsari,35
Bihar,Dumaria,36
Bihar,Dumra,37
Bihar,Dumraon,38
Bihar,Durgawati,39
Bihar,Ekangarsarai,40
Bihar,Ekma,41
Bihar,Falka,42
Bihar,Fatehpur,43
Bihar,Fatuha,44
Bihar,Forbesganj,45
Bihar,Fullidumar,46
Bihar,Gaighat,47
Bihar,Gamhariya,48
Bihar,Garaul,49
Bihar,Garhani,50
Bihar,Garhpura,51
Bihar,Garkha,52
Bihar,Gaunaha,53
Bihar,Gaurabauram,54
Bihar,Gaya town,55
Bihar,Ghanshyampur,56
Bihar,Ghat kusumbha,57
Bihar,Ghelarh,58
Bihar,Ghoghardiha,59
Bihar,Ghorasahan,60
Bihar,Ghoshi,61
Bihar,Ghoswari,62
Bihar,Gidhor,63
Bihar,Giriak,64
Bihar,Gobindpur,65
Bihar,Gogri,66
Bihar,Goh,67
Bihar,Gopalganj,68
Bihar,Gopalpur,69
Bihar,Goradih,70
Bihar,Goriakothi,71
Bihar,Guraru,72
Bihar,Gurua,73
Bihar,Guthani,74
Bihar,Gwalpara,75
Bihar,Hajipur,76
Bihar,Halsi,77
Bihar,Hanuman nagar,78
Bihar,Harlakhi,79
Bihar,Harnaut,80
Bihar,Harsidhi,81
Bihar,Hasan pura,82
Bihar,Hasanganj,83
Bihar,Hasanpur,84
Bihar,Haspura,85
Bihar,Hathua,86
Bihar,Hayaghat,87
Bihar,Hilsa,88
Bihar,Hisua,89
Bihar,Hulasganj,90
Bihar,Hussainganj,91
Bihar,Imamganj,92
Bihar,Islamnagar aliganj,93
Bihar,Islampur,94
Bihar,Ismailpur,95
Bihar,Isuapur,96
Bihar,Itarhi,97
Bihar,Jagdishpur,98
Bihar,Jainagar,99
Bihar,Jalalgarh,100
Bihar,Jalalpur,1
Bihar,Jale,2
Bihar,Jamalpur,3
Bihar,Jamui,4
Bihar,Jandaha,5
Bihar,Jehanabad,6
Bihar,Jhajha,7
Bihar,Jhanjharpur,8
Bihar,Jogapatti,9
Bihar,Jokihat,10
Bihar,Kadwa,11
Bihar,Kahara,12
Bihar,Kako,13
Bihar,Kaler,14
Bihar,Kaluahi,15
Bihar,Kalyanpur,16
Bihar,Kanti,17
Bihar,Kapri,18
Bihar,Karai parsurai,19
Bihar,Karakat,20
Bihar,Kargahar,21
Bihar,Kasba,22
Bihar,Kashichak,23
Bihar,Kataiya,24
Bihar,Katihar,25
Bihar,Katoria,26
Bihar,Katra,27
Bihar,Katrisarai,28
Bihar,Kawakole,29
Bihar,Keotirunway,30
Bihar,Kesaria,31
Bihar,Kesath,32
Bihar,Khagaria,33
Bihar,Khaira,34
Bihar,Khajauli,35
Bihar,Khanpur,36
Bihar,Kharagpur,37
Bihar,Kharik,38
Bihar,Khizarsarai,39
Bihar,Khudabandpur,40
Bihar,Khusrupur,41
Bihar,Kiratpur,42
Bihar,Kishanganj,43
Bihar,Kishanpur,44
Bihar,Kochadhaman,45
Bihar,Kochas,46
Bihar,Koilwar,47
Bihar,Konch,48
Bihar,Korha,49
Bihar,Kotwa,50
Bihar,Krityanand nagar,51
Bihar,Kuchaikote,52
Bihar,Kudra,53
Bihar,Kumarkhand,54
Bihar,Kurhani,55
Bihar,Kursakanta,56
Bihar,Kursela,57
Bihar,Kurtha,58
Bihar,Kusheshwar asthan,59
Bihar,Kusheswar asthan east,60
Bihar,Kutumba,61
Bihar,Ladania,62
Bihar,Lahladpur,63
Bihar,Lakhisarai,64
Bihar,Lakhnaur,65
Bihar,Lakri nabiganj,66
Bihar,Lalganj,67
Bihar,Laukaha (khutauna),68
Bihar,Laukahi,69
Bihar,Lauriya,70
Bihar,Laxmipur,71
Bihar,Madanpur,72
Bihar,Madhepur,73
Bihar,Madhepura,74
Bihar,Madhuban,75
Bihar,Madhubani,76
Bihar,Madhwapur,77
Bihar,Maharajganj,78
Bihar,Mahishi,79
Bihar,Mahnar,80
Bihar,Mahua,81
Bihar,Mainatand,82
Bihar,Mairwa,83
Bihar,Majhaulia,84
Bihar,Majorganj,85
Bihar,Maker,86
Bihar,Makhdumpur,87
Bihar,Maner,88
Bihar,Manigachhi,89
Bihar,Manihari,90
Bihar,Manjha,91
Bihar,Manjhi,92
Bihar,Manpur,93
Bihar,Mansahi,94
Bihar,Mansi,95
Bihar,Mansurchac,96
Bihar,Marauna,97
Bihar,Marhaurah,98
Bihar,Marwan,99
Bihar,Masaurhi,100
Bihar,Mashrakh,1
Bihar,Matihani,2
Bihar,Mehsi,3
Bihar,Mescaur,4
Bihar,Minapur,5
Bihar,Modanganj,6
Bihar,Mohania,7
Bihar,Mohanpur,8
Bihar,Mohiuddinagar,9
Bihar,Mohra,10
Bihar,Mokama,11
Bihar,Motihari,12
Bihar,Motipur,13
Bihar,Munger sadar,14
Bihar,Muraul,15
Bihar,Murliganj,16
Bihar,Mushahari,17
Bihar,Nabinagar,18
Bihar,Nagar nausa,19
Bihar,Nagra,20
Bihar,Nanpur,21
Bihar,Naokothi,22
Bihar,Narayanpur,23
Bihar,Nardiganj,24
Bihar,Narhat,25
Bihar,Narkatia (chawradan),26
Bihar,Narkatiaganj,27
Bihar,Narpatganj,28
Bihar,Nasriganj,29
Bihar,Nathnagar,30
Bihar,Naubatpur,31
Bihar,Naugachhia,32
Bihar,Nauhatta,33
Bihar,Nautan,34
Bihar,Nawada,35
Bihar,Nawanagar,36
Bihar,Nawhatta,37
Bihar,Neemchak bathani,38
Bihar,Nirmali,39
Bihar,Nokha,40
Bihar,Noorsarai,41
Bihar,Nuaon,42
Bihar,Obra,43
Bihar,Pachrukhi,44
Bihar,Paharpur,45
Bihar,Pakri barawan,46
Bihar,Pakridayal,47
Bihar,Palasi,48
Bihar,Paliganj,49
Bihar,Panapur,50
Bihar,Panchdeori,51
Bihar,Pandarak,52
Bihar,Pandaul,53
Bihar,Paraiya,54
Bihar,Parbalpur,55
Bihar,Parbatta,56
Bihar,Parihar,57
Bihar,Paroo,58
Bihar,Parsa,59
Bihar,Parsauni,60
Bihar,Patahi,61
Bihar,Patarghat,62
Bihar,Patedhi belsar,63
Bihar,Patepur,64
Bihar,Patna sadar,65
Bihar,Patori,66
Bihar,Phenhara,67
Bihar,Phulparas,68
Bihar,Phulwari,69
Bihar,Phulwariya,70
Bihar,Pipariya,71
Bihar,Pipra,72
Bihar,Pipra kothi,73
Bihar,Piprahi,74
Bihar,Piprasi,75
Bihar,Piro,76
Bihar,Pirpainti,77
Bihar,Pothia,78
Bihar,Pranpur,79
Bihar,Pratapganj,80
Bihar,Punpun,81
Bihar,Pupri,82
Bihar,Purani,83
Bihar,Purnahiya,84
Bihar,Purnia east,85
Bihar,Pusa,86
Bihar,Rafiganj,87
Bihar,Raghopur,88
Bihar,Raghunathpur,89
Bihar,Rahui,90
Bihar,Rajapakar,91
Bihar,Rajauli,92
Bihar,Rajaun,93
Bihar,Rajgir,94
Bihar,Rajnagar,95
Bihar,Rajpur,96
Bihar,Ramgarh,97
Bihar,Ramgarhwa,98
Bihar,Ramnagar,99
Bihar,Rampur,100
Bihar,Rangrachowk,1
Bihar,Raniganj,2
Bihar,Ratni faridpur,3
Bihar,Raxaul,4
Bihar,Revelganj,5
Bihar,Riga,6
Bihar,Roh,7
Bihar,Rohtas,8
Bihar,Rosera,9
Bihar,Runnisaidpur,10
Bihar,Rupouli,11
Bihar,Sabour,12
Bihar,Sahar,13
Bihar,Sahdei buzurg,14
Bihar,Sahebganj,15
Bihar,Sahebpur kamal,16
Bihar,Sakra,17
Bihar,Salkhua,18
Bihar,Samastipur,19
Bihar,Sameli,20
Bihar,Sampatchak,21
Bihar,Sandesh,22
Bihar,Sangrampur,23
Bihar,Sanjhouli,24
Bihar,Saraigarh bhaptiyahi,25
Bihar,Sarairanjan,26
Bihar,Saraiya,27
Bihar,Sarmera,28
Bihar,Sasaram,29
Bihar,Sattar  kattaiya,30
Bihar,Shahkund,31
Bihar,Shahpur,32
Bihar,Shambhuganj,33
Bihar,Shamho akhra kurha,34
Bihar,Shankarpur,35
Bihar,Sheikhopur sarai,36
Bihar,Sheikhpura,37
Bihar,Sheohar,38
Bihar,Sheosagar,39
Bihar,Sherghatty,40
Bihar,Shivaji nagar,41
Bihar,Sidhwaliya,42
Bihar,Sikandra,43
Bihar,Sikta,44
Bihar,Sikty,45
Bihar,Silao,46
Bihar,Simri,47
Bihar,Simri bakhtiarpur,48
Bihar,Singheshwar,49
Bihar,Singhia,50
Bihar,Singhwara,51
Bihar,Sirdala,52
Bihar,Siswan,53
Bihar,Siwan,54
Bihar,Sonbarsa,55
Bihar,Sonbhadra-bansi-surajpur,56
Bihar,Sonepur,57
Bihar,Sonhaula,58
Bihar,Sono,59
Bihar,Sour bazar,60
Bihar,Srinagar,61
Bihar,Sugauli,62
Bihar,Sultanganj,63
Bihar,Supaul,64
Bihar,Suppi,65
Bihar,Surajgarha,66
Bihar,Surajpura,67
Bihar,Sursand,68
Bihar,Tajpur,69
Bihar,Tajpur morwa,70
Bihar,Tankuppa,71
Bihar,Taraiya,72
Bihar,Tarapur,73
Bihar,Tarari,74
Bihar,Tardih,75
Bihar,Tariyani,76
Bihar,Teghra,77
Bihar,Tekari,78
Bihar,Terhagachh,79
Bihar,Tetariya,80
Bihar,Tetiabambar,81
Bihar,Thakrahan,82
Bihar,Thakurganj,83
Bihar,Tharthari,84
Bihar,Thawe,85
Bihar,Tilouthu,86
Bihar,Tribeniganj,87
Bihar,Turkaulia,88
Bihar,Uchkagaon,89
Bihar,Udwantnagar,90
Bihar,Ujiarpur,91
Bihar,Vaishali,92
Bihar,Vidyapati nagar,93
Bihar,Warisaliganj,94
Bihar,Warisnagar,95
Bihar,Wazirganj,96
Bihar,Ziradei,97
Chandigarh,Chandigarh,98
Chhattisgarh,Abhanpur,99
Chhattisgarh,Akaltara,100
Chhattisgarh,Ambagarh,1
Chhattisgarh,Ambikapur,2
Chhattisgarh,Antagarh,3
Chhattisgarh,Arang,4
Chhattisgarh,Bade Rajpur,5
Chhattisgarh,Bagbahra,6
Chhattisgarh,Bagicha,7
Chhattisgarh,Baikunthpur,8
Chhattisgarh,Bakavand,9
Chhattisgarh,Balod,10
Chhattisgarh,Baloda,11
Chhattisgarh,Baloda Bazar,12
Chhattisgarh,Balrampur,13
Chhattisgarh,Baramkela,14
Chhattisgarh,Basna,15
Chhattisgarh,Bastanar,16
Chhattisgarh,Bastar,17
Chhattisgarh,Batouli,18
Chhattisgarh,Bemetara,19
Chhattisgarh,Berla,20
Chhattisgarh,Bhairamgarh,21
Chhattisgarh,Bhaiyathan,22
Chhattisgarh,Bhanupratappur,23
Chhattisgarh,Bharatpur,24
Chhattisgarh,Bhatapara,25
Chhattisgarh,Bhopalpattnam,26
Chhattisgarh,Bijapur,27
Chhattisgarh,Bilaigarh,28
Chhattisgarh,Bilaspur,29
Chhattisgarh,Bilha,30
Chhattisgarh,Bindranavagarh(Gariyaband),31
Chhattisgarh,Bodla,32
Chhattisgarh,Champa,33
Chhattisgarh,Charama,34
Chhattisgarh,Chhindgarh,35
Chhattisgarh,Chhuikhadan,36
Chhattisgarh,Chhura,37
Chhattisgarh,Chhuriya,38
Chhattisgarh,Dabhra,39
Chhattisgarh,Dantewada,40
Chhattisgarh,Darbha,41
Chhattisgarh,Deobhog,42
Chhattisgarh,Dhamdha,43
Chhattisgarh,Dhamtari,44
Chhattisgarh,Dondi,45
Chhattisgarh,Dondi Luhara,46
Chhattisgarh,Dongargaon,47
Chhattisgarh,Dongargarh,48
Chhattisgarh,Duldula,49
Chhattisgarh,Durg,50
Chhattisgarh,Durgkondal,51
Chhattisgarh,Farasgaon,52
Chhattisgarh,Farsabahar,53
Chhattisgarh,Gharghoda,54
Chhattisgarh,Gidam,55
Chhattisgarh,Gunderdehi,56
Chhattisgarh,Gurur,57
Chhattisgarh,Jagdalpur,58
Chhattisgarh,Jaijaipur,59
Chhattisgarh,Janjgir,60
Chhattisgarh,Jashpur,61
Chhattisgarh,Kanker,62
Chhattisgarh,Kansabel,63
Chhattisgarh,Kartala,64
Chhattisgarh,Kasdol,65
Chhattisgarh,Katekalyan,66
Chhattisgarh,Katghora,67
Chhattisgarh,Kawardha,68
Chhattisgarh,Keskal,69
Chhattisgarh,Khadganva,70
Chhattisgarh,Khairagarh,71
Chhattisgarh,Kharsia,72
Chhattisgarh,Kondagaon,73
Chhattisgarh,Konta,74
Chhattisgarh,Korba,75
Chhattisgarh,Kota,76
Chhattisgarh,Kuakonda,77
Chhattisgarh,Kunkuri,78
Chhattisgarh,Kurud,79
Chhattisgarh,Lailunga,80
Chhattisgarh,Lakhanpur,81
Chhattisgarh,Lohandiguda,82
Chhattisgarh,Lormi,83
Chhattisgarh,Lundra,84
Chhattisgarh,Magarlod,85
Chhattisgarh,Mahasamund,86
Chhattisgarh,Mainpat,87
Chhattisgarh,Mainpur,88
Chhattisgarh,Makdi,89
Chhattisgarh,Malkharoda,90
Chhattisgarh,Manendragarh,91
Chhattisgarh,Manora,92
Chhattisgarh,Manpur,93
Chhattisgarh,Marwahi,94
Chhattisgarh,Masturi,95
Chhattisgarh,Mohla,96
Chhattisgarh,Mungeli,97
Chhattisgarh,Nagri,98
Chhattisgarh,Narayanpur,99
Chhattisgarh,Narharpur,100
Chhattisgarh,Nawagarh,1
Chhattisgarh,Orchha,2
Chhattisgarh,Oudgi,3
Chhattisgarh,Pakhanjur,4
Chhattisgarh,Palari,5
Chhattisgarh,Pali,6
Chhattisgarh,Pamgarh,7
Chhattisgarh,Pandariya,8
Chhattisgarh,Patan,9
Chhattisgarh,Pathalgaon,10
Chhattisgarh,Pathariya,11
Chhattisgarh,Pendra,12
Chhattisgarh,Pendra Road Gorella,13
Chhattisgarh,Pithora,14
Chhattisgarh,Poundi-Uproda,15
Chhattisgarh,Pratappur,16
Chhattisgarh,Premnagar,17
Chhattisgarh,Pusour,18
Chhattisgarh,Raigarh,19
Chhattisgarh,Raipur,20
Chhattisgarh,Rajim,21
Chhattisgarh,Rajnandgaon,22
Chhattisgarh,Rajpur,23
Chhattisgarh,Ramanujganj,24
Chhattisgarh,Ramanujnagar,25
Chhattisgarh,Sahaspur Lohara,26
Chhattisgarh,Saja,27
Chhattisgarh,Sakti,28
Chhattisgarh,Samri(Kusmi),29
Chhattisgarh,Saraipali,30
Chhattisgarh,Sarangarh,31
Chhattisgarh,Shankargarh,32
Chhattisgarh,Simga,33
Chhattisgarh,Sitapur,34
Chhattisgarh,Sonhat,35
Chhattisgarh,Sukma,36
Chhattisgarh,Surajpur,37
Chhattisgarh,Takhatpur,38
Chhattisgarh,Tamnar,39
Chhattisgarh,Thanakhamria,40
Chhattisgarh,Tilda,41
Chhattisgarh,Tokapal,42
Chhattisgarh,Udaipur (Dharamjaigarh),43
Chhattisgarh,Udaypur,44
Chhattisgarh,Usur,45
Chhattisgarh,Wadrafnagar,46
Dadar Nagar& Haveli,Silvassa,47
Daman & Diu,Daman,48
Daman & Diu,Diu,49
Delhi,West,50
Goa,Bardez,51
Goa,Bicholim,52
Goa,Canacona,53
Goa,Murmagoa,54
Goa,Pernem,55
Goa,Ponda,56
Goa,Quepem,57
Goa,Salcete,58
Goa,Sanguem,59
Goa,Satari,60
Goa,Tiswadi,61
Gujarat,Abdasa,62
Gujarat,Ahmadabad City,63
Gujarat,Ahwa,64
Gujarat,Amod,65
Gujarat,Amreli,66
Gujarat,Anand,67
Gujarat,Anjar,68
Gujarat,Anklesvar,69
Gujarat,Babra,70
Gujarat,Bansda,71
Gujarat,Bardoli,72
Gujarat,Bayad,73
Gujarat,Bhachau,74
Gujarat,Bhanvad,75
Gujarat,Bharuch,76
Gujarat,Bhavnagar,77
Gujarat,Bhesan,78
Gujarat,Bhiloda,79
Gujarat,Bhuj,80
Gujarat,Borsad,81
Gujarat,Botad,82
Gujarat,Chanasma,83
Gujarat,Chhota Udaipur,84
Gujarat,Chikhali,85
Gujarat,Chorasi,86
Gujarat,Chotila,87
Gujarat,Dabhoi,88
Gujarat,Danta,89
Gujarat,Dasada,90
Gujarat,Daskroi,91
Gujarat,Dediapada,92
Gujarat,Deesa,93
Gujarat,Dehgam,94
Gujarat,Deodar,95
Gujarat,Devgadbaria,96
Gujarat,Dhandhuka,97
Gujarat,Dhanera,98
Gujarat,Dharampur,99
Gujarat,Dhari,100
Gujarat,Dholka,1
Gujarat,Dhoraji,2
Gujarat,Dhrangadhra,3
Gujarat,Dhrol,4
Gujarat,Disputed,5
Gujarat,Dohad,6
Gujarat,Gadhada,7
Gujarat,Gandevi,8
Gujarat,Gandhinagar,9
Gujarat,Gariadhar,10
Gujarat,Ghogha,11
Gujarat,Gir Reserved Forest,12
Gujarat,Godhra,13
Gujarat,Gondal,14
Gujarat,Halol,15
Gujarat,Halvad,16
Gujarat,Hansot,17
Gujarat,Harij,18
Gujarat,Himatnagar,19
Gujarat,Idar,20
Gujarat,Jafrabad,21
Gujarat,Jambughoda,22
Gujarat,Jambusar,23
Gujarat,Jamjodhpur,24
Gujarat,Jamkandorna,25
Gujarat,Jamnagar,26
Gujarat,Jasdan,27
Gujarat,Jetpur,28
Gujarat,Jetpur Pavi,29
Gujarat,Jhagadia,30
Gujarat,Jhalod,31
Gujarat,Jodiya,32
Gujarat,Junagadh,33
Gujarat,Kachchh,34
Gujarat,Kadi,35
Gujarat,Kalavad,36
Gujarat,Kalol,37
Gujarat,Kalyanpur,38
Gujarat,Kamrej,39
Gujarat,Kankrej,40
Gujarat,Kapadvanj,41
Gujarat,Karjan,42
Gujarat,Keshod,43
Gujarat,Khambhalia,44
Gujarat,Khambhat,45
Gujarat,Khedbrahma,46
Gujarat,Kheralu,47
Gujarat,Kodinar,48
Gujarat,Kotda Sangani,49
Gujarat,Kunkavav Vadia,50
Gujarat,Kutiyana,51
Gujarat,Lakhpat,52
Gujarat,Lakhtar,53
Gujarat,Lalpur,54
Gujarat,Lathi,55
Gujarat,Lilia,56
Gujarat,Limbdi,57
Gujarat,Limkheda,58
Gujarat,Lodhika,59
Gujarat,Lunawada,60
Gujarat,Mahesana,61
Gujarat,Mahuva,62
Gujarat,Malia,63
Gujarat,Maliya,64
Gujarat,Manavadar,65
Gujarat,Mandvi,66
Gujarat,Mangrol,67
Gujarat,Matar,68
Gujarat,Meghraj,69
Gujarat,Mehmedabad,70
Gujarat,Mendarda,71
Gujarat,Modasa,72
Gujarat,Morvi,73
Gujarat,Muli,74
Gujarat,Mundra,75
Gujarat,Nadiad,76
Gujarat,Nakhatrana,77
Gujarat,Nandod,78
Gujarat,Nasvadi,79
Gujarat,Navsari,80
Gujarat,Nizar,81
Gujarat,Okhamandal,82
Gujarat,Olpad,83
Gujarat,Paddhari,84
Gujarat,Padra,85
Gujarat,Palanpur,86
Gujarat,Palitana,87
Gujarat,Palsana,88
Gujarat,Pardi,89
Gujarat,Patan-Veraval,90
Gujarat,Patan1,91
Gujarat,Petlad,92
Gujarat,Porbandar,93
Gujarat,Prantij,94
Gujarat,Radhanpur,95
Gujarat,Rajkot,96
Gujarat,Rajula,97
Gujarat,Ranavav,98
Gujarat,Rapar,99
Gujarat,Sagbara,100
Gujarat,Sami,1
Gujarat,Sanand,2
Gujarat,Sankheda,3
Gujarat,Santalpur,4
Gujarat,Santrampur,5
Gujarat,Savar Kundla,6
Gujarat,Savli,7
Gujarat,Sayla,8
Gujarat,Shehera,9
Gujarat,Sidhpur,10
Gujarat,Sihor,11
Gujarat,Sinor,12
Gujarat,Songadh,13
Gujarat,Talaja,14
Gujarat,Talala,15
Gujarat,Tharad,16
Gujarat,Thasra,17
Gujarat,Tilakwada,18
Gujarat,Uchchhal,19
Gujarat,Umbergaon,20
Gujarat,Umrala,21
Gujarat,Una,22
Gujarat,Upleta,23
Gujarat,Vadasinor,24
Gujarat,Vadgam,25
Gujarat,Vadodara,26
Gujarat,Vaghodia,27
Gujarat,Vagra,28
Gujarat,Valia,29
Gujarat,Vallabhipur,30
Gujarat,Valod,31
Gujarat,Valsad,32
Gujarat,Vanthali,33
Gujarat,Vav,34
Gujarat,Vijapur,35
Gujarat,Vijaynagar,36
Gujarat,Viramgam,37
Gujarat,Visavadar,38
Gujarat,Visnagar,39
Gujarat,Vyara,40
Gujarat,Wadhwan,41
Gujarat,Wankaner,42
Haryana,Aadampur,43
Haryana,Agroha,44
Haryana,Alewa,45
Haryana,Ambala-I,46
Haryana,Ambala-Ii,47
Haryana,Assandh,48
Haryana,Ateli Mandi,49
Haryana,Babain,50
Haryana,Badara,51
Haryana,Bahadurgarh,52
Haryana,Bahal,53
Haryana,Ballabgarh,54
Haryana,Bapauli,55
Haryana,Baragunda,56
Haryana,Barara,57
Haryana,Barwala,58
Haryana,Bawal,59
Haryana,Bawani Khera,60
Haryana,Beri,61
Haryana,Bhattu Kalan,62
Haryana,Bhiwani,63
Haryana,Bhuna,64
Haryana,Bilaspur,65
Haryana,Chhachhrauli,66
Haryana,Chirao,67
Haryana,Dabwali,68
Haryana,Dadri-I,69
Haryana,Dadri-Ii,70
Haryana,Ellenabad,71
Haryana,Faridabad,72
Haryana,Farrukhanagar,73
Haryana,Fatehabad,74
Haryana,Firozpur Jhirka,75
Haryana,Ganaur,76
Haryana,Gharaunda,77
Haryana,Gohana,78
Haryana,Guhla,79
Haryana,Gurgaon,80
Haryana,Hansi-I,81
Haryana,Hansi-Ii,82
Haryana,Hassanpur,83
Haryana,Hathin,84
Haryana,Hisar-I,85
Haryana,Hisar-Ii,86
Haryana,Hodal,87
Haryana,Indri,88
Haryana,Ismailabad,89
Haryana,Israna,90
Haryana,Jagadhri,91
Haryana,Jakhal,92
Haryana,Jatusana,93
Haryana,Jhajjar,94
Haryana,Jind,95
Haryana,Julana,96
Haryana,Kairu,97
Haryana,Kaithal,98
Haryana,Kalanaur,99
Haryana,Kalayat,100
Haryana,Kanina,1
Haryana,Karnal,2
Haryana,Kathura,3
Haryana,Kharkhoda,4
Haryana,Khol At Rewari,5
Haryana,Ladwa,6
Haryana,Lakhan Majra,7
Haryana,Loharu,8
Haryana,Madlauda,9
Haryana,Mahendergarh,10
Haryana,Matanhail,11
Haryana,Meham,12
Haryana,Morni,13
Haryana,Mundlana,14
Haryana,Murthal,15
Haryana,Mustafabad,16
Haryana,Nagina,17
Haryana,Nahar,18
Haryana,Nangal Chaudhary,19
Haryana,Naraingarh,20
Haryana,Narnaul,21
Haryana,Narnaund,22
Haryana,Narwana,23
Haryana,Nathusari Chopta,24
Haryana,Nilokheri,25
Haryana,Nizampur,26
Haryana,Nuh,27
Haryana,Odhan,28
Haryana,Palwal,29
Haryana,Panipat,30
Haryana,Pataudi,31
Haryana,Pehowa,32
Haryana,Pillukhera,33
Haryana,Pinjore,34
Haryana,Prithla,35
Haryana,Pundri,36
Haryana,Punhana,37
Haryana,Radaur,38
Haryana,Rai,39
Haryana,Raipur Rani,40
Haryana,Rajound,41
Haryana,Rania,42
Haryana,Ratia,43
Haryana,Rewari,44
Haryana,Rohtak,45
Haryana,Sadhaura,46
Haryana,Safidon,47
Haryana,Saha,48
Haryana,Salhawas,49
Haryana,Samalkha,50
Haryana,Sampla,51
Haryana,Sanauli Khurd,52
Haryana,Satnali,53
Haryana,Shahbad,54
Haryana,Shahzadpur,55
Haryana,Sihma,56
Haryana,Sirsa,57
Haryana,Siwan,58
Haryana,Siwani,59
Haryana,Sohna,60
Haryana,Sonipat,61
Haryana,Taoru,62
Haryana,Thanesar,63
Haryana,Tohana,64
Haryana,Tosham,65
Haryana,Uchana,66
Haryana,Uklana,67
Himachal Pradesh,Amb,68
Himachal Pradesh,Ani,69
Himachal Pradesh,Arki,70
Himachal Pradesh,Banjar,71
Himachal Pradesh,Bhattiat,72
Himachal Pradesh,Bhawarna,73
Himachal Pradesh,Bijhar,74
Himachal Pradesh,Bohranj,75
Himachal Pradesh,Brahmour,76
Himachal Pradesh,Chachiot,77
Himachal Pradesh,Chamba,78
Himachal Pradesh,Chandi,79
Himachal Pradesh,Chauntra,80
Himachal Pradesh,Chirgaon,81
Himachal Pradesh,Chopal,82
Himachal Pradesh,Dadasiba,83
Himachal Pradesh,Dehra,84
Himachal Pradesh,Dhagera,85
Himachal Pradesh,Dharampur,86
Himachal Pradesh,Dhundla,87
Himachal Pradesh,Drang,88
Himachal Pradesh,Fatehpur,89
Himachal Pradesh,Gagret,90
Himachal Pradesh,Gangth,91
Himachal Pradesh,Gopalpur,92
Himachal Pradesh,Hamirpur,93
Himachal Pradesh,Indora,94
Himachal Pradesh,Janduta,95
Himachal Pradesh,Jarri Block,96
Himachal Pradesh,Jubbal,97
Himachal Pradesh,Kalpa,98
Himachal Pradesh,Karsog,99
Himachal Pradesh,Kumarsain,100
Himachal Pradesh,Lahaul,1
Himachal Pradesh,Mahakal,2
Himachal Pradesh,Markand,3
Himachal Pradesh,Mehla,4
Himachal Pradesh,Naduan,5
Himachal Pradesh,Naggar,6
Himachal Pradesh,Nagrota Bagwan,7
Himachal Pradesh,Nagrota Surian,8
Himachal Pradesh,Nalagarh,9
Himachal Pradesh,Nichar,10
Himachal Pradesh,Nirmand,11
Himachal Pradesh,Pachhad,12
Himachal Pradesh,Pangi,13
Himachal Pradesh,Pooh,14
Himachal Pradesh,Rait,15
Himachal Pradesh,Rajpur,16
Himachal Pradesh,Rampur,17
Himachal Pradesh,Rewalsar,18
Himachal Pradesh,Rohanda,19
Himachal Pradesh,Rohru,20
Himachal Pradesh,Sadar,21
Himachal Pradesh,Salooni,22
Himachal Pradesh,Sangrah,23
Himachal Pradesh,Seraj,24
Himachal Pradesh,Shillai,25
Himachal Pradesh,Shimla,26
Himachal Pradesh,Spiti,27
Himachal Pradesh,Sujanpur,28
Himachal Pradesh,Syri,29
Himachal Pradesh,Theog,30
Himachal Pradesh,Thural,31
Himachal Pradesh,Tisa,32
Himachal Pradesh,Una,33
Jharkhand,Adityapur,34
Jharkhand,Albert Ekka,35
Jharkhand,Amrapara,36
Jharkhand,Anandpur,37
Jharkhand,Angara,38
Jharkhand,Baghmara,39
Jharkhand,Bagodar,40
Jharkhand,Baharagora,41
Jharkhand,Baliapur,42
Jharkhand,Balumath,43
Jharkhand,Bandgaon,44
Jharkhand,Bano,45
Jharkhand,Bansjor,46
Jharkhand,Bardiha,47
Jharkhand,Barharwa,48
Jharkhand,Barhi,49
Jharkhand,Bariatu,50
Jharkhand,Barihait,51
Jharkhand,Barkagaon,52
Jharkhand,Barkatha,53
Jharkhand,Barwadih,54
Jharkhand,Basantraj,55
Jharkhand,Basia,56
Jharkhand,Bengabad,57
Jharkhand,Bermo,58
Jharkhand,Bero,59
Jharkhand,Bhandaria,60
Jharkhand,Bhandra,61
Jharkhand,Bhawanathpur,62
Jharkhand,Birni,63
Jharkhand,Bishnugarh,64
Jharkhand,Bishrampur,65
Jharkhand,Bishunpura,66
Jharkhand,Bishunpuri,67
Jharkhand,Boarijor,68
Jharkhand,Bolba,69
Jharkhand,Boram,70
Jharkhand,Borio,71
Jharkhand,Bundu,72
Jharkhand,Burmu,73
Jharkhand,Chaibasa,74
Jharkhand,Chainpur,75
Jharkhand,Chakrdharpur,76
Jharkhand,Chakulia,77
Jharkhand,Chalkusha,78
Jharkhand,Chandankiari,79
Jharkhand,Chandil,80
Jharkhand,Chandrapura,81
Jharkhand,Chandwa,82
Jharkhand,Chandwara,83
Jharkhand,Chanho,84
Jharkhand,Chas,85
Jharkhand,Chatra,86
Jharkhand,Chauparan,87
Jharkhand,Chhatarpur,88
Jharkhand,Chiniya,89
Jharkhand,Chirkunda,90
Jharkhand,Chitarpur,91
Jharkhand,Churchu,92
Jharkhand,Daltonganj,93
Jharkhand,Danda,94
Jharkhand,Dandai,95
Jharkhand,Dari,96
Jharkhand,Daru,97
Jharkhand,Deoghar,98
Jharkhand,Deori,99
Jharkhand,Devipur,100
Jharkhand,Dhalbhumgarh,1
Jharkhand,Dhanbad,2
Jharkhand,Dhanwar,3
Jharkhand,Dhurki,4
Jharkhand,Domchanch,5
Jharkhand,Dulmi,6
Jharkhand,Dumaria,7
Jharkhand,Dumka,8
Jharkhand,Dumri,9
Jharkhand,Erki/Tamar Ii,10
Jharkhand,Fatehpur,11
Jharkhand,Gande,12
Jharkhand,Garhwa,13
Jharkhand,Garu,14
Jharkhand,Gawan,15
Jharkhand,Ghaghra,16
Jharkhand,Ghatsila,17
Jharkhand,Gidhaur,18
Jharkhand,Giridih,19
Jharkhand,Gobindpur,20
Jharkhand,Godda,21
Jharkhand,Goelkera,22
Jharkhand,Gola,23
Jharkhand,Golmuri,24
Jharkhand,Gopikandar,25
Jharkhand,Gudri,26
Jharkhand,Gumia,27
Jharkhand,Gumla,28
Jharkhand,Haidarnagar,29
Jharkhand,Hariharganj,30
Jharkhand,Hatgamhariya,31
Jharkhand,Hazaribagh,32
Jharkhand,Herhang,33
Jharkhand,Hiranpur,34
Jharkhand,Hunterganj,35
Jharkhand,Ichagarh,36
Jharkhand,Ichak,37
Jharkhand,Itkhori,38
Jharkhand,Itki,39
Jharkhand,Jagannathpur,40
Jharkhand,Jainagar,41
Jharkhand,Jaldega,42
Jharkhand,Jama,43
Jharkhand,Jamtara,44
Jharkhand,Jamua,45
Jharkhand,Jaridih,46
Jharkhand,Jarmundi,47
Jharkhand,Jhinkpani,48
Jharkhand,Kamdara,49
Jharkhand,Kandi,50
Jharkhand,Kanhachatti,51
Jharkhand,Kanke,52
Jharkhand,Karon,53
Jharkhand,Karra,54
Jharkhand,Karro,55
Jharkhand,Kasmar,56
Jharkhand,Kathikund,57
Jharkhand,Katkamdag,58
Jharkhand,Katkamsandi,59
Jharkhand,Keredari,60
Jharkhand,Kersai,61
Jharkhand,Ketar,62
Jharkhand,Kharaondhi,63
Jharkhand,Kharsawan,64
Jharkhand,Khelari,65
Jharkhand,Khunti,66
Jharkhand,Khuntpani,67
Jharkhand,Kisko,68
Jharkhand,Koderma,69
Jharkhand,Kolebira,70
Jharkhand,Kukru,71
Jharkhand,Kumardungi,72
Jharkhand,Kunda,73
Jharkhand,Kundahit,74
Jharkhand,Kurdeg,75
Jharkhand,Kuru,76
Jharkhand,Lapung,77
Jharkhand,Latehar,78
Jharkhand,Lawalong,79
Jharkhand,Lesliganj,80
Jharkhand,Litipara,81
Jharkhand,Lohardaga,82
Jharkhand,Madhupur,83
Jharkhand,Mahagama,84
Jharkhand,Maheshpur,85
Jharkhand,Mahuadanr,86
Jharkhand,Majhgaon,87
Jharkhand,Majhiaon,88
Jharkhand,Manatu,89
Jharkhand,Mandar,90
Jharkhand,Mandro,91
Jharkhand,Mandu,92
Jharkhand,Manika,93
Jharkhand,Manjhari,94
Jharkhand,Manoharpur,95
Jharkhand,Margomunda,96
Jharkhand,Markaccho,97
Jharkhand,Masalia,98
Jharkhand,Mayurhund,99
Jharkhand,Meherma,100
Jharkhand,Meral,1
Jharkhand,Mohamadganj,2
Jharkhand,Mohanpur,3
Jharkhand,Murhu,4
Jharkhand,Musabani,5
Jharkhand,Nagaruntari,6
Jharkhand,Nagri,7
Jharkhand,Nala,8
Jharkhand,Namkum,9
Jharkhand,Narayanpur,10
Jharkhand,Nawabazar,11
Jharkhand,Nawadih,12
Jharkhand,Nimidih,13
Jharkhand,Noamundi,14
Jharkhand,O,15
Jharkhand,Ormanjhi,16
Jharkhand,Padma,17
Jharkhand,Pakardanr,18
Jharkhand,Pakur,19
Jharkhand,Pakuria,20
Jharkhand,Palkot,21
Jharkhand,Palojori,22
Jharkhand,Pandu,23
Jharkhand,Pandwa,24
Jharkhand,Panki,25
Jharkhand,Patamda,26
Jharkhand,Patan,27
Jharkhand,Pathalgada,28
Jharkhand,Pathargama,29
Jharkhand,Pathna,30
Jharkhand,Pathratu,31
Jharkhand,Pererbar,32
Jharkhand,Peshrar,33
Jharkhand,Pipra,34
Jharkhand,Pirtanr,35
Jharkhand,Poreyahat,36
Jharkhand,Potka,37
Jharkhand,Pratappur,38
Jharkhand,Purbi Tundi,39
Jharkhand,Rahe,40
Jharkhand,Raidih,41
Jharkhand,Rajmahal,42
Jharkhand,Ramgarh,43
Jharkhand,Ramkanda,44
Jharkhand,Ramna,45
Jharkhand,Rania,46
Jharkhand,Ranishwar,47
Jharkhand,Ranka,48
Jharkhand,Ratu,49
Jharkhand,Sagma,50
Jharkhand,Sahibganj,51
Jharkhand,Saraikela,52
Jharkhand,Saraiyahat,53
Jharkhand,Sarath,54
Jharkhand,Sariya,55
Jharkhand,Sarwan,56
Jharkhand,Satbarwa,57
Jharkhand,Satgawan,58
Jharkhand,Senha,59
Jharkhand,Shikaripara,60
Jharkhand,Silli,61
Jharkhand,Simaria,62
Jharkhand,Simdega,63
Jharkhand,Sisai,64
Jharkhand,Sohanatu,65
Jharkhand,Sonaraithadhi,66
Jharkhand,Sonua,67
Jharkhand,Sundarpahari,68
Jharkhand,Tahkurghanti,69
Jharkhand,Taljhari,70
Jharkhand,Tamar I,71
Jharkhand,Tandwa,72
Jharkhand,Tantnagar,73
Jharkhand,Tarhasi,74
Jharkhand,Tatijharia,75
Jharkhand,Thetaitangar,76
Jharkhand,Tisri,77
Jharkhand,Tonto,78
Jharkhand,Topchanchi,79
Jharkhand,Torpa,80
Jharkhand,Tundi,81
Jharkhand,Udhua,82
Jharkhand,Utariror,83
Jharkhand,Verno,84
Jharkhand,Vidyasagar,85
Karnataka,Afzalpur,86
Karnataka,Aland,87
Karnataka,Alur,88
Karnataka,Ankola,89
Karnataka,Arakalgud,90
Karnataka,Arasikere,91
Karnataka,Athni,92
Karnataka,Aurad,93
Karnataka,Badami,94
Karnataka,Bagalkot,95
Karnataka,Bagepalli,96
Karnataka,Bail Hongal,97
Karnataka,Bangalore East,98
Karnataka,Bangalore North,99
Karnataka,Bangalore South,100
Karnataka,Bangarpet,1
Karnataka,Basavakalyan,2
Karnataka,Basavanabagevadi,3
Karnataka,Belgaum,4
Karnataka,Bellary,5
Karnataka,Belthangadi,6
Karnataka,Belur,7
Karnataka,Bhadravati,8
Karnataka,Bhalki,9
Karnataka,Bhatkal,10
Karnataka,Bidar,11
Karnataka,Bijapur,12
Karnataka,Bilgi,13
Karnataka,Buntwal,14
Karnataka,Byadgi,15
Karnataka,Challakere,16
Karnataka,Chamaraja Nagar,17
Karnataka,Channagiri,18
Karnataka,Channapatna,19
Karnataka,Channarayapatna,20
Karnataka,Chikballapur,21
Karnataka,Chikkanayakanahall,22
Karnataka,Chikmagalur,23
Karnataka,Chikodi,24
Karnataka,Chincholi,25
Karnataka,Chinthamani,26
Karnataka,Chitapur,27
Karnataka,Chitradurga,28
Karnataka,Davanagere,29
Karnataka,Devadurga,30
Karnataka,Devanhalli,31
Karnataka,Dharwad,32
Karnataka,Doddaballapur,33
Karnataka,Gadag,34
Karnataka,Gangawati,35
Karnataka,Gauribidanur,36
Karnataka,Gokak,37
Karnataka,Gubbi,38
Karnataka,Gudibanda,39
Karnataka,Gulbarga,40
Karnataka,Gundlupet,41
Karnataka,Hadagalli,42
Karnataka,Hagaribommanahalli,43
Karnataka,Haliyal,44
Karnataka,Hangal,45
Karnataka,Harapanahalli,46
Karnataka,Harihar,47
Karnataka,Hassan,48
Karnataka,Haveri,49
Karnataka,Heggadadevanakote,50
Karnataka,Hirekerur,51
Karnataka,Hiriyur,52
Karnataka,Holalkere,53
Karnataka,Hole Narasipura,54
Karnataka,Homnabad,55
Karnataka,Honavar,56
Karnataka,Honnali,57
Karnataka,Hosadurga,58
Karnataka,Hosanagara,59
Karnataka,Hoskote,60
Karnataka,Hospet,61
Karnataka,Hubli,62
Karnataka,Hukeri,63
Karnataka,Hungund,64
Karnataka,Hunsur,65
Karnataka,Indi,66
Karnataka,Jagalur,67
Karnataka,Jamkhandi,68
Karnataka,Jevargi,69
Karnataka,Joida,70
Karnataka,Kadur,71
Karnataka,Kalghatgi,72
Karnataka,Kanakpura,73
Karnataka,Karkal,74
Karnataka,Kolar,75
Karnataka,Kollegal,76
Karnataka,Koppa,77
Karnataka,Koppal,78
Karnataka,Koratagere,79
Karnataka,Krishnaraja Nagara,80
Karnataka,Krishnarajpet,81
Karnataka,Kudligi,82
Karnataka,Kumta,83
Karnataka,Kundapura,84
Karnataka,Kundgol,85
Karnataka,Kunigal,86
Karnataka,Kushtagi,87
Karnataka,Lingsugur,88
Karnataka,Maddur,89
Karnataka,Madhugiri,90
Karnataka,Magadi,91
Karnataka,Malavalli,92
Karnataka,Malur,93
Karnataka,Mandya,94
Karnataka,Mangalore,95
Karnataka,Manvi,96
Karnataka,Mercara,97
Karnataka,Molakalmuru,98
Karnataka,Muddebihal,99
Karnataka,Mudhol,100
Karnataka,Mudigere,1
Karnataka,Mulabagal,2
Karnataka,Mundargi,3
Karnataka,Mundgod,4
Karnataka,Mysore,5
Karnataka,N.R.Pura,6
Karnataka,Nagamangala,7
Karnataka,Nanjanadud,8
Karnataka,Nargund,9
Karnataka,Navalgund,10
Karnataka,Nelamangala,11
Karnataka,Pandavapura,12
Karnataka,Pavagada,13
Karnataka,Piriyapatna,14
Karnataka,Puttur,15
Karnataka,Raichur,16
Karnataka,Ramanagaram,17
Karnataka,Ramdurg,18
Karnataka,Ranibennur,19
Karnataka,Raybag,20
Karnataka,Ron,21
Karnataka,Sagar,22
Karnataka,Sakaleshpur,23
Karnataka,Sandur,24
Karnataka,Saundatti,25
Karnataka,Savanur,26
Karnataka,Sedam,27
Karnataka,Shahpur,28
Karnataka,Shiggaon,29
Karnataka,Shikarpur,30
Karnataka,Shimoga,31
Karnataka,Shirhatti,32
Karnataka,Shorapur,33
Karnataka,Siddapur,34
Karnataka,Sidlaghatta,35
Karnataka,Sindgi,36
Karnataka,Sindhnur,37
Karnataka,Sira,38
Karnataka,Sirsi,39
Karnataka,Siruguppa,40
Karnataka,Somvarpet,41
Karnataka,Sorab,42
Karnataka,Sringeri,43
Karnataka,Srinivasapura,44
Karnataka,Srirangapatna,45
Karnataka,Sulya,46
Karnataka,T.Narasipura,47
Karnataka,Tarikere,48
Karnataka,Tiptur,49
Karnataka,Tirthahalli,50
Karnataka,Tumkur,51
Karnataka,Turuvekere,52
Karnataka,Udupi,53
Karnataka,Virajpet,54
Karnataka,Yadgir,55
Karnataka,Yelandur,56
Karnataka,Yelbarga,57
Karnataka,Yellapur,58
Kerala,Adoor,59
Kerala,Alathur,60
Kerala,Aluva,61
Kerala,Ambalapuzha,62
Kerala,Changanasseri,63
Kerala,Chavakkad,64
Kerala,Chengannur,65
Kerala,Cherthala,66
Kerala,Chirayinkeezh,67
Kerala,Chittur,68
Kerala,Devikulam,69
Kerala,Ernad,70
Kerala,Hosdurg,71
Kerala,Kanayannoor,72
Kerala,Kanjirappally,73
Kerala,Kannur,74
Kerala,Karthikapally,75
Kerala,Karunagapally,76
Kerala,Kasaragod,77
Kerala,Kochi,78
Kerala,Kodungallur,79
Kerala,Kollam,80
Kerala,Kothamangalam,81
Kerala,Kottarakara,82
Kerala,Kottayam,83
Kerala,Kozhencherry,84
Kerala,Kozhikode,85
Kerala,Kunnathunad,86
Kerala,Kunnathur,87
Kerala,Kuttanad,88
Kerala,Mallappally,89
Kerala,Mananthavady,90
Kerala,Mannarkkad,91
Kerala,Mavelikkara,92
Kerala,Meenachil,93
Kerala,Mukundapuram,94
Kerala,Muvattupuzha,95
Kerala,Nedumangad,96
Kerala,Neyyattinkara,97
Kerala,Nilambur,98
Kerala,Ottappalam,99
Kerala,Palakkad,100
Kerala,Paravoor,1
Kerala,Pathanapuram,2
Kerala,Peerumedu,3
Kerala,Perinthalmanna,4
Kerala,Ponnani,5
Kerala,Quilandy,6
Kerala,Ranni,7
Kerala,Sulthanbathery,8
Kerala,Taliparamba,9
Kerala,Thalappally,10
Kerala,Thalasseri,11
Kerala,Thirurangadi,12
Kerala,Thiruvalla,13
Kerala,Thiruvananthapuram,14
Kerala,Thodupuzha,15
Kerala,Thrissur,16
Kerala,Tirur,17
Kerala,Udumbanchola,18
Kerala,Vadakara,19
Kerala,Vaikom,20
Kerala,Vyithri,21
Lakshadweep,Amini,22
Lakshadweep,Andrott,23
Lakshadweep,Kavaratti,24
Lakshadweep,Minicoy,25
Madhya Pradesh,Agar,26
Madhya Pradesh,Ajaigarh,27
Madhya Pradesh,Alirajpur,28
Madhya Pradesh,Alot,29
Madhya Pradesh,Amarpatan,30
Madhya Pradesh,Amarpur,31
Madhya Pradesh,Amarwara,32
Madhya Pradesh,Ambah,33
Madhya Pradesh,Amla,34
Madhya Pradesh,Anuppur,35
Madhya Pradesh,Aron,36
Madhya Pradesh,Ashoknagar,37
Madhya Pradesh,Ashta,38
Madhya Pradesh,Ater,39
Madhya Pradesh,Athner,40
Madhya Pradesh,Babai,41
Madhya Pradesh,Babai Chichali,42
Madhya Pradesh,Bada Malehara,43
Madhya Pradesh,Badarwas,44
Madhya Pradesh,Badi,45
Madhya Pradesh,Badnagar,46
Madhya Pradesh,Badnawar,47
Madhya Pradesh,Badwara,48
Madhya Pradesh,Bagh,49
Madhya Pradesh,Bagli,50
Madhya Pradesh,Bahoriband,51
Madhya Pradesh,Baidhan,52
Madhya Pradesh,Baihar,53
Madhya Pradesh,Bajag,54
Madhya Pradesh,Bajna,55
Madhya Pradesh,Baladi,56
Madhya Pradesh,Balaghat,57
Madhya Pradesh,Baldeogarh,58
Madhya Pradesh,Bamori,59
Madhya Pradesh,Banda,60
Madhya Pradesh,Bankhedi,61
Madhya Pradesh,Barghat,62
Madhya Pradesh,Barigarh,63
Madhya Pradesh,Barod,64
Madhya Pradesh,Barwah,65
Madhya Pradesh,Barwani,66
Madhya Pradesh,Basoda,67
Madhya Pradesh,Batiyagarh,68
Madhya Pradesh,Begamganj,69
Madhya Pradesh,Beohari,70
Madhya Pradesh,Berasia,71
Madhya Pradesh,Betul,72
Madhya Pradesh,Bhabhra,73
Madhya Pradesh,Bhagvanpura,74
Madhya Pradesh,Bhainsdehi,75
Madhya Pradesh,Bhander,76
Madhya Pradesh,Bhanpura,77
Madhya Pradesh,Bhikangaon,78
Madhya Pradesh,Bhimpur,79
Madhya Pradesh,Bhind,80
Madhya Pradesh,Bhitarwar,81
Madhya Pradesh,Biaora,82
Madhya Pradesh,Bichhiya,83
Madhya Pradesh,Bichhua,84
Madhya Pradesh,Bijadandi,85
Madhya Pradesh,Bijawar,86
Madhya Pradesh,Bina,87
Madhya Pradesh,Birsa,88
Madhya Pradesh,Budni,89
Madhya Pradesh,Burhanpur,90
Madhya Pradesh,Burhar,91
Madhya Pradesh,Buxwaha,92
Madhya Pradesh,Chachaura,93
Madhya Pradesh,Chanderi,94
Madhya Pradesh,Chaurai,95
Madhya Pradesh,Chawarpatha,96
Madhya Pradesh,Chhaigaon Makhan,97
Madhya Pradesh,Chhapara,98
Madhya Pradesh,Chhatarpur,99
Madhya Pradesh,Chhindwara,100
Madhya Pradesh,Chicholi,1
Madhya Pradesh,Chitrangi,2
Madhya Pradesh,Dabra,3
Madhya Pradesh,Dahi,4
Madhya Pradesh,Damoh,5
Madhya Pradesh,Datia,6
Madhya Pradesh,Deori,7
Madhya Pradesh,Depalpur,8
Madhya Pradesh,Devsar,9
Madhya Pradesh,Dewas,10
Madhya Pradesh,Dhanaura,11
Madhya Pradesh,Dhar,12
Madhya Pradesh,Dharampuri,13
Madhya Pradesh,Dheemerkheda,14
Madhya Pradesh,Dindori,15
Madhya Pradesh,Gairatganj,16
Madhya Pradesh,Gandhwani,17
Madhya Pradesh,Gangev,18
Madhya Pradesh,Garoth,19
Madhya Pradesh,Ghatigaon,20
Madhya Pradesh,Ghatiya,21
Madhya Pradesh,Ghoradongri,22
Madhya Pradesh,Ghughri,23
Madhya Pradesh,Gogawan,24
Madhya Pradesh,Gohad,25
Madhya Pradesh,Gohparu,26
Madhya Pradesh,Gotegaon,27
Madhya Pradesh,Guna,28
Madhya Pradesh,Gunour,29
Madhya Pradesh,Gyaraspur,30
Madhya Pradesh,Hanumana,31
Madhya Pradesh,Harda,32
Madhya Pradesh,Harrai,33
Madhya Pradesh,Harsud,34
Madhya Pradesh,Hatta,35
Madhya Pradesh,Hoshangabad,36
Madhya Pradesh,Icchawar,37
Madhya Pradesh,Indore,38
Madhya Pradesh,Isagarh,39
Madhya Pradesh,Jabalpur,40
Madhya Pradesh,Jabera,41
Madhya Pradesh,Jaisinagar,42
Madhya Pradesh,Jaisinghnagar,43
Madhya Pradesh,Jaithari,44
Madhya Pradesh,Jamai,45
Madhya Pradesh,Jaora,46
Madhya Pradesh,Jatara,47
Madhya Pradesh,Jawa,48
Madhya Pradesh,Jawad,49
Madhya Pradesh,Jeerapur,50
Madhya Pradesh,Jhabua,51
Madhya Pradesh,Jobat,52
Madhya Pradesh,Joura,53
Madhya Pradesh,Kahnapas Ghansa*,54
Madhya Pradesh,Kailaras,55
Madhya Pradesh,Kalapipal,56
Madhya Pradesh,Kannod,57
Madhya Pradesh,Karahal,58
Madhya Pradesh,Karanjiya,59
Madhya Pradesh,Kareli,60
Madhya Pradesh,Karera,61
Madhya Pradesh,Karkeli,62
Madhya Pradesh,Kasrawad,63
Madhya Pradesh,Katangi,64
Madhya Pradesh,Kathiwada,65
Madhya Pradesh,Katni,66
Madhya Pradesh,Keolari,67
Madhya Pradesh,Kesla,68
Madhya Pradesh,Kesli,69
Madhya Pradesh,Khacharod,70
Madhya Pradesh,Khairlanji,71
Madhya Pradesh,Khaknar,72
Madhya Pradesh,Khalwa,73
Madhya Pradesh,Khandwa,74
Madhya Pradesh,Khaniyandana,75
Madhya Pradesh,Khargone,76
Madhya Pradesh,Khategaon,77
Madhya Pradesh,Khilchilpur,78
Madhya Pradesh,Khirkiya,79
Madhya Pradesh,Khurai,80
Madhya Pradesh,Kirnapur,81
Madhya Pradesh,Kolaras,82
Madhya Pradesh,Kotma,83
Madhya Pradesh,Kukshi,84
Madhya Pradesh,Kundam,85
Madhya Pradesh,Kurai,86
Madhya Pradesh,Kurwai,87
Madhya Pradesh,Kusmi,88
Madhya Pradesh,Lakhnadon,89
Madhya Pradesh,Lalbarra,90
Madhya Pradesh,Lanji,91
Madhya Pradesh,Lateri,92
Madhya Pradesh,Laundi,93
Madhya Pradesh,Maheshwar,94
Madhya Pradesh,Mahidpur,95
Madhya Pradesh,Maihar,96
Madhya Pradesh,Majhauli,97
Madhya Pradesh,Majhgawan,98
Madhya Pradesh,Majhouli,99
Madhya Pradesh,Malhargarh,100
Madhya Pradesh,Malthone,1
Madhya Pradesh,Manasa,2
Madhya Pradesh,Manawar,3
Madhya Pradesh,Mandla,4
Madhya Pradesh,Mandsaur,5
Madhya Pradesh,Manpur,6
Madhya Pradesh,Mauganj,7
Madhya Pradesh,Mawai,8
Madhya Pradesh,Meghnagar,9
Madhya Pradesh,Mehandwani,10
Madhya Pradesh,Mehgaon,11
Madhya Pradesh,Mhow,12
Madhya Pradesh,Mihona,13
Madhya Pradesh,Mohgaon,14
Madhya Pradesh,Mohkhed,15
Madhya Pradesh,Moman Badodiya,16
Madhya Pradesh,Morar,17
Madhya Pradesh,Morena,18
Madhya Pradesh,Multai,19
Madhya Pradesh,Mungaoli,20
Madhya Pradesh,Nagod,21
Madhya Pradesh,Naigarhi,22
Madhya Pradesh,Nainpur,23
Madhya Pradesh,Nalchha,24
Madhya Pradesh,Nalkheda,25
Madhya Pradesh,Narayanganj,26
Madhya Pradesh,Narsimhapur,27
Madhya Pradesh,Narsinghgarh,28
Madhya Pradesh,Narwar,29
Madhya Pradesh,Nasrullaganj,30
Madhya Pradesh,Nateran,31
Madhya Pradesh,Neemuch,32
Madhya Pradesh,Newali,33
Madhya Pradesh,Nisarpur,34
Madhya Pradesh,Niwari,35
Madhya Pradesh,Niwas,36
Madhya Pradesh,Nowgong,37
Madhya Pradesh,Obaidallaganj,38
Madhya Pradesh,Pahadgarh,39
Madhya Pradesh,Palera,40
Madhya Pradesh,Pali,41
Madhya Pradesh,Panagar,42
Madhya Pradesh,Pandhana,43
Madhya Pradesh,Pandhurna,44
Madhya Pradesh,Panna,45
Madhya Pradesh,Pansemal,46
Madhya Pradesh,Parasia,47
Madhya Pradesh,Paraswada,48
Madhya Pradesh,Patan,49
Madhya Pradesh,Patera,50
Madhya Pradesh,Pathariya,51
Madhya Pradesh,Pati,52
Madhya Pradesh,Pawai,53
Madhya Pradesh,Petlawad,54
Madhya Pradesh,Phanda,55
Madhya Pradesh,Picchore,56
Madhya Pradesh,Pipariya,57
Madhya Pradesh,Piploda,58
Madhya Pradesh,Pohari,59
Madhya Pradesh,Porsa,60
Madhya Pradesh,Prabhat Pattan,61
Madhya Pradesh,Prithvipur,62
Madhya Pradesh,Punasa,63
Madhya Pradesh,Pushprajgarh,64
Madhya Pradesh,Raghogarh,65
Madhya Pradesh,Rahatgarh,66
Madhya Pradesh,Raipur  Karchuliyan,67
Madhya Pradesh,Rajgarh,68
Madhya Pradesh,Rajnagar,69
Madhya Pradesh,Rajpur,70
Madhya Pradesh,Rama,71
Madhya Pradesh,Ramnagar,72
Madhya Pradesh,Rampur Baghelan,73
Madhya Pradesh,Rampur Naikin,74
Madhya Pradesh,Ranapur,75
Madhya Pradesh,Ratlam,76
Madhya Pradesh,Rehli,77
Madhya Pradesh,Rewa,78
Madhya Pradesh,Rithi,79
Madhya Pradesh,Ron,80
Madhya Pradesh,Sabalgarh,81
Madhya Pradesh,Sagar,82
Madhya Pradesh,Sailana,83
Madhya Pradesh,Sainkheda,84
Madhya Pradesh,Samnapur,85
Madhya Pradesh,Sanchi,86
Madhya Pradesh,Sanwer,87
Madhya Pradesh,Sarangpur,88
Madhya Pradesh,Sardarpur,89
Madhya Pradesh,Sausar,90
Madhya Pradesh,Segaon,91
Madhya Pradesh,Sehore,92
Madhya Pradesh,Sendhawa,93
Madhya Pradesh,Seondha,94
Madhya Pradesh,Seoni,95
Madhya Pradesh,Seoni Malwa,96
Madhya Pradesh,Shahgarh,97
Madhya Pradesh,Shahnagar,98
Madhya Pradesh,Shahpur,99
Madhya Pradesh,Shahpura,100
Madhya Pradesh,Shajapur,1
Madhya Pradesh,Sheopur,2
Madhya Pradesh,Shivpuri,3
Madhya Pradesh,Shujalpur,4
Madhya Pradesh,Sidhi,5
Madhya Pradesh,Sihawal,6
Madhya Pradesh,Sihora,7
Madhya Pradesh,Silwani,8
Madhya Pradesh,Sirmour,9
Madhya Pradesh,Sironj,10
Madhya Pradesh,Sitamau,11
Madhya Pradesh,Sohagpur,12
Madhya Pradesh,Sohawal,13
Madhya Pradesh,Sondwa,14
Madhya Pradesh,Sonkatch,15
Madhya Pradesh,Susner,16
Madhya Pradesh,Tamia,17
Madhya Pradesh,Tarana,18
Madhya Pradesh,Tendukheda,19
Madhya Pradesh,Teonthar,20
Madhya Pradesh,Thandla,21
Madhya Pradesh,Thikri,22
Madhya Pradesh,Tikamgarh,23
Madhya Pradesh,Timarni,24
Madhya Pradesh,Tirla,25
Madhya Pradesh,Tonk Khurd,26
Madhya Pradesh,Udaigarh,27
Madhya Pradesh,Udaipura,28
Madhya Pradesh,Ujjain,29
Madhya Pradesh,Umarban,30
Madhya Pradesh,Unchahara,31
Madhya Pradesh,Vidisha,32
Madhya Pradesh,Vijaypur,33
Madhya Pradesh,Vijayraghavgarh,34
Madhya Pradesh,Waraseoni,35
Madhya Pradesh,Ziranya,36
Maharashtra,Achalpur,37
Maharashtra,Aheri,38
Maharashtra,Ahmadpur,39
Maharashtra,Ajra,40
Maharashtra,Akarni,41
Maharashtra,Akkalkot,42
Maharashtra,Akola,43
Maharashtra,Akole,44
Maharashtra,Akot,45
Maharashtra,Alibag,46
Maharashtra,Amalner,47
Maharashtra,Ambad,48
Maharashtra,Ambarnath,49
Maharashtra,Ambegaon,50
Maharashtra,Ambejogai,51
Maharashtra,Amgaon,52
Maharashtra,Amravati,53
Maharashtra,Anjangaon Surji,54
Maharashtra,Ardhapur,55
Maharashtra,Arjuni Morgaon,56
Maharashtra,Armori,57
Maharashtra,Arni,58
Maharashtra,Arvi,59
Maharashtra,Ashti,60
Maharashtra,Atpadi,61
Maharashtra,Aundha,62
Maharashtra,Aurangabad,63
Maharashtra,Ausa,64
Maharashtra,Babulgaon,65
Maharashtra,Badnapur,66
Maharashtra,Baglan,67
Maharashtra,Balapur,68
Maharashtra,Ballarpur,69
Maharashtra,Baramati,70
Maharashtra,Barshi,71
Maharashtra,Barshitakli,72
Maharashtra,Basmath,73
Maharashtra,Beed,74
Maharashtra,Bhadgaon,75
Maharashtra,Bhadravati,76
Maharashtra,Bhamaragad,77
Maharashtra,Bhandara,78
Maharashtra,Bhatkuli,79
Maharashtra,Bhiwandi,80
Maharashtra,Bhiwapur,81
Maharashtra,Bhokar,82
Maharashtra,Bhokardan,83
Maharashtra,Bhor,84
Maharashtra,Bhudargad,85
Maharashtra,Bhum,86
Maharashtra,Bhusawal,87
Maharashtra,Biloli,88
Maharashtra,Bodwad,89
Maharashtra,Bramhapuri,90
Maharashtra,Buldana,91
Maharashtra,Chakur,92
Maharashtra,Chalisgaon,93
Maharashtra,Chamorshi,94
Maharashtra,Chandgad,95
Maharashtra,Chandrapur,96
Maharashtra,Chandur Bazar,97
Maharashtra,Chandur Railway,98
Maharashtra,Chandvad,99
Maharashtra,Chauka,100
Maharashtra,Chikhaldara,1
Maharashtra,Chikli,2
Maharashtra,Chimur,3
Maharashtra,Chiplun,4
Maharashtra,Chopda,5
Maharashtra,Dapoli,6
Maharashtra,Darwha,7
Maharashtra,Daryapur,8
Maharashtra,Daund,9
Maharashtra,Deglur,10
Maharashtra,Deola,11
Maharashtra,Deoli,12
Maharashtra,Deoni,13
Maharashtra,Deori,14
Maharashtra,Desaiganj,15
Maharashtra,Deulgaon-Raja,16
Maharashtra,Devgad,17
Maharashtra,Dhamangaon Railway,18
Maharashtra,Dhanora,19
Maharashtra,Dharangaon,20
Maharashtra,Dharmabad,21
Maharashtra,Dharni,22
Maharashtra,Dharur,23
Maharashtra,Dhule,24
Maharashtra,Digras,25
Maharashtra,Dindori,26
Maharashtra,Dodamarg,27
Maharashtra,Edlabad,28
Maharashtra,Erandol,29
Maharashtra,Etapalli,30
Maharashtra,Fulambari,31
Maharashtra,Gadchiroli,32
Maharashtra,Gadhinglaj,33
Maharashtra,Gagan-Bawada,34
Maharashtra,Gangakhed,35
Maharashtra,Gangapur,36
Maharashtra,Georai,37
Maharashtra,Ghansavangi,38
Maharashtra,Ghatanji,39
Maharashtra,Gondia,40
Maharashtra,Gondpipri,41
Maharashtra,Goregaon,42
Maharashtra,Guhaghar,43
Maharashtra,Hadgaon,44
Maharashtra,Hatkalangale,45
Maharashtra,Haveli,46
Maharashtra,Himayatnagar,47
Maharashtra,Hingangaht,48
Maharashtra,Hingoli,49
Maharashtra,Igatpuri,50
Maharashtra,Indapur,51
Maharashtra,Jalgaon,52
Maharashtra,Jalgaon-Jamod,53
Maharashtra,Jalkot,54
Maharashtra,Jalna,55
Maharashtra,Jamkhed,56
Maharashtra,Jamner,57
Maharashtra,Jaoli,58
Maharashtra,Jath,59
Maharashtra,Jintur,60
Maharashtra,Jiwati,61
Maharashtra,Junnar,62
Maharashtra,Kadegaon,63
Maharashtra,Kagal,64
Maharashtra,Kaij,65
Maharashtra,Kalamb,66
Maharashtra,Kalmeshwar,67
Maharashtra,Kalmnuri,68
Maharashtra,Kalwan,69
Maharashtra,Kalyan,70
Maharashtra,Kamthi,71
Maharashtra,Kandhar,72
Maharashtra,Kankavali,73
Maharashtra,Kannad,74
Maharashtra,Karad,75
Maharashtra,Karanja,76
Maharashtra,Karjat,77
Maharashtra,Karmala,78
Maharashtra,Karvir,79
Maharashtra,Katol,80
Maharashtra,Kavathe Mahankal,81
Maharashtra,Kelapur,82
Maharashtra,Khalapur,83
Maharashtra,Khamgaon,84
Maharashtra,Khanapur,85
Maharashtra,Khandala,86
Maharashtra,Khatav,87
Maharashtra,Khed,88
Maharashtra,Khuldabad,89
Maharashtra,Kinwat,90
Maharashtra,Kopargaon,91
Maharashtra,Korchi,92
Maharashtra,Koregaon,93
Maharashtra,Korpana,94
Maharashtra,Kudal,95
Maharashtra,Kuhi,96
Maharashtra,Kurkheda,97
Maharashtra,Lakhandur,98
Maharashtra,Lakhni,99
Maharashtra,Lanja,100
Maharashtra,Latur,1
Maharashtra,Loha,2
Maharashtra,Lohara,3
Maharashtra,Lonar,4
Maharashtra,Madha,5
Maharashtra,Mahableshwar,6
Maharashtra,Mahad,7
Maharashtra,Mahagaon,8
Maharashtra,Mahur,9
Maharashtra,Majalgaon,10
Maharashtra,Malegaon,11
Maharashtra,Malkapur,12
Maharashtra,Malshiras,13
Maharashtra,Malwan,14
Maharashtra,Man,15
Maharashtra,Mandangad,16
Maharashtra,Mangalvedhe,17
Maharashtra,Mangaon,18
Maharashtra,Mangrulpir,19
Maharashtra,Manora,20
Maharashtra,Mantha,21
Maharashtra,Manwat,22
Maharashtra,Maregaon,23
Maharashtra,Mauda,24
Maharashtra,Mawal,25
Maharashtra,Mehkar,26
Maharashtra,Mhasla,27
Maharashtra,Miraj,28
Maharashtra,Mohadi,29
Maharashtra,Mohol,30
Maharashtra,Morshi,31
Maharashtra,Motala,32
Maharashtra,Mudkhed,33
Maharashtra,Mukhed,34
Maharashtra,Mul,35
Maharashtra,Mulchera,36
Maharashtra,Mulshi,37
Maharashtra,Mumbai,38
Maharashtra,Murbad,39
Maharashtra,Murtijapur,40
Maharashtra,Murud,41
Maharashtra,Nagar,42
Maharashtra,Nagbhir,43
Maharashtra,Nagpur,44
Maharashtra,Nagpur (Rural),45
Maharashtra,Naigaon,46
Maharashtra,Nanded,47
Maharashtra,Nandgaon,48
Maharashtra,Nandgaon Khandeshwar,49
Maharashtra,Nandura,50
Maharashtra,Nandurbar,51
Maharashtra,Narkhed,52
Maharashtra,Nasik,53
Maharashtra,Navapur,54
Maharashtra,Ner,55
Maharashtra,Nevasa,56
Maharashtra,Nilanga,57
Maharashtra,Niphad,58
Maharashtra,Osmanabad,59
Maharashtra,Pachora,60
Maharashtra,Paithan,61
Maharashtra,Palam,62
Maharashtra,Palus,63
Maharashtra,Pandharpur,64
Maharashtra,Panhala,65
Maharashtra,Panvel,66
Maharashtra,Paranda,67
Maharashtra,Parbhani,68
Maharashtra,Parli,69
Maharashtra,Parner,70
Maharashtra,Parola,71
Maharashtra,Parseoni,72
Maharashtra,Part Of Akkalkuwa,73
Maharashtra,Part Of Jafrabad,74
Maharashtra,Partur,75
Maharashtra,Patan,76
Maharashtra,Pathardi,77
Maharashtra,Pathri,78
Maharashtra,Patoda,79
Maharashtra,Patur,80
Maharashtra,Pauni,81
Maharashtra,Peint,82
Maharashtra,Pen,83
Maharashtra,Phaltan,84
Maharashtra,Poladpur,85
Maharashtra,Pomburna,86
Maharashtra,Pune City,87
Maharashtra,Purandhar,88
Maharashtra,Purna,89
Maharashtra,Pusad,90
Maharashtra,Radhanagari,91
Maharashtra,Rahata,92
Maharashtra,Rahuri,93
Maharashtra,Rajapur,94
Maharashtra,Rajura,95
Maharashtra,Ralegaon,96
Maharashtra,Ramtek,97
Maharashtra,Ratnagiri,98
Maharashtra,Raver,99
Maharashtra,Renapur,100
Maharashtra,Risod,1
Maharashtra,Roha,2
Maharashtra,Sadak-Arjuni,3
Maharashtra,Sakoli,4
Maharashtra,Sakri,5
Maharashtra,Salekasa,6
Maharashtra,Samudrapur,7
Maharashtra,Sangamner,8
Maharashtra,Sangmeshwar,9
Maharashtra,Sangola,10
Maharashtra,Sangrampur,11
Maharashtra,Saoli,12
Maharashtra,Saoner,13
Maharashtra,Satara,14
Maharashtra,Savantwadi,15
Maharashtra,Seloo,16
Maharashtra,Selu,17
Maharashtra,Sengaon,18
Maharashtra,Shahada,19
Maharashtra,Shahapur,20
Maharashtra,Shahuwadi,21
Maharashtra,Shegaon,22
Maharashtra,Shevgaon,23
Maharashtra,Shirala,24
Maharashtra,Shirol,25
Maharashtra,Shirpur,26
Maharashtra,Shirur,27
Maharashtra,Shirur-Anantpal,28
Maharashtra,Shirur-Kasar,29
Maharashtra,Shrigonda,30
Maharashtra,Shrirampur,31
Maharashtra,Shrivardhan,32
Maharashtra,Sillod,33
Maharashtra,Sindewahi,34
Maharashtra,Sindkhed-Raja,35
Maharashtra,Sindkheda,36
Maharashtra,Sinnar,37
Maharashtra,Sironcha,38
Maharashtra,Solapur North,39
Maharashtra,Solapur South,40
Maharashtra,Sonpeth,41
Maharashtra,Soygaon,42
Maharashtra,Sudhagad,43
Maharashtra,Surgana,44
Maharashtra,Tala,45
Maharashtra,Taloda,46
Maharashtra,Tasgaon,47
Maharashtra,Telhara,48
Maharashtra,Teosa,49
Maharashtra,Thane,50
Maharashtra,Tirora,51
Maharashtra,Trimbakeshwar,52
Maharashtra,Tuljapur,53
Maharashtra,Tumsar,54
Maharashtra,Udgir,55
Maharashtra,Ulhasnagar,56
Maharashtra,Umarga,57
Maharashtra,Umarkhed,58
Maharashtra,Umrer,59
Maharashtra,Umri,60
Maharashtra,Uran,61
Maharashtra,Vaibhavwadi,62
Maharashtra,Vaijapur,63
Maharashtra,Velhe,64
Maharashtra,Vengurla,65
Maharashtra,Wadwani,66
Maharashtra,Wai,67
Maharashtra,Walwa,68
Maharashtra,Wani,69
Maharashtra,Wardha,70
Maharashtra,Warora,71
Maharashtra,Warud,72
Maharashtra,Washi,73
Maharashtra,Washim,74
Maharashtra,Yavatmal,75
Maharashtra,Yawal,76
Maharashtra,Yevla,77
Maharashtra,Zari Zamni,78
Manipur,Bishnupur,79
Manipur,Chakpikarong,80
Manipur,Chandel,81
Manipur,Chingai(Ukhrul North),82
Manipur,Churchandpur,83
Manipur,Gamnom Sapermaina Saitu Gamphazol,84
Manipur,Henglep,85
Manipur,Jiribam,86
Manipur,Kakching,87
Manipur,Kamjong,88
Manipur,Kasom Khulen(Ukhrul South),89
Manipur,Keiraobitra,90
Manipur,Lamphelpat,91
Manipur,Lamshang,92
Manipur,Lilong,93
Manipur,Machi,94
Manipur,Moirang,95
Manipur,Nambol,96
Manipur,Nungba,97
Manipur,Paomata,98
Manipur,Patsoi,99
Manipur,Phungyar,100
Manipur,Porompat,1
Manipur,Purul,2
Manipur,Sadr Hill East(Saikul),3
Manipur,Sadr Hill West,4
Manipur,Sawombung,5
Manipur,Singnat,6
Manipur,Tamei(Tamenglong North),7
Manipur,Tamenglong,8
Manipur,Tengnoupal,9
Manipur,Thanglon,10
Manipur,Thoubal,11
Manipur,Tipaimukh,12
Manipur,Tousem(Tamenglong West),13
Manipur,Ukhrul(Central Ukhrul),14
Manipur,Wangoi,15
Meghalaya,Amlarem,16
Meghalaya,Baghmara,17
Meghalaya,Betasing,18
Meghalaya,Chokpot,19
Meghalaya,Dadenggre,20
Meghalaya,Dalu,21
Meghalaya,Gambegre,22
Meghalaya,Gasuapara,23
Meghalaya,Jirang,24
Meghalaya,Kharkutta,25
Meghalaya,Khliehriat,26
Meghalaya,Laskien,27
Meghalaya,Mairang,28
Meghalaya,Mawkynrew,29
Meghalaya,Mawkyrwat,30
Meghalaya,Mawphlang,31
Meghalaya,Mawryngkneng,32
Meghalaya,Mawshynrut,33
Meghalaya,Mawsynram,34
Meghalaya,Mawthadraishan,35
Meghalaya,Mylliem,36
Meghalaya,Nongstoin,37
Meghalaya,Pynursla,38
Meghalaya,Ranikor,39
Meghalaya,Resubelpara,40
Meghalaya,Rongara,41
Meghalaya,Rongjeng,42
Meghalaya,Rongram,43
Meghalaya,Saipung,44
Meghalaya,Samanda,45
Meghalaya,Selsella,46
Meghalaya,Shella_Bholaganj,47
Meghalaya,Songsak,48
Meghalaya,Thadlaskien,49
Meghalaya,Tikrikilla,50
Meghalaya,Umling,51
Meghalaya,Umsning,52
Meghalaya,Zikzak,53
Mizoram,Aibawk,54
Mizoram,Bilkhawthlir,55
Mizoram,Bungtlang S,56
Mizoram,Champhai,57
Mizoram,Chawngte,58
Mizoram,Darlawn,59
Mizoram,E Lungdar,60
Mizoram,Hnahthial,61
Mizoram,Khawbung,62
Mizoram,Khawzawl,63
Mizoram,Lawngtlai,64
Mizoram,Lunglei,65
Mizoram,Lungsen,66
Mizoram,N Thingdawl,67
Mizoram,Ngopa,68
Mizoram,Phullen,69
Mizoram,Reiek,70
Mizoram,Saiha,71
Mizoram,Sangau,72
Mizoram,Serchhip,73
Mizoram,Thingsulthliah,74
Mizoram,Tlangnuam,75
Mizoram,Tuipang,76
Mizoram,West Bunghmun,77
Mizoram,West Phaileng,78
Mizoram,Zawlnuam,79
Nagaland,Aboi,80
Nagaland,Aghunato,81
Nagaland,Akuhaito,82
Nagaland,Akuluto,83
Nagaland,Alongkima,84
Nagaland,Angjangyang,85
Nagaland,Athibung,86
Nagaland,Bhandari,87
Nagaland,Botsa,88
Nagaland,Changpang,89
Nagaland,Changtongya,90
Nagaland,Chare,91
Nagaland,Chen,92
Nagaland,Chessore,93
Nagaland,Chetheba,94
Nagaland,Chiephobozou,95
Nagaland,Chizami,96
Nagaland,Chuchuyimlang,97
Nagaland,Chukitong,98
Nagaland,Chumukedima,99
Nagaland,Dhansiripar,100
Nagaland,Ghathashi,1
Nagaland,Jakhama,2
Nagaland,Jalukie,3
Nagaland,Khongsa,4
Nagaland,Kiphire Sadar,5
Nagaland,Kohima Sadar,6
Nagaland,Kubolong,7
Nagaland,Longchem,8
Nagaland,Longkhim,9
Nagaland,Longleng,10
Nagaland,Longmatra,11
Nagaland,Mangkolemba,12
Nagaland,Medziphema,13
Nagaland,Meluri,14
Nagaland,Mon Sadar,15
Nagaland,Monyakshu,16
Nagaland,Nihokhu,17
Nagaland,Noklak,18
Nagaland,Noksen,19
Nagaland,Ongpangkong (S),20
Nagaland,Panso,21
Nagaland,Peren,22
Nagaland,Pfutsero,23
Nagaland,Phek Sadar,24
Nagaland,Phokhungri,25
Nagaland,Phomching,26
Nagaland,Pungro,27
Nagaland,Ralan,28
Nagaland,Sakshi,29
Nagaland,Sanis,30
Nagaland,Satakha,31
Nagaland,Satoi,32
Nagaland,Sechu (Subza),33
Nagaland,Sekruzu,34
Nagaland,Shamator,35
Nagaland,Sitimi,36
Nagaland,Suruhoto,37
Nagaland,Tamlu,38
Nagaland,Tenning,39
Nagaland,Thonoknyu,40
Nagaland,Tizit,41
Nagaland,Tseminyu,42
Nagaland,Tuensang Sadar,43
Nagaland,Tuli,44
Nagaland,Wakching,45
Nagaland,Wokha Sadar,46
Nagaland,Wozhuro,47
Nagaland,Zunheboto Sadar,48
Orissa,Agalpur,49
Orissa,Ambabhona,50
Orissa,Anandapur,51
Orissa,Anugul,52
Orissa,Aska,53
Orissa,Astaranga,54
Orissa,Athagad,55
Orissa,Athmallik,56
Orissa,Attabira,57
Orissa,Aul,58
Orissa,Badachana,59
Orissa,Badamba,60
Orissa,Bahalda,61
Orissa,Bahanaga,62
Orissa,Balangir,63
Orissa,Baleswar,64
Orissa,Balianta,65
Orissa,Baliapal,66
Orissa,Baliguda,67
Orissa,Balikuda,68
Orissa,Balipatna,69
Orissa,Balisankara,70
Orissa,Bamra,71
Orissa,Banapur,72
Orissa,Banarpal,73
Orissa,Bandhugaon,74
Orissa,Baneigarh,75
Orissa,Bangiriposhi,76
Orissa,Bangomunda,77
Orissa,Banki-Dampara,78
Orissa,Banspal,79
Orissa,Bant,80
Orissa,Baragaon,81
Orissa,Barang,82
Orissa,Bargarh,83
Orissa,Bari,84
Orissa,Baripada,85
Orissa,Barkot,86
Orissa,Barpali,87
Orissa,Barsahi,88
Orissa,Basta,89
Orissa,Basudebpur,90
Orissa,Begunia,91
Orissa,Beguniapada,92
Orissa,Bellaguntha,93
Orissa,Belpara,94
Orissa,Betanati,95
Orissa,Bhadrak,96
Orissa,Bhandaripokhari,97
Orissa,Bhanjanagar,98
Orissa,Bhapur,99
Orissa,Bhatli,100
Orissa,Bhawanipatna,1
Orissa,Bheden,2
Orissa,Bhograi,3
Orissa,Bhuban,4
Orissa,Bhubaneswar,5
Orissa,Bijatola,6
Orissa,Bijepur,7
Orissa,Binika,8
Orissa,Binjharpur,9
Orissa,Biramaharajpur,10
Orissa,Biridi,11
Orissa,Bisoi,12
Orissa,Bisra,13
Orissa,Bissam Cuttack,14
Orissa,Boden,15
Orissa,Boipariguda,16
Orissa,Bolagad,17
Orissa,Borigumma,18
Orissa,Boudh,19
Orissa,Bramhagiri,20
Orissa,Buguda,21
Orissa,Chakapad,22
Orissa,Champua,23
Orissa,Chandabali,24
Orissa,Chandahandi,25
Orissa,Chandrapur,26
Orissa,Chhatrapur,27
Orissa,Chhendipada,28
Orissa,Chikiti,29
Orissa,Chilika,30
Orissa,Cuttack Sadar,31
Orissa,Dabugan,32
Orissa,Danagadi,33
Orissa,Daringbadi,34
Orissa,Dasamantapur,35
Orissa,Dasapalla,36
Orissa,Dasarathpur,37
Orissa,Delanga,38
Orissa,Deogaon,39
Orissa,Derabisi,40
Orissa,Dhamanagar,41
Orissa,Dhankauda,42
Orissa,Dharakote,43
Orissa,Dharamgarh,44
Orissa,Dharmasala,45
Orissa,Dhenkanal,46
Orissa,Digapahandi,47
Orissa,Dunguripali,48
Orissa,Ersama,49
Orissa,G. Udayagiri,50
Orissa,Gaisilet,51
Orissa,Gandia,52
Orissa,Gania,53
Orissa,Ganjam,54
Orissa,Garadpur,55
Orissa,Ghasipura,56
Orissa,Ghatgaon,57
Orissa,Golamunda,58
Orissa,Gop,59
Orissa,Gopabandhunagar,60
Orissa,Gudari,61
Orissa,Gumma,62
Orissa,Gunupur,63
Orissa,Gurundia,64
Orissa,Harbhanga,65
Orissa,Harichandanpur,66
Orissa,Hatadihi,67
Orissa,Hemgir,68
Orissa,Hindol,69
Orissa,Hinjilicut,70
Orissa,Jagannathprasad,71
Orissa,Jagatsinghapur (P),72
Orissa,Jajapur,73
Orissa,Jaleswar,74
Orissa,Jamankira,75
Orissa,Jamda,76
Orissa,Jashipur,77
Orissa,Jatani,78
Orissa,Jayapatna,79
Orissa,Jeypore,80
Orissa,Jharbandh,81
Orissa,Jharigan,82
Orissa,Jharsuguda,83
Orissa,Jhumpura,84
Orissa,Joda,85
Orissa,Jujomura,86
Orissa,Junagarh,87
Orissa,K.Nuagaon,88
Orissa,Kabisuryanagar,89
Orissa,Kakatpur,90
Orissa,Kalampur,91
Orissa,Kalimela,92
Orissa,Kalyanasingpur,93
Orissa,Kamakhyanagar,94
Orissa,Kanas,95
Orissa,Kaniha,96
Orissa,Kankadahad,97
Orissa,Kantamal,98
Orissa,Kantapada,99
Orissa,Kaptipada,100
Orissa,Karanjia,1
Orissa,Karlamunda,2
Orissa,Kashipur,3
Orissa,Kasinagar,4
Orissa,Kendrapara,5
Orissa,Kendujhar,6
Orissa,Kesinga,7
Orissa,Khaira,8
Orissa,Khairput,9
Orissa,Khajuripada,10
Orissa,Khallikote,11
Orissa,Khandapada,12
Orissa,Khaprakhol,13
Orissa,Khariar,14
Orissa,Khordha,15
Orissa,Khunta,16
Orissa,Kirimira,17
Orissa,Kishorenagar,18
Orissa,Koida,19
Orissa,Kokasara,20
Orissa,Kolabira,21
Orissa,Kolnara,22
Orissa,Komna,23
Orissa,Koraput,24
Orissa,Korei,25
Orissa,Korkunda,26
Orissa,Kosagumuda,27
Orissa,Kotagarh,28
Orissa,Kotpad,29
Orissa,Krushnaprasad,30
Orissa,Kuanrmunda,31
Orissa,Kuchinda,32
Orissa,Kudumulguma,33
Orissa,Kujang,34
Orissa,Kukudakhandi,35
Orissa,Kuliana,36
Orissa,Kundra,37
Orissa,Kusumi,38
Orissa,Kutra,39
Orissa,Lahunipara,40
Orissa,Laikera,41
Orissa,Lakhanpur,42
Orissa,Lakshmipur,43
Orissa,Lamptaput,44
Orissa,Lanjigarh,45
Orissa,Lathikata,46
Orissa,Lephripara,47
Orissa,Loisinga,48
Orissa,Madanpur-Rampur,49
Orissa,Mahakalapada,50
Orissa,Mahanga,51
Orissa,Malkangiri,52
Orissa,Maneswar,53
Orissa,Marsaghai,54
Orissa,Mathili,55
Orissa,Mohana,56
Orissa,Muniguda,57
Orissa,Muribahal,58
Orissa,Muruda,59
Orissa,Naktideul,60
Orissa,Nandahandi,61
Orissa,Nandapur,62
Orissa,Narasinghpur,63
Orissa,Narayanpatna,64
Orissa,Narla,65
Orissa,Naugaon,66
Orissa,Nawarangpur,67
Orissa,Nayagarh,68
Orissa,Niali,69
Orissa,Nilagiri,70
Orissa,Nimapada,71
Orissa,Nischintakoili,72
Orissa,Nuagada,73
Orissa,Nuagaon,74
Orissa,Nuapada,75
Orissa,Odagaon,76
Orissa,Odapada,77
Orissa,Oupada,78
Orissa,Padampur,79
Orissa,Padmapur,80
Orissa,Paikmal,81
Orissa,Palalahada,82
Orissa,Paparahandi,83
Orissa,Parajang,84
Orissa,Paralakhemundi,85
Orissa,Patana,86
Orissa,Patnagarh,87
Orissa,Patrapur,88
Orissa,Pattamundai,89
Orissa,Phiringia,90
Orissa,Phulbani,91
Orissa,Pipili,92
Orissa,Podia,93
Orissa,Polasara,94
Orissa,Pottangi,95
Orissa,Puintala,96
Orissa,Puri,97
Orissa,Purusottampur,98
Orissa,R. Udaygiri,99
Orissa,Raghunathpur,100
Orissa,Raighar,1
Orissa,Raikia,2
Orissa,Rairakhol,3
Orissa,Rairangpur,4
Orissa,Rajagangapur,5
Orissa,Rajkanika,6
Orissa,Rajnagar,7
Orissa,Ramanguda,8
Orissa,Ranapur,9
Orissa,Rangeilunda,10
Orissa,Raruan,11
Orissa,Rasagovindpur,12
Orissa,Rasulpur,13
Orissa,Rayagada,14
Orissa,Reamal,15
Orissa,Remuna,16
Orissa,Rengali,17
Orissa,Saharapada,18
Orissa,Saintala,19
Orissa,Salepur,20
Orissa,Sanakhemundi,21
Orissa,Saraskana,22
Orissa,Satyabadi,23
Orissa,Seragad,24
Orissa,Shamakhunta,25
Orissa,Similiguda,26
Orissa,Simulia,27
Orissa,Sinapalli,28
Orissa,Sohella,29
Orissa,Sonepur,30
Orissa,Sorada,31
Orissa,Soro,32
Orissa,Subdega,33
Orissa,Sukinda,34
Orissa,Sukruli,35
Orissa,Suliapada,36
Orissa,Sundargarh,37
Orissa,Talcher,38
Orissa,Tangarapali,39
Orissa,Tangi,40
Orissa,Tangi-Choudwar,41
Orissa,Tarbha,42
Orissa,Telkoi,43
Orissa,Tentulikhunti,44
Orissa,Tentulikhunti (Gudvella),45
Orissa,Thakurmunda,46
Orissa,Thuamul-Rampur,47
Orissa,Tigiria,48
Orissa,Tihidi,49
Orissa,Tikabali,50
Orissa,Tileibani,51
Orissa,Tiring,52
Orissa,Tirtol,53
Orissa,Titilagarh,54
Orissa,Tumudibandha,55
Orissa,Turekela,56
Orissa,Udala,57
Orissa,Ulunda,58
Orissa,Umarkote,59
Puducherry,Mahe,60
Punjab,Abohar,61
Punjab,Ajnala,62
Punjab,Amloh,63
Punjab,Amritsar-I,64
Punjab,Amritsar-Ii,65
Punjab,Anandpur Sahib,66
Punjab,Baba Bakala,67
Punjab,Bagha Purana,68
Punjab,Balachaur,69
Punjab,Barnala,70
Punjab,Bassi Pathanan,71
Punjab,Batala,72
Punjab,Bathinda,73
Punjab,Bhulath,74
Punjab,Budhlada,75
Punjab,Chamkaur Sahib,76
Punjab,Dasuya,77
Punjab,Dera Baba Nanak,78
Punjab,Dhar Kalan,79
Punjab,Dhuri,80
Punjab,Faridkot,81
Punjab,Fatehgarh Sahib,82
Punjab,Fazilka,83
Punjab,Firozpur,84
Punjab,Garh Shankar,85
Punjab,Gidderbaha,86
Punjab,Gurdaspur,87
Punjab,Hoshiarpur,88
Punjab,Jaitu,89
Punjab,Jalalabad,90
Punjab,Jalandhar I,91
Punjab,Jalandhar Ii,92
Punjab,Kapurthala,93
Punjab,Khadur Sahib,94
Punjab,Khamanon,95
Punjab,Khanna,96
Punjab,Kharar,97
Punjab,Lehra,98
Punjab,Ludhiana East,99
Punjab,Ludhiana West,100
Punjab,Malerkotla,1
Punjab,Malout,2
Punjab,Mansa,3
Punjab,Mohali,4
Punjab,Moonak,5
Punjab,Mukerian,6
Punjab,Muktsar,7
Punjab,Nabha,8
Punjab,Nakodar,9
Punjab,Nangal,10
Punjab,Nawan Shahr,11
Punjab,Nihal Singh Wala,12
Punjab,Pathankot,13
Punjab,Patiala,14
Punjab,Patran,15
Punjab,Patti,16
Punjab,Payal,17
Punjab,Phagwara,18
Punjab,Phillaur,19
Punjab,Raikot,20
Punjab,Rajpura,21
Punjab,Rampura Phul,22
Punjab,Rupnagar,23
Punjab,Samana,24
Punjab,Samrala,25
Punjab,Sangrur,26
Punjab,Sardulgarh,27
Punjab,Shahkot,28
Punjab,Sultanpur Lodhi,29
Punjab,Sunam,30
Punjab,Talwandi Sabo,31
Punjab,Tapa,32
Punjab,Tarn Taran,33
Punjab,Zira,34
Rajasthan,Abu Road,35
Rajasthan,Ahore,36
Rajasthan,Aklera,37
Rajasthan,Alsisar,38
Rajasthan,Amber,39
Rajasthan,Amet,40
Rajasthan,Anandpuri,41
Rajasthan,Antah,42
Rajasthan,Anupgarh,43
Rajasthan,Arain,44
Rajasthan,Arnod,45
Rajasthan,Arthoona,46
Rajasthan,Asind,47
Rajasthan,Aspur,48
Rajasthan,Atru,49
Rajasthan,Bagidora,50
Rajasthan,Bakani,51
Rajasthan,Balesar,52
Rajasthan,Bali,53
Rajasthan,Balotra,54
Rajasthan,Bamanwas,55
Rajasthan,Bandikui,56
Rajasthan,Banera,57
Rajasthan,Bansur,58
Rajasthan,Banswara,59
Rajasthan,Baori,60
Rajasthan,Bap,61
Rajasthan,Bapini,62
Rajasthan,Baran,63
Rajasthan,Bargaon,64
Rajasthan,Bari,65
Rajasthan,Bari Sadri,66
Rajasthan,Barmer,67
Rajasthan,Baseri,68
Rajasthan,Bassi,69
Rajasthan,Bayana,70
Rajasthan,Baytoo,71
Rajasthan,Begun,72
Rajasthan,Behror,73
Rajasthan,Bhadesar,74
Rajasthan,Bhadra,75
Rajasthan,Bhainsrorgarh,76
Rajasthan,Bhawani Mandi,77
Rajasthan,Bhim,78
Rajasthan,Bhinay,79
Rajasthan,Bhindar,80
Rajasthan,Bhinmal,81
Rajasthan,Bhopalgarh,82
Rajasthan,Bhopalsagar,83
Rajasthan,Bichhiwara,84
Rajasthan,Bidasar,85
Rajasthan,Bijoliyan,86
Rajasthan,Bikaner,87
Rajasthan,Bilara,88
Rajasthan,Bonli,89
Rajasthan,Buhana,90
Rajasthan,Bundi,91
Rajasthan,Chaksu,92
Rajasthan,Chauth Ka Barwara,93
Rajasthan,Cheekhli,94
Rajasthan,Chhabra,95
Rajasthan,Chhipabarod,96
Rajasthan,Chhoti Sadri,97
Rajasthan,Chhotisarvan,98
Rajasthan,Chirawa,99
Rajasthan,Chitalwana,100
Rajasthan,Chittaurgarh,1
Rajasthan,Chohtan,2
Rajasthan,Churu,3
Rajasthan,Dag,4
Rajasthan,Danta Ramgarh,5
Rajasthan,Dausa,6
Rajasthan,Dechoo,7
Rajasthan,Deeg,8
Rajasthan,Degana,9
Rajasthan,Deogarh,10
Rajasthan,Deoli,11
Rajasthan,Desuri,12
Rajasthan,Dhanaoo,13
Rajasthan,Dhariawad,14
Rajasthan,Dhaulpur,15
Rajasthan,Dhond,16
Rajasthan,Dhorimanna,17
Rajasthan,Didwana,18
Rajasthan,Dovra,19
Rajasthan,Dudu,20
Rajasthan,Dungargarh,21
Rajasthan,Dungarpur,22
Rajasthan,Dungla,23
Rajasthan,Fatehpur,24
Rajasthan,Gadraroad,25
Rajasthan,Galiakot,26
Rajasthan,Ganganagar,27
Rajasthan,Gangapur,28
Rajasthan,Gangar Talai,29
Rajasthan,Gangrar,30
Rajasthan,Garhi,31
Rajasthan,Ghadsana,32
Rajasthan,Ghatol,33
Rajasthan,Gira,34
Rajasthan,Girwa,35
Rajasthan,Gogunda,36
Rajasthan,Govindgarh,37
Rajasthan,Gudhamalani,38
Rajasthan,Hanumangarh,39
Rajasthan,Hindaun,40
Rajasthan,Hindoli,41
Rajasthan,Hurda,42
Rajasthan,Itawa,43
Rajasthan,Jahazpur,44
Rajasthan,Jaisalmer,45
Rajasthan,Jaitaran,46
Rajasthan,Jalore,47
Rajasthan,Jalsoo,48
Rajasthan,Jamwa Ramgarh,49
Rajasthan,Jaswantpura,50
Rajasthan,Jawaja,51
Rajasthan,Jayal,52
Rajasthan,Jhadol,53
Rajasthan,Jhalara,54
Rajasthan,Jhalrapatan,55
Rajasthan,Jhonthri,56
Rajasthan,Jhotwara,57
Rajasthan,Jhunjhunun,58
Rajasthan,Kalyanpur,59
Rajasthan,Kaman,60
Rajasthan,Kapasan,61
Rajasthan,Karanpur,62
Rajasthan,Karauli,63
Rajasthan,Kathumar,64
Rajasthan,Kekri,65
Rajasthan,Keshorai Patan,66
Rajasthan,Khairabad,67
Rajasthan,Khajuwala,68
Rajasthan,Khamnor,69
Rajasthan,Khandar,70
Rajasthan,Khandela,71
Rajasthan,Khanpur,72
Rajasthan,Kharchi (Marwar Junction),73
Rajasthan,Kheenvsar,74
Rajasthan,Kherwara,75
Rajasthan,Khetri,76
Rajasthan,Kishanganj,77
Rajasthan,Kishangarh,78
Rajasthan,Kishangarh Bas,79
Rajasthan,Kolayat,80
Rajasthan,Kotkasim,81
Rajasthan,Kotputli,82
Rajasthan,Kotra,83
Rajasthan,Kotri,84
Rajasthan,Kuchaman City,85
Rajasthan,Kumbhalgarh,86
Rajasthan,Kumher,87
Rajasthan,Kurawar,88
Rajasthan,Kushalgarh,89
Rajasthan,Lachhmangarh,90
Rajasthan,Ladnu,91
Rajasthan,Ladpura,92
Rajasthan,Lalsot,93
Rajasthan,Lasadiya,94
Rajasthan,Lawan,95
Rajasthan,Laxmangarh,96
Rajasthan,Lohawat,97
Rajasthan,Luni,98
Rajasthan,Lunkaransar,99
Rajasthan,Mahwa,100
Rajasthan,Makrana,1
Rajasthan,Malpura,2
Rajasthan,Mandal,3
Rajasthan,Mandalgarh,4
Rajasthan,Mandawar,5
Rajasthan,Mandor,6
Rajasthan,Mandrail,7
Rajasthan,Manohar Thana,8
Rajasthan,Masooda,9
Rajasthan,Mavli,10
Rajasthan,Merta,11
Rajasthan,Molasar,12
Rajasthan,Mundwa,13
Rajasthan,Nadbai,14
Rajasthan,Nadoti,15
Rajasthan,Nagar,16
Rajasthan,Nagaur,17
Rajasthan,Nainwa,18
Rajasthan,Nawa,19
Rajasthan,Nawalgarh,20
Rajasthan,Neem Ka Thana,21
Rajasthan,Neemrana,22
Rajasthan,Nimbahera,23
Rajasthan,Niwai,24
Rajasthan,Nohar,25
Rajasthan,Nokha,26
Rajasthan,Osian,27
Rajasthan,Padampur,28
Rajasthan,Pahari,29
Rajasthan,Pali,30
Rajasthan,Panchoo,31
Rajasthan,Paota,32
Rajasthan,Parbatsar,33
Rajasthan,Patan,34
Rajasthan,Patodi,35
Rajasthan,Peepalkhoont,36
Rajasthan,Peesangan,37
Rajasthan,Phagi,38
Rajasthan,Phalasiya,39
Rajasthan,Phalodi,40
Rajasthan,Pilibanga,41
Rajasthan,Pindwara,42
Rajasthan,Pipar City,43
Rajasthan,Piprali,44
Rajasthan,Pirawa,45
Rajasthan,Pratapgarh,46
Rajasthan,Railmagra,47
Rajasthan,Raipur,48
Rajasthan,Raisinghnagar,49
Rajasthan,Rajakhera,50
Rajasthan,Rajgarh,51
Rajasthan,Rajsamand,52
Rajasthan,Ramgarh,53
Rajasthan,Ramsar,54
Rajasthan,Rani Station,55
Rajasthan,Raniwara,56
Rajasthan,Rashmi,57
Rajasthan,Ratangarh,58
Rajasthan,Rawatsar,59
Rajasthan,Reni,60
Rajasthan,Reodar,61
Rajasthan,Rishabhdev,62
Rajasthan,Riyan Bari,63
Rajasthan,Rohat,64
Rajasthan,Rupbas,65
Rajasthan,Sabla,66
Rajasthan,Sadulshahar,67
Rajasthan,Sagwara,68
Rajasthan,Sahara,69
Rajasthan,Saipu,70
Rajasthan,Sajjangarh,71
Rajasthan,Salumbar,72
Rajasthan,Sam,73
Rajasthan,Sambhar,74
Rajasthan,Samdari,75
Rajasthan,Sanchore,76
Rajasthan,Sanganer,77
Rajasthan,Sangariya,78
Rajasthan,Sangod,79
Rajasthan,Sankra,80
Rajasthan,Sapotra,81
Rajasthan,Sarada,82
Rajasthan,Sardarshahar,83
Rajasthan,Sarwar,84
Rajasthan,Sawai Madhopur,85
Rajasthan,Sayla,86
Rajasthan,Sayra,87
Rajasthan,Semari,88
Rajasthan,Serwa,89
Rajasthan,Sewar,90
Rajasthan,Shahbad,91
Rajasthan,Shahpura,92
Rajasthan,Shekhala,93
Rajasthan,Sheo,94
Rajasthan,Sheoganj,95
Rajasthan,Shergarh,96
Rajasthan,Shrinagar,97
Rajasthan,Sikrai,98
Rajasthan,Simalwara,99
Rajasthan,Sindhari,100
Rajasthan,Sirohi,1
Rajasthan,Siwana,2
Rajasthan,Sojat,3
Rajasthan,Sri Vijaynagar,4
Rajasthan,Srimadhopur,5
Rajasthan,Sujangarh,6
Rajasthan,Sultanpur,7
Rajasthan,Sumerpur,8
Rajasthan,Surajgarh,9
Rajasthan,Suratgarh,10
Rajasthan,Suwana,11
Rajasthan,Talera,12
Rajasthan,Talwara,13
Rajasthan,Taranagar,14
Rajasthan,Thanagazi,15
Rajasthan,Tibi,16
Rajasthan,Tijara,17
Rajasthan,Tiwari,18
Rajasthan,Todabhim,19
Rajasthan,Todaraisingh,20
Rajasthan,Tonk,21
Rajasthan,Udaipurwati,22
Rajasthan,Umren,23
Rajasthan,Uniara,24
Rajasthan,Viratnagar,25
Rajasthan,Weir,26
Sikkim,Chungthang,27
Sikkim,Dentam,28
Sikkim,Dzongu,29
Sikkim,Gangtok,30
Sikkim,Gyalshing,31
Sikkim,Jorethang,32
Sikkim,Kabi,33
Sikkim,Mangan,34
Sikkim,Namchi,35
Sikkim,Pakyong,36
Sikkim,Rangpo,37
Sikkim,Ravong,38
Sikkim,Rongli,39
Sikkim,Soreng,40
Sikkim,Yangyang,41
Sikkim,Yuksom,42
Tamil Nadu,Agastheeswaram,43
Tamil Nadu,Alanganallur,44
Tamil Nadu,Alangayam,45
Tamil Nadu,Alankulam,46
Tamil Nadu,Alathur,47
Tamil Nadu,Alwarthirunagari,48
Tamil Nadu,Ambasamudram,49
Tamil Nadu,Ammapet,50
Tamil Nadu,Ammapettai,51
Tamil Nadu,Anaikattu,52
Tamil Nadu,Anaimalai,53
Tamil Nadu,Anakavur,54
Tamil Nadu,Andanallur,55
Tamil Nadu,Andimadam,56
Tamil Nadu,Andipatti,57
Tamil Nadu,Annagramam,58
Tamil Nadu,Annavasal,59
Tamil Nadu,Annur,60
Tamil Nadu,Anthiyur,61
Tamil Nadu,Arakonam,62
Tamil Nadu,Arani,63
Tamil Nadu,Aranthangi,64
Tamil Nadu,Aravakurichi,65
Tamil Nadu,Archarapakkam,66
Tamil Nadu,Arcot,67
Tamil Nadu,Arimalam,68
Tamil Nadu,Ariyalur,69
Tamil Nadu,Aruppukottai,70
Tamil Nadu,Athoor,71
Tamil Nadu,Attur,72
Tamil Nadu,Avinashi,73
Tamil Nadu,Avudaiyarkoil,74
Tamil Nadu,Ayothiyapattinam,75
Tamil Nadu,Bargur,76
Tamil Nadu,Batlagundu,77
Tamil Nadu,Bhavani,78
Tamil Nadu,Bhavanisagar,79
Tamil Nadu,Bodinaickanur,80
Tamil Nadu,Bogalur,81
Tamil Nadu,Budalur,82
Tamil Nadu,Chellampatti,83
Tamil Nadu,Chengam,84
Tamil Nadu,Chennai_Dist,85
Tamil Nadu,Chennimalai,86
Tamil Nadu,Cheranmahadevi,87
Tamil Nadu,Chetpet,88
Tamil Nadu,Cheyyar,89
Tamil Nadu,Chinnamanur,90
Tamil Nadu,Chinnasalem,91
Tamil Nadu,Chitamur,92
Tamil Nadu,Coimbatore_Corporation,93
Tamil Nadu,Coonoor,94
Tamil Nadu,Cuddalore,95
Tamil Nadu,Cumbum,96
Tamil Nadu,Devakottai,97
Tamil Nadu,Dharapuram,98
Tamil Nadu,Dharmapuri,99
Tamil Nadu,Dindigul,100
Tamil Nadu,Elachipalayam,1
Tamil Nadu,Ellapuram,2
Tamil Nadu,Erode,3
Tamil Nadu,Erumapatty,4
Tamil Nadu,Gandarvakottai,5
Tamil Nadu,Gangavalli,6
Tamil Nadu,Gingee,7
Tamil Nadu,Gobichettipalayam,8
Tamil Nadu,Gudalur,9
Tamil Nadu,Gudimangalam,10
Tamil Nadu,Gudiyatham,11
Tamil Nadu,Gummidipoondi,12
Tamil Nadu,Guziliamparai,13
Tamil Nadu,Harur,14
Tamil Nadu,Hosur,15
Tamil Nadu,Idapadi,16
Tamil Nadu,Ilayangudi,17
Tamil Nadu,Jawadhu_Hills,18
Tamil Nadu,Jeyamkondam,19
Tamil Nadu,Jolarpet,20
Tamil Nadu,K. Paramathi,21
Tamil Nadu,K.V.Kuppam,22
Tamil Nadu,Kabilarmalai,23
Tamil Nadu,Kadaladi,24
Tamil Nadu,Kadamalaikundru,25
Tamil Nadu,Kadambathur,26
Tamil Nadu,Kadavur,27
Tamil Nadu,Kadayaampatti,28
Tamil Nadu,Kadayam,29
Tamil Nadu,Kadayanallur,30
Tamil Nadu,Kalaiyarkovil,31
Tamil Nadu,Kalakadu,32
Tamil Nadu,Kalasapakkam,33
Tamil Nadu,Kallakurichi,34
Tamil Nadu,Kallal,35
Tamil Nadu,Kallikudi,36
Tamil Nadu,Kalvarayan,37
Tamil Nadu,Kammapuram,38
Tamil Nadu,Kamuthi,39
Tamil Nadu,Kanai,40
Tamil Nadu,Kancheepuram,41
Tamil Nadu,Kandamangalam,42
Tamil Nadu,Kandhili,43
Tamil Nadu,Kangayam,44
Tamil Nadu,Kaniyampadi,45
Tamil Nadu,Kannangudi,46
Tamil Nadu,Karamadai,47
Tamil Nadu,Karambakkudi,48
Tamil Nadu,Kariapatti,49
Tamil Nadu,Karimangalam,50
Tamil Nadu,Karungulam,51
Tamil Nadu,Karur,52
Tamil Nadu,Katpadi,53
Tamil Nadu,Kattankolathur,54
Tamil Nadu,Kattumannar Koil,55
Tamil Nadu,Kaveripakkam,56
Tamil Nadu,Kaveripattanam,57
Tamil Nadu,Kayathar,58
Tamil Nadu,Keelaiyur,59
Tamil Nadu,Keelapavoor,60
Tamil Nadu,Keelpennathur,61
Tamil Nadu,Keerapalayam,62
Tamil Nadu,Kelamangalam,63
Tamil Nadu,Killiyoor,64
Tamil Nadu,Kilvelur,65
Tamil Nadu,Kinathukadavu,66
Tamil Nadu,Kodaikanal,67
Tamil Nadu,Kodumudi,68
Tamil Nadu,Kolathur,69
Tamil Nadu,Kolianur,70
Tamil Nadu,Kollidam,71
Tamil Nadu,Kollihills,72
Tamil Nadu,Konganapuram,73
Tamil Nadu,Koradacheri,74
Tamil Nadu,Kothagiri,75
Tamil Nadu,Kottampatti,76
Tamil Nadu,Kottur,77
Tamil Nadu,Kovilpatti,78
Tamil Nadu,Krishnagiri,79
Tamil Nadu,Krishnarayapuram,80
Tamil Nadu,Kudavaasal,81
Tamil Nadu,Kulithalai,82
Tamil Nadu,Kumaratchi,83
Tamil Nadu,Kumbakonam,84
Tamil Nadu,Kundadam,85
Tamil Nadu,Kundrathur,86
Tamil Nadu,Kunnandarkovil,87
Tamil Nadu,Kurinjipadi,88
Tamil Nadu,Kurunthancode,89
Tamil Nadu,Kuruvikulam,90
Tamil Nadu,Kuthalam,91
Tamil Nadu,Lalgudi,92
Tamil Nadu,Lathur,93
Tamil Nadu,Mac Donald Choultry,94
Tamil Nadu,Madathukulam,95
Tamil Nadu,Madhanur,96
Tamil Nadu,Madukkarai,97
Tamil Nadu,Madukkur,98
Tamil Nadu,Madurai East,99
Tamil Nadu,Madurai West,100
Tamil Nadu,Madurai_Corparation,1
Tamil Nadu,Maduranthakam,2
Tamil Nadu,Mailam,3
Tamil Nadu,Malaiyanur,4
Tamil Nadu,Mallasampuram,5
Tamil Nadu,Mamelkudi,6
Tamil Nadu,Manachanallur,7
Tamil Nadu,Manamadurai,8
Tamil Nadu,Manaparai,9
Tamil Nadu,Mandapam,10
Tamil Nadu,Mangalur,11
Tamil Nadu,Manikandam,12
Tamil Nadu,Mannargudi,13
Tamil Nadu,Manur,14
Tamil Nadu,Marakkanam,15
Tamil Nadu,Marungapuri,16
Tamil Nadu,Mathur,17
Tamil Nadu,Mayiladuthurai,18
Tamil Nadu,Mecheri,19
Tamil Nadu,Melaneelithanallur,20
Tamil Nadu,Melbhuvanagiri,21
Tamil Nadu,Melpuram,22
Tamil Nadu,Melur,23
Tamil Nadu,Minjur,24
Tamil Nadu,Modakkuruychi,25
Tamil Nadu,Mohanur,26
Tamil Nadu,Morappur,27
Tamil Nadu,Mudukulathur,28
Tamil Nadu,Mugaiyur,29
Tamil Nadu,Mulanur,30
Tamil Nadu,Munchirai,31
Tamil Nadu,Musiri,32
Tamil Nadu,Muthupettai,33
Tamil Nadu,Nagapattinam,34
Tamil Nadu,Nainarkoil,35
Tamil Nadu,Nallampalli,36
Tamil Nadu,Nallur,37
Tamil Nadu,Namagiripettai,38
Tamil Nadu,Namakkal,39
Tamil Nadu,Nambiyur,40
Tamil Nadu,Nangavalli,41
Tamil Nadu,Nanguneri,42
Tamil Nadu,Nannilam,43
Tamil Nadu,Narikudi,44
Tamil Nadu,Natham,45
Tamil Nadu,Natrampalli,46
Tamil Nadu,Needamangalam,47
Tamil Nadu,Nemili,48
Tamil Nadu,Nilakkottai,49
Tamil Nadu,Oddanchatram,50
Tamil Nadu,Olakkur,51
Tamil Nadu,Omalur,52
Tamil Nadu,Orathanadu,53
Tamil Nadu,Ottapidaram,54
Tamil Nadu,Palakcode,55
Tamil Nadu,Palani,56
Tamil Nadu,Palayamkottai,57
Tamil Nadu,Palladam,58
Tamil Nadu,Pallipalayam,59
Tamil Nadu,Pallipattu,60
Tamil Nadu,Panamarathupatti,61
Tamil Nadu,Panruti,62
Tamil Nadu,Papanasam,63
Tamil Nadu,Pappakudi,64
Tamil Nadu,Pappireddipatti,65
Tamil Nadu,Paramakudi,66
Tamil Nadu,Paramathy,67
Tamil Nadu,Parangipettai,68
Tamil Nadu,Pattukkottai,69
Tamil Nadu,Peddanaickenpalayam,70
Tamil Nadu,Pennagaram,71
Tamil Nadu,Perambalur,72
Tamil Nadu,Peranambut,73
Tamil Nadu,Peravurani,74
Tamil Nadu,Periyakulam,75
Tamil Nadu,Periyanayakkanpalayam,76
Tamil Nadu,Pernamallur,77
Tamil Nadu,Perundurai,78
Tamil Nadu,Pollachi_North,79
Tamil Nadu,Pollachi_South,80
Tamil Nadu,Polur,81
Tamil Nadu,Pongalur,82
Tamil Nadu,Ponnamaravathi,83
Tamil Nadu,Poonamalle,84
Tamil Nadu,Poondi,85
Tamil Nadu,Puduchathiram,86
Tamil Nadu,Pudukkottai,87
Tamil Nadu,Pudupalayam,88
Tamil Nadu,Pudur,89
Tamil Nadu,Pullampadi,90
Tamil Nadu,Puzhal,91
Tamil Nadu,R.K.Pet,92
Tamil Nadu,R.S. Mangalam,93
Tamil Nadu,Radhapuram,94
Tamil Nadu,Rajakkamangalam,95
Tamil Nadu,Rajapalayam,96
Tamil Nadu,Ramanathapuram,97
Tamil Nadu,Rasipuram,98
Tamil Nadu,Reddiarchatram,99
Tamil Nadu,Rishivandiyam,100
Tamil Nadu,S.Pudur,1
Tamil Nadu,Sakkottai,2
Tamil Nadu,Salem,3
Tamil Nadu,Sangagiri,4
Tamil Nadu,Sangarapuram,5
Tamil Nadu,Sankarankoil,6
Tamil Nadu,Sarcarsamakulam,7
Tamil Nadu,Sathiyamangalam,8
Tamil Nadu,Sattankulam,9
Tamil Nadu,Sattur,10
Tamil Nadu,Sedapatti,11
Tamil Nadu,Sembanarkoil,12
Tamil Nadu,Sendamangalam,13
Tamil Nadu,Sendurai,14
Tamil Nadu,Sethubavachatram,15
Tamil Nadu,Shanarpatti,16
Tamil Nadu,Shencottai,17
Tamil Nadu,Sholavaram,18
Tamil Nadu,Sholingar,19
Tamil Nadu,Singampunari,20
Tamil Nadu,Sirkali,21
Tamil Nadu,Sivagangai,22
Tamil Nadu,Sivakasi,23
Tamil Nadu,Soolagiri,24
Tamil Nadu,Sriperumbudhur,25
Tamil Nadu,Srivaikundam,26
Tamil Nadu,Srivilliputhur,27
Tamil Nadu,St_Thomaus_Mt,28
Tamil Nadu,Sultanpet,29
Tamil Nadu,Sulur,30
Tamil Nadu,T Palur,31
Tamil Nadu,T.Kallupatty,32
Tamil Nadu,T.N.Palayam,33
Tamil Nadu,Talavadi,34
Tamil Nadu,Tenkasi,35
Tamil Nadu,Thalainayar,36
Tamil Nadu,Thalaivasal,37
Tamil Nadu,Thally,38
Tamil Nadu,Thandrampet,39
Tamil Nadu,Thanjavur,40
Tamil Nadu,Thanthoni,41
Tamil Nadu,Tharamangalam,42
Tamil Nadu,Thathaiyangarpet,43
Tamil Nadu,Thellar,44
Tamil Nadu,Theni,45
Tamil Nadu,Thiagathuruvam,46
Tamil Nadu,Thiruchengode,47
Tamil Nadu,Thirukalukundrum,48
Tamil Nadu,Thirumangalam,49
Tamil Nadu,Thirumanur,50
Tamil Nadu,Thirumarugal,51
Tamil Nadu,Thirumayam,52
Tamil Nadu,Thiruporur,53
Tamil Nadu,Thiruppanandal,54
Tamil Nadu,Thirupparankundram,55
Tamil Nadu,Thiruppathur,56
Tamil Nadu,Thiruppullani,57
Tamil Nadu,Thiruppuvanam,58
Tamil Nadu,Thiruthuraipoondi,59
Tamil Nadu,Thiruvadanai,60
Tamil Nadu,Thiruvaiyaru,61
Tamil Nadu,Thiruvalangadu,62
Tamil Nadu,Thiruvarankulam,63
Tamil Nadu,Thiruvarur,64
Tamil Nadu,Thiruvattar,65
Tamil Nadu,Thiruverumpur,66
Tamil Nadu,Thiruvidaimarudur,67
Tamil Nadu,Thiruvonam,68
Tamil Nadu,Thogamalai,69
Tamil Nadu,Thondamuthur,70
Tamil Nadu,Thoothukudi,71
Tamil Nadu,Thoppamapatti,72
Tamil Nadu,Thottiyam,73
Tamil Nadu,Thovalai,74
Tamil Nadu,Thuckalay,75
Tamil Nadu,Thuraiyur,76
Tamil Nadu,Thurijapuram,77
Tamil Nadu,Timiri,78
Tamil Nadu,Tirttani,79
Tamil Nadu,Tiruchendur,80
Tamil Nadu,Tiruchuli,81
Tamil Nadu,Tirukovilur,82
Tamil Nadu,Tirunavallur,83
Tamil Nadu,Tirunelveli Corporation,84
Tamil Nadu,Tirupatur,85
Tamil Nadu,Tiruppur,86
Tamil Nadu,Tiruvallur,87
Tamil Nadu,Tiruvannamalai,88
Tamil Nadu,Tiruvennainallur,89
Tamil Nadu,Udangudi,90
Tamil Nadu,Udhagamandalam,91
Tamil Nadu,Udumalpet,92
Tamil Nadu,Ulundurpet,93
Tamil Nadu,Uppiliyapuram,94
Tamil Nadu,Usilampatti,95
Tamil Nadu,Uthampalayam,96
Tamil Nadu,Uthangarai,97
Tamil Nadu,Uthiramerur,98
Tamil Nadu,Uthukuli,99
Tamil Nadu,Vadamadurai,100
Tamil Nadu,Vadipatti,1
Tamil Nadu,Vaiyampatti,2
Tamil Nadu,Valangaiman,3
Tamil Nadu,Valapady,4
Tamil Nadu,Vallam,5
Tamil Nadu,Valliyoor,6
Tamil Nadu,Vandavasi,7
Tamil Nadu,Vanur,8
Tamil Nadu,Vasudevanallur,9
Tamil Nadu,Vedaranyam,10
Tamil Nadu,Vedasandur,11
Tamil Nadu,Veerapandy,12
Tamil Nadu,Vellakoil,13
Tamil Nadu,Vellore,14
Tamil Nadu,Vembakkam,15
Tamil Nadu,Vembakottai,16
Tamil Nadu,Vennandur,17
Tamil Nadu,Veppanapalli,18
Tamil Nadu,Veppanthattai,19
Tamil Nadu,Veppur,20
Tamil Nadu,Vikkiravandi,21
Tamil Nadu,Vilathikulam,22
Tamil Nadu,Villivakkam,23
Tamil Nadu,Viralimalai,24
Tamil Nadu,Virudhunagar,25
Tamil Nadu,Vridhachalam,26
Tamil Nadu,Walajabad,27
Tamil Nadu,Walajah,28
Tamil Nadu,Watrap,29
Tamil Nadu,West Arani,30
Tamil Nadu,Yercaud,31
Telangana,Achampet,32
Telangana,Addakal,33
Telangana,Adilabad,34
Telangana,Aiza,35
Telangana,Alair,36
Telangana,Alampur,37
Telangana,Alladurg,38
Telangana,Amangal,39
Telangana,Amrabad,40
Telangana,Andhole,41
Telangana,Anumula,42
Telangana,Armur,43
Telangana,Asifabad,44
Telangana,Aswapuram,45
Telangana,Aswaraopeta,46
Telangana,Atmakur,47
Telangana,Atmakur_(M),48
Telangana,Atmakur_(S),49
Telangana,Bachannapeta,50
Telangana,Balanagar,51
Telangana,Balkonda,52
Telangana,Balmoor,53
Telangana,Banswada,54
Telangana,Bantaram,55
Telangana,Basheerabad,56
Telangana,Bayyaram,57
Telangana,Bazarhathnoor,58
Telangana,Bejjanki,59
Telangana,Bejjur,60
Telangana,Bela,61
Telangana,Bellampalle,62
Telangana,Bhadrachalam,63
Telangana,Bhainsa,64
Telangana,Bheemadevarapalle,65
Telangana,Bheemgal,66
Telangana,Bheemini,67
Telangana,Bhiknur,68
Telangana,Bhoothpur,69
Telangana,Bhupalpalle,70
Telangana,Bhuvanagiri,71
Telangana,Bibinagar,72
Telangana,Bichkunda,73
Telangana,Bijinapalle,74
Telangana,Birkoor,75
Telangana,Boath,76
Telangana,Bodhan,77
Telangana,Boinpalle,78
Telangana,Bommalaramaram,79
Telangana,Bomraspeta,80
Telangana,Bonakal,81
Telangana,Burgampadu,82
Telangana,Chandam_Pet,83
Telangana,Chandrugonda,84
Telangana,Chandur,85
Telangana,Chandurthi,86
Telangana,Chegunta,87
Telangana,Chennaraopeta,88
Telangana,Chennur,89
Telangana,Cheriyal,90
Telangana,Cherla,91
Telangana,Chevella,92
Telangana,Chigurumamidi,93
Telangana,Chilkur,94
Telangana,Chinna_Chintha_Kunta,95
Telangana,Chinnakodur,96
Telangana,Chinthakani,97
Telangana,Chinthapalle,98
Telangana,Chityal,99
Telangana,Chityala,100
Telangana,Chivvemla,1
Telangana,Choppadandi,2
Telangana,Choutuppal,3
Telangana,Dahegaon,4
Telangana,Damaracherla,5
Telangana,Damaragidda,6
Telangana,Dammapeta,7
Telangana,Dandepalle,8
Telangana,Devarakonda,9
Telangana,Devarkadara,10
Telangana,Devaruppala,11
Telangana,Dhanwada,12
Telangana,Dhar_Palle,13
Telangana,Dharmapuri,14
Telangana,Dharmaram,15
Telangana,Dharmasagar,16
Telangana,Dharur,17
Telangana,Dichpalle,18
Telangana,Dilawarpur,19
Telangana,Doma,20
Telangana,Domakonda,21
Telangana,Dornakal,22
Telangana,Doulatabad,23
Telangana,Doultabad,24
Telangana,Dubbak,25
Telangana,Duggondi,26
Telangana,Dummugudem,27
Telangana,Elgaid,28
Telangana,Elkathurthi,29
Telangana,Ellanthakunta,30
Telangana,Enkuru,31
Telangana,Eturunagaram,32
Telangana,Farooqnagar,33
Telangana,Gadwal,34
Telangana,Gajwel,35
Telangana,Gambhiraopeta,36
Telangana,Gandeed,37
Telangana,Gandhari,38
Telangana,Gangadhara,39
Telangana,Ganpur(Stn),40
Telangana,Garide_Palle,41
Telangana,Garla,42
Telangana,Geesugonda,43
Telangana,Ghanapur,44
Telangana,Ghanpur,45
Telangana,Ghatkesar,46
Telangana,Ghattu,47
Telangana,Gollapalle,48
Telangana,Gopalpeta,49
Telangana,Govindaraopet,50
Telangana,Gudihathnur,51
Telangana,Gudur,52
Telangana,Gundala,53
Telangana,Gundla_Palle,54
Telangana,Gurrampode,55
Telangana,Hanamkonda,56
Telangana,Hanwada,57
Telangana,Hasanparthy,58
Telangana,Hathanoora,59
Telangana,Hayathnagar,60
Telangana,Husnabad,61
Telangana,Huzur Nagar,62
Telangana,Huzurabad,63
Telangana,Ibrahimpatnam,64
Telangana,Ichoda,65
Telangana,Inderavelly,66
Telangana,Itikyal,67
Telangana,Jadcherla,68
Telangana,Jagadevpur,69
Telangana,Jagtial,70
Telangana,Jainad,71
Telangana,Jainoor,72
Telangana,Jaipur,73
Telangana,Jaji_Reddi_Gudem,74
Telangana,Jakranpalle,75
Telangana,Jammikunta,76
Telangana,Jangaon,77
Telangana,Jannaram,78
Telangana,Jharasangam,79
Telangana,Jinnaram,80
Telangana,Jukkal,81
Telangana,Julapalle,82
Telangana,Julurpad,83
Telangana,Kaddampeddur,84
Telangana,Kagaznagar,85
Telangana,Kalher,86
Telangana,Kalluru,87
Telangana,Kalwakurthy,88
Telangana,Kamalapur,89
Telangana,Kamanpur,90
Telangana,Kamareddy,91
Telangana,Kamepalle,92
Telangana,Kammarpalle,93
Telangana,Kandukur,94
Telangana,Kangal,95
Telangana,Kangti,96
Telangana,Karimnagar,97
Telangana,Kasipet,98
Telangana,Kataram,99
Telangana,Kathlapur,100
Telangana,Kattangoor,1
Telangana,Keesara,2
Telangana,Kerameri,3
Telangana,Kesamudram,4
Telangana,Keshampeta,5
Telangana,Keshavapatnam,6
Telangana,Kethepalle,7
Telangana,Khammam_Rural,8
Telangana,Khammam_Urban,9
Telangana,Khanapur,10
Telangana,Khanpur,11
Telangana,Kodad,12
Telangana,Kodair,13
Telangana,Kodakandla,14
Telangana,Kodangal,15
Telangana,Kodimial,16
Telangana,Koheda,17
Telangana,Kohir,18
Telangana,Koilkonda,19
Telangana,Kollapur,20
Telangana,Konaraopeta,21
Telangana,Kondapak,22
Telangana,Kondapur,23
Telangana,Kondurg,24
Telangana,Konijerla,25
Telangana,Koratla,26
Telangana,Kosgi,27
Telangana,Kotapalle,28
Telangana,Kotgiri,29
Telangana,Kothagudem,30
Telangana,Kothakota,31
Telangana,Kothur,32
Telangana,Kouthala,33
Telangana,Kowdipalle,34
Telangana,Kubeer,35
Telangana,Kulcharam,36
Telangana,Kulkacharla,37
Telangana,Kuntala,38
Telangana,Kuravi,39
Telangana,Kusumanchi,40
Telangana,Laxmanchanda,41
Telangana,Lingal,42
Telangana,Lingala_Ghanpur,43
Telangana,Lingampet,44
Telangana,Lokeswaram,45
Telangana,Luxettipet,46
Telangana,M_Turkapalle,47
Telangana,Machareddy,48
Telangana,Maddur,49
Telangana,Madgul,50
Telangana,Madhira,51
Telangana,Madnur,52
Telangana,Maganoor,53
Telangana,Mahabubabad,54
Telangana,Mahabubnagar,55
Telangana,Mahadevpur,56
Telangana,Maheshwaram,57
Telangana,Makloor,58
Telangana,Makthal,59
Telangana,Maldakal,60
Telangana,Malharrao,61
Telangana,Malial,62
Telangana,Malkajgiri,63
Telangana,Mallapur,64
Telangana,Mamda,65
Telangana,Manakondur,66
Telangana,Manchal,67
Telangana,Mancherial,68
Telangana,Mandamarri,69
Telangana,Mangapet,70
Telangana,Manoor,71
Telangana,Manopadu,72
Telangana,Manthani,73
Telangana,Manuguru,74
Telangana,Maripeda,75
Telangana,Marpalle,76
Telangana,Marriguda,77
Telangana,Mattampalle,78
Telangana,Medak,79
Telangana,Medchel,80
Telangana,Medipalle,81
Telangana,Mella Chervu,82
Telangana,Metpalle,83
Telangana,Midjil,84
Telangana,Mirdoddi,85
Telangana,Miryalaguda,86
Telangana,Mogullapalle,87
Telangana,Moinabad,88
Telangana,Mominpet,89
Telangana,Mortad,90
Telangana,Mothey,91
Telangana,Mothkur,92
Telangana,Mudhole,93
Telangana,Mudigonda,94
Telangana,Mulakalapalle,95
Telangana,Mulug,96
Telangana,Munagala,97
Telangana,Munipalli,98
Telangana,Munugode,99
Telangana,Mustabad,100
Telangana,Mutharam Mahadevpur,1
Telangana,Mutharam Manthani,2
Telangana,Nadigudem,3
Telangana,Naga-Reddipet,4
Telangana,Nagar_Kurnool,5
Telangana,Nakrekal,6
Telangana,Nalgonda,7
Telangana,Nallabelly,8
Telangana,Nampalle,9
Telangana,Nandipet,10
Telangana,Nanganur,11
Telangana,Narasampet,12
Telangana,Narayanapur,13
Telangana,Narayankhed,14
Telangana,Narayanpet,15
Telangana,Narketpalle,16
Telangana,Narnoor,17
Telangana,Narsapur,18
Telangana,Narsimhulapet,19
Telangana,Narva,20
Telangana,Natmetta,21
Telangana,Navipet,22
Telangana,Nawabpet,23
Telangana,Naykal,24
Telangana,Nekkonda,25
Telangana,Nelakondapalle,26
Telangana,Nellikudur,27
Telangana,Nennal,28
Telangana,Neradigonda,29
Telangana,Nered_Cherla,30
Telangana,Nidamanur,31
Telangana,Nirmal,32
Telangana,Nizam_Sagar,33
Telangana,Nizamabad,34
Telangana,Nuthankal,35
Telangana,Odela,36
Telangana,Palakurthi,37
Telangana,Palawancha,38
Telangana,Pangal,39
Telangana,Papannapet,40
Telangana,Pargi,41
Telangana,Parkal,42
Telangana,Parvathagiri,43
Telangana,Patancheruvu,44
Telangana,Pebbair,45
Telangana,Pedda_Adiserlapalle,46
Telangana,Peddakothapalle,47
Telangana,Peddamandadi,48
Telangana,Peddapalle,49
Telangana,Peddavura,50
Telangana,Peddemul,51
Telangana,Pegadapalle,52
Telangana,Penpahad,53
Telangana,Penuballi,54
Telangana,Pinapaka,55
Telangana,Pitlam,56
Telangana,Pochampalle,57
Telangana,Pudur,58
Telangana,Pulkal,59
Telangana,Quthbullapur,60
Telangana,Raghunathpalle,61
Telangana,Raikal,62
Telangana,Raikode,63
Telangana,Raiparthy,64
Telangana,Rajapet,65
Telangana,Rajendranagar,66
Telangana,Ramachandrapuram,67
Telangana,Ramadugu,68
Telangana,Ramagundam,69
Telangana,Ramannapeta,70
Telangana,Ramayampet,71
Telangana,Ranjal,72
Telangana,Rebbana,73
Telangana,Regode,74
Telangana,Regonda,75
Telangana,Sadasivanagar,76
Telangana,Sadasivpet,77
Telangana,Saidapur,78
Telangana,Saligouraram,79
Telangana,Sangareddy,80
Telangana,Sangem,81
Telangana,Sarangapur,82
Telangana,Saroornagar,83
Telangana,Sathupalle,84
Telangana,Serilingampally,85
Telangana,Shabad,86
Telangana,Shamirpet,87
Telangana,Shamshabad,88
Telangana,Shankarampet(A),89
Telangana,Shankarampet(R),90
Telangana,Shankarpalle,91
Telangana,Shayampet,92
Telangana,Shivampet,93
Telangana,Siddipet,94
Telangana,Singareni,95
Telangana,Sirkonda,96
Telangana,Sirpur_T,97
Telangana,Sirpur_U,98
Telangana,Sirsilla,99
Telangana,Srirampur,100
Telangana,Sultanabad,1
Telangana,Suryapet,2
Telangana,Tadoor,3
Telangana,Tadvai,4
Telangana,Tadwai,5
Telangana,Talakondapalle,6
Telangana,Talamadugu,7
Telangana,Tamsi,8
Telangana,Tandur,9
Telangana,Tanur,10
Telangana,Tekmal,11
Telangana,Tekulapalle,12
Telangana,Telkapalle,13
Telangana,Thallada,14
Telangana,Thimmajipeta,15
Telangana,Thimmapur,16
Telangana,Thipparthi,17
Telangana,Thirumalagiri,18
Telangana,Thirumalayapalem,19
Telangana,Thoguta,20
Telangana,Thorrur,21
Telangana,Thripuraram,22
Telangana,Thunga_Thurthi,23
Telangana,Tiryani,24
Telangana,Tupran,25
Telangana,Uppal,26
Telangana,Uppunuthala,27
Telangana,Utkoor,28
Telangana,Utnur,29
Telangana,Valigonda,30
Telangana,Vangoor,31
Telangana,Varni,32
Telangana,Veenavanka,33
Telangana,Veepangandla,34
Telangana,Veldanda,35
Telangana,Velgatoor,36
Telangana,Velpur,37
Telangana,Vemanpalle,38
Telangana,Vemsoor,39
Telangana,Vemulapalle,40
Telangana,Vemulawada,41
Telangana,Venkatapur,42
Telangana,Venkatapuram,43
Telangana,Vikarabad,44
Telangana,Waddepalle,45
Telangana,Wanaparthy,46
Telangana,Wankdi,47
Telangana,Warangal,48
Telangana,Wardhannapet,49
Telangana,Wargal,50
Telangana,Wazeed,51
Telangana,Wyra,52
Telangana,Yacharam,53
Telangana,Yadagirigutta,54
Telangana,Yeda_Palle,55
Telangana,Yelal,56
Telangana,Yeldurthy,57
Telangana,Yellandu,58
Telangana,Yellareddy,59
Telangana,Yellareddypeta,60
Telangana,Yerrupalem,61
Telangana,Zaffergadh,62
Telangana,Zahirabad,63
Tripura,Amarpur,64
Tripura,Ambasa,65
Tripura,Bamutia,66
Tripura,Bharat Ch Nagar,67
Tripura,Bokafa,68
Tripura,Boxanagar,69
Tripura,Charilam,70
Tripura,Chawmanu,71
Tripura,Damchhera,72
Tripura,Dasda,73
Tripura,Dukli,74
Tripura,Durgachowmohani,75
Tripura,Gournagar,76
Tripura,Hrishyamukh,77
Tripura,Jampui Hill,78
Tripura,Jampuijala,79
Tripura,Kadamtala,80
Tripura,Kakraban,81
Tripura,Kanthalia,82
Tripura,Karbook,83
Tripura,Killa,84
Tripura,Kumarghat,85
Tripura,Mandwi,86
Tripura,Manu,87
Tripura,Matabari,88
Tripura,Mungiakami,89
Tripura,Nalchar,90
Tripura,Old Agartala,91
Tripura,Ompi,92
Tripura,Padmabil,93
Tripura,Panisagar,94
Tripura,Pencharthal,95
Tripura,Poangbari,96
Tripura,Raishyabari,97
Tripura,Rupaichari,98
Tripura,Teliamura,99
Tripura,Tulasikhar,100
Union Territory of Jammu and Kashmir,Akhnoor,1
Union Territory of Jammu and Kashmir,Anantnag,2
Union Territory of Jammu and Kashmir,Atoli,3
Union Territory of Jammu and Kashmir,Badgam,4
Union Territory of Jammu and Kashmir,Bandipora,5
Union Territory of Jammu and Kashmir,Bani,6
Union Territory of Jammu and Kashmir,Banihal,7
Union Territory of Jammu and Kashmir,Baramulla,8
Union Territory of Jammu and Kashmir,Basoli,9
Union Territory of Jammu and Kashmir,Bederwah,10
Union Territory of Jammu and Kashmir,Beerwah,11
Union Territory of Jammu and Kashmir,Bijbehara,12
Union Territory of Jammu and Kashmir,Billawal,13
Union Territory of Jammu and Kashmir,Boniyar,14
Union Territory of Jammu and Kashmir,Budhal,15
Union Territory of Jammu and Kashmir,Chadoora,16
Union Territory of Jammu and Kashmir,Charar Shrif,17
Union Territory of Jammu and Kashmir,Chenani,18
Union Territory of Jammu and Kashmir,Chhatroo,19
Union Territory of Jammu and Kashmir,Damhal Hanjipora,20
Union Territory of Jammu and Kashmir,Devsar,21
Union Territory of Jammu and Kashmir,Dharhal,22
Union Territory of Jammu and Kashmir,Doda,23
Union Territory of Jammu and Kashmir,Dooru,24
Union Territory of Jammu and Kashmir,Ganderbal,25
Union Territory of Jammu and Kashmir,Gandokh,26
Union Territory of Jammu and Kashmir,Goolgulabgarh,27
Union Territory of Jammu and Kashmir,Gurez,28
Union Territory of Jammu and Kashmir,Handwara,29
Union Territory of Jammu and Kashmir,Haveli,30
Union Territory of Jammu and Kashmir,Hiranagar,31
Union Territory of Jammu and Kashmir,Jammu,32
Union Territory of Jammu and Kashmir,Kalakote,33
Union Territory of Jammu and Kashmir,Kangan,34
Union Territory of Jammu and Kashmir,Karnah,35
Union Territory of Jammu and Kashmir,Kathua,36
Union Territory of Jammu and Kashmir,Khag,37
Union Territory of Jammu and Kashmir,Khansahib,38
Union Territory of Jammu and Kashmir,Kishtwar,39
Union Territory of Jammu and Kashmir,Kokernag,40
Union Territory of Jammu and Kashmir,Kreeri,41
Union Territory of Jammu and Kashmir,Kulgam,42
Union Territory of Jammu and Kashmir,Kupwara,43
Union Territory of Jammu and Kashmir,Lar,44
Union Territory of Jammu and Kashmir,Majalta,45
Union Territory of Jammu and Kashmir,Marwah,46
Union Territory of Jammu and Kashmir,Menhdar,47
Union Territory of Jammu and Kashmir,North Srinagar,48
Union Territory of Jammu and Kashmir,Nowshera,49
Union Territory of Jammu and Kashmir,Pamore,50
Union Territory of Jammu and Kashmir,Patten,51
Union Territory of Jammu and Kashmir,Phalgam,52
Union Territory of Jammu and Kashmir,Pulwama,53
Union Territory of Jammu and Kashmir,R S Pora,54
Union Territory of Jammu and Kashmir,Rafiabad,55
Union Territory of Jammu and Kashmir,Rajouri,56
Union Territory of Jammu and Kashmir,Ramban,57
Union Territory of Jammu and Kashmir,Ramnagar,58
Union Territory of Jammu and Kashmir,Reasi,59
Union Territory of Jammu and Kashmir,Samba,60
Union Territory of Jammu and Kashmir,Shangus,61
Union Territory of Jammu and Kashmir,Shopian,62
Union Territory of Jammu and Kashmir,Sonawari,63
Union Territory of Jammu and Kashmir,South Srinagar,64
Union Territory of Jammu and Kashmir,Suderbani,65
Union Territory of Jammu and Kashmir,Surankote,66
Union Territory of Jammu and Kashmir,Tangmarg,67
Union Territory of Jammu and Kashmir,Thanmandi,68
Union Territory of Jammu and Kashmir,Thatri,69
Union Territory of Jammu and Kashmir,Tral,70
Union Territory of Jammu and Kashmir,Udhampur,71
Union Territory of Jammu and Kashmir,Uri,72
Union Territory of Ladakh,Kargil,73
Union Territory of Ladakh,Khalsi,74
Union Territory of Ladakh,Leh,75
Union Territory of Ladakh,Nubra,76
Union Territory of Ladakh,Sankou,77
Union Territory of Ladakh,Zanskar,78
Uttar Pradesh,ABHOLI,79
Uttar Pradesh,ACHHALDA,80
Uttar Pradesh,ACHHNERA,81
Uttar Pradesh,AFZALGARH,82
Uttar Pradesh,AGAUTA,83
Uttar Pradesh,AHIRAULA,84
Uttar Pradesh,AHIRORI,85
Uttar Pradesh,AILIYA,86
Uttar Pradesh,AIRAYA,87
Uttar Pradesh,AJITMAL,88
Uttar Pradesh,AKBARPUR,89
Uttar Pradesh,AKHANDNAGAR,90
Uttar Pradesh,AKOLA,91
Uttar Pradesh,AKRABAD,92
Uttar Pradesh,ALAMPUR JAFARABAD,93
Uttar Pradesh,ALIGANJ,94
Uttar Pradesh,AMANIGANJ,95
Uttar Pradesh,AMANPUR,96
Uttar Pradesh,AMAULI,97
Uttar Pradesh,AMAWAN,98
Uttar Pradesh,AMETHI,99
Uttar Pradesh,AMIYAPUR,100
Uttar Pradesh,AMRAUDHA,1
Uttar Pradesh,AMROHA,2
Uttar Pradesh,ANARIA,3
Uttar Pradesh,ANUPSHAHR,4
Uttar Pradesh,ARANIYA,5
Uttar Pradesh,ARAON,6
Uttar Pradesh,ARAZILINE,7
Uttar Pradesh,ASAFPUR,8
Uttar Pradesh,ASHPUR DEVSARA,9
Uttar Pradesh,ASMAULI,10
Uttar Pradesh,ASODHAR,11
Uttar Pradesh,ASOHA,12
Uttar Pradesh,ATRAULI,13
Uttar Pradesh,ATRAULIYA,14
Uttar Pradesh,AURAI,15
Uttar Pradesh,AURAIYA,16
Uttar Pradesh,AURAS,17
Uttar Pradesh,AWAGARH,18
Uttar Pradesh,AZMATGARH,19
Uttar Pradesh,BABABALKHARNATH DHAM,20
Uttar Pradesh,BABAGANJ,21
Uttar Pradesh,BABERU,22
Uttar Pradesh,BABHANI,23
Uttar Pradesh,BABHANJOT,24
Uttar Pradesh,BABINA,25
Uttar Pradesh,BACHHRAWAN,26
Uttar Pradesh,BADLAPUR,27
Uttar Pradesh,BADOKHAR KHURD,28
Uttar Pradesh,BADRAON,29
Uttar Pradesh,BAGHAULI,30
Uttar Pradesh,BAGHPAT,31
Uttar Pradesh,BAGHRA,32
Uttar Pradesh,BAH,33
Uttar Pradesh,BAHADURPUR,34
Uttar Pradesh,BAHARIA,35
Uttar Pradesh,BAHERI,36
Uttar Pradesh,BAHJOLI,37
Uttar Pradesh,BAHUA,38
Uttar Pradesh,BAIRIA,39
Uttar Pradesh,BAITALPUR,40
Uttar Pradesh,BAKSHI KA TALAB,41
Uttar Pradesh,BALAHA,42
Uttar Pradesh,BALDEO,43
Uttar Pradesh,BALDI RAI,44
Uttar Pradesh,BALLIA KHERI,45
Uttar Pradesh,BALRAMPUR,46
Uttar Pradesh,BAMAUR,47
Uttar Pradesh,BANDA,48
Uttar Pradesh,BANGARMAU,49
Uttar Pradesh,BANGRA,50
Uttar Pradesh,BANIYA KHERA,51
Uttar Pradesh,BANKATA,52
Uttar Pradesh,BANKATI,53
Uttar Pradesh,BANKEYGANJ,54
Uttar Pradesh,BANKI,55
Uttar Pradesh,BANSDIH,56
Uttar Pradesh,BANSGAON,57
Uttar Pradesh,BANSI,58
Uttar Pradesh,BAR,59
Uttar Pradesh,BARACHAWAR,60
Uttar Pradesh,BARAGAON,61
Uttar Pradesh,BARAHANI,62
Uttar Pradesh,BARAULI AHIR,63
Uttar Pradesh,BARAUT,64
Uttar Pradesh,BARHAJ,65
Uttar Pradesh,BARHALGANJ,66
Uttar Pradesh,BARHNI BAZAR,67
Uttar Pradesh,BARHPURA,68
Uttar Pradesh,BARKHERA,69
Uttar Pradesh,BARSATHI,70
Uttar Pradesh,BASKHARI,71
Uttar Pradesh,BASREHAR,72
Uttar Pradesh,BASTI,73
Uttar Pradesh,BAWAN,74
Uttar Pradesh,BEHADAR,75
Uttar Pradesh,BEHJAM,76
Uttar Pradesh,BEHTA,77
Uttar Pradesh,BELGHAT,78
Uttar Pradesh,BELHAR KALAN,79
Uttar Pradesh,BELHARI,80
Uttar Pradesh,BELSAR,81
Uttar Pradesh,BERUARBARI,82
Uttar Pradesh,BEWAR,83
Uttar Pradesh,BHADAIYAN,84
Uttar Pradesh,BHADAR,85
Uttar Pradesh,BHADAURA,86
Uttar Pradesh,BHADOHI,87
Uttar Pradesh,BHADPURA,88
Uttar Pradesh,BHADURPUR,89
Uttar Pradesh,BHAGALPUR,90
Uttar Pradesh,BHAGATPUR TANDA,91
Uttar Pradesh,BHAGYANAGAR,92
Uttar Pradesh,BHALUANI,93
Uttar Pradesh,BHANWAPUR,94
Uttar Pradesh,BHANWARKOL,95
Uttar Pradesh,BHARAWAN,96
Uttar Pradesh,BHARKHANI,97
Uttar Pradesh,BHARTHANA,98
Uttar Pradesh,BHATHAT,99
Uttar Pradesh,BHATNI,100
Uttar Pradesh,BHATPAR RANI,1
Uttar Pradesh,BHAWAL KHERA,2
Uttar Pradesh,BHAWAN BHADURNAGAR,3
Uttar Pradesh,BHETUA,4
Uttar Pradesh,BHITARGAON,5
Uttar Pradesh,BHITAURA,6
Uttar Pradesh,BHITI,7
Uttar Pradesh,BHIYAON,8
Uttar Pradesh,BHOJIPURA,9
Uttar Pradesh,BHOJPUR,10
Uttar Pradesh,BHUTA,11
Uttar Pradesh,BICHHIYA,12
Uttar Pradesh,BICHPURI,13
Uttar Pradesh,BIDHNU,14
Uttar Pradesh,BIDHUNA,15
Uttar Pradesh,BIGHAPUR,16
Uttar Pradesh,BIJAULI,17
Uttar Pradesh,BIJUA,18
Uttar Pradesh,BIKAPUR,19
Uttar Pradesh,BILARI,20
Uttar Pradesh,BILARIYAGANJ,21
Uttar Pradesh,BILASPUR,22
Uttar Pradesh,BILGRAM,23
Uttar Pradesh,BILHAUR,24
Uttar Pradesh,BILSANDA,25
Uttar Pradesh,BINAULI,26
Uttar Pradesh,BIRDHA,27
Uttar Pradesh,BIRDPUR,28
Uttar Pradesh,BIRNO,29
Uttar Pradesh,BISALPUR,30
Uttar Pradesh,BISANDA,31
Uttar Pradesh,BISAULI,32
Uttar Pradesh,BISRAKH,33
Uttar Pradesh,BISWAN,34
Uttar Pradesh,BITHRI CHAINPUR,35
Uttar Pradesh,BRAHMNPUR,36
Uttar Pradesh,BRIJMANGANJ,37
Uttar Pradesh,BUDDHANPUR SEOHARA,38
Uttar Pradesh,BUDHANA,39
Uttar Pradesh,BUGAULIYA,40
Uttar Pradesh,BULANDSHAHR,41
Uttar Pradesh,BUXA,42
Uttar Pradesh,CAMPIERGANJ,43
Uttar Pradesh,CCHHONWAY,44
Uttar Pradesh,CHAHANIYA,45
Uttar Pradesh,CHAIL,46
Uttar Pradesh,CHAKA,47
Uttar Pradesh,CHAKARNAGAR,48
Uttar Pradesh,CHAKIA,49
Uttar Pradesh,CHAMRAUWA,50
Uttar Pradesh,CHANDAULI,51
Uttar Pradesh,CHANDAUS,52
Uttar Pradesh,CHARKHARI,53
Uttar Pradesh,CHARTHAWAL,54
Uttar Pradesh,CHATRA,55
Uttar Pradesh,CHAUBEPUR,56
Uttar Pradesh,CHHAJLET,57
Uttar Pradesh,CHHAPIA,58
Uttar Pradesh,CHHAPRAULI,59
Uttar Pradesh,CHHATA,60
Uttar Pradesh,CHHATOH,61
Uttar Pradesh,ChHAUMUHAN,62
Uttar Pradesh,CHHIBRAMAU,63
Uttar Pradesh,CHILKAHAR,64
Uttar Pradesh,CHINHAT,65
Uttar Pradesh,CHIRAIGAON,66
Uttar Pradesh,CHIRGAON,67
Uttar Pradesh,CHITAURA,68
Uttar Pradesh,CHOLAPUR,69
Uttar Pradesh,CHOPAN,70
Uttar Pradesh,COLONELGANJ,71
Uttar Pradesh,DADRI,72
Uttar Pradesh,DADROL,73
Uttar Pradesh,DAHGAWAN,74
Uttar Pradesh,DAKOR,75
Uttar Pradesh,DALMAU,76
Uttar Pradesh,DANKAUR,77
Uttar Pradesh,DANPUR,78
Uttar Pradesh,DARIYABAD,79
Uttar Pradesh,DATAGANJ,80
Uttar Pradesh,DAURALA,81
Uttar Pradesh,DEBAI,82
Uttar Pradesh,DEEH,83
Uttar Pradesh,DEENSHAH GAURA,84
Uttar Pradesh,DEOBAND,85
Uttar Pradesh,DEOKALI,86
Uttar Pradesh,DEORIA,87
Uttar Pradesh,DERAPUR,88
Uttar Pradesh,DESI DEORIA,89
Uttar Pradesh,DEVMAI,90
Uttar Pradesh,DEWA,91
Uttar Pradesh,DHAMKHAUDA,92
Uttar Pradesh,DHAMPUR,93
Uttar Pradesh,DHANAPUR,94
Uttar Pradesh,DHANAURA,95
Uttar Pradesh,DHANI,96
Uttar Pradesh,DHANIPUR,97
Uttar Pradesh,DHANPATGANJ,98
Uttar Pradesh,DHANUPUR,99
Uttar Pradesh,DHARAMPUR,100
Uttar Pradesh,DHATA,1
Uttar Pradesh,DHAULANA,2
Uttar Pradesh,DHAURAHARA,3
Uttar Pradesh,DIGH,4
Uttar Pradesh,DILARI,5
Uttar Pradesh,DOBHI,6
Uttar Pradesh,DOHRIGHAT,7
Uttar Pradesh,DOMARIYAGANJ,8
Uttar Pradesh,DOSTPUR,9
Uttar Pradesh,DUBEPUR,10
Uttar Pradesh,DUBHAND,11
Uttar Pradesh,DUDHAHI,12
Uttar Pradesh,DUDHI,13
Uttar Pradesh,DUNDWARA GANJ,14
Uttar Pradesh,EKA,15
Uttar Pradesh,ERWA KATRA,16
Uttar Pradesh,ETMADPUR,17
Uttar Pradesh,FARAH,18
Uttar Pradesh,FARIDPUR,19
Uttar Pradesh,FATEHABAD,20
Uttar Pradesh,FATEHGANJ PACHIMI,21
Uttar Pradesh,FATEHPUR,22
Uttar Pradesh,FATEHPUR CHAURASI,23
Uttar Pradesh,FATEHPUR MADAON,24
Uttar Pradesh,FATEHPUR SIKRI,25
Uttar Pradesh,FAZIL NAGAR,26
Uttar Pradesh,FIROZABAD,27
Uttar Pradesh,GAGAHA,28
Uttar Pradesh,GAINDAS BUZURG,29
Uttar Pradesh,GAINSARI,30
Uttar Pradesh,GAJRAULA,31
Uttar Pradesh,GANGARI,32
Uttar Pradesh,GANGESHWARI,33
Uttar Pradesh,GANGOH,34
Uttar Pradesh,GANJ MURADABAD,35
Uttar Pradesh,GARH MUKTESHWAR,36
Uttar Pradesh,GARWAR,37
Uttar Pradesh,GAUR,38
Uttar Pradesh,GAURA,39
Uttar Pradesh,GAURI BAZAR,40
Uttar Pradesh,GAURIGANJ,41
Uttar Pradesh,GHATAMPUR,42
Uttar Pradesh,GHAZIPUR,43
Uttar Pradesh,GHIROR,44
Uttar Pradesh,GHORAWAL,45
Uttar Pradesh,GHOSI,46
Uttar Pradesh,GHUGHULI,47
Uttar Pradesh,GILAULA,48
Uttar Pradesh,GOHAND,49
Uttar Pradesh,GOLA,50
Uttar Pradesh,GONDA,51
Uttar Pradesh,GONDLAMAU,52
Uttar Pradesh,GOSAIGANJ,53
Uttar Pradesh,GOVARDHAN,54
Uttar Pradesh,GUGRAPUR,55
Uttar Pradesh,GULAOTHI,56
Uttar Pradesh,GUNNAR,57
Uttar Pradesh,GURSARAI,58
Uttar Pradesh,GYANPUR,59
Uttar Pradesh,HAIDERGARH,60
Uttar Pradesh,HAISAR BAZAR,61
Uttar Pradesh,HALDAUR,62
Uttar Pradesh,HALDHAR MAU,63
Uttar Pradesh,HALLIA,64
Uttar Pradesh,HANDIA,65
Uttar Pradesh,HANUMANGANJ,66
Uttar Pradesh,HAPUR,67
Uttar Pradesh,HARAKH,68
Uttar Pradesh,HARAYA,69
Uttar Pradesh,HARCHANDPUR,70
Uttar Pradesh,HARGAON,71
Uttar Pradesh,HARHUA,72
Uttar Pradesh,HARIHARPUR RANI,73
Uttar Pradesh,HARIYAWAN,74
Uttar Pradesh,HARPALPUR,75
Uttar Pradesh,HARRAIYA,76
Uttar Pradesh,HARRAIYA SATGHARWA,77
Uttar Pradesh,HARRINGTANGANJ,78
Uttar Pradesh,HASANGANJ,79
Uttar Pradesh,HASANPUR,80
Uttar Pradesh,HASAYAN,81
Uttar Pradesh,HASERAN,82
Uttar Pradesh,HASTINAPUR,83
Uttar Pradesh,HASWA,84
Uttar Pradesh,HATA,85
Uttar Pradesh,HATHGAON,86
Uttar Pradesh,HATHRAS,87
Uttar Pradesh,HATHWANT,88
Uttar Pradesh,HILAULI,89
Uttar Pradesh,HOLAGARH,90
Uttar Pradesh,HUZURPUR,91
Uttar Pradesh,IGLAS,92
Uttar Pradesh,IKAUNA,93
Uttar Pradesh,ISANAGAR,94
Uttar Pradesh,ISLAMNAGAR,95
Uttar Pradesh,ITIA THOK,96
Uttar Pradesh,ITWA,97
Uttar Pradesh,JAGAT,98
Uttar Pradesh,JAGATPUR,99
Uttar Pradesh,JAGDISHPUR,100
Uttar Pradesh,JAGIR,1
Uttar Pradesh,JAGNER,2
Uttar Pradesh,JAHANAGANJ,3
Uttar Pradesh,JAHANGIRABAD,4
Uttar Pradesh,JAHANGIRGANJ,5
Uttar Pradesh,JAISINGHPUR,6
Uttar Pradesh,JAITIPUR,7
Uttar Pradesh,JAITPUR,8
Uttar Pradesh,JAITPUR KALAN,9
Uttar Pradesh,JAKHANIA,10
Uttar Pradesh,JAKHORA,11
Uttar Pradesh,JALABAD,12
Uttar Pradesh,JALAJPUR,13
Uttar Pradesh,JALALABAD,14
Uttar Pradesh,JALALPUR,15
Uttar Pradesh,JALAUN,16
Uttar Pradesh,JALESAR,17
Uttar Pradesh,JALILPUR,18
Uttar Pradesh,JAMALPUR,19
Uttar Pradesh,JAMO,20
Uttar Pradesh,JAMUNAHA,21
Uttar Pradesh,JANAWAI,22
Uttar Pradesh,JANGAL Khudia,23
Uttar Pradesh,JANI KHURD,24
Uttar Pradesh,JANSATH,25
Uttar Pradesh,JARWAL,26
Uttar Pradesh,JASPURA,27
Uttar Pradesh,JASRA,28
Uttar Pradesh,JASRANA,29
Uttar Pradesh,JASWANTNAGAR,30
Uttar Pradesh,JAWA SIKANDARPUR,31
Uttar Pradesh,JEWAR,32
Uttar Pradesh,JHANJHARI,33
Uttar Pradesh,JHINJHAK,34
Uttar Pradesh,JOGIYA KHAS,35
Uttar Pradesh,JOYA,36
Uttar Pradesh,KACHHAUNA,37
Uttar Pradesh,KADAURA,38
Uttar Pradesh,KADIPUR,39
Uttar Pradesh,KAIMGANJ,40
Uttar Pradesh,KAIRANA,41
Uttar Pradesh,KAISERGANJ,42
Uttar Pradesh,KAKORI,43
Uttar Pradesh,KAKWAN,44
Uttar Pradesh,KALAKANKAR,45
Uttar Pradesh,KALAN,46
Uttar Pradesh,KALYANPUR,47
Uttar Pradesh,KAMALGANJ,48
Uttar Pradesh,KAMASIN,49
Uttar Pradesh,KANDHLA,50
Uttar Pradesh,KANNAUJ,51
Uttar Pradesh,KANTH,52
Uttar Pradesh,KAPTANGANJ,53
Uttar Pradesh,KARA,54
Uttar Pradesh,KARANDA,55
Uttar Pradesh,KARANJA KALAN,56
Uttar Pradesh,KARCHHANA,57
Uttar Pradesh,KARHAL,58
Uttar Pradesh,KARWI,59
Uttar Pradesh,KAS,60
Uttar Pradesh,KASGANJ,61
Uttar Pradesh,KASHIVIDYAPEETH,62
Uttar Pradesh,KASHMANDA,63
Uttar Pradesh,KASIMABAD,64
Uttar Pradesh,KATEHARI,65
Uttar Pradesh,KATRA,66
Uttar Pradesh,KATRA BAZAR,67
Uttar Pradesh,KAURIRAM,68
Uttar Pradesh,KAUSHAMBI,69
Uttar Pradesh,KERAKAT,70
Uttar Pradesh,KHADDA,71
Uttar Pradesh,KHAIR,72
Uttar Pradesh,KHAIRABAD,73
Uttar Pradesh,KHAJNI,74
Uttar Pradesh,KHAJUHA,75
Uttar Pradesh,KHALILABAD,76
Uttar Pradesh,KHANDAULI,77
Uttar Pradesh,KHARKHODA,78
Uttar Pradesh,KHATAULI,79
Uttar Pradesh,KHEKADA,80
Uttar Pradesh,KHERAGARH,81
Uttar Pradesh,KHESRAHA,82
Uttar Pradesh,KHIRON,83
Uttar Pradesh,KHORABAR,84
Uttar Pradesh,KHUNIYAON,85
Uttar Pradesh,KHURJA,86
Uttar Pradesh,KHUTAHAN,87
Uttar Pradesh,KHUTAR,88
Uttar Pradesh,KIRATPUR,89
Uttar Pradesh,KISHNI,90
Uttar Pradesh,KOILSA,91
Uttar Pradesh,KON,92
Uttar Pradesh,KONCH,93
Uttar Pradesh,KOPAGANJ,94
Uttar Pradesh,KORAON,95
Uttar Pradesh,KOTHWAN,96
Uttar Pradesh,KOTWALI,97
Uttar Pradesh,KUBREBHAR,98
Uttar Pradesh,KUDHIYARA,99
Uttar Pradesh,KUDRAHA,100
Uttar Pradesh,KUMBHI GOLA,1
Uttar Pradesh,KUNDA,2
Uttar Pradesh,KURAOLI,3
Uttar Pradesh,KURARA,4
Uttar Pradesh,KURIHAR,5
Uttar Pradesh,KURWAR,6
Uttar Pradesh,KUTHOND,7
Uttar Pradesh,KYARA,8
Uttar Pradesh,LAHARPUR,9
Uttar Pradesh,LAKHAOTHI,10
Uttar Pradesh,LAKHIMPUR,11
Uttar Pradesh,LAKSHAMPUR,12
Uttar Pradesh,LAKSHMIPUR,13
Uttar Pradesh,LALAURI KHERA,14
Uttar Pradesh,LALGANJ,15
Uttar Pradesh,LAMBHUA,16
Uttar Pradesh,LAR,17
Uttar Pradesh,LODHA,18
Uttar Pradesh,LOTAN,19
Uttar Pradesh,MACHHLISHAHR,20
Uttar Pradesh,MACHHRA,21
Uttar Pradesh,MACHHREHTA,22
Uttar Pradesh,MADANPUR,23
Uttar Pradesh,MADHOGANJ,24
Uttar Pradesh,MADHOGARH,25
Uttar Pradesh,MAHARAJGANJ,26
Uttar Pradesh,MAHASI,27
Uttar Pradesh,MAHEWA,28
Uttar Pradesh,MAHMUDABAD,29
Uttar Pradesh,MAHOLI,30
Uttar Pradesh,MAHRONI,31
Uttar Pradesh,MAHUA,32
Uttar Pradesh,MAINGANJ,33
Uttar Pradesh,MAINPURI,34
Uttar Pradesh,MAITHA ),35
Uttar Pradesh,MAJHGAWAN,36
Uttar Pradesh,MAJHWA,37
Uttar Pradesh,MAL,38
Uttar Pradesh,MALASA,39
Uttar Pradesh,MALIHABAD,40
Uttar Pradesh,MALLAWAN,41
Uttar Pradesh,MALWAN,42
Uttar Pradesh,MANDA,43
Uttar Pradesh,MANDAWARA,44
Uttar Pradesh,MANDHATA,45
Uttar Pradesh,MANGRAURA,46
Uttar Pradesh,MANIHARI,47
Uttar Pradesh,MANIKUR,48
Uttar Pradesh,MANIYAR,49
Uttar Pradesh,MANJHANPUR,50
Uttar Pradesh,MANKAPUR,51
Uttar Pradesh,MARAURI,52
Uttar Pradesh,MARDAH,53
Uttar Pradesh,MAREHRA,54
Uttar Pradesh,MARIAHU,55
Uttar Pradesh,MARTINGANJ,56
Uttar Pradesh,MASAULI,57
Uttar Pradesh,MASODHA,58
Uttar Pradesh,MAT,59
Uttar Pradesh,MATHURA,60
Uttar Pradesh,MAU,61
Uttar Pradesh,MAU AIMA,62
Uttar Pradesh,MAUDAHA,63
Uttar Pradesh,MAURANIPUR,64
Uttar Pradesh,MAWAI,65
Uttar Pradesh,MAWANA KALAN,66
Uttar Pradesh,MAYA BAZAR,67
Uttar Pradesh,MEERUT,68
Uttar Pradesh,MEHDAWAL,69
Uttar Pradesh,MEHNAGAR,70
Uttar Pradesh,MEJA,71
Uttar Pradesh,MIHINPURWA,72
Uttar Pradesh,MILAK,73
Uttar Pradesh,MILKIPUR,74
Uttar Pradesh,MION,75
Uttar Pradesh,MIRGANJ,76
Uttar Pradesh,MIRZAPUR,77
Uttar Pradesh,MISRIKH,78
Uttar Pradesh,MITAULI,79
Uttar Pradesh,MITHAURA,80
Uttar Pradesh,MITWAL,81
Uttar Pradesh,MOGRA BADSHAHPUR,82
Uttar Pradesh,MOHAMMADABAD,83
Uttar Pradesh,MOHAMMADI,84
Uttar Pradesh,MOHAMMADPUR,85
Uttar Pradesh,MOHAMMADPUR DEWMAL,86
Uttar Pradesh,MOHANLALGANJ,87
Uttar Pradesh,MORADABAD,88
Uttar Pradesh,MORNA,89
Uttar Pradesh,MOTH,90
Uttar Pradesh,MOTI CHAK,91
Uttar Pradesh,MOTIGARHPUR,92
Uttar Pradesh,MUFTIGANJ,93
Uttar Pradesh,MUHAMMADABAD GOHNA,94
Uttar Pradesh,MUJHANA,95
Uttar Pradesh,MUNDA PANDEY,96
Uttar Pradesh,MURADNAGAR,97
Uttar Pradesh,MURATGANJ,98
Uttar Pradesh,MURLI CHHAPRA,99
Uttar Pradesh,MURSAN,100
Uttar Pradesh,MUSAFIRKHANA,1
Uttar Pradesh,MUSKARA,2
Uttar Pradesh,MUZAFFARABAD,3
Uttar Pradesh,MUZAFFARNAGAR,4
Uttar Pradesh,MYORPUR,5
Uttar Pradesh,NADIGAON,6
Uttar Pradesh,NAGAL,7
Uttar Pradesh,NAGAR,8
Uttar Pradesh,NAGRA,9
Uttar Pradesh,NAGWA,10
Uttar Pradesh,NAJIBABAD,11
Uttar Pradesh,NAKAHA,12
Uttar Pradesh,NAKUR,13
Uttar Pradesh,NANAUTA,14
Uttar Pradesh,NANDGOAN,15
Uttar Pradesh,NARAINI,16
Uttar Pradesh,NARAYANPUR,17
Uttar Pradesh,NARKHI,18
Uttar Pradesh,NATH NAGAR,19
Uttar Pradesh,NAUGARH,20
Uttar Pradesh,NAUTANWA,21
Uttar Pradesh,NAWABGANJ,22
Uttar Pradesh,NAWABGANJI,23
Uttar Pradesh,NAWANAGAR,24
Uttar Pradesh,NEBUA NAURANGIYA,25
Uttar Pradesh,NEHTAUR,26
Uttar Pradesh,NEWADA,27
Uttar Pradesh,NICHLAUL,28
Uttar Pradesh,NIDHAULI KALAN,29
Uttar Pradesh,NIGHASAN,30
Uttar Pradesh,NIGOHI,31
Uttar Pradesh,NINDAURA,32
Uttar Pradesh,NIYAMATABAD,33
Uttar Pradesh,NOHJHIL,34
Uttar Pradesh,NOORPUR,35
Uttar Pradesh,PACHPERWA,36
Uttar Pradesh,PADRAUNA,37
Uttar Pradesh,PAHARI,38
Uttar Pradesh,PAHASU,39
Uttar Pradesh,PAHLA,40
Uttar Pradesh,PALHANI,41
Uttar Pradesh,PALHNA,42
Uttar Pradesh,PALI,43
Uttar Pradesh,PALIA,44
Uttar Pradesh,PANDAH,45
Uttar Pradesh,PANDRI KRIPAL,46
Uttar Pradesh,PANIARA,47
Uttar Pradesh,PANWARI,48
Uttar Pradesh,PARASPUR,49
Uttar Pradesh,PARASRAMPUR,50
Uttar Pradesh,PARDAHA,51
Uttar Pradesh,PARIKSHITGARH,52
Uttar Pradesh,PARMAHAL,53
Uttar Pradesh,PARSANDI,54
Uttar Pradesh,PARTAWAL,55
Uttar Pradesh,PASGAWAN,56
Uttar Pradesh,PATARA,57
Uttar Pradesh,PATEHRA,58
Uttar Pradesh,PATHARDEWA,59
Uttar Pradesh,PATIYALI,60
Uttar Pradesh,PATTI,61
Uttar Pradesh,PAULI,62
Uttar Pradesh,PAWAI,63
Uttar Pradesh,PAWANSA,64
Uttar Pradesh,PAYAGPUR,65
Uttar Pradesh,PHAKHARPUR,66
Uttar Pradesh,PHARENDA,67
Uttar Pradesh,PHULBEHAR,68
Uttar Pradesh,PHULPUR,69
Uttar Pradesh,PIHANI,70
Uttar Pradesh,PILANA,71
Uttar Pradesh,PINAHAT,72
Uttar Pradesh,PINDRA,73
Uttar Pradesh,PIPRAICH,74
Uttar Pradesh,PIPRAULI,75
Uttar Pradesh,PISAWAN,76
Uttar Pradesh,PORE  DALAI,77
Uttar Pradesh,POWAYAN,78
Uttar Pradesh,PRATAPGARH,79
Uttar Pradesh,PRATAPPUR,80
Uttar Pradesh,PRATAPPUR KMAICHHA,81
Uttar Pradesh,PUNWARKA,82
Uttar Pradesh,PURA BAZAR,83
Uttar Pradesh,PURANPUR,84
Uttar Pradesh,PURKAJI,85
Uttar Pradesh,PURWA,86
Uttar Pradesh,QADAR CHOWK,87
Uttar Pradesh,RAHI,88
Uttar Pradesh,RAJEPUR,89
Uttar Pradesh,RAJGARH,90
Uttar Pradesh,RAJPUR,91
Uttar Pradesh,RAJPURA,92
Uttar Pradesh,RAMIA BEHAR,93
Uttar Pradesh,RAMKOLA,94
Uttar Pradesh,RAMNAGAR,95
Uttar Pradesh,RAMPUR,96
Uttar Pradesh,RAMPUR MANIHARA,97
Uttar Pradesh,RAMPUR MATHURA,98
Uttar Pradesh,RAMPURA,99
Uttar Pradesh,RANI KI SARAI,100
Uttar Pradesh,RANIPUR,1
Uttar Pradesh,RASRA,2
Uttar Pradesh,RASULABAD,3
Uttar Pradesh,RATANPURA,4
Uttar Pradesh,RAYA,5
Uttar Pradesh,RAZAPUR,6
Uttar Pradesh,REHRA BAZAR,7
Uttar Pradesh,REOSA,8
Uttar Pradesh,REOTI,9
Uttar Pradesh,REVATIPUR,10
Uttar Pradesh,RISIYA,11
Uttar Pradesh,ROBERTSGANJ,12
Uttar Pradesh,ROHANIYA,13
Uttar Pradesh,ROHTA,14
Uttar Pradesh,RUDAULI,15
Uttar Pradesh,RUDHAULI,16
Uttar Pradesh,RUDRAPUR,17
Uttar Pradesh,RUPAIDIH,18
Uttar Pradesh,SADAT,19
Uttar Pradesh,SADHAULI QADDEM,20
Uttar Pradesh,SAFIPUR,21
Uttar Pradesh,SAHAR,22
Uttar Pradesh,SAHAWAN,23
Uttar Pradesh,SAHAWAR,24
Uttar Pradesh,SAHJANWA,25
Uttar Pradesh,SAHPAU,26
Uttar Pradesh,SAIDABAD,27
Uttar Pradesh,SAIDNAGAR,28
Uttar Pradesh,SAIDPUR,29
Uttar Pradesh,SAIFAI,30
Uttar Pradesh,SAILARPUR,31
Uttar Pradesh,SAIYAN,32
Uttar Pradesh,SAKALDIHA,33
Uttar Pradesh,SAKIT,34
Uttar Pradesh,SAKRAN,35
Uttar Pradesh,SALEMPUR,36
Uttar Pradesh,SALON,37
Uttar Pradesh,SALTAUA GOPALPUR,38
Uttar Pradesh,SAMBHAL,39
Uttar Pradesh,SAMRER,40
Uttar Pradesh,SANDALPUR,41
Uttar Pradesh,SANDI,42
Uttar Pradesh,SANDILA,43
Uttar Pradesh,SANDWACHANDIKA,44
Uttar Pradesh,SANGIPUR,45
Uttar Pradesh,SANGRAMPUR,46
Uttar Pradesh,SANTHA,47
Uttar Pradesh,SARDARNAGAR,48
Uttar Pradesh,SARDHANA,49
Uttar Pradesh,SARENI,50
Uttar Pradesh,SARILA,51
Uttar Pradesh,SAROJAINI NAGAR,52
Uttar Pradesh,SARSAUL,53
Uttar Pradesh,SARSAWAN,54
Uttar Pradesh,SARURPUR KHURD,55
Uttar Pradesh,SARWANKHERA,56
Uttar Pradesh,SASNI,57
Uttar Pradesh,SATAON,58
Uttar Pradesh,SATHIYAON,59
Uttar Pradesh,SAU GHAT,60
Uttar Pradesh,SAURIKH,61
Uttar Pradesh,SEMRIYAWAN,62
Uttar Pradesh,SEVAPURI,63
Uttar Pradesh,SHADABAD,64
Uttar Pradesh,SHAHABAD,65
Uttar Pradesh,SHAHABGANJ,66
Uttar Pradesh,SHAHGANJ,67
Uttar Pradesh,SHAHGARH,68
Uttar Pradesh,SHAHPUR,69
Uttar Pradesh,SHAMLI,70
Uttar Pradesh,SHAMSABAD,71
Uttar Pradesh,SHANKARGARH,72
Uttar Pradesh,SHERGARH,73
Uttar Pradesh,SHIKARPUR,74
Uttar Pradesh,SHIKOHABAD,75
Uttar Pradesh,SHITALPUR,76
Uttar Pradesh,SHIVARJPUR,77
Uttar Pradesh,SHIVGARH,78
Uttar Pradesh,SHIVPUR,79
Uttar Pradesh,SHOHRATGARH,80
Uttar Pradesh,SHRIDUTTGANJ,81
Uttar Pradesh,SHUKUL BAZAR,82
Uttar Pradesh,SIANA,83
Uttar Pradesh,SIAR,84
Uttar Pradesh,SIDDHAUR,85
Uttar Pradesh,SIDHAULI,86
Uttar Pradesh,SIDHPURA,87
Uttar Pradesh,SIKANDARPUR KARAN,88
Uttar Pradesh,SIKANDARPUR SARAUSI,89
Uttar Pradesh,SIKANDRA RAO,90
Uttar Pradesh,SIKANDRABAD,91
Uttar Pradesh,SIKHAR,92
Uttar Pradesh,SIKRARA,93
Uttar Pradesh,SIMBHAOLI,94
Uttar Pradesh,SINDHAULI,95
Uttar Pradesh,SINGHPUR,96
Uttar Pradesh,SIRATHU,97
Uttar Pradesh,SIRAULI GAUSPUR,98
Uttar Pradesh,SIRKONI,99
Uttar Pradesh,SIRSIA,100
Uttar Pradesh,SISWA BAZAR,1
Uttar Pradesh,SIVARHI,2
Uttar Pradesh,SOHAON,3
Uttar Pradesh,SOHAWAL,4
Uttar Pradesh,SORAON,5
Uttar Pradesh,SORON,6
Uttar Pradesh,SUAR,7
Uttar Pradesh,Suitha Kalan,8
Uttar Pradesh,SUJANGANJ,9
Uttar Pradesh,SUKRAULI,10
Uttar Pradesh,SULTANGANJ,11
Uttar Pradesh,SUMERPUR,12
Uttar Pradesh,SURATGANJ,13
Uttar Pradesh,SURIYAWAN,14
Uttar Pradesh,SURSA,15
Uttar Pradesh,TADIYAWAN,16
Uttar Pradesh,TAHBARPUR,17
Uttar Pradesh,TAKHA,18
Uttar Pradesh,TALBEHAT,19
Uttar Pradesh,TALGRAM,20
Uttar Pradesh,TAMKUHIRAJ,21
Uttar Pradesh,TANDA,22
Uttar Pradesh,TAPPAL,23
Uttar Pradesh,TARABGANJ,24
Uttar Pradesh,TARKULWA,25
Uttar Pradesh,TARUN,26
Uttar Pradesh,TARWA,27
Uttar Pradesh,TEJWAPUR,28
Uttar Pradesh,TELYANI,29
Uttar Pradesh,THAKURDWARA,30
Uttar Pradesh,THANA BHAWAN,31
Uttar Pradesh,THEKMA,32
Uttar Pradesh,TILHAR,33
Uttar Pradesh,TILOI,34
Uttar Pradesh,TINDWARI,35
Uttar Pradesh,TODARPUR,36
Uttar Pradesh,TRIVEDIGANJ,37
Uttar Pradesh,TULSIPUR,38
Uttar Pradesh,TUNDLA,39
Uttar Pradesh,UJHANI,40
Uttar Pradesh,UMARDA,41
Uttar Pradesh,UN,42
Uttar Pradesh,UNCHAGAON,43
Uttar Pradesh,UNCHAHAR,44
Uttar Pradesh,URUWA,45
Uttar Pradesh,URUWAN,46
Uttar Pradesh,USAWAN,47
Uttar Pradesh,USKA BAZAR,48
Uttar Pradesh,UTRAULA,49
Uttar Pradesh,VIHAR,50
Uttar Pradesh,VIJAYIPUR,51
Uttar Pradesh,VIKRAMJOT,52
Uttar Pradesh,VISHESHWARGANJ,53
Uttar Pradesh,VISHUNPURA,54
Uttar Pradesh,WAZIRGANJ,55
Uttar Pradesh,ZAMANIA,56
Uttarakhand,Agustmuni,57
Uttarakhand,Bageshwar,58
Uttarakhand,Bahadrabad,59
Uttarakhand,Bajpur,60
Uttarakhand,Barkot,61
Uttarakhand,Berinag,62
Uttarakhand,Betalghat,63
Uttarakhand,Bhagwanpur,64
Uttarakhand,Bhatwari,65
Uttarakhand,Bhikyasain,66
Uttarakhand,Bhilingana,67
Uttarakhand,Bhimtal,68
Uttarakhand,Bhisiyachana,69
Uttarakhand,Bironkhal,70
Uttarakhand,Chakrata,71
Uttarakhand,Chamba,72
Uttarakhand,Champawat,73
Uttarakhand,Chaukhutia,74
Uttarakhand,Chiniyalisaur,75
Uttarakhand,Darchula,76
Uttarakhand,Dasholi,77
Uttarakhand,Deoprayag,78
Uttarakhand,Dewal,79
Uttarakhand,Dhari,80
Uttarakhand,Dhauladevi,81
Uttarakhand,Didihat,82
Uttarakhand,Doiwala,83
Uttarakhand,Duggada,84
Uttarakhand,Dunda,85
Uttarakhand,Dwarahat,86
Uttarakhand,Dwarikhal,87
Uttarakhand,Ekeshwar,88
Uttarakhand,Gadarpur,89
Uttarakhand,Gairsain,90
Uttarakhand,Gangolihat,91
Uttarakhand,Garur,92
Uttarakhand,Ghat,93
Uttarakhand,Haldwani,94
Uttarakhand,Hawalbag,95
Uttarakhand,Jaiharikhal,96
Uttarakhand,Jakhinidhar,97
Uttarakhand,Jakholi,98
Uttarakhand,Jaspur,99
Uttarakhand,Jaunpur,100
Uttarakhand,Joshimath,1
Uttarakhand,Kalsi,2
Uttarakhand,Kanalichina,3
Uttarakhand,Kapkot,4
Uttarakhand,Karanprayag,5
Uttarakhand,Kasipur,6
Uttarakhand,Khaljikhal,7
Uttarakhand,Khanpur,8
Uttarakhand,Khatima,9
Uttarakhand,Khirsu,10
Uttarakhand,Kirtinagar,11
Uttarakhand,Kot,12
Uttarakhand,Kotabagh,13
Uttarakhand,Laksar,14
Uttarakhand,Lamgara,15
Uttarakhand,Lohaghat,16
Uttarakhand,Mori,17
Uttarakhand,Munakot,18
Uttarakhand,Munsyari,19
Uttarakhand,Nanidanda,20
Uttarakhand,Narayan Bagad,21
Uttarakhand,Narendranagar,22
Uttarakhand,Narsan,23
Uttarakhand,Naugaon,24
Uttarakhand,Okhalkanda,25
Uttarakhand,Pabo,26
Uttarakhand,Pati,27
Uttarakhand,Pauri,28
Uttarakhand,Pithoragarh,29
Uttarakhand,Pokhra,30
Uttarakhand,Pokhri,31
Uttarakhand,Pratapnagar,32
Uttarakhand,Purola,33
Uttarakhand,Raipur,34
Uttarakhand,Ramgarh,35
Uttarakhand,Ramnagar,36
Uttarakhand,Rikhanikhal,37
Uttarakhand,Roorkee,38
Uttarakhand,Rudrapur,39
Uttarakhand,Sahaspur,40
Uttarakhand,Salt,41
Uttarakhand,Sitarganj,42
Uttarakhand,Syaldeh,43
Uttarakhand,Takula,44
Uttarakhand,Tarikhet,45
Uttarakhand,Thalisain,46
Uttarakhand,Thaludhar,47
Uttarakhand,Tharali,48
Uttarakhand,Ukhimath,49
Uttarakhand,Vikasnagar,50
Uttarakhand,Yamkeshwar,51
West Bengal,Alipurduar 1,52
West Bengal,Alipurduar 1 (Urban Area),53
West Bengal,Alipurduar 2,54
West Bengal,Amdanga,55
West Bengal,Amta I,56
West Bengal,Amta Ii,57
West Bengal,Arambagh,58
West Bengal,Arambagh (Urban Area),59
West Bengal,Arsa,60
West Bengal,Asansol,61
West Bengal,Ausgram 1,62
West Bengal,Ausgram 1 (Urban Area),63
West Bengal,Ausgram 2,64
West Bengal,Baduria,65
West Bengal,Baduria (Urban Area),66
West Bengal,Bagda,67
West Bengal,Baghmundi,68
West Bengal,Bagnan I,69
West Bengal,Bagnan Ii,70
West Bengal,Balagarh,71
West Bengal,Balarampur,72
West Bengal,Bally_Jagachha,73
West Bengal,Bally_Jagachha (Urban Area),74
West Bengal,Balurghat,75
West Bengal,Bamangola,76
West Bengal,Bandoyan,77
West Bengal,Bankura I,78
West Bengal,Bankura I (Urban Area),79
West Bengal,Bankura Ii,80
West Bengal,Bansihari,81
West Bengal,Barabani,82
West Bengal,Barabani (Urban Area),83
West Bengal,Barabazar,84
West Bengal,Barasat-I,85
West Bengal,Barasat-I (Urban Area),86
West Bengal,Barasat-Ii,87
West Bengal,Barjora,88
West Bengal,Barrackpur 1,89
West Bengal,Barrackpur 1 (C.T.),90
West Bengal,Barrackpur 1 (Urban Area),91
West Bengal,Barrackpur 2,92
West Bengal,Barrackpur 2 (Urban Area),93
West Bengal,Baruipur,94
West Bengal,Baruipur (Urban Area),95
West Bengal,Basanti,96
West Bengal,Basirhat-I,97
West Bengal,Basirhat-I (Urban Area),98
West Bengal,Basirhat-Ii,99
West Bengal,Behrampore,100
West Bengal,Behrampore (Urban Area),1
West Bengal,Beldanga 1,2
West Bengal,Beldanga 1 (Urban Area),3
West Bengal,Beldanga 2,4
West Bengal,Bhagawangola 1,5
West Bengal,Bhagwangola 2,6
West Bengal,Bhagwanpur 1,7
West Bengal,Bhagwanpur 2,8
West Bengal,Bhangar 1,9
West Bengal,Bhangar 2,10
West Bengal,Bharatpur 1,11
West Bengal,Bharatpur 2,12
West Bengal,Bhatar,13
West Bengal,Binpur1,14
West Bengal,Binpur2,15
West Bengal,Bishnupur,16
West Bengal,Bishnupur 1,17
West Bengal,Bishnupur 2,18
West Bengal,Bolpur,19
West Bengal,Bolpur (Urban Area),20
West Bengal,Bongaon,21
West Bengal,Bongaon (Urban Area),22
West Bengal,Budgebudge 1,23
West Bengal,Budgebudge 1 (Urban Area),24
West Bengal,Budgebudge 2,25
West Bengal,Budgebudge 2 (Urban Area),26
West Bengal,Burdwan 1,27
West Bengal,Burdwan 1 (Urban Area),28
West Bengal,Burdwan 2,29
West Bengal,Burwan,30
West Bengal,Canning 1,31
West Bengal,Canning 2,32
West Bengal,Chakdaha,33
West Bengal,Chakdaha (Urban Area),34
West Bengal,Chanchal 1,35
West Bengal,Chanchal 2,36
West Bengal,Chanditala 1,37
West Bengal,Chanditala 2,38
West Bengal,Chanditala 2 (Urban Area),39
West Bengal,Chandrokana2,40
West Bengal,Chandrokana2 (Urban Area),41
West Bengal,Chandrokona1,42
West Bengal,Chandrokona1 (Urban Area),43
West Bengal,Chapra,44
West Bengal,Chhatna,45
West Bengal,Chinsurah-Magra,46
West Bengal,Chinsurah-Magra (Urban Area),47
West Bengal,Chit Mahal,48
West Bengal,Chit Mahal(B),49
West Bengal,Chit Mahal(B) (Urban Area),50
West Bengal,Chopra,51
West Bengal,Contai 1,52
West Bengal,Contai 1 (Urban Area),53
West Bengal,Contai 2,54
West Bengal,Contai 3,55
West Bengal,Cooch Behar 1,56
West Bengal,Cooch Behar 1 (Urban Area),57
West Bengal,Cooch Behar 2,58
West Bengal,Darjeeling Pulbazar,59
West Bengal,Darjeeling Pulbazar (Urban Area),60
West Bengal,Daspur1,61
West Bengal,Daspur2,62
West Bengal,Datan1,63
West Bengal,Datan2,64
West Bengal,Datan2 (Urban Area),65
West Bengal,Debra,66
West Bengal,Debra (Urban Area),67
West Bengal,Deganga,68
West Bengal,Dhaniakhali,69
West Bengal,Dhupguri,70
West Bengal,Dhupguri (Urban Area),71
West Bengal,Diamond Harbour 1,72
West Bengal,Diamond Harbour 1 (Urban Area),73
West Bengal,Diamond Harbour 2,74
West Bengal,Dinhata 2,75
West Bengal,Dinhata1,76
West Bengal,Dinhata1 (Urban Area),77
West Bengal,Domakl,78
West Bengal,Domjur,79
West Bengal,Dubrajpur,80
West Bengal,Dubrajpur (Urban Area),81
West Bengal,Egra 1,82
West Bengal,Egra 1 (Urban Area),83
West Bengal,Egra 2,84
West Bengal,Egra 2 (Urban Area),85
West Bengal,English Bazar,86
West Bengal,Falakata,87
West Bengal,Falta,88
West Bengal,Farakka,89
West Bengal,Faridpur_Durgapur,90
West Bengal,Faridpur_Durgapur (Urban Area),91
West Bengal,Gaighata,92
West Bengal,Galsi 1,93
West Bengal,Galsi 2,94
West Bengal,Gangajalghati,95
West Bengal,Gangarampur,96
West Bengal,Gangarampur (Urban Area),97
West Bengal,Garbeta1,98
West Bengal,Garbeta2,99
West Bengal,Garbeta3,100
West Bengal,Gazole,1
West Bengal,Ghatal,2
West Bengal,Ghatal (Urban Area),3
West Bengal,Goalpokhar 1,4
West Bengal,Goalpokhar 2,5
West Bengal,Goghat 1,6
West Bengal,Goghat 2,7
West Bengal,Gopiballavpur1,8
West Bengal,Gopiballavpur2,9
West Bengal,Gorubathan,10
West Bengal,Gosaba,11
West Bengal,Habibpur,12
West Bengal,Habra-I,13
West Bengal,Habra-I (Urban Area),14
West Bengal,Habra-Ii,15
West Bengal,Haldibari,16
West Bengal,Haldibari (Urban Area),17
West Bengal,Hanskhali,18
West Bengal,Hariharpara,19
West Bengal,Haringhata,20
West Bengal,Haripal,21
West Bengal,Harirampur,22
West Bengal,Harishchandrapur 1,23
West Bengal,Harishchandrapur 2,24
West Bengal,Haroa,25
West Bengal,Hasnabad,26
West Bengal,Hasnabad (Urban Area),27
West Bengal,Hemtabad,28
West Bengal,Hilli,29
West Bengal,Hingalganj,30
West Bengal,Hirabandh,31
West Bengal,Hura,32
West Bengal,Illambazar,33
West Bengal,Indpur,34
West Bengal,Indus,35
West Bengal,Islampur,36
West Bengal,Islampur (Urban Area),37
West Bengal,Itahar,38
West Bengal,Jagatballavpur,39
West Bengal,Jaipur,40
West Bengal,Jalangi,41
West Bengal,Jalpaiguri,42
West Bengal,Jamalpur,43
West Bengal,Jamboni,44
West Bengal,Jamuria 1 & 2,45
West Bengal,Jamuria 1 & 2 (Urban Area),46
West Bengal,Jangipara,47
West Bengal,Jaynagar 1,48
West Bengal,Jaynagar 1 (Urban Area),49
West Bengal,Jaynagar 2,50
West Bengal,Jhalda i (Urban Area),51
West Bengal,Jhaldai,52
West Bengal,Jhaldaii,53
West Bengal,Jhargram,54
West Bengal,Jorebunglow Sukiapokhri,55
West Bengal,Jorebunglow Sukiapokhri (Urban Area),56
West Bengal,Joypur,57
West Bengal,Kakdwip,58
West Bengal,Kalchini,59
West Bengal,Kaliachak 1,60
West Bengal,Kaliachak 2,61
West Bengal,Kaliachak 3,62
West Bengal,Kaliaganj,63
West Bengal,Kaliaganj (Urban Area),64
West Bengal,Kaligunj,65
West Bengal,Kalimpong 1,66
West Bengal,Kalimpong 2,67
West Bengal,Kalna 1,68
West Bengal,Kalna 1 (Urban Area),69
West Bengal,Kalna 2,70
West Bengal,Kandi,71
West Bengal,Kandi (Urban Area),72
West Bengal,Kanksa,73
West Bengal,Karandighi,74
West Bengal,Karimpur I,75
West Bengal,Karimpur Ii,76
West Bengal,Kashipur,77
West Bengal,Katwa 1,78
West Bengal,Katwa 1 (Urban Area),79
West Bengal,Katwa 2,80
West Bengal,Katwa 2 (Urban Area),81
West Bengal,Keshiary,82
West Bengal,Keshpur,83
West Bengal,Ketugram 1,84
West Bengal,Ketugram 2,85
West Bengal,Khandaghosh,86
West Bengal,Khankul 1,87
West Bengal,Khankul 2,88
West Bengal,Kharagpur1,89
West Bengal,Kharagpur1 (Urban Area),90
West Bengal,Kharagpur2,91
West Bengal,Khargram,92
West Bengal,Kharibari,93
West Bengal,Khatra,94
West Bengal,Khayrasole,95
West Bengal,Khejuri 1,96
West Bengal,Khejuri 2,97
West Bengal,Kolkata,98
West Bengal,Kotulpur,99
West Bengal,Krishnaganj,100
West Bengal,Krishnanagar I,1
West Bengal,Krishnanagar I (Urban Area),2
West Bengal,Krishnanagar Ii,3
West Bengal,Kulpi,4
West Bengal,Kultali,5
West Bengal,Kulti Barakar,6
West Bengal,Kumarganj,7
West Bengal,Kumargram,8
West Bengal,Kurseong,9
West Bengal,Kurseong (Urban Area),10
West Bengal,Kushmundi,11
West Bengal,Labhpur,12
West Bengal,Lalgola,13
West Bengal,Madarihat,14
West Bengal,Madarihat (Urban Area),15
West Bengal,Magrahat 1,16
West Bengal,Magrahat 2,17
West Bengal,Mahammad Bazar,18
West Bengal,Mahisdal,19
West Bengal,Mal,20
West Bengal,Malda (Old),21
West Bengal,Manbazari,22
West Bengal,Manbazarii,23
West Bengal,Mandirbazar,24
West Bengal,Mangolkote,25
West Bengal,Manikchak,26
West Bengal,Manteswar,27
West Bengal,Mathabhanga 1,28
West Bengal,Mathabhanga 1 (Urban Area),29
West Bengal,Mathabhanga 2,30
West Bengal,Mathurapur 1,31
West Bengal,Mathurapur 2,32
West Bengal,Matiali,33
West Bengal,Matigara,34
West Bengal,Matigara (Urban Area),35
West Bengal,Maynaguri,36
West Bengal,Mayureswar 1,37
West Bengal,Mayureswar 2,38
West Bengal,Medinipur,39
West Bengal,Medinipur (Urban Area),40
West Bengal,Mejhia,41
West Bengal,Mekliganj,42
West Bengal,Memari 1,43
West Bengal,Memari 1 (Urban Area),44
West Bengal,Memari 2,45
West Bengal,Minakhan,46
West Bengal,Mirik,47
West Bengal,Mirik (Urban Area),48
West Bengal,Mohanpur,49
West Bengal,Moyna,50
West Bengal,Murarai 1,51
West Bengal,Murarai 2,52
West Bengal,Murshidabad-Jiaganj,53
West Bengal,Murshidabad-Jiaganj (Urban Area),54
West Bengal,Nabadwip,55
West Bengal,Nabadwip (Urban Area),56
West Bengal,Nabagram,57
West Bengal,Nagrakata,58
West Bengal,Nakashipara,59
West Bengal,Nalhati 1,60
West Bengal,Nalhati 1 (Urban Area),61
West Bengal,Nalhati 2,62
West Bengal,Namkhana,63
West Bengal,Nandakumar,64
West Bengal,Nandigram 1,65
West Bengal,Nandigram 2,66
West Bengal,Nandigram 3,67
West Bengal,Nanoor,68
West Bengal,Narayangarh,69
West Bengal,Nawda,70
West Bengal,Naxalbari,71
West Bengal,Nayagram,72
West Bengal,Nituria,73
West Bengal,Onda,74
West Bengal,Ondal,75
West Bengal,Panchla,76
West Bengal,Pandabeswar,77
West Bengal,Pandua,78
West Bengal,Panskura 1,79
West Bengal,Panskura 2,80
West Bengal,Para,81
West Bengal,Patharpratima,82
West Bengal,Patrasayer,83
West Bengal,Phansidewa,84
West Bengal,Pingla,85
West Bengal,Polbadadpur,86
West Bengal,Potashpur 1,87
West Bengal,Potashpur 2,88
West Bengal,Puncha,89
West Bengal,Purbasthali 1,90
West Bengal,Purbasthali 2,91
West Bengal,Pursura,92
West Bengal,Purulia I,93
West Bengal,Purulia Ii,94
West Bengal,Raghunathganj 1,95
West Bengal,Raghunathganj 1 (Urban Area),96
West Bengal,Raghunathganj 2,97
West Bengal,Raghunathpur i (Urban Area),98
West Bengal,Raghunathpuri,99
West Bengal,Raghunathpurii,100
West Bengal,Raiganj,1
West Bengal,Raiganj (Urban Area),2
West Bengal,Raina 1,3
West Bengal,Raina 2,4
West Bengal,Raipur,5
West Bengal,Rajarhat,6
West Bengal,Rajarhat (Urban Area),7
West Bengal,Rajganj,8
West Bengal,Rajnagar,9
West Bengal,Ramnagar 1,10
West Bengal,Ramnagar 2,11
West Bengal,Rampurhat 1,12
West Bengal,Rampurhat 1 (Urban Area),13
West Bengal,Rampurhat 2,14
West Bengal,Ranaghat I,15
West Bengal,Ranaghat I (Urban Area),16
West Bengal,Ranaghat Ii,17
West Bengal,Ranaghat Ii (Urban Area),18
West Bengal,Rangli Rangliot,19
West Bengal,Ranibundh,20
West Bengal,Raniganj,21
West Bengal,Raniganj (Urban Area),22
West Bengal,Raninagar 1,23
West Bengal,Raninagar 2,24
West Bengal,Ratua 1,25
West Bengal,Ratua 2,26
West Bengal,Sabang,27
West Bengal,Sagar,28
West Bengal,Sahid Matangini,29
West Bengal,Sainthia,30
West Bengal,Sainthia (Urban Area),31
West Bengal,Salanpur,32
West Bengal,Salbani,33
West Bengal,Saltora,34
West Bengal,Samserganj,35
West Bengal,Samserganj (Urban Area),36
West Bengal,Sandeskhali-I,37
West Bengal,Sandeskhali-Ii,38
West Bengal,Sankrail,39
West Bengal,Sankrail (Urban Area),40
West Bengal,Santipur,41
West Bengal,Santipur (Urban Area),42
West Bengal,Santuri,43
West Bengal,Saraidighi 1,44
West Bengal,Sarenga,45
West Bengal,Serampur-Uttarpara,46
West Bengal,Serampur-Uttarpara (Urban Area),47
West Bengal,Shamsherganj (Urban Area),48
West Bengal,Simlapal,49
West Bengal,Singur,50
West Bengal,Singur (Urban Area),51
West Bengal,Sitai,52
West Bengal,Sitalkuchi,53
West Bengal,Sonamukhi,54
West Bengal,Sonamukhi (Urban Area),55
West Bengal,Sonarpur,56
West Bengal,Sonarpur (Urban Area),57
West Bengal,Suri 1,58
West Bengal,Suri 1 (Urban Area),59
West Bengal,Suri 2,60
West Bengal,Sutahata 1,61
West Bengal,Sutahata 1 (Urban Area),62
West Bengal,Sutahata 2,63
West Bengal,Suti 1,64
West Bengal,Suti 2,65
West Bengal,Swarupnagar,66
West Bengal,Syampur I,67
West Bengal,Syampur Ii,68
West Bengal,Taldangra,69
West Bengal,Tamluk,70
West Bengal,Tamluk (Urban Area),71
West Bengal,Tapan,72
West Bengal,Tarakeswar,73
West Bengal,Tarakeswar (Urban Area),74
West Bengal,Tehatta I,75
West Bengal,Tehatta Ii,76
West Bengal,Thakurpukurmaheshtala,77
West Bengal,Thakurpukurmaheshtala (Urban Area),78
West Bengal,Tufanganj 1,79
West Bengal,Tufanganj 1 (Urban Area),80
West Bengal,Tufanganj 2,81
West Bengal,Udaynarayanpur,82
West Bengal,Uluberia I,83
West Bengal,Uluberia I (Urban Area),84
West Bengal,Uluberia Ii,85
