state_name,constituency_name,value
ANDHRA PRADESH,Achampet (SC),1
ANDHRA PRADESH,Achanta,2
ANDHRA PRADESH,Addanki,3
ANDHRA PRADESH,Adilabad,4
ANDHRA PRADESH,Adoni,5
ANDHRA PRADESH,Alair,6
ANDHRA PRADESH,Alampur (SC),7
ANDHRA PRADESH,Allagadda,8
ANDHRA PRADESH,Alur,9
ANDHRA PRADESH,Amadalavalasa,10
ANDHRA PRADESH,Amalapuram (SC),11
ANDHRA PRADESH,Amberpet,12
ANDHRA PRADESH,Anakapalle,13
ANDHRA PRADESH,Anantapur Urban,14
ANDHRA PRADESH,Anaparthy,15
ANDHRA PRADESH,Andole (SC),16
ANDHRA PRADESH,Araku Valley (ST),17
ANDHRA PRADESH,Armur,18
ANDHRA PRADESH,Asifabad (ST),19
ANDHRA PRADESH,Aswaraopeta (ST),20
ANDHRA PRADESH,Atmakur,21
ANDHRA PRADESH,Avanigadda,22
ANDHRA PRADESH,Badvel (SC),23
ANDHRA PRADESH,Bahadurpura,24
ANDHRA PRADESH,Balkonda,25
ANDHRA PRADESH,Banaganapalle,26
ANDHRA PRADESH,Banswada,27
ANDHRA PRADESH,Bapatla,28
ANDHRA PRADESH,Bellampalle (SC),29
ANDHRA PRADESH,Bhadrachalam (ST),30
ANDHRA PRADESH,Bhimavaram,31
ANDHRA PRADESH,Bhimili,32
ANDHRA PRADESH,Bhongir,33
ANDHRA PRADESH,Bhupalpalle,34
ANDHRA PRADESH,Boath (ST),35
ANDHRA PRADESH,Bobbili,36
ANDHRA PRADESH,Bodhan,37
ANDHRA PRADESH,Chandragiri,38
ANDHRA PRADESH,Chandrayangutta,39
ANDHRA PRADESH,Charminar,40
ANDHRA PRADESH,Cheepurupalle,41
ANDHRA PRADESH,Chennur (SC),42
ANDHRA PRADESH,Chevella (SC),43
ANDHRA PRADESH,Chilakaluripet,44
ANDHRA PRADESH,Chintalapudi (SC),45
ANDHRA PRADESH,Chirala,46
ANDHRA PRADESH,Chittoor,47
ANDHRA PRADESH,Chodavaram,48
ANDHRA PRADESH,Choppadandi (SC),49
ANDHRA PRADESH,Darsi,50
ANDHRA PRADESH,Denduluru,51
ANDHRA PRADESH,Devarakonda (ST),52
ANDHRA PRADESH,Devarkadra,53
ANDHRA PRADESH,Dharmapuri (SC),54
ANDHRA PRADESH,Dharmavaram,55
ANDHRA PRADESH,Dhone,56
ANDHRA PRADESH,Dornakal (ST),57
ANDHRA PRADESH,Dubbak,58
ANDHRA PRADESH,Eluru,59
ANDHRA PRADESH,Etcherla,60
ANDHRA PRADESH,Gadwal,61
ANDHRA PRADESH,Gajapathinagaram,62
ANDHRA PRADESH,Gajuwaka,63
ANDHRA PRADESH,Gajwel,64
ANDHRA PRADESH,Gangadhara Nellore (SC),65
ANDHRA PRADESH,Gannavaram,66
ANDHRA PRADESH,Gannavaram (SC),67
ANDHRA PRADESH,Ghanpur (Station) (SC),68
ANDHRA PRADESH,Giddalur,69
ANDHRA PRADESH,Gopalapuram (SC),70
ANDHRA PRADESH,Goshamahal,71
ANDHRA PRADESH,Gudivada,72
ANDHRA PRADESH,Gudur (SC),73
ANDHRA PRADESH,Guntakal,74
ANDHRA PRADESH,Guntur East,75
ANDHRA PRADESH,Guntur West,76
ANDHRA PRADESH,Gurajala,77
ANDHRA PRADESH,Hindupur,78
ANDHRA PRADESH,Husnabad,79
ANDHRA PRADESH,Huzurabad,80
ANDHRA PRADESH,Huzurnagar,81
ANDHRA PRADESH,Ibrahimpatnam,82
ANDHRA PRADESH,Ichchapuram,83
ANDHRA PRADESH,Jadcherla,84
ANDHRA PRADESH,Jaggampeta,85
ANDHRA PRADESH,Jaggayyapeta,86
ANDHRA PRADESH,Jagtial,87
ANDHRA PRADESH,Jammalamadugu,88
ANDHRA PRADESH,Jangoan,89
ANDHRA PRADESH,Jubilee Hills,90
ANDHRA PRADESH,Jukkal (SC),91
ANDHRA PRADESH,Kadapa,92
ANDHRA PRADESH,Kadiri,93
ANDHRA PRADESH,Kaikalur,94
ANDHRA PRADESH,Kakinada City,95
ANDHRA PRADESH,Kakinada Rural,96
ANDHRA PRADESH,Kalwakurthy,97
ANDHRA PRADESH,Kalyandurg,98
ANDHRA PRADESH,Kamalapuram,99
ANDHRA PRADESH,Kamareddy,100
ANDHRA PRADESH,Kandukur,1
ANDHRA PRADESH,Kanigiri,2
ANDHRA PRADESH,Karimnagar,3
ANDHRA PRADESH,Karwan,4
ANDHRA PRADESH,Kavali,5
ANDHRA PRADESH,Khairatabad,6
ANDHRA PRADESH,Khammam,7
ANDHRA PRADESH,Khanapur (ST),8
ANDHRA PRADESH,Kodad,9
ANDHRA PRADESH,Kodangal,10
ANDHRA PRADESH,Kodumur (SC),11
ANDHRA PRADESH,Kodur (SC),12
ANDHRA PRADESH,Kollapur,13
ANDHRA PRADESH,Kondapi (SC),14
ANDHRA PRADESH,Koratla,15
ANDHRA PRADESH,Kothagudem,16
ANDHRA PRADESH,Kothapeta,17
ANDHRA PRADESH,Kovur,18
ANDHRA PRADESH,Kovvur (SC),19
ANDHRA PRADESH,Kukatpalle,20
ANDHRA PRADESH,Kuppam,21
ANDHRA PRADESH,Kurnool,22
ANDHRA PRADESH,Kurupam (ST),23
ANDHRA PRADESH,Lal Bahadur Nagar,24
ANDHRA PRADESH,Macherla,25
ANDHRA PRADESH,Machilipatnam,26
ANDHRA PRADESH,Madakasira (SC),27
ANDHRA PRADESH,Madanapalle,28
ANDHRA PRADESH,Madhira (SC),29
ANDHRA PRADESH,Madugula,30
ANDHRA PRADESH,Mahabubabad (ST),31
ANDHRA PRADESH,Mahbubnagar,32
ANDHRA PRADESH,Maheswaram,33
ANDHRA PRADESH,Makthal,34
ANDHRA PRADESH,Malakpet,35
ANDHRA PRADESH,Malkajgiri,36
ANDHRA PRADESH,Manakondur (SC),37
ANDHRA PRADESH,Mancherial,38
ANDHRA PRADESH,Mandapeta,39
ANDHRA PRADESH,Mangalagiri,40
ANDHRA PRADESH,Manthani,41
ANDHRA PRADESH,Mantralayam,42
ANDHRA PRADESH,Markapuram,43
ANDHRA PRADESH,Medak,44
ANDHRA PRADESH,Medchal,45
ANDHRA PRADESH,Miryalaguda,46
ANDHRA PRADESH,Mudhole,47
ANDHRA PRADESH,Mulug (ST),48
ANDHRA PRADESH,Mummidivaram,49
ANDHRA PRADESH,Munugode,50
ANDHRA PRADESH,Musheerabad,51
ANDHRA PRADESH,Mydukur,52
ANDHRA PRADESH,Mylavaram,53
ANDHRA PRADESH,Nagari,54
ANDHRA PRADESH,Nagarjuna Sagar,55
ANDHRA PRADESH,Nagarkurnool,56
ANDHRA PRADESH,Nakrekal (SC),57
ANDHRA PRADESH,Nalgonda,58
ANDHRA PRADESH,Nampally,59
ANDHRA PRADESH,Nandigama (SC),60
ANDHRA PRADESH,Nandikotkur (SC),61
ANDHRA PRADESH,Nandyal,62
ANDHRA PRADESH,Narasannapeta,63
ANDHRA PRADESH,Narasapuram,64
ANDHRA PRADESH,Narasaraopet,65
ANDHRA PRADESH,Narayankhed,66
ANDHRA PRADESH,Narayanpet,67
ANDHRA PRADESH,Narsampet,68
ANDHRA PRADESH,Narsapur,69
ANDHRA PRADESH,Narsipatnam,70
ANDHRA PRADESH,Nellimarla,71
ANDHRA PRADESH,Nellore City,72
ANDHRA PRADESH,Nellore Rural,73
ANDHRA PRADESH,Nidadavole,74
ANDHRA PRADESH,Nirmal,75
ANDHRA PRADESH,Nizamabad (Rural),76
ANDHRA PRADESH,Nizamabad (Urban),77
ANDHRA PRADESH,Nuzvid,78
ANDHRA PRADESH,Ongole,79
ANDHRA PRADESH,Paderu (ST),80
ANDHRA PRADESH,Palacole,81
ANDHRA PRADESH,Palair,82
ANDHRA PRADESH,Palakonda (ST),83
ANDHRA PRADESH,Palakurthi,84
ANDHRA PRADESH,Palamaner,85
ANDHRA PRADESH,Palasa,86
ANDHRA PRADESH,Pamarru (SC),87
ANDHRA PRADESH,Panyam,88
ANDHRA PRADESH,Parchur,89
ANDHRA PRADESH,Pargi,90
ANDHRA PRADESH,Parkal,91
ANDHRA PRADESH,Parvathipuram (SC),92
ANDHRA PRADESH,Patancheru,93
ANDHRA PRADESH,Pathapatnam,94
ANDHRA PRADESH,Pattikonda,95
ANDHRA PRADESH,Payakaraopet (SC),96
ANDHRA PRADESH,Pedakurapadu,97
ANDHRA PRADESH,Pedana,98
ANDHRA PRADESH,Peddapalle,99
ANDHRA PRADESH,Peddapuram,100
ANDHRA PRADESH,Penamaluru,1
ANDHRA PRADESH,Pendurthi,2
ANDHRA PRADESH,Penukonda,3
ANDHRA PRADESH,Pileru,4
ANDHRA PRADESH,Pinapaka (ST),5
ANDHRA PRADESH,Pithapuram,6
ANDHRA PRADESH,Polavaram (ST),7
ANDHRA PRADESH,Ponnur,8
ANDHRA PRADESH,Prathipadu,9
ANDHRA PRADESH,Prathipadu (SC),10
ANDHRA PRADESH,Proddatur,11
ANDHRA PRADESH,Pulivendla,12
ANDHRA PRADESH,Punganur,13
ANDHRA PRADESH,Puthalapattu (SC),14
ANDHRA PRADESH,Puttaparthi,15
ANDHRA PRADESH,Quthbullapur,16
ANDHRA PRADESH,Rajahmundry City,17
ANDHRA PRADESH,Rajahmundry Rural,18
ANDHRA PRADESH,Rajam (SC),19
ANDHRA PRADESH,Rajampet,20
ANDHRA PRADESH,Rajanagaram,21
ANDHRA PRADESH,Rajendranagar,22
ANDHRA PRADESH,Ramachandrapuram,23
ANDHRA PRADESH,Ramagundam,24
ANDHRA PRADESH,Rampachodavaram(ST),25
ANDHRA PRADESH,Raptadu,26
ANDHRA PRADESH,Rayachoti,27
ANDHRA PRADESH,Rayadurg,28
ANDHRA PRADESH,Razole (SC),29
ANDHRA PRADESH,Repalle,30
ANDHRA PRADESH,Salur (ST),31
ANDHRA PRADESH,Sanathnagar,32
ANDHRA PRADESH,Sangareddy,33
ANDHRA PRADESH,Santhanuthalapadu (SC),34
ANDHRA PRADESH,Sarvepalli,35
ANDHRA PRADESH,Sathupalle (SC),36
ANDHRA PRADESH,Sattenapalle,37
ANDHRA PRADESH,Satyavedu (SC),38
ANDHRA PRADESH,Secunderabad,39
ANDHRA PRADESH,Secunderabad Cantt. (SC,40
ANDHRA PRADESH,Serilingampally,41
ANDHRA PRADESH,Shadnagar,42
ANDHRA PRADESH,Siddipet,43
ANDHRA PRADESH,Singanamala (SC),44
ANDHRA PRADESH,Sircilla,45
ANDHRA PRADESH,Sirpur,46
ANDHRA PRADESH,Srikakulam,47
ANDHRA PRADESH,Srikalahasti,48
ANDHRA PRADESH,Srisailam,49
ANDHRA PRADESH,Srungavarapukota,50
ANDHRA PRADESH,Sullurpeta (SC),51
ANDHRA PRADESH,Suryapet,52
ANDHRA PRADESH,Tadepalligudem,53
ANDHRA PRADESH,Tadikonda (SC),54
ANDHRA PRADESH,Tadpatri,55
ANDHRA PRADESH,Tandur,56
ANDHRA PRADESH,Tanuku,57
ANDHRA PRADESH,Tekkali,58
ANDHRA PRADESH,Tenali,59
ANDHRA PRADESH,Thamballapalle,60
ANDHRA PRADESH,Thungathurthi (SC),61
ANDHRA PRADESH,Tirupati,62
ANDHRA PRADESH,Tiruvuru (SC),63
ANDHRA PRADESH,Tuni,64
ANDHRA PRADESH,Udayagiri,65
ANDHRA PRADESH,Undi,66
ANDHRA PRADESH,Ungutur,67
ANDHRA PRADESH,Uppal,68
ANDHRA PRADESH,Uravakonda,69
ANDHRA PRADESH,Vemulawada,70
ANDHRA PRADESH,Vemuru (SC),71
ANDHRA PRADESH,Venkatagiri,72
ANDHRA PRADESH,Vicarabad (SC),73
ANDHRA PRADESH,Vijayawada Central,74
ANDHRA PRADESH,Vijayawada East,75
ANDHRA PRADESH,Vijayawada West,76
ANDHRA PRADESH,Vinukonda,77
ANDHRA PRADESH,Visakhapatnam East,78
ANDHRA PRADESH,Visakhapatnam North,79
ANDHRA PRADESH,Visakhapatnam South,80
ANDHRA PRADESH,Visakhapatnam West,81
ANDHRA PRADESH,Vizianagaram,82
ANDHRA PRADESH,Wanaparthy,83
ANDHRA PRADESH,Waradhanapet (SC),84
ANDHRA PRADESH,Warangal East,85
ANDHRA PRADESH,Warangal West,86
ANDHRA PRADESH,Wyra (ST),87
ANDHRA PRADESH,Yakutpura,88
ANDHRA PRADESH,Yelamanchili,89
ANDHRA PRADESH,Yellandu (ST),90
ANDHRA PRADESH,Yellareddy,91
ANDHRA PRADESH,Yemmiganur,92
ANDHRA PRADESH,Yerragondapalem (SC),93
ANDHRA PRADESH,Zahirabad (SC),94
ARUNACHAL PRADESH,Along East,95
ARUNACHAL PRADESH,Along West,96
ARUNACHAL PRADESH,Anini,97
ARUNACHAL PRADESH,Bameng,98
ARUNACHAL PRADESH,Basar,99
ARUNACHAL PRADESH,Bomdila,100
ARUNACHAL PRADESH,Bordumsa-Diyum,1
ARUNACHAL PRADESH,Borduria- Bagapani,2
ARUNACHAL PRADESH,Changlang North,3
ARUNACHAL PRADESH,Changlang South,4
ARUNACHAL PRADESH,Chayangtajo,5
ARUNACHAL PRADESH,Chowkham,6
ARUNACHAL PRADESH,Dambuk,7
ARUNACHAL PRADESH,Damporijo,8
ARUNACHAL PRADESH,Daporijo,9
ARUNACHAL PRADESH,Dirang,10
ARUNACHAL PRADESH,Doimukh,11
ARUNACHAL PRADESH,Hauyuliang,12
ARUNACHAL PRADESH,Itanagar,13
ARUNACHAL PRADESH,Kalaktang,14
ARUNACHAL PRADESH,Kanubari,15
ARUNACHAL PRADESH,Khonsa East,16
ARUNACHAL PRADESH,Khonsa West,17
ARUNACHAL PRADESH,Koloriang,18
ARUNACHAL PRADESH,Lekang,19
ARUNACHAL PRADESH,Likabali,20
ARUNACHAL PRADESH,Liromoba,21
ARUNACHAL PRADESH,Longding-Pumao,22
ARUNACHAL PRADESH,Lumla,23
ARUNACHAL PRADESH,Mariyang-Geku,24
ARUNACHAL PRADESH,Mebo,25
ARUNACHAL PRADESH,Mechuka,26
ARUNACHAL PRADESH,Miao,27
ARUNACHAL PRADESH,Mukto,28
ARUNACHAL PRADESH,Nacho,29
ARUNACHAL PRADESH,Nampong,30
ARUNACHAL PRADESH,Namsai,31
ARUNACHAL PRADESH,Namsang,32
ARUNACHAL PRADESH,Nari-Koyu,33
ARUNACHAL PRADESH,Nyapin,34
ARUNACHAL PRADESH,Pakke-Kasang,35
ARUNACHAL PRADESH,Palin,36
ARUNACHAL PRADESH,Pangin,37
ARUNACHAL PRADESH,Pasighat East,38
ARUNACHAL PRADESH,Pasighat West,39
ARUNACHAL PRADESH,Pongchou-Wakka,40
ARUNACHAL PRADESH,Raga,41
ARUNACHAL PRADESH,Roing,42
ARUNACHAL PRADESH,Rumgong,43
ARUNACHAL PRADESH,Sagalee,44
ARUNACHAL PRADESH,Seppa East,45
ARUNACHAL PRADESH,Seppa West,46
ARUNACHAL PRADESH,Tali,47
ARUNACHAL PRADESH,Taliha,48
ARUNACHAL PRADESH,Tawang,49
ARUNACHAL PRADESH,Tezu,50
ARUNACHAL PRADESH,Thrizino-Buragaon,51
ARUNACHAL PRADESH,Tuting-Yinkgkiong,52
ARUNACHAL PRADESH,Yachuli,53
ARUNACHAL PRADESH,Ziro-Hapoli,54
ASSAM,Abhayapuri North,55
ASSAM,Abhayapuri South,56
ASSAM,Algapur,57
ASSAM,Amguri,58
ASSAM,Badarpur,59
ASSAM,Baghbar,60
ASSAM,Baithalangso,61
ASSAM,Barama,62
ASSAM,Barchalla,63
ASSAM,Barhampur,64
ASSAM,Barkhetry,65
ASSAM,Barkhola,66
ASSAM,Barpeta,67
ASSAM,Batadroba,68
ASSAM,Behali,69
ASSAM,Bhabanipur,70
ASSAM,Bihpuria,71
ASSAM,Bijni,72
ASSAM,Bilasipara East,73
ASSAM,Bilasipara West,74
ASSAM,Biswanath,75
ASSAM,Bokajan,76
ASSAM,Bokakhat,77
ASSAM,Boko,78
ASSAM,Bongaigaon,79
ASSAM,Chabua,80
ASSAM,Chapaguri,81
ASSAM,Chaygaon,82
ASSAM,Chenga,83
ASSAM,Dalgaon,84
ASSAM,Dergaon,85
ASSAM,Dhakuakhana,86
ASSAM,Dharmapur,87
ASSAM,Dhekiajuli,88
ASSAM,Dhemaji,89
ASSAM,Dhing,90
ASSAM,Dholai,91
ASSAM,Dhubri,92
ASSAM,Dibrugarh,93
ASSAM,Digboi,94
ASSAM,Diphu,95
ASSAM,Dispur,96
ASSAM,Doom Dooma,97
ASSAM,Dudhnai,98
ASSAM,Duliajan,99
ASSAM,Gauhati East,100
ASSAM,Gauhati West,1
ASSAM,Gauripur,2
ASSAM,Goalpara East,3
ASSAM,Goalpara West,4
ASSAM,Gohpur,5
ASSAM,Golaghat,6
ASSAM,Golakganj,7
ASSAM,Gossaigaon,8
ASSAM,Haflong,9
ASSAM,Hailakandi,10
ASSAM,Hajo,11
ASSAM,Hojai,12
ASSAM,Howraghat,13
ASSAM,Jagiroad,14
ASSAM,Jaleswar,15
ASSAM,Jalukbari,16
ASSAM,Jamunamukh,17
ASSAM,Jania,18
ASSAM,Jonai,19
ASSAM,Jorhat,20
ASSAM,Kalaigaon,21
ASSAM,Kaliabor,22
ASSAM,Kamalpur,23
ASSAM,Karimganj North,24
ASSAM,Karimganj South,25
ASSAM,Katigora,26
ASSAM,Katlicherra,27
ASSAM,Khumtai,28
ASSAM,Kokrajhar East,29
ASSAM,Kokrajhar West,30
ASSAM,Laharighat,31
ASSAM,Lahowal,32
ASSAM,Lakhimpur,33
ASSAM,Lakhipur,34
ASSAM,Lumding,35
ASSAM,Mahmara,36
ASSAM,Majbat,37
ASSAM,Majuli,38
ASSAM,Mangaldoi,39
ASSAM,Mankachar,40
ASSAM,Margherita,41
ASSAM,Mariani,42
ASSAM,Marigaon,43
ASSAM,Moran,44
ASSAM,Naharkatia,45
ASSAM,Nalbari,46
ASSAM,Naoboicha,47
ASSAM,Nazira,48
ASSAM,Nowgong,49
ASSAM,Palasbari,50
ASSAM,Panery,51
ASSAM,Patacharkuchi,52
ASSAM,Patharkandi,53
ASSAM,Raha,54
ASSAM,Rangapara,55
ASSAM,Rangiya,56
ASSAM,Ratabari,57
ASSAM,Rupohihat,58
ASSAM,Sadiya,59
ASSAM,Salmara South,60
ASSAM,Samaguri,61
ASSAM,Sarukhetri,62
ASSAM,Sarupathar,63
ASSAM,Sibsagar,64
ASSAM,Sidli,65
ASSAM,Silchar,66
ASSAM,Sipajhar,67
ASSAM,Sonai,68
ASSAM,Sonari,69
ASSAM,Sootea,70
ASSAM,Sorbhog,71
ASSAM,Tamulpur,72
ASSAM,Teok,73
ASSAM,Tezpur,74
ASSAM,Thowra,75
ASSAM,Tingkhong,76
ASSAM,Tinsukia,77
ASSAM,Titabar,78
ASSAM,Udalguri,79
ASSAM,Udharbond,80
BIHAR,Agiaon (SC),81
BIHAR,Alamnagar,82
BIHAR,Alauli (SC),83
BIHAR,Alinagar,84
BIHAR,Amarpur,85
BIHAR,Amnour,86
BIHAR,Amour,87
BIHAR,Araria,88
BIHAR,Arrah,89
BIHAR,Arwal,90
BIHAR,Asthawan,91
BIHAR,Atri,92
BIHAR,Aurai,93
BIHAR,Aurangabad,94
BIHAR,Babubarhi,95
BIHAR,Bachhwara,96
BIHAR,Bagaha,97
BIHAR,Bahadurganj,98
BIHAR,Bahadurpur,99
BIHAR,Baikunthpur,100
BIHAR,Baisi,1
BIHAR,Bajpatti,2
BIHAR,Bakhri (SC),3
BIHAR,Bakhtiarpur,4
BIHAR,Balrampur,5
BIHAR,Baniapur,6
BIHAR,Banka,7
BIHAR,Bankipur,8
BIHAR,Banmankhi (SC),9
BIHAR,Barachatti (SC),10
BIHAR,Barari,11
BIHAR,Barauli,12
BIHAR,Barbigha,13
BIHAR,Barh,14
BIHAR,Barhara,15
BIHAR,Barharia,16
BIHAR,Baruraj,17
BIHAR,Bathnaha (SC),18
BIHAR,Begusarai,19
BIHAR,Belaganj,20
BIHAR,Beldaur,21
BIHAR,Belhar,22
BIHAR,Belsand,23
BIHAR,Benipatti,24
BIHAR,Benipur,25
BIHAR,Bettiah,26
BIHAR,Bhabua,27
BIHAR,Bhagalpur,28
BIHAR,Bhorey (SC),29
BIHAR,Bibhutipur,30
BIHAR,Bihariganj,31
BIHAR,Biharsharif,32
BIHAR,Bihpur,33
BIHAR,Bikram,34
BIHAR,Bisfi,35
BIHAR,Bochaha (SC),36
BIHAR,Bodh Gaya (SC),37
BIHAR,Brahampur,38
BIHAR,Buxar,39
BIHAR,Chainpur,40
BIHAR,Chakai,41
BIHAR,Chanpatia,42
BIHAR,Chapra,43
BIHAR,Chenari (SC),44
BIHAR,Cheria Bariarpur,45
BIHAR,Chhatapur,46
BIHAR,Chiraia,47
BIHAR,Danapur,48
BIHAR,Darauli (SC),49
BIHAR,Daraundha,50
BIHAR,Darbhanga,51
BIHAR,Darbhanga Rural,52
BIHAR,Dehri,53
BIHAR,Dhaka,54
BIHAR,Dhamdaha,55
BIHAR,Dhauraiya (SC),56
BIHAR,Digha,57
BIHAR,Dinara,58
BIHAR,Dumraon,59
BIHAR,Ekma,60
BIHAR,Fatuha,61
BIHAR,Forbesganj,62
BIHAR,Gaighat,63
BIHAR,Garkha (SC),64
BIHAR,Gaura Bauram,65
BIHAR,Gaya Town,66
BIHAR,Ghosi,67
BIHAR,Gobindpur,68
BIHAR,Goh,69
BIHAR,Gopalganj,70
BIHAR,Gopalpur,71
BIHAR,Goriakothi,72
BIHAR,Govindganj,73
BIHAR,Gurua,74
BIHAR,Hajipur,75
BIHAR,Harlakhi,76
BIHAR,Harnaut,77
BIHAR,Harsidhi (SC),78
BIHAR,Hasanpur,79
BIHAR,Hathua,80
BIHAR,Hayaghat,81
BIHAR,Hilsa,82
BIHAR,Hisua,83
BIHAR,Imamganj (SC),84
BIHAR,Islampur,85
BIHAR,Jagdishpur,86
BIHAR,Jale,87
BIHAR,Jamalpur,88
BIHAR,Jamui,89
BIHAR,Jehanabad,90
BIHAR,Jhajha,91
BIHAR,Jhanjharpur,92
BIHAR,Jokihat,93
BIHAR,Kadwa,94
BIHAR,Kahalgaon,95
BIHAR,Kalyanpur,96
BIHAR,Kalyanpur (SC),97
BIHAR,Kanti,98
BIHAR,Karakat,99
BIHAR,Kargahar,100
BIHAR,Kasba,1
BIHAR,Katihar,2
BIHAR,Katoria (ST),3
BIHAR,Keoti,4
BIHAR,Kesaria,5
BIHAR,Khagaria,6
BIHAR,Khajauli,7
BIHAR,Kishanganj,8
BIHAR,Kochadhaman,9
BIHAR,Korha (SC),10
BIHAR,Kuchaikote,11
BIHAR,Kumhrar,12
BIHAR,Kurhani,13
BIHAR,Kurtha,14
BIHAR,Kusheshwar Asthan (SC),15
BIHAR,Kutumba (SC),16
BIHAR,Lakhisarai,17
BIHAR,Lalganj,18
BIHAR,Laukaha,19
BIHAR,Lauriya,20
BIHAR,Madhepura,21
BIHAR,Madhuban,22
BIHAR,Madhubani,23
BIHAR,Maharajganj,24
BIHAR,Mahishi,25
BIHAR,Mahnar,26
BIHAR,Mahua,27
BIHAR,Makhdumpur (SC),28
BIHAR,Maner,29
BIHAR,Manihari (ST),30
BIHAR,Manjhi,31
BIHAR,Marhaura,32
BIHAR,Masaurhi (SC),33
BIHAR,Matihani,34
BIHAR,Minapur,35
BIHAR,Mohania (SC),36
BIHAR,Mohiuddinnagar,37
BIHAR,Mokama,38
BIHAR,Morwa,39
BIHAR,Motihari,40
BIHAR,Munger,41
BIHAR,Muzaffarpur,42
BIHAR,Nabinagar,43
BIHAR,Nalanda,44
BIHAR,Narkatia,45
BIHAR,Narkatiaganj,46
BIHAR,Narpatganj,47
BIHAR,Nathnagar,48
BIHAR,Nautan,49
BIHAR,Nawada,50
BIHAR,Nirmali,51
BIHAR,Nokha,52
BIHAR,Obra,53
BIHAR,Paliganj,54
BIHAR,Parbatta,55
BIHAR,Parihar,56
BIHAR,Paroo,57
BIHAR,Parsa,58
BIHAR,Patepur (SC),59
BIHAR,Patna Sahib,60
BIHAR,Phulparas,61
BIHAR,Phulwari (SC),62
BIHAR,Pipra,63
BIHAR,Pirpainti (SC),64
BIHAR,Pranpur,65
BIHAR,Purnia,66
BIHAR,Rafiganj,67
BIHAR,Raghopur,68
BIHAR,Raghunathpur,69
BIHAR,Raja Pakar (SC),70
BIHAR,Rajauli (SC),71
BIHAR,Rajgir (SC),72
BIHAR,Rajnagar (SC),73
BIHAR,Rajpur (SC),74
BIHAR,Ramgarh,75
BIHAR,Ramnagar (SC),76
BIHAR,Raniganj (SC),77
BIHAR,Raxaul,78
BIHAR,Riga,79
BIHAR,Rosera (SC),80
BIHAR,Runnisaidpur,81
BIHAR,Rupauli,82
BIHAR,Saharsa,83
BIHAR,Sahebganj,84
BIHAR,Sahebpur Kamal,85
BIHAR,Sakra (SC),86
BIHAR,Samastipur,87
BIHAR,Sandesh,88
BIHAR,Sarairanjan,89
BIHAR,Sasaram,90
BIHAR,Shahpur,91
BIHAR,Sheikhpura,92
BIHAR,Sheohar,93
BIHAR,Sherghati,94
BIHAR,Sikandra (SC),95
BIHAR,Sikta,96
BIHAR,Sikti,97
BIHAR,Simri Bakhtiarpur,98
BIHAR,Singheshwar (SC),99
BIHAR,Sitamarhi,100
BIHAR,Siwan,1
BIHAR,Sonbarsha (SC),2
BIHAR,Sonepur,3
BIHAR,Sugauli,4
BIHAR,Sultanganj,5
BIHAR,Supaul,6
BIHAR,Sursand,7
BIHAR,Suryagarha,8
BIHAR,Taraiya,9
BIHAR,Tarapur,10
BIHAR,Tarari,11
BIHAR,Teghra,12
BIHAR,Thakurganj,13
BIHAR,Tikari,14
BIHAR,Triveniganj (SC),15
BIHAR,Ujiarpur,16
BIHAR,Vaishali,17
BIHAR,Valmiki Nagar,18
BIHAR,Warisnagar,19
BIHAR,Warsaliganj,20
BIHAR,Wazirganj,21
BIHAR,Ziradei,22
CHHATTISGARH,Abhanpur,23
CHHATTISGARH,Ahiwara (SC),24
CHHATTISGARH,Akaltara,25
CHHATTISGARH,Ambikapur,26
CHHATTISGARH,Antagarh (ST),27
CHHATTISGARH,Arang (SC),28
CHHATTISGARH,Baikunthpur,29
CHHATTISGARH,Baloda Bazar,30
CHHATTISGARH,Basna,31
CHHATTISGARH,Bastar (ST),32
CHHATTISGARH,Beltara,33
CHHATTISGARH,Bemetara,34
CHHATTISGARH,Bhanupratappur (ST),35
CHHATTISGARH,Bharatpur-Sonhat (S,36
CHHATTISGARH,Bhatapara,37
CHHATTISGARH,Bhatgaon,38
CHHATTISGARH,Bhilai Nagar,39
CHHATTISGARH,Bijapur (ST),40
CHHATTISGARH,Bilaigarh (SC),41
CHHATTISGARH,Bilaspur,42
CHHATTISGARH,Bilha,43
CHHATTISGARH,Bindranawagarh (ST),44
CHHATTISGARH,Chandrapur,45
CHHATTISGARH,Chitrakot (ST),46
CHHATTISGARH,Dantewada (ST),47
CHHATTISGARH,Dhamtari,48
CHHATTISGARH,Dharamjaigarh (ST),49
CHHATTISGARH,Dharsiwa,50
CHHATTISGARH,Dondi Lohara (ST),51
CHHATTISGARH,Dongargaon,52
CHHATTISGARH,Dongargarh (SC),53
CHHATTISGARH,Durg City,54
CHHATTISGARH,Durg-Rural,55
CHHATTISGARH,Gunderdehi,56
CHHATTISGARH,Jagdalpur,57
CHHATTISGARH,Jaijaipur,58
CHHATTISGARH,Janjgir-Champa,59
CHHATTISGARH,Jashpur (ST),60
CHHATTISGARH,Kanker (ST),61
CHHATTISGARH,Kasdol,62
CHHATTISGARH,Katghora,63
CHHATTISGARH,Kawardha,64
CHHATTISGARH,Keshkal (ST),65
CHHATTISGARH,Khairagarh,66
CHHATTISGARH,Khallari,67
CHHATTISGARH,Kharsia,68
CHHATTISGARH,Khujji,69
CHHATTISGARH,Kondagaon (ST),70
CHHATTISGARH,Konta (ST),71
CHHATTISGARH,Korba,72
CHHATTISGARH,Kota,73
CHHATTISGARH,Kunkuri (ST),74
CHHATTISGARH,Kurud,75
CHHATTISGARH,Lailunga (ST),76
CHHATTISGARH,Lormi,77
CHHATTISGARH,Lundra (ST),78
CHHATTISGARH,Mahasamund,79
CHHATTISGARH,Manendragarh,80
CHHATTISGARH,Marwahi (ST),81
CHHATTISGARH,Masturi (SC),82
CHHATTISGARH,Mohla-Manpur (ST),83
CHHATTISGARH,Mungeli (SC),84
CHHATTISGARH,Narayanpur (ST),85
CHHATTISGARH,Nawagarh (SC),86
CHHATTISGARH,Pali-Tanakhar (ST),87
CHHATTISGARH,Pamgarh (SC),88
CHHATTISGARH,Pandariya,89
CHHATTISGARH,Patan,90
CHHATTISGARH,Pathalgaon (ST),91
CHHATTISGARH,Pratappur (ST),92
CHHATTISGARH,Premnagar,93
CHHATTISGARH,Raigarh,94
CHHATTISGARH,Raipur City North,95
CHHATTISGARH,Raipur City South,96
CHHATTISGARH,Raipur City West,97
CHHATTISGARH,Raipur Rural,98
CHHATTISGARH,Rajim,99
CHHATTISGARH,Rajnandgaon,100
CHHATTISGARH,Ramanujganj (ST),1
CHHATTISGARH,Rampur (ST),2
CHHATTISGARH,Saja,3
CHHATTISGARH,Sakti,4
CHHATTISGARH,Samri (ST),5
CHHATTISGARH,Sanjari Balod,6
CHHATTISGARH,Saraipali (SC),7
CHHATTISGARH,Sarangarh (SC),8
CHHATTISGARH,Sihawa (ST),9
CHHATTISGARH,Sitapur (ST),10
CHHATTISGARH,Takhatpur,11
CHHATTISGARH,Vaishali Nagar,12
DELHI,Adarsh Nagar,13
DELHI,Ambedkar Nagar(SC),14
DELHI,Babarpur,15
DELHI,Badarpur,16
DELHI,Badli,17
DELHI,Ballimaran,18
DELHI,Bawana (SC),19
DELHI,Bijwasan,20
DELHI,Burari,21
DELHI,Chandni Chowk,22
DELHI,Chhatarpur,23
DELHI,Delhi Cantt,24
DELHI,Deoli (SC),25
DELHI,Dwarka,26
DELHI,Gandhi Nagar,27
DELHI,Ghonda,28
DELHI,Gokalpur (SC),29
DELHI,Greater Kailash,30
DELHI,Hari Nagar,31
DELHI,Janakpuri,32
DELHI,Jangpura,33
DELHI,Kalkaji,34
DELHI,Karawal Nagar,35
DELHI,Karol Bagh (SC),36
DELHI,Kasturba Nagar,37
DELHI,Kirari,38
DELHI,Kondli (SC),39
DELHI,Krishna Nagar,40
DELHI,Laxmi Nagar,41
DELHI,Madipur (SC),42
DELHI,Malviya Nagar,43
DELHI,Mangol Puri (SC),44
DELHI,Matia Mahal,45
DELHI,Matiala,46
DELHI,Mehrauli,47
DELHI,Model Town,48
DELHI,Moti Nagar,49
DELHI,Mundka,50
DELHI,Mustafabad,51
DELHI,Najafgarh,52
DELHI,Nangloi Jat,53
DELHI,Nerela,54
DELHI,New Delhi,55
DELHI,Okhla,56
DELHI,Palam,57
DELHI,Patel Nagar (SC),58
DELHI,Patparganj,59
DELHI,R.K. Puram,60
DELHI,Rajinder Nagar,61
DELHI,Rajouri Garden,62
DELHI,Rithala,63
DELHI,Rohini,64
DELHI,Rohtas Nagar,65
DELHI,Sadar Bazar,66
DELHI,Sangam Vihar,67
DELHI,Seelam Pur,68
DELHI,Seemapuri (SC),69
DELHI,Shahdara,70
DELHI,Shakur Basti,71
DELHI,Shalimar Bagh,72
DELHI,Sultan Pur Majra(SC),73
DELHI,Tilak Nagar,74
DELHI,Timarpur,75
DELHI,Tri Nagar,76
DELHI,Trilokpuri (SC),77
DELHI,Tughlakabad,78
DELHI,Uttam Nagar,79
DELHI,Vikaspuri,80
DELHI,Vishwas Nagar,81
DELHI,Wazirpur,82
GOA,Aldona,83
GOA,Benaulim,84
GOA,Bicholim,85
GOA,Calangute,86
GOA,Canacona,87
GOA,Cortalim,88
GOA,Cumbarjua,89
GOA,Cuncolim,90
GOA,Curchorem,91
GOA,Curtorim,92
GOA,Dabolim,93
GOA,Fatorda,94
GOA,Maem,95
GOA,Mandrem,96
GOA,Mapusa,97
GOA,Marcaim,98
GOA,Margao,99
GOA,Mormugao,100
GOA,Navelim,1
GOA,Nuvem,2
GOA,Panaji,3
GOA,Pernem (SC),4
GOA,Ponda,5
GOA,Poriem,6
GOA,Porvorim,7
GOA,Priol,8
GOA,Quepem,9
GOA,Saligao,10
GOA,Sanguem,11
GOA,Sanquelim,12
GOA,Sanvordem,13
GOA,Siolim,14
GOA,Siroda,15
GOA,St. Andre,16
GOA,St. Cruz,17
GOA,Taleigao,18
GOA,Tivim,19
GOA,Valpoi,20
GOA,Vasco-Da-Gama,21
GOA,Velim,22
GUJARAT,Abdasa,23
GUJARAT,Akota,24
GUJARAT,Amreli,25
GUJARAT,Anand,26
GUJARAT,Anjar,27
GUJARAT,Anklav,28
GUJARAT,Ankleshwar,29
GUJARAT,Balasinor,30
GUJARAT,Bardoli (SC),31
GUJARAT,Bayad,32
GUJARAT,Becharaji,33
GUJARAT,Bharuch,34
GUJARAT,Bhavnagar East,35
GUJARAT,Bhavnagar Rural,36
GUJARAT,Bhavnagar West,37
GUJARAT,Bhiloda (ST),38
GUJARAT,Bhuj,39
GUJARAT,Borsad,40
GUJARAT,Botad,41
GUJARAT,Chanasma,42
GUJARAT,Chhota Udaipur (ST,43
GUJARAT,Choryasi,44
GUJARAT,Chotila,45
GUJARAT,Dabhoi,46
GUJARAT,Dahegam,47
GUJARAT,Dahod (ST),48
GUJARAT,Dangs (ST),49
GUJARAT,Danta (ST),50
GUJARAT,Dasada (SC),51
GUJARAT,Daskroi,52
GUJARAT,Dediapada(ST),53
GUJARAT,Deesa,54
GUJARAT,Deodar,55
GUJARAT,Devgadhbaria,56
GUJARAT,Dhandhuka,57
GUJARAT,Dhanera,58
GUJARAT,Dharampur,59
GUJARAT,Dhari,60
GUJARAT,Dholka,61
GUJARAT,Dhoraji,62
GUJARAT,Dhrangadhra,63
GUJARAT,Dwarka,64
GUJARAT,Ellisbridge,65
GUJARAT,Fatepura (ST),66
GUJARAT,Gadhada (SC),67
GUJARAT,Gandevi (ST),68
GUJARAT,Gandhidham(SC),69
GUJARAT,Gandhinagar(North),70
GUJARAT,Gandhinagar(South),71
GUJARAT,Garbada (ST),72
GUJARAT,Gariadhar,73
GUJARAT,Ghatlodia,74
GUJARAT,Godhra,75
GUJARAT,Gondal,76
GUJARAT,Halol,77
GUJARAT,Himatnagar,78
GUJARAT,Idar (SC),79
GUJARAT,Jalalpore,80
GUJARAT,Jambusar,81
GUJARAT,Jamjodhpur,82
GUJARAT,Jamnagar,83
GUJARAT,Jamnagar North,84
GUJARAT,Jamnagar South,85
GUJARAT,Jasdan,86
GUJARAT,Jetpur,87
GUJARAT,Jetpur (ST),88
GUJARAT,Jhagadia (ST),89
GUJARAT,Jhalod (ST),90
GUJARAT,Junagadh,91
GUJARAT,Kadi (SC),92
GUJARAT,Kalavad (SC),93
GUJARAT,Kalol,94
GUJARAT,Kamrej,95
GUJARAT,Kankrej,96
GUJARAT,Kapadvanj,97
GUJARAT,Kaprada (ST),98
GUJARAT,Karjan,99
GUJARAT,Keshod,100
GUJARAT,Khambhalia,1
GUJARAT,Khambhat,2
GUJARAT,Khedbrahma(ST),3
GUJARAT,Kheralu,4
GUJARAT,Kodinar (SC),5
GUJARAT,Kutiyana,6
GUJARAT,Lathi,7
GUJARAT,Limbdi,8
GUJARAT,Limkheda (ST),9
GUJARAT,Lunawada,10
GUJARAT,Mahesana,11
GUJARAT,Mahudha,12
GUJARAT,Mahuva,13
GUJARAT,Mahuva (ST),14
GUJARAT,Manavadar,15
GUJARAT,Mandvi,16
GUJARAT,Mandvi (ST),17
GUJARAT,Mangrol,18
GUJARAT,Mangrol (ST),19
GUJARAT,Manjalpur,20
GUJARAT,Mansa,21
GUJARAT,Matar,22
GUJARAT,Mehmedabad,23
GUJARAT,Modasa,24
GUJARAT,Morbi,25
GUJARAT,Morva Hadaf,26
GUJARAT,Nadiad,27
GUJARAT,Nandod (ST),28
GUJARAT,Navsari,29
GUJARAT,Nizar (ST),30
GUJARAT,Olpad,31
GUJARAT,Padra,32
GUJARAT,Palanpur,33
GUJARAT,Palitana,34
GUJARAT,Pardi,35
GUJARAT,Patan,36
GUJARAT,Petlad,37
GUJARAT,Porbandar,38
GUJARAT,Prantij,39
GUJARAT,Radhanpur,40
GUJARAT,Rajkot East,41
GUJARAT,Rajkot Rural(SC),42
GUJARAT,Rajkot South,43
GUJARAT,Rajkot West,44
GUJARAT,Rajula,45
GUJARAT,Raopura,46
GUJARAT,Rapar,47
GUJARAT,Sanand,48
GUJARAT,Sankheda(ST),49
GUJARAT,Santrampur,50
GUJARAT,Savarkundla,51
GUJARAT,Savli,52
GUJARAT,Sayajigunj,53
GUJARAT,Shehra,54
GUJARAT,Sidhpur,55
GUJARAT,Sojitra,56
GUJARAT,Somnath,57
GUJARAT,Surat East,58
GUJARAT,Talaja,59
GUJARAT,Talala,60
GUJARAT,Tankara,61
GUJARAT,Tharad,62
GUJARAT,Thasra,63
GUJARAT,Umbergaon,64
GUJARAT,Umreth,65
GUJARAT,Una,66
GUJARAT,Unjha,67
GUJARAT,Vadgam (SC),68
GUJARAT,Vadodara City(SC),69
GUJARAT,Vaghodia,70
GUJARAT,Vagra,71
GUJARAT,Valsad,72
GUJARAT,Vansda (ST),73
GUJARAT,Vatva,74
GUJARAT,Vav,75
GUJARAT,Vejalpur,76
GUJARAT,Vijapur,77
GUJARAT,Viramgam,78
GUJARAT,Visavadar,79
GUJARAT,Visnagar,80
GUJARAT,Vyara (ST),81
GUJARAT,Wadhwan,82
GUJARAT,Wankaner,83
HARYANA,Adampur,84
HARYANA,Ambala Cantt.,85
HARYANA,Ambala City,86
HARYANA,Assandh,87
HARYANA,Ateli,88
HARYANA,Badhra,89
HARYANA,Badkhal,90
HARYANA,Badli,91
HARYANA,Badshahpur,92
HARYANA,Bahadurgarh,93
HARYANA,Ballabhgarh,94
HARYANA,Baroda,95
HARYANA,Barwala,96
HARYANA,Bawal (SC),97
HARYANA,Bawani Khera (SC),98
HARYANA,Beri,99
HARYANA,Bhiwani,100
HARYANA,Dabwali,1
HARYANA,Dadri,2
HARYANA,Ellenabad,3
HARYANA,Faridabad,4
HARYANA,Faridabad NIT,5
HARYANA,Fatehabad,6
HARYANA,Ferozepur Jhirka,7
HARYANA,Ganaur,8
HARYANA,Garhi Sampla-Kilo,9
HARYANA,Gharaunda,10
HARYANA,Gohana,11
HARYANA,Guhla (SC),12
HARYANA,Gurgaon,13
HARYANA,Hansi,14
HARYANA,Hathin,15
HARYANA,Hisar,16
HARYANA,Hodal (SC),17
HARYANA,Indri,18
HARYANA,Israna (SC),19
HARYANA,Jagadhri,20
HARYANA,Jhajjar (SC),21
HARYANA,Jind,22
HARYANA,Julana,23
HARYANA,Kaithal,24
HARYANA,Kalanaur (SC),25
HARYANA,Kalanwali (SC),26
HARYANA,Kalayat,27
HARYANA,Kalka,28
HARYANA,Karnal,29
HARYANA,Kharkhauda (SC),30
HARYANA,Kosli,31
HARYANA,Ladwa,32
HARYANA,Loharu,33
HARYANA,Mahendragarh,34
HARYANA,Meham,35
HARYANA,Mulana (SC),36
HARYANA,Nalwa,37
HARYANA,Nangal Chaudhry,38
HARYANA,Naraingarh,39
HARYANA,Narnaul,40
HARYANA,Narnaund,41
HARYANA,Narwana (SC),42
HARYANA,Nilokheri(SC),43
HARYANA,Nuh,44
HARYANA,Palwal,45
HARYANA,Panchkula,46
HARYANA,Panipat City,47
HARYANA,Panipat Rural,48
HARYANA,Pataudi (SC),49
HARYANA,Pehowa,50
HARYANA,Prithla,51
HARYANA,Punahana,52
HARYANA,Pundri,53
HARYANA,Radaur,54
HARYANA,Rai,55
HARYANA,Rania,56
HARYANA,Ratia (SC),57
HARYANA,Rewari,58
HARYANA,Rohtak,59
HARYANA,Sadhaura (SC),60
HARYANA,Safidon,61
HARYANA,Samalkha,62
HARYANA,Shahbad (SC),63
HARYANA,Sirsa,64
HARYANA,Sohna,65
HARYANA,Sonipat,66
HARYANA,Thanesar,67
HARYANA,Tigaon,68
HARYANA,Tohana,69
HARYANA,Tosham,70
HARYANA,Uchana Kalan,71
HARYANA,Uklana (SC),72
HARYANA,Yamunanagar,73
HIMACHAL PRADESH,Anni (SC),74
HIMACHAL PRADESH,Arki,75
HIMACHAL PRADESH,Baijnath (SC),76
HIMACHAL PRADESH,Balh (SC),77
HIMACHAL PRADESH,Banjar,78
HIMACHAL PRADESH,Barsar,79
HIMACHAL PRADESH,Bharmour (ST),80
HIMACHAL PRADESH,Bhattiyat,81
HIMACHAL PRADESH,Bhoranj (SC),82
HIMACHAL PRADESH,Bilaspur,83
HIMACHAL PRADESH,Chamba,84
HIMACHAL PRADESH,Chintpurni (SC),85
HIMACHAL PRADESH,Chopal,86
HIMACHAL PRADESH,Churah (SC),87
HIMACHAL PRADESH,Dalhousie,88
HIMACHAL PRADESH,Darang,89
HIMACHAL PRADESH,Dehra,90
HIMACHAL PRADESH,Dharampur,91
HIMACHAL PRADESH,Dharamshala,92
HIMACHAL PRADESH,Doon,93
HIMACHAL PRADESH,Fatehpur,94
HIMACHAL PRADESH,Gagret,95
HIMACHAL PRADESH,Ghumarwin,96
HIMACHAL PRADESH,Hamirpur,97
HIMACHAL PRADESH,Haroli,98
HIMACHAL PRADESH,Indora (SC),99
HIMACHAL PRADESH,Jaisinghpur (SC),100
HIMACHAL PRADESH,Jaswan-Pragpur,1
HIMACHAL PRADESH,Jawalamukhi,2
HIMACHAL PRADESH,Jawali,3
HIMACHAL PRADESH,Jhanduta (SC),4
HIMACHAL PRADESH,Jogindernagar,5
HIMACHAL PRADESH,Jubbal-Kotkhai,6
HIMACHAL PRADESH,Kangra,7
HIMACHAL PRADESH,Karsog (SC),8
HIMACHAL PRADESH,Kasauli (SC),9
HIMACHAL PRADESH,Kasumpti,10
HIMACHAL PRADESH,Kinnaur (ST),11
HIMACHAL PRADESH,Kullu,12
HIMACHAL PRADESH,Kutlehar,13
HIMACHAL PRADESH,Lahaul & Spiti (ST),14
HIMACHAL PRADESH,Manali,15
HIMACHAL PRADESH,Mandi,16
HIMACHAL PRADESH,Nachan (SC),17
HIMACHAL PRADESH,Nadaun,18
HIMACHAL PRADESH,Nagrota,19
HIMACHAL PRADESH,Nahan,20
HIMACHAL PRADESH,Nalagarh,21
HIMACHAL PRADESH,Nurpur,22
HIMACHAL PRADESH,Pachhad (SC),23
HIMACHAL PRADESH,Palampur,24
HIMACHAL PRADESH,Paonta Sahib,25
HIMACHAL PRADESH,Rampur (SC),26
HIMACHAL PRADESH,Rohru (SC),27
HIMACHAL PRADESH,Sarkaghat,28
HIMACHAL PRADESH,Seraj,29
HIMACHAL PRADESH,Shahpur,30
HIMACHAL PRADESH,Shillai,31
HIMACHAL PRADESH,Shimla,32
HIMACHAL PRADESH,Shimla Rural,33
HIMACHAL PRADESH,Solan (SC),34
HIMACHAL PRADESH,Sri Naina Deviji,35
HIMACHAL PRADESH,Sri Renukaji (SC,36
HIMACHAL PRADESH,Sujanpur,37
HIMACHAL PRADESH,Sullah,38
HIMACHAL PRADESH,Sundernagar,39
HIMACHAL PRADESH,Theog,40
HIMACHAL PRADESH,Una,41
JAMMU & KASHMIR,AKHNOOR,42
JAMMU & KASHMIR,AMIRA KADA,43
JAMMU & KASHMIR,ANANTNAG,44
JAMMU & KASHMIR,BADGAM,45
JAMMU & KASHMIR,BANDIPORA,46
JAMMU & KASHMIR,BANI,47
JAMMU & KASHMIR,BANIHAL,48
JAMMU & KASHMIR,BARAMULA,49
JAMMU & KASHMIR,BASOHLI,50
JAMMU & KASHMIR,BATAMALOO,51
JAMMU & KASHMIR,BEERWAH,52
JAMMU & KASHMIR,BHADERWAH,53
JAMMU & KASHMIR,BIJBEHARA,54
JAMMU & KASHMIR,BILLAWAR,55
JAMMU & KASHMIR,BISHNAH,56
JAMMU & KASHMIR,CHADOORA,57
JAMMU & KASHMIR,CHENANI,58
JAMMU & KASHMIR,CHHAMB,59
JAMMU & KASHMIR,CHRAR SHAR,60
JAMMU & KASHMIR,DARHAL,61
JAMMU & KASHMIR,DEVSAR,62
JAMMU & KASHMIR,DODA,63
JAMMU & KASHMIR,DORU,64
JAMMU & KASHMIR,EIDGAH,65
JAMMU & KASHMIR,GANDERBAL,66
JAMMU & KASHMIR,GANDHI NAGAR,67
JAMMU & KASHMIR,GOOL-ARNAS,68
JAMMU & KASHMIR,GULABGARH,69
JAMMU & KASHMIR,GULMARG,70
JAMMU & KASHMIR,GUREZ,71
JAMMU & KASHMIR,HABBA KADA,72
JAMMU & KASHMIR,HANDWARA,73
JAMMU & KASHMIR,HAZRATBAL,74
JAMMU & KASHMIR,HIRA NAGAR,75
JAMMU & KASHMIR,HOM SHALI,76
JAMMU & KASHMIR,INDERWAL,77
JAMMU & KASHMIR,JAMMU EAST,78
JAMMU & KASHMIR,JAMMU WEST,79
JAMMU & KASHMIR,KALA KOTE,80
JAMMU & KASHMIR,KANGAN,81
JAMMU & KASHMIR,KARGIL,82
JAMMU & KASHMIR,KARNAH,83
JAMMU & KASHMIR,KATHUA,84
JAMMU & KASHMIR,KHAN SAHEB,85
JAMMU & KASHMIR,KHANIYAR,86
JAMMU & KASHMIR,KISHTWAR,87
JAMMU & KASHMIR,KOKERNAG,88
JAMMU & KASHMIR,KULGAM,89
JAMMU & KASHMIR,KUPWARA,90
JAMMU & KASHMIR,LANGATE,91
JAMMU & KASHMIR,LEH,92
JAMMU & KASHMIR,LOLAB,93
JAMMU & KASHMIR,MARH,94
JAMMU & KASHMIR,MENDHAR,95
JAMMU & KASHMIR,NAGROTA,96
JAMMU & KASHMIR,NAUSHEHRA,97
JAMMU & KASHMIR,NOORABAD,98
JAMMU & KASHMIR,NURBRA,99
JAMMU & KASHMIR,PAHALGAM,100
JAMMU & KASHMIR,PAMPORE,1
JAMMU & KASHMIR,PATTAN,2
JAMMU & KASHMIR,POONCH HAVELI,3
JAMMU & KASHMIR,PULWAMA,4
JAMMU & KASHMIR,RAFIABAD,5
JAMMU & KASHMIR,RAIPUR DOMANA,6
JAMMU & KASHMIR,RAJAURI,7
JAMMU & KASHMIR,RAJPORA,8
JAMMU & KASHMIR,RAM NAGAR,9
JAMMU & KASHMIR,RAMBAN,10
JAMMU & KASHMIR,RANBIR SINGH PURA,11
JAMMU & KASHMIR,REASI,12
JAMMU & KASHMIR,SAMBA,13
JAMMU & KASHMIR,SANGRAMA,14
JAMMU & KASHMIR,SHANGUS,15
JAMMU & KASHMIR,SHOPIAN,16
JAMMU & KASHMIR,SONAWAR,17
JAMMU & KASHMIR,SONAWARI,18
JAMMU & KASHMIR,SOPORE,19
JAMMU & KASHMIR,SUCHET GARH,20
JAMMU & KASHMIR,SURAN KOTE,21
JAMMU & KASHMIR,TRAL,22
JAMMU & KASHMIR,UDHAMPUR,23
JAMMU & KASHMIR,URI,24
JAMMU & KASHMIR,VIJAYPUR,25
JAMMU & KASHMIR,WACHI,26
JAMMU & KASHMIR,ZADIBAL,27
JAMMU & KASHMIR,ZANSKAR,28
JHARKHAND,BAGHMARA,29
JHARKHAND,BAGODAR,30
JHARKHAND,BAHARAGORA,31
JHARKHAND,BARHAIT (ST),32
JHARKHAND,BARHI,33
JHARKHAND,BARKAGAON,34
JHARKHAND,BARKATHA,35
JHARKHAND,BERMO,36
JHARKHAND,BHAWANATHPUR,37
JHARKHAND,BISHNUPUR (ST),38
JHARKHAND,BISHRAMPUR,39
JHARKHAND,BOKARO,40
JHARKHAND,BORIO (ST),41
JHARKHAND,CHAIBASA (ST),42
JHARKHAND,CHAKRADHARPUR (ST),43
JHARKHAND,CHANDANKIYARI (SC),44
JHARKHAND,CHATRA (SC),45
JHARKHAND,CHHATARPUR (SC),46
JHARKHAND,DALTONGANJ,47
JHARKHAND,DEOGHAR (SC),48
JHARKHAND,DHANBAD,49
JHARKHAND,DHANWAR,50
JHARKHAND,DUMKA (ST),51
JHARKHAND,DUMRI,52
JHARKHAND,GANDEY,53
JHARKHAND,GARHWA,54
JHARKHAND,GHATSILA (ST),55
JHARKHAND,GIRIDIH,56
JHARKHAND,GODDA,57
JHARKHAND,GOMIA,58
JHARKHAND,GUMLA (ST),59
JHARKHAND,HATIA,60
JHARKHAND,HAZARIBAGH,61
JHARKHAND,HUSSAINABAD,62
JHARKHAND,ICHAGARH,63
JHARKHAND,JAGANATHPUR (ST),64
JHARKHAND,JAMA (ST),65
JHARKHAND,JAMSHEDPUR EAST,66
JHARKHAND,JAMSHEDPUR WEST,67
JHARKHAND,JAMTARA,68
JHARKHAND,JAMUA (SC),69
JHARKHAND,JARMUNDI,70
JHARKHAND,JHARIA,71
JHARKHAND,JUGSALAI (SC),72
JHARKHAND,KANKE (SC),73
JHARKHAND,KHARASAWAN (ST),74
JHARKHAND,KHIJRI (ST),75
JHARKHAND,KHUNTI (ST),76
JHARKHAND,KODARMA,77
JHARKHAND,KOLEBIRA (ST),78
JHARKHAND,LATEHAR (SC),79
JHARKHAND,LITIPARA (ST),80
JHARKHAND,LOHARDAGA (ST),81
JHARKHAND,MADHUPUR,82
JHARKHAND,MAHAGAMA,83
JHARKHAND,MAHESHPUR (ST),84
JHARKHAND,MAJHGAON (ST),85
JHARKHAND,MANDAR (ST),86
JHARKHAND,MANDU,87
JHARKHAND,MANIKA (ST),88
JHARKHAND,MANOHARPUR (ST),89
JHARKHAND,NALA,90
JHARKHAND,NIRSA,91
JHARKHAND,PAKAUR,92
JHARKHAND,PANKI,93
JHARKHAND,POREYAHAT,94
JHARKHAND,POTKA (ST),95
JHARKHAND,RAJMAHAL,96
JHARKHAND,RAMGARH,97
JHARKHAND,RANCHI,98
JHARKHAND,SARATH,99
JHARKHAND,SERAIKELLA (ST),100
JHARKHAND,SIKARIPARA (ST),1
JHARKHAND,SILLI,2
JHARKHAND,SIMARIA (SC),3
JHARKHAND,SIMDEGA (ST),4
JHARKHAND,SINDRI,5
JHARKHAND,SISAI (ST),6
JHARKHAND,TAMAR (ST),7
JHARKHAND,TORPA (ST),8
JHARKHAND,TUNDI,9
KARNATAKA,Afzalpur,10
KARNATAKA,Aland,11
KARNATAKA,Anekal (SC),12
KARNATAKA,Arabhavi,13
KARNATAKA,Arkalgud,14
KARNATAKA,Arsikere,15
KARNATAKA,Athani,16
KARNATAKA,Aurad (SC),17
KARNATAKA,B.T.M Layout,18
KARNATAKA,Babaleshwar,19
KARNATAKA,Badami,20
KARNATAKA,Bagalkot,21
KARNATAKA,Bagepalli,22
KARNATAKA,Bailhongal,23
KARNATAKA,Bangalore South,24
KARNATAKA,Bangarapet (SC),25
KARNATAKA,Bantval,26
KARNATAKA,Basavakalyan,27
KARNATAKA,Basavana Bagevadi,28
KARNATAKA,Basavanagudi,29
KARNATAKA,Belgaum Dakshin,30
KARNATAKA,Belgaum Rural,31
KARNATAKA,Belgaum Uttar,32
KARNATAKA,Bellary (ST),33
KARNATAKA,Bellary City,34
KARNATAKA,Belthangady,35
KARNATAKA,Belur,36
KARNATAKA,Bhadravati,37
KARNATAKA,Bhalki,38
KARNATAKA,Bhatkal,39
KARNATAKA,Bidar,40
KARNATAKA,Bidar South,41
KARNATAKA,Bijapur City,42
KARNATAKA,Bilgi,43
KARNATAKA,Bommanahalli,44
KARNATAKA,Byadgi,45
KARNATAKA,Byatarayanapura,46
KARNATAKA,Byndoor,47
KARNATAKA,C.V. Raman Nagar(SC),48
KARNATAKA,Challakere (ST),49
KARNATAKA,Chamaraja,50
KARNATAKA,Chamarajanagar,51
KARNATAKA,Chamrajpet,52
KARNATAKA,Chamundeshwari,53
KARNATAKA,Channagiri,54
KARNATAKA,Channapatna,55
KARNATAKA,Chickpet,56
KARNATAKA,Chikkaballapur,57
KARNATAKA,Chikkodi-Sadalga,58
KARNATAKA,Chikmagalur,59
KARNATAKA,Chiknayakanhalli,60
KARNATAKA,Chincholi (SC),61
KARNATAKA,Chintamani,62
KARNATAKA,Chitradurga,63
KARNATAKA,Chittapur (SC),64
KARNATAKA,Dasarahalli,65
KARNATAKA,Davanagere North,66
KARNATAKA,Davanagere South,67
KARNATAKA,Devadurga (ST),68
KARNATAKA,Devanahalli (SC),69
KARNATAKA,Devar Hippargi,70
KARNATAKA,Dharwad,71
KARNATAKA,Doddaballapur,72
KARNATAKA,Gadag,73
KARNATAKA,Gandhi Nagar,74
KARNATAKA,Gangawati,75
KARNATAKA,Gauribidanur,76
KARNATAKA,Gokak,77
KARNATAKA,Govindraj Nagar,78
KARNATAKA,Gubbi,79
KARNATAKA,Gulbarga Dakshin,80
KARNATAKA,Gulbarga Rural(SC),81
KARNATAKA,Gulbarga Uttar,82
KARNATAKA,Gundlupet,83
KARNATAKA,Gurmitkal,84
KARNATAKA,Hadagalli (SC),85
KARNATAKA,Hagaribommanahalli(SC),86
KARNATAKA,Haliyal,87
KARNATAKA,Hangal,88
KARNATAKA,Hanur,89
KARNATAKA,Harapanahalli,90
KARNATAKA,Harihar,91
KARNATAKA,Hassan,92
KARNATAKA,Haveri (SC),93
KARNATAKA,Hebbal,94
KARNATAKA,Heggadadevankote(ST),95
KARNATAKA,Hirekerur,96
KARNATAKA,Hiriyur,97
KARNATAKA,Holalkere (SC),98
KARNATAKA,Holenarasipur,99
KARNATAKA,Homnabad,100
KARNATAKA,Honnali,1
KARNATAKA,Hosadurga,2
KARNATAKA,Hosakote,3
KARNATAKA,Hubli-Dharwad- West,4
KARNATAKA,Hubli-Dharwad-Central,5
KARNATAKA,Hubli-Dharwad-East(SC),6
KARNATAKA,Hukkeri,7
KARNATAKA,Hungund,8
KARNATAKA,Hunsur,9
KARNATAKA,Indi,10
KARNATAKA,Jagalur (ST),11
KARNATAKA,Jamkhandi,12
KARNATAKA,Jayanagar,13
KARNATAKA,Jevargi,14
KARNATAKA,K.R.Pura,15
KARNATAKA,Kadur,16
KARNATAKA,Kagwad,17
KARNATAKA,Kalghatgi,18
KARNATAKA,Kampli (ST),19
KARNATAKA,Kanakagiri (SC),20
KARNATAKA,Kanakapura,21
KARNATAKA,Kapu,22
KARNATAKA,Karkal,23
KARNATAKA,Karwar,24
KARNATAKA,Khanapur,25
KARNATAKA,Kittur,26
KARNATAKA,Kolar,27
KARNATAKA,Kolar Gold Field(SC),28
KARNATAKA,Kollegal (SC),29
KARNATAKA,Koppal,30
KARNATAKA,Koratagere (SC),31
KARNATAKA,Krishnaraja,32
KARNATAKA,Krishnarajanagara,33
KARNATAKA,Krishnarajpet,34
KARNATAKA,Kudachi (SC),35
KARNATAKA,Kudligi (ST),36
KARNATAKA,Kumta,37
KARNATAKA,Kundapura,38
KARNATAKA,Kundgol,39
KARNATAKA,Kunigal,40
KARNATAKA,Kushtagi,41
KARNATAKA,Lingsugur (SC),42
KARNATAKA,Maddur,43
KARNATAKA,Madhugiri,44
KARNATAKA,Madikeri,45
KARNATAKA,Magadi,46
KARNATAKA,Mahadevapura,47
KARNATAKA,Mahalakshmi Layout,48
KARNATAKA,Malavalli (SC),49
KARNATAKA,Malleshwaram,50
KARNATAKA,Malur,51
KARNATAKA,Mandya,52
KARNATAKA,Mangalore,53
KARNATAKA,Mangalore City North,54
KARNATAKA,Mangalore City South,55
KARNATAKA,Manvi (ST),56
KARNATAKA,Maski (ST),57
KARNATAKA,Mayakonda (SC),58
KARNATAKA,Melukote,59
KARNATAKA,Molakalmuru (ST),60
KARNATAKA,Moodabidri,61
KARNATAKA,Muddebihal,62
KARNATAKA,Mudhol (SC),63
KARNATAKA,Mudigere (SC),64
KARNATAKA,Mulbagal (SC),65
KARNATAKA,Nagamangala,66
KARNATAKA,Nagthan (SC),67
KARNATAKA,Nanjangud (SC),68
KARNATAKA,Narasimharaja,69
KARNATAKA,Nargund,70
KARNATAKA,Navalgund,71
KARNATAKA,Nelamangala (SC),72
KARNATAKA,Nippani,73
KARNATAKA,Padmanaba Nagar,74
KARNATAKA,Pavagada (SC),75
KARNATAKA,Piriyapatna,76
KARNATAKA,Pulakeshinagar(SC),77
KARNATAKA,Puttur,78
KARNATAKA,Raichur,79
KARNATAKA,Raichur Rural (ST),80
KARNATAKA,Rajaji Nagar,81
KARNATAKA,Rajarajeshwarinagar,82
KARNATAKA,Ramanagaram,83
KARNATAKA,Ramdurg,84
KARNATAKA,Ranibennur,85
KARNATAKA,Raybag (SC),86
KARNATAKA,Ron,87
KARNATAKA,Sagar,88
KARNATAKA,Sakleshpur (SC),89
KARNATAKA,Sandur (ST),90
KARNATAKA,Sarvagnanagar,91
KARNATAKA,Saundatti Yellamma,92
KARNATAKA,Sedam,93
KARNATAKA,Shahapur,94
KARNATAKA,Shanti Nagar,95
KARNATAKA,Shiggaon,96
KARNATAKA,Shikaripura,97
KARNATAKA,Shimoga,98
KARNATAKA,Shimoga Rural (SC),99
KARNATAKA,Shirahatti (SC),100
KARNATAKA,Shivajinagar,1
KARNATAKA,Shorapur (ST),2
KARNATAKA,Shravanabelagola,3
KARNATAKA,Shrirangapattana,4
KARNATAKA,Sidlaghatta,5
KARNATAKA,Sindgi,6
KARNATAKA,Sindhanur,7
KARNATAKA,Sira,8
KARNATAKA,Sirsi,9
KARNATAKA,Siruguppa (ST),10
KARNATAKA,Sorab,11
KARNATAKA,Sringeri,12
KARNATAKA,Srinivaspur,13
KARNATAKA,Sullia (SC),14
KARNATAKA,T.Narasipur (SC),15
KARNATAKA,Tarikere,16
KARNATAKA,Terdal,17
KARNATAKA,Tiptur,18
KARNATAKA,Tirthahalli,19
KARNATAKA,Tumkur City,20
KARNATAKA,Tumkur Rural,21
KARNATAKA,Turuvekere,22
KARNATAKA,Udupi,23
KARNATAKA,Varuna,24
KARNATAKA,Vijay Nagar,25
KARNATAKA,Vijayanagara,26
KARNATAKA,Virajpet,27
KARNATAKA,Yadgir,28
KARNATAKA,Yelahanka,29
KARNATAKA,Yelburga,30
KARNATAKA,Yellapur,31
KARNATAKA,Yemkanmardi (ST),32
KARNATAKA,Yeshvanthapura,33
KERALA,Adoor (SC),34
KERALA,Alappuzha,35
KERALA,Alathur,36
KERALA,Aluva,37
KERALA,Ambalappuzha,38
KERALA,Angamaly,39
KERALA,Aranmula,40
KERALA,Aroor,41
KERALA,Aruvikkara,42
KERALA,Attingal (SC),43
KERALA,Azhikode,44
KERALA,Balusseri (SC),45
KERALA,Beypore,46
KERALA,Chadayamangalam,47
KERALA,Chalakudy,48
KERALA,Changanassery,49
KERALA,Chathannoor,50
KERALA,Chavara,51
KERALA,Chelakkara (SC),52
KERALA,Chengannur,53
KERALA,Cherthala,54
KERALA,Chirayinkeezhu,55
KERALA,Chittur,56
KERALA,Devikulam (SC),57
KERALA,Dharmadam,58
KERALA,Elathur,59
KERALA,Eravipuram,60
KERALA,Ernad,61
KERALA,Ernakulam,62
KERALA,Ettumanoor,63
KERALA,Guruvayoor,64
KERALA,Haripad,65
KERALA,Idukki,66
KERALA,Irikkur,67
KERALA,Irinjalakuda,68
KERALA,Kaduthuruthy,69
KERALA,Kaipamangalam,70
KERALA,Kalamassery,71
KERALA,Kalliasseri,72
KERALA,Kalpetta,73
KERALA,Kanhangad,74
KERALA,Kanjirappally,75
KERALA,Kannur,76
KERALA,Karunagappally,77
KERALA,Kasaragod,78
KERALA,Kattakkada,79
KERALA,Kayamkulam,80
KERALA,Kazhakoottam,81
KERALA,Kochi,82
KERALA,Kodungallur,83
KERALA,Koduvally,84
KERALA,Kollam,85
KERALA,Kondotty,86
KERALA,Kongad(SC),87
KERALA,Konni,88
KERALA,Kothamangalam,89
KERALA,Kottakkal,90
KERALA,Kottarakkara,91
KERALA,Kottayam,92
KERALA,Kovalam,93
KERALA,Kozhikode North,94
KERALA,Kozhikode South,95
KERALA,Kundara,96
KERALA,Kunnamangalam,97
KERALA,Kunnamkulam,98
KERALA,Kunnathunad (SC),99
KERALA,Kunnathur (SC),100
KERALA,Kuthuparamba,1
KERALA,Kuttanad,2
KERALA,Kuttiadi,3
KERALA,Ma njeshwar,4
KERALA,Malampuzha,5
KERALA,Malappuram,6
KERALA,Manalur,7
KERALA,Mananthavady (ST),8
KERALA,Manjeri,9
KERALA,Mankada,10
KERALA,Mannarkkad,11
KERALA,Mattannur,12
KERALA,Mavelikkara (SC),13
KERALA,Muvattupuzha,14
KERALA,Nadapuram,15
KERALA,Nattika(SC),16
KERALA,Nedumangad,17
KERALA,Nemmara,18
KERALA,Nemom,19
KERALA,Neyyattinkara,20
KERALA,Nilambur,21
KERALA,Ollur,22
KERALA,Ottappalam,23
KERALA,Pala,24
KERALA,Palakkad,25
KERALA,Parassala,26
KERALA,Paravur,27
KERALA,Pathanapuram,28
KERALA,Pattambi,29
KERALA,Payyannur,30
KERALA,Peerumade,31
KERALA,Perambra,32
KERALA,Peravoor,33
KERALA,Perinthalmanna,34
KERALA,Perumbavoor,35
KERALA,Piravom,36
KERALA,Ponnani,37
KERALA,Poonjar,38
KERALA,Punalur,39
KERALA,Puthukkad,40
KERALA,Puthuppally,41
KERALA,Quilandy,42
KERALA,Ranni,43
KERALA,Shornur,44
KERALA,Sulthanbathery (S,45
KERALA,Taliparamba,46
KERALA,Tanur,47
KERALA,Tarur (SC),48
KERALA,Thalassery,49
KERALA,Thavanur,50
KERALA,Thiruvalla,51
KERALA,Thiruvambadi,52
KERALA,Thiruvananthapura,53
KERALA,Thodupuzha,54
KERALA,Thrikkakara,55
KERALA,Thripunithura,56
KERALA,Thrissur,57
KERALA,Thrithala,58
KERALA,Tirur,59
KERALA,Tirurangadi,60
KERALA,Trikaripur,61
KERALA,Udma,62
KERALA,Udumbanchola,63
KERALA,Vadakara,64
KERALA,Vaikom (SC),65
KERALA,Vallikunnu,66
KERALA,Vamanapuram,67
KERALA,Varkala,68
KERALA,Vattiyoorkavu(SC),69
KERALA,Vengara,70
KERALA,Vypeen,71
KERALA,Wadakkanchery,72
KERALA,Wandoor (SC),73
MADHYA PRADESH,Agar (SC),74
MADHYA PRADESH,Alirajpur (ST),75
MADHYA PRADESH,Alot (SC),76
MADHYA PRADESH,Amarpatan,77
MADHYA PRADESH,Amarwara (ST),78
MADHYA PRADESH,Ambah (SC),79
MADHYA PRADESH,Amla (SC),80
MADHYA PRADESH,Anuppur (ST),81
MADHYA PRADESH,Ashok Nagar (SC),82
MADHYA PRADESH,Ashta (SC),83
MADHYA PRADESH,Ater,84
MADHYA PRADESH,Badnagar,85
MADHYA PRADESH,Badnawar,86
MADHYA PRADESH,Badwah,87
MADHYA PRADESH,Badwani (ST),88
MADHYA PRADESH,Bagali (ST),89
MADHYA PRADESH,Bahoriband,90
MADHYA PRADESH,Baihar (ST),91
MADHYA PRADESH,Balaghat,92
MADHYA PRADESH,Bamori,93
MADHYA PRADESH,Banda,94
MADHYA PRADESH,Bandhavgarh (ST),95
MADHYA PRADESH,Barghat (ST),96
MADHYA PRADESH,Bargi,97
MADHYA PRADESH,Barwara (ST),98
MADHYA PRADESH,Basoda,99
MADHYA PRADESH,Beohari (ST),100
MADHYA PRADESH,Berasia (SC),1
MADHYA PRADESH,Betul,2
MADHYA PRADESH,Bhagwanpura(ST),3
MADHYA PRADESH,Bhainsdehi (ST),4
MADHYA PRADESH,Bhander (SC),5
MADHYA PRADESH,Bhikangaon (ST),6
MADHYA PRADESH,Bhind,7
MADHYA PRADESH,Bhitarwar,8
MADHYA PRADESH,Bhojpur,9
MADHYA PRADESH,Bhopal Dakshin-Paschim,10
MADHYA PRADESH,Bhopal Madhya,11
MADHYA PRADESH,Bhopal Uttar,12
MADHYA PRADESH,Biaora,13
MADHYA PRADESH,Bichhiya (ST),14
MADHYA PRADESH,Bijawar,15
MADHYA PRADESH,Bina (SC),16
MADHYA PRADESH,Budhni,17
MADHYA PRADESH,Burhanpur,18
MADHYA PRADESH,Chachoura,19
MADHYA PRADESH,Chanderi,20
MADHYA PRADESH,Chandla (SC),21
MADHYA PRADESH,Chhatarpur,22
MADHYA PRADESH,Chhindwara,23
MADHYA PRADESH,Chitrakoot,24
MADHYA PRADESH,Chitrangi (ST),25
MADHYA PRADESH,Churai,26
MADHYA PRADESH,Churhat,27
MADHYA PRADESH,Dabra (SC),28
MADHYA PRADESH,Damoh,29
MADHYA PRADESH,Datia,30
MADHYA PRADESH,Deori,31
MADHYA PRADESH,Deotalab,32
MADHYA PRADESH,Depalpur,33
MADHYA PRADESH,Devsar (SC),34
MADHYA PRADESH,Dewas,35
MADHYA PRADESH,Dhar,36
MADHYA PRADESH,Dharampuri (ST),37
MADHYA PRADESH,Dhauhani (ST),38
MADHYA PRADESH,Dimani,39
MADHYA PRADESH,Dindori (ST),40
MADHYA PRADESH,Dr. Ambedkar Nagar-Mhow,41
MADHYA PRADESH,Gadarwara,42
MADHYA PRADESH,Gandhwani (ST),43
MADHYA PRADESH,Garoth,44
MADHYA PRADESH,Ghatiya (SC),45
MADHYA PRADESH,Ghoradongri (ST),46
MADHYA PRADESH,Gohad (SC),47
MADHYA PRADESH,Gotegaon (SC),48
MADHYA PRADESH,Govindpura,49
MADHYA PRADESH,Guna (SC),50
MADHYA PRADESH,Gunnaor (SC),51
MADHYA PRADESH,Gurh,52
MADHYA PRADESH,Gwalior,53
MADHYA PRADESH,Gwalior East,54
MADHYA PRADESH,Gwalior Rural,55
MADHYA PRADESH,Gwalior South,56
MADHYA PRADESH,Harda,57
MADHYA PRADESH,Harsud (ST),58
MADHYA PRADESH,Hatpipliya,59
MADHYA PRADESH,Hatta (SC),60
MADHYA PRADESH,Hoshangabad,61
MADHYA PRADESH,Huzur,62
MADHYA PRADESH,Ichhawar,63
MADHYA PRADESH,Indore-1,64
MADHYA PRADESH,Jabalpur Cantt.,65
MADHYA PRADESH,Jabalpur Paschim,66
MADHYA PRADESH,Jabalpur Purba(SC),67
MADHYA PRADESH,Jabalpur Uttar,68
MADHYA PRADESH,Jabera,69
MADHYA PRADESH,Jaisinghnagar (ST),70
MADHYA PRADESH,Jaitpur (ST),71
MADHYA PRADESH,Jaora,72
MADHYA PRADESH,Jatara (SC),73
MADHYA PRADESH,Jawad,74
MADHYA PRADESH,Jhabua (ST),75
MADHYA PRADESH,Jobat (ST),76
MADHYA PRADESH,Joura,77
MADHYA PRADESH,Junnardeo (ST),78
MADHYA PRADESH,Kalapipal,79
MADHYA PRADESH,Karera (SC),80
MADHYA PRADESH,Kasrawad,81
MADHYA PRADESH,Katangi,82
MADHYA PRADESH,Keolari,83
MADHYA PRADESH,Khandwa (SC),84
MADHYA PRADESH,Khargapur,85
MADHYA PRADESH,Khargone,86
MADHYA PRADESH,Khategaon,87
MADHYA PRADESH,Khilchipur,88
MADHYA PRADESH,Khurai,89
MADHYA PRADESH,Kolaras,90
MADHYA PRADESH,Kotma,91
MADHYA PRADESH,Kukshi (ST),92
MADHYA PRADESH,Kurwai (SC),93
MADHYA PRADESH,Lahar,94
MADHYA PRADESH,Lakhnadon(ST),95
MADHYA PRADESH,Lanji,96
MADHYA PRADESH,Maharajpur,97
MADHYA PRADESH,Maheshwar (SC),98
MADHYA PRADESH,Mahidpur,99
MADHYA PRADESH,Maihar,100
MADHYA PRADESH,Malhara,1
MADHYA PRADESH,Malhargarh (SC),2
MADHYA PRADESH,Manasa,3
MADHYA PRADESH,Manawar (ST),4
MADHYA PRADESH,Mandhata,5
MADHYA PRADESH,Mandla (ST),6
MADHYA PRADESH,Mandsour,7
MADHYA PRADESH,Mangawan (SC),8
MADHYA PRADESH,Manpur (ST),9
MADHYA PRADESH,Mauganj,10
MADHYA PRADESH,Mehgaon,11
MADHYA PRADESH,Morena,12
MADHYA PRADESH,Multai,13
MADHYA PRADESH,Mungaoli,14
MADHYA PRADESH,Murwara,15
MADHYA PRADESH,Nagada-Khachrod,16
MADHYA PRADESH,Nagod,17
MADHYA PRADESH,Narela,18
MADHYA PRADESH,Narsinghgarh,19
MADHYA PRADESH,Narsingpur,20
MADHYA PRADESH,Naryoli (SC),21
MADHYA PRADESH,Neemuch,22
MADHYA PRADESH,Nepanagar (ST),23
MADHYA PRADESH,Niwari,24
MADHYA PRADESH,Niwas (ST),25
MADHYA PRADESH,Panagar,26
MADHYA PRADESH,Pandhana (ST),27
MADHYA PRADESH,Pandhurna (ST),28
MADHYA PRADESH,Panna,29
MADHYA PRADESH,Pansemal (ST),30
MADHYA PRADESH,Parasia (SC),31
MADHYA PRADESH,Paraswada,32
MADHYA PRADESH,Patan,33
MADHYA PRADESH,Pathariya,34
MADHYA PRADESH,Pawai,35
MADHYA PRADESH,Petlawad (ST),36
MADHYA PRADESH,Pichhore,37
MADHYA PRADESH,Pipariya (SC),38
MADHYA PRADESH,Pohari,39
MADHYA PRADESH,Prithvipur,40
MADHYA PRADESH,Pushprajgarh (ST),41
MADHYA PRADESH,Raghogarh,42
MADHYA PRADESH,Raigaon (SC),43
MADHYA PRADESH,Rajgarh,44
MADHYA PRADESH,Rajnagar,45
MADHYA PRADESH,Rajpur (ST),46
MADHYA PRADESH,Rampur-Baghelan,47
MADHYA PRADESH,Ratlam City,48
MADHYA PRADESH,Ratlam Rural (ST),49
MADHYA PRADESH,Rau,50
MADHYA PRADESH,Rehli,51
MADHYA PRADESH,Rewa,52
MADHYA PRADESH,Sabalgarh,53
MADHYA PRADESH,Sagar,54
MADHYA PRADESH,Sailana (ST),55
MADHYA PRADESH,Sanchi (SC),56
MADHYA PRADESH,Sanwer (SC),57
MADHYA PRADESH,Sarangpur (SC),58
MADHYA PRADESH,Sardarpur (ST),59
MADHYA PRADESH,Satna,60
MADHYA PRADESH,Saunsar,61
MADHYA PRADESH,Sehore,62
MADHYA PRADESH,Semariya,63
MADHYA PRADESH,Sendhawa (ST),64
MADHYA PRADESH,Seoni,65
MADHYA PRADESH,Seoni-Malwa,66
MADHYA PRADESH,Sewda,67
MADHYA PRADESH,Shahpura (ST),68
MADHYA PRADESH,Shajapur,69
MADHYA PRADESH,Shamshabad,70
MADHYA PRADESH,Sheopur,71
MADHYA PRADESH,Shivpuri,72
MADHYA PRADESH,Shujalpur,73
MADHYA PRADESH,Sidhi,74
MADHYA PRADESH,Sihawal,75
MADHYA PRADESH,Sihora (ST),76
MADHYA PRADESH,Silwani,77
MADHYA PRADESH,Singrauli,78
MADHYA PRADESH,Sirmour,79
MADHYA PRADESH,Sironj,80
MADHYA PRADESH,Sohagpur,81
MADHYA PRADESH,Sonkatch (SC),82
MADHYA PRADESH,Sumawali,83
MADHYA PRADESH,Surkhi,84
MADHYA PRADESH,Susner,85
MADHYA PRADESH,Suwasra,86
MADHYA PRADESH,Tarana (SC),87
MADHYA PRADESH,Tendukheda,88
MADHYA PRADESH,Teonthar,89
MADHYA PRADESH,Thandla (ST),90
MADHYA PRADESH,Tikamgarh,91
MADHYA PRADESH,Timarni (ST),92
MADHYA PRADESH,Udaipura,93
MADHYA PRADESH,Ujjain Dakshin,94
MADHYA PRADESH,Ujjain Uttar,95
MADHYA PRADESH,Vidisha,96
MADHYA PRADESH,Vijaypur,97
MADHYA PRADESH,Vijayraghavgarh,98
MADHYA PRADESH,Waraseoni,99
MAHARASHTRA,Achalpur,100
MAHARASHTRA,Aheri (ST),1
MAHARASHTRA,Ahmadpur,2
MAHARASHTRA,Ahmednagar,3
MAHARASHTRA,Airoli,4
MAHARASHTRA,Akkalkot,5
MAHARASHTRA,Akkalkuwa (ST),6
MAHARASHTRA,Akola East,7
MAHARASHTRA,Akola West,8
MAHARASHTRA,Akole (ST),9
MAHARASHTRA,Akot,10
MAHARASHTRA,Alibag,11
MAHARASHTRA,Amalner,12
MAHARASHTRA,Ambegaon,13
MAHARASHTRA,Ambernath (SC),14
MAHARASHTRA,Amgaon (ST),15
MAHARASHTRA,Amravati,16
MAHARASHTRA,Andheri East,17
MAHARASHTRA,Andheri West,18
MAHARASHTRA,Anushakti Nagar,19
MAHARASHTRA,Arjuni Morgaon(SC),20
MAHARASHTRA,Armori (ST),21
MAHARASHTRA,Arni (ST),22
MAHARASHTRA,Arvi,23
MAHARASHTRA,Ashti,24
MAHARASHTRA,Aurangabad Central,25
MAHARASHTRA,Aurangabad East,26
MAHARASHTRA,AurangabadWest(SC),27
MAHARASHTRA,Ausa,28
MAHARASHTRA,Badnapur (SC),29
MAHARASHTRA,Badnera,30
MAHARASHTRA,Baglan (ST),31
MAHARASHTRA,Balapur,32
MAHARASHTRA,Ballarpur,33
MAHARASHTRA,Baramati,34
MAHARASHTRA,Barshi,35
MAHARASHTRA,Basmath,36
MAHARASHTRA,Beed,37
MAHARASHTRA,Belapur,38
MAHARASHTRA,Bhandara (SC),39
MAHARASHTRA,Bhandup West,40
MAHARASHTRA,Bhiwandi East,41
MAHARASHTRA,Bhiwandi Rural(ST),42
MAHARASHTRA,Bhiwandi West,43
MAHARASHTRA,Bhokar,44
MAHARASHTRA,Bhokardan,45
MAHARASHTRA,Bhor,46
MAHARASHTRA,Bhosari,47
MAHARASHTRA,Bhusawal (SC),48
MAHARASHTRA,Boisar (ST),49
MAHARASHTRA,Borivali,50
MAHARASHTRA,Brahmapuri,51
MAHARASHTRA,Buldhana,52
MAHARASHTRA,Byculla,53
MAHARASHTRA,Chalisgaon,54
MAHARASHTRA,Chandgad,55
MAHARASHTRA,Chandivali,56
MAHARASHTRA,Chandrapur (SC),57
MAHARASHTRA,Chandvad,58
MAHARASHTRA,Charkop,59
MAHARASHTRA,Chembur,60
MAHARASHTRA,Chikhli,61
MAHARASHTRA,Chimur,62
MAHARASHTRA,Chinchwad,63
MAHARASHTRA,Chiplun,64
MAHARASHTRA,Chopda (ST),65
MAHARASHTRA,Colaba,66
MAHARASHTRA,Dahanu (ST),67
MAHARASHTRA,Dahisar,68
MAHARASHTRA,Dapoli,69
MAHARASHTRA,Daryapur (SC),70
MAHARASHTRA,Daund,71
MAHARASHTRA,Deglur (SC),72
MAHARASHTRA,Deolali (SC),73
MAHARASHTRA,Deoli,74
MAHARASHTRA,Dhamangaon Railway,75
MAHARASHTRA,Dharavi (SC),76
MAHARASHTRA,Dhule City,77
MAHARASHTRA,Dhule Rural,78
MAHARASHTRA,Digras,79
MAHARASHTRA,Dindori (ST),80
MAHARASHTRA,Dindoshi,81
MAHARASHTRA,Dombivali,82
MAHARASHTRA,Erandol,83
MAHARASHTRA,Gadchiroli (ST),84
MAHARASHTRA,Gangakhed,85
MAHARASHTRA,Gangapur,86
MAHARASHTRA,Georai,87
MAHARASHTRA,Ghansawangi,88
MAHARASHTRA,Ghatkopar East,89
MAHARASHTRA,Ghatkopar West,90
MAHARASHTRA,Gondiya,91
MAHARASHTRA,Goregaon,92
MAHARASHTRA,Guhagar,93
MAHARASHTRA,Hadapsar,94
MAHARASHTRA,Hadgaon,95
MAHARASHTRA,Hatkanangle(SC),96
MAHARASHTRA,Hinganghat,97
MAHARASHTRA,Hingna,98
MAHARASHTRA,Hingoli,99
MAHARASHTRA,Ichalkaranji,100
MAHARASHTRA,Igatpuri (ST),1
MAHARASHTRA,Indapur,2
MAHARASHTRA,Islampur,3
MAHARASHTRA,Jalgaon (Jamod),4
MAHARASHTRA,Jalgaon City,5
MAHARASHTRA,Jalgaon Rural,6
MAHARASHTRA,Jalna,7
MAHARASHTRA,Jamner,8
MAHARASHTRA,Jat,9
MAHARASHTRA,Jintur,10
MAHARASHTRA,Jogeshwari East,11
MAHARASHTRA,Junnar,12
MAHARASHTRA,Kagal,13
MAHARASHTRA,Kaij (SC),14
MAHARASHTRA,Kalamnuri,15
MAHARASHTRA,Kalina,16
MAHARASHTRA,Kalwan (ST),17
MAHARASHTRA,Kalyan East,18
MAHARASHTRA,Kalyan Rural,19
MAHARASHTRA,Kalyan West,20
MAHARASHTRA,Kamthi,21
MAHARASHTRA,Kandivali East,22
MAHARASHTRA,Kankavli,23
MAHARASHTRA,Kannad,24
MAHARASHTRA,Karad North,25
MAHARASHTRA,Karad South,26
MAHARASHTRA,Karanja,27
MAHARASHTRA,Karjat,28
MAHARASHTRA,Karjat Jamkhed,29
MAHARASHTRA,Karmala,30
MAHARASHTRA,Karvir,31
MAHARASHTRA,Kasba Peth,32
MAHARASHTRA,Katol,33
MAHARASHTRA,Khadakwasala,34
MAHARASHTRA,Khamgaon,35
MAHARASHTRA,Khanapur,36
MAHARASHTRA,Khed Alandi,37
MAHARASHTRA,Kinwat,38
MAHARASHTRA,Kolhapur North,39
MAHARASHTRA,Kolhapur South,40
MAHARASHTRA,Kopargaon,41
MAHARASHTRA,Kopri-Pachpakhadi,42
MAHARASHTRA,Koregaon,43
MAHARASHTRA,Kothrud,44
MAHARASHTRA,Kudal,45
MAHARASHTRA,Kurla (SC),46
MAHARASHTRA,Latur City,47
MAHARASHTRA,Latur Rural,48
MAHARASHTRA,Loha,49
MAHARASHTRA,Madha,50
MAHARASHTRA,Magathane,51
MAHARASHTRA,Mahad,52
MAHARASHTRA,Mahim,53
MAHARASHTRA,Majalgaon,54
MAHARASHTRA,Malabar Hill,55
MAHARASHTRA,Malad West,56
MAHARASHTRA,Malegaon Central,57
MAHARASHTRA,Malegaon Outer,58
MAHARASHTRA,Malkapur,59
MAHARASHTRA,Malshiras (SC),60
MAHARASHTRA,Man,61
MAHARASHTRA,Mankhurd Shivaji Nagar,62
MAHARASHTRA,Maval,63
MAHARASHTRA,Mehkar (SC),64
MAHARASHTRA,Melghat (ST),65
MAHARASHTRA,Mira Bhayandar,66
MAHARASHTRA,Miraj (SC),67
MAHARASHTRA,Mohol (SC),68
MAHARASHTRA,Morshi,69
MAHARASHTRA,Mukhed,70
MAHARASHTRA,Muktainagar,71
MAHARASHTRA,Mulund,72
MAHARASHTRA,Mumbadevi,73
MAHARASHTRA,Mumbra-Kalwa,74
MAHARASHTRA,Murbad,75
MAHARASHTRA,Murtizapur (SC),76
MAHARASHTRA,Nagpur Central,77
MAHARASHTRA,Nagpur East,78
MAHARASHTRA,Nagpur North,79
MAHARASHTRA,Nagpur South,80
MAHARASHTRA,Nagpur South West,81
MAHARASHTRA,Nagpur West,82
MAHARASHTRA,Naigaon,83
MAHARASHTRA,Nalasopara,84
MAHARASHTRA,Nanded North,85
MAHARASHTRA,Nanded South,86
MAHARASHTRA,Nandgaon,87
MAHARASHTRA,Nandurbar (ST),88
MAHARASHTRA,Nashik Central,89
MAHARASHTRA,Nashik East,90
MAHARASHTRA,Nashik West,91
MAHARASHTRA,Nawapur (ST),92
MAHARASHTRA,Nevasa,93
MAHARASHTRA,Nilanga,94
MAHARASHTRA,Niphad,95
MAHARASHTRA,Osmanabad,96
MAHARASHTRA,Ovala ?Majiwada,97
MAHARASHTRA,Pachora,98
MAHARASHTRA,Paithan,99
MAHARASHTRA,Palghar (ST),100
MAHARASHTRA,Palus-Kadegaon,1
MAHARASHTRA,Pandharpur,2
MAHARASHTRA,Panvel,3
MAHARASHTRA,Paranda,4
MAHARASHTRA,Parbhani,5
MAHARASHTRA,Parli,6
MAHARASHTRA,Parner,7
MAHARASHTRA,Partur,8
MAHARASHTRA,Parvati,9
MAHARASHTRA,Patan,10
MAHARASHTRA,Pathri,11
MAHARASHTRA,Pen,12
MAHARASHTRA,Phaltan (SC),13
MAHARASHTRA,Phulambri,14
MAHARASHTRA,Pimpri (SC),15
MAHARASHTRA,Pune Cantonment (SC),16
MAHARASHTRA,Purandar,17
MAHARASHTRA,Pusad,18
MAHARASHTRA,Radhanagari,19
MAHARASHTRA,Rahuri,20
MAHARASHTRA,Rajapur,21
MAHARASHTRA,Rajura,22
MAHARASHTRA,Ralegaon (ST),23
MAHARASHTRA,Ramtek,24
MAHARASHTRA,Ratnagiri,25
MAHARASHTRA,Raver,26
MAHARASHTRA,Risod,27
MAHARASHTRA,Sakoli,28
MAHARASHTRA,Sakri (ST),29
MAHARASHTRA,Sangamner,30
MAHARASHTRA,Sangli,31
MAHARASHTRA,Sangole,32
MAHARASHTRA,Satara,33
MAHARASHTRA,Savner,34
MAHARASHTRA,Sawantwadi,35
MAHARASHTRA,Shahada (ST),36
MAHARASHTRA,Shahapur (ST),37
MAHARASHTRA,Shahuwadi,38
MAHARASHTRA,Shevgaon,39
MAHARASHTRA,Shirala,40
MAHARASHTRA,Shirdi,41
MAHARASHTRA,Shirol,42
MAHARASHTRA,Shirpur (ST),43
MAHARASHTRA,Shirur,44
MAHARASHTRA,Shivadi,45
MAHARASHTRA,Shivajinagar,46
MAHARASHTRA,Shrigonda,47
MAHARASHTRA,Shrirampur(SC),48
MAHARASHTRA,Shrivardhan,49
MAHARASHTRA,Sillod,50
MAHARASHTRA,Sindkhed Raja,51
MAHARASHTRA,Sindkheda,52
MAHARASHTRA,Sinnar,53
MAHARASHTRA,Sion Koliwada,54
MAHARASHTRA,Solapur City Central,55
MAHARASHTRA,Solapur City North,56
MAHARASHTRA,Solapur South,57
MAHARASHTRA,Tasgaon-Kavathe Mahankal,58
MAHARASHTRA,Teosa,59
MAHARASHTRA,Thane,60
MAHARASHTRA,Tirora,61
MAHARASHTRA,Tuljapur,62
MAHARASHTRA,Tumsar,63
MAHARASHTRA,Udgir (SC),64
MAHARASHTRA,Ulhasnagar,65
MAHARASHTRA,Umarga (SC),66
MAHARASHTRA,Umarkhed (SC),67
MAHARASHTRA,Umred (SC),68
MAHARASHTRA,Uran,69
MAHARASHTRA,Vadgaon Sheri,70
MAHARASHTRA,Vaijapur,71
MAHARASHTRA,Vandre East,72
MAHARASHTRA,Vandre West,73
MAHARASHTRA,Vasai,74
MAHARASHTRA,Versova,75
MAHARASHTRA,Vikhroli,76
MAHARASHTRA,Vikramgad (ST),77
MAHARASHTRA,Vile Parle,78
MAHARASHTRA,Wadala,79
MAHARASHTRA,Wai,80
MAHARASHTRA,Wani,81
MAHARASHTRA,Wardha,82
MAHARASHTRA,Warora,83
MAHARASHTRA,Washim (SC),84
MAHARASHTRA,Worli,85
MAHARASHTRA,Yavatmal,86
MAHARASHTRA,Yevla,87
MANIPUR,Andro,88
MANIPUR,Bishenpur,89
MANIPUR,Chandel,90
MANIPUR,Chingai,91
MANIPUR,Churachandpur,92
MANIPUR,Heingang,93
MANIPUR,Heirok,94
MANIPUR,Henglep,95
MANIPUR,Hiyanglam,96
MANIPUR,Jiribam,97
MANIPUR,Kakching,98
MANIPUR,Kangpokpi,99
MANIPUR,Karong,100
MANIPUR,Keirao,1
MANIPUR,Keisamthong,2
MANIPUR,Khangabo,3
MANIPUR,Khetrigao,4
MANIPUR,Khundrakpam,5
MANIPUR,Khurai,6
MANIPUR,Konthoujam,7
MANIPUR,Kumbi,8
MANIPUR,Lamlai,9
MANIPUR,Lamsang,10
MANIPUR,langthabal,11
MANIPUR,Lilong,12
MANIPUR,Mao,13
MANIPUR,Mayang Imphal,14
MANIPUR,Moirang,15
MANIPUR,Nambol,16
MANIPUR,Naoriya Pakhanglak*,17
MANIPUR,Nungba,18
MANIPUR,Oinam,19
MANIPUR,Patsoi,20
MANIPUR,Phungyar,21
MANIPUR,Sagolband,22
MANIPUR,Saikot,23
MANIPUR,Saikul,24
MANIPUR,Saitu,25
MANIPUR,Sekmai,26
MANIPUR,Singhat,27
MANIPUR,Singjamei,28
MANIPUR,Sugnoo,29
MANIPUR,Tadubi,30
MANIPUR,Tamei,31
MANIPUR,Tamenglong,32
MANIPUR,Tengnoupal,33
MANIPUR,Thanga,34
MANIPUR,Thangmeiband,35
MANIPUR,Thanlon,36
MANIPUR,Thongju,37
MANIPUR,Thoubal,38
MANIPUR,Tipaimukh,39
MANIPUR,Ukhrul,40
MANIPUR,Uripok,41
MANIPUR,Wabgai,42
MANIPUR,Wangjing Tentha,43
MANIPUR,Wangkhei,44
MANIPUR,Wangkhem,45
MANIPUR,Wangoi,46
MANIPUR,Yaiskul,47
MEGHALAYA,Amlarem (ST),48
MEGHALAYA,Ampathi (ST),49
MEGHALAYA,Baghmara (ST),50
MEGHALAYA,Bajengdoba (ST),51
MEGHALAYA,Chokpot (ST),52
MEGHALAYA,Dadenggre (ST),53
MEGHALAYA,Dalu (ST),54
MEGHALAYA,East Shillong (ST),55
MEGHALAYA,Gambegre (ST),56
MEGHALAYA,Jirang (ST),57
MEGHALAYA,Jowai (ST),58
MEGHALAYA,Kharkutta (ST),59
MEGHALAYA,Khliehriat (ST),60
MEGHALAYA,Mahendraganj (ST),61
MEGHALAYA,Mairang (ST),62
MEGHALAYA,Mawhati (ST),63
MEGHALAYA,Mawkynrew (ST),64
MEGHALAYA,Mawkyrwat (ST),65
MEGHALAYA,Mawlai (ST),66
MEGHALAYA,Mawphlang (ST),67
MEGHALAYA,Mawryngkneng(ST),68
MEGHALAYA,Mawshynrut (ST),69
MEGHALAYA,Mawsynram (ST),70
MEGHALAYA,Mawthadraishan (ST),71
MEGHALAYA,Mendipathar (ST),72
MEGHALAYA,Mowkaiaw (ST),73
MEGHALAYA,Mylliem (ST),74
MEGHALAYA,Nartiang (ST),75
MEGHALAYA,Nongkrem (ST),76
MEGHALAYA,Nongpoh (ST),77
MEGHALAYA,Nongstoin (ST),78
MEGHALAYA,Nongthymmai (ST),79
MEGHALAYA,North Shillong (ST),80
MEGHALAYA,North Tura (ST),81
MEGHALAYA,Phulbari,82
MEGHALAYA,Pynthorumkhrah,83
MEGHALAYA,Pynursla (ST),84
MEGHALAYA,Rajabala,85
MEGHALAYA,Raksamgre (ST),86
MEGHALAYA,Raliang (ST),87
MEGHALAYA,Rambrai Jyrngam (ST,88
MEGHALAYA,Rangsakona (ST),89
MEGHALAYA,Ranikor (ST),90
MEGHALAYA,Resubelpara (ST),91
MEGHALAYA,Rongara-Siju (ST),92
MEGHALAYA,Rongjeng (ST),93
MEGHALAYA,Salmanpara (ST),94
MEGHALAYA,Selsella (ST),95
MEGHALAYA,Shella (ST),96
MEGHALAYA,Sohing (ST),97
MEGHALAYA,Sohra (ST),98
MEGHALAYA,Songsak (ST),99
MEGHALAYA,South Shillong,100
MEGHALAYA,SouthTura (ST),1
MEGHALAYA,Sutnga-Saipung (ST),2
MEGHALAYA,Tikrikila (ST),3
MEGHALAYA,Umroi (ST),4
MEGHALAYA,Umsning (ST),5
MEGHALAYA,West Shillong,6
MEGHALAYA,William Nagar (ST),7
MIZORAM,Aizawl East-I,8
MIZORAM,Aizawl East-II (ST),9
MIZORAM,Aizawl North-I (ST),10
MIZORAM,Aizawl North-II (ST,11
MIZORAM,Aizawl North-III (S,12
MIZORAM,Aizawl South-I (ST),13
MIZORAM,Aizawl South-II (ST,14
MIZORAM,Aizawl South-III (S,15
MIZORAM,Aizawl West-I (ST),16
MIZORAM,Aizawl West-II (ST),17
MIZORAM,Aizawl West-III (ST,18
MIZORAM,Chalfilh (ST),19
MIZORAM,Champhai North (ST),20
MIZORAM,Champhai South (ST),21
MIZORAM,Dampa (ST),22
MIZORAM,East Tuipui (ST),23
MIZORAM,Hachhek (ST),24
MIZORAM,Hrangturzo (ST),25
MIZORAM,Kolasib (ST),26
MIZORAM,Lawngtlai East (ST),27
MIZORAM,Lawngtlai West (ST),28
MIZORAM,Lengteng (ST),29
MIZORAM,Lunglei East (ST),30
MIZORAM,Lunglei North (ST),31
MIZORAM,Lunglei South (ST),32
MIZORAM,Lunglei West (ST),33
MIZORAM,Mamit (ST),34
MIZORAM,Palak (ST),35
MIZORAM,Saiha (ST),36
MIZORAM,Serchhip (ST),37
MIZORAM,Serlui (ST),38
MIZORAM,South Tuipui (ST),39
MIZORAM,Tawi (ST),40
MIZORAM,Thorang (ST),41
MIZORAM,Tuichang (ST),42
MIZORAM,Tuichawng (ST),43
MIZORAM,Tuikum (ST),44
MIZORAM,Tuirial (ST),45
MIZORAM,Tuivawl (ST),46
MIZORAM,West Tuipui (ST),47
NAGALAND,Aboi,48
NAGALAND,Aghunato,49
NAGALAND,Akuluto,50
NAGALAND,Alungtaki,51
NAGALAND,Angetyongpang,52
NAGALAND,Aonglenden,53
NAGALAND,Arkakong,54
NAGALAND,Atoizu,55
NAGALAND,Bhandari,56
NAGALAND,Chazouba,57
NAGALAND,Chizami,58
NAGALAND,Dimapur-I,59
NAGALAND,Dimapur-II,60
NAGALAND,Dimapur-III,61
NAGALAND,Ghaspani-I,62
NAGALAND,Ghaspani-II,63
NAGALAND,Impur,64
NAGALAND,Jangpetkong,65
NAGALAND,Kohima Town,66
NAGALAND,Koridang,67
NAGALAND,Longkhim Chare,68
NAGALAND,Longleng,69
NAGALAND,Meluri,70
NAGALAND,Moka,71
NAGALAND,Mokokchung Town,72
NAGALAND,Mon Town,73
NAGALAND,Monguya,74
NAGALAND,Noklak,75
NAGALAND,Noksen,76
NAGALAND,Northern Angami - I,77
NAGALAND,Northern Angami -II,78
NAGALAND,Peren,79
NAGALAND,Pfutsero,80
NAGALAND,Phek,81
NAGALAND,Phomching,82
NAGALAND,Pughoboto,83
NAGALAND,Pungro-Kiphire,84
NAGALAND,Sanis,85
NAGALAND,Satakha,86
NAGALAND,Shamtorr-Chessore,87
NAGALAND,Siyuchong-Sitimi,88
NAGALAND,Southern Angami-I,89
NAGALAND,Southern Angami-II,90
NAGALAND,Suruhuto,91
NAGALAND,Tamlu,92
NAGALAND,Tapi,93
NAGALAND,Tehok,94
NAGALAND,Tenning,95
NAGALAND,Thonoknyu,96
NAGALAND,Tizit,97
NAGALAND,Tobu,98
NAGALAND,Tseminyu,99
NAGALAND,Tuensang Sadar-I,100
NAGALAND,Tuensang Sadar-II,1
NAGALAND,Tuli,2
NAGALAND,Tyui,3
NAGALAND,Wakching,4
NAGALAND,Western Angami,5
NAGALAND,Wokha,6
NAGALAND,Zunheboto,7
ORISSA,ANANDAPUR (SC),8
ORISSA,ANGUL,9
ORISSA,ASKA,10
ORISSA,ATHAGARH,11
ORISSA,ATHAMALLIK,12
ORISSA,ATTABIRA (SC),13
ORISSA,AUL,14
ORISSA,BADASAHI (SC),15
ORISSA,BALASORE,16
ORISSA,BALIGUDA (ST),17
ORISSA,BALIKUDA-ERASAMA,18
ORISSA,BANGRIPOSI (ST),19
ORISSA,BANKI,20
ORISSA,BARABATI-CUTTACK,21
ORISSA,BARACHANA,22
ORISSA,BARAMBA,23
ORISSA,BARGARH,24
ORISSA,BARI,25
ORISSA,BARIPADA (ST),26
ORISSA,BASTA,27
ORISSA,BASUDEVPUR,28
ORISSA,BEGUNIA,29
ORISSA,BERHAMPUR,30
ORISSA,BHADRAK,31
ORISSA,BHANDARIPOKHARI,32
ORISSA,BHANJANAGAR,33
ORISSA,BHATLI,34
ORISSA,BHAWANIPATNA (SC),35
ORISSA,BHOGRAI,36
ORISSA,BHUBANESWAR(MADHYA),37
ORISSA,BHUBANESWAR(UTTAR),38
ORISSA,BIJEPUR,39
ORISSA,BINJHARPUR (SC),40
ORISSA,BIRAMITRAPUR (ST),41
ORISSA,BIRMAHARAJPUR (SC),42
ORISSA,BISSAM CUTTACK (ST),43
ORISSA,BOLANGIR,44
ORISSA,BONAI (ST),45
ORISSA,BOUDH,46
ORISSA,BRAHMAGIRI,47
ORISSA,BRAJARAJNAGAR,48
ORISSA,CHAMPUA,49
ORISSA,CHANDABALI,50
ORISSA,CHHATRAPUR (SC),51
ORISSA,CHHENDIPADA (SC),52
ORISSA,CHIKITI,53
ORISSA,CHILIKA,54
ORISSA,CHITRAKONDA (ST),55
ORISSA,CHOUDWAR-CUTTACK,56
ORISSA,CUTTACK SADAR (SC),57
ORISSA,DABUGAM (ST),58
ORISSA,DASPALLA (SC),59
ORISSA,DEOGARH,60
ORISSA,DHAMNAGAR (SC),61
ORISSA,DHARMASALA,62
ORISSA,DHARMGARH,63
ORISSA,DHENKANAL,64
ORISSA,DIGAPAHANDI,65
ORISSA,EKAMRA-BHUBANESHWAR,66
ORISSA,G. UDAYAGIRI (ST),67
ORISSA,GHASIPURA,68
ORISSA,GOPALPUR,69
ORISSA,GUNUPUR (ST),70
ORISSA,HINDOL (SC),71
ORISSA,HINJILI,72
ORISSA,JAGATSINGHPUR,73
ORISSA,JAJPUR,74
ORISSA,JALESWAR,75
ORISSA,JASHIPUR (ST),76
ORISSA,JATANI,77
ORISSA,JAYADEV (SC),78
ORISSA,JEYPORE,79
ORISSA,JHARIGAM (ST),80
ORISSA,JHARSUGUDA,81
ORISSA,JUNAGARH,82
ORISSA,KABISURYANAGAR,83
ORISSA,KAKATPUR (SC),84
ORISSA,KAMAKHYANAGAR,85
ORISSA,KANTABANJI,86
ORISSA,KANTAMAL,87
ORISSA,KARANJIA (ST),88
ORISSA,KENDRAPARA (SC),89
ORISSA,KEONJHAR (ST),90
ORISSA,KHALIKOTE (SC),91
ORISSA,KHANDAPADA,92
ORISSA,KHARIAR,93
ORISSA,KHURDA,94
ORISSA,KORAPUT (SC),95
ORISSA,KOREI,96
ORISSA,KOTPAD (ST),97
ORISSA,KUCHINDA (ST),98
ORISSA,LAKSHMIPUR (ST),99
ORISSA,LANJIGARH (ST),100
ORISSA,LOISINGHA (SC),1
ORISSA,MAHAKALAPADA,2
ORISSA,MAHANGA,3
ORISSA,MALKANGIRI (ST),4
ORISSA,MOHANA (ST),5
ORISSA,MORADA,6
ORISSA,NABARANGPUR (ST),7
ORISSA,NARLA,8
ORISSA,NAYAGARH,9
ORISSA,NIALI (SC),10
ORISSA,NILGIRI,11
ORISSA,NIMAPARA,12
ORISSA,NUAPADA,13
ORISSA,PADAMPUR,14
ORISSA,PALLAHARA,15
ORISSA,PARADEEP,16
ORISSA,PARALAKHEMUNDI,17
ORISSA,PARJANGA,18
ORISSA,PATKURA,19
ORISSA,PATNA (ST),20
ORISSA,PATNAGARH,21
ORISSA,PHULBANI (ST),22
ORISSA,PIPILI,23
ORISSA,POLASARA,24
ORISSA,POTTANGI (ST),25
ORISSA,PURI,26
ORISSA,RAGHUNATHPALI (SC),27
ORISSA,RAIRAKHOL,28
ORISSA,RAIRANGPUR (ST),29
ORISSA,RAJANAGAR,30
ORISSA,RAJGANGPUR (ST),31
ORISSA,RANPUR,32
ORISSA,RAYAGADA (ST),33
ORISSA,REMUNA (SC),34
ORISSA,RENGALI (SC),35
ORISSA,ROURKELA,36
ORISSA,SALIPUR,37
ORISSA,SAMBALPUR,38
ORISSA,SANAKHEMUNDI,39
ORISSA,SARASKANA (ST),40
ORISSA,SATYABADI,41
ORISSA,SIMULIA,42
ORISSA,SONEPUR,43
ORISSA,SORO (SC),44
ORISSA,SUKINDA,45
ORISSA,SUNDARGARH (ST),46
ORISSA,SURADA,47
ORISSA,TALCHER,48
ORISSA,TALSARA (ST),49
ORISSA,TELKOI (ST),50
ORISSA,TIRTOL (SC),51
ORISSA,TITLAGARH,52
ORISSA,UDALA (ST),53
ORISSA,UMERKOTE (ST),54
PUDUCHERRY,Ariankuppam,55
PUDUCHERRY,Bahour,56
PUDUCHERRY,Embalam (SC),57
PUDUCHERRY,Indira Nagar,58
PUDUCHERRY,Kadirgamam,59
PUDUCHERRY,Kalapet,60
PUDUCHERRY,Kamraj Nagar,61
PUDUCHERRY,Karaikal North,62
PUDUCHERRY,Karaikal South,63
PUDUCHERRY,Lawspet,64
PUDUCHERRY,Mahe,65
PUDUCHERRY,Manavely,66
PUDUCHERRY,Mangalam,67
PUDUCHERRY,Mannadipet,68
PUDUCHERRY,Mudaliarpet,69
PUDUCHERRY,Muthialpet,70
PUDUCHERRY,Nedungadu (SC),71
PUDUCHERRY,Nellithope,72
PUDUCHERRY,Neravy- T.R. Pattin,73
PUDUCHERRY,Nettapakkam (SC),74
PUDUCHERRY,Orleampeth,75
PUDUCHERRY,Oupalam,76
PUDUCHERRY,Oussudu (SC),77
PUDUCHERRY,Ozhukarai,78
PUDUCHERRY,Raj Bhavan,79
PUDUCHERRY,Thattanchavady,80
PUDUCHERRY,Thirubhuvanai (SC),81
PUDUCHERRY,Thirunallar,82
PUDUCHERRY,Villianur,83
PUDUCHERRY,Yanam,84
PUNJAB,Abohar,85
PUNJAB,Adampur (SC),86
PUNJAB,Ajnala,87
PUNJAB,Amargarh,88
PUNJAB,Amloh,89
PUNJAB,Amritsar Central,90
PUNJAB,Amritsar East,91
PUNJAB,Amritsar North,92
PUNJAB,Amritsar South,93
PUNJAB,Amritsar West (SC),94
PUNJAB,Anandpur Sahib,95
PUNJAB,Atam Nagar,96
PUNJAB,Attari (SC),97
PUNJAB,Baba Bakala (SC),98
PUNJAB,Balachaur,99
PUNJAB,Balluana (SC),100
PUNJAB,Banga (SC),1
PUNJAB,Barnala,2
PUNJAB,Bassi Pathana (SC),3
PUNJAB,Batala,4
PUNJAB,Bathinda Rural (SC),5
PUNJAB,Bathinda Urban,6
PUNJAB,Bhadaur (SC),7
PUNJAB,Bhagha Purana,8
PUNJAB,Bhoa (SC),9
PUNJAB,Bholath,10
PUNJAB,Bhucho Mandi (SC),11
PUNJAB,Budhlada (SC),12
PUNJAB,Chabbewal (SC),13
PUNJAB,Chamkaur Sahib (SC),14
PUNJAB,Dakha,15
PUNJAB,Dasuya,16
PUNJAB,Dera Baba Nanak,17
PUNJAB,Dera Bassi,18
PUNJAB,Dharamkot,19
PUNJAB,Dhuri,20
PUNJAB,Dina Nagar (SC),21
PUNJAB,Dirba (SC),22
PUNJAB,Faridkot,23
PUNJAB,Fatehgarh Churian,24
PUNJAB,Fatehgarh Sahib,25
PUNJAB,Fazilka,26
PUNJAB,Firozpur City,27
PUNJAB,Firozpur Rural (SC),28
PUNJAB,Garhshankar,29
PUNJAB,Ghanaur,30
PUNJAB,Gidderbaha,31
PUNJAB,Gill (SC),32
PUNJAB,Gurdaspur,33
PUNJAB,Guru Har Sahai,34
PUNJAB,Hoshiarpur,35
PUNJAB,Jagraon (SC),36
PUNJAB,Jaitu (SC),37
PUNJAB,Jalalabad,38
PUNJAB,Jalandhar Cantt.,39
PUNJAB,Jalandhar Central,40
PUNJAB,Jalandhar North,41
PUNJAB,Jalandhar West (SC),42
PUNJAB,Jandiala (SC),43
PUNJAB,Kapurthala,44
PUNJAB,Kartarpur (SC),45
PUNJAB,Khadoor Sahib,46
PUNJAB,Khanna,47
PUNJAB,Kharar,48
PUNJAB,Khem Karan,49
PUNJAB,Kotkapura,50
PUNJAB,Lambi,51
PUNJAB,Lehra,52
PUNJAB,Ludhiana Central,53
PUNJAB,Ludhiana East,54
PUNJAB,Ludhiana North,55
PUNJAB,Ludhiana South,56
PUNJAB,Ludhiana West,57
PUNJAB,Majitha,58
PUNJAB,Malerkotla,59
PUNJAB,Malout (SC),60
PUNJAB,Mansa,61
PUNJAB,Maur,62
PUNJAB,Mehal Kalan (SC),63
PUNJAB,Moga,64
PUNJAB,Mukerian,65
PUNJAB,Muktsar,66
PUNJAB,Nabha (SC),67
PUNJAB,Nakodar,68
PUNJAB,Nawan Shahr,69
PUNJAB,Nihal Singhwala (SC,70
PUNJAB,Pathankot,71
PUNJAB,Patiala,72
PUNJAB,Patiala Rural,73
PUNJAB,Patti,74
PUNJAB,Payal (SC),75
PUNJAB,Phagwara (SC),76
PUNJAB,Phillaur (SC),77
PUNJAB,Qadian,78
PUNJAB,Raikot (SC),79
PUNJAB,Raja Sansi,80
PUNJAB,Rajpura,81
PUNJAB,Rampura Phul,82
PUNJAB,Rupnagar,83
PUNJAB,S.A.S.Nagar,84
PUNJAB,Sahnewal,85
PUNJAB,Samana,86
PUNJAB,Samrala,87
PUNJAB,Sangrur,88
PUNJAB,Sanour,89
PUNJAB,Sardulgarh,90
PUNJAB,Shahkot,91
PUNJAB,Sham Chaurasi (SC),92
PUNJAB,Shutrana (SC),93
PUNJAB,Sri Hargobindpur (S,94
PUNJAB,Sujanpur,95
PUNJAB,Sultanpur Lodhi,96
PUNJAB,Sunam,97
PUNJAB,Talwandi Sabo,98
PUNJAB,Tarn Taran,99
PUNJAB,Urmar,100
PUNJAB,Zira,1
RAJASTHAN,Adarsh Nagar,2
RAJASTHAN,Ahore,3
RAJASTHAN,Ajmer North,4
RAJASTHAN,Ajmer South (SC),5
RAJASTHAN,Alwar Rural (SC),6
RAJASTHAN,Alwar Urban,7
RAJASTHAN,Amber,8
RAJASTHAN,Anta,9
RAJASTHAN,Anupgarh (SC),10
RAJASTHAN,Asind,11
RAJASTHAN,Aspur (ST),12
RAJASTHAN,Bagidora(ST),13
RAJASTHAN,Bagru (SC),14
RAJASTHAN,Bali,15
RAJASTHAN,Bamanwas(ST),16
RAJASTHAN,Bandikui,17
RAJASTHAN,Bansur,18
RAJASTHAN,Banswara(ST),19
RAJASTHAN,Baran?Atru (SC),20
RAJASTHAN,Bari,21
RAJASTHAN,Bari Sadri,22
RAJASTHAN,Barmer,23
RAJASTHAN,Baseri (SC),24
RAJASTHAN,Bassi (ST),25
RAJASTHAN,Bayana (SC),26
RAJASTHAN,Baytoo,27
RAJASTHAN,Beawar,28
RAJASTHAN,Begun,29
RAJASTHAN,Behror,30
RAJASTHAN,Bhadra,31
RAJASTHAN,Bharatpur,32
RAJASTHAN,Bhilwara,33
RAJASTHAN,Bhim,34
RAJASTHAN,Bhinmal,35
RAJASTHAN,Bhopalgarh(SC),36
RAJASTHAN,Bikaner East,37
RAJASTHAN,Bikaner West,38
RAJASTHAN,Bilara (SC),39
RAJASTHAN,Bundi,40
RAJASTHAN,Chaksu (SC),41
RAJASTHAN,Chhabra,42
RAJASTHAN,Chittorgarh,43
RAJASTHAN,Chohtan (SC),44
RAJASTHAN,Chomu,45
RAJASTHAN,Chorasi (ST),46
RAJASTHAN,Churu,47
RAJASTHAN,Civil Lines,48
RAJASTHAN,Dag (SC),49
RAJASTHAN,Danta Ramgarh,50
RAJASTHAN,Dausa,51
RAJASTHAN,Deedwana,52
RAJASTHAN,Deeg-Kumher,53
RAJASTHAN,Degana,54
RAJASTHAN,Deoli-Uniara,55
RAJASTHAN,Dhariawad(ST),56
RAJASTHAN,Dhod (SC),57
RAJASTHAN,Dholpur,58
RAJASTHAN,Dudu (SC),59
RAJASTHAN,Dungargarh,60
RAJASTHAN,Dungarpur(ST),61
RAJASTHAN,Fatehpur,62
RAJASTHAN,Ganganagar,63
RAJASTHAN,Gangapur,64
RAJASTHAN,Garhi (ST),65
RAJASTHAN,Ghatol (ST),66
RAJASTHAN,Gogunda(ST),67
RAJASTHAN,Gudha Malani,68
RAJASTHAN,Hanumangarh,69
RAJASTHAN,Hawa Mahal,70
RAJASTHAN,Hindaun (SC),71
RAJASTHAN,Hindoli,72
RAJASTHAN,Jahazpur,73
RAJASTHAN,Jaisalmer,74
RAJASTHAN,Jaitaran,75
RAJASTHAN,Jalore (SC),76
RAJASTHAN,Jamwa Ramgarh (ST),77
RAJASTHAN,Jayal (SC),78
RAJASTHAN,Jhadol(ST),79
RAJASTHAN,Jhalrapatan,80
RAJASTHAN,Jhotwara,81
RAJASTHAN,Jhunjhunu,82
RAJASTHAN,Jodhpur,83
RAJASTHAN,Kaman,84
RAJASTHAN,Kapasan(SC),85
RAJASTHAN,Karanpur,86
RAJASTHAN,Karauli,87
RAJASTHAN,Kathumar (SC),88
RAJASTHAN,Kekri,89
RAJASTHAN,Keshoraipatan(SC),90
RAJASTHAN,Khajuwala(SC),91
RAJASTHAN,Khandar (SC),92
RAJASTHAN,Khandela,93
RAJASTHAN,Khanpur,94
RAJASTHAN,Kherwara(ST),95
RAJASTHAN,Khetri,96
RAJASTHAN,Khinwsar,97
RAJASTHAN,KIshan Pole,98
RAJASTHAN,Kishanganj,99
RAJASTHAN,Kishangarh,100
RAJASTHAN,Kishangarh bas,1
RAJASTHAN,Kolayat,2
RAJASTHAN,Kota North,3
RAJASTHAN,Kota South,4
RAJASTHAN,Kotputli,5
RAJASTHAN,Kumbhalgarh,6
RAJASTHAN,Kushalgarh(ST),7
RAJASTHAN,Lachhmangarh,8
RAJASTHAN,Ladnun,9
RAJASTHAN,Ladpura,10
RAJASTHAN,Lalsot (ST),11
RAJASTHAN,Lohawat,12
RAJASTHAN,Luni,13
RAJASTHAN,Lunkaransar,14
RAJASTHAN,Mahuwa,15
RAJASTHAN,Makrana,16
RAJASTHAN,Malpura,17
RAJASTHAN,Malviya Nagar,18
RAJASTHAN,Mandal,19
RAJASTHAN,Mandalgarh,20
RAJASTHAN,Mandawa,21
RAJASTHAN,Manohar Thana,22
RAJASTHAN,Marwar Junction,23
RAJASTHAN,Masuda,24
RAJASTHAN,Mavli,25
RAJASTHAN,Merta (SC),26
RAJASTHAN,Mundawar,27
RAJASTHAN,Nadbai,28
RAJASTHAN,Nagar,29
RAJASTHAN,Nagaur,30
RAJASTHAN,Nasirabad,31
RAJASTHAN,Nathdwara,32
RAJASTHAN,Nawalgarh,33
RAJASTHAN,Nawan,34
RAJASTHAN,Neema Ka Thana,35
RAJASTHAN,Nimbahera,36
RAJASTHAN,Niwai (SC),37
RAJASTHAN,Nohar,38
RAJASTHAN,Nokha,39
RAJASTHAN,Osian,40
RAJASTHAN,Pachpadra,41
RAJASTHAN,Pali,42
RAJASTHAN,Parbatsar,43
RAJASTHAN,Phalodi,44
RAJASTHAN,Phulera,45
RAJASTHAN,Pilani (SC),46
RAJASTHAN,Pilibanga (SC),47
RAJASTHAN,Pindwara Abu (ST),48
RAJASTHAN,Pipalda,49
RAJASTHAN,Pokaran,50
RAJASTHAN,Pratapgarh(ST),51
RAJASTHAN,Pushkar,52
RAJASTHAN,Raisinghnagar(SC),53
RAJASTHAN,Rajakhera,54
RAJASTHAN,Rajgarh-Laxmangarh (ST),55
RAJASTHAN,Rajsamand,56
RAJASTHAN,Ramganj Mandi (SC),57
RAJASTHAN,Ramgarh,58
RAJASTHAN,Raniwara,59
RAJASTHAN,Ratangarh,60
RAJASTHAN,Reodar(SC),61
RAJASTHAN,Sadulpur,62
RAJASTHAN,Sadulshahar,63
RAJASTHAN,Sagwara(ST),64
RAJASTHAN,Sahara,65
RAJASTHAN,Salumber(ST),66
RAJASTHAN,Sanchore,67
RAJASTHAN,Sanganer,68
RAJASTHAN,Sangaria,69
RAJASTHAN,Sangod,70
RAJASTHAN,Sapotra (ST),71
RAJASTHAN,Sardarpura,72
RAJASTHAN,Sardarshahar,73
RAJASTHAN,Sawai Madhopur,74
RAJASTHAN,Shahpura,75
RAJASTHAN,Shahpura(SC),76
RAJASTHAN,Sheo,77
RAJASTHAN,Shergarh,78
RAJASTHAN,Sikar,79
RAJASTHAN,Sikrai (SC),80
RAJASTHAN,Sirohi,81
RAJASTHAN,Siwana,82
RAJASTHAN,Sojat (SC),83
RAJASTHAN,Soorsagar,84
RAJASTHAN,Srimadhopur,85
RAJASTHAN,Sujangarh(SC),86
RAJASTHAN,Sumerpur,87
RAJASTHAN,Surajgarh,88
RAJASTHAN,Suratgarh,89
RAJASTHAN,Taranagar,90
RAJASTHAN,Thanagazi,91
RAJASTHAN,Tijara,92
RAJASTHAN,Todabhim(ST),93
RAJASTHAN,Tonk,94
RAJASTHAN,Udaipur,95
RAJASTHAN,Udaipur Rural(ST),96
RAJASTHAN,Udaipurwati,97
RAJASTHAN,Vallabhnagar,98
RAJASTHAN,Vidhyadhar Nagar,99
RAJASTHAN,Viratnagar,100
RAJASTHAN,Weir (SC),1
SIKKIM,Arithang,2
SIKKIM,Barfung(BL),3
SIKKIM,Chujachen,4
SIKKIM,Daramdin(BL),5
SIKKIM,Djongu(BL),6
SIKKIM,Gangtok(BL),7
SIKKIM,Gnathang-Machong(BL),8
SIKKIM,Gyalshing-Barnyak,9
SIKKIM,Kabi Lungchuk(BL),10
SIKKIM,Khamdong-Singtam,11
SIKKIM,Lachen Mangan(BL),12
SIKKIM,Maneybung-Dentam,13
SIKKIM,Martam-Rumtek (BL),14
SIKKIM,Melli,15
SIKKIM,Namcheybung,16
SIKKIM,Namchi-Singhithang,17
SIKKIM,Namthang-Rateypani,18
SIKKIM,Poklok-Kamrang,19
SIKKIM,Rangang-Yangang,20
SIKKIM,Rhenock,21
SIKKIM,Rinchenpong(BL),22
SIKKIM,Salghari-Zoom (SC),23
SIKKIM,Shyari(BL),24
SIKKIM,Soreong-Chakung,25
SIKKIM,Temi-Namphing,26
SIKKIM,Tumen-Lingi(BL),27
SIKKIM,Upper Burtuk,28
SIKKIM,Upper Tadong,29
SIKKIM,West Pendam(SC),30
SIKKIM,Yangthang,31
SIKKIM,Yoksam-Tashiding(BL),32
TAMIL NADU,Alandur,33
TAMIL NADU,Alangudi,34
TAMIL NADU,Alangulam,35
TAMIL NADU,Ambasamudram,36
TAMIL NADU,Ambattur,37
TAMIL NADU,Ambur,38
TAMIL NADU,Anaikattu,39
TAMIL NADU,Andipatti,40
TAMIL NADU,Anna Nagar,41
TAMIL NADU,Anthiyur,42
TAMIL NADU,Arakkonam (SC),43
TAMIL NADU,Arani,44
TAMIL NADU,Aranthangi,45
TAMIL NADU,Aravakurichi,46
TAMIL NADU,Arcot,47
TAMIL NADU,Ariyalur,48
TAMIL NADU,Aruppukkottai,49
TAMIL NADU,Athoor,50
TAMIL NADU,Attur(SC),51
TAMIL NADU,Avadi,52
TAMIL NADU,Avanashi (SC),53
TAMIL NADU,Bargur,54
TAMIL NADU,Bhavani,55
TAMIL NADU,Bhavanisagar,56
TAMIL NADU,Bhuvanagiri,57
TAMIL NADU,Bodinayakanur,58
TAMIL NADU,Chengalpattu,59
TAMIL NADU,Chengam (SC),60
TAMIL NADU,Chepauk-Thiruvalliken,61
TAMIL NADU,Cheyyar,62
TAMIL NADU,Cheyyur (SC),63
TAMIL NADU,Chidambaram,64
TAMIL NADU,Coimbatore(North),65
TAMIL NADU,Coimbatore(South),66
TAMIL NADU,Colachel,67
TAMIL NADU,Coonoor,68
TAMIL NADU,Cuddalore,69
TAMIL NADU,Cumbum,70
TAMIL NADU,Dharapuram (SC),71
TAMIL NADU,Dharmapuri,72
TAMIL NADU,Dindigul,73
TAMIL NADU,Dr.Radhakrishnan Naga,74
TAMIL NADU,Edappadi,75
TAMIL NADU,Egmore (SC),76
TAMIL NADU,Erode (East),77
TAMIL NADU,Erode (West),78
TAMIL NADU,Gandharvakottai(SC),79
TAMIL NADU,Gangavalli (SC),80
TAMIL NADU,Gobichettipalayam,81
TAMIL NADU,Gudalur (SC),82
TAMIL NADU,Gudiyattam (SC),83
TAMIL NADU,Gummidipoondi,84
TAMIL NADU,Harbour,85
TAMIL NADU,Harur (SC),86
TAMIL NADU,Hosur,87
TAMIL NADU,Jayankondam,88
TAMIL NADU,Jolarpet,89
TAMIL NADU,Kadayanallur,90
TAMIL NADU,Kalasapakkam,91
TAMIL NADU,Kallakurichi (SC),92
TAMIL NADU,Kancheepuram,93
TAMIL NADU,Kangayam,94
TAMIL NADU,Kanniyakumari,95
TAMIL NADU,Karaikudi,96
TAMIL NADU,Karur,97
TAMIL NADU,Katpadi,98
TAMIL NADU,Kattumannarkoil(SC),99
TAMIL NADU,Kavundampalayam,100
TAMIL NADU,Killiyoor,1
TAMIL NADU,Kilpennathur,2
TAMIL NADU,Kilvaithinankuppam(SC,3
TAMIL NADU,Kilvelur (SC),4
TAMIL NADU,Kinathukadavu,5
TAMIL NADU,Kolathur,6
TAMIL NADU,Kovilpatti,7
TAMIL NADU,Krishnagiri,8
TAMIL NADU,Krishnarayapuram(SC),9
TAMIL NADU,Kulithalai,10
TAMIL NADU,Kumarapalayam,11
TAMIL NADU,Kumbakonam,12
TAMIL NADU,Kunnam,13
TAMIL NADU,Kurinjipadi,14
TAMIL NADU,Lalgudi,15
TAMIL NADU,Madathukulam,16
TAMIL NADU,Madavaram,17
TAMIL NADU,Madurai Central,18
TAMIL NADU,Madurai East,19
TAMIL NADU,Madurai North,20
TAMIL NADU,Madurai South,21
TAMIL NADU,Madurai West,22
TAMIL NADU,Madurantakam (SC),23
TAMIL NADU,Maduravoyal,24
TAMIL NADU,Mailam,25
TAMIL NADU,Manachanallur,26
TAMIL NADU,Manamadurai(SC),27
TAMIL NADU,Manapparai,28
TAMIL NADU,Mannargudi,29
TAMIL NADU,Mayiladuthurai,30
TAMIL NADU,Melur,31
TAMIL NADU,Mettuppalayam,32
TAMIL NADU,Mettur,33
TAMIL NADU,Modakkurichi,34
TAMIL NADU,Mudhukulathur,35
TAMIL NADU,Musiri,36
TAMIL NADU,Mylapore,37
TAMIL NADU,Nagapattinam,38
TAMIL NADU,Nagercoil,39
TAMIL NADU,Namakkal,40
TAMIL NADU,Nanguneri,41
TAMIL NADU,Nannilam,42
TAMIL NADU,Natham,43
TAMIL NADU,Neyveli,44
TAMIL NADU,Nilakkottai (SC),45
TAMIL NADU,Oddanchatram,46
TAMIL NADU,Omalur,47
TAMIL NADU,Orathanadu,48
TAMIL NADU,Ottapidaram(SC),49
TAMIL NADU,Padmanabhapuram,50
TAMIL NADU,Palacodu,51
TAMIL NADU,Palani,52
TAMIL NADU,Palayamkottai,53
TAMIL NADU,Palladam,54
TAMIL NADU,Pallavaram,55
TAMIL NADU,Panruti,56
TAMIL NADU,Papanasam,57
TAMIL NADU,Pappireddippatti,58
TAMIL NADU,Paramakudi (SC),59
TAMIL NADU,Paramathi-Velur,60
TAMIL NADU,Pattukkottai,61
TAMIL NADU,Pennagaram,62
TAMIL NADU,Perambalur (SC),63
TAMIL NADU,Perambur,64
TAMIL NADU,Peravurani,65
TAMIL NADU,Periyakulam,66
TAMIL NADU,Perundurai,67
TAMIL NADU,Pollachi,68
TAMIL NADU,Polur,69
TAMIL NADU,Ponneri (SC),70
TAMIL NADU,Poompuhar,71
TAMIL NADU,Poonamallee (SC),72
TAMIL NADU,Pudukkottai,73
TAMIL NADU,Radhapuram,74
TAMIL NADU,Rajapalayam,75
TAMIL NADU,Ramanathapuram,76
TAMIL NADU,Ranipet,77
TAMIL NADU,Rasipuram (SC),78
TAMIL NADU,Rishivandiyam,79
TAMIL NADU,Royapuram,80
TAMIL NADU,Saidapet,81
TAMIL NADU,Salem (North),82
TAMIL NADU,Salem (South),83
TAMIL NADU,Salem (West),84
TAMIL NADU,Sankarankovil(SC),85
TAMIL NADU,Sankarapuram,86
TAMIL NADU,Sankari,87
TAMIL NADU,Sattur,88
TAMIL NADU,Senthamangalam(ST),89
TAMIL NADU,Sholavandan(SC),90
TAMIL NADU,Sholingur,91
TAMIL NADU,Shozhinganallur,92
TAMIL NADU,Singanallur,93
TAMIL NADU,Sirkazhi (SC),94
TAMIL NADU,Sivaganga,95
TAMIL NADU,Sivakasi,96
TAMIL NADU,Sriperumbudur (SC),97
TAMIL NADU,Srirangam,98
TAMIL NADU,Srivaikuntam,99
TAMIL NADU,Srivilliputhur(SC),100
TAMIL NADU,Sulur,1
TAMIL NADU,Tambaram,2
TAMIL NADU,Tenkasi,3
TAMIL NADU,Thalli,4
TAMIL NADU,Thanjavur,5
TAMIL NADU,Thiru-Vi-Ka-Nagar(SC),6
TAMIL NADU,Thirumangalam,7
TAMIL NADU,Thirumayam,8
TAMIL NADU,Thiruparankundram,9
TAMIL NADU,Thiruporur,10
TAMIL NADU,Thiruthuraipoondi(SC),11
TAMIL NADU,Thiruvaiyaru,12
TAMIL NADU,Thiruvallur,13
TAMIL NADU,Thiruvarur,14
TAMIL NADU,Thiruverumbur,15
TAMIL NADU,Thiruvidaimarudur,16
TAMIL NADU,Thiyagarayanagar,17
TAMIL NADU,Thondamuthur,18
TAMIL NADU,Thoothukkudi,19
TAMIL NADU,Thousand Lights,20
TAMIL NADU,Thuraiyur (SC),21
TAMIL NADU,Tindivanam (SC),22
TAMIL NADU,Tiruchendur,23
TAMIL NADU,Tiruchengodu,24
TAMIL NADU,Tiruchirappalli,25
TAMIL NADU,Tiruchuli,26
TAMIL NADU,Tirukkoyilur,27
TAMIL NADU,Tirunelveli,28
TAMIL NADU,Tiruppattur,29
TAMIL NADU,Tiruppur (North),30
TAMIL NADU,Tiruppur (South),31
TAMIL NADU,Tiruttani,32
TAMIL NADU,Tiruvadanai,33
TAMIL NADU,Tiruvannamalai,34
TAMIL NADU,Tiruvottiyur,35
TAMIL NADU,Tittakudi (SC),36
TAMIL NADU,Udhagamandalam,37
TAMIL NADU,Udumalaipettai,38
TAMIL NADU,Ulundurpettai,39
TAMIL NADU,Usilampatti,40
TAMIL NADU,Uthangarai (SC),41
TAMIL NADU,Uthiramerur,42
TAMIL NADU,Valparai (SC),43
TAMIL NADU,Vandavasi (SC),44
TAMIL NADU,Vaniyambadi,45
TAMIL NADU,Vanur (SC),46
TAMIL NADU,Vasudevanallur(SC),47
TAMIL NADU,Vedaranyam,48
TAMIL NADU,Vedasandur,49
TAMIL NADU,Veerapandi,50
TAMIL NADU,Velachery,51
TAMIL NADU,Vellore,52
TAMIL NADU,Veppanahalli,53
TAMIL NADU,Vikravandi,54
TAMIL NADU,Vilathikulam,55
TAMIL NADU,Vilavancode,56
TAMIL NADU,Villivakkam,57
TAMIL NADU,Viluppuram,58
TAMIL NADU,Viralimalai,59
TAMIL NADU,Virudhunagar,60
TAMIL NADU,Virugampakkam,61
TAMIL NADU,Vriddhachalam,62
TAMIL NADU,Yercaud (ST),63
TRIPURA,AGARTALA,64
TRIPURA,AMARPUR,65
TRIPURA,AMBASSA (ST),66
TRIPURA,AMPINAGAR (ST),67
TRIPURA,ASHARAMBARI (ST),68
TRIPURA,BADHARGHAT (SC),69
TRIPURA,BAGBASSA,70
TRIPURA,BAGMA (ST),71
TRIPURA,BAMUTIA (SC),72
TRIPURA,BANAMALIPUR,73
TRIPURA,BARJALA (SC),74
TRIPURA,BELONIA,75
TRIPURA,BISHALGARH,76
TRIPURA,BOXANAGAR,77
TRIPURA,CHANDIPUR,78
TRIPURA,CHARILAM (ST),79
TRIPURA,CHHAWMANU (ST),80
TRIPURA,DHANPUR,81
TRIPURA,DHARMANAGAR,82
TRIPURA,FATIKROY (SC),83
TRIPURA,GOLAGHATI (ST),84
TRIPURA,HRISHYAMUKH,85
TRIPURA,JOLAIBARI (ST),86
TRIPURA,JUBARAJNAGAR,87
TRIPURA,KADAMTALA - KURTI,88
TRIPURA,KAILASAHAR,89
TRIPURA,KAKRABAN-SALGARAH(SC),90
TRIPURA,KALYANPUR-PRAMODENAGAR,91
TRIPURA,KAMALASAGAR,92
TRIPURA,KAMALPUR,93
TRIPURA,KANCHANPUR (ST),94
TRIPURA,KARAMCHHARA (ST),95
TRIPURA,KARBOOK (ST),96
TRIPURA,KHAYERPUR,97
TRIPURA,KHOWAI,98
TRIPURA,KRISHNAPUR (ST),99
TRIPURA,MAJLISHPUR,100
TRIPURA,MANDAIBAZAR(ST),1
TRIPURA,MANU (ST),2
TRIPURA,MATARBARI,3
TRIPURA,MOHANPUR,4
TRIPURA,NALCHAR (SC),5
TRIPURA,PABIACHHARA (SC),6
TRIPURA,PANISAGAR,7
TRIPURA,PENCHARTHAL (ST),8
TRIPURA,PRATAPGARH (SC),9
TRIPURA,RADHAKISHOREPUR,10
TRIPURA,RAIMA VALLEY (ST),11
TRIPURA,RAJNAGAR (SC),12
TRIPURA,RAMCHANDRAGHAT(ST),13
TRIPURA,RAMNAGAR,14
TRIPURA,SABROOM,15
TRIPURA,SANTIRBAZAR (ST),16
TRIPURA,SIMNA (ST),17
TRIPURA,SONAMURA,18
TRIPURA,SURMA (SC),19
TRIPURA,SURYAMANINAGAR,20
TRIPURA,TAKARJALA (ST),21
TRIPURA,TELIAMURA,22
TRIPURA,TOWN BORDOWALI,23
UTTAR PRADESH,Agra Cantt. (SC),24
UTTAR PRADESH,Agra North,25
UTTAR PRADESH,Agra Rural (SC),26
UTTAR PRADESH,Agra South,27
UTTAR PRADESH,Ajagara (SC),28
UTTAR PRADESH,Akbarpur,29
UTTAR PRADESH,Akbarpur-Raniya,30
UTTAR PRADESH,Alapur (SC),31
UTTAR PRADESH,Aliganj,32
UTTAR PRADESH,Aligarh,33
UTTAR PRADESH,Allahabad North,34
UTTAR PRADESH,Allahabad South,35
UTTAR PRADESH,Allahabad West,36
UTTAR PRADESH,Amanpur,37
UTTAR PRADESH,Amethi,38
UTTAR PRADESH,Amritpur,39
UTTAR PRADESH,Amroha,40
UTTAR PRADESH,Anupshahr,41
UTTAR PRADESH,Aonla,42
UTTAR PRADESH,Arya Nagar,43
UTTAR PRADESH,Asmoli,44
UTTAR PRADESH,Atrauli,45
UTTAR PRADESH,Atrauliya,46
UTTAR PRADESH,Aurai (SC),47
UTTAR PRADESH,Auraiya (SC),48
UTTAR PRADESH,Ayah Shah,49
UTTAR PRADESH,Ayodhya,50
UTTAR PRADESH,Azamgarh,51
UTTAR PRADESH,Babaganj (SC),52
UTTAR PRADESH,Baberu,53
UTTAR PRADESH,Babina,54
UTTAR PRADESH,Bachhrawan (SC),55
UTTAR PRADESH,Badaun,56
UTTAR PRADESH,Badlapur,57
UTTAR PRADESH,Baghpat,58
UTTAR PRADESH,Bah,59
UTTAR PRADESH,Baheri,60
UTTAR PRADESH,Bahraich,61
UTTAR PRADESH,Bairia,62
UTTAR PRADESH,Bakshi Kaa Talab,63
UTTAR PRADESH,Balamau (SC),64
UTTAR PRADESH,Baldev (SC),65
UTTAR PRADESH,Balha (SC),66
UTTAR PRADESH,Ballia Nagar,67
UTTAR PRADESH,Balrampur (SC),68
UTTAR PRADESH,Banda,69
UTTAR PRADESH,Bangermau,70
UTTAR PRADESH,Bansdih,71
UTTAR PRADESH,Bansgaon (SC),72
UTTAR PRADESH,Bansi,73
UTTAR PRADESH,Bara (SC),74
UTTAR PRADESH,Barabanki,75
UTTAR PRADESH,Barauli,76
UTTAR PRADESH,Baraut,77
UTTAR PRADESH,Bareilly,78
UTTAR PRADESH,Bareilly Cantt.,79
UTTAR PRADESH,Barhaj,80
UTTAR PRADESH,Barhapur,81
UTTAR PRADESH,Barkhera,82
UTTAR PRADESH,Basti Sadar,83
UTTAR PRADESH,Behat,84
UTTAR PRADESH,Belthara Road (SC),85
UTTAR PRADESH,Bhadohi,86
UTTAR PRADESH,Bhagwantnagar,87
UTTAR PRADESH,Bharthana (SC),88
UTTAR PRADESH,Bhatpar Rani,89
UTTAR PRADESH,Bhinga,90
UTTAR PRADESH,Bhognipur,91
UTTAR PRADESH,Bhojipura,92
UTTAR PRADESH,Bhojpur,93
UTTAR PRADESH,Bhongaon,94
UTTAR PRADESH,Bidhuna,95
UTTAR PRADESH,Bijnor,96
UTTAR PRADESH,Bikapur,97
UTTAR PRADESH,Bilari,98
UTTAR PRADESH,Bilaspur,99
UTTAR PRADESH,Bilgram-Mallanwan,100
UTTAR PRADESH,Bilhaur (SC),1
UTTAR PRADESH,Bilsi,2
UTTAR PRADESH,Bindki,3
UTTAR PRADESH,Bisalpur,4
UTTAR PRADESH,Bisauli (SC),5
UTTAR PRADESH,Bishwavnathganj,6
UTTAR PRADESH,Biswan,7
UTTAR PRADESH,Bithari Chainpur,8
UTTAR PRADESH,Bithoor,9
UTTAR PRADESH,Budhana,10
UTTAR PRADESH,Bulandshahr,11
UTTAR PRADESH,Caimpiyarganj,12
UTTAR PRADESH,Chail,13
UTTAR PRADESH,Chakia (SC),14
UTTAR PRADESH,Chamraua,15
UTTAR PRADESH,Chandausi (SC),16
UTTAR PRADESH,Chandpur,17
UTTAR PRADESH,Charkhari,18
UTTAR PRADESH,Charthawal,19
UTTAR PRADESH,Chauri-Chaura,20
UTTAR PRADESH,Chhanbey (SC),21
UTTAR PRADESH,Chhaprauli,22
UTTAR PRADESH,Chharra,23
UTTAR PRADESH,Chhata,24
UTTAR PRADESH,Chhibramau,25
UTTAR PRADESH,Chillupar,26
UTTAR PRADESH,Chitrakoot,27
UTTAR PRADESH,Chunar,28
UTTAR PRADESH,Colonelganj,29
UTTAR PRADESH,Dadraul,30
UTTAR PRADESH,Dadri,31
UTTAR PRADESH,Dariyabad,32
UTTAR PRADESH,Dataganj,33
UTTAR PRADESH,Debai,34
UTTAR PRADESH,Deoband,35
UTTAR PRADESH,Deoria,36
UTTAR PRADESH,Dhampur,37
UTTAR PRADESH,Dhanaura (SC),38
UTTAR PRADESH,Dhanghata (SC),39
UTTAR PRADESH,Dhaurahra,40
UTTAR PRADESH,Dholana,41
UTTAR PRADESH,Dibiyapur,42
UTTAR PRADESH,Didarganj,43
UTTAR PRADESH,Domariyaganj,44
UTTAR PRADESH,Duddhi (SC),45
UTTAR PRADESH,Etah,46
UTTAR PRADESH,Etawah,47
UTTAR PRADESH,Etmadpur,48
UTTAR PRADESH,Faridpur (SC),49
UTTAR PRADESH,Farrukhabad,50
UTTAR PRADESH,Fatehabad,51
UTTAR PRADESH,Fatehpur,52
UTTAR PRADESH,Fatehpur Sikri,53
UTTAR PRADESH,Fazilnagar,54
UTTAR PRADESH,Firozabad,55
UTTAR PRADESH,Gainsari,56
UTTAR PRADESH,Gangoh,57
UTTAR PRADESH,Garautha,58
UTTAR PRADESH,Garhmukteshwar,59
UTTAR PRADESH,Gaura,60
UTTAR PRADESH,Gauriganj,61
UTTAR PRADESH,Ghatampur (SC),62
UTTAR PRADESH,Ghaziabad,63
UTTAR PRADESH,Ghazipur,64
UTTAR PRADESH,Ghorawal,65
UTTAR PRADESH,Ghosi,66
UTTAR PRADESH,Gola Gokrannath,67
UTTAR PRADESH,Gonda,68
UTTAR PRADESH,Gopalpur,69
UTTAR PRADESH,Gopamau (SC),70
UTTAR PRADESH,Gorakhpur Rural,71
UTTAR PRADESH,Gorakhpur Urban,72
UTTAR PRADESH,Goshainganj,73
UTTAR PRADESH,Goverdhan,74
UTTAR PRADESH,Govindnagar,75
UTTAR PRADESH,Gunnaur,76
UTTAR PRADESH,Gyanpur,77
UTTAR PRADESH,Haidergarh (SC),78
UTTAR PRADESH,Hamirpur,79
UTTAR PRADESH,Handia,80
UTTAR PRADESH,Hapur (SC),81
UTTAR PRADESH,Harchandpur,82
UTTAR PRADESH,Hardoi,83
UTTAR PRADESH,Hargaon (SC),84
UTTAR PRADESH,Harraiya,85
UTTAR PRADESH,Hasanpur,86
UTTAR PRADESH,Hastinapur (SC),87
UTTAR PRADESH,Hata,88
UTTAR PRADESH,Hathras (SC),89
UTTAR PRADESH,Husainganj,90
UTTAR PRADESH,Iglas (SC),91
UTTAR PRADESH,Isauli,92
UTTAR PRADESH,Itwa,93
UTTAR PRADESH,Jagdishpur (SC),94
UTTAR PRADESH,Jahanabad,95
UTTAR PRADESH,Jakhanian,96
UTTAR PRADESH,Jalalabad,97
UTTAR PRADESH,Jalalpur,98
UTTAR PRADESH,Jalesar (SC),99
UTTAR PRADESH,Jangipur (SC),100
UTTAR PRADESH,Jasrana,1
UTTAR PRADESH,Jaswantnagar,2
UTTAR PRADESH,Jaunpur,3
UTTAR PRADESH,Jewar,4
UTTAR PRADESH,Jhansi Nagar,5
UTTAR PRADESH,Kadipur (SC),6
UTTAR PRADESH,Kaimganj (SC),7
UTTAR PRADESH,Kairana,8
UTTAR PRADESH,Kaiserganj,9
UTTAR PRADESH,Kalpi,10
UTTAR PRADESH,Kalyanpur,11
UTTAR PRADESH,Kannauj (SC),12
UTTAR PRADESH,Kanpur Cantt.,13
UTTAR PRADESH,Kanth,14
UTTAR PRADESH,Kapilvastu (SC),15
UTTAR PRADESH,Kaptanganj,16
UTTAR PRADESH,Karachhana,17
UTTAR PRADESH,Karhal,18
UTTAR PRADESH,Kasganj,19
UTTAR PRADESH,Kasta (SC),20
UTTAR PRADESH,Katehari,21
UTTAR PRADESH,Katra,22
UTTAR PRADESH,Katra Bazar,23
UTTAR PRADESH,Kerakat (SC),24
UTTAR PRADESH,Khadda,25
UTTAR PRADESH,Khaga (SC),26
UTTAR PRADESH,Khair (SC),27
UTTAR PRADESH,Khajani (SC),28
UTTAR PRADESH,Khalilabad,29
UTTAR PRADESH,Khatauli,30
UTTAR PRADESH,Kheragarh,31
UTTAR PRADESH,Khurja (SC),32
UTTAR PRADESH,Kidwai Nagar,33
UTTAR PRADESH,Kishani (SC),34
UTTAR PRADESH,Kithore,35
UTTAR PRADESH,Koil,36
UTTAR PRADESH,Koraon (SC),37
UTTAR PRADESH,Kunda,38
UTTAR PRADESH,Kundarki,39
UTTAR PRADESH,Kursi,40
UTTAR PRADESH,Kushinagar,41
UTTAR PRADESH,Laharpur,42
UTTAR PRADESH,Lakhimpur,43
UTTAR PRADESH,Lalganj (SC),44
UTTAR PRADESH,Lalitpur,45
UTTAR PRADESH,Lambhua,46
UTTAR PRADESH,Loni,47
UTTAR PRADESH,Lucknow Cantt.,48
UTTAR PRADESH,Lucknow Central,49
UTTAR PRADESH,Lucknow East,50
UTTAR PRADESH,Lucknow North,51
UTTAR PRADESH,Lucknow West,52
UTTAR PRADESH,Machhlishahr (SC),53
UTTAR PRADESH,Madhaugarh,54
UTTAR PRADESH,Madhuban,55
UTTAR PRADESH,Mahadewa (SC),56
UTTAR PRADESH,Maharajganj (SC),57
UTTAR PRADESH,Maharajpur,58
UTTAR PRADESH,Mahasi,59
UTTAR PRADESH,Mahmoodabad,60
UTTAR PRADESH,Mahoba,61
UTTAR PRADESH,Maholi,62
UTTAR PRADESH,Mainpuri,63
UTTAR PRADESH,Majhawan,64
UTTAR PRADESH,Malhani,65
UTTAR PRADESH,Malihabad (SC),66
UTTAR PRADESH,Manikpur,67
UTTAR PRADESH,Manjhanpur (SC),68
UTTAR PRADESH,Mankapur (SC),69
UTTAR PRADESH,Mant,70
UTTAR PRADESH,Marhara,71
UTTAR PRADESH,Marihan,72
UTTAR PRADESH,Mariyahu,73
UTTAR PRADESH,Matera,74
UTTAR PRADESH,Mathura,75
UTTAR PRADESH,Mau,76
UTTAR PRADESH,Mauranipur (SC),77
UTTAR PRADESH,Meerapur,78
UTTAR PRADESH,Meerganj,79
UTTAR PRADESH,Meerut,80
UTTAR PRADESH,Meerut Cantt.,81
UTTAR PRADESH,Meerut South,82
UTTAR PRADESH,Mehnagar (SC),83
UTTAR PRADESH,Mehnaun,84
UTTAR PRADESH,Mehroni (SC),85
UTTAR PRADESH,Meja,86
UTTAR PRADESH,Menhdawal,87
UTTAR PRADESH,Milak (SC),88
UTTAR PRADESH,Milkipur (SC),89
UTTAR PRADESH,Mirzapur,90
UTTAR PRADESH,Misrikh (SC),91
UTTAR PRADESH,Modi Nagar,92
UTTAR PRADESH,Mohammadabad,93
UTTAR PRADESH,Mohammdi,94
UTTAR PRADESH,Mohan (SC),95
UTTAR PRADESH,Mohanlalganj (SC),96
UTTAR PRADESH,Moradabad Nagar,97
UTTAR PRADESH,Moradabad Rural,98
UTTAR PRADESH,Mubarakpur,99
UTTAR PRADESH,Mughalsarai,100
UTTAR PRADESH,Muhammadabad-Gohna (SC),1
UTTAR PRADESH,Mungra Badshahpur,2
UTTAR PRADESH,Muradnagar,3
UTTAR PRADESH,Muzaffar Nagar,4
UTTAR PRADESH,Nagina (SC),5
UTTAR PRADESH,Najibabad,6
UTTAR PRADESH,Nakur,7
UTTAR PRADESH,Nanpara,8
UTTAR PRADESH,Naraini (SC),9
UTTAR PRADESH,Naugawan Sadat,10
UTTAR PRADESH,Nautanwa,11
UTTAR PRADESH,Nawabganj,12
UTTAR PRADESH,Nehtaur (SC),13
UTTAR PRADESH,Nighasan,14
UTTAR PRADESH,Nizamabad,15
UTTAR PRADESH,Noida,16
UTTAR PRADESH,Noorpur,17
UTTAR PRADESH,Obra,18
UTTAR PRADESH,Orai (SC),19
UTTAR PRADESH,Padrauna,20
UTTAR PRADESH,Palia,21
UTTAR PRADESH,Paniyra,22
UTTAR PRADESH,Pathardeva,23
UTTAR PRADESH,Patiyali,24
UTTAR PRADESH,Patti,25
UTTAR PRADESH,Payagpur,26
UTTAR PRADESH,Phaphamau,27
UTTAR PRADESH,Pharenda,28
UTTAR PRADESH,Phephana,29
UTTAR PRADESH,Phoolpur-Pawai,30
UTTAR PRADESH,Phulpur,31
UTTAR PRADESH,Pilibhit,32
UTTAR PRADESH,Pindra,33
UTTAR PRADESH,Pipraich,34
UTTAR PRADESH,Powayan (SC),35
UTTAR PRADESH,Pratapgarh,36
UTTAR PRADESH,Pratappur,37
UTTAR PRADESH,Puranpur (SC),38
UTTAR PRADESH,Purqazi (SC),39
UTTAR PRADESH,Purwa,40
UTTAR PRADESH,Rae Bareli,41
UTTAR PRADESH,Ram Nagar,42
UTTAR PRADESH,Ramkola (SC),43
UTTAR PRADESH,Rampur,44
UTTAR PRADESH,Rampur Karkhana,45
UTTAR PRADESH,Rampur Khas,46
UTTAR PRADESH,Rampur Maniharan(SC),47
UTTAR PRADESH,Raniganj,48
UTTAR PRADESH,Rasara,49
UTTAR PRADESH,Rasulabad (SC),50
UTTAR PRADESH,Rath (SC),51
UTTAR PRADESH,Robertsganj,52
UTTAR PRADESH,Rohaniya,53
UTTAR PRADESH,Rudauli,54
UTTAR PRADESH,Rudhauli,55
UTTAR PRADESH,Rudrapur,56
UTTAR PRADESH,Sadabad,57
UTTAR PRADESH,Sadar,58
UTTAR PRADESH,Safipur (SC),59
UTTAR PRADESH,Sagri,60
UTTAR PRADESH,Sahajanwa,61
UTTAR PRADESH,Saharanpur,62
UTTAR PRADESH,Saharanpur Nagar,63
UTTAR PRADESH,Sahaswan,64
UTTAR PRADESH,Sahibabad,65
UTTAR PRADESH,Saidpur (SC),66
UTTAR PRADESH,Saiyadraja,67
UTTAR PRADESH,Sakaldiha,68
UTTAR PRADESH,Salempur (SC),69
UTTAR PRADESH,Salon (SC),70
UTTAR PRADESH,Sambhal,71
UTTAR PRADESH,Sandi (SC),72
UTTAR PRADESH,Sandila,73
UTTAR PRADESH,Sardhana,74
UTTAR PRADESH,Sareni,75
UTTAR PRADESH,Sarojini Nagar,76
UTTAR PRADESH,Sawaijpur,77
UTTAR PRADESH,Sevapuri,78
UTTAR PRADESH,Sevata,79
UTTAR PRADESH,Shahabad,80
UTTAR PRADESH,Shahganj,81
UTTAR PRADESH,Shahjahanpur,82
UTTAR PRADESH,Shamli,83
UTTAR PRADESH,Shekhupur,84
UTTAR PRADESH,Shikarpur,85
UTTAR PRADESH,Shikohabad,86
UTTAR PRADESH,Shivpur,87
UTTAR PRADESH,Shohratgarh,88
UTTAR PRADESH,Shrawasti,89
UTTAR PRADESH,Sidhauli (SC),90
UTTAR PRADESH,Sikanderpur,91
UTTAR PRADESH,Sikandra,92
UTTAR PRADESH,Sikandra Rao,93
UTTAR PRADESH,Sikandrabad,94
UTTAR PRADESH,Sirathu,95
UTTAR PRADESH,Sirsaganj,96
UTTAR PRADESH,Sishamau,97
UTTAR PRADESH,Siswa,98
UTTAR PRADESH,Sitapur,99
UTTAR PRADESH,Siwalkhas,100
UTTAR PRADESH,Soraon (SC),1
UTTAR PRADESH,Sri Nagar (SC),2
UTTAR PRADESH,Suar,3
UTTAR PRADESH,Sultanpur,4
UTTAR PRADESH,Syana,5
UTTAR PRADESH,Tamkuhi Raj,6
UTTAR PRADESH,Tanda,7
UTTAR PRADESH,Tarabganj,8
UTTAR PRADESH,Thakurdwara,9
UTTAR PRADESH,Thana Bhawan,10
UTTAR PRADESH,Tilhar,11
UTTAR PRADESH,Tiloi,12
UTTAR PRADESH,Tindwari,13
UTTAR PRADESH,Tirwa,14
UTTAR PRADESH,Tulsipur,15
UTTAR PRADESH,Tundla (SC),16
UTTAR PRADESH,Unchahar,17
UTTAR PRADESH,Unnao,18
UTTAR PRADESH,Utraula,19
UTTAR PRADESH,Varanasi Cantt.,20
UTTAR PRADESH,Varanasi North,21
UTTAR PRADESH,Varanasi South,22
UTTAR PRADESH,Zafrabad,23
UTTAR PRADESH,Zahoorabad,24
UTTAR PRADESH,Zaidpur (SC),25
UTTAR PRADESH,Zamania,26
UTTARKHAND,Almora,27
UTTARKHAND,B.H.E.L. Ranipu,28
UTTARKHAND,Badrinath,29
UTTARKHAND,Bageshwar (SC),30
UTTARKHAND,Bajpur (SC),31
UTTARKHAND,Bhagwanpur (SC),32
UTTARKHAND,Bhimtal,33
UTTARKHAND,Chakrata (ST),34
UTTARKHAND,Champawat,35
UTTARKHAND,Chaubattakhal,36
UTTARKHAND,Dehradun Cantt.,37
UTTARKHAND,Deoprayag,38
UTTARKHAND,Dhanolti,39
UTTARKHAND,Dharampur,40
UTTARKHAND,Dharchula,41
UTTARKHAND,Didihat,42
UTTARKHAND,Doiwala,43
UTTARKHAND,Dwarahat,44
UTTARKHAND,Gadarpur,45
UTTARKHAND,Gangolihat (SC),46
UTTARKHAND,Gangotri,47
UTTARKHAND,Ghanshali (SC),48
UTTARKHAND,Haldwani,49
UTTARKHAND,Hardwar,50
UTTARKHAND,Hardwar Rural,51
UTTARKHAND,Jageshwar,52
UTTARKHAND,Jaspur,53
UTTARKHAND,Jhabrera (SC),54
UTTARKHAND,Jwalapur (SC),55
UTTARKHAND,Kaladhungi,56
UTTARKHAND,Kapkote,57
UTTARKHAND,Karnprayag,58
UTTARKHAND,Kashipur,59
UTTARKHAND,Kedarnath,60
UTTARKHAND,Khanpur,61
UTTARKHAND,Khatima,62
UTTARKHAND,Kichha,63
UTTARKHAND,Kotdwar,64
UTTARKHAND,Laksar,65
UTTARKHAND,Lalkuwa,66
UTTARKHAND,Lansdowne,67
UTTARKHAND,Lohaghat,68
UTTARKHAND,Manglaur,69
UTTARKHAND,Mussoorie,70
UTTARKHAND,Nainital (SC),71
UTTARKHAND,Nanak Matta (ST,72
UTTARKHAND,Narendranagar,73
UTTARKHAND,Pauri (SC),74
UTTARKHAND,Pirankaliyar,75
UTTARKHAND,Pithoragarh,76
UTTARKHAND,Pratapnagar,77
UTTARKHAND,Purola (SC),78
UTTARKHAND,Raipur,79
UTTARKHAND,Rajpur Road (SC,80
UTTARKHAND,Ramnagar,81
UTTARKHAND,Ranikhet,82
UTTARKHAND,Rishikesh,83
UTTARKHAND,Roorkee,84
UTTARKHAND,Rudraprayag,85
UTTARKHAND,Rudrapur,86
UTTARKHAND,Sahaspur,87
UTTARKHAND,Salt,88
UTTARKHAND,Sitarganj,89
UTTARKHAND,Someshwar (SC),90
UTTARKHAND,Srinagar,91
UTTARKHAND,Tehri,92
UTTARKHAND,Tharali (SC),93
UTTARKHAND,Vikasnagar,94
UTTARKHAND,Yamkeshwar,95
UTTARKHAND,Yamunotri,96
WEST BENGAL,ALIPURDUARS,97
WEST BENGAL,AMDANGA,98
WEST BENGAL,AMTA,99
WEST BENGAL,ARAMBAG (SC),100
WEST BENGAL,ASANSOL DAKSHIN,1
WEST BENGAL,ASANSOL UTTAR,2
WEST BENGAL,ASHOKNAGAR,3
WEST BENGAL,AUSGRAM (SC),4
WEST BENGAL,BADURIA,5
WEST BENGAL,BAGDA (SC),6
WEST BENGAL,BAGHMUNDI,7
WEST BENGAL,BAGNAN,8
WEST BENGAL,BAHARAMPUR,9
WEST BENGAL,BAISNABNAGAR,10
WEST BENGAL,BALAGARH (SC),11
WEST BENGAL,BALARAMPUR,12
WEST BENGAL,BALLY,13
WEST BENGAL,BALLYGUNGE,14
WEST BENGAL,BALURGHAT,15
WEST BENGAL,BANDWAN (ST),16
WEST BENGAL,BANGAON DAKSHIN (SC),17
WEST BENGAL,BANGAON UTTAR (SC),18
WEST BENGAL,BANKURA,19
WEST BENGAL,BARABANI,20
WEST BENGAL,BARANAGAR,21
WEST BENGAL,BARASAT,22
WEST BENGAL,BARDHAMAN DAKSHIN,23
WEST BENGAL,BARDHAMAN UTTAR,24
WEST BENGAL,BARJORA,25
WEST BENGAL,BARRACKPUR,26
WEST BENGAL,BARUIPUR PASCHIM,27
WEST BENGAL,BARUIPUR PURBA(SC),28
WEST BENGAL,BASANTI (SC),29
WEST BENGAL,BASIRHAT DAKSHIN,30
WEST BENGAL,BASIRHAT UTTAR,31
WEST BENGAL,BEHALA PASCHIM,32
WEST BENGAL,BEHALA PURBA,33
WEST BENGAL,BELDANGA,34
WEST BENGAL,BELEGHATA,35
WEST BENGAL,BHABANIPUR,36
WEST BENGAL,BHAGABANGOLA,37
WEST BENGAL,BHAGABANPUR,38
WEST BENGAL,BHANGAR,39
WEST BENGAL,BHARATPUR,40
WEST BENGAL,BHATAR,41
WEST BENGAL,BHATPARA,42
WEST BENGAL,BIDHANNAGAR,43
WEST BENGAL,BIJPUR,44
WEST BENGAL,BINPUR (ST),45
WEST BENGAL,BISHNUPUR,46
WEST BENGAL,BISHNUPUR (SC),47
WEST BENGAL,BOLPUR,48
WEST BENGAL,BUDGE BUDGE,49
WEST BENGAL,BURWAN (SC),50
WEST BENGAL,CANNING PASCHIM(SC),51
WEST BENGAL,CANNING PURBA,52
WEST BENGAL,CHAKDAHA,53
WEST BENGAL,CHAKULIA,54
WEST BENGAL,CHAMPDANI,55
WEST BENGAL,CHANCHAL,56
WEST BENGAL,CHANDANNAGAR,57
WEST BENGAL,CHANDIPUR,58
WEST BENGAL,CHANDITALA,59
WEST BENGAL,CHANDRAKONA (SC),60
WEST BENGAL,CHAPRA,61
WEST BENGAL,CHHATNA,62
WEST BENGAL,CHOPRA,63
WEST BENGAL,CHOWRANGEE,64
WEST BENGAL,CHUNCHURA,65
WEST BENGAL,COOCHBEHAR DAKSHIN,66
WEST BENGAL,COOCHBEHAR UTTAR (SC),67
WEST BENGAL,DABGRAM-PHULBARI,68
WEST BENGAL,DANTAN,69
WEST BENGAL,DARJEELING,70
WEST BENGAL,DASPUR,71
WEST BENGAL,DEBRA,72
WEST BENGAL,DEGANGA,73
WEST BENGAL,DHANEKHALI(SC),74
WEST BENGAL,DHUPGURI (SC),75
WEST BENGAL,DIAMOND HARBOUR,76
WEST BENGAL,DINHATA,77
WEST BENGAL,DOMJUR,78
WEST BENGAL,DOMKAL,79
WEST BENGAL,DUBRAJPUR (SC),80
WEST BENGAL,DUM DUM,81
WEST BENGAL,DUM DUM UTTAR,82
WEST BENGAL,DURGAPUR PASCHIM,83
WEST BENGAL,DURGAPUR PURBA,84
WEST BENGAL,EGRA,85
WEST BENGAL,ENGLISH BAZAR,86
WEST BENGAL,ENTALLY,87
WEST BENGAL,FALAKATA (SC),88
WEST BENGAL,FALTA,89
WEST BENGAL,FARAKKA,90
WEST BENGAL,GAIGHATA (SC),91
WEST BENGAL,GALSI (SC),92
WEST BENGAL,GANGARAMPUR (SC),93
WEST BENGAL,GARBETA,94
WEST BENGAL,GAZOLE (SC),95
WEST BENGAL,GHATAL (SC),96
WEST BENGAL,GOALPOKHAR,97
WEST BENGAL,GOGHAT (SC),98
WEST BENGAL,GOPIBALLAVPUR,99
WEST BENGAL,GOSABA (SC),100
WEST BENGAL,HABIBPUR (ST),1
WEST BENGAL,HABRA,2
WEST BENGAL,HALDIA (SC),3
WEST BENGAL,HANSAN,4
WEST BENGAL,HARIHARPARA,5
WEST BENGAL,HARINGHATA (SC),6
WEST BENGAL,HARIPAL,7
WEST BENGAL,HARIRAMPUR,8
WEST BENGAL,HARISCHANDRAPUR,9
WEST BENGAL,HAROA,10
WEST BENGAL,HEMTABAD (SC),11
WEST BENGAL,HINGALGANJ (SC),12
WEST BENGAL,HOWRAH DAKSHIN,13
WEST BENGAL,HOWRAH MADHYA,14
WEST BENGAL,HOWRAH UTTAR,15
WEST BENGAL,INDUS (SC),16
WEST BENGAL,ISLAMPUR,17
WEST BENGAL,ITAHAR,18
WEST BENGAL,JADAVPUR,19
WEST BENGAL,JAGATBALLAVPUR,20
WEST BENGAL,JAGATDAL,21
WEST BENGAL,JALANGI,22
WEST BENGAL,JALPAIGURI (SC),23
WEST BENGAL,JAMALPUR (SC),24
WEST BENGAL,JAMURIA,25
WEST BENGAL,JANGIPARA,26
WEST BENGAL,JANGIPUR,27
WEST BENGAL,JAYNAGAR (SC),28
WEST BENGAL,JHARGRAM,29
WEST BENGAL,JORASANKO,30
WEST BENGAL,JOYPUR,31
WEST BENGAL,KAKDWIP,32
WEST BENGAL,KALCHINI (ST),33
WEST BENGAL,KALIAGANJ (SC),34
WEST BENGAL,KALIGANJ,35
WEST BENGAL,KALIMPONG,36
WEST BENGAL,KALNA (SC),37
WEST BENGAL,KALYANI (SC),38
WEST BENGAL,KAMARHATI,39
WEST BENGAL,KANDI,40
WEST BENGAL,KANTHI DAKSHIN,41
WEST BENGAL,KANTHI UTTAR,42
WEST BENGAL,KARANDIGHI,43
WEST BENGAL,KARIMPUR,44
WEST BENGAL,KASBA,45
WEST BENGAL,KASHIPUR,46
WEST BENGAL,KASHIPURBELGACHHIA,47
WEST BENGAL,KATULPUR (SC),48
WEST BENGAL,KATWA,49
WEST BENGAL,KESHIARY (ST),50
WEST BENGAL,KESHPUR (SC),51
WEST BENGAL,KETUGRAM,52
WEST BENGAL,KHANAKUL,53
WEST BENGAL,KHANDAGHOSH (SC),54
WEST BENGAL,KHARAGPUR,55
WEST BENGAL,KHARAGPUR SADAR,56
WEST BENGAL,KHARDAHA,57
WEST BENGAL,KHARGRAM (SC),58
WEST BENGAL,KHEJURI (SC),59
WEST BENGAL,KOLKATA PORT,60
WEST BENGAL,KRISHNAGANJ (SC),61
WEST BENGAL,KRISHNANAGAR DAKSHIN,62
WEST BENGAL,KRISHNANAGAR UTTAR,63
WEST BENGAL,KULPI,64
WEST BENGAL,KULTALI (SC),65
WEST BENGAL,KULTI,66
WEST BENGAL,KUMARGANJ,67
WEST BENGAL,KUMARGRAM (ST),68
WEST BENGAL,KURSEONG,69
WEST BENGAL,KUSHMANDI (SC),70
WEST BENGAL,LABPUR,71
WEST BENGAL,LALGOLA,72
WEST BENGAL,MADARIHAT (ST),73
WEST BENGAL,MADHYAMGRAM,74
WEST BENGAL,MAGRAHAT PASCHIM,75
WEST BENGAL,MAGRAHAT PURBA(SC),76
WEST BENGAL,MAHESHTALA,77
WEST BENGAL,MAHISADAL,78
WEST BENGAL,MAL (ST),79
WEST BENGAL,MALATIPUR,80
WEST BENGAL,MALDAHA (SC),81
WEST BENGAL,MANBAZAR (ST),82
WEST BENGAL,MANDIRBAZAR (SC),83
WEST BENGAL,MANGALKOT,84
WEST BENGAL,MANIKCHAK,85
WEST BENGAL,MANIKTALA,86
WEST BENGAL,MATHABHANGA (SC),87
WEST BENGAL,MATIGARA-NAXALBARI(SC),88
WEST BENGAL,MAYNAGURI (SC),89
WEST BENGAL,MAYURESWAR,90
WEST BENGAL,MEDINIPUR,91
WEST BENGAL,MEKLIGANJ (SC),92
WEST BENGAL,MEMARI,93
WEST BENGAL,METIABURUZ,94
WEST BENGAL,MINAKHAN (SC),95
WEST BENGAL,MONTESWAR,96
WEST BENGAL,MOTHABARI,97
WEST BENGAL,MOYNA,98
WEST BENGAL,MURARAI,99
WEST BENGAL,MURSHIDABAD,100
WEST BENGAL,NABADWIP,1
WEST BENGAL,NABAGRAM (SC),2
WEST BENGAL,NAGRAKATA (ST),3
WEST BENGAL,NAIHATI,4
WEST BENGAL,NAKASHIPARA,5
WEST BENGAL,NALHATI,6
WEST BENGAL,NANDAKUMAR,7
WEST BENGAL,NANDIGRAM,8
WEST BENGAL,NANOOR (SC),9
WEST BENGAL,NAODA,10
WEST BENGAL,NARAYANGARH,11
WEST BENGAL,NATABARI,12
WEST BENGAL,NAYAGRAM (ST),13
WEST BENGAL,NOAPARA,14
WEST BENGAL,ONDA,15
WEST BENGAL,PALASHIPARA,16
WEST BENGAL,PANCHLA,17
WEST BENGAL,PANDABESWAR,18
WEST BENGAL,PANDUA,19
WEST BENGAL,PANIHATI,20
WEST BENGAL,PANSKURA PASCHIM,21
WEST BENGAL,PANSKURA PURBA,22
WEST BENGAL,PARA (SC),23
WEST BENGAL,PATASHPUR,24
WEST BENGAL,PATHARPRATIMA,25
WEST BENGAL,PHANSIDEWA (ST),26
WEST BENGAL,PINGLA,27
WEST BENGAL,PURBASTHALI DAKSHIN,28
WEST BENGAL,PURBASTHALI UTTAR,29
WEST BENGAL,PURSURAH,30
WEST BENGAL,PURULIA,31
WEST BENGAL,RAGHUNATHGANJ,32
WEST BENGAL,RAGHUNATHPUR(SC),33
WEST BENGAL,RAIDIGHI,34
WEST BENGAL,RAIGANJ,35
WEST BENGAL,RAINA (SC),36
WEST BENGAL,RAIPUR (ST),37
WEST BENGAL,RAJARHAT GOPALPUR,38
WEST BENGAL,RAJARHAT NEW TOWN,39
WEST BENGAL,RAJGANJ (SC),40
WEST BENGAL,RAMNAGAR,41
WEST BENGAL,RAMPURHAT,42
WEST BENGAL,RANAGHAT DAKSHIN (SC),43
WEST BENGAL,RANAGHAT UTTAR PASCHIM,44
WEST BENGAL,RANAGHAT UTTAR PURBA(SC),45
WEST BENGAL,RANIBANDH (ST),46
WEST BENGAL,RANIGANJ,47
WEST BENGAL,RANINAGAR,48
WEST BENGAL,RASHBEHARI,49
WEST BENGAL,RATUA,50
WEST BENGAL,REJINAGAR,51
WEST BENGAL,SABANG,52
WEST BENGAL,SAGAR,53
WEST BENGAL,SAGARDIGHI,54
WEST BENGAL,SAINTHIA (SC),55
WEST BENGAL,SALBONI,56
WEST BENGAL,SALTORA (SC),57
WEST BENGAL,SAMSERGANJ,58
WEST BENGAL,SANDESHKHALI (ST),59
WEST BENGAL,SANKRAIL (SC),60
WEST BENGAL,SANTIPUR,61
WEST BENGAL,SAPTAGRAM,62
WEST BENGAL,SATGACHHIA,63
WEST BENGAL,SHIBPUR,64
WEST BENGAL,SHYAMPUKUR,65
WEST BENGAL,SHYAMPUR,66
WEST BENGAL,SILIGURI,67
WEST BENGAL,SINGUR,68
WEST BENGAL,SITAI (SC),69
WEST BENGAL,SITALKUCHI (SC),70
WEST BENGAL,SONAMUKHI (SC),71
WEST BENGAL,SONARPUR DAKSHIN,72
WEST BENGAL,SONARPUR UTTAR,73
WEST BENGAL,SREERAMPUR,74
WEST BENGAL,SUJAPUR,75
WEST BENGAL,SURI,76
WEST BENGAL,SUTI,77
WEST BENGAL,SWARUPNAGAR,78
WEST BENGAL,TALDANGRA,79
WEST BENGAL,TAMLUK,80
WEST BENGAL,TAPAN(ST),81
WEST BENGAL,TARAKESWAR,82
WEST BENGAL,TEHATTA,83
WEST BENGAL,TOLLYGANJ,84
WEST BENGAL,TUFANGANJ,85
WEST BENGAL,UDAYNARAYANPUR,86
WEST BENGAL,ULUBERIA DAKSHIN,87
WEST BENGAL,ULUBERIA PURBA,88
WEST BENGAL,ULUBERIA UTTAR (SC),89
WEST BENGAL,UTTARPARA,90
