category,id,geojson_file,source,year,description,display_name,state,label
state,census-1872-states,India-1872-states.geojson,Census 1872,1872,"State boundaries from the 1872 Census of India","","",""
district,census-1872-districts,India-1872-districts.geojson,Census 1872,1872,"District boundaries from the 1872 Census of India","","",""
state,census-1881-states,India-1881-states.geojson,Census 1881,1881,"State boundaries from the 1881 Census of India","","",""
district,census-1881-districts,India-1881-districts.geojson,Census 1881,1881,"District boundaries from the 1881 Census of India","","",""
state,census-1891-states,India-1891-states.geojson,Census 1891,1891,"State boundaries from the 1891 Census of India","","",""
district,census-1891-districts,India-1891-districts.geojson,Census 1891,1891,"District boundaries from the 1891 Census of India","","",""
state,census-1901-states,India-1901-states.geojson,Census 1901,1901,"State boundaries from the 1901 Census of India","","",""
district,census-1901-districts,India-1901-districts.geojson,Census 1901,1901,"District boundaries from the 1901 Census of India","","",""
state,census-1911-states,India-1911-states.geojson,Census 1911,1911,"State boundaries from the 1911 Census of India","","",""
district,census-1911-districts,India-1911-districts.geojson,Census 1911,1911,"District boundaries from the 1911 Census of India","","",""
state,census-1921-states,India-1921-states.geojson,Census 1921,1921,"State boundaries from the 1921 Census of India","","",""
district,census-1921-districts,India-1921-districts.geojson,Census 1921,1921,"District boundaries from the 1921 Census of India","","",""
state,census-1931-states,India-1931-states.geojson,Census 1931,1931,"State boundaries from the 1931 Census of India","","",""
district,census-1931-districts,India-1931-districts.geojson,Census 1931,1931,"District boundaries from the 1931 Census of India","","",""
state,census-1941-states,India-1941-states.geojson,Census 1941,1941,"State boundaries from the 1941 Census of India","","",""
district,census-1941-districts,India-1941-districts.geojson,Census 1941,1941,"District boundaries from the 1941 Census of India","","",""
state,census-1951-states,India-1951-states.geojson,Census 1951,1951,"State boundaries from the 1951 Census of India","","",""
district,census-1951-districts,India-1951-districts.geojson,Census 1951,1951,"District boundaries from the 1951 Census of India","","",""
state,census-1961-states,India-1961-states.geojson,Census 1961,1961,"State boundaries from the 1961 Census of India","","",""
district,census-1961-districts,India-1961-districts.geojson,Census 1961,1961,"District boundaries from the 1961 Census of India","","",""
state,census-1971-states,India-1971-states.geojson,Census 1971,1971,"State boundaries from the 1971 Census of India","","",""
district,census-1971-districts,India-1971-districts.geojson,Census 1971,1971,"District boundaries from the 1971 Census of India","","",""
state,census-1981-states,India-1981-states.geojson,Census 1981,1981,"State boundaries from the 1981 Census of India","","",""
district,census-1981-districts,India-1981-districts.geojson,Census 1981,1981,"District boundaries from the 1981 Census of India","","",""
state,census-1991-states,India-1991-states.geojson,Census 1991,1991,"State boundaries from the 1991 Census of India","","",""
district,census-1991-districts,India-1991-districts.geojson,Census 1991,1991,"District boundaries from the 1991 Census of India","","",""
state,census-2001-states,India-2001-states.geojson,Census 2001,2001,"State boundaries from the 2001 Census of India","","",""
district,census-2001-districts,India-2001-districts.geojson,Census 2001,2001,"District boundaries from the 2001 Census of India","","",""
state,census-2011-states,India-2011-states.geojson,Census 2011,2011,"State boundaries from the 2011 Census of India","","",""
district,census-2011-districts,India-2011-districts.geojson,Census 2011,2011,"District boundaries from the 2011 Census of India","","",""
state,lgd-states,India_LGD_states.geojson,LGD (Latest Official),2024,"Latest official state boundaries from the Local Government Directory","","",""
district,lgd-districts,India_LGD_districts.geojson,LGD (Latest Official),2024,"Latest official district boundaries from the Local Government Directory","","",""
state,nfhs4-states,India_NFHS4_states_simplified.geojson,NFHS-4 (2015-16),2016,"State boundaries from NFHS-4 survey (2015-16)","","",""
district,nfhs4-districts,India_NFHS4_districts_simplified.geojson,NFHS-4 (2015-16),2016,"District boundaries from NFHS-4 survey (2015-16)","","",""
state,nfhs5-states,India_NFHS5_states_simplified.geojson,NFHS-5 (2019-21),2021,"State boundaries from NFHS-5 survey (2019-21)","","",""
district,nfhs5-districts,India_NFHS5_districts_simplified.geojson,NFHS-5 (2019-21),2021,"District boundaries from NFHS-5 survey (2019-21)","","",""
state,soi-states,India-soi-states.geojson,Survey of India,2020,"State boundaries from the Survey of India","","",""
district,soi-districts,India-soi-districts.geojson,Survey of India,2020,"District boundaries from the Survey of India","","",""
state,bhuvan-states,India-bhuvan-states.geojson,ISRO Bhuvan,2020,"State boundaries from ISRO Bhuvan satellite data","","",""
district,bhuvan-districts,India-bhuvan-districts.geojson,ISRO Bhuvan,2020,"District boundaries from ISRO Bhuvan satellite data","","",""
region,nsso-regions,India_NFHS5_NSSO_regions_boundaries.geojson,NSSO,2021,"NSSO regional boundaries based on NFHS-5","","",""
city,ahmedabad,cities/ahmedabad.geojson,DataMeet,,"","Ahmedabad","Gujarat","Wards"
city,bangalore,cities/bangalore.geojson,DataMeet,,"","Bangalore","Karnataka","BBMP Wards (2022)"
city,bangalore_old_wards,cities/bangalore_old_wards.geojson,DataMeet,,"","Bangalore","Karnataka","Old Wards (pre-2022)"
city,bhopal,cities/bhopal.geojson,DataMeet,,"","Bhopal","Madhya Pradesh","Wards"
city,bhubaneswar,cities/bhubaneswar.geojson,DataMeet,,"","Bhubaneswar","Odisha","Wards"
city,bodh_gaya,cities/bodh_gaya.geojson,DataMeet,,"","Bodh Gaya","Bihar","Wards"
city,chandigarh,cities/chandigarh.geojson,DataMeet,,"","Chandigarh","Chandigarh","Wards"
city,chennai,cities/chennai.geojson,DataMeet,,"","Chennai","Tamil Nadu","Wards"
city,chennai_zones,cities/chennai_zones.geojson,DataMeet,,"","Chennai","Tamil Nadu","Zones"
city,coimbatore,cities/coimbatore.geojson,DataMeet,,"","Coimbatore","Tamil Nadu","Wards"
city,delhi,cities/delhi.geojson,DataMeet,,"","Delhi","Delhi","Wards"
city,delhi_boundary,cities/delhi_boundary.geojson,DataMeet,,"","Delhi","Delhi","Boundary"
city,faridabad,cities/faridabad.geojson,DataMeet,,"","Faridabad","Haryana","Wards"
city,hyderabad,cities/hyderabad.geojson,DataMeet,,"","Hyderabad","Telangana","Wards"
city,indore,cities/indore.geojson,SBM/AMRUT,,"","Indore","Madhya Pradesh","Wards"
city,jaipur,cities/jaipur.geojson,DataMeet,,"","Jaipur","Rajasthan","Wards"
city,kanpur,cities/kanpur.geojson,DataMeet,,"","Kanpur","Uttar Pradesh","Wards"
city,katihar,cities/katihar.geojson,DataMeet,,"","Katihar","Bihar","Wards"
city,kishangarh,cities/kishangarh.geojson,DataMeet,,"","Kishangarh","Rajasthan","Wards"
city,kochi,cities/kochi.geojson,DataMeet,,"","Kochi","Kerala","Wards"
city,kolkata,cities/kolkata.geojson,DataMeet,,"","Kolkata","West Bengal","Wards"
city,lucknow,cities/lucknow.geojson,DataMeet,,"","Lucknow","Uttar Pradesh","Wards"
city,mira_bhayandar,cities/mira_bhayandar.geojson,DataMeet,,"","Mira-Bhayandar","Maharashtra","Municipal Boundary"
city,mumbai,cities/mumbai.geojson,DataMeet,,"","Mumbai","Maharashtra","Administrative Wards (A-T)"
city,mumbai_v2,cities/mumbai_v2.geojson,MCGM/MPCB,,"","Mumbai","Maharashtra","Wards + Localities"
city,nagpur,cities/nagpur.geojson,SBM/AMRUT,,"","Nagpur","Maharashtra","Wards"
city,nmmc,cities/nmmc.geojson,DataMeet,,"","Navi Mumbai","Maharashtra","Wards"
city,patna,cities/patna.geojson,SBM/AMRUT,,"","Patna","Bihar","Wards"
city,pcmc,cities/pcmc.geojson,DataMeet,,"","Pimpri-Chinchwad","Maharashtra","Wards"
city,pune,cities/pune.geojson,DataMeet,,"","Pune","Maharashtra","Electoral Wards (2022)"
city,purnia,cities/purnia.geojson,DataMeet,,"","Purnia","Bihar","Wards"
city,surat,cities/surat.geojson,SBM/AMRUT,,"","Surat","Gujarat","Wards"
city,thane,cities/thane.geojson,SBM/AMRUT,,"","Thane","Maharashtra","Wards"
city,vadodara,cities/vadodara.geojson,DataMeet,,"","Vadodara","Gujarat","Wards"
city,vijayawada,cities/vijayawada.geojson,DataMeet,,"","Vijayawada","Andhra Pradesh","Wards"
city,visakhapatnam,cities/visakhapatnam.geojson,SBM/AMRUT,,"","Visakhapatnam","Andhra Pradesh","Wards"
city,aamdi,cities/aamdi.geojson,SBM/ramSeraph,,"","Aamdi","Chhattisgarh","Wards"
city,aarani,cities/aarani.geojson,SBM/ramSeraph,,"","Aarani","Tamil Nadu","Wards"
city,abhanpur,cities/abhanpur.geojson,SBM/ramSeraph,,"","Abhanpur","Chhattisgarh","Wards"
city,abohar,cities/abohar.geojson,SBM/ramSeraph,,"","Abohar","Punjab","Wards"
city,abu_road,cities/abu_road.geojson,SBM/ramSeraph,,"","Abu Road","Rajasthan","Wards"
city,achalpur,cities/achalpur.geojson,SBM/ramSeraph,,"","Achalpur","Maharashtra","Wards"
city,achhnera,cities/achhnera.geojson,SBM/ramSeraph,,"","Achhnera","Uttar Pradesh","Wards"
city,adampur,cities/adampur.geojson,SBM/ramSeraph,,"","Adampur","Punjab","Wards"
city,adbhar,cities/adbhar.geojson,SBM/ramSeraph,,"","Adbhar","Chhattisgarh","Wards"
city,addanki,cities/addanki.geojson,SBM/ramSeraph,,"","Addanki","Andhra Pradesh","Wards"
city,adibatla,cities/adibatla.geojson,SBM/ramSeraph,,"","Adibatla","Telangana","Wards"
city,adilabad,cities/adilabad.geojson,SBM/ramSeraph,,"","Adilabad","Telangana","Wards"
city,adirampattinam,cities/adirampattinam.geojson,SBM/ramSeraph,,"","Adirampattinam","Tamil Nadu","Wards"
city,adoni,cities/adoni.geojson,SBM/ramSeraph,,"","Adoni","Andhra Pradesh","Wards"
city,adoor,cities/adoor.geojson,SBM/ramSeraph,,"","Adoor","Kerala","Wards"
city,afzalgarh,cities/afzalgarh.geojson,SBM/ramSeraph,,"","Afzalgarh","Uttar Pradesh","Wards"
city,agar,cities/agar.geojson,SBM/ramSeraph,,"","Agar","Madhya Pradesh","Wards"
city,agartala,cities/agartala.geojson,LivingAtlas/ramSeraph,,"","Agartala","Tripura","Wards"
city,agarwal_mandi_tatiri,cities/agarwal_mandi_tatiri.geojson,SBM/ramSeraph,,"","Agarwal Mandi (Tatiri)","Uttar Pradesh","Wards"
city,agra,cities/agra.geojson,SBM/ramSeraph,,"","Agra","Uttar Pradesh","Wards"
city,agwanpur,cities/agwanpur.geojson,SBM/ramSeraph,,"","Agwanpur","Uttar Pradesh","Wards"
city,ahiwara,cities/ahiwara.geojson,SBM/ramSeraph,,"","Ahiwara","Chhattisgarh","Wards"
city,ahmadabad,cities/ahmadabad.geojson,SBM/ramSeraph,,"","Ahmadabad","Gujarat","Wards"
city,ahmedanagar,cities/ahmedanagar.geojson,SBM/ramSeraph,,"","Ahmedanagar","Maharashtra","Wards"
city,ahmedgarh,cities/ahmedgarh.geojson,SBM/ramSeraph,,"","Ahmedgarh","Punjab","Wards"
city,ahmedpur,cities/ahmedpur.geojson,SBM/ramSeraph,,"","Ahmedpur","Maharashtra","Wards"
city,ahraura,cities/ahraura.geojson,SBM/ramSeraph,,"","Ahraura","Uttar Pradesh","Wards"
city,ailum,cities/ailum.geojson,SBM/ramSeraph,,"","Ailum","Uttar Pradesh","Wards"
city,aishmuquam,cities/aishmuquam.geojson,SBM/ramSeraph,,"","Aishmuquam","Jammu & Kashmir","Wards"
city,aizawl,cities/aizawl.geojson,LivingAtlas/ramSeraph,,"","Aizawl","Mizoram","Wards"
city,ajaigarh,cities/ajaigarh.geojson,SBM/ramSeraph,,"","Ajaigarh","Madhya Pradesh","Wards"
city,ajara,cities/ajara.geojson,SBM/ramSeraph,,"","Ajara","Maharashtra","Wards"
city,ajhuwa,cities/ajhuwa.geojson,SBM/ramSeraph,,"","Ajhuwa","Uttar Pradesh","Wards"
city,ajmer,cities/ajmer.geojson,SBM/ramSeraph,,"","Ajmer","Rajasthan","Wards"
city,ajnala,cities/ajnala.geojson,SBM/ramSeraph,,"","Ajnala","Punjab","Wards"
city,akaltara,cities/akaltara.geojson,SBM/ramSeraph,,"","Akaltara","Chhattisgarh","Wards"
city,akbarpur,cities/akbarpur.geojson,SBM/ramSeraph,,"","Akbarpur","Uttar Pradesh","Wards"
city,akhnoor,cities/akhnoor.geojson,SBM/ramSeraph,,"","Akhnoor","Jammu & Kashmir","Wards"
city,akkalkot,cities/akkalkot.geojson,SBM/ramSeraph,,"","Akkalkot","Maharashtra","Wards"
city,aklera,cities/aklera.geojson,SBM/ramSeraph,,"","Aklera","Rajasthan","Wards"
city,akoda,cities/akoda.geojson,SBM/ramSeraph,,"","Akoda","Madhya Pradesh","Wards"
city,akola,cities/akola.geojson,SBM/ramSeraph,,"","Akola","Maharashtra","Wards"
city,akole,cities/akole.geojson,SBM/ramSeraph,,"","Akole","Maharashtra","Wards"
city,akot,cities/akot.geojson,SBM/ramSeraph,,"","Akot","Maharashtra","Wards"
city,alamela,cities/alamela.geojson,SBM/ramSeraph,,"","Alamela","Karnataka","Wards"
city,alampur_mp,cities/alampur_mp.geojson,SBM/ramSeraph,,"","Alampur","Madhya Pradesh","Wards"
city,alampur_tg,cities/alampur_tg.geojson,SBM/ramSeraph,,"","Alampur","Telangana","Wards"
city,aland,cities/aland.geojson,SBM/ramSeraph,,"","Aland","Karnataka","Wards"
city,alanthurai,cities/alanthurai.geojson,SBM/ramSeraph,,"","Alanthurai","Tamil Nadu","Wards"
city,alappuzha,cities/alappuzha.geojson,SBM/ramSeraph,,"","Alappuzha","Kerala","Wards"
city,alawalpur,cities/alawalpur.geojson,SBM/ramSeraph,,"","Alawalpur","Punjab","Wards"
city,aliganj,cities/aliganj.geojson,SBM/ramSeraph,,"","Aliganj","Uttar Pradesh","Wards"
city,aligarh,cities/aligarh.geojson,SBM/ramSeraph,,"","Aligarh","Uttar Pradesh","Wards"
city,alirajpur,cities/alirajpur.geojson,SBM/ramSeraph,,"","Alirajpur","Madhya Pradesh","Wards"
city,allagadda,cities/allagadda.geojson,SBM/ramSeraph,,"","Allagadda","Andhra Pradesh","Wards"
city,allahabad,cities/allahabad.geojson,LivingAtlas/ramSeraph,,"","Allahabad","Uttar Pradesh","Wards"
city,almora,cities/almora.geojson,SBM/ramSeraph,,"","Almora","Uttarakhand","Wards"
city,alot,cities/alot.geojson,SBM/ramSeraph,,"","Alot","Madhya Pradesh","Wards"
city,alur,cities/alur.geojson,SBM/ramSeraph,,"","Alur","Karnataka","Wards"
city,aluva,cities/aluva.geojson,SBM/ramSeraph,,"","Aluva","Kerala","Wards"
city,alwar,cities/alwar.geojson,SBM/ramSeraph,,"","Alwar","Rajasthan","Wards"
city,amadalavalasa,cities/amadalavalasa.geojson,SBM/ramSeraph,,"","Amadalavalasa","Andhra Pradesh","Wards"
city,amalapuram,cities/amalapuram.geojson,SBM/ramSeraph,,"","Amalapuram","Andhra Pradesh","Wards"
city,amalner,cities/amalner.geojson,SBM/ramSeraph,,"","Amalner","Maharashtra","Wards"
city,amangal,cities/amangal.geojson,SBM/ramSeraph,,"","Amangal","Telangana","Wards"
city,amanganj,cities/amanganj.geojson,SBM/ramSeraph,,"","Amanganj","Madhya Pradesh","Wards"
city,amanpur,cities/amanpur.geojson,SBM/ramSeraph,,"","Amanpur","Uttar Pradesh","Wards"
city,amarchinta,cities/amarchinta.geojson,SBM/ramSeraph,,"","Amarchinta","Telangana","Wards"
city,amargarh,cities/amargarh.geojson,SBM/ramSeraph,,"","Amargarh","Punjab","Wards"
city,amarkantak,cities/amarkantak.geojson,SBM/ramSeraph,,"","Amarkantak","Madhya Pradesh","Wards"
city,amarpatan,cities/amarpatan.geojson,SBM/ramSeraph,,"","Amarpatan","Madhya Pradesh","Wards"
city,amarwara,cities/amarwara.geojson,SBM/ramSeraph,,"","Amarwara","Madhya Pradesh","Wards"
city,ambagarh_chowki,cities/ambagarh_chowki.geojson,SBM/ramSeraph,,"","Ambagarh Chowki","Chhattisgarh","Wards"
city,ambah,cities/ambah.geojson,SBM/ramSeraph,,"","Ambah","Madhya Pradesh","Wards"
city,ambajogai,cities/ambajogai.geojson,SBM/ramSeraph,,"","Ambajogai","Maharashtra","Wards"
city,ambala,cities/ambala.geojson,SBM/ramSeraph,,"","Ambala","Haryana","Wards"
city,ambala_sadar,cities/ambala_sadar.geojson,SBM/ramSeraph,,"","Ambala Sadar","Haryana","Wards"
city,ambarnath,cities/ambarnath.geojson,SBM/ramSeraph,,"","Ambarnath","Maharashtra","Wards"
city,ambasamudram,cities/ambasamudram.geojson,SBM/ramSeraph,,"","Ambasamudram","Tamil Nadu","Wards"
city,ambehta,cities/ambehta.geojson,SBM/ramSeraph,,"","Ambehta","Uttar Pradesh","Wards"
city,ambikapur,cities/ambikapur.geojson,SBM/ramSeraph,,"","Ambikapur","Chhattisgarh","Wards"
city,ambur,cities/ambur.geojson,SBM/ramSeraph,,"","Ambur","Tamil Nadu","Wards"
city,amet,cities/amet.geojson,SBM/ramSeraph,,"","Amet","Rajasthan","Wards"
city,amgaon,cities/amgaon.geojson,SBM/ramSeraph,,"","Amgaon","Maharashtra","Wards"
city,amila,cities/amila.geojson,SBM/ramSeraph,,"","Amila","Uttar Pradesh","Wards"
city,amla,cities/amla.geojson,SBM/ramSeraph,,"","Amla","Madhya Pradesh","Wards"
city,amloh,cities/amloh.geojson,SBM/ramSeraph,,"","Amloh","Punjab","Wards"
city,amravati,cities/amravati.geojson,SBM/ramSeraph,,"","Amravati","Maharashtra","Wards"
city,amreli,cities/amreli.geojson,SBM/ramSeraph,,"","Amreli","Gujarat","Wards"
city,amritsar,cities/amritsar.geojson,SBM/ramSeraph,,"","Amritsar","Punjab","Wards"
city,anand,cities/anand.geojson,SBM/ramSeraph,,"","Anand","Gujarat","Wards"
city,anandpur,cities/anandpur.geojson,SBM/ramSeraph,,"","Anandpur","Odisha","Wards"
city,anantapur,cities/anantapur.geojson,SBM/ramSeraph,,"","Anantapur","Andhra Pradesh","Wards"
city,anapara,cities/anapara.geojson,SBM/ramSeraph,,"","Anapara","Uttar Pradesh","Wards"
city,anekal,cities/anekal.geojson,SBM/ramSeraph,,"","Anekal","Karnataka","Wards"
city,angamaly,cities/angamaly.geojson,SBM/ramSeraph,,"","Angamaly","Kerala","Wards"
city,angul,cities/angul.geojson,SBM/ramSeraph,,"","Angul","Odisha","Wards"
city,anjad,cities/anjad.geojson,SBM/ramSeraph,,"","Anjad","Madhya Pradesh","Wards"
city,anjangaon_surji,cities/anjangaon_surji.geojson,SBM/ramSeraph,,"","Anjangaon Surji","Maharashtra","Wards"
city,ankola,cities/ankola.geojson,SBM/ramSeraph,,"","Ankola","Karnataka","Wards"
city,annigeri,cities/annigeri.geojson,SBM/ramSeraph,,"","Annigeri","Karnataka","Wards"
city,annur,cities/annur.geojson,SBM/ramSeraph,,"","Annur","Tamil Nadu","Wards"
city,antagarh,cities/antagarh.geojson,SBM/ramSeraph,,"","Antagarh","Chhattisgarh","Wards"
city,antah,cities/antah.geojson,SBM/ramSeraph,,"","Antah","Rajasthan","Wards"
city,anthoor,cities/anthoor.geojson,SBM/ramSeraph,,"","Anthoor","Kerala","Wards"
city,antri,cities/antri.geojson,SBM/ramSeraph,,"","Antri","Madhya Pradesh","Wards"
city,antu,cities/antu.geojson,SBM/ramSeraph,,"","Antu","Uttar Pradesh","Wards"
city,anupgarh,cities/anupgarh.geojson,SBM/ramSeraph,,"","Anupgarh","Rajasthan","Wards"
city,anuppur,cities/anuppur.geojson,SBM/ramSeraph,,"","Anuppur","Madhya Pradesh","Wards"
city,anupshahr,cities/anupshahr.geojson,SBM/ramSeraph,,"","Anupshahr","Uttar Pradesh","Wards"
city,aonla,cities/aonla.geojson,SBM/ramSeraph,,"","Aonla","Uttar Pradesh","Wards"
city,ara,cities/ara.geojson,SBM/ramSeraph,,"","Ara","Bihar","Wards"
city,arakkonam,cities/arakkonam.geojson,SBM/ramSeraph,,"","Arakkonam","Tamil Nadu","Wards"
city,arang,cities/arang.geojson,SBM/ramSeraph,,"","Arang","Chhattisgarh","Wards"
city,aranthangi,cities/aranthangi.geojson,SBM/ramSeraph,,"","Aranthangi","Tamil Nadu","Wards"
city,arcot,cities/arcot.geojson,SBM/ramSeraph,,"","Arcot","Tamil Nadu","Wards"
city,ardhapur,cities/ardhapur.geojson,SBM/ramSeraph,,"","Ardhapur","Maharashtra","Wards"
city,ariyalur,cities/ariyalur.geojson,SBM/ramSeraph,,"","Ariyalur","Tamil Nadu","Wards"
city,arjunda,cities/arjunda.geojson,SBM/ramSeraph,,"","Arjunda","Chhattisgarh","Wards"
city,arjuni,cities/arjuni.geojson,SBM/ramSeraph,,"","Arjuni","Maharashtra","Wards"
city,arkalgud,cities/arkalgud.geojson,SBM/ramSeraph,,"","Arkalgud","Karnataka","Wards"
city,armoor,cities/armoor.geojson,SBM/ramSeraph,,"","Armoor","Telangana","Wards"
city,armori,cities/armori.geojson,SBM/ramSeraph,,"","Armori","Maharashtra","Wards"
city,arnia,cities/arnia.geojson,SBM/ramSeraph,,"","Arnia","Jammu & Kashmir","Wards"
city,arniwala_sheikh_subhanpur,cities/arniwala_sheikh_subhanpur.geojson,SBM/ramSeraph,,"","Arniwala Sheikh Subhanpur","Punjab","Wards"
city,aron,cities/aron.geojson,SBM/ramSeraph,,"","Aron","Madhya Pradesh","Wards"
city,arrah,cities/arrah.geojson,LivingAtlas/ramSeraph,,"","Arrah","Bihar","Wards"
city,arsikere,cities/arsikere.geojson,SBM/ramSeraph,,"","Arsikere","Karnataka","Wards"
city,aruppukkottai,cities/aruppukkottai.geojson,SBM/ramSeraph,,"","Aruppukkottai","Tamil Nadu","Wards"
city,arvi,cities/arvi.geojson,SBM/ramSeraph,,"","Arvi","Maharashtra","Wards"
city,arwal,cities/arwal.geojson,SBM/ramSeraph,,"","Arwal","Bihar","Wards"
city,ashoknagar,cities/ashoknagar.geojson,SBM/ramSeraph,,"","Ashoknagar","Madhya Pradesh","Wards"
city,ashta_mh,cities/ashta_mh.geojson,SBM/ramSeraph,,"","Ashta_Mh","Maharashtra","Wards"
city,ashti_b,cities/ashti_b.geojson,SBM/ramSeraph,,"","Ashti_B","Maharashtra","Wards"
city,ashti_w,cities/ashti_w.geojson,SBM/ramSeraph,,"","Ashti_W","Maharashtra","Wards"
city,asika,cities/asika.geojson,SBM/ramSeraph,,"","Asika","Odisha","Wards"
city,asind,cities/asind.geojson,SBM/ramSeraph,,"","Asind","Rajasthan","Wards"
city,assandh,cities/assandh.geojson,SBM/ramSeraph,,"","Assandh","Haryana","Wards"
city,atchampet,cities/atchampet.geojson,SBM/ramSeraph,,"","Atchampet","Telangana","Wards"
city,ateli,cities/ateli.geojson,SBM/ramSeraph,,"","Ateli","Haryana","Wards"
city,athagad,cities/athagad.geojson,SBM/ramSeraph,,"","Athagad","Odisha","Wards"
city,athana,cities/athana.geojson,SBM/ramSeraph,,"","Athana","Madhya Pradesh","Wards"
city,athmallik,cities/athmallik.geojson,SBM/ramSeraph,,"","Athmallik","Odisha","Wards"
city,athner,cities/athner.geojson,SBM/ramSeraph,,"","Athner","Madhya Pradesh","Wards"
city,atmakur_ap,cities/atmakur_ap.geojson,SBM/ramSeraph,,"","Atmakur","Andhra Pradesh","Wards"
city,atmakur_tg,cities/atmakur_tg.geojson,SBM/ramSeraph,,"","Atmakur","Telangana","Wards"
city,atrauli,cities/atrauli.geojson,SBM/ramSeraph,,"","Atrauli","Uttar Pradesh","Wards"
city,atrauliya,cities/atrauliya.geojson,SBM/ramSeraph,,"","Atrauliya","Uttar Pradesh","Wards"
city,atru,cities/atru.geojson,SBM/ramSeraph,,"","Atru","Rajasthan","Wards"
city,attabira,cities/attabira.geojson,SBM/ramSeraph,,"","Attabira","Odisha","Wards"
city,attibele,cities/attibele.geojson,SBM/ramSeraph,,"","Attibele","Karnataka","Wards"
city,attingal,cities/attingal.geojson,SBM/ramSeraph,,"","Attingal","Kerala","Wards"
city,attur,cities/attur.geojson,SBM/ramSeraph,,"","Attur","Tamil Nadu","Wards"
city,aundha_nagnath,cities/aundha_nagnath.geojson,SBM/ramSeraph,,"","Aundha Nagnath","Maharashtra","Wards"
city,aurad,cities/aurad.geojson,SBM/ramSeraph,,"","Aurad","Karnataka","Wards"
city,aurangabad_br,cities/aurangabad_br.geojson,SBM/ramSeraph,,"","Aurangabad","Bihar","Wards"
city,aurangabad_mh,cities/aurangabad_mh.geojson,SBM/ramSeraph,,"","Aurangabad","Maharashtra","Wards"
city,aurangabad_up,cities/aurangabad_up.geojson,SBM/ramSeraph,,"","Aurangabad","Uttar Pradesh","Wards"
city,auras,cities/auras.geojson,SBM/ramSeraph,,"","Auras","Uttar Pradesh","Wards"
city,ausa,cities/ausa.geojson,SBM/ramSeraph,,"","Ausa","Maharashtra","Wards"
city,avadi,cities/avadi.geojson,SBM/ramSeraph,,"","Avadi","Tamil Nadu","Wards"
city,awagarh,cities/awagarh.geojson,SBM/ramSeraph,,"","Awagarh","Uttar Pradesh","Wards"
city,awantipora,cities/awantipora.geojson,SBM/ramSeraph,,"","Awantipora","Jammu & Kashmir","Wards"
city,ayodhya,cities/ayodhya.geojson,SBM/ramSeraph,,"","Ayodhya","Uttar Pradesh","Wards"
city,babarpur_ajitmal,cities/babarpur_ajitmal.geojson,SBM/ramSeraph,,"","Babarpur Ajitmal","Uttar Pradesh","Wards"
city,babhulgaon,cities/babhulgaon.geojson,SBM/ramSeraph,,"","Babhulgaon","Maharashtra","Wards"
city,babugarh,cities/babugarh.geojson,SBM/ramSeraph,,"","Babugarh","Uttar Pradesh","Wards"
city,bachhrawan,cities/bachhrawan.geojson,SBM/ramSeraph,,"","Bachhrawan","Uttar Pradesh","Wards"
city,bachraoun,cities/bachraoun.geojson,SBM/ramSeraph,,"","Bachraoun","Uttar Pradesh","Wards"
city,bada_malhera,cities/bada_malhera.geojson,SBM/ramSeraph,,"","Bada Malhera","Madhya Pradesh","Wards"
city,badagaon_a,cities/badagaon_a.geojson,SBM/ramSeraph,,"","Badagaon_A","Madhya Pradesh","Wards"
city,badami,cities/badami.geojson,SBM/ramSeraph,,"","Badami","Karnataka","Wards"
city,badangpet,cities/badangpet.geojson,SBM/ramSeraph,,"","Badangpet","Telangana","Wards"
city,badarwas,cities/badarwas.geojson,SBM/ramSeraph,,"","Badarwas","Madhya Pradesh","Wards"
city,badawada,cities/badawada.geojson,SBM/ramSeraph,,"","Badawada","Madhya Pradesh","Wards"
city,bade_bacheli,cities/bade_bacheli.geojson,SBM/ramSeraph,,"","Bade Bacheli","Chhattisgarh","Wards"
city,badhni_kalan,cities/badhni_kalan.geojson,SBM/ramSeraph,,"","Badhni Kalan","Punjab","Wards"
city,badi,cities/badi.geojson,SBM/ramSeraph,,"","Badi","Madhya Pradesh","Wards"
city,badlaguda_jagir,cities/badlaguda_jagir.geojson,SBM/ramSeraph,,"","Badlaguda Jagir","Telangana","Wards"
city,badlapur,cities/badlapur.geojson,SBM/ramSeraph,,"","Badlapur","Uttar Pradesh","Wards"
city,badnagar,cities/badnagar.geojson,SBM/ramSeraph,,"","Badnagar","Madhya Pradesh","Wards"
city,badnawar,cities/badnawar.geojson,SBM/ramSeraph,,"","Badnawar","Madhya Pradesh","Wards"
city,badod,cities/badod.geojson,SBM/ramSeraph,,"","Badod","Madhya Pradesh","Wards"
city,badoda,cities/badoda.geojson,SBM/ramSeraph,,"","Badoda","Madhya Pradesh","Wards"
city,badoni,cities/badoni.geojson,SBM/ramSeraph,,"","Badoni","Madhya Pradesh","Wards"
city,badravati,cities/badravati.geojson,SBM/ramSeraph,,"","Badravati","Maharashtra","Wards"
city,badvel,cities/badvel.geojson,SBM/ramSeraph,,"","Badvel","Andhra Pradesh","Wards"
city,bagalkote,cities/bagalkote.geojson,SBM/ramSeraph,,"","Bagalkote","Karnataka","Wards"
city,bagbahara,cities/bagbahara.geojson,SBM/ramSeraph,,"","Bagbahara","Chhattisgarh","Wards"
city,bagepalli,cities/bagepalli.geojson,SBM/ramSeraph,,"","Bagepalli","Karnataka","Wards"
city,bageshwar,cities/bageshwar.geojson,SBM/ramSeraph,,"","Bageshwar","Uttarakhand","Wards"
city,baghapurana,cities/baghapurana.geojson,SBM/ramSeraph,,"","Baghapurana","Punjab","Wards"
city,baghpat,cities/baghpat.geojson,SBM/ramSeraph,,"","Baghpat","Uttar Pradesh","Wards"
city,bagicha,cities/bagicha.geojson,SBM/ramSeraph,,"","Bagicha","Chhattisgarh","Wards"
city,bagli,cities/bagli.geojson,SBM/ramSeraph,,"","Bagli","Madhya Pradesh","Wards"
city,bagru,cities/bagru.geojson,SBM/ramSeraph,,"","Bagru","Rajasthan","Wards"
city,bah,cities/bah.geojson,SBM/ramSeraph,,"","Bah","Uttar Pradesh","Wards"
city,bahadurganj,cities/bahadurganj.geojson,SBM/ramSeraph,,"","Bahadurganj","Uttar Pradesh","Wards"
city,bahadurgarh,cities/bahadurgarh.geojson,SBM/ramSeraph,,"","Bahadurgarh","Haryana","Wards"
city,baheri,cities/baheri.geojson,SBM/ramSeraph,,"","Baheri","Uttar Pradesh","Wards"
city,bahjoi,cities/bahjoi.geojson,SBM/ramSeraph,,"","Bahjoi","Uttar Pradesh","Wards"
city,bahraich,cities/bahraich.geojson,SBM/ramSeraph,,"","Bahraich","Uttar Pradesh","Wards"
city,bahuwa,cities/bahuwa.geojson,SBM/ramSeraph,,"","Bahuwa","Uttar Pradesh","Wards"
city,baidyabati,cities/baidyabati.geojson,SBM/ramSeraph,,"","Baidyabati","West Bengal","Wards"
city,baikunthpur_m,cities/baikunthpur_m.geojson,SBM/ramSeraph,,"","Baikunthpur_M","Madhya Pradesh","Wards"
city,baikunthpurr,cities/baikunthpurr.geojson,SBM/ramSeraph,,"","Baikunthpurr","Chhattisgarh","Wards"
city,bailhongal,cities/bailhongal.geojson,SBM/ramSeraph,,"","Bailhongal","Karnataka","Wards"
city,bairad,cities/bairad.geojson,SBM/ramSeraph,,"","Bairad","Madhya Pradesh","Wards"
city,baitalpur,cities/baitalpur.geojson,SBM/ramSeraph,,"","Baitalpur","Uttar Pradesh","Wards"
city,bajna,cities/bajna.geojson,SBM/ramSeraph,,"","Bajna","Uttar Pradesh","Wards"
city,bakewar,cities/bakewar.geojson,SBM/ramSeraph,,"","Bakewar","Uttar Pradesh","Wards"
city,bakho,cities/bakho.geojson,SBM/ramSeraph,,"","Bakho","Madhya Pradesh","Wards"
city,bakhtiarpur,cities/bakhtiarpur.geojson,SBM/ramSeraph,,"","Bakhtiarpur","Bihar","Wards"
city,balachaur,cities/balachaur.geojson,SBM/ramSeraph,,"","Balachaur","Punjab","Wards"
city,balaghat,cities/balaghat.geojson,SBM/ramSeraph,,"","Balaghat","Madhya Pradesh","Wards"
city,balangir,cities/balangir.geojson,SBM/ramSeraph,,"","Balangir","Odisha","Wards"
city,balapur,cities/balapur.geojson,SBM/ramSeraph,,"","Balapur","Maharashtra","Wards"
city,balasore,cities/balasore.geojson,SBM/ramSeraph,,"","Balasore","Odisha","Wards"
city,baldeogarh,cities/baldeogarh.geojson,SBM/ramSeraph,,"","Baldeogarh","Madhya Pradesh","Wards"
city,bali,cities/bali.geojson,SBM/ramSeraph,,"","Bali","Rajasthan","Wards"
city,balimela,cities/balimela.geojson,SBM/ramSeraph,,"","Balimela","Odisha","Wards"
city,ballarpur,cities/ballarpur.geojson,SBM/ramSeraph,,"","Ballarpur","Maharashtra","Wards"
city,balliguda,cities/balliguda.geojson,SBM/ramSeraph,,"","Balliguda","Odisha","Wards"
city,balod,cities/balod.geojson,SBM/ramSeraph,,"","Balod","Chhattisgarh","Wards"
city,baloda,cities/baloda.geojson,SBM/ramSeraph,,"","Baloda","Chhattisgarh","Wards"
city,balodabazar,cities/balodabazar.geojson,SBM/ramSeraph,,"","Balodabazar","Chhattisgarh","Wards"
city,balotra,cities/balotra.geojson,SBM/ramSeraph,,"","Balotra","Rajasthan","Wards"
city,balrampur,cities/balrampur.geojson,SBM/ramSeraph,,"","Balrampur","Chhattisgarh","Wards"
city,balugaon,cities/balugaon.geojson,SBM/ramSeraph,,"","Balugaon","Odisha","Wards"
city,bamanwas,cities/bamanwas.geojson,SBM/ramSeraph,,"","Bamanwas","Rajasthan","Wards"
city,bamore,cities/bamore.geojson,SBM/ramSeraph,,"","Bamore","Madhya Pradesh","Wards"
city,banat,cities/banat.geojson,SBM/ramSeraph,,"","Banat","Uttar Pradesh","Wards"
city,banda,cities/banda.geojson,SBM/ramSeraph,,"","Banda","Madhya Pradesh","Wards"
city,bandikui,cities/bandikui.geojson,SBM/ramSeraph,,"","Bandikui","Rajasthan","Wards"
city,bandipora,cities/bandipora.geojson,SBM/ramSeraph,,"","Bandipora","Jammu & Kashmir","Wards"
city,bandlaguda_jagir,cities/bandlaguda_jagir.geojson,SBM/ramSeraph,,"","Bandlaguda Jagir","Telangana","Wards"
city,banga,cities/banga.geojson,SBM/ramSeraph,,"","Banga","Punjab","Wards"
city,bangarmau,cities/bangarmau.geojson,SBM/ramSeraph,,"","Bangarmau","Uttar Pradesh","Wards"
city,bangarpet,cities/bangarpet.geojson,SBM/ramSeraph,,"","Bangarpet","Karnataka","Wards"
city,bangawan,cities/bangawan.geojson,SBM/ramSeraph,,"","Bangawan","Madhya Pradesh","Wards"
city,banka,cities/banka.geojson,SBM/ramSeraph,,"","Banka","Bihar","Wards"
city,bankapur,cities/bankapur.geojson,SBM/ramSeraph,,"","Bankapur","Karnataka","Wards"
city,bankhedi,cities/bankhedi.geojson,SBM/ramSeraph,,"","Bankhedi","Madhya Pradesh","Wards"
city,banki_od,cities/banki_od.geojson,SBM/ramSeraph,,"","Banki","Odisha","Wards"
city,banki_up,cities/banki_up.geojson,SBM/ramSeraph,,"","Banki","Uttar Pradesh","Wards"
city,bankura,cities/bankura.geojson,WB_AMRUT/ramSeraph,,"","Bankura","West Bengal","Wards"
city,bannur,cities/bannur.geojson,SBM/ramSeraph,,"","Bannur","Karnataka","Wards"
city,banpur,cities/banpur.geojson,SBM/ramSeraph,,"","Banpur","Odisha","Wards"
city,bansberia,cities/bansberia.geojson,WB_AMRUT/ramSeraph,,"","Bansberia","West Bengal","Wards"
city,bansdih,cities/bansdih.geojson,SBM/ramSeraph,,"","Bansdih","Uttar Pradesh","Wards"
city,bansur,cities/bansur.geojson,SBM/ramSeraph,,"","Bansur","Rajasthan","Wards"
city,banswada,cities/banswada.geojson,SBM/ramSeraph,,"","Banswada","Telangana","Wards"
city,banswara_m,cities/banswara_m.geojson,SBM/ramSeraph,,"","Banswara M","Rajasthan","Wards"
city,banthara,cities/banthara.geojson,SBM/ramSeraph,,"","Banthara","Uttar Pradesh","Wards"
city,bantwal,cities/bantwal.geojson,SBM/ramSeraph,,"","Bantwal","Karnataka","Wards"
city,bapatla,cities/bapatla.geojson,SBM/ramSeraph,,"","Bapatla","Andhra Pradesh","Wards"
city,baragaon,cities/baragaon.geojson,SBM/ramSeraph,,"","Baragaon","Uttar Pradesh","Wards"
city,barahiya,cities/barahiya.geojson,SBM/ramSeraph,,"","Barahiya","Bihar","Wards"
city,baramati,cities/baramati.geojson,SBM/ramSeraph,,"","Baramati","Maharashtra","Wards"
city,baramkela,cities/baramkela.geojson,SBM/ramSeraph,,"","Baramkela","Chhattisgarh","Wards"
city,baran,cities/baran.geojson,SBM/ramSeraph,,"","Baran","Rajasthan","Wards"
city,barara,cities/barara.geojson,SBM/ramSeraph,,"","Barara","Haryana","Wards"
city,baraut,cities/baraut.geojson,SBM/ramSeraph,,"","Baraut","Uttar Pradesh","Wards"
city,bareilly,cities/bareilly.geojson,SBM/ramSeraph,,"","Bareilly","Uttar Pradesh","Wards"
city,bareli,cities/bareli.geojson,SBM/ramSeraph,,"","Bareli","Madhya Pradesh","Wards"
city,bareta,cities/bareta.geojson,SBM/ramSeraph,,"","Bareta","Punjab","Wards"
city,barh,cities/barh.geojson,SBM/ramSeraph,,"","Barh","Bihar","Wards"
city,barhi,cities/barhi.geojson,SBM/ramSeraph,,"","Barhi","Madhya Pradesh","Wards"
city,bari,cities/bari.geojson,SBM/ramSeraph,,"","Bari","Rajasthan","Wards"
city,bari_brahamana,cities/bari_brahamana.geojson,SBM/ramSeraph,,"","Bari Brahamana","Jammu & Kashmir","Wards"
city,barigarh,cities/barigarh.geojson,SBM/ramSeraph,,"","Barigarh","Madhya Pradesh","Wards"
city,baripada,cities/baripada.geojson,SBM/ramSeraph,,"","Baripada","Odisha","Wards"
city,barisadri,cities/barisadri.geojson,SBM/ramSeraph,,"","Barisadri","Rajasthan","Wards"
city,bariwala,cities/bariwala.geojson,SBM/ramSeraph,,"","Bariwala","Punjab","Wards"
city,bariya,cities/bariya.geojson,SBM/ramSeraph,,"","Bariya","Uttar Pradesh","Wards"
city,barkhera,cities/barkhera.geojson,SBM/ramSeraph,,"","Barkhera","Uttar Pradesh","Wards"
city,barmer,cities/barmer.geojson,SBM/ramSeraph,,"","Barmer","Rajasthan","Wards"
city,barnala,cities/barnala.geojson,SBM/ramSeraph,,"","Barnala","Punjab","Wards"
city,barpali,cities/barpali.geojson,SBM/ramSeraph,,"","Barpali","Odisha","Wards"
city,barpeta_mb,cities/barpeta_mb.geojson,SBM/ramSeraph,,"","Barpeta M.B","Assam","Wards"
city,barrackpore,cities/barrackpore.geojson,WB_AMRUT/ramSeraph,,"","Barrackpore","West Bengal","Wards"
city,barsana,cities/barsana.geojson,SBM/ramSeraph,,"","Barsana","Uttar Pradesh","Wards"
city,barshi,cities/barshi.geojson,SBM/ramSeraph,,"","Barshi","Maharashtra","Wards"
city,barshitakali,cities/barshitakali.geojson,SBM/ramSeraph,,"","Barshitakali","Maharashtra","Wards"
city,barsur,cities/barsur.geojson,SBM/ramSeraph,,"","Barsur","Chhattisgarh","Wards"
city,barua_sagar,cities/barua_sagar.geojson,SBM/ramSeraph,,"","Barua Sagar","Uttar Pradesh","Wards"
city,barwala,cities/barwala.geojson,SBM/ramSeraph,,"","Barwala","Haryana","Wards"
city,barwani,cities/barwani.geojson,SBM/ramSeraph,,"","Barwani","Madhya Pradesh","Wards"
city,basavakalyan,cities/basavakalyan.geojson,SBM/ramSeraph,,"","Basavakalyan","Karnataka","Wards"
city,basavanabagewadi,cities/basavanabagewadi.geojson,SBM/ramSeraph,,"","Basavanabagewadi","Karnataka","Wards"
city,baseri,cities/baseri.geojson,SBM/ramSeraph,,"","Baseri","Rajasthan","Wards"
city,bashettihalli,cities/bashettihalli.geojson,SBM/ramSeraph,,"","Bashettihalli","Karnataka","Wards"
city,basirhat,cities/basirhat.geojson,SBM/ramSeraph,,"","Basirhat","West Bengal","Wards"
city,basmat,cities/basmat.geojson,SBM/ramSeraph,,"","Basmat","Maharashtra","Wards"
city,basna,cities/basna.geojson,SBM/ramSeraph,,"","Basna","Chhattisgarh","Wards"
city,bassi_pathana,cities/bassi_pathana.geojson,SBM/ramSeraph,,"","Bassi Pathana","Punjab","Wards"
city,bastar,cities/bastar.geojson,SBM/ramSeraph,,"","Bastar","Chhattisgarh","Wards"
city,basti,cities/basti.geojson,LivingAtlas/ramSeraph,,"","Basti","Uttar Pradesh","Wards"
city,basudevpur,cities/basudevpur.geojson,SBM/ramSeraph,,"","Basudevpur","Odisha","Wards"
city,basukinath,cities/basukinath.geojson,SBM/ramSeraph,,"","Basukinath","Jharkhand","Wards"
city,batala,cities/batala.geojson,SBM/ramSeraph,,"","Batala","Punjab","Wards"
city,bathinda,cities/bathinda.geojson,SBM/ramSeraph,,"","Bathinda","Punjab","Wards"
city,bawal,cities/bawal.geojson,SBM/ramSeraph,,"","Bawal","Haryana","Wards"
city,bawani_khera,cities/bawani_khera.geojson,SBM/ramSeraph,,"","Bawani Khera","Haryana","Wards"
city,bayana,cities/bayana.geojson,SBM/ramSeraph,,"","Bayana","Rajasthan","Wards"
city,bazpur,cities/bazpur.geojson,SBM/ramSeraph,,"","Bazpur","Uttarakhand","Wards"
city,beawar,cities/beawar.geojson,SBM/ramSeraph,,"","Beawar","Rajasthan","Wards"
city,beed,cities/beed.geojson,SBM/ramSeraph,,"","Beed","Maharashtra","Wards"
city,beerwah,cities/beerwah.geojson,SBM/ramSeraph,,"","Beerwah","Jammu & Kashmir","Wards"
city,begamganj,cities/begamganj.geojson,SBM/ramSeraph,,"","Begamganj","Madhya Pradesh","Wards"
city,begowal,cities/begowal.geojson,SBM/ramSeraph,,"","Begowal","Punjab","Wards"
city,begun,cities/begun.geojson,SBM/ramSeraph,,"","Begun","Rajasthan","Wards"
city,begusarai,cities/begusarai.geojson,SBM/ramSeraph,,"","Begusarai","Bihar","Wards"
city,behat,cities/behat.geojson,SBM/ramSeraph,,"","Behat","Uttar Pradesh","Wards"
city,behror,cities/behror.geojson,SBM/ramSeraph,,"","Behror","Rajasthan","Wards"
city,behsuma,cities/behsuma.geojson,SBM/ramSeraph,,"","Behsuma","Uttar Pradesh","Wards"
city,bela_pratapgarh,cities/bela_pratapgarh.geojson,SBM/ramSeraph,,"","Bela Pratapgarh","Uttar Pradesh","Wards"
city,belagali,cities/belagali.geojson,SBM/ramSeraph,,"","Belagali","Karnataka","Wards"
city,belagavi_ga,cities/belagavi_ga.geojson,LivingAtlas/ramSeraph,,"","Belagavi","Goa","Wards"
city,belagavi_ka,cities/belagavi_ka.geojson,SBM/ramSeraph,,"","Belagavi","Karnataka","Wards"
city,belhar_kala,cities/belhar_kala.geojson,SBM/ramSeraph,,"","Belhar Kala","Uttar Pradesh","Wards"
city,belhara,cities/belhara.geojson,SBM/ramSeraph,,"","Belhara","Uttar Pradesh","Wards"
city,bellaguntha,cities/bellaguntha.geojson,SBM/ramSeraph,,"","Bellaguntha","Odisha","Wards"
city,bellampalle,cities/bellampalle.geojson,SBM/ramSeraph,,"","Bellampalle","Telangana","Wards"
city,bellary,cities/bellary.geojson,SBM/ramSeraph,,"","Bellary","Karnataka","Wards"
city,belpahar,cities/belpahar.geojson,SBM/ramSeraph,,"","Belpahar","Odisha","Wards"
city,belsar,cities/belsar.geojson,SBM/ramSeraph,,"","Belsar","Uttar Pradesh","Wards"
city,belthara_road,cities/belthara_road.geojson,SBM/ramSeraph,,"","Belthara Road","Uttar Pradesh","Wards"
city,belur,cities/belur.geojson,SBM/ramSeraph,,"","Belur","Karnataka","Wards"
city,bemetara,cities/bemetara.geojson,SBM/ramSeraph,,"","Bemetara","Chhattisgarh","Wards"
city,bengaluru,cities/bengaluru.geojson,LivingAtlas/ramSeraph,,"","Bengaluru","Karnataka","Wards"
city,beniganj,cities/beniganj.geojson,SBM/ramSeraph,,"","Beniganj","Uttar Pradesh","Wards"
city,benipur,cities/benipur.geojson,SBM/ramSeraph,,"","Benipur","Bihar","Wards"
city,beohari,cities/beohari.geojson,SBM/ramSeraph,,"","Beohari","Madhya Pradesh","Wards"
city,berala_m,cities/berala_m.geojson,SBM/ramSeraph,,"","Berala_M","Madhya Pradesh","Wards"
city,beri,cities/beri.geojson,SBM/ramSeraph,,"","Beri","Haryana","Wards"
city,berla,cities/berla.geojson,SBM/ramSeraph,,"","Berla","Chhattisgarh","Wards"
city,beswan,cities/beswan.geojson,SBM/ramSeraph,,"","Beswan","Uttar Pradesh","Wards"
city,betma,cities/betma.geojson,SBM/ramSeraph,,"","Betma","Madhya Pradesh","Wards"
city,bettiah,cities/bettiah.geojson,SBM/ramSeraph,,"","Bettiah","Bihar","Wards"
city,betul,cities/betul.geojson,SBM/ramSeraph,,"","Betul","Madhya Pradesh","Wards"
city,betul_bazar,cities/betul_bazar.geojson,SBM/ramSeraph,,"","Betul Bazar","Madhya Pradesh","Wards"
city,bewar,cities/bewar.geojson,SBM/ramSeraph,,"","Bewar","Uttar Pradesh","Wards"
city,bhabua,cities/bhabua.geojson,SBM/ramSeraph,,"","Bhabua","Bihar","Wards"
city,bhadarsa,cities/bhadarsa.geojson,SBM/ramSeraph,,"","Bhadarsa","Uttar Pradesh","Wards"
city,bhadaur,cities/bhadaur.geojson,SBM/ramSeraph,,"","Bhadaur","Punjab","Wards"
city,bhaderwah,cities/bhaderwah.geojson,SBM/ramSeraph,,"","Bhaderwah","Jammu & Kashmir","Wards"
city,bhadohi,cities/bhadohi.geojson,SBM/ramSeraph,,"","Bhadohi","Uttar Pradesh","Wards"
city,bhadra,cities/bhadra.geojson,SBM/ramSeraph,,"","Bhadra","Rajasthan","Wards"
city,bhadrak,cities/bhadrak.geojson,SBM/ramSeraph,,"","Bhadrak","Odisha","Wards"
city,bhadravati,cities/bhadravati.geojson,SBM/ramSeraph,,"","Bhadravati","Karnataka","Wards"
city,bhadreswar,cities/bhadreswar.geojson,WB_AMRUT/ramSeraph,,"","Bhadreswar","West Bengal","Wards"
city,bhagalpur,cities/bhagalpur.geojson,SBM/ramSeraph,,"","Bhagalpur","Bihar","Wards"
city,bhagta_bhai_ka,cities/bhagta_bhai_ka.geojson,SBM/ramSeraph,,"","Bhagta Bhai Ka","Punjab","Wards"
city,bhagyanagar,cities/bhagyanagar.geojson,SBM/ramSeraph,,"","Bhagyanagar","Karnataka","Wards"
city,bhainsa,cities/bhainsa.geojson,SBM/ramSeraph,,"","Bhainsa","Telangana","Wards"
city,bhainsdehi,cities/bhainsdehi.geojson,SBM/ramSeraph,,"","Bhainsdehi","Madhya Pradesh","Wards"
city,bhairamgarh,cities/bhairamgarh.geojson,SBM/ramSeraph,,"","Bhairamgarh","Chhattisgarh","Wards"
city,bhairupa,cities/bhairupa.geojson,SBM/ramSeraph,,"","Bhairupa","Punjab","Wards"
city,bhakhara,cities/bhakhara.geojson,SBM/ramSeraph,,"","Bhakhara","Chhattisgarh","Wards"
city,bhaluani_bazar,cities/bhaluani_bazar.geojson,SBM/ramSeraph,,"","Bhaluani Bazar","Uttar Pradesh","Wards"
city,bhamragad,cities/bhamragad.geojson,SBM/ramSeraph,,"","Bhamragad","Maharashtra","Wards"
city,bhandara,cities/bhandara.geojson,SBM/ramSeraph,,"","Bhandara","Maharashtra","Wards"
city,bhander,cities/bhander.geojson,SBM/ramSeraph,,"","Bhander","Madhya Pradesh","Wards"
city,bhanjanagar,cities/bhanjanagar.geojson,SBM/ramSeraph,,"","Bhanjanagar","Odisha","Wards"
city,bhanpura,cities/bhanpura.geojson,SBM/ramSeraph,,"","Bhanpura","Madhya Pradesh","Wards"
city,bhanupratappur,cities/bhanupratappur.geojson,SBM/ramSeraph,,"","Bhanupratappur","Chhattisgarh","Wards"
city,bharatganj,cities/bharatganj.geojson,SBM/ramSeraph,,"","Bharatganj","Uttar Pradesh","Wards"
city,bharatpur,cities/bharatpur.geojson,SBM/ramSeraph,,"","Bharatpur","Rajasthan","Wards"
city,bhargain,cities/bhargain.geojson,SBM/ramSeraph,,"","Bhargain","Uttar Pradesh","Wards"
city,bharthana,cities/bharthana.geojson,SBM/ramSeraph,,"","Bharthana","Uttar Pradesh","Wards"
city,bharuch,cities/bharuch.geojson,SBM/ramSeraph,,"","Bharuch","Gujarat","Wards"
city,bharwari,cities/bharwari.geojson,SBM/ramSeraph,,"","Bharwari","Uttar Pradesh","Wards"
city,bhatapara,cities/bhatapara.geojson,SBM/ramSeraph,,"","Bhatapara","Chhattisgarh","Wards"
city,bhatgaon_bb,cities/bhatgaon_bb.geojson,SBM/ramSeraph,,"","Bhatgaon_Bb","Chhattisgarh","Wards"
city,bhatgaon_s,cities/bhatgaon_s.geojson,SBM/ramSeraph,,"","Bhatgaon_S","Chhattisgarh","Wards"
city,bhatkal,cities/bhatkal.geojson,SBM/ramSeraph,,"","Bhatkal","Karnataka","Wards"
city,bhatkuli,cities/bhatkuli.geojson,SBM/ramSeraph,,"","Bhatkuli","Maharashtra","Wards"
city,bhatni_bazar,cities/bhatni_bazar.geojson,SBM/ramSeraph,,"","Bhatni Bazar","Uttar Pradesh","Wards"
city,bhatpara,cities/bhatpara.geojson,WB_AMRUT/ramSeraph,,"","Bhatpara","West Bengal","Wards"
city,bhaurasa,cities/bhaurasa.geojson,SBM/ramSeraph,,"","Bhaurasa","Madhya Pradesh","Wards"
city,bhavani,cities/bhavani.geojson,SBM/ramSeraph,,"","Bhavani","Tamil Nadu","Wards"
city,bhavnagar,cities/bhavnagar.geojson,SBM/ramSeraph,,"","Bhavnagar","Gujarat","Wards"
city,bhavra,cities/bhavra.geojson,SBM/ramSeraph,,"","Bhavra","Madhya Pradesh","Wards"
city,bhawan_bahadur_nagar,cities/bhawan_bahadur_nagar.geojson,SBM/ramSeraph,,"","Bhawan Bahadur Nagar","Uttar Pradesh","Wards"
city,bhawani_mandi,cities/bhawani_mandi.geojson,SBM/ramSeraph,,"","Bhawani Mandi","Rajasthan","Wards"
city,bhawanigarh,cities/bhawanigarh.geojson,SBM/ramSeraph,,"","Bhawanigarh","Punjab","Wards"
city,bhawanipatna,cities/bhawanipatna.geojson,SBM/ramSeraph,,"","Bhawanipatna","Odisha","Wards"
city,bhedaghat,cities/bhedaghat.geojson,SBM/ramSeraph,,"","Bhedaghat","Madhya Pradesh","Wards"
city,bheemgal,cities/bheemgal.geojson,SBM/ramSeraph,,"","Bheemgal","Telangana","Wards"
city,bhikhi,cities/bhikhi.geojson,SBM/ramSeraph,,"","Bhikhi","Punjab","Wards"
city,bhikhiwind,cities/bhikhiwind.geojson,SBM/ramSeraph,,"","Bhikhiwind","Punjab","Wards"
city,bhilai,cities/bhilai.geojson,LivingAtlas/ramSeraph,,"","Bhilai","Chhattisgarh","Wards"
city,bhilai_charoda,cities/bhilai_charoda.geojson,SBM/ramSeraph,,"","Bhilai Charoda","Chhattisgarh","Wards"
city,bhilai_nagar,cities/bhilai_nagar.geojson,SBM/ramSeraph,,"","Bhilai Nagar","Chhattisgarh","Wards"
city,bhilwara,cities/bhilwara.geojson,SBM/ramSeraph,,"","Bhilwara","Rajasthan","Wards"
city,bhimavaram,cities/bhimavaram.geojson,SBM/ramSeraph,,"","Bhimavaram","Andhra Pradesh","Wards"
city,bhind,cities/bhind.geojson,SBM/ramSeraph,,"","Bhind","Madhya Pradesh","Wards"
city,bhinder,cities/bhinder.geojson,SBM/ramSeraph,,"","Bhinder","Rajasthan","Wards"
city,bhinga,cities/bhinga.geojson,SBM/ramSeraph,,"","Bhinga","Uttar Pradesh","Wards"
city,bhinmal,cities/bhinmal.geojson,SBM/ramSeraph,,"","Bhinmal","Rajasthan","Wards"
city,bhiwadi,cities/bhiwadi.geojson,SBM/ramSeraph,,"","Bhiwadi","Rajasthan","Wards"
city,bhiwandi_nizampur_city,cities/bhiwandi_nizampur_city.geojson,SBM/ramSeraph,,"","Bhiwandi Nizampur City","Maharashtra","Wards"
city,bhiwani,cities/bhiwani.geojson,SBM/ramSeraph,,"","Bhiwani","Haryana","Wards"
city,bhiwapur,cities/bhiwapur.geojson,SBM/ramSeraph,,"","Bhiwapur","Maharashtra","Wards"
city,bhogaon,cities/bhogaon.geojson,SBM/ramSeraph,,"","Bhogaon","Uttar Pradesh","Wards"
city,bhogpur,cities/bhogpur.geojson,SBM/ramSeraph,,"","Bhogpur","Punjab","Wards"
city,bhojpur_dharampur,cities/bhojpur_dharampur.geojson,SBM/ramSeraph,,"","Bhojpur Dharampur","Uttar Pradesh","Wards"
city,bhokar,cities/bhokar.geojson,SBM/ramSeraph,,"","Bhokar","Maharashtra","Wards"
city,bhokarheri,cities/bhokarheri.geojson,SBM/ramSeraph,,"","Bhokarheri","Uttar Pradesh","Wards"
city,bholath,cities/bholath.geojson,SBM/ramSeraph,,"","Bholath","Punjab","Wards"
city,bhongir,cities/bhongir.geojson,SBM/ramSeraph,,"","Bhongir","Telangana","Wards"
city,bhoom,cities/bhoom.geojson,SBM/ramSeraph,,"","Bhoom","Maharashtra","Wards"
city,bhootpur,cities/bhootpur.geojson,SBM/ramSeraph,,"","Bhootpur","Telangana","Wards"
city,bhopalgarh,cities/bhopalgarh.geojson,SBM/ramSeraph,,"","Bhopalgarh","Rajasthan","Wards"
city,bhopalpattnam,cities/bhopalpattnam.geojson,SBM/ramSeraph,,"","Bhopalpattnam","Chhattisgarh","Wards"
city,bhuban,cities/bhuban.geojson,SBM/ramSeraph,,"","Bhuban","Odisha","Wards"
city,bhucho_mandi,cities/bhucho_mandi.geojson,SBM/ramSeraph,,"","Bhucho Mandi","Punjab","Wards"
city,bhuj,cities/bhuj.geojson,SBM/ramSeraph,,"","Bhuj","Gujarat","Wards"
city,bhupalpalli,cities/bhupalpalli.geojson,SBM/ramSeraph,,"","Bhupalpalli","Telangana","Wards"
city,bhusawal,cities/bhusawal.geojson,SBM/ramSeraph,,"","Bhusawal","Maharashtra","Wards"
city,bhusawar,cities/bhusawar.geojson,SBM/ramSeraph,,"","Bhusawar","Rajasthan","Wards"
city,bichhua,cities/bichhua.geojson,SBM/ramSeraph,,"","Bichhua","Madhya Pradesh","Wards"
city,bidadi,cities/bidadi.geojson,SBM/ramSeraph,,"","Bidadi","Karnataka","Wards"
city,bidar,cities/bidar.geojson,SBM/ramSeraph,,"","Bidar","Karnataka","Wards"
city,bidasar,cities/bidasar.geojson,SBM/ramSeraph,,"","Bidasar","Rajasthan","Wards"
city,bidhannagar,cities/bidhannagar.geojson,WB_AMRUT/ramSeraph,,"","Bidhannagar","West Bengal","Wards"
city,bidhuna,cities/bidhuna.geojson,SBM/ramSeraph,,"","Bidhuna","Uttar Pradesh","Wards"
city,bighapur,cities/bighapur.geojson,SBM/ramSeraph,,"","Bighapur","Uttar Pradesh","Wards"
city,bihar_sharif,cities/bihar_sharif.geojson,LivingAtlas/ramSeraph,,"","Bihar Sharif","Bihar","Wards"
city,biharsharif,cities/biharsharif.geojson,SBM/ramSeraph,,"","Biharsharif","Bihar","Wards"
city,bihat,cities/bihat.geojson,SBM/ramSeraph,,"","Bihat","Bihar","Wards"
city,bihpuria,cities/bihpuria.geojson,SBM/ramSeraph,,"","Bihpuria","Assam","Wards"
city,bijapur_cg,cities/bijapur_cg.geojson,SBM/ramSeraph,,"","Bijapur","Chhattisgarh","Wards"
city,bijapur_ka,cities/bijapur_ka.geojson,SBM/ramSeraph,,"","Bijapur","Karnataka","Wards"
city,bijawar,cities/bijawar.geojson,SBM/ramSeraph,,"","Bijawar","Madhya Pradesh","Wards"
city,bijaynagar,cities/bijaynagar.geojson,SBM/ramSeraph,,"","Bijaynagar","Rajasthan","Wards"
city,bijaypur,cities/bijaypur.geojson,SBM/ramSeraph,,"","Bijaypur","Madhya Pradesh","Wards"
city,bijnor,cities/bijnor.geojson,SBM/ramSeraph,,"","Bijnor","Uttar Pradesh","Wards"
city,bijuri,cities/bijuri.geojson,SBM/ramSeraph,,"","Bijuri","Madhya Pradesh","Wards"
city,bikaner,cities/bikaner.geojson,SBM/ramSeraph,,"","Bikaner","Rajasthan","Wards"
city,bikapur,cities/bikapur.geojson,SBM/ramSeraph,,"","Bikapur","Uttar Pradesh","Wards"
city,bilaigarh,cities/bilaigarh.geojson,SBM/ramSeraph,,"","Bilaigarh","Chhattisgarh","Wards"
city,bilara,cities/bilara.geojson,SBM/ramSeraph,,"","Bilara","Rajasthan","Wards"
city,bilari,cities/bilari.geojson,SBM/ramSeraph,,"","Bilari","Uttar Pradesh","Wards"
city,bilasipara,cities/bilasipara.geojson,SBM/ramSeraph,,"","Bilasipara","Assam","Wards"
city,bilaspur_cg,cities/bilaspur_cg.geojson,SBM/ramSeraph,,"","Bilaspur","Chhattisgarh","Wards"
city,bilaspur_hp,cities/bilaspur_hp.geojson,SBM/ramSeraph,,"","Bilaspur","Himachal Pradesh","Wards"
city,bilaspur_up,cities/bilaspur_up.geojson,SBM/ramSeraph,,"","Bilaspur","Uttar Pradesh","Wards"
city,bilaua,cities/bilaua.geojson,SBM/ramSeraph,,"","Bilaua","Madhya Pradesh","Wards"
city,bilga,cities/bilga.geojson,SBM/ramSeraph,,"","Bilga","Punjab","Wards"
city,bilgi,cities/bilgi.geojson,SBM/ramSeraph,,"","Bilgi","Karnataka","Wards"
city,bilgram,cities/bilgram.geojson,SBM/ramSeraph,,"","Bilgram","Uttar Pradesh","Wards"
city,bilha,cities/bilha.geojson,SBM/ramSeraph,,"","Bilha","Chhattisgarh","Wards"
city,bilhaur,cities/bilhaur.geojson,SBM/ramSeraph,,"","Bilhaur","Uttar Pradesh","Wards"
city,billawar,cities/billawar.geojson,SBM/ramSeraph,,"","Billawar","Jammu & Kashmir","Wards"
city,bilram,cities/bilram.geojson,SBM/ramSeraph,,"","Bilram","Uttar Pradesh","Wards"
city,bilsanda,cities/bilsanda.geojson,SBM/ramSeraph,,"","Bilsanda","Uttar Pradesh","Wards"
city,bilsi,cities/bilsi.geojson,SBM/ramSeraph,,"","Bilsi","Uttar Pradesh","Wards"
city,bina_etawa,cities/bina_etawa.geojson,SBM/ramSeraph,,"","Bina Etawa","Madhya Pradesh","Wards"
city,bindki,cities/bindki.geojson,SBM/ramSeraph,,"","Bindki","Uttar Pradesh","Wards"
city,binika,cities/binika.geojson,SBM/ramSeraph,,"","Binika","Odisha","Wards"
city,biramitrapur,cities/biramitrapur.geojson,SBM/ramSeraph,,"","Biramitrapur","Odisha","Wards"
city,birgaon,cities/birgaon.geojson,SBM/ramSeraph,,"","Birgaon","Chhattisgarh","Wards"
city,birsinghpur,cities/birsinghpur.geojson,SBM/ramSeraph,,"","Birsinghpur","Madhya Pradesh","Wards"
city,birur,cities/birur.geojson,SBM/ramSeraph,,"","Birur","Karnataka","Wards"
city,bisharatganj,cities/bisharatganj.geojson,SBM/ramSeraph,,"","Bisharatganj","Uttar Pradesh","Wards"
city,bishrampur_cg,cities/bishrampur_cg.geojson,SBM/ramSeraph,,"","Bishrampur","Chhattisgarh","Wards"
city,bishrampur_jh,cities/bishrampur_jh.geojson,SBM/ramSeraph,,"","Bishrampur","Jharkhand","Wards"
city,bissau,cities/bissau.geojson,SBM/ramSeraph,,"","Bissau","Rajasthan","Wards"
city,bitarwar,cities/bitarwar.geojson,SBM/ramSeraph,,"","Bitarwar","Madhya Pradesh","Wards"
city,bithoor,cities/bithoor.geojson,SBM/ramSeraph,,"","Bithoor","Uttar Pradesh","Wards"
city,bobbili,cities/bobbili.geojson,SBM/ramSeraph,,"","Bobbili","Andhra Pradesh","Wards"
city,bod_uppal,cities/bod_uppal.geojson,SBM/ramSeraph,,"","Bod Uppal","Telangana","Wards"
city,bodhan,cities/bodhan.geojson,SBM/ramSeraph,,"","Bodhan","Telangana","Wards"
city,bodinayakanur,cities/bodinayakanur.geojson,SBM/ramSeraph,,"","Bodinayakanur","Tamil Nadu","Wards"
city,bodla,cities/bodla.geojson,SBM/ramSeraph,,"","Bodla_","Chhattisgarh","Wards"
city,bodri,cities/bodri.geojson,SBM/ramSeraph,,"","Bodri","Chhattisgarh","Wards"
city,bodwad,cities/bodwad.geojson,SBM/ramSeraph,,"","Bodwad","Maharashtra","Wards"
city,boha,cities/boha.geojson,SBM/ramSeraph,,"","Boha","Punjab","Wards"
city,bollaram,cities/bollaram.geojson,SBM/ramSeraph,,"","Bollaram","Telangana","Wards"
city,bommasandra,cities/bommasandra.geojson,SBM/ramSeraph,,"","Bommasandra","Karnataka","Wards"
city,bongaon,cities/bongaon.geojson,WB_AMRUT/ramSeraph,,"","Bongaon","West Bengal","Wards"
city,botad,cities/botad.geojson,SBM/ramSeraph,,"","Botad","Gujarat","Wards"
city,boudhgarh,cities/boudhgarh.geojson,SBM/ramSeraph,,"","Boudhgarh","Odisha","Wards"
city,brahmapur,cities/brahmapur.geojson,SBM/ramSeraph,,"","Brahmapur","Odisha","Wards"
city,brajarajnagar,cities/brajarajnagar.geojson,SBM/ramSeraph,,"","Brajarajnagar","Odisha","Wards"
city,bramhapuri,cities/bramhapuri.geojson,SBM/ramSeraph,,"","Bramhapuri","Maharashtra","Wards"
city,brijmanganj,cities/brijmanganj.geojson,SBM/ramSeraph,,"","Brijmanganj","Uttar Pradesh","Wards"
city,bruhat_bengaluru_mahanagara_palike,cities/bruhat_bengaluru_mahanagara_palike.geojson,SBM/ramSeraph,,"","Bruhat Bengaluru Mahanagara Palike","Karnataka","Wards"
city,budani,cities/budani.geojson,SBM/ramSeraph,,"","Budani","Madhya Pradesh","Wards"
city,budaun,cities/budaun.geojson,SBM/ramSeraph,,"","Budaun","Uttar Pradesh","Wards"
city,budgam,cities/budgam.geojson,SBM/ramSeraph,,"","Budgam","Jammu & Kashmir","Wards"
city,budhana,cities/budhana.geojson,SBM/ramSeraph,,"","Budhana","Uttar Pradesh","Wards"
city,budhlada,cities/budhlada.geojson,SBM/ramSeraph,,"","Budhlada","Punjab","Wards"
city,bugrasi,cities/bugrasi.geojson,SBM/ramSeraph,,"","Bugrasi","Uttar Pradesh","Wards"
city,buguda,cities/buguda.geojson,SBM/ramSeraph,,"","Buguda","Odisha","Wards"
city,bulandshahr,cities/bulandshahr.geojson,LivingAtlas/ramSeraph,,"","Bulandshahr","Uttar Pradesh","Wards"
city,buldana,cities/buldana.geojson,SBM/ramSeraph,,"","Buldana","Maharashtra","Wards"
city,bundi,cities/bundi.geojson,SBM/ramSeraph,,"","Bundi","Rajasthan","Wards"
city,bundu,cities/bundu.geojson,SBM/ramSeraph,,"","Bundu","Jharkhand","Wards"
city,burdwan,cities/burdwan.geojson,WB_AMRUT/ramSeraph,,"","Burdwan","West Bengal","Wards"
city,burhanpur,cities/burhanpur.geojson,SBM/ramSeraph,,"","Burhanpur","Madhya Pradesh","Wards"
city,burhar,cities/burhar.geojson,SBM/ramSeraph,,"","Burhar","Madhya Pradesh","Wards"
city,buxar,cities/buxar.geojson,SBM/ramSeraph,,"","Buxar","Bihar","Wards"
city,buxwaha,cities/buxwaha.geojson,SBM/ramSeraph,,"","Buxwaha","Madhya Pradesh","Wards"
city,byadgi,cities/byadgi.geojson,SBM/ramSeraph,,"","Byadgi","Karnataka","Wards"
city,byasanagar,cities/byasanagar.geojson,SBM/ramSeraph,,"","Byasanagar","Odisha","Wards"
city,canacona_ga,cities/canacona_ga.geojson,SBM/ramSeraph,,"","Canacona","Goa","Wards"
city,canacona_up,cities/canacona_up.geojson,SBM/ramSeraph,,"","Canacona","Uttar Pradesh","Wards"
city,chachodabinaganj,cities/chachodabinaganj.geojson,SBM/ramSeraph,,"","Chachodabinaganj","Madhya Pradesh","Wards"
city,chadachana,cities/chadachana.geojson,SBM/ramSeraph,,"","Chadachana","Karnataka","Wards"
city,chadoora,cities/chadoora.geojson,SBM/ramSeraph,,"","Chadoora","Jammu & Kashmir","Wards"
city,chaibasa,cities/chaibasa.geojson,SBM/ramSeraph,,"","Chaibasa","Jharkhand","Wards"
city,chail,cities/chail.geojson,SBM/ramSeraph,,"","Chail","Uttar Pradesh","Wards"
city,chakan,cities/chakan.geojson,SBM/ramSeraph,,"","Chakan","Maharashtra","Wards"
city,chakardharpur,cities/chakardharpur.geojson,SBM/ramSeraph,,"","Chakardharpur","Jharkhand","Wards"
city,chakghat,cities/chakghat.geojson,SBM/ramSeraph,,"","Chakghat","Madhya Pradesh","Wards"
city,chakia,cities/chakia.geojson,SBM/ramSeraph,,"","Chakia","Uttar Pradesh","Wards"
city,chaksu,cities/chaksu.geojson,SBM/ramSeraph,,"","Chaksu","Rajasthan","Wards"
city,chakur,cities/chakur.geojson,SBM/ramSeraph,,"","Chakur","Maharashtra","Wards"
city,chalakkudy,cities/chalakkudy.geojson,SBM/ramSeraph,,"","Chalakkudy","Kerala","Wards"
city,chalisgaon,cities/chalisgaon.geojson,SBM/ramSeraph,,"","Chalisgaon","Maharashtra","Wards"
city,challakere,cities/challakere.geojson,SBM/ramSeraph,,"","Challakere","Karnataka","Wards"
city,chamba,cities/chamba.geojson,SBM/ramSeraph,,"","Chamba","Himachal Pradesh","Wards"
city,chamkaur_sahib,cities/chamkaur_sahib.geojson,SBM/ramSeraph,,"","Chamkaur Sahib","Punjab","Wards"
city,chamorshi,cities/chamorshi.geojson,SBM/ramSeraph,,"","Chamorshi","Maharashtra","Wards"
city,champa,cities/champa.geojson,SBM/ramSeraph,,"","Champa","Chhattisgarh","Wards"
city,champdani,cities/champdani.geojson,WB_AMRUT/ramSeraph,,"","Champdani","West Bengal","Wards"
city,champua,cities/champua.geojson,SBM/ramSeraph,,"","Champua","Odisha","Wards"
city,chand,cities/chand.geojson,SBM/ramSeraph,,"","Chand","Madhya Pradesh","Wards"
city,chandameta_butaria,cities/chandameta_butaria.geojson,SBM/ramSeraph,,"","Chandameta Butaria","Madhya Pradesh","Wards"
city,chandananagar,cities/chandananagar.geojson,WB_AMRUT/ramSeraph,,"","Chandananagar","West Bengal","Wards"
city,chandapura,cities/chandapura.geojson,SBM/ramSeraph,,"","Chandapura","Karnataka","Wards"
city,chandauli,cities/chandauli.geojson,SBM/ramSeraph,,"","Chandauli","Uttar Pradesh","Wards"
city,chandausi,cities/chandausi.geojson,SBM/ramSeraph,,"","Chandausi","Uttar Pradesh","Wards"
city,chandbali,cities/chandbali.geojson,SBM/ramSeraph,,"","Chandbali","Odisha","Wards"
city,chanderi,cities/chanderi.geojson,SBM/ramSeraph,,"","Chanderi","Madhya Pradesh","Wards"
city,chandgad,cities/chandgad.geojson,SBM/ramSeraph,,"","Chandgad","Maharashtra","Wards"
city,chandia,cities/chandia.geojson,SBM/ramSeraph,,"","Chandia","Madhya Pradesh","Wards"
city,chandkhuri,cities/chandkhuri.geojson,SBM/ramSeraph,,"","Chandkhuri","Chhattisgarh","Wards"
city,chandla,cities/chandla.geojson,SBM/ramSeraph,,"","Chandla","Madhya Pradesh","Wards"
city,chandpur,cities/chandpur.geojson,SBM/ramSeraph,,"","Chandpur","Uttar Pradesh","Wards"
city,chandrapur,cities/chandrapur.geojson,SBM/ramSeraph,,"","Chandrapur","Chhattisgarh","Wards"
city,chandrapur_m,cities/chandrapur_m.geojson,SBM/ramSeraph,,"","Chandrapur_M","Maharashtra","Wards"
city,chandur,cities/chandur.geojson,SBM/ramSeraph,,"","Chandur","Telangana","Wards"
city,chandur_railway,cities/chandur_railway.geojson,SBM/ramSeraph,,"","Chandur Railway","Maharashtra","Wards"
city,chandwad,cities/chandwad.geojson,SBM/ramSeraph,,"","Chandwad","Maharashtra","Wards"
city,changanassery,cities/changanassery.geojson,SBM/ramSeraph,,"","Changanassery","Kerala","Wards"
city,channagiri,cities/channagiri.geojson,SBM/ramSeraph,,"","Channagiri","Karnataka","Wards"
city,channamma_kitturu,cities/channamma_kitturu.geojson,SBM/ramSeraph,,"","Channamma Kitturu","Karnataka","Wards"
city,channapatna,cities/channapatna.geojson,SBM/ramSeraph,,"","Channapatna","Karnataka","Wards"
city,channarayapatna,cities/channarayapatna.geojson,SBM/ramSeraph,,"","Channarayapatna","Karnataka","Wards"
city,chapra,cities/chapra.geojson,SBM/ramSeraph,,"","Chapra","Bihar","Wards"
city,charama,cities/charama.geojson,SBM/ramSeraph,,"","Charama","Chhattisgarh","Wards"
city,charar_i_sharief,cities/charar_i_sharief.geojson,SBM/ramSeraph,,"","Charar-I-Sharief","Jammu & Kashmir","Wards"
city,charkhari,cities/charkhari.geojson,SBM/ramSeraph,,"","Charkhari","Uttar Pradesh","Wards"
city,charthawal,cities/charthawal.geojson,SBM/ramSeraph,,"","Charthawal","Uttar Pradesh","Wards"
city,charwa,cities/charwa.geojson,SBM/ramSeraph,,"","Charwa","Uttar Pradesh","Wards"
city,chas,cities/chas.geojson,SBM/ramSeraph,,"","Chas","Jharkhand","Wards"
city,chatra,cities/chatra.geojson,SBM/ramSeraph,,"","Chatra","Jharkhand","Wards"
city,chaumuhan,cities/chaumuhan.geojson,SBM/ramSeraph,,"","Chaumuhan","Uttar Pradesh","Wards"
city,chavakkad,cities/chavakkad.geojson,SBM/ramSeraph,,"","Chavakkad","Kerala","Wards"
city,cheeka,cities/cheeka.geojson,SBM/ramSeraph,,"","Cheeka","Haryana","Wards"
city,cheema,cities/cheema.geojson,SBM/ramSeraph,,"","Cheema","Punjab","Wards"
city,chengalpattu,cities/chengalpattu.geojson,LivingAtlas/ramSeraph,,"","Chengalpattu","Tamil Nadu","Wards"
city,chennur,cities/chennur.geojson,SBM/ramSeraph,,"","Chennur","Telangana","Wards"
city,cherial,cities/cherial.geojson,SBM/ramSeraph,,"","Cherial","Telangana","Wards"
city,cherpulassery,cities/cherpulassery.geojson,SBM/ramSeraph,,"","Cherpulassery","Kerala","Wards"
city,cherthala,cities/cherthala.geojson,SBM/ramSeraph,,"","Cherthala","Kerala","Wards"
city,chhabra,cities/chhabra.geojson,SBM/ramSeraph,,"","Chhabra","Rajasthan","Wards"
city,chhanera,cities/chhanera.geojson,SBM/ramSeraph,,"","Chhanera","Madhya Pradesh","Wards"
city,chhapar,cities/chhapar.geojson,SBM/ramSeraph,,"","Chhapar","Rajasthan","Wards"
city,chhapara,cities/chhapara.geojson,SBM/ramSeraph,,"","Chhapara","Madhya Pradesh","Wards"
city,chhaprauli,cities/chhaprauli.geojson,SBM/ramSeraph,,"","Chhaprauli","Uttar Pradesh","Wards"
city,chhata,cities/chhata.geojson,SBM/ramSeraph,,"","Chhata","Uttar Pradesh","Wards"
city,chhatari,cities/chhatari.geojson,SBM/ramSeraph,,"","Chhatari","Uttar Pradesh","Wards"
city,chhatarpur,cities/chhatarpur.geojson,SBM/ramSeraph,,"","Chhatarpur","Madhya Pradesh","Wards"
city,chhatrapur,cities/chhatrapur.geojson,SBM/ramSeraph,,"","Chhatrapur","Odisha","Wards"
city,chhibramau,cities/chhibramau.geojson,SBM/ramSeraph,,"","Chhibramau","Uttar Pradesh","Wards"
city,chhindwara,cities/chhindwara.geojson,SBM/ramSeraph,,"","Chhindwara","Madhya Pradesh","Wards"
city,chhuikhadan,cities/chhuikhadan.geojson,SBM/ramSeraph,,"","Chhuikhadan","Chhattisgarh","Wards"
city,chhura,cities/chhura.geojson,SBM/ramSeraph,,"","Chhura","Chhattisgarh","Wards"
city,chhurikala,cities/chhurikala.geojson,SBM/ramSeraph,,"","Chhurikala","Chhattisgarh","Wards"
city,chhuriya,cities/chhuriya.geojson,SBM/ramSeraph,,"","Chhuriya","Chhattisgarh","Wards"
city,chhutmalpura,cities/chhutmalpura.geojson,SBM/ramSeraph,,"","Chhutmalpura","Uttar Pradesh","Wards"
city,chicholi,cities/chicholi.geojson,SBM/ramSeraph,,"","Chicholi","Madhya Pradesh","Wards"
city,chidambaram,cities/chidambaram.geojson,SBM/ramSeraph,,"","Chidambaram","Tamil Nadu","Wards"
city,chikhalakasa,cities/chikhalakasa.geojson,SBM/ramSeraph,,"","Chikhalakasa","Chhattisgarh","Wards"
city,chikhli,cities/chikhli.geojson,SBM/ramSeraph,,"","Chikhli","Maharashtra","Wards"
city,chikiti,cities/chikiti.geojson,SBM/ramSeraph,,"","Chikiti","Odisha","Wards"
city,chikkaballapur,cities/chikkaballapur.geojson,SBM/ramSeraph,,"","Chikkaballapur","Karnataka","Wards"
city,chiknayakanhalli,cities/chiknayakanhalli.geojson,SBM/ramSeraph,,"","Chiknayakanhalli","Karnataka","Wards"
city,chikodi,cities/chikodi.geojson,SBM/ramSeraph,,"","Chikodi","Karnataka","Wards"
city,chilakalurpet,cities/chilakalurpet.geojson,SBM/ramSeraph,,"","Chilakalurpet","Andhra Pradesh","Wards"
city,chilkana_sultanpur,cities/chilkana_sultanpur.geojson,SBM/ramSeraph,,"","Chilkana Sultanpur","Uttar Pradesh","Wards"
city,chimakurthy,cities/chimakurthy.geojson,SBM/ramSeraph,,"","Chimakurthy","Andhra Pradesh","Wards"
city,chimur,cities/chimur.geojson,SBM/ramSeraph,,"","Chimur","Maharashtra","Wards"
city,chinchali,cities/chinchali.geojson,SBM/ramSeraph,,"","Chinchali","Karnataka","Wards"
city,chincholi,cities/chincholi.geojson,SBM/ramSeraph,,"","Chincholi","Karnataka","Wards"
city,chinnamanur,cities/chinnamanur.geojson,SBM/ramSeraph,,"","Chinnamanur","Tamil Nadu","Wards"
city,chintamani,cities/chintamani.geojson,SBM/ramSeraph,,"","Chintamani","Karnataka","Wards"
city,chiplun,cities/chiplun.geojson,SBM/ramSeraph,,"","Chiplun","Maharashtra","Wards"
city,chiraiyakot,cities/chiraiyakot.geojson,SBM/ramSeraph,,"","Chiraiyakot","Uttar Pradesh","Wards"
city,chirala,cities/chirala.geojson,SBM/ramSeraph,,"","Chirala","Andhra Pradesh","Wards"
city,chirawa,cities/chirawa.geojson,SBM/ramSeraph,,"","Chirawa","Rajasthan","Wards"
city,chirimiri,cities/chirimiri.geojson,SBM/ramSeraph,,"","Chirimiri","Chhattisgarh","Wards"
city,chirkunda,cities/chirkunda.geojson,SBM/ramSeraph,,"","Chirkunda","Jharkhand","Wards"
city,chitbara_gaon,cities/chitbara_gaon.geojson,SBM/ramSeraph,,"","Chitbara Gaon","Uttar Pradesh","Wards"
city,chitradurga,cities/chitradurga.geojson,SBM/ramSeraph,,"","Chitradurga","Karnataka","Wards"
city,chitrakoot,cities/chitrakoot.geojson,SBM/ramSeraph,,"","Chitrakoot","Madhya Pradesh","Wards"
city,chitrakoot_dham,cities/chitrakoot_dham.geojson,SBM/ramSeraph,,"","Chitrakoot_Dham","Uttar Pradesh","Wards"
city,chittaguppa,cities/chittaguppa.geojson,SBM/ramSeraph,,"","Chittaguppa","Karnataka","Wards"
city,chittapur,cities/chittapur.geojson,SBM/ramSeraph,,"","Chittapur","Karnataka","Wards"
city,chittaurgarh,cities/chittaurgarh.geojson,SBM/ramSeraph,,"","Chittaurgarh","Rajasthan","Wards"
city,chittoor,cities/chittoor.geojson,SBM/ramSeraph,,"","Chittoor","Andhra Pradesh","Wards"
city,chittur_thathamangalam,cities/chittur_thathamangalam.geojson,SBM/ramSeraph,,"","Chittur-Thathamangalam","Kerala","Wards"
city,chomu,cities/chomu.geojson,SBM/ramSeraph,,"","Chomu","Rajasthan","Wards"
city,choppandandi,cities/choppandandi.geojson,SBM/ramSeraph,,"","Choppandandi","Telangana","Wards"
city,chorai,cities/chorai.geojson,SBM/ramSeraph,,"","Chorai","Madhya Pradesh","Wards"
city,choudwar,cities/choudwar.geojson,SBM/ramSeraph,,"","Choudwar","Odisha","Wards"
city,choutuppal,cities/choutuppal.geojson,SBM/ramSeraph,,"","Choutuppal","Telangana","Wards"
city,chowk,cities/chowk.geojson,SBM/ramSeraph,,"","Chowk","Uttar Pradesh","Wards"
city,chunar,cities/chunar.geojson,SBM/ramSeraph,,"","Chunar","Uttar Pradesh","Wards"
city,churhat,cities/churhat.geojson,SBM/ramSeraph,,"","Churhat","Madhya Pradesh","Wards"
city,churk_ghurma,cities/churk_ghurma.geojson,SBM/ramSeraph,,"","Churk Ghurma","Uttar Pradesh","Wards"
city,churu,cities/churu.geojson,SBM/ramSeraph,,"","Churu","Rajasthan","Wards"
city,ckotpad,cities/ckotpad.geojson,SBM/ramSeraph,,"","Ckotpad","Odisha","Wards"
city,cmc_chamajanagar,cities/cmc_chamajanagar.geojson,SBM/ramSeraph,,"","Cmc Chamajanagar","Karnataka","Wards"
city,colachel,cities/colachel.geojson,SBM/ramSeraph,,"","Colachel","Tamil Nadu","Wards"
city,coonoor,cities/coonoor.geojson,SBM/ramSeraph,,"","Coonoor","Tamil Nadu","Wards"
city,cumbum,cities/cumbum.geojson,SBM/ramSeraph,,"","Cumbum","Tamil Nadu","Wards"
city,cuncolim,cities/cuncolim.geojson,SBM/ramSeraph,,"","Cuncolim","Goa","Wards"
city,cuttack,cities/cuttack.geojson,SBM/ramSeraph,,"","Cuttack","Odisha","Wards"
city,dabhara,cities/dabhara.geojson,SBM/ramSeraph,,"","Dabhara","Chhattisgarh","Wards"
city,dabhoura,cities/dabhoura.geojson,SBM/ramSeraph,,"","Dabhoura","Madhya Pradesh","Wards"
city,daboh,cities/daboh.geojson,SBM/ramSeraph,,"","Daboh","Madhya Pradesh","Wards"
city,dabra,cities/dabra.geojson,SBM/ramSeraph,,"","Dabra","Madhya Pradesh","Wards"
city,dahi,cities/dahi.geojson,SBM/ramSeraph,,"","Dahi","Madhya Pradesh","Wards"
city,dahiwadi,cities/dahiwadi.geojson,SBM/ramSeraph,,"","Dahiwadi","Maharashtra","Wards"
city,dala_bazar,cities/dala_bazar.geojson,SBM/ramSeraph,,"","Dala Bazar","Uttar Pradesh","Wards"
city,dallirajhara,cities/dallirajhara.geojson,SBM/ramSeraph,,"","Dallirajhara","Chhattisgarh","Wards"
city,dalmiya_nagar,cities/dalmiya_nagar.geojson,SBM/ramSeraph,,"","Dalmiya Nagar","Bihar","Wards"
city,damoh,cities/damoh.geojson,SBM/ramSeraph,,"","Damoh","Madhya Pradesh","Wards"
city,danapur,cities/danapur.geojson,SBM/ramSeraph,,"","Danapur","Bihar","Wards"
city,dandeli,cities/dandeli.geojson,SBM/ramSeraph,,"","Dandeli","Karnataka","Wards"
city,dankaur,cities/dankaur.geojson,SBM/ramSeraph,,"","Dankaur","Uttar Pradesh","Wards"
city,dantewada,cities/dantewada.geojson,SBM/ramSeraph,,"","Dantewada","Chhattisgarh","Wards"
city,dapoli,cities/dapoli.geojson,SBM/ramSeraph,,"","Dapoli","Maharashtra","Wards"
city,daranagar,cities/daranagar.geojson,SBM/ramSeraph,,"","Daranagar","Uttar Pradesh","Wards"
city,darbhanga,cities/darbhanga.geojson,SBM/ramSeraph,,"","Darbhanga","Bihar","Wards"
city,dariyabad,cities/dariyabad.geojson,SBM/ramSeraph,,"","Dariyabad","Uttar Pradesh","Wards"
city,dasna,cities/dasna.geojson,SBM/ramSeraph,,"","Dasna","Uttar Pradesh","Wards"
city,dasua,cities/dasua.geojson,SBM/ramSeraph,,"","Dasua","Punjab","Wards"
city,datia,cities/datia.geojson,SBM/ramSeraph,,"","Datia","Madhya Pradesh","Wards"
city,daund,cities/daund.geojson,SBM/ramSeraph,,"","Daund","Maharashtra","Wards"
city,daundilohara,cities/daundilohara.geojson,SBM/ramSeraph,,"","Daundilohara","Chhattisgarh","Wards"
city,daurala,cities/daurala.geojson,SBM/ramSeraph,,"","Daurala","Uttar Pradesh","Wards"
city,dausa,cities/dausa.geojson,SBM/ramSeraph,,"","Dausa","Rajasthan","Wards"
city,davanagere,cities/davanagere.geojson,SBM/ramSeraph,,"","Davanagere","Karnataka","Wards"
city,dayalbagh,cities/dayalbagh.geojson,SBM/ramSeraph,,"","Dayalbagh","Uttar Pradesh","Wards"
city,deeg,cities/deeg.geojson,SBM/ramSeraph,,"","Deeg","Rajasthan","Wards"
city,deesa,cities/deesa.geojson,SBM/ramSeraph,,"","Deesa","Gujarat","Wards"
city,deglur,cities/deglur.geojson,SBM/ramSeraph,,"","Deglur","Maharashtra","Wards"
city,dehradun,cities/dehradun.geojson,SBM/ramSeraph,,"","Dehradun","Uttarakhand","Wards"
city,dehu,cities/dehu.geojson,SBM/ramSeraph,,"","Dehu","Maharashtra","Wards"
city,deoband,cities/deoband.geojson,SBM/ramSeraph,,"","Deoband","Uttar Pradesh","Wards"
city,deogarh_od,cities/deogarh_od.geojson,SBM/ramSeraph,,"","Deogarh","Odisha","Wards"
city,deogarh_rj,cities/deogarh_rj.geojson,SBM/ramSeraph,,"","Deogarh","Rajasthan","Wards"
city,deoghar,cities/deoghar.geojson,SBM/ramSeraph,,"","Deoghar","Jharkhand","Wards"
city,deokar,cities/deokar.geojson,SBM/ramSeraph,,"","Deokar","Chhattisgarh","Wards"
city,deola,cities/deola.geojson,SBM/ramSeraph,,"","Deola","Maharashtra","Wards"
city,deoli_mh,cities/deoli_mh.geojson,SBM/ramSeraph,,"","Deoli","Maharashtra","Wards"
city,deoli_rj,cities/deoli_rj.geojson,SBM/ramSeraph,,"","Deoli","Rajasthan","Wards"
city,deoni,cities/deoni.geojson,SBM/ramSeraph,,"","Deoni","Maharashtra","Wards"
city,deoranian,cities/deoranian.geojson,SBM/ramSeraph,,"","Deoranian","Uttar Pradesh","Wards"
city,deori,cities/deori.geojson,SBM/ramSeraph,,"","Deori","Madhya Pradesh","Wards"
city,dera_baba_nanak,cities/dera_baba_nanak.geojson,SBM/ramSeraph,,"","Dera Baba Nanak","Punjab","Wards"
city,dera_bassi,cities/dera_bassi.geojson,SBM/ramSeraph,,"","Dera Bassi","Punjab","Wards"
city,dergaon_mb,cities/dergaon_mb.geojson,SBM/ramSeraph,,"","Dergaon Mb","Assam","Wards"
city,derwa_bazar,cities/derwa_bazar.geojson,SBM/ramSeraph,,"","Derwa Bazar","Uttar Pradesh","Wards"
city,desaiganj,cities/desaiganj.geojson,SBM/ramSeraph,,"","Desaiganj","Maharashtra","Wards"
city,deshnok,cities/deshnok.geojson,SBM/ramSeraph,,"","Deshnok","Rajasthan","Wards"
city,devadurga,cities/devadurga.geojson,SBM/ramSeraph,,"","Devadurga","Karnataka","Wards"
city,devakottai,cities/devakottai.geojson,SBM/ramSeraph,,"","Devakottai","Tamil Nadu","Wards"
city,devanahalli_tmc,cities/devanahalli_tmc.geojson,SBM/ramSeraph,,"","Devanahalli Tmc","Karnataka","Wards"
city,devarahipparagi,cities/devarahipparagi.geojson,SBM/ramSeraph,,"","Devarahipparagi","Karnataka","Wards"
city,devarakonda,cities/devarakonda.geojson,SBM/ramSeraph,,"","Devarakonda","Telangana","Wards"
city,devendranagar,cities/devendranagar.geojson,SBM/ramSeraph,,"","Devendranagar","Madhya Pradesh","Wards"
city,devgad,cities/devgad.geojson,SBM/ramSeraph,,"","Devgad","Maharashtra","Wards"
city,devrukh,cities/devrukh.geojson,SBM/ramSeraph,,"","Devrukh","Maharashtra","Wards"
city,dewas,cities/dewas.geojson,SBM/ramSeraph,,"","Dewas","Madhya Pradesh","Wards"
city,dhadgaon_wadfalya,cities/dhadgaon_wadfalya.geojson,SBM/ramSeraph,,"","Dhadgaon Wadfalya","Maharashtra","Wards"
city,dhakia,cities/dhakia.geojson,SBM/ramSeraph,,"","Dhakia","Uttar Pradesh","Wards"
city,dhamangaon_railway,cities/dhamangaon_railway.geojson,SBM/ramSeraph,,"","Dhamangaon Railway","Maharashtra","Wards"
city,dhamdha,cities/dhamdha.geojson,SBM/ramSeraph,,"","Dhamdha","Chhattisgarh","Wards"
city,dhammaiguda,cities/dhammaiguda.geojson,SBM/ramSeraph,,"","Dhammaiguda","Telangana","Wards"
city,dhamnod,cities/dhamnod.geojson,SBM/ramSeraph,,"","Dhamnod","Madhya Pradesh","Wards"
city,dhampur,cities/dhampur.geojson,SBM/ramSeraph,,"","Dhampur","Uttar Pradesh","Wards"
city,dhamtari,cities/dhamtari.geojson,SBM/ramSeraph,,"","Dhamtari","Chhattisgarh","Wards"
city,dhanaula,cities/dhanaula.geojson,SBM/ramSeraph,,"","Dhanaula","Punjab","Wards"
city,dhanaura,cities/dhanaura.geojson,SBM/ramSeraph,,"","Dhanaura","Uttar Pradesh","Wards"
city,dhanbad,cities/dhanbad.geojson,SBM/ramSeraph,,"","Dhanbad","Jharkhand","Wards"
city,dhanepur,cities/dhanepur.geojson,SBM/ramSeraph,,"","Dhanepur","Uttar Pradesh","Wards"
city,dhanki,cities/dhanki.geojson,SBM/ramSeraph,,"","Dhanki","Maharashtra","Wards"
city,dhanora,cities/dhanora.geojson,SBM/ramSeraph,,"","Dhanora","Maharashtra","Wards"
city,dhanpuri,cities/dhanpuri.geojson,SBM/ramSeraph,,"","Dhanpuri","Madhya Pradesh","Wards"
city,dhar,cities/dhar.geojson,SBM/ramSeraph,,"","Dhar","Madhya Pradesh","Wards"
city,dharamgarh,cities/dharamgarh.geojson,SBM/ramSeraph,,"","Dharamgarh","Odisha","Wards"
city,dharamjaigarh,cities/dharamjaigarh.geojson,SBM/ramSeraph,,"","Dharamjaigarh","Chhattisgarh","Wards"
city,dharamkot,cities/dharamkot.geojson,SBM/ramSeraph,,"","Dharamkot","Punjab","Wards"
city,dharampuri,cities/dharampuri.geojson,SBM/ramSeraph,,"","Dharampuri","Madhya Pradesh","Wards"
city,dharamshala,cities/dharamshala.geojson,SBM/ramSeraph,,"","Dharamshala","Himachal Pradesh","Wards"
city,dharamsinghwa,cities/dharamsinghwa.geojson,SBM/ramSeraph,,"","Dharamsinghwa","Uttar Pradesh","Wards"
city,dharangaon,cities/dharangaon.geojson,SBM/ramSeraph,,"","Dharangaon","Maharashtra","Wards"
city,dharapuram,cities/dharapuram.geojson,SBM/ramSeraph,,"","Dharapuram","Tamil Nadu","Wards"
city,dhariwal,cities/dhariwal.geojson,SBM/ramSeraph,,"","Dhariwal","Punjab","Wards"
city,dharmapuri_tg,cities/dharmapuri_tg.geojson,SBM/ramSeraph,,"","Dharmapuri","Telangana","Wards"
city,dharmapuri_tn,cities/dharmapuri_tn.geojson,SBM/ramSeraph,,"","Dharmapuri","Tamil Nadu","Wards"
city,dharmavaram,cities/dharmavaram.geojson,SBM/ramSeraph,,"","Dharmavaram","Andhra Pradesh","Wards"
city,dharuhera,cities/dharuhera.geojson,SBM/ramSeraph,,"","Dharuhera","Haryana","Wards"
city,dhaulpur,cities/dhaulpur.geojson,SBM/ramSeraph,,"","Dhaulpur","Rajasthan","Wards"
city,dhaura_tanda,cities/dhaura_tanda.geojson,SBM/ramSeraph,,"","Dhaura Tanda","Uttar Pradesh","Wards"
city,dhaurehra,cities/dhaurehra.geojson,SBM/ramSeraph,,"","Dhaurehra","Uttar Pradesh","Wards"
city,dhekiajuli,cities/dhekiajuli.geojson,SBM/ramSeraph,,"","Dhekiajuli","Assam","Wards"
city,dhenkanal,cities/dhenkanal.geojson,SBM/ramSeraph,,"","Dhenkanal","Odisha","Wards"
city,dhilwan,cities/dhilwan.geojson,SBM/ramSeraph,,"","Dhilwan","Punjab","Wards"
city,dhone,cities/dhone.geojson,SBM/ramSeraph,,"","Dhone","Andhra Pradesh","Wards"
city,dhubri_mb,cities/dhubri_mb.geojson,SBM/ramSeraph,,"","Dhubri Mb","Assam","Wards"
city,dhule,cities/dhule.geojson,SBM/ramSeraph,,"","Dhule","Maharashtra","Wards"
city,dhuri,cities/dhuri.geojson,SBM/ramSeraph,,"","Dhuri","Punjab","Wards"
city,diamond_harbour,cities/diamond_harbour.geojson,LivingAtlas/ramSeraph,,"","Diamond Harbour","West Bengal","Wards"
city,dibai,cities/dibai.geojson,SBM/ramSeraph,,"","Dibai","Uttar Pradesh","Wards"
city,didwana,cities/didwana.geojson,SBM/ramSeraph,,"","Didwana","Rajasthan","Wards"
city,digapahandi,cities/digapahandi.geojson,SBM/ramSeraph,,"","Digapahandi","Odisha","Wards"
city,digboi,cities/digboi.geojson,SBM/ramSeraph,,"","Digboi","Assam","Wards"
city,dighwara,cities/dighwara.geojson,SBM/ramSeraph,,"","Dighwara","Bihar","Wards"
city,digras,cities/digras.geojson,SBM/ramSeraph,,"","Digras","Maharashtra","Wards"
city,diken,cities/diken.geojson,SBM/ramSeraph,,"","Diken","Madhya Pradesh","Wards"
city,dildarnagar,cities/dildarnagar.geojson,SBM/ramSeraph,,"","Dildarnagar","Uttar Pradesh","Wards"
city,dina_nagar,cities/dina_nagar.geojson,SBM/ramSeraph,,"","Dina Nagar","Punjab","Wards"
city,dindigul,cities/dindigul.geojson,LivingAtlas/ramSeraph,,"","Dindigul","Tamil Nadu","Wards"
city,dindori_mh,cities/dindori_mh.geojson,SBM/ramSeraph,,"","Dindori","Maharashtra","Wards"
city,dindori_mp,cities/dindori_mp.geojson,SBM/ramSeraph,,"","Dindori","Madhya Pradesh","Wards"
city,diphu,cities/diphu.geojson,SBM/ramSeraph,,"","Diphu","Assam","Wards"
city,dipka,cities/dipka.geojson,SBM/ramSeraph,,"","Dipka","Chhattisgarh","Wards"
city,dirba,cities/dirba.geojson,SBM/ramSeraph,,"","Dirba","Punjab","Wards"
city,diu,cities/diu.geojson,LivingAtlas/ramSeraph,,"","Diu","Daman & Diu","Wards"
city,doda,cities/doda.geojson,SBM/ramSeraph,,"","Doda","Jammu & Kashmir","Wards"
city,dodballapur,cities/dodballapur.geojson,SBM/ramSeraph,,"","Dodballapur","Karnataka","Wards"
city,doghat,cities/doghat.geojson,SBM/ramSeraph,,"","Doghat","Uttar Pradesh","Wards"
city,dohrighat,cities/dohrighat.geojson,SBM/ramSeraph,,"","Dohrighat","Uttar Pradesh","Wards"
city,doiwala,cities/doiwala.geojson,SBM/ramSeraph,,"","Doiwala","Uttarakhand","Wards"
city,dola,cities/dola.geojson,SBM/ramSeraph,,"","Dola","Madhya Pradesh","Wards"
city,dondaicha_warvade,cities/dondaicha_warvade.geojson,SBM/ramSeraph,,"","Dondaicha-Warvade","Maharashtra","Wards"
city,dongargaon,cities/dongargaon.geojson,SBM/ramSeraph,,"","Dongargaon","Chhattisgarh","Wards"
city,dongargarh,cities/dongargarh.geojson,SBM/ramSeraph,,"","Dongargarh","Chhattisgarh","Wards"
city,doraha,cities/doraha.geojson,SBM/ramSeraph,,"","Doraha","Punjab","Wards"
city,dornakal,cities/dornakal.geojson,SBM/ramSeraph,,"","Dornakal","Telangana","Wards"
city,dornapal,cities/dornapal.geojson,SBM/ramSeraph,,"","Dornapal","Chhattisgarh","Wards"
city,dostpur,cities/dostpur.geojson,SBM/ramSeraph,,"","Dostpur","Uttar Pradesh","Wards"
city,doundi,cities/doundi.geojson,SBM/ramSeraph,,"","Doundi","Chhattisgarh","Wards"
city,dudhani,cities/dudhani.geojson,SBM/ramSeraph,,"","Dudhani","Maharashtra","Wards"
city,dulb_haryana,cities/dulb_haryana.geojson,SBM/ramSeraph,,"","Dulb Haryana","Haryana","Wards"
city,dum_dum,cities/dum_dum.geojson,WB_AMRUT/ramSeraph,,"","Dum Dum","West Bengal","Wards"
city,dumarkachar,cities/dumarkachar.geojson,SBM/ramSeraph,,"","Dumarkachar","Madhya Pradesh","Wards"
city,dumka,cities/dumka.geojson,SBM/ramSeraph,,"","Dumka","Jharkhand","Wards"
city,dumraon,cities/dumraon.geojson,SBM/ramSeraph,,"","Dumraon","Bihar","Wards"
city,dungargarh,cities/dungargarh.geojson,SBM/ramSeraph,,"","Dungargarh","Rajasthan","Wards"
city,dungarpur_mcl,cities/dungarpur_mcl.geojson,SBM/ramSeraph,,"","Dungarpur Mcl","Rajasthan","Wards"
city,durg,cities/durg.geojson,SBM/ramSeraph,,"","Durg","Chhattisgarh","Wards"
city,durgapur,cities/durgapur.geojson,WB_AMRUT/ramSeraph,,"","Durgapur","West Bengal","Wards"
city,edangansalai,cities/edangansalai.geojson,SBM/ramSeraph,,"","Edangansalai","Tamil Nadu","Wards"
city,eka,cities/eka.geojson,SBM/ramSeraph,,"","Eka","Uttar Pradesh","Wards"
city,ekdil,cities/ekdil.geojson,SBM/ramSeraph,,"","Ekdil","Uttar Pradesh","Wards"
city,eloor,cities/eloor.geojson,SBM/ramSeraph,,"","Eloor","Kerala","Wards"
city,eluru,cities/eluru.geojson,SBM/ramSeraph,,"","Eluru","Andhra Pradesh","Wards"
city,english_bazar,cities/english_bazar.geojson,WB_AMRUT/ramSeraph,,"","English Bazar","West Bengal","Wards"
city,erandol,cities/erandol.geojson,SBM/ramSeraph,,"","Erandol","Maharashtra","Wards"
city,erattupetta,cities/erattupetta.geojson,SBM/ramSeraph,,"","Erattupetta","Kerala","Wards"
city,erode,cities/erode.geojson,SBM/ramSeraph,,"","Erode","Tamil Nadu","Wards"
city,etah,cities/etah.geojson,SBM/ramSeraph,,"","Etah","Uttar Pradesh","Wards"
city,etmadpur,cities/etmadpur.geojson,SBM/ramSeraph,,"","Etmadpur","Uttar Pradesh","Wards"
city,ettumanoor,cities/ettumanoor.geojson,SBM/ramSeraph,,"","Ettumanoor","Kerala","Wards"
city,examba,cities/examba.geojson,SBM/ramSeraph,,"","Examba","Karnataka","Wards"
city,faizganj,cities/faizganj.geojson,SBM/ramSeraph,,"","Faizganj","Uttar Pradesh","Wards"
city,falna,cities/falna.geojson,SBM/ramSeraph,,"","Falna","Rajasthan","Wards"
city,farah,cities/farah.geojson,SBM/ramSeraph,,"","Farah","Uttar Pradesh","Wards"
city,farasgaon,cities/farasgaon.geojson,SBM/ramSeraph,,"","Farasgaon","Chhattisgarh","Wards"
city,faridkot,cities/faridkot.geojson,SBM/ramSeraph,,"","Faridkot","Punjab","Wards"
city,faridnagar,cities/faridnagar.geojson,SBM/ramSeraph,,"","Faridnagar","Uttar Pradesh","Wards"
city,faridpur,cities/faridpur.geojson,SBM/ramSeraph,,"","Faridpur","Uttar Pradesh","Wards"
city,fariha,cities/fariha.geojson,SBM/ramSeraph,,"","Fariha","Uttar Pradesh","Wards"
city,farrukhabad_cum_fatehgarh,cities/farrukhabad_cum_fatehgarh.geojson,SBM/ramSeraph,,"","Farrukhabad-Cum-Fatehgarh","Uttar Pradesh","Wards"
city,farrukhnagar,cities/farrukhnagar.geojson,SBM/ramSeraph,,"","Farrukhnagar","Haryana","Wards"
city,fatehabad_hr,cities/fatehabad_hr.geojson,SBM/ramSeraph,,"","Fatehabad","Haryana","Wards"
city,fatehabad_up,cities/fatehabad_up.geojson,SBM/ramSeraph,,"","Fatehabad","Uttar Pradesh","Wards"
city,fatehganj_paschimi,cities/fatehganj_paschimi.geojson,SBM/ramSeraph,,"","Fatehganj Paschimi","Uttar Pradesh","Wards"
city,fatehganj_purvi,cities/fatehganj_purvi.geojson,SBM/ramSeraph,,"","Fatehganj Purvi","Uttar Pradesh","Wards"
city,fatehgarh_churian,cities/fatehgarh_churian.geojson,SBM/ramSeraph,,"","Fatehgarh Churian","Punjab","Wards"
city,fatehgarh_pajtur,cities/fatehgarh_pajtur.geojson,SBM/ramSeraph,,"","Fatehgarh Pajtur","Punjab","Wards"
city,fatehnagar,cities/fatehnagar.geojson,SBM/ramSeraph,,"","Fatehnagar","Rajasthan","Wards"
city,fatehpur_rj,cities/fatehpur_rj.geojson,SBM/ramSeraph,,"","Fatehpur","Rajasthan","Wards"
city,fatehpur_sikri,cities/fatehpur_sikri.geojson,SBM/ramSeraph,,"","Fatehpur Sikri","Uttar Pradesh","Wards"
city,fatehpur_up,cities/fatehpur_up.geojson,SBM/ramSeraph,,"","Fatehpur","Uttar Pradesh","Wards"
city,fatwah,cities/fatwah.geojson,SBM/ramSeraph,,"","Fatwah","Bihar","Wards"
city,fazilka,cities/fazilka.geojson,SBM/ramSeraph,,"","Fazilka","Punjab","Wards"
city,fazilnagar,cities/fazilnagar.geojson,SBM/ramSeraph,,"","Fazilnagar","Uttar Pradesh","Wards"
city,feroke,cities/feroke.geojson,SBM/ramSeraph,,"","Feroke","Kerala","Wards"
city,ferozepur_jhirka,cities/ferozepur_jhirka.geojson,SBM/ramSeraph,,"","Ferozepur Jhirka","Haryana","Wards"
city,fingeshwar,cities/fingeshwar.geojson,SBM/ramSeraph,,"","Fingeshwar","Chhattisgarh","Wards"
city,firozabad,cities/firozabad.geojson,SBM/ramSeraph,,"","Firozabad","Uttar Pradesh","Wards"
city,firozpur,cities/firozpur.geojson,SBM/ramSeraph,,"","Firozpur","Punjab","Wards"
city,frisal,cities/frisal.geojson,SBM/ramSeraph,,"","Frisal","Jammu & Kashmir","Wards"
city,g_udyagiri,cities/g_udyagiri.geojson,SBM/ramSeraph,,"","G Udyagiri","Odisha","Wards"
city,gadag_betigeri,cities/gadag_betigeri.geojson,SBM/ramSeraph,,"","Gadag-Betigeri","Karnataka","Wards"
city,gadarpur,cities/gadarpur.geojson,SBM/ramSeraph,,"","Gadarpur","Uttarakhand","Wards"
city,gadarwara,cities/gadarwara.geojson,SBM/ramSeraph,,"","Gadarwara","Madhya Pradesh","Wards"
city,gadchiroli,cities/gadchiroli.geojson,SBM/ramSeraph,,"","Gadchiroli","Maharashtra","Wards"
city,gadimalhara,cities/gadimalhara.geojson,SBM/ramSeraph,,"","Gadimalhara","Madhya Pradesh","Wards"
city,gadvara_bazar,cities/gadvara_bazar.geojson,SBM/ramSeraph,,"","Gadvara Bazar","Uttar Pradesh","Wards"
city,gadwal,cities/gadwal.geojson,SBM/ramSeraph,,"","Gadwal","Telangana","Wards"
city,gainsadi,cities/gainsadi.geojson,SBM/ramSeraph,,"","Gainsadi","Uttar Pradesh","Wards"
city,gajendragarh,cities/gajendragarh.geojson,SBM/ramSeraph,,"","Gajendragarh","Karnataka","Wards"
city,gajraula,cities/gajraula.geojson,SBM/ramSeraph,,"","Gajraula","Uttar Pradesh","Wards"
city,gajwel,cities/gajwel.geojson,SBM/ramSeraph,,"","Gajwel","Telangana","Wards"
city,ganaur,cities/ganaur.geojson,SBM/ramSeraph,,"","Ganaur","Haryana","Wards"
city,gandai,cities/gandai.geojson,SBM/ramSeraph,,"","Gandai","Chhattisgarh","Wards"
city,ganderbal,cities/ganderbal.geojson,SBM/ramSeraph,,"","Ganderbal","Jammu & Kashmir","Wards"
city,gandhidham,cities/gandhidham.geojson,SBM/ramSeraph,,"","Gandhidham","Gujarat","Wards"
city,gandhinagar,cities/gandhinagar.geojson,SBM/ramSeraph,,"","Gandhinagar","Gujarat","Wards"
city,gangakhed,cities/gangakhed.geojson,SBM/ramSeraph,,"","Gangakhed","Maharashtra","Wards"
city,ganganagar,cities/ganganagar.geojson,SBM/ramSeraph,,"","Ganganagar","Rajasthan","Wards"
city,gangapur_city,cities/gangapur_city.geojson,SBM/ramSeraph,,"","Gangapur City","Rajasthan","Wards"
city,gangapur_rj,cities/gangapur_rj.geojson,SBM/ramSeraph,,"","Gangapur","Rajasthan","Wards"
city,gangapur_up,cities/gangapur_up.geojson,SBM/ramSeraph,,"","Gangapur","Uttar Pradesh","Wards"
city,gangavathi,cities/gangavathi.geojson,SBM/ramSeraph,,"","Gangavathi","Karnataka","Wards"
city,gangoh,cities/gangoh.geojson,SBM/ramSeraph,,"","Gangoh","Uttar Pradesh","Wards"
city,gangtok,cities/gangtok.geojson,SBM/ramSeraph,,"","Gangtok","Sikkim","Wards"
city,ganj_dundawara,cities/ganj_dundawara.geojson,SBM/ramSeraph,,"","Ganj Dundawara","Uttar Pradesh","Wards"
city,ganjbasoda,cities/ganjbasoda.geojson,SBM/ramSeraph,,"","Ganjbasoda","Madhya Pradesh","Wards"
city,gardhiwala,cities/gardhiwala.geojson,SBM/ramSeraph,,"","Gardhiwala","Punjab","Wards"
city,garhakota,cities/garhakota.geojson,SBM/ramSeraph,,"","Garhakota","Madhya Pradesh","Wards"
city,garhi_pukhta,cities/garhi_pukhta.geojson,SBM/ramSeraph,,"","Garhi Pukhta","Uttar Pradesh","Wards"
city,garhshankar,cities/garhshankar.geojson,SBM/ramSeraph,,"","Garhshankar","Punjab","Wards"
city,garhwa,cities/garhwa.geojson,SBM/ramSeraph,,"","Garhwa","Jharkhand","Wards"
city,gariyaband,cities/gariyaband.geojson,SBM/ramSeraph,,"","Gariyaband","Chhattisgarh","Wards"
city,garoth,cities/garoth.geojson,SBM/ramSeraph,,"","Garoth","Madhya Pradesh","Wards"
city,gaurabadshahpur,cities/gaurabadshahpur.geojson,SBM/ramSeraph,,"","Gaurabadshahpur","Uttar Pradesh","Wards"
city,gaurella,cities/gaurella.geojson,SBM/ramSeraph,,"","Gaurella","Chhattisgarh","Wards"
city,gauriganj,cities/gauriganj.geojson,SBM/ramSeraph,,"","Gauriganj","Uttar Pradesh","Wards"
city,gaya,cities/gaya.geojson,SBM/ramSeraph,,"","Gaya","Bihar","Wards"
city,geedam,cities/geedam.geojson,SBM/ramSeraph,,"","Geedam","Chhattisgarh","Wards"
city,ghagga,cities/ghagga.geojson,SBM/ramSeraph,,"","Ghagga","Punjab","Wards"
city,ghaghasara_bazar,cities/ghaghasara_bazar.geojson,SBM/ramSeraph,,"","Ghaghasara Bazar","Uttar Pradesh","Wards"
city,ghanaur,cities/ghanaur.geojson,SBM/ramSeraph,,"","Ghanaur","Punjab","Wards"
city,ghansawangi,cities/ghansawangi.geojson,SBM/ramSeraph,,"","Ghansawangi","Maharashtra","Wards"
city,gharaunda,cities/gharaunda.geojson,SBM/ramSeraph,,"","Gharaunda","Haryana","Wards"
city,gharghoda,cities/gharghoda.geojson,SBM/ramSeraph,,"","Gharghoda","Chhattisgarh","Wards"
city,ghatampur,cities/ghatampur.geojson,SBM/ramSeraph,,"","Ghatampur","Uttar Pradesh","Wards"
city,ghatanji,cities/ghatanji.geojson,SBM/ramSeraph,,"","Ghatanji","Maharashtra","Wards"
city,ghaziabad,cities/ghaziabad.geojson,SBM/ramSeraph,,"","Ghaziabad","Uttar Pradesh","Wards"
city,ghazipur,cities/ghazipur.geojson,SBM/ramSeraph,,"","Ghazipur","Uttar Pradesh","Wards"
city,ghiraur,cities/ghiraur.geojson,SBM/ramSeraph,,"","Ghiraur","Uttar Pradesh","Wards"
city,ghoghardiha,cities/ghoghardiha.geojson,SBM/ramSeraph,,"","Ghoghardiha","Bihar","Wards"
city,ghorawal,cities/ghorawal.geojson,SBM/ramSeraph,,"","Ghorawal","Uttar Pradesh","Wards"
city,ghosi,cities/ghosi.geojson,SBM/ramSeraph,,"","Ghosi","Uttar Pradesh","Wards"
city,ghosia_bazar,cities/ghosia_bazar.geojson,SBM/ramSeraph,,"","Ghosia Bazar","Uttar Pradesh","Wards"
city,ghuwara,cities/ghuwara.geojson,SBM/ramSeraph,,"","Ghuwara","Madhya Pradesh","Wards"
city,giddalur,cities/giddalur.geojson,SBM/ramSeraph,,"","Giddalur","Andhra Pradesh","Wards"
city,gidderbaha,cities/gidderbaha.geojson,SBM/ramSeraph,,"","Gidderbaha","Punjab","Wards"
city,giridih,cities/giridih.geojson,SBM/ramSeraph,,"","Giridih","Jharkhand","Wards"
city,gobichettipalayam,cities/gobichettipalayam.geojson,SBM/ramSeraph,,"","Gobichettipalayam","Tamil Nadu","Wards"
city,gobindgarh,cities/gobindgarh.geojson,SBM/ramSeraph,,"","Gobindgarh","Punjab","Wards"
city,gobra_nawapara,cities/gobra_nawapara.geojson,SBM/ramSeraph,,"","Gobra Nawapara","Chhattisgarh","Wards"
city,godda,cities/godda.geojson,SBM/ramSeraph,,"","Godda","Jharkhand","Wards"
city,godhra,cities/godhra.geojson,SBM/ramSeraph,,"","Godhra","Gujarat","Wards"
city,gohad,cities/gohad.geojson,SBM/ramSeraph,,"","Gohad","Madhya Pradesh","Wards"
city,gohana,cities/gohana.geojson,SBM/ramSeraph,,"","Gohana","Haryana","Wards"
city,gohand,cities/gohand.geojson,SBM/ramSeraph,,"","Gohand","Uttar Pradesh","Wards"
city,gokak,cities/gokak.geojson,SBM/ramSeraph,,"","Gokak","Karnataka","Wards"
city,gokul,cities/gokul.geojson,SBM/ramSeraph,,"","Gokul","Uttar Pradesh","Wards"
city,gola_bazar,cities/gola_bazar.geojson,SBM/ramSeraph,,"","Gola Bazar","Uttar Pradesh","Wards"
city,gola_gokarn_nath,cities/gola_gokarn_nath.geojson,SBM/ramSeraph,,"","Gola Gokarn Nath","Uttar Pradesh","Wards"
city,golaghat_mb,cities/golaghat_mb.geojson,SBM/ramSeraph,,"","Golaghat Mb","Assam","Wards"
city,gollaprolu,cities/gollaprolu.geojson,SBM/ramSeraph,,"","Gollaprolu","Andhra Pradesh","Wards"
city,gond_pipari,cities/gond_pipari.geojson,SBM/ramSeraph,,"","Gond Pipari","Maharashtra","Wards"
city,gonda,cities/gonda.geojson,SBM/ramSeraph,,"","Gonda","Uttar Pradesh","Wards"
city,gondal,cities/gondal.geojson,SBM/ramSeraph,,"","Gondal","Gujarat","Wards"
city,gondiya,cities/gondiya.geojson,SBM/ramSeraph,,"","Gondiya","Maharashtra","Wards"
city,goniana,cities/goniana.geojson,SBM/ramSeraph,,"","Goniana","Punjab","Wards"
city,gooty,cities/gooty.geojson,SBM/ramSeraph,,"","Gooty","Andhra Pradesh","Wards"
city,gopalpur,cities/gopalpur.geojson,SBM/ramSeraph,,"","Gopalpur","Odisha","Wards"
city,gopamau,cities/gopamau.geojson,SBM/ramSeraph,,"","Gopamau","Uttar Pradesh","Wards"
city,gorakhpur,cities/gorakhpur.geojson,SBM/ramSeraph,,"","Gorakhpur","Uttar Pradesh","Wards"
city,goraya,cities/goraya.geojson,SBM/ramSeraph,,"","Goraya","Punjab","Wards"
city,goregaon,cities/goregaon.geojson,SBM/ramSeraph,,"","Goregaon","Maharashtra","Wards"
city,gormi,cities/gormi.geojson,SBM/ramSeraph,,"","Gormi","Madhya Pradesh","Wards"
city,gosaiganj,cities/gosaiganj.geojson,SBM/ramSeraph,,"","Gosaiganj","Uttar Pradesh","Wards"
city,gosainganj,cities/gosainganj.geojson,SBM/ramSeraph,,"","Gosainganj","Uttar Pradesh","Wards"
city,gouribidanur,cities/gouribidanur.geojson,SBM/ramSeraph,,"","Gouribidanur","Karnataka","Wards"
city,govardhan,cities/govardhan.geojson,SBM/ramSeraph,,"","Govardhan","Uttar Pradesh","Wards"
city,govindgarh,cities/govindgarh.geojson,SBM/ramSeraph,,"","Govindgarh","Madhya Pradesh","Wards"
city,greater_hyderabad,cities/greater_hyderabad.geojson,SBM/ramSeraph,,"","Greater Hyderabad","Telangana","Wards"
city,greater_jaipur,cities/greater_jaipur.geojson,LivingAtlas/ramSeraph,,"","Greater Jaipur","Rajasthan","Wards"
city,greater_mumbai,cities/greater_mumbai.geojson,LivingAtlas/ramSeraph,,"","Greater Mumbai","Maharashtra","Wards"
city,gubbi,cities/gubbi.geojson,SBM/ramSeraph,,"","Gubbi","Karnataka","Wards"
city,gudalur,cities/gudalur.geojson,SBM/ramSeraph,,"","Gudalur","Tamil Nadu","Wards"
city,gudari,cities/gudari.geojson,SBM/ramSeraph,,"","Gudari","Odisha","Wards"
city,gudibande,cities/gudibande.geojson,SBM/ramSeraph,,"","Gudibande","Karnataka","Wards"
city,gudivada,cities/gudivada.geojson,SBM/ramSeraph,,"","Gudivada","Andhra Pradesh","Wards"
city,gudiyatham,cities/gudiyatham.geojson,SBM/ramSeraph,,"","Gudiyatham","Tamil Nadu","Wards"
city,gudur,cities/gudur.geojson,SBM/ramSeraph,,"","Gudur","Andhra Pradesh","Wards"
city,guduru,cities/guduru.geojson,SBM/ramSeraph,,"","Guduru","Andhra Pradesh","Wards"
city,guhagar,cities/guhagar.geojson,SBM/ramSeraph,,"","Guhagar","Maharashtra","Wards"
city,gulabpura,cities/gulabpura.geojson,SBM/ramSeraph,,"","Gulabpura","Rajasthan","Wards"
city,gulaothi,cities/gulaothi.geojson,SBM/ramSeraph,,"","Gulaothi","Uttar Pradesh","Wards"
city,gulariya,cities/gulariya.geojson,SBM/ramSeraph,,"","Gulariya","Uttar Pradesh","Wards"
city,gumla,cities/gumla.geojson,SBM/ramSeraph,,"","Gumla","Jharkhand","Wards"
city,guna,cities/guna.geojson,SBM/ramSeraph,,"","Guna","Madhya Pradesh","Wards"
city,gunderdehi,cities/gunderdehi.geojson,SBM/ramSeraph,,"","Gunderdehi","Chhattisgarh","Wards"
city,gundlapochampally,cities/gundlapochampally.geojson,SBM/ramSeraph,,"","Gundlapochampally","Telangana","Wards"
city,gundlupet,cities/gundlupet.geojson,SBM/ramSeraph,,"","Gundlupet","Karnataka","Wards"
city,gunnaur,cities/gunnaur.geojson,SBM/ramSeraph,,"","Gunnaur","Uttar Pradesh","Wards"
city,guntukal,cities/guntukal.geojson,SBM/ramSeraph,,"","Guntukal","Andhra Pradesh","Wards"
city,guntur,cities/guntur.geojson,SBM/ramSeraph,,"","Guntur","Andhra Pradesh","Wards"
city,gunupur,cities/gunupur.geojson,SBM/ramSeraph,,"","Gunupur","Odisha","Wards"
city,gurdaspur,cities/gurdaspur.geojson,SBM/ramSeraph,,"","Gurdaspur","Punjab","Wards"
city,gurh,cities/gurh.geojson,SBM/ramSeraph,,"","Gurh","Madhya Pradesh","Wards"
city,gurmatkal,cities/gurmatkal.geojson,SBM/ramSeraph,,"","Gurmatkal","Karnataka","Wards"
city,gursahaiganj,cities/gursahaiganj.geojson,SBM/ramSeraph,,"","Gursahaiganj","Uttar Pradesh","Wards"
city,gursarai,cities/gursarai.geojson,SBM/ramSeraph,,"","Gursarai","Uttar Pradesh","Wards"
city,guru_har_sahai,cities/guru_har_sahai.geojson,SBM/ramSeraph,,"","Guru Har Sahai","Punjab","Wards"
city,gurugram,cities/gurugram.geojson,LivingAtlas/ramSeraph,,"","Gurugram","Haryana","Wards"
city,gurur,cities/gurur.geojson,SBM/ramSeraph,,"","Gurur","Chhattisgarh","Wards"
city,guruvayoor,cities/guruvayoor.geojson,SBM/ramSeraph,,"","Guruvayoor","Kerala","Wards"
city,guwahati,cities/guwahati.geojson,LivingAtlas/ramSeraph,,"","Guwahati","Assam","Wards"
city,gvmc,cities/gvmc.geojson,SBM/ramSeraph,,"","Gvmc","Andhra Pradesh","Wards"
city,gwalior,cities/gwalior.geojson,SBM/ramSeraph,,"","Gwalior","Madhya Pradesh","Wards"
city,gyanpur,cities/gyanpur.geojson,SBM/ramSeraph,,"","Gyanpur","Uttar Pradesh","Wards"
city,habra,cities/habra.geojson,SBM/ramSeraph,,"","Habra","West Bengal","Wards"
city,haflong,cities/haflong.geojson,SBM/ramSeraph,,"","Haflong","Assam","Wards"
city,hagaribommanahalli,cities/hagaribommanahalli.geojson,SBM/ramSeraph,,"","Hagaribommanahalli","Karnataka","Wards"
city,hailey_mandi,cities/hailey_mandi.geojson,SBM/ramSeraph,,"","Hailey Mandi","Haryana","Wards"
city,hajin,cities/hajin.geojson,SBM/ramSeraph,,"","Hajin","Jammu & Kashmir","Wards"
city,hajipur,cities/hajipur.geojson,SBM/ramSeraph,,"","Hajipur","Bihar","Wards"
city,haldaur,cities/haldaur.geojson,SBM/ramSeraph,,"","Haldaur","Uttar Pradesh","Wards"
city,haldia,cities/haldia.geojson,WB_AMRUT/ramSeraph,,"","Haldia","West Bengal","Wards"
city,haldwani,cities/haldwani.geojson,SBM/ramSeraph,,"","Haldwani","Uttarakhand","Wards"
city,halisahar,cities/halisahar.geojson,WB_AMRUT/ramSeraph,,"","Halisahar","West Bengal","Wards"
city,haliya,cities/haliya.geojson,SBM/ramSeraph,,"","Haliya","Telangana","Wards"
city,haliyal,cities/haliyal.geojson,SBM/ramSeraph,,"","Haliyal","Karnataka","Wards"
city,hamirpur_hp,cities/hamirpur_hp.geojson,SBM/ramSeraph,,"","Hamirpur","Himachal Pradesh","Wards"
city,hamirpur_up,cities/hamirpur_up.geojson,SBM/ramSeraph,,"","Hamirpur","Uttar Pradesh","Wards"
city,hanagal,cities/hanagal.geojson,SBM/ramSeraph,,"","Hanagal","Karnataka","Wards"
city,handia,cities/handia.geojson,SBM/ramSeraph,,"","Handia","Uttar Pradesh","Wards"
city,handiaya,cities/handiaya.geojson,SBM/ramSeraph,,"","Handiaya","Punjab","Wards"
city,handwara,cities/handwara.geojson,SBM/ramSeraph,,"","Handwara","Jammu & Kashmir","Wards"
city,hansi,cities/hansi.geojson,SBM/ramSeraph,,"","Hansi","Haryana","Wards"
city,hanumana,cities/hanumana.geojson,SBM/ramSeraph,,"","Hanumana","Madhya Pradesh","Wards"
city,hanumangarh,cities/hanumangarh.geojson,SBM/ramSeraph,,"","Hanumangarh","Rajasthan","Wards"
city,hanur,cities/hanur.geojson,SBM/ramSeraph,,"","Hanur","Karnataka","Wards"
city,harda,cities/harda.geojson,SBM/ramSeraph,,"","Harda","Madhya Pradesh","Wards"
city,hardoi_naugawa,cities/hardoi_naugawa.geojson,SBM/ramSeraph,,"","Hardoi Naugawa","Uttar Pradesh","Wards"
city,harduaganj,cities/harduaganj.geojson,SBM/ramSeraph,,"","Harduaganj","Uttar Pradesh","Wards"
city,hardwar,cities/hardwar.geojson,SBM/ramSeraph,,"","Hardwar","Uttarakhand","Wards"
city,hargaon,cities/hargaon.geojson,SBM/ramSeraph,,"","Hargaon","Uttar Pradesh","Wards"
city,hariana,cities/hariana.geojson,SBM/ramSeraph,,"","Hariana","Punjab","Wards"
city,haridwar,cities/haridwar.geojson,LivingAtlas/ramSeraph,,"","Haridwar","Uttarakhand","Wards"
city,harihar,cities/harihar.geojson,SBM/ramSeraph,,"","Harihar","Karnataka","Wards"
city,haripad,cities/haripad.geojson,SBM/ramSeraph,,"","Haripad","Kerala","Wards"
city,harrai,cities/harrai.geojson,SBM/ramSeraph,,"","Harrai","Madhya Pradesh","Wards"
city,hasayan,cities/hasayan.geojson,SBM/ramSeraph,,"","Hasayan","Uttar Pradesh","Wards"
city,hassan,cities/hassan.geojson,SBM/ramSeraph,,"","Hassan","Karnataka","Wards"
city,hastinapur,cities/hastinapur.geojson,SBM/ramSeraph,,"","Hastinapur","Uttar Pradesh","Wards"
city,hata,cities/hata.geojson,SBM/ramSeraph,,"","Hata","Uttar Pradesh","Wards"
city,hathgram,cities/hathgram.geojson,SBM/ramSeraph,,"","Hathgram","Uttar Pradesh","Wards"
city,hathin,cities/hathin.geojson,SBM/ramSeraph,,"","Hathin","Haryana","Wards"
city,hathod,cities/hathod.geojson,SBM/ramSeraph,,"","Hathod","Madhya Pradesh","Wards"
city,hathras,cities/hathras.geojson,SBM/ramSeraph,,"","Hathras","Uttar Pradesh","Wards"
city,hatkangale,cities/hatkangale.geojson,SBM/ramSeraph,,"","Hatkangale","Maharashtra","Wards"
city,hatpipliya,cities/hatpipliya.geojson,SBM/ramSeraph,,"","Hatpipliya","Madhya Pradesh","Wards"
city,hatta,cities/hatta.geojson,SBM/ramSeraph,,"","Hatta","Madhya Pradesh","Wards"
city,haveri,cities/haveri.geojson,SBM/ramSeraph,,"","Haveri","Karnataka","Wards"
city,hazaribag,cities/hazaribag.geojson,SBM/ramSeraph,,"","Hazaribag","Jharkhand","Wards"
city,hebbugodi,cities/hebbugodi.geojson,SBM/ramSeraph,,"","Hebbugodi","Karnataka","Wards"
city,heeraganj_bazar,cities/heeraganj_bazar.geojson,SBM/ramSeraph,,"","Heeraganj Bazar","Uttar Pradesh","Wards"
city,heggadadevankote,cities/heggadadevankote.geojson,SBM/ramSeraph,,"","Heggadadevankote","Karnataka","Wards"
city,hetimpur,cities/hetimpur.geojson,SBM/ramSeraph,,"","Hetimpur","Uttar Pradesh","Wards"
city,hilsa,cities/hilsa.geojson,SBM/ramSeraph,,"","Hilsa","Bihar","Wards"
city,hindaun,cities/hindaun.geojson,SBM/ramSeraph,,"","Hindaun","Rajasthan","Wards"
city,hindoriya,cities/hindoriya.geojson,SBM/ramSeraph,,"","Hindoriya","Madhya Pradesh","Wards"
city,hindupur,cities/hindupur.geojson,SBM/ramSeraph,,"","Hindupur","Andhra Pradesh","Wards"
city,hingana,cities/hingana.geojson,SBM/ramSeraph,,"","Hingana","Maharashtra","Wards"
city,hinganghat,cities/hinganghat.geojson,SBM/ramSeraph,,"","Hinganghat","Maharashtra","Wards"
city,hingoli,cities/hingoli.geojson,SBM/ramSeraph,,"","Hingoli","Maharashtra","Wards"
city,hinjilicut_mcanacona,cities/hinjilicut_mcanacona.geojson,SBM/ramSeraph,,"","Hinjilicut (M)Canacona","Odisha","Wards"
city,hiranagar,cities/hiranagar.geojson,SBM/ramSeraph,,"","Hiranagar","Jammu & Kashmir","Wards"
city,hirekerur,cities/hirekerur.geojson,SBM/ramSeraph,,"","Hirekerur","Karnataka","Wards"
city,hiriyur,cities/hiriyur.geojson,SBM/ramSeraph,,"","Hiriyur","Karnataka","Wards"
city,hisar,cities/hisar.geojson,SBM/ramSeraph,,"","Hisar","Haryana","Wards"
city,hodal,cities/hodal.geojson,SBM/ramSeraph,,"","Hodal","Haryana","Wards"
city,holalkere,cities/holalkere.geojson,SBM/ramSeraph,,"","Holalkere","Karnataka","Wards"
city,hole_narsipur,cities/hole_narsipur.geojson,SBM/ramSeraph,,"","Hole Narsipur","Karnataka","Wards"
city,holehonnuru,cities/holehonnuru.geojson,SBM/ramSeraph,,"","Holehonnuru","Karnataka","Wards"
city,homnabad,cities/homnabad.geojson,SBM/ramSeraph,,"","Homnabad","Karnataka","Wards"
city,honavar,cities/honavar.geojson,SBM/ramSeraph,,"","Honavar","Karnataka","Wards"
city,honnali,cities/honnali.geojson,SBM/ramSeraph,,"","Honnali","Karnataka","Wards"
city,hooghly_chinsurah,cities/hooghly_chinsurah.geojson,WB_AMRUT/ramSeraph,,"","Hooghly-Chinsurah","West Bengal","Wards"
city,hosadurga,cities/hosadurga.geojson,SBM/ramSeraph,,"","Hosadurga","Karnataka","Wards"
city,hosakote_cmc,cities/hosakote_cmc.geojson,SBM/ramSeraph,,"","Hosakote Cmc","Karnataka","Wards"
city,hosapete,cities/hosapete.geojson,SBM/ramSeraph,,"","Hosapete","Karnataka","Wards"
city,hoshangabad,cities/hoshangabad.geojson,SBM/ramSeraph,,"","Hoshangabad","Madhya Pradesh","Wards"
city,hoshiarpur,cities/hoshiarpur.geojson,SBM/ramSeraph,,"","Hoshiarpur","Punjab","Wards"
city,hosur,cities/hosur.geojson,LivingAtlas/ramSeraph,,"","Hosur","Tamil Nadu","Wards"
city,hubballi_dharwad,cities/hubballi_dharwad.geojson,LivingAtlas/ramSeraph,,"","Hubballi Dharwad","Karnataka","Wards"
city,hubli_dharwad,cities/hubli_dharwad.geojson,SBM/ramSeraph,,"","Hubli-Dharwad","Karnataka","Wards"
city,hunsur,cities/hunsur.geojson,SBM/ramSeraph,,"","Hunsur","Karnataka","Wards"
city,hupari,cities/hupari.geojson,SBM/ramSeraph,,"","Hupari","Maharashtra","Wards"
city,hussainabad,cities/hussainabad.geojson,SBM/ramSeraph,,"","Hussainabad","Jharkhand","Wards"
city,huzurnagar,cities/huzurnagar.geojson,SBM/ramSeraph,,"","Huzurnagar","Telangana","Wards"
city,ibrahimpatnam,cities/ibrahimpatnam.geojson,SBM/ramSeraph,,"","Ibrahimpatnam","Telangana","Wards"
city,icchawar,cities/icchawar.geojson,SBM/ramSeraph,,"","Icchawar","Madhya Pradesh","Wards"
city,ichalkaranji,cities/ichalkaranji.geojson,SBM/ramSeraph,,"","Ichalkaranji","Maharashtra","Wards"
city,ieeja,cities/ieeja.geojson,SBM/ramSeraph,,"","Ieeja","Telangana","Wards"
city,ikauna,cities/ikauna.geojson,SBM/ramSeraph,,"","Ikauna","Uttar Pradesh","Wards"
city,ilkal,cities/ilkal.geojson,SBM/ramSeraph,,"","Ilkal","Karnataka","Wards"
city,imphal,cities/imphal.geojson,LivingAtlas/ramSeraph,,"","Imphal","Manipur","Wards"
city,indergarh_mp,cities/indergarh_mp.geojson,SBM/ramSeraph,,"","Indergarh_Mp","Madhya Pradesh","Wards"
city,indi,cities/indi.geojson,SBM/ramSeraph,,"","Indi","Karnataka","Wards"
city,indragarh,cities/indragarh.geojson,SBM/ramSeraph,,"","Indragarh","Rajasthan","Wards"
city,indri,cities/indri.geojson,SBM/ramSeraph,,"","Indri","Haryana","Wards"
city,irinjalakkuda,cities/irinjalakkuda.geojson,SBM/ramSeraph,,"","Irinjalakkuda","Kerala","Wards"
city,iritty,cities/iritty.geojson,SBM/ramSeraph,,"","Iritty","Kerala","Wards"
city,isagarh,cities/isagarh.geojson,SBM/ramSeraph,,"","Isagarh","Madhya Pradesh","Wards"
city,itanagar,cities/itanagar.geojson,LivingAtlas/ramSeraph,,"","Itanagar","Arunachal Pradesh","Wards"
city,itarsi,cities/itarsi.geojson,SBM/ramSeraph,,"","Itarsi","Madhya Pradesh","Wards"
city,itawa,cities/itawa.geojson,SBM/ramSeraph,,"","Itawa","Rajasthan","Wards"
city,jaali,cities/jaali.geojson,SBM/ramSeraph,,"","Jaali","Karnataka","Wards"
city,jabalpur,cities/jabalpur.geojson,SBM/ramSeraph,,"","Jabalpur","Madhya Pradesh","Wards"
city,jadcherla,cities/jadcherla.geojson,SBM/ramSeraph,,"","Jadcherla","Telangana","Wards"
city,jafarabad,cities/jafarabad.geojson,SBM/ramSeraph,,"","Jafarabad","Uttar Pradesh","Wards"
city,jafrabad,cities/jafrabad.geojson,SBM/ramSeraph,,"","Jafrabad","Maharashtra","Wards"
city,jagalur,cities/jagalur.geojson,SBM/ramSeraph,,"","Jagalur","Karnataka","Wards"
city,jagdalpur,cities/jagdalpur.geojson,SBM/ramSeraph,,"","Jagdalpur","Chhattisgarh","Wards"
city,jaggaiahpet,cities/jaggaiahpet.geojson,SBM/ramSeraph,,"","Jaggaiahpet","Andhra Pradesh","Wards"
city,jagner,cities/jagner.geojson,SBM/ramSeraph,,"","Jagner","Uttar Pradesh","Wards"
city,jagraon,cities/jagraon.geojson,SBM/ramSeraph,,"","Jagraon","Punjab","Wards"
city,jagtial,cities/jagtial.geojson,SBM/ramSeraph,,"","Jagtial","Telangana","Wards"
city,jahanabad,cities/jahanabad.geojson,SBM/ramSeraph,,"","Jahanabad","Uttar Pradesh","Wards"
city,jahanaganj,cities/jahanaganj.geojson,SBM/ramSeraph,,"","Jahanaganj","Uttar Pradesh","Wards"
city,jahangirabad,cities/jahangirabad.geojson,SBM/ramSeraph,,"","Jahangirabad","Uttar Pradesh","Wards"
city,jahazpur,cities/jahazpur.geojson,SBM/ramSeraph,,"","Jahazpur","Rajasthan","Wards"
city,jaijepur,cities/jaijepur.geojson,SBM/ramSeraph,,"","Jaijepur","Chhattisgarh","Wards"
city,jais,cities/jais.geojson,SBM/ramSeraph,,"","Jais","Uttar Pradesh","Wards"
city,jaisalmer,cities/jaisalmer.geojson,SBM/ramSeraph,,"","Jaisalmer","Rajasthan","Wards"
city,jaisinghnagar,cities/jaisinghnagar.geojson,SBM/ramSeraph,,"","Jaisinghnagar","Madhya Pradesh","Wards"
city,jaitaran,cities/jaitaran.geojson,SBM/ramSeraph,,"","Jaitaran","Rajasthan","Wards"
city,jaithara,cities/jaithara.geojson,SBM/ramSeraph,,"","Jaithara","Uttar Pradesh","Wards"
city,jaithari,cities/jaithari.geojson,SBM/ramSeraph,,"","Jaithari","Madhya Pradesh","Wards"
city,jaitu,cities/jaitu.geojson,SBM/ramSeraph,,"","Jaitu","Punjab","Wards"
city,jaitwara,cities/jaitwara.geojson,SBM/ramSeraph,,"","Jaitwara","Madhya Pradesh","Wards"
city,jajpur,cities/jajpur.geojson,SBM/ramSeraph,,"","Jajpur","Odisha","Wards"
city,jakhal_mandi,cities/jakhal_mandi.geojson,SBM/ramSeraph,,"","Jakhal Mandi","Haryana","Wards"
city,jalalabad_pb,cities/jalalabad_pb.geojson,SBM/ramSeraph,,"","Jalalabad","Punjab","Wards"
city,jalalabad_up,cities/jalalabad_up.geojson,SBM/ramSeraph,,"","Jalalabad","Uttar Pradesh","Wards"
city,jalali,cities/jalali.geojson,SBM/ramSeraph,,"","Jalali","Uttar Pradesh","Wards"
city,jalalpur,cities/jalalpur.geojson,SBM/ramSeraph,,"","Jalalpur","Uttar Pradesh","Wards"
city,jalandhar,cities/jalandhar.geojson,SBM/ramSeraph,,"","Jalandhar","Punjab","Wards"
city,jalesar,cities/jalesar.geojson,SBM/ramSeraph,,"","Jalesar","Uttar Pradesh","Wards"
city,jalgaon_city,cities/jalgaon_city.geojson,SBM/ramSeraph,,"","Jalgaon City","Maharashtra","Wards"
city,jalkot,cities/jalkot.geojson,SBM/ramSeraph,,"","Jalkot","Maharashtra","Wards"
city,jalna,cities/jalna.geojson,SBM/ramSeraph,,"","Jalna","Maharashtra","Wards"
city,jalor,cities/jalor.geojson,SBM/ramSeraph,,"","Jalor","Rajasthan","Wards"
city,jalpally,cities/jalpally.geojson,SBM/ramSeraph,,"","Jalpally","Telangana","Wards"
city,jamalpur,cities/jamalpur.geojson,SBM/ramSeraph,,"","Jamalpur","Bihar","Wards"
city,jamkhandi,cities/jamkhandi.geojson,SBM/ramSeraph,,"","Jamkhandi","Karnataka","Wards"
city,jamkhed,cities/jamkhed.geojson,SBM/ramSeraph,,"","Jamkhed","Maharashtra","Wards"
city,jammalamadugu,cities/jammalamadugu.geojson,SBM/ramSeraph,,"","Jammalamadugu","Andhra Pradesh","Wards"
city,jammikunta,cities/jammikunta.geojson,SBM/ramSeraph,,"","Jammikunta","Telangana","Wards"
city,jammu,cities/jammu.geojson,SBM/ramSeraph,,"","Jammu","Jammu & Kashmir","Wards"
city,jamnagar,cities/jamnagar.geojson,SBM/ramSeraph,,"","Jamnagar","Gujarat","Wards"
city,jamshedpur,cities/jamshedpur.geojson,SBM/ramSeraph,,"","Jamshedpur","Jharkhand","Wards"
city,jamtara,cities/jamtara.geojson,SBM/ramSeraph,,"","Jamtara","Jharkhand","Wards"
city,jamui,cities/jamui.geojson,SBM/ramSeraph,,"","Jamui","Bihar","Wards"
city,jamul,cities/jamul.geojson,SBM/ramSeraph,,"","Jamul","Chhattisgarh","Wards"
city,jandiala,cities/jandiala.geojson,SBM/ramSeraph,,"","Jandiala","Punjab","Wards"
city,jangaon,cities/jangaon.geojson,SBM/ramSeraph,,"","Jangaon","Telangana","Wards"
city,jangareddygudem,cities/jangareddygudem.geojson,SBM/ramSeraph,,"","Jangareddygudem","Andhra Pradesh","Wards"
city,jangipur_up,cities/jangipur_up.geojson,SBM/ramSeraph,,"","Jangipur","Uttar Pradesh","Wards"
city,jangipur_wb,cities/jangipur_wb.geojson,WB_AMRUT/ramSeraph,,"","Jangipur","West Bengal","Wards"
city,jansath,cities/jansath.geojson,SBM/ramSeraph,,"","Jansath","Uttar Pradesh","Wards"
city,jaora,cities/jaora.geojson,SBM/ramSeraph,,"","Jaora","Madhya Pradesh","Wards"
city,jarhi,cities/jarhi.geojson,SBM/ramSeraph,,"","Jarhi","Chhattisgarh","Wards"
city,jarwal,cities/jarwal.geojson,SBM/ramSeraph,,"","Jarwal","Uttar Pradesh","Wards"
city,jashpurnagar,cities/jashpurnagar.geojson,SBM/ramSeraph,,"","Jashpurnagar","Chhattisgarh","Wards"
city,jasrana,cities/jasrana.geojson,SBM/ramSeraph,,"","Jasrana","Uttar Pradesh","Wards"
city,jaswantnagar,cities/jaswantnagar.geojson,SBM/ramSeraph,,"","Jaswantnagar","Uttar Pradesh","Wards"
city,jatani,cities/jatani.geojson,SBM/ramSeraph,,"","Jatani","Odisha","Wards"
city,jatari,cities/jatari.geojson,SBM/ramSeraph,,"","Jatari","Uttar Pradesh","Wards"
city,jaunpur,cities/jaunpur.geojson,SBM/ramSeraph,,"","Jaunpur","Uttar Pradesh","Wards"
city,jaura,cities/jaura.geojson,SBM/ramSeraph,,"","Jaura","Madhya Pradesh","Wards"
city,jawad,cities/jawad.geojson,SBM/ramSeraph,,"","Jawad","Madhya Pradesh","Wards"
city,jawaharnagar,cities/jawaharnagar.geojson,SBM/ramSeraph,,"","Jawaharnagar","Telangana","Wards"
city,jawal,cities/jawal.geojson,SBM/ramSeraph,,"","Jawal","Rajasthan","Wards"
city,jayankondam,cities/jayankondam.geojson,SBM/ramSeraph,,"","Jayankondam","Tamil Nadu","Wards"
city,jaysingpur,cities/jaysingpur.geojson,SBM/ramSeraph,,"","Jaysingpur","Maharashtra","Wards"
city,jeeran,cities/jeeran.geojson,SBM/ramSeraph,,"","Jeeran","Madhya Pradesh","Wards"
city,jehanabad,cities/jehanabad.geojson,SBM/ramSeraph,,"","Jehanabad","Bihar","Wards"
city,jetpur_navagadh,cities/jetpur_navagadh.geojson,SBM/ramSeraph,,"","Jetpur-Navagadh","Gujarat","Wards"
city,jewar,cities/jewar.geojson,SBM/ramSeraph,,"","Jewar","Uttar Pradesh","Wards"
city,jewargi,cities/jewargi.geojson,SBM/ramSeraph,,"","Jewargi","Karnataka","Wards"
city,jeypore,cities/jeypore.geojson,SBM/ramSeraph,,"","Jeypore","Odisha","Wards"
city,jhabua,cities/jhabua.geojson,SBM/ramSeraph,,"","Jhabua","Madhya Pradesh","Wards"
city,jhagrakhand,cities/jhagrakhand.geojson,SBM/ramSeraph,,"","Jhagrakhand","Chhattisgarh","Wards"
city,jhajjar,cities/jhajjar.geojson,SBM/ramSeraph,,"","Jhajjar","Haryana","Wards"
city,jhalawar,cities/jhalawar.geojson,SBM/ramSeraph,,"","Jhalawar","Rajasthan","Wards"
city,jhalrapatan,cities/jhalrapatan.geojson,SBM/ramSeraph,,"","Jhalrapatan","Rajasthan","Wards"
city,jhalu,cities/jhalu.geojson,SBM/ramSeraph,,"","Jhalu","Uttar Pradesh","Wards"
city,jhansi,cities/jhansi.geojson,SBM/ramSeraph,,"","Jhansi","Uttar Pradesh","Wards"
city,jharsuguda,cities/jharsuguda.geojson,SBM/ramSeraph,,"","Jharsuguda","Odisha","Wards"
city,jhinjhak,cities/jhinjhak.geojson,SBM/ramSeraph,,"","Jhinjhak","Uttar Pradesh","Wards"
city,jhinjhana,cities/jhinjhana.geojson,SBM/ramSeraph,,"","Jhinjhana","Uttar Pradesh","Wards"
city,jhumritelaiya,cities/jhumritelaiya.geojson,SBM/ramSeraph,,"","Jhumritelaiya","Jharkhand","Wards"
city,jhundpura,cities/jhundpura.geojson,SBM/ramSeraph,,"","Jhundpura","Madhya Pradesh","Wards"
city,jhunjhunun,cities/jhunjhunun.geojson,SBM/ramSeraph,,"","Jhunjhunun","Rajasthan","Wards"
city,jigani,cities/jigani.geojson,SBM/ramSeraph,,"","Jigani","Karnataka","Wards"
city,jind,cities/jind.geojson,SBM/ramSeraph,,"","Jind","Haryana","Wards"
city,jintur,cities/jintur.geojson,SBM/ramSeraph,,"","Jintur","Maharashtra","Wards"
city,jirapur,cities/jirapur.geojson,SBM/ramSeraph,,"","Jirapur","Madhya Pradesh","Wards"
city,jiwati,cities/jiwati.geojson,SBM/ramSeraph,,"","Jiwati","Maharashtra","Wards"
city,jiyanpur,cities/jiyanpur.geojson,SBM/ramSeraph,,"","Jiyanpur","Uttar Pradesh","Wards"
city,jobat,cities/jobat.geojson,SBM/ramSeraph,,"","Jobat","Madhya Pradesh","Wards"
city,jobner,cities/jobner.geojson,SBM/ramSeraph,,"","Jobner","Rajasthan","Wards"
city,joda,cities/joda.geojson,SBM/ramSeraph,,"","Joda","Odisha","Wards"
city,jodhpur_north,cities/jodhpur_north.geojson,SBM/ramSeraph,,"","Jodhpur North","Rajasthan","Wards"
city,jodhpur_south,cities/jodhpur_south.geojson,SBM/ramSeraph,,"","Jodhpur South","Rajasthan","Wards"
city,joga,cities/joga.geojson,SBM/ramSeraph,,"","Joga","Punjab","Wards"
city,jolarpet,cities/jolarpet.geojson,SBM/ramSeraph,,"","Jolarpet","Tamil Nadu","Wards"
city,joya,cities/joya.geojson,SBM/ramSeraph,,"","Joya","Uttar Pradesh","Wards"
city,jugsalai,cities/jugsalai.geojson,SBM/ramSeraph,,"","Jugsalai","Jharkhand","Wards"
city,julana,cities/julana.geojson,SBM/ramSeraph,,"","Julana","Haryana","Wards"
city,junagadh,cities/junagadh.geojson,SBM/ramSeraph,,"","Junagadh","Gujarat","Wards"
city,junagarh,cities/junagarh.geojson,SBM/ramSeraph,,"","Junagarh","Odisha","Wards"
city,jyotikhuriya,cities/jyotikhuriya.geojson,SBM/ramSeraph,,"","Jyotikhuriya","Uttar Pradesh","Wards"
city,kaaratagi,cities/kaaratagi.geojson,SBM/ramSeraph,,"","Kaaratagi","Karnataka","Wards"
city,kabbur,cities/kabbur.geojson,SBM/ramSeraph,,"","Kabbur","Karnataka","Wards"
city,kabisurjyanagar,cities/kabisurjyanagar.geojson,SBM/ramSeraph,,"","Kabisurjyanagar","Odisha","Wards"
city,kabrai,cities/kabrai.geojson,SBM/ramSeraph,,"","Kabrai","Uttar Pradesh","Wards"
city,kachauna_patseni,cities/kachauna_patseni.geojson,SBM/ramSeraph,,"","Kachauna Patseni","Uttar Pradesh","Wards"
city,kachhawa,cities/kachhawa.geojson,SBM/ramSeraph,,"","Kachhawa","Uttar Pradesh","Wards"
city,kachhla,cities/kachhla.geojson,SBM/ramSeraph,,"","Kachhla","Uttar Pradesh","Wards"
city,kadapa,cities/kadapa.geojson,SBM/ramSeraph,,"","Kadapa","Andhra Pradesh","Wards"
city,kadayanallur,cities/kadayanallur.geojson,SBM/ramSeraph,,"","Kadayanallur","Tamil Nadu","Wards"
city,kadegaon_nagarpamchayat,cities/kadegaon_nagarpamchayat.geojson,SBM/ramSeraph,,"","Kadegaon Nagarpamchayat","Maharashtra","Wards"
city,kadipur,cities/kadipur.geojson,SBM/ramSeraph,,"","Kadipur","Uttar Pradesh","Wards"
city,kadiri,cities/kadiri.geojson,SBM/ramSeraph,,"","Kadiri","Andhra Pradesh","Wards"
city,kadodara,cities/kadodara.geojson,SBM/ramSeraph,,"","Kadodara","Gujarat","Wards"
city,kadurtmc,cities/kadurtmc.geojson,SBM/ramSeraph,,"","Kadurtmc","Karnataka","Wards"
city,kagal,cities/kagal.geojson,SBM/ramSeraph,,"","Kagal","Maharashtra","Wards"
city,kagaznagar,cities/kagaznagar.geojson,SBM/ramSeraph,,"","Kagaznagar","Telangana","Wards"
city,kahalgaon,cities/kahalgaon.geojson,SBM/ramSeraph,,"","Kahalgaon","Bihar","Wards"
city,kahrela,cities/kahrela.geojson,SBM/ramSeraph,,"","Kahrela","Uttar Pradesh","Wards"
city,kaij,cities/kaij.geojson,SBM/ramSeraph,,"","Kaij","Maharashtra","Wards"
city,kailaras,cities/kailaras.geojson,SBM/ramSeraph,,"","Kailaras","Madhya Pradesh","Wards"
city,kaimganj,cities/kaimganj.geojson,SBM/ramSeraph,,"","Kaimganj","Uttar Pradesh","Wards"
city,kairana,cities/kairana.geojson,SBM/ramSeraph,,"","Kairana","Uttar Pradesh","Wards"
city,kaisarganj,cities/kaisarganj.geojson,SBM/ramSeraph,,"","Kaisarganj","Uttar Pradesh","Wards"
city,kaithal,cities/kaithal.geojson,SBM/ramSeraph,,"","Kaithal","Haryana","Wards"
city,kaithoon,cities/kaithoon.geojson,SBM/ramSeraph,,"","Kaithoon","Rajasthan","Wards"
city,kajgaon,cities/kajgaon.geojson,SBM/ramSeraph,,"","Kajgaon","Uttar Pradesh","Wards"
city,kakarala,cities/kakarala.geojson,SBM/ramSeraph,,"","Kakarala","Uttar Pradesh","Wards"
city,kakarhati,cities/kakarhati.geojson,SBM/ramSeraph,,"","Kakarhati","Madhya Pradesh","Wards"
city,kakinada,cities/kakinada.geojson,SBM/ramSeraph,,"","Kakinada","Andhra Pradesh","Wards"
city,kakod,cities/kakod.geojson,SBM/ramSeraph,,"","Kakod","Uttar Pradesh","Wards"
city,kakori,cities/kakori.geojson,SBM/ramSeraph,,"","Kakori","Uttar Pradesh","Wards"
city,kalaburagi,cities/kalaburagi.geojson,LivingAtlas/ramSeraph,,"","Kalaburagi","Karnataka","Wards"
city,kalaburagi_mcorp,cities/kalaburagi_mcorp.geojson,SBM/ramSeraph,,"","Kalaburagi Mcorp","Karnataka","Wards"
city,kalamassery,cities/kalamassery.geojson,SBM/ramSeraph,,"","Kalamassery","Kerala","Wards"
city,kalamb,cities/kalamb.geojson,SBM/ramSeraph,,"","Kalamb","Maharashtra","Wards"
city,kalanaur,cities/kalanaur.geojson,SBM/ramSeraph,,"","Kalanaur","Haryana","Wards"
city,kalanwali,cities/kalanwali.geojson,SBM/ramSeraph,,"","Kalanwali","Haryana","Wards"
city,kalayat,cities/kalayat.geojson,SBM/ramSeraph,,"","Kalayat","Haryana","Wards"
city,kalghatagi,cities/kalghatagi.geojson,SBM/ramSeraph,,"","Kalghatagi","Karnataka","Wards"
city,kalinagar,cities/kalinagar.geojson,SBM/ramSeraph,,"","Kalinagar","Uttar Pradesh","Wards"
city,kallakurichi,cities/kallakurichi.geojson,SBM/ramSeraph,,"","Kallakurichi","Tamil Nadu","Wards"
city,kalmeshwar,cities/kalmeshwar.geojson,SBM/ramSeraph,,"","Kalmeshwar","Maharashtra","Wards"
city,kalol,cities/kalol.geojson,SBM/ramSeraph,,"","Kalol","Gujarat","Wards"
city,kalpetta,cities/kalpetta.geojson,SBM/ramSeraph,,"","Kalpetta","Kerala","Wards"
city,kalwakurthy,cities/kalwakurthy.geojson,SBM/ramSeraph,,"","Kalwakurthy","Telangana","Wards"
city,kalwan,cities/kalwan.geojson,SBM/ramSeraph,,"","Kalwan","Maharashtra","Wards"
city,kalyan_dombivali,cities/kalyan_dombivali.geojson,SBM/ramSeraph,,"","Kalyan Dombivali","Maharashtra","Wards"
city,kalyan_dombivli,cities/kalyan_dombivli.geojson,LivingAtlas/ramSeraph,,"","Kalyan-Dombivli","Maharashtra","Wards"
city,kalyandurgam,cities/kalyandurgam.geojson,SBM/ramSeraph,,"","Kalyandurgam","Andhra Pradesh","Wards"
city,kamakshyanagar,cities/kamakshyanagar.geojson,SBM/ramSeraph,,"","Kamakshyanagar","Odisha","Wards"
city,kamalapura,cities/kamalapura.geojson,SBM/ramSeraph,,"","Kamalapura","Karnataka","Wards"
city,kamalganj,cities/kamalganj.geojson,SBM/ramSeraph,,"","Kamalganj","Uttar Pradesh","Wards"
city,kaman,cities/kaman.geojson,SBM/ramSeraph,,"","Kaman","Rajasthan","Wards"
city,kamareddy,cities/kamareddy.geojson,SBM/ramSeraph,,"","Kamareddy","Telangana","Wards"
city,kamarhati,cities/kamarhati.geojson,WB_AMRUT/ramSeraph,,"","Kamarhati","West Bengal","Wards"
city,kampil,cities/kampil.geojson,SBM/ramSeraph,,"","Kampil","Uttar Pradesh","Wards"
city,kampli,cities/kampli.geojson,SBM/ramSeraph,,"","Kampli","Karnataka","Wards"
city,kamptee,cities/kamptee.geojson,SBM/ramSeraph,,"","Kamptee","Maharashtra","Wards"
city,kanad,cities/kanad.geojson,SBM/ramSeraph,,"","Kanad","Madhya Pradesh","Wards"
city,kanakagiri,cities/kanakagiri.geojson,SBM/ramSeraph,,"","Kanakagiri","Karnataka","Wards"
city,kanakapura,cities/kanakapura.geojson,SBM/ramSeraph,,"","Kanakapura","Karnataka","Wards"
city,kanchausi,cities/kanchausi.geojson,SBM/ramSeraph,,"","Kanchausi","Uttar Pradesh","Wards"
city,kancheepuram,cities/kancheepuram.geojson,SBM/ramSeraph,,"","Kancheepuram","Tamil Nadu","Wards"
city,kanchipuram,cities/kanchipuram.geojson,LivingAtlas/ramSeraph,,"","Kanchipuram","Tamil Nadu","Wards"
city,kanchrapara,cities/kanchrapara.geojson,WB_AMRUT/ramSeraph,,"","Kanchrapara","West Bengal","Wards"
city,kandhla,cities/kandhla.geojson,SBM/ramSeraph,,"","Kandhla","Uttar Pradesh","Wards"
city,kandukur,cities/kandukur.geojson,SBM/ramSeraph,,"","Kandukur","Andhra Pradesh","Wards"
city,kangeyam,cities/kangeyam.geojson,SBM/ramSeraph,,"","Kangeyam","Tamil Nadu","Wards"
city,kanhangad,cities/kanhangad.geojson,SBM/ramSeraph,,"","Kanhangad","Kerala","Wards"
city,kanigiri,cities/kanigiri.geojson,SBM/ramSeraph,,"","Kanigiri","Andhra Pradesh","Wards"
city,kanina,cities/kanina.geojson,SBM/ramSeraph,,"","Kanina","Haryana","Wards"
city,kankavali,cities/kankavali.geojson,SBM/ramSeraph,,"","Kankavali","Maharashtra","Wards"
city,kanker,cities/kanker.geojson,SBM/ramSeraph,,"","Kanker","Chhattisgarh","Wards"
city,kannad,cities/kannad.geojson,SBM/ramSeraph,,"","Kannad","Maharashtra","Wards"
city,kannod,cities/kannod.geojson,SBM/ramSeraph,,"","Kannod","Madhya Pradesh","Wards"
city,kannur,cities/kannur.geojson,LivingAtlas/ramSeraph,,"","Kannur","Kerala","Wards"
city,kanor,cities/kanor.geojson,SBM/ramSeraph,,"","Kanor","Rajasthan","Wards"
city,kantabanji,cities/kantabanji.geojson,SBM/ramSeraph,,"","Kantabanji","Odisha","Wards"
city,kantaphod,cities/kantaphod.geojson,SBM/ramSeraph,,"","Kantaphod","Madhya Pradesh","Wards"
city,kanth,cities/kanth.geojson,SBM/ramSeraph,,"","Kanth","Uttar Pradesh","Wards"
city,kapasan,cities/kapasan.geojson,SBM/ramSeraph,,"","Kapasan","Rajasthan","Wards"
city,kapren,cities/kapren.geojson,SBM/ramSeraph,,"","Kapren","Rajasthan","Wards"
city,kaptanganj,cities/kaptanganj.geojson,SBM/ramSeraph,,"","Kaptanganj","Uttar Pradesh","Wards"
city,kapurthala,cities/kapurthala.geojson,SBM/ramSeraph,,"","Kapurthala","Punjab","Wards"
city,karad,cities/karad.geojson,SBM/ramSeraph,,"","Karad","Maharashtra","Wards"
city,karaikudi,cities/karaikudi.geojson,SBM/ramSeraph,,"","Karaikudi","Tamil Nadu","Wards"
city,karamadai,cities/karamadai.geojson,SBM/ramSeraph,,"","Karamadai","Tamil Nadu","Wards"
city,karanja,cities/karanja.geojson,SBM/ramSeraph,,"","Karanja","Maharashtra","Wards"
city,karanja_was,cities/karanja_was.geojson,SBM/ramSeraph,,"","Karanja_Was","Maharashtra","Wards"
city,karanjia,cities/karanjia.geojson,SBM/ramSeraph,,"","Karanjia","Odisha","Wards"
city,karanpur,cities/karanpur.geojson,SBM/ramSeraph,,"","Karanpur","Rajasthan","Wards"
city,karari,cities/karari.geojson,SBM/ramSeraph,,"","Karari","Uttar Pradesh","Wards"
city,karauli,cities/karauli.geojson,SBM/ramSeraph,,"","Karauli","Rajasthan","Wards"
city,kareli,cities/kareli.geojson,SBM/ramSeraph,,"","Kareli","Madhya Pradesh","Wards"
city,karera,cities/karera.geojson,SBM/ramSeraph,,"","Karera","Madhya Pradesh","Wards"
city,karhal,cities/karhal.geojson,SBM/ramSeraph,,"","Karhal","Uttar Pradesh","Wards"
city,kari,cities/kari.geojson,SBM/ramSeraph,,"","Kari","Madhya Pradesh","Wards"
city,karikan_dhata,cities/karikan_dhata.geojson,SBM/ramSeraph,,"","Karikan Dhata","Uttar Pradesh","Wards"
city,karjat_a,cities/karjat_a.geojson,SBM/ramSeraph,,"","Karjat_A","Maharashtra","Wards"
city,karnal,cities/karnal.geojson,SBM/ramSeraph,,"","Karnal","Haryana","Wards"
city,karnawad,cities/karnawad.geojson,SBM/ramSeraph,,"","Karnawad","Madhya Pradesh","Wards"
city,kartarpur,cities/kartarpur.geojson,SBM/ramSeraph,,"","Kartarpur","Punjab","Wards"
city,karumathampatti,cities/karumathampatti.geojson,SBM/ramSeraph,,"","Karumathampatti","Tamil Nadu","Wards"
city,karunagappally,cities/karunagappally.geojson,SBM/ramSeraph,,"","Karunagappally","Kerala","Wards"
city,karur,cities/karur.geojson,LivingAtlas/ramSeraph,,"","Karur","Tamil Nadu","Wards"
city,karwar,cities/karwar.geojson,SBM/ramSeraph,,"","Karwar","Karnataka","Wards"
city,kasai_dodamarg,cities/kasai_dodamarg.geojson,SBM/ramSeraph,,"","Kasai-Dodamarg","Maharashtra","Wards"
city,kasdol,cities/kasdol.geojson,SBM/ramSeraph,,"","Kasdol","Chhattisgarh","Wards"
city,kasganj,cities/kasganj.geojson,SBM/ramSeraph,,"","Kasganj","Uttar Pradesh","Wards"
city,kashipur,cities/kashipur.geojson,SBM/ramSeraph,,"","Kashipur","Uttarakhand","Wards"
city,kasinagar,cities/kasinagar.geojson,SBM/ramSeraph,,"","Kasinagar","Odisha","Wards"
city,kasrawad,cities/kasrawad.geojson,SBM/ramSeraph,,"","Kasrawad","Madhya Pradesh","Wards"
city,katangi,cities/katangi.geojson,SBM/ramSeraph,,"","Katangi","Madhya Pradesh","Wards"
city,katghar_lalganj,cities/katghar_lalganj.geojson,SBM/ramSeraph,,"","Katghar Lalganj","Uttar Pradesh","Wards"
city,katghora,cities/katghora.geojson,SBM/ramSeraph,,"","Katghora","Chhattisgarh","Wards"
city,katol,cities/katol.geojson,SBM/ramSeraph,,"","Katol","Maharashtra","Wards"
city,katra,cities/katra.geojson,SBM/ramSeraph,,"","Katra","Jammu & Kashmir","Wards"
city,katra_g,cities/katra_g.geojson,SBM/ramSeraph,,"","Katra_G","Uttar Pradesh","Wards"
city,katra_gulab_singh_bazar,cities/katra_gulab_singh_bazar.geojson,SBM/ramSeraph,,"","Katra Gulab Singh Bazar","Uttar Pradesh","Wards"
city,katra_medniganj,cities/katra_medniganj.geojson,SBM/ramSeraph,,"","Katra Medniganj","Uttar Pradesh","Wards"
city,kaup,cities/kaup.geojson,SBM/ramSeraph,,"","Kaup","Karnataka","Wards"
city,kauriaganj,cities/kauriaganj.geojson,SBM/ramSeraph,,"","Kauriaganj","Uttar Pradesh","Wards"
city,kavali,cities/kavali.geojson,SBM/ramSeraph,,"","Kavali","Andhra Pradesh","Wards"
city,kawardha,cities/kawardha.geojson,SBM/ramSeraph,,"","Kawardha","Chhattisgarh","Wards"
city,kayamkulam,cities/kayamkulam.geojson,SBM/ramSeraph,,"","Kayamkulam","Kerala","Wards"
city,kaymore,cities/kaymore.geojson,SBM/ramSeraph,,"","Kaymore","Madhya Pradesh","Wards"
city,keelakarai,cities/keelakarai.geojson,SBM/ramSeraph,,"","Keelakarai","Tamil Nadu","Wards"
city,kekkera,cities/kekkera.geojson,SBM/ramSeraph,,"","Kekkera","Karnataka","Wards"
city,kekri,cities/kekri.geojson,SBM/ramSeraph,,"","Kekri","Rajasthan","Wards"
city,kembhavi,cities/kembhavi.geojson,SBM/ramSeraph,,"","Kembhavi","Karnataka","Wards"
city,kendrapara,cities/kendrapara.geojson,SBM/ramSeraph,,"","Kendrapara","Odisha","Wards"
city,kendujhar,cities/kendujhar.geojson,SBM/ramSeraph,,"","Kendujhar","Odisha","Wards"
city,keolari,cities/keolari.geojson,SBM/ramSeraph,,"","Keolari","Madhya Pradesh","Wards"
city,kerakat,cities/kerakat.geojson,SBM/ramSeraph,,"","Kerakat","Uttar Pradesh","Wards"
city,kerur,cities/kerur.geojson,SBM/ramSeraph,,"","Kerur","Karnataka","Wards"
city,keshorai_patan,cities/keshorai_patan.geojson,SBM/ramSeraph,,"","Keshorai Patan","Rajasthan","Wards"
city,keskal,cities/keskal.geojson,SBM/ramSeraph,,"","Keskal","Chhattisgarh","Wards"
city,kesrisinghpur,cities/kesrisinghpur.geojson,SBM/ramSeraph,,"","Kesrisinghpur","Rajasthan","Wards"
city,khachrod,cities/khachrod.geojson,SBM/ramSeraph,,"","Khachrod","Madhya Pradesh","Wards"
city,khadda,cities/khadda.geojson,SBM/ramSeraph,,"","Khadda","Uttar Pradesh","Wards"
city,khagaria,cities/khagaria.geojson,SBM/ramSeraph,,"","Khagaria","Bihar","Wards"
city,khagaul,cities/khagaul.geojson,SBM/ramSeraph,,"","Khagaul","Bihar","Wards"
city,khair,cities/khair.geojson,SBM/ramSeraph,,"","Khair","Uttar Pradesh","Wards"
city,khairagarh,cities/khairagarh.geojson,SBM/ramSeraph,,"","Khairagarh","Chhattisgarh","Wards"
city,khairthal,cities/khairthal.geojson,SBM/ramSeraph,,"","Khairthal","Rajasthan","Wards"
city,khajuraho,cities/khajuraho.geojson,SBM/ramSeraph,,"","Khajuraho","Madhya Pradesh","Wards"
city,khalapur,cities/khalapur.geojson,SBM/ramSeraph,,"","Khalapur","Maharashtra","Wards"
city,khalilabad,cities/khalilabad.geojson,SBM/ramSeraph,,"","Khalilabad","Uttar Pradesh","Wards"
city,khallikote,cities/khallikote.geojson,SBM/ramSeraph,,"","Khallikote","Odisha","Wards"
city,khamanon,cities/khamanon.geojson,SBM/ramSeraph,,"","Khamanon","Punjab","Wards"
city,khamaria,cities/khamaria.geojson,SBM/ramSeraph,,"","Khamaria","Uttar Pradesh","Wards"
city,khambhat,cities/khambhat.geojson,SBM/ramSeraph,,"","Khambhat","Gujarat","Wards"
city,khamgaon,cities/khamgaon.geojson,SBM/ramSeraph,,"","Khamgaon","Maharashtra","Wards"
city,khammam,cities/khammam.geojson,SBM/ramSeraph,,"","Khammam","Telangana","Wards"
city,khanapur_mh,cities/khanapur_mh.geojson,SBM/ramSeraph,,"","Khanapur","Maharashtra","Wards"
city,khanapur_tg,cities/khanapur_tg.geojson,SBM/ramSeraph,,"","Khanapur","Telangana","Wards"
city,khanauri,cities/khanauri.geojson,SBM/ramSeraph,,"","Khanauri","Punjab","Wards"
city,khand,cities/khand.geojson,SBM/ramSeraph,,"","Khand","Madhya Pradesh","Wards"
city,khandala,cities/khandala.geojson,SBM/ramSeraph,,"","Khandala","Maharashtra","Wards"
city,khandela,cities/khandela.geojson,SBM/ramSeraph,,"","Khandela","Rajasthan","Wards"
city,khandwa,cities/khandwa.geojson,SBM/ramSeraph,,"","Khandwa","Madhya Pradesh","Wards"
city,khaniadhana,cities/khaniadhana.geojson,SBM/ramSeraph,,"","Khaniadhana","Madhya Pradesh","Wards"
city,khanna,cities/khanna.geojson,SBM/ramSeraph,,"","Khanna","Punjab","Wards"
city,khanpur,cities/khanpur.geojson,SBM/ramSeraph,,"","Khanpur","Uttar Pradesh","Wards"
city,kharagpur,cities/kharagpur.geojson,WB_AMRUT/ramSeraph,,"","Kharagpur","West Bengal","Wards"
city,kharar,cities/kharar.geojson,SBM/ramSeraph,,"","Kharar","Punjab","Wards"
city,khardah,cities/khardah.geojson,WB_AMRUT/ramSeraph,,"","Khardah","West Bengal","Wards"
city,khargapur,cities/khargapur.geojson,SBM/ramSeraph,,"","Khargapur","Madhya Pradesh","Wards"
city,khargone,cities/khargone.geojson,SBM/ramSeraph,,"","Khargone","Madhya Pradesh","Wards"
city,khargupur,cities/khargupur.geojson,SBM/ramSeraph,,"","Khargupur","Uttar Pradesh","Wards"
city,khariar,cities/khariar.geojson,SBM/ramSeraph,,"","Khariar","Odisha","Wards"
city,khariar_road,cities/khariar_road.geojson,SBM/ramSeraph,,"","Khariar Road","Odisha","Wards"
city,kharkhauda,cities/kharkhauda.geojson,SBM/ramSeraph,,"","Kharkhauda","Uttar Pradesh","Wards"
city,kharkhoda,cities/kharkhoda.geojson,SBM/ramSeraph,,"","Kharkhoda","Haryana","Wards"
city,kharod,cities/kharod.geojson,SBM/ramSeraph,,"","Kharod","Chhattisgarh","Wards"
city,kharora,cities/kharora.geojson,SBM/ramSeraph,,"","Kharora","Chhattisgarh","Wards"
city,kharsia,cities/kharsia.geojson,SBM/ramSeraph,,"","Kharsia","Chhattisgarh","Wards"
city,khatauli,cities/khatauli.geojson,SBM/ramSeraph,,"","Khatauli","Uttar Pradesh","Wards"
city,khategaon,cities/khategaon.geojson,SBM/ramSeraph,,"","Khategaon","Madhya Pradesh","Wards"
city,khatima,cities/khatima.geojson,SBM/ramSeraph,,"","Khatima","Uttarakhand","Wards"
city,khatu_shyam_ji,cities/khatu_shyam_ji.geojson,SBM/ramSeraph,,"","Khatu Shyam Ji","Rajasthan","Wards"
city,khekada,cities/khekada.geojson,SBM/ramSeraph,,"","Khekada","Uttar Pradesh","Wards"
city,khem_karan,cities/khem_karan.geojson,SBM/ramSeraph,,"","Khem Karan","Punjab","Wards"
city,kheragarh,cities/kheragarh.geojson,SBM/ramSeraph,,"","Kheragarh","Uttar Pradesh","Wards"
city,kheri,cities/kheri.geojson,SBM/ramSeraph,,"","Kheri","Uttar Pradesh","Wards"
city,kherli,cities/kherli.geojson,SBM/ramSeraph,,"","Kherli","Rajasthan","Wards"
city,khetasarai,cities/khetasarai.geojson,SBM/ramSeraph,,"","Khetasarai","Uttar Pradesh","Wards"
city,khetia,cities/khetia.geojson,SBM/ramSeraph,,"","Khetia","Madhya Pradesh","Wards"
city,khetri,cities/khetri.geojson,SBM/ramSeraph,,"","Khetri","Rajasthan","Wards"
city,khirauni,cities/khirauni.geojson,SBM/ramSeraph,,"","Khirauni","Uttar Pradesh","Wards"
city,khongapani,cities/khongapani.geojson,SBM/ramSeraph,,"","Khongapani","Chhattisgarh","Wards"
city,khopoli,cities/khopoli.geojson,SBM/ramSeraph,,"","Khopoli","Maharashtra","Wards"
city,khordha,cities/khordha.geojson,SBM/ramSeraph,,"","Khordha","Odisha","Wards"
city,khore,cities/khore.geojson,SBM/ramSeraph,,"","Khore","Jammu & Kashmir","Wards"
city,khrew,cities/khrew.geojson,SBM/ramSeraph,,"","Khrew","Jammu & Kashmir","Wards"
city,khunti,cities/khunti.geojson,SBM/ramSeraph,,"","Khunti","Jharkhand","Wards"
city,khurai,cities/khurai.geojson,SBM/ramSeraph,,"","Khurai","Madhya Pradesh","Wards"
city,khutar,cities/khutar.geojson,SBM/ramSeraph,,"","Khutar","Uttar Pradesh","Wards"
city,kichha,cities/kichha.geojson,SBM/ramSeraph,,"","Kichha","Uttarakhand","Wards"
city,kinwat,cities/kinwat.geojson,SBM/ramSeraph,,"","Kinwat","Maharashtra","Wards"
city,kirandul,cities/kirandul.geojson,SBM/ramSeraph,,"","Kirandul","Chhattisgarh","Wards"
city,kiratpur,cities/kiratpur.geojson,SBM/ramSeraph,,"","Kiratpur","Uttar Pradesh","Wards"
city,kiratpur_sahib,cities/kiratpur_sahib.geojson,SBM/ramSeraph,,"","Kiratpur Sahib","Punjab","Wards"
city,kirodimalnagar,cities/kirodimalnagar.geojson,SBM/ramSeraph,,"","Kirodimalnagar","Chhattisgarh","Wards"
city,kishangarh_bas,cities/kishangarh_bas.geojson,SBM/ramSeraph,,"","Kishangarh Bas","Rajasthan","Wards"
city,kishangarhrenwal,cities/kishangarhrenwal.geojson,SBM/ramSeraph,,"","Kishangarhrenwal","Rajasthan","Wards"
city,kishni,cities/kishni.geojson,SBM/ramSeraph,,"","Kishni","Uttar Pradesh","Wards"
city,kishtwar,cities/kishtwar.geojson,SBM/ramSeraph,,"","Kishtwar","Jammu & Kashmir","Wards"
city,kishunpur,cities/kishunpur.geojson,SBM/ramSeraph,,"","Kishunpur","Uttar Pradesh","Wards"
city,kithore,cities/kithore.geojson,SBM/ramSeraph,,"","Kithore","Uttar Pradesh","Wards"
city,kmc,cities/kmc.geojson,SBM/ramSeraph,,"","Kmc","Maharashtra","Wards"
city,kochinda,cities/kochinda.geojson,SBM/ramSeraph,,"","Kochinda","Odisha","Wards"
city,kodad,cities/kodad.geojson,SBM/ramSeraph,,"","Kodad","Telangana","Wards"
city,kodaikanal,cities/kodaikanal.geojson,SBM/ramSeraph,,"","Kodaikanal","Tamil Nadu","Wards"
city,kodala,cities/kodala.geojson,SBM/ramSeraph,,"","Kodala","Odisha","Wards"
city,kodangal,cities/kodangal.geojson,SBM/ramSeraph,,"","Kodangal","Telangana","Wards"
city,kodarma,cities/kodarma.geojson,SBM/ramSeraph,,"","Kodarma","Jharkhand","Wards"
city,kodungallur,cities/kodungallur.geojson,SBM/ramSeraph,,"","Kodungallur","Kerala","Wards"
city,koduvally,cities/koduvally.geojson,SBM/ramSeraph,,"","Koduvally","Kerala","Wards"
city,koeripur,cities/koeripur.geojson,SBM/ramSeraph,,"","Koeripur","Uttar Pradesh","Wards"
city,kohdaur,cities/kohdaur.geojson,SBM/ramSeraph,,"","Kohdaur","Uttar Pradesh","Wards"
city,kohima,cities/kohima.geojson,LivingAtlas/ramSeraph,,"","Kohima","Nagaland","Wards"
city,koilandy,cities/koilandy.geojson,SBM/ramSeraph,,"","Koilandy","Kerala","Wards"
city,kokernag,cities/kokernag.geojson,SBM/ramSeraph,,"","Kokernag","Jammu & Kashmir","Wards"
city,kolar_cmc,cities/kolar_cmc.geojson,SBM/ramSeraph,,"","Kolar Cmc","Karnataka","Wards"
city,kolaras,cities/kolaras.geojson,SBM/ramSeraph,,"","Kolaras","Madhya Pradesh","Wards"
city,kolhapur,cities/kolhapur.geojson,LivingAtlas/ramSeraph,,"","Kolhapur","Maharashtra","Wards"
city,kolhar_tp,cities/kolhar_tp.geojson,SBM/ramSeraph,,"","Kolhar Tp","Karnataka","Wards"
city,kollam,cities/kollam.geojson,SBM/ramSeraph,,"","Kollam","Kerala","Wards"
city,kollapur,cities/kollapur.geojson,SBM/ramSeraph,,"","Kollapur","Telangana","Wards"
city,kollegal,cities/kollegal.geojson,SBM/ramSeraph,,"","Kollegal","Karnataka","Wards"
city,komarapalayam,cities/komarapalayam.geojson,SBM/ramSeraph,,"","Komarapalayam","Tamil Nadu","Wards"
city,kompally,cities/kompally.geojson,SBM/ramSeraph,,"","Kompally","Telangana","Wards"
city,konark,cities/konark.geojson,SBM/ramSeraph,,"","Konark","Odisha","Wards"
city,kondagaon,cities/kondagaon.geojson,SBM/ramSeraph,,"","Kondagaon","Chhattisgarh","Wards"
city,kondotty,cities/kondotty.geojson,SBM/ramSeraph,,"","Kondotty","Kerala","Wards"
city,konnur,cities/konnur.geojson,SBM/ramSeraph,,"","Konnur","Karnataka","Wards"
city,konta,cities/konta.geojson,SBM/ramSeraph,,"","Konta","Chhattisgarh","Wards"
city,koothattukulam,cities/koothattukulam.geojson,SBM/ramSeraph,,"","Koothattukulam","Kerala","Wards"
city,kopaganj,cities/kopaganj.geojson,SBM/ramSeraph,,"","Kopaganj","Uttar Pradesh","Wards"
city,kopargaon,cities/kopargaon.geojson,SBM/ramSeraph,,"","Kopargaon","Maharashtra","Wards"
city,koppa,cities/koppa.geojson,SBM/ramSeraph,,"","Koppa","Karnataka","Wards"
city,koppal,cities/koppal.geojson,SBM/ramSeraph,,"","Koppal","Karnataka","Wards"
city,kora_jahanabad,cities/kora_jahanabad.geojson,SBM/ramSeraph,,"","Kora Jahanabad","Uttar Pradesh","Wards"
city,koraon,cities/koraon.geojson,SBM/ramSeraph,,"","Koraon","Uttar Pradesh","Wards"
city,koratagere,cities/koratagere.geojson,SBM/ramSeraph,,"","Koratagere","Karnataka","Wards"
city,korba,cities/korba.geojson,SBM/ramSeraph,,"","Korba","Chhattisgarh","Wards"
city,korchi,cities/korchi.geojson,SBM/ramSeraph,,"","Korchi","Maharashtra","Wards"
city,koregaon,cities/koregaon.geojson,SBM/ramSeraph,,"","Koregaon","Maharashtra","Wards"
city,korpana,cities/korpana.geojson,SBM/ramSeraph,,"","Korpana","Maharashtra","Wards"
city,korutla,cities/korutla.geojson,SBM/ramSeraph,,"","Korutla","Telangana","Wards"
city,kosi_kalan,cities/kosi_kalan.geojson,SBM/ramSeraph,,"","Kosi Kalan","Uttar Pradesh","Wards"
city,kot_fatta,cities/kot_fatta.geojson,SBM/ramSeraph,,"","Kot Fatta","Punjab","Wards"
city,kot_isse_khan,cities/kot_isse_khan.geojson,SBM/ramSeraph,,"","Kot Isse Khan","Punjab","Wards"
city,kot_kapura,cities/kot_kapura.geojson,SBM/ramSeraph,,"","Kot Kapura","Punjab","Wards"
city,kot_shamir,cities/kot_shamir.geojson,SBM/ramSeraph,,"","Kot Shamir","Punjab","Wards"
city,kota,cities/kota.geojson,SBM/ramSeraph,,"","Kota","Chhattisgarh","Wards"
city,kota_north,cities/kota_north.geojson,SBM/ramSeraph,,"","Kota North","Rajasthan","Wards"
city,kota_south,cities/kota_south.geojson,LivingAtlas/ramSeraph,,"","Kota-South","Rajasthan","Wards"
city,kotar,cities/kotar.geojson,SBM/ramSeraph,,"","Kotar","Madhya Pradesh","Wards"
city,kotba,cities/kotba.geojson,SBM/ramSeraph,,"","Kotba","Chhattisgarh","Wards"
city,kotdwara,cities/kotdwara.geojson,SBM/ramSeraph,,"","Kotdwara","Uttarakhand","Wards"
city,kotekaar,cities/kotekaar.geojson,SBM/ramSeraph,,"","Kotekaar","Karnataka","Wards"
city,kotha_guru,cities/kotha_guru.geojson,SBM/ramSeraph,,"","Kotha Guru","Punjab","Wards"
city,kothagudem,cities/kothagudem.geojson,SBM/ramSeraph,,"","Kothagudem","Telangana","Wards"
city,kothakota,cities/kothakota.geojson,SBM/ramSeraph,,"","Kothakota","Telangana","Wards"
city,kothamangalam,cities/kothamangalam.geojson,SBM/ramSeraph,,"","Kothamangalam","Kerala","Wards"
city,kothapally,cities/kothapally.geojson,SBM/ramSeraph,,"","Kothapally","Telangana","Wards"
city,kothi,cities/kothi.geojson,SBM/ramSeraph,,"","Kothi","Madhya Pradesh","Wards"
city,kothri,cities/kothri.geojson,SBM/ramSeraph,,"","Kothri","Madhya Pradesh","Wards"
city,kothur,cities/kothur.geojson,SBM/ramSeraph,,"","Kothur","Telangana","Wards"
city,kotma,cities/kotma.geojson,SBM/ramSeraph,,"","Kotma","Madhya Pradesh","Wards"
city,kotputli,cities/kotputli.geojson,SBM/ramSeraph,,"","Kotputli","Rajasthan","Wards"
city,kottakkal,cities/kottakkal.geojson,SBM/ramSeraph,,"","Kottakkal","Kerala","Wards"
city,kottarakara,cities/kottarakara.geojson,SBM/ramSeraph,,"","Kottarakara","Kerala","Wards"
city,kotturu,cities/kotturu.geojson,SBM/ramSeraph,,"","Kotturu","Karnataka","Wards"
city,kovilpatti,cities/kovilpatti.geojson,SBM/ramSeraph,,"","Kovilpatti","Tamil Nadu","Wards"
city,kovvur,cities/kovvur.geojson,SBM/ramSeraph,,"","Kovvur","Andhra Pradesh","Wards"
city,krishnagir,cities/krishnagir.geojson,SBM/ramSeraph,,"","Krishnagir","Tamil Nadu","Wards"
city,krishnanagar,cities/krishnanagar.geojson,SBM/ramSeraph,,"","Krishnanagar","West Bengal","Wards"
city,krishnarajanagara,cities/krishnarajanagara.geojson,SBM/ramSeraph,,"","Krishnarajanagara","Karnataka","Wards"
city,krishnarajpet,cities/krishnarajpet.geojson,SBM/ramSeraph,,"","Krishnarajpet","Karnataka","Wards"
city,kuchera,cities/kuchera.geojson,SBM/ramSeraph,,"","Kuchera","Rajasthan","Wards"
city,kudal,cities/kudal.geojson,SBM/ramSeraph,,"","Kudal","Maharashtra","Wards"
city,kudchi,cities/kudchi.geojson,SBM/ramSeraph,,"","Kudchi","Karnataka","Wards"
city,kudligi,cities/kudligi.geojson,SBM/ramSeraph,,"","Kudligi","Karnataka","Wards"
city,kuduthini,cities/kuduthini.geojson,SBM/ramSeraph,,"","Kuduthini","Karnataka","Wards"
city,kuhi,cities/kuhi.geojson,SBM/ramSeraph,,"","Kuhi","Maharashtra","Wards"
city,kukanoor,cities/kukanoor.geojson,SBM/ramSeraph,,"","Kukanoor","Karnataka","Wards"
city,kukdeshwar,cities/kukdeshwar.geojson,SBM/ramSeraph,,"","Kukdeshwar","Madhya Pradesh","Wards"
city,kukshi,cities/kukshi.geojson,SBM/ramSeraph,,"","Kukshi","Madhya Pradesh","Wards"
city,kul_pahar,cities/kul_pahar.geojson,SBM/ramSeraph,,"","Kul Pahar","Uttar Pradesh","Wards"
city,kulgam,cities/kulgam.geojson,SBM/ramSeraph,,"","Kulgam","Jammu & Kashmir","Wards"
city,kulgaon_badlapur,cities/kulgaon_badlapur.geojson,SBM/ramSeraph,,"","Kulgaon Badlapur","Maharashtra","Wards"
city,kullu,cities/kullu.geojson,SBM/ramSeraph,,"","Kullu","Himachal Pradesh","Wards"
city,kumarganj,cities/kumarganj.geojson,SBM/ramSeraph,,"","Kumarganj","Uttar Pradesh","Wards"
city,kumbhraj,cities/kumbhraj.geojson,SBM/ramSeraph,,"","Kumbhraj","Madhya Pradesh","Wards"
city,kumhari,cities/kumhari.geojson,SBM/ramSeraph,,"","Kumhari","Chhattisgarh","Wards"
city,kumher,cities/kumher.geojson,SBM/ramSeraph,,"","Kumher","Rajasthan","Wards"
city,kumta,cities/kumta.geojson,SBM/ramSeraph,,"","Kumta","Karnataka","Wards"
city,kunda,cities/kunda.geojson,SBM/ramSeraph,,"","Kunda","Uttar Pradesh","Wards"
city,kundagol,cities/kundagol.geojson,SBM/ramSeraph,,"","Kundagol","Karnataka","Wards"
city,kundapura,cities/kundapura.geojson,SBM/ramSeraph,,"","Kundapura","Karnataka","Wards"
city,kundarki,cities/kundarki.geojson,SBM/ramSeraph,,"","Kundarki","Uttar Pradesh","Wards"
city,kunigal,cities/kunigal.geojson,SBM/ramSeraph,,"","Kunigal","Karnataka","Wards"
city,kunkuri,cities/kunkuri.geojson,SBM/ramSeraph,,"","Kunkuri","Chhattisgarh","Wards"
city,kunnamkulam,cities/kunnamkulam.geojson,SBM/ramSeraph,,"","Kunnamkulam","Kerala","Wards"
city,kupwara,cities/kupwara.geojson,SBM/ramSeraph,,"","Kupwara","Jammu & Kashmir","Wards"
city,kura,cities/kura.geojson,SBM/ramSeraph,,"","Kura","Chhattisgarh","Wards"
city,kurali_m_cl,cities/kurali_m_cl.geojson,SBM/ramSeraph,,"","Kurali (M Cl))","Punjab","Wards"
city,kurawar,cities/kurawar.geojson,SBM/ramSeraph,,"","Kurawar","Madhya Pradesh","Wards"
city,kurduvadi,cities/kurduvadi.geojson,SBM/ramSeraph,,"","Kurduvadi","Maharashtra","Wards"
city,kurkheda,cities/kurkheda.geojson,SBM/ramSeraph,,"","Kurkheda","Maharashtra","Wards"
city,kurnool,cities/kurnool.geojson,SBM/ramSeraph,,"","Kurnool","Andhra Pradesh","Wards"
city,kursath,cities/kursath.geojson,SBM/ramSeraph,,"","Kursath","Uttar Pradesh","Wards"
city,kurthi_jafarpur,cities/kurthi_jafarpur.geojson,SBM/ramSeraph,,"","Kurthi Jafarpur","Uttar Pradesh","Wards"
city,kurud,cities/kurud.geojson,SBM/ramSeraph,,"","Kurud","Chhattisgarh","Wards"
city,kurugodu,cities/kurugodu.geojson,SBM/ramSeraph,,"","Kurugodu","Karnataka","Wards"
city,kushalgarh,cities/kushalgarh.geojson,SBM/ramSeraph,,"","Kushalgarh","Rajasthan","Wards"
city,kushalnagar,cities/kushalnagar.geojson,SBM/ramSeraph,,"","Kushalnagar","Karnataka","Wards"
city,kushtagi,cities/kushtagi.geojson,SBM/ramSeraph,,"","Kushtagi","Karnataka","Wards"
city,kusmara,cities/kusmara.geojson,SBM/ramSeraph,,"","Kusmara","Uttar Pradesh","Wards"
city,kusmi,cities/kusmi.geojson,SBM/ramSeraph,,"","Kusmi","Chhattisgarh","Wards"
city,kuthanallur,cities/kuthanallur.geojson,SBM/ramSeraph,,"","Kuthanallur","Tamil Nadu","Wards"
city,kuthuparamba,cities/kuthuparamba.geojson,SBM/ramSeraph,,"","Kuthuparamba","Kerala","Wards"
city,kuzhithurai,cities/kuzhithurai.geojson,SBM/ramSeraph,,"","Kuzhithurai","Tamil Nadu","Wards"
city,kyathanpally,cities/kyathanpally.geojson,SBM/ramSeraph,,"","Kyathanpally","Telangana","Wards"
city,ladnu,cities/ladnu.geojson,SBM/ramSeraph,,"","Ladnu","Rajasthan","Wards"
city,ladwa,cities/ladwa.geojson,SBM/ramSeraph,,"","Ladwa","Haryana","Wards"
city,lahar,cities/lahar.geojson,SBM/ramSeraph,,"","Lahar","Madhya Pradesh","Wards"
city,laharpur,cities/laharpur.geojson,SBM/ramSeraph,,"","Laharpur","Uttar Pradesh","Wards"
city,lailunga,cities/lailunga.geojson,SBM/ramSeraph,,"","Lailunga","Chhattisgarh","Wards"
city,lakhandur,cities/lakhandur.geojson,SBM/ramSeraph,,"","Lakhandur","Maharashtra","Wards"
city,lakhani,cities/lakhani.geojson,SBM/ramSeraph,,"","Lakhani","Maharashtra","Wards"
city,lakhanpur,cities/lakhanpur.geojson,SBM/ramSeraph,,"","Lakhanpur","Chhattisgarh","Wards"
city,lakheri,cities/lakheri.geojson,SBM/ramSeraph,,"","Lakheri","Rajasthan","Wards"
city,lakhimpur,cities/lakhimpur.geojson,SBM/ramSeraph,,"","Lakhimpur","Uttar Pradesh","Wards"
city,lakhna,cities/lakhna.geojson,SBM/ramSeraph,,"","Lakhna","Uttar Pradesh","Wards"
city,laksar,cities/laksar.geojson,SBM/ramSeraph,,"","Laksar","Uttarakhand","Wards"
city,lakshmeshwar,cities/lakshmeshwar.geojson,SBM/ramSeraph,,"","Lakshmeshwar","Karnataka","Wards"
city,lal_gopalganj_nindaura,cities/lal_gopalganj_nindaura.geojson,SBM/ramSeraph,,"","Lal Gopalganj Nindaura","Uttar Pradesh","Wards"
city,lala,cities/lala.geojson,SBM/ramSeraph,,"","Lala","Assam","Wards"
city,lalganj,cities/lalganj.geojson,SBM/ramSeraph,,"","Lalganj","Uttar Pradesh","Wards"
city,lalgudi,cities/lalgudi.geojson,SBM/ramSeraph,,"","Lalgudi","Tamil Nadu","Wards"
city,lalitpur,cities/lalitpur.geojson,SBM/ramSeraph,,"","Lalitpur","Uttar Pradesh","Wards"
city,lalru,cities/lalru.geojson,SBM/ramSeraph,,"","Lalru","Punjab","Wards"
city,lalsot,cities/lalsot.geojson,SBM/ramSeraph,,"","Lalsot","Rajasthan","Wards"
city,langate,cities/langate.geojson,SBM/ramSeraph,,"","Langate","Jammu & Kashmir","Wards"
city,lanja,cities/lanja.geojson,SBM/ramSeraph,,"","Lanja","Maharashtra","Wards"
city,lar,cities/lar.geojson,SBM/ramSeraph,,"","Lar","Uttar Pradesh","Wards"
city,latehar,cities/latehar.geojson,SBM/ramSeraph,,"","Latehar","Jharkhand","Wards"
city,latur,cities/latur.geojson,SBM/ramSeraph,,"","Latur","Maharashtra","Wards"
city,lavkushnagar,cities/lavkushnagar.geojson,SBM/ramSeraph,,"","Lavkushnagar","Madhya Pradesh","Wards"
city,lawan,cities/lawan.geojson,SBM/ramSeraph,,"","Lawan","Chhattisgarh","Wards"
city,laxmangarh,cities/laxmangarh.geojson,SBM/ramSeraph,,"","Laxmangarh","Rajasthan","Wards"
city,leh,cities/leh.geojson,LivingAtlas/ramSeraph,,"","Leh","Ladakh","Wards"
city,lehra_mohabbat,cities/lehra_mohabbat.geojson,SBM/ramSeraph,,"","Lehra Mohabbat","Punjab","Wards"
city,lehragaga,cities/lehragaga.geojson,SBM/ramSeraph,,"","Lehragaga","Punjab","Wards"
city,lidhora_khas,cities/lidhora_khas.geojson,SBM/ramSeraph,,"","Lidhora Khas","Madhya Pradesh","Wards"
city,lingasugur,cities/lingasugur.geojson,SBM/ramSeraph,,"","Lingasugur","Karnataka","Wards"
city,lodhikheda,cities/lodhikheda.geojson,SBM/ramSeraph,,"","Lodhikheda","Madhya Pradesh","Wards"
city,lohara,cities/lohara.geojson,SBM/ramSeraph,,"","Lohara","Maharashtra","Wards"
city,loharda,cities/loharda.geojson,SBM/ramSeraph,,"","Loharda","Madhya Pradesh","Wards"
city,lohardaga,cities/lohardaga.geojson,SBM/ramSeraph,,"","Lohardaga","Jharkhand","Wards"
city,loharu,cities/loharu.geojson,SBM/ramSeraph,,"","Loharu","Haryana","Wards"
city,lohian_khas,cities/lohian_khas.geojson,SBM/ramSeraph,,"","Lohian Khas","Punjab","Wards"
city,lonand,cities/lonand.geojson,SBM/ramSeraph,,"","Lonand","Maharashtra","Wards"
city,lonavala,cities/lonavala.geojson,SBM/ramSeraph,,"","Lonavala","Maharashtra","Wards"
city,longowal,cities/longowal.geojson,SBM/ramSeraph,,"","Longowal","Punjab","Wards"
city,loni,cities/loni.geojson,SBM/ramSeraph,,"","Loni","Uttar Pradesh","Wards"
city,lormi,cities/lormi.geojson,SBM/ramSeraph,,"","Lormi","Chhattisgarh","Wards"
city,losal,cities/losal.geojson,SBM/ramSeraph,,"","Losal","Rajasthan","Wards"
city,ludhiana,cities/ludhiana.geojson,SBM/ramSeraph,,"","Ludhiana","Punjab","Wards"
city,ma_kamakhya,cities/ma_kamakhya.geojson,SBM/ramSeraph,,"","Ma Kamakhya","Uttar Pradesh","Wards"
city,macherla,cities/macherla.geojson,SBM/ramSeraph,,"","Macherla","Andhra Pradesh","Wards"
city,machhiwara,cities/machhiwara.geojson,SBM/ramSeraph,,"","Machhiwara","Punjab","Wards"
city,machhlishahr,cities/machhlishahr.geojson,SBM/ramSeraph,,"","Machhlishahr","Uttar Pradesh","Wards"
city,machilipatnam,cities/machilipatnam.geojson,SBM/ramSeraph,,"","Machilipatnam","Andhra Pradesh","Wards"
city,madakasira,cities/madakasira.geojson,SBM/ramSeraph,,"","Madakasira","Andhra Pradesh","Wards"
city,madanapalle,cities/madanapalle.geojson,SBM/ramSeraph,,"","Madanapalle","Andhra Pradesh","Wards"
city,madanpur,cities/madanpur.geojson,SBM/ramSeraph,,"","Madanpur","Uttar Pradesh","Wards"
city,maddur,cities/maddur.geojson,SBM/ramSeraph,,"","Maddur","Karnataka","Wards"
city,madha,cities/madha.geojson,SBM/ramSeraph,,"","Madha","Maharashtra","Wards"
city,madhira,cities/madhira.geojson,SBM/ramSeraph,,"","Madhira","Telangana","Wards"
city,madhoganj,cities/madhoganj.geojson,SBM/ramSeraph,,"","Madhoganj","Uttar Pradesh","Wards"
city,madhuban,cities/madhuban.geojson,SBM/ramSeraph,,"","Madhuban","Uttar Pradesh","Wards"
city,madhugiri,cities/madhugiri.geojson,SBM/ramSeraph,,"","Madhugiri","Karnataka","Wards"
city,madhupur,cities/madhupur.geojson,SBM/ramSeraph,,"","Madhupur","Jharkhand","Wards"
city,madhusudangarh,cities/madhusudangarh.geojson,SBM/ramSeraph,,"","Madhusudangarh","Madhya Pradesh","Wards"
city,madhyamgram,cities/madhyamgram.geojson,SBM/ramSeraph,,"","Madhyamgram","West Bengal","Wards"
city,madikeri,cities/madikeri.geojson,SBM/ramSeraph,,"","Madikeri","Karnataka","Wards"
city,madukkarai,cities/madukkarai.geojson,SBM/ramSeraph,,"","Madukkarai","Tamil Nadu","Wards"
city,madurai,cities/madurai.geojson,LivingAtlas/ramSeraph,,"","Madurai","Tamil Nadu","Wards"
city,magadi,cities/magadi.geojson,SBM/ramSeraph,,"","Magadi","Karnataka","Wards"
city,magarlod,cities/magarlod.geojson,SBM/ramSeraph,,"","Magarlod","Chhattisgarh","Wards"
city,mahabaleshwar,cities/mahabaleshwar.geojson,SBM/ramSeraph,,"","Mahabaleshwar","Maharashtra","Wards"
city,mahaban,cities/mahaban.geojson,SBM/ramSeraph,,"","Mahaban","Uttar Pradesh","Wards"
city,mahabubabad,cities/mahabubabad.geojson,SBM/ramSeraph,,"","Mahabubabad","Telangana","Wards"
city,mahabubnagar,cities/mahabubnagar.geojson,SBM/ramSeraph,,"","Mahabubnagar","Telangana","Wards"
city,mahadula,cities/mahadula.geojson,SBM/ramSeraph,,"","Mahadula","Maharashtra","Wards"
city,mahagaon,cities/mahagaon.geojson,SBM/ramSeraph,,"","Mahagaon","Maharashtra","Wards"
city,mahalingpur,cities/mahalingpur.geojson,SBM/ramSeraph,,"","Mahalingpur","Karnataka","Wards"
city,mahalung_shripur,cities/mahalung_shripur.geojson,SBM/ramSeraph,,"","Mahalung-Shripur","Maharashtra","Wards"
city,maham,cities/maham.geojson,SBM/ramSeraph,,"","Maham","Haryana","Wards"
city,maharajganj,cities/maharajganj.geojson,SBM/ramSeraph,,"","Maharajganj","Uttar Pradesh","Wards"
city,maharajpur,cities/maharajpur.geojson,SBM/ramSeraph,,"","Maharajpur","Madhya Pradesh","Wards"
city,mahasamund,cities/mahasamund.geojson,SBM/ramSeraph,,"","Mahasamund","Chhattisgarh","Wards"
city,mahendragarh,cities/mahendragarh.geojson,SBM/ramSeraph,,"","Mahendragarh","Haryana","Wards"
city,mahesana,cities/mahesana.geojson,SBM/ramSeraph,,"","Mahesana","Gujarat","Wards"
city,maheshwar,cities/maheshwar.geojson,SBM/ramSeraph,,"","Maheshwar","Madhya Pradesh","Wards"
city,mahidpur,cities/mahidpur.geojson,SBM/ramSeraph,,"","Mahidpur","Madhya Pradesh","Wards"
city,mahilpur,cities/mahilpur.geojson,SBM/ramSeraph,,"","Mahilpur","Punjab","Wards"
city,mahmudabad,cities/mahmudabad.geojson,SBM/ramSeraph,,"","Mahmudabad","Uttar Pradesh","Wards"
city,mahnar_bazar,cities/mahnar_bazar.geojson,SBM/ramSeraph,,"","Mahnar Bazar","Bihar","Wards"
city,maholi,cities/maholi.geojson,SBM/ramSeraph,,"","Maholi","Uttar Pradesh","Wards"
city,mahona,cities/mahona.geojson,SBM/ramSeraph,,"","Mahona","Uttar Pradesh","Wards"
city,mahrajganj,cities/mahrajganj.geojson,SBM/ramSeraph,,"","Mahrajganj","Uttar Pradesh","Wards"
city,mahul,cities/mahul.geojson,SBM/ramSeraph,,"","Mahul","Uttar Pradesh","Wards"
city,mahur,cities/mahur.geojson,SBM/ramSeraph,,"","Mahur","Maharashtra","Wards"
city,maibang,cities/maibang.geojson,SBM/ramSeraph,,"","Maibang","Assam","Wards"
city,maihar,cities/maihar.geojson,SBM/ramSeraph,,"","Maihar","Madhya Pradesh","Wards"
city,mailani,cities/mailani.geojson,SBM/ramSeraph,,"","Mailani","Uttar Pradesh","Wards"
city,maindargi,cities/maindargi.geojson,SBM/ramSeraph,,"","Maindargi","Maharashtra","Wards"
city,mainpuri,cities/mainpuri.geojson,SBM/ramSeraph,,"","Mainpuri","Uttar Pradesh","Wards"
city,majalegaon,cities/majalegaon.geojson,SBM/ramSeraph,,"","Majalegaon","Maharashtra","Wards"
city,majhauli,cities/majhauli.geojson,SBM/ramSeraph,,"","Majhauli","Madhya Pradesh","Wards"
city,majhauliraj,cities/majhauliraj.geojson,SBM/ramSeraph,,"","Majhauliraj","Uttar Pradesh","Wards"
city,majhion,cities/majhion.geojson,SBM/ramSeraph,,"","Majhion","Jharkhand","Wards"
city,majitha,cities/majitha.geojson,SBM/ramSeraph,,"","Majitha","Punjab","Wards"
city,makhu,cities/makhu.geojson,SBM/ramSeraph,,"","Makhu","Punjab","Wards"
city,makkhanpur,cities/makkhanpur.geojson,SBM/ramSeraph,,"","Makkhanpur","Uttar Pradesh","Wards"
city,makronia_buzurg,cities/makronia_buzurg.geojson,SBM/ramSeraph,,"","Makronia Buzurg","Madhya Pradesh","Wards"
city,maksi,cities/maksi.geojson,SBM/ramSeraph,,"","Maksi","Madhya Pradesh","Wards"
city,makthal,cities/makthal.geojson,SBM/ramSeraph,,"","Makthal","Telangana","Wards"
city,malajkhand,cities/malajkhand.geojson,SBM/ramSeraph,,"","Malajkhand","Madhya Pradesh","Wards"
city,malanpur,cities/malanpur.geojson,SBM/ramSeraph,,"","Malanpur","Madhya Pradesh","Wards"
city,malebennuru,cities/malebennuru.geojson,SBM/ramSeraph,,"","Malebennuru","Karnataka","Wards"
city,malegao_zahangir,cities/malegao_zahangir.geojson,SBM/ramSeraph,,"","Malegao Zahangir","Maharashtra","Wards"
city,malegaon,cities/malegaon.geojson,SBM/ramSeraph,,"","Malegaon","Maharashtra","Wards"
city,malerkotla,cities/malerkotla.geojson,SBM/ramSeraph,,"","Malerkotla","Punjab","Wards"
city,malhar,cities/malhar.geojson,SBM/ramSeraph,,"","Malhar","Chhattisgarh","Wards"
city,malhargarh,cities/malhargarh.geojson,SBM/ramSeraph,,"","Malhargarh","Madhya Pradesh","Wards"
city,malihabad,cities/malihabad.geojson,SBM/ramSeraph,,"","Malihabad","Uttar Pradesh","Wards"
city,malkapur_b,cities/malkapur_b.geojson,SBM/ramSeraph,,"","Malkapur_B","Maharashtra","Wards"
city,mallanwala_khass,cities/mallanwala_khass.geojson,SBM/ramSeraph,,"","Mallanwala Khass","Punjab","Wards"
city,mallawan,cities/mallawan.geojson,SBM/ramSeraph,,"","Mallawan","Uttar Pradesh","Wards"
city,maloud,cities/maloud.geojson,SBM/ramSeraph,,"","Maloud","Punjab","Wards"
city,malout,cities/malout.geojson,SBM/ramSeraph,,"","Malout","Punjab","Wards"
city,malpura,cities/malpura.geojson,SBM/ramSeraph,,"","Malpura","Rajasthan","Wards"
city,malshiras,cities/malshiras.geojson,SBM/ramSeraph,,"","Malshiras","Maharashtra","Wards"
city,maluka,cities/maluka.geojson,SBM/ramSeraph,,"","Maluka","Punjab","Wards"
city,malur,cities/malur.geojson,SBM/ramSeraph,,"","Malur","Karnataka","Wards"
city,mamdot,cities/mamdot.geojson,SBM/ramSeraph,,"","Mamdot)","Punjab","Wards"
city,mana_camp,cities/mana_camp.geojson,SBM/ramSeraph,,"","Mana-Camp","Chhattisgarh","Wards"
city,manamadurai,cities/manamadurai.geojson,SBM/ramSeraph,,"","Manamadurai","Tamil Nadu","Wards"
city,manapparai,cities/manapparai.geojson,SBM/ramSeraph,,"","Manapparai","Tamil Nadu","Wards"
city,manasa,cities/manasa.geojson,SBM/ramSeraph,,"","Manasa","Madhya Pradesh","Wards"
city,manawar,cities/manawar.geojson,SBM/ramSeraph,,"","Manawar","Madhya Pradesh","Wards"
city,manchar,cities/manchar.geojson,SBM/ramSeraph,,"","Manchar","Maharashtra","Wards"
city,mandalgarh,cities/mandalgarh.geojson,SBM/ramSeraph,,"","Mandalgarh","Rajasthan","Wards"
city,mandamarri,cities/mandamarri.geojson,SBM/ramSeraph,,"","Mandamarri","Telangana","Wards"
city,mandangad,cities/mandangad.geojson,SBM/ramSeraph,,"","Mandangad","Maharashtra","Wards"
city,mandapeta,cities/mandapeta.geojson,SBM/ramSeraph,,"","Mandapeta","Andhra Pradesh","Wards"
city,mandav,cities/mandav.geojson,SBM/ramSeraph,,"","Mandav","Madhya Pradesh","Wards"
city,mandawa,cities/mandawa.geojson,SBM/ramSeraph,,"","Mandawa","Rajasthan","Wards"
city,mandawar,cities/mandawar.geojson,SBM/ramSeraph,,"","Mandawar","Uttar Pradesh","Wards"
city,mandawari,cities/mandawari.geojson,SBM/ramSeraph,,"","Mandawari","Rajasthan","Wards"
city,mandhata,cities/mandhata.geojson,SBM/ramSeraph,,"","Mandhata","Uttar Pradesh","Wards"
city,mandi,cities/mandi.geojson,SBM/ramSeraph,,"","Mandi","Himachal Pradesh","Wards"
city,mandi_dabwali,cities/mandi_dabwali.geojson,SBM/ramSeraph,,"","Mandi Dabwali","Haryana","Wards"
city,mandir_hasoud,cities/mandir_hasoud.geojson,SBM/ramSeraph,,"","Mandir Hasoud","Chhattisgarh","Wards"
city,mandleshwar,cities/mandleshwar.geojson,SBM/ramSeraph,,"","Mandleshwar","Madhya Pradesh","Wards"
city,mandsaur,cities/mandsaur.geojson,SBM/ramSeraph,,"","Mandsaur","Madhya Pradesh","Wards"
city,mandya,cities/mandya.geojson,SBM/ramSeraph,,"","Mandya","Karnataka","Wards"
city,manendragarh,cities/manendragarh.geojson,SBM/ramSeraph,,"","Manendragarh","Chhattisgarh","Wards"
city,maner,cities/maner.geojson,SBM/ramSeraph,,"","Maner","Bihar","Wards"
city,mangalore,cities/mangalore.geojson,SBM/ramSeraph,,"","Mangalore","Karnataka","Wards"
city,mangaluru,cities/mangaluru.geojson,LivingAtlas/ramSeraph,,"","Mangaluru","Karnataka","Wards"
city,mangaon,cities/mangaon.geojson,SBM/ramSeraph,,"","Mangaon","Maharashtra","Wards"
city,mangawan,cities/mangawan.geojson,SBM/ramSeraph,,"","Mangawan","Madhya Pradesh","Wards"
city,manglaur,cities/manglaur.geojson,SBM/ramSeraph,,"","Manglaur","Uttarakhand","Wards"
city,mangrauni,cities/mangrauni.geojson,SBM/ramSeraph,,"","Mangrauni","Madhya Pradesh","Wards"
city,mangrol,cities/mangrol.geojson,SBM/ramSeraph,,"","Mangrol","Rajasthan","Wards"
city,mangrulpir,cities/mangrulpir.geojson,SBM/ramSeraph,,"","Mangrulpir","Maharashtra","Wards"
city,manikpur,cities/manikpur.geojson,SBM/ramSeraph,,"","Manikpur","Uttar Pradesh","Wards"
city,maniyar,cities/maniyar.geojson,SBM/ramSeraph,,"","Maniyar","Uttar Pradesh","Wards"
city,manjhanpur,cities/manjhanpur.geojson,SBM/ramSeraph,,"","Manjhanpur","Uttar Pradesh","Wards"
city,manjholi,cities/manjholi.geojson,SBM/ramSeraph,,"","Manjholi","Madhya Pradesh","Wards"
city,manmad,cities/manmad.geojson,SBM/ramSeraph,,"","Manmad","Maharashtra","Wards"
city,mannargudi,cities/mannargudi.geojson,SBM/ramSeraph,,"","Mannargudi","Tamil Nadu","Wards"
city,mannarkkad,cities/mannarkkad.geojson,SBM/ramSeraph,,"","Mannarkkad","Kerala","Wards"
city,manora,cities/manora.geojson,SBM/ramSeraph,,"","Manora","Maharashtra","Wards"
city,manpur_u,cities/manpur_u.geojson,SBM/ramSeraph,,"","Manpur-U","Madhya Pradesh","Wards"
city,mansa,cities/mansa.geojson,SBM/ramSeraph,,"","Mansa","Punjab","Wards"
city,mantha,cities/mantha.geojson,SBM/ramSeraph,,"","Mantha","Maharashtra","Wards"
city,manthani,cities/manthani.geojson,SBM/ramSeraph,,"","Manthani","Telangana","Wards"
city,manugur,cities/manugur.geojson,SBM/ramSeraph,,"","Manugur","Telangana","Wards"
city,manvi,cities/manvi.geojson,SBM/ramSeraph,,"","Manvi","Karnataka","Wards"
city,maregaon,cities/maregaon.geojson,SBM/ramSeraph,,"","Maregaon","Maharashtra","Wards"
city,marehra,cities/marehra.geojson,SBM/ramSeraph,,"","Marehra","Uttar Pradesh","Wards"
city,mariahu,cities/mariahu.geojson,SBM/ramSeraph,,"","Mariahu","Uttar Pradesh","Wards"
city,maripeda,cities/maripeda.geojson,SBM/ramSeraph,,"","Maripeda","Telangana","Wards"
city,mariyammanahalli,cities/mariyammanahalli.geojson,SBM/ramSeraph,,"","Mariyammanahalli","Karnataka","Wards"
city,markapur,cities/markapur.geojson,SBM/ramSeraph,,"","Markapur","Andhra Pradesh","Wards"
city,maro,cities/maro.geojson,SBM/ramSeraph,,"","Maro","Chhattisgarh","Wards"
city,masaurhi,cities/masaurhi.geojson,SBM/ramSeraph,,"","Masaurhi","Bihar","Wards"
city,maswasi,cities/maswasi.geojson,SBM/ramSeraph,,"","Maswasi","Uttar Pradesh","Wards"
city,matheran,cities/matheran.geojson,SBM/ramSeraph,,"","Matheran","Maharashtra","Wards"
city,mathura_vrindavan,cities/mathura_vrindavan.geojson,SBM/ramSeraph,,"","Mathura Vrindavan","Uttar Pradesh","Wards"
city,mattan,cities/mattan.geojson,SBM/ramSeraph,,"","Mattan","Jammu & Kashmir","Wards"
city,mattannur,cities/mattannur.geojson,SBM/ramSeraph,,"","Mattannur","Kerala","Wards"
city,mau_aima,cities/mau_aima.geojson,SBM/ramSeraph,,"","Mau Aima","Uttar Pradesh","Wards"
city,mau_mp,cities/mau_mp.geojson,SBM/ramSeraph,,"","Mau","Madhya Pradesh","Wards"
city,mau_up,cities/mau_up.geojson,SBM/ramSeraph,,"","Mau","Uttar Pradesh","Wards"
city,maudaha,cities/maudaha.geojson,SBM/ramSeraph,,"","Maudaha","Uttar Pradesh","Wards"
city,mauganj,cities/mauganj.geojson,SBM/ramSeraph,,"","Mauganj","Madhya Pradesh","Wards"
city,maunath_bhanjan,cities/maunath_bhanjan.geojson,SBM/ramSeraph,,"","Maunath Bhanjan","Uttar Pradesh","Wards"
city,maur,cities/maur.geojson,SBM/ramSeraph,,"","Maur","Punjab","Wards"
city,mauranipur,cities/mauranipur.geojson,SBM/ramSeraph,,"","Mauranipur","Uttar Pradesh","Wards"
city,mavelikkara,cities/mavelikkara.geojson,SBM/ramSeraph,,"","Mavelikkara","Kerala","Wards"
city,mawana,cities/mawana.geojson,SBM/ramSeraph,,"","Mawana","Uttar Pradesh","Wards"
city,mcbaramulla,cities/mcbaramulla.geojson,SBM/ramSeraph,,"","Mcbaramulla","Jammu & Kashmir","Wards"
city,mcdaryapur,cities/mcdaryapur.geojson,SBM/ramSeraph,,"","Mcdaryapur","Maharashtra","Wards"
city,mcpulwama,cities/mcpulwama.geojson,SBM/ramSeraph,,"","Mcpulwama","Jammu & Kashmir","Wards"
city,medak,cities/medak.geojson,SBM/ramSeraph,,"","Medak","Telangana","Wards"
city,medchal,cities/medchal.geojson,SBM/ramSeraph,,"","Medchal","Telangana","Wards"
city,medha,cities/medha.geojson,SBM/ramSeraph,,"","Medha","Maharashtra","Wards"
city,medininagar_daltonganj,cities/medininagar_daltonganj.geojson,SBM/ramSeraph,,"","Medininagar Daltonganj","Jharkhand","Wards"
city,meerapur,cities/meerapur.geojson,SBM/ramSeraph,,"","Meerapur","Uttar Pradesh","Wards"
city,meerpet,cities/meerpet.geojson,SBM/ramSeraph,,"","Meerpet","Telangana","Wards"
city,meerut_cantt,cities/meerut_cantt.geojson,SBM/ramSeraph,,"","Meerut Cantt","Uttar Pradesh","Wards"
city,meerut_city,cities/meerut_city.geojson,SBM/ramSeraph,,"","Meerut City","Uttar Pradesh","Wards"
city,meghnagar,cities/meghnagar.geojson,SBM/ramSeraph,,"","Meghnagar","Madhya Pradesh","Wards"
city,mehatpur,cities/mehatpur.geojson,SBM/ramSeraph,,"","Mehatpur","Punjab","Wards"
city,mehgaon,cities/mehgaon.geojson,SBM/ramSeraph,,"","Mehgaon","Madhya Pradesh","Wards"
city,mehkar,cities/mehkar.geojson,SBM/ramSeraph,,"","Mehkar","Maharashtra","Wards"
city,mehmoodpur_mafi,cities/mehmoodpur_mafi.geojson,SBM/ramSeraph,,"","Mehmoodpur Mafi","Uttar Pradesh","Wards"
city,mehnagar,cities/mehnagar.geojson,SBM/ramSeraph,,"","Mehnagar","Uttar Pradesh","Wards"
city,mehraj,cities/mehraj.geojson,SBM/ramSeraph,,"","Mehraj","Punjab","Wards"
city,mehrauni,cities/mehrauni.geojson,SBM/ramSeraph,,"","Mehrauni","Uttar Pradesh","Wards"
city,melattur,cities/melattur.geojson,SBM/ramSeraph,,"","Melattur","Tamil Nadu","Wards"
city,melur,cities/melur.geojson,SBM/ramSeraph,,"","Melur","Tamil Nadu","Wards"
city,melvisharam,cities/melvisharam.geojson,SBM/ramSeraph,,"","Melvisharam","Tamil Nadu","Wards"
city,mendu,cities/mendu.geojson,SBM/ramSeraph,,"","Mendu","Uttar Pradesh","Wards"
city,merta_city,cities/merta_city.geojson,SBM/ramSeraph,,"","Merta City","Rajasthan","Wards"
city,metpalli,cities/metpalli.geojson,SBM/ramSeraph,,"","Metpalli","Telangana","Wards"
city,mettupalayam,cities/mettupalayam.geojson,SBM/ramSeraph,,"","Mettupalayam","Tamil Nadu","Wards"
city,mettur,cities/mettur.geojson,SBM/ramSeraph,,"","Mettur","Tamil Nadu","Wards"
city,mhasla,cities/mhasla.geojson,SBM/ramSeraph,,"","Mhasla","Maharashtra","Wards"
city,mhowgaon,cities/mhowgaon.geojson,SBM/ramSeraph,,"","Mhowgaon","Madhya Pradesh","Wards"
city,midnapore,cities/midnapore.geojson,WB_AMRUT/ramSeraph,,"","Midnapore","West Bengal","Wards"
city,miheepurva,cities/miheepurva.geojson,SBM/ramSeraph,,"","Miheepurva","Uttar Pradesh","Wards"
city,mihijam,cities/mihijam.geojson,SBM/ramSeraph,,"","Mihijam","Jharkhand","Wards"
city,mihona,cities/mihona.geojson,SBM/ramSeraph,,"","Mihona","Madhya Pradesh","Wards"
city,mirehchi,cities/mirehchi.geojson,SBM/ramSeraph,,"","Mirehchi","Uttar Pradesh","Wards"
city,mirganj,cities/mirganj.geojson,SBM/ramSeraph,,"","Mirganj","Uttar Pradesh","Wards"
city,miryalaguda,cities/miryalaguda.geojson,SBM/ramSeraph,,"","Miryalaguda","Telangana","Wards"
city,mirzapur_cum_vindhyachal,cities/mirzapur_cum_vindhyachal.geojson,SBM/ramSeraph,,"","Mirzapur-Cum-Vindhyachal","Uttar Pradesh","Wards"
city,mk_hubli_tp,cities/mk_hubli_tp.geojson,SBM/ramSeraph,,"","Mk Hubli Tp","Karnataka","Wards"
city,modinagar,cities/modinagar.geojson,SBM/ramSeraph,,"","Modinagar","Uttar Pradesh","Wards"
city,moga,cities/moga.geojson,SBM/ramSeraph,,"","Moga","Punjab","Wards"
city,mogra_badshahpur,cities/mogra_badshahpur.geojson,SBM/ramSeraph,,"","Mogra Badshahpur","Uttar Pradesh","Wards"
city,mohadi,cities/mohadi.geojson,SBM/ramSeraph,,"","Mohadi","Maharashtra","Wards"
city,mohammadabad,cities/mohammadabad.geojson,SBM/ramSeraph,,"","Mohammadabad","Uttar Pradesh","Wards"
city,mohammadi,cities/mohammadi.geojson,SBM/ramSeraph,,"","Mohammadi","Uttar Pradesh","Wards"
city,mohan,cities/mohan.geojson,SBM/ramSeraph,,"","Mohan","Uttar Pradesh","Wards"
city,mohanpur,cities/mohanpur.geojson,SBM/ramSeraph,,"","Mohanpur","Uttar Pradesh","Wards"
city,mohgaon,cities/mohgaon.geojson,SBM/ramSeraph,,"","Mohgaon","Madhya Pradesh","Wards"
city,mohna,cities/mohna.geojson,SBM/ramSeraph,,"","Mohna","Madhya Pradesh","Wards"
city,mohol,cities/mohol.geojson,SBM/ramSeraph,,"","Mohol","Maharashtra","Wards"
city,mohpa,cities/mohpa.geojson,SBM/ramSeraph,,"","Mohpa","Maharashtra","Wards"
city,moirang,cities/moirang.geojson,LivingAtlas/ramSeraph,,"","Moirang","Manipur","Wards"
city,mokameh,cities/mokameh.geojson,SBM/ramSeraph,,"","Mokameh","Bihar","Wards"
city,mokhada,cities/mokhada.geojson,SBM/ramSeraph,,"","Mokhada","Maharashtra","Wards"
city,molakalmuru,cities/molakalmuru.geojson,SBM/ramSeraph,,"","Molakalmuru","Karnataka","Wards"
city,moonak,cities/moonak.geojson,SBM/ramSeraph,,"","Moonak","Punjab","Wards"
city,moradabad,cities/moradabad.geojson,SBM/ramSeraph,,"","Moradabad","Uttar Pradesh","Wards"
city,morbi,cities/morbi.geojson,SBM/ramSeraph,,"","Morbi","Gujarat","Wards"
city,morena,cities/morena.geojson,SBM/ramSeraph,,"","Morena","Madhya Pradesh","Wards"
city,morinda,cities/morinda.geojson,SBM/ramSeraph,,"","Morinda","Punjab","Wards"
city,mormugoa,cities/mormugoa.geojson,SBM/ramSeraph,,"","Mormugoa","Goa","Wards"
city,morshi,cities/morshi.geojson,SBM/ramSeraph,,"","Morshi","Maharashtra","Wards"
city,motala,cities/motala.geojson,SBM/ramSeraph,,"","Motala","Maharashtra","Wards"
city,mothkur,cities/mothkur.geojson,SBM/ramSeraph,,"","Mothkur","Telangana","Wards"
city,motihari,cities/motihari.geojson,SBM/ramSeraph,,"","Motihari","Bihar","Wards"
city,mount_abu,cities/mount_abu.geojson,SBM/ramSeraph,,"","Mount Abu","Rajasthan","Wards"
city,mowad,cities/mowad.geojson,SBM/ramSeraph,,"","Mowad","Maharashtra","Wards"
city,mubarakpur,cities/mubarakpur.geojson,SBM/ramSeraph,,"","Mubarakpur","Uttar Pradesh","Wards"
city,mudalagi_tmc,cities/mudalagi_tmc.geojson,SBM/ramSeraph,,"","Mudalagi Tmc","Karnataka","Wards"
city,mudbidri,cities/mudbidri.geojson,SBM/ramSeraph,,"","Mudbidri","Karnataka","Wards"
city,muddebihal,cities/muddebihal.geojson,SBM/ramSeraph,,"","Muddebihal","Karnataka","Wards"
city,mudgal,cities/mudgal.geojson,SBM/ramSeraph,,"","Mudgal","Karnataka","Wards"
city,mudhol,cities/mudhol.geojson,SBM/ramSeraph,,"","Mudhol","Karnataka","Wards"
city,mudigere,cities/mudigere.geojson,SBM/ramSeraph,,"","Mudigere","Karnataka","Wards"
city,mudki,cities/mudki.geojson,SBM/ramSeraph,,"","Mudki","Punjab","Wards"
city,muhammadabad_gohna,cities/muhammadabad_gohna.geojson,SBM/ramSeraph,,"","Muhammadabad Gohna","Uttar Pradesh","Wards"
city,mukandgarh,cities/mukandgarh.geojson,SBM/ramSeraph,,"","Mukandgarh","Rajasthan","Wards"
city,mukerian,cities/mukerian.geojson,SBM/ramSeraph,,"","Mukerian","Punjab","Wards"
city,mukkam,cities/mukkam.geojson,SBM/ramSeraph,,"","Mukkam","Kerala","Wards"
city,muktainagar,cities/muktainagar.geojson,SBM/ramSeraph,,"","Muktainagar","Maharashtra","Wards"
city,muktsar,cities/muktsar.geojson,SBM/ramSeraph,,"","Muktsar","Punjab","Wards"
city,mul,cities/mul.geojson,SBM/ramSeraph,,"","Mul","Maharashtra","Wards"
city,mulagund,cities/mulagund.geojson,SBM/ramSeraph,,"","Mulagund","Karnataka","Wards"
city,mulchera,cities/mulchera.geojson,SBM/ramSeraph,,"","Mulchera","Maharashtra","Wards"
city,mulki,cities/mulki.geojson,SBM/ramSeraph,,"","Mulki","Karnataka","Wards"
city,mullanpur_dakha,cities/mullanpur_dakha.geojson,SBM/ramSeraph,,"","Mullanpur Dakha","Punjab","Wards"
city,multai,cities/multai.geojson,SBM/ramSeraph,,"","Multai","Madhya Pradesh","Wards"
city,mummidivaram,cities/mummidivaram.geojson,SBM/ramSeraph,,"","Mummidivaram","Andhra Pradesh","Wards"
city,munavalli,cities/munavalli.geojson,SBM/ramSeraph,,"","Munavalli","Karnataka","Wards"
city,munawali,cities/munawali.geojson,SBM/ramSeraph,,"","Munawali","Madhya Pradesh","Wards"
city,mundargi,cities/mundargi.geojson,SBM/ramSeraph,,"","Mundargi","Karnataka","Wards"
city,mundervan,cities/mundervan.geojson,SBM/ramSeraph,,"","Mundervan","Uttar Pradesh","Wards"
city,mundgod,cities/mundgod.geojson,SBM/ramSeraph,,"","Mundgod","Karnataka","Wards"
city,mundi,cities/mundi.geojson,SBM/ramSeraph,,"","Mundi","Madhya Pradesh","Wards"
city,mundwa,cities/mundwa.geojson,SBM/ramSeraph,,"","Mundwa","Rajasthan","Wards"
city,mungeli,cities/mungeli.geojson,SBM/ramSeraph,,"","Mungeli","Chhattisgarh","Wards"
city,munger,cities/munger.geojson,SBM/ramSeraph,,"","Munger","Bihar","Wards"
city,muni_ki_reti,cities/muni_ki_reti.geojson,SBM/ramSeraph,,"","Muni-Ki-Reti","Uttarakhand","Wards"
city,murbad,cities/murbad.geojson,SBM/ramSeraph,,"","Murbad","Maharashtra","Wards"
city,mursan,cities/mursan.geojson,SBM/ramSeraph,,"","Mursan","Uttar Pradesh","Wards"
city,murtizapur,cities/murtizapur.geojson,SBM/ramSeraph,,"","Murtizapur","Maharashtra","Wards"
city,murwara,cities/murwara.geojson,SBM/ramSeraph,,"","Murwara","Madhya Pradesh","Wards"
city,musafirkhana,cities/musafirkhana.geojson,SBM/ramSeraph,,"","Musafirkhana","Uttar Pradesh","Wards"
city,muvattupuzha,cities/muvattupuzha.geojson,SBM/ramSeraph,,"","Muvattupuzha","Kerala","Wards"
city,muzaffarnagar,cities/muzaffarnagar.geojson,SBM/ramSeraph,,"","Muzaffarnagar","Uttar Pradesh","Wards"
city,muzaffarpur,cities/muzaffarpur.geojson,SBM/ramSeraph,,"","Muzaffarpur","Bihar","Wards"
city,mydukur,cities/mydukur.geojson,SBM/ramSeraph,,"","Mydukur","Andhra Pradesh","Wards"
city,mysore,cities/mysore.geojson,SBM/ramSeraph,,"","Mysore","Karnataka","Wards"
city,n_p_aheri,cities/n_p_aheri.geojson,SBM/ramSeraph,,"","N P Aheri","Maharashtra","Wards"
city,nabadwip,cities/nabadwip.geojson,WB_AMRUT/ramSeraph,,"","Nabadwip","West Bengal","Wards"
city,nabha,cities/nabha.geojson,SBM/ramSeraph,,"","Nabha","Punjab","Wards"
city,nadala,cities/nadala.geojson,SBM/ramSeraph,,"","Nadala","Punjab","Wards"
city,nadbai,cities/nadbai.geojson,SBM/ramSeraph,,"","Nadbai","Rajasthan","Wards"
city,nadiad,cities/nadiad.geojson,SBM/ramSeraph,,"","Nadiad","Gujarat","Wards"
city,nadiupet,cities/nadiupet.geojson,SBM/ramSeraph,,"","Nadiupet","Andhra Pradesh","Wards"
city,nagaon_mb,cities/nagaon_mb.geojson,SBM/ramSeraph,,"","Nagaon Mb","Assam","Wards"
city,nagar,cities/nagar.geojson,SBM/ramSeraph,,"","Nagar","Rajasthan","Wards"
city,nagar_nigam_greater_jaipur,cities/nagar_nigam_greater_jaipur.geojson,SBM/ramSeraph,,"","Nagar Nigam Greater Jaipur","Rajasthan","Wards"
city,nagar_nigam_rudrapur,cities/nagar_nigam_rudrapur.geojson,SBM/ramSeraph,,"","Nagar Nigam Rudrapur","Uttarakhand","Wards"
city,nagar_nigam_shahjahanpur,cities/nagar_nigam_shahjahanpur.geojson,SBM/ramSeraph,,"","Nagar Nigam Shahjahanpur","Uttar Pradesh","Wards"
city,nagar_palika_gopeshwar,cities/nagar_palika_gopeshwar.geojson,SBM/ramSeraph,,"","Nagar Palika Gopeshwar","Uttarakhand","Wards"
city,nagar_palika_parishad_biswan,cities/nagar_palika_parishad_biswan.geojson,SBM/ramSeraph,,"","Nagar Palika Parishad Biswan","Uttar Pradesh","Wards"
city,nagar_palika_parishad_garhmukteshwar,cities/nagar_palika_parishad_garhmukteshwar.geojson,SBM/ramSeraph,,"","Nagar Palika Parishad Garhmukteshwar","Uttar Pradesh","Wards"
city,nagar_palika_parishad_khairabad,cities/nagar_palika_parishad_khairabad.geojson,SBM/ramSeraph,,"","Nagar Palika Parishad Khairabad","Uttar Pradesh","Wards"
city,nagar_palika_parishad_kushinagar,cities/nagar_palika_parishad_kushinagar.geojson,SBM/ramSeraph,,"","Nagar Palika Parishad Kushinagar","Uttar Pradesh","Wards"
city,nagar_palika_parishad_mahrajganj,cities/nagar_palika_parishad_mahrajganj.geojson,SBM/ramSeraph,,"","Nagar Palika Parishad Mahrajganj","Uttar Pradesh","Wards"
city,nagar_palika_parishad_pithoragarh,cities/nagar_palika_parishad_pithoragarh.geojson,SBM/ramSeraph,,"","Nagar Palika Parishad Pithoragarh","Uttarakhand","Wards"
city,nagar_palika_parishad_powayan,cities/nagar_palika_parishad_powayan.geojson,SBM/ramSeraph,,"","Nagar Palika Parishad Powayan","Uttar Pradesh","Wards"
city,nagar_palika_parishad_rath,cities/nagar_palika_parishad_rath.geojson,SBM/ramSeraph,,"","Nagar Palika Parishad Rath","Uttar Pradesh","Wards"
city,nagar_palika_parishad_sardhana,cities/nagar_palika_parishad_sardhana.geojson,SBM/ramSeraph,,"","Nagar Palika Parishad Sardhana","Uttar Pradesh","Wards"
city,nagar_palika_parishad_shamli,cities/nagar_palika_parishad_shamli.geojson,SBM/ramSeraph,,"","Nagar Palika Parishad Shamli","Uttar Pradesh","Wards"
city,nagaram,cities/nagaram.geojson,SBM/ramSeraph,,"","Nagaram","Telangana","Wards"
city,nagari,cities/nagari.geojson,SBM/ramSeraph,,"","Nagari","Andhra Pradesh","Wards"
city,nagarkurnool,cities/nagarkurnool.geojson,SBM/ramSeraph,,"","Nagarkurnool","Telangana","Wards"
city,nagarpanchayat_dharni,cities/nagarpanchayat_dharni.geojson,SBM/ramSeraph,,"","Nagarpanchayat Dharni","Maharashtra","Wards"
city,nagaur,cities/nagaur.geojson,SBM/ramSeraph,,"","Nagaur","Rajasthan","Wards"
city,nagbhid,cities/nagbhid.geojson,SBM/ramSeraph,,"","Nagbhid","Maharashtra","Wards"
city,nagda,cities/nagda.geojson,SBM/ramSeraph,,"","Nagda","Madhya Pradesh","Wards"
city,nagercoil,cities/nagercoil.geojson,SBM/ramSeraph,,"","Nagercoil","Tamil Nadu","Wards"
city,nagina,cities/nagina.geojson,SBM/ramSeraph,,"","Nagina","Uttar Pradesh","Wards"
city,nagod,cities/nagod.geojson,SBM/ramSeraph,,"","Nagod","Madhya Pradesh","Wards"
city,nagri_cg,cities/nagri_cg.geojson,SBM/ramSeraph,,"","Nagri","Chhattisgarh","Wards"
city,nagri_mp,cities/nagri_mp.geojson,SBM/ramSeraph,,"","Nagri","Madhya Pradesh","Wards"
city,nahan,cities/nahan.geojson,SBM/ramSeraph,,"","Nahan","Himachal Pradesh","Wards"
city,nai_bazar,cities/nai_bazar.geojson,SBM/ramSeraph,,"","Nai Bazar","Uttar Pradesh","Wards"
city,naigaon,cities/naigaon.geojson,SBM/ramSeraph,,"","Naigaon","Maharashtra","Wards"
city,naigarhi,cities/naigarhi.geojson,SBM/ramSeraph,,"","Naigarhi","Madhya Pradesh","Wards"
city,naihati,cities/naihati.geojson,SBM/ramSeraph,,"","Naihati","West Bengal","Wards"
city,naila_janjgir,cities/naila_janjgir.geojson,SBM/ramSeraph,,"","Naila-Janjgir","Chhattisgarh","Wards"
city,nailedri,cities/nailedri.geojson,SBM/ramSeraph,,"","Nailedri","Chhattisgarh","Wards"
city,nainital,cities/nainital.geojson,SBM/ramSeraph,,"","Nainital","Uttarakhand","Wards"
city,nainpur,cities/nainpur.geojson,SBM/ramSeraph,,"","Nainpur","Madhya Pradesh","Wards"
city,nainwa,cities/nainwa.geojson,SBM/ramSeraph,,"","Nainwa","Rajasthan","Wards"
city,najibabad,cities/najibabad.geojson,SBM/ramSeraph,,"","Najibabad","Uttar Pradesh","Wards"
city,nakodar,cities/nakodar.geojson,SBM/ramSeraph,,"","Nakodar","Punjab","Wards"
city,nakrekal,cities/nakrekal.geojson,SBM/ramSeraph,,"","Nakrekal","Telangana","Wards"
city,nakur,cities/nakur.geojson,SBM/ramSeraph,,"","Nakur","Uttar Pradesh","Wards"
city,nalatwad,cities/nalatwad.geojson,SBM/ramSeraph,,"","Nalatwad","Karnataka","Wards"
city,nalgonda,cities/nalgonda.geojson,SBM/ramSeraph,,"","Nalgonda","Telangana","Wards"
city,nalkheda,cities/nalkheda.geojson,SBM/ramSeraph,,"","Nalkheda","Madhya Pradesh","Wards"
city,namakkal,cities/namakkal.geojson,SBM/ramSeraph,,"","Namakkal","Tamil Nadu","Wards"
city,namli,cities/namli.geojson,SBM/ramSeraph,,"","Namli","Madhya Pradesh","Wards"
city,namrup,cities/namrup.geojson,SBM/ramSeraph,,"","Namrup","Assam","Wards"
city,nanauta,cities/nanauta.geojson,SBM/ramSeraph,,"","Nanauta","Uttar Pradesh","Wards"
city,nanded_waghala,cities/nanded_waghala.geojson,LivingAtlas/ramSeraph,,"","Nanded-Waghala","Maharashtra","Wards"
city,nanded_waghala_city_municipal_corporation_nanded,cities/nanded_waghala_city_municipal_corporation_nanded.geojson,SBM/ramSeraph,,"","Nanded Waghala City Municipal Corporation, Nanded","Maharashtra","Wards"
city,nandgaon,cities/nandgaon.geojson,SBM/ramSeraph,,"","Nandgaon","Uttar Pradesh","Wards"
city,nandgaon_khandeshwer,cities/nandgaon_khandeshwer.geojson,SBM/ramSeraph,,"","Nandgaon Khandeshwer","Maharashtra","Wards"
city,nandigama,cities/nandigama.geojson,SBM/ramSeraph,,"","Nandigama","Andhra Pradesh","Wards"
city,nandikonda,cities/nandikonda.geojson,SBM/ramSeraph,,"","Nandikonda","Telangana","Wards"
city,nandikotkur,cities/nandikotkur.geojson,SBM/ramSeraph,,"","Nandikotkur","Andhra Pradesh","Wards"
city,nandura,cities/nandura.geojson,SBM/ramSeraph,,"","Nandura","Maharashtra","Wards"
city,nandurbar,cities/nandurbar.geojson,SBM/ramSeraph,,"","Nandurbar","Maharashtra","Wards"
city,nandyal,cities/nandyal.geojson,SBM/ramSeraph,,"","Nandyal","Andhra Pradesh","Wards"
city,nangal,cities/nangal.geojson,SBM/ramSeraph,,"","Nangal","Punjab","Wards"
city,nangal_chaudhary,cities/nangal_chaudhary.geojson,SBM/ramSeraph,,"","Nangal Chaudhary","Haryana","Wards"
city,nanjangud,cities/nanjangud.geojson,SBM/ramSeraph,,"","Nanjangud","Karnataka","Wards"
city,nanpara,cities/nanpara.geojson,SBM/ramSeraph,,"","Nanpara","Uttar Pradesh","Wards"
city,naragunda,cities/naragunda.geojson,SBM/ramSeraph,,"","Naragunda","Karnataka","Wards"
city,naraingarh,cities/naraingarh.geojson,SBM/ramSeraph,,"","Naraingarh","Haryana","Wards"
city,narasapur,cities/narasapur.geojson,SBM/ramSeraph,,"","Narasapur","Andhra Pradesh","Wards"
city,narasaraopet,cities/narasaraopet.geojson,SBM/ramSeraph,,"","Narasaraopet","Andhra Pradesh","Wards"
city,narasimharajapura,cities/narasimharajapura.geojson,SBM/ramSeraph,,"","Narasimharajapura","Karnataka","Wards"
city,narasingapuram,cities/narasingapuram.geojson,SBM/ramSeraph,,"","Narasingapuram","Tamil Nadu","Wards"
city,narauli,cities/narauli.geojson,SBM/ramSeraph,,"","Narauli","Uttar Pradesh","Wards"
city,naraura,cities/naraura.geojson,SBM/ramSeraph,,"","Naraura","Uttar Pradesh","Wards"
city,narayangarh,cities/narayangarh.geojson,SBM/ramSeraph,,"","Narayangarh","Madhya Pradesh","Wards"
city,narayankhed,cities/narayankhed.geojson,SBM/ramSeraph,,"","Narayankhed","Telangana","Wards"
city,narayanpur,cities/narayanpur.geojson,SBM/ramSeraph,,"","Narayanpur","Chhattisgarh","Wards"
city,naregal,cities/naregal.geojson,SBM/ramSeraph,,"","Naregal","Karnataka","Wards"
city,narharpur,cities/narharpur.geojson,SBM/ramSeraph,,"","Narharpur","Chhattisgarh","Wards"
city,narkhed,cities/narkhed.geojson,SBM/ramSeraph,,"","Narkhed","Maharashtra","Wards"
city,narnaul,cities/narnaul.geojson,SBM/ramSeraph,,"","Narnaul","Haryana","Wards"
city,narot_jaimal_singh,cities/narot_jaimal_singh.geojson,SBM/ramSeraph,,"","Narot Jaimal Singh","Punjab","Wards"
city,narsampet,cities/narsampet.geojson,SBM/ramSeraph,,"","Narsampet","Telangana","Wards"
city,narsapur,cities/narsapur.geojson,SBM/ramSeraph,,"","Narsapur","Telangana","Wards"
city,narsipatnam,cities/narsipatnam.geojson,SBM/ramSeraph,,"","Narsipatnam","Andhra Pradesh","Wards"
city,narwana,cities/narwana.geojson,SBM/ramSeraph,,"","Narwana","Haryana","Wards"
city,narwar,cities/narwar.geojson,SBM/ramSeraph,,"","Narwar","Madhya Pradesh","Wards"
city,nashik,cities/nashik.geojson,SBM/ramSeraph,,"","Nashik","Maharashtra","Wards"
city,nasirabad,cities/nasirabad.geojson,SBM/ramSeraph,,"","Nasirabad","Rajasthan","Wards"
city,nasrullaganj,cities/nasrullaganj.geojson,SBM/ramSeraph,,"","Nasrullaganj","Madhya Pradesh","Wards"
city,natepute,cities/natepute.geojson,SBM/ramSeraph,,"","Natepute","Maharashtra","Wards"
city,nathana,cities/nathana.geojson,SBM/ramSeraph,,"","Nathana","Punjab","Wards"
city,nathdwara,cities/nathdwara.geojson,SBM/ramSeraph,,"","Nathdwara","Rajasthan","Wards"
city,naugachhia,cities/naugachhia.geojson,SBM/ramSeraph,,"","Naugachhia","Bihar","Wards"
city,nautanwa,cities/nautanwa.geojson,SBM/ramSeraph,,"","Nautanwa","Uttar Pradesh","Wards"
city,navalgund,cities/navalgund.geojson,SBM/ramSeraph,,"","Navalgund","Karnataka","Wards"
city,navapur,cities/navapur.geojson,SBM/ramSeraph,,"","Navapur","Maharashtra","Wards"
city,navi_mumbai,cities/navi_mumbai.geojson,SBM/ramSeraph,,"","Navi Mumbai","Maharashtra","Wards"
city,navsari,cities/navsari.geojson,SBM/ramSeraph,,"","Navsari","Gujarat","Wards"
city,nawabganj,cities/nawabganj.geojson,SBM/ramSeraph,,"","Nawabganj","Uttar Pradesh","Wards"
city,nawabganj_b,cities/nawabganj_b.geojson,SBM/ramSeraph,,"","Nawabganj_B","Uttar Pradesh","Wards"
city,nawada,cities/nawada.geojson,SBM/ramSeraph,,"","Nawada","Bihar","Wards"
city,nawagarh,cities/nawagarh.geojson,SBM/ramSeraph,,"","Nawagarh","Chhattisgarh","Wards"
city,nawalgarh,cities/nawalgarh.geojson,SBM/ramSeraph,,"","Nawalgarh","Rajasthan","Wards"
city,nawanshahr,cities/nawanshahr.geojson,SBM/ramSeraph,,"","Nawanshahr","Punjab","Wards"
city,naya_baradwar,cities/naya_baradwar.geojson,SBM/ramSeraph,,"","Naya Baradwar","Chhattisgarh","Wards"
city,naya_raipur,cities/naya_raipur.geojson,LivingAtlas/ramSeraph,,"","Naya Raipur","Chhattisgarh","Wards"
city,nayagaon_mp,cities/nayagaon_mp.geojson,SBM/ramSeraph,,"","Nayagaon","Madhya Pradesh","Wards"
city,nayagaon_pb,cities/nayagaon_pb.geojson,SBM/ramSeraph,,"","Nayagaon","Punjab","Wards"
city,nayagarh,cities/nayagarh.geojson,SBM/ramSeraph,,"","Nayagarh","Odisha","Wards"
city,neem_ka_thana,cities/neem_ka_thana.geojson,SBM/ramSeraph,,"","Neem Ka Thana","Rajasthan","Wards"
city,neemuch,cities/neemuch.geojson,SBM/ramSeraph,,"","Neemuch","Madhya Pradesh","Wards"
city,nehtaur,cities/nehtaur.geojson,SBM/ramSeraph,,"","Nehtaur","Uttar Pradesh","Wards"
city,nellikuppam,cities/nellikuppam.geojson,SBM/ramSeraph,,"","Nellikuppam","Tamil Nadu","Wards"
city,nellimarla,cities/nellimarla.geojson,SBM/ramSeraph,,"","Nellimarla","Andhra Pradesh","Wards"
city,nelliyalam,cities/nelliyalam.geojson,SBM/ramSeraph,,"","Nelliyalam","Tamil Nadu","Wards"
city,nellore,cities/nellore.geojson,SBM/ramSeraph,,"","Nellore","Andhra Pradesh","Wards"
city,nemawar,cities/nemawar.geojson,SBM/ramSeraph,,"","Nemawar","Madhya Pradesh","Wards"
city,nepanagar,cities/nepanagar.geojson,SBM/ramSeraph,,"","Nepanagar","Madhya Pradesh","Wards"
city,neredcherla,cities/neredcherla.geojson,SBM/ramSeraph,,"","Neredcherla","Telangana","Wards"
city,new_delhi,cities/new_delhi.geojson,SBM/ramSeraph,,"","New Delhi","Delhi","Wards"
city,new_ramnagar,cities/new_ramnagar.geojson,SBM/ramSeraph,,"","New Ramnagar","Madhya Pradesh","Wards"
city,newasa,cities/newasa.geojson,SBM/ramSeraph,,"","Newasa","Maharashtra","Wards"
city,newton_chikhali,cities/newton_chikhali.geojson,SBM/ramSeraph,,"","Newton Chikhali","Madhya Pradesh","Wards"
city,neyyattinkara,cities/neyyattinkara.geojson,SBM/ramSeraph,,"","Neyyattinkara","Kerala","Wards"
city,nichlaul,cities/nichlaul.geojson,SBM/ramSeraph,,"","Nichlaul","Uttar Pradesh","Wards"
city,nidadavole,cities/nidadavole.geojson,SBM/ramSeraph,,"","Nidadavole","Andhra Pradesh","Wards"
city,nidagundi,cities/nidagundi.geojson,SBM/ramSeraph,,"","Nidagundi","Karnataka","Wards"
city,nighasan,cities/nighasan.geojson,SBM/ramSeraph,,"","Nighasan","Uttar Pradesh","Wards"
city,nihal_singh_wala,cities/nihal_singh_wala.geojson,SBM/ramSeraph,,"","Nihal Singh Wala","Punjab","Wards"
city,nilagiri,cities/nilagiri.geojson,SBM/ramSeraph,,"","Nilagiri","Odisha","Wards"
city,nilambur,cities/nilambur.geojson,SBM/ramSeraph,,"","Nilambur","Kerala","Wards"
city,nilanga,cities/nilanga.geojson,SBM/ramSeraph,,"","Nilanga","Maharashtra","Wards"
city,nilokheri,cities/nilokheri.geojson,SBM/ramSeraph,,"","Nilokheri","Haryana","Wards"
city,nimapara,cities/nimapara.geojson,SBM/ramSeraph,,"","Nimapara","Odisha","Wards"
city,nimbahera,cities/nimbahera.geojson,SBM/ramSeraph,,"","Nimbahera","Rajasthan","Wards"
city,nipani,cities/nipani.geojson,SBM/ramSeraph,,"","Nipani","Karnataka","Wards"
city,niphad,cities/niphad.geojson,SBM/ramSeraph,,"","Niphad","Maharashtra","Wards"
city,nissing,cities/nissing.geojson,SBM/ramSeraph,,"","Nissing","Haryana","Wards"
city,niwai,cities/niwai.geojson,SBM/ramSeraph,,"","Niwai","Rajasthan","Wards"
city,niwari,cities/niwari.geojson,SBM/ramSeraph,,"","Niwari","Uttar Pradesh","Wards"
city,nizamabad,cities/nizamabad.geojson,SBM/ramSeraph,,"","Nizamabad","Telangana","Wards"
city,nizampet,cities/nizampet.geojson,SBM/ramSeraph,,"","Nizampet","Telangana","Wards"
city,nohar,cities/nohar.geojson,SBM/ramSeraph,,"","Nohar","Rajasthan","Wards"
city,noida,cities/noida.geojson,SBM/ramSeraph,,"","Noida","Uttar Pradesh","Wards"
city,nokha,cities/nokha.geojson,SBM/ramSeraph,,"","Nokha","Rajasthan","Wards"
city,noorpur,cities/noorpur.geojson,SBM/ramSeraph,,"","Noorpur","Uttar Pradesh","Wards"
city,north_dum_dum,cities/north_dum_dum.geojson,WB_AMRUT/ramSeraph,,"","North Dum Dum","West Bengal","Wards"
city,north_lakhimpur,cities/north_lakhimpur.geojson,SBM/ramSeraph,,"","North Lakhimpur","Assam","Wards"
city,nowrozabad,cities/nowrozabad.geojson,SBM/ramSeraph,,"","Nowrozabad","Madhya Pradesh","Wards"
city,nowshehra,cities/nowshehra.geojson,SBM/ramSeraph,,"","Nowshehra","Jammu & Kashmir","Wards"
city,np_amraudha,cities/np_amraudha.geojson,SBM/ramSeraph,,"","Np Amraudha","Uttar Pradesh","Wards"
city,np_anand_nagar,cities/np_anand_nagar.geojson,SBM/ramSeraph,,"","Np Anand Nagar","Uttar Pradesh","Wards"
city,np_baberu,cities/np_baberu.geojson,SBM/ramSeraph,,"","Np Baberu","Uttar Pradesh","Wards"
city,np_bansgaon,cities/np_bansgaon.geojson,SBM/ramSeraph,,"","Np Bansgaon","Uttar Pradesh","Wards"
city,np_barhalganj,cities/np_barhalganj.geojson,SBM/ramSeraph,,"","Np Barhalganj","Uttar Pradesh","Wards"
city,np_bariyarpur,cities/np_bariyarpur.geojson,SBM/ramSeraph,,"","Np Bariyarpur","Uttar Pradesh","Wards"
city,np_barwar,cities/np_barwar.geojson,SBM/ramSeraph,,"","Np Barwar","Uttar Pradesh","Wards"
city,np_bhagwant_nagar,cities/np_bhagwant_nagar.geojson,SBM/ramSeraph,,"","Np Bhagwant Nagar","Uttar Pradesh","Wards"
city,np_bhatpar_rani,cities/np_bhatpar_rani.geojson,SBM/ramSeraph,,"","Np Bhatpar Rani","Uttar Pradesh","Wards"
city,np_bisanda_buzurg,cities/np_bisanda_buzurg.geojson,SBM/ramSeraph,,"","Np Bisanda Buzurg","Uttar Pradesh","Wards"
city,np_chaumukha,cities/np_chaumukha.geojson,SBM/ramSeraph,,"","Np Chaumukha","Uttar Pradesh","Wards"
city,np_chharra_rafatpur,cities/np_chharra_rafatpur.geojson,SBM/ramSeraph,,"","Np Chharra Rafatpur","Uttar Pradesh","Wards"
city,np_chopan,cities/np_chopan.geojson,SBM/ramSeraph,,"","Np Chopan","Uttar Pradesh","Wards"
city,np_derapur,cities/np_derapur.geojson,SBM/ramSeraph,,"","Np Derapur","Uttar Pradesh","Wards"
city,np_dudhi,cities/np_dudhi.geojson,SBM/ramSeraph,,"","Np Dudhi","Uttar Pradesh","Wards"
city,np_erich,cities/np_erich.geojson,SBM/ramSeraph,,"","Np Erich","Uttar Pradesh","Wards"
city,np_fatehpur_chaurasi,cities/np_fatehpur_chaurasi.geojson,SBM/ramSeraph,,"","Np Fatehpur Chaurasi","Uttar Pradesh","Wards"
city,np_ganjmuradabad,cities/np_ganjmuradabad.geojson,SBM/ramSeraph,,"","Np Ganjmuradabad","Uttar Pradesh","Wards"
city,np_garautha,cities/np_garautha.geojson,SBM/ramSeraph,,"","Np Garautha","Uttar Pradesh","Wards"
city,np_gauri_bazar,cities/np_gauri_bazar.geojson,SBM/ramSeraph,,"","Np Gauri Bazar","Uttar Pradesh","Wards"
city,np_gulariya_bhindara,cities/np_gulariya_bhindara.geojson,SBM/ramSeraph,,"","Np Gulariya Bhindara","Uttar Pradesh","Wards"
city,np_haidrabad,cities/np_haidrabad.geojson,SBM/ramSeraph,,"","Np Haidrabad","Uttar Pradesh","Wards"
city,np_harra,cities/np_harra.geojson,SBM/ramSeraph,,"","Np Harra","Uttar Pradesh","Wards"
city,np_itaunja,cities/np_itaunja.geojson,SBM/ramSeraph,,"","Np Itaunja","Uttar Pradesh","Wards"
city,np_kadaura,cities/np_kadaura.geojson,SBM/ramSeraph,,"","Np Kadaura","Uttar Pradesh","Wards"
city,np_karnawal,cities/np_karnawal.geojson,SBM/ramSeraph,,"","Np Karnawal","Uttar Pradesh","Wards"
city,np_katera,cities/np_katera.geojson,SBM/ramSeraph,,"","Np Katera","Uttar Pradesh","Wards"
city,np_khimsepur,cities/np_khimsepur.geojson,SBM/ramSeraph,,"","Np Khimsepur","Uttar Pradesh","Wards"
city,np_khiwai,cities/np_khiwai.geojson,SBM/ramSeraph,,"","Np Khiwai","Uttar Pradesh","Wards"
city,np_kotra,cities/np_kotra.geojson,SBM/ramSeraph,,"","Np Kotra","Uttar Pradesh","Wards"
city,np_kuraoali,cities/np_kuraoali.geojson,SBM/ramSeraph,,"","Np Kuraoali","Uttar Pradesh","Wards"
city,np_kurara,cities/np_kurara.geojson,SBM/ramSeraph,,"","Np Kurara","Uttar Pradesh","Wards"
city,np_kursath,cities/np_kursath.geojson,SBM/ramSeraph,,"","Np Kursath","Uttar Pradesh","Wards"
city,np_lawar,cities/np_lawar.geojson,SBM/ramSeraph,,"","Np Lawar","Uttar Pradesh","Wards"
city,np_madhogarh,cities/np_madhogarh.geojson,SBM/ramSeraph,,"","Np Madhogarh","Uttar Pradesh","Wards"
city,np_maghar,cities/np_maghar.geojson,SBM/ramSeraph,,"","Np Maghar","Uttar Pradesh","Wards"
city,np_manikpur_sarhat,cities/np_manikpur_sarhat.geojson,SBM/ramSeraph,,"","Np Manikpur Sarhat","Uttar Pradesh","Wards"
city,np_mankapur,cities/np_mankapur.geojson,SBM/ramSeraph,,"","Np Mankapur","Uttar Pradesh","Wards"
city,np_mataundh,cities/np_mataundh.geojson,SBM/ramSeraph,,"","Np Mataundh","Uttar Pradesh","Wards"
city,np_maurawan,cities/np_maurawan.geojson,SBM/ramSeraph,,"","Np Maurawan","Uttar Pradesh","Wards"
city,np_moth,cities/np_moth.geojson,SBM/ramSeraph,,"","Np Moth","Uttar Pradesh","Wards"
city,np_mundera_bazar,cities/np_mundera_bazar.geojson,SBM/ramSeraph,,"","Np Mundera Bazar","Uttar Pradesh","Wards"
city,np_nadigaon,cities/np_nadigaon.geojson,SBM/ramSeraph,,"","Np Nadigaon","Uttar Pradesh","Wards"
city,np_naraini,cities/np_naraini.geojson,SBM/ramSeraph,,"","Np Naraini","Uttar Pradesh","Wards"
city,np_nasirabad,cities/np_nasirabad.geojson,SBM/ramSeraph,,"","Np Nasirabad","Uttar Pradesh","Wards"
city,np_naugawan_sadat,cities/np_naugawan_sadat.geojson,SBM/ramSeraph,,"","Np Naugawan Sadat","Uttar Pradesh","Wards"
city,np_oran,cities/np_oran.geojson,SBM/ramSeraph,,"","Np Oran","Uttar Pradesh","Wards"
city,np_patti,cities/np_patti.geojson,SBM/ramSeraph,,"","Np Patti","Uttar Pradesh","Wards"
city,np_pipiganj,cities/np_pipiganj.geojson,SBM/ramSeraph,,"","Np Pipiganj","Uttar Pradesh","Wards"
city,np_pipraich,cities/np_pipraich.geojson,SBM/ramSeraph,,"","Np Pipraich","Uttar Pradesh","Wards"
city,np_purwa,cities/np_purwa.geojson,SBM/ramSeraph,,"","Np Purwa","Uttar Pradesh","Wards"
city,np_rampur_karkhana,cities/np_rampur_karkhana.geojson,SBM/ramSeraph,,"","Np Rampur Karkhana","Uttar Pradesh","Wards"
city,np_rampura,cities/np_rampura.geojson,SBM/ramSeraph,,"","Np Rampura","Uttar Pradesh","Wards"
city,np_ranipur,cities/np_ranipur.geojson,SBM/ramSeraph,,"","Np Ranipur","Uttar Pradesh","Wards"
city,np_rura,cities/np_rura.geojson,SBM/ramSeraph,,"","Np Rura","Uttar Pradesh","Wards"
city,np_sahjanwan,cities/np_sahjanwan.geojson,SBM/ramSeraph,,"","Np Sahjanwan","Uttar Pradesh","Wards"
city,np_salempur,cities/np_salempur.geojson,SBM/ramSeraph,,"","Np Salempur","Uttar Pradesh","Wards"
city,np_sikandra,cities/np_sikandra.geojson,SBM/ramSeraph,,"","Np Sikandra","Uttar Pradesh","Wards"
city,np_sumerpur,cities/np_sumerpur.geojson,SBM/ramSeraph,,"","Np Sumerpur","Uttar Pradesh","Wards"
city,np_talbehat,cities/np_talbehat.geojson,SBM/ramSeraph,,"","Np Talbehat","Uttar Pradesh","Wards"
city,np_tindwari,cities/np_tindwari.geojson,SBM/ramSeraph,,"","Np Tindwari","Uttar Pradesh","Wards"
city,np_tondi_fatehpur,cities/np_tondi_fatehpur.geojson,SBM/ramSeraph,,"","Np Tondi Fatehpur","Uttar Pradesh","Wards"
city,np_ugu,cities/np_ugu.geojson,SBM/ramSeraph,,"","Np Ugu","Uttar Pradesh","Wards"
city,np_unwal,cities/np_unwal.geojson,SBM/ramSeraph,,"","Np Unwal","Uttar Pradesh","Wards"
city,npp_amroha,cities/npp_amroha.geojson,SBM/ramSeraph,,"","Npp Amroha","Uttar Pradesh","Wards"
city,npp_atarra,cities/npp_atarra.geojson,SBM/ramSeraph,,"","Npp Atarra","Uttar Pradesh","Wards"
city,npp_auraiya,cities/npp_auraiya.geojson,SBM/ramSeraph,,"","Npp Auraiya","Uttar Pradesh","Wards"
city,npp_balrampur,cities/npp_balrampur.geojson,SBM/ramSeraph,,"","Npp Balrampur","Uttar Pradesh","Wards"
city,npp_banda,cities/npp_banda.geojson,SBM/ramSeraph,,"","Npp Banda","Uttar Pradesh","Wards"
city,npp_chirgaon,cities/npp_chirgaon.geojson,SBM/ramSeraph,,"","Npp Chirgaon","Uttar Pradesh","Wards"
city,npp_colonelganj,cities/npp_colonelganj.geojson,SBM/ramSeraph,,"","Npp Colonelganj","Uttar Pradesh","Wards"
city,npp_dadri,cities/npp_dadri.geojson,SBM/ramSeraph,,"","Npp Dadri","Uttar Pradesh","Wards"
city,npp_deoria,cities/npp_deoria.geojson,SBM/ramSeraph,,"","Npp Deoria","Uttar Pradesh","Wards"
city,npp_etawah,cities/npp_etawah.geojson,SBM/ramSeraph,,"","Npp Etawah","Uttar Pradesh","Wards"
city,npp_gangaghat,cities/npp_gangaghat.geojson,SBM/ramSeraph,,"","Npp Gangaghat","Uttar Pradesh","Wards"
city,npp_gaura_barhaj,cities/npp_gaura_barhaj.geojson,SBM/ramSeraph,,"","Npp Gaura Barhaj","Uttar Pradesh","Wards"
city,npp_hapur,cities/npp_hapur.geojson,SBM/ramSeraph,,"","Npp Hapur","Uttar Pradesh","Wards"
city,npp_jalaun,cities/npp_jalaun.geojson,SBM/ramSeraph,,"","Npp Jalaun","Uttar Pradesh","Wards"
city,npp_kalpi,cities/npp_kalpi.geojson,SBM/ramSeraph,,"","Npp Kalpi","Uttar Pradesh","Wards"
city,npp_kannauj,cities/npp_kannauj.geojson,SBM/ramSeraph,,"","Npp Kannauj","Uttar Pradesh","Wards"
city,npp_khoda_makanpur,cities/npp_khoda_makanpur.geojson,SBM/ramSeraph,,"","Npp Khoda Makanpur","Uttar Pradesh","Wards"
city,npp_konch,cities/npp_konch.geojson,SBM/ramSeraph,,"","Npp Konch","Uttar Pradesh","Wards"
city,npp_pukhrayan,cities/npp_pukhrayan.geojson,SBM/ramSeraph,,"","Npp Pukhrayan","Uttar Pradesh","Wards"
city,npp_raebareli,cities/npp_raebareli.geojson,SBM/ramSeraph,,"","Npp Raebareli","Uttar Pradesh","Wards"
city,npp_shikarpur,cities/npp_shikarpur.geojson,SBM/ramSeraph,,"","Npp Shikarpur","Uttar Pradesh","Wards"
city,npp_siswa_bazar,cities/npp_siswa_bazar.geojson,SBM/ramSeraph,,"","Npp Siswa Bazar","Uttar Pradesh","Wards"
city,npp_tanda,cities/npp_tanda.geojson,SBM/ramSeraph,,"","Npp Tanda","Uttar Pradesh","Wards"
city,npp_unnao,cities/npp_unnao.geojson,SBM/ramSeraph,,"","Npp Unnao","Uttar Pradesh","Wards"
city,nprudrapur,cities/nprudrapur.geojson,SBM/ramSeraph,,"","Nprudrapur","Uttar Pradesh","Wards"
city,nuapada,cities/nuapada.geojson,SBM/ramSeraph,,"","Nuapada","Odisha","Wards"
city,nuh,cities/nuh.geojson,SBM/ramSeraph,,"","Nuh","Haryana","Wards"
city,nurmahal,cities/nurmahal.geojson,SBM/ramSeraph,,"","Nurmahal","Punjab","Wards"
city,nyoria_husainpur,cities/nyoria_husainpur.geojson,SBM/ramSeraph,,"","Nyoria Husainpur","Uttar Pradesh","Wards"
city,nyotini,cities/nyotini.geojson,SBM/ramSeraph,,"","Nyotini","Uttar Pradesh","Wards"
city,obra,cities/obra.geojson,SBM/ramSeraph,,"","Obra","Uttar Pradesh","Wards"
city,odagaon,cities/odagaon.geojson,SBM/ramSeraph,,"","Odagaon","Odisha","Wards"
city,oel_dhakwa,cities/oel_dhakwa.geojson,SBM/ramSeraph,,"","Oel Dhakwa","Uttar Pradesh","Wards"
city,omalur,cities/omalur.geojson,SBM/ramSeraph,,"","Omalur","Tamil Nadu","Wards"
city,omerga,cities/omerga.geojson,SBM/ramSeraph,,"","Omerga","Maharashtra","Wards"
city,ongole,cities/ongole.geojson,SBM/ramSeraph,,"","Ongole","Andhra Pradesh","Wards"
city,orai,cities/orai.geojson,SBM/ramSeraph,,"","Orai","Uttar Pradesh","Wards"
city,orathanadu,cities/orathanadu.geojson,SBM/ramSeraph,,"","Orathanadu","Tamil Nadu","Wards"
city,osmanabad,cities/osmanabad.geojson,SBM/ramSeraph,,"","Osmanabad","Maharashtra","Wards"
city,ottanchatram,cities/ottanchatram.geojson,SBM/ramSeraph,,"","Ottanchatram","Tamil Nadu","Wards"
city,ottapalam,cities/ottapalam.geojson,SBM/ramSeraph,,"","Ottapalam","Kerala","Wards"
city,oulgaret_ozhukarai,cities/oulgaret_ozhukarai.geojson,SBM/ramSeraph,,"","Oulgaret-Ozhukarai","Puducherry","Wards"
city,pachora,cities/pachora.geojson,SBM/ramSeraph,,"","Pachora","Maharashtra","Wards"
city,pachore,cities/pachore.geojson,SBM/ramSeraph,,"","Pachore","Madhya Pradesh","Wards"
city,pachperwa,cities/pachperwa.geojson,SBM/ramSeraph,,"","Pachperwa","Uttar Pradesh","Wards"
city,padmanabhapuram,cities/padmanabhapuram.geojson,SBM/ramSeraph,,"","Padmanabhapuram","Tamil Nadu","Wards"
city,padmapur,cities/padmapur.geojson,SBM/ramSeraph,,"","Padmapur","Odisha","Wards"
city,padrauna,cities/padrauna.geojson,SBM/ramSeraph,,"","Padrauna","Uttar Pradesh","Wards"
city,pahalgam,cities/pahalgam.geojson,SBM/ramSeraph,,"","Pahalgam","Jammu & Kashmir","Wards"
city,pahasu,cities/pahasu.geojson,SBM/ramSeraph,,"","Pahasu","Uttar Pradesh","Wards"
city,paintepur,cities/paintepur.geojson,SBM/ramSeraph,,"","Paintepur","Uttar Pradesh","Wards"
city,paithan,cities/paithan.geojson,SBM/ramSeraph,,"","Paithan","Maharashtra","Wards"
city,pakadia_naugawa,cities/pakadia_naugawa.geojson,SBM/ramSeraph,,"","Pakadia Naugawa","Uttar Pradesh","Wards"
city,pakaur,cities/pakaur.geojson,SBM/ramSeraph,,"","Pakaur","Jharkhand","Wards"
city,pakhanjur,cities/pakhanjur.geojson,SBM/ramSeraph,,"","Pakhanjur","Chhattisgarh","Wards"
city,palacole,cities/palacole.geojson,SBM/ramSeraph,,"","Palacole","Andhra Pradesh","Wards"
city,palai,cities/palai.geojson,SBM/ramSeraph,,"","Palai","Kerala","Wards"
city,palakkad,cities/palakkad.geojson,SBM/ramSeraph,,"","Palakkad","Kerala","Wards"
city,palakkodu,cities/palakkodu.geojson,SBM/ramSeraph,,"","Palakkodu","Tamil Nadu","Wards"
city,palakonda,cities/palakonda.geojson,SBM/ramSeraph,,"","Palakonda","Andhra Pradesh","Wards"
city,palam,cities/palam.geojson,SBM/ramSeraph,,"","Palam","Maharashtra","Wards"
city,palamaneru,cities/palamaneru.geojson,SBM/ramSeraph,,"","Palamaneru","Andhra Pradesh","Wards"
city,palampur,cities/palampur.geojson,SBM/ramSeraph,,"","Palampur","Himachal Pradesh","Wards"
city,palani,cities/palani.geojson,SBM/ramSeraph,,"","Palani","Tamil Nadu","Wards"
city,palanichettipatti,cities/palanichettipatti.geojson,SBM/ramSeraph,,"","Palanichettipatti","Tamil Nadu","Wards"
city,palanpur,cities/palanpur.geojson,SBM/ramSeraph,,"","Palanpur","Gujarat","Wards"
city,palari,cities/palari.geojson,SBM/ramSeraph,,"","Palari","Chhattisgarh","Wards"
city,palasa_kasibugga,cities/palasa_kasibugga.geojson,SBM/ramSeraph,,"","Palasa Kasibugga","Andhra Pradesh","Wards"
city,palashbari_mb,cities/palashbari_mb.geojson,SBM/ramSeraph,,"","Palashbari Mb","Assam","Wards"
city,palghar,cities/palghar.geojson,SBM/ramSeraph,,"","Palghar","Maharashtra","Wards"
city,pali_cg,cities/pali_cg.geojson,SBM/ramSeraph,,"","Pali","Chhattisgarh","Wards"
city,pali_mh,cities/pali_mh.geojson,SBM/ramSeraph,,"","Pali","Maharashtra","Wards"
city,pali_mp,cities/pali_mp.geojson,SBM/ramSeraph,,"","Pali","Madhya Pradesh","Wards"
city,pali_rj,cities/pali_rj.geojson,SBM/ramSeraph,,"","Pali","Rajasthan","Wards"
city,pali_up,cities/pali_up.geojson,SBM/ramSeraph,,"","Pali","Uttar Pradesh","Wards"
city,palia_kalan,cities/palia_kalan.geojson,SBM/ramSeraph,,"","Palia Kalan","Uttar Pradesh","Wards"
city,palladam,cities/palladam.geojson,SBM/ramSeraph,,"","Palladam","Tamil Nadu","Wards"
city,pallapatti,cities/pallapatti.geojson,SBM/ramSeraph,,"","Pallapatti","Tamil Nadu","Wards"
city,pallipalayam,cities/pallipalayam.geojson,SBM/ramSeraph,,"","Pallipalayam","Tamil Nadu","Wards"
city,palsud,cities/palsud.geojson,SBM/ramSeraph,,"","Palsud","Madhya Pradesh","Wards"
city,palwal,cities/palwal.geojson,SBM/ramSeraph,,"","Palwal","Haryana","Wards"
city,palwancha,cities/palwancha.geojson,SBM/ramSeraph,,"","Palwancha","Telangana","Wards"
city,pampore,cities/pampore.geojson,SBM/ramSeraph,,"","Pampore","Jammu & Kashmir","Wards"
city,panaji,cities/panaji.geojson,SBM/ramSeraph,,"","Panaji","Goa","Wards"
city,panchgani,cities/panchgani.geojson,SBM/ramSeraph,,"","Panchgani","Maharashtra","Wards"
city,panchkula,cities/panchkula.geojson,SBM/ramSeraph,,"","Panchkula","Haryana","Wards"
city,pandariya,cities/pandariya.geojson,SBM/ramSeraph,,"","Pandariya","Chhattisgarh","Wards"
city,pandatarai,cities/pandatarai.geojson,SBM/ramSeraph,,"","Pandatarai","Chhattisgarh","Wards"
city,pandavapura,cities/pandavapura.geojson,SBM/ramSeraph,,"","Pandavapura","Karnataka","Wards"
city,pandhana,cities/pandhana.geojson,SBM/ramSeraph,,"","Pandhana","Madhya Pradesh","Wards"
city,pandharpur,cities/pandharpur.geojson,SBM/ramSeraph,,"","Pandharpur","Maharashtra","Wards"
city,pandhurna,cities/pandhurna.geojson,SBM/ramSeraph,,"","Pandhurna","Madhya Pradesh","Wards"
city,panihati,cities/panihati.geojson,WB_AMRUT/ramSeraph,,"","Panihati","West Bengal","Wards"
city,panipat,cities/panipat.geojson,SBM/ramSeraph,,"","Panipat","Haryana","Wards"
city,paniyara,cities/paniyara.geojson,SBM/ramSeraph,,"","Paniyara","Uttar Pradesh","Wards"
city,pankhedi_kalapipal,cities/pankhedi_kalapipal.geojson,SBM/ramSeraph,,"","Pankhedi Kalapipal","Madhya Pradesh","Wards"
city,panna,cities/panna.geojson,SBM/ramSeraph,,"","Panna","Madhya Pradesh","Wards"
city,panruti,cities/panruti.geojson,SBM/ramSeraph,,"","Panruti","Tamil Nadu","Wards"
city,pansemal,cities/pansemal.geojson,SBM/ramSeraph,,"","Pansemal","Madhya Pradesh","Wards"
city,panvel,cities/panvel.geojson,SBM/ramSeraph,,"","Panvel","Maharashtra","Wards"
city,paradeep,cities/paradeep.geojson,SBM/ramSeraph,,"","Paradeep","Odisha","Wards"
city,paralakhemundi,cities/paralakhemundi.geojson,SBM/ramSeraph,,"","Paralakhemundi","Odisha","Wards"
city,paramakudi,cities/paramakudi.geojson,SBM/ramSeraph,,"","Paramakudi","Tamil Nadu","Wards"
city,paranda,cities/paranda.geojson,SBM/ramSeraph,,"","Paranda","Maharashtra","Wards"
city,parappanangadi,cities/parappanangadi.geojson,SBM/ramSeraph,,"","Parappanangadi","Kerala","Wards"
city,paraspur,cities/paraspur.geojson,SBM/ramSeraph,,"","Paraspur","Uttar Pradesh","Wards"
city,paravur,cities/paravur.geojson,SBM/ramSeraph,,"","Paravur","Kerala","Wards"
city,parbhani,cities/parbhani.geojson,SBM/ramSeraph,,"","Parbhani","Maharashtra","Wards"
city,parigi,cities/parigi.geojson,SBM/ramSeraph,,"","Parigi","Telangana","Wards"
city,parikshitgarh,cities/parikshitgarh.geojson,SBM/ramSeraph,,"","Parikshitgarh","Uttar Pradesh","Wards"
city,parli_vaijnath,cities/parli_vaijnath.geojson,SBM/ramSeraph,,"","Parli Vaijnath","Maharashtra","Wards"
city,parner,cities/parner.geojson,SBM/ramSeraph,,"","Parner","Maharashtra","Wards"
city,parola,cities/parola.geojson,SBM/ramSeraph,,"","Parola","Maharashtra","Wards"
city,parole,cities/parole.geojson,SBM/ramSeraph,,"","Parole","Jammu & Kashmir","Wards"
city,parpodi,cities/parpodi.geojson,SBM/ramSeraph,,"","Parpodi","Chhattisgarh","Wards"
city,parshadepur,cities/parshadepur.geojson,SBM/ramSeraph,,"","Parshadepur","Uttar Pradesh","Wards"
city,partapur_garhi,cities/partapur_garhi.geojson,SBM/ramSeraph,,"","Partapur Garhi","Rajasthan","Wards"
city,partawal,cities/partawal.geojson,SBM/ramSeraph,,"","Partawal","Uttar Pradesh","Wards"
city,partur,cities/partur.geojson,SBM/ramSeraph,,"","Partur","Maharashtra","Wards"
city,parvathipuram,cities/parvathipuram.geojson,SBM/ramSeraph,,"","Parvathipuram","Andhra Pradesh","Wards"
city,pasan,cities/pasan.geojson,SBM/ramSeraph,,"","Pasan","Madhya Pradesh","Wards"
city,patan_cg,cities/patan_cg.geojson,SBM/ramSeraph,,"","Patan","Chhattisgarh","Wards"
city,patan_gu,cities/patan_gu.geojson,SBM/ramSeraph,,"","Patan_Gu","Gujarat","Wards"
city,patan_mh,cities/patan_mh.geojson,SBM/ramSeraph,,"","Patan","Maharashtra","Wards"
city,patan_mp,cities/patan_mp.geojson,SBM/ramSeraph,,"","Patan_Mp","Madhya Pradesh","Wards"
city,pataudi,cities/pataudi.geojson,SBM/ramSeraph,,"","Pataudi","Haryana","Wards"
city,patera,cities/patera.geojson,SBM/ramSeraph,,"","Patera","Madhya Pradesh","Wards"
city,pathalgaon,cities/pathalgaon.geojson,SBM/ramSeraph,,"","Pathalgaon","Chhattisgarh","Wards"
city,pathanamthitta,cities/pathanamthitta.geojson,SBM/ramSeraph,,"","Pathanamthitta","Kerala","Wards"
city,pathankot,cities/pathankot.geojson,SBM/ramSeraph,,"","Pathankot","Punjab","Wards"
city,pathardewa,cities/pathardewa.geojson,SBM/ramSeraph,,"","Pathardewa","Uttar Pradesh","Wards"
city,patharia,cities/patharia.geojson,SBM/ramSeraph,,"","Patharia","Madhya Pradesh","Wards"
city,pathariya,cities/pathariya.geojson,SBM/ramSeraph,,"","Pathariya","Chhattisgarh","Wards"
city,pathri,cities/pathri.geojson,SBM/ramSeraph,,"","Pathri","Maharashtra","Wards"
city,pathsala_mb,cities/pathsala_mb.geojson,SBM/ramSeraph,,"","Pathsala Mb","Assam","Wards"
city,patiala,cities/patiala.geojson,SBM/ramSeraph,,"","Patiala","Punjab","Wards"
city,patiyali,cities/patiyali.geojson,SBM/ramSeraph,,"","Patiyali","Uttar Pradesh","Wards"
city,patnagarh,cities/patnagarh.geojson,SBM/ramSeraph,,"","Patnagarh","Odisha","Wards"
city,patoda,cities/patoda.geojson,SBM/ramSeraph,,"","Patoda","Maharashtra","Wards"
city,patran,cities/patran.geojson,SBM/ramSeraph,,"","Patran","Punjab","Wards"
city,pattambi,cities/pattambi.geojson,SBM/ramSeraph,,"","Pattambi","Kerala","Wards"
city,pattamundai,cities/pattamundai.geojson,SBM/ramSeraph,,"","Pattamundai","Odisha","Wards"
city,pattan,cities/pattan.geojson,SBM/ramSeraph,,"","Pattan","Jammu & Kashmir","Wards"
city,patti,cities/patti.geojson,SBM/ramSeraph,,"","Patti","Punjab","Wards"
city,pattukkottai_l,cities/pattukkottai_l.geojson,SBM/ramSeraph,,"","Pattukkottai L","Tamil Nadu","Wards"
city,pauni,cities/pauni.geojson,SBM/ramSeraph,,"","Pauni","Maharashtra","Wards"
city,pavagada,cities/pavagada.geojson,SBM/ramSeraph,,"","Pavagada","Karnataka","Wards"
city,pavata_pragpura,cities/pavata_pragpura.geojson,SBM/ramSeraph,,"","Pavata Pragpura","Rajasthan","Wards"
city,pawai,cities/pawai.geojson,SBM/ramSeraph,,"","Pawai","Madhya Pradesh","Wards"
city,payal,cities/payal.geojson,SBM/ramSeraph,,"","Payal","Punjab","Wards"
city,payyannur,cities/payyannur.geojson,SBM/ramSeraph,,"","Payyannur","Kerala","Wards"
city,payyoli,cities/payyoli.geojson,SBM/ramSeraph,,"","Payyoli","Kerala","Wards"
city,pebbair,cities/pebbair.geojson,SBM/ramSeraph,,"","Pebbair","Telangana","Wards"
city,pedana,cities/pedana.geojson,SBM/ramSeraph,,"","Pedana","Andhra Pradesh","Wards"
city,peddaamberpet,cities/peddaamberpet.geojson,SBM/ramSeraph,,"","Peddaamberpet","Telangana","Wards"
city,peddapalli,cities/peddapalli.geojson,SBM/ramSeraph,,"","Peddapalli","Telangana","Wards"
city,peddapuram,cities/peddapuram.geojson,SBM/ramSeraph,,"","Peddapuram","Andhra Pradesh","Wards"
city,peerzadiguda,cities/peerzadiguda.geojson,SBM/ramSeraph,,"","Peerzadiguda","Telangana","Wards"
city,pehowa,cities/pehowa.geojson,SBM/ramSeraph,,"","Pehowa","Haryana","Wards"
city,pen,cities/pen.geojson,SBM/ramSeraph,,"","Pen","Maharashtra","Wards"
city,pendra,cities/pendra.geojson,SBM/ramSeraph,,"","Pendra","Chhattisgarh","Wards"
city,perambalur,cities/perambalur.geojson,SBM/ramSeraph,,"","Perambalur","Tamil Nadu","Wards"
city,peranamallur,cities/peranamallur.geojson,SBM/ramSeraph,,"","Peranamallur","Tamil Nadu","Wards"
city,perinthalmanna,cities/perinthalmanna.geojson,SBM/ramSeraph,,"","Perinthalmanna","Kerala","Wards"
city,periyakulam,cities/periyakulam.geojson,SBM/ramSeraph,,"","Periyakulam","Tamil Nadu","Wards"
city,periyanaikenpalayam,cities/periyanaikenpalayam.geojson,SBM/ramSeraph,,"","Periyanaikenpalayam","Tamil Nadu","Wards"
city,periyapatna,cities/periyapatna.geojson,SBM/ramSeraph,,"","Periyapatna","Karnataka","Wards"
city,pernambut,cities/pernambut.geojson,SBM/ramSeraph,,"","Pernambut","Tamil Nadu","Wards"
city,perumbavoor,cities/perumbavoor.geojson,SBM/ramSeraph,,"","Perumbavoor","Kerala","Wards"
city,peth,cities/peth.geojson,SBM/ramSeraph,,"","Peth","Maharashtra","Wards"
city,peth_umri,cities/peth_umri.geojson,SBM/ramSeraph,,"","Peth Umri","Maharashtra","Wards"
city,petlawad,cities/petlawad.geojson,SBM/ramSeraph,,"","Petlawad","Madhya Pradesh","Wards"
city,phagwara,cities/phagwara.geojson,SBM/ramSeraph,,"","Phagwara","Punjab","Wards"
city,phalawda,cities/phalawda.geojson,SBM/ramSeraph,,"","Phalawda","Uttar Pradesh","Wards"
city,phalodi,cities/phalodi.geojson,SBM/ramSeraph,,"","Phalodi","Rajasthan","Wards"
city,phaltan,cities/phaltan.geojson,SBM/ramSeraph,,"","Phaltan","Maharashtra","Wards"
city,phillaur,cities/phillaur.geojson,SBM/ramSeraph,,"","Phillaur","Punjab","Wards"
city,phulabani,cities/phulabani.geojson,SBM/ramSeraph,,"","Phulabani","Odisha","Wards"
city,phulambri,cities/phulambri.geojson,SBM/ramSeraph,,"","Phulambri","Maharashtra","Wards"
city,phulera,cities/phulera.geojson,SBM/ramSeraph,,"","Phulera","Rajasthan","Wards"
city,phulpur_al,cities/phulpur_al.geojson,SBM/ramSeraph,,"","Phulpur_Al","Uttar Pradesh","Wards"
city,phulwari_sharif,cities/phulwari_sharif.geojson,SBM/ramSeraph,,"","Phulwari Sharif","Bihar","Wards"
city,phuphkalan,cities/phuphkalan.geojson,SBM/ramSeraph,,"","Phuphkalan","Madhya Pradesh","Wards"
city,phusro,cities/phusro.geojson,SBM/ramSeraph,,"","Phusro","Jharkhand","Wards"
city,pichhor,cities/pichhor.geojson,SBM/ramSeraph,,"","Pichhor","Madhya Pradesh","Wards"
city,pichhore,cities/pichhore.geojson,SBM/ramSeraph,,"","Pichhore","Madhya Pradesh","Wards"
city,piduguralla,cities/piduguralla.geojson,SBM/ramSeraph,,"","Piduguralla","Andhra Pradesh","Wards"
city,pihani,cities/pihani.geojson,SBM/ramSeraph,,"","Pihani","Uttar Pradesh","Wards"
city,pilakhuwa,cities/pilakhuwa.geojson,SBM/ramSeraph,,"","Pilakhuwa","Uttar Pradesh","Wards"
city,pilani,cities/pilani.geojson,SBM/ramSeraph,,"","Pilani","Rajasthan","Wards"
city,pilibanga,cities/pilibanga.geojson,SBM/ramSeraph,,"","Pilibanga","Rajasthan","Wards"
city,pilibhit,cities/pilibhit.geojson,SBM/ramSeraph,,"","Pilibhit","Uttar Pradesh","Wards"
city,pilkhana,cities/pilkhana.geojson,SBM/ramSeraph,,"","Pilkhana","Uttar Pradesh","Wards"
city,pimpri_chinchwad,cities/pimpri_chinchwad.geojson,SBM/ramSeraph,,"","Pimpri Chinchwad","Maharashtra","Wards"
city,pinahat,cities/pinahat.geojson,SBM/ramSeraph,,"","Pinahat","Uttar Pradesh","Wards"
city,pindwara,cities/pindwara.geojson,SBM/ramSeraph,,"","Pindwara","Rajasthan","Wards"
city,pipalrawan,cities/pipalrawan.geojson,SBM/ramSeraph,,"","Pipalrawan","Madhya Pradesh","Wards"
city,pipar_city,cities/pipar_city.geojson,SBM/ramSeraph,,"","Pipar City","Rajasthan","Wards"
city,piparai,cities/piparai.geojson,SBM/ramSeraph,,"","Piparai","Madhya Pradesh","Wards"
city,pipariya_cg,cities/pipariya_cg.geojson,SBM/ramSeraph,,"","Pipariya","Chhattisgarh","Wards"
city,pipariya_mp,cities/pipariya_mp.geojson,SBM/ramSeraph,,"","Pipariya","Madhya Pradesh","Wards"
city,pipili,cities/pipili.geojson,SBM/ramSeraph,,"","Pipili","Odisha","Wards"
city,piplanarayanwar,cities/piplanarayanwar.geojson,SBM/ramSeraph,,"","Piplanarayanwar","Madhya Pradesh","Wards"
city,piplodha,cities/piplodha.geojson,SBM/ramSeraph,,"","Piplodha","Madhya Pradesh","Wards"
city,piplyamandi,cities/piplyamandi.geojson,SBM/ramSeraph,,"","Piplyamandi","Madhya Pradesh","Wards"
city,pipri,cities/pipri.geojson,SBM/ramSeraph,,"","Pipri","Uttar Pradesh","Wards"
city,pirawa,cities/pirawa.geojson,SBM/ramSeraph,,"","Pirawa","Rajasthan","Wards"
city,pithampur,cities/pithampur.geojson,SBM/ramSeraph,,"","Pithampur","Madhya Pradesh","Wards"
city,pithapuram,cities/pithapuram.geojson,SBM/ramSeraph,,"","Pithapuram","Andhra Pradesh","Wards"
city,pithora,cities/pithora.geojson,SBM/ramSeraph,,"","Pithora","Chhattisgarh","Wards"
city,poanta_sahib,cities/poanta_sahib.geojson,SBM/ramSeraph,,"","Poanta Sahib","Himachal Pradesh","Wards"
city,pohari,cities/pohari.geojson,SBM/ramSeraph,,"","Pohari","Madhya Pradesh","Wards"
city,pokaran,cities/pokaran.geojson,SBM/ramSeraph,,"","Pokaran","Rajasthan","Wards"
city,poladpur,cities/poladpur.geojson,SBM/ramSeraph,,"","Poladpur","Maharashtra","Wards"
city,polasara,cities/polasara.geojson,SBM/ramSeraph,,"","Polasara","Odisha","Wards"
city,polaykalan,cities/polaykalan.geojson,SBM/ramSeraph,,"","Polaykalan","Madhya Pradesh","Wards"
city,pollachi,cities/pollachi.geojson,SBM/ramSeraph,,"","Pollachi","Tamil Nadu","Wards"
city,pombhurna,cities/pombhurna.geojson,SBM/ramSeraph,,"","Pombhurna","Maharashtra","Wards"
city,ponda,cities/ponda.geojson,SBM/ramSeraph,,"","Ponda","Goa","Wards"
city,ponnani,cities/ponnani.geojson,SBM/ramSeraph,,"","Ponnani","Kerala","Wards"
city,ponnur,cities/ponnur.geojson,SBM/ramSeraph,,"","Ponnur","Andhra Pradesh","Wards"
city,porbandar_chhaya_nagarpalika,cities/porbandar_chhaya_nagarpalika.geojson,SBM/ramSeraph,,"","Porbandar Chhaya Nagarpalika","Gujarat","Wards"
city,porsa,cities/porsa.geojson,SBM/ramSeraph,,"","Porsa","Madhya Pradesh","Wards"
city,port_blair,cities/port_blair.geojson,LivingAtlas/ramSeraph,,"","Port Blair","Andaman & Nicobar","Wards"
city,pratapgarh,cities/pratapgarh.geojson,SBM/ramSeraph,,"","Pratapgarh","Rajasthan","Wards"
city,pratappur,cities/pratappur.geojson,SBM/ramSeraph,,"","Pratappur","Chhattisgarh","Wards"
city,prayagraj,cities/prayagraj.geojson,SBM/ramSeraph,,"","Prayagraj","Uttar Pradesh","Wards"
city,premnagar,cities/premnagar.geojson,SBM/ramSeraph,,"","Premnagar","Chhattisgarh","Wards"
city,prithviganj,cities/prithviganj.geojson,SBM/ramSeraph,,"","Prithviganj","Uttar Pradesh","Wards"
city,proddatur,cities/proddatur.geojson,SBM/ramSeraph,,"","Proddatur","Andhra Pradesh","Wards"
city,pt_deen_dayal_upadhyay_nagar,cities/pt_deen_dayal_upadhyay_nagar.geojson,SBM/ramSeraph,,"","Pt. Deen Dayal Upadhyay Nagar","Uttar Pradesh","Wards"
city,puducherry,cities/puducherry.geojson,SBM/ramSeraph,,"","Puducherry;","Puducherry","Wards"
city,pudukkottai,cities/pudukkottai.geojson,SBM/ramSeraph,,"","Pudukkottai","Tamil Nadu","Wards"
city,pulgaon,cities/pulgaon.geojson,SBM/ramSeraph,,"","Pulgaon","Maharashtra","Wards"
city,puliampatti,cities/puliampatti.geojson,SBM/ramSeraph,,"","Puliampatti","Tamil Nadu","Wards"
city,pulivendula,cities/pulivendula.geojson,SBM/ramSeraph,,"","Pulivendula","Andhra Pradesh","Wards"
city,puliyangudi,cities/puliyangudi.geojson,SBM/ramSeraph,,"","Puliyangudi","Tamil Nadu","Wards"
city,punahana,cities/punahana.geojson,SBM/ramSeraph,,"","Punahana","Haryana","Wards"
city,punalur,cities/punalur.geojson,SBM/ramSeraph,,"","Punalur","Kerala","Wards"
city,punch,cities/punch.geojson,SBM/ramSeraph,,"","Punch","Jammu & Kashmir","Wards"
city,pundri,cities/pundri.geojson,SBM/ramSeraph,,"","Pundri","Haryana","Wards"
city,punganur,cities/punganur.geojson,SBM/ramSeraph,,"","Punganur","Andhra Pradesh","Wards"
city,punjaipugalur,cities/punjaipugalur.geojson,SBM/ramSeraph,,"","Punjaipugalur","Tamil Nadu","Wards"
city,puranpur,cities/puranpur.geojson,SBM/ramSeraph,,"","Puranpur","Uttar Pradesh","Wards"
city,purdil_nagar,cities/purdil_nagar.geojson,SBM/ramSeraph,,"","Purdil Nagar","Uttar Pradesh","Wards"
city,puri,cities/puri.geojson,SBM/ramSeraph,,"","Puri","Odisha","Wards"
city,purna,cities/purna.geojson,SBM/ramSeraph,,"","Purna","Maharashtra","Wards"
city,purquazi,cities/purquazi.geojson,SBM/ramSeraph,,"","Purquazi","Uttar Pradesh","Wards"
city,purulia,cities/purulia.geojson,WB_AMRUT/ramSeraph,,"","Purulia","West Bengal","Wards"
city,purusottampur,cities/purusottampur.geojson,SBM/ramSeraph,,"","Purusottampur","Odisha","Wards"
city,pusad,cities/pusad.geojson,SBM/ramSeraph,,"","Pusad","Maharashtra","Wards"
city,pusaur,cities/pusaur.geojson,SBM/ramSeraph,,"","Pusaur","Chhattisgarh","Wards"
city,pushkar,cities/pushkar.geojson,SBM/ramSeraph,,"","Pushkar","Rajasthan","Wards"
city,puttaparthi,cities/puttaparthi.geojson,SBM/ramSeraph,,"","Puttaparthi","Andhra Pradesh","Wards"
city,puttur_ap,cities/puttur_ap.geojson,SBM/ramSeraph,,"","Puttur","Andhra Pradesh","Wards"
city,puttur_ka,cities/puttur_ka.geojson,SBM/ramSeraph,,"","Puttur","Karnataka","Wards"
city,qadian,cities/qadian.geojson,SBM/ramSeraph,,"","Qadian","Punjab","Wards"
city,rabkavi_banhatti,cities/rabkavi_banhatti.geojson,SBM/ramSeraph,,"","Rabkavi Banhatti","Karnataka","Wards"
city,rabupura,cities/rabupura.geojson,SBM/ramSeraph,,"","Rabupura","Uttar Pradesh","Wards"
city,radaur,cities/radaur.geojson,SBM/ramSeraph,,"","Radaur","Haryana","Wards"
city,radhakund,cities/radhakund.geojson,SBM/ramSeraph,,"","Radhakund","Uttar Pradesh","Wards"
city,radhogarh,cities/radhogarh.geojson,SBM/ramSeraph,,"","Radhogarh","Madhya Pradesh","Wards"
city,rahatgarh,cities/rahatgarh.geojson,SBM/ramSeraph,,"","Rahatgarh","Madhya Pradesh","Wards"
city,rahaud,cities/rahaud.geojson,SBM/ramSeraph,,"","Rahaud","Chhattisgarh","Wards"
city,rahon,cities/rahon.geojson,SBM/ramSeraph,,"","Rahon","Punjab","Wards"
city,raibag,cities/raibag.geojson,SBM/ramSeraph,,"","Raibag","Karnataka","Wards"
city,raichur,cities/raichur.geojson,SBM/ramSeraph,,"","Raichur","Karnataka","Wards"
city,raiganj,cities/raiganj.geojson,WB_AMRUT/ramSeraph,,"","Raiganj","West Bengal","Wards"
city,raigarh,cities/raigarh.geojson,SBM/ramSeraph,,"","Raigarh","Chhattisgarh","Wards"
city,raikal,cities/raikal.geojson,SBM/ramSeraph,,"","Raikal","Telangana","Wards"
city,raikot,cities/raikot.geojson,SBM/ramSeraph,,"","Raikot","Punjab","Wards"
city,raipur,cities/raipur.geojson,SBM/ramSeraph,,"","Raipur","Chhattisgarh","Wards"
city,raisen,cities/raisen.geojson,SBM/ramSeraph,,"","Raisen","Madhya Pradesh","Wards"
city,raisinghnagar,cities/raisinghnagar.geojson,SBM/ramSeraph,,"","Raisinghnagar","Rajasthan","Wards"
city,raja_ka_rampur,cities/raja_ka_rampur.geojson,SBM/ramSeraph,,"","Raja Ka Rampur","Uttar Pradesh","Wards"
city,raja_sansi,cities/raja_sansi.geojson,SBM/ramSeraph,,"","Raja Sansi","Punjab","Wards"
city,rajahmundry,cities/rajahmundry.geojson,SBM/ramSeraph,,"","Rajahmundry","Andhra Pradesh","Wards"
city,rajakhera,cities/rajakhera.geojson,SBM/ramSeraph,,"","Rajakhera","Rajasthan","Wards"
city,rajaldesar,cities/rajaldesar.geojson,SBM/ramSeraph,,"","Rajaldesar","Rajasthan","Wards"
city,rajam,cities/rajam.geojson,SBM/ramSeraph,,"","Rajam","Andhra Pradesh","Wards"
city,rajampeta,cities/rajampeta.geojson,SBM/ramSeraph,,"","Rajampeta","Andhra Pradesh","Wards"
city,rajauri,cities/rajauri.geojson,SBM/ramSeraph,,"","Rajauri","Jammu & Kashmir","Wards"
city,rajgangpur,cities/rajgangpur.geojson,SBM/ramSeraph,,"","Rajgangpur","Odisha","Wards"
city,rajgarh_mp,cities/rajgarh_mp.geojson,SBM/ramSeraph,,"","Rajgarh","Madhya Pradesh","Wards"
city,rajgarh_rj,cities/rajgarh_rj.geojson,SBM/ramSeraph,,"","Rajgarh","Rajasthan","Wards"
city,rajgir,cities/rajgir.geojson,SBM/ramSeraph,,"","Rajgir","Bihar","Wards"
city,rajgurunagar,cities/rajgurunagar.geojson,SBM/ramSeraph,,"","Rajgurunagar","Maharashtra","Wards"
city,rajim,cities/rajim.geojson,SBM/ramSeraph,,"","Rajim","Chhattisgarh","Wards"
city,rajkot,cities/rajkot.geojson,SBM/ramSeraph,,"","Rajkot","Gujarat","Wards"
city,rajmahal,cities/rajmahal.geojson,SBM/ramSeraph,,"","Rajmahal","Jharkhand","Wards"
city,rajnandgaon,cities/rajnandgaon.geojson,SBM/ramSeraph,,"","Rajnandgaon","Chhattisgarh","Wards"
city,rajound,cities/rajound.geojson,SBM/ramSeraph,,"","Rajound","Haryana","Wards"
city,rajpur_cg,cities/rajpur_cg.geojson,SBM/ramSeraph,,"","Rajpur","Chhattisgarh","Wards"
city,rajpur_mp,cities/rajpur_mp.geojson,SBM/ramSeraph,,"","Rajpur","Madhya Pradesh","Wards"
city,rajpura,cities/rajpura.geojson,SBM/ramSeraph,,"","Rajpura","Punjab","Wards"
city,rajsamand,cities/rajsamand.geojson,SBM/ramSeraph,,"","Rajsamand","Rajasthan","Wards"
city,rajura,cities/rajura.geojson,SBM/ramSeraph,,"","Rajura","Maharashtra","Wards"
city,ralegaon,cities/ralegaon.geojson,SBM/ramSeraph,,"","Ralegaon","Maharashtra","Wards"
city,ramachandrapuram,cities/ramachandrapuram.geojson,SBM/ramSeraph,,"","Ramachandrapuram","Andhra Pradesh","Wards"
city,ramagundem,cities/ramagundem.geojson,SBM/ramSeraph,,"","Ramagundem","Telangana","Wards"
city,raman,cities/raman.geojson,SBM/ramSeraph,,"","Raman","Punjab","Wards"
city,ramanagara,cities/ramanagara.geojson,SBM/ramSeraph,,"","Ramanagara","Karnataka","Wards"
city,ramanathapuram,cities/ramanathapuram.geojson,SBM/ramSeraph,,"","Ramanathapuram","Tamil Nadu","Wards"
city,ramanattukara,cities/ramanattukara.geojson,SBM/ramSeraph,,"","Ramanattukara","Kerala","Wards"
city,ramanujganj,cities/ramanujganj.geojson,SBM/ramSeraph,,"","Ramanujganj","Chhattisgarh","Wards"
city,rambha,cities/rambha.geojson,SBM/ramSeraph,,"","Rambha","Odisha","Wards"
city,ramdas,cities/ramdas.geojson,SBM/ramSeraph,,"","Ramdas","Punjab","Wards"
city,ramdurga,cities/ramdurga.geojson,SBM/ramSeraph,,"","Ramdurga","Karnataka","Wards"
city,rameshwaram,cities/rameshwaram.geojson,SBM/ramSeraph,,"","Rameshwaram","Tamil Nadu","Wards"
city,ramganj,cities/ramganj.geojson,SBM/ramSeraph,,"","Ramganj","Uttar Pradesh","Wards"
city,ramganj_mandi,cities/ramganj_mandi.geojson,SBM/ramSeraph,,"","Ramganj Mandi","Rajasthan","Wards"
city,ramgarh_jh,cities/ramgarh_jh.geojson,SBM/ramSeraph,,"","Ramgarh","Jharkhand","Wards"
city,ramgarh_jk,cities/ramgarh_jk.geojson,SBM/ramSeraph,,"","Ramgarh","Jammu & Kashmir","Wards"
city,ramgarh_rj,cities/ramgarh_rj.geojson,SBM/ramSeraph,,"","Ramgarh","Rajasthan","Wards"
city,ramkola,cities/ramkola.geojson,SBM/ramSeraph,,"","Ramkola","Uttar Pradesh","Wards"
city,ramnagar,cities/ramnagar.geojson,SBM/ramSeraph,,"","Ramnagar","Uttarakhand","Wards"
city,rampur,cities/rampur.geojson,SBM/ramSeraph,,"","Rampur","Uttar Pradesh","Wards"
city,rampur_baghelan,cities/rampur_baghelan.geojson,SBM/ramSeraph,,"","Rampur Baghelan","Madhya Pradesh","Wards"
city,rampur_maniharan,cities/rampur_maniharan.geojson,SBM/ramSeraph,,"","Rampur Maniharan","Uttar Pradesh","Wards"
city,rampur_naikin,cities/rampur_naikin.geojson,SBM/ramSeraph,,"","Rampur Naikin","Madhya Pradesh","Wards"
city,rampura,cities/rampura.geojson,SBM/ramSeraph,,"","Rampura","Madhya Pradesh","Wards"
city,rampura_phul,cities/rampura_phul.geojson,SBM/ramSeraph,,"","Rampura Phul","Punjab","Wards"
city,ramtek,cities/ramtek.geojson,SBM/ramSeraph,,"","Ramtek","Maharashtra","Wards"
city,ranapur,cities/ranapur.geojson,SBM/ramSeraph,,"","Ranapur","Madhya Pradesh","Wards"
city,ranchi,cities/ranchi.geojson,SBM/ramSeraph,,"","Ranchi","Jharkhand","Wards"
city,rangia,cities/rangia.geojson,SBM/ramSeraph,,"","Rangia","Assam","Wards"
city,rani,cities/rani.geojson,SBM/ramSeraph,,"","Rani","Rajasthan","Wards"
city,rania,cities/rania.geojson,SBM/ramSeraph,,"","Rania","Haryana","Wards"
city,ranibennur,cities/ranibennur.geojson,SBM/ramSeraph,,"","Ranibennur","Karnataka","Wards"
city,raniganj,cities/raniganj.geojson,SBM/ramSeraph,,"","Raniganj","Uttar Pradesh","Wards"
city,ranipet,cities/ranipet.geojson,SBM/ramSeraph,,"","Ranipet","Tamil Nadu","Wards"
city,rannod,cities/rannod.geojson,SBM/ramSeraph,,"","Rannod","Madhya Pradesh","Wards"
city,ranpur,cities/ranpur.geojson,SBM/ramSeraph,,"","Ranpur","Odisha","Wards"
city,rasipuram,cities/rasipuram.geojson,SBM/ramSeraph,,"","Rasipuram","Tamil Nadu","Wards"
city,rasulabad,cities/rasulabad.geojson,SBM/ramSeraph,,"","Rasulabad","Uttar Pradesh","Wards"
city,ratangarh,cities/ratangarh.geojson,SBM/ramSeraph,,"","Ratangarh","Madhya Pradesh","Wards"
city,ratannagar,cities/ratannagar.geojson,SBM/ramSeraph,,"","Ratannagar","Rajasthan","Wards"
city,ratanpur,cities/ratanpur.geojson,SBM/ramSeraph,,"","Ratanpur","Chhattisgarh","Wards"
city,rataul,cities/rataul.geojson,SBM/ramSeraph,,"","Rataul","Uttar Pradesh","Wards"
city,ratia,cities/ratia.geojson,SBM/ramSeraph,,"","Ratia","Haryana","Wards"
city,ratlam,cities/ratlam.geojson,SBM/ramSeraph,,"","Ratlam","Madhya Pradesh","Wards"
city,ratnagiri,cities/ratnagiri.geojson,SBM/ramSeraph,,"","Ratnagiri","Maharashtra","Wards"
city,rau,cities/rau.geojson,SBM/ramSeraph,,"","Rau","Madhya Pradesh","Wards"
city,raun,cities/raun.geojson,SBM/ramSeraph,,"","Raun","Madhya Pradesh","Wards"
city,raurkela,cities/raurkela.geojson,LivingAtlas/ramSeraph,,"","Raurkela","Odisha","Wards"
city,rawatbhata,cities/rawatbhata.geojson,SBM/ramSeraph,,"","Rawatbhata","Rajasthan","Wards"
city,rawatsar,cities/rawatsar.geojson,SBM/ramSeraph,,"","Rawatsar","Rajasthan","Wards"
city,raya,cities/raya.geojson,SBM/ramSeraph,,"","Raya","Uttar Pradesh","Wards"
city,rayachoti,cities/rayachoti.geojson,SBM/ramSeraph,,"","Rayachoti","Andhra Pradesh","Wards"
city,rayadurg,cities/rayadurg.geojson,SBM/ramSeraph,,"","Rayadurg","Andhra Pradesh","Wards"
city,rayagada,cities/rayagada.geojson,SBM/ramSeraph,,"","Rayagada","Odisha","Wards"
city,rayya,cities/rayya.geojson,SBM/ramSeraph,,"","Rayya","Punjab","Wards"
city,reasi,cities/reasi.geojson,SBM/ramSeraph,,"","Reasi","Jammu & Kashmir","Wards"
city,reengus,cities/reengus.geojson,SBM/ramSeraph,,"","Reengus","Rajasthan","Wards"
city,rehati,cities/rehati.geojson,SBM/ramSeraph,,"","Rehati","Madhya Pradesh","Wards"
city,rehli,cities/rehli.geojson,SBM/ramSeraph,,"","Rehli","Madhya Pradesh","Wards"
city,renapur,cities/renapur.geojson,SBM/ramSeraph,,"","Renapur","Maharashtra","Wards"
city,renukoot,cities/renukoot.geojson,SBM/ramSeraph,,"","Renukoot","Uttar Pradesh","Wards"
city,reoti,cities/reoti.geojson,SBM/ramSeraph,,"","Reoti","Uttar Pradesh","Wards"
city,repalle,cities/repalle.geojson,SBM/ramSeraph,,"","Repalle","Andhra Pradesh","Wards"
city,revelganj,cities/revelganj.geojson,SBM/ramSeraph,,"","Revelganj","Bihar","Wards"
city,rewa,cities/rewa.geojson,SBM/ramSeraph,,"","Rewa","Madhya Pradesh","Wards"
city,rewari,cities/rewari.geojson,SBM/ramSeraph,,"","Rewari","Haryana","Wards"
city,riccha,cities/riccha.geojson,SBM/ramSeraph,,"","Riccha","Uttar Pradesh","Wards"
city,risali,cities/risali.geojson,SBM/ramSeraph,,"","Risali","Chhattisgarh","Wards"
city,rishikesh,cities/rishikesh.geojson,SBM/ramSeraph,,"","Rishikesh","Uttarakhand","Wards"
city,rishra,cities/rishra.geojson,WB_AMRUT/ramSeraph,,"","Rishra","West Bengal","Wards"
city,risia_jamal,cities/risia_jamal.geojson,SBM/ramSeraph,,"","Risia Jamal","Uttar Pradesh","Wards"
city,risod,cities/risod.geojson,SBM/ramSeraph,,"","Risod","Maharashtra","Wards"
city,rithora,cities/rithora.geojson,SBM/ramSeraph,,"","Rithora","Uttar Pradesh","Wards"
city,rohtak,cities/rohtak.geojson,SBM/ramSeraph,,"","Rohtak","Haryana","Wards"
city,ron,cities/ron.geojson,SBM/ramSeraph,,"","Ron","Karnataka","Wards"
city,roorkee,cities/roorkee.geojson,SBM/ramSeraph,,"","Roorkee","Uttarakhand","Wards"
city,rourkela_town,cities/rourkela_town.geojson,SBM/ramSeraph,,"","Rourkela Town","Odisha","Wards"
city,rs_pora,cities/rs_pora.geojson,SBM/ramSeraph,,"","Rs Pora","Jammu & Kashmir","Wards"
city,rudauli,cities/rudauli.geojson,SBM/ramSeraph,,"","Rudauli","Uttar Pradesh","Wards"
city,rudrapur,cities/rudrapur.geojson,LivingAtlas/ramSeraph,,"","Rudrapur","Uttarakhand","Wards"
city,runji_gautampura,cities/runji_gautampura.geojson,SBM/ramSeraph,,"","Runji-Gautampura","Madhya Pradesh","Wards"
city,rupaediha,cities/rupaediha.geojson,SBM/ramSeraph,,"","Rupaediha","Uttar Pradesh","Wards"
city,rupbas,cities/rupbas.geojson,SBM/ramSeraph,,"","Rupbas","Rajasthan","Wards"
city,rupnagar,cities/rupnagar.geojson,SBM/ramSeraph,,"","Rupnagar)","Punjab","Wards"
city,sabalgarh,cities/sabalgarh.geojson,SBM/ramSeraph,,"","Sabalgarh","Madhya Pradesh","Wards"
city,sadabad,cities/sadabad.geojson,SBM/ramSeraph,,"","Sadabad","Uttar Pradesh","Wards"
city,sadak_arjuni,cities/sadak_arjuni.geojson,SBM/ramSeraph,,"","Sadak Arjuni","Maharashtra","Wards"
city,sadat,cities/sadat.geojson,SBM/ramSeraph,,"","Sadat","Uttar Pradesh","Wards"
city,sadri,cities/sadri.geojson,SBM/ramSeraph,,"","Sadri","Rajasthan","Wards"
city,safidon,cities/safidon.geojson,SBM/ramSeraph,,"","Safidon","Haryana","Wards"
city,safipur,cities/safipur.geojson,SBM/ramSeraph,,"","Safipur","Uttar Pradesh","Wards"
city,sagar,cities/sagar.geojson,SBM/ramSeraph,,"","Sagar","Madhya Pradesh","Wards"
city,sagara,cities/sagara.geojson,SBM/ramSeraph,,"","Sagara","Karnataka","Wards"
city,sagwara,cities/sagwara.geojson,SBM/ramSeraph,,"","Sagwara","Rajasthan","Wards"
city,sahanpur,cities/sahanpur.geojson,SBM/ramSeraph,,"","Sahanpur","Uttar Pradesh","Wards"
city,saharanpur,cities/saharanpur.geojson,LivingAtlas/ramSeraph,,"","Saharanpur","Uttar Pradesh","Wards"
city,saharsa,cities/saharsa.geojson,SBM/ramSeraph,,"","Saharsa","Bihar","Wards"
city,sahaspur_lohara,cities/sahaspur_lohara.geojson,SBM/ramSeraph,,"","Sahaspur Lohara","Chhattisgarh","Wards"
city,sahaswan,cities/sahaswan.geojson,SBM/ramSeraph,,"","Sahaswan","Uttar Pradesh","Wards"
city,sahatwar,cities/sahatwar.geojson,SBM/ramSeraph,,"","Sahatwar","Uttar Pradesh","Wards"
city,sahawar,cities/sahawar.geojson,SBM/ramSeraph,,"","Sahawar","Uttar Pradesh","Wards"
city,sahibganj,cities/sahibganj.geojson,SBM/ramSeraph,,"","Sahibganj","Jharkhand","Wards"
city,sahnewal,cities/sahnewal.geojson,SBM/ramSeraph,,"","Sahnewal","Punjab","Wards"
city,sahpau,cities/sahpau.geojson,SBM/ramSeraph,,"","Sahpau","Uttar Pradesh","Wards"
city,said_nagli,cities/said_nagli.geojson,SBM/ramSeraph,,"","Said Nagli","Uttar Pradesh","Wards"
city,saidpur,cities/saidpur.geojson,SBM/ramSeraph,,"","Saidpur","Uttar Pradesh","Wards"
city,sailana,cities/sailana.geojson,SBM/ramSeraph,,"","Sailana","Madhya Pradesh","Wards"
city,sailu,cities/sailu.geojson,SBM/ramSeraph,,"","Sailu","Maharashtra","Wards"
city,sainkheda,cities/sainkheda.geojson,SBM/ramSeraph,,"","Sainkheda","Madhya Pradesh","Wards"
city,sainthal,cities/sainthal.geojson,SBM/ramSeraph,,"","Sainthal","Uttar Pradesh","Wards"
city,saiyad_raza,cities/saiyad_raza.geojson,SBM/ramSeraph,,"","Saiyad Raza","Uttar Pradesh","Wards"
city,saja,cities/saja.geojson,SBM/ramSeraph,,"","Saja","Chhattisgarh","Wards"
city,sakhanu,cities/sakhanu.geojson,SBM/ramSeraph,,"","Sakhanu","Uttar Pradesh","Wards"
city,sakit,cities/sakit.geojson,SBM/ramSeraph,,"","Sakit","Uttar Pradesh","Wards"
city,sakri,cities/sakri.geojson,SBM/ramSeraph,,"","Sakri","Maharashtra","Wards"
city,sakti,cities/sakti.geojson,SBM/ramSeraph,,"","Sakti","Chhattisgarh","Wards"
city,salekasa,cities/salekasa.geojson,SBM/ramSeraph,,"","Salekasa","Maharashtra","Wards"
city,salem,cities/salem.geojson,SBM/ramSeraph,,"","Salem","Tamil Nadu","Wards"
city,salichouka,cities/salichouka.geojson,SBM/ramSeraph,,"","Salichouka","Madhya Pradesh","Wards"
city,salirama_tp,cities/salirama_tp.geojson,SBM/ramSeraph,,"","Salirama Tp","Karnataka","Wards"
city,salon,cities/salon.geojson,SBM/ramSeraph,,"","Salon","Uttar Pradesh","Wards"
city,salumbar,cities/salumbar.geojson,SBM/ramSeraph,,"","Salumbar","Rajasthan","Wards"
city,salur,cities/salur.geojson,SBM/ramSeraph,,"","Salur","Andhra Pradesh","Wards"
city,samalkha,cities/samalkha.geojson,SBM/ramSeraph,,"","Samalkha","Haryana","Wards"
city,samalkot,cities/samalkot.geojson,SBM/ramSeraph,,"","Samalkot","Andhra Pradesh","Wards"
city,samana,cities/samana.geojson,SBM/ramSeraph,,"","Samana","Punjab","Wards"
city,samastipur,cities/samastipur.geojson,SBM/ramSeraph,,"","Samastipur","Bihar","Wards"
city,sambalpur_town,cities/sambalpur_town.geojson,SBM/ramSeraph,,"","Sambalpur Town","Odisha","Wards"
city,sambhal,cities/sambhal.geojson,SBM/ramSeraph,,"","Sambhal","Uttar Pradesh","Wards"
city,sambhar,cities/sambhar.geojson,SBM/ramSeraph,,"","Sambhar","Rajasthan","Wards"
city,samoda,cities/samoda.geojson,SBM/ramSeraph,,"","Samoda","Chhattisgarh","Wards"
city,sampla,cities/sampla.geojson,SBM/ramSeraph,,"","Sampla","Haryana","Wards"
city,samrala,cities/samrala.geojson,SBM/ramSeraph,,"","Samrala","Punjab","Wards"
city,samthar,cities/samthar.geojson,SBM/ramSeraph,,"","Samthar","Uttar Pradesh","Wards"
city,samudrapur,cities/samudrapur.geojson,SBM/ramSeraph,,"","Samudrapur","Maharashtra","Wards"
city,sanaur,cities/sanaur.geojson,SBM/ramSeraph,,"","Sanaur","Punjab","Wards"
city,sanawad,cities/sanawad.geojson,SBM/ramSeraph,,"","Sanawad","Madhya Pradesh","Wards"
city,sanchi,cities/sanchi.geojson,SBM/ramSeraph,,"","Sanchi","Madhya Pradesh","Wards"
city,sanchore,cities/sanchore.geojson,SBM/ramSeraph,,"","Sanchore","Rajasthan","Wards"
city,sandi,cities/sandi.geojson,SBM/ramSeraph,,"","Sandi","Uttar Pradesh","Wards"
city,sandila,cities/sandila.geojson,SBM/ramSeraph,,"","Sandila","Uttar Pradesh","Wards"
city,sandur,cities/sandur.geojson,SBM/ramSeraph,,"","Sandur","Karnataka","Wards"
city,sangamner,cities/sangamner.geojson,SBM/ramSeraph,,"","Sangamner","Maharashtra","Wards"
city,sangareddy,cities/sangareddy.geojson,SBM/ramSeraph,,"","Sangareddy","Telangana","Wards"
city,sangaria,cities/sangaria.geojson,SBM/ramSeraph,,"","Sangaria","Rajasthan","Wards"
city,sangli,cities/sangli.geojson,LivingAtlas/ramSeraph,,"","Sangli","Maharashtra","Wards"
city,sangli_miraj_kupwad,cities/sangli_miraj_kupwad.geojson,SBM/ramSeraph,,"","Sangli Miraj Kupwad","Maharashtra","Wards"
city,sangod,cities/sangod.geojson,SBM/ramSeraph,,"","Sangod","Rajasthan","Wards"
city,sangole,cities/sangole.geojson,SBM/ramSeraph,,"","Sangole","Maharashtra","Wards"
city,sangrampur,cities/sangrampur.geojson,SBM/ramSeraph,,"","Sangrampur","Maharashtra","Wards"
city,sangrur,cities/sangrur.geojson,SBM/ramSeraph,,"","Sangrur","Punjab","Wards"
city,sankarankovil,cities/sankarankovil.geojson,SBM/ramSeraph,,"","Sankarankovil","Tamil Nadu","Wards"
city,sapotra,cities/sapotra.geojson,SBM/ramSeraph,,"","Sapotra","Rajasthan","Wards"
city,saragaon,cities/saragaon.geojson,SBM/ramSeraph,,"","Saragaon","Chhattisgarh","Wards"
city,saragur,cities/saragur.geojson,SBM/ramSeraph,,"","Saragur","Karnataka","Wards"
city,sarai_aquil,cities/sarai_aquil.geojson,SBM/ramSeraph,,"","Sarai Aquil","Uttar Pradesh","Wards"
city,sarai_mir,cities/sarai_mir.geojson,SBM/ramSeraph,,"","Sarai Mir","Uttar Pradesh","Wards"
city,saraipali,cities/saraipali.geojson,SBM/ramSeraph,,"","Saraipali","Chhattisgarh","Wards"
city,sarangarh,cities/sarangarh.geojson,SBM/ramSeraph,,"","Sarangarh","Chhattisgarh","Wards"
city,sardarpur,cities/sardarpur.geojson,SBM/ramSeraph,,"","Sardarpur","Madhya Pradesh","Wards"
city,sardarshahar,cities/sardarshahar.geojson,SBM/ramSeraph,,"","Sardarshahar","Rajasthan","Wards"
city,sardulgarh,cities/sardulgarh.geojson,SBM/ramSeraph,,"","Sardulgarh","Punjab","Wards"
city,sargaon,cities/sargaon.geojson,SBM/ramSeraph,,"","Sargaon","Chhattisgarh","Wards"
city,sariya,cities/sariya.geojson,SBM/ramSeraph,,"","Sariya","Chhattisgarh","Wards"
city,sarmathura,cities/sarmathura.geojson,SBM/ramSeraph,,"","Sarmathura","Rajasthan","Wards"
city,sarni,cities/sarni.geojson,SBM/ramSeraph,,"","Sarni","Madhya Pradesh","Wards"
city,sarsawa,cities/sarsawa.geojson,SBM/ramSeraph,,"","Sarsawa","Uttar Pradesh","Wards"
city,sarwaniya_maharj,cities/sarwaniya_maharj.geojson,SBM/ramSeraph,,"","Sarwaniya Maharj","Madhya Pradesh","Wards"
city,sarwar,cities/sarwar.geojson,SBM/ramSeraph,,"","Sarwar","Rajasthan","Wards"
city,sas_nagar,cities/sas_nagar.geojson,SBM/ramSeraph,,"","S.A.S. Nagar","Punjab","Wards"
city,sasaram,cities/sasaram.geojson,SBM/ramSeraph,,"","Sasaram","Bihar","Wards"
city,sasni,cities/sasni.geojson,SBM/ramSeraph,,"","Sasni","Uttar Pradesh","Wards"
city,sasvad,cities/sasvad.geojson,SBM/ramSeraph,,"","Sasvad","Maharashtra","Wards"
city,satai,cities/satai.geojson,SBM/ramSeraph,,"","Satai","Madhya Pradesh","Wards"
city,satana,cities/satana.geojson,SBM/ramSeraph,,"","Satana","Maharashtra","Wards"
city,satara,cities/satara.geojson,SBM/ramSeraph,,"","Satara","Maharashtra","Wards"
city,sathyamangalam,cities/sathyamangalam.geojson,SBM/ramSeraph,,"","Sathyamangalam","Tamil Nadu","Wards"
city,satna,cities/satna.geojson,SBM/ramSeraph,,"","Satna","Madhya Pradesh","Wards"
city,satrikh,cities/satrikh.geojson,SBM/ramSeraph,,"","Satrikh","Uttar Pradesh","Wards"
city,sattenapalle,cities/sattenapalle.geojson,SBM/ramSeraph,,"","Sattenapalle","Andhra Pradesh","Wards"
city,sattupalle,cities/sattupalle.geojson,SBM/ramSeraph,,"","Sattupalle","Telangana","Wards"
city,sattur,cities/sattur.geojson,SBM/ramSeraph,,"","Sattur","Tamil Nadu","Wards"
city,satwas,cities/satwas.geojson,SBM/ramSeraph,,"","Satwas","Madhya Pradesh","Wards"
city,saundatti,cities/saundatti.geojson,SBM/ramSeraph,,"","Saundatti","Karnataka","Wards"
city,saunkh,cities/saunkh.geojson,SBM/ramSeraph,,"","Saunkh","Uttar Pradesh","Wards"
city,sausar,cities/sausar.geojson,SBM/ramSeraph,,"","Sausar","Madhya Pradesh","Wards"
city,savanur,cities/savanur.geojson,SBM/ramSeraph,,"","Savanur","Karnataka","Wards"
city,savarkundla,cities/savarkundla.geojson,SBM/ramSeraph,,"","Savarkundla","Gujarat","Wards"
city,savner,cities/savner.geojson,SBM/ramSeraph,,"","Savner","Maharashtra","Wards"
city,sawai_madhopur,cities/sawai_madhopur.geojson,SBM/ramSeraph,,"","Sawai Madhopur","Rajasthan","Wards"
city,sawali,cities/sawali.geojson,SBM/ramSeraph,,"","Sawali","Maharashtra","Wards"
city,sawer,cities/sawer.geojson,SBM/ramSeraph,,"","Sawer","Madhya Pradesh","Wards"
city,seer_hamdan,cities/seer_hamdan.geojson,SBM/ramSeraph,,"","Seer-Hamdan","Jammu & Kashmir","Wards"
city,sehore,cities/sehore.geojson,SBM/ramSeraph,,"","Sehore","Madhya Pradesh","Wards"
city,selu,cities/selu.geojson,SBM/ramSeraph,,"","Selu","Maharashtra","Wards"
city,semaria,cities/semaria.geojson,SBM/ramSeraph,,"","Semaria","Madhya Pradesh","Wards"
city,sendhwa,cities/sendhwa.geojson,SBM/ramSeraph,,"","Sendhwa","Madhya Pradesh","Wards"
city,sengaon,cities/sengaon.geojson,SBM/ramSeraph,,"","Sengaon","Maharashtra","Wards"
city,seohara,cities/seohara.geojson,SBM/ramSeraph,,"","Seohara","Uttar Pradesh","Wards"
city,seondha,cities/seondha.geojson,SBM/ramSeraph,,"","Seondha","Madhya Pradesh","Wards"
city,seoni_m,cities/seoni_m.geojson,SBM/ramSeraph,,"","Seoni_M","Madhya Pradesh","Wards"
city,seoni_malwa,cities/seoni_malwa.geojson,SBM/ramSeraph,,"","Seoni Malwa","Madhya Pradesh","Wards"
city,seraikela,cities/seraikela.geojson,SBM/ramSeraph,,"","Seraikela","Jharkhand","Wards"
city,serampore,cities/serampore.geojson,SBM/ramSeraph,,"","Serampore","West Bengal","Wards"
city,sewarhi,cities/sewarhi.geojson,SBM/ramSeraph,,"","Sewarhi","Uttar Pradesh","Wards"
city,shadora,cities/shadora.geojson,SBM/ramSeraph,,"","Shadora","Madhya Pradesh","Wards"
city,shahabad_ka,cities/shahabad_ka.geojson,SBM/ramSeraph,,"","Shahabad","Karnataka","Wards"
city,shahabad_up,cities/shahabad_up.geojson,SBM/ramSeraph,,"","Shahabad","Uttar Pradesh","Wards"
city,shahada,cities/shahada.geojson,SBM/ramSeraph,,"","Shahada","Maharashtra","Wards"
city,shahapur,cities/shahapur.geojson,SBM/ramSeraph,,"","Shahapur","Karnataka","Wards"
city,shahapur_t,cities/shahapur_t.geojson,SBM/ramSeraph,,"","Shahapur_T","Maharashtra","Wards"
city,shahbad,cities/shahbad.geojson,SBM/ramSeraph,,"","Shahbad","Haryana","Wards"
city,shahdol,cities/shahdol.geojson,SBM/ramSeraph,,"","Shahdol","Madhya Pradesh","Wards"
city,shahganj,cities/shahganj.geojson,SBM/ramSeraph,,"","Shahganj","Uttar Pradesh","Wards"
city,shahgarh,cities/shahgarh.geojson,SBM/ramSeraph,,"","Shahgarh","Madhya Pradesh","Wards"
city,shahi,cities/shahi.geojson,SBM/ramSeraph,,"","Shahi","Uttar Pradesh","Wards"
city,shahjahanpur,cities/shahjahanpur.geojson,SBM/ramSeraph,,"","Shahjahanpur","Uttar Pradesh","Wards"
city,shahkot,cities/shahkot.geojson,SBM/ramSeraph,,"","Shahkot","Punjab","Wards"
city,shahpur_mp,cities/shahpur_mp.geojson,SBM/ramSeraph,,"","Shahpur","Madhya Pradesh","Wards"
city,shahpur_up,cities/shahpur_up.geojson,SBM/ramSeraph,,"","Shahpur","Uttar Pradesh","Wards"
city,shahpura,cities/shahpura.geojson,SBM/ramSeraph,,"","Shahpura","Rajasthan","Wards"
city,shahpura_bhitoni,cities/shahpura_bhitoni.geojson,SBM/ramSeraph,,"","Shahpura Bhitoni","Madhya Pradesh","Wards"
city,shajapur,cities/shajapur.geojson,SBM/ramSeraph,,"","Shajapur","Madhya Pradesh","Wards"
city,shamgarh,cities/shamgarh.geojson,SBM/ramSeraph,,"","Shamgarh","Madhya Pradesh","Wards"
city,shamsabad,cities/shamsabad.geojson,SBM/ramSeraph,,"","Shamsabad","Uttar Pradesh","Wards"
city,shamshabad,cities/shamshabad.geojson,SBM/ramSeraph,,"","Shamshabad","Telangana","Wards"
city,shankargarh,cities/shankargarh.geojson,SBM/ramSeraph,,"","Shankargarh","Uttar Pradesh","Wards"
city,shankarpally,cities/shankarpally.geojson,SBM/ramSeraph,,"","Shankarpally","Telangana","Wards"
city,shegaon,cities/shegaon.geojson,SBM/ramSeraph,,"","Shegaon","Maharashtra","Wards"
city,sheikhpura,cities/sheikhpura.geojson,SBM/ramSeraph,,"","Sheikhpura","Bihar","Wards"
city,shendurni,cities/shendurni.geojson,SBM/ramSeraph,,"","Shendurni","Maharashtra","Wards"
city,sheoganj,cities/sheoganj.geojson,SBM/ramSeraph,,"","Sheoganj","Rajasthan","Wards"
city,sheopur,cities/sheopur.geojson,SBM/ramSeraph,,"","Sheopur","Madhya Pradesh","Wards"
city,shergarh,cities/shergarh.geojson,SBM/ramSeraph,,"","Shergarh","Uttar Pradesh","Wards"
city,sherkot,cities/sherkot.geojson,SBM/ramSeraph,,"","Sherkot","Uttar Pradesh","Wards"
city,shevgaon,cities/shevgaon.geojson,SBM/ramSeraph,,"","Shevgaon","Maharashtra","Wards"
city,shidlaghatta,cities/shidlaghatta.geojson,SBM/ramSeraph,,"","Shidlaghatta","Karnataka","Wards"
city,shiggaon,cities/shiggaon.geojson,SBM/ramSeraph,,"","Shiggaon","Karnataka","Wards"
city,shikaripura,cities/shikaripura.geojson,SBM/ramSeraph,,"","Shikaripura","Karnataka","Wards"
city,shikohabad,cities/shikohabad.geojson,SBM/ramSeraph,,"","Shikohabad","Uttar Pradesh","Wards"
city,shillong,cities/shillong.geojson,LivingAtlas/ramSeraph,,"","Shillong","Meghalaya","Wards"
city,shimla,cities/shimla.geojson,SBM/ramSeraph,,"","Shimla","Himachal Pradesh","Wards"
city,shimoga_cmc,cities/shimoga_cmc.geojson,SBM/ramSeraph,,"","Shimoga Cmc","Karnataka","Wards"
city,shirala,cities/shirala.geojson,SBM/ramSeraph,,"","Shirala","Maharashtra","Wards"
city,shirdi,cities/shirdi.geojson,SBM/ramSeraph,,"","Shirdi","Maharashtra","Wards"
city,shirhatti,cities/shirhatti.geojson,SBM/ramSeraph,,"","Shirhatti","Karnataka","Wards"
city,shirpur_warvade,cities/shirpur_warvade.geojson,SBM/ramSeraph,,"","Shirpur Warvade","Maharashtra","Wards"
city,shirur_anantpal,cities/shirur_anantpal.geojson,SBM/ramSeraph,,"","Shirur Anantpal","Maharashtra","Wards"
city,shirur_kasar,cities/shirur_kasar.geojson,SBM/ramSeraph,,"","Shirur Kasar","Maharashtra","Wards"
city,shirur_pune,cities/shirur_pune.geojson,SBM/ramSeraph,,"","Shirur_Pune","Maharashtra","Wards"
city,shishgarh,cities/shishgarh.geojson,SBM/ramSeraph,,"","Shishgarh","Uttar Pradesh","Wards"
city,shivalik_nagar,cities/shivalik_nagar.geojson,SBM/ramSeraph,,"","Shivalik Nagar","Uttarakhand","Wards"
city,shivamogga,cities/shivamogga.geojson,LivingAtlas/ramSeraph,,"","Shivamogga","Karnataka","Wards"
city,shivpurcharcha,cities/shivpurcharcha.geojson,SBM/ramSeraph,,"","Shivpurcharcha","Chhattisgarh","Wards"
city,shivpuri,cities/shivpuri.geojson,SBM/ramSeraph,,"","Shivpuri","Madhya Pradesh","Wards"
city,shivrajpur,cities/shivrajpur.geojson,SBM/ramSeraph,,"","Shivrajpur","Uttar Pradesh","Wards"
city,shivrinarayan,cities/shivrinarayan.geojson,SBM/ramSeraph,,"","Shivrinarayan","Chhattisgarh","Wards"
city,sholinghur,cities/sholinghur.geojson,SBM/ramSeraph,,"","Sholinghur","Tamil Nadu","Wards"
city,shopian,cities/shopian.geojson,SBM/ramSeraph,,"","Shopian","Jammu & Kashmir","Wards"
city,shoranur,cities/shoranur.geojson,SBM/ramSeraph,,"","Shoranur","Kerala","Wards"
city,shorapur,cities/shorapur.geojson,SBM/ramSeraph,,"","Shorapur","Karnataka","Wards"
city,shri_anandpur_sahib,cities/shri_anandpur_sahib.geojson,SBM/ramSeraph,,"","Shri Anandpur Sahib","Punjab","Wards"
city,shrimadhopur,cities/shrimadhopur.geojson,SBM/ramSeraph,,"","Shrimadhopur","Rajasthan","Wards"
city,shringeri,cities/shringeri.geojson,SBM/ramSeraph,,"","Shringeri","Karnataka","Wards"
city,shrirangapattana,cities/shrirangapattana.geojson,SBM/ramSeraph,,"","Shrirangapattana","Karnataka","Wards"
city,shujalpur,cities/shujalpur.geojson,SBM/ramSeraph,,"","Shujalpur","Madhya Pradesh","Wards"
city,siana,cities/siana.geojson,SBM/ramSeraph,,"","Siana","Uttar Pradesh","Wards"
city,siddapur,cities/siddapur.geojson,SBM/ramSeraph,,"","Siddapur","Karnataka","Wards"
city,siddipet,cities/siddipet.geojson,SBM/ramSeraph,,"","Siddipet","Telangana","Wards"
city,sidhauli,cities/sidhauli.geojson,SBM/ramSeraph,,"","Sidhauli","Uttar Pradesh","Wards"
city,sidhi,cities/sidhi.geojson,SBM/ramSeraph,,"","Sidhi","Madhya Pradesh","Wards"
city,sidhpura,cities/sidhpura.geojson,SBM/ramSeraph,,"","Sidhpura","Uttar Pradesh","Wards"
city,sikanderpur_b,cities/sikanderpur_b.geojson,SBM/ramSeraph,,"","Sikanderpur_B","Uttar Pradesh","Wards"
city,sikanderpur_k,cities/sikanderpur_k.geojson,SBM/ramSeraph,,"","Sikanderpur_K","Uttar Pradesh","Wards"
city,sikandrabad,cities/sikandrabad.geojson,SBM/ramSeraph,,"","Sikandrabad","Uttar Pradesh","Wards"
city,sikandrarao,cities/sikandrarao.geojson,SBM/ramSeraph,,"","Sikandrarao","Uttar Pradesh","Wards"
city,sikar,cities/sikar.geojson,SBM/ramSeraph,,"","Sikar","Rajasthan","Wards"
city,sikari,cities/sikari.geojson,SBM/ramSeraph,,"","Sikari","Rajasthan","Wards"
city,silapathar,cities/silapathar.geojson,SBM/ramSeraph,,"","Silapathar","Assam","Wards"
city,silchar,cities/silchar.geojson,LivingAtlas/ramSeraph,,"","Silchar","Assam","Wards"
city,sillod,cities/sillod.geojson,SBM/ramSeraph,,"","Sillod","Maharashtra","Wards"
city,silvassa,cities/silvassa.geojson,LivingAtlas/ramSeraph,,"","Silvassa","Dadra & Nagar Haveli","Wards"
city,simdega,cities/simdega.geojson,SBM/ramSeraph,,"","Simdega","Jharkhand","Wards"
city,simga,cities/simga.geojson,SBM/ramSeraph,,"","Simga","Chhattisgarh","Wards"
city,sindewahi,cities/sindewahi.geojson,SBM/ramSeraph,,"","Sindewahi","Maharashtra","Wards"
city,sindgi,cities/sindgi.geojson,SBM/ramSeraph,,"","Sindgi","Karnataka","Wards"
city,sindhkheda,cities/sindhkheda.geojson,SBM/ramSeraph,,"","Sindhkheda","Maharashtra","Wards"
city,sindhnur,cities/sindhnur.geojson,SBM/ramSeraph,,"","Sindhnur","Karnataka","Wards"
city,sindi,cities/sindi.geojson,SBM/ramSeraph,,"","Sindi","Maharashtra","Wards"
city,sindkkedraja,cities/sindkkedraja.geojson,SBM/ramSeraph,,"","Sindkkedraja","Maharashtra","Wards"
city,singahi_bhadaura,cities/singahi_bhadaura.geojson,SBM/ramSeraph,,"","Singahi Bhadaura","Uttar Pradesh","Wards"
city,singoli,cities/singoli.geojson,SBM/ramSeraph,,"","Singoli","Madhya Pradesh","Wards"
city,singrauli,cities/singrauli.geojson,SBM/ramSeraph,,"","Singrauli","Madhya Pradesh","Wards"
city,sinnar,cities/sinnar.geojson,SBM/ramSeraph,,"","Sinnar","Maharashtra","Wards"
city,sira,cities/sira.geojson,SBM/ramSeraph,,"","Sira","Karnataka","Wards"
city,siralkoppa,cities/siralkoppa.geojson,SBM/ramSeraph,,"","Siralkoppa","Karnataka","Wards"
city,sirathu,cities/sirathu.geojson,SBM/ramSeraph,,"","Sirathu","Uttar Pradesh","Wards"
city,sirauli,cities/sirauli.geojson,SBM/ramSeraph,,"","Sirauli","Uttar Pradesh","Wards"
city,sircilla,cities/sircilla.geojson,SBM/ramSeraph,,"","Sircilla","Telangana","Wards"
city,sirhind_fatehgarh_sahib,cities/sirhind_fatehgarh_sahib.geojson,SBM/ramSeraph,,"","Sirhind Fatehgarh Sahib","Punjab","Wards"
city,sirmour,cities/sirmour.geojson,SBM/ramSeraph,,"","Sirmour","Madhya Pradesh","Wards"
city,sirohi,cities/sirohi.geojson,SBM/ramSeraph,,"","Sirohi","Rajasthan","Wards"
city,sironcha,cities/sironcha.geojson,SBM/ramSeraph,,"","Sironcha","Maharashtra","Wards"
city,sirsa_hr,cities/sirsa_hr.geojson,SBM/ramSeraph,,"","Sirsa","Haryana","Wards"
city,sirsa_up,cities/sirsa_up.geojson,SBM/ramSeraph,,"","Sirsa","Uttar Pradesh","Wards"
city,sirsi_ka,cities/sirsi_ka.geojson,SBM/ramSeraph,,"","Sirsi","Karnataka","Wards"
city,sirsi_up,cities/sirsi_up.geojson,SBM/ramSeraph,,"","Sirsi","Uttar Pradesh","Wards"
city,siruguppa,cities/siruguppa.geojson,SBM/ramSeraph,,"","Siruguppa","Karnataka","Wards"
city,sisauli,cities/sisauli.geojson,SBM/ramSeraph,,"","Sisauli","Uttar Pradesh","Wards"
city,sitamarhi,cities/sitamarhi.geojson,SBM/ramSeraph,,"","Sitamarhi","Bihar","Wards"
city,sitamau,cities/sitamau.geojson,SBM/ramSeraph,,"","Sitamau","Madhya Pradesh","Wards"
city,sitapur_cg,cities/sitapur_cg.geojson,SBM/ramSeraph,,"","Sitapur","Chhattisgarh","Wards"
city,sitapur_up,cities/sitapur_up.geojson,SBM/ramSeraph,,"","Sitapur","Uttar Pradesh","Wards"
city,sitarganj,cities/sitarganj.geojson,SBM/ramSeraph,,"","Sitarganj","Uttarakhand","Wards"
city,sivagangai,cities/sivagangai.geojson,SBM/ramSeraph,,"","Sivagangai","Tamil Nadu","Wards"
city,siwalkhas,cities/siwalkhas.geojson,SBM/ramSeraph,,"","Siwalkhas","Uttar Pradesh","Wards"
city,siwan,cities/siwan.geojson,SBM/ramSeraph,,"","Siwan","Bihar","Wards"
city,siwani,cities/siwani.geojson,SBM/ramSeraph,,"","Siwani","Haryana","Wards"
city,sohna,cities/sohna.geojson,SBM/ramSeraph,,"","Sohna","Haryana","Wards"
city,sojat,cities/sojat.geojson,SBM/ramSeraph,,"","Sojat","Rajasthan","Wards"
city,solan,cities/solan.geojson,SBM/ramSeraph,,"","Solan","Himachal Pradesh","Wards"
city,solapur,cities/solapur.geojson,SBM/ramSeraph,,"","Solapur","Maharashtra","Wards"
city,someshwara,cities/someshwara.geojson,SBM/ramSeraph,,"","Someshwara","Karnataka","Wards"
city,somvarpet,cities/somvarpet.geojson,SBM/ramSeraph,,"","Somvarpet","Karnataka","Wards"
city,sonai,cities/sonai.geojson,SBM/ramSeraph,,"","Sonai","Assam","Wards"
city,sonauli,cities/sonauli.geojson,SBM/ramSeraph,,"","Sonauli","Uttar Pradesh","Wards"
city,sonbhadra,cities/sonbhadra.geojson,SBM/ramSeraph,,"","Sonbhadra","Uttar Pradesh","Wards"
city,sonepur_br,cities/sonepur_br.geojson,SBM/ramSeraph,,"","Sonepur","Bihar","Wards"
city,sonepur_od,cities/sonepur_od.geojson,SBM/ramSeraph,,"","Sonepur","Odisha","Wards"
city,sonipat,cities/sonipat.geojson,SBM/ramSeraph,,"","Sonipat","Haryana","Wards"
city,sonkatch,cities/sonkatch.geojson,SBM/ramSeraph,,"","Sonkatch","Madhya Pradesh","Wards"
city,sopore,cities/sopore.geojson,SBM/ramSeraph,,"","Sopore","Jammu & Kashmir","Wards"
city,sorab,cities/sorab.geojson,SBM/ramSeraph,,"","Sorab","Karnataka","Wards"
city,sorbhog,cities/sorbhog.geojson,SBM/ramSeraph,,"","Sorbhog","Assam","Wards"
city,south_dum_dum,cities/south_dum_dum.geojson,WB_AMRUT/ramSeraph,,"","South Dum Dum","West Bengal","Wards"
city,south_kota,cities/south_kota.geojson,SBM/ramSeraph,,"","South Kota","Rajasthan","Wards"
city,soyatkalan,cities/soyatkalan.geojson,SBM/ramSeraph,,"","Soyatkalan","Madhya Pradesh","Wards"
city,soygaon,cities/soygaon.geojson,SBM/ramSeraph,,"","Soygaon","Maharashtra","Wards"
city,sri_hargobindpur,cities/sri_hargobindpur.geojson,SBM/ramSeraph,,"","Sri Hargobindpur","Punjab","Wards"
city,srikakulam,cities/srikakulam.geojson,SBM/ramSeraph,,"","Srikakulam","Andhra Pradesh","Wards"
city,srikalahasti,cities/srikalahasti.geojson,SBM/ramSeraph,,"","Srikalahasti","Andhra Pradesh","Wards"
city,srinagar,cities/srinagar.geojson,LivingAtlas/ramSeraph,,"","Srinagar","Jammu & Kashmir","Wards"
city,srivijaynagar,cities/srivijaynagar.geojson,SBM/ramSeraph,,"","Srivijaynagar","Rajasthan","Wards"
city,suar,cities/suar.geojson,SBM/ramSeraph,,"","Suar","Uttar Pradesh","Wards"
city,sujangarh,cities/sujangarh.geojson,SBM/ramSeraph,,"","Sujangarh","Rajasthan","Wards"
city,sujanpur,cities/sujanpur.geojson,SBM/ramSeraph,,"","Sujanpur","Punjab","Wards"
city,sukma,cities/sukma.geojson,SBM/ramSeraph,,"","Sukma","Chhattisgarh","Wards"
city,sullrpet,cities/sullrpet.geojson,SBM/ramSeraph,,"","Sullrpet","Andhra Pradesh","Wards"
city,sultanganj,cities/sultanganj.geojson,SBM/ramSeraph,,"","Sultanganj","Bihar","Wards"
city,sultanpur_lodhi,cities/sultanpur_lodhi.geojson,SBM/ramSeraph,,"","Sultanpur Lodhi","Punjab","Wards"
city,sultanpur_rj,cities/sultanpur_rj.geojson,SBM/ramSeraph,,"","Sultanpur","Rajasthan","Wards"
city,sultanpur_up,cities/sultanpur_up.geojson,SBM/ramSeraph,,"","Sultanpur","Uttar Pradesh","Wards"
city,sulthanabad,cities/sulthanabad.geojson,SBM/ramSeraph,,"","Sulthanabad","Telangana","Wards"
city,sulya,cities/sulya.geojson,SBM/ramSeraph,,"","Sulya","Karnataka","Wards"
city,sumbal,cities/sumbal.geojson,SBM/ramSeraph,,"","Sumbal","Jammu & Kashmir","Wards"
city,sumerpur,cities/sumerpur.geojson,SBM/ramSeraph,,"","Sumerpur","Rajasthan","Wards"
city,sunam_udham_singh_wala,cities/sunam_udham_singh_wala.geojson,SBM/ramSeraph,,"","Sunam Udham Singh Wala","Punjab","Wards"
city,sundargarh,cities/sundargarh.geojson,SBM/ramSeraph,,"","Sundargarh","Odisha","Wards"
city,sunderbani,cities/sunderbani.geojson,SBM/ramSeraph,,"","Sunderbani","Jammu & Kashmir","Wards"
city,sundernagar,cities/sundernagar.geojson,SBM/ramSeraph,,"","Sundernagar","Himachal Pradesh","Wards"
city,surada,cities/surada.geojson,SBM/ramSeraph,,"","Surada","Odisha","Wards"
city,surajgarh,cities/surajgarh.geojson,SBM/ramSeraph,,"","Surajgarh","Rajasthan","Wards"
city,surajpur,cities/surajpur.geojson,SBM/ramSeraph,,"","Surajpur","Chhattisgarh","Wards"
city,surandai,cities/surandai.geojson,SBM/ramSeraph,,"","Surandai","Tamil Nadu","Wards"
city,surankote,cities/surankote.geojson,SBM/ramSeraph,,"","Surankote","Jammu & Kashmir","Wards"
city,suratgarh,cities/suratgarh.geojson,SBM/ramSeraph,,"","Suratgarh","Rajasthan","Wards"
city,surendranagar,cities/surendranagar.geojson,SBM/ramSeraph,,"","Surendranagar","Gujarat","Wards"
city,surgana,cities/surgana.geojson,SBM/ramSeraph,,"","Surgana","Maharashtra","Wards"
city,suriyawan,cities/suriyawan.geojson,SBM/ramSeraph,,"","Suriyawan","Uttar Pradesh","Wards"
city,suryapet,cities/suryapet.geojson,SBM/ramSeraph,,"","Suryapet","Telangana","Wards"
city,susner,cities/susner.geojson,SBM/ramSeraph,,"","Susner","Madhya Pradesh","Wards"
city,suthaliya,cities/suthaliya.geojson,SBM/ramSeraph,,"","Suthaliya","Madhya Pradesh","Wards"
city,suwansa_bazar,cities/suwansa_bazar.geojson,SBM/ramSeraph,,"","Suwansa Bazar","Uttar Pradesh","Wards"
city,suwasra,cities/suwasra.geojson,SBM/ramSeraph,,"","Suwasra","Madhya Pradesh","Wards"
city,swamibagh,cities/swamibagh.geojson,SBM/ramSeraph,,"","Swamibagh","Uttar Pradesh","Wards"
city,tadepalligudem,cities/tadepalligudem.geojson,SBM/ramSeraph,,"","Tadepalligudem","Andhra Pradesh","Wards"
city,takhatgarh,cities/takhatgarh.geojson,SBM/ramSeraph,,"","Takhatgarh","Rajasthan","Wards"
city,takhatpur,cities/takhatpur.geojson,SBM/ramSeraph,,"","Takhatpur","Chhattisgarh","Wards"
city,tal,cities/tal.geojson,SBM/ramSeraph,,"","Tal","Madhya Pradesh","Wards"
city,tala,cities/tala.geojson,SBM/ramSeraph,,"","Tala","Maharashtra","Wards"
city,talasari,cities/talasari.geojson,SBM/ramSeraph,,"","Talasari","Maharashtra","Wards"
city,talcher,cities/talcher.geojson,SBM/ramSeraph,,"","Talcher","Odisha","Wards"
city,talegaon_dabhade,cities/talegaon_dabhade.geojson,SBM/ramSeraph,,"","Talegaon Dabhade","Maharashtra","Wards"
city,talgram,cities/talgram.geojson,SBM/ramSeraph,,"","Talgram","Uttar Pradesh","Wards"
city,talwandi_bhai,cities/talwandi_bhai.geojson,SBM/ramSeraph,,"","Talwandi Bhai","Punjab","Wards"
city,talwandi_sabo,cities/talwandi_sabo.geojson,SBM/ramSeraph,,"","Talwandi Sabo","Punjab","Wards"
city,talwara,cities/talwara.geojson,SBM/ramSeraph,,"","Talwara","Punjab","Wards"
city,tambaur_ahmdabad,cities/tambaur_ahmdabad.geojson,SBM/ramSeraph,,"","Tambaur Ahmdabad","Uttar Pradesh","Wards"
city,tanakpur,cities/tanakpur.geojson,SBM/ramSeraph,,"","Tanakpur","Uttarakhand","Wards"
city,tanda,cities/tanda.geojson,SBM/ramSeraph,,"","Tanda","Uttar Pradesh","Wards"
city,tandur,cities/tandur.geojson,SBM/ramSeraph,,"","Tandur","Telangana","Wards"
city,tanuku,cities/tanuku.geojson,SBM/ramSeraph,,"","Tanuku","Andhra Pradesh","Wards"
city,taoru,cities/taoru.geojson,SBM/ramSeraph,,"","Taoru","Haryana","Wards"
city,tapa,cities/tapa.geojson,SBM/ramSeraph,,"","Tapa","Punjab","Wards"
city,tarabganj,cities/tarabganj.geojson,SBM/ramSeraph,,"","Tarabganj","Uttar Pradesh","Wards"
city,tarana,cities/tarana.geojson,SBM/ramSeraph,,"","Tarana","Madhya Pradesh","Wards"
city,taranagar,cities/taranagar.geojson,SBM/ramSeraph,,"","Taranagar","Rajasthan","Wards"
city,taraori,cities/taraori.geojson,SBM/ramSeraph,,"","Taraori","Haryana","Wards"
city,tarbha,cities/tarbha.geojson,SBM/ramSeraph,,"","Tarbha","Odisha","Wards"
city,tarikere,cities/tarikere.geojson,SBM/ramSeraph,,"","Tarikere","Karnataka","Wards"
city,tarkulwa,cities/tarkulwa.geojson,SBM/ramSeraph,,"","Tarkulwa","Uttar Pradesh","Wards"
city,tarn_taran,cities/tarn_taran.geojson,SBM/ramSeraph,,"","Tarn Taran","Punjab","Wards"
city,tasgaon,cities/tasgaon.geojson,SBM/ramSeraph,,"","Tasgaon","Maharashtra","Wards"
city,tavaragera,cities/tavaragera.geojson,SBM/ramSeraph,,"","Tavaragera","Karnataka","Wards"
city,teghra,cities/teghra.geojson,SBM/ramSeraph,,"","Teghra","Bihar","Wards"
city,tekkalakote,cities/tekkalakote.geojson,SBM/ramSeraph,,"","Tekkalakote","Karnataka","Wards"
city,tenali,cities/tenali.geojson,SBM/ramSeraph,,"","Tenali","Andhra Pradesh","Wards"
city,tendukheda,cities/tendukheda.geojson,SBM/ramSeraph,,"","Tendukheda","Madhya Pradesh","Wards"
city,teonthar,cities/teonthar.geojson,SBM/ramSeraph,,"","Teonthar","Madhya Pradesh","Wards"
city,teosa,cities/teosa.geojson,SBM/ramSeraph,,"","Teosa","Maharashtra","Wards"
city,tezpur,cities/tezpur.geojson,SBM/ramSeraph,,"","Tezpur","Assam","Wards"
city,thalassery,cities/thalassery.geojson,SBM/ramSeraph,,"","Thalassery","Kerala","Wards"
city,than_khamhariya,cities/than_khamhariya.geojson,SBM/ramSeraph,,"","Than Khamhariya","Chhattisgarh","Wards"
city,thana_bhawan,cities/thana_bhawan.geojson,SBM/ramSeraph,,"","Thana Bhawan","Uttar Pradesh","Wards"
city,thanagazi,cities/thanagazi.geojson,SBM/ramSeraph,,"","Thanagazi","Rajasthan","Wards"
city,thandla,cities/thandla.geojson,SBM/ramSeraph,,"","Thandla","Madhya Pradesh","Wards"
city,thanesar,cities/thanesar.geojson,SBM/ramSeraph,,"","Thanesar","Haryana","Wards"
city,thanjavur,cities/thanjavur.geojson,LivingAtlas/ramSeraph,,"","Thanjavur","Tamil Nadu","Wards"
city,thanur,cities/thanur.geojson,SBM/ramSeraph,,"","Thanur","Kerala","Wards"
city,tharamangalam,cities/tharamangalam.geojson,SBM/ramSeraph,,"","Tharamangalam","Tamil Nadu","Wards"
city,theni_allinagaram,cities/theni_allinagaram.geojson,SBM/ramSeraph,,"","Theni-Allinagaram","Tamil Nadu","Wards"
city,thiriya_nizawat_khan,cities/thiriya_nizawat_khan.geojson,SBM/ramSeraph,,"","Thiriya Nizawat Khan","Uttar Pradesh","Wards"
city,thirthahalli,cities/thirthahalli.geojson,SBM/ramSeraph,,"","Thirthahalli","Karnataka","Wards"
city,thirukoilur,cities/thirukoilur.geojson,SBM/ramSeraph,,"","Thirukoilur","Tamil Nadu","Wards"
city,thirumangalam,cities/thirumangalam.geojson,SBM/ramSeraph,,"","Thirumangalam","Tamil Nadu","Wards"
city,thirumuruganpoondi,cities/thirumuruganpoondi.geojson,SBM/ramSeraph,,"","Thirumuruganpoondi","Tamil Nadu","Wards"
city,thiruthuraipoondi,cities/thiruthuraipoondi.geojson,SBM/ramSeraph,,"","Thiruthuraipoondi","Tamil Nadu","Wards"
city,thiruvananthapuram,cities/thiruvananthapuram.geojson,SBM/ramSeraph,,"","Thiruvananthapuram","Kerala","Wards"
city,thiruvananthpuram,cities/thiruvananthpuram.geojson,SBM/ramSeraph,,"","Thiruvananthpuram","Kerala","Wards"
city,thiruvarur,cities/thiruvarur.geojson,SBM/ramSeraph,,"","Thiruvarur","Tamil Nadu","Wards"
city,thiruvathipuram,cities/thiruvathipuram.geojson,SBM/ramSeraph,,"","Thiruvathipuram","Tamil Nadu","Wards"
city,thodupuzha,cities/thodupuzha.geojson,SBM/ramSeraph,,"","Thodupuzha","Kerala","Wards"
city,thoopran,cities/thoopran.geojson,SBM/ramSeraph,,"","Thoopran","Telangana","Wards"
city,thoothukudi,cities/thoothukudi.geojson,SBM/ramSeraph,,"","Thoothukudi","Tamil Nadu","Wards"
city,thorrur,cities/thorrur.geojson,SBM/ramSeraph,,"","Thorrur","Telangana","Wards"
city,thoubal,cities/thoubal.geojson,LivingAtlas/ramSeraph,,"","Thoubal","Manipur","Wards"
city,thrikkakara,cities/thrikkakara.geojson,SBM/ramSeraph,,"","Thrikkakara","Kerala","Wards"
city,thrippunithura,cities/thrippunithura.geojson,SBM/ramSeraph,,"","Thrippunithura","Kerala","Wards"
city,thrissur,cities/thrissur.geojson,SBM/ramSeraph,,"","Thrissur","Kerala","Wards"
city,thukkuguda,cities/thukkuguda.geojson,SBM/ramSeraph,,"","Thukkuguda","Telangana","Wards"
city,thuraiyur,cities/thuraiyur.geojson,SBM/ramSeraph,,"","Thuraiyur","Tamil Nadu","Wards"
city,thuvakudi,cities/thuvakudi.geojson,SBM/ramSeraph,,"","Thuvakudi","Tamil Nadu","Wards"
city,tijara,cities/tijara.geojson,SBM/ramSeraph,,"","Tijara","Rajasthan","Wards"
city,tikri,cities/tikri.geojson,SBM/ramSeraph,,"","Tikri","Uttar Pradesh","Wards"
city,tilda_newra,cities/tilda_newra.geojson,SBM/ramSeraph,,"","Tilda Newra","Chhattisgarh","Wards"
city,tindivanam,cities/tindivanam.geojson,SBM/ramSeraph,,"","Tindivanam","Tamil Nadu","Wards"
city,tinsukia,cities/tinsukia.geojson,SBM/ramSeraph,,"","Tinsukia","Assam","Wards"
city,tiptur_cmc,cities/tiptur_cmc.geojson,SBM/ramSeraph,,"","Tiptur Cmc","Karnataka","Wards"
city,tirora,cities/tirora.geojson,SBM/ramSeraph,,"","Tirora","Maharashtra","Wards"
city,tirthpuri,cities/tirthpuri.geojson,SBM/ramSeraph,,"","Tirthpuri","Maharashtra","Wards"
city,tiruchengode,cities/tiruchengode.geojson,SBM/ramSeraph,,"","Tiruchengode","Tamil Nadu","Wards"
city,tirumakudal_narsipur,cities/tirumakudal_narsipur.geojson,SBM/ramSeraph,,"","Tirumakudal Narsipur","Karnataka","Wards"
city,tirupathur,cities/tirupathur.geojson,SBM/ramSeraph,,"","Tirupathur","Tamil Nadu","Wards"
city,tirupati,cities/tirupati.geojson,SBM/ramSeraph,,"","Tirupati","Andhra Pradesh","Wards"
city,tirur,cities/tirur.geojson,SBM/ramSeraph,,"","Tirur","Kerala","Wards"
city,tiruvannamalai,cities/tiruvannamalai.geojson,SBM/ramSeraph,,"","Tiruvannamalai","Tamil Nadu","Wards"
city,tiruvuru,cities/tiruvuru.geojson,SBM/ramSeraph,,"","Tiruvuru","Andhra Pradesh","Wards"
city,tirwaganj,cities/tirwaganj.geojson,SBM/ramSeraph,,"","Tirwaganj","Uttar Pradesh","Wards"
city,titagarh,cities/titagarh.geojson,WB_AMRUT/ramSeraph,,"","Titagarh","West Bengal","Wards"
city,titilagarh,cities/titilagarh.geojson,SBM/ramSeraph,,"","Titilagarh","Odisha","Wards"
city,titron,cities/titron.geojson,SBM/ramSeraph,,"","Titron","Uttar Pradesh","Wards"
city,tmc_hukkeri,cities/tmc_hukkeri.geojson,SBM/ramSeraph,,"","Tmc Hukkeri","Karnataka","Wards"
city,todabhim,cities/todabhim.geojson,SBM/ramSeraph,,"","Todabhim","Rajasthan","Wards"
city,todarai_singh,cities/todarai_singh.geojson,SBM/ramSeraph,,"","Todarai Singh","Rajasthan","Wards"
city,tohana,cities/tohana.geojson,SBM/ramSeraph,,"","Tohana","Haryana","Wards"
city,tonk,cities/tonk.geojson,SBM/ramSeraph,,"","Tonk","Rajasthan","Wards"
city,tonkkhurd,cities/tonkkhurd.geojson,SBM/ramSeraph,,"","Tonkkhurd","Madhya Pradesh","Wards"
city,town_panchayat_guttal,cities/town_panchayat_guttal.geojson,SBM/ramSeraph,,"","Town Panchayat Guttal","Karnataka","Wards"
city,tpratapgarh_city,cities/tpratapgarh_city.geojson,SBM/ramSeraph,,"","Tpratapgarh City","Uttar Pradesh","Wards"
city,tral,cities/tral.geojson,SBM/ramSeraph,,"","Tral","Jammu & Kashmir","Wards"
city,tulsipur,cities/tulsipur.geojson,SBM/ramSeraph,,"","Tulsipur","Uttar Pradesh","Wards"
city,tumakuru,cities/tumakuru.geojson,SBM/ramSeraph,,"","Tumakuru","Karnataka","Wards"
city,tumgaon,cities/tumgaon.geojson,SBM/ramSeraph,,"","Tumgaon","Chhattisgarh","Wards"
city,tumsar,cities/tumsar.geojson,SBM/ramSeraph,,"","Tumsar","Maharashtra","Wards"
city,tundra,cities/tundra.geojson,SBM/ramSeraph,,"","Tundra","Chhattisgarh","Wards"
city,tuni,cities/tuni.geojson,SBM/ramSeraph,,"","Tuni","Andhra Pradesh","Wards"
city,turkayamjal,cities/turkayamjal.geojson,SBM/ramSeraph,,"","Turkayamjal","Telangana","Wards"
city,tusura,cities/tusura.geojson,SBM/ramSeraph,,"","Tusura","Odisha","Wards"
city,ucchain,cities/ucchain.geojson,SBM/ramSeraph,,"","Ucchain","Rajasthan","Wards"
city,uchana,cities/uchana.geojson,SBM/ramSeraph,,"","Uchana","Haryana","Wards"
city,udaipur,cities/udaipur.geojson,SBM/ramSeraph,,"","Udaipur","Rajasthan","Wards"
city,udaipurwati,cities/udaipurwati.geojson,SBM/ramSeraph,,"","Udaipurwati","Rajasthan","Wards"
city,udala,cities/udala.geojson,SBM/ramSeraph,,"","Udala","Odisha","Wards"
city,udgir,cities/udgir.geojson,SBM/ramSeraph,,"","Udgir","Maharashtra","Wards"
city,udhagamandalam,cities/udhagamandalam.geojson,SBM/ramSeraph,,"","Udhagamandalam","Tamil Nadu","Wards"
city,udhampur,cities/udhampur.geojson,SBM/ramSeraph,,"","Udhampur","Jammu & Kashmir","Wards"
city,udumalpet,cities/udumalpet.geojson,SBM/ramSeraph,,"","Udumalpet","Tamil Nadu","Wards"
city,ugar_khurd,cities/ugar_khurd.geojson,SBM/ramSeraph,,"","Ugar Khurd","Karnataka","Wards"
city,ujhani,cities/ujhani.geojson,SBM/ramSeraph,,"","Ujhani","Uttar Pradesh","Wards"
city,ujhari,cities/ujhari.geojson,SBM/ramSeraph,,"","Ujhari","Uttar Pradesh","Wards"
city,ujjain,cities/ujjain.geojson,SBM/ramSeraph,,"","Ujjain","Madhya Pradesh","Wards"
city,uklana,cities/uklana.geojson,SBM/ramSeraph,,"","Uklana","Haryana","Wards"
city,ulhasnagar,cities/ulhasnagar.geojson,SBM/ramSeraph,,"","Ulhasnagar","Maharashtra","Wards"
city,umari,cities/umari.geojson,SBM/ramSeraph,,"","Umari","Uttar Pradesh","Wards"
city,umaria,cities/umaria.geojson,SBM/ramSeraph,,"","Umaria","Madhya Pradesh","Wards"
city,umarkhed,cities/umarkhed.geojson,SBM/ramSeraph,,"","Umarkhed","Maharashtra","Wards"
city,umred,cities/umred.geojson,SBM/ramSeraph,,"","Umred","Maharashtra","Wards"
city,umri_kalan,cities/umri_kalan.geojson,SBM/ramSeraph,,"","Umri Kalan","Uttar Pradesh","Wards"
city,un,cities/un.geojson,SBM/ramSeraph,,"","Un","Uttar Pradesh","Wards"
city,una,cities/una.geojson,SBM/ramSeraph,,"","Una","Himachal Pradesh","Wards"
city,unchahar,cities/unchahar.geojson,SBM/ramSeraph,,"","Unchahar","Uttar Pradesh","Wards"
city,unchahara,cities/unchahara.geojson,SBM/ramSeraph,,"","Unchahara","Madhya Pradesh","Wards"
city,unhel,cities/unhel.geojson,SBM/ramSeraph,,"","Unhel","Madhya Pradesh","Wards"
city,uniara,cities/uniara.geojson,SBM/ramSeraph,,"","Uniara","Rajasthan","Wards"
city,uran,cities/uran.geojson,SBM/ramSeraph,,"","Uran","Maharashtra","Wards"
city,uri,cities/uri.geojson,SBM/ramSeraph,,"","Uri","Jammu & Kashmir","Wards"
city,urmar_tanda,cities/urmar_tanda.geojson,SBM/ramSeraph,,"","Urmar Tanda","Punjab","Wards"
city,urun_islampur,cities/urun_islampur.geojson,SBM/ramSeraph,,"","Urun Islampur","Maharashtra","Wards"
city,uruva_bazar,cities/uruva_bazar.geojson,SBM/ramSeraph,,"","Uruva Bazar","Uttar Pradesh","Wards"
city,usilampatti,cities/usilampatti.geojson,SBM/ramSeraph,,"","Usilampatti","Tamil Nadu","Wards"
city,utai,cities/utai.geojson,SBM/ramSeraph,,"","Utai","Chhattisgarh","Wards"
city,utraula,cities/utraula.geojson,SBM/ramSeraph,,"","Utraula","Uttar Pradesh","Wards"
city,vadakara,cities/vadakara.geojson,SBM/ramSeraph,,"","Vadakara","Kerala","Wards"
city,vadalur,cities/vadalur.geojson,SBM/ramSeraph,,"","Vadalur","Tamil Nadu","Wards"
city,vadgaonmaval,cities/vadgaonmaval.geojson,SBM/ramSeraph,,"","Vadgaonmaval","Maharashtra","Wards"
city,vaibhavwadi,cities/vaibhavwadi.geojson,SBM/ramSeraph,,"","Vaibhavwadi","Maharashtra","Wards"
city,vaijapur,cities/vaijapur.geojson,SBM/ramSeraph,,"","Vaijapur","Maharashtra","Wards"
city,vaikom,cities/vaikom.geojson,SBM/ramSeraph,,"","Vaikom","Kerala","Wards"
city,valparai,cities/valparai.geojson,SBM/ramSeraph,,"","Valparai","Tamil Nadu","Wards"
city,valpoi,cities/valpoi.geojson,SBM/ramSeraph,,"","Valpoi","Goa","Wards"
city,valsad,cities/valsad.geojson,SBM/ramSeraph,,"","Valsad","Gujarat","Wards"
city,vandavasi,cities/vandavasi.geojson,SBM/ramSeraph,,"","Vandavasi","Tamil Nadu","Wards"
city,vaniyambadi,cities/vaniyambadi.geojson,SBM/ramSeraph,,"","Vaniyambadi","Tamil Nadu","Wards"
city,vapi,cities/vapi.geojson,SBM/ramSeraph,,"","Vapi","Gujarat","Wards"
city,varanasi,cities/varanasi.geojson,LivingAtlas/ramSeraph,,"","Varanasi","Uttar Pradesh","Wards"
city,varanasinagarnigam,cities/varanasinagarnigam.geojson,SBM/ramSeraph,,"","Varanasinagarnigam","Uttar Pradesh","Wards"
city,varangaon,cities/varangaon.geojson,SBM/ramSeraph,,"","Varangaon","Maharashtra","Wards"
city,varkala,cities/varkala.geojson,SBM/ramSeraph,,"","Varkala","Kerala","Wards"
city,vasai_virar,cities/vasai_virar.geojson,LivingAtlas/ramSeraph,,"","Vasai-Virar","Maharashtra","Wards"
city,vasaivirar,cities/vasaivirar.geojson,SBM/ramSeraph,,"","Vasaivirar","Maharashtra","Wards"
city,vashi,cities/vashi.geojson,SBM/ramSeraph,,"","Vashi","Maharashtra","Wards"
city,vedharanyam,cities/vedharanyam.geojson,SBM/ramSeraph,,"","Vedharanyam","Tamil Nadu","Wards"
city,vellakovil,cities/vellakovil.geojson,SBM/ramSeraph,,"","Vellakovil","Tamil Nadu","Wards"
city,vellore,cities/vellore.geojson,SBM/ramSeraph,,"","Vellore","Tamil Nadu","Wards"
city,vemulawada,cities/vemulawada.geojson,SBM/ramSeraph,,"","Vemulawada","Telangana","Wards"
city,venkatagirl,cities/venkatagirl.geojson,SBM/ramSeraph,,"","Venkatagirl","Andhra Pradesh","Wards"
city,veraval,cities/veraval.geojson,SBM/ramSeraph,,"","Veraval","Gujarat","Wards"
city,vickramasingapuram,cities/vickramasingapuram.geojson,SBM/ramSeraph,,"","Vickramasingapuram","Tamil Nadu","Wards"
city,vidhyavihar,cities/vidhyavihar.geojson,SBM/ramSeraph,,"","Vidhyavihar","Rajasthan","Wards"
city,vidisha,cities/vidisha.geojson,SBM/ramSeraph,,"","Vidisha","Madhya Pradesh","Wards"
city,vijaigarh,cities/vijaigarh.geojson,SBM/ramSeraph,,"","Vijaigarh","Uttar Pradesh","Wards"
city,vijayapura_tmc,cities/vijayapura_tmc.geojson,SBM/ramSeraph,,"","Vijayapura Tmc","Karnataka","Wards"
city,vijaypur,cities/vijaypur.geojson,SBM/ramSeraph,,"","Vijaypur","Jammu & Kashmir","Wards"
city,vijayraghavgarh,cities/vijayraghavgarh.geojson,SBM/ramSeraph,,"","Vijayraghavgarh","Madhya Pradesh","Wards"
city,vikarabad,cities/vikarabad.geojson,SBM/ramSeraph,,"","Vikarabad","Telangana","Wards"
city,vikasnagar,cities/vikasnagar.geojson,SBM/ramSeraph,,"","Vikasnagar","Uttarakhand","Wards"
city,vikramgad,cities/vikramgad.geojson,SBM/ramSeraph,,"","Vikramgad","Maharashtra","Wards"
city,viluppuram,cities/viluppuram.geojson,SBM/ramSeraph,,"","Viluppuram","Tamil Nadu","Wards"
city,vinukonda,cities/vinukonda.geojson,SBM/ramSeraph,,"","Vinukonda","Andhra Pradesh","Wards"
city,virajpet,cities/virajpet.geojson,SBM/ramSeraph,,"","Virajpet","Karnataka","Wards"
city,virat_nagar,cities/virat_nagar.geojson,SBM/ramSeraph,,"","Virat Nagar","Rajasthan","Wards"
city,vishakhapatanam,cities/vishakhapatanam.geojson,LivingAtlas/ramSeraph,,"","Vishakhapatanam","Andhra Pradesh","Wards"
city,vishakhapatnam,cities/vishakhapatnam.geojson,LivingAtlas/ramSeraph,,"","Vishakhapatnam","Andhra Pradesh","Wards"
city,vita,cities/vita.geojson,SBM/ramSeraph,,"","Vita","Maharashtra","Wards"
city,vitla,cities/vitla.geojson,SBM/ramSeraph,,"","Vitla","Karnataka","Wards"
city,vizianagaram,cities/vizianagaram.geojson,SBM/ramSeraph,,"","Vizianagaram","Andhra Pradesh","Wards"
city,vuyyuru,cities/vuyyuru.geojson,SBM/ramSeraph,,"","Vuyyuru","Andhra Pradesh","Wards"
city,wada,cities/wada.geojson,SBM/ramSeraph,,"","Wada","Maharashtra","Wards"
city,wadakkancheri,cities/wadakkancheri.geojson,SBM/ramSeraph,,"","Wadakkancheri","Kerala","Wards"
city,waddepalle,cities/waddepalle.geojson,SBM/ramSeraph,,"","Waddepalle","Telangana","Wards"
city,wadi_ka,cities/wadi_ka.geojson,SBM/ramSeraph,,"","Wadi","Karnataka","Wards"
city,wadi_mh,cities/wadi_mh.geojson,SBM/ramSeraph,,"","Wadi","Maharashtra","Wards"
city,wadrafnagar,cities/wadrafnagar.geojson,SBM/ramSeraph,,"","Wadrafnagar","Chhattisgarh","Wards"
city,wai,cities/wai.geojson,SBM/ramSeraph,,"","Wai","Maharashtra","Wards"
city,walajapet,cities/walajapet.geojson,SBM/ramSeraph,,"","Walajapet","Tamil Nadu","Wards"
city,walidpur,cities/walidpur.geojson,SBM/ramSeraph,,"","Walidpur","Uttar Pradesh","Wards"
city,wanadongri,cities/wanadongri.geojson,SBM/ramSeraph,,"","Wanadongri","Maharashtra","Wards"
city,wanaparthy,cities/wanaparthy.geojson,SBM/ramSeraph,,"","Wanaparthy","Telangana","Wards"
city,wani,cities/wani.geojson,SBM/ramSeraph,,"","Wani","Maharashtra","Wards"
city,warangal,cities/warangal.geojson,LivingAtlas/ramSeraph,,"","Warangal","Telangana","Wards"
city,waraseoni,cities/waraseoni.geojson,SBM/ramSeraph,,"","Waraseoni","Madhya Pradesh","Wards"
city,wardha,cities/wardha.geojson,SBM/ramSeraph,,"","Wardha","Maharashtra","Wards"
city,wardhannapet,cities/wardhannapet.geojson,SBM/ramSeraph,,"","Wardhannapet","Telangana","Wards"
city,warhapur,cities/warhapur.geojson,SBM/ramSeraph,,"","Warhapur","Uttar Pradesh","Wards"
city,warora,cities/warora.geojson,SBM/ramSeraph,,"","Warora","Maharashtra","Wards"
city,warud,cities/warud.geojson,SBM/ramSeraph,,"","Warud","Maharashtra","Wards"
city,washim,cities/washim.geojson,SBM/ramSeraph,,"","Washim","Maharashtra","Wards"
city,watra_gam,cities/watra_gam.geojson,SBM/ramSeraph,,"","Watra Gam","Jammu & Kashmir","Wards"
city,wazirganj,cities/wazirganj.geojson,SBM/ramSeraph,,"","Wazirganj","Uttar Pradesh","Wards"
city,weir,cities/weir.geojson,SBM/ramSeraph,,"","Weir","Rajasthan","Wards"
city,wokha,cities/wokha.geojson,SBM/ramSeraph,,"","Wokha","Nagaland","Wards"
city,wyra,cities/wyra.geojson,SBM/ramSeraph,,"","Wyra","Telangana","Wards"
city,yadagirigutta,cities/yadagirigutta.geojson,SBM/ramSeraph,,"","Yadagirigutta","Telangana","Wards"
city,yadgir,cities/yadgir.geojson,SBM/ramSeraph,,"","Yadgir","Karnataka","Wards"
city,yamunanagar,cities/yamunanagar.geojson,SBM/ramSeraph,,"","Yamunanagar","Haryana","Wards"
city,yavatmal,cities/yavatmal.geojson,SBM/ramSeraph,,"","Yavatmal","Maharashtra","Wards"
city,yawal,cities/yawal.geojson,SBM/ramSeraph,,"","Yawal","Maharashtra","Wards"
city,yelamanchali,cities/yelamanchali.geojson,SBM/ramSeraph,,"","Yelamanchali","Andhra Pradesh","Wards"
city,yelandur,cities/yelandur.geojson,SBM/ramSeraph,,"","Yelandur","Karnataka","Wards"
city,yelburga,cities/yelburga.geojson,SBM/ramSeraph,,"","Yelburga","Karnataka","Wards"
city,yeleswaram,cities/yeleswaram.geojson,SBM/ramSeraph,,"","Yeleswaram","Andhra Pradesh","Wards"
city,yellandu,cities/yellandu.geojson,SBM/ramSeraph,,"","Yellandu","Telangana","Wards"
city,yellapur,cities/yellapur.geojson,SBM/ramSeraph,,"","Yellapur","Karnataka","Wards"
city,yellareddy,cities/yellareddy.geojson,SBM/ramSeraph,,"","Yellareddy","Telangana","Wards"
city,yemmiganur,cities/yemmiganur.geojson,SBM/ramSeraph,,"","Yemmiganur","Andhra Pradesh","Wards"
city,yeola,cities/yeola.geojson,SBM/ramSeraph,,"","Yeola","Maharashtra","Wards"
city,yerraguntla,cities/yerraguntla.geojson,SBM/ramSeraph,,"","Yerraguntla","Andhra Pradesh","Wards"
city,zamania,cities/zamania.geojson,SBM/ramSeraph,,"","Zamania","Uttar Pradesh","Wards"
city,zari,cities/zari.geojson,SBM/ramSeraph,,"","Zari","Maharashtra","Wards"
city,zira,cities/zira.geojson,SBM/ramSeraph,,"","Zira","Punjab","Wards"
city,zirakpur,cities/zirakpur.geojson,SBM/ramSeraph,,"","Zirakpur","Punjab","Wards"
city,zunheboto,cities/zunheboto.geojson,SBM/ramSeraph,,"","Zunheboto","Nagaland","Wards"