state_name,subdistrict_name,value
ANDAMAN & NICOBAR,CAMPBELL BAY,1
ANDAMAN & NICOBAR,CAR NICOBAR,2
ANDAMAN & NICOBAR,DIGLIPUR,3
ANDAMAN & NICOBAR,FERARGANJ,4
ANDAMAN & NICOBAR,LITTLE ANDAMAN,5
ANDAMAN & NICOBAR,MAYA BUNDAR,6
ANDAMAN & NICOBAR,NONCOWRY,7
ANDAMAN & NICOBAR,PORT BLAIR,8
ANDAMAN & NICOBAR,RANGAT,9
ANDHRA PRADESH,ACHANTA,10
ANDHRA PRADESH,ACHCHAMPETA,11
ANDHRA PRADESH,ACHCHUTAPURAM,12
ANDHRA PRADESH,ADDANKI,13
ANDHRA PRADESH,ADDATIGALA,14
ANDHRA PRADESH,ADONI,15
ANDHRA PRADESH,AGALI,16
ANDHRA PRADESH,AGIRIPALLE,17
ANDHRA PRADESH,AINAVALLI,18
ANDHRA PRADESH,AKIVIDU,19
ANDHRA PRADESH,ALAMURUI,20
ANDHRA PRADESH,ALLAGADDA,21
ANDHRA PRADESH,ALLAVARAM,22
ANDHRA PRADESH,ALLUR,23
ANDHRA PRADESH,ALUR,24
ANDHRA PRADESH,AMADAGUR,25
ANDHRA PRADESH,AMALAPURAM,26
ANDHRA PRADESH,AMARAPURAM,27
ANDHRA PRADESH,AMARAVATI,28
ANDHRA PRADESH,AMBAJIPETA,29
ANDHRA PRADESH,AMRUTALURU,30
ANDHRA PRADESH,AMUDALAVALASA,31
ANDHRA PRADESH,ANAKAPALLE,32
ANDHRA PRADESH,ANANDAPURAM,33
ANDHRA PRADESH,ANANTAGIRI,34
ANDHRA PRADESH,ANANTAPUR,35
ANDHRA PRADESH,ANANTHASAGARAM,36
ANDHRA PRADESH,ANAPARTHI,37
ANDHRA PRADESH,ANUSAMUDRAMPETA,38
ANDHRA PRADESH,ARAKU VALLEY,39
ANDHRA PRADESH,ARDHAVIDU,40
ANDHRA PRADESH,ASPARI,41
ANDHRA PRADESH,ATLAPRAGADA KONDURU,42
ANDHRA PRADESH,ATLUR,43
ANDHRA PRADESH,ATMAKUR,44
ANDHRA PRADESH,ATMAKURU,45
ANDHRA PRADESH,ATREYAPURAM,46
ANDHRA PRADESH,ATTILI,47
ANDHRA PRADESH,AVANIGADDA,48
ANDHRA PRADESH,B KODURU,49
ANDHRA PRADESH,BADANGI,50
ANDHRA PRADESH,BADVEL,51
ANDHRA PRADESH,BAIREDDIPALLE,52
ANDHRA PRADESH,BALAIAHPALLI,53
ANDHRA PRADESH,BALIJIPETA,54
ANDHRA PRADESH,BALLIKURAVA,55
ANDHRA PRADESH,BANDI ATMAKURU,56
ANDHRA PRADESH,BANGANAPALLE,57
ANDHRA PRADESH,BANGARUPALEM,58
ANDHRA PRADESH,BANTUMMILLI,59
ANDHRA PRADESH,BAPATLA,60
ANDHRA PRADESH,BAPULAPADU,61
ANDHRA PRADESH,BATHALAPALLE,62
ANDHRA PRADESH,BELAGAL,63
ANDHRA PRADESH,BELLAMKONDA,64
ANDHRA PRADESH,BELUGUPPA,65
ANDHRA PRADESH,BESTAVARAPUPETA,66
ANDHRA PRADESH,BETAMCHERLA,67
ANDHRA PRADESH,BHADRACHALAM,68
ANDHRA PRADESH,BHAMINI,69
ANDHRA PRADESH,BHATTIPROLU,70
ANDHRA PRADESH,BHIMADOLU,71
ANDHRA PRADESH,BHIMAVARAM,72
ANDHRA PRADESH,BHIMUNIPATNAM,73
ANDHRA PRADESH,BHOGAPURAM,74
ANDHRA PRADESH,BIKKAVOLU,75
ANDHRA PRADESH,BIRANGI KOTHAKOTA,76
ANDHRA PRADESH,BOBBILI,77
ANDHRA PRADESH,BOGOLE,78
ANDHRA PRADESH,BOLLAPALLI,79
ANDHRA PRADESH,BOMMANAHAL,80
ANDHRA PRADESH,BONDAPALLI,81
ANDHRA PRADESH,BRAHMAMGARI MATHAM,82
ANDHRA PRADESH,BRAHMASAMUDRAM,83
ANDHRA PRADESH,BUCHCHAYYAPETA,84
ANDHRA PRADESH,BUCHIREDDIPALEM,85
ANDHRA PRADESH,BUKKAPATNAM,86
ANDHRA PRADESH,BURJA,87
ANDHRA PRADESH,BUTCHINAYUDUKANDRIGA,88
ANDHRA PRADESH,BUTTAIGUDEM,89
ANDHRA PRADESH,CHAGALAMARRI,90
ANDHRA PRADESH,CHAGALLU,91
ANDHRA PRADESH,CHALLAPALLE,92
ANDHRA PRADESH,CHANDARLAPADU,93
ANDHRA PRADESH,CHANDRAGIRI,94
ANDHRA PRADESH,CHANDRASEKHARAPURAM,95
ANDHRA PRADESH,CHAPAD,96
ANDHRA PRADESH,CHATRAYI,97
ANDHRA PRADESH,CHEBROLU,98
ANDHRA PRADESH,CHEJERLA,99
ANDHRA PRADESH,CHEKRAYAPETA,100
ANDHRA PRADESH,CHENNAKESAVAPURAM,1
ANDHRA PRADESH,CHENNEKOTHAPALLE,2
ANDHRA PRADESH,CHENNUR,3
ANDHRA PRADESH,CHERUKUPALLI,4
ANDHRA PRADESH,CHIDIKADA,5
ANDHRA PRADESH,CHILAKALURIPET,6
ANDHRA PRADESH,CHILAMATHUR,7
ANDHRA PRADESH,CHILLAKUR,8
ANDHRA PRADESH,CHIMAKURTI,9
ANDHRA PRADESH,CHINNA GANJAM,10
ANDHRA PRADESH,CHINNAGOTTIGALLU,11
ANDHRA PRADESH,CHINNAMANDEM,12
ANDHRA PRADESH,CHINTAKOMMADINNE,13
ANDHRA PRADESH,CHINTALAPUDI,14
ANDHRA PRADESH,CHINTAPALLI,15
ANDHRA PRADESH,CHINTUR,16
ANDHRA PRADESH,CHIPPAGIRI,17
ANDHRA PRADESH,CHIPURUPALLE,18
ANDHRA PRADESH,CHIRALA,19
ANDHRA PRADESH,CHITTAMUR,20
ANDHRA PRADESH,CHITTOOR,21
ANDHRA PRADESH,CHITVEL,22
ANDHRA PRADESH,CHODAVARAM,23
ANDHRA PRADESH,CHOWDEPALLE,24
ANDHRA PRADESH,CHUNDURU,25
ANDHRA PRADESH,CUDDAPAH,26
ANDHRA PRADESH,DACHEPALLI,27
ANDHRA PRADESH,DAGADARTI,28
ANDHRA PRADESH,DAKKILI,29
ANDHRA PRADESH,DARSI,30
ANDHRA PRADESH,DATTIRAJERU,31
ANDHRA PRADESH,DENDULURU,32
ANDHRA PRADESH,DENKADA,33
ANDHRA PRADESH,DEVANAKONDA,34
ANDHRA PRADESH,DEVARAPALLE,35
ANDHRA PRADESH,DEVARAPALLI,36
ANDHRA PRADESH,DEVIPATNAM,37
ANDHRA PRADESH,DHARMAVARAM,38
ANDHRA PRADESH,DHONE,39
ANDHRA PRADESH,DONAKONDA,40
ANDHRA PRADESH,DORAVARISATRAM,41
ANDHRA PRADESH,DORNALA,42
ANDHRA PRADESH,DORNIPADU,43
ANDHRA PRADESH,DUGGIRALA,44
ANDHRA PRADESH,DUMBRIGUDA,45
ANDHRA PRADESH,DURGI,46
ANDHRA PRADESH,DUTTALUR,47
ANDHRA PRADESH,DUVVUR,48
ANDHRA PRADESH,DWARAKATIRUMALA,49
ANDHRA PRADESH,ECHCHERLA,50
ANDHRA PRADESH,EDLAPADU,51
ANDHRA PRADESH,ELAMANCHILI,52
ANDHRA PRADESH,ELESWARAM,53
ANDHRA PRADESH,ELURU,54
ANDHRA PRADESH,EMMIGANUR,55
ANDHRA PRADESH,ERPEDU,56
ANDHRA PRADESH,ERRAGONDAPALEM,57
ANDHRA PRADESH,G.MADUGULA,58
ANDHRA PRADESH,GADDAMANUGU KONDURU,59
ANDHRA PRADESH,GADIVEMULA,60
ANDHRA PRADESH,GAJAPATINAGARAM,61
ANDHRA PRADESH,GAJUVAKA,62
ANDHRA PRADESH,GALIVIDU,63
ANDHRA PRADESH,GAMPALAGUDEM,64
ANDHRA PRADESH,GANAPAVARAM,65
ANDHRA PRADESH,GANDEPALLE,66
ANDHRA PRADESH,GANDLAPENTA,67
ANDHRA PRADESH,GANGADHARANELLORE,68
ANDHRA PRADESH,GANGAVARAM,69
ANDHRA PRADESH,GANGUVARI SIGADAM,70
ANDHRA PRADESH,GANNAVARAM,71
ANDHRA PRADESH,GANTYADA,72
ANDHRA PRADESH,GARA,73
ANDHRA PRADESH,GARIVIDI,74
ANDHRA PRADESH,GARLADINNE,75
ANDHRA PRADESH,GARUGUBILLI,76
ANDHRA PRADESH,GHANTASALA,77
ANDHRA PRADESH,GIDDALUR,78
ANDHRA PRADESH,GOKAVARAM,79
ANDHRA PRADESH,GOLLAPROLU,80
ANDHRA PRADESH,GOLUGONDA,81
ANDHRA PRADESH,GONEGANDLA,82
ANDHRA PRADESH,GOPAVARAM,83
ANDHRA PRADESH,GORENTLA,84
ANDHRA PRADESH,GOSPADU,85
ANDHRA PRADESH,GUDEM KOTHA VEEDHI,86
ANDHRA PRADESH,GUDIBANDA,87
ANDHRA PRADESH,GUDIPALA,88
ANDHRA PRADESH,GUDIPALLI,89
ANDHRA PRADESH,GUDIVADA,90
ANDHRA PRADESH,GUDLAVALLERU,91
ANDHRA PRADESH,GUDULUR,92
ANDHRA PRADESH,GUDUR,93
ANDHRA PRADESH,GUDURU,94
ANDHRA PRADESH,GUMMA LAKSHMĪPURAM,95
ANDHRA PRADESH,GUMMAGATTA,96
ANDHRA PRADESH,GUNTAKAL,97
ANDHRA PRADESH,GUNTUR,98
ANDHRA PRADESH,GURAJALA,99
ANDHRA PRADESH,GURLA,100
ANDHRA PRADESH,GURRAMKONDA,1
ANDHRA PRADESH,HANUMANTUNIPADU,2
ANDHRA PRADESH,HINDUPUR,3
ANDHRA PRADESH,HIRAMANDALAM,4
ANDHRA PRADESH,HIREHALLU HOSHAHALLI,5
ANDHRA PRADESH,HOLAGUNDA,6
ANDHRA PRADESH,HUKUMPETA,7
ANDHRA PRADESH,I POLAVARAM,8
ANDHRA PRADESH,IBRAHIMPATNAM,9
ANDHRA PRADESH,ICHCHAPURAM,10
ANDHRA PRADESH,INDUKURUPETA,11
ANDHRA PRADESH,INKOLLU,12
ANDHRA PRADESH,IPURU,13
ANDHRA PRADESH,IRAGAVARAM,14
ANDHRA PRADESH,IRALA,15
ANDHRA PRADESH,JAGGAMPETA,16
ANDHRA PRADESH,JAGGAYYAPETA,17
ANDHRA PRADESH,JALADANKI,18
ANDHRA PRADESH,JALUMURU,19
ANDHRA PRADESH,JAMI,20
ANDHRA PRADESH,JAMMALAMADUGU,21
ANDHRA PRADESH,JANAKAVARAM PANGULURU,22
ANDHRA PRADESH,JANGAREDDIGUDEM,23
ANDHRA PRADESH,JILUGUMILLI,24
ANDHRA PRADESH,JIYYAMMAVALASA,25
ANDHRA PRADESH,JUPADU BUNGALOW,26
ANDHRA PRADESH,K.V.V.B. PURAM,27
ANDHRA PRADESH,KADIAM,28
ANDHRA PRADESH,KADIRI,29
ANDHRA PRADESH,KAIKALUR,30
ANDHRA PRADESH,KAJULURU,31
ANDHRA PRADESH,KAKINADA,32
ANDHRA PRADESH,KAKUMANU,33
ANDHRA PRADESH,KALAKADA,34
ANDHRA PRADESH,KALASAPADU,35
ANDHRA PRADESH,KALIDINDI,36
ANDHRA PRADESH,KALIGIRI,37
ANDHRA PRADESH,KALIKIRI,38
ANDHRA PRADESH,KALLA,39
ANDHRA PRADESH,KALLUR,40
ANDHRA PRADESH,KALUVOYA,41
ANDHRA PRADESH,KALYANDURG,42
ANDHRA PRADESH,KAMALAPURAM,43
ANDHRA PRADESH,KAMAVARAPUKOTA,44
ANDHRA PRADESH,KAMBADUR,45
ANDHRA PRADESH,KAMBHAM,46
ANDHRA PRADESH,KAMBHAMVARIPALLE,47
ANDHRA PRADESH,KANAGANAPALLE,48
ANDHRA PRADESH,KANCHIKACHERLA,49
ANDHRA PRADESH,KANCHILI,50
ANDHRA PRADESH,KANDUKUR,51
ANDHRA PRADESH,KANEKALLU,52
ANDHRA PRADESH,KANIGIRI,53
ANDHRA PRADESH,KANKIPADU,54
ANDHRA PRADESH,KAPILESWARAPURAM,55
ANDHRA PRADESH,KARAMCHEDU,56
ANDHRA PRADESH,KARAPA,57
ANDHRA PRADESH,KAREMPUDI,58
ANDHRA PRADESH,KARLAPALEM,59
ANDHRA PRADESH,KARVETNAGAR,60
ANDHRA PRADESH,KASIMKOTA,61
ANDHRA PRADESH,KATRENIKONA,62
ANDHRA PRADESH,KAVALI,63
ANDHRA PRADESH,KAVITI,64
ANDHRA PRADESH,KHAJIPETA,65
ANDHRA PRADESH,KINTADA KOTOPADU,66
ANDHRA PRADESH,KIRLAMPUDI,67
ANDHRA PRADESH,KODAVALUR,68
ANDHRA PRADESH,KODUMUR,69
ANDHRA PRADESH,KODUR,70
ANDHRA PRADESH,KODURU,71
ANDHRA PRADESH,KOILKUNTLA,72
ANDHRA PRADESH,KOLIMIGUNDLA,73
ANDHRA PRADESH,KOLLIPARA,74
ANDHRA PRADESH,KOLLURU,75
ANDHRA PRADESH,KOMARADA,76
ANDHRA PRADESH,KOMAROLU,77
ANDHRA PRADESH,KONAKANAMETLA,78
ANDHRA PRADESH,KONDAPI,79
ANDHRA PRADESH,KONDAPURAM,80
ANDHRA PRADESH,KORISAPADU,81
ANDHRA PRADESH,KORUKONDA,82
ANDHRA PRADESH,KOSIGI,83
ANDHRA PRADESH,KOTA,84
ANDHRA PRADESH,KOTABOMMALI,85
ANDHRA PRADESH,KOTANANDURU,86
ANDHRA PRADESH,KOTAURATLA,87
ANDHRA PRADESH,KOTHACHERUVU,88
ANDHRA PRADESH,KOTTAPALLE,89
ANDHRA PRADESH,KOTTAPALLI,90
ANDHRA PRADESH,KOTTAPATNAM,91
ANDHRA PRADESH,KOTTAPETA,92
ANDHRA PRADESH,KOTTAVALASA,93
ANDHRA PRADESH,KOTTURU,94
ANDHRA PRADESH,KOUTHALAM,95
ANDHRA PRADESH,KOVUR,96
ANDHRA PRADESH,KOVVURU,97
ANDHRA PRADESH,KOYYALAGUDEM,98
ANDHRA PRADESH,KOYYURU,99
ANDHRA PRADESH,KRISHNAGIRI,100
ANDHRA PRADESH,KROSUR,1
ANDHRA PRADESH,KRUTTIVENNU,2
ANDHRA PRADESH,KUDERU,3
ANDHRA PRADESH,KUKNURU,4
ANDHRA PRADESH,KUNAVARAM,5
ANDHRA PRADESH,KUNDURPI,6
ANDHRA PRADESH,KUPPAM,7
ANDHRA PRADESH,KURABALAKOTA,8
ANDHRA PRADESH,KURICHEDU,9
ANDHRA PRADESH,KURNOOL,10
ANDHRA PRADESH,KURUPAM,11
ANDHRA PRADESH,KUSUMALA,12
ANDHRA PRADESH,LAKKAVARAPUKOTA,13
ANDHRA PRADESH,LAKKIREDDIPALLE,14
ANDHRA PRADESH,LAVERU,15
ANDHRA PRADESH,LEPAKSHI,16
ANDHRA PRADESH,LINGALA,17
ANDHRA PRADESH,LINGAPALEM,18
ANDHRA PRADESH,LINGASAMUDRAM,19
ANDHRA PRADESH,MACHAVARAM,20
ANDHRA PRADESH,MACHERLA,21
ANDHRA PRADESH,MACHILIPATNAM,22
ANDHRA PRADESH,MADAKASIRA,23
ANDHRA PRADESH,MADANAPALLE,24
ANDHRA PRADESH,MADDIKERA,25
ANDHRA PRADESH,MADDIPADU,26
ANDHRA PRADESH,MADUGULA,27
ANDHRA PRADESH,MAHANANDI,28
ANDHRA PRADESH,MAIDUKURU,29
ANDHRA PRADESH,MAKAVARAPALEM,30
ANDHRA PRADESH,MAKKUVA,31
ANDHRA PRADESH,MALIKIPURAM,32
ANDHRA PRADESH,MAMIDIKUDURU,33
ANDHRA PRADESH,MANDAPETA,34
ANDHRA PRADESH,MANDAVALLI,35
ANDHRA PRADESH,MANGALAGIRI,36
ANDHRA PRADESH,MANTRALAYAM,37
ANDHRA PRADESH,MANUBOLU,38
ANDHRA PRADESH,MAREDUMILLI,39
ANDHRA PRADESH,MARKAPUR,40
ANDHRA PRADESH,MARRIPADU,41
ANDHRA PRADESH,MARRIPUDI,42
ANDHRA PRADESH,MARTURU,43
ANDHRA PRADESH,MEDIKONDURU,44
ANDHRA PRADESH,MELIYAPUTTI,45
ANDHRA PRADESH,MENTADA,46
ANDHRA PRADESH,MERAKAMUDIDAM,47
ANDHRA PRADESH,MIDTURU,48
ANDHRA PRADESH,MOGALTURRU,49
ANDHRA PRADESH,MOPIDEVI,50
ANDHRA PRADESH,MOVVA,51
ANDHRA PRADESH,MUDDANUR,52
ANDHRA PRADESH,MUDINEPALLE,53
ANDHRA PRADESH,MULAKALACHERUVU,54
ANDHRA PRADESH,MUMMIDIVARAM,55
ANDHRA PRADESH,MUNAGAPAKA,56
ANDHRA PRADESH,MUNCHINGIPATTU,57
ANDHRA PRADESH,MUNDLAMURU,58
ANDHRA PRADESH,MUPPALLA,59
ANDHRA PRADESH,MUSUNURU,60
ANDHRA PRADESH,MUTTUKURU,61
ANDHRA PRADESH,MYLAVARAM,62
ANDHRA PRADESH,NADENDLA,63
ANDHRA PRADESH,NAGALAPURAM,64
ANDHRA PRADESH,NAGARAM,65
ANDHRA PRADESH,NAGARI,66
ANDHRA PRADESH,NAGAYALANKA,67
ANDHRA PRADESH,NAGULAUPALAPADU,68
ANDHRA PRADESH,NAKKAPALLI,69
ANDHRA PRADESH,NALLACHERUVU,70
ANDHRA PRADESH,NALLAJERLA,71
ANDHRA PRADESH,NALLAMADA,72
ANDHRA PRADESH,NAMBULIPULIKUNTA,73
ANDHRA PRADESH,NANDALUR,74
ANDHRA PRADESH,NANDAVARAM,75
ANDHRA PRADESH,NANDIGAM,76
ANDHRA PRADESH,NANDIGAMA,77
ANDHRA PRADESH,NANDIKOTKUR,78
ANDHRA PRADESH,NANDIVADA,79
ANDHRA PRADESH,NANDYAL,80
ANDHRA PRADESH,NARASANNAPETA,81
ANDHRA PRADESH,NARASAPUR,82
ANDHRA PRADESH,NARASARAOPET,83
ANDHRA PRADESH,NARAYANAVANAM,84
ANDHRA PRADESH,NARPALA,85
ANDHRA PRADESH,NARSIPATNAM,86
ANDHRA PRADESH,NATAVARAM,87
ANDHRA PRADESH,NAYUDUPETA,88
ANDHRA PRADESH,NEKARIKALLU,89
ANDHRA PRADESH,NELLIMARLA,90
ANDHRA PRADESH,NELLORE,91
ANDHRA PRADESH,NIDADAVOLE,92
ANDHRA PRADESH,NIDAMARRU,93
ANDHRA PRADESH,NIMMANAPALLE,94
ANDHRA PRADESH,NINDRA,95
ANDHRA PRADESH,NIZAMPATNAM,96
ANDHRA PRADESH,NUJENDLA,97
ANDHRA PRADESH,NUZVID,98
ANDHRA PRADESH,OBULADEVARACHERUVU,99
ANDHRA PRADESH,OBULAVARIPALLE,100
ANDHRA PRADESH,OJILI,1
ANDHRA PRADESH,ONGOLE,2
ANDHRA PRADESH,ORVAKAL,3
ANDHRA PRADESH,OWK,4
ANDHRA PRADESH,PACHIPENTA,5
ANDHRA PRADESH,PADERU,6
ANDHRA PRADESH,PADMANABHAM,7
ANDHRA PRADESH,PAGIDYALA,8
ANDHRA PRADESH,PAKALA,9
ANDHRA PRADESH,PALAKODERU,10
ANDHRA PRADESH,PALAKOLLU,11
ANDHRA PRADESH,PALAPURAM,12
ANDHRA PRADESH,PALASA,13
ANDHRA PRADESH,PALKONDA,14
ANDHRA PRADESH,PALMANER,15
ANDHRA PRADESH,PAMARRU,16
ANDHRA PRADESH,PAMIDI,17
ANDHRA PRADESH,PAMIDIMUKKALA,18
ANDHRA PRADESH,PAMULAPADU,19
ANDHRA PRADESH,PAMURU,20
ANDHRA PRADESH,PANYAM,21
ANDHRA PRADESH,PARAGI,22
ANDHRA PRADESH,PARAVADA,23
ANDHRA PRADESH,PARUCHURU,24
ANDHRA PRADESH,PARVATIPURAM,25
ANDHRA PRADESH,PATAPATNAM,26
ANDHRA PRADESH,PATTIKONDA,27
ANDHRA PRADESH,PAYAKARAOPETA,28
ANDHRA PRADESH,PEDA KAKANI,29
ANDHRA PRADESH,PEDAKURAPADU,30
ANDHRA PRADESH,PEDANA,31
ANDHRA PRADESH,PEDDA CHERLOPALLI,32
ANDHRA PRADESH,PEDDA GANNAVARAM,33
ANDHRA PRADESH,PEDDA GANTYADA,34
ANDHRA PRADESH,PEDDA MUDIUM,35
ANDHRA PRADESH,PEDDA NANDIPADU,36
ANDHRA PRADESH,PEDDA PAPPURU,37
ANDHRA PRADESH,PEDDA TIPPA SAMUDRAM,38
ANDHRA PRADESH,PEDDABAYALU,39
ANDHRA PRADESH,PEDDAKADABURU,40
ANDHRA PRADESH,PEDDAMANDYAM,41
ANDHRA PRADESH,PEDDAPADU,42
ANDHRA PRADESH,PEDDAPANJANI,43
ANDHRA PRADESH,PEDDAPAPPUR,44
ANDHRA PRADESH,PEDDAPARUPUDI,45
ANDHRA PRADESH,PEDDAPUDI,46
ANDHRA PRADESH,PEDDAPURAM,47
ANDHRA PRADESH,PEDDARAVIDU,48
ANDHRA PRADESH,PEDDAVADUGURU,49
ANDHRA PRADESH,PEDDAVEGI,50
ANDHRA PRADESH,PELLAKUR,51
ANDHRA PRADESH,PENAGALUR,52
ANDHRA PRADESH,PENDLIMARRI,53
ANDHRA PRADESH,PENDURTI,54
ANDHRA PRADESH,PENTAPADU,55
ANDHRA PRADESH,PENUGANCHIPROLU,56
ANDHRA PRADESH,PENUGONDA,57
ANDHRA PRADESH,PENUKONDA,58
ANDHRA PRADESH,PENUMANTRA,59
ANDHRA PRADESH,PENUMULURU,60
ANDHRA PRADESH,PENUMUR,61
ANDHRA PRADESH,PERAVALLI,62
ANDHRA PRADESH,PHIRANGIPURAM,63
ANDHRA PRADESH,PIDUGURALLA,64
ANDHRA PRADESH,PILERU,65
ANDHRA PRADESH,PITHAPURAM,66
ANDHRA PRADESH,PITTALAVARIPALEM,67
ANDHRA PRADESH,PODALAKUR,68
ANDHRA PRADESH,PODILE,69
ANDHRA PRADESH,PODURU,70
ANDHRA PRADESH,POLAKI,71
ANDHRA PRADESH,POLAVARAM,72
ANDHRA PRADESH,PONDURU,73
ANDHRA PRADESH,PONNALURU,74
ANDHRA PRADESH,PONNURU,75
ANDHRA PRADESH,PORUMAMILLA,76
ANDHRA PRADESH,PRATTIPADU,77
ANDHRA PRADESH,PRODDATUR,78
ANDHRA PRADESH,PULICHERLA,79
ANDHRA PRADESH,PULIVENDLA,80
ANDHRA PRADESH,PULLALACHERUVU,81
ANDHRA PRADESH,PULLAMPET,82
ANDHRA PRADESH,PUNGUNURU,83
ANDHRA PRADESH,PUSAPATIREGA,84
ANDHRA PRADESH,PUTHALAPATTU,85
ANDHRA PRADESH,PUTLUR,86
ANDHRA PRADESH,PUTTAPARTI,87
ANDHRA PRADESH,PUTTUR,88
ANDHRA PRADESH,PYAPALLI,89
ANDHRA PRADESH,RACHERLA,90
ANDHRA PRADESH,RAJAM,91
ANDHRA PRADESH,RAJAMAHENDRAVARAM RURAL,92
ANDHRA PRADESH,RAJAMAHENDRAVARAM URBAN,93
ANDHRA PRADESH,RAJAMPET,94
ANDHRA PRADESH,RAJANAGARAM,95
ANDHRA PRADESH,RAJAVOMMANGI,96
ANDHRA PRADESH,RAJUPALEM,97
ANDHRA PRADESH,RAMABHADRAPURAM,98
ANDHRA PRADESH,RAMACHANDRAPURA,99
ANDHRA PRADESH,RAMACHANDRAPURAM,100
ANDHRA PRADESH,RAMAGIRI,1
ANDHRA PRADESH,RAMAKUPPAM,2
ANDHRA PRADESH,RAMAPURAM,3
ANDHRA PRADESH,RAMASAMUDRAM,4
ANDHRA PRADESH,RAMBILLI,5
ANDHRA PRADESH,RAMCHANDRAPURAM,6
ANDHRA PRADESH,RAMPA CHODAVARAM,7
ANDHRA PRADESH,RANASTHAL,8
ANDHRA PRADESH,RANGAMPETA,9
ANDHRA PRADESH,RAPTADU,10
ANDHRA PRADESH,RAPUR,11
ANDHRA PRADESH,RAVIKAMATAM,12
ANDHRA PRADESH,RAVULAPALEM,13
ANDHRA PRADESH,RAYACHOTI,14
ANDHRA PRADESH,RAYADURG,15
ANDHRA PRADESH,RAYAVARAM,16
ANDHRA PRADESH,RAZOLE,17
ANDHRA PRADESH,REDDIGUDEM,18
ANDHRA PRADESH,REGIDI AMADALAVALASA,19
ANDHRA PRADESH,RENIGUNTA,20
ANDHRA PRADESH,RENTACHINTALA,21
ANDHRA PRADESH,REPALLE,22
ANDHRA PRADESH,ROLLA,23
ANDHRA PRADESH,ROLUGUNTA,24
ANDHRA PRADESH,ROMPICHERLA,25
ANDHRA PRADESH,RUDDAM,26
ANDHRA PRADESH,RUDRAVARAM,27
ANDHRA PRADESH,SABBAVARAM,28
ANDHRA PRADESH,SAIDAPURAM,29
ANDHRA PRADESH,SAKHINETIPALLE,30
ANDHRA PRADESH,SALLUR,31
ANDHRA PRADESH,SAMALKOT,32
ANDHRA PRADESH,SAMBEPALLE,33
ANDHRA PRADESH,SANGAM,34
ANDHRA PRADESH,SANJAMALA,35
ANDHRA PRADESH,SANTAKAVITI,36
ANDHRA PRADESH,SANTAMAGULURU,37
ANDHRA PRADESH,SANTANUTALAPADU,38
ANDHRA PRADESH,SANTBOMMALI,39
ANDHRA PRADESH,SANTHIPURAM,40
ANDHRA PRADESH,SARAVAKOTA,41
ANDHRA PRADESH,SARUBUJJILI,42
ANDHRA PRADESH,SARVASIDDHI RAYAVARAM,43
ANDHRA PRADESH,SATTANAPALLE,44
ANDHRA PRADESH,SATYAVEDU,45
ANDHRA PRADESH,SAVALYAPURAM,46
ANDHRA PRADESH,SEETHANAGARAM,47
ANDHRA PRADESH,SETTURU,48
ANDHRA PRADESH,SHANKHAVARAM,49
ANDHRA PRADESH,SIDDHAVATTAM,50
ANDHRA PRADESH,SIMHADRIPURAM,51
ANDHRA PRADESH,SINGANAMALA,52
ANDHRA PRADESH,SINGARAYAKONDA,53
ANDHRA PRADESH,SIRVEL,54
ANDHRA PRADESH,SITAMPETA,55
ANDHRA PRADESH,SITANAGARAM,56
ANDHRA PRADESH,SITARAMPURAM,57
ANDHRA PRADESH,SODAM,58
ANDHRA PRADESH,SOMALA,59
ANDHRA PRADESH,SOMANDEPALLE,60
ANDHRA PRADESH,SOMPETA,61
ANDHRA PRADESH,SRI AVADHUTA KASINAYANA,62
ANDHRA PRADESH,SRIKAKULAM,63
ANDHRA PRADESH,SRIKALAHASTI,64
ANDHRA PRADESH,SRIRANGARAJAPURAM,65
ANDHRA PRADESH,SRISAILAM,66
ANDHRA PRADESH,SRUNGAVARAPUKOTA,67
ANDHRA PRADESH,SULLURPETA,68
ANDHRA PRADESH,T SUNDUPALLE,69
ANDHRA PRADESH,TADA,70
ANDHRA PRADESH,TADEPALLE,71
ANDHRA PRADESH,TADEPALLIGUDEM,72
ANDHRA PRADESH,TADIKONDA,73
ANDHRA PRADESH,TADIMARRI,74
ANDHRA PRADESH,TADPATRI,75
ANDHRA PRADESH,TALAVANCHI NARASAPURAM,76
ANDHRA PRADESH,TALLAREVU,77
ANDHRA PRADESH,TALLURU,78
ANDHRA PRADESH,TALUPULA,79
ANDHRA PRADESH,TANAKAL,80
ANDHRA PRADESH,TANGUTUR,81
ANDHRA PRADESH,TANUKU,82
ANDHRA PRADESH,TARLUPADU,83
ANDHRA PRADESH,TEKKAL,84
ANDHRA PRADESH,TENALI,85
ANDHRA PRADESH,TERLAM,86
ANDHRA PRADESH,THALLAPUDI,87
ANDHRA PRADESH,THAMBALLAPALLE,88
ANDHRA PRADESH,THAVANAMPALLE,89
ANDHRA PRADESH,THONDUR,90
ANDHRA PRADESH,THOTTAMBEDU,91
ANDHRA PRADESH,TIRUPATI RURAL,92
ANDHRA PRADESH,TIRUPATI URBAN,93
ANDHRA PRADESH,TIRUVURU,94
ANDHRA PRADESH,TONDANGI,95
ANDHRA PRADESH,TOTAPALLIGUDUR,96
ANDHRA PRADESH,TOTLAVALLURU,97
ANDHRA PRADESH,TRIPURANTAKAM,98
ANDHRA PRADESH,TUGGALI,99
ANDHRA PRADESH,TULLURU,100
ANDHRA PRADESH,TUNI,1
ANDHRA PRADESH,UDAYAGIRI,2
ANDHRA PRADESH,ULAVAPADU,3
ANDHRA PRADESH,UNDI,4
ANDHRA PRADESH,UNDRAJAVARAM,5
ANDHRA PRADESH,UNGUTURU,6
ANDHRA PRADESH,UPPALAGUPTAM,7
ANDHRA PRADESH,URAVAKONDA,8
ANDHRA PRADESH,UYYALAVADA,9
ANDHRA PRADESH,VADAMALAPETA,10
ANDHRA PRADESH,VAJRAKARUR,11
ANDHRA PRADESH,VAJRAPUKOTTURU,12
ANDHRA PRADESH,VAKADU,13
ANDHRA PRADESH,VALLUR,14
ANDHRA PRADESH,VANGARA,15
ANDHRA PRADESH,VARADAYYAPALEM,16
ANDHRA PRADESH,VARIKUNTAPADU,17
ANDHRA PRADESH,VATSAVAI,18
ANDHRA PRADESH,VATTICHERUKURU,19
ANDHRA PRADESH,VAYALPAD,20
ANDHRA PRADESH,VEDURUKUPPAM,21
ANDHRA PRADESH,VELDURTI,22
ANDHRA PRADESH,VELIGANDLA,23
ANDHRA PRADESH,VELUDURTI,24
ANDHRA PRADESH,VELUGODU,25
ANDHRA PRADESH,VEMPALLI,26
ANDHRA PRADESH,VEMULA,27
ANDHRA PRADESH,VEMURU,28
ANDHRA PRADESH,VENKATACHALAM,29
ANDHRA PRADESH,VENKATAGIRI,30
ANDHRA PRADESH,VENKATAGIRIKOTA,31
ANDHRA PRADESH,VEPADA,32
ANDHRA PRADESH,VETAPALEM,33
ANDHRA PRADESH,VIDAPANAKALLU,34
ANDHRA PRADESH,VIDAVALUR,35
ANDHRA PRADESH,VIJAYAPURAM,36
ANDHRA PRADESH,VIJAYAWADA RURAL,37
ANDHRA PRADESH,VIJAYAWADA URBAN,38
ANDHRA PRADESH,VINJAMUR,39
ANDHRA PRADESH,VINUKONDA,40
ANDHRA PRADESH,VIRABALLE,41
ANDHRA PRADESH,VIRAGATTAM,42
ANDHRA PRADESH,VIRAPANAYA,43
ANDHRA PRADESH,VIRAVASARAM,44
ANDHRA PRADESH,VIRULLAPADU,45
ANDHRA PRADESH,VISAKHAPATNAM RURAL,46
ANDHRA PRADESH,VISAKHAPATNAM URBAN,47
ANDHRA PRADESH,VISSANNAPETA,48
ANDHRA PRADESH,VIZIANAGARAM,49
ANDHRA PRADESH,VOLETIVARIPALEM,50
ANDHRA PRADESH,VONTIMITTA,51
ANDHRA PRADESH,VUYYURU,52
ANDHRA PRADESH,YADAMARI,53
ANDHRA PRADESH,YADDANAPUDI,54
ANDHRA PRADESH,YADIKI,55
ANDHRA PRADESH,YARLAGADDARAMAVARAM,56
ANDHRA PRADESH,YELERUPADU,57
ANDHRA PRADESH,YELLANUR,58
ANDHRA PRADESH,YEMMIGANUR MUNCIPALITY,59
ANDHRA PRADESH,YERRAGUNTLA,60
ANDHRA PRADESH,YERRAVARIPALEM,61
ANDHRA PRADESH,ZARUGUMALLI,62
ASSAM,AGOMONI CIRCLE,63
ASSAM,AMGURI CIRCLE,64
ASSAM,AZARA CIRCLE,65
ASSAM,AZARA CIRCLE (PART),66
ASSAM,BAGANPARA  CIRCLE(PART),67
ASSAM,BAGANPARA CIRCLE,68
ASSAM,BAGBAR CIRCLE,69
ASSAM,BAITHALANGSO,70
ASSAM,BAJALI CIRCLE,71
ASSAM,BAKSA CIRCLE,72
ASSAM,BALIJANA CIRCLE,73
ASSAM,BANEKUCHI REVENUE CIRCLE,74
ASSAM,BARAMA  CIRCLE(PART),75
ASSAM,BARAMA CIRCLE,76
ASSAM,BARBHAG CIRCLE,77
ASSAM,BARKHETRI   CIRCLE,78
ASSAM,BARNAGAR CIRCLE,79
ASSAM,BARNAGAR CIRCLE(PART),80
ASSAM,BARPETA CIRCLE,81
ASSAM,BHOWRAGURI,82
ASSAM,BHOWRAGURI CIRCLE,83
ASSAM,BHURAGAON CIRCLE,84
ASSAM,BIHPURIA,85
ASSAM,BIJNI CIRCLE(PART),86
ASSAM,BILASIPARA CIRCLE,87
ASSAM,BISWANATH CIRCLE,88
ASSAM,BOGRIBARI CIRCLE,89
ASSAM,BOITAMARI CIRCLE,90
ASSAM,BOKAJAN,91
ASSAM,BOKAKHAT CIRCLE,92
ASSAM,BOKO CIRCLE,93
ASSAM,BONGAIGAON CIRCLE,94
ASSAM,CHABUA CIRCLE,95
ASSAM,CHAMARIA CIRCLE,96
ASSAM,CHANDANPUR CIRCLE,97
ASSAM,CHAPAR CIRCLE,98
ASSAM,CHARIDUAR CIRCLE,99
ASSAM,CHENGA CIRCLE,100
ASSAM,CHHAYGAON CIRCLE,1
ASSAM,DALGAON,2
ASSAM,DEMOW CIRCLE,3
ASSAM,DERGAON CIRCLE,4
ASSAM,DHAKUAKHANA,5
ASSAM,DHEKIAJULI CIRCLE,6
ASSAM,DHEKIAJULI CIRCLE(PART),7
ASSAM,DHEMAJI,8
ASSAM,DHING CIRCLE,9
ASSAM,DHUBRI CIRCLE,10
ASSAM,DHUBRI CIRCLE (PART),11
ASSAM,DIBRUGARH WEST CIRCLE,12
ASSAM,DIMĀ HĀSAO,13
ASSAM,DIPHU,14
ASSAM,DISPUR CIRCLE,15
ASSAM,DOBOKA CIRCLE,16
ASSAM,DOTOMA CIRCLE,17
ASSAM,DUDHNAI CIRCLE,18
ASSAM,DUMDUMA CIRCLE,19
ASSAM,EAST JORHAT CIRCLE,20
ASSAM,GHAGRAPAR  CIRCLE,21
ASSAM,GOGAMUKH,22
ASSAM,GOHPUR CIRCLE,23
ASSAM,GOLAGHAT CIRCLE,24
ASSAM,GOLAKGANJ CIRCLE,25
ASSAM,GOLAKGANJ CIRCLE (PART),26
ASSAM,GORESHWAR CIRCLE,27
ASSAM,GORESWAR CIRCLE,28
ASSAM,GOROIMARI CIRCLE,29
ASSAM,GOSSAIGAON CIRCLE,30
ASSAM,GUWAHATI CIRCLE,31
ASSAM,HAILAKANDI,32
ASSAM,HAJO CIRCLE,33
ASSAM,HARISINGA CIRCLE,34
ASSAM,HELEM CIRCLE,35
ASSAM,HOJAI CIRCLE,36
ASSAM,HOWRAGHAT,37
ASSAM,JALAH CIRCLE,38
ASSAM,JONAI,39
ASSAM,KADAM,40
ASSAM,KALAIGAON CIRCLE,41
ASSAM,KALGACHIA CIRCLE,42
ASSAM,KALIABAR CIRCLE,43
ASSAM,KALIABAR CIRCLE (PART),44
ASSAM,KAMALPUR CIRCLE,45
ASSAM,KAMPUR CIRCLE,46
ASSAM,KARIMGANJ,47
ASSAM,KAYA CIRCLE,48
ASSAM,KHAIRABARI CIRCLE,49
ASSAM,KHUMTAI CIRCLE,50
ASSAM,KOKRAJHAR CIRCLE,51
ASSAM,LAHORIGHAT CIRCLE,52
ASSAM,LAKHIPUR,53
ASSAM,LAKHIPUR CIRCLE,54
ASSAM,LANKA CIRCLE,55
ASSAM,MAHMARA CIRCLE,56
ASSAM,MAJBAT CIRCLE,57
ASSAM,MAJULI CIRCLE,58
ASSAM,MAJULI CIRCLE(PART),59
ASSAM,MANGALDAI,60
ASSAM,MANKACHAR CIRCLE,61
ASSAM,MARGHERITA CIRCLE,62
ASSAM,MARIANI CIRCLE,63
ASSAM,MATIA CIRCLE,64
ASSAM,MAYANG CIRCLE,65
ASSAM,MIKIRBHETA CIRCLE,66
ASSAM,MORANGI CIRCLE,67
ASSAM,MORIGAON CIRCLE,68
ASSAM,NADUAR CIRCLE,69
ASSAM,NAGAON CIRCLE,70
ASSAM,NAGARBERA CIRCLE,71
ASSAM,NAHARKATIYA CIRCLE,72
ASSAM,NALBARI CIRCLE,73
ASSAM,NAOBARICHA,74
ASSAM,NARAYANPUR,75
ASSAM,NAZIRA CIRCLE,76
ASSAM,NORTH GUWAHATI CIRCLE,77
ASSAM,NORTH LAKHIMPUR,78
ASSAM,PACHIM  NALBARI  CIRCLE,79
ASSAM,PALASHBARI CIRCLE,80
ASSAM,PATHARIGHAT,81
ASSAM,RAHA CIRCLE,82
ASSAM,RANGIA CIRCLE,83
ASSAM,RANGJULI CIRCLE,84
ASSAM,RUPOHIHAT CIRCLE,85
ASSAM,SADIA CIRCLE,86
ASSAM,SAMAGURI  CIRCLE,87
ASSAM,SARTHEBARI,88
ASSAM,SARUPATHAR CIRCLE,89
ASSAM,SARUPETA CIRCLE,90
ASSAM,SARUPETA CIRCLE (PART),91
ASSAM,SIBSAGAR CIRCLE,92
ASSAM,SIDLI CIRCLE,93
ASSAM,SIDLI CIRCLE (PART),94
ASSAM,SILCHAR,95
ASSAM,SIPAJHAR,96
ASSAM,SISIBARGAON CIRCAL,97
ASSAM,SONAPUR CIRCLE,98
ASSAM,SONARI CIRCLE,99
ASSAM,SOUTH SALMARA CIRCLE,100
ASSAM,SRIJANGRAM CIRCLE,1
ASSAM,SUBANSIRI,2
ASSAM,TAMULPUR CIRCLE,3
ASSAM,TENGAKHAT CIRCLE,4
ASSAM,TEOK CIRCLE,5
ASSAM,TEZPUR CIRCLE,6
ASSAM,THELAMARA CIRCLE,7
ASSAM,TIHU  CIRCLE,8
ASSAM,TIHU CIRCLE (PART),9
ASSAM,TINGKHONG CIRCLE,10
ASSAM,TINSUKIA CIRCLE,11
ASSAM,TITABAR CIRCLE,12
ASSAM,UDALGURI CIRCLE,13
ASSAM,WEST JORHAT CIRCLE,14
BIHAR,ARA SADAR,15
BIHAR,ARĀRIA,16
BIHAR,ARERĀJ,17
BIHAR,ARWAL,18
BIHAR,AURANGĀBĀD,19
BIHAR,BAGHA,20
BIHAR,BAISI,21
BIHAR,BAKHRI,22
BIHAR,BALIA,23
BIHAR,BĀNKA,24
BIHAR,BANMANKHI,25
BIHAR,BARH,26
BIHAR,BARSOI,27
BIHAR,BEGUSARĀI,28
BIHAR,BELSAND,29
BIHAR,BENIPATTI,30
BIHAR,BENIPUR,31
BIHAR,BETTIĀH,32
BIHAR,BHĀGALPUR,33
BIHAR,BIHAR SHARIF,34
BIHAR,BIKRAMGANJ,35
BIHAR,BIRAUL,36
BIHAR,BIRPUR,37
BIHAR,BUXAR,38
BIHAR,CHAKIA,39
BIHAR,CHHAPRA,40
BIHAR,DALSINGHSARAI,41
BIHAR,DANAPUR,42
BIHAR,DARBHANGA,43
BIHAR,DAUDNAGAR,44
BIHAR,DEHARI,45
BIHAR,DHAMDAHA,46
BIHAR,DUMRAON,47
BIHAR,FORBESGANJ,48
BIHAR,GAYA,49
BIHAR,GOGARI,50
BIHAR,GOPĀLGANJ,51
BIHAR,HAJIPUR,52
BIHAR,HATHUWA,53
BIHAR,HILSA,54
BIHAR,JAGDISHPUR,55
BIHAR,JAHĀNABĀD,56
BIHAR,JAINAGAR,57
BIHAR,JAMŪI,58
BIHAR,JHANJHĀRPUR,59
BIHAR,KAHALGAON,60
BIHAR,KAIMUR,61
BIHAR,KATIHĀR,62
BIHAR,KHAGARIA,63
BIHAR,KHARAGPUR,64
BIHAR,KISHANGANJ,65
BIHAR,LAKHĪSARĀI,66
BIHAR,MADHEPURA,67
BIHAR,MADHUBANI,68
BIHAR,MAHARĀJGANG,69
BIHAR,MAHNĀR,70
BIHAR,MAHUA,71
BIHAR,MAJHAUL,72
BIHAR,MANIHARI,73
BIHAR,MARHAURA,74
BIHAR,MASAURHI,75
BIHAR,MOHANIA,76
BIHAR,MOTIHĀRI,77
BIHAR,MUNGER,78
BIHAR,NARKATIAGANJ,79
BIHAR,NAUGACHHIA,80
BIHAR,NAWĀDA,81
BIHAR,NIMCHAK BATHANI,82
BIHAR,NIRMALI,83
BIHAR,PAKRI DAYAL,84
BIHAR,PALIGANJ,85
BIHAR,PASHCHIMI MUZAFFARPUR,86
BIHAR,PATNA CITY,87
BIHAR,PATNA SADAR,88
BIHAR,PATORI,89
BIHAR,PHULPARĀS,90
BIHAR,PIRO,91
BIHAR,PUPRI,92
BIHAR,PURBI MUZAFFARPUR,93
BIHAR,PŪRNIA,94
BIHAR,RAJAULI,95
BIHAR,RAJGIR,96
BIHAR,RAXAUL,97
BIHAR,ROSERA,98
BIHAR,SAHARSA,99
BIHAR,SAMASTĪPUR,100
BIHAR,SASARAM,1
BIHAR,SHEIKHPURA,2
BIHAR,SHEOHAR,3
BIHAR,SHERGHATI,4
BIHAR,SIKRAHNA,5
BIHAR,SIMRI BAKHTIYĀRPUR,6
BIHAR,SĪTĀMARHI,7
BIHAR,SIWĀN,8
BIHAR,SONPUR,9
BIHAR,SUPAUL,10
BIHAR,TARAPUR,11
BIHAR,TEGHRA,12
BIHAR,TIKARI,13
BIHAR,TRIBENIGANJ,14
BIHAR,UDA KISHANGANJ,15
CHANDIGARH,CHANDIGARH,16
CHHATISGARH,ABHANPUR,17
CHHATISGARH,AKALTARA,18
CHHATISGARH,AMBĀGARH CHOWKI,19
CHHATISGARH,AMBIKĀPUR,20
CHHATISGARH,ANTĀGARH,21
CHHATISGARH,ĀRANG,22
CHHATISGARH,BĀGBĀHRA,23
CHHATISGARH,BAGĪCHA,24
CHHATISGARH,BAIKUNTHPUR,25
CHHATISGARH,BAKĀWAND,26
CHHATISGARH,BALOD,27
CHHATISGARH,BALODA,28
CHHATISGARH,BALODA BĀZĀR,29
CHHATISGARH,BALRĀMPUR,30
CHHATISGARH,BARAMKELA,31
CHHATISGARH,BARE RĀJPUR,32
CHHATISGARH,BASNA,33
CHHATISGARH,BASTĀNĀR,34
CHHATISGARH,BASTAR,35
CHHATISGARH,BATAULI,36
CHHATISGARH,BEMETĀRA,37
CHHATISGARH,BERLA,38
CHHATISGARH,BHAIYĀTHĀN,39
CHHATISGARH,BHĀNUPRATĀPPUR,40
CHHATISGARH,BHARATPUR,41
CHHATISGARH,BHĀTĀPĀRA,42
CHHATISGARH,BHOPĀLPATNAM,43
CHHATISGARH,BĪJĀPUR,44
CHHATISGARH,BILAIGARH,45
CHHATISGARH,BILĀSPUR,46
CHHATISGARH,BILHA,47
CHHATISGARH,BINDRANAWAGARH,48
CHHATISGARH,BORLA,49
CHHATISGARH,CHĀMPA,50
CHHATISGARH,CHĀRĀMA,51
CHHATISGARH,CHHINDGARH,52
CHHATISGARH,CHHUĪKHADĀN,53
CHHATISGARH,CHHURA,54
CHHATISGARH,CHHURIYA,55
CHHATISGARH,DABHRA,56
CHHATISGARH,DANTEWĀDA,57
CHHATISGARH,DARBHA,58
CHHATISGARH,DEOBHOG,59
CHHATISGARH,DHAMDHA,60
CHHATISGARH,DHAMTARI,61
CHHATISGARH,DHARAMJAYGARH,62
CHHATISGARH,DHARMJAYGARH,63
CHHATISGARH,DONDI LOHARA,64
CHHATISGARH,DONGARGARH,65
CHHATISGARH,DONGERGAON,66
CHHATISGARH,DULDULA,67
CHHATISGARH,DURG,68
CHHATISGARH,DURGŪKONDAL,69
CHHATISGARH,GHARGHODA,70
CHHATISGARH,GIDAM,71
CHHATISGARH,GUNDARDEHI,72
CHHATISGARH,GURUR,73
CHHATISGARH,JAGDALPURA,74
CHHATISGARH,JAIJAIPUR,75
CHHATISGARH,JĀNJGĪRL,76
CHHATISGARH,JASHPURNAGAR,77
CHHATISGARH,KĀNKER,78
CHHATISGARH,KĀNSĀBEL,79
CHHATISGARH,KARTALA,80
CHHATISGARH,KASDOL,81
CHHATISGARH,KATEKALYĀN,82
CHHATISGARH,KATGHORA -1,83
CHHATISGARH,KATGHORA-2,84
CHHATISGARH,KAWARDHA,85
CHHATISGARH,KESHKĀL,86
CHHATISGARH,KHAIRĀGARH,87
CHHATISGARH,KHAMARIYA,88
CHHATISGARH,KHARAGWĀN,89
CHHATISGARH,KHARSIA,90
CHHATISGARH,KONDAGAON,91
CHHATISGARH,KONTA,92
CHHATISGARH,KORBA,93
CHHATISGARH,KOTA,94
CHHATISGARH,KUANKONDA,95
CHHATISGARH,KUNKURI,96
CHHATISGARH,KURUD,97
CHHATISGARH,LAKHANPUR,98
CHHATISGARH,LALUNGA,99
CHHATISGARH,LOHANDIGUDA,100
CHHATISGARH,LORMI,1
CHHATISGARH,LUNDRA,2
CHHATISGARH,MAGARLOR,3
CHHATISGARH,MAHĀSAMUND,4
CHHATISGARH,MAINPĀT,5
CHHATISGARH,MAINPUR,6
CHHATISGARH,MĀKRI,7
CHHATISGARH,MĀLKHURDA,8
CHHATISGARH,MANENDRAGARH,9
CHHATISGARH,MANORA,10
CHHATISGARH,MĀNPUR,11
CHHATISGARH,MARWĀHI,12
CHHATISGARH,MASTURI,13
CHHATISGARH,MOHLA,14
CHHATISGARH,MUNGELI,15
CHHATISGARH,NAGARI,16
CHHATISGARH,NĀRĀINPUR,17
CHHATISGARH,NARHARPUR,18
CHHATISGARH,NAWĀGARH,19
CHHATISGARH,ODGI,20
CHHATISGARH,PĀKHANJŪR,21
CHHATISGARH,PALĀRI,22
CHHATISGARH,PĀLI,23
CHHATISGARH,PĀMGARH,24
CHHATISGARH,PANDARIA,25
CHHATISGARH,PARATĀBPUR,26
CHHATISGARH,PASAUR,27
CHHATISGARH,PĀTAN,28
CHHATISGARH,PATHALGAON,29
CHHATISGARH,PATHARIYA,30
CHHATISGARH,PENDRA,31
CHHATISGARH,PENDRA ROAD,32
CHHATISGARH,PHARASGAON,33
CHHATISGARH,PHARSĀBAHĀR,34
CHHATISGARH,PITHORA,35
CHHATISGARH,PONDI UPRODA,36
CHHATISGARH,PREMNAGAR,37
CHHATISGARH,RAIGARH,38
CHHATISGARH,RAIPUR,39
CHHATISGARH,RĀJ NANDGAON,40
CHHATISGARH,RĀJIM,41
CHHATISGARH,RĀJPUR,42
CHHATISGARH,RĀMĀNUJ NAGAR,43
CHHATISGARH,RĀMĀNUJGANJ,44
CHHATISGARH,SAHASPUR LOHĀRA,45
CHHATISGARH,SĀJA,46
CHHATISGARH,SAKTI,47
CHHATISGARH,SĀMRI,48
CHHATISGARH,SARAIPĀLI,49
CHHATISGARH,SĀRANGARH,50
CHHATISGARH,SHANKARGARH,51
CHHATISGARH,SIMGA,52
CHHATISGARH,SĪTĀPUR,53
CHHATISGARH,SONHAT,54
CHHATISGARH,SUKMA,55
CHHATISGARH,SŪRAJPUR,56
CHHATISGARH,TAKHATPUR,57
CHHATISGARH,TAMNĀR,58
CHHATISGARH,TILDA,59
CHHATISGARH,TOKAPAL,60
CHHATISGARH,UDAYPUR,61
CHHATISGARH,ŪSŪR,62
CHHATISGARH,WĀDRŪFNAGAR,63
DADRA & NAGAR HAVELI & DAMAN & DIU,DADRA & NAGAR HAVELI,64
DADRA & NAGAR HAVELI & DAMAN & DIU,Daman,65
DADRA & NAGAR HAVELI & DAMAN & DIU,Diu,66
DELHI,ALIPUR,67
DELHI,CHANAKAYAPURI,68
DELHI,CIVIL LINES,69
DELHI,DEFENCE COLONY,70
DELHI,DELHI CANTT,71
DELHI,DWARKA,72
DELHI,GANDHI NAGAR,73
DELHI,HAUZ KHAS,74
DELHI,KALKAJI,75
DELHI,KANJHAWALA,76
DELHI,KAPASHERA,77
DELHI,KARAWAL NAGAR,78
DELHI,KAROL BAGH,79
DELHI,KARWAL NAGAR,80
DELHI,KOTWALI,81
DELHI,MAYUR VIHAR,82
DELHI,MEHRAULI,83
DELHI,MODEL TOWN,84
DELHI,NAJAFGARH,85
DELHI,NARELA,86
DELHI,NAZUL,87
DELHI,PATEL NAGAR,88
DELHI,PREET VIHAR,89
DELHI,PUNJABI BAGH,90
DELHI,RAJOURI GARDEN,91
DELHI,ROHINI,92
DELHI,SAKET,93
DELHI,SARASWATI VIHAR,94
DELHI,SARITA VIHAR,95
DELHI,SEELAMPUR,96
DELHI,SEEMAPURI,97
DELHI,SHAHDRA,98
DELHI,VASANT VIHAR,99
DELHI,VIVEK VIHAR,100
DELHI,YAMUNA VIHAR,1
DISPUTED,DISPUTED,2
DISPUTED (WEST BENGAL),Disputed (West Bengal),3
GOA,BARDEZ,4
GOA,DICHOLI,5
GOA,KANKON,6
GOA,MORMUGAO,7
GOA,PERNEM,8
GOA,PONDA,9
GOA,QUEPEM,10
GOA,SANGUEM,11
GOA,SASASHTI,12
GOA,SATARI,13
GOA,TISWADI,14
GUJARAT,Aahva,15
GUJARAT,Abdasa,16
GUJARAT,AHMADĀBĀD,17
GUJARAT,Amod,18
GUJARAT,Amreli,19
GUJARAT,Amrirgadh,20
GUJARAT,ĀNAND,21
GUJARAT,Anjār,22
GUJARAT,Anklav,23
GUJARAT,Anklesvar,24
GUJARAT,Babra,25
GUJARAT,Bagasara,26
GUJARAT,Balasinor,27
GUJARAT,Bansda,28
GUJARAT,BARDOLI,29
GUJARAT,Barwala,30
GUJARAT,Bavla,31
GUJARAT,Bayad,32
GUJARAT,Becharaji,33
GUJARAT,Bhabhar,34
GUJARAT,Bhachāu,35
GUJARAT,Bhanvad,36
GUJARAT,BHARŪCH,37
GUJARAT,BHĀVNAGAR,38
GUJARAT,Bhesan,39
GUJARAT,Bhiloda,40
GUJARAT,Bhuj,41
GUJARAT,Bodeli,42
GUJARAT,Borsad,43
GUJARAT,BOTĀD,44
GUJARAT,Chānasma,45
GUJARAT,CHHOTA UDEPUR,46
GUJARAT,Chikhli,47
GUJARAT,CHORASI,48
GUJARAT,Chotila,49
GUJARAT,Chuda,50
GUJARAT,Dabhoi,51
GUJARAT,DĀHOD,52
GUJARAT,Dānta,53
GUJARAT,Dāntiwada,54
GUJARAT,Dasada,55
GUJARAT,Daskroi,56
GUJARAT,Dediyapada,57
GUJARAT,Deesa,58
GUJARAT,Dehgam,59
GUJARAT,Desar,60
GUJARAT,Detroj,61
GUJARAT,Devgadh Baria,62
GUJARAT,Dhandhuka,63
GUJARAT,Dhanera,64
GUJARAT,Dhanpur,65
GUJARAT,Dhansura,66
GUJARAT,Dharampur,67
GUJARAT,Dhari,68
GUJARAT,Dholera,69
GUJARAT,Dholka,70
GUJARAT,Dhoraji,71
GUJARAT,Dhrangadhra,72
GUJARAT,Dhrol,73
GUJARAT,Disputed,74
GUJARAT,DISPUTED,75
GUJARAT,Diyodar,76
GUJARAT,Fatepura,77
GUJARAT,Gadhada,78
GUJARAT,Galteshwar,79
GUJARAT,Gandevi,80
GUJARAT,Gāndhīdhām,81
GUJARAT,GĀNDHĪNAGAR,82
GUJARAT,Garbada,83
GUJARAT,Gāriyādhār,84
GUJARAT,Garudeshwar,85
GUJARAT,Ghogha Mahal,86
GUJARAT,Ghoghamba,87
GUJARAT,Girgadhada,88
GUJARAT,Godhra,89
GUJARAT,Gondal,90
GUJARAT,Halol,91
GUJARAT,Halvad,92
GUJARAT,Hansot,93
GUJARAT,Hārij,94
GUJARAT,Himatnagar,95
GUJARAT,Idar,96
GUJARAT,Jafrabad,97
GUJARAT,Jalalpore,98
GUJARAT,Jam Jodhpur,99
GUJARAT,Jam Kandorna,100
GUJARAT,Jambughoda,1
GUJARAT,Jambusar,2
GUJARAT,JĀMNAGAR,3
GUJARAT,Jasdan,4
GUJARAT,Jesar,5
GUJARAT,Jetpur,6
GUJARAT,Jetpur-Pāvi,7
GUJARAT,Jodiya,8
GUJARAT,Jotana,9
GUJARAT,JŪNĀGADH,10
GUJARAT,JŪNĀGADH CITY,11
GUJARAT,Kadana,12
GUJARAT,Kadi,13
GUJARAT,Kaithlal,14
GUJARAT,Kalavad,15
GUJARAT,Kalol,16
GUJARAT,Kalyanpur,17
GUJARAT,KAMREJ,18
GUJARAT,Kānkrej,19
GUJARAT,Kapadvanj,20
GUJARAT,Kaparada,21
GUJARAT,Karjan,22
GUJARAT,Kawant,23
GUJARAT,Keshod,24
GUJARAT,Khambha,25
GUJARAT,Khambhaliya,26
GUJARAT,Khambhat,27
GUJARAT,Khanpur,28
GUJARAT,Kheda,29
GUJARAT,Khedbrahma,30
GUJARAT,Kheralu,31
GUJARAT,Khergam,32
GUJARAT,Kodinar,33
GUJARAT,Kotada Sangani,34
GUJARAT,Kunkavav Vadia,35
GUJARAT,Kutiyana,36
GUJARAT,Lakhni,37
GUJARAT,Lakhpat,38
GUJARAT,Lakhtar,39
GUJARAT,Lalpur,40
GUJARAT,Lathi,41
GUJARAT,Lilia,42
GUJARAT,Limbdi,43
GUJARAT,Limkheda,44
GUJARAT,Lodhika,45
GUJARAT,Lunawada,46
GUJARAT,MAHESĀNA,47
GUJARAT,Mahudha,48
GUJARAT,MAHUVA,49
GUJARAT,Maliya,50
GUJARAT,Malpur,51
GUJARAT,Manavadar,52
GUJARAT,Mandal,53
GUJARAT,MANDVI,54
GUJARAT,Māndvi,55
GUJARAT,MANGROL,56
GUJARAT,Mansa,57
GUJARAT,Matar,58
GUJARAT,Meghraj,59
GUJARAT,Mehmedabad,60
GUJARAT,Mendarda,61
GUJARAT,Modasa,62
GUJARAT,Morbi,63
GUJARAT,Morwa Hadaf,64
GUJARAT,Muli,65
GUJARAT,Mundra,66
GUJARAT,Nadiad,67
GUJARAT,Nakhtarāna,68
GUJARAT,Nandod,69
GUJARAT,Naswādi,70
GUJARAT,NAVSĀRI,71
GUJARAT,Netrang,72
GUJARAT,Nijhar,73
GUJARAT,Okha mandal,74
GUJARAT,Olpad,75
GUJARAT,Paddhari,76
GUJARAT,Padra,77
GUJARAT,Palanpur,78
GUJARAT,Palitana,79
GUJARAT,PALSANA,80
GUJARAT,Pardi,81
GUJARAT,PĀTAN,82
GUJARAT,Petlad,83
GUJARAT,Porbandar,84
GUJARAT,Poshina,85
GUJARAT,Prantij,86
GUJARAT,Rādhanpur,87
GUJARAT,RĀJKOT,88
GUJARAT,Rajula,89
GUJARAT,Ranavav,90
GUJARAT,Rann of Kachchh,91
GUJARAT,Ranpur,92
GUJARAT,Rapar,93
GUJARAT,Sagbara,94
GUJARAT,Sami,95
GUJARAT,Sanand,96
GUJARAT,Sanjeli,97
GUJARAT,Sankheda,98
GUJARAT,Sāntalpur,99
GUJARAT,Santrampur,100
GUJARAT,Sarswati,1
GUJARAT,Satlasana,2
GUJARAT,Savarkundla,3
GUJARAT,Savli,4
GUJARAT,Sayla,5
GUJARAT,Shankheswar,6
GUJARAT,Shehera,7
GUJARAT,Shinor,8
GUJARAT,Siddhapur,9
GUJARAT,Sihor,10
GUJARAT,Sojitra,11
GUJARAT,Songadh,12
GUJARAT,Subir,13
GUJARAT,Suigam,14
GUJARAT,SŪRAT CITY,15
GUJARAT,Sutrapada,16
GUJARAT,Talāja,17
GUJARAT,Talala,18
GUJARAT,Talod,19
GUJARAT,Tankara,20
GUJARAT,Tarapur,21
GUJARAT,Thangadh,22
GUJARAT,Tharad,23
GUJARAT,Thasra,24
GUJARAT,Tilakwada,25
GUJARAT,Uchchhal,26
GUJARAT,Umargam,27
GUJARAT,UMARPADA,28
GUJARAT,Umrāla,29
GUJARAT,Umreth,30
GUJARAT,Una,31
GUJARAT,Unjha,32
GUJARAT,Upleta,33
GUJARAT,Vadali,34
GUJARAT,Vadgām,35
GUJARAT,Vadnagar,36
GUJARAT,Vadodara,37
GUJARAT,Vaghai,38
GUJARAT,Vaghodia,39
GUJARAT,Vagra,40
GUJARAT,Valabhipur Mahāl,41
GUJARAT,Valiya,42
GUJARAT,Vālod,43
GUJARAT,VALSĀD,44
GUJARAT,Vanthali,45
GUJARAT,Vapi,46
GUJARAT,Vaso,47
GUJARAT,Vāv,48
GUJARAT,Veraval,49
GUJARAT,Vijapur,50
GUJARAT,Vijaynagar,51
GUJARAT,Vinchhiya,52
GUJARAT,Viramgam,53
GUJARAT,Virpur,54
GUJARAT,Visavadar,55
GUJARAT,Visnagar,56
GUJARAT,Vyāra,57
GUJARAT,Wadhwan,58
GUJARAT,Wankaner,59
GUJARAT,Zagadiya,60
GUJARAT,Zalod,61
HARYANA,ĀDAMPUR,62
HARYANA,AMBĀLA,63
HARYANA,ĀSANDH,64
HARYANA,ATELI,65
HARYANA,BĀDHRA,66
HARYANA,BAHĀDURGARH,67
HARYANA,BALLABGARH,68
HARYANA,BAPOULI,69
HARYANA,BARĀRA,70
HARYANA,BĀWAL,71
HARYANA,BAWĀNI KHERA,72
HARYANA,BERIKHĀS,73
HARYANA,BHIWĀNI,74
HARYANA,CHARKHI DĀDRI,75
HARYANA,CHHACHHRAULI,76
HARYANA,DABWĀLI,77
HARYANA,ELLENĀBĀD,78
HARYANA,FARĪDĀBĀD,79
HARYANA,FATEHĀBĀD,80
HARYANA,FIROZPUR JHIRKA,81
HARYANA,GANAUR,82
HARYANA,GHARAUNDA,83
HARYANA,GOHĀNA,84
HARYANA,GŪHLA,85
HARYANA,GURUGRĀM,86
HARYANA,HĀNSI,87
HARYANA,HATHIN,88
HARYANA,HISĀR,89
HARYANA,HODAL,90
HARYANA,INDRI,91
HARYANA,ISRĀNA,92
HARYANA,JAGĀDHRI,93
HARYANA,JHAJJAR,94
HARYANA,JĪND,95
HARYANA,JULĀNA,96
HARYANA,KAITHAL,97
HARYANA,KALAYAT,98
HARYANA,KĀLKA,99
HARYANA,KANINA,100
HARYANA,KARNĀL,1
HARYANA,KHARKHAUDA,2
HARYANA,KOSLI,3
HARYANA,LOHĀRU,4
HARYANA,MAHAM,5
HARYANA,MAHENDRAGARH,6
HARYANA,MATANHALE,7
HARYANA,NĀNGAL CHAUDHARI,8
HARYANA,NARAYANGARH,9
HARYANA,NĀRNAUL,10
HARYANA,NĀRNAUND,11
HARYANA,NARWĀNA,12
HARYANA,NĀTHŪSIRI CHOPTA,13
HARYANA,NILOKHERI,14
HARYANA,NŪH,15
HARYANA,PALWAL,16
HARYANA,PANCHKULA,17
HARYANA,PĀNĪPAT,18
HARYANA,PATAUDI,19
HARYANA,PEHOWA,20
HARYANA,PŪNĀHĀNA,21
HARYANA,RĀDAUR,22
HARYANA,RĀNIYA,23
HARYANA,RATIA,24
HARYANA,REWĀRI,25
HARYANA,ROHTAK,26
HARYANA,SAFIDON,27
HARYANA,SAMĀLKHA,28
HARYANA,SAMPLA,29
HARYANA,SHĀHĀBĀD,30
HARYANA,SIRSA,31
HARYANA,SIWĀNI,32
HARYANA,SOHNA,33
HARYANA,SONĪPAT,34
HARYANA,TĀORU,35
HARYANA,THĀNESAR,36
HARYANA,TOHĀNA,37
HARYANA,TOSHĀM,38
HIMACHAL PRADESH,AMB,39
HIMACHAL PRADESH,ANI,40
HIMACHAL PRADESH,ARKI,41
HIMACHAL PRADESH,AUT,42
HIMACHAL PRADESH,BADDI,43
HIMACHAL PRADESH,BAIJNĀTH,44
HIMACHAL PRADESH,BALDWĀRA,45
HIMACHAL PRADESH,BALH,46
HIMACHAL PRADESH,BALICHAUKI,47
HIMACHAL PRADESH,BAMSAN,48
HIMACHAL PRADESH,BANGĀNA,49
HIMACHAL PRADESH,BANJĀR,50
HIMACHAL PRADESH,BAROH,51
HIMACHAL PRADESH,BARSAR,52
HIMACHAL PRADESH,BHARARI,53
HIMACHAL PRADESH,BHATTIYĀT,54
HIMACHAL PRADESH,BHORANJ,55
HIMACHAL PRADESH,BHUNTAR,56
HIMACHAL PRADESH,BILĀSPUR,57
HIMACHAL PRADESH,BRĀHMAUR,58
HIMACHAL PRADESH,CHACHYOT,59
HIMACHAL PRADESH,CHAMBA,60
HIMACHAL PRADESH,CHAUPĀL,61
HIMACHAL PRADESH,CHAURĀH,62
HIMACHAL PRADESH,CHIRGĀON,63
HIMACHAL PRADESH,DĀDA SIBA,64
HIMACHAL PRADESH,DADAHU,65
HIMACHAL PRADESH,DALHOUSIE,66
HIMACHAL PRADESH,DERA GOPIPUR,67
HIMACHAL PRADESH,DHARAMPUR,68
HIMACHAL PRADESH,DHARMSHĀLA,69
HIMACHAL PRADESH,DHATWĀL,70
HIMACHAL PRADESH,DHIRA,71
HIMACHAL PRADESH,DODRA KWAR,72
HIMACHAL PRADESH,FATEHPUR,73
HIMACHAL PRADESH,GALORE,74
HIMACHAL PRADESH,GHANURI,75
HIMACHAL PRADESH,GHURMWĪN,76
HIMACHAL PRADESH,HAMĪRPUR,77
HIMACHAL PRADESH,HANGRANG,78
HIMACHAL PRADESH,HARCHAKIAN,79
HIMACHAL PRADESH,HAROLI,80
HIMACHAL PRADESH,INDORA,81
HIMACHAL PRADESH,JAISINGHPUR,82
HIMACHAL PRADESH,JASWĀN  KOTLA,83
HIMACHAL PRADESH,JAWĀLA MUKHI,84
HIMACHAL PRADESH,JAWĀLI,85
HIMACHAL PRADESH,JHANDŪTA,86
HIMACHAL PRADESH,JOGINDAR NAGAR,87
HIMACHAL PRADESH,JUBBAL,88
HIMACHAL PRADESH,KALPA,89
HIMACHAL PRADESH,KAMRAU,90
HIMACHAL PRADESH,KANDĀGHĀT,91
HIMACHAL PRADESH,KĀNGRA,92
HIMACHAL PRADESH,KARSOG,93
HIMACHAL PRADESH,KASAULI,94
HIMACHAL PRADESH,KHUNDIĀN,95
HIMACHAL PRADESH,KOTKHĀI,96
HIMACHAL PRADESH,KOTLI,97
HIMACHAL PRADESH,KRISHANGARH,98
HIMACHAL PRADESH,KULLU,99
HIMACHAL PRADESH,KUMHĀRSAIN,100
HIMACHAL PRADESH,KUPVI,1
HIMACHAL PRADESH,LAD BHAROL,2
HIMACHAL PRADESH,LĀHUL,3
HIMACHAL PRADESH,MANĀLI,4
HIMACHAL PRADESH,MORANG,5
HIMACHAL PRADESH,MULTHĀN,6
HIMACHAL PRADESH,NĀDAUN,7
HIMACHAL PRADESH,NAGROTA BAGWAN,8
HIMACHAL PRADESH,NĀHAN,9
HIMACHAL PRADESH,NĀLĀGARH,10
HIMACHAL PRADESH,NAMHOL,11
HIMACHAL PRADESH,NANKHARI,12
HIMACHAL PRADESH,NERMĀND,13
HIMACHAL PRADESH,NERUA,14
HIMACHAL PRADESH,NICHAR,15
HIMACHAL PRADESH,NIHIRI,16
HIMACHAL PRADESH,NOHRA,17
HIMACHAL PRADESH,NURPUR,18
HIMACHAL PRADESH,PACHHĀD,19
HIMACHAL PRADESH,PADHAR,20
HIMACHAL PRADESH,PALAMPUR,21
HIMACHAL PRADESH,PĀNGI,22
HIMACHAL PRADESH,PĀONTA SĀHIB,23
HIMACHAL PRADESH,PUH,24
HIMACHAL PRADESH,R ĀJGARH,25
HIMACHAL PRADESH,RAKAR,26
HIMACHAL PRADESH,RĀMPUR,27
HIMACHAL PRADESH,RAMSHAHR,28
HIMACHAL PRADESH,RANHOT,29
HIMACHAL PRADESH,RENUKA,30
HIMACHAL PRADESH,ROHRU,31
HIMACHAL PRADESH,SAINJ,32
HIMACHAL PRADESH,SALŪNI,33
HIMACHAL PRADESH,SANDHOL,34
HIMACHAL PRADESH,SANGLA,35
HIMACHAL PRADESH,SARKĀGHĀT,36
HIMACHAL PRADESH,SHĀHPUR,37
HIMACHAL PRADESH,SHALĀI,38
HIMACHAL PRADESH,SHIMLA,39
HIMACHAL PRADESH,SHRI NAINA DEVI JI,40
HIMACHAL PRADESH,SIHUNTA,41
HIMACHAL PRADESH,SOLAN,42
HIMACHAL PRADESH,SPITI,43
HIMACHAL PRADESH,SUNDAR NAGAR,44
HIMACHAL PRADESH,SUNI,45
HIMACHAL PRADESH,THEOG,46
HIMACHAL PRADESH,THUNĀG,47
HIMACHAL PRADESH,THURAL,48
HIMACHAL PRADESH,TĪRA SUJĀNPUR,49
HIMACHAL PRADESH,UNA,50
JHARKHAND,ADITYAPUR,51
JHARKHAND,ALBERT EKKA (JARI),52
JHARKHAND,AMARAPARA,53
JHARKHAND,ANANDPUR,54
JHARKHAND,ANGARA,55
JHARKHAND,BAGHMARA-CUM-KATRAS,56
JHARKHAND,BAGODAR,57
JHARKHAND,BAHARAGAON,58
JHARKHAND,BAHARAGORA,59
JHARKHAND,BALIAPUR,60
JHARKHAND,BALUMATH,61
JHARKHAND,BANDGAON,62
JHARKHAND,BANO,63
JHARKHAND,BANSJOR,64
JHARKHAND,BARDIHA,65
JHARKHAND,BARHAIT,66
JHARKHAND,BARHARWA,67
JHARKHAND,BARHI,68
JHARKHAND,BARIATU,69
JHARKHAND,BARIHAT,70
JHARKHAND,BARKAGAON,71
JHARKHAND,BARKATHA,72
JHARKHAND,BARWADIH,73
JHARKHAND,BASANTRAI,74
JHARKHAND,BASIA,75
JHARKHAND,BENGABAD,76
JHARKHAND,BERMO,77
JHARKHAND,BERO,78
JHARKHAND,BHANDARIA,79
JHARKHAND,BHANDRA,80
JHARKHAND,BHAWANATHPUR,81
JHARKHAND,BIRNI,82
JHARKHAND,BISHNPURI,83
JHARKHAND,BISHNUGARH,84
JHARKHAND,BISHRAMPUR,85
JHARKHAND,BISHUNPUR,86
JHARKHAND,BOARIJOR,87
JHARKHAND,BOLBA,88
JHARKHAND,BORAM,89
JHARKHAND,BORIO,90
JHARKHAND,BUNDU,91
JHARKHAND,BURMU,92
JHARKHAND,C,93
JHARKHAND,CHAIBASA,94
JHARKHAND,CHAINPUR,95
JHARKHAND,CHAKRADHARPUR,96
JHARKHAND,CHAKULIA,97
JHARKHAND,CHALKUSHA,98
JHARKHAND,CHANDANKARI,99
JHARKHAND,CHANDIL,100
JHARKHAND,CHANDRAPURA,1
JHARKHAND,CHANDWARA,2
JHARKHAND,CHANHO,3
JHARKHAND,CHAS,4
JHARKHAND,CHATRA,5
JHARKHAND,CHAUPARAN,6
JHARKHAND,CHHATARPUR,7
JHARKHAND,CHINIYA,8
JHARKHAND,CHIRKUNDA-NIRSA,9
JHARKHAND,CHITARPUR,10
JHARKHAND,CHOUPARAN,11
JHARKHAND,CHURCHU,12
JHARKHAND,DADI,13
JHARKHAND,DALBHUMGARH,14
JHARKHAND,DALTONGANJ,15
JHARKHAND,DANDA,16
JHARKHAND,DANDAI,17
JHARKHAND,DARU,18
JHARKHAND,Deoghar,19
JHARKHAND,DEORI,20
JHARKHAND,DEVIPUR,21
JHARKHAND,DHANBAD,22
JHARKHAND,DHANWAR,23
JHARKHAND,DHURKI,24
JHARKHAND,Disputed (Jharkhand),25
JHARKHAND,DOMCHANCH,26
JHARKHAND,DULMI,27
JHARKHAND,DUMARIA,28
JHARKHAND,DUMKA,29
JHARKHAND,DUMRI,30
JHARKHAND,ERKI,31
JHARKHAND,FATEHPUR,32
JHARKHAND,GANDE,33
JHARKHAND,GARHWA,34
JHARKHAND,GARU,35
JHARKHAND,GAWAN,36
JHARKHAND,GHAGHRA,37
JHARKHAND,GHATSILA,38
JHARKHAND,GIDHAUR,39
JHARKHAND,GIRIDIH,40
JHARKHAND,GOBINDPUR,41
JHARKHAND,GODDA,42
JHARKHAND,GOELKERA,43
JHARKHAND,GOLA,44
JHARKHAND,GOLMURI,45
JHARKHAND,GOPIKANDAR,46
JHARKHAND,GUDRI,47
JHARKHAND,GUMIA,48
JHARKHAND,GUMLA,49
JHARKHAND,HAIDERNAGAR,50
JHARKHAND,HARIHARGUNJ,51
JHARKHAND,HATGAMHARIYA,52
JHARKHAND,HAZARIBAGH,53
JHARKHAND,HERHANG,54
JHARKHAND,HIRANPUR,55
JHARKHAND,HUNTERGANJ,56
JHARKHAND,HUSSAINABAD,57
JHARKHAND,ICHAGARH,58
JHARKHAND,ICHAK,59
JHARKHAND,ITKHORI,60
JHARKHAND,ITKI,61
JHARKHAND,JAGANNATHPUR,62
JHARKHAND,JAINAGAR,63
JHARKHAND,JALDEGA,64
JHARKHAND,JAMA,65
JHARKHAND,JAMTARA,66
JHARKHAND,JAMUA,67
JHARKHAND,JARIDIH,68
JHARKHAND,JARMUNDI,69
JHARKHAND,JHARIA-JORAPOKHAR,70
JHARKHAND,JHINKPANI,71
JHARKHAND,K VIDYASAGAR,72
JHARKHAND,KAMDARA,73
JHARKHAND,KANDI,74
JHARKHAND,KANHA CHATTI,75
JHARKHAND,KANKE,76
JHARKHAND,KARO,77
JHARKHAND,KARON,78
JHARKHAND,KARRA,79
JHARKHAND,KASMAR,80
JHARKHAND,KATHIKUND,81
JHARKHAND,KATKAMCANDI,82
JHARKHAND,KATKAMDAG,83
JHARKHAND,KEREDARI,84
JHARKHAND,KERSAI,85
JHARKHAND,KETAR,86
JHARKHAND,KHARAONDI,87
JHARKHAND,KHARSAWAN,88
JHARKHAND,KHELARI,89
JHARKHAND,KHUNTI,90
JHARKHAND,KHUNTPANI,91
JHARKHAND,KISKO,92
JHARKHAND,KODARMA,93
JHARKHAND,KOLEBIRA,94
JHARKHAND,KUCHAI,95
JHARKHAND,KUKRU,96
JHARKHAND,KUMARDUNGI,97
JHARKHAND,KUNDA,98
JHARKHAND,KUNDAHIT,99
JHARKHAND,KURDEG,100
JHARKHAND,KURU,1
JHARKHAND,LAPUNG,2
JHARKHAND,LATEHAR,3
JHARKHAND,LAWALONG,4
JHARKHAND,LESLIGUNJ,5
JHARKHAND,Level 1,6
JHARKHAND,Level 3,7
JHARKHAND,LITIPARA,8
JHARKHAND,LOHARDAGA,9
JHARKHAND,MADHUPUR,10
JHARKHAND,MAHAGAMA,11
JHARKHAND,MAHESHPUR,12
JHARKHAND,MAHUADANR,13
JHARKHAND,MAJHHGAON,14
JHARKHAND,MAJHIAON,15
JHARKHAND,manatu,16
JHARKHAND,MANDAR,17
JHARKHAND,MANDRO,18
JHARKHAND,MANDU,19
JHARKHAND,MANIHARI,20
JHARKHAND,MANIKA,21
JHARKHAND,MANOHARPUR,22
JHARKHAND,MARGOMUNDA,23
JHARKHAND,MARKACCHO,24
JHARKHAND,MASALIA,25
JHARKHAND,MAYUR HAND,26
JHARKHAND,MEHERMA,27
JHARKHAND,MERAL,28
JHARKHAND,MOHAMADGANJ,29
JHARKHAND,MOHANPUR,30
JHARKHAND,MURHU,31
JHARKHAND,MUSABANI,32
JHARKHAND,NAGAR-UNTARI,33
JHARKHAND,NAGRI,34
JHARKHAND,NALA,35
JHARKHAND,NAMKOM,36
JHARKHAND,NARAYANPUR,37
JHARKHAND,NAWABAZAR,38
JHARKHAND,NAWADIH,39
JHARKHAND,NAWADIHA,40
JHARKHAND,NIMDIH,41
JHARKHAND,NOAMUNDI,42
JHARKHAND,ORMANJHI,43
JHARKHAND,PADMA,44
JHARKHAND,PADWA,45
JHARKHAND,PAKARDANR,46
JHARKHAND,PAKUR,47
JHARKHAND,PAKURIA,48
JHARKHAND,PALKOT,49
JHARKHAND,PALOJORI,50
JHARKHAND,PANDU,51
JHARKHAND,PANKI,52
JHARKHAND,PATAMDA,53
JHARKHAND,PATAN,54
JHARKHAND,PATHALGAMA,55
JHARKHAND,PATHARGAMA,56
JHARKHAND,PATHNA,57
JHARKHAND,PATRATU,58
JHARKHAND,PESHRAR,59
JHARKHAND,PETERBAR,60
JHARKHAND,pipra,61
JHARKHAND,PIRTANAR,62
JHARKHAND,POREYAHAT,63
JHARKHAND,POTKA,64
JHARKHAND,PRATAPPUR,65
JHARKHAND,PURBI TUNDI,66
JHARKHAND,RAHE,67
JHARKHAND,RAIDIH,68
JHARKHAND,RAJMAHAL,69
JHARKHAND,RAMGARH,70
JHARKHAND,RAMKANDA,71
JHARKHAND,RAMNA,72
JHARKHAND,RANCHI,73
JHARKHAND,RANIA,74
JHARKHAND,RANISHWAR,75
JHARKHAND,RANKA,76
JHARKHAND,RATU,77
JHARKHAND,SAGMA,78
JHARKHAND,SAHIBGANJ,79
JHARKHAND,SARAIKELA,80
JHARKHAND,SARAIKELA-KHARSAWAN,81
JHARKHAND,SARAIYAHAT,82
JHARKHAND,SARATH,83
JHARKHAND,SARIYA,84
JHARKHAND,SARWAN,85
JHARKHAND,satbarwa,86
JHARKHAND,SATGAWAN,87
JHARKHAND,SENHA,88
JHARKHAND,SHIKARIPARA,89
JHARKHAND,SILLI,90
JHARKHAND,SIMARIA,91
JHARKHAND,SIMDEGA,92
JHARKHAND,SISAI,93
JHARKHAND,SONAHATU,94
JHARKHAND,SONARAYTHARI,95
JHARKHAND,SONUA,96
JHARKHAND,SUNDARPAHARI,97
JHARKHAND,TALJHARI,98
JHARKHAND,TAMAR,99
JHARKHAND,TANDWA,100
JHARKHAND,TANTNAGAR,1
JHARKHAND,tarhasi,2
JHARKHAND,TATIJHARIA,3
JHARKHAND,THAKUR GANGTI,4
JHARKHAND,THFTAITANGAR,5
JHARKHAND,TISRI,6
JHARKHAND,TONTO,7
JHARKHAND,TOPCHANCHI,8
JHARKHAND,TORPA,9
JHARKHAND,TUNDI,10
JHARKHAND,UDHUA,11
JHARKHAND,UNTARI ROAD,12
JHARKHAND,VERNO,13
KARNATAKA,AFZALPUR,14
KARNATAKA,ALAND,15
KARNATAKA,ALUR,16
KARNATAKA,ANEKAL,17
KARNATAKA,ANKOLA,18
KARNATAKA,ARAKALGUD,19
KARNATAKA,ARASIKERE,20
KARNATAKA,ATHNI,21
KARNATAKA,AURAD,22
KARNATAKA,BADAMI,23
KARNATAKA,BĀGALKOT,24
KARNATAKA,BAGEPALLI,25
KARNATAKA,BAILHONGAL,26
KARNATAKA,BALLĀRI,27
KARNATAKA,BANGARAPET,28
KARNATAKA,BASAVAKALYAN,29
KARNATAKA,BASAVANA BAGEVADI,30
KARNATAKA,BELAGĀVI,31
KARNATAKA,BELTHANGADI,32
KARNATAKA,BELUR,33
KARNATAKA,BENGALŪRU  SOUTH,34
KARNATAKA,BENGALŪRU URBAN,35
KARNATAKA,BHADRAVATHI,36
KARNATAKA,BHALKI,37
KARNATAKA,BHATKAL,38
KARNATAKA,BĪDAR,39
KARNATAKA,BILGI,40
KARNATAKA,BUNTWAL,41
KARNATAKA,BYADGI,42
KARNATAKA,CHALLAKERE,43
KARNATAKA,CHĀMARĀJANAGAR,44
KARNATAKA,CHANNAGIRI,45
KARNATAKA,CHANNAPATNA,46
KARNATAKA,CHANNARAYAPATNA,47
KARNATAKA,CHIK BALLĀPUR,48
KARNATAKA,CHIKKAMAGALŪRU,49
KARNATAKA,CHIKNAYAKANHALLI,50
KARNATAKA,CHIKODI,51
KARNATAKA,CHINCHOLI,52
KARNATAKA,CHINTAMANI,53
KARNATAKA,CHITPUR,54
KARNATAKA,CHITRADURGA,55
KARNATAKA,DĀVANGERE,56
KARNATAKA,DEVADURGA,57
KARNATAKA,DEVANAHALLI,58
KARNATAKA,DHĀRWAD,59
KARNATAKA,DODDABALLAPUR,60
KARNATAKA,GADAG,61
KARNATAKA,GANGAVATI,62
KARNATAKA,GOKAK,63
KARNATAKA,GOWRIBIDANUR,64
KARNATAKA,GUBBI,65
KARNATAKA,GUDIBANDA,66
KARNATAKA,GUNDLUPET,67
KARNATAKA,HAGARIBOMMANAHALLI,68
KARNATAKA,HALIYAL,69
KARNATAKA,HANGAL,70
KARNATAKA,HARIHAR,71
KARNATAKA,HARPANAHALLI,72
KARNATAKA,HASSAN,73
KARNATAKA,HĀVERI,74
KARNATAKA,HEGGADADEVANAKOTE,75
KARNATAKA,HIREKERUR,76
KARNATAKA,HIRIYUR,77
KARNATAKA,HOLALKERE,78
KARNATAKA,HOLE NARASIPURA,79
KARNATAKA,HONAVAR,80
KARNATAKA,HONNALI,81
KARNATAKA,HOSADURGA,82
KARNATAKA,HOSANAGARA,83
KARNATAKA,HOSKOTE,84
KARNATAKA,HOSPET,85
KARNATAKA,HUBLI CHAK,86
KARNATAKA,HUE,87
KARNATAKA,HUKERI,88
KARNATAKA,HUMNABAD,89
KARNATAKA,HUNGUND,90
KARNATAKA,HUNUSUR,91
KARNATAKA,HUVVINAHADAGALI,92
KARNATAKA,INDI,93
KARNATAKA,JAGALUR,94
KARNATAKA,JAMKHANDI,95
KARNATAKA,JEVARGI,96
KARNATAKA,JOIDA,97
KARNATAKA,KADUR,98
KARNATAKA,KALABURAGI,99
KARNATAKA,KALGHATI,100
KARNATAKA,KANAKAPURA,1
KARNATAKA,KARKAL,2
KARNATAKA,KARWAR,3
KARNATAKA,KHANAPUR,4
KARNATAKA,KOLAR,5
KARNATAKA,KOLLEGALA,6
KARNATAKA,KOPPA,7
KARNATAKA,KOPPAL,8
KARNATAKA,KORATAGERE,9
KARNATAKA,KRISHNARAJA NAGAR,10
KARNATAKA,KRISHNARUJPET,11
KARNATAKA,KUDLIGI,12
KARNATAKA,KUMTA,13
KARNATAKA,KUNDAPURA,14
KARNATAKA,KUNDGOL,15
KARNATAKA,KUNIGAL,16
KARNATAKA,KUSHTAGI,17
KARNATAKA,MADDUR,18
KARNATAKA,MADHUGIRI,19
KARNATAKA,MAGADI,20
KARNATAKA,MALAVALLI,21
KARNATAKA,MALUR,22
KARNATAKA,MANDYA,23
KARNATAKA,MANGALORE,24
KARNATAKA,MANVI,25
KARNATAKA,MERCARA,26
KARNATAKA,MOLAKALMURU,27
KARNATAKA,MUDDEBIHAL,28
KARNATAKA,MUDGAL,29
KARNATAKA,MUDHOL,30
KARNATAKA,MUDIGERE,31
KARNATAKA,MULBAGAL,32
KARNATAKA,MUNDARGI,33
KARNATAKA,MUNDGOD,34
KARNATAKA,MYSŪRU,35
KARNATAKA,NAGAMANGALA,36
KARNATAKA,NANJANGUD,37
KARNATAKA,NARASIMHARAJAPURA,38
KARNATAKA,NARGUND,39
KARNATAKA,NAVALGUND,40
KARNATAKA,NELAMANGALA,41
KARNATAKA,PAVAGADA,42
KARNATAKA,PIRIYAPATNA,43
KARNATAKA,PUNDAVAPURA,44
KARNATAKA,PUTTUR,45
KARNATAKA,RĀICHŪR,46
KARNATAKA,RĀMANAGARAM,47
KARNATAKA,RAMDURG,48
KARNATAKA,RANIBENNURU,49
KARNATAKA,RAYBAG,50
KARNATAKA,RON,51
KARNATAKA,SAGAR,52
KARNATAKA,SAKALESHPUR,53
KARNATAKA,SANDUR,54
KARNATAKA,SAVADATTI,55
KARNATAKA,SAVANUR,56
KARNATAKA,SEDAM,57
KARNATAKA,SHAHPUR,58
KARNATAKA,SHIGGAON,59
KARNATAKA,SHIKARPUR,60
KARNATAKA,SHIRHATTI,61
KARNATAKA,SHIVAMOGGA,62
KARNATAKA,SHORAPUR,63
KARNATAKA,SHRIRANGAPATTANA,64
KARNATAKA,SIDDAPUR,65
KARNATAKA,SIDLAGHATTA,66
KARNATAKA,SINDGI,67
KARNATAKA,SINDHNUR,68
KARNATAKA,SIRA,69
KARNATAKA,SIRSI,70
KARNATAKA,SIRUGUPPA,71
KARNATAKA,SOMVARPET,72
KARNATAKA,SORBA,73
KARNATAKA,SRINGERI,74
KARNATAKA,SRINIVASAPURA,75
KARNATAKA,SULYA,76
KARNATAKA,TARIKERE,77
KARNATAKA,THIRTHAHALLI,78
KARNATAKA,TIPTUR,79
KARNATAKA,TIRUMAKUDALNARSIPUR,80
KARNATAKA,TUMAKŪRU,81
KARNATAKA,TURUVEKERE,82
KARNATAKA,UDUPI,83
KARNATAKA,VIJAYĀPURA,84
KARNATAKA,VIRAJPET,85
KARNATAKA,YĀDGĪR,86
KARNATAKA,YALANDUR,87
KARNATAKA,YALBURGA,88
KARNATAKA,YELLAPUR,89
KERALA,ADŪR,90
KERALA,ĀLATTŪR,91
KERALA,ĀLUVA,92
KERALA,AMBALAPUZHA,93
KERALA,CHĀLAKKUDI,94
KERALA,CHANGANĀSSERI,95
KERALA,CHENGANNŪR,96
KERALA,CHERTTALA,97
KERALA,CHIRAYINKĪZH,98
KERALA,CHITTŪR,99
KERALA,DEVIKULAM,100
KERALA,ERNĀD,1
KERALA,HOSDURG,2
KERALA,IDUKKI,3
KERALA,IRITTY,4
KERALA,KANAYANNŪR,5
KERALA,KĀNJIRAPALLI,6
KERALA,KANNŪR,7
KERALA,KĀRTIKAPALLI,8
KERALA,KARUNĀGAPALLI,9
KERALA,KASARAGOD,10
KERALA,KĀTTĀKKADA,11
KERALA,KOCHCHI,12
KERALA,KOLLAM,13
KERALA,KONDOTTY,14
KERALA,KONNI,15
KERALA,KOTAMANGALAM,16
KERALA,KOTTĀRAKARA,17
KERALA,KOTTAYAM,18
KERALA,KOYILĀNDI,19
KERALA,KOZHANCHERI,20
KERALA,KOZHIKODE,21
KERALA,KUNNAMKULAM,22
KERALA,KUNNATTUNĀD,23
KERALA,KUNNATTŪR,24
KERALA,KUTTANĀD,25
KERALA,MALLAPPALLI,26
KERALA,MĀNANTAVĀDI,27
KERALA,MANJESHVAR,28
KERALA,MANNĀRKKĀD,29
KERALA,MĀVELIKARA,30
KERALA,MĪNACHIL,31
KERALA,MUKUNDAPURAM,32
KERALA,MUVĀTTUPUZHA,33
KERALA,NEDUMANGĀD,34
KERALA,NEYYĀTTINKARA,35
KERALA,NILAMBŪR,36
KERALA,OTTAPPĀLAM,37
KERALA,PĀLAKKĀD,38
KERALA,PARAVŪR,39
KERALA,PATTĀMBI,40
KERALA,PATTANĀPURAM,41
KERALA,PAYYANNŪR,42
KERALA,PERINTALMANNA,43
KERALA,PĪRMED,44
KERALA,PONNĀNI,45
KERALA,PUNALŪR,46
KERALA,RĀNNI,47
KERALA,SULTĀN BATTERY,48
KERALA,TALAPPALLI,49
KERALA,TALASSERI,50
KERALA,TALIPARAMBA,51
KERALA,TĀMARASSERRY,52
KERALA,THIRUVANANTHAPURAM,53
KERALA,TIRŪR,54
KERALA,TIRŪRANGĀDI,55
KERALA,TIRUVALLA,56
KERALA,TODUPUZHA,57
KERALA,TRISSŪR,58
KERALA,UDUMBANCHOLA,59
KERALA,VADAKARA,60
KERALA,VAIKAM,61
KERALA,VAITHIRY,62
KERALA,VARKALA,63
KERALA,VELLARIKUNDU,64
LAKSHADWEEP,LAKSHADWEEP,65
MADHYA PRADESH,AGAR,66
MADHYA PRADESH,AJAIGARH,67
MADHYA PRADESH,ALĪRĀJPUR,68
MADHYA PRADESH,ĀLOT,69
MADHYA PRADESH,AMARPĀTAN,70
MADHYA PRADESH,AMARWĀRA,71
MADHYA PRADESH,AMBĀH,72
MADHYA PRADESH,AMLA,73
MADHYA PRADESH,ANŪPPUR,74
MADHYA PRADESH,ĀRON,75
MADHYA PRADESH,ASHOKNAGAR,76
MADHYA PRADESH,ASHTA,77
MADHYA PRADESH,ATER,78
MADHYA PRADESH,BĀBAI,79
MADHYA PRADESH,BADNĀWAR,80
MADHYA PRADESH,BAGLI,81
MADHYA PRADESH,BAHURĪBAND,82
MADHYA PRADESH,BAIHAR,83
MADHYA PRADESH,BĀJNA,84
MADHYA PRADESH,BĀLĀGHĀT,85
MADHYA PRADESH,BALDEOGARH,86
MADHYA PRADESH,BANDA,87
MADHYA PRADESH,BĀNDHOGARH,88
MADHYA PRADESH,BANKHERI,89
MADHYA PRADESH,BARAHI,90
MADHYA PRADESH,BARAMALEHARA,91
MADHYA PRADESH,BARELI,92
MADHYA PRADESH,BARGHĀT,93
MADHYA PRADESH,BARNAGAR,94
MADHYA PRADESH,BAROUD,95
MADHYA PRADESH,BARWAH,96
MADHYA PRADESH,BARWĀNI,97
MADHYA PRADESH,BARWĀRA,98
MADHYA PRADESH,BĀSODA,99
MADHYA PRADESH,BATIĀGARH,100
MADHYA PRADESH,BEGAMGANJ,1
MADHYA PRADESH,BEOHĀRI,2
MADHYA PRADESH,BERASIA,3
MADHYA PRADESH,BETUL,4
MADHYA PRADESH,BHAGWANPURA,5
MADHYA PRADESH,BHAINSDEHI,6
MADHYA PRADESH,BHĀNDER,7
MADHYA PRADESH,BHĀNPURA,8
MADHYA PRADESH,BHAVARA,9
MADHYA PRADESH,BHIKANGAON,10
MADHYA PRADESH,BHIND,11
MADHYA PRADESH,BHITARWĀR,12
MADHYA PRADESH,BICHHIYA,13
MADHYA PRADESH,BICHHUA,14
MADHYA PRADESH,BIJĀWAR,15
MADHYA PRADESH,BIJERĀGHOGARH,16
MADHYA PRADESH,BĪNA,17
MADHYA PRADESH,BIYĀVRA,18
MADHYA PRADESH,BUDHNI,19
MADHYA PRADESH,BURHANPUR,20
MADHYA PRADESH,CHACHAURA,21
MADHYA PRADESH,CHANDERI,22
MADHYA PRADESH,CHAURAI,23
MADHYA PRADESH,CHHATARPUR,24
MADHYA PRADESH,CHHINDWĀRA,25
MADHYA PRADESH,CHITRANGI,26
MADHYA PRADESH,CHORHAT,27
MADHYA PRADESH,DABRA,28
MADHYA PRADESH,DAMOH,29
MADHYA PRADESH,DATIA,30
MADHYA PRADESH,DEORI,31
MADHYA PRADESH,DEOSAR,32
MADHYA PRADESH,DEPĀLPUR,33
MADHYA PRADESH,DEWĀS,34
MADHYA PRADESH,DHĀR,35
MADHYA PRADESH,DHARAMPURI,36
MADHYA PRADESH,DHIMARKHERA,37
MADHYA PRADESH,DINDORI,38
MADHYA PRADESH,DISPUTED,39
MADHYA PRADESH,GĀDARWĀRA,40
MADHYA PRADESH,GAIRATGANJ,41
MADHYA PRADESH,GANDHWĀNI,42
MADHYA PRADESH,GARHĀKOTA,43
MADHYA PRADESH,GAROT,44
MADHYA PRADESH,GAURIHĀR,45
MADHYA PRADESH,GHANSAUR,46
MADHYA PRADESH,GHATIYA,47
MADHYA PRADESH,GOHAD,48
MADHYA PRADESH,GOHARGANJ,49
MADHYA PRADESH,GOPAD BANĀS,50
MADHYA PRADESH,GOTEGAON,51
MADHYA PRADESH,GULĀNA,52
MADHYA PRADESH,GUNA,53
MADHYA PRADESH,GUNAUR,54
MADHYA PRADESH,GURH,55
MADHYA PRADESH,GWALIOR,56
MADHYA PRADESH,GYĀRASPUR,57
MADHYA PRADESH,HANUMANA,58
MADHYA PRADESH,HARDA,59
MADHYA PRADESH,HARSŪD,60
MADHYA PRADESH,HATTA,61
MADHYA PRADESH,HOSHANGĀBĀD,62
MADHYA PRADESH,HUZŪR,63
MADHYA PRADESH,ICHHĀWAR,64
MADHYA PRADESH,INDORE,65
MADHYA PRADESH,ISĀGARH,66
MADHYA PRADESH,ITĀRSI,67
MADHYA PRADESH,JABALPUR,68
MADHYA PRADESH,JABERA,69
MADHYA PRADESH,JAISINGHNAGAR,70
MADHYA PRADESH,JAITHARI,71
MADHYA PRADESH,JAITPUR,72
MADHYA PRADESH,JATĀRA,73
MADHYA PRADESH,JAURA,74
MADHYA PRADESH,JĀWAD,75
MADHYA PRADESH,JHĀBUA,76
MADHYA PRADESH,JHIRNIYA,77
MADHYA PRADESH,JOBAT,78
MADHYA PRADESH,JORA,79
MADHYA PRADESH,JUNNĀRDEV,80
MADHYA PRADESH,KAILĀRAS,81
MADHYA PRADESH,KĀLA PĪPAL,82
MADHYA PRADESH,KANNOD,83
MADHYA PRADESH,KARĀHAL,84
MADHYA PRADESH,KARELI,85
MADHYA PRADESH,KARERA,86
MADHYA PRADESH,KASRĀWAD,87
MADHYA PRADESH,KATANGI,88
MADHYA PRADESH,KEOLĀRI,89
MADHYA PRADESH,KESLI,90
MADHYA PRADESH,KHĀCHROD,91
MADHYA PRADESH,KHAIRLĀNJI,92
MADHYA PRADESH,KHAKNAR,93
MADHYA PRADESH,KHANDWA,94
MADHYA PRADESH,KHANIYĀDHĀNA,95
MADHYA PRADESH,KHARGON,96
MADHYA PRADESH,KHĀTEGAON,97
MADHYA PRADESH,KHILCHIPUR,98
MADHYA PRADESH,KHIRKIYA,99
MADHYA PRADESH,KHURAI,100
MADHYA PRADESH,KIRNAPUR,1
MADHYA PRADESH,KOLĀRAS,2
MADHYA PRADESH,KORWAI,3
MADHYA PRADESH,KOTMA,4
MADHYA PRADESH,KUKSHI,5
MADHYA PRADESH,KUMBHRĀJ,6
MADHYA PRADESH,KUNDAM,7
MADHYA PRADESH,KURAI,8
MADHYA PRADESH,KUSMI,9
MADHYA PRADESH,LAHĀR,10
MADHYA PRADESH,LAKHNĀDON,11
MADHYA PRADESH,LĀLBURRA,12
MADHYA PRADESH,LANJI,13
MADHYA PRADESH,LETERI,14
MADHYA PRADESH,LOUNDI,15
MADHYA PRADESH,MAHESHWAR,16
MADHYA PRADESH,MAHGAWĀN,17
MADHYA PRADESH,MAIHAR,18
MADHYA PRADESH,MAJHAULI,19
MADHYA PRADESH,MAJHGAWĀN,20
MADHYA PRADESH,MAJHOLI,21
MADHYA PRADESH,MALHĀRGARH,22
MADHYA PRADESH,MANĀSA,23
MADHYA PRADESH,MANĀWAR,24
MADHYA PRADESH,MANDLA,25
MADHYA PRADESH,MANDSAUR,26
MADHYA PRADESH,MĀNPUR,27
MADHYA PRADESH,MAUGANJ,28
MADHYA PRADESH,MEGHNAGAR,29
MADHYA PRADESH,MEHIDPUR,30
MADHYA PRADESH,MHOW,31
MADHYA PRADESH,MIHONA,32
MADHYA PRADESH,MOMAN BARODIYA,33
MADHYA PRADESH,MORENA,34
MADHYA PRADESH,MULTAI,35
MADHYA PRADESH,MUNGAOLI,36
MADHYA PRADESH,MURWĀRA,37
MADHYA PRADESH,NAGDA,38
MADHYA PRADESH,NĀGOD,39
MADHYA PRADESH,NAINPUR,40
MADHYA PRADESH,NALKHERA,41
MADHYA PRADESH,NARSIMHAPUR,42
MADHYA PRADESH,NARSINGHGARH,43
MADHYA PRADESH,NARWAR,44
MADHYA PRADESH,NASRULLĀHGANJ,45
MADHYA PRADESH,NATERAN,46
MADHYA PRADESH,NEPANAGAR,47
MADHYA PRADESH,NĪMACH,48
MADHYA PRADESH,NIVĀRI,49
MADHYA PRADESH,NIWALI,50
MADHYA PRADESH,NIWAS,51
MADHYA PRADESH,NOWGONG,52
MADHYA PRADESH,PALERA,53
MADHYA PRADESH,PĀLI,54
MADHYA PRADESH,PANDHĀNA,55
MADHYA PRADESH,PĀNDHURNA,56
MADHYA PRADESH,PANNA,57
MADHYA PRADESH,PANSEMAL,58
MADHYA PRADESH,PARĀSIA,59
MADHYA PRADESH,PĀTAN,60
MADHYA PRADESH,PATERA,61
MADHYA PRADESH,PATHARIA,62
MADHYA PRADESH,PAWAI,63
MADHYA PRADESH,PETLAWAD,64
MADHYA PRADESH,PICHHOR,65
MADHYA PRADESH,PIPARIA,66
MADHYA PRADESH,PIPLODA,67
MADHYA PRADESH,POHRI,68
MADHYA PRADESH,PORSA,69
MADHYA PRADESH,PRITHVIPUR,70
MADHYA PRADESH,PUSHPRĀJGARH,71
MADHYA PRADESH,RĀGHOGARH,72
MADHYA PRADESH,RAGHURĀJNAGAR,73
MADHYA PRADESH,RĀHATGARH,74
MADHYA PRADESH,RAIPUR  KARCHULIYĀN,75
MADHYA PRADESH,RAISEN,76
MADHYA PRADESH,RĀJGARH,77
MADHYA PRADESH,RĀJNAGAR,78
MADHYA PRADESH,RAJPUR,79
MADHYA PRADESH,RĀMNAGAR,80
MADHYA PRADESH,RĀMPUR BAGHELĀN,81
MADHYA PRADESH,RĀMPUR NEKIN,82
MADHYA PRADESH,RĀNĀPUR,83
MADHYA PRADESH,RATLĀM,84
MADHYA PRADESH,REHLI,85
MADHYA PRADESH,RĪTHI,86
MADHYA PRADESH,ROUN,87
MADHYA PRADESH,SABALGARH,88
MADHYA PRADESH,SĀGAR,89
MADHYA PRADESH,SAILĀNA,90
MADHYA PRADESH,SĀNWER,91
MADHYA PRADESH,SĀRANGPUR,92
MADHYA PRADESH,SARDĀRPUR,93
MADHYA PRADESH,SAUSAR,94
MADHYA PRADESH,SEAGON,95
MADHYA PRADESH,SEHORE,96
MADHYA PRADESH,SENDHWA,97
MADHYA PRADESH,SEONDHA,98
MADHYA PRADESH,SEONI,99
MADHYA PRADESH,SEONIMĀLWA,100
MADHYA PRADESH,SHĀHNAGAR,1
MADHYA PRADESH,SHĀHPUR,2
MADHYA PRADESH,SHAHPURA,3
MADHYA PRADESH,SHĀJĀPUR,4
MADHYA PRADESH,SHEOPUR,5
MADHYA PRADESH,SHIVPURI,6
MADHYA PRADESH,SHUJĀLPUR,7
MADHYA PRADESH,SIHĀWAL,8
MADHYA PRADESH,SIHORA,9
MADHYA PRADESH,SILVĀNI,10
MADHYA PRADESH,SINGRAULI,11
MADHYA PRADESH,SIRMAUR,12
MADHYA PRADESH,SIRONJ,13
MADHYA PRADESH,SITĀMAU,14
MADHYA PRADESH,SOHĀGPUR,15
MADHYA PRADESH,SONKACH,16
MADHYA PRADESH,SUSNER,17
MADHYA PRADESH,SUWĀSRA,18
MADHYA PRADESH,TĀMIYA,19
MADHYA PRADESH,TARĀNA,20
MADHYA PRADESH,TENDŪKHEDA,21
MADHYA PRADESH,TEONTHAR,22
MADHYA PRADESH,THĀNDALA,23
MADHYA PRADESH,THIKRI,24
MADHYA PRADESH,TĪKAMGARH,25
MADHYA PRADESH,TIMURNI,26
MADHYA PRADESH,TONK KHURD,27
MADHYA PRADESH,UDAIPURA,28
MADHYA PRADESH,UJJAIN,29
MADHYA PRADESH,UNCHAHRA,30
MADHYA PRADESH,VIDISHA,31
MADHYA PRADESH,VIJAYPUR,32
MADHYA PRADESH,WĀRĀSEONI,33
MADHYA PRADESH,ZIRĀPUR,34
MADHYA PRADESH(DISPUTED),ALĪRĀJPUR,35
MADHYA PRADESH(DISPUTED),BĀJNA,36
MADHYA PRADESH(DISPUTED),DISPUTED,37
MADHYA PRADESH(DISPUTED),MANDSAUR,38
MADHYA PRADESH(DISPUTED),SUWĀSRA,39
MAHARASHTRA,Achalpur,40
MAHARASHTRA,Aheri,41
MAHARASHTRA,Ahmadpur,42
MAHARASHTRA,Ajra,43
MAHARASHTRA,Akkalkot,44
MAHARASHTRA,Akkalkuwa,45
MAHARASHTRA,Akola,46
MAHARASHTRA,Akole,47
MAHARASHTRA,Akot,48
MAHARASHTRA,Alibag,49
MAHARASHTRA,Amalner,50
MAHARASHTRA,Amarāvati,51
MAHARASHTRA,Ambad,52
MAHARASHTRA,Ambarnath,53
MAHARASHTRA,Ambegaon,54
MAHARASHTRA,Ambejogai,55
MAHARASHTRA,Amgaon,56
MAHARASHTRA,Anjangaon-Surji,57
MAHARASHTRA,Anudha,58
MAHARASHTRA,Ardhapur,59
MAHARASHTRA,Arjunimorgaon,60
MAHARASHTRA,Armori,61
MAHARASHTRA,Arni,62
MAHARASHTRA,Arvi,63
MAHARASHTRA,Ashti,64
MAHARASHTRA,Atpadi,65
MAHARASHTRA,Aurangābād,66
MAHARASHTRA,Ausa,67
MAHARASHTRA,Babhulgaon,68
MAHARASHTRA,Badnapur,69
MAHARASHTRA,Baglan,70
MAHARASHTRA,Balapur,71
MAHARASHTRA,Ballarpur,72
MAHARASHTRA,Baramati,73
MAHARASHTRA,Barshi,74
MAHARASHTRA,Basmat,75
MAHARASHTRA,Bhadgaon,76
MAHARASHTRA,Bhadravati,77
MAHARASHTRA,Bhamragad,78
MAHARASHTRA,Bhandāra,79
MAHARASHTRA,Bhatkuli,80
MAHARASHTRA,Bhiwandi,81
MAHARASHTRA,Bhiwapur,82
MAHARASHTRA,Bhokar,83
MAHARASHTRA,Bhor,84
MAHARASHTRA,Bhudargad,85
MAHARASHTRA,Bhum,86
MAHARASHTRA,Bhusawal,87
MAHARASHTRA,Bīd,88
MAHARASHTRA,Bioli,89
MAHARASHTRA,Bodwad,90
MAHARASHTRA,Bokardan,91
MAHARASHTRA,Bramhapuri,92
MAHARASHTRA,Buldhāna,93
MAHARASHTRA,Chakur,94
MAHARASHTRA,Chalisgao,95
MAHARASHTRA,Chamorshi,96
MAHARASHTRA,Chandgad,97
MAHARASHTRA,Chandrapur,98
MAHARASHTRA,Chandur-Railway,99
MAHARASHTRA,Chandurbazar,100
MAHARASHTRA,Chandwad,1
MAHARASHTRA,Chikhaldar,2
MAHARASHTRA,Chikhli,3
MAHARASHTRA,Chimur,4
MAHARASHTRA,Chiplun,5
MAHARASHTRA,Chopda,6
MAHARASHTRA,Dapoli,7
MAHARASHTRA,Darwha,8
MAHARASHTRA,Daryapur,9
MAHARASHTRA,Daund,10
MAHARASHTRA,Deglur,11
MAHARASHTRA,Deola,12
MAHARASHTRA,Deoli,13
MAHARASHTRA,Deoni,14
MAHARASHTRA,Deori,15
MAHARASHTRA,Deulgaon-Raja,16
MAHARASHTRA,Devgad,17
MAHARASHTRA,Dhadgaon,18
MAHARASHTRA,Dhamangaon,19
MAHARASHTRA,Dhanora,20
MAHARASHTRA,Dhanu,21
MAHARASHTRA,Dharangao,22
MAHARASHTRA,Dharmabad,23
MAHARASHTRA,Dharni,24
MAHARASHTRA,Dharur,25
MAHARASHTRA,Dhule,26
MAHARASHTRA,Digras,27
MAHARASHTRA,Dindori,28
MAHARASHTRA,Dodamarg,29
MAHARASHTRA,Erandol,30
MAHARASHTRA,Etapalli,31
MAHARASHTRA,Fulambri,32
MAHARASHTRA,Gadchiroli,33
MAHARASHTRA,Gadhinglaj,34
MAHARASHTRA,Gaganbavda,35
MAHARASHTRA,Gangakhed,36
MAHARASHTRA,Gangapur,37
MAHARASHTRA,Georai,38
MAHARASHTRA,Ghan,39
MAHARASHTRA,Ghatanji,40
MAHARASHTRA,Gondia,41
MAHARASHTRA,Gondpipri,42
MAHARASHTRA,Goregaon,43
MAHARASHTRA,Guhaghar,44
MAHARASHTRA,Hadgaon,45
MAHARASHTRA,Hatkalangale,46
MAHARASHTRA,Haveli,47
MAHARASHTRA,Himayatn,48
MAHARASHTRA,Hinganghat,49
MAHARASHTRA,Hingna,50
MAHARASHTRA,Hingoli,51
MAHARASHTRA,Igatpuri,52
MAHARASHTRA,Indapur,53
MAHARASHTRA,Jafra,54
MAHARASHTRA,Jalgaon,55
MAHARASHTRA,Jalkot,56
MAHARASHTRA,Jālna,57
MAHARASHTRA,Jamkhed,58
MAHARASHTRA,Jamner,59
MAHARASHTRA,Jaoli,60
MAHARASHTRA,Jath,61
MAHARASHTRA,Jawhar,62
MAHARASHTRA,Jintur,63
MAHARASHTRA,Junnar,64
MAHARASHTRA,Kagal,65
MAHARASHTRA,Kahamgaon,66
MAHARASHTRA,Kajrat,67
MAHARASHTRA,Kalamb,68
MAHARASHTRA,Kalamnuri,69
MAHARASHTRA,Kalmeshwar,70
MAHARASHTRA,Kalwan,71
MAHARASHTRA,Kalyan,72
MAHARASHTRA,Kamptee,73
MAHARASHTRA,Kandhar,74
MAHARASHTRA,Kankavli,75
MAHARASHTRA,Kannad,76
MAHARASHTRA,Karad,77
MAHARASHTRA,Karanja,78
MAHARASHTRA,Karanja-Lad,79
MAHARASHTRA,Karjat,80
MAHARASHTRA,Karmala,81
MAHARASHTRA,Karvir,82
MAHARASHTRA,Katol,83
MAHARASHTRA,Kawthe-Mahankal,84
MAHARASHTRA,Kej,85
MAHARASHTRA,Kelapur,86
MAHARASHTRA,Khalapur,87
MAHARASHTRA,Khanapur,88
MAHARASHTRA,Khand,89
MAHARASHTRA,Khandala,90
MAHARASHTRA,Khatav,91
MAHARASHTRA,Khed,92
MAHARASHTRA,Khuldabad,93
MAHARASHTRA,Kinwat,94
MAHARASHTRA,Kopargaon,95
MAHARASHTRA,Korapana,96
MAHARASHTRA,Korchi,97
MAHARASHTRA,Koregaon,98
MAHARASHTRA,Kudal,99
MAHARASHTRA,Kuhi,100
MAHARASHTRA,Kurkheda,1
MAHARASHTRA,Lakhandur,2
MAHARASHTRA,Lakhani,3
MAHARASHTRA,Lanja,4
MAHARASHTRA,Lātūr,5
MAHARASHTRA,Loha,6
MAHARASHTRA,Lohara,7
MAHARASHTRA,Lonar,8
MAHARASHTRA,Madha,9
MAHARASHTRA,Mahabaleshwar,10
MAHARASHTRA,Mahad,11
MAHARASHTRA,Mahagaon,12
MAHARASHTRA,Mahsala,13
MAHARASHTRA,Mahur,14
MAHARASHTRA,Majalgaon,15
MAHARASHTRA,Malegaon,16
MAHARASHTRA,Malkapur,17
MAHARASHTRA,Malshiras,18
MAHARASHTRA,Malwan,19
MAHARASHTRA,Man,20
MAHARASHTRA,Mandangad,21
MAHARASHTRA,Mangalvedhe,22
MAHARASHTRA,Mangaon,23
MAHARASHTRA,Mangurlpir,24
MAHARASHTRA,Manora,25
MAHARASHTRA,Mantha,26
MAHARASHTRA,Manwat,27
MAHARASHTRA,Maregaon,28
MAHARASHTRA,Mauda,29
MAHARASHTRA,Mawal,30
MAHARASHTRA,Mehekar,31
MAHARASHTRA,Miraj,32
MAHARASHTRA,Mohadi,33
MAHARASHTRA,Mohol,34
MAHARASHTRA,Mokhada,35
MAHARASHTRA,Morshi,36
MAHARASHTRA,Motala,37
MAHARASHTRA,Mudkhed,38
MAHARASHTRA,Mukhed,39
MAHARASHTRA,Muktainag,40
MAHARASHTRA,Mul,41
MAHARASHTRA,Mulchera,42
MAHARASHTRA,Mulshi-Paud,43
MAHARASHTRA,Murbad,44
MAHARASHTRA,Murtizapur,45
MAHARASHTRA,Murud,46
MAHARASHTRA,Nagar,47
MAHARASHTRA,Nagbhir,48
MAHARASHTRA,Nāgpur,49
MAHARASHTRA,Nāgpur-rural,50
MAHARASHTRA,Naigaon,51
MAHARASHTRA,Nānded,52
MAHARASHTRA,Nandgaon,53
MAHARASHTRA,Nandura,54
MAHARASHTRA,Nandurbār,55
MAHARASHTRA,Narkhed,56
MAHARASHTRA,Nāshik,57
MAHARASHTRA,Navapur,58
MAHARASHTRA,Ner,59
MAHARASHTRA,Newasa,60
MAHARASHTRA,Nilanga,61
MAHARASHTRA,Niphad,62
MAHARASHTRA,Pachora,63
MAHARASHTRA,Paithan,64
MAHARASHTRA,Palam,65
MAHARASHTRA,Pālghar,66
MAHARASHTRA,Palus,67
MAHARASHTRA,Pandharpur,68
MAHARASHTRA,Panhala,69
MAHARASHTRA,Panvel,70
MAHARASHTRA,Paranda,71
MAHARASHTRA,Parbhani,72
MAHARASHTRA,Parli-vai,73
MAHARASHTRA,Parner,74
MAHARASHTRA,Parola,75
MAHARASHTRA,Parseoni,76
MAHARASHTRA,Partur,77
MAHARASHTRA,Patan,78
MAHARASHTRA,Pathardi,79
MAHARASHTRA,Pathari,80
MAHARASHTRA,Patoda,81
MAHARASHTRA,Patur,82
MAHARASHTRA,Pauni,83
MAHARASHTRA,Peint,84
MAHARASHTRA,Pen,85
MAHARASHTRA,Phaltan,86
MAHARASHTRA,Poladpur,87
MAHARASHTRA,Pomburna,88
MAHARASHTRA,Purna,89
MAHARASHTRA,Pusad,90
MAHARASHTRA,Radhanagari,91
MAHARASHTRA,Rahata,92
MAHARASHTRA,Rahuri,93
MAHARASHTRA,Rajapur,94
MAHARASHTRA,Rajura,95
MAHARASHTRA,Ralegaon,96
MAHARASHTRA,Ramtek,97
MAHARASHTRA,Ratnāgiri,98
MAHARASHTRA,Raver,99
MAHARASHTRA,Renapur,100
MAHARASHTRA,Risod,1
MAHARASHTRA,Roha,2
MAHARASHTRA,Sadakarjini,3
MAHARASHTRA,Sailu,4
MAHARASHTRA,Sakoli,5
MAHARASHTRA,Sakri,6
MAHARASHTRA,Salekasa,7
MAHARASHTRA,Samundrapur,8
MAHARASHTRA,Sangammer,9
MAHARASHTRA,Sangmeshwar,10
MAHARASHTRA,Sangola,11
MAHARASHTRA,Sangrampur,12
MAHARASHTRA,Saoner,13
MAHARASHTRA,Saswad-Purandhar,14
MAHARASHTRA,Sātāra,15
MAHARASHTRA,Sawanthwadi,16
MAHARASHTRA,Sawli,17
MAHARASHTRA,Seloo,18
MAHARASHTRA,Sengaon,19
MAHARASHTRA,Shahada,20
MAHARASHTRA,Shahapur,21
MAHARASHTRA,Shauwadi,22
MAHARASHTRA,Shegaon,23
MAHARASHTRA,Shevgaon,24
MAHARASHTRA,Shindkhed,25
MAHARASHTRA,Shirala,26
MAHARASHTRA,Shirol,27
MAHARASHTRA,Shirpur,28
MAHARASHTRA,Shirur,29
MAHARASHTRA,Shirur-an,30
MAHARASHTRA,Shrigonda,31
MAHARASHTRA,Shrimapur,32
MAHARASHTRA,Shrivardhan,33
MAHARASHTRA,Sillod,34
MAHARASHTRA,Sindewahi,35
MAHARASHTRA,Sindkhed-raja,36
MAHARASHTRA,Sinnar,37
MAHARASHTRA,Sironcha,38
MAHARASHTRA,Soegaon,39
MAHARASHTRA,Solāpur-N,40
MAHARASHTRA,Solāpur-S,41
MAHARASHTRA,Sonpeth,42
MAHARASHTRA,Sudhagad,43
MAHARASHTRA,Surgana,44
MAHARASHTRA,Tala,45
MAHARASHTRA,talasri,46
MAHARASHTRA,Taloda,47
MAHARASHTRA,Tasgaon,48
MAHARASHTRA,Telhara,49
MAHARASHTRA,Teosa,50
MAHARASHTRA,Thāne,51
MAHARASHTRA,Tiroda,52
MAHARASHTRA,Trimbakeshwar,53
MAHARASHTRA,Tuljapur,54
MAHARASHTRA,Tumsar,55
MAHARASHTRA,Udgir,56
MAHARASHTRA,Umarga,57
MAHARASHTRA,Umerkhed,58
MAHARASHTRA,Umred,59
MAHARASHTRA,Umri,60
MAHARASHTRA,Uran,61
MAHARASHTRA,Usmānābād,62
MAHARASHTRA,Vaibhavwadi,63
MAHARASHTRA,Vaijapur,64
MAHARASHTRA,Vasai,65
MAHARASHTRA,Velhe,66
MAHARASHTRA,Vengurla,67
MAHARASHTRA,Vikramgad,68
MAHARASHTRA,Wada,69
MAHARASHTRA,Wadasa,70
MAHARASHTRA,Wadwani,71
MAHARASHTRA,Wai,72
MAHARASHTRA,Walwa,73
MAHARASHTRA,Wani,74
MAHARASHTRA,Wardha,75
MAHARASHTRA,Warora,76
MAHARASHTRA,Warud,77
MAHARASHTRA,Washi,78
MAHARASHTRA,Wāshīm,79
MAHARASHTRA,Yaval,80
MAHARASHTRA,Yavatmāl,81
MAHARASHTRA,Yeola,82
MAHARASHTRA,Zarijaman,83
MANIPUR,BISHNUPUR,84
MANIPUR,CHAKPIKARONG,85
MANIPUR,CHANDEL,86
MANIPUR,CHURĀCHĀNDPUR,87
MANIPUR,HENGLEP,88
MANIPUR,IMPHAL EAST I,89
MANIPUR,IMPHAL EAST II,90
MANIPUR,IMPHAL WEST I,91
MANIPUR,IMPHAL WEST II,92
MANIPUR,JIRIBAM,93
MANIPUR,KAKCHING,94
MANIPUR,KĀMJONG,95
MANIPUR,KĀNGPOKPI,96
MANIPUR,KASOM KHULLEN,97
MANIPUR,MAO EAST,98
MANIPUR,MOIRANG,99
MANIPUR,NUNGBA,100
MANIPUR,PARBUNG,1
MANIPUR,PHUNGYAR,2
MANIPUR,SAIKUL,3
MANIPUR,TADUBI,4
MANIPUR,TAMEI,5
MANIPUR,TAMENGLONG,6
MANIPUR,TENGNOUPĀL,7
MANIPUR,THANLON,8
MANIPUR,THINGHAT,9
MANIPUR,THOUBĀL,10
MANIPUR,TOUSEM,11
MANIPUR,UKHRUL CENTRAL,12
MANIPUR,UKHRUL NORTH,13
MEGHALAYA,EAST GARO HILLS,14
MEGHALAYA,EAST JĀINTIA HILLS,15
MEGHALAYA,EAST KHASI HILLS,16
MEGHALAYA,NORTH GĀRO HILLS,17
MEGHALAYA,RIBHOI,18
MEGHALAYA,SOUTH GARO HILLS,19
MEGHALAYA,SOUTH WEST GĀRO HILLS,20
MEGHALAYA,SOUTH WEST KHASI HILLS,21
MEGHALAYA,WEST GARO HILLS,22
MEGHALAYA,WEST JAINTIA HILLS,23
MEGHALAYA,WEST KHASI HILLS,24
MIZORAM,ĀĪZAWL,25
MIZORAM,CHAMPHAI,26
MIZORAM,CHAWNGTE,27
MIZORAM,HNAHTHIAL,28
MIZORAM,KAWNPUI,29
MIZORAM,KAWRTHAH,30
MIZORAM,KHAWZAWL,31
MIZORAM,KOLASIB,32
MIZORAM,LAWNGTLAI,33
MIZORAM,LUNGLEI,34
MIZORAM,MĀMIT,35
MIZORAM,NGOPA,36
MIZORAM,NORTH VANLAIPHAI,37
MIZORAM,SAIHA,38
MIZORAM,SAITUAL,39
MIZORAM,SAKAWRDAI,40
MIZORAM,SERCHHĪP,41
MIZORAM,THENZAWL,42
MIZORAM,TLABUNG,43
MIZORAM,TUPANG,44
MIZORAM,VAIRENGTE,45
MIZORAM,WEST PHAILENG,46
NAGALAND,ABOI,47
NAGALAND,AGHUNATO,48
NAGALAND,AKULUTO,49
NAGALAND,DIMAPUR,50
NAGALAND,KIPHIRE,51
NAGALAND,KOHIMA,52
NAGALAND,KONGKHIM,53
NAGALAND,LONGLENG,54
NAGALAND,MOKOKCHUNG,55
NAGALAND,NOKLAK,56
NAGALAND,NOKSEN,57
NAGALAND,PAREN,58
NAGALAND,PHEK,59
NAGALAND,PUGHOBOTO,60
NAGALAND,PUNGRO,61
NAGALAND,SATAKA,62
NAGALAND,SEYOCHUNG,63
NAGALAND,SHAMATORE,64
NAGALAND,TOBU,65
NAGALAND,TUENSANG,66
NAGALAND,WOKHA,67
NAGALAND,ZUNHEBOTO,68
ODISHA,ALI,69
ODISHA,ANANDAPUR,70
ODISHA,ANUGUL,71
ODISHA,ASTARANG,72
ODISHA,ĀTHAGARH,73
ODISHA,ATHAMALLIK,74
ODISHA,ATTABIRA,75
ODISHA,BADACHANA,76
ODISHA,BADASAHI,77
ODISHA,BADBIL,78
ODISHA,BAHALDA,79
ODISHA,BAHANAGA,80
ODISHA,BALANGIR,81
ODISHA,BĀLESHWAR SADAR,82
ODISHA,BALIANTA,83
ODISHA,BALIAPALA,84
ODISHA,BALIGUDA,85
ODISHA,BALIKUDA,86
ODISHA,BALIPATANA,87
ODISHA,BANAI,88
ODISHA,BANAPUR,89
ODISHA,BANGIRIPOSI,90
ODISHA,BĀNKI,91
ODISHA,BANTA,92
ODISHA,BARAGARH,93
ODISHA,BARI,94
ODISHA,BARIGUMA,95
ODISHA,BARIPADA,96
ODISHA,BARKOT,97
ODISHA,BARPALI,98
ODISHA,BASTA,99
ODISHA,BASUDEBPUR,100
ODISHA,BAUDH (BAUDA),1
ODISHA,BEGUNIA,2
ODISHA,BETANATI,3
ODISHA,BHADRAK,4
ODISHA,BHANDARIPOKHARI,5
ODISHA,BHANJANAGAR,6
ODISHA,BHAPUR,7
ODISHA,BHATILI,8
ODISHA,BHAWANIPATNA,9
ODISHA,BHEDEN,10
ODISHA,BHOGARAI,11
ODISHA,BHUBANESHWAR,12
ODISHA,BIJATOLA,13
ODISHA,BINJHARPUR,14
ODISHA,BIRAMITRAPUR,15
ODISHA,BIRIRHI,16
ODISHA,BISHAMAKATAK,17
ODISHA,BISOI,18
ODISHA,BODEN,19
ODISHA,BOLAGARH,20
ODISHA,BRAHMAGIRI,21
ODISHA,BRAHMAPUR,22
ODISHA,BRAHMARAJAPUR,23
ODISHA,CHAMPUA,24
ODISHA,CHANDABALI,25
ODISHA,CHHATRAPUR,26
ODISHA,CHILIKA,27
ODISHA,CUTTACK,28
ODISHA,DANAGADI,29
ODISHA,DARINGIBADI,30
ODISHA,DASARATHPUR,31
ODISHA,DASHAPALLA,32
ODISHA,DELANGA,33
ODISHA,DEOGARH,34
ODISHA,DERABIS,35
ODISHA,DHAMNAGAR,36
ODISHA,DHARAMGARH,37
ODISHA,DHARMASALA,38
ODISHA,DHENKĀNĀL,39
ODISHA,ERSAMA,40
ODISHA,FOREST,41
ODISHA,G. UDAYAGIRI,42
ODISHA,GANIA,43
ODISHA,GARADAPUR,44
ODISHA,GHATAGAON,45
ODISHA,GOP,46
ODISHA,GOPABANDHUNAGAR,47
ODISHA,GUNUPUR,48
ODISHA,HATADIHI,49
ODISHA,HEMAGIRI,50
ODISHA,HINDOOL,51
ODISHA,ISLAND-MAHAKALAPARHA,52
ODISHA,JAGATSINGHPUR,53
ODISHA,JĀJAPUR,54
ODISHA,JALESWAR,55
ODISHA,JAMDA,56
ODISHA,JASHIPUR,57
ODISHA,JATANI,58
ODISHA,JAYPUR,59
ODISHA,JHĀRSUGUDA,60
ODISHA,KAKATPUR,61
ODISHA,KAMAKHYANAGAR,62
ODISHA,KANAS,63
ODISHA,KANDHAMĀL,64
ODISHA,KANTAMAL,65
ODISHA,KAPTIPADA,66
ODISHA,KARANJIA,67
ODISHA,KASHIPUR,68
ODISHA,KENDRĀPARHA,69
ODISHA,KEONJHAR (KENDUJHAR),70
ODISHA,KHAIRA,71
ODISHA,KHANDAPARHA,72
ODISHA,KHARIAR,73
ODISHA,KHORDHA,74
ODISHA,KHUNTA,75
ODISHA,KODINGA,76
ODISHA,KOLIANA,77
ODISHA,KOMANA,78
ODISHA,KORAI,79
ODISHA,KORĀPUT,80
ODISHA,KOTPAD,81
ODISHA,KRUSHNAPRASAD,82
ODISHA,KUCHINDA,83
ODISHA,KUJANGA,84
ODISHA,KUSUMI,85
ODISHA,LAKHANPUR,86
ODISHA,LEPHRIPARHA,87
ODISHA,MACHHAKUNDA,88
ODISHA,MAHAKALAPARHA,89
ODISHA,MALKANGIRI,90
ODISHA,MARSHAGHAI,91
ODISHA,MOHANA,92
ODISHA,MOTU,93
ODISHA,MURUDA,94
ODISHA,NABARANGAPUR,95
ODISHA,NANDAPUR,96
ODISHA,NARAYANPATANA,97
ODISHA,NAYĀGARH,98
ODISHA,NILAGIRI,99
ODISHA,NIMAPADA,100
ODISHA,NUAGAN,1
ODISHA,NUĀPARHA,2
ODISHA,OUPADA,3
ODISHA,PADMAPUR,4
ODISHA,PĀLA LAHARHA,5
ODISHA,PANPOSH,6
ODISHA,Parlakhemundi,7
ODISHA,PATAMUNDAI,8
ODISHA,PATNAGARH,9
ODISHA,PIKMAL,10
ODISHA,PIPILI,11
ODISHA,PURI-SADAR,12
ODISHA,R Udayagiri,13
ODISHA,RAGHUNATHAPUR,14
ODISHA,RAIRANGPUR,15
ODISHA,RAJAGANGAPUR,16
ODISHA,RAJKANIKA,17
ODISHA,RAJNAGAR,18
ODISHA,RANAPUR,19
ODISHA,RARUAN,20
ODISHA,RASAGOVINDAPUR,21
ODISHA,RASULPUR,22
ODISHA,RĀYAGARHA,23
ODISHA,REDHAKHOL,24
ODISHA,REMUNA,25
ODISHA,RENGALI,26
ODISHA,RIAMAL,27
ODISHA,SAMAKHUNTA,28
ODISHA,SAMBALPUR,29
ODISHA,SARASKANA,30
ODISHA,SATYABADI,31
ODISHA,SHOHELA,32
ODISHA,SIMILIA,33
ODISHA,SINAPALLI,34
ODISHA,SORO,35
ODISHA,SUBARNAPUR,36
ODISHA,SUKINDA,37
ODISHA,SUKRULI,38
ODISHA,SULIAPADA,39
ODISHA,SUNDARGARH,40
ODISHA,TĀLCHER,41
ODISHA,TANGI,42
ODISHA,TELKOI,43
ODISHA,THAKURMUNDA,44
ODISHA,TIHIRHI,45
ODISHA,TIRING,46
ODISHA,TIRTOL,47
ODISHA,TITLAGARH,48
ODISHA,UDALA,49
ODISHA,UMARKOT,50
PUDUCHERRY,BAHŪR,51
PUDUCHERRY,KĀRAIKĀL,52
PUDUCHERRY,MAHE,53
PUDUCHERRY,OZHUKARAI,54
PUDUCHERRY,PUDUCHERRY,55
PUDUCHERRY,TIRUNALLĀR,56
PUDUCHERRY,VILLIANŪR,57
PUDUCHERRY,YANAM,58
PUNJAB,ABOHAR,59
PUNJAB,AJNĀLA,60
PUNJAB,AMLOH,61
PUNJAB,AMRITSAR 1,62
PUNJAB,AMRITSAR 2,63
PUNJAB,ANANDPUR SAHIB,64
PUNJAB,BĀBA BAKĀLA,65
PUNJAB,BĀGHA PURĀNA,66
PUNJAB,BALĀCHAUR,67
PUNJAB,BARNĀLA,68
PUNJAB,BASIBPATHĀNA,69
PUNJAB,BATĀLA,70
PUNJAB,BATHINDA,71
PUNJAB,BHOLATH,72
PUNJAB,BUDHLĀDA,73
PUNJAB,CHAMKOR SĀHIB,74
PUNJAB,DASUYA,75
PUNJAB,DERA BĀBA NĀNAK,76
PUNJAB,DERABASSI,77
PUNJAB,DHĀR KALĀN,78
PUNJAB,DHARMKOTI,79
PUNJAB,DHŪRI,80
PUNJAB,FARĪDKOT,81
PUNJAB,FATEHGARH SĀHIB,82
PUNJAB,FĀZILKA,83
PUNJAB,FĪROZPUR,84
PUNJAB,GARHSHANKAR,85
PUNJAB,GIDDARBĀHA,86
PUNJAB,GURDĀSPUR,87
PUNJAB,GURU HAR SAHĀI,88
PUNJAB,HOSHIĀRPUR,89
PUNJAB,JAGRAON,90
PUNJAB,JAITO,91
PUNJAB,JALĀLĀBĀD,92
PUNJAB,JALANDHAR-1,93
PUNJAB,JALANDHAR-2,94
PUNJAB,KAPŪRTHALA,95
PUNJAB,KHADOOR SĀHIB,96
PUNJAB,KHĀMĀNON,97
PUNJAB,KHANNA,98
PUNJAB,KHARAR,99
PUNJAB,LEHRA,100
PUNJAB,LUDHIĀNA,1
PUNJAB,MALAUT,2
PUNJAB,MALER KOTLA,3
PUNJAB,MĀNSA,4
PUNJAB,MOGA,5
PUNJAB,MOHALI,6
PUNJAB,MUKERIĀN,7
PUNJAB,MŪNAK,8
PUNJAB,NĀBHA,9
PUNJAB,NAKODAR,10
PUNJAB,NIHĀL SINGH WĀLA,11
PUNJAB,PĀIL,12
PUNJAB,PĀNTRĀN,13
PUNJAB,PĀNTRĀN PATIĀLA,14
PUNJAB,PATHĀNKOT,15
PUNJAB,PATIĀLA,16
PUNJAB,PATTI,17
PUNJAB,PHAGWĀRA,18
PUNJAB,PHILLAUR,19
PUNJAB,RAIKOT,20
PUNJAB,RĀJPURA,21
PUNJAB,RĀMPURA PHŪL,22
PUNJAB,RŪPNAGAR,23
PUNJAB,SĀHID BHAGAT SINGH NAGAR,24
PUNJAB,SAMĀNA,25
PUNJAB,SAMRĀLA,26
PUNJAB,SANGRŪR,27
PUNJAB,SARDŪLGARH,28
PUNJAB,SHĀHKOT,29
PUNJAB,SRI MUKTSAR SĀHIB,30
PUNJAB,SULTĀNPUR LODHI,31
PUNJAB,SUNĀM,32
PUNJAB,TALWANDI SĀBO,33
PUNJAB,TĀPPA,34
PUNJAB,TARN TĀRAN,35
PUNJAB,ZĪRA,36
RAJASTHAN,ABU ROAD,37
RAJASTHAN,AHORE,38
RAJASTHAN,AJMER,39
RAJASTHAN,AKLERA,40
RAJASTHAN,ALWAR,41
RAJASTHAN,ĀMBĀPURA,42
RAJASTHAN,ĀMER,43
RAJASTHAN,AMET,44
RAJASTHAN,ĀNANDPURI,45
RAJASTHAN,ANTA,46
RAJASTHAN,ANŪPGARH,47
RAJASTHAN,ARĀIN,48
RAJASTHAN,ARNOD,49
RAJASTHAN,ĀSIND,50
RAJASTHAN,ASNĀWAR,51
RAJASTHAN,ĀSPUR,52
RAJASTHAN,ATRU,53
RAJASTHAN,BADNOR,54
RAJASTHAN,BĀGORA,55
RAJASTHAN,BAHROR,56
RAJASTHAN,BALESAR,57
RAJASTHAN,BALI,58
RAJASTHAN,BĀMANWĀS,59
RAJASTHAN,BANERA,60
RAJASTHAN,BĀNSŪR,61
RAJASTHAN,BĀNSWĀRA,62
RAJASTHAN,BĀP,63
RAJASTHAN,BĀRĀN,64
RAJASTHAN,BARGĀON,65
RAJASTHAN,BARI,66
RAJASTHAN,BARI SĀDRI,67
RAJASTHAN,BĀRMER,68
RAJASTHAN,BASERI,69
RAJASTHAN,BASSI,70
RAJASTHAN,BASWA,71
RAJASTHAN,BAUNLI,72
RAJASTHAN,BĀWARI,73
RAJASTHAN,BAYĀNA,74
RAJASTHAN,BAYTOO,75
RAJASTHAN,BEAWAR,76
RAJASTHAN,BEGŪN,77
RAJASTHAN,BHADESAR,78
RAJASTHAN,BHĀDRA,79
RAJASTHAN,BHANIANA,80
RAJASTHAN,BHARATPUR,81
RAJASTHAN,BHĪLWĀRA,82
RAJASTHAN,BHIM,83
RAJASTHAN,BHINAY,84
RAJASTHAN,BHĪNMĀL,85
RAJASTHAN,BHOPĀLGARH,86
RAJASTHAN,BHŪPĀLSĀGAR,87
RAJASTHAN,BHUSĀWAR,88
RAJASTHAN,BICHHĪWĀRA,89
RAJASTHAN,BIDASAR,90
RAJASTHAN,BIJAYNAGAR,91
RAJASTHAN,BIJOLIYA,92
RAJASTHAN,BĪKĀNER,93
RAJASTHAN,BILĀRA,94
RAJASTHAN,BUHANA,95
RAJASTHAN,BŪNDI,96
RAJASTHAN,CHAKSU,97
RAJASTHAN,CHATARGARH,98
RAJASTHAN,CHAUTH KA BARWĀRA,99
RAJASTHAN,CHAUTHAN,100
RAJASTHAN,CHHABRA,1
RAJASTHAN,CHHĪPA BĀROD,2
RAJASTHAN,CHHOTI SARWAN,3
RAJASTHAN,CHĪKHLI,4
RAJASTHAN,CHIRAWA,5
RAJASTHAN,CHĪTALWĀNA,6
RAJASTHAN,CHITTAURGARH,7
RAJASTHAN,CHOMU,8
RAJASTHAN,CHOTISĀDARI,9
RAJASTHAN,CHŪRU,10
RAJASTHAN,DANTA RAMGARH,11
RAJASTHAN,DAUSA,12
RAJASTHAN,DEGĀNA,13
RAJASTHAN,DESURI,14
RAJASTHAN,DEVGARH,15
RAJASTHAN,DEVLI,16
RAJASTHAN,DHĀRIYĀWAD,17
RAJASTHAN,DHAULPUR,18
RAJASTHAN,DHOD,19
RAJASTHAN,DHORĪMANA,20
RAJASTHAN,DĪDWĀNA,21
RAJASTHAN,DĪG,22
RAJASTHAN,DIGOD,23
RAJASTHAN,Disputed,24
RAJASTHAN,DUDU,25
RAJASTHAN,DŪNGARPUR,26
RAJASTHAN,DŪNGLA,27
RAJASTHAN,DŪNI,28
RAJASTHAN,FATEHGARH,29
RAJASTHAN,FATEHPUR,30
RAJASTHAN,GADRA ROAD,31
RAJASTHAN,GALIĀCOT,32
RAJASTHAN,GANGĀNAGAR,33
RAJASTHAN,GANGĀPURCITY,34
RAJASTHAN,GĀNGARTALĀI,35
RAJASTHAN,GANGDHĀR,36
RAJASTHAN,GANGRĀR,37
RAJASTHAN,GANORA,38
RAJASTHAN,GARBOR,39
RAJASTHAN,GARHI,40
RAJASTHAN,GHARSĀNA,41
RAJASTHAN,GHĀTOL,42
RAJASTHAN,GIRA,43
RAJASTHAN,GIRWA,44
RAJASTHAN,GOGŪNDA,45
RAJASTHAN,GOVINDGARH,46
RAJASTHAN,GUDHĀMĀLĀNI,47
RAJASTHAN,HAMĪRGARH,48
RAJASTHAN,HANUMĀNGARH,49
RAJASTHAN,HINDAUN,50
RAJASTHAN,HINDOLI,51
RAJASTHAN,HURARA,52
RAJASTHAN,INDERGARH,53
RAJASTHAN,JAHĀJPUR,54
RAJASTHAN,JAIPUR,55
RAJASTHAN,JAISALMER,56
RAJASTHAN,JAITĀRAN,57
RAJASTHAN,JĀLOR,58
RAJASTHAN,JAMWA RĀMGARH,59
RAJASTHAN,JASWANTPURA,60
RAJASTHAN,JĀYAL,61
RAJASTHAN,JHĀROL,62
RAJASTHAN,JHONTHRI,63
RAJASTHAN,JHUNJHUNŪN,64
RAJASTHAN,JODHPUR,65
RAJASTHAN,KĀMĀN,66
RAJASTHAN,KANWĀS,67
RAJASTHAN,KAPĀSAN,68
RAJASTHAN,KARANPUR,69
RAJASTHAN,KARAULI,70
RAJASTHAN,KARERA,71
RAJASTHAN,KATHUMAR,72
RAJASTHAN,KEKRI,73
RAJASTHAN,KESHORĀIPĀTAN,74
RAJASTHAN,KHAJUWALA,75
RAJASTHAN,KHAMNOR,76
RAJASTHAN,KHANDELA,77
RAJASTHAN,KHANDHĀR,78
RAJASTHAN,KHANPUR,79
RAJASTHAN,KHERWĀRA,80
RAJASTHAN,KHETRI,81
RAJASTHAN,KHĪVNSAR,82
RAJASTHAN,KISHANGANJ,83
RAJASTHAN,KISHANGARH,84
RAJASTHAN,KISHANGARH BAS,85
RAJASTHAN,KOLAYAT,86
RAJASTHAN,KOTARI,87
RAJASTHAN,KOTKĀSIM,88
RAJASTHAN,KOTKHĀWDA,89
RAJASTHAN,KOTPUTLI,90
RAJASTHAN,KOTRA,91
RAJASTHAN,KUCHĀMAN,92
RAJASTHAN,KUMBHALGARH,93
RAJASTHAN,KUMHER,94
RAJASTHAN,KUSHALGARH,95
RAJASTHAN,LACHHMANGARH,96
RAJASTHAN,LĀDNŪN,97
RAJASTHAN,LĀDPURA,98
RAJASTHAN,LĀLSOT,99
RAJASTHAN,LASĀDIYA,100
RAJASTHAN,LAWĀN,1
RAJASTHAN,LOHĀWAT,2
RAJASTHAN,LŪNI,3
RAJASTHAN,LUNKARANSAR,4
RAJASTHAN,MAHWA,5
RAJASTHAN,MAKRĀNA,6
RAJASTHAN,MĀLĀKHERA,7
RAJASTHAN,MALĀRNĀDŪNGAR,8
RAJASTHAN,MALASĪSAR,9
RAJASTHAN,MĀLPURA,10
RAJASTHAN,MĀNDAL,11
RAJASTHAN,MĀNDALGARH,12
RAJASTHAN,MANDĀWAR,13
RAJASTHAN,MANDRĀIL,14
RAJASTHAN,MANGROL,15
RAJASTHAN,MANOHARTHANA,16
RAJASTHAN,MĀRWĀR JUN,17
RAJASTHAN,MĀSALPUR,18
RAJASTHAN,MASUDA,19
RAJASTHAN,MĀVLI,20
RAJASTHAN,MERTA,21
RAJASTHAN,MOZAMĀBĀD,22
RAJASTHAN,MŪNDWA,23
RAJASTHAN,NADBAI,24
RAJASTHAN,NĀDOTI,25
RAJASTHAN,NAGAR,26
RAJASTHAN,NĀGAUR,27
RAJASTHAN,NAINWA,28
RAJASTHAN,NĀNGAL RĀJĀWATĀN,29
RAJASTHAN,NASIRĀBAD,30
RAJASTHAN,NATHDWARA,31
RAJASTHAN,NĀWA,32
RAJASTHAN,NAWALGARH,33
RAJASTHAN,NIM KA THANA,34
RAJASTHAN,NIMBĀHERA,35
RAJASTHAN,NĪMRĀNA,36
RAJASTHAN,NIWĀI,37
RAJASTHAN,NOHAR,38
RAJASTHAN,NOKHA,39
RAJASTHAN,OSIYĀN,40
RAJASTHAN,PACHPADRA,41
RAJASTHAN,PACHPHAR,42
RAJASTHAN,PADAMPUR,43
RAJASTHAN,PAHĀRI,44
RAJASTHAN,PĀLI,45
RAJASTHAN,PARVATSAR,46
RAJASTHAN,PEESĀNGAN,47
RAJASTHAN,PHAGI,48
RAJASTHAN,PHALODI,49
RAJASTHAN,PHULERA,50
RAJASTHAN,PHŪLIYA KALĀN,51
RAJASTHAN,PIDDAWA,52
RAJASTHAN,PĪLIBANGA,53
RAJASTHAN,PINDWARA,54
RAJASTHAN,PIPALDA,55
RAJASTHAN,PĪPALKHŪNT,56
RAJASTHAN,PIPĀR SHAHR,57
RAJASTHAN,PĪPLU,58
RAJASTHAN,POKRAN,59
RAJASTHAN,PRATĀPGARH,60
RAJASTHAN,PUGAL,61
RAJASTHAN,PUSHKAR,62
RAJASTHAN,RĀIPUR,63
RAJASTHAN,RĀISINGHNAGAR,64
RAJASTHAN,RĀJ SAMAND,65
RAJASTHAN,RĀJĀKHERA,66
RAJASTHAN,RAJGARH,67
RAJASTHAN,RĀMGANJ MANDI,68
RAJASTHAN,RAMGARH,69
RAJASTHAN,RĀMGARH PANCHWĀRA,70
RAJASTHAN,RĀMGARH SHEKHAWĀTI,71
RAJASTHAN,RĀMSAR,72
RAJASTHAN,RĀNI,73
RAJASTHAN,RĀNIWĀRA,74
RAJASTHAN,RĀSHMI,75
RAJASTHAN,RATANGARH,76
RAJASTHAN,RĀWATBHĀTA,77
RAJASTHAN,RĀWATSAR,78
RAJASTHAN,RELMAGRA,79
RAJASTHAN,RENI,80
RAJASTHAN,RENWĀL,81
RAJASTHAN,REVDAR,82
RAJASTHAN,RISHABHDEV,83
RAJASTHAN,RIYANBADDI,84
RAJASTHAN,ROHAT,85
RAJASTHAN,RŪPANGARH,86
RAJASTHAN,RŪPWĀS,87
RAJASTHAN,SĀBLA,88
RAJASTHAN,SĀDULSHAR,89
RAJASTHAN,SĀGWĀRA,90
RAJASTHAN,SAHĀRA,91
RAJASTHAN,SAJJANGARH,92
RAJASTHAN,SALŪMBER,93
RAJASTHAN,SAMDARI,94
RAJASTHAN,SĀNCHOR,95
RAJASTHAN,SANGANER,96
RAJASTHAN,SĀNGHRIYA,97
RAJASTHAN,SĀNGOD,98
RAJASTHAN,SAPOTRA,99
RAJASTHAN,SARARA,100
RAJASTHAN,SARDARSHAR,1
RAJASTHAN,SARMATHURA,2
RAJASTHAN,SARWAR,3
RAJASTHAN,SAWĀI MĀDHOPUR,4
RAJASTHAN,SĀWAR,5
RAJASTHAN,SĀYLA,6
RAJASTHAN,SEMĀRI,7
RAJASTHAN,SEPAU,8
RAJASTHAN,SERWA,9
RAJASTHAN,SHĀHBĀD,10
RAJASTHAN,SHĀHPURA,11
RAJASTHAN,SHEOGANJ,12
RAJASTHAN,SHERGARH,13
RAJASTHAN,SHIV,14
RAJASTHAN,SHRI DUNGARGARH,15
RAJASTHAN,SHRI MADHOPUR,16
RAJASTHAN,SĪKAR,17
RAJASTHAN,SIKRĀI,18
RAJASTHAN,SĪMALWĀRA,19
RAJASTHAN,SINDARI,20
RAJASTHAN,SIROHI,21
RAJASTHAN,SIWANA,22
RAJASTHAN,SOJAT,23
RAJASTHAN,SUJĀNGARH,24
RAJASTHAN,SUMERPUR,25
RAJASTHAN,SŪRAJGARH,26
RAJASTHAN,SURATGARH,27
RAJASTHAN,TĀLERA,28
RAJASTHAN,TĀNTOTI,29
RAJASTHAN,TARANAGAR,30
RAJASTHAN,THĀNĀGAZI,31
RAJASTHAN,TIBI,32
RAJASTHAN,TIJĀRA,33
RAJASTHAN,TIVARI,34
RAJASTHAN,TODA BHĪM,35
RAJASTHAN,TODA RĀISINGH,36
RAJASTHAN,TODGARH,37
RAJASTHAN,TONK,38
RAJASTHAN,UDAIPURWATI,39
RAJASTHAN,UNIĀRA,40
RAJASTHAN,VALLABHNAGAR,41
RAJASTHAN,VIJAY NAGAR,42
RAJASTHAN,VIRĀT NAGAR,43
RAJASTHAN,WAGIDORA,44
RAJASTHAN,WAZIRPUR,45
RAJASTHAN,WER,46
SIKKIM,Chungthang,47
SIKKIM,Gangtok,48
SIKKIM,Gyālshing,49
SIKKIM,Mangan,50
SIKKIM,Namchi,51
SIKKIM,Pakhyong,52
SIKKIM,Rābong,53
SIKKIM,Rangli,54
SIKKIM,Soreng,55
TAMIL NADU,AGASTHISWARAM,56
TAMIL NADU,ALANDUR,57
TAMIL NADU,ALANGUAM,58
TAMIL NADU,ALANGUDI,59
TAMIL NADU,ALATHUR,60
TAMIL NADU,AMBASAMUDRAM,61
TAMIL NADU,AMBATTUR,62
TAMIL NADU,AMBUR,63
TAMIL NADU,AMINJIKARAI,64
TAMIL NADU,ANAIKKATTU,65
TAMIL NADU,ANAMALAI,66
TAMIL NADU,ANDIMADAM,67
TAMIL NADU,ANDIPATTI,68
TAMIL NADU,ANNŪR,69
TAMIL NADU,ANTHIYUR,70
TAMIL NADU,ARAKKONAM,71
TAMIL NADU,ARANI,72
TAMIL NADU,ARANTANGI,73
TAMIL NADU,ARAVAKURICHI,74
TAMIL NADU,ARCOT,75
TAMIL NADU,ARIYALŪR,76
TAMIL NADU,ARUPPUKKOTTAI,77
TAMIL NADU,ATHUR,78
TAMIL NADU,ATTUR,79
TAMIL NADU,ĀVADI,80
TAMIL NADU,AVADIYARKOVIL,81
TAMIL NADU,AVANASHI,82
TAMIL NADU,AYANAVARAM,83
TAMIL NADU,BARGUR,84
TAMIL NADU,BHAVANI,85
TAMIL NADU,BHUVANAGIRI,86
TAMIL NADU,BODINĀYAKKANŪR,87
TAMIL NADU,BUDALUR,88
TAMIL NADU,CHENGALPATTU,89
TAMIL NADU,CHENGAM,90
TAMIL NADU,CHERANMAHĀDEVI,91
TAMIL NADU,CHETPET,92
TAMIL NADU,CHEYYAR,93
TAMIL NADU,CHEYYŪR,94
TAMIL NADU,CHIDAMBARAM,95
TAMIL NADU,CHINNA SELAM,96
TAMIL NADU,COIMBATORE NORTH,97
TAMIL NADU,COIMBATORE SOUTH,98
TAMIL NADU,COONOOR,99
TAMIL NADU,CUDDALORE,100
TAMIL NADU,DENKANIKOTA,1
TAMIL NADU,DEVAKOTTAI,2
TAMIL NADU,DHARAPURAM,3
TAMIL NADU,DHARMAPURI,4
TAMIL NADU,DINDIGUL EAST,5
TAMIL NADU,DINDIGUL WEST,6
TAMIL NADU,EGMORE,7
TAMIL NADU,ERODE,8
TAMIL NADU,ETTAIYAPURAM,9
TAMIL NADU,GANDARVAKOTTAI,10
TAMIL NADU,GANGAVALLI,11
TAMIL NADU,GINGEE,12
TAMIL NADU,GOPICHETTIPALAIYAM,13
TAMIL NADU,GUDALUR,14
TAMIL NADU,GUDIYATTAM,15
TAMIL NADU,GUINDY,16
TAMIL NADU,GUMMIDIPUNDI,17
TAMIL NADU,HARUR,18
TAMIL NADU,HOSUR,19
TAMIL NADU,IDAPPĀDI,20
TAMIL NADU,ILAYANKUDI,21
TAMIL NADU,ILUPPUR,22
TAMIL NADU,JAMUNAMARATHUR,23
TAMIL NADU,KADALADI,24
TAMIL NADU,KADAVUR,25
TAMIL NADU,KADAYAMPATTI,26
TAMIL NADU,KADAYANALLŪR,27
TAMIL NADU,KALASAPĀKKAM,28
TAMIL NADU,KALAYARKOVIL,29
TAMIL NADU,KALKULAM,30
TAMIL NADU,KALLAKKURICHI,31
TAMIL NADU,KALLIGUDI,32
TAMIL NADU,KAMUDI,33
TAMIL NADU,KĀNCHIPURAM,34
TAMIL NADU,KANDACHIPURAM,35
TAMIL NADU,KANGAYAM,36
TAMIL NADU,KARAIKKUDI,37
TAMIL NADU,KARAMBAKKUDI,38
TAMIL NADU,KARIAMANGALAM,39
TAMIL NADU,KARIYAPATTI,40
TAMIL NADU,KARŪR,41
TAMIL NADU,KATPADI,42
TAMIL NADU,KATTUMANNARKOIL,43
TAMIL NADU,KAYATHĀR,44
TAMIL NADU,KEELAKKARAI,45
TAMIL NADU,KILPENNATHUR,46
TAMIL NADU,KILVELUR,47
TAMIL NADU,KINATHUKADAVU,48
TAMIL NADU,KODAIKKANAL,49
TAMIL NADU,KODIMUDI,50
TAMIL NADU,KOLLI HILLS,51
TAMIL NADU,KOOTHANALLUR,52
TAMIL NADU,KOTAGIRI,53
TAMIL NADU,KOVILPATTI,54
TAMIL NADU,KRISHNAGIRI,55
TAMIL NADU,KRISHNARAYAPURAM,56
TAMIL NADU,KUDAVĀSAL,57
TAMIL NADU,KULATTUR,58
TAMIL NADU,KULITHALAI,59
TAMIL NADU,KUMĀRAPĀLAIYAM,60
TAMIL NADU,KUMBAKONAM,61
TAMIL NADU,KUNDA,62
TAMIL NADU,KUNNAM,63
TAMIL NADU,KURINJIPADI,64
TAMIL NADU,KUTTĀLAM,65
TAMIL NADU,LALGUDI,66
TAMIL NADU,MADATTUKULAM,67
TAMIL NADU,MADHAVARAM,68
TAMIL NADU,MADUKKARAI,69
TAMIL NADU,MADURAI EAST,70
TAMIL NADU,MADURAI NORTH,71
TAMIL NADU,MADURAI SOUTH,72
TAMIL NADU,MADURAI WEST,73
TAMIL NADU,MADURANTAKAM,74
TAMIL NADU,MADURAVOYAL,75
TAMIL NADU,MAMBALAM,76
TAMIL NADU,MANACHANALLUR,77
TAMIL NADU,MANAMELKUDI,78
TAMIL NADU,MANAMUDARAI,79
TAMIL NADU,MANAPPARAI,80
TAMIL NADU,MANMANGALAM,81
TAMIL NADU,MANNAR GUDI,82
TAMIL NADU,MANUR,83
TAMIL NADU,MARAKKANAM,84
TAMIL NADU,MARUNGAPURI,85
TAMIL NADU,MAYILADUTURAI,86
TAMIL NADU,MELMALAYANUR,87
TAMIL NADU,MELUR,88
TAMIL NADU,METTUPPALAIYAM,89
TAMIL NADU,METTUR,90
TAMIL NADU,MODAKURICHI,91
TAMIL NADU,MOHANŪR,92
TAMIL NADU,MUDUKULATTUR,93
TAMIL NADU,MUSIRI,94
TAMIL NADU,MYLAPORE,95
TAMIL NADU,NĀGAPATTINAM,96
TAMIL NADU,NALLAMPALLI,97
TAMIL NADU,NĀMAKKAL,98
TAMIL NADU,NAMBIYUR,99
TAMIL NADU,NANGUNERI,100
TAMIL NADU,NANNILAM,1
TAMIL NADU,NATRAMPALLI,2
TAMIL NADU,NATTAM,3
TAMIL NADU,NEMILI,4
TAMIL NADU,NIDAMANGALAM,5
TAMIL NADU,NILAKKOTTAI,6
TAMIL NADU,ODDANCHATTRAM,7
TAMIL NADU,OMALUR,8
TAMIL NADU,OOTACAMUND,9
TAMIL NADU,ORATTANAD,10
TAMIL NADU,OTTAPIDARAM,11
TAMIL NADU,PALAKODU,12
TAMIL NADU,PALANI,13
TAMIL NADU,PALAYANKOTTAI,14
TAMIL NADU,PALLADAM,15
TAMIL NADU,PALLAVARAM,16
TAMIL NADU,PALLIPPATTU,17
TAMIL NADU,PANDALUR,18
TAMIL NADU,PANRUTI,19
TAMIL NADU,PAPIREDDIPATTI,20
TAMIL NADU,PAPPIREDDIPATTI,21
TAMIL NADU,PARAMAKKUDI,22
TAMIL NADU,PARAMATTI,23
TAMIL NADU,PATTUKKOTTAI,24
TAMIL NADU,PEDDANAYAKKANPALAYAM,25
TAMIL NADU,PENNAGARAM,26
TAMIL NADU,PERAIYUR,27
TAMIL NADU,PERAMBALŪR,28
TAMIL NADU,PERAMBUR,29
TAMIL NADU,PERAVURANI,30
TAMIL NADU,PERIYAKULAM,31
TAMIL NADU,PERNAMBUT,32
TAMIL NADU,PERUNDURAI,33
TAMIL NADU,PERUR,34
TAMIL NADU,POCHAMPALLI,35
TAMIL NADU,POLLACHI,36
TAMIL NADU,POLUR,37
TAMIL NADU,PONNAMARAVATHI,38
TAMIL NADU,PONNERI,39
TAMIL NADU,POONAMALLEE,40
TAMIL NADU,PUDUKKOTTAI,41
TAMIL NADU,PURASAIVAKAM,42
TAMIL NADU,RADHAPURAM,43
TAMIL NADU,RAJAPALAIYAM,44
TAMIL NADU,RĀMANĀTHAPURAM,45
TAMIL NADU,RAMESHWARAM,46
TAMIL NADU,RAMESWARAM,47
TAMIL NADU,RASIPURAM,48
TAMIL NADU,SALEM,49
TAMIL NADU,SALEM SOUTH,50
TAMIL NADU,SALEM WEST,51
TAMIL NADU,SANKARANKOVIL,52
TAMIL NADU,SANKARAPURAM,53
TAMIL NADU,SANKARI,54
TAMIL NADU,SATTANKULAM,55
TAMIL NADU,SATTUR,56
TAMIL NADU,SATYAMANGALAM,57
TAMIL NADU,SENDAMANGALAM,58
TAMIL NADU,SENDURAI,59
TAMIL NADU,SENGOTTAI,60
TAMIL NADU,SHOLLINGANALLUR,61
TAMIL NADU,SHOOLAGIRI,62
TAMIL NADU,SINGAMPUNARI,63
TAMIL NADU,SIRIVILLIPUTTUR,64
TAMIL NADU,SĪRKĀZHI,65
TAMIL NADU,SIVAGANGA,66
TAMIL NADU,SIVAGIRI,67
TAMIL NADU,SIVAKASI,68
TAMIL NADU,SRIMUSHNAM,69
TAMIL NADU,SRIPERUMBUDUR,70
TAMIL NADU,SRIRANGAM,71
TAMIL NADU,SRIVAIKUNTAM,72
TAMIL NADU,SULUR,73
TAMIL NADU,TAMBARAM,74
TAMIL NADU,TARANGAMBĀDI,75
TAMIL NADU,TENI,76
TAMIL NADU,TENKASI,77
TAMIL NADU,THALAVADI,78
TAMIL NADU,THANDRAMPET,79
TAMIL NADU,THANJĀVŪR,80
TAMIL NADU,THIRUCHULI,81
TAMIL NADU,THIRUKKUVALAI,82
TAMIL NADU,THIRUPPORUR,83
TAMIL NADU,THIRUVĀRŪR,84
TAMIL NADU,TINDIVANAM,85
TAMIL NADU,TIRUCHENDUR,86
TAMIL NADU,TIRUCHENGODU,87
TAMIL NADU,TIRUCHIRĀPALLI EAST,88
TAMIL NADU,TIRUCHIRĀPALLI WEST,89
TAMIL NADU,TIRUKKALUKKUNRAM,90
TAMIL NADU,TIRUKKOVILUR,91
TAMIL NADU,TIRUMANGALAM,92
TAMIL NADU,TIRUMAYAM,93
TAMIL NADU,TIRUNELVELI,94
TAMIL NADU,TIRUPATTUR,95
TAMIL NADU,TIRUPPARANKUNDRAM,96
TAMIL NADU,TIRUPPATTŪR,97
TAMIL NADU,TIRUPPŪR NORTH,98
TAMIL NADU,TIRUPPŪR SOUTH,99
TAMIL NADU,TIRUPPUVANAM,100
TAMIL NADU,TIRUTTANI,1
TAMIL NADU,TIRUTTURAIPUNDI,2
TAMIL NADU,TIRUVADANAI,3
TAMIL NADU,TIRUVAIYĀRU,4
TAMIL NADU,TIRUVALLŪR,5
TAMIL NADU,TIRUVANNĀMALAI,6
TAMIL NADU,TIRUVENGADAM,7
TAMIL NADU,TIRUVERUMBŪR,8
TAMIL NADU,TIRUVIDAIMARUDUR,9
TAMIL NADU,TIRUVOTTIYUR,10
TAMIL NADU,TITTAKUDI,11
TAMIL NADU,TONDIARPET,12
TAMIL NADU,TOTTIYAM,13
TAMIL NADU,TOVALA,14
TAMIL NADU,TURAIYUR,15
TAMIL NADU,TUTICORIN,16
TAMIL NADU,UDAIYARPALAIYAM,17
TAMIL NADU,UDUMALAIPPETTAI,18
TAMIL NADU,ULUNDURPETTAI,19
TAMIL NADU,USILAMPATTI,20
TAMIL NADU,UTHAMAPĀLAYAM,21
TAMIL NADU,UTHUKOTTAI,22
TAMIL NADU,UTHUKULI,23
TAMIL NADU,UTTANGARAI,24
TAMIL NADU,UTTIRAMERUR,25
TAMIL NADU,VADIPATTI,26
TAMIL NADU,VALANGIMAN,27
TAMIL NADU,VALAPPADI,28
TAMIL NADU,VALPARAI,29
TAMIL NADU,VANDAVASI,30
TAMIL NADU,VANIYAMBADI,31
TAMIL NADU,VANUR,32
TAMIL NADU,VEDARANYAM,33
TAMIL NADU,VEDASANDUR,34
TAMIL NADU,VELACHERI,35
TAMIL NADU,VELLORE,36
TAMIL NADU,VEMBĀKKAM,37
TAMIL NADU,VEMBAKOTTAI,38
TAMIL NADU,VEPPANTHATTAI,39
TAMIL NADU,VEPPUR,40
TAMIL NADU,VIKRAVANDI,41
TAMIL NADU,VILATTIKULAM,42
TAMIL NADU,VILAVANCODE,43
TAMIL NADU,VILLUPURAM,44
TAMIL NADU,VIRAKERALAMPUDUR,45
TAMIL NADU,VIRALIMALAI,46
TAMIL NADU,VIRUDHUNAGAR,47
TAMIL NADU,VRIDDHACHALAM,48
TAMIL NADU,WALAJABAD,49
TAMIL NADU,WALAJAPET,50
TAMIL NADU,YERCAUD,51
TELANGANA,ADDAKAL,52
TELANGANA,ADILABAD,53
TELANGANA,AJIREDDIGUDEM,54
TELANGANA,ALAMPUR,55
TELANGANA,ALER,56
TELANGANA,ALLADURG,57
TELANGANA,ALLIKODUR,58
TELANGANA,AMANGAL,59
TELANGANA,AMRABAD,60
TELANGANA,AMRABAD RESERVED FOREST,61
TELANGANA,ANDOLE,62
TELANGANA,ANUMULA,63
TELANGANA,ARMUR,64
TELANGANA,ASHWARAOPET,65
TELANGANA,ASIFABAD,66
TELANGANA,ASWAPURAM,67
TELANGANA,ATMAKUR,68
TELANGANA,ATMAKUR(M),69
TELANGANA,ATMAKUR(S),70
TELANGANA,BACHCHANNAPET,71
TELANGANA,BALANAGAR,72
TELANGANA,BALKONDA,73
TELANGANA,BALMUR,74
TELANGANA,BANSWADA,75
TELANGANA,BANTWARAM,76
TELANGANA,BASHEERABAD,77
TELANGANA,BAYYARAM,78
TELANGANA,BAZAR HATNUR,79
TELANGANA,BEJJANKI,80
TELANGANA,BELA,81
TELANGANA,BELLAMPALLI,82
TELANGANA,BHAINSA,83
TELANGANA,BHIMGAL,84
TELANGANA,BHIMINI,85
TELANGANA,BHONGIR,86
TELANGANA,BHUDANPOCHAMPALLI,87
TELANGANA,BHUPALPALLI,88
TELANGANA,BHURGAMPADU,89
TELANGANA,BIBINAGAR,90
TELANGANA,BICHKUNDA,91
TELANGANA,BIJJUR,92
TELANGANA,BIJNAPALLI,93
TELANGANA,BIKNUR,94
TELANGANA,BIRKUR,95
TELANGANA,BOATH,96
TELANGANA,BODHAN,97
TELANGANA,BOINPALLI,98
TELANGANA,BOMMALA RAMAWARAM,99
TELANGANA,BOMRASPET,100
TELANGANA,BONAKAL,1
TELANGANA,BUTHPUR,2
TELANGANA,CHANDAMPET,3
TELANGANA,CHANDRUGONDA,4
TELANGANA,CHANDUR,5
TELANGANA,CHANDURTI,6
TELANGANA,CHAUTUPPAL,7
TELANGANA,CHEGUNTA,8
TELANGANA,CHENNARAOPET,9
TELANGANA,CHENNUR,10
TELANGANA,CHERIAL,11
TELANGANA,CHERLA,12
TELANGANA,CHEVELLA,13
TELANGANA,CHIGURUMAMIDI,14
TELANGANA,CHILKURU,15
TELANGANA,CHINNA CHINTHAKUNTA,16
TELANGANA,CHINNA KODUR,17
TELANGANA,CHINTAPALLI,18
TELANGANA,CHINTHAKANI,19
TELANGANA,CHITYAL,20
TELANGANA,CHITYALA,21
TELANGANA,CHIWEMLA,22
TELANGANA,CHOPPADANDI,23
TELANGANA,DAHEGAON,24
TELANGANA,DAMARAGIDDA,25
TELANGANA,DAMARCHERLA,26
TELANGANA,DAMMAPETA,27
TELANGANA,DANDEPALLI,28
TELANGANA,DEVARKADRA,29
TELANGANA,DEVARKONDA,30
TELANGANA,DHANWADA,31
TELANGANA,DHARMAPURI,32
TELANGANA,DHARMARAM,33
TELANGANA,DHARMASAGARAM,34
TELANGANA,DHARPALLE,35
TELANGANA,DHARUR,36
TELANGANA,DICHPALLE,37
TELANGANA,DILAWARPUR,38
TELANGANA,DOMA,39
TELANGANA,DOMAKONDA,40
TELANGANA,DORNAKAL,41
TELANGANA,DOULATABAD,42
TELANGANA,DOULTABAD,43
TELANGANA,DUBBAK,44
TELANGANA,DUGGONDI,45
TELANGANA,DUMMAGUDEM,46
TELANGANA,ELLANDAKUNDA,47
TELANGANA,ETURUNAGARAM,48
TELANGANA,EVARUPPAL,49
TELANGANA,GADWAL,50
TELANGANA,GAJWEL,51
TELANGANA,GAMBHIRAOPET,52
TELANGANA,GANDHARI,53
TELANGANA,GANDVID,54
TELANGANA,GANGADHARA,55
TELANGANA,GAREDPALLI,56
TELANGANA,GARLA,57
TELANGANA,GHANPUR,58
TELANGANA,GHANPUR(MULUG),59
TELANGANA,GHANPUR(STATION),60
TELANGANA,GHATKESAR,61
TELANGANA,GHATTU,62
TELANGANA,GISGONDA,63
TELANGANA,GOLLAPAALI,64
TELANGANA,GOPALPETA,65
TELANGANA,GOVINDARAOPET,66
TELANGANA,GUDIHATHNUR,67
TELANGANA,GUDUR,68
TELANGANA,GUNDAL,69
TELANGANA,GUNDALA,70
TELANGANA,GUNDLAPALLI,71
TELANGANA,GURRAMPOD,72
TELANGANA,HANMAKONDA,73
TELANGANA,HANWADA,74
TELANGANA,HASANPARTI,75
TELANGANA,HAYATHNAGAR,76
TELANGANA,HUSNABAD,77
TELANGANA,HUZURNAGAR,78
TELANGANA,HYDERABAD,79
TELANGANA,IBRAHIMPATAN,80
TELANGANA,IBRAHIMPATNAM,81
TELANGANA,ICHODA,82
TELANGANA,INDERAVELLI,83
TELANGANA,ITIKYALA,84
TELANGANA,JADCHERLA,85
TELANGANA,JAGDEVPUR,86
TELANGANA,JAGTIAL,87
TELANGANA,JAINAD,88
TELANGANA,JAINUR,89
TELANGANA,JAIPUR,90
TELANGANA,JAKRANPALLE,91
TELANGANA,JAMMIKUNTA,92
TELANGANA,JANGAON,93
TELANGANA,JANNARAM,94
TELANGANA,JHARASANGAM,95
TELANGANA,JINNAWARAM,96
TELANGANA,JUKKAL,97
TELANGANA,JULAPALLI,98
TELANGANA,JULURUPADU,99
TELANGANA,KADDAM,100
TELANGANA,KAGAZNAGAR,1
TELANGANA,KALLAR,2
TELANGANA,KALLURU,3
TELANGANA,KALWAKURTHI,4
TELANGANA,KALWASRIRAMPUR,5
TELANGANA,KAMALAPUR,6
TELANGANA,KAMAREDDY,7
TELANGANA,KAMMARPALLE,8
TELANGANA,KANAGALLU,9
TELANGANA,KANDUKUR,10
TELANGANA,KANGTI,11
TELANGANA,KARIMNAGAR,12
TELANGANA,KASIPET,13
TELANGANA,KATARAM,14
TELANGANA,KATHKAPUR,15
TELANGANA,KATTANGUR,16
TELANGANA,KEESARA,17
TELANGANA,KERAMERI,18
TELANGANA,KESAMUDRAM,19
TELANGANA,KESAVAPATNAM,20
TELANGANA,KESHAMPET,21
TELANGANA,KETHEPALLI,22
TELANGANA,KHAMMAM RURAL,23
TELANGANA,KHAMMAM URBAN,24
TELANGANA,KHANAPUR,25
TELANGANA,KODAD,26
TELANGANA,KODAKANDLA,27
TELANGANA,KODANGAL,28
TELANGANA,KODMIAL,29
TELANGANA,KODUR,30
TELANGANA,KOHEDA,31
TELANGANA,KOILKONDA,32
TELANGANA,KOLLAPUR,33
TELANGANA,KONARAOPET,34
TELANGANA,KONDAPAK,35
TELANGANA,KONDAPUR,36
TELANGANA,KONDURG,37
TELANGANA,KONIJERLA,38
TELANGANA,KORUTLA,39
TELANGANA,KOSGI,40
TELANGANA,KOTAGIR1,41
TELANGANA,KOTAPALLE,42
TELANGANA,KOTHAGUDEM,43
TELANGANA,KOTTAKOTA,44
TELANGANA,KOTTUR,45
TELANGANA,KOUTHALA,46
TELANGANA,KOWDIPALLE,47
TELANGANA,KUBIR,48
TELANGANA,KULKACHARLA,49
TELANGANA,KULSARAM,50
TELANGANA,KUNTALA,51
TELANGANA,KURAVI,52
TELANGANA,KUSHMANCHI,53
TELANGANA,LAKSHETIPET,54
TELANGANA,LAKSHMANCHANDA,55
TELANGANA,LEEJ,56
TELANGANA,LINGAL,57
TELANGANA,LINGAL GHANPURAM,58
TELANGANA,LINGAMPET,59
TELANGANA,LOKESHWARAM,60
TELANGANA,MACHAREDDY,61
TELANGANA,MADDUR,62
TELANGANA,MADDURU,63
TELANGANA,MADGUL,64
TELANGANA,MADHIRA,65
TELANGANA,MADNUR,66
TELANGANA,MAGANUR,67
TELANGANA,MAHABUBNAGAR,68
TELANGANA,MAHBU,69
TELANGANA,MAHESHWARAM,70
TELANGANA,MAIDPALLI,71
TELANGANA,MAKLUR,72
TELANGANA,MAKTHAL,73
TELANGANA,MALDAKAL,74
TELANGANA,MALKAJGIRI,75
TELANGANA,MALLAPUR,76
TELANGANA,MALLIAL,77
TELANGANA,MAMDA,78
TELANGANA,MANAKONDUR,79
TELANGANA,MANCHAL,80
TELANGANA,MANCHERIAL,81
TELANGANA,MANDAMARRI,82
TELANGANA,MANGAPET,83
TELANGANA,MANOOR,84
TELANGANA,MANOPADU,85
TELANGANA,MANTHANI,86
TELANGANA,MANUGUR,87
TELANGANA,MARIPEDA,88
TELANGANA,MARPALLI,89
TELANGANA,MARRIGUDEM,90
TELANGANA,MATHAMPALLI,91
TELANGANA,MEDAK,92
TELANGANA,MEDCHAL,93
TELANGANA,MEDLACHE,94
TELANGANA,METPALLI,95
TELANGANA,MIDJIL,96
TELANGANA,MIRDODDI,97
TELANGANA,MIRIALGUDA,98
TELANGANA,MOGULLAPALLI,99
TELANGANA,MOINABAD,100
TELANGANA,MOMANPET,1
TELANGANA,MORTHAD,2
TELANGANA,MOTEH,3
TELANGANA,MOTHKUR,4
TELANGANA,MUDHOLE,5
TELANGANA,MUDIGONDA,6
TELANGANA,MULAKALAPALLI,7
TELANGANA,MULUG,8
TELANGANA,MULUGU,9
TELANGANA,MUNAGALA,10
TELANGANA,MUNGOD,11
TELANGANA,MUNPALLE,12
TELANGANA,MUSTABAD,13
TELANGANA,MUTHARAM,14
TELANGANA,NADIGUDEM,15
TELANGANA,NAGAREDDIPET,16
TELANGANA,NAGARKURNOOL,17
TELANGANA,NAKREKAL,18
TELANGANA,NALGONDA,19
TELANGANA,NALLABALLI,20
TELANGANA,NAMPALLI,21
TELANGANA,NANDIPET,22
TELANGANA,NANGNUR,23
TELANGANA,NARAYANKHER,24
TELANGANA,NARAYANPET,25
TELANGANA,NARAYANPUR,26
TELANGANA,NARKATPALLI,27
TELANGANA,NARMETA,28
TELANGANA,NARNUR,29
TELANGANA,NARSAMPET,30
TELANGANA,NARSAPUR,31
TELANGANA,NARSIMLAPET,32
TELANGANA,NARVA,33
TELANGANA,NAVIPET,34
TELANGANA,NAWABPET,35
TELANGANA,NEKKONDA,36
TELANGANA,NELAKONDAPALLI,37
TELANGANA,NENNAL,38
TELANGANA,NEREDCHERLA,39
TELANGANA,NEREDIKONDA,40
TELANGANA,NIDAMANUR,41
TELANGANA,NIRMAL,42
TELANGANA,NIZAMABAD,43
TELANGANA,NIZAMABAD TOWN,44
TELANGANA,NIZAMSAGAR,45
TELANGANA,NUTANKAL,46
TELANGANA,NYALKAL,47
TELANGANA,ODELA,48
TELANGANA,PALAKURTI,49
TELANGANA,PALONCHA,50
TELANGANA,PANGAL,51
TELANGANA,PAPANNAPET,52
TELANGANA,PARGI,53
TELANGANA,PARKAL,54
TELANGANA,PARVATGIRI,55
TELANGANA,PATAN CHERUVU,56
TELANGANA,PATANCHERUVU,57
TELANGANA,PEBBURU,58
TELANGANA,PEDDA ADISARLAPALLI,59
TELANGANA,PEDDAKOTTAPALLI,60
TELANGANA,PEDDAMANDADI,61
TELANGANA,PEDDAPALLI,62
TELANGANA,PEDDAVURU,63
TELANGANA,PEDDEMUL,64
TELANGANA,PEGADAPALLI,65
TELANGANA,PENPAHAD,66
TELANGANA,PENUBALLI,67
TELANGANA,PINAPAKA,68
TELANGANA,PITLAM,69
TELANGANA,PUDUR,70
TELANGANA,PULKAL,71
TELANGANA,QUTUBULLAPUR,72
TELANGANA,RAGHUNATHPALLI,73
TELANGANA,RAIGOD,74
TELANGANA,RAIKAL,75
TELANGANA,RAIPARTHI,76
TELANGANA,RAJAPETA,77
TELANGANA,RAMACHANDRAPURAM,78
TELANGANA,RAMADUGU,79
TELANGANA,RAMANNAPET,80
TELANGANA,RAMAYAMPET,81
TELANGANA,RAMGUNDAM,82
TELANGANA,RANJAL,83
TELANGANA,REBBANA,84
TELANGANA,REGOD,85
TELANGANA,REGONDA,86
TELANGANA,SADASIVANAGAR,87
TELANGANA,SADASIVPET,88
TELANGANA,SAIDAPUR,89
TELANGANA,SANGAM,90
TELANGANA,SANGAREDDY,91
TELANGANA,SARANGAPUR,92
TELANGANA,SAROORNAGAR,93
TELANGANA,SATTUPALLI,94
TELANGANA,SAYAMPET,95
TELANGANA,SECUNDERABAD,96
TELANGANA,SERILINGAMPALLI,97
TELANGANA,SHADNAGAR,98
TELANGANA,SHAHABAD,99
TELANGANA,SHALIGOURARAM,100
TELANGANA,SHAMIRPET,1
TELANGANA,SHAMSHABAD,2
TELANGANA,SHANKARAMPET,3
TELANGANA,SHANKARPALLE,4
TELANGANA,SHIVAMPET,5
TELANGANA,SIDDIPET,6
TELANGANA,SINGARENI,7
TELANGANA,SIRKONDA,8
TELANGANA,SIRONCHA,9
TELANGANA,SIRPUR,10
TELANGANA,SIRPUR(T),11
TELANGANA,SIRSILLA,12
TELANGANA,SULTANABAD,13
TELANGANA,SURYAPET,14
TELANGANA,TADICHERLA,15
TELANGANA,TADUR,16
TELANGANA,TADVAI,17
TELANGANA,TADWAI,18
TELANGANA,TALAKONDAPALLI,19
TELANGANA,TALAMADUGU,20
TELANGANA,TALLADA,21
TELANGANA,TAMSI,22
TELANGANA,TANDUR,23
TELANGANA,TANUR,24
TELANGANA,TEKMAL,25
TELANGANA,TEKULAPALLE,26
TELANGANA,TELKAPALLI,27
TELANGANA,THIRUMALAYAPALEM,28
TELANGANA,TIMMAJIPET,29
TELANGANA,TIMMAPURAM,30
TELANGANA,TIPPARTI,31
TELANGANA,TIRMALGIRI,32
TELANGANA,TIRYANI,33
TELANGANA,TORUR,34
TELANGANA,TRIPURARAM,35
TELANGANA,TUNGATURTI,36
TELANGANA,TUPRAN,37
TELANGANA,TURKAPALLI,38
TELANGANA,UPPAL,39
TELANGANA,UPPUNUNTALA,40
TELANGANA,UTKUR,41
TELANGANA,UTNUR,42
TELANGANA,VADDEPALLI,43
TELANGANA,VALIGONDA,44
TELANGANA,VANGUR,45
TELANGANA,VARDANNAPET,46
TELANGANA,VARNI,47
TELANGANA,VEENAVANKA,48
TELANGANA,VELDANDA,49
TELANGANA,VELGATUR,50
TELANGANA,VELPUR,51
TELANGANA,VEMANAPALLE,52
TELANGANA,VEMSURU,53
TELANGANA,VEMULAPALLI,54
TELANGANA,VEMULAWADA,55
TELANGANA,VENKATAPUR,56
TELANGANA,VENKATAPURAM,57
TELANGANA,VIKARABAD,58
TELANGANA,VINAVANKA,59
TELANGANA,WAJIDU,60
TELANGANA,WANAPARTHY,61
TELANGANA,WANKIDI,62
TELANGANA,WARGAL,63
TELANGANA,WEPANGANDLA,64
TELANGANA,WYRA,65
TELANGANA,YACHARAM,66
TELANGANA,YADAGIRIGUTTA,67
TELANGANA,YEDPALLE,68
TELANGANA,YELAL,69
TELANGANA,YELDURTI,70
TELANGANA,YELLANDU,71
TELANGANA,YELLAREDDI,72
TELANGANA,YELLAREDDIPET,73
TELANGANA,YENKUR,74
TELANGANA,YERRUPALEM,75
TELANGANA,ZAFARGARH,76
TELANGANA,ZAHEERABAD,77
TRIPURA,AMARPUR,78
TRIPURA,AMBASA,79
TRIPURA,BELONA,80
TRIPURA,BISHALGARH,81
TRIPURA,DAMBUR NAGAR BLOCK,82
TRIPURA,DHARMANAGAR,83
TRIPURA,JAMPUIJALA,84
TRIPURA,JIRANIA,85
TRIPURA,KAILASHAHAR,86
TRIPURA,KAMALPUR,87
TRIPURA,KANCHANPUR,88
TRIPURA,KARBOOK,89
TRIPURA,KHOWAI,90
TRIPURA,KUMARGHAT,91
TRIPURA,LONGTHARAI VALLEY,92
TRIPURA,MOHANPUR,93
TRIPURA,PANISAGAR,94
TRIPURA,SABRUM,95
TRIPURA,SADAR,96
TRIPURA,SANTIR BAZAR,97
TRIPURA,SONAMURA,98
TRIPURA,TELIAMURA,99
TRIPURA,UDAIPUR,100
UTTARAKHAND,ALMORA,1
UTTARAKHAND,BĀGESHWAR,2
UTTARAKHAND,BARAKOT,3
UTTARAKHAND,BARKOT (RAJGARHI),4
UTTARAKHAND,BAZPUR,5
UTTARAKHAND,BERINAG,6
UTTARAKHAND,BETALGHAT,7
UTTARAKHAND,BHANAULI,8
UTTARAKHAND,BHARWARI,9
UTTARAKHAND,BHIKYASAIN,10
UTTARAKHAND,CHAKRATA,11
UTTARAKHAND,CHAMOLI,12
UTTARAKHAND,CHAMPĀWAT,13
UTTARAKHAND,CHAUKHUTIYA,14
UTTARAKHAND,CHINYALISAUR,15
UTTARAKHAND,CHOBATTAKHAL,16
UTTARAKHAND,DEHRADŪN,17
UTTARAKHAND,DEV PRAYAG,18
UTTARAKHAND,DHANOLTI,19
UTTARAKHAND,DHARCHULA,20
UTTARAKHAND,DHARI,21
UTTARAKHAND,DHUMAKOT,22
UTTARAKHAND,DIDIHAT,23
UTTARAKHAND,DUNDA,24
UTTARAKHAND,DWARAHAT,25
UTTARAKHAND,GADARPUR,26
UTTARAKHAND,GAIRSAIN,27
UTTARAKHAND,GANGOLIHAT,28
UTTARAKHAND,GARUR,29
UTTARAKHAND,GHANSYALI,30
UTTARAKHAND,HALDWANI,31
UTTARAKHAND,HARIDWĀR,32
UTTARAKHAND,JAKHNIDHAR,33
UTTARAKHAND,JAKHOLI,34
UTTARAKHAND,JASPUR,35
UTTARAKHAND,JOSHIMATH,36
UTTARAKHAND,KALADHUNGI,37
UTTARAKHAND,KALIGARI,38
UTTARAKHAND,KALSI,39
UTTARAKHAND,KANDA,40
UTTARAKHAND,KAPKOT,41
UTTARAKHAND,KARANPRAYAG,42
UTTARAKHAND,KASHIPUR,43
UTTARAKHAND,KHATIMA,44
UTTARAKHAND,KICHHA,45
UTTARAKHAND,KOSIYAKUTOLI,46
UTTARAKHAND,KOTDWAR,47
UTTARAKHAND,LAKSAR,48
UTTARAKHAND,LALKUWA,49
UTTARAKHAND,LANSDOWNE,50
UTTARAKHAND,LOHAGHAT,51
UTTARAKHAND,MORI,52
UTTARAKHAND,MUNSYARI,53
UTTARAKHAND,NAINITĀL,54
UTTARAKHAND,NARENDRA NAGAR,55
UTTARAKHAND,PATTI,56
UTTARAKHAND,PAURI,57
UTTARAKHAND,PITHORĀGARH,58
UTTARAKHAND,POKHRI,59
UTTARAKHAND,PRATAP NAGAR,60
UTTARAKHAND,PURNAGIRI,61
UTTARAKHAND,PUROLA,62
UTTARAKHAND,RAMNAGAR,63
UTTARAKHAND,RANIKHET,64
UTTARAKHAND,RISHIKESH,65
UTTARAKHAND,ROORKEE,66
UTTARAKHAND,RUDRAPRAYĀG,67
UTTARAKHAND,SALT,68
UTTARAKHAND,SATPULI,69
UTTARAKHAND,SITARGANJ,70
UTTARAKHAND,SOMASHWAR,71
UTTARAKHAND,SRINAGAR,72
UTTARAKHAND,TEHRI,73
UTTARAKHAND,THALISAIN,74
UTTARAKHAND,THARALI,75
UTTARAKHAND,TYUNI,76
UTTARAKHAND,UKHIMATH,77
UTTARAKHAND,VIKASNAGAR,78
UTTARAKHAND,YAMKESHWAR,79
UTTARPRADESH,AFZALGARH,80
UTTARPRADESH,ĀGRA,81
UTTARPRADESH,AKBARPUR,82
UTTARPRADESH,ALAPUR,83
UTTARPRADESH,ALIGANJ,84
UTTARPRADESH,ALLAHABAD,85
UTTARPRADESH,AMETHI,86
UTTARPRADESH,AMRITPUR,87
UTTARPRADESH,AMROHA,88
UTTARPRADESH,ANUP SHAHR,89
UTTARPRADESH,AONLA,90
UTTARPRADESH,ATARRA,91
UTTARPRADESH,ATMADPUR,92
UTTARPRADESH,ATRAULI,93
UTTARPRADESH,AURAI,94
UTTARPRADESH,AURAIYA,95
UTTARPRADESH,AZAMGARH,96
UTTARPRADESH,BABERU,97
UTTARPRADESH,BADLAPUR,98
UTTARPRADESH,BĀGHPAT,99
UTTARPRADESH,BAH,100
UTTARPRADESH,BAHERI,1
UTTARPRADESH,BAHRAICH,2
UTTARPRADESH,BAIRIA,3
UTTARPRADESH,BAKSHIKA TALAB,4
UTTARPRADESH,BALLIA,5
UTTARPRADESH,BALRAMPUR,6
UTTARPRADESH,BANDA,7
UTTARPRADESH,BANSDIH,8
UTTARPRADESH,BANSGAON,9
UTTARPRADESH,BANSI,10
UTTARPRADESH,BARA,11
UTTARPRADESH,BARAUT,12
UTTARPRADESH,BAREILLY,13
UTTARPRADESH,BAREILY,14
UTTARPRADESH,BARHAJ,15
UTTARPRADESH,BASTI,16
UTTARPRADESH,BEHAT,17
UTTARPRADESH,BELTHARA ROAD,18
UTTARPRADESH,BHADOHI,19
UTTARPRADESH,BHANPUR,20
UTTARPRADESH,BHARTHNA,21
UTTARPRADESH,BHATPAR RANI,22
UTTARPRADESH,BHINGA,23
UTTARPRADESH,BHOGANIPUR,24
UTTARPRADESH,BHOGAON,25
UTTARPRADESH,BIDHUNA,26
UTTARPRADESH,BIGHAPUR,27
UTTARPRADESH,BIJNOR,28
UTTARPRADESH,BIKAPUR,29
UTTARPRADESH,BILARI,30
UTTARPRADESH,BILASPUR,31
UTTARPRADESH,BILGRAM,32
UTTARPRADESH,BILHAUR,33
UTTARPRADESH,BILSI,34
UTTARPRADESH,BINKI,35
UTTARPRADESH,BISALPUR,36
UTTARPRADESH,BISAULI,37
UTTARPRADESH,BISWAN,38
UTTARPRADESH,BUDAUN,39
UTTARPRADESH,BUDHANA,40
UTTARPRADESH,BULANDSHAHR,41
UTTARPRADESH,BURHANPUR,42
UTTARPRADESH,CAMPIERGANJ,43
UTTARPRADESH,CHAIL,44
UTTARPRADESH,CHAKARNAGAR,45
UTTARPRADESH,CHAKIA,46
UTTARPRADESH,CHANDAULI,47
UTTARPRADESH,CHANDAUSI,48
UTTARPRADESH,CHANDPUR,49
UTTARPRADESH,CHARKHARI,50
UTTARPRADESH,CHAURI CHAURA,51
UTTARPRADESH,CHHATA,52
UTTARPRADESH,CHHIBRAMAU,53
UTTARPRADESH,CHUNAR,54
UTTARPRADESH,COLONELGANJ,55
UTTARPRADESH,DADRI,56
UTTARPRADESH,DALMAU,57
UTTARPRADESH,DATAGANJ,58
UTTARPRADESH,DEOBAND,59
UTTARPRADESH,DEORIA,60
UTTARPRADESH,DERAPUR,61
UTTARPRADESH,DHAMPUR,62
UTTARPRADESH,DHANAURA,63
UTTARPRADESH,DHAURAHRA,64
UTTARPRADESH,DIBAI,65
UTTARPRADESH,DOMARIYAGANJ,66
UTTARPRADESH,DUDHI,67
UTTARPRADESH,ETAH,68
UTTARPRADESH,ETĀWAH,69
UTTARPRADESH,FAIZABAD,70
UTTARPRADESH,FARIDPUR,71
UTTARPRADESH,FARRUKHĀBĀD,72
UTTARPRADESH,FATEHABAD,73
UTTARPRADESH,FATEHPUR,74
UTTARPRADESH,FIROZĀBĀD,75
UTTARPRADESH,GABHANA,76
UTTARPRADESH,GARAUTHA,77
UTTARPRADESH,GARHMUKTESAR,78
UTTARPRADESH,GAURIGANJ,79
UTTARPRADESH,GAUTAMBUDHNAGAR,80
UTTARPRADESH,GAZIPUR,81
UTTARPRADESH,GHANGHATA,82
UTTARPRADESH,GHARAWAL,83
UTTARPRADESH,GHATAMPUR,84
UTTARPRADESH,GHĀZIĀBĀD,85
UTTARPRADESH,GHOSI,86
UTTARPRADESH,GOLA,87
UTTARPRADESH,GONDA,88
UTTARPRADESH,GORAKHPUR,89
UTTARPRADESH,GUNNAUR,90
UTTARPRADESH,GYANPUR,91
UTTARPRADESH,HADIYA,92
UTTARPRADESH,HAIDARGARH,93
UTTARPRADESH,HAMIRPUR,94
UTTARPRADESH,HĀPUR,95
UTTARPRADESH,HARDOI,96
UTTARPRADESH,HARRAIYA,97
UTTARPRADESH,HASANGANJ,98
UTTARPRADESH,HASANPUR,99
UTTARPRADESH,HATA,100
UTTARPRADESH,HĀTHRAS,1
UTTARPRADESH,IGLAS,2
UTTARPRADESH,IKAUNA,3
UTTARPRADESH,ITWA,4
UTTARPRADESH,JAISINGHPUR,5
UTTARPRADESH,JAKHANIA,6
UTTARPRADESH,JALALABAD,7
UTTARPRADESH,JALALPUR,8
UTTARPRADESH,JALAUN,9
UTTARPRADESH,JALESAR,10
UTTARPRADESH,JANSATH,11
UTTARPRADESH,JASRANA,12
UTTARPRADESH,JASWANTNAGAR,13
UTTARPRADESH,JAUNPUR,14
UTTARPRADESH,JEVAR,15
UTTARPRADESH,JHANSI,16
UTTARPRADESH,KADIRPUR,17
UTTARPRADESH,KAIRANA,18
UTTARPRADESH,KAISARGANJ,19
UTTARPRADESH,KALPI,20
UTTARPRADESH,KANNAUJ,21
UTTARPRADESH,KANPUR NAGAR,22
UTTARPRADESH,KANTH,23
UTTARPRADESH,KARCHHANA,24
UTTARPRADESH,KARHAL,25
UTTARPRADESH,KARIMGANJ,26
UTTARPRADESH,KARWI,27
UTTARPRADESH,KASAYA,28
UTTARPRADESH,KASGANJ,29
UTTARPRADESH,KHAGA,30
UTTARPRADESH,KHAIR,31
UTTARPRADESH,KHAIRIGARH,32
UTTARPRADESH,KHAJNI,33
UTTARPRADESH,KHALILABAD,34
UTTARPRADESH,KHATOLI,35
UTTARPRADESH,KHURJA,36
UTTARPRADESH,KIRAKAT,37
UTTARPRADESH,KOL,38
UTTARPRADESH,KONCH,39
UTTARPRADESH,KORAWN,40
UTTARPRADESH,KULPAHAR,41
UTTARPRADESH,KUNDA,42
UTTARPRADESH,KURAULI,43
UTTARPRADESH,LAHARPUR,44
UTTARPRADESH,LAKHIMPUR,45
UTTARPRADESH,LALGANJ,46
UTTARPRADESH,LALITPUR,47
UTTARPRADESH,LAMBHUA,48
UTTARPRADESH,LUCKNOW,49
UTTARPRADESH,MACHHALI SAHAR,50
UTTARPRADESH,MADHOGARH,51
UTTARPRADESH,MADHUBAN,52
UTTARPRADESH,MAHABAN,53
UTTARPRADESH,MAHARAJGANG,54
UTTARPRADESH,MAHARAJGANJ,55
UTTARPRADESH,MAHASI,56
UTTARPRADESH,MAHMUDABAD,57
UTTARPRADESH,MAHOBA,58
UTTARPRADESH,MAINPURI,59
UTTARPRADESH,MALIHABAD,60
UTTARPRADESH,MANJHANPUR,61
UTTARPRADESH,MANKAPUR,62
UTTARPRADESH,MARIAHU,63
UTTARPRADESH,MARIHAN,64
UTTARPRADESH,MAT,65
UTTARPRADESH,MATHURA,66
UTTARPRADESH,MAU,67
UTTARPRADESH,MAUDAHA,68
UTTARPRADESH,MAURANIPUR,69
UTTARPRADESH,MAWANA,70
UTTARPRADESH,MEERUT,71
UTTARPRADESH,MEHDAWAL,72
UTTARPRADESH,MEHNAGAR,73
UTTARPRADESH,MEZA,74
UTTARPRADESH,MILAK,75
UTTARPRADESH,MILKIPUR,76
UTTARPRADESH,MIRGANJ,77
UTTARPRADESH,MIRZAPUR,78
UTTARPRADESH,MISRIK,79
UTTARPRADESH,MODINAGAR,80
UTTARPRADESH,MOHANLAL GANJ,81
UTTARPRADESH,MOHMADI,82
UTTARPRADESH,MORĀDĀBĀD,83
UTTARPRADESH,MOTH,84
UTTARPRADESH,MUHAMMADABAD,85
UTTARPRADESH,MUHAMMADBAD,86
UTTARPRADESH,MUSAFIRKHANA,87
UTTARPRADESH,MUZAFFARNAGAR,88
UTTARPRADESH,NAGINA,89
UTTARPRADESH,NAJIBABAD,90
UTTARPRADESH,NAKUR,91
UTTARPRADESH,NANPARA,92
UTTARPRADESH,NARAINI,93
UTTARPRADESH,NAUGARH,94
UTTARPRADESH,NAUTANWA,95
UTTARPRADESH,NAWABGANJ,96
UTTARPRADESH,NAWĀBGANJ,97
UTTARPRADESH,NICHLAUL,98
UTTARPRADESH,NIGHASAN,99
UTTARPRADESH,NIZAMABAD,100
UTTARPRADESH,PADRAUNA,1
UTTARPRADESH,PALIA KALAN,2
UTTARPRADESH,PATIALI,3
UTTARPRADESH,PATTI,4
UTTARPRADESH,PHARENDA,5
UTTARPRADESH,PHULPUR,6
UTTARPRADESH,PĪLĪBHĪT,7
UTTARPRADESH,PINDRA,8
UTTARPRADESH,PRATAPGARH,9
UTTARPRADESH,PURANPUR,10
UTTARPRADESH,PURWA,11
UTTARPRADESH,PUWANYA,12
UTTARPRADESH,RAEBARELI,13
UTTARPRADESH,RAMNAGAR,14
UTTARPRADESH,RĀMPUR,15
UTTARPRADESH,RAMPUR MANIHARRAN,16
UTTARPRADESH,RAMSANEHIGHAT,17
UTTARPRADESH,RASRA,18
UTTARPRADESH,RASULABAD,19
UTTARPRADESH,RATH,20
UTTARPRADESH,REBUTSHGANJ,21
UTTARPRADESH,RUDAULI,22
UTTARPRADESH,RUDHAULI,23
UTTARPRADESH,RUDRAPUR,24
UTTARPRADESH,SADABAD,25
UTTARPRADESH,SAFIPUR,26
UTTARPRADESH,SAGRI,27
UTTARPRADESH,SAHĀRANPUR,28
UTTARPRADESH,SAHASWAN,29
UTTARPRADESH,SAHJANWA,30
UTTARPRADESH,SAIDPUR,31
UTTARPRADESH,SAIFAI,32
UTTARPRADESH,SALEMPUR,33
UTTARPRADESH,SALON,34
UTTARPRADESH,SAMBHAL,35
UTTARPRADESH,SANDILA,36
UTTARPRADESH,SARDHANA,37
UTTARPRADESH,SARILA,38
UTTARPRADESH,SASNI,39
UTTARPRADESH,SHAHABAD,40
UTTARPRADESH,SHAHBAD,41
UTTARPRADESH,SHĀHJAHĀNPUR,42
UTTARPRADESH,SHAKALDIHA,43
UTTARPRADESH,SHĀMLI,44
UTTARPRADESH,SHHGANJ,45
UTTARPRADESH,SHIKARPUR,46
UTTARPRADESH,SHOHRATGARH,47
UTTARPRADESH,SIDHAULI,48
UTTARPRADESH,SIKANDARABAD,49
UTTARPRADESH,SIKANDARPUR,50
UTTARPRADESH,SIKANDRA,51
UTTARPRADESH,SIKANDRA RAO,52
UTTARPRADESH,SIKOHABAD,53
UTTARPRADESH,SIRATHU,54
UTTARPRADESH,SIRAULI GAUSPUR,55
UTTARPRADESH,SĪTĀPUR,56
UTTARPRADESH,SIWAIJPUR,57
UTTARPRADESH,SIYANA,58
UTTARPRADESH,SOHAWAL,59
UTTARPRADESH,SORAWN,60
UTTARPRADESH,SUAR,61
UTTARPRADESH,SULTANPUR,62
UTTARPRADESH,TAHRAULI,63
UTTARPRADESH,TALBEHAT,64
UTTARPRADESH,TAMKUHI RAJ,65
UTTARPRADESH,TANDA,66
UTTARPRADESH,TARABGANJ,67
UTTARPRADESH,THAKUR DWARA,68
UTTARPRADESH,TILHAR,69
UTTARPRADESH,TILOI,70
UTTARPRADESH,TIRWA,71
UTTARPRADESH,TULSIPUR,72
UTTARPRADESH,TUNDLA,73
UTTARPRADESH,UNCHAHAR,74
UTTARPRADESH,UNNAO,75
UTTARPRADESH,URAI,76
UTTARPRADESH,UTRAULA,77
UTTARPRADESH,VARANASI,78
UTTARPRADESH,ZAMANIA,79
WEST BENGAL,Alipur,80
WEST BENGAL,ĀLĪPUR DUĀR,81
WEST BENGAL,Arambagh,82
WEST BENGAL,Asansol,83
WEST BENGAL,Baharampur,84
WEST BENGAL,Baharampur & Domkol,85
WEST BENGAL,Baharampur & Lalbag,86
WEST BENGAL,Balurghat,87
WEST BENGAL,Balurghat & Gangarampur,88
WEST BENGAL,Bangaon,89
WEST BENGAL,BĀNKURA,90
WEST BENGAL,Barasat,91
WEST BENGAL,Barrackpur,92
WEST BENGAL,Baruipur,93
WEST BENGAL,Basirhat,94
WEST BENGAL,Bidhannagar,95
WEST BENGAL,BINPUR,96
WEST BENGAL,Bishnupur,97
WEST BENGAL,Bolpur,98
WEST BENGAL,Bolpur & Siuri,99
WEST BENGAL,Burdwan,100
WEST BENGAL,Canning,1
WEST BENGAL,Canning & Baruipur,2
WEST BENGAL,Chanchal,3
WEST BENGAL,chandannagar,4
WEST BENGAL,Chandannagar,5
WEST BENGAL,Chandannagar & Srirampur,6
WEST BENGAL,Damkol,7
WEST BENGAL,DĀRJILING,8
WEST BENGAL,Daspur,9
WEST BENGAL,Diamond Harbour,10
WEST BENGAL,Diamond Harbour & Kakdwip,11
WEST BENGAL,Dinhata,12
WEST BENGAL,Domkal,13
WEST BENGAL,Domkol & Baharampur,14
WEST BENGAL,Domkol & Lalbag,15
WEST BENGAL,Durgapur,16
WEST BENGAL,Egra,17
WEST BENGAL,Egra and Haldia,18
WEST BENGAL,Egra and kanthi,19
WEST BENGAL,Egra and Kanthi,20
WEST BENGAL,Gangarampur,21
WEST BENGAL,Ghatal,22
WEST BENGAL,GOPIBALLABHPUR,23
WEST BENGAL,Haldia,24
WEST BENGAL,Haldia and Kanthi,25
WEST BENGAL,Haldibari,26
WEST BENGAL,HĀORA,27
WEST BENGAL,Hugli,28
WEST BENGAL,Islampur,29
WEST BENGAL,Jalangi,30
WEST BENGAL,JALPĀIGURI,31
WEST BENGAL,Jangipur,32
WEST BENGAL,JHĀRGRĀM,33
WEST BENGAL,Kakdwip,34
WEST BENGAL,Kalna,35
WEST BENGAL,Kalyani,36
WEST BENGAL,Kalyani & Ranaghat,37
WEST BENGAL,Kandi,38
WEST BENGAL,Kandi & Lalbag,39
WEST BENGAL,Kanthi,40
WEST BENGAL,Karsiyang,41
WEST BENGAL,Katwa,42
WEST BENGAL,Kharagpur,43
WEST BENGAL,Kharagpur & Medinipursadr,44
WEST BENGAL,Khatra,45
WEST BENGAL,KOCH BIHĀR,46
WEST BENGAL,KOLKĀTA,47
WEST BENGAL,Krishnanagar,48
WEST BENGAL,Lalbag,49
WEST BENGAL,Lalbag & Domkol,50
WEST BENGAL,Mal,51
WEST BENGAL,MĀLDAH,52
WEST BENGAL,MĀLDAH & CHANCHAL,53
WEST BENGAL,Mathabhanga,54
WEST BENGAL,Medinipur Sadar,55
WEST BENGAL,Mekhliganj,56
WEST BENGAL,Paschim medinipur Sadar,57
WEST BENGAL,Puruliya,58
WEST BENGAL,Raghunathpur,59
WEST BENGAL,Raiganj,60
WEST BENGAL,Rampurhat,61
WEST BENGAL,Ranaghat,62
WEST BENGAL,Siliguri,63
WEST BENGAL,Sitai,64
WEST BENGAL,Siuri,65
WEST BENGAL,Srirampur,66
WEST BENGAL,Tahatta & Krishnanagar,67
WEST BENGAL,Tamluk,68
WEST BENGAL,Tamluk and Haldia,69
WEST BENGAL,Tehatta,70
WEST BENGAL,Tufanganj,71
WEST BENGAL,Uluberia,72
