state_name,block_name,value
ANDAMAN & NICOBAR,CAMPBELL BAY,1
ANDAMAN & NICOBAR,CAR NICOBAR,2
ANDAMAN & NICOBAR,DIGLIPUR,3
ANDAMAN & NICOBAR,FERRARGUNJ,4
ANDAMAN & NICOBAR,LITTLE ANDAMAN,5
ANDAMAN & NICOBAR,MAYABUNDER,6
ANDAMAN & NICOBAR,NANCOWRIE,7
ANDAMAN & NICOBAR,PROTHRAPUR,8
ANDAMAN & NICOBAR,RANGAT,9
ANDHRA PRADESH,A.KONDURU,10
ANDHRA PRADESH,ACHANTA,11
ANDHRA PRADESH,ACHUTAPURAM,12
ANDHRA PRADESH,ADDANKI,13
ANDHRA PRADESH,ADDATEEGALA,14
ANDHRA PRADESH,ADONI,15
ANDHRA PRADESH,AGALI,16
ANDHRA PRADESH,AGIRIPALLI,17
ANDHRA PRADESH,AINAVILLI,18
ANDHRA PRADESH,AKIVIDU,19
ANDHRA PRADESH,ALAMURU,20
ANDHRA PRADESH,ALLAGADDA,21
ANDHRA PRADESH,ALLAVARAM,22
ANDHRA PRADESH,ALLUR,23
ANDHRA PRADESH,ALUR,24
ANDHRA PRADESH,AMADAGUR,25
ANDHRA PRADESH,AMADALAVALASA,26
ANDHRA PRADESH,AMALAPURAM,27
ANDHRA PRADESH,AMARAPURAM,28
ANDHRA PRADESH,AMARAVATHI,29
ANDHRA PRADESH,AMBAJIPETA,30
ANDHRA PRADESH,AMRUTHALUR,31
ANDHRA PRADESH,ANAKAPALLE,32
ANDHRA PRADESH,ANANDAPURAM,33
ANDHRA PRADESH,ANANTAPUR,34
ANDHRA PRADESH,ANANTHAGIRI,35
ANDHRA PRADESH,ANANTHASAGARAM,36
ANDHRA PRADESH,ANAPARTHY,37
ANDHRA PRADESH,ANUMASAMUDRAMPETA,38
ANDHRA PRADESH,ARAKU VALLEY,39
ANDHRA PRADESH,ARDHAVEEDU,40
ANDHRA PRADESH,ASPARI,41
ANDHRA PRADESH,ATCHEMPET,42
ANDHRA PRADESH,ATLUR,43
ANDHRA PRADESH,ATMAKUR,44
ANDHRA PRADESH,ATREYAPURAM,45
ANDHRA PRADESH,ATTILI,46
ANDHRA PRADESH,AVANIGADDA,47
ANDHRA PRADESH,B.KODUR,48
ANDHRA PRADESH,B.KOTHAKOTA,49
ANDHRA PRADESH,BADANGI,50
ANDHRA PRADESH,BADVEL,51
ANDHRA PRADESH,BAIREDDIPALLE,52
ANDHRA PRADESH,BALAYAPALLE,53
ANDHRA PRADESH,BALIJIPETA,54
ANDHRA PRADESH,BALLIKURAVA,55
ANDHRA PRADESH,BANAGANAPALLE,56
ANDHRA PRADESH,BANDI ATMAKUR,57
ANDHRA PRADESH,BANGARUPALEM,58
ANDHRA PRADESH,BANTUMILLI,59
ANDHRA PRADESH,BAPATLA,60
ANDHRA PRADESH,BAPULAPADU,61
ANDHRA PRADESH,BATHALAPALLE,62
ANDHRA PRADESH,BELLAMKONDA,63
ANDHRA PRADESH,BELUGUPPA,64
ANDHRA PRADESH,BESTAVARIPETA,65
ANDHRA PRADESH,BETHAMCHERLA,66
ANDHRA PRADESH,BHAMINI,67
ANDHRA PRADESH,BHATTIPROLU,68
ANDHRA PRADESH,BHEEMUNIPATNAM,69
ANDHRA PRADESH,BHIMADOLE,70
ANDHRA PRADESH,BHIMAVARAM,71
ANDHRA PRADESH,BHOGHAPURAM,72
ANDHRA PRADESH,BICCAVOLU,73
ANDHRA PRADESH,BOBBILI,74
ANDHRA PRADESH,BOGOLE,75
ANDHRA PRADESH,BOLLAPALLE,76
ANDHRA PRADESH,BOMMANAHAL,77
ANDHRA PRADESH,BONDAPALLE,78
ANDHRA PRADESH,BRAHMAMGARIMATHAM.,79
ANDHRA PRADESH,BRAHMASAMUDRAM,80
ANDHRA PRADESH,BUCHINADIDU KHANDRIGA,81
ANDHRA PRADESH,BUKKAPATNAM,82
ANDHRA PRADESH,BUKKARAYASAMUDRAM,83
ANDHRA PRADESH,BURJA,84
ANDHRA PRADESH,BUTCHAYYAPETA,85
ANDHRA PRADESH,BUTCHIREDDIPALEM,86
ANDHRA PRADESH,BUTTAYAGUDEM,87
ANDHRA PRADESH,C.BELAGAL,88
ANDHRA PRADESH,CHAGALAMARRI,89
ANDHRA PRADESH,CHAGALLU,90
ANDHRA PRADESH,CHAKRAYAPET,91
ANDHRA PRADESH,CHALLAPALLI,92
ANDHRA PRADESH,CHANDARLAPADU,93
ANDHRA PRADESH,CHANDRA SEKHARA PURAM,94
ANDHRA PRADESH,CHANDRAGIRI,95
ANDHRA PRADESH,CHAPADU,96
ANDHRA PRADESH,CHATRAI,97
ANDHRA PRADESH,CHEBROLE,98
ANDHRA PRADESH,CHEEDIKADA,99
ANDHRA PRADESH,CHEEPURUPALLE,100
ANDHRA PRADESH,CHEJERLA,1
ANDHRA PRADESH,CHENNEKOTHAPALLE,2
ANDHRA PRADESH,CHENNUR,3
ANDHRA PRADESH,CHERUKUPALLE,4
ANDHRA PRADESH,CHILAKALURIPET,5
ANDHRA PRADESH,CHILAMATHUR,6
ANDHRA PRADESH,CHILLAKUR,7
ANDHRA PRADESH,CHIMAKURTHI,8
ANDHRA PRADESH,CHINAGANJAM,9
ANDHRA PRADESH,CHINNAGOTTIGALLU,10
ANDHRA PRADESH,CHINNAMANDEM,11
ANDHRA PRADESH,CHINTAKOMMA DINNE,12
ANDHRA PRADESH,CHINTALAPUDI,13
ANDHRA PRADESH,CHINTAPALLE,14
ANDHRA PRADESH,CHINTOOR,15
ANDHRA PRADESH,CHIPPAGIRI,16
ANDHRA PRADESH,CHIRALA,17
ANDHRA PRADESH,CHITTAMUR,18
ANDHRA PRADESH,CHITTOOR,19
ANDHRA PRADESH,CHITVEL,20
ANDHRA PRADESH,CHODAVARAM,21
ANDHRA PRADESH,CHOWDEPALLE,22
ANDHRA PRADESH,CUMBUM,23
ANDHRA PRADESH,D.HIREHAL,24
ANDHRA PRADESH,DACHEPALLE,25
ANDHRA PRADESH,DAGADARTHI,26
ANDHRA PRADESH,DAKKILI,27
ANDHRA PRADESH,DARSI,28
ANDHRA PRADESH,DATTIRAJERU,29
ANDHRA PRADESH,DENDULURU,30
ANDHRA PRADESH,DENKADA,31
ANDHRA PRADESH,DEVANAKONDA,32
ANDHRA PRADESH,DEVARAPALLE,33
ANDHRA PRADESH,DEVIPATNAM,34
ANDHRA PRADESH,DHARMAVARAM,35
ANDHRA PRADESH,DHONE ALIAS DRONACHALAM,36
ANDHRA PRADESH,DONAKONDA,37
ANDHRA PRADESH,DORAVARISATRAM,38
ANDHRA PRADESH,DORNALA,39
ANDHRA PRADESH,DORNIPADU,40
ANDHRA PRADESH,DUGGIRALA,41
ANDHRA PRADESH,DUMBRIGUDA,42
ANDHRA PRADESH,DURGI,43
ANDHRA PRADESH,DUTTALUR,44
ANDHRA PRADESH,DUVVUR,45
ANDHRA PRADESH,DWARAKATIRUMALA,46
ANDHRA PRADESH,EDLAPADU,47
ANDHRA PRADESH,ELAMANCHILI,48
ANDHRA PRADESH,ELURU,49
ANDHRA PRADESH,ETCHERLA,50
ANDHRA PRADESH,G.KONDURU,51
ANDHRA PRADESH,G.MADUGULA,52
ANDHRA PRADESH,GADIVEMULA,53
ANDHRA PRADESH,GAJAPATHINAGARAM,54
ANDHRA PRADESH,GAJUWAKA,55
ANDHRA PRADESH,GALIVEEDU,56
ANDHRA PRADESH,GAMPALAGUDEM,57
ANDHRA PRADESH,GANAPAVARAM,58
ANDHRA PRADESH,GANDEPALLE,59
ANDHRA PRADESH,GANDLAPENTA,60
ANDHRA PRADESH,GANGADHARA NELLORE,61
ANDHRA PRADESH,GANGAVARAM,62
ANDHRA PRADESH,GANGUVARISIGADAM,63
ANDHRA PRADESH,GANNAVARAM,64
ANDHRA PRADESH,GANTYADA,65
ANDHRA PRADESH,GARA,66
ANDHRA PRADESH,GARIVIDI,67
ANDHRA PRADESH,GARLADINNE,68
ANDHRA PRADESH,GARUGUBILLI,69
ANDHRA PRADESH,GHANTASALA,70
ANDHRA PRADESH,GIDDALURU,71
ANDHRA PRADESH,GOKAVARAM,72
ANDHRA PRADESH,GOLLAPROLU,73
ANDHRA PRADESH,GOLUGONDA,74
ANDHRA PRADESH,GONEGANDLA,75
ANDHRA PRADESH,GOOTY,76
ANDHRA PRADESH,GOPALAPURAM,77
ANDHRA PRADESH,GOPAVARAM,78
ANDHRA PRADESH,GORANTLA,79
ANDHRA PRADESH,GOSPADU,80
ANDHRA PRADESH,GUDEM KOTHA VEEDHI,81
ANDHRA PRADESH,GUDIBANDA,82
ANDHRA PRADESH,GUDIPALA,83
ANDHRA PRADESH,GUDIVADA,84
ANDHRA PRADESH,GUDLAVALLERU,85
ANDHRA PRADESH,GUDLURU,86
ANDHRA PRADESH,GUDUPALLE,87
ANDHRA PRADESH,GUDUR,88
ANDHRA PRADESH,GUDURU,89
ANDHRA PRADESH,GUMMAGATTA,90
ANDHRA PRADESH,GUMMALAKSHMIPURAM,91
ANDHRA PRADESH,GUNTAKAL,92
ANDHRA PRADESH,GUNTUR,93
ANDHRA PRADESH,GURAZALA,94
ANDHRA PRADESH,GURLA,95
ANDHRA PRADESH,GURRAMKONDA,96
ANDHRA PRADESH,HALAHARVI,97
ANDHRA PRADESH,HANUMANTHUNI PADU,98
ANDHRA PRADESH,HINDUPUR,99
ANDHRA PRADESH,HIRAMANDALAM,100
ANDHRA PRADESH,HOLAGUNDA,1
ANDHRA PRADESH,HUKUMPETA,2
ANDHRA PRADESH,I. POLAVARAM,3
ANDHRA PRADESH,IBRAHIMPATNAM,4
ANDHRA PRADESH,ICHAPURAM,5
ANDHRA PRADESH,INDUKURPET,6
ANDHRA PRADESH,INKOLLU,7
ANDHRA PRADESH,IPUR,8
ANDHRA PRADESH,IRAGAVARAM,9
ANDHRA PRADESH,IRALA,10
ANDHRA PRADESH,JAGGAMPETA,11
ANDHRA PRADESH,JAGGAYYAPETA,12
ANDHRA PRADESH,JALADANKI,13
ANDHRA PRADESH,JALUMURU,14
ANDHRA PRADESH,JAMI,15
ANDHRA PRADESH,JAMMALAMADUGU,16
ANDHRA PRADESH,JANAKAVARAM PONGULURU,17
ANDHRA PRADESH,JANGAREDDIGUDEM,18
ANDHRA PRADESH,JEELUGUMILLI,19
ANDHRA PRADESH,JIYYAMMAVALASA,20
ANDHRA PRADESH,JUPADU BUNGALOW,21
ANDHRA PRADESH,K.KOTAPADU,22
ANDHRA PRADESH,K.V.B.PURAM,23
ANDHRA PRADESH,Kadapa,24
ANDHRA PRADESH,KADIAM,25
ANDHRA PRADESH,KADIRI,26
ANDHRA PRADESH,KAIKALUR,27
ANDHRA PRADESH,KAJULURU,28
ANDHRA PRADESH,KAKINADA RURAL,29
ANDHRA PRADESH,KAKINADA URBAN,30
ANDHRA PRADESH,KAKUMANU,31
ANDHRA PRADESH,KALAKADA,32
ANDHRA PRADESH,KALASAPADU,33
ANDHRA PRADESH,KALIDINDI,34
ANDHRA PRADESH,KALIGIRI,35
ANDHRA PRADESH,KALIKIRI,36
ANDHRA PRADESH,KALLA,37
ANDHRA PRADESH,KALLUR,38
ANDHRA PRADESH,KALUVOYA,39
ANDHRA PRADESH,KALYANDRUG,40
ANDHRA PRADESH,KAMALAPURAM,41
ANDHRA PRADESH,KAMAVARAPUKOTA,42
ANDHRA PRADESH,KAMBADUR,43
ANDHRA PRADESH,KAMBHAMVARIPALLE,44
ANDHRA PRADESH,KANAGANAPALLE,45
ANDHRA PRADESH,KANCHIKACHERLA,46
ANDHRA PRADESH,KANCHILI,47
ANDHRA PRADESH,KANDUKUR,48
ANDHRA PRADESH,KANEKAL,49
ANDHRA PRADESH,KANIGIRI,50
ANDHRA PRADESH,KANKIPADU,51
ANDHRA PRADESH,KAPILESWARAPURAM,52
ANDHRA PRADESH,KARAMCHEDU,53
ANDHRA PRADESH,KARAPA,54
ANDHRA PRADESH,KAREMPUDI,55
ANDHRA PRADESH,KARLAPALEM,56
ANDHRA PRADESH,KARVETINAGAR,57
ANDHRA PRADESH,KASIMKOTA,58
ANDHRA PRADESH,KATRENIKONA,59
ANDHRA PRADESH,KAVALI,60
ANDHRA PRADESH,KAVITI,61
ANDHRA PRADESH,KHAJIPET,62
ANDHRA PRADESH,KIRLAMPUDI,63
ANDHRA PRADESH,KODAVALUR,64
ANDHRA PRADESH,KODUMUR,65
ANDHRA PRADESH,KODUR,66
ANDHRA PRADESH,KODURU,67
ANDHRA PRADESH,KOILAKUNTLA,68
ANDHRA PRADESH,KOLIMIGUNDLA,69
ANDHRA PRADESH,KOLLIPARA,70
ANDHRA PRADESH,KOLLUR,71
ANDHRA PRADESH,KOMARADA,72
ANDHRA PRADESH,KOMAROLU,73
ANDHRA PRADESH,KONAKANAMITTLA,74
ANDHRA PRADESH,KONDAPI,75
ANDHRA PRADESH,KONDAPURAM,76
ANDHRA PRADESH,KORISAPADU,77
ANDHRA PRADESH,KORUKONDA,78
ANDHRA PRADESH,KOSIGI,79
ANDHRA PRADESH,KOTA,80
ANDHRA PRADESH,KOTABOMMILI,81
ANDHRA PRADESH,KOTANANDURU,82
ANDHRA PRADESH,KOTAURATLA,83
ANDHRA PRADESH,KOTHA PATNAM,84
ANDHRA PRADESH,KOTHACHERUVU,85
ANDHRA PRADESH,KOTHAPALLE,86
ANDHRA PRADESH,KOTHAPETA,87
ANDHRA PRADESH,KOTHAVALASA,88
ANDHRA PRADESH,KOTTURU,89
ANDHRA PRADESH,KOVUR,90
ANDHRA PRADESH,KOVVUR,91
ANDHRA PRADESH,KOWTHALAM,92
ANDHRA PRADESH,KOYYALAGUDEM,93
ANDHRA PRADESH,KOYYURU,94
ANDHRA PRADESH,KRISHNAGIRI,95
ANDHRA PRADESH,KROSURU,96
ANDHRA PRADESH,KRUTTIVENNU,97
ANDHRA PRADESH,KUDAIR,98
ANDHRA PRADESH,KUKKUNUR,99
ANDHRA PRADESH,KUNAVARAM,100
ANDHRA PRADESH,KUNDURPI,1
ANDHRA PRADESH,KUPPAM,2
ANDHRA PRADESH,KURABALAKOTA,3
ANDHRA PRADESH,KURICHEDU,4
ANDHRA PRADESH,KURNOOL,5
ANDHRA PRADESH,KURUPAM,6
ANDHRA PRADESH,L.N PETA,7
ANDHRA PRADESH,LAKKAVARAPUKOTA,8
ANDHRA PRADESH,LAKKIREDDIPALLE,9
ANDHRA PRADESH,LAVERU,10
ANDHRA PRADESH,LEPAKSHI,11
ANDHRA PRADESH,LINGALA,12
ANDHRA PRADESH,LINGAPALEM,13
ANDHRA PRADESH,LINGASAMUDRAM,14
ANDHRA PRADESH,MACHAVARAM,15
ANDHRA PRADESH,MACHERLA,16
ANDHRA PRADESH,MACHILIPATNAM,17
ANDHRA PRADESH,MADAKASIRA,18
ANDHRA PRADESH,MADANAPALLE,19
ANDHRA PRADESH,MADDIKERA (EAST),20
ANDHRA PRADESH,MADDIPADU,21
ANDHRA PRADESH,MADUGULA,22
ANDHRA PRADESH,MAHANANDI,23
ANDHRA PRADESH,MAKAVARAPALEM,24
ANDHRA PRADESH,MAKKUVA,25
ANDHRA PRADESH,MALIKIPURAM,26
ANDHRA PRADESH,MAMIDIKUDURU,27
ANDHRA PRADESH,MANDAPETA,28
ANDHRA PRADESH,MANDASA,29
ANDHRA PRADESH,MANDAVALLI,30
ANDHRA PRADESH,MANGALAGIRI,31
ANDHRA PRADESH,MANTRALAYAM,32
ANDHRA PRADESH,MANUBOLU,33
ANDHRA PRADESH,MAREDUMILLI,34
ANDHRA PRADESH,MARKAPUR,35
ANDHRA PRADESH,MARRIPADU,36
ANDHRA PRADESH,MARRIPUDI,37
ANDHRA PRADESH,MARTUR,38
ANDHRA PRADESH,MEDIKONDURU,39
ANDHRA PRADESH,MELIAPUTTI,40
ANDHRA PRADESH,MENTADA,41
ANDHRA PRADESH,MERAKAMUDIDAM,42
ANDHRA PRADESH,MIDTHUR,43
ANDHRA PRADESH,MOGALTHUR,44
ANDHRA PRADESH,MOPIDEVI,45
ANDHRA PRADESH,MOVVA,46
ANDHRA PRADESH,MUDDANUR,47
ANDHRA PRADESH,MUDIGUBBA,48
ANDHRA PRADESH,MUDINEPALLE,49
ANDHRA PRADESH,MULAKALACHERUVU,50
ANDHRA PRADESH,MUMMIDIVARAM,51
ANDHRA PRADESH,MUNAGAPAKA,52
ANDHRA PRADESH,MUNCHINGI PUTTU,53
ANDHRA PRADESH,MUNDLAMURU,54
ANDHRA PRADESH,MUPPALLA,55
ANDHRA PRADESH,MUSUNURU,56
ANDHRA PRADESH,MUTHUKUR,57
ANDHRA PRADESH,MYDUKUR,58
ANDHRA PRADESH,MYLAVARAM,59
ANDHRA PRADESH,NADENDLA,60
ANDHRA PRADESH,NAGALAPURAM,61
ANDHRA PRADESH,NAGARAM,62
ANDHRA PRADESH,NAGARI,63
ANDHRA PRADESH,NAGAYALANKA,64
ANDHRA PRADESH,NAGULUPPALA PADU,65
ANDHRA PRADESH,NAIDUPETA,66
ANDHRA PRADESH,NAKKAPALLE,67
ANDHRA PRADESH,NALLACHERUVU,68
ANDHRA PRADESH,NALLAJERLA,69
ANDHRA PRADESH,NALLAMADA,70
ANDHRA PRADESH,NAMBULAPULIKUNTA,71
ANDHRA PRADESH,NANDALUR,72
ANDHRA PRADESH,NANDAVARAM,73
ANDHRA PRADESH,NANDIGAM,74
ANDHRA PRADESH,NANDIGAMA,75
ANDHRA PRADESH,NANDIKOTKUR,76
ANDHRA PRADESH,NANDIVADA,77
ANDHRA PRADESH,NANDYAL,78
ANDHRA PRADESH,NARASANNAPETA,79
ANDHRA PRADESH,NARASARAOPETA,80
ANDHRA PRADESH,NARAYANAVANAM,81
ANDHRA PRADESH,NARPALA,82
ANDHRA PRADESH,NARSAPUR,83
ANDHRA PRADESH,NARSIPATNAM,84
ANDHRA PRADESH,NATHAVARAM,85
ANDHRA PRADESH,NEKARIKALLU,86
ANDHRA PRADESH,NELLIMARLA,87
ANDHRA PRADESH,NELLIPAKA,88
ANDHRA PRADESH,NELLORE RURAL,89
ANDHRA PRADESH,NIDADAVOLE,90
ANDHRA PRADESH,NIDAMARRU,91
ANDHRA PRADESH,NIMMANAPALLE,92
ANDHRA PRADESH,NINDRA,93
ANDHRA PRADESH,NIZAMPATNAM,94
ANDHRA PRADESH,NUZENDLA,95
ANDHRA PRADESH,NUZVID,96
ANDHRA PRADESH,OBULADEVARECHERUVU,97
ANDHRA PRADESH,OBULAVARIPALLE,98
ANDHRA PRADESH,ONGOLE,99
ANDHRA PRADESH,ORVAKAL,100
ANDHRA PRADESH,OWK,1
ANDHRA PRADESH,OZILI,2
ANDHRA PRADESH,P.GANNAVARAM,3
ANDHRA PRADESH,PACHIPENTA,4
ANDHRA PRADESH,PADERU,5
ANDHRA PRADESH,PADMANABHAM,6
ANDHRA PRADESH,PAGIDYALA,7
ANDHRA PRADESH,PAKALA,8
ANDHRA PRADESH,PALACOLE,9
ANDHRA PRADESH,PALAKODERU,10
ANDHRA PRADESH,PALAKONDA,11
ANDHRA PRADESH,PALAMANER,12
ANDHRA PRADESH,PALASA,13
ANDHRA PRADESH,PALASAMUDRAM,14
ANDHRA PRADESH,PAMARRU,15
ANDHRA PRADESH,PAMIDI,16
ANDHRA PRADESH,PAMIDIMUKKALA,17
ANDHRA PRADESH,PAMULAPADU,18
ANDHRA PRADESH,PAMUR,19
ANDHRA PRADESH,PANYAM,20
ANDHRA PRADESH,PARAVADA,21
ANDHRA PRADESH,PARCHUR,22
ANDHRA PRADESH,PARIGI,23
ANDHRA PRADESH,PARVATHIPURAM,24
ANDHRA PRADESH,PATHAPATNAM,25
ANDHRA PRADESH,PATTIKONDA,26
ANDHRA PRADESH,PAYAKARAOPETA,27
ANDHRA PRADESH,PEAPULLY,28
ANDHRA PRADESH,PEDA ARAVEEDU,29
ANDHRA PRADESH,PEDA BAYALU,30
ANDHRA PRADESH,PEDACHERLO PALLE,31
ANDHRA PRADESH,PEDAGANTYADA,32
ANDHRA PRADESH,PEDAKAKANI,33
ANDHRA PRADESH,PEDAKURAPADU,34
ANDHRA PRADESH,PEDANA,35
ANDHRA PRADESH,PEDANANDIPADU,36
ANDHRA PRADESH,PEDAPADU,37
ANDHRA PRADESH,PEDAPARUPUDI,38
ANDHRA PRADESH,PEDAPUDI,39
ANDHRA PRADESH,PEDAVEGI,40
ANDHRA PRADESH,PEDDAKADABUR,41
ANDHRA PRADESH,PEDDAMANDYAM,42
ANDHRA PRADESH,PEDDAMUDIUM,43
ANDHRA PRADESH,PEDDAPANJANI,44
ANDHRA PRADESH,PEDDAPAPPUR,45
ANDHRA PRADESH,PEDDAPURAM,46
ANDHRA PRADESH,PEDDATHIPPASAMUDRAM,47
ANDHRA PRADESH,PEDDAVADUGUR,48
ANDHRA PRADESH,PELLAKUR,49
ANDHRA PRADESH,PENAGALUR,50
ANDHRA PRADESH,PENAMALURU,51
ANDHRA PRADESH,PENDLIMARRI,52
ANDHRA PRADESH,PENDURTHI,53
ANDHRA PRADESH,PENTAPADU,54
ANDHRA PRADESH,PENUGANCHIPROLU,55
ANDHRA PRADESH,PENUGONDA,56
ANDHRA PRADESH,PENUKONDA,57
ANDHRA PRADESH,PENUMANTRA,58
ANDHRA PRADESH,PENUMURU,59
ANDHRA PRADESH,PERAVALI,60
ANDHRA PRADESH,PHIRANGIPURAM,61
ANDHRA PRADESH,PIDUGURALLA,62
ANDHRA PRADESH,PILER,63
ANDHRA PRADESH,PITCHATUR,64
ANDHRA PRADESH,PITHAPURAM,65
ANDHRA PRADESH,PITTALAVANIPALEM,66
ANDHRA PRADESH,PODALAKUR,67
ANDHRA PRADESH,PODILI,68
ANDHRA PRADESH,PODURU,69
ANDHRA PRADESH,POLAKI,70
ANDHRA PRADESH,POLAVARAM,71
ANDHRA PRADESH,PONDURU,72
ANDHRA PRADESH,PONNALURU,73
ANDHRA PRADESH,PONNUR,74
ANDHRA PRADESH,PORUMAMILLA,75
ANDHRA PRADESH,PRATHIPADU,76
ANDHRA PRADESH,PRODDATUR,77
ANDHRA PRADESH,PULICHERLA H/O REDDIVARIPALLE,78
ANDHRA PRADESH,PULIVENDLA,79
ANDHRA PRADESH,PULLALACHERUVU,80
ANDHRA PRADESH,PULLAMPETA,81
ANDHRA PRADESH,PUNGANUR,82
ANDHRA PRADESH,PUSAPATIREGA,83
ANDHRA PRADESH,PUTHALAPATTU,84
ANDHRA PRADESH,PUTLUR,85
ANDHRA PRADESH,PUTTAPARTHI,86
ANDHRA PRADESH,PUTTUR,87
ANDHRA PRADESH,RACHERLA,88
ANDHRA PRADESH,RAJAHMUNDRY RURAL,89
ANDHRA PRADESH,RAJAHMUNDRY URBAN,90
ANDHRA PRADESH,RAJAM,91
ANDHRA PRADESH,RAJAMPET,92
ANDHRA PRADESH,RAJANAGARAM,93
ANDHRA PRADESH,RAJAVOMMANGI,94
ANDHRA PRADESH,RAJUPALEM,95
ANDHRA PRADESH,RAMABHADRAPURAM,96
ANDHRA PRADESH,RAMACHANDRAPURAM,97
ANDHRA PRADESH,RAMAGIRI,98
ANDHRA PRADESH,RAMAKUPPAM,99
ANDHRA PRADESH,RAMAPURAM,100
ANDHRA PRADESH,RAMASAMUDRAM,1
ANDHRA PRADESH,RAMBILLI,2
ANDHRA PRADESH,RAMPACHODAVARAM,3
ANDHRA PRADESH,RANASTALAM,4
ANDHRA PRADESH,RANGAMPETA,5
ANDHRA PRADESH,RAPTADU,6
ANDHRA PRADESH,RAPUR,7
ANDHRA PRADESH,RAVIKAMATHAM,8
ANDHRA PRADESH,RAVULAPALEM,9
ANDHRA PRADESH,RAYACHOTY,10
ANDHRA PRADESH,RAYADURG,11
ANDHRA PRADESH,RAYAVARAM,12
ANDHRA PRADESH,RAZOLE,13
ANDHRA PRADESH,REDDIGUDEM,14
ANDHRA PRADESH,REGIDI AMADALAVALASA,15
ANDHRA PRADESH,RENIGUNTA,16
ANDHRA PRADESH,RENTACHINTALA,17
ANDHRA PRADESH,REPALLE,18
ANDHRA PRADESH,RODDAM,19
ANDHRA PRADESH,ROLLA,20
ANDHRA PRADESH,ROLUGUNTA,21
ANDHRA PRADESH,ROMPICHERLA,22
ANDHRA PRADESH,Routhulapudi,23
ANDHRA PRADESH,RUDRAVARAM,24
ANDHRA PRADESH,S.RAYAVARAM,25
ANDHRA PRADESH,SABBAVARAM,26
ANDHRA PRADESH,SAKHINETIPALLE,27
ANDHRA PRADESH,SALUR,28
ANDHRA PRADESH,SAMALKOTA,29
ANDHRA PRADESH,SAMBEPALLE,30
ANDHRA PRADESH,SANGAM,31
ANDHRA PRADESH,SANJAMALA,32
ANDHRA PRADESH,SANKHAVARAM,33
ANDHRA PRADESH,SANTHABOMMALI,34
ANDHRA PRADESH,SANTHAKAVATI,35
ANDHRA PRADESH,SANTHAMAGULURU,36
ANDHRA PRADESH,SANTHANUTHALA PADU,37
ANDHRA PRADESH,SANTHIPURAM HO ARIMUTHANAPALLE,38
ANDHRA PRADESH,SARAVAKOTA,39
ANDHRA PRADESH,SARUBUJJILI,40
ANDHRA PRADESH,SATTENAPALLE,41
ANDHRA PRADESH,SATYAVEDU,42
ANDHRA PRADESH,SAVALYAPURAM,43
ANDHRA PRADESH,SEETHAMPETA,44
ANDHRA PRADESH,SEETHANAGARAM,45
ANDHRA PRADESH,SEETHARAMAPURAM,46
ANDHRA PRADESH,SETTUR,47
ANDHRA PRADESH,SIDHOUT,48
ANDHRA PRADESH,SIMHADRIPURAM,49
ANDHRA PRADESH,SINGANAMALA,50
ANDHRA PRADESH,SINGARAYAKONDA,51
ANDHRA PRADESH,SIRIVEL,52
ANDHRA PRADESH,SODAM,53
ANDHRA PRADESH,SOMALA,54
ANDHRA PRADESH,SOMANDEPALLE,55
ANDHRA PRADESH,SOMPETA,56
ANDHRA PRADESH,SRI AVADUTHA KASINAYANA,57
ANDHRA PRADESH,SRIKAKULAM,58
ANDHRA PRADESH,SRIKALAHASTI,59
ANDHRA PRADESH,SRIRANGARAJAPURAM,60
ANDHRA PRADESH,SRISAILAM,61
ANDHRA PRADESH,SRUNGAVARAPUKOTA,62
ANDHRA PRADESH,SULLURPETA,63
ANDHRA PRADESH,SYDAPURAM,64
ANDHRA PRADESH,T.NARASAPURAM,65
ANDHRA PRADESH,T.SUNDUPALLE,66
ANDHRA PRADESH,TADA,67
ANDHRA PRADESH,TADEPALLE,68
ANDHRA PRADESH,TADEPALLIGUDEM,69
ANDHRA PRADESH,TADIKONDA,70
ANDHRA PRADESH,TADIMARRI,71
ANDHRA PRADESH,TADIPATRI,72
ANDHRA PRADESH,TALLUR,73
ANDHRA PRADESH,TALUPULA,74
ANDHRA PRADESH,TANAKAL,75
ANDHRA PRADESH,TANGUTUR,76
ANDHRA PRADESH,TANUKU,77
ANDHRA PRADESH,TARLUPADU,78
ANDHRA PRADESH,TEKKALI,79
ANDHRA PRADESH,TENALI,80
ANDHRA PRADESH,THALLAPUDI,81
ANDHRA PRADESH,THALLAREVU,82
ANDHRA PRADESH,THAMBALLAPALLE,83
ANDHRA PRADESH,THAVANAMPALLE,84
ANDHRA PRADESH,THERLAM,85
ANDHRA PRADESH,THONDANGI,86
ANDHRA PRADESH,THONDUR,87
ANDHRA PRADESH,THOTAPALLIGUDUR,88
ANDHRA PRADESH,THOTLAVALLURU,89
ANDHRA PRADESH,THOTTAMBEDU,90
ANDHRA PRADESH,THULLUR,91
ANDHRA PRADESH,TIRUPATI (RURAL),92
ANDHRA PRADESH,Tirupati (urban),93
ANDHRA PRADESH,TIRUVURU,94
ANDHRA PRADESH,TRIPURANTHAKAM,95
ANDHRA PRADESH,TSUNDUR,96
ANDHRA PRADESH,TUGGALI,97
ANDHRA PRADESH,TUNI,98
ANDHRA PRADESH,U.KOTHAPALLE,99
ANDHRA PRADESH,UDAYAGIRI,100
ANDHRA PRADESH,ULAVAPADU,1
ANDHRA PRADESH,UNDI,2
ANDHRA PRADESH,UNDRAJAVARAM,3
ANDHRA PRADESH,UNGUTURU,4
ANDHRA PRADESH,UPPALAGUPTAM,5
ANDHRA PRADESH,URAVAKONDA,6
ANDHRA PRADESH,UYYALAWADA,7
ANDHRA PRADESH,VADAMALAPETA,8
ANDHRA PRADESH,VAJRAKARUR,9
ANDHRA PRADESH,VAJRAPUKOTTURU,10
ANDHRA PRADESH,VAKADU,11
ANDHRA PRADESH,VALLUR,12
ANDHRA PRADESH,VALMIKIPURAM,13
ANDHRA PRADESH,VANGARA,14
ANDHRA PRADESH,VARADAIAHPALEM,15
ANDHRA PRADESH,VARARAMACHANDRAPURAM,16
ANDHRA PRADESH,VARIKUNTAPADU,17
ANDHRA PRADESH,VATSAVAI,18
ANDHRA PRADESH,VATTICHERUKURU,19
ANDHRA PRADESH,VEDURUKUPPAM,20
ANDHRA PRADESH,VEERABALLI,21
ANDHRA PRADESH,VEERAGHATTAM,22
ANDHRA PRADESH,VEERAPANAYANI PALLE,23
ANDHRA PRADESH,VEERAVASARAM,24
ANDHRA PRADESH,VEERULLAPADU,25
ANDHRA PRADESH,VELAIRPAD,26
ANDHRA PRADESH,VELDURTHI,27
ANDHRA PRADESH,VELDURTHY,28
ANDHRA PRADESH,VELIGANDLA,29
ANDHRA PRADESH,VELUGODU,30
ANDHRA PRADESH,VEMPALLE,31
ANDHRA PRADESH,VEMULA,32
ANDHRA PRADESH,VEMURU,33
ANDHRA PRADESH,VENKATACHALAM,34
ANDHRA PRADESH,VENKATAGIRI,35
ANDHRA PRADESH,VENKATAGIRIKOTA,36
ANDHRA PRADESH,VEPADA,37
ANDHRA PRADESH,VETAPALEM,38
ANDHRA PRADESH,VIDAPANAKAL,39
ANDHRA PRADESH,VIDAVALUR,40
ANDHRA PRADESH,VIJAYAPURAM,41
ANDHRA PRADESH,VIJAYAWADA RURAL,42
ANDHRA PRADESH,VIJAYAWADA URBAN,43
ANDHRA PRADESH,VINJAMUR,44
ANDHRA PRADESH,VINUKONDA,45
ANDHRA PRADESH,Visakhapatnam (urban),46
ANDHRA PRADESH,VISAKHAPATNAM(RURAL),47
ANDHRA PRADESH,VISSANNAPET,48
ANDHRA PRADESH,VIZIANAGARAM,49
ANDHRA PRADESH,VOLETIVARI PALEM,50
ANDHRA PRADESH,VONTIMITTA,51
ANDHRA PRADESH,VUYYURU,52
ANDHRA PRADESH,Y. RAMAVARAM,53
ANDHRA PRADESH,YADAMARI,54
ANDHRA PRADESH,YADIKI,55
ANDHRA PRADESH,YDDANA PUDI,56
ANDHRA PRADESH,YELAMANCHILI,57
ANDHRA PRADESH,YELESWARAM,58
ANDHRA PRADESH,YELLANUR,59
ANDHRA PRADESH,YEMMIGANUR,60
ANDHRA PRADESH,YERPEDU,61
ANDHRA PRADESH,YERRAGONDAPALEM,62
ANDHRA PRADESH,YERRAGUNTLA,63
ANDHRA PRADESH,YERRAVARIPALEM,64
ANDHRA PRADESH,ZARUGUMILLI,65
ARUNACHAL PRADESH,Along East,66
ARUNACHAL PRADESH,ALONG WEST,67
ARUNACHAL PRADESH,Anelih Arzu,68
ARUNACHAL PRADESH,ANINI-MEPI,69
ARUNACHAL PRADESH,BAMENG,70
ARUNACHAL PRADESH,Bana,71
ARUNACHAL PRADESH,BARIRIJO,72
ARUNACHAL PRADESH,BASAR,73
ARUNACHAL PRADESH,Bilat,74
ARUNACHAL PRADESH,Bogong,75
ARUNACHAL PRADESH,Boleng,76
ARUNACHAL PRADESH,BORDUMSA,77
ARUNACHAL PRADESH,BORUM,78
ARUNACHAL PRADESH,Bosing,79
ARUNACHAL PRADESH,CHAGLAGAM,80
ARUNACHAL PRADESH,CHAMBANG,81
ARUNACHAL PRADESH,CHANGLANG,82
ARUNACHAL PRADESH,CHAYANGTAJO,83
ARUNACHAL PRADESH,CHOWKHAM,84
ARUNACHAL PRADESH,DADAM,85
ARUNACHAL PRADESH,DAMBUK,86
ARUNACHAL PRADESH,DAMIN,87
ARUNACHAL PRADESH,DAPORIJO,88
ARUNACHAL PRADESH,Darak,89
ARUNACHAL PRADESH,Daring,90
ARUNACHAL PRADESH,DIRANG,91
ARUNACHAL PRADESH,Diyum,92
ARUNACHAL PRADESH,DOIMUKH,93
ARUNACHAL PRADESH,Dollumukh Taming,94
ARUNACHAL PRADESH,DUMPORIJO,95
ARUNACHAL PRADESH,ETALIN MALINYE,96
ARUNACHAL PRADESH,GEKU,97
ARUNACHAL PRADESH,GENSI,98
ARUNACHAL PRADESH,GIBA,99
ARUNACHAL PRADESH,HAWAI-WALONG,100
ARUNACHAL PRADESH,HAYULIANG,1
ARUNACHAL PRADESH,HONG-HARI,2
ARUNACHAL PRADESH,HUNLI-KRONLI,3
ARUNACHAL PRADESH,JANG-THINGBU,4
ARUNACHAL PRADESH,Jomlo Mobuk,5
ARUNACHAL PRADESH,KALAKTANG,6
ARUNACHAL PRADESH,Kamporijo - I,7
ARUNACHAL PRADESH,KANUBARI,8
ARUNACHAL PRADESH,KAYING PAYUM,9
ARUNACHAL PRADESH,Khagam-Miao,10
ARUNACHAL PRADESH,Khenewa,11
ARUNACHAL PRADESH,Khimiyang,12
ARUNACHAL PRADESH,Khonsa,13
ARUNACHAL PRADESH,KIMIN,14
ARUNACHAL PRADESH,KITPI,15
ARUNACHAL PRADESH,KOLORIANG,16
ARUNACHAL PRADESH,Koronu,17
ARUNACHAL PRADESH,Koyu,18
ARUNACHAL PRADESH,Launu,19
ARUNACHAL PRADESH,Lazu,20
ARUNACHAL PRADESH,LEKANG,21
ARUNACHAL PRADESH,Leporiang,22
ARUNACHAL PRADESH,Likabali,23
ARUNACHAL PRADESH,LIMEKING,24
ARUNACHAL PRADESH,LIROMOBA-YOMCHA,25
ARUNACHAL PRADESH,Longding,26
ARUNACHAL PRADESH,Lower Balijan,27
ARUNACHAL PRADESH,LUMLA,28
ARUNACHAL PRADESH,MANCHAL,29
ARUNACHAL PRADESH,Manmao,30
ARUNACHAL PRADESH,MARIYANG,31
ARUNACHAL PRADESH,MEBO,32
ARUNACHAL PRADESH,MECHUKA-TATO,33
ARUNACHAL PRADESH,MENGIO,34
ARUNACHAL PRADESH,Monigong-Pidi,35
ARUNACHAL PRADESH,MUKTO BONGKHAR,36
ARUNACHAL PRADESH,NACHO,37
ARUNACHAL PRADESH,Nafra,38
ARUNACHAL PRADESH,NAMPONG,39
ARUNACHAL PRADESH,NAMSAI,40
ARUNACHAL PRADESH,Namsang,41
ARUNACHAL PRADESH,Nari-seren,42
ARUNACHAL PRADESH,Ningroo,43
ARUNACHAL PRADESH,NYAPIN,44
ARUNACHAL PRADESH,PAKKEKESSANG,45
ARUNACHAL PRADESH,PALIN,46
ARUNACHAL PRADESH,PANGIN,47
ARUNACHAL PRADESH,PARSIPARLO,48
ARUNACHAL PRADESH,Pasighat,49
ARUNACHAL PRADESH,Payum,50
ARUNACHAL PRADESH,PIPSORANG,51
ARUNACHAL PRADESH,Pipu,52
ARUNACHAL PRADESH,PISTANA,53
ARUNACHAL PRADESH,PONGCHAU,54
ARUNACHAL PRADESH,PUCHI GEKO,55
ARUNACHAL PRADESH,Pumao,56
ARUNACHAL PRADESH,Rebo Parging,57
ARUNACHAL PRADESH,Riga,58
ARUNACHAL PRADESH,ROING,59
ARUNACHAL PRADESH,Ruksin,60
ARUNACHAL PRADESH,RUMGONG,61
ARUNACHAL PRADESH,SAGALEE,62
ARUNACHAL PRADESH,SANGRAM,63
ARUNACHAL PRADESH,SARLI,64
ARUNACHAL PRADESH,Seijosa,65
ARUNACHAL PRADESH,SEPPA,66
ARUNACHAL PRADESH,Sille - Oyan,67
ARUNACHAL PRADESH,Singchung,68
ARUNACHAL PRADESH,Siyum,69
ARUNACHAL PRADESH,Soha,70
ARUNACHAL PRADESH,Sunpura,71
ARUNACHAL PRADESH,TALI,72
ARUNACHAL PRADESH,TALIHA,73
ARUNACHAL PRADESH,TAMEN-RAGA,74
ARUNACHAL PRADESH,Tarasso,75
ARUNACHAL PRADESH,TAWANG,76
ARUNACHAL PRADESH,TEZU,77
ARUNACHAL PRADESH,THRIZINO,78
ARUNACHAL PRADESH,TIRBIN,79
ARUNACHAL PRADESH,Toru,80
ARUNACHAL PRADESH,TUTING,81
ARUNACHAL PRADESH,Upper Balijan,82
ARUNACHAL PRADESH,WAKKA,83
ARUNACHAL PRADESH,WAKRO,84
ARUNACHAL PRADESH,Yachuli,85
ARUNACHAL PRADESH,YANGTE,86
ARUNACHAL PRADESH,YINGKIONG,87
ARUNACHAL PRADESH,ZEMITHANG DUDUNGHAR,88
ARUNACHAL PRADESH,ZIRO-I,89
ARUNACHAL PRADESH,ZIRO-II,90
ASSAM,AGOMANI,91
ASSAM,ALGAPUR,92
ASSAM,AMGURI,93
ASSAM,AMRI,94
ASSAM,BADARPUR,95
ASSAM,BAGHMARA,96
ASSAM,BAJALI,97
ASSAM,BAJIAGAON,98
ASSAM,BALIJANA,99
ASSAM,BALIPARA,100
ASSAM,BANSKANDI,1
ASSAM,BARAMA,2
ASSAM,BARBARUAH,3
ASSAM,BARHAMPUR,4
ASSAM,BARIGOG BANBHAG,5
ASSAM,BARJALENGA,6
ASSAM,BARKHETRI,7
ASSAM,BARPETA,8
ASSAM,BASKA,9
ASSAM,BATADRAVA,10
ASSAM,BECHIMARI,11
ASSAM,BEHALI,12
ASSAM,BEZERA,13
ASSAM,BEZERA (PT),14
ASSAM,BHABANIPUR,15
ASSAM,BHERGAON,16
ASSAM,BHURBANDHA,17
ASSAM,BIHAGURI,18
ASSAM,BIHDIA -JAJIKONA,19
ASSAM,BIHPURIA,20
ASSAM,BILASIPARA,21
ASSAM,BINAKANDI,22
ASSAM,BINNAKANDI,23
ASSAM,BIRSHING-JARUA,24
ASSAM,BISWANATH,25
ASSAM,BOGINADI,26
ASSAM,BOITAMARI,27
ASSAM,BOKAJAN,28
ASSAM,BOKO,29
ASSAM,BONGAON,30
ASSAM,BORBHAG,31
ASSAM,BORCHALA,32
ASSAM,BORDOLONI,33
ASSAM,BORKHOLA,34
ASSAM,BOROBAZAR,35
ASSAM,BORSOLA,36
ASSAM,CHAIDUAR,37
ASSAM,CHAKCHAKA,38
ASSAM,CHAMARIA,39
ASSAM,CHANDRAPUR,40
ASSAM,CHAPAR SALKOCHA,41
ASSAM,Chapor-Salkocha-BTC,42
ASSAM,CHAYANI,43
ASSAM,CHAYGAON,44
ASSAM,CHENGA,45
ASSAM,CHINTHONG,46
ASSAM,DALGAON-SIALMARI,47
ASSAM,DANGTOL,48
ASSAM,DEBITOLA,49
ASSAM,DEMOW,50
ASSAM,DHAKUAKHANA,51
ASSAM,DHALPUKHURI,52
ASSAM,DHAMDHAMA,53
ASSAM,DHEKIAJULI,54
ASSAM,DHEMAJI,55
ASSAM,DIMORIA,56
ASSAM,DIYANG VALLEY,57
ASSAM,DIYUNGBRA,58
ASSAM,DOLONGGHAT,59
ASSAM,DOLONGGHAT (PART),60
ASSAM,Dotma,61
ASSAM,DULLAVCHERRA,62
ASSAM,FEKAMARI,63
ASSAM,GABHORU,64
ASSAM,GAURIPUR,65
ASSAM,GAURISAGAR,66
ASSAM,GHILAMARA,67
ASSAM,GOBARDHANA,68
ASSAM,GOLAGHAT CENTRAL,69
ASSAM,GOLAGHAT EAST,70
ASSAM,GOLAGHAT NORTH,71
ASSAM,GOLAGHAT SOUTH,72
ASSAM,GOLAGHAT WEST,73
ASSAM,GOLAKGANJ,74
ASSAM,GOMAPHULBARI,75
ASSAM,GOMARIGURI,76
ASSAM,GORESWAR,77
ASSAM,GOROIMARI,78
ASSAM,Gossaigaon,79
ASSAM,GUIJAN,80
ASSAM,HAILAKANDI,81
ASSAM,HAJO,82
ASSAM,HAPJAN,83
ASSAM,HARANGAJAO,84
ASSAM,HATIDHURA,85
ASSAM,HOWRAGHAT,86
ASSAM,ITAKHULI,87
ASSAM,JALAH,88
ASSAM,JALESWAR,89
ASSAM,JAMADARHAT,90
ASSAM,JATINGA VALLEY,91
ASSAM,JORHAT,92
ASSAM,JORHAT CENTRAL,93
ASSAM,JORHAT EAST,94
ASSAM,JOYPUR,95
ASSAM,JUGIJAN,96
ASSAM,JURIA,97
ASSAM,Kachugaon,98
ASSAM,KAKODONGA,99
ASSAM,KAKOPATHAR,100
ASSAM,KALAIGAON,1
ASSAM,KALAIN,2
ASSAM,KALIABOR,3
ASSAM,KALIAPANI,4
ASSAM,KAMALPUR,5
ASSAM,KAPILI,6
ASSAM,KAPILI PT.I,7
ASSAM,KARUNABARI,8
ASSAM,KATHIATOLI,9
ASSAM,KATIGORAH,10
ASSAM,KATLICHERRA,11
ASSAM,KHAGARIJAN,12
ASSAM,KHARMUZA,13
ASSAM,KHOIRABARI,14
ASSAM,KHOWANG,15
ASSAM,Kokrajhar,16
ASSAM,KRISHNAI,17
ASSAM,KUCHDHOWA,18
ASSAM,LAHARIGHAT,19
ASSAM,LAHOAL,20
ASSAM,LAKHIMPUR,21
ASSAM,LAKHIPUR,22
ASSAM,LAKUWA,23
ASSAM,LALA,24
ASSAM,LANGSOMEPI,25
ASSAM,LAOKHOWA,26
ASSAM,LOWAIRPOA,27
ASSAM,LUMBAJONG,28
ASSAM,LUMDING,29
ASSAM,MACHKHOWA,30
ASSAM,MADHUPUR,31
ASSAM,MAHAMAYA,32
ASSAM,MAJULI,33
ASSAM,MANDIA,34
ASSAM,MANIKPUR,35
ASSAM,MANIKPUR PART,36
ASSAM,MANKACHAR,37
ASSAM,MARGHERITA,38
ASSAM,MATIA,39
ASSAM,MAYANG,40
ASSAM,MAZBAT,41
ASSAM,MOIRABARI,42
ASSAM,MOIRABARI PART,43
ASSAM,MORONGI,44
ASSAM,MURKONGSELEK,45
ASSAM,NADUAR,46
ASSAM,NAGRIJULI,47
ASSAM,NARAYANPUR,48
ASSAM,NARSINGPUR,49
ASSAM,NAYERALGA,50
ASSAM,NAZIRA,51
ASSAM,NEW SANGBAR,52
ASSAM,NILIP,53
ASSAM,NORTH KARIMGANJ,54
ASSAM,NORTH WEST JORHAT,55
ASSAM,NOWBOICHA,56
ASSAM,ODALGURI,57
ASSAM,PACHIM KALIABOR,58
ASSAM,PACHIM-MANGALDAI,59
ASSAM,PAKABETBARI,60
ASSAM,PAKHIMORIA,61
ASSAM,PALONGHAT,62
ASSAM,PANITOLA,63
ASSAM,PASCHIM NALBARI,64
ASSAM,PASCHIM-MANGALDAI,65
ASSAM,PATHARKANDI,66
ASSAM,PUB CHAIDUAR,67
ASSAM,PUB NALBARI,68
ASSAM,PUB-MANGALDAI,69
ASSAM,RAHA,70
ASSAM,RAJABAZAR,71
ASSAM,RAMKRISHNA NAGAR,72
ASSAM,RAMPUR,73
ASSAM,RANGAPARA,74
ASSAM,RANGIA,75
ASSAM,RANI,76
ASSAM,RANI (PT),77
ASSAM,RONGJULI,78
ASSAM,RONGKHANG,79
ASSAM,RONGMONGWE,80
ASSAM,ROWTA,81
ASSAM,RUPAHI,82
ASSAM,RUPOSHI,83
ASSAM,RUPSHI,84
ASSAM,SADIYA,85
ASSAM,SAIKHOWA,86
ASSAM,SAKOMATHA,87
ASSAM,SALCHAPRA,88
ASSAM,SAMELANGSO,89
ASSAM,SAPEKHATI,90
ASSAM,SARUKHETRI,91
ASSAM,SIDLI-CHIRANG,92
ASSAM,SILCHAR,93
ASSAM,SIPAJHAR,94
ASSAM,SISSIBORGAON,95
ASSAM,SIVASAGAR,96
ASSAM,SOCHENG,97
ASSAM,SONAI,98
ASSAM,SONARI,99
ASSAM,SOOTEA,100
ASSAM,SOUTH HAILAKANDI,1
ASSAM,SOUTH KARIMGANJ,2
ASSAM,SOUTH SALMARA,3
ASSAM,SRIJANGRAM,4
ASSAM,SUALKUCHI,5
ASSAM,TAMULPUR,6
ASSAM,TAPANG,7
ASSAM,TAPATTARY,8
ASSAM,TELAHI,9
ASSAM,TENGAKHAT,10
ASSAM,TIHU,11
ASSAM,TINGKHONG,12
ASSAM,TITABOR,13
ASSAM,UDALI,14
ASSAM,UDHARBOND,15
ASSAM,UJANI MAJULI,16
ASSAM,WEST ABHAIPUR,17
BIHAR,ADAPUR,18
BIHAR,ADHAURA,19
BIHAR,AGIAON,20
BIHAR,AKBARPUR,21
BIHAR,AKORHIGOLA,22
BIHAR,ALAMNAGAR,23
BIHAR,ALAULI,24
BIHAR,ALINAGAR,25
BIHAR,AMARPUR,26
BIHAR,AMAS,27
BIHAR,AMDABAD,28
BIHAR,AMNOUR,29
BIHAR,AMOUR,30
BIHAR,ANDAR,31
BIHAR,ANDHRATHARHI,32
BIHAR,ARA,33
BIHAR,ARARIA,34
BIHAR,ARERAJ,35
BIHAR,ARIARI,36
BIHAR,ARWAL,37
BIHAR,ASARGANJ,38
BIHAR,ASTHAWAN,39
BIHAR,ATHAMALGOLA,40
BIHAR,ATRI,41
BIHAR,AURAI,42
BIHAR,AURANGABAD,43
BIHAR,AZAMNAGAR,44
BIHAR,BABU BARHI,45
BIHAR,BACHHWARA,46
BIHAR,BAGAHA-I,47
BIHAR,BAGAHA-II,48
BIHAR,BAHADURGANJ,49
BIHAR,BAHADURPUR,50
BIHAR,BAHERI,51
BIHAR,BAIKUNTHPUR,52
BIHAR,BAIRGANIA,53
BIHAR,BAIRIA,54
BIHAR,BAISA,55
BIHAR,BAISI,56
BIHAR,BAJPATTI,57
BIHAR,BAKHRI,58
BIHAR,BAKHTIARPUR,59
BIHAR,BALLIA,60
BIHAR,BALRAMPUR,61
BIHAR,BANDRA,62
BIHAR,BANIAPUR,63
BIHAR,BANJARIYA,64
BIHAR,BANKA,65
BIHAR,BANKATWA,66
BIHAR,BANKEY BAZAR,67
BIHAR,BANMA ITAHARI,68
BIHAR,BANMANKHI,69
BIHAR,BARACHATTI,70
BIHAR,BARAHAT,71
BIHAR,BARAHIYA,72
BIHAR,BARARI,73
BIHAR,BARAULI,74
BIHAR,BARAUNI,75
BIHAR,BARBIGHA,76
BIHAR,BARH,77
BIHAR,BARHARA,78
BIHAR,BARHARIA,79
BIHAR,BARHAT,80
BIHAR,BARIYARPUR,81
BIHAR,BARSOI,82
BIHAR,BARUN,83
BIHAR,BASANTPUR,84
BIHAR,BASOPATTI,85
BIHAR,BATHANAHA,86
BIHAR,BAUSI,87
BIHAR,BEGUSARAI,88
BIHAR,BEHEA,89
BIHAR,BELAGANJ,90
BIHAR,BELCHCHI,91
BIHAR,BELDAUR,92
BIHAR,BELHAR,93
BIHAR,BELSAND,94
BIHAR,BEN,95
BIHAR,BENIPATTI,96
BIHAR,BENIPUR,97
BIHAR,BETTIAH,98
BIHAR,BHABUA,99
BIHAR,BHAGWANPUR,100
BIHAR,BHAGWANPUR HAT,1
BIHAR,BHARGAMA,2
BIHAR,BHAWANIPUR,3
BIHAR,BHITAHA,4
BIHAR,BHOREY,5
BIHAR,BIBHUTPUR,6
BIHAR,BIDUPUR,7
BIHAR,BIHARIGANJ,8
BIHAR,BIHARSHARIF,9
BIHAR,BIHPUR,10
BIHAR,BIHTA,11
BIHAR,BIJAIPUR,12
BIHAR,BIKRAM,13
BIHAR,BIKRAMGANJ,14
BIHAR,BIND,15
BIHAR,BIRAUL,16
BIHAR,BIRPUR,17
BIHAR,BISFI,18
BIHAR,BITHAN,19
BIHAR,BOCHAHAN,20
BIHAR,BODHGAYA,21
BIHAR,BOKHRA,22
BIHAR,BRAHMPUR,23
BIHAR,BUXAR,24
BIHAR,CHAINPUR,25
BIHAR,CHAKAI,26
BIHAR,CHAKIA (PIPRA),27
BIHAR,CHAKKI,28
BIHAR,CHAND,29
BIHAR,CHANDAN,30
BIHAR,CHANDI,31
BIHAR,CHANNAN,32
BIHAR,CHANPATIA,33
BIHAR,CHARPOKHARI,34
BIHAR,CHAUSA,35
BIHAR,CHAUTHAM,36
BIHAR,CHAWRADANO,37
BIHAR,CHEHRAKALA,38
BIHAR,CHENARI,39
BIHAR,CHERIA BARIARPUR,40
BIHAR,CHEWARA,41
BIHAR,CHHAPRA,42
BIHAR,CHHATAPUR,43
BIHAR,CHHAURAHI,44
BIHAR,CHIRAIYA,45
BIHAR,CHORAUT,46
BIHAR,CHOUGAIN,47
BIHAR,DAGRAUA,48
BIHAR,DALSINGHSARAI,49
BIHAR,DANDARI,50
BIHAR,DANDKHORA,51
BIHAR,DANIYAWAN,52
BIHAR,DARAULI,53
BIHAR,DARAUNDHA,54
BIHAR,DARBHANGA,55
BIHAR,DARIAPUR,56
BIHAR,DAUDNAGAR,57
BIHAR,DAWATH,58
BIHAR,DEHRI,59
BIHAR,DEO,60
BIHAR,DESRI,61
BIHAR,DHAKA,62
BIHAR,DHAMDAHA,63
BIHAR,DHANARUA,64
BIHAR,DHARHARA,65
BIHAR,DHURAIYA,66
BIHAR,DIGHALBANK,67
BIHAR,DIGHWARA,68
BIHAR,DINAPUR,69
BIHAR,DINARA,70
BIHAR,DOBHI,71
BIHAR,DULHIN BAZAR,72
BIHAR,DUMARI KATSARI,73
BIHAR,DUMARIA,74
BIHAR,DUMRA,75
BIHAR,DUMRAON,76
BIHAR,DURGAWATI,77
BIHAR,EKANGARSARAI,78
BIHAR,EKMA,79
BIHAR,FALKA,80
BIHAR,FATEHPUR,81
BIHAR,FATUHA,82
BIHAR,FORBESGANJ,83
BIHAR,FULLIDUMAR,84
BIHAR,GADHPURA,85
BIHAR,GAIGHAT,86
BIHAR,GAMHARIYA,87
BIHAR,GARAUL,88
BIHAR,GARHANI,89
BIHAR,GARKHA,90
BIHAR,GAUNAHA,91
BIHAR,GAURABAURAM,92
BIHAR,GAYA TOWN,93
BIHAR,GHANSHYAMPUR,94
BIHAR,GHATKUSUMBHA,95
BIHAR,GHELARH,96
BIHAR,GHOGHARDIHA,97
BIHAR,GHORASAHAN,98
BIHAR,GHOSHI,99
BIHAR,GHOSWARI,100
BIHAR,GIDHOR,1
BIHAR,GIRIAK,2
BIHAR,GOBINDPUR,3
BIHAR,GOGRI,4
BIHAR,GOH,5
BIHAR,GOPALGANJ,6
BIHAR,GOPALPUR,7
BIHAR,GORADIH,8
BIHAR,GORIAKOTHI,9
BIHAR,GURARU,10
BIHAR,GURUA,11
BIHAR,GUTHANI,12
BIHAR,GWALPARA,13
BIHAR,HAJIPUR,14
BIHAR,HALSI,15
BIHAR,HANUMAN NAGAR,16
BIHAR,HARLAKHI,17
BIHAR,HARNAUT,18
BIHAR,HARSIDHI,19
BIHAR,HASAN PURA,20
BIHAR,HASANGANJ,21
BIHAR,HASANPUR,22
BIHAR,HASPURA,23
BIHAR,HATHUA,24
BIHAR,HAYAGHAT,25
BIHAR,HILSA,26
BIHAR,HISUA,27
BIHAR,HULASGANJ,28
BIHAR,HUSSAINGANJ,29
BIHAR,IMAMGANJ,30
BIHAR,ISLAMNAGAR ALIGANJ,31
BIHAR,ISLAMPUR,32
BIHAR,ISMAILPUR,33
BIHAR,ISUAPUR,34
BIHAR,ITARHI,35
BIHAR,JAGDISHPUR,36
BIHAR,JAINAGAR,37
BIHAR,JALALGARH,38
BIHAR,JALALPUR,39
BIHAR,JALE,40
BIHAR,JAMALPUR,41
BIHAR,JAMUI,42
BIHAR,JANDAHA,43
BIHAR,JEHANABAD,44
BIHAR,JHAJHA,45
BIHAR,JHANJHARPUR,46
BIHAR,JOGAPATTI,47
BIHAR,JOKIHAT,48
BIHAR,KADWA,49
BIHAR,Kahalgaon,50
BIHAR,KAHARA,51
BIHAR,KAKO,52
BIHAR,KALER,53
BIHAR,KALUAHI,54
BIHAR,KALYANPUR,55
BIHAR,KANTI,56
BIHAR,KAPRI,57
BIHAR,KARAI PARSURAI,58
BIHAR,KARAKAT,59
BIHAR,KARGAHAR,60
BIHAR,KASBA,61
BIHAR,KASHICHAK,62
BIHAR,KATAIYA,63
BIHAR,KATIHAR,64
BIHAR,KATORIA,65
BIHAR,KATRA,66
BIHAR,KATRISARAI,67
BIHAR,KAWAKOLE,68
BIHAR,KEOTIRUNWAY,69
BIHAR,KESARIA,70
BIHAR,KESATH,71
BIHAR,KHAGARIA,72
BIHAR,KHAIRA,73
BIHAR,KHAJAULI,74
BIHAR,KHANPUR,75
BIHAR,KHARAGPUR,76
BIHAR,KHARIK,77
BIHAR,KHIZARSARAI,78
BIHAR,KHODAWANDPUR,79
BIHAR,KHUSRUPUR,80
BIHAR,KIRATPUR,81
BIHAR,KISHANGANJ,82
BIHAR,KISHANPUR,83
BIHAR,KOCHADHAMAN,84
BIHAR,KOCHAS,85
BIHAR,KOILWAR,86
BIHAR,KONCH,87
BIHAR,KORHA,88
BIHAR,KOTWA,89
BIHAR,KRITYANAND NAGAR,90
BIHAR,KUCHAIKOTE,91
BIHAR,KUDRA,92
BIHAR,KUMARKHAND,93
BIHAR,KURHANI,94
BIHAR,KURSAKANTA,95
BIHAR,KURSELA,96
BIHAR,KURTHA,97
BIHAR,KUSHESHWAR ASTHAN,98
BIHAR,KUSHESWAR ASTHAN EAST,99
BIHAR,KUTUMBA,100
BIHAR,LADANIA,1
BIHAR,LAHLADPUR,2
BIHAR,LAKHISARAI,3
BIHAR,LAKHNAUR,4
BIHAR,LAKRI NABIGANJ,5
BIHAR,LALGANJ,6
BIHAR,LAUKAHA (KHUTAUNA),7
BIHAR,LAUKAHI,8
BIHAR,LAURIYA,9
BIHAR,LAXMIPUR,10
BIHAR,MADANPUR,11
BIHAR,MADHEPUR,12
BIHAR,MADHEPURA,13
BIHAR,MADHUBAN,14
BIHAR,MADHUBANI,15
BIHAR,MADHWAPUR,16
BIHAR,MAHARAJGANJ,17
BIHAR,MAHISHI,18
BIHAR,MAHNAR,19
BIHAR,MAHUA,20
BIHAR,MAINATAND,21
BIHAR,MAIRWA,22
BIHAR,MAJHAULIA,23
BIHAR,MAJORGANJ,24
BIHAR,MAKER,25
BIHAR,MAKHDUMPUR,26
BIHAR,MANER,27
BIHAR,MANIGACHHI,28
BIHAR,MANIHARI,29
BIHAR,MANJHA,30
BIHAR,MANJHI,31
BIHAR,MANPUR,32
BIHAR,MANSAHI,33
BIHAR,MANSI,34
BIHAR,MANSURCHAK,35
BIHAR,MARAUNA,36
BIHAR,MARHAURAH,37
BIHAR,MARWAN,38
BIHAR,MASAURHI,39
BIHAR,MASHRAKH,40
BIHAR,MATIHANI,41
BIHAR,MEHSI,42
BIHAR,MESCAUR,43
BIHAR,MINAPUR,44
BIHAR,MODANGANJ,45
BIHAR,MOHANIA,46
BIHAR,MOHANPUR,47
BIHAR,MOHIUDDINAGAR,48
BIHAR,MOHRA,49
BIHAR,MOKAMA,50
BIHAR,MORWA,51
BIHAR,MOTIHARI,52
BIHAR,MOTIPUR,53
BIHAR,MUNGER SADAR,54
BIHAR,MURAUL,55
BIHAR,MURLIGANJ,56
BIHAR,MUSHAHARI,57
BIHAR,NABINAGAR,58
BIHAR,NAGAR NAUSA,59
BIHAR,NAGRA,60
BIHAR,NANPUR,61
BIHAR,NARAYANPUR,62
BIHAR,NARDIGANJ,63
BIHAR,NARHAT,64
BIHAR,NARKATIAGANJ,65
BIHAR,NARPATGANJ,66
BIHAR,NASRIGANJ,67
BIHAR,NATHNAGAR,68
BIHAR,NAUBATPUR,69
BIHAR,NAUGACHHIA,70
BIHAR,NAUHATTA,71
BIHAR,NAUTAN,72
BIHAR,NAWADA,73
BIHAR,NAWANAGAR,74
BIHAR,NAWHATTA,75
BIHAR,NAWKOTHI,76
BIHAR,NEEMCHAK BATHANI,77
BIHAR,NIRMALI,78
BIHAR,NOKHA,79
BIHAR,NOORSARAI,80
BIHAR,NUAON,81
BIHAR,OBRA,82
BIHAR,PACHRUKHI,83
BIHAR,PAHARPUR,84
BIHAR,PAKRI BARAWAN,85
BIHAR,PAKRIDAYAL,86
BIHAR,PALASI,87
BIHAR,PALIGANJ,88
BIHAR,PANAPUR,89
BIHAR,PANCHDEORI,90
BIHAR,PANDARAK,91
BIHAR,PANDAUL,92
BIHAR,PARAIYA,93
BIHAR,PARBALPUR,94
BIHAR,PARBATTA,95
BIHAR,PARIHAR,96
BIHAR,PAROO,97
BIHAR,PARSA,98
BIHAR,PARSAUNI,99
BIHAR,PATAHI,100
BIHAR,PATARGHAT,1
BIHAR,PATEDHI BELSAR,2
BIHAR,PATEPUR,3
BIHAR,PATNA SADAR,4
BIHAR,PATORI,5
BIHAR,PHENHARA,6
BIHAR,PHULPARAS,7
BIHAR,PHULWARI,8
BIHAR,PHULWARIYA,9
BIHAR,PIPARIYA,10
BIHAR,PIPRA,11
BIHAR,PIPRA KOTHI,12
BIHAR,PIPRAHI,13
BIHAR,PIPRASI,14
BIHAR,PIRO,15
BIHAR,PIRPAINTI,16
BIHAR,POTHIA,17
BIHAR,PRANPUR,18
BIHAR,PRATAPGANJ,19
BIHAR,PUNPUN,20
BIHAR,PUPRI,21
BIHAR,PURANI,22
BIHAR,PURNAHIYA,23
BIHAR,PURNIA EAST,24
BIHAR,PUSA,25
BIHAR,RAFIGANJ,26
BIHAR,RAGHOPUR,27
BIHAR,RAGHUNATHPUR,28
BIHAR,RAHIKA,29
BIHAR,RAHUI,30
BIHAR,RAJAPAKAR,31
BIHAR,RAJAULI,32
BIHAR,RAJAUN,33
BIHAR,RAJGIR,34
BIHAR,RAJNAGAR,35
BIHAR,RAJPUR,36
BIHAR,RAMGARH,37
BIHAR,RAMGARH CHOWK,38
BIHAR,RAMGARHWA,39
BIHAR,RAMNAGAR,40
BIHAR,RAMPUR,41
BIHAR,RANGRACHOWK,42
BIHAR,RANIGANJ,43
BIHAR,RATNI FARIDPUR,44
BIHAR,RAXAUL,45
BIHAR,REVELGANJ,46
BIHAR,RIGA,47
BIHAR,ROH,48
BIHAR,ROHTAS,49
BIHAR,ROSERA,50
BIHAR,RUNNISAIDPUR,51
BIHAR,RUPOULI,52
BIHAR,SABOUR,53
BIHAR,SAHAR,54
BIHAR,SAHDEI BUZURG,55
BIHAR,SAHEBGANJ,56
BIHAR,SAHEBPUR KAMAL,57
BIHAR,SAKRA,58
BIHAR,SALKHUA,59
BIHAR,SAMASTIPUR,60
BIHAR,SAMELI,61
BIHAR,SAMHO AKHA KURHA,62
BIHAR,SAMPATCHAK,63
BIHAR,SANDESH,64
BIHAR,SANGRAMPUR,65
BIHAR,SANJHOULI,66
BIHAR,SARAIGARH BHAPTIYAHI,67
BIHAR,SARAIRANJAN,68
BIHAR,SARAIYA,69
BIHAR,SARMERA,70
BIHAR,SASARAM,71
BIHAR,SATTAR KATTAIYA,72
BIHAR,SHAHKUND,73
BIHAR,SHAHPUR,74
BIHAR,SHAMBHUGANJ,75
BIHAR,SHANKARPUR,76
BIHAR,SHEIKHPURA,77
BIHAR,SHEKHOPUR SARAI,78
BIHAR,SHEOHAR,79
BIHAR,SHEOSAGAR,80
BIHAR,SHERGHATTY,81
BIHAR,SHIVAJI NAGAR,82
BIHAR,SIDHWALIYA,83
BIHAR,SIKANDRA,84
BIHAR,SIKTA,85
BIHAR,SIKTY,86
BIHAR,SILAO,87
BIHAR,SIMRI,88
BIHAR,SIMRI BAKHTIARPUR,89
BIHAR,SINGHESHWAR,90
BIHAR,SINGHIA,91
BIHAR,SINGHWARA,92
BIHAR,SIRDALA,93
BIHAR,SISWAN,94
BIHAR,SIWAN,95
BIHAR,SONBARSA,96
BIHAR,SONBHADRA-BANSI-SURAJPUR,97
BIHAR,SONEPUR,98
BIHAR,SONHAULA,99
BIHAR,SONO,100
BIHAR,SOUR BAZAR,1
BIHAR,SRINAGAR,2
BIHAR,SUGAULI,3
BIHAR,SULTANGANJ,4
BIHAR,SUPAUL,5
BIHAR,SUPPI,6
BIHAR,SURAJGARHA,7
BIHAR,SURAJPURA,8
BIHAR,SURSAND,9
BIHAR,TAJPUR,10
BIHAR,TANKUPPA,11
BIHAR,TARAIYA,12
BIHAR,TARAPUR,13
BIHAR,TARARI,14
BIHAR,TARDIH,15
BIHAR,TARIYANI,16
BIHAR,TEGHRA,17
BIHAR,TEKARI,18
BIHAR,TERHAGACHH,19
BIHAR,TETARIYA,20
BIHAR,TETIABAMBAR,21
BIHAR,THAKRAHAN,22
BIHAR,THAKURGANJ,23
BIHAR,THARTHARI,24
BIHAR,THAWE,25
BIHAR,TILOUTHU,26
BIHAR,TRIBENIGANJ,27
BIHAR,TURKAULIA,28
BIHAR,UCHKAGAON,29
BIHAR,UDAKISHUNGANJ,30
BIHAR,UDWANTNAGAR,31
BIHAR,UJIARPUR,32
BIHAR,VAISHALI,33
BIHAR,VIDYAPATI NAGAR,34
BIHAR,WARISALIGANJ,35
BIHAR,WARISNAGAR,36
BIHAR,WAZIRGANJ,37
BIHAR,ZIRADEI,38
CHANDIGARH,CHANDIGARH,39
CHHATTISGARH,A.CHOWKI (TD),40
CHHATTISGARH,ABHANPUR,41
CHHATTISGARH,AKALTARA,42
CHHATTISGARH,AMBIKAPUR,43
CHHATTISGARH,ANTAGARH,44
CHHATTISGARH,ARANG,45
CHHATTISGARH,BADERAJPUR,46
CHHATTISGARH,BAGBAHARA,47
CHHATTISGARH,BAGICHA,48
CHHATTISGARH,BAIKUNTHPUR,49
CHHATTISGARH,BAKAWAND,50
CHHATTISGARH,BALOD,51
CHHATTISGARH,BALODA,52
CHHATTISGARH,BALODA BAZAR,53
CHHATTISGARH,BALRAMPUR,54
CHHATTISGARH,BAMHINDIH,55
CHHATTISGARH,BARAMKELA,56
CHHATTISGARH,BASNA,57
CHHATTISGARH,BASTANAR,58
CHHATTISGARH,BASTAR,59
CHHATTISGARH,BATAULI,60
CHHATTISGARH,BELHA,61
CHHATTISGARH,BEMETARA,62
CHHATTISGARH,BERLA,63
CHHATTISGARH,BHAIRAMGARH,64
CHHATTISGARH,BHAIYATHAN,65
CHHATTISGARH,BHANUPRATAPPUR,66
CHHATTISGARH,BHARATPUR,67
CHHATTISGARH,BHATAPARA,68
CHHATTISGARH,BHOPAL PATNAM,69
CHHATTISGARH,BIJAPUR,70
CHHATTISGARH,BILAIGARH,71
CHHATTISGARH,BODLA,72
CHHATTISGARH,CHARAMA,73
CHHATTISGARH,CHHINDGARH,74
CHHATTISGARH,CHHUIKHADAN,75
CHHATTISGARH,CHHURIYA,76
CHHATTISGARH,CHHURRA,77
CHHATTISGARH,DABHARA,78
CHHATTISGARH,DANTEWADA,79
CHHATTISGARH,DARBHA,80
CHHATTISGARH,DEOBHOG,81
CHHATTISGARH,DHAMDHA,82
CHHATTISGARH,DHAMTARI,83
CHHATTISGARH,DHARAMJAIGARH,84
CHHATTISGARH,DHARSIWA,85
CHHATTISGARH,DONDI,86
CHHATTISGARH,DONDILOHARA,87
CHHATTISGARH,DONGARGAON,88
CHHATTISGARH,DONGARGHAR,89
CHHATTISGARH,DULDULA,90
CHHATTISGARH,DURG,91
CHHATTISGARH,DURGUKONDAL,92
CHHATTISGARH,FINGESHWAR,93
CHHATTISGARH,GARIYABAND,94
CHHATTISGARH,GAURELLA-1,95
CHHATTISGARH,GAURELLA-2,96
CHHATTISGARH,GEEDAM,97
CHHATTISGARH,GHARGHODA,98
CHHATTISGARH,GUNDERDEHI,99
CHHATTISGARH,GURUR,100
CHHATTISGARH,JAGDALPUR,1
CHHATTISGARH,JAIJAIPUR,2
CHHATTISGARH,JASHPUR,3
CHHATTISGARH,KANKER,4
CHHATTISGARH,KANSABEL,5
CHHATTISGARH,KARTALA,6
CHHATTISGARH,KASDOL,7
CHHATTISGARH,KATEKALYAN,8
CHHATTISGARH,KATGHORA,9
CHHATTISGARH,KAWARDHA,10
CHHATTISGARH,KESHKAL,11
CHHATTISGARH,KHADGAWANA,12
CHHATTISGARH,KHAIRAGARH,13
CHHATTISGARH,KHARSIA,14
CHHATTISGARH,KOILEBEDA,15
CHHATTISGARH,KONDAGAON,16
CHHATTISGARH,KONTA,17
CHHATTISGARH,KORBA,18
CHHATTISGARH,KOTA,19
CHHATTISGARH,KUNKURI,20
CHHATTISGARH,KURUD,21
CHHATTISGARH,KUSMI,22
CHHATTISGARH,KUWAKONDA,23
CHHATTISGARH,LAILUNGA,24
CHHATTISGARH,LAKHANPUR,25
CHHATTISGARH,LOHANDIGUDA,26
CHHATTISGARH,LORMI,27
CHHATTISGARH,LUNDRA,28
CHHATTISGARH,MAGARLOD,29
CHHATTISGARH,MAHASAMUND,30
CHHATTISGARH,MAINPAT,31
CHHATTISGARH,MAINPUR,32
CHHATTISGARH,MAKDI,33
CHHATTISGARH,MALKHARODA,34
CHHATTISGARH,MANENDRAGARH,35
CHHATTISGARH,MANORA,36
CHHATTISGARH,MANPUR (TD),37
CHHATTISGARH,MARWAHI,38
CHHATTISGARH,MASTURI,39
CHHATTISGARH,MOHALA (TD),40
CHHATTISGARH,MUNGELI,41
CHHATTISGARH,NAGARI,42
CHHATTISGARH,NARAYANPUR,43
CHHATTISGARH,NARHARPUR,44
CHHATTISGARH,NAWAGARH,45
CHHATTISGARH,ODAGI,46
CHHATTISGARH,ORCHHA(ABHUJMAD),47
CHHATTISGARH,PALARI,48
CHHATTISGARH,PALI,49
CHHATTISGARH,PAMGARH,50
CHHATTISGARH,PANDARIYA,51
CHHATTISGARH,PATAN,52
CHHATTISGARH,PATHARIYA,53
CHHATTISGARH,PATTHALGAON,54
CHHATTISGARH,PHARASGAON,55
CHHATTISGARH,PHARSABAHAR,56
CHHATTISGARH,PITHORA,57
CHHATTISGARH,PODI UPARODA,58
CHHATTISGARH,PRATAPPUR,59
CHHATTISGARH,PREMNAGAR,60
CHHATTISGARH,PUSSORE,61
CHHATTISGARH,RAIGARH,62
CHHATTISGARH,RAJNANDGAON,63
CHHATTISGARH,RAJPUR,64
CHHATTISGARH,RAMANUJNAGAR,65
CHHATTISGARH,RAMCHANDRAPUR,66
CHHATTISGARH,S.LOHARA,67
CHHATTISGARH,SAJA,68
CHHATTISGARH,SAKTI,69
CHHATTISGARH,SARAIPALI,70
CHHATTISGARH,SARANGARH,71
CHHATTISGARH,SHANKARGARH,72
CHHATTISGARH,SIMGA,73
CHHATTISGARH,SITAPUR,74
CHHATTISGARH,SONHAT,75
CHHATTISGARH,SUKMA,76
CHHATTISGARH,SURAJPUR,77
CHHATTISGARH,TAKHATPUR,78
CHHATTISGARH,TAMNAR,79
CHHATTISGARH,TILDA,80
CHHATTISGARH,TOKAPAL,81
CHHATTISGARH,UDAIPUR,82
CHHATTISGARH,USOOR,83
CHHATTISGARH,WADRAFNAGAR,84
"DADRA,NAGAR HAVELI,DAMAN & DIU",Dadra Nagar Haveli,85
"DADRA,NAGAR HAVELI,DAMAN & DIU",DAMAN,86
"DADRA,NAGAR HAVELI,DAMAN & DIU",DIU,87
DELHI,Central,88
DELHI,East,89
DELHI,New Delhi,90
DELHI,North,91
DELHI,North East,92
DELHI,North West,93
DELHI,Shahdara,94
DELHI,South,95
DELHI,South East,96
DELHI,South West,97
DELHI,West,98
GOA,BARDEZ,99
GOA,BICHOLIM,100
GOA,CANACONA,1
GOA,Dharbandora,2
GOA,MORMUGAO,3
GOA,PERNEM,4
GOA,PONDA,5
GOA,QUEPEM,6
GOA,SALCETE,7
GOA,SANGUEM,8
GOA,SATARI,9
GOA,TISWADI,10
GUJARAT,ABDASA,11
GUJARAT,AHMADABAD CITY,12
GUJARAT,AHWA,13
GUJARAT,AMIRGADH,14
GUJARAT,AMOD,15
GUJARAT,AMRELI,16
GUJARAT,ANAND,17
GUJARAT,ANJAR,18
GUJARAT,ANKLAV,19
GUJARAT,ANKLESVAR,20
GUJARAT,BABRA,21
GUJARAT,BAGASARA,22
GUJARAT,BALASINOR,23
GUJARAT,BARDOLI,24
GUJARAT,BARVALA,25
GUJARAT,BAVLA,26
GUJARAT,BAYAD,27
GUJARAT,BECHRAJI,28
GUJARAT,BHABHAR,29
GUJARAT,BHACHAU,30
GUJARAT,BHANVAD,31
GUJARAT,BHARUCH,32
GUJARAT,BHAVNAGAR,33
GUJARAT,BHESAN,34
GUJARAT,BHILODA,35
GUJARAT,BHUJ,36
GUJARAT,Bodeli,37
GUJARAT,BORSAD,38
GUJARAT,BOTAD,39
GUJARAT,CHANASMA,40
GUJARAT,CHHOTA UDEPUR,41
GUJARAT,CHIKHALI,42
GUJARAT,CHORASI,43
GUJARAT,CHOTILA,44
GUJARAT,CHUDA,45
GUJARAT,DABHOI,46
GUJARAT,DAHOD,47
GUJARAT,DANTA,48
GUJARAT,DANTIVADA,49
GUJARAT,DASADA,50
GUJARAT,DASKROI,51
GUJARAT,DEDIYAPADA,52
GUJARAT,DEESA,53
GUJARAT,DEHGAM,54
GUJARAT,DEODAR,55
GUJARAT,DESAR,56
GUJARAT,DETROJ RAMPURA,57
GUJARAT,DEVGAD BARIYA,58
GUJARAT,DHANDHUKA,59
GUJARAT,DHANERA,60
GUJARAT,DHANPUR,61
GUJARAT,DHANSURA,62
GUJARAT,DHARAMPUR,63
GUJARAT,DHARI,64
GUJARAT,Dholera,65
GUJARAT,DHOLKA,66
GUJARAT,DHORAJI,67
GUJARAT,DHRANGADHRA,68
GUJARAT,DHROL,69
GUJARAT,DOLVAN,70
GUJARAT,FATEPURA,71
GUJARAT,GADHADA,72
GUJARAT,GALTESHWAR,73
GUJARAT,GANDEVI,74
GUJARAT,GANDHIDHAM,75
GUJARAT,GANDHINAGAR,76
GUJARAT,GARBADA,77
GUJARAT,GARIADHAR,78
GUJARAT,GARUDESHWAR,79
GUJARAT,GHOGHA,80
GUJARAT,GHOGHAMBA,81
GUJARAT,GirGadhda,82
GUJARAT,GODHRA,83
GUJARAT,GONDAL,84
GUJARAT,HALOL,85
GUJARAT,HALVAD,86
GUJARAT,HANSOT,87
GUJARAT,HARIJ,88
GUJARAT,HIMATNAGAR,89
GUJARAT,IDAR,90
GUJARAT,JAFRABAD,91
GUJARAT,JALALPORE,92
GUJARAT,JAMBUGHODA,93
GUJARAT,JAMBUSAR,94
GUJARAT,JAMJODHPUR,95
GUJARAT,JAMKANDORNA,96
GUJARAT,JAMNAGAR,97
GUJARAT,JASDAN,98
GUJARAT,JESAR,99
GUJARAT,JETPUR,100
GUJARAT,JETPUR PAVI,1
GUJARAT,JHAGADIA,2
GUJARAT,JHALOD,3
GUJARAT,JODIYA,4
GUJARAT,JOTANA,5
GUJARAT,JUNAGADH,6
GUJARAT,KADANA,7
GUJARAT,KADI,8
GUJARAT,KALAVAD,9
GUJARAT,KALOL,10
GUJARAT,KALYANPUR,11
GUJARAT,KAMREJ,12
GUJARAT,KANKREJ,13
GUJARAT,KAPADVANJ,14
GUJARAT,KAPRADA,15
GUJARAT,KARJAN,16
GUJARAT,KATHLAL,17
GUJARAT,KAWANT,18
GUJARAT,KESHOD,19
GUJARAT,KHAMBHA,20
GUJARAT,KHAMBHALIA,21
GUJARAT,KHAMBHAT,22
GUJARAT,KHANPUR,23
GUJARAT,KHEDA,24
GUJARAT,KHEDBRAHMA,25
GUJARAT,KHERALU,26
GUJARAT,KHERGAM,27
GUJARAT,KODINAR,28
GUJARAT,KOTDA SANGANI,29
GUJARAT,KUKARMUNDA,30
GUJARAT,KUNKAVAV -VADIA,31
GUJARAT,KUTIYANA,32
GUJARAT,LAKHANI,33
GUJARAT,LAKHPAT,34
GUJARAT,LAKHTAR,35
GUJARAT,LALPUR,36
GUJARAT,LATHI,37
GUJARAT,LILIA,38
GUJARAT,LIMBDI,39
GUJARAT,LIMKHEDA,40
GUJARAT,LODHIKA,41
GUJARAT,LUNAWADA,42
GUJARAT,MAHESANA,43
GUJARAT,MAHUDHA,44
GUJARAT,MAHUVA,45
GUJARAT,MALIA,46
GUJARAT,MALIYA,47
GUJARAT,MALPUR,48
GUJARAT,MANAVADAR,49
GUJARAT,MANDAL,50
GUJARAT,MANDVI,51
GUJARAT,MANGROL,52
GUJARAT,MANSA,53
GUJARAT,Marshy Land,54
GUJARAT,MATAR,55
GUJARAT,MEGHRAJ,56
GUJARAT,MEHMEDABAD,57
GUJARAT,MENDARDA,58
GUJARAT,MODASA,59
GUJARAT,MORVAHADAF,60
GUJARAT,MORVI,61
GUJARAT,MULI,62
GUJARAT,MUNDRA,63
GUJARAT,NADIAD,64
GUJARAT,NAKHATRANA,65
GUJARAT,NANDOD,66
GUJARAT,NASWADI,67
GUJARAT,NAVSARI,68
GUJARAT,Netrang,69
GUJARAT,NIZAR,70
GUJARAT,OKHAMANDAL,71
GUJARAT,OLPAD,72
GUJARAT,PADDHARI,73
GUJARAT,PADRA,74
GUJARAT,PALANPUR,75
GUJARAT,PALITANA,76
GUJARAT,PALSANA,77
GUJARAT,PARDI,78
GUJARAT,PATAN,79
GUJARAT,PATAN VERAVAL,80
GUJARAT,PETLAD,81
GUJARAT,PORBANDAR,82
GUJARAT,POSHINA,83
GUJARAT,PRANTIJ,84
GUJARAT,RADHANPUR,85
GUJARAT,RAJKOT,86
GUJARAT,RAJULA,87
GUJARAT,RANAVAV,88
GUJARAT,RANPUR,89
GUJARAT,RAPAR,90
GUJARAT,SAGBARA,91
GUJARAT,SAMI,92
GUJARAT,SANAND,93
GUJARAT,SANJELI,94
GUJARAT,SANKHEDA,95
GUJARAT,SANKHESHWAR,96
GUJARAT,SANTALPUR,97
GUJARAT,SANTRAMPUR,98
GUJARAT,SARASWATI,99
GUJARAT,SATLASNA,100
GUJARAT,SAVERKUNDLA,1
GUJARAT,SAVLI,2
GUJARAT,SAYLA,3
GUJARAT,SHEHERA,4
GUJARAT,SHINOR,5
GUJARAT,SIDHPUR,6
GUJARAT,SIHOR,7
GUJARAT,SINGVAD,8
GUJARAT,SOJITRA,9
GUJARAT,SONGADH,10
GUJARAT,Subir,11
GUJARAT,SUIGAM,12
GUJARAT,SURATCITY,13
GUJARAT,SUTRAPADA,14
GUJARAT,TALAJA,15
GUJARAT,TALALA,16
GUJARAT,TALOD,17
GUJARAT,TANKARA,18
GUJARAT,TARAPUR,19
GUJARAT,THANGADH,20
GUJARAT,THARAD,21
GUJARAT,THASRA,22
GUJARAT,TILAKWADA,23
GUJARAT,UCHCHHAL,24
GUJARAT,UMARPADA,25
GUJARAT,UMBERGAON,26
GUJARAT,UMRALA,27
GUJARAT,UMRETH,28
GUJARAT,UNA,29
GUJARAT,UNJHA,30
GUJARAT,UPLETA,31
GUJARAT,VADALI,32
GUJARAT,VADGAM,33
GUJARAT,VADNAGAR,34
GUJARAT,VADODARA(CITY AND RURAL),35
GUJARAT,VAGRA,36
GUJARAT,VALIA,37
GUJARAT,VALLABHIPUR,38
GUJARAT,VALOD,39
GUJARAT,VALSAD,40
GUJARAT,VANSDA,41
GUJARAT,VANTHALI,42
GUJARAT,VAPI,43
GUJARAT,VASO,44
GUJARAT,VAV,45
GUJARAT,VIJAPUR,46
GUJARAT,VIJAYNAGAR,47
GUJARAT,VINCHHIYA,48
GUJARAT,VIRAMGAM,49
GUJARAT,VIRPUR,50
GUJARAT,VISAVADAR,51
GUJARAT,VISNAGAR,52
GUJARAT,VYARA,53
GUJARAT,WADHWAN,54
GUJARAT,Waghai,55
GUJARAT,WAGHODIA,56
GUJARAT,WANKANER,57
HARYANA,ADAMPUR,58
HARYANA,AGROHA,59
HARYANA,ALEWA,60
HARYANA,AMBALA-I,61
HARYANA,AMBALA-II,62
HARYANA,ASSANDH,63
HARYANA,ATELI NANGAL,64
HARYANA,BABAIN,65
HARYANA,BADHRA,66
HARYANA,BADLI,67
HARYANA,BADOLI,68
HARYANA,BAHADURGARH,69
HARYANA,BALLABGARH,70
HARYANA,BAPOLI,71
HARYANA,BARAGUDHA,72
HARYANA,BARARA,73
HARYANA,BARWALA,74
HARYANA,BAUND,75
HARYANA,BAWAL,76
HARYANA,BAWANI KHERA,77
HARYANA,BEHAL,78
HARYANA,BERI,79
HARYANA,BHATTU KALAN,80
HARYANA,BHIWANI,81
HARYANA,BHUNA,82
HARYANA,BILASPUR,83
HARYANA,CHARKHI DADRI,84
HARYANA,CHHACHHRAULI,85
HARYANA,DABWALI,86
HARYANA,DAHINA,87
HARYANA,DHAND,88
HARYANA,DHARUHERA,89
HARYANA,ELLENABAD,90
HARYANA,FARIDABAD,91
HARYANA,FARRUKH NAGAR,92
HARYANA,FATEHABAD,93
HARYANA,FEROZEPUR JHIRKA,94
HARYANA,GANAUR,95
HARYANA,GHARAUNDA (PART),96
HARYANA,GOHANA,97
HARYANA,GUHLA,98
HARYANA,GURGAON,99
HARYANA,HANSI-I,100
HARYANA,HANSI-II,1
HARYANA,HASSANPUR,2
HARYANA,HATHIN,3
HARYANA,HISAR-I,4
HARYANA,HISAR-II,5
HARYANA,HODAL,6
HARYANA,INDRI,7
HARYANA,ISMAILABAD,8
HARYANA,ISRANA,9
HARYANA,JAGADHRI,10
HARYANA,JAKHAL,11
HARYANA,JATUSANA,12
HARYANA,JHAJJAR,13
HARYANA,JHOJHU,14
HARYANA,JIND,15
HARYANA,JULANA,16
HARYANA,KAIRU,17
HARYANA,KAITHAL,18
HARYANA,KALANAUR,19
HARYANA,KALAYAT,20
HARYANA,KANINA,21
HARYANA,KARNAL,22
HARYANA,KATHURA,23
HARYANA,KHARKHODA,24
HARYANA,KHOL AT REWARI,25
HARYANA,KUNJPURA,26
HARYANA,LADWA,27
HARYANA,LAKHAN MAJRA,28
HARYANA,LOHARU,29
HARYANA,MACHHRAULI,30
HARYANA,MADLAUDA,31
HARYANA,MAHAM,32
HARYANA,MAHENDRAGARH,33
HARYANA,MATANNAIL,34
HARYANA,MORNI,35
HARYANA,MUNAK,36
HARYANA,MUNDLANA,37
HARYANA,MURTHAL,38
HARYANA,NAGINA,39
HARYANA,NAGPUR,40
HARYANA,NAHAR,41
HARYANA,NANGAL CHAUDHRY,42
HARYANA,NARAINGARH,43
HARYANA,NARNAUL,44
HARYANA,NARNAUND,45
HARYANA,NARWANA,46
HARYANA,NATHUSARI CHOPTA,47
HARYANA,NILOKHERI,48
HARYANA,NISSING AT CHIRAO,49
HARYANA,NIZAMPUR,50
HARYANA,NUH,51
HARYANA,ODHAN,52
HARYANA,PALWAL,53
HARYANA,PANIPAT,54
HARYANA,PARTAP NAGAR,55
HARYANA,PATAUDI,56
HARYANA,PEHOWA,57
HARYANA,PILLUKHERA,58
HARYANA,PINGWAN,59
HARYANA,PINJORE,60
HARYANA,PIPLI,61
HARYANA,PRITHLA,62
HARYANA,PUNAHANA,63
HARYANA,PUNDRI,64
HARYANA,RADAUR,65
HARYANA,RAI,66
HARYANA,RAIPUR RANI,67
HARYANA,RAJOUND,68
HARYANA,RANIA,69
HARYANA,RATIA,70
HARYANA,REWARI,71
HARYANA,ROHTAK,72
HARYANA,SADAURA (PART),73
HARYANA,SAFIDON,74
HARYANA,SAHA,75
HARYANA,SALHAWAS,76
HARYANA,SAMALKHA,77
HARYANA,SAMPLA,78
HARYANA,SANAULI KHURD,79
HARYANA,SARASWATI NAGAR,80
HARYANA,SATNALI,81
HARYANA,SHAHBAD,82
HARYANA,SHAHZADPUR,83
HARYANA,SIHMA,84
HARYANA,SIRSA,85
HARYANA,SIWAN,86
HARYANA,SIWANI,87
HARYANA,SOHNA,88
HARYANA,SONIPAT,89
HARYANA,TAORU,90
HARYANA,THANESAR,91
HARYANA,TIGAON,92
HARYANA,TOHANA,93
HARYANA,TOSHAM,94
HARYANA,UCHANA,95
HARYANA,UJHANA,96
HARYANA,UKLANA,97
HIMACHAL PRADESH,AMB,98
HIMACHAL PRADESH,ANNI,99
HIMACHAL PRADESH,BAIJNATH,100
HIMACHAL PRADESH,BALH,1
HIMACHAL PRADESH,BALI CHOWKI,2
HIMACHAL PRADESH,BAMSON,3
HIMACHAL PRADESH,BANGANA,4
HIMACHAL PRADESH,BANJAR,5
HIMACHAL PRADESH,BASANTPUR,6
HIMACHAL PRADESH,BHARMOUR,7
HIMACHAL PRADESH,BHATTIYAT,8
HIMACHAL PRADESH,BHAWARNA,9
HIMACHAL PRADESH,BHORANJ,10
HIMACHAL PRADESH,BIJHRI,11
HIMACHAL PRADESH,BILASPUR SADAR,12
HIMACHAL PRADESH,CHAMBA,13
HIMACHAL PRADESH,CHAUHARA,14
HIMACHAL PRADESH,CHAUNTRA,15
HIMACHAL PRADESH,CHAUPAL,16
HIMACHAL PRADESH,DEHRA GOPIPUR,17
HIMACHAL PRADESH,DHARAMPUR,18
HIMACHAL PRADESH,DHARAMSHALA,19
HIMACHAL PRADESH,DHARMPUR,20
HIMACHAL PRADESH,DRANG,21
HIMACHAL PRADESH,FATEHPUR,22
HIMACHAL PRADESH,GAGRET,23
HIMACHAL PRADESH,GHUMARWIN,24
HIMACHAL PRADESH,GOHAR,25
HIMACHAL PRADESH,GOPALPUR,26
HIMACHAL PRADESH,HAMIRPUR,27
HIMACHAL PRADESH,HAROLI,28
HIMACHAL PRADESH,INDORA,29
HIMACHAL PRADESH,JHANDUTTA,30
HIMACHAL PRADESH,JUBBAL,31
HIMACHAL PRADESH,KALPA,32
HIMACHAL PRADESH,KANDAGHAT,33
HIMACHAL PRADESH,KANGRA,34
HIMACHAL PRADESH,KARSOG,35
HIMACHAL PRADESH,Kotkhai,36
HIMACHAL PRADESH,KULLU,37
HIMACHAL PRADESH,KUNIHAR,38
HIMACHAL PRADESH,Kupvi,39
HIMACHAL PRADESH,LAHUL,40
HIMACHAL PRADESH,LAMBAGAON,41
HIMACHAL PRADESH,MANDI SADAR,42
HIMACHAL PRADESH,MASHOBRA,43
HIMACHAL PRADESH,MEHLA,44
HIMACHAL PRADESH,NADAUN,45
HIMACHAL PRADESH,NAGGAR,46
HIMACHAL PRADESH,NAGROTA BAGWAN,47
HIMACHAL PRADESH,NAGROTA SURIAN,48
HIMACHAL PRADESH,NAHAN,49
HIMACHAL PRADESH,NALAGARH,50
HIMACHAL PRADESH,NANKHARI,51
HIMACHAL PRADESH,NARKANDA,52
HIMACHAL PRADESH,NICHAR,53
HIMACHAL PRADESH,NIRMAND,54
HIMACHAL PRADESH,NURPUR,55
HIMACHAL PRADESH,PACHHAD,56
HIMACHAL PRADESH,PANCHRUKHI,57
HIMACHAL PRADESH,PANGI,58
HIMACHAL PRADESH,PAONTA SAHIB,59
HIMACHAL PRADESH,POOH,60
HIMACHAL PRADESH,PRAGPUR,61
HIMACHAL PRADESH,RAIT,62
HIMACHAL PRADESH,RAJGARH,63
HIMACHAL PRADESH,RAMPUR,64
HIMACHAL PRADESH,ROHRU,65
HIMACHAL PRADESH,SALUNI,66
HIMACHAL PRADESH,SANGRAH,67
HIMACHAL PRADESH,SERAJ,68
HIMACHAL PRADESH,SHILLAI,69
HIMACHAL PRADESH,Shree Naina Devi,70
HIMACHAL PRADESH,SOLAN,71
HIMACHAL PRADESH,SPITI,72
HIMACHAL PRADESH,SULAH,73
HIMACHAL PRADESH,SUNDARNAGAR,74
HIMACHAL PRADESH,THEOG,75
HIMACHAL PRADESH,TIRA SUJANPUR,76
HIMACHAL PRADESH,TISA,77
HIMACHAL PRADESH,UNA,78
JAMMU & KASHMIR,ACHABAL,79
JAMMU & KASHMIR,AKHNOOR,80
JAMMU & KASHMIR,Aloosa,81
JAMMU & KASHMIR,Anantnag,82
JAMMU & KASHMIR,Arin,83
JAMMU & KASHMIR,Aripal,84
JAMMU & KASHMIR,ARNAS,85
JAMMU & KASHMIR,Arnia,86
JAMMU & KASHMIR,ASSAR,87
JAMMU & KASHMIR,Awantipora,88
JAMMU & KASHMIR,B.K.PORA,89
JAMMU & KASHMIR,BADGAM,90
JAMMU & KASHMIR,Baggan,91
JAMMU & KASHMIR,BALAKOTE,92
JAMMU & KASHMIR,Bamagh,93
JAMMU & KASHMIR,BANDIPORA,94
JAMMU & KASHMIR,BANI,95
JAMMU & KASHMIR,BANIHAL,96
JAMMU & KASHMIR,BARAMULLA,97
JAMMU & KASHMIR,BARNOTI,98
JAMMU & KASHMIR,BASOHLI,99
JAMMU & KASHMIR,Batote,100
JAMMU & KASHMIR,BEERWAH,1
JAMMU & KASHMIR,Behibag,2
JAMMU & KASHMIR,BHADERWAH,3
JAMMU & KASHMIR,BHAGWAH,4
JAMMU & KASHMIR,BHALESSA(GANDOH),5
JAMMU & KASHMIR,Bhalla,6
JAMMU & KASHMIR,BHALWAL,7
JAMMU & KASHMIR,Bhalwal Brahmana,8
JAMMU & KASHMIR,Bhoond,9
JAMMU & KASHMIR,Bijhama,10
JAMMU & KASHMIR,Bijibehara,11
JAMMU & KASHMIR,BILLAWAR,12
JAMMU & KASHMIR,BISHNAH,13
JAMMU & KASHMIR,BONIYAR,14
JAMMU & KASHMIR,Bonkoot,15
JAMMU & KASHMIR,BRENG,16
JAMMU & KASHMIR,BUDHAL,17
JAMMU & KASHMIR,Budhal New,18
JAMMU & KASHMIR,BUFLIAZ,19
JAMMU & KASHMIR,Bunjwah,20
JAMMU & KASHMIR,CHADOORA,21
JAMMU & KASHMIR,Changa,22
JAMMU & KASHMIR,Charisharief,23
JAMMU & KASHMIR,Chassana,24
JAMMU & KASHMIR,Chathergul,25
JAMMU & KASHMIR,CHENANI,26
JAMMU & KASHMIR,Chilli Pingal,27
JAMMU & KASHMIR,Chiralla,28
JAMMU & KASHMIR,Chitragam,29
JAMMU & KASHMIR,D K Marg,30
JAMMU & KASHMIR,D.H. PORA,31
JAMMU & KASHMIR,DACHHAN,32
JAMMU & KASHMIR,Dadsara,33
JAMMU & KASHMIR,Dali Udhyanpur,34
JAMMU & KASHMIR,DANSAL,35
JAMMU & KASHMIR,DARHAL,36
JAMMU & KASHMIR,DEVSAR,37
JAMMU & KASHMIR,Dhangri,38
JAMMU & KASHMIR,Dhar Mahanpur,39
JAMMU & KASHMIR,Dinga Amb,40
JAMMU & KASHMIR,DODA,41
JAMMU & KASHMIR,DOONGI,42
JAMMU & KASHMIR,DRABSHALLA,43
JAMMU & KASHMIR,Drugmulla,44
JAMMU & KASHMIR,DUDU,45
JAMMU & KASHMIR,Duggain,46
JAMMU & KASHMIR,DUGGAN,47
JAMMU & KASHMIR,EIDGAH,48
JAMMU & KASHMIR,Frisal,49
JAMMU & KASHMIR,GANDERBAL,50
JAMMU & KASHMIR,Gandhri,51
JAMMU & KASHMIR,Ganstan,52
JAMMU & KASHMIR,GHAGWAL,53
JAMMU & KASHMIR,GHORDI,54
JAMMU & KASHMIR,GOOL,55
JAMMU & KASHMIR,Gulab Garh,56
JAMMU & KASHMIR,Gund,57
JAMMU & KASHMIR,GUNDANA,58
JAMMU & KASHMIR,Gundi Dharam,59
JAMMU & KASHMIR,GUREZ,60
JAMMU & KASHMIR,HAJIN,61
JAMMU & KASHMIR,Hardaboora,62
JAMMU & KASHMIR,Harman,63
JAMMU & KASHMIR,Harwan Rural Area Dara,64
JAMMU & KASHMIR,Hiller Shahabad,65
JAMMU & KASHMIR,HIRANAGAR,66
JAMMU & KASHMIR,Ichegoza,67
JAMMU & KASHMIR,Imamsahib,68
JAMMU & KASHMIR,INDERWAL,69
JAMMU & KASHMIR,Jakyas,70
JAMMU & KASHMIR,Kahara,71
JAMMU & KASHMIR,KAKAPORA,72
JAMMU & KASHMIR,KALAKOTE,73
JAMMU & KASHMIR,KALAROOCH,74
JAMMU & KASHMIR,Kandi Rafiabad,75
JAMMU & KASHMIR,KANGAN,76
JAMMU & KASHMIR,Kanji Ullar,77
JAMMU & KASHMIR,Kaprin,78
JAMMU & KASHMIR,Kastigarh,79
JAMMU & KASHMIR,KATHUA,80
JAMMU & KASHMIR,Katra,81
JAMMU & KASHMIR,Keerian Gangyal,82
JAMMU & KASHMIR,Kellar,83
JAMMU & KASHMIR,Keller,84
JAMMU & KASHMIR,KHAG,85
JAMMU & KASHMIR,Khaipora,86
JAMMU & KASHMIR,KHAN-SAHIB,87
JAMMU & KASHMIR,Khanmoh,88
JAMMU & KASHMIR,Kharah Balli,89
JAMMU & KASHMIR,Khari,90
JAMMU & KASHMIR,Khawas,91
JAMMU & KASHMIR,Khellani,92
JAMMU & KASHMIR,Khoon,93
JAMMU & KASHMIR,KHOUR,94
JAMMU & KASHMIR,KHOVERIPORA,95
JAMMU & KASHMIR,KISHTWAR,96
JAMMU & KASHMIR,KRALPORA,97
JAMMU & KASHMIR,KULGAM,98
JAMMU & KASHMIR,Kund,99
JAMMU & KASHMIR,KUNZER,100
JAMMU & KASHMIR,KUPWARA,1
JAMMU & KASHMIR,Lalpora,2
JAMMU & KASHMIR,Lamberi,3
JAMMU & KASHMIR,LANGATE,4
JAMMU & KASHMIR,LAR,5
JAMMU & KASHMIR,Larnoo,6
JAMMU & KASHMIR,Litter,7
JAMMU & KASHMIR,LOHAI-MALHAR,8
JAMMU & KASHMIR,Mahanpur,9
JAMMU & KASHMIR,MAHORE,10
JAMMU & KASHMIR,MAJALTA,11
JAMMU & KASHMIR,Mandal Phallain,12
JAMMU & KASHMIR,MANDI,13
JAMMU & KASHMIR,Mandli,14
JAMMU & KASHMIR,MANJAKOTE,15
JAMMU & KASHMIR,Mankote,16
JAMMU & KASHMIR,Manzgam,17
JAMMU & KASHMIR,MARH,18
JAMMU & KASHMIR,Marheen,19
JAMMU & KASHMIR,MARMAT,20
JAMMU & KASHMIR,MARWAH,21
JAMMU & KASHMIR,Mathwar,22
JAMMU & KASHMIR,MENDHAR,23
JAMMU & KASHMIR,Miran Sahib,24
JAMMU & KASHMIR,Moughla,25
JAMMU & KASHMIR,Mughalmaidan,26
JAMMU & KASHMIR,Nadihal,27
JAMMU & KASHMIR,NAGAM,28
JAMMU & KASHMIR,Nagri,29
JAMMU & KASHMIR,Nagrota,30
JAMMU & KASHMIR,Nagrota Gujroo,31
JAMMU & KASHMIR,NAGSENI,32
JAMMU & KASHMIR,Naidkhay,33
JAMMU & KASHMIR,NARBAL,34
JAMMU & KASHMIR,Narwah,35
JAMMU & KASHMIR,Newa,36
JAMMU & KASHMIR,Noorkah,37
JAMMU & KASHMIR,Nowgam,38
JAMMU & KASHMIR,NOWSHERA,39
JAMMU & KASHMIR,PADDER,40
JAMMU & KASHMIR,Pahalgam,41
JAMMU & KASHMIR,PAHLOO,42
JAMMU & KASHMIR,Pakherpora,43
JAMMU & KASHMIR,Palmar,44
JAMMU & KASHMIR,PAMPORE,45
JAMMU & KASHMIR,PANCHARI,46
JAMMU & KASHMIR,Panjgrian,47
JAMMU & KASHMIR,Paranpeela,48
JAMMU & KASHMIR,Parnewa,49
JAMMU & KASHMIR,PATTAN,50
JAMMU & KASHMIR,Planger,51
JAMMU & KASHMIR,Pombay,52
JAMMU & KASHMIR,POONCH,53
JAMMU & KASHMIR,POUNI,54
JAMMU & KASHMIR,Pragwal,55
JAMMU & KASHMIR,PULWAMA,56
JAMMU & KASHMIR,PURMANDAL,57
JAMMU & KASHMIR,Purmandal Bari Brahamna,58
JAMMU & KASHMIR,QAIMOH,59
JAMMU & KASHMIR,QAZIGUND (PARTLY),60
JAMMU & KASHMIR,Qila Darhal,61
JAMMU & KASHMIR,Quimoh Anantnag District Part,62
JAMMU & KASHMIR,R.S.PURA,63
JAMMU & KASHMIR,RAFIABAD,64
JAMMU & KASHMIR,Rajgarh,65
JAMMU & KASHMIR,RAJOURI,66
JAMMU & KASHMIR,Rajpura,67
JAMMU & KASHMIR,RAJWAR,68
JAMMU & KASHMIR,RAMBAN,69
JAMMU & KASHMIR,Ramgarh,70
JAMMU & KASHMIR,RAMHAL,71
JAMMU & KASHMIR,RAMNAGAR,72
JAMMU & KASHMIR,Ramnagri,73
JAMMU & KASHMIR,RAMSOO,74
JAMMU & KASHMIR,Rathsun,75
JAMMU & KASHMIR,REASI,76
JAMMU & KASHMIR,ROHAMA,77
JAMMU & KASHMIR,S K Pora,78
JAMMU & KASHMIR,Safapora,79
JAMMU & KASHMIR,Sagam,80
JAMMU & KASHMIR,Samwan,81
JAMMU & KASHMIR,Sangaldan,82
JAMMU & KASHMIR,Sangrama,83
JAMMU & KASHMIR,SATWARI,84
JAMMU & KASHMIR,Seri,85
JAMMU & KASHMIR,SHAHABAD,86
JAMMU & KASHMIR,SHANGUS,87
JAMMU & KASHMIR,Sherabad Khore,88
JAMMU & KASHMIR,Sherpathri,89
JAMMU & KASHMIR,SHOPIAN,90
JAMMU & KASHMIR,Singhpora,91
JAMMU & KASHMIR,Siot,92
JAMMU & KASHMIR,SOGAM,93
JAMMU & KASHMIR,Soibugh,94
JAMMU & KASHMIR,SOPORE,95
JAMMU & KASHMIR,SRINAGAR,96
JAMMU & KASHMIR,Suchetgarh,97
JAMMU & KASHMIR,Sukhnag Hard Panzoo,98
JAMMU & KASHMIR,Sumb,99
JAMMU & KASHMIR,SUMBAL,100
JAMMU & KASHMIR,SUNDERBANI,1
JAMMU & KASHMIR,SURANKOTE,2
JAMMU & KASHMIR,Surasyar,3
JAMMU & KASHMIR,TANGDAR,4
JAMMU & KASHMIR,TANGMARAG,5
JAMMU & KASHMIR,TEETWAL,6
JAMMU & KASHMIR,Thakraie,7
JAMMU & KASHMIR,Thakrakote,8
JAMMU & KASHMIR,THANA MANDI,9
JAMMU & KASHMIR,THATHRI,10
JAMMU & KASHMIR,Thuroo,11
JAMMU & KASHMIR,TRAL,12
JAMMU & KASHMIR,trehgam,13
JAMMU & KASHMIR,Trigam,14
JAMMU & KASHMIR,Tujjar Sharief,15
JAMMU & KASHMIR,TULAIL,16
JAMMU & KASHMIR,UDHAMPUR,17
JAMMU & KASHMIR,Ukhral,18
JAMMU & KASHMIR,URI,19
JAMMU & KASHMIR,Verinag,20
JAMMU & KASHMIR,Vessu,21
JAMMU & KASHMIR,VIJAYPUR,22
JAMMU & KASHMIR,WAGOORA,23
JAMMU & KASHMIR,Wailoo,24
JAMMU & KASHMIR,WAKOORA,25
JAMMU & KASHMIR,WARWAN,26
JAMMU & KASHMIR,Waterhail,27
JAMMU & KASHMIR,WAVOORA,28
JAMMU & KASHMIR,ZAINGEER,29
JAMMU & KASHMIR,Zainpora,30
JHARKHAND,ALBERT EKKA,31
JHARKHAND,AMRAPARA,32
JHARKHAND,ANANDPUR,33
JHARKHAND,ANGARA,34
JHARKHAND,ARKI,35
JHARKHAND,BAGHMARA,36
JHARKHAND,BAGODAR,37
JHARKHAND,BAHRAGORA,38
JHARKHAND,BALIAPUR,39
JHARKHAND,BALUMATH,40
JHARKHAND,BANDGAON,41
JHARKHAND,BANO,42
JHARKHAND,BANSJORE,43
JHARKHAND,BARDIHA,44
JHARKHAND,BARHAIT,45
JHARKHAND,BARHARWA,46
JHARKHAND,BARHI,47
JHARKHAND,BARIYATU,48
JHARKHAND,BARKAGAON,49
JHARKHAND,BARKATHA,50
JHARKHAND,BARWADIH,51
JHARKHAND,BASANTRAY,52
JHARKHAND,BASIA,53
JHARKHAND,BENGABAD,54
JHARKHAND,BERMO,55
JHARKHAND,BERO,56
JHARKHAND,BHANDARIA,57
JHARKHAND,BHANDRA,58
JHARKHAND,BHARNO,59
JHARKHAND,BHAWNATHPUR,60
JHARKHAND,BIRNI,61
JHARKHAND,BISHNUGARH,62
JHARKHAND,BISHRAMPUR,63
JHARKHAND,BISHUNPUR,64
JHARKHAND,BISHUNPURA,65
JHARKHAND,BOARIJOR,66
JHARKHAND,BOLBA,67
JHARKHAND,BORAM,68
JHARKHAND,BORIO,69
JHARKHAND,BUNDU,70
JHARKHAND,BURMU,71
JHARKHAND,CHAIBASA,72
JHARKHAND,CHAINPUR,73
JHARKHAND,CHAKRADHARPUR,74
JHARKHAND,CHAKULIA,75
JHARKHAND,CHALKUSHA,76
JHARKHAND,CHANDANKIYARI,77
JHARKHAND,CHANDIL,78
JHARKHAND,CHANDRAPURA,79
JHARKHAND,CHANDWA,80
JHARKHAND,CHANDWARA,81
JHARKHAND,CHANHO,82
JHARKHAND,CHAS,83
JHARKHAND,CHATRA,84
JHARKHAND,CHHATARPUR,85
JHARKHAND,CHINIA,86
JHARKHAND,CHITARPUR,87
JHARKHAND,CHOUPARAN,88
JHARKHAND,CHURCHU,89
JHARKHAND,DADI,90
JHARKHAND,DANDA,91
JHARKHAND,DANDAI,92
JHARKHAND,DARU,93
JHARKHAND,DEOGHAR,94
JHARKHAND,DEORI,95
JHARKHAND,DEVIPUR,96
JHARKHAND,DHALBHUMGARH,97
JHARKHAND,DHANBAD,98
JHARKHAND,DHANWAR,99
JHARKHAND,DHURKI,100
JHARKHAND,DOMCHANCH,1
JHARKHAND,DULMI,2
JHARKHAND,DUMARIA,3
JHARKHAND,DUMKA,4
JHARKHAND,DUMRI,5
JHARKHAND,Egarkund,6
JHARKHAND,FATEHPUR,7
JHARKHAND,GAMHARIA,8
JHARKHAND,GANDEY,9
JHARKHAND,GARHWA,10
JHARKHAND,GARU,11
JHARKHAND,GAWAN,12
JHARKHAND,GHAGHRA,13
JHARKHAND,GHATSHILA,14
JHARKHAND,GIDDHOR,15
JHARKHAND,GIRIDIH,16
JHARKHAND,GODDA,17
JHARKHAND,GOELKERA,18
JHARKHAND,GOLA,19
JHARKHAND,GOLMURI CUM JUGSALAI,20
JHARKHAND,GOMIA,21
JHARKHAND,GOPIKANDER,22
JHARKHAND,GOVINDPUR,23
JHARKHAND,GUDRI,24
JHARKHAND,GUMLA,25
JHARKHAND,GURABANDA,26
JHARKHAND,HAIDERNAGAR,27
JHARKHAND,HARIHARGANJ,28
JHARKHAND,HATGAMHARIA,29
JHARKHAND,HERHANJ,30
JHARKHAND,HIRANPUR,31
JHARKHAND,HUSSAINABAD,32
JHARKHAND,ICHAGARH,33
JHARKHAND,ICHAK,34
JHARKHAND,ITKHORI,35
JHARKHAND,ITKI,36
JHARKHAND,JAGANNATHPUR,37
JHARKHAND,JAINAGAR,38
JHARKHAND,JALDEGA,39
JHARKHAND,JAMA,40
JHARKHAND,JAMTARA,41
JHARKHAND,JAMUA,42
JHARKHAND,JARIDIH,43
JHARKHAND,JARMUNDI,44
JHARKHAND,JHINKPANI,45
JHARKHAND,KAIRO,46
JHARKHAND,KALIASOL,47
JHARKHAND,KAMDARA,48
JHARKHAND,KANDI,49
JHARKHAND,KANHACHATTI,50
JHARKHAND,KANKE,51
JHARKHAND,KARMATANR VIDYASAGAR,52
JHARKHAND,KAROWN,53
JHARKHAND,KARRA,54
JHARKHAND,KASMAR,55
JHARKHAND,KATHIKUND,56
JHARKHAND,KATKAMDAG,57
JHARKHAND,KATKAMSANDI,58
JHARKHAND,KEREDARI,59
JHARKHAND,KERSAI,60
JHARKHAND,KETAR,61
JHARKHAND,KHARAUNDHI,62
JHARKHAND,KHARSAWAN,63
JHARKHAND,KHELARI,64
JHARKHAND,KHUNTI,65
JHARKHAND,KHUNTPANI,66
JHARKHAND,KISKO,67
JHARKHAND,KODERMA,68
JHARKHAND,KOLEBIRA,69
JHARKHAND,KUCHAI,70
JHARKHAND,KUKRU,71
JHARKHAND,KUMARDUNGI,72
JHARKHAND,KUNDA,73
JHARKHAND,KUNDHIT,74
JHARKHAND,KURDEG,75
JHARKHAND,KURU,76
JHARKHAND,LAPUNG,77
JHARKHAND,LATEHAR,78
JHARKHAND,LAWALONG,79
JHARKHAND,LESLIGANJ,80
JHARKHAND,LITTIPARA,81
JHARKHAND,LOHARDAGA,82
JHARKHAND,MADHUPUR,83
JHARKHAND,MAHAGAMA,84
JHARKHAND,MAHESHPUR,85
JHARKHAND,MAHUADANR,86
JHARKHAND,MANATU,87
JHARKHAND,MANDAR,88
JHARKHAND,MANDRO,89
JHARKHAND,MANDU,90
JHARKHAND,MANIKA,91
JHARKHAND,MANJHARI,92
JHARKHAND,MANJHGAON,93
JHARKHAND,MANJHIAON,94
JHARKHAND,MANOHARPUR,95
JHARKHAND,MARGOMUNDA,96
JHARKHAND,MARKACHO,97
JHARKHAND,MASALIYA,98
JHARKHAND,MAYURHAND,99
JHARKHAND,MEDININAGAR,100
JHARKHAND,MEHARMA,1
JHARKHAND,MERAL,2
JHARKHAND,MOHAMADGANJ,3
JHARKHAND,MOHANPUR,4
JHARKHAND,MURHU,5
JHARKHAND,MUSABANI,6
JHARKHAND,NAGAR UNTARI,7
JHARKHAND,NAGRI,8
JHARKHAND,NALA,9
JHARKHAND,NAMKUM,10
JHARKHAND,NARAYANPUR,11
JHARKHAND,NAWA BAZAR,12
JHARKHAND,NAWADIH,13
JHARKHAND,NAWDIHA BAZAR,14
JHARKHAND,NIMDIH,15
JHARKHAND,NIRSA,16
JHARKHAND,NOAMUNDI,17
JHARKHAND,ORMANJHI,18
JHARKHAND,PADMA,19
JHARKHAND,PADWA,20
JHARKHAND,PAKARTANR,21
JHARKHAND,PAKUR,22
JHARKHAND,PAKURIA,23
JHARKHAND,PALKOT,24
JHARKHAND,PALOJORI,25
JHARKHAND,PANDU,26
JHARKHAND,PANKI,27
JHARKHAND,PATAMDA,28
JHARKHAND,PATAN,29
JHARKHAND,PATHALGADA,30
JHARKHAND,PATHARGAMA,31
JHARKHAND,PATHNA,32
JHARKHAND,PATRATU,33
JHARKHAND,PESHRAR,34
JHARKHAND,PETERWAR,35
JHARKHAND,PIPRA,36
JHARKHAND,PIRTAND,37
JHARKHAND,PORAIYAHAT,38
JHARKHAND,POTKA,39
JHARKHAND,PRATAPPUR,40
JHARKHAND,PURVI TUNDI,41
JHARKHAND,RAHE,42
JHARKHAND,RAIDIH,43
JHARKHAND,RAJMAHAL,44
JHARKHAND,RAJNAGAR,45
JHARKHAND,RAMGARH,46
JHARKHAND,RAMKANDA,47
JHARKHAND,RAMNA,48
JHARKHAND,RANIA,49
JHARKHAND,RANISHWAR,50
JHARKHAND,RANKA,51
JHARKHAND,RATU,52
JHARKHAND,SADAR,53
JHARKHAND,SAGMA,54
JHARKHAND,SAHIBGANJ,55
JHARKHAND,SARAIYAHAT,56
JHARKHAND,SARATH,57
JHARKHAND,SARWAN,58
JHARKHAND,SATBARWA,59
JHARKHAND,SATGAWAN,60
JHARKHAND,SENHA,61
JHARKHAND,SERAIKELLA,62
JHARKHAND,SHALIGRAM RAM NARAYANPUR ALIAS HUNTERGANJ,63
JHARKHAND,SIKARIPARA,64
JHARKHAND,SILLI,65
JHARKHAND,SIMARIA,66
JHARKHAND,SIMDEGA,67
JHARKHAND,SISAI,68
JHARKHAND,SONAHATU,69
JHARKHAND,SONARAITHARI,70
JHARKHAND,SONUA,71
JHARKHAND,SUNDARPAHARI,72
JHARKHAND,SURIYA,73
JHARKHAND,TALJHARI,74
JHARKHAND,TAMAR,75
JHARKHAND,TANDWA,76
JHARKHAND,TANTNAGAR,77
JHARKHAND,TARHASI,78
JHARKHAND,TATIJHARIYA,79
JHARKHAND,THAKURGANGTI,80
JHARKHAND,THETHAITANGER,81
JHARKHAND,TISRI,82
JHARKHAND,TONTO,83
JHARKHAND,TOPCHANCHI,84
JHARKHAND,TORPA,85
JHARKHAND,TUNDI,86
JHARKHAND,UDHWA,87
JHARKHAND,UNTARI ROAD,88
KARNATAKA,AFZALPUR,89
KARNATAKA,AJJAMPURA,90
KARNATAKA,ALAND,91
KARNATAKA,ALMEL,92
KARNATAKA,ALNAVAR,93
KARNATAKA,ALUR,94
KARNATAKA,ANEKAL,95
KARNATAKA,ANKOLA,96
KARNATAKA,ANNIGERI,97
KARNATAKA,ARKALGUD,98
KARNATAKA,ARSIKERE,99
KARNATAKA,ATHNI,100
KARNATAKA,AURAD,1
KARNATAKA,BABALESHWAR,2
KARNATAKA,BADAMI,3
KARNATAKA,BAGALKOT,4
KARNATAKA,BAGEPALLI,5
KARNATAKA,BAINDURU,6
KARNATAKA,BALLARI,7
KARNATAKA,BANGARAPET,8
KARNATAKA,BANTVAL,9
KARNATAKA,BASAVAKALYAN,10
KARNATAKA,BASAVANA BAGEWADI,11
KARNATAKA,BELAGAVI,12
KARNATAKA,BELTANGADI,13
KARNATAKA,BELUR,14
KARNATAKA,BENGALURU EAST,15
KARNATAKA,BENGALURU NORTH,16
KARNATAKA,BENGALURU SOUTH,17
KARNATAKA,BHADRAVATI,18
KARNATAKA,BHALKI,19
KARNATAKA,BHATKAL,20
KARNATAKA,BIDAR,21
KARNATAKA,BILAGI,22
KARNATAKA,BRAHMAVARA,23
KARNATAKA,BYADGI,24
KARNATAKA,BYLAHONGAL,25
KARNATAKA,CHADACHAN,26
KARNATAKA,CHALLAKERE,27
KARNATAKA,CHAMARAJANAGAR,28
KARNATAKA,CHANNAGIRI,29
KARNATAKA,CHANNAPATNA,30
KARNATAKA,CHANNARAYAPATNA,31
KARNATAKA,CHIKBALLAPUR,32
KARNATAKA,CHIKKAMAGALURU,33
KARNATAKA,CHIKNAYAKANHALLI,34
KARNATAKA,CHIKODI,35
KARNATAKA,CHINCHOLI,36
KARNATAKA,CHINTAMANI,37
KARNATAKA,CHITAPUR,38
KARNATAKA,CHITRADURGA,39
KARNATAKA,CHITTAGUPPA,40
KARNATAKA,Dandeli,41
KARNATAKA,DAVANAGERE,42
KARNATAKA,DEVADURGA,43
KARNATAKA,DEVANHALLI,44
KARNATAKA,DEVARA HIPPARAGI,45
KARNATAKA,DHARWAD,46
KARNATAKA,DODBALLAPUR,47
KARNATAKA,GADAG,48
KARNATAKA,GAJENDRAGAD,49
KARNATAKA,GANGAVATHI,50
KARNATAKA,GAURIBIDANUR,51
KARNATAKA,GOKAK,52
KARNATAKA,GUBBI,53
KARNATAKA,GUDIBANDA,54
KARNATAKA,GULEDAGUDDA,55
KARNATAKA,GUNDLUPET,56
KARNATAKA,GURUMITKAL,57
KARNATAKA,HADAGALLI,58
KARNATAKA,HAGARIBOMMANAHALLI,59
KARNATAKA,HALIYAL,60
KARNATAKA,HANAGAL,61
KARNATAKA,Hanuru,62
KARNATAKA,HARAPPANAHALLI,63
KARNATAKA,HARIHARA,64
KARNATAKA,HASSAN,65
KARNATAKA,HAVERI,66
KARNATAKA,HEBRI,67
KARNATAKA,HEGGADADEVANKOTE,68
KARNATAKA,HIREKERUR,69
KARNATAKA,HIRIYUR,70
KARNATAKA,HOLALKERE,71
KARNATAKA,HOLENARSIPUR,72
KARNATAKA,HONAVAR,73
KARNATAKA,HONNALI,74
KARNATAKA,HOSANAGARA,75
KARNATAKA,HOSAPETE,76
KARNATAKA,HOSDURGA,77
KARNATAKA,HOSKOTE,78
KARNATAKA,HUBALI URBAN,79
KARNATAKA,HUBBALLI,80
KARNATAKA,HUKERI,81
KARNATAKA,HULASURU,82
KARNATAKA,HUMNABAD,83
KARNATAKA,HUNASAGI,84
KARNATAKA,HUNGUND,85
KARNATAKA,HUNSUR,86
KARNATAKA,ILKAL,87
KARNATAKA,INDI,88
KARNATAKA,JAGALUR,89
KARNATAKA,JAMKHANDI,90
KARNATAKA,JEVARGI,91
KARNATAKA,K G F,92
KARNATAKA,KADABA,93
KARNATAKA,KADUR,94
KARNATAKA,KAGAWADA,95
KARNATAKA,KALABURAGI,96
KARNATAKA,KALAGI,97
KARNATAKA,KALASA,98
KARNATAKA,KALGHATGI,99
KARNATAKA,KAMALANAGARA,100
KARNATAKA,KAMALAPUR,1
KARNATAKA,KAMPLI,2
KARNATAKA,KANAKAGIRI,3
KARNATAKA,KANAKAPURA,4
KARNATAKA,KAPU,5
KARNATAKA,KARATAGI,6
KARNATAKA,KARKAL,7
KARNATAKA,KARWAR,8
KARNATAKA,KHANAPUR,9
KARNATAKA,KITTUR,10
KARNATAKA,KOLAR,11
KARNATAKA,KOLHAR,12
KARNATAKA,KOLLEGALA,13
KARNATAKA,KOPPA,14
KARNATAKA,KOPPAL,15
KARNATAKA,KORATAGERE,16
KARNATAKA,KOTTUR,17
KARNATAKA,KRISHNARAJANAGARA,18
KARNATAKA,KRISHNARAJPET,19
KARNATAKA,KUDLIGI,20
KARNATAKA,KUKUNOOR,21
KARNATAKA,KUMTA,22
KARNATAKA,KUNDAPURA,23
KARNATAKA,KUNDGOL,24
KARNATAKA,KUNIGAL,25
KARNATAKA,KURUGODU,26
KARNATAKA,KUSHALANAGAR,27
KARNATAKA,KUSHTAGI,28
KARNATAKA,LAXMESHWAR,29
KARNATAKA,LINGSUGUR,30
KARNATAKA,MADDUR,31
KARNATAKA,MADHUGIRI,32
KARNATAKA,MADIKERI,33
KARNATAKA,MAGADI,34
KARNATAKA,MALUR,35
KARNATAKA,MALVALLI,36
KARNATAKA,MANDYA,37
KARNATAKA,MANGALURU,38
KARNATAKA,MANVI,39
KARNATAKA,MASKI,40
KARNATAKA,MOLAKALMURU,41
KARNATAKA,MUDALAGI,42
KARNATAKA,MUDDEBIHAL,43
KARNATAKA,MUDHOL,44
KARNATAKA,MUDIGERE,45
KARNATAKA,MUDUBIDARE,46
KARNATAKA,MULBAGAL,47
KARNATAKA,MULKI,48
KARNATAKA,MUNDARAGI,49
KARNATAKA,MUNDGOD,50
KARNATAKA,MYSURU,51
KARNATAKA,NAGAMANGALA,52
KARNATAKA,NANJANGUD,53
KARNATAKA,NARAGUND,54
KARNATAKA,NARASIMHARAJAPURA,55
KARNATAKA,NAVALGUND,56
KARNATAKA,NELAMANGALA,57
KARNATAKA,NIDAGUNDI,58
KARNATAKA,NIPPANI,59
KARNATAKA,NYAMATHI,60
KARNATAKA,PANDAVAPURA,61
KARNATAKA,PAVAGADA,62
KARNATAKA,PIRIYAPATNA,63
KARNATAKA,PONNAMPET,64
KARNATAKA,PUTTUR,65
KARNATAKA,RABAKAVI BANAHATTI,66
KARNATAKA,RAICHUR,67
KARNATAKA,RAMANAGARA,68
KARNATAKA,RAMDURG,69
KARNATAKA,RANEBENNUR,70
KARNATAKA,RATTIHALLI,71
KARNATAKA,RAYBAG,72
KARNATAKA,RON,73
KARNATAKA,SAGAR,74
KARNATAKA,SAKALESHPUR,75
KARNATAKA,SALIGRAMA,76
KARNATAKA,SANDUR,77
KARNATAKA,SARAGURU,78
KARNATAKA,SAVADATHI,79
KARNATAKA,SAVANUR,80
KARNATAKA,SEDAM,81
KARNATAKA,SHABAD,82
KARNATAKA,SHAHAPUR,83
KARNATAKA,SHIGGAON,84
KARNATAKA,SHIKARPUR,85
KARNATAKA,SHIRAHATTI,86
KARNATAKA,SHIVAMOGGA,87
KARNATAKA,SHORAPUR,88
KARNATAKA,SHRIRANGAPATTANA,89
KARNATAKA,SIDDAPUR,90
KARNATAKA,SIDLAGHATTA,91
KARNATAKA,SINDAGI,92
KARNATAKA,SINDHANUR,93
KARNATAKA,SIRA,94
KARNATAKA,SIRAWARA,95
KARNATAKA,SIRSI,96
KARNATAKA,SIRUGUPPA,97
KARNATAKA,SOMVARPET,98
KARNATAKA,SORAB,99
KARNATAKA,SRINGERI,100
KARNATAKA,SRINIVASPUR,1
KARNATAKA,SULYA,2
KARNATAKA,SUPA,3
KARNATAKA,TARIKERE,4
KARNATAKA,THALIKOTI,5
KARNATAKA,THIKOTA,6
KARNATAKA,TIPTUR,7
KARNATAKA,TIRTHAHALLI,8
KARNATAKA,TIRUMAKUDAL-NARSIPUR,9
KARNATAKA,TUMAKURU,10
KARNATAKA,TURUVEKERE,11
KARNATAKA,UDUPI,12
KARNATAKA,ULLALA,13
KARNATAKA,VIJAYAPURA,14
KARNATAKA,VIRAJPET,15
KARNATAKA,WADAGERA,16
KARNATAKA,YADGIR,17
KARNATAKA,YADRAMI,18
KARNATAKA,YELAHANKA,19
KARNATAKA,YELANDUR,20
KARNATAKA,YELBURGA,21
KARNATAKA,YELLAPUR,22
KERALA,ADIMALY,23
KERALA,ALANGAD,24
KERALA,ALATHUR,25
KERALA,AMBALAPPUZHA,26
KERALA,ANCHAL,27
KERALA,ANGAMALI,28
KERALA,ANTHIKKAD,29
KERALA,AREAKODE,30
KERALA,ARYAD,31
KERALA,ATHIYANNOOR,32
KERALA,ATTAPPADI,33
KERALA,AZHUTHA,34
KERALA,BALUSSERI,35
KERALA,BHARANICAVU,36
KERALA,CHADAYAMANGALAM,37
KERALA,CHALAKKUDY,38
KERALA,CHAMPAKULAM,39
KERALA,CHAVAKKAD,40
KERALA,CHAVARA,41
KERALA,CHELANNUR,42
KERALA,CHENGANNUR,43
KERALA,CHERPU,44
KERALA,CHIRAYINKEEZHU,45
KERALA,CHITTUMALA,46
KERALA,CHITTUR,47
KERALA,CHOWANNUR,48
KERALA,DEVIKULAM,49
KERALA,EDAKKAD,50
KERALA,EDAPPALLY,51
KERALA,ELANTHOOR,52
KERALA,ELEMDESAM,53
KERALA,ERATTUPETTA,54
KERALA,ETTUMANOOR,55
KERALA,HARIPPAD,56
KERALA,IDUKKI,57
KERALA,IRIKKUR,58
KERALA,IRINJALAKKUDA,59
KERALA,IRITTY,60
KERALA,ITHIKKARA,61
KERALA,KADUTHURUTHY,62
KERALA,KALIKAVU,63
KERALA,KALLIASSERI,64
KERALA,KALPETTA,65
KERALA,KANHANGAD,66
KERALA,KANJIKKUZHY,67
KERALA,KANJIRAPPALLY,68
KERALA,KANNUR,69
KERALA,KARADKA,70
KERALA,KASARGOD,71
KERALA,KATTAPPANA,72
KERALA,KILIMANOOR,73
KERALA,KODAKARA,74
KERALA,KODUVALLY,75
KERALA,KOIPURAM,76
KERALA,KOLLENGODE,77
KERALA,KONDOTTY,78
KERALA,KONNI,79
KERALA,KOOVAPPADY,80
KERALA,KOTHAMANGALAM,81
KERALA,KOTTARAKKARA,82
KERALA,KOZHIKODE,83
KERALA,KUNNAMANGALAM,84
KERALA,KUNNUMMAL,85
KERALA,KUTHUPARAMBA,86
KERALA,KUTTIPPURAM,87
KERALA,KUZHALMANNAM,88
KERALA,LALAM,89
KERALA,MADAPPALLY,90
KERALA,MALA,91
KERALA,MALAMPUZHA,92
KERALA,MALAPPURAM,93
KERALA,MALLAPPALLY,94
KERALA,MANANTHAVADY,95
KERALA,MANJESHWAR,96
KERALA,MANKADA,97
KERALA,MANNARKAD,98
KERALA,MATHILAKAM,99
KERALA,MAVELIKKARA,100
KERALA,MELDAY,1
KERALA,MUKHATHALA,2
KERALA,MULANTHURUTHY,3
KERALA,MULLASSERY,4
KERALA,MUTHUKULAM,5
KERALA,MUVATTUPUZHA,6
KERALA,NEDUMANGAD,7
KERALA,NEDUMKANDOM,8
KERALA,NEMMARA,9
KERALA,NEMOM,10
KERALA,NILAMBUR,11
KERALA,NILESHWAR,12
KERALA,OACHIRA,13
KERALA,OLLUKKARA,14
KERALA,OTTAPPALAM,15
KERALA,PALAKKAD,16
KERALA,PALLOM,17
KERALA,PALLURUTHY,18
KERALA,PAMPADY,19
KERALA,PAMPAKUDA,20
KERALA,PANAMARAM,21
KERALA,PANDLAM,22
KERALA,PANOOR,23
KERALA,PANTHALAYANI,24
KERALA,PARAKKADAV,25
KERALA,PARAKODE,26
KERALA,PARAPPA,27
KERALA,PARASSALA,28
KERALA,PARAVUR,29
KERALA,PATHANAPURAM,30
KERALA,PATTAMBI,31
KERALA,PATTANAKKAD,32
KERALA,PAYYANNUR,33
KERALA,PAZHAYANNUR,34
KERALA,PERAMBRA,35
KERALA,PERAVOOR,36
KERALA,PERINTHALMANNA,37
KERALA,PERUMKADAVILA,38
KERALA,PERUMPADAPPU,39
KERALA,PONNANI,40
KERALA,POTHENCODE,41
KERALA,PULIKEEZHU,42
KERALA,PUZHAKKAL,43
KERALA,RANNI,44
KERALA,SASTHAMCOTTAH,45
KERALA,SREEKRISHNAPURAM,46
KERALA,SULTHAN BATHERY,47
KERALA,TALIPARAMBA,48
KERALA,TANUR,49
KERALA,THALASSERY,50
KERALA,THALIKKULAM,51
KERALA,THODANNUR,52
KERALA,THODUPUZHA,53
KERALA,THUNERI,54
KERALA,THYCATTUSSERY,55
KERALA,TIRUR,56
KERALA,TIRURANGADI,57
KERALA,TRITHALA,58
KERALA,UZHAVOOR,59
KERALA,VADAKARA,60
KERALA,VADAVUCODE,61
KERALA,VAIKOM,62
KERALA,VAMANAPURAM,63
KERALA,VARKALA,64
KERALA,VAZHAKKULAM,65
KERALA,VAZHOOR,66
KERALA,VELIYANAD,67
KERALA,VELLANAD,68
KERALA,VELLANGALLUR,69
KERALA,VENGARA,70
KERALA,VETTIKKAVALA,71
KERALA,VYPEEN,72
KERALA,WADAKKANCHERY,73
KERALA,WANDOOR,74
LADAKH,Chuchot,75
LADAKH,Deskit,76
LADAKH,DRASS,77
LADAKH,DURBUK,78
LADAKH,GM PORA (TRESPONE),79
LADAKH,KARGIL,80
LADAKH,Karsha,81
LADAKH,KHALTSI,82
LADAKH,KHARU,83
LADAKH,LEH,84
LADAKH,LUNGNAK,85
LADAKH,NYOMA,86
LADAKH,Panamic,87
LADAKH,Rupsho,88
LADAKH,SANKOO,89
LADAKH,Saspol,90
LADAKH,SHAKER CHAKTAN,91
LADAKH,SHARGOL,92
LADAKH,TAISURU,93
LADAKH,ZANSKER,94
LAKSHADWEEP,AGATTI,95
LAKSHADWEEP,AMINI,96
LAKSHADWEEP,ANDROTT,97
LAKSHADWEEP,BITRA,98
LAKSHADWEEP,CHETLAT,99
LAKSHADWEEP,KADMAT,100
LAKSHADWEEP,KALPENI,1
LAKSHADWEEP,KAVARATTI,2
LAKSHADWEEP,KILTAN,3
LAKSHADWEEP,MINICOY,4
MADHYA PRADESH,AGAR,5
MADHYA PRADESH,AJAIGARH,6
MADHYA PRADESH,ALIRAJPUR,7
MADHYA PRADESH,ALOT,8
MADHYA PRADESH,AMARPATAN,9
MADHYA PRADESH,AMARPUR,10
MADHYA PRADESH,AMARWARA,11
MADHYA PRADESH,AMBAH,12
MADHYA PRADESH,AMLA,13
MADHYA PRADESH,ANUPPUR,14
MADHYA PRADESH,ARON,15
MADHYA PRADESH,ASHOKNAGAR,16
MADHYA PRADESH,ASHTA,17
MADHYA PRADESH,ATER,18
MADHYA PRADESH,ATHNER,19
MADHYA PRADESH,BABAI,20
MADHYA PRADESH,BABAI CHICHALI,21
MADHYA PRADESH,BADA MALEHARA,22
MADHYA PRADESH,BADARWAS,23
MADHYA PRADESH,BADI,24
MADHYA PRADESH,BADNAGAR,25
MADHYA PRADESH,BADNAWAR,26
MADHYA PRADESH,BADWARA,27
MADHYA PRADESH,BAGH,28
MADHYA PRADESH,BAGLI,29
MADHYA PRADESH,BAHORIBAND,30
MADHYA PRADESH,BAIDHAN,31
MADHYA PRADESH,BAIHAR,32
MADHYA PRADESH,BAJAG,33
MADHYA PRADESH,BAJNA,34
MADHYA PRADESH,BALADI,35
MADHYA PRADESH,BALAGHAT,36
MADHYA PRADESH,BALDEOGARH,37
MADHYA PRADESH,BAMORI,38
MADHYA PRADESH,BANDA,39
MADHYA PRADESH,BANKHEDI,40
MADHYA PRADESH,BARGHAT,41
MADHYA PRADESH,BARIGARH,42
MADHYA PRADESH,BAROD,43
MADHYA PRADESH,BARWAH,44
MADHYA PRADESH,BARWANI,45
MADHYA PRADESH,BASODA,46
MADHYA PRADESH,BATIYAGARH,47
MADHYA PRADESH,BEGAMGANJ,48
MADHYA PRADESH,BEOHARI,49
MADHYA PRADESH,BERASIA,50
MADHYA PRADESH,BETUL,51
MADHYA PRADESH,BHABRA,52
MADHYA PRADESH,BHAGVANPURA,53
MADHYA PRADESH,BHAINSDEHI,54
MADHYA PRADESH,BHANDER,55
MADHYA PRADESH,BHANPURA,56
MADHYA PRADESH,BHIKANGAON,57
MADHYA PRADESH,BHIMPUR,58
MADHYA PRADESH,BHIND,59
MADHYA PRADESH,BHITARWAR,60
MADHYA PRADESH,BIAORA,61
MADHYA PRADESH,BICHHIYA,62
MADHYA PRADESH,BICHHUA,63
MADHYA PRADESH,BIJADANDI,64
MADHYA PRADESH,BIJAWAR,65
MADHYA PRADESH,BINA,66
MADHYA PRADESH,BIRSA,67
MADHYA PRADESH,BUDNI,68
MADHYA PRADESH,BURHANPUR,69
MADHYA PRADESH,BURHAR,70
MADHYA PRADESH,BUXWAHA,71
MADHYA PRADESH,CHANCHODA,72
MADHYA PRADESH,CHANDERI,73
MADHYA PRADESH,CHAURAI,74
MADHYA PRADESH,CHAWARPATHA,75
MADHYA PRADESH,CHHAIGAON MAKHAN,76
MADHYA PRADESH,CHHAPARA,77
MADHYA PRADESH,CHHATARPUR,78
MADHYA PRADESH,CHHINDWARA,79
MADHYA PRADESH,CHICHOLI,80
MADHYA PRADESH,CHITRANGI,81
MADHYA PRADESH,DABRA,82
MADHYA PRADESH,DAHI,83
MADHYA PRADESH,DAMOH,84
MADHYA PRADESH,DATIA,85
MADHYA PRADESH,DEORI,86
MADHYA PRADESH,DEPALPUR,87
MADHYA PRADESH,DEVSAR,88
MADHYA PRADESH,DEWAS,89
MADHYA PRADESH,DHANAURA,90
MADHYA PRADESH,DHAR,91
MADHYA PRADESH,DHARAMPURI,92
MADHYA PRADESH,DHEEMERKHEDA,93
MADHYA PRADESH,DINDORI,94
MADHYA PRADESH,GAIRATGANJ,95
MADHYA PRADESH,GANDHWANI,96
MADHYA PRADESH,GANGEV,97
MADHYA PRADESH,GAROTH,98
MADHYA PRADESH,GHATIGAON,99
MADHYA PRADESH,GHATIYA,100
MADHYA PRADESH,GHORADONGRI,1
MADHYA PRADESH,GHUGHRI,2
MADHYA PRADESH,GOGAWAN,3
MADHYA PRADESH,GOHAD,4
MADHYA PRADESH,GOHPARU,5
MADHYA PRADESH,GOTEGAON,6
MADHYA PRADESH,GUNA,7
MADHYA PRADESH,GUNOUR,8
MADHYA PRADESH,GYARASPUR,9
MADHYA PRADESH,HANUMANA,10
MADHYA PRADESH,HARDA,11
MADHYA PRADESH,HARRAI,12
MADHYA PRADESH,HARSUD,13
MADHYA PRADESH,HATTA,14
MADHYA PRADESH,HOSHANGABAD,15
MADHYA PRADESH,ICHHAWAR,16
MADHYA PRADESH,INDORE,17
MADHYA PRADESH,ISAGARH,18
MADHYA PRADESH,JABALPUR,19
MADHYA PRADESH,JABERA,20
MADHYA PRADESH,JAISINAGAR,21
MADHYA PRADESH,JAISINGHNAGAR,22
MADHYA PRADESH,JAITHARI,23
MADHYA PRADESH,JAMAI,24
MADHYA PRADESH,JAORA,25
MADHYA PRADESH,JATARA,26
MADHYA PRADESH,JAWA,27
MADHYA PRADESH,JAWAD,28
MADHYA PRADESH,JHABUA,29
MADHYA PRADESH,JOBAT,30
MADHYA PRADESH,JOURA,31
MADHYA PRADESH,KAHNAPAS(GHANSAUR),32
MADHYA PRADESH,KAILARAS,33
MADHYA PRADESH,KALAPIPAL,34
MADHYA PRADESH,KANNOD,35
MADHYA PRADESH,KARAHAL,36
MADHYA PRADESH,KARANJIYA,37
MADHYA PRADESH,KARELI,38
MADHYA PRADESH,KARERA,39
MADHYA PRADESH,KARKELI,40
MADHYA PRADESH,KASRAWAD,41
MADHYA PRADESH,KATANGI,42
MADHYA PRADESH,KATNI,43
MADHYA PRADESH,KATTHIWADA,44
MADHYA PRADESH,KEOLARI,45
MADHYA PRADESH,KESLA,46
MADHYA PRADESH,KESLI,47
MADHYA PRADESH,KHACHAROD,48
MADHYA PRADESH,KHAIRLANJI,49
MADHYA PRADESH,KHAKNAR,50
MADHYA PRADESH,KHALWA,51
MADHYA PRADESH,KHANDWA,52
MADHYA PRADESH,KHANIADHANA,53
MADHYA PRADESH,KHARGONE,54
MADHYA PRADESH,KHATEGAON,55
MADHYA PRADESH,KHILCHIPUR,56
MADHYA PRADESH,KHIRKIYA,57
MADHYA PRADESH,KHURAI,58
MADHYA PRADESH,KIRNAPUR,59
MADHYA PRADESH,KOLARAS,60
MADHYA PRADESH,KOTMA,61
MADHYA PRADESH,KUKSHI,62
MADHYA PRADESH,KUNDAM,63
MADHYA PRADESH,KURAI,64
MADHYA PRADESH,KURWAI,65
MADHYA PRADESH,KUSMI,66
MADHYA PRADESH,LAHAR,67
MADHYA PRADESH,LAKHNADON,68
MADHYA PRADESH,LALBARRA,69
MADHYA PRADESH,LANJI,70
MADHYA PRADESH,LATERI,71
MADHYA PRADESH,LAUNDI,72
MADHYA PRADESH,MAHESHWAR,73
MADHYA PRADESH,MAHIDPUR,74
MADHYA PRADESH,MAIHAR,75
MADHYA PRADESH,MAJHAULI,76
MADHYA PRADESH,MAJHGAWAN,77
MADHYA PRADESH,MAJHOULI,78
MADHYA PRADESH,MALHARGARH,79
MADHYA PRADESH,MALTHONE,80
MADHYA PRADESH,MANASA,81
MADHYA PRADESH,MANAWAR,82
MADHYA PRADESH,MANDLA,83
MADHYA PRADESH,MANDSAUR,84
MADHYA PRADESH,MANPUR,85
MADHYA PRADESH,MAUGANJ,86
MADHYA PRADESH,MAWAI,87
MADHYA PRADESH,MEGHNAGAR,88
MADHYA PRADESH,MEHANDWANI,89
MADHYA PRADESH,MEHGAON,90
MADHYA PRADESH,MHOW,91
MADHYA PRADESH,MOHGAON,92
MADHYA PRADESH,MOHKHED,93
MADHYA PRADESH,MOMAN BADODIA,94
MADHYA PRADESH,MORAR,95
MADHYA PRADESH,MORENA,96
MADHYA PRADESH,MULTAI,97
MADHYA PRADESH,MUNGAOLI,98
MADHYA PRADESH,NAGOD,99
MADHYA PRADESH,NAIGARHI,100
MADHYA PRADESH,NAINPUR,1
MADHYA PRADESH,NALCHHA,2
MADHYA PRADESH,NALKHEDA,3
MADHYA PRADESH,NARAYANGANJ,4
MADHYA PRADESH,NARSIMHAPUR,5
MADHYA PRADESH,NARSINGHGARH,6
MADHYA PRADESH,NARWAR,7
MADHYA PRADESH,NASRULLAGANJ,8
MADHYA PRADESH,NATERAN,9
MADHYA PRADESH,NEEMUCH,10
MADHYA PRADESH,NEWALI,11
MADHYA PRADESH,NISARPUR,12
MADHYA PRADESH,NIWARI,13
MADHYA PRADESH,NIWAS,14
MADHYA PRADESH,NOWGONG,15
MADHYA PRADESH,OBAIDALLAGANJ,16
MADHYA PRADESH,PAHADGARH,17
MADHYA PRADESH,PALERA,18
MADHYA PRADESH,PALI,19
MADHYA PRADESH,PANAGAR,20
MADHYA PRADESH,PANDHANA,21
MADHYA PRADESH,PANDHURNA,22
MADHYA PRADESH,PANNA,23
MADHYA PRADESH,PANSEMAL,24
MADHYA PRADESH,PARASIA,25
MADHYA PRADESH,PARASWADA,26
MADHYA PRADESH,PATAN,27
MADHYA PRADESH,PATERA,28
MADHYA PRADESH,PATHARIYA,29
MADHYA PRADESH,PATI,30
MADHYA PRADESH,PAWAI,31
MADHYA PRADESH,PETLAWAD,32
MADHYA PRADESH,PHANDA,33
MADHYA PRADESH,PICHHORE,34
MADHYA PRADESH,PIPARIYA,35
MADHYA PRADESH,PIPLODA,36
MADHYA PRADESH,POHRI,37
MADHYA PRADESH,PORSA,38
MADHYA PRADESH,PRABHAT PATTAN,39
MADHYA PRADESH,PRITHVIPUR,40
MADHYA PRADESH,PUNASA,41
MADHYA PRADESH,PUSHPRAJGARH,42
MADHYA PRADESH,RAGHOGARH,43
MADHYA PRADESH,RAHATGARH,44
MADHYA PRADESH,RAIPUR KARCHULIYAN,45
MADHYA PRADESH,RAJGARH,46
MADHYA PRADESH,RAJNAGAR,47
MADHYA PRADESH,RAJPUR,48
MADHYA PRADESH,RAMA,49
MADHYA PRADESH,RAMNAGAR,50
MADHYA PRADESH,RAMPUR BAGHELAN,51
MADHYA PRADESH,RAMPUR NAIKIN,52
MADHYA PRADESH,RANAPUR,53
MADHYA PRADESH,RAON,54
MADHYA PRADESH,RATLAM,55
MADHYA PRADESH,REHLI,56
MADHYA PRADESH,REWA,57
MADHYA PRADESH,RITHI,58
MADHYA PRADESH,SABALGARH,59
MADHYA PRADESH,SAGAR,60
MADHYA PRADESH,SAILANA,61
MADHYA PRADESH,SAINKHEDA,62
MADHYA PRADESH,SAMNAPUR,63
MADHYA PRADESH,SANCHI,64
MADHYA PRADESH,SANWER,65
MADHYA PRADESH,SARANGPUR,66
MADHYA PRADESH,SARDARPUR,67
MADHYA PRADESH,SAUSAR,68
MADHYA PRADESH,SEGAON,69
MADHYA PRADESH,SEHORE,70
MADHYA PRADESH,SENDHAWA,71
MADHYA PRADESH,SEONDHA,72
MADHYA PRADESH,SEONI,73
MADHYA PRADESH,SEONI MALWA,74
MADHYA PRADESH,SHAHGARH,75
MADHYA PRADESH,SHAHNAGAR,76
MADHYA PRADESH,SHAHPUR,77
MADHYA PRADESH,SHAHPURA,78
MADHYA PRADESH,SHAJAPUR,79
MADHYA PRADESH,SHEOPUR,80
MADHYA PRADESH,SHIVPURI,81
MADHYA PRADESH,SHUJALPUR,82
MADHYA PRADESH,SIDHI,83
MADHYA PRADESH,SIHAWAL,84
MADHYA PRADESH,SIHORA,85
MADHYA PRADESH,SILWANI,86
MADHYA PRADESH,SIRMOUR,87
MADHYA PRADESH,SIRONJ,88
MADHYA PRADESH,SITAMAU,89
MADHYA PRADESH,SOHAGPUR,90
MADHYA PRADESH,SOHAWAL,91
MADHYA PRADESH,SONDWA,92
MADHYA PRADESH,SONKATCH,93
MADHYA PRADESH,SUSNER,94
MADHYA PRADESH,TAMIA,95
MADHYA PRADESH,TARANA,96
MADHYA PRADESH,TENDUKHEDA,97
MADHYA PRADESH,TEONTHAR,98
MADHYA PRADESH,THANDLA,99
MADHYA PRADESH,THIKRI,100
MADHYA PRADESH,TIKAMGARH,1
MADHYA PRADESH,TIMARNI,2
MADHYA PRADESH,TIRLA,3
MADHYA PRADESH,TONK KHURD,4
MADHYA PRADESH,UDAIGARH,5
MADHYA PRADESH,UDAIPURA,6
MADHYA PRADESH,UJJAIN,7
MADHYA PRADESH,UMARBAN,8
MADHYA PRADESH,UNCHAHARA,9
MADHYA PRADESH,VIDISHA,10
MADHYA PRADESH,VIJAYPUR,11
MADHYA PRADESH,VIJAYRAGHAVGARH,12
MADHYA PRADESH,WARASEONI,13
MADHYA PRADESH,ZIRANYA,14
MADHYA PRADESH,ZIRAPUR,15
MAHARASHTRA,ACHALPUR,16
MAHARASHTRA,AHEMADPUR,17
MAHARASHTRA,AHERI,18
MAHARASHTRA,AJARA,19
MAHARASHTRA,AKARANI,20
MAHARASHTRA,AKKALKOT,21
MAHARASHTRA,AKKALKUWA,22
MAHARASHTRA,AKOLA,23
MAHARASHTRA,AKOLE,24
MAHARASHTRA,AKOT,25
MAHARASHTRA,ALIBAG,26
MAHARASHTRA,AMALNER,27
MAHARASHTRA,AMBAD,28
MAHARASHTRA,AMBAJOGAI,29
MAHARASHTRA,AMBEGAON,30
MAHARASHTRA,AMBERNATH,31
MAHARASHTRA,AMGAON,32
MAHARASHTRA,AMRAVATI,33
MAHARASHTRA,ANJANGAON S,34
MAHARASHTRA,ARDHAPUR,35
MAHARASHTRA,ARJUNI MORGAON,36
MAHARASHTRA,ARMORI,37
MAHARASHTRA,ARNI,38
MAHARASHTRA,ARVI,39
MAHARASHTRA,ASHTI,40
MAHARASHTRA,ATPADI,41
MAHARASHTRA,AUNDHA NAGNATH,42
MAHARASHTRA,AURANGABAD,43
MAHARASHTRA,AUSA,44
MAHARASHTRA,BABHULGAON,45
MAHARASHTRA,BADNAPUR,46
MAHARASHTRA,BAGLAN,47
MAHARASHTRA,BALAPUR,48
MAHARASHTRA,BALLARPUR,49
MAHARASHTRA,BARAMATI,50
MAHARASHTRA,BARSHI,51
MAHARASHTRA,BARSHITAKLI,52
MAHARASHTRA,BASMAT,53
MAHARASHTRA,BEED,54
MAHARASHTRA,BHADGAON,55
MAHARASHTRA,BHADRAWATI,56
MAHARASHTRA,BHAMARAGAD,57
MAHARASHTRA,BHANDARA,58
MAHARASHTRA,BHATKULI,59
MAHARASHTRA,BHIVAPUR,60
MAHARASHTRA,BHIWANDI,61
MAHARASHTRA,BHOKAR,62
MAHARASHTRA,BHOKARDAN,63
MAHARASHTRA,BHOOM,64
MAHARASHTRA,BHOR,65
MAHARASHTRA,BHUDARGAD,66
MAHARASHTRA,BHUSAWAL,67
MAHARASHTRA,BILOLI,68
MAHARASHTRA,BODWAD,69
MAHARASHTRA,BRAHMAPURI,70
MAHARASHTRA,BULDANA,71
MAHARASHTRA,CHAKUR,72
MAHARASHTRA,CHALISGAON,73
MAHARASHTRA,CHAMORSHI,74
MAHARASHTRA,CHANDGAD,75
MAHARASHTRA,CHANDRAPUR,76
MAHARASHTRA,CHANDUR BZ,77
MAHARASHTRA,CHANDUR RIL,78
MAHARASHTRA,CHANDWAD,79
MAHARASHTRA,CHIKHALDARA,80
MAHARASHTRA,CHIKHLI,81
MAHARASHTRA,CHIMUR,82
MAHARASHTRA,CHIPALUN,83
MAHARASHTRA,CHOPDA,84
MAHARASHTRA,D. RAJA,85
MAHARASHTRA,DAHANU,86
MAHARASHTRA,DAPOLI,87
MAHARASHTRA,DARWHA,88
MAHARASHTRA,DARYAPUR,89
MAHARASHTRA,DAUND,90
MAHARASHTRA,DEGLUR,91
MAHARASHTRA,DEOGAD,92
MAHARASHTRA,DEOLA,93
MAHARASHTRA,DEOLI,94
MAHARASHTRA,DEONI,95
MAHARASHTRA,DEORI,96
MAHARASHTRA,DESAIGANJ (WADSA),97
MAHARASHTRA,DHAMANGAON RIL,98
MAHARASHTRA,DHANORA,99
MAHARASHTRA,DHARANGAON,100
MAHARASHTRA,DHARMABAD,1
MAHARASHTRA,DHARNI,2
MAHARASHTRA,DHARUR,3
MAHARASHTRA,DHULE,4
MAHARASHTRA,DIGRAS,5
MAHARASHTRA,DINDORI,6
MAHARASHTRA,DODAMARG,7
MAHARASHTRA,ERANDOL,8
MAHARASHTRA,ETAPALLI,9
MAHARASHTRA,GADCHIROLI,10
MAHARASHTRA,GADHINGLAJ,11
MAHARASHTRA,GAGAN BAVADA,12
MAHARASHTRA,GANGAKHED,13
MAHARASHTRA,GANGAPUR,14
MAHARASHTRA,GEORAI,15
MAHARASHTRA,GHANSAWANGI,16
MAHARASHTRA,GHATANJI,17
MAHARASHTRA,GONDIA,18
MAHARASHTRA,GONDPIPRI,19
MAHARASHTRA,GOREGAON,20
MAHARASHTRA,GUHAGAR,21
MAHARASHTRA,HADGAON,22
MAHARASHTRA,HATKANANGALE,23
MAHARASHTRA,HAVELI,24
MAHARASHTRA,HIMAYATNAGAR,25
MAHARASHTRA,HINGANGHAT,26
MAHARASHTRA,HINGNA,27
MAHARASHTRA,HINGOLI,28
MAHARASHTRA,IGATPURI,29
MAHARASHTRA,INDAPUR,30
MAHARASHTRA,JAFRABAD,31
MAHARASHTRA,JALGAON,32
MAHARASHTRA,JALGAONJAMOD,33
MAHARASHTRA,JALKOT,34
MAHARASHTRA,JALNA,35
MAHARASHTRA,JAMKHED,36
MAHARASHTRA,JAMNER,37
MAHARASHTRA,JATH,38
MAHARASHTRA,JAWALI,39
MAHARASHTRA,JAWHAR,40
MAHARASHTRA,JINTUR,41
MAHARASHTRA,JIWATI,42
MAHARASHTRA,JUNNAR,43
MAHARASHTRA,KADEGAON,44
MAHARASHTRA,KAGAL,45
MAHARASHTRA,KAIJ,46
MAHARASHTRA,KALAMB,47
MAHARASHTRA,KALAMNURI,48
MAHARASHTRA,KALMESHWAR,49
MAHARASHTRA,KALWAN,50
MAHARASHTRA,KALYAN,51
MAHARASHTRA,KAMPTEE,52
MAHARASHTRA,KANAND,53
MAHARASHTRA,KANDHAR,54
MAHARASHTRA,KANKAVALI,55
MAHARASHTRA,KARAD,56
MAHARASHTRA,KARANJA,57
MAHARASHTRA,KARJAT,58
MAHARASHTRA,KARMALA,59
MAHARASHTRA,KARVEER,60
MAHARASHTRA,KATOL,61
MAHARASHTRA,KAVATHEMAHANKAL,62
MAHARASHTRA,KELAPUR,63
MAHARASHTRA,KHALAPUR,64
MAHARASHTRA,KHAMGAON,65
MAHARASHTRA,KHANAPUR-VITA,66
MAHARASHTRA,KHANDALA,67
MAHARASHTRA,KHATAV,68
MAHARASHTRA,KHED,69
MAHARASHTRA,KHULTABAD,70
MAHARASHTRA,KINWAT,71
MAHARASHTRA,KOPARGAON,72
MAHARASHTRA,KORCHI,73
MAHARASHTRA,KOREGAON,74
MAHARASHTRA,KORPANA,75
MAHARASHTRA,KUDAL,76
MAHARASHTRA,KUHI,77
MAHARASHTRA,KURKHEDA,78
MAHARASHTRA,LAKHANDUR,79
MAHARASHTRA,LAKHANI,80
MAHARASHTRA,LANJA,81
MAHARASHTRA,LATUR,82
MAHARASHTRA,LOHA,83
MAHARASHTRA,LOHARA,84
MAHARASHTRA,LONAR,85
MAHARASHTRA,MADHA,86
MAHARASHTRA,MAHABALESHWAR,87
MAHARASHTRA,MAHAD,88
MAHARASHTRA,MAHAGAON,89
MAHARASHTRA,MAHUR,90
MAHARASHTRA,MAJALGAON,91
MAHARASHTRA,MALEGAON,92
MAHARASHTRA,MALKAPUR,93
MAHARASHTRA,MALSHIRAS,94
MAHARASHTRA,MALVAN,95
MAHARASHTRA,MAN,96
MAHARASHTRA,MANDANGAD,97
MAHARASHTRA,MANGALVEDHE,98
MAHARASHTRA,MANGAON,99
MAHARASHTRA,MANGRULPIR,100
MAHARASHTRA,MANORA,1
MAHARASHTRA,MANTHA,2
MAHARASHTRA,MANWAT,3
MAHARASHTRA,MAREGAON,4
MAHARASHTRA,MAVAL,5
MAHARASHTRA,MEHKAR,6
MAHARASHTRA,MHASALA,7
MAHARASHTRA,MIRAJ,8
MAHARASHTRA,MODKHED,9
MAHARASHTRA,MOHADI,10
MAHARASHTRA,MOHOL,11
MAHARASHTRA,MOKHADA,12
MAHARASHTRA,MOKHED,13
MAHARASHTRA,MORSHI,14
MAHARASHTRA,MOTALA,15
MAHARASHTRA,MOUDA,16
MAHARASHTRA,MUKTAINAGAR,17
MAHARASHTRA,MUL,18
MAHARASHTRA,MULCHERA,19
MAHARASHTRA,MULSHI,20
MAHARASHTRA,Mumbai City,21
MAHARASHTRA,Mumbai Suburban,22
MAHARASHTRA,MURBAD,23
MAHARASHTRA,MURTIJAPUR,24
MAHARASHTRA,MURUD,25
MAHARASHTRA,NAGAR,26
MAHARASHTRA,NAGBHID,27
MAHARASHTRA,NAGPUR,28
MAHARASHTRA,Nagpur (urban),29
MAHARASHTRA,NAIGAON (KH),30
MAHARASHTRA,NANDED,31
MAHARASHTRA,NANDGAON,32
MAHARASHTRA,NANDGAON KH,33
MAHARASHTRA,NANDURA,34
MAHARASHTRA,NANDURBAR,35
MAHARASHTRA,NARKHED,36
MAHARASHTRA,NASHIK,37
MAHARASHTRA,NAVAPUR,38
MAHARASHTRA,NER,39
MAHARASHTRA,NEVASA,40
MAHARASHTRA,NILANGA,41
MAHARASHTRA,NIPHAD,42
MAHARASHTRA,OMERGA,43
MAHARASHTRA,OSMANABAD,44
MAHARASHTRA,PACHORA,45
MAHARASHTRA,PAITHAN,46
MAHARASHTRA,PALAM,47
MAHARASHTRA,PALGHAR,48
MAHARASHTRA,PALUS,49
MAHARASHTRA,PANDHARPUR,50
MAHARASHTRA,PANHALA,51
MAHARASHTRA,PANVEL,52
MAHARASHTRA,PARALI V .,53
MAHARASHTRA,PARANDA,54
MAHARASHTRA,PARBHANI,55
MAHARASHTRA,PARNER,56
MAHARASHTRA,PAROLA,57
MAHARASHTRA,PARSEONI,58
MAHARASHTRA,PARTUR,59
MAHARASHTRA,PATAN,60
MAHARASHTRA,PATHARDI,61
MAHARASHTRA,PATHRI,62
MAHARASHTRA,PATODA,63
MAHARASHTRA,PATUR,64
MAHARASHTRA,PAUNI,65
MAHARASHTRA,PEN,66
MAHARASHTRA,PETH,67
MAHARASHTRA,PHALTAN,68
MAHARASHTRA,PHULAMBRI,69
MAHARASHTRA,POLADPUR,70
MAHARASHTRA,POMBHURNA,71
MAHARASHTRA,PUNE CITY,72
MAHARASHTRA,PURANDAR,73
MAHARASHTRA,PURNA,74
MAHARASHTRA,PUSAD,75
MAHARASHTRA,RADHANAGARI,76
MAHARASHTRA,RAHATA,77
MAHARASHTRA,RAHURI,78
MAHARASHTRA,RAJAPUR,79
MAHARASHTRA,RAJURA,80
MAHARASHTRA,RALEGAON,81
MAHARASHTRA,RAMTEK,82
MAHARASHTRA,RATNAGIRI,83
MAHARASHTRA,RAVER,84
MAHARASHTRA,RENAPUR,85
MAHARASHTRA,RISOD,86
MAHARASHTRA,ROHA,87
MAHARASHTRA,SADAK ARJUNI,88
MAHARASHTRA,SAILU,89
MAHARASHTRA,SAKOLI,90
MAHARASHTRA,SAKRI,91
MAHARASHTRA,SALEKASA,92
MAHARASHTRA,SAMUDRAPUR,93
MAHARASHTRA,SANGAMNER,94
MAHARASHTRA,SANGMESHWAR,95
MAHARASHTRA,SANGOLA,96
MAHARASHTRA,SANGRAMPUR,97
MAHARASHTRA,SAOLI,98
MAHARASHTRA,SAONER,99
MAHARASHTRA,SATARA,100
MAHARASHTRA,SAWANTWADI,1
MAHARASHTRA,SELOO,2
MAHARASHTRA,SENGAON,3
MAHARASHTRA,SHAHADA,4
MAHARASHTRA,SHAHAPUR,5
MAHARASHTRA,SHAHUWADI,6
MAHARASHTRA,SHEGAON,7
MAHARASHTRA,SHEVGAON,8
MAHARASHTRA,SHINDKHEDE,9
MAHARASHTRA,SHIRALA,10
MAHARASHTRA,SHIROL,11
MAHARASHTRA,SHIRPUR,12
MAHARASHTRA,SHIRUR,13
MAHARASHTRA,SHIRUR ( KA ),14
MAHARASHTRA,SHIRUR ANANTPAL,15
MAHARASHTRA,SHRIGONDA,16
MAHARASHTRA,SHRIRAMPUR,17
MAHARASHTRA,SHRIVARDHAN,18
MAHARASHTRA,SILLOD,19
MAHARASHTRA,SINDEWAHI,20
MAHARASHTRA,SINDKHEDRAJA,21
MAHARASHTRA,SINNAR,22
MAHARASHTRA,SIRONCHA,23
MAHARASHTRA,SOEGAON,24
MAHARASHTRA,SOLAPUR NORTH,25
MAHARASHTRA,SONPETH,26
MAHARASHTRA,SOUTH SOLAPUR,27
MAHARASHTRA,SUDHAGAD,28
MAHARASHTRA,SURGANA,29
MAHARASHTRA,TALA,30
MAHARASHTRA,TALASARI,31
MAHARASHTRA,TALODA,32
MAHARASHTRA,TASGAON,33
MAHARASHTRA,TELHARA,34
MAHARASHTRA,Thane,35
MAHARASHTRA,TIRORA,36
MAHARASHTRA,TIWSA,37
MAHARASHTRA,TRIMBAK,38
MAHARASHTRA,TULJAPUR,39
MAHARASHTRA,TUMSAR,40
MAHARASHTRA,UDGIR,41
MAHARASHTRA,Ulhasnagar,42
MAHARASHTRA,UMARKHED,43
MAHARASHTRA,UMRED,44
MAHARASHTRA,UMRI,45
MAHARASHTRA,URAN,46
MAHARASHTRA,VAIBHAVAWADI,47
MAHARASHTRA,VAIJAPUR,48
MAHARASHTRA,VALVA-ISLAMPUR,49
MAHARASHTRA,VASAI,50
MAHARASHTRA,VELHE,51
MAHARASHTRA,VENGURLA,52
MAHARASHTRA,VIKRAMGAD,53
MAHARASHTRA,WADA,54
MAHARASHTRA,WADWANI,55
MAHARASHTRA,WAI,56
MAHARASHTRA,WANI,57
MAHARASHTRA,WARDHA,58
MAHARASHTRA,WARORA,59
MAHARASHTRA,WARUD,60
MAHARASHTRA,WASHI,61
MAHARASHTRA,WASHIM,62
MAHARASHTRA,YAVATMAL,63
MAHARASHTRA,YAWAL,64
MAHARASHTRA,YEOLA,65
MAHARASHTRA,ZARI JAMNI,66
MANIPUR,BISHNUPUR,67
MANIPUR,CHAKPIKARONG,68
MANIPUR,CHANDEL,69
MANIPUR,CHINGAI,70
MANIPUR,HAORANGSABAL,71
MANIPUR,Henglep,72
MANIPUR,JIRIBAM C D BLOCK,73
MANIPUR,KAKCHING,74
MANIPUR,KAMJONG,75
MANIPUR,KANGPOKPI,76
MANIPUR,KASOM KHULLEN,77
MANIPUR,KEIRAO CD BLOCK,78
MANIPUR,KHOUPUM,79
MANIPUR,Lamka South,80
MANIPUR,LILONG CD BLOCK,81
MANIPUR,MACHI,82
MANIPUR,MOIRANG,83
MANIPUR,Nambol,84
MANIPUR,NUNGBA,85
MANIPUR,PAOMATA,86
MANIPUR,PATSOI,87
MANIPUR,PHUNGYAR,88
MANIPUR,PURUL,89
MANIPUR,Saikot,90
MANIPUR,SAIKUL,91
MANIPUR,SAITU GAMPHAZOL,92
MANIPUR,Samulamlan,93
MANIPUR,Sawombung CD Block,94
MANIPUR,Singngat,95
MANIPUR,TADUBI,96
MANIPUR,TAMEI,97
MANIPUR,TAMENGLONG,98
MANIPUR,TENGNOUPAL,99
MANIPUR,Thanlon,100
MANIPUR,THOUBAL,1
MANIPUR,TOUSEM,2
MANIPUR,Tuibong,3
MANIPUR,UKHRUL,4
MANIPUR,WANGOI,5
MEGHALAYA,AMLAREM,6
MEGHALAYA,BAGHMARA,7
MEGHALAYA,BETASING,8
MEGHALAYA,CHOKPOT,9
MEGHALAYA,DADENGGIRI,10
MEGHALAYA,DALU,11
MEGHALAYA,DAMBO RONGJENG,12
MEGHALAYA,GAMBEGRE,13
MEGHALAYA,GASUAPARA,14
MEGHALAYA,JIRANG,15
MEGHALAYA,KHADARSHNONG-LAITKROH,16
MEGHALAYA,KHARKUTTA,17
MEGHALAYA,KHLIEHRIAT,18
MEGHALAYA,LASKEIN,19
MEGHALAYA,MAIRANG,20
MEGHALAYA,MAWKYNREW,21
MEGHALAYA,MAWKYRWAT,22
MEGHALAYA,MAWPHLANG,23
MEGHALAYA,MAWRYNGKNENG,24
MEGHALAYA,MAWSHYNRUT,25
MEGHALAYA,MAWSYNRAM,26
MEGHALAYA,MAWTHADRAISHAN,27
MEGHALAYA,MYLLIEM,28
MEGHALAYA,NONGSTOIN,29
MEGHALAYA,PYNURSLA,30
MEGHALAYA,RANIKOR,31
MEGHALAYA,RESUBELPARA,32
MEGHALAYA,RONGARA,33
MEGHALAYA,RONGRAM,34
MEGHALAYA,SAIPUNG,35
MEGHALAYA,SALSELLA,36
MEGHALAYA,SAMANDA,37
MEGHALAYA,SHELLA BHOLAGANJ,38
MEGHALAYA,SONGSAK,39
MEGHALAYA,THADLASKEIN,40
MEGHALAYA,TIKRIKILLA,41
MEGHALAYA,UMLING,42
MEGHALAYA,UMSNING,43
MEGHALAYA,ZIKZAK,44
MIZORAM,AIBAWK,45
MIZORAM,BILKHAWTHLIR,46
MIZORAM,BUNGHMUN,47
MIZORAM,BUNGTLANG SOUTH,48
MIZORAM,CHAMPHAI,49
MIZORAM,CHAWNGTE,50
MIZORAM,DARLAWN,51
MIZORAM,East Lungdar,52
MIZORAM,HNAHTHIAL,53
MIZORAM,KHAWBUNG,54
MIZORAM,KHAWZAWL,55
MIZORAM,LAWNGTLAI,56
MIZORAM,LUNGLEI,57
MIZORAM,LUNGSEN,58
MIZORAM,NGOPA,59
MIZORAM,PHULLEN,60
MIZORAM,REIEK,61
MIZORAM,SAIHA,62
MIZORAM,SANGAU,63
MIZORAM,Serchhip,64
MIZORAM,THINGDAWL,65
MIZORAM,THINGSULTHLIAH,66
MIZORAM,TLANGNUAM,67
MIZORAM,TUIPANG,68
MIZORAM,WEST PHAILENG,69
MIZORAM,ZAWLNUAM,70
NAGALAND,Aboi,71
NAGALAND,AGHUNAQA,72
NAGALAND,Akuhaito,73
NAGALAND,AKULUTO,74
NAGALAND,ANGJANGYANG,75
NAGALAND,ATHIBUNG,76
NAGALAND,BHANDARI,77
NAGALAND,Botsa,78
NAGALAND,Changpang,79
NAGALAND,CHANGTONGYA,80
NAGALAND,CHARE,81
NAGALAND,CHEN,82
NAGALAND,CHESSORE,83
NAGALAND,CHETHEBA,84
NAGALAND,CHIEPHOBOZOU,85
NAGALAND,CHIZAMI,86
NAGALAND,Chuchuyimlang,87
NAGALAND,CHUKITONG,88
NAGALAND,CHUMUKEDIMA,89
NAGALAND,Chunlikha,90
NAGALAND,DHANSIRIPAR,91
NAGALAND,GHATHASHI,92
NAGALAND,JAKHAMA,93
NAGALAND,JALUKIE,94
NAGALAND,KHONSA,95
NAGALAND,KIKRUMA,96
NAGALAND,KIPHIRE,97
NAGALAND,KOHIMA,98
NAGALAND,KUBOLONG,99
NAGALAND,KUHUBOTO,100
NAGALAND,LONGCHEM,1
NAGALAND,LONGKHIM,2
NAGALAND,LONGLENG,3
NAGALAND,LONGMATRA,4
NAGALAND,MANGKOLEMBA,5
NAGALAND,MEDZIPHEMA,6
NAGALAND,MELURI,7
NAGALAND,MON,8
NAGALAND,NIULAND,9
NAGALAND,NOKLAK,10
NAGALAND,NOKSEN,11
NAGALAND,ONGPANGKONG(NORTH),12
NAGALAND,ONGPANGKONG(SOUTH),13
NAGALAND,PANSO,14
NAGALAND,PEREN,15
NAGALAND,PFUTSERO,16
NAGALAND,PHEK,17
NAGALAND,PHOMCHING,18
NAGALAND,PUNGRO,19
NAGALAND,Ralan,20
NAGALAND,Sakshi,21
NAGALAND,SANGSANGYU,22
NAGALAND,SANIS,23
NAGALAND,SATAKHA,24
NAGALAND,Satoi,25
NAGALAND,Sechu Zubza,26
NAGALAND,SEKRUZU,27
NAGALAND,SHAMATOR,28
NAGALAND,SITIMI,29
NAGALAND,SURUHOTO,30
NAGALAND,TAMLU,31
NAGALAND,TENNING,32
NAGALAND,THONOKNYU,33
NAGALAND,TIZIT,34
NAGALAND,TOBU,35
NAGALAND,TOKIYE,36
NAGALAND,TSEMINYU,37
NAGALAND,Tsurangkong,38
NAGALAND,Tuli,39
NAGALAND,WAKCHING,40
NAGALAND,WEZIHO,41
NAGALAND,WOKHA,42
NAGALAND,WOZHURO-RALAN,43
NAGALAND,ZUNHEBOTO,44
ODISHA,AGALPUR,45
ODISHA,AMBABHONA,46
ODISHA,ANANDAPUR,47
ODISHA,ANUGUL,48
ODISHA,ASKA,49
ODISHA,ASTARANGA,50
ODISHA,ATHAGAD,51
ODISHA,ATHMALLIK,52
ODISHA,ATTABIRA,53
ODISHA,AUL,54
ODISHA,BADAMBA,55
ODISHA,BADASAHI,56
ODISHA,BADCHANA,57
ODISHA,BAHALDA,58
ODISHA,BAHANAGA,59
ODISHA,BALANGIR,60
ODISHA,BALESHWAR,61
ODISHA,BALIANTA,62
ODISHA,BALIAPAL,63
ODISHA,BALIGUDA,64
ODISHA,BALIKUDA,65
ODISHA,BALIPATNA,66
ODISHA,BALISANKARA,67
ODISHA,BAMRA,68
ODISHA,BANAPUR,69
ODISHA,BANARPAL,70
ODISHA,BANDHUGAON,71
ODISHA,BANGOMUNDA,72
ODISHA,BANGRIPOSI,73
ODISHA,BANKI,74
ODISHA,BANKI- DAMPARA,75
ODISHA,BANSAPAL,76
ODISHA,BARANGA,77
ODISHA,BARGAON,78
ODISHA,BARGARH,79
ODISHA,BARI,80
ODISHA,BARIPADA,81
ODISHA,BARKOTE,82
ODISHA,BARPALI,83
ODISHA,BASTA,84
ODISHA,BASUDEVPUR,85
ODISHA,BEGUNIA,86
ODISHA,BEGUNIAPADA,87
ODISHA,BELLAGUNTHA,88
ODISHA,BELPARA,89
ODISHA,BETNOTI,90
ODISHA,BHADRAK,91
ODISHA,BHANDARIPOKHARI,92
ODISHA,BHANJANAGAR,93
ODISHA,BHAPUR,94
ODISHA,BHATLI,95
ODISHA,BHAWANIPATNA,96
ODISHA,BHEDEN,97
ODISHA,BHOGRAI,98
ODISHA,BHUBAN,99
ODISHA,BHUBANESWAR,100
ODISHA,BIJATALA,1
ODISHA,BIJEPUR,2
ODISHA,BINIKA,3
ODISHA,BINJHARPUR,4
ODISHA,BIRIDI,5
ODISHA,BIRMAHARAJPUR,6
ODISHA,BISOI,7
ODISHA,BISRA,8
ODISHA,BISSAMCUTTACK,9
ODISHA,BODEN,10
ODISHA,BOIPARIGUDA,11
ODISHA,BOLAGARH,12
ODISHA,BONAIGARH,13
ODISHA,BONTH,14
ODISHA,BORIGUMMA,15
ODISHA,BOUDH,16
ODISHA,BRAHMAGIRI,17
ODISHA,BUGUDA,18
ODISHA,CHAKAPAD,19
ODISHA,CHAMPUA,20
ODISHA,CHANDABALI,21
ODISHA,CHANDAHANDI,22
ODISHA,CHANDRAPUR,23
ODISHA,CHATRAPUR,24
ODISHA,CHHENDIPADA,25
ODISHA,CHIKITI,26
ODISHA,CHILIKA,27
ODISHA,CHITRAKONDA,28
ODISHA,CUTTACKSADAR,29
ODISHA,DABUGAM,30
ODISHA,DAHRMASALA,31
ODISHA,DANAGADI,32
ODISHA,DARINGIBADI,33
ODISHA,DASAMANTAPUR,34
ODISHA,DASAPALLA,35
ODISHA,DASARATHAPUR,36
ODISHA,DELANGA,37
ODISHA,DEOGAON,38
ODISHA,DERABISH,39
ODISHA,DHAMANAGAR,40
ODISHA,DHANKAUDA,41
ODISHA,DHARAKOTE,42
ODISHA,DHARAMAGARH,43
ODISHA,DHENKANAL SADAR,44
ODISHA,DIGAPAHANDI,45
ODISHA,DUNGURIPALI,46
ODISHA,ERASAMA,47
ODISHA,G.UDAYAGIRI,48
ODISHA,GAISILET,49
ODISHA,GANIA,50
ODISHA,GANJAM,51
ODISHA,GARADAPUR,52
ODISHA,GHASIPURA,53
ODISHA,GHATGAON,54
ODISHA,GOLAMUNDA,55
ODISHA,GONDIA,56
ODISHA,GOP,57
ODISHA,GOPABANDHUNAGAR,58
ODISHA,GOSANI,59
ODISHA,GUDARI,60
ODISHA,GUDVELLA,61
ODISHA,GUMMA,62
ODISHA,GUNUPUR,63
ODISHA,GURUNDIA,64
ODISHA,HARABHANGA,65
ODISHA,HARICHADANPUR,66
ODISHA,HATADIHI,67
ODISHA,HEMGIR,68
ODISHA,HINDOL,69
ODISHA,HINJILICUT,70
ODISHA,JAGANNATHPRASAD,71
ODISHA,JAGATSINGHPUR,72
ODISHA,JAJPUR,73
ODISHA,JALESWAR,74
ODISHA,JAMANKIRA,75
ODISHA,JAMDA,76
ODISHA,JATNI,77
ODISHA,JAYAPATNA,78
ODISHA,JEYPORE,79
ODISHA,JHARBANDH,80
ODISHA,JHARIGAM,81
ODISHA,JHARSUGUDA,82
ODISHA,JHUMPURA,83
ODISHA,JODA,84
ODISHA,JOSHIPUR,85
ODISHA,JUJOMURA,86
ODISHA,JUNAGARH,87
ODISHA,K.NUAGAN,88
ODISHA,KABISURYANAGAR,89
ODISHA,KAKAT PUR,90
ODISHA,KALAMPUR,91
ODISHA,KALIMELA,92
ODISHA,KALYANSINGPUR,93
ODISHA,KAMAKHYANAGAR,94
ODISHA,KANAS,95
ODISHA,KANIHA,96
ODISHA,KANKADA HAD,97
ODISHA,KANTAMAL,98
ODISHA,KANTAPADA,99
ODISHA,KAPTIPADA,100
ODISHA,KARANJIA,1
ODISHA,KARLAMUNDA,2
ODISHA,KASINAGAR,3
ODISHA,KASIPUR,4
ODISHA,KENDRAPADA,5
ODISHA,KENDUJHAR SADAR,6
ODISHA,KESINGA,7
ODISHA,KHAIRA,8
ODISHA,KHAIRAPUT,9
ODISHA,KHAJURIPADA,10
ODISHA,KHALLIKOTE,11
ODISHA,KHANDAPARA,12
ODISHA,KHAPRAKHOL,13
ODISHA,KHARIAR,14
ODISHA,KHORDHA,15
ODISHA,KHUNTA,16
ODISHA,KIRMIRA,17
ODISHA,KISHORENAGAR,18
ODISHA,KOIDA,19
ODISHA,KOKASARA,20
ODISHA,KOLABIRA,21
ODISHA,KOLNARA,22
ODISHA,KOMNA,23
ODISHA,KORAPUT,24
ODISHA,KOREI,25
ODISHA,KORUKONDA,26
ODISHA,KOSAGUMUDA,27
ODISHA,KOTAGARH,28
ODISHA,KOTPAD,29
ODISHA,KRUSHNAPRASAD,30
ODISHA,KUARMUNDA,31
ODISHA,KUCHINDA,32
ODISHA,KUJANG,33
ODISHA,KUKUDAKHANDI,34
ODISHA,KULIANA,35
ODISHA,KUNDURA,36
ODISHA,KUSUMI,37
ODISHA,KUTRA,38
ODISHA,LAHUNIPARA,39
ODISHA,LAIKERA,40
ODISHA,LAKHANPUR,41
ODISHA,LAMTAPUT,42
ODISHA,LANJIGARH,43
ODISHA,LATHIKATA,44
ODISHA,LAXMIPUR,45
ODISHA,LEPHRIPARA,46
ODISHA,LOISINGA,47
ODISHA,MADANPUR RAMPUR,48
ODISHA,MAHAKALAPADA,49
ODISHA,MAHANGA,50
ODISHA,MALKANGIRI,51
ODISHA,MANESWAR,52
ODISHA,MARSAGHAI,53
ODISHA,MATHILI,54
ODISHA,MOHANA,55
ODISHA,MORADA,56
ODISHA,MUNIGUDA,57
ODISHA,MURIBAHAL,58
ODISHA,NABARANGPUR,59
ODISHA,NAKTIDEUL,60
ODISHA,NANDAHANDI,61
ODISHA,NANDAPUR,62
ODISHA,NARALA,63
ODISHA,NARASINGHPUR,64
ODISHA,NARAYAN PATANA,65
ODISHA,NAUGAON,66
ODISHA,NAYAGARH,67
ODISHA,NIALI,68
ODISHA,NILGIRI,69
ODISHA,NIMAPADA,70
ODISHA,NISCHINTA KOILI,71
ODISHA,NUAGADA,72
ODISHA,NUAGAON,73
ODISHA,NUAPADA,74
ODISHA,ODAGAON,75
ODISHA,ODAPADA,76
ODISHA,OUPADA,77
ODISHA,PADAMPUR,78
ODISHA,PADMAPUR,79
ODISHA,PAIKMAL,80
ODISHA,PALALAHADA,81
ODISHA,PAPADAHANDI,82
ODISHA,PARJANG,83
ODISHA,PATANA,84
ODISHA,PATNAGARH,85
ODISHA,PATRAPUR,86
ODISHA,PATTAMUNDAI,87
ODISHA,PHIRINGIA,88
ODISHA,PHULBANI,89
ODISHA,PIPILI,90
ODISHA,PODIA,91
ODISHA,POLOSARA,92
ODISHA,POTTANGI,93
ODISHA,PUINTALA,94
ODISHA,PURUSHOTTAMPUR,95
ODISHA,R.UDAYAGIRI,96
ODISHA,RAGHUNATHPUR,97
ODISHA,RAIGHAR,98
ODISHA,RAIKIA,99
ODISHA,RAIRAKHOL,100
ODISHA,RAIRANGPUR,1
ODISHA,RAJGANGPUR,2
ODISHA,RAJKANIKA,3
ODISHA,RAJNAGAR,4
ODISHA,RAMANAGUDA,5
ODISHA,RANAPUR,6
ODISHA,RANGEILUNDA,7
ODISHA,RARUAN,8
ODISHA,RASGOVINDPUR,9
ODISHA,RASULPUR,10
ODISHA,RAYAGADA,11
ODISHA,REAMAL,12
ODISHA,REMUNA,13
ODISHA,RENGALI,14
ODISHA,SADAR,15
ODISHA,SAHARAPADA,16
ODISHA,SAINTALA,17
ODISHA,SALEPUR,18
ODISHA,SAMAKHUNTA,19
ODISHA,SANAKHEMUNDI,20
ODISHA,SARASKANA,21
ODISHA,SATYABADI,22
ODISHA,SEMILIGUDA,23
ODISHA,SHERAGADA,24
ODISHA,SIMULIA,25
ODISHA,SINAPALI,26
ODISHA,SOHELLA,27
ODISHA,SONEPUR,28
ODISHA,SORO,29
ODISHA,SUBDEGA,30
ODISHA,SUKINDA,31
ODISHA,SUKRULI,32
ODISHA,SULIAPADA,33
ODISHA,SUNDARGARH,34
ODISHA,SURADA,35
ODISHA,TALACHER,36
ODISHA,TANGARPALI,37
ODISHA,TANGI,38
ODISHA,TANGI CHOUDWAR,39
ODISHA,TARBHA,40
ODISHA,TELKOI,41
ODISHA,TENTULIKHUNTI,42
ODISHA,THAKURMUNDA,43
ODISHA,THUAMUL RAM PUR,44
ODISHA,TIGIRIA,45
ODISHA,TIHIDI,46
ODISHA,TIKABALI,47
ODISHA,TILEIBANI,48
ODISHA,TIRING,49
ODISHA,TIRTOL,50
ODISHA,TITLAGARH,51
ODISHA,TUMUDIBANDH,52
ODISHA,TUREKELA,53
ODISHA,UDALA,54
ODISHA,ULLUNDA,55
ODISHA,UMERKOTE,56
PUDUCHERRY,ARIANKUPPAM,57
PUDUCHERRY,KARAIKAL,58
PUDUCHERRY,MAHE,59
PUDUCHERRY,OZHUKARAI,60
PUDUCHERRY,VILLIANUR,61
PUDUCHERRY,YANAM,62
PUNJAB,ABOHAR,63
PUNJAB,ADAMPUR,64
PUNJAB,Ahmedgarh,65
PUNJAB,AHMEDGARH,66
PUNJAB,AJNALA,67
PUNJAB,Amargarh,68
PUNJAB,AMLOH,69
PUNJAB,ANANDPUR SAHIB,70
PUNJAB,ANDANA,71
PUNJAB,Arniwala Shiekh Subhan,72
PUNJAB,ATTARI,73
PUNJAB,AUR,74
PUNJAB,BAGHAPURANA,75
PUNJAB,BALACHAUR,76
PUNJAB,BAMIAL,77
PUNJAB,BANGA,78
PUNJAB,BARNALA,79
PUNJAB,BASSI PATHANA,80
PUNJAB,BATALA,81
PUNJAB,BATHINDA,82
PUNJAB,BHAGTA BHAIKA,83
PUNJAB,BHAWANI GARH,84
PUNJAB,BHIKHI,85
PUNJAB,BHIKHI WIND-13,86
PUNJAB,BHOGPUR,87
PUNJAB,BHUNER HERI,88
PUNJAB,BHUNGA,89
PUNJAB,BUDHLADA,90
PUNJAB,CHAMKAUR SAHIB,91
PUNJAB,CHOGAWAN,92
PUNJAB,CHOHLA SAHIB-8,93
PUNJAB,DASUYA,94
PUNJAB,DEHLON,95
PUNJAB,DERA BABA NANAK,96
PUNJAB,DERA BASSI,97
PUNJAB,DHARIWAL,98
PUNJAB,DHARKALAN,99
PUNJAB,DHILWAN,100
PUNJAB,DHURI,1
PUNJAB,DINANAGAR,2
PUNJAB,DIRBA,3
PUNJAB,DORAHA,4
PUNJAB,DORANGLA,5
PUNJAB,FARIDKOT,6
PUNJAB,FATEHGARH CHURIAN,7
PUNJAB,FAZILKA,8
PUNJAB,FIROZPUR,9
PUNJAB,GANDIWIND-9,10
PUNJAB,GARHSHANKAR,11
PUNJAB,GHALL KHURD,12
PUNJAB,GHANAUR,13
PUNJAB,GHAROTA,14
PUNJAB,GIDDERBAHA,15
PUNJAB,GONIANA,16
PUNJAB,GURDASPUR,17
PUNJAB,GURU HAR SAHAI,18
PUNJAB,HAJIPUR,19
PUNJAB,HARSHE CHHINA,20
PUNJAB,HOSHIARPUR-I,21
PUNJAB,HOSHIARPUR-II,22
PUNJAB,JAGRAON,23
PUNJAB,Jaitu,24
PUNJAB,JALALABAD,25
PUNJAB,JALANDHAR - WEST,26
PUNJAB,JALANDHAR-EAST,27
PUNJAB,JANDIALA GURU,28
PUNJAB,JHUNIR,29
PUNJAB,KAHNUWAN,30
PUNJAB,KALANAUR,31
PUNJAB,KAPURTHALA,32
PUNJAB,KHADUR-SAHIB-10,33
PUNJAB,KHAMANO,34
PUNJAB,KHANNA,35
PUNJAB,KHARAR,36
PUNJAB,KHERA,37
PUNJAB,KHUIAN SARWAR,38
PUNJAB,KOT KAPURA,39
PUNJAB,KOT-ISE-KHAN,40
PUNJAB,LAMBI,41
PUNJAB,LEHRAGAGA,42
PUNJAB,LOHIAN,43
PUNJAB,LUDHIANA-1,44
PUNJAB,LUDHIANA-2,45
PUNJAB,MACHHIWARA,46
PUNJAB,MAHILPUR,47
PUNJAB,MAJITHA,48
PUNJAB,MAJRI,49
PUNJAB,MAKHU,50
PUNJAB,Maloud,51
PUNJAB,MALOUT,52
PUNJAB,MAMDOT,53
PUNJAB,MANSA,54
PUNJAB,MAUR,55
PUNJAB,MEHAL KALAN,56
PUNJAB,MEHATPUR,57
PUNJAB,MOGA-I,58
PUNJAB,MOGA-II,59
PUNJAB,MOHALI,60
PUNJAB,MORINDA,61
PUNJAB,MUKERIAN,62
PUNJAB,MUKTSAR,63
PUNJAB,NABHA,64
PUNJAB,NADALA,65
PUNJAB,NAKODAR,66
PUNJAB,NAROT JAIMAL SINGH,67
PUNJAB,NATHANA,68
PUNJAB,NAUSHEHRA PANNUAN-11,69
PUNJAB,NAWANSHAHR,70
PUNJAB,NIHAL SINGH WALA,71
PUNJAB,NURMAHAL,72
PUNJAB,NURPUR BEDI,73
PUNJAB,PAKHOWAL,74
PUNJAB,PATHANKOT,75
PUNJAB,PATIALA,76
PUNJAB,PATIALA RURAL,77
PUNJAB,PATRAN,78
PUNJAB,PATTI-14,79
PUNJAB,PHAGWARA,80
PUNJAB,PHILLAUR,81
PUNJAB,PHUL,82
PUNJAB,QADIAN,83
PUNJAB,RAIKOT,84
PUNJAB,RAJPURA,85
PUNJAB,RAMPURA,86
PUNJAB,RAYYA,87
PUNJAB,RUPNAGAR,88
PUNJAB,RURKA KALAN,89
PUNJAB,SAMANA,90
PUNJAB,SAMRALA,91
PUNJAB,SANGAT,92
PUNJAB,SANGRUR,93
PUNJAB,SANOUR,94
PUNJAB,SARDULGARH,95
PUNJAB,SAROYA,96
PUNJAB,SEHNA,97
PUNJAB,SHAHKOT,98
PUNJAB,Shambu Kalan,99
PUNJAB,SHERPUR,100
PUNJAB,SIDHWAN BET,1
PUNJAB,SIRHIND,2
PUNJAB,SRI HARGOBINDPUR,3
PUNJAB,SUDHAR,4
PUNJAB,SUJANPUR,5
PUNJAB,SULTANPUR LODHI,6
PUNJAB,SUNAM,7
PUNJAB,TALWANDI SABO,8
PUNJAB,TALWARA,9
PUNJAB,TANDA,10
PUNJAB,TARN TARAN-12,11
PUNJAB,TARSIKKA,12
PUNJAB,VALTOHA-15,13
PUNJAB,VERKA,14
PUNJAB,ZIRA,15
RAJASTHAN,AADEL,16
RAJASTHAN,AAU,17
RAJASTHAN,ABU ROAD,18
RAJASTHAN,AHORE,19
RAJASTHAN,AJEETGARH,20
RAJASTHAN,Ajmer Rural,21
RAJASTHAN,AKLERA,22
RAJASTHAN,ALSISAR,23
RAJASTHAN,AMBER,24
RAJASTHAN,AMET,25
RAJASTHAN,ANANDPURI,26
RAJASTHAN,ANDHI,27
RAJASTHAN,ANTA,28
RAJASTHAN,ANUPGARH,29
RAJASTHAN,ARAIN,30
RAJASTHAN,ARNOD,31
RAJASTHAN,ARTHUNA,32
RAJASTHAN,ASIND,33
RAJASTHAN,ASPUR,34
RAJASTHAN,ATRU,35
RAJASTHAN,BADNOR,36
RAJASTHAN,BAGIDORA,37
RAJASTHAN,BAGODA,38
RAJASTHAN,BAKANI,39
RAJASTHAN,BALESAR,40
RAJASTHAN,BALI,41
RAJASTHAN,BALTORA,42
RAJASTHAN,BAMANWAS,43
RAJASTHAN,BANDIKUI,44
RAJASTHAN,BANERA,45
RAJASTHAN,BANSUR,46
RAJASTHAN,BANSWARA,47
RAJASTHAN,BAP,48
RAJASTHAN,BAPINI,49
RAJASTHAN,BARAN (FULL),50
RAJASTHAN,BARGAON,51
RAJASTHAN,BARI,52
RAJASTHAN,BARI SADRI,53
RAJASTHAN,BARMER,54
RAJASTHAN,BARMER RURAL,55
RAJASTHAN,BASERI,56
RAJASTHAN,BASSI,57
RAJASTHAN,BASWA,58
RAJASTHAN,BAWADI,59
RAJASTHAN,BAYANA,60
RAJASTHAN,BAYTOO,61
RAJASTHAN,BEGUN,62
RAJASTHAN,BEHROR,63
RAJASTHAN,BHADESAR,64
RAJASTHAN,BHADRA,65
RAJASTHAN,BHAINSRORGARH,66
RAJASTHAN,BHANIYANA,67
RAJASTHAN,BHAWANI MANDI,68
RAJASTHAN,BHERUNDA,69
RAJASTHAN,BHIM,70
RAJASTHAN,BHINAY,71
RAJASTHAN,BHINDER,72
RAJASTHAN,BHINMAL,73
RAJASTHAN,BHOPALGARH,74
RAJASTHAN,BHOPALSAGAR,75
RAJASTHAN,BHUSAWAR,76
RAJASTHAN,BICHIWARA,77
RAJASTHAN,BIDASAR,78
RAJASTHAN,BIJOLIYA,79
RAJASTHAN,BIKANER,80
RAJASTHAN,BILARA,81
RAJASTHAN,BONLI,82
RAJASTHAN,BUHANA,83
RAJASTHAN,BUNDI,84
RAJASTHAN,CHAKSU,85
RAJASTHAN,Chauth Ka Barwara,86
RAJASTHAN,CHHABRA,87
RAJASTHAN,CHHIPABAROD,88
RAJASTHAN,CHHOTI SADRI,89
RAJASTHAN,CHHOTI SARWAN,90
RAJASTHAN,CHIKHALI,91
RAJASTHAN,CHIRAWA,92
RAJASTHAN,CHITALWANA,93
RAJASTHAN,CHITTORGARH,94
RAJASTHAN,CHOHTAN,95
RAJASTHAN,CHURU,96
RAJASTHAN,DAG,97
RAJASTHAN,DALOT,98
RAJASTHAN,DANTA RAMGARH,99
RAJASTHAN,DAUSA,100
RAJASTHAN,DECHU,1
RAJASTHAN,DEEG,2
RAJASTHAN,DEGANA,3
RAJASTHAN,DELWADA,4
RAJASTHAN,DEOGARH,5
RAJASTHAN,DEOLI,6
RAJASTHAN,DESURI,7
RAJASTHAN,DHAMOTAR,8
RAJASTHAN,DHANAU,9
RAJASTHAN,DHARIAWAD,10
RAJASTHAN,DHAULPUR,11
RAJASTHAN,DHAWA,12
RAJASTHAN,DHOD,13
RAJASTHAN,DHORIMANNA,14
RAJASTHAN,DIDWANA,15
RAJASTHAN,DOVADA,16
RAJASTHAN,DUDU,17
RAJASTHAN,DUNGARPUR,18
RAJASTHAN,DUNGLA,19
RAJASTHAN,FAGLIYA,20
RAJASTHAN,FATEHGARH,21
RAJASTHAN,FATEHPUR,22
RAJASTHAN,GADRA ROAD,23
RAJASTHAN,GALIYAKOAT,24
RAJASTHAN,GANGANAGAR,25
RAJASTHAN,GANGAPUR CITY,26
RAJASTHAN,GANGAR TALAI,27
RAJASTHAN,GANGRAR,28
RAJASTHAN,GARHI,29
RAJASTHAN,GHANTIYALI,30
RAJASTHAN,GHARSANA,31
RAJASTHAN,GHATOL,32
RAJASTHAN,GIRA,33
RAJASTHAN,GIRWA,34
RAJASTHAN,GOGUNDA,35
RAJASTHAN,GOVINDGARH,36
RAJASTHAN,GUDHAMALANI,37
RAJASTHAN,HANUMANGARH,38
RAJASTHAN,HINDAUN,39
RAJASTHAN,HINDOLI,40
RAJASTHAN,HURDA,41
RAJASTHAN,ITAWA,42
RAJASTHAN,JAHAZPUR,43
RAJASTHAN,JAISALMER,44
RAJASTHAN,JAISAMAND,45
RAJASTHAN,JAITARAN,46
RAJASTHAN,JALORE,47
RAJASTHAN,Jalsu,48
RAJASTHAN,JAMWA RAMGARH,49
RAJASTHAN,JASWANTPURA,50
RAJASTHAN,JAWAJA,51
RAJASTHAN,JAYAL,52
RAJASTHAN,JHADOL,53
RAJASTHAN,JHALLARA,54
RAJASTHAN,JHALRAPATAN,55
RAJASTHAN,JHOTWARA,56
RAJASTHAN,JHUNJHUNU,57
RAJASTHAN,JOTHARI,58
RAJASTHAN,KALYANPUR,59
RAJASTHAN,KAMAN,60
RAJASTHAN,KAPASAN,61
RAJASTHAN,KARANPUR,62
RAJASTHAN,KARAULI,63
RAJASTHAN,KAREDA,64
RAJASTHAN,KATHUMAR,65
RAJASTHAN,KEKRI,66
RAJASTHAN,KERU,67
RAJASTHAN,KESHORAIPATAN,68
RAJASTHAN,KHAIRABAD,69
RAJASTHAN,KHAJUWALA,70
RAJASTHAN,KHAMNOR,71
RAJASTHAN,KHANDAR,72
RAJASTHAN,KHANDELA,73
RAJASTHAN,KHANPUR,74
RAJASTHAN,KHARCHI(MAR.JUN),75
RAJASTHAN,KHERWARA,76
RAJASTHAN,KHETRI,77
RAJASTHAN,KHINVSAR,78
RAJASTHAN,KISHANGANJ,79
RAJASTHAN,KISHANGARH BAS,80
RAJASTHAN,KISHANGARH RENWAL,81
RAJASTHAN,Kishangarh SILORA,82
RAJASTHAN,KOLAYAT,83
RAJASTHAN,KOTKASIM,84
RAJASTHAN,KOTKHAWDA,85
RAJASTHAN,KOTPUTLI,86
RAJASTHAN,KOTRA,87
RAJASTHAN,KOTRI,88
RAJASTHAN,KUCHAMAN,89
RAJASTHAN,KUMBHALGARH,90
RAJASTHAN,KUMHER,91
RAJASTHAN,KURABAD,92
RAJASTHAN,KUSHALGARH,93
RAJASTHAN,LACHHMANGARH,94
RAJASTHAN,LADNU,95
RAJASTHAN,LADPURA,96
RAJASTHAN,LALSOT,97
RAJASTHAN,LASADIYA,98
RAJASTHAN,LAWAN,99
RAJASTHAN,LAXMANGARH,100
RAJASTHAN,LOHAWAT,1
RAJASTHAN,LUNI,2
RAJASTHAN,LUNKARANSAR,3
RAJASTHAN,MADHORAJPURA,4
RAJASTHAN,MAHWA,5
RAJASTHAN,MAKRANA,6
RAJASTHAN,Malarna Doongar,7
RAJASTHAN,MALKHEDA,8
RAJASTHAN,MALPURA,9
RAJASTHAN,MANDAL,10
RAJASTHAN,MANDALGARH,11
RAJASTHAN,MANDAWA,12
RAJASTHAN,MANDAWAR,13
RAJASTHAN,MANDOR,14
RAJASTHAN,Mandrayal,15
RAJASTHAN,MANGROL,16
RAJASTHAN,MANOHARTHANA,17
RAJASTHAN,Masalpur,18
RAJASTHAN,MASOODA,19
RAJASTHAN,MAUZAMABAD,20
RAJASTHAN,MAVLI,21
RAJASTHAN,MERTA,22
RAJASTHAN,MOHANGARH,23
RAJASTHAN,MOLASAR,24
RAJASTHAN,MUNDWA,25
RAJASTHAN,NACHANA,26
RAJASTHAN,NADAUTI,27
RAJASTHAN,NADBAI,28
RAJASTHAN,NAGAR PAHARI,29
RAJASTHAN,NAGAUR,30
RAJASTHAN,NAINWA,31
RAJASTHAN,NANGAL RAJAWATAN,32
RAJASTHAN,NAWA,33
RAJASTHAN,NAWALGARH,34
RAJASTHAN,NAYAGAON,35
RAJASTHAN,NECHWA,36
RAJASTHAN,NEEM KA THANA,37
RAJASTHAN,NEEMRANA,38
RAJASTHAN,NEWAI,39
RAJASTHAN,NIMBAHERA,40
RAJASTHAN,NOHAR,41
RAJASTHAN,NOKHA,42
RAJASTHAN,OSIAN,43
RAJASTHAN,PADAMPUR,44
RAJASTHAN,PAHARI,45
RAJASTHAN,PALI,46
RAJASTHAN,PALSANA,47
RAJASTHAN,PANCHOO,48
RAJASTHAN,PANYLA KLA,49
RAJASTHAN,PAOTA,50
RAJASTHAN,PARBATSAR,51
RAJASTHAN,PATAN,52
RAJASTHAN,Patodi,53
RAJASTHAN,PEEPAD SAHAR,54
RAJASTHAN,PEEPAL KHOONT,55
RAJASTHAN,PEEPLU,56
RAJASTHAN,PHAGI,57
RAJASTHAN,PHALASIYA,58
RAJASTHAN,PHALODI,59
RAJASTHAN,PILANI,60
RAJASTHAN,PILIBANGA,61
RAJASTHAN,PINDWARA,62
RAJASTHAN,PIPRALI,63
RAJASTHAN,PIRAWA (SUNEL),64
RAJASTHAN,PISANGAN,65
RAJASTHAN,Poogal,66
RAJASTHAN,PRATAPGARH,67
RAJASTHAN,RAILMAGRA,68
RAJASTHAN,RAIPUR,69
RAJASTHAN,RAISINGHNAGAR,70
RAJASTHAN,RAJAKHERA,71
RAJASTHAN,RAJGARH,72
RAJASTHAN,RAJSAMAND,73
RAJASTHAN,RAMGARH,74
RAJASTHAN,RAMGARH PACHWARA,75
RAJASTHAN,RAMSAR,76
RAJASTHAN,RANI STATION,77
RAJASTHAN,RANIWARA,78
RAJASTHAN,RASHMI,79
RAJASTHAN,RATANGARH,80
RAJASTHAN,RAWATSAR,81
RAJASTHAN,RENI,82
RAJASTHAN,REODAR,83
RAJASTHAN,RISHBHDEO,84
RAJASTHAN,RIYAN BADI,85
RAJASTHAN,ROHAT,86
RAJASTHAN,RUPBAS,87
RAJASTHAN,SABLA,88
RAJASTHAN,SADULSHAHAR,89
RAJASTHAN,SAGWARA,90
RAJASTHAN,SAHARA,91
RAJASTHAN,SAIPAU,92
RAJASTHAN,SAJJANGARH,93
RAJASTHAN,SALUMBAR,94
RAJASTHAN,SAM,95
RAJASTHAN,SAMBHAR,96
RAJASTHAN,SAMDARI,97
RAJASTHAN,SANCHORE,98
RAJASTHAN,SANGANER,99
RAJASTHAN,SANGARIA,100
RAJASTHAN,SANGOD,1
RAJASTHAN,SANKRA,2
RAJASTHAN,SAPOTRA,3
RAJASTHAN,SARADA,4
RAJASTHAN,SARDARSHAHAR,5
RAJASTHAN,SARMATHURA,6
RAJASTHAN,SARNAU,7
RAJASTHAN,SARWAR,8
RAJASTHAN,SAWAI MADHOPUR,9
RAJASTHAN,SAWAR,10
RAJASTHAN,SAYLA,11
RAJASTHAN,SAYRA,12
RAJASTHAN,SEDWA,13
RAJASTHAN,SEKHALA,14
RAJASTHAN,SEMARI,15
RAJASTHAN,SEWAR,16
RAJASTHAN,SHAHBAD,17
RAJASTHAN,SHAHPURA,18
RAJASTHAN,SHEO,19
RAJASTHAN,SHEOGANJ,20
RAJASTHAN,SHERGARH,21
RAJASTHAN,SIKANDARA,22
RAJASTHAN,SIKRAI,23
RAJASTHAN,SIMALWARA,24
RAJASTHAN,SINDHARI,25
RAJASTHAN,SINGHANA,26
RAJASTHAN,SIROHI,27
RAJASTHAN,SIWANA,28
RAJASTHAN,SOJAT,29
RAJASTHAN,SRI DUNGARGARH,30
RAJASTHAN,SRI MADHOPUR,31
RAJASTHAN,SRI MAHAVEER JI,32
RAJASTHAN,SRINAGAR,33
RAJASTHAN,SUHAGPURA,34
RAJASTHAN,SUJANGARH,35
RAJASTHAN,SULTANPUR,36
RAJASTHAN,SUMERPUR,37
RAJASTHAN,SURAJGARH,38
RAJASTHAN,SURATGARH,39
RAJASTHAN,SUWANA,40
RAJASTHAN,TALERA,41
RAJASTHAN,TALWARA,42
RAJASTHAN,TARANAGAR,43
RAJASTHAN,THANAGAZI,44
RAJASTHAN,TIBBI,45
RAJASTHAN,TIJARA,46
RAJASTHAN,TINWARI,47
RAJASTHAN,TODABHIM,48
RAJASTHAN,TODARAISINGH,49
RAJASTHAN,TONK,50
RAJASTHAN,TUNGA,51
RAJASTHAN,UCHAIN,52
RAJASTHAN,UDAIPURWATI,53
RAJASTHAN,UMREN,54
RAJASTHAN,UNIARA,55
RAJASTHAN,VALLABHNAGAR,56
RAJASTHAN,VIJAINAGAR,57
RAJASTHAN,VIRATNAGAR,58
RAJASTHAN,WEIR,59
SIKKIM,Arithang Chongrang,60
SIKKIM,Chumbong Chakung,61
SIKKIM,CHUNGTHANG,62
SIKKIM,DARAMDIN,63
SIKKIM,DENTAM,64
SIKKIM,DUGA,65
SIKKIM,GYALSHING,66
SIKKIM,KABI TINGDA,67
SIKKIM,KALUK,68
SIKKIM,KHAMDONG,69
SIKKIM,MANGAN,70
SIKKIM,NAMCHI,71
SIKKIM,NANDOK,72
SIKKIM,PAKYONG,73
SIKKIM,Passingdang,74
SIKKIM,RAKDONG TINTEK,75
SIKKIM,RANKA,76
SIKKIM,RAVANGLA,77
SIKKIM,REGHU,78
SIKKIM,RHENOCK,79
SIKKIM,SORENG,80
SIKKIM,SUMBUK,81
SIKKIM,TEMI,82
SIKKIM,Wok,83
SIKKIM,YANGANG,84
SIKKIM,YUKSOM,85
TAMIL NADU,ACHARAPAKKAM,86
TAMIL NADU,AGASTISWARAM,87
TAMIL NADU,ALANGANALLUR,88
TAMIL NADU,ALANGAYAN,89
TAMIL NADU,ALANGULAM,90
TAMIL NADU,ALATHUR,91
TAMIL NADU,ALWARTHIRUNAGARI,92
TAMIL NADU,AMBASAMUDRAM,93
TAMIL NADU,AMMAPET,94
TAMIL NADU,AMMAPETTAI,95
TAMIL NADU,ANAICUT,96
TAMIL NADU,ANAKKAVUR,97
TAMIL NADU,ANAMALAI,98
TAMIL NADU,ANDANALLUR,99
TAMIL NADU,ANDIMADAM,100
TAMIL NADU,ANDIPATTI,1
TAMIL NADU,ANDIYUR,2
TAMIL NADU,ANNAGRAMAM,3
TAMIL NADU,ANNAVASAL,4
TAMIL NADU,ANNUR,5
TAMIL NADU,ARAKKONAM,6
TAMIL NADU,ARANI,7
TAMIL NADU,ARANTANGI,8
TAMIL NADU,ARAVAKURICHI,9
TAMIL NADU,ARCOT,10
TAMIL NADU,ARIMALAM,11
TAMIL NADU,ARIYALUR,12
TAMIL NADU,ARUPPUKOTTAI,13
TAMIL NADU,ATHOOR,14
TAMIL NADU,ATTUR,15
TAMIL NADU,AVADAIYARKOVIL,16
TAMIL NADU,AVANASHI,17
TAMIL NADU,AYODHIYAPATTINAM,18
TAMIL NADU,BARGUR,19
TAMIL NADU,BHAVANI,20
TAMIL NADU,BHAVANISAGAR,21
TAMIL NADU,BODINAYAKKANUR,22
TAMIL NADU,BOGALUR,23
TAMIL NADU,BUDALUR,24
TAMIL NADU,CHELLAMPATTI,25
TAMIL NADU,CHENGAM,26
TAMIL NADU,Chennai,27
TAMIL NADU,CHENNIMALAI,28
TAMIL NADU,CHERANMAHADEVI,29
TAMIL NADU,CHETPUT,30
TAMIL NADU,CHEYYAR,31
TAMIL NADU,CHINNAMANUR,32
TAMIL NADU,CHINNASALEM,33
TAMIL NADU,CHITHAMUR,34
TAMIL NADU,COONOOR,35
TAMIL NADU,CUDDALORE,36
TAMIL NADU,DEVAKOTTAI,37
TAMIL NADU,DHARAPURAM,38
TAMIL NADU,DHARMAPURI,39
TAMIL NADU,DINDIGUL,40
TAMIL NADU,ELACIPALAYAM,41
TAMIL NADU,ELLAPURAM,42
TAMIL NADU,ERODE,43
TAMIL NADU,ERUMAPATTY,44
TAMIL NADU,GANDARAVAKOTTAI,45
TAMIL NADU,GANGAVALLI,46
TAMIL NADU,GINGEE,47
TAMIL NADU,GOPICHETTIPALAIYAM,48
TAMIL NADU,GUDALUR,49
TAMIL NADU,GUDIMANGALAM,50
TAMIL NADU,GUDIYATTAM,51
TAMIL NADU,GUMMIDIPUNDI,52
TAMIL NADU,GUZILIAMPARAI,53
TAMIL NADU,HARUR,54
TAMIL NADU,HOSUR,55
TAMIL NADU,IDAPPADI,56
TAMIL NADU,ILAYANKUDI,57
TAMIL NADU,JAWATHU HILLS,58
TAMIL NADU,JAYAMKONDAM,59
TAMIL NADU,JOLARPET,60
TAMIL NADU,K.PARAMATHY,61
TAMIL NADU,K.V.KUPPAM,62
TAMIL NADU,KABILAMALAI,63
TAMIL NADU,KADAIYAMPATTY,64
TAMIL NADU,KADAIYANALLUR,65
TAMIL NADU,KADALADI,66
TAMIL NADU,KADAMALAIKUNDRU MYLADUMPARAI,67
TAMIL NADU,KADAMBATHUR,68
TAMIL NADU,KADATHUR,69
TAMIL NADU,KADAVUR,70
TAMIL NADU,KADAYAM,71
TAMIL NADU,KALAIYARKOIL,72
TAMIL NADU,KALAKADU,73
TAMIL NADU,KALASAPAKKAM,74
TAMIL NADU,KALLAKKURICHI,75
TAMIL NADU,KALLAL,76
TAMIL NADU,KALLIKUDI,77
TAMIL NADU,KALRAYANHILLS,78
TAMIL NADU,KAMBAM,79
TAMIL NADU,KAMMAPURAM,80
TAMIL NADU,KAMUDI,81
TAMIL NADU,KANAI,82
TAMIL NADU,KANCHIPURAM,83
TAMIL NADU,KANDAMANGALAM,84
TAMIL NADU,KANDILI,85
TAMIL NADU,KANGAYAM,86
TAMIL NADU,KANIYAMBADI,87
TAMIL NADU,KANNANKUDI,88
TAMIL NADU,KARAMADAI,89
TAMIL NADU,KARAMBAKUDI,90
TAMIL NADU,KARIAPATTI,91
TAMIL NADU,KARIMANGALAM,92
TAMIL NADU,KARUNGULAM,93
TAMIL NADU,KARUR,94
TAMIL NADU,KATPADI,95
TAMIL NADU,KATTANKOLATHUR,96
TAMIL NADU,KATTUMANNARKOIL,97
TAMIL NADU,KAVERIPAKKAM,98
TAMIL NADU,KAVERIPATTINAM,99
TAMIL NADU,KAYATHAR,100
TAMIL NADU,KEELAIYUR,1
TAMIL NADU,KEELAPAVOOR,2
TAMIL NADU,KEELPENNATHUR,3
TAMIL NADU,KEERAPALAYAM,4
TAMIL NADU,KELAMANGALAM,5
TAMIL NADU,KILLIYOOR,6
TAMIL NADU,KILVELUR,7
TAMIL NADU,KINATHUKADAVU,8
TAMIL NADU,KODAIKANAL,9
TAMIL NADU,KODAVASAL,10
TAMIL NADU,KODUMUDI,11
TAMIL NADU,KOLATHUR,12
TAMIL NADU,KOLIYANUR,13
TAMIL NADU,KOLLI HILLS,14
TAMIL NADU,KOLLIDAM,15
TAMIL NADU,KOMARATCHI,16
TAMIL NADU,KONGANAPURAM,17
TAMIL NADU,KORADACHERRY,18
TAMIL NADU,KOTAGIRI,19
TAMIL NADU,KOTTAMPATTI,20
TAMIL NADU,KOTTUR,21
TAMIL NADU,KOVILPATTI,22
TAMIL NADU,KRISHNAGIRI,23
TAMIL NADU,KRISHNARAYAPURAM,24
TAMIL NADU,KULITTALAI,25
TAMIL NADU,KUMBAKONAM,26
TAMIL NADU,KUNDADAM,27
TAMIL NADU,KUNNANDARKOIL,28
TAMIL NADU,KUNNATTUR,29
TAMIL NADU,KURINJIPADI,30
TAMIL NADU,KURUNTHANCODE,31
TAMIL NADU,KURUVIKULAM,32
TAMIL NADU,KUTTALAM,33
TAMIL NADU,LALGUDI,34
TAMIL NADU,LATHUR,35
TAMIL NADU,MACDONALDS CHOULTRY,36
TAMIL NADU,MADATHUKULAM,37
TAMIL NADU,MADHANUR,38
TAMIL NADU,MADUKKARAI,39
TAMIL NADU,MADUKKUR,40
TAMIL NADU,MADURAI EAST,41
TAMIL NADU,MADURAI WEST,42
TAMIL NADU,MADURANTAKAM,43
TAMIL NADU,MAILAM,44
TAMIL NADU,MALLASAMUDRAM,45
TAMIL NADU,MANACHANELLUR,46
TAMIL NADU,MANALMELKUDI,47
TAMIL NADU,MANAMADURAI,48
TAMIL NADU,MANAPPARAI,49
TAMIL NADU,MANDAPAM,50
TAMIL NADU,MANGALUR,51
TAMIL NADU,MANIKANDAM,52
TAMIL NADU,MANNARGUDI,53
TAMIL NADU,MANUR,54
TAMIL NADU,MARAKKANAM,55
TAMIL NADU,MARUNGAPURI,56
TAMIL NADU,MATHUR,57
TAMIL NADU,MAYILADUTHURAI,58
TAMIL NADU,MECHERI,59
TAMIL NADU,MELANEELITHANALLUR,60
TAMIL NADU,MELBHUVANAGIRI,61
TAMIL NADU,MELMALAYANUR,62
TAMIL NADU,MELPURAM,63
TAMIL NADU,MELUR,64
TAMIL NADU,MINJUR,65
TAMIL NADU,MODAKURICHI,66
TAMIL NADU,MOHANUR,67
TAMIL NADU,MORAPPUR,68
TAMIL NADU,MUDUKULATHUR,69
TAMIL NADU,MUGAIYUR,70
TAMIL NADU,MULANUR,71
TAMIL NADU,MUNCHIRA,72
TAMIL NADU,MUSIRI,73
TAMIL NADU,MUTHUPETTAI,74
TAMIL NADU,NAGAPPATTINAM,75
TAMIL NADU,NAINARKOIL,76
TAMIL NADU,NALLAMPALLI,77
TAMIL NADU,NALLUR,78
TAMIL NADU,NAMAGIRIPET,79
TAMIL NADU,NAMAKKAL,80
TAMIL NADU,NAMBIYUR,81
TAMIL NADU,NANGAVALLI,82
TAMIL NADU,NANGUNERI,83
TAMIL NADU,NANNILAM,84
TAMIL NADU,NARIKUDI,85
TAMIL NADU,NATRAMPALLI,86
TAMIL NADU,NATTAM,87
TAMIL NADU,NEMILI,88
TAMIL NADU,NIDAMANGALAM,89
TAMIL NADU,NILAKOTTAI,90
TAMIL NADU,ODDANCHATRAM,91
TAMIL NADU,OLAKKUR,92
TAMIL NADU,OMALUR,93
TAMIL NADU,ORATTANADU,94
TAMIL NADU,OTTAPIDARAM,95
TAMIL NADU,PALAKKODU,96
TAMIL NADU,PALANI,97
TAMIL NADU,PALAYAMKOTTAI,98
TAMIL NADU,PALLADAM,99
TAMIL NADU,PALLIPALAYAM,100
TAMIL NADU,PALLIPATTU,1
TAMIL NADU,PANAMARATHUPATTI,2
TAMIL NADU,PANRUTI,3
TAMIL NADU,PAPANASAM,4
TAMIL NADU,PAPPAKUDI,5
TAMIL NADU,PAPPIREDDIPATTY,6
TAMIL NADU,PARAMAKKUDI,7
TAMIL NADU,PARAMATHY,8
TAMIL NADU,PARANGIPETTAI,9
TAMIL NADU,PATTUKKOTTAI,10
TAMIL NADU,PEDDANAICKENPALAYAM,11
TAMIL NADU,PENNAGARAM,12
TAMIL NADU,PERAMBALUR,13
TAMIL NADU,PERANAMBATTU,14
TAMIL NADU,PERAVURANI,15
TAMIL NADU,PERIYAKULAM,16
TAMIL NADU,PERIYANAYAKKANPALAYAM,17
TAMIL NADU,PERNAMALLUR,18
TAMIL NADU,PERUNDURAI,19
TAMIL NADU,POLLACHI NORTH,20
TAMIL NADU,POLLACHI SOUTH,21
TAMIL NADU,POLUR,22
TAMIL NADU,PONGALUR,23
TAMIL NADU,PONNAMARAVATI,24
TAMIL NADU,POONAMALLEE,25
TAMIL NADU,POONDI,26
TAMIL NADU,PUDUCHATRAM,27
TAMIL NADU,PUDUKKOTTAI,28
TAMIL NADU,PUDUPALAYAM,29
TAMIL NADU,PUDUR,30
TAMIL NADU,PULLAMBADI,31
TAMIL NADU,PUZHAL,32
TAMIL NADU,R.K.PET,33
TAMIL NADU,RADHAPURAM,34
TAMIL NADU,RAJAKKAMANGALAM,35
TAMIL NADU,RAJAPALAIYAM,36
TAMIL NADU,RAJASINGAMANGALAM,37
TAMIL NADU,RAMANATHAPURAM,38
TAMIL NADU,RASIPURAM,39
TAMIL NADU,REDDIYARCHATIRAM,40
TAMIL NADU,RISHIVANDIAM,41
TAMIL NADU,S. PUDUR,42
TAMIL NADU,SAKKOTTAI,43
TAMIL NADU,SALEM,44
TAMIL NADU,SANKARANKOVIL,45
TAMIL NADU,SANKARAPURAM,46
TAMIL NADU,SANKARI,47
TAMIL NADU,SARCARSAMAKULAM,48
TAMIL NADU,SATTANKULAM,49
TAMIL NADU,SATTUR,50
TAMIL NADU,SATYAMANGALAM,51
TAMIL NADU,SEDAPATTI,52
TAMIL NADU,SEMBANAR KOIL,53
TAMIL NADU,SENDAMANGALAM,54
TAMIL NADU,SENDURAI,55
TAMIL NADU,SETHUBHAVACHATRAM,56
TAMIL NADU,SHANARPATTI,57
TAMIL NADU,SHENCOTTAH,58
TAMIL NADU,SHOLAVARAM,59
TAMIL NADU,SHOLINGHUR,60
TAMIL NADU,SHOOLAGIRI,61
TAMIL NADU,SINGAMPUNARI,62
TAMIL NADU,SIRKAZHI,63
TAMIL NADU,SIVAGANGA,64
TAMIL NADU,SIVAKASI,65
TAMIL NADU,SRIMUSHNAM,66
TAMIL NADU,SRIPERUMBUDUR,67
TAMIL NADU,SRIVAIKUNDAM,68
TAMIL NADU,SRIVILLIPUTTUR,69
TAMIL NADU,SULTANPET,70
TAMIL NADU,SULUR,71
TAMIL NADU,T. PALUR,72
TAMIL NADU,T.KALLUPATTI,73
TAMIL NADU,TALAVADI,74
TAMIL NADU,TALAVASAL,75
TAMIL NADU,TARAMANGALAM,76
TAMIL NADU,TATTAYYANGARPETTAI,77
TAMIL NADU,TENKASI,78
TAMIL NADU,THACKALAI,79
TAMIL NADU,THALANAYAR,80
TAMIL NADU,THALLY,81
TAMIL NADU,THANDRAMPET,82
TAMIL NADU,THANJAVUR,83
TAMIL NADU,THANTHONI,84
TAMIL NADU,THELLAR,85
TAMIL NADU,THENI,86
TAMIL NADU,THIAGADURGAM,87
TAMIL NADU,THIRUMANUR,88
TAMIL NADU,THIRUMARUGAL,89
TAMIL NADU,THIRUPORUR,90
TAMIL NADU,THIRUPPANANDAL,91
TAMIL NADU,THIRUVAIYARU,92
TAMIL NADU,THIRUVARANKULAM,93
TAMIL NADU,THIRUVARUR,94
TAMIL NADU,THIRUVATTAR,95
TAMIL NADU,THIRUVENNAINALLUR,96
TAMIL NADU,THIRUVERAMBUR,97
TAMIL NADU,THIRUVONAM,98
TAMIL NADU,THOGAIMALAI,99
TAMIL NADU,THONDAMUTHUR,100
TAMIL NADU,THOOCKANAICKENPALAIYAM,1
TAMIL NADU,THOOTHUKKUDI,2
TAMIL NADU,THOPPAMPATTI,3
TAMIL NADU,THOTTIAM,4
TAMIL NADU,THOVALA,5
TAMIL NADU,THURINJAPURAM,6
TAMIL NADU,TIMIRI,7
TAMIL NADU,TIRUCHENDUR,8
TAMIL NADU,TIRUCHENGODU,9
TAMIL NADU,TIRUCHULI,10
TAMIL NADU,TIRUKKALUKUNRAM,11
TAMIL NADU,TIRUKKOYILUR,12
TAMIL NADU,TIRUMANGALAM,13
TAMIL NADU,TIRUMAYAM,14
TAMIL NADU,TIRUNAVALUR,15
TAMIL NADU,TIRUPPARANGUNRAM,16
TAMIL NADU,TIRUPPATHUR,17
TAMIL NADU,TIRUPPATTUR,18
TAMIL NADU,TIRUPPULLANI,19
TAMIL NADU,TIRUPPUR,20
TAMIL NADU,TIRUPPUVANAM,21
TAMIL NADU,TIRUTTANI,22
TAMIL NADU,TIRUTTURAIPPUNDI,23
TAMIL NADU,TIRUVADANAI,24
TAMIL NADU,TIRUVALLUR,25
TAMIL NADU,TIRUVANNAMALAI,26
TAMIL NADU,TIRUVELANGADU,27
TAMIL NADU,TIRUVIDAIMARUDUR,28
TAMIL NADU,TURAIYUR,29
TAMIL NADU,UDANGUDI,30
TAMIL NADU,UDHAGAMANDALAM,31
TAMIL NADU,UDUMALPET,32
TAMIL NADU,ULUNDURPET,33
TAMIL NADU,UPPILIAPURAM,34
TAMIL NADU,USILAMPATTI,35
TAMIL NADU,UTHANGARAI,36
TAMIL NADU,UTTAMAPALAIYAM,37
TAMIL NADU,UTTIRAMERUR,38
TAMIL NADU,UTTUKKULI,39
TAMIL NADU,VADAMADURAI,40
TAMIL NADU,VADIPATTI,41
TAMIL NADU,VAIYAMPATTI,42
TAMIL NADU,VALANGAIMAN,43
TAMIL NADU,VALAPADY,44
TAMIL NADU,VALLAM,45
TAMIL NADU,VALLIYOOR,46
TAMIL NADU,VANDAVASI,47
TAMIL NADU,VANUR,48
TAMIL NADU,VASUDEVANALLUR,49
TAMIL NADU,VATTALKUNDU,50
TAMIL NADU,VEDARANYAM,51
TAMIL NADU,VEDASANDUR,52
TAMIL NADU,VEERAPANDI,53
TAMIL NADU,VELLAKOIL,54
TAMIL NADU,VELLORE,55
TAMIL NADU,VEMBAKKAM,56
TAMIL NADU,VEMBAKOTTAI,57
TAMIL NADU,VENNANDUR,58
TAMIL NADU,VEPPANAPALLI,59
TAMIL NADU,VEPPANTHATTAI,60
TAMIL NADU,VEPPUR,61
TAMIL NADU,VIKRAVANDI,62
TAMIL NADU,VILATHIKULAM,63
TAMIL NADU,VILLIVAKKAM,64
TAMIL NADU,VIRALIMALAI,65
TAMIL NADU,VIRUDHUNAGAR,66
TAMIL NADU,VRIDDHACHALAM,67
TAMIL NADU,WALAJABAD,68
TAMIL NADU,WALAJAPET,69
TAMIL NADU,WATRAP,70
TAMIL NADU,WEST ARANI,71
TAMIL NADU,YERCAUD,72
TELANGANA,Abdullapurmet,73
TELANGANA,ACHAMPETA,74
TELANGANA,Adavidevulapalli,75
TELANGANA,Addaguduru,76
TELANGANA,ADDAKAL,77
TELANGANA,ADILABAD URBAN,78
TELANGANA,AIDILABAD RURAL,79
TELANGANA,Akkannapet,80
TELANGANA,ALAIR,81
TELANGANA,ALAMPUR,82
TELANGANA,ALLADURG,83
TELANGANA,Allapalli,84
TELANGANA,Alwal,85
TELANGANA,AMANGAL,86
TELANGANA,Amarachintha,87
TELANGANA,AMBERPET,88
TELANGANA,Ameenpur,89
TELANGANA,AMEERPET,90
TELANGANA,AMRABAD,91
TELANGANA,Ananthagiri,92
TELANGANA,ANDOLE,93
TELANGANA,Annapureddypalli,94
TELANGANA,Anthergaon,95
TELANGANA,ANUMULA,96
TELANGANA,ARMUR,97
TELANGANA,ASIFABAD,98
TELANGANA,ASIFNAGAR,99
TELANGANA,ASWAPURAM,100
TELANGANA,ASWARAOPETA,1
TELANGANA,ATMAKUR,2
TELANGANA,ATMAKUR(M),3
TELANGANA,ATMAKUR(S),4
TELANGANA,B.POCHAMPALLY,5
TELANGANA,BACHANNAPETA,6
TELANGANA,Bachupally,7
TELANGANA,BAHADURPURA,8
TELANGANA,Balanagar,9
TELANGANA,BALANAGAR,10
TELANGANA,Balapur,11
TELANGANA,BALKONDA,12
TELANGANA,BALMOOR,13
TELANGANA,BANDLAGUDA,14
TELANGANA,BANSWADA,15
TELANGANA,BANTWARAM,16
TELANGANA,Basar,17
TELANGANA,BASHEERABAD,18
TELANGANA,BAYYARAM,19
TELANGANA,BAZARHATNOOR,20
TELANGANA,Beerpur,21
TELANGANA,BEJJANKI,22
TELANGANA,BEJJUR,23
TELANGANA,BELA,24
TELANGANA,BELLAMPALLY,25
TELANGANA,BHAINSA,26
TELANGANA,BHEEMADEVARAPALLI,27
TELANGANA,Bheemaram,28
TELANGANA,BHEEMGAL,29
TELANGANA,BHEEMINI,30
TELANGANA,Bheempur,31
TELANGANA,BHIKNUR,32
TELANGANA,Bhongir,33
TELANGANA,BHOOTHPUR,34
TELANGANA,BHUPALPALLE,35
TELANGANA,BIBINAGAR,36
TELANGANA,Bibipet,37
TELANGANA,BICHKUNDA,38
TELANGANA,BIJINAPALLE,39
TELANGANA,BIRKOOR,40
TELANGANA,BOATH,41
TELANGANA,BODHAN,42
TELANGANA,BOINPALLI,43
TELANGANA,BOMMALA RAMARAM,44
TELANGANA,BOMRASPETA,45
TELANGANA,BONAKAL,46
TELANGANA,Buggaram,47
TELANGANA,BURGAMPAHAD,48
TELANGANA,CHANDAMPET,49
TELANGANA,CHANDRUGONDA,50
TELANGANA,Chandur,51
TELANGANA,CHANDUR,52
TELANGANA,CHANDURTHI,53
TELANGANA,Charakonda,54
TELANGANA,CHARMINAR,55
TELANGANA,CHEGUNTA,56
TELANGANA,CHENNARAOPET,57
TELANGANA,CHENNUR,58
TELANGANA,CHERIYAL,59
TELANGANA,CHERLA,60
TELANGANA,CHEVELLA,61
TELANGANA,CHIGURUMAMIDI,62
TELANGANA,CHILKUR,63
TELANGANA,Chilpched,64
TELANGANA,Chilpur,65
TELANGANA,CHINNACHINTAKUNTA,66
TELANGANA,Chinnagudur,67
TELANGANA,CHINNAKODUR,68
TELANGANA,Chinnambavi,69
TELANGANA,Chintalamanepally,70
TELANGANA,CHINTHA PALLY,71
TELANGANA,CHINTHAKANI,72
TELANGANA,Chinthalapalem Mallareddygudem,73
TELANGANA,CHITYAL,74
TELANGANA,CHITYALA,75
TELANGANA,CHIVVEMLA,76
TELANGANA,CHOPPADANDI,77
TELANGANA,CHOUTUPPAL,78
TELANGANA,Chunchupalli,79
TELANGANA,DAHEGAON,80
TELANGANA,DAMARAGIDDA,81
TELANGANA,Damera,82
TELANGANA,DAMERACHERLA,83
TELANGANA,DAMMAPETA,84
TELANGANA,DANDEPALLY,85
TELANGANA,Danthalapalle,86
TELANGANA,Dasturabad,87
TELANGANA,DEVARAKADARA,88
TELANGANA,DEVARAKONDA,89
TELANGANA,DEVARUPPULA,90
TELANGANA,DHANWADA,91
TELANGANA,DHARMAPURI,92
TELANGANA,DHARMARAM,93
TELANGANA,DHARMASAGAR,94
TELANGANA,DHARPALLE,95
TELANGANA,DHARUR,96
TELANGANA,DICHPALLE,97
TELANGANA,DILAWARPUR,98
TELANGANA,DOMA,99
TELANGANA,DOMAKONDA,100
TELANGANA,DORNAKAL,1
TELANGANA,DOULATABAD,2
TELANGANA,DOULTABAD,3
TELANGANA,DUBBAK,4
TELANGANA,DUGGONDI,5
TELANGANA,DUMMUGUDEM,6
TELANGANA,Dundigal Gandimaisamma,7
TELANGANA,ELIGAID,8
TELANGANA,ELKATHURTHI,9
TELANGANA,Ellandakunta,10
TELANGANA,ELLANTHAKUNTA,11
TELANGANA,ENKOOR,12
TELANGANA,ETURNAGARAM,13
TELANGANA,FAROOQNAGAR,14
TELANGANA,Gadiguda,15
TELANGANA,GADWAL,16
TELANGANA,GAJWEL,17
TELANGANA,GAMBHIRAOPET,18
TELANGANA,GANDEED,19
TELANGANA,GANDHARI,20
TELANGANA,Gandipet,21
TELANGANA,GANGADHARA,22
TELANGANA,Gangaram,23
TELANGANA,Ganneruvaram,24
TELANGANA,GARIDE PALLY,25
TELANGANA,GARLA,26
TELANGANA,GEESUGONDA,27
TELANGANA,GHANAPUR (MULUG),28
TELANGANA,GHANPUR,29
TELANGANA,GHANPUR(STATION),30
TELANGANA,GHATKESAR,31
TELANGANA,GHATTU,32
TELANGANA,GOLCONDA,33
TELANGANA,GOLLAPALLI,34
TELANGANA,GOPALPETA,35
TELANGANA,GOVINDARAOPET,36
TELANGANA,GUDIHATNUR,37
TELANGANA,GUDUR,38
TELANGANA,Gummadidala,39
TELANGANA,GUNDALA,40
TELANGANA,GUNDLAPALLY (DINDI),41
TELANGANA,GURRAMPODE,42
TELANGANA,Hajipur,43
TELANGANA,HANAMKONDA,44
TELANGANA,HANWADA,45
TELANGANA,HASANPARTHY,46
TELANGANA,HATHNOORA,47
TELANGANA,Havelighanapur,48
TELANGANA,HAYATHNAGAR,49
TELANGANA,HIMAYATHNAGAR,50
TELANGANA,HUSNABAD,51
TELANGANA,HUZURABAD,52
TELANGANA,HUZURNAGAR,53
TELANGANA,IBRAHIMPATNAM,54
TELANGANA,ICHODA,55
TELANGANA,IEEJA,56
TELANGANA,Inavole,57
TELANGANA,Indalwai,58
TELANGANA,INDERVELLY,59
TELANGANA,ITIKYAL,60
TELANGANA,JADCHERLA,61
TELANGANA,JAGDEVPUR,62
TELANGANA,Jagitial Rural,63
TELANGANA,JAGTIAL,64
TELANGANA,JAINATH,65
TELANGANA,JAINOOR,66
TELANGANA,JAIPUR,67
TELANGANA,JAJI REDDI GUDEM (ARVAPALLY),68
TELANGANA,JAKRANPALLE,69
TELANGANA,JAMMIKUNTA,70
TELANGANA,JANGAON,71
TELANGANA,JANNARAM,72
TELANGANA,JHARASANGAM,73
TELANGANA,Jilled Chowdergudem,74
TELANGANA,JINNARAM,75
TELANGANA,JUKKAL,76
TELANGANA,JULAPALLI,77
TELANGANA,JULURUPADU,78
TELANGANA,KADDAM (PEDDUR),79
TELANGANA,Kadthal,80
TELANGANA,KAGAZNAGAR,81
TELANGANA,KALHER,82
TELANGANA,KALLUR,83
TELANGANA,Kaloor Thimmandoddi,84
TELANGANA,KALWAKURTHY,85
TELANGANA,KAMALAPUR,86
TELANGANA,KAMANPUR,87
TELANGANA,KAMAREDDY,88
TELANGANA,KAMEPALLY,89
TELANGANA,KAMMARAPALLE,90
TELANGANA,KANAGAL,91
TELANGANA,Kandi,92
TELANGANA,KANDUKUR,93
TELANGANA,KANGTI,94
TELANGANA,Kannaigudem,95
TELANGANA,Kannepally,96
TELANGANA,Kapra,97
TELANGANA,Karakagudem,98
TELANGANA,KARIMNAGAR RURAL,99
TELANGANA,Karimnagar Rural I,100
TELANGANA,KASIPET,1
TELANGANA,KATARAM,2
TELANGANA,KATHALAPUR,3
TELANGANA,KATTANGOOR,4
TELANGANA,KEESARA,5
TELANGANA,KERAMERI,6
TELANGANA,KESAMUDRAM,7
TELANGANA,KESHAMPETA,8
TELANGANA,KETHE PALLY,9
TELANGANA,KHAIRTHABAD,10
TELANGANA,KHAMMAM (RURAL),11
TELANGANA,KHAMMAM (URBAN),12
TELANGANA,KHANAPUR,13
TELANGANA,Khazipet,14
TELANGANA,Khila Warangal,15
TELANGANA,KODAD,16
TELANGANA,KODAIR,17
TELANGANA,KODAKANDLA,18
TELANGANA,KODANGAL,19
TELANGANA,KODIMIAL,20
TELANGANA,KOHEDA,21
TELANGANA,KOHIR,22
TELANGANA,KOILKONDA,23
TELANGANA,KOLLAPUR,24
TELANGANA,Komuravelli,25
TELANGANA,KONARAOPET,26
TELANGANA,Konda Mallepally,27
TELANGANA,KONDAPAK,28
TELANGANA,KONDAPUR,29
TELANGANA,KONDURG,30
TELANGANA,KONIJERLA,31
TELANGANA,KORUTLA,32
TELANGANA,KOSGI,33
TELANGANA,KOTAPALLY,34
TELANGANA,Kotepally,35
TELANGANA,KOTGIRI,36
TELANGANA,KOTHAGUDEM,37
TELANGANA,KOTHAKOTA,38
TELANGANA,Kothapally,39
TELANGANA,KOTHUR,40
TELANGANA,KOUTHALA,41
TELANGANA,KOWDIPALLI,42
TELANGANA,Krishna,43
TELANGANA,KUBEER,44
TELANGANA,Kukatpally,45
TELANGANA,KULCHARAM,46
TELANGANA,KULKACHARLA,47
TELANGANA,KUNTALA,48
TELANGANA,KURAVI,49
TELANGANA,KUSUMANCHI,50
TELANGANA,LAXMANCHANDA,51
TELANGANA,Laxmidevipalli,52
TELANGANA,LINGAL,53
TELANGANA,LINGALAGHANPUR,54
TELANGANA,LINGAMPET,55
TELANGANA,Lingapur,56
TELANGANA,LOKESWARAM,57
TELANGANA,LUXETTIPET,58
TELANGANA,MACHAREDDY,59
TELANGANA,Madanapur,60
TELANGANA,Maddirala,61
TELANGANA,MADDUR,62
TELANGANA,MADGUL,63
TELANGANA,MADHIRA,64
TELANGANA,MADNUR,65
TELANGANA,Madugulapally,66
TELANGANA,MAGANOOR,67
TELANGANA,Mahabubnagar Urban,68
TELANGANA,MAHADEVPUR,69
TELANGANA,MAHBUBABAD,70
TELANGANA,MAHBUBNAGAR RURAL,71
TELANGANA,MAHESHWARAM,72
TELANGANA,MAKLOOR,73
TELANGANA,MAKTHAL,74
TELANGANA,MALDAKAL,75
TELANGANA,MALHAR RAO,76
TELANGANA,Malkajgiri,77
TELANGANA,MALLAPUR,78
TELANGANA,MALLIAL,79
TELANGANA,MAMDA,80
TELANGANA,MANAKONDUR,81
TELANGANA,MANCHAL,82
TELANGANA,MANCHERIAL,83
TELANGANA,MANDAMARRI,84
TELANGANA,MANGAPET,85
TELANGANA,Manoharabad,86
TELANGANA,MANOOR,87
TELANGANA,MANOPADU,88
TELANGANA,MANTHANI,89
TELANGANA,MANUGUR,90
TELANGANA,Marikal,91
TELANGANA,MARIPEDA,92
TELANGANA,Markook,93
TELANGANA,MARPALLY,94
TELANGANA,MARREDPALLY,95
TELANGANA,MARRIGUDA,96
TELANGANA,MATTAM PALLY,97
TELANGANA,MAVALA,98
TELANGANA,MEDAK,99
TELANGANA,MEDCHAL,100
TELANGANA,MEDIPALLI,1
TELANGANA,Medipally,2
TELANGANA,MELLA CHERVU,3
TELANGANA,Mendora,4
TELANGANA,METPALLI,5
TELANGANA,MIDJIL,6
TELANGANA,MIRDODDI,7
TELANGANA,MIRYALAGUDA,8
TELANGANA,Mogudampally,9
TELANGANA,MOGULLAPALLE,10
TELANGANA,MOINABAD,11
TELANGANA,MOMINPET,12
TELANGANA,Moosapet,13
TELANGANA,MORTAD,14
TELANGANA,Mosara,15
TELANGANA,Motakonduru,16
TELANGANA,MOTHEY,17
TELANGANA,MOTHKUR,18
TELANGANA,MUDHOLE,19
TELANGANA,MUDIGONDA,20
TELANGANA,Muduchinthalapally,21
TELANGANA,Mugpal,22
TELANGANA,MULAKALAPALLY,23
TELANGANA,MULUG,24
TELANGANA,MUNAGALA,25
TELANGANA,MUNIPALLY,26
TELANGANA,MUNUGODE,27
TELANGANA,Mupkal,28
TELANGANA,MUSHEERABAD,29
TELANGANA,MUSTABAD,30
TELANGANA,MUTHARAM (MAHADEVPUR),31
TELANGANA,MUTHARAM (MANTHANI),32
TELANGANA,NADIGUDEM,33
TELANGANA,Nadikuda,34
TELANGANA,Nagalgidda,35
TELANGANA,Nagaram,36
TELANGANA,NAGARKURNOOL,37
TELANGANA,NAGIREDDYPET,38
TELANGANA,NAKREKAL,39
TELANGANA,NALGONDA,40
TELANGANA,NALLA BELLI,41
TELANGANA,NALLIKUDUR,42
TELANGANA,NAMPALLY,43
TELANGANA,Nandigama,44
TELANGANA,NANDIPET,45
TELANGANA,NANGANOOR,46
TELANGANA,NARAYANAPUR,47
TELANGANA,Narayanaraopet,48
TELANGANA,NARAYANKHED,49
TELANGANA,NARAYANPET,50
TELANGANA,NARKETPALLY,51
TELANGANA,NARMETTA,52
TELANGANA,NARNOOR,53
TELANGANA,NARSAMPET,54
TELANGANA,NARSAPUR,55
TELANGANA,Narsapur G,56
TELANGANA,NARSIMHULAPET,57
TELANGANA,Narsingi,58
TELANGANA,NARVA,59
TELANGANA,Naspur,60
TELANGANA,Nasurullabad,61
TELANGANA,NAVIPET,62
TELANGANA,NAWABPET,63
TELANGANA,NEKKONDA,64
TELANGANA,NELAKONDAPALLY,65
TELANGANA,NENNEL,66
TELANGANA,NERADIGONDA,67
TELANGANA,NEREDUCHERLA,68
TELANGANA,Neredugommu,69
TELANGANA,NIDAMANOOR,70
TELANGANA,NIRMAL,71
TELANGANA,Nirmal Rural,72
TELANGANA,Nizamabad North,73
TELANGANA,NIZAMABAD RURAL,74
TELANGANA,Nizamabad South,75
TELANGANA,Nizampet,76
TELANGANA,NIZAMSAGAR,77
TELANGANA,NUTHANKAL,78
TELANGANA,NYALKAL,79
TELANGANA,ODELA,80
TELANGANA,Padara,81
TELANGANA,Palakeedu,82
TELANGANA,PALAKURTHI,83
TELANGANA,Palakurthy,84
TELANGANA,Palimela,85
TELANGANA,PALWANCHA,86
TELANGANA,PANGAL,87
TELANGANA,PAPANNAPET,88
TELANGANA,PARGI,89
TELANGANA,PARKAL,90
TELANGANA,PARVATHAGIRI,91
TELANGANA,PATANCHERU,92
TELANGANA,PEBBAIR,93
TELANGANA,PEDDA ADISERLAPALLY,94
TELANGANA,Pedda Kodapgal,95
TELANGANA,PEDDAKOTHAPALLE,96
TELANGANA,PEDDAMANDADI,97
TELANGANA,PEDDAPALLI,98
TELANGANA,Peddavangara,99
TELANGANA,PEDDAVOORA,100
TELANGANA,PEDDEMUL,1
TELANGANA,PEGADAPALLI,2
TELANGANA,Pembi,3
TELANGANA,Penchicalpet,4
TELANGANA,PENPAHAD,5
TELANGANA,Pentlavelli,6
TELANGANA,PENUBALLY,7
TELANGANA,PINAPAKA,8
TELANGANA,PITLAM,9
TELANGANA,PUDUR,10
TELANGANA,PULKAL,11
TELANGANA,QUTHBULLAPUR,12
TELANGANA,Raghunadhapalem,13
TELANGANA,RAGHUNATHPALLE,14
TELANGANA,RAIKAL,15
TELANGANA,RAIKODE,16
TELANGANA,RAIPARTHY,17
TELANGANA,Raipole,18
TELANGANA,Rajampet,19
TELANGANA,RAJAPET,20
TELANGANA,Rajapur,21
TELANGANA,RAJENDRANAGAR,22
TELANGANA,Rajoli,23
TELANGANA,RAMADUGU,24
TELANGANA,Ramagiri,25
TELANGANA,RAMAGUNDAM,26
TELANGANA,RAMANNAPETA,27
TELANGANA,Ramareddy,28
TELANGANA,RAMAYAMPET,29
TELANGANA,RAMCHANDRAPURAM,30
TELANGANA,REBBENA,31
TELANGANA,REGODE,32
TELANGANA,REGONDA,33
TELANGANA,RENJAL,34
TELANGANA,Revally,35
TELANGANA,Rudrangi,36
TELANGANA,Rudrur,37
TELANGANA,SADASIVANAGAR,38
TELANGANA,SADASIVPET,39
TELANGANA,SAIDABAD,40
TELANGANA,SANGAREDDY,41
TELANGANA,SANGEM,42
TELANGANA,SARANGAPUR,43
TELANGANA,SAROORNAGAR,44
TELANGANA,SATHUPALLY,45
TELANGANA,SECUNDERABAD,46
TELANGANA,Serilingampally,47
TELANGANA,SHABAD,48
TELANGANA,SHAIKPET,49
TELANGANA,SHALI GOURARAM,50
TELANGANA,SHAMIRPET,51
TELANGANA,SHAMSHABAD,52
TELANGANA,SHANKARAMPET[A],53
TELANGANA,SHANKARAMPET[R],54
TELANGANA,SHANKARAPATNAM,55
TELANGANA,SHANKARPALLY,56
TELANGANA,Shayampet,57
TELANGANA,SHIVAMPET,58
TELANGANA,SIDDIPET RURAL,59
TELANGANA,Siddipet urban,60
TELANGANA,SINGARENI,61
TELANGANA,SIRCILLA,62
TELANGANA,Sirgapoor,63
TELANGANA,Sirikonda,64
TELANGANA,SIRKONDA,65
TELANGANA,SIRPUR (T),66
TELANGANA,SIRPUR (U),67
TELANGANA,Soan,68
TELANGANA,SRIRAMPUR,69
TELANGANA,Srirangapur,70
TELANGANA,Sujathanagar,71
TELANGANA,SULTHANABAD,72
TELANGANA,SURYAPET,73
TELANGANA,TADOOR,74
TELANGANA,TADVAI,75
TELANGANA,TADWAI,76
TELANGANA,TALAKONDAPALLE,77
TELANGANA,TALAMADUGU,78
TELANGANA,TAMSI,79
TELANGANA,TANDUR,80
TELANGANA,TANUR,81
TELANGANA,TEKMAL,82
TELANGANA,TEKULAPALLY,83
TELANGANA,Tekumatla,84
TELANGANA,TELKAPALLE,85
TELANGANA,THALLADA,86
TELANGANA,Thangallapalli,87
TELANGANA,Tharigoppula,88
TELANGANA,THIMMAJIPETA,89
TELANGANA,THIMMAPUR (L.M.D.),90
TELANGANA,THIPPARTHI,91
TELANGANA,THIRUMALAGIRI,92
TELANGANA,THIRUMALAYAPALEM,93
TELANGANA,THOGUTA,94
TELANGANA,THORRUR,95
TELANGANA,THUNGATHURTHI,96
TELANGANA,THURKAPALLY,97
TELANGANA,Tirumalagiri Sagar,98
TELANGANA,TIRUMALAGIRY,99
TELANGANA,TIRYANI,100
TELANGANA,TRIPURARAM,1
TELANGANA,TUPRAN,2
TELANGANA,Undavelly,3
TELANGANA,Uppal,4
TELANGANA,UPPUNUNTHALA,5
TELANGANA,Urkonda,6
TELANGANA,UTKOOR,7
TELANGANA,UTNOOR,8
TELANGANA,V. SAIDAPUR,9
TELANGANA,VALIGONDA,10
TELANGANA,VANGOOR,11
TELANGANA,VARNI,12
TELANGANA,Vatpally,13
TELANGANA,VEENAVANKA,14
TELANGANA,Veernapalli,15
TELANGANA,Velair,16
TELANGANA,VELDANDA,17
TELANGANA,VELGATOOR,18
TELANGANA,VELPUR,19
TELANGANA,VEMANPALLY,20
TELANGANA,VEMSOOR,21
TELANGANA,VEMULA PALLY,22
TELANGANA,VEMULAWADA,23
TELANGANA,Vemulawada Rural,24
TELANGANA,VENKATAPUR,25
TELANGANA,VENKATAPURAM,26
TELANGANA,VIKARABAD,27
TELANGANA,WADDEPALLE,28
TELANGANA,WANAPARTHY,29
TELANGANA,WANKIDI,30
TELANGANA,Warangal,31
TELANGANA,WARDHANNA PET,32
TELANGANA,WARGAL,33
TELANGANA,WAZEED,34
TELANGANA,WEEPANGANDLA,35
TELANGANA,WYRA,36
TELANGANA,YACHARAM,37
TELANGANA,YADAGIRIGUTTA,38
TELANGANA,YALAL,39
TELANGANA,YEDAPALLE,40
TELANGANA,YELDURTHY,41
TELANGANA,YELLANDU,42
TELANGANA,YELLAREDDIPET,43
TELANGANA,YELLAREDDY,44
TELANGANA,Yergatla,45
TELANGANA,YERRUPALEM,46
TELANGANA,ZAFFERGADH,47
TELANGANA,ZAHIRABAD,48
TRIPURA,Amarpur,49
TRIPURA,Ambassa,50
TRIPURA,Bamutia,51
TRIPURA,Belbari,52
TRIPURA,Bharat Chandra Nagar,53
TRIPURA,Bishalgarh,54
TRIPURA,Bokafa,55
TRIPURA,Boxanagar,56
TRIPURA,Chandipur,57
TRIPURA,Charilam,58
TRIPURA,Chawmanu,59
TRIPURA,Damcherra,60
TRIPURA,Dasda,61
TRIPURA,Dukli,62
TRIPURA,Dumburnagar,63
TRIPURA,Durgachowmuhani,64
TRIPURA,Ganganagar,65
TRIPURA,Gournagar,66
TRIPURA,Hezamara,67
TRIPURA,Hrishyamukh,68
TRIPURA,Jampui Hills,69
TRIPURA,Jampuijala,70
TRIPURA,Jirania,71
TRIPURA,Jolaibari,72
TRIPURA,Jubarajnagar,73
TRIPURA,Kadamtala,74
TRIPURA,Kakraban,75
TRIPURA,Kalacherra,76
TRIPURA,Kalyanpur,77
TRIPURA,Karbook,78
TRIPURA,Kathalia,79
TRIPURA,Khowai,80
TRIPURA,Killa,81
TRIPURA,Kumarghat,82
TRIPURA,Laljuri,83
TRIPURA,Lefunga,84
TRIPURA,Mandwai,85
TRIPURA,Manu,86
TRIPURA,Matabari,87
TRIPURA,Mohanbhog,88
TRIPURA,Mohanpur,89
TRIPURA,Mungiakami,90
TRIPURA,Nalchar,91
TRIPURA,Old Agartala,92
TRIPURA,Ompi,93
TRIPURA,Padmabil,94
TRIPURA,Panisagar,95
TRIPURA,Pecharthal,96
TRIPURA,Poangbari,97
TRIPURA,Raishyabari,98
TRIPURA,Rajnagar,99
TRIPURA,Rupaichari,100
TRIPURA,Salema,1
TRIPURA,Satchand,2
TRIPURA,Silachari,3
TRIPURA,Teliamura,4
TRIPURA,Tepania,5
TRIPURA,Tulashikhar,6
UTTAR PRADESH,AALAMPUR JAFARABAD,7
UTTAR PRADESH,ABHAULI,8
UTTAR PRADESH,ACHCHALDA,9
UTTAR PRADESH,ACHHNERA,10
UTTAR PRADESH,AFZALGARH,11
UTTAR PRADESH,AGAUTA,12
UTTAR PRADESH,AHIRAULA,13
UTTAR PRADESH,AHIRORI,14
UTTAR PRADESH,AILIYA,15
UTTAR PRADESH,AIRAYAN,16
UTTAR PRADESH,AJITMAL,17
UTTAR PRADESH,AKBARPUR,18
UTTAR PRADESH,AKHAND NAGAR,19
UTTAR PRADESH,AKOLA,20
UTTAR PRADESH,AKRABAD,21
UTTAR PRADESH,ALIGANJ,22
UTTAR PRADESH,AMANIGANJ,23
UTTAR PRADESH,AMANPUR,24
UTTAR PRADESH,AMARIYA,25
UTTAR PRADESH,AMAULI,26
UTTAR PRADESH,AMAWAN,27
UTTAR PRADESH,AMBIAPUR,28
UTTAR PRADESH,AMETHI,29
UTTAR PRADESH,AMRODHA,30
UTTAR PRADESH,AMROHA,31
UTTAR PRADESH,ANUPSHAHR,32
UTTAR PRADESH,ARAJILINE,33
UTTAR PRADESH,ARANIYA,34
UTTAR PRADESH,ARAON,35
UTTAR PRADESH,ASAFPUR,36
UTTAR PRADESH,ASMAULI,37
UTTAR PRADESH,ASOHA,38
UTTAR PRADESH,ASOTHAR,39
UTTAR PRADESH,ASPUR DEOSARA,40
UTTAR PRADESH,ATRAULI,41
UTTAR PRADESH,ATRAULIA,42
UTTAR PRADESH,AURAI,43
UTTAR PRADESH,AURAIYA,44
UTTAR PRADESH,AURAS,45
UTTAR PRADESH,AWAGARH,46
UTTAR PRADESH,AZMATGARH,47
UTTAR PRADESH,BABA BELKHARNATH DHAM,48
UTTAR PRADESH,BABAGANJ,49
UTTAR PRADESH,BABERU,50
UTTAR PRADESH,BABHANI,51
UTTAR PRADESH,BABHANJOT,52
UTTAR PRADESH,BABINA,53
UTTAR PRADESH,BACHHARAWAN,54
UTTAR PRADESH,BADAGAON,55
UTTAR PRADESH,BADLA PUR,56
UTTAR PRADESH,BADOKHAR KHURD,57
UTTAR PRADESH,BADRAON,58
UTTAR PRADESH,BAGHARA,59
UTTAR PRADESH,BAGHAULI,60
UTTAR PRADESH,BAGHPAT,61
UTTAR PRADESH,BAH,62
UTTAR PRADESH,BAHADURPUR,63
UTTAR PRADESH,BAHERI,64
UTTAR PRADESH,BAHJOI,65
UTTAR PRADESH,BAHRIA,66
UTTAR PRADESH,BAHUA,67
UTTAR PRADESH,BAIRIA,68
UTTAR PRADESH,BAITALPUR,69
UTTAR PRADESH,BAKSHA,70
UTTAR PRADESH,BAKSHI-KA-TALAB,71
UTTAR PRADESH,BALAHA,72
UTTAR PRADESH,BALDEO,73
UTTAR PRADESH,BALDIRAI,74
UTTAR PRADESH,BALLIA KHERI,75
UTTAR PRADESH,BALRAMPUR,76
UTTAR PRADESH,BAMAUR,77
UTTAR PRADESH,BANDA,78
UTTAR PRADESH,BANGARMAU,79
UTTAR PRADESH,BANGRA,80
UTTAR PRADESH,BANI KODAR,81
UTTAR PRADESH,BANIYAKHERA,82
UTTAR PRADESH,BANKATA,83
UTTAR PRADESH,BANKATI,84
UTTAR PRADESH,BANKEYGANJ,85
UTTAR PRADESH,BANKI,86
UTTAR PRADESH,BANSDIH,87
UTTAR PRADESH,BANSGAON,88
UTTAR PRADESH,BANSI,89
UTTAR PRADESH,BAR,90
UTTAR PRADESH,BARAGAON,91
UTTAR PRADESH,BARASATHI,92
UTTAR PRADESH,BARAULI AHIR,93
UTTAR PRADESH,BARAUT,94
UTTAR PRADESH,BARHAJ,95
UTTAR PRADESH,BARHALGANJ,96
UTTAR PRADESH,BARHNI,97
UTTAR PRADESH,BARHPUR,98
UTTAR PRADESH,BARHPURA,99
UTTAR PRADESH,BARKHERA,100
UTTAR PRADESH,BARNAHAL,1
UTTAR PRADESH,BASKHARI,2
UTTAR PRADESH,BASREHAR,3
UTTAR PRADESH,BASTI,4
UTTAR PRADESH,BAWAN,5
UTTAR PRADESH,BEHENDAR,6
UTTAR PRADESH,BEHJAM,7
UTTAR PRADESH,BEHTA,8
UTTAR PRADESH,BELGHAT,9
UTTAR PRADESH,BELHAR KALA,10
UTTAR PRADESH,BELHARI,11
UTTAR PRADESH,BELSAR,12
UTTAR PRADESH,BERAHANI,13
UTTAR PRADESH,BERUARBARI,14
UTTAR PRADESH,BEWAR,15
UTTAR PRADESH,BHADAIYA,16
UTTAR PRADESH,BHADAR,17
UTTAR PRADESH,BHADAURA,18
UTTAR PRADESH,BHADOHI,19
UTTAR PRADESH,BHADPURA,20
UTTAR PRADESH,BHAGALPUR,21
UTTAR PRADESH,BHAGATPUR TANDA,22
UTTAR PRADESH,BHAGWATPUR,23
UTTAR PRADESH,BHAGYANAGAR,24
UTTAR PRADESH,BHALUANI,25
UTTAR PRADESH,BHANWAPUR,26
UTTAR PRADESH,BHANWARKOL,27
UTTAR PRADESH,BHARAWAN,28
UTTAR PRADESH,BHARKHANI,29
UTTAR PRADESH,BHARTHANA,30
UTTAR PRADESH,BHATHAT,31
UTTAR PRADESH,BHATNI,32
UTTAR PRADESH,BHATPAR RANI,33
UTTAR PRADESH,BHAWAL KHERA,34
UTTAR PRADESH,BHAWAN BAHADUR NAGAR,35
UTTAR PRADESH,BHETUA,36
UTTAR PRADESH,BHITARGAON,37
UTTAR PRADESH,BHITAURA,38
UTTAR PRADESH,BHITI,39
UTTAR PRADESH,BHIYAWAN,40
UTTAR PRADESH,BHOJIPURA,41
UTTAR PRADESH,BHOJPUR,42
UTTAR PRADESH,BHUTA,43
UTTAR PRADESH,BICHHIYA,44
UTTAR PRADESH,BICHPURI,45
UTTAR PRADESH,BIDHUNA,46
UTTAR PRADESH,BIGHAPUR,47
UTTAR PRADESH,BIHAR,48
UTTAR PRADESH,BIJAULI,49
UTTAR PRADESH,BIJUWA,50
UTTAR PRADESH,BIKAPUR,51
UTTAR PRADESH,BILARI,52
UTTAR PRADESH,BILARIYAGANJ,53
UTTAR PRADESH,BILASPUR,54
UTTAR PRADESH,BILGRAM,55
UTTAR PRADESH,BILHAUR,56
UTTAR PRADESH,BILSANDA,57
UTTAR PRADESH,BINAULI,58
UTTAR PRADESH,BIRDHA,59
UTTAR PRADESH,BIRDPUR,60
UTTAR PRADESH,BISALPUR,61
UTTAR PRADESH,BISANDA,62
UTTAR PRADESH,BISAULI,63
UTTAR PRADESH,BISRAKH,64
UTTAR PRADESH,BISWAN,65
UTTAR PRADESH,BITHIRI CHAINPUR,66
UTTAR PRADESH,BRAHMPUR,67
UTTAR PRADESH,BRIDGEMANGANJ,68
UTTAR PRADESH,BUDHANA,69
UTTAR PRADESH,BUDHANPUR SEOHARA,70
UTTAR PRADESH,BULANDSHAHR,71
UTTAR PRADESH,CAMPIERGANJ,72
UTTAR PRADESH,CHAHNIYA,73
UTTAR PRADESH,CHAIL,74
UTTAR PRADESH,CHAKA,75
UTTAR PRADESH,CHAKARNAGAR,76
UTTAR PRADESH,CHAKIYA,77
UTTAR PRADESH,CHAMRAON,78
UTTAR PRADESH,CHANDAULI,79
UTTAR PRADESH,CHANDAUS,80
UTTAR PRADESH,CHARGAWAN,81
UTTAR PRADESH,CHARKHARI,82
UTTAR PRADESH,CHARTHAWAL,83
UTTAR PRADESH,CHATRA,84
UTTAR PRADESH,CHAUBEYPUR,85
UTTAR PRADESH,CHAUMUHA,86
UTTAR PRADESH,CHHAJLET,87
UTTAR PRADESH,CHHANVEY,88
UTTAR PRADESH,CHHAPIA,89
UTTAR PRADESH,CHHAPRAULI,90
UTTAR PRADESH,CHHATA,91
UTTAR PRADESH,CHHATOH,92
UTTAR PRADESH,CHHIBRAMAU,93
UTTAR PRADESH,CHILKAHAR,94
UTTAR PRADESH,CHINHAT,95
UTTAR PRADESH,CHIRAIGAON,96
UTTAR PRADESH,CHIRGAON,97
UTTAR PRADESH,CHITAURA,98
UTTAR PRADESH,CHOLAPUR,99
UTTAR PRADESH,CHOPAN,100
UTTAR PRADESH,COLONELGANJ,1
UTTAR PRADESH,DADRI,2
UTTAR PRADESH,DADROL,3
UTTAR PRADESH,DAHGAVAN,4
UTTAR PRADESH,DAKORE,5
UTTAR PRADESH,DALMAU,6
UTTAR PRADESH,DAMKHAUDA,7
UTTAR PRADESH,DANKAUR,8
UTTAR PRADESH,DANPUR,9
UTTAR PRADESH,DARIYABAD,10
UTTAR PRADESH,DATAGANJ,11
UTTAR PRADESH,DAURALA,12
UTTAR PRADESH,DEEGH,13
UTTAR PRADESH,DEENSHAH GAURA,14
UTTAR PRADESH,DEOBAND,15
UTTAR PRADESH,DEORIA SADAR,16
UTTAR PRADESH,DERAPUR,17
UTTAR PRADESH,DESAI DEORIA,18
UTTAR PRADESH,DEVKALI,19
UTTAR PRADESH,DEVMAI,20
UTTAR PRADESH,DEWA,21
UTTAR PRADESH,DHAMPUR,22
UTTAR PRADESH,DHANAPUR,23
UTTAR PRADESH,DHANAURA,24
UTTAR PRADESH,DHANI,25
UTTAR PRADESH,DHANIPUR,26
UTTAR PRADESH,DHANPATGANJ,27
UTTAR PRADESH,DHANUPUR,28
UTTAR PRADESH,DHARMA PUR,29
UTTAR PRADESH,DHATA,30
UTTAR PRADESH,DHAULANA,31
UTTAR PRADESH,DHAURHARA,32
UTTAR PRADESH,DIBAI,33
UTTAR PRADESH,DIH,34
UTTAR PRADESH,DILARI,35
UTTAR PRADESH,DOBHI,36
UTTAR PRADESH,DOHRI GHAT,37
UTTAR PRADESH,DOMARIYAGANJ,38
UTTAR PRADESH,DOSTPUR,39
UTTAR PRADESH,DUBAULIYA,40
UTTAR PRADESH,DUBEPUR,41
UTTAR PRADESH,DUBHAR,42
UTTAR PRADESH,DUDHAHI,43
UTTAR PRADESH,DUDHI,44
UTTAR PRADESH,EKA,45
UTTAR PRADESH,EKONA,46
UTTAR PRADESH,ERWA KATRA,47
UTTAR PRADESH,ETMADPUR,48
UTTAR PRADESH,FARAH,49
UTTAR PRADESH,FARIDPUR,50
UTTAR PRADESH,FATEHABAD,51
UTTAR PRADESH,FATEHGANJ WEST,52
UTTAR PRADESH,FATEHPUR,53
UTTAR PRADESH,FATEHPUR CHAURASI,54
UTTAR PRADESH,FATEHPUR MADAUN,55
UTTAR PRADESH,FATEHPUR SIKRI,56
UTTAR PRADESH,FAZILNAGAR,57
UTTAR PRADESH,FIROZABAD,58
UTTAR PRADESH,GAGAHA,59
UTTAR PRADESH,GAINDAS BUJURG,60
UTTAR PRADESH,GAISRI,61
UTTAR PRADESH,GAJRAULA,62
UTTAR PRADESH,GANGESHWARI,63
UTTAR PRADESH,GANGIRI,64
UTTAR PRADESH,GANGOH,65
UTTAR PRADESH,GANJ DUNDWARA,66
UTTAR PRADESH,GANJ MORADABAD,67
UTTAR PRADESH,GARH MUKTESHWAR,68
UTTAR PRADESH,GARWAR,69
UTTAR PRADESH,GAUR,70
UTTAR PRADESH,GAURA,71
UTTAR PRADESH,GAURI BAZAR,72
UTTAR PRADESH,GAURIGANJ,73
UTTAR PRADESH,GHATAMPUR,74
UTTAR PRADESH,GHAZIPUR,75
UTTAR PRADESH,GHIROR,76
UTTAR PRADESH,GHORAWAL,77
UTTAR PRADESH,GHOSI,78
UTTAR PRADESH,GHUGHLI,79
UTTAR PRADESH,GILAULA,80
UTTAR PRADESH,GOHAND,81
UTTAR PRADESH,GOLA,82
UTTAR PRADESH,GONDA,83
UTTAR PRADESH,GONDLAMAU,84
UTTAR PRADESH,GOSAIGANJ,85
UTTAR PRADESH,GOVARDHAN,86
UTTAR PRADESH,GUGHRAPUR,87
UTTAR PRADESH,GULAOTHI,88
UTTAR PRADESH,GUNNAUR,89
UTTAR PRADESH,GURSARAI,90
UTTAR PRADESH,GYANPUR,91
UTTAR PRADESH,HAIDARGARH,92
UTTAR PRADESH,HAINSAR BAZAR,93
UTTAR PRADESH,HALDAUR(KHARI JHALU),94
UTTAR PRADESH,HALDHARMAU,95
UTTAR PRADESH,HALLIA,96
UTTAR PRADESH,HANDIA,97
UTTAR PRADESH,HANUMANGANJ,98
UTTAR PRADESH,HAPUR,99
UTTAR PRADESH,HARAHUA,100
UTTAR PRADESH,HARAIYA,1
UTTAR PRADESH,HARAKH,2
UTTAR PRADESH,HARCHANDPUR,3
UTTAR PRADESH,HARGAON,4
UTTAR PRADESH,HARIHARPUR RANI,5
UTTAR PRADESH,HARIYANGATANGANJ,6
UTTAR PRADESH,HARIYAWAN,7
UTTAR PRADESH,HARPALPUR,8
UTTAR PRADESH,HARRAIYA,9
UTTAR PRADESH,HARRIYA SATGHARWA,10
UTTAR PRADESH,HASANGANJ,11
UTTAR PRADESH,HASANPUR,12
UTTAR PRADESH,HASAYAN,13
UTTAR PRADESH,HASERAN,14
UTTAR PRADESH,HASTINAPUR,15
UTTAR PRADESH,HASWA,16
UTTAR PRADESH,HATA,17
UTTAR PRADESH,HATHGAON,18
UTTAR PRADESH,HATHRAS,19
UTTAR PRADESH,HATHWANT,20
UTTAR PRADESH,HILAULI,21
UTTAR PRADESH,HOLAGARH,22
UTTAR PRADESH,HUZOORPUR,23
UTTAR PRADESH,IGLAS,24
UTTAR PRADESH,ISANAGAR,25
UTTAR PRADESH,ISLAMNAGAR,26
UTTAR PRADESH,ITIATHOK,27
UTTAR PRADESH,ITWA,28
UTTAR PRADESH,JAGAT,29
UTTAR PRADESH,JAGATPUR,30
UTTAR PRADESH,JAGDISHPUR,31
UTTAR PRADESH,JAGEER,32
UTTAR PRADESH,JAGNER,33
UTTAR PRADESH,JAHANAGANJ,34
UTTAR PRADESH,JAHANGIR GANJ,35
UTTAR PRADESH,JAHANGIRABAD,36
UTTAR PRADESH,JAISINGHPUR,37
UTTAR PRADESH,JAITHARA,38
UTTAR PRADESH,JAITIPUR,39
UTTAR PRADESH,JAITPUR,40
UTTAR PRADESH,JAITPUR KALAN,41
UTTAR PRADESH,JAKHANIA,42
UTTAR PRADESH,JAKHAURA,43
UTTAR PRADESH,JALAL PUR,44
UTTAR PRADESH,JALALABAD,45
UTTAR PRADESH,JALAUN,46
UTTAR PRADESH,JALESAR,47
UTTAR PRADESH,JALILPUR,48
UTTAR PRADESH,JAMALPUR,49
UTTAR PRADESH,JAMO,50
UTTAR PRADESH,JAMUNAHA,51
UTTAR PRADESH,JANGAL KAUDIA,52
UTTAR PRADESH,JANIKHURD,53
UTTAR PRADESH,JANSATH,54
UTTAR PRADESH,JARWAL,55
UTTAR PRADESH,JASPURA,56
UTTAR PRADESH,JASRA,57
UTTAR PRADESH,JASRANA,58
UTTAR PRADESH,JASWANTNAGAR,59
UTTAR PRADESH,JAWAN SIKANDERPUR,60
UTTAR PRADESH,JEWAR,61
UTTAR PRADESH,JHANJHARI,62
UTTAR PRADESH,JHINJHAK,63
UTTAR PRADESH,JOGIA,64
UTTAR PRADESH,JOYA,65
UTTAR PRADESH,JUNAWAI,66
UTTAR PRADESH,KABRAI,67
UTTAR PRADESH,KACHAUNA,68
UTTAR PRADESH,KADAURA,69
UTTAR PRADESH,KADIPUR,70
UTTAR PRADESH,KAIMGANJ,71
UTTAR PRADESH,KAIRANA,72
UTTAR PRADESH,KAISARGANJ,73
UTTAR PRADESH,KAKORI,74
UTTAR PRADESH,KAKWAN,75
UTTAR PRADESH,KALAKANKAR,76
UTTAR PRADESH,KALAN,77
UTTAR PRADESH,KALYANPUR,78
UTTAR PRADESH,KAMALGANJ,79
UTTAR PRADESH,KAMASIN,80
UTTAR PRADESH,KANDHLA,81
UTTAR PRADESH,KANNAUJ,82
UTTAR PRADESH,KANTH,83
UTTAR PRADESH,KAPTAINGANJ,84
UTTAR PRADESH,KAPTANGANJ,85
UTTAR PRADESH,KARA,86
UTTAR PRADESH,KARANDA,87
UTTAR PRADESH,KARANJA KALA,88
UTTAR PRADESH,KARCHHANA,89
UTTAR PRADESH,KARHAL,90
UTTAR PRADESH,KARWI,91
UTTAR PRADESH,KASAYA,92
UTTAR PRADESH,KASGANJ,93
UTTAR PRADESH,KASHI VIDYAPEETH,94
UTTAR PRADESH,KASIMABAD,95
UTTAR PRADESH,KASMANDA,96
UTTAR PRADESH,KATEHARI,97
UTTAR PRADESH,KATRA BAZAR,98
UTTAR PRADESH,KAUDHIYARA,99
UTTAR PRADESH,KAURI RAM,100
UTTAR PRADESH,KAURIHAR,1
UTTAR PRADESH,KAUSHAMBI,2
UTTAR PRADESH,KERAKAT,3
UTTAR PRADESH,KHADDA,4
UTTAR PRADESH,KHAIR,5
UTTAR PRADESH,KHAIRABAD,6
UTTAR PRADESH,KHAJNI,7
UTTAR PRADESH,KHAJUHA,8
UTTAR PRADESH,KHALILABAD,9
UTTAR PRADESH,KHANDAULI,10
UTTAR PRADESH,KHARKHODA,11
UTTAR PRADESH,KHATAULI,12
UTTAR PRADESH,KHEKRA,13
UTTAR PRADESH,KHERAGARH,14
UTTAR PRADESH,KHESRAHA,15
UTTAR PRADESH,KHIRON,16
UTTAR PRADESH,KHORABAR,17
UTTAR PRADESH,KHUDAGANJ KATRA,18
UTTAR PRADESH,KHUNIYAON,19
UTTAR PRADESH,KHURJA,20
UTTAR PRADESH,KHUTAR,21
UTTAR PRADESH,KHUTHAN,22
UTTAR PRADESH,KIRATPUR,23
UTTAR PRADESH,KISHNI,24
UTTAR PRADESH,KOILSA,25
UTTAR PRADESH,KON,26
UTTAR PRADESH,KONCH,27
UTTAR PRADESH,KOPAGANJ,28
UTTAR PRADESH,KORAON,29
UTTAR PRADESH,KOTHAWAN,30
UTTAR PRADESH,KOTWALI,31
UTTAR PRADESH,KUDARAHA,32
UTTAR PRADESH,KUMBHIGOLA,33
UTTAR PRADESH,KUNDA,34
UTTAR PRADESH,KUNDARKI,35
UTTAR PRADESH,KURAOLI,36
UTTAR PRADESH,KURARA,37
UTTAR PRADESH,KUREBHAR,38
UTTAR PRADESH,KURWAR,39
UTTAR PRADESH,KUTHAUND,40
UTTAR PRADESH,KYARA,41
UTTAR PRADESH,LAHARPUR,42
UTTAR PRADESH,LAKHAOTHI,43
UTTAR PRADESH,LAKHIMPUR,44
UTTAR PRADESH,LAKSHAMANPUR,45
UTTAR PRADESH,LAKSHMIPUR,46
UTTAR PRADESH,LALAURIKHERA,47
UTTAR PRADESH,LALGANJ,48
UTTAR PRADESH,LAMBHUA,49
UTTAR PRADESH,LAR,50
UTTAR PRADESH,LODHA,51
UTTAR PRADESH,LONI,52
UTTAR PRADESH,LOTAN,53
UTTAR PRADESH,MACHCHALI SHAHAR,54
UTTAR PRADESH,MACHHREHTA,55
UTTAR PRADESH,MACHRA,56
UTTAR PRADESH,MADANPUR,57
UTTAR PRADESH,MADHOGANJ,58
UTTAR PRADESH,MADHOGARH,59
UTTAR PRADESH,MADNAPUR,60
UTTAR PRADESH,MAGRAURA,61
UTTAR PRADESH,MAHARAJ GANJ,62
UTTAR PRADESH,MAHASI,63
UTTAR PRADESH,MAHEVA,64
UTTAR PRADESH,MAHEWA,65
UTTAR PRADESH,MAHMUDABAD,66
UTTAR PRADESH,MAHOLI,67
UTTAR PRADESH,MAHRAJGANJ,68
UTTAR PRADESH,MAHUVA,69
UTTAR PRADESH,MAINPURI,70
UTTAR PRADESH,MAITHA,71
UTTAR PRADESH,MAJHAWA,72
UTTAR PRADESH,MAJHGAWAN,73
UTTAR PRADESH,MAL,74
UTTAR PRADESH,MALASA,75
UTTAR PRADESH,MALIHABAD,76
UTTAR PRADESH,MALLAWAN,77
UTTAR PRADESH,MALWAN,78
UTTAR PRADESH,MANDA,79
UTTAR PRADESH,MANDAWARA,80
UTTAR PRADESH,MANDHATA,81
UTTAR PRADESH,MANIAR,82
UTTAR PRADESH,MANIHARI,83
UTTAR PRADESH,MANIKPUR,84
UTTAR PRADESH,MANJHANPUR,85
UTTAR PRADESH,MANKAPUR,86
UTTAR PRADESH,MARDAH,87
UTTAR PRADESH,MAREHRA,88
UTTAR PRADESH,MARIYAHU,89
UTTAR PRADESH,MARORI,90
UTTAR PRADESH,MARTINGANJ,91
UTTAR PRADESH,MASAULI,92
UTTAR PRADESH,MASODHA,93
UTTAR PRADESH,MAT,94
UTTAR PRADESH,MATHURA,95
UTTAR PRADESH,MAU,96
UTTAR PRADESH,MAUAIMA,97
UTTAR PRADESH,MAUDAHA,98
UTTAR PRADESH,MAURANIPUR,99
UTTAR PRADESH,Mawai,100
UTTAR PRADESH,MAWANA KALAN,1
UTTAR PRADESH,MAYA BAZAR,2
UTTAR PRADESH,MEERUT,3
UTTAR PRADESH,MEHDAWAL,4
UTTAR PRADESH,MEHNAGAR,5
UTTAR PRADESH,MEHRONI,6
UTTAR PRADESH,MEJA,7
UTTAR PRADESH,MIANGANJ,8
UTTAR PRADESH,MIHINPURWA,9
UTTAR PRADESH,MILAK,10
UTTAR PRADESH,MILKIPUR,11
UTTAR PRADESH,MION,12
UTTAR PRADESH,MIRGANJ,13
UTTAR PRADESH,MIRZAPUR,14
UTTAR PRADESH,MISRIKH,15
UTTAR PRADESH,MITAULI,16
UTTAR PRADESH,MITHAURA,17
UTTAR PRADESH,MITHWAL,18
UTTAR PRADESH,MOHAMDABAD,19
UTTAR PRADESH,MOHAMMADABAD,20
UTTAR PRADESH,MOHAMMADABAD GOHANA,21
UTTAR PRADESH,MOHAMMADI,22
UTTAR PRADESH,MOHAMMADPUR,23
UTTAR PRADESH,MOHAMMEDPUR DEOMAL,24
UTTAR PRADESH,MOHANLALGANJ,25
UTTAR PRADESH,MOORATGANJ,26
UTTAR PRADESH,MORADABAD,27
UTTAR PRADESH,MORNA,28
UTTAR PRADESH,MOTH,29
UTTAR PRADESH,MOTICHAK,30
UTTAR PRADESH,MOTIGARPUR,31
UTTAR PRADESH,MUFTI GANJ,32
UTTAR PRADESH,MUJEHANA,33
UTTAR PRADESH,MUNDA PANDEY,34
UTTAR PRADESH,MUNGRA BADSHAH PUR,35
UTTAR PRADESH,MURADNAGAR,36
UTTAR PRADESH,MURLICHHAPRA,37
UTTAR PRADESH,MURSAN,38
UTTAR PRADESH,MUSAFIR KHANA,39
UTTAR PRADESH,MUSKARA,40
UTTAR PRADESH,MUZAFFARABAD,41
UTTAR PRADESH,MUZAFFARNAGAR,42
UTTAR PRADESH,MYORPUR,43
UTTAR PRADESH,NADIGAON,44
UTTAR PRADESH,NAGAL,45
UTTAR PRADESH,NAGAR (CITY),46
UTTAR PRADESH,NAGRA,47
UTTAR PRADESH,NAGWA,48
UTTAR PRADESH,NAJIBABAD,49
UTTAR PRADESH,NAKAHA,50
UTTAR PRADESH,NAKUR,51
UTTAR PRADESH,NANAUTA,52
UTTAR PRADESH,NANDGAON,53
UTTAR PRADESH,NARAINI,54
UTTAR PRADESH,NARAINPUR,55
UTTAR PRADESH,NARKHI,56
UTTAR PRADESH,NATH NAGAR,57
UTTAR PRADESH,NAUGARH,58
UTTAR PRADESH,NAUTANWA,59
UTTAR PRADESH,NAVANAGAR,60
UTTAR PRADESH,NAWABGANJ,61
UTTAR PRADESH,NEBUA NAURANGIA,62
UTTAR PRADESH,NEHTAUR,63
UTTAR PRADESH,NEVADA,64
UTTAR PRADESH,NICHLAUL,65
UTTAR PRADESH,NIDHAULI KALAN,66
UTTAR PRADESH,NIGHASAN,67
UTTAR PRADESH,NIGOHI,68
UTTAR PRADESH,NINDAURA,69
UTTAR PRADESH,NIYAMATABAD,70
UTTAR PRADESH,NOHJHIL,71
UTTAR PRADESH,NOORPUR,72
UTTAR PRADESH,P.P.KAMAICHA,73
UTTAR PRADESH,PACHPEDWA,74
UTTAR PRADESH,PADRAUNA,75
UTTAR PRADESH,PAHALA,76
UTTAR PRADESH,PAHARI,77
UTTAR PRADESH,PAHASU,78
UTTAR PRADESH,PALHANA,79
UTTAR PRADESH,PALHANI,80
UTTAR PRADESH,PALI,81
UTTAR PRADESH,PALIA,82
UTTAR PRADESH,PANDAH,83
UTTAR PRADESH,PANDRI KRIPAL,84
UTTAR PRADESH,PANIYARA,85
UTTAR PRADESH,PANWARI,86
UTTAR PRADESH,PANWASA,87
UTTAR PRADESH,PARAS RAMPUR,88
UTTAR PRADESH,PARASPUR,89
UTTAR PRADESH,PARDAHA,90
UTTAR PRADESH,PARIKSHITGARH,91
UTTAR PRADESH,PARSENDI,92
UTTAR PRADESH,PARTAWAL,93
UTTAR PRADESH,PASGAWAN,94
UTTAR PRADESH,PATARA,95
UTTAR PRADESH,PATEHRA,96
UTTAR PRADESH,PATHAR DEWA,97
UTTAR PRADESH,PATIYALI,98
UTTAR PRADESH,PATTI,99
UTTAR PRADESH,PAULI,100
UTTAR PRADESH,PAWAI,1
UTTAR PRADESH,PAYAGPUR,2
UTTAR PRADESH,PHAKHARPUR,3
UTTAR PRADESH,PHARENDA,4
UTTAR PRADESH,PHOOLBEHAR,5
UTTAR PRADESH,PHULPUR,6
UTTAR PRADESH,PIHANI,7
UTTAR PRADESH,PILANA,8
UTTAR PRADESH,PINAHAT,9
UTTAR PRADESH,PINDRA,10
UTTAR PRADESH,PIPRAICH,11
UTTAR PRADESH,PIPRAULI,12
UTTAR PRADESH,PISAWAN,13
UTTAR PRADESH,POWAYAN,14
UTTAR PRADESH,PRATAPGARH (SADAR),15
UTTAR PRADESH,PRATAPPUR,16
UTTAR PRADESH,PURA BAZAR,17
UTTAR PRADESH,PURANPUR,18
UTTAR PRADESH,PUREDALAI,19
UTTAR PRADESH,PURKAJI,20
UTTAR PRADESH,PURWA,21
UTTAR PRADESH,PUWARKA,22
UTTAR PRADESH,QADAR CHOWK,23
UTTAR PRADESH,RAHI,24
UTTAR PRADESH,RAJAPUR,25
UTTAR PRADESH,RAJEPUR,26
UTTAR PRADESH,RAJGARH,27
UTTAR PRADESH,RAJPUR,28
UTTAR PRADESH,RAJPURA,29
UTTAR PRADESH,RAM NAGAR,30
UTTAR PRADESH,RAM PUR,31
UTTAR PRADESH,RAMIA BEHAR,32
UTTAR PRADESH,RAMKOLA,33
UTTAR PRADESH,RAMNAGAR,34
UTTAR PRADESH,RAMPUR KARKHANA,35
UTTAR PRADESH,RAMPUR MANIHARAN,36
UTTAR PRADESH,RAMPUR MATHURA,37
UTTAR PRADESH,RAMPUR SANRAMGARH,38
UTTAR PRADESH,RAMPURA,39
UTTAR PRADESH,RANI KI SARAI,40
UTTAR PRADESH,RANIPUR,41
UTTAR PRADESH,RASRA,42
UTTAR PRADESH,RASULABAD,43
UTTAR PRADESH,RATANPURA,44
UTTAR PRADESH,RATH,45
UTTAR PRADESH,RAYA,46
UTTAR PRADESH,REHERA BAZAAR,47
UTTAR PRADESH,REOTI,48
UTTAR PRADESH,REUSA,49
UTTAR PRADESH,REVATIPUR,50
UTTAR PRADESH,RISIA,51
UTTAR PRADESH,ROBERTSGANJ,52
UTTAR PRADESH,ROHANIA,53
UTTAR PRADESH,ROHTA,54
UTTAR PRADESH,RUDAULI,55
UTTAR PRADESH,RUDRAPUR,56
UTTAR PRADESH,RUPAIDEEH,57
UTTAR PRADESH,SADABAD,58
UTTAR PRADESH,SADAT,59
UTTAR PRADESH,SADAULI QADEEM,60
UTTAR PRADESH,SAFIPUR,61
UTTAR PRADESH,SAHABGANJ,62
UTTAR PRADESH,SAHAR,63
UTTAR PRADESH,SAHASWAN,64
UTTAR PRADESH,SAHAWAR,65
UTTAR PRADESH,SAHJANAWA,66
UTTAR PRADESH,SAIDABAD,67
UTTAR PRADESH,SAIDNAGAR,68
UTTAR PRADESH,SAIDPUR,69
UTTAR PRADESH,SAIYAN,70
UTTAR PRADESH,SAKALDIHA,71
UTTAR PRADESH,SAKIT,72
UTTAR PRADESH,SAKRAN,73
UTTAR PRADESH,SALARPUR,74
UTTAR PRADESH,SALEMPUR,75
UTTAR PRADESH,SALON,76
UTTAR PRADESH,SALTAUA GOPAL PUR,77
UTTAR PRADESH,SAMBHAL,78
UTTAR PRADESH,SAMRER,79
UTTAR PRADESH,SANDALPUR,80
UTTAR PRADESH,SANDI,81
UTTAR PRADESH,SANDILA,82
UTTAR PRADESH,SANDWA CHANDRIKA,83
UTTAR PRADESH,SANGIPUR,84
UTTAR PRADESH,SANGRAMPUR,85
UTTAR PRADESH,SANTHA,86
UTTAR PRADESH,SARBANKHERA,87
UTTAR PRADESH,SARDARNAGAR,88
UTTAR PRADESH,SARDHANA,89
UTTAR PRADESH,SARENI,90
UTTAR PRADESH,SARILA,91
UTTAR PRADESH,SAROJANINAGAR,92
UTTAR PRADESH,SARSAWAN,93
UTTAR PRADESH,SARSOL,94
UTTAR PRADESH,SARURPUR KHURD,95
UTTAR PRADESH,SASNI,96
UTTAR PRADESH,SATAON,97
UTTAR PRADESH,SATHIYAON,98
UTTAR PRADESH,SAU GHAT,99
UTTAR PRADESH,SAURIKH,100
UTTAR PRADESH,SEFAI,1
UTTAR PRADESH,SEHPAU,2
UTTAR PRADESH,SEMARIYAWAN,3
UTTAR PRADESH,SEORAHI,4
UTTAR PRADESH,SEVAPURI,5
UTTAR PRADESH,SHAH GANJ,6
UTTAR PRADESH,SHAHABAD,7
UTTAR PRADESH,SHAHGARH,8
UTTAR PRADESH,SHAHPUR,9
UTTAR PRADESH,SHAMLI,10
UTTAR PRADESH,SHAMSABAD,11
UTTAR PRADESH,SHANKARGARH,12
UTTAR PRADESH,SHERGARH,13
UTTAR PRADESH,SHIKARPUR,14
UTTAR PRADESH,SHIKHAR,15
UTTAR PRADESH,SHIKOHABAD,16
UTTAR PRADESH,SHITALPUR,17
UTTAR PRADESH,SHIVGARH,18
UTTAR PRADESH,SHIVPUR,19
UTTAR PRADESH,SHIVRAJPUR,20
UTTAR PRADESH,SHOHARATGARH,21
UTTAR PRADESH,SHRIDUTTGANJ,22
UTTAR PRADESH,SHUKUL BAZAR,23
UTTAR PRADESH,SIAR,24
UTTAR PRADESH,SIDHAULI,25
UTTAR PRADESH,SIDHAUR,26
UTTAR PRADESH,SIDHPURA,27
UTTAR PRADESH,SIKANDARPUR KARAN,28
UTTAR PRADESH,SIKANDARPUR SARAUSI,29
UTTAR PRADESH,SIKANDRABAD,30
UTTAR PRADESH,SIKANDRARAO,31
UTTAR PRADESH,SIKRARA,32
UTTAR PRADESH,SIMBHAWALI,33
UTTAR PRADESH,SINDHAULI,34
UTTAR PRADESH,SINGHPUR,35
UTTAR PRADESH,SIRATHU,36
UTTAR PRADESH,SIRAULI GAUSPUR,37
UTTAR PRADESH,SIRKONI,38
UTTAR PRADESH,SIRSIYA,39
UTTAR PRADESH,SISWA,40
UTTAR PRADESH,SOHANV,41
UTTAR PRADESH,SOHAWAL,42
UTTAR PRADESH,SORAON,43
UTTAR PRADESH,SORON,44
UTTAR PRADESH,SRINGVERPUR DHAM,45
UTTAR PRADESH,SUAR,46
UTTAR PRADESH,SUITHA KALA,47
UTTAR PRADESH,SUJAN GANJ,48
UTTAR PRADESH,SUKRAULI,49
UTTAR PRADESH,SULTANGANJ,50
UTTAR PRADESH,SUMERPUR,51
UTTAR PRADESH,SURATGANJ,52
UTTAR PRADESH,SURIYAVAN,53
UTTAR PRADESH,SURSA,54
UTTAR PRADESH,SYANA,55
UTTAR PRADESH,TAHBARPUR,56
UTTAR PRADESH,TAKHA,57
UTTAR PRADESH,TALBEHAT,58
UTTAR PRADESH,TALGRAM,59
UTTAR PRADESH,TAMKUHIRAJ,60
UTTAR PRADESH,TANDA,61
UTTAR PRADESH,TANDIYAWAN,62
UTTAR PRADESH,TAPPAL,63
UTTAR PRADESH,TARABGANJ,64
UTTAR PRADESH,TARKALUA,65
UTTAR PRADESH,TARUN,66
UTTAR PRADESH,TARWA,67
UTTAR PRADESH,TEJWAPUR,68
UTTAR PRADESH,TELYANI,69
UTTAR PRADESH,THAKURDWARA,70
UTTAR PRADESH,THANA BHAWAN,71
UTTAR PRADESH,THEKMA,72
UTTAR PRADESH,TILHAR,73
UTTAR PRADESH,TILOI,74
UTTAR PRADESH,TINDWARI,75
UTTAR PRADESH,TODARPUR,76
UTTAR PRADESH,TRIVEDIGANJ,77
UTTAR PRADESH,TULSIPUR,78
UTTAR PRADESH,TUNDLA,79
UTTAR PRADESH,UJHANI,80
UTTAR PRADESH,UMARDA,81
UTTAR PRADESH,UN,82
UTTAR PRADESH,UNCHAGAON,83
UTTAR PRADESH,UNCHAHAR,84
UTTAR PRADESH,URUWA,85
UTTAR PRADESH,URUWAN,86
UTTAR PRADESH,USAWAN,87
UTTAR PRADESH,USKA BAZAR,88
UTTAR PRADESH,UTRAULA,89
UTTAR PRADESH,VARACHAKWAR,90
UTTAR PRADESH,VIDHUNU,91
UTTAR PRADESH,VIJAYIPUR,92
UTTAR PRADESH,VIKRAM JOT,93
UTTAR PRADESH,VIRNO,94
UTTAR PRADESH,VISHESHWARGANJ,95
UTTAR PRADESH,VISHUNPURA,96
UTTAR PRADESH,WAZIRGANJ,97
UTTAR PRADESH,ZAMANIA,98
UTTARAKHAND,AUGUSTMUNI,99
UTTARAKHAND,BAGESHWAR,100
UTTARAKHAND,BAHADRABAD,1
UTTARAKHAND,BAJPUR,2
UTTARAKHAND,BARAKOT,3
UTTARAKHAND,BERINAG,4
UTTARAKHAND,BETALGHAT,5
UTTARAKHAND,BHAGWANPUR,6
UTTARAKHAND,BHAISIYA CHHANA,7
UTTARAKHAND,BHATWARI,8
UTTARAKHAND,BHIKIYASAIN,9
UTTARAKHAND,BHILANGNA,10
UTTARAKHAND,BHIMTAL,11
UTTARAKHAND,BIRONKHAL,12
UTTARAKHAND,CHAKRATA,13
UTTARAKHAND,CHAMBA,14
UTTARAKHAND,CHAMPAWAT,15
UTTARAKHAND,CHAUKHUTIYA,16
UTTARAKHAND,CHINYALISAUR,17
UTTARAKHAND,DASHOLI,18
UTTARAKHAND,DEOPRAYAG,19
UTTARAKHAND,DEWAL,20
UTTARAKHAND,DHARCHULA,21
UTTARAKHAND,DHARI,22
UTTARAKHAND,DHAULADEVI,23
UTTARAKHAND,DIDIHAT,24
UTTARAKHAND,DOIWALA,25
UTTARAKHAND,DUGGADA,26
UTTARAKHAND,DUNDA,27
UTTARAKHAND,DWARAHAT,28
UTTARAKHAND,DWARIKHAL,29
UTTARAKHAND,EKESHWAR,30
UTTARAKHAND,GADARPUR,31
UTTARAKHAND,GAIRSAIN,32
UTTARAKHAND,GANGOLIHAT,33
UTTARAKHAND,GARUR,34
UTTARAKHAND,GHAT,35
UTTARAKHAND,HALDWANI,36
UTTARAKHAND,HAWALBAG,37
UTTARAKHAND,JAKHNIDHAR,38
UTTARAKHAND,JASPUR,39
UTTARAKHAND,JAUNPUR,40
UTTARAKHAND,JOSHIMATH,41
UTTARAKHAND,KALJIKHAL,42
UTTARAKHAND,KALSI,43
UTTARAKHAND,KANALICHINA,44
UTTARAKHAND,KAPKOTE,45
UTTARAKHAND,KARNAPRAYAG,46
UTTARAKHAND,KASHIPUR,47
UTTARAKHAND,KHANPUR,48
UTTARAKHAND,KHATIMA,49
UTTARAKHAND,KHIRSU,50
UTTARAKHAND,KIRTINAGAR,51
UTTARAKHAND,KOT,52
UTTARAKHAND,KOTABAG,53
UTTARAKHAND,LAKSAR,54
UTTARAKHAND,LAMGARA,55
UTTARAKHAND,LOHAGHAT,56
UTTARAKHAND,MORI,57
UTTARAKHAND,MUNAKOT,58
UTTARAKHAND,MUNSYARI,59
UTTARAKHAND,NAINIDANDA,60
UTTARAKHAND,NARAYANBAGAR,61
UTTARAKHAND,NARENDRA NAGAR,62
UTTARAKHAND,NARSAN,63
UTTARAKHAND,NAUGAON,64
UTTARAKHAND,OKHALKANDA,65
UTTARAKHAND,PABAU,66
UTTARAKHAND,PATI,67
UTTARAKHAND,PAURI,68
UTTARAKHAND,PITHORAGARH,69
UTTARAKHAND,POKHARI,70
UTTARAKHAND,POKHRA,71
UTTARAKHAND,PRATAPNAGAR,72
UTTARAKHAND,PUROLA,73
UTTARAKHAND,RAIPUR,74
UTTARAKHAND,RAMGARH,75
UTTARAKHAND,RAMNAGAR,76
UTTARAKHAND,RIKHNIKHAL,77
UTTARAKHAND,ROORKEE,78
UTTARAKHAND,RUDRAPUR,79
UTTARAKHAND,SAHASPUR,80
UTTARAKHAND,SITARGANJ,81
UTTARAKHAND,SULT,82
UTTARAKHAND,SYALDEY,83
UTTARAKHAND,TAKULA,84
UTTARAKHAND,TARIKHET,85
UTTARAKHAND,THALISAIN,86
UTTARAKHAND,THARALI,87
UTTARAKHAND,THAULDHAR,88
UTTARAKHAND,UKHIMATH,89
UTTARAKHAND,VIKASNAGAR,90
UTTARAKHAND,YAMKESHWAR,91
UTTARAKHAND,ZAHRIKHAL,92
WEST BENGAL,ALIPURDUAR-I,93
WEST BENGAL,ALIPURDUAR-II,94
WEST BENGAL,AMDANGA,95
WEST BENGAL,AMTA-I,96
WEST BENGAL,AMTA-II,97
WEST BENGAL,ARAMBAGH,98
WEST BENGAL,ARSHA,99
WEST BENGAL,AUSGRAM-I,100
WEST BENGAL,AUSGRAM-II,1
WEST BENGAL,BADURIA,2
WEST BENGAL,BAGDA,3
WEST BENGAL,BAGMUNDI,4
WEST BENGAL,BAGNAN-I,5
WEST BENGAL,BAGNAN-II,6
WEST BENGAL,BALAGARH,7
WEST BENGAL,BALARAMPUR,8
WEST BENGAL,BALLY-JAGACHA,9
WEST BENGAL,BALURGHAT,10
WEST BENGAL,BAMONGOLA,11
WEST BENGAL,BANKURA-I,12
WEST BENGAL,BANKURA-II,13
WEST BENGAL,BANSIHARI,14
WEST BENGAL,BARABANI,15
WEST BENGAL,BARABAZAR,16
WEST BENGAL,BARASAT-I,17
WEST BENGAL,BARASAT-II,18
WEST BENGAL,BARJORA,19
WEST BENGAL,BARRACKPUR-I,20
WEST BENGAL,BARRACKPUR-II,21
WEST BENGAL,BARUIPUR,22
WEST BENGAL,BASANTI,23
WEST BENGAL,BASIRHAT-I,24
WEST BENGAL,BASIRHAT-II,25
WEST BENGAL,BELDANGA-I,26
WEST BENGAL,BELDANGA-II,27
WEST BENGAL,BERHAMPORE,28
WEST BENGAL,BHAGABANGOLA-II,29
WEST BENGAL,BHAGAWANGOLA-I,30
WEST BENGAL,BHAGAWANPUR-I,31
WEST BENGAL,BHAGAWANPUR-II,32
WEST BENGAL,BHANGAR-I,33
WEST BENGAL,BHANGAR-II,34
WEST BENGAL,BHARATPUR-I,35
WEST BENGAL,BHARATPUR-II,36
WEST BENGAL,BHATAR,37
WEST BENGAL,BINPUR-I,38
WEST BENGAL,BINPUR-II,39
WEST BENGAL,BISHNUPUR-I,40
WEST BENGAL,BISHNUPUR-II,41
WEST BENGAL,BOLPUR-SRINIKETAN,42
WEST BENGAL,BONGAON,43
WEST BENGAL,BUDGE BUDGE-I,44
WEST BENGAL,BUDGE BUDGE-II,45
WEST BENGAL,BUNDWAN,46
WEST BENGAL,BURDWAN-I,47
WEST BENGAL,BURDWAN-II,48
WEST BENGAL,BURWAN,49
WEST BENGAL,CANNING-I,50
WEST BENGAL,CANNING-II,51
WEST BENGAL,CHAKDAH,52
WEST BENGAL,CHANCHAL-I,53
WEST BENGAL,CHANCHAL-II,54
WEST BENGAL,CHANDIPUR,55
WEST BENGAL,CHANDITALA-I,56
WEST BENGAL,CHANDITALA-II,57
WEST BENGAL,CHANDRAKONA-I,58
WEST BENGAL,CHANDRAKONA-II,59
WEST BENGAL,CHAPRA,60
WEST BENGAL,CHHATNA,61
WEST BENGAL,CHINSURAH-MAGRAH,62
WEST BENGAL,CHOPRA,63
WEST BENGAL,CONTAI-I,64
WEST BENGAL,CONTAI-III,65
WEST BENGAL,COOCH BEHAR II,66
WEST BENGAL,COOCHBEHAR I,67
WEST BENGAL,DANTAN-I,68
WEST BENGAL,DANTAN-II,69
WEST BENGAL,DARJEELING-PULBAZAR,70
WEST BENGAL,DASPUR-I,71
WEST BENGAL,DASPUR-II,72
WEST BENGAL,DEBRA,73
WEST BENGAL,DEGANGA,74
WEST BENGAL,DESHAPRAN,75
WEST BENGAL,DHANIAKHALI,76
WEST BENGAL,DHUPGURI,77
WEST BENGAL,DIAMOND HARBOUR-I,78
WEST BENGAL,DIAMOND HARBOUR-II,79
WEST BENGAL,DINHATA-I,80
WEST BENGAL,DINHATA-II,81
WEST BENGAL,DOMJUR,82
WEST BENGAL,DOMKAL,83
WEST BENGAL,DUBRAJPUR,84
WEST BENGAL,EGRA-I,85
WEST BENGAL,EGRA-II,86
WEST BENGAL,ENGLISH BAZAR,87
WEST BENGAL,FALAKATA,88
WEST BENGAL,FALTA,89
WEST BENGAL,FARAKKA,90
WEST BENGAL,FARIDPUR - DURGAPUR,91
WEST BENGAL,GAIGHATA,92
WEST BENGAL,GALSI -I,93
WEST BENGAL,GALSI-II,94
WEST BENGAL,GANGAJAL GHATI,95
WEST BENGAL,GANGARAMPUR,96
WEST BENGAL,GARBETA-I,97
WEST BENGAL,GARBETA-II,98
WEST BENGAL,GARBETA-III,99
WEST BENGAL,GAZOLE,100
WEST BENGAL,GHATAL,1
WEST BENGAL,GOALPOKHAR II,2
WEST BENGAL,GOALPOKHAR-I,3
WEST BENGAL,GOGHAT-I,4
WEST BENGAL,GOGHAT-II,5
WEST BENGAL,GOPIBALLAV PUR -II,6
WEST BENGAL,GOPIBALLAVPUR-I,7
WEST BENGAL,GORUBATHAN,8
WEST BENGAL,GOSABA,9
WEST BENGAL,HABIBPUR,10
WEST BENGAL,HABRA-I,11
WEST BENGAL,HABRA-II,12
WEST BENGAL,HALDIA,13
WEST BENGAL,HALDIBARI,14
WEST BENGAL,HANSKHALI,15
WEST BENGAL,HARIHARPARA,16
WEST BENGAL,HARINGHATA,17
WEST BENGAL,HARIPAL,18
WEST BENGAL,HARIRAMPUR,19
WEST BENGAL,HARISHCHANDRAPUR-I,20
WEST BENGAL,HARISHCHANDRAPUR-II,21
WEST BENGAL,HAROA,22
WEST BENGAL,HASNABAD,23
WEST BENGAL,HEMTABAD,24
WEST BENGAL,HILI,25
WEST BENGAL,HINGALGANJ,26
WEST BENGAL,HIRBANDH,27
WEST BENGAL,HURA,28
WEST BENGAL,ILLAMBAZAR,29
WEST BENGAL,INDPUR,30
WEST BENGAL,INDUS,31
WEST BENGAL,ISLAMPUR,32
WEST BENGAL,ITAHAR,33
WEST BENGAL,JAGATBALLAVPUR,34
WEST BENGAL,JAIPUR,35
WEST BENGAL,JALANGI,36
WEST BENGAL,JALPAIGURI,37
WEST BENGAL,JAMAL PUR,38
WEST BENGAL,JAMBANI,39
WEST BENGAL,JAMURIA,40
WEST BENGAL,JANGIPARA,41
WEST BENGAL,JAYNAGAR-I,42
WEST BENGAL,JAYNAGAR-II,43
WEST BENGAL,JAYPUR,44
WEST BENGAL,JHALDA-I,45
WEST BENGAL,JHALDA-II,46
WEST BENGAL,JHARGRAM,47
WEST BENGAL,JORE BUNGLOW-SUKIAPOKHRI,48
WEST BENGAL,KAK DWIP,49
WEST BENGAL,KALCHINI,50
WEST BENGAL,KALIACHAK-I,51
WEST BENGAL,KALIACHAK-II,52
WEST BENGAL,KALIACHAK-III,53
WEST BENGAL,KALIAGANJ,54
WEST BENGAL,KALIGANJ,55
WEST BENGAL,KALIMPONG-I,56
WEST BENGAL,KALIMPONG-II,57
WEST BENGAL,KALNA II,58
WEST BENGAL,KALNA-I,59
WEST BENGAL,KANDI,60
WEST BENGAL,KANKSA,61
WEST BENGAL,KARANDIGHI,62
WEST BENGAL,KARIMPUR-1,63
WEST BENGAL,KARIMPUR-II,64
WEST BENGAL,KASHIPUR,65
WEST BENGAL,KATWA-I,66
WEST BENGAL,KATWA-II,67
WEST BENGAL,KESHIARY,68
WEST BENGAL,KESHPUR,69
WEST BENGAL,KETUGRAM_I,70
WEST BENGAL,KETUGRAM-II,71
WEST BENGAL,KHANAKUL-I,72
WEST BENGAL,KHANAKUL-II,73
WEST BENGAL,KHANDAGHOSH,74
WEST BENGAL,KHARAGPUR-I,75
WEST BENGAL,KHARAGPUR-II,76
WEST BENGAL,KHARGRAM,77
WEST BENGAL,KHARIBARI,78
WEST BENGAL,KHATRA-I,79
WEST BENGAL,KHEJURI-I,80
WEST BENGAL,KHEJURI-II,81
WEST BENGAL,KHOYRASOL,82
WEST BENGAL,KOLAGHAT,83
WEST BENGAL,KOTULPUR,84
WEST BENGAL,KRISHNAGANJ,85
WEST BENGAL,KRISHNAGAR-I,86
WEST BENGAL,KRISHNAGAR-II,87
WEST BENGAL,KULPI,88
WEST BENGAL,KULTALI,89
WEST BENGAL,KUMARGANJ,90
WEST BENGAL,KUMARGRAM,91
WEST BENGAL,KURSEONG,92
WEST BENGAL,KUSHMANDI,93
WEST BENGAL,LABPUR,94
WEST BENGAL,LALGOLA,95
WEST BENGAL,MADARIHAT,96
WEST BENGAL,MAGRA HAT-I,97
WEST BENGAL,MAGRA HAT-II,98
WEST BENGAL,MAHISHADAL,99
WEST BENGAL,MAL,100
WEST BENGAL,MANBAZAR-I,1
WEST BENGAL,MANBAZAR-II,2
WEST BENGAL,MANDIRBAZAR,3
WEST BENGAL,MANGOLKOTE,4
WEST BENGAL,MANIKCHAK,5
WEST BENGAL,MANTESWAR,6
WEST BENGAL,MATHABHANGA II,7
WEST BENGAL,MATHABHANGA-I,8
WEST BENGAL,MATHURAPUR I,9
WEST BENGAL,MATHURAPUR-II,10
WEST BENGAL,MATIALI,11
WEST BENGAL,MATIGARA,12
WEST BENGAL,MAYNAGURI,13
WEST BENGAL,MAYURESWAR-I,14
WEST BENGAL,MAYURESWAR-II,15
WEST BENGAL,MEJHIA,16
WEST BENGAL,MEKLIGANJ,17
WEST BENGAL,MEMARI-1,18
WEST BENGAL,MEMARI-II,19
WEST BENGAL,MIDNAPORE,20
WEST BENGAL,MINAKHAN,21
WEST BENGAL,MIRIK,22
WEST BENGAL,MOHAMMAD BAZAR,23
WEST BENGAL,MOHANPUR,24
WEST BENGAL,MOYNA,25
WEST BENGAL,MURARAI-I,26
WEST BENGAL,MURARAI-II,27
WEST BENGAL,MURSHIDABAD-JIAGUNJ,28
WEST BENGAL,NABADWIP,29
WEST BENGAL,NABAGRAM,30
WEST BENGAL,NAGRAKATA,31
WEST BENGAL,NAKASHIPARA,32
WEST BENGAL,NALHATI-I,33
WEST BENGAL,NALHATI-II,34
WEST BENGAL,NAMKHANA,35
WEST BENGAL,NANDAKUMAR,36
WEST BENGAL,NANDIGRAM-I,37
WEST BENGAL,NANDIGRAM-II,38
WEST BENGAL,NANOOR,39
WEST BENGAL,NARAYANGARH,40
WEST BENGAL,NAWDA,41
WEST BENGAL,NAXAL BARI,42
WEST BENGAL,NAYAGRAM,43
WEST BENGAL,NETURIA,44
WEST BENGAL,OLD MALDA,45
WEST BENGAL,ONDA,46
WEST BENGAL,ONDAL,47
WEST BENGAL,PANCHLA,48
WEST BENGAL,PANDABESWAR,49
WEST BENGAL,PANDUA,50
WEST BENGAL,PANSKURA-I,51
WEST BENGAL,PARA,52
WEST BENGAL,PATASHPUR-I,53
WEST BENGAL,PATASHPUR-II,54
WEST BENGAL,PATHAR PRATIMA,55
WEST BENGAL,PATRASAYER,56
WEST BENGAL,PHANSIDEWA,57
WEST BENGAL,PINGLA,58
WEST BENGAL,POLBA-DADPUR,59
WEST BENGAL,PUNCHA,60
WEST BENGAL,PURBASTHALI-I,61
WEST BENGAL,PURBASTHALI-II,62
WEST BENGAL,PURSURAH,63
WEST BENGAL,PURULIA-I,64
WEST BENGAL,PURULIA-II,65
WEST BENGAL,RAGHUNATH PUR-I,66
WEST BENGAL,RAGHUNATHGANJ-I,67
WEST BENGAL,RAGHUNATHGANJ-II,68
WEST BENGAL,RAGHUNATHPUR-II,69
WEST BENGAL,RAIGANJ,70
WEST BENGAL,RAINA-I,71
WEST BENGAL,RAINA-II,72
WEST BENGAL,RAIPUR-I,73
WEST BENGAL,RAJARHAT,74
WEST BENGAL,RAJGANJ,75
WEST BENGAL,RAJNAGAR,76
WEST BENGAL,RAMNAGAR-I,77
WEST BENGAL,RAMNAGAR-II,78
WEST BENGAL,RAMPURHAT-I,79
WEST BENGAL,RAMPURHAT-II,80
WEST BENGAL,RANAGHAT-I,81
WEST BENGAL,RANAGHAT-II,82
WEST BENGAL,RANGLI RANGLIOT,83
WEST BENGAL,RANIBUNDH,84
WEST BENGAL,RANIGANJ,85
WEST BENGAL,RANINAGAR-I,86
WEST BENGAL,RANINAGAR-II,87
WEST BENGAL,RATUA-I,88
WEST BENGAL,RATUA-II,89
WEST BENGAL,SABANG,90
WEST BENGAL,SAGAR,91
WEST BENGAL,SAGARDIGHI,92
WEST BENGAL,SAINTHIA,93
WEST BENGAL,SALANPUR,94
WEST BENGAL,SALBANI,95
WEST BENGAL,SALTORA,96
WEST BENGAL,SANDESHKHALI-I,97
WEST BENGAL,SANDESHKHALI-II,98
WEST BENGAL,SANKRAIL,99
WEST BENGAL,SANTIPUR,100
WEST BENGAL,SANTURI,1
WEST BENGAL,SARENGA,2
WEST BENGAL,SHAHID MATANGINI,3
WEST BENGAL,SHAMSHERGANJ,4
WEST BENGAL,SHYAMPUR-I,5
WEST BENGAL,SHYAMPUR-II,6
WEST BENGAL,SIMLAPAL,7
WEST BENGAL,SINGUR,8
WEST BENGAL,SIRAMPUR-UTTARPARA,9
WEST BENGAL,SITAI,10
WEST BENGAL,SITALKUCHI,11
WEST BENGAL,SONAMUKHI,12
WEST BENGAL,SONARPUR,13
WEST BENGAL,SURI-I,14
WEST BENGAL,SURI-II,15
WEST BENGAL,SUTAHATA,16
WEST BENGAL,SUTI-I,17
WEST BENGAL,SUTI-II,18
WEST BENGAL,SWARUPNAGAR,19
WEST BENGAL,TALDANGRA,20
WEST BENGAL,TAMLUK,21
WEST BENGAL,TAPAN,22
WEST BENGAL,TARAKESWAR,23
WEST BENGAL,TEHATTA-I,24
WEST BENGAL,TEHATTA-II,25
WEST BENGAL,THAKURPUKUR MAHESTOLA,26
WEST BENGAL,Township Area,27
WEST BENGAL,TUFANGANJ-I,28
WEST BENGAL,TUFANGANJ-II,29
WEST BENGAL,UDAYNARAYANPUR,30
WEST BENGAL,ULUBERIA-I,31
WEST BENGAL,ULUBERIA-II,32
WEST BENGAL,VISHNUPUR,33
