state_name,block_name,value
Andhra Pradesh,A Konduru,1
Andhra Pradesh,Achampeta,2
Andhra Pradesh,Achanta,3
Andhra Pradesh,Addanki,4
Andhra Pradesh,Addateegala,5
Andhra Pradesh,Adoni,6
Andhra Pradesh,Agali,7
Andhra Pradesh,Agiripalle,8
Andhra Pradesh,Ainavilli,9
Andhra Pradesh,AKIVIDU,10
Andhra Pradesh,Alamuru,11
Andhra Pradesh,Allagadda,12
Andhra Pradesh,Allavaram,13
Andhra Pradesh,Allur,14
Andhra Pradesh,Alur,15
Andhra Pradesh,Amadagur,16
Andhra Pradesh,Amadalavalasa,17
Andhra Pradesh,Amalapuram,18
Andhra Pradesh,Amarapuram,19
Andhra Pradesh,Amaravathi,20
Andhra Pradesh,Ambajipeta,21
Andhra Pradesh,Amruthalur,22
Andhra Pradesh,Anakapalli,23
Andhra Pradesh,Anandapuram,24
Andhra Pradesh,Anantapur,25
Andhra Pradesh,Ananthagiri,26
Andhra Pradesh,Ananthasagaram,27
Andhra Pradesh,Anaparthi,28
Andhra Pradesh,Anumasamudrampeta,29
Andhra Pradesh,Araku Valley,30
Andhra Pradesh,Ardhaveedu,31
Andhra Pradesh,Aspari,32
Andhra Pradesh,Atchutapuram,33
Andhra Pradesh,Atlur,34
Andhra Pradesh,Atmakur,35
Andhra Pradesh,Atreyapuram,36
Andhra Pradesh,Attili,37
Andhra Pradesh,Avanigadda,38
Andhra Pradesh,B Kodur,39
Andhra Pradesh,B Kothakota,40
Andhra Pradesh,B Mattam,41
Andhra Pradesh,Badangi,42
Andhra Pradesh,Badvel,43
Andhra Pradesh,Baireddi Palle,44
Andhra Pradesh,Balayapalle,45
Andhra Pradesh,Balijipeta,46
Andhra Pradesh,Ballikuruva,47
Andhra Pradesh,Banaganapalle,48
Andhra Pradesh,Bandi Atmakur,49
Andhra Pradesh,Bangarupalem,50
Andhra Pradesh,Bantumilli,51
Andhra Pradesh,Bapatla,52
Andhra Pradesh,Bapulapadu,53
Andhra Pradesh,Bathalapalle,54
Andhra Pradesh,Bellamkonda,55
Andhra Pradesh,Beluguppa,56
Andhra Pradesh,Bestavaripeta,57
Andhra Pradesh,Bethamcherla,58
Andhra Pradesh,Bhadrachalam,59
Andhra Pradesh,Bhamini,60
Andhra Pradesh,Bhattiprolu,61
Andhra Pradesh,Bheemavaram,62
Andhra Pradesh,Bheemunipatnam,63
Andhra Pradesh,Bhimadole,64
Andhra Pradesh,Bhoghapuram,65
Andhra Pradesh,Biccavolu,66
Andhra Pradesh,Bobbili,67
Andhra Pradesh,Bogole,68
Andhra Pradesh,Bollapalle,69
Andhra Pradesh,Bommanahal,70
Andhra Pradesh,Bondapalle,71
Andhra Pradesh,Brahmasamudram,72
Andhra Pradesh,Buchinaidu Khandriga,73
Andhra Pradesh,Bukkapatnam,74
Andhra Pradesh,Bukkarayasamudram,75
Andhra Pradesh,Burgampadu,76
Andhra Pradesh,Burja,77
Andhra Pradesh,Butchayyapeta,78
Andhra Pradesh,Butchireddipalem,79
Andhra Pradesh,Buttayagudem,80
Andhra Pradesh,C K Dinne,81
Andhra Pradesh,C.Belagal,82
Andhra Pradesh,Chadrasekarapuram,83
Andhra Pradesh,Chagalamarri,84
Andhra Pradesh,Chagallu,85
Andhra Pradesh,Chakrayapet,86
Andhra Pradesh,Challapalli,87
Andhra Pradesh,Chandarlapadu,88
Andhra Pradesh,Chandragiri,89
Andhra Pradesh,Chapadu,90
Andhra Pradesh,Chatrai,91
Andhra Pradesh,Chebrole,92
Andhra Pradesh,Cheedikada,93
Andhra Pradesh,Cheepurupalle,94
Andhra Pradesh,Chejerla,95
Andhra Pradesh,Chenne Kothapalle,96
Andhra Pradesh,Chennur,97
Andhra Pradesh,Cherukupalle,98
Andhra Pradesh,Chilakaluripet,99
Andhra Pradesh,Chilamathur,100
Andhra Pradesh,Chillakur,1
Andhra Pradesh,Chimakurthi,2
Andhra Pradesh,Chinagadila,3
Andhra Pradesh,Chinaganjam,4
Andhra Pradesh,Chinnagottigallu,5
Andhra Pradesh,Chinnamandem,6
Andhra Pradesh,Chintalapudi,7
Andhra Pradesh,Chintapalle,8
Andhra Pradesh,Chintur,9
Andhra Pradesh,Chippagiri,10
Andhra Pradesh,Chirala,11
Andhra Pradesh,Chittamur,12
Andhra Pradesh,Chittoor,13
Andhra Pradesh,Chitvel,14
Andhra Pradesh,Chodavaram,15
Andhra Pradesh,Chowdepalle,16
Andhra Pradesh,Cuddapah,17
Andhra Pradesh,Cumbum,18
Andhra Pradesh,D Hirehal,19
Andhra Pradesh,Dachepalle,20
Andhra Pradesh,Dagadarthi,21
Andhra Pradesh,Dakkili,22
Andhra Pradesh,Darsi,23
Andhra Pradesh,Dattirajeru,24
Andhra Pradesh,Denduluru,25
Andhra Pradesh,Denkada,26
Andhra Pradesh,Devanakonda,27
Andhra Pradesh,Devarapalle,28
Andhra Pradesh,Devipatnam,29
Andhra Pradesh,Dharmavaram,30
Andhra Pradesh,Dhone,31
Andhra Pradesh,Donakonda,32
Andhra Pradesh,Doravarisatram,33
Andhra Pradesh,Dornala,34
Andhra Pradesh,Dornipadu,35
Andhra Pradesh,Duggirala,36
Andhra Pradesh,Dumbriguda,37
Andhra Pradesh,Durgi,38
Andhra Pradesh,Duttalur,39
Andhra Pradesh,Duvvur,40
Andhra Pradesh,Dwaraka Tirumala,41
Andhra Pradesh,Edlapadu,42
Andhra Pradesh,Eluru,43
Andhra Pradesh,Etcherla,44
Andhra Pradesh,G Konduru,45
Andhra Pradesh,Gadivemula,46
Andhra Pradesh,Gajapathinagaram,47
Andhra Pradesh,Gajuwaka,48
Andhra Pradesh,Galiveedu,49
Andhra Pradesh,Gampalagudem,50
Andhra Pradesh,Ganapavaram,51
Andhra Pradesh,Gandepalle,52
Andhra Pradesh,Gandlapenta,53
Andhra Pradesh,Gangadhara Nellore,54
Andhra Pradesh,Gangaraju Madugula,55
Andhra Pradesh,Gangavaram,56
Andhra Pradesh,Ganguvari Singadam,57
Andhra Pradesh,Gannavaram,58
Andhra Pradesh,Gantyada,59
Andhra Pradesh,Gara,60
Andhra Pradesh,Garividi,61
Andhra Pradesh,Garladinne,62
Andhra Pradesh,Garugubilli,63
Andhra Pradesh,Ghantasala,64
Andhra Pradesh,Giddaluru,65
Andhra Pradesh,Gokavaram,66
Andhra Pradesh,Gollaprolu,67
Andhra Pradesh,Golugonda,68
Andhra Pradesh,Gonegandla,69
Andhra Pradesh,Gooty,70
Andhra Pradesh,Gopalapuram,71
Andhra Pradesh,Gopavaram,72
Andhra Pradesh,Gorantla,73
Andhra Pradesh,Gospadu,74
Andhra Pradesh,Gudem Kothaveedhi,75
Andhra Pradesh,Gudibanda,76
Andhra Pradesh,Gudipala,77
Andhra Pradesh,Gudivada,78
Andhra Pradesh,Gudlavalleru,79
Andhra Pradesh,Gudluru,80
Andhra Pradesh,Gudupalle,81
Andhra Pradesh,Gudur,82
Andhra Pradesh,Gummagatta,83
Andhra Pradesh,Gummalakshmipuram,84
Andhra Pradesh,Guntakal,85
Andhra Pradesh,Guntur,86
Andhra Pradesh,Gurazala,87
Andhra Pradesh,Gurla,88
Andhra Pradesh,Gurramkonda,89
Andhra Pradesh,Halaharvi,90
Andhra Pradesh,Hanumanthunipadu,91
Andhra Pradesh,Hindupur,92
Andhra Pradesh,Hiramandalam,93
Andhra Pradesh,Holagunda,94
Andhra Pradesh,Hukumpeta,95
Andhra Pradesh,I Polavaram,96
Andhra Pradesh,Ibrahimpatnam,97
Andhra Pradesh,Ichchapuram,98
Andhra Pradesh,Indukurpet,99
Andhra Pradesh,Inkollu,100
Andhra Pradesh,Ipuru,1
Andhra Pradesh,Iragavaram,2
Andhra Pradesh,Irala,3
Andhra Pradesh,Jaggampeta,4
Andhra Pradesh,Jaggayyapeta,5
Andhra Pradesh,Jaladanki,6
Andhra Pradesh,Jalumuru,7
Andhra Pradesh,Jami,8
Andhra Pradesh,Jammalamadugu,9
Andhra Pradesh,Janakavarampanguluru,10
Andhra Pradesh,Jangareddigudem,11
Andhra Pradesh,Jeelugumilli,12
Andhra Pradesh,Jiyyamma Valasa,13
Andhra Pradesh,Jupadu Bungalow,14
Andhra Pradesh,K Kotapadu,15
Andhra Pradesh,K V P Puram,16
Andhra Pradesh,Kadiam,17
Andhra Pradesh,Kadiri,18
Andhra Pradesh,Kaikalur,19
Andhra Pradesh,Kajuluru,20
Andhra Pradesh,Kakinada (Rural),21
Andhra Pradesh,Kakumanu,22
Andhra Pradesh,Kalakada,23
Andhra Pradesh,Kalasapadu,24
Andhra Pradesh,Kalidindi,25
Andhra Pradesh,Kaligiri,26
Andhra Pradesh,Kalikiri,27
Andhra Pradesh,Kalla,28
Andhra Pradesh,Kallur,29
Andhra Pradesh,Kaluvoya,30
Andhra Pradesh,Kalyandurg,31
Andhra Pradesh,Kamalapuram,32
Andhra Pradesh,Kamavarapukota,33
Andhra Pradesh,Kambadur,34
Andhra Pradesh,Kambhamvaripalle,35
Andhra Pradesh,Kanaganapalle,36
Andhra Pradesh,Kanchika Cherla,37
Andhra Pradesh,Kanchili,38
Andhra Pradesh,Kandukur,39
Andhra Pradesh,Kanekal,40
Andhra Pradesh,Kanigiri,41
Andhra Pradesh,Kankipadu,42
Andhra Pradesh,Kapileswarapuram,43
Andhra Pradesh,Karamchedu,44
Andhra Pradesh,Karapa,45
Andhra Pradesh,Karempudi,46
Andhra Pradesh,Karlapalem,47
Andhra Pradesh,Karvetinagar,48
Andhra Pradesh,Kasimkota,49
Andhra Pradesh,Katrenikona,50
Andhra Pradesh,Kavali,51
Andhra Pradesh,Kaviti,52
Andhra Pradesh,Khajipet,53
Andhra Pradesh,Kirlampudi,54
Andhra Pradesh,Kodavalur,55
Andhra Pradesh,Kodumur,56
Andhra Pradesh,Kodur,57
Andhra Pradesh,Koduru,58
Andhra Pradesh,Koilkuntla,59
Andhra Pradesh,Kolimigundla,60
Andhra Pradesh,Kollipara,61
Andhra Pradesh,Kollur,62
Andhra Pradesh,Komarada,63
Andhra Pradesh,Komarolu,64
Andhra Pradesh,Konakanamitla,65
Andhra Pradesh,Kondapi,66
Andhra Pradesh,Kondapuram,67
Andhra Pradesh,Korisapadu,68
Andhra Pradesh,Korukonda,69
Andhra Pradesh,Kosigi,70
Andhra Pradesh,Kota,71
Andhra Pradesh,Kotabommili,72
Andhra Pradesh,Kotananduru,73
Andhra Pradesh,Kotauratla,74
Andhra Pradesh,Kothacheruvu,75
Andhra Pradesh,Kothapalle,76
Andhra Pradesh,Kothapalli,77
Andhra Pradesh,Kothapatnam,78
Andhra Pradesh,Kothapeta,79
Andhra Pradesh,Kothavalasa,80
Andhra Pradesh,Kothuru,81
Andhra Pradesh,Kovur,82
Andhra Pradesh,Kovvur,83
Andhra Pradesh,Kowthalam,84
Andhra Pradesh,Koyyalagudem,85
Andhra Pradesh,Koyyuru,86
Andhra Pradesh,Krishnagiri,87
Andhra Pradesh,Krosuru,88
Andhra Pradesh,Kruthivennu,89
Andhra Pradesh,Kudair,90
Andhra Pradesh,Kukunoor,91
Andhra Pradesh,Kunavaram,92
Andhra Pradesh,Kundurpi,93
Andhra Pradesh,Kuppam,94
Andhra Pradesh,Kurabalakota,95
Andhra Pradesh,Kurichedu,96
Andhra Pradesh,Kurnool,97
Andhra Pradesh,Kurupam,98
Andhra Pradesh,L N Peta,99
Andhra Pradesh,Lakkavarapukota,100
Andhra Pradesh,Lakkireddipalle,1
Andhra Pradesh,Laveru,2
Andhra Pradesh,Lepakshi,3
Andhra Pradesh,Lingala,4
Andhra Pradesh,Lingapalem,5
Andhra Pradesh,Lingasamudram,6
Andhra Pradesh,Machavaram,7
Andhra Pradesh,Macherla,8
Andhra Pradesh,Machilipatnam,9
Andhra Pradesh,Madakasira,10
Andhra Pradesh,Maddikera East,11
Andhra Pradesh,Maddipadu,12
Andhra Pradesh,Madugula,13
Andhra Pradesh,Mahanandi,14
Andhra Pradesh,Makavarapalem,15
Andhra Pradesh,Makkuva,16
Andhra Pradesh,Malikipuram,17
Andhra Pradesh,Mamidikuduru,18
Andhra Pradesh,Mandanpalle,19
Andhra Pradesh,Mandapeta,20
Andhra Pradesh,Mandasa,21
Andhra Pradesh,Mandavalli,22
Andhra Pradesh,Mangalagiri,23
Andhra Pradesh,Mantralayam,24
Andhra Pradesh,Manubolu,25
Andhra Pradesh,Maredumilli,26
Andhra Pradesh,Markapur,27
Andhra Pradesh,Marripadu,28
Andhra Pradesh,Marripudi,29
Andhra Pradesh,Martur,30
Andhra Pradesh,Medikonduru,31
Andhra Pradesh,Meilaputti,32
Andhra Pradesh,Mentada,33
Andhra Pradesh,Merakamudidam,34
Andhra Pradesh,Midthur,35
Andhra Pradesh,Mogalthur,36
Andhra Pradesh,Mopidevi,37
Andhra Pradesh,Movva,38
Andhra Pradesh,Muddanur,39
Andhra Pradesh,Mudigubba,40
Andhra Pradesh,Mudinepalli,41
Andhra Pradesh,Mulakalacheruvu,42
Andhra Pradesh,Mummidivaram,43
Andhra Pradesh,Munagapaka,44
Andhra Pradesh,Munchingiputtu,45
Andhra Pradesh,Mundlamuru,46
Andhra Pradesh,Muppalla,47
Andhra Pradesh,Musunuru,48
Andhra Pradesh,Muthukur,49
Andhra Pradesh,Mydukur,50
Andhra Pradesh,Mylavaram,51
Andhra Pradesh,Nadendla,52
Andhra Pradesh,Nagalapuram,53
Andhra Pradesh,Nagaram,54
Andhra Pradesh,Nagari,55
Andhra Pradesh,Nagayalanka,56
Andhra Pradesh,Naguluppalapadu,57
Andhra Pradesh,Naidupeta,58
Andhra Pradesh,Nakarikallu,59
Andhra Pradesh,Nakkapalli,60
Andhra Pradesh,Nallacheruvu,61
Andhra Pradesh,Nallajerla,62
Andhra Pradesh,Nallamada,63
Andhra Pradesh,Nambulipulikunta,64
Andhra Pradesh,Nandalur,65
Andhra Pradesh,Nandavaram,66
Andhra Pradesh,Nandi Kotkur,67
Andhra Pradesh,Nandigam,68
Andhra Pradesh,Nandigama,69
Andhra Pradesh,Nandivada,70
Andhra Pradesh,Nandyal,71
Andhra Pradesh,Narasannapeta,72
Andhra Pradesh,Narasapuram,73
Andhra Pradesh,Narasaraopeta,74
Andhra Pradesh,Narayanavanam,75
Andhra Pradesh,Narpala,76
Andhra Pradesh,Narsipatnam,77
Andhra Pradesh,Nathavaram,78
Andhra Pradesh,Nellimarla,79
Andhra Pradesh,Nellore,80
Andhra Pradesh,Nidadavole,81
Andhra Pradesh,Nidamarru,82
Andhra Pradesh,Nimmanapalle,83
Andhra Pradesh,Nindra,84
Andhra Pradesh,Nizampatnam,85
Andhra Pradesh,Nuzendla,86
Andhra Pradesh,Nuzvid,87
Andhra Pradesh,Obuladevaracheruvu,88
Andhra Pradesh,Obulavaripalle,89
Andhra Pradesh,Ojili,90
Andhra Pradesh,Ongole,91
Andhra Pradesh,Orvakal,92
Andhra Pradesh,Owk,93
Andhra Pradesh,P Gannavaram,94
Andhra Pradesh,Pachipenta,95
Andhra Pradesh,Paderu,96
Andhra Pradesh,Padmanabham,97
Andhra Pradesh,Pagidyala,98
Andhra Pradesh,Pakala,99
Andhra Pradesh,Palacole,100
Andhra Pradesh,Palakoderu,1
Andhra Pradesh,Palakonda,2
Andhra Pradesh,Palamaner,3
Andhra Pradesh,Palasa,4
Andhra Pradesh,Palasamudram,5
Andhra Pradesh,Pamarru,6
Andhra Pradesh,Pamidi,7
Andhra Pradesh,Pamidimukkala,8
Andhra Pradesh,Pamulapadu,9
Andhra Pradesh,Pamur,10
Andhra Pradesh,Panyam,11
Andhra Pradesh,Paravada,12
Andhra Pradesh,Parchur,13
Andhra Pradesh,Parigi,14
Andhra Pradesh,Parvathipuram,15
Andhra Pradesh,Pathapatnam,16
Andhra Pradesh,Pattikonda,17
Andhra Pradesh,Payakaraopeta,18
Andhra Pradesh,Peapally,19
Andhra Pradesh,Pedaaraveedu,20
Andhra Pradesh,Pedabayalu,21
Andhra Pradesh,Pedacherlopalle,22
Andhra Pradesh,Pedagantyada,23
Andhra Pradesh,Pedakakani,24
Andhra Pradesh,Pedakurapadu,25
Andhra Pradesh,Pedana,26
Andhra Pradesh,Pedanandipadu,27
Andhra Pradesh,Pedapadu,28
Andhra Pradesh,Pedaparupudi,29
Andhra Pradesh,Pedapudi,30
Andhra Pradesh,Pedavegi,31
Andhra Pradesh,Pedda Kadubur,32
Andhra Pradesh,Pedda Panjani,33
Andhra Pradesh,Peddamandyam,34
Andhra Pradesh,Peddamudium,35
Andhra Pradesh,Peddapappur,36
Andhra Pradesh,Peddapuram,37
Andhra Pradesh,Peddathippasamudram,38
Andhra Pradesh,Peddavadugur,39
Andhra Pradesh,Pellakur,40
Andhra Pradesh,Penagaluru,41
Andhra Pradesh,Penamaluru,42
Andhra Pradesh,Pendlimarri,43
Andhra Pradesh,Pendurthi,44
Andhra Pradesh,Pentapadu,45
Andhra Pradesh,Penu Konda,46
Andhra Pradesh,Penuganchiprolu,47
Andhra Pradesh,Penugonda,48
Andhra Pradesh,Penumantra,49
Andhra Pradesh,Penumuru,50
Andhra Pradesh,Peravali,51
Andhra Pradesh,Phirangipuram,52
Andhra Pradesh,Pichatur,53
Andhra Pradesh,Piduguralla,54
Andhra Pradesh,Pileru,55
Andhra Pradesh,Pithapuram,56
Andhra Pradesh,Pittalavanipalem,57
Andhra Pradesh,Podili,58
Andhra Pradesh,Podlakur,59
Andhra Pradesh,Poduru,60
Andhra Pradesh,Polaki,61
Andhra Pradesh,Polavaram,62
Andhra Pradesh,Ponduru,63
Andhra Pradesh,Ponnaluru,64
Andhra Pradesh,Ponnur,65
Andhra Pradesh,Porumamilla,66
Andhra Pradesh,Prathipadu,67
Andhra Pradesh,Proddutur,68
Andhra Pradesh,Pulicherla,69
Andhra Pradesh,Pulivendla,70
Andhra Pradesh,Pullalacheruvu,71
Andhra Pradesh,Pullampeta,72
Andhra Pradesh,Punganur,73
Andhra Pradesh,Pusapatirega,74
Andhra Pradesh,Puthalapattu,75
Andhra Pradesh,Putlur,76
Andhra Pradesh,Puttaparthi,77
Andhra Pradesh,Puttur,78
Andhra Pradesh,Racherla,79
Andhra Pradesh,Rajahmundry(Rural),80
Andhra Pradesh,Rajam,81
Andhra Pradesh,Rajampet,82
Andhra Pradesh,Rajanagaram,83
Andhra Pradesh,Rajavommangi,84
Andhra Pradesh,Raju Palem,85
Andhra Pradesh,Rajupalem,86
Andhra Pradesh,Rama Kuppam,87
Andhra Pradesh,Ramabhadrapuram,88
Andhra Pradesh,Ramachandrapuram,89
Andhra Pradesh,Ramagiri,90
Andhra Pradesh,Ramapuram,91
Andhra Pradesh,Ramasamudram,92
Andhra Pradesh,Rambilli,93
Andhra Pradesh,Rampachodavaram,94
Andhra Pradesh,Ranastalam,95
Andhra Pradesh,Rangampeta,96
Andhra Pradesh,Raptadu,97
Andhra Pradesh,Rapur,98
Andhra Pradesh,Ravikamatham,99
Andhra Pradesh,Ravulapalem,100
Andhra Pradesh,Rayachoti,1
Andhra Pradesh,Rayadurg,2
Andhra Pradesh,Rayavaram,3
Andhra Pradesh,Razole,4
Andhra Pradesh,Reddigudem,5
Andhra Pradesh,Regidiamadalavalasa,6
Andhra Pradesh,Renigunta,7
Andhra Pradesh,Rentachintala,8
Andhra Pradesh,Repalle,9
Andhra Pradesh,Roddam,10
Andhra Pradesh,Rolla,11
Andhra Pradesh,Rolugunta,12
Andhra Pradesh,Rompicherla,13
Andhra Pradesh,Rudravaram,14
Andhra Pradesh,S A Kasinayana,15
Andhra Pradesh,S Rayavaram,16
Andhra Pradesh,Sabbavaram,17
Andhra Pradesh,Sakhinetipalle,18
Andhra Pradesh,Salur,19
Andhra Pradesh,Samalkota,20
Andhra Pradesh,Sambepalle,21
Andhra Pradesh,Sangam,22
Andhra Pradesh,Sanjamala,23
Andhra Pradesh,Sankhavaram,24
Andhra Pradesh,Santhabommali,25
Andhra Pradesh,Santhakaviti,26
Andhra Pradesh,Santhamaguluru,27
Andhra Pradesh,Santhanuthlapadu,28
Andhra Pradesh,Santhi Puram,29
Andhra Pradesh,Saravakota,30
Andhra Pradesh,Sarubujjili,31
Andhra Pradesh,Sattenapalle,32
Andhra Pradesh,Satyavedu,33
Andhra Pradesh,Savalyapuram,34
Andhra Pradesh,Seethampeta,35
Andhra Pradesh,Seethanagaram,36
Andhra Pradesh,Seetharamapuram,37
Andhra Pradesh,Settur,38
Andhra Pradesh,Sidhout,39
Andhra Pradesh,Simhadripuram,40
Andhra Pradesh,Singanamala,41
Andhra Pradesh,Singarayakonda,42
Andhra Pradesh,Sirvel,43
Andhra Pradesh,Sodam,44
Andhra Pradesh,Somala,45
Andhra Pradesh,Somandepalle,46
Andhra Pradesh,Sompeta,47
Andhra Pradesh,Srikakulam,48
Andhra Pradesh,Srikalahasti,49
Andhra Pradesh,Srirangarajapuram,50
Andhra Pradesh,Srisailam,51
Andhra Pradesh,Srungavarapukota,52
Andhra Pradesh,Sullurpeta,53
Andhra Pradesh,Sydapuram,54
Andhra Pradesh,T Narasapuram,55
Andhra Pradesh,T Sundupalle,56
Andhra Pradesh,Tada,57
Andhra Pradesh,Tadepalligudem,58
Andhra Pradesh,Tadikonda,59
Andhra Pradesh,Tadimarri,60
Andhra Pradesh,Tadpatri,61
Andhra Pradesh,Tallarevu,62
Andhra Pradesh,Talupula,63
Andhra Pradesh,Tanakal,64
Andhra Pradesh,Tangutur,65
Andhra Pradesh,Tanuku,66
Andhra Pradesh,Tarlapadu,67
Andhra Pradesh,Tekkali,68
Andhra Pradesh,Tenali,69
Andhra Pradesh,Thadepalle,70
Andhra Pradesh,Thallapudi,71
Andhra Pradesh,Thallur,72
Andhra Pradesh,Thamballapalle,73
Andhra Pradesh,Thavanampalle,74
Andhra Pradesh,Therlam,75
Andhra Pradesh,Thondangi,76
Andhra Pradesh,Thondur,77
Andhra Pradesh,Thotapalligudur,78
Andhra Pradesh,Thotlavalluru,79
Andhra Pradesh,Thottambedu,80
Andhra Pradesh,Thullur,81
Andhra Pradesh,Tirupati Rural,82
Andhra Pradesh,Tirupati Urban,83
Andhra Pradesh,Tiruvuru,84
Andhra Pradesh,Tripuranthakam,85
Andhra Pradesh,Tsundur,86
Andhra Pradesh,Tuggali,87
Andhra Pradesh,Tuni,88
Andhra Pradesh,Udayagiri,89
Andhra Pradesh,Ulavapadu,90
Andhra Pradesh,Undi,91
Andhra Pradesh,Undrajavaram,92
Andhra Pradesh,Unguturu,93
Andhra Pradesh,Uppalaguptam,94
Andhra Pradesh,Uravakonda,95
Andhra Pradesh,Uyyalawada,96
Andhra Pradesh,V N Palli,97
Andhra Pradesh,Vadamalapeta,98
Andhra Pradesh,Vajrakarur,99
Andhra Pradesh,Vajrapukothuru,100
Andhra Pradesh,Vakadu,1
Andhra Pradesh,Vallur,2
Andhra Pradesh,Vangara,3
Andhra Pradesh,Varadaiahpalem,4
Andhra Pradesh,Vararamachandrapuram,5
Andhra Pradesh,Varikuntapadu,6
Andhra Pradesh,Vatsavai,7
Andhra Pradesh,Vatticherukuru,8
Andhra Pradesh,Vayalpad,9
Andhra Pradesh,Veduru Kuppam,10
Andhra Pradesh,Veeraballe,11
Andhra Pradesh,Veeraghattam,12
Andhra Pradesh,Veeravasaram,13
Andhra Pradesh,Veerullapadu,14
Andhra Pradesh,Velairpad,15
Andhra Pradesh,Veldurthi,16
Andhra Pradesh,Velgodu,17
Andhra Pradesh,Veligandla,18
Andhra Pradesh,Vempalle,19
Andhra Pradesh,Vemula,20
Andhra Pradesh,Vemuru,21
Andhra Pradesh,Venkatachalam,22
Andhra Pradesh,Venkatagiri,23
Andhra Pradesh,Venkatagiri Kota,24
Andhra Pradesh,Vepada,25
Andhra Pradesh,Vetapalem,26
Andhra Pradesh,Vidapanakal,27
Andhra Pradesh,Vidavalur,28
Andhra Pradesh,Vijaya Puram,29
Andhra Pradesh,Vijayawada Rural,30
Andhra Pradesh,Vijayawada Urban,31
Andhra Pradesh,Vinjamur,32
Andhra Pradesh,Vinukonda,33
Andhra Pradesh,Visakhapatnam,34
Andhra Pradesh,Vissannapet,35
Andhra Pradesh,Vizianagaram,36
Andhra Pradesh,Voletivaripalem,37
Andhra Pradesh,Vontimitta,38
Andhra Pradesh,Vuyyuru,39
Andhra Pradesh,Y Ramavaram,40
Andhra Pradesh,Yadamari,41
Andhra Pradesh,Yadiki,42
Andhra Pradesh,Yeddanapudi,43
Andhra Pradesh,Yelamanchili,44
Andhra Pradesh,Yeleswaram,45
Andhra Pradesh,Yellanur,46
Andhra Pradesh,Yemmiganur,47
Andhra Pradesh,Yerpedu,48
Andhra Pradesh,Yerragondapalem,49
Andhra Pradesh,Yerraguntla,50
Andhra Pradesh,Yerravaripalem,51
Andhra Pradesh,Zarugumilli,52
Arunachal Pradesh,Along  West,53
Arunachal Pradesh,Along East,54
Arunachal Pradesh,Anelieh Arzoo,55
Arunachal Pradesh,Anini Mipi,56
Arunachal Pradesh,Balijan,57
Arunachal Pradesh,Bameng,58
Arunachal Pradesh,Bana,59
Arunachal Pradesh,Baririjo,60
Arunachal Pradesh,Basar,61
Arunachal Pradesh,Bordumsa-Diyun,62
Arunachal Pradesh,Chambang,63
Arunachal Pradesh,Changlang,64
Arunachal Pradesh,Chayangtajo,65
Arunachal Pradesh,Dambuk,66
Arunachal Pradesh,Damin,67
Arunachal Pradesh,Daporijo,68
Arunachal Pradesh,Dirang,69
Arunachal Pradesh,Doimukh,70
Arunachal Pradesh,Dumporijo,71
Arunachal Pradesh,Etalin Malinye,72
Arunachal Pradesh,Geku,73
Arunachal Pradesh,Gensi,74
Arunachal Pradesh,Giba,75
Arunachal Pradesh,Hawai-Walong,76
Arunachal Pradesh,Hayuliang,77
Arunachal Pradesh,Hunli Desali,78
Arunachal Pradesh,Jengging,79
Arunachal Pradesh,Kalaktang,80
Arunachal Pradesh,Kanubari,81
Arunachal Pradesh,Kaying,82
Arunachal Pradesh,Khagam Miao,83
Arunachal Pradesh,Khimiyang,84
Arunachal Pradesh,Khonsa,85
Arunachal Pradesh,Koloriang,86
Arunachal Pradesh,Lazu,87
Arunachal Pradesh,Lekang,88
Arunachal Pradesh,Likabali,89
Arunachal Pradesh,Liromoba,90
Arunachal Pradesh,Lumla Zemithang,91
Arunachal Pradesh,Mariyang,92
Arunachal Pradesh,Mebo,93
Arunachal Pradesh,Mechuka,94
Arunachal Pradesh,Mengio,95
Arunachal Pradesh,Monigong,96
Arunachal Pradesh,Mukto Thingbu,97
Arunachal Pradesh,Nacho,98
Arunachal Pradesh,Nafra,99
Arunachal Pradesh,Nampong Manmao,100
Arunachal Pradesh,Namsai-Chowkham,1
Arunachal Pradesh,Namsang,2
Arunachal Pradesh,Niausa,3
Arunachal Pradesh,Nyapin,4
Arunachal Pradesh,Pakkekessang,5
Arunachal Pradesh,Palin,6
Arunachal Pradesh,Pangin Boleng,7
Arunachal Pradesh,Pasighat,8
Arunachal Pradesh,Pipu,9
Arunachal Pradesh,Pongchau Wakka,10
Arunachal Pradesh,Raga,11
Arunachal Pradesh,Ramle Bango,12
Arunachal Pradesh,Roing,13
Arunachal Pradesh,Ruksin,14
Arunachal Pradesh,Rumgong,15
Arunachal Pradesh,Sagalee,16
Arunachal Pradesh,Sangram,17
Arunachal Pradesh,Sarli,18
Arunachal Pradesh,Seppa,19
Arunachal Pradesh,Siyum,20
Arunachal Pradesh,Tali,21
Arunachal Pradesh,Taliha,22
Arunachal Pradesh,Tawang,23
Arunachal Pradesh,Tezu,24
Arunachal Pradesh,Thrizino,25
Arunachal Pradesh,Tuting,26
Arunachal Pradesh,Wakro,27
Arunachal Pradesh,Yingkiong,28
Arunachal Pradesh,Ziro-I,29
Arunachal Pradesh,Ziro-II,30
Assam,Agomoni,31
Assam,Algapur,32
Assam,Amguri,33
Assam,Amri,34
Assam,Badarpur,35
Assam,Baghmora,36
Assam,Bajali,37
Assam,Bajiagaon,38
Assam,Baksa,39
Assam,Balijana,40
Assam,Balipara,41
Assam,Banskandi,42
Assam,Barbhag,43
Assam,Barchola,44
Assam,Barhampur,45
Assam,Barpeta,46
Assam,Batadrava,47
Assam,Bechimari,48
Assam,Behali,49
Assam,Bezera,50
Assam,Bhabanipur,51
Assam,Bhergaon,52
Assam,Bhurbandha,53
Assam,Bihaguri,54
Assam,Bihdia Jajikona,55
Assam,Bihpuria,56
Assam,Bilasipara,57
Assam,Binnakandi,58
Assam,Birshing Jarua,59
Assam,Biswanath,60
Assam,Boginodi,61
Assam,Boitamari,62
Assam,Bokajan,63
Assam,Boko,64
Assam,Bongaon,65
Assam,Borbarua,66
Assam,Bordoloni,67
Assam,Borigog Bonbhag,68
Assam,Borjalenga,69
Assam,Borkhetri,70
Assam,Borkhola,71
Assam,Borobajar,72
Assam,Chaiduar,73
Assam,Chakchaka,74
Assam,Chamaria,75
Assam,Chandrapur,76
Assam,Chapar Salkocha,77
Assam,Chayani Borduar,78
Assam,Chaygaon,79
Assam,Chenga,80
Assam,Chinthong,81
Assam,Dalanghat,82
Assam,Dalgaon Sialmari,83
Assam,Dangtol,84
Assam,Debitola,85
Assam,Demow,86
Assam,Dhakuakhana,87
Assam,Dhalapukhuri,88
Assam,Dhamdhama,89
Assam,Dhekiajuli,90
Assam,Dhemaji,91
Assam,Dimoria,92
Assam,Diyung Valley,93
Assam,Diyungbra,94
Assam,Dotoma,95
Assam,Dullav Cherra,96
Assam,Fekamari,97
Assam,Gabharu,98
Assam,Gama-Fulbari,99
Assam,Gamariguri,100
Assam,Gauri Sagar,1
Assam,Gauripur,2
Assam,Ghilamara,3
Assam,Gobardhana,4
Assam,Golaghat  East,5
Assam,Golaghat  West,6
Assam,Golaghat Central,7
Assam,Golaghat North,8
Assam,Golaghat South,9
Assam,Golakganj,10
Assam,Goreswar,11
Assam,Goroimari,12
Assam,Gossaigaon,13
Assam,Guijan,14
Assam,Hailakandi,15
Assam,Hajo,16
Assam,Hapjan,17
Assam,Harangajao,18
Assam,Hatidhura,19
Assam,Howraghat,20
Assam,Itakhuli,21
Assam,Jaipur,22
Assam,Jalah,23
Assam,Jamadarhat,24
Assam,Jatinga Valley,25
Assam,Joleshwar,26
Assam,Jorhat,27
Assam,Jorhat Central,28
Assam,Jorhat East,29
Assam,Jorhat North West,30
Assam,Jugijan,31
Assam,Juria,32
Assam,Kachugaon,33
Assam,Kakodonga,34
Assam,Kakopathar,35
Assam,Kalaigaon,36
Assam,Kalain,37
Assam,Kaliabar,38
Assam,Kaliapani,39
Assam,Kamalpur,40
Assam,Karunabari,41
Assam,Kathiatali,42
Assam,Katigorah,43
Assam,Katlicherra,44
Assam,Khagarijan,45
Assam,Kharmoja,46
Assam,Khoirabari,47
Assam,Khowang,48
Assam,Kokrajhar,49
Assam,Kopili,50
Assam,Krishnai,51
Assam,Kushdhuwa,52
Assam,Lahorighat,53
Assam,Lahowal,54
Assam,Lakhimpur,55
Assam,Lakhipur,56
Assam,Lakwa,57
Assam,Lala,58
Assam,Lamding,59
Assam,Langsomepi,60
Assam,Laowkhowa,61
Assam,Lowairpoa,62
Assam,Lumbajong,63
Assam,Machkhowa,64
Assam,Madhupur,65
Assam,Mahamaya,66
Assam,Majuli,67
Assam,Mandia,68
Assam,Manikpur,69
Assam,Mankachar,70
Assam,Margherita,71
Assam,Matia,72
Assam,Mayong,73
Assam,Mazbat,74
Assam,Moirabari,75
Assam,Morongi,76
Assam,Murkongsellek,77
Assam,Naduar,78
Assam,Nagrijuli,79
Assam,Narayanpur,80
Assam,Narsingpur,81
Assam,Nayeralga,82
Assam,Nazira,83
Assam,New Sangbar,84
Assam,Nilip,85
Assam,North Karimganj,86
Assam,Nowboicha,87
Assam,Odali,88
Assam,Pachim Mangaldoi,89
Assam,Paka-Betbari,90
Assam,Pakhimaria,91
Assam,Palonghat,92
Assam,Panitola,93
Assam,Paschim Abhayapur,94
Assam,Paschim Kaliabar,95
Assam,Paschim Nalbari,96
Assam,Patharkandi,97
Assam,Pub Chaiduar,98
Assam,Pub Mangaldoi,99
Assam,Pub Nalbari,100
Assam,Raha,1
Assam,Rajabazar,2
Assam,Rampur,3
Assam,Rangapara,4
Assam,Rangia,5
Assam,Rangjuli,6
Assam,Rani,7
Assam,Rknagar,8
Assam,Rongkhang,9
Assam,Rongmongwe,10
Assam,Rowta Charali,11
Assam,Rupahihat,12
Assam,Rupsi,13
Assam,Sadiya,14
Assam,Saikhowa,15
Assam,Sakomatha,16
Assam,Salchapra,17
Assam,Samelangso,18
Assam,Sapekhati,19
Assam,Sarukhetri,20
Assam,Sidli Chirang I,21
Assam,Sidli Chirang II,22
Assam,Silchar,23
Assam,Sipajhar,24
Assam,Sissiborgaon,25
Assam,Sivasagar,26
Assam,Socheng,27
Assam,Sonai,28
Assam,Sonari,29
Assam,Sootia,30
Assam,South Hailakandi,31
Assam,South Karimganj,32
Assam,South Salmara,33
Assam,Srijangram,34
Assam,Sualkuchi,35
Assam,Tamulpur,36
Assam,Tapang,37
Assam,Tapattari,38
Assam,Telahi,39
Assam,Tengakhat,40
Assam,Tihu,41
Assam,Tihu Barama,42
Assam,Tingkhong,43
Assam,Titabar,44
Assam,Udalguri,45
Assam,Udharbond,46
Assam,Ujani Majuli,47
Bihar,Adapur,48
Bihar,Adhaura,49
Bihar,Agion,50
Bihar,Ajamnagar,51
Bihar,Akbarpur,52
Bihar,Akhorhi Gola,53
Bihar,Alamnagar,54
Bihar,Alauli,55
Bihar,Aliganj,56
Bihar,Alinagar,57
Bihar,Amarpur,58
Bihar,Amas,59
Bihar,Amaur,60
Bihar,Amdabad,61
Bihar,Amnaur,62
Bihar,Andar,63
Bihar,Andhrartharhi,64
Bihar,Arah,65
Bihar,Araria,66
Bihar,Areraj,67
Bihar,Ariari,68
Bihar,Arwal,69
Bihar,Asharganj,70
Bihar,Asthawan,71
Bihar,Athmalgola,72
Bihar,Atri,73
Bihar,Aurai,74
Bihar,Aurangabad,75
Bihar,Babu Barhi,76
Bihar,Bacchwara,77
Bihar,Bahadurganj,78
Bihar,Bahadurpur,79
Bihar,Baheri,80
Bihar,Baikunthpur,81
Bihar,Bairia,82
Bihar,Baisa,83
Bihar,Baisi,84
Bihar,Bajpatti,85
Bihar,Bakhri,86
Bihar,Bakhtiarpur,87
Bihar,Baliya,88
Bihar,Balrampur,89
Bihar,Bandra,90
Bihar,Baniapur,91
Bihar,Banjaria,92
Bihar,Banka,93
Bihar,Bankatwa,94
Bihar,Banke Bazar,95
Bihar,Banma Itahari,96
Bihar,Banmankhi,97
Bihar,Banshi Surajpur,98
Bihar,Barachatti,99
Bihar,Barahat,100
Bihar,Barahiya,1
Bihar,Barari,2
Bihar,Barauli,3
Bihar,Barauni,4
Bihar,Barbigha,5
Bihar,Bargania,6
Bihar,Barh,7
Bihar,Barhara,8
Bihar,Barhara Kothi,9
Bihar,Barharia,10
Bihar,Barhat,11
Bihar,Bariarpur,12
Bihar,Barsoi,13
Bihar,Barun,14
Bihar,Basantpur,15
Bihar,Basopatti,16
Bihar,Bathani,17
Bihar,Bathnaha,18
Bihar,Baunsi,19
Bihar,Begusarai,20
Bihar,Belaganj,21
Bihar,Belchhi,22
Bihar,Beldaur,23
Bihar,Belhar,24
Bihar,Belsand,25
Bihar,Ben,26
Bihar,Benipatti,27
Bihar,Benipur,28
Bihar,Bettiah,29
Bihar,Bgaha,30
Bihar,Bhabhua,31
Bihar,Bhagwanpur,32
Bihar,Bhagwanpur Hat,33
Bihar,Bhargama,34
Bihar,Bhawanipur,35
Bihar,Bhitaha,36
Bihar,Bhore,37
Bihar,Bibhutipur,38
Bihar,Bidupur,39
Bihar,Bihar Sharif,40
Bihar,Bihari Ganj,41
Bihar,Bihia,42
Bihar,Bihpur,43
Bihar,Bihta,44
Bihar,Bikram,45
Bihar,Bikramganj,46
Bihar,Bind,47
Bihar,Biraul,48
Bihar,Birpur,49
Bihar,Bisfi,50
Bihar,Bithan,51
Bihar,Bochaha,52
Bihar,Bodh Gaya,53
Bihar,Bokhra,54
Bihar,Brahmpur,55
Bihar,Buxar,56
Bihar,Chainpur,57
Bihar,Chakai,58
Bihar,Chakia or Pipra,59
Bihar,Chakki,60
Bihar,Chanan,61
Bihar,Chand,62
Bihar,Chandi,63
Bihar,Chanpatia,64
Bihar,Charpokhari,65
Bihar,Chaugai,66
Bihar,Chausa,67
Bihar,Chautham,68
Bihar,Chehrakala,69
Bihar,Chenari,70
Bihar,Cheriabariarpur,71
Bihar,Chewara,72
Bihar,Chhatapur,73
Bihar,Chiraiya,74
Bihar,Choraut,75
Bihar,Chorhani,76
Bihar,Dagarua,77
Bihar,Dalsingh Sarai,78
Bihar,Danapur,79
Bihar,Dandkhora,80
Bihar,Daniyawan,81
Bihar,Darauli,82
Bihar,Daraundha,83
Bihar,Darbhanga,84
Bihar,Dariyapur,85
Bihar,Daudnagar,86
Bihar,Dawath,87
Bihar,Dehri,88
Bihar,Deo,89
Bihar,Desari,90
Bihar,Dhaka,91
Bihar,Dhamdaha,92
Bihar,Dhanarua,93
Bihar,Dharhara,94
Bihar,Dhoraiya,95
Bihar,Dighalbank,96
Bihar,Dighwara,97
Bihar,Dinara,98
Bihar,Dobhi,99
Bihar,Dulhin Bazar,100
Bihar,Dumaria,1
Bihar,Dumra,2
Bihar,Dumraon,3
Bihar,Dumri Katsari,4
Bihar,Durgawati,5
Bihar,Ekangarsarai,6
Bihar,Ekma,7
Bihar,Falka,8
Bihar,Fatehpur,9
Bihar,Fatuhan,10
Bihar,Forbisganj,11
Bihar,Fulli Dumar,12
Bihar,Fulwari,13
Bihar,Gaighat,14
Bihar,Gamharia,15
Bihar,Garhani,16
Bihar,Garhpura,17
Bihar,Garkha,18
Bihar,Gaunaha,19
Bihar,Gaura Bauram,20
Bihar,Gauradih,21
Bihar,Gaya sadar,22
Bihar,Ghailar,23
Bihar,Ghanshyampur,24
Bihar,Ghat Kusumbha,25
Bihar,Ghoghardiha,26
Bihar,Ghorasahan,27
Bihar,Ghosi,28
Bihar,Ghoswari,29
Bihar,Gidhaur,30
Bihar,Giriak,31
Bihar,Gogari,32
Bihar,Goh,33
Bihar,Gopalganj,34
Bihar,Gopalpur,35
Bihar,Goraiyakothi,36
Bihar,Goroul,37
Bihar,Govindpur,38
Bihar,Guraru,39
Bihar,Gurua,40
Bihar,Guthani,41
Bihar,Gwalpara,42
Bihar,Hajipur,43
Bihar,Halsi,44
Bihar,Hanuman Nagar,45
Bihar,Harlakhi,46
Bihar,Harnaut,47
Bihar,Harsidhhi,48
Bihar,Hasanganj,49
Bihar,Hasanpur,50
Bihar,Hasanpura,51
Bihar,Haspura,52
Bihar,Hathwa,53
Bihar,Hayaghat,54
Bihar,Hilsa,55
Bihar,Hisua,56
Bihar,Hulashganj,57
Bihar,Hussainganj,58
Bihar,Imamganj,59
Bihar,Islampur,60
Bihar,Ismilepur,61
Bihar,Isuapur,62
Bihar,Itarhi,63
Bihar,Jagdishpur,64
Bihar,Jahanabad,65
Bihar,Jainagar,66
Bihar,Jalalgarh,67
Bihar,Jalalpur,68
Bihar,Jale,69
Bihar,Jamalpur,70
Bihar,Jamui,71
Bihar,Jandaha,72
Bihar,Jhajha,73
Bihar,Jhanjharpur,74
Bihar,Joukihat,75
Bihar,Kadwa,76
Bihar,Kahalgaon,77
Bihar,Kahara,78
Bihar,Kako,79
Bihar,Kaler,80
Bihar,Kaluahi,81
Bihar,Kalyanpur,82
Bihar,Kanti,83
Bihar,Karai Parsurai,84
Bihar,Karakat,85
Bihar,Kargahar,86
Bihar,Karpi,87
Bihar,Kasba,88
Bihar,Kashichak,89
Bihar,Kataiya,90
Bihar,Katihar,91
Bihar,Katoria,92
Bihar,Katra,93
Bihar,Katri Sarai,94
Bihar,Kauakol,95
Bihar,Kchas,96
Bihar,Keoti,97
Bihar,Kesaria,98
Bihar,Kesath,99
Bihar,Khagaria,100
Bihar,Khaira,1
Bihar,Khajauli,2
Bihar,Khanpur,3
Bihar,Kharagpur,4
Bihar,Kharik,5
Bihar,Khijasarai,6
Bihar,Khodwantpur,7
Bihar,Khushrupur,8
Bihar,Khutauna,9
Bihar,Kiratpur,10
Bihar,Kishanganj,11
Bihar,Kishanpur,12
Bihar,Koch Dhaman,13
Bihar,Koilwar,14
Bihar,Konch,15
Bihar,Korha,16
Bihar,Kotwa,17
Bihar,Kritya Nand Nagar,18
Bihar,Ksheshwar Sthan,19
Bihar,Kuchaikot,20
Bihar,Kudra,21
Bihar,Kumarkhand,22
Bihar,Kurhani,23
Bihar,Kursakanta,24
Bihar,Kursela,25
Bihar,Kurtha,26
Bihar,Kusheshwar Sthan East,27
Bihar,Kutumba,28
Bihar,Ladania,29
Bihar,Lahiadpur,30
Bihar,Lakhisarai,31
Bihar,Lakhnaur,32
Bihar,Lakri Nabiganj,33
Bihar,Lalganj,34
Bihar,Laukahi,35
Bihar,Lauriya,36
Bihar,Laxmipur,37
Bihar,Madanpur,38
Bihar,Madhepur,39
Bihar,Madhepura,40
Bihar,Madhuban,41
Bihar,Madhubani,42
Bihar,Madhwapur,43
Bihar,Maharajganj,44
Bihar,Mahishi,45
Bihar,Mahnar,46
Bihar,Mahua,47
Bihar,Mainatanr,48
Bihar,Mairwa,49
Bihar,Major Ganj,50
Bihar,Maker,51
Bihar,Makhdumpur,52
Bihar,Maner,53
Bihar,Manigachhi,54
Bihar,Manihari,55
Bihar,Manjha,56
Bihar,Manjhaulia,57
Bihar,Manjhi,58
Bihar,Manpur,59
Bihar,Mansahi,60
Bihar,Mansi,61
Bihar,Mansurchak,62
Bihar,Marauna,63
Bihar,Marhaura,64
Bihar,Marwan,65
Bihar,Masaurhi,66
Bihar,Mashrakh,67
Bihar,Matihani,68
Bihar,Mehsi,69
Bihar,Meskaur,70
Bihar,Minapur,71
Bihar,Modanganj,72
Bihar,Mohania,73
Bihar,Mohanpur,74
Bihar,Mohiuddinnagar,75
Bihar,Mohra,76
Bihar,Mokama,77
Bihar,Morwa,78
Bihar,Motihari,79
Bihar,Motipur,80
Bihar,Munger Sadar,81
Bihar,Muraul,82
Bihar,Murliganj,83
Bihar,Mushahari,84
Bihar,Nabinagar,85
Bihar,Nagarnausa,86
Bihar,Nagra,87
Bihar,Nanpur,88
Bihar,Narayanpur,89
Bihar,Nardiganj,90
Bihar,Narhat,91
Bihar,Narkatia  or  Chhauradano,92
Bihar,Narkatiaganj,93
Bihar,Narpatganj,94
Bihar,Nasri Ganj,95
Bihar,Nathnagar,96
Bihar,Naubatpur,97
Bihar,Naugachhia,98
Bihar,Nauhatta,99
Bihar,Nautan,100
Bihar,Nawada,1
Bihar,Nawanagar,2
Bihar,Nawkothi,3
Bihar,Nirmalli,4
Bihar,Nokha,5
Bihar,Noorsarai,6
Bihar,Nuawan,7
Bihar,Obra,8
Bihar,Paharpur,9
Bihar,Pakri Barwan,10
Bihar,Pakri Dayal,11
Bihar,Palasi,12
Bihar,Paliganj,13
Bihar,Panapur,14
Bihar,Panchdewari,15
Bihar,Panchrukhi,16
Bihar,Pandarak,17
Bihar,Pandaul,18
Bihar,Paraiya,19
Bihar,Parbatta,20
Bihar,Parihar,21
Bihar,Parsa,22
Bihar,Parsauni,23
Bihar,Paru,24
Bihar,Parwalpur,25
Bihar,Patahi,26
Bihar,Patarghat,27
Bihar,Patepur,28
Bihar,Paterhi Belsar,29
Bihar,Patna Sadar,30
Bihar,Patori,31
Bihar,Phenhara,32
Bihar,Phulparas,33
Bihar,Phulwaria,34
Bihar,Piparasi,35
Bihar,Piparia,36
Bihar,Pipra,37
Bihar,Pipra Kothi,38
Bihar,Piprahi,39
Bihar,Piro,40
Bihar,Pirpaiti,41
Bihar,Pothia,42
Bihar,Pranpur,43
Bihar,Pratapganj,44
Bihar,Punpun,45
Bihar,Pupari,46
Bihar,Puraini,47
Bihar,Purnahia,48
Bihar,Purnia East,49
Bihar,Pusa,50
Bihar,Rafiganj,51
Bihar,Raghopur,52
Bihar,Raghunathpur,53
Bihar,Rahika,54
Bihar,Rahui,55
Bihar,Rajapakar,56
Bihar,Rajauli,57
Bihar,Rajaun,58
Bihar,Rajgir,59
Bihar,Rajnagar,60
Bihar,Rajpur,61
Bihar,Ramgarh,62
Bihar,Ramgarh Chowk,63
Bihar,Ramgarhwa,64
Bihar,Ramnagar,65
Bihar,Rampur,66
Bihar,Raniganj,67
Bihar,Ratni Faridpur,68
Bihar,Raxaul,69
Bihar,Rengra Chowk,70
Bihar,Riga,71
Bihar,Rivilganj,72
Bihar,Roh,73
Bihar,Rohtas,74
Bihar,Rosera,75
Bihar,Runnisaidpur,76
Bihar,Rupauli,77
Bihar,Sabaur,78
Bihar,Sadar Chapra,79
Bihar,Sahar,80
Bihar,Sahdai Bujurg,81
Bihar,Sahebganj,82
Bihar,Sahebpur Kamal,83
Bihar,Sakra,84
Bihar,Salkhua,85
Bihar,Samastipur,86
Bihar,Sameli,87
Bihar,Sampatchak,88
Bihar,Sandesh,89
Bihar,Sangrampur,90
Bihar,Sanhaula,91
Bihar,Sanjhauli,92
Bihar,Saraigarh Bhaptiahi,93
Bihar,Sarairanjan,94
Bihar,Saraiya,95
Bihar,Sarmera,96
Bihar,Sasaram,97
Bihar,Satarkateya,98
Bihar,Saurbazar,99
Bihar,Shahkund,100
Bihar,Shahpur,1
Bihar,Shambhuganj,2
Bihar,Shamho Akha Kurha,3
Bihar,Shankarpur,4
Bihar,Shekhopur Sarai,5
Bihar,Shekhpura,6
Bihar,Sheo Sagar,7
Bihar,Sheohar,8
Bihar,Sherghati,9
Bihar,Shivaji Nagar,10
Bihar,Sidhaw,11
Bihar,Sidhwalia,12
Bihar,Sikandra,13
Bihar,Sikta,14
Bihar,Sikti,15
Bihar,Silaw,16
Bihar,Simri,17
Bihar,Simri Bakhtiarpur,18
Bihar,Singheshwar,19
Bihar,Singhia,20
Bihar,Singwara,21
Bihar,Sirdala,22
Bihar,Siswan,23
Bihar,Siwan,24
Bihar,Sonbarsa,25
Bihar,Sono,26
Bihar,Sonpur,27
Bihar,Sri Nagar,28
Bihar,Sugauli,29
Bihar,Sultanganj,30
Bihar,Supaul,31
Bihar,Suppi,32
Bihar,Sursand,33
Bihar,Suryagarha,34
Bihar,Suryapura,35
Bihar,Tajpur,36
Bihar,Tankuppa,37
Bihar,Taraiya,38
Bihar,Tarapur,39
Bihar,Tarari,40
Bihar,Tard Dih,41
Bihar,Tariyani,42
Bihar,Teghara,43
Bihar,Tekari,44
Bihar,Terhagachhi,45
Bihar,Tetaria,46
Bihar,Tetia Bamber,47
Bihar,Thakrahan,48
Bihar,Thakurganj,49
Bihar,Tharthari,50
Bihar,Thawe,51
Bihar,Tilauthu,52
Bihar,Triveniganj,53
Bihar,Turkaulia,54
Bihar,Uchkagaon,55
Bihar,Udakishanganj,56
Bihar,Udwantnagar,57
Bihar,Ujiarpur,58
Bihar,Vaishali,59
Bihar,Vidya Pati Nagar,60
Bihar,Vijaypur,61
Bihar,Warisnagar,62
Bihar,Warsalliganj,63
Bihar,Wazirganj,64
Bihar,Yogapatti,65
Bihar,Ziradei,66
Chhattisgarh,Abhanpur,67
Chhattisgarh,Akaltara,68
Chhattisgarh,Ambikapur,69
Chhattisgarh,Antagarh,70
Chhattisgarh,Arang,71
Chhattisgarh,Baderajpur,72
Chhattisgarh,Bagbahara,73
Chhattisgarh,Bagicha,74
Chhattisgarh,Baikunthpur,75
Chhattisgarh,Bakawand,76
Chhattisgarh,Balod,77
Chhattisgarh,Baloda,78
Chhattisgarh,Balodabazar,79
Chhattisgarh,Balrampur,80
Chhattisgarh,Bamhnidih,81
Chhattisgarh,Baramkela,82
Chhattisgarh,Basna,83
Chhattisgarh,Bastanar,84
Chhattisgarh,Bastar,85
Chhattisgarh,Batauli,86
Chhattisgarh,Bemetara,87
Chhattisgarh,Berla,88
Chhattisgarh,Bhairamgarh,89
Chhattisgarh,Bhaiyathan,90
Chhattisgarh,Bhanupratappur,91
Chhattisgarh,Bharatpur,92
Chhattisgarh,Bhatapara,93
Chhattisgarh,Bhopalpatnam,94
Chhattisgarh,Bijapur,95
Chhattisgarh,Bilaigarh,96
Chhattisgarh,Bilha,97
Chhattisgarh,Bodla,98
Chhattisgarh,Charama,99
Chhattisgarh,Chhindgarh,100
Chhattisgarh,Chhuikhadan,1
Chhattisgarh,Chhura,2
Chhattisgarh,Chhuria,3
Chhattisgarh,Chowki,4
Chhattisgarh,Dabhara,5
Chhattisgarh,Dantewada,6
Chhattisgarh,Darbha,7
Chhattisgarh,Deobhog,8
Chhattisgarh,Dhamdha,9
Chhattisgarh,Dhamtari,10
Chhattisgarh,Dharamjaigarh,11
Chhattisgarh,Dharsiwa,12
Chhattisgarh,Dondi,13
Chhattisgarh,Dondi Lohara,14
Chhattisgarh,Dongargarh,15
Chhattisgarh,Dongergaon,16
Chhattisgarh,Duldula,17
Chhattisgarh,Durg,18
Chhattisgarh,Durgukondal,19
Chhattisgarh,Farsabahar,20
Chhattisgarh,Gariaband,21
Chhattisgarh,Geedam,22
Chhattisgarh,Gharghoda,23
Chhattisgarh,Gourella,24
Chhattisgarh,Gunderdahi,25
Chhattisgarh,Gurur,26
Chhattisgarh,Jagdalpur,27
Chhattisgarh,Jaijaipur,28
Chhattisgarh,Jashpur,29
Chhattisgarh,Kanker,30
Chhattisgarh,Kansabel,31
Chhattisgarh,Kartala,32
Chhattisgarh,Kasdol,33
Chhattisgarh,Katekalyan,34
Chhattisgarh,Katghora,35
Chhattisgarh,Kawardha,36
Chhattisgarh,Keshkal,37
Chhattisgarh,Khadgawan,38
Chhattisgarh,Khairagarh,39
Chhattisgarh,Kharsia,40
Chhattisgarh,Koelibeda,41
Chhattisgarh,Kondagaon,42
Chhattisgarh,Konta,43
Chhattisgarh,Korba,44
Chhattisgarh,Kota,45
Chhattisgarh,Kuakonda,46
Chhattisgarh,Kunkuri,47
Chhattisgarh,Kurud,48
Chhattisgarh,Kusmi,49
Chhattisgarh,Lailunga,50
Chhattisgarh,Lakhanpur,51
Chhattisgarh,Lohandiguda,52
Chhattisgarh,Lormi,53
Chhattisgarh,Lundra,54
Chhattisgarh,Magarlod,55
Chhattisgarh,Mahasamund,56
Chhattisgarh,Mainpat,57
Chhattisgarh,Mainpur,58
Chhattisgarh,Makdi,59
Chhattisgarh,Malkharada,60
Chhattisgarh,Manedragarh,61
Chhattisgarh,Manora,62
Chhattisgarh,Manpur,63
Chhattisgarh,Marawahi,64
Chhattisgarh,Masturi,65
Chhattisgarh,Mohla,66
Chhattisgarh,Mungeli,67
Chhattisgarh,Nagri,68
Chhattisgarh,Narayanpur,69
Chhattisgarh,Narharpur,70
Chhattisgarh,Nawagarh,71
Chhattisgarh,Odagi,72
Chhattisgarh,Orchha,73
Chhattisgarh,Pali,74
Chhattisgarh,Pallari,75
Chhattisgarh,Pamgarh,76
Chhattisgarh,Pandariya,77
Chhattisgarh,Patan,78
Chhattisgarh,Pathalgaon,79
Chhattisgarh,Pathariya,80
Chhattisgarh,Pendra,81
Chhattisgarh,Pharasgaon,82
Chhattisgarh,Pithora,83
Chhattisgarh,Podiuproda,84
Chhattisgarh,Pratappur,85
Chhattisgarh,Premnagar,86
Chhattisgarh,Pussore,87
Chhattisgarh,Raigarh,88
Chhattisgarh,Rajim,89
Chhattisgarh,Rajnandgaon,90
Chhattisgarh,Rajpur,91
Chhattisgarh,Ramanujnagar,92
Chhattisgarh,Ramchandarpur,93
Chhattisgarh,Sahaspur/Lohara,94
Chhattisgarh,Saja,95
Chhattisgarh,Sakti,96
Chhattisgarh,Saraipali,97
Chhattisgarh,Sarangarh,98
Chhattisgarh,Shankargarh,99
Chhattisgarh,Simga,100
Chhattisgarh,Sitapur,1
Chhattisgarh,Sonhat,2
Chhattisgarh,Sukma,3
Chhattisgarh,Surajpur,4
Chhattisgarh,Takhatpur,5
Chhattisgarh,Tamnar,6
Chhattisgarh,Tilda,7
Chhattisgarh,Tokapal,8
Chhattisgarh,Udaipur,9
Chhattisgarh,Usoor,10
Chhattisgarh,Wadrafnagar,11
Gujarat,Abadasa,12
Gujarat,Ahmedabad (City),13
Gujarat,Amirgadh,14
Gujarat,Amod,15
Gujarat,Amreli,16
Gujarat,Anand,17
Gujarat,Anjar,18
Gujarat,Anklav,19
Gujarat,Ankleshwar,20
Gujarat,Babara,21
Gujarat,Bagasara,22
Gujarat,Balasinor,23
Gujarat,Bardoli,24
Gujarat,Barwala,25
Gujarat,Bavla,26
Gujarat,Bayad,27
Gujarat,Becharaji,28
Gujarat,Bhabhar,29
Gujarat,Bhachau,30
Gujarat,Bhanwad,31
Gujarat,Bharuch,32
Gujarat,Bhavnagar,33
Gujarat,Bhesan,34
Gujarat,Bhiloda,35
Gujarat,Bhuj,36
Gujarat,Borsad,37
Gujarat,Botad,38
Gujarat,Chanasma,39
Gujarat,Chhotaudepur,40
Gujarat,Chikhli,41
Gujarat,Choryasi,42
Gujarat,Chotila,43
Gujarat,Chuda,44
Gujarat,Dabhoi,45
Gujarat,Dahod,46
Gujarat,Dangs,47
Gujarat,Danta,48
Gujarat,Dantiwada,49
Gujarat,Dasada     Patadi,50
Gujarat,Dascroi,51
Gujarat,Dediapada,52
Gujarat,Deesa,53
Gujarat,Dehgam,54
Gujarat,Deodar,55
Gujarat,Detroj,56
Gujarat,Devgadhbaria,57
Gujarat,Dhandhuka,58
Gujarat,Dhanera,59
Gujarat,Dhanpur,60
Gujarat,Dhansura,61
Gujarat,Dharampur,62
Gujarat,Dhari,63
Gujarat,Dholka,64
Gujarat,Dhoraji,65
Gujarat,Dhrangadhra,66
Gujarat,Dhrol,67
Gujarat,Fatepura,68
Gujarat,Gadhada,69
Gujarat,Gandevi,70
Gujarat,Gandhidham,71
Gujarat,Gandhinagar,72
Gujarat,Garabada,73
Gujarat,Gariyadhar,74
Gujarat,Ghogha,75
Gujarat,Ghoghamba,76
Gujarat,Godhra.,77
Gujarat,Gondal,78
Gujarat,Halol,79
Gujarat,Halvad,80
Gujarat,Hansot,81
Gujarat,Harij,82
Gujarat,Himatnagar,83
Gujarat,Idar,84
Gujarat,Jafrabad,85
Gujarat,Jalalpor,86
Gujarat,Jambughoda,87
Gujarat,Jambusar,88
Gujarat,Jamjodhpur,89
Gujarat,Jamkandorana,90
Gujarat,Jamnagar,91
Gujarat,Jasdan,92
Gujarat,Jetpur,93
Gujarat,Jhagadia,94
Gujarat,Jhalod,95
Gujarat,Jodiya,96
Gujarat,Junagadh,97
Gujarat,Kadana,98
Gujarat,Kadi,99
Gujarat,Kalavad,100
Gujarat,Kalol,1
Gujarat,Kalyanpur,2
Gujarat,Kamrej,3
Gujarat,Kankrej,4
Gujarat,Kapadwanj,5
Gujarat,Kaparada,6
Gujarat,Karjan,7
Gujarat,Kathlal,8
Gujarat,Kawant,9
Gujarat,Keshod,10
Gujarat,Khambha,11
Gujarat,Khambhalia,12
Gujarat,Khambhat,13
Gujarat,Khanpur,14
Gujarat,Kheda,15
Gujarat,Khedbrahma,16
Gujarat,Kheralu,17
Gujarat,Kodinar,18
Gujarat,Kotda Sangani,19
Gujarat,Kunkavav,20
Gujarat,Kutiyana,21
Gujarat,Lakhpat,22
Gujarat,Lakhtar,23
Gujarat,Lalpur,24
Gujarat,Lathi,25
Gujarat,Liliya,26
Gujarat,Limbdi,27
Gujarat,Limkheda,28
Gujarat,Lodhika,29
Gujarat,Lunawada,30
Gujarat,Mahemdavad,31
Gujarat,Mahudha,32
Gujarat,Mahuwa,33
Gujarat,Malia,34
Gujarat,Maliya Miyana,35
Gujarat,Malpur,36
Gujarat,Manavadar,37
Gujarat,Mandal,38
Gujarat,Mandvi,39
Gujarat,Mangrol,40
Gujarat,Mansa,41
Gujarat,Matar,42
Gujarat,Meghraj,43
Gujarat,Mehsana,44
Gujarat,Mendarda,45
Gujarat,Modasa,46
Gujarat,Morbi,47
Gujarat,Morva (Hadaf),48
Gujarat,Muli,49
Gujarat,Mundra,50
Gujarat,Nadiad,51
Gujarat,Nakhatrana,52
Gujarat,Nandod,53
Gujarat,Naswadi,54
Gujarat,Navsari,55
Gujarat,Nizar,56
Gujarat,Okhamandal     Dwarka,57
Gujarat,Olpad,58
Gujarat,Paddhari,59
Gujarat,Padra,60
Gujarat,Palanpur,61
Gujarat,Palsana,62
Gujarat,Pardi,63
Gujarat,Patan,64
Gujarat,Petlad,65
Gujarat,Porbandar,66
Gujarat,Prantij,67
Gujarat,Radhanpur,68
Gujarat,Rajkot,69
Gujarat,Rajula,70
Gujarat,Ranavav,71
Gujarat,Ranpur,72
Gujarat,Rapar,73
Gujarat,Sagbara,74
Gujarat,Sami,75
Gujarat,Sanand,76
Gujarat,Sankheda,77
Gujarat,Santalpur,78
Gujarat,Santrampur,79
Gujarat,Satlasana,80
Gujarat,Savli,81
Gujarat,Sayla,82
Gujarat,Shahera.,83
Gujarat,Sidhpur,84
Gujarat,Sihor,85
Gujarat,Sinor,86
Gujarat,Sojitra,87
Gujarat,Songadh,88
Gujarat,Sutrapada,89
Gujarat,Talaja,90
Gujarat,Talala,91
Gujarat,Talod,92
Gujarat,Tankara,93
Gujarat,Tarpur,94
Gujarat,Tharad,95
Gujarat,Thasra,96
Gujarat,Tilakwada,97
Gujarat,Uchchhal,98
Gujarat,Umarala,99
Gujarat,Umarpada,100
Gujarat,Umbergam,1
Gujarat,Umreth,2
Gujarat,Una,3
Gujarat,Unjha,4
Gujarat,Upleta,5
Gujarat,Vadali,6
Gujarat,Vadgam,7
Gujarat,Vadnagar,8
Gujarat,Vadodara,9
Gujarat,Valia,10
Gujarat,Vallbhipur,11
Gujarat,Valod,12
Gujarat,Valsad,13
Gujarat,Vansda,14
Gujarat,Vanthali,15
Gujarat,Veraval,16
Gujarat,Vijapur,17
Gujarat,Vijaynagar,18
Gujarat,Viramgam,19
Gujarat,Virpur,20
Gujarat,Visavadar,21
Gujarat,Visnagar,22
Gujarat,Vyara,23
Gujarat,Wadhwan,24
Gujarat,Waghodia,25
Gujarat,Wagra,26
Gujarat,Wankaner,27
Gujarat,Wav,28
Haryana,Adampur,29
Haryana,Agroha,30
Haryana,Alewa,31
Haryana,Ambala,32
Haryana,Ambala II,33
Haryana,Assandh,34
Haryana,Ateli Nangal,35
Haryana,Babain,36
Haryana,Badhra,37
Haryana,Bahadurgarh,38
Haryana,Ballabgarh,39
Haryana,Bapauli,40
Haryana,Baragudha,41
Haryana,Barara,42
Haryana,Barwala,43
Haryana,Bawal,44
Haryana,Bawani Khera,45
Haryana,Behal,46
Haryana,Beri,47
Haryana,Bhattu Kalan,48
Haryana,Bhiwani,49
Haryana,Bhuna,50
Haryana,Bilaspur,51
Haryana,Chhachhrauli,52
Haryana,Dabwali,53
Haryana,Dadri-I,54
Haryana,Dadri-II,55
Haryana,Ellenabad,56
Haryana,Faridabad,57
Haryana,Farukh Nagar,58
Haryana,Fatehabad,59
Haryana,Firozepur Jhirkha,60
Haryana,Ganaur,61
Haryana,Gharaunda,62
Haryana,Gohana,63
Haryana,Guhla,64
Haryana,Gurgaon,65
Haryana,Hansi I,66
Haryana,Hansi-II,67
Haryana,Hassanpur,68
Haryana,Hathin,69
Haryana,Hisar I,70
Haryana,Hisar-II,71
Haryana,Hodal,72
Haryana,Indri,73
Haryana,Ismailabad,74
Haryana,Israna,75
Haryana,Jagadhri,76
Haryana,Jakhal,77
Haryana,Jatusana,78
Haryana,Jhajjar,79
Haryana,Jind,80
Haryana,Julana,81
Haryana,Kairu,82
Haryana,Kaithal,83
Haryana,Kalanaur,84
Haryana,Kalayat,85
Haryana,Kanina,86
Haryana,Karnal,87
Haryana,Kathura,88
Haryana,Kharkhauda,89
Haryana,Khol At Rewari,90
Haryana,Ladwa,91
Haryana,Lakhan Majra,92
Haryana,Loharu,93
Haryana,Madlauda,94
Haryana,Matenhail,95
Haryana,Meham,96
Haryana,Mohindergarh,97
Haryana,Morni,98
Haryana,Mudlana,99
Haryana,Murthal,100
Haryana,Mustafabad,1
Haryana,Nagina,2
Haryana,Nahar,3
Haryana,Nangal Chaudhary,4
Haryana,Naraingarh,5
Haryana,Narnaul,6
Haryana,Narnaund,7
Haryana,Narwana,8
Haryana,Nathusari Chopta,9
Haryana,Nilo Kheri,10
Haryana,Nissing,11
Haryana,Nizampur,12
Haryana,Nuh,13
Haryana,Odhan,14
Haryana,Palwal,15
Haryana,Panipat,16
Haryana,Pataudi,17
Haryana,Pehowa,18
Haryana,Pillukhera,19
Haryana,Pinjore,20
Haryana,Prithla,21
Haryana,Pundri,22
Haryana,Punhana,23
Haryana,Radaur,24
Haryana,Rai,25
Haryana,Raipur Rani,26
Haryana,Rajound,27
Haryana,Rania,28
Haryana,Ratia,29
Haryana,Rewari,30
Haryana,Rohtak,31
Haryana,Sadhaura,32
Haryana,Safidon,33
Haryana,Saha,34
Haryana,Sahlawas,35
Haryana,Samalkha,36
Haryana,Sampla,37
Haryana,Sanoli Khurd,38
Haryana,Satnali,39
Haryana,Shahbad,40
Haryana,Shahzadpur,41
Haryana,Sihma,42
Haryana,Sirsa,43
Haryana,Siwan,44
Haryana,Siwani,45
Haryana,Sohna,46
Haryana,Sonepat,47
Haryana,Taoru,48
Haryana,Thanesar,49
Haryana,Tohana,50
Haryana,Tosham,51
Haryana,Uchana Kalan,52
Haryana,Uklana,53
Himachal Pradesh,Amb,54
Himachal Pradesh,Anni,55
Himachal Pradesh,Baijnath,56
Himachal Pradesh,Balh,57
Himachal Pradesh,Balichowki,58
Himachal Pradesh,Banjar,59
Himachal Pradesh,Basantpur,60
Himachal Pradesh,Bharmour,61
Himachal Pradesh,Bhattiyat,62
Himachal Pradesh,Bhawarna,63
Himachal Pradesh,Bhoranj,64
Himachal Pradesh,Bijhri,65
Himachal Pradesh,Bilaspur Sadar,66
Himachal Pradesh,Chachiot,67
Himachal Pradesh,Chamba,68
Himachal Pradesh,Chauhara,69
Himachal Pradesh,Chauntra,70
Himachal Pradesh,Chopal,71
Himachal Pradesh,Dehra Gopipur,72
Himachal Pradesh,Dharampur,73
Himachal Pradesh,Dharamshala,74
Himachal Pradesh,Dhundla,75
Himachal Pradesh,Drang,76
Himachal Pradesh,Fatehpur,77
Himachal Pradesh,Gagret,78
Himachal Pradesh,Gehrwin,79
Himachal Pradesh,Ghumarwin,80
Himachal Pradesh,Gopalpur,81
Himachal Pradesh,Hamirpur,82
Himachal Pradesh,Haroli,83
Himachal Pradesh,Indora,84
Himachal Pradesh,Jubbal and Kothai,85
Himachal Pradesh,Kalpa,86
Himachal Pradesh,Kandaghat,87
Himachal Pradesh,Kangra,88
Himachal Pradesh,Karsog,89
Himachal Pradesh,Kullu,90
Himachal Pradesh,Kunihar,91
Himachal Pradesh,Kupvi,92
Himachal Pradesh,Lahaul,93
Himachal Pradesh,Lamba Gaon,94
Himachal Pradesh,Mandi Sadar,95
Himachal Pradesh,Mashobra,96
Himachal Pradesh,Mehla,97
Himachal Pradesh,Nadaun,98
Himachal Pradesh,Naggar,99
Himachal Pradesh,Nagrota Bagwan,100
Himachal Pradesh,Nagrota Surian,1
Himachal Pradesh,Nahan,2
Himachal Pradesh,Nalagarh,3
Himachal Pradesh,Nankhari,4
Himachal Pradesh,Narkanda,5
Himachal Pradesh,Nichar,6
Himachal Pradesh,Nirmand,7
Himachal Pradesh,Nurpur,8
Himachal Pradesh,Pachhad,9
Himachal Pradesh,Panchrukhi,10
Himachal Pradesh,Pangi,11
Himachal Pradesh,Paonta Sahib,12
Himachal Pradesh,Pooh,13
Himachal Pradesh,Pragpur,14
Himachal Pradesh,Rait,15
Himachal Pradesh,Rajgarh,16
Himachal Pradesh,Rampur,17
Himachal Pradesh,Rohru,18
Himachal Pradesh,Salooni,19
Himachal Pradesh,Sangrah,20
Himachal Pradesh,Seraj,21
Himachal Pradesh,Shillai,22
Himachal Pradesh,Shri Naina Devi Jee,23
Himachal Pradesh,Solan,24
Himachal Pradesh,Spiti,25
Himachal Pradesh,Sullah (Bhedu Mahadev),26
Himachal Pradesh,Sunder Nagar,27
Himachal Pradesh,Tauni Devi,28
Himachal Pradesh,Theog,29
Himachal Pradesh,Tihra Sujanpur,30
Himachal Pradesh,Tissa,31
Himachal Pradesh,Una,32
Jammu And Kashmir,Achabal,33
Jammu And Kashmir,Akhnoor,34
Jammu And Kashmir,Aloosa,35
Jammu And Kashmir,Anantnag,36
Jammu And Kashmir,Arin,37
Jammu And Kashmir,Aripal,38
Jammu And Kashmir,Arnas,39
Jammu And Kashmir,Arnia,40
Jammu And Kashmir,Assar,41
Jammu And Kashmir,Awantipora,42
Jammu And Kashmir,B K Pora,43
Jammu And Kashmir,Baggan,44
Jammu And Kashmir,Baktoor,45
Jammu And Kashmir,Balakote,46
Jammu And Kashmir,Bamagh,47
Jammu And Kashmir,Bandipora,48
Jammu And Kashmir,Bani,49
Jammu And Kashmir,Banihal,50
Jammu And Kashmir,Baramulla,51
Jammu And Kashmir,Barnoti,52
Jammu And Kashmir,Basohli,53
Jammu And Kashmir,Batote,54
Jammu And Kashmir,Beerwa,55
Jammu And Kashmir,Behibag,56
Jammu And Kashmir,Bhaderwah,57
Jammu And Kashmir,Bhagwa,58
Jammu And Kashmir,Bhalla,59
Jammu And Kashmir,Bhalwal,60
Jammu And Kashmir,Bhalwal Brahmana,61
Jammu And Kashmir,Bhoond,62
Jammu And Kashmir,Bijhama,63
Jammu And Kashmir,Bijibehara,64
Jammu And Kashmir,Billawar,65
Jammu And Kashmir,Bishnah,66
Jammu And Kashmir,Boniyar,67
Jammu And Kashmir,Bonkoot,68
Jammu And Kashmir,Breng,69
Jammu And Kashmir,Budgam,70
Jammu And Kashmir,Budhal,71
Jammu And Kashmir,Budhal New,72
Jammu And Kashmir,Bufliaz,73
Jammu And Kashmir,Chadoora,74
Jammu And Kashmir,Chandil Wangam,75
Jammu And Kashmir,Changa,76
Jammu And Kashmir,Chanunta   Dalsar,77
Jammu And Kashmir,Charisharief,78
Jammu And Kashmir,Chassana,79
Jammu And Kashmir,Chathergul,80
Jammu And Kashmir,Chenani,81
Jammu And Kashmir,Chilli Pingal,82
Jammu And Kashmir,Chiralla,83
Jammu And Kashmir,Chitragam,84
Jammu And Kashmir,Chowki Choura,85
Jammu And Kashmir,D K Marg,86
Jammu And Kashmir,Dachhan,87
Jammu And Kashmir,Dachnipora,88
Jammu And Kashmir,Dadsara,89
Jammu And Kashmir,Dali Udhyanpur,90
Jammu And Kashmir,Damhal Hanji Pora,91
Jammu And Kashmir,Dansal,92
Jammu And Kashmir,Darhal,93
Jammu And Kashmir,Devsar,94
Jammu And Kashmir,Dhangri,95
Jammu And Kashmir,Dhar Mahanpur,96
Jammu And Kashmir,Dinga Amb,97
Jammu And Kashmir,Doda,98
Jammu And Kashmir,Doongi,99
Jammu And Kashmir,Drabshalla,100
Jammu And Kashmir,Drugmulla,1
Jammu And Kashmir,Dudu,2
Jammu And Kashmir,Duggain,3
Jammu And Kashmir,Duggan,4
Jammu And Kashmir,Eidgah,5
Jammu And Kashmir,Frisal,6
Jammu And Kashmir,Gagwal,7
Jammu And Kashmir,Ganderbal,8
Jammu And Kashmir,Gandhri,9
Jammu And Kashmir,Gandoh,10
Jammu And Kashmir,Ganstan,11
Jammu And Kashmir,Ghordi,12
Jammu And Kashmir,Gool,13
Jammu And Kashmir,Gulab Garh,14
Jammu And Kashmir,Gund,15
Jammu And Kashmir,Gundana,16
Jammu And Kashmir,Gundi Dharam,17
Jammu And Kashmir,Gurez,18
Jammu And Kashmir,Hajin,19
Jammu And Kashmir,Handwara,20
Jammu And Kashmir,Hardaboora,21
Jammu And Kashmir,Harman,22
Jammu And Kashmir,Harwan Rural Area Dara,23
Jammu And Kashmir,Hayhama,24
Jammu And Kashmir,Hiller Shahabad,25
Jammu And Kashmir,Hiranagar,26
Jammu And Kashmir,Ichegoza,27
Jammu And Kashmir,Imamsahib,28
Jammu And Kashmir,Inderwal,29
Jammu And Kashmir,Jaganoo,30
Jammu And Kashmir,Jakyas,31
Jammu And Kashmir,Jig Bagli,32
Jammu And Kashmir,Kahara,33
Jammu And Kashmir,Kakapora,34
Jammu And Kashmir,Kalakote,35
Jammu And Kashmir,Kalaroos,36
Jammu And Kashmir,Kandi Rafiabad,37
Jammu And Kashmir,Kangan,38
Jammu And Kashmir,Kanji Ullar,39
Jammu And Kashmir,Kaprin,40
Jammu And Kashmir,Kastigarh,41
Jammu And Kashmir,Kathua,42
Jammu And Kashmir,Katra,43
Jammu And Kashmir,Keerian Gangyal,44
Jammu And Kashmir,Kellar,45
Jammu And Kashmir,Keran,46
Jammu And Kashmir,Khag,47
Jammu And Kashmir,Khaipora,48
Jammu And Kashmir,Khan Sahib,49
Jammu And Kashmir,Khanmoh,50
Jammu And Kashmir,Kharah Balli,51
Jammu And Kashmir,Khari,52
Jammu And Kashmir,Khawas,53
Jammu And Kashmir,Khellani,54
Jammu And Kashmir,Khoon,55
Jammu And Kashmir,Khour,56
Jammu And Kashmir,Khovripora,57
Jammu And Kashmir,Kishtwar,58
Jammu And Kashmir,Kralpora,59
Jammu And Kashmir,Kulgam,60
Jammu And Kashmir,Kulwanta,61
Jammu And Kashmir,Kund,62
Jammu And Kashmir,Kunzer,63
Jammu And Kashmir,Kupwara,64
Jammu And Kashmir,Lalpora,65
Jammu And Kashmir,Lamberi,66
Jammu And Kashmir,Langate,67
Jammu And Kashmir,Lar,68
Jammu And Kashmir,Larnoo,69
Jammu And Kashmir,Lassana,70
Jammu And Kashmir,Latti,71
Jammu And Kashmir,Litter,72
Jammu And Kashmir,Lohi Malhar,73
Jammu And Kashmir,Loran,74
Jammu And Kashmir,Machil,75
Jammu And Kashmir,Magam,76
Jammu And Kashmir,Mahanpur,77
Jammu And Kashmir,Mahore,78
Jammu And Kashmir,Maira Mandrian,79
Jammu And Kashmir,Majalta,80
Jammu And Kashmir,Mandal Phallain,81
Jammu And Kashmir,Mandi,82
Jammu And Kashmir,Mandli,83
Jammu And Kashmir,Manjakote,84
Jammu And Kashmir,Mankote,85
Jammu And Kashmir,Manzgam,86
Jammu And Kashmir,Marh,87
Jammu And Kashmir,Marheen,88
Jammu And Kashmir,Marmat,89
Jammu And Kashmir,Marwah,90
Jammu And Kashmir,Mathwar,91
Jammu And Kashmir,Mawar Kalamabad,92
Jammu And Kashmir,Meliyal,93
Jammu And Kashmir,Mendhar,94
Jammu And Kashmir,Miran Sahib,95
Jammu And Kashmir,Moughla,96
Jammu And Kashmir,Moungri,97
Jammu And Kashmir,Mughalmaidan,98
Jammu And Kashmir,Nadihal,99
Jammu And Kashmir,Nagam,100
Jammu And Kashmir,Nagri,1
Jammu And Kashmir,Nagrota,2
Jammu And Kashmir,Nagrota Gujroo,3
Jammu And Kashmir,Nagseni,4
Jammu And Kashmir,Naidkhay,5
Jammu And Kashmir,Nangali Sahib Sain Baba,6
Jammu And Kashmir,Narbal,7
Jammu And Kashmir,Narsoo,8
Jammu And Kashmir,Narwah,9
Jammu And Kashmir,Newa,10
Jammu And Kashmir,Noorkah,11
Jammu And Kashmir,Nowgam,12
Jammu And Kashmir,Nowshera,13
Jammu And Kashmir,Nud,14
Jammu And Kashmir,Nutnoosa,15
Jammu And Kashmir,Paddar,16
Jammu And Kashmir,Pahloo,17
Jammu And Kashmir,Pakherpora,18
Jammu And Kashmir,Palmar,19
Jammu And Kashmir,Pampore,20
Jammu And Kashmir,Panchari,21
Jammu And Kashmir,Panjgrian,22
Jammu And Kashmir,Panthal,23
Jammu And Kashmir,Paranpeela,24
Jammu And Kashmir,Parli Dhar,25
Jammu And Kashmir,Parnewa,26
Jammu And Kashmir,Pattan,27
Jammu And Kashmir,Planger,28
Jammu And Kashmir,Pombay,29
Jammu And Kashmir,Poonch,30
Jammu And Kashmir,Pouni,31
Jammu And Kashmir,Pragwal,32
Jammu And Kashmir,Pulwama,33
Jammu And Kashmir,Purmandal,34
Jammu And Kashmir,Purmandal Bari Brahamna,35
Jammu And Kashmir,Qadirabad,36
Jammu And Kashmir,Qaimoh,37
Jammu And Kashmir,Qamarwari,38
Jammu And Kashmir,Qaziabad Supernagama,39
Jammu And Kashmir,Qazigund,40
Jammu And Kashmir,Qila Darhal,41
Jammu And Kashmir,R S Pura,42
Jammu And Kashmir,Rafiabad,43
Jammu And Kashmir,Rajgarh,44
Jammu And Kashmir,Rajouri,45
Jammu And Kashmir,Rajpura,46
Jammu And Kashmir,Rajwar,47
Jammu And Kashmir,Ramban,48
Jammu And Kashmir,Ramgarh,49
Jammu And Kashmir,Ramhal,50
Jammu And Kashmir,Ramnagar,51
Jammu And Kashmir,Ramnagri,52
Jammu And Kashmir,Ramsu,53
Jammu And Kashmir,Rathsun,54
Jammu And Kashmir,Reasi,55
Jammu And Kashmir,Reddi Chowkibal,56
Jammu And Kashmir,Rohama,57
Jammu And Kashmir,S K Pora,58
Jammu And Kashmir,Safapora,59
Jammu And Kashmir,Sagam,60
Jammu And Kashmir,Samba,61
Jammu And Kashmir,Samwan,62
Jammu And Kashmir,Sangaldan,63
Jammu And Kashmir,Sangrama,64
Jammu And Kashmir,Sathra,65
Jammu And Kashmir,Satwari,66
Jammu And Kashmir,Seri,67
Jammu And Kashmir,Sewna,68
Jammu And Kashmir,Shadimarg,69
Jammu And Kashmir,Shahabad,70
Jammu And Kashmir,Shangus,71
Jammu And Kashmir,Sherabad Khore,72
Jammu And Kashmir,Sherpathri,73
Jammu And Kashmir,Shupiyan,74
Jammu And Kashmir,Singhpora,75
Jammu And Kashmir,Siot,76
Jammu And Kashmir,Sogam,77
Jammu And Kashmir,Soibugh,78
Jammu And Kashmir,Sopore,79
Jammu And Kashmir,Srinagar,80
Jammu And Kashmir,Suchetgarh,81
Jammu And Kashmir,Sukhnag Hard Panzoo,82
Jammu And Kashmir,Sumb,83
Jammu And Kashmir,Sumbal,84
Jammu And Kashmir,Sunderbani,85
Jammu And Kashmir,Surankote,86
Jammu And Kashmir,Surasyar,87
Jammu And Kashmir,Tangdar,88
Jammu And Kashmir,Tangmarg,89
Jammu And Kashmir,Tarathpora,90
Jammu And Kashmir,Teetwal,91
Jammu And Kashmir,Thakraie,92
Jammu And Kashmir,Thakrakote,93
Jammu And Kashmir,Thana Mandi,94
Jammu And Kashmir,Thathri,95
Jammu And Kashmir,Thuroo,96
Jammu And Kashmir,Tikri,97
Jammu And Kashmir,Tral,98
Jammu And Kashmir,Trehgam,99
Jammu And Kashmir,Trigam,100
Jammu And Kashmir,Tujjar Sharief,1
Jammu And Kashmir,Tulail,2
Jammu And Kashmir,Udhampur,3
Jammu And Kashmir,Ukhral,4
Jammu And Kashmir,Uri,5
Jammu And Kashmir,Vawoora,6
Jammu And Kashmir,Verinag,7
Jammu And Kashmir,Vessu,8
Jammu And Kashmir,Vijaypur,9
Jammu And Kashmir,Wagoora,10
Jammu And Kashmir,Wailoo,11
Jammu And Kashmir,Wakoora,12
Jammu And Kashmir,Warwan,13
Jammu And Kashmir,Waterhail,14
Jammu And Kashmir,Zainageer,15
Jammu And Kashmir,Zainpora,16
Jharkhand,Amrapara,17
Jharkhand,Angara,18
Jharkhand,Arki,19
Jharkhand,Baghmara,20
Jharkhand,Bagodar,21
Jharkhand,Bahragora,22
Jharkhand,Baliapur,23
Jharkhand,Balumath,24
Jharkhand,Bano,25
Jharkhand,Barhi,26
Jharkhand,Barkagaon,27
Jharkhand,Barkatha,28
Jharkhand,Barwaidih,29
Jharkhand,Basia,30
Jharkhand,Bendgaon,31
Jharkhand,Bengabad,32
Jharkhand,Bermo,33
Jharkhand,Bero,34
Jharkhand,Bhandaria,35
Jharkhand,Bhandra,36
Jharkhand,Bharno,37
Jharkhand,Bhawanathpur,38
Jharkhand,Birni,39
Jharkhand,Bishnugarh,40
Jharkhand,Bishnupur,41
Jharkhand,Bishrampur,42
Jharkhand,Boarijore,43
Jharkhand,Bolba,44
Jharkhand,Borio,45
Jharkhand,Bundu,46
Jharkhand,Burhait,47
Jharkhand,Burharwa,48
Jharkhand,Burmu,49
Jharkhand,Chaibasa,50
Jharkhand,Chainpur,51
Jharkhand,Chakradharpur,52
Jharkhand,Chakulia,53
Jharkhand,Chandankiyari,54
Jharkhand,Chandil,55
Jharkhand,Chandwa,56
Jharkhand,Chandwara,57
Jharkhand,Chanho,58
Jharkhand,Chas,59
Jharkhand,Chatra Sadar,60
Jharkhand,Chattarpur,61
Jharkhand,Chauparan,62
Jharkhand,Chinia,63
Jharkhand,Churchu,64
Jharkhand,Daltonganj Sadar,65
Jharkhand,Dandai,66
Jharkhand,Deogarh Sadar,67
Jharkhand,Deori,68
Jharkhand,Devipur,69
Jharkhand,Dhalbhumgarh,70
Jharkhand,Dhanbad Sadar,71
Jharkhand,Dhurki,72
Jharkhand,Dumaria,73
Jharkhand,Dumka Sadar,74
Jharkhand,Dumri,75
Jharkhand,Gamharia Adityapur,76
Jharkhand,Gandey,77
Jharkhand,Garhwa Sadar,78
Jharkhand,Garu,79
Jharkhand,Gawan,80
Jharkhand,Ghaghra,81
Jharkhand,Ghatsila,82
Jharkhand,Gidhor,83
Jharkhand,Giridih Sadar,84
Jharkhand,Godda Sadar,85
Jharkhand,Goelkera,86
Jharkhand,Gola,87
Jharkhand,Gomia,88
Jharkhand,Gopikander,89
Jharkhand,Govindpur,90
Jharkhand,Gumla Sadar,91
Jharkhand,Hariharganj,92
Jharkhand,Hazaribagh Sadar,93
Jharkhand,Hiranpur,94
Jharkhand,Hunter Ganj,95
Jharkhand,Hussainabad,96
Jharkhand,Ichagarh,97
Jharkhand,Ichak,98
Jharkhand,Itkhori,99
Jharkhand,Jagannathpur,100
Jharkhand,Jainagar,1
Jharkhand,Jaldega,2
Jharkhand,Jama,3
Jharkhand,Jamshedpur Sadar,4
Jharkhand,Jamtara Sadar,5
Jharkhand,Jamua,6
Jharkhand,Jaridhi,7
Jharkhand,Jarmundi,8
Jharkhand,Jharia,9
Jharkhand,Jhinkpani,10
Jharkhand,Kamdara,11
Jharkhand,Kandi,12
Jharkhand,Kanke,13
Jharkhand,Karon,14
Jharkhand,Karra,15
Jharkhand,Kasmar,16
Jharkhand,Kathikund,17
Jharkhand,Katkamsandi,18
Jharkhand,Keredari,19
Jharkhand,Kharaundhi,20
Jharkhand,Kharsawan,21
Jharkhand,Khunti,22
Jharkhand,Khuntpani,23
Jharkhand,Kisko,24
Jharkhand,Koderma Sadar,25
Jharkhand,Kolebira,26
Jharkhand,Kuchai,27
Jharkhand,Kunda,28
Jharkhand,Kundhit,29
Jharkhand,Kurdeg,30
Jharkhand,Kurnardungi,31
Jharkhand,Kuru,32
Jharkhand,Lapung,33
Jharkhand,Latehar Sadar,34
Jharkhand,Lawalong,35
Jharkhand,Lesliganj,36
Jharkhand,Littipara,37
Jharkhand,Lohardaga Sadar,38
Jharkhand,Madhupur,39
Jharkhand,Mahagama,40
Jharkhand,Maheshpur,41
Jharkhand,Mahuatand,42
Jharkhand,Majhiaon,43
Jharkhand,Manatu,44
Jharkhand,Mandar,45
Jharkhand,Mandro,46
Jharkhand,Mandu,47
Jharkhand,Manika,48
Jharkhand,Manjhari,49
Jharkhand,Manjhgaon,50
Jharkhand,Manoharpur,51
Jharkhand,Markacho,52
Jharkhand,Masalia,53
Jharkhand,Meharma,54
Jharkhand,Meral,55
Jharkhand,Mohanpur,56
Jharkhand,Murhu,57
Jharkhand,Musabani,58
Jharkhand,Nagaruntari,59
Jharkhand,Nala,60
Jharkhand,Namkum,61
Jharkhand,Narayanpur,62
Jharkhand,Nawadih,63
Jharkhand,Nimdih,64
Jharkhand,Nirsa,65
Jharkhand,Noamundi,66
Jharkhand,Ormanjhi,67
Jharkhand,Padma,68
Jharkhand,Pakur Sadar,69
Jharkhand,Pakuria,70
Jharkhand,Palajori,71
Jharkhand,Palkot,72
Jharkhand,Panki,73
Jharkhand,Patamda,74
Jharkhand,Patan,75
Jharkhand,Pathal Gadda,76
Jharkhand,Pathargama,77
Jharkhand,Patna,78
Jharkhand,Patratu,79
Jharkhand,Petarwar,80
Jharkhand,Pirtand,81
Jharkhand,Poraihat,82
Jharkhand,Potka,83
Jharkhand,Pratappur,84
Jharkhand,Raidih,85
Jharkhand,Raj Dhanwar,86
Jharkhand,Rajmahal,87
Jharkhand,Rajnagar Govindpur,88
Jharkhand,Ramgarh,89
Jharkhand,Ramkanda,90
Jharkhand,Ramna,91
Jharkhand,Raneshwar,92
Jharkhand,Rania,93
Jharkhand,Ranka,94
Jharkhand,Ratu,95
Jharkhand,Sahebganj Sadar,96
Jharkhand,Saraikela Sadar,97
Jharkhand,Saraiyahaat,98
Jharkhand,Sarath,99
Jharkhand,Sarwan,100
Jharkhand,Satbarwa,1
Jharkhand,Satgawn,2
Jharkhand,Senha,3
Jharkhand,Shikaripara,4
Jharkhand,Silli,5
Jharkhand,Simaria,6
Jharkhand,Simdega Sadar,7
Jharkhand,Sisai,8
Jharkhand,Sonahatu,9
Jharkhand,Sonua,10
Jharkhand,Sunderpahari,11
Jharkhand,Taljhari,12
Jharkhand,Tamar,13
Jharkhand,Tandwa,14
Jharkhand,Tantnagar,15
Jharkhand,Thakurgangti,16
Jharkhand,Thcthaitanger,17
Jharkhand,Tisri,18
Jharkhand,Tonto,19
Jharkhand,Topchanchi,20
Jharkhand,Torpa,21
Jharkhand,Tundi,22
Jharkhand,Udhwa,23
Karnataka,Afzalpur,24
Karnataka,Aland,25
Karnataka,Alur,26
Karnataka,Anekal,27
Karnataka,Ankola,28
Karnataka,Arakalgud,29
Karnataka,Arasikere,30
Karnataka,Athani,31
Karnataka,Aurad,32
Karnataka,Badami,33
Karnataka,Bagalkot,34
Karnataka,Bagepalli,35
Karnataka,Bailahongala,36
Karnataka,Bangalore(E),37
Karnataka,Bangalore(N),38
Karnataka,Bangalore(S),39
Karnataka,Bangarpet,40
Karnataka,Bantwal,41
Karnataka,Basavanabagevadi,42
Karnataka,Basavanakalyan,43
Karnataka,Belgaum,44
Karnataka,Bellary,45
Karnataka,Belthangadi,46
Karnataka,Belur,47
Karnataka,Bhadravathi,48
Karnataka,Bhalki,49
Karnataka,Bhatkal,50
Karnataka,Bidar,51
Karnataka,Bijapur,52
Karnataka,Bilgi,53
Karnataka,Byadgi,54
Karnataka,C.N.Halli,55
Karnataka,Challakere,56
Karnataka,Channapatna,57
Karnataka,Channarayapatna,58
Karnataka,Chennagiri,59
Karnataka,Chickballapur,60
Karnataka,Chickmagalur,61
Karnataka,Chikkodi,62
Karnataka,Chincholi,63
Karnataka,Chinthamani,64
Karnataka,Chitradurga,65
Karnataka,Chittapur,66
Karnataka,CR Nagar,67
Karnataka,Davanagere,68
Karnataka,Deodurga,69
Karnataka,Devanahalli,70
Karnataka,Dharwad,71
Karnataka,Doddaballapur,72
Karnataka,Gadag,73
Karnataka,Gangavathi,74
Karnataka,Gokak,75
Karnataka,Gowribidanur,76
Karnataka,Gubbi,77
Karnataka,Gudibanda,78
Karnataka,Gulbarga,79
Karnataka,Gundlupet,80
Karnataka,Hadagali,81
Karnataka,Hagaribommanahalli,82
Karnataka,Haliyal,83
Karnataka,Hangal,84
Karnataka,Harapanahalli,85
Karnataka,Harihara,86
Karnataka,Hassan,87
Karnataka,Haveri,88
Karnataka,Heggadadevanakote,89
Karnataka,Hirekerur,90
Karnataka,Hiriyur,91
Karnataka,Holalkere,92
Karnataka,Holenarasipur,93
Karnataka,Honnali,94
Karnataka,Honnavara,95
Karnataka,Hosadurga,96
Karnataka,Hosakote,97
Karnataka,Hosanagar,98
Karnataka,Hospet,99
Karnataka,Hubli,100
Karnataka,Hukkeri,1
Karnataka,Humnabad,2
Karnataka,Hungund,3
Karnataka,Hunsur,4
Karnataka,Indi,5
Karnataka,Jagalur,6
Karnataka,Jamakhandi,7
Karnataka,Jewargi,8
Karnataka,Joida/ Supa),9
Karnataka,Kadur,10
Karnataka,Kalghatgi,11
Karnataka,Kanakpur,12
Karnataka,Karkala,13
Karnataka,Karwar,14
Karnataka,Khanapur,15
Karnataka,Kolar,16
Karnataka,Kollegala,17
Karnataka,Koppa,18
Karnataka,Koppal,19
Karnataka,Koratagere,20
Karnataka,Krishnarajanagar,21
Karnataka,Krishnarajapet,22
Karnataka,Kudligi,23
Karnataka,Kumta,24
Karnataka,Kundapura,25
Karnataka,Kundgol,26
Karnataka,Kunigal,27
Karnataka,Kustagi,28
Karnataka,Lingasugur,29
Karnataka,Maddur,30
Karnataka,Madhugiri,31
Karnataka,Madikeri,32
Karnataka,Magadi,33
Karnataka,Malavalli,34
Karnataka,Malur,35
Karnataka,Mandya,36
Karnataka,Mangalore,37
Karnataka,Manvi,38
Karnataka,Molakalmur,39
Karnataka,Muddebihal,40
Karnataka,Mudhol,41
Karnataka,Mudigere,42
Karnataka,Mulbagal,43
Karnataka,Mundagod,44
Karnataka,Mundargi,45
Karnataka,Mysore,46
Karnataka,Nagamangala,47
Karnataka,Nanjangud,48
Karnataka,Narasimharajapura,49
Karnataka,Nargund,50
Karnataka,Navalgund,51
Karnataka,Nelamangala,52
Karnataka,Pandavapura,53
Karnataka,Pavagada,54
Karnataka,Periyapatna,55
Karnataka,Puttur,56
Karnataka,Raibag,57
Karnataka,Raichur,58
Karnataka,Ramadurga,59
Karnataka,Ramanagar,60
Karnataka,Ranibennur,61
Karnataka,Ron,62
Karnataka,Sagar,63
Karnataka,Sakaleshpur,64
Karnataka,Sandoor,65
Karnataka,Savanur,66
Karnataka,Sedam,67
Karnataka,Shahpur,68
Karnataka,Shiggoan,69
Karnataka,Shikaripur,70
Karnataka,Shimoga,71
Karnataka,Shirhatti,72
Karnataka,Shorapur,73
Karnataka,Siddapura,74
Karnataka,Sidlaghatta,75
Karnataka,Sindagi,76
Karnataka,Sindhanur,77
Karnataka,Sira,78
Karnataka,Sirsi,79
Karnataka,Siruguppa,80
Karnataka,Somavarpet,81
Karnataka,Soraba,82
Karnataka,Soundatti,83
Karnataka,Sringeri,84
Karnataka,Srinivasapura,85
Karnataka,Srirangapatna,86
Karnataka,Sulya,87
Karnataka,T.Narasipur,88
Karnataka,Tarikere,89
Karnataka,Thirthahalli,90
Karnataka,Tiptur,91
Karnataka,Tumkur,92
Karnataka,Turuvekere,93
Karnataka,Udupi,94
Karnataka,Virajpet,95
Karnataka,Yadgiri,96
Karnataka,Yelandur,97
Karnataka,Yelburga,98
Karnataka,Yellapura,99
Kerala,Adimaly,100
Kerala,Alathur,1
Kerala,Alengad,2
Kerala,Ambalapuzha,3
Kerala,Anchal,4
Kerala,Ankamaly,5
Kerala,Anthikkad,6
Kerala,Areacode,7
Kerala,Aryad,8
Kerala,Athiyannur,9
Kerala,Attappady,10
Kerala,Azhutha,11
Kerala,Balussery,12
Kerala,Bharanikavu,13
Kerala,Chadayamangalam,14
Kerala,Chalakkudy,15
Kerala,Champakulam,16
Kerala,Chavakkad,17
Kerala,Chavara,18
Kerala,Chelannur,19
Kerala,Chengannur,20
Kerala,Cherpu,21
Kerala,Chirayinkeezh,22
Kerala,Chittumala,23
Kerala,Chittur,24
Kerala,Chowannur,25
Kerala,Devikulam,26
Kerala,Edakkad,27
Kerala,Edappally,28
Kerala,Elanthur,29
Kerala,Elemdesam,30
Kerala,Erattupetta,31
Kerala,Ettumanoor,32
Kerala,Haripad,33
Kerala,Idukki,34
Kerala,Irikkur,35
Kerala,Irinjalakuda,36
Kerala,Iritty,37
Kerala,Ithikkara,38
Kerala,Kaduthuruthy,39
Kerala,Kalikavu,40
Kerala,Kallyassery,41
Kerala,Kalpetta,42
Kerala,Kanhangad,43
Kerala,Kanjikuzhy,44
Kerala,Kanjirappally,45
Kerala,Kannur,46
Kerala,Karadka,47
Kerala,Kasaragod,48
Kerala,Kattappana,49
Kerala,Kilimanoor,50
Kerala,Kodakara,51
Kerala,Koduvally,52
Kerala,Koipuram,53
Kerala,Kollengode,54
Kerala,Kondotty,55
Kerala,Konni,56
Kerala,Koovappady,57
Kerala,Kothamangalam,58
Kerala,Kottarakkara,59
Kerala,Kozhikode,60
Kerala,Kunnamangulam,61
Kerala,Kunnummel,62
Kerala,Kuthuparamba,63
Kerala,Kuttippuram,64
Kerala,Kuzhalmannam,65
Kerala,Lalam,66
Kerala,Madappally,67
Kerala,Mala,68
Kerala,Malampuzha,69
Kerala,Malappuram,70
Kerala,Mallappally,71
Kerala,Mananthavady,72
Kerala,Manjeshwar,73
Kerala,Mankada,74
Kerala,Mannarkkad,75
Kerala,Mathilakam,76
Kerala,Mavelikara,77
Kerala,Melady,78
Kerala,Mukhathala,79
Kerala,Mulanthuruthy,80
Kerala,Mullassery,81
Kerala,Muthukulam,82
Kerala,Muvatupuzha,83
Kerala,Nedumangad,84
Kerala,Nedumkandom,85
Kerala,Nemom,86
Kerala,Nenmara,87
Kerala,Nilambur,88
Kerala,Nileshwar,89
Kerala,Oachira,90
Kerala,Ollukkara,91
Kerala,Ottappalam,92
Kerala,Palakkad,93
Kerala,Pallom,94
Kerala,Palluruthy,95
Kerala,Pampady,96
Kerala,Pampakuda,97
Kerala,Panamaram,98
Kerala,Pandalam,99
Kerala,Panoor,100
Kerala,Panthalayani,1
Kerala,Parakkadavu,2
Kerala,Parakode,3
Kerala,Parappa,4
Kerala,Parassala,5
Kerala,Paravur,6
Kerala,Pathanapuram,7
Kerala,Pattambi,8
Kerala,Pattanakkad,9
Kerala,Payyanur,10
Kerala,Pazhayannur,11
Kerala,Perambra,12
Kerala,Peravoor,13
Kerala,Perinthalmanna,14
Kerala,Perumkadavila,15
Kerala,Perumpadappu,16
Kerala,Ponani,17
Kerala,Pothencode,18
Kerala,Pulikeezh,19
Kerala,Puzhakkal,20
Kerala,Ranny,21
Kerala,S.Battery,22
Kerala,S.K.Puram,23
Kerala,Sasthamkotta,24
Kerala,Taliparamba,25
Kerala,Tanur,26
Kerala,Thalasseri,27
Kerala,Thalikulam,28
Kerala,Thodannur,29
Kerala,Thodupuzha,30
Kerala,Thrithala,31
Kerala,Thycattussery,32
Kerala,Tirur,33
Kerala,Tirurangadi,34
Kerala,Tuneri,35
Kerala,Uzhavoor,36
Kerala,Vadakara,37
Kerala,Vadavucode,38
Kerala,Vaikom,39
Kerala,Vamanapuram,40
Kerala,Varkala,41
Kerala,Vazhakkulam,42
Kerala,Vazhoor,43
Kerala,Veliyanad,44
Kerala,Vellanad,45
Kerala,Vellangallur,46
Kerala,Vengara,47
Kerala,Vettikkavala,48
Kerala,Vypeen,49
Kerala,Wadakkanchery,50
Kerala,Wandoor,51
Ladakh,Barsoo,52
Ladakh,Bhimbat,53
Ladakh,Chuchot,54
Ladakh,Deskit,55
Ladakh,Drass,56
Ladakh,Durbugh,57
Ladakh,Kargil,58
Ladakh,Karsha,59
Ladakh,Khalsti,60
Ladakh,Kharu,61
Ladakh,Leh,62
Ladakh,Lotsum,63
Ladakh,LUNGNAK,64
Ladakh,Nimoo,65
Ladakh,Nyoma,66
Ladakh,Panamic,67
Ladakh,Pashkum,68
Ladakh,Rong,69
Ladakh,Rupsho,70
Ladakh,Sankoo,71
Ladakh,Saspol,72
Ladakh,Shakar Chiktan,73
Ladakh,Shargole,74
Ladakh,Singay Lalok Wanla,75
Ladakh,Skurbuchan,76
Ladakh,Soudh,77
Ladakh,Tai Suru,78
Ladakh,Thiksay,79
Ladakh,TSG,80
Ladakh,Turtuk,81
Ladakh,Zanaskar,82
Madhya Pradesh,Agar,83
Madhya Pradesh,Ajaygarh,84
Madhya Pradesh,Alirajpur,85
Madhya Pradesh,Alot,86
Madhya Pradesh,Amarpatan,87
Madhya Pradesh,Amarpur,88
Madhya Pradesh,Amarwara,89
Madhya Pradesh,Ambah,90
Madhya Pradesh,Amla,91
Madhya Pradesh,Annupur,92
Madhya Pradesh,Aron,93
Madhya Pradesh,Ashok Nagar,94
Madhya Pradesh,Ashta,95
Madhya Pradesh,Ater,96
Madhya Pradesh,Athner,97
Madhya Pradesh,Babai,98
Madhya Pradesh,Babai Chichli,99
Madhya Pradesh,Badamalhara,100
Madhya Pradesh,Badarwas,1
Madhya Pradesh,Badi Breli,2
Madhya Pradesh,Badnagar,3
Madhya Pradesh,Badnawar,4
Madhya Pradesh,Badwara,5
Madhya Pradesh,Bagh,6
Madhya Pradesh,Bagli,7
Madhya Pradesh,Baidhan,8
Madhya Pradesh,Baihar,9
Madhya Pradesh,Bajag,10
Madhya Pradesh,Bajna,11
Madhya Pradesh,Balaghat,12
Madhya Pradesh,Baldeogarh,13
Madhya Pradesh,Baldi,14
Madhya Pradesh,Bamori,15
Madhya Pradesh,Banda,16
Madhya Pradesh,Bankaner,17
Madhya Pradesh,Bankhedi,18
Madhya Pradesh,Barghat,19
Madhya Pradesh,Bargi Jabalpur,20
Madhya Pradesh,Barod,21
Madhya Pradesh,Barwaha,22
Madhya Pradesh,Barwani,23
Madhya Pradesh,Basoda,24
Madhya Pradesh,Batiyagarh,25
Madhya Pradesh,Begamganj,26
Madhya Pradesh,Beohari,27
Madhya Pradesh,Bersiya,28
Madhya Pradesh,Betul,29
Madhya Pradesh,Bhabra,30
Madhya Pradesh,Bhagwanpura,31
Madhya Pradesh,Bhainsdehi,32
Madhya Pradesh,Bhander,33
Madhya Pradesh,Bhanpura,34
Madhya Pradesh,Bhikangaon,35
Madhya Pradesh,Bhimpur,36
Madhya Pradesh,Bhind,37
Madhya Pradesh,Bhitarwar,38
Madhya Pradesh,Biaora,39
Madhya Pradesh,Bichhiya,40
Madhya Pradesh,Bichhua,41
Madhya Pradesh,Bijadandi,42
Madhya Pradesh,Bijawar,43
Madhya Pradesh,Bina,44
Madhya Pradesh,Birsa,45
Madhya Pradesh,Bohriband,46
Madhya Pradesh,Budni,47
Madhya Pradesh,Burhanpur,48
Madhya Pradesh,Burhar,49
Madhya Pradesh,Buxwaha,50
Madhya Pradesh,Chachoda,51
Madhya Pradesh,Chanderi,52
Madhya Pradesh,Chawarpata,53
Madhya Pradesh,Chhapara,54
Madhya Pradesh,Chhatarpur,55
Madhya Pradesh,Chhegon Makhan,56
Madhya Pradesh,Chhindwara,57
Madhya Pradesh,Chicholi,58
Madhya Pradesh,Chitrakut (Majhgawan),59
Madhya Pradesh,Chitrangi,60
Madhya Pradesh,Chourai,61
Madhya Pradesh,Dabra,62
Madhya Pradesh,Dahi,63
Madhya Pradesh,Damoh,64
Madhya Pradesh,Datia,65
Madhya Pradesh,Deori,66
Madhya Pradesh,Deosar,67
Madhya Pradesh,Depalpur,68
Madhya Pradesh,Dewas,69
Madhya Pradesh,Dhanora,70
Madhya Pradesh,Dhar,71
Madhya Pradesh,Dharampuri,72
Madhya Pradesh,Dhimarkhera,73
Madhya Pradesh,Dindori,74
Madhya Pradesh,Gairtganj,75
Madhya Pradesh,Gandhwani,76
Madhya Pradesh,Gangeva,77
Madhya Pradesh,Garoth,78
Madhya Pradesh,Gaurihar,79
Madhya Pradesh,Ghansor,80
Madhya Pradesh,Ghatigaon (Barai),81
Madhya Pradesh,Ghatiya,82
Madhya Pradesh,Ghoda Dongri,83
Madhya Pradesh,Gogawa,84
Madhya Pradesh,Gohad,85
Madhya Pradesh,Gohparu,86
Madhya Pradesh,Gotegaon,87
Madhya Pradesh,Gughari,88
Madhya Pradesh,Guna,89
Madhya Pradesh,Gunnor,90
Madhya Pradesh,Gyaraspur,91
Madhya Pradesh,Hanumana,92
Madhya Pradesh,Harda,93
Madhya Pradesh,Harrai,94
Madhya Pradesh,Harsud,95
Madhya Pradesh,Hatta,96
Madhya Pradesh,Hoshangabad,97
Madhya Pradesh,Ichhawar,98
Madhya Pradesh,Indore,99
Madhya Pradesh,Ishagarh,100
Madhya Pradesh,Jabera,1
Madhya Pradesh,Jaisinagar,2
Madhya Pradesh,Jaisingh Nagar,3
Madhya Pradesh,Jaithari,4
Madhya Pradesh,Jaora,5
Madhya Pradesh,Jatara,6
Madhya Pradesh,Java,7
Madhya Pradesh,Jawad,8
Madhya Pradesh,Jhabua,9
Madhya Pradesh,Jirapur,10
Madhya Pradesh,Jobat,11
Madhya Pradesh,Joura,12
Madhya Pradesh,Junnardeo,13
Madhya Pradesh,Kailaras,14
Madhya Pradesh,Kalapipal,15
Madhya Pradesh,Kannod,16
Madhya Pradesh,Karahal,17
Madhya Pradesh,Karanjia,18
Madhya Pradesh,Kareli,19
Madhya Pradesh,Karera,20
Madhya Pradesh,Kasrawad,21
Madhya Pradesh,Katangi,22
Madhya Pradesh,Katni,23
Madhya Pradesh,Katthiwara,24
Madhya Pradesh,Kesla,25
Madhya Pradesh,Kesli,26
Madhya Pradesh,Kevlari,27
Madhya Pradesh,Khachrod,28
Madhya Pradesh,Khairlanji,29
Madhya Pradesh,Khaknar,30
Madhya Pradesh,Khalwa,31
Madhya Pradesh,Khandwa,32
Madhya Pradesh,Khaniya Dhana,33
Madhya Pradesh,Khargone,34
Madhya Pradesh,Khategaon,35
Madhya Pradesh,Khilchipur,36
Madhya Pradesh,Khirkiya,37
Madhya Pradesh,Khurai,38
Madhya Pradesh,Kirnapur,39
Madhya Pradesh,Kolaras,40
Madhya Pradesh,Kotma,41
Madhya Pradesh,Kukshi,42
Madhya Pradesh,Kundam,43
Madhya Pradesh,Kurai,44
Madhya Pradesh,Kurvai,45
Madhya Pradesh,Kusmi,46
Madhya Pradesh,Lahar,47
Madhya Pradesh,Lakhnadon,48
Madhya Pradesh,Lalbarra,49
Madhya Pradesh,Lanji,50
Madhya Pradesh,Lateri,51
Madhya Pradesh,Laundi,52
Madhya Pradesh,Maheshwar,53
Madhya Pradesh,Mahidpur,54
Madhya Pradesh,Maihar,55
Madhya Pradesh,Majholi,56
Madhya Pradesh,Malhargarh,57
Madhya Pradesh,Malthon,58
Madhya Pradesh,Manasa,59
Madhya Pradesh,Manawar,60
Madhya Pradesh,Mandla,61
Madhya Pradesh,Mandsour,62
Madhya Pradesh,Manpur,63
Madhya Pradesh,Mauganj,64
Madhya Pradesh,Mawai,65
Madhya Pradesh,Meghnagar,66
Madhya Pradesh,Mehandwani,67
Madhya Pradesh,Mehgaon,68
Madhya Pradesh,Mhow,69
Madhya Pradesh,Mihona (Ron),70
Madhya Pradesh,Mohgaon,71
Madhya Pradesh,Mohkhed,72
Madhya Pradesh,Moman Barodiya,73
Madhya Pradesh,Morar,74
Madhya Pradesh,Morena,75
Madhya Pradesh,Multai,76
Madhya Pradesh,Mungawali,77
Madhya Pradesh,Nagod,78
Madhya Pradesh,Naigarhi,79
Madhya Pradesh,Nainpur,80
Madhya Pradesh,Nalchha,81
Madhya Pradesh,Nalkheda,82
Madhya Pradesh,Narayanganj,83
Madhya Pradesh,Narsighgarh,84
Madhya Pradesh,Narsighpur,85
Madhya Pradesh,Narwar,86
Madhya Pradesh,Nasrullaganj,87
Madhya Pradesh,Nateran,88
Madhya Pradesh,Neemuch,89
Madhya Pradesh,Nisarpur,90
Madhya Pradesh,Niwali,91
Madhya Pradesh,Niwari,92
Madhya Pradesh,Niwas,93
Madhya Pradesh,Nowgong,94
Madhya Pradesh,Obedullaganj,95
Madhya Pradesh,Pahadgarh,96
Madhya Pradesh,Palera,97
Madhya Pradesh,Pali Gohparu,98
Madhya Pradesh,Panagar,99
Madhya Pradesh,Pandhana,100
Madhya Pradesh,Pandhurna,1
Madhya Pradesh,Panna,2
Madhya Pradesh,Pansemal,3
Madhya Pradesh,Parasia,4
Madhya Pradesh,Paraswara,5
Madhya Pradesh,Patan,6
Madhya Pradesh,Patera,7
Madhya Pradesh,Patharia,8
Madhya Pradesh,Pati,9
Madhya Pradesh,Pawai,10
Madhya Pradesh,Petlawad,11
Madhya Pradesh,Phanda,12
Madhya Pradesh,Pichhore,13
Madhya Pradesh,Pipariya,14
Madhya Pradesh,Piploda,15
Madhya Pradesh,Pohri,16
Madhya Pradesh,Porsa,17
Madhya Pradesh,Prabhat Pattan,18
Madhya Pradesh,Prithivipur,19
Madhya Pradesh,Punasa,20
Madhya Pradesh,Pushparajgarh,21
Madhya Pradesh,Raghogarh,22
Madhya Pradesh,Rahatgarh,23
Madhya Pradesh,Rahli,24
Madhya Pradesh,Raipur Karchulian,25
Madhya Pradesh,Rajgarh,26
Madhya Pradesh,Rajnagar,27
Madhya Pradesh,Rajpur,28
Madhya Pradesh,Ram Nagar,29
Madhya Pradesh,Rama,30
Madhya Pradesh,Rampur Baghelan,31
Madhya Pradesh,Rampur Naikin,32
Madhya Pradesh,Ranapur,33
Madhya Pradesh,Ratlam,34
Madhya Pradesh,Rewa,35
Madhya Pradesh,Rithi,36
Madhya Pradesh,Sabalgarh,37
Madhya Pradesh,Sagar,38
Madhya Pradesh,Saikhda Gadarwada,39
Madhya Pradesh,Sailana,40
Madhya Pradesh,Sanchi,41
Madhya Pradesh,Sanwer,42
Madhya Pradesh,Sarangpur (Pachor),43
Madhya Pradesh,Sardarpur,44
Madhya Pradesh,Segaon,45
Madhya Pradesh,Sehore,46
Madhya Pradesh,Sendhwa,47
Madhya Pradesh,Seondha,48
Madhya Pradesh,Seoni,49
Madhya Pradesh,Seoni Malwa,50
Madhya Pradesh,Seopurkalan,51
Madhya Pradesh,Shahgarh,52
Madhya Pradesh,Shahnagar,53
Madhya Pradesh,Shahpur,54
Madhya Pradesh,Shahpura,55
Madhya Pradesh,Shahpura Bhitoni,56
Madhya Pradesh,Shajapur,57
Madhya Pradesh,Shivpuri,58
Madhya Pradesh,Shujalpur,59
Madhya Pradesh,Sidhi (Gopad Banas ),60
Madhya Pradesh,Sihawal,61
Madhya Pradesh,Sihora,62
Madhya Pradesh,Silwani,63
Madhya Pradesh,Sirmour,64
Madhya Pradesh,Sironj,65
Madhya Pradesh,Sitamau,66
Madhya Pradesh,Smanapur,67
Madhya Pradesh,Sohagpur,68
Madhya Pradesh,Sohawal (Satna),69
Madhya Pradesh,Sondwa,70
Madhya Pradesh,Sonkachh,71
Madhya Pradesh,Sousar,72
Madhya Pradesh,Susner,73
Madhya Pradesh,Tamiya,74
Madhya Pradesh,Tarana,75
Madhya Pradesh,Tendukheda,76
Madhya Pradesh,Teonthar,77
Madhya Pradesh,Thandla,78
Madhya Pradesh,Thikri,79
Madhya Pradesh,Tikamgarh,80
Madhya Pradesh,Timarni,81
Madhya Pradesh,Tirla,82
Madhya Pradesh,Tonk Khurd,83
Madhya Pradesh,Uchehra,84
Madhya Pradesh,Udaigarh,85
Madhya Pradesh,Udaipura,86
Madhya Pradesh,Ujjain,87
Madhya Pradesh,Umaria Karkeli,88
Madhya Pradesh,Vidisha,89
Madhya Pradesh,Vijaypur,90
Madhya Pradesh,Vijayraghogarh,91
Madhya Pradesh,Waraseoni,92
Madhya Pradesh,Zirniya,93
Maharashtra,Achalpur,94
Maharashtra,Aheri,95
Maharashtra,Ahmadpur,96
Maharashtra,Ajara,97
Maharashtra,Akkalkot,98
Maharashtra,Akkalkuwa,99
Maharashtra,Akola,100
Maharashtra,Akole,1
Maharashtra,Akot,2
Maharashtra,Akrani,3
Maharashtra,Alibag,4
Maharashtra,Amalner,5
Maharashtra,Ambad,6
Maharashtra,Ambarnath,7
Maharashtra,Ambegaon,8
Maharashtra,Ambejogai,9
Maharashtra,Amgaon,10
Maharashtra,Amrawati,11
Maharashtra,Anjangaon,12
Maharashtra,Ardhapur,13
Maharashtra,Arjuni/ Morgaon,14
Maharashtra,Armori,15
Maharashtra,Arni,16
Maharashtra,Arvi,17
Maharashtra,Ashti,18
Maharashtra,Atpadi,19
Maharashtra,Aundha Nagn,20
Maharashtra,Aurangabad,21
Maharashtra,Ausa,22
Maharashtra,Babulgaon,23
Maharashtra,Badnapur,24
Maharashtra,Baglan,25
Maharashtra,Balapur,26
Maharashtra,Ballarpur,27
Maharashtra,Baramati,28
Maharashtra,Barshi,29
Maharashtra,Barshitakli,30
Maharashtra,Basmath,31
Maharashtra,Beed,32
Maharashtra,Bhadgaon,33
Maharashtra,Bhadravati,34
Maharashtra,Bhamragad,35
Maharashtra,Bhandara.,36
Maharashtra,Bhatkuli,37
Maharashtra,Bhiwandi,38
Maharashtra,Bhiwapur,39
Maharashtra,Bhokar,40
Maharashtra,Bhokardan,41
Maharashtra,Bhoom,42
Maharashtra,Bhor,43
Maharashtra,Bhudargad,44
Maharashtra,Bhusawal,45
Maharashtra,Biloli,46
Maharashtra,Bodhwad,47
Maharashtra,Brahmapuri,48
Maharashtra,Buldhana,49
Maharashtra,Chakur,50
Maharashtra,Chalisgaon,51
Maharashtra,Chamorshi,52
Maharashtra,Chandagad,53
Maharashtra,Chandrapur,54
Maharashtra,Chandur Bazar,55
Maharashtra,Chandur Railway,56
Maharashtra,Chandwad,57
Maharashtra,Chikhaldara,58
Maharashtra,Chikhali,59
Maharashtra,Chimur,60
Maharashtra,Chiplun,61
Maharashtra,Chopda,62
Maharashtra,Dahanu,63
Maharashtra,Dapoli,64
Maharashtra,Darwha,65
Maharashtra,Daryapur,66
Maharashtra,Deglur,67
Maharashtra,Deola,68
Maharashtra,Deoli,69
Maharashtra,Deoni,70
Maharashtra,Deori,71
Maharashtra,Deulgaon Raja,72
Maharashtra,Devgad,73
Maharashtra,Dhamangaon Railway,74
Maharashtra,Dhanora,75
Maharashtra,Dharangaon,76
Maharashtra,Dharmabad,77
Maharashtra,Dharni,78
Maharashtra,Dharur,79
Maharashtra,Dhule,80
Maharashtra,Digras,81
Maharashtra,Dindori,82
Maharashtra,Dodamarg,83
Maharashtra,Dound,84
Maharashtra,Erandol,85
Maharashtra,Etapalli,86
Maharashtra,Gadchiroli,87
Maharashtra,Gadhinglaj,88
Maharashtra,Gaganbavada,89
Maharashtra,Gangakhed,90
Maharashtra,Gangapur,91
Maharashtra,Georai,92
Maharashtra,Ghanswangi,93
Maharashtra,Ghatanji,94
Maharashtra,Gondia,95
Maharashtra,Gondpipri,96
Maharashtra,Goregaon,97
Maharashtra,Guhagar,98
Maharashtra,Hadgaon,99
Maharashtra,Hatkanangle,100
Maharashtra,Haveli,1
Maharashtra,Himayatnagar,2
Maharashtra,Hinganghat,3
Maharashtra,Hingna,4
Maharashtra,Hingoli,5
Maharashtra,Igatpuri,6
Maharashtra,Indapur,7
Maharashtra,Jafrabad,8
Maharashtra,Jalgaon,9
Maharashtra,Jalgaon Jamod,10
Maharashtra,Jalkot,11
Maharashtra,Jalna,12
Maharashtra,Jamkhed,13
Maharashtra,Jamner,14
Maharashtra,Jaoli,15
Maharashtra,Jath,16
Maharashtra,Jawhar,17
Maharashtra,Jintur,18
Maharashtra,Jiwati,19
Maharashtra,Junnar,20
Maharashtra,Kadegaon,21
Maharashtra,Kagal,22
Maharashtra,Kaij,23
Maharashtra,Kalamb,24
Maharashtra,Kalamnuri,25
Maharashtra,Kallam,26
Maharashtra,Kalmeshwar,27
Maharashtra,Kalwan,28
Maharashtra,Kalyan,29
Maharashtra,Kamptee,30
Maharashtra,Kandhar,31
Maharashtra,Kankavli,32
Maharashtra,Kannad,33
Maharashtra,Karad,34
Maharashtra,Karanja,35
Maharashtra,Karjat,36
Maharashtra,Karmala,37
Maharashtra,Karveer,38
Maharashtra,Katol,39
Maharashtra,Kavathemahankal,40
Maharashtra,Kelapur,41
Maharashtra,Khalapur,42
Maharashtra,Khamgaon,43
Maharashtra,Khanapur,44
Maharashtra,Khandala,45
Maharashtra,Khatav,46
Maharashtra,Khed,47
Maharashtra,Khuldabad,48
Maharashtra,Kinwat,49
Maharashtra,Kopargaon,50
Maharashtra,Korchi,51
Maharashtra,Koregaon,52
Maharashtra,Korpana,53
Maharashtra,Kudal,54
Maharashtra,Kuhi,55
Maharashtra,Kurkheda,56
Maharashtra,Lakhandur,57
Maharashtra,Lakhani,58
Maharashtra,Lanja,59
Maharashtra,Latur,60
Maharashtra,Loha,61
Maharashtra,Lohara,62
Maharashtra,Lonar,63
Maharashtra,Madha,64
Maharashtra,Mahableshwar,65
Maharashtra,Mahad,66
Maharashtra,Mahagaon,67
Maharashtra,Mahur,68
Maharashtra,Majalgaon,69
Maharashtra,Malegaon,70
Maharashtra,Malkapur,71
Maharashtra,Malshiras,72
Maharashtra,Malvan,73
Maharashtra,Man,74
Maharashtra,Mandangad,75
Maharashtra,Mangalwedha,76
Maharashtra,Mangaon,77
Maharashtra,Mangrulpir,78
Maharashtra,Mantha,79
Maharashtra,Manwath,80
Maharashtra,Maregaon,81
Maharashtra,Maval,82
Maharashtra,Mehkar,83
Maharashtra,Mhasala,84
Maharashtra,Miraj,85
Maharashtra,Mohadi,86
Maharashtra,Mohol,87
Maharashtra,Mokhada,88
Maharashtra,Monora,89
Maharashtra,Morshi,90
Maharashtra,Motala,91
Maharashtra,Mouda,92
Maharashtra,Mudkhed,93
Maharashtra,Mukhed,94
Maharashtra,Muktainagar,95
Maharashtra,Mul,96
Maharashtra,Mulchera,97
Maharashtra,Mulshi,98
Maharashtra,Murbad,99
Maharashtra,Murtizapur,100
Maharashtra,Murud,1
Maharashtra,Nagar,2
Maharashtra,Nagbhid,3
Maharashtra,Nagpur,4
Maharashtra,Naigaon,5
Maharashtra,Nanded,6
Maharashtra,Nandgaon,7
Maharashtra,Nandgaon Khandeshwar,8
Maharashtra,Nandura,9
Maharashtra,Nandurbar,10
Maharashtra,Narkhed,11
Maharashtra,Nashik,12
Maharashtra,Nawapur,13
Maharashtra,Ner,14
Maharashtra,Newasa,15
Maharashtra,Nilanga,16
Maharashtra,Niphad,17
Maharashtra,North Solapur,18
Maharashtra,Omerga,19
Maharashtra,Osmanabad,20
Maharashtra,Pachora,21
Maharashtra,Paithan,22
Maharashtra,Palam,23
Maharashtra,Palghar,24
Maharashtra,Palus,25
Maharashtra,Pandharpur,26
Maharashtra,Panhala,27
Maharashtra,Panvel,28
Maharashtra,Paranda,29
Maharashtra,Parbhani,30
Maharashtra,Parli,31
Maharashtra,Parner,32
Maharashtra,Parola,33
Maharashtra,Parseoni,34
Maharashtra,Partur,35
Maharashtra,Patan,36
Maharashtra,Pathardi,37
Maharashtra,Pathri,38
Maharashtra,Patoda,39
Maharashtra,Patur,40
Maharashtra,Pauni,41
Maharashtra,Pen,42
Maharashtra,Peth,43
Maharashtra,Phaltan,44
Maharashtra,Phulambri,45
Maharashtra,Poladpur,46
Maharashtra,Pomburna,47
Maharashtra,Purandhar,48
Maharashtra,Purna,49
Maharashtra,Pusad,50
Maharashtra,Radhanagri,51
Maharashtra,Rahata,52
Maharashtra,Rahuri,53
Maharashtra,Rajapur,54
Maharashtra,Rajura,55
Maharashtra,Ramtek,56
Maharashtra,Ratnagiri,57
Maharashtra,Raver,58
Maharashtra,Relagaon,59
Maharashtra,Renapur,60
Maharashtra,Rishod,61
Maharashtra,Roha,62
Maharashtra,Sadak/ Arjuni,63
Maharashtra,Sailu,64
Maharashtra,Sakoli,65
Maharashtra,Sakri,66
Maharashtra,Salekasa,67
Maharashtra,Samudrapur,68
Maharashtra,Sangameshwar,69
Maharashtra,Sangamner,70
Maharashtra,Sangola,71
Maharashtra,Sangrampur,72
Maharashtra,Saoner,73
Maharashtra,Satara,74
Maharashtra,Savantwadi,75
Maharashtra,Sawali,76
Maharashtra,Seloo,77
Maharashtra,Sengaon,78
Maharashtra,Shahada,79
Maharashtra,Shahapur,80
Maharashtra,Shahuwadi,81
Maharashtra,Shegaon,82
Maharashtra,Shevgaon,83
Maharashtra,Shindewahi,84
Maharashtra,Shindkheda,85
Maharashtra,Shirala,86
Maharashtra,Shirol,87
Maharashtra,Shirpur,88
Maharashtra,Shirur,89
Maharashtra,Shirur (Kasar),90
Maharashtra,Shirur Anantpal,91
Maharashtra,Shrigonda,92
Maharashtra,Shrirampur,93
Maharashtra,Shriwardhan,94
Maharashtra,Sillod,95
Maharashtra,Sindhkhed Raja,96
Maharashtra,Sinner,97
Maharashtra,Sironcha,98
Maharashtra,Sonpeth,99
Maharashtra,South Solapur,100
Maharashtra,Soyagaon,1
Maharashtra,Sudhagad,2
Maharashtra,Surgana,3
Maharashtra,Tala,4
Maharashtra,Talasari,5
Maharashtra,Taloda,6
Maharashtra,Tasgaon,7
Maharashtra,Telhara,8
Maharashtra,Teosa,9
Maharashtra,Thane,10
Maharashtra,Tirora,11
Maharashtra,Trimbkeshwar,12
Maharashtra,Tuljapur,13
Maharashtra,Tumsar,14
Maharashtra,Udgir,15
Maharashtra,Umarkhed,16
Maharashtra,Umred,17
Maharashtra,Umri,18
Maharashtra,Uran,19
Maharashtra,Vaibhavwadi,20
Maharashtra,Vaijapur,21
Maharashtra,Vasai,22
Maharashtra,Velha,23
Maharashtra,Vengurla,24
Maharashtra,Vikramgad,25
Maharashtra,Wada,26
Maharashtra,Wadsa,27
Maharashtra,Wadwani,28
Maharashtra,Wai,29
Maharashtra,Walwa,30
Maharashtra,Wani,31
Maharashtra,Wardha,32
Maharashtra,Warora,33
Maharashtra,Warud,34
Maharashtra,Washi,35
Maharashtra,Washim,36
Maharashtra,Yawal,37
Maharashtra,Yeola,38
Maharashtra,Yeotmal,39
Maharashtra,Zarijamni,40
Manipur,Bishnupur C.D. Block,41
Manipur,Chakpikarong T.D.Block,42
Manipur,Chandel T.D.Block,43
Manipur,Chingai T.D.Block,44
Manipur,Churachandpur T.D.Block,45
Manipur,Henglep T.D.Block,46
Manipur,Imphal East _II C.D.Block,47
Manipur,Imphal East-I C.D.Block,48
Manipur,Imphal West-I C.D.Block,49
Manipur,Imphal West-II C.D.Block,50
Manipur,Jiribam C.D.Block,51
Manipur,Kakching C.D.Block,52
Manipur,Kamjong T.D.Block,53
Manipur,Kangpokpi T.D.Block,54
Manipur,Kasom Khullen T.D.Block,55
Manipur,Machi T.D.Block,56
Manipur,Mao Maram T.D. Block,57
Manipur,Moirang C.D.Block,58
Manipur,Nungba T.D.Block,59
Manipur,Paomata T.D.Block,60
Manipur,Parbung T.D.Block,61
Manipur,Phungyar T.D.Block,62
Manipur,Purul T.D.Block,63
Manipur,Saikul T.D.Block,64
Manipur,Saitu Gamphazol T.D.Block,65
Manipur,Samulamlan T.D.Block,66
Manipur,Singhat T.D.Block,67
Manipur,Tamei T.D.Block,68
Manipur,Tamenglong T.D.Block,69
Manipur,Tengnoupal T.D.Block,70
Manipur,Thanlon T.D.Block,71
Manipur,Thoubal C.D.Block,72
Manipur,Tousem T.D.Block,73
Manipur,Ukhrul T.D.Block,74
Meghalaya,Amlarem,75
Meghalaya,Baghmara,76
Meghalaya,Betasing,77
Meghalaya,Chokpot,78
Meghalaya,Dadenggre,79
Meghalaya,Dalu,80
Meghalaya,Dambo Rongjeng,81
Meghalaya,Gambegre,82
Meghalaya,Gasuapara,83
Meghalaya,Jirang,84
Meghalaya,Kharkutta,85
Meghalaya,Khliehriat,86
Meghalaya,Laitkroh-Khadar Shnong,87
Meghalaya,Laskein,88
Meghalaya,Mairang,89
Meghalaya,Mawkynrew,90
Meghalaya,Mawkyrwat,91
Meghalaya,Mawphlang,92
Meghalaya,Mawryngkneng,93
Meghalaya,Mawshynrut,94
Meghalaya,Mawsynram,95
Meghalaya,Mawthadraishan,96
Meghalaya,Mylliem,97
Meghalaya,Nongstoin,98
Meghalaya,Pynursla,99
Meghalaya,Ranikor,100
Meghalaya,Resubelpara,1
Meghalaya,Rongara,2
Meghalaya,Rongram,3
Meghalaya,Saipung,4
Meghalaya,Samanda,5
Meghalaya,Selsella,6
Meghalaya,Shella Bholaganj,7
Meghalaya,Songsak,8
Meghalaya,Thadlaskein,9
Meghalaya,Tikrikilla,10
Meghalaya,Umling,11
Meghalaya,Umsning,12
Meghalaya,Zikzak,13
Mizoram,Aibawk,14
Mizoram,Bunghmun,15
Mizoram,Chawngte,16
Mizoram,Darlawn,17
Mizoram,E.Lungdar,18
Mizoram,Hnahthial,19
Mizoram,Khawbung,20
Mizoram,Khawzawl,21
Mizoram,Lawngtlai,22
Mizoram,Lunglei,23
Mizoram,Lungsen,24
Mizoram,Ngopa,25
Mizoram,Phullen,26
Mizoram,Reiek,27
Mizoram,Sangau,28
Mizoram,Serchhip,29
Mizoram,Thingdawl,30
Mizoram,Thingsulthliah,31
Mizoram,Tlangnuam,32
Mizoram,Tuipang,33
Mizoram,W.Phaileng,34
Mizoram,Zawlnuam,35
Nagaland,Akuluto,36
Nagaland,Bhandari,37
Nagaland,Changtongya,38
Nagaland,Chare,39
Nagaland,Chen,40
Nagaland,Chessore,41
Nagaland,Chiephopozou,42
Nagaland,Chukidong,43
Nagaland,Dhansaripar,44
Nagaland,Ghathashi,45
Nagaland,Jakhama,46
Nagaland,Jalukie,47
Nagaland,Kikruma,48
Nagaland,Kiphire,49
Nagaland,Kobulong,50
Nagaland,Kohima,51
Nagaland,Kuhoboto,52
Nagaland,Longchem,53
Nagaland,Longkhim,54
Nagaland,Longleng,55
Nagaland,Mangkolemba,56
Nagaland,Medziphema,57
Nagaland,Meluri,58
Nagaland,Mon,59
Nagaland,Niuland,60
Nagaland,Noklak,61
Nagaland,Noksen,62
Nagaland,Ongpangkong (N),63
Nagaland,Ongpangkong (S),64
Nagaland,Peren,65
Nagaland,Pfutsero,66
Nagaland,Phek,67
Nagaland,Phomching,68
Nagaland,Pungro,69
Nagaland,Sangsangnyu,70
Nagaland,Sanis,71
Nagaland,Satakha,72
Nagaland,Sekruzu,73
Nagaland,Shamator,74
Nagaland,Sitimi,75
Nagaland,Suruhuto,76
Nagaland,Tamlu,77
Nagaland,Tening,78
Nagaland,Thonknyu,79
Nagaland,Tizit,80
Nagaland,Tobu,81
Nagaland,Tokiye,82
Nagaland,Tsemenyu,83
Nagaland,Wakching,84
Nagaland,Wokha,85
Nagaland,Wozhuro/Ralang,86
Nagaland,Zunheboto,87
Odisha,Agalpur,88
Odisha,Ambabhona,89
Odisha,Anandapur,90
Odisha,Angul,91
Odisha,Aska,92
Odisha,Astaranga,93
Odisha,Athagarh,94
Odisha,Athamallik,95
Odisha,Attabira,96
Odisha,Aul (Ali),97
Odisha,Badachana,98
Odisha,Badasahi,99
Odisha,Bahalda,100
Odisha,Bahanaga,1
Odisha,Balasore,2
Odisha,Balianta,3
Odisha,Baliapal,4
Odisha,Balikuda,5
Odisha,Balipatna,6
Odisha,Balisankara,7
Odisha,Balliguda,8
Odisha,Bamra,9
Odisha,Banapur,10
Odisha,Banarpal,11
Odisha,Bandhugaon,12
Odisha,Bangiriposi,13
Odisha,Bangomunda,14
Odisha,Banki,15
Odisha,Banki-Dampada,16
Odisha,Bansapal,17
Odisha,Baramba,18
Odisha,Baranga,19
Odisha,Bargaon,20
Odisha,Bargarh,21
Odisha,Bari,22
Odisha,Baripada,23
Odisha,Barkote,24
Odisha,Barpali,25
Odisha,Basta,26
Odisha,Basudevpur,27
Odisha,Begunia,28
Odisha,Beguniapada,29
Odisha,Belguntha,30
Odisha,Belpara,31
Odisha,Betnati,32
Odisha,Bhadrak,33
Odisha,Bhandaripokhari,34
Odisha,Bhanjanagar,35
Odisha,Bhapur,36
Odisha,Bhatli,37
Odisha,Bhawanipatna,38
Odisha,Bheden,39
Odisha,Bhogarai,40
Odisha,Bhuban,41
Odisha,Bhubaneswar,42
Odisha,Bijatola,43
Odisha,Bijepur,44
Odisha,Binika,45
Odisha,Binjharpur,46
Odisha,Biridi,47
Odisha,Birmaharajpur,48
Odisha,Bisoi,49
Odisha,Bisra,50
Odisha,Bissam Cuttack,51
Odisha,Boden,52
Odisha,Boipariguda,53
Odisha,Bolagarh,54
Odisha,Bolangir,55
Odisha,Bonaigarh,56
Odisha,Bonth,57
Odisha,Boriguma,58
Odisha,Boudh,59
Odisha,Brahmagiri,60
Odisha,Buguda,61
Odisha,Chakapad,62
Odisha,Champua,63
Odisha,Chandahandi,64
Odisha,Chandbali,65
Odisha,Chandrapur,66
Odisha,Chendipada,67
Odisha,Chhatrapur,68
Odisha,Chikiti,69
Odisha,Chilika,70
Odisha,Cuttack,71
Odisha,Dabugam,72
Odisha,Danagadi,73
Odisha,Daringbadi,74
Odisha,Dasmanthpur,75
Odisha,Daspalla,76
Odisha,Dasrathpur,77
Odisha,Delanga,78
Odisha,Deogaon,79
Odisha,Derabis,80
Odisha,Dhamnagar,81
Odisha,Dhankauda,82
Odisha,Dharakote,83
Odisha,Dharmagarh,84
Odisha,Dharmasala,85
Odisha,Dhenkanal,86
Odisha,Digapahandi,87
Odisha,Dunguripali,88
Odisha,Erasama,89
Odisha,G.Udayagiri,90
Odisha,Gaisilet,91
Odisha,Gania,92
Odisha,Ganjam,93
Odisha,Garadpur,94
Odisha,Ghasipura,95
Odisha,Ghatgaon,96
Odisha,Golamunda,97
Odisha,Gondia,98
Odisha,Gop,99
Odisha,Gopabandhunagar,100
Odisha,Gudari,1
Odisha,Gudvella,2
Odisha,Gumma,3
Odisha,Gunupur,4
Odisha,Gurundia,5
Odisha,Harbhanga,6
Odisha,Harichandanpur,7
Odisha,Hatadihi,8
Odisha,Hemgiri,9
Odisha,Hindol,10
Odisha,Hingilicut,11
Odisha,Jaganathprasad,12
Odisha,Jagatsinghpur,13
Odisha,Jaipatna,14
Odisha,Jajpur,15
Odisha,Jaleswar,16
Odisha,Jamada,17
Odisha,Jamankira,18
Odisha,Jashipur,19
Odisha,Jatni,20
Odisha,Jeypore,21
Odisha,Jharbandh,22
Odisha,Jharigam,23
Odisha,Jharsuguda,24
Odisha,Jhumpura,25
Odisha,Joda,26
Odisha,Jujumura,27
Odisha,Junagarh,28
Odisha,K.Nuagaon,29
Odisha,Kabisuryanagar,30
Odisha,Kakatpur,31
Odisha,Kalampur,32
Odisha,Kalimela,33
Odisha,Kalyansinghpur,34
Odisha,Kamakhyanagar,35
Odisha,Kanas,36
Odisha,Kaniha,37
Odisha,Kankadahad,38
Odisha,Kantamal,39
Odisha,Kantapara,40
Odisha,Kaptipada,41
Odisha,Karanjia,42
Odisha,Karlamunda,43
Odisha,Kashipur,44
Odisha,Kasinagar,45
Odisha,Kendrapara,46
Odisha,Keonjhar,47
Odisha,Kesinga,48
Odisha,Khaira,49
Odisha,Khairput,50
Odisha,Khajuripada,51
Odisha,Khallikote,52
Odisha,Khandapara,53
Odisha,Khaprakhol,54
Odisha,Khariar,55
Odisha,Khunta,56
Odisha,Khurda,57
Odisha,Kirimira,58
Odisha,Kishorenagar,59
Odisha,Koira,60
Odisha,Koksara,61
Odisha,Kolabira,62
Odisha,Kolnara,63
Odisha,Komna,64
Odisha,Koraput,65
Odisha,Korei,66
Odisha,Korukunda,67
Odisha,Kosagumuda,68
Odisha,Kotgarh,69
Odisha,Kotpad,70
Odisha,Krushnaprasad,71
Odisha,Kuanramunda,72
Odisha,Kuchinda,73
Odisha,Kudumuluguma,74
Odisha,Kujanga,75
Odisha,Kukudakhandi,76
Odisha,Kuliana,77
Odisha,Kundra,78
Odisha,Kusumi,79
Odisha,Kutra,80
Odisha,Lahunipara,81
Odisha,Laikera,82
Odisha,Lakhanpur,83
Odisha,Lamtaput,84
Odisha,Lanjigarh,85
Odisha,Lathikata,86
Odisha,Laxmipur,87
Odisha,Lefripada,88
Odisha,Loisinga,89
Odisha,M.Rampur,90
Odisha,Mahakalapara,91
Odisha,Mahanga,92
Odisha,Malkangiri,93
Odisha,Maneswar,94
Odisha,Marshaghai,95
Odisha,Mathili,96
Odisha,Mohana,97
Odisha,Morada,98
Odisha,Muniguda,99
Odisha,Muribahal,100
Odisha,Naktideul,1
Odisha,Nandahandi,2
Odisha,Nandapur,3
Odisha,Narayanpatna,4
Odisha,Narla,5
Odisha,Narsinghpur,6
Odisha,Nayagarh,7
Odisha,Niali,8
Odisha,Nilagiri,9
Odisha,Nimapada,10
Odisha,Nischintakoili,11
Odisha,Nowrangpur,12
Odisha,Nuagada,13
Odisha,Nuagaon,14
Odisha,Nuapara,15
Odisha,Odagaon,16
Odisha,Odapada,17
Odisha,Oupada,18
Odisha,Padampur,19
Odisha,Padmapur,20
Odisha,Paikmal,21
Odisha,Pallahara,22
Odisha,Papadahandi,23
Odisha,Parajang,24
Odisha,Paralakhemundi,25
Odisha,Patna,26
Odisha,Patnagarh,27
Odisha,Patrapur,28
Odisha,Pattamundai,29
Odisha,Phiringia,30
Odisha,Phulbani,31
Odisha,Pipili,32
Odisha,Podia,33
Odisha,Polasara,34
Odisha,Pottangi,35
Odisha,Puintala,36
Odisha,Puri,37
Odisha,Purusottampur,38
Odisha,R Udayagiri,39
Odisha,Raghunathpur,40
Odisha,Raighar,41
Odisha,Raikia,42
Odisha,Rairakhole,43
Odisha,Rairanghpur,44
Odisha,Rajgangpur,45
Odisha,Rajkanika,46
Odisha,Rajnagar,47
Odisha,Ramanguda,48
Odisha,Ranpur,49
Odisha,Raruan,50
Odisha,Rasgovindpur,51
Odisha,Rasulpur,52
Odisha,Rayagada,53
Odisha,Reamal,54
Odisha,Remuna,55
Odisha,Rengailunda,56
Odisha,Rengali,57
Odisha,Saharpada,58
Odisha,Saintala,59
Odisha,Salipur,60
Odisha,Samakhunta,61
Odisha,Sanakhemundi,62
Odisha,Saraskana,63
Odisha,Semiliguda,64
Odisha,Seragada,65
Odisha,Simulia,66
Odisha,Sinpalli,67
Odisha,Sohella,68
Odisha,Sonepur,69
Odisha,Sorada,70
Odisha,Soro,71
Odisha,Styabadi,72
Odisha,Subdega,73
Odisha,Sukinda,74
Odisha,Sukruli,75
Odisha,Suliapada,76
Odisha,Sundargarh,77
Odisha,Talcher,78
Odisha,Tangarpali,79
Odisha,Tangi,80
Odisha,Tangi Choudwar,81
Odisha,Tarava,82
Odisha,Telkoi,83
Odisha,Tentulikhunti,84
Odisha,Th.Rampur,85
Odisha,Thakurmunda,86
Odisha,Tigiria,87
Odisha,Tihidi,88
Odisha,Tikabali,89
Odisha,Tileibani,90
Odisha,Tiringi,91
Odisha,Tirtol,92
Odisha,Titilagarh,93
Odisha,Tumudibandh,94
Odisha,Tureikela,95
Odisha,Udala,96
Odisha,Ulunda,97
Odisha,Umerkote,98
Punjab,Abohar,99
Punjab,Adampur,100
Punjab,Ajnala,1
Punjab,Amloh,2
Punjab,Anandpur Sahib,3
Punjab,Andana,4
Punjab,Atari,5
Punjab,Aur,6
Punjab,Baghapurana,7
Punjab,Balachaur,8
Punjab,Bamial,9
Punjab,Banga,10
Punjab,Barnala,11
Punjab,Bassi Pathana,12
Punjab,Batala,13
Punjab,Bathinda,14
Punjab,Bhagta,15
Punjab,Bhikhi,16
Punjab,Bhikhiwind,17
Punjab,Bhogpur,18
Punjab,Bhunerheri,19
Punjab,Bhunga,20
Punjab,Budhlada,21
Punjab,Chamkaur Sahib,22
Punjab,Chogawan,23
Punjab,Chohla Sahib,24
Punjab,Dasuya,25
Punjab,Dehlon,26
Punjab,Dera Baba Nanak,27
Punjab,Dera Bassi,28
Punjab,Dhar Kalan,29
Punjab,Dhariwal,30
Punjab,Dhilwan,31
Punjab,Dhuri,32
Punjab,Dinanagar,33
Punjab,Doraha,34
Punjab,Dorangla,35
Punjab,Faridkot,36
Punjab,Fatehgarh Churian,37
Punjab,Fazilka,38
Punjab,Ferozepur,39
Punjab,Gandiwind,40
Punjab,Garhshankar,41
Punjab,Ghall Khurd,42
Punjab,Ghanour,43
Punjab,Gurdaspur,44
Punjab,Guruharsahai,45
Punjab,Hajipur,46
Punjab,Harsha Chhina,47
Punjab,Hoshiarpur-1,48
Punjab,Hoshiarpur-2,49
Punjab,Jagraon,50
Punjab,Jalalabad,51
Punjab,Jalandhar East,52
Punjab,Jandiala,53
Punjab,Jhunir,54
Punjab,Kahnuwan,55
Punjab,Kalanour,56
Punjab,Kapurthala,57
Punjab,Khadoor Sahib,58
Punjab,Khamano,59
Punjab,Khanna,60
Punjab,Kharar,61
Punjab,Khera,62
Punjab,Khuian Sarwar,63
Punjab,Kot  Bhai At Gidderbaha,64
Punjab,Kot  Ise Khan,65
Punjab,Kotkapura,66
Punjab,Lambi,67
Punjab,Lehragaga,68
Punjab,Lohian,69
Punjab,Ludhiana I,70
Punjab,Ludhiana II,71
Punjab,Machhiwara,72
Punjab,Mahilpur,73
Punjab,Majitha,74
Punjab,Majri,75
Punjab,Makhu,76
Punjab,Malerkotla-I,77
Punjab,Malerkotla-II,78
Punjab,Maloudh,79
Punjab,Malout,80
Punjab,Mamdot,81
Punjab,Mansa,82
Punjab,Maur,83
Punjab,Mehal Kalan,84
Punjab,Moga  I,85
Punjab,Moga II,86
Punjab,Morinda,87
Punjab,Mukerian,88
Punjab,Muktsar,89
Punjab,Nabha,90
Punjab,Nadala,91
Punjab,Nakodar,92
Punjab,Narot Jaimal Singh,93
Punjab,Nathana,94
Punjab,Naushera Pannuan,95
Punjab,Nawanshahr,96
Punjab,Nihal singh wala,97
Punjab,Nurmehal,98
Punjab,Nurpur Bedi,99
Punjab,Pakhowal,100
Punjab,Pathankot,1
Punjab,Patiala,2
Punjab,Patran,3
Punjab,Patti,4
Punjab,Phagwara,5
Punjab,Phillaur,6
Punjab,Phul,7
Punjab,Qadian,8
Punjab,Railkot,9
Punjab,Rajpura,10
Punjab,Rampura,11
Punjab,Rayya,12
Punjab,Roopnagar,13
Punjab,Rurka,14
Punjab,Samana,15
Punjab,Samrala,16
Punjab,Sangat,17
Punjab,Sangrur,18
Punjab,Sanour,19
Punjab,Sardulgarh,20
Punjab,Saroya,21
Punjab,Sehna,22
Punjab,Shahkot,23
Punjab,Sherpur,24
Punjab,Shri Har Gobindpur,25
Punjab,Sidhwan Bet,26
Punjab,Sirhind,27
Punjab,Sudhar,28
Punjab,Sujanpur,29
Punjab,Sultanpur,30
Punjab,Sunam,31
Punjab,Talwandi Sabo,32
Punjab,Talwara,33
Punjab,Tanda,34
Punjab,Tarsika,35
Punjab,Valtoha,36
Punjab,Verka,37
Punjab,Zira,38
Rajasthan,Abu Road,39
Rajasthan,Ahore,40
Rajasthan,Alsisar,41
Rajasthan,Amber,42
Rajasthan,Amet,43
Rajasthan,Anandpuri,44
Rajasthan,Anta,45
Rajasthan,Anupgarh,46
Rajasthan,Arain,47
Rajasthan,Arnod,48
Rajasthan,Asind,49
Rajasthan,Aspur,50
Rajasthan,Atru,51
Rajasthan,Bagidora,52
Rajasthan,Bakani,53
Rajasthan,Balesar,54
Rajasthan,Bali,55
Rajasthan,Balotra (Pachpadra),56
Rajasthan,Bamanwas,57
Rajasthan,Bandikui,58
Rajasthan,Banera,59
Rajasthan,Bansur,60
Rajasthan,Banswara,61
Rajasthan,Baori,62
Rajasthan,Bap,63
Rajasthan,Baran,64
Rajasthan,Bargaon,65
Rajasthan,Bari,66
Rajasthan,Bari Sadri,67
Rajasthan,Barmer,68
Rajasthan,Baseri,69
Rajasthan,Bassi,70
Rajasthan,Bayana,71
Rajasthan,Baytoo,72
Rajasthan,Begun,73
Rajasthan,Behror,74
Rajasthan,Bhadesar,75
Rajasthan,Bhadra,76
Rajasthan,Bhainsrorgarh,77
Rajasthan,Bhim,78
Rajasthan,Bhinay,79
Rajasthan,Bhindar,80
Rajasthan,Bhinmal,81
Rajasthan,Bhopalgarh,82
Rajasthan,Bhopalsagar,83
Rajasthan,Bichhiwara,84
Rajasthan,Bikaner,85
Rajasthan,Bilara,86
Rajasthan,Bonli,87
Rajasthan,Buhana,88
Rajasthan,Bundi,89
Rajasthan,Chaksu,90
Rajasthan,Chhabra,91
Rajasthan,Chhipabarod,92
Rajasthan,Chhoti Sadri,93
Rajasthan,Chhoti Sarwan,94
Rajasthan,Chirawa,95
Rajasthan,Chitalwana,96
Rajasthan,Chittaurgarh,97
Rajasthan,Chohtan,98
Rajasthan,Churu,99
Rajasthan,Danta Ramgarh,100
Rajasthan,Dausa,1
Rajasthan,Deeg,2
Rajasthan,Degana,3
Rajasthan,Deogarh,4
Rajasthan,Deoli,5
Rajasthan,Desuri,6
Rajasthan,Dhariawad,7
Rajasthan,Dhaulpur,8
Rajasthan,Dhod,9
Rajasthan,Dhorimanna (Gudha Malani),10
Rajasthan,Didwana,11
Rajasthan,Dudu,12
Rajasthan,Dug,13
Rajasthan,Dungargarh,14
Rajasthan,Dungarpur,15
Rajasthan,Dungla,16
Rajasthan,Fatehpur,17
Rajasthan,Ganganagar,18
Rajasthan,Gangapur,19
Rajasthan,Gangrar,20
Rajasthan,Garhi,21
Rajasthan,Gharsana,22
Rajasthan,Ghatol,23
Rajasthan,Girwa,24
Rajasthan,Gogunda,25
Rajasthan,Govindgarh,26
Rajasthan,Hanumangarh,27
Rajasthan,Hindaun,28
Rajasthan,Hindoli,29
Rajasthan,Hurda,30
Rajasthan,Itawa,31
Rajasthan,Jahazpur,32
Rajasthan,Jaisalmer,33
Rajasthan,Jaitaran,34
Rajasthan,Jalor,35
Rajasthan,Jamwa Ramgarh,36
Rajasthan,Jaswantpura,37
Rajasthan,Jawaja,38
Rajasthan,Jayal,39
Rajasthan,Jhadol,40
Rajasthan,Jhalrapatan,41
Rajasthan,Jhotwara,42
Rajasthan,Jhunjhunun,43
Rajasthan,Kaman,44
Rajasthan,Kapasan,45
Rajasthan,Karanpur,46
Rajasthan,Karauli,47
Rajasthan,Kathumar,48
Rajasthan,Kekri,49
Rajasthan,Keshoraipatan,50
Rajasthan,Khajuwala,51
Rajasthan,Khamnor,52
Rajasthan,Khandar,53
Rajasthan,Khandela,54
Rajasthan,Khanpur,55
Rajasthan,Kherabad,56
Rajasthan,Kherwara,57
Rajasthan,Khetri,58
Rajasthan,Kishanganj,59
Rajasthan,Kishangarh Bas,60
Rajasthan,Kolayat,61
Rajasthan,Kotkasim,62
Rajasthan,Kotputli,63
Rajasthan,Kotra,64
Rajasthan,Kotri,65
Rajasthan,Kuchaman City,66
Rajasthan,Kumbhalgarh,67
Rajasthan,Kumher,68
Rajasthan,Kushalgarh,69
Rajasthan,Lachhmangarh,70
Rajasthan,Ladnu,71
Rajasthan,Ladpura,72
Rajasthan,Lalsot,73
Rajasthan,Lasadiya,74
Rajasthan,Luni,75
Rajasthan,Lunkaransar,76
Rajasthan,Mahwa,77
Rajasthan,Makrana,78
Rajasthan,Malpura,79
Rajasthan,Mandal,80
Rajasthan,Mandalgarh,81
Rajasthan,Mandor,82
Rajasthan,Manohar Thana,83
Rajasthan,Marwar Junction,84
Rajasthan,Masooda,85
Rajasthan,Mavli,86
Rajasthan,Merta,87
Rajasthan,Mundawar,88
Rajasthan,Mundwa,89
Rajasthan,Nadbai,90
Rajasthan,Nadoti,91
Rajasthan,Nagar (Nagar Pahari),92
Rajasthan,Nagaur,93
Rajasthan,Nainwa,94
Rajasthan,Nawalgarh,95
Rajasthan,Neem Ka Thana,96
Rajasthan,Nimbahera,97
Rajasthan,Nimrana,98
Rajasthan,Niwai,99
Rajasthan,Nohar,100
Rajasthan,Nokha,1
Rajasthan,Osian,2
Rajasthan,Padampur,3
Rajasthan,Pali,4
Rajasthan,Parbatsar,5
Rajasthan,Peepal Khoont,6
Rajasthan,Peesangan,7
Rajasthan,Phagi,8
Rajasthan,Phalodi,9
Rajasthan,Pilibanga,10
Rajasthan,Pindwara,11
Rajasthan,Piprali,12
Rajasthan,Pirawa (Sunel),13
Rajasthan,Pratapgarh,14
Rajasthan,Railmagra,15
Rajasthan,Raipur,16
Rajasthan,Raisinghnagar,17
Rajasthan,Rajakhera,18
Rajasthan,Rajgarh,19
Rajasthan,Rajsamand,20
Rajasthan,Ramgarh,21
Rajasthan,Rani,22
Rajasthan,Raniwara,23
Rajasthan,Rashmi,24
Rajasthan,Ratangarh,25
Rajasthan,Rawatsar,26
Rajasthan,Reni,27
Rajasthan,Reodar,28
Rajasthan,Riyan,29
Rajasthan,Rohat,30
Rajasthan,Rupbas,31
Rajasthan,Sadulshahar,32
Rajasthan,Sagwara,33
Rajasthan,Sahara,34
Rajasthan,Sajjangarh,35
Rajasthan,Salumbar,36
Rajasthan,Sam,37
Rajasthan,Sambhar,38
Rajasthan,Sanchore,39
Rajasthan,Sanganer,40
Rajasthan,Sangaria,41
Rajasthan,Sangod,42
Rajasthan,Sankra (Pokaran),43
Rajasthan,Sapotra,44
Rajasthan,Sarada,45
Rajasthan,Sardarshahar,46
Rajasthan,Sawaimadhopur,47
Rajasthan,Sayla,48
Rajasthan,Sewar,49
Rajasthan,Shahbad,50
Rajasthan,Shahpura,51
Rajasthan,Sheo,52
Rajasthan,Sheoganj,53
Rajasthan,Shergarh,54
Rajasthan,Sikrai,55
Rajasthan,Silora (Kishangarh),56
Rajasthan,Simalwara,57
Rajasthan,Sindhari,58
Rajasthan,Sirohi,59
Rajasthan,Siwana,60
Rajasthan,Sojat,61
Rajasthan,Sri Madhopur,62
Rajasthan,Srinagar,63
Rajasthan,Sujangarh,64
Rajasthan,Sultanpur,65
Rajasthan,Sumerpur,66
Rajasthan,Surajgarh,67
Rajasthan,Suratgarh,68
Rajasthan,Suwana,69
Rajasthan,Talera,70
Rajasthan,Taranagar,71
Rajasthan,Thanagazi,72
Rajasthan,Tibi,73
Rajasthan,Tijara,74
Rajasthan,Todabhim,75
Rajasthan,Todaraisingh,76
Rajasthan,Tonk,77
Rajasthan,Udaipurwati,78
Rajasthan,Umren,79
Rajasthan,Uniara,80
Rajasthan,Viratnagar (Bairath),81
Rajasthan,Weir,82
Sikkim,Chungthang,83
Sikkim,Gangtok,84
Sikkim,Gyalshing,85
Sikkim,Mangan,86
Sikkim,Namchi,87
Sikkim,Pakyong,88
Sikkim,Ravongla,89
Sikkim,Rongli,90
Sikkim,Soreng,91
Tamilnadu,Acharapakkam,92
Tamilnadu,Agastheeswaram,93
Tamilnadu,Alanganallur,94
Tamilnadu,Alangayam,95
Tamilnadu,Alankulam,96
Tamilnadu,Alathur,97
Tamilnadu,Alwarthirunageri,98
Tamilnadu,Ambasamudram,99
Tamilnadu,Ammapet,100
Tamilnadu,Anaicut,1
Tamilnadu,Anaimalai,2
Tamilnadu,Anakkavoor,3
Tamilnadu,Andanallur,4
Tamilnadu,Andimadam,5
Tamilnadu,Andipatti,6
Tamilnadu,Annagramam,7
Tamilnadu,Annavasal,8
Tamilnadu,Annur,9
Tamilnadu,Anthiyur,10
Tamilnadu,Arakonam,11
Tamilnadu,Arantangi,12
Tamilnadu,Aravakurichi,13
Tamilnadu,Arcot,14
Tamilnadu,Arimalam,15
Tamilnadu,Ariyalur,16
Tamilnadu,Arni,17
Tamilnadu,Aruppukottai,18
Tamilnadu,Athoor,19
Tamilnadu,Attur,20
Tamilnadu,Avinashi,21
Tamilnadu,Avudayarkoil,22
Tamilnadu,Ayothiyapattinam,23
Tamilnadu,Bargur,24
Tamilnadu,Batlagundu,25
Tamilnadu,Bhavani,26
Tamilnadu,Bhavanisagar,27
Tamilnadu,Bodinaickanur,28
Tamilnadu,Bogalur,29
Tamilnadu,Budalur,30
Tamilnadu,Chellampatti,31
Tamilnadu,Chengam,32
Tamilnadu,Chennimalai,33
Tamilnadu,Cheranmahadevi,34
Tamilnadu,Chetpet,35
Tamilnadu,Cheyyar,36
Tamilnadu,Chinnamanur,37
Tamilnadu,Chinnasalem,38
Tamilnadu,Chithamur,39
Tamilnadu,Coonoor,40
Tamilnadu,Cuddalore,41
Tamilnadu,Cumbum,42
Tamilnadu,Devakottai,43
Tamilnadu,Dharapuram,44
Tamilnadu,Dharmapuri,45
Tamilnadu,Dindigul,46
Tamilnadu,Elacipalayam,47
Tamilnadu,Ellapuram,48
Tamilnadu,Erode,49
Tamilnadu,Erumapatty,50
Tamilnadu,Gandarvakottai,51
Tamilnadu,Gangavalli,52
Tamilnadu,Gingee,53
Tamilnadu,Gobi,54
Tamilnadu,Gudalur,55
Tamilnadu,Gudimangalam,56
Tamilnadu,Gudiyatham,57
Tamilnadu,Gummidipoondi,58
Tamilnadu,Guziliamparai,59
Tamilnadu,Harur,60
Tamilnadu,Hosur,61
Tamilnadu,Idappady,62
Tamilnadu,Ilayangudi,63
Tamilnadu,Jawadumalai,64
Tamilnadu,Jayamkondam,65
Tamilnadu,Jolarpet,66
Tamilnadu,K  Paramathi,67
Tamilnadu,K.V. Kuppam,68
Tamilnadu,Kabilarmalai,69
Tamilnadu,Kadaladi,70
Tamilnadu,Kadambathur,71
Tamilnadu,Kadavur,72
Tamilnadu,Kadayam,73
Tamilnadu,Kadayampatti,74
Tamilnadu,Kadayanallur,75
Tamilnadu,Kalaiyarkoil,76
Tamilnadu,Kalakadu,77
Tamilnadu,Kalasapakkam,78
Tamilnadu,Kallakurichi,79
Tamilnadu,Kallal,80
Tamilnadu,Kallikudi,81
Tamilnadu,Kalrayanhills,82
Tamilnadu,Kammapuram,83
Tamilnadu,Kamuthi,84
Tamilnadu,Kanai,85
Tamilnadu,Kancheepuram,86
Tamilnadu,Kandamangalam,87
Tamilnadu,Kandhili,88
Tamilnadu,Kangayam,89
Tamilnadu,Kaniyambadi,90
Tamilnadu,Kannangudi,91
Tamilnadu,Karamadai,92
Tamilnadu,Karambakkudi,93
Tamilnadu,Kariapatti,94
Tamilnadu,Karimangalam,95
Tamilnadu,Karungulam,96
Tamilnadu,Karur,97
Tamilnadu,Katpadi,98
Tamilnadu,Kattankolathur,99
Tamilnadu,Kattumannar Koil,100
Tamilnadu,Kaveripakkam,1
Tamilnadu,Kaveripattinam,2
Tamilnadu,Kayathar,3
Tamilnadu,Keelaiyur,4
Tamilnadu,Keelapavoor,5
Tamilnadu,Keerapalayam,6
Tamilnadu,Kelamangalam,7
Tamilnadu,Killiyoor,8
Tamilnadu,Kilpenathur,9
Tamilnadu,Kilvelur,10
Tamilnadu,Kinathukadavu,11
Tamilnadu,Kodaikanal,12
Tamilnadu,Kodavasal,13
Tamilnadu,Kodumudi,14
Tamilnadu,Kolathur,15
Tamilnadu,Koliyanur,16
Tamilnadu,Kollidam,17
Tamilnadu,Kollihills,18
Tamilnadu,Konganapuram,19
Tamilnadu,Koradacheri,20
Tamilnadu,Kotagiri,21
Tamilnadu,Kottampatti,22
Tamilnadu,Kottur,23
Tamilnadu,Kovilpatti,24
Tamilnadu,Krishnagiri,25
Tamilnadu,Krishnarayapuram,26
Tamilnadu,Kulithalai,27
Tamilnadu,Kumaratchi,28
Tamilnadu,Kumbakonam,29
Tamilnadu,Kundadam,30
Tamilnadu,Kundrathur,31
Tamilnadu,Kunnandarkoil,32
Tamilnadu,Kurinjipadi,33
Tamilnadu,Kurunthancode,34
Tamilnadu,Kuruvikulam,35
Tamilnadu,Kuthalam,36
Tamilnadu,Lalgudi,37
Tamilnadu,Lathur,38
Tamilnadu,Mac. Choultry,39
Tamilnadu,Madathukulam,40
Tamilnadu,Madhanur,41
Tamilnadu,Madukkarai,42
Tamilnadu,Madukkur,43
Tamilnadu,Madurai East,44
Tamilnadu,Madurai West,45
Tamilnadu,Madurantakam,46
Tamilnadu,Mailam,47
Tamilnadu,Mallasamudram,48
Tamilnadu,Manachanallur,49
Tamilnadu,Manamadurai,50
Tamilnadu,Manamelkudi,51
Tamilnadu,Manapparai,52
Tamilnadu,Mandapam,53
Tamilnadu,Mangalore,54
Tamilnadu,Manikandam,55
Tamilnadu,Mannargudi,56
Tamilnadu,Manur,57
Tamilnadu,Marungapuri,58
Tamilnadu,Mathur,59
Tamilnadu,Mayiladuthurai,60
Tamilnadu,Mecheri,61
Tamilnadu,Melaneelithanallur,62
Tamilnadu,Melbhuvanagiri,63
Tamilnadu,Melmalayanur,64
Tamilnadu,Melpuram,65
Tamilnadu,Melur,66
Tamilnadu,Merkanam,67
Tamilnadu,Minjur,68
Tamilnadu,Modakkuruchi,69
Tamilnadu,Mohanur,70
Tamilnadu,Morappur,71
Tamilnadu,Mudukulathur,72
Tamilnadu,Mugaiyur,73
Tamilnadu,Mulanur,74
Tamilnadu,Munchirai,75
Tamilnadu,Musiri,76
Tamilnadu,Muthupettai,77
Tamilnadu,Myladumparai,78
Tamilnadu,Nagapattinam,79
Tamilnadu,Nainarkoil,80
Tamilnadu,Nallampalli,81
Tamilnadu,Nallur,82
Tamilnadu,Namagiripet,83
Tamilnadu,Namakkal,84
Tamilnadu,Nambiyur,85
Tamilnadu,Nangavalli,86
Tamilnadu,Nanguneri,87
Tamilnadu,Nannilam,88
Tamilnadu,Narikudi,89
Tamilnadu,Natham,90
Tamilnadu,Natrampalli,91
Tamilnadu,Needamangalam,92
Tamilnadu,Nemili,93
Tamilnadu,Nilakottai,94
Tamilnadu,Oddanchatram,95
Tamilnadu,Olakkur,96
Tamilnadu,Omalur,97
Tamilnadu,Orathanadu,98
Tamilnadu,Ottapidaram,99
Tamilnadu,P.N.Palayam,100
Tamilnadu,Palacode,1
Tamilnadu,Palani,2
Tamilnadu,Palayamkottai,3
Tamilnadu,Palladam,4
Tamilnadu,Pallipalayam,5
Tamilnadu,Pallipet,6
Tamilnadu,Panamarathupatti,7
Tamilnadu,Panruti,8
Tamilnadu,Papanasam,9
Tamilnadu,Pappakudi,10
Tamilnadu,Pappireddipatti,11
Tamilnadu,Paramakudi,12
Tamilnadu,Paramathy,13
Tamilnadu,Parangipettai,14
Tamilnadu,Pattukkottai,15
Tamilnadu,Pennagaram,16
Tamilnadu,Perambalur,17
Tamilnadu,Peranamallur,18
Tamilnadu,Peravurani,19
Tamilnadu,Periyakulam,20
Tamilnadu,Pernambet,21
Tamilnadu,Perundurai,22
Tamilnadu,Pollachi(N),23
Tamilnadu,Pollachi(S),24
Tamilnadu,Polur,25
Tamilnadu,Pongalur,26
Tamilnadu,Ponnamaravathi,27
Tamilnadu,Poonamallee,28
Tamilnadu,Poondi,29
Tamilnadu,Puduchatram,30
Tamilnadu,Pudukkottai,31
Tamilnadu,Pudupalayam,32
Tamilnadu,Pudur,33
Tamilnadu,Pullampady,34
Tamilnadu,Puzhal,35
Tamilnadu,R.K.Pet,36
Tamilnadu,R.S. Mangalam,37
Tamilnadu,Radhapuram,38
Tamilnadu,Rajakkamangalam,39
Tamilnadu,Rajapalayam,40
Tamilnadu,Ramanathapuram,41
Tamilnadu,Rasipuram,42
Tamilnadu,Reddiarchatram,43
Tamilnadu,Rishivandiyam,44
Tamilnadu,S.Pudur,45
Tamilnadu,S.S.Kulam,46
Tamilnadu,Sakkottai,47
Tamilnadu,Salem,48
Tamilnadu,Sankarankoil,49
Tamilnadu,Sankarapuram,50
Tamilnadu,Sankari,51
Tamilnadu,Sathy,52
Tamilnadu,Sattankulam,53
Tamilnadu,Sattur,54
Tamilnadu,Sedapatti,55
Tamilnadu,Sembanarkoil,56
Tamilnadu,Sendamangalam,57
Tamilnadu,Sendurai,58
Tamilnadu,Sethubavachatram,59
Tamilnadu,Shanarpatti,60
Tamilnadu,Shencottai,61
Tamilnadu,Sholavaram,62
Tamilnadu,Sholinghur,63
Tamilnadu,Shoolagiri,64
Tamilnadu,Singampunari,65
Tamilnadu,Sirkali,66
Tamilnadu,Sivagangai,67
Tamilnadu,Sivakasi,68
Tamilnadu,Sriperumbudur,69
Tamilnadu,Srivaikuntam,70
Tamilnadu,Srivilliputhur,71
Tamilnadu,Sultanpet,72
Tamilnadu,Sulur,73
Tamilnadu,T Palur,74
Tamilnadu,T.Kallupatty,75
Tamilnadu,T.N. Palayam,76
Tamilnadu,T.Pet,77
Tamilnadu,Talavadi,78
Tamilnadu,Tenkasi,79
Tamilnadu,Thalainayar,80
Tamilnadu,Thalaivasal,81
Tamilnadu,Thally,82
Tamilnadu,Thandrampet,83
Tamilnadu,Thanjavur,84
Tamilnadu,Thanthoni,85
Tamilnadu,Tharamangalam,86
Tamilnadu,Thellar,87
Tamilnadu,Theni,88
Tamilnadu,Thimiri,89
Tamilnadu,Thiruchuli,90
Tamilnadu,Thirukalukundram,91
Tamilnadu,Thirukoilur,92
Tamilnadu,Thirumangalam,93
Tamilnadu,Thirumanur,94
Tamilnadu,Thirumarugal,95
Tamilnadu,Thirumayam,96
Tamilnadu,Thirunavalur,97
Tamilnadu,Thirupathur,98
Tamilnadu,Thiruporur,99
Tamilnadu,Thirupparankundram,100
Tamilnadu,Thiruppathur,1
Tamilnadu,Thiruppullani,2
Tamilnadu,Thiruppuvanam,3
Tamilnadu,Thiruthuraipoondi,4
Tamilnadu,Thiruvadanai,5
Tamilnadu,Thiruvaiyaru,6
Tamilnadu,Thiruvarankulam,7
Tamilnadu,Thiruvarur,8
Tamilnadu,Thiruvattar,9
Tamilnadu,Thiruvennainallur,10
Tamilnadu,Thiruverambur,11
Tamilnadu,Thiruvidaimarudur,12
Tamilnadu,Thiruvonam,13
Tamilnadu,Thiyagadurgam,14
Tamilnadu,Thogamalai,15
Tamilnadu,Thomas Malai,16
Tamilnadu,Thondamuthur,17
Tamilnadu,Thoothukudi,18
Tamilnadu,Thoppampatti,19
Tamilnadu,Thottiam,20
Tamilnadu,Thovalai,21
Tamilnadu,Thuckalay,22
Tamilnadu,Thuraiyur,23
Tamilnadu,Thurinjapuram,24
Tamilnadu,Tiruchendur,25
Tamilnadu,Tiruchengode,26
Tamilnadu,Tiruppanandal,27
Tamilnadu,Tiruppur,28
Tamilnadu,Tiruttani,29
Tamilnadu,Tiruvalangadu,30
Tamilnadu,Tiruvallur,31
Tamilnadu,Tiruvannamalai,32
Tamilnadu,Udangudi,33
Tamilnadu,Udhagai,34
Tamilnadu,Udumalpet,35
Tamilnadu,Ulundurpet,36
Tamilnadu,Uppiliyapuram,37
Tamilnadu,Usilampatti,38
Tamilnadu,Uthamapalayam,39
Tamilnadu,Uthangarai,40
Tamilnadu,Uthiramerur,41
Tamilnadu,Uthukuli,42
Tamilnadu,Vadamadurai,43
Tamilnadu,Vadipatti,44
Tamilnadu,Vaiyampatty,45
Tamilnadu,Valangaiman,46
Tamilnadu,Valapady,47
Tamilnadu,Vallam,48
Tamilnadu,Valliyoor,49
Tamilnadu,Vandavasi,50
Tamilnadu,Vanur,51
Tamilnadu,Vasudevanallur,52
Tamilnadu,Vedaranyam,53
Tamilnadu,Vedasandur,54
Tamilnadu,Veerapandy,55
Tamilnadu,Vellakoil,56
Tamilnadu,Vellore,57
Tamilnadu,Vembakkam,58
Tamilnadu,Vembakottai,59
Tamilnadu,Vennandur,60
Tamilnadu,Veppanapalli,61
Tamilnadu,Veppanthattai,62
Tamilnadu,Veppur,63
Tamilnadu,Vikravandi,64
Tamilnadu,Vilathikulam,65
Tamilnadu,Villivakkam,66
Tamilnadu,Viralimalai,67
Tamilnadu,Virudhunagar,68
Tamilnadu,Vridhachalam,69
Tamilnadu,Walajabad,70
Tamilnadu,Walajah,71
Tamilnadu,Watrap,72
Tamilnadu,West Arni,73
Tamilnadu,Yercaud,74
Telangana,Abdullapurmet,75
Telangana,Achampeta,76
Telangana,Adavidevulapally,77
Telangana,Adda Gudur,78
Telangana,Adilabad Rural,79
Telangana,Aiza,80
Telangana,Akkannapet,81
Telangana,Alair,82
Telangana,Alampur,83
Telangana,Alladurg,84
Telangana,Amangal,85
Telangana,Amarchintha,86
Telangana,Ameenpur,87
Telangana,Amrabad,88
Telangana,Ananthagiri,89
Telangana,Andole,90
Telangana,Annapureddypalli,91
Telangana,Anthergoan,92
Telangana,Anumula,93
Telangana,Armur,94
Telangana,Asifabad,95
Telangana,Aswapuram,96
Telangana,Aswaraopeta,97
Telangana,Atmakur,98
Telangana,Atmakur  (S),99
Telangana,Atmakur (M),100
Telangana,Bachannapeta,1
Telangana,Balkonda,2
Telangana,Balmoor,3
Telangana,Banswada,4
Telangana,Bantaram,5
Telangana,Basar,6
Telangana,Basheerabad,7
Telangana,Bazarhathnoor,8
Telangana,Bejjenki,9
Telangana,Bejjur,10
Telangana,Bela,11
Telangana,Bellampalle,12
Telangana,Bhainsa,13
Telangana,Bheemadevarpalle,14
Telangana,Bheemaram,15
Telangana,Bheemgal,16
Telangana,Bheempur,17
Telangana,Bhiknur,18
Telangana,Bhoothpur,19
Telangana,Bhuvanagiri,20
Telangana,Bibinagar,21
Telangana,Bibipet,22
Telangana,Bichkunda,23
Telangana,Bijinapalle,24
Telangana,Birkoor,25
Telangana,Bodhan,26
Telangana,Boinpalle,27
Telangana,Bommalaramaram,28
Telangana,Bomraspeta,29
Telangana,Bonakal,30
Telangana,Buggaram,31
Telangana,Burgampadu,32
Telangana,Chandam Pet,33
Telangana,Chandrugonda,34
Telangana,Chandur,35
Telangana,Chandurthi,36
Telangana,Charakonda,37
Telangana,Chegunta,38
Telangana,Chennaraopet,39
Telangana,Chennur,40
Telangana,Cheriyal,41
Telangana,Cherla,42
Telangana,Chevella,43
Telangana,Chilipched,44
Telangana,Chilkur,45
Telangana,Chilpur,46
Telangana,Chinna Chinta Kunta,47
Telangana,Chinna Kodur,48
Telangana,Chinnagudur,49
Telangana,Chinnambavi,50
Telangana,Chintalamanepally,51
Telangana,Chintha Pally,52
Telangana,Chinthakani,53
Telangana,Chinthalapalem,54
Telangana,Chityal,55
Telangana,Choutuppal,56
Telangana,Chowdergudem,57
Telangana,Chunchupally,58
Telangana,Dahegaon,59
Telangana,Damera,60
Telangana,Dameracherla,61
Telangana,Dammapeta,62
Telangana,Dandepalle,63
Telangana,Danthalapalle,64
Telangana,Dasturabad,65
Telangana,Devarakonda,66
Telangana,Devaruppula,67
Telangana,Dhanwada,68
Telangana,Dhar Pally,69
Telangana,Dharmapuri,70
Telangana,Dharmaram,71
Telangana,Dharmasagar,72
Telangana,Dharur,73
Telangana,Dich Pally,74
Telangana,Dilawarpur,75
Telangana,Doma,76
Telangana,Dornakal,77
Telangana,Doulatabad,78
Telangana,Doultabad,79
Telangana,Dubbak,80
Telangana,Duggondi,81
Telangana,Dummugudem,82
Telangana,Dundigal Gandimaisamma,83
Telangana,Eligaid,84
Telangana,Elkathurthi,85
Telangana,Enkuru,86
Telangana,Eturnagaram,87
Telangana,Farooqnagar,88
Telangana,Gadiguda,89
Telangana,Gadwal,90
Telangana,Gajwel,91
Telangana,Gambhiraopet,92
Telangana,Gandeed,93
Telangana,Gandhari,94
Telangana,Gandipet,95
Telangana,Gangadhara,96
Telangana,Gangaram,97
Telangana,Garide Pally,98
Telangana,Geesugonda,99
Telangana,Ghanpur,100
Telangana,Ghanpur(Stn),1
Telangana,Ghattu,2
Telangana,Gopalpeta,3
Telangana,Govindaraopet,4
Telangana,Gudihathnur,5
Telangana,Gummadidala,6
Telangana,Gundala,7
Telangana,Gundla Pally,8
Telangana,Gurrampode,9
Telangana,Hanwada,10
Telangana,Havelighanpur,11
Telangana,Husnabad,12
Telangana,Huzurabad,13
Telangana,Huzurnagar,14
Telangana,Ibrahimpatam,15
Telangana,Ibrahimpatnam,16
Telangana,Ichoda,17
Telangana,Inavolu,18
Telangana,Indalwai,19
Telangana,Inderavelly,20
Telangana,Itikyal,21
Telangana,Jadcherla,22
Telangana,Jagdevpur,23
Telangana,Jagtial Rural,24
Telangana,Jainad,25
Telangana,Jainoor,26
Telangana,Jaipur,27
Telangana,Jakranpalle,28
Telangana,Jangaon,29
Telangana,Jannaram,30
Telangana,Jharasangam,31
Telangana,Jukkal,32
Telangana,Julapalle,33
Telangana,Julurpad,34
Telangana,Kaddampeddur,35
Telangana,Kagaz Nagar,36
Telangana,Kalher,37
Telangana,Kalluru,38
Telangana,Kaloor Thimmandoddi,39
Telangana,Kamalapur,40
Telangana,Kamanpur,41
Telangana,Kammar Palle,42
Telangana,Kandukur,43
Telangana,Kangal,44
Telangana,Kangti,45
Telangana,Kannaigudem,46
Telangana,Kapra,47
Telangana,Karakagudem,48
Telangana,Karimnagar Rural,49
Telangana,Kasipet,50
Telangana,Kataram,51
Telangana,Kathlapur,52
Telangana,Kattangoor,53
Telangana,Kerameri,54
Telangana,Keshampeta,55
Telangana,Kethepally,56
Telangana,Khammam Rural,57
Telangana,Khanapur,58
Telangana,Kodad,59
Telangana,Kodair,60
Telangana,Kodakandla,61
Telangana,Kodangal,62
Telangana,Kodimial,63
Telangana,Koheda,64
Telangana,Kohir,65
Telangana,Kollapur,66
Telangana,Komuravelli,67
Telangana,Konaraopeta,68
Telangana,Kondapak,69
Telangana,Kondapur,70
Telangana,Kondurg,71
Telangana,Konijerla,72
Telangana,Koratla,73
Telangana,Kosgi,74
Telangana,Kotapalle,75
Telangana,Kotepally,76
Telangana,Kotgiri,77
Telangana,Kothaguda,78
Telangana,Kothakota,79
Telangana,Kothapally,80
Telangana,Kouthala,81
Telangana,Kowdipalle,82
Telangana,Krishna,83
Telangana,Kubeer,84
Telangana,Kulcharam,85
Telangana,Kulkacharla,86
Telangana,Kuntala,87
Telangana,Kusumanchi,88
Telangana,Laxmanchanda,89
Telangana,Laxmidevipally,90
Telangana,Lingal,91
Telangana,Lingala Ghanpur,92
Telangana,Lingampet,93
Telangana,Lingapur,94
Telangana,Lokeshwaram,95
Telangana,Luxettipet,96
Telangana,Machareddy,97
Telangana,Maddirala,98
Telangana,Maddur,99
Telangana,Madgul,100
Telangana,Madhira,1
Telangana,Madnur,2
Telangana,Madugulapally,3
Telangana,Maganoor,4
Telangana,Mahabubnagar Rural,5
Telangana,Maheswaram,6
Telangana,Makloor,7
Telangana,Makthal,8
Telangana,Maldakal,9
Telangana,Mallapur,10
Telangana,Mallial,11
Telangana,Mamda,12
Telangana,Manakondur,13
Telangana,Manchal,14
Telangana,Mandamarri,15
Telangana,Mangapet,16
Telangana,Manoharabad,17
Telangana,Manoor,18
Telangana,Manopadu,19
Telangana,Manthani,20
Telangana,Manuguru,21
Telangana,Marikal,22
Telangana,Maripeda,23
Telangana,Marpalle,24
Telangana,Marri Guda,25
Telangana,Mattampally,26
Telangana,Mavala,27
Telangana,Medak,28
Telangana,Medchal,29
Telangana,Medipalle,30
Telangana,Mellachervu,31
Telangana,Mendora,32
Telangana,Midjil,33
Telangana,Mirdoddi,34
Telangana,Miryalaguda,35
Telangana,Moinabad,36
Telangana,Mominpet,37
Telangana,Moosapet,38
Telangana,Mortad,39
Telangana,Mothey,40
Telangana,Mudhole,41
Telangana,Mudigonda,42
Telangana,Mugpal,43
Telangana,Mulakalapalle,44
Telangana,Mulug,45
Telangana,Munagala,46
Telangana,Munpalle,47
Telangana,Munugode,48
Telangana,Mupkal,49
Telangana,Mustabad,50
Telangana,Mutharam Manthani,51
Telangana,Nadigudem,52
Telangana,Nadikuda,53
Telangana,Nagarkurnool,54
Telangana,Nagiligidda,55
Telangana,Nagireddipet,56
Telangana,Nallabelly,57
Telangana,Nampalle,58
Telangana,Nandigama,59
Telangana,Nandipet,60
Telangana,Nanganur,61
Telangana,Narayanapur,62
Telangana,Narketpally,63
Telangana,Narnoor,64
Telangana,Narsapur,65
Telangana,Narsapur G,66
Telangana,Narsimhulapet,67
Telangana,Narva,68
Telangana,Nasurullabad,69
Telangana,Navipet,70
Telangana,Nawabpet,71
Telangana,Nekkonda,72
Telangana,Nelakondapalle,73
Telangana,Nennal,74
Telangana,Neradigonda,75
Telangana,Nered Cherla,76
Telangana,Neredugommu,77
Telangana,Nidamanoor,78
Telangana,Nirmal Rural,79
Telangana,Nizam Sagar,80
Telangana,Nizamabad Rural,81
Telangana,Nizampet,82
Telangana,Nuthankal,83
Telangana,Nyalkal,84
Telangana,Odela,85
Telangana,Padara,86
Telangana,Palakeedu,87
Telangana,Palakurthi,88
Telangana,Palawancha,89
Telangana,Pangal,90
Telangana,Papannapet,91
Telangana,Parkal,92
Telangana,Parvathagiri,93
Telangana,Pebbair,94
Telangana,Pedda Adiserlapalle,95
Telangana,Pedda Kodapgal,96
Telangana,Peddakothapalle,97
Telangana,Peddamandadi,98
Telangana,Peddapalle,99
Telangana,Peddavangara,100
Telangana,Peddavoora,1
Telangana,Peddemul,2
Telangana,Pegadapalle,3
Telangana,Pembi,4
Telangana,Penpahad,5
Telangana,Pentlavelli,6
Telangana,Penuballi,7
Telangana,Pinapaka,8
Telangana,Pitlam,9
Telangana,Pochampally,10
Telangana,Pudur,11
Telangana,Pulkal,12
Telangana,Raghunadhapalem,13
Telangana,Raghunathapally,14
Telangana,Raikal,15
Telangana,Raikode,16
Telangana,Raiparthy,17
Telangana,Raipole,18
Telangana,Rajampet,19
Telangana,Rajapet,20
Telangana,Rajoli,21
Telangana,Ramachandrapuram,22
Telangana,Ramagiri,23
Telangana,Ramannapeta,24
Telangana,Ramareddy,25
Telangana,Ramayampet,26
Telangana,Ranjal,27
Telangana,Rebbana,28
Telangana,Regode,29
Telangana,Regonda,30
Telangana,Rudrur,31
Telangana,Sadasivpet,32
Telangana,Sangareddy,33
Telangana,Sangem,34
Telangana,Sarangapur,35
Telangana,Sathupalle,36
Telangana,Shabad,37
Telangana,Shamshabad,38
Telangana,Shankarampet (A),39
Telangana,Shankarampet (R),40
Telangana,Shankarpalle,41
Telangana,Shankerpatnam,42
Telangana,Shayampet,43
Telangana,Shivampet,44
Telangana,Siddipet Rural,45
Telangana,Sirgapoor,46
Telangana,Sirikonda,47
Telangana,Sirkonda,48
Telangana,Sirpur (T),49
Telangana,Sirpur (U),50
Telangana,Soan,51
Telangana,Srirampur,52
Telangana,Srirangapur,53
Telangana,Sultanabad,54
Telangana,Suryapet,55
Telangana,Tadoor,56
Telangana,Tadvai,57
Telangana,Tadwai,58
Telangana,Talakondapalle,59
Telangana,Talamadugu,60
Telangana,Tamsi,61
Telangana,Tandur,62
Telangana,Tanur,63
Telangana,Tekmal,64
Telangana,Tekulapalle,65
Telangana,Telkapalle,66
Telangana,Thallada,67
Telangana,Thangallapalli,68
Telangana,Tharigoppula,69
Telangana,Thimmajipeta,70
Telangana,Thimmapur,71
Telangana,Thipparthy,72
Telangana,Thirumalagiri,73
Telangana,Thirumalayapalem,74
Telangana,Thoguta,75
Telangana,Thripuraram,76
Telangana,Thunga Thurthy,77
Telangana,Thurkapally,78
Telangana,Tirumalagiri Sagar,79
Telangana,Tiryani,80
Telangana,Tupran,81
Telangana,Undavelly,82
Telangana,Uppununthala,83
Telangana,Urkonda,84
Telangana,Utkoor,85
Telangana,Utnur,86
Telangana,Valigonda,87
Telangana,Vangoor,88
Telangana,Vatpally,89
Telangana,Veenavanka,90
Telangana,Veernapalli,91
Telangana,Velair,92
Telangana,Veldanda,93
Telangana,Velgatoor,94
Telangana,Velpur,95
Telangana,Vemanpalle,96
Telangana,Vemsoor,97
Telangana,Vemulapally,98
Telangana,Vemulawada,99
Telangana,Vemulawada Rural,100
Telangana,Venkatapur,1
Telangana,Venkatapuram,2
Telangana,Vikarabad,3
Telangana,Waddepalle,4
Telangana,Wanaparthy,5
Telangana,Wankdi,6
Telangana,Wardhannapet,7
Telangana,Wargal,8
Telangana,Wazeed,9
Telangana,Wyra,10
Telangana,Yacharam,11
Telangana,Yadagirigutta,12
Telangana,Yeda Palle,13
Telangana,Yelal,14
Telangana,Yeldurthy,15
Telangana,Yella Reddi Peta,16
Telangana,Yellandu,17
Telangana,Yellareddy,18
Telangana,Yergatla,19
Telangana,Yerrupalem,20
Telangana,Zaffergadh,21
Telangana,Zahirabad,22
Tripura,Amarpur,23
Tripura,Ambassa,24
Tripura,Bagafa,25
Tripura,Bamutia,26
Tripura,Belbari,27
Tripura,Bharat chandranagar,28
Tripura,Bishalghar,29
Tripura,Boxanagar,30
Tripura,Chandipur,31
Tripura,Charilam,32
Tripura,Chawmanu,33
Tripura,Damcherra,34
Tripura,Dasda,35
Tripura,Dukli,36
Tripura,Dumburnagar,37
Tripura,Durga Chowmuhani,38
Tripura,Ganganagar,39
Tripura,Gournagar,40
Tripura,Hezamara,41
Tripura,Hrishyamukh,42
Tripura,Jampaijala,43
Tripura,Jampuihill,44
Tripura,Jirania,45
Tripura,Jolaibari,46
Tripura,Jubarajnagar,47
Tripura,Kadamtala,48
Tripura,Kakraban,49
Tripura,Kalachara,50
Tripura,Kalyanpur,51
Tripura,Karbook,52
Tripura,Kathalia,53
Tripura,Khowai,54
Tripura,Killa,55
Tripura,Kumarghat,56
Tripura,Laljuri,57
Tripura,Lefunga,58
Tripura,Mandai,59
Tripura,Manu,60
Tripura,Matarbari,61
Tripura,Mohanbhog,62
Tripura,Mohanpur,63
Tripura,Mungiakami,64
Tripura,Nalchar,65
Tripura,Old Agartala,66
Tripura,Ompi,67
Tripura,Padmabil,68
Tripura,Panisagar,69
Tripura,Pencharthal,70
Tripura,Poyangbari,71
Tripura,Raisyabari,72
Tripura,Rajnagar,73
Tripura,Rupaichari,74
Tripura,Salema,75
Tripura,Satchand,76
Tripura,Shilachari,77
Tripura,Teliamura,78
Tripura,Tepania,79
Tripura,Tulasikhar,80
Uttar Pradesh,Achalda,81
Uttar Pradesh,Achhnera,82
Uttar Pradesh,Afzalgarh,83
Uttar Pradesh,Agauta,84
Uttar Pradesh,Ahiraula,85
Uttar Pradesh,Ahrori,86
Uttar Pradesh,Aika,87
Uttar Pradesh,Airayan,88
Uttar Pradesh,Ajit Mal,89
Uttar Pradesh,Akabarpur,90
Uttar Pradesh,Akbarpur,91
Uttar Pradesh,Akhandnagar,92
Uttar Pradesh,Akola,93
Uttar Pradesh,Akrabad,94
Uttar Pradesh,Alampur Jafrabad,95
Uttar Pradesh,Aliganj,96
Uttar Pradesh,Aliya,97
Uttar Pradesh,Amaniganj,98
Uttar Pradesh,Amanpur,99
Uttar Pradesh,Amaria,100
Uttar Pradesh,Amauli,1
Uttar Pradesh,Amawan,2
Uttar Pradesh,Ambiapur,3
Uttar Pradesh,Amethi,4
Uttar Pradesh,Amraudha,5
Uttar Pradesh,Amroha,6
Uttar Pradesh,Anoopshahr,7
Uttar Pradesh,Araniya,8
Uttar Pradesh,Araon,9
Uttar Pradesh,Arazeeline,10
Uttar Pradesh,Arwa Katra,11
Uttar Pradesh,Asafpur,12
Uttar Pradesh,Ashother,13
Uttar Pradesh,Asmoli,14
Uttar Pradesh,Asoha,15
Uttar Pradesh,Aspur Deosara,16
Uttar Pradesh,Atrauli,17
Uttar Pradesh,Atrauliya,18
Uttar Pradesh,Aurai,19
Uttar Pradesh,Auraiya,20
Uttar Pradesh,Auras,21
Uttar Pradesh,Awagarh,22
Uttar Pradesh,Azamatgarh,23
Uttar Pradesh,B.B.Nagar,24
Uttar Pradesh,Baansi,25
Uttar Pradesh,Babaganj,26
Uttar Pradesh,Baberu,27
Uttar Pradesh,Babhani,28
Uttar Pradesh,Babhanjot,29
Uttar Pradesh,Babina,30
Uttar Pradesh,Bachharawan,31
Uttar Pradesh,Badagaon,32
Uttar Pradesh,Badalapur,33
Uttar Pradesh,Badhpur,34
Uttar Pradesh,Badokhar Khurd,35
Uttar Pradesh,Badraon,36
Uttar Pradesh,Baghauli,37
Uttar Pradesh,Baghpat,38
Uttar Pradesh,Baghra,39
Uttar Pradesh,Bah,40
Uttar Pradesh,Bahadurpur,41
Uttar Pradesh,Baharia,42
Uttar Pradesh,Baheri,43
Uttar Pradesh,Bahjoi,44
Uttar Pradesh,Bahuwa,45
Uttar Pradesh,Bairia,46
Uttar Pradesh,Baitalpur,47
Uttar Pradesh,Bakshi Ka Talab,48
Uttar Pradesh,Baldev,49
Uttar Pradesh,Baldirai,50
Uttar Pradesh,Balha,51
Uttar Pradesh,Baliakheri,52
Uttar Pradesh,Balrampur,53
Uttar Pradesh,Bamaur,54
Uttar Pradesh,Banda,55
Uttar Pradesh,Bangarmau,56
Uttar Pradesh,Bangra,57
Uttar Pradesh,Banikoder,58
Uttar Pradesh,Baniyakhera,59
Uttar Pradesh,Bankata,60
Uttar Pradesh,Bankati,61
Uttar Pradesh,Bankeyganj,62
Uttar Pradesh,Banki,63
Uttar Pradesh,Bansdih,64
Uttar Pradesh,Bansgaon,65
Uttar Pradesh,Bar,66
Uttar Pradesh,Barachawar,67
Uttar Pradesh,Baragaon,68
Uttar Pradesh,Barahani,69
Uttar Pradesh,Barauli Ahir,70
Uttar Pradesh,Baraut,71
Uttar Pradesh,Barhalganj,72
Uttar Pradesh,Barhni,73
Uttar Pradesh,Barhpura,74
Uttar Pradesh,Barkhera,75
Uttar Pradesh,Barnahal,76
Uttar Pradesh,Barsathi,77
Uttar Pradesh,Baskhari,78
Uttar Pradesh,Basrehar,79
Uttar Pradesh,Basti Sadar,80
Uttar Pradesh,Bawan,81
Uttar Pradesh,Bazar Shukla,82
Uttar Pradesh,Behjam,83
Uttar Pradesh,Behndar,84
Uttar Pradesh,Behta,85
Uttar Pradesh,Belghat,86
Uttar Pradesh,Belhar Kala,87
Uttar Pradesh,Belhari,88
Uttar Pradesh,Belsar,89
Uttar Pradesh,Berhaj,90
Uttar Pradesh,Beruarbari,91
Uttar Pradesh,Bewar,92
Uttar Pradesh,Bhadaiya,93
Uttar Pradesh,Bhadar,94
Uttar Pradesh,Bhadaura,95
Uttar Pradesh,Bhadhpura,96
Uttar Pradesh,Bhadoi,97
Uttar Pradesh,Bhagalpur,98
Uttar Pradesh,Bhagatpur Tanda,99
Uttar Pradesh,Bhagaya Nagar,100
Uttar Pradesh,Bhaluani,1
Uttar Pradesh,Bhanwapur,2
Uttar Pradesh,Bharawan,3
Uttar Pradesh,Bharkhani,4
Uttar Pradesh,Bharthana,5
Uttar Pradesh,Bhathat,6
Uttar Pradesh,Bhatni,7
Uttar Pradesh,Bhatpar Rani,8
Uttar Pradesh,Bhawal Khera,9
Uttar Pradesh,Bhawarkol,10
Uttar Pradesh,Bhetua,11
Uttar Pradesh,Bhitargaon,12
Uttar Pradesh,Bhitaura,13
Uttar Pradesh,Bhiti,14
Uttar Pradesh,Bhiyaun,15
Uttar Pradesh,Bhojipura,16
Uttar Pradesh,Bhojpur,17
Uttar Pradesh,Bhuta,18
Uttar Pradesh,Bichchiya,19
Uttar Pradesh,Bichpuri,20
Uttar Pradesh,Bidhuna,21
Uttar Pradesh,Bidhunu,22
Uttar Pradesh,Bighapur,23
Uttar Pradesh,Bihar,24
Uttar Pradesh,Bijauli,25
Uttar Pradesh,Bijuwa,26
Uttar Pradesh,Bikapur,27
Uttar Pradesh,Bilari,28
Uttar Pradesh,Bilariyaganj,29
Uttar Pradesh,Bilaspur,30
Uttar Pradesh,Bilgram,31
Uttar Pradesh,Bilhaur,32
Uttar Pradesh,Bilsanda,33
Uttar Pradesh,Binauli,34
Uttar Pradesh,Birano,35
Uttar Pradesh,Birdha,36
Uttar Pradesh,Birdpur,37
Uttar Pradesh,Bisalpur,38
Uttar Pradesh,Bisanda,39
Uttar Pradesh,Bisauli,40
Uttar Pradesh,Bisrakh,41
Uttar Pradesh,Biswan,42
Uttar Pradesh,Bithri Chainpur,43
Uttar Pradesh,Brahmpur,44
Uttar Pradesh,Brijmanganj,45
Uttar Pradesh,Budhana,46
Uttar Pradesh,Bulandshahr,47
Uttar Pradesh,Buxa,48
Uttar Pradesh,Campierganj,49
Uttar Pradesh,Chahania,50
Uttar Pradesh,Chail,51
Uttar Pradesh,Chaka,52
Uttar Pradesh,Chakarnagar,53
Uttar Pradesh,Chakiya,54
Uttar Pradesh,Chamrawa,55
Uttar Pradesh,Chandauli,56
Uttar Pradesh,Chandosh,57
Uttar Pradesh,Chargawan,58
Uttar Pradesh,Charkhari,59
Uttar Pradesh,Charthawal,60
Uttar Pradesh,Chata,61
Uttar Pradesh,Chatra,62
Uttar Pradesh,Chaubeypur,63
Uttar Pradesh,Chaumuha,64
Uttar Pradesh,Chhajlet,65
Uttar Pradesh,Chhanbey,66
Uttar Pradesh,Chhapiya,67
Uttar Pradesh,Chhaprauli,68
Uttar Pradesh,Chhatoh,69
Uttar Pradesh,Chibramau,70
Uttar Pradesh,Chilkahar,71
Uttar Pradesh,Chinhat,72
Uttar Pradesh,Chiraigaon,73
Uttar Pradesh,Chirgaon,74
Uttar Pradesh,Chitrakoot,75
Uttar Pradesh,Chittaura,76
Uttar Pradesh,Cholapur,77
Uttar Pradesh,Chopan,78
Uttar Pradesh,Colonelganj,79
Uttar Pradesh,Dadraul,80
Uttar Pradesh,Dadri,81
Uttar Pradesh,Dakor,82
Uttar Pradesh,Dalmau,83
Uttar Pradesh,Damkhoda,84
Uttar Pradesh,Dankaur,85
Uttar Pradesh,Danpatganj,86
Uttar Pradesh,Danpur,87
Uttar Pradesh,Dariyabad,88
Uttar Pradesh,Dataganj,89
Uttar Pradesh,Daurala,90
Uttar Pradesh,Deagh,91
Uttar Pradesh,Debai,92
Uttar Pradesh,Deenshah Gaura,93
Uttar Pradesh,Dehagawan,94
Uttar Pradesh,Deoband,95
Uttar Pradesh,Deokali,96
Uttar Pradesh,Deoria Sadar,97
Uttar Pradesh,Derapur,98
Uttar Pradesh,Deshi Deoria,99
Uttar Pradesh,Devmai,100
Uttar Pradesh,Dewa,1
Uttar Pradesh,Dhampur,2
Uttar Pradesh,Dhanapur,3
Uttar Pradesh,Dhanaura,4
Uttar Pradesh,Dhani,5
Uttar Pradesh,Dhanipur,6
Uttar Pradesh,Dhanupur,7
Uttar Pradesh,Dharmapur,8
Uttar Pradesh,Dhata,9
Uttar Pradesh,Dhaulana,10
Uttar Pradesh,Dhaurahara,11
Uttar Pradesh,Dih,12
Uttar Pradesh,Dilari,13
Uttar Pradesh,Dingarpur,14
Uttar Pradesh,Dobhi,15
Uttar Pradesh,Dohrighat,16
Uttar Pradesh,Dostpur,17
Uttar Pradesh,Dubhar,18
Uttar Pradesh,Duddhi,19
Uttar Pradesh,Dudhai,20
Uttar Pradesh,Dumariaganj,21
Uttar Pradesh,Duvepur,22
Uttar Pradesh,Etmadpur,23
Uttar Pradesh,Fakharpur,24
Uttar Pradesh,Farah,25
Uttar Pradesh,Faridpur,26
Uttar Pradesh,Fatehabad,27
Uttar Pradesh,Fatehganj(West),28
Uttar Pradesh,Fatehpur,29
Uttar Pradesh,Fatehpur - 84,30
Uttar Pradesh,Fatehpur Mandaon,31
Uttar Pradesh,Fatehpur Sikri,32
Uttar Pradesh,Fazil Nagar,33
Uttar Pradesh,Firozabad,34
Uttar Pradesh,Gadwar,35
Uttar Pradesh,Gagha,36
Uttar Pradesh,Gainsari,37
Uttar Pradesh,Gajraula,38
Uttar Pradesh,Gangeshwari,39
Uttar Pradesh,Gangiri,40
Uttar Pradesh,Gangoh,41
Uttar Pradesh,Ganj Muradabad,42
Uttar Pradesh,Ganjdundwara,43
Uttar Pradesh,Garhmukteshwar,44
Uttar Pradesh,Gaur,45
Uttar Pradesh,Gaura,46
Uttar Pradesh,Gauriganj,47
Uttar Pradesh,Gendas Buzurg,48
Uttar Pradesh,Ghatampur,49
Uttar Pradesh,Ghazipur (Sadar),50
Uttar Pradesh,Ghiror,51
Uttar Pradesh,Ghorawal,52
Uttar Pradesh,Ghosi,53
Uttar Pradesh,Gilaula,54
Uttar Pradesh,Gohand,55
Uttar Pradesh,Gola,56
Uttar Pradesh,Gonda,57
Uttar Pradesh,Gondlamau,58
Uttar Pradesh,Gosaiganj,59
Uttar Pradesh,Gouri Bazar,60
Uttar Pradesh,Goverdhan,61
Uttar Pradesh,Gughali,62
Uttar Pradesh,Gulawathi,63
Uttar Pradesh,Gunnaur,64
Uttar Pradesh,Gursarai,65
Uttar Pradesh,Gyanpur,66
Uttar Pradesh,Haidergarh,67
Uttar Pradesh,Haisar Bazar,68
Uttar Pradesh,Haldaur,69
Uttar Pradesh,Haldharmau,70
Uttar Pradesh,Hallia,71
Uttar Pradesh,Handia,72
Uttar Pradesh,Hanumanganj,73
Uttar Pradesh,Hapur,74
Uttar Pradesh,Harahua,75
Uttar Pradesh,Harakh,76
Uttar Pradesh,Haraya,77
Uttar Pradesh,Harchandpur,78
Uttar Pradesh,Hargaon,79
Uttar Pradesh,Haringtonganj,80
Uttar Pradesh,Harpal Pur,81
Uttar Pradesh,Harraiya,82
Uttar Pradesh,Harraiya Satgharwa,83
Uttar Pradesh,Harriharpur Rani,84
Uttar Pradesh,Haryawan,85
Uttar Pradesh,Hasanganj,86
Uttar Pradesh,Hasanpur,87
Uttar Pradesh,Hasayan,88
Uttar Pradesh,Haseran,89
Uttar Pradesh,Hastinapur,90
Uttar Pradesh,Haswa,91
Uttar Pradesh,Hata,92
Uttar Pradesh,Hathgaon,93
Uttar Pradesh,Hathras,94
Uttar Pradesh,Hilauli,95
Uttar Pradesh,Holagarh,96
Uttar Pradesh,Huzoorpur,97
Uttar Pradesh,Iglas,98
Uttar Pradesh,Ikauna,99
Uttar Pradesh,Intiyathok,100
Uttar Pradesh,Isanager,1
Uttar Pradesh,Islamnagar,2
Uttar Pradesh,Itwa,3
Uttar Pradesh,Jagat,4
Uttar Pradesh,Jagatpur,5
Uttar Pradesh,Jagdishpur,6
Uttar Pradesh,Jagir,7
Uttar Pradesh,Jagner,8
Uttar Pradesh,Jahagirganj,9
Uttar Pradesh,Jahanaganj,10
Uttar Pradesh,Jaisinghpur,11
Uttar Pradesh,Jaithra,12
Uttar Pradesh,Jaitpur,13
Uttar Pradesh,Jaitpur Kalan,14
Uttar Pradesh,Jakhania,15
Uttar Pradesh,Jakhora,16
Uttar Pradesh,Jalalabad,17
Uttar Pradesh,Jalalpur,18
Uttar Pradesh,Jalaun,19
Uttar Pradesh,Jalesar,20
Uttar Pradesh,Jalilpur,21
Uttar Pradesh,Jamalpur,22
Uttar Pradesh,Jamania,23
Uttar Pradesh,Jamo,24
Uttar Pradesh,Jamunha,25
Uttar Pradesh,Jani Khurd,26
Uttar Pradesh,Jansath,27
Uttar Pradesh,Jarwal,28
Uttar Pradesh,Jaspura,29
Uttar Pradesh,Jasra,30
Uttar Pradesh,Jasrana,31
Uttar Pradesh,Jaswantnagar,32
Uttar Pradesh,Jatipur,33
Uttar Pradesh,Jawan,34
Uttar Pradesh,Jewar,35
Uttar Pradesh,Jhangirabad,36
Uttar Pradesh,Jhanijhri,37
Uttar Pradesh,Jhinjhak,38
Uttar Pradesh,Jogiya,39
Uttar Pradesh,Joya,40
Uttar Pradesh,Junawai,41
Uttar Pradesh,Jungle Kaudia,42
Uttar Pradesh,Kabarai,43
Uttar Pradesh,Kachhauna,44
Uttar Pradesh,Kadaura,45
Uttar Pradesh,Kadipur,46
Uttar Pradesh,Kaimganj,47
Uttar Pradesh,Kairana,48
Uttar Pradesh,Kaisarganj,49
Uttar Pradesh,Kakori,50
Uttar Pradesh,Kakvan,51
Uttar Pradesh,Kalakankar,52
Uttar Pradesh,Kalan,53
Uttar Pradesh,Kalyanpur,54
Uttar Pradesh,Kamalganj,55
Uttar Pradesh,Kamasin,56
Uttar Pradesh,Kandhala,57
Uttar Pradesh,Kannauj,58
Uttar Pradesh,Kanth,59
Uttar Pradesh,Kaptan Ganj,60
Uttar Pradesh,Kaptanganj,61
Uttar Pradesh,Kara,62
Uttar Pradesh,Karanda,63
Uttar Pradesh,Karanja Kala,64
Uttar Pradesh,Karchhana,65
Uttar Pradesh,Karhal,66
Uttar Pradesh,Kasganj,67
Uttar Pradesh,Kashividyapith,68
Uttar Pradesh,Kasimabad,69
Uttar Pradesh,Kasiya,70
Uttar Pradesh,Kasmanda,71
Uttar Pradesh,Katehari,72
Uttar Pradesh,Katra Khudaganj,73
Uttar Pradesh,Katrabazar,74
Uttar Pradesh,Kaudihar,75
Uttar Pradesh,Kaundhiyara,76
Uttar Pradesh,Kauri Ram,77
Uttar Pradesh,Kaushambi,78
Uttar Pradesh,Kerakat,79
Uttar Pradesh,Khadda,80
Uttar Pradesh,Khair,81
Uttar Pradesh,Khairabad,82
Uttar Pradesh,Khairgarh,83
Uttar Pradesh,Khajani,84
Uttar Pradesh,Khajuha,85
Uttar Pradesh,Khalilabad,86
Uttar Pradesh,Khandauli,87
Uttar Pradesh,Kharkhoda,88
Uttar Pradesh,Khatauli,89
Uttar Pradesh,Khekra,90
Uttar Pradesh,Kheragarh,91
Uttar Pradesh,Kheron,92
Uttar Pradesh,Khesraha,93
Uttar Pradesh,Khorabar,94
Uttar Pradesh,Khurja,95
Uttar Pradesh,Khutahan,96
Uttar Pradesh,Khuttar,97
Uttar Pradesh,Kiratpur,98
Uttar Pradesh,Kishni,99
Uttar Pradesh,Kiyara,100
Uttar Pradesh,Kon,1
Uttar Pradesh,Konch,2
Uttar Pradesh,Kopaganj,3
Uttar Pradesh,Koraon,4
Uttar Pradesh,Kothawan,5
Uttar Pradesh,Kotwali,6
Uttar Pradesh,Koyalasa,7
Uttar Pradesh,Kudraha,8
Uttar Pradesh,Kuhniyaon,9
Uttar Pradesh,Kumbhi / Gola,10
Uttar Pradesh,Kunda,11
Uttar Pradesh,Kurara,12
Uttar Pradesh,Kurawali,13
Uttar Pradesh,Kurebhar,14
Uttar Pradesh,Kurwar,15
Uttar Pradesh,Kuthond,16
Uttar Pradesh,Laharpur,17
Uttar Pradesh,Lakhawati,18
Uttar Pradesh,Lakhimpur,19
Uttar Pradesh,Lalauri Khera,20
Uttar Pradesh,Lalganj,21
Uttar Pradesh,Lambhua,22
Uttar Pradesh,Lar,23
Uttar Pradesh,Laxmanpur,24
Uttar Pradesh,Laxmipur,25
Uttar Pradesh,Lodha,26
Uttar Pradesh,Loni,27
Uttar Pradesh,Machhali Shahar,28
Uttar Pradesh,Machhra,29
Uttar Pradesh,Machrehta,30
Uttar Pradesh,Madanpur,31
Uttar Pradesh,Madawara,32
Uttar Pradesh,Madhoganj,33
Uttar Pradesh,Madhogarh,34
Uttar Pradesh,Madihan,35
Uttar Pradesh,Madnapur,36
Uttar Pradesh,Maharajganj,37
Uttar Pradesh,Mahasi,38
Uttar Pradesh,Mahewa,39
Uttar Pradesh,Mahewah,40
Uttar Pradesh,Mahmoodabad,41
Uttar Pradesh,Maholi,42
Uttar Pradesh,Mahrajganj,43
Uttar Pradesh,Mahroni,44
Uttar Pradesh,Mahua,45
Uttar Pradesh,Mainpuri,46
Uttar Pradesh,Maitha,47
Uttar Pradesh,Majhawa,48
Uttar Pradesh,Majhgawan,49
Uttar Pradesh,Malasa,50
Uttar Pradesh,Malihabad,51
Uttar Pradesh,Mall,52
Uttar Pradesh,Mallawan,53
Uttar Pradesh,Malwan,54
Uttar Pradesh,Manda,55
Uttar Pradesh,Mandhata,56
Uttar Pradesh,Mangraura,57
Uttar Pradesh,Maniar,58
Uttar Pradesh,Manihari,59
Uttar Pradesh,Manikpur,60
Uttar Pradesh,Manjhanpur,61
Uttar Pradesh,Mankapur,62
Uttar Pradesh,Manth,63
Uttar Pradesh,Maradah,64
Uttar Pradesh,Marauri,65
Uttar Pradesh,Marhara,66
Uttar Pradesh,Mariyahun,67
Uttar Pradesh,Martinganj,68
Uttar Pradesh,Masauli,69
Uttar Pradesh,Masodha,70
Uttar Pradesh,Mathura,71
Uttar Pradesh,Mau,72
Uttar Pradesh,Mau Aima,73
Uttar Pradesh,Maudaha,74
Uttar Pradesh,Mauranipur,75
Uttar Pradesh,Mawai,76
Uttar Pradesh,Mawana,77
Uttar Pradesh,Maya Bazar,78
Uttar Pradesh,Meerganj,79
Uttar Pradesh,Meerut,80
Uttar Pradesh,Mehdawal,81
Uttar Pradesh,Mehnagar,82
Uttar Pradesh,Meza,83
Uttar Pradesh,Miaon,84
Uttar Pradesh,Mihinpurwa,85
Uttar Pradesh,Milak,86
Uttar Pradesh,Milkipur,87
Uttar Pradesh,Mirzapur,88
Uttar Pradesh,Mishrikh,89
Uttar Pradesh,Mitauli,90
Uttar Pradesh,Mithaura,91
Uttar Pradesh,Mithwal,92
Uttar Pradesh,Miyaganj,93
Uttar Pradesh,Mohammadabad,94
Uttar Pradesh,Mohammadpur,95
Uttar Pradesh,Mohammdabad,96
Uttar Pradesh,Mohammdi,97
Uttar Pradesh,Mohanlalganj,98
Uttar Pradesh,Mohd. Pur Deomal,99
Uttar Pradesh,Mooratganj,100
Uttar Pradesh,Moradabad,1
Uttar Pradesh,Morna,2
Uttar Pradesh,Moth,3
Uttar Pradesh,Moti Chak,4
Uttar Pradesh,Motigarpur,5
Uttar Pradesh,Muftiganj,6
Uttar Pradesh,Muhammadabad,7
Uttar Pradesh,Mujehna,8
Uttar Pradesh,Mundapandey,9
Uttar Pradesh,Mungra Badshapur,10
Uttar Pradesh,Muradnagar,11
Uttar Pradesh,Murlichhapra,12
Uttar Pradesh,Mursan,13
Uttar Pradesh,Musafirkhana,14
Uttar Pradesh,Muskara,15
Uttar Pradesh,Muzaffarabad,16
Uttar Pradesh,Muzaffarnagar,17
Uttar Pradesh,Myorepur,18
Uttar Pradesh,Nadigaon,19
Uttar Pradesh,Nagal,20
Uttar Pradesh,Nagar (City),21
Uttar Pradesh,Nagra,22
Uttar Pradesh,Nagwa,23
Uttar Pradesh,Nahjheel,24
Uttar Pradesh,Najibabad,25
Uttar Pradesh,Nakaha,26
Uttar Pradesh,Nakur,27
Uttar Pradesh,Nanauta,28
Uttar Pradesh,Nandgaon,29
Uttar Pradesh,Naraini,30
Uttar Pradesh,Narainpur,31
Uttar Pradesh,Narkhi,32
Uttar Pradesh,Nath Nagar,33
Uttar Pradesh,Naugarh,34
Uttar Pradesh,Nautanwa,35
Uttar Pradesh,Nawabganj,36
Uttar Pradesh,Nawanagar,37
Uttar Pradesh,Nebuwa Naurangiya,38
Uttar Pradesh,Nehtaur,39
Uttar Pradesh,Newada,40
Uttar Pradesh,Nichlaul,41
Uttar Pradesh,Nidhauli Kalan,42
Uttar Pradesh,Nidura,43
Uttar Pradesh,Nighasan,44
Uttar Pradesh,Nigohi,45
Uttar Pradesh,Niyamatabad,46
Uttar Pradesh,Noorpur,47
Uttar Pradesh,Pachpedwa,48
Uttar Pradesh,Padrauna,49
Uttar Pradesh,Pahadi,50
Uttar Pradesh,Pahari,51
Uttar Pradesh,Pahasu,52
Uttar Pradesh,Pahla,53
Uttar Pradesh,Palhani,54
Uttar Pradesh,Palhna,55
Uttar Pradesh,Pali,56
Uttar Pradesh,Paliya,57
Uttar Pradesh,Pandah,58
Uttar Pradesh,Pandari Kripal,59
Uttar Pradesh,Paniyara,60
Uttar Pradesh,Panwari,61
Uttar Pradesh,Paraspur,62
Uttar Pradesh,Parasurampur,63
Uttar Pradesh,Pardaha,64
Uttar Pradesh,Parikshatgarh,65
Uttar Pradesh,Parsendi,66
Uttar Pradesh,Partapur Kamaicha,67
Uttar Pradesh,Partawal,68
Uttar Pradesh,Pasgawan,69
Uttar Pradesh,Patara,70
Uttar Pradesh,Patherdeva,71
Uttar Pradesh,Patiyali,72
Uttar Pradesh,Patti,73
Uttar Pradesh,Pauli,74
Uttar Pradesh,Pawai,75
Uttar Pradesh,Pawansa,76
Uttar Pradesh,Payagpur,77
Uttar Pradesh,Pharenda,78
Uttar Pradesh,Phoolbehar,79
Uttar Pradesh,Phoolpur,80
Uttar Pradesh,Pihani,81
Uttar Pradesh,Pilana,82
Uttar Pradesh,Pinahat,83
Uttar Pradesh,Pindra,84
Uttar Pradesh,Pipraich,85
Uttar Pradesh,Piprauli,86
Uttar Pradesh,Pisawan,87
Uttar Pradesh,Powayan,88
Uttar Pradesh,Pratappur,89
Uttar Pradesh,Pura Bazar,90
Uttar Pradesh,Puranpur,91
Uttar Pradesh,Puredalai,92
Uttar Pradesh,Purkazi,93
Uttar Pradesh,Purwa,94
Uttar Pradesh,Puwarka,95
Uttar Pradesh,Quaderchowk,96
Uttar Pradesh,Rahi,97
Uttar Pradesh,Raj Garh,98
Uttar Pradesh,Rajapur,99
Uttar Pradesh,Rajepur,100
Uttar Pradesh,Rajpur,1
Uttar Pradesh,Rajpura,2
Uttar Pradesh,Ram Nagar,3
Uttar Pradesh,Ramia Behar,4
Uttar Pradesh,Ramkola,5
Uttar Pradesh,Ramnagar,6
Uttar Pradesh,Ramnager,7
Uttar Pradesh,Rampur,8
Uttar Pradesh,Rampur Karkhana,9
Uttar Pradesh,Rampur Maniharan,10
Uttar Pradesh,Rampur Sangramgarh,11
Uttar Pradesh,Rampura,12
Uttar Pradesh,Rampurmathura,13
Uttar Pradesh,Rani Ki Sarai,14
Uttar Pradesh,Ranipur,15
Uttar Pradesh,Rasda,16
Uttar Pradesh,Rasoolabad,17
Uttar Pradesh,Rasoolpur Rhota,18
Uttar Pradesh,Rath,19
Uttar Pradesh,Rattanpura,20
Uttar Pradesh,Raya,21
Uttar Pradesh,Rehra,22
Uttar Pradesh,Reosa,23
Uttar Pradesh,Reoti,24
Uttar Pradesh,Reotipur,25
Uttar Pradesh,Risia,26
Uttar Pradesh,Robertsganj,27
Uttar Pradesh,Rohania,28
Uttar Pradesh,Rudauli,29
Uttar Pradesh,Rudhauli,30
Uttar Pradesh,Rudrapur,31
Uttar Pradesh,Rupaiyeedeeh,32
Uttar Pradesh,Sadabad,33
Uttar Pradesh,Sadar,34
Uttar Pradesh,Sadat,35
Uttar Pradesh,Sadholi Quadim,36
Uttar Pradesh,Safipur,37
Uttar Pradesh,Sahapur,38
Uttar Pradesh,Sahar,39
Uttar Pradesh,Sahaswan,40
Uttar Pradesh,Sahawar,41
Uttar Pradesh,Sahjanwa,42
Uttar Pradesh,Sahpau,43
Uttar Pradesh,Saidabad,44
Uttar Pradesh,Saidnagar,45
Uttar Pradesh,Saidpur,46
Uttar Pradesh,Saifai,47
Uttar Pradesh,Saiyan,48
Uttar Pradesh,Sakaldiha,49
Uttar Pradesh,Sakit,50
Uttar Pradesh,Sakran,51
Uttar Pradesh,Salarpur,52
Uttar Pradesh,Salon,53
Uttar Pradesh,Saltauwa Gopalpur,54
Uttar Pradesh,Samariyawan,55
Uttar Pradesh,Sambhal,56
Uttar Pradesh,Samrer,57
Uttar Pradesh,Sandalpur,58
Uttar Pradesh,Sandi,59
Uttar Pradesh,Sandila,60
Uttar Pradesh,Sandwa Chandika,61
Uttar Pradesh,Sangipur,62
Uttar Pradesh,Sangrampur,63
Uttar Pradesh,Santha,64
Uttar Pradesh,Saraini,65
Uttar Pradesh,Sardarnagar,66
Uttar Pradesh,Sardhana,67
Uttar Pradesh,Sarila,68
Uttar Pradesh,Sarojininagar,69
Uttar Pradesh,Saroorpur,70
Uttar Pradesh,Sarsaul,71
Uttar Pradesh,Sarsawa,72
Uttar Pradesh,Sarsawan,73
Uttar Pradesh,Sarwan Khera,74
Uttar Pradesh,Sasani,75
Uttar Pradesh,Satawan,76
Uttar Pradesh,Sathiyaon,77
Uttar Pradesh,Saun Ghat,78
Uttar Pradesh,Saurikh,79
Uttar Pradesh,Sear,80
Uttar Pradesh,Selempur,81
Uttar Pradesh,Seohara,82
Uttar Pradesh,Seorahi,83
Uttar Pradesh,Sewapuri,84
Uttar Pradesh,Shahabganj,85
Uttar Pradesh,Shahbad,86
Uttar Pradesh,Shahganj,87
Uttar Pradesh,Shahgarh,88
Uttar Pradesh,Shamashabad,89
Uttar Pradesh,Shamli,90
Uttar Pradesh,Shamsabad,91
Uttar Pradesh,Shankergarh,92
Uttar Pradesh,Sheetalpur,93
Uttar Pradesh,Sheogarh,94
Uttar Pradesh,Shergrah,95
Uttar Pradesh,Shikarpur,96
Uttar Pradesh,Shikohabad,97
Uttar Pradesh,Shivgarh,98
Uttar Pradesh,Shivpur,99
Uttar Pradesh,Shivrajpur,100
Uttar Pradesh,Shohaon,1
Uttar Pradesh,Shohratgarh,2
Uttar Pradesh,Siddhaur,3
Uttar Pradesh,Sidhauli,4
Uttar Pradesh,Sidhpura,5
Uttar Pradesh,Sikandarpsur Karan,6
Uttar Pradesh,Sikandrabad,7
Uttar Pradesh,Sikendra-Rao,8
Uttar Pradesh,Sikhar,9
Uttar Pradesh,Sikrandarpur Sirosi,10
Uttar Pradesh,Sikrara,11
Uttar Pradesh,Simbhawali,12
Uttar Pradesh,Sindhauli,13
Uttar Pradesh,Singhpur,14
Uttar Pradesh,Sirathu,15
Uttar Pradesh,Sirauli Gauspur,16
Uttar Pradesh,Sirkoni,17
Uttar Pradesh,Sirsia,18
Uttar Pradesh,Siswa,19
Uttar Pradesh,Sohawal,20
Uttar Pradesh,Soraon,21
Uttar Pradesh,Soron,22
Uttar Pradesh,Sriduttganj,23
Uttar Pradesh,Suar,24
Uttar Pradesh,Suitha Kala,25
Uttar Pradesh,Sujanganj,26
Uttar Pradesh,Sukrauli,27
Uttar Pradesh,Sultanganj,28
Uttar Pradesh,Sumerpur,29
Uttar Pradesh,Suratganj,30
Uttar Pradesh,Suriyawan,31
Uttar Pradesh,Sursa,32
Uttar Pradesh,Syana,33
Uttar Pradesh,Tahbarpur,34
Uttar Pradesh,Takha,35
Uttar Pradesh,Talbehat,36
Uttar Pradesh,Talgram,37
Uttar Pradesh,Tamkuhi,38
Uttar Pradesh,Tanda,39
Uttar Pradesh,Tandiyawan,40
Uttar Pradesh,Tappal,41
Uttar Pradesh,Tarabganj,42
Uttar Pradesh,TARKULWA,43
Uttar Pradesh,Tarun,44
Uttar Pradesh,Tarwa,45
Uttar Pradesh,Tejwapur,46
Uttar Pradesh,Teliyani,47
Uttar Pradesh,Thakurdwara,48
Uttar Pradesh,Thanabhawan,49
Uttar Pradesh,Thekma,50
Uttar Pradesh,Tilhar,51
Uttar Pradesh,Tiloi,52
Uttar Pradesh,Tindwari,53
Uttar Pradesh,Todarpur,54
Uttar Pradesh,Trivediganj,55
Uttar Pradesh,Tulsipur,56
Uttar Pradesh,Tundla,57
Uttar Pradesh,Ujhani,58
Uttar Pradesh,Umarda,59
Uttar Pradesh,Un,60
Uttar Pradesh,Unchagaon,61
Uttar Pradesh,Unchahar,62
Uttar Pradesh,Urua,63
Uttar Pradesh,Urwa,64
Uttar Pradesh,Usawan,65
Uttar Pradesh,Uska,66
Uttar Pradesh,Utraula,67
Uttar Pradesh,Vijaipur,68
Uttar Pradesh,Vikramjot,69
Uttar Pradesh,Visheshwarganj,70
Uttar Pradesh,Visunpura,71
Uttar Pradesh,Wazeer Ganj,72
Uttar Pradesh,Wazirganj,73
Uttarakhand,Augustmuni,74
Uttarakhand,Bageshwar,75
Uttarakhand,Bahadrabad,76
Uttarakhand,Barakot,77
Uttarakhand,Bazpur,78
Uttarakhand,Berinag,79
Uttarakhand,Betalghat,80
Uttarakhand,Bhagwanpur,81
Uttarakhand,Bhailgana,82
Uttarakhand,Bhaisiachhana,83
Uttarakhand,Bhatwari,84
Uttarakhand,Bhikiyasain,85
Uttarakhand,Bhimtal,86
Uttarakhand,Bin,87
Uttarakhand,Birokhal,88
Uttarakhand,Chakarata,89
Uttarakhand,Chamba,90
Uttarakhand,Champawat,91
Uttarakhand,Chaukhutia,92
Uttarakhand,Chinyalisaur,93
Uttarakhand,Dasoli,94
Uttarakhand,Devprayag,95
Uttarakhand,Dewal,96
Uttarakhand,Dharchula,97
Uttarakhand,Dhari,98
Uttarakhand,Dhauladevi,99
Uttarakhand,Didihat,100
Uttarakhand,Doiwala,1
Uttarakhand,Dugada,2
Uttarakhand,Dunda,3
Uttarakhand,Dwarahat,4
Uttarakhand,Dwarikhal,5
Uttarakhand,Ekeshwar,6
Uttarakhand,Gaderpur,7
Uttarakhand,Gairsain,8
Uttarakhand,Gangolihat,9
Uttarakhand,Garur,10
Uttarakhand,Ghat,11
Uttarakhand,Haldwani,12
Uttarakhand,Hawalbag,13
Uttarakhand,Jakhnidhar,14
Uttarakhand,Jakholi,15
Uttarakhand,Jaspur,16
Uttarakhand,Jaunpur,17
Uttarakhand,Joshimath,18
Uttarakhand,Kahatima,19
Uttarakhand,Kaljikhal,20
Uttarakhand,Kalsi,21
Uttarakhand,Kanalichina,22
Uttarakhand,Kapkote,23
Uttarakhand,Karanprayag,24
Uttarakhand,Kashipur,25
Uttarakhand,Khanpur,26
Uttarakhand,Khirsu,27
Uttarakhand,Kirti Nagar,28
Uttarakhand,Kot,29
Uttarakhand,Kotabagh,30
Uttarakhand,Laksar,31
Uttarakhand,Lamgara,32
Uttarakhand,Lohaghat,33
Uttarakhand,Mori,34
Uttarakhand,Munakote,35
Uttarakhand,Munsyari,36
Uttarakhand,Nainidanda,37
Uttarakhand,Narayan Bagar,38
Uttarakhand,Narendra Nagar,39
Uttarakhand,Narsan,40
Uttarakhand,Naugaon,41
Uttarakhand,Okalkanda,42
Uttarakhand,Pabo,43
Uttarakhand,Pati,44
Uttarakhand,Pauri,45
Uttarakhand,Pokhra,46
Uttarakhand,Pokhri,47
Uttarakhand,Pratap Nagar,48
Uttarakhand,Purola,49
Uttarakhand,Raipur,50
Uttarakhand,Ramgarh,51
Uttarakhand,Ramnagar,52
Uttarakhand,Rikhinkhal,53
Uttarakhand,Roorkee,54
Uttarakhand,Rudrapur,55
Uttarakhand,Sahaspur,56
Uttarakhand,Sitarganj,57
Uttarakhand,Sult,58
Uttarakhand,Syaldey,59
Uttarakhand,Takula,60
Uttarakhand,Tarikhet,61
Uttarakhand,Thalisain,62
Uttarakhand,Tharali,63
Uttarakhand,Thauldhar,64
Uttarakhand,Ukimath,65
Uttarakhand,Vikasnagar,66
Uttarakhand,Yamkeshwar,67
Uttarakhand,Zahrikhal,68
West Bengal,Alipurduar-I,69
West Bengal,Alipurduar-II,70
West Bengal,Amdanga,71
West Bengal,Amta-I,72
West Bengal,Amta-II,73
West Bengal,Andal,74
West Bengal,Arambag,75
West Bengal,Arsha,76
West Bengal,Ausgram-I,77
West Bengal,Ausgram-II,78
West Bengal,Baduria,79
West Bengal,Bagdah,80
West Bengal,Bagmundi,81
West Bengal,Bagnan-I,82
West Bengal,Bagnan-II,83
West Bengal,Balagarh,84
West Bengal,Balarampur,85
West Bengal,Ballyjagacha,86
West Bengal,Balurghat,87
West Bengal,Bamongola,88
West Bengal,Bankura-I,89
West Bengal,Bankura-II,90
West Bengal,Bansihari,91
West Bengal,Barabazar,92
West Bengal,Baraboni,93
West Bengal,Barasat II,94
West Bengal,Barasat-I,95
West Bengal,Barjora,96
West Bengal,Barrackpore II,97
West Bengal,Barrackpore-I,98
West Bengal,Baruipur,99
West Bengal,Basanti,100
West Bengal,Basirhat II,1
West Bengal,Basirhat-I,2
West Bengal,Beldanga I,3
West Bengal,Beldanga-II,4
West Bengal,Berhampore,5
West Bengal,Bhagawangola I,6
West Bengal,Bhagawangola-II,7
West Bengal,Bhagwanpur I,8
West Bengal,Bhagwanpur II,9
West Bengal,Bhangar-I,10
West Bengal,Bhangar-II,11
West Bengal,Bharatpur-I,12
West Bengal,Bharatpur-II,13
West Bengal,Bhatar,14
West Bengal,Binpur I,15
West Bengal,Binpur II,16
West Bengal,Bishnupur-I,17
West Bengal,Bishnupur-II,18
West Bengal,Bolpur  Sriniketan,19
West Bengal,Bongaon,20
West Bengal,Budge Budge-I,21
West Bengal,Budge Budge-II,22
West Bengal,Bundwan,23
West Bengal,Burdwan-I,24
West Bengal,Burdwan-II,25
West Bengal,Burwan,26
West Bengal,Canning-I,27
West Bengal,Canning-II,28
West Bengal,Chakdaha,29
West Bengal,Chanchal-I,30
West Bengal,Chanchal-II,31
West Bengal,Chandipur,32
West Bengal,Chanditala-I,33
West Bengal,Chanditala-II,34
West Bengal,Chandrakona I,35
West Bengal,Chandrakona II,36
West Bengal,Chapra,37
West Bengal,Chatna,38
West Bengal,Chinsura-Mogra,39
West Bengal,Chopra,40
West Bengal,Contai I,41
West Bengal,Contai II,42
West Bengal,Contai III,43
West Bengal,Coochbehar-I,44
West Bengal,Coochbehar-II,45
West Bengal,Dantan I,46
West Bengal,Dantan II,47
West Bengal,Dar-Pulbazar,48
West Bengal,Daspur I,49
West Bengal,Daspur II,50
West Bengal,Debra,51
West Bengal,Deganga,52
West Bengal,Dhaniakhali,53
West Bengal,Dhupguri,54
West Bengal,Diamond-Harbour-I,55
West Bengal,Diamond-Harbour-II,56
West Bengal,Dinhata-I,57
West Bengal,Dinhata-II,58
West Bengal,Domjur,59
West Bengal,Domkal,60
West Bengal,Dubrajpur,61
West Bengal,Durgapur-Faridpur,62
West Bengal,Egra I,63
West Bengal,Egra II,64
West Bengal,English Bazar,65
West Bengal,Falakata,66
West Bengal,Falta,67
West Bengal,Farakka,68
West Bengal,Gaighata,69
West Bengal,Galsi-I,70
West Bengal,Galsi-II,71
West Bengal,Gangajalghati,72
West Bengal,Gangarampur,73
West Bengal,Garbeta I,74
West Bengal,Garbeta II,75
West Bengal,Garbeta III,76
West Bengal,Garubathan,77
West Bengal,Gazole,78
West Bengal,Ghatal,79
West Bengal,Goalpokhar-I,80
West Bengal,Goalpokhar-II,81
West Bengal,Goghat-I,82
West Bengal,Goghat-II,83
West Bengal,Gopiballavpur I,84
West Bengal,Gopiballavpur II,85
West Bengal,Gosaba,86
West Bengal,Habibpur,87
West Bengal,Habra-I,88
West Bengal,Habra-II,89
West Bengal,Haldia,90
West Bengal,Haldibari,91
West Bengal,Hanskhali,92
West Bengal,Hariharpara,93
West Bengal,Haringhata,94
West Bengal,Haripal,95
West Bengal,Harirampur,96
West Bengal,Harishchandrapur-I,97
West Bengal,Harishchandrapur-II,98
West Bengal,Haroa,99
West Bengal,Hasnabad,100
West Bengal,Hemtabad,1
West Bengal,Hili,2
West Bengal,Hingalganj,3
West Bengal,Hura,4
West Bengal,Illambazar,5
West Bengal,Indpur,6
West Bengal,Indus,7
West Bengal,Islampur,8
West Bengal,Itahar,9
West Bengal,Jagatballavpur,10
West Bengal,Jaipur,11
West Bengal,Jalangi,12
West Bengal,Jalpaiguri-Sadar,13
West Bengal,Jamalpur,14
West Bengal,Jamboni,15
West Bengal,Jamuria,16
West Bengal,Jangipara,17
West Bengal,Jaynagar-I,18
West Bengal,Jaynagar-II,19
West Bengal,Jaypur,20
West Bengal,Jhalda-I,21
West Bengal,Jhalda-II,22
West Bengal,Jhargram,23
West Bengal,Jorebunglow-Sukhiapokhri,24
West Bengal,Kakdwip,25
West Bengal,Kalchini,26
West Bengal,Kaliachak-I,27
West Bengal,Kaliachak-II,28
West Bengal,Kaliachak-IIi,29
West Bengal,Kaliaganj,30
West Bengal,Kaliganj,31
West Bengal,Kalimpong-I,32
West Bengal,Kalimpong-II,33
West Bengal,Kalna-I,34
West Bengal,Kalna-II,35
West Bengal,Kandi,36
West Bengal,Kanksa,37
West Bengal,Karandighi,38
West Bengal,Karimpur-I,39
West Bengal,Karimpur-II,40
West Bengal,Kashipur,41
West Bengal,Katwa-I,42
West Bengal,Katwa-II,43
West Bengal,Keshiary,44
West Bengal,Keshpur,45
West Bengal,Ketugram-I,46
West Bengal,Ketugram-II,47
West Bengal,Khanakul-I,48
West Bengal,Khanakul-II,49
West Bengal,Khandaghosh,50
West Bengal,Kharagpur I,51
West Bengal,Kharagpur II,52
West Bengal,Khargram,53
West Bengal,Kharibari,54
West Bengal,Khatra-I,55
West Bengal,Khatra-II,56
West Bengal,Khejuri I,57
West Bengal,Khejuri II,58
West Bengal,Khoyrasol,59
West Bengal,Kotulpur,60
West Bengal,Krishnaganj,61
West Bengal,Krishnagar-I,62
West Bengal,Krishnagar-II,63
West Bengal,Kulpi,64
West Bengal,Kultali,65
West Bengal,Kumarganj,66
West Bengal,Kumargram,67
West Bengal,Kurseong,68
West Bengal,Kushmandi,69
West Bengal,Labpur,70
West Bengal,Lalgola,71
West Bengal,Madarihat,72
West Bengal,Magrahat-I,73
West Bengal,Magrahat-II,74
West Bengal,Mahisadal,75
West Bengal,Mal,76
West Bengal,Manbazar-I,77
West Bengal,Manbazar-II,78
West Bengal,Mandirbazar,79
West Bengal,Manikchak,80
West Bengal,Mathabhanga-I,81
West Bengal,Mathabhanga-II,82
West Bengal,Mathurapur-I,83
West Bengal,Mathurapur-II,84
West Bengal,Matiali,85
West Bengal,Matigara,86
West Bengal,Maynaguri,87
West Bengal,Mayureswar-I,88
West Bengal,Mayureswar-II,89
West Bengal,Md.Bazar,90
West Bengal,Mejia,91
West Bengal,Mekhliganj,92
West Bengal,Memari-I,93
West Bengal,Memari-II,94
West Bengal,Midnapur Sadar,95
West Bengal,Minakhan,96
West Bengal,Mirik,97
West Bengal,Mohanpur,98
West Bengal,Mongolkote,99
West Bengal,Monteswar,100
West Bengal,Moyna,1
West Bengal,Msd-Jiaganj,2
West Bengal,Murarai-I,3
West Bengal,Murarai-II,4
West Bengal,Nabadwip,5
West Bengal,Nabagram,6
West Bengal,Nagrakata,7
West Bengal,Nakashipara,8
West Bengal,Nalhati-I,9
West Bengal,Nalhati-II,10
West Bengal,Namkhana,11
West Bengal,Nandakumar,12
West Bengal,Nandigram I,13
West Bengal,Nandigram II,14
West Bengal,Nanoor,15
West Bengal,Narayangarh,16
West Bengal,Naxalbari,17
West Bengal,Nayagram,18
West Bengal,Neturia,19
West Bengal,Nowda,20
West Bengal,Old Malda,21
West Bengal,Onda,22
West Bengal,Panchla,23
West Bengal,Pandabeswar,24
West Bengal,Pandua,25
West Bengal,Panskura I,26
West Bengal,Panskura II,27
West Bengal,Para,28
West Bengal,Patashpur I,29
West Bengal,Patashpur II,30
West Bengal,Patharpratima,31
West Bengal,Patrasayar,32
West Bengal,Phansidewa,33
West Bengal,Pingla,34
West Bengal,Polba-Dadpur,35
West Bengal,Puncha,36
West Bengal,Purbasthali-I,37
West Bengal,Purbasthali-II,38
West Bengal,Pursura,39
West Bengal,Purulia-I,40
West Bengal,Purulia-II,41
West Bengal,Raghunathganj-I,42
West Bengal,Raghunathganj-II,43
West Bengal,Raghunathpur-I,44
West Bengal,Raghunathpur-II,45
West Bengal,Raiganj,46
West Bengal,Raina-I,47
West Bengal,Raina-II,48
West Bengal,Raipur-I(Raipur),49
West Bengal,Raipur-II(Sarenga),50
West Bengal,Rajarhat,51
West Bengal,Rajganj,52
West Bengal,Rajnagar,53
West Bengal,Ramnagar I,54
West Bengal,Ramnagar II,55
West Bengal,Rampurhat-I,56
West Bengal,Rampurhat-II,57
West Bengal,Ranaghat-I,58
West Bengal,Ranaghat-II,59
West Bengal,Rangli Rangliot,60
West Bengal,Ranibandh,61
West Bengal,Raniganj,62
West Bengal,Raninagar-I,63
West Bengal,Raninagar-II,64
West Bengal,Ratua-I,65
West Bengal,Ratua-II,66
West Bengal,Sabong,67
West Bengal,Sagar,68
West Bengal,Sagardighi,69
West Bengal,Sahid Matangini,70
West Bengal,Sainthia,71
West Bengal,Salanpur,72
West Bengal,Salboni,73
West Bengal,Saltora,74
West Bengal,Samserganj,75
West Bengal,Sandeshkhali-I,76
West Bengal,Sandeshkhali-II,77
West Bengal,Sankrail,78
West Bengal,Santipur,79
West Bengal,Santuri,80
West Bengal,Serampore-Uttarpara,81
West Bengal,Shyampur-I,82
West Bengal,Shyampur-II,83
West Bengal,Simlapal,84
West Bengal,Singur,85
West Bengal,Sitai,86
West Bengal,Sitalkuchi,87
West Bengal,Sonamukhi,88
West Bengal,Sonarpur,89
West Bengal,Suri-I,90
West Bengal,Suri-II,91
West Bengal,Sutahata,92
West Bengal,Suti-I,93
West Bengal,Suti-II,94
West Bengal,Swarupnagar,95
West Bengal,Taldangra,96
West Bengal,Tamluk,97
West Bengal,Tapan,98
West Bengal,Tarakeswar,99
West Bengal,Tehatta-I,100
West Bengal,Tehatta-II,1
West Bengal,Tha-Maheshtala,2
West Bengal,Tufanganj-I,3
West Bengal,Tufanganj-II,4
West Bengal,Udaynarayanpur,5
West Bengal,Uluberia-I,6
West Bengal,Uluberia-II,7
West Bengal,Vishnupur,8
