{
"type": "FeatureCollection",
"name": "India-1931-states",
"crs": { "type": "name", "properties": { "name": "urn:ogc:def:crs:OGC:1.3:CRS84" } },
"features": [
{ "type": "Feature", "properties": { "state_name": "Ajmer Merwara", "id": 1 }, "geometry": { "type": "Polygon", "coordinates": [ [ [ 74.934986164185446, 26.185202875987404 ], [ 74.956856796886782, 26.117121601867886 ], [ 74.962845723391297, 26.007820366358214 ], [ 74.974768380875574, 25.891350804999401 ], [ 75.014381843615382, 25.834011469541156 ], [ 75.01635354396312, 25.773086147487177 ], [ 74.980732915759418, 25.758750396085091 ], [ 74.883771089674013, 25.758705276802285 ], [ 74.755137901312352, 25.763921506570778 ], [ 74.640422766071978, 25.743972386120451 ], [ 74.565206381648167, 25.75272675249601 ], [ 74.456193414422913, 25.793573496620574 ], [ 74.335427516820985, 25.798447356774314 ], [ 74.272242266967837, 25.773059274921483 ], [ 74.242922471061902, 25.715571083214979 ], [ 74.184329020877996, 25.605952967662191 ], [ 74.094346039815875, 25.483578325442277 ], [ 73.971261707187864, 25.332253251462539 ], [ 73.849977674254774, 25.231014981476513 ], [ 73.787067044569611, 25.231467554360634 ], [ 73.759126680097552, 25.2670711686586 ], [ 73.755125145134102, 25.27301005602428 ], [ 73.762509606364233, 25.322047260125412 ], [ 73.796192601322545, 25.371301436249734 ], [ 73.820719031011819, 25.41808614079121 ], [ 73.820370080321396, 25.453918618669356 ], [ 73.828043758650438, 25.476675703107865 ], [ 73.878763135860069, 25.541575781492185 ], [ 73.901938704193398, 25.599087838742893 ], [ 73.92106371802484, 25.669705966249385 ], [ 73.96526668630348, 25.740501806202854 ], [ 74.062060507041707, 25.842690802554309 ], [ 74.122497150234878, 25.881292933493462 ], [ 74.135544702412417, 25.90287245346973 ], [ 74.144427133719958, 25.953094419331329 ], [ 74.153376406045055, 25.994954556330441 ], [ 74.228205693757218, 26.073016021822045 ], [ 74.284801567439885, 26.118698721658291 ], [ 74.301732202572765, 26.164172710018175 ], [ 74.284379066249087, 26.187977333562365 ], [ 74.249904188192232, 26.196163129730035 ], [ 74.208885083090962, 26.192359977592336 ], [ 74.202135189000927, 26.211434273714151 ], [ 74.215087971646057, 26.254506490805106 ], [ 74.246617191011524, 26.295287269235015 ], [ 74.300796511136198, 26.320645442664677 ], [ 74.364462445550458, 26.312580410137514 ], [ 74.406843053731095, 26.318734386497983 ], [ 74.441241008688678, 26.332011930152039 ], [ 74.468936439399101, 26.363173919664188 ], [ 74.499258038927962, 26.403895671582873 ], [ 74.521733183450905, 26.421889825274476 ], [ 74.556234570293441, 26.419612078880874 ], [ 74.593366944467732, 26.423305947353207 ], [ 74.646396697429836, 26.435391835507886 ], [ 74.668877133335485, 26.461724477532005 ], [ 74.683403338318527, 26.488036138810823 ], [ 74.716535784826021, 26.50960651915339 ], [ 74.738095201934883, 26.519356054324241 ], [ 74.757621355778767, 26.480656150160883 ], [ 74.793590248277937, 26.407250973650655 ], [ 74.867312993661869, 26.317749675729655 ], [ 74.934986164185446, 26.185202875987404 ] ] ] } },
{ "type": "Feature", "properties": { "state_name": "Andaman and Nicobar Islands", "id": 2 }, "geometry": { "type": "Polygon", "coordinates": [ [ [ 92.847395542152597, 12.895861668270834 ], [ 92.844194164447998, 12.832925469845552 ], [ 92.866463987778104, 12.812140581651061 ], [ 92.896183231079831, 12.778481676409111 ], [ 92.887083071051421, 12.652836544633201 ], [ 92.888291771558258, 12.630791550937261 ], [ 92.889895213933073, 12.614209923115153 ], [ 92.876987436714401, 12.609613374715773 ], [ 92.847998460776211, 12.595144157163318 ], [ 92.840067998616234, 12.58196280444144 ], [ 92.822723575508334, 12.554325423087706 ], [ 92.806841276627225, 12.547177699541153 ], [ 92.785976808295217, 12.548608016021888 ], [ 92.802136237693873, 12.460999336558544 ], [ 92.798435601450706, 12.428299392458399 ], [ 92.786736559484069, 12.420855695739938 ], [ 92.772544624971786, 12.417698966321314 ], [ 92.730634448711868, 12.417789886873669 ], [ 92.706893915381485, 12.418020552240138 ], [ 92.663577687049639, 12.418194122095352 ], [ 92.646785912956148, 12.417950472761342 ], [ 92.626998929668062, 12.455009740104947 ], [ 92.606734122902637, 12.604810638307006 ], [ 92.602669685187053, 12.646322963435164 ], [ 92.631405006228633, 12.715827795081649 ], [ 92.647659374489493, 12.766934551080428 ], [ 92.648211349217533, 12.813624894387607 ], [ 92.636835284464738, 12.850149422733468 ], [ 92.638682771791366, 12.893957873979753 ], [ 92.675539532277369, 12.901055747587113 ], [ 92.743030628293198, 12.923809944315092 ], [ 92.766623679709582, 12.940009626199238 ], [ 92.79956972980105, 12.950048654510205 ], [ 92.826037300511217, 12.948178357589418 ], [ 92.838171257855038, 12.941827189970761 ], [ 92.845623904562899, 12.928941608798356 ], [ 92.847395542152597, 12.895861668270834 ] ] ] } },
{ "type": "Feature", "properties": { "state_name": "Assam", "id": 3 }, "geometry": { "type": "Polygon", "coordinates": [ [ [ 92.063329716287939, 24.621228989916894 ], [ 92.082563081761563, 24.624268330184346 ], [ 92.086165824230207, 24.649959546337371 ], [ 92.089073287216493, 24.665162229533536 ], [ 92.093333408367926, 24.687418890519009 ], [ 92.107605167720507, 24.722159221488585 ], [ 92.110389764915155, 24.728932915068789 ], [ 92.110965536041064, 24.730333325305164 ], [ 92.116537241764277, 24.743881721522811 ], [ 92.123073507405209, 24.790112077929489 ], [ 92.12501408212637, 24.803815083314635 ], [ 92.130258562100593, 24.840796698126898 ], [ 92.134491959896877, 24.870594196756734 ], [ 92.115207141581664, 24.930313970806839 ], [ 92.114615345457722, 24.932146603720593 ], [ 92.118031711642061, 24.956120007878713 ], [ 92.121980423263821, 24.961963020730842 ], [ 92.133720393754558, 24.963996498725621 ], [ 92.182861224939955, 24.958279909276175 ], [ 92.239712317145774, 24.934706994550858 ], [ 92.264830804853631, 24.92428360346376 ], [ 92.289532423055689, 24.920259906314932 ], [ 92.296459419210279, 24.919130792700237 ], [ 92.297854214105669, 24.918897449523822 ], [ 92.310873153884771, 24.916718784895401 ], [ 92.312046699166146, 24.918200364909207 ], [ 92.336605457597088, 24.949189414250153 ], [ 92.343077668384353, 24.967551889758244 ], [ 92.348668133916291, 24.992979824116777 ], [ 92.348411140603829, 24.993991614399839 ], [ 92.341373936635009, 25.021699150096563 ], [ 92.332839338811979, 25.041868650577523 ], [ 92.326544792983555, 25.05460944570056 ], [ 92.316333987942883, 25.0752751301046 ], [ 92.313640098503782, 25.080726885961624 ], [ 92.256849593194374, 25.124109568614113 ], [ 92.158479964705194, 25.184653618881992 ], [ 92.074554843296355, 25.239960615004414 ], [ 92.018247114263403, 25.261675081945498 ], [ 92.009208751491428, 25.265158303803748 ], [ 91.970127995456934, 25.273280269355762 ], [ 91.937506129338928, 25.277142617977958 ], [ 91.915463279229101, 25.279748211783037 ], [ 91.87562229150231, 25.282705677547781 ], [ 91.767742305751781, 25.265730997760116 ], [ 91.692653346513708, 25.250075282010833 ], [ 91.638324540161307, 25.231963517001375 ], [ 91.603635244236784, 25.218689213574301 ], [ 91.597185731281314, 25.217399283895251 ], [ 91.565603864428923, 25.219435089129057 ], [ 91.447814403573048, 25.241700663977145 ], [ 91.338667722039418, 25.257653859709112 ], [ 91.230863978323711, 25.26988067389313 ], [ 91.098170182930943, 25.269090343214273 ], [ 91.018906388778092, 25.26571462735555 ], [ 91.008349908386506, 25.263958380611591 ], [ 90.955978630863868, 25.255231702217667 ], [ 90.888797211757705, 25.241686932242061 ], [ 90.842689227217519, 25.227533464418727 ], [ 90.827630669059815, 25.224523103479342 ], [ 90.81039676250596, 25.22107543856254 ], [ 90.808995533264763, 25.229066831761266 ], [ 90.81039676250596, 25.221075438562512 ], [ 90.803184868260786, 25.219631920086002 ], [ 90.663667661962791, 25.224935849103655 ], [ 90.571554715884815, 25.226754290341841 ], [ 90.514471137911727, 25.231745000722803 ], [ 90.472778686737058, 25.226890044364012 ], [ 90.462711397241975, 25.224370894485606 ], [ 90.436734996610383, 25.217866430010368 ], [ 90.36955808205451, 25.210016531586575 ], [ 90.320667366064797, 25.199354881791244 ], [ 90.310196082923071, 25.199069958305898 ], [ 90.244186916078974, 25.204614804114009 ], [ 90.204157245183424, 25.211031292894646 ], [ 90.203754655545907, 25.211127619284639 ], [ 90.184359776246907, 25.220178850709654 ], [ 90.115714589957335, 25.246081869265801 ], [ 90.075033178453324, 25.259689086014848 ], [ 90.030846462811098, 25.270048440422681 ], [ 90.030093983989374, 25.270224734283129 ], [ 89.974043493290793, 25.294761851842974 ], [ 89.885631731141586, 25.317954928073775 ], [ 89.792173919059493, 25.321735244934374 ], [ 89.761818417132446, 25.326018812774127 ], [ 89.743917129756383, 25.347739288319662 ], [ 89.732631090269123, 25.409688186114806 ], [ 89.729699995104042, 25.425782010629316 ], [ 89.731119738348866, 25.436682661776498 ], [ 89.740018398629076, 25.482657258510063 ], [ 89.75116835528776, 25.54013981045971 ], [ 89.753926500690056, 25.554338078894453 ], [ 89.75471308978706, 25.558385722184934 ], [ 89.757033134649973, 25.634559745072735 ], [ 89.757230123053546, 25.640983529566249 ], [ 89.758045766151113, 25.667509677974007 ], [ 89.759287753962028, 25.707681238161978 ], [ 89.754521859844942, 25.762002462624803 ], [ 89.753710006281679, 25.766009827848663 ], [ 89.748952491272107, 25.789494977367422 ], [ 89.744026026977167, 25.802429693318505 ], [ 89.738278810013767, 25.817518242402127 ], [ 89.732668687831207, 25.834484580764723 ], [ 89.724106159394452, 25.858779958900335 ], [ 89.723157808826869, 25.869065948805545 ], [ 89.722472095559851, 25.876505412846196 ], [ 89.726534119622272, 25.898321452445632 ], [ 89.744503581021945, 25.917520394005898 ], [ 89.768898484046218, 25.943086259504117 ], [ 89.769897953081653, 25.944133252034607 ], [ 89.779184878564237, 25.956037352576089 ], [ 89.781281918156608, 25.962625826629665 ], [ 89.783511452459152, 25.969628971309266 ], [ 89.785875615473472, 25.988106664635044 ], [ 89.776043641770244, 26.012564374511342 ], [ 89.773982368827205, 26.017691476712642 ], [ 89.753454561871052, 26.068742600577053 ], [ 89.752091353447526, 26.072903798638634 ], [ 89.729229824695793, 26.142679811153787 ], [ 89.723158558824437, 26.15422154944563 ], [ 89.708374071310601, 26.182322364895942 ], [ 89.689719451278904, 26.208858198166173 ], [ 89.671593393387852, 26.237692270951513 ], [ 89.669237021623573, 26.241439992112312 ], [ 89.649285791195311, 26.26811253162629 ], [ 89.62399832050636, 26.283630630635123 ], [ 89.60891004171927, 26.287544148959164 ], [ 89.601476687151987, 26.288889004185133 ], [ 89.58027714693705, 26.404322738998836 ], [ 89.627077672035796, 26.504850790179265 ], [ 89.657212128939989, 26.616471748269458 ], [ 89.645702598938598, 26.648139226952217 ], [ 89.633730255498008, 26.696257466746832 ], [ 89.639775884804223, 26.742478569658516 ], [ 89.642547334788944, 26.757554969256802 ], [ 89.752730343531411, 26.767984521097123 ], [ 89.922482368025285, 26.749803229557738 ], [ 90.077520153013552, 26.758757666699999 ], [ 90.149198938578095, 26.825807555061587 ], [ 90.265643397183965, 26.876149520861734 ], [ 90.371891218587976, 26.908783510044547 ], [ 90.414915775337406, 26.899299289443142 ], [ 90.445410093471395, 26.874840573728399 ], [ 90.496097381469298, 26.845774125999945 ], [ 90.588426172700991, 26.816673254449785 ], [ 90.749281843643686, 26.812423834017842 ], [ 90.813145078348626, 26.817189636372564 ], [ 91.033374309069728, 26.833376792389778 ], [ 91.225174402266674, 26.810913959997663 ], [ 91.357989645785494, 26.830181090573891 ], [ 91.388461456020792, 26.842877468365749 ], [ 91.449415272895848, 26.833268703135925 ], [ 91.482264943994849, 26.82700451783516 ], [ 91.547629302204754, 26.847124247430465 ], [ 91.591014252216453, 26.841893534295057 ], [ 91.666512814817338, 26.825768436551314 ], [ 91.712281999165185, 26.836518007684283 ], [ 91.783776521720753, 26.862739375386806 ], [ 91.811946125732717, 26.894227183854724 ], [ 91.851587935843085, 26.898676766204396 ], [ 91.95204026550968, 26.893277014216117 ], [ 91.987708136529221, 26.888861170086638 ], [ 92.081443853006405, 26.907464837589256 ], [ 92.097049937711716, 26.926461637033075 ], [ 92.123074493623378, 26.958113714722895 ], [ 92.123983006810647, 27.013850964256054 ], [ 92.057479837918606, 27.087351199777391 ], [ 92.039921680950243, 27.108170801184368 ], [ 92.036440160620046, 27.16913807774084 ], [ 92.050409656001776, 27.258190580921916 ], [ 92.106513136907751, 27.300022269410572 ], [ 92.109400985276793, 27.318282865753776 ], [ 92.093649374817858, 27.350538146007732 ], [ 92.082258025344174, 27.39388796810001 ], [ 92.068647001240493, 27.456152393354198 ], [ 92.028752501460687, 27.484477820365981 ], [ 91.947481252169382, 27.515670155631266 ], [ 91.856698700315349, 27.52004735053141 ], [ 91.777269380693852, 27.513625158270976 ], [ 91.720127038662966, 27.516048710662471 ], [ 91.580736643933633, 27.544891683505877 ], [ 91.519503996305545, 27.606050296613908 ], [ 91.521874988634039, 27.706078796369138 ], [ 91.548499460636009, 27.742467839271729 ], [ 91.566355420979647, 27.772929984284591 ], [ 91.572427803596639, 27.811842211602027 ], [ 91.562773393900159, 27.834032640929557 ], [ 91.553474748239367, 27.858513429779897 ], [ 91.563641522447128, 27.889923612825338 ], [ 91.589699293897809, 27.905364206233969 ], [ 91.622745226396376, 27.91206466324952 ], [ 91.618942282139713, 27.88260336086077 ], [ 91.641132974688574, 27.855645197062202 ], [ 91.667713570224862, 27.852352787341164 ], [ 91.711026702751965, 27.845319887450078 ], [ 91.716431423036298, 27.844441306489752 ], [ 91.79406869102327, 27.834758567222423 ], [ 91.817525763719118, 27.804309461517459 ], [ 91.833742417361194, 27.783251446241586 ], [ 91.84772531186627, 27.765089124792357 ], [ 91.851118922971125, 27.760680489255833 ], [ 91.868097788727141, 27.751121831898626 ], [ 91.910257242177224, 27.753265715092695 ], [ 91.931056815168716, 27.767620822332425 ], [ 91.937096074188361, 27.768405744685161 ], [ 91.96295829402743, 27.786836163808299 ], [ 92.023895494083988, 27.822847198246365 ], [ 92.081629633743759, 27.849071182543099 ], [ 92.100803315932893, 27.859325997125509 ], [ 92.185252672877994, 27.89104086128809 ], [ 92.20978838464454, 27.899020301965958 ], [ 92.245785385317077, 27.89064399007076 ], [ 92.286038099342221, 27.861278564853638 ], [ 92.341648575796938, 27.846621585312768 ], [ 92.379496065774589, 27.862290031389183 ], [ 92.423464322273219, 27.880468659181787 ], [ 92.470515844976717, 27.891144572106654 ], [ 92.51804704360292, 27.901907249344177 ], [ 92.52184663245238, 27.902766647525688 ], [ 92.532101875530486, 27.90990393404007 ], [ 92.537429482701029, 27.908887495597405 ], [ 92.553746279304889, 27.907386481310329 ], [ 92.560079714970001, 27.906803311706643 ], [ 92.566693192040049, 27.909985265418239 ], [ 92.578318003044075, 27.915576749396028 ], [ 92.625576543590086, 27.953146097661438 ], [ 92.646034416005165, 27.974680922404147 ], [ 92.668936768990676, 27.992146345192417 ], [ 92.682275424609827, 27.998634905497969 ], [ 92.697505564497362, 28.006040285793912 ], [ 92.717424176883156, 28.018292320521979 ], [ 92.721817430548882, 28.023387468420278 ], [ 92.731848200186846, 28.035017396107598 ], [ 92.72496304302031, 28.055556835522701 ], [ 92.710879732889737, 28.073647907949454 ], [ 92.708713284087864, 28.076430471772159 ], [ 92.701416899239732, 28.088623689578 ], [ 92.69514300292677, 28.100679281618678 ], [ 92.694751162999353, 28.105497465716905 ], [ 92.693147041553999, 28.125233739203406 ], [ 92.694385252824475, 28.150286540115392 ], [ 92.699979868689567, 28.18222395098427 ], [ 92.734096062147472, 28.209355486862432 ], [ 92.745187728889817, 28.216944714496204 ], [ 92.772291296470925, 28.225836717786194 ], [ 92.812877880120283, 28.229592894880913 ], [ 92.848653862907227, 28.230272273660621 ], [ 92.87152077400691, 28.241727808215064 ], [ 92.874842859085689, 28.240574076965931 ], [ 92.920101249887182, 28.265169524360655 ], [ 92.937495787125613, 28.282000306288229 ], [ 92.961158907194871, 28.289157700053625 ], [ 92.979917994708018, 28.296035961392374 ], [ 92.980798315775516, 28.296358635261225 ], [ 92.990608399000763, 28.29995378384945 ], [ 92.997947453730234, 28.304260032941542 ], [ 93.007845660610116, 28.304405311736986 ], [ 93.033542976064908, 28.307378620197994 ], [ 93.038289491204097, 28.310453928574695 ], [ 93.057114060127006, 28.321841538439845 ], [ 93.069179684520932, 28.343080605603024 ], [ 93.073634336177534, 28.345400428588221 ], [ 93.094329360296285, 28.356173415218368 ], [ 93.163862291665069, 28.357572268988257 ], [ 93.192964455950161, 28.366491056969174 ], [ 93.203004703852272, 28.379313351557826 ], [ 93.204935737625632, 28.379590933907622 ], [ 93.24030827657333, 28.389549023711229 ], [ 93.26034695525415, 28.401655355404738 ], [ 93.275919642988796, 28.42371639403283 ], [ 93.266479562438377, 28.440909068517559 ], [ 93.264698841371768, 28.459821396557771 ], [ 93.267283072475365, 28.496781371834814 ], [ 93.272804560654706, 28.513770187758208 ], [ 93.274533001896671, 28.519086021883371 ], [ 93.296823505938733, 28.531794736866793 ], [ 93.327472609273954, 28.544244418731875 ], [ 93.339707545918358, 28.559302254489971 ], [ 93.340333137792868, 28.560457513930903 ], [ 93.347685152785743, 28.5740307405514 ], [ 93.34985035107735, 28.597051069184261 ], [ 93.34828548386011, 28.61127160416396 ], [ 93.356907484581242, 28.646387412317338 ], [ 93.356919777611949, 28.646437440539344 ], [ 93.377250869661054, 28.662008712148875 ], [ 93.386826123216807, 28.665523850016761 ], [ 93.450698958333177, 28.688942480473475 ], [ 93.534774071130897, 28.708411350663251 ], [ 93.694440755245779, 28.716708741435443 ], [ 93.771505729035539, 28.712791064874022 ], [ 93.860270325214316, 28.714524749789511 ], [ 93.938808219506342, 28.717709508143862 ], [ 93.949767747196731, 28.725233855271473 ], [ 93.960050839033059, 28.732291336163307 ], [ 93.978176901365089, 28.731452635539306 ], [ 94.021283739555699, 28.737171843730934 ], [ 94.036322324871051, 28.745928986242959 ], [ 94.037852391060653, 28.74681972509131 ], [ 94.061710069306287, 28.750722800887743 ], [ 94.065718488700185, 28.765959564069597 ], [ 94.066675964241355, 28.767343708823354 ], [ 94.071560209929842, 28.774403407956221 ], [ 94.075081505438803, 28.792507091801724 ], [ 94.076699028346624, 28.800815766996919 ], [ 94.079135847500496, 28.813326211441137 ], [ 94.08496200259556, 28.843196893935652 ], [ 94.096708571377349, 28.869248976264863 ], [ 94.097948708720764, 28.871997952625197 ], [ 94.113658620031174, 28.898526370249662 ], [ 94.155061476204381, 28.937963049624813 ], [ 94.206338558782363, 28.989863254697283 ], [ 94.230109220518742, 29.014220567257489 ], [ 94.260141472463616, 29.04880149682748 ], [ 94.288456041260531, 29.079906012260647 ], [ 94.308487563366299, 29.101082270008373 ], [ 94.332799712892196, 29.122532699121447 ], [ 94.366927125997975, 29.144905124018301 ], [ 94.401974984970025, 29.167854791250168 ], [ 94.51403397981089, 29.236500685427686 ], [ 94.522032686604831, 29.241390972695125 ], [ 94.529040653389657, 29.243210082585986 ], [ 94.577862284608386, 29.245068866210264 ], [ 94.60352509112802, 29.245854475911816 ], [ 94.633017069735686, 29.246750515506108 ], [ 94.669499119865804, 29.265281222198031 ], [ 94.682770046724642, 29.281538566715536 ], [ 94.685007477816512, 29.284278529404077 ], [ 94.689845868673586, 29.307733301906985 ], [ 94.698316173020004, 29.333414997249111 ], [ 94.713663826107677, 29.351501722718062 ], [ 94.722016742359131, 29.355347717902962 ], [ 94.743035449600839, 29.351139298216516 ], [ 94.757721637234567, 29.348196676740763 ], [ 94.79456428739924, 29.333020958036638 ], [ 94.808178801116867, 29.308475001576234 ], [ 94.805044039505233, 29.27540909374283 ], [ 94.795419641231177, 29.232190977471006 ], [ 94.814691335804469, 29.20489940983455 ], [ 94.884764793914897, 29.198266739884481 ], [ 94.901554043136073, 29.196671796725376 ], [ 94.907517495963305, 29.195720696836752 ], [ 94.912544567205728, 29.192745072946931 ], [ 94.918899608620535, 29.193904590879615 ], [ 94.934372958260056, 29.191434019860331 ], [ 94.974222085566282, 29.195046277536747 ], [ 95.005517908552463, 29.19850264637974 ], [ 95.027810027257701, 29.178363912883523 ], [ 95.035537319271413, 29.172180374899135 ], [ 95.041327018999937, 29.169582045669305 ], [ 95.056594886718457, 29.167157942260676 ], [ 95.066351049180781, 29.175140784723165 ], [ 95.084099520658341, 29.173017066090235 ], [ 95.086013543952831, 29.172484501193956 ], [ 95.147610517165774, 29.155329194132054 ], [ 95.276540628924579, 29.119554818282264 ], [ 95.356153814288149, 29.089845166732005 ], [ 95.383972707019197, 29.084390317816883 ], [ 95.384713352145425, 29.083964531707739 ], [ 95.423712129725004, 29.074880206253042 ], [ 95.452050930751128, 29.07493692724103 ], [ 95.466322796814168, 29.083620828222372 ], [ 95.470124527200568, 29.085933347278065 ], [ 95.489158234813019, 29.101412081183671 ], [ 95.501426478219145, 29.124485536220433 ], [ 95.517656705269687, 29.15619926608041 ], [ 95.523716483515841, 29.167210705018903 ], [ 95.573174286906422, 29.223758142499946 ], [ 95.620431405372898, 29.258733029427422 ], [ 95.70217504425429, 29.310514806013114 ], [ 95.789881032942915, 29.365915587774513 ], [ 95.831817132900809, 29.392347406746168 ], [ 95.940793666057772, 29.429584507990299 ], [ 95.950802523366363, 29.433156106391966 ], [ 96.016729495612509, 29.456649137209943 ], [ 96.039878469446364, 29.46426455939454 ], [ 96.041433226026243, 29.464353243158321 ], [ 96.062568890250745, 29.469188224845649 ], [ 96.063107887599841, 29.469585471165978 ], [ 96.09402462599833, 29.469277288904053 ], [ 96.11969365605411, 29.469015390865533 ], [ 96.158230908883311, 29.447125733179398 ], [ 96.170128706170331, 29.415400715471772 ], [ 96.184011040641508, 29.333520326055812 ], [ 96.203939042999039, 29.291102561710293 ], [ 96.219612856374255, 29.267909725415301 ], [ 96.24494338715067, 29.252128488825502 ], [ 96.300447257907905, 29.278537076210874 ], [ 96.317317733991345, 29.286554170325832 ], [ 96.347790046048956, 29.295616763769111 ], [ 96.367606783770171, 29.29191007854384 ], [ 96.387102877492737, 29.288260272251797 ], [ 96.398627764025349, 29.27502903971914 ], [ 96.400283934545882, 29.234126807635857 ], [ 96.393661353124614, 29.22478504886389 ], [ 96.242063379074168, 29.149340359926864 ], [ 96.223093474143184, 29.130260880452386 ], [ 96.222434202253339, 29.128819212383053 ], [ 96.217513446386931, 29.126500133180013 ], [ 96.180411758729221, 29.092981352371183 ], [ 96.170999761512633, 29.045121477926482 ], [ 96.166563816909701, 29.012803588904848 ], [ 96.175693878113449, 28.998614351728332 ], [ 96.174579860454699, 28.991945195063948 ], [ 96.185312036149327, 28.983664254712707 ], [ 96.210752313787637, 28.989883036450536 ], [ 96.217861130461586, 28.993121485320657 ], [ 96.250704951997378, 29.008073487528204 ], [ 96.330125546965448, 29.040918456436774 ], [ 96.462081989113528, 29.100760639769629 ], [ 96.485532602422694, 29.094726897572983 ], [ 96.489078664090457, 29.093814115656432 ], [ 96.494675432060035, 29.081689318252117 ], [ 96.492826762382634, 29.072817733589503 ], [ 96.484801262876474, 28.99505176211396 ], [ 96.514174468855884, 28.941513335304091 ], [ 96.54373248336222, 28.889693332660826 ], [ 96.54787341081213, 28.879609161389077 ], [ 96.582804105274462, 28.794529887674745 ], [ 96.571970534749326, 28.769054461833555 ], [ 96.568761697797328, 28.761503860466227 ], [ 96.507651835546824, 28.691264296366555 ], [ 96.494365031498802, 28.676739398193572 ], [ 96.266580572368397, 28.538446874889278 ], [ 96.192608189452315, 28.484949128856559 ], [ 96.186124482787676, 28.467454394634544 ], [ 96.194669276337947, 28.443388865922017 ], [ 96.263134358954929, 28.417355818377512 ], [ 96.327304062607524, 28.38274973527864 ], [ 96.352949021818517, 28.385381439127833 ], [ 96.357366247774706, 28.386828994559398 ], [ 96.360353783003532, 28.385588049054071 ], [ 96.39503813851897, 28.387237793542674 ], [ 96.425562686308652, 28.398763539360115 ], [ 96.449119847874357, 28.41030619056264 ], [ 96.510028726819726, 28.44010867112803 ], [ 96.581614392067408, 28.466275959490524 ], [ 96.643496579285525, 28.46881694620264 ], [ 96.671745086240961, 28.46996608843363 ], [ 96.726959497357925, 28.446422892161785 ], [ 96.763418745693173, 28.403907916560762 ], [ 96.810142254315963, 28.404443604382781 ], [ 96.813546781928167, 28.404429601882345 ], [ 96.826519841637776, 28.401744345462955 ], [ 96.83687927511474, 28.404331075816014 ], [ 96.891074940845982, 28.404084967698619 ], [ 96.98678294214713, 28.372743488596097 ], [ 96.990713117828761, 28.372429912300777 ], [ 97.012134235833415, 28.362059691801029 ], [ 97.029957906949235, 28.358110643755062 ], [ 97.056554070590707, 28.356337153939798 ], [ 97.074105259598198, 28.360689484819627 ], [ 97.076469638246493, 28.365557108974603 ], [ 97.08801464399383, 28.364627390687733 ], [ 97.139529899852292, 28.343511066577332 ], [ 97.221806324441701, 28.28276701106466 ], [ 97.301715704322305, 28.254264743915019 ], [ 97.317951497113029, 28.23803338324667 ], [ 97.311188405607709, 28.201923341834483 ], [ 97.296881082640766, 28.142950338471746 ], [ 97.297229882418435, 28.111085136119847 ], [ 97.314951243239932, 28.092711286794795 ], [ 97.347630598504963, 28.069585874225712 ], [ 97.358108791988698, 28.054499950353051 ], [ 97.35163764577112, 28.027708079315843 ], [ 97.334880332524477, 28.008474671955906 ], [ 97.321142783342751, 27.984934112302721 ], [ 97.318544138646089, 27.957396054045162 ], [ 97.322840541377417, 27.924833084219834 ], [ 97.315736917925463, 27.916302144887688 ], [ 97.272589749064181, 27.894131777615424 ], [ 97.264166056814389, 27.88842426882038 ], [ 97.205009379669619, 27.878151768603754 ], [ 97.152691024515377, 27.835755542379438 ], [ 97.100219831818364, 27.784000854104288 ], [ 97.024784461259827, 27.719709315833605 ], [ 97.015638482449532, 27.714136352648232 ], [ 96.982595646633285, 27.693988126289369 ], [ 96.982256191299101, 27.693868747505487 ], [ 96.965608988578637, 27.688012503309199 ], [ 96.941017008658307, 27.679354951821818 ], [ 96.929092926536981, 27.676117192045432 ], [ 96.927710139814522, 27.675850222938791 ], [ 96.902426963217252, 27.673180641189003 ], [ 96.88694000470133, 27.66729606687036 ], [ 96.875063929251468, 27.666412532989799 ], [ 96.871671535019161, 27.66615992878117 ], [ 96.840297374948861, 27.660799316431834 ], [ 96.817123743607013, 27.638930099182577 ], [ 96.81126142207988, 27.61383403305053 ], [ 96.812706955963336, 27.561328475707022 ], [ 96.841894603823391, 27.488604450538588 ], [ 96.902298636487743, 27.376276976387199 ], [ 96.999994159560998, 27.217738410736903 ], [ 97.035314275406961, 27.145764960068583 ], [ 97.042109845620359, 27.114612604967306 ], [ 97.039775748615355, 27.104459484639413 ], [ 97.039227871126201, 27.102075513409684 ], [ 97.020221420470122, 27.100389942551892 ], [ 97.01836568295144, 27.101480037707322 ], [ 96.99579373144276, 27.114736462852743 ], [ 96.96155995964584, 27.142356720890017 ], [ 96.930243806243382, 27.154380509975855 ], [ 96.891211103645873, 27.166291747722308 ], [ 96.874964943150218, 27.172438212437381 ], [ 96.830378134687663, 27.195844141825788 ], [ 96.786966989495781, 27.222703269604597 ], [ 96.781361562230344, 27.23790709426234 ], [ 96.778551229249985, 27.261743420385312 ], [ 96.775891745519928, 27.293807983541502 ], [ 96.777282941151583, 27.315584272573794 ], [ 96.773812440301043, 27.343659859758791 ], [ 96.749326988969798, 27.366929579714832 ], [ 96.719934305802653, 27.381372160431617 ], [ 96.707635049187957, 27.384671493408199 ], [ 96.657341515643481, 27.409298034791306 ], [ 96.609800705313688, 27.417091337982804 ], [ 96.518137316735022, 27.393365802688511 ], [ 96.475975287981484, 27.467155595872864 ], [ 96.434839602835311, 27.524320920501669 ], [ 96.33612826252488, 27.621805606490156 ], [ 96.308990408830681, 27.634224332541351 ], [ 96.279238227983214, 27.640166777111542 ], [ 96.230507617979484, 27.648003546891132 ], [ 96.185508070519873, 27.655224066132877 ], [ 96.124135720584647, 27.658149125154399 ], [ 96.034450012038903, 27.623002412352964 ], [ 95.919671647380454, 27.56527244204678 ], [ 95.841328252957453, 27.547693322338542 ], [ 95.796912261141301, 27.558112094177211 ], [ 95.76867877848197, 27.578644547872361 ], [ 95.69859999195279, 27.622979984759294 ], [ 95.679322457278289, 27.643258042433274 ], [ 95.676152937613111, 27.6487552624105 ], [ 95.680539121608334, 27.603425651148779 ], [ 95.681538516876515, 27.539379956263527 ], [ 95.682890097075514, 27.477013972610759 ], [ 95.683616566289928, 27.451005062284402 ], [ 95.664589025963764, 27.422883947609272 ], [ 95.635460362020837, 27.382509310019341 ], [ 95.540655525848621, 27.302161902356566 ], [ 95.48952434231434, 27.287555099009161 ], [ 95.365765550766454, 27.287444700162549 ], [ 95.292989189038323, 27.27084557358755 ], [ 95.238724170636189, 27.260041442379357 ], [ 95.197898574059465, 27.228169476338131 ], [ 95.140248183716977, 27.186016822713075 ], [ 95.111494131218464, 27.17408913330447 ], [ 95.045783683467164, 27.159003819080532 ], [ 95.010672496945446, 27.14762961655968 ], [ 94.977585578567997, 27.119337477453492 ], [ 94.932162858534937, 27.079940180722115 ], [ 94.868249206581922, 27.029398454987259 ], [ 94.764021423619454, 26.96070585841742 ], [ 94.716642672473498, 26.944939491751715 ], [ 94.723869984077467, 26.932413176200541 ], [ 94.734140165273857, 26.915227368240977 ], [ 94.739419594362857, 26.893232042528926 ], [ 94.738494845262409, 26.876755275953904 ], [ 94.729931438757461, 26.852161423055851 ], [ 94.699635843594606, 26.803957197211261 ], [ 94.672579448526136, 26.750656223470955 ], [ 94.630302118859078, 26.709688842659595 ], [ 94.609696412234655, 26.674813345927721 ], [ 94.585179187465044, 26.65249123841323 ], [ 94.551409503112239, 26.641639710780336 ], [ 94.500767856392144, 26.634108893282445 ], [ 94.463199903518344, 26.619152543684233 ], [ 94.440352992602328, 26.600242160341544 ], [ 94.388994789997923, 26.547503779574757 ], [ 94.346903027293948, 26.506352057902866 ], [ 94.32904980548841, 26.492244384853429 ], [ 94.3185889727513, 26.473398072671579 ], [ 94.32099792371703, 26.451816832869131 ], [ 94.329729471767237, 26.431194564180782 ], [ 94.344216258112638, 26.402376669667067 ], [ 94.334939794363976, 26.354740267290705 ], [ 94.304434604481756, 26.302689932998817 ], [ 94.279307480072518, 26.275730284624387 ], [ 94.248429301089914, 26.256951301952661 ], [ 94.223486985342646, 26.24287680479344 ], [ 94.171464967967864, 26.202070300624555 ], [ 94.143331371352133, 26.157006585954932 ], [ 94.132505836269786, 26.135408406950109 ], [ 94.130748977219952, 26.064527324488047 ], [ 94.15447704910278, 26.023392684541029 ], [ 94.179479702770237, 25.995937737216991 ], [ 94.18949816950186, 25.970549770071603 ], [ 94.219896776272009, 25.914658899193185 ], [ 94.234116556838899, 25.896082503355352 ], [ 94.259740661454316, 25.890700621311129 ], [ 94.292794914007871, 25.887055455200198 ], [ 94.324539715367422, 25.88173810977398 ], [ 94.337431929537331, 25.861497625978899 ], [ 94.374074319218423, 25.837042122006178 ], [ 94.40747508759361, 25.829636203891386 ], [ 94.479073745983044, 25.825199026328779 ], [ 94.533503681823603, 25.827735397881536 ], [ 94.56926135323647, 25.840241398502076 ], [ 94.597904338398294, 25.852812250007126 ], [ 94.628517028069112, 25.853114449374853 ], [ 94.652359514216826, 25.837774701702937 ], [ 94.65927228152114, 25.771372790333501 ], [ 94.66193866324916, 25.715712482876214 ], [ 94.665348234598596, 25.694042265242064 ], [ 94.676393654816835, 25.669458374363934 ], [ 94.690652545087929, 25.651794537629879 ], [ 94.701092403817285, 25.635589163949057 ], [ 94.722835652441717, 25.626084938556804 ], [ 94.755483352925225, 25.615042983298771 ], [ 94.764793528717604, 25.613363613050211 ], [ 94.762072455394758, 25.604735231001264 ], [ 94.758930286242716, 25.590964277168474 ], [ 94.752990758868862, 25.574420545933258 ], [ 94.731103305174045, 25.548311959066304 ], [ 94.724200826410694, 25.544927747942204 ], [ 94.711650004356983, 25.538772391390324 ], [ 94.687508184793614, 25.53279755138427 ], [ 94.61820377498745, 25.509717301758485 ], [ 94.581805421343375, 25.470270540591454 ], [ 94.545546217627503, 25.430920303443632 ], [ 94.517810816530044, 25.367986272017042 ], [ 94.498902576151409, 25.325002822452806 ], [ 94.497252675122553, 25.305693787752368 ], [ 94.49655225522784, 25.303199689631089 ], [ 94.492417453347244, 25.269218391655276 ], [ 94.495726052547084, 25.262420945087996 ], [ 94.49621208300465, 25.256136592538102 ], [ 94.499727671582463, 25.254199434931643 ], [ 94.500346987715048, 25.252926995197626 ], [ 94.511042851843627, 25.247963796868866 ], [ 94.518768673854225, 25.243705543356505 ], [ 94.521358644405183, 25.242269023361569 ], [ 94.526948125816034, 25.239168627028793 ], [ 94.572715374267688, 25.218271609204667 ], [ 94.591485275681151, 25.209581134360775 ], [ 94.63009880524217, 25.191693897999276 ], [ 94.630611662869086, 25.191456240263044 ], [ 94.631814536509751, 25.189573532039645 ], [ 94.641814238583933, 25.173921191345755 ], [ 94.655066938028668, 25.153174105826121 ], [ 94.655140781934932, 25.153058494063703 ], [ 94.65517588623733, 25.152800420513849 ], [ 94.65817475630854, 25.130760697625945 ], [ 94.658312387439295, 25.129749523480822 ], [ 94.659686047449412, 25.119658818987809 ], [ 94.650021202824931, 25.076297457755949 ], [ 94.649102287769594, 25.074429490080909 ], [ 94.645537399221723, 25.067181678908884 ], [ 94.644913530204036, 25.065338679979188 ], [ 94.636609926748946, 25.040796450112342 ], [ 94.578102219900316, 24.961837242681799 ], [ 94.558478336808733, 24.916189502542309 ], [ 94.550285312025693, 24.902019238511141 ], [ 94.543680370457565, 24.890590838360264 ], [ 94.536516114202854, 24.865329948246774 ], [ 94.533423194321429, 24.846418633404031 ], [ 94.532461983931199, 24.844753195385753 ], [ 94.51864898372942, 24.820810087454564 ], [ 94.496983330360749, 24.80856148118405 ], [ 94.481242139986037, 24.795504637351943 ], [ 94.460734673026849, 24.762372879394203 ], [ 94.458078398391564, 24.755033416579483 ], [ 94.449778752254886, 24.732088331115825 ], [ 94.448929350286861, 24.730979309022992 ], [ 94.382736290164999, 24.644429718812464 ], [ 94.333264382258562, 24.590273855163446 ], [ 94.319763044600464, 24.571727219874369 ], [ 94.31585070433249, 24.566350792352207 ], [ 94.299279493408548, 24.53816638091314 ], [ 94.283769027091267, 24.507073435678365 ], [ 94.266986321881248, 24.467855949765049 ], [ 94.24028685556803, 24.423037281322149 ], [ 94.228253907605819, 24.398303445145146 ], [ 94.201874081161009, 24.369990687427784 ], [ 94.200800618244486, 24.368837992188251 ], [ 94.171805671722666, 24.300583493465961 ], [ 94.149535966314531, 24.235112836383305 ], [ 94.133723017046691, 24.188529337615826 ], [ 94.071625645313944, 24.073454079026714 ], [ 94.026746027849896, 23.976424785347902 ], [ 94.014327980160274, 23.956481032700392 ], [ 94.001498008058064, 23.951221661627347 ], [ 93.977899406501294, 23.95425330029693 ], [ 93.956595724082163, 23.962515504517857 ], [ 93.931066086470167, 23.972699405572254 ], [ 93.887778300035009, 23.994829950454445 ], [ 93.826333415196146, 24.016504917069511 ], [ 93.772284495109332, 24.027537692085883 ], [ 93.72840416607562, 24.026194417828396 ], [ 93.698280221356725, 24.016176316662023 ], [ 93.66662417780357, 24.016029063777051 ], [ 93.629193734497875, 24.027674244934115 ], [ 93.61541853090894, 24.036331651871972 ], [ 93.579328996897033, 24.067179207433171 ], [ 93.554777813159831, 24.074422359163048 ], [ 93.519655134615093, 24.0816052754022 ], [ 93.477790452471098, 24.084085746038422 ], [ 93.466212231003681, 24.077225812932408 ], [ 93.445819125597708, 24.061770972551912 ], [ 93.426911652254503, 24.046125558723066 ], [ 93.390160591031645, 24.042393572125079 ], [ 93.358851755956834, 24.044901442463033 ], [ 93.338029532694406, 24.057185899288484 ], [ 93.320345620654649, 24.06824673017698 ], [ 93.304554857654679, 24.090147102591171 ], [ 93.295244106348648, 24.115153264201073 ], [ 93.290836459748675, 24.136489051357714 ], [ 93.281778694918245, 24.157017161019088 ], [ 93.271916847711779, 24.172101863055151 ], [ 93.24753455228489, 24.201464793823636 ], [ 93.225289748824153, 24.21436956249152 ], [ 93.192487648961986, 24.209999498117021 ], [ 93.170306571248673, 24.195355469419862 ], [ 93.162103931759702, 24.160649695788869 ], [ 93.162185931257255, 24.140335233491573 ], [ 93.162340765441627, 24.112520147628047 ], [ 93.162406335325699, 24.100965688916897 ], [ 93.176641963616774, 24.076986484156745 ], [ 93.184255745366798, 24.064159886256032 ], [ 93.228839830180036, 23.983772287204435 ], [ 93.238914582969599, 23.938914909201277 ], [ 93.239097689572716, 23.937764876296509 ], [ 93.239332526423397, 23.93705444658973 ], [ 93.265406735011084, 23.821050992869154 ], [ 93.267860153335008, 23.774638360549034 ], [ 93.268796056915363, 23.756984594875075 ], [ 93.270813860406491, 23.719018519565225 ], [ 93.271533202659185, 23.705515006688639 ], [ 93.271582786327315, 23.704584823988117 ], [ 93.271218231384793, 23.702056949509707 ], [ 93.262648276184322, 23.642528427564983 ], [ 93.260433168316879, 23.625324755136226 ], [ 93.249686153284472, 23.541602719355851 ], [ 93.243078478494056, 23.495311042890215 ], [ 93.230777875352601, 23.451093367802024 ], [ 93.222413448567266, 23.433894124293509 ], [ 93.218055661462827, 23.424929800431222 ], [ 93.209768466095866, 23.39822835292243 ], [ 93.203989318670608, 23.357372744497916 ], [ 93.201898890273668, 23.342571301218118 ], [ 93.16429397714036, 23.295856384376609 ], [ 93.120833142686223, 23.246375928566607 ], [ 93.096866275322711, 23.236331775108312 ], [ 93.080194255481928, 23.244754520517052 ], [ 93.040609478250417, 23.249464657265424 ], [ 93.040367345617312, 23.249493436533488 ], [ 93.002344933332267, 23.245692304279778 ], [ 92.970752270853566, 23.234188160918652 ], [ 92.950967625052527, 23.221279697892868 ], [ 92.94352536564854, 23.199979769298963 ], [ 92.939573624126993, 23.171336708762304 ], [ 92.935252745751882, 23.139964888818813 ], [ 92.938793740364218, 23.112447096067882 ], [ 92.939693327585005, 23.105459578216287 ], [ 92.939506600048247, 23.105186643462414 ], [ 92.937654587809789, 23.102479484062119 ], [ 92.925808758147483, 23.085158741903875 ], [ 92.919395252228028, 23.047486462927992 ], [ 92.904857319644108, 22.96183358233591 ], [ 92.917951042615769, 22.862870267159238 ], [ 92.93342642635713, 22.746243575844147 ], [ 92.93911685256009, 22.709603914658867 ], [ 92.954756087775323, 22.609049838496066 ], [ 93.001274396285922, 22.492524836634217 ], [ 93.008030776325498, 22.413276293682586 ], [ 92.987127688502909, 22.343786982641248 ], [ 92.974720643562122, 22.301020947576394 ], [ 92.961581388740257, 22.282647134886655 ], [ 92.959410225273871, 22.27961003729061 ], [ 92.952754395328952, 22.279422065272524 ], [ 92.94018209000096, 22.279066172525944 ], [ 92.906884394048944, 22.263480484196915 ], [ 92.906688135443488, 22.263337674206561 ], [ 92.892616931452636, 22.260967545309391 ], [ 92.849013646639492, 22.241270590506872 ], [ 92.84360368750373, 22.213848686227109 ], [ 92.830054613138856, 22.131160631959926 ], [ 92.793386335016834, 22.082714521116305 ], [ 92.791916938609489, 22.080771710484179 ], [ 92.782879829526223, 22.07668984225197 ], [ 92.778760994285648, 22.075904697882464 ], [ 92.737164179033627, 22.067967652216566 ], [ 92.71536075073422, 22.071795213490649 ], [ 92.705867873568067, 22.101956181284478 ], [ 92.696319977221322, 22.143212125747624 ], [ 92.681491235133265, 22.17813512456382 ], [ 92.635138501592067, 22.211049995671473 ], [ 92.597214484626548, 22.240247117568433 ], [ 92.586526637324795, 22.249760947514435 ], [ 92.542058094780316, 22.263045890097874 ], [ 92.518203793196136, 22.262930628276713 ], [ 92.508166407555066, 22.249533031703958 ], [ 92.473209373491258, 22.249706857228841 ], [ 92.451376105729096, 22.219418609433383 ], [ 92.437845065885014, 22.128949699592283 ], [ 92.433965205359613, 22.098447164944552 ], [ 92.433774329389649, 22.096945155075304 ], [ 92.429595751805479, 22.095692676753362 ], [ 92.415275021355669, 22.091398950192545 ], [ 92.401539523955421, 22.087278859018593 ], [ 92.395225828510448, 22.096907775335492 ], [ 92.398171139586935, 22.134406829818651 ], [ 92.395072986626673, 22.15694608398066 ], [ 92.392555872176359, 22.184047196720297 ], [ 92.389577502878566, 22.207500387462289 ], [ 92.391616187980432, 22.231325958912691 ], [ 92.401730843871007, 22.256109246109006 ], [ 92.410008670600021, 22.282018916408568 ], [ 92.412341495996415, 22.300260914845509 ], [ 92.412323598080462, 22.319256149517756 ], [ 92.412319959675983, 22.323389161317362 ], [ 92.407119933906898, 22.35264312005728 ], [ 92.403821808643386, 22.36118208385124 ], [ 92.393679946307969, 22.387439576130877 ], [ 92.391399480451824, 22.416365046457528 ], [ 92.391031175698529, 22.421040815738404 ], [ 92.392854164651922, 22.489306358963475 ], [ 92.389593123209181, 22.525756634540642 ], [ 92.383943518137286, 22.574505844745556 ], [ 92.385062062569489, 22.621577077673713 ], [ 92.385396764095688, 22.654855968005943 ], [ 92.373618126392856, 22.679312667896333 ], [ 92.35244513945365, 22.715930833625581 ], [ 92.3286572530792, 22.786173857564535 ], [ 92.311821139623561, 22.840835604796236 ], [ 92.305504536946799, 22.859698171028956 ], [ 92.302477956852385, 22.868736276777906 ], [ 92.300507302663959, 22.899515147208277 ], [ 92.299946886371103, 22.914648036143412 ], [ 92.299406367526714, 22.929271621040279 ], [ 92.297803262354122, 22.962790109568662 ], [ 92.297456961369605, 22.9906119054484 ], [ 92.276503154222112, 23.029092981777655 ], [ 92.25463402455631, 23.04544979508033 ], [ 92.245050729525289, 23.071539872930039 ], [ 92.235020803839589, 23.091744987972234 ], [ 92.234859424854903, 23.117411143269806 ], [ 92.230448440655351, 23.137643144240855 ], [ 92.238142775776595, 23.186270576411097 ], [ 92.235115319255499, 23.208849227876289 ], [ 92.226727464495127, 23.228705837898843 ], [ 92.235030557666263, 23.254677005617101 ], [ 92.242590797328617, 23.306893060791118 ], [ 92.236916231073138, 23.321690550490711 ], [ 92.233232132293011, 23.331297390851287 ], [ 92.24305331960565, 23.344158495252373 ], [ 92.2509180794668, 23.36550386869126 ], [ 92.251277435777666, 23.368196321656903 ], [ 92.253721529765599, 23.386497724586157 ], [ 92.240825587744666, 23.410206327015249 ], [ 92.221329368412171, 23.459691926654241 ], [ 92.202952609838917, 23.502568127516675 ], [ 92.192872382614922, 23.539868776809051 ], [ 92.185368532177591, 23.596347698179873 ], [ 92.179003638819964, 23.638795069188863 ], [ 92.168865368395515, 23.689607181845293 ], [ 92.168543442044211, 23.691221119226935 ], [ 92.16968379781143, 23.693906823482227 ], [ 92.18432927472611, 23.728378826281901 ], [ 92.206698350601542, 23.764726686349253 ], [ 92.207984608402242, 23.783548605527422 ], [ 92.209786695135094, 23.78454205109314 ], [ 92.222190688205529, 23.809075838233571 ], [ 92.219590210657813, 23.826992202052192 ], [ 92.211530688484814, 23.841829373344702 ], [ 92.201500441002139, 23.845284500855414 ], [ 92.191307800317404, 23.84879482958063 ], [ 92.167730430883324, 23.845942479867769 ], [ 92.159880735164307, 23.843203098369013 ], [ 92.149737199479176, 23.839662231423091 ], [ 92.143016754191706, 23.834851630126007 ], [ 92.137403709423992, 23.830833018516518 ], [ 92.138537153181929, 23.876430260627018 ], [ 92.143751531543202, 23.91478758616794 ], [ 92.142521498327426, 23.965018235482344 ], [ 92.128866777930611, 23.998130979649154 ], [ 92.079675922023128, 24.096578973557591 ], [ 92.072321945023319, 24.129505164499474 ], [ 92.055854711155206, 24.203265223663056 ], [ 92.033488573635296, 24.261538387694916 ], [ 91.981684083076118, 24.312076101991785 ], [ 91.917108276344408, 24.358510769347777 ], [ 91.894661033521373, 24.387096219318821 ], [ 91.881464902594999, 24.444051080963376 ], [ 91.870028432924371, 24.463367749151232 ], [ 91.879089984196284, 24.46379049414594 ], [ 91.886328941996126, 24.464127776163032 ], [ 91.940732169762995, 24.466650222377218 ], [ 91.950932231969205, 24.46786693740605 ], [ 91.951411957635685, 24.467874134124738 ], [ 91.951487781146426, 24.467933182548869 ], [ 91.951698916023162, 24.467958358187346 ], [ 91.985221468223472, 24.471951112041626 ], [ 92.013598222711522, 24.498257900039917 ], [ 92.014280326819787, 24.503174293239518 ], [ 92.01668824200911, 24.520519174993336 ], [ 92.017489353662327, 24.526286140324963 ], [ 92.018118320170274, 24.530812603197926 ], [ 92.01713990029306, 24.546000394057231 ], [ 92.014762834306183, 24.582961510922228 ], [ 92.020100643329286, 24.588311012399643 ], [ 92.040078754571766, 24.602962966477577 ], [ 92.062300005626398, 24.619250015982161 ], [ 92.063329716287939, 24.621228989916894 ] ], [ [ 92.22447942810787, 24.147455399326919 ], [ 92.183207008578492, 24.13829269287297 ], [ 92.131930613076833, 24.12688787438584 ], [ 92.22447942810787, 24.147455399326919 ] ] ] } },
{ "type": "Feature", "properties": { "state_name": "Baroda", "id": 4 }, "geometry": { "type": "Polygon", "coordinates": [ [ [ 72.801573340746344, 23.064190117559207 ], [ 72.78067396615144, 23.079186422906883 ], [ 72.749586988756747, 23.085435040603322 ], [ 72.716206327126358, 23.105021169301665 ], [ 72.676718245829107, 23.118776779037265 ], [ 72.629463866408528, 23.103741568319723 ], [ 72.612041331923407, 23.037552472041039 ], [ 72.587390457548921, 23.030490110244699 ], [ 72.560265697264796, 23.046316305258227 ], [ 72.537507141561363, 23.048829621525726 ], [ 72.518439547216218, 23.018913613117469 ], [ 72.485791791412908, 22.998334765996869 ], [ 72.44955728487561, 23.004442786055996 ], [ 72.342565382742819, 23.09248237940448 ], [ 72.300470534755007, 23.183475364987732 ], [ 72.292963620306836, 23.248305089362905 ], [ 72.30915008094162, 23.317363400480151 ], [ 72.340271918698349, 23.364704179546425 ], [ 72.339470644892174, 23.404812496408375 ], [ 72.313140313556076, 23.427288130216478 ], [ 72.202074995139725, 23.44157482217965 ], [ 72.149216094565631, 23.444438342448528 ], [ 72.100884241952571, 23.476977412306923 ], [ 72.080501913015368, 23.497033758098844 ], [ 72.076714359149918, 23.533962657556543 ], [ 72.0151908944772, 23.597739595028031 ], [ 71.981517064051573, 23.620009643568839 ], [ 71.934462466662822, 23.682118350827011 ], [ 71.930421503407317, 23.76607996982883 ], [ 71.935793626500683, 23.802477398916093 ], [ 72.005686027405702, 23.832502613422605 ], [ 72.065491230771386, 23.850845394985736 ], [ 72.126547946948449, 23.907394329162518 ], [ 72.171034297130277, 23.96361797089541 ], [ 72.227990629825456, 24.021967852735173 ], [ 72.284164487174081, 24.02106417756487 ], [ 72.293280375374579, 23.983017574953507 ], [ 72.327127524963188, 23.954954804259522 ], [ 72.362494090181826, 23.953656320301182 ], [ 72.400474914355669, 23.925646570098191 ], [ 72.471454462541871, 23.909636118928425 ], [ 72.577487207373565, 23.907522821475368 ], [ 72.699401389404173, 23.947612426303735 ], [ 72.764125039688224, 23.879170177716148 ], [ 72.842865826741075, 23.83013181816381 ], [ 72.874680378529135, 23.789965328356026 ], [ 72.891522480614796, 23.711366856864657 ], [ 72.864388738128866, 23.624998945857026 ], [ 72.882917088647531, 23.601364939874674 ], [ 72.943344710726635, 23.549622121116329 ], [ 72.943827526719019, 23.518572981996588 ], [ 72.933914342411114, 23.489775090011989 ], [ 72.906108558009862, 23.446404264288688 ], [ 72.875999183975708, 23.386276052335628 ], [ 72.863406886039328, 23.364604834993884 ], [ 72.881970851409037, 23.336190862517658 ], [ 72.887559251456395, 23.309988642585509 ], [ 72.916339949394214, 23.288873704424006 ], [ 72.950209082579974, 23.272597367991654 ], [ 72.981808922900669, 23.234783022400741 ], [ 72.982454911590025, 23.191789111812685 ], [ 72.998845749491011, 23.132272417240078 ], [ 73.028128166663976, 23.072914263632555 ], [ 73.043859804057888, 23.056386090404111 ], [ 73.056023077869114, 22.991224090594379 ], [ 73.043951887104228, 22.987401261512765 ], [ 73.030785184157821, 22.97003643840311 ], [ 73.002145919111356, 22.952476509640377 ], [ 72.957428668946505, 22.966898164122419 ], [ 72.918883061530522, 22.956840712780782 ], [ 72.861019121038197, 22.961804146045559 ], [ 72.828670548184888, 22.984297914328845 ], [ 72.814533311430438, 23.029014567197841 ], [ 72.801573340746344, 23.064190117559207 ] ] ] } },
{ "type": "Feature", "properties": { "state_name": "Bengal", "id": 5 }, "geometry": { "type": "Polygon", "coordinates": [ [ [ 87.450505664668071, 21.754446086555557 ], [ 87.45219370102329, 21.773701262222019 ], [ 87.41658397118259, 21.776422516967887 ], [ 87.390188837073424, 21.776672066767393 ], [ 87.348945297020791, 21.779807253819911 ], [ 87.31970546577142, 21.790837974046447 ], [ 87.300292125578139, 21.806410850733734 ], [ 87.295728908994704, 21.819097037407612 ], [ 87.271843265953024, 21.870270520789674 ], [ 87.257893711265666, 21.883667862432201 ], [ 87.224562291594779, 21.891474463576255 ], [ 87.189346136148288, 21.899416957638142 ], [ 87.133629814994535, 21.954749735255966 ], [ 87.115680134772347, 21.987846727122669 ], [ 87.096667424664304, 22.008676171124666 ], [ 87.075990107192339, 22.01022382054116 ], [ 87.070199835320423, 22.008892507078173 ], [ 87.048394317532896, 21.97523449822511 ], [ 87.027284633735022, 21.927403276607375 ], [ 86.990925312991394, 21.900101915516771 ], [ 86.958996474980054, 21.902712106854999 ], [ 86.962010243073408, 21.924825170164642 ], [ 86.96486667418678, 21.988142771959296 ], [ 86.959417762269695, 22.042664998285954 ], [ 86.956884288322087, 22.10167959041403 ], [ 86.922125884215575, 22.167797724404348 ], [ 86.861741372805653, 22.200513388641529 ], [ 86.780422361232965, 22.225338204681577 ], [ 86.669321217042153, 22.287626704025758 ], [ 86.651082715651583, 22.281731175217313 ], [ 86.654553261264695, 22.366187501863507 ], [ 86.625422217105708, 22.403642735231617 ], [ 86.578604198531878, 22.479488460210913 ], [ 86.544176775188177, 22.499661360266046 ], [ 86.525451746251377, 22.52575955670714 ], [ 86.512837085643781, 22.556716267716666 ], [ 86.521885031133337, 22.606990043510667 ], [ 86.530746313548832, 22.656140785637792 ], [ 86.523664461031956, 22.684932297598685 ], [ 86.52415492793223, 22.713171817173208 ], [ 86.557039273709606, 22.763778808291974 ], [ 86.60579414078363, 22.79906489218909 ], [ 86.628891186776784, 22.823861003171036 ], [ 86.631464093887786, 22.853706733110446 ], [ 86.624341009597842, 22.903707476387243 ], [ 86.617255486084815, 23.151617387329583 ], [ 86.627206252330268, 23.221557245238017 ], [ 86.652119577280516, 23.265629702094916 ], [ 86.687212924546358, 23.294788516259203 ], [ 86.702508609879999, 23.33780346886072 ], [ 86.714331032811842, 23.384612008411604 ], [ 86.713013199221251, 23.434185134913914 ], [ 86.734534089239858, 23.482017342687445 ], [ 86.74784154704399, 23.502202252795023 ], [ 86.749359917059763, 23.509032612457148 ], [ 86.757501759104741, 23.545632584408938 ], [ 86.745598523476843, 23.58364898236178 ], [ 86.69607396298855, 23.629849518210683 ], [ 86.693839458328895, 23.668897740294735 ], [ 86.712574610602303, 23.706338681360219 ], [ 86.740386173321923, 23.758978641421326 ], [ 86.779793846013774, 23.770070848640891 ], [ 86.828091184348679, 23.773392782319451 ], [ 86.886201367085249, 23.758267412946584 ], [ 86.940316236742191, 23.74167008481847 ], [ 86.976179302773886, 23.735322517683262 ], [ 86.997929612763585, 23.740520769187594 ], [ 87.009531359882502, 23.743291922502529 ], [ 87.030535735342283, 23.762823270305802 ], [ 87.057260386327386, 23.781896262446704 ], [ 87.10776208704138, 23.788476655256893 ], [ 87.135411815412382, 23.796864096228553 ], [ 87.15975177403358, 23.810805764698159 ], [ 87.182780320322991, 23.851324505210794 ], [ 87.187848278603127, 23.884455716717145 ], [ 87.195732199190843, 23.906768517459028 ], [ 87.201882114044182, 23.930985241518687 ], [ 87.23006881475834, 23.944594930726492 ], [ 87.361652078222519, 23.955070007409379 ], [ 87.38222891557686, 23.969265013876626 ], [ 87.396754291393634, 23.980423979454805 ], [ 87.41145258279623, 23.993330765544815 ], [ 87.419899393505986, 24.020864080778271 ], [ 87.432164112197057, 24.048081093818617 ], [ 87.471821931220745, 24.060680019485275 ], [ 87.516509625910018, 24.065791636011607 ], [ 87.541796785751444, 24.068978388044279 ], [ 87.554439809267848, 24.099671442401284 ], [ 87.556520808824274, 24.120662556871295 ], [ 87.557579879611509, 24.18936129292106 ], [ 87.600242225006241, 24.212236834596101 ], [ 87.639980717317968, 24.244159027811442 ], [ 87.667942074059155, 24.273535632911837 ], [ 87.684965871124732, 24.289725494321775 ], [ 87.697687545906149, 24.320384144395408 ], [ 87.693557727266452, 24.336605245000456 ], [ 87.680908763950427, 24.344734275721073 ], [ 87.653342668790359, 24.357655996068608 ], [ 87.631672742117217, 24.371838396537079 ], [ 87.62233646751892, 24.393793480109757 ], [ 87.627959651703932, 24.430354569713433 ], [ 87.645366861074066, 24.450040190242945 ], [ 87.67335217851668, 24.460002793738468 ], [ 87.718350961448394, 24.46674001699224 ], [ 87.751532163553122, 24.470949541480355 ], [ 87.7734935834944, 24.496238794118213 ], [ 87.784306769832824, 24.508683743069358 ], [ 87.786825996779825, 24.533149885214034 ], [ 87.78325598793991, 24.554615144928576 ], [ 87.76500937352337, 24.602032123026532 ], [ 87.750327887332432, 24.627984462510643 ], [ 87.73253819412696, 24.661259219559224 ], [ 87.718207720093432, 24.690710158309553 ], [ 87.722181023748902, 24.729165991684233 ], [ 87.728337798680641, 24.788596165716623 ], [ 87.755219842630325, 24.842701302163086 ], [ 87.770361846830582, 24.876655808229017 ], [ 87.776484666750875, 24.916683343929524 ], [ 87.778886179383349, 24.976434093449097 ], [ 87.770194679621426, 25.077720639579983 ], [ 87.76803026366872, 25.185499307194178 ], [ 87.797826817197219, 25.228737294644343 ], [ 87.846251876853501, 25.28266016692843 ], [ 87.971527898058596, 25.358152094297537 ], [ 88.024736028735674, 25.390139362983295 ], [ 88.061229425767522, 25.4221007669465 ], [ 88.073328015362762, 25.461548469167241 ], [ 88.096055329865834, 25.799017307602512 ], [ 88.094572719132515, 25.809741663308657 ], [ 88.104597847449867, 25.808822098171902 ], [ 88.111968459824325, 25.808145570925205 ], [ 88.119372964027306, 25.809552660946093 ], [ 88.168480664157627, 25.808183258917051 ], [ 88.200619950417703, 25.803118693257634 ], [ 88.22141478227752, 25.788655190783025 ], [ 88.270480801956751, 25.7441683147559 ], [ 88.273001643907506, 25.74188173506348 ], [ 88.297895251730708, 25.719296263251344 ], [ 88.327732209200192, 25.69655226679588 ], [ 88.357232816435342, 25.662160355811945 ], [ 88.378091523957536, 25.637832598984446 ], [ 88.401457330024215, 25.609296141503265 ], [ 88.402908894173706, 25.60752297661309 ], [ 88.439497076754577, 25.562813779122614 ], [ 88.465177360934931, 25.547035838879399 ], [ 88.468338243204613, 25.54348020414605 ], [ 88.471799231317206, 25.542966236748768 ], [ 88.489089388660574, 25.532338040312716 ], [ 88.512086625273085, 25.518439354252607 ], [ 88.545097309657777, 25.512986277342119 ], [ 88.577620518131553, 25.514614175558801 ], [ 88.618541843580061, 25.533042289224248 ], [ 88.630345573686526, 25.537067378421693 ], [ 88.650060786950419, 25.541316212706032 ], [ 88.679388156321309, 25.539543418112238 ], [ 88.685475470759499, 25.531352602865901 ], [ 88.695865161854343, 25.517370706490023 ], [ 88.671782315327988, 25.47098724991309 ], [ 88.689771616582846, 25.448069838243939 ], [ 88.694355663628158, 25.444626475879044 ], [ 88.696750243042558, 25.43761158374496 ], [ 88.704129812237952, 25.432054535570135 ], [ 88.714581321441898, 25.424183062709815 ], [ 88.734489816241279, 25.41759443049834 ], [ 88.793223527621024, 25.415265805848104 ], [ 88.797250007385571, 25.41472269082475 ], [ 88.876546148146758, 25.378744097481352 ], [ 88.881652936088798, 25.36021392678969 ], [ 88.883254584929048, 25.35440219992288 ], [ 88.857711641727207, 25.30394041794149 ], [ 88.814519833954265, 25.243186349974184 ], [ 88.784565008526258, 25.234787272253094 ], [ 88.7508619830745, 25.24594579369472 ], [ 88.731990127886093, 25.250082444039666 ], [ 88.687674857695441, 25.246065765727675 ], [ 88.6681345183556, 25.24439129317954 ], [ 88.49946945637295, 25.259032785892835 ], [ 88.426259544759063, 25.262314072960137 ], [ 88.394573695104654, 25.267594879326541 ], [ 88.389014537649132, 25.260129628507531 ], [ 88.381055476456183, 25.260362732217093 ], [ 88.365530024467205, 25.219123611356167 ], [ 88.365011511244447, 25.21876061301289 ], [ 88.364695850879656, 25.213920565126738 ], [ 88.359978076103189, 25.183954934641086 ], [ 88.325047804755386, 25.177813641747157 ], [ 88.359978076103204, 25.183954934641083 ], [ 88.355959491004981, 25.158399479759897 ], [ 88.350534517577941, 25.123855250488177 ], [ 88.349018132696159, 25.11419018481735 ], [ 88.340154825391409, 25.089227496288469 ], [ 88.331636757272008, 25.072613813206619 ], [ 88.32066950939047, 25.05828380355285 ], [ 88.31551209752206, 25.051542990512303 ], [ 88.293463837821221, 25.022710854366721 ], [ 88.287983775418795, 25.015540962931077 ], [ 88.237359778520528, 24.964945907767774 ], [ 88.178451104131938, 24.93142287668141 ], [ 88.147835864070117, 24.944091664240698 ], [ 88.137222402899141, 24.949666864236104 ], [ 88.131096755801039, 24.959256693040668 ], [ 88.103270660391246, 24.964101199401071 ], [ 88.096473367430065, 24.963633581821256 ], [ 88.092540364180394, 24.963939609190991 ], [ 88.085904472131745, 24.962905825883361 ], [ 88.051336567060844, 24.960519825663777 ], [ 88.03106488731089, 24.9517521472476 ], [ 88.0256155339369, 24.936962847417746 ], [ 88.0225046548737, 24.907865895598071 ], [ 88.022517000196089, 24.905977145910487 ], [ 88.022729616714244, 24.87377311567009 ], [ 88.013994105883356, 24.852224611034458 ], [ 88.009873494202608, 24.849908272741239 ], [ 87.974279505618654, 24.829889208525628 ], [ 87.952803494548036, 24.809457619700897 ], [ 87.949498224263792, 24.802069011765255 ], [ 87.942690550127182, 24.786846264669695 ], [ 87.940282567389445, 24.77495313352194 ], [ 87.937315548768652, 24.760291703120416 ], [ 87.936827216790746, 24.752329120827653 ], [ 87.936827216790732, 24.75232912082765 ], [ 87.935525085427571, 24.731071797982409 ], [ 87.939158710578454, 24.710073008704843 ], [ 87.941925910581048, 24.694083299120955 ], [ 87.942846787331021, 24.692426901710338 ], [ 87.985172977904199, 24.616265533721247 ], [ 88.026473721512673, 24.56916801910106 ], [ 88.149247306917175, 24.499926222618114 ], [ 88.157337070602395, 24.495358725354489 ], [ 88.23124670687163, 24.466477467290382 ], [ 88.261406240003382, 24.457131956553347 ], [ 88.34737544634153, 24.428296811205147 ], [ 88.365629457004445, 24.424671465512159 ], [ 88.368988064821167, 24.423621388812442 ], [ 88.416988471216087, 24.405213204109295 ], [ 88.456072949271217, 24.39933292108104 ], [ 88.489225237870912, 24.397891809019843 ], [ 88.533278232904991, 24.383605558503994 ], [ 88.554369831372526, 24.350966219035293 ], [ 88.55593434695875, 24.347028841223576 ], [ 88.576373040317037, 24.295583476126282 ], [ 88.582157412989616, 24.211484056876849 ], [ 88.581757818852836, 24.208860029417963 ], [ 88.573433533098012, 24.152087674156913 ], [ 88.568359692618529, 24.117412242277084 ], [ 88.574407045753617, 24.093924427099203 ], [ 88.581377691853376, 24.066850923247316 ], [ 88.590996359047267, 24.003933549896086 ], [ 88.576426510632388, 23.975489387215969 ], [ 88.559812425969568, 23.951430332953649 ], [ 88.536161953743104, 23.932145816662359 ], [ 88.529477519479642, 23.927973837360774 ], [ 88.510552937015134, 23.928751236550376 ], [ 88.49689677774002, 23.932319816689095 ], [ 88.473003914008331, 23.935629677923092 ], [ 88.466627269892413, 23.926291729332863 ], [ 88.460228193738928, 23.926788079390349 ], [ 88.454072495021038, 23.91315392479104 ], [ 88.43082682888469, 23.810499177655373 ], [ 88.430795082364611, 23.810316839827255 ], [ 88.4196948100806, 23.792589303175479 ], [ 88.417142896031777, 23.768183985304614 ], [ 88.415079564487272, 23.748427054615185 ], [ 88.41746195959044, 23.722412749613945 ], [ 88.42402046962718, 23.711902428108704 ], [ 88.429286970350475, 23.703461841600035 ], [ 88.436943959669222, 23.691188812267825 ], [ 88.436943959669208, 23.691188812267818 ], [ 88.441470701595733, 23.683932429296394 ], [ 88.463098399346336, 23.67114240342109 ], [ 88.468707081816717, 23.667824868766889 ], [ 88.471061557707728, 23.666432109104107 ], [ 88.495923571862519, 23.638362799071736 ], [ 88.519881828767765, 23.611303967377065 ], [ 88.534032099369597, 23.595317890261981 ], [ 88.553973192027186, 23.583607761517733 ], [ 88.557989380837469, 23.581248865788751 ], [ 88.577047628399313, 23.5687205971299 ], [ 88.593833835627407, 23.559019799830114 ], [ 88.60619224738106, 23.552925438987966 ], [ 88.619800738296405, 23.544925370733736 ], [ 88.629810356832337, 23.539039893341236 ], [ 88.636943048497599, 23.532347000165089 ], [ 88.64933605146949, 23.520716483532187 ], [ 88.63961399581936, 23.496277075614184 ], [ 88.630267935490352, 23.472766753778 ], [ 88.629678807110906, 23.471067790386858 ], [ 88.6246947241264, 23.467385919786736 ], [ 88.62159178737322, 23.455942021488205 ], [ 88.620363369907167, 23.444192004260717 ], [ 88.616235875465705, 23.432277006890143 ], [ 88.608090295667083, 23.417879518888377 ], [ 88.602486470822086, 23.406755768057138 ], [ 88.598483332173075, 23.398807357243211 ], [ 88.589182249593776, 23.382636818659268 ], [ 88.579858153958995, 23.372327492467168 ], [ 88.571613070531797, 23.360163515563084 ], [ 88.567264124001156, 23.348826608838166 ], [ 88.565880656161838, 23.335469394728545 ], [ 88.565788135525636, 23.328444867008557 ], [ 88.568867952642421, 23.315279916692528 ], [ 88.571432397726284, 23.313424316142051 ], [ 88.583625501947068, 23.304600579385099 ], [ 88.583884116465072, 23.304530973561977 ], [ 88.584286333292965, 23.303891913762662 ], [ 88.615632750054445, 23.291808019715521 ], [ 88.674336696167003, 23.280607930863599 ], [ 88.78274860029147, 23.289789361577824 ], [ 88.787681120203004, 23.288830642070394 ], [ 88.804875826822609, 23.285487310377146 ], [ 88.81654887110534, 23.264913888588644 ], [ 88.816333578982892, 23.258259052410509 ], [ 88.815611758284106, 23.235899616675297 ], [ 88.815543207982756, 23.233772356631786 ], [ 88.813966233165559, 23.22910877764425 ], [ 88.802102810222735, 23.21077559932786 ], [ 88.785986559060945, 23.189963107188031 ], [ 88.757000616170757, 23.164550780189 ], [ 88.744154222295805, 23.153281612356576 ], [ 88.728864575116646, 23.134140886394245 ], [ 88.721230214158311, 23.115489774329795 ], [ 88.717870902522392, 23.095287461328198 ], [ 88.713466960636737, 23.071077388352158 ], [ 88.714264271226483, 23.048164144337953 ], [ 88.724321586923494, 23.029118098462966 ], [ 88.729843005750297, 23.020465636376407 ], [ 88.732043914677831, 23.01701646376662 ], [ 88.732113330722854, 23.013438833926145 ], [ 88.732147855446343, 23.011660425343965 ], [ 88.733980515894089, 23.00765970982091 ], [ 88.740907373697269, 22.992537473066331 ], [ 88.780909628770502, 22.960852882682573 ], [ 88.797871751526188, 22.944499349434633 ], [ 88.812791102718933, 22.920497261989496 ], [ 88.815057511215826, 22.912424531954084 ], [ 88.816125426230229, 22.90862072958835 ], [ 88.818020564536084, 22.901870457660859 ], [ 88.817610738547899, 22.891522047818466 ], [ 88.816441506809795, 22.889392932999481 ], [ 88.811148633248578, 22.879753341878924 ], [ 88.804560214907056, 22.867750768109293 ], [ 88.78525402911292, 22.832557102360585 ], [ 88.780586308129926, 22.805988793701278 ], [ 88.780391931821001, 22.804881806700696 ], [ 88.778566941883398, 22.787079393794215 ], [ 88.776967123921253, 22.771458697471051 ], [ 88.777079303021523, 22.750895472438245 ], [ 88.777172953229382, 22.733969210953202 ], [ 88.788254807010588, 22.684284618386751 ], [ 88.792035461892311, 22.679349243749723 ], [ 88.792863941512863, 22.676192684155485 ], [ 88.804834843854792, 22.660093637868609 ], [ 88.816690619583696, 22.644146806135662 ], [ 88.818088925782348, 22.635591055909785 ], [ 88.839298158795117, 22.599577532200588 ], [ 88.844600892102051, 22.578742857726084 ], [ 88.842470752605777, 22.542525424254301 ], [ 88.841776766638588, 22.530701244931358 ], [ 88.831892386582794, 22.466160551527835 ], [ 88.835795111635491, 22.444873176356896 ], [ 88.836493105356581, 22.44106639298144 ], [ 88.852858180261521, 22.35184934639328 ], [ 88.854814295322015, 22.341189921255808 ], [ 88.855600203374891, 22.298724270781001 ], [ 88.861709632288282, 22.237556365897067 ], [ 88.87353350240609, 22.212721773505351 ], [ 88.88198192776305, 22.196602263515011 ], [ 88.881651831527435, 22.193611746229433 ], [ 88.875506186486248, 22.137847226932927 ], [ 88.875936645540222, 22.131712954551947 ], [ 88.878389558934103, 22.096790734471316 ], [ 88.907502730709268, 22.012471923282337 ], [ 88.903780724268472, 21.975251192128916 ], [ 88.892645073448335, 21.951678948220742 ], [ 88.874296740571793, 21.933516673501643 ], [ 88.861850573579616, 21.930845365907764 ], [ 88.85536923105802, 21.929935941918806 ], [ 88.837935247249789, 21.931147760256057 ], [ 88.82205936636376, 21.93532435187953 ], [ 88.816585790534788, 21.936763956676263 ], [ 88.793433648498734, 21.946237621904352 ], [ 88.76837713172398, 21.956808246798929 ], [ 88.74711490603363, 21.965179551216295 ], [ 88.718605748538636, 21.971357224101713 ], [ 88.691719673059836, 21.973646149480217 ], [ 88.6670033373085, 21.977619705490206 ], [ 88.662296224706466, 21.979062755236296 ], [ 88.65432698147491, 21.981505539741761 ], [ 88.645633902507896, 21.985052914942528 ], [ 88.639294660926083, 21.992147434923414 ], [ 88.634132193831633, 22.001015762011043 ], [ 88.634117263495085, 22.00110525976757 ], [ 88.629241800107295, 22.033280725913173 ], [ 88.6278847113621, 22.050258191063062 ], [ 88.6200939360685, 22.063097983811943 ], [ 88.60968738411708, 22.062819742735272 ], [ 88.596461289356128, 22.062465094864866 ], [ 88.594901281559302, 22.062423189121276 ], [ 88.594505883186685, 22.062288972873013 ], [ 88.591756602309587, 22.064513497035328 ], [ 88.584227579505907, 22.070605032742101 ], [ 88.581342755920573, 22.070803140038564 ], [ 88.573099285951372, 22.06609235786604 ], [ 88.544612076187278, 22.049805835049472 ], [ 88.530572293630456, 22.041521739312671 ], [ 88.520318762080421, 22.035469900443623 ], [ 88.507110367466737, 22.026726410884475 ], [ 88.50015904930207, 22.027310312138919 ], [ 88.499032669717295, 22.027404898253554 ], [ 88.493307913054494, 22.024858294382291 ], [ 88.476438496000597, 22.022840947606127 ], [ 88.46955313854518, 22.021956894507632 ], [ 88.440816023148415, 22.005982589955519 ], [ 88.418121488611646, 21.990534620908008 ], [ 88.41478693540337, 21.985140509538883 ], [ 88.409308939919541, 21.976277449004538 ], [ 88.385738563307712, 21.938118932558268 ], [ 88.36240711768707, 21.904903195727726 ], [ 88.344086800144424, 21.878801499420817 ], [ 88.321618875288479, 21.854473307056054 ], [ 88.317211207978076, 21.849698788902675 ], [ 88.308171669682693, 21.839904927636208 ], [ 88.272320352281838, 21.824057203481726 ], [ 88.256189413280893, 21.816922035096361 ], [ 88.243481193811633, 21.811298802476049 ], [ 88.213883024126844, 21.803989220570962 ], [ 88.182359009807399, 21.796196176906914 ], [ 88.173305367597337, 21.796113897780462 ], [ 88.158498648519739, 21.797056393091591 ], [ 88.15341811601391, 21.797379473422495 ], [ 88.1432269177661, 21.798027069851642 ], [ 88.113338672229148, 21.815875800947044 ], [ 88.110187218877414, 21.820714783467984 ], [ 88.104067275965249, 21.830111236703999 ], [ 88.103915091250471, 21.830316477380471 ], [ 88.082167316719818, 21.889263157214664 ], [ 88.078185008420007, 21.90883767756085 ], [ 88.065233834630277, 21.972512584198082 ], [ 88.078659555399796, 22.006586912734811 ], [ 88.10101842817879, 22.114941164704224 ], [ 88.090366272283276, 22.167694691047831 ], [ 88.082169588933482, 22.179180516203406 ], [ 88.075377959318871, 22.188696493542871 ], [ 88.059244488173064, 22.211298074586022 ], [ 88.05503217488284, 22.21719833065627 ], [ 88.050582349184978, 22.217488631555788 ], [ 88.04531727646588, 22.217831957868135 ], [ 88.043539930605135, 22.217248012060669 ], [ 88.042688507959127, 22.216968266766205 ], [ 88.042162242408338, 22.216795352434271 ], [ 88.038166644919215, 22.215482440688842 ], [ 88.035141929535399, 22.203411094330466 ], [ 88.033774866252315, 22.1888582908906 ], [ 88.033483333180385, 22.185753258477916 ], [ 88.033319390688035, 22.184006912190465 ], [ 88.031917477381938, 22.169066307141097 ], [ 88.036331370369609, 22.128821757789812 ], [ 88.035272407430767, 22.123597918307567 ], [ 88.033992114568946, 22.117280980659373 ], [ 88.033276723857284, 22.11303734834944 ], [ 88.031164018772373, 22.100500876875579 ], [ 88.007645773270781, 22.064280546773041 ], [ 88.003241373484869, 22.054322621647025 ], [ 87.99887988834864, 22.044459153699957 ], [ 87.986779526256967, 22.022559080504653 ], [ 87.986442410380661, 22.021803721812049 ], [ 87.983968976846398, 22.01626116575245 ], [ 87.975663678252104, 21.997644475228096 ], [ 87.959257943519518, 21.976672575481206 ], [ 87.956854859101838, 21.973938099861602 ], [ 87.951392859216952, 21.967722128449736 ], [ 87.933260487108868, 21.947079320653906 ], [ 87.904632547684315, 21.915565199865398 ], [ 87.893597854699848, 21.903410826902267 ], [ 87.880107697663519, 21.888546397606177 ], [ 87.860374711311167, 21.868698492940187 ], [ 87.813454290436013, 21.821460512310189 ], [ 87.792531595712319, 21.80037610709671 ], [ 87.762175659717698, 21.758606984943487 ], [ 87.759616841625515, 21.755600817051352 ], [ 87.75234098840113, 21.743519788910383 ], [ 87.750428854597175, 21.74034422127199 ], [ 87.741062442398828, 21.719948586721166 ], [ 87.739140988639349, 21.717463633943161 ], [ 87.708406435213476, 21.677694087557359 ], [ 87.705555820514292, 21.674003425133584 ], [ 87.699659873691516, 21.668037575499955 ], [ 87.684977256215291, 21.653176603721182 ], [ 87.683473602412036, 21.651654340159666 ], [ 87.667265692561713, 21.63882367706918 ], [ 87.646071973942341, 21.626375869427498 ], [ 87.6262253476079, 21.622038806224751 ], [ 87.625313682571033, 21.621802316395037 ], [ 87.61401648187919, 21.618871210274506 ], [ 87.610297751152572, 21.617476771522078 ], [ 87.60492587465221, 21.61546220328275 ], [ 87.59264369124152, 21.607836301570121 ], [ 87.589029033366387, 21.605591567932247 ], [ 87.579688667628503, 21.599790228221465 ], [ 87.55383231683102, 21.584159435447653 ], [ 87.519809886250982, 21.575605667880549 ], [ 87.486564096317153, 21.568745483755645 ], [ 87.460578178281452, 21.563826081852593 ], [ 87.458730831968339, 21.563476169369995 ], [ 87.456642991486731, 21.576654370512294 ], [ 87.453370547960901, 21.636163412287267 ], [ 87.454169138396708, 21.710111687659875 ], [ 87.450505664668071, 21.754446086555557 ] ], [ [ 88.310506524107396, 22.754897931996656 ], [ 88.316927150584149, 22.743096310346996 ], [ 88.352200921889605, 22.731656173281493 ], [ 88.353269118835627, 22.731499346592553 ], [ 88.3862787383392, 22.805000375604131 ], [ 88.382377416587147, 22.80645951607125 ], [ 88.339965958048282, 22.80726672733762 ], [ 88.325868252073192, 22.802839524861898 ], [ 88.309851894690837, 22.794352377094661 ], [ 88.304360644755135, 22.769490699767285 ], [ 88.310506524107396, 22.754897931996656 ] ] ] } },
{ "type": "Feature", "properties": { "state_name": "Bihar and Orissa", "id": 6 }, "geometry": { "type": "MultiPolygon", "coordinates": [ [ [ [ 84.115520240653794, 22.929478007148617 ], [ 84.115159129842667, 22.929644193702057 ], [ 84.092703005632174, 22.975956491594221 ], [ 84.094296492826132, 22.999555719539263 ], [ 84.067525651531071, 23.057966507668173 ], [ 84.049865710962706, 23.092635596852908 ], [ 84.042652948643777, 23.106791812658138 ], [ 84.015199483253582, 23.138299635760738 ], [ 83.966535301488307, 23.194114368406812 ], [ 83.948800005292213, 23.23542069175744 ], [ 83.952456096857318, 23.289718652266409 ], [ 83.937110943833943, 23.32852088310371 ], [ 83.9158499304434, 23.355813466074888 ], [ 83.896979927829094, 23.380598023355827 ], [ 83.861621274916828, 23.427658985824394 ], [ 83.814734757881723, 23.456410721732492 ], [ 83.783503936456739, 23.489005970668188 ], [ 83.745674827646269, 23.538568910659141 ], [ 83.745633460832366, 23.576506384507674 ], [ 83.766232912071558, 23.653575656874313 ], [ 83.780611768127017, 23.752331352223166 ], [ 83.746438834536391, 23.780366045831819 ], [ 83.693802756612058, 23.802332498739062 ], [ 83.542060756194203, 23.846453192843587 ], [ 83.469245768202441, 23.876597865425275 ], [ 83.453264304204794, 23.908322927075321 ], [ 83.441398387720341, 23.963544253864058 ], [ 83.365388937305781, 24.065017297072963 ], [ 83.192250976216087, 24.156543972715092 ], [ 83.20968589851887, 24.198321551203261 ], [ 83.225444037408323, 24.225946025415091 ], [ 83.249409594064446, 24.260239302760102 ], [ 83.264934684025647, 24.307804105744935 ], [ 83.264418595438784, 24.335599174689733 ], [ 83.248216950641833, 24.349302740456917 ], [ 83.229689292006839, 24.410837562029052 ], [ 83.23388232391828, 24.45119291142348 ], [ 83.267458286536481, 24.465011585535269 ], [ 83.299936766147155, 24.473898148737092 ], [ 83.319735125036431, 24.479208897679172 ], [ 83.329014703519448, 24.484000983701367 ], [ 83.333428175109518, 24.486279776755055 ], [ 83.337187664284713, 24.496037431096397 ], [ 83.333450868786059, 24.580250509411886 ], [ 83.317620779037028, 24.623135962022001 ], [ 83.292185622270097, 24.662284623284886 ], [ 83.257747315501931, 24.683419105761914 ], [ 83.23986415571521, 24.695801002205069 ], [ 83.221998162699279, 24.720285503313335 ], [ 83.21665016566007, 24.745502971013067 ], [ 83.213184626613142, 24.77560136201663 ], [ 83.218246104213804, 24.816621909814053 ], [ 83.230476246006589, 24.847987464791281 ], [ 83.239813263837959, 24.870967047837134 ], [ 83.240950554713521, 24.887993150258691 ], [ 83.236643981461725, 24.905322014050984 ], [ 83.223873926991047, 24.924545529403495 ], [ 83.217345493000977, 24.932028881791652 ], [ 83.201715293707593, 24.943577331061061 ], [ 83.178818509857024, 24.963360095502495 ], [ 83.172356662031149, 24.983657302906252 ], [ 83.172027884168244, 25.00219125988426 ], [ 83.19612344119696, 25.023644237801737 ], [ 83.215714879071641, 25.036085163455269 ], [ 83.238663661044541, 25.051895560510197 ], [ 83.258790089890496, 25.072131608020658 ], [ 83.279346723877836, 25.110140227401093 ], [ 83.283080291874114, 25.130579140372696 ], [ 83.291291962456782, 25.159309674921534 ], [ 83.303019709159599, 25.182144294580937 ], [ 83.332828870682249, 25.206088075986102 ], [ 83.357872467944887, 25.217479763801286 ], [ 83.480580849247204, 25.248878483180778 ], [ 83.50804614161342, 25.272199565693693 ], [ 83.539520556980747, 25.296703015891161 ], [ 83.552190955438093, 25.320874170918128 ], [ 83.560413345787055, 25.359538505628429 ], [ 83.583650189506585, 25.410841883687045 ], [ 83.59007405093611, 25.423986239520467 ], [ 83.612820402397517, 25.446130233062021 ], [ 83.638917527868387, 25.460242075006924 ], [ 83.675565661375444, 25.490086798629321 ], [ 83.709314628536774, 25.522938503687854 ], [ 83.728450974831276, 25.559503630425311 ], [ 83.743176752872841, 25.589214421042247 ], [ 83.757442794751697, 25.623219341608046 ], [ 83.769528970237133, 25.638142269242735 ], [ 83.799387538251395, 25.659811481873195 ], [ 83.808246389809455, 25.662830358055281 ], [ 83.841173881696079, 25.662246661230387 ], [ 83.84893558083958, 25.661061128542386 ], [ 83.919453040012371, 25.648909978595249 ], [ 83.942851911258586, 25.657425550455709 ], [ 83.963448594628531, 25.670377850424927 ], [ 83.992183558702465, 25.687088231297675 ], [ 84.046924329258488, 25.705011080238393 ], [ 84.128256909995613, 25.711276350365843 ], [ 84.168530313011161, 25.714415523779117 ], [ 84.224201822714164, 25.713716509038136 ], [ 84.290192579725513, 25.694559956056981 ], [ 84.33329361736881, 25.693915996398157 ], [ 84.348960153077783, 25.703565822411697 ], [ 84.405347077169637, 25.741840945601208 ], [ 84.441059898553092, 25.76651629881432 ], [ 84.465955041264067, 25.783362213237154 ], [ 84.478721949421669, 25.806269226303566 ], [ 84.479710480146338, 25.808042332435626 ], [ 84.485051225344407, 25.835406746690865 ], [ 84.486376000523933, 25.861614207687296 ], [ 84.475695860796165, 25.885060208117672 ], [ 84.470452959883289, 25.888248515472601 ], [ 84.465820585530594, 25.889264369100665 ], [ 84.438080393095973, 25.896063791316788 ], [ 84.421053224534006, 25.899313312048676 ], [ 84.399945869251354, 25.900695547331154 ], [ 84.38118248367995, 25.901921678415611 ], [ 84.36968022173653, 25.905515410325574 ], [ 84.35600007410784, 25.911382705604069 ], [ 84.326569143100059, 25.926803014123056 ], [ 84.296795030837103, 25.94792835550955 ], [ 84.276063731283955, 25.964199520834384 ], [ 84.27304567564488, 25.965816511553019 ], [ 84.25750699885603, 25.96824186004277 ], [ 84.244314923355034, 25.970514422622873 ], [ 84.217483027104166, 25.969396651281663 ], [ 84.200097752221353, 25.968379287686631 ], [ 84.169959134829099, 25.975286065232741 ], [ 84.156697835312784, 25.986799581929194 ], [ 84.139619623272424, 26.009933770886882 ], [ 84.110267214841912, 26.047360609904015 ], [ 84.089707858104816, 26.066446932325711 ], [ 84.070379126719189, 26.081186262817766 ], [ 84.026015613856686, 26.098217126939169 ], [ 84.006179665177683, 26.106580503009933 ], [ 83.994290542488216, 26.115864579900443 ], [ 83.990916213838872, 26.12319006228298 ], [ 83.986281681707794, 26.144821465748528 ], [ 83.985350183886212, 26.163374813097295 ], [ 83.98710158387351, 26.186027407649217 ], [ 84.001246012371453, 26.205764357477562 ], [ 84.012821473943461, 26.222816193791889 ], [ 84.022720905902531, 26.238549985270215 ], [ 84.024939352785992, 26.256903392898202 ], [ 84.024981987282274, 26.267570276384745 ], [ 84.009159830779552, 26.317653959439326 ], [ 83.964464887553731, 26.341820170831284 ], [ 83.947162134690231, 26.352870237158591 ], [ 83.923092786629468, 26.378572849624504 ], [ 83.904407271806463, 26.40251276543869 ], [ 83.897694720726662, 26.417874823105851 ], [ 83.900326404237859, 26.451860674514482 ], [ 83.901808785391736, 26.470977537869711 ], [ 83.91194767077188, 26.48954975431414 ], [ 83.925473556441148, 26.500792504919378 ], [ 83.937607510834539, 26.504295482919378 ], [ 83.982787866210657, 26.505703337660485 ], [ 84.037069748732975, 26.502247103432495 ], [ 84.075499653685952, 26.498365019870562 ], [ 84.145265073559557, 26.491028676316301 ], [ 84.167173926241759, 26.49814521920716 ], [ 84.185039534604428, 26.504098041014704 ], [ 84.250467279312673, 26.501967796383742 ], [ 84.268605359016291, 26.501491482492323 ], [ 84.296404779547032, 26.503222189504896 ], [ 84.322997423432966, 26.519246372698898 ], [ 84.327850611591344, 26.530301940783559 ], [ 84.32850715032464, 26.548033208406206 ], [ 84.318652757109163, 26.562903621000945 ], [ 84.268359224639525, 26.634831699041815 ], [ 84.215594109296489, 26.691626913576251 ], [ 84.188064577312545, 26.718317877037265 ], [ 84.176568520941061, 26.747516213437216 ], [ 84.169296271204544, 26.779995303839485 ], [ 84.170912384021278, 26.824340793705172 ], [ 84.168015629191856, 26.861869491173046 ], [ 84.162284498443285, 26.888915677697334 ], [ 84.155113408554442, 26.898275204054688 ], [ 84.138507470940311, 26.913585297215526 ], [ 84.099758913598336, 26.925001016475985 ], [ 84.066803090346298, 26.959151122403988 ], [ 84.059502251482513, 26.991636103791357 ], [ 84.040061146694939, 27.021351283605362 ], [ 84.019612695620168, 27.038680826529536 ], [ 83.978399530186636, 27.044895443297325 ], [ 83.941414175491474, 27.054385118106943 ], [ 83.903147471973099, 27.072842183208376 ], [ 83.87701295874912, 27.0940768428738 ], [ 83.861461855001849, 27.123530939279114 ], [ 83.849852674618987, 27.177641757920611 ], [ 83.846871917666306, 27.215192859746661 ], [ 83.841484145768248, 27.272468549827757 ], [ 83.843744436202428, 27.325699540265347 ], [ 83.874129942507849, 27.342495461027944 ], [ 83.88078747489692, 27.372431943502963 ], [ 83.876722368827714, 27.401158329262167 ], [ 83.86101408157171, 27.41734739667638 ], [ 83.896846758477054, 27.439716716051354 ], [ 83.979664764970778, 27.438155981582284 ], [ 84.036775559077228, 27.434433474540079 ], [ 84.139614179798997, 27.469403634680489 ], [ 84.162406981129081, 27.462202177963768 ], [ 84.216970572881038, 27.428223290623599 ], [ 84.286445157305238, 27.395124304831949 ], [ 84.369500861612551, 27.372455254717362 ], [ 84.516477741247542, 27.352942745930562 ], [ 84.557869576153649, 27.340611413682662 ], [ 84.610757933750364, 27.314203309639925 ], [ 84.628099033999035, 27.29404499001215 ], [ 84.624166186920419, 27.248829891507523 ], [ 84.638175856720423, 27.117083997067059 ], [ 84.648035709826914, 27.08418244528967 ], [ 84.718082996109004, 27.0376226561586 ], [ 84.792144812308607, 27.01349255919914 ], [ 84.849681383915566, 26.994284687140237 ], [ 84.895416335296488, 26.985365053478453 ], [ 84.987943565788257, 26.956043961145316 ], [ 85.031699816306684, 26.901773404077645 ], [ 85.138442015664964, 26.867563767412747 ], [ 85.160664301624323, 26.856484517091591 ], [ 85.198347120227851, 26.80641302022099 ], [ 85.224570795362396, 26.793142768855471 ], [ 85.267547707363448, 26.778642361927236 ], [ 85.277040311440331, 26.777371660817899 ], [ 85.330046682020892, 26.770264150259905 ], [ 85.412930576408968, 26.777377504178688 ], [ 85.473126813964825, 26.812626628050243 ], [ 85.501771979257668, 26.871027950467454 ], [ 85.591847100906648, 26.864229697315519 ], [ 85.683356939343014, 26.806194255626291 ], [ 85.713625970153757, 26.769836184941315 ], [ 85.738624855325156, 26.722532805540887 ], [ 85.741332044696151, 26.684502334946632 ], [ 85.758359088295165, 26.664287375635286 ], [ 85.781028732862751, 26.650425727053015 ], [ 85.790182350601995, 26.644826948443981 ], [ 85.841146756047706, 26.627667679176906 ], [ 85.866385244081997, 26.627608828212601 ], [ 85.909486170922918, 26.660188162950071 ], [ 85.98793468825987, 26.688093246561245 ], [ 86.054754465596559, 26.682842219211217 ], [ 86.145367422711743, 26.641657514241942 ], [ 86.177454326980452, 26.62587984221798 ], [ 86.284931155775212, 26.628617234462276 ], [ 86.324920664335835, 26.629174320323212 ], [ 86.362070407459683, 26.622394328466129 ], [ 86.546904372043628, 26.518576369468121 ], [ 86.634469495672093, 26.492486298709892 ], [ 86.694017576076874, 26.480002132883222 ], [ 86.698709443982551, 26.479929480695414 ], [ 86.777760773166804, 26.478681542924459 ], [ 86.903698140646995, 26.500156428260379 ], [ 86.947500403693553, 26.537940427193782 ], [ 86.97341025224425, 26.584776371419249 ], [ 87.010240322499399, 26.615578286188683 ], [ 87.031034242545957, 26.613795002910859 ], [ 87.048753122692759, 26.602843168286775 ], [ 87.059925587180501, 26.569822289955905 ], [ 87.059414314063659, 26.505747145639614 ], [ 87.070585293257977, 26.472730246385808 ], [ 87.083732993621837, 26.458401644128571 ], [ 87.105573390995616, 26.439341222866918 ], [ 87.112490936992955, 26.433302621694587 ], [ 87.182046924637021, 26.417875579490971 ], [ 87.300003839797114, 26.424585245884746 ], [ 87.412689317085281, 26.45991595798036 ], [ 87.448752075524041, 26.464263940883971 ], [ 87.47984938938265, 26.461506408588953 ], [ 87.531462983565731, 26.455030593461832 ], [ 87.591762438559343, 26.451525457460413 ], [ 87.659507375586202, 26.477454996283033 ], [ 87.711517986401077, 26.493470105528395 ], [ 87.76393205387761, 26.494361800222528 ], [ 87.834975265888588, 26.49352958773267 ], [ 87.851924908216745, 26.476918857449309 ], [ 87.857853943775879, 26.43684657487227 ], [ 87.90126805297804, 26.414045945874882 ], [ 87.961090205427226, 26.425479758082265 ], [ 88.00545822912423, 26.481899446312269 ], [ 88.137192782498559, 26.473728508565486 ], [ 88.239456057223421, 26.49937574610221 ], [ 88.296392854990145, 26.51760924662781 ], [ 88.296934162456594, 26.517725013406899 ], [ 88.297938419526048, 26.516429584309208 ], [ 88.299094530143478, 26.514938243510528 ], [ 88.299319915056941, 26.514647501390776 ], [ 88.30425922144353, 26.508275585863434 ], [ 88.306853172555677, 26.507251906129163 ], [ 88.313287909330299, 26.504712245936513 ], [ 88.347328342842232, 26.491271283207293 ], [ 88.368262202923049, 26.483000567246588 ], [ 88.405937780218764, 26.472125326227737 ], [ 88.41006015378899, 26.469970988383263 ], [ 88.418171709842056, 26.465731427991248 ], [ 88.449588643002429, 26.44930502375723 ], [ 88.455228712668884, 26.445812322692234 ], [ 88.462198725467687, 26.441495545229586 ], [ 88.464307795566398, 26.438696528467752 ], [ 88.472975042223766, 26.427192787569272 ], [ 88.474601832756321, 26.425033397717854 ], [ 88.474198069825633, 26.42162474599775 ], [ 88.472538880526201, 26.407611050628244 ], [ 88.471428048178112, 26.405765883572897 ], [ 88.469587446337272, 26.402708301089664 ], [ 88.465081089838435, 26.39522124870172 ], [ 88.445750132293938, 26.382134810628056 ], [ 88.440754332676349, 26.378751661287541 ], [ 88.4308474836416, 26.374121953557601 ], [ 88.398426357322975, 26.365358738924275 ], [ 88.39168627619739, 26.3608376939547 ], [ 88.380023439230683, 26.353012600167311 ], [ 88.365830993353669, 26.33203826860532 ], [ 88.362495719671244, 26.323079158292636 ], [ 88.362390119147562, 26.322795456867141 ], [ 88.358227776442206, 26.311611120074936 ], [ 88.348863741871938, 26.298399680854811 ], [ 88.318884730511286, 26.264811755133959 ], [ 88.298236393339323, 26.255879203527694 ], [ 88.283445211213348, 26.249477246168485 ], [ 88.283210533397011, 26.249375650560957 ], [ 88.266475862494545, 26.228622652111749 ], [ 88.24886155519286, 26.211474188125148 ], [ 88.24416284640084, 26.209453245577407 ], [ 88.234541466897227, 26.20531418853702 ], [ 88.224188701148123, 26.200859226165594 ], [ 88.18649625110298, 26.190278692390908 ], [ 88.155650748062627, 26.182574798955148 ], [ 88.132010512101317, 26.169491577148388 ], [ 88.123317596679868, 26.163110512805819 ], [ 88.109266607430854, 26.152793028566052 ], [ 88.099417489329753, 26.134896179984228 ], [ 88.091218836982421, 26.112619511079259 ], [ 88.090649248718123, 26.111071311359662 ], [ 88.088121697870818, 26.104200283211881 ], [ 88.076599733655684, 26.082927862789663 ], [ 88.065225895323906, 26.057657558873689 ], [ 88.049028027756137, 26.021636969600429 ], [ 88.043596734697374, 26.009550436948498 ], [ 88.02229090287446, 25.975302920413032 ], [ 88.018208891350739, 25.968737560149513 ], [ 88.016614720087702, 25.966173217626242 ], [ 88.011565361394716, 25.944297159095687 ], [ 88.007416787013554, 25.918811351939866 ], [ 88.001985905226945, 25.893442272439543 ], [ 88.00672155675926, 25.865970240320138 ], [ 88.009637627629573, 25.856453394251648 ], [ 88.013391807848492, 25.844200766836526 ], [ 88.020235104475191, 25.83421822690077 ], [ 88.024566698959077, 25.827898936626269 ], [ 88.042945410416237, 25.817992553985633 ], [ 88.057685941148165, 25.815008290665187 ], [ 88.060384149873968, 25.814461861319966 ], [ 88.074694417362295, 25.811562933237418 ], [ 88.075601120988807, 25.81147992055346 ], [ 88.077321939223637, 25.810711664297049 ], [ 88.086840678502384, 25.810450410445021 ], [ 88.094572719132515, 25.809741663308657 ], [ 88.096055329865834, 25.799017307602512 ], [ 88.073328015362762, 25.461548469167241 ], [ 88.061229425767522, 25.4221007669465 ], [ 88.024736028735674, 25.390139362983295 ], [ 87.971527898058596, 25.358152094297537 ], [ 87.846251876853501, 25.28266016692843 ], [ 87.797826817197219, 25.228737294644343 ], [ 87.76803026366872, 25.185499307194178 ], [ 87.769994458251773, 25.087605001382819 ], [ 87.770194679621426, 25.077720639579983 ], [ 87.778886179383349, 24.976434093449097 ], [ 87.776484666750875, 24.916683343929524 ], [ 87.770361846830582, 24.876655808229017 ], [ 87.755219842630325, 24.842701302163086 ], [ 87.728337798680641, 24.788596165716623 ], [ 87.722181023748902, 24.729165991684233 ], [ 87.718207720093432, 24.690710158309553 ], [ 87.73253819412696, 24.661259219559224 ], [ 87.750327887332432, 24.627984462510643 ], [ 87.76500937352337, 24.602032123026532 ], [ 87.78325598793991, 24.554615144928576 ], [ 87.786825996779825, 24.533149885214034 ], [ 87.784306769832824, 24.508683743069358 ], [ 87.7734935834944, 24.496238794118213 ], [ 87.751532163553122, 24.470949541480355 ], [ 87.718350961448394, 24.46674001699224 ], [ 87.67335217851668, 24.460002793738468 ], [ 87.645366861074066, 24.450040190242945 ], [ 87.627959651703932, 24.430354569713433 ], [ 87.62233646751892, 24.393793480109757 ], [ 87.631672742117217, 24.371838396537079 ], [ 87.653342668790359, 24.357655996068608 ], [ 87.680908763950427, 24.344734275721073 ], [ 87.693557727266452, 24.336605245000456 ], [ 87.697687545906149, 24.320384144395408 ], [ 87.684965871124732, 24.289725494321775 ], [ 87.667942074059155, 24.273535632911837 ], [ 87.639980717317968, 24.244159027811442 ], [ 87.600242225006241, 24.212236834596101 ], [ 87.557579879611509, 24.18936129292106 ], [ 87.556520808824274, 24.120662556871295 ], [ 87.554439809267848, 24.099671442401284 ], [ 87.541796785751444, 24.068978388044279 ], [ 87.516509625910018, 24.065791636011607 ], [ 87.471821931220745, 24.060680019485275 ], [ 87.432164112197057, 24.048081093818617 ], [ 87.419899393505986, 24.020864080778271 ], [ 87.41145258279623, 23.993330765544815 ], [ 87.396754291393634, 23.980423979454805 ], [ 87.38222891557686, 23.969265013876626 ], [ 87.361652078222519, 23.955070007409379 ], [ 87.23006881475834, 23.944594930726492 ], [ 87.201882114044182, 23.930985241518687 ], [ 87.195732199190843, 23.906768517459028 ], [ 87.187848278603127, 23.884455716717145 ], [ 87.182780320322991, 23.851324505210794 ], [ 87.15975177403358, 23.810805764698159 ], [ 87.135411815412382, 23.796864096228553 ], [ 87.10776208704138, 23.788476655256893 ], [ 87.057260386327386, 23.781896262446704 ], [ 87.030535735342283, 23.762823270305802 ], [ 87.009531359882502, 23.743291922502529 ], [ 86.997929612763585, 23.740520769187594 ], [ 86.976179302773886, 23.735322517683262 ], [ 86.940316236742191, 23.74167008481847 ], [ 86.886201367085249, 23.758267412946584 ], [ 86.828091184348679, 23.773392782319451 ], [ 86.779793846013774, 23.770070848640891 ], [ 86.740386173321923, 23.758978641421326 ], [ 86.712574610602303, 23.706338681360219 ], [ 86.693839458328895, 23.668897740294735 ], [ 86.694282907188835, 23.661142730824803 ], [ 86.69607396298855, 23.629849518210683 ], [ 86.745598523476843, 23.58364898236178 ], [ 86.757501759104741, 23.545632584408938 ], [ 86.749359917059763, 23.509032612457148 ], [ 86.74784154704399, 23.502202252795023 ], [ 86.734534089239858, 23.482017342687445 ], [ 86.713013199221251, 23.434185134913914 ], [ 86.714331032811842, 23.384612008411604 ], [ 86.702508609879999, 23.33780346886072 ], [ 86.687212924546358, 23.294788516259203 ], [ 86.652119577280516, 23.265629702094916 ], [ 86.627206252330268, 23.221557245238017 ], [ 86.617255486084815, 23.151617387329583 ], [ 86.624341009597842, 22.903707476387243 ], [ 86.631464093887786, 22.853706733110446 ], [ 86.628891186776784, 22.823861003171036 ], [ 86.60579414078363, 22.79906489218909 ], [ 86.557039273709606, 22.763778808291974 ], [ 86.52415492793223, 22.713171817173208 ], [ 86.523664461031956, 22.684932297598685 ], [ 86.530746313548832, 22.656140785637792 ], [ 86.525911031636184, 22.6293315175059 ], [ 86.521885031133337, 22.606990043510667 ], [ 86.512837085643781, 22.556716267716666 ], [ 86.525451746251377, 22.52575955670714 ], [ 86.544176775188177, 22.499661360266046 ], [ 86.578604198531878, 22.479488460210913 ], [ 86.625422217105708, 22.403642735231617 ], [ 86.654553261264695, 22.366187501863507 ], [ 86.651082715651583, 22.281731175217313 ], [ 86.62770141679124, 22.274168862932854 ], [ 86.669321217042153, 22.287626704025758 ], [ 86.780422361232965, 22.225338204681577 ], [ 86.861741372805653, 22.200513388641529 ], [ 86.922125884215575, 22.167797724404348 ], [ 86.956884288322087, 22.10167959041403 ], [ 86.959417762269695, 22.042664998285954 ], [ 86.96486667418678, 21.988142771959296 ], [ 86.962010243073408, 21.924825170164642 ], [ 86.958996474980083, 21.902712106854999 ], [ 86.990925312991394, 21.900101915516771 ], [ 87.027284633735022, 21.927403276607375 ], [ 87.048394317532896, 21.97523449822511 ], [ 87.070199835320423, 22.008892507078173 ], [ 87.075990107192339, 22.01022382054116 ], [ 87.096667424664304, 22.008676171124666 ], [ 87.115680134772347, 21.987846727122669 ], [ 87.133629814994535, 21.954749735255966 ], [ 87.189346136148288, 21.899416957638142 ], [ 87.224562291594779, 21.891474463576255 ], [ 87.257893711265666, 21.883667862432201 ], [ 87.271843265953024, 21.870270520789674 ], [ 87.295728908994704, 21.819097037407612 ], [ 87.300292125578139, 21.806410850733734 ], [ 87.31970546577142, 21.790837974046447 ], [ 87.348945297020791, 21.779807253819911 ], [ 87.390188837073424, 21.776672066767393 ], [ 87.41658397118259, 21.776422516967887 ], [ 87.45219370102329, 21.773701262222019 ], [ 87.450505664668071, 21.754446086555557 ], [ 87.454169138396708, 21.710111687659875 ], [ 87.453370547960901, 21.636163412287267 ], [ 87.456642991486731, 21.576654370512294 ], [ 87.458730831968339, 21.563476169369995 ], [ 87.454681855730257, 21.562709149694829 ], [ 87.450784936994623, 21.561601979278656 ], [ 87.445812935801342, 21.559949994245027 ], [ 87.432524335965127, 21.555533657060668 ], [ 87.429216066390509, 21.555955576650632 ], [ 87.420307088787013, 21.553229090655837 ], [ 87.401506642292588, 21.547748889073347 ], [ 87.369255733966668, 21.548264633762312 ], [ 87.341601301761145, 21.547996578409474 ], [ 87.293399529723516, 21.535161339934159 ], [ 87.27060839716745, 21.530611340936112 ], [ 87.221874914737484, 21.527598181987237 ], [ 87.208980846694217, 21.524855013238344 ], [ 87.167559635644494, 21.5160342370054 ], [ 87.157323768494209, 21.513852466835775 ], [ 87.133349515253371, 21.508739248918388 ], [ 87.132360269972864, 21.508340919395025 ], [ 87.125821410886573, 21.507057909388607 ], [ 87.120667527251527, 21.506903277779958 ], [ 87.097480161269516, 21.506205505780173 ], [ 87.073035633705587, 21.502357973373183 ], [ 87.066920719433426, 21.501394831623045 ], [ 87.035150458199496, 21.489609869310769 ], [ 87.004870428896453, 21.470348621103973 ], [ 86.995347521530348, 21.46428823894751 ], [ 86.96691140092878, 21.444592244672215 ], [ 86.937326721195234, 21.424086657604057 ], [ 86.930042854540005, 21.4190359018931 ], [ 86.923991226402578, 21.414564678634491 ], [ 86.910258348083204, 21.407793679849064 ], [ 86.892184044309928, 21.391053420298764 ], [ 86.861174094431263, 21.368114257940015 ], [ 86.824864241878643, 21.334542284346107 ], [ 86.820427092737262, 21.33043755004315 ], [ 86.792856895427946, 21.292395015868681 ], [ 86.768166699797604, 21.266494398304982 ], [ 86.737375627476936, 21.220222172944577 ], [ 86.736755754245323, 21.219290109972594 ], [ 86.723914025277267, 21.184301468623893 ], [ 86.721515972244262, 21.177899373688614 ], [ 86.71135836564207, 21.150770001988001 ], [ 86.70717079136773, 21.139580204924695 ], [ 86.700281864571608, 21.092399503750961 ], [ 86.704251522836827, 21.069583307672058 ], [ 86.705878503742127, 21.060233072705152 ], [ 86.709193705370637, 21.030858781187199 ], [ 86.709560117741759, 21.027613156054837 ], [ 86.72208077305099, 20.987905073130214 ], [ 86.740853665191153, 20.955999624977995 ], [ 86.747545040761665, 20.94844605122108 ], [ 86.790283054938868, 20.900185593632091 ], [ 86.807976318686229, 20.870711892862357 ], [ 86.816840752145765, 20.848327697850852 ], [ 86.815703002991285, 20.826055970326742 ], [ 86.813945294109317, 20.803827609251961 ], [ 86.813067305460805, 20.79271335438369 ], [ 86.813728130707389, 20.783559455152222 ], [ 86.813817693685749, 20.782319045024384 ], [ 86.81396356763122, 20.780298872045766 ], [ 86.818914994951342, 20.77171871344315 ], [ 86.823819865202495, 20.762553746962922 ], [ 86.835841776964202, 20.756420691992393 ], [ 86.840741387618763, 20.756078269710869 ], [ 86.85325294059065, 20.755203225613482 ], [ 86.872435466890266, 20.752683664424456 ], [ 86.870841268642096, 20.740445603530649 ], [ 86.868264452810664, 20.730178661909715 ], [ 86.865966080620268, 20.719049133402482 ], [ 86.865893582595604, 20.718698007947836 ], [ 86.865981430870846, 20.717431667142385 ], [ 86.86615951016924, 20.71486482969334 ], [ 86.867061936612672, 20.701861187212682 ], [ 86.88443702741273, 20.688674772318709 ], [ 86.887435754241338, 20.673204252981829 ], [ 86.883161545053639, 20.667267556513231 ], [ 86.880071823445746, 20.66297553777305 ], [ 86.879212365887398, 20.661781562823588 ], [ 86.874726661708095, 20.655549382557968 ], [ 86.874404863673234, 20.655205453566747 ], [ 86.848902012420837, 20.634510436987895 ], [ 86.834049464384677, 20.6224520950719 ], [ 86.826782802977007, 20.616739758271599 ], [ 86.796669870627341, 20.59305746612943 ], [ 86.775193136802173, 20.576156816391912 ], [ 86.770825279736201, 20.572718578110635 ], [ 86.751355251722984, 20.555236889341113 ], [ 86.725180412085507, 20.545443762137729 ], [ 86.722477893200605, 20.544432273532831 ], [ 86.71874644369916, 20.543035569729522 ], [ 86.711555106016576, 20.540343446273834 ], [ 86.690255755913526, 20.532367094870303 ], [ 86.677939428277782, 20.519840988625074 ], [ 86.673994271037813, 20.515827776461414 ], [ 86.647520631719033, 20.49239011483829 ], [ 86.627100578858219, 20.474301429555933 ], [ 86.610986513156703, 20.459506062259774 ], [ 86.585465499624235, 20.419450548588291 ], [ 86.575794252790345, 20.407155937361281 ], [ 86.571358674783767, 20.398038844025763 ], [ 86.571243780238646, 20.397449938294077 ], [ 86.569319144171629, 20.387583324474132 ], [ 86.568908936903071, 20.382160004309881 ], [ 86.568242332518679, 20.373343095030528 ], [ 86.567460181972962, 20.362991925742598 ], [ 86.56635495610432, 20.34835407763137 ], [ 86.567695582951202, 20.342710292172917 ], [ 86.569196024840963, 20.336393793742925 ], [ 86.58001569518369, 20.330959595160412 ], [ 86.588616996851485, 20.3292047599681 ], [ 86.605285749751161, 20.335144568560608 ], [ 86.622398969315512, 20.346936089027032 ], [ 86.626567098611517, 20.350768853876591 ], [ 86.633269453966989, 20.355627087080101 ], [ 86.637355562455852, 20.358588557166502 ], [ 86.654375845214503, 20.381841569764145 ], [ 86.663298250663075, 20.400651958565529 ], [ 86.66529970495661, 20.410517866419163 ], [ 86.665741814174055, 20.416304447945137 ], [ 86.665925809309655, 20.418712088991338 ], [ 86.67247473777347, 20.41584705796733 ], [ 86.682679018665695, 20.411382297756216 ], [ 86.683437599983392, 20.411050361312139 ], [ 86.683180102646077, 20.407684553171794 ], [ 86.682810831345691, 20.402856651828092 ], [ 86.684562031076851, 20.39517890737266 ], [ 86.684703746986642, 20.393179251833125 ], [ 86.685514634723177, 20.381740241610242 ], [ 86.685342978389627, 20.380887319363254 ], [ 86.681160070828355, 20.360096210536792 ], [ 86.672056421209703, 20.323804895784942 ], [ 86.646680859963922, 20.287802225032788 ], [ 86.639953314836205, 20.278252137209954 ], [ 86.635969437761744, 20.272595817668268 ], [ 86.549613791404397, 20.221784513576274 ], [ 86.535465366633943, 20.210624710365188 ], [ 86.521517425076041, 20.199619459731814 ], [ 86.503453223693413, 20.185361100527043 ], [ 86.487158163341846, 20.172494038275314 ], [ 86.461355879109007, 20.152109873327131 ], [ 86.453814294293039, 20.146149620893706 ], [ 86.445828008667419, 20.139836781788819 ], [ 86.44531907328566, 20.139434449297703 ], [ 86.430130050536008, 20.123446773234335 ], [ 86.426388446124463, 20.119507450337444 ], [ 86.362773037339096, 20.05247106505858 ], [ 86.357487032435799, 20.043276291957291 ], [ 86.357487032435827, 20.043276291957284 ], [ 86.353686476748436, 20.036664203539146 ], [ 86.332918576196079, 20.000515292867675 ], [ 86.331920879309266, 19.998759896373421 ], [ 86.283310674765431, 19.96644174396641 ], [ 86.2370889632858, 19.93959830363649 ], [ 86.144631722208189, 19.898918282250712 ], [ 85.98429297732936, 19.812612800069594 ], [ 85.949730427081903, 19.801155008474854 ], [ 85.92573075930666, 19.793193066819683 ], [ 85.913474989328392, 19.792077802402623 ], [ 85.886489168199944, 19.789028305785536 ], [ 85.872082355006683, 19.785135826075617 ], [ 85.868723309929706, 19.784228042109923 ], [ 85.849395688879426, 19.774805503588336 ], [ 85.830237946755275, 19.764245286391276 ], [ 85.730799989219548, 19.738582714113889 ], [ 85.719913870214839, 19.736338144135146 ], [ 85.719108088235657, 19.736171970150725 ], [ 85.693561626111915, 19.729204055333682 ], [ 85.675886492994749, 19.724766488656073 ], [ 85.649691743919689, 19.718185743742314 ], [ 85.606503570428259, 19.698884902502346 ], [ 85.58235507391673, 19.688084879724261 ], [ 85.572511997617667, 19.685997525329633 ], [ 85.548221346913223, 19.683796769352863 ], [ 85.529278782288316, 19.682078052814454 ], [ 85.516754131951686, 19.681050504742061 ], [ 85.490153526996309, 19.674364055042062 ], [ 85.484995664050331, 19.672048308080914 ], [ 85.467178386192799, 19.664046790042718 ], [ 85.465765157208835, 19.663411992288424 ], [ 85.453583181033864, 19.658713034429475 ], [ 85.448511800530994, 19.656756459277712 ], [ 85.434592153798263, 19.653443504575431 ], [ 85.429678166272751, 19.653421564003427 ], [ 85.416708753656266, 19.65336299049897 ], [ 85.415900409276048, 19.653359307805548 ], [ 85.415599606528644, 19.65342796745886 ], [ 85.410131697598985, 19.654675953654476 ], [ 85.405466435078893, 19.655740610397892 ], [ 85.404981950103476, 19.661451973609768 ], [ 85.404604056925237, 19.665907341178066 ], [ 85.40674266735499, 19.675262789073674 ], [ 85.436974740319499, 19.69532433718161 ], [ 85.497427260591451, 19.723429613247507 ], [ 85.54040045958962, 19.783735891771673 ], [ 85.554111221136125, 19.809166610639416 ], [ 85.552840452521551, 19.827301683111884 ], [ 85.517290446493647, 19.861018257946046 ], [ 85.482036543117928, 19.884020445467772 ], [ 85.449673133738258, 19.891627927267898 ], [ 85.428543104172718, 19.888311034612549 ], [ 85.409270853416189, 19.885283211955674 ], [ 85.409213953633071, 19.885255272181784 ], [ 85.403084369688628, 19.885446642563533 ], [ 85.394782787229076, 19.882432872719956 ], [ 85.380713480565817, 19.877323850862755 ], [ 85.359277756737086, 19.864420439574097 ], [ 85.355578569489623, 19.861896484851663 ], [ 85.293983149932345, 19.819840422210888 ], [ 85.274808174205845, 19.804546458003568 ], [ 85.222953298912586, 19.763154349981313 ], [ 85.194195943857423, 19.732928535362788 ], [ 85.184782163682655, 19.722250964780628 ], [ 85.17924757126589, 19.713711774380652 ], [ 85.172208235789384, 19.701125154292388 ], [ 85.174572241345516, 19.694056602016271 ], [ 85.174825561625653, 19.693299145956125 ], [ 85.175730590248705, 19.693005934487246 ], [ 85.160635731218335, 19.673997423574654 ], [ 85.148207749262809, 19.678038681724441 ], [ 85.119380200690259, 19.695697306551512 ], [ 85.068717201666672, 19.730706407806579 ], [ 85.037345117500422, 19.771232406012434 ], [ 84.969057105528734, 19.838082945461572 ], [ 84.968690571072557, 19.838441607263309 ], [ 84.886151352702882, 19.908316584402961 ], [ 84.867359470907232, 19.943407913611939 ], [ 84.864458498212954, 19.992736543941366 ], [ 84.892007169973041, 20.048858177547675 ], [ 84.888405074917145, 20.117769244146029 ], [ 85.196856024912762, 20.153119979697919 ], [ 85.270992694619707, 20.290461944948664 ], [ 85.777057602665622, 20.514465424872963 ], [ 86.230840798159122, 21.225263179976626 ], [ 84.435779903851426, 25.257747102229555 ], [ 84.435762086983331, 25.257735260816666 ], [ 84.115520240653794, 22.929478007148617 ] ], [ [ 85.270992694619707, 20.290461944948664 ], [ 85.269195966886727, 20.285403278837418 ], [ 85.258673842223999, 20.255766192844689 ], [ 85.270992694619707, 20.290461944948664 ] ], [ [ 85.777057602665622, 20.514465424872963 ], [ 85.860502592923169, 20.561085118735893 ], [ 85.782311575446826, 20.517403286526772 ], [ 85.777057602665622, 20.514465424872963 ] ], [ [ 86.230840798159122, 21.225263179976626 ], [ 86.283739705142608, 21.259391338500553 ], [ 86.241780324771824, 21.232324293377108 ], [ 86.230840798159122, 21.225263179976626 ] ] ], [ [ [ 83.710208916708069, 19.982739344521168 ], [ 83.682210446008, 19.984123113158503 ], [ 83.643248373154606, 20.0050017699355 ], [ 83.598477847051058, 20.0299517212163 ], [ 83.558888721729033, 20.021455225613117 ], [ 83.520996207873893, 19.970194465869589 ], [ 83.481268552221721, 19.902884615752498 ], [ 83.445237261199537, 19.847708191310733 ], [ 83.388095339416964, 19.82860968160012 ], [ 83.387547407486935, 19.780262954393713 ], [ 83.407838432573655, 19.728087562417681 ], [ 83.429918529522141, 19.691004014942422 ], [ 83.416787539374866, 19.669811158980274 ], [ 83.366314640823148, 19.642781922118868 ], [ 83.363540415884103, 19.60876560853924 ], [ 83.367758189788404, 19.57442252457939 ], [ 83.36000045513812, 19.540638574144175 ], [ 83.308777345644785, 19.517406323480479 ], [ 83.2484535270778, 19.511648901922644 ], [ 83.224579301309376, 19.494717225056121 ], [ 83.2160541543318, 19.464746514396921 ], [ 83.201206086675072, 19.408496245095542 ], [ 83.209271149381351, 19.370178791080786 ], [ 83.234485094380261, 19.354801131056867 ], [ 83.262359159880589, 19.352581285108613 ], [ 83.315526468108203, 19.336864943560538 ], [ 83.339336758008713, 19.313953512007789 ], [ 83.341022639695382, 19.288266116998575 ], [ 83.307965802036222, 19.247097830068608 ], [ 83.270327492117417, 19.213715386586806 ], [ 83.279618060779356, 19.180091408724461 ], [ 83.289950893794511, 19.147369576601154 ], [ 83.290753241378596, 19.123618469777611 ], [ 83.269513181785513, 19.078098615495108 ], [ 83.236478647484049, 19.055870833946255 ], [ 83.188395317764218, 19.011535966996561 ], [ 83.154455088320518, 18.970349011308798 ], [ 83.115227048785044, 18.96354339347911 ], [ 83.085875340573352, 18.975273709633345 ], [ 83.065216358415469, 19.001803399844757 ], [ 83.029168698264343, 19.040395520339459 ], [ 82.969469012904483, 19.08571171471058 ], [ 82.945926248899468, 19.115211624282011 ], [ 82.939092515565008, 19.139239404120744 ], [ 82.933947067558563, 19.198316586790916 ], [ 82.912565006539225, 19.231522453783754 ], [ 82.87661789448677, 19.253018841397157 ], [ 82.828643140688968, 19.253192365362619 ], [ 82.80161567974136, 19.252455246249678 ], [ 82.786912798622936, 19.279672277094651 ], [ 82.787082473171552, 19.325242358286815 ], [ 82.776097205043527, 19.346604141247294 ], [ 82.715866528954692, 19.363425631478012 ], [ 82.681942578657285, 19.38671251209815 ], [ 82.647303373018261, 19.437569844711081 ], [ 82.617090178747645, 19.497738215355621 ], [ 82.592969030998958, 19.538652915263533 ], [ 82.582109000843772, 19.584707244316341 ], [ 82.586150779179647, 19.649129853361206 ], [ 82.591454414078115, 19.721567540162308 ], [ 82.622462397056267, 19.742859384540271 ], [ 82.678946801649147, 19.770112406008302 ], [ 82.700573731982985, 19.802417580157407 ], [ 82.721765874982083, 19.851356131160898 ], [ 82.720415423578373, 19.87515735240947 ], [ 82.709046870959654, 19.899395664034184 ], [ 82.700181134222362, 19.923525230204703 ], [ 82.693202051263597, 19.960632023930767 ], [ 82.685933582925742, 19.991816186170833 ], [ 82.721598523614034, 20.053174957512773 ], [ 82.75495118726343, 20.06713822180037 ], [ 82.787289875964106, 20.085886295735772 ], [ 82.795460203059818, 20.098580347721946 ], [ 82.801715432847971, 20.123228611271823 ], [ 82.793871471067362, 20.167496433627353 ], [ 82.788358938519437, 20.208100324491937 ], [ 82.806627355371376, 20.271381191748269 ], [ 82.814993626654925, 20.312549694697459 ], [ 82.81774599948983, 20.342100009173503 ], [ 82.813862367137389, 20.364827316030844 ], [ 82.781688315852023, 20.375769821206024 ], [ 82.736529784832328, 20.378977453299651 ], [ 82.709012146035064, 20.382577356408444 ], [ 82.694824098563458, 20.401016076973768 ], [ 82.69475195994147, 20.424763994712094 ], [ 82.684911317330929, 20.47981516163107 ], [ 82.695555110204808, 20.516145806425833 ], [ 82.741302563455292, 20.573456056134713 ], [ 82.748380065240724, 20.61350032256281 ], [ 82.748035773639714, 20.656253180209262 ], [ 82.730012655873821, 20.698618212219515 ], [ 82.723667601617421, 20.722648737569116 ], [ 82.708637741014797, 20.774378256821681 ], [ 82.696132399070066, 20.986813657513768 ], [ 82.680475265337094, 21.112195143618585 ], [ 82.645658889855042, 21.17314966352599 ], [ 82.634711772985369, 21.20630202170447 ], [ 82.633852814639525, 21.250870607581881 ], [ 82.653731380494165, 21.267775303550764 ], [ 82.691642825943219, 21.266038664153943 ], [ 82.722611434214372, 21.252740955795694 ], [ 82.755484969977175, 21.215606674067718 ], [ 82.780432484175876, 21.208516055957897 ], [ 82.856355854181999, 21.207946870487525 ], [ 82.904178093213815, 21.214603011337896 ], [ 82.960989179487427, 21.211916822459337 ], [ 82.995381957788027, 21.204347837669168 ], [ 83.061156506315257, 21.19230196090006 ], [ 83.096505876494561, 21.202465445753969 ], [ 83.132347184823587, 21.221494087103277 ], [ 83.190520311182112, 21.29998149410093 ], [ 83.234767829565612, 21.298993584646897 ], [ 83.308439193385524, 21.303649783063303 ], [ 83.361392857302079, 21.322354557887085 ], [ 83.398850184708436, 21.423641668942864 ], [ 83.392052724685186, 21.503437494105629 ], [ 83.412964615459103, 21.55811157794977 ], [ 83.458422803463378, 21.598480435047772 ], [ 83.512625497769292, 21.614666279233305 ], [ 83.539088354150223, 21.676134425581431 ], [ 83.551385685949967, 21.733588111026908 ], [ 83.572754872335679, 21.751442957586708 ], [ 83.593657378395065, 21.804229870161425 ], [ 83.574828112166387, 21.828926157163121 ], [ 83.567659220613891, 21.836414519639217 ], [ 83.544873698039197, 21.837605207247538 ], [ 83.517304794205288, 21.843784204015932 ], [ 83.510413576616671, 21.855999217319116 ], [ 83.505356807711351, 21.898946563072116 ], [ 83.50662934164977, 21.920222579049664 ], [ 83.504535822974447, 21.970130734327618 ], [ 83.496524674961179, 22.006120155659588 ], [ 83.498655690271633, 22.041580476865615 ], [ 83.519226054709037, 22.045246361612548 ], [ 83.55190182446556, 22.038787784488207 ], [ 83.603126178001986, 22.002891099422371 ], [ 83.628036511648972, 21.994459784777167 ], [ 83.635845982443485, 22.039091287408006 ], [ 83.630119773789815, 22.070216670513968 ], [ 83.611568930330051, 22.099653277970241 ], [ 83.605839429618413, 22.130780340399337 ], [ 83.612360774148414, 22.154143515808716 ], [ 83.648515870544671, 22.177373024748768 ], [ 83.660064455688939, 22.184788989052834 ], [ 83.700174112700708, 22.215823872192182 ], [ 83.720915028011916, 22.221816593078277 ], [ 83.774641736910581, 22.226016127215644 ], [ 83.831051848904465, 22.272709970722332 ], [ 83.885288614623477, 22.364520207117675 ], [ 83.898927273562933, 22.41826975328356 ], [ 83.900353652825018, 22.418752721592824 ], [ 83.906795504632498, 22.441530222624824 ], [ 83.987524970571485, 22.467821832332863 ], [ 84.059967075629586, 22.52558931828958 ], [ 83.710208916708069, 19.982739344521168 ] ] ], [ [ [ 84.624170239399049, 20.087485998806276 ], [ 84.624165606653591, 20.08743865150635 ], [ 84.611691558903544, 20.04744383244012 ], [ 84.58488224415629, 20.034720967996268 ], [ 84.5383285627899, 20.042937763590274 ], [ 84.516752029395818, 20.066821218048322 ], [ 84.516730835136386, 20.075172657031853 ], [ 84.624170239399049, 20.087485998806276 ] ] ], [ [ [ 83.710208916708069, 19.982739344521168 ], [ 83.754625064147547, 20.02413414289235 ], [ 83.829576781759854, 20.108515467637595 ], [ 83.859786128291816, 20.145841067943767 ], [ 83.900830664664852, 20.161758311923737 ], [ 83.94485059108888, 20.159508678989305 ], [ 83.971181882233125, 20.156010190086061 ], [ 83.979698749764381, 20.154877755645622 ], [ 84.009673594128941, 20.187437597822221 ], [ 84.04145326975177, 20.199054497436627 ], [ 84.08781119139428, 20.168228202076584 ], [ 84.114368754945602, 20.159266075559128 ], [ 84.146530116737026, 20.17747183146464 ], [ 84.18797118021989, 20.18286933214776 ], [ 84.274622726947186, 20.189643028943305 ], [ 84.332504848282312, 20.201699865973108 ], [ 84.380564345498996, 20.25023353788691 ], [ 84.390345430372619, 20.312179174921273 ], [ 84.406775429889379, 20.316827372256885 ], [ 84.424038592661745, 20.321709041991447 ], [ 84.456576214348814, 20.31236494517978 ], [ 84.474836961334219, 20.282975786475951 ], [ 84.478042780054423, 20.253462714306036 ], [ 84.4747551555607, 20.199697987026884 ], [ 84.468149181720634, 20.173558298514898 ], [ 84.471283164911213, 20.159192317686326 ], [ 84.491683610679928, 20.148620013865916 ], [ 84.510966641643137, 20.136214510788211 ], [ 84.516631940474383, 20.114141356950558 ], [ 84.516730835136386, 20.075172657031853 ], [ 83.710208916708069, 19.982739344521168 ] ] ], [ [ [ 84.059967075629586, 22.52558931828958 ], [ 84.115520240653794, 22.929478007148617 ], [ 84.16228140814431, 22.907958083012897 ], [ 84.176441967258683, 22.890552698265935 ], [ 84.203791989001701, 22.841586292998748 ], [ 84.191524705587241, 22.773611444422603 ], [ 84.186117915029143, 22.693393128571334 ], [ 84.177864894829611, 22.646498625114116 ], [ 84.173111314876351, 22.613612549790755 ], [ 84.119143415793602, 22.569338058359786 ], [ 84.076304524424941, 22.538617285148042 ], [ 84.059967075629586, 22.52558931828958 ] ] ], [ [ [ 84.888405074917145, 20.117769244146029 ], [ 84.624170239399049, 20.087485998806276 ], [ 84.629597740998918, 20.142955816582489 ], [ 84.656249869012967, 20.184998429180329 ], [ 84.704586690863138, 20.188933201105936 ], [ 84.734938262192969, 20.161701800863128 ], [ 84.755129359388718, 20.14827794604118 ], [ 84.756650116991494, 20.148192877128444 ], [ 84.7890585463593, 20.146376853435928 ], [ 84.825053294310464, 20.161374046945348 ], [ 84.861093135540983, 20.161229731902605 ], [ 84.888388732061969, 20.118081896523105 ], [ 84.888405074917145, 20.117769244146029 ] ] ] ] } },
{ "type": "Feature", "properties": { "state_name": "Bombay Presidency", "id": 7 }, "geometry": { "type": "MultiPolygon", "coordinates": [ [ [ [ 72.763095795578948, 21.440660101896324 ], [ 72.764142291091261, 21.446523050740645 ], [ 72.764198192386161, 21.449114272421713 ], [ 72.764366554019887, 21.45691914218358 ], [ 72.756266137021953, 21.459443265955301 ], [ 72.751932030227394, 21.465532652005713 ], [ 72.724269895472034, 21.467519374137449 ], [ 72.711099669089904, 21.468463632286397 ], [ 72.670164440221996, 21.475103254925713 ], [ 72.648838341492635, 21.476935184190292 ], [ 72.642280652733291, 21.478535844896722 ], [ 72.6318916536394, 21.478388925505499 ], [ 72.626298777278066, 21.478868313018637 ], [ 72.621946853998992, 21.48111452440985 ], [ 72.621112413777212, 21.483343921091063 ], [ 72.619945541787828, 21.486461344850785 ], [ 72.62005488330631, 21.487599740275908 ], [ 72.620600420496359, 21.493279410288949 ], [ 72.631574416414921, 21.501319251559643 ], [ 72.636074047299388, 21.502905699294271 ], [ 72.649700103192856, 21.507708955636758 ], [ 72.66546434046279, 21.513264203751362 ], [ 72.750561450569961, 21.556107761495721 ], [ 72.754011142667849, 21.557843174198339 ], [ 72.758988279160306, 21.56749988689948 ], [ 72.773730862739953, 21.596096098131571 ], [ 72.776365092192961, 21.600051509348805 ], [ 72.783845999595272, 21.611283129226049 ], [ 72.789375197828164, 21.617290805524455 ], [ 72.795534051731977, 21.623981873084706 ], [ 72.797820094273035, 21.629553425841479 ], [ 72.801448401854827, 21.638395521730523 ], [ 72.811990229220896, 21.651078153022421 ], [ 72.819974521992108, 21.655483801271789 ], [ 72.828736665549243, 21.659182501231676 ], [ 72.840537712144169, 21.665574893125939 ], [ 72.844329773011154, 21.667628690230249 ], [ 72.844654504309389, 21.67157518478604 ], [ 72.834154369346209, 21.681473269568897 ], [ 72.831442812132096, 21.682343245508306 ], [ 72.835187212435486, 21.687109215995719 ], [ 72.830009669633768, 21.69360967597229 ], [ 72.79067486057653, 21.695034659384902 ], [ 72.788684418303646, 21.695106517278738 ], [ 72.781354384688427, 21.699052557475511 ], [ 72.779786474080964, 21.699831326096728 ], [ 72.765896850939583, 21.70672913278915 ], [ 72.751299325564673, 21.708323513834969 ], [ 72.71730582144113, 21.699616246735385 ], [ 72.711067241248287, 21.697909206493698 ], [ 72.66787799714777, 21.693185304072717 ], [ 72.65970664325765, 21.692290259491763 ], [ 72.651998371446254, 21.689153880484799 ], [ 72.650867925059032, 21.688693878790804 ], [ 72.597833522025624, 21.667101549823062 ], [ 72.58747351202328, 21.662880955347386 ], [ 72.547634130167282, 21.6565074114549 ], [ 72.5135914874961, 21.666557713672919 ], [ 72.509557410543579, 21.667748108718893 ], [ 72.499048086602372, 21.674506783660661 ], [ 72.498889774587894, 21.674608585569182 ], [ 72.499127186080742, 21.675538255862389 ], [ 72.501664835277509, 21.685474732257894 ], [ 72.502747557088625, 21.689713925900872 ], [ 72.504126526413557, 21.695246415763215 ], [ 72.507281749729955, 21.707904040183038 ], [ 72.509920366153324, 21.718487854129283 ], [ 72.515585223270094, 21.731680621354176 ], [ 72.526102995035359, 21.741319964871241 ], [ 72.53513623986953, 21.74645646853233 ], [ 72.554169619701696, 21.754980617260916 ], [ 72.5668214278503, 21.778100642520474 ], [ 72.572849160625978, 21.792989621683613 ], [ 72.579150085035138, 21.801202738222802 ], [ 72.580293958224985, 21.811374909091224 ], [ 72.586406850539291, 21.82646772120264 ], [ 72.590031824327681, 21.835416435151526 ], [ 72.595675256261316, 21.863493883477801 ], [ 72.597562552096008, 21.867005677114747 ], [ 72.632293656749468, 21.890034289714947 ], [ 72.645846782343966, 21.895708144766491 ], [ 72.673527439064884, 21.917244484143318 ], [ 72.694910587315562, 21.948722336499497 ], [ 72.709878287409552, 21.963453070626915 ], [ 72.710793589952203, 21.964353747657711 ], [ 72.712221195421975, 21.967296891892232 ], [ 72.714800192586736, 21.969384760211721 ], [ 72.713608088416677, 21.980518926997799 ], [ 72.698476767533322, 21.989624457214759 ], [ 72.688512902832684, 21.987909361342382 ], [ 72.67047206203371, 21.985372487922721 ], [ 72.668386271421952, 21.984484030440203 ], [ 72.636399994574433, 21.979424615741333 ], [ 72.611823342094112, 21.978710318067723 ], [ 72.604133271150317, 21.977552272807124 ], [ 72.592646792633218, 21.980194312737268 ], [ 72.562168237893616, 21.963636603729675 ], [ 72.543108246204667, 21.9386743245337 ], [ 72.531399612392065, 21.940232193093784 ], [ 72.529480543524954, 21.941658847104485 ], [ 72.522419975262324, 21.950152161681348 ], [ 72.515338986669079, 21.95889061192678 ], [ 72.512156609917412, 21.968475133208649 ], [ 72.51184488239403, 21.969413892984495 ], [ 72.513926513087313, 21.986017339691152 ], [ 72.527714527170048, 22.022854162092411 ], [ 72.530602098193967, 22.042881284376353 ], [ 72.530375260906553, 22.049356555162753 ], [ 72.527944736818824, 22.118644537671649 ], [ 72.527449622847826, 22.131569765954417 ], [ 72.526531252068125, 22.155529394580348 ], [ 72.530207855641834, 22.165259601905962 ], [ 72.537706016612589, 22.176480827645729 ], [ 72.546024402308703, 22.184847627310933 ], [ 72.560144685427048, 22.191509546218736 ], [ 72.576562191114448, 22.198921197957311 ], [ 72.597310974618154, 22.200662138669809 ], [ 72.60496548731426, 22.201230523196326 ], [ 72.650779877913337, 22.190101082341382 ], [ 72.723855319527459, 22.168292221977588 ], [ 72.754678331311368, 22.159151277615155 ], [ 72.783032988447957, 22.164171862109953 ], [ 72.816164372847084, 22.180578614064903 ], [ 72.825527243709189, 22.191313042820667 ], [ 72.842034662416978, 22.201941041583769 ], [ 72.862806019818549, 22.22801786932645 ], [ 72.871836603327012, 22.241754455316634 ], [ 72.872270465966849, 22.245231623913664 ], [ 72.87262439947007, 22.248068122517523 ], [ 72.878379658355669, 22.25573393314858 ], [ 72.877827050019377, 22.26088568393201 ], [ 72.876371515721161, 22.268354909748062 ], [ 72.868817456954147, 22.272580978692471 ], [ 72.823157501214837, 22.267350363534018 ], [ 72.773796997516882, 22.249166902337606 ], [ 72.772789855956802, 22.249027821363907 ], [ 72.772429106119674, 22.248662724732355 ], [ 72.762609373828326, 22.245042934840516 ], [ 72.742170196576623, 22.241529117781297 ], [ 72.724374337306088, 22.238462641856522 ], [ 72.714762182016045, 22.242846841543539 ], [ 72.6972744414727, 22.25299187677161 ], [ 72.670594433630967, 22.260136546390044 ], [ 72.666683533632451, 22.260788746131762 ], [ 72.666234404905438, 22.261005108024641 ], [ 72.662671813772349, 22.261457653104753 ], [ 72.654766744820165, 22.262775416067594 ], [ 72.653309377633505, 22.262646543080297 ], [ 72.632371985110993, 22.265303226407326 ], [ 72.612041719963742, 22.259381883728533 ], [ 72.604151412846932, 22.256316786697855 ], [ 72.604061070833822, 22.256302010398091 ], [ 72.590068156940418, 22.252652012077561 ], [ 72.576972119204129, 22.249234725990142 ], [ 72.560375292512944, 22.244902227861282 ], [ 72.538391460247794, 22.24743715080265 ], [ 72.516400823588867, 22.250327234181942 ], [ 72.497974755410837, 22.2475363518971 ], [ 72.483346237927407, 22.247668702670527 ], [ 72.482069148440615, 22.247200173439936 ], [ 72.475164426747696, 22.247201526589979 ], [ 72.472534030085384, 22.245930391587596 ], [ 72.451998068034371, 22.236004256007863 ], [ 72.446088863955566, 22.228529750982151 ], [ 72.438673461792803, 22.220018013468636 ], [ 72.432247510142403, 22.212640986472113 ], [ 72.399502678201756, 22.213570568322908 ], [ 72.378235609640711, 22.220206329027416 ], [ 72.356755341702794, 22.246785859757871 ], [ 72.352795223064504, 22.251684547850026 ], [ 72.352628177980918, 22.281306000101456 ], [ 72.352465182850523, 22.31007771235636 ], [ 72.347546803580741, 22.346182634392875 ], [ 72.340480462311774, 22.353232066173316 ], [ 72.320638149059775, 22.363652703938591 ], [ 72.298166669588909, 22.370444157210223 ], [ 72.292557726448109, 22.37119738896412 ], [ 72.281560056058566, 22.372673681501485 ], [ 72.280990477553019, 22.372647537375272 ], [ 72.278091360103318, 22.373346538631363 ], [ 72.277077756997286, 22.372467885988616 ], [ 72.26924483736363, 22.372107955173441 ], [ 72.267088335684463, 22.364189977072396 ], [ 72.267229784883455, 22.363930217717037 ], [ 72.265144643441801, 22.362122313527518 ], [ 72.270768244221614, 22.344855707241521 ], [ 72.273056252963087, 22.337829122800954 ], [ 72.273741805708596, 22.335082235799632 ], [ 72.277720338251399, 22.319138247519618 ], [ 72.276859054642557, 22.279868918939954 ], [ 72.266653656623959, 22.266811504176513 ], [ 72.257628689409529, 22.258353575806598 ], [ 72.243997232527789, 22.245575896049296 ], [ 72.232939214750175, 22.240372428347271 ], [ 72.224595980968672, 22.234139917452293 ], [ 72.219698391638246, 22.228851574491237 ], [ 72.215988402901544, 22.226483926579672 ], [ 72.203197728710748, 22.207769385215499 ], [ 72.212910476160843, 22.16884119492617 ], [ 72.216934641356403, 22.152704447886883 ], [ 72.211365617862171, 22.128508297850374 ], [ 72.199520697430813, 22.107213175404159 ], [ 72.181317329472137, 22.093410698512542 ], [ 72.16163193455958, 22.080878879367379 ], [ 72.15088711655514, 22.074036845239213 ], [ 72.13753860245572, 22.074047332126675 ], [ 72.132861609357789, 22.07142685972839 ], [ 72.124326231755006, 22.066640977195455 ], [ 72.121381058653469, 22.059222364441055 ], [ 72.118517613427102, 22.047154420504217 ], [ 72.102719338230003, 22.020643250783998 ], [ 72.098565599173938, 22.013671155586202 ], [ 72.046653670601316, 21.986629778544234 ], [ 72.039790687302727, 21.968012550566939 ], [ 72.042864814432235, 21.95816754623257 ], [ 72.011512828668387, 21.970091341390035 ], [ 71.963570042826575, 22.009328841408479 ], [ 71.874635412316351, 22.04777146796323 ], [ 71.812676146738966, 22.069497855247761 ], [ 71.760682132889087, 22.102857266154182 ], [ 71.717702349890985, 22.100088630836865 ], [ 71.637852655859461, 22.096553632694285 ], [ 71.618915672655774, 22.117171368078939 ], [ 71.57091756585865, 22.152456089986046 ], [ 71.527183184132909, 22.180176010107214 ], [ 71.540593134599064, 22.218656960019132 ], [ 71.595945679857522, 22.219825688589239 ], [ 71.748486659078537, 22.276430392508455 ], [ 71.915408443575174, 22.338908384735877 ], [ 72.042951276796629, 22.425346491445143 ], [ 72.110969217381594, 22.514460298500495 ], [ 72.152095205814518, 22.614539972484383 ], [ 72.147667822753107, 22.729090446472082 ], [ 72.106655784285223, 22.915573062067324 ], [ 72.058601189558885, 23.134376256849944 ], [ 72.053102671080111, 23.3845187598377 ], [ 72.081993177968613, 23.482484835650062 ], [ 72.080501913015368, 23.497033758098844 ], [ 72.100884241952571, 23.476977412306923 ], [ 72.149216094565631, 23.444438342448528 ], [ 72.202074995139725, 23.44157482217965 ], [ 72.313140313556076, 23.427288130216478 ], [ 72.339470644892174, 23.404812496408375 ], [ 72.340271918698349, 23.364704179546425 ], [ 72.30915008094162, 23.317363400480151 ], [ 72.292963620306836, 23.248305089362905 ], [ 72.300470534755007, 23.183475364987732 ], [ 72.342565382742819, 23.09248237940448 ], [ 72.44955728487561, 23.004442786055996 ], [ 72.485791791412908, 22.998334765996869 ], [ 72.518439547216218, 23.018913613117469 ], [ 72.537507141561363, 23.048829621525726 ], [ 72.560265697264796, 23.046316305258227 ], [ 72.587390457548921, 23.030490110244699 ], [ 72.612041331923407, 23.037552472041039 ], [ 72.629463866408528, 23.103741568319723 ], [ 72.676718245829107, 23.118776779037265 ], [ 72.716206327126358, 23.105021169301665 ], [ 72.749586988756747, 23.085435040603322 ], [ 72.78067396615144, 23.079186422906883 ], [ 72.801573340746344, 23.064190117559207 ], [ 72.814533311430438, 23.029014567197841 ], [ 72.828670548184888, 22.984297914328845 ], [ 72.861019121038197, 22.961804146045559 ], [ 72.918883061530522, 22.956840712780782 ], [ 72.957428668946505, 22.966898164122419 ], [ 73.002145919111356, 22.952476509640377 ], [ 73.030785184157821, 22.97003643840311 ], [ 73.043951887104228, 22.987401261512765 ], [ 73.072210269848995, 22.99634867246484 ], [ 73.056023077869114, 22.991224090594379 ], [ 73.043859804057888, 23.056386090404111 ], [ 73.028128166663976, 23.072914263632555 ], [ 72.999210690778384, 23.13153303715292 ], [ 72.998845749491011, 23.132272417240078 ], [ 72.982454911590025, 23.191789111812685 ], [ 72.981808922900669, 23.234783022400741 ], [ 72.950209082579974, 23.272597367991654 ], [ 72.916339949394214, 23.288873704424006 ], [ 72.887559251456395, 23.309988642585509 ], [ 72.881970851409037, 23.336190862517658 ], [ 72.863406886039328, 23.364604834993884 ], [ 72.875999183975708, 23.386276052335628 ], [ 72.906108558009862, 23.446404264288688 ], [ 72.916323989413641, 23.462341670476356 ], [ 72.933914342411114, 23.489775090011989 ], [ 72.943827526719019, 23.518572981996588 ], [ 72.943344710726635, 23.549622121116329 ], [ 72.882917088647531, 23.601364939874674 ], [ 72.864388738128866, 23.624998945857026 ], [ 72.891522480614796, 23.711366856864657 ], [ 72.874680378529135, 23.789965328356026 ], [ 72.842865826741075, 23.83013181816381 ], [ 72.764125039688224, 23.879170177716148 ], [ 72.699401389404173, 23.947612426303735 ], [ 72.738294000484032, 23.982585547438376 ], [ 72.787246639877694, 24.038715159875537 ], [ 72.798945120474059, 24.08474481501052 ], [ 72.802095389232889, 24.144026999550654 ], [ 72.819891023476941, 24.199697524213232 ], [ 72.836101452823641, 24.226680925808864 ], [ 72.877485954805238, 24.262334357291941 ], [ 72.90841560237493, 24.24305663356262 ], [ 72.938502422675796, 24.235106939998094 ], [ 72.959912636777887, 24.240172942725408 ], [ 72.975313007747118, 24.254711033312894 ], [ 72.97497234757526, 24.276204973235171 ], [ 72.984336747283947, 24.30200823702485 ], [ 73.002854984811705, 24.326140264583522 ], [ 73.029394823454837, 24.337833850865536 ], [ 73.067698163516894, 24.347881797262744 ], [ 73.086418705146627, 24.360063206590905 ], [ 73.112512923035084, 24.402791892940261 ], [ 73.133678552376082, 24.426942584972142 ], [ 73.16797564553417, 24.445875435458024 ], [ 73.205908934301306, 24.4391636835336 ], [ 73.220534932855358, 24.419628077776807 ], [ 73.245588374791978, 24.353030508551829 ], [ 73.248803233090669, 24.308872065986947 ], [ 73.274040460432047, 24.273923541727651 ], [ 73.282886089937747, 24.245952974492148 ], [ 73.274138659396101, 24.218380469034923 ], [ 73.239568106549001, 24.174982986148184 ], [ 73.198963604278589, 24.14584121816344 ], [ 73.178976797415103, 24.086477438985327 ], [ 73.180631646835323, 24.061413007381994 ], [ 73.192055046932779, 24.035269620756988 ], [ 73.218326136374841, 24.016465473854812 ], [ 73.254227112112432, 24.006128056137609 ], [ 73.282425673542008, 23.987931341437655 ], [ 73.293289579008672, 23.952813534225069 ], [ 73.310125791927348, 23.907606558389151 ], [ 73.33644563093651, 23.881612973681719 ], [ 73.344896279643052, 23.881106818661703 ], [ 73.362961116624376, 23.890856768618704 ], [ 73.396449079691877, 23.914504170594316 ], [ 73.413668582681751, 23.940964062902388 ], [ 73.428937886797144, 23.967999582433229 ], [ 73.445771556077545, 23.973546736792677 ], [ 73.464698311915981, 23.967166924116064 ], [ 73.490883543373059, 23.95129922383374 ], [ 73.498232539329962, 23.934049138480326 ], [ 73.501114315599963, 23.909587272074454 ], [ 73.494991098246359, 23.877272263509962 ], [ 73.496841469656871, 23.829504627263447 ], [ 73.513453863188204, 23.796215408935208 ], [ 73.53057214210277, 23.774875416027861 ], [ 73.537229064236016, 23.760005250422275 ], [ 73.538051422497574, 23.744482290231321 ], [ 73.53307468662652, 23.725320357065684 ], [ 73.503641312591498, 23.689198350778973 ], [ 73.485763965239485, 23.664533910546112 ], [ 73.474528522921844, 23.626791765646349 ], [ 73.474894897273387, 23.59513662318064 ], [ 73.494037190548738, 23.564859074009139 ], [ 73.51954149142756, 23.544196928744842 ], [ 73.541032774547361, 23.534245010154912 ], [ 73.566977703492867, 23.531499339351591 ], [ 73.594179313760009, 23.532344826849677 ], [ 73.608915773670446, 23.548008735586286 ], [ 73.624328561323921, 23.561287876883341 ], [ 73.648890318189558, 23.567476975242233 ], [ 73.679388487447895, 23.563557472018079 ], [ 73.73278793033829, 23.536522276169485 ], [ 73.749306557629311, 23.502604768951784 ], [ 73.783776118423191, 23.416852333718925 ], [ 73.817982079329795, 23.355581792067529 ], [ 73.843370985528423, 23.337849002035721 ], [ 73.881670303010409, 23.322594199131256 ], [ 73.925696033279536, 23.318122808500718 ], [ 73.962580911349519, 23.316579022288256 ], [ 74.015671901346892, 23.310349613781717 ], [ 74.017309846450502, 23.309150263601463 ], [ 74.048834841114967, 23.286059043285345 ], [ 74.083279071753154, 23.261768549851627 ], [ 74.104844665948235, 23.227837935408147 ], [ 74.124986006259775, 23.212417360815888 ], [ 74.196299618744618, 23.177547217505204 ], [ 74.235232948255941, 23.149659734597464 ], [ 74.251541341800049, 23.121656454248566 ], [ 74.261116888341334, 23.082484239298701 ], [ 74.262773907924043, 23.075703070190979 ], [ 74.277868408055767, 23.030363625805915 ], [ 74.303237728717704, 22.992835233278434 ], [ 74.333675297828862, 22.971456204786165 ], [ 74.305063874884013, 22.894407596713535 ], [ 74.303214832108353, 22.852335180403536 ], [ 74.326021231046425, 22.829489033052756 ], [ 74.373594574258249, 22.801002488407576 ], [ 74.3985264504919, 22.759033112767629 ], [ 74.404959643266992, 22.701694951251682 ], [ 74.384522383581626, 22.663376009122238 ], [ 74.343608746646865, 22.602026967323603 ], [ 74.266567078859666, 22.551119021158332 ], [ 74.253320176416565, 22.542358261612581 ], [ 74.191747672760769, 22.511467731330306 ], [ 74.063625219252316, 22.501293356395763 ], [ 74.022807782153222, 22.453250692258123 ], [ 74.017951392970659, 22.41259081774059 ], [ 74.030991146266686, 22.394343676470648 ], [ 74.042607622745578, 22.37808309464679 ], [ 74.154424263653624, 22.373925870820109 ], [ 74.186630093222433, 22.359750218311795 ], [ 74.199716613416967, 22.317988074877423 ], [ 74.212848449788567, 22.26666405493285 ], [ 74.193863051904955, 22.218767751125522 ], [ 74.149034870512068, 22.203003519820534 ], [ 74.091523626955833, 22.165645740834048 ], [ 74.090455670895892, 22.132177821772903 ], [ 74.101156123081125, 22.062922458384197 ], [ 74.109020569295325, 22.035478429606954 ], [ 74.09131164324495, 21.998333374661144 ], [ 74.06201093542299, 21.971876511171249 ], [ 74.045801649119639, 21.904858105047868 ], [ 74.049131761871834, 21.893537226103216 ], [ 74.060288973815304, 21.855593132042994 ], [ 74.065446636925657, 21.838045050320389 ], [ 74.09125846496211, 21.804725991009747 ], [ 74.146499742209755, 21.769166656527229 ], [ 74.192533013455744, 21.774178407076661 ], [ 74.293386030218727, 21.821251524547939 ], [ 74.352096938385486, 21.858542615739765 ], [ 74.382680124604832, 21.892124687038521 ], [ 74.418507941105901, 21.899426145755825 ], [ 74.43397979060029, 21.873186236010557 ], [ 74.452042767358321, 21.837391849905707 ], [ 74.491828136661653, 21.808834593062432 ], [ 74.502186912080731, 21.77420540751411 ], [ 74.502248742608529, 21.756277570480805 ], [ 74.438473279271477, 21.705875139937618 ], [ 74.434697060083508, 21.690324684946798 ], [ 74.438635340235223, 21.664043546888585 ], [ 74.459195203943437, 21.636621913343348 ], [ 74.496342063907463, 21.615224665682749 ], [ 74.546254291705026, 21.595049404474118 ], [ 74.58340875307843, 21.562875110800299 ], [ 74.6562986752743, 21.537941135337146 ], [ 74.694624343990895, 21.538015700001786 ], [ 74.761085184674883, 21.520195217061818 ], [ 74.837729303426556, 21.519092055391685 ], [ 74.979516388508003, 21.531122359081902 ], [ 75.020779120574062, 21.531361376154127 ], [ 75.035075024151155, 21.481635689358018 ], [ 75.026893655066132, 21.436694740878387 ], [ 75.031994667217432, 21.410875723956405 ], [ 75.05547565063209, 21.396526165863477 ], [ 75.095297736091865, 21.398420721884762 ], [ 75.117774070641559, 21.414662305223814 ], [ 75.150438831229764, 21.402205226461241 ], [ 75.18000696969311, 21.366795661085476 ], [ 75.18445556847675, 21.364326774494231 ], [ 75.224885796639356, 21.341879583199312 ], [ 75.252460001029789, 21.351402706224981 ], [ 75.324956559808712, 21.362752783622163 ], [ 75.378040320166576, 21.363597877461341 ], [ 75.429018793092823, 21.342438628614278 ], [ 75.477910471414603, 21.311707868403655 ], [ 75.521724455398953, 21.293409683919808 ], [ 75.574809124089086, 21.300886444268855 ], [ 75.635074250309387, 21.31596896652627 ], [ 75.688211929353201, 21.332015122339286 ], [ 75.775946158193577, 21.325895997947928 ], [ 75.823907694531854, 21.325667813716411 ], [ 75.860716246089709, 21.337913458423841 ], [ 75.900598279332982, 21.351090543780948 ], [ 75.961990139617811, 21.374653516009204 ], [ 75.997917258547844, 21.404083555712258 ], [ 76.01444377763238, 21.431711745857839 ], [ 76.056426878587999, 21.447705940424751 ], [ 76.13010915103709, 21.467302408174856 ], [ 76.157556860839222, 21.450861329589067 ], [ 76.167502819974501, 21.417329462133104 ], [ 76.168280669788217, 21.386729402693174 ], [ 76.156849370108077, 21.360994246703964 ], [ 76.137222047941236, 21.330533254020118 ], [ 76.122573295799413, 21.282826515525393 ], [ 76.120316086448369, 21.254158282748698 ], [ 76.136370123322365, 21.219630929657782 ], [ 76.18421577259376, 21.209741066513661 ], [ 76.232994480314304, 21.190270192594291 ], [ 76.286765003883403, 21.160230965718874 ], [ 76.350927830046317, 21.154950485279819 ], [ 76.380233507808512, 21.127944519168935 ], [ 76.390119697236841, 21.095357893303486 ], [ 76.383715590415321, 21.063860362174879 ], [ 76.340588813172815, 21.025007286261637 ], [ 76.282664239297475, 21.038839335699439 ], [ 76.177999105086343, 21.068280487802731 ], [ 76.100515891431016, 21.059239051930273 ], [ 76.065653968253216, 21.026952390428622 ], [ 76.075439957301867, 20.97143415632431 ], [ 76.058688790974244, 20.905564052969609 ], [ 76.072614779642791, 20.860537583170768 ], [ 76.077292658560339, 20.803138220179321 ], [ 76.066869102816923, 20.766868755582117 ], [ 76.055494240818334, 20.739209801717028 ], [ 75.998381025480342, 20.709908772786473 ], [ 75.966690138710433, 20.680447233667334 ], [ 75.973637825263296, 20.654590531264777 ], [ 75.967228434359626, 20.604903508613802 ], [ 75.965984105994778, 20.568574191281243 ], [ 75.933407409885589, 20.554409461822154 ], [ 75.877619574038704, 20.56330719817495 ], [ 75.847076596254183, 20.548159362568807 ], [ 75.782953495677503, 20.515948135777116 ], [ 75.740406229994591, 20.53334770772463 ], [ 75.686860962534851, 20.590944356685434 ], [ 75.638179752657564, 20.606431175878296 ], [ 75.584311210445506, 20.596102523142537 ], [ 75.555809428502442, 20.578027012480103 ], [ 75.526341551739549, 20.572381377998401 ], [ 75.498974876797888, 20.587763116166965 ], [ 75.468520691046436, 20.591673444228451 ], [ 75.432981503142599, 20.593678639678711 ], [ 75.40344179458603, 20.560279419806893 ], [ 75.348545064891127, 20.530752912680168 ], [ 75.296821101009101, 20.556669678488426 ], [ 75.232974674684016, 20.636141337053516 ], [ 75.1872835359882, 20.655323138267704 ], [ 75.122233712722107, 20.623823137765939 ], [ 75.112056811828069, 20.598009487133748 ], [ 75.123191146352795, 20.551142215173545 ], [ 75.139384314332531, 20.493750405622226 ], [ 75.151532618804112, 20.462181335445564 ], [ 75.149494823449828, 20.453576107052502 ], [ 75.144415183095163, 20.446886063832011 ], [ 75.11599610768414, 20.434474969538496 ], [ 75.061207927383848, 20.428764828082048 ], [ 75.037868650638515, 20.406775666522417 ], [ 75.03177437590584, 20.367566838375819 ], [ 75.008449215538732, 20.358962417935349 ], [ 74.988167851702713, 20.360874912807283 ], [ 74.950649269625288, 20.354173920145943 ], [ 74.92530957292216, 20.331212595804164 ], [ 74.918232511428215, 20.292955422646308 ], [ 74.901011737836228, 20.275732182867582 ], [ 74.878719568785272, 20.269023695955838 ], [ 74.872455921233168, 20.269019249761858 ], [ 74.839194157639525, 20.268991888695837 ], [ 74.793561444647636, 20.289027425962946 ], [ 74.759113908331116, 20.279419956082396 ], [ 74.756127091858659, 20.244987234035097 ], [ 74.749122855941536, 20.189508813292822 ], [ 74.733032752590645, 20.120627198445302 ], [ 74.698739284870726, 20.051713643016246 ], [ 74.682904010020692, 20.040447028410032 ], [ 74.64619584727113, 20.014318004202213 ], [ 74.628088742280411, 19.969331511806303 ], [ 74.629216379714279, 19.919602357084038 ], [ 74.645455390577922, 19.892856818843022 ], [ 74.693011279395009, 19.873817450749964 ], [ 74.721352293967342, 19.853779829577547 ], [ 74.722436193816236, 19.811700182180545 ], [ 74.725520263413785, 19.781100208329075 ], [ 74.737720976925786, 19.734254770543476 ], [ 74.75188232186359, 19.720885239340227 ], [ 74.765018857514164, 19.71612089279629 ], [ 74.791280936493223, 19.713284148689986 ], [ 74.821584923273264, 19.707578379527227 ], [ 74.871071690183541, 19.704751524836496 ], [ 74.902389866253642, 19.684686551076197 ], [ 74.928657227576281, 19.653137059169534 ], [ 74.960970425011112, 19.621585003568484 ], [ 74.98721418882792, 19.613937374430062 ], [ 75.027588004469067, 19.623499970202019 ], [ 75.094208233718547, 19.627303132508402 ], [ 75.124480981224224, 19.615807662733502 ], [ 75.150700859632252, 19.591877018507965 ], [ 75.19004697333061, 19.582275588707205 ], [ 75.242530185627999, 19.588907609148006 ], [ 75.296999040172793, 19.575436247487414 ], [ 75.31003993403219, 19.535244612499444 ], [ 75.312933903909368, 19.466376889814587 ], [ 75.324965814105909, 19.431924187170832 ], [ 75.380363188746301, 19.40981867873159 ], [ 75.412588298773841, 19.397314790452128 ], [ 75.43165840526099, 19.366664776933618 ], [ 75.43564620311021, 19.350395945670925 ], [ 75.420372542409737, 19.288263433401443 ], [ 75.391120920614327, 19.271112420183659 ], [ 75.357874050427725, 19.266398290833891 ], [ 75.326629948694077, 19.25497936171924 ], [ 75.307433226810574, 19.221536713763175 ], [ 75.313405610198998, 19.185181192308455 ], [ 75.347585482036692, 19.163121088970794 ], [ 75.352518547636578, 19.11624507132159 ], [ 75.324306857393367, 19.097167598735375 ], [ 75.288073423041112, 19.089576055296963 ], [ 75.244805203496469, 19.084856243645955 ], [ 75.20357005965991, 19.095427637671456 ], [ 75.182479422791246, 19.129882829231846 ], [ 75.165416712066033, 19.174853119861993 ], [ 75.083890411021045, 19.191168475531089 ], [ 75.04161237579585, 19.204573511600142 ], [ 75.010401531765822, 19.195013242823418 ], [ 74.989262002019672, 19.169188494612388 ], [ 74.978194414597468, 19.133797954400524 ], [ 74.958079661742772, 19.085014050538792 ], [ 74.934949309883251, 19.062051764677644 ], [ 74.901753459918666, 19.062993557142924 ], [ 74.860521041101904, 19.0505327238251 ], [ 74.845453706983406, 19.028521603904874 ], [ 74.844495100685251, 18.977826977434365 ], [ 74.884735141805919, 18.943422651497251 ], [ 74.914906777836464, 18.912831046323419 ], [ 74.942060478030101, 18.860233911846819 ], [ 74.98326066389852, 18.788504047335756 ], [ 75.068608484435586, 18.748318626284131 ], [ 75.138870438442325, 18.722453761178222 ], [ 75.171934093107836, 18.65833958519681 ], [ 75.17786292652309, 18.636838037612034 ], [ 75.190923892451337, 18.589451477499065 ], [ 75.18584002174498, 18.526325479495867 ], [ 75.203862084981424, 18.503350061924372 ], [ 75.24795447918676, 18.487992869797477 ], [ 75.269930396897379, 18.437266378726807 ], [ 75.287912934206261, 18.40280452412005 ], [ 75.308948348233301, 18.398945343708171 ], [ 75.335977885439462, 18.386464500047666 ], [ 75.342949682243272, 18.365408179625629 ], [ 75.337819954778411, 18.303241947054239 ], [ 75.335774721069541, 18.281244926690924 ], [ 75.347714232247355, 18.242961545350688 ], [ 75.361685936456169, 18.221891511006305 ], [ 75.384684981529247, 18.211324670824176 ], [ 75.417716945132298, 18.212212136539137 ], [ 75.458788914288647, 18.225509926872473 ], [ 75.483826414421245, 18.230231076297265 ], [ 75.49781858753758, 18.222542926536402 ], [ 75.520667160339556, 18.164133291410653 ], [ 75.528591541437692, 18.137328453937151 ], [ 75.549520563211757, 18.111443179007871 ], [ 75.569464929317832, 18.092254426579306 ], [ 75.570378606316993, 18.065468468289922 ], [ 75.567280292648917, 18.03486805019331 ], [ 75.567188428528652, 18.006171786418587 ], [ 75.577073577861839, 17.97170668765138 ], [ 75.589020205159358, 17.957322485309405 ], [ 75.601006911623656, 17.955372646903122 ], [ 75.631023329704703, 17.96484290342725 ], [ 75.646015303351035, 17.964793583481139 ], [ 75.659001216708489, 17.962836840525075 ], [ 75.680850003498151, 17.926412852099215 ], [ 75.714774189759552, 17.913856111986959 ], [ 75.750784187204005, 17.923285814743608 ], [ 75.7748025380684, 17.931800352390766 ], [ 75.785760523873904, 17.92410416907623 ], [ 75.80767795104687, 17.909666547772318 ], [ 75.861542178581459, 17.891261795367413 ], [ 75.908519247803355, 17.895830857364071 ], [ 75.95056419064764, 17.911890543530021 ], [ 75.976666270138821, 17.934716928203034 ], [ 75.989730446560728, 17.948041571477667 ], [ 76.000884057276195, 17.976678698842676 ], [ 76.013904056024074, 17.981393435481333 ], [ 76.043797890875524, 17.965931405401296 ], [ 76.053598961880482, 17.933358655143497 ], [ 76.064298819453441, 17.884520620768569 ], [ 76.064995895566241, 17.83382389903807 ], [ 76.060775129585934, 17.795587855806488 ], [ 76.071580818589226, 17.765878229668516 ], [ 76.094470449491851, 17.75427406126347 ], [ 76.116388526824323, 17.755174700770858 ], [ 76.135407115917801, 17.755954198632715 ], [ 76.172563423127727, 17.790167671076368 ], [ 76.202577514059655, 17.799549945389163 ], [ 76.238466232371863, 17.791674612120513 ], [ 76.278235641193916, 17.768464870755178 ], [ 76.310107556019489, 17.75869024553889 ], [ 76.326028001447227, 17.751888354357614 ], [ 76.326758515843181, 17.715539943576765 ], [ 76.332400102011263, 17.66863771014086 ], [ 76.32309334020583, 17.623748908588926 ], [ 76.283898385499171, 17.581924804364615 ], [ 76.275626398676167, 17.539895032363873 ], [ 76.300242838539788, 17.496695439309718 ], [ 76.308011148057687, 17.467951338012853 ], [ 76.298967881673789, 17.457489770975929 ], [ 76.261003256884962, 17.443387218120971 ], [ 76.193178513250189, 17.433284023701646 ], [ 76.10860099471104, 17.452902627439222 ], [ 76.06681965612043, 17.465565580604778 ], [ 76.033861774082212, 17.453304937094885 ], [ 76.024796743042316, 17.43613448324334 ], [ 76.037626204849246, 17.414068156897208 ], [ 76.04945649227362, 17.39200636088956 ], [ 76.053140661940489, 17.339378403921614 ], [ 76.050817277783409, 17.281042598482191 ], [ 76.050703434078684, 17.260956095708604 ], [ 76.059608228886987, 17.25134406037434 ], [ 76.092434961961246, 17.247342284321121 ], [ 76.128310014422084, 17.253839750276583 ], [ 76.177334578551395, 17.292774853077312 ], [ 76.202343028556555, 17.310799732349512 ], [ 76.244123801661502, 17.304805913000713 ], [ 76.246898240319794, 17.273225087522995 ], [ 76.235413579238823, 17.192951674685744 ], [ 76.243182741712261, 17.164209416651609 ], [ 76.287906953492126, 17.157233812344963 ], [ 76.306641847056284, 17.133201817818989 ], [ 76.305526979077982, 17.115992573634227 ], [ 76.286464765276193, 17.09220269624031 ], [ 76.255519568483578, 17.075179973338162 ], [ 76.244428688971013, 17.052292473812976 ], [ 76.255161848439386, 17.021618658429205 ], [ 76.292722590828717, 16.98981945098836 ], [ 76.289466433868014, 16.949667589739601 ], [ 76.261558243327755, 16.937407459027757 ], [ 76.247438556323544, 16.905929489421137 ], [ 76.250173537655783, 16.868609007227313 ], [ 76.282831108649873, 16.850233778722906 ], [ 76.322314573743938, 16.814593056680724 ], [ 76.338914438974101, 16.774313147559841 ], [ 76.34659457649029, 16.736960044962089 ], [ 76.324407036425114, 16.686409098985472 ], [ 76.316245674949101, 16.653939956587006 ], [ 76.310933778500186, 16.60232200054384 ], [ 76.310726447030135, 16.571714831350349 ], [ 76.291774059908121, 16.555572356296832 ], [ 76.26194788580537, 16.544276658072725 ], [ 76.242934775188658, 16.51760767908905 ], [ 76.260485016749456, 16.471588643559194 ], [ 76.287793388563827, 16.403508473391664 ], [ 76.302371491449634, 16.360374547537639 ], [ 76.287260175737501, 16.322205688491934 ], [ 76.257446414484676, 16.30708051035398 ], [ 76.205947608002859, 16.308337329644825 ], [ 76.185032240696131, 16.289324121687141 ], [ 76.190784270976636, 16.257724702757322 ], [ 76.221387028305543, 16.242245315608304 ], [ 76.242924215633167, 16.202900872476043 ], [ 76.261290102903814, 16.132963272830288 ], [ 76.263087559547159, 16.104255526285389 ], [ 76.240181678025607, 16.080475238752339 ], [ 76.193665114442751, 16.077870083491014 ], [ 76.170088768379784, 16.106698343971285 ], [ 76.053720466383879, 16.181921098250516 ], [ 76.010091219011471, 16.167783186977804 ], [ 76.003963935665752, 16.130503188302498 ], [ 75.996830782339217, 16.08940087189772 ], [ 75.964104393968, 16.074244441828004 ], [ 75.904887001274375, 16.107029784259772 ], [ 75.844615189834443, 16.129280235017163 ], [ 75.800070412650882, 16.127538552041372 ], [ 75.799894084204041, 16.083531471256517 ], [ 75.806574306315198, 16.022357737658076 ], [ 75.829088257925108, 15.989413636377185 ], [ 75.836070767542324, 15.979193727395764 ], [ 75.851969615619012, 15.938471938150363 ], [ 75.87785181879886, 15.92162606382386 ], [ 75.923506732770164, 15.905889490536364 ], [ 75.933309865896916, 15.887909620437551 ], [ 75.938141639395766, 15.863971710409153 ], [ 75.919328245121022, 15.80186767610879 ], [ 75.92661926238388, 15.775527725585281 ], [ 75.941372321210139, 15.761114079125701 ], [ 75.953637058230072, 15.743122841104388 ], [ 75.951067550469219, 15.721608556119122 ], [ 75.933674084980467, 15.697766262882153 ], [ 75.902691329204302, 15.670391150683528 ], [ 75.886542116697512, 15.646539381200027 ], [ 75.883955743716825, 15.619044320741821 ], [ 75.897347945533568, 15.577133798320832 ], [ 75.897120052087871, 15.524515281450139 ], [ 75.882110613427741, 15.475543614019125 ], [ 75.876936662828982, 15.418160339451813 ], [ 75.887839296342406, 15.372672245749635 ], [ 75.906193243493988, 15.341504559039407 ], [ 75.923393707818065, 15.329474929258065 ], [ 75.91952973687151, 15.291221584355322 ], [ 75.910307614176702, 15.275210085370691 ], [ 75.881056393968109, 15.224404174200718 ], [ 75.847581022248818, 15.169519372499181 ], [ 75.824156975573104, 15.162430486831823 ], [ 75.782357073108614, 15.180518865394411 ], [ 75.728192922182629, 15.186680344443085 ], [ 75.710875717514952, 15.164011994018344 ], [ 75.711995140997772, 15.130520859818935 ], [ 75.71388607646378, 15.118180533404747 ], [ 75.72042791807948, 15.075478660024055 ], [ 75.710485737259802, 15.046806154095572 ], [ 75.672239927334786, 15.01702242488961 ], [ 75.663489651565513, 14.972795660669059 ], [ 75.6607476346841, 14.880710094110659 ], [ 75.670349935440953, 14.804136542655916 ], [ 75.684918353150493, 14.745488228754764 ], [ 75.693321186986196, 14.682073362712416 ], [ 75.691987340626312, 14.648588227874932 ], [ 75.678404380146517, 14.625903358055426 ], [ 75.654994982036953, 14.60204927515931 ], [ 75.648769837903956, 14.573361298676039 ], [ 75.649962853783876, 14.561397398152232 ], [ 75.631474962109806, 14.537526741610469 ], [ 75.615512720398371, 14.537569215428034 ], [ 75.579920062447954, 14.543640384126752 ], [ 75.552900061857713, 14.541313563743692 ], [ 75.531988508285522, 14.525812887201809 ], [ 75.529470313376322, 14.499504673019228 ], [ 75.514671987075019, 14.470831351789728 ], [ 75.483942467731239, 14.451758965358252 ], [ 75.450818876678596, 14.460197413861444 ], [ 75.416491894390148, 14.482986690913691 ], [ 75.37853157268222, 14.539267995817369 ], [ 75.354091539286657, 14.613464738808618 ], [ 75.333256739079033, 14.644594101280425 ], [ 75.28658721144599, 14.655421184277712 ], [ 75.269416385153349, 14.679363796393767 ], [ 75.263333030434339, 14.729607024721142 ], [ 75.233878024436791, 14.767913818752005 ], [ 75.225317966661308, 14.810981762701674 ], [ 75.219176706727879, 14.81696815370754 ], [ 75.189696046881238, 14.848092750129931 ], [ 75.17115210298816, 14.848107305676079 ], [ 75.166332366499091, 14.848110843849044 ], [ 75.123284446111967, 14.831392620584605 ], [ 75.104828140587372, 14.805087595541487 ], [ 75.063024437318234, 14.794337901980704 ], [ 75.029832602898111, 14.802717301288412 ], [ 74.98557279393313, 14.814679795383761 ], [ 74.975737449895391, 14.809894565052788 ], [ 74.970822818039522, 14.785971944702226 ], [ 74.98926401119877, 14.758463117803924 ], [ 75.000326493222133, 14.736933425603151 ], [ 74.999097554037633, 14.71061899706068 ], [ 74.983123599046905, 14.687892241311095 ], [ 74.972064339436415, 14.690283401416332 ], [ 74.94748661972497, 14.698651932335782 ], [ 74.905704278195529, 14.703423156641389 ], [ 74.876221799804938, 14.685467631960988 ], [ 74.871361851295404, 14.590971789228773 ], [ 74.873854340192395, 14.527578542756828 ], [ 74.862813006380406, 14.5120226760038 ], [ 74.839491835352703, 14.502438858865521 ], [ 74.783020572475905, 14.497608970219796 ], [ 74.701980859233871, 14.50589297104359 ], [ 74.633276456833244, 14.475892898245322 ], [ 74.579344419419058, 14.4327426965197 ], [ 74.572060309548306, 14.390865647558591 ], [ 74.562324957237792, 14.348983785599003 ], [ 74.552547988037517, 14.329827662509015 ], [ 74.534168789973236, 14.319027268626844 ], [ 74.466731680157224, 14.305728303887182 ], [ 74.395787329057612, 14.294631037063782 ], [ 74.382889246598936, 14.292090063772088 ], [ 74.390888283596937, 14.30666844860743 ], [ 74.403559792099458, 14.329758246258116 ], [ 74.403480048681587, 14.359899555588431 ], [ 74.404861187651122, 14.394350384320052 ], [ 74.390706652068616, 14.455314475430878 ], [ 74.366293942655844, 14.494002769284663 ], [ 74.331567453792886, 14.529788354266653 ], [ 74.315320603532001, 14.542658853529449 ], [ 74.290933073710974, 14.566268033402848 ], [ 74.290783739489086, 14.612913278918191 ], [ 74.285931404298395, 14.74565817849683 ], [ 74.276264535148414, 14.770027006563128 ], [ 74.246003185183568, 14.777106280932358 ], [ 74.219430218423597, 14.783476400584979 ], [ 74.198737686020209, 14.794887089369249 ], [ 74.179531723375334, 14.802713123480462 ], [ 74.169178365009202, 14.809851985565199 ], [ 74.161772056784841, 14.817718685632281 ], [ 74.15435127965327, 14.829173018989893 ], [ 74.145451490723616, 14.841339161406927 ], [ 74.14244127295413, 14.856397305843316 ], [ 74.142390283642811, 14.869313685754427 ], [ 74.149709182507479, 14.884410253348404 ], [ 74.154063452669575, 14.903083624902857 ], [ 74.15549169810933, 14.915287866303336 ], [ 74.1495429576172, 14.926747199925172 ], [ 74.129527687569976, 14.948916906883168 ], [ 74.101597287530339, 14.966671973105891 ], [ 74.085387954203227, 14.977037240702787 ], [ 74.095405069757405, 14.991979928941076 ], [ 74.144215256136405, 15.073895875093303 ], [ 74.161764676368932, 15.118451153335457 ], [ 74.207411873074321, 15.158800270749669 ], [ 74.25021187445931, 15.173298294575291 ], [ 74.26487477802327, 15.206355536762981 ], [ 74.26614377229744, 15.266636643652955 ], [ 74.273312987761244, 15.331242198388527 ], [ 74.295365438431432, 15.370062182184014 ], [ 74.342575493057382, 15.40895600059735 ], [ 74.361592577216413, 15.479334485280196 ], [ 74.339239007662343, 15.52806403112408 ], [ 74.325556417686371, 15.638528242500165 ], [ 74.316488959954924, 15.69303490969954 ], [ 74.291210661855118, 15.72022157066854 ], [ 74.285209066712412, 15.741728623069561 ], [ 74.259670145228043, 15.837794665940988 ], [ 74.219473093230363, 15.882140972100769 ], [ 74.176100665265622, 15.910761537135443 ], [ 74.171895909044977, 15.913535248865474 ], [ 74.102158627744132, 15.921866716409209 ], [ 74.063693704947141, 15.901613050269962 ], [ 74.06379985581512, 15.878653206989426 ], [ 74.026781443975139, 15.868444799113121 ], [ 74.004429983192239, 15.891303139958252 ], [ 73.970202991102909, 15.915537525675353 ], [ 73.94197539821333, 15.92544582830558 ], [ 73.919523612686078, 15.964078426345969 ], [ 73.891215883579335, 15.986893583818457 ], [ 73.849705927485317, 15.982370770011894 ], [ 73.81545425664136, 16.005143380146524 ], [ 73.762031727641016, 16.007711911353677 ], [ 73.748814439291365, 15.986112172844953 ], [ 73.74905500761858, 15.947371799142957 ], [ 73.726900300253632, 15.932893323632882 ], [ 73.686908917918529, 15.925479277881053 ], [ 73.668448908023436, 15.910674489663771 ], [ 73.663778529386761, 15.912751349529294 ], [ 73.659490790436053, 15.914657923427168 ], [ 73.643601244977845, 15.925559080976651 ], [ 73.642883689589851, 15.925949868648987 ], [ 73.622763878613839, 15.936905662628908 ], [ 73.614812584938448, 15.943072273281846 ], [ 73.606864118218681, 15.948760297957026 ], [ 73.598855374708066, 15.963056444970926 ], [ 73.593955320826069, 15.972560430708622 ], [ 73.573291055665763, 16.012627949003853 ], [ 73.567508032812086, 16.021156399103475 ], [ 73.536801081014588, 16.06642514987244 ], [ 73.53370383764306, 16.084099300911518 ], [ 73.530534945892342, 16.098585429883805 ], [ 73.53023633104317, 16.099950369629624 ], [ 73.529778239543688, 16.1020442166854 ], [ 73.528584911569894, 16.107498429991772 ], [ 73.526188117505185, 16.113332859202401 ], [ 73.521531679703699, 16.124666671956017 ], [ 73.521130018269758, 16.137042754203097 ], [ 73.503240340606695, 16.263065597953084 ], [ 73.479655614162823, 16.295102991044782 ], [ 73.452553336567746, 16.341294369704304 ], [ 73.434912538138917, 16.364648518047137 ], [ 73.422016266165471, 16.381716708856171 ], [ 73.407893857866327, 16.412694305949405 ], [ 73.403371603671587, 16.435670817921292 ], [ 73.401690720074228, 16.444209235944523 ], [ 73.397159377825972, 16.451368325271581 ], [ 73.388134421230262, 16.465624865212465 ], [ 73.379435537296672, 16.498553956731573 ], [ 73.361749767398564, 16.538585003204052 ], [ 73.361984636482902, 16.556442202626695 ], [ 73.362051677554248, 16.561540962868992 ], [ 73.37450441021285, 16.601485261250694 ], [ 73.37960718138946, 16.617849053838935 ], [ 73.380883485250678, 16.621941576366495 ], [ 73.380689761285723, 16.624021986165452 ], [ 73.37433896793668, 16.692185517325733 ], [ 73.367897332030651, 16.749518054472379 ], [ 73.363698958283877, 16.767789368333634 ], [ 73.357400476230708, 16.795192165619394 ], [ 73.356863010065823, 16.797530063800178 ], [ 73.347268462456796, 16.83925286816557 ], [ 73.343651440729928, 16.855481959166955 ], [ 73.343455610436195, 16.877954960270021 ], [ 73.333803053638988, 16.996790221642684 ], [ 73.332313976135765, 17.015101364248753 ], [ 73.331226749366991, 17.038667829123082 ], [ 73.330590043597851, 17.052463312319109 ], [ 73.326154187191975, 17.148460175481578 ], [ 73.304400352290827, 17.188922543421263 ], [ 73.294268055353243, 17.208919735460324 ], [ 73.291138277350527, 17.224672385954566 ], [ 73.284489649744046, 17.2442201729808 ], [ 73.284247540679104, 17.244982614131651 ], [ 73.279586157438814, 17.259660582146942 ], [ 73.279075486314198, 17.261268433297577 ], [ 73.279517294649594, 17.261646947777727 ], [ 73.279661373033051, 17.261770384847605 ], [ 73.279304359735931, 17.267788465125978 ], [ 73.278709721826374, 17.277810536618794 ], [ 73.277432140564514, 17.279194575402745 ], [ 73.277639493089538, 17.285282685639711 ], [ 73.290926530644697, 17.301653516505539 ], [ 73.292059419538887, 17.303629025037292 ], [ 73.295335486953491, 17.309341514644004 ], [ 73.296775850953267, 17.315091607092306 ], [ 73.296696534526063, 17.323697697279755 ], [ 73.2901457747557, 17.332248608989076 ], [ 73.281924334337958, 17.336739867541617 ], [ 73.275635981585737, 17.340174714446995 ], [ 73.274633647726716, 17.340722181430557 ], [ 73.2570655760492, 17.355870536991489 ], [ 73.245944466486961, 17.373464501530428 ], [ 73.241362932028736, 17.383943288522619 ], [ 73.241276119267454, 17.393027164539902 ], [ 73.24110233614195, 17.411194892349677 ], [ 73.242816372799666, 17.423052365465338 ], [ 73.244839577174488, 17.437047289883182 ], [ 73.252822481558681, 17.468935586885539 ], [ 73.253956808994246, 17.473465990733008 ], [ 73.268865547572133, 17.510427732497327 ], [ 73.270021152606319, 17.513292116998912 ], [ 73.269889754698241, 17.527157010451901 ], [ 73.269868955513601, 17.529350537996081 ], [ 73.269753698813261, 17.541499982547649 ], [ 73.266622563283335, 17.556294867879032 ], [ 73.254843438019932, 17.580259185372327 ], [ 73.251879690480578, 17.586287618843805 ], [ 73.248603056529618, 17.615902753302436 ], [ 73.248914821800042, 17.632962127025333 ], [ 73.249409130564047, 17.660020711542522 ], [ 73.254624613047397, 17.666566409185137 ], [ 73.259742840385698, 17.67298949132147 ], [ 73.260124723388117, 17.683183253731073 ], [ 73.257221396917799, 17.683979824179652 ], [ 73.257418061990009, 17.68435351174908 ], [ 73.267319753207047, 17.692091082370155 ], [ 73.276732634217396, 17.698867665252152 ], [ 73.280192332971765, 17.702244900055266 ], [ 73.281113885986599, 17.707860165846082 ], [ 73.281135317514725, 17.707990750777107 ], [ 73.276595701965974, 17.713210439300529 ], [ 73.265579996799659, 17.717416649941185 ], [ 73.237500100826736, 17.731988478652671 ], [ 73.226374230469204, 17.747188097701088 ], [ 73.205004798067463, 17.788589637335782 ], [ 73.202299017259406, 17.809601762599577 ], [ 73.188534352368706, 17.887406254744974 ], [ 73.186550049258585, 17.891612785658651 ], [ 73.13797986884029, 17.994500314243474 ], [ 73.125930123041499, 18.028992565770366 ], [ 73.116336638853554, 18.05644203303752 ], [ 73.113508474926604, 18.074089491839491 ], [ 73.111630695887712, 18.084316008504004 ], [ 73.110594243400513, 18.089170459841593 ], [ 73.109430437998981, 18.094620989933663 ], [ 73.104718838424333, 18.10733553629581 ], [ 73.103252147565442, 18.111293034543213 ], [ 73.096093334995132, 18.126042764962634 ], [ 73.078902295872652, 18.143560623988058 ], [ 73.069297589212923, 18.153025830160647 ], [ 73.061670882083035, 18.164422681992129 ], [ 73.054021938139059, 18.17773116231227 ], [ 73.052756288281373, 18.189636655000047 ], [ 73.045640606113096, 18.256525884849353 ], [ 73.040545698622012, 18.271096067560251 ], [ 73.03064644015619, 18.299396959592528 ], [ 73.006314634041573, 18.326393114990999 ], [ 73.006174751827729, 18.326477885590709 ], [ 72.986151362308775, 18.338610328323256 ], [ 72.981040705043441, 18.347639003243099 ], [ 72.974399907923214, 18.359041401875448 ], [ 72.973036453331588, 18.365774519879615 ], [ 72.979864856889705, 18.367463817868209 ], [ 72.985366364087668, 18.368824653777942 ], [ 73.034198287119267, 18.357772867336319 ], [ 73.062681744081189, 18.355072674601431 ], [ 73.065676112348328, 18.357901283573842 ], [ 73.071039878419001, 18.35765456507426 ], [ 73.070981458360265, 18.362912620296704 ], [ 73.070905751181741, 18.367789392818544 ], [ 73.070866550446041, 18.370314096804133 ], [ 73.052924010263652, 18.394485835571516 ], [ 73.046979113184094, 18.404736550213755 ], [ 73.041642805384541, 18.409678883576728 ], [ 73.03913009308495, 18.413062402582881 ], [ 73.02868242325907, 18.421680487522586 ], [ 72.988256586233206, 18.459098172509073 ], [ 72.973161757179, 18.481244803151043 ], [ 72.971435855532221, 18.483776506290113 ], [ 72.965306173980309, 18.493749333465146 ], [ 72.959557738695963, 18.51376455991376 ], [ 72.958892281071371, 18.519461052602072 ], [ 72.96363690376792, 18.560351169306625 ], [ 72.965381452968714, 18.57538333738983 ], [ 72.964914743389812, 18.583408428131619 ], [ 72.967381541052347, 18.614712302275034 ], [ 72.965364851119233, 18.624858627639952 ], [ 72.963114803524377, 18.636177166825711 ], [ 72.962943778551406, 18.650515953567684 ], [ 72.964326676592265, 18.656783509634966 ], [ 72.965202611325765, 18.660753225581445 ], [ 72.965798448326481, 18.6634534624745 ], [ 72.965757076818647, 18.66692238144876 ], [ 72.965692784171267, 18.67231167670634 ], [ 72.965676652611975, 18.673663606325793 ], [ 72.965661606308416, 18.67492447988203 ], [ 72.960671445937663, 18.685794941749794 ], [ 72.960533302242112, 18.694762844964725 ], [ 72.957179859940425, 18.700211455505144 ], [ 72.95476532348367, 18.704134269365181 ], [ 72.944864050413742, 18.720218072849512 ], [ 72.943296172963073, 18.723631433658511 ], [ 72.942888896335631, 18.724518070807463 ], [ 72.941412188808954, 18.72773275196494 ], [ 72.93893307188101, 18.733129263181389 ], [ 72.938359324139356, 18.734378129509356 ], [ 72.914247484142834, 18.777692955488988 ], [ 72.912706522384269, 18.780460202284978 ], [ 72.908084246331711, 18.789012520179163 ], [ 72.905403727495795, 18.802844486835259 ], [ 72.905284752276032, 18.812453297158495 ], [ 72.905232090533175, 18.816704562505386 ], [ 72.905346326762455, 18.819553829602643 ], [ 72.911718626307106, 18.834165807321298 ], [ 72.913056095687296, 18.837232381096399 ], [ 72.920814477221953, 18.855018845415589 ], [ 72.940742645693803, 18.867875428611494 ], [ 72.969928706352292, 18.867729514245461 ], [ 73.005433306093735, 18.85084070864972 ], [ 73.007278017817697, 18.849962927576122 ], [ 73.007338784510296, 18.849934012082191 ], [ 73.011489362686831, 18.847147959835493 ], [ 73.018470847863526, 18.842461237685967 ], [ 73.020650289920169, 18.84527528341631 ], [ 73.026310914737294, 18.852583635325505 ], [ 73.026100138757087, 18.855231297835047 ], [ 73.025394491448651, 18.864094289240583 ], [ 73.025650133025323, 18.864387160657188 ], [ 73.028924249338644, 18.884977007009432 ], [ 73.028824983263135, 18.88733105998752 ], [ 73.028815122410293, 18.887564898020383 ], [ 73.027533451695447, 18.917945968393933 ], [ 73.026872368530803, 18.918392872263929 ], [ 73.022570653985326, 18.92130078525609 ], [ 73.022570653985341, 18.921300785256097 ], [ 73.021963965687348, 18.921710883034031 ], [ 73.019843326651028, 18.922728794919141 ], [ 73.008324323260226, 18.928257277798814 ], [ 72.996230408511963, 18.931473170109747 ], [ 72.981145502789943, 18.932743651131119 ], [ 72.972721754067194, 18.934796101763208 ], [ 72.960489247472239, 18.937775768153642 ], [ 72.958126275457232, 18.939658416077005 ], [ 72.95637181156539, 18.941056198243153 ], [ 72.955695406226852, 18.941595079343916 ], [ 72.955678335602158, 18.94268034758565 ], [ 72.955635625115676, 18.945395409788102 ], [ 72.955590021964809, 18.948293937574263 ], [ 72.957291218753355, 18.953479762598718 ], [ 72.960771852734666, 18.964089032467857 ], [ 72.967998781831483, 18.970200817565818 ], [ 72.972832650289476, 18.97336830637806 ], [ 72.973471057929487, 18.973786618195032 ], [ 72.992133831355943, 18.986013451848002 ], [ 72.999769493264793, 18.999109151441012 ], [ 73.000556053575508, 19.00045803579291 ], [ 73.002795436119939, 19.004298262298093 ], [ 73.007716306638088, 19.012736213847845 ], [ 73.008023151619454, 19.013941977119757 ], [ 73.012858797962551, 19.020567209037424 ], [ 73.013639375833847, 19.021636608193855 ], [ 73.019186421565195, 19.029235661267226 ], [ 73.023542410331316, 19.037182401153665 ], [ 73.026566673251025, 19.042699182298762 ], [ 73.026498847919669, 19.043101905145644 ], [ 73.024663464790251, 19.053998783275581 ], [ 73.023268280432049, 19.062280888833364 ], [ 73.022672906532293, 19.065814820550059 ], [ 73.020618307261458, 19.078008679190617 ], [ 73.020276298688827, 19.084828006606418 ], [ 73.019300150791238, 19.104285305643355 ], [ 73.019262715161759, 19.104829333936515 ], [ 73.018706044814095, 19.112918341148646 ], [ 73.018083792951444, 19.121958696877304 ], [ 73.017143341544426, 19.126708721032951 ], [ 73.01562608299993, 19.134371340560833 ], [ 73.014872572553031, 19.138176460310778 ], [ 73.014869920269774, 19.138398287720488 ], [ 73.014860150882157, 19.139215337578129 ], [ 73.014820713733442, 19.142513187794275 ], [ 73.014812565966452, 19.143194443363107 ], [ 73.014723936144762, 19.150603137343804 ], [ 73.014060773236992, 19.163980252401597 ], [ 73.008927801550143, 19.172528810195637 ], [ 73.007443355927819, 19.172934470908743 ], [ 73.002509471076706, 19.17428267112993 ], [ 72.999596953747641, 19.179804466844661 ], [ 72.99835307639124, 19.182162573673796 ], [ 72.997913158512944, 19.182996537149318 ], [ 72.985942203204402, 19.180300934651239 ], [ 72.983858010080425, 19.175404736196043 ], [ 72.976458428790778, 19.158019370851289 ], [ 72.975342343722986, 19.155396820221718 ], [ 72.963724219882906, 19.130494265083481 ], [ 72.959848512622756, 19.123157099228607 ], [ 72.953112281871284, 19.110403066118231 ], [ 72.950084841391771, 19.104670420137243 ], [ 72.925396529425541, 19.08110866339776 ], [ 72.922429982976709, 19.078276852426466 ], [ 72.915368004363444, 19.071535072234042 ], [ 72.897281580231834, 19.058743417775514 ], [ 72.883104843503531, 19.051040577807328 ], [ 72.879711276320663, 19.049196448823199 ], [ 72.877543753151357, 19.045534844098249 ], [ 72.874298620654955, 19.040052515156276 ], [ 72.874272002177477, 19.040000317021921 ], [ 72.872570989567933, 19.038422479767242 ], [ 72.872318671479391, 19.036169798107192 ], [ 72.869885459533577, 19.031397977908775 ], [ 72.870050312128697, 19.028484966364235 ], [ 72.870534167713444, 19.019933890598857 ], [ 72.871102760419021, 19.018249208141125 ], [ 72.872146865842353, 19.002343781624379 ], [ 72.871732599138909, 18.985210262248088 ], [ 72.871654194695822, 18.981968041574685 ], [ 72.871542937203216, 18.977367528500462 ], [ 72.862190582295185, 18.973807224555379 ], [ 72.860583155742319, 18.973195240193519 ], [ 72.859531070162163, 18.972794677305721 ], [ 72.847674559283377, 18.972327150205519 ], [ 72.839923494663509, 18.9775166971361 ], [ 72.834311195718541, 18.984142772145862 ], [ 72.83347558077449, 18.985810850438281 ], [ 72.831379289716125, 18.989995342294151 ], [ 72.828121648275371, 18.996497530889865 ], [ 72.822892424297592, 19.012209097315587 ], [ 72.820375073715283, 19.016852980881254 ], [ 72.820294951703161, 19.017000780612818 ], [ 72.819067685547992, 19.019264656380262 ], [ 72.819691979062114, 19.022419086771077 ], [ 72.823133951557892, 19.039809106757954 ], [ 72.824268365203011, 19.045539965406061 ], [ 72.825436409893641, 19.051440418164873 ], [ 72.825955991776382, 19.054065020235331 ], [ 72.826842357282217, 19.056228895823622 ], [ 72.829077301342195, 19.061085893016521 ], [ 72.830477645726418, 19.064128993087071 ], [ 72.837685003413981, 19.079789669134637 ], [ 72.845421353418274, 19.096596620614765 ], [ 72.846138214973081, 19.098833329436104 ], [ 72.848253966774266, 19.102559781990955 ], [ 72.851285761486949, 19.107899351551847 ], [ 72.8509543132906, 19.11385887541719 ], [ 72.855571435981332, 19.128261424409978 ], [ 72.855454082233337, 19.1297049903031 ], [ 72.855210835110171, 19.132697033638692 ], [ 72.854797201732779, 19.137784484797017 ], [ 72.852581258581125, 19.165030386816223 ], [ 72.851484393973251, 19.175874241395448 ], [ 72.847879451696258, 19.211498012266194 ], [ 72.845407209264792, 19.235914773392349 ], [ 72.841609547377928, 19.273400052068684 ], [ 72.839872685513157, 19.27583422128404 ], [ 72.83924457175182, 19.276714483390077 ], [ 72.834461196157037, 19.283417668352591 ], [ 72.825712572637144, 19.295675650843858 ], [ 72.822616782583836, 19.299494010849244 ], [ 72.818036263438742, 19.305143182566326 ], [ 72.808488861407866, 19.308958956108359 ], [ 72.80341520629041, 19.313568414457713 ], [ 72.796347331504549, 19.31998892309857 ], [ 72.790007492277255, 19.330532291882541 ], [ 72.789980654598537, 19.332526534714955 ], [ 72.790415033079071, 19.333818340067928 ], [ 72.792052386106093, 19.338687530521188 ], [ 72.792116515848392, 19.338878235550798 ], [ 72.794822128131358, 19.346923661234737 ], [ 72.79963110255818, 19.351393298700707 ], [ 72.805763856309383, 19.357092800948408 ], [ 72.824272466568729, 19.366396116343559 ], [ 72.836584363209425, 19.373834151873471 ], [ 72.84885646052453, 19.378983486071 ], [ 72.855702720456875, 19.383086298008408 ], [ 72.869409959996574, 19.391299413219869 ], [ 72.894832272644564, 19.406527277249069 ], [ 72.905670176188224, 19.423132577030373 ], [ 72.905504616388839, 19.43330963735557 ], [ 72.901357875778203, 19.442343168479493 ], [ 72.894029956948543, 19.443464790805287 ], [ 72.890530102954003, 19.444000371995472 ], [ 72.890445764964397, 19.444013277311228 ], [ 72.886109209587758, 19.445148174503981 ], [ 72.85988878190382, 19.445988135476529 ], [ 72.85788398572123, 19.445658607056149 ], [ 72.842910097810488, 19.445481109274741 ], [ 72.821152464871361, 19.445220994985664 ], [ 72.805416391463453, 19.448657623795757 ], [ 72.787476875449485, 19.455756308814244 ], [ 72.784762572201757, 19.457684541992013 ], [ 72.775825180917366, 19.461685163517579 ], [ 72.767794049242795, 19.473958180923052 ], [ 72.766654536979388, 19.475699363704862 ], [ 72.76563358224324, 19.477820593709936 ], [ 72.764943998423547, 19.479253297713353 ], [ 72.761699619093164, 19.485993512750174 ], [ 72.761624283118962, 19.491472382389038 ], [ 72.768461797973288, 19.506950399387421 ], [ 72.772310432222312, 19.515661284261764 ], [ 72.774845428943493, 19.519694926373571 ], [ 72.778007201825247, 19.523992824086221 ], [ 72.793652610095464, 19.545256298088297 ], [ 72.796409882129851, 19.549545154669403 ], [ 72.800463233420885, 19.555849580474845 ], [ 72.805556531668259, 19.563770749239318 ], [ 72.816816060095576, 19.581278757919502 ], [ 72.816836505325895, 19.581310545520182 ], [ 72.821723798721294, 19.588908768457564 ], [ 72.827728807291734, 19.598243635421589 ], [ 72.826036258684695, 19.611605680311012 ], [ 72.825534956004503, 19.612184217547835 ], [ 72.826223308269093, 19.615308963282047 ], [ 72.826251825761958, 19.615438415194777 ], [ 72.820054121912236, 19.624735445877999 ], [ 72.818129749211309, 19.625990545436323 ], [ 72.809512576593164, 19.631610251548075 ], [ 72.805759266136036, 19.634057714570215 ], [ 72.780494802691635, 19.632288571630678 ], [ 72.779027334091282, 19.631236470813104 ], [ 72.758103653583717, 19.616232601764299 ], [ 72.755607633495458, 19.614442435452428 ], [ 72.744475628728694, 19.606457612766736 ], [ 72.733009889488798, 19.6017379048726 ], [ 72.716760437342188, 19.599738938915021 ], [ 72.716178716090297, 19.599847321005662 ], [ 72.707143320147836, 19.601674257972327 ], [ 72.706520531813595, 19.610600892303662 ], [ 72.706438255559803, 19.613822720311301 ], [ 72.706016789996042, 19.630320287318714 ], [ 72.705826270122031, 19.63777432489271 ], [ 72.705238870200361, 19.660742308108752 ], [ 72.704819785752946, 19.677116177902537 ], [ 72.704680978518539, 19.682537110314378 ], [ 72.704336053442589, 19.696002652024649 ], [ 72.704247371895931, 19.699463530893475 ], [ 72.703262489404366, 19.706233403541805 ], [ 72.700879554472465, 19.722609865940601 ], [ 72.699213360293342, 19.734057809125733 ], [ 72.695290936467089, 19.760998572797906 ], [ 72.689561785531012, 19.7778766697325 ], [ 72.687244952663576, 19.784700811932002 ], [ 72.677414865973461, 19.813646911828307 ], [ 72.67464939827542, 19.819762665731055 ], [ 72.671999221919791, 19.825622908029203 ], [ 72.670421923776459, 19.829110477584507 ], [ 72.666500423139155, 19.837780497867183 ], [ 72.662803493039064, 19.845952940358217 ], [ 72.659944875056141, 19.85053764217189 ], [ 72.654527511469581, 19.859225161595788 ], [ 72.651454932675705, 19.868173885301569 ], [ 72.648795876468867, 19.875917237157505 ], [ 72.647666430403859, 19.879205977248624 ], [ 72.645359210143155, 19.885825766948127 ], [ 72.646556588902087, 19.928520828571358 ], [ 72.650621292988788, 19.935981348079491 ], [ 72.652127691780734, 19.938746072432686 ], [ 72.6665462729853, 19.965203861934452 ], [ 72.691898927820404, 19.998781080428326 ], [ 72.692817500001951, 20.003139562810929 ], [ 72.699927340277398, 20.036868504851967 ], [ 72.707093346504251, 20.070852857759956 ], [ 72.712713376514557, 20.097497735309098 ], [ 72.713350385821201, 20.098928050820618 ], [ 72.738196119276594, 20.154696318598958 ], [ 72.740477599603807, 20.162854520306833 ], [ 72.757870666978306, 20.198642610327042 ], [ 72.759633631612203, 20.202269202284306 ], [ 72.760493989176581, 20.205707973380925 ], [ 72.763237077491254, 20.208749316683281 ], [ 72.765227756450457, 20.210956347400764 ], [ 72.765874373424609, 20.211793492583336 ], [ 72.771192802562524, 20.218678619865354 ], [ 72.769576407385344, 20.228188261901 ], [ 72.765500780918742, 20.252159268392621 ], [ 72.763960389943492, 20.256947720838713 ], [ 72.762464083005909, 20.261598786556821 ], [ 72.761585004004516, 20.267334402763421 ], [ 72.760395088614786, 20.275097172540587 ], [ 72.753000681884458, 20.28669137466391 ], [ 72.752868383412022, 20.295864313668435 ], [ 72.755348899381858, 20.308005718570179 ], [ 72.755707270181148, 20.309759720700356 ], [ 72.763943796413514, 20.327294402550923 ], [ 72.764063373128735, 20.327548940240931 ], [ 72.770771867291742, 20.336743854867184 ], [ 72.77096656386081, 20.336843009480987 ], [ 72.780436104912113, 20.349831381654042 ], [ 72.78738809913105, 20.359365123660719 ], [ 72.789880206266901, 20.362782394345615 ], [ 72.793355265758308, 20.372262171482078 ], [ 72.804267213479832, 20.386522414169217 ], [ 72.807593465274778, 20.391661245234051 ], [ 72.808714929963614, 20.393607834550888 ], [ 72.811417794340002, 20.397569114027334 ], [ 72.817672820445949, 20.407230897098252 ], [ 72.82509893928291, 20.418699898991171 ], [ 72.832849676352808, 20.43066827440791 ], [ 72.833271803257034, 20.431320047890836 ], [ 72.836451119866155, 20.436228792544554 ], [ 72.837516378819487, 20.437873436264013 ], [ 72.840078928778652, 20.441829578108102 ], [ 72.842754446129121, 20.445959887200452 ], [ 72.843187133721116, 20.446627822727898 ], [ 72.845449820373346, 20.450120607186722 ], [ 72.852161132482834, 20.461424747105703 ], [ 72.854256397839521, 20.464953531537173 ], [ 72.862212909545548, 20.478352104785827 ], [ 72.867748715144543, 20.48767281887805 ], [ 72.867419382641543, 20.489659767832457 ], [ 72.867078381584619, 20.491717044493544 ], [ 72.866359767491033, 20.496052240803639 ], [ 72.868088738883671, 20.498961041415189 ], [ 72.868596076707675, 20.502520494402173 ], [ 72.86913119412381, 20.506274729272352 ], [ 72.869353831090038, 20.507836652529495 ], [ 72.869969654925924, 20.512156892904144 ], [ 72.871068753746712, 20.51986737069095 ], [ 72.871553509422824, 20.52326790100123 ], [ 72.898062918638416, 20.526204438470511 ], [ 72.877500121608776, 20.671057923588346 ], [ 72.869133084683554, 20.671424196999713 ], [ 72.857889695478022, 20.67721670931563 ], [ 72.852457006795333, 20.680015151619468 ], [ 72.846286531988881, 20.684340144696726 ], [ 72.845653440482579, 20.686702637256939 ], [ 72.845147271716456, 20.688591430054888 ], [ 72.845479511249678, 20.701020961236647 ], [ 72.846629826819893, 20.702822519344053 ], [ 72.851939470524428, 20.711137579848661 ], [ 72.854513761734509, 20.713408673917634 ], [ 72.858063021690839, 20.715263900537639 ], [ 72.858544215889921, 20.715537472996363 ], [ 72.870242021783994, 20.722187205924641 ], [ 72.851362687729448, 20.855181629327383 ], [ 72.85107599351133, 20.855441640277476 ], [ 72.829766918961212, 20.854594148396565 ], [ 72.822902217806629, 20.836984381900155 ], [ 72.822640368425041, 20.836195895402639 ], [ 72.817312361213027, 20.820150492947899 ], [ 72.806137738331543, 20.822863104732065 ], [ 72.800882358229543, 20.834742787817884 ], [ 72.800321927010032, 20.835910688620981 ], [ 72.797096586781564, 20.842631646281255 ], [ 72.795639998245406, 20.845666640478793 ], [ 72.793402720645986, 20.849399717455885 ], [ 72.793265196755371, 20.850082238526458 ], [ 72.781424117177934, 20.877047470267577 ], [ 72.778570059635243, 20.883545135531001 ], [ 72.77823984807641, 20.889919424197732 ], [ 72.789676566137757, 20.905802266867308 ], [ 72.79362832595622, 20.910732211880894 ], [ 72.795133016495001, 20.912609259573284 ], [ 72.805160783215115, 20.925117114143902 ], [ 72.807302730937323, 20.933020972547311 ], [ 72.808539776665896, 20.937585390809382 ], [ 72.807672370347973, 20.939734354527666 ], [ 72.808240081089934, 20.941917712565068 ], [ 72.808152411800563, 20.948204524563319 ], [ 72.830168161648089, 20.951658813022057 ], [ 72.837622788851618, 20.951971586197175 ], [ 72.814797046955789, 21.112766261126058 ], [ 72.805152467155111, 21.10529739637882 ], [ 72.795868428465738, 21.107544429521251 ], [ 72.772806579022841, 21.108037615904646 ], [ 72.764667223077467, 21.108210926797341 ], [ 72.754448795298359, 21.101983142218643 ], [ 72.747261268531474, 21.097019803677579 ], [ 72.737913968620035, 21.09622366356534 ], [ 72.717547230853441, 21.096285396488387 ], [ 72.710349422765375, 21.100947242609262 ], [ 72.705214845453284, 21.103746490520123 ], [ 72.701108488155711, 21.110651046306263 ], [ 72.696078753738107, 21.122702724606551 ], [ 72.694693994932308, 21.123777404320144 ], [ 72.694052205444834, 21.124275472830817 ], [ 72.692460881198471, 21.125510412886211 ], [ 72.689535615683027, 21.130707913500839 ], [ 72.685749925733006, 21.130718005642134 ], [ 72.685640216909619, 21.130803132349183 ], [ 72.669949075378852, 21.132738171055056 ], [ 72.655807803931665, 21.133259693576022 ], [ 72.652032767643036, 21.133443315104653 ], [ 72.639803899100116, 21.144911098085611 ], [ 72.631036481922195, 21.153131109900091 ], [ 72.628897275161123, 21.159226431466603 ], [ 72.623196565885564, 21.175466670869593 ], [ 72.625191715648612, 21.184796193328609 ], [ 72.627590458359165, 21.189373728431633 ], [ 72.628100547822797, 21.190347098731046 ], [ 72.628392076504895, 21.19090339806548 ], [ 72.634462576257221, 21.202486265294439 ], [ 72.621578962103825, 21.219506762439735 ], [ 72.618764415074509, 21.222067604863728 ], [ 72.6187536893203, 21.222783183172858 ], [ 72.610229121433392, 21.230857091118384 ], [ 72.606798923439129, 21.235424021342528 ], [ 72.606070744363436, 21.236838018812058 ], [ 72.605471558856067, 21.238001507764849 ], [ 72.601668752511998, 21.245385202806297 ], [ 72.598714746183418, 21.262544358410672 ], [ 72.597720342591529, 21.277896878554476 ], [ 72.59769438521235, 21.278297553806439 ], [ 72.597496447757067, 21.29047887697017 ], [ 72.605680208255492, 21.304571500758875 ], [ 72.607254754284469, 21.305803525881196 ], [ 72.629473121876757, 21.323185030182501 ], [ 72.657918219972515, 21.338276892639232 ], [ 72.661977101232196, 21.347650995373755 ], [ 72.661756223240189, 21.349902804233331 ], [ 72.666794447263172, 21.353776379001349 ], [ 72.668886073059085, 21.35538440015214 ], [ 72.658492371351656, 21.367482331958691 ], [ 72.648190132543093, 21.373082909317564 ], [ 72.633580871692118, 21.392619703510391 ], [ 72.605667505470763, 21.396024614361409 ], [ 72.605307259110347, 21.39606852585549 ], [ 72.604755915600876, 21.408481626812918 ], [ 72.611815372850387, 21.421483211126464 ], [ 72.627079883555055, 21.424208736493892 ], [ 72.689748635339043, 21.426201357970388 ], [ 72.746397679998367, 21.425652766268797 ], [ 72.7565626547145, 21.427471759327378 ], [ 72.757179050391343, 21.433938071334609 ], [ 72.762731624707143, 21.43861977402409 ], [ 72.762996844902744, 21.440105716857204 ], [ 72.763095795578948, 21.440660101896324 ] ], [ [ 72.763095795578948, 21.440660101896324 ], [ 72.769281863436476, 21.433395451262395 ], [ 72.765982301610023, 21.437270441362053 ], [ 72.763095795578948, 21.440660101896324 ] ], [ [ 74.987970406657269, 17.064360364046337 ], [ 75.132662970409385, 16.390275336611186 ], [ 75.448511000301693, 16.418833884820828 ], [ 75.498752098061701, 17.06180167355712 ], [ 74.987970406657269, 17.064360364046337 ] ], [ [ 75.498752098061701, 17.06180167355712 ], [ 75.502640824896687, 17.028309242465895 ], [ 75.501583870264241, 17.037413525964464 ], [ 75.498752098061701, 17.06180167355712 ] ], [ [ 72.892579547141636, 21.106701876079484 ], [ 72.946245450732462, 20.964506942787523 ], [ 72.960692275977479, 20.968085325799915 ], [ 72.995774647670231, 21.008168877187266 ], [ 73.055128782743211, 21.062385854819205 ], [ 73.110039389228504, 21.108888087153485 ], [ 73.140904199889349, 21.166104582806533 ], [ 73.14407673738684, 21.19768350563907 ], [ 73.147377431971265, 21.259851788745589 ], [ 73.158039309085765, 21.304416928600162 ], [ 73.177133978332762, 21.327566056430125 ], [ 73.265039104492757, 21.356695830281314 ], [ 73.304079029888257, 21.378125024022211 ], [ 73.320035429517162, 21.410787066095924 ], [ 73.314224086791, 21.427935291565522 ], [ 73.298527198560549, 21.440517043932161 ], [ 73.272997852891194, 21.460971821936557 ], [ 73.178085569327379, 21.49772142760516 ], [ 73.121064175793322, 21.523853106551801 ], [ 73.116042036840568, 21.52556861523049 ], [ 73.100747710619615, 21.530791780308331 ], [ 73.080867835654686, 21.527696767711078 ], [ 72.985120316593367, 21.470654443809401 ], [ 72.954892820402208, 21.441614145617891 ], [ 72.949109121503483, 21.417171123005833 ], [ 72.950946661108247, 21.399770594512866 ], [ 72.954399553834236, 21.367057361828675 ], [ 72.942777557392915, 21.322471533293943 ], [ 72.924842921756024, 21.292144157377212 ], [ 72.899330537669726, 21.257420010074057 ], [ 72.895130157617572, 21.230128199261728 ], [ 72.915648943966872, 21.184505502261192 ], [ 72.928454707271896, 21.143086065338771 ], [ 72.919567205123812, 21.122905455969686 ], [ 72.899908634443108, 21.108326104263465 ], [ 72.892579547141636, 21.106701876079484 ] ], [ [ 73.55669714314881, 20.469333530054858 ], [ 73.556698431834576, 20.4693338345011 ], [ 73.553921250398886, 20.469310751696035 ], [ 73.55669714314881, 20.469333530054858 ] ], [ [ 73.372392470463765, 20.845754850372863 ], [ 73.881588576262672, 21.381056874858249 ], [ 73.850910405432842, 21.388020232285925 ], [ 73.824114998229092, 21.387834519857535 ], [ 73.774253295640918, 21.399428403558364 ], [ 73.711728081235762, 21.398959611233192 ], [ 73.633826394115715, 21.4055131207611 ], [ 73.582693875260517, 21.414648665603227 ], [ 73.521419147360362, 21.416509116741707 ], [ 73.483519893029339, 21.379126033645107 ], [ 73.472571138297724, 21.32764260024792 ], [ 73.45651715814509, 21.277306822469431 ], [ 73.407313999475619, 21.229050096680506 ], [ 73.376886252322763, 21.214420650552757 ], [ 73.370764196276937, 21.191657520607336 ], [ 73.367243875240746, 21.164139520555132 ], [ 73.354717308085597, 21.144898855376848 ], [ 73.341040026733552, 21.114891558194437 ], [ 73.35914281112467, 21.089973585492352 ], [ 73.359667015813542, 21.042179920145582 ], [ 73.331826550924148, 21.027569376978416 ], [ 73.302543451226072, 21.028474494944899 ], [ 73.261668602802985, 21.041205685939119 ], [ 73.223545626019046, 21.03603179008973 ], [ 73.211090612128018, 21.013197969373959 ], [ 73.219121929685102, 20.979824705898089 ], [ 73.235953994803509, 20.95490646224091 ], [ 73.258060531409498, 20.913310907463064 ], [ 73.283967935027661, 20.871749744468037 ], [ 73.297879480009769, 20.860047517277135 ], [ 73.328884846818596, 20.833955042695234 ], [ 73.351762360097197, 20.834176685154361 ], [ 73.372392470463765, 20.845754850372863 ] ], [ [ 73.675630724488229, 21.971275793041777 ], [ 73.501656080230688, 22.469839578983283 ], [ 73.444039916137285, 22.488227035706011 ], [ 73.441661744472924, 22.488985440345679 ], [ 73.399339905339176, 22.479609651977427 ], [ 73.337722336798137, 22.471817409211955 ], [ 73.283379884713867, 22.475733311652373 ], [ 73.216246154919844, 22.417657856646681 ], [ 73.186451705190279, 22.337041126911338 ], [ 73.150151594704909, 22.285019273583526 ], [ 73.121451443070868, 22.280866570963919 ], [ 73.092286330679855, 22.311110272128055 ], [ 73.081388893167087, 22.356857082955383 ], [ 73.048381704495441, 22.366019722004857 ], [ 72.988850296102527, 22.361468028281415 ], [ 72.967915928430216, 22.387965757759666 ], [ 72.956942420711641, 22.435611375168296 ], [ 73.019827051145114, 22.495648343859074 ], [ 73.033655608531362, 22.53595709780625 ], [ 73.01505867093293, 22.54146283588134 ], [ 72.973885597362212, 22.542860765044466 ], [ 72.9450842952606, 22.542495333268974 ], [ 72.917795558165636, 22.57845887943742 ], [ 72.902986421525327, 22.605024033916841 ], [ 72.847419199856503, 22.604288269452013 ], [ 72.825321648897827, 22.569588638364415 ], [ 72.822645084580415, 22.477814045212419 ], [ 72.818427642761705, 22.465458952521526 ], [ 72.804952995185772, 22.425971291287897 ], [ 72.797244145669055, 22.393375647710233 ], [ 72.810021869909178, 22.36488076162183 ], [ 72.844816350866637, 22.307054089050645 ], [ 72.876198644176583, 22.269241951422821 ], [ 72.86050965690535, 22.28814896650637 ], [ 72.905492506202975, 22.235631417969387 ], [ 72.990559834935553, 22.07363572011268 ], [ 73.029874249122983, 22.011393276825668 ], [ 73.064753014663694, 21.99030415665986 ], [ 73.091913966814545, 21.970909476542918 ], [ 73.10206627554328, 21.929808940681916 ], [ 73.112494753084604, 21.867204972472379 ], [ 73.143972752376058, 21.808421637678531 ], [ 73.164114676371014, 21.792685304162642 ], [ 73.184676159825841, 21.776614798035741 ], [ 73.228802264595942, 21.777093525109034 ], [ 73.255575496421187, 21.784547216420009 ], [ 73.29386467330616, 21.792116044157002 ], [ 73.3264016406183, 21.799618012187636 ], [ 73.383528293022664, 21.83961804437433 ], [ 73.418040895517549, 21.84353737901704 ], [ 73.494827475535104, 21.844256142989149 ], [ 73.529162256730672, 21.866074794008657 ], [ 73.529088796935966, 21.873243735438642 ], [ 73.528739449847436, 21.907296118861321 ], [ 73.532139504057398, 21.950343825669862 ], [ 73.604952357186605, 21.970694986125071 ], [ 73.675630724488229, 21.971275793041777 ] ], [ [ 74.983727049107529, 17.084129063391782 ], [ 74.983727084971491, 17.084128896310908 ], [ 74.985758155775059, 17.084959597198939 ], [ 74.983727049107529, 17.084129063391782 ] ], [ [ 75.371004915490005, 15.279902194948781 ], [ 75.370926538642848, 15.280005695314717 ], [ 75.398580581577775, 15.243479309602186 ], [ 75.371004915490005, 15.279902194948781 ] ], [ [ 73.769625548749232, 17.420340756368983 ], [ 73.780986109761912, 17.303242481969711 ], [ 73.78003781609786, 17.313024745622929 ], [ 73.769625548749232, 17.420340756368983 ] ], [ [ 73.709792745879653, 18.27605202465169 ], [ 73.720135909045595, 18.23069381511873 ], [ 73.719160784140627, 18.23497125713741 ], [ 73.709792745879653, 18.27605202465169 ] ] ], [ [ [ 75.448511000301693, 16.418833884820828 ], [ 75.410904216902722, 16.44761240381689 ], [ 75.416164905865529, 16.443587579080244 ], [ 75.448511000301693, 16.418833884820828 ] ] ] ] } },
{ "type": "Feature", "properties": { "state_name": "Central India Agency", "id": 8 }, "geometry": { "type": "MultiPolygon", "coordinates": [ [ [ [ 74.546254291705026, 21.595049404474118 ], [ 74.496342063907463, 21.615224665682749 ], [ 74.459195203943437, 21.636621913343348 ], [ 74.438635340235223, 21.664043546888585 ], [ 74.434697060083508, 21.690324684946798 ], [ 74.438473279271477, 21.705875139937618 ], [ 74.502248742608529, 21.756277570480805 ], [ 74.502186912080731, 21.77420540751411 ], [ 74.491828136661653, 21.808834593062432 ], [ 74.452042767358321, 21.837391849905707 ], [ 74.43397979060029, 21.873186236010557 ], [ 74.419437786716088, 21.897849470523671 ], [ 74.418507941105901, 21.899426145755825 ], [ 74.382680124604832, 21.892124687038521 ], [ 74.352096938385486, 21.858542615739765 ], [ 74.293386030218727, 21.821251524547939 ], [ 74.192533013455744, 21.774178407076661 ], [ 74.146499742209755, 21.769166656527229 ], [ 74.09125846496211, 21.804725991009747 ], [ 74.065446636925657, 21.838045050320389 ], [ 74.045801649119639, 21.904858105047868 ], [ 74.06201093542299, 21.971876511171249 ], [ 74.09131164324495, 21.998333374661144 ], [ 74.109020569295325, 22.035478429606954 ], [ 74.101156123081125, 22.062922458384197 ], [ 74.090455670895892, 22.132177821772903 ], [ 74.091523626955833, 22.165645740834048 ], [ 74.149034870512068, 22.203003519820534 ], [ 74.193863051904955, 22.218767751125522 ], [ 74.212848449788567, 22.26666405493285 ], [ 74.199716613416967, 22.317988074877423 ], [ 74.186630093222433, 22.359750218311795 ], [ 74.154424263653624, 22.373925870820109 ], [ 74.042607622745578, 22.37808309464679 ], [ 74.017951392970659, 22.41259081774059 ], [ 74.022807782153222, 22.453250692258123 ], [ 74.063625219252316, 22.501293356395763 ], [ 74.191747672760769, 22.511467731330306 ], [ 74.253320176416565, 22.542358261612581 ], [ 74.325616944267423, 22.590144849212894 ], [ 74.343608746646865, 22.602026967323603 ], [ 74.384522383581626, 22.663376009122238 ], [ 74.404959643266992, 22.701694951251682 ], [ 74.3985264504919, 22.759033112767629 ], [ 74.373594574258249, 22.801002488407576 ], [ 74.326021231046425, 22.829489033052756 ], [ 74.303214832108353, 22.852335180403536 ], [ 74.305063874884013, 22.894407596713535 ], [ 74.333675297828862, 22.971456204786165 ], [ 74.364013963648645, 22.969190800399268 ], [ 74.413035661798205, 22.973562399931232 ], [ 74.477460970134729, 23.000675778680463 ], [ 74.55286520596789, 23.034367270001137 ], [ 74.596626391341232, 23.081090784204275 ], [ 74.607520190355217, 23.110396171920602 ], [ 74.607665234278798, 23.115498374390832 ], [ 74.608692517372418, 23.151627030758856 ], [ 74.60085370107538, 23.180287537834239 ], [ 74.586609665167714, 23.188615800862173 ], [ 74.556181071657733, 23.204067910840642 ], [ 74.527605077122786, 23.242224385131756 ], [ 74.517807547010577, 23.269679256280586 ], [ 74.518336047940466, 23.302542817548176 ], [ 74.549295280638518, 23.329521879701471 ], [ 74.584144269156837, 23.35829773634552 ], [ 74.624225377702516, 23.373336331671258 ], [ 74.655893066055796, 23.39133388082319 ], [ 74.66813541667284, 23.414064912211167 ], [ 74.6978436375191, 23.446389526904877 ], [ 74.720457494308107, 23.470928609391422 ], [ 74.754760449392933, 23.484728504421202 ], [ 74.807855432702965, 23.500337639928823 ], [ 74.823937135672608, 23.507907181429744 ], [ 74.844762710178628, 23.517705875933391 ], [ 74.860287362033887, 23.542217446065344 ], [ 74.86099118189189, 23.566608878384546 ], [ 74.916253410875939, 23.57721507462961 ], [ 74.978477896525135, 23.612487513247252 ], [ 75.030355267849387, 23.633995264919644 ], [ 75.0751021693453, 23.633382577792172 ], [ 75.125024162580317, 23.619608397152728 ], [ 75.175568101968594, 23.593867898028371 ], [ 75.206038670041195, 23.593830468308884 ], [ 75.226281073667991, 23.602644962912738 ], [ 75.226318003992205, 23.624154051302252 ], [ 75.218591272737029, 23.657145708915749 ], [ 75.195292050180612, 23.691591217676709 ], [ 75.195343280450558, 23.726005404422992 ], [ 75.196383797307973, 23.729814881004678 ], [ 75.20787616228985, 23.771874474757944 ], [ 75.218873791151864, 23.826347821346168 ], [ 75.220505252591977, 23.869362490810389 ], [ 75.268926778164797, 23.910868294504365 ], [ 75.297044090396824, 23.929456994715316 ], [ 75.345401683604749, 23.929355913798226 ], [ 75.440381175068666, 23.87749383577107 ], [ 75.467217362461298, 23.86529811019771 ], [ 75.45997294363346, 23.85331491877038 ], [ 75.463967011450521, 23.807418832792532 ], [ 75.473709199992939, 23.777611059179076 ], [ 75.478351459878056, 23.763402437126906 ], [ 75.490689335914794, 23.729906306653916 ], [ 75.503116351782779, 23.721263024727492 ], [ 75.526973390334462, 23.715448033301971 ], [ 75.565374914131482, 23.712444703188925 ], [ 75.6037920623898, 23.713255481282918 ], [ 75.621172203082267, 23.716796687974526 ], [ 75.633348557021733, 23.679625163427577 ], [ 75.682825804979544, 23.613456712281447 ], [ 75.729364968753046, 23.587435289051292 ], [ 75.755771577932549, 23.580139715459779 ], [ 75.769638750873156, 23.557129728224513 ], [ 75.791399824143696, 23.519857807899488 ], [ 76.253672597526304, 23.761019967866329 ], [ 76.252815116428735, 23.769412831316124 ], [ 76.250054476881033, 23.79642571284953 ], [ 76.193771094368969, 23.860671052759585 ], [ 76.147481292538259, 23.91478688761055 ], [ 76.132368277684805, 23.970096415300304 ], [ 76.140693266988009, 24.029532778687432 ], [ 76.122262115012759, 24.064077364656384 ], [ 76.087320664909655, 24.0865518684911 ], [ 76.06185622233599, 24.123290020318656 ], [ 76.033546935930389, 24.196602531762561 ], [ 76.009524779118834, 24.222569999605671 ], [ 75.985283211153657, 24.221295100430108 ], [ 75.959414306369993, 24.21142436643947 ], [ 75.927136458832393, 24.179365639482029 ], [ 75.925977838320946, 24.127041736435316 ], [ 75.919222873972771, 24.05611253492604 ], [ 75.903309322386121, 24.013194715923458 ], [ 75.87562250882695, 23.986034962966766 ], [ 75.874570197821811, 23.994897001236829 ], [ 75.839309082212097, 24.012299338759373 ], [ 75.816610855440501, 24.043009166431169 ], [ 75.810516264585786, 24.066937746583235 ], [ 75.796137503473702, 24.098556183455141 ], [ 75.776492528982303, 24.121597555806837 ], [ 75.789341713231948, 24.178882068729401 ], [ 75.811572050365584, 24.234203455924046 ], [ 75.875683520980758, 24.311268777505362 ], [ 75.920688084613687, 24.332985902287749 ], [ 75.969887976787334, 24.355618259885144 ], [ 76.009524314531816, 24.354403794194504 ], [ 76.051135461824913, 24.339784546393815 ], [ 76.084254632573348, 24.308967000290174 ], [ 76.108644110159503, 24.235196937323018 ], [ 76.136470591034566, 24.199628348891697 ], [ 76.191284543642837, 24.155244741629602 ], [ 76.222412888743534, 24.142573705526864 ], [ 76.273395724843994, 24.137378157550401 ], [ 76.304210295623577, 24.140463321138707 ], [ 76.352629770712852, 24.14529815627882 ], [ 76.470645135807928, 24.173832884505838 ], [ 76.543716029345291, 24.1864898917561 ], [ 76.588459446246389, 24.182207531130878 ], [ 76.624528117629595, 24.151246876722659 ], [ 76.640774664442588, 24.118581280643514 ], [ 76.650793134841294, 24.087892842507518 ], [ 76.676094555491034, 24.04875788893024 ], [ 76.676303771727248, 24.048434173324072 ], [ 76.70943413607219, 24.035644583930189 ], [ 76.739591216179619, 24.034349318681524 ], [ 76.766822479271326, 24.047416046412597 ], [ 76.795325638252464, 24.076707844397479 ], [ 76.795293751577276, 24.079811882429887 ], [ 76.933574260461057, 24.088009375333755 ], [ 76.990360299854174, 24.075097601966984 ], [ 77.039081535793201, 24.046507161005938 ], [ 77.060229477525951, 24.002509809737649 ], [ 77.078348885229744, 23.965000768492612 ], [ 77.082762104370715, 23.948458580448236 ], [ 77.092705652160291, 23.933865549181572 ], [ 77.12464115992303, 23.8869725077579 ], [ 77.186288125996754, 23.845262491591743 ], [ 77.227757435909155, 23.81579869164284 ], [ 77.246051674258567, 23.7926025428347 ], [ 77.300246542427544, 23.774606342052962 ], [ 77.355775193363627, 23.745106818320536 ], [ 77.406425452792092, 23.705633295589042 ], [ 77.423037536919381, 23.678145782928958 ], [ 77.422060874001048, 23.625137519802365 ], [ 77.358555053706311, 23.553027067318862 ], [ 77.356617696037461, 23.531559468131405 ], [ 77.357482508035517, 23.492851687420735 ], [ 77.377291634617393, 23.471053685560722 ], [ 77.391192548504094, 23.466541678185443 ], [ 77.441022413200542, 23.472934732519484 ], [ 77.511507683769793, 23.503341358735625 ], [ 77.525542731800286, 23.505980338753989 ], [ 77.578245541789855, 23.499384477450452 ], [ 77.610665880542811, 23.488813590539717 ], [ 77.666633540737564, 23.490731213866756 ], [ 77.714894358313217, 23.495628834757255 ], [ 77.728281896293637, 23.466737670405518 ], [ 77.782826565321059, 23.401296391819717 ], [ 77.809943399195006, 23.362125150956057 ], [ 77.844011633911748, 23.358643707349334 ], [ 77.883443654134027, 23.388009242793672 ], [ 77.873387035026809, 23.425445926027489 ], [ 77.869442782309136, 23.458471638341429 ], [ 77.897855076219045, 23.479436783173536 ], [ 77.941327180198499, 23.478621989259878 ], [ 77.964807238533865, 23.486772794503874 ], [ 77.971692594804395, 23.516727148129306 ], [ 77.958645561063364, 23.558522783187229 ], [ 77.959223603778256, 23.58429945545797 ], [ 77.971911814105965, 23.595518147316923 ], [ 77.982853662151371, 23.598173457832967 ], [ 78.020195402058121, 23.599600001071138 ], [ 78.050956975182601, 23.585388796847699 ], [ 78.082872944422675, 23.587623264454361 ], [ 78.139500798613383, 23.615853999283317 ], [ 78.181889584627726, 23.665125220845347 ], [ 78.218143845981857, 23.708406401114775 ], [ 78.219659242180271, 23.707878157698463 ], [ 78.24296090368945, 23.70918157429622 ], [ 78.283373102227529, 23.707851070795577 ], [ 78.307333007944564, 23.691584940831344 ], [ 78.319695609389981, 23.667925897277232 ], [ 78.316250225929096, 23.63410188178219 ], [ 78.315504874328255, 23.604516777852815 ], [ 78.339682700068579, 23.577261999615235 ], [ 78.367607698068582, 23.555174757010949 ], [ 78.396852571460485, 23.544512358911764 ], [ 78.42281582201133, 23.547284457672436 ], [ 78.46216837961002, 23.566940304036166 ], [ 78.517264770316615, 23.593866809848134 ], [ 78.543378791980473, 23.601865001780372 ], [ 78.571229873292737, 23.59740737456324 ], [ 78.598143998846965, 23.577691742713981 ], [ 78.613069612139299, 23.555387547338942 ], [ 78.620190733761675, 23.53183235197146 ], [ 78.600824683679164, 23.505073713710996 ], [ 78.571663625156489, 23.498585658255898 ], [ 78.547313397619533, 23.497710593338972 ], [ 78.537798378771768, 23.490289361365285 ], [ 78.537704079003277, 23.46737793687543 ], [ 78.542921224654876, 23.449596856875107 ], [ 78.556837107256612, 23.428276025739542 ], [ 78.547902621065404, 23.403656561326418 ], [ 78.525523404847448, 23.398435160486478 ], [ 78.498466084724257, 23.411933168485682 ], [ 78.474242990540105, 23.415338682110786 ], [ 78.46303795963324, 23.402220710578494 ], [ 78.462317835008577, 23.374547723919637 ], [ 78.469093854942159, 23.356733832465935 ], [ 78.498969293334369, 23.332676193851682 ], [ 78.547632185006492, 23.315827187337227 ], [ 78.587419867799696, 23.31539777613418 ], [ 78.605202556974703, 23.304010223213435 ], [ 78.616694816013123, 23.270331081906537 ], [ 78.604012768171856, 23.22145601097326 ], [ 78.619385426608716, 23.178618534558055 ], [ 78.641095142582756, 23.160455736255969 ], [ 78.664489252778708, 23.14750196562257 ], [ 78.674324653420797, 23.129611503785345 ], [ 78.670502494107069, 23.102970084949998 ], [ 78.649887366945109, 23.06573891142131 ], [ 78.59999395779613, 23.032514941261454 ], [ 78.535514526688317, 23.012488546366573 ], [ 78.482081869394349, 23.000306911697741 ], [ 78.442959187860041, 23.00307287607226 ], [ 78.39804384859687, 23.001179491109813 ], [ 78.355469181729759, 22.989674583474081 ], [ 78.327097617738076, 22.968310470211208 ], [ 78.268468263091577, 22.910323743747842 ], [ 78.216093778810361, 22.875103847862288 ], [ 78.178945451249419, 22.851020760612315 ], [ 78.12045509372129, 22.83928584339986 ], [ 78.08396637209286, 22.843340124342433 ], [ 78.042536617951427, 22.857031905321961 ], [ 78.002632316341106, 22.870207193855141 ], [ 77.982499500275424, 22.868675953849856 ], [ 77.924982410383478, 22.830104612551217 ], [ 77.875390685778584, 22.799486065817092 ], [ 77.852178188891898, 22.797992796485385 ], [ 77.832164104497664, 22.801693119667224 ], [ 77.806330884375356, 22.823165872836125 ], [ 77.77389901038201, 22.850004223703205 ], [ 77.75139436843628, 22.85851497777173 ], [ 77.718258195239173, 22.850964737672825 ], [ 77.663587490172105, 22.79600239473643 ], [ 77.643601996380568, 22.774839761698665 ], [ 77.607824634893831, 22.76253124047274 ], [ 77.56685049202035, 22.747431626638605 ], [ 77.553108551499321, 22.728543911605257 ], [ 77.507098940212003, 22.690577671885681 ], [ 77.482932386286393, 22.663724402632262 ], [ 77.434432414356181, 22.657303107164815 ], [ 77.378665360832258, 22.647152824217702 ], [ 77.346983343416639, 22.630420755639911 ], [ 77.324110896782742, 22.616898802477291 ], [ 77.287029005894382, 22.583987623615943 ], [ 77.239972524874318, 22.569361766077161 ], [ 77.21833180110454, 22.567273070693226 ], [ 77.183029983638207, 22.579701590304484 ], [ 77.140437553698632, 22.586964206158878 ], [ 77.112055599802872, 22.581606257022759 ], [ 77.065343145982467, 22.554499862624219 ], [ 77.028225996182684, 22.549238433771027 ], [ 77.002118690631377, 22.558166766667011 ], [ 76.981946533233867, 22.586609520862712 ], [ 76.939724236206146, 22.584735835533326 ], [ 76.93961442039128, 22.584611183532235 ], [ 76.91515309619912, 22.556837177254256 ], [ 76.889055581899086, 22.52942989411552 ], [ 76.860397400030166, 22.502047301435073 ], [ 76.81750479113181, 22.486289122551547 ], [ 76.767773861939986, 22.457691017030573 ], [ 76.725601122995087, 22.415136666681576 ], [ 76.713271130939049, 22.373690216825267 ], [ 76.68481420952358, 22.314727955977116 ], [ 76.667497424799791, 22.283842342969415 ], [ 76.641171036990897, 22.272162592822841 ], [ 76.608557236176893, 22.293995727263894 ], [ 76.570518780853334, 22.336904409106072 ], [ 76.519133455126365, 22.383276509849342 ], [ 76.467402668709695, 22.400004219249364 ], [ 76.445518155038258, 22.405163423801401 ], [ 76.429458676058104, 22.408947293930996 ], [ 76.391228602649065, 22.389684725008621 ], [ 76.368340283227027, 22.36168032788013 ], [ 76.353607036614846, 22.325956855658866 ], [ 76.320956242576969, 22.295636103120575 ], [ 76.282828088423699, 22.282558659988201 ], [ 76.253555529175316, 22.28278734050873 ], [ 76.225418053205473, 22.295429783585131 ], [ 76.184349145533091, 22.298124684344799 ], [ 76.13874369490965, 22.297706684671599 ], [ 76.125787389389586, 22.297585592673826 ], [ 76.073811133611684, 22.285031817129937 ], [ 76.045970046553961, 22.270873395293354 ], [ 76.003701759061769, 22.249151545879673 ], [ 75.993287284560267, 22.22866089610234 ], [ 75.998704667143102, 22.196122668337743 ], [ 76.01704184007292, 22.176410559189943 ], [ 76.012231366857662, 22.149671564068157 ], [ 76.006984630959863, 22.133451403877338 ], [ 76.003659256114091, 22.098576392193635 ], [ 76.009185972089142, 22.082289628857886 ], [ 76.02500909624716, 22.071674752962213 ], [ 76.046540896918373, 22.070582370868468 ], [ 76.082598633707704, 22.091380311580995 ], [ 76.11563030125221, 22.117448672497691 ], [ 76.141834582492422, 22.122525599028641 ], [ 76.159691614860208, 22.11044966965239 ], [ 76.171276361243073, 22.084554880081107 ], [ 76.175631051015628, 22.052975397153617 ], [ 76.167783058796132, 22.033911346074174 ], [ 76.130703527871162, 22.013139018576805 ], [ 76.099305571563818, 21.996622037055317 ], [ 76.067295024819913, 21.965762094678485 ], [ 76.041335097208062, 21.919560245417774 ], [ 76.002622736016662, 21.878211937289674 ], [ 75.976217522542314, 21.836303205900965 ], [ 75.977558658903746, 21.80761287582094 ], [ 75.984509624495374, 21.776020892550594 ], [ 76.015088484953097, 21.757670499494662 ], [ 76.063016462494957, 21.733945789755573 ], [ 76.113526330162543, 21.715448684971463 ], [ 76.11006508534436, 21.664322434779621 ], [ 76.096092140148571, 21.642425617256666 ], [ 76.074987698728194, 21.623441917755258 ], [ 76.018725399060415, 21.61997179292328 ], [ 75.962366904004014, 21.60166343747607 ], [ 75.939708837727366, 21.575977872054239 ], [ 75.927257428439361, 21.546886025647368 ], [ 75.928118350702547, 21.521544006154137 ], [ 75.94403737654531, 21.481297584046757 ], [ 76.01444377763238, 21.431711745857839 ], [ 75.997917258547844, 21.404083555712258 ], [ 75.961990139617811, 21.374653516009204 ], [ 75.900598279332982, 21.351090543780948 ], [ 75.860716246089709, 21.337913458423841 ], [ 75.823907694531854, 21.325667813716411 ], [ 75.775946158193577, 21.325895997947928 ], [ 75.688211929353201, 21.332015122339286 ], [ 75.635074250309387, 21.31596896652627 ], [ 75.574809124089086, 21.300886444268855 ], [ 75.521724455398953, 21.293409683919808 ], [ 75.477910471414603, 21.311707868403655 ], [ 75.429018793092823, 21.342438628614278 ], [ 75.378040320166576, 21.363597877461341 ], [ 75.324956559808712, 21.362752783622163 ], [ 75.252460001029789, 21.351402706224981 ], [ 75.224885796639356, 21.341879583199312 ], [ 75.18000696969311, 21.366795661085476 ], [ 75.150438831229764, 21.402205226461241 ], [ 75.117774070641559, 21.414662305223814 ], [ 75.095297736091865, 21.398420721884762 ], [ 75.05547565063209, 21.396526165863477 ], [ 75.031994667217432, 21.410875723956405 ], [ 75.026893655066132, 21.436694740878387 ], [ 75.035075024151155, 21.481635689358018 ], [ 75.020779120574062, 21.531361376154127 ], [ 74.979516388508003, 21.531122359081902 ], [ 74.962931173885835, 21.529721464951226 ], [ 74.961273386014895, 21.529581345398707 ], [ 74.837729303426556, 21.519092055391685 ], [ 74.761085184674883, 21.520195217061818 ], [ 74.694624343990895, 21.538015700001786 ], [ 74.6562986752743, 21.537941135337146 ], [ 74.58340875307843, 21.562875110800299 ], [ 74.546254291705026, 21.595049404474118 ] ], [ [ 74.546254291705026, 21.595049404474118 ], [ 75.761394918870621, 21.983024955761863 ], [ 75.155392148984689, 22.169520140249062 ], [ 75.124606262322359, 22.181020237943581 ], [ 75.105510911474184, 22.185479146460974 ], [ 75.043523426470031, 22.205311426244208 ], [ 75.032237317316088, 22.191460810332849 ], [ 75.013731216567933, 22.179155023473811 ], [ 74.995253203117429, 22.152383585861394 ], [ 74.995253414611057, 22.146073172814621 ], [ 74.546254291705026, 21.595049404474118 ] ], [ [ 75.761394918870621, 21.983024955761863 ], [ 75.789382094481184, 21.96051081674193 ], [ 75.85315458334351, 21.912387376235927 ], [ 75.886393776920428, 21.902650768672562 ], [ 75.901821269684461, 21.912127805073222 ], [ 75.917342676237837, 21.935943996257798 ], [ 75.920104417664049, 21.967001048220421 ], [ 75.892322039330381, 22.031689543704225 ], [ 75.856576176971984, 22.055782310479866 ], [ 75.820818064596907, 22.079867584906228 ], [ 75.777261328205569, 22.087251065756774 ], [ 75.764386781173584, 22.077750875446487 ], [ 75.75636301255058, 22.015642029358567 ], [ 75.761394918870621, 21.983024955761863 ] ], [ [ 74.95586371153388, 22.233357280858502 ], [ 74.695206644706701, 22.316751918928539 ], [ 74.680331562110737, 22.305727977001531 ], [ 74.664933707469629, 22.299482169671414 ], [ 74.647986532683149, 22.297056008800059 ], [ 74.624874138429192, 22.29509200587276 ], [ 74.605362411216959, 22.291699348479515 ], [ 74.597151422156259, 22.28881084844917 ], [ 74.583308728438325, 22.279692869689363 ], [ 74.572581508230968, 22.260064739529422 ], [ 74.57159651554602, 22.246198528593595 ], [ 74.572165193776868, 22.228033870812496 ], [ 74.574759912714171, 22.218957579225524 ], [ 74.583003110904713, 22.209417740835722 ], [ 74.600489829204065, 22.198466219599478 ], [ 74.612320754248273, 22.189889717623807 ], [ 74.624185829876438, 22.167926657202894 ], [ 74.626754812199124, 22.159797035212392 ], [ 74.635052863978984, 22.133530711471021 ], [ 74.645370433033222, 22.111562399278686 ], [ 74.665935160196639, 22.093439153541368 ], [ 74.703400037137172, 22.085384232394471 ], [ 74.714171169729468, 22.085881487268303 ], [ 74.728522147190887, 22.092120869407307 ], [ 74.739794613706351, 22.099310266811607 ], [ 74.750017720952911, 22.120361325107343 ], [ 74.756668131139449, 22.131845042811516 ], [ 74.795640314993634, 22.149587066652398 ], [ 74.833609868598288, 22.155367050955864 ], [ 74.843873109100898, 22.156333337961545 ], [ 74.861111826973257, 22.157644032494289 ], [ 74.875690574601947, 22.15875104354696 ], [ 74.893137439212552, 22.162587970847088 ], [ 74.904425860413923, 22.166897608754869 ], [ 74.922384119274327, 22.177424682769807 ], [ 74.933670358341942, 22.190815604044026 ], [ 74.93777438175205, 22.197032115669874 ], [ 74.950087941288203, 22.217593275390282 ], [ 74.95586371153388, 22.233357280858502 ] ], [ [ 74.695206644706701, 22.316751918928539 ], [ 74.778718569096782, 22.47097176339064 ], [ 74.777684559266177, 22.470341457746063 ], [ 74.760719542651799, 22.46505863559663 ], [ 74.712896365417578, 22.4597220791646 ], [ 74.677926259125741, 22.453606450287651 ], [ 74.668682814715567, 22.451988588066683 ], [ 74.651729070755607, 22.444782182040235 ], [ 74.643525254549672, 22.435203320900474 ], [ 74.636395746888283, 22.408416707980756 ], [ 74.652900164783787, 22.387418766326263 ], [ 74.679685736372235, 22.363571383037215 ], [ 74.69000529744055, 22.345425404831754 ], [ 74.695206644706701, 22.316751918928539 ] ], [ [ 76.259497388112905, 23.697587291310011 ], [ 76.071061907226152, 23.466334214254431 ], [ 76.100036092543192, 23.449043062300095 ], [ 76.150473612332519, 23.351181588010459 ], [ 76.157740625274201, 23.293775947619519 ], [ 76.121777262115614, 23.262493226681645 ], [ 76.059444749789151, 23.229947730797846 ], [ 76.037337131740003, 23.179910022393912 ], [ 76.049319659815282, 23.125343640534997 ], [ 76.078430470828479, 23.082131267966272 ], [ 76.096234247094685, 23.059422914552389 ], [ 76.12137103820325, 23.027345513968339 ], [ 76.127055379396595, 22.965648753162018 ], [ 76.137211520967185, 22.883845184702913 ], [ 76.139458407535272, 22.782022680314846 ], [ 76.171740637547359, 22.642112185207576 ], [ 76.172267029427175, 22.639828643253733 ], [ 76.201167238035538, 22.587994021702698 ], [ 76.293421870989661, 22.545695047896434 ], [ 76.38143090811262, 22.547830955502441 ], [ 76.444319662569256, 22.588436989313717 ], [ 76.484611652371626, 22.626065064148008 ], [ 76.496323548175894, 22.70911525466558 ], [ 76.4849998191266, 22.732062403955151 ], [ 76.460771829116254, 22.781132900940229 ], [ 76.433737681124086, 22.857368432200236 ], [ 76.411036990548581, 22.906319813498431 ], [ 76.397815725814766, 22.975257854847687 ], [ 76.406143965404766, 23.031817705936888 ], [ 76.42819211980769, 23.066030015969488 ], [ 76.481989111855157, 23.097076310091495 ], [ 76.553172899482121, 23.087789856559603 ], [ 76.625266062418902, 23.090648332157535 ], [ 76.693333767062043, 23.081331254458679 ], [ 76.756733314560762, 23.071320443521245 ], [ 76.805091094567629, 23.095862410683107 ], [ 76.834918800683852, 23.124189075325457 ], [ 76.854713730888534, 23.15477804868765 ], [ 76.865127103081349, 23.23493107389093 ], [ 76.906419546462658, 23.302524969721425 ], [ 76.97397686020058, 23.358308649840016 ], [ 77.025339782803727, 23.417853919686962 ], [ 77.055099520006422, 23.484115677113685 ], [ 77.053288314399666, 23.480085195923447 ], [ 77.052348284828398, 23.495443484952951 ], [ 77.051205159688706, 23.521975315592258 ], [ 77.034330279038315, 23.536530282908704 ], [ 77.032451954347678, 23.537134964746393 ], [ 77.00880397206133, 23.544745506659194 ], [ 76.959775349117621, 23.541070938514331 ], [ 76.919918707210925, 23.526517206130485 ], [ 76.89657346498133, 23.524653350881408 ], [ 76.852476490553855, 23.539519040167534 ], [ 76.810966151794901, 23.573694415060363 ], [ 76.787288837689289, 23.568389569170979 ], [ 76.780547992362756, 23.566878548859911 ], [ 76.735856689088422, 23.538713932779761 ], [ 76.700850472570323, 23.536950329743576 ], [ 76.689520761151869, 23.562877414612664 ], [ 76.666848841869324, 23.614729620508033 ], [ 76.632715499270404, 23.622260264036633 ], [ 76.627269122448041, 23.621263401882189 ], [ 76.543839480250696, 23.605966995244884 ], [ 76.51425951093016, 23.604107950414431 ], [ 76.485627454065636, 23.6172871866817 ], [ 76.44735490074946, 23.603312499882669 ], [ 76.423804626906332, 23.583459153332186 ], [ 76.390273775889881, 23.57516084665609 ], [ 76.323510992030847, 23.587213380966013 ], [ 76.278687238432909, 23.616979850014317 ], [ 76.262770323071095, 23.660838272697738 ], [ 76.259497388112905, 23.697587291310011 ] ], [ [ 75.918652534435779, 23.279293343479861 ], [ 75.647692278510533, 22.946763648713222 ], [ 75.67375369444018, 22.942097197588783 ], [ 75.70059565047849, 22.942936968697921 ], [ 75.727478686252994, 22.951419956026871 ], [ 75.74921917910693, 22.962790651021706 ], [ 75.771935951895941, 22.963637686834062 ], [ 75.802631202979484, 22.946078469179465 ], [ 75.854225676614831, 22.943419162268306 ], [ 75.889037596927395, 22.939643067580526 ], [ 75.881352368350349, 22.940477366894552 ], [ 75.891870340191971, 22.953867098817213 ], [ 75.922486475322501, 23.01606819413928 ], [ 75.9391539775078, 23.074043942914791 ], [ 75.939132323582726, 23.075973967325847 ], [ 75.938197109159645, 23.159367126812654 ], [ 75.918852021797662, 23.278494418860188 ], [ 75.918652534435779, 23.279293343479861 ] ], [ [ 75.141813521378339, 22.32593566741507 ], [ 75.123004882890797, 22.302853201708491 ], [ 75.126788774595212, 22.302646949731344 ], [ 75.137591611350061, 22.316979979202618 ], [ 75.140145723208832, 22.32239812514878 ], [ 75.141813521378339, 22.32593566741507 ] ], [ [ 74.798572209744833, 22.507635094946114 ], [ 74.922462936093666, 22.73642168664971 ], [ 74.912803507786464, 22.724312778113553 ], [ 74.865954721754235, 22.678388728917298 ], [ 74.852065924871695, 22.659732956611627 ], [ 74.837664188068359, 22.64250955811567 ], [ 74.806307785586839, 22.600407081456513 ], [ 74.801700163474777, 22.582235810973202 ], [ 74.800392137843033, 22.553733256671684 ], [ 74.799703870163242, 22.538731229486238 ], [ 74.80024117689041, 22.522956350293523 ], [ 74.798572209744833, 22.507635094946114 ] ], [ [ 75.025499971187287, 22.929107288864998 ], [ 75.023212970285783, 22.930765786962397 ], [ 75.008660878424024, 22.941316309864959 ], [ 75.025499971187287, 22.929107288864998 ] ], [ [ 74.951506342785535, 23.010308863161278 ], [ 74.951506205927942, 23.01030901271346 ], [ 74.938433027906143, 23.016354051409564 ], [ 74.951506342785535, 23.010308863161278 ] ], [ [ 75.172910747873644, 23.197199476850145 ], [ 75.555899762543746, 23.397000251067421 ], [ 75.501125032739012, 23.434535090914792 ], [ 75.471487253351413, 23.454026109395897 ], [ 75.450730997089209, 23.467669552477712 ], [ 75.396392097178776, 23.487220387336428 ], [ 75.392501456173022, 23.488619273869315 ], [ 75.334162854641164, 23.473698713222173 ], [ 75.295263243085287, 23.457286629869287 ], [ 75.281221169090912, 23.432218104197965 ], [ 75.281183272438568, 23.414293502731148 ], [ 75.272606385221962, 23.399251941762948 ], [ 75.251617160238027, 23.39140024169021 ], [ 75.232217607729979, 23.402902114869679 ], [ 75.192613771240246, 23.413710809300362 ], [ 75.173923787331219, 23.380034067502507 ], [ 75.171519899053891, 23.32267695354864 ], [ 75.174312803278056, 23.290826221483925 ], [ 75.17610931573617, 23.27033071713203 ], [ 75.165982079798837, 23.239510491701445 ], [ 75.172910747873644, 23.197199476850145 ] ] ], [ [ [ 75.105510911474184, 22.185479146460974 ], [ 75.155392148984689, 22.169520140249062 ], [ 75.177966225063443, 22.161847957747252 ], [ 75.188218260461298, 22.152275063602222 ], [ 75.206643335852078, 22.117831719585279 ], [ 75.208524894877698, 22.112065790900406 ], [ 75.206618265962362, 22.100621175498265 ], [ 75.18808135328527, 22.049011575540867 ], [ 75.182121878452932, 22.04346932585128 ], [ 75.169598972856718, 22.03182101800342 ], [ 75.136768932337006, 22.018465540015672 ], [ 75.085492207841895, 22.010851044479733 ], [ 75.052679757624091, 22.010864871430169 ], [ 75.014049769480451, 22.010872733021099 ], [ 75.013715684366957, 22.018522030158334 ], [ 74.995253908111366, 22.131348423068989 ], [ 74.995253414611057, 22.146073172814621 ], [ 75.032237317316088, 22.191460810332849 ], [ 75.041203961006104, 22.197423255236394 ], [ 75.083547189227659, 22.19060784134474 ], [ 75.105510911474184, 22.185479146460974 ] ] ] ] } },
{ "type": "Feature", "properties": { "state_name": "Central Province and Berar", "id": 9 }, "geometry": { "type": "MultiPolygon", "coordinates": [ [ [ [ 79.177645627242057, 19.663680873427463 ], [ 79.155909423728829, 19.641278553116429 ], [ 79.130162067419604, 19.639009060556308 ], [ 79.075041127051975, 19.67033607080565 ], [ 79.009890896841981, 19.72478435234564 ], [ 78.972817227693326, 19.754249945741162 ], [ 78.956790423930727, 19.778948735129759 ], [ 78.937417558903292, 19.790832813953866 ], [ 78.914771870068321, 19.792762947627466 ], [ 78.887275565300982, 19.781907531841764 ], [ 78.852805259163461, 19.732531160962317 ], [ 78.828789639451955, 19.740207289713698 ], [ 78.81666152963723, 19.739034313942469 ], [ 78.800642998486694, 19.765154342558223 ], [ 78.77998134063526, 19.787075446726799 ], [ 78.768625552645986, 19.818823976424465 ], [ 78.737766003359525, 19.858144012011291 ], [ 78.701652309413703, 19.867492326701193 ], [ 78.671388358300433, 19.868119298794671 ], [ 78.628690829395296, 19.854671376735382 ], [ 78.600677719408068, 19.820862248446254 ], [ 78.586643678698749, 19.802523512865221 ], [ 78.560703366093648, 19.793015765864418 ], [ 78.530575234048797, 19.799344124479013 ], [ 78.51462712277565, 19.831174217445291 ], [ 78.510623396793036, 19.855605908603248 ], [ 78.491419978287936, 19.877471543864395 ], [ 78.476533904529475, 19.889223494766153 ], [ 78.469027563770638, 19.892235217497582 ], [ 78.447834228701183, 19.892647466190361 ], [ 78.443408164383342, 19.886405963587372 ], [ 78.430548956061614, 19.875313007657883 ], [ 78.427228515452896, 19.867617015368239 ], [ 78.423985366665846, 19.863500970869737 ], [ 78.415104897286795, 19.861283847096086 ], [ 78.398707592419072, 19.861597633182505 ], [ 78.392604142562448, 19.871265062457567 ], [ 78.379133602949807, 19.890623570277349 ], [ 78.364474016304882, 19.913585659945888 ], [ 78.353281462922268, 19.921557695871279 ], [ 78.34896553611479, 19.926414790360013 ], [ 78.317429395467045, 19.92760377888095 ], [ 78.304759916589887, 19.925452138810567 ], [ 78.292140118794322, 19.925686559522326 ], [ 78.284494112302099, 19.922246232061742 ], [ 78.271095875960498, 19.915329599527098 ], [ 78.258948357181765, 19.907791872848552 ], [ 78.240892608406838, 19.889017827143654 ], [ 78.229755964744868, 19.868921948040583 ], [ 78.218658554136965, 19.850615349074605 ], [ 78.20773183533845, 19.840663011754362 ], [ 78.19312983773581, 19.836148984233549 ], [ 78.179884998751945, 19.836385760713501 ], [ 78.155511192836713, 19.848162847815811 ], [ 78.146809876293077, 19.85488432517673 ], [ 78.12427610022543, 19.86423694600775 ], [ 78.111705530911934, 19.866845355049776 ], [ 78.095279503108927, 19.865937555960844 ], [ 78.079999869725853, 19.859037572912147 ], [ 78.065054108134561, 19.836606069966248 ], [ 78.059699037047935, 19.820576593361899 ], [ 78.05546973149923, 19.797362406982796 ], [ 78.052617004610696, 19.780095400359052 ], [ 78.052469099548489, 19.772335663099561 ], [ 78.048481455487831, 19.761655928251226 ], [ 78.028710353848567, 19.750049712519939 ], [ 78.01289261291052, 19.747331203103744 ], [ 77.993270175846845, 19.743480657594517 ], [ 77.98433272309191, 19.737658634965918 ], [ 77.980361681185187, 19.727573581248333 ], [ 77.981124131155653, 19.700690012319402 ], [ 77.989118287556735, 19.68980860787179 ], [ 78.007735590210501, 19.673972259287591 ], [ 78.023940750909887, 19.66414614902515 ], [ 78.04394681927208, 19.655448639847354 ], [ 78.060868245919806, 19.650384305758038 ], [ 78.116069152556605, 19.636896824808034 ], [ 78.149865481516528, 19.624963655862178 ], [ 78.162369904103954, 19.619967775725186 ], [ 78.192426420214133, 19.610481244610412 ], [ 78.21237873669412, 19.599976607754666 ], [ 78.247879214326645, 19.579638063186035 ], [ 78.265910558772106, 19.567968940562853 ], [ 78.283188724935101, 19.550341995088758 ], [ 78.287970857459655, 19.53771786071929 ], [ 78.288322234617013, 19.523980401851293 ], [ 78.283590541834641, 19.507947340278776 ], [ 78.272663029026077, 19.496802323924779 ], [ 78.25937530544789, 19.493460213426115 ], [ 78.236113835094159, 19.495071990752095 ], [ 78.214928342195762, 19.506196529556423 ], [ 78.203704976603177, 19.511769176066359 ], [ 78.186104239175521, 19.5132744352135 ], [ 78.165030161483784, 19.498121195974694 ], [ 78.160334477157477, 19.483276745588032 ], [ 78.161805295578333, 19.461756774841529 ], [ 78.178260015432386, 19.434004152249056 ], [ 78.191914327877171, 19.424211488132975 ], [ 78.196526684883167, 19.402636466712877 ], [ 78.192985474232117, 19.382398980385439 ], [ 78.187686693647322, 19.368759714079449 ], [ 78.179931497950705, 19.358148416728728 ], [ 78.17285237506772, 19.349913124892243 ], [ 78.162024212543628, 19.342936752988507 ], [ 78.146864110382211, 19.339616981523086 ], [ 78.126113486248201, 19.339974432892244 ], [ 78.10241526472096, 19.346364774485462 ], [ 78.102610177651499, 19.356665209021109 ], [ 78.098910415488348, 19.373924632241224 ], [ 78.071629404049844, 19.422156117268575 ], [ 78.058055063480595, 19.450091362687445 ], [ 78.038523574019351, 19.482903119932004 ], [ 78.017764763305081, 19.504269306683597 ], [ 78.008841212723553, 19.512061278778372 ], [ 77.992883061557336, 19.520924980426038 ], [ 77.95865021385238, 19.522444248152546 ], [ 77.939354198562896, 19.51416014592829 ], [ 77.92588038036213, 19.493358603078335 ], [ 77.91836736808672, 19.467682296330448 ], [ 77.910601743012961, 19.427677240528197 ], [ 77.906064706114236, 19.399085497898085 ], [ 77.903746210868462, 19.381923830204212 ], [ 77.896480568278619, 19.369618356463146 ], [ 77.884217573153364, 19.359302735446224 ], [ 77.874069336429031, 19.354685776419132 ], [ 77.841995717976047, 19.362833704236476 ], [ 77.807225997460449, 19.390128937535145 ], [ 77.793523718331741, 19.413273461772512 ], [ 77.784934414025741, 19.44111667977943 ], [ 77.78547299811737, 19.472641804895421 ], [ 77.786970934187536, 19.501285380198766 ], [ 77.770235695458368, 19.524476008034156 ], [ 77.759298547086516, 19.533243491621064 ], [ 77.748441107891182, 19.546787085631369 ], [ 77.740653812555635, 19.563150316074282 ], [ 77.730865357208643, 19.580499264235531 ], [ 77.717155078296614, 19.604596202243702 ], [ 77.710178384583614, 19.609479311274139 ], [ 77.692095322334978, 19.613573054116451 ], [ 77.671805162294021, 19.606230463632844 ], [ 77.619970402700147, 19.581189699199779 ], [ 77.586551998562769, 19.572115661163437 ], [ 77.568528875904946, 19.580018728103731 ], [ 77.548683175232298, 19.60036991246999 ], [ 77.54102293422406, 19.626281854026924 ], [ 77.538358349389284, 19.649256081874469 ], [ 77.529791400468397, 19.681870490663911 ], [ 77.516221848674292, 19.717422123398464 ], [ 77.498179024501127, 19.725320205924977 ], [ 77.488281066182168, 19.737882216061248 ], [ 77.451761181065834, 19.791906871135158 ], [ 77.44514753888329, 19.821625145765154 ], [ 77.442469180437001, 19.844599333090784 ], [ 77.438721988301509, 19.863765227852603 ], [ 77.431050531648992, 19.890630586348689 ], [ 77.422104723052357, 19.900309945555566 ], [ 77.401990811018166, 19.906463819647644 ], [ 77.395954383028922, 19.908310150976781 ], [ 77.379789962687596, 19.908527251829963 ], [ 77.351402842404525, 19.902214551783178 ], [ 77.318990432593964, 19.896905416809094 ], [ 77.296764662950309, 19.897193777860075 ], [ 77.282703036792043, 19.903109632873786 ], [ 77.275685465133236, 19.90702281692802 ], [ 77.230688413883598, 19.941047158370743 ], [ 77.20636749579711, 19.936571815275176 ], [ 77.197113602582007, 19.925216352709537 ], [ 77.18677177303411, 19.908138537579397 ], [ 77.180604469094092, 19.900567402806168 ], [ 77.165357774177622, 19.894062597468519 ], [ 77.154231034305155, 19.893241795955589 ], [ 77.144166172703578, 19.896231007249558 ], [ 77.125173245442198, 19.911753087875198 ], [ 77.108147026257569, 19.923426512716354 ], [ 77.074099330382339, 19.947724859713066 ], [ 77.05484560040054, 19.944125102800555 ], [ 77.048707205829729, 19.938460524215582 ], [ 77.036309285428004, 19.917572744813526 ], [ 77.009575443324707, 19.881551253061097 ], [ 76.97811147049822, 19.870432166926459 ], [ 76.952806617937611, 19.866887537997254 ], [ 76.915493771779254, 19.873028582987729 ], [ 76.886272061515385, 19.880032462753903 ], [ 76.853116649970104, 19.896632808511782 ], [ 76.8218767489942, 19.904603615321761 ], [ 76.787515274818645, 19.904952265972764 ], [ 76.763185547397271, 19.898502799443165 ], [ 76.742805733233411, 19.88340673762124 ], [ 76.738950574339839, 19.879042128946793 ], [ 76.73359654251297, 19.872980004238833 ], [ 76.720336627913866, 19.861635794023218 ], [ 76.710119843681198, 19.85121736597041 ], [ 76.665245615750067, 19.811486422092024 ], [ 76.639923937647708, 19.805028053184692 ], [ 76.614748758465566, 19.812906301180405 ], [ 76.587607396487527, 19.826535353187026 ], [ 76.56555978118449, 19.844896518676741 ], [ 76.53848218789102, 19.866167116520682 ], [ 76.506280632122184, 19.880784406984446 ], [ 76.485057238481161, 19.880962679679634 ], [ 76.468825200777616, 19.874404235969745 ], [ 76.456575588079403, 19.861118598292869 ], [ 76.449406331300096, 19.85065925541673 ], [ 76.439155140268312, 19.834487443719976 ], [ 76.415730197698863, 19.813638963767414 ], [ 76.402529866380249, 19.806093667996311 ], [ 76.338123599482813, 19.810031460798545 ], [ 76.322724278159157, 19.826282162360261 ], [ 76.300276991490904, 19.86158785591066 ], [ 76.278555169687252, 19.894017227320393 ], [ 76.230993389069226, 19.920170605242522 ], [ 76.205267139240519, 19.92751859894009 ], [ 76.191356995543543, 19.943390214466593 ], [ 76.206024884074566, 19.977356752614956 ], [ 76.228635000042487, 20.007322367621644 ], [ 76.235597409555965, 20.024485748187551 ], [ 76.232369155064802, 20.096941001596456 ], [ 76.24348929640999, 20.111206004426595 ], [ 76.282098511743712, 20.144276598367561 ], [ 76.31609493685967, 20.168766862014511 ], [ 76.327701744147745, 20.194137641531803 ], [ 76.319588570264003, 20.22288377024886 ], [ 76.287211491641628, 20.258263526087408 ], [ 76.236416677416898, 20.273330470353741 ], [ 76.189884560106492, 20.300545668972443 ], [ 76.164549947150348, 20.317927680856215 ], [ 76.155750192509231, 20.361373597774268 ], [ 76.154089217474237, 20.393656193098437 ], [ 76.135597327064275, 20.413140614818456 ], [ 76.089723344087105, 20.434231084427992 ], [ 76.063510938475702, 20.43941331203013 ], [ 76.050423454985079, 20.472840715534169 ], [ 76.036620130687069, 20.513801654578533 ], [ 76.007873499433174, 20.541223128734735 ], [ 75.965600050472446, 20.568407251323681 ], [ 75.965984105994778, 20.568574191281243 ], [ 75.967228434359626, 20.604903508613802 ], [ 75.973637825263296, 20.654590531264777 ], [ 75.966690138710433, 20.680447233667334 ], [ 75.998381025480342, 20.709908772786473 ], [ 76.055494240818334, 20.739209801717028 ], [ 76.066869102816923, 20.766868755582117 ], [ 76.077292658560339, 20.803138220179321 ], [ 76.072614779642791, 20.860537583170768 ], [ 76.058688790974244, 20.905564052969609 ], [ 76.075439957301867, 20.97143415632431 ], [ 76.065653968253216, 21.026952390428622 ], [ 76.100515891431016, 21.059239051930273 ], [ 76.177999105086343, 21.068280487802731 ], [ 76.282664239297475, 21.038839335699439 ], [ 76.340588813172815, 21.025007286261637 ], [ 76.383715590415321, 21.063860362174879 ], [ 76.388410311140348, 21.086952104681348 ], [ 76.390119697236841, 21.095357893303486 ], [ 76.380233507808512, 21.127944519168935 ], [ 76.350927830046317, 21.154950485279819 ], [ 76.286765003883403, 21.160230965718874 ], [ 76.232994480314304, 21.190270192594291 ], [ 76.18421577259376, 21.209741066513661 ], [ 76.136370123322365, 21.219630929657782 ], [ 76.120316086448369, 21.254158282748698 ], [ 76.122573295799413, 21.282826515525393 ], [ 76.137222047941236, 21.330533254020118 ], [ 76.156849370108077, 21.360994246703964 ], [ 76.168280669788217, 21.386729402693174 ], [ 76.167502819974501, 21.417329462133104 ], [ 76.157556860839222, 21.450861329589067 ], [ 76.13010915103709, 21.467302408174856 ], [ 76.056426878587999, 21.447705940424751 ], [ 76.01444377763238, 21.431711745857839 ], [ 75.94403737654531, 21.481297584046757 ], [ 75.928118350702547, 21.521544006154137 ], [ 75.927257428439361, 21.546886025647368 ], [ 75.939708837727366, 21.575977872054239 ], [ 75.962366904004014, 21.60166343747607 ], [ 76.018725399060415, 21.61997179292328 ], [ 76.074987698728194, 21.623441917755258 ], [ 76.096092140148571, 21.642425617256666 ], [ 76.11006508534436, 21.664322434779621 ], [ 76.113526330162543, 21.715448684971463 ], [ 76.063016462494957, 21.733945789755573 ], [ 76.015088484953097, 21.757670499494662 ], [ 75.984509624495374, 21.776020892550594 ], [ 75.977558658903746, 21.80761287582094 ], [ 75.976217522542314, 21.836303205900965 ], [ 76.002622736016662, 21.878211937289674 ], [ 76.041335097208062, 21.919560245417774 ], [ 76.067295024819913, 21.965762094678485 ], [ 76.099305571563818, 21.996622037055317 ], [ 76.130703527871162, 22.013139018576805 ], [ 76.167783058796132, 22.033911346074174 ], [ 76.175631051015628, 22.052975397153617 ], [ 76.171276361243073, 22.084554880081107 ], [ 76.159691614860208, 22.11044966965239 ], [ 76.141834582492422, 22.122525599028641 ], [ 76.11563030125221, 22.117448672497691 ], [ 76.082598633707704, 22.091380311580995 ], [ 76.046540896918373, 22.070582370868468 ], [ 76.02500909624716, 22.071674752962213 ], [ 76.009185972089142, 22.082289628857886 ], [ 76.003659256114091, 22.098576392193635 ], [ 76.006984630959863, 22.133451403877338 ], [ 76.012231366857662, 22.149671564068157 ], [ 76.01704184007292, 22.176410559189943 ], [ 75.998704667143102, 22.196122668337743 ], [ 75.993287284560267, 22.22866089610234 ], [ 76.003701759061769, 22.249151545879673 ], [ 76.045970046553961, 22.270873395293354 ], [ 76.073811133611684, 22.285031817129937 ], [ 76.125787389389586, 22.297585592673826 ], [ 76.184349145533091, 22.298124684344799 ], [ 76.225418053205473, 22.295429783585131 ], [ 76.253555529175316, 22.28278734050873 ], [ 76.282828088423699, 22.282558659988201 ], [ 76.320956242576969, 22.295636103120575 ], [ 76.353607036614846, 22.325956855658866 ], [ 76.368340283227027, 22.36168032788013 ], [ 76.391228602649065, 22.389684725008621 ], [ 76.429458676058104, 22.408947293930996 ], [ 76.467402668709695, 22.400004219249364 ], [ 76.519133455126365, 22.383276509849342 ], [ 76.570518780853334, 22.336904409106072 ], [ 76.608557236176893, 22.293995727263894 ], [ 76.641171036990897, 22.272162592822841 ], [ 76.667497424799791, 22.283842342969415 ], [ 76.68481420952358, 22.314727955977116 ], [ 76.713271130939049, 22.373690216825267 ], [ 76.725601122995087, 22.415136666681576 ], [ 76.767773861939986, 22.457691017030573 ], [ 76.81750479113181, 22.486289122551547 ], [ 76.860397400030166, 22.502047301435073 ], [ 76.889055581899086, 22.52942989411552 ], [ 76.91515309619912, 22.556837177254256 ], [ 76.939724236206146, 22.584735835533326 ], [ 76.981946533233867, 22.586609520862712 ], [ 77.002118690631377, 22.558166766667011 ], [ 77.028225996182684, 22.549238433771027 ], [ 77.065343145982467, 22.554499862624219 ], [ 77.112055599802872, 22.581606257022759 ], [ 77.140437553698632, 22.586964206158878 ], [ 77.183029983638207, 22.579701590304484 ], [ 77.21833180110454, 22.567273070693226 ], [ 77.239972524874318, 22.569361766077161 ], [ 77.287029005894382, 22.583987623615943 ], [ 77.324110896782742, 22.616898802477291 ], [ 77.346983343416639, 22.630420755639911 ], [ 77.378665360832258, 22.647152824217702 ], [ 77.434432414356181, 22.657303107164815 ], [ 77.482932386286393, 22.663724402632262 ], [ 77.507098940212003, 22.690577671885681 ], [ 77.553108551499321, 22.728543911605257 ], [ 77.56685049202035, 22.747431626638605 ], [ 77.607824634893831, 22.76253124047274 ], [ 77.643601996380568, 22.774839761698665 ], [ 77.663587490172105, 22.79600239473643 ], [ 77.718258195239173, 22.850964737672825 ], [ 77.75139436843628, 22.85851497777173 ], [ 77.77389901038201, 22.850004223703205 ], [ 77.806330884375356, 22.823165872836125 ], [ 77.832164104497664, 22.801693119667224 ], [ 77.852178188891898, 22.797992796485385 ], [ 77.875390685778584, 22.799486065817092 ], [ 77.924982410383478, 22.830104612551217 ], [ 77.982499500275424, 22.868675953849856 ], [ 78.002632316341106, 22.870207193855141 ], [ 78.042536617951427, 22.857031905321961 ], [ 78.08396637209286, 22.843340124342433 ], [ 78.12045509372129, 22.83928584339986 ], [ 78.178945451249419, 22.851020760612315 ], [ 78.216093778810361, 22.875103847862288 ], [ 78.268468263091577, 22.910323743747842 ], [ 78.327097617738076, 22.968310470211208 ], [ 78.355469181729759, 22.989674583474081 ], [ 78.39804384859687, 23.001179491109813 ], [ 78.442959187860041, 23.00307287607226 ], [ 78.469356693076108, 23.001207644174304 ], [ 78.482081869394349, 23.000306911697741 ], [ 78.535514526688317, 23.012488546366573 ], [ 78.59999395779613, 23.032514941261454 ], [ 78.649887366945109, 23.06573891142131 ], [ 78.670502494107069, 23.102970084949998 ], [ 78.674324653420797, 23.129611503785345 ], [ 78.666040803549336, 23.144680021016452 ], [ 78.664489252778708, 23.14750196562257 ], [ 78.641095142582756, 23.160455736255969 ], [ 78.619385426608716, 23.178618534558055 ], [ 78.604012768171856, 23.22145601097326 ], [ 78.616694816013123, 23.270331081906537 ], [ 78.605202556974703, 23.304010223213435 ], [ 78.587419867799696, 23.31539777613418 ], [ 78.547632185006492, 23.315827187337227 ], [ 78.498969293334369, 23.332676193851682 ], [ 78.469093854942159, 23.356733832465935 ], [ 78.462317835008577, 23.374547723919637 ], [ 78.46303795963324, 23.402220710578494 ], [ 78.474242990540105, 23.415338682110786 ], [ 78.498466084724257, 23.411933168485682 ], [ 78.525523404847448, 23.398435160486478 ], [ 78.547902621065404, 23.403656561326418 ], [ 78.556837107256612, 23.428276025739542 ], [ 78.542921224654876, 23.449596856875107 ], [ 78.537704079003277, 23.46737793687543 ], [ 78.537798378771768, 23.490289361365285 ], [ 78.547313397619533, 23.497710593338972 ], [ 78.571663625156489, 23.498585658255898 ], [ 78.600824683679164, 23.505073713710996 ], [ 78.620190733761675, 23.53183235197146 ], [ 78.613069612139299, 23.555387547338942 ], [ 78.598143998846965, 23.577691742713981 ], [ 78.571229873292737, 23.59740737456324 ], [ 78.543378791980473, 23.601865001780372 ], [ 78.517264770316615, 23.593866809848134 ], [ 78.46216837961002, 23.566940304036166 ], [ 78.42281582201133, 23.547284457672436 ], [ 78.396852571460485, 23.544512358911764 ], [ 78.367607698068582, 23.555174757010949 ], [ 78.339682700068579, 23.577261999615235 ], [ 78.315504874328255, 23.604516777852815 ], [ 78.316250225929096, 23.63410188178219 ], [ 78.319695609389981, 23.667925897277232 ], [ 78.307333007944564, 23.691584940831344 ], [ 78.283373102227529, 23.707851070795577 ], [ 78.24296090368945, 23.70918157429622 ], [ 78.219659242180271, 23.707878157698463 ], [ 78.20654815424156, 23.712447868248368 ], [ 78.200420738811374, 23.732270463425582 ], [ 78.193842340837136, 23.781466643303599 ], [ 78.201633249878299, 23.813534050273287 ], [ 78.22485186700024, 23.839548702411623 ], [ 78.254659976084369, 23.86398734936142 ], [ 78.271661812831397, 23.889766524183365 ], [ 78.279753056114103, 23.917166025159109 ], [ 78.267619592026762, 23.930315547194876 ], [ 78.241527976167575, 23.946266410587661 ], [ 78.216286989997286, 23.949662336055887 ], [ 78.203701213777933, 23.960668488625828 ], [ 78.193051042476469, 23.987031579797733 ], [ 78.189472357326594, 24.015753756528067 ], [ 78.182360212444607, 24.027718944506066 ], [ 78.15632139514247, 24.03112299753332 ], [ 78.078998642660011, 24.04236752767266 ], [ 78.062442702965484, 24.051294801725827 ], [ 78.045705949387028, 24.069177216933781 ], [ 78.032005971713573, 24.100248651661662 ], [ 78.043025802585916, 24.12080073924102 ], [ 78.056374725023758, 24.157062382867942 ], [ 78.066365934951847, 24.199477776578092 ], [ 78.063337345054563, 24.236066716934317 ], [ 78.069412657083589, 24.261370372752197 ], [ 78.096369463090937, 24.277654531147718 ], [ 78.125843023805999, 24.268814422092518 ], [ 78.16131801492763, 24.281687848498127 ], [ 78.169669748251181, 24.303357277231363 ], [ 78.162153604350081, 24.346843153452593 ], [ 78.161773913596107, 24.378721110277422 ], [ 78.172634343635579, 24.422180466835883 ], [ 78.172026738946954, 24.427066158014465 ], [ 78.230210885108193, 24.420306966041434 ], [ 78.29254424664208, 24.411204473767388 ], [ 78.319014644566138, 24.401674553924664 ], [ 78.367320725833352, 24.38031799380181 ], [ 78.3955236622201, 24.362979680111991 ], [ 78.42427309686073, 24.342044103715168 ], [ 78.432557726801321, 24.335292853588943 ], [ 78.445429456137177, 24.32963045008697 ], [ 78.494206701647741, 24.327320608871212 ], [ 78.513663842311743, 24.324484179646522 ], [ 78.535706091104117, 24.320988389120647 ], [ 78.575080514561975, 24.308728722138536 ], [ 78.587840992435801, 24.299477717167047 ], [ 78.595429094991246, 24.291541716642271 ], [ 78.61200465359569, 24.279215357661489 ], [ 78.635561144382066, 24.26075423271157 ], [ 78.651682912355596, 24.255594535304667 ], [ 78.691810642844374, 24.248062020156372 ], [ 78.703238177397182, 24.23823836309997 ], [ 78.713363711530974, 24.228445809994668 ], [ 78.728583868678854, 24.214948371432573 ], [ 78.745872774430964, 24.205574849195408 ], [ 78.756149806776151, 24.201145432623029 ], [ 78.794986310235302, 24.194812733269043 ], [ 78.808545045412103, 24.191491251834574 ], [ 78.834288936028855, 24.182493291956508 ], [ 78.864142665212427, 24.18054539946132 ], [ 78.871307960462616, 24.180959887348713 ], [ 78.890403979378618, 24.18882429655601 ], [ 78.897155696007914, 24.197002718560697 ], [ 78.905353540661039, 24.209915679670498 ], [ 78.913553174594455, 24.222827970165994 ], [ 78.914192032246689, 24.243689067595934 ], [ 78.915032776799876, 24.271106398865214 ], [ 78.919529817043099, 24.311552106260642 ], [ 78.921381407062285, 24.329399055963982 ], [ 78.930187336414988, 24.34050422689192 ], [ 78.942525077622179, 24.360464050211036 ], [ 78.941686278980043, 24.375397956508213 ], [ 78.940558806826246, 24.376773985168899 ], [ 78.954771243566469, 24.381528315288467 ], [ 78.976487709373288, 24.3928883963994 ], [ 78.995129022756672, 24.405757721807881 ], [ 79.013162689911013, 24.415777531524146 ], [ 79.036098018709325, 24.432344076451123 ], [ 79.060295540100512, 24.439329779946174 ], [ 79.074355289135013, 24.438951102243379 ], [ 79.101845078709971, 24.434867072262175 ], [ 79.117357115471023, 24.431105168753277 ], [ 79.131022424946167, 24.426676605047767 ], [ 79.137936799169125, 24.399053640638815 ], [ 79.130188971740367, 24.361096510860712 ], [ 79.113883198554575, 24.340070170440637 ], [ 79.110819470775212, 24.325839709474806 ], [ 79.110242167080315, 24.307963289279229 ], [ 79.109703855831384, 24.291278580855845 ], [ 79.106450758754463, 24.271088878848165 ], [ 79.092838539707742, 24.252371305629428 ], [ 79.078311321070402, 24.245605045845679 ], [ 79.04662379487786, 24.230945091706573 ], [ 79.029013403158075, 24.208747994607066 ], [ 79.02871319714626, 24.199212791243816 ], [ 79.027925897430237, 24.174182809015779 ], [ 79.0325976990284, 24.157358629249273 ], [ 79.038417430553139, 24.135732442548171 ], [ 79.054774563029468, 24.118597960939653 ], [ 79.108551122294102, 24.093302267340892 ], [ 79.205951333408606, 24.091841946947383 ], [ 79.250202294830927, 24.094194070396604 ], [ 79.274982987594939, 24.097079832880471 ], [ 79.291195324220311, 24.115706922971757 ], [ 79.304975752151705, 24.139170920033006 ], [ 79.324973305416094, 24.154108418983704 ], [ 79.337143347491676, 24.168073356533828 ], [ 79.345824335644451, 24.194062417055633 ], [ 79.345227394847228, 24.245360054417048 ], [ 79.349515256638298, 24.264318354190365 ], [ 79.353935093763695, 24.287088766874998 ], [ 79.365686262363084, 24.31107891212347 ], [ 79.375394891861774, 24.336080656164164 ], [ 79.41121672425956, 24.363184360520229 ], [ 79.427033259498188, 24.383710011984544 ], [ 79.438862453987426, 24.394333892118993 ], [ 79.450156567596196, 24.404495386478615 ], [ 79.452920356838476, 24.412103482243221 ], [ 79.518819161636912, 24.400335425061471 ], [ 79.575181335265896, 24.389101187892866 ], [ 79.603477748940961, 24.393965129400794 ], [ 79.620279394960448, 24.397744622567629 ], [ 79.652844395814896, 24.405329576261551 ], [ 79.665124294765249, 24.413534842620095 ], [ 79.683286856497332, 24.425848472652003 ], [ 79.694151095083569, 24.437909760819679 ], [ 79.700402125100126, 24.445567207649784 ], [ 79.71872068932386, 24.441435369806644 ], [ 79.736270658411485, 24.423242070438668 ], [ 79.748670616758133, 24.392811245052908 ], [ 79.749897674776065, 24.356055453395676 ], [ 79.744422343870482, 24.320940315499612 ], [ 79.736335905501292, 24.285429285839825 ], [ 79.729531797106674, 24.242247525313491 ], [ 79.712762987971843, 24.196512813040727 ], [ 79.697745502406349, 24.169795665465372 ], [ 79.686023675066266, 24.147743672265367 ], [ 79.682039731856747, 24.12402206396694 ], [ 79.680148656903995, 24.072099730761575 ], [ 79.684659784565525, 24.039056397017916 ], [ 79.693405028052908, 24.008267709115358 ], [ 79.70268309001159, 23.97793950538918 ], [ 79.724393650692164, 23.932922418050254 ], [ 79.745665094791036, 23.904607662308226 ], [ 79.764733643385441, 23.87302148787068 ], [ 79.773682300401404, 23.848424473270676 ], [ 79.781855313829666, 23.831004097484307 ], [ 79.791509494139135, 23.811630083983623 ], [ 79.802406980409842, 23.797939046351317 ], [ 79.809013073711782, 23.794395017061547 ], [ 79.821847399308169, 23.79113266617021 ], [ 79.834928146854693, 23.794537037320953 ], [ 79.848239716493637, 23.804131480166479 ], [ 79.868889144656649, 23.815876484117908 ], [ 79.886114925473507, 23.832971731206182 ], [ 79.911795490517747, 23.867912081673961 ], [ 79.92478283986776, 23.882276188124315 ], [ 79.981814319427286, 23.936215294720448 ], [ 79.995929734539487, 23.939092951859458 ], [ 80.020888291676997, 23.927312494313995 ], [ 80.041920780588853, 23.921378264562613 ], [ 80.057957755765699, 23.920373316993604 ], [ 80.071702898021599, 23.927069752513908 ], [ 80.137932993691649, 23.962520767487245 ], [ 80.183416001633034, 23.984343182349953 ], [ 80.214729672259452, 23.988998558517935 ], [ 80.25375692588689, 23.991952520450479 ], [ 80.291572313198017, 23.990648805150144 ], [ 80.313963406937333, 23.992731908720657 ], [ 80.345959561104266, 23.988757366731946 ], [ 80.371100805810983, 23.982157920750161 ], [ 80.393788501307711, 23.978976925443629 ], [ 80.422190504216672, 23.976066786046545 ], [ 80.437070168725029, 23.984592425396773 ], [ 80.486725284893993, 24.018079077621096 ], [ 80.51751879389343, 24.034599406420458 ], [ 80.549063031919914, 24.056325969509697 ], [ 80.580474734154677, 24.062803306410405 ], [ 80.646883858861258, 24.062741412279593 ], [ 80.729408259145245, 24.086816064298478 ], [ 80.768310541132649, 24.109641494312207 ], [ 80.793799559356557, 24.122487078966699 ], [ 80.823675175798243, 24.12896783534622 ], [ 80.851585863211568, 24.126468371970304 ], [ 80.88288043140723, 24.118594200040889 ], [ 80.894809457379452, 24.107178759287951 ], [ 80.900755655355169, 24.089803249954056 ], [ 80.900634064833724, 24.064566403548877 ], [ 80.891069890812659, 24.048267080887481 ], [ 80.872082433870119, 24.029948231143504 ], [ 80.835589300938523, 24.002770127798236 ], [ 80.820281875605147, 23.985254572899645 ], [ 80.811684307767351, 23.967005722791434 ], [ 80.802966882324455, 23.934471219583415 ], [ 80.801682093259757, 23.917372679049581 ], [ 80.799745320648753, 23.874101538007228 ], [ 80.805842954817521, 23.836718765129326 ], [ 80.810283022652399, 23.797017405341439 ], [ 80.813681998864482, 23.768786969605735 ], [ 80.813960436854558, 23.740198183124367 ], [ 80.813850648225085, 23.714481883468391 ], [ 80.812056870340413, 23.697402511921567 ], [ 80.805143086815036, 23.681468304503095 ], [ 80.798673415497746, 23.675519418615199 ], [ 80.78697841597635, 23.668337122753016 ], [ 80.777622244568335, 23.667258486956307 ], [ 80.761575122029001, 23.666905351694073 ], [ 80.745819718956795, 23.673208465274438 ], [ 80.720954536066785, 23.684135264126034 ], [ 80.691085199093678, 23.699054285026772 ], [ 80.667923596139048, 23.713722119037968 ], [ 80.652382624059186, 23.725249608205605 ], [ 80.631983420754082, 23.732189476793152 ], [ 80.616027476268812, 23.734200917909238 ], [ 80.601478051154771, 23.732824678070827 ], [ 80.59249030385142, 23.728386746699112 ], [ 80.573057221307863, 23.709556460210653 ], [ 80.558460882115753, 23.694836776530394 ], [ 80.538776382883285, 23.669815704110079 ], [ 80.501221697770816, 23.637804250430491 ], [ 80.483563363717323, 23.623660321457486 ], [ 80.462254781312325, 23.608689646188985 ], [ 80.420723162612035, 23.57965227535626 ], [ 80.402816455903988, 23.546443909491458 ], [ 80.399456374305046, 23.52749951317762 ], [ 80.396127875599177, 23.496640367277472 ], [ 80.397852749571229, 23.475612843170815 ], [ 80.404832848015687, 23.456785541931431 ], [ 80.419615405599913, 23.426726652497827 ], [ 80.433332718813944, 23.408617424086817 ], [ 80.447757256259564, 23.395247919790062 ], [ 80.473059607558653, 23.371332969596086 ], [ 80.462568237435093, 23.366494295423983 ], [ 80.520187275546107, 23.393054253113139 ], [ 80.548468346992479, 23.402770227976532 ], [ 80.588410842672687, 23.413491663337879 ], [ 80.632072226166699, 23.420494161000587 ], [ 80.657099901473956, 23.408153352848029 ], [ 80.661750503609809, 23.390119704952326 ], [ 80.66077756615131, 23.367288251673692 ], [ 80.652169600632504, 23.346877203720855 ], [ 80.645882779086733, 23.326381360025159 ], [ 80.641523672484837, 23.29652552475137 ], [ 80.640890166658295, 23.281541691498216 ], [ 80.644058317086575, 23.264991554600254 ], [ 80.655719981629261, 23.24813490640619 ], [ 80.668044162803014, 23.246974668974488 ], [ 80.709829287619456, 23.247600126021752 ], [ 80.725079347942227, 23.260619344625148 ], [ 80.737458183506931, 23.278743567560213 ], [ 80.7506745829441, 23.298264462665138 ], [ 80.764760301464079, 23.31989501281863 ], [ 80.787414384615559, 23.360496959622932 ], [ 80.805807762945875, 23.374102629644213 ], [ 80.825187055505722, 23.374808613572018 ], [ 80.850495801010297, 23.369574306853803 ], [ 80.862416753500312, 23.359124746926621 ], [ 80.874919244496326, 23.344366261875575 ], [ 80.879664392474339, 23.329185181244789 ], [ 80.883416153751256, 23.309040797003146 ], [ 80.885040047776371, 23.29326299064018 ], [ 80.888696855814118, 23.270979189616288 ], [ 80.892084666925768, 23.260135813029532 ], [ 80.897598809584508, 23.244926063685106 ], [ 80.905490174692574, 23.231055460697135 ], [ 80.915270158858959, 23.224971458997615 ], [ 80.924340684617917, 23.220342529569475 ], [ 80.93739498491226, 23.218419649228121 ], [ 80.954401685850968, 23.218488565559092 ], [ 80.968576182108308, 23.224378070118746 ], [ 80.980532516624265, 23.232493707847784 ], [ 81.003197170329159, 23.238055049412395 ], [ 81.01788987787171, 23.238205251377988 ], [ 81.028627895146926, 23.236363597265036 ], [ 81.036761105100183, 23.228193395438346 ], [ 81.044025258639124, 23.217913721994233 ], [ 81.057394884331927, 23.205969544148168 ], [ 81.078507114331117, 23.194438831303536 ], [ 81.091553598348071, 23.19250402721223 ], [ 81.10848795316447, 23.191130950276658 ], [ 81.123781421792685, 23.18767764763998 ], [ 81.135695568869451, 23.177927748499197 ], [ 81.142785935559502, 23.164081224167933 ], [ 81.143446832006148, 23.144773117585011 ], [ 81.139907008080712, 23.134913337895956 ], [ 81.121300727303151, 23.116356782444612 ], [ 81.088985325105611, 23.084758541806341 ], [ 81.077873678049642, 23.060904797953892 ], [ 81.068115320813433, 23.032712132421249 ], [ 81.061315359366304, 23.001547604958255 ], [ 81.061737663815165, 22.976533320835109 ], [ 81.071623292712587, 22.956155369782227 ], [ 81.086189221557731, 22.937025669977192 ], [ 81.11380327073654, 22.916677519913772 ], [ 81.136555054346729, 22.91123218126296 ], [ 81.76209822175403, 22.910220222315434 ], [ 81.762357644359525, 22.910268661963968 ], [ 81.76269474322568, 22.910219257305709 ], [ 81.843226172699929, 22.910088979325131 ], [ 81.850509082513028, 22.917176072448047 ], [ 81.860007111306601, 22.937454020078956 ], [ 81.868694961837718, 23.032676999843829 ], [ 81.875276859738207, 23.05593299939142 ], [ 81.900655198514443, 23.084785004433957 ], [ 81.921171215163341, 23.093870309630795 ], [ 81.953963009406792, 23.101695970021609 ], [ 82.035932716944913, 23.120870059720477 ], [ 82.081097672641533, 23.143801529545769 ], [ 82.112122743909907, 23.161653590838782 ], [ 82.143762634733491, 23.19088015908806 ], [ 82.165067031120188, 23.214153097499452 ], [ 82.16948796468921, 23.224647469659878 ], [ 82.188295970302377, 23.272988603717664 ], [ 82.18956308475255, 23.296462885916604 ], [ 82.188789578189827, 23.353547563683041 ], [ 82.180891809002688, 23.378871305071133 ], [ 82.163473764234467, 23.399642259668138 ], [ 82.149057286264309, 23.418847948316117 ], [ 82.137877697814162, 23.426493613989447 ], [ 82.118604963723058, 23.434190530181919 ], [ 82.09550416255189, 23.443412313253766 ], [ 82.032608620197507, 23.452693189714008 ], [ 81.988022867224927, 23.457559851525087 ], [ 81.911958363825818, 23.481654361866838 ], [ 81.852870425369559, 23.490697152639168 ], [ 81.804097241747797, 23.504974445504249 ], [ 81.778252710861778, 23.513955612866123 ], [ 81.756890393650366, 23.519883375191835 ], [ 81.654186510701962, 23.524327429260396 ], [ 81.606359331278114, 23.512099272383924 ], [ 81.583392909907204, 23.501656284743536 ], [ 81.558884952665437, 23.491274352904551 ], [ 81.539225132348122, 23.484966325633444 ], [ 81.504507361935637, 23.487139161599792 ], [ 81.47754207961512, 23.505399373532409 ], [ 81.470093562573325, 23.527125912276379 ], [ 81.471003460256071, 23.54564813867869 ], [ 81.473950874385736, 23.574079064503632 ], [ 81.464498973818692, 23.586609828527276 ], [ 81.459957088649276, 23.591380202584915 ], [ 81.44663734586517, 23.604071880730608 ], [ 81.43921685859236, 23.626511596646044 ], [ 81.454010415254572, 23.659446384223436 ], [ 81.488819742530438, 23.689395797162454 ], [ 81.504609025045468, 23.695154917103714 ], [ 81.526765594060507, 23.704211652768169 ], [ 81.542593202232197, 23.710678371224784 ], [ 81.557017953164205, 23.720057989625015 ], [ 81.557662083046608, 23.732878529375768 ], [ 81.555175832079698, 23.745118648333104 ], [ 81.552438749075449, 23.752373027686446 ], [ 81.534272040255146, 23.776701020863971 ], [ 81.50284110254529, 23.815152869735336 ], [ 81.500074624181153, 23.837398855620386 ], [ 81.505970767672054, 23.862133007991954 ], [ 81.511583906000453, 23.881167992766819 ], [ 81.52314598720335, 23.894952519624784 ], [ 81.534243205684618, 23.899476132484146 ], [ 81.561987256918613, 23.895434751468354 ], [ 81.600172914042744, 23.88308785295736 ], [ 81.627954436893532, 23.864759438714085 ], [ 81.669401072605524, 23.855825089544332 ], [ 81.715004559157663, 23.852407406755749 ], [ 81.995959418922268, 23.840559428496334 ], [ 82.159067726630951, 23.817340824892163 ], [ 82.233562030846926, 23.816946594191403 ], [ 82.313264127710511, 23.816484474610796 ], [ 82.388756866520154, 23.822134269126956 ], [ 82.412320792776583, 23.827867878809613 ], [ 82.454771897979185, 23.838185939704772 ], [ 82.496591741758692, 23.851114730947671 ], [ 82.51848845451967, 23.867861070230298 ], [ 82.540680641300852, 23.889577871803365 ], [ 82.580387620834188, 23.918974998961914 ], [ 82.652203871247067, 23.940338155127705 ], [ 82.801760360554724, 23.939182286248691 ], [ 82.850614981109828, 23.939527476735542 ], [ 82.927421982834829, 23.953366307177042 ], [ 82.955383683049718, 23.96686908678204 ], [ 82.983614455090674, 23.984624904438064 ], [ 83.005493252726907, 23.99985877750283 ], [ 83.037734135902326, 24.019527098066821 ], [ 83.106720782225608, 24.03153554002218 ], [ 83.112847964776066, 24.042602871374321 ], [ 83.128370603879574, 24.079515602140194 ], [ 83.145089808212376, 24.110664041680685 ], [ 83.17250891703776, 24.139096414505087 ], [ 83.192250976216087, 24.156543972715092 ], [ 83.365388937305781, 24.065017297072963 ], [ 83.441398387720341, 23.963544253864058 ], [ 83.453264304204794, 23.908322927075321 ], [ 83.469245768202441, 23.876597865425275 ], [ 83.542060756194203, 23.846453192843587 ], [ 83.693802756612058, 23.802332498739062 ], [ 83.746438834536391, 23.780366045831819 ], [ 83.780611768127017, 23.752331352223166 ], [ 83.766232912071558, 23.653575656874313 ], [ 83.745633460832366, 23.576506384507674 ], [ 83.745674827646269, 23.538568910659141 ], [ 83.783503936456739, 23.489005970668188 ], [ 83.814734757881723, 23.456410721732492 ], [ 83.861621274916828, 23.427658985824394 ], [ 83.896979927829094, 23.380598023355827 ], [ 83.9158499304434, 23.355813466074888 ], [ 83.937110943833943, 23.32852088310371 ], [ 83.952456096857318, 23.289718652266409 ], [ 83.948800005292213, 23.23542069175744 ], [ 83.966535301488307, 23.194114368406812 ], [ 84.042652948643777, 23.106791812658138 ], [ 84.049865710962706, 23.092635596852908 ], [ 84.067525651531071, 23.057966507668173 ], [ 84.094296492826132, 22.999555719539263 ], [ 84.092703005632174, 22.975956491594221 ], [ 84.115159129842667, 22.929644193702057 ], [ 84.16228140814431, 22.907958083012897 ], [ 84.176441967258683, 22.890552698265935 ], [ 84.203791989001701, 22.841586292998748 ], [ 84.191524705587241, 22.773611444422603 ], [ 84.186117915029143, 22.693393128571334 ], [ 84.177864894829611, 22.646498625114116 ], [ 84.173111314876351, 22.613612549790755 ], [ 84.119143415793602, 22.569338058359786 ], [ 84.076304524424941, 22.538617285148042 ], [ 83.987524970571485, 22.467821832332863 ], [ 83.906795504632498, 22.441530222624824 ], [ 83.900353652825018, 22.418752721592824 ], [ 83.898927273562933, 22.41826975328356 ], [ 83.885288614623477, 22.364520207117675 ], [ 83.831051848904465, 22.272709970722332 ], [ 83.774641736910581, 22.226016127215644 ], [ 83.720915028011916, 22.221816593078277 ], [ 83.700174112700708, 22.215823872192182 ], [ 83.660064455688939, 22.184788989052834 ], [ 83.648515870544671, 22.177373024748768 ], [ 83.612360774148414, 22.154143515808716 ], [ 83.605839429618413, 22.130780340399337 ], [ 83.611568930330051, 22.099653277970241 ], [ 83.630119773789815, 22.070216670513968 ], [ 83.635845982443485, 22.039091287408006 ], [ 83.628036511648972, 21.994459784777167 ], [ 83.603126178001986, 22.002891099422371 ], [ 83.55190182446556, 22.038787784488207 ], [ 83.519226054709037, 22.045246361612548 ], [ 83.498655690271633, 22.041580476865615 ], [ 83.496524674961179, 22.006120155659588 ], [ 83.504535822974447, 21.970130734327618 ], [ 83.50662934164977, 21.920222579049664 ], [ 83.505356807711351, 21.898946563072116 ], [ 83.510413576616671, 21.855999217319116 ], [ 83.517304794205288, 21.843784204015932 ], [ 83.544873698039197, 21.837605207247538 ], [ 83.567659220613891, 21.836414519639217 ], [ 83.574828112166387, 21.828926157163121 ], [ 83.593657378395065, 21.804229870161425 ], [ 83.572754872335679, 21.751442957586708 ], [ 83.551385685949967, 21.733588111026908 ], [ 83.539088354150223, 21.676134425581431 ], [ 83.512625497769292, 21.614666279233305 ], [ 83.458422803463378, 21.598480435047772 ], [ 83.419998441235094, 21.564360751014178 ], [ 83.412964615459103, 21.55811157794977 ], [ 83.392052724685186, 21.503437494105629 ], [ 83.398850184708436, 21.423641668942864 ], [ 83.361392857302079, 21.322354557887085 ], [ 83.308439193385524, 21.303649783063303 ], [ 83.234767829565612, 21.298993584646897 ], [ 83.190520311182112, 21.29998149410093 ], [ 83.132347184823587, 21.221494087103277 ], [ 83.096505876494561, 21.202465445753969 ], [ 83.061156506315257, 21.19230196090006 ], [ 82.995381957788027, 21.204347837669168 ], [ 82.960989179487427, 21.211916822459337 ], [ 82.904178093213815, 21.214603011337896 ], [ 82.856355854181999, 21.207946870487525 ], [ 82.780432484175876, 21.208516055957897 ], [ 82.755484969977175, 21.215606674067718 ], [ 82.722611434214372, 21.252740955795694 ], [ 82.691642825943219, 21.266038664153943 ], [ 82.653731380494165, 21.267775303550764 ], [ 82.633852814639525, 21.250870607581881 ], [ 82.634711772985369, 21.20630202170447 ], [ 82.645658889855042, 21.17314966352599 ], [ 82.680475265337094, 21.112195143618585 ], [ 82.696132399070066, 20.986813657513768 ], [ 82.708637741014797, 20.774378256821681 ], [ 82.723667601617421, 20.722648737569116 ], [ 82.730012655873821, 20.698618212219515 ], [ 82.748035773639714, 20.656253180209262 ], [ 82.748380065240724, 20.61350032256281 ], [ 82.741302563455292, 20.573456056134713 ], [ 82.695555110204808, 20.516145806425833 ], [ 82.684911317330929, 20.47981516163107 ], [ 82.69475195994147, 20.424763994712094 ], [ 82.694824098563458, 20.401016076973768 ], [ 82.709012146035064, 20.382577356408444 ], [ 82.736529784832328, 20.378977453299651 ], [ 82.781688315852023, 20.375769821206024 ], [ 82.813862367137389, 20.364827316030844 ], [ 82.81774599948983, 20.342100009173503 ], [ 82.814993626654925, 20.312549694697459 ], [ 82.806627355371376, 20.271381191748269 ], [ 82.788358938519437, 20.208100324491937 ], [ 82.793871471067362, 20.167496433627353 ], [ 82.801715432847971, 20.123228611271823 ], [ 82.795460203059818, 20.098580347721946 ], [ 82.787289875964106, 20.085886295735772 ], [ 82.75495118726343, 20.06713822180037 ], [ 82.721598523614034, 20.053174957512773 ], [ 82.685933582925742, 19.991816186170833 ], [ 82.693202051263597, 19.960632023930767 ], [ 82.700181134222362, 19.923525230204703 ], [ 82.709046870959654, 19.899395664034184 ], [ 82.720415423578373, 19.87515735240947 ], [ 82.721765874982083, 19.851356131160898 ], [ 82.700573731982985, 19.802417580157407 ], [ 82.678946801649147, 19.770112406008302 ], [ 82.622462397056267, 19.742859384540271 ], [ 82.591454414078115, 19.721567540162308 ], [ 82.591836741869699, 19.726780445940797 ], [ 82.586135041648802, 19.754570835015624 ], [ 82.569281430428575, 19.779986995395291 ], [ 82.521894961629116, 19.775347835022931 ], [ 82.462841833929687, 19.778785776264957 ], [ 82.422077789269167, 19.787143121662176 ], [ 82.387328869336898, 19.817098067284871 ], [ 82.338187560496664, 19.8619009312951 ], [ 82.290673170426842, 19.877167539627802 ], [ 82.238570412868327, 19.880254694678968 ], [ 82.216765632616472, 19.886847611829673 ], [ 82.180557320407559, 19.908282007249422 ], [ 82.158341976672034, 19.928194849108888 ], [ 82.109945033860683, 19.991944262009127 ], [ 82.065126948695521, 20.024170801930694 ], [ 82.010613056841933, 20.042514050663272 ], [ 81.970434782606546, 20.044109817660264 ], [ 81.924184638534669, 20.02216008827051 ], [ 81.885781873554507, 19.972307434168723 ], [ 81.889654455686809, 19.92270115597411 ], [ 81.913294875801441, 19.899319653650974 ], [ 81.941699183828831, 19.871215882580231 ], [ 82.006624832809877, 19.839184719465695 ], [ 82.064203909458996, 19.80077292783869 ], [ 82.118758707239934, 19.785287098891935 ], [ 82.142292128063005, 19.750120214756887 ], [ 82.165519259816961, 19.708311043326319 ], [ 82.150305212911732, 19.682303486958663 ], [ 82.082950436347545, 19.57308641563446 ], [ 82.059350166960186, 19.515068136704645 ], [ 82.087510257897463, 19.471178612924444 ], [ 82.130828400723928, 19.453309376449536 ], [ 82.165591954836188, 19.446228445097457 ], [ 82.197265423462298, 19.437363656797103 ], [ 82.223300798000892, 19.414462255994014 ], [ 82.227186812740598, 19.343970495159411 ], [ 82.213635315742223, 19.263717077121505 ], [ 82.18588103579917, 19.178315681159749 ], [ 82.183560056669705, 19.14798941819101 ], [ 82.196835968635554, 19.131308339892563 ], [ 82.21331103598142, 19.119253537651552 ], [ 82.230574351863197, 19.10241445603954 ], [ 82.233199712347599, 19.070945522637988 ], [ 82.220068465266962, 19.04484932143016 ], [ 82.217967850038463, 18.996457193810215 ], [ 82.244545287352736, 18.941238059092104 ], [ 82.258851486359134, 18.902659342895507 ], [ 82.255542939807597, 18.872376037975652 ], [ 82.247869213584082, 18.856519514840102 ], [ 82.22374557274577, 18.852709730136045 ], [ 82.200903442177378, 18.855500121021702 ], [ 82.178934562027834, 18.85540238751005 ], [ 82.162849932544319, 18.829409280290129 ], [ 82.172977077164489, 18.762479671099946 ], [ 82.175380265706238, 18.701552577241557 ], [ 82.146970654464582, 18.666521202227301 ], [ 82.084162177378531, 18.643244882008933 ], [ 82.038238411309692, 18.642126302948999 ], [ 81.95782740905041, 18.627067555963588 ], [ 81.933992965864689, 18.60512959206584 ], [ 81.925325822205451, 18.563608741488167 ], [ 81.965707691747824, 18.526932810012131 ], [ 82.015820278178893, 18.533627286650439 ], [ 82.05619237337612, 18.521658456840157 ], [ 82.0566968776332, 18.485512130776296 ], [ 82.026768367130259, 18.411520044626869 ], [ 81.946703203755334, 18.377393783752364 ], [ 81.838945979378508, 18.322349374939325 ], [ 81.828859736729768, 18.26850070649904 ], [ 81.813845755396642, 18.19009713196894 ], [ 81.7562495416594, 18.141728903748469 ], [ 81.673596851450398, 18.139869634780982 ], [ 81.627082670794294, 18.093914474547645 ], [ 81.612976608594167, 18.0097249992908 ], [ 81.621728329991313, 17.924750340342982 ], [ 81.592382718998806, 17.883888480219273 ], [ 81.554961084823901, 17.866126653576895 ], [ 81.532483148199503, 17.822162223153718 ], [ 81.520493447161257, 17.793066343574118 ], [ 81.489903005514037, 17.771249269005878 ], [ 81.46513634982847, 17.773023278986447 ], [ 81.414943585689485, 17.813700533750435 ], [ 81.342209869487235, 17.836071728342805 ], [ 81.286572607429832, 17.808368908909699 ], [ 81.190291564154151, 17.754329833763386 ], [ 81.139606356328301, 17.754025430850973 ], [ 81.114104049362723, 17.792911707994119 ], [ 81.122324485727574, 17.829787497497765 ], [ 81.142165223602944, 17.88628948537615 ], [ 81.155765232463111, 17.934415713002284 ], [ 81.160167458039126, 17.975215772807676 ], [ 81.144595056039805, 18.013796274110558 ], [ 81.119178284705171, 18.026982280825784 ], [ 81.024692494228191, 18.029006100247436 ], [ 81.007507108697652, 18.05049335024384 ], [ 81.006361719335274, 18.075289326587981 ], [ 81.035798845444489, 18.14959770854761 ], [ 81.024534291023173, 18.198519033356121 ], [ 80.98098304919796, 18.236075602883922 ], [ 80.942662948025671, 18.222986206712136 ], [ 80.90926338886149, 18.237356680391407 ], [ 80.886780910725804, 18.279960679103411 ], [ 80.846647251728029, 18.302152386745593 ], [ 80.819326946120484, 18.320136050454455 ], [ 80.794135564616582, 18.401877382338945 ], [ 80.741727466107022, 18.446343667371423 ], [ 80.679167985862051, 18.516832308211068 ], [ 80.618178148112818, 18.545339876243396 ], [ 80.549353553021902, 18.517840215934715 ], [ 80.508028741693167, 18.475214598998285 ], [ 80.495641019222091, 18.457899591751914 ], [ 80.467567459034356, 18.462561160785857 ], [ 80.424263606339082, 18.482870888738137 ], [ 80.397037466594497, 18.506526193509188 ], [ 80.374693140687157, 18.558634871985106 ], [ 80.325358895827961, 18.579101857452653 ], [ 80.301685030346064, 18.589303403332355 ], [ 80.285363108270374, 18.593566757300124 ], [ 80.236227831295366, 18.606391855254827 ], [ 80.184682540693402, 18.621169457615004 ], [ 80.121590816426803, 18.651505795649232 ], [ 80.094289991829413, 18.675133809571232 ], [ 80.051210915430318, 18.706814558954925 ], [ 80.030513245644883, 18.751237005019668 ], [ 80.018021802202497, 18.869818203344181 ], [ 79.995076079941512, 18.906674398687759 ], [ 79.963997346097173, 18.93993354641907 ], [ 79.939197886491598, 18.982558867467684 ], [ 79.941821413336129, 19.003469448787524 ], [ 79.951080576705451, 19.045182256642544 ], [ 79.960745316910419, 19.10023373408665 ], [ 79.986693255158926, 19.162469943091036 ], [ 80.001364837151286, 19.183049188348917 ], [ 80.025779313626856, 19.193823317030979 ], [ 80.070253058134725, 19.204038424373845 ], [ 80.094732042386482, 19.21670690511618 ], [ 80.115498397653042, 19.239009969427926 ], [ 80.124293049483839, 19.263553142239942 ], [ 80.113441542873005, 19.301996358556767 ], [ 80.101530137912718, 19.370980968556562 ], [ 80.094747809007501, 19.411217837929378 ], [ 80.084185434472531, 19.459189328043241 ], [ 80.059614094388877, 19.509461720678132 ], [ 80.047972633372169, 19.52313726876762 ], [ 79.982003097538779, 19.536415047681444 ], [ 79.955756198862929, 19.533323991384464 ], [ 79.91715986848051, 19.521029223579884 ], [ 79.872823956588491, 19.518417380291535 ], [ 79.858810257150822, 19.520702826503321 ], [ 79.835028883908166, 19.532787076246013 ], [ 79.789746761626901, 19.566425649047869 ], [ 79.7699181801637, 19.576490464183777 ], [ 79.757795280465899, 19.574903614333618 ], [ 79.735449186921613, 19.5678618206795 ], [ 79.718970981472538, 19.554939826962606 ], [ 79.718304664418156, 19.532063636117336 ], [ 79.727136442227234, 19.489861041211878 ], [ 79.731669950718057, 19.438232301488036 ], [ 79.730729850208334, 19.405824522462112 ], [ 79.710143439450889, 19.389189982264714 ], [ 79.652206116072449, 19.402132375606662 ], [ 79.608699873016036, 19.428047734444615 ], [ 79.587343738723348, 19.455302982431363 ], [ 79.575872534852493, 19.47658262822463 ], [ 79.582979503556388, 19.514564476056069 ], [ 79.602213857735848, 19.554144129968847 ], [ 79.60074452581155, 19.573262161888955 ], [ 79.595034880727027, 19.584856344998105 ], [ 79.588179766014377, 19.627008885242152 ], [ 79.588831152212293, 19.649889088563921 ], [ 79.599711123580832, 19.678231233310683 ], [ 79.600420600592685, 19.703017573020823 ], [ 79.595199921799292, 19.731772400547523 ], [ 79.583663764955233, 19.751149189167474 ], [ 79.573866814981855, 19.760940692468385 ], [ 79.560420929320898, 19.784181925927083 ], [ 79.541253126403689, 19.819017571025242 ], [ 79.515437913848714, 19.833031084012195 ], [ 79.46081581254353, 19.826774432032948 ], [ 79.445329806011301, 19.777544441977653 ], [ 79.402183751852476, 19.748078629136597 ], [ 79.343766538985079, 19.749507840712084 ], [ 79.307864125696526, 19.763737127860988 ], [ 79.293955496374792, 19.777591021311878 ], [ 79.177645627242057, 19.663680873427463 ] ], [ [ 76.715450080304706, 21.152287833365552 ], [ 76.714899090827231, 21.153804330101885 ], [ 76.709523252879478, 21.16859879338347 ], [ 76.715450080304706, 21.152287833365552 ] ], [ [ 78.257597495209566, 20.62877061285381 ], [ 78.234679138009355, 20.625941233837093 ], [ 78.257596105277869, 20.628770282965633 ], [ 78.257597495209566, 20.62877061285381 ] ], [ [ 78.822138606135582, 20.229228499793383 ], [ 78.82213933600822, 20.229228002355232 ], [ 78.822139131289887, 20.229228328025592 ], [ 78.822138606135582, 20.229228499793383 ] ], [ [ 82.491374516251355, 22.909040451342161 ], [ 82.474757463172125, 22.915327991021215 ], [ 82.466251373588051, 22.918545695895471 ], [ 82.491374516251355, 22.909040451342161 ] ], [ [ 81.635648911703399, 22.070970295392605 ], [ 81.235660697545498, 21.67923469319058 ], [ 83.003510098239104, 21.853790941293063 ], [ 83.004508613193735, 21.852512689333718 ], [ 83.003510210865841, 21.85379095241375 ], [ 82.989087327894737, 21.872254294662476 ], [ 83.003510072375661, 21.853790974402241 ], [ 81.635648911703399, 22.070970295392605 ] ], [ [ 80.377740284916129, 20.459717610198048 ], [ 80.585410056349005, 20.00635187976884 ], [ 81.349988917332865, 20.411801196603538 ], [ 80.377740284916129, 20.459717610198048 ] ], [ [ 80.61730695242079, 21.269078332409354 ], [ 80.597286147113167, 21.266869714982612 ], [ 80.578959038366463, 21.264845719412772 ], [ 80.617303778691834, 21.26907660016111 ], [ 80.61730695242079, 21.269078332409354 ] ], [ [ 79.128557484761743, 23.186819723924039 ], [ 79.184401560458355, 23.190113800930568 ], [ 79.158516620527251, 23.188589444401103 ], [ 79.128557484761743, 23.186819723924039 ] ], [ [ 77.000099318068735, 21.951842290421883 ], [ 76.997418453736472, 21.952053751804243 ], [ 77.000099830746336, 21.951842154128109 ], [ 77.000099318068735, 21.951842290421883 ] ] ], [ [ [ 83.003510072375661, 21.853790974402241 ], [ 83.003510210865841, 21.85379095241375 ], [ 83.003510098239104, 21.853790941293063 ], [ 83.003510072375661, 21.853790974402241 ] ] ], [ [ [ 81.349988917332865, 20.411801196603538 ], [ 81.258017759978074, 20.384797262920742 ], [ 81.348045447187758, 20.41123122241148 ], [ 81.349988917332865, 20.411801196603538 ] ] ], [ [ [ 80.585410056349005, 20.00635187976884 ], [ 80.587694134855056, 20.008706516450914 ], [ 80.652109810469128, 20.07506323397223 ], [ 80.585410056349005, 20.00635187976884 ] ] ] ] } },
{ "type": "Feature", "properties": { "state_name": "Chandernagore", "id": 10 }, "geometry": { "type": "Polygon", "coordinates": [ [ [ 88.3862787383392, 22.805000375604131 ], [ 88.353269118835627, 22.731499346592553 ], [ 88.352200921889605, 22.731656173281493 ], [ 88.316927150584149, 22.743096310346996 ], [ 88.310506524107396, 22.754897931996656 ], [ 88.304360644755135, 22.769490699767285 ], [ 88.309851894690837, 22.794352377094661 ], [ 88.325868252073192, 22.802839524861898 ], [ 88.339965958048282, 22.80726672733762 ], [ 88.382377416587147, 22.80645951607125 ], [ 88.3862787383392, 22.805000375604131 ] ] ] } },
{ "type": "Feature", "properties": { "state_name": "Coorg", "id": 11 }, "geometry": { "type": "Polygon", "coordinates": [ [ [ 75.944285110311938, 12.293023854055221 ], [ 75.912176361715581, 12.294568217649759 ], [ 75.822393005783752, 12.291981868318834 ], [ 75.748687176178322, 12.296499932284021 ], [ 75.713700282967579, 12.314537280763847 ], [ 75.672202416422238, 12.357707996134849 ], [ 75.63574158279188, 12.375739581452327 ], [ 75.591957448704136, 12.386604898699551 ], [ 75.557674297035348, 12.403186104773607 ], [ 75.478946389901751, 12.477985010257507 ], [ 75.404520210751571, 12.529069054857986 ], [ 75.35121789721434, 12.552112928545528 ], [ 75.295726815717089, 12.586633338358885 ], [ 75.284781196044747, 12.601000828789775 ], [ 75.280435437875553, 12.636894421200097 ], [ 75.271707841214578, 12.677816825248984 ], [ 75.241801670305406, 12.7474700698709 ], [ 75.239612719246921, 12.752496487058895 ], [ 75.239625552465341, 12.76613419176943 ], [ 75.24916594856218, 12.800578458802546 ], [ 75.26453609027682, 12.811330038279698 ], [ 75.291598134166506, 12.811301458228227 ], [ 75.340583889061037, 12.797605091081042 ], [ 75.376413141804534, 12.792532005802494 ], [ 75.398364731784767, 12.79967737743258 ], [ 75.414471137235822, 12.809701187235037 ], [ 75.435037657732465, 12.860628784608561 ], [ 75.457813035017693, 12.914421466650747 ], [ 75.47692286476358, 12.959605416811154 ], [ 75.502598499112054, 12.990420111317787 ], [ 75.51847384571397, 13.00549467215925 ], [ 75.527647154707537, 12.995756507187025 ], [ 75.596999581805875, 12.920244322348013 ], [ 75.642120323296055, 12.920137306411684 ], [ 75.686102904798958, 12.949930657485755 ], [ 75.710613829331706, 12.991731913757427 ], [ 75.710774064871345, 13.047952564696832 ], [ 75.720743167261048, 13.119696111076255 ], [ 75.73669788142719, 13.149555383134619 ], [ 75.773352416898618, 13.161409347925444 ], [ 75.813601161678307, 13.151715726757031 ], [ 75.841551762364105, 13.115741211593667 ], [ 75.847445204077744, 13.054718118590472 ], [ 75.863173446423829, 13.01638924201856 ], [ 75.896058531533313, 13.001923993929292 ], [ 75.930097034213773, 12.970704746676404 ], [ 75.934877393249536, 12.944372579416799 ], [ 75.912657172796841, 12.870290033982167 ], [ 75.911282772127208, 12.82723323371926 ], [ 75.931912453256473, 12.80204174901713 ], [ 75.942797433970469, 12.779276161076641 ], [ 75.942615927850952, 12.730234506630248 ], [ 75.946147339195505, 12.696729539199406 ], [ 75.960695237552983, 12.67753883194167 ], [ 76.009352807158152, 12.659416461212553 ], [ 76.049486627019078, 12.643711613207257 ], [ 76.061647041223125, 12.638878955514647 ], [ 76.072544127489351, 12.623285767192105 ], [ 76.074810443428106, 12.582608478290723 ], [ 76.068563732864988, 12.544357375826998 ], [ 76.073275606118358, 12.506062423285327 ], [ 76.105784142700074, 12.421006117347751 ], [ 76.125055198425599, 12.374278040922018 ], [ 76.130943582253934, 12.328800920999713 ], [ 76.12477437501191, 12.308492232449186 ], [ 76.114982440902651, 12.294178750664031 ], [ 76.080904559980439, 12.289530915034264 ], [ 76.025021259166166, 12.307688397556026 ], [ 75.989734761469208, 12.30542609649431 ], [ 75.944285110311938, 12.293023854055221 ] ] ] } },
{ "type": "Feature", "properties": { "state_name": "Dadra and Nagar Haveli", "id": 12 }, "geometry": { "type": "Polygon", "coordinates": [ [ [ 73.046204354186273, 20.357384289249527 ], [ 73.09713990423856, 20.298745732191133 ], [ 73.099730970937699, 20.293994135724713 ], [ 73.17902725180906, 20.227918028095122 ], [ 73.190848279924055, 20.16341277447431 ], [ 73.19060295251289, 20.163372614686338 ], [ 73.123783323243217, 20.142358391220554 ], [ 73.069236466173962, 20.153718235523264 ], [ 73.014410868979382, 20.186565748133141 ], [ 72.972142186239637, 20.225514240905859 ], [ 72.943856981610367, 20.258641189769126 ], [ 72.942989713121676, 20.324347897451563 ], [ 72.942515214676121, 20.360187696993311 ], [ 72.972714997026145, 20.376074254628421 ], [ 73.02356002119015, 20.363513998609204 ], [ 73.046204354186273, 20.357384289249527 ] ] ] } },
{ "type": "Feature", "properties": { "state_name": "Daman", "id": 13 }, "geometry": { "type": "Polygon", "coordinates": [ [ [ 72.871553509422824, 20.52326790100123 ], [ 72.871638752728359, 20.523865867069173 ], [ 72.871701007470193, 20.524302570652985 ], [ 72.877785520707306, 20.532241915380713 ], [ 72.878608600828599, 20.535237658953452 ], [ 72.879758212246685, 20.539421703930152 ], [ 72.880684140626258, 20.542791506978414 ], [ 72.880716322570024, 20.544542713131531 ], [ 72.880787790069164, 20.548431913380924 ], [ 72.880872053701765, 20.553017892165077 ], [ 72.88097398852247, 20.558566223990095 ], [ 72.878711720768692, 20.567067835488402 ], [ 72.878473748688677, 20.567962067830301 ], [ 72.877259940085622, 20.572523019601881 ], [ 72.878487084879552, 20.585336863707603 ], [ 72.87894565628126, 20.590124994112927 ], [ 72.879899620757001, 20.600085251073217 ], [ 72.881190961109709, 20.604334030282384 ], [ 72.888635114884764, 20.628822828008563 ], [ 72.888846412998276, 20.633952303553023 ], [ 72.889202114049226, 20.642586945927032 ], [ 72.889220224377226, 20.643026578776706 ], [ 72.889844500384754, 20.651389825171311 ], [ 72.887814589686997, 20.653251452020623 ], [ 72.886944505540257, 20.656472563546483 ], [ 72.885132780518489, 20.663179156755 ], [ 72.881499593766762, 20.665051645829639 ], [ 72.869133084683554, 20.671424196999713 ], [ 73.014316156153583, 20.665068697515817 ], [ 73.036279282304903, 20.615613947405475 ], [ 73.002772361638463, 20.537803459793729 ], [ 72.871553509422824, 20.52326790100123 ] ] ] } },
{ "type": "Feature", "properties": { "state_name": "Delhi", "id": 14 }, "geometry": { "type": "Polygon", "coordinates": [ [ [ 76.840926716178174, 28.377278545770285 ], [ 76.820493431338647, 28.384188835533674 ], [ 76.810075822506889, 28.390774390921969 ], [ 76.804540470130902, 28.39872719641091 ], [ 76.802624853949411, 28.405199314350448 ], [ 76.807411960198024, 28.424714816399117 ], [ 76.853375469242806, 28.458478670669667 ], [ 76.882177508049736, 28.498194855555496 ], [ 76.900258110664623, 28.54187460516156 ], [ 76.900807037200508, 28.572427735736657 ], [ 76.877555286968501, 28.603312461844826 ], [ 76.847763383197048, 28.632372816578375 ], [ 76.85712772992872, 28.672355887355568 ], [ 76.94653544456807, 28.70547946782807 ], [ 77.029091538304584, 28.717635644985862 ], [ 77.117892298765298, 28.716273844608892 ], [ 77.164047506322447, 28.733497483065015 ], [ 77.184422358367129, 28.697360424719328 ], [ 77.220444432488506, 28.633749969530584 ], [ 77.265451328304721, 28.53703710622187 ], [ 77.309415109902076, 28.470408500912921 ], [ 77.30851267248417, 28.428885605601611 ], [ 77.308108751937979, 28.410271803120708 ], [ 77.265301661877402, 28.378045999114693 ], [ 77.200480517451396, 28.376243591731249 ], [ 77.14789103574671, 28.338406544973388 ], [ 77.097434179415785, 28.324867116917087 ], [ 77.029950531887621, 28.351673387848543 ], [ 76.980137291187233, 28.37246154189793 ], [ 76.915444115563162, 28.377683962109355 ], [ 76.840926716178174, 28.377278545770285 ] ] ] } },
{ "type": "Feature", "properties": { "state_name": "Goa", "id": 15 }, "geometry": { "type": "Polygon", "coordinates": [ [ [ 73.668448908023436, 15.910674489663796 ], [ 73.686908917918529, 15.925479277881053 ], [ 73.726900300253632, 15.932893323632882 ], [ 73.74905500761858, 15.947371799142957 ], [ 73.748814439291365, 15.986112172844953 ], [ 73.762031727641016, 16.007711911353677 ], [ 73.81545425664136, 16.005143380146524 ], [ 73.849705927485317, 15.982370770011894 ], [ 73.891215883579335, 15.986893583818457 ], [ 73.919523612686078, 15.964078426345969 ], [ 73.94197539821333, 15.92544582830558 ], [ 73.970202991102909, 15.915537525675353 ], [ 74.004429983192239, 15.891303139958252 ], [ 74.026781443975139, 15.868444799113121 ], [ 74.06379985581512, 15.878653206989426 ], [ 74.063693704947141, 15.901613050269962 ], [ 74.102158627744132, 15.921866716409209 ], [ 74.171895909044977, 15.913535248865474 ], [ 74.219473093230363, 15.882140972100769 ], [ 74.259670145228043, 15.837794665940988 ], [ 74.285209066712412, 15.741728623069561 ], [ 74.291210661855118, 15.72022157066854 ], [ 74.316488959954924, 15.69303490969954 ], [ 74.325556417686371, 15.638528242500165 ], [ 74.339239007662343, 15.52806403112408 ], [ 74.361592577216413, 15.479334485280196 ], [ 74.342575493057382, 15.40895600059735 ], [ 74.295365438431432, 15.370062182184014 ], [ 74.273312987761244, 15.331242198388527 ], [ 74.26614377229744, 15.266636643652955 ], [ 74.26487477802327, 15.206355536762981 ], [ 74.25021187445931, 15.173298294575291 ], [ 74.207411873074321, 15.158800270749669 ], [ 74.161764676368932, 15.118451153335457 ], [ 74.144215256136405, 15.073895875093303 ], [ 74.095405069757405, 14.991979928941076 ], [ 74.085387954203227, 14.977037240702787 ], [ 74.074057145440449, 14.98431439348805 ], [ 74.072540038314244, 14.985288664819583 ], [ 74.060644715017261, 15.004614212350956 ], [ 74.052119439878766, 15.015564807272122 ], [ 74.049507711866511, 15.018919231685238 ], [ 74.025827352185743, 15.031017518717912 ], [ 74.011762934565809, 15.038849897390561 ], [ 73.991035331171318, 15.050239580666622 ], [ 73.978448704368986, 15.057358758901437 ], [ 73.968787324181804, 15.070230850109747 ], [ 73.959340932463647, 15.08837383731584 ], [ 73.953132552612786, 15.100295771556834 ], [ 73.937241843916951, 15.127771533993293 ], [ 73.934507828596438, 15.132497883320971 ], [ 73.927119742115536, 15.165491781350619 ], [ 73.934814839501954, 15.180348252038453 ], [ 73.935175887268358, 15.181045251960629 ], [ 73.946768441936356, 15.220047036834636 ], [ 73.953310856939254, 15.250483386653745 ], [ 73.942337924878046, 15.269694761663024 ], [ 73.934894699292883, 15.275668436928699 ], [ 73.940341777351279, 15.277017811649596 ], [ 73.940698733681359, 15.278433091207672 ], [ 73.943240899141216, 15.288511912154368 ], [ 73.925251209595686, 15.337217598272757 ], [ 73.914986199351148, 15.3516718257973 ], [ 73.904829827684509, 15.365970496662303 ], [ 73.902905458708602, 15.368679434242312 ], [ 73.877648386778034, 15.39007879345503 ], [ 73.855360336405511, 15.408620241973512 ], [ 73.842764955687556, 15.414648176947278 ], [ 73.849411474863345, 15.414772335647701 ], [ 73.864157300495435, 15.418126332274586 ], [ 73.884329332229967, 15.422712806560744 ], [ 73.891890138748067, 15.43135281019431 ], [ 73.883419505203847, 15.453038904161678 ], [ 73.880673580840579, 15.45494022946386 ], [ 73.902314007453228, 15.457886778303351 ], [ 73.910907338037745, 15.465104249817987 ], [ 73.909084482895139, 15.468422187484142 ], [ 73.907417816649144, 15.471455718181522 ], [ 73.904682509232728, 15.476434066903245 ], [ 73.898447475220067, 15.489557363599893 ], [ 73.878613801432692, 15.508591004058426 ], [ 73.875651089539204, 15.510722088648631 ], [ 73.841465988156926, 15.535305202441762 ], [ 73.794402125322463, 15.568535290562108 ], [ 73.787564861055003, 15.577466173505849 ], [ 73.780705824852276, 15.589984034186326 ], [ 73.778777487961705, 15.6031269579848 ], [ 73.778664220518664, 15.622258844378239 ], [ 73.778529512304388, 15.644977915243995 ], [ 73.77842656022753, 15.662316121081487 ], [ 73.778352889474647, 15.662652986119662 ], [ 73.773985792513415, 15.682619469880182 ], [ 73.75899028752697, 15.713026942934507 ], [ 73.745846576303521, 15.7312228106377 ], [ 73.735333024503078, 15.745774435718786 ], [ 73.703649347849165, 15.777275340605371 ], [ 73.701336019160266, 15.780506381715858 ], [ 73.687450825201736, 15.799897053773098 ], [ 73.683062875817072, 15.810034161235246 ], [ 73.692668387259602, 15.834853305377006 ], [ 73.695819352903953, 15.842993641245124 ], [ 73.697642215292845, 15.852110373285345 ], [ 73.698811540507805, 15.857958198133327 ], [ 73.691979798774824, 15.872100599483316 ], [ 73.684411879141877, 15.88776415408975 ], [ 73.682269459661214, 15.892099119002511 ], [ 73.675889110958295, 15.905007749881914 ], [ 73.674395127782105, 15.908030064010225 ], [ 73.668448908023436, 15.910674489663796 ] ] ] } },
{ "type": "Feature", "properties": { "state_name": "Gwalior", "id": 16 }, "geometry": { "type": "Polygon", "coordinates": [ [ [ 76.686407568157605, 25.270489662660712 ], [ 76.654044387625277, 25.286144002631005 ], [ 76.623545403866714, 25.284571844160713 ], [ 76.574887006970172, 25.260255698124265 ], [ 76.530544835106667, 25.243522381341585 ], [ 76.506536418076863, 25.256191376482963 ], [ 76.469173954404738, 25.29479015752619 ], [ 76.456973716097536, 25.329311171682924 ], [ 76.451202030736084, 25.37427906159591 ], [ 76.446342207701804, 25.407771097298518 ], [ 76.406025269259843, 25.469317643535241 ], [ 76.400020077349055, 25.496130434678282 ], [ 76.420933921687677, 25.573327785746695 ], [ 76.432219219177981, 25.636282454477193 ], [ 76.446554557983433, 25.688694500650929 ], [ 76.488246631151597, 25.734138907433284 ], [ 76.541392417617772, 25.765116983978025 ], [ 76.612621339213945, 25.804474179447041 ], [ 76.672431559093795, 25.854436191807981 ], [ 76.735754135190248, 25.92439271986715 ], [ 76.757164468399154, 25.943242467148689 ], [ 76.824985676965298, 25.955778765648738 ], [ 76.856667753100695, 25.95442051558512 ], [ 76.903324229709781, 25.964323327738771 ], [ 76.954609229430289, 25.998031251089323 ], [ 76.996651247847566, 26.046177069229202 ], [ 77.047123146828341, 26.090368301061396 ], [ 77.087601423278329, 26.106027416989111 ], [ 77.136448523027553, 26.115819355092601 ], [ 77.152438171610314, 26.122268035757092 ], [ 77.16842946873345, 26.128714825634965 ], [ 77.227501752779105, 26.174618214138658 ], [ 77.280063117998125, 26.210091387560432 ], [ 77.377690418501032, 26.272503021399018 ], [ 77.465559811142882, 26.319729266523964 ], [ 77.582809957739514, 26.350134855352756 ], [ 77.662320370832703, 26.350588470715628 ], [ 77.702781637351322, 26.358425067525225 ], [ 77.747239536561011, 26.40055112133539 ], [ 77.774857178801966, 26.446809097530789 ], [ 77.817185084114584, 26.486086091192654 ], [ 77.889343824199628, 26.528566286171976 ], [ 77.975597001623044, 26.580260459547322 ], [ 78.09991016365278, 26.661623265124842 ], [ 78.160353005671809, 26.695614510638819 ], [ 78.256408103661371, 26.746901706050334 ], [ 78.310588597485093, 26.781920779775859 ], [ 78.309333687402557, 26.792490210912742 ], [ 78.353746304596257, 26.789461669261652 ], [ 78.394821088713101, 26.789197972039517 ], [ 78.451426806168101, 26.788186327866232 ], [ 78.48623519123197, 26.778742368891844 ], [ 78.512029586346927, 26.766043995431492 ], [ 78.516090090597132, 26.764044386227969 ], [ 78.543943598035966, 26.736505395504498 ], [ 78.596133353667625, 26.735548013132952 ], [ 78.637884996738791, 26.732334497981213 ], [ 78.684470143674744, 26.706077993581705 ], [ 78.746029267412553, 26.687644248613729 ], [ 78.783659043800782, 26.693086914669934 ], [ 78.809367885112422, 26.711365289181639 ], [ 78.835048720429171, 26.728565483785236 ], [ 78.859275911889156, 26.726118249255091 ], [ 78.881255845940387, 26.716213779984116 ], [ 78.907322520984678, 26.651086352847834 ], [ 78.919886039828171, 26.599211350743236 ], [ 78.93365256439003, 26.53620980616866 ], [ 78.954589933830036, 26.48553330815875 ], [ 79.003754536469259, 26.424047060354859 ], [ 79.022289901388746, 26.397047647962751 ], [ 79.015595965900985, 26.341416210695108 ], [ 79.002883717435481, 26.306705738901321 ], [ 78.981951154141925, 26.275084622721575 ], [ 78.950311802738824, 26.231588063616044 ], [ 78.950147952433596, 26.231134403587092 ], [ 78.941807558822205, 26.23432681181502 ], [ 78.888910462881014, 26.23457732949516 ], [ 78.84333164474937, 26.216122598829205 ], [ 78.826772896406979, 26.195092555547326 ], [ 78.820709010467837, 26.15111604108866 ], [ 78.827445869233216, 26.114553020604298 ], [ 78.843905924011665, 26.092642218546906 ], [ 78.877712224042611, 26.076228757588023 ], [ 78.90167292756496, 26.070851890800565 ], [ 78.89307098092732, 26.061381012989298 ], [ 78.884529514101857, 26.018667961685498 ], [ 78.87066927794973, 25.982537911521902 ], [ 78.822674572669655, 25.967711161990835 ], [ 78.785232265903687, 25.948296815707199 ], [ 78.759084569602763, 25.897799450606527 ], [ 78.739397473071506, 25.850707868095657 ], [ 78.736352886837977, 25.816785272544955 ], [ 78.749057176697136, 25.755613986458705 ], [ 78.735796066100306, 25.723385624339581 ], [ 78.704339858662053, 25.7155997266646 ], [ 78.677242004747427, 25.720939832151402 ], [ 78.629090750568679, 25.735750024743691 ], [ 78.564850494278815, 25.768122075296887 ], [ 78.547756745570993, 25.778205047622919 ], [ 78.530339080043618, 25.790799803339016 ], [ 78.520856461448787, 25.83112144443816 ], [ 78.525313896451053, 25.874684054719175 ], [ 78.538414287942999, 25.915887397428683 ], [ 78.562783896398173, 25.949652571615061 ], [ 78.584993997402478, 25.977023096446487 ], [ 78.650100485411997, 25.995079279132263 ], [ 78.702061698297868, 26.010220801697407 ], [ 78.729551315839046, 26.040292955673614 ], [ 78.737866561722385, 26.081713359597778 ], [ 78.729531037692823, 26.13537572226095 ], [ 78.718412205524785, 26.184815243000799 ], [ 78.718617053301386, 26.241119491602024 ], [ 78.699991876657762, 26.271187613815325 ], [ 78.657785814074927, 26.275611089337744 ], [ 78.598632174173517, 26.262791023598048 ], [ 78.56965185448162, 26.232494227407873 ], [ 78.540239288960578, 26.187405954248145 ], [ 78.514335859008995, 26.152723938200896 ], [ 78.478103607814646, 26.143581664190432 ], [ 78.466314550069583, 26.133904803070887 ], [ 78.438006702588012, 26.110657499433739 ], [ 78.411321152017706, 26.047333437255574 ], [ 78.38899950156592, 25.987718132256372 ], [ 78.337484929855407, 25.94022936178494 ], [ 78.279168763995102, 25.893350314667643 ], [ 78.222120919933559, 25.852621735525677 ], [ 78.192059943286282, 25.79409127072454 ], [ 78.192197118945813, 25.740144073584833 ], [ 78.209656750313911, 25.712274148572011 ], [ 78.233122713392035, 25.674795176481865 ], [ 78.293592000201954, 25.613294418646309 ], [ 78.334386936050365, 25.565588479791252 ], [ 78.339024189637954, 25.54304730977935 ], [ 78.297224410809008, 25.515353642522939 ], [ 78.263250396851348, 25.484608142934174 ], [ 78.238831105296441, 25.436934266754811 ], [ 78.227737222781101, 25.41521889519267 ], [ 78.252929213644592, 25.354990330939639 ], [ 78.284368442098824, 25.274092720733552 ], [ 78.294140714518704, 25.247141739855024 ], [ 78.297503780462804, 25.218601074833874 ], [ 78.163426281698563, 25.186683160160747 ], [ 78.142476110581995, 25.137000533594854 ], [ 78.146997306192731, 25.083194168999135 ], [ 78.279597962727209, 25.076562665165895 ], [ 78.253936464724447, 25.017930993336236 ], [ 78.225734732829793, 24.981308474178579 ], [ 78.180181816478239, 24.941231486642128 ], [ 78.144502099564463, 24.897110604141549 ], [ 78.126378442067789, 24.842586009985851 ], [ 78.129109539771164, 24.795142544253807 ], [ 78.128181979262564, 24.742523547753258 ], [ 78.137189125134128, 24.663914596550281 ], [ 78.154442631121185, 24.570809349275997 ], [ 78.164818817171962, 24.485009419887678 ], [ 78.172634343635579, 24.422180466835883 ], [ 78.161773913596107, 24.378721110277422 ], [ 78.162153604350081, 24.346843153452593 ], [ 78.169669748251181, 24.303357277231363 ], [ 78.16131801492763, 24.281687848498127 ], [ 78.125843023805999, 24.268814422092518 ], [ 78.096369463090937, 24.277654531147718 ], [ 78.069412657083589, 24.261370372752197 ], [ 78.066388002042913, 24.248774312445505 ], [ 78.063337345054563, 24.236066716934317 ], [ 78.066365934951847, 24.199477776578092 ], [ 78.056374725023758, 24.157062382867942 ], [ 78.043025802585916, 24.12080073924102 ], [ 78.032005971713573, 24.100248651661662 ], [ 78.045705949387028, 24.069177216933781 ], [ 78.062442702965484, 24.051294801725827 ], [ 78.078998642660011, 24.04236752767266 ], [ 78.15632139514247, 24.03112299753332 ], [ 78.182360212444607, 24.027718944506066 ], [ 78.189472357326594, 24.015753756528067 ], [ 78.193051042476469, 23.987031579797733 ], [ 78.203701213777933, 23.960668488625828 ], [ 78.216286989997286, 23.949662336055887 ], [ 78.241527976167575, 23.946266410587661 ], [ 78.267619592026762, 23.930315547194876 ], [ 78.279753056114103, 23.917166025159109 ], [ 78.271661812831397, 23.889766524183365 ], [ 78.254659976084369, 23.86398734936142 ], [ 78.22485186700024, 23.839548702411623 ], [ 78.201633249878299, 23.813534050273287 ], [ 78.193842340837136, 23.781466643303599 ], [ 78.200420738811374, 23.732270463425582 ], [ 78.20654815424156, 23.712447868248368 ], [ 78.218143845981857, 23.708406401114775 ], [ 78.181889584627726, 23.665125220845347 ], [ 78.139500798613383, 23.615853999283317 ], [ 78.082872944422675, 23.587623264454361 ], [ 78.050956975182601, 23.585388796847699 ], [ 78.020195402058121, 23.599600001071138 ], [ 77.982853662151371, 23.598173457832967 ], [ 77.971911814105965, 23.595518147316923 ], [ 77.959223603778256, 23.58429945545797 ], [ 77.958645561063364, 23.558522783187229 ], [ 77.971692594804395, 23.516727148129306 ], [ 77.964807238533865, 23.486772794503874 ], [ 77.941327180198499, 23.478621989259878 ], [ 77.897855076219045, 23.479436783173536 ], [ 77.869442782309136, 23.458471638341429 ], [ 77.873387035026809, 23.425445926027489 ], [ 77.883443654134027, 23.388009242793672 ], [ 77.844011633911748, 23.358643707349334 ], [ 77.809943399195006, 23.362125150956057 ], [ 77.782826565321059, 23.401296391819717 ], [ 77.728281896293637, 23.466737670405518 ], [ 77.714894358313217, 23.495628834757255 ], [ 77.666633540737564, 23.490731213866756 ], [ 77.610665880542811, 23.488813590539717 ], [ 77.578245541789855, 23.499384477450452 ], [ 77.525542731800286, 23.505980338753989 ], [ 77.511507683769793, 23.503341358735625 ], [ 77.441022413200542, 23.472934732519484 ], [ 77.391192548504094, 23.466541678185443 ], [ 77.377291634617393, 23.471053685560722 ], [ 77.357482508035517, 23.492851687420735 ], [ 77.356617696037461, 23.531559468131405 ], [ 77.358555053706311, 23.553027067318862 ], [ 77.422060874001048, 23.625137519802365 ], [ 77.423037536919381, 23.678145782928958 ], [ 77.406425452792092, 23.705633295589042 ], [ 77.355775193363627, 23.745106818320536 ], [ 77.300246542427544, 23.774606342052962 ], [ 77.246051674258567, 23.7926025428347 ], [ 77.227757435909155, 23.81579869164284 ], [ 77.24669291879944, 23.82985551641011 ], [ 77.287465146936214, 23.845020088038748 ], [ 77.334528716482353, 23.862944140823526 ], [ 77.418756115439763, 23.867375697747743 ], [ 77.474041190952704, 23.906620669508882 ], [ 77.543695615913393, 23.961368149408703 ], [ 77.580175085038164, 23.992282845393216 ], [ 77.658334023326063, 24.000977032958936 ], [ 77.772327884863444, 24.007553336903648 ], [ 77.84133321585918, 24.024913842127944 ], [ 77.873185516729464, 24.054405186167774 ], [ 77.87245590125967, 24.091667916686596 ], [ 77.844883237429613, 24.115106650392839 ], [ 77.804784472689747, 24.137339202147206 ], [ 77.780994172595072, 24.192218000516895 ], [ 77.764610902420273, 24.260776520069452 ], [ 77.732724508140976, 24.267800549985306 ], [ 77.687161749905854, 24.256434527052626 ], [ 77.644571515880813, 24.275091602627096 ], [ 77.635507242411308, 24.290293676156452 ], [ 77.604341242831282, 24.295129898639257 ], [ 77.558632426886817, 24.276563269428426 ], [ 77.502737973261105, 24.256000592606469 ], [ 77.443639639260041, 24.230452221317037 ], [ 77.396451833516707, 24.214006794411251 ], [ 77.344503539374173, 24.235594731915267 ], [ 77.307930139489187, 24.244035787601462 ], [ 77.267819386778257, 24.229591766674812 ], [ 77.232435923932684, 24.172073902291462 ], [ 77.229978673560566, 24.120517411130606 ], [ 77.237640815343099, 24.022235855324141 ], [ 77.208875630201561, 23.936663591080706 ], [ 77.197869952583247, 23.885226946404497 ], [ 77.186288125996754, 23.845262491591743 ], [ 77.12464115992303, 23.8869725077579 ], [ 77.082762104370715, 23.948458580448236 ], [ 77.078348885229744, 23.965000768492612 ], [ 77.060229477525951, 24.002509809737649 ], [ 77.039081535793201, 24.046507161005938 ], [ 76.990360299854174, 24.075097601966984 ], [ 76.933574260461057, 24.088009375333755 ], [ 76.795293751577276, 24.079811882429887 ], [ 76.794884173246587, 24.119714668532914 ], [ 76.786994528490666, 24.151341683349642 ], [ 76.760301859901801, 24.17936429852179 ], [ 76.736554491416939, 24.194926317118249 ], [ 76.732517133645018, 24.20452829984033 ], [ 76.732659278136254, 24.215038291670979 ], [ 76.746528395056941, 24.238769695506491 ], [ 76.770930404820078, 24.270021865203645 ], [ 76.769070970680716, 24.286288387524262 ], [ 76.725976979751266, 24.337430401279743 ], [ 76.712651974524832, 24.354782081183806 ], [ 76.706599396959191, 24.370139802824788 ], [ 76.717443296155082, 24.400596043465448 ], [ 76.74048778683995, 24.407021916229425 ], [ 76.779078125292827, 24.405617720227703 ], [ 76.802775998068981, 24.384315126402541 ], [ 76.826411039548503, 24.359187686322091 ], [ 76.860477705992011, 24.334884888837728 ], [ 76.88860190172646, 24.332626295539175 ], [ 76.90231341920834, 24.342965773928547 ], [ 76.923442358368334, 24.360854099902323 ], [ 76.935306539832681, 24.386501859530302 ], [ 76.934780171723958, 24.48874743695896 ], [ 76.947866720900095, 24.524887820255579 ], [ 76.971167380972474, 24.54560562066818 ], [ 76.983000959629791, 24.567426249922107 ], [ 76.969915155945358, 24.599128594126277 ], [ 76.948240425191742, 24.616609395940451 ], [ 76.894989376374525, 24.620156241331944 ], [ 76.818645056635333, 24.617276732055839 ], [ 76.781117579955207, 24.624414569346598 ], [ 76.759356999143861, 24.638048341219527 ], [ 76.755563492187875, 24.665803423914323 ], [ 76.766381823484707, 24.691476047319956 ], [ 76.813908128245473, 24.723396700616 ], [ 76.836083049763303, 24.737459373162224 ], [ 76.840604957429335, 24.760335957378455 ], [ 76.82107491106062, 24.784462360829696 ], [ 76.768288167573701, 24.82618274117781 ], [ 76.757150791994277, 24.85306864429657 ], [ 76.759488314151469, 24.870240430481246 ], [ 76.769158028592244, 24.887325359419254 ], [ 76.805086755254976, 24.908871469079198 ], [ 76.85859423896305, 24.913946996537561 ], [ 76.90069917486349, 24.926792608976886 ], [ 76.933368046667312, 24.938793196950662 ], [ 76.990432970825125, 24.968615272428227 ], [ 77.035711789169184, 24.981378545726923 ], [ 77.08293407896187, 24.984546477272712 ], [ 77.142699982868706, 24.985608386858079 ], [ 77.213166396550136, 24.998906678212961 ], [ 77.246788808288741, 25.003179026974717 ], [ 77.26574927082649, 25.008145479670791 ], [ 77.284711071868784, 25.01310940150605 ], [ 77.30062786781923, 25.023372088140853 ], [ 77.309281239941328, 25.037567152203319 ], [ 77.310015514629754, 25.076722364755724 ], [ 77.310002530227223, 25.077227336878238 ], [ 77.308197111517984, 25.147441281293158 ], [ 77.264794336672423, 25.240774560235845 ], [ 77.228618234442919, 25.272849802078795 ], [ 77.194128738922316, 25.282919893027621 ], [ 77.158531654786131, 25.290132443200132 ], [ 77.072738177273166, 25.250283031855862 ], [ 77.059319875074308, 25.242558219352073 ], [ 76.983662225615049, 25.198960029444137 ], [ 76.944479223602059, 25.190509015953435 ], [ 76.862501828087161, 25.172828081879036 ], [ 76.816356314168871, 25.17626811301178 ], [ 76.774503414601355, 25.186330740612998 ], [ 76.73081317917071, 25.21551303062386 ], [ 76.686407568157605, 25.270489662660712 ] ], [ [ 77.831694827963972, 24.915546321257477 ], [ 77.827477639417694, 24.912321211982743 ], [ 77.826498787027958, 24.869362501689338 ], [ 77.806467100581386, 24.816734450384487 ], [ 77.826343653788356, 24.793438450404498 ], [ 77.887685268463002, 24.799429264447777 ], [ 77.948725043015202, 24.792507957906373 ], [ 78.002120673099299, 24.794310437890278 ], [ 78.039936690557354, 24.800708473387889 ], [ 78.080103516119777, 24.838560386896763 ], [ 78.088605164857981, 24.860612269074164 ], [ 78.074536386465866, 24.867322585425789 ], [ 78.015982307571079, 24.912922695711785 ], [ 77.971588101583976, 24.961085508081169 ], [ 77.902648453834033, 24.969608810629538 ], [ 77.86585630135373, 24.941671424145088 ], [ 77.831694827963972, 24.915546321257477 ] ] ] } },
{ "type": "Feature", "properties": { "state_name": "Hyderabad", "id": 17 }, "geometry": { "type": "MultiPolygon", "coordinates": [ [ [ [ 78.143534651921982, 15.865519127967449 ], [ 78.101413663556869, 15.887150136144143 ], [ 78.059333426321416, 15.921117354144616 ], [ 78.027941890198932, 15.941845243945959 ], [ 77.860276657016541, 16.012814970167589 ], [ 77.727122244344358, 16.031753995794176 ], [ 77.576806714943345, 16.025966041528758 ], [ 77.504384431314151, 16.004836102386733 ], [ 77.455029354235563, 16.01018625926428 ], [ 77.414853032924853, 16.039323562541227 ], [ 77.365060662655836, 16.092463154119411 ], [ 77.323686799392704, 16.106302483390394 ], [ 77.261299047612766, 16.09932324159784 ], [ 77.213333920101164, 16.054885934508047 ], [ 77.113128429404981, 16.023386714885014 ], [ 77.030111422689174, 16.027057183626638 ], [ 76.977672494834891, 16.023721939403437 ], [ 76.938586991783637, 15.969568925757445 ], [ 76.940606115826938, 15.871050113364053 ], [ 76.916488231563406, 15.828230051431976 ], [ 76.871799934526081, 15.802798640521903 ], [ 76.816531432261968, 15.808049776242235 ], [ 76.778879979668204, 15.794971846645451 ], [ 76.74386079520491, 15.742652619465996 ], [ 76.746033253719503, 15.649862112468661 ], [ 76.73971547102775, 15.60304718482007 ], [ 76.723671356959926, 15.572567481377444 ], [ 76.664232645233653, 15.543374347722454 ], [ 76.610016334199997, 15.549515860169668 ], [ 76.483610574254527, 15.534141722618934 ], [ 76.383707667414356, 15.496527698789222 ], [ 76.294260329343984, 15.389928306844908 ], [ 76.217196599010848, 15.36357714746503 ], [ 76.160056555872202, 15.371535246699748 ], [ 76.09578429041234, 15.336463412257972 ], [ 76.049388916593458, 15.324249285170898 ], [ 75.997201897289401, 15.336925621247888 ], [ 75.951896249494737, 15.346690656558398 ], [ 75.923393707818065, 15.329474929258065 ], [ 75.906193243493988, 15.341504559039407 ], [ 75.887839296342406, 15.372672245749635 ], [ 75.876936662828982, 15.418160339451813 ], [ 75.882110613427741, 15.475543614019125 ], [ 75.897120052087871, 15.524515281450139 ], [ 75.897347945533568, 15.577133798320832 ], [ 75.883955743716825, 15.619044320741821 ], [ 75.886542116697512, 15.646539381200027 ], [ 75.902691329204302, 15.670391150683528 ], [ 75.933674084980467, 15.697766262882153 ], [ 75.951067550469219, 15.721608556119122 ], [ 75.953637058230072, 15.743122841104388 ], [ 75.941372321210139, 15.761114079125701 ], [ 75.92661926238388, 15.775527725585281 ], [ 75.919328245121022, 15.80186767610879 ], [ 75.938141639395766, 15.863971710409153 ], [ 75.933309865896916, 15.887909620437551 ], [ 75.923506732770164, 15.905889490536364 ], [ 75.87785181879886, 15.92162606382386 ], [ 75.851969615619012, 15.938471938150363 ], [ 75.836070767542324, 15.979193727395764 ], [ 75.806574306315198, 16.022357737658076 ], [ 75.799894084204041, 16.083531471256517 ], [ 75.800070412650882, 16.127538552041372 ], [ 75.844615189834443, 16.129280235017163 ], [ 75.904887001274375, 16.107029784259772 ], [ 75.964104393968, 16.074244441828004 ], [ 75.996830782339217, 16.08940087189772 ], [ 76.003963935665752, 16.130503188302498 ], [ 76.010091219011471, 16.167783186977804 ], [ 76.053720466383879, 16.181921098250516 ], [ 76.170088768379784, 16.106698343971285 ], [ 76.193665114442751, 16.077870083491014 ], [ 76.240181678025607, 16.080475238752339 ], [ 76.263087559547159, 16.104255526285389 ], [ 76.261290102903814, 16.132963272830288 ], [ 76.242924215633167, 16.202900872476043 ], [ 76.221387028305543, 16.242245315608304 ], [ 76.190784270976636, 16.257724702757322 ], [ 76.185032240696131, 16.289324121687141 ], [ 76.205947608002859, 16.308337329644825 ], [ 76.256625399220539, 16.307100645538345 ], [ 76.257446414484676, 16.30708051035398 ], [ 76.287260175737501, 16.322205688491934 ], [ 76.302371491449634, 16.360374547537639 ], [ 76.287793388563827, 16.403508473391664 ], [ 76.260485016749456, 16.471588643559194 ], [ 76.242934775188658, 16.51760767908905 ], [ 76.26194788580537, 16.544276658072725 ], [ 76.291774059908121, 16.555572356296832 ], [ 76.310726447030135, 16.571714831350349 ], [ 76.310933778500186, 16.60232200054384 ], [ 76.316245674949101, 16.653939956587006 ], [ 76.324407036425114, 16.686409098985472 ], [ 76.34659457649029, 16.736960044962089 ], [ 76.338914438974101, 16.774313147559841 ], [ 76.322314573743938, 16.814593056680724 ], [ 76.282831108649873, 16.850233778722906 ], [ 76.250173537655783, 16.868609007227313 ], [ 76.247438556323544, 16.905929489421137 ], [ 76.261558243327755, 16.937407459027757 ], [ 76.289466433868014, 16.949667589739601 ], [ 76.292722590828717, 16.98981945098836 ], [ 76.255161848439386, 17.021618658429205 ], [ 76.244428688971013, 17.052292473812976 ], [ 76.255519568483578, 17.075179973338162 ], [ 76.286464765276193, 17.09220269624031 ], [ 76.305526979077982, 17.115992573634227 ], [ 76.306641847056284, 17.133201817818989 ], [ 76.287906953492126, 17.157233812344963 ], [ 76.243182741712261, 17.164209416651609 ], [ 76.235413579238823, 17.192951674685744 ], [ 76.246898240319794, 17.273225087522995 ], [ 76.244123801661502, 17.304805913000713 ], [ 76.202343028556555, 17.310799732349512 ], [ 76.177334578551395, 17.292774853077312 ], [ 76.128310014422084, 17.253839750276583 ], [ 76.092434961961246, 17.247342284321121 ], [ 76.059608228886987, 17.25134406037434 ], [ 76.050703434078684, 17.260956095708604 ], [ 76.050817277783409, 17.281042598482191 ], [ 76.053140661940489, 17.339378403921614 ], [ 76.04945649227362, 17.39200636088956 ], [ 76.037626204849246, 17.414068156897208 ], [ 76.024796743042316, 17.43613448324334 ], [ 76.033861774082212, 17.453304937094885 ], [ 76.06681965612043, 17.465565580604778 ], [ 76.10860099471104, 17.452902627439222 ], [ 76.193178513250189, 17.433284023701646 ], [ 76.261003256884962, 17.443387218120971 ], [ 76.298967881673789, 17.457489770975929 ], [ 76.308011148057687, 17.467951338012853 ], [ 76.300242838539788, 17.496695439309718 ], [ 76.275626398676167, 17.539895032363873 ], [ 76.283898385499171, 17.581924804364615 ], [ 76.32309334020583, 17.623748908588926 ], [ 76.332400102011263, 17.66863771014086 ], [ 76.326758515843181, 17.715539943576765 ], [ 76.326551158940276, 17.725856278792897 ], [ 76.326028001447227, 17.751888354357614 ], [ 76.310107556019489, 17.75869024553889 ], [ 76.278235641193916, 17.768464870755178 ], [ 76.238466232371863, 17.791674612120513 ], [ 76.202577514059655, 17.799549945389163 ], [ 76.172563423127727, 17.790167671076368 ], [ 76.135407115917801, 17.755954198632715 ], [ 76.094470449491851, 17.75427406126347 ], [ 76.071580818589226, 17.765878229668516 ], [ 76.060775129585934, 17.795587855806488 ], [ 76.064995895566241, 17.83382389903807 ], [ 76.064298819453441, 17.884520620768569 ], [ 76.053598961880482, 17.933358655143497 ], [ 76.043797890875524, 17.965931405401296 ], [ 76.013904056024074, 17.981393435481333 ], [ 76.000884057276195, 17.976678698842676 ], [ 75.989730446560728, 17.948041571477667 ], [ 75.976666270138821, 17.934716928203034 ], [ 75.95056419064764, 17.911890543530021 ], [ 75.908519247803355, 17.895830857364071 ], [ 75.861542178581459, 17.891261795367413 ], [ 75.80767795104687, 17.909666547772318 ], [ 75.785760523873904, 17.92410416907623 ], [ 75.7748025380684, 17.931800352390766 ], [ 75.750784187204005, 17.923285814743608 ], [ 75.714774189759552, 17.913856111986959 ], [ 75.680850003498151, 17.926412852099215 ], [ 75.659001216708489, 17.962836840525075 ], [ 75.646015303351035, 17.964793583481139 ], [ 75.631023329704703, 17.96484290342725 ], [ 75.601006911623656, 17.955372646903122 ], [ 75.589020205159358, 17.957322485309405 ], [ 75.577073577861839, 17.97170668765138 ], [ 75.567188428528652, 18.006171786418587 ], [ 75.567280292648917, 18.03486805019331 ], [ 75.570378606316993, 18.065468468289922 ], [ 75.569464929317832, 18.092254426579306 ], [ 75.549520563211757, 18.111443179007871 ], [ 75.528591541437692, 18.137328453937151 ], [ 75.520667160339556, 18.164133291410653 ], [ 75.507301294162716, 18.198306434978356 ], [ 75.49781858753758, 18.222542926536402 ], [ 75.483826414421245, 18.230231076297265 ], [ 75.458788914288647, 18.225509926872473 ], [ 75.417716945132298, 18.212212136539137 ], [ 75.384684981529247, 18.211324670824176 ], [ 75.361685936456169, 18.221891511006305 ], [ 75.347714232247355, 18.242961545350688 ], [ 75.335774721069541, 18.281244926690924 ], [ 75.337819954778411, 18.303241947054239 ], [ 75.342949682243272, 18.365408179625629 ], [ 75.335977885439462, 18.386464500047666 ], [ 75.308948348233301, 18.398945343708171 ], [ 75.287912934206261, 18.40280452412005 ], [ 75.269930396897379, 18.437266378726807 ], [ 75.24795447918676, 18.487992869797477 ], [ 75.203862084981424, 18.503350061924372 ], [ 75.18584002174498, 18.526325479495867 ], [ 75.190923892451337, 18.589451477499065 ], [ 75.17786292652309, 18.636838037612034 ], [ 75.171934093107836, 18.65833958519681 ], [ 75.138870438442325, 18.722453761178222 ], [ 75.068608484435586, 18.748318626284131 ], [ 74.98326066389852, 18.788504047335756 ], [ 74.942060478030101, 18.860233911846819 ], [ 74.914906777836464, 18.912831046323419 ], [ 74.884735141805919, 18.943422651497251 ], [ 74.844495100685251, 18.977826977434365 ], [ 74.845453706983406, 19.028521603904874 ], [ 74.860521041101904, 19.0505327238251 ], [ 74.901753459918666, 19.062993557142924 ], [ 74.934949309883251, 19.062051764677644 ], [ 74.958079661742772, 19.085014050538792 ], [ 74.978194414597468, 19.133797954400524 ], [ 74.989262002019672, 19.169188494612388 ], [ 75.010401531765822, 19.195013242823418 ], [ 75.04161237579585, 19.204573511600142 ], [ 75.083890411021045, 19.191168475531089 ], [ 75.165416712066033, 19.174853119861993 ], [ 75.182479422791246, 19.129882829231846 ], [ 75.20357005965991, 19.095427637671456 ], [ 75.244805203496469, 19.084856243645955 ], [ 75.288073423041112, 19.089576055296963 ], [ 75.324306857393367, 19.097167598735375 ], [ 75.352518547636578, 19.11624507132159 ], [ 75.347585482036692, 19.163121088970794 ], [ 75.313405610198998, 19.185181192308455 ], [ 75.307433226810574, 19.221536713763175 ], [ 75.326629948694077, 19.25497936171924 ], [ 75.357874050427725, 19.266398290833891 ], [ 75.391120920614327, 19.271112420183659 ], [ 75.420372542409737, 19.288263433401443 ], [ 75.43564620311021, 19.350395945670925 ], [ 75.43165840526099, 19.366664776933618 ], [ 75.423340764423997, 19.38003476064041 ], [ 75.412588298773841, 19.397314790452128 ], [ 75.380363188746301, 19.40981867873159 ], [ 75.324965814105909, 19.431924187170832 ], [ 75.312933903909368, 19.466376889814587 ], [ 75.31003993403219, 19.535244612499444 ], [ 75.296999040172793, 19.575436247487414 ], [ 75.242530185627999, 19.588907609148006 ], [ 75.19004697333061, 19.582275588707205 ], [ 75.150700859632252, 19.591877018507965 ], [ 75.124480981224224, 19.615807662733502 ], [ 75.094208233718547, 19.627303132508402 ], [ 75.027588004469067, 19.623499970202019 ], [ 74.98721418882792, 19.613937374430062 ], [ 74.960970425011112, 19.621585003568484 ], [ 74.928657227576281, 19.653137059169534 ], [ 74.902389866253642, 19.684686551076197 ], [ 74.871071690183541, 19.704751524836496 ], [ 74.821584923273264, 19.707578379527227 ], [ 74.791280936493223, 19.713284148689986 ], [ 74.765018857514164, 19.71612089279629 ], [ 74.75188232186359, 19.720885239340227 ], [ 74.737720976925786, 19.734254770543476 ], [ 74.725520263413785, 19.781100208329075 ], [ 74.722436193816236, 19.811700182180545 ], [ 74.721352293967342, 19.853779829577547 ], [ 74.693011279395009, 19.873817450749964 ], [ 74.645455390577922, 19.892856818843022 ], [ 74.629216379714279, 19.919602357084038 ], [ 74.628088742280411, 19.969331511806303 ], [ 74.64619584727113, 20.014318004202213 ], [ 74.698739284870726, 20.051713643016246 ], [ 74.733032752590645, 20.120627198445302 ], [ 74.749122855941536, 20.189508813292822 ], [ 74.756127091858659, 20.244987234035097 ], [ 74.759113908331116, 20.279419956082396 ], [ 74.793561444647636, 20.289027425962946 ], [ 74.839194157639525, 20.268991888695837 ], [ 74.878719568785272, 20.269023695955838 ], [ 74.901011737836228, 20.275732182867582 ], [ 74.918232511428215, 20.292955422646308 ], [ 74.92530957292216, 20.331212595804164 ], [ 74.950649269625288, 20.354173920145943 ], [ 74.988167851702713, 20.360874912807283 ], [ 75.008449215538732, 20.358962417935349 ], [ 75.03177437590584, 20.367566838375819 ], [ 75.037868650638515, 20.406775666522417 ], [ 75.061207927383848, 20.428764828082048 ], [ 75.11599610768414, 20.434474969538496 ], [ 75.144415183095163, 20.446886063832011 ], [ 75.149494823449828, 20.453576107052502 ], [ 75.151532618804112, 20.462181335445564 ], [ 75.139384314332531, 20.493750405622226 ], [ 75.123191146352795, 20.551142215173545 ], [ 75.112056811828069, 20.598009487133748 ], [ 75.122233712722107, 20.623823137765939 ], [ 75.1872835359882, 20.655323138267704 ], [ 75.232974674684016, 20.636141337053516 ], [ 75.296821101009101, 20.556669678488426 ], [ 75.348545064891127, 20.530752912680168 ], [ 75.40344179458603, 20.560279419806893 ], [ 75.432981503142599, 20.593678639678711 ], [ 75.468520691046436, 20.591673444228451 ], [ 75.498974876797888, 20.587763116166965 ], [ 75.526341551739549, 20.572381377998401 ], [ 75.555809428502442, 20.578027012480103 ], [ 75.584311210445506, 20.596102523142537 ], [ 75.638179752657564, 20.606431175878296 ], [ 75.686860962534851, 20.590944356685434 ], [ 75.740406229994591, 20.53334770772463 ], [ 75.782953495677503, 20.515948135777116 ], [ 75.847076596254183, 20.548159362568807 ], [ 75.877619574038704, 20.56330719817495 ], [ 75.933407409885589, 20.554409461822154 ], [ 75.965600050472446, 20.568407251323681 ], [ 76.007873499433174, 20.541223128734735 ], [ 76.036620130687069, 20.513801654578533 ], [ 76.050423454985079, 20.472840715534169 ], [ 76.063510938475702, 20.43941331203013 ], [ 76.089723344087105, 20.434231084427992 ], [ 76.135597327064275, 20.413140614818456 ], [ 76.154089217474237, 20.393656193098437 ], [ 76.155750192509231, 20.361373597774268 ], [ 76.164549947150348, 20.317927680856215 ], [ 76.189884560106492, 20.300545668972443 ], [ 76.236416677416898, 20.273330470353741 ], [ 76.287211491641628, 20.258263526087408 ], [ 76.319588570264003, 20.22288377024886 ], [ 76.327701744147745, 20.194137641531803 ], [ 76.31609493685967, 20.168766862014511 ], [ 76.282098511743712, 20.144276598367561 ], [ 76.24348929640999, 20.111206004426595 ], [ 76.232369155064802, 20.096941001596456 ], [ 76.235597409555965, 20.024485748187551 ], [ 76.228635000042487, 20.007322367621644 ], [ 76.206024884074566, 19.977356752614956 ], [ 76.191356995543543, 19.943390214466593 ], [ 76.205267139240519, 19.92751859894009 ], [ 76.230993389069226, 19.920170605242522 ], [ 76.278555169687252, 19.894017227320393 ], [ 76.300276991490904, 19.86158785591066 ], [ 76.322724278159157, 19.826282162360261 ], [ 76.338123599482813, 19.810031460798545 ], [ 76.402529866380249, 19.806093667996311 ], [ 76.415730197698863, 19.813638963767414 ], [ 76.439155140268312, 19.834487443719976 ], [ 76.449406331300096, 19.85065925541673 ], [ 76.456575588079403, 19.861118598292869 ], [ 76.468825200777616, 19.874404235969745 ], [ 76.485057238481161, 19.880962679679634 ], [ 76.506280632122184, 19.880784406984446 ], [ 76.53848218789102, 19.866167116520682 ], [ 76.56555978118449, 19.844896518676741 ], [ 76.587607396487527, 19.826535353187026 ], [ 76.614748758465566, 19.812906301180405 ], [ 76.639923937647708, 19.805028053184692 ], [ 76.665245615750067, 19.811486422092024 ], [ 76.710119843681198, 19.85121736597041 ], [ 76.720336627913866, 19.861635794023218 ], [ 76.73359654251297, 19.872980004238833 ], [ 76.742805733233411, 19.88340673762124 ], [ 76.763185547397271, 19.898502799443165 ], [ 76.787515274818645, 19.904952265972764 ], [ 76.8218767489942, 19.904603615321761 ], [ 76.853116649970104, 19.896632808511782 ], [ 76.886272061515385, 19.880032462753903 ], [ 76.915493771779254, 19.873028582987729 ], [ 76.952806617937611, 19.866887537997254 ], [ 76.97811147049822, 19.870432166926459 ], [ 77.009575443324707, 19.881551253061097 ], [ 77.036309285428004, 19.917572744813526 ], [ 77.048707205829729, 19.938460524215582 ], [ 77.05484560040054, 19.944125102800555 ], [ 77.074099330382339, 19.947724859713066 ], [ 77.108147026257569, 19.923426512716354 ], [ 77.125173245442198, 19.911753087875198 ], [ 77.144166172703578, 19.896231007249558 ], [ 77.154231034305155, 19.893241795955589 ], [ 77.165357774177622, 19.894062597468519 ], [ 77.180604469094092, 19.900567402806168 ], [ 77.18677177303411, 19.908138537579397 ], [ 77.197113602582007, 19.925216352709537 ], [ 77.20636749579711, 19.936571815275176 ], [ 77.230688413883598, 19.941047158370743 ], [ 77.275685465133236, 19.90702281692802 ], [ 77.282703036792043, 19.903109632873786 ], [ 77.296764662950309, 19.897193777860075 ], [ 77.318990432593964, 19.896905416809094 ], [ 77.351402842404525, 19.902214551783178 ], [ 77.379789962687596, 19.908527251829963 ], [ 77.395954383028922, 19.908310150976781 ], [ 77.422104723052357, 19.900309945555566 ], [ 77.431050531648992, 19.890630586348689 ], [ 77.438721988301509, 19.863765227852603 ], [ 77.442469180437001, 19.844599333090784 ], [ 77.44514753888329, 19.821625145765154 ], [ 77.451761181065834, 19.791906871135158 ], [ 77.488281066182168, 19.737882216061248 ], [ 77.498179024501127, 19.725320205924977 ], [ 77.516221848674292, 19.717422123398464 ], [ 77.529791400468397, 19.681870490663911 ], [ 77.538358349389284, 19.649256081874469 ], [ 77.54102293422406, 19.626281854026924 ], [ 77.546054482934267, 19.609262636597954 ], [ 77.548683175232298, 19.60036991246999 ], [ 77.568528875904946, 19.580018728103731 ], [ 77.586551998562769, 19.572115661163437 ], [ 77.619970402700147, 19.581189699199779 ], [ 77.671805162294021, 19.606230463632844 ], [ 77.692095322334978, 19.613573054116451 ], [ 77.710178384583614, 19.609479311274139 ], [ 77.717155078296614, 19.604596202243702 ], [ 77.730865357208643, 19.580499264235531 ], [ 77.740653812555635, 19.563150316074282 ], [ 77.748441107891182, 19.546787085631369 ], [ 77.759298547086516, 19.533243491621064 ], [ 77.770235695458368, 19.524476008034156 ], [ 77.786970934187536, 19.501285380198766 ], [ 77.78547299811737, 19.472641804895421 ], [ 77.784934414025741, 19.44111667977943 ], [ 77.793523718331741, 19.413273461772512 ], [ 77.807225997460449, 19.390128937535145 ], [ 77.841995717976047, 19.362833704236476 ], [ 77.874069336429031, 19.354685776419132 ], [ 77.884217573153364, 19.359302735446224 ], [ 77.896480568278619, 19.369618356463146 ], [ 77.903746210868462, 19.381923830204212 ], [ 77.906064706114236, 19.399085497898085 ], [ 77.910601743012961, 19.427677240528197 ], [ 77.91836736808672, 19.467682296330448 ], [ 77.92588038036213, 19.493358603078335 ], [ 77.939354198562896, 19.51416014592829 ], [ 77.95865021385238, 19.522444248152546 ], [ 77.992883061557336, 19.520924980426038 ], [ 78.008841212723553, 19.512061278778372 ], [ 78.017764763305081, 19.504269306683597 ], [ 78.038523574019351, 19.482903119932004 ], [ 78.058055063480595, 19.450091362687445 ], [ 78.071629404049844, 19.422156117268575 ], [ 78.098910415488348, 19.373924632241224 ], [ 78.102610177651499, 19.356665209021109 ], [ 78.102415264720975, 19.346364774485462 ], [ 78.126113486248201, 19.339974432892244 ], [ 78.146864110382211, 19.339616981523086 ], [ 78.162024212543628, 19.342936752988507 ], [ 78.17285237506772, 19.349913124892243 ], [ 78.179931497950705, 19.358148416728728 ], [ 78.187686693647322, 19.368759714079449 ], [ 78.192985474232117, 19.382398980385439 ], [ 78.196526684883167, 19.402636466712877 ], [ 78.191914327877171, 19.424211488132975 ], [ 78.178260015432386, 19.434004152249056 ], [ 78.161805295578333, 19.461756774841529 ], [ 78.160334477157477, 19.483276745588032 ], [ 78.165030161483784, 19.498121195974694 ], [ 78.186104239175521, 19.5132744352135 ], [ 78.203704976603177, 19.511769176066359 ], [ 78.214928342195762, 19.506196529556423 ], [ 78.236113835094159, 19.495071990752095 ], [ 78.25937530544789, 19.493460213426115 ], [ 78.272663029026077, 19.496802323924779 ], [ 78.283590541834641, 19.507947340278776 ], [ 78.288322234617013, 19.523980401851293 ], [ 78.287970857459655, 19.53771786071929 ], [ 78.283188724935101, 19.550341995088758 ], [ 78.265910558772106, 19.567968940562853 ], [ 78.247879214326645, 19.579638063186035 ], [ 78.21237873669412, 19.599976607754666 ], [ 78.192426420214133, 19.610481244610412 ], [ 78.162369904103954, 19.619967775725186 ], [ 78.149865481516528, 19.624963655862178 ], [ 78.116069152556605, 19.636896824808034 ], [ 78.060868245919806, 19.650384305758038 ], [ 78.04394681927208, 19.655448639847354 ], [ 78.023940750909887, 19.66414614902515 ], [ 78.007735590210501, 19.673972259287591 ], [ 77.989118287556735, 19.68980860787179 ], [ 77.981124131155653, 19.700690012319402 ], [ 77.980361681185187, 19.727573581248333 ], [ 77.98433272309191, 19.737658634965918 ], [ 77.993270175846845, 19.743480657594517 ], [ 78.01289261291052, 19.747331203103744 ], [ 78.028710353848567, 19.750049712519939 ], [ 78.048481455487831, 19.761655928251226 ], [ 78.052469099548489, 19.772335663099561 ], [ 78.052617004610696, 19.780095400359052 ], [ 78.05546973149923, 19.797362406982796 ], [ 78.059699037047935, 19.820576593361899 ], [ 78.065054108134561, 19.836606069966248 ], [ 78.079999869725853, 19.859037572912147 ], [ 78.095279503108927, 19.865937555960844 ], [ 78.111705530911934, 19.866845355049776 ], [ 78.12427610022543, 19.86423694600775 ], [ 78.146809876293077, 19.85488432517673 ], [ 78.155511192836713, 19.848162847815811 ], [ 78.179884998751945, 19.836385760713501 ], [ 78.19312983773581, 19.836148984233549 ], [ 78.20773183533845, 19.840663011754362 ], [ 78.218658554136965, 19.850615349074605 ], [ 78.229755964744868, 19.868921948040583 ], [ 78.240892608406838, 19.889017827143654 ], [ 78.258948357181765, 19.907791872848552 ], [ 78.271095875960498, 19.915329599527098 ], [ 78.284494112302099, 19.922246232061742 ], [ 78.292140118794322, 19.925686559522326 ], [ 78.304759916589887, 19.925452138810567 ], [ 78.317429395467045, 19.92760377888095 ], [ 78.34896553611479, 19.926414790360013 ], [ 78.353281462922268, 19.921557695871279 ], [ 78.364474016304882, 19.913585659945888 ], [ 78.379133602949807, 19.890623570277349 ], [ 78.392604142562448, 19.871265062457567 ], [ 78.398707592419072, 19.861597633182505 ], [ 78.415104897286795, 19.861283847096086 ], [ 78.423985366665846, 19.863500970869737 ], [ 78.427228515452896, 19.867617015368239 ], [ 78.430548956061614, 19.875313007657883 ], [ 78.443408164383342, 19.886405963587372 ], [ 78.447834228701183, 19.892647466190361 ], [ 78.469027563770638, 19.892235217497582 ], [ 78.476533904529475, 19.889223494766153 ], [ 78.491419978287936, 19.877471543864395 ], [ 78.510623396793036, 19.855605908603248 ], [ 78.51462712277565, 19.831174217445291 ], [ 78.530575234048797, 19.799344124479013 ], [ 78.560703366093648, 19.793015765864418 ], [ 78.586643678698749, 19.802523512865221 ], [ 78.600677719408068, 19.820862248446254 ], [ 78.628690829395296, 19.854671376735382 ], [ 78.671388358300433, 19.868119298794671 ], [ 78.701652309413703, 19.867492326701193 ], [ 78.737766003359525, 19.858144012011291 ], [ 78.768625552645986, 19.818823976424465 ], [ 78.77998134063526, 19.787075446726799 ], [ 78.800642998486694, 19.765154342558223 ], [ 78.81666152963723, 19.739034313942469 ], [ 78.828789639451955, 19.740207289713698 ], [ 78.852805259163461, 19.732531160962317 ], [ 78.887275565300982, 19.781907531841764 ], [ 78.914771870068321, 19.792762947627466 ], [ 78.937417558903292, 19.790832813953866 ], [ 78.956790423930727, 19.778948735129759 ], [ 78.972817227693326, 19.754249945741162 ], [ 79.009890896841981, 19.72478435234564 ], [ 79.075041127051975, 19.67033607080565 ], [ 79.130162067419604, 19.639009060556308 ], [ 79.155909423728829, 19.641278553116429 ], [ 79.177645627242057, 19.663680873427463 ], [ 79.178240035633252, 19.686573621362232 ], [ 79.173523078235178, 19.72319100511864 ], [ 79.171767275283727, 19.771908573351944 ], [ 79.168790587217046, 19.802758916773094 ], [ 79.202729184423319, 19.829232739640357 ], [ 79.239013535493754, 19.828373120355572 ], [ 79.276800556513891, 19.808383246557149 ], [ 79.290191340448743, 19.781340363819009 ], [ 79.307864125696526, 19.763737127860988 ], [ 79.343766538985079, 19.749507840712084 ], [ 79.402183751852476, 19.748078629136597 ], [ 79.445329806011301, 19.777544441977653 ], [ 79.46081581254353, 19.826774432032948 ], [ 79.515437913848714, 19.833031084012195 ], [ 79.541253126403689, 19.819017571025242 ], [ 79.560420929320898, 19.784181925927083 ], [ 79.573866814981855, 19.760940692468385 ], [ 79.583663764955233, 19.751149189167474 ], [ 79.595199921799292, 19.731772400547523 ], [ 79.600420600592685, 19.703017573020823 ], [ 79.599711123580832, 19.678231233310683 ], [ 79.588831152212293, 19.649889088563921 ], [ 79.588179766014377, 19.627008885242152 ], [ 79.595034880727027, 19.584856344998105 ], [ 79.60074452581155, 19.573262161888955 ], [ 79.602213857735848, 19.554144129968847 ], [ 79.582979503556388, 19.514564476056069 ], [ 79.575872534852493, 19.47658262822463 ], [ 79.587343738723348, 19.455302982431363 ], [ 79.608699873016036, 19.428047734444615 ], [ 79.652206116072449, 19.402132375606662 ], [ 79.710143439450889, 19.389189982264714 ], [ 79.730729850208334, 19.405824522462112 ], [ 79.731669950718057, 19.438232301488036 ], [ 79.727136442227234, 19.489861041211878 ], [ 79.718304664418156, 19.532063636117336 ], [ 79.718970981472538, 19.554939826962606 ], [ 79.735449186921613, 19.5678618206795 ], [ 79.757795280465899, 19.574903614333618 ], [ 79.7699181801637, 19.576490464183777 ], [ 79.789746761626901, 19.566425649047869 ], [ 79.835028883908166, 19.532787076246013 ], [ 79.858810257150822, 19.520702826503321 ], [ 79.872823956588491, 19.518417380291535 ], [ 79.91715986848051, 19.521029223579884 ], [ 79.955756198862929, 19.533323991384464 ], [ 79.982003097538779, 19.536415047681444 ], [ 80.047972633372169, 19.52313726876762 ], [ 80.059614094388877, 19.509461720678132 ], [ 80.084185434472531, 19.459189328043241 ], [ 80.094747809007501, 19.411217837929378 ], [ 80.101530137912718, 19.370980968556562 ], [ 80.113441542873005, 19.301996358556767 ], [ 80.124293049483839, 19.263553142239942 ], [ 80.115498397653042, 19.239009969427926 ], [ 80.094732042386482, 19.21670690511618 ], [ 80.070253058134725, 19.204038424373845 ], [ 80.025779313626856, 19.193823317030979 ], [ 80.001364837151286, 19.183049188348917 ], [ 79.986693255158926, 19.162469943091036 ], [ 79.960745316910419, 19.10023373408665 ], [ 79.951080576705451, 19.045182256642544 ], [ 79.941821413336129, 19.003469448787524 ], [ 79.939197886491598, 18.982558867467684 ], [ 79.963997346097173, 18.93993354641907 ], [ 79.995076079941512, 18.906674398687759 ], [ 80.018021802202497, 18.869818203344181 ], [ 80.025972571641589, 18.794337382241928 ], [ 80.030513245644883, 18.751237005019668 ], [ 80.051210915430318, 18.706814558954925 ], [ 80.094289991829413, 18.675133809571232 ], [ 80.121590816426803, 18.651505795649232 ], [ 80.184682540693402, 18.621169457615004 ], [ 80.236227831295366, 18.606391855254827 ], [ 80.301685030346064, 18.589303403332355 ], [ 80.325358895827961, 18.579101857452653 ], [ 80.374693140687157, 18.558634871985106 ], [ 80.397037466594497, 18.506526193509188 ], [ 80.424263606339082, 18.482870888738137 ], [ 80.467567459034356, 18.462561160785857 ], [ 80.468526691028146, 18.462401951877403 ], [ 80.495641019222091, 18.457899591751914 ], [ 80.483987049442291, 18.441605297705493 ], [ 80.482564965026114, 18.396854315677899 ], [ 80.482113942948004, 18.351122089083354 ], [ 80.501482828519187, 18.301006110967069 ], [ 80.530780158482969, 18.281098176867467 ], [ 80.555901965435453, 18.255591326255846 ], [ 80.568787792829042, 18.221863696663558 ], [ 80.594222641936454, 18.175382594823084 ], [ 80.625235245589479, 18.147794771768929 ], [ 80.790130283741732, 18.040957195159905 ], [ 80.839919403684476, 18.010878424914448 ], [ 80.856844221924163, 17.98083721448242 ], [ 80.855837554843703, 17.950386831294438 ], [ 80.902148722362909, 17.876592965455796 ], [ 80.926136512643609, 17.850146972314722 ], [ 80.936982722739018, 17.81743409899698 ], [ 80.919861393918069, 17.780810167215154 ], [ 80.931908836903474, 17.724251526666887 ], [ 80.945354596522137, 17.680033017856413 ], [ 80.933801940393138, 17.630857296738547 ], [ 80.934907025832771, 17.573679066160356 ], [ 80.946711655161735, 17.539989395508957 ], [ 80.987894466982056, 17.524459698833599 ], [ 81.059182171793907, 17.548949115905746 ], [ 81.110680984362745, 17.574973784289334 ], [ 81.163883398576033, 17.59235856139545 ], [ 81.221069667764624, 17.581039937612722 ], [ 81.256876141634862, 17.525644999332261 ], [ 81.301613770462666, 17.470917657683792 ], [ 81.343850000004636, 17.45909927744394 ], [ 81.387826021045839, 17.440555070241391 ], [ 81.406667902982988, 17.412347557906376 ], [ 81.400222680592734, 17.369727822166571 ], [ 81.370059821547628, 17.357370774623583 ], [ 81.323691485763192, 17.363607726387979 ], [ 81.301484290316992, 17.35193746483333 ], [ 81.289812376520871, 17.329460932177355 ], [ 81.278144059384204, 17.306982767864515 ], [ 81.241604938676076, 17.281473299580075 ], [ 81.204404414517128, 17.265494775973526 ], [ 81.175767339747438, 17.238770830948365 ], [ 81.177848166701423, 17.212049108177336 ], [ 81.178172418161822, 17.192045953825442 ], [ 81.152049174866548, 17.150955567287824 ], [ 81.106101954966903, 17.139024263052328 ], [ 81.048006067328373, 17.149347158847306 ], [ 80.985480468508456, 17.145501569297505 ], [ 80.94846927759987, 17.134217024826025 ], [ 80.931727381697044, 17.106138040855981 ], [ 80.909533620872296, 17.062024116877588 ], [ 80.87035964343265, 17.012682126197905 ], [ 80.831768420263415, 16.981408552356207 ], [ 80.780367114923621, 16.983830271185937 ], [ 80.752789705611562, 17.020814524385234 ], [ 80.719412471559593, 17.127510108200511 ], [ 80.689856852385276, 17.165503677041901 ], [ 80.654410377537729, 17.173172259322843 ], [ 80.636584298229806, 17.173672450034022 ], [ 80.610934896200064, 17.144850639333313 ], [ 80.569678847596734, 17.124078101187003 ], [ 80.530607862214239, 17.10990554976572 ], [ 80.49583775065436, 17.107043039079684 ], [ 80.461806555775951, 17.095576629609184 ], [ 80.449091144201205, 17.0673275650135 ], [ 80.449742291030404, 17.02156221595628 ], [ 80.483987310128654, 16.972987436687571 ], [ 80.577427424875808, 16.918035690426048 ], [ 80.647529890026675, 16.87894614656344 ], [ 80.664587879994571, 16.853701293725891 ], [ 80.665826257046348, 16.828894489761606 ], [ 80.647665231058582, 16.817009518165541 ], [ 80.619959369175405, 16.816818308588584 ], [ 80.586526801429358, 16.790098329048885 ], [ 80.569250111367964, 16.774368200989748 ], [ 80.540282104019937, 16.764668976327133 ], [ 80.513595299549337, 16.765386622457171 ], [ 80.463697334437825, 16.819137628519098 ], [ 80.455317655089416, 16.837469240577118 ], [ 80.431794766769457, 16.880031193129554 ], [ 80.40262658220874, 16.933227410088435 ], [ 80.375071237867942, 16.973989670338344 ], [ 80.332574175439902, 17.012284728953144 ], [ 80.296722144508607, 17.040868723121534 ], [ 80.237950510289963, 17.030002745415036 ], [ 80.220348033051465, 17.002808756100539 ], [ 80.179042716277635, 16.978123844021443 ], [ 80.13969851132056, 16.988656951327172 ], [ 80.104976682339299, 16.949518915094618 ], [ 80.10494654763616, 16.949484935881447 ], [ 80.079323460754551, 16.917704774007124 ], [ 80.061984576125397, 16.89906424208462 ], [ 80.040462021441655, 16.871942160777586 ], [ 80.044675882554159, 16.844183891973994 ], [ 80.06109243824028, 16.828521567987043 ], [ 80.092193679039852, 16.806773290015364 ], [ 80.146949221251973, 16.781570214895343 ], [ 80.177558821801966, 16.778894180961007 ], [ 80.205201059798611, 16.740059747023327 ], [ 80.195249225933026, 16.664991477503985 ], [ 80.169564478896248, 16.629404497550365 ], [ 80.144954675399362, 16.596645627706653 ], [ 80.094129036753117, 16.581689671820925 ], [ 80.06151896973725, 16.58248717917769 ], [ 80.03792577926346, 16.587829043926838 ], [ 80.010674235041066, 16.604700632965631 ], [ 79.978647086797977, 16.628360362201597 ], [ 79.949062711015571, 16.631930469569532 ], [ 79.921404679485505, 16.633543291222548 ], [ 79.900017366264009, 16.648357114983536 ], [ 79.869943782303849, 16.671958578496074 ], [ 79.837811954858978, 16.692744066387679 ], [ 79.804109592095884, 16.690669341394266 ], [ 79.777655622967231, 16.661711485751432 ], [ 79.735222735283472, 16.626436384409423 ], [ 79.671581890928536, 16.613570219907274 ], [ 79.493258441141265, 16.605105647414842 ], [ 79.378480260040433, 16.562703836677812 ], [ 79.308285726100991, 16.521219446925254 ], [ 79.265282208300178, 16.455288933665766 ], [ 79.269896795907698, 16.428038867066299 ], [ 79.274040516022765, 16.403567696967794 ], [ 79.305357035327077, 16.343750863845973 ], [ 79.326421875128048, 16.312776861285172 ], [ 79.33262603297544, 16.235340249472419 ], [ 79.319288292399875, 16.21270596049925 ], [ 79.295528114045993, 16.210325334459945 ], [ 79.243233751423517, 16.213287474513798 ], [ 79.196317925451325, 16.237131295593034 ], [ 79.158038311756371, 16.24934197242812 ], [ 79.115993301328047, 16.223433517276941 ], [ 79.09254565828715, 16.188564255144307 ], [ 79.059505904525253, 16.167239983879167 ], [ 79.046687669822632, 16.168439138593623 ], [ 79.014330229870069, 16.180509936968015 ], [ 78.96479466829345, 16.173801799913587 ], [ 78.905526783023291, 16.124290978093928 ], [ 78.853603950237897, 16.095633565822055 ], [ 78.790045397555815, 16.077671890184511 ], [ 78.709164583264396, 16.083866624425021 ], [ 78.599613057440479, 16.089561556301316 ], [ 78.525957727542135, 16.114671072380101 ], [ 78.419131379140566, 16.108767959966226 ], [ 78.337541481443537, 16.075665937977874 ], [ 78.294370442382984, 16.034296907875152 ], [ 78.293633532147098, 15.98940307342211 ], [ 78.283857991887061, 15.935092672838486 ], [ 78.281856334169035, 15.930080465925663 ], [ 78.276652717459172, 15.917048864139652 ], [ 78.242859222580137, 15.903227503532866 ], [ 78.210253695551501, 15.901803917174304 ], [ 78.188220284622574, 15.88206452574938 ], [ 78.143534651921982, 15.865519127967449 ] ], [ [ 75.243602655091181, 18.694481724320468 ], [ 75.569822939109471, 18.713045879279029 ], [ 75.565891942148099, 18.724393759547276 ], [ 75.557889343807105, 18.733026102088068 ], [ 75.529818638276211, 18.74554193118091 ], [ 75.506726914635834, 18.745605882657902 ], [ 75.486660785364293, 18.750441584326708 ], [ 75.473664550340516, 18.770561202969898 ], [ 75.485774551974529, 18.791572803397017 ], [ 75.486853086940243, 18.817395033009063 ], [ 75.469865700661671, 18.849002498544529 ], [ 75.450785767957981, 18.851919097941483 ], [ 75.417618741841892, 18.846257509564612 ], [ 75.386458582172395, 18.838672843793816 ], [ 75.374410233267071, 18.841566911571395 ], [ 75.36739900089853, 18.851145772804021 ], [ 75.351364663484162, 18.870306519197086 ], [ 75.334280095675282, 18.868425011602145 ], [ 75.325185819252809, 18.841659320870082 ], [ 75.301021299955394, 18.811092000813726 ], [ 75.277913711042586, 18.807301845480531 ], [ 75.251795453058165, 18.804469404285513 ], [ 75.225672923795088, 18.797807283309325 ], [ 75.208581624894776, 18.783479558051756 ], [ 75.211565725813429, 18.760519997190709 ], [ 75.23760970964662, 18.71553271991089 ], [ 75.243602655091181, 18.694481724320468 ] ], [ [ 75.243602655091181, 18.694481724320468 ], [ 75.245864122989843, 18.664004766237909 ], [ 75.265287237363495, 18.650826227077914 ], [ 75.283457080392211, 18.640038883396503 ], [ 75.311011262782372, 18.618473697021734 ], [ 75.371791218442269, 18.598635351610927 ], [ 75.420027784069063, 18.582392853123153 ], [ 75.475191586401223, 18.581066257443418 ], [ 75.503592819477049, 18.609122392220581 ], [ 75.243602655091181, 18.694481724320468 ] ], [ [ 77.674334252287593, 18.251522488142545 ], [ 77.916592154738311, 18.094946528406457 ], [ 77.926074178949165, 18.221211056132933 ], [ 77.674334252287593, 18.251522488142545 ] ], [ [ 77.926074178949165, 18.221211056132933 ], [ 77.948573266394192, 18.19900800542818 ], [ 77.947571294654878, 18.199996952833665 ], [ 77.926074178949165, 18.221211056132933 ] ], [ [ 79.884815889593796, 16.822845527189216 ], [ 79.979069815795995, 16.761927394881823 ], [ 79.95892677609821, 16.786733494433793 ], [ 79.922561556131328, 16.816220592746813 ], [ 79.910833576354307, 16.822224294688233 ], [ 79.884815889593796, 16.822845527189216 ] ], [ [ 79.979069815795995, 16.761927394881823 ], [ 79.854758557557403, 16.777395861299706 ], [ 79.86020164010742, 16.759047629986718 ], [ 79.883472237182517, 16.739897569299966 ], [ 79.910381331252992, 16.718309057208749 ], [ 79.943756281345756, 16.717000460334877 ], [ 79.969125730413168, 16.722112757124222 ], [ 79.975208780535155, 16.727688134249089 ], [ 79.98159016759422, 16.744700166479699 ], [ 79.979069815795995, 16.761927394881823 ] ], [ [ 75.966417837966588, 18.457168819089443 ], [ 75.930153261541761, 18.422918124023138 ], [ 75.862459789898594, 18.411760041403031 ], [ 75.841453376579764, 18.419027722457002 ], [ 75.798057720358614, 18.460821554649215 ], [ 75.745543910376455, 18.485425541219016 ], [ 75.716962942324713, 18.482666452950298 ], [ 75.70637301236053, 18.466924233629616 ], [ 75.670111304884699, 18.421144173259449 ], [ 75.630978418084396, 18.406930648631377 ], [ 75.5964097148196, 18.407042260885859 ], [ 75.560286736926543, 18.391369682118981 ], [ 75.56014319692882, 18.3468920325382 ], [ 75.590090525388348, 18.316671377455453 ], [ 75.603491180094636, 18.28219480782445 ], [ 75.593895206674475, 18.232058714037766 ], [ 75.617141950687895, 18.213640358339855 ], [ 75.635499247139904, 18.204254316119574 ], [ 75.649339138930245, 18.191653632388093 ], [ 75.654117529668397, 18.16473520078635 ], [ 75.658586588284223, 18.15575252904285 ], [ 75.676541088955645, 18.141342373265172 ], [ 75.720048933023563, 18.138314968502836 ], [ 75.777072972377908, 18.138093209754459 ], [ 75.79656152175275, 18.133709285609331 ], [ 75.800991456494899, 18.117908607621931 ], [ 75.791769840789016, 18.069164824713617 ], [ 75.779523067753729, 18.013258508518643 ], [ 75.807949241995559, 17.99879428913848 ], [ 75.842456361436504, 18.0029516174755 ], [ 75.851556432189753, 18.024433169554079 ], [ 75.86966469028944, 18.047308598644921 ], [ 75.881720412369859, 18.058731916205694 ], [ 75.893734152997098, 18.061546190863783 ], [ 75.91775522907858, 18.065737753491227 ], [ 75.943384594298166, 18.090004467599748 ], [ 75.955440136625427, 18.099988115361874 ], [ 75.970521348276449, 18.114259839791 ], [ 76.012629588686025, 18.131259405087853 ], [ 76.045707869899672, 18.142559978170748 ], [ 76.059411666399541, 18.175482303963033 ], [ 76.046461456906869, 18.268806177365295 ], [ 76.051451168367862, 18.349118973317051 ], [ 76.06531548745923, 18.404992569042022 ], [ 76.062731591930117, 18.44557189903162 ], [ 75.966417837966588, 18.457168819089443 ] ], [ [ 78.001149966298385, 18.040295182199518 ], [ 79.541846558929436, 17.044513227460584 ], [ 79.902074922577995, 17.132597506991264 ], [ 79.896324579981098, 17.12157982719302 ], [ 79.885317918558528, 17.098955619440193 ], [ 79.868368147356691, 17.076473233542973 ], [ 79.845587833587004, 17.058420233195434 ], [ 79.828389533312247, 17.025922959905081 ], [ 79.829067654701262, 16.994429648299981 ], [ 79.857460964854056, 16.942246656700199 ], [ 79.889217800695107, 16.905720267721481 ], [ 79.911124601023971, 16.890888080069058 ], [ 79.939078882166001, 16.880200103011152 ], [ 79.973493305301204, 16.889379406712205 ], [ 79.996370105812431, 16.911709019888868 ], [ 80.021764965349803, 16.97259450130959 ], [ 80.042343635940568, 17.015883190203297 ], [ 80.035025702697311, 17.023761518235176 ], [ 80.006606436233156, 17.073100505529698 ], [ 79.966966090599698, 17.148464918777506 ], [ 79.966473575796741, 17.164313025983418 ], [ 79.937192338898811, 17.159934639636237 ], [ 78.904297226957766, 17.557836077430377 ], [ 78.91346770017492, 17.558387498850966 ], [ 78.904295802958657, 17.557836625996526 ], [ 79.062849548925598, 17.985456194713532 ], [ 77.998916123080733, 18.074466219553337 ], [ 78.004772874595218, 18.074645286397438 ], [ 77.998912736981325, 18.074466502838725 ], [ 77.973661700710778, 18.0736940799633 ], [ 77.998912762255785, 18.074466116798028 ], [ 78.001149966298385, 18.040295182199518 ] ], [ [ 78.923398323874963, 16.893288136076777 ], [ 78.945881396347389, 16.847741132853848 ], [ 78.932866073486792, 16.874110278109018 ], [ 78.923398323874963, 16.893288136076777 ] ], [ [ 77.313334383624451, 16.413701912243205 ], [ 77.308891709243056, 16.418088854495331 ], [ 77.2947292949938, 16.432071823543424 ], [ 77.313334383624451, 16.413701912243205 ] ], [ [ 76.847737515947884, 18.785767918313553 ], [ 76.842683257905463, 18.791076302366832 ], [ 76.822921722268561, 18.811827189687477 ], [ 76.847737515947884, 18.785767918313553 ] ] ], [ [ [ 79.902074922577995, 17.132597506991264 ], [ 79.9088592165227, 17.145596241776239 ], [ 79.93303023069592, 17.159312284856806 ], [ 79.937192338898811, 17.159934639636237 ], [ 79.966966090599698, 17.148464918777506 ], [ 79.902074922577995, 17.132597506991264 ] ] ], [ [ [ 78.904297226957766, 17.557836077430377 ], [ 78.877588199069834, 17.556230061061129 ], [ 78.904295802958657, 17.557836625996526 ], [ 78.904297226957766, 17.557836077430377 ] ] ], [ [ [ 77.998916123080733, 18.074466219553337 ], [ 77.998912762255785, 18.074466116798028 ], [ 77.998912736981325, 18.074466502838725 ], [ 77.998916123080733, 18.074466219553337 ] ] ] ] } },
{ "type": "Feature", "properties": { "state_name": "Jammu and Kashmir", "id": 18 }, "geometry": { "type": "Polygon", "coordinates": [ [ [ 75.30921182495122, 32.185263563433658 ], [ 75.310406066790591, 32.188597936478104 ], [ 75.30653353312853, 32.194909734892242 ], [ 75.299154099314975, 32.206934653375683 ], [ 75.279931411685723, 32.206814670322373 ], [ 75.244887310465742, 32.210458170270968 ], [ 75.230216260750723, 32.2248865260906 ], [ 75.192948255628565, 32.259488013589753 ], [ 75.174690733037252, 32.270471439266636 ], [ 75.167037595427814, 32.277377845656154 ], [ 75.152250783606391, 32.283963695266955 ], [ 75.109271765738484, 32.30978296341835 ], [ 75.083210406383543, 32.32542481254395 ], [ 75.01185479868748, 32.345098228144678 ], [ 74.959739286321025, 32.353288812023628 ], [ 74.953410430318627, 32.353222091271007 ], [ 74.899700428362763, 32.352643077412274 ], [ 74.859936336551314, 32.347409619078867 ], [ 74.827228262592982, 32.343094975416697 ], [ 74.80860064921302, 32.342749883843972 ], [ 74.675457763157098, 32.340203146829467 ], [ 74.648349543901389, 32.341223181595588 ], [ 74.618809292810838, 32.34232806868971 ], [ 74.577857599942078, 32.369814750044654 ], [ 74.569642195937575, 32.382643542381629 ], [ 74.552670975240261, 32.40913161614219 ], [ 74.556821697095543, 32.469210423638302 ], [ 74.591062813736443, 32.630448129251889 ], [ 74.590796104674254, 32.67789834538447 ], [ 74.577027482835831, 32.698028617517437 ], [ 74.549675442263634, 32.704387584379376 ], [ 74.543198370703578, 32.702800718992371 ], [ 74.520130279835428, 32.69714593005088 ], [ 74.498601549257984, 32.683246921207129 ], [ 74.479424524169644, 32.659700723592252 ], [ 74.467082305995092, 32.636264870870392 ], [ 74.456935387275649, 32.624482652197742 ], [ 74.413766338187088, 32.619899256544358 ], [ 74.362586091047305, 32.62193644195451 ], [ 74.290799628202947, 32.638097356079101 ], [ 74.198416081518374, 32.662525942125669 ], [ 74.185473592688552, 32.67054896351322 ], [ 74.028678630268885, 32.767522819840813 ], [ 73.9668940787911, 32.786537115645906 ], [ 73.91395442724442, 32.7989112173276 ], [ 73.906286989013239, 32.800701247363904 ], [ 73.886348522784914, 32.807973194032996 ], [ 73.866524260063144, 32.821202625659055 ], [ 73.859284995775795, 32.826031849938481 ], [ 73.857461455352009, 32.82628643492459 ], [ 73.84971455548903, 32.827367667930488 ], [ 73.831622600205009, 32.837715607661735 ], [ 73.807512968512398, 32.844609257866864 ], [ 73.784646743879776, 32.851142053397623 ], [ 73.748029494162068, 32.858022337753042 ], [ 73.707006775977547, 32.855118135567452 ], [ 73.690189526541872, 32.856960817425112 ], [ 73.663570073915366, 32.85987273876399 ], [ 73.638939480311095, 32.873728570670899 ], [ 73.617460979048332, 32.885803586768205 ], [ 73.546034973449864, 32.917471782602306 ], [ 73.538224265884594, 32.927694396919222 ], [ 73.537753014169041, 32.956325067522137 ], [ 73.550000762642611, 32.986297147665141 ], [ 73.54373118285659, 33.02321226815441 ], [ 73.530092171313186, 33.040395208380041 ], [ 73.518289514114741, 33.055257821238087 ], [ 73.509002106161404, 33.066948633486184 ], [ 73.507274105738432, 33.070625954784248 ], [ 73.476640465118621, 33.135759132312948 ], [ 73.459165416914161, 33.242924323700706 ], [ 73.495282180061949, 33.372221351767884 ], [ 73.470194374081942, 33.424410083917451 ], [ 73.455525576340023, 33.449282690166953 ], [ 73.454805860755059, 33.489837820459961 ], [ 73.45049100333803, 33.572104366438595 ], [ 73.435543853541745, 33.671056364131061 ], [ 73.426188744474317, 33.732855738236211 ], [ 73.396260722897196, 33.806436286905104 ], [ 73.358064909542364, 33.860810520282413 ], [ 73.34736781164959, 33.896456462206018 ], [ 73.345084463028783, 33.94056520970306 ], [ 73.337094300460095, 33.983403630647302 ], [ 73.324985591610726, 34.016641609317418 ], [ 73.308355409842491, 34.060552241712912 ], [ 73.300247215733492, 34.069372011230911 ], [ 73.283442432409643, 34.087643798211921 ], [ 73.256565426237401, 34.139752939403685 ], [ 73.225673663728642, 34.176289754557516 ], [ 73.212005178686809, 34.211877615830886 ], [ 73.215717063436173, 34.224581857122608 ], [ 73.242838262159864, 34.317296050729041 ], [ 73.253965555868703, 34.335348180430657 ], [ 73.289468671644542, 34.357321039967097 ], [ 73.326689829899649, 34.366185734546853 ], [ 73.362643443949636, 34.366672092644286 ], [ 73.407520468259705, 34.351756743131602 ], [ 73.455148211257011, 34.342823922486303 ], [ 73.499721217364524, 34.343378319003499 ], [ 73.511013237468205, 34.355445338808984 ], [ 73.515219295945855, 34.373508667364518 ], [ 73.517699422954038, 34.384156394602307 ], [ 73.509679892999742, 34.51169890347569 ], [ 73.555721176319054, 34.599332673563012 ], [ 73.612659605509918, 34.645323038632426 ], [ 73.688921349017718, 34.660481625188488 ], [ 73.765106079763754, 34.682749385439806 ], [ 73.806584643880001, 34.71059937322876 ], [ 73.853804766147462, 34.743261184619762 ], [ 73.872167631278501, 34.774448048227271 ], [ 73.868182072501071, 34.806599261767893 ], [ 73.887065488472757, 34.871193988413339 ], [ 73.916677893602795, 34.929201451547485 ], [ 73.942927707897638, 34.958398392097699 ], [ 73.943362139462081, 34.989552694701636 ], [ 73.918735187226815, 35.016309937205385 ], [ 73.85349020666176, 35.039252649386285 ], [ 73.742163947974049, 35.052420021746229 ], [ 73.733770221795453, 35.053408479370354 ], [ 73.669000518500027, 35.061015438623421 ], [ 73.557809083167655, 35.063463906774913 ], [ 73.503876332305168, 35.067438810186843 ], [ 73.501855195969242, 35.073415670360724 ], [ 73.490196750394531, 35.107872974957374 ], [ 73.476536914332058, 35.139906748493118 ], [ 73.473143353407693, 35.166104763673786 ], [ 73.479826911474063, 35.197200508523039 ], [ 73.483253660632457, 35.201976097738722 ], [ 73.513247923883583, 35.243749400056068 ], [ 73.527102425284667, 35.255832179756915 ], [ 73.57081668539557, 35.311620951004947 ], [ 73.562529105374537, 35.339173899740899 ], [ 73.541364681679028, 35.357904586263693 ], [ 73.536815920904175, 35.361928622491455 ], [ 73.489763951959958, 35.383593587970189 ], [ 73.408764468710416, 35.403490842580695 ], [ 73.357351270717004, 35.402470122123155 ], [ 73.287710751667774, 35.387861149373968 ], [ 73.228182442548402, 35.381221869947922 ], [ 73.166239397236737, 35.379278835789179 ], [ 73.091667667195964, 35.408213735651486 ], [ 72.901932884784188, 35.527979918223934 ], [ 72.898450470567866, 35.530171851899965 ], [ 72.897986801308235, 35.538770258038745 ], [ 72.896167613189803, 35.572479460321354 ], [ 72.895910179351986, 35.638065431636761 ], [ 72.890126865116002, 35.642911094010145 ], [ 72.889619614673791, 35.645685423062673 ], [ 72.868404259764006, 35.668081438346327 ], [ 72.826126211564002, 35.677830864427875 ], [ 72.789222404443692, 35.681940119715975 ], [ 72.686736047601897, 35.667983086308823 ], [ 72.683626982672706, 35.667558249666001 ], [ 72.681093503246984, 35.667509461604993 ], [ 72.67155406355468, 35.66732527867336 ], [ 72.623570558520669, 35.659232526708593 ], [ 72.623174436856317, 35.659068190782911 ], [ 72.570924263899656, 35.650360640320415 ], [ 72.500327775916958, 35.635914115850312 ], [ 72.495279386297071, 35.635181318056539 ], [ 72.428407309129668, 35.625453439043312 ], [ 72.340726544507959, 35.63155630969873 ], [ 72.286814311082892, 35.645169353801016 ], [ 72.268651810374251, 35.649748867235992 ], [ 72.262198449697863, 35.662903846092085 ], [ 72.257869158826594, 35.671726153198449 ], [ 72.253039368091535, 35.684731931616497 ], [ 72.265205637658724, 35.713625756876247 ], [ 72.277623633831467, 35.7353699840166 ], [ 72.285541462008368, 35.760588536969792 ], [ 72.285897534075986, 35.763581778718972 ], [ 72.291316326517887, 35.791012463124929 ], [ 72.279453618226043, 35.816406755700875 ], [ 72.268087530765044, 35.840720346449537 ], [ 72.263363173943972, 35.850821316911123 ], [ 72.260846014827152, 35.896678140967396 ], [ 72.318206836173559, 36.013226003583128 ], [ 72.35372595054406, 36.040037478494078 ], [ 72.464635884486526, 36.062596281836832 ], [ 72.481593950562868, 36.068864533073224 ], [ 72.528532691222011, 36.086197203491437 ], [ 72.564401458252249, 36.116735810488507 ], [ 72.668798237670487, 36.231935297609063 ], [ 72.722939010410457, 36.272882145856542 ], [ 72.800222083148171, 36.318434751792935 ], [ 72.847345338122963, 36.424162698866397 ], [ 72.873243868912112, 36.478094826744972 ], [ 72.935243734369948, 36.503548300722393 ], [ 73.018692001259296, 36.517762763376389 ], [ 73.244437351245054, 36.533701785023297 ], [ 73.320589998021475, 36.531099319076638 ], [ 73.340986168165514, 36.522271456816917 ], [ 73.371788297598897, 36.518880041216129 ], [ 73.446657495050289, 36.524100802736093 ], [ 73.51302097581133, 36.524205019426041 ], [ 73.578290147714526, 36.525607440446073 ], [ 73.638242978057093, 36.550751875578868 ], [ 73.637804234736805, 36.566672309979289 ], [ 73.610857463432566, 36.611865177375002 ], [ 73.557030865692425, 36.630333087945317 ], [ 73.550423815154474, 36.636620125653629 ], [ 73.526867522251052, 36.64066747939043 ], [ 73.502310877557989, 36.649073164557855 ], [ 73.434811065551457, 36.674210291499762 ], [ 73.427658180629678, 36.67799190733205 ], [ 73.403650776212132, 36.701779620221714 ], [ 73.399919832798048, 36.709925417332109 ], [ 73.403848896418467, 36.733797272867079 ], [ 73.426856357555749, 36.746297095818171 ], [ 73.471038646245262, 36.755398986102747 ], [ 73.527161496675902, 36.7568717977923 ], [ 73.593156184602876, 36.740691531941771 ], [ 73.669024073822939, 36.704772655300062 ], [ 73.678030135685773, 36.700882091097107 ], [ 73.71248447289436, 36.685987981530161 ], [ 73.72178138923563, 36.681328155613663 ], [ 73.734461918362385, 36.674970278544173 ], [ 73.747657790441522, 36.674206013199871 ], [ 73.765842780754781, 36.669193739361894 ], [ 73.826684435897491, 36.666652446881521 ], [ 73.852183434321262, 36.675284699765655 ], [ 73.879731361182849, 36.696003068418072 ], [ 73.902521775802711, 36.720636872339234 ], [ 73.925279197508459, 36.747313251619182 ], [ 74.004645476365553, 36.758385454262395 ], [ 74.032463535115667, 36.77180772086102 ], [ 74.092504907947585, 36.812809450078262 ], [ 74.136589198417397, 36.835035703534814 ], [ 74.239715421989544, 36.840433022224737 ], [ 74.277219744975085, 36.84237368829131 ], [ 74.314649203996595, 36.848276298362592 ], [ 74.31654067608595, 36.863147552203969 ], [ 74.323805922084489, 36.864860512067857 ], [ 74.326236083631954, 36.869591113186374 ], [ 74.333146619621132, 36.883039877939041 ], [ 74.325836688975485, 36.903987238889805 ], [ 74.322516570410585, 36.917009503815748 ], [ 74.327263240163873, 36.924500256209257 ], [ 74.340923975873139, 36.93330388523588 ], [ 74.357433330202383, 36.943938518057024 ], [ 74.401852745847549, 36.956132637939852 ], [ 74.438945310575164, 36.956036273062878 ], [ 74.452885182889005, 36.955997062232456 ], [ 74.468836204407481, 36.949686425023181 ], [ 74.48785079743142, 36.9421595734376 ], [ 74.554947775118123, 36.900690992549258 ], [ 74.564998454627357, 36.892692725666947 ], [ 74.565026252082802, 36.892663712199308 ], [ 74.600603957770986, 36.8239280750593 ], [ 74.633953842456847, 36.820787888221034 ], [ 74.663403873837012, 36.818006908627446 ], [ 74.675727087753103, 36.823571224835796 ], [ 74.700392217438591, 36.834702047764019 ], [ 74.734434474998352, 36.840048118926646 ], [ 74.744467953503047, 36.841621797820444 ], [ 74.889077451644681, 36.880602985590848 ], [ 74.904133148307537, 36.897131607820093 ], [ 74.925647985577825, 36.920735547240376 ], [ 74.929860460594668, 36.925354889046346 ], [ 74.959545892696838, 36.967107854264455 ], [ 75.025753612021845, 37.005473320231175 ], [ 75.026437677072749, 37.005869321145319 ], [ 75.027950095206947, 37.005380105981693 ], [ 75.072842921244529, 36.99084717512126 ], [ 75.142345902119814, 36.912034927472298 ], [ 75.164983012697434, 36.86653994439569 ], [ 75.187757214293143, 36.815101436183681 ], [ 75.205441165529336, 36.775532648395355 ], [ 75.237679226575523, 36.732173563359368 ], [ 75.274353699083832, 36.708767505803387 ], [ 75.342467689007279, 36.681761755524171 ], [ 75.400845484017836, 36.656593093819602 ], [ 75.440130910442221, 36.615254874217229 ], [ 75.567456752840116, 36.485294188280839 ], [ 75.661912756864353, 36.446442379120889 ], [ 75.810600227299858, 36.405920486903675 ], [ 75.814819492289075, 36.404767301361566 ], [ 75.845496727621892, 36.39637728564179 ], [ 75.973696078737703, 36.337743214068155 ], [ 76.022016901286818, 36.302218604304322 ], [ 76.050097436455118, 36.297726303741896 ], [ 76.054078347234196, 36.294764027640326 ], [ 76.063958011381203, 36.295514011681313 ], [ 76.072882378425263, 36.294095939677668 ], [ 76.116323223390452, 36.287183024655782 ], [ 76.173771479222623, 36.287892035014551 ], [ 76.17705276506922, 36.287931697624678 ], [ 76.256512929701827, 36.240529296888312 ], [ 76.284793959724809, 36.176466272878947 ], [ 76.323135031711743, 36.132707938131766 ], [ 76.351269850184778, 36.122723622481288 ], [ 76.35857849629555, 36.120128490309341 ], [ 76.378432479826614, 36.113075708299462 ], [ 76.392410074102273, 36.113180866379686 ], [ 76.421850388712542, 36.113397016798906 ], [ 76.446046435954685, 36.110912129758709 ], [ 76.458050789373701, 36.109677439646049 ], [ 76.508426044866283, 36.083945874233891 ], [ 76.594143100113229, 35.984257768321129 ], [ 76.596533906111176, 35.952422098821778 ], [ 76.617668144814019, 35.863061824011709 ], [ 76.688545614130106, 35.783825374562156 ], [ 76.721507588165025, 35.750171852737274 ], [ 76.764205636332576, 35.730382219942726 ], [ 76.823474237910375, 35.728830760973096 ], [ 76.840696208351716, 35.72837446334659 ], [ 76.902806910826143, 35.724352893047062 ], [ 76.919832351285038, 35.722700496055971 ], [ 76.964881368255718, 35.7183163763004 ], [ 77.010041169524683, 35.704367418066205 ], [ 77.054905857749688, 35.678532958724588 ], [ 77.085205276143839, 35.646806296684559 ], [ 77.122766035596982, 35.620992582835797 ], [ 77.132518744391049, 35.618932298655935 ], [ 77.170308512796808, 35.610940734127375 ], [ 77.174913010724367, 35.61067938024479 ], [ 77.282546757416299, 35.604519513258509 ], [ 77.318134980686594, 35.590610215620515 ], [ 77.340462407239329, 35.581876065168515 ], [ 77.348734497802141, 35.567514580247504 ], [ 77.355191835101195, 35.548785600885807 ], [ 77.354940810037746, 35.540204520540676 ], [ 77.355159924005747, 35.536820331259435 ], [ 77.357352247724535, 35.502951345424556 ], [ 77.357774314434792, 35.486916547082771 ], [ 77.352220454132876, 35.479869165647521 ], [ 77.348118813582175, 35.478636965367947 ], [ 77.319221625819367, 35.469950668529137 ], [ 77.29544378458003, 35.479818263364841 ], [ 77.263367265066961, 35.487025104793048 ], [ 77.246761591842599, 35.490752193229767 ], [ 77.230863511841591, 35.485323111056985 ], [ 77.229087281738231, 35.483934541625104 ], [ 77.220833520160411, 35.477481153724185 ], [ 77.216559015642019, 35.474138388285184 ], [ 77.216219185826048, 35.471023980203967 ], [ 77.191679262857576, 35.464848476535394 ], [ 77.181477936293533, 35.447148072426067 ], [ 77.199436575315531, 35.417520995549715 ], [ 77.229187770242589, 35.385884214246687 ], [ 77.288194300909396, 35.371845742102167 ], [ 77.373965640964869, 35.371425205600779 ], [ 77.45108991724031, 35.390675154770996 ], [ 77.520578141080833, 35.398109641960453 ], [ 77.585616030645781, 35.411447694532853 ], [ 77.594518307945194, 35.419300286361377 ], [ 77.605520976148995, 35.429002469141111 ], [ 77.629761703724398, 35.436695861104695 ], [ 77.653248124256507, 35.440133346974598 ], [ 77.6613200235508, 35.441313620093766 ], [ 77.668273747057711, 35.442329928160504 ], [ 77.671338804668409, 35.441448527530696 ], [ 77.751174922946262, 35.41845683300825 ], [ 77.776782912250454, 35.398871768618655 ], [ 77.800972966237225, 35.402720633617115 ], [ 77.813325742118423, 35.407396663792319 ], [ 77.822799933577414, 35.41098177902748 ], [ 77.827524450104647, 35.41061381232538 ], [ 77.83440034227246, 35.41007795181099 ], [ 77.839659643590636, 35.41736109758893 ], [ 77.852284823167167, 35.422137407887689 ], [ 77.855904392991675, 35.444047238500346 ], [ 77.858820810835041, 35.449392727232542 ], [ 77.859693105358005, 35.456865284235491 ], [ 77.861783873360267, 35.47476856341958 ], [ 77.870477193053489, 35.513587263742494 ], [ 77.880498396404377, 35.543817454166678 ], [ 77.885717921867112, 35.549187745336454 ], [ 77.896426962039271, 35.560203015906723 ], [ 77.921787361142179, 35.562331785652603 ], [ 77.989166973184112, 35.55265984408009 ], [ 78.012550975890733, 35.546807315602571 ], [ 78.045322020609873, 35.539027023441676 ], [ 78.070684525576553, 35.541058349788521 ], [ 78.074417746432388, 35.545043935531965 ], [ 78.078279985894838, 35.549166695040348 ], [ 78.078830219810513, 35.549108827600335 ], [ 78.113892215109857, 35.559006799625053 ], [ 78.147403265605575, 35.600633293960215 ], [ 78.230481136251171, 35.644538162637808 ], [ 78.286130349935007, 35.679654440751968 ], [ 78.373180432412582, 35.734467653347032 ], [ 78.426451512259121, 35.769061583306254 ], [ 78.507871933107651, 35.786229320451831 ], [ 78.537307810343464, 35.795801607043835 ], [ 78.576658837643151, 35.799951649930911 ], [ 78.615309949563098, 35.815820454432867 ], [ 78.676005619476456, 35.839887123714142 ], [ 78.687701286920614, 35.844519250228728 ], [ 78.70023865740059, 35.849482811825112 ], [ 78.76361413156593, 35.867172991931426 ], [ 78.84768291605188, 35.874674265380868 ], [ 78.883099323091983, 35.887705359310289 ], [ 78.896112819815059, 35.889098291389068 ], [ 78.956863692793277, 35.866400706713542 ], [ 78.965011438929679, 35.863399956631582 ], [ 79.01293683074941, 35.845734053429936 ], [ 79.018802495342641, 35.844614243594251 ], [ 79.046211515049023, 35.839377453368414 ], [ 79.104957300819862, 35.844864650313433 ], [ 79.136619068161693, 35.868739180519086 ], [ 79.138065712202248, 35.872501244447442 ], [ 79.138227145167846, 35.87243638929683 ], [ 79.142771404296596, 35.873006230504238 ], [ 79.16806177407895, 35.876174251493765 ], [ 79.205706422809996, 35.889340181158012 ], [ 79.223092391641458, 35.900416984240159 ], [ 79.226440900972904, 35.918443614807721 ], [ 79.229406541139369, 35.934400200772835 ], [ 79.235257505043919, 35.954262106235305 ], [ 79.237701516459339, 35.962555050129438 ], [ 79.258187656308692, 35.988291742548149 ], [ 79.262873421312634, 35.989040516242227 ], [ 79.300531599636003, 35.982205678012484 ], [ 79.349958375653799, 35.960000768380745 ], [ 79.372719520827076, 35.940384687219513 ], [ 79.40563942367109, 35.91199005178629 ], [ 79.438555593424937, 35.883570851330894 ], [ 79.469564836508297, 35.873350990649676 ], [ 79.577262068621465, 35.837776264872012 ], [ 79.616080360101421, 35.825975055505999 ], [ 79.701796114997336, 35.799861091609174 ], [ 79.774650229659827, 35.780528232082844 ], [ 79.820078815639434, 35.778750743518138 ], [ 79.832997869473147, 35.778242109423807 ], [ 79.864603295975684, 35.789395192976855 ], [ 79.897509852970813, 35.814739566083709 ], [ 79.908303377590315, 35.81740855693733 ], [ 79.940547620216279, 35.812834430768767 ], [ 79.953868607011017, 35.810942085223537 ], [ 79.958472538107927, 35.816613553610971 ], [ 79.97291722116141, 35.812521775501565 ], [ 80.130310059193775, 35.681559245939404 ], [ 80.279572537432387, 35.61210131580961 ], [ 80.339732193919247, 35.560490958305657 ], [ 80.350598805261882, 35.482228691827203 ], [ 80.310823936565185, 35.376570223058216 ], [ 80.28923432203166, 35.337391186887054 ], [ 80.21058180657019, 35.194257221379296 ], [ 80.195806866415168, 35.03372159374328 ], [ 80.194397286265669, 34.959107006994628 ], [ 80.146361981426693, 34.834586588413181 ], [ 80.135936581384641, 34.807499317461563 ], [ 80.11610617546998, 34.753025096540256 ], [ 80.103836656004773, 34.70596294785377 ], [ 80.092519152288688, 34.704118725279471 ], [ 80.088254552431636, 34.703423493900907 ], [ 80.028821409368476, 34.697402506652153 ], [ 79.953077067733673, 34.695566985512642 ], [ 79.908104089007608, 34.666708036198493 ], [ 79.889818319142535, 34.666064354213546 ], [ 79.802098461278675, 34.616540620750058 ], [ 79.776982844146858, 34.575668717217731 ], [ 79.792372552980595, 34.564305179375054 ], [ 79.837003814373645, 34.531323196333048 ], [ 79.864799831259688, 34.499287150821367 ], [ 79.863157600015313, 34.481604214890446 ], [ 79.862270558269174, 34.481097324265725 ], [ 79.825523739387933, 34.480554775482261 ], [ 79.822404474598216, 34.480780002342605 ], [ 79.752720558032792, 34.485790548034934 ], [ 79.694696814761613, 34.48333685400042 ], [ 79.635731869586024, 34.469951059477964 ], [ 79.60109520869004, 34.454279964869428 ], [ 79.599149435482232, 34.450448081609565 ], [ 79.596725996585306, 34.445674909786653 ], [ 79.56499082783256, 34.442816412062051 ], [ 79.551549613467756, 34.425268895020125 ], [ 79.547845336253118, 34.409598715301648 ], [ 79.553996386461051, 34.34225209868913 ], [ 79.560232550762692, 34.273932757481226 ], [ 79.575692191999664, 34.232464471287244 ], [ 79.570527004310435, 34.199542513125024 ], [ 79.553979533797758, 34.195429568884315 ], [ 79.526470740484427, 34.183268258782938 ], [ 79.525197043753707, 34.181671594756416 ], [ 79.469336942881668, 34.154920420264624 ], [ 79.444792952726331, 34.088291360454527 ], [ 79.440248002248936, 34.033275502853208 ], [ 79.43716152918222, 33.995934897544082 ], [ 79.438230308714537, 33.980190080848189 ], [ 79.431680623319494, 33.977467932508759 ], [ 79.427293994478262, 33.97816114431189 ], [ 79.419320538821381, 33.979420752855752 ], [ 79.358571980039912, 34.001880179603319 ], [ 79.335120417593387, 34.018364041058412 ], [ 79.288398125672828, 34.020667589377851 ], [ 79.258963148968206, 34.014288831678954 ], [ 79.240894542070208, 34.010369173813345 ], [ 79.207250777000766, 34.00712814266447 ], [ 79.201735528923024, 34.00588690986995 ], [ 79.180952146327982, 34.007036351942027 ], [ 79.129461833321685, 34.002092539358394 ], [ 79.08273342553602, 33.997586519592112 ], [ 79.08092739426904, 33.997357853036604 ], [ 79.062296390167873, 34.001553788184481 ], [ 78.991328230825971, 34.002397306748641 ], [ 78.983329884543096, 33.997209043205281 ], [ 78.961450446882651, 33.983010370519125 ], [ 78.949735503469398, 33.965692035011699 ], [ 78.942539045134055, 33.960851073314025 ], [ 78.932819523576782, 33.890199081624253 ], [ 78.975947711196028, 33.827448762752013 ], [ 78.984248683633723, 33.815359764944354 ], [ 79.025433844035547, 33.768973642224367 ], [ 79.027995187235433, 33.766086874626737 ], [ 79.024912184711638, 33.757833044326489 ], [ 79.012033048519783, 33.723332211794407 ], [ 79.007485932949294, 33.711143330094487 ], [ 78.998281748596085, 33.681696045302729 ], [ 79.024332174570972, 33.650161366043612 ], [ 79.088729306772308, 33.626372019850614 ], [ 79.11920182781742, 33.590904831025426 ], [ 79.118145911260712, 33.583607470078881 ], [ 79.116229378383451, 33.570358071591691 ], [ 79.115366698479974, 33.564392337535409 ], [ 79.114471044294163, 33.564248489284701 ], [ 79.063133077993797, 33.554096308816966 ], [ 79.010382323458217, 33.556567195458783 ], [ 78.989067438252661, 33.556093800046838 ], [ 78.95969468201146, 33.55543538635898 ], [ 78.943646179368145, 33.547154490409497 ], [ 78.939322620995014, 33.544922913936809 ], [ 78.93687042596423, 33.532104576171619 ], [ 78.908921522401826, 33.528817390781434 ], [ 78.907250861473869, 33.528620686627491 ], [ 78.905813549021858, 33.508348162038679 ], [ 78.904184158432713, 33.485346572295349 ], [ 78.964606517058868, 33.311992085068496 ], [ 78.985444566262416, 33.243038126708043 ], [ 79.047204029453951, 33.221242448131569 ], [ 79.10716853023726, 33.220997591269189 ], [ 79.12027602533648, 33.215051882455448 ], [ 79.151500911878287, 33.213408555071403 ], [ 79.15391599422145, 33.21328112391965 ], [ 79.170340422388378, 33.212413242961134 ], [ 79.220896598671217, 33.218720296660926 ], [ 79.255187865171308, 33.228214231144513 ], [ 79.290975639097994, 33.231501773719067 ], [ 79.370229568723076, 33.232649329705175 ], [ 79.42334623880933, 33.22807856939491 ], [ 79.45298010345897, 33.198704136242618 ], [ 79.455580337774094, 33.196125476859187 ], [ 79.454980814398567, 33.188814171978315 ], [ 79.454893524767726, 33.187749481527291 ], [ 79.451384967574697, 33.144917706095804 ], [ 79.417652815444882, 33.072386500482637 ], [ 79.370021575247705, 32.967790020284127 ], [ 79.361387059109191, 32.94879634871063 ], [ 79.356400286179039, 32.915316052985595 ], [ 79.360499159620986, 32.879757626292644 ], [ 79.380426813630876, 32.840067277039239 ], [ 79.486041906878754, 32.692702636771635 ], [ 79.516780156129002, 32.646885471910544 ], [ 79.517467671522894, 32.618071105126546 ], [ 79.517816905566136, 32.603445514348714 ], [ 79.51666167520969, 32.589326836371555 ], [ 79.498526226122181, 32.561170242602628 ], [ 79.479611407717911, 32.534571349133344 ], [ 79.450361347172432, 32.513648190602396 ], [ 79.421358394587344, 32.496321773471387 ], [ 79.399599687506125, 32.491444859221403 ], [ 79.372107387240831, 32.497531375849249 ], [ 79.349230982355607, 32.508910789720751 ], [ 79.3263399974675, 32.520281420190322 ], [ 79.326104110531034, 32.520546423369453 ], [ 79.308290809451961, 32.540553124279015 ], [ 79.279949845656091, 32.53398648922046 ], [ 79.262699278814026, 32.526450767397165 ], [ 79.244610052411716, 32.51854460647079 ], [ 79.191833178887848, 32.463780262655334 ], [ 79.135910013760892, 32.427091096427468 ], [ 79.117453913779073, 32.405831702279841 ], [ 79.105122007975382, 32.379033616985915 ], [ 79.102912912403539, 32.372250322214079 ], [ 79.090023728756449, 32.3626301402576 ], [ 79.065517481163866, 32.312017776079685 ], [ 79.06013488484713, 32.307810142918072 ], [ 79.014987900173068, 32.30688721033912 ], [ 78.95516933679346, 32.313395703815459 ], [ 78.917172946280303, 32.326667469104045 ], [ 78.881671762372733, 32.347067525479012 ], [ 78.85043101355518, 32.367371334169917 ], [ 78.83049799913212, 32.388740491823214 ], [ 78.787277955786706, 32.435031932628775 ], [ 78.771118746777688, 32.455109055480733 ], [ 78.759275468821528, 32.556157914539718 ], [ 78.749179522338594, 32.603761403054328 ], [ 78.748928092826318, 32.604946422668277 ], [ 78.730951985345257, 32.632248895435353 ], [ 78.707995068734164, 32.647030642735068 ], [ 78.696842706018501, 32.640014472481887 ], [ 78.681014120523585, 32.62587688139719 ], [ 78.663925815284884, 32.607618996583078 ], [ 78.644042842221339, 32.59609007799164 ], [ 78.617112705795392, 32.574306348757823 ], [ 78.584318769989423, 32.555965325604184 ], [ 78.58281931765633, 32.555610492698762 ], [ 78.550411793102072, 32.550813063462286 ], [ 78.521882698361708, 32.536958784477186 ], [ 78.497493210426896, 32.51943810939548 ], [ 78.478132694972331, 32.534970737845278 ], [ 78.448003880866196, 32.590295094879259 ], [ 78.399779543000278, 32.656006280862407 ], [ 78.294235301672003, 32.699370865972369 ], [ 78.243248855322278, 32.693545547380459 ], [ 78.162657606033591, 32.647900572708053 ], [ 78.109642798578079, 32.58243765265015 ], [ 78.063872187404215, 32.562094732712602 ], [ 77.999058175740757, 32.561273789694432 ], [ 77.974198883613056, 32.576177639096137 ], [ 77.975854717223896, 32.626232630654876 ], [ 77.988152315206236, 32.656950764870849 ], [ 78.001736896851938, 32.725802657259976 ], [ 77.966581568192197, 32.771962873700616 ], [ 77.909274680817646, 32.832943932611997 ], [ 77.885562956164947, 32.8859731176073 ], [ 77.859151734197681, 32.943831105821047 ], [ 77.788623824229532, 32.950197342872826 ], [ 77.676553532659256, 32.893010302261715 ], [ 77.644052473468406, 32.845989331842233 ], [ 77.595966994140596, 32.844611078634451 ], [ 77.526570358237151, 32.888975595935705 ], [ 77.48377971829656, 32.875518745139118 ], [ 77.435220065531837, 32.857387709879234 ], [ 77.342359974279773, 32.873476871009323 ], [ 77.24471185744973, 32.925372746051146 ], [ 76.922369580435742, 33.064370191560378 ], [ 76.61788154071435, 33.149824658619686 ], [ 76.560864891082019, 33.133848758739617 ], [ 76.517305380698474, 33.074730343235757 ], [ 76.483260371171454, 33.072753744206707 ], [ 76.435396886267782, 33.092404458875585 ], [ 76.379006305621715, 33.112131718605852 ], [ 76.350399652247887, 33.095740664510998 ], [ 76.349343339681354, 33.026547865594253 ], [ 76.348580675960619, 32.976442236957766 ], [ 76.308491937656498, 32.945845496413114 ], [ 76.245799212036118, 32.915462685346917 ], [ 76.166148979641221, 32.882820474995256 ], [ 75.942372531678032, 32.851295104573417 ], [ 75.865735750673849, 32.820823086289344 ], [ 75.842967517657868, 32.804272199932129 ], [ 75.851194775275516, 32.777963759992929 ], [ 75.932694293642555, 32.736811135244579 ], [ 75.9846659412907, 32.583669454201967 ], [ 75.967087773864776, 32.521752478835943 ], [ 75.915803983902663, 32.464855301409699 ], [ 75.816757536991716, 32.408254656286722 ], [ 75.596630628181714, 32.30685521948007 ], [ 75.36294375729122, 32.202719449335966 ], [ 75.30921182495122, 32.185263563433658 ] ] ] } },
{ "type": "Feature", "properties": { "state_name": "Karikal", "id": 19 }, "geometry": { "type": "Polygon", "coordinates": [ [ [ 79.733863679871874, 10.756028854930706 ], [ 79.719728229938312, 10.777712587127558 ], [ 79.707567798208245, 10.810100541370156 ], [ 79.702699518403918, 10.845955664468246 ], [ 79.703570152275432, 10.901402498826505 ], [ 79.707528110308004, 10.922809919044306 ], [ 79.727947238505294, 10.954695923185623 ], [ 79.773482424701257, 10.971873950756267 ], [ 79.797242860957226, 10.985810318259281 ], [ 79.799736120954762, 10.986513999208762 ], [ 79.799766401899873, 10.973155364610211 ], [ 79.800976766677309, 10.751513110815534 ], [ 79.801102127144347, 10.729262134171604 ], [ 79.733863679871874, 10.756028854930706 ] ] ] } },
{ "type": "Feature", "properties": { "state_name": "Madras", "id": 20 }, "geometry": { "type": "Polygon", "coordinates": [ [ [ 79.149696765890695, 9.241826269618185 ], [ 79.169251404289156, 9.249038904122621 ], [ 79.241622371627741, 9.273251572929203 ], [ 79.26142014937146, 9.271225840792997 ], [ 79.272035476671945, 9.254988158504839 ], [ 79.27885238022499, 9.222685132350598 ], [ 79.310951670815896, 9.195450979636369 ], [ 79.330547166846372, 9.177316138971957 ], [ 79.337446873494841, 9.152173821649969 ], [ 79.337381710501958, 9.146804720015652 ], [ 79.331935562200087, 9.143289989250357 ], [ 79.306873285623936, 9.156119144302147 ], [ 79.287233599592525, 9.170673093401135 ], [ 79.265790801875696, 9.185248012023909 ], [ 79.246083204643256, 9.19443146369391 ], [ 79.220969770524576, 9.203677721114831 ], [ 79.192187740287039, 9.207594731422018 ], [ 79.170589616007987, 9.209636115496927 ], [ 79.15267783501254, 9.218795214050937 ], [ 79.150959943667928, 9.22597654646964 ], [ 79.149696765890695, 9.241826269618185 ] ] ] } },
{ "type": "Feature", "properties": { "state_name": "Madras Presidency", "id": 21 }, "geometry": { "type": "Polygon", "coordinates": [ [ [ 78.15579268768704, 8.926639725352432 ], [ 78.15083793234453, 8.909356312328169 ], [ 78.144071580368035, 8.890893092041141 ], [ 78.141497469948632, 8.88415726211759 ], [ 78.137927188932423, 8.874814037263278 ], [ 78.128760009402839, 8.856370227984643 ], [ 78.121426093399776, 8.841495297520501 ], [ 78.115294165310829, 8.826610031477891 ], [ 78.11155529409821, 8.810509764293284 ], [ 78.126059378274547, 8.749449580731474 ], [ 78.125994554984956, 8.741683271424751 ], [ 78.121686763059628, 8.729172324347889 ], [ 78.117389302163659, 8.717856049383089 ], [ 78.10342128154123, 8.698851709824735 ], [ 78.087503944424299, 8.670973444948272 ], [ 78.082709048542952, 8.662574194922588 ], [ 78.079585646051271, 8.647662473719411 ], [ 78.07402749234528, 8.628587812827664 ], [ 78.067869908660782, 8.609517653529686 ], [ 78.061108178787251, 8.589854486588839 ], [ 78.057963267481639, 8.571954774057801 ], [ 78.056586232648058, 8.549858510564645 ], [ 78.062312010234038, 8.515158871929586 ], [ 78.06851943611143, 8.465518501795056 ], [ 78.062381754086019, 8.44823945818216 ], [ 78.052054040208631, 8.432187748089994 ], [ 78.035729660171398, 8.398776160661154 ], [ 78.027707235797834, 8.387778004693535 ], [ 78.00103144357297, 8.359749006587569 ], [ 77.956740252569091, 8.323013103736432 ], [ 77.937756315693974, 8.311177507821414 ], [ 77.897129293953213, 8.288593876019902 ], [ 77.842602364849739, 8.265237380193668 ], [ 77.792600357651736, 8.235708114260404 ], [ 77.757348662243174, 8.211781538361381 ], [ 77.6956140663128, 8.178625541787998 ], [ 77.63627680799253, 8.152622074223499 ], [ 77.595790384133522, 8.139002409826485 ], [ 77.585292593895531, 8.138073722301174 ], [ 77.568883444970496, 8.136621517591072 ], [ 77.557978066776485, 8.135656011264533 ], [ 77.536334850215411, 8.128020952810738 ], [ 77.518540984116981, 8.115844052237112 ], [ 77.450732923688577, 8.069424752948995 ], [ 77.447183935875586, 8.0669945250638 ], [ 77.427294343650317, 8.070801113900181 ], [ 77.400268120900961, 8.075971978887448 ], [ 77.398214958763248, 8.076364731465222 ], [ 77.317538596084404, 8.090024245285077 ], [ 77.265242104136249, 8.120638699299803 ], [ 77.24054096486482, 8.135095332749017 ], [ 77.219750388821325, 8.147261536902011 ], [ 77.189084400197871, 8.169841009098713 ], [ 77.083899997022968, 8.25585458602129 ], [ 77.078874608265338, 8.259962664158948 ], [ 76.997362201955298, 8.325581954066667 ], [ 76.964734287140942, 8.349124541971566 ], [ 76.956334191141949, 8.361314963997343 ], [ 76.951337320347264, 8.368566184996707 ], [ 76.931265741137096, 8.404471755720873 ], [ 76.916604632129136, 8.417779379255499 ], [ 76.887130921715169, 8.444528316231491 ], [ 76.831415927459616, 8.495696629583824 ], [ 76.812135977685003, 8.521810344754185 ], [ 76.797104417682775, 8.527198783726552 ], [ 76.789273124986494, 8.534387863093482 ], [ 76.7634193235872, 8.572257484074097 ], [ 76.754450481924891, 8.597258209378502 ], [ 76.751964183448649, 8.604188350561564 ], [ 76.750831370257984, 8.605405174784224 ], [ 76.702254505895411, 8.657575481980391 ], [ 76.693854811175754, 8.672456823920978 ], [ 76.660361616584808, 8.709683982266435 ], [ 76.64470996103762, 8.726790456992168 ], [ 76.633440599937998, 8.739106109947897 ], [ 76.596906714314628, 8.770960124846445 ], [ 76.592643330218849, 8.772677550839603 ], [ 76.563940282304713, 8.802300265417481 ], [ 76.562831749547925, 8.817155564099464 ], [ 76.558668000316487, 8.827938473866343 ], [ 76.523304528987779, 8.8555962273507 ], [ 76.488565924119825, 8.890426249865172 ], [ 76.468525537097548, 8.910515376853231 ], [ 76.456612294551164, 8.925150236145976 ], [ 76.438924643796113, 8.961199114194784 ], [ 76.406774050122053, 9.047452572375063 ], [ 76.402179225538845, 9.064129491920076 ], [ 76.394465092618688, 9.096848593070243 ], [ 76.390915871546454, 9.122571262512983 ], [ 76.385804692544895, 9.159611095066811 ], [ 76.349594744774777, 9.224264885605221 ], [ 76.343344228696466, 9.237538438125522 ], [ 76.334437149229146, 9.25092071102717 ], [ 76.331196923417465, 9.256604025611566 ], [ 76.322791804976688, 9.279723458406753 ], [ 76.310845771239102, 9.305606973994559 ], [ 76.286973699548057, 9.364072501770842 ], [ 76.25688557750837, 9.437872014408162 ], [ 76.251691726294183, 9.467558534669729 ], [ 76.249578807585451, 9.476439756553036 ], [ 76.248843214570542, 9.479531591313096 ], [ 76.241653181986777, 9.49056304028813 ], [ 76.232526125111491, 9.499208635261716 ], [ 76.230689524135428, 9.501307373174145 ], [ 76.228311877983302, 9.508055659101984 ], [ 76.221379006341166, 9.651214165052684 ], [ 76.207896384353916, 9.721841573345213 ], [ 76.205110204587697, 9.787372722045021 ], [ 76.202754971451967, 9.803172079070121 ], [ 76.197048138668748, 9.82616102900146 ], [ 76.188924715460843, 9.848201427761996 ], [ 76.176491459087572, 9.879827150924966 ], [ 76.169880451313915, 9.904944115229817 ], [ 76.17394058644129, 9.90281031787649 ], [ 76.185297660536634, 9.891715234738449 ], [ 76.214313529503499, 9.863363964667412 ], [ 76.242225149754105, 9.824732474139656 ], [ 76.277863167427171, 9.73481882343833 ], [ 76.29715626910351, 9.636163692387973 ], [ 76.293375392449988, 9.582895084469817 ], [ 76.294400482574872, 9.528687373901459 ], [ 76.300180051202517, 9.506454446696337 ], [ 76.325137879128405, 9.483337703397167 ], [ 76.35680659579576, 9.481507565082701 ], [ 76.395260895742254, 9.487255681396736 ], [ 76.414574278342926, 9.503410905432023 ], [ 76.421380312454133, 9.518745046445247 ], [ 76.418221673786391, 9.522878845516335 ], [ 76.411740001841963, 9.531361234701546 ], [ 76.400311589309965, 9.533764522224532 ], [ 76.387594280034307, 9.536438385903551 ], [ 76.365439521504058, 9.544336459606615 ], [ 76.35485684244351, 9.554024698959335 ], [ 76.351008494806393, 9.569488237297652 ], [ 76.348967873993729, 9.590293214294723 ], [ 76.34334584737762, 9.647608180750819 ], [ 76.338122928284221, 9.664182839590765 ], [ 76.325083437032461, 9.705557162523668 ], [ 76.318363330220365, 9.729696284670016 ], [ 76.318427963412148, 9.757620853640443 ], [ 76.318408886207735, 9.786048268598652 ], [ 76.318401155814627, 9.797705042960418 ], [ 76.295655434856585, 9.845148809148228 ], [ 76.271427387593761, 9.895670208691534 ], [ 76.204399343055613, 9.966742100440738 ], [ 76.199191404698709, 9.976545279889944 ], [ 76.20188595768505, 9.980033574067996 ], [ 76.215469049433182, 9.998167647067591 ], [ 76.221318962718215, 10.013458448265714 ], [ 76.224697593321821, 10.016486169474092 ], [ 76.21820586174394, 10.029991074000762 ], [ 76.217531989413899, 10.033569628278391 ], [ 76.215137429227866, 10.042603710886358 ], [ 76.213723270064619, 10.047938794219618 ], [ 76.213667631802196, 10.048111924807579 ], [ 76.204177212838047, 10.077641122323545 ], [ 76.202166008441708, 10.090771455857659 ], [ 76.199553957501081, 10.107823474145816 ], [ 76.197774004297514, 10.119442735477818 ], [ 76.197576674627328, 10.120730840870461 ], [ 76.183607677266039, 10.149305996785696 ], [ 76.178334568111921, 10.160091442619079 ], [ 76.176485713885768, 10.163872860773306 ], [ 76.171662897095914, 10.165804182904848 ], [ 76.166488875390215, 10.158537008057932 ], [ 76.164866484551908, 10.156258184987093 ], [ 76.16958159575519, 10.12465964526443 ], [ 76.174199584242814, 10.113358507110808 ], [ 76.178197418343117, 10.103574417950549 ], [ 76.17909351733995, 10.084430764225798 ], [ 76.179006617146626, 10.060505482377133 ], [ 76.177006070953937, 10.041372094314669 ], [ 76.172479158660067, 10.032969866086333 ], [ 76.150207467509901, 10.120735327057298 ], [ 76.150026632967382, 10.122509364060836 ], [ 76.144864608837693, 10.173157660534045 ], [ 76.136946233972893, 10.194422327456362 ], [ 76.14075352007346, 10.201368055210185 ], [ 76.142823515857486, 10.205144237836567 ], [ 76.116397751173835, 10.257403431578446 ], [ 76.112156466254447, 10.265789337122188 ], [ 76.10563420380744, 10.278684346727124 ], [ 76.085799735305358, 10.332633178278021 ], [ 76.067814744552351, 10.378796443943715 ], [ 76.055651478976074, 10.410009541031208 ], [ 76.044678565873426, 10.425910791156635 ], [ 76.042374456289764, 10.429249527622286 ], [ 76.041784160134583, 10.430104874644888 ], [ 76.034218517815162, 10.448463182420646 ], [ 76.02389323538182, 10.473514536675445 ], [ 75.974590888495044, 10.551650262163367 ], [ 75.972067949569862, 10.555647519208939 ], [ 75.966095396919656, 10.565109769982694 ], [ 75.965197148937989, 10.566532799218484 ], [ 75.963244617937576, 10.569889181191172 ], [ 75.926705160052492, 10.632685702399609 ], [ 75.918808364130001, 10.642603643733933 ], [ 75.89949539176979, 10.66685634134809 ], [ 75.886217580658169, 10.683527498109392 ], [ 75.865717907875265, 10.773940026662371 ], [ 75.82848402387765, 10.868760802454643 ], [ 75.827702921199972, 10.871275579069707 ], [ 75.825681457115977, 10.876502116427908 ], [ 75.819724624624783, 10.905302472704465 ], [ 75.81347717197653, 10.935502908485692 ], [ 75.813068605193038, 10.938450938896082 ], [ 75.805790151055604, 10.990961586725117 ], [ 75.783896617388322, 11.071747236871451 ], [ 75.778108623305883, 11.090091236059445 ], [ 75.769721748937201, 11.116668107681555 ], [ 75.738602687787733, 11.215240555985492 ], [ 75.715133810689409, 11.273120178693921 ], [ 75.684344866083194, 11.329787027177819 ], [ 75.638489484399912, 11.388803670075033 ], [ 75.634185108225452, 11.394899096881266 ], [ 75.608014013696732, 11.434635062812502 ], [ 75.602393862141554, 11.467198975697514 ], [ 75.591137356301076, 11.488335314770564 ], [ 75.586987729091348, 11.496126206236198 ], [ 75.571433053574111, 11.51538354357751 ], [ 75.571165456319505, 11.520595434478398 ], [ 75.562461144539384, 11.535686446505485 ], [ 75.520425184847127, 11.58646477383788 ], [ 75.511838915289403, 11.604550674410863 ], [ 75.510060460595724, 11.629286683685505 ], [ 75.507761634674665, 11.661255789603011 ], [ 75.494754348819399, 11.688977094842684 ], [ 75.494109072229179, 11.68929730447104 ], [ 75.488874725942992, 11.691894697080013 ], [ 75.47298410367948, 11.699777905703787 ], [ 75.460472786593897, 11.705612744540046 ], [ 75.456495800469213, 11.72537617476825 ], [ 75.433625589172507, 11.748354854087779 ], [ 75.476832429419517, 11.782928759911343 ], [ 75.495831476753082, 11.814479764021161 ], [ 75.503157142811602, 11.836000991029769 ], [ 75.503204450773367, 11.861841794568079 ], [ 75.501781071564082, 11.880507159881798 ], [ 75.487220220901605, 11.889146268192754 ], [ 75.46536742084399, 11.896361167161068 ], [ 75.440595597934006, 11.90214337487809 ], [ 75.391028063463878, 11.899345200276594 ], [ 75.321261642964799, 11.894757168648518 ], [ 75.312474050641214, 11.905024678413252 ], [ 75.28042051590198, 11.922285972856024 ], [ 75.272413653948632, 11.933778894264627 ], [ 75.257861427094213, 11.962505255401766 ], [ 75.231643233900698, 11.994829829409136 ], [ 75.190411670618246, 12.036336165192692 ], [ 75.16241701704142, 12.064506696142265 ], [ 75.158842519785878, 12.069098289609631 ], [ 75.121598388263322, 12.116927938826844 ], [ 75.068363014139237, 12.179395825503619 ], [ 75.06399343400011, 12.213851739012471 ], [ 75.036270061797495, 12.261949912946012 ], [ 75.019487765562431, 12.325118460460978 ], [ 74.982982390226937, 12.376082570968684 ], [ 74.981797357434317, 12.377899603380905 ], [ 74.964724056552768, 12.404075010426968 ], [ 74.95814781145414, 12.428479222698666 ], [ 74.94378744308267, 12.44360594941328 ], [ 74.93623130109755, 12.455751229202452 ], [ 74.928191119989336, 12.476565281036468 ], [ 74.904799769166416, 12.521779022312391 ], [ 74.874834539227862, 12.544736054529496 ], [ 74.85288514535587, 12.597123467165014 ], [ 74.83678116117602, 12.638745667615293 ], [ 74.80820444907738, 12.733473676866621 ], [ 74.793126145140064, 12.764896419374036 ], [ 74.767912568459593, 12.817420987896741 ], [ 74.752485847754286, 12.885595001738917 ], [ 74.740708811386028, 12.954489029665854 ], [ 74.728198389742857, 13.018356967532268 ], [ 74.719282011089291, 13.13534154446589 ], [ 74.706762857480925, 13.193465286098046 ], [ 74.694275991460387, 13.220725052217301 ], [ 74.683988986283921, 13.244398108162221 ], [ 74.678845193310764, 13.255875576697864 ], [ 74.677330503477961, 13.293196225721802 ], [ 74.669968283861323, 13.318307657502546 ], [ 74.665558087986085, 13.327632483377066 ], [ 74.665292388220664, 13.331790492665069 ], [ 74.663310602002255, 13.362798608458958 ], [ 74.644944922261601, 13.390047398319712 ], [ 74.635397185521356, 13.401517514284432 ], [ 74.628044764061073, 13.415143673124378 ], [ 74.627218405496706, 13.475431646232886 ], [ 74.599272593798915, 13.522040642051728 ], [ 74.580096824752658, 13.58157988192762 ], [ 74.578529113278734, 13.638276747762536 ], [ 74.573352086150365, 13.660517004066323 ], [ 74.563037345203284, 13.682030365236658 ], [ 74.547598707586587, 13.694921399382673 ], [ 74.539496355939932, 13.709260590734516 ], [ 74.529187766968789, 13.725030684728045 ], [ 74.529118969055872, 13.759480317028292 ], [ 74.527438276822167, 13.814233142647497 ], [ 74.524401636141107, 13.913058529145628 ], [ 74.513271129913278, 13.965427980338498 ], [ 74.477875472339434, 14.019180827162659 ], [ 74.416586492069882, 14.12956253917482 ], [ 74.384006683300584, 14.212012549972513 ], [ 74.381447197699018, 14.241922497799978 ], [ 74.379132079889189, 14.268968215994862 ], [ 74.378134475228393, 14.280619944319247 ], [ 74.379058345871201, 14.285107446224751 ], [ 74.382889246598936, 14.292090063772088 ], [ 74.395787329057612, 14.294631037063782 ], [ 74.466731680157224, 14.305728303887182 ], [ 74.534168789973236, 14.319027268626844 ], [ 74.589847826080344, 14.286774504815217 ], [ 74.614182118149856, 14.258108010468808 ], [ 74.628971380215518, 14.213635153655012 ], [ 74.643719930859433, 14.191409321460087 ], [ 74.665821039238836, 14.169192832424899 ], [ 74.679080041466577, 14.155574820318858 ], [ 74.69160973730105, 14.136213554587462 ], [ 74.710026697055937, 14.111834863506914 ], [ 74.726213315032169, 14.104676850329081 ], [ 74.7791602396983, 14.10257811114899 ], [ 74.822555333678238, 14.089695358433941 ], [ 74.836538807301906, 14.071762678656206 ], [ 74.860106681510146, 14.005748555771087 ], [ 74.885842095178901, 13.987101607396326 ], [ 74.90495470503042, 13.979215032156247 ], [ 74.924801413457686, 13.969891746012394 ], [ 74.924421570042156, 13.932690208500908 ], [ 74.921764349135955, 13.822161017334343 ], [ 74.925446056487729, 13.792496373334089 ], [ 74.928630622587107, 13.784841618386988 ], [ 74.938669277743699, 13.774556969662916 ], [ 74.994477592858999, 13.734611225445729 ], [ 75.029859675514075, 13.690708532292257 ], [ 75.050409620992141, 13.674915179460699 ], [ 75.073161991363264, 13.669885407480972 ], [ 75.09297246057011, 13.6519355471036 ], [ 75.095165900396196, 13.631120545856723 ], [ 75.098816149205177, 13.585184282962922 ], [ 75.097336133704786, 13.554322299252307 ], [ 75.103195851099869, 13.53278788374643 ], [ 75.122255205490305, 13.50694078762711 ], [ 75.133982065804958, 13.491144573768011 ], [ 75.141288993920469, 13.444487538647444 ], [ 75.143471800480043, 13.415776665337901 ], [ 75.154450120779401, 13.384907262042574 ], [ 75.197681179981871, 13.357602939030315 ], [ 75.221122881011809, 13.34107547489935 ], [ 75.237983339797211, 13.343213438778065 ], [ 75.258533441952878, 13.368314238756014 ], [ 75.286423327734681, 13.396993717876038 ], [ 75.314291834888067, 13.404137929092688 ], [ 75.342862561842949, 13.388310611112725 ], [ 75.353088432442533, 13.362458113638631 ], [ 75.356713533185939, 13.335179098870935 ], [ 75.36695528677177, 13.322245251401807 ], [ 75.383800795272222, 13.315042998250682 ], [ 75.405060335027258, 13.31859865496825 ], [ 75.424844627066676, 13.316413134766524 ], [ 75.440189808144211, 13.291266417403838 ], [ 75.453361649566745, 13.281195056902215 ], [ 75.477557202285254, 13.288328115082598 ], [ 75.517933891775073, 13.322699882715945 ], [ 75.545057269813839, 13.325513981709605 ], [ 75.576542888802479, 13.313243240091579 ], [ 75.588914819315178, 13.277329037989613 ], [ 75.577129884198868, 13.251518110951357 ], [ 75.552880449231012, 13.219991958938229 ], [ 75.534522182754984, 13.199934628854624 ], [ 75.524945790022585, 13.174833906251127 ], [ 75.526364713696566, 13.153299079197515 ], [ 75.550362559913196, 13.076451595423327 ], [ 75.551791791875516, 13.060658415812872 ], [ 75.540023525847914, 13.035562511596629 ], [ 75.529000328221287, 13.015488590072687 ], [ 75.502598499112054, 12.990420111317787 ], [ 75.47692286476358, 12.959605416811154 ], [ 75.457813035017693, 12.914421466650747 ], [ 75.435037657732465, 12.860628784608561 ], [ 75.414471137235822, 12.809701187235037 ], [ 75.398364731784767, 12.79967737743258 ], [ 75.376413141804534, 12.792532005802494 ], [ 75.340583889061037, 12.797605091081042 ], [ 75.291598134166506, 12.811301458228227 ], [ 75.26453609027682, 12.811330038279698 ], [ 75.24916594856218, 12.800578458802546 ], [ 75.239625552465341, 12.76613419176943 ], [ 75.239612719246921, 12.752496487058895 ], [ 75.241801670305406, 12.7474700698709 ], [ 75.270845228212906, 12.679825902057985 ], [ 76.871975238551727, 14.076464338276685 ], [ 76.868452280102758, 14.081461035478032 ], [ 76.848565546397765, 14.106483215093126 ], [ 76.839876353995734, 14.122810267612659 ], [ 76.841963389320483, 14.138576508171735 ], [ 76.858710577332403, 14.148968920624347 ], [ 76.87993689424583, 14.167454986740985 ], [ 76.881976165471002, 14.177003749140681 ], [ 76.879216734541814, 14.199024344735854 ], [ 76.876322420278598, 14.264087294069762 ], [ 76.885781614975514, 14.281229038683577 ], [ 76.909885107937413, 14.290123210598621 ], [ 76.933888027839131, 14.287060009345339 ], [ 76.959261691519174, 14.272506022076904 ], [ 77.026470046603265, 14.22125467654228 ], [ 77.033931163992889, 14.21773573346878 ], [ 77.273920900218044, 14.427074692669919 ], [ 77.262324928119568, 14.424734714822003 ], [ 77.240951464136018, 14.445976611439418 ], [ 77.217158669322444, 14.47106500438495 ], [ 77.18851909106148, 14.502890916180345 ], [ 77.169033790539117, 14.517894470512507 ], [ 77.152356495534363, 14.519004445621063 ], [ 77.118809797324516, 14.501139704534875 ], [ 77.096144867221312, 14.491779745876993 ], [ 77.066744277608109, 14.496822064311555 ], [ 77.053966736473981, 14.495021444215492 ], [ 77.047455110847238, 14.480732760384342 ], [ 77.043836163669468, 14.460680428646397 ], [ 77.027469849125708, 14.441694330186099 ], [ 76.996409056808517, 14.425222529427504 ], [ 76.970313061999278, 14.414921385164154 ], [ 76.944829983795188, 14.41848021227613 ], [ 76.917432265525036, 14.427790584983438 ], [ 76.890940595357435, 14.428482685951865 ], [ 76.866937629045083, 14.433456227147198 ], [ 76.848790118439894, 14.434555693997469 ], [ 76.843420064374754, 14.437945405437761 ], [ 76.835136952655176, 14.445183627592561 ], [ 76.833323061990725, 14.463370842584757 ], [ 76.83409675232646, 14.497797962716227 ], [ 76.831827424924072, 14.520292846275604 ], [ 76.822088037382457, 14.529933511987283 ], [ 76.808603394471476, 14.562080160669721 ], [ 76.810735256419719, 14.582627997592253 ], [ 76.838977923688731, 14.613014253016802 ], [ 76.863178154605748, 14.629081800185086 ], [ 76.893787154075497, 14.647485435949752 ], [ 76.896444560398933, 14.670896409192622 ], [ 76.889707371992415, 14.687210712924697 ], [ 76.876140441098016, 14.709318922022305 ], [ 76.857666263653144, 14.729190795450405 ], [ 76.853742890876589, 14.733410396029679 ], [ 76.841317675810785, 14.775115296671066 ], [ 76.821787220487963, 14.790573632556406 ], [ 76.786450493116874, 14.797067187148768 ], [ 76.777708463833761, 14.810047233299777 ], [ 76.764645905396392, 14.835972724185327 ], [ 76.764952712335898, 14.87375134785144 ], [ 76.772153102027772, 14.912433054654047 ], [ 76.792220739806282, 14.960099902589961 ], [ 76.826334439828557, 14.980393004384375 ], [ 76.841218706179731, 14.995098011915772 ], [ 76.856150440847443, 15.015061773131986 ], [ 76.854508919034657, 15.052853980188699 ], [ 76.844471929000932, 15.087367175521511 ], [ 76.84418616861592, 15.111280144698737 ], [ 76.853791784734199, 15.140372395681922 ], [ 76.847554004725367, 15.159073726002832 ], [ 76.832808960222749, 15.162063327331719 ], [ 76.799761553344126, 15.155156232021195 ], [ 76.751390834701652, 15.140711797426452 ], [ 76.689135528712839, 15.112969627249365 ], [ 76.651483159779829, 15.082161117152747 ], [ 76.648423133635802, 15.068313945545219 ], [ 76.655184118795788, 15.051525724168743 ], [ 76.661474295864068, 15.037610356701837 ], [ 76.657419387964453, 15.022335754137364 ], [ 76.642030299552175, 15.004751757230924 ], [ 76.627551851694449, 14.977116389158805 ], [ 76.630796674216242, 14.950788624625547 ], [ 76.645947157154893, 14.937766838759433 ], [ 76.659088094989684, 14.919497923336124 ], [ 76.657425907457494, 14.895118624889816 ], [ 76.645853963883596, 14.860766939251768 ], [ 76.631863954839204, 14.831214088471002 ], [ 76.593407913093102, 14.816657056482168 ], [ 76.559992043127025, 14.818799025639546 ], [ 76.535360357540441, 14.811790265745858 ], [ 76.524956257603989, 14.800380369142045 ], [ 76.52433776125595, 14.782209322673404 ], [ 76.54241685863245, 14.76678389091242 ], [ 76.546657910306948, 14.740927859636541 ], [ 76.53612642401815, 14.710865556310662 ], [ 76.497700362494243, 14.696768020493307 ], [ 76.466878609918012, 14.717053887966468 ], [ 76.433158469036314, 14.745963698030229 ], [ 76.391048156031843, 14.848102490889065 ], [ 76.374966506763471, 14.871158534626796 ], [ 76.369083250678599, 14.874063618876812 ], [ 76.317427623252115, 14.871496053575312 ], [ 76.295314026703238, 14.874491919620757 ], [ 76.246889273200367, 14.920680620743232 ], [ 76.21155141489966, 14.935220730685694 ], [ 76.172991816196998, 14.900980737513965 ], [ 76.144711920684543, 14.855201780875591 ], [ 76.122529565400185, 14.845265709926032 ], [ 76.08561807364886, 14.839702625751778 ], [ 76.067985074538399, 14.854136185998382 ], [ 76.016392916445383, 14.864416043228214 ], [ 76.001611562491618, 14.858740504741528 ], [ 75.982288033391711, 14.827251028354789 ], [ 75.989507952213373, 14.792776873544591 ], [ 76.009906235481893, 14.738153437166028 ], [ 75.990625735613477, 14.713839333141134 ], [ 75.846140088990254, 14.718717505828289 ], [ 75.843295815269144, 14.745996582061483 ], [ 75.839069794374637, 14.797678850038736 ], [ 75.806686293973172, 14.816451997215282 ], [ 75.787611865896423, 14.845222031397041 ], [ 75.759618361199443, 14.856797884425772 ], [ 75.743357981391128, 14.848239811160866 ], [ 75.697534934405255, 14.822549382633021 ], [ 75.669645936278258, 14.809752119665816 ], [ 75.6607476346841, 14.880710094110659 ], [ 75.663489651565513, 14.972795660669059 ], [ 75.672239927334786, 15.01702242488961 ], [ 75.710485737259802, 15.046806154095572 ], [ 75.72042791807948, 15.075478660024055 ], [ 75.711995140997772, 15.130520859818935 ], [ 75.710875717514952, 15.164011994018344 ], [ 75.728192922182629, 15.186680344443085 ], [ 75.782357073108614, 15.180518865394411 ], [ 75.824156975573104, 15.162430486831823 ], [ 75.847581022248818, 15.169519372499181 ], [ 75.881056393968109, 15.224404174200718 ], [ 75.91952973687151, 15.291221584355322 ], [ 75.923393707818065, 15.329474929258065 ], [ 75.951896249494737, 15.346690656558398 ], [ 75.997201897289401, 15.336925621247888 ], [ 76.049388916593458, 15.324249285170898 ], [ 76.09578429041234, 15.336463412257972 ], [ 76.160056555872202, 15.371535246699748 ], [ 76.217196599010848, 15.36357714746503 ], [ 76.294260329343984, 15.389928306844908 ], [ 76.383707667414356, 15.496527698789222 ], [ 76.483610574254527, 15.534141722618934 ], [ 76.535128469446462, 15.540416735741326 ], [ 76.610016334199997, 15.549515860169668 ], [ 76.664232645233653, 15.543374347722454 ], [ 76.723671356959926, 15.572567481377444 ], [ 76.73971547102775, 15.60304718482007 ], [ 76.746033253719503, 15.649862112468661 ], [ 76.74386079520491, 15.742652619465996 ], [ 76.778879979668204, 15.794971846645451 ], [ 76.816531432261968, 15.808049776242235 ], [ 76.871799934526081, 15.802798640521903 ], [ 76.916488231563406, 15.828230051431976 ], [ 76.940606115826938, 15.871050113364053 ], [ 76.938586991783637, 15.969568925757445 ], [ 76.977672494834891, 16.023721939403437 ], [ 77.030111422689174, 16.027057183626638 ], [ 77.113128429404981, 16.023386714885014 ], [ 77.213333920101164, 16.054885934508047 ], [ 77.261299047612766, 16.09932324159784 ], [ 77.323686799392704, 16.106302483390394 ], [ 77.365060662655836, 16.092463154119411 ], [ 77.414853032924853, 16.039323562541227 ], [ 77.455029354235563, 16.01018625926428 ], [ 77.487627021917334, 16.006653913014624 ], [ 77.504384431314151, 16.004836102386733 ], [ 77.576806714943345, 16.025966041528758 ], [ 77.727122244344358, 16.031753995794176 ], [ 77.860276657016541, 16.012814970167589 ], [ 78.03995327041379, 15.936761039252996 ], [ 78.101413663556869, 15.887150136144143 ], [ 78.143534651921982, 15.865519127967449 ], [ 78.188220284622574, 15.88206452574938 ], [ 78.210253695551501, 15.901803917174304 ], [ 78.242859222580137, 15.903227503532866 ], [ 78.276652717459172, 15.917048864139652 ], [ 78.283857991887061, 15.935092672838486 ], [ 78.293633532147098, 15.98940307342211 ], [ 78.294370442382984, 16.034296907875152 ], [ 78.337541481443537, 16.075665937977874 ], [ 78.419131379140566, 16.108767959966226 ], [ 78.525957727542135, 16.114671072380101 ], [ 78.599613057440479, 16.089561556301316 ], [ 78.709164583264396, 16.083866624425021 ], [ 78.790045397555815, 16.077671890184511 ], [ 78.853603950237897, 16.095633565822055 ], [ 78.905526783023291, 16.124290978093928 ], [ 78.96479466829345, 16.173801799913587 ], [ 79.014330229870069, 16.180509936968015 ], [ 79.046687669822632, 16.168439138593623 ], [ 79.059505904525253, 16.167239983879167 ], [ 79.09254565828715, 16.188564255144307 ], [ 79.115993301328047, 16.223433517276941 ], [ 79.158038311756371, 16.24934197242812 ], [ 79.196317925451325, 16.237131295593034 ], [ 79.243233751423517, 16.213287474513798 ], [ 79.295528114045993, 16.210325334459945 ], [ 79.319288292399875, 16.21270596049925 ], [ 79.32583092284176, 16.223809822525929 ], [ 79.33262603297544, 16.235340249472419 ], [ 79.326421875128048, 16.312776861285172 ], [ 79.305357035327077, 16.343750863845973 ], [ 79.274040516022765, 16.403567696967794 ], [ 79.265282208300178, 16.455288933665766 ], [ 79.308285726100991, 16.521219446925254 ], [ 79.378480260040433, 16.562703836677812 ], [ 79.493258441141265, 16.605105647414842 ], [ 79.671581890928536, 16.613570219907274 ], [ 79.735222735283472, 16.626436384409423 ], [ 79.777655622967231, 16.661711485751432 ], [ 79.804109592095884, 16.690669341394266 ], [ 79.837811954858978, 16.692744066387679 ], [ 79.869943782303849, 16.671958578496074 ], [ 79.900017366264009, 16.648357114983536 ], [ 79.921404679485505, 16.633543291222548 ], [ 79.949062711015571, 16.631930469569532 ], [ 79.978647086797977, 16.628360362201597 ], [ 80.010674235041066, 16.604700632965631 ], [ 80.03792577926346, 16.587829043926838 ], [ 80.06151896973725, 16.58248717917769 ], [ 80.094129036753117, 16.581689671820925 ], [ 80.144954675399362, 16.596645627706653 ], [ 80.164350994014214, 16.622466136016342 ], [ 80.169564478896248, 16.629404497550365 ], [ 80.195249225933026, 16.664991477503985 ], [ 80.205201059798611, 16.740059747023327 ], [ 80.177558821801966, 16.778894180961007 ], [ 80.146949221251973, 16.781570214895343 ], [ 80.092193679039852, 16.806773290015364 ], [ 80.06109243824028, 16.828521567987043 ], [ 80.044675882554159, 16.844183891973994 ], [ 80.040462021441655, 16.871942160777586 ], [ 80.061984576125397, 16.89906424208462 ], [ 80.079323460754551, 16.917704774007124 ], [ 80.10494654763616, 16.949484935881447 ], [ 80.13969851132056, 16.988656951327172 ], [ 80.179042716277635, 16.978123844021443 ], [ 80.220348033051465, 17.002808756100539 ], [ 80.237950510289963, 17.030002745415036 ], [ 80.296722144508607, 17.040868723121534 ], [ 80.332574175439902, 17.012284728953144 ], [ 80.375071237867942, 16.973989670338344 ], [ 80.40262658220874, 16.933227410088435 ], [ 80.431794766769457, 16.880031193129554 ], [ 80.455317655089416, 16.837469240577118 ], [ 80.463697334437825, 16.819137628519098 ], [ 80.513595299549337, 16.765386622457171 ], [ 80.540282104019937, 16.764668976327133 ], [ 80.569250111367964, 16.774368200989748 ], [ 80.586526801429358, 16.790098329048885 ], [ 80.619959369175405, 16.816818308588584 ], [ 80.647665231058582, 16.817009518165541 ], [ 80.665826257046348, 16.828894489761606 ], [ 80.664587879994571, 16.853701293725891 ], [ 80.647529890026675, 16.87894614656344 ], [ 80.577427424875808, 16.918035690426048 ], [ 80.483987310128654, 16.972987436687571 ], [ 80.449742291030404, 17.02156221595628 ], [ 80.449091144201205, 17.0673275650135 ], [ 80.461806555775951, 17.095576629609184 ], [ 80.49583775065436, 17.107043039079684 ], [ 80.530607862214239, 17.10990554976572 ], [ 80.569678847596734, 17.124078101187003 ], [ 80.610934896200064, 17.144850639333313 ], [ 80.636584298229806, 17.173672450034022 ], [ 80.654410377537729, 17.173172259322843 ], [ 80.689856852385276, 17.165503677041901 ], [ 80.719412471559593, 17.127510108200511 ], [ 80.752789705611562, 17.020814524385234 ], [ 80.780367114923621, 16.983830271185937 ], [ 80.831768420263415, 16.981408552356207 ], [ 80.87035964343265, 17.012682126197905 ], [ 80.909533620872296, 17.062024116877588 ], [ 80.931727381697044, 17.106138040855981 ], [ 80.94846927759987, 17.134217024826025 ], [ 80.985480468508456, 17.145501569297505 ], [ 81.022906787390809, 17.147805862635924 ], [ 81.048006067328373, 17.149347158847306 ], [ 81.106101954966903, 17.139024263052328 ], [ 81.152049174866548, 17.150955567287824 ], [ 81.178172418161822, 17.192045953825442 ], [ 81.177848166701423, 17.212049108177336 ], [ 81.175767339747438, 17.238770830948365 ], [ 81.204404414517128, 17.265494775973526 ], [ 81.241604938676076, 17.281473299580075 ], [ 81.278144059384204, 17.306982767864515 ], [ 81.289812376520871, 17.329460932177355 ], [ 81.301484290316992, 17.35193746483333 ], [ 81.323691485763192, 17.363607726387979 ], [ 81.370059821547628, 17.357370774623583 ], [ 81.400222680592734, 17.369727822166571 ], [ 81.406667902982988, 17.412347557906376 ], [ 81.387826021045839, 17.440555070241391 ], [ 81.343850000004636, 17.45909927744394 ], [ 81.301613770462666, 17.470917657683792 ], [ 81.256876141634862, 17.525644999332261 ], [ 81.221069667764624, 17.581039937612722 ], [ 81.163883398576033, 17.59235856139545 ], [ 81.110680984362745, 17.574973784289334 ], [ 81.059182171793907, 17.548949115905746 ], [ 80.987894466982056, 17.524459698833599 ], [ 80.946711655161735, 17.539989395508957 ], [ 80.934907025832771, 17.573679066160356 ], [ 80.933801940393138, 17.630857296738547 ], [ 80.945354596522137, 17.680033017856413 ], [ 80.931908836903474, 17.724251526666887 ], [ 80.919861393918069, 17.780810167215154 ], [ 80.936982722739018, 17.81743409899698 ], [ 80.926136512643609, 17.850146972314722 ], [ 80.902148722362909, 17.876592965455796 ], [ 80.855837554843703, 17.950386831294438 ], [ 80.856844221924163, 17.98083721448242 ], [ 80.839919403684476, 18.010878424914448 ], [ 80.790130283741732, 18.040957195159905 ], [ 80.625235245589479, 18.147794771768929 ], [ 80.594222641936454, 18.175382594823084 ], [ 80.568787792829042, 18.221863696663558 ], [ 80.555901965435453, 18.255591326255846 ], [ 80.530780158482969, 18.281098176867467 ], [ 80.501482828519187, 18.301006110967069 ], [ 80.482113942948004, 18.351122089083354 ], [ 80.482564965026114, 18.396854315677899 ], [ 80.483987049442291, 18.441605297705493 ], [ 80.508028741693167, 18.475214598998285 ], [ 80.549353553021902, 18.517840215934715 ], [ 80.618178148112818, 18.545339876243396 ], [ 80.679167985862051, 18.516832308211068 ], [ 80.741727466107022, 18.446343667371423 ], [ 80.794135564616582, 18.401877382338945 ], [ 80.819326946120484, 18.320136050454455 ], [ 80.846647251728029, 18.302152386745593 ], [ 80.886780910725804, 18.279960679103411 ], [ 80.90926338886149, 18.237356680391407 ], [ 80.942662948025671, 18.222986206712136 ], [ 80.98098304919796, 18.236075602883922 ], [ 81.024534291023173, 18.198519033356121 ], [ 81.035798845444489, 18.14959770854761 ], [ 81.006361719335274, 18.075289326587981 ], [ 81.007507108697652, 18.05049335024384 ], [ 81.024692494228191, 18.029006100247436 ], [ 81.119178284705171, 18.026982280825784 ], [ 81.144595056039805, 18.013796274110558 ], [ 81.160167458039126, 17.975215772807676 ], [ 81.155765232463111, 17.934415713002284 ], [ 81.142165223602944, 17.88628948537615 ], [ 81.122324485727574, 17.829787497497765 ], [ 81.114104049362723, 17.792911707994119 ], [ 81.139606356328301, 17.754025430850973 ], [ 81.190291564154151, 17.754329833763386 ], [ 81.286572607429832, 17.808368908909699 ], [ 81.342209869487235, 17.836071728342805 ], [ 81.414943585689485, 17.813700533750435 ], [ 81.46513634982847, 17.773023278986447 ], [ 81.489903005514037, 17.771249269005878 ], [ 81.520493447161257, 17.793066343574118 ], [ 81.532483148199503, 17.822162223153718 ], [ 81.554961084823901, 17.866126653576895 ], [ 81.592382718998806, 17.883888480219273 ], [ 81.601381652338858, 17.896422137699709 ], [ 81.621728329991313, 17.924750340342982 ], [ 81.612976608594167, 18.0097249992908 ], [ 81.627082670794294, 18.093914474547645 ], [ 81.673596851450398, 18.139869634780982 ], [ 81.7562495416594, 18.141728903748469 ], [ 81.813845755396642, 18.19009713196894 ], [ 81.828859736729768, 18.26850070649904 ], [ 81.838945979378508, 18.322349374939325 ], [ 81.946703203755334, 18.377393783752364 ], [ 82.026768367130259, 18.411520044626869 ], [ 82.0566968776332, 18.485512130776296 ], [ 82.05619237337612, 18.521658456840157 ], [ 82.015820278178893, 18.533627286650439 ], [ 81.965707691747824, 18.526932810012131 ], [ 81.925325822205451, 18.563608741488167 ], [ 81.933992965864689, 18.60512959206584 ], [ 81.95782740905041, 18.627067555963588 ], [ 82.038238411309692, 18.642126302948999 ], [ 82.084162177378531, 18.643244882008933 ], [ 82.146970654464582, 18.666521202227301 ], [ 82.175380265706238, 18.701552577241557 ], [ 82.172977077164489, 18.762479671099946 ], [ 82.162849932544319, 18.829409280290129 ], [ 82.178934562027834, 18.85540238751005 ], [ 82.200903442177378, 18.855500121021702 ], [ 82.22374557274577, 18.852709730136045 ], [ 82.247869213584082, 18.856519514840102 ], [ 82.255542939807597, 18.872376037975652 ], [ 82.258851486359134, 18.902659342895507 ], [ 82.244545287352736, 18.941238059092104 ], [ 82.217967850038463, 18.996457193810215 ], [ 82.220068465266962, 19.04484932143016 ], [ 82.233199712347599, 19.070945522637988 ], [ 82.230574351863197, 19.10241445603954 ], [ 82.21331103598142, 19.119253537651552 ], [ 82.196835968635554, 19.131308339892563 ], [ 82.183560056669705, 19.14798941819101 ], [ 82.18588103579917, 19.178315681159749 ], [ 82.213635315742223, 19.263717077121505 ], [ 82.227186812740598, 19.343970495159411 ], [ 82.223300798000892, 19.414462255994014 ], [ 82.197265423462298, 19.437363656797103 ], [ 82.165591954836188, 19.446228445097457 ], [ 82.130828400723928, 19.453309376449536 ], [ 82.087510257897463, 19.471178612924444 ], [ 82.059350166960186, 19.515068136704645 ], [ 82.082950436347545, 19.57308641563446 ], [ 82.150305212911732, 19.682303486958663 ], [ 82.165519259816961, 19.708311043326319 ], [ 82.142292128063005, 19.750120214756887 ], [ 82.118758707239934, 19.785287098891935 ], [ 82.064203909458996, 19.80077292783869 ], [ 82.006624832809877, 19.839184719465695 ], [ 81.941699183828831, 19.871215882580231 ], [ 81.889654455686809, 19.92270115597411 ], [ 81.885781873554507, 19.972307434168723 ], [ 81.924184638534669, 20.02216008827051 ], [ 81.970434782606546, 20.044109817660264 ], [ 82.010613056841933, 20.042514050663272 ], [ 82.065126948695521, 20.024170801930694 ], [ 82.109945033860683, 19.991944262009127 ], [ 82.158341976672034, 19.928194849108888 ], [ 82.180557320407559, 19.908282007249422 ], [ 82.216765632616472, 19.886847611829673 ], [ 82.238570412868327, 19.880254694678968 ], [ 82.290673170426842, 19.877167539627802 ], [ 82.338187560496664, 19.8619009312951 ], [ 82.387328869336898, 19.817098067284871 ], [ 82.422077789269167, 19.787143121662176 ], [ 82.462841833929687, 19.778785776264957 ], [ 82.521894961629116, 19.775347835022931 ], [ 82.569281430428575, 19.779986995395291 ], [ 82.586135041648802, 19.754570835015624 ], [ 82.591836741869699, 19.726780445940797 ], [ 82.586150779179647, 19.649129853361206 ], [ 82.582109000843772, 19.584707244316341 ], [ 82.592969030998958, 19.538652915263533 ], [ 82.617090178747645, 19.497738215355621 ], [ 82.647303373018261, 19.437569844711081 ], [ 82.681942578657285, 19.38671251209815 ], [ 82.715866528954692, 19.363425631478012 ], [ 82.776097205043527, 19.346604141247294 ], [ 82.787082473171552, 19.325242358286815 ], [ 82.786912798622936, 19.279672277094651 ], [ 82.80161567974136, 19.252455246249678 ], [ 82.828643140688968, 19.253192365362619 ], [ 82.87661789448677, 19.253018841397157 ], [ 82.912565006539225, 19.231522453783754 ], [ 82.933947067558563, 19.198316586790916 ], [ 82.939092515565008, 19.139239404120744 ], [ 82.945926248899468, 19.115211624282011 ], [ 82.969469012904483, 19.08571171471058 ], [ 83.029168698264343, 19.040395520339459 ], [ 83.065216358415469, 19.001803399844757 ], [ 83.085875340573352, 18.975273709633345 ], [ 83.115227048785044, 18.96354339347911 ], [ 83.154455088320518, 18.970349011308798 ], [ 83.188395317764218, 19.011535966996561 ], [ 83.236478647484049, 19.055870833946255 ], [ 83.269513181785513, 19.078098615495108 ], [ 83.290753241378596, 19.123618469777611 ], [ 83.289950893794511, 19.147369576601154 ], [ 83.279618060779356, 19.180091408724461 ], [ 83.270327492117417, 19.213715386586806 ], [ 83.307965802036222, 19.247097830068608 ], [ 83.341022639695382, 19.288266116998575 ], [ 83.339336758008713, 19.313953512007789 ], [ 83.315526468108203, 19.336864943560538 ], [ 83.262359159880589, 19.352581285108613 ], [ 83.234485094380261, 19.354801131056867 ], [ 83.209271149381351, 19.370178791080786 ], [ 83.201206086675072, 19.408496245095542 ], [ 83.2160541543318, 19.464746514396921 ], [ 83.224579301309376, 19.494717225056121 ], [ 83.2484535270778, 19.511648901922644 ], [ 83.308777345644785, 19.517406323480479 ], [ 83.36000045513812, 19.540638574144175 ], [ 83.367758189788404, 19.57442252457939 ], [ 83.363540415884103, 19.60876560853924 ], [ 83.366314640823148, 19.642781922118868 ], [ 83.416787539374866, 19.669811158980274 ], [ 83.429918529522141, 19.691004014942422 ], [ 83.407838432573655, 19.728087562417681 ], [ 83.387547407486935, 19.780262954393713 ], [ 83.388095339416964, 19.82860968160012 ], [ 83.445237261199537, 19.847708191310733 ], [ 83.448371056694938, 19.852509619243047 ], [ 83.481268552221721, 19.902884615752498 ], [ 83.520996207873893, 19.970194465869589 ], [ 83.558888721729033, 20.021455225613117 ], [ 83.598477847051058, 20.0299517212163 ], [ 83.643248373154606, 20.0050017699355 ], [ 83.682210446008, 19.984123113158503 ], [ 83.710208916708069, 19.982739344521168 ], [ 83.754625064147547, 20.02413414289235 ], [ 83.829576781759854, 20.108515467637595 ], [ 83.859786128291816, 20.145841067943767 ], [ 83.900830664664852, 20.161758311923737 ], [ 83.94485059108888, 20.159508678989305 ], [ 83.979698749764381, 20.154877755645622 ], [ 84.009673594128941, 20.187437597822221 ], [ 84.04145326975177, 20.199054497436627 ], [ 84.08781119139428, 20.168228202076584 ], [ 84.114368754945602, 20.159266075559128 ], [ 84.146530116737026, 20.17747183146464 ], [ 84.18797118021989, 20.18286933214776 ], [ 84.274622726947186, 20.189643028943305 ], [ 84.332504848282312, 20.201699865973108 ], [ 84.380564345498996, 20.25023353788691 ], [ 84.390345430372619, 20.312179174921273 ], [ 84.424038592661745, 20.321709041991447 ], [ 84.456576214348814, 20.31236494517978 ], [ 84.474836961334219, 20.282975786475951 ], [ 84.478042780054423, 20.253462714306036 ], [ 84.4747551555607, 20.199697987026884 ], [ 84.468149181720634, 20.173558298514898 ], [ 84.471283164911213, 20.159192317686326 ], [ 84.491683610679928, 20.148620013865916 ], [ 84.510966641643137, 20.136214510788211 ], [ 84.516631940474383, 20.114141356950558 ], [ 84.516752029395818, 20.066821218048322 ], [ 84.5383285627899, 20.042937763590274 ], [ 84.58488224415629, 20.034720967996268 ], [ 84.611691558903544, 20.04744383244012 ], [ 84.624165606653591, 20.08743865150635 ], [ 84.629597740998918, 20.142955816582489 ], [ 84.656249869012967, 20.184998429180329 ], [ 84.704586690863138, 20.188933201105936 ], [ 84.734938262192969, 20.161701800863128 ], [ 84.755129359388718, 20.14827794604118 ], [ 84.7890585463593, 20.146376853435928 ], [ 84.825053294310464, 20.161374046945348 ], [ 84.861093135540983, 20.161229731902605 ], [ 84.888388732061969, 20.118081896523105 ], [ 84.892007169973041, 20.048858177547675 ], [ 84.864458498212954, 19.992736543941366 ], [ 84.867359470907232, 19.943407913611939 ], [ 84.886151352702882, 19.908316584402961 ], [ 84.968690571072557, 19.838441607263309 ], [ 85.037345117500422, 19.771232406012434 ], [ 85.068717201666672, 19.730706407806579 ], [ 85.119380200690259, 19.695697306551512 ], [ 85.148207749262809, 19.678038681724441 ], [ 85.160635731218349, 19.673997423574651 ], [ 85.154320605981525, 19.666042568246137 ], [ 85.134881888933435, 19.641547665100081 ], [ 85.131131631706296, 19.635322338700252 ], [ 85.115664675427894, 19.60944786519946 ], [ 85.109378912883486, 19.598928376090278 ], [ 85.092716576623729, 19.571031741981376 ], [ 85.088233651768292, 19.561531573611333 ], [ 85.078209586790734, 19.540281588200003 ], [ 85.086030788122926, 19.514976676832582 ], [ 85.104725033982376, 19.5053402532366 ], [ 85.140410980310065, 19.506079076503202 ], [ 85.17856949576759, 19.510391208592541 ], [ 85.200172547981055, 19.53469924422113 ], [ 85.236582801065381, 19.586503998291441 ], [ 85.241140168134194, 19.598764512503422 ], [ 85.246414511555685, 19.616446615833251 ], [ 85.249644439987648, 19.629073938451373 ], [ 85.252059020817029, 19.638510975399381 ], [ 85.259880372212592, 19.647369397486631 ], [ 85.26157430514688, 19.649287697702835 ], [ 85.264234748660797, 19.647118229366839 ], [ 85.266840148928566, 19.644993576494514 ], [ 85.272403665546818, 19.640456406701905 ], [ 85.27850689376038, 19.633292589044277 ], [ 85.279602926873864, 19.621098114841288 ], [ 85.281704989470896, 19.616001491146843 ], [ 85.282880995917409, 19.613150111593836 ], [ 85.292026564525685, 19.614321248302357 ], [ 85.30152190165694, 19.599225119544005 ], [ 85.305146619157696, 19.587800657434215 ], [ 85.305124166692877, 19.577767549681898 ], [ 85.303823430992495, 19.567218001657093 ], [ 85.300737593843266, 19.557951902379216 ], [ 85.294870101495604, 19.554338394167171 ], [ 85.280640302579613, 19.545573087807007 ], [ 85.278223464477549, 19.544084097313867 ], [ 85.253418254390098, 19.528797474996594 ], [ 85.156515641970472, 19.463472471966405 ], [ 85.079805724459348, 19.424851156340139 ], [ 85.074243020597052, 19.422048055502401 ], [ 85.071197102932516, 19.419955509936393 ], [ 85.054808093121125, 19.408693955987307 ], [ 85.009879194843663, 19.377801573306549 ], [ 84.988639240922453, 19.360387787887941 ], [ 84.918141974558679, 19.302531852248539 ], [ 84.88481088602579, 19.271929022748566 ], [ 84.844011373633194, 19.240621083053721 ], [ 84.841564046178362, 19.238531492307963 ], [ 84.797435481968563, 19.200834065125385 ], [ 84.747096793615384, 19.157786870058928 ], [ 84.683643886044052, 19.110872026822356 ], [ 84.68346523239029, 19.110756344107699 ], [ 84.677542448774886, 19.106920953888704 ], [ 84.676472978571852, 19.105566191112541 ], [ 84.665954861073786, 19.097782277891181 ], [ 84.660261856429742, 19.08801650459873 ], [ 84.656639780790087, 19.069335948217006 ], [ 84.657014177968918, 19.048883769036756 ], [ 84.659804148015425, 19.027009940315128 ], [ 84.658201108974822, 19.016336207537311 ], [ 84.651023823617791, 18.998855120512761 ], [ 84.627242497899246, 18.976671204320844 ], [ 84.603553569559452, 18.950178133644393 ], [ 84.582942411930063, 18.921754093292002 ], [ 84.582161849303148, 18.920677316146111 ], [ 84.525251901062219, 18.864672253788779 ], [ 84.510033894021916, 18.845533904291031 ], [ 84.487582790999511, 18.81178811823683 ], [ 84.476457475899579, 18.787401613039446 ], [ 84.470117679933011, 18.76777272669111 ], [ 84.455270844619164, 18.762185177328313 ], [ 84.437883466004848, 18.757469294689582 ], [ 84.421730138736933, 18.734813255498715 ], [ 84.412034981509279, 18.726794269305763 ], [ 84.403929332144926, 18.720827670393877 ], [ 84.394074996413195, 18.711387851104416 ], [ 84.382670367763453, 18.694178066075384 ], [ 84.360636864074792, 18.678126064667143 ], [ 84.348107234487216, 18.668994684146998 ], [ 84.295239781497273, 18.618405073062195 ], [ 84.261356871609991, 18.566745057197856 ], [ 84.256117344162746, 18.547784407260437 ], [ 84.249348065037054, 18.526074323053589 ], [ 84.230539499476279, 18.507836489628971 ], [ 84.211375282263717, 18.485346083955537 ], [ 84.189527444504947, 18.471527744083104 ], [ 84.161151338656609, 18.46090708970355 ], [ 84.128356005107122, 18.445556131088932 ], [ 84.105622823631975, 18.428236903132312 ], [ 84.078339541674126, 18.384738048637406 ], [ 84.011205970470442, 18.314109943700863 ], [ 83.962499491474077, 18.257459451272823 ], [ 83.94698892647385, 18.245428210254417 ], [ 83.918575061739233, 18.223378419751359 ], [ 83.895409416022204, 18.20946744258196 ], [ 83.866182744441886, 18.191907933788173 ], [ 83.837547492887694, 18.174415031702996 ], [ 83.830446275510596, 18.170068397779083 ], [ 83.803984523725148, 18.153866003255278 ], [ 83.758611715136496, 18.131156751491101 ], [ 83.751385757776859, 18.127538277385998 ], [ 83.689215615015797, 18.099747538417258 ], [ 83.623587313987201, 18.065665135114624 ], [ 83.590252015703712, 18.050448355262688 ], [ 83.549544823742679, 18.034965140655121 ], [ 83.501629342815079, 18.009082112284041 ], [ 83.485202694925832, 17.992050574439318 ], [ 83.44235241825038, 17.938379365440134 ], [ 83.410313203623886, 17.890572163930237 ], [ 83.401460516330062, 17.877354927363534 ], [ 83.32654430925237, 17.775077507265415 ], [ 83.322359172634819, 17.768435931833718 ], [ 83.289315454983281, 17.715968180577573 ], [ 83.256748543808015, 17.669562770163541 ], [ 83.188007787733866, 17.585603798053672 ], [ 83.154892044046818, 17.548598751454271 ], [ 83.118709223950873, 17.508134910396205 ], [ 83.066235498632295, 17.478744191071375 ], [ 83.016344583119732, 17.44268262292108 ], [ 82.96515260880274, 17.421124418366862 ], [ 82.934429482505195, 17.411313487622785 ], [ 82.886722529785573, 17.396065909570062 ], [ 82.812194058293727, 17.366387300996351 ], [ 82.802095309680951, 17.357870087645299 ], [ 82.789738576024376, 17.34744695922133 ], [ 82.760074271418162, 17.331792452345489 ], [ 82.729385262896685, 17.321946110321079 ], [ 82.680257116624304, 17.307987439837749 ], [ 82.650944199501126, 17.292506370363103 ], [ 82.647948450080762, 17.290923755994331 ], [ 82.624768388279904, 17.267245551849566 ], [ 82.617776114939332, 17.260100779417822 ], [ 82.609165449656288, 17.255642651607253 ], [ 82.564855057466488, 17.232690127804641 ], [ 82.552812877349695, 17.226449154704632 ], [ 82.51389249817511, 17.197417125400072 ], [ 82.511318772260907, 17.195496567021554 ], [ 82.490302748798229, 17.179810668606859 ], [ 82.485580327218912, 17.176285128068123 ], [ 82.478512337771477, 17.171007927563434 ], [ 82.42994603479427, 17.134497181431463 ], [ 82.381071714711638, 17.078745809895651 ], [ 82.345718454240256, 17.045010087588015 ], [ 82.313159267215212, 17.013919848088808 ], [ 82.28444862061032, 16.9780939416801 ], [ 82.274655396213944, 16.957305822766017 ], [ 82.269650830174456, 16.946679684870386 ], [ 82.261154117173106, 16.935678122063106 ], [ 82.262226725091239, 16.924963099674912 ], [ 82.272867437023876, 16.913796630268319 ], [ 82.285543606519184, 16.897425268308787 ], [ 82.286153208007406, 16.897156580232707 ], [ 82.287180241431386, 16.895144690515856 ], [ 82.297254363827349, 16.887657327625117 ], [ 82.298773251498616, 16.88746515228457 ], [ 82.32082504143014, 16.884673813798099 ], [ 82.334896100473131, 16.884880377812845 ], [ 82.359435010717704, 16.906798116014595 ], [ 82.35986632443884, 16.907415771468767 ], [ 82.36962813548638, 16.921393190359268 ], [ 82.372597856129644, 16.940524809565478 ], [ 82.371094999775849, 16.947402724542822 ], [ 82.368203401246902, 16.960636266366457 ], [ 82.365580642272207, 16.96928239267929 ], [ 82.367450215813463, 16.979190538739044 ], [ 82.37651901616421, 16.983848725553269 ], [ 82.381727024950649, 16.974035993537942 ], [ 82.387887565162188, 16.96242768759981 ], [ 82.390944688386099, 16.939242429157559 ], [ 82.392702370367999, 16.910339473825463 ], [ 82.389414639679273, 16.878081820674915 ], [ 82.372146186590427, 16.819184398393979 ], [ 82.362534615761348, 16.782934682614535 ], [ 82.35725431519532, 16.776734026036291 ], [ 82.338857506163279, 16.75250291005063 ], [ 82.338011421870675, 16.743894310666207 ], [ 82.338946361026302, 16.733023407056489 ], [ 82.342605278442875, 16.722724032722645 ], [ 82.347167764864324, 16.708048109292964 ], [ 82.347320094561951, 16.69102899409452 ], [ 82.347335730258735, 16.689285995413847 ], [ 82.341408961740825, 16.669414617373285 ], [ 82.334543272169086, 16.660413390019645 ], [ 82.331238377003828, 16.646889247422536 ], [ 82.330213248914802, 16.622420840870817 ], [ 82.337205368588542, 16.598239213441232 ], [ 82.335620422466718, 16.58456200319841 ], [ 82.332973202469304, 16.584940989195093 ], [ 82.332125000151208, 16.584545690945291 ], [ 82.31476513354265, 16.576453937114444 ], [ 82.314095473670804, 16.576987208746218 ], [ 82.307089634904372, 16.582565947087005 ], [ 82.29927233057866, 16.58443498623787 ], [ 82.286856344612104, 16.580063533417807 ], [ 82.277277285918927, 16.570487109393131 ], [ 82.270218328263709, 16.559329391849801 ], [ 82.269868454047653, 16.548525695292721 ], [ 82.275356464033138, 16.535960961475283 ], [ 82.275345041909006, 16.528747100991072 ], [ 82.269996882122385, 16.527529407375788 ], [ 82.261432469243005, 16.525579071008529 ], [ 82.213349601911247, 16.524814895407811 ], [ 82.202865900344761, 16.524646776057644 ], [ 82.202131570163075, 16.524484895106799 ], [ 82.179274441260787, 16.524651620668823 ], [ 82.159116908116673, 16.517828484651545 ], [ 82.117322108281456, 16.481159795614104 ], [ 82.107473719767384, 16.475046500024245 ], [ 82.097894129463484, 16.469099069215687 ], [ 82.096769807471702, 16.46840097674572 ], [ 82.094041166223818, 16.467420666152201 ], [ 82.056928943067803, 16.454082290459901 ], [ 82.042340133089212, 16.447577223219703 ], [ 82.009083647755787, 16.432741993660692 ], [ 81.985592285998692, 16.422257524289353 ], [ 81.929316617501811, 16.386957717833941 ], [ 81.92105287354363, 16.383449267492551 ], [ 81.895624529146119, 16.377933238109151 ], [ 80.325860943616746, 13.25031421210149 ], [ 80.309454246546593, 13.182939822375229 ], [ 80.308721464670583, 13.179928860835858 ], [ 80.306036995211429, 13.168897322014336 ], [ 80.303168157351791, 13.154128041416143 ], [ 80.299577909817202, 13.135639606978518 ], [ 80.287539496260223, 13.073604020559788 ], [ 80.278086749850161, 13.024858440186744 ], [ 80.290972532582103, 13.029351847912347 ], [ 80.271549154469128, 12.971143385447229 ], [ 80.262218953117468, 12.942950780462313 ], [ 80.261916373714499, 12.941387806803636 ], [ 80.24741106268921, 12.894943924602337 ], [ 80.245842671584242, 12.889920354255743 ], [ 80.244578162028475, 12.885869861914227 ], [ 80.234483272535314, 12.853518581603767 ], [ 80.236924308796091, 12.823540185971348 ], [ 80.237626354012761, 12.814920290362513 ], [ 80.238372257723938, 12.805762833946293 ], [ 80.231678551404386, 12.70199399978271 ], [ 80.207673525395947, 12.608433873676153 ], [ 80.203996261416918, 12.600074270117517 ], [ 80.190968377119432, 12.57045047669793 ], [ 80.187240095323602, 12.564539795847567 ], [ 80.182967471299776, 12.558373644434063 ], [ 80.181409407996, 12.556124961189759 ], [ 80.175994863741792, 12.548309881781215 ], [ 80.168418002312109, 12.533438511708518 ], [ 80.165906948943302, 12.517038839158108 ], [ 80.164823254692465, 12.499181312529542 ], [ 80.162643629883206, 12.488708455984577 ], [ 80.159675199236034, 12.477977036597906 ], [ 80.148149917660007, 12.458375901545297 ], [ 80.142776349923267, 12.451688586475429 ], [ 80.115425700248053, 12.430038037330343 ], [ 80.107564476796725, 12.400148615103676 ], [ 80.104311501824014, 12.391545534326474 ], [ 80.102194363453563, 12.385945865326557 ], [ 80.089580160287213, 12.373309212096792 ], [ 80.066984864230974, 12.352345214501169 ], [ 80.051799877166459, 12.338252817599088 ], [ 80.048382431185985, 12.328931559230798 ], [ 80.047364885340599, 12.326155934414404 ], [ 80.037216576304289, 12.298468308941386 ], [ 79.994742011378889, 12.244885617840986 ], [ 79.91816064387919, 12.154701562870919 ], [ 79.91441499342983, 12.149708818813618 ], [ 79.911921084062001, 12.146384400498432 ], [ 79.858339426093451, 12.195751006727335 ], [ 79.911921084061987, 12.146384400498432 ], [ 79.903165820553284, 12.134712394550895 ], [ 79.895408054174396, 12.124368751556283 ], [ 79.877917775569259, 12.101043517924886 ], [ 79.87045537168072, 12.090443273404315 ], [ 79.854459044527971, 12.034135581819198 ], [ 79.838782705660236, 12.038687337636954 ], [ 79.766303906240751, 12.050670671933595 ], [ 79.755497200603955, 12.056222235212221 ], [ 79.725384341641359, 12.053916192474013 ], [ 79.659284438246132, 11.922217816118531 ], [ 79.671201094426081, 11.910947457058006 ], [ 79.690840956305607, 11.890941291815523 ], [ 79.704968965638088, 11.867448748007755 ], [ 79.724603534119382, 11.847442294644097 ], [ 79.742481556842165, 11.831042743047506 ], [ 79.784641779453366, 11.853587644123719 ], [ 79.807645596112494, 11.856234614685944 ], [ 79.805678067594627, 11.846261953403467 ], [ 79.798279735398552, 11.80874908846906 ], [ 79.796235093059593, 11.798378072516879 ], [ 79.786014717157428, 11.753472750870072 ], [ 79.782417353294633, 11.745795038011945 ], [ 79.77470590508797, 11.729334445541989 ], [ 79.764088762079822, 11.703036781898774 ], [ 79.750034993924345, 11.645310373028957 ], [ 79.749658029647875, 11.623134269728817 ], [ 79.749631287169478, 11.62085828185047 ], [ 79.745363295520889, 11.609652203899101 ], [ 79.748140068710015, 11.550867656049983 ], [ 79.748679926682939, 11.53944817036623 ], [ 79.748041686005195, 11.484341916640407 ], [ 79.747694175910624, 11.463596242779635 ], [ 79.747617911051066, 11.459038009936418 ], [ 79.747430994861702, 11.447858118744405 ], [ 79.742451280188234, 11.44121498451141 ], [ 79.736302683707336, 11.43301178490834 ], [ 79.734332493931916, 11.42489679344253 ], [ 79.733485406884938, 11.421407462103806 ], [ 79.731630660762733, 11.41376679295395 ], [ 79.719779895908317, 11.398930650231231 ], [ 79.71377827724271, 11.386862061459453 ], [ 79.709940695410509, 11.374042860161547 ], [ 79.714792068555013, 11.360368700425838 ], [ 79.721603506397372, 11.359783085451051 ], [ 79.741963768810379, 11.358031681511838 ], [ 79.757791207954881, 11.366599860950306 ], [ 79.777316732024403, 11.380441603518827 ], [ 79.790725968681869, 11.374821067178946 ], [ 79.794543406932618, 11.350395745019966 ], [ 79.79715342147199, 11.333696766741799 ], [ 79.797325110049528, 11.318155909685386 ], [ 79.796691745790554, 11.307329913246146 ], [ 79.797193791770468, 11.29885683026002 ], [ 79.797644587067808, 11.289317365823386 ], [ 79.798232033989663, 11.236557366600577 ], [ 79.798417861359738, 11.216641659436679 ], [ 79.799481334807581, 11.10378225670428 ], [ 79.799526156509032, 11.082474539166137 ], [ 79.799736120954762, 10.986513999208762 ], [ 79.799766401899873, 10.973155364610211 ], [ 79.800976766677309, 10.751513110815534 ], [ 79.801102127144347, 10.729262134171604 ], [ 79.801206534883832, 10.71082462912717 ], [ 79.799211122960926, 10.493252111636918 ], [ 79.796728339279156, 10.422781203519156 ], [ 79.792620442401358, 10.305658449863943 ], [ 79.781614501965947, 10.287821103382797 ], [ 79.757500082244221, 10.2741345605739 ], [ 79.742991377874745, 10.271890628580493 ], [ 79.693184705345899, 10.280796551444432 ], [ 79.655364835895767, 10.292674207581335 ], [ 79.643451822703028, 10.293574466140594 ], [ 79.63723766686671, 10.291399807019571 ], [ 79.637924836520625, 10.28664219593098 ], [ 79.639244268315593, 10.278035037610939 ], [ 79.647032833422287, 10.275339040190998 ], [ 79.647893795528219, 10.275041007348923 ], [ 79.648571074216122, 10.274252808458535 ], [ 79.664919694191056, 10.260690306187575 ], [ 79.669304363821936, 10.248087142349412 ], [ 79.666328546169368, 10.244389011874215 ], [ 79.664607491431298, 10.242250139697704 ], [ 79.646389893193074, 10.239037085032646 ], [ 79.538285564624388, 10.232511128144642 ], [ 79.514867893083107, 10.234480726179596 ], [ 79.513118594933232, 10.238377660137214 ], [ 79.511535864089097, 10.241903486573653 ], [ 79.512441023046293, 10.254775403883849 ], [ 79.521213519434824, 10.261811177213485 ], [ 79.527136845044595, 10.271749558231825 ], [ 79.528694333337199, 10.279601463785839 ], [ 79.528028253800713, 10.281918852773154 ], [ 79.52662863969141, 10.286788291127563 ], [ 79.526227837028827, 10.287007251528735 ], [ 79.537401946549551, 10.293381161809252 ], [ 79.517295677271449, 10.297474179312205 ], [ 79.407682979740287, 10.291155514344357 ], [ 79.283775496598551, 10.289381578537903 ], [ 79.270667360273976, 10.282394772635074 ], [ 79.2546777914675, 10.27616112723604 ], [ 79.242901524870334, 10.260562646235471 ], [ 79.231069499791872, 10.240667651289376 ], [ 79.217784283538734, 10.220074407542375 ], [ 79.207429723915453, 10.202306455588877 ], [ 79.198280236819954, 10.120984711133607 ], [ 79.197615296949522, 10.115070058255894 ], [ 79.19430692911196, 10.082888081680442 ], [ 79.193807188152078, 10.044238710922651 ], [ 79.193668508805715, 10.033485642840583 ], [ 79.191033041754935, 10.016485983968844 ], [ 79.188003546292293, 9.996939471260212 ], [ 79.186729016440211, 9.993349621902158 ], [ 79.175890040991007, 9.974119510500318 ], [ 79.174670779229984, 9.97247789827326 ], [ 79.146362604335437, 9.949577074530726 ], [ 79.133874130628385, 9.931987802173268 ], [ 79.101510902251107, 9.886391303203633 ], [ 79.083103652038616, 9.857967789951347 ], [ 79.078810478263165, 9.853294320551365 ], [ 79.071391756612726, 9.845217868515132 ], [ 79.068475684279932, 9.839393810356926 ], [ 79.06176819701956, 9.825996161349124 ], [ 78.995616501886943, 9.729372241159782 ], [ 78.965228157861972, 9.687265202224346 ], [ 78.947177168309892, 9.662244754534024 ], [ 78.917773733990799, 9.616616531516355 ], [ 78.902618795872684, 9.590577356165173 ], [ 78.899028433831916, 9.584407448542306 ], [ 78.890163408921339, 9.569171655685489 ], [ 78.885115045931613, 9.54833431880548 ], [ 78.880101539541613, 9.530481137598549 ], [ 78.87750750306158, 9.513794727962576 ], [ 78.873664512522623, 9.492943196668074 ], [ 78.87252255887293, 9.48120904568793 ], [ 78.868907233927033, 9.44404335102123 ], [ 78.868807215894961, 9.435089707875841 ], [ 78.873296638701191, 9.406385203040839 ], [ 78.89267911126484, 9.365577868304671 ], [ 78.925292325516352, 9.325819232899354 ], [ 78.988398769209411, 9.273186010052678 ], [ 79.018929609451945, 9.263293801492274 ], [ 79.047730819502632, 9.259984722948461 ], [ 79.049263842288568, 9.259575675381383 ], [ 79.050454356733169, 9.258954483119622 ], [ 79.071969521460744, 9.252775677076668 ], [ 79.077614844726668, 9.246514879018479 ], [ 79.077525433023652, 9.238756945739338 ], [ 79.075705493716555, 9.234504587857197 ], [ 79.073759355992678, 9.23480746265386 ], [ 79.04696558379699, 9.238976285868072 ], [ 79.000677309822336, 9.25008894970636 ], [ 78.926356393974459, 9.24954844696569 ], [ 78.864915847288927, 9.237809482252747 ], [ 78.80785127712123, 9.214677583498162 ], [ 78.689185728305688, 9.17876810205798 ], [ 78.607948795822836, 9.148722100293666 ], [ 78.524531283298174, 9.108064201760262 ], [ 78.440763599594135, 9.095302133420729 ], [ 78.361861305701709, 9.088348756866949 ], [ 78.346453929303522, 9.087245876305403 ], [ 78.333952786960182, 9.086351544769721 ], [ 78.312863322335716, 9.072375000620173 ], [ 78.298177650274781, 9.062640801504324 ], [ 78.26091806516142, 9.037937846487415 ], [ 78.185762072739067, 8.972012359593581 ], [ 78.163097254854478, 8.935149006347936 ], [ 78.162448070867399, 8.93308609177712 ], [ 78.15579268768704, 8.926639725352432 ] ], [ [ 76.881384716453013, 10.677848613899972 ], [ 76.8689285724315, 10.657410687441539 ], [ 76.8652637119731, 10.651396698178926 ], [ 76.881384716453013, 10.677848613899972 ] ], [ [ 77.376037795253211, 14.516149520867812 ], [ 77.343825224424037, 14.524340313111033 ], [ 77.325647997704891, 14.522608954459477 ], [ 77.312700076693247, 14.504568885659348 ], [ 77.305072642918574, 14.478825841274951 ], [ 77.297437569823771, 14.452126100634791 ], [ 77.292681010098164, 14.443438816980299 ], [ 77.376037795253211, 14.516149520867812 ] ], [ [ 82.140196607224382, 16.865222083180598 ], [ 82.125494783017928, 16.828665909906473 ], [ 82.124338776347372, 16.797873787929795 ], [ 82.146010053913173, 16.783752452151184 ], [ 82.156302850117058, 16.781967515992555 ], [ 82.185862322091495, 16.780933023104858 ], [ 82.206316930987342, 16.813002578782189 ], [ 82.209922527968956, 16.829982164279738 ], [ 82.209148535124967, 16.848541706111895 ], [ 82.205472344909353, 16.868629427413865 ], [ 82.172004824724127, 16.884065587034328 ], [ 82.140196607224382, 16.865222083180598 ] ] ] } },
{ "type": "Feature", "properties": { "state_name": "Mahe", "id": 22 }, "geometry": { "type": "Polygon", "coordinates": [ [ [ 75.433625589172507, 11.748354854087779 ], [ 75.418825540599229, 11.763222144380306 ], [ 75.412129232363228, 11.769948112755912 ], [ 75.377193291728389, 11.794402255792457 ], [ 75.369193180628955, 11.805179999783547 ], [ 75.365565300543494, 11.816669750218562 ], [ 75.365273561271891, 11.818262263684923 ], [ 75.362671486485098, 11.832465410563037 ], [ 75.359042069675255, 11.843237260718704 ], [ 75.357889786351194, 11.845362536459714 ], [ 75.348136694481013, 11.863349701421837 ], [ 75.321261642964799, 11.894757168648518 ], [ 75.391028063463878, 11.899345200276594 ], [ 75.440595597934006, 11.90214337487809 ], [ 75.46536742084399, 11.896361167161068 ], [ 75.487220220901605, 11.889146268192754 ], [ 75.501781071564082, 11.880507159881798 ], [ 75.503204450773367, 11.861841794568079 ], [ 75.503157142811602, 11.836000991029769 ], [ 75.495831476753082, 11.814479764021161 ], [ 75.476832429419517, 11.782928759911343 ], [ 75.433625589172507, 11.748354854087779 ] ] ] } },
{ "type": "Feature", "properties": { "state_name": "Mysore", "id": 23 }, "geometry": { "type": "Polygon", "coordinates": [ [ [ 77.11060730182632, 12.506024308917615 ], [ 77.101707563412333, 12.488877456570513 ], [ 77.090504235590728, 12.45740076857502 ], [ 77.081607902579719, 12.440252718905912 ], [ 77.041464142918926, 12.440558658031332 ], [ 76.993481998269374, 12.466025519823427 ], [ 76.954915896321509, 12.482808045053719 ], [ 76.898664213405098, 12.478187935981767 ], [ 76.868618146020552, 12.462613900332018 ], [ 76.853828937554297, 12.436170030243222 ], [ 76.849246347938589, 12.407503112596181 ], [ 76.854183105917755, 12.383075893340186 ], [ 76.873729489742104, 12.360700846570408 ], [ 76.946638926867095, 12.351580046327237 ], [ 77.01442191144919, 12.341043556713599 ], [ 77.035387311095789, 12.315779182677685 ], [ 77.042411276640138, 12.280574754647109 ], [ 77.033443221220779, 12.252663196848827 ], [ 77.001020857107619, 12.20913971757321 ], [ 76.978179082032312, 12.177738396318219 ], [ 76.978780820699725, 12.160516028258867 ], [ 76.985210170044809, 12.142534486427317 ], [ 77.038732370666054, 12.08547096594163 ], [ 77.048012054871876, 12.059576513539319 ], [ 77.038374563161113, 12.038125206056741 ], [ 77.009743568304955, 12.010353823398335 ], [ 76.968908003292341, 12.007057229938447 ], [ 76.851650028119025, 12.018620310809037 ], [ 76.825412231154019, 12.018792949572649 ], [ 76.797592592934151, 12.000318437857088 ], [ 76.783444035575286, 11.954488872508197 ], [ 76.790232305578769, 11.878390483141724 ], [ 76.781360150869602, 11.858356358012818 ], [ 76.753542522743118, 11.837004558797068 ], [ 76.703878994041261, 11.815781340911887 ], [ 76.657906728335377, 11.801702427381839 ], [ 76.608401247019827, 11.805574684750196 ], [ 76.584505902974399, 11.830106515043088 ], [ 76.562947147746499, 11.881891994327532 ], [ 76.555071503351527, 11.90633325289658 ], [ 76.523840040378545, 11.924443560132541 ], [ 76.489606835176417, 11.927497176599633 ], [ 76.457543221101687, 11.9276650421704 ], [ 76.424029146928589, 11.929271837466541 ], [ 76.40803757130368, 11.937246165301381 ], [ 76.38270918307289, 11.972535705229282 ], [ 76.348698272648676, 12.022218298878943 ], [ 76.318184503459477, 12.04389325013406 ], [ 76.282476392846505, 12.047647985738793 ], [ 76.244549697962796, 12.04494919449219 ], [ 76.19419036736285, 12.033686568633469 ], [ 76.146835858357093, 12.042497365697425 ], [ 76.090039033144066, 12.061385234199351 ], [ 76.050749344090391, 12.083785086436095 ], [ 76.023146611117198, 12.112596423413075 ], [ 76.018139227406905, 12.138452395810068 ], [ 75.993587122516331, 12.205288838089327 ], [ 75.972512475298501, 12.228330901449915 ], [ 75.958058839570384, 12.267138275816723 ], [ 75.944285110311938, 12.293023854055221 ], [ 75.989734761469208, 12.30542609649431 ], [ 76.025021259166166, 12.307688397556026 ], [ 76.080904559980439, 12.289530915034264 ], [ 76.114982440902651, 12.294178750664031 ], [ 76.12477437501191, 12.308492232449186 ], [ 76.130943582253934, 12.328800920999713 ], [ 76.125055198425599, 12.374278040922018 ], [ 76.105784142700074, 12.421006117347751 ], [ 76.073275606118358, 12.506062423285327 ], [ 76.068563732864988, 12.544357375826998 ], [ 76.074810443428106, 12.582608478290723 ], [ 76.072544127489351, 12.623285767192105 ], [ 76.061647041223125, 12.638878955514647 ], [ 76.049486627019078, 12.643711613207257 ], [ 76.009352807158152, 12.659416461212553 ], [ 75.960695237552983, 12.67753883194167 ], [ 75.946147339195505, 12.696729539199406 ], [ 75.942615927850952, 12.730234506630248 ], [ 75.942797433970469, 12.779276161076641 ], [ 75.931912453256473, 12.80204174901713 ], [ 75.911282772127208, 12.82723323371926 ], [ 75.912657172796841, 12.870290033982167 ], [ 75.934877393249536, 12.944372579416799 ], [ 75.930097034213773, 12.970704746676404 ], [ 75.896058531533313, 13.001923993929292 ], [ 75.863173446423829, 13.01638924201856 ], [ 75.847445204077744, 13.054718118590472 ], [ 75.841551762364105, 13.115741211593667 ], [ 75.813601161678307, 13.151715726757031 ], [ 75.773352416898618, 13.161409347925444 ], [ 75.73669788142719, 13.149555383134619 ], [ 75.720743167261048, 13.119696111076255 ], [ 75.710774064871345, 13.047952564696832 ], [ 75.710613829331706, 12.991731913757427 ], [ 75.686102904798958, 12.949930657485755 ], [ 75.642120323296055, 12.920137306411684 ], [ 75.596999581805875, 12.920244322348013 ], [ 75.527647154707537, 12.995756507187025 ], [ 75.51847384571397, 13.00549467215925 ], [ 75.529000328221287, 13.015488590072687 ], [ 75.540023525847914, 13.035562511596629 ], [ 75.551791791875516, 13.060658415812872 ], [ 75.550362559913196, 13.076451595423327 ], [ 75.526364713696566, 13.153299079197515 ], [ 75.524945790022585, 13.174833906251127 ], [ 75.534522182754984, 13.199934628854624 ], [ 75.552880449231012, 13.219991958938229 ], [ 75.577129884198868, 13.251518110951357 ], [ 75.588914819315178, 13.277329037989613 ], [ 75.582340596482581, 13.296414515646477 ], [ 75.576542888802479, 13.313243240091579 ], [ 75.545057269813839, 13.325513981709605 ], [ 75.517933891775073, 13.322699882715945 ], [ 75.477557202285254, 13.288328115082598 ], [ 75.453361649566745, 13.281195056902215 ], [ 75.440189808144211, 13.291266417403838 ], [ 75.424844627066676, 13.316413134766524 ], [ 75.405060335027258, 13.31859865496825 ], [ 75.383800795272222, 13.315042998250682 ], [ 75.36695528677177, 13.322245251401807 ], [ 75.356713533185939, 13.335179098870935 ], [ 75.353088432442533, 13.362458113638631 ], [ 75.342862561842949, 13.388310611112725 ], [ 75.314291834888067, 13.404137929092688 ], [ 75.286423327734681, 13.396993717876038 ], [ 75.258533441952878, 13.368314238756014 ], [ 75.237983339797211, 13.343213438778065 ], [ 75.221122881011809, 13.34107547489935 ], [ 75.197681179981871, 13.357602939030315 ], [ 75.154450120779401, 13.384907262042574 ], [ 75.143471800480043, 13.415776665337901 ], [ 75.141288993920469, 13.444487538647444 ], [ 75.133982065804958, 13.491144573768011 ], [ 75.122255205490305, 13.50694078762711 ], [ 75.103195851099869, 13.53278788374643 ], [ 75.097336133704786, 13.554322299252307 ], [ 75.098816149205177, 13.585184282962922 ], [ 75.095165900396196, 13.631120545856723 ], [ 75.09297246057011, 13.6519355471036 ], [ 75.073161991363264, 13.669885407480972 ], [ 75.050409620992141, 13.674915179460699 ], [ 75.029859675514075, 13.690708532292257 ], [ 74.994477592858999, 13.734611225445729 ], [ 74.938669277743699, 13.774556969662916 ], [ 74.928630622587107, 13.784841618386988 ], [ 74.925446056487729, 13.792496373334089 ], [ 74.921764349135955, 13.822161017334343 ], [ 74.924421570042156, 13.932690208500908 ], [ 74.924801413457686, 13.969891746012394 ], [ 74.90495470503042, 13.979215032156247 ], [ 74.885842095178901, 13.987101607396326 ], [ 74.860106681510146, 14.005748555771087 ], [ 74.836538807301906, 14.071762678656206 ], [ 74.822555333678238, 14.089695358433941 ], [ 74.7791602396983, 14.10257811114899 ], [ 74.726213315032169, 14.104676850329081 ], [ 74.710026697055937, 14.111834863506914 ], [ 74.69160973730105, 14.136213554587462 ], [ 74.679080041466577, 14.155574820318858 ], [ 74.665821039238836, 14.169192832424899 ], [ 74.643719930859433, 14.191409321460087 ], [ 74.628971380215518, 14.213635153655012 ], [ 74.614182118149856, 14.258108010468808 ], [ 74.589847826080344, 14.286774504815217 ], [ 74.534168789973236, 14.319027268626844 ], [ 74.552547988037517, 14.329827662509015 ], [ 74.562324957237792, 14.348983785599003 ], [ 74.572060309548306, 14.390865647558591 ], [ 74.579344419419058, 14.4327426965197 ], [ 74.633276456833244, 14.475892898245322 ], [ 74.701980859233871, 14.50589297104359 ], [ 74.783020572475905, 14.497608970219796 ], [ 74.839491835352703, 14.502438858865521 ], [ 74.862813006380406, 14.5120226760038 ], [ 74.873854340192395, 14.527578542756828 ], [ 74.871361851295404, 14.590971789228773 ], [ 74.876221799804938, 14.685467631960988 ], [ 74.905704278195529, 14.703423156641389 ], [ 74.94748661972497, 14.698651932335782 ], [ 74.972064339436415, 14.690283401416332 ], [ 74.983123599046905, 14.687892241311095 ], [ 74.999097554037633, 14.71061899706068 ], [ 75.000326493222133, 14.736933425603151 ], [ 74.98926401119877, 14.758463117803924 ], [ 74.970822818039522, 14.785971944702226 ], [ 74.975737449895391, 14.809894565052788 ], [ 74.98557279393313, 14.814679795383761 ], [ 75.029832602898111, 14.802717301288412 ], [ 75.063024437318234, 14.794337901980704 ], [ 75.104828140587372, 14.805087595541487 ], [ 75.123284446111967, 14.831392620584605 ], [ 75.166332366499091, 14.848110843849044 ], [ 75.189696046881238, 14.848092750129931 ], [ 75.219176706727879, 14.81696815370754 ], [ 75.225317966661308, 14.810981762701674 ], [ 75.233878024436791, 14.767913818752005 ], [ 75.263333030434339, 14.729607024721142 ], [ 75.269416385153349, 14.679363796393767 ], [ 75.28658721144599, 14.655421184277712 ], [ 75.333256739079033, 14.644594101280425 ], [ 75.354091539286657, 14.613464738808618 ], [ 75.37853157268222, 14.539267995817369 ], [ 75.416491894390148, 14.482986690913691 ], [ 75.450818876678596, 14.460197413861444 ], [ 75.483942467731239, 14.451758965358252 ], [ 75.514671987075019, 14.470831351789728 ], [ 75.529470313376322, 14.499504673019228 ], [ 75.531988508285522, 14.525812887201809 ], [ 75.552900061857713, 14.541313563743692 ], [ 75.579920062447954, 14.543640384126752 ], [ 75.615512720398371, 14.537569215428034 ], [ 75.631474962109806, 14.537526741610469 ], [ 75.641943508808112, 14.551044057096107 ], [ 75.649962853783876, 14.561397398152232 ], [ 75.648769837903956, 14.573361298676039 ], [ 75.654994982036953, 14.60204927515931 ], [ 75.678404380146517, 14.625903358055426 ], [ 75.691987340626312, 14.648588227874932 ], [ 75.693321186986196, 14.682073362712416 ], [ 75.684918353150493, 14.745488228754764 ], [ 75.670349935440953, 14.804136542655916 ], [ 75.669645936278258, 14.809752119665816 ], [ 75.697534934405255, 14.822549382633021 ], [ 75.743357981391128, 14.848239811160866 ], [ 75.759618361199443, 14.856797884425772 ], [ 75.787611865896423, 14.845222031397041 ], [ 75.806686293973172, 14.816451997215282 ], [ 75.839069794374637, 14.797678850038736 ], [ 75.843295815269144, 14.745996582061483 ], [ 75.846140088990254, 14.718717505828289 ], [ 75.990625735613477, 14.713839333141134 ], [ 76.009906235481893, 14.738153437166028 ], [ 75.989507952213373, 14.792776873544591 ], [ 75.982288033391711, 14.827251028354789 ], [ 76.001611562491618, 14.858740504741528 ], [ 76.016392916445383, 14.864416043228214 ], [ 76.067985074538399, 14.854136185998382 ], [ 76.08561807364886, 14.839702625751778 ], [ 76.122529565400185, 14.845265709926032 ], [ 76.144711920684543, 14.855201780875591 ], [ 76.172991816196998, 14.900980737513965 ], [ 76.21155141489966, 14.935220730685694 ], [ 76.246889273200367, 14.920680620743232 ], [ 76.295314026703238, 14.874491919620757 ], [ 76.317427623252115, 14.871496053575312 ], [ 76.369083250678599, 14.874063618876812 ], [ 76.374966506763471, 14.871158534626796 ], [ 76.391048156031843, 14.848102490889065 ], [ 76.433158469036314, 14.745963698030229 ], [ 76.466878609918012, 14.717053887966468 ], [ 76.497700362494243, 14.696768020493307 ], [ 76.53612642401815, 14.710865556310662 ], [ 76.546657910306948, 14.740927859636541 ], [ 76.54241685863245, 14.76678389091242 ], [ 76.52433776125595, 14.782209322673404 ], [ 76.524956257603989, 14.800380369142045 ], [ 76.535360357540441, 14.811790265745858 ], [ 76.559992043127025, 14.818799025639546 ], [ 76.593407913093102, 14.816657056482168 ], [ 76.631863954839204, 14.831214088471002 ], [ 76.645853963883596, 14.860766939251768 ], [ 76.657425907457494, 14.895118624889816 ], [ 76.659088094989684, 14.919497923336124 ], [ 76.645947157154893, 14.937766838759433 ], [ 76.630796674216242, 14.950788624625547 ], [ 76.627551851694449, 14.977116389158805 ], [ 76.642030299552175, 15.004751757230924 ], [ 76.657419387964453, 15.022335754137364 ], [ 76.661474295864068, 15.037610356701837 ], [ 76.655184118795788, 15.051525724168743 ], [ 76.648423133635802, 15.068313945545219 ], [ 76.651483159779829, 15.082161117152747 ], [ 76.689135528712839, 15.112969627249365 ], [ 76.751390834701652, 15.140711797426452 ], [ 76.799761553344126, 15.155156232021195 ], [ 76.832808960222749, 15.162063327331719 ], [ 76.847554004725367, 15.159073726002832 ], [ 76.853791784734199, 15.140372395681922 ], [ 76.84418616861592, 15.111280144698737 ], [ 76.844471929000932, 15.087367175521511 ], [ 76.854508919034657, 15.052853980188699 ], [ 76.856150440847443, 15.015061773131986 ], [ 76.841218706179731, 14.995098011915772 ], [ 76.826334439828557, 14.980393004384375 ], [ 76.792220739806282, 14.960099902589961 ], [ 76.772153102027772, 14.912433054654047 ], [ 76.764952712335898, 14.87375134785144 ], [ 76.764645905396392, 14.835972724185327 ], [ 76.777708463833761, 14.810047233299777 ], [ 76.786450493116874, 14.797067187148768 ], [ 76.821787220487963, 14.790573632556406 ], [ 76.841317675810785, 14.775115296671066 ], [ 76.853742890876589, 14.733410396029679 ], [ 76.876140441098016, 14.709318922022305 ], [ 76.889707371992415, 14.687210712924697 ], [ 76.896444560398933, 14.670896409192622 ], [ 76.893787154075497, 14.647485435949752 ], [ 76.863178154605748, 14.629081800185086 ], [ 76.838977923688731, 14.613014253016802 ], [ 76.810735256419719, 14.582627997592253 ], [ 76.808603394471476, 14.562080160669721 ], [ 76.822088037382457, 14.529933511987283 ], [ 76.831827424924072, 14.520292846275604 ], [ 76.83409675232646, 14.497797962716227 ], [ 76.833323061990725, 14.463370842584757 ], [ 76.835136952655176, 14.445183627592561 ], [ 76.843420064374754, 14.437945405437761 ], [ 76.848790118439894, 14.434555693997469 ], [ 76.866937629045083, 14.433456227147198 ], [ 76.890940595357435, 14.428482685951865 ], [ 76.917432265525036, 14.427790584983438 ], [ 76.930131426022839, 14.423475592361223 ], [ 76.944829983795188, 14.41848021227613 ], [ 76.970313061999278, 14.414921385164154 ], [ 76.996409056808517, 14.425222529427504 ], [ 77.027469849125708, 14.441694330186099 ], [ 77.043836163669468, 14.460680428646397 ], [ 77.047455110847238, 14.480732760384342 ], [ 77.053966736473981, 14.495021444215492 ], [ 77.066744277608109, 14.496822064311555 ], [ 77.096144867221312, 14.491779745876993 ], [ 77.118809797324516, 14.501139704534875 ], [ 77.152356495534363, 14.519004445621063 ], [ 77.169033790539117, 14.517894470512507 ], [ 77.18851909106148, 14.502890916180345 ], [ 77.217158669322444, 14.47106500438495 ], [ 77.240951464136018, 14.445976611439418 ], [ 77.262324928119568, 14.424734714822003 ], [ 77.284938441501524, 14.429297947634913 ], [ 77.297437569823771, 14.452126100634791 ], [ 77.305072642918574, 14.478825841274951 ], [ 77.312700076693247, 14.504568885659348 ], [ 77.325647997704891, 14.522608954459477 ], [ 77.343825224424037, 14.524340313111033 ], [ 77.379065490908204, 14.515379659119821 ], [ 77.39160291422651, 14.494694431515205 ], [ 77.403865616398789, 14.448673199474609 ], [ 77.412096650192993, 14.347235350183638 ], [ 77.402434272008151, 14.314823457281507 ], [ 77.381166806443957, 14.297348073092081 ], [ 77.342923878794039, 14.297249861075194 ], [ 77.306499648615826, 14.283262390266021 ], [ 77.292089705748609, 14.264276645260487 ], [ 77.300102958945146, 14.232643355930797 ], [ 77.316033081331028, 14.208583444486177 ], [ 77.332210638753281, 14.161092848185369 ], [ 77.326500150044453, 14.129592515672128 ], [ 77.308176911581981, 14.110166069305372 ], [ 77.288530428745702, 14.105094249253607 ], [ 77.237138000463545, 14.109880587839355 ], [ 77.207435264554576, 14.128802828188311 ], [ 77.196914136419537, 14.155675938617236 ], [ 77.173282815614769, 14.19557850979967 ], [ 77.138608322903593, 14.208801417847651 ], [ 77.091521434095199, 14.20539237383135 ], [ 77.053317301349665, 14.208592503278021 ], [ 77.026470046603265, 14.22125467654228 ], [ 76.959261691519174, 14.272506022076904 ], [ 76.93403744556224, 14.28697431801516 ], [ 76.933888027839131, 14.287060009345339 ], [ 76.909885107937413, 14.290123210598621 ], [ 76.885781614975514, 14.281229038683577 ], [ 76.876322420278598, 14.264087294069762 ], [ 76.879127487564446, 14.201030330721608 ], [ 76.879216734541814, 14.199024344735854 ], [ 76.881976165471002, 14.177003749140681 ], [ 76.87993689424583, 14.167454986740985 ], [ 76.858710577332403, 14.148968920624347 ], [ 76.841963389320483, 14.138576508171735 ], [ 76.839876353995734, 14.122810267612659 ], [ 76.848565546397765, 14.106483215093126 ], [ 76.868452280102758, 14.081461035478032 ], [ 76.875233160035961, 14.071843549414613 ], [ 76.881461077663914, 14.054578369492683 ], [ 76.889071501590252, 14.02678101952853 ], [ 76.901672333651575, 14.010422235634925 ], [ 76.908430264708713, 13.998413169228783 ], [ 76.910243104366586, 13.980704113957879 ], [ 76.919436360088994, 13.967241004228942 ], [ 76.934054458612295, 13.958516904941586 ], [ 76.968329128760487, 13.958241824288921 ], [ 76.979488635508858, 13.946195689111462 ], [ 76.994465104222556, 13.922640705916416 ], [ 77.016490550038569, 13.921981228633053 ], [ 77.036151690975686, 13.930903684212431 ], [ 77.047136898362297, 13.955199990809465 ], [ 77.065030987805841, 13.985175164116404 ], [ 77.082684482357664, 13.987893458424843 ], [ 77.110481526204481, 13.975220442400483 ], [ 77.156367616944635, 13.959993934063974 ], [ 77.197509728610612, 13.961538111304417 ], [ 77.231533674510601, 13.98657013059316 ], [ 77.268577734776201, 14.019218260312391 ], [ 77.309291197037595, 14.026005264350312 ], [ 77.334143085230707, 14.013813845167361 ], [ 77.343994018737916, 13.971166230417403 ], [ 77.331433448631955, 13.939252908996282 ], [ 77.309559095115318, 13.905514211720215 ], [ 77.303345922270722, 13.871147359217497 ], [ 77.325047375541999, 13.838907369932315 ], [ 77.350225108049287, 13.812370476998002 ], [ 77.373634042650764, 13.804973483746959 ], [ 77.392819240949933, 13.815305670429289 ], [ 77.410251012326697, 13.845255525616032 ], [ 77.422280496623202, 13.872866508028585 ], [ 77.439985318653541, 13.881296071586798 ], [ 77.48310029929371, 13.886120509351947 ], [ 77.524098088743784, 13.876138935024066 ], [ 77.552038624148466, 13.880629299972373 ], [ 77.579749839113589, 13.908542936634097 ], [ 77.593179948825878, 13.928000137103471 ], [ 77.611054642876653, 13.950754761266433 ], [ 77.635072824418941, 13.953841846005151 ], [ 77.657628522240827, 13.957420456105998 ], [ 77.677825964580123, 13.968671008686536 ], [ 77.689738268317711, 13.98287953777143 ], [ 77.695817607035039, 14.000498176936402 ], [ 77.720499035436603, 14.01790814829652 ], [ 77.736349853912486, 14.033503086856772 ], [ 77.740538975161314, 14.056398955159242 ], [ 77.725832812643546, 14.096238567390387 ], [ 77.727648726097229, 14.125375281046196 ], [ 77.737250753299335, 14.150121296752062 ], [ 77.759446027292412, 14.162772464890077 ], [ 77.786914605184734, 14.16580056110859 ], [ 77.804860310277093, 14.151252512345833 ], [ 77.829942382789412, 14.119891246852101 ], [ 77.847810467682962, 14.099606611262187 ], [ 77.866338053336762, 14.093173558878691 ], [ 77.89722421440527, 14.096149525480991 ], [ 77.924518896776476, 14.086261270226375 ], [ 77.945844544192624, 14.069274692863889 ], [ 77.951846448197202, 14.04100478746807 ], [ 77.959952200131909, 14.024178974368192 ], [ 78.000850194713422, 14.007426922372966 ], [ 78.010952165560852, 13.993920737317563 ], [ 78.013156000649246, 13.97525580891211 ], [ 78.000040505078303, 13.907079703015491 ], [ 77.987908682636458, 13.838411258443676 ], [ 77.995042497352358, 13.784321681690564 ], [ 78.00741107348135, 13.757408598105993 ], [ 78.016576220397397, 13.747738674631345 ], [ 78.030683695472533, 13.742308820993795 ], [ 78.044035176946423, 13.754091307579433 ], [ 78.060878131049677, 13.771086001343059 ], [ 78.07799941591621, 13.809101633227344 ], [ 78.093089272517275, 13.840928416932671 ], [ 78.117817485938232, 13.861640115912488 ], [ 78.142260309767067, 13.860849399752341 ], [ 78.165060725197975, 13.847176153399245 ], [ 78.19766838928166, 13.799926353115731 ], [ 78.21037015410019, 13.763446904087976 ], [ 78.213380503538275, 13.733305503057098 ], [ 78.199218129961494, 13.698131091837061 ], [ 78.193635998864821, 13.646598539591302 ], [ 78.214716323033215, 13.615746159022647 ], [ 78.236859249445203, 13.591568544595205 ], [ 78.260528001885746, 13.572147882406378 ], [ 78.282911782218463, 13.566120693643127 ], [ 78.31469723616533, 13.569044686957433 ], [ 78.338522975790923, 13.561560383704281 ], [ 78.361475768420817, 13.526853937733778 ], [ 78.39332317689616, 13.500148101053789 ], [ 78.435804490264104, 13.466606269574998 ], [ 78.464659162509406, 13.436591777346822 ], [ 78.473022830018309, 13.407336376856467 ], [ 78.475091615264475, 13.381511741312316 ], [ 78.462912783944802, 13.348716882605183 ], [ 78.433816564150561, 13.326660140853813 ], [ 78.383544683105256, 13.32494733092037 ], [ 78.361377329100307, 13.309476128927372 ], [ 78.338306627086979, 13.263436930447536 ], [ 78.339143989998362, 13.217559985538568 ], [ 78.346879323796884, 13.176848471805524 ], [ 78.347315618055859, 13.137187949856521 ], [ 78.337225362114523, 13.111997182099284 ], [ 78.319943161383748, 13.095498305269034 ], [ 78.277524740287944, 13.094607918068169 ], [ 78.257505140664264, 13.091994890527268 ], [ 78.237804450291932, 13.076475109593558 ], [ 78.220073971890429, 13.062362187308061 ], [ 78.186739321178621, 13.047484687543083 ], [ 78.167521098442762, 13.030996096675809 ], [ 78.160341508056504, 13.002890539105383 ], [ 78.159113096603335, 12.982835648634452 ], [ 78.140377406477356, 12.965381912679273 ], [ 78.139310131404301, 12.959293526709521 ], [ 78.105052707668747, 12.958025353174717 ], [ 78.08475909712385, 12.971886394825404 ], [ 78.035367266724094, 12.997557674014285 ], [ 78.002630480554657, 13.010842230612113 ], [ 77.960351711948292, 13.021364964303601 ], [ 77.931109556648138, 13.021697409248354 ], [ 77.89085868714109, 13.018564915421438 ], [ 77.858764677171067, 13.025373533420611 ], [ 77.826480892097422, 13.043147202785512 ], [ 77.812255485243284, 13.050977029601951 ], [ 77.792673382724914, 13.065529120420736 ], [ 77.772928603674927, 13.065741823791109 ], [ 77.751562027114304, 13.051629982230162 ], [ 77.713441644005613, 13.04342836672887 ], [ 77.695237576456634, 13.05078910150768 ], [ 77.679965267942308, 13.058835419347803 ], [ 77.654590767327733, 13.079892228013641 ], [ 77.629806280845031, 13.08803384539647 ], [ 77.601995914768438, 13.086881705930526 ], [ 77.579104250113886, 13.066315527337716 ], [ 77.577344009138699, 13.03764878127995 ], [ 77.591022847813974, 13.016716273228539 ], [ 77.613473844951386, 12.995695272233215 ], [ 77.648800244516806, 12.948010367908083 ], [ 77.657208097887093, 12.91350530211502 ], [ 77.650365399628484, 12.888477149705638 ], [ 77.634829996684672, 12.870706916314678 ], [ 77.60988579895762, 12.861634312516264 ], [ 77.569691274449596, 12.862031388784265 ], [ 77.539582972882641, 12.847982077264586 ], [ 77.52311204199826, 12.80869797870753 ], [ 77.517556322548685, 12.764287904899108 ], [ 77.518090700368376, 12.59575161259567 ], [ 77.502272635670423, 12.545698477467567 ], [ 77.470603911465858, 12.516587390919369 ], [ 77.420120042814418, 12.50413669709452 ], [ 77.356585967392647, 12.501114239833198 ], [ 77.276778797047726, 12.510739118179652 ], [ 77.209276282076601, 12.518861381880551 ], [ 77.142058148589641, 12.512949222359145 ], [ 77.11060730182632, 12.506024308917615 ] ] ] } },
{ "type": "Feature", "properties": { "state_name": "Naga tribes", "id": 24 }, "geometry": { "type": "Polygon", "coordinates": [ [ [ 94.755483352925225, 25.615042983298771 ], [ 94.722835652441717, 25.626084938556804 ], [ 94.701092403817285, 25.635589163949057 ], [ 94.690652545087929, 25.651794537629879 ], [ 94.676393654816835, 25.669458374363934 ], [ 94.665348234598596, 25.694042265242064 ], [ 94.66193866324916, 25.715712482876214 ], [ 94.65927228152114, 25.771372790333501 ], [ 94.652359514216826, 25.837774701702937 ], [ 94.628517028069112, 25.853114449374853 ], [ 94.597904338398294, 25.852812250007126 ], [ 94.56926135323647, 25.840241398502076 ], [ 94.533503681823603, 25.827735397881536 ], [ 94.479073745983044, 25.825199026328779 ], [ 94.40747508759361, 25.829636203891386 ], [ 94.374074319218423, 25.837042122006178 ], [ 94.337431929537331, 25.861497625978899 ], [ 94.324539715367422, 25.88173810977398 ], [ 94.292794914007871, 25.887055455200198 ], [ 94.259740661454316, 25.890700621311129 ], [ 94.234116556838899, 25.896082503355352 ], [ 94.219896776272009, 25.914658899193185 ], [ 94.18949816950186, 25.970549770071603 ], [ 94.179479702770237, 25.995937737216991 ], [ 94.15447704910278, 26.023392684541029 ], [ 94.130748977219952, 26.064527324488047 ], [ 94.132505836269786, 26.135408406950109 ], [ 94.143331371352133, 26.157006585954932 ], [ 94.171464967967864, 26.202070300624555 ], [ 94.223486985342646, 26.24287680479344 ], [ 94.248429301089914, 26.256951301952661 ], [ 94.279307480072518, 26.275730284624387 ], [ 94.304434604481756, 26.302689932998817 ], [ 94.334939794363976, 26.354740267290705 ], [ 94.344216258112638, 26.402376669667067 ], [ 94.329729471767237, 26.431194564180782 ], [ 94.32099792371703, 26.451816832869131 ], [ 94.3185889727513, 26.473398072671579 ], [ 94.32904980548841, 26.492244384853429 ], [ 94.346903027293948, 26.506352057902866 ], [ 94.388994789997923, 26.547503779574757 ], [ 94.440352992602328, 26.600242160341544 ], [ 94.463199903518344, 26.619152543684233 ], [ 94.500767856392144, 26.634108893282445 ], [ 94.551409503112239, 26.641639710780336 ], [ 94.585179187465044, 26.65249123841323 ], [ 94.609696412234655, 26.674813345927721 ], [ 94.630302118859078, 26.709688842659595 ], [ 94.672579448526136, 26.750656223470955 ], [ 94.699635843594606, 26.803957197211261 ], [ 94.729931438757461, 26.852161423055851 ], [ 94.738494845262409, 26.876755275953904 ], [ 94.739419594362857, 26.893232042528926 ], [ 94.734140165273857, 26.915227368240977 ], [ 94.723869984077467, 26.932413176200541 ], [ 94.716642672473498, 26.944939491751715 ], [ 94.764021423619454, 26.96070585841742 ], [ 94.868249206581922, 27.029398454987259 ], [ 94.932162858534937, 27.079940180722115 ], [ 94.977585578567997, 27.119337477453492 ], [ 95.010672496945446, 27.14762961655968 ], [ 95.045783683467164, 27.159003819080532 ], [ 95.111494131218464, 27.17408913330447 ], [ 95.140248183716977, 27.186016822713075 ], [ 95.178621356455039, 27.115257527342429 ], [ 95.195810257300934, 27.083298828626837 ], [ 95.176976054460766, 26.951330875651848 ], [ 95.206054461206037, 26.858878810538755 ], [ 95.224510520528156, 26.781853372977519 ], [ 95.230165925308313, 26.729200579217412 ], [ 95.228928664478502, 26.706476471382416 ], [ 95.21634691622539, 26.704864173753592 ], [ 95.194817451754446, 26.698889719841599 ], [ 95.16997055940486, 26.699179305095033 ], [ 95.127258730331633, 26.682729632455583 ], [ 95.090391364649832, 26.647243588563434 ], [ 95.062606784317424, 26.606662546968227 ], [ 95.046278926941582, 26.562426430546136 ], [ 95.039457369327934, 26.523876958345692 ], [ 95.039996401684235, 26.469855187943491 ], [ 95.040404558876546, 26.430068799545371 ], [ 95.040335750190678, 26.396591434251956 ], [ 95.040070543446078, 26.395119421588046 ], [ 95.039923078015335, 26.392232003794806 ], [ 95.038687035030264, 26.367984070689399 ], [ 95.038253607225826, 26.359461863587047 ], [ 95.040236925180182, 26.341047164214675 ], [ 95.040194612580805, 26.313223719225203 ], [ 95.04496339835292, 26.295909731373552 ], [ 95.047167200394924, 26.272509484820134 ], [ 95.047833975144698, 26.264545017741963 ], [ 95.050096183028785, 26.237549866428921 ], [ 95.056554462245288, 26.220231147370107 ], [ 95.06044414204834, 26.209800349778888 ], [ 95.079694328461031, 26.189043426226196 ], [ 95.097324697319891, 26.175631402251753 ], [ 95.099901149242896, 26.173671104783896 ], [ 95.119950658679528, 26.159261713479051 ], [ 95.120982945008464, 26.131591655273841 ], [ 95.107200026098823, 26.09807061264733 ], [ 95.080863632595879, 26.054072332935881 ], [ 95.027079031917879, 26.005537576874854 ], [ 94.993084676631312, 25.988244610005033 ], [ 94.979047525014508, 25.984037013787713 ], [ 94.970172191540811, 25.977028606674921 ], [ 94.966072682848406, 25.962426700297176 ], [ 94.966584803561076, 25.960213121413332 ], [ 94.967539527338118, 25.956086568169653 ], [ 94.966278318370556, 25.952726498253419 ], [ 94.967625029511083, 25.907509490838837 ], [ 94.968742327894461, 25.87028480768214 ], [ 94.965664659925736, 25.831548527748673 ], [ 94.951831055928494, 25.790045142166431 ], [ 94.944548451321111, 25.780153268455766 ], [ 94.911666872085576, 25.756168594032154 ], [ 94.890043899835277, 25.743075919251549 ], [ 94.855886308875014, 25.725464919169301 ], [ 94.844701638809184, 25.713332619932299 ], [ 94.841310090395822, 25.710936950150103 ], [ 94.813077984359566, 25.68869604213393 ], [ 94.791504693616403, 25.669647637881809 ], [ 94.775427272893154, 25.647054631432951 ], [ 94.765377437235983, 25.615214775510196 ], [ 94.764793528717604, 25.613363613050211 ], [ 94.755483352925225, 25.615042983298771 ] ] ] } },
{ "type": "Feature", "properties": { "state_name": "Pondicherry", "id": 25 }, "geometry": { "type": "Polygon", "coordinates": [ [ [ 79.784641779453366, 11.853587644123719 ], [ 79.742481556842165, 11.831042743047506 ], [ 79.724603534119382, 11.847442294644097 ], [ 79.704968965638088, 11.867448748007755 ], [ 79.690840956305607, 11.890941291815523 ], [ 79.671201094426081, 11.910947457058006 ], [ 79.646170243990994, 11.934620765050939 ], [ 79.636187534335733, 11.988460382385808 ], [ 79.64751824085954, 12.013319991739912 ], [ 79.68598322018839, 12.03056696908274 ], [ 79.717277485532819, 12.053295369433529 ], [ 79.755497200603955, 12.056222235212221 ], [ 79.766303906240751, 12.050670671933595 ], [ 79.838782705660236, 12.038687337636954 ], [ 79.854459044527971, 12.034135581819198 ], [ 79.842053813674127, 12.004562861759679 ], [ 79.832143735573666, 11.98093064090167 ], [ 79.827621186310395, 11.957844124471382 ], [ 79.817761290098829, 11.907483412538935 ], [ 79.807645596112494, 11.856234614685944 ], [ 79.784641779453366, 11.853587644123719 ] ] ] } },
{ "type": "Feature", "properties": { "state_name": "Punjab", "id": 26 }, "geometry": { "type": "MultiPolygon", "coordinates": [ [ [ [ 75.680836921812954, 28.290930252309405 ], [ 75.640862672345222, 28.306528157313341 ], [ 75.601327771944341, 28.330352122945278 ], [ 75.571213848499397, 28.37741137452392 ], [ 75.562647248952445, 28.442646793398836 ], [ 75.56482603680351, 28.471296814039135 ], [ 75.564723180901964, 28.471838155515414 ], [ 75.557330271187624, 28.510733755439286 ], [ 75.530475517167545, 28.574248787950836 ], [ 75.474409994520585, 28.650401721985943 ], [ 75.438687451775166, 28.708077764983425 ], [ 75.425886472435423, 28.757792906630893 ], [ 75.445569615703405, 28.797850624701255 ], [ 75.458884594747275, 28.866584576243142 ], [ 75.456873107558252, 28.90289092038493 ], [ 75.413542282774074, 28.925956884347162 ], [ 75.342099754854914, 28.993024639138635 ], [ 75.329201088788707, 29.03699786811065 ], [ 75.311895960765881, 29.065696228683024 ], [ 75.272814916075561, 29.088706947368014 ], [ 75.222789569647844, 29.088799339122044 ], [ 75.164057842477916, 29.085063063993733 ], [ 75.129253853004528, 29.081280154484912 ], [ 75.020517571826275, 29.119550271592026 ], [ 74.889905388315853, 29.186372572195541 ], [ 74.789751834877237, 29.190073641188661 ], [ 74.724462894853716, 29.180403010260999 ], [ 74.650460181189246, 29.17640942739088 ], [ 74.589409999698717, 29.20107163684029 ], [ 74.534829898415182, 29.233369971569637 ], [ 74.510608096853389, 29.288684834618099 ], [ 74.527786519948606, 29.344147568833964 ], [ 74.568948011454182, 29.40732892580915 ], [ 74.586223747770617, 29.451321780409199 ], [ 74.588213444475684, 29.499086426217193 ], [ 74.561885820382386, 29.527657183249399 ], [ 74.524770749140487, 29.523709042678725 ], [ 74.48771643646927, 29.508288909057985 ], [ 74.46155064653783, 29.500544285602523 ], [ 74.422201149571634, 29.508020384682599 ], [ 74.413289525644558, 29.538546149263759 ], [ 74.45218762747426, 29.617034078116692 ], [ 74.482481732022805, 29.67828449782192 ], [ 74.480691314054141, 29.707408985743143 ], [ 74.464925987795553, 29.740298047419209 ], [ 74.455919928284672, 29.756065597106502 ], [ 74.329505090428739, 29.754052665987476 ], [ 74.262148812747427, 29.759424779571326 ], [ 74.18151077398656, 29.781872598698378 ], [ 74.119106839323365, 29.781471589050323 ], [ 74.074952311966626, 29.761113459307278 ], [ 74.00964556803342, 29.723392874863745 ], [ 73.957305553199546, 29.70579976214756 ], [ 73.881873774286547, 29.70088659472329 ], [ 73.832270170841994, 29.733407604322178 ], [ 73.815234245171169, 29.786260751543324 ], [ 73.874934331182331, 29.881330935744661 ], [ 73.918463392503753, 29.960485030587055 ], [ 73.908060465281565, 30.009105304596712 ], [ 73.89576434379876, 30.042709921313076 ], [ 73.894247074754375, 30.048418869961235 ], [ 73.89790172900841, 30.051453424150882 ], [ 73.918569943683551, 30.069778544865351 ], [ 73.927805045598191, 30.077963503874788 ], [ 73.93227867478187, 30.104193735756137 ], [ 73.935553928822316, 30.123389435503206 ], [ 73.919851622799214, 30.178173708037438 ], [ 73.882482444681713, 30.243501000803295 ], [ 73.882362437722648, 30.243975766758581 ], [ 73.877109114189764, 30.264753795368094 ], [ 73.885533302159303, 30.297259405650152 ], [ 73.893679141174331, 30.337848867357156 ], [ 73.89465271342749, 30.342697928335141 ], [ 73.906706193516442, 30.372642045828048 ], [ 73.912031637258167, 30.378022807673467 ], [ 73.916499337189492, 30.38253630324137 ], [ 73.93530366435489, 30.401527253462874 ], [ 74.002582609792057, 30.421157915315533 ], [ 74.045598199804616, 30.432020038450261 ], [ 74.056170999834094, 30.434687314693239 ], [ 74.072731573163907, 30.451014390577047 ], [ 74.11351872353859, 30.49119467064596 ], [ 74.207905789967072, 30.65044953724842 ], [ 74.216305295899375, 30.664593561268038 ], [ 74.22505349307815, 30.679319868993069 ], [ 74.260302522230177, 30.722577698610632 ], [ 74.286646654270356, 30.754876252373865 ], [ 74.307050146738845, 30.775169493870159 ], [ 74.339698853556996, 30.807617571925814 ], [ 74.35201828658623, 30.819853555748946 ], [ 74.352066611818501, 30.819901545278686 ], [ 74.354939384047398, 30.822754243768809 ], [ 74.356674551121884, 30.824477174400034 ], [ 74.383909224961883, 30.846318214465583 ], [ 74.407601509348353, 30.865305774003005 ], [ 74.414570519723938, 30.86847220932621 ], [ 74.438291607666471, 30.879245752752556 ], [ 74.476619993365659, 30.896639346351641 ], [ 74.501995753865742, 30.905508490968682 ], [ 74.528649596107243, 30.914817239586885 ], [ 74.572281517917858, 30.930039809741761 ], [ 74.594106938169247, 30.937647078062547 ], [ 74.598229870780543, 30.942914182534864 ], [ 74.599098395772401, 30.944023645449757 ], [ 74.617529938797247, 30.967560891573015 ], [ 74.62036251483741, 30.9812506774235 ], [ 74.620923850698787, 30.983963140981448 ], [ 74.669391100086088, 31.011300127014692 ], [ 74.668506175080992, 31.01681745617778 ], [ 74.666487677329883, 31.029399891311016 ], [ 74.652478801371018, 31.040116206910028 ], [ 74.60647898397113, 31.039565494622288 ], [ 74.553591424278849, 31.028029153116229 ], [ 74.4866347697413, 31.033202937904914 ], [ 74.461416061611928, 31.047367619261909 ], [ 74.438836847330492, 31.077273288239077 ], [ 74.431622733703747, 31.103761783754297 ], [ 74.435558535422331, 31.131613606581936 ], [ 74.443416041214689, 31.158488653063461 ], [ 74.450463862722032, 31.182581309801087 ], [ 74.468120111455875, 31.217560181775639 ], [ 74.5154607512643, 31.264480084095105 ], [ 74.557779659540302, 31.306369057877404 ], [ 74.560944888836858, 31.324992261460054 ], [ 74.579158251004628, 31.34506089656897 ], [ 74.598515107673052, 31.37794856484313 ], [ 74.596955927961858, 31.400898571157409 ], [ 74.588438205999822, 31.417714780495427 ], [ 74.554019662977083, 31.456553167719221 ], [ 74.52063208253476, 31.494188196268546 ], [ 74.504858364212453, 31.503643466084014 ], [ 74.481194951385049, 31.517820783839824 ], [ 74.443283748731076, 31.524535600659938 ], [ 74.409429539499598, 31.54700897587346 ], [ 74.39520612213181, 31.568554976075447 ], [ 74.392144475070836, 31.596309337734539 ], [ 74.400310273872023, 31.624231896152882 ], [ 74.43558876282944, 31.669073190521658 ], [ 74.44714705006723, 31.680725424768731 ], [ 74.461940459640275, 31.69180999228524 ], [ 74.483060600332379, 31.707627609906556 ], [ 74.501608970227736, 31.721511849995206 ], [ 74.502994167415892, 31.72236027165744 ], [ 74.513191406582536, 31.730178336896529 ], [ 74.53737612879975, 31.748265837178646 ], [ 74.56258777253143, 31.767109022212374 ], [ 74.628540266129932, 31.808270867263818 ], [ 74.642747616786181, 31.817128633778282 ], [ 74.736885337938403, 31.863446958074832 ], [ 74.865528276435896, 31.918175238897678 ], [ 74.894859263313094, 31.933400833409639 ], [ 74.904688660040733, 31.938500590705274 ], [ 74.95087494520304, 31.942107424631157 ], [ 74.985867931648613, 31.93853556584239 ], [ 75.03765182026838, 31.931369619228658 ], [ 75.052254576777855, 31.943219241374052 ], [ 75.067059373801214, 31.955227968402813 ], [ 75.11542185226692, 31.977910737568799 ], [ 75.176349121551482, 32.006444331694247 ], [ 75.189124113563892, 32.025085315343404 ], [ 75.202371207338402, 32.044405751168561 ], [ 75.231037677037733, 32.055395054012045 ], [ 75.276801937071099, 32.114436306475383 ], [ 75.289905962021578, 32.131324812156407 ], [ 75.30921182495122, 32.185263563433658 ], [ 75.36294375729122, 32.202719449335966 ], [ 75.596630628181714, 32.30685521948007 ], [ 75.816757536991716, 32.408254656286722 ], [ 75.892089854326088, 32.451317449001344 ], [ 75.915803983902663, 32.464855301409699 ], [ 75.967087773864776, 32.521752478835943 ], [ 75.9846659412907, 32.583669454201967 ], [ 75.932694293642555, 32.736811135244579 ], [ 75.851194775275516, 32.777963759992929 ], [ 75.842967517657868, 32.804272199932129 ], [ 75.865735750673849, 32.820823086289344 ], [ 75.942372531678032, 32.851295104573417 ], [ 76.166148979641221, 32.882820474995256 ], [ 76.245799212036118, 32.915462685346917 ], [ 76.308491937656498, 32.945845496413114 ], [ 76.348580675960619, 32.976442236957766 ], [ 76.349343339681354, 33.026547865594253 ], [ 76.350399652247887, 33.095740664510998 ], [ 76.379006305621715, 33.112131718605852 ], [ 76.435396886267782, 33.092404458875585 ], [ 76.483260371171454, 33.072753744206707 ], [ 76.517305380698474, 33.074730343235757 ], [ 76.560864891082019, 33.133848758739617 ], [ 76.61788154071435, 33.149824658619686 ], [ 76.922369580435742, 33.064370191560378 ], [ 77.102197342720913, 32.986980287454109 ], [ 77.24471185744973, 32.925372746051146 ], [ 77.342359974279773, 32.873476871009323 ], [ 77.435220065531837, 32.857387709879234 ], [ 77.48377971829656, 32.875518745139118 ], [ 77.526570358237151, 32.888975595935705 ], [ 77.595966994140596, 32.844611078634451 ], [ 77.644052473468406, 32.845989331842233 ], [ 77.676553532659256, 32.893010302261715 ], [ 77.788623824229532, 32.950197342872826 ], [ 77.859151734197681, 32.943831105821047 ], [ 77.885562956164947, 32.8859731176073 ], [ 77.909274680817646, 32.832943932611997 ], [ 77.966581568192197, 32.771962873700616 ], [ 78.001736896851938, 32.725802657259976 ], [ 77.988152315206236, 32.656950764870849 ], [ 77.975854717223896, 32.626232630654876 ], [ 77.974198883613056, 32.576177639096137 ], [ 77.999058175740757, 32.561273789694432 ], [ 78.063872187404215, 32.562094732712602 ], [ 78.109642798578079, 32.58243765265015 ], [ 78.162657606033591, 32.647900572708053 ], [ 78.243248855322278, 32.693545547380459 ], [ 78.294235301672003, 32.699370865972369 ], [ 78.399779543000278, 32.656006280862407 ], [ 78.448003880866196, 32.590295094879259 ], [ 78.478132694972331, 32.534970737845278 ], [ 78.497493210426896, 32.51943810939548 ], [ 78.490333861472678, 32.513228964405286 ], [ 78.475185994695025, 32.500087141415115 ], [ 78.46942291789793, 32.493021610872013 ], [ 78.466026297617148, 32.49117632705309 ], [ 78.461082023244018, 32.482791405027143 ], [ 78.459309641256255, 32.480616907682432 ], [ 78.4501447995587, 32.47159656947828 ], [ 78.441402991269683, 32.462990144355565 ], [ 78.434005640824736, 32.441561194473856 ], [ 78.433766728150871, 32.436407053620393 ], [ 78.432252999625376, 32.433833571972443 ], [ 78.430613779800538, 32.408769435590635 ], [ 78.430313421455622, 32.404174265913376 ], [ 78.45435225807968, 32.369721228767361 ], [ 78.466174292100519, 32.352763203943134 ], [ 78.466302070361422, 32.352390099706135 ], [ 78.477772939555194, 32.318884679549214 ], [ 78.477284671861526, 32.318403202737663 ], [ 78.458761955429424, 32.286417431192298 ], [ 78.451388825966603, 32.264994361273267 ], [ 78.448436198539724, 32.247076312181321 ], [ 78.451438637282948, 32.234059685276875 ], [ 78.450699157983237, 32.22287945496624 ], [ 78.45000248580979, 32.212342082040948 ], [ 78.487485125445531, 32.18662694054413 ], [ 78.502989769791185, 32.170719437969638 ], [ 78.633799194336532, 32.036231906577719 ], [ 78.643720442385543, 32.029205578555988 ], [ 78.681358028782356, 32.002545573316247 ], [ 78.700074736441536, 31.989278423804329 ], [ 78.714809898927086, 31.978829133460255 ], [ 78.732472940853796, 31.935283412318721 ], [ 78.732382585613578, 31.913659566964725 ], [ 78.732324798834867, 31.899757758521758 ], [ 78.732324355673668, 31.899650926864876 ], [ 78.731687839717111, 31.894444978774519 ], [ 78.719267159072473, 31.834648861032804 ], [ 78.714047085202566, 31.773542322088577 ], [ 78.712597693956056, 31.744769124534557 ], [ 78.714226744505396, 31.710572332043697 ], [ 78.71465804897926, 31.701518842539709 ], [ 78.721839499217239, 31.676153749064774 ], [ 78.723506949186699, 31.674676758913009 ], [ 78.747907185677704, 31.653056158091953 ], [ 78.747939129980523, 31.653027843737313 ], [ 78.749578314680306, 31.650203690168908 ], [ 78.793181932964188, 31.58680823193826 ], [ 78.806425809866042, 31.547194652221343 ], [ 78.804280689692305, 31.531516447948324 ], [ 78.80286442451748, 31.52116121202042 ], [ 78.798148010179901, 31.515953559770558 ], [ 78.775746088047654, 31.489485572993452 ], [ 78.770866107390347, 31.462345777107402 ], [ 78.769949240810178, 31.457244344120785 ], [ 78.781720049859373, 31.424169158281487 ], [ 78.783082585617848, 31.417784639551918 ], [ 78.784092014466523, 31.402926574669234 ], [ 78.783230748104884, 31.384972796052825 ], [ 78.796671090206829, 31.354229633242504 ], [ 78.799401207152059, 31.341502150016876 ], [ 78.799689726084779, 31.340156955865282 ], [ 78.833155944106153, 31.289028733201338 ], [ 78.855405806455522, 31.255004055681123 ], [ 78.870895387482321, 31.245096951184923 ], [ 78.890268191358018, 31.23270086193563 ], [ 78.89640243435116, 31.228774515825986 ], [ 78.909831567161461, 31.234121838708774 ], [ 78.919219186657642, 31.238093745100844 ], [ 78.92215175508737, 31.247087135260642 ], [ 78.923265415171684, 31.248258846744402 ], [ 78.924171294447618, 31.25329765342704 ], [ 78.930303258143695, 31.272163850654614 ], [ 78.961774210660892, 31.184248412594801 ], [ 78.992434554778029, 31.068836817391414 ], [ 78.989489937657055, 30.998342137225446 ], [ 78.984114650511685, 30.97561545069188 ], [ 78.959554044553585, 30.970648397180494 ], [ 78.918553480817138, 30.996701867115458 ], [ 78.862349290434864, 31.030831332939314 ], [ 78.784645538704666, 31.082743187256519 ], [ 78.732321932419708, 31.105258410714402 ], [ 78.667793037454686, 31.099481217541165 ], [ 78.618266975281244, 31.079893640012596 ], [ 78.56968656160528, 31.085065710855169 ], [ 78.532174356569101, 31.089916488743796 ], [ 78.493280359869615, 31.117692644144796 ], [ 78.470017831886381, 31.148853773320258 ], [ 78.400379553341068, 31.186971156719761 ], [ 78.351859475511375, 31.195878796247385 ], [ 78.313821046880491, 31.187323261146791 ], [ 78.264110670776859, 31.161877155739798 ], [ 78.22576842518923, 31.143759899779656 ], [ 78.199035757739935, 31.140610365391552 ], [ 78.150260522920419, 31.141813730039736 ], [ 78.09537478499, 31.091614122694409 ], [ 78.013135152651586, 31.085929669412899 ], [ 77.946826017298619, 31.093189708659022 ], [ 77.885341402125363, 31.113669177634623 ], [ 77.823093488372621, 31.109322577615295 ], [ 77.766007010414953, 31.053295893093257 ], [ 77.766677424643646, 30.999833391382268 ], [ 77.768902493021884, 30.923430694177195 ], [ 77.800926805640415, 30.88265441630179 ], [ 77.80175059849735, 30.834914765790579 ], [ 77.749053861400498, 30.771141238606326 ], [ 77.714489167091017, 30.714902593877316 ], [ 77.705047353597848, 30.699526238631076 ], [ 77.704861843982485, 30.613625443216421 ], [ 77.71652154127888, 30.595630906813852 ], [ 77.738705492053697, 30.561374259958988 ], [ 77.767188887932051, 30.476776675235666 ], [ 77.77029769508475, 30.430894921485972 ], [ 77.755854005983949, 30.387293673607928 ], [ 77.646420703613543, 30.330375645947722 ], [ 77.62136061050245, 30.298425372609149 ], [ 77.574085290988478, 30.257362462416758 ], [ 77.502679114313878, 30.216743940729859 ], [ 77.475259856167355, 30.17526096377798 ], [ 77.44772311976331, 30.128045450461574 ], [ 77.417001286227219, 30.083280930482765 ], [ 77.390813562990971, 30.04508292266307 ], [ 77.326257751481847, 30.006143446770398 ], [ 77.285646660002925, 29.957209487307281 ], [ 77.273384441885227, 29.900137530913216 ], [ 77.226190902786428, 29.847476307441514 ], [ 77.167940212323202, 29.787339679716759 ], [ 77.108818056941956, 29.678030187280267 ], [ 77.107947104387478, 29.636270502987195 ], [ 77.106582165806415, 29.570647563414862 ], [ 77.105036576416111, 29.496075184097673 ], [ 77.069908441344424, 29.445899816202324 ], [ 77.067253295759542, 29.422546900507271 ], [ 77.067816353709759, 29.369542922250911 ], [ 77.074973811854903, 29.319300862675753 ], [ 77.073873817105564, 29.264889792492951 ], [ 77.051844443807184, 29.225124412418992 ], [ 77.081672706461191, 29.165937685600387 ], [ 77.097404663711472, 29.137045466041258 ], [ 77.096504114440251, 29.092656950324209 ], [ 77.079022870652736, 29.034202337917243 ], [ 77.078622481491308, 29.014220191678294 ], [ 77.077990787089661, 28.982652959572242 ], [ 77.095529291818551, 28.963759895452267 ], [ 77.122041172812985, 28.906049629309813 ], [ 77.123780695382052, 28.831538742431263 ], [ 77.143659261394447, 28.769632037081692 ], [ 77.164047506322447, 28.733497483065015 ], [ 77.117892298765298, 28.716273844608892 ], [ 77.029091538304584, 28.717635644985862 ], [ 76.94653544456807, 28.70547946782807 ], [ 76.85712772992872, 28.672355887355568 ], [ 76.847763383197048, 28.632372816578375 ], [ 76.877555286968501, 28.603312461844826 ], [ 76.900807037200508, 28.572427735736657 ], [ 76.900258110664623, 28.54187460516156 ], [ 76.890043499499527, 28.517202916528948 ], [ 76.882177508049736, 28.498194855555496 ], [ 76.853375469242806, 28.458478670669667 ], [ 76.807411960198024, 28.424714816399117 ], [ 76.802624853949411, 28.405199314350448 ], [ 76.804540470130902, 28.39872719641091 ], [ 76.810075822506889, 28.390774390921969 ], [ 76.820493431338647, 28.384188835533674 ], [ 76.840926716178174, 28.377278545770285 ], [ 76.915444115563162, 28.377683962109355 ], [ 76.980137291187233, 28.37246154189793 ], [ 77.029950531887621, 28.351673387848543 ], [ 77.097434179415785, 28.324867116917087 ], [ 77.14789103574671, 28.338406544973388 ], [ 77.200480517451396, 28.376243591731249 ], [ 77.265301661877402, 28.378045999114693 ], [ 77.308108751937979, 28.410271803120708 ], [ 77.374457281260433, 28.342521437013346 ], [ 77.388029740384241, 28.29788214172223 ], [ 77.41468920235431, 28.260172677785413 ], [ 77.453803567839898, 28.202183315284628 ], [ 77.466173531291602, 28.177611611461582 ], [ 77.474583190541608, 28.12159976854635 ], [ 77.445570918934266, 28.053368494904891 ], [ 77.446374610317861, 28.01754554967372 ], [ 77.480916639770641, 27.975388419566112 ], [ 77.50102297760229, 27.937783698152916 ], [ 77.50157995239401, 27.891938959565007 ], [ 77.469825030441612, 27.842379356862807 ], [ 77.423450844885465, 27.785906127374073 ], [ 77.399811078472553, 27.736184220370109 ], [ 77.368893915276288, 27.720960445101923 ], [ 77.29517412108369, 27.736528086669754 ], [ 77.215934706539898, 27.719197642684168 ], [ 77.124982204911944, 27.677646977416046 ], [ 77.070813837309259, 27.621162628127031 ], [ 77.018177793539195, 27.557468883174405 ], [ 76.987591616889119, 27.55504455943078 ], [ 76.947313440180437, 27.549884228935394 ], [ 76.894772722486266, 27.579265239995674 ], [ 76.884304294864762, 27.625254868967819 ], [ 76.878777407665055, 27.678340384231127 ], [ 76.907076001651646, 27.732395991259267 ], [ 76.943787694257153, 27.804950861626683 ], [ 76.939869979658837, 27.946837979473955 ], [ 76.917374879739754, 28.043139802914055 ], [ 76.89371218599095, 28.074986148201866 ], [ 76.85172621291359, 28.07555920183886 ], [ 76.819235389264662, 28.064532509018875 ], [ 76.781647262543657, 28.037804559682321 ], [ 76.745783936122848, 28.016774538729887 ], [ 76.68418003703934, 28.000350609111592 ], [ 76.638176605829457, 27.970904857175135 ], [ 76.633651818940791, 27.968006896929356 ], [ 76.619888994136659, 27.910858632104702 ], [ 76.591992038896151, 27.878229575298771 ], [ 76.551340790705254, 27.854335144167276 ], [ 76.50941283685205, 27.853367483076497 ], [ 76.469483407012859, 27.881022707742918 ], [ 76.459158783706201, 27.952774417757883 ], [ 76.466481357223572, 27.996265172830789 ], [ 76.471444169294585, 28.025717549839769 ], [ 76.462397096508738, 28.073097004402729 ], [ 76.412626774308166, 28.09654352904138 ], [ 76.403328130891424, 28.09382258430961 ], [ 76.355866098513587, 28.079922244810867 ], [ 76.324700210510983, 28.041539477751684 ], [ 76.281765703028697, 27.961705377123142 ], [ 76.215905934165832, 27.844803356631303 ], [ 76.200657795792182, 27.777588386536014 ], [ 76.195480487144721, 27.746108191227499 ], [ 76.19044657296314, 27.727523072400775 ], [ 76.185414483966071, 27.708937668180202 ], [ 76.149815380046732, 27.692042128932567 ], [ 76.067468063623522, 27.666907150323926 ], [ 76.024014312113763, 27.667235067773994 ], [ 75.996758209828997, 27.678898038272422 ], [ 75.9761903437754, 27.719169331521968 ], [ 75.955657801737104, 27.765169465395054 ], [ 75.920471473082713, 27.795501769348533 ], [ 75.899807290890806, 27.830030497280262 ], [ 75.918032616439774, 27.88866395683656 ], [ 75.910268801291537, 27.924540529069599 ], [ 75.904185655824023, 27.969003494457237 ], [ 75.922182555078138, 27.997543752096501 ], [ 75.972587138198037, 28.037319514137515 ], [ 75.979371374390126, 28.073095244138734 ], [ 75.950520398877558, 28.099091320662048 ], [ 75.886168570933719, 28.133913338410064 ], [ 75.850924831394295, 28.174259720688472 ], [ 75.835044121256189, 28.211614475412166 ], [ 75.813940935491331, 28.248801870795436 ], [ 75.844834723142199, 28.250608263362881 ], [ 75.813940935491303, 28.248801870795436 ], [ 75.805979543386513, 28.24833521641391 ], [ 75.759169550515054, 28.265082263588695 ], [ 75.680836921812954, 28.290930252309405 ] ], [ [ 76.215248392930107, 29.290868504249588 ], [ 75.680836921812954, 28.290930252309405 ], [ 76.278050968152328, 29.202329978162087 ], [ 76.215248392930107, 29.290868504249588 ] ], [ [ 76.03477856220708, 30.328170922406628 ], [ 76.376295219748314, 30.539290031480775 ], [ 75.554626132182065, 31.867928596505216 ], [ 76.03477856220708, 30.328170922406628 ] ], [ [ 76.305555185729503, 29.459841704509262 ], [ 76.706478722088505, 28.174156048803315 ], [ 76.711003062075804, 30.218475945423037 ], [ 76.305555185729503, 29.459841704509262 ] ], [ [ 76.71193604104667, 30.640041848656558 ], [ 76.696951631404417, 30.684134204952137 ], [ 76.693029679669735, 30.695668320332505 ], [ 76.71193604104667, 30.640041848656558 ] ], [ [ 76.95712562631455, 30.678996312123729 ], [ 77.33073980171784, 30.73835421564424 ], [ 77.334072219739213, 30.704192838155059 ], [ 77.330740052916454, 30.738354255553386 ], [ 77.329641133282976, 30.749616916451384 ], [ 77.330739780761419, 30.738354430473276 ], [ 77.076262072269969, 30.901912727562944 ], [ 76.95712562631455, 30.678996312123729 ] ] ], [ [ [ 77.330739780761419, 30.738354430473276 ], [ 77.330740052916454, 30.738354255553386 ], [ 77.33073980171784, 30.73835421564424 ], [ 77.330739780761419, 30.738354430473276 ] ] ] ] } },
{ "type": "Feature", "properties": { "state_name": "Rajputana Agency", "id": 27 }, "geometry": { "type": "MultiPolygon", "coordinates": [ [ [ [ 74.517831625016953, 23.27117648929018 ], [ 74.532593233156064, 23.235565358980139 ], [ 74.53859520331487, 23.227552923927554 ], [ 74.556181071657733, 23.204067910840642 ], [ 74.586609665167714, 23.188615800862173 ], [ 74.60085370107538, 23.180287537834239 ], [ 74.608692517372418, 23.151627030758856 ], [ 74.607520190355217, 23.110396171920602 ], [ 74.596626391341232, 23.081090784204275 ], [ 74.55286520596789, 23.034367270001137 ], [ 74.477460970134729, 23.000675778680463 ], [ 74.413035661798205, 22.973562399931232 ], [ 74.364013963648645, 22.969190800399268 ], [ 74.333675297828862, 22.971456204786165 ], [ 74.303237728717704, 22.992835233278434 ], [ 74.277868408055767, 23.030363625805915 ], [ 74.262773907924043, 23.075703070190979 ], [ 74.261116888341334, 23.082484239298701 ], [ 74.251541341800049, 23.121656454248566 ], [ 74.235232948255941, 23.149659734597464 ], [ 74.196299618744618, 23.177547217505204 ], [ 74.124986006259775, 23.212417360815888 ], [ 74.104844665948235, 23.227837935408147 ], [ 74.083279071753154, 23.261768549851627 ], [ 74.048834841114967, 23.286059043285345 ], [ 74.017309846450502, 23.309150263601463 ], [ 74.015671901346892, 23.310349613781717 ], [ 73.962580911349519, 23.316579022288256 ], [ 73.925696033279536, 23.318122808500718 ], [ 73.881670303010409, 23.322594199131256 ], [ 73.843370985528423, 23.337849002035721 ], [ 73.817982079329795, 23.355581792067529 ], [ 73.783776118423191, 23.416852333718925 ], [ 73.749306557629311, 23.502604768951784 ], [ 73.73278793033829, 23.536522276169485 ], [ 73.679388487447895, 23.563557472018079 ], [ 73.648890318189558, 23.567476975242233 ], [ 73.624328561323921, 23.561287876883341 ], [ 73.608915773670446, 23.548008735586286 ], [ 73.594179313760009, 23.532344826849677 ], [ 73.566977703492867, 23.531499339351591 ], [ 73.541032774547361, 23.534245010154912 ], [ 73.51954149142756, 23.544196928744842 ], [ 73.494037190548738, 23.564859074009139 ], [ 73.474894897273387, 23.59513662318064 ], [ 73.474528522921844, 23.626791765646349 ], [ 73.485763965239485, 23.664533910546112 ], [ 73.487396708934, 23.666786971742543 ], [ 73.503641312591498, 23.689198350778973 ], [ 73.53307468662652, 23.725320357065684 ], [ 73.538051422497574, 23.744482290231321 ], [ 73.537229064236016, 23.760005250422275 ], [ 73.53057214210277, 23.774875416027861 ], [ 73.513453863188204, 23.796215408935208 ], [ 73.496841469656871, 23.829504627263447 ], [ 73.494991098246359, 23.877272263509962 ], [ 73.501114315599963, 23.909587272074454 ], [ 73.498232539329962, 23.934049138480326 ], [ 73.490883543373059, 23.95129922383374 ], [ 73.464698311915981, 23.967166924116064 ], [ 73.445771556077545, 23.973546736792677 ], [ 73.428937886797144, 23.967999582433229 ], [ 73.413668582681751, 23.940964062902388 ], [ 73.396449079691877, 23.914504170594316 ], [ 73.362961116624376, 23.890856768618704 ], [ 73.344896279643052, 23.881106818661703 ], [ 73.33644563093651, 23.881612973681719 ], [ 73.310125791927348, 23.907606558389151 ], [ 73.293289579008672, 23.952813534225069 ], [ 73.282425673542008, 23.987931341437655 ], [ 73.254227112112432, 24.006128056137609 ], [ 73.218326136374841, 24.016465473854812 ], [ 73.192055046932779, 24.035269620756988 ], [ 73.180631646835323, 24.061413007381994 ], [ 73.178976797415103, 24.086477438985327 ], [ 73.198963604278589, 24.14584121816344 ], [ 73.239568106549001, 24.174982986148184 ], [ 73.274138659396101, 24.218380469034923 ], [ 73.282886089937747, 24.245952974492148 ], [ 73.274040460432047, 24.273923541727651 ], [ 73.248803233090669, 24.308872065986947 ], [ 73.245588374791978, 24.353030508551829 ], [ 73.220534932855358, 24.419628077776807 ], [ 73.205908934301306, 24.4391636835336 ], [ 73.16797564553417, 24.445875435458024 ], [ 73.133678552376082, 24.426942584972142 ], [ 73.112512923035084, 24.402791892940261 ], [ 73.086418705146627, 24.360063206590905 ], [ 73.067698163516894, 24.347881797262744 ], [ 73.029394823454837, 24.337833850865536 ], [ 73.002854984811705, 24.326140264583522 ], [ 72.984336747283947, 24.30200823702485 ], [ 72.97497234757526, 24.276204973235171 ], [ 72.975313007747118, 24.254711033312894 ], [ 72.959912636777887, 24.240172942725408 ], [ 72.938502422675796, 24.235106939998094 ], [ 72.90841560237493, 24.24305663356262 ], [ 72.877485954805238, 24.262334357291941 ], [ 72.833095571167377, 24.306493791349617 ], [ 72.784722911770345, 24.352968641267228 ], [ 72.735790644339843, 24.392252089334832 ], [ 72.708382495463823, 24.393631041405271 ], [ 72.670808129426433, 24.380518719977708 ], [ 72.649731892506878, 24.356906744164625 ], [ 72.622588424604558, 24.344541802892916 ], [ 72.59147419626062, 24.335691730196903 ], [ 72.562730506965238, 24.339411967996767 ], [ 72.510413410676037, 24.382146467427074 ], [ 72.457224364498259, 24.401561685192249 ], [ 72.418348101327538, 24.421799053458713 ], [ 72.407504143408005, 24.441911928889848 ], [ 72.403926520171595, 24.457372742902521 ], [ 72.41667969636633, 24.503561143650924 ], [ 72.426134769877265, 24.519842048519848 ], [ 72.412402886107685, 24.553039356108126 ], [ 72.393122899066469, 24.570019899929719 ], [ 72.352376151009864, 24.583039552096224 ], [ 72.30810182168247, 24.577478430960397 ], [ 72.261508171960301, 24.558729318702202 ], [ 72.219390531296952, 24.544824877067008 ], [ 72.167566671919658, 24.527742543875149 ], [ 72.105484416062879, 24.531935378919034 ], [ 72.043736442493739, 24.521783606933454 ], [ 72.006437759793485, 24.498963353770936 ], [ 71.954990382416639, 24.495546268175186 ], [ 71.957068159838641, 24.494131865801879 ], [ 71.908807507418786, 24.504610056515975 ], [ 71.841477273087762, 24.52613256626152 ], [ 71.735825922580688, 24.575442165566937 ], [ 71.675101755502723, 24.581751032771766 ], [ 71.60247099748986, 24.564852520949511 ], [ 71.511036001371195, 24.549395310831763 ], [ 71.446744924813189, 24.534526980424491 ], [ 71.391916425035447, 24.554224955328358 ], [ 71.23806038228787, 24.603910337401906 ], [ 71.133319922562777, 24.652247834987136 ], [ 71.132461575979448, 24.680051810630502 ], [ 71.058426740187798, 24.791929939907615 ], [ 70.977239048659285, 24.90213286776936 ], [ 70.967519881824288, 24.913038532705929 ], [ 70.965089083477238, 24.946874190768106 ], [ 70.95824204360396, 25.001899676053316 ], [ 70.953528041391593, 25.051069697683378 ], [ 70.922136655693919, 25.121060771380655 ], [ 70.862706927178778, 25.181670965508197 ], [ 70.757560349546296, 25.285116863684998 ], [ 70.726331929556295, 25.337641077571007 ], [ 70.712197905305416, 25.38111553929917 ], [ 70.710971198824367, 25.415758361294412 ], [ 70.718897408103459, 25.462814968833239 ], [ 70.721464645005227, 25.519831553462922 ], [ 70.723520526556001, 25.536000988600108 ], [ 70.720723022663236, 25.573975410388869 ], [ 70.71945172946063, 25.591216016759745 ], [ 70.717539978486741, 25.598629142563077 ], [ 70.709681088189356, 25.629090240100126 ], [ 70.704255259096399, 25.632879878989325 ], [ 70.672975541318763, 25.654717670414968 ], [ 70.644015775846384, 25.652469570493036 ], [ 70.626602895992534, 25.671640990727674 ], [ 70.607964339237569, 25.672281141963282 ], [ 70.593285375417594, 25.6727836011138 ], [ 70.512067601337421, 25.6524483482827 ], [ 70.489938696622872, 25.644870401654757 ], [ 70.427402564418728, 25.623432892882942 ], [ 70.412744729075399, 25.624049258621717 ], [ 70.399959557659272, 25.624585657874615 ], [ 70.355023324537385, 25.626461925293455 ], [ 70.349883305844955, 25.629655741152821 ], [ 70.329676772326152, 25.647728927261213 ], [ 70.296868555005418, 25.677053855021569 ], [ 70.280012761114463, 25.692110662589322 ], [ 70.261836327443305, 25.709561867230729 ], [ 70.240240029895929, 25.730285803406595 ], [ 70.236871958823215, 25.733516778632733 ], [ 70.201191194286437, 25.767727835969804 ], [ 70.182884800780144, 25.800912653578287 ], [ 70.181015137882412, 25.804300488889375 ], [ 70.132940945316577, 25.891322815187323 ], [ 70.117714032945443, 25.953742023487525 ], [ 70.11608703868599, 25.976009896069161 ], [ 70.158302346205659, 25.972975896208464 ], [ 70.116087038685976, 25.976009896069215 ], [ 70.115562310390146, 25.983187632055976 ], [ 70.1150610549807, 25.990042479834663 ], [ 70.112845261673826, 26.020323147550478 ], [ 70.125784071279455, 26.064623022422268 ], [ 70.162150701768866, 26.109906913183892 ], [ 70.162592831008666, 26.110457216136545 ], [ 70.185049663524651, 26.144828406440269 ], [ 70.192087000746426, 26.198444887834029 ], [ 70.193108232974623, 26.202686325640762 ], [ 70.202688997099116, 26.242467738848436 ], [ 70.21014844215469, 26.273428507473362 ], [ 70.208807055658383, 26.357298809513541 ], [ 70.208242924976815, 26.422123198893992 ], [ 70.200473892948295, 26.456190551760489 ], [ 70.172576150251544, 26.47239895917409 ], [ 70.16764947557904, 26.503635723157501 ], [ 70.142920058845931, 26.533117482880805 ], [ 70.081326545847602, 26.551702999357214 ], [ 69.941835402543092, 26.548974217983389 ], [ 69.848975151845067, 26.554573921439843 ], [ 69.775404006798553, 26.567316342254035 ], [ 69.660027740867591, 26.625097140285611 ], [ 69.527993021275705, 26.733633716462066 ], [ 69.526727646481191, 26.739106781804189 ], [ 69.503402855533395, 26.839855298782666 ], [ 69.529609509992071, 26.931372712792744 ], [ 69.540949368103199, 26.963796842146341 ], [ 69.561382381220994, 27.022185136923941 ], [ 69.606081796669201, 27.075674967177999 ], [ 69.729035418748509, 27.178047969077859 ], [ 69.799870537395421, 27.224215047914182 ], [ 69.814382789034127, 27.233665053835111 ], [ 69.876965810575342, 27.293170299279918 ], [ 69.893071034736479, 27.307386433930304 ], [ 69.954667525936685, 27.361711983751757 ], [ 69.99113980860929, 27.393844700545923 ], [ 70.022976906580283, 27.443650975846097 ], [ 70.041049593425626, 27.471904164397777 ], [ 70.077354748820966, 27.556620399772886 ], [ 70.08398617826073, 27.585665837415799 ], [ 70.091896851517888, 27.620301172226249 ], [ 70.136055719196506, 27.662875162652522 ], [ 70.170194794916611, 27.695759717158346 ], [ 70.224581821918449, 27.738216899490002 ], [ 70.320510809912278, 27.812981752324262 ], [ 70.357870917554152, 27.841424067276467 ], [ 70.368231096519395, 27.84930719950793 ], [ 70.389347480526013, 27.865369301411402 ], [ 70.436720042241689, 27.887214061688208 ], [ 70.505103814346811, 27.888273198867605 ], [ 70.549665424018343, 27.881376356234949 ], [ 70.593028298116437, 27.87084933835181 ], [ 70.593392302006635, 27.87037710330986 ], [ 70.614618782022177, 27.842829439508602 ], [ 70.650683509923212, 27.767752819644961 ], [ 70.65865200557343, 27.751146835882153 ], [ 70.678455403338887, 27.709849531468858 ], [ 70.690728818245262, 27.70202308843335 ], [ 70.692405951284343, 27.698718827403297 ], [ 70.702603936377116, 27.679627555434152 ], [ 70.711198276734493, 27.6635317655305 ], [ 70.735279766432171, 27.629696483944162 ], [ 70.746355982094585, 27.624354974154013 ], [ 70.798023925214196, 27.599418397131362 ], [ 70.828385829395614, 27.575293464264337 ], [ 70.851879584564188, 27.56879237126763 ], [ 70.859489132379551, 27.566685631847228 ], [ 70.872301051170325, 27.568643653288103 ], [ 70.927353668717089, 27.577043231556431 ], [ 70.992170566441104, 27.598014002561296 ], [ 71.078290383219851, 27.623138956551838 ], [ 71.222343416925625, 27.678050385031359 ], [ 71.267338354497014, 27.695161582050794 ], [ 71.401637342625079, 27.727351683103119 ], [ 71.470986618818145, 27.734178833760474 ], [ 71.578268163075307, 27.728527781198263 ], [ 71.589408747408882, 27.727936107612948 ], [ 71.613414024859679, 27.726658096264391 ], [ 71.632768992564166, 27.729806774415742 ], [ 71.634850673413609, 27.729647473600053 ], [ 71.66890684175624, 27.73538527669325 ], [ 71.717566798318572, 27.743568179873606 ], [ 71.786309279579001, 27.777400650047415 ], [ 71.85103189690777, 27.826177646878584 ], [ 71.853578673044197, 27.828613002452443 ], [ 71.86236440015503, 27.850150554607996 ], [ 71.889651734600903, 27.916992869648535 ], [ 71.898690536990756, 27.943285533374556 ], [ 71.902055392984579, 27.953070543991359 ], [ 71.946017820808962, 28.013763320860196 ], [ 71.94862182636929, 28.017355923588738 ], [ 71.956107365034327, 28.029973644501705 ], [ 71.973018475543441, 28.058467958467514 ], [ 71.985558825171012, 28.085476874431293 ], [ 71.992053138743074, 28.099458924858293 ], [ 72.01940471837932, 28.132275975117846 ], [ 72.076055866739466, 28.172978110979287 ], [ 72.092091954130026, 28.184490137025616 ], [ 72.125717954031643, 28.208616152474562 ], [ 72.129033292439502, 28.210993854306231 ], [ 72.135949082858019, 28.221966908486884 ], [ 72.138015641654718, 28.225245383508533 ], [ 72.142614489612271, 28.232540419657827 ], [ 72.142994807710238, 28.233143661185849 ], [ 72.146128238649638, 28.238113476577706 ], [ 72.180892442553585, 28.293218620888258 ], [ 72.188528908824551, 28.305315147974028 ], [ 72.191941183673364, 28.314868893470582 ], [ 72.200073812786087, 28.337632444903853 ], [ 72.238823258680668, 28.445971083613856 ], [ 72.244662195857245, 28.465433827961906 ], [ 72.261651033722586, 28.522026251056872 ], [ 72.263691206361131, 28.528818778082133 ], [ 72.285431921928733, 28.563636752484669 ], [ 72.313496146911703, 28.608545650218087 ], [ 72.328630658971989, 28.632747211630328 ], [ 72.346689558866203, 28.644842427150937 ], [ 72.348527785330958, 28.646851597754171 ], [ 72.391045943182419, 28.674529574300056 ], [ 72.42236070845027, 28.694897285179557 ], [ 72.44482787463717, 28.703136651335708 ], [ 72.499830219089361, 28.723286906418537 ], [ 72.516048887093774, 28.729223042786234 ], [ 72.568102980496064, 28.748257891971384 ], [ 72.668124999407439, 28.801814377196095 ], [ 72.692589438414601, 28.814894723947834 ], [ 72.710636422648662, 28.825000792786856 ], [ 72.795100001601952, 28.872242808738871 ], [ 72.855664545334633, 28.90606035598702 ], [ 72.870811394348024, 28.914510446956164 ], [ 72.8748290548331, 28.91888225773447 ], [ 72.939086789713869, 28.988740642322153 ], [ 72.946123329038244, 28.996383207498205 ], [ 72.974436886947544, 29.027120764328256 ], [ 73.008544725201247, 29.077060037848607 ], [ 73.034587002512168, 29.115153576679774 ], [ 73.044483691786155, 29.129621745093669 ], [ 73.060251778006048, 29.151293163192193 ], [ 73.077855946882949, 29.175475671624831 ], [ 73.091898476842417, 29.194756245505737 ], [ 73.139281367202528, 29.259752083095986 ], [ 73.179875216496583, 29.315359774997525 ], [ 73.183177297308276, 29.359571228931259 ], [ 73.212202693094056, 29.402231413285044 ], [ 73.253130849812692, 29.46231735216849 ], [ 73.260281818506812, 29.472807351944752 ], [ 73.283962409734542, 29.521590198024334 ], [ 73.290608511141016, 29.535272713658305 ], [ 73.291193680055031, 29.542457520241584 ], [ 73.298887081381679, 29.636853535666468 ], [ 73.299270018232974, 29.641548911257313 ], [ 73.299665819875159, 29.64640171282096 ], [ 73.299379962031651, 29.727578835973983 ], [ 73.299303698490661, 29.7490525315452 ], [ 73.325920758755842, 29.786118830216775 ], [ 73.344995274005058, 29.80134313916497 ], [ 73.349609768472078, 29.805025113338175 ], [ 73.352438862990596, 29.807057524822184 ], [ 73.380524362694658, 29.827226467004742 ], [ 73.446024936406928, 29.874210621467395 ], [ 73.450533574746601, 29.877441950395916 ], [ 73.452202629199974, 29.878271545976059 ], [ 73.459196523110947, 29.88174745462203 ], [ 73.502199146477608, 29.90310617020474 ], [ 73.554057187162314, 29.915661566300656 ], [ 73.564928356894242, 29.918290635906196 ], [ 73.574564440614282, 29.920620156436083 ], [ 73.658064126803055, 29.927465178527452 ], [ 73.711320840757651, 29.94232147829112 ], [ 73.731002098280797, 29.948567754039704 ], [ 73.75878671061831, 29.957379531012904 ], [ 73.765225854652329, 29.959420630802022 ], [ 73.785053643952139, 29.965703226419841 ], [ 73.816621793216527, 29.986768644395688 ], [ 73.829073737674193, 29.995073358173808 ], [ 73.834028826119706, 29.998377407604931 ], [ 73.83986718202398, 30.003232448335325 ], [ 73.85686888654493, 30.017366564466926 ], [ 73.86523700349008, 30.02432102972509 ], [ 73.88684404602671, 30.042271077078031 ], [ 73.894247074754404, 30.048418869961235 ], [ 73.89576434379876, 30.042709921313076 ], [ 73.908060465281565, 30.009105304596712 ], [ 73.918463392503753, 29.960485030587055 ], [ 73.874934331182331, 29.881330935744661 ], [ 73.815234245171169, 29.786260751543324 ], [ 73.832270170841994, 29.733407604322178 ], [ 73.881873774286547, 29.70088659472329 ], [ 73.957305553199546, 29.70579976214756 ], [ 74.00964556803342, 29.723392874863745 ], [ 74.074952311966626, 29.761113459307278 ], [ 74.119106839323365, 29.781471589050323 ], [ 74.18151077398656, 29.781872598698378 ], [ 74.262148812747427, 29.759424779571326 ], [ 74.329505090428739, 29.754052665987476 ], [ 74.436318879668448, 29.755761401049067 ], [ 74.455919928284672, 29.756065597106502 ], [ 74.480691314054141, 29.707408985743143 ], [ 74.482481732022805, 29.67828449782192 ], [ 74.45218762747426, 29.617034078116692 ], [ 74.413289525644558, 29.538546149263759 ], [ 74.422201149571634, 29.508020384682599 ], [ 74.46155064653783, 29.500544285602523 ], [ 74.48771643646927, 29.508288909057985 ], [ 74.524770749140487, 29.523709042678725 ], [ 74.561885820382386, 29.527657183249399 ], [ 74.588213444475684, 29.499086426217193 ], [ 74.586223747770617, 29.451321780409199 ], [ 74.568948011454182, 29.40732892580915 ], [ 74.527786519948606, 29.344147568833964 ], [ 74.510608096853389, 29.288684834618099 ], [ 74.534829898415182, 29.233369971569637 ], [ 74.589409999698717, 29.20107163684029 ], [ 74.650460181189246, 29.17640942739088 ], [ 74.724462894853716, 29.180403010260999 ], [ 74.789751834877237, 29.190073641188661 ], [ 74.889905388315853, 29.186372572195541 ], [ 75.020517571826275, 29.119550271592026 ], [ 75.129253853004528, 29.081280154484912 ], [ 75.164057842477916, 29.085063063993733 ], [ 75.222789569647844, 29.088799339122044 ], [ 75.272814916075561, 29.088706947368014 ], [ 75.311895960765881, 29.065696228683024 ], [ 75.329201088788707, 29.03699786811065 ], [ 75.342099754854914, 28.993024639138635 ], [ 75.413542282774074, 28.925956884347162 ], [ 75.456873107558252, 28.90289092038493 ], [ 75.458884594747275, 28.866584576243142 ], [ 75.445569615703405, 28.797850624701255 ], [ 75.425886472435423, 28.757792906630893 ], [ 75.438687451775166, 28.708077764983425 ], [ 75.474409994520585, 28.650401721985943 ], [ 75.530475517167545, 28.574248787950836 ], [ 75.557330271187624, 28.510733755439286 ], [ 75.56482603680351, 28.471296814039135 ], [ 75.562647248952445, 28.442646793398836 ], [ 75.571213848499397, 28.37741137452392 ], [ 75.593017462520322, 28.343343466726104 ], [ 75.595752824422618, 28.33906772972599 ], [ 75.601327771944341, 28.330352122945278 ], [ 75.640862672345222, 28.306528157313341 ], [ 75.680836921812954, 28.290930252309405 ], [ 75.759169550515054, 28.265082263588695 ], [ 75.805979543386513, 28.24833521641391 ], [ 75.813940935491331, 28.248801870795436 ], [ 75.835044121256189, 28.211614475412166 ], [ 75.850924831394295, 28.174259720688472 ], [ 75.886168570933719, 28.133913338410064 ], [ 75.950520398877558, 28.099091320662048 ], [ 75.979371374390126, 28.073095244138734 ], [ 75.972587138198037, 28.037319514137515 ], [ 75.922182555078138, 27.997543752096501 ], [ 75.904185655824023, 27.969003494457237 ], [ 75.910268801291537, 27.924540529069599 ], [ 75.918032616439774, 27.88866395683656 ], [ 75.899807290890806, 27.830030497280262 ], [ 75.920471473082713, 27.795501769348533 ], [ 75.955657801737104, 27.765169465395054 ], [ 75.9761903437754, 27.719169331521968 ], [ 75.996758209828997, 27.678898038272422 ], [ 76.024014312113763, 27.667235067773994 ], [ 76.067468063623522, 27.666907150323926 ], [ 76.149815380046732, 27.692042128932567 ], [ 76.185414483966071, 27.708937668180202 ], [ 76.195480487144721, 27.746108191227499 ], [ 76.200657795792182, 27.777588386536014 ], [ 76.215905934165832, 27.844803356631303 ], [ 76.281765703028697, 27.961705377123142 ], [ 76.324700210510983, 28.041539477751684 ], [ 76.355866098513587, 28.079922244810867 ], [ 76.412626774308166, 28.09654352904138 ], [ 76.462397096508738, 28.073097004402729 ], [ 76.471444169294585, 28.025717549839769 ], [ 76.459158783706201, 27.952774417757883 ], [ 76.469483407012859, 27.881022707742918 ], [ 76.50941283685205, 27.853367483076497 ], [ 76.551340790705254, 27.854335144167276 ], [ 76.591992038896151, 27.878229575298771 ], [ 76.59257722890608, 27.878914300250813 ], [ 76.619888994136659, 27.910858632104702 ], [ 76.633651818940791, 27.968006896929356 ], [ 76.68418003703934, 28.000350609111592 ], [ 76.745783936122848, 28.016774538729887 ], [ 76.781647262543657, 28.037804559682321 ], [ 76.794153303183322, 28.046699984208505 ], [ 76.819235389264662, 28.064532509018875 ], [ 76.85172621291359, 28.07555920183886 ], [ 76.89371218599095, 28.074986148201866 ], [ 76.917374879739754, 28.043139802914055 ], [ 76.939869979658837, 27.946837979473955 ], [ 76.943787694257153, 27.804950861626683 ], [ 76.907076001651646, 27.732395991259267 ], [ 76.878777407665055, 27.678340384231127 ], [ 76.884304294864762, 27.625254868967819 ], [ 76.894772722486266, 27.579265239995674 ], [ 76.947313440180437, 27.549884228935394 ], [ 76.987591616889119, 27.55504455943078 ], [ 77.018177793539195, 27.557468883174405 ], [ 77.070813837309259, 27.621162628127031 ], [ 77.124982204911944, 27.677646977416046 ], [ 77.215934706539898, 27.719197642684168 ], [ 77.29517412108369, 27.736528086669754 ], [ 77.368893915276288, 27.720960445101923 ], [ 77.38435146896704, 27.72857326848467 ], [ 77.397508244072498, 27.645596920134643 ], [ 77.413912754157735, 27.537879147247082 ], [ 77.426393196515249, 27.374123106498356 ], [ 77.422161977194833, 27.302572752433591 ], [ 77.398325285156389, 27.250458776794016 ], [ 77.407106388720493, 27.224045418952226 ], [ 77.43715828079209, 27.193682008046355 ], [ 77.462172051778452, 27.177726186758335 ], [ 77.515755038510292, 27.186324389353029 ], [ 77.562727391373599, 27.19741005847283 ], [ 77.621913494968723, 27.21660682747622 ], [ 77.647128527645094, 27.210164284736177 ], [ 77.676029740041713, 27.190517215519005 ], [ 77.683520627401833, 27.168888942588637 ], [ 77.654492130869926, 27.126470848128186 ], [ 77.603993127896743, 27.077282936729411 ], [ 77.591200997941471, 27.042902707906613 ], [ 77.589402853368597, 27.022643195629751 ], [ 77.610195083399191, 26.999579202183074 ], [ 77.655229408463498, 26.987994219012691 ], [ 77.683196925381296, 26.987464136689979 ], [ 77.743588191079468, 27.005398172444043 ], [ 77.79763199808167, 27.035367119469313 ], [ 77.856126408530386, 27.029417344601949 ], [ 77.882219003133727, 27.007401882938812 ], [ 77.871562926295894, 26.955104593926055 ], [ 77.836204745108901, 26.925981808745949 ], [ 77.74243303988959, 26.902770499378118 ], [ 77.681957279697343, 26.878866062577778 ], [ 77.633339362283508, 26.848745290282604 ], [ 77.553436332540571, 26.786943637570388 ], [ 77.526827215485127, 26.726539544727444 ], [ 77.526036727539719, 26.690740738215229 ], [ 77.539856209337529, 26.654681272139509 ], [ 77.566229716791426, 26.64585100884192 ], [ 77.599426855050069, 26.645247510293192 ], [ 77.638703071280688, 26.677947244158862 ], [ 77.670253180201897, 26.720329837318598 ], [ 77.728609184390749, 26.770545491975724 ], [ 77.837632849304271, 26.823306952526259 ], [ 77.909828848616101, 26.837355511465873 ], [ 77.995599182071672, 26.810501019587974 ], [ 78.041997205263499, 26.804736974875858 ], [ 78.082066236043914, 26.811030086224232 ], [ 78.107549159060298, 26.818826213314498 ], [ 78.15370267161029, 26.852411780855711 ], [ 78.195658030157091, 26.877722161558093 ], [ 78.245441357169994, 26.896872435725562 ], [ 78.290246033816985, 26.881515709124038 ], [ 78.305162285413275, 26.845369726895111 ], [ 78.306884954507808, 26.813111590770987 ], [ 78.310588597485093, 26.781920779775859 ], [ 78.256408103661371, 26.746901706050334 ], [ 78.160353005671809, 26.695614510638819 ], [ 78.09991016365278, 26.661623265124842 ], [ 77.975597001623044, 26.580260459547322 ], [ 77.889343824199628, 26.528566286171976 ], [ 77.817185084114584, 26.486086091192654 ], [ 77.774857178801966, 26.446809097530789 ], [ 77.747239536561011, 26.40055112133539 ], [ 77.702781637351322, 26.358425067525225 ], [ 77.662320370832703, 26.350588470715628 ], [ 77.582809957739514, 26.350134855352756 ], [ 77.465559811142882, 26.319729266523964 ], [ 77.391466677790021, 26.2799135382872 ], [ 77.377690418501032, 26.272503021399018 ], [ 77.280063117998125, 26.210091387560432 ], [ 77.227501752779105, 26.174618214138658 ], [ 77.16842946873345, 26.128714825634965 ], [ 77.136448523027553, 26.115819355092601 ], [ 77.087601423278329, 26.106027416989111 ], [ 77.047123146828341, 26.090368301061396 ], [ 76.996651247847566, 26.046177069229202 ], [ 76.954609229430289, 25.998031251089323 ], [ 76.903324229709781, 25.964323327738771 ], [ 76.856667753100695, 25.95442051558512 ], [ 76.824985676965298, 25.955778765648738 ], [ 76.791073520058063, 25.949514686374453 ], [ 76.757164468399154, 25.943242467148689 ], [ 76.735754135190248, 25.92439271986715 ], [ 76.672431559093795, 25.854436191807981 ], [ 76.612621339213945, 25.804474179447041 ], [ 76.541392417617772, 25.765116983978025 ], [ 76.488246631151597, 25.734138907433284 ], [ 76.446554557983433, 25.688694500650929 ], [ 76.432219219177981, 25.636282454477193 ], [ 76.424199487885389, 25.591552576096362 ], [ 76.420933921687677, 25.573327785746695 ], [ 76.400020077349055, 25.496130434678282 ], [ 76.406025269259843, 25.469317643535241 ], [ 76.446342207701804, 25.407771097298518 ], [ 76.451202030736084, 25.37427906159591 ], [ 76.456973716097536, 25.329311171682924 ], [ 76.469173954404738, 25.29479015752619 ], [ 76.506536418076863, 25.256191376482963 ], [ 76.530544835106667, 25.243522381341585 ], [ 76.574887006970172, 25.260255698124265 ], [ 76.623545403866714, 25.284571844160713 ], [ 76.654044387625277, 25.286144002631005 ], [ 76.686407568157605, 25.270489662660712 ], [ 76.73081317917071, 25.21551303062386 ], [ 76.774503414601355, 25.186330740612998 ], [ 76.782222453498221, 25.184475865191601 ], [ 76.816356314168871, 25.17626811301178 ], [ 76.862501828087161, 25.172828081879036 ], [ 76.983662225615049, 25.198960029444137 ], [ 77.072738177273166, 25.250283031855862 ], [ 77.158531654786131, 25.290132443200132 ], [ 77.194128738922316, 25.282919893027621 ], [ 77.228618234442919, 25.272849802078795 ], [ 77.264794336672423, 25.240774560235845 ], [ 77.308197111517984, 25.147441281293158 ], [ 77.310015514629754, 25.076722364755724 ], [ 77.309281239941328, 25.037567152203319 ], [ 77.30062786781923, 25.023372088140853 ], [ 77.284711071868784, 25.01310940150605 ], [ 77.246788808288741, 25.003179026974717 ], [ 77.213166396550136, 24.998906678212961 ], [ 77.142699982868706, 24.985608386858079 ], [ 77.08293407896187, 24.984546477272712 ], [ 77.035711789169184, 24.981378545726923 ], [ 76.990432970825125, 24.968615272428227 ], [ 76.933368046667312, 24.938793196950662 ], [ 76.90069917486349, 24.926792608976886 ], [ 76.85859423896305, 24.913946996537561 ], [ 76.805086755254976, 24.908871469079198 ], [ 76.80298161511125, 24.907609497615248 ], [ 76.769158028592244, 24.887325359419254 ], [ 76.759488314151469, 24.870240430481246 ], [ 76.757150791994277, 24.85306864429657 ], [ 76.768288167573701, 24.82618274117781 ], [ 76.82107491106062, 24.784462360829696 ], [ 76.840604957429335, 24.760335957378455 ], [ 76.836083049763303, 24.737459373162224 ], [ 76.813908128245473, 24.723396700616 ], [ 76.766381823484707, 24.691476047319956 ], [ 76.755563492187875, 24.665803423914323 ], [ 76.759356999143861, 24.638048341219527 ], [ 76.781117579955207, 24.624414569346598 ], [ 76.818645056635333, 24.617276732055839 ], [ 76.829932819690256, 24.617704934583973 ], [ 76.894989376374525, 24.620156241331944 ], [ 76.948240425191742, 24.616609395940451 ], [ 76.969915155945358, 24.599128594126277 ], [ 76.983000959629791, 24.567426249922107 ], [ 76.971167380972474, 24.54560562066818 ], [ 76.947866720900095, 24.524887820255579 ], [ 76.934780171723958, 24.48874743695896 ], [ 76.935306539832681, 24.386501859530302 ], [ 76.923442358368334, 24.360854099902323 ], [ 76.90231341920834, 24.342965773928547 ], [ 76.88860190172646, 24.332626295539175 ], [ 76.860477705992011, 24.334884888837728 ], [ 76.826411039548503, 24.359187686322091 ], [ 76.802775998068981, 24.384315126402541 ], [ 76.779078125292827, 24.405617720227703 ], [ 76.74048778683995, 24.407021916229425 ], [ 76.717443296155082, 24.400596043465448 ], [ 76.70835079136495, 24.375059930425806 ], [ 76.706599396959191, 24.370139802824788 ], [ 76.712651974524832, 24.354782081183806 ], [ 76.725976979751266, 24.337430401279743 ], [ 76.769070970680716, 24.286288387524262 ], [ 76.770930404820078, 24.270021865203645 ], [ 76.746528395056941, 24.238769695506491 ], [ 76.732659278136254, 24.215038291670979 ], [ 76.732517133645018, 24.20452829984033 ], [ 76.736554491416939, 24.194926317118249 ], [ 76.760301859901801, 24.17936429852179 ], [ 76.786994528490666, 24.151341683349642 ], [ 76.794884173246587, 24.119714668532914 ], [ 76.795325638252464, 24.076707844397479 ], [ 76.766822479271326, 24.047416046412597 ], [ 76.739591216179619, 24.034349318681524 ], [ 76.70943413607219, 24.035644583930189 ], [ 76.676303771727248, 24.048434173324072 ], [ 76.650793134841294, 24.087892842507518 ], [ 76.640774664442588, 24.118581280643514 ], [ 76.624528117629595, 24.151246876722659 ], [ 76.588459446246389, 24.182207531130878 ], [ 76.543716029345291, 24.1864898917561 ], [ 76.470645135807928, 24.173832884505838 ], [ 76.352629770712852, 24.14529815627882 ], [ 76.273395724843994, 24.137378157550401 ], [ 76.222412888743534, 24.142573705526864 ], [ 76.191284543642837, 24.155244741629602 ], [ 76.136470591034566, 24.199628348891697 ], [ 76.108644110159503, 24.235196937323018 ], [ 76.084254632573348, 24.308967000290174 ], [ 76.051135461824913, 24.339784546393815 ], [ 76.009524314531816, 24.354403794194504 ], [ 75.969887976787334, 24.355618259885144 ], [ 75.920688084613687, 24.332985902287749 ], [ 75.875683520980758, 24.311268777505362 ], [ 75.811572050365584, 24.234203455924046 ], [ 75.789341713231948, 24.178882068729401 ], [ 75.776492528982303, 24.121597555806837 ], [ 75.796137503473702, 24.098556183455141 ], [ 75.810516264585786, 24.066937746583235 ], [ 75.816610855440501, 24.043009166431169 ], [ 75.839309082212097, 24.012299338759373 ], [ 75.874570197821811, 23.994897001236829 ], [ 75.877522900397821, 23.970028145453508 ], [ 75.856082924117061, 23.873607714696206 ], [ 75.838124061778217, 23.828780733101212 ], [ 75.814094669305945, 23.807880229791667 ], [ 75.790182784542537, 23.80513692723958 ], [ 75.746495209852156, 23.795795622357208 ], [ 75.711133897451361, 23.788315467345218 ], [ 75.665243519270177, 23.752195722780748 ], [ 75.647466449344307, 23.727417571496382 ], [ 75.636008155579631, 23.719817810491211 ], [ 75.6037920623898, 23.713255481282918 ], [ 75.565374914131482, 23.712444703188925 ], [ 75.526973390334462, 23.715448033301971 ], [ 75.503116351782779, 23.721263024727492 ], [ 75.490689335914794, 23.729906306653916 ], [ 75.478351459878056, 23.763402437126906 ], [ 75.463967011450521, 23.807418832792532 ], [ 75.45997294363346, 23.85331491877038 ], [ 75.476703554005127, 23.880985535294169 ], [ 75.560979950458673, 23.897907662307261 ], [ 75.59739874919552, 23.904461809242768 ], [ 75.625489185799069, 23.908173696220313 ], [ 75.648444341176244, 23.924328708299878 ], [ 75.65478472606118, 23.944375413997196 ], [ 75.649814639202219, 23.990278841508985 ], [ 75.650006745563175, 24.028513086625562 ], [ 75.652281256050699, 24.066738278071327 ], [ 75.662794425487945, 24.086766296459924 ], [ 75.670172039127195, 24.103939679839076 ], [ 75.686934782412138, 24.122982432071453 ], [ 75.686010602776946, 24.144971283391286 ], [ 75.677768340495376, 24.162213496625384 ], [ 75.664342704311821, 24.195010544166653 ], [ 75.64428253168586, 24.246712628361696 ], [ 75.631943073566049, 24.281174878721558 ], [ 75.638364475949643, 24.314124604864766 ], [ 75.661891767937249, 24.325493910240318 ], [ 75.704176787560812, 24.332472357524615 ], [ 75.768477036156568, 24.356533750280573 ], [ 75.78280910112754, 24.396604574243064 ], [ 75.779827824206038, 24.420993085663998 ], [ 75.76751846235139, 24.456898780573496 ], [ 75.7649944781584, 24.459638007588691 ], [ 75.722375599692739, 24.505867451035272 ], [ 75.713620036461421, 24.521645177822581 ], [ 75.694448041065968, 24.556178324725565 ], [ 75.675814941446177, 24.589238232886263 ], [ 75.672855461257342, 24.622226569423926 ], [ 75.643189352090729, 24.648162924392722 ], [ 75.599239438859371, 24.642609738119038 ], [ 75.567776661383746, 24.622659872190901 ], [ 75.523689369074077, 24.581241769389546 ], [ 75.459328603200547, 24.559945686142537 ], [ 75.407583562938513, 24.555793254922769 ], [ 75.368348326142723, 24.540122925686443 ], [ 75.318109075126941, 24.507260664653185 ], [ 75.283606589609604, 24.49442547396356 ], [ 75.258513966373258, 24.483000297434725 ], [ 75.191152879933639, 24.487401895367523 ], [ 75.161412143479794, 24.508943319318842 ], [ 75.134815733124697, 24.54911515167878 ], [ 75.122342444304394, 24.617946575640079 ], [ 75.130228894032726, 24.660952619748464 ], [ 75.167926845816751, 24.693891391069371 ], [ 75.24172339604138, 24.713863020420032 ], [ 75.271582374809199, 24.731016717752379 ], [ 75.27637411681745, 24.7682848367266 ], [ 75.276415389956156, 24.786923128237721 ], [ 75.230906004780138, 24.805638606289346 ], [ 75.194757069673258, 24.791352807728156 ], [ 75.169610855935574, 24.778479880644912 ], [ 75.163329331196039, 24.778486864093949 ], [ 75.142919285873077, 24.782808919718992 ], [ 75.124092570112225, 24.801464152359092 ], [ 75.135116817941139, 24.82869531641451 ], [ 75.161870697209707, 24.864511608887149 ], [ 75.187042193002569, 24.883120412362949 ], [ 75.196526864249577, 24.917517086069285 ], [ 75.18396892856633, 24.930436394516406 ], [ 75.146238773183683, 24.934779279631339 ], [ 75.089623462104328, 24.920487059400592 ], [ 75.05660636885807, 24.917635841087815 ], [ 75.022021217494697, 24.929114586419981 ], [ 74.979555866678211, 25.010835397239493 ], [ 74.9464979241707, 25.052403964518803 ], [ 74.910305436731022, 25.043784448829719 ], [ 74.883563916216303, 25.030862781500069 ], [ 74.856842971960603, 25.005033163078451 ], [ 74.842703796164955, 24.989248338779625 ], [ 74.812811552166465, 24.992081111142181 ], [ 74.778211498716843, 24.987732510385861 ], [ 74.762495042280335, 24.980539838414018 ], [ 74.760969201596083, 24.956164720668532 ], [ 74.765757545229334, 24.918896309067101 ], [ 74.787811772722662, 24.893122713707829 ], [ 74.816130102669348, 24.875955817836854 ], [ 74.883714803817426, 24.87028890641027 ], [ 74.941861937581535, 24.870322864997497 ], [ 74.987439088471191, 24.847394199633456 ], [ 75.020426773847035, 24.79434557519323 ], [ 75.012571380986287, 24.769973021036328 ], [ 75.003149262516089, 24.752768700364214 ], [ 74.97174862163213, 24.749898597562481 ], [ 74.921501432273004, 24.759916846569915 ], [ 74.872804826551643, 24.781389375702513 ], [ 74.824127912557458, 24.777038930472685 ], [ 74.803753772221057, 24.751206500956009 ], [ 74.808516570059794, 24.716803032159724 ], [ 74.813255319703714, 24.696736645431727 ], [ 74.872914107813884, 24.67385906297844 ], [ 74.918436786858166, 24.6437818627052 ], [ 74.916894634317174, 24.603635741095907 ], [ 74.893386268310238, 24.58641574937894 ], [ 74.857337348832715, 24.573482018128491 ], [ 74.827546871487797, 24.574884629322327 ], [ 74.764812269396884, 24.586269843191626 ], [ 74.716244105716257, 24.568981066714002 ], [ 74.6958945415805, 24.556037537144483 ], [ 74.693137210588958, 24.541730864754992 ], [ 74.688155831698268, 24.51587634567559 ], [ 74.683547893449571, 24.478588721068331 ], [ 74.649197469225641, 24.436933405198715 ], [ 74.655547511554005, 24.405404788773765 ], [ 74.666381615571808, 24.390311011231834 ], [ 74.682257878625848, 24.368184619971391 ], [ 74.715189323443752, 24.341007862621467 ], [ 74.741830915897083, 24.322416048484246 ], [ 74.748143529338719, 24.295184236052627 ], [ 74.743505136162312, 24.267933969062994 ], [ 74.737352029791808, 24.217739660869412 ], [ 74.746842959293659, 24.161836219388068 ], [ 74.756262933565452, 24.13891009161669 ], [ 74.778167131340936, 24.121737325793291 ], [ 74.807875751741165, 24.104571356246542 ], [ 74.836003681620468, 24.096000991207454 ], [ 74.859472039644743, 24.060177837579534 ], [ 74.87982115325164, 24.00714197176249 ], [ 74.893913706252576, 23.952664904247239 ], [ 74.884574047101992, 23.9282820758519 ], [ 74.853422363303878, 23.886672632285038 ], [ 74.817609762499586, 23.847919093994321 ], [ 74.817657872176483, 23.813505424539255 ], [ 74.837972390470469, 23.770510697880649 ], [ 74.850516888072633, 23.700261044480257 ], [ 74.856809773206962, 23.641475585238091 ], [ 74.86153806647215, 23.585555923111897 ], [ 74.860287362033887, 23.542217446065344 ], [ 74.844762710178628, 23.517705875933391 ], [ 74.807855432702965, 23.500337639928823 ], [ 74.754760449392933, 23.484728504421202 ], [ 74.720457494308107, 23.470928609391422 ], [ 74.6978436375191, 23.446389526904877 ], [ 74.66813541667284, 23.414064912211167 ], [ 74.655893066055796, 23.39133388082319 ], [ 74.643986855767139, 23.384568598840463 ], [ 74.624225377702516, 23.373336331671258 ], [ 74.584144269156837, 23.35829773634552 ], [ 74.549295280638518, 23.329521879701471 ], [ 74.518336047940466, 23.302542817548176 ], [ 74.517831625016953, 23.27117648929018 ] ], [ [ 72.821092768944723, 27.364415378733725 ], [ 72.802246325803679, 27.370805321435856 ], [ 72.82109357917156, 27.364413424130056 ], [ 73.853965530010996, 24.872697258226776 ], [ 76.219214787900214, 25.650863636896009 ], [ 76.025563165431407, 25.659519375616785 ], [ 75.259785578172739, 26.028869165015912 ], [ 74.810346112775221, 26.386908925718423 ], [ 74.793590248277937, 26.407250973650655 ], [ 74.763900686978005, 26.467841315368386 ], [ 75.645711860515476, 26.246616377457798 ], [ 72.821122451805223, 27.364403632204105 ], [ 72.839937205020462, 27.358022757068699 ], [ 72.821092768944723, 27.364415378733725 ] ], [ [ 76.219214787900214, 25.650863636896009 ], [ 76.264807976560775, 25.663017528749545 ], [ 76.237215235060873, 25.655664082269237 ], [ 76.219214787900214, 25.650863636896009 ] ], [ [ 76.025563165431407, 25.659519375616785 ], [ 76.007824033228189, 25.683406598666224 ], [ 76.000148032455499, 25.693739435941882 ], [ 76.025563165431407, 25.659519375616785 ] ], [ [ 75.645711860515476, 26.246616377457798 ], [ 75.630392902498329, 26.234722493323396 ], [ 75.667111407432117, 26.263224422460723 ], [ 75.645711860515476, 26.246616377457798 ] ], [ [ 73.305485699891804, 24.692247539554057 ], [ 73.302787277643205, 24.704913830912883 ], [ 73.311162389024503, 24.665591474123435 ], [ 73.305485699891804, 24.692247539554057 ] ] ], [ [ [ 75.137334399155534, 25.600697163194667 ], [ 75.135730523865902, 25.580628809165759 ], [ 75.137334132016804, 25.600697311943396 ], [ 75.137334399155534, 25.600697163194667 ] ] ], [ [ [ 72.821092768944723, 27.364415378733725 ], [ 72.821122451805223, 27.364403632204105 ], [ 72.82109357917156, 27.364413424130056 ], [ 72.821092768944723, 27.364415378733725 ] ] ], [ [ [ 74.763900686978005, 26.467841315368386 ], [ 74.683403338318527, 26.488036138810823 ], [ 74.716535784826021, 26.50960651915339 ], [ 74.738095201934883, 26.519356054324241 ], [ 74.757621355778767, 26.480656150160883 ], [ 74.763900686978005, 26.467841315368386 ] ] ], [ [ [ 74.810346112775221, 26.386908925718423 ], [ 74.867312993661869, 26.317749675729655 ], [ 74.934986164185446, 26.185202875987404 ], [ 74.956856796886782, 26.117121601867886 ], [ 74.962845723391297, 26.007820366358214 ], [ 74.974768380875574, 25.891350804999401 ], [ 75.014381843615382, 25.834011469541156 ], [ 75.01635354396312, 25.773086147487177 ], [ 74.980732915759418, 25.758750396085091 ], [ 74.883771089674013, 25.758705276802285 ], [ 74.755137901312352, 25.763921506570778 ], [ 74.730252830667411, 25.759602190742068 ], [ 74.640422766071978, 25.743972386120451 ], [ 74.565206381648167, 25.75272675249601 ], [ 74.456193414422913, 25.793573496620574 ], [ 74.335427516820985, 25.798447356774314 ], [ 74.272242266967837, 25.773059274921483 ], [ 74.242922471061902, 25.715571083214979 ], [ 74.184329020877996, 25.605952967662191 ], [ 74.094346039815875, 25.483578325442277 ], [ 73.971261707187864, 25.332253251462539 ], [ 73.849977674254774, 25.231014981476513 ], [ 73.787067044569611, 25.231467554360634 ], [ 73.759126680097552, 25.2670711686586 ], [ 73.755125145134102, 25.27301005602428 ], [ 73.762509606364233, 25.322047260125412 ], [ 73.796192601322545, 25.371301436249734 ], [ 73.820719031011819, 25.41808614079121 ], [ 73.820370080321396, 25.453918618669356 ], [ 73.828043758650438, 25.476675703107865 ], [ 73.878763135860069, 25.541575781492185 ], [ 73.901938704193398, 25.599087838742893 ], [ 73.92106371802484, 25.669705966249385 ], [ 73.96526668630348, 25.740501806202854 ], [ 74.062060507041707, 25.842690802554309 ], [ 74.122497150234878, 25.881292933493462 ], [ 74.135544702412417, 25.90287245346973 ], [ 74.144427133719958, 25.953094419331329 ], [ 74.153376406045055, 25.994954556330441 ], [ 74.228205693757218, 26.073016021822045 ], [ 74.284801567439885, 26.118698721658291 ], [ 74.301732202572765, 26.164172710018175 ], [ 74.284379066249087, 26.187977333562365 ], [ 74.249904188192232, 26.196163129730035 ], [ 74.208885083090962, 26.192359977592336 ], [ 74.202135189000927, 26.211434273714151 ], [ 74.215087971646057, 26.254506490805106 ], [ 74.246617191011524, 26.295287269235015 ], [ 74.300796511136198, 26.320645442664677 ], [ 74.364462445550458, 26.312580410137514 ], [ 74.406843053731095, 26.318734386497983 ], [ 74.441241008688678, 26.332011930152039 ], [ 74.468936439399101, 26.363173919664188 ], [ 74.499258038927962, 26.403895671582873 ], [ 74.521733183450905, 26.421889825274476 ], [ 74.556234570293441, 26.419612078880874 ], [ 74.593366944467732, 26.423305947353207 ], [ 74.646396697429836, 26.435391835507886 ], [ 74.668877133335485, 26.461724477532005 ], [ 74.683403338318527, 26.488036138810823 ], [ 74.810346112775221, 26.386908925718423 ] ] ], [ [ [ 75.259785578172739, 26.028869165015912 ], [ 75.279068135647108, 26.019441788339485 ], [ 75.32853688271166, 25.979917156582381 ], [ 75.35023261148369, 25.942237309157012 ], [ 75.369872006510548, 25.884848821651051 ], [ 75.395337302961067, 25.798771470599242 ], [ 75.406987735833823, 25.732439174426322 ], [ 75.410796705366266, 25.689422668020875 ], [ 75.419506435212284, 25.627938547601662 ], [ 75.388188101021683, 25.603591511122648 ], [ 75.353852915714668, 25.576202128221674 ], [ 75.353791508907037, 25.575502507601382 ], [ 75.298006926366455, 25.577341958003291 ], [ 75.185380462325327, 25.573944056910129 ], [ 75.137334399155534, 25.600697163194667 ], [ 75.138938292238748, 25.620765739864254 ], [ 75.118438963167065, 25.678126210263876 ], [ 75.111141581467734, 25.762151951503299 ], [ 75.143860992702656, 25.769850237959794 ], [ 75.162890632768125, 25.79276671067689 ], [ 75.169283698730496, 25.834331671585112 ], [ 75.174107225900869, 25.883065553000197 ], [ 75.196347542244951, 25.916007843181216 ], [ 75.218629391381143, 25.96471490327357 ], [ 75.239320043410913, 26.001952887453875 ], [ 75.259785578172739, 26.028869165015912 ] ] ] ] } },
{ "type": "Feature", "properties": { "state_name": "Rann of Kutch", "id": 28 }, "geometry": { "type": "Polygon", "coordinates": [ [ [ 71.603759056338291, 23.140616716789193 ], [ 71.515753510236749, 23.130100846403302 ], [ 71.458570293116921, 23.184678619423664 ], [ 71.406124445211319, 23.176328149019319 ], [ 71.367927426286883, 23.156834171305867 ], [ 71.326725648290832, 23.134397939793949 ], [ 71.30478744091414, 23.143908395379601 ], [ 71.287252171043946, 23.162111036432414 ], [ 71.252845734505712, 23.174182381183229 ], [ 71.219198840959848, 23.159058361331283 ], [ 71.10624037444957, 23.156303204482175 ], [ 70.895475028021721, 23.112295673351731 ], [ 70.799763598118986, 23.064825369308949 ], [ 70.789185858824979, 23.082302815507756 ], [ 70.746252768194807, 23.133968300148933 ], [ 70.750097171599094, 23.14337377924706 ], [ 70.756310228858368, 23.158571929882388 ], [ 70.743296752759917, 23.164433319560793 ], [ 70.744216678905389, 23.165393602063798 ], [ 70.745060051742485, 23.166273957928219 ], [ 70.749616520074426, 23.171029985960043 ], [ 70.749846937289831, 23.188211709353016 ], [ 70.747914960620591, 23.200325377148936 ], [ 70.730624367247856, 23.20844386569966 ], [ 70.727421658227939, 23.208864998820918 ], [ 70.7883361652286, 23.249208226247081 ], [ 70.886554973414874, 23.346291601458596 ], [ 70.961106726571018, 23.375912135723897 ], [ 71.063782631738263, 23.434845713295008 ], [ 71.077949126518277, 23.515376236199593 ], [ 71.050838951969538, 23.55668449798241 ], [ 71.013015728565364, 23.609163573407155 ], [ 71.015102524071935, 23.676978611268968 ], [ 71.033361846648305, 23.724213409750835 ], [ 71.058424838558494, 23.752533128739827 ], [ 71.095183456439415, 23.771602155766708 ], [ 71.113126895625101, 23.795916803443841 ], [ 71.120879926214187, 23.814246869449814 ], [ 71.003630703462051, 23.815066254743623 ], [ 70.907559148105875, 23.835445768854292 ], [ 70.864183058367971, 23.861959274660073 ], [ 70.812741410895953, 23.880605124861845 ], [ 70.745291261939215, 23.880660296407918 ], [ 70.659824161481595, 23.861096043436067 ], [ 70.624223751305763, 23.840051634104171 ], [ 70.648821500870767, 23.817851720905658 ], [ 70.674731265689516, 23.787096811880712 ], [ 70.686787308264599, 23.767398520218368 ], [ 70.687668202809391, 23.740708081939527 ], [ 70.677348443735923, 23.707979832644661 ], [ 70.624328405642046, 23.651151508997295 ], [ 70.501032016307207, 23.592286466607177 ], [ 70.439045101915625, 23.558996308562776 ], [ 70.384326257107972, 23.525901196013713 ], [ 70.345797116544617, 23.503767525878839 ], [ 70.310157879850806, 23.458822163959059 ], [ 70.349909802991831, 23.386570289599202 ], [ 70.356668947493958, 23.37055642458418 ], [ 70.353438413163758, 23.344706874305672 ], [ 70.329340313403691, 23.324912178765846 ], [ 70.28583999168309, 23.328375418150941 ], [ 70.245366905979608, 23.355523064637779 ], [ 70.223343409668828, 23.386323354972678 ], [ 70.211373616422406, 23.417428339578137 ], [ 70.209154420391613, 23.435957125807622 ], [ 70.197280923320946, 23.442744061390339 ], [ 70.177252194330265, 23.439264067611685 ], [ 70.166880685733588, 23.426068255202011 ], [ 70.126726797624698, 23.46415393228698 ], [ 70.093455406367099, 23.462393163937612 ], [ 70.088337621132638, 23.495845147202541 ], [ 70.0890637905228, 23.518038655941435 ], [ 70.084685245130373, 23.531488496151393 ], [ 70.061630201531187, 23.546490356504268 ], [ 70.025936795311779, 23.546780594243501 ], [ 70.00073894206804, 23.556697505019226 ], [ 70.014331401714614, 23.627932095686994 ], [ 70.029899103818295, 23.667765124439857 ], [ 70.032964452697314, 23.689317686786982 ], [ 70.025441430004278, 23.703378145779507 ], [ 70.002194652860382, 23.742673544933663 ], [ 69.994335762919974, 23.765301940079436 ], [ 70.002324776982391, 23.779863467282489 ], [ 70.024736091306934, 23.803473117196255 ], [ 70.027022949169506, 23.825000833528222 ], [ 70.024841994704033, 23.841378163415126 ], [ 70.002806131684039, 23.868552563767285 ], [ 69.988165302946939, 23.885237789681042 ], [ 69.928970778702563, 23.887583868472426 ], [ 69.912793722900219, 23.90349441715232 ], [ 69.865528233772409, 23.899059565454927 ], [ 69.837105684970524, 23.890240816620864 ], [ 69.817897968543079, 23.903892705205973 ], [ 69.794427906021227, 23.907387622181734 ], [ 69.760087517127715, 23.891204689212664 ], [ 69.737141447856004, 23.881840425355549 ], [ 69.708474169573861, 23.8794248943505 ], [ 69.688890839104289, 23.883037661909707 ], [ 69.648268424428778, 23.906645619441999 ], [ 69.614255294458928, 23.901880644983699 ], [ 69.581828622799833, 23.896449665915039 ], [ 69.545022931826864, 23.86584004949491 ], [ 69.516701808854876, 23.855539543920639 ], [ 69.468470917072452, 23.820219138650703 ], [ 69.438603369016363, 23.791984057332044 ], [ 69.381676881113805, 23.761330908152214 ], [ 69.26787545420656, 23.718552492635588 ], [ 69.242810275091941, 23.706186519109984 ], [ 69.226094352433108, 23.680554490526013 ], [ 69.212261192627821, 23.660031035732214 ], [ 69.195398100829664, 23.637964320775769 ], [ 69.175870057329888, 23.623655241039891 ], [ 69.147451153267625, 23.61758132273885 ], [ 69.106535424738951, 23.64817504605503 ], [ 69.025365725071282, 23.693631001737764 ], [ 68.960113893397022, 23.712517709005738 ], [ 68.92235037944404, 23.723889535413271 ], [ 68.856001354071509, 23.749110765513848 ], [ 68.795895848660095, 23.7731224430994 ], [ 68.769224283138371, 23.779185274122444 ], [ 68.68305184967231, 23.732115554587146 ], [ 68.616291083771657, 23.685812247627467 ], [ 68.553767248210391, 23.664650563105653 ], [ 68.487125573737316, 23.633299597527483 ], [ 68.444042358719031, 23.615827176352688 ], [ 68.443274326829851, 23.617523097551757 ], [ 68.446069725612816, 23.637794432441119 ], [ 68.457097486405829, 23.656660040932898 ], [ 68.471804517396308, 23.668260695676686 ], [ 68.539271085420651, 23.701440176916698 ], [ 68.604163756822373, 23.721994970581264 ], [ 68.652725487987652, 23.746612912185096 ], [ 68.670395026674939, 23.768760326059159 ], [ 68.671986519918576, 23.770541756722434 ], [ 68.707082517287802, 23.795096200296779 ], [ 68.733290537363942, 23.805253056972045 ], [ 68.754248976221689, 23.813247121289471 ], [ 68.774260713160643, 23.814059428952234 ], [ 68.78833199283396, 23.817246254680839 ], [ 68.790258029977053, 23.817682351157806 ], [ 68.799630384170058, 23.824607003123162 ], [ 68.799608599534494, 23.825063641968171 ], [ 68.799261951321085, 23.832328367039675 ], [ 68.791031286617084, 23.842112259818702 ], [ 68.789812753161058, 23.843069760174053 ], [ 68.796718821943983, 23.856175166327684 ], [ 68.780619030495913, 23.867398073373408 ], [ 68.726595709437476, 23.86171516258776 ], [ 68.656450696238807, 23.842280992198358 ], [ 68.64059690610631, 23.825695932849946 ], [ 68.637901249745369, 23.825131923451178 ], [ 68.610245714684083, 23.802416846969276 ], [ 68.58369964635348, 23.789114387857087 ], [ 68.513727762154829, 23.760449262828114 ], [ 68.478176210556271, 23.741394707569 ], [ 68.471557828484023, 23.737846089230938 ], [ 68.448207732682249, 23.726742113987886 ], [ 68.438638237123854, 23.711464397145459 ], [ 68.422820400254508, 23.693816412994938 ], [ 68.421148226086785, 23.692408728654311 ], [ 68.418815044429394, 23.689698762497265 ], [ 68.401175752462038, 23.672987999092587 ], [ 68.39053958166825, 23.656847476832688 ], [ 68.372331414983833, 23.635683272076509 ], [ 68.368815025762686, 23.634518798756549 ], [ 68.325787106348059, 23.625960982956808 ], [ 68.263769710469006, 23.624954191059324 ], [ 68.262484003203681, 23.625313901956201 ], [ 68.218848122403045, 23.637514109198399 ], [ 68.214520384330669, 23.638723249299886 ], [ 68.21190181425537, 23.651049068554627 ], [ 68.233661216345652, 23.678705509649195 ], [ 68.249868382715277, 23.703972852557548 ], [ 68.257981079430536, 23.712728961612079 ], [ 68.259564089680012, 23.714437365021933 ], [ 68.264494404217288, 23.726767572075936 ], [ 68.270423611183688, 23.736006215640728 ], [ 68.274776376972667, 23.742787760028502 ], [ 68.274113474076088, 23.749494440192986 ], [ 68.270399960283044, 23.787034336193834 ], [ 68.268166599124868, 23.790011940679975 ], [ 68.253630278356127, 23.809387298647952 ], [ 68.242765343549308, 23.830227766363581 ], [ 68.242931342157064, 23.837597733332547 ], [ 68.243326100362751, 23.855140628876235 ], [ 68.250655804953951, 23.878107905817856 ], [ 68.25363032131294, 23.882352897548085 ], [ 68.26763137060054, 23.902330520307562 ], [ 68.317042973901863, 23.927791847116008 ], [ 68.449053759687146, 23.940675813668392 ], [ 68.616439167158788, 23.941274219340357 ], [ 68.744177179066583, 23.941606969462157 ], [ 68.774850125182681, 23.949999002177627 ], [ 68.793184896193395, 23.975726170803124 ], [ 68.797057502938401, 23.981158887239552 ], [ 68.801057054345378, 23.986769217490867 ], [ 68.800886799611845, 23.998893795117077 ], [ 68.800646672972164, 24.015956977332657 ], [ 68.799766629121336, 24.078123987350139 ], [ 68.800411431659256, 24.109844924217509 ], [ 68.802976148629611, 24.236789912905905 ], [ 68.809917789716138, 24.254212634888276 ], [ 68.834416798562017, 24.267340270087761 ], [ 68.83876876935085, 24.269671613884494 ], [ 68.85998096744386, 24.268378684311376 ], [ 68.866896951007973, 24.267956479098082 ], [ 68.910531488086093, 24.202580198248459 ], [ 68.930200704256038, 24.181940892996309 ], [ 68.951622615609921, 24.189937997545858 ], [ 68.97291324953089, 24.200784345031636 ], [ 69.007799225778115, 24.220737300568388 ], [ 69.040246578653523, 24.220747373528745 ], [ 69.058906775871051, 24.221479177310755 ], [ 69.082746068752371, 24.228125715211007 ], [ 69.103049250380053, 24.243918437645007 ], [ 69.136646891448109, 24.258795232473087 ], [ 69.172527664149058, 24.258035666934855 ], [ 69.20672445467585, 24.242913560770802 ], [ 69.22043313703287, 24.232719303895792 ], [ 69.254041104277988, 24.230423367933625 ], [ 69.29436338908495, 24.234803263155566 ], [ 69.321956873290759, 24.245127943690168 ], [ 69.351112034676106, 24.255506385312163 ], [ 69.376507802252846, 24.262881951305253 ], [ 69.417817379937105, 24.26297943700644 ], [ 69.474166947904493, 24.259457179241334 ], [ 69.482696011890354, 24.25892217547338 ], [ 69.487405695317818, 24.258510967230897 ], [ 69.506186045129596, 24.25686971639152 ], [ 69.557817421329261, 24.252345064170605 ], [ 69.610841142256618, 24.252093914823391 ], [ 69.648793068803286, 24.240123336381902 ], [ 69.654815741348528, 24.233759678816625 ], [ 69.682329141100382, 24.201717342074371 ], [ 69.706021548958731, 24.179614287451187 ], [ 69.710498034261406, 24.174877378759462 ], [ 69.711830007212697, 24.174193513951071 ], [ 69.715565300014163, 24.170707124485112 ], [ 69.749504708326427, 24.141141402230932 ], [ 69.792183073774041, 24.126163696304442 ], [ 69.833615790658641, 24.122569933759632 ], [ 69.850820514626108, 24.126338348452997 ], [ 69.883814809950366, 24.133559379539101 ], [ 69.911840914000976, 24.134498360280098 ], [ 70.019217331174488, 24.138048138062739 ], [ 70.096311999307346, 24.159859691967608 ], [ 70.111292665499889, 24.166160737964429 ], [ 70.132914317671307, 24.175251600043239 ], [ 70.133138067314874, 24.175345654595123 ], [ 70.141052242125213, 24.192763437091021 ], [ 70.143217632023195, 24.217864654642138 ], [ 70.143680353612623, 24.223757245502348 ], [ 70.144794088504412, 24.237940682616212 ], [ 70.154995417076094, 24.256861955490571 ], [ 70.17930762877117, 24.274086409500104 ], [ 70.239187204258357, 24.300296807784548 ], [ 70.27074989781903, 24.312014276975926 ], [ 70.329014440483888, 24.319544360673675 ], [ 70.379471342279601, 24.331455000468335 ], [ 70.433517465610691, 24.344192528539537 ], [ 70.47666451603925, 24.360511794463005 ], [ 70.533215358486629, 24.373639085315048 ], [ 70.56208519472834, 24.375508244391899 ], [ 70.556462319971132, 24.342689623350648 ], [ 70.557838070890369, 24.336487201313222 ], [ 70.565152266408859, 24.303497403576884 ], [ 70.590953839111052, 24.264457382949868 ], [ 70.5923015224529, 24.262417320867076 ], [ 70.666491910813534, 24.223530119933489 ], [ 70.671214943243157, 24.222175024924951 ], [ 70.692730555663772, 24.207245678341813 ], [ 70.728402829499913, 24.190362206881982 ], [ 70.761279256873706, 24.186988033223876 ], [ 70.816009465559333, 24.19296735850509 ], [ 70.822690159262606, 24.193695864263166 ], [ 70.897043575876651, 24.210748765913447 ], [ 70.935004606635985, 24.243975384770078 ], [ 70.951831235052765, 24.279495099044368 ], [ 70.972262500600067, 24.300079271109176 ], [ 71.007039762363362, 24.311735167699563 ], [ 71.062543907403452, 24.335376101184252 ], [ 71.130498401197642, 24.361464792901447 ], [ 71.147911832496519, 24.375098930853788 ], [ 71.150344392082275, 24.377003181334626 ], [ 71.159890401012163, 24.397289112982435 ], [ 71.150842879417169, 24.41209152646444 ], [ 71.104273473454782, 24.426646200509804 ], [ 71.054704080048666, 24.436812368720823 ], [ 71.028745458047425, 24.441858143968592 ], [ 71.011130765105463, 24.454993110877776 ], [ 71.006407414508615, 24.47377155813561 ], [ 71.005765361253111, 24.476323561296226 ], [ 71.00681322713038, 24.509735568356493 ], [ 71.00693353032004, 24.513573146501233 ], [ 71.016972633760929, 24.542468749171611 ], [ 71.034948242757281, 24.567994717435472 ], [ 71.088243231085414, 24.615915956957725 ], [ 71.123216215452317, 24.642331625376691 ], [ 71.124368272042005, 24.643201488869892 ], [ 71.133388893929478, 24.650011864180062 ], [ 71.133319922562805, 24.652247834987136 ], [ 71.23806038228787, 24.603910337401906 ], [ 71.384018213644097, 24.556780556369457 ], [ 71.385688095471963, 24.498536194071612 ], [ 71.418693675823036, 24.438227596711798 ], [ 71.463685590537708, 24.395373044774846 ], [ 71.461219603536534, 24.33421692873188 ], [ 71.467869812756717, 24.244632731492036 ], [ 71.483539217634728, 24.204899139066793 ], [ 71.485370493864025, 24.138112808323104 ], [ 71.468229174226991, 24.080435471717085 ], [ 71.485480895808109, 24.078015812507843 ], [ 71.475038755295344, 24.059589457657843 ], [ 71.463564548001528, 24.023046203182108 ], [ 71.449442206737928, 24.007444272838029 ], [ 71.390112324063637, 23.973599015451057 ], [ 71.351842418990344, 23.930689613432254 ], [ 71.336260476344648, 23.894043224154103 ], [ 71.304198857978847, 23.853182548633157 ], [ 71.230905386856861, 23.803677255353797 ], [ 71.178896474072062, 23.737489838862711 ], [ 71.184652501674265, 23.682270488044249 ], [ 71.186369778444046, 23.623132760361592 ], [ 71.203923815452669, 23.589200585763237 ], [ 71.24750284924994, 23.586442643954033 ], [ 71.30025310121502, 23.625893813100529 ], [ 71.356165735220088, 23.627218756762481 ], [ 71.416951885994266, 23.601904989208041 ], [ 71.463071123223244, 23.581959747508375 ], [ 71.488780378906199, 23.550082269360388 ], [ 71.526844058695744, 23.520385186442638 ], [ 71.562078049110411, 23.519258540449158 ], [ 71.618107826696288, 23.514758066688593 ], [ 71.62750511662054, 23.471039235953814 ], [ 71.632332300764872, 23.362290286099533 ], [ 71.653964410742304, 23.32455983141783 ], [ 71.68154532591943, 23.296500158480949 ], [ 71.71963217987863, 23.261015187276325 ], [ 71.732540515240103, 23.240276060605709 ], [ 71.732472506761511, 23.158149916407432 ], [ 71.738258552668938, 23.142183292457553 ], [ 71.691996106143819, 23.142495105420529 ], [ 71.603759056338291, 23.140616716789193 ] ] ] } },
{ "type": "Feature", "properties": { "state_name": "Sikkim", "id": 29 }, "geometry": { "type": "Polygon", "coordinates": [ [ [ 88.153826576818446, 27.824560999977944 ], [ 88.157620257674637, 27.848898223026211 ], [ 88.173533084455798, 27.848706761188495 ], [ 88.170802605457993, 27.86032033611604 ], [ 88.173230312164833, 27.878998041943078 ], [ 88.169183031064108, 27.904926429172118 ], [ 88.169326034430853, 27.930447947772276 ], [ 88.178713469880634, 27.942856828316494 ], [ 88.1859864061351, 27.952467355085027 ], [ 88.215015699642535, 27.977669923244367 ], [ 88.239555121290579, 27.982307453223335 ], [ 88.394768997628688, 28.011516171383285 ], [ 88.414464438331777, 28.019884122082129 ], [ 88.417807639615617, 28.021304049652137 ], [ 88.430593073395343, 28.021914890327725 ], [ 88.471803518492337, 28.036694344983196 ], [ 88.500997400523701, 28.056589962143107 ], [ 88.514691700967361, 28.062390014106587 ], [ 88.527704469508194, 28.068183739169552 ], [ 88.612363547456056, 28.105822237137204 ], [ 88.643776841016518, 28.10275770264418 ], [ 88.690015030152409, 28.085013479077446 ], [ 88.780658971120175, 28.023241660392149 ], [ 88.808025940294456, 27.935635232101827 ], [ 88.840328464045356, 27.809885164558239 ], [ 88.796123208231862, 27.695477192362119 ], [ 88.73061989980431, 27.549217415570169 ], [ 88.734978895937232, 27.529507243843927 ], [ 88.744662490256289, 27.485721624134879 ], [ 88.769653189960138, 27.44002343351297 ], [ 88.792334033279019, 27.414203048269734 ], [ 88.794204634089127, 27.411118225026083 ], [ 88.797018369588429, 27.408868865387948 ], [ 88.820186867280171, 27.382479013787165 ], [ 88.851251897813341, 27.336230151416693 ], [ 88.852260636030209, 27.332277597717702 ], [ 88.858734526413173, 27.306910270976331 ], [ 88.8157973702356, 27.280248865876928 ], [ 88.81086191582294, 27.261955408111866 ], [ 88.801583452081644, 27.23000538345029 ], [ 88.802719579749123, 27.220524810988941 ], [ 88.735521869569212, 27.200804112110259 ], [ 88.669486188725855, 27.197989085718081 ], [ 88.605450657622981, 27.211390367491735 ], [ 88.575150898769152, 27.221436045235151 ], [ 88.545702245814198, 27.238442960670689 ], [ 88.508446921982639, 27.256213697598739 ], [ 88.472919116075147, 27.266755320435365 ], [ 88.403623962650627, 27.259429454402039 ], [ 88.375641721157606, 27.245698059853503 ], [ 88.316812136541088, 27.216137857810207 ], [ 88.263688758171881, 27.211862996285479 ], [ 88.219759632053865, 27.218442490185002 ], [ 88.187619505802957, 27.235640043886413 ], [ 88.129720038961878, 27.257647043257101 ], [ 88.059434472683719, 27.264340796006653 ], [ 87.945727583389598, 27.217490054709703 ], [ 87.952967561961785, 27.278942151887872 ], [ 87.986452495517511, 27.330382723935845 ], [ 87.991851909112967, 27.358113318294574 ], [ 88.008803442294109, 27.482653038337645 ], [ 88.067418987715683, 27.601321487204604 ], [ 88.120442679498836, 27.707301750750567 ], [ 88.133254268709678, 27.777604857944294 ], [ 88.153826576818446, 27.824560999977944 ] ] ] } },
{ "type": "Feature", "properties": { "state_name": "Singhpos", "id": 30 }, "geometry": { "type": "Polygon", "coordinates": [ [ [ 95.230165925308313, 26.729200579217412 ], [ 95.224510520528156, 26.781853372977519 ], [ 95.206054461206037, 26.858878810538755 ], [ 95.176976054460766, 26.951330875651848 ], [ 95.195810257300934, 27.083298828626837 ], [ 95.178621356455039, 27.115257527342429 ], [ 95.140248183716977, 27.186016822713075 ], [ 95.197898574059465, 27.228169476338131 ], [ 95.238724170636189, 27.260041442379357 ], [ 95.292989189038323, 27.27084557358755 ], [ 95.365765550766454, 27.287444700162549 ], [ 95.48952434231434, 27.287555099009161 ], [ 95.540655525848621, 27.302161902356566 ], [ 95.635460362020837, 27.382509310019341 ], [ 95.664589025963764, 27.422883947609272 ], [ 95.683616566289928, 27.451005062284402 ], [ 95.682890097075514, 27.477013972610759 ], [ 95.681538516876515, 27.539379956263527 ], [ 95.680539121608334, 27.603425651148779 ], [ 95.676152937613111, 27.6487552624105 ], [ 95.679322457278289, 27.643258042433274 ], [ 95.69859999195279, 27.622979984759294 ], [ 95.76867877848197, 27.578644547872361 ], [ 95.796912261141301, 27.558112094177211 ], [ 95.841328252957453, 27.547693322338542 ], [ 95.919671647380454, 27.56527244204678 ], [ 96.034450012038903, 27.623002412352964 ], [ 96.124135720584647, 27.658149125154399 ], [ 96.185508070519873, 27.655224066132877 ], [ 96.230507617979484, 27.648003546891132 ], [ 96.279238227983214, 27.640166777111542 ], [ 96.308990408830681, 27.634224332541351 ], [ 96.33612826252488, 27.621805606490156 ], [ 96.434839602835311, 27.524320920501669 ], [ 96.475975287981484, 27.467155595872864 ], [ 96.518137316734993, 27.393365802688518 ], [ 96.445308251362974, 27.374231903960986 ], [ 96.256703759758196, 27.324301820587319 ], [ 96.107665618659837, 27.280012017095849 ], [ 96.059342170184863, 27.245558607503604 ], [ 95.992786152393691, 27.198015147284472 ], [ 95.926789400223456, 27.136344525521928 ], [ 95.880923684697194, 27.093396514696739 ], [ 95.809976441473694, 27.046445779991569 ], [ 95.718139550425548, 26.997707056368757 ], [ 95.638745744141715, 26.940597918965331 ], [ 95.554581313172037, 26.879838438730701 ], [ 95.413623834761225, 26.773613545701497 ], [ 95.365138085228594, 26.736960210436983 ], [ 95.301030812075794, 26.708044407427959 ], [ 95.284269129994371, 26.7061724864441 ], [ 95.246279584506638, 26.708697642983751 ], [ 95.228928664478502, 26.706476471382416 ], [ 95.230165925308313, 26.729200579217412 ] ] ] } },
{ "type": "Feature", "properties": { "state_name": "United Province of Agra and Oudh", "id": 31 }, "geometry": { "type": "MultiPolygon", "coordinates": [ [ [ [ 79.191167417595992, 25.288851445310819 ], [ 79.182651402420163, 25.231845755422935 ], [ 79.180894914656847, 25.199693519435357 ], [ 79.180161625548905, 25.178246211854884 ], [ 79.192337069923852, 25.151066334877957 ], [ 79.207207160905753, 25.126194646237131 ], [ 79.216490501442337, 25.110426044516966 ], [ 79.200361213950131, 25.079279200977052 ], [ 79.190938969585019, 25.071793691493415 ], [ 79.174100453848851, 25.057956725157695 ], [ 79.170204218961317, 25.039579668680222 ], [ 79.169222698722848, 25.029755114662073 ], [ 79.149193513923635, 25.027973407783655 ], [ 79.108467235137937, 25.031492160914073 ], [ 79.085335068464744, 25.044535750323426 ], [ 79.062449550838778, 25.065203304376823 ], [ 79.036540889024536, 25.089767444194525 ], [ 79.014342878915613, 25.099913378057785 ], [ 78.994277917978494, 25.095207375577111 ], [ 78.987902753074835, 25.092516298238067 ], [ 78.979263953237165, 25.084637112712816 ], [ 78.960034152333265, 25.073223458927512 ], [ 78.946748830446893, 25.067374749104083 ], [ 78.93663565367811, 25.062394855232931 ], [ 78.919931630119308, 25.064268961914109 ], [ 78.912755154204618, 25.069230275184729 ], [ 78.908453228266367, 25.082227482751108 ], [ 78.913318060969985, 25.119795670164457 ], [ 78.918427150230698, 25.132066904670957 ], [ 78.928943313451683, 25.149443134490763 ], [ 78.929539874099561, 25.168036682927298 ], [ 78.930397511584374, 25.194735006610024 ], [ 78.925693554182018, 25.211560852587166 ], [ 78.916688438183328, 25.225160719611182 ], [ 78.877635338936088, 25.234304174754865 ], [ 78.850422076749354, 25.236448498024831 ], [ 78.828584188555425, 25.242743228039547 ], [ 78.80738700294431, 25.252836007793196 ], [ 78.796732699129322, 25.26456371552872 ], [ 78.789282268494134, 25.278117315609958 ], [ 78.788272634815385, 25.296277267882729 ], [ 78.794112464225776, 25.31521524597883 ], [ 78.813640608275733, 25.335230204780949 ], [ 78.867488216969548, 25.344322408032443 ], [ 78.916989954137364, 25.348738262389805 ], [ 78.949008829653849, 25.348358999006024 ], [ 78.96805126333274, 25.352617788580918 ], [ 78.987329655256957, 25.364024609906096 ], [ 78.997307962522811, 25.379976045435111 ], [ 79.003520962170626, 25.393166471650673 ], [ 79.015856644390396, 25.416685843117683 ], [ 79.026176136069665, 25.458389558454385 ], [ 79.026254973912671, 25.476517878645403 ], [ 79.022084780650161, 25.493331595026159 ], [ 79.016179044038594, 25.505421710678828 ], [ 79.007487075678682, 25.512816784068161 ], [ 78.996455463550859, 25.513118442903007 ], [ 78.993208774134104, 25.510344292347618 ], [ 78.984457145314025, 25.500085891507165 ], [ 78.933438636587084, 25.483333722188974 ], [ 78.916229616789664, 25.487612081821293 ], [ 78.903978141259003, 25.498913872779475 ], [ 78.898430841255461, 25.506219126219541 ], [ 78.887288172836918, 25.519398945884209 ], [ 78.878294667775421, 25.517728889275229 ], [ 78.870739760590936, 25.511725656322049 ], [ 78.86530236175696, 25.506143243229477 ], [ 78.85334798052854, 25.494051716159859 ], [ 78.840870752773242, 25.481972690427614 ], [ 78.817742901627724, 25.482100033794474 ], [ 78.800107808289084, 25.489716519594783 ], [ 78.789315199873414, 25.497631368938325 ], [ 78.782769380089519, 25.506867487969391 ], [ 78.777288496224955, 25.516553120861978 ], [ 78.771102187385296, 25.520530307261811 ], [ 78.759571022210352, 25.52178141334846 ], [ 78.754841464644656, 25.52190283944768 ], [ 78.750652231265448, 25.522487480457183 ], [ 78.743627942980964, 25.516463515062981 ], [ 78.737041136335392, 25.507564659659995 ], [ 78.732527525041775, 25.497658144565886 ], [ 78.731034319241445, 25.483379512479029 ], [ 78.724740510966996, 25.466836769240949 ], [ 78.71484543818525, 25.45277100492974 ], [ 78.707871121179764, 25.448175205836023 ], [ 78.701524703585235, 25.446903822894971 ], [ 78.672228022659283, 25.451458267355701 ], [ 78.654966633590973, 25.454275758093047 ], [ 78.636128285469582, 25.457130389483634 ], [ 78.63087529647936, 25.457260563944036 ], [ 78.616024047780698, 25.452854944338636 ], [ 78.609081335257613, 25.449207852514764 ], [ 78.603161123711502, 25.444580743802042 ], [ 78.598277659066071, 25.439450659558197 ], [ 78.59391983953941, 25.434307500399044 ], [ 78.585716403286426, 25.423530904523542 ], [ 78.581899004303523, 25.418851360412969 ], [ 78.571100298125458, 25.409091598404949 ], [ 78.558868152628392, 25.404138465981148 ], [ 78.547742955225885, 25.401066641165528 ], [ 78.52983359708611, 25.399588995979016 ], [ 78.515655526920753, 25.39992905185062 ], [ 78.479161350036037, 25.391729160169355 ], [ 78.470595791240825, 25.386203998171219 ], [ 78.460899188190595, 25.377841007354448 ], [ 78.455309017516186, 25.366039564680779 ], [ 78.451914807880925, 25.35752752808942 ], [ 78.453935864007732, 25.29924689340681 ], [ 78.453205521327348, 25.273488568296223 ], [ 78.455609652981551, 25.247179442829989 ], [ 78.465865586379891, 25.220208861624876 ], [ 78.472312492566402, 25.188554234223346 ], [ 78.481228468820333, 25.151590907714922 ], [ 78.489711451556332, 25.117978806419639 ], [ 78.50023167707046, 25.082409148925798 ], [ 78.504483358360361, 25.06607997195092 ], [ 78.508380846183513, 25.037348930942692 ], [ 78.514452700663114, 25.011430328654281 ], [ 78.522343998059881, 24.939169107983179 ], [ 78.529687860105852, 24.921334569248806 ], [ 78.534068810516743, 24.909775186832047 ], [ 78.545715946696092, 24.896133786296776 ], [ 78.559216684255219, 24.892470827743605 ], [ 78.567514859671519, 24.889885921719621 ], [ 78.583174478979871, 24.888555694750263 ], [ 78.614464249213782, 24.884936511294164 ], [ 78.628978710828036, 24.880288341856712 ], [ 78.638249837099892, 24.875289602158993 ], [ 78.653965369426089, 24.858200762236592 ], [ 78.658431092259789, 24.849977694194227 ], [ 78.661258067678361, 24.839408392191896 ], [ 78.663281132209804, 24.81931337353101 ], [ 78.663340378367309, 24.803561956469849 ], [ 78.663470009226629, 24.790195158465504 ], [ 78.668802243081686, 24.740428147184225 ], [ 78.667677827601366, 24.719932953294713 ], [ 78.65947454355981, 24.689587861036912 ], [ 78.652090024314219, 24.669244860286206 ], [ 78.646384858974145, 24.65267872687123 ], [ 78.641614349292155, 24.632271266539565 ], [ 78.638096505568228, 24.618992475633242 ], [ 78.640936545571961, 24.608900655658307 ], [ 78.647455467585274, 24.59967417468366 ], [ 78.659175691825226, 24.589843731915646 ], [ 78.665393214001739, 24.58826047193698 ], [ 78.689624145704542, 24.595781522197946 ], [ 78.70710443830221, 24.604419543404887 ], [ 78.715690398865959, 24.612320968822015 ], [ 78.732638656151494, 24.620491513866401 ], [ 78.746894933297867, 24.625863612574868 ], [ 78.755820906413803, 24.627549668625829 ], [ 78.77515239637907, 24.628019493855028 ], [ 78.791209504445433, 24.623797164154695 ], [ 78.797760325912549, 24.615995985668235 ], [ 78.802615656854513, 24.603942438702958 ], [ 78.804920309267132, 24.593862301263293 ], [ 78.808807315790474, 24.549858845696484 ], [ 78.80364003485407, 24.534240853525269 ], [ 78.798909346659329, 24.515748130451442 ], [ 78.795093704441584, 24.49293694378397 ], [ 78.79580633200446, 24.481942572630082 ], [ 78.811481044611952, 24.456477788114523 ], [ 78.807248692022441, 24.452811458639115 ], [ 78.806890038263319, 24.440889659694935 ], [ 78.830005701876445, 24.429567686491396 ], [ 78.856047321049729, 24.428905295586077 ], [ 78.892265920349303, 24.420222035038183 ], [ 78.917210626030467, 24.4052616916766 ], [ 78.941686278980043, 24.375397956508213 ], [ 78.942525077622179, 24.360464050211036 ], [ 78.930187336414988, 24.34050422689192 ], [ 78.921381407062285, 24.329399055963982 ], [ 78.919529817043099, 24.311552106260642 ], [ 78.915032776799876, 24.271106398865214 ], [ 78.914192032246689, 24.243689067595934 ], [ 78.913553174594455, 24.222827970165994 ], [ 78.905353540661039, 24.209915679670498 ], [ 78.897155696007914, 24.197002718560697 ], [ 78.890403979378618, 24.18882429655601 ], [ 78.871307960462616, 24.180959887348713 ], [ 78.864142665212427, 24.18054539946132 ], [ 78.834288936028855, 24.182493291956508 ], [ 78.808545045412103, 24.191491251834574 ], [ 78.794986310235302, 24.194812733269043 ], [ 78.756149806776151, 24.201145432623029 ], [ 78.745872774430964, 24.205574849195408 ], [ 78.728583868678854, 24.214948371432573 ], [ 78.713363711530974, 24.228445809994668 ], [ 78.703238177397182, 24.23823836309997 ], [ 78.691810642844374, 24.248062020156372 ], [ 78.651682912355596, 24.255594535304667 ], [ 78.635561144382066, 24.26075423271157 ], [ 78.61200465359569, 24.279215357661489 ], [ 78.595429094991246, 24.291541716642271 ], [ 78.587840992435801, 24.299477717167047 ], [ 78.575080514561975, 24.308728722138536 ], [ 78.535706091104117, 24.320988389120647 ], [ 78.513663842311743, 24.324484179646522 ], [ 78.494206701647741, 24.327320608871212 ], [ 78.445429456137177, 24.32963045008697 ], [ 78.432557726801321, 24.335292853588943 ], [ 78.42427309686073, 24.342044103715168 ], [ 78.3955236622201, 24.362979680111991 ], [ 78.367320725833352, 24.38031799380181 ], [ 78.319014644566138, 24.401674553924664 ], [ 78.29254424664208, 24.411204473767388 ], [ 78.230210885108193, 24.420306966041434 ], [ 78.172026738946954, 24.427066158014465 ], [ 78.164818817171962, 24.485009419887678 ], [ 78.154442631121185, 24.570809349275997 ], [ 78.137189125134128, 24.663914596550281 ], [ 78.128181979262564, 24.742523547753258 ], [ 78.129109539771164, 24.795142544253807 ], [ 78.126378442067789, 24.842586009985851 ], [ 78.144502099564463, 24.897110604141549 ], [ 78.180181816478239, 24.941231486642128 ], [ 78.225734732829793, 24.981308474178579 ], [ 78.253936464724447, 25.017930993336236 ], [ 78.279597962727209, 25.076562665165895 ], [ 78.298000794187445, 25.137259051608684 ], [ 78.300118526426047, 25.196406511714038 ], [ 78.294140714518704, 25.247141739855024 ], [ 78.284368442098824, 25.274092720733552 ], [ 78.252929213644592, 25.354990330939639 ], [ 78.227737222781101, 25.41521889519267 ], [ 78.238831105296441, 25.436934266754811 ], [ 78.263250396851348, 25.484608142934174 ], [ 78.297224410809008, 25.515353642522939 ], [ 78.339024189637954, 25.54304730977935 ], [ 78.430959710895792, 25.554001711738838 ], [ 78.576927922273882, 25.579140727693794 ], [ 78.67639641668795, 25.605306329488815 ], [ 78.752365124142216, 25.636301276522399 ], [ 78.832143874285961, 25.686478668504602 ], [ 78.890159272315074, 25.745778597203405 ], [ 78.912308696109989, 25.794569316892876 ], [ 78.917340042540715, 25.849346318865283 ], [ 78.918474100207661, 25.86168052906687 ], [ 78.902367787428815, 25.925098632014446 ], [ 78.888424323875412, 25.95839745851292 ], [ 78.869145789760253, 25.982067583268996 ], [ 78.87066927794973, 25.982537911521902 ], [ 78.884529514101857, 26.018667961685498 ], [ 78.885023122298449, 26.021136333061968 ], [ 78.586275427208079, 26.735728849484801 ], [ 78.543943598035966, 26.736505395504498 ], [ 78.516090090597132, 26.764044386227969 ], [ 78.48623519123197, 26.778742368891844 ], [ 78.451426806168101, 26.788186327866232 ], [ 78.394821088713101, 26.789197972039517 ], [ 78.353746304596257, 26.789461669261652 ], [ 78.309333687402557, 26.792490210912742 ], [ 78.306884954507808, 26.813111590770987 ], [ 78.305162285413275, 26.845369726895111 ], [ 78.290246033816985, 26.881515709124038 ], [ 78.245441357169994, 26.896872435725562 ], [ 78.195658030157091, 26.877722161558093 ], [ 78.15370267161029, 26.852411780855711 ], [ 78.107549159060298, 26.818826213314498 ], [ 78.082066236043914, 26.811030086224232 ], [ 78.041997205263499, 26.804736974875858 ], [ 77.995599182071672, 26.810501019587974 ], [ 77.909828848616101, 26.837355511465873 ], [ 77.837632849304271, 26.823306952526259 ], [ 77.728609184390749, 26.770545491975724 ], [ 77.670253180201897, 26.720329837318598 ], [ 77.638703071280688, 26.677947244158862 ], [ 77.599426855050069, 26.645247510293192 ], [ 77.566229716791426, 26.64585100884192 ], [ 77.539856209337529, 26.654681272139509 ], [ 77.526036727539719, 26.690740738215229 ], [ 77.526827215485127, 26.726539544727444 ], [ 77.553436332540571, 26.786943637570388 ], [ 77.633339362283508, 26.848745290282604 ], [ 77.681957279697343, 26.878866062577778 ], [ 77.74243303988959, 26.902770499378118 ], [ 77.836204745108901, 26.925981808745949 ], [ 77.871562926295894, 26.955104593926055 ], [ 77.882219003133727, 27.007401882938812 ], [ 77.856126408530386, 27.029417344601949 ], [ 77.79763199808167, 27.035367119469313 ], [ 77.743588191079468, 27.005398172444043 ], [ 77.683196925381296, 26.987464136689979 ], [ 77.655229408463498, 26.987994219012691 ], [ 77.610195083399191, 26.999579202183074 ], [ 77.589402853368597, 27.022643195629751 ], [ 77.591200997941471, 27.042902707906613 ], [ 77.603993127896743, 27.077282936729411 ], [ 77.654492130869926, 27.126470848128186 ], [ 77.683520627401833, 27.168888942588637 ], [ 77.676029740041713, 27.190517215519005 ], [ 77.647858726326533, 27.209668047004076 ], [ 77.647128527645094, 27.210164284736177 ], [ 77.621913494968723, 27.21660682747622 ], [ 77.562727391373599, 27.19741005847283 ], [ 77.515755038510292, 27.186324389353029 ], [ 77.462172051778452, 27.177726186758335 ], [ 77.43715828079209, 27.193682008046355 ], [ 77.407106388720493, 27.224045418952226 ], [ 77.398325285156389, 27.250458776794016 ], [ 77.422161977194833, 27.302572752433591 ], [ 77.426393196515249, 27.374123106498356 ], [ 77.413912754157735, 27.537879147247082 ], [ 77.397508244072498, 27.645596920134643 ], [ 77.38435146896704, 27.72857326848467 ], [ 77.399811078472553, 27.736184220370109 ], [ 77.423450844885465, 27.785906127374073 ], [ 77.469825030441612, 27.842379356862807 ], [ 77.48590418232294, 27.867481012947746 ], [ 77.50157995239401, 27.891938959565007 ], [ 77.50102297760229, 27.937783698152916 ], [ 77.480916639770641, 27.975388419566112 ], [ 77.446374610317861, 28.01754554967372 ], [ 77.445570918934266, 28.053368494904891 ], [ 77.474583190541608, 28.12159976854635 ], [ 77.472978377054048, 28.132291845233151 ], [ 77.466173531291602, 28.177611611461582 ], [ 77.453803567839898, 28.202183315284628 ], [ 77.41468920235431, 28.260172677785413 ], [ 77.388029740384241, 28.29788214172223 ], [ 77.374457281260433, 28.342521437013346 ], [ 77.308108751937979, 28.410271803120708 ], [ 77.30851267248417, 28.428885605601611 ], [ 77.309415109902076, 28.470408500912921 ], [ 77.266736938578674, 28.535090032162572 ], [ 77.265451328304721, 28.53703710622187 ], [ 77.220444432488506, 28.633749969530584 ], [ 77.184422358367129, 28.697360424719328 ], [ 77.143659261394447, 28.769632037081692 ], [ 77.123780695382052, 28.831538742431263 ], [ 77.122041172812985, 28.906049629309813 ], [ 77.095529291818551, 28.963759895452267 ], [ 77.077990787089661, 28.982652959572242 ], [ 77.079022870652736, 29.034202337917243 ], [ 77.096504114440251, 29.092656950324209 ], [ 77.097404663711472, 29.137045466041258 ], [ 77.081672706461191, 29.165937685600387 ], [ 77.051844443807184, 29.225124412418992 ], [ 77.073873817105564, 29.264889792492951 ], [ 77.074973811854903, 29.319300862675753 ], [ 77.067816353709759, 29.369542922250911 ], [ 77.067253295759542, 29.422546900507271 ], [ 77.069908441344424, 29.445899816202324 ], [ 77.105036576416111, 29.496075184097673 ], [ 77.106582165806415, 29.570647563414862 ], [ 77.107464418959282, 29.613089059508628 ], [ 77.107947104387478, 29.636270502987195 ], [ 77.108818056941956, 29.678030187280267 ], [ 77.167940212323202, 29.787339679716759 ], [ 77.226190902786428, 29.847476307441514 ], [ 77.273384441885227, 29.900137530913216 ], [ 77.285646660002925, 29.957209487307281 ], [ 77.326257751481847, 30.006143446770398 ], [ 77.390813562990971, 30.04508292266307 ], [ 77.44772311976331, 30.128045450461574 ], [ 77.475259856167355, 30.17526096377798 ], [ 77.502679114313878, 30.216743940729859 ], [ 77.574085290988478, 30.257362462416758 ], [ 77.62136061050245, 30.298425372609149 ], [ 77.646420703613543, 30.330375645947722 ], [ 77.755854005983949, 30.387293673607928 ], [ 77.77029769508475, 30.430894921485972 ], [ 77.767188887932051, 30.476776675235666 ], [ 77.738705492053697, 30.561374259958988 ], [ 77.704861843982485, 30.613625443216421 ], [ 77.705047353597848, 30.699526238631076 ], [ 77.749053861400498, 30.771141238606326 ], [ 77.80175059849735, 30.834914765790579 ], [ 77.800926805640415, 30.88265441630179 ], [ 77.768902493021884, 30.923430694177195 ], [ 77.766677424643646, 30.999833391382268 ], [ 77.766007010414953, 31.053295893093257 ], [ 77.823093488372621, 31.109322577615295 ], [ 77.885341402125363, 31.113669177634623 ], [ 77.946826017298619, 31.093189708659022 ], [ 78.013135152651586, 31.085929669412899 ], [ 78.09537478499, 31.091614122694409 ], [ 78.150260522920419, 31.141813730039736 ], [ 78.199035757739935, 31.140610365391552 ], [ 78.22576842518923, 31.143759899779656 ], [ 78.264110670776859, 31.161877155739798 ], [ 78.313821046880491, 31.187323261146791 ], [ 78.351859475511375, 31.195878796247385 ], [ 78.400379553341068, 31.186971156719761 ], [ 78.470017831886381, 31.148853773320258 ], [ 78.493280359869615, 31.117692644144796 ], [ 78.532174356569101, 31.089916488743796 ], [ 78.56968656160528, 31.085065710855169 ], [ 78.618266975281244, 31.079893640012596 ], [ 78.667793037454686, 31.099481217541165 ], [ 78.732321932419708, 31.105258410714402 ], [ 78.784645538704666, 31.082743187256519 ], [ 78.862349290434864, 31.030831332939314 ], [ 78.918553480817138, 30.996701867115458 ], [ 78.959554044553585, 30.970648397180494 ], [ 78.984114650511685, 30.97561545069188 ], [ 78.989489937657055, 30.998342137225446 ], [ 78.992434554778029, 31.068836817391414 ], [ 78.961774210660892, 31.184248412594801 ], [ 78.930303258143695, 31.272163850654614 ], [ 78.932333100641671, 31.27787447166428 ], [ 78.944961313729152, 31.313382825158751 ], [ 78.96058612333178, 31.339207908968181 ], [ 78.980906590090726, 31.372767445180969 ], [ 79.002702875087223, 31.392530535970266 ], [ 79.025892672924101, 31.400385294245289 ], [ 79.041171619980489, 31.399095927116853 ], [ 79.075284018012766, 31.39621057503232 ], [ 79.135515995622455, 31.35813899890546 ], [ 79.218542004952027, 31.268262103265339 ], [ 79.302518135473264, 31.111426097341372 ], [ 79.373536473926279, 31.025451402987144 ], [ 79.401754684330101, 31.011044181717963 ], [ 79.462531595370294, 30.979960466716861 ], [ 79.467835125493494, 30.977733112598283 ], [ 79.533546616453705, 30.950110293265798 ], [ 79.571492127477143, 30.934137761369957 ], [ 79.630213124876491, 30.927912209941976 ], [ 79.635518531410796, 30.924835883092904 ], [ 79.65251267452355, 30.925279048590422 ], [ 79.666905585553209, 30.925652615736187 ], [ 79.670800126946972, 30.92706100628871 ], [ 79.687219804726752, 30.926842739772709 ], [ 79.697159886980302, 30.929255330096961 ], [ 79.732627307572201, 30.937856266860955 ], [ 79.764015889223771, 30.939352061427954 ], [ 79.829438648754575, 30.915103325855217 ], [ 80.013613127683399, 30.816531197164188 ], [ 80.027569531589833, 30.809033900769258 ], [ 80.057396108782797, 30.791307341188205 ], [ 80.057797500197452, 30.790696137672832 ], [ 80.06482996594427, 30.768904706962466 ], [ 80.074459843737174, 30.762832003726139 ], [ 80.076826775544177, 30.761339127964945 ], [ 80.082905638114795, 30.757504672249631 ], [ 80.107944706775783, 30.760412915347519 ], [ 80.110187023742043, 30.758844661324808 ], [ 80.113961902759002, 30.757648747169583 ], [ 80.145270213798725, 30.738996872201465 ], [ 80.198601896823064, 30.674019365186531 ], [ 80.199387077362644, 30.666820307152154 ], [ 80.208118656326562, 30.586741401845234 ], [ 80.248864357732813, 30.533668607084454 ], [ 80.295058376298769, 30.495935429311899 ], [ 80.460121368523474, 30.447687384423858 ], [ 80.49743895618667, 30.411996424945613 ], [ 80.507946354115674, 30.410732578646211 ], [ 80.59841158593342, 30.399815400165931 ], [ 80.678541137527461, 30.405471946077302 ], [ 80.720565212038821, 30.375358429686333 ], [ 80.732814231939741, 30.363270108538163 ], [ 80.809091839273904, 30.287909543771672 ], [ 80.900670516622753, 30.242808610863271 ], [ 81.014354140753753, 30.227859917601631 ], [ 81.038072018634324, 30.192375839727553 ], [ 81.046971902547497, 30.165070212256794 ], [ 81.046923107834004, 30.164744174933407 ], [ 81.014733500671483, 30.170869498929079 ], [ 80.964878426618313, 30.171248926747463 ], [ 80.939361759916068, 30.16621926990776 ], [ 80.92518306537292, 30.158289705738611 ], [ 80.893362984421245, 30.130197924392164 ], [ 80.883140436464032, 30.114940390554185 ], [ 80.858938164189226, 30.085542803973791 ], [ 80.848236204494398, 30.071255690943133 ], [ 80.822947842157518, 30.050947970983209 ], [ 80.809848608835324, 30.032952793438124 ], [ 80.767990530773588, 29.981451048882935 ], [ 80.750271808861029, 29.958887573860288 ], [ 80.738619167279566, 29.946535859392558 ], [ 80.720750257255943, 29.93064279909683 ], [ 80.687397035806171, 29.911606727160464 ], [ 80.654924168446243, 29.8982397559007 ], [ 80.597529628346535, 29.869252539911553 ], [ 80.549073554566633, 29.84319571273209 ], [ 80.527231846429956, 29.833632872528682 ], [ 80.505782227855306, 29.821190941099999 ], [ 80.492696387481217, 29.811731777699617 ], [ 80.450991904356641, 29.768199323893409 ], [ 80.427159953416904, 29.741546513399477 ], [ 80.415202888956486, 29.702013130436143 ], [ 80.411840992554062, 29.690238811450183 ], [ 80.414944827625746, 29.666763863466066 ], [ 80.41129239853575, 29.578287007766043 ], [ 80.409884177787447, 29.562143989291553 ], [ 80.407074026693365, 29.550346536830681 ], [ 80.402633613188641, 29.53861544811101 ], [ 80.391961308165961, 29.522372849761993 ], [ 80.377613809953246, 29.508660694063526 ], [ 80.311324548690834, 29.459867724577304 ], [ 80.276499917933322, 29.428851807450688 ], [ 80.259689365676493, 29.40902694419831 ], [ 80.248932722451485, 29.390390137239759 ], [ 80.252687986414188, 29.32590723580579 ], [ 80.253089246750847, 29.312547927039585 ], [ 80.25761135738972, 29.294737058793526 ], [ 80.276663060408637, 29.253000952724932 ], [ 80.277433421844748, 29.236291429453313 ], [ 80.28468071846514, 29.165952882345483 ], [ 80.279077631449098, 29.141394167148515 ], [ 80.266162994143372, 29.122365181475022 ], [ 80.251281031622625, 29.107224212069511 ], [ 80.226848544042937, 29.074821715450511 ], [ 80.221940174973952, 29.063575684541448 ], [ 80.211068622360003, 29.041600405257732 ], [ 80.199550093971865, 29.028227321587391 ], [ 80.191427927915413, 29.017437530618896 ], [ 80.189093108759991, 29.014335293108463 ], [ 80.177723375017663, 29.003813553230543 ], [ 80.160992894011571, 28.994450272393934 ], [ 80.141983206952247, 28.982789021826896 ], [ 80.11622791880319, 28.966139379389734 ], [ 80.096313461426107, 28.946879277162051 ], [ 80.081651448456284, 28.924080503924046 ], [ 80.046241031326616, 28.87536852056682 ], [ 80.048677299551798, 28.858594666038073 ], [ 80.050974973906648, 28.838966193108881 ], [ 80.051927946754518, 28.825107885837689 ], [ 80.057248583908233, 28.81203886854308 ], [ 80.065268726832414, 28.798868239030831 ], [ 80.070702174008531, 28.788177853733114 ], [ 80.070185805937854, 28.786926160970339 ], [ 80.108169028553931, 28.772625534814669 ], [ 80.152644337313291, 28.753059572948988 ], [ 80.203683519317295, 28.73537171991946 ], [ 80.269147249952567, 28.6985176115945 ], [ 80.347983893688905, 28.654673605214846 ], [ 80.370196891071572, 28.629490123282395 ], [ 80.37020183385485, 28.627794658308861 ], [ 80.390778041882371, 28.624873513355244 ], [ 80.419243626563357, 28.61134627014653 ], [ 80.451322223376081, 28.584326688214801 ], [ 80.485252517273111, 28.572472728866412 ], [ 80.499851144572276, 28.583314973236615 ], [ 80.507358680159783, 28.603020488380213 ], [ 80.510061057199323, 28.613392302646655 ], [ 80.511935598730105, 28.62856228560619 ], [ 80.512832941070201, 28.645677876765511 ], [ 80.520049465186958, 28.659676527399274 ], [ 80.536470030711513, 28.663768583371816 ], [ 80.57743334339348, 28.662082444366451 ], [ 80.608235612076143, 28.65223101094119 ], [ 80.6257432049225, 28.63625788823844 ], [ 80.677825810865514, 28.560716468729357 ], [ 80.705816507274847, 28.539531553625856 ], [ 80.733898830161166, 28.520243432990501 ], [ 80.766326050297167, 28.501718239757171 ], [ 80.805038702110295, 28.480059310619406 ], [ 80.836231608325448, 28.478719531252896 ], [ 80.917968365655383, 28.4751747188031 ], [ 81.001138482784327, 28.440086063979116 ], [ 81.027847210117088, 28.436044182348812 ], [ 81.031625579715765, 28.435325004529631 ], [ 81.080071975384101, 28.426093793438486 ], [ 81.120026440688591, 28.409059472140807 ], [ 81.171339033424005, 28.383880354443903 ], [ 81.20341013015576, 28.361468952673913 ], [ 81.229544019233984, 28.329801410827049 ], [ 81.249685853869067, 28.287931722290839 ], [ 81.262920649764197, 28.256852833288306 ], [ 81.278349372077514, 28.226624618087929 ], [ 81.30184195293927, 28.187453718878075 ], [ 81.31871599435685, 28.163821499723326 ], [ 81.350068318440535, 28.167126155016895 ], [ 81.383846867347998, 28.175070065958195 ], [ 81.395071380181705, 28.183112651152996 ], [ 81.415656683546558, 28.185953669967866 ], [ 81.439500240228284, 28.171501326572262 ], [ 81.534636124618359, 28.075592356244517 ], [ 81.614422074522068, 28.01178907719958 ], [ 81.730025272168902, 27.939533996692962 ], [ 81.813093912703195, 27.897365834407928 ], [ 81.847188691209425, 27.877588611612719 ], [ 81.875829012445777, 27.873302035883565 ], [ 81.896229269440497, 27.874181451229454 ], [ 81.913631126156503, 27.895189952288963 ], [ 81.923020239096672, 27.908036984865191 ], [ 81.934729658747628, 27.923620101996843 ], [ 81.959073655611121, 27.935706335748939 ], [ 81.97835473448356, 27.935677138946236 ], [ 81.996506083682647, 27.934751482488778 ], [ 82.016545640533266, 27.929921264508028 ], [ 82.043808210442052, 27.920911883086198 ], [ 82.067925151199063, 27.91301111495433 ], [ 82.091664885453298, 27.89941832748011 ], [ 82.122679530392872, 27.882590812457682 ], [ 82.179344470178734, 27.849198940541257 ], [ 82.200480617422599, 27.829068830542358 ], [ 82.229010033901545, 27.809576710432118 ], [ 82.257775585940394, 27.78991161770044 ], [ 82.397880614667741, 27.711599073269454 ], [ 82.472068541640581, 27.702838229463204 ], [ 82.520612404414862, 27.709702529726652 ], [ 82.564494674682891, 27.726311755457768 ], [ 82.614040526228194, 27.74734451005002 ], [ 82.622354983862991, 27.75163697219725 ], [ 82.681728308410385, 27.760214246359403 ], [ 82.689710806858585, 27.759767868143292 ], [ 82.719288616416151, 27.724842254734469 ], [ 82.713274045565527, 27.610624403790251 ], [ 82.731926625767542, 27.534730785224568 ], [ 82.769759665230467, 27.532608623300366 ], [ 82.827496821045969, 27.529349978260196 ], [ 82.880861352997414, 27.520971367276005 ], [ 82.916302378464266, 27.513600684987711 ], [ 82.968229147564898, 27.485675233642993 ], [ 83.055747006114828, 27.480604778157581 ], [ 83.090076383624606, 27.485725594483529 ], [ 83.16683677366693, 27.470526671603839 ], [ 83.198686515380672, 27.439795337748112 ], [ 83.202229637407768, 27.436375365220659 ], [ 83.22276598130955, 27.417348106399587 ], [ 83.244487011508014, 27.387563585990094 ], [ 83.286974688449675, 27.342292541061852 ], [ 83.308677455797024, 27.339213563516797 ], [ 83.340702959341456, 27.340852598782536 ], [ 83.355802029318482, 27.35596826783171 ], [ 83.36417257961115, 27.387512259374603 ], [ 83.367502099121054, 27.405116028824317 ], [ 83.372449687739689, 27.443987508586623 ], [ 83.374877363597776, 27.475889259266584 ], [ 83.380067420064051, 27.491599002616162 ], [ 83.404999320030839, 27.504327994817274 ], [ 83.425961087713191, 27.51729378791649 ], [ 83.459884594279586, 27.516999756712718 ], [ 83.516963857420691, 27.506370049123689 ], [ 83.595875328257875, 27.49436085817041 ], [ 83.713365230587286, 27.440729287029136 ], [ 83.760021185471757, 27.400412930412006 ], [ 83.806360016751555, 27.356548073709892 ], [ 83.843744436202428, 27.325699540265347 ], [ 83.841484145768248, 27.272468549827757 ], [ 83.846871917666306, 27.215192859746661 ], [ 83.849852674618987, 27.177641757920611 ], [ 83.861461855001849, 27.123530939279114 ], [ 83.87701295874912, 27.0940768428738 ], [ 83.903147471973099, 27.072842183208376 ], [ 83.941414175491474, 27.054385118106943 ], [ 83.978399530186636, 27.044895443297325 ], [ 84.019612695620168, 27.038680826529536 ], [ 84.040061146694939, 27.021351283605362 ], [ 84.059502251482513, 26.991636103791357 ], [ 84.066803090346298, 26.959151122403988 ], [ 84.099758913598336, 26.925001016475985 ], [ 84.138507470940311, 26.913585297215526 ], [ 84.155113408554442, 26.898275204054688 ], [ 84.162284498443285, 26.888915677697334 ], [ 84.168015629191856, 26.861869491173046 ], [ 84.170912384021278, 26.824340793705172 ], [ 84.169296271204544, 26.779995303839485 ], [ 84.176568520941061, 26.747516213437216 ], [ 84.188064577312545, 26.718317877037265 ], [ 84.215594109296489, 26.691626913576251 ], [ 84.268359224639525, 26.634831699041815 ], [ 84.318652757109163, 26.562903621000945 ], [ 84.32850715032464, 26.548033208406206 ], [ 84.327850611591344, 26.530301940783559 ], [ 84.322997423432966, 26.519246372698898 ], [ 84.296404779547032, 26.503222189504896 ], [ 84.268605359016291, 26.501491482492323 ], [ 84.250467279312673, 26.501967796383742 ], [ 84.185039534604428, 26.504098041014704 ], [ 84.167173926241759, 26.49814521920716 ], [ 84.145265073559557, 26.491028676316301 ], [ 84.075499653685952, 26.498365019870562 ], [ 84.037069748732975, 26.502247103432495 ], [ 83.982787866210657, 26.505703337660485 ], [ 83.937607510834539, 26.504295482919378 ], [ 83.925473556441148, 26.500792504919378 ], [ 83.91194767077188, 26.48954975431414 ], [ 83.901808785391736, 26.470977537869711 ], [ 83.900326404237859, 26.451860674514482 ], [ 83.897694720726662, 26.417874823105851 ], [ 83.904407271806463, 26.40251276543869 ], [ 83.923092786629468, 26.378572849624504 ], [ 83.947162134690231, 26.352870237158591 ], [ 83.964464887553731, 26.341820170831284 ], [ 84.009159830779552, 26.317653959439326 ], [ 84.024981987282274, 26.267570276384745 ], [ 84.024939352785992, 26.256903392898202 ], [ 84.022720905902531, 26.238549985270215 ], [ 84.012821473943461, 26.222816193791889 ], [ 84.001246012371453, 26.205764357477562 ], [ 83.98710158387351, 26.186027407649217 ], [ 83.985350183886212, 26.163374813097295 ], [ 83.986281681707794, 26.144821465748528 ], [ 83.990916213838872, 26.12319006228298 ], [ 83.994290542488216, 26.115864579900443 ], [ 84.006179665177683, 26.106580503009933 ], [ 84.026015613856686, 26.098217126939169 ], [ 84.070379126719189, 26.081186262817766 ], [ 84.089707858104816, 26.066446932325711 ], [ 84.110267214841912, 26.047360609904015 ], [ 84.139619623272424, 26.009933770886882 ], [ 84.156697835312784, 25.986799581929194 ], [ 84.169959134829099, 25.975286065232741 ], [ 84.200097752221353, 25.968379287686631 ], [ 84.217483027104166, 25.969396651281663 ], [ 84.244314923355034, 25.970514422622873 ], [ 84.25750699885603, 25.96824186004277 ], [ 84.27304567564488, 25.965816511553019 ], [ 84.276063731283955, 25.964199520834384 ], [ 84.296795030837103, 25.94792835550955 ], [ 84.326569143100059, 25.926803014123056 ], [ 84.35600007410784, 25.911382705604069 ], [ 84.36968022173653, 25.905515410325574 ], [ 84.38118248367995, 25.901921678415611 ], [ 84.399945869251354, 25.900695547331154 ], [ 84.421053224534006, 25.899313312048676 ], [ 84.438080393095973, 25.896063791316788 ], [ 84.465820585530594, 25.889264369100665 ], [ 84.470452959883289, 25.888248515472601 ], [ 84.475695860796165, 25.885060208117672 ], [ 84.486376000523933, 25.861614207687296 ], [ 84.485051225344407, 25.835406746690865 ], [ 84.479710480146338, 25.808042332435626 ], [ 84.465955041264067, 25.783362213237154 ], [ 84.441059898553092, 25.76651629881432 ], [ 84.405347077169637, 25.741840945601208 ], [ 84.348960153077783, 25.703565822411697 ], [ 84.33329361736881, 25.693915996398157 ], [ 84.290192579725513, 25.694559956056981 ], [ 84.224201822714164, 25.713716509038136 ], [ 84.168530313011161, 25.714415523779117 ], [ 84.128256909995613, 25.711276350365843 ], [ 84.046924329258488, 25.705011080238393 ], [ 83.992183558702465, 25.687088231297675 ], [ 83.963448594628531, 25.670377850424927 ], [ 83.942851911258586, 25.657425550455709 ], [ 83.919453040012371, 25.648909978595249 ], [ 83.84893558083958, 25.661061128542386 ], [ 83.841173881696079, 25.662246661230387 ], [ 83.808246389809455, 25.662830358055281 ], [ 83.799387538251395, 25.659811481873195 ], [ 83.775880595893938, 25.642753208284681 ], [ 83.769528970237133, 25.638142269242735 ], [ 83.757442794751697, 25.623219341608046 ], [ 83.743176752872841, 25.589214421042247 ], [ 83.728450974831276, 25.559503630425311 ], [ 83.709314628536774, 25.522938503687854 ], [ 83.675565661375444, 25.490086798629321 ], [ 83.638917527868387, 25.460242075006924 ], [ 83.612820402397517, 25.446130233062021 ], [ 83.59007405093611, 25.423986239520467 ], [ 83.583650189506585, 25.410841883687045 ], [ 83.560413345787055, 25.359538505628429 ], [ 83.552190955438093, 25.320874170918128 ], [ 83.544985065741599, 25.30712935714573 ], [ 83.539520556980747, 25.296703015891161 ], [ 83.50804614161342, 25.272199565693693 ], [ 83.480580849247204, 25.248878483180778 ], [ 83.357872467944887, 25.217479763801286 ], [ 83.332828870682249, 25.206088075986102 ], [ 83.303019709159599, 25.182144294580937 ], [ 83.291291962456782, 25.159309674921534 ], [ 83.283080291874114, 25.130579140372696 ], [ 83.279346723877836, 25.110140227401093 ], [ 83.258790089890496, 25.072131608020658 ], [ 83.246617826743091, 25.059894412847395 ], [ 83.238663661044541, 25.051895560510197 ], [ 83.215714879071641, 25.036085163455269 ], [ 83.19612344119696, 25.023644237801737 ], [ 83.172027884168244, 25.00219125988426 ], [ 83.172356662031149, 24.983657302906252 ], [ 83.178818509857024, 24.963360095502495 ], [ 83.201715293707593, 24.943577331061061 ], [ 83.217345493000977, 24.932028881791652 ], [ 83.223873926991047, 24.924545529403495 ], [ 83.236643981461725, 24.905322014050984 ], [ 83.240950554713521, 24.887993150258691 ], [ 83.239813263837959, 24.870967047837134 ], [ 83.230476246006589, 24.847987464791281 ], [ 83.218246104213804, 24.816621909814053 ], [ 83.213184626613142, 24.77560136201663 ], [ 83.21665016566007, 24.745502971013067 ], [ 83.218608682449002, 24.736268276773195 ], [ 83.221998162699279, 24.720285503313335 ], [ 83.23986415571521, 24.695801002205069 ], [ 83.257747315501931, 24.683419105761914 ], [ 83.292185622270097, 24.662284623284886 ], [ 83.317620779037028, 24.623135962022001 ], [ 83.333450868786059, 24.580250509411886 ], [ 83.337187664284713, 24.496037431096397 ], [ 83.333428175109518, 24.486279776755055 ], [ 83.319735125036431, 24.479208897679172 ], [ 83.299936766147155, 24.473898148737092 ], [ 83.267458286536481, 24.465011585535269 ], [ 83.23388232391828, 24.45119291142348 ], [ 83.229689292006839, 24.410837562029052 ], [ 83.248216950641833, 24.349302740456917 ], [ 83.264418595438784, 24.335599174689733 ], [ 83.264934684025647, 24.307804105744935 ], [ 83.249409594064446, 24.260239302760102 ], [ 83.225444037408323, 24.225946025415091 ], [ 83.20968589851887, 24.198321551203261 ], [ 83.192250976216087, 24.156543972715092 ], [ 83.17250891703776, 24.139096414505087 ], [ 83.145089808212376, 24.110664041680685 ], [ 83.128370603879574, 24.079515602140194 ], [ 83.112847964776066, 24.042602871374321 ], [ 83.106720782225608, 24.03153554002218 ], [ 83.037734135902326, 24.019527098066821 ], [ 83.005493252726907, 23.99985877750283 ], [ 82.983614455090674, 23.984624904438064 ], [ 82.955383683049718, 23.96686908678204 ], [ 82.927421982834829, 23.953366307177042 ], [ 82.850614981109828, 23.939527476735542 ], [ 82.801760360554724, 23.939182286248691 ], [ 82.652203871247067, 23.940338155127705 ], [ 82.580387620834188, 23.918974998961914 ], [ 82.578349417154044, 23.917466684766573 ], [ 82.575305815321002, 23.943759178002534 ], [ 82.572775417552862, 23.966692115622227 ], [ 82.57264943382846, 23.990931319768919 ], [ 82.573779007404923, 24.010119036972906 ], [ 82.575286948923647, 24.035702507288754 ], [ 82.57508130216587, 24.058520291819423 ], [ 82.595154146889286, 24.096006263807521 ], [ 82.622082704951325, 24.131005147000444 ], [ 82.631777536285256, 24.163301337730616 ], [ 82.633341764627929, 24.202420085917772 ], [ 82.63048997034204, 24.219668268290654 ], [ 82.627238953523033, 24.256179413980952 ], [ 82.616849104504354, 24.27737161200934 ], [ 82.592193512828388, 24.307121766159472 ], [ 82.578162718130429, 24.345602557708482 ], [ 82.576890293266018, 24.376315022461441 ], [ 82.579729192460235, 24.384725285424789 ], [ 82.589765335858857, 24.39633657126409 ], [ 82.616745922367286, 24.404952160695149 ], [ 82.62928676657431, 24.419283810730086 ], [ 82.637045143519543, 24.431718714850259 ], [ 82.643986082629212, 24.443481804698418 ], [ 82.64476224967494, 24.456270736995457 ], [ 82.644288552235921, 24.474112094312662 ], [ 82.634368955287258, 24.490296069533063 ], [ 82.623282673960546, 24.500124721807985 ], [ 82.610555366612957, 24.508610662754364 ], [ 82.606713600156127, 24.52234743510645 ], [ 82.609300888295579, 24.53932180455017 ], [ 82.634764195057912, 24.560833804595617 ], [ 82.654493460607569, 24.57764422096913 ], [ 82.660372440480572, 24.597298658055433 ], [ 82.665964042777944, 24.637634968781491 ], [ 82.665107460734532, 24.649081801120648 ], [ 82.662093351440845, 24.663490115101734 ], [ 82.627508683876087, 24.697333112086795 ], [ 82.582184950886372, 24.721739353919116 ], [ 82.555604420687018, 24.720950247161312 ], [ 82.513204463104501, 24.71667699526995 ], [ 82.481716041700054, 24.686180217574758 ], [ 82.459491568293956, 24.653785890254831 ], [ 82.452378554616018, 24.639169675123622 ], [ 82.437137090615565, 24.63208647814993 ], [ 82.417653169836214, 24.632341290636635 ], [ 82.404642962444058, 24.63655087462617 ], [ 82.392703945749318, 24.645697313492274 ], [ 82.385766950720097, 24.660299838913431 ], [ 82.3817724453869, 24.671905007854473 ], [ 82.369554844232226, 24.689620288702663 ], [ 82.358702918830446, 24.690868585062724 ], [ 82.335106561486725, 24.6877515870836 ], [ 82.325308767747117, 24.680389087854913 ], [ 82.312802584397232, 24.666740811337995 ], [ 82.291896162378791, 24.642804833474791 ], [ 82.280953634415425, 24.629076292258624 ], [ 82.245446845624087, 24.608693462206173 ], [ 82.223050940581388, 24.599078642056799 ], [ 82.203564023853872, 24.599304246922923 ], [ 82.19222298442422, 24.605554848813778 ], [ 82.187267819497762, 24.614351032020821 ], [ 82.177599078180762, 24.649761603261712 ], [ 82.175959344364173, 24.661964688676147 ], [ 82.168746713635372, 24.685846641315432 ], [ 82.165017941803612, 24.688878413199653 ], [ 82.145018036406256, 24.707667416848853 ], [ 82.136408118122915, 24.720917668058686 ], [ 82.139968672264359, 24.742144511756511 ], [ 82.148943278663197, 24.762398221472957 ], [ 82.152837310446571, 24.77576270295209 ], [ 82.15546143204746, 24.794180566454308 ], [ 82.149474093237259, 24.812299053812971 ], [ 82.139589241339309, 24.817053133031528 ], [ 82.110467721130263, 24.813454821650435 ], [ 82.098492240511817, 24.809033579351976 ], [ 82.08056703473099, 24.809887471040138 ], [ 82.055170712312233, 24.816800193937372 ], [ 82.038749569425292, 24.830418095986989 ], [ 82.024303217229502, 24.850496180578546 ], [ 82.014836892395152, 24.863649430620292 ], [ 81.996805055268453, 24.876627152163671 ], [ 81.980208688014898, 24.887395611948701 ], [ 81.970590073380933, 24.897121813904739 ], [ 81.963029628203515, 24.901757133190792 ], [ 81.954407827834984, 24.901447857836867 ], [ 81.936223924531689, 24.898017886399511 ], [ 81.922601904620308, 24.892232477623342 ], [ 81.909140062395693, 24.889292036726072 ], [ 81.875591777651948, 24.890848966150841 ], [ 81.85406073989607, 24.89755244034459 ], [ 81.839045560517263, 24.908947934949484 ], [ 81.825824683347534, 24.924541182711121 ], [ 81.815683842105855, 24.939278720850901 ], [ 81.806321569005803, 24.953980225204234 ], [ 81.793092368066851, 24.969572409866636 ], [ 81.762130586362943, 24.975983830905388 ], [ 81.733234516808878, 24.977299776338043 ], [ 81.707809808104102, 24.984876032119328 ], [ 81.68948226959229, 25.007829195722881 ], [ 81.661066725658372, 25.03266315122033 ], [ 81.623771916429448, 25.05289522841765 ], [ 81.605740315197338, 25.067263534842922 ], [ 81.590602140801778, 25.077218528727762 ], [ 81.571151577832353, 25.094502268132739 ], [ 81.560375312144458, 25.112826688360741 ], [ 81.550302247569661, 25.129691963534736 ], [ 81.543203777284376, 25.143569717542078 ], [ 81.530474412528079, 25.154841531910876 ], [ 81.509841203859921, 25.165034151728893 ], [ 81.495755074109894, 25.16565555177737 ], [ 81.475963572250265, 25.162243004874661 ], [ 81.465412783417236, 25.155567061582708 ], [ 81.438414690664956, 25.104631728477184 ], [ 81.421127632150601, 25.088963739696766 ], [ 81.413044573642665, 25.084317166938558 ], [ 81.403546582718121, 25.082587189161689 ], [ 81.394160204497226, 25.082993615258555 ], [ 81.372517161085781, 25.088926366486692 ], [ 81.346509415788034, 25.101469849132105 ], [ 81.331340081067296, 25.111403108380351 ], [ 81.293582921850486, 25.124441976870013 ], [ 81.269832197064289, 25.135449689658568 ], [ 81.234898615041942, 25.142642529317804 ], [ 81.220807482107716, 25.143237266663682 ], [ 81.198742533140731, 25.141309293361335 ], [ 81.173294133021273, 25.134520312909377 ], [ 81.172224246588343, 25.133557856626801 ], [ 81.163432842509678, 25.125648227077807 ], [ 81.145526437523515, 25.097113122709803 ], [ 81.142925280546493, 25.076509898127942 ], [ 81.141462811609316, 25.047289007130296 ], [ 81.142705221376332, 25.0250977060224 ], [ 81.139611300414032, 24.978803853876514 ], [ 81.13659111531183, 24.965359279205483 ], [ 81.125718765642219, 24.9515246880039 ], [ 81.109024328490563, 24.930786487615542 ], [ 81.101637030963261, 24.923948028575072 ], [ 81.069774984058014, 24.913111369276127 ], [ 81.050269038890434, 24.914621215693629 ], [ 81.027704809944709, 24.917681206290784 ], [ 81.000794457225666, 24.92805655321067 ], [ 80.984825345320658, 24.937987024413832 ], [ 80.955097105922647, 24.971327733264012 ], [ 80.934871456314397, 24.990711659660214 ], [ 80.916609759356717, 25.002157168032763 ], [ 80.901200799155347, 25.007772183675865 ], [ 80.878508977760362, 25.008674028217516 ], [ 80.862824836047395, 25.008580913266968 ], [ 80.838600017591077, 25.010251704218536 ], [ 80.81879261792875, 25.022462047663353 ], [ 80.806463828175453, 25.043665313542153 ], [ 80.80162398556817, 25.057429989675548 ], [ 80.798908075022311, 25.116123249205074 ], [ 80.796585235344665, 25.133361808143313 ], [ 80.785609750882415, 25.150225348307874 ], [ 80.770140899730393, 25.155117837290085 ], [ 80.756887039194609, 25.157064431305859 ], [ 80.747751915827507, 25.163136609531776 ], [ 80.741985300503941, 25.174078913521129 ], [ 80.743439863601012, 25.188312655040441 ], [ 80.746261413711508, 25.198205951317284 ], [ 80.754773095619925, 25.212164093270456 ], [ 80.762224800249498, 25.236880493685454 ], [ 80.763068637889575, 25.254710036863287 ], [ 80.762141863629694, 25.268321892965961 ], [ 80.748630845500415, 25.281711741492384 ], [ 80.717253013635229, 25.282934994753347 ], [ 80.703782956167331, 25.28059986495963 ], [ 80.689361827634912, 25.274727400295561 ], [ 80.679681775968632, 25.269384932378561 ], [ 80.672973868063082, 25.260354275168904 ], [ 80.662731593772691, 25.242884192895385 ], [ 80.657717097811158, 25.21949561153551 ], [ 80.659992986115199, 25.200828994296913 ], [ 80.667544539007366, 25.092637438201596 ], [ 80.66837864694368, 25.059734861712631 ], [ 80.66674004390056, 25.041218531791216 ], [ 80.660077048456685, 25.015748273969905 ], [ 80.653060774722292, 24.999580477649229 ], [ 80.644025494579438, 24.990634899074625 ], [ 80.616564980025473, 24.990248089566229 ], [ 80.604953558875749, 24.993545838373418 ], [ 80.601299192495944, 24.99940095174227 ], [ 80.596662649299759, 25.018156535200582 ], [ 80.596135433220624, 25.04104478391983 ], [ 80.597370510811587, 25.06815422622298 ], [ 80.601187234416983, 25.083017080809864 ], [ 80.603112373751344, 25.090805102826359 ], [ 80.602197493984917, 25.105132373732165 ], [ 80.588680168798618, 25.118507546834195 ], [ 80.560308087734015, 25.116004494504679 ], [ 80.55629292529261, 25.11401150119158 ], [ 80.539514344090449, 25.107494510953298 ], [ 80.511895462899417, 25.104238650849251 ], [ 80.496319107079913, 25.106962657997496 ], [ 80.493968173343788, 25.107050040178748 ], [ 80.4787735320716, 25.11833480530878 ], [ 80.469750956020818, 25.127245794004079 ], [ 80.453640357541161, 25.135703497508981 ], [ 80.442665886429893, 25.136108237932678 ], [ 80.420463465945787, 25.131206407754892 ], [ 80.413876762596402, 25.124300147399854 ], [ 80.402239459649621, 25.091845916855871 ], [ 80.40154831357431, 25.076145875087885 ], [ 80.408503899969716, 25.055877984078975 ], [ 80.419843075929833, 25.02830204563362 ], [ 80.433716274571239, 25.004921637936132 ], [ 80.45597570896291, 24.9762292834635 ], [ 80.458633415773491, 24.965410411262237 ], [ 80.457156385628338, 24.949740339129626 ], [ 80.452050578869816, 24.940636120506333 ], [ 80.425032507227328, 24.93233315948136 ], [ 80.397012986047756, 24.936927339199585 ], [ 80.381887551850667, 24.949627569888037 ], [ 80.371077304906677, 24.971463150153173 ], [ 80.357542227242064, 24.984819015948855 ], [ 80.345406901823836, 25.012420152832018 ], [ 80.327061519334308, 25.041674078297433 ], [ 80.300728150344341, 25.062390109678741 ], [ 80.303161022732866, 25.06969621535702 ], [ 80.307633195271535, 25.100513032201956 ], [ 80.301634586956339, 25.131228877703936 ], [ 80.295613820102545, 25.161469060644755 ], [ 80.288532882902444, 25.17935630683801 ], [ 80.266334959893371, 25.211128524815926 ], [ 80.246563665207972, 25.232565498348922 ], [ 80.227985399111205, 25.25753285867394 ], [ 80.208492615922509, 25.279671450916464 ], [ 80.202128819578533, 25.296339958380607 ], [ 80.199476517502802, 25.307872655599734 ], [ 80.187071228088669, 25.330473967416808 ], [ 80.172755669561511, 25.345277617011561 ], [ 80.141845855364437, 25.35851742949616 ], [ 80.096066029050661, 25.368121850225116 ], [ 80.085076471094951, 25.359586730496275 ], [ 80.073744617909256, 25.352848371992259 ], [ 80.050380199391697, 25.342928101162745 ], [ 80.030564069684203, 25.339436839383286 ], [ 80.026635432140978, 25.339571293443811 ], [ 79.989966794268952, 25.340821176966845 ], [ 79.978277591119706, 25.34360131562245 ], [ 79.959213773348395, 25.342458280845531 ], [ 79.943909369004857, 25.337014779865026 ], [ 79.925817750704837, 25.327491386768504 ], [ 79.919586894402613, 25.319356881448581 ], [ 79.910545588115298, 25.306548309938812 ], [ 79.903422302870709, 25.292483145576245 ], [ 79.891856367841385, 25.249363217309028 ], [ 79.886583453159446, 25.232255330975892 ], [ 79.878719199524312, 25.215828784492736 ], [ 79.870583044646835, 25.208946068628823 ], [ 79.847495492118611, 25.204938732634098 ], [ 79.818708615498352, 25.205881818417659 ], [ 79.807656337115731, 25.208030427760725 ], [ 79.778843742001584, 25.208370596609729 ], [ 79.76186382781826, 25.176137902653146 ], [ 79.760045818174703, 25.163083778253512 ], [ 79.759212550479177, 25.141653381863414 ], [ 79.763749935235879, 25.123626238494712 ], [ 79.766394482560358, 25.107448176589074 ], [ 79.765978226296824, 25.096733008626607 ], [ 79.758256382537411, 25.08327262701474 ], [ 79.744883871492192, 25.075953206646243 ], [ 79.732464535884674, 25.076350601803551 ], [ 79.707807624779832, 25.081905007869612 ], [ 79.686643875871781, 25.093305749025696 ], [ 79.643333983967025, 25.107784833156977 ], [ 79.602924433436655, 25.112624100693342 ], [ 79.566844143333768, 25.110761465728757 ], [ 79.54100724748524, 25.102614316217231 ], [ 79.511728274139614, 25.089797816600825 ], [ 79.498779924879642, 25.075883543121964 ], [ 79.488341121388984, 25.058910894516231 ], [ 79.476139323481277, 25.047356122929724 ], [ 79.467970043629109, 25.038659626353205 ], [ 79.450758266753922, 25.033215169609417 ], [ 79.429100530014921, 25.031478636612764 ], [ 79.416133274741682, 25.034846383967913 ], [ 79.398780412256457, 25.043709287184644 ], [ 79.385050706025595, 25.044115949136604 ], [ 79.3712783866699, 25.043330105981447 ], [ 79.354194789579381, 25.041447712625047 ], [ 79.332828230998643, 25.04803617508885 ], [ 79.326725453252578, 25.079220270011604 ], [ 79.327691034783982, 25.106620275563564 ], [ 79.328321525116351, 25.124489771118942 ], [ 79.335791483901204, 25.150506467017681 ], [ 79.343560514978392, 25.16637728953598 ], [ 79.35035948809319, 25.173332287279742 ], [ 79.360283367705065, 25.17602094622152 ], [ 79.386065678643448, 25.182412454789763 ], [ 79.413942691127843, 25.192313848919294 ], [ 79.429386087286829, 25.202583117870599 ], [ 79.440336035811086, 25.215370586781404 ], [ 79.449519655766181, 25.233576071434971 ], [ 79.449693446201806, 25.238340413348993 ], [ 79.435695163749131, 25.267976251280615 ], [ 79.422243776232889, 25.276727612261247 ], [ 79.388354021452784, 25.282511099368186 ], [ 79.324069076157215, 25.282027682792286 ], [ 79.303589137013219, 25.296341795041251 ], [ 79.286464747927624, 25.312940926687329 ], [ 79.271810812664569, 25.32529278055074 ], [ 79.255655041196462, 25.332320290678336 ], [ 79.239986309000997, 25.334561750516414 ], [ 79.212842478516222, 25.327589747380596 ], [ 79.195715327573978, 25.306611648153474 ], [ 79.191167417595992, 25.288851445310819 ] ], [ [ 78.011833671941318, 29.61178082257112 ], [ 77.999542235230493, 29.601046153501485 ], [ 77.998518066603111, 29.600151537300174 ], [ 78.011833671941318, 29.61178082257112 ] ], [ [ 78.011833671941318, 29.61178082257112 ], [ 78.443519718129082, 28.624919705834792 ], [ 79.380955888095343, 28.768978806492839 ], [ 78.929241319831348, 28.963692002767296 ], [ 78.011833671941318, 29.61178082257112 ] ], [ [ 79.380955888095343, 28.768978806492839 ], [ 79.410444747160028, 28.788046384417704 ], [ 79.403834163318123, 28.783773211956259 ], [ 79.380955888095343, 28.768978806492839 ] ], [ [ 79.81065470650978, 25.499564199727281 ], [ 79.849014714464005, 25.411870838725633 ], [ 79.847326832651419, 25.46794863161605 ], [ 79.81065470650978, 25.499564199727281 ] ], [ [ 79.849014714464005, 25.411870838725633 ], [ 79.709848035709797, 25.507871740114076 ], [ 79.676306546508997, 25.493776725068379 ], [ 79.59373852031483, 25.464201618783949 ], [ 79.595014873828831, 25.403277876609799 ], [ 79.705378896539429, 25.32952506938404 ], [ 79.7322294493231, 25.345352526200159 ], [ 79.804579118531834, 25.383533141069353 ], [ 79.849014714464005, 25.411870838725633 ] ], [ [ 79.373689832147747, 25.739762670040431 ], [ 79.263191060875343, 25.815987681224328 ], [ 79.256620950130312, 25.810845159264435 ], [ 79.260818113915377, 25.796340617044773 ], [ 79.275796304661014, 25.773242082666307 ], [ 79.318089953748924, 25.74098613021631 ], [ 79.332471023605564, 25.738173317642765 ], [ 79.344286467854062, 25.735508771339429 ], [ 79.350753164104418, 25.73404999853182 ], [ 79.373328163929472, 25.73933497912115 ], [ 79.373689832147747, 25.739762670040431 ] ], [ [ 79.263191060875343, 25.815987681224328 ], [ 79.401488765593399, 25.789926198945846 ], [ 79.404727022911317, 25.805161872921374 ], [ 79.405477503361936, 25.825409953690016 ], [ 79.399915708539837, 25.858809865993599 ], [ 79.399147337213122, 25.858433070611483 ], [ 79.319211851918922, 25.856544854835406 ], [ 79.30099170087405, 25.855655737909842 ], [ 79.290412435137043, 25.847383208532481 ], [ 79.274992621560514, 25.836390479521484 ], [ 79.263191060875343, 25.815987681224328 ] ], [ [ 78.501673956192747, 28.491975505239754 ], [ 78.653256170411765, 28.145449147664415 ], [ 78.965645755467719, 28.420719912989387 ], [ 78.501673956192747, 28.491975505239754 ] ], [ [ 79.319519973744832, 26.622328706768148 ], [ 79.446124166036412, 26.332903658885005 ], [ 79.945523102702069, 26.87507912037092 ], [ 79.942182231486768, 26.872759687632254 ], [ 79.945523505890264, 26.875079558094619 ], [ 79.46056850444451, 28.087706678920753 ], [ 79.319519973744832, 26.622328706768148 ] ], [ [ 79.46328981683088, 26.29366191488581 ], [ 79.627723488327291, 25.917756327677136 ], [ 79.63540321288238, 26.016387912279882 ], [ 79.636047746674606, 26.016139700051117 ], [ 79.63560674302505, 26.015805932829789 ], [ 79.63897553599233, 26.006172450563415 ], [ 79.661938503626033, 25.981907637735656 ], [ 79.674403779849101, 25.963622827783571 ], [ 79.695704786545122, 25.935513721178975 ], [ 79.744925700281513, 25.913641692875235 ], [ 79.772184918801116, 25.903208720459311 ], [ 79.804014793821935, 25.908115197999006 ], [ 79.835992148471107, 25.916585234719694 ], [ 79.862854767986377, 25.928795518973068 ], [ 79.876508981589737, 25.940254583965331 ], [ 79.889145036872875, 25.958897840776515 ], [ 79.898329476852822, 25.989575454888779 ], [ 79.898790544580081, 26.000667591483783 ], [ 79.899022200227208, 26.006238190615335 ], [ 79.896209308149963, 26.033746868366652 ], [ 79.886906489041166, 26.06385971600157 ], [ 79.873794031006298, 26.097677203944077 ], [ 79.869806562273894, 26.128801652286967 ], [ 79.864895487592108, 26.169492697943067 ], [ 79.850301981721699, 26.199784280465128 ], [ 79.813456312944922, 26.203408802383322 ], [ 79.781495237940945, 26.197325387170785 ], [ 79.771918416059947, 26.189300093806175 ], [ 79.733431580282925, 26.152428808909601 ], [ 79.691377236800705, 26.085381797631381 ], [ 79.46328981683088, 26.29366191488581 ] ], [ [ 79.517722340961257, 25.768022586945996 ], [ 79.614642714529595, 25.749758447253118 ], [ 79.619815894290014, 25.816198189140362 ], [ 79.618591081657158, 25.817587683228492 ], [ 79.582259662390797, 25.831854538390399 ], [ 79.549592387509307, 25.838844596507219 ], [ 79.529580681027511, 25.832317623462689 ], [ 79.511479035197169, 25.806651487119243 ], [ 79.506838124380209, 25.775477896834396 ], [ 79.515340324288118, 25.769570254741829 ], [ 79.517722340961257, 25.768022586945996 ] ], [ [ 79.947141836514845, 26.876202942260061 ], [ 79.959177088686317, 26.884557361011833 ], [ 79.951069136917283, 26.878929509236453 ], [ 79.947141836514845, 26.876202942260061 ] ], [ [ 78.039898401300633, 28.562893803942384 ], [ 78.02635808913908, 28.566206152371542 ], [ 78.023792533180412, 28.566833588654671 ], [ 78.039898401300633, 28.562893803942384 ] ] ], [ [ [ 79.691377236800705, 26.085381797631381 ], [ 79.862854767986377, 25.928795518973068 ], [ 79.636047746674606, 26.016139700051117 ], [ 79.636747822050324, 26.016669541954023 ], [ 79.658693373907241, 26.033274092633903 ], [ 79.691377236800705, 26.085381797631381 ] ] ], [ [ [ 79.63540321288238, 26.016387912279882 ], [ 79.627589734538319, 26.038726504273821 ], [ 79.635273710979945, 26.016758211039679 ], [ 79.63540321288238, 26.016387912279882 ] ] ] ] } },
{ "type": "Feature", "properties": { "state_name": "Western India State Agency", "id": 32 }, "geometry": { "type": "Polygon", "coordinates": [ [ [ 71.19663093277191, 23.15850791010142 ], [ 71.503677816838916, 23.538459366582835 ], [ 71.488780378906199, 23.550082269360388 ], [ 71.46682485734388, 23.577306774241588 ], [ 71.463071123223244, 23.581959747508375 ], [ 71.416951885994266, 23.601904989208041 ], [ 71.356165735220088, 23.627218756762481 ], [ 71.30025310121502, 23.625893813100529 ], [ 71.24750284924994, 23.586442643954033 ], [ 71.203923815452669, 23.589200585763237 ], [ 71.186369778444046, 23.623132760361592 ], [ 71.184652501674265, 23.682270488044249 ], [ 71.178896474072062, 23.737489838862711 ], [ 71.230905386856861, 23.803677255353797 ], [ 71.304198857978847, 23.853182548633157 ], [ 71.336260476344648, 23.894043224154103 ], [ 71.351842418990344, 23.930689613432254 ], [ 71.390112324063637, 23.973599015451057 ], [ 71.449442206737928, 24.007444272838029 ], [ 71.45668102468629, 24.015442074403303 ], [ 71.463564548001528, 24.023046203182108 ], [ 71.475038755295344, 24.059589457657843 ], [ 71.485480895808095, 24.078015812507825 ], [ 71.468229174226991, 24.080435471717085 ], [ 71.485370493864025, 24.138112808323104 ], [ 71.483539217634728, 24.204899139066793 ], [ 71.467869812756717, 24.244632731492036 ], [ 71.461219603536534, 24.33421692873188 ], [ 71.463685590537708, 24.395373044774846 ], [ 71.418693675823036, 24.438227596711798 ], [ 71.385688095471963, 24.498536194071612 ], [ 71.384018213644097, 24.556780556369457 ], [ 71.391916425035447, 24.554224955328358 ], [ 71.446744924813189, 24.534526980424491 ], [ 71.511036001371195, 24.549395310831763 ], [ 71.541034324055474, 24.554472981049106 ], [ 71.60247099748986, 24.564852520949511 ], [ 71.675101755502723, 24.581751032771766 ], [ 71.735825922580688, 24.575442165566937 ], [ 71.841477273087762, 24.52613256626152 ], [ 71.886545842483571, 24.511730424050878 ], [ 71.908807507418786, 24.504610056515975 ], [ 71.957068159838641, 24.494131865801879 ], [ 71.954990382416639, 24.495546268175186 ], [ 72.006437759793485, 24.498963353770936 ], [ 72.043736442493739, 24.521783606933454 ], [ 72.105484416062879, 24.531935378919034 ], [ 72.167566671919658, 24.527742543875149 ], [ 72.219390531296952, 24.544824877067008 ], [ 72.261508171960301, 24.558729318702202 ], [ 72.30810182168247, 24.577478430960397 ], [ 72.352376151009864, 24.583039552096224 ], [ 72.393122899066469, 24.570019899929719 ], [ 72.412402886107685, 24.553039356108126 ], [ 72.426134769877265, 24.519842048519848 ], [ 72.41667969636633, 24.503561143650924 ], [ 72.403926520171595, 24.457372742902521 ], [ 72.407504143408005, 24.441911928889848 ], [ 72.418348101327538, 24.421799053458713 ], [ 72.457224364498259, 24.401561685192249 ], [ 72.510413410676037, 24.382146467427074 ], [ 72.562730506965238, 24.339411967996767 ], [ 72.59147419626062, 24.335691730196903 ], [ 72.622588424604558, 24.344541802892916 ], [ 72.649731892506878, 24.356906744164625 ], [ 72.670808129426433, 24.380518719977708 ], [ 72.708382495463823, 24.393631041405271 ], [ 72.735790644339843, 24.392252089334832 ], [ 72.784722911770345, 24.352968641267228 ], [ 72.833095571167377, 24.306493791349617 ], [ 72.877485954805238, 24.262334357291941 ], [ 72.836101452823641, 24.226680925808864 ], [ 72.819891023476941, 24.199697524213232 ], [ 72.802095389232889, 24.144026999550654 ], [ 72.798945120474059, 24.08474481501052 ], [ 72.787246639877694, 24.038715159875537 ], [ 72.738294000484032, 23.982585547438376 ], [ 72.699401389404173, 23.947612426303735 ], [ 72.577487207373565, 23.907522821475368 ], [ 72.471454462541871, 23.909636118928425 ], [ 72.400474914355669, 23.925646570098191 ], [ 72.362494090181826, 23.953656320301182 ], [ 72.327127524963188, 23.954954804259522 ], [ 72.293280375374579, 23.983017574953507 ], [ 72.284164487174081, 24.02106417756487 ], [ 72.229587332653054, 24.021942451972976 ], [ 72.227990629825456, 24.021967852735173 ], [ 72.171034297130277, 23.96361797089541 ], [ 72.126547946948449, 23.907394329162518 ], [ 72.065491230771386, 23.850845394985736 ], [ 72.005686027405702, 23.832502613422605 ], [ 71.935793626500683, 23.802477398916093 ], [ 71.930421503407317, 23.76607996982883 ], [ 71.934462466662822, 23.682118350827011 ], [ 71.981517064051573, 23.620009643568839 ], [ 72.0151908944772, 23.597739595028031 ], [ 72.076714359149918, 23.533962657556543 ], [ 72.081993177968613, 23.482484835650062 ], [ 72.059713359030781, 23.406945817006434 ], [ 72.053102671080111, 23.3845187598377 ], [ 72.058601189558885, 23.134376256849944 ], [ 72.106655784285223, 22.915573062067324 ], [ 72.147667822753107, 22.729090446472082 ], [ 72.152095205814518, 22.614539972484383 ], [ 72.110969217381594, 22.514460298500495 ], [ 72.042951276796629, 22.425346491445143 ], [ 71.915408443575174, 22.338908384735877 ], [ 71.748486659078537, 22.276430392508455 ], [ 71.595945679857522, 22.219825688589239 ], [ 71.575068115503029, 22.219384874064424 ], [ 71.565142751180062, 22.156117112716753 ], [ 71.57091756585865, 22.152456089986046 ], [ 71.618915672655774, 22.117171368078939 ], [ 71.637852655859461, 22.096553632694285 ], [ 71.717702349890985, 22.100088630836865 ], [ 71.760682132889087, 22.102857266154182 ], [ 71.812676146738966, 22.069497855247761 ], [ 71.874635412316351, 22.04777146796323 ], [ 71.963570042826575, 22.009328841408479 ], [ 72.011512828668387, 21.970091341390035 ], [ 72.042864814432235, 21.95816754623257 ], [ 72.044145063424025, 21.954066992030686 ], [ 72.057596268345975, 21.947344200627175 ], [ 72.075369510222288, 21.93845848387766 ], [ 72.080242306766195, 21.935662957326151 ], [ 72.116942504777526, 21.902098630233411 ], [ 72.120312234722292, 21.894479599414538 ], [ 72.123094126525118, 21.888188913797286 ], [ 72.127628142346467, 21.877934663333225 ], [ 72.127566924303991, 21.876750950550772 ], [ 72.126999768961582, 21.865784613709362 ], [ 72.12605076555073, 21.862575866633023 ], [ 72.122477127665221, 21.860454795901628 ], [ 72.109582956217622, 21.852800580221551 ], [ 72.081445168094433, 21.857372022505643 ], [ 72.072434721438796, 21.869310036744164 ], [ 72.067872803391182, 21.875698434726147 ], [ 72.057024644878069, 21.890886819849914 ], [ 72.047299619748571, 21.897160499687402 ], [ 72.040139479568481, 21.897901516935857 ], [ 72.03578405633111, 21.903815674817107 ], [ 72.017362046234481, 21.900051337904841 ], [ 72.00321236456945, 21.886990024559889 ], [ 71.989974937449034, 21.880440699606375 ], [ 71.967886354822497, 21.877287927244723 ], [ 71.950013588436349, 21.874734657733256 ], [ 71.944677014791452, 21.873457837463743 ], [ 71.922393503295766, 21.868124262452678 ], [ 71.909205590297347, 21.858768338010488 ], [ 71.920973937230883, 21.832755192778485 ], [ 71.927234450852083, 21.829894016880349 ], [ 71.935249306878347, 21.826230530920764 ], [ 71.938145191051547, 21.823487776317869 ], [ 71.941072901854085, 21.820714705655128 ], [ 71.970089393842997, 21.809071441913662 ], [ 72.00972597222318, 21.802988510520596 ], [ 72.038275236918579, 21.792871310968806 ], [ 72.054933572689038, 21.786964914996108 ], [ 72.069966853871463, 21.783291831942833 ], [ 72.083776849978079, 21.783178019031642 ], [ 72.104112258490161, 21.78281935008069 ], [ 72.12979442089042, 21.783625881621049 ], [ 72.132687212072071, 21.782984434714667 ], [ 72.158712998775655, 21.764719882885402 ], [ 72.165581159485384, 21.759898342156443 ], [ 72.189687943213499, 21.727036918265625 ], [ 72.190791720821835, 21.725531802068463 ], [ 72.218354236470205, 21.673741816582424 ], [ 72.220456642139084, 21.669790417942938 ], [ 72.226216036645823, 21.654426187658757 ], [ 72.227242110852316, 21.65168852024355 ], [ 72.233341269219196, 21.635412690784754 ], [ 72.229629658076178, 21.612172318593434 ], [ 72.226868279858081, 21.607778972953255 ], [ 72.205662930168856, 21.574032019531153 ], [ 72.204467272295503, 21.568916774699844 ], [ 72.203272201062447, 21.563803768093081 ], [ 72.200881618899459, 21.55357537386336 ], [ 72.190496607037218, 21.511977152121069 ], [ 72.187648009145292, 21.500563596684739 ], [ 72.17975987797837, 21.468950816857955 ], [ 72.144663652223457, 21.423322129876141 ], [ 72.126756931924518, 21.410512948701118 ], [ 72.088354040158876, 21.383029147611015 ], [ 72.076833898032433, 21.374781037274484 ], [ 72.045536407400249, 21.347708972518397 ], [ 72.041121467564764, 21.343134574506959 ], [ 72.028426175060659, 21.329978707600951 ], [ 72.033139787920746, 21.291010154082031 ], [ 72.033256664584016, 21.29004349620682 ], [ 72.035618266975433, 21.270507009508588 ], [ 72.032124433868375, 21.236095912262929 ], [ 72.013733719273532, 21.219916164218088 ], [ 71.99178002866806, 21.200595075545653 ], [ 71.927408559946272, 21.17218803265806 ], [ 71.859687573287928, 21.142266477022176 ], [ 71.849334906896573, 21.136318346036209 ], [ 71.845235663447255, 21.133962834880219 ], [ 71.838105516105614, 21.129865313368047 ], [ 71.810355266197192, 21.113913216100372 ], [ 71.809048600269094, 21.113161900958687 ], [ 71.802777596172447, 21.110788918244452 ], [ 71.793700641977452, 21.10735362758339 ], [ 71.776645494800292, 21.100897220669442 ], [ 71.754188482410783, 21.092392564726918 ], [ 71.741286682849065, 21.088909431261648 ], [ 71.674900367025714, 21.070969463323149 ], [ 71.658513127609154, 21.066536541070441 ], [ 71.638871320956085, 21.061220876623768 ], [ 71.62395388255797, 21.057182059045243 ], [ 71.609458116179241, 21.053007769436636 ], [ 71.544665889313407, 21.034332500300017 ], [ 71.538333864792051, 21.033607575956811 ], [ 71.536904705796317, 21.033443925013696 ], [ 71.498517805493606, 21.029043734568827 ], [ 71.492674082851337, 21.028373112499807 ], [ 71.492641734709295, 21.028369398877885 ], [ 71.476579621939536, 21.022733685841608 ], [ 71.469026741403539, 21.022069284542223 ], [ 71.465116755794114, 21.018710577338368 ], [ 71.460173320304946, 21.016975294489043 ], [ 71.455549353465784, 21.012976235299121 ], [ 71.45246698397213, 21.010310262004289 ], [ 71.433096083713366, 20.993553026924793 ], [ 71.432992508937588, 20.991699433884431 ], [ 71.432697376870081, 20.986417808378846 ], [ 71.430916775712504, 20.954556034465835 ], [ 71.4288236740977, 20.949527059034839 ], [ 71.428197720174751, 20.948023059134513 ], [ 71.422042252591524, 20.933231737839961 ], [ 71.418917091777757, 20.930440239814374 ], [ 71.414553416147442, 20.928858159178599 ], [ 71.370819448614611, 20.917432069937409 ], [ 71.35213794199079, 20.915015942425445 ], [ 71.297621240259375, 20.907953243729956 ], [ 71.289990823146439, 20.9069632994103 ], [ 71.265584355780305, 20.900573726623954 ], [ 71.242275349811806, 20.894467436137834 ], [ 71.196076788301781, 20.873271791189513 ], [ 71.147338497826397, 20.85089217847533 ], [ 71.126259046486581, 20.844846896442807 ], [ 71.104320967728256, 20.838552241356247 ], [ 71.0921825924286, 20.835068026333662 ], [ 71.079307979272542, 20.832147550798897 ], [ 71.033774666446305, 20.82608660506915 ], [ 71.032140027937231, 20.826055065742999 ], [ 71.021617704092407, 20.825851672869479 ], [ 70.963564233198198, 20.824717888106495 ], [ 70.929278876157937, 20.824039045239012 ], [ 70.931409268433455, 20.847987418745419 ], [ 70.940596941619035, 20.906778158307421 ], [ 70.938819581843362, 20.97259511917763 ], [ 70.938092930591523, 21.055617303195977 ], [ 70.902134242924191, 21.087680544992949 ], [ 70.839474658249159, 21.091879377481185 ], [ 70.781712456559106, 21.084724447677683 ], [ 70.73881817475737, 21.037844669203061 ], [ 70.7054981880555, 20.976885887445743 ], [ 70.678988566504188, 20.891763783077842 ], [ 70.650358460511995, 20.835438645285354 ], [ 70.637546599046331, 20.814764661417357 ], [ 70.603342361538395, 20.835607411030804 ], [ 70.553047259323591, 20.857400411366125 ], [ 70.548168919102238, 20.859512997377028 ], [ 70.533021243937441, 20.866071396361477 ], [ 70.530089307694283, 20.867340580604615 ], [ 70.494693887289344, 20.874836876518774 ], [ 70.491014875733995, 20.875615559177504 ], [ 70.46009072803605, 20.891253122924169 ], [ 70.43423956007841, 20.912273528064013 ], [ 70.378064485673647, 20.957913262215637 ], [ 70.373517176366306, 20.961605468170269 ], [ 70.301511682520328, 21.020025049210641 ], [ 70.193053252820334, 21.103725920875728 ], [ 70.179039628742089, 21.114527273637204 ], [ 70.171803236436602, 21.120103701407963 ], [ 70.17152055896068, 21.120343450871726 ], [ 70.068740201535661, 21.207421603223999 ], [ 70.060471448925952, 21.214418965393261 ], [ 70.05178502353435, 21.221768472475418 ], [ 70.029240894006875, 21.244789730202513 ], [ 70.005916118061776, 21.268595767933508 ], [ 69.948255265954032, 21.327392205258022 ], [ 69.866909112679579, 21.404114410533207 ], [ 69.799822851058309, 21.467283630404719 ], [ 69.749118637850643, 21.517886327136441 ], [ 69.739728665806609, 21.529540411028432 ], [ 69.675485772076186, 21.609197429110679 ], [ 69.634375295147692, 21.647780397380174 ], [ 69.594552889023319, 21.685120616574377 ], [ 69.591513120772333, 21.687969541365 ], [ 69.547190088620255, 21.71407825817548 ], [ 69.535192219608689, 21.721141571654638 ], [ 69.522239045739639, 21.73306016381278 ], [ 69.459128022681384, 21.791081045183592 ], [ 69.456300161501318, 21.793678908091458 ], [ 69.451926644323777, 21.797696389617311 ], [ 69.449231078207717, 21.800756454506168 ], [ 69.433348261661379, 21.818782787271527 ], [ 69.427177811135678, 21.825784060762007 ], [ 69.419158256730626, 21.834881797099399 ], [ 69.413922760863755, 21.840820189876538 ], [ 69.407889983777906, 21.847661938848486 ], [ 69.394828980853973, 21.860128631104391 ], [ 69.379047585657517, 21.87518695636831 ], [ 69.352209679798321, 21.900782700144592 ], [ 69.288021978991409, 21.951520013864609 ], [ 69.272446661128754, 21.963820986895442 ], [ 69.303362677196532, 21.999722459960395 ], [ 69.350738205022367, 22.156792063942579 ], [ 69.358562377693062, 22.296412035177411 ], [ 69.355200279668054, 22.314870534666866 ], [ 69.379145660661777, 22.320806372329756 ], [ 69.402907381313554, 22.322793160946599 ], [ 69.463002001823398, 22.32780964795386 ], [ 69.483492962522703, 22.334202425264618 ], [ 69.490769671395384, 22.342665532533221 ], [ 69.500943947724579, 22.35449672398655 ], [ 69.519970372421596, 22.366686973022702 ], [ 69.562556409141919, 22.371370489435805 ], [ 69.663083565124666, 22.374114420140089 ], [ 69.684195586357006, 22.374682722569986 ], [ 69.705954438952958, 22.387751504004999 ], [ 69.714749894046065, 22.393032842766061 ], [ 69.745325524363295, 22.411393138471965 ], [ 69.770926865007851, 22.42259928232798 ], [ 69.787694133448852, 22.425378913072237 ], [ 69.813652824587692, 22.42371268666783 ], [ 69.831560507299457, 22.422473901720469 ], [ 69.838314970662736, 22.422006120968742 ], [ 69.861649228350629, 22.421429830895896 ], [ 69.883625098782815, 22.423154679759953 ], [ 69.894584620545743, 22.432954909769006 ], [ 69.925390589122514, 22.460492250375129 ], [ 69.944011604494122, 22.487138796008761 ], [ 69.949126748704458, 22.494456734901739 ], [ 69.952883285497336, 22.499830499484148 ], [ 69.965124125287787, 22.528261594022254 ], [ 69.971446431813263, 22.533607293144357 ], [ 69.976549125715536, 22.537921346681237 ], [ 70.001020114778626, 22.544380760143881 ], [ 70.054312758209633, 22.546927285052984 ], [ 70.147319241097364, 22.551329116563672 ], [ 70.194972370414305, 22.564130927411885 ], [ 70.230921758516899, 22.579006816312329 ], [ 70.209762957985916, 22.570252707467965 ], [ 70.053209913556231, 22.546886206870909 ], [ 70.086408623430273, 22.5659901543012 ], [ 70.162753484024222, 22.575393230479278 ], [ 70.201709694997703, 22.580177103024127 ], [ 70.20829795757669, 22.582855947923015 ], [ 70.232093850345535, 22.592528647706935 ], [ 70.245122597976689, 22.614970559413116 ], [ 70.250041215873267, 22.623441067414522 ], [ 70.257015917459753, 22.635450756375413 ], [ 70.263370338968244, 22.646390687212115 ], [ 70.27229598396778, 22.66308574473528 ], [ 70.279303640053428, 22.676190721225037 ], [ 70.280852291924177, 22.678003075424513 ], [ 70.295450205403199, 22.695084033104713 ], [ 70.295609844423367, 22.695270799373763 ], [ 70.313265127794551, 22.709249254916937 ], [ 70.319150985007738, 22.734902191659575 ], [ 70.319004428292175, 22.755333842922298 ], [ 70.318956357799053, 22.756741417493735 ], [ 70.318418420023278, 22.772485416461826 ], [ 70.330812717011398, 22.79359513119897 ], [ 70.341399957059664, 22.809377626937533 ], [ 70.349905485388064, 22.822054247373419 ], [ 70.353923483917825, 22.840056448025194 ], [ 70.364232983738532, 22.854665478607945 ], [ 70.375194538728763, 22.872870139873491 ], [ 70.386449230710213, 22.882498012540953 ], [ 70.405660806834959, 22.885201701129699 ], [ 70.412819859113156, 22.87896997070645 ], [ 70.412938286055081, 22.852502474185211 ], [ 70.426503985081666, 22.839300277494221 ], [ 70.428617605805613, 22.838634196854187 ], [ 70.438985662793712, 22.835366305204339 ], [ 70.464267409244314, 22.841098063255412 ], [ 70.504294108426208, 22.867993270318433 ], [ 70.50874978244579, 22.872846734059902 ], [ 70.526868393391069, 22.892578656579442 ], [ 70.532623174491846, 22.898844419392272 ], [ 70.549317693016206, 22.931512280982481 ], [ 70.56077884814205, 22.959023945153429 ], [ 70.569159679701954, 22.979453924114509 ], [ 70.56967811960088, 22.980717559497727 ], [ 70.586313152918038, 23.021253114404686 ], [ 70.588699281387306, 23.027065884001129 ], [ 70.604068969720899, 23.050628701207319 ], [ 70.611728035597892, 23.062367513545627 ], [ 70.625773808242428, 23.08388970850768 ], [ 70.62626395425805, 23.0846406297863 ], [ 70.63596926323028, 23.09112880073048 ], [ 70.67093953903283, 23.114497752948036 ], [ 70.683283802048138, 23.121687837325958 ], [ 70.726392545146879, 23.146784509226844 ], [ 70.743296752759917, 23.164433319560793 ], [ 70.756310228858368, 23.158571929882388 ], [ 70.750097171599094, 23.14337377924706 ], [ 70.746252768194807, 23.133968300148933 ], [ 70.789185858824979, 23.082302815507756 ], [ 70.839174488265755, 22.999653454488755 ], [ 70.799763598118986, 23.064825369308949 ], [ 70.895475028021721, 23.112295673351731 ], [ 71.10624037444957, 23.156303204482175 ], [ 71.19663093277191, 23.15850791010142 ] ], [ [ 70.659387074567761, 22.283625722300236 ], [ 70.677823830207586, 22.309165681117662 ], [ 70.673487280184801, 22.303159249805322 ], [ 70.659387074567761, 22.283625722300236 ] ], [ [ 70.974884485172822, 21.328898788899473 ], [ 70.970006949672921, 21.319143324260949 ], [ 70.974946456334422, 21.278099271246766 ], [ 71.012167754109257, 21.243191235563064 ], [ 71.066039308064475, 21.234168140293068 ], [ 70.974884485172822, 21.328898788899473 ] ], [ [ 71.211914990607852, 21.737663289295895 ], [ 71.205629502341097, 21.734546146636657 ], [ 71.178207356945578, 21.71078259290627 ], [ 71.211914990607852, 21.737663289295895 ] ], [ [ 71.203137303110367, 22.11589359662743 ], [ 71.209689206584898, 22.102299380379577 ], [ 71.208093606916137, 22.105611030159231 ], [ 71.203137303110367, 22.11589359662743 ] ], [ [ 71.026683531743359, 22.29480001545986 ], [ 71.026682622481417, 22.294820110550297 ], [ 71.025784893796001, 22.306269589199903 ], [ 71.026683531743359, 22.29480001545986 ] ], [ [ 71.062071872039468, 22.991999426345217 ], [ 71.059203597868134, 22.992730205482513 ], [ 71.014291743079497, 23.004164712926304 ], [ 71.062071872039468, 22.991999426345217 ] ], [ [ 71.719854993720901, 23.14230733406529 ], [ 71.738258552668924, 23.142183292457553 ], [ 71.732472506761511, 23.158149916407432 ], [ 71.732526274002197, 23.223078529027934 ], [ 71.719854993720901, 23.14230733406529 ] ], [ [ 71.849048886519526, 23.965834623460744 ], [ 71.94455768178392, 24.084020828078188 ], [ 71.892744179147513, 24.244363779272732 ], [ 71.849048886519526, 23.965834623460744 ] ], [ [ 70.665806672115153, 21.650101121063575 ], [ 70.623711682608786, 21.682900257585796 ], [ 70.612494512224814, 21.691635537569734 ], [ 70.665806672115153, 21.650101121063575 ] ], [ [ 70.147179452805076, 21.824562839078943 ], [ 70.201367410931667, 21.761773411906287 ], [ 70.15654635451466, 21.813715117270565 ], [ 70.147179452805076, 21.824562839078943 ] ] ] } },
{ "type": "Feature", "properties": { "state_name": "Yanam", "id": 33 }, "geometry": { "type": "Polygon", "coordinates": [ [ [ 82.185862322091495, 16.780933023104858 ], [ 82.156302850117058, 16.781967515992555 ], [ 82.146010053913173, 16.783752452151184 ], [ 82.124338776347372, 16.797873787929795 ], [ 82.125494783017928, 16.828665909906473 ], [ 82.140196607224382, 16.865222083180598 ], [ 82.172004824724127, 16.884065587034328 ], [ 82.205472344909353, 16.868629427413865 ], [ 82.209148535124967, 16.848541706111895 ], [ 82.209922527968956, 16.829982164279738 ], [ 82.206316930987342, 16.813002578782189 ], [ 82.185862322091495, 16.780933023104858 ] ] ] } }
]
}
