{"type":"FeatureCollection","name":"India-1901-states","crs":{"type":"name","properties":{"name":"urn:ogc:def:crs:OGC:1.3:CRS84"}},"features":[{"type":"Feature","properties":{"state_name":"Ajmer Merwara","id":1},"geometry":{"type":"Polygon","coordinates":[[[74.17569668818348,25.67347436417928],[74.15461078872096,25.635366955327],[74.12254605413617,25.587156831382316],[74.03578689195167,25.466200192754897],[73.92640293798603,25.33643026200812],[73.8266708535467,25.254471281403184],[73.82060864540423,25.241878019787546],[73.77524619475271,25.257750731493203],[73.76664703803351,25.27679147129374],[73.75969958453653,25.339803474117797],[73.75099344031898,25.36839796367797],[73.74946921008622,25.414253676764638],[73.74912392985098,25.447696459634564],[73.75936369746744,25.475495458609192],[73.82491798750983,25.55439419008402],[73.8646482261296,25.58624249294204],[73.89920872552058,25.60944115422853],[73.92740705773116,25.6383189624165],[73.94300002427418,25.66327838433604],[73.95643191405468,25.69490999138931],[73.96247796786574,25.727443592598895],[73.97275604435046,25.759051208295],[73.98834913723127,25.786872770838695],[74.01449056538817,25.816675823919105],[74.06369634953529,25.869559310783398],[74.09723362242687,25.904173508951367],[74.12134261008835,25.930122894866336],[74.12496378213692,25.93630244125867],[74.13595607223677,25.955056432645254],[74.14212477615995,25.97898311218241],[74.13321120624339,26.041043544361564],[74.14470095475815,26.061179409273116],[74.17621877253971,26.092897179387045],[74.20569463097118,26.115996689650185],[74.23101003849531,26.12951224365646],[74.26252742940135,26.167900719561306],[74.26664956509184,26.186077997180558],[74.2686484065309,26.20519993830873],[74.26012588728126,26.212801033105507],[74.25693572652551,26.214695752328634],[74.24739537138389,26.215601716498796],[74.2304141589541,26.22028973160586],[74.20281119121215,26.228739502758376],[74.19419708092953,26.24875849188381],[74.19400578809554,26.276468932001794],[74.19917408342712,26.295609199662778],[74.21494653927009,26.314807704291105],[74.25189606157724,26.33985001426329],[74.26352521407239,26.345643659816457],[74.29956104028037,26.349646636252206],[74.34200124789741,26.346981101092336],[74.39397989886685,26.345299205412104],[74.41304616794028,26.35015650054274],[74.44786524523717,26.38851835696548],[74.4933122721272,26.42882103389439],[74.5038767414281,26.44032507397876],[74.5292858729448,26.456655920733986],[74.54626426777003,26.458622015733354],[74.56432650897663,26.45485590011257],[74.58557232728074,26.45109675660901],[74.60255096388165,26.45305616610475],[74.63858854507453,26.471308056355777],[74.64915402576564,26.48853497670078],[74.65440363584109,26.50861507371651],[74.6755760452209,26.533509958871672],[74.69572526557127,26.546932529761765],[74.7251897552453,26.55002173088754],[74.72921168524104,26.535358471726802],[74.74516192865701,26.52869877259068],[74.75316292831909,26.512945652186904],[74.7587766847216,26.49503794215761],[74.76605097362778,26.442731224749647],[74.77804793891451,26.41408233178246],[74.7844327819766,26.40477496106281],[74.79878840184116,26.387594963382423],[74.81473562306557,26.367548703832238],[74.8386331993776,26.34679305407094],[74.84898657040857,26.33748709578061],[74.86332768577208,26.31743353033377],[74.87209153723512,26.303107321730387],[74.88882459967172,26.267285393368518],[74.89758907338042,26.244356855783625],[74.90873957567332,26.21426199281759],[74.91511026439447,26.19491429757949],[74.91512532417035,26.17412919960271],[74.9167297221855,26.15191150718898],[74.91753496140807,26.136143869085473],[74.9199522711453,26.08454029373873],[74.92473602748568,26.050856109644318],[74.93429925284595,25.976319296355115],[74.93829029580708,25.926148468269297],[74.9486017672571,25.909667136631562],[74.96208234038284,25.88601831921547],[74.97317992419815,25.866668306831595],[74.97873037272227,25.840149065155703],[74.98427777488803,25.81793010207991],[74.99536527999089,25.801445273067813],[75.0056726900969,25.795380216227244],[74.95869031046891,25.791197093705748],[74.90564369573302,25.791172356369074],[74.84468353342955,25.78825297640566],[74.78056500259201,25.7824362718725],[74.70222144225208,25.769395292974],[74.6127797082668,25.767034541865918],[74.55818333046084,25.761145007482824],[74.45831297796506,25.791627847863616],[74.43768464124578,25.800867250611887],[74.37900830532638,25.817113518202124],[74.36317100005357,25.817044992776548],[74.33229244213119,25.81618968974032],[74.30066052226084,25.80887362330264],[74.27381806651134,25.795840880798607],[74.2493744694505,25.779948734469528],[74.2281590045479,25.755468955469212],[74.21170923572626,25.729578558392912],[74.20836306630366,25.724844007643547],[74.19289807022366,25.70295655800652],[74.17569668818348,25.67347436417928]]]}},{"type":"Feature","properties":{"state_name":"Assam Province","id":2},"geometry":{"type":"Polygon","coordinates":[[[90.69233711132097,25.223857190090627],[90.66366766196279,25.224935849103655],[90.57155471588482,25.22675429034184],[90.51447113791173,25.231745000722803],[90.47277868673706,25.226890044364012],[90.43673499661038,25.217866430010368],[90.36955808205451,25.210016531586575],[90.3206673660648,25.199354881791244],[90.31019608292307,25.1990699583059],[90.29652630421816,25.200220728022384],[90.24418691607897,25.20461480411401],[90.20415724518342,25.211031292894646],[90.20375465554591,25.21112761928464],[90.18435977624691,25.220178850709654],[90.11571458995734,25.2460818692658],[90.07503317845332,25.25968908601485],[90.04050556988466,25.267785104765952],[90.03009398398937,25.27022473428313],[89.9740434932908,25.294761851842974],[89.88563173114159,25.317954928073775],[89.7921739190595,25.321735244934374],[89.76181841713245,25.326018812774127],[89.75276093194977,25.337009474403864],[89.74391712975638,25.347739288319662],[89.72936640440494,25.427613796576313],[89.74001839862908,25.482657258510063],[89.74325784835085,25.499372045947947],[89.75392650069006,25.554338078894453],[89.75471308978706,25.558385722184934],[89.75485621798427,25.563112999680364],[89.75827439956421,25.674924573206404],[89.75924330768049,25.70624817949583],[89.75928775396203,25.707681238161978],[89.75452185984494,25.762002462624803],[89.75080445099178,25.780352553711644],[89.7489524912721,25.789494977367422],[89.7438233598322,25.802961788963586],[89.73827881001377,25.817518242402127],[89.73449124801449,25.82897283312296],[89.73266868783121,25.834484580764723],[89.72410615939445,25.858779958900335],[89.72247209555985,25.876505412846196],[89.72653411962227,25.898321452445632],[89.74450358102195,25.917520394005898],[89.76989795308165,25.944133252034607],[89.77776092067202,25.954212386696074],[89.77918487856424,25.95603735257609],[89.78351145245915,25.969628971309266],[89.78587561547347,25.988106664635044],[89.75345456187105,26.068742600577053],[89.74365819205849,26.098644733049575],[89.72922982469579,26.142679811153787],[89.7083740713106,26.182322364895942],[89.6897194512789,26.208858198166173],[89.67159339338785,26.237692270951513],[89.66923702162357,26.241439992112312],[89.64928579119531,26.26811253162629],[89.62399832050636,26.283630630635123],[89.60891004171927,26.287544148959164],[89.57930255480863,26.29289840680324],[89.57843243627812,26.293055664397738],[89.56713983939704,26.286029239491402],[89.56070915959623,26.269280039738],[89.55018014087166,26.262042911147656],[89.54998534475153,26.248185233217555],[89.54844143510003,26.249524196458825],[89.53104823387758,26.26596598973017],[89.52780059875776,26.291486973097175],[89.51974689970734,26.360851079171464],[89.51529313808564,26.367714690934093],[89.54516542965108,26.424284395428558],[89.56323211222539,26.468676425511077],[89.59727620850347,26.530720832207685],[89.60137910551798,26.572462492945053],[89.60190321101102,26.61165139795962],[89.60149944229383,26.638638038845087],[89.60375784806085,26.706894790024585],[89.6363051824122,26.7115725097076],[89.66740980720951,26.71601984510997],[89.70327877377058,26.715034740182627],[89.8001457514648,26.713869094974108],[89.8419100026608,26.722051559251963],[89.89370762308225,26.71158082952375],[89.95048081005145,26.7033649537788],[90.01367678605462,26.69653769427958],[90.05233512868045,26.704984648955932],[90.08125916057472,26.716583960109947],[90.09013253945749,26.73597698768016],[90.11860944596744,26.767269211339187],[90.15674722102844,26.794684503578466],[90.18826428532041,26.81930181983943],[90.30721185504,26.865116266598882],[90.33975334818012,26.874131138672148],[90.37345848702358,26.874587276434617],[90.41246021256309,26.862516716238115],[90.46983014514903,26.836454563241045],[90.52061850734476,26.79709025478233],[90.56936331206143,26.7824880966823],[90.62106507536146,26.76683591845945],[90.66381973517274,26.759892149253254],[90.69312944479773,26.762874009817477],[90.72070585605609,26.764644200412178],[90.7342554113074,26.766605335024785],[90.75924448816562,26.772165164862596],[90.81963020381252,26.78095149325948],[90.85091458007622,26.785491324186975],[90.92038512613242,26.79640543826812],[90.95255607535988,26.797590619582717],[91.08938396114493,26.788693837100773],[91.16511195325891,26.77843475669556],[91.23624272822818,26.77427440530094],[91.2779088852361,26.7819552418439],[91.30072044372841,26.793951988368793],[91.39131086235207,26.80558532705339],[91.42485925348022,26.805783075888225],[91.51904109346208,26.79451144247659],[91.57630332592271,26.802308310938308],[91.69771509150168,26.801603121992816],[91.76130686453332,26.820419573010454],[91.85380291200498,26.870349204945036],[91.93622041705605,26.86602026468482],[91.97535181007909,26.85885545045558],[92.02953247580193,26.856794921039427],[92.05329082645557,26.867806736956858],[92.09972138223536,26.89111136192638],[92.10981965059966,26.908915182968588],[92.121032583176,26.90299292959846],[92.15378433035593,26.892496207953315],[92.17985738313672,26.89329976655877],[92.23000986941828,26.890488534240824],[92.26977693456224,26.895945431765668],[92.31890671874507,26.894971301358314],[92.35203889783652,26.899494888239534],[92.38035490060058,26.90636433347125],[92.40958153820837,26.91078528156871],[92.50242856438719,26.90765143180169],[92.52864963060718,26.90138769381571],[92.55214462516554,26.89837407267769],[92.58906097684446,26.898277823734045],[92.68834093481635,26.89127703391903],[92.81202488919494,26.883343371442102],[92.88829131539457,26.88266716951008],[92.93176089272782,26.883351624460364],[92.95929485916095,26.885536488290036],[93.00103879137478,26.88758269631785],[93.0564251381808,26.886070232289683],[93.09789457446135,26.890438464125822],[93.17280196848863,26.889762315777052],[93.19635541366257,26.8953199558432],[93.25469615916721,26.89622054545233],[93.29645535075895,26.906273705344944],[93.35563145432124,26.912226412222807],[93.39283471804224,26.918219188528422],[93.44131498033401,26.922093232379137],[93.5004128299248,26.931455003645745],[93.51375672336846,26.93774981699871],[93.53234697018983,26.944486597252837],[93.54260465416266,26.940193317973762],[93.53652680542923,26.942737267263222],[93.53808315101668,26.957833004642374],[93.54177462095957,26.979570544689047],[93.54665489898026,26.99002524144199],[93.56739563319745,27.00248295941031],[93.58533908814421,27.016708433223165],[93.60526791755709,27.033437480916323],[93.62111819555322,27.053501051794072],[93.62647095031484,27.084732905437164],[93.62261305489429,27.107501946565034],[93.62389384202817,27.12400544413087],[93.62791785543197,27.14677066072462],[93.6434111796162,27.16345357044191],[93.65716807473265,27.174100733905437],[93.66639449855448,27.182862428208153],[93.67457007166853,27.193649768720643],[93.68190736166821,27.207687994406648],[93.68734698360475,27.2188520677965],[93.69083892959888,27.230912520887188],[93.70525954889301,27.253374960017865],[93.71466504859494,27.267122736851984],[93.73398825469329,27.28137292355833],[93.75677061698283,27.283221961317405],[93.7690600048009,27.285273828694564],[93.7983704575795,27.284324128790423],[93.81215719336582,27.294940323808362],[93.82299177242943,27.30471276310971],[93.84012683905483,27.32237979916209],[93.85960660919952,27.345356783647524],[93.86792595687719,27.356729101489165],[93.89347509812941,27.39012997775527],[93.91669946145217,27.41820690310962],[93.92402336202741,27.427832022148753],[93.93481481236525,27.445116704353254],[93.94394849680232,27.456991831171976],[93.95539242936553,27.466031670589246],[93.9764358634225,27.473711250966186],[93.9894278805914,27.475632267144483],[94.00519293180682,27.473397804768755],[94.01983473427791,27.468813884163026],[94.03332204803266,27.465645963937895],[94.0457648260513,27.464505263086732],[94.06031175215477,27.47121071940322],[94.07400758894002,27.48492808034752],[94.09102382960411,27.497542930664615],[94.12191389163209,27.516945035192887],[94.13813751187455,27.51337282144508],[94.1475086255154,27.51077933056598],[94.16129369939681,27.51319184365286],[94.17288919768608,27.519048691759473],[94.18048589733381,27.526103914599734],[94.18337516502588,27.538219021635683],[94.2037324751219,27.627389380886427],[94.20727921342542,27.64692766238802],[94.22702595048224,27.67039534402284],[94.2427410121696,27.67940403760407],[94.26077286769052,27.681810189558675],[94.29184563119408,27.678566769391484],[94.312520003028,27.676197390722223],[94.34327606995524,27.663593107167635],[94.35665779742182,27.65601338664195],[94.37139285860772,27.651993389033027],[94.39136763218386,27.649714205020274],[94.40527571928976,27.652698517396274],[94.4093721404142,27.655858580990362],[94.52606519964442,27.648193168190385],[94.61620948304055,27.664353366736183],[94.69039283525181,27.677794088685868],[94.73631325688628,27.686624071234366],[94.77630693354408,27.69381378949412],[94.86300694345725,27.706517077424312],[94.88977798265867,27.710637610605456],[94.92770639221591,27.714326924065645],[95.0586593220376,27.727093201550524],[95.13074795617062,27.740533669678662],[95.17178644186421,27.75678104915542],[95.19868131674626,27.76517459171637],[95.23420958582567,27.77099195984094],[95.27314536494849,27.77627500153408],[95.29954737181336,27.778471849275746],[95.33041542786994,27.785595109153903],[95.36421927392108,27.78975939458444],[95.40358987011874,27.793677960816773],[95.43472224482198,27.791366131266496],[95.47662661223069,27.78675400770386],[95.51988005821084,27.781918379726534],[95.5662847745779,27.775329760735225],[95.58346695695185,27.766417008346295],[95.60429984213393,27.747577947761012],[95.62009188178719,27.72453492419182],[95.64215055073575,27.704881192344047],[95.65767819316655,27.691234435274822],[95.66939037001849,27.658231127045863],[95.69346055986614,27.53852827191465],[95.69079322248838,27.478486954225286],[95.68762780078814,27.451557404387078],[95.67889866012646,27.40679667116922],[95.65412740423541,27.376360845399883],[95.62442182679564,27.349171280405066],[95.5769262786277,27.31286793037676],[95.56168735407223,27.30391436384585],[95.55996406615176,27.294970704135622],[95.56149392450425,27.28912856686851],[95.54789925767922,27.287984530168938],[95.50936222796871,27.28054452060335],[95.4911233795092,27.27412840096946],[95.4272998909187,27.271908590654846],[95.39094113220983,27.267776863559185],[95.32556042509317,27.25744157010859],[95.30733027804297,27.253754497132842],[95.2840954673651,27.253586623712],[95.25801219106835,27.25200105116933],[95.24662929179927,27.246346461078126],[95.22954401031625,27.232332418070833],[95.21355593346689,27.22137574042168],[95.18878512686716,27.20482282444924],[95.16954361429787,27.192963713475162],[95.15465631912043,27.185056830130886],[95.14125044230244,27.185801935005205],[95.1362936387336,27.170969375206305],[95.11737816122202,27.162852564130716],[95.0658676390652,27.15959972259516],[95.047476646035,27.147355739346693],[94.98960992628545,27.10984535408934],[94.95225456312839,27.071566165182297],[94.92075670905534,27.043934571302632],[94.91033489537843,27.032787722646475],[94.89647198906343,27.020416629963368],[94.8639281173564,27.00444802279007],[94.7723263245091,26.946936291313744],[94.76179874126058,26.942128906624546],[94.75724987983824,26.93228036568966],[94.75331388581753,26.92375591809689],[94.74994997319357,26.905212364906905],[94.74856605487759,26.865617225259758],[94.74670120967431,26.841088917598274],[94.7279929292981,26.787288578833003],[94.7088360329162,26.76296044295739],[94.6941319860133,26.745480398590196],[94.67915300736524,26.72284616572492],[94.66741306361943,26.700317845596878],[94.63276600540604,26.660899326672624],[94.60582822854505,26.63939216901862],[94.5424954469681,26.62250943658069],[94.51058149037803,26.612645630498886],[94.48849730976426,26.61118000160324],[94.45918401241948,26.590541321339575],[94.44612817228776,26.571045634533252],[94.4338368655381,26.54855341190357],[94.41011720904685,26.53402624177],[94.39134828528354,26.51475206372287],[94.37429374172551,26.50157963208081],[94.34962416996859,26.47043017959716],[94.33739382876598,26.455414590083876],[94.33518134426002,26.420517816310422],[94.35983517929986,26.38530740105516],[94.36114548084755,26.37069605025098],[94.3591349834674,26.355397970675977],[94.34665957978336,26.327720505064246],[94.33177780630591,26.29345304610742],[94.32545935052555,26.282797010683794],[94.31089910152542,26.257712548211863],[94.28822464113031,26.233757604057175],[94.26148142891519,26.2195964269996],[94.23988886009352,26.20932797082623],[94.21752900327132,26.194543155172937],[94.20065445836521,26.181877646858762],[94.18672212909149,26.15263816692654],[94.16638147649483,26.100614640591054],[94.15983682103605,26.06573042651676],[94.1584993364286,26.023779533247534],[94.15852929952094,25.974716979978382],[94.12963908402364,25.81767023753432],[94.12673119932782,25.781136688308322],[94.10380718219538,25.670013705914556],[94.09726958886485,25.642053399649345],[94.0943477816856,25.62052532963858],[94.09460078913536,25.606643942115348],[94.10241165506825,25.603852749802734],[94.107206563485,25.6043270625175],[94.10154953386838,25.589188353538518],[94.0917560011296,25.576093655539175],[94.06442270878921,25.560756628071157],[94.04554200890745,25.558117219674177],[94.02152233862056,25.559053625088424],[93.98753938578517,25.561328283462302],[93.97193156640411,25.570933647304102],[93.93228487263795,25.581462041513014],[93.92091167962775,25.585876505106576],[93.89661626600244,25.589137771300482],[93.85603236239643,25.578408079822637],[93.82933983821131,25.54732894091859],[93.8029558864374,25.521973234908742],[93.77120646567708,25.510604245641375],[93.75277149338805,25.510742637281588],[93.73558127977525,25.510713217743064],[93.71536427536037,25.5116600576295],[93.70315759250677,25.510965866698626],[93.68756091761908,25.50898567333833],[93.66286103266619,25.501850435929235],[93.5934340021036,25.453789959588466],[93.56854390496864,25.433362586195212],[93.55122767827633,25.408468861367112],[93.53783617096452,25.380168250659043],[93.52944692542076,25.359302844240784],[93.50804249430672,25.259802412911533],[93.49647937501936,25.234721547399708],[93.48287579455575,25.21683759401786],[93.46865240248681,25.203076506918364],[93.44864883103699,25.19294966475537],[93.43246759724757,25.186948708743255],[93.40410267812516,25.180203822072794],[93.37191279154102,25.173365153977826],[93.35688378705929,25.170672383169432],[93.33635238873569,25.161167723703553],[93.30178751390994,25.14304778513824],[93.27198306467318,25.1433893853962],[93.25931369394542,25.155995224376955],[93.2408461413936,25.172232989732223],[93.23373206814574,25.17398067509355],[93.22124920456257,25.17704641255853],[93.19484255613972,25.16652796592586],[93.17136703279718,25.133647604920704],[93.14885784272923,25.086174282834552],[93.13301855266288,25.06561731005432],[93.06863639331095,25.022245947082613],[93.05269238696536,25.00920644165372],[93.03993543822344,24.98361255799836],[93.03217070303047,24.95739057875945],[93.02382678701282,24.939919397232355],[93.00585381430348,24.91323496817359],[92.98774836508267,24.88135410682492],[92.97843049757803,24.853003481792072],[92.96852773659323,24.820673458546583],[92.96106549775561,24.796139855634557],[92.93760743378422,24.762014602499853],[92.91948157192653,24.72953661932451],[92.88863325955218,24.670843598300095],[92.86556220440045,24.630277709795948],[92.83862932770127,24.606381486590006],[92.81580712032282,24.571554840668078],[92.81144429855412,24.528679622604415],[92.79906378097004,24.465368293289654],[92.79458331224382,24.430902035498004],[92.79365836631452,24.42377803625849],[92.78873039035832,24.37229208639989],[92.76761499866956,24.194881266029295],[92.77659469580598,24.169497710177485],[92.78717743599627,24.128880716203312],[92.79863452245702,24.103203457146982],[92.81693345370815,24.081331770732408],[92.85500477830327,24.07442755267511],[92.89088612272963,24.087440757003794],[92.91331321113292,24.103229091958234],[92.95581091455082,24.10963415309381],[93.0080428652366,24.113680378376024],[93.04586247690582,24.113918124905716],[93.08936405929312,24.09611198764838],[93.12656471222941,24.08184391753608],[93.19229545906234,24.0496665853284],[93.19567736455555,24.04356961500626],[93.20690228099075,24.023331561492974],[93.22883983018004,23.983772287204435],[93.23245501312448,23.967673659730856],[93.2389145829696,23.938914909201277],[93.23909768957272,23.93776487629651],[93.2393325264234,23.93705444658973],[93.26540673501108,23.821050992869154],[93.27021140792142,23.730340404732992],[93.27158278632731,23.704584823988117],[93.26455126773969,23.655764112620112],[93.26264827618432,23.642528427564983],[93.24968615328447,23.54160271935585],[93.24307847849406,23.495311042890215],[93.2307778753526,23.451093367802024],[93.21805566146283,23.424929800431222],[93.20976846609587,23.39822835292243],[93.20398931867061,23.357372744497916],[93.20189889027367,23.34257130121812],[93.16429397714036,23.29585638437661],[93.12083314268622,23.246375928566607],[93.09686627532271,23.23633177510831],[93.08019425548193,23.244754520517052],[93.04036734561731,23.249493436533488],[93.00234493333227,23.24569230427978],[92.97075227085357,23.234188160918652],[92.95096762505253,23.221279697892868],[92.94352536564854,23.199979769298963],[92.939573624127,23.171336708762304],[92.93525274575188,23.139964888818813],[92.939693327585,23.105459578216287],[92.92580875814748,23.085158741903875],[92.91334135100412,23.011862513268824],[92.90485731964411,22.96183358233591],[92.93342642635713,22.746243575844147],[92.95040573797058,22.636999645677584],[92.95475608777532,22.609049838496066],[93.00127439628592,22.492524836634217],[93.0080307763255,22.413276293682586],[92.98712768850291,22.343786982641248],[92.97472064356212,22.301020947576394],[92.95941022527387,22.27961003729061],[92.94018209000096,22.279066172525944],[92.90688439404894,22.263480484196915],[92.90668813544349,22.26333767420656],[92.89261693145264,22.26096754530939],[92.84901364663949,22.241270590506872],[92.84360368750373,22.21384868622711],[92.83005461313886,22.131160631959926],[92.79191693860949,22.08077171048418],[92.78287982952622,22.07668984225197],[92.73716417903363,22.067967652216566],[92.73108524519132,22.06903509895245],[92.72111982281652,22.070784504934313],[92.71536075073422,22.07179521349065],[92.7083254932162,22.094147486991734],[92.70729242832414,22.097429860911603],[92.70586787356807,22.10195618128448],[92.69631997722132,22.143212125747624],[92.68149123513327,22.17813512456382],[92.63513850159207,22.211049995671473],[92.59721448462655,22.240247117568433],[92.5865266373248,22.249760947514435],[92.54205809478032,22.263045890097874],[92.51820379319614,22.262930628276713],[92.50816640755507,22.249533031703958],[92.47320937349126,22.24970685722884],[92.4513761057291,22.219418609433383],[92.43784506588501,22.128949699592283],[92.4355700663543,22.111070718887426],[92.43377432938965,22.096945155075304],[92.40153952395542,22.087278859018593],[92.39522582851045,22.09690777533549],[92.39817113958694,22.13440682981865],[92.39507298662667,22.15694608398066],[92.39255587217636,22.184047196720297],[92.38957750287857,22.20750038746229],[92.39161618798043,22.23132595891269],[92.40173084387101,22.256109246109006],[92.4073033897242,22.27355386635799],[92.41000867060002,22.282018916408568],[92.41234149599642,22.30026091484551],[92.41231995967598,22.323389161317362],[92.4071199339069,22.35264312005728],[92.39367994630797,22.387439576130877],[92.39103117569853,22.421040815738404],[92.39152648688693,22.439688625418714],[92.39285416465192,22.489306358963475],[92.39180385766761,22.50103961329293],[92.38959312320918,22.52575663454064],[92.38394351813729,22.574505844745556],[92.38428218826233,22.588814370440534],[92.38487058531965,22.613556917344088],[92.38506206256949,22.621577077673713],[92.38539676409569,22.654855968005943],[92.37361812639286,22.679312667896333],[92.35244513945365,22.71593083362558],[92.35062650489289,22.721300840104895],[92.3442040522159,22.740265153106023],[92.3286572530792,22.786173857564535],[92.31182113962356,22.840835604796236],[92.30247795685239,22.868736276777906],[92.30050730266396,22.899515147208277],[92.29940636752671,22.92927162104028],[92.29897981017747,22.938179746182488],[92.29780326235412,22.96279010956866],[92.2974569613696,22.9906119054484],[92.27650315422211,23.029092981777655],[92.26968674181447,23.03419176105771],[92.25463402455631,23.04544979508033],[92.24505072952529,23.07153987293004],[92.23502080383959,23.091744987972234],[92.2348594248549,23.117411143269806],[92.23044844065535,23.137643144240855],[92.23483967600762,23.16540979564646],[92.23507338460631,23.166886501527575],[92.2381427757766,23.186270576411097],[92.23722175108104,23.193138223496792],[92.23619036577698,23.200830146320737],[92.2351153192555,23.20884922787629],[92.22672746449513,23.228705837898843],[92.23503055766626,23.2546770056171],[92.23963530566283,23.286497701978213],[92.24259079732862,23.30689306079112],[92.23323213229301,23.331297390851287],[92.24305331960565,23.344158495252373],[92.24651878466676,23.35356578857225],[92.2509180794668,23.36550386869126],[92.2537215297656,23.386497724586157],[92.24082558774467,23.41020632701525],[92.22132936841217,23.45969192665424],[92.21507666224525,23.474281164658557],[92.20295260983892,23.502568127516675],[92.19287238261492,23.53986877680905],[92.18536853217759,23.596347698179873],[92.17900363881996,23.638795069188863],[92.16854344204421,23.691221119226935],[92.18432927472611,23.7283788262819],[92.19414573148177,23.744334622439734],[92.20669835060154,23.764726686349253],[92.20694742900923,23.768374068046064],[92.20798460840224,23.78354860552742],[92.2097866951351,23.78454205109314],[92.22219068820553,23.80907583823357],[92.21959021065781,23.826992202052192],[92.21153068848481,23.8418293733447],[92.20150044100214,23.845284500855414],[92.1913078003174,23.84879482958063],[92.18841955575172,23.84844564763948],[92.19004934345466,23.860422082655024],[92.1990476823448,23.970669971259387],[92.19621570286577,24.09713723596738],[92.19654034197954,24.143478882350472],[92.18442828413303,24.18755889864835],[92.16858657737276,24.23393315082224],[92.14303323246264,24.283298800830337],[92.12693497732293,24.361635416567104],[92.11859887157922,24.35540183837427],[92.10476720996026,24.35793945315019],[92.09252390592502,24.375606078480832],[92.08095107065411,24.387161921648907],[92.05916152987326,24.405474587590327],[92.04521450165757,24.418234390433827],[92.03832836871472,24.42138313267576],[92.03023906010024,24.425081548524496],[91.98522146822347,24.471951112041626],[91.98709394851885,24.473687736585244],[92.01359822271152,24.498257900039917],[92.01748935366233,24.526286140324963],[92.01811832017027,24.530812603197926],[92.01476283430618,24.582961510922228],[92.02010064332929,24.588311012399643],[92.0623000056264,24.61925001598216],[92.06332971628794,24.621228989916894],[92.08256308176156,24.624268330184346],[92.0861658242302,24.64995954633737],[92.09333340836793,24.68741889051901],[92.11653724176428,24.74388172152281],[92.11721164286878,24.748657109981988],[92.12501408212637,24.803815083314635],[92.12845831038743,24.8281105944889],[92.13449195989688,24.870594196756734],[92.11461534545772,24.932146603720593],[92.11803171164206,24.956120007878713],[92.12198042326382,24.961963020730842],[92.13372039375456,24.96399649872562],[92.18286122493996,24.958279909276175],[92.26483080485363,24.92428360346376],[92.29645941921028,24.919130792700237],[92.31087315388477,24.9167187848954],[92.33660545759709,24.949189414250153],[92.34307766838435,24.967551889758244],[92.34329392357627,24.968536026280063],[92.34866813391629,24.992979824116777],[92.34535685895605,25.00601677765095],[92.34137393663501,25.021699150096563],[92.33798220909584,25.02971488172119],[92.33283933881198,25.041868650577523],[92.31843791211992,25.07101719472159],[92.31633398794288,25.0752751301046],[92.31364009850378,25.080726885961624],[92.25684959319437,25.124109568614113],[92.1584799647052,25.184653618881992],[92.07455484329635,25.239960615004414],[92.0182471142634,25.261675081945498],[92.00920875149143,25.265158303803748],[91.97694537969083,25.271864224893164],[91.97012799545693,25.273280269355762],[91.93137351412955,25.27786787110769],[91.9154632792291,25.279748211783037],[91.87562229150231,25.28270567754778],[91.76774230575178,25.265730997760116],[91.69265334651371,25.250075282010833],[91.6383245401613,25.231963517001375],[91.60363524423678,25.2186892135743],[91.59718573128131,25.21739928389525],[91.56560386442892,25.219435089129057],[91.51399661897557,25.22920235325861],[91.44781440357305,25.241700663977145],[91.33866772203942,25.257653859709112],[91.31104459583676,25.260794543744517],[91.23086397832371,25.26988067389313],[91.09817018293094,25.269090343214273],[91.01890638877809,25.26571462735555],[91.0083499083865,25.26395838061159],[90.95597863086387,25.255231702217667],[90.8887972117577,25.24168693224206],[90.84268922721752,25.227533464418727],[90.82763066905981,25.224523103479342],[90.80318486826079,25.219631920086],[90.80230718629616,25.219665717024697],[90.79714160902628,25.221981610710483],[90.77278222372155,25.231649041974322],[90.74944376613523,25.225806890565007],[90.73658135832574,25.221614760260408],[90.72137337946756,25.219076697563253],[90.7130412123389,25.218119625867075],[90.70304994247812,25.22014225534468],[90.69233711132097,25.223857190090627]],[[92.10476720996026,24.35793945315019],[93.13120156374714,25.440189410417055],[92.61749510253588,25.526355692441925],[92.10476720996026,24.35793945315019]],[[93.13120156374714,25.440189410417055],[93.09205242959297,25.45561896832225],[93.08601660977112,25.457996736853776],[93.13120156374714,25.440189410417055]],[[90.75393561162969,25.8389388596556],[90.76740761972276,25.827530406718246],[90.76740761972276,25.82753040671825],[90.75393561162969,25.8389388596556]],[[92.6867348167296,25.68414076253331],[92.6867348155149,25.684140759765235],[92.68678219157144,25.68412265975476],[92.6867348167296,25.68414076253331]],[[92.1769420255246,25.980373723826634],[92.17464196868326,25.978139016658393],[92.1697197437234,25.973356053273253],[92.1769420255246,25.980373723826634]]]}},{"type":"Feature","properties":{"state_name":"Baroda","id":3},"geometry":{"type":"Polygon","coordinates":[[[72.87994891690226,23.77788311565459],[72.88985986305207,23.726660327850713],[72.90248800449095,23.667112170178626],[72.92004103652152,23.623155475677503],[72.93130898535952,23.565973582631777],[72.93481411675289,23.507492728174316],[72.922258139679,23.482242490557134],[72.88973580177789,23.410139831906438],[72.8955533859701,23.369607458261694],[72.90772000277921,23.336326139956892],[72.93801797171513,23.300894031149113],[72.95519118966894,23.27722936249649],[72.96343766537933,23.245085415119192],[72.96358273112985,23.235531356010004],[72.95872225229654,23.215161908148545],[72.96073910497158,23.16740818223351],[72.96886737539974,23.14242861346227],[72.99107102226193,23.125989960963345],[72.99791731791733,23.09979745291983],[72.99434561205737,23.079445116762276],[72.98951957722777,23.05668770153333],[72.9807702422051,23.03746371723423],[72.96809876937071,23.021772607156763],[72.95663032289575,23.012068756724986],[72.86734809838198,23.02761342945847],[72.82954864420802,23.050988220000974],[72.8059529623448,23.07335662221544],[72.79277367159207,23.089894879683413],[72.75772485007418,23.101344869978366],[72.72252960648963,23.12114518767216],[72.69626064961145,23.147039472727133],[72.6816870530964,23.168323944131238],[72.65058886931502,23.173834534165255],[72.62611467446739,23.169884355377366],[72.60049992934624,23.157552983257297],[72.58135701247646,23.137494636057436],[72.5649509559884,23.11634203009417],[72.54708575540118,23.104719542012816],[72.53102860989301,23.10028911339658],[72.51874568125815,23.10129066881343],[72.50516100276762,23.102867794564933],[72.48187410836755,23.10548337212451],[72.46140369032976,23.095601489116735],[72.45448584220556,23.085936304326946],[72.43913662288821,23.07852276538952],[72.41722391307265,23.07697160450908],[72.39720144336815,23.077836965016154],[72.38167183247225,23.079968510867584],[72.36479338501037,23.08506137098685],[72.35169126992052,23.094992337041916],[72.34288065287593,23.116338745793566],[72.3349798304318,23.156805889086318],[72.33185342186353,23.184217838919803],[72.32427626171726,23.2079714960241],[72.30087159892811,23.247573631596634],[72.29774619611833,23.27438693471172],[72.30047059121806,23.299509761248434],[72.34153319497976,23.34737925879201],[72.35531629401218,23.369704043626925],[72.35395812973573,23.405504510818595],[72.33806707416468,23.423743019238994],[72.2944906927028,23.434934417717063],[72.26207684185272,23.43795108726549],[72.24460079164086,23.438240398327324],[72.21153934272029,23.441234943442158],[72.15374582608707,23.45093675405251],[72.07622592194093,23.47457454983233],[72.0622975773576,23.48983323287943],[72.05413598955475,23.507587424668056],[72.04852047659479,23.527180142486166],[72.0384174112887,23.573549197750978],[72.02932983053127,23.603222214305887],[72.00662787843362,23.689936202808294],[72.00011430693395,23.71965576340077],[71.98672804368606,23.73789952020649],[71.94728470075316,23.761000736428578],[71.93498727973287,23.787616910854503],[71.93863950381694,23.797836526028703],[71.99008554571294,23.81735357481924],[72.02603579529573,23.834168436476645],[72.07042957106157,23.851136528154754],[72.09208686780262,23.869455386097254],[72.12112783045626,23.906415435282998],[72.14386326045268,23.93549351642573],[72.21023846238347,23.98984479476821],[72.22083127141681,24.01093140696379],[72.22099586820482,24.026602849540833],[72.23980173919797,24.03401944034003],[72.26428997843551,24.044010924939936],[72.298080577034,24.044611358812077],[72.32824494623812,24.03200684210212],[72.3467087440403,24.019193644767427],[72.3678162739188,24.004035289599436],[72.39661808981498,23.99378080066931],[72.43753371606861,23.96222975729171],[72.46112607415978,23.95187497931094],[72.50282958142195,23.945394393851203],[72.52885289347849,23.943427225444353],[72.60040405434026,23.93859133881602],[72.63670862461474,23.942737094723903],[72.68215239355474,23.94462416381021],[72.74079539160292,23.93009854486202],[72.74208923644687,23.919641279377217],[72.76351634972364,23.907613605544988],[72.7964306923307,23.881814024051746],[72.82803385001705,23.855988048563717],[72.8625533187928,23.809891081539252],[72.87994891690226,23.77788311565459]]]}},{"type":"Feature","properties":{"state_name":"Bengal Province","id":4},"geometry":{"type":"Polygon","coordinates":[[[84.80885343590477,19.921821368129],[84.80259607016637,19.971815439924363],[84.80974880366001,19.99623869403765],[84.82807554934791,20.030028708820392],[84.83492794410894,20.06860300069787],[84.8361946213315,20.08872488831278],[84.82840338434156,20.113985261882267],[84.81036667141508,20.125638042214366],[84.76260071588847,20.112356638551596],[84.75519706741737,20.113122251335025],[84.72529400613948,20.116211364314868],[84.68644024287684,20.12546504618434],[84.66342883005223,20.148024522989964],[84.63479435486875,20.17089424321911],[84.60373127030277,20.18502633816039],[84.5655169439015,20.174710302143243],[84.5591637110078,20.132480132156385],[84.56955498204574,20.087559437319],[84.57048287320731,20.041383710352726],[84.53774711817962,19.997040553673575],[84.50011824418002,19.99553207230466],[84.47499420230375,20.014633477775014],[84.45766990664887,20.038636233615698],[84.45253515680004,20.077952235875426],[84.44568868004852,20.088969106065083],[84.41401504850036,20.12439518656889],[84.40957193329811,20.14415623763032],[84.40438076483942,20.21365061009881],[84.39592629952345,20.26025165992717],[84.38178814979743,20.275214543395258],[84.37418155692046,20.27562538523727],[84.34241505771048,20.277337540938404],[84.32489913606466,20.26762868682434],[84.31017725723527,20.241791492494016],[84.2656520421697,20.189135882008657],[84.24532876040011,20.163584949068927],[84.22022929659663,20.152485110041624],[84.1527512363026,20.156036302838395],[84.11286424286449,20.149243975172322],[84.08568771273465,20.13467662058799],[84.03537508596851,20.14261395561521],[84.00046353384238,20.156850058576072],[83.97826436351126,20.163322061038386],[83.89568156029048,20.13379353768161],[83.84664912317668,20.134003321556264],[83.84653820510393,20.154146447681107],[83.83997230325971,20.17106297869712],[83.82650263337734,20.198990800382838],[83.8084038480488,20.211752735339825],[83.78607902074542,20.216433868231373],[83.75505707468116,20.22273455158225],[83.73773327509926,20.227158837846535],[83.72686625607741,20.23481283768801],[83.71290633476632,20.25447035611969],[83.70362017802857,20.267969331501696],[83.70289814857443,20.26847766622082],[83.68550005068924,20.280725021407115],[83.6604524301984,20.281974813032654],[83.63876469966405,20.275943521878023],[83.62307679649928,20.264871046272358],[83.61127935789887,20.255974268304776],[83.59097857635136,20.25223688175707],[83.57720166487488,20.25291635214793],[83.57191527061107,20.256843096435272],[83.55669222923655,20.268149205752305],[83.5404588235819,20.29265341144775],[83.47431130095701,20.36939177327552],[83.45554920278447,20.394019176231986],[83.44826503271243,20.421642699015287],[83.45973027695558,20.432081614063602],[83.46680180817657,20.438518763270736],[83.47967148372683,20.443815082669953],[83.55828990304146,20.43282606302279],[83.60356282080016,20.432948195260725],[83.6354391700857,20.440838938802017],[83.65128413369222,20.454267030957563],[83.66086220771844,20.468007525784632],[83.6704423044777,20.48174686936074],[83.67137965527071,20.49829039246236],[83.6669850579054,20.5316932452473],[83.65069533109613,20.55502996922413],[83.63764854712956,20.591240240787535],[83.6387431221208,20.632665297807293],[83.64351830578441,20.650201655224443],[83.70031368447123,20.674581192877163],[83.75233053720564,20.681407207896537],[83.78364466867765,20.678617017765678],[83.83427899820002,20.66179288614521],[83.87262652005221,20.650332253181507],[83.91779805525373,20.626664556476953],[83.95417381965791,20.60344851382967],[83.97131186185749,20.595446766113326],[83.9825968414237,20.59485620966783],[83.99785240911228,20.59760952070967],[84.01130026813887,20.61229871100914],[84.0214099019453,20.634267210400623],[84.02415040284815,20.68030760050165],[84.02451546898928,20.707525656994278],[84.02419250359625,20.744254137970202],[84.04158786597257,20.782411376257553],[84.05778646613186,20.800497083570956],[84.07230642951875,20.811564786119817],[84.11957608485687,20.801932235013314],[84.13908331189424,20.791413511666686],[84.19821830398186,20.78002254369467],[84.19880948628027,20.779908561048973],[84.22698858090523,20.787853403193395],[84.27300580723264,20.819677325862173],[84.29608782709607,20.846822238040616],[84.32272373615358,20.870215417716462],[84.3482602245989,20.89602930624095],[84.38458376657856,20.91295496515607],[84.50834917009303,20.95810332694458],[84.54617637424624,20.978446687478964],[84.57256430414088,20.997061822998234],[84.58781391282066,21.0186703953737],[84.61003233753014,21.050524091983608],[84.63324070531637,21.05865950764935],[84.65709157005462,21.057292151293055],[84.65796305736136,21.051328562237945],[84.70946580057281,21.01052254187969],[84.7234210305249,21.012083015770934],[84.73737605673362,21.01364220200898],[84.74762735941954,21.03551640944235],[84.74916065749979,21.05884175046313],[84.74933106818477,21.06143214642461],[84.74749168244982,21.11002073977014],[84.74889082005089,21.13122436596199],[84.75178107844236,21.155888679386795],[84.75898836084241,21.188578558990333],[84.78873473187225,21.218766486341487],[84.82461747035758,21.246219489500188],[84.85738462887822,21.2739052726769],[84.88479441901538,21.297048003119265],[84.91680517853867,21.341248132525642],[84.9352257518722,21.370882695524728],[84.94846658514776,21.39845939450122],[84.95401225033227,21.421348530174495],[84.91797298712976,21.437417522809373],[84.892687379264,21.45547960488662],[84.84461133335904,21.491449550041498],[84.79050217339827,21.494660725765065],[84.69351173307615,21.537037600374422],[84.6269982859453,21.563402645356028],[84.5558898492274,21.57818270749928],[84.5130275594678,21.59959117663579],[84.47280582566594,21.64214028461634],[84.45093926041491,21.675348732423416],[84.44042535921534,21.78482914986212],[84.43911970343851,21.841710670150277],[84.43500915353852,21.86242408531671],[84.43246736233404,21.87523250115628],[84.40709711507027,21.913386964412464],[84.38781569566953,21.92870185964052],[84.34686671714212,21.961832861203312],[84.30661861201871,21.986632050831467],[84.26170882170004,21.998667511908074],[84.18696016115153,21.981594720954604],[84.15656759350023,21.96317688463861],[84.13106293846056,21.921976490859343],[84.12962182241313,21.89955660273922],[84.13404927824224,21.86970323682919],[84.13794789775838,21.831590572210974],[84.13694545607117,21.796120513360048],[84.12681988461199,21.77655325974104],[84.10547881370586,21.759976060211972],[84.06446020247994,21.77290717364527],[84.03354080388229,21.78527352114682],[83.99830187513719,21.789580992215562],[83.96194796957062,21.776173032218253],[83.92619989865781,21.752059650683183],[83.88458261341852,21.735361091197074],[83.8445739548534,21.744629650154003],[83.78945714246254,21.75588422548741],[83.74885080027258,21.755683228157668],[83.69509236171105,21.747872309551106],[83.65973303182018,21.72959040905639],[83.60794151728429,21.712159043172953],[83.58517804269584,21.713348837856405],[83.55300685050904,21.769560170390044],[83.539092226537,21.791625180936467],[83.51328921132072,21.80600866461187],[83.48923769177206,21.8285985971906],[83.4857901537145,21.856048700201967],[83.48529887764755,21.89046013142591],[83.47291507248673,21.917189220288712],[83.46334418362696,21.94851591099394],[83.48355873714596,21.98896673659449],[83.50517563472854,21.989024934585412],[83.57380157908268,21.967643224588205],[83.59113114360014,21.98095657110693],[83.58446419189164,22.019837618420908],[83.58621374147677,22.06953743868354],[83.59485881307495,22.107016541861242],[83.59641754127584,22.114664914278755],[83.6039462255305,22.15158370436955],[83.59861671873169,22.1684641906284],[83.5767913181164,22.18622077704338],[83.55810718768102,22.234635681314398],[83.54068549234702,22.251982257982835],[83.53169370033193,22.26093340309914],[83.4809949161401,22.2861378629953],[83.3996262845084,22.289213921377037],[83.31972380207799,22.274380549267434],[83.27080960325661,22.266220527946214],[83.24450542009588,22.23079140399126],[83.22181880728552,22.191611761158576],[83.20058367153439,22.133370150675646],[83.16839849414706,22.06143532126806],[83.13775234744031,22.015512451128096],[83.12422942480099,21.97940544662741],[83.1000305476836,21.934333247237674],[83.08433132857272,21.904259603513133],[83.04154960794806,21.889756102388596],[83.00604393430564,21.89149783254851],[82.97833498193556,21.918961874904337],[82.96062463522,21.966113381565332],[82.95607250693148,21.998381239326683],[82.97330073013013,22.07824514896415],[82.99503283834815,22.124649882661323],[83.01658107140113,22.167497098332554],[83.02130175873589,22.227788890108044],[82.98990186003581,22.302929156979694],[82.98898507173472,22.33145922754686],[83.00576824944355,22.37928567377582],[83.01888625394503,22.429664621520107],[83.0387302081251,22.485636945120508],[83.06448196692425,22.532998110262096],[83.06045624807938,22.537430276313252],[83.04527549404911,22.55414102401103],[82.84964437927223,22.59711446828739],[82.74258868023205,22.626092976276286],[82.704717998933,22.63505243493719],[82.61236306462048,22.65374176764288],[82.53682335772505,22.676338183492966],[82.49113880468019,22.70700382189805],[82.48622220468692,22.780885906102583],[82.48458740701852,22.86768153596213],[82.47884690174531,22.879832452196215],[82.45273211802727,22.899144108993852],[82.43079086600711,22.91536305737226],[82.38671454256465,22.90673749137624],[82.36214405927254,22.879368364215896],[82.34295558506656,22.856496507770423],[82.30005687090495,22.8216443678754],[82.27967254801592,22.800004160362224],[82.2094604101361,22.756862328450705],[82.17366492488875,22.758482869054177],[82.14542823632631,22.831068753937853],[82.13871374260566,22.874159934237746],[82.13134266290379,22.92916737772174],[82.12381590393835,22.95684497207486],[82.11088250913856,23.003784977487072],[82.09441249588279,23.056828769080504],[82.06930684267188,23.092431961396088],[82.09003111165556,23.143222424530666],[82.11550513640222,23.18723694462567],[82.14234548428833,23.23237018312862],[82.14771871429399,23.260650747339096],[82.15032807603406,23.309263387228018],[82.14428216963364,23.340444110422546],[82.13155852491622,23.3671768569918],[82.10411446856462,23.407658188133347],[82.09827298656312,23.410597881992654],[82.06773945562799,23.425958632654925],[82.00771228346824,23.43581071888107],[81.93566348423354,23.437855383300484],[81.86415744582706,23.450544305834224],[81.80310171931218,23.46631228961978],[81.72713101380091,23.49340992621123],[81.65689671593489,23.507145213717855],[81.61442360211325,23.508962892286984],[81.57386991802082,23.497602091400168],[81.54636833687479,23.489248090243063],[81.52659167765155,23.480563870380834],[81.49909477144237,23.472199970876773],[81.47463973448794,23.473221699721154],[81.46223282473122,23.483256736880797],[81.4477712882403,23.504084632464817],[81.44026667894244,23.535331355274558],[81.42099283240545,23.563497477236876],[81.41184550550261,23.587673650502385],[81.40527313634699,23.61174320981971],[81.40631681750556,23.63311751342886],[81.41907970226923,23.65638458717384],[81.43243683390106,23.66534713715097],[81.44433107813107,23.67079989559459],[81.45880447862558,23.67614357645343],[81.48236177432663,23.682293863468814],[81.4915036743276,23.684288782526433],[81.51946315299908,23.70095454342497],[81.52269363269625,23.713904353423377],[81.51689855142675,23.727236221744043],[81.49861987791863,23.749423699826224],[81.48485586688307,23.78450696272409],[81.47466238578455,23.813490974906326],[81.47531311058333,23.826550929217625],[81.47596430169449,23.839610844651222],[81.48318885359504,23.85477254265274],[81.4939911257221,23.863833415953412],[81.51089203184738,23.865496073977482],[81.52896421490391,23.864727523667362],[81.61509874311716,23.828917671081477],[81.64950914144734,23.819104226593833],[81.7228528569911,23.812341638329826],[81.80951013594486,23.813279396727488],[82.1765839224894,23.797452296974896],[82.29674645716108,23.792080512881157],[82.40130993646461,23.786413334367918],[82.41380000159013,23.8066703167906],[82.42647479852667,23.825067452102456],[82.4714916494208,23.844265211403727],[82.49623737096957,23.84780846198598],[82.52160236610037,23.862008668322485],[82.5440272368983,23.89428962930297],[82.55893267260791,23.88405044851693],[82.59207569986845,23.876470113253184],[82.67550403412645,23.86755729302594],[82.82920209917962,23.86808341300875],[82.88220006675688,23.890295426068455],[82.96717343619976,23.907259109638023],[83.04466486391104,23.96966954597633],[83.09361696620162,24.008620057962723],[83.13895911197866,24.051302003225],[83.1624365234126,24.074965680883096],[83.18499759917076,24.10084965703651],[83.18614999483287,24.102171323993247],[83.23110829823852,24.157885802466215],[83.26449079096967,24.194039493723793],[83.29776215106959,24.24798586012696],[83.32141649805057,24.292958023173526],[83.33915149261496,24.326386190239194],[83.3608475397514,24.360776876176367],[83.38846063118788,24.386527395507898],[83.38490553190266,24.383213152477868],[83.35309978427567,24.410375422633262],[83.3356518733627,24.420835920409672],[83.31107736800129,24.44118173551983],[83.30101485219056,24.465469551693392],[83.30629447328874,24.525692102840704],[83.30186965812673,24.556788440324887],[83.29803185756954,24.577173324466095],[83.29129398295555,24.592972878228686],[83.27185774756734,24.613035914616642],[83.22336423720284,24.645381384341803],[83.20093136847828,24.65967016547414],[83.1748690328727,24.697892548650273],[83.18013354932263,24.758133033058748],[83.18687515778569,24.781499112060025],[83.19271641735665,24.81084827900973],[83.1895697514561,24.841879805302497],[83.17153858517247,24.86423756745146],[83.15790531895394,24.87448331870573],[83.13467755763588,24.89712466007268],[83.12425483025307,24.91668818069145],[83.12947294116326,24.93658051105984],[83.14019600028537,24.96091742748485],[83.14707444965323,24.966473491942622],[83.16448960945051,24.97382153714355],[83.21517924329552,25.011365890359638],[83.22643259293238,25.023794361596423],[83.23509279031434,25.03636625604177],[83.24584952602328,25.060687901624433],[83.25693137459605,25.089736815359192],[83.27005669872099,25.11036197294753],[83.28627998492392,25.118943569001264],[83.35468541787927,25.128129381595034],[83.41685338175445,25.160180342102574],[83.49352134077598,25.21271373447493],[83.53132745495772,25.249667198037418],[83.54237079107833,25.295287509846695],[83.55112396656816,25.32680476366649],[83.5746050221426,25.363388222190967],[83.59503244152269,25.37523564266225],[83.61727060689743,25.394089183030506],[83.65040239485587,25.437199590205363],[83.66762865179987,25.458710934108293],[83.69170893665094,25.484553957548115],[83.70989522763045,25.51904569867652],[83.71803597240935,25.541090915103332],[83.72400846389961,25.569195130584227],[83.72868371037434,25.59737672090791],[83.74530989167239,25.619475819564737],[83.77715296388276,25.611385416604598],[83.78954833289173,25.609211725812344],[83.80530944085577,25.60303820751522],[83.83453297731961,25.587981109349286],[83.85341128958169,25.581613483937765],[83.88540561708449,25.575864178592184],[83.90525547841717,25.575596116669146],[83.92760987483643,25.58086182056326],[83.95180997193192,25.58980327943283],[83.96036185896901,25.59923331409146],[83.9980980573615,25.619419575847793],[84.03058209878625,25.63399398952627],[84.05927976936951,25.64168451118124],[84.09668318648531,25.643488274905106],[84.1370204746927,25.640948777579347],[84.17205761744879,25.63754877689667],[84.20300520508731,25.632030403740195],[84.24291452198166,25.62415684914911],[84.27398814232562,25.620393442302355],[84.28114017976301,25.61993537812308],[84.3042640071166,25.623191037001874],[84.3259917725775,25.633640886249207],[84.34353853316365,25.665681086588652],[84.34911116902741,25.67835261946887],[84.37266527104907,25.69518980717505],[84.38079630829134,25.698808480493003],[84.40435434635367,25.707346245271435],[84.42815501690536,25.72711658634938],[84.4276470075741,25.7437333371348],[84.43341507023372,25.75046361214308],[84.43920265384777,25.757429147339725],[84.45153857179154,25.767755735618117],[84.42201817620756,25.814637595965564],[84.40984438657351,25.826094846953563],[84.37599725072504,25.84488823237653],[84.33440926308394,25.84877614645468],[84.31235656382277,25.851389512276498],[84.2840660323951,25.857956752241495],[84.25548684347086,25.877571812071373],[84.23835138689367,25.89289318185214],[84.18656176711633,25.917543185282828],[84.16336555793517,25.922579686060804],[84.11538467082656,25.92918737597673],[84.085748214438,25.9358058718835],[84.0643608965796,25.9644200987848],[84.04518052886449,26.004748179609987],[84.03470610679985,26.02200451111943],[84.00220982408945,26.043017188119986],[83.93843649221454,26.06716621634325],[83.92365976593103,26.07994458285543],[83.92835009464166,26.106922267362346],[83.93678523726071,26.131294103640837],[83.95334258848902,26.158712848203045],[83.95692273696602,26.188128934622707],[83.9588345082795,26.212907066237623],[83.94605037120506,26.251650648584285],[83.93563898725849,26.270089314549374],[83.91968098551284,26.301918578217066],[83.8884016373471,26.322848642043937],[83.85106171644257,26.367868840680778],[83.82856639786817,26.417891646265733],[83.83494798608828,26.44951431009528],[83.84671014889331,26.46538341564838],[83.87384774409522,26.475545004425406],[83.89876192337347,26.473981993699535],[83.96254406600377,26.464032149126307],[83.98792904634188,26.451753207074013],[84.0175165578724,26.442760048233314],[84.06478159689377,26.440930430533324],[84.11671925571694,26.44826730768322],[84.15957424955486,26.440762140599826],[84.18446112158541,26.43915125313331],[84.2289126817807,26.451670009737715],[84.25536617270286,26.469498044139517],[84.2503162014863,26.46609562049262],[84.23819703629378,26.502280110854002],[84.23403811581427,26.52909920323895],[84.20905555408612,26.55917418789426],[84.18900281179424,26.585133628690983],[84.16481989549285,26.61230867261577],[84.14400267977754,26.642108415959225],[84.11812899075346,26.740515928855356],[84.10000417124354,26.791006474250207],[84.08479686530248,26.838463941989644],[84.05896466101272,26.859104128243814],[84.03192576071595,26.891201285743833],[84.00968288561032,26.917296123897984],[83.98607901464503,26.952962813898917],[83.94199308550968,26.997529765690587],[83.8993892020016,27.007839525879508],[83.85361141710551,27.01833852199015],[83.82656260860225,27.038078696220502],[83.79595332376287,27.066579917612565],[83.78108005469929,27.093138111338043],[83.77803213929647,27.12179851521463],[83.76370876974222,27.263150177388844],[83.7564888174427,27.31959760353753],[83.75572489412039,27.321536813770734],[83.78263278860834,27.322135527849465],[83.82091773223077,27.309266938417842],[83.83450696132488,27.30650413183184],[83.84681170118579,27.31425975542938],[83.85088893906557,27.325386143667657],[83.8525522416837,27.346155349337103],[83.85762029811904,27.382837779188336],[83.88067100954657,27.405082165028873],[83.91028465152176,27.40317799306932],[83.98907407686917,27.40472169324786],[84.03275839830833,27.418951073610515],[84.08898289505387,27.43044301952058],[84.14748084794454,27.418047351539652],[84.19730115708968,27.391032023045792],[84.24170417471748,27.375744185008298],[84.30729088202725,27.359969000248977],[84.37430555773624,27.348808899553944],[84.44121604864051,27.336676881198784],[84.48123589956755,27.33299367665338],[84.57414650153076,27.302904665316643],[84.63217985088895,27.250550161264453],[84.64447559676321,27.221266545552385],[84.64234721485333,27.1967760780782],[84.62627784115575,27.15808983519742],[84.62301948837258,27.12040972028342],[84.625431869975,27.07475663545418],[84.63028313928535,27.05736425012557],[84.63465017145445,27.04663873303798],[84.65187815928644,27.025547779662958],[84.71228064373304,26.990087575438427],[84.79857770844066,26.949004508705276],[84.89518761690786,26.929880758360977],[84.95332052077192,26.91817512916087],[84.97944409615577,26.903054097371335],[85.02004635261623,26.849016325332883],[85.07965614026264,26.819172692571293],[85.12352062210768,26.81411551299423],[85.1549680695671,26.81183898412863],[85.17244730661551,26.806784054293423],[85.18097615810974,26.784392352499946],[85.19080500152731,26.764746256740622],[85.21529484119868,26.744033471463208],[85.25904856911218,26.726643760988832],[85.3426734764761,26.73381951305255],[85.38505101406048,26.747720990843742],[85.43489552969812,26.756793566362916],[85.46511367582757,26.79285794329011],[85.48841009598483,26.80530604078279],[85.51472043352726,26.816103568948968],[85.5431202879555,26.815385700535316],[85.60800657191538,26.799131464246315],[85.64341934559224,26.772325597994328],[85.6746403178447,26.75150794119317],[85.69540273050795,26.737158046180426],[85.71152426387141,26.69053643966186],[85.70886165225006,26.662370818461426],[85.71770400400789,26.63900178185901],[85.73097820588903,26.61245827807673],[85.7501445852217,26.59822958463592],[85.77387047282942,26.58223202295572],[85.7877582344085,26.580285194416913],[85.84079646411145,26.57283736394851],[85.890804832247,26.58457251078486],[85.90338240609422,26.60061235257828],[85.92760104776548,26.622834603246336],[85.94577356304167,26.631344363257142],[85.99301428041946,26.630490491519456],[86.03813554309981,26.624116767308166],[86.13023458071721,26.59842526297702],[86.1625302586892,26.59019518014744],[86.21868994531012,26.58430670827438],[86.25805646905725,26.583992648492636],[86.3023877270737,26.586101260497784],[86.34160516277299,26.584357939888275],[86.40100260720635,26.563970460263796],[86.45341565238263,26.537049694196533],[86.4961481728041,26.508073573293352],[86.53488510609111,26.4864964824294],[86.56935130330254,26.469510252646725],[86.60082783853505,26.454179666366297],[86.63102024734796,26.441781088928487],[86.67041495835193,26.427200344091442],[86.70417626519558,26.417700458056622],[86.70021041072117,26.41500878867226],[86.71569656813709,26.425517768818004],[86.74156542064934,26.42867282911041],[86.78082939852939,26.428344775662676],[86.82310912863555,26.431879486949153],[86.84862848834715,26.43798993399326],[86.88335920412635,26.444497022201144],[86.90080706439352,26.454813962635896],[86.91886851283645,26.470970842856143],[86.93949554857804,26.49280109367396],[86.96209761510306,26.533320789352544],[86.96796353988103,26.551683568195056],[86.97705238314417,26.563286885270728],[86.98670217277439,26.56776806737455],[87.00637553086177,26.56785468065495],[87.03266556164347,26.556173141085857],[87.04756813946311,26.536035817140437],[87.0570236798791,26.501632728247284],[87.06252298675611,26.479356380859524],[87.06480867731516,26.451463151469447],[87.06870195407113,26.42637923930306],[87.09087596901202,26.388533115073887],[87.09862509474787,26.38138671164614],[87.0987255862372,26.379088865022435],[87.27409265157394,26.379390821872935],[87.32349615653676,26.386387335814177],[87.3628699701069,26.39495128634376],[87.39128803127699,26.403760014849105],[87.44801294981674,26.415477961398178],[87.48219767112077,26.41716021893004],[87.50486964859428,26.409260388333884],[87.52792094320822,26.404855784375687],[87.56649236160274,26.410835263070698],[87.61749229916283,26.410979924626663],[87.63366951145166,26.41541352248005],[87.63768161475458,26.416230194265363],[87.65359993374807,26.430100287007082],[87.66227252966787,26.43755851086895],[87.67237039136252,26.446064369729648],[87.69049653315945,26.45619809906894],[87.70758450372692,26.457007401696348],[87.74330360329668,26.44906495531833],[87.7627149662589,26.447303127298486],[87.78459570427555,26.45590393222366],[87.79573335872225,26.461949648870753],[87.80634749560554,26.46333541621523],[87.83636984678017,26.462947464685044],[87.85509692457862,26.44358725441607],[87.86526972954374,26.417951040212778],[87.8735113408672,26.398374311351066],[87.89478675877439,26.367017532086436],[87.92205822096452,26.365692752230668],[87.94408116591325,26.38719256476023],[87.97701604606027,26.424145319849845],[87.99727431907475,26.452850616682646],[88.0056066470872,26.462331522445698],[88.01830477896392,26.476774722230065],[88.04639068950101,26.516500768120135],[88.06463948952053,26.550079096037095],[88.103768987936,26.61697470238256],[88.1143379453606,26.68536086896656],[88.12201135516432,26.73990724309268],[88.11673790147536,26.84036258407534],[88.11114102010497,26.859707511547168],[88.0954388645609,26.904705065983443],[88.07638354281714,26.95472658710847],[88.00993940744165,27.01509643710937],[87.97668972549629,27.045279009003583],[87.95353810273042,27.094514976274933],[87.94790533143497,27.136226928517182],[87.93919039663406,27.18529062916773],[87.94206178061087,27.209732834886292],[87.94677417984896,27.219489253898363],[87.95635325131592,27.221568497461895],[88.00448002088973,27.227855907264384],[88.04948162453557,27.234420438200335],[88.06203105929633,27.233700329720367],[88.0941933762626,27.229702385610963],[88.16608507846453,27.20590560937792],[88.1944350353661,27.196605151151182],[88.25717591338609,27.19340009253593],[88.31875054654921,27.206738502578023],[88.35241378524029,27.228399637491158],[88.38679873317254,27.242925072917014],[88.41247361502714,27.25499828810588],[88.44892750871793,27.251951947432552],[88.50680754058214,27.2349915697694],[88.5373021635241,27.22000453901877],[88.59859659662848,27.205494892133647],[88.70649045928398,27.191961789358825],[88.76408919035232,27.18620772089499],[88.78864962897755,27.187269975054203],[88.79229912296242,27.190653112812587],[88.80834843000316,27.17472373637798],[88.82250087556476,27.15568756894301],[88.86283542550031,27.138243628459964],[88.90730250932623,27.122486420614607],[88.92273389894459,27.10754336640779],[88.92794620812595,27.080250773494104],[88.92844011604771,27.060073055534914],[88.92922836960513,27.02800059155057],[88.93662080494886,27.01175942406108],[88.96021429670265,26.986839096031186],[89.01657545328266,26.9663432058246],[89.05790604564068,26.945246254868152],[89.06980716054309,26.915170295952745],[89.09186908496149,26.884765509008812],[89.13272427439374,26.835551831728903],[89.15402084540418,26.81789401925829],[89.18041654652383,26.809566106317064],[89.21905878476343,26.81123762788969],[89.23423300120983,26.819531547719855],[89.26664263376992,26.83378907448503],[89.3077227721098,26.842215566886306],[89.34815030310142,26.857729675536447],[89.36556809951846,26.865067682826467],[89.39877830822532,26.848954441575337],[89.40612246476336,26.839046329389625],[89.42283799963589,26.828865762414694],[89.4672476149637,26.820716475207654],[89.53564986011074,26.816365522404418],[89.56811554428616,26.812953407664857],[89.59003136934238,26.800803505048854],[89.59053562049861,26.78669019264053],[89.5703681374748,26.764206372805663],[89.54988856445054,26.745265420485843],[89.5435906600137,26.72694319125643],[89.54900964366182,26.714423415509746],[89.59961426636369,26.706298638861718],[89.60375784806085,26.706894790024585],[89.60149944229383,26.638638038845087],[89.60190321101102,26.61165139795962],[89.60137910551798,26.572462492945053],[89.59727620850347,26.530720832207685],[89.56323211222539,26.468676425511077],[89.54516542965108,26.424284395428558],[89.51529313808565,26.367714690934108],[89.51974689970734,26.360851079171464],[89.52780059875776,26.291486973097175],[89.53104823387758,26.26596598973017],[89.54844143510003,26.249524196458825],[89.54998534475153,26.248185233217555],[89.54935099931616,26.20260584182139],[89.55087189540063,26.150393594119556],[89.54315783862234,26.128049804673665],[89.53514524195425,26.115992583547722],[89.52867365122968,26.095577156540898],[89.52703551088837,26.072321371079855],[89.52710097601428,26.07024534974546],[89.51109772402634,26.03637885631336],[89.49209819060907,26.036970510564313],[89.46450578324915,26.04945564642774],[89.4400561857411,26.06132786915639],[89.41059971757468,26.064335492471695],[89.36522326280081,26.085360686159195],[89.33035144465941,26.097106520509403],[89.29204212813238,26.102161529402704],[89.24061544728139,26.106185754491058],[89.22124302988516,26.11751591542727],[89.20315326622878,26.139265880018204],[89.18406024507169,26.16346140441404],[89.15312191532512,26.186502220572365],[89.11384781764703,26.198174040402932],[89.10211459113847,26.205016371191373],[89.09762863751341,26.210826927865302],[89.0977679680451,26.243648081836717],[89.09320083920949,26.280460010773805],[89.07749766538024,26.33246408528788],[89.05092889319324,26.391426448166722],[89.04693030089535,26.411767868205494],[89.02474516094327,26.43781716585273],[89.0288312375365,26.43725201139672],[89.02474516094328,26.43781716585273],[89.01962321489452,26.44382977835324],[89.00346382712917,26.460699690746925],[88.98770963930814,26.466363645457907],[88.96727626043521,26.473708992454164],[88.92878460788664,26.47872241661822],[88.89167453452764,26.48241387313751],[88.89142935551011,26.482438229687094],[88.87925003749206,26.47976644695909],[88.87789090381241,26.47983171643007],[88.8775155434614,26.479385854418606],[88.86193678798362,26.47596642103736],[88.85035665670642,26.455980088134094],[88.85036146463806,26.455952718108573],[88.8540967107775,26.434690647467306],[88.85224005813025,26.424673664909918],[88.85870317113447,26.41823512334466],[88.88255376812872,26.394468909864663],[88.94992336529802,26.342644933666783],[88.96231218112383,26.328059886163913],[88.96005989425548,26.319551981192127],[88.9515527976718,26.315577777943652],[88.93520892117942,26.307939829237988],[88.90005524549633,26.30790046655785],[88.86873804405842,26.318034249297096],[88.84497266202519,26.336806664355255],[88.79975755087752,26.350644577906877],[88.76353950079574,26.363588604677297],[88.7216283022402,26.3618205353296],[88.69367167097676,26.335199129714592],[88.67070273232777,26.31747613929192],[88.66731949006007,26.30980583904875],[88.65284434234657,26.296284776285464],[88.65031822615134,26.266305124163228],[88.65123002622829,26.263082523690336],[88.65972264166908,26.23306555722537],[88.65981380425075,26.228900432525936],[88.65989643455609,26.22460203986183],[88.66024871598148,26.206317670471183],[88.65639523845262,26.19524871200978],[88.63612497287369,26.18902687228268],[88.61447895543364,26.202289010247934],[88.58165837889908,26.21531560911402],[88.55809659135174,26.227446400966592],[88.55099555028707,26.23746981773123],[88.54738336817319,26.24256805961507],[88.54734002950752,26.243229945498413],[88.54571289408462,26.268094726163017],[88.54693665042373,26.301233702246424],[88.54732477698242,26.30365296259933],[88.54824376326063,26.309380132559674],[88.56846739811367,26.35425666748134],[88.58988968757889,26.38953447491415],[88.59121457788093,26.396989941978163],[88.59198479350933,26.40132305358614],[88.59303183324315,26.40304116247255],[88.59436322725608,26.414185825737473],[88.59455004020704,26.415749049003974],[88.59636274866612,26.425937786590566],[88.59589738821003,26.427019623274393],[88.59736170676707,26.439261025148756],[88.58144118724046,26.467580552663097],[88.55629485534163,26.486459819094577],[88.52386935529661,26.49900198464906],[88.50851480797871,26.512256401974422],[88.49962690355838,26.52489635241185],[88.48602312604555,26.54153827053752],[88.46597970203257,26.558814425261307],[88.4263052889284,26.58625307766443],[88.40446686897019,26.596258522381678],[88.40446686897019,26.59625852238168],[88.39044206540642,26.602681783922872],[88.36071744045685,26.605530624819227],[88.33298597614628,26.59284195800319],[88.3141614080847,26.578116637209757],[88.30993045514688,26.569130496145625],[88.30964366846712,26.568847778317924],[88.30938377611746,26.56796924607352],[88.3035291510966,26.555530850626138],[88.2985036200851,26.53595129936775],[88.29790105350622,26.53104577838101],[88.29772730515212,26.529629656726097],[88.29636168460131,26.518463463328406],[88.30425922144353,26.508275585863434],[88.30711103699849,26.50715013907412],[88.37112045908003,26.481871013934942],[88.42723614662405,26.46262006757411],[88.43301498711845,26.45956647223393],[88.46219872546769,26.441495545229586],[88.47460183275632,26.425033397717854],[88.4725388805262,26.407611050628244],[88.46568198428669,26.396219695064673],[88.46508108983843,26.39522124870172],[88.44037625751153,26.378495609972482],[88.4308474836416,26.3741219535576],[88.40828748537707,26.368025201689683],[88.39842635732298,26.365358738924275],[88.38002343923068,26.35301260016731],[88.36583099335367,26.33203826860532],[88.3582277764422,26.311611120074936],[88.34886374187194,26.29839968085481],[88.31888473051129,26.26481175513396],[88.28321053339701,26.249375650560957],[88.26647586249454,26.22862265211175],[88.24886155519286,26.21147418812515],[88.24028681553172,26.207785937947914],[88.22418870114812,26.200859226165594],[88.18649625110298,26.19027869239091],[88.15565074806263,26.182574798955148],[88.13201051210132,26.16949157714839],[88.10926660743085,26.15279302856605],[88.09941748932975,26.134896179984228],[88.08812169787082,26.10420028321188],[88.07659973365568,26.082927862789663],[88.04359673469737,26.009550436948498],[88.0166147200877,25.966173217626242],[88.01156536139472,25.944297159095687],[88.00741678701355,25.918811351939866],[88.00198590522695,25.893442272439543],[88.00672155675926,25.865970240320138],[88.01290646393498,25.845784832061025],[88.01339180784849,25.844200766836526],[88.02456669895908,25.82789893662627],[88.04294541041624,25.817992553985633],[88.05768594114816,25.815008290665187],[88.06038414987397,25.814461861319966],[88.0746944173623,25.81156293323742],[88.07560112098881,25.81147992055346],[88.07732193922364,25.81071166429705],[88.08684067850238,25.81045041044502],[88.11196845982433,25.808145570925205],[88.1193729640273,25.809552660946093],[88.16848066415763,25.80818325891705],[88.2006199504177,25.803118693257634],[88.22141478227752,25.788655190783025],[88.25582419275669,25.75746095147014],[88.29789525173071,25.719296263251344],[88.32773220920019,25.69655226679588],[88.37809152395754,25.637832598984446],[88.43949707675458,25.562813779122614],[88.46517736093493,25.5470358388794],[88.46833824320461,25.54348020414605],[88.4717992313172,25.542966236748768],[88.48908938866057,25.532338040312716],[88.50095662942252,25.525166604357466],[88.51208662527308,25.518439354252607],[88.54509730965778,25.51298627734212],[88.57762051813155,25.5146141755588],[88.61854184358006,25.533042289224248],[88.63034557368653,25.537067378421693],[88.65006078695042,25.541316212706032],[88.67938815632131,25.53954341811224],[88.69586516185434,25.517370706490023],[88.67727878684381,25.48157889855766],[88.67178231532799,25.47098724991309],[88.68977161658285,25.44806983824394],[88.69435566362816,25.444626475879044],[88.69675024304256,25.43761158374496],[88.70028510515341,25.43494980556882],[88.7145813214419,25.424183062709815],[88.73448981624128,25.41759443049834],[88.79322352762102,25.415265805848104],[88.79725000738557,25.41472269082475],[88.87654614814676,25.378744097481352],[88.88325458492905,25.35440219992288],[88.86499027456736,25.318327352020994],[88.8577116417272,25.30394041794149],[88.81451983395426,25.243186349974184],[88.78456500852626,25.234787272253094],[88.7508619830745,25.24594579369472],[88.73199012788609,25.250082444039666],[88.68767485769544,25.246065765727675],[88.6681345183556,25.24439129317954],[88.49946945637295,25.259032785892835],[88.42625954475906,25.262314072960137],[88.39457369510465,25.26759487932654],[88.38901453764913,25.26012962850753],[88.38105547645618,25.260362732217093],[88.36550527832689,25.21905783925237],[88.36100582707562,25.190486171048313],[88.34901813269616,25.11419018481735],[88.34015482539141,25.08922749628847],[88.33163675727201,25.07261381320662],[88.29346383782122,25.02271085436672],[88.29344540506642,25.022686740171423],[88.2879837754188,25.015540962931077],[88.23735977852053,24.964945907767774],[88.19203999302539,24.939160513905406],[88.17845110413194,24.93142287668141],[88.14783586407012,24.9440916642407],[88.13722240289914,24.949666864236104],[88.13109675580104,24.95925669304067],[88.10327066039125,24.96410119940107],[88.09647336743006,24.963633581821256],[88.0925403641804,24.96393960919099],[88.08590447213174,24.96290582588336],[88.05133656706084,24.960519825663777],[88.03106488731089,24.9517521472476],[88.0256155339369,24.936962847417746],[88.0225046548737,24.90786589559807],[88.02272961671424,24.87377311567009],[88.01399410588336,24.85222461103446],[87.97427950561865,24.82988920852563],[87.95280349454804,24.809457619700897],[87.94269055012718,24.786846264669695],[87.94028256738945,24.77495313352194],[87.93731554876865,24.760291703120416],[87.93552508542757,24.73107179798241],[87.93823485879491,24.71541168452005],[87.94192591058105,24.694083299120955],[87.94284678733102,24.692426901710338],[87.94666062177194,24.685566607932337],[87.9851729779042,24.616265533721247],[88.02647372151267,24.56916801910106],[88.09766794527356,24.52903340795198],[88.1573370706024,24.49535872535449],[88.17714213105347,24.487623819116433],[88.23124670687163,24.46647746729038],[88.26140624000338,24.457131956553347],[88.34737544634153,24.428296811205147],[88.36562945700445,24.42467146551216],[88.36898806482117,24.423621388812442],[88.41698847121609,24.405213204109295],[88.45607294927122,24.39933292108104],[88.48922523787091,24.397891809019843],[88.53327823290499,24.383605558503994],[88.55436983137253,24.350966219035293],[88.56694854447356,24.319307272063433],[88.57637304031704,24.295583476126282],[88.57748646184851,24.27937091916164],[88.58215741298962,24.21148405687685],[88.58175781885284,24.208860029417963],[88.56835969261853,24.117412242277084],[88.58137769185338,24.066850923247316],[88.58774413906644,24.025201765054007],[88.59099635904727,24.003933549896086],[88.57642651063239,23.97548938721597],[88.55981242596957,23.95143033295365],[88.5361619537431,23.93214581666236],[88.52947751947964,23.927973837360774],[88.51055293701513,23.928751236550376],[88.49689677774002,23.932319816689095],[88.47300391400833,23.935629677923092],[88.46662726989241,23.926291729332863],[88.46022819373893,23.92678807939035],[88.45407249502104,23.91315392479104],[88.43897502535914,23.84652443785804],[88.43082682888469,23.810499177655373],[88.43079508236461,23.810316839827255],[88.4196948100806,23.79258930317548],[88.41714289603178,23.768183985304614],[88.41507956448727,23.748427054615185],[88.41746195959044,23.722412749613945],[88.42402046962718,23.711902428108704],[88.4285752086262,23.704602617557775],[88.44147070159573,23.683932429296394],[88.47106155770773,23.666432109104107],[88.5340320993696,23.59531789026198],[88.55798938083747,23.58124886578875],[88.57704762839931,23.5687205971299],[88.59383383562741,23.559019799830114],[88.60619224738106,23.552925438987966],[88.62981035683234,23.539039893341236],[88.64933605146949,23.520716483532187],[88.64263831346238,23.503881466724255],[88.63112657324608,23.47492734368705],[88.63026793549035,23.472766753778],[88.6296788071109,23.471067790386858],[88.6246947241264,23.467385919786736],[88.62159178737322,23.455942021488205],[88.62036336990717,23.444192004260717],[88.6162358754657,23.432277006890143],[88.60809029566708,23.417879518888377],[88.59848333217307,23.39880735724321],[88.58918224959378,23.382636818659268],[88.579858153959,23.372327492467168],[88.5716130705318,23.360163515563084],[88.56726412400116,23.348826608838166],[88.56588065616184,23.335469394728545],[88.56578813552564,23.328444867008557],[88.56886795264242,23.31527991669253],[88.58362550194707,23.3046005793851],[88.58388411646507,23.304530973561977],[88.58428633329297,23.303891913762662],[88.59497353130662,23.299772864924932],[88.61563275005444,23.29180801971552],[88.674336696167,23.2806079308636],[88.78274860029147,23.289789361577824],[88.80487582682261,23.285487310377146],[88.81654887110534,23.264913888588644],[88.81596364209007,23.24680887552352],[88.81554320798276,23.233772356631786],[88.81396623316556,23.22910877764425],[88.8098884347952,23.222808165070052],[88.80210281022273,23.21077559932786],[88.78598655906094,23.18996310718803],[88.7441542222958,23.153281612356576],[88.72886457511665,23.134140886394245],[88.72123021415831,23.115489774329795],[88.71787090252239,23.095287461328198],[88.71346696063674,23.07107738835216],[88.71426427122648,23.048164144337953],[88.7243215869235,23.029118098462966],[88.72768985615619,23.023839858126497],[88.73204391467783,23.01701646376662],[88.73214785544634,23.011660425343965],[88.74090737369727,22.99253747306633],[88.7809096287705,22.960852882682573],[88.79787175152619,22.944499349434633],[88.81279110271893,22.920497261989496],[88.81802056453608,22.90187045766086],[88.8176107385479,22.891522047818466],[88.80811310214361,22.874223786769416],[88.78525402911292,22.832557102360585],[88.7841049959614,22.8260195108627],[88.780391931821,22.804881806700696],[88.77696712392125,22.77145869747105],[88.77717295322938,22.7339692109532],[88.78825480701059,22.68428461838675],[88.79203546189231,22.679349243749723],[88.79286394151286,22.676192684155485],[88.80413353563593,22.6610368641169],[88.82077432789414,22.63865333700086],[88.83613784143517,22.611995015475983],[88.84460089210205,22.578742857726084],[88.84323155096473,22.555473944659568],[88.84177676663859,22.530701244931358],[88.8318923865828,22.466160551527835],[88.84376208205923,22.401429692550856],[88.85481429532202,22.341189921255808],[88.85560020337489,22.298724270781],[88.86170963228828,22.237556365897067],[88.87353350240609,22.21272177350535],[88.88198192776305,22.19660226351501],[88.87550618648625,22.137847226932927],[88.8783895589341,22.096790734471316],[88.89724222441383,22.042190231169645],[88.90750273070927,22.012471923282337],[88.90378072426847,21.975251192128916],[88.89264507344834,21.951678948220742],[88.87320749323436,21.9324381710799],[88.85536923105802,21.929935941918806],[88.83793524724979,21.931147760256057],[88.82795797760788,21.933772745329584],[88.81658579053479,21.936763956676263],[88.79343364849873,21.946237621904352],[88.76837713172398,21.95680824679893],[88.74711490603363,21.965179551216295],[88.71860574853864,21.971357224101713],[88.69171967305984,21.973646149480217],[88.6670033373085,21.977619705490206],[88.65432698147491,21.98150553974176],[88.6456339025079,21.98505291494253],[88.63929466092608,21.992147434923414],[88.63413219383163,22.001015762011043],[88.63223012228289,22.012418162587757],[88.6292418001073,22.033280725913173],[88.6278847113621,22.05025819106306],[88.6200939360685,22.063097983811943],[88.5949012815593,22.062423189121276],[88.59450588318668,22.062288972873013],[88.5842275795059,22.0706050327421],[88.58134275592057,22.070803140038564],[88.54461207618728,22.049805835049472],[88.52031876208042,22.035469900443623],[88.50711036746674,22.026726410884475],[88.4990326697173,22.027404898253554],[88.4933079130545,22.02485829438229],[88.48881083258443,22.024428659882506],[88.46955313854518,22.021956894507632],[88.44081602314841,22.00598258995552],[88.41812148861165,21.990534620908008],[88.38573856330771,21.938118932558268],[88.34408680014442,21.878801499420817],[88.3081716696827,21.83990492763621],[88.24348119381163,21.81129880247605],[88.1823590098074,21.796196176906914],[88.17330536759734,21.79611389778046],[88.1432269177661,21.798027069851642],[88.11333867222915,21.815875800947044],[88.10406727596525,21.830111236704],[88.10391509125047,21.83031647738047],[88.08216731671982,21.889263157214664],[88.07691568016196,21.9150773561633],[88.06523383463028,21.972512584198082],[88.0786595553998,22.00658691273481],[88.0920349559572,22.071455243670314],[88.10101842817879,22.114941164704224],[88.09036627228328,22.16769469104783],[88.07056874400743,22.195434307831118],[88.05503217488284,22.21719833065627],[88.04531727646588,22.217831957868135],[88.04353993060514,22.21724801206067],[88.03816664491922,22.21548244068884],[88.0351419295354,22.203411094330466],[88.03377486625232,22.1888582908906],[88.03321393485575,22.18288348420328],[88.03275571823794,22.178001229858676],[88.03191747738194,22.169066307141097],[88.03633137036961,22.12882175778981],[88.03399211456895,22.117280980659373],[88.03116401877237,22.10050087687558],[88.00764577327078,22.06428054677304],[87.99887988834864,22.044459153699957],[87.98677952625697,22.022559080504653],[87.9756636782521,21.997644475228096],[87.95925794351952,21.976672575481206],[87.93326048710887,21.947079320653906],[87.88010769766352,21.888546397606177],[87.78879216492248,21.796606468611156],[87.7622424329652,21.75995952233145],[87.75042885459717,21.74034422127199],[87.74106244239883,21.719948586721166],[87.70555582051429,21.674003425133584],[87.68347360241204,21.651654340159666],[87.66726569256171,21.63882367706918],[87.64607197394234,21.6263758694275],[87.6262253476079,21.62203880622475],[87.61401648187919,21.618871210274506],[87.60492587465221,21.61546220328275],[87.5796886676285,21.599790228221465],[87.55383231683102,21.584159435447653],[87.51980988625098,21.57560566788055],[87.48656409631715,21.568745483755645],[87.4533686976385,21.562460364862595],[87.43252433596513,21.555533657060668],[87.42921606639051,21.555955576650632],[87.42120808180191,21.553504860179274],[87.42655607507967,21.68162867226186],[87.4212080818019,21.553504860179274],[87.42030708878701,21.553229090655837],[87.40150664229259,21.547748889073347],[87.36925573396667,21.54826463376231],[87.34160130176114,21.547996578409474],[87.29339952972352,21.53516133993416],[87.27060839716745,21.53061134093611],[87.22187491473748,21.527598181987237],[87.13334951525337,21.50873924891839],[87.13236026997286,21.508340919395025],[87.12582141088657,21.507057909388607],[87.09748016126952,21.506205505780173],[87.06692071943343,21.501394831623045],[87.0351504581995,21.48960986931077],[86.99534752153035,21.46428823894751],[86.93004285454,21.4190359018931],[86.92399122640258,21.41456467863449],[86.9102583480832,21.407793679849064],[86.89218404430993,21.391053420298764],[86.86117409443126,21.368114257940015],[86.82042709273726,21.33043755004315],[86.8121087834638,21.318963316681476],[86.79517130569212,21.29558989724585],[86.79285689542795,21.29239501586868],[86.7681666997976,21.26649439830498],[86.73675575424532,21.219290109972594],[86.72391402527727,21.184301468623893],[86.70717079136773,21.139580204924695],[86.70028186457161,21.09239950375096],[86.70529712084287,21.06357419952556],[86.70587850374213,21.060233072705152],[86.70956011774176,21.027613156054837],[86.72208077305099,20.987905073130214],[86.74085366519115,20.955999624977995],[86.79028305493887,20.90018559363209],[86.80797631868623,20.870711892862357],[86.81684075214577,20.848327697850852],[86.81678319579365,20.847202022674914],[86.81570300299128,20.826055970326742],[86.81394529410932,20.80382760925196],[86.8130673054608,20.79271335438369],[86.81379413219183,20.782645356483286],[86.81396356763122,20.780298872045766],[86.81752512664289,20.774127223948454],[86.81781765910252,20.773620296415547],[86.81891499495134,20.77171871344315],[86.8238198652025,20.762553746962922],[86.8358417769642,20.756420691992393],[86.85325294059065,20.75520322561348],[86.87097696171287,20.752875309834142],[86.87243546689027,20.752683664424456],[86.8708412686421,20.74044560353065],[86.86826445281066,20.730178661909715],[86.8658935825956,20.718698007947836],[86.86706193661267,20.701861187212682],[86.88443702741273,20.68867477231871],[86.88743575424134,20.67320425298183],[86.8747266617081,20.655549382557968],[86.87440486367323,20.655205453566747],[86.87239009173176,20.653570968820645],[86.83404946438468,20.6224520950719],[86.79666987062734,20.59305746612943],[86.7708252797362,20.572718578110635],[86.75135525172298,20.555236889341113],[86.7251804120855,20.54544376213773],[86.69851804106617,20.535461719131337],[86.69025575591353,20.532367094870303],[86.67399427103781,20.515827776461414],[86.62710057885822,20.474301429555933],[86.6109865131567,20.459506062259774],[86.58546549962423,20.41945054858829],[86.57579425279035,20.40715593736128],[86.57135867478377,20.398038844025763],[86.56931914417163,20.387583324474132],[86.56852211085865,20.37704418158268],[86.56746018197296,20.362991925742598],[86.56635495610432,20.34835407763137],[86.56919602484096,20.336393793742925],[86.57841207505142,20.331765069705185],[86.58001569518369,20.33095959516041],[86.58861699685148,20.3292047599681],[86.60528574975116,20.335144568560608],[86.62239896931551,20.346936089027032],[86.62656709861152,20.35076885387659],[86.63735556245585,20.358588557166502],[86.65729481063983,20.38089396426834],[86.68470374698664,20.393179251833125],[86.68551463472318,20.381740241610242],[86.68116007082835,20.360096210536792],[86.67349121259339,20.32952713334841],[86.6720564212097,20.323804895784942],[86.63596943776174,20.272595817668268],[86.5496137914044,20.221784513576274],[86.44531907328566,20.139434449297703],[86.3627730373391,20.05247106505858],[86.33291857619608,20.000515292867675],[86.33192087930927,19.99875989637342],[86.31616058434675,19.988285563709592],[86.28331067476543,19.96644174396641],[86.2370889632858,19.93959830363649],[86.14463172220819,19.898918282250712],[85.98429297732936,19.812612800069594],[85.92573075930666,19.793193066819683],[85.91347498932839,19.792077802402623],[85.88648916819994,19.789028305785536],[85.8687233099297,19.784228042109923],[85.84939568887943,19.774805503588336],[85.83023794675528,19.764245286391276],[85.80966766191405,19.758942616647264],[85.73079998921955,19.73858271411389],[85.71910808823566,19.736171970150725],[85.69356162611192,19.729204055333682],[85.64969174391969,19.718185743742314],[85.58235507391673,19.68808487972426],[85.57251199761767,19.685997525329633],[85.52927878228832,19.682078052814454],[85.51675413195169,19.68105050474206],[85.49015352699631,19.674364055042062],[85.46576515720884,19.663411992288424],[85.448511800531,19.656756459277712],[85.44086868799448,19.65493752731047],[85.43459215379826,19.65344350457543],[85.42564645858451,19.653403459164313],[85.41590040927605,19.653359307805548],[85.40546643507889,19.655740610397892],[85.40460405692524,19.665907341178066],[85.40674266735499,19.675262789073674],[85.43059705137804,19.69109327596807],[85.4369747403195,19.69532433718161],[85.49742726059145,19.723429613247507],[85.51458685778202,19.747520171118268],[85.54040045958962,19.783735891771673],[85.55411122113613,19.809166610639416],[85.55284045252155,19.827301683111884],[85.51729044649365,19.861018257946046],[85.48203654311793,19.884020445467772],[85.44967313373826,19.891627927267898],[85.40927085341619,19.885283211955674],[85.40921395363307,19.885255272181784],[85.40308436968863,19.885446642563533],[85.38071348056582,19.877323850862755],[85.35927775673709,19.864420439574097],[85.29398314993234,19.819840422210888],[85.22295329891259,19.763154349981313],[85.19419594385742,19.732928535362788],[85.18478216368266,19.722250964780628],[85.17924757126589,19.713711774380652],[85.17220823578938,19.701125154292388],[85.17457224134552,19.69405660201627],[85.17482556162565,19.693299145956125],[85.1757305902487,19.693005934487246],[85.13488188893344,19.64154766510008],[85.1311316317063,19.635322338700252],[85.12013039584225,19.616919991280156],[85.05590926675285,19.65095165325472],[85.01865440663217,19.683177644891103],[84.99443705665125,19.71466781637841],[84.9778940362213,19.749271092410165],[84.97026576926397,19.785977718209633],[84.96783202608056,19.797689319864567],[84.8405987843031,19.859771813238112],[84.82049888320698,19.898123511208947],[84.80885343590477,19.921821368129]],[[85.95804903272467,22.127822903710676],[86.23200919868509,21.149107635213017],[86.22243404243135,21.14026300444562],[86.23201261643158,21.14910986804472],[88.19269196422468,22.430031968274747],[86.49687436290658,22.583763008855783],[86.49439899179514,22.565982470908992],[86.49687244165418,22.583763183023176],[86.50226837816017,22.62250810548327],[86.49687437482831,22.583763094489274],[88.25327205854414,22.503325054291846],[87.54397664570116,22.79005817241307],[88.45464618079225,22.847289514856474],[86.73975063123741,23.46499627113629],[86.74501972804308,23.429499371530742],[86.73974964405309,23.464996626720875],[86.7097122769844,23.570719374655916],[85.95804903272467,22.127822903710676]],[[88.45464618079225,22.847289514856474],[88.45345009688393,22.84673203970338],[88.46406384834106,22.851678339178893],[88.45464618079225,22.847289514856474]],[[86.79904366683657,23.74220035120582],[87.92873740235666,23.687118589378432],[86.94778529172665,24.027725507950617],[86.79904366683657,23.74220035120582]],[[87.92873740235666,23.687118589378432],[87.91686708422306,23.680519531035294],[87.91590873162995,23.67998666780609],[87.92873740235666,23.687118589378432]],[[87.11633642789886,24.351277100254713],[87.76027068211509,24.491595598184897],[87.75629968112595,24.646516626642892],[87.49814386899708,25.08419654729221],[87.11633642789886,24.351277100254713]],[[87.75629968112595,24.646516626642892],[87.7730443048554,24.659176679272534],[87.77299114220288,24.65913649383902],[87.75629968112595,24.646516626642892]],[[87.49814386899708,25.08419654729221],[87.51180728044127,25.085144119010966],[87.51141441672014,25.085116892571172],[87.49814386899708,25.08419654729221]],[[84.9919892407846,22.227264119812254],[84.99198923405439,22.22726416376248],[84.98361447816627,22.213960675392542],[84.9919892407846,22.227264119812254]],[[84.99198923405439,22.22726416376248],[84.99198926760641,22.22726416241911],[84.99220940904728,22.227613860620302],[84.99198923405439,22.22726416376248]],[[85.1963179023011,24.84908672402552],[85.52236341289886,25.041053167681024],[85.12527642121974,25.102880489944987],[85.1963179023011,24.84908672402552]],[[85.52236341289886,25.041053167681024],[85.52092746219749,25.047765521164997],[85.52051476012278,25.049694686232325],[85.52236341289886,25.041053167681024]],[[84.99277205313055,25.57624875403878],[85.09563486490693,25.65087107985612],[86.36688459462988,25.690254490470917],[84.81001190256744,26.229154439075092],[84.80397540080408,26.24313865369957],[84.81001197898617,26.229154166071257],[84.99277205313055,25.57624875403878]],[[85.09563486490693,25.65087107985612],[85.11054371375195,25.64202078496481],[85.10105830600405,25.647651858801012],[85.09563486490693,25.65087107985612]],[[85.92781102806866,22.235847355886055],[85.94051823534976,22.19045120224313],[85.93923699248039,22.189337853738614],[85.94051825652087,22.190451126609894],[85.94060942894242,22.190125415604715],[86.01087673417847,22.230447755886733],[85.92781102806866,22.235847355886055]],[[86.44024983207011,24.2039523462503],[86.44430099195768,24.230433055470375],[86.44129948632971,24.210816143800947],[86.44024983207011,24.2039523462503]],[[85.09680460240119,21.542789326086204],[85.09680472253736,21.542790002370538],[85.09150774997343,21.554565110787323],[85.09680460240119,21.542789326086204]],[[85.83411268035591,22.5705821638388],[85.99139944255036,22.587020437940655],[85.82230110580595,22.61277869382162],[85.83411268035591,22.5705821638388]],[[85.5490334102755,22.654404763959224],[85.54903205276126,22.654404970745404],[85.54839200599527,22.623115814837796],[85.5490334102755,22.654404763959224]]]}},{"type":"Feature","properties":{"state_name":"Berar","id":5},"geometry":{"type":"Polygon","coordinates":[[[78.01646354896157,19.696664864330078],[78.04806527795373,19.687532202761655],[78.10402588862328,19.686572616190233],[78.15370941200277,19.674242540170212],[78.20004650935458,19.646197429497487],[78.22543323395988,19.62998200982772],[78.24653912231979,19.626736480405004],[78.26151069151376,19.61930143607832],[78.29231933764525,19.572890768789566],[78.2978388517881,19.54699959982623],[78.25818291569777,19.529093131041297],[78.24606854576143,19.527878449993583],[78.21143484593969,19.534229227330485],[78.18620071187415,19.557602990093944],[78.1617437973412,19.543703933055387],[78.15220488272567,19.519510545667664],[78.16238997791197,19.49927129378918],[78.18001273605582,19.473169483198205],[78.18350884472491,19.420089585912613],[78.18440468302522,19.38854930300784],[78.1832909145705,19.387025656810867],[78.16889345417846,19.367326188155484],[78.12624833593522,19.34800225436291],[78.08253361480627,19.35161394321904],[78.0814574379956,19.35293854056966],[78.06482348316864,19.373409063138922],[78.0562209525175,19.397916120510356],[78.05209285409673,19.41948166860993],[78.0467482956743,19.45683150528059],[78.00299745601905,19.54211583935631],[77.96540016360849,19.552769447119882],[77.94127028144403,19.556030757239416],[77.9197492088566,19.536315615284664],[77.91616075194955,19.50484317602189],[77.91039877347201,19.436141794273308],[77.88864563989063,19.402091832732715],[77.86423356426825,19.388145801669026],[77.81645672682346,19.420425426129302],[77.7942431652385,19.446568764365267],[77.78291706809053,19.491176450377036],[77.77604715012642,19.531415471237786],[77.7615673431078,19.568904482458265],[77.74369300147629,19.58494430061173],[77.71431988388099,19.636990957717632],[77.69038301476785,19.653118129832386],[77.65110062901506,19.656568868814908],[77.64027691046162,19.64239378569694],[77.57784644033826,19.617496752947407],[77.55827518918832,19.62351011364413],[77.5320178644898,19.633423025840873],[77.53218648713298,19.644172228090607],[77.53163254349826,19.65708191201536],[77.52955439117217,19.669296294154794],[77.52900039771636,19.682205970398588],[77.53001601849651,19.698677352369927],[77.53025278331513,19.713726145826453],[77.51788300105412,19.745438307379143],[77.50984904855194,19.764187255028634],[77.49415366176474,19.777308841672934],[77.47401277403777,19.796941965066885],[77.45687385879708,19.8150983536853],[77.44958722170983,19.833835169164637],[77.44327740944765,19.916353027274106],[77.43816029488325,19.928608780118875],[77.4254750424687,19.941684790541967],[77.40591213530335,19.951269430211862],[77.39078640689529,19.95362426980835],[77.36195306143631,19.95185992215782],[77.33087760054399,19.952270783263852],[77.28771518985624,19.955699827664088],[77.26734157830917,19.962413044069553],[77.2538294119282,19.971904444217678],[77.22593107744305,19.983009918384237],[77.20468275960523,19.98184171978997],[77.18411361483481,19.974927470412165],[77.16350692845448,19.965143550886246],[77.1421058349201,19.952498988125434],[77.12316412843222,19.953443501734494],[77.09145751976817,19.96385689408585],[77.06662602635623,19.97848651543975],[77.04475810080379,19.988060251426692],[77.03487300892508,19.98602320148868],[77.02489651466001,19.976817178360925],[77.00086713864677,19.93550660695999],[76.98776530775035,19.91844665231822],[76.9724904769853,19.909296244863945],[76.9405874750481,19.903911452151167],[76.91940042420825,19.907009296987777],[76.88386198048445,19.914559270704626],[76.83775671758777,19.92651399465509],[76.80221678970003,19.93476521272535],[76.77414217648204,19.93289673534598],[76.75818983839028,19.93018719278905],[76.74751314161801,19.92455622951194],[76.73058540115684,19.901776509804044],[76.72277278292661,19.880340947140418],[76.70365682040614,19.86474970789525],[76.64736962544734,19.84520106317466],[76.61101879243351,19.847684426166655],[76.57173390863447,19.860225605227253],[76.51899092704154,19.892952625557612],[76.49100413471206,19.899643278883094],[76.4697052712969,19.891932233898352],[76.45215262155156,19.879168162334988],[76.43230962320239,19.864269237507408],[76.41024739280788,19.855122502084615],[76.38679645971051,19.860326449143344],[76.36338671640861,19.87054706358212],[76.31821642005131,19.908178870470618],[76.30238880870854,19.919769905469625],[76.27532846168971,19.949369504464283],[76.26398705723872,19.953753547321412],[76.24051017059092,19.95822212068602],[76.21777923167149,19.961248195555402],[76.20125082509873,19.982158743766348],[76.20060096049825,19.996506503997004],[76.20674645717352,20.00650508407202],[76.2274029152187,20.028595132023312],[76.2366484290767,20.046459691460203],[76.23852644760008,20.09234440358969],[76.24263320126374,20.131758780628886],[76.2549417134528,20.151751618285218],[76.27329992994322,20.16811403384202],[76.29693694370759,20.17941554062285],[76.31294592995032,20.186468055110737],[76.32077678607244,20.21437732789466],[76.32624014659815,20.23154711452565],[76.32555947510716,20.240874847641226],[76.32042903519549,20.263144327562088],[76.31296302111171,20.278977106304936],[76.29109053413083,20.29921920945502],[76.24641878106131,20.32105704787235],[76.22141154703648,20.331273429501568],[76.19567366623576,20.3457942145291],[76.17526986535121,20.362426997604395],[76.1670078729425,20.376108176601875],[76.16099387119614,20.385471184997048],[76.15128289526265,20.409201366669844],[76.14686782000975,20.42931053934062],[76.13863169009637,20.447293220914055],[76.1356147210486,20.45089866269041],[76.1151649506284,20.463939619491537],[76.09394558810266,20.476265984864565],[76.07424984545804,20.489297610251604],[76.06673855553453,20.503686974126012],[76.05546416713926,20.524553359083708],[76.05245847269529,20.530308851862888],[76.0335329101787,20.54620011429197],[76.01227661247177,20.555648641409785],[75.98870557030101,20.560804905266764],[75.97351791278365,20.56734541243645],[75.96523650031051,20.5824522259901],[75.9607615816412,20.59753756930202],[75.95825848954,20.6843278361547],[75.96523032936592,20.70221780369186],[75.9851106511962,20.71214534909007],[76.00652741551384,20.72349580953844],[76.02335429898292,20.732002276764923],[76.03789607923083,20.74052082847665],[76.04483565605305,20.751953003429005],[76.05499531211571,20.78774763347964],[76.05671520494354,20.81570515667921],[76.04552245949236,20.851630281842244],[76.04771509878918,20.947711558233966],[76.04792990765682,20.978546368104787],[76.04809502544262,21.002210214917323],[76.05357637500647,21.021538464085626],[76.06898892222893,21.04080427190722],[76.08585008787927,21.04858555514861],[76.12404256436709,21.04833719128116],[76.16449809093808,21.04447929099082],[76.18734986715401,21.036433200104653],[76.22167233209387,21.030453347977005],[76.29258648728778,21.01702181582254],[76.31627168598271,21.018274323500936],[76.33540081144545,21.02242757781999],[76.35459567653308,21.03374864183035],[76.3655621088712,21.063776995722503],[76.36873562306236,21.076658296887512],[76.36965066878561,21.093142972325026],[76.49715063210657,21.17199546610248],[76.61840682574584,21.26265120417159],[76.63802363786266,21.285901685919733],[76.66802090980467,21.321435744411694],[76.67681217992592,21.376792366852158],[76.68308806187855,21.390112495639762],[76.71576800238833,21.391693132315183],[76.7585621875918,21.38551439021019],[76.77129174681748,21.425527869895955],[76.77161486885983,21.45228931071519],[76.76374639390288,21.47722554342753],[76.76427664252677,21.52119062813569],[76.77291238503936,21.559334171330583],[76.79978304733427,21.58389854532467],[76.81000150735952,21.583787756528366],[76.8568350224167,21.569890194520475],[76.89134987999704,21.552296921215504],[76.93405273564623,21.536513840256934],[76.98297715279377,21.528292891043407],[77.03444346300795,21.556346221321327],[77.09832646655589,21.593783534598963],[77.12718627988721,21.610620096396435],[77.16797361826309,21.604359104093977],[77.17577628878561,21.57940897552191],[77.17747675984948,21.556449869329064],[77.19557458991486,21.53709843606386],[77.23429467776764,21.530849994349506],[77.3102850773239,21.556572574441333],[77.43162544136403,21.604535769384178],[77.45234685051578,21.621431618062537],[77.499080333322,21.605446838996247],[77.53676631191725,21.53990073771922],[77.55016024209316,21.488098307935754],[77.55123654084193,21.432661485596864],[77.54445268487684,21.394543488358728],[77.53323307827304,21.335469816939558],[77.53422294706948,21.274299853167932],[77.55003627326353,21.245394801347683],[77.58648582541143,21.231462050059314],[77.64163929456552,21.23825103656703],[77.73154228269532,21.250194494159743],[77.83368043587552,21.261883071608626],[77.83747037344163,21.26287967752668],[77.89514683526026,21.278033745782437],[77.99522810254143,21.287745707491293],[78.07505636460527,21.3034994796994],[78.14495137166722,21.330861716217935],[78.20043449677468,21.35082647234368],[78.27886376643416,21.393245833766173],[78.31811564756896,21.415394104086857],[78.34275626749393,21.42254405618534],[78.37147682164417,21.429607920089232],[78.39572354707524,21.41956763933742],[78.41163456714914,21.402054449032022],[78.41495754249775,21.369517517588857],[78.3851953475286,21.316640981782246],[78.35575987143278,21.277120408967168],[78.32837742005258,21.237552238936498],[78.31534740345853,21.201516769837696],[78.29600674883804,21.15605189508023],[78.20578700165173,21.127222289240994],[78.134311894564,21.117098739153032],[78.09751915940302,21.110134070062706],[78.04547022632153,21.053762528827203],[78.04415062189648,20.988828277837502],[78.05307713712779,20.927531540460787],[78.05402653094738,20.874019611215743],[78.08095751216595,20.79902650730366],[78.10950633930841,20.704897413339637],[78.18082079441096,20.619536327860093],[78.20854001384228,20.597595809984842],[78.23271138813335,20.57845542326066],[78.27703540046275,20.56424914475302],[78.31287022876279,20.533003040893128],[78.40441856990812,20.45482401818888],[78.46006962495592,20.405974132354558],[78.53024593835448,20.37400646738968],[78.57025047308989,20.352183175113755],[78.73782415460475,20.247464592732246],[78.80575750985473,20.236615798316574],[78.8345620383934,20.232007587647153],[78.85026678073476,20.21256914325532],[78.85092668175618,20.157181538995786],[78.94807379644192,20.080565713716247],[79.01206912105411,20.054302422753807],[79.04339754629135,20.01540571302224],[79.06274985233544,19.98250800112644],[79.10084214630051,19.89381576462039],[79.16058720492532,19.836606188215445],[79.15585176000386,19.83422912529723],[79.15454901136776,19.78415052982263],[79.16467049688386,19.70803586222744],[79.16760892803826,19.646405402282745],[79.15957784436534,19.6279796506352],[79.11276384586746,19.629057218698687],[79.08292192255715,19.644055745999303],[79.04739113057501,19.673496970693645],[78.97013755406093,19.728205669393315],[78.95724143348306,19.757130534488176],[78.93548092293514,19.79484266388662],[78.89806229470388,19.811416303338753],[78.88891880754612,19.808751828357874],[78.83530030577684,19.781270482671882],[78.80196494191352,19.779118994101086],[78.7779052219225,19.78535832851972],[78.76836571209127,19.829958211216713],[78.74507001040242,19.869119444478216],[78.72889511881567,19.889510609817684],[78.69758060561789,19.91021663950827],[78.62617779537325,19.900229644702236],[78.59722442360543,19.89222361733535],[78.59058873233225,19.866574245729772],[78.55964980512908,19.83711414617298],[78.50984134756112,19.84383224379319],[78.49385440791167,19.874229736653167],[78.47947000740416,19.90889279273868],[78.44492826601247,19.922459180853537],[78.41881815118201,19.905772389946275],[78.37342735128212,19.90807254704496],[78.32747963140989,19.956218665045927],[78.27737724252034,19.95142059197374],[78.24542241663669,19.944844087892054],[78.21449116388767,19.91388458044143],[78.19568514541744,19.88270074127969],[78.17120215062974,19.870242783112936],[78.13371681873247,19.889534858525803],[78.09151088769367,19.90030435056365],[78.07017023159847,19.893509167176216],[78.0575872091072,19.869364687572265],[78.05092738962426,19.837952379139033],[78.04429834863306,19.807971953643612],[78.03053979145996,19.80104084244261],[78.00916069661993,19.791370944400587],[77.96980822906569,19.792029627031837],[77.96820768673008,19.785458026591062],[77.9583400019765,19.744926656780628],[78.01646354896157,19.696664864330078]]]}},{"type":"Feature","properties":{"state_name":"Bombay Presidency","id":7},"geometry":{"type":"Polygon","coordinates":[[[71.31556020319637,23.180036799509555],[71.47933623625059,23.605956735243986],[71.47020702688972,23.617718619862874],[71.46298985334303,23.623594030581618],[71.45537583603634,23.629791493571602],[71.42922743689657,23.63873808016537],[71.37968679584769,23.669091928122604],[71.36290247056515,23.676335512672594],[71.34425737274867,23.675896048039156],[71.32566614594934,23.673546376967767],[71.31953170747443,23.670536723457563],[71.28989972789505,23.65551013630479],[71.26839625451383,23.646402059620534],[71.24458001667233,23.64582627659419],[71.22585955747729,23.648234761051924],[71.20887929100058,23.662137931649486],[71.21230575995457,23.687039755683283],[71.21080134080053,23.703229959128144],[71.21089077826028,23.78961707054645],[71.2145527400404,23.8064113037818],[71.2388925065145,23.84375746443617],[71.25144338251569,23.858382027376727],[71.26865114372382,23.873596213783944],[71.3007838311073,23.893464524725],[71.31692399802557,23.91008044413363],[71.32644414428395,23.922241023517742],[71.34040747485633,23.942621400978368],[71.36481972142387,23.979477660516405],[71.37223208423556,23.993018155519607],[71.38333401199743,24.004736356311547],[71.39145542325704,24.01161047843423],[71.3990850058569,24.0175180282092],[71.40670202618185,24.02390229023749],[71.41896762699636,24.031349780775752],[71.42975570712592,24.035897929884943],[71.43848012731024,24.039920005957338],[71.44923036385947,24.045898041746824],[71.45874614688782,24.059006962190328],[71.46122722407812,24.066620477823847],[71.46689744497814,24.084017526442597],[71.47350524490555,24.10851489461014],[71.47777513149848,24.119182159269844],[71.48372756041142,24.134050237869072],[71.48963276227862,24.17488033006967],[71.48878292675023,24.205888351409996],[71.48792006066721,24.213625323544942],[71.48071270352425,24.23911598334289],[71.47228334443862,24.261594235226283],[71.46181624849967,24.287007563467995],[71.45264569824563,24.312450063584002],[71.45119713181099,24.3410559558861],[71.4565725289762,24.358484988555823],[71.46061388276173,24.377076078886862],[71.45871301626141,24.398511463147642],[71.45645984011043,24.409198587510666],[71.45198539349161,24.429380037938937],[71.44154628873419,24.453000684918777],[71.43257401605496,24.470688421519988],[71.42241406880974,24.48417071120763],[71.40692043978494,24.5017015569448],[71.39553687220759,24.512169195671266],[71.38420144717195,24.535365126536888],[71.44714475750726,24.521258298664435],[71.48536761852061,24.525734585831145],[71.51420820709173,24.529984594878915],[71.53601137593495,24.534067575713063],[71.57258235379483,24.542064461327666],[71.57517499039265,24.542202602640383],[71.59603259634324,24.543312314833038],[71.6518109932929,24.565328939583505],[71.68851477443422,24.56900529146742],[71.7088618036,24.569451591286416],[71.76470321046878,24.559920302928337],[71.79627972257859,24.549853302533975],[71.82794193999024,24.53620021860835],[71.84464268407467,24.525808305098984],[71.88287153887869,24.49938853249793],[71.89307745651749,24.496271846426087],[71.91362609545813,24.489994044320483],[71.92230064264733,24.48730638753016],[71.95054813122418,24.484298742088647],[71.97396431618088,24.486918766579254],[72.00367433580895,24.48822783044159],[72.0285737915349,24.494450216153194],[72.04020866319831,24.4989764681979],[72.08369332746184,24.514148910441488],[72.11324954064182,24.522596804663344],[72.15939158027285,24.524905887096054],[72.20566369259585,24.521472712448347],[72.2494151331073,24.525858949874],[72.26954877312744,24.536253879404764],[72.28649281629993,24.5494543495765],[72.303486452749,24.560504932039873],[72.3236001082098,24.57232564870644],[72.33602283675764,24.577560601893904],[72.36403431831651,24.586650345019695],[72.38512031632973,24.589883775736084],[72.40310435041687,24.591628010717656],[72.42995341831757,24.58134284669731],[72.43885967764035,24.567166381008477],[72.4402391974749,24.53781679198074],[72.43450017675195,24.5119282465482],[72.43003691186684,24.500389618930495],[72.4231827999253,24.490959343696368],[72.41042124750182,24.464233744710153],[72.40922280462918,24.44630290452138],[72.4095156818592,24.431979666514785],[72.41132876105743,24.419831670821495],[72.41947088380381,24.40420958923188],[72.43062282276672,24.394369413587054],[72.46366808130472,24.38489658968574],[72.50201362452263,24.384101126635024],[72.5442558261809,24.384075604426776],[72.59123212112259,24.381964195510317],[72.61013574297039,24.375098784594954],[72.62214716113768,24.36024142090429],[72.63500408127712,24.34181359233688],[72.64628049131372,24.32407640258155],[72.65830890227284,24.30778277384868],[72.69427165718277,24.26462523365391],[72.72286075254367,24.23926085957694],[72.78205032699275,24.205740517580143],[72.82084995607313,24.190957306227556],[72.82372689656457,24.18986060509062],[72.84806985393774,24.182323953971636],[72.87309612494875,24.180525513235555],[72.92380095302018,24.184807731671523],[72.93625093708228,24.187843290099774],[72.95563966585928,24.19670404953723],[72.96721970045813,24.2054584426386],[72.9740234079386,24.219881503635246],[72.9791979784555,24.238582406484586],[72.98112345581347,24.265122865349678],[72.98316253087783,24.28449860489418],[72.99068561936762,24.303230361140077],[73.01006200634238,24.314234876688225],[73.02250473742292,24.318697244114766],[73.05677626851785,24.32773954064485],[73.07776987403204,24.33588999840666],[73.09862719238743,24.353352337995727],[73.10545283653943,24.367770687469953],[73.11303031250242,24.38434808332135],[73.1236969613423,24.403830066882303],[73.13054894992466,24.416814499614155],[73.15230316580232,24.42783148254335],[73.1922775611922,24.424014492215296],[73.21522494540093,24.40637020065901],[73.22401282764638,24.3935734408114],[73.2322556740393,24.363569444320607],[73.23880122976603,24.342861891178796],[73.24771997521704,24.320031268580898],[73.26366211951586,24.29799706189865],[73.27327702916328,24.28090599325148],[73.27785204248735,24.231505661569727],[73.27575863136639,24.212847715429017],[73.27205491591856,24.197754987472855],[73.26366508540042,24.1826088699961],[73.25441812947567,24.17318614891594],[73.2342973786178,24.159337232499954],[73.20887456090449,24.133956628551484],[73.18913801789247,24.0935892104038],[73.18935956272902,24.077824634899603],[73.1935731348852,24.055656967417764],[73.20238648939225,24.039276713804263],[73.21428841049025,24.025081959860238],[73.23082898724783,24.013806590572404],[73.24651868258115,24.007536540081304],[73.27795098810064,23.990691652484934],[73.29071464487625,23.969332684214095],[73.2934033213871,23.942843647156153],[73.30404508220325,23.904257894112952],[73.32140654372823,23.887963377836748],[73.34172559086359,23.883883273148545],[73.36350307418957,23.8877002157914],[73.38133132861635,23.89577315270119],[73.40290972147427,23.916068017156743],[73.41519075834582,23.931963881748462],[73.4375343193283,23.954412459429808],[73.4491461081825,23.961697862965337],[73.45304551507559,23.96173721482929],[73.47811970571938,23.95195307357641],[73.48766155014458,23.936278291325955],[73.49352714637034,23.901213738120358],[73.49374299748162,23.882579526045767],[73.4939917827774,23.861078453783673],[73.49110702711364,23.840980238041965],[73.48825619291851,23.81801514088882],[73.4892923193921,23.795804863847913],[73.51285527061084,23.77883069436962],[73.5277818027519,23.767504971106348],[73.53276763880858,23.739597128694992],[73.53131492745459,23.73026488448323],[73.52756721999995,23.71732677113434],[73.51994450405826,23.70291795423369],[73.51072619829078,23.69207747874779],[73.50227127464976,23.68267749024141],[73.49149948014866,23.671820931848618],[73.47785760559043,23.640148344254584],[73.47498646610056,23.619332927991334],[73.47368808108472,23.5970993078337],[73.47461498688625,23.584205954237426],[73.4778908613875,23.569901980528265],[73.4968378054825,23.544997996601296],[73.51798890407973,23.53086461435314],[73.53908810059347,23.521028602511823],[73.56250045354385,23.51264462107816],[73.58345571234901,23.515704011183026],[73.59737840686508,23.52228159312118],[73.60816292047006,23.53169729350601],[73.62050385221342,23.541126103950035],[73.63131383057183,23.548390001881074],[73.659238060002,23.555084854387903],[73.68100912388127,23.55527105279574],[73.69581784123662,23.55181169615448],[73.70911982517208,23.543320403589913],[73.74760338711418,23.502773635603884],[73.76259879056379,23.478519846634708],[73.78719367280317,23.423513403251793],[73.80628053322167,23.374195216591193],[73.8138135228932,23.359307951105652],[73.81892706493917,23.349199955314614],[73.87279417196791,23.31446873320697],[73.9170780603539,23.309762571307466],[73.94424431832009,23.309947893235883],[73.96054420587986,23.310056827417867],[73.99473438931383,23.30526132952176],[73.99867426083767,23.29740033266208],[73.99608079329526,23.302575048904448],[74.0024790766067,23.310798410417725],[74.0024792618236,23.310799594469216],[74.03803705705664,23.291808321009835],[74.05890947801673,23.266842079634547],[74.09140328182588,23.24313532728416],[74.11350360582662,23.225337825240658],[74.13819120664719,23.206356298552922],[74.16283468753858,23.19334511955192],[74.20691704875557,23.170869501693268],[74.21528307369744,23.154660095474537],[74.22621201239504,23.14180864150352],[74.22836145644723,23.12747970110229],[74.24336928073026,23.12384803783362],[74.25186964721483,23.10536664421379],[74.25653223693973,23.079696863264274],[74.2585448712715,23.065964152214423],[74.26577398701629,23.0426958815545],[74.27101587680448,23.028380378081327],[74.28014839134075,23.01049743755423],[74.28795639559912,22.9985828743452],[74.30221938905156,22.986098940394292],[74.31711302782055,22.97600636098258],[74.33134748231228,22.968299547552864],[74.34879783122732,22.96239716007433],[74.37388792419176,22.952156542363692],[74.37003833793902,22.950454349065055],[74.34299672451981,22.938872619379236],[74.32601908043668,22.928046394460775],[74.31999107159872,22.89503851392734],[74.3241159244728,22.843431527298762],[74.34665614973467,22.821298186354948],[74.36529247299674,22.805599129187712],[74.38628612448821,22.780585587854688],[74.39181000678705,22.75551090686914],[74.39756076775792,22.67809359235876],[74.39535902318218,22.651555065653938],[74.38154037145024,22.63214242452543],[74.35386104396109,22.60478603884264],[74.30395669775005,22.546497844952867],[74.29735649685685,22.54204761299394],[74.27934095203183,22.529897703909423],[74.2493135746394,22.51613688121025],[74.21000386656247,22.50734451079493],[74.1622115242278,22.498498771053892],[74.08735513625179,22.499526185502138],[74.0680791719812,22.497264818953276],[74.05191956976067,22.49071748642381],[74.02136455977053,22.446797579164134],[74.02160078104723,22.41309964588679],[74.03145880485641,22.40405149832943],[74.04332975915302,22.3931533649224],[74.08194685803164,22.383338916648068],[74.12592850334117,22.377846312262776],[74.16839933473827,22.36659762739346],[74.19625056359801,22.349529395416262],[74.21955451951173,22.317376412532965],[74.22353060564384,22.29516707019689],[74.22365729801894,22.27222213665198],[74.21918210275838,22.245669844005103],[74.1955009594037,22.211136005016584],[74.14020169219005,22.187190807636295],[74.11873813207993,22.172018196379852],[74.10808719574264,22.151883042884954],[74.10744403328299,22.131802261618724],[74.10916346336293,22.103129757508924],[74.11481775545259,22.060137410317743],[74.11267110072187,22.034311842777843],[74.09140219662197,21.992606120914598],[74.07233951186156,21.968119596843337],[74.05562687887732,21.937908063168237],[74.05940565333758,21.90715536342997],[74.06293308938261,21.8784340170811],[74.07261938783675,21.860180729719364],[74.07848634708408,21.84912211295059],[74.10169439448505,21.82271857376419],[74.12716686336975,21.801342961600945],[74.1549013444971,21.7857113919405],[74.18793501673437,21.782291563175374],[74.2163376081485,21.783145744003193],[74.31373380511815,21.80652601556941],[74.35660129447368,21.83681689374726],[74.3772084298723,21.86701427030502],[74.39634772247382,21.882861737822488],[74.41401599170594,21.88364264967338],[74.4432733670813,21.867967804994763],[74.46254375593733,21.850821151454753],[74.48415229981111,21.82292274745783],[74.49728597895287,21.800732657473016],[74.50120729658335,21.777079623261862],[74.48596702501158,21.744762545365766],[74.45771160882298,21.70594787819114],[74.44780133725051,21.688704230099873],[74.45327239164227,21.662188744638062],[74.46713367833071,21.64789125799073],[74.5178795759195,21.612189590905086],[74.53861517507713,21.602925611391292],[74.62382598060884,21.567999956168595],[74.66910338276631,21.548732980992295],[74.737368295026,21.526622678655745],[74.79563228910162,21.517381143383584],[74.85771463950611,21.51457695876863],[74.97267255502244,21.527544262181184],[75.00639740333348,21.53041502134052],[75.03399056507683,21.528977360083246],[75.04318279542638,21.51032902988558],[75.04087764221816,21.488814706491226],[75.03704140537516,21.46945213959559],[75.037037237687,21.452957304880737],[75.05311091060076,21.41422584863142],[75.07148779564389,21.405612966857806],[75.1059512952266,21.407029069249983],[75.15419613279187,21.404122954759465],[75.16644523754624,21.40052539272365],[75.19093139315544,21.38543873257921],[75.2023975321993,21.37108187815073],[75.23147638772154,21.361003907459562],[75.2689813296659,21.355927830612263],[75.2988471105534,21.360180355351428],[75.31570229703513,21.365886851149572],[75.34022348514898,21.375162099152984],[75.38005074495496,21.38009677303241],[75.40300159306597,21.37287161166295],[75.46263376000597,21.344748663857565],[75.49701315695548,21.32457006970588],[75.52835529975404,21.31371716163891],[75.5658395334288,21.309292328593877],[75.59112579625344,21.3170940498797],[75.62406832968452,21.324863667470424],[75.65245027900575,21.339098802826754],[75.69308570510476,21.35327888536335],[75.75736919595333,21.34941567397623],[75.80020436422959,21.343480089734506],[75.8676000092845,21.349599645228587],[75.89981896691319,21.36090391760637],[75.94815626996875,21.377848373117082],[75.96815100960805,21.391359058956386],[75.99200698262175,21.40914696806449],[76.01742019822673,21.42979014675508],[76.06649593029341,21.438089740908524],[76.09560952094465,21.43933589101987],[76.12930752342687,21.439111960910367],[76.15604466330794,21.43032472395359],[76.16433776386319,21.413774867578827],[76.16805807751506,21.400124807943676],[76.16800682206521,21.39367160449213],[76.16170644798872,21.37148636556418],[76.15389981554495,21.352179389519534],[76.14384947112332,21.339340859876188],[76.13145012765537,21.319346717370006],[76.12516438946413,21.29787656824789],[76.11854491254594,21.23194912688955],[76.1390124575008,21.208148486036425],[76.16878319443684,21.201491368010675],[76.21150196568925,21.189000189033973],[76.24425097940377,21.17370388141844],[76.32201999669479,21.150168138166883],[76.33798025632115,21.140004039633006],[76.35161970833495,21.126988872624427],[76.36371545763188,21.112551035201587],[76.36965066878561,21.093142972325026],[76.36873562306236,21.076658296887512],[76.3655621088712,21.063776995722503],[76.35459567653308,21.03374864183035],[76.33540081144545,21.02242757781999],[76.31627168598271,21.018274323500936],[76.29258648728778,21.01702181582254],[76.22167233209387,21.030453347977005],[76.18734986715401,21.036433200104653],[76.16449809093808,21.04447929099082],[76.12404256436709,21.04833719128116],[76.08585008787927,21.04858555514861],[76.06898892222893,21.04080427190722],[76.05357637500647,21.021538464085626],[76.04809502544262,21.002210214917323],[76.04792990765682,20.978546368104787],[76.04771509878918,20.947711558233966],[76.04552245949236,20.851630281842244],[76.05671520494354,20.81570515667921],[76.05499531211571,20.78774763347964],[76.04483565605305,20.751953003429005],[76.03789607923083,20.74052082847665],[76.02335429898292,20.732002276764923],[76.00652741551384,20.72349580953844],[75.9851106511962,20.71214534909007],[75.96523032936592,20.70221780369186],[75.95825848954,20.6843278361547],[75.9607615816412,20.59753756930202],[75.96523650031051,20.5824522259901],[75.97351791278365,20.56734541243645],[75.98634649703102,20.561820953404602],[75.97875847398579,20.55475976070958],[75.95202947129137,20.541999673154326],[75.93373981176657,20.539230476212815],[75.90330324980965,20.54226045419628],[75.87972993870703,20.547401960466424],[75.84698634051034,20.546847903377955],[75.81951514636435,20.535504969161764],[75.80040708611692,20.521250388785052],[75.78743614126152,20.515572191291096],[75.75774045456342,20.514270011711922],[75.73343184752025,20.52513247754313],[75.70380004940814,20.538164912872205],[75.68711716922046,20.553293137350657],[75.67802408745497,20.563369827249964],[75.65675726423916,20.57636149027475],[75.63014651287827,20.58721852800852],[75.59589556028018,20.5930775622668],[75.57530652425055,20.586692344075498],[75.560801466131,20.577416169245186],[75.53716214530986,20.568884528342462],[75.52116477876763,20.567498976693923],[75.49681395793098,20.57330832270023],[75.47780361569471,20.58268572274025],[75.4595504385342,20.591341831279625],[75.43517705123357,20.59140485755458],[75.4130538402912,20.57854901396197],[75.39854045873346,20.562086777667492],[75.37107346257845,20.540630838158634],[75.34972421555638,20.527764996783265],[75.34210580792336,20.525628483358297],[75.32688636530844,20.52924401521484],[75.30861918840226,20.53214643199502],[75.29111948428358,20.53863183250445],[75.26984249292136,20.563052329423726],[75.25693106111864,20.58387181320135],[75.24250172412405,20.610430322749917],[75.19378313684417,20.638463936900486],[75.1678777857659,20.638491064527205],[75.14729757812513,20.629903027789066],[75.12595369929261,20.616292420822106],[75.10612617892232,20.586898958766657],[75.10152724959045,20.543149986828645],[75.10302902659453,20.51159033893752],[75.10910466410004,20.49078647336681],[75.1303938009501,20.462081866543677],[75.12885136905962,20.437696499970674],[75.12199394672744,20.426225407274085],[75.08927262181705,20.41978997363673],[75.0740547261055,20.417645345755393],[75.05959420651928,20.405457562221653],[75.04817725559232,20.3882469471086],[75.04132589625186,20.36888275023033],[75.03219683326654,20.35956030815932],[75.01166137607002,20.350955771444625],[74.98884643900082,20.34736950396526],[74.96907444181684,20.343780821158578],[74.9561490611698,20.334453665094127],[74.9318295866324,20.302169069975193],[74.92043509561788,20.283515391372664],[74.90524115701683,20.267727991794985],[74.87940777139823,20.254801331752223],[74.86234171035616,20.25237260712658],[74.84901053066818,20.250474197952975],[74.81480995482256,20.250441422815378],[74.78668953635207,20.25040947873027],[74.75554709304336,20.23889262147684],[74.74189636007287,20.22165873156323],[74.7275025654927,20.19653269755901],[74.72452658536524,20.16066467302352],[74.68826897854171,20.058751647091636],[74.66481065392203,20.02427948924228],[74.64059072244939,19.99554090048523],[74.62621301339576,19.979013773370603],[74.61109901621391,19.954593809237227],[74.61041080870073,19.925901076742733],[74.61956520940922,19.903685123861763],[74.62717370375024,19.892941953638],[74.64312168631982,19.882215338011736],[74.67197872816864,19.860752132575964],[74.6833905162138,19.840688588109835],[74.69864044982324,19.793373489533295],[74.70859498161359,19.736723272339137],[74.71847825568145,19.716654565859045],[74.73592084902539,19.70376959205127],[74.76395174950287,19.698787501738952],[74.78743213996937,19.697382230067326],[74.80561323591358,19.693816292607874],[74.82833983428901,19.688100976782763],[74.86242797293819,19.678087956543305],[74.88818336921781,19.66662881393501],[74.929093026931,19.622175975855566],[74.94196848554165,19.604964922894876],[74.95786843961078,19.588470964439573],[74.98208761918369,19.591344282523764],[75.00933516401429,19.593496894402378],[75.03052964132377,19.602819720466815],[75.05853668927516,19.604964759492454],[75.07367540863834,19.60495920560586],[75.10696872044984,19.587009517071927],[75.17959056043749,19.554672405700696],[75.20304458695816,19.551778273470227],[75.22348687763517,19.56036197245717],[75.24771621279478,19.569655489241693],[75.26966593866547,19.571775974854752],[75.27496091511969,19.570333351109728],[75.284033306792,19.565298085189852],[75.29232386207724,19.546634610121888],[75.29756919851889,19.518650626352088],[75.2967812653762,19.501436234606295],[75.29522416475393,19.477049833535116],[75.29667420038732,19.44261590166266],[75.30722011687294,19.42107857561323],[75.32381814295955,19.40311657683611],[75.35479485766334,19.39445084068953],[75.37745494610276,19.38651463769743],[75.39859233661446,19.3749923556771],[75.40838621843596,19.362058796788787],[75.41511212879193,19.331915900747074],[75.41504512543243,19.305374913879454],[75.41874432697992,19.27452127221326],[75.40814760169668,19.265937253591876],[75.37261214173492,19.250949072518384],[75.35599281595906,19.24954748789964],[75.33710499878731,19.24671390518592],[75.31594242727896,19.238860921753528],[75.30384551791161,19.231707984516774],[75.2955101013188,19.215940083513214],[75.29472047186638,19.196573061384218],[75.3037322853363,19.17001657380945],[75.31956482508282,19.159229510217948],[75.33238320547498,19.152033304032486],[75.35197998423068,19.13836724438677],[75.36100761504612,19.124720162787003],[75.3632403983407,19.11036882381973],[75.35868625491682,19.09818282775863],[75.34432682277063,19.087449974573257],[75.31109885846129,19.07244464460349],[75.28542948529329,19.062443184356333],[75.20396902015052,19.077615758324548],[75.19190933251288,19.088389077127935],[75.18588971721583,19.103459751085715],[75.18137840504058,19.118528731495353],[75.17610696490316,19.1292941828877],[75.16856683796804,19.136474796599312],[75.13914448480078,19.152998573925274],[75.12178662724787,19.1580323782342],[75.08706584353425,19.164508304493637],[75.03044859857549,19.167395835992597],[75.01006553197679,19.16237659989862],[74.99572285460714,19.150181780651348],[74.9836470584777,19.133681898804863],[74.97685688116628,19.114312501732744],[74.97233192754415,19.09566052933748],[74.96554579921349,19.070551743217383],[74.95574139988123,19.056202397733497],[74.94065570314679,19.04902452966989],[74.91727242238133,19.043993987134844],[74.88484004598708,19.03680297375013],[74.86975861316702,19.030336682184753],[74.85920514813607,19.022437937638397],[74.85317990299858,19.0123901461411],[74.84942239637469,18.99732245087341],[74.84943593861728,18.982257763799225],[74.85171403146644,18.96432540446896],[74.86077626878433,18.947115566752316],[74.87435808276076,18.932060473618417],[74.89397135643343,18.911268904030525],[74.92866009753209,18.87398193445118],[74.93544710260255,18.861788993904412],[74.93997292697777,18.848877693322116],[74.9482658330994,18.833815206132414],[74.95505037396286,18.819469346671482],[74.96861440271194,18.799385416121204],[74.98594089146692,18.781452927693813],[74.99723885486438,18.76638834759873],[75.02434798484579,18.745582574200707],[75.0491927210243,18.728360385616252],[75.07704259620033,18.708264110494973],[75.12445676587195,18.68671693804856],[75.14852569413073,18.6644603168081],[75.15829298755361,18.645800145989217],[75.16805393046526,18.622835085997753],[75.17251579490724,18.6124082755749],[75.17481009668028,18.607046249457067],[75.18080360979664,18.58264912741656],[75.18454041310439,18.559688781768656],[75.19428168166229,18.526678630745526],[75.2070174303533,18.485773208876306],[75.23556023015476,18.46493517005396],[75.25208058182673,18.452000657106787],[75.2588342855541,18.444100116596704],[75.26557856004783,18.430460110081096],[75.26931326589892,18.4153893343294],[75.27679337776823,18.393138982356152],[75.28654348980795,18.38164602651041],[75.29929901910256,18.37086528050102],[75.31280815986716,18.36223467569007],[75.324818727208,18.356475313965486],[75.34132912338572,18.347120160698747],[75.34806321368919,18.333477242241305],[75.34801588014625,18.30980283806948],[75.34045300873007,18.28327226020458],[75.33967270011829,18.268207980592003],[75.34334559615914,18.2265913755471],[75.35305755839244,18.202898990764552],[75.3605389072636,18.190688986677134],[75.39728362505018,18.175550744602475],[75.42581036684173,18.178359304871698],[75.44983100456953,18.179739391685505],[75.47685215096912,18.18039163281657],[75.49333768680663,18.17102369034319],[75.50678654055557,18.150183843959173],[75.52543520463291,18.112828535745585],[75.53736471657358,18.088403690118067],[75.55152990017733,18.060384693918635],[75.56271391999906,18.039547507484453],[75.5677520480887,17.973530667781098],[75.57439921096146,17.942662163895605],[75.58032052822064,17.919687176290694],[75.58402531754041,17.906762538174984],[75.5997474258399,17.902410217501107],[75.61624530240198,17.905945776743323],[75.63576171412717,17.91520939169107],[75.6627210222975,17.91009755307269],[75.69864262870331,17.89777598886372],[75.72032328584015,17.88550110552908],[75.75250777219335,17.877488040061156],[75.79066986783813,17.866576011619095],[75.86328581485147,17.855507265009884],[75.8760029450792,17.8518636548224],[75.90219543548861,17.846722648119297],[75.92468186215672,17.849486933546842],[75.95397932788443,17.86512812651218],[75.96229689244863,17.87943466596519],[75.97136116563686,17.893019682799046],[75.9886809594812,17.908714527096],[76.00221262537876,17.916536274058263],[76.01572091625913,17.92005299936941],[76.02544579542875,17.91713254799823],[76.04485670565106,17.904834260056543],[76.05598111962625,17.885405729360176],[76.06486871455651,17.868140922725374],[76.0817601571828,17.81209459022614],[76.08162184344235,17.78914004375094],[76.07384716343309,17.741119899692325],[76.07445465448758,17.717443696899394],[76.10264663432811,17.689036146292207],[76.10188566636928,17.67425031641177],[76.10273458419904,17.690744788835026],[76.123100856652,17.716454221925872],[76.13814247722489,17.727845209174333],[76.15693331920309,17.739930204745757],[76.18550558977823,17.75912771693931],[76.19523766756195,17.75906861619844],[76.21538736268027,17.749619435657515],[76.23326469879818,17.736595954986154],[76.26984064868486,17.72201629838036],[76.32417606664254,17.67658877041481],[76.30948031453731,17.665014353010015],[76.29977200784037,17.61546416984448],[76.30518441679173,17.587931209999585],[76.30435552325443,17.55924381614865],[76.29862802064125,17.54254390152982],[76.27786953543115,17.51458342640385],[76.27273574424777,17.493096415251635],[76.29431374730355,17.461274860002863],[76.30167278708441,17.445086903542162],[76.3008763357871,17.420583263550323],[76.28571913811466,17.390194768029215],[76.26886448397518,17.38372697054262],[76.24829600677593,17.380269867633963],[76.21222378701225,17.385872228715527],[76.18799752636195,17.394387042123544],[76.14013449122527,17.40722016460951],[76.11465256976996,17.415135745897874],[76.09970441464488,17.41462093852385],[76.07032297134272,17.395052779664947],[76.07012952516872,17.393631455758108],[76.06837180199345,17.380715535256954],[76.06829553374573,17.36756386866402],[76.07543510695133,17.310732448096786],[76.08060745521377,17.23717211297236],[76.08544112129013,17.21263517064249],[76.10025987916076,17.194022163750986],[76.11702375926012,17.189147395125122],[76.15374690755613,17.19372319318404],[76.1681038867453,17.20200993555353],[76.18123331074408,17.212694026034878],[76.19438726914734,17.226963871312925],[76.20693283512071,17.24302979127483],[76.2138226982882,17.25016197214881],[76.2225637390953,17.25489142247151],[76.23812877850088,17.256589541656012],[76.24992500415722,17.25292974499816],[76.26286735502721,17.234915008489498],[76.26527822783522,17.22354175379026],[76.26626197911463,17.185276601333197],[76.26284108459195,17.139267495037355],[76.2676528492328,17.115325365893437],[76.27874044727763,17.100310644837695],[76.28554928597197,17.09608296191369],[76.3103705787944,17.08994602594639],[76.3159435793541,17.08692095479137],[76.32084855977712,17.077324375072504],[76.3182198061663,17.057016485700082],[76.30565803731209,17.03796813690636],[76.28631742888925,17.0267332287659],[76.2799941996313,17.010632417287553],[76.29211715739291,16.966318358144537],[76.30506634097806,16.952486466139344],[76.30872263418297,16.942300416740956],[76.30484379342506,16.920206483097676],[76.29785324260955,16.89693651057845],[76.28771176419448,16.8665122305643],[76.28374889819015,16.831266123416242],[76.30088817082348,16.795887431607753],[76.3236718877282,16.77003639260929],[76.34402239930954,16.751970512669086],[76.35696686434557,16.739929693461566],[76.36987554383553,16.723105977163563],[76.37968490416426,16.706900084017537],[76.4085096026652,16.661871030820407],[76.41082382601545,16.639138987035498],[76.40385968930352,16.619458813542934],[76.39700946641187,16.615320379335586],[76.38026130607312,16.61423670062987],[76.36537740536247,16.61373722614],[76.35108422381495,16.60904815375371],[76.34360295000097,16.6031185091201],[76.33792406387592,16.588807551177407],[76.33466790239888,16.566111399484793],[76.33137990078768,16.538632741881337],[76.32877000280543,16.51951909931678],[76.32558593343813,16.506985054799937],[76.31872108610595,16.499854588508068],[76.30500893203953,16.487984070116312],[76.29191007707136,16.474913082903115],[76.28500821095471,16.461803226947314],[76.27682536032789,16.44212467515841],[76.28101269592162,16.419381364614427],[76.28951871553615,16.39422019595578],[76.29929289000547,16.37383363229625],[76.31087880563368,16.34685926781698],[76.31324361225872,16.33010517702668],[76.3112947070322,16.3163670718946],[76.30930246954479,16.296052968533587],[76.29620145273319,16.280589847113106],[76.28067730056382,16.27291241054877],[76.26518875287395,16.27061417010845],[76.25093832203713,16.268307459698917],[76.2274081124351,16.266651619775693],[76.20698001139375,16.266171197390616],[76.20260024468435,16.258423934395616],[76.19634250769691,16.247099991213698],[76.19503256315069,16.235150123783384],[76.1986586908369,16.22078095260808],[76.20721242700483,16.20279661233657],[76.22509264780066,16.192530657502193],[76.24170001217475,16.176890022752463],[76.25213020051291,16.163078214601693],[76.2631282161226,16.141490491387646],[76.28635041726135,16.097708455443687],[76.28742545799332,16.07259213841464],[76.28729091091891,16.05166803474665],[76.27974610232114,16.03198394483594],[76.27042419636234,16.02426718457811],[76.23640690214606,16.021476555909274],[76.22962181939637,16.02390701010122],[76.20557430776506,16.034207288308448],[76.18836379698911,16.051043835986953],[76.16316442802365,16.07689087812562],[76.15211344800773,16.090701889850294],[76.143534703526,16.104499185046926],[76.12934789310363,16.11115135387185],[76.1151600875324,16.11780263620571],[76.07187891435507,16.120415906100604],[76.05886820503812,16.116295593443592],[76.0365435460149,16.105045100468008],[76.02967577471865,16.09252243322897],[76.01837676164905,16.059691944258315],[76.01582162646352,16.043560676829237],[76.01079710142639,16.02803888743442],[76.00332460192236,16.017311631274648],[75.99156709959573,16.01497462226203],[75.97119863025176,16.021644760909634],[75.95084287323202,16.03130254832755],[75.9348325411589,16.045125004242724],[75.92005116680231,16.057745242725762],[75.91081423590097,16.066155584455224],[75.8941478433537,16.072802967546878],[75.88301955214158,16.073447093286017],[75.87250694257504,16.073490210538942],[75.86507591751865,16.071128678550373],[75.84897507849706,16.065811803966884],[75.83968447162161,16.06226087116056],[75.82047116091732,16.051572582079622],[75.81673437175726,16.045009602732907],[75.80925672615702,16.03068755261381],[75.80664437578992,15.99601713410482],[75.81135930249229,15.980908923262394],[75.81579803641756,15.966683719447751],[75.84470947857083,15.933685853600737],[75.87914630316757,15.894682700723033],[75.90066163724644,15.870078991768537],[75.94996738018604,15.845353324795468],[75.9690098360892,15.823145893490262],[75.97505702147987,15.796212270828043],[75.9681308619924,15.768140727410204],[75.96120682504247,15.740068785577535],[75.9728030290926,15.71191475008624],[75.98316474168537,15.684363674696533],[75.98056760273748,15.657468499543974],[75.96810738850775,15.632410732184038],[75.9445642363883,15.611585535508656],[75.93031453378948,15.598491653286638],[75.92778502438402,15.584749684298831],[75.92579520272753,15.553665021461283],[75.92876134330001,15.527342994969679],[75.92784045987469,15.459180923733904],[75.92022343321445,15.409582744344048],[75.91020023618455,15.37255082147482],[75.9143786742476,15.341439997211967],[75.9265705160284,15.311491916448833],[75.93511082274806,15.292321767646524],[75.94303101650567,15.272555996580474],[75.95466701347951,15.26239931455268],[75.95311372821408,15.258431188839385],[75.95134740892489,15.247195484497986],[75.94804159477326,15.226163013553098],[75.93559291549988,15.196317177203873],[75.90630805619361,15.144533488918082],[75.88532767956482,15.132657309384863],[75.86192121505435,15.129159969103254],[75.81266163999037,15.125754598859137],[75.77327378689675,15.128284733628364],[75.73879697427215,15.127204093005377],[75.73507462983261,15.118844349254042],[75.73516883270821,15.118641217793662],[75.7411845395085,15.105668594226033],[75.7508816963026,15.062581224650577],[75.75069760845797,15.009958346654876],[75.74077546296424,14.987266959672688],[75.71119537728713,14.97181313909738],[75.70612561545957,14.926380597319218],[75.7084096858829,14.872552984887832],[75.70448435493726,14.79960787123878],[75.70786287863748,14.703915326478759],[75.70506875709928,14.598672471569767],[75.69638876386445,14.572385498327746],[75.68530683923548,14.562849834509278],[75.66680438414252,14.535393992879332],[75.66060835366785,14.51627457082742],[75.6433647287198,14.497185428821924],[75.607753333297,14.493692037030856],[75.58196374818739,14.490169089280743],[75.56474384818345,14.47705417846823],[75.55731594201333,14.451954069081118],[75.5523531885,14.43043613341375],[75.54124981592814,14.406539981121293],[75.5154628600012,14.399421046331717],[75.50320496001649,14.405427971856001],[75.46399993177164,14.436606986570046],[75.44441707031746,14.46415515608045],[75.42239905588924,14.504863303427296],[75.39914304885859,14.54437545887802],[75.36851386641774,14.586289320446479],[75.3353800623061,14.604280821019364],[75.3194399728652,14.623440870975115],[75.30721596971685,14.666517024026174],[75.29619848570373,14.696433840555471],[75.270443665292,14.737132668507002],[75.26064697550501,14.767046322959688],[75.24838484020587,14.793373915178663],[75.23487482338909,14.805349006399846],[75.20906038385846,14.808962153272336],[75.18469617155208,14.805597179989583],[75.16602522750159,14.803016694147269],[75.14142454071153,14.783895502084913],[75.10576765251423,14.769561362524682],[75.06643231746129,14.76957602558136],[75.04676489190368,14.770776950148257],[75.01603290897631,14.756427854219304],[75.01725923983018,14.720544503294192],[75.0381471196066,14.695423659548153],[75.04551505919203,14.671500048464058],[75.03076771232148,14.648776251429739],[74.98039749940706,14.642796868416948],[74.93371262036352,14.646376609371734],[74.92389254279946,14.62245123370404],[74.91775984688222,14.597330610900181],[74.90795158541421,14.55426648025951],[74.92270372883218,14.50881891205924],[74.92026057226649,14.47413023563592],[74.9018535965369,14.458573520409034],[74.88467166811694,14.452585054692644],[74.84171033819075,14.452560105977385],[74.78646991833176,14.457301035107564],[74.75578407155984,14.456075086253895],[74.68954356736023,14.424897869548746],[74.66626936503236,14.39496299236065],[74.63809538100618,14.363822312900956],[74.62218702766366,14.33867884533602],[74.61856111816354,14.306377595058079],[74.61859539653611,14.28604343339989],[74.60860032688386,14.27626344789748],[74.59900473278599,14.266873165922533],[74.53157125418551,14.25718121898319],[74.43537770643673,14.255491475599467],[74.40456503182524,14.254942014638646],[74.38103492084778,14.246739403090201],[74.37913207988919,14.268968215994862],[74.37813447522839,14.280619944319247],[74.3790583458712,14.285107446224751],[74.40355979209946,14.329758246258116],[74.40348004868159,14.35989955558843],[74.40486118765112,14.394350384320052],[74.39070665206862,14.455314475430878],[74.36629394265584,14.494002769284663],[74.33156745379289,14.529788354266653],[74.315320603532,14.54265885352945],[74.29093307371097,14.566268033402848],[74.29078373948909,14.61291327891819],[74.2859314042984,14.74565817849683],[74.27626453514841,14.770027006563128],[74.26155851278959,14.773467860639052],[74.24600318518357,14.777106280932358],[74.2194302184236,14.783476400584979],[74.19873768602021,14.794887089369249],[74.17953172337533,14.802713123480462],[74.1691783650092,14.8098519855652],[74.16177205678484,14.817718685632281],[74.15435127965327,14.829173018989893],[74.14545149072362,14.841339161406927],[74.14244127295413,14.856397305843316],[74.14239028364281,14.869313685754427],[74.14970918250748,14.884410253348404],[74.15405812444573,14.90306077650124],[74.15406345266958,14.903083624902857],[74.15549169810933,14.915287866303336],[74.1495429576172,14.926747199925172],[74.1332599932182,14.944783357503109],[74.14183101062044,14.963138237524497],[74.1447645370888,14.970118964745941],[74.14864985888944,14.977746197035358],[74.16161324118667,15.003190310754283],[74.18362732571097,15.038431929118424],[74.19462217334224,15.059998691361765],[74.21222893587847,15.091634244891166],[74.23138011878248,15.10605177869742],[74.27120458477702,15.124123323058111],[74.29626327138601,15.141424969907677],[74.30728857102069,15.158681313821475],[74.31535317757836,15.178080966728766],[74.31744984335715,15.215402126662637],[74.31737815523039,15.237647211612265],[74.31803162339585,15.264199988771786],[74.32533173100036,15.292925604107413],[74.33709260507656,15.314488392270823],[74.3569479646401,15.349708246546923],[74.37092948686085,15.372710951166157],[74.38343469696501,15.395708750758368],[74.39149996706352,15.420128950899732],[74.39510306447589,15.453147774039001],[74.39427976026415,15.4818489062372],[74.3867446225659,15.52775335637987],[74.36803563087244,15.595152676681058],[74.36049851316133,15.638185143091338],[74.3440881747265,15.675450135617297],[74.33214440349657,15.704116527481686],[74.32608143284462,15.745716376774153],[74.32080925579349,15.771532061835613],[74.31034800890833,15.797331108205075],[74.29694159875244,15.816662025011293],[74.2664637956428,15.841675273796115],[74.24043724981345,15.863829394253276],[74.2144745747083,15.868041979893931],[74.18772074275587,15.884446455484115],[74.1870726133505,15.890482246554463],[74.16663805807447,15.883034839555604],[74.15245843232069,15.875804494640736],[74.14445496380203,15.869195694741338],[74.11485451395957,15.857118017715356],[74.10253177732103,15.849892129029149],[74.09018315890205,15.848644775263077],[74.06917888695527,15.84915350658777],[74.05371711818337,15.853272020205653],[74.0419695192978,15.85561208649518],[74.01346790752969,15.87342171889398],[73.98930694285347,15.887062248822762],[73.96691692450163,15.916253988375836],[73.9569537420067,15.931153739850595],[73.95134898199456,15.939497232301393],[73.9352193385368,15.951376210968442],[73.92780360388588,15.951339436407597],[73.91359016687781,15.951268238747668],[73.90308462941823,15.951215012043146],[73.87771463432306,15.95706327511376],[73.8684213934781,15.961199879030245],[73.84799687886753,15.966472554135832],[73.83935168784464,15.96523035050345],[73.82702301660805,15.959782597233133],[73.81842734795758,15.950169518175212],[73.80371353614534,15.930358334443962],[73.79084528531841,15.91235026827781],[73.78102851057372,15.900935425872342],[73.76686670850931,15.893082704401257],[73.72306241646741,15.883860389655938],[73.70352596006148,15.878307099495853],[73.68952856183188,15.877174323063977],[73.68441187914188,15.88776415408975],[73.68226945966121,15.892099119002511],[73.6815266226912,15.893602119913343],[73.6776623138719,15.901420433269374],[73.6743951277821,15.908030064010225],[73.65949079043605,15.914657923427168],[73.64360124497784,15.925559080976651],[73.62276387861384,15.936905662628908],[73.62203904791056,15.937467832913534],[73.61481258493845,15.943072273281846],[73.60686411821868,15.948760297957026],[73.59885537470807,15.963056444970926],[73.57329105566576,16.012627949003853],[73.56108602402536,16.030626068984176],[73.53680108101459,16.06642514987244],[73.53370383764306,16.084099300911518],[73.53096079623133,16.096638868805975],[73.5285849115699,16.10749842999177],[73.52618811750519,16.1133328592024],[73.5215316797037,16.124666671956017],[73.51960638641785,16.18395591177571],[73.51846155707123,16.23106856673403],[73.51817697551766,16.242769962609604],[73.49372579385317,16.275992363365702],[73.48297315151278,16.29059744360635],[73.47965561416282,16.295102991044782],[73.45255333656775,16.341294369704304],[73.43956907368536,16.35848460265862],[73.42592266596591,16.37654702603063],[73.42201626616547,16.38171670885617],[73.40789385786633,16.412694305949405],[73.403611802969,16.43445059496505],[73.40169072007423,16.444209235944523],[73.39749453486094,16.4508388324196],[73.38813442123026,16.465624865212465],[73.38382763519962,16.481929656693815],[73.37943553729667,16.498553956731573],[73.36174976739856,16.53858500320405],[73.36205167755425,16.561540962868992],[73.38088348525068,16.621941576366495],[73.37550486992842,16.67967732141181],[73.37433896793668,16.692185517325733],[73.3709182416669,16.722637181072045],[73.36789733203065,16.74951805447238],[73.3472684624568,16.83925286816557],[73.34365144072993,16.855481959166955],[73.3434556104362,16.87795496027002],[73.33231397613577,17.015101364248753],[73.32773980146065,17.114168750956587],[73.32615418719197,17.148460175481578],[73.30440035229083,17.188922543421263],[73.30009097007357,17.19742823236504],[73.29426805535324,17.208919735460324],[73.29113827735053,17.224672385954566],[73.28448964974405,17.2442201729808],[73.2790754863142,17.261268433297577],[73.27966137303305,17.261770384847605],[73.27870972182637,17.277810536618794],[73.27743214056451,17.279194575402745],[73.27763949308954,17.28528268563971],[73.2909265306447,17.30165351650554],[73.29533548695349,17.309341514644004],[73.29568433770996,17.310734192925096],[73.29677585095327,17.315091607092306],[73.29669653452606,17.323697697279755],[73.2901457747557,17.332248608989076],[73.27463364772672,17.340722181430557],[73.2570655760492,17.35587053699149],[73.24807666553163,17.3700916300773],[73.24594446648696,17.373464501530428],[73.24136293202874,17.38394328852262],[73.24127611926745,17.3930271645399],[73.24110233614195,17.411194892349677],[73.24483957717449,17.437047289883182],[73.25395680899425,17.473465990733008],[73.27002115260632,17.51329211699891],[73.26988975469824,17.5271570104519],[73.26985025643404,17.53132231149496],[73.26975369881326,17.54149998254765],[73.26662256328333,17.556294867879032],[73.26189867089727,17.565906440975585],[73.25553205540895,17.578858426922103],[73.25187969048058,17.586287618843805],[73.24860305652962,17.615902753302436],[73.24940913056405,17.660020711542522],[73.2597428403857,17.67298949132147],[73.26012472338812,17.683183253731073],[73.2572213969178,17.68397982417965],[73.25741806199001,17.68435351174908],[73.26731975320705,17.692091082370155],[73.27165489880382,17.695212182557764],[73.2767326342174,17.698867665252152],[73.28019233297177,17.702244900055266],[73.28113531751472,17.707990750777107],[73.27659570196597,17.71321043930053],[73.26557999679966,17.717416649941185],[73.23750010082674,17.73198847865267],[73.2263742304692,17.747188097701088],[73.21404839874272,17.771071301247314],[73.20500479806746,17.788589637335782],[73.2022990172594,17.809601762599577],[73.19007893664806,17.878679932300237],[73.18894416294249,17.885091087286007],[73.1885343523687,17.887406254744974],[73.16995218814611,17.926789042434798],[73.13797986884029,17.994500314243474],[73.13176362628634,18.012296286622327],[73.11633663885355,18.05644203303752],[73.1135084749266,18.07408949183949],[73.1125881140894,18.079831429602034],[73.11163069588771,18.084316008504004],[73.10943043799898,18.094620989933663],[73.10577895800206,18.104474933248152],[73.10325214756544,18.111293034543213],[73.09609333499513,18.126042764962634],[73.07890229587265,18.14356062398806],[73.06929758921292,18.153025830160647],[73.06670806635901,18.156895662823125],[73.06167088208304,18.16442268199213],[73.05642071043154,18.173557789837055],[73.05402193813906,18.17773116231227],[73.04748872516844,18.23916049391882],[73.0456406061131,18.256525884849353],[73.03064644015619,18.299396959592528],[73.00631463404157,18.326393114991],[72.98740484317959,18.33785094471917],[72.98615136230877,18.338610328323256],[72.98104070504344,18.3476390032431],[72.97439990792321,18.359041401875448],[72.97303645333159,18.365774519879615],[72.98536636408767,18.368824653777942],[73.03419828711927,18.35777286733632],[73.06268174408119,18.35507267460143],[73.06567611234833,18.35790128357384],[73.071039878419,18.35765456507426],[73.07098145836027,18.362912620296704],[73.07090363465426,18.367925714744075],[73.07086655044604,18.370314096804133],[73.05292401026365,18.394485835571516],[73.0469791131841,18.404736550213755],[73.04164280538454,18.409678883576728],[73.03913009308495,18.41306240258288],[73.02868242325907,18.421680487522586],[72.9882565862332,18.459098172509073],[72.97143585553222,18.483776506290113],[72.96530617398031,18.493749333465146],[72.96475756550115,18.495659759629874],[72.96057819170441,18.510211912264552],[72.95955773869596,18.51376455991376],[72.95889228107137,18.51946105260207],[72.96538145296871,18.57538333738983],[72.96491474338981,18.58340842813162],[72.96738154105235,18.614712302275034],[72.96311480352438,18.63617716682571],[72.96300207003385,18.645630245203332],[72.9629437785514,18.650515953567684],[72.96520261132576,18.660753225581445],[72.96579844832648,18.6634534624745],[72.96577020886565,18.665821368099973],[72.96569278417127,18.67231167670634],[72.96566160630842,18.67492447988203],[72.96067144593766,18.685794941749794],[72.96053330224211,18.694762844964725],[72.94486405041374,18.720218072849512],[72.93835932413936,18.734378129509356],[72.91270652238427,18.780460202284978],[72.90896299332485,18.787386712005798],[72.90808424633171,18.789012520179163],[72.90805534749022,18.789161659298344],[72.9054037274958,18.80284448683526],[72.90523209053318,18.816704562505386],[72.90534632676246,18.819553829602643],[72.90588979608272,18.820800123683835],[72.9172358636704,18.846815144593407],[72.92081447722195,18.85501884541559],[72.93134157272505,18.861810847765458],[72.9407426456938,18.867875428611494],[72.96992870635229,18.86772951424546],[72.97609830002213,18.86479552722454],[72.98171603426101,18.862123701598268],[73.0073387845103,18.84993401208219],[73.00931996397046,18.848604180825753],[73.01046641961203,18.847834622713545],[73.01847084786353,18.842461237685967],[73.02273374663797,18.847965291544085],[73.0263109147373,18.852583635325505],[73.02539449144865,18.864094289240583],[73.02565013302532,18.864387160657188],[73.02731858958013,18.874879976112954],[73.02892424933864,18.884977007009432],[73.02881508449677,18.8875657970903],[73.02863100577181,18.891930735489993],[73.0282049719373,18.90203108451701],[73.02811553088792,18.904151200887842],[73.02753345169545,18.917945968393933],[73.0268723685308,18.91839287226393],[73.02196396568735,18.92171088303403],[73.00832432326023,18.928257277798814],[72.99623040851196,18.931473170109747],[72.98114550278994,18.93274365113112],[72.9616258818964,18.937498939446904],[72.96048924747224,18.937775768153642],[72.95569540622685,18.941595079343916],[72.95559002196481,18.948293937574263],[72.96077185273467,18.964089032467857],[72.96799878183148,18.970200817565818],[72.99213383135594,18.986013451848002],[73.00771630663809,19.012736213847845],[73.00802315161945,19.013941977119757],[73.0191864215652,19.029235661267226],[73.02646383866332,19.04251160030301],[73.02641196768177,19.043617765529294],[73.02267290653229,19.06581482055006],[73.02061830726146,19.078008679190617],[73.01993929726845,19.09154639938613],[73.01930015079124,19.104285305643355],[73.01808379295144,19.121958696877304],[73.01487257255303,19.138176460310778],[73.01472393614476,19.150603137343804],[73.01406077323699,19.163980252401597],[73.00892780155014,19.172528810195637],[73.0025094710767,19.17428267112993],[72.99791315851294,19.182996537149318],[72.9859422032044,19.18030093465124],[72.97534234372299,19.155396820221718],[72.9637242198829,19.13049426508348],[72.95008484139177,19.104670420137243],[72.91536800436344,19.07153507223404],[72.89728158023183,19.058743417775514],[72.87971127632066,19.0491964488232],[72.87429862065495,19.040052515156276],[72.87427200217748,19.04000031702192],[72.87257098956793,19.03842247976724],[72.87231867147939,19.036169798107192],[72.86988545953358,19.031397977908775],[72.87053416771344,19.019933890598857],[72.87110276041902,19.018249208141125],[72.87214686584235,19.00234378162438],[72.87154293720322,18.977367528500462],[72.85953107016216,18.97279467730572],[72.84767455928338,18.97232715020552],[72.83992349466351,18.9775166971361],[72.83431119571854,18.984142772145862],[72.82812164827537,18.996497530889865],[72.82289242429759,19.012209097315587],[72.82031364387032,19.016966299515307],[72.81906768554799,19.019264656380262],[72.82595599177638,19.05406502023533],[72.82684235728222,19.056228895823622],[72.84542135341827,19.096596620614765],[72.84613821497308,19.098833329436104],[72.85128576148695,19.107899351551847],[72.8509543132906,19.11385887541719],[72.85557143598133,19.128261424409978],[72.85258125858113,19.165030386816223],[72.84751863889053,19.215062227656684],[72.84578859205482,19.23214882904894],[72.84160954737793,19.273400052068684],[72.83446119615704,19.28341766835259],[72.82571257263714,19.295675650843858],[72.81803626343874,19.305143182566326],[72.80848886140787,19.30895895610836],[72.80016841102717,19.316517930176932],[72.79634733150455,19.31998892309857],[72.79000749227725,19.33053229188254],[72.78998065459854,19.332526534714955],[72.79482212813136,19.346923661234737],[72.80576385630938,19.357092800948408],[72.82427246656873,19.36639611634356],[72.83658436320943,19.37383415187347],[72.84885646052453,19.378983486071],[72.89483227264456,19.40652727724907],[72.90321030121102,19.419364001128656],[72.90567017618822,19.423132577030373],[72.90550461638884,19.43330963735557],[72.9013578757782,19.442343168479493],[72.8904457649644,19.444013277311228],[72.87402258713821,19.44831065324934],[72.85788398572123,19.44565860705615],[72.82115246487136,19.445220994985664],[72.80541639146345,19.448657623795757],[72.78747687544949,19.455756308814244],[72.78476257220176,19.457684541992013],[72.77582518091737,19.46168516351758],[72.77255181856286,19.466687745665887],[72.76665453697939,19.475699363704862],[72.76169961909316,19.485993512750174],[72.76162428311896,19.491472382389038],[72.77231043222231,19.515661284261764],[72.7748454289435,19.51969492637357],[72.79365261009546,19.545256298088297],[72.82772880729173,19.59824363542159],[72.82753759772653,19.599753323756104],[72.8260362586847,19.611605680311012],[72.8255349560045,19.612184217547835],[72.82625182576196,19.615438415194777],[72.82005412191224,19.624735445878],[72.80575926613604,19.634057714570215],[72.78049480269163,19.632288571630678],[72.7444756287287,19.606457612766736],[72.7330098894888,19.6017379048726],[72.71676043734219,19.59973893891502],[72.7161787160903,19.59984732100566],[72.70992562616553,19.601111735802704],[72.70714332014784,19.601674257972327],[72.7065205318136,19.610600892303662],[72.70424737189593,19.699463530893475],[72.69529093646709,19.760998572797906],[72.68562374894681,19.789475575287693],[72.67741486597346,19.813646911828307],[72.66280349303906,19.845952940358217],[72.65477804010915,19.858823430242268],[72.65440292148384,19.859588047673377],[72.65242711938593,19.86534257796227],[72.64766643040386,19.879205977248624],[72.64535921014316,19.885825766948127],[72.64655658890209,19.928520828571358],[72.6665462729853,19.96520386193445],[72.68264738628264,19.986530180991814],[72.6918989278204,19.998781080428326],[72.69503583355156,20.013664462328997],[72.71271337651456,20.097497735309098],[72.7381961192766,20.15469631859896],[72.7404775996038,20.162854520306833],[72.7596336316122,20.202269202284306],[72.76049398917658,20.205707973380925],[72.76522775645046,20.210956347400764],[72.769223864921,20.21612975700142],[72.77119280256252,20.218678619865354],[72.76792748073468,20.237887696526005],[72.76783569343333,20.239427777829327],[72.76744818064108,20.2407067671457],[72.7651122554524,20.25444388597407],[72.76248475303075,20.260155199048256],[72.76066504986669,20.2746738390795],[72.75300068188446,20.28669137466391],[72.75286838341202,20.295864313668435],[72.7537951896081,20.300400928795483],[72.7546399823116,20.30453592213502],[72.75570727018115,20.309759720700356],[72.75701199003001,20.312537565869306],[73.17422461327838,18.9725610334173],[73.62137112959498,19.254160808749415],[74.63822218775711,16.311309085088634],[75.4148479541301,16.420018661621423],[75.42644524598623,16.416753365314932],[75.41484814627191,16.420018688516816],[75.39597229868797,16.60313299740301],[75.15972717642421,16.624525897865265],[74.58092767118283,16.810480396790975],[75.5568055144281,17.017191637537163],[74.49903304944404,17.011061415418407],[74.96826408024457,17.045534097824593],[75.0435126939403,17.071813805040595],[74.83514222475692,17.207583246922823],[74.80459276039333,17.19514576801099],[74.83514090271888,17.207584108332643],[74.8487447795545,17.213121199615816],[74.83515609942772,17.207588895660994],[75.21547702627389,17.32739912392366],[74.89287203898616,17.37182768452507],[74.89158541924708,17.36023512928099],[74.89287200401375,17.371827689341405],[74.89344360287114,17.37697752461454],[74.89287204035593,17.37182769686684],[75.0697577306965,17.40845571865914],[75.07155569303744,17.412176900652966],[75.06975785261524,17.40845572168091],[75.65003355766272,17.422837914611556],[74.68505196314567,17.97583535163731],[74.2670095208572,18.151662713515265],[74.16330374063563,18.15757636748478],[73.99504491298089,22.902105837793883],[73.44719756459602,22.488452552479668],[73.35919682442483,22.488967355747832],[73.31367104135298,22.48993109301973],[73.2792420571317,22.482656940929864],[73.0054368801909,22.53348790220141],[73.00522156102706,22.536581567667277],[72.99808209160838,22.550111337150305],[72.9693891290442,22.55978603835694],[72.9339830803465,22.553600903083552],[72.91844536419903,22.560567816633753],[72.90892739577471,22.577645804553047],[72.9009177872117,22.596892958193145],[72.86758996218296,22.605770961610553],[72.85755699805803,22.60563732015233],[72.84453755651376,22.59901259856676],[72.82468688060557,22.567043499401613],[72.6082232342866,22.607229208618925],[73.51249857729445,22.90500758961412],[72.96561124141532,23.019668003916056],[72.96809876937071,23.021772607156763],[73.7504806530625,23.021322640573104],[73.89939036771686,23.182623491520804],[73.56921010704362,23.23507623450154],[72.91736212028744,23.32505011820734],[72.90772000277921,23.336326139956892],[72.8955533859701,23.369607458261694],[72.88973580177789,23.410139831906438],[72.922258139679,23.482242490557134],[72.92622795042284,23.4902268865046],[72.93481411675289,23.507492728174316],[72.93130898535952,23.565973582631777],[72.92004103652152,23.623155475677503],[72.90248800449095,23.667112170178626],[72.88985986305207,23.726660327850713],[72.87994891690226,23.77788311565459],[72.8625533187928,23.809891081539252],[72.82803385001705,23.855988048563717],[72.7964306923307,23.881814024051746],[72.76351634972364,23.907613605544988],[72.74208923644687,23.919641279377217],[72.7407953916029,23.93009854486202],[72.68215239355474,23.94462416381021],[72.63670862461474,23.942737094723903],[72.60040405434026,23.93859133881602],[72.52885289347849,23.943427225444353],[72.50282958142195,23.945394393851203],[72.46112607415978,23.95187497931094],[72.43753371606861,23.96222975729171],[72.39661808981498,23.99378080066931],[72.3678162739188,24.004035289599436],[72.3467087440403,24.019193644767427],[72.32824494623812,24.03200684210212],[72.298080577034,24.044611358812077],[72.26428997843551,24.044010924939936],[72.23980173919797,24.03401944034003],[72.22099586820482,24.026602849540833],[72.22104446061591,24.031232421410365],[72.22083127141681,24.01093140696379],[72.21023846238347,23.98984479476821],[72.14386326045268,23.93549351642573],[72.12112783045626,23.906415435282998],[72.09208686780262,23.869455386097254],[72.07042957106157,23.851136528154754],[72.03733689667322,23.838487918677224],[72.17232618535513,23.447817664971378],[72.21153934272029,23.441234943442158],[72.24460079164086,23.438240398327324],[72.26207684185272,23.43795108726549],[72.2944906927028,23.434934417717063],[72.33806707416468,23.423743019238994],[72.35395812973573,23.405504510818595],[72.35406065428059,23.40280201991378],[72.17955791112173,23.42688844779008],[72.55942211781263,22.327529769403284],[72.81313055126088,22.34088240014765],[72.82406653299041,22.328536390097366],[72.84767867808438,22.295882184237378],[72.85247916626624,22.27071083767609],[72.82315750121484,22.267350363534018],[72.79143609161216,22.255667004852857],[72.77379699751688,22.249166902337606],[72.7727898559568,22.249027821363907],[72.77242910611967,22.248662724732355],[72.76260937382833,22.245042934840516],[72.74217019657662,22.241529117781297],[72.72437433730609,22.238462641856522],[72.72309689955415,22.239045344378653],[72.71476218201605,22.24284684154354],[72.6972744414727,22.25299187677161],[72.67059443363097,22.260136546390044],[72.66668353363245,22.260788746131762],[72.66623440490544,22.26100510802464],[72.66267181377235,22.261457653104753],[72.65476674482017,22.262775416067594],[72.6533093776335,22.262646543080297],[72.63237198511099,22.265303226407326],[72.61733804990374,22.260924765549],[72.61204171996374,22.259381883728533],[72.60505610403997,22.256668251692716],[72.60415141284693,22.256316786697855],[72.60406107083382,22.25630201039809],[72.58569007617078,22.25150810830471],[72.60311021977667,22.201092760623737],[72.60496548731426,22.201230523196326],[72.65077987791334,22.190101082341382],[72.68870412735818,22.178787929413534],[72.72176976154087,22.16891520612564],[72.72385531952746,22.168292221977588],[72.75467833131137,22.159151277615155],[72.78303298844796,22.164171862109953],[72.78848678665871,22.166873297914226],[72.79545097400934,22.17032247541233],[72.81616437284708,22.180578614064903],[72.82552724370919,22.191313042820667],[72.84203466241698,22.20194104158377],[72.86280601981855,22.22801786932645],[72.87183660332701,22.241754455316634],[72.87262439947007,22.248068122517523],[72.87837965835567,22.25573393314858],[72.87791483898025,22.260067298160852],[72.88055042511965,22.261194571043273],[72.89666738394033,22.23156333553497],[72.9595935215309,22.120286100746316],[72.69901516136882,21.923535865337467],[72.74048895358494,21.803507253545924],[72.61605541488491,21.860896935381756],[72.59141359429005,21.842291077244006],[72.59567525626132,21.8634938834778],[72.59756255209601,21.867005677114747],[72.59971525349113,21.868433140438142],[72.21771581851809,22.044614146488456],[72.33985101295508,21.652348224480154],[72.19898747110375,21.545988912822295],[72.19508990457032,21.530378337592698],[72.19497771764426,21.529928948900128],[72.18072341844268,21.47281290459289],[72.17975987797837,21.468950816857955],[72.14466365222346,21.42332212987614],[72.07683389803243,21.374781037274484],[72.05062535425783,21.352111866863122],[72.04553640740025,21.347708972518397],[72.02842617506066,21.32997870760095],[72.03561826697543,21.270507009508588],[72.03212443386838,21.23609591226293],[71.99178002866806,21.200595075545653],[71.92537543123963,21.17129026638657],[71.85968757328793,21.142266477022176],[71.8090486002691,21.113161900958687],[71.75418848241078,21.092392564726918],[71.62395388255797,21.057182059045243],[71.59898650474722,21.049991419259555],[71.5446658893134,21.034332500300017],[71.51716948333879,21.03118081626622],[71.4315877368175,20.96656213970271],[71.4309167757125,20.954556034465835],[71.4224447867917,20.93419908649423],[71.42204225259152,20.93323173783996],[71.41891709177776,20.930440239814374],[71.41455341614744,20.9288581591786],[71.37081944861461,20.91743206993741],[71.36563080146969,20.916761217828554],[71.34074706686727,20.913541708411085],[71.30128071818457,20.908427888627656],[71.29714547841299,20.907891530167444],[71.28999082314644,20.9069632994103],[71.2806525451006,20.904519011737296],[71.27484384193173,20.902998301352422],[71.26786041740006,20.901169759756716],[71.2655843557803,20.900573726623954],[71.25715145744778,20.89836495757233],[71.25070755412166,20.896676839843224],[71.2422753498118,20.894467436137834],[71.16194504009853,20.85760121907589],[71.15551241971407,20.854646816781113],[71.1473384978264,20.85089217847533],[71.0921825924286,20.835068026333662],[71.07930797927254,20.832147550798897],[71.05209109605546,20.828526191252983],[71.05097896390878,20.83366135862835],[71.03473313821532,20.879975503304887],[71.03199989685348,20.906639875188997],[71.03089277301349,20.948614910813273],[71.02158057039136,20.993261626398944],[71.00738362709181,21.03015582056329],[70.99455253387629,21.053716720927458],[70.98608993995613,21.06592539248456],[70.95828990553669,21.078627824411168],[70.93392474512798,21.07709045604293],[70.91891544212803,21.068139537617068],[70.8978114324136,21.05904019517022],[70.86045431312841,21.049542704979256],[70.82703384532826,21.044906329659415],[70.80989707399839,21.039712148315925],[70.79794797029943,21.030827511352026],[70.78915478224074,21.0182031466147],[70.7775311872877,20.997873543210368],[70.76393346507153,20.975585772718713],[70.75813777357371,20.964943853761493],[70.74583025575484,20.933144492607916],[70.73341877252894,20.905159532978626],[70.70924223285955,20.862564907166025],[70.69275686940388,20.835430736579152],[70.67971664684926,20.819627777666526],[70.6747732471499,20.81363608995404],[70.6724109319558,20.804159645720187],[70.65770867996712,20.80821169026023],[70.64053525425444,20.812942831862074],[70.6033423615384,20.835607411030804],[70.54816891910224,20.859512997377028],[70.53008930769428,20.867340580604615],[70.5221682240811,20.869018898295934],[70.50108044254338,20.873484910806553],[70.491014875734,20.875615559177504],[70.46009072803605,20.89125312292417],[70.37273327465107,20.96224192577785],[70.30151168252033,21.02002504921064],[70.1718032364366,21.120103701407963],[70.17152055896068,21.120343450871726],[70.06047144892595,21.21441896539326],[70.04277472392407,21.2309708791444],[69.94825526595403,21.327392205258022],[69.79982285105831,21.46728363040472],[69.74911863785064,21.51788632713644],[69.70739023346135,21.56965458194007],[69.67548577207619,21.60919742911068],[69.59151312077233,21.687969541365],[69.53519221960869,21.721141571654638],[69.45630016150132,21.793678908091458],[69.45192664432378,21.79769638961731],[69.41392276086376,21.84082018987654],[69.4078899837779,21.847661938848486],[69.35220967979832,21.900782700144592],[69.28802197899141,21.95152001386461],[69.24306274137608,21.987016374484853],[69.24196045350449,21.988243946814812],[69.25425321714985,22.022598612880934],[69.26043169253086,22.04873698575032],[69.27056122276811,22.10149171100556],[69.27456596196679,22.154031537586505],[69.2725164320495,22.204452780023278],[69.27022795030855,22.26058150849301],[69.2647715348209,22.276822598595537],[69.27337431636604,22.287930561201847],[69.29662206742272,22.300333319204288],[69.37914566066178,22.320806372329756],[69.40290738131355,22.3227931609466],[69.4630020018234,22.32780964795386],[69.4834929625227,22.334202425264618],[69.50094394772458,22.35449672398655],[69.5199703724216,22.366686973022702],[69.56255640914192,22.371370489435805],[69.684195586357,22.374682722569986],[69.71474989404607,22.39303284276606],[69.7453255243633,22.411393138471965],[69.77092686500785,22.42259928232798],[69.78769413344885,22.425378913072237],[69.81365282458769,22.42371268666783],[69.83831497066274,22.422006120968742],[69.86164922835063,22.421429830895896],[69.88362509878282,22.423154679759953],[69.92539058912251,22.46049225037513],[69.95288328549734,22.499830499484148],[69.96512412528779,22.528261594022254],[69.97654912571554,22.537921346681237],[70.00102011477863,22.54438076014388],[70.14731924109736,22.55132911656367],[70.1949723704143,22.564130927411885],[70.2309217585169,22.57900681631233],[70.20976295798592,22.570252707467965],[70.05320991355623,22.54688620687091],[70.08640862343027,22.5659901543012],[70.1275329697247,22.571059846146902],[70.15194734754627,22.574064522851433],[70.16540880146799,22.575719611635996],[70.19633845594099,22.579518078410615],[70.2017096949977,22.580177103024127],[70.23209385034554,22.592528647706935],[70.24206569867113,22.60970568670961],[70.24893598709728,22.62153780248031],[70.26031470440401,22.641130233064427],[70.26337033896824,22.646390687212115],[70.27930364005343,22.676190721225037],[70.2820874909049,22.679448563484307],[70.29560984442337,22.695270799373763],[70.300427777707,22.69908579387688],[70.31437762272583,22.710129921276685],[70.31920946062036,22.72672516791367],[70.31900442829217,22.755333842922298],[70.3188912259026,22.75864839692308],[70.31841842002328,22.772485416461826],[70.32809583219468,22.788968314042695],[70.3308127170114,22.79359513119897],[70.33219220551558,22.795651754401757],[70.34990548538806,22.82205424737342],[70.35145023419456,22.82897565079395],[70.35392348391782,22.840056448025194],[70.36423298373853,22.854665478607945],[70.36623021239606,22.8579827697699],[70.37519453872876,22.87287013987349],[70.38260353318748,22.879208412092538],[70.38644923071021,22.882498012540953],[70.39513277244187,22.883720361606745],[70.40566080683496,22.8852017011297],[70.41281985911316,22.87896997070645],[70.41293828605508,22.85250247418521],[70.42650398508167,22.83930027749422],[70.42861760580561,22.838634196854187],[70.43898566279371,22.83536630520434],[70.46426740924431,22.841098063255412],[70.4694319059349,22.844569313331277],[70.50429410842621,22.867993270318433],[70.53262317449185,22.898844419392272],[70.54304937531269,22.919248084580076],[70.5493176930162,22.93151228098248],[70.55042710727686,22.934175753616774],[70.55373091938213,22.9421070047162],[70.56077884814205,22.95902394515343],[70.57554921707103,22.995026298627195],[70.5886992813873,23.02706588400113],[70.60042516011863,23.04504322882904],[70.61172803559789,23.062367513545627],[70.62224086566005,23.078476865309007],[70.62626395425805,23.0846406297863],[70.63267861619474,23.0889290704553],[70.67093953903283,23.114497752948036],[70.67248298974145,23.11539684471385],[70.67699650376943,23.11802591536521],[70.68328380204814,23.121687837325958],[70.7033653740396,23.133381190482183],[70.71089831275394,23.12933017115231],[70.72724684854222,23.126196612042495],[70.75629464513891,23.125193169008785],[70.78360034649378,23.118054439433887],[70.78868138561747,23.116401213418303],[70.8010877438306,23.103134525549894],[70.80601506024169,23.093961853293543],[70.80182974472865,23.10175332598697],[70.81875504776792,23.118474580062756],[70.8302961573617,23.13100710273285],[70.84996816289892,23.14136796606713],[70.87614313469089,23.150107987710825],[70.89664858932503,23.1545210637485],[70.94258919055574,23.16048450421035],[71.00404655031485,23.17637401722845],[71.03033032972397,23.182110307240922],[71.05246086190137,23.186545098433257],[71.08033594687573,23.193208206204574],[71.12223501354549,23.19484437906458],[71.17256344791461,23.195183517870422],[71.1957220713814,23.197834009625254],[71.21469976948659,23.201840438214017],[71.21189849223235,23.197727952583794],[71.21784832353309,23.20646243655789],[71.22391970254728,23.210904101928065],[71.25751581862208,23.209799061912403],[71.26430415446028,23.207096844930792],[71.27581599702573,23.20164250513382],[71.29365084355051,23.1915633301774],[71.31556020319637,23.180036799509555]],[[75.39597229868797,16.60313299740301],[75.41899080996521,16.58012699969597],[75.408427325932,16.590685727154845],[75.39597229868797,16.60313299740301]],[[75.21547702627389,17.32739912392366],[75.21773496639544,17.341746433978447],[75.21741748814335,17.339729269525332],[75.21547702627389,17.32739912392366]],[[74.2670095208572,18.151662713515265],[74.2807468772183,18.156497142232386],[74.27307592043348,18.153797743451157],[74.2670095208572,18.151662713515265]],[[73.99504491298089,22.902105837793883],[73.99189740308478,22.906129685642693],[73.98332485128921,22.917087450037716],[73.99504491298089,22.902105837793883]],[[73.51249857729445,22.90500758961412],[73.49744563405851,22.897856785167363],[73.49710306101386,22.897694023243336],[73.51249857729445,22.90500758961412]],[[73.21803418562266,18.83185628105141],[73.43367718195324,18.139268045775022],[73.73836583962027,18.190166177740473],[73.54985006042943,18.449429896628654],[73.21803418562266,18.83185628105141]],[[73.73836583962027,18.190166177740473],[73.73769066772122,18.19214709903089],[73.72942031597906,18.21640765219054],[73.73836583962027,18.190166177740473]],[[73.56658340431282,17.712408432582865],[73.93781959476922,16.520096034805025],[73.77968458400942,17.309294976588664],[73.56658340431282,17.712408432582865]],[[73.93781959476922,16.520096034805025],[73.9370643669732,16.52067258875865],[73.94204326773594,16.51687149195228],[73.93781959476922,16.520096034805025]],[[71.54043416690979,21.98646877264295],[71.53294942582858,21.989019498670054],[71.51075089792167,21.996581865700144],[71.54043416690979,21.98646877264295]],[[71.20606052162805,22.118777604753948],[71.1987207636918,22.13164067334425],[71.2094717554615,22.112798289631886],[71.20606052162805,22.118777604753948]],[[70.82185302555553,22.234224533211737],[70.81972371401699,22.23647390165275],[70.80862367411957,22.248197970770487],[70.82185302555553,22.234224533211737]],[[70.65274667994038,22.356209914904543],[70.66697495430665,22.310792048249887],[70.66343865276889,22.322083996790898],[70.65274667994038,22.356209914904543]],[[71.17724813250493,22.820339063756627],[71.17261687982315,22.817609333609038],[71.16585201267745,22.813621610338497],[71.17724813250493,22.820339063756627]],[[75.67432239022023,17.4234399158204],[75.6743228225404,17.4234399265355],[75.67215944827034,17.432872349708997],[75.66712275234072,17.454827148732377],[75.67432239022023,17.4234399158204]],[[75.88143323170729,17.428573179292204],[75.90535139658574,17.429183352331854],[75.88998261588881,17.42879161210869],[75.88143323170729,17.428573179292204]],[[71.951568708773,21.816503119768626],[71.99474297130509,21.882799723216372],[71.98997493744903,21.880440699606375],[71.97112785351588,21.87774954295712],[71.93297485474758,21.82727020477501],[71.93524930687835,21.826230530920764],[71.94107290185408,21.820714705655128],[71.951568708773,21.816503119768626]],[[71.24595078552301,20.91828476590415],[71.2564412669812,20.900315222508592],[71.2555447068541,20.90185120064181],[71.24595078552301,20.91828476590415]],[[71.33983859052854,21.1535773342419],[71.36081291022356,21.20614115283243],[71.36158586038151,21.213820761649416],[71.36263817010995,21.23317854450294],[71.36211057208281,21.254650538591708],[71.35863366567295,21.271762013082192],[71.36322601248523,21.333446834989953],[71.36740352709039,21.350007838262627],[71.37993386823662,21.368897742278055],[71.39335436407139,21.382793364142167],[71.40538892924945,21.390929409258558],[71.42572766211484,21.403539039747187],[71.44441988376154,21.421124675214838],[71.4581355304241,21.450041723976824],[71.48638707879941,21.520843031732955],[71.49576456530238,21.5446741792477],[71.48322091696913,21.571719609346825],[71.47701365575904,21.590924660357405],[71.46426331107503,21.611422459617266],[71.45396307013517,21.62552586859569],[71.38732896831759,21.671710662319192],[71.36460281416477,21.691980474361955],[71.34523531434027,21.715542929092944],[71.32804827173626,21.724613213089746],[71.246243437831,21.730971886799352],[71.24218413048055,21.729703436382923],[71.22782882577722,21.72185855755812],[71.18179032519497,21.680707416660457],[71.1677086818863,21.66284091429354],[71.14800426572558,21.640547371214204],[71.13066663818859,21.60148241661082],[71.130790149753,21.599794993031654],[71.13307203338589,21.56860435546692],[71.14919821961308,21.494159514807297],[71.15134893595501,21.470582006452148],[71.1282397548687,21.418856531897926],[71.09698144652386,21.37230978987289],[71.08495002234832,21.36486977625894],[71.0610623148975,21.35786687318622],[71.0361859810052,21.345110215212085],[70.99500388730274,21.308967850920684],[70.99426639010184,21.308320377894105],[70.99575024333055,21.29117454902685],[70.99934627050533,21.271215346858508],[71.01332203857136,21.24386580643637],[71.04326390610206,21.228344563513556],[71.0821043771257,21.222570037037052],[71.11679853395424,21.21955450026145],[71.15268332193844,21.20987621911082],[71.17647854027277,21.195142711912563],[71.20150624699419,21.17184070962867],[71.22434653713547,21.15421336551593],[71.25856115531943,21.129196295036238],[71.2903034349227,21.121302455839864],[71.31390614645957,21.124587118459157],[71.31813460183331,21.13363033840852],[71.33126395538297,21.14286687190599],[71.3394064405118,21.15318815646813],[71.33983859052854,21.1535773342419]],[[70.83251154101048,21.763131186067472],[70.82965372948611,21.765442627553],[70.84109528340176,21.75618769967381],[70.83251154101048,21.763131186067472]],[[70.99951528959376,21.793327795510606],[70.99951547643465,21.79332782929405],[70.99951525202134,21.793327832736928],[70.99951528959376,21.793327795510606]],[[70.01712045187664,21.80839942476668],[70.02787725551565,21.79263309325044],[70.02071827642153,21.803126618327692],[70.01712045187664,21.80839942476668]],[[72.04021034528154,21.969150968189254],[72.03979068730273,21.96801255056694],[72.0423162908951,21.959924339644573],[72.04317585670829,21.95717124942411],[72.07042550470024,21.999014676527707],[72.05781739844977,21.99244644744285],[72.04021034528154,21.969150968189254]],[[72.11802085438717,22.072100228537533],[72.11802090398308,22.072100193850567],[72.11802137605228,22.072100918740425],[72.11802085438717,22.072100228537533]],[[72.69186266881776,21.944235774988346],[72.69491058731556,21.948722336499497],[72.7107935899522,21.96435374765771],[72.71222119542198,21.967296891892232],[72.71480019258674,21.96938476021172],[72.71360808841668,21.9805189269978],[72.71279925323267,21.981005725346822],[72.70730796726272,21.984310458838344],[72.70026406269325,21.988549061887273],[72.69926281548989,21.989151505650458],[72.69847676753332,21.98962445721476],[72.6951595211751,21.989053525037917],[72.68851290283268,21.987909361342382],[72.6773160579509,21.986334879394384],[72.69186266881776,21.944235774988346]],[[72.3515781437131,22.31659097718076],[72.34754680358074,22.346182634392875],[72.34048046231177,22.353232066173316],[72.32063814905977,22.36365270393859],[72.30530312525431,22.368287762233745],[72.29816666958891,22.370444157210223],[72.29255772644811,22.37119738896412],[72.28156005605857,22.372673681501485],[72.28099047755302,22.372647537375272],[72.27809136010332,22.373346538631363],[72.27707775699729,22.372467885988616],[72.27014459928385,22.37214931947244],[72.269078621049,22.371497688485817],[72.26708833568446,22.364189977072396],[72.26722978488345,22.363930217717037],[72.26563262833511,22.362545422870067],[72.2651446434418,22.362122313527518],[72.27305625296309,22.337829122800954],[72.2777203382514,22.319138247519618],[72.27761576090336,22.31436823906931],[72.27757909637,22.312696420184064],[72.3515781437131,22.31659097718076]],[[72.01363912047954,23.663155564758213],[71.989008536214,23.816945008711123],[71.94268079074725,23.799370468577635],[71.93863950381694,23.797836526028703],[71.93498727973287,23.787616910854503],[71.94728470075316,23.761000736428578],[71.98672804368606,23.73789952020649],[72.00011430693395,23.71965576340077],[72.00662787843362,23.689936202808294],[72.01363912047954,23.663155564758213]]]}},{"type":"Feature","properties":{"state_name":"Central India Agency","id":8},"geometry":{"type":"Polygon","coordinates":[[[76.10445490820939,23.09930009739266],[75.72996344000425,22.71199249623762],[75.94623175462733,22.01815440407994],[75.99948138840288,22.08384326022102],[75.99993573638062,22.082279230312402],[76.00982973801611,22.06716072628721],[76.03362352721976,22.059841821867497],[76.04901239788464,22.06046092335895],[76.07832269182231,22.071025741124068],[76.09994987559915,22.08235402752333],[76.11232020589352,22.090157506944653],[76.12852158787881,22.09578254910833],[76.14315655144942,22.097831859592052],[76.15469107359486,22.097033756141997],[76.16458087128623,22.083340473890765],[76.16832699773748,22.071124648948384],[76.16819737514064,22.055351420836157],[76.16343020312105,22.036743136787532],[76.1532122994731,22.009568908108726],[76.13766880313217,21.988883995346747],[76.09978885057313,21.9618952960906],[76.05650647088252,21.929912820450514],[76.01943054787478,21.903616227181875],[76.00624789944035,21.886488184621],[75.9891140268696,21.85289046154877],[75.97738322635838,21.822126908736525],[75.97719345161282,21.794162656035528],[75.98625951081567,21.772596939865636],[76.00152292644594,21.759598105746456],[76.04962472210802,21.724164223300754],[76.07106877238206,21.718290532214162],[76.09941125800265,21.711651449368098],[76.10933118383541,21.70441486978498],[76.11613150397504,21.690745328731655],[76.11445377650632,21.672113346678636],[76.109730570204,21.656369876394447],[76.10269680854088,21.63920744786063],[76.08952479476189,21.621367905231892],[76.0756317421213,21.609268323524837],[76.03644472817257,21.59804399642537],[75.99725355965846,21.5853760912768],[75.97955286853615,21.575442052818286],[75.96645865961038,21.566196472085757],[75.95566095018066,21.556219562920482],[75.94944017749714,21.5426304615881],[75.94319745760666,21.525455746104715],[75.94156773090873,21.510406043926157],[75.94454947909158,21.497481556328072],[75.95134280888261,21.4816669907281],[75.9535851544253,21.47304910548315],[75.96114716680421,21.45794687212682],[75.9724707341899,21.432783211517467],[75.99018049346004,21.407785349080502],[75.96815100960805,21.391359058956386],[75.94815626996875,21.377848373117082],[75.89981896691319,21.36090391760637],[75.8676000092845,21.349599645228587],[75.80020436422959,21.343480089734506],[75.75736919595333,21.34941567397623],[75.69308570510476,21.35327888536335],[75.65245027900575,21.339098802826754],[75.62406832968452,21.324863667470424],[75.59112579625344,21.3170940498797],[75.5658395334288,21.309292328593877],[75.52835529975404,21.31371716163891],[75.49701315695548,21.32457006970588],[75.46263376000597,21.344748663857565],[75.40300159306597,21.37287161166295],[75.38005074495496,21.38009677303241],[75.34022348514898,21.375162099152984],[75.31570229703513,21.365886851149572],[75.2988471105534,21.360180355351428],[75.2689813296659,21.355927830612263],[75.23147638772154,21.361003907459562],[75.2023975321993,21.37108187815073],[75.19093139315544,21.38543873257921],[75.16644523754624,21.40052539272365],[75.15419613279187,21.404122954759465],[75.1059512952266,21.407029069249983],[75.07148779564389,21.405612966857806],[75.05311091060076,21.41422584863142],[75.037037237687,21.452957304880737],[75.03704140537516,21.46945213959559],[75.04087764221816,21.488814706491226],[75.04318279542638,21.51032902988558],[75.03399056507683,21.528977360083246],[75.00639740333348,21.53041502134052],[74.97267255502244,21.527544262181184],[74.95005928208525,21.52499991146519],[74.85771463950611,21.51457695876863],[74.79563228910162,21.517381143383584],[74.737368295026,21.526622678655745],[74.66910338276631,21.548732980992295],[74.62382598060884,21.567999956168595],[74.53861517507713,21.602925611391292],[74.5178795759195,21.612189590905086],[74.46713367833071,21.64789125799073],[74.45327239164227,21.662188744638062],[74.44780133725051,21.688704230099873],[74.45771160882298,21.70594787819114],[74.48596702501158,21.744762545365766],[74.50120729658335,21.777079623261862],[74.49728597895287,21.800732657473016],[74.48415229981111,21.82292274745783],[74.46254375593733,21.850821151454753],[74.4432733670813,21.867967804994763],[74.41401599170594,21.88364264967338],[74.39634772247382,21.882861737822488],[74.38244052995553,21.87134704829834],[74.3772084298723,21.86701427030502],[74.35660129447368,21.83681689374726],[74.31373380511815,21.80652601556941],[74.2163376081485,21.783145744003193],[74.18793501673437,21.782291563175374],[74.1549013444971,21.7857113919405],[74.12716686336975,21.801342961600945],[74.10169439448505,21.82271857376419],[74.07848634708408,21.84912211295059],[74.06293308938261,21.8784340170811],[74.05562687887732,21.937908063168237],[74.07233951186156,21.968119596843337],[74.09140219662197,21.992606120914598],[74.11267110072187,22.034311842777843],[74.11367604155423,22.04640280581411],[74.11481775545259,22.060137410317743],[74.10916346336293,22.103129757508924],[74.10744403328299,22.131802261618724],[74.10808719574264,22.151883042884954],[74.11873813207993,22.172018196379852],[74.14020169219005,22.187190807636295],[74.1955009594037,22.211136005016584],[74.21918210275838,22.245669844005103],[74.22365729801894,22.27222213665198],[74.22353060564384,22.29516707019689],[74.21955451951173,22.317376412532965],[74.19625056359801,22.349529395416262],[74.16839933473827,22.36659762739346],[74.12592850334117,22.377846312262776],[74.08194685803164,22.383338916648068],[74.04332975915302,22.3931533649224],[74.02160078104723,22.41309964588679],[74.02136455977053,22.446797579164134],[74.05191956976067,22.49071748642381],[74.0680791719812,22.497264818953276],[74.08735513625179,22.499526185502138],[74.1622115242278,22.498498771053892],[74.21000386656247,22.50734451079493],[74.2493135746394,22.51613688121025],[74.27934095203183,22.529897703909423],[74.30395669775005,22.546497844952867],[74.35386104396109,22.60478603884264],[74.35819162015682,22.609067106746537],[74.38154037145024,22.63214242452543],[74.39535902318218,22.651555065653938],[74.39756076775792,22.67809359235876],[74.39181000678705,22.75551090686914],[74.38628612448821,22.780585587854688],[74.36529247299674,22.805599129187712],[74.34665614973467,22.821298186354948],[74.3241159244728,22.843431527298762],[74.31999107159872,22.89503851392734],[74.32601908043668,22.928046394460775],[74.34299672451981,22.938872619379236],[74.37003833793902,22.950454349065055],[74.39785574583026,22.96275149084039],[74.47440709002858,22.98955312745234],[74.49916539637299,22.996086434974607],[74.52158237975044,23.008344953277987],[74.54476845034104,23.023470602707196],[74.58489168650232,23.075205910353144],[74.59873846170942,23.109658196117426],[74.59946679610678,23.125434232138243],[74.59396030563626,23.151949382353692],[74.584580531801,23.17630304837877],[74.56514848980673,23.1898735902257],[74.51772914944301,23.21984922732775],[74.50835170231363,23.238461981915638],[74.50208085483617,23.255649998936697],[74.50200626014484,23.275725437506892],[74.50272110661584,23.292218400354415],[74.5258668365479,23.331724296883678],[74.54211995027534,23.34682932204802],[74.56304100617413,23.360511812996585],[74.63280772289473,23.406578163480216],[74.64366075661415,23.415207099462574],[74.65839081445267,23.427428732610114],[74.67545826001124,23.43821989321344],[74.70960307336061,23.45907968036739],[74.72825087569346,23.461264228894247],[74.7554353345844,23.47063001240532],[74.80748484679418,23.488627571582594],[74.83157097203991,23.497976255744966],[74.8471100600414,23.505879099663844],[74.85270217992748,23.51104693011883],[74.85410005798222,23.512338652789317],[74.85563862945817,23.52739671472756],[74.85081940738849,23.554162884882633],[74.84311475285742,23.59693147365473],[74.84228871748257,23.637081127387976],[74.83516053561749,23.736015085432715],[74.82182795374787,23.80411134239983],[74.8217966378731,23.82705383900062],[74.82643556158506,23.8550202554631],[74.84433891712857,23.876547889192864],[74.8591228391695,23.9038061567913],[74.87002379455436,23.920305519818825],[74.88092225024201,23.9425396333216],[74.8809025013827,23.964047896923205],[74.87696959961661,23.997740974504854],[74.85820898163558,24.026402243443094],[74.84256730283597,24.051479653743733],[74.82223141695485,24.078700764459725],[74.80503493223306,24.090150669997353],[74.7729975302177,24.10086036225702],[74.74796197965547,24.12304578103006],[74.73696743372858,24.151704099197914],[74.73064929605678,24.18395440142123],[74.72501102225507,24.26208783950828],[74.72338963271284,24.288610491377487],[74.71631050637168,24.306520078998],[74.69435934171186,24.326550770420834],[74.66612439506484,24.353016565191734],[74.64956278439388,24.399577379654826],[74.64632163127038,24.4389988399236],[74.65328681122982,24.46912425544258],[74.66251744437368,24.532230935219154],[74.67423506302525,24.546594312303725],[74.6883245271592,24.55379289946295],[74.72281079158647,24.553860256900755],[74.77532674340024,24.552513907654927],[74.87485938539821,24.55979824528771],[74.89052965286804,24.566979294688277],[74.90070809439179,24.582040918068383],[74.90540702908224,24.588495893567586],[74.9053973312534,24.60139977318378],[74.8975360503873,24.62648544913203],[74.85357851860672,24.660859178802895],[74.8143335969619,24.675870160482603],[74.78917508560743,24.70737926793002],[74.79071220811034,24.726736866591633],[74.80168552766618,24.73607105453587],[74.83385691469294,24.743995698435853],[74.8778190056286,24.74045363988848],[74.93355111651137,24.73977183503634],[74.96259427918741,24.739781895265846],[74.98692557417793,24.760575174221238],[74.99006424514496,24.78136454006909],[74.98613555562233,24.80502074769829],[74.96021109237952,24.828672541324533],[74.93820934705859,24.84371912450201],[74.90756332383356,24.85373932811486],[74.86119859369985,24.863022584423387],[74.82347672344956,24.868000752543814],[74.76685406940513,24.893729761502073],[74.75346505059144,24.908045234814878],[74.73693160212513,24.920920251441984],[74.74080805938203,24.9467334959633],[74.75570719752595,24.96683031038444],[74.78164377248407,24.97475588405234],[74.81466848152934,24.978384880057575],[74.85710225548728,25.008539092663295],[74.8767520006822,25.025044033062787],[74.90034593476855,25.03581433324316],[74.92237517899751,25.038694834237585],[74.9412627985311,25.0315350928929],[74.95621828922968,25.013619198943022],[74.97117328342111,24.97921430570838],[74.9931959971963,24.947675633714017],[75.01992617791804,24.93047005126082],[75.05136757836273,24.91899290953779],[75.08045209779957,24.918263202519125],[75.11504473498591,24.923975335544334],[75.14177332045642,24.924669165845742],[75.16378168094955,24.92249606412192],[75.17556506054373,24.916747855578855],[75.18262379827296,24.905986620173085],[75.18179266896693,24.87516297500217],[75.16134232114969,24.8601325132894],[75.14168415516819,24.84653216851179],[75.11731301691313,24.828631812559713],[75.10865866791782,24.8128674154957],[75.10864429758784,24.796379592652755],[75.1125604727493,24.784906880979868],[75.12825775611348,24.77772561371527],[75.1596707214065,24.781996594942953],[75.18324183323514,24.792005676518972],[75.1997348946249,24.793418299222978],[75.22879033838112,24.793376704767326],[75.24526432249502,24.784748291370374],[75.25544291377818,24.770394048190482],[75.25381147384162,24.74028856418583],[75.24593663426758,24.727398109473118],[75.22550427119262,24.713092873983424],[75.20665185831923,24.702366985491732],[75.15797981329683,24.686654931258154],[75.13286073125859,24.67592615418503],[75.11794486901417,24.665902358640984],[75.10066374718696,24.63795672712122],[75.10064021331725,24.60856467276682],[75.10766732438638,24.573432556076742],[75.11391851642198,24.55120451303197],[75.12643299582243,24.525386590136456],[75.12809867757682,24.522618545328406],[75.13894789506975,24.50458579129771],[75.18044881973458,24.488053416552365],[75.2297858716184,24.479383738854217],[75.25407455756834,24.48221240352088],[75.28464079267474,24.489326782181077],[75.31053100420833,24.505047253647795],[75.3301534404124,24.518626397744892],[75.36075308510112,24.532893956928827],[75.39134401696455,24.542137102194175],[75.40940394849173,24.552842286987673],[75.44310818727395,24.553463858519105],[75.47213420419838,24.56054445150531],[75.49175164762495,24.566216670286643],[75.50354356680319,24.574780134557322],[75.5240200984112,24.59764995683605],[75.54606621074652,24.61907741855184],[75.55942880739426,24.6261969048467],[75.6057656371702,24.640354494198164],[75.6183141662276,24.640303412167924],[75.62850623345895,24.63954430137894],[75.64023016825337,24.63160948704492],[75.65735562602843,24.60716271172318],[75.66197330540219,24.59065489121558],[75.67580403412158,24.538263165873648],[75.68433854526923,24.522453857259954],[75.6928670289652,24.505927240968994],[75.7100099525071,24.48935989551382],[75.73497645323371,24.472035943025055],[75.75512637992668,24.436093826687657],[75.76653357247426,24.380121501718335],[75.75778352788423,24.356509030629166],[75.74519215685123,24.34438470525052],[75.71144749503925,24.32662493896554],[75.68640528984527,24.325306503128818],[75.658230522654,24.323280664103933],[75.63944057697343,24.320493459863663],[75.62452068951603,24.309085467035874],[75.61662561004584,24.294063178439508],[75.61652177271203,24.272557048182332],[75.62109191234426,24.247447408792585],[75.63189982498666,24.21944426370731],[75.66207810186113,24.159814220694166],[75.66892710150502,24.12465657595877],[75.66881534357543,24.103150188975036],[75.65464132121343,24.080270780126366],[75.64043682978192,24.050220988921097],[75.63938662969757,23.995740438334874],[75.639114769608,23.992306835207277],[75.63689054004436,23.9642067274914],[75.63208045593767,23.93770077521595],[75.62419108179257,23.91909318344815],[75.61009626279471,23.90696213113209],[75.58820034364497,23.893425902871993],[75.5671010777421,23.88275123558917],[75.51327348154112,23.875053930523073],[75.48752729834695,23.870119088471434],[75.4641089033679,23.861588232890607],[75.44769663673254,23.849448873934893],[75.4457028705789,23.829528964219392],[75.44446880224449,23.817195910024417],[75.44519430236438,23.801421084702216],[75.44832686800943,23.793660508963633],[75.45446472034264,23.77845186404004],[75.46760599965907,23.74973482479277],[75.48933675492368,23.728876120850902],[75.52977062093403,23.71368706653826],[75.55702336576839,23.71359135598266],[75.56795037661314,23.71464872825327],[75.58565139135744,23.716359921685328],[75.59986848114289,23.71773281443891],[75.6341955668933,23.731217669997132],[75.67166688304546,23.748982704777866],[75.70450928665085,23.77321192438131],[75.73418689581486,23.786695160545538],[75.76854528103271,23.800149301215132],[75.78964672948231,23.81079642121362],[75.82563890690794,23.83426583819487],[75.87736820621905,23.877710696237973],[75.9055973383754,23.901204529951787],[75.93388820118896,23.931861304747237],[76.03670486524862,24.012924339404286],[76.06570167233808,24.027779379761842],[76.07912464115658,24.046323516049195],[76.08130310148135,24.052991447265466],[76.08473298696238,24.06348822872128],[76.06639488162193,24.111645929226125],[76.05483944949314,24.131081000735882],[76.02774872915691,24.162090224247255],[75.99444346364281,24.199587180855314],[75.96794845913043,24.209793720495725],[75.95155164989689,24.212047592869727],[75.94133321612301,24.204225681673485],[75.92782933956155,24.174200454793194],[75.92598757494598,24.13550109661683],[75.91947227849192,24.09826341816741],[75.91767571778894,24.065298199496617],[75.91515574313185,24.040222741401056],[75.90409271506692,24.020932795948116],[75.89231702749342,24.010965516422],[75.87435394128565,24.008918395655567],[75.84083087315402,24.014124157861],[75.81980093593066,24.020690088468843],[75.80353194522729,24.04013227187294],[75.7880300221367,24.058135057909237],[75.77644068647676,24.07826717509731],[75.77207819155957,24.132055692488777],[75.77296275940223,24.149256395281665],[75.78097559841017,24.18219204448341],[75.79049413767109,24.20508300517687],[75.83375543534733,24.247147572550542],[75.84952030322958,24.266415659696513],[75.87552536574555,24.295659296811156],[75.90148665996485,24.317013009828212],[75.91013211318698,24.322696222053732],[75.95168274529817,24.334627734729448],[75.97515244404126,24.334478722825214],[76.00409814065208,24.334289943810514],[76.02748647960352,24.32409773172804],[76.07170063718462,24.279348690816224],[76.08943507424823,24.249832661254356],[76.10100126509808,24.231111855987084],[76.11935387725272,24.184384159075616],[76.1448192099435,24.148353643577106],[76.16423076337489,24.135303905400644],[76.18287053391306,24.123691426757947],[76.19452530593176,24.117149301497637],[76.22259799688844,24.112626280388067],[76.23823665113471,24.11465077828546],[76.24999898762026,24.119572682500003],[76.27193592626791,24.12655967220968],[76.30094041960159,24.13706737658559],[76.32379236367265,24.14162725490809],[76.33537973449626,24.143937953379616],[76.39718359789724,24.15270285195461],[76.43009283575641,24.1617160205158],[76.45360783991067,24.168661433490538],[76.4872392695222,24.171920961278715],[76.52550796074323,24.17082615040372],[76.55128589712429,24.17056608132528],[76.57077931138355,24.167499549336885],[76.59253492401761,24.157956305889837],[76.6157319847326,24.13907727045215],[76.65619512595575,24.080908021212807],[76.65892925306932,24.076975302267872],[76.67477483238314,24.054822948887928],[76.68811417144185,24.040341867037316],[76.7046722365251,24.033468986442674],[76.73433442304146,24.03409152716554],[76.74800087497981,24.044447891573924],[76.75785564135842,24.06021829514267],[76.76608649368427,24.073386296821063],[76.7684561907438,24.094382176273207],[76.76065264651898,24.13269635954194],[76.75728965288852,24.15328051032349],[76.74962325300274,24.16388023613208],[76.73885714191341,24.176426211389927],[76.71360251357083,24.196302181540194],[76.70342095421707,24.214095162334264],[76.70528909874943,24.237008847999597],[76.71182875035957,24.25843649587125],[76.71896916329537,24.285590497596907],[76.718628111388,24.29897270083689],[76.71573846159495,24.316683885223647],[76.70703606189586,24.328726956356814],[76.69831294253473,24.339336418890547],[76.68456355234935,24.36433534754253],[76.67899715759368,24.37729771099157],[76.67605674561231,24.391664258842134],[76.68400790915011,24.401132009906917],[76.69769264713365,24.41005728480153],[76.72590332249676,24.41260497880524],[76.74097372628304,24.408132283764207],[76.74875287935527,24.40469810542248],[76.76687150330451,24.3944542575158],[76.78183757994756,24.38281212955963],[76.7983721867731,24.371627803647275],[76.81802579240504,24.35992663782825],[76.84192991310486,24.3539047839725],[76.85969338625307,24.356076785744563],[76.87027656606281,24.36645748337876],[76.87986791144334,24.38019401056661],[76.88380902125894,24.399733364879545],[76.8912083570155,24.476082662521478],[76.90110561298948,24.509401251950273],[76.91444655417534,24.528342614361488],[76.92930707651146,24.543918887862567],[76.94069213316193,24.57100413523236],[76.93421777831244,24.591630399933422],[76.92658680705841,24.60510510366316],[76.8986560020097,24.6240923460763],[76.86481172828249,24.632637676228445],[76.83505954358208,24.635392577567973],[76.76762980948986,24.635245040924566],[76.7551203966407,24.637780470481697],[76.72962985086386,24.646675903806308],[76.72096712948823,24.663019766839845],[76.72177849423977,24.684032594324695],[76.73404158281645,24.70109124676328],[76.7473807190452,24.720047255909375],[76.78239371723797,24.754511772884705],[76.79463109666864,24.76869841157099],[76.79907121325046,24.78632212325031],[76.79876848708831,24.80161394545337],[76.79367298342666,24.811230249656735],[76.75620742347782,24.826963296921576],[76.73392651879114,24.843467399940906],[76.72551772244408,24.878919294513295],[76.73467329786735,24.896968081918967],[76.75328694712073,24.916816252052623],[76.78225356231367,24.927461047955266],[76.8211643269253,24.937023264381928],[76.8673861281151,24.94457260355749],[76.92801831326608,24.968641762308852],[76.98810249298927,24.989826068718543],[77.02447190649333,25.00223351960467],[77.04450534530612,25.009124897601694],[77.0833768995368,25.013839827393692],[77.13683480655224,25.013080926945335],[77.22612453994616,25.0227566959976],[77.24452859659414,25.02582343747935],[77.26144862912693,25.033686978126607],[77.27272824755686,25.04832199735392],[77.27572857220386,25.068814954800835],[77.27970617094077,25.11365267397062],[77.27413796949978,25.152905151880066],[77.25717121957946,25.2004518596038],[77.23727873341261,25.232279075229826],[77.213131979425,25.261779655817776],[77.18361854262464,25.285624499344387],[77.17377530114621,25.293412445350928],[77.15977064133251,25.303649121410267],[77.14141784351328,25.30582755436861],[77.11142360441032,25.30339427885293],[77.08916272219804,25.292247297838376],[77.06428753838557,25.281611025007788],[77.0393286336895,25.2657169430132],[77.0154342331892,25.25028144928392],[76.98842633178863,25.23679449969645],[76.95721615887464,25.222880323158584],[76.87182804074918,25.20248942069974],[76.80040097591046,25.201465582498763],[76.74895729287164,25.202560815953735],[76.71699132393617,25.20723520874466],[76.69147529835934,25.222817329548903],[76.67493325147203,25.242115777931218],[76.65324958777619,25.27006974537915],[76.64082791640196,25.284063225684964],[76.62670590857594,25.288997184381845],[76.60885412318135,25.290148513472282],[76.58672373873215,25.28561066177446],[76.56606675429686,25.272931796737257],[76.53490158532205,25.259881726970388],[76.50751402547992,25.254430677209164],[76.47656139931071,25.258087930061105],[76.45775800691422,25.26735263143876],[76.44004761583268,25.280426613699998],[76.42484887343872,25.328830183367813],[76.41986568630811,25.352289544194523],[76.41649177997066,25.37859991953498],[76.41197021684535,25.396798978892324],[76.38538588294983,25.46394099609357],[76.38051932200084,25.468999070991984],[76.38317326381362,25.5346058340115],[76.3875074082102,25.56800887967792],[76.39061023897861,25.608589817044447],[76.40425671592101,25.649069382970204],[76.41643962946489,25.676422981739652],[76.44980615558853,25.710732467781217],[76.48588860729217,25.74978330404174],[76.51768811316532,25.761398849052334],[76.5415647431202,25.771897023834132],[76.56020074917805,25.784836093114524],[76.59613345598902,25.808332640162625],[76.61745212141423,25.823623013470012],[76.63621923788915,25.84491029285335],[76.74329409518708,25.946369819529796],[76.7645675488077,25.968255270287326],[76.78218682786326,25.964844733627544],[76.81338071788055,25.965890288481464],[76.83927651499843,25.966041163152518],[76.86365484466673,25.970506031846423],[76.89600604823167,25.977728464594286],[76.91091607864767,25.984697295160878],[76.9259835644564,26.001215687610987],[76.94323237830149,26.021524252795977],[76.96216060590392,26.04706184226482],[76.98739404140656,26.06964390835818],[77.00720201054396,26.083699087161797],[77.03812072308763,26.097594683161724],[77.06789611478273,26.10624574264061],[77.0987077246112,26.11344246854286],[77.12431107154521,26.125007877278964],[77.13716236060826,26.133414938400197],[77.16779070851499,26.15874823362207],[77.25693259888376,26.225673598595126],[77.29558070916426,26.252283374641486],[77.3449527383952,26.284437694464387],[77.38148171966304,26.309146527529265],[77.43596863168717,26.330198102677556],[77.5110342965365,26.346093121851233],[77.5445058044772,26.349799970556106],[77.62093598608662,26.354628878345697],[77.65297433145192,26.365021127371943],[77.67562316258125,26.38178909393116],[77.70741045412986,26.40363259440589],[77.72547235086186,26.427640623526987],[77.76810867837145,26.48077419249528],[77.86462931750755,26.5433226668615],[77.99963297853091,26.62146227837839],[78.04162680522455,26.652793186616233],[78.11463537885122,26.700140302572542],[78.175548216294,26.74055708720095],[78.22819317041598,26.76920025389408],[78.27326602482788,26.800154887773576],[78.35659503439607,26.793553980965175],[78.4629998871896,26.777387456541543],[78.5182582578474,26.758843765832943],[78.5814179221604,26.73864845247228],[78.63754359904311,26.72361785814912],[78.70121243199875,26.72053749068887],[78.73412100967633,26.727547465543015],[78.79172169435714,26.73389057465627],[78.81375804235128,26.725425991655815],[78.8371431645371,26.70976457883217],[78.84841218274586,26.689419226667486],[78.86353889520149,26.594535145183226],[78.89291154589012,26.545066724597426],[78.91857259891437,26.48066687940273],[78.95725643842502,26.42592350016928],[78.97628331216505,26.37816145897653],[78.9776453843837,26.325164807641478],[78.964793417508,26.297610326185794],[78.94493173514958,26.273825579413334],[78.91218988516088,26.22871485899329],[78.9108072242372,26.226808826857457],[78.90204299790855,26.201997670037116],[78.89207977826194,26.117098065019373],[78.88981889174535,26.072784628362417],[78.85653946813146,26.031101550829245],[78.8534567965786,26.02723835614874],[78.8439802417608,26.003871464676077],[78.83423127001835,25.947586104909394],[78.83921446724882,25.9358116448217],[78.85628280858666,25.895466110081273],[78.87424963872276,25.83987468922617],[78.87249078535254,25.78641591865392],[78.85000936867921,25.74311376208648],[78.82478532390955,25.712285346297705],[78.79425252490265,25.67968090643551],[78.74044134272845,25.64289529644475],[78.69885112315454,25.62488897065407],[78.613479389899,25.58787064410531],[78.5379866070635,25.562035968904127],[78.51216494291467,25.55834192448022],[78.62217740672918,25.703186017542997],[78.47730408904758,25.553354734572633],[78.40061698902352,25.54238388650504],[78.2957446744742,25.517097009664255],[78.29495106455899,25.516619077880087],[78.22088861040724,25.47197906484793],[78.21404856387032,25.45207882332935],[78.2087311590079,25.41018470545016],[78.22081840212397,25.35072363186877],[78.22157859063101,25.300103301934666],[78.22501002647981,25.292426471968636],[76.77957748572246,23.797527235210833],[77.17244073209508,23.794440530565673],[77.18934875081116,23.804233925007637],[77.21560360332367,23.81389125170715],[77.30910117086691,23.830433174553086],[77.35523548029764,23.85457502579466],[77.40237176365578,23.87582013370427],[77.45167198578703,23.90083659142116],[77.4864082852473,23.924161699293634],[77.50330755288044,23.938216890814054],[77.54314618765663,23.955712684948903],[77.57972484539724,23.965610064028315],[77.62868222436552,23.970510382949037],[77.65777927106024,23.97000890937152],[77.69518857947321,23.96935606684352],[77.73363563367266,23.968675606166258],[77.77030959921208,23.982345078526016],[77.82684032859937,24.000415802518926],[77.84106433815394,24.032626980968693],[77.84148474758413,24.051721644923525],[77.82314691498124,24.069253573311567],[77.80472093882949,24.082964695217978],[77.7770332448239,24.10161828630809],[77.77018413011963,24.121800943229296],[77.77007029230403,24.164784892550703],[77.76115669108316,24.18596001959071],[77.74509673212894,24.21394994326479],[77.72976581595863,24.227598019387628],[77.71016518871454,24.236545032567047],[77.69248348097909,24.237814253627903],[77.66124402419901,24.238364074067327],[77.64462209573881,24.240564427146108],[77.60510794190452,24.244112102781138],[77.57509857482441,24.25417566886116],[77.5574497318219,24.257339346446045],[77.52007867989462,24.252145971543023],[78.25336325414615,25.217599661349105],[78.25609357892998,25.20888979129917],[78.25978713496451,25.19710240631662],[78.26524594423506,25.12632856089845],[78.2582191297938,25.107301381622232],[78.23588273806581,25.046770117520627],[78.21570795680982,24.996603362535858],[78.17653936921133,24.940154983706687],[78.16468437027456,24.92703949419107],[78.14003238573179,24.904644380896123],[78.0932995075051,24.83591377764884],[78.09841679060403,24.704985133440843],[78.11563837838625,24.556616929226834],[78.13627874428171,24.431333800176724],[78.14507531347091,24.39176085214551],[78.16421378660128,24.3752478967972],[78.15587473998119,24.35269604642769],[78.14716243433831,24.337598577108547],[78.14825485044703,24.2974692691973],[78.14738364673761,24.26215517071356],[78.13194296709129,24.22714161089839],[78.09743397904397,24.221163559386927],[78.08078117920314,24.221501696954228],[78.05887827799641,24.220033699155252],[78.0430842825249,24.21271048789352],[78.03342326406374,24.200488391923354],[78.02783632341036,24.184364563490348],[78.02331393703828,24.169174285109815],[78.02288666141067,24.151037595903023],[78.02239244845707,24.13003715621579],[78.01882373640625,24.111007516023157],[78.01211459015616,24.09108461109503],[77.9971570998879,24.074188260710624],[77.99646926970745,24.044595713856616],[78.00027203722884,24.029240650286713],[78.018645176554,24.01455402739393],[78.0548358496078,24.00619626214435],[78.07859833250109,23.999990524967405],[78.10028022099699,23.99382338514773],[78.13532625605622,23.981650742929798],[78.14735104208965,23.96326023182233],[78.16352660573085,23.944783509374584],[78.17445928481204,23.924504050785757],[78.19598170819485,23.912598468855755],[78.20525480967127,23.909540478398355],[78.21143660006675,23.907501531898646],[78.22795191949702,23.903335765710388],[78.2320092995146,23.899430852551525],[78.24106610427481,23.887781305700116],[78.24481296729908,23.871469007073298],[78.23966394846647,23.831471648290076],[78.22263883178839,23.81464040735836],[78.1983805456376,23.798912046569704],[78.18254170832934,23.787780540780435],[78.17015968551337,23.747927531219492],[78.16540795885402,23.701566195949898],[78.15862914447058,23.689029636892386],[78.17241988166745,23.67703523262355],[78.18835209240721,23.66596461093582],[78.20061393259171,23.66392106513258],[78.21681944266157,23.664182021513078],[78.25240898634618,23.662244784167026],[78.27099612612236,23.654094640085056],[78.2823688830877,23.642514655977376],[78.28681179360555,23.638839617342295],[78.29756920627904,23.602802864590718],[78.30139789505927,23.574671688835426],[78.30739081529923,23.5554464837669],[78.31679672361675,23.543309973308727],[78.32496717801827,23.533586648002974],[78.34020679027782,23.52192093774003],[78.36600467221294,23.518380791709394],[78.38408492182597,23.516794892398334],[78.40484370134035,23.51872888924265],[78.42309274939791,23.523699085504976],[78.46093468635651,23.535392924708034],[78.48051245774892,23.541519784409466],[78.50384638807519,23.542785569013272],[78.51484269131653,23.542537224759815],[78.53031881080555,23.540396265188452],[78.55213386702582,23.53333545730239],[78.56484388339717,23.52469076543611],[78.5698887616655,23.519801479686247],[78.57228219796404,23.512586228026752],[78.57587195767444,23.50176333091057],[78.57855687466848,23.481414182600986],[78.57681317325022,23.4647469213546],[78.55506556609481,23.449730540642292],[78.54592090107515,23.446358633986176],[78.52823154653507,23.437809345535506],[78.52096386569697,23.43200646681605],[78.5095198398969,23.41495947643356],[78.50720354733984,23.400690173788533],[78.50676335259381,23.383991756251774],[78.50000469733725,23.37280550313501],[78.4869124112999,23.366534134750196],[78.46350103322744,23.361087263813967],[78.45108812638051,23.355991045197335],[78.44507395415529,23.34836588270809],[78.44305856193968,23.320362746035737],[78.44899293388787,23.299942447758767],[78.46348855597704,23.285897360434614],[78.48849645937887,23.27877850755067],[78.50532810751108,23.280193173413988],[78.5266473476478,23.28031162272367],[78.56315726025346,23.268745109674246],[78.57895911531467,23.255854498036502],[78.58811296002547,23.235954390857223],[78.58968161878263,23.222194514554328],[78.59248367513838,23.182151806617007],[78.59390862781028,23.16302495055248],[78.60303983800398,23.14252852110491],[78.610506080133,23.13221372847492],[78.63425182418943,23.103623553447317],[78.64417933449039,23.089074111448312],[78.64883624671366,23.07046949064726],[78.64366594881314,23.046125117540303],[78.63358426178239,23.03084358966398],[78.5819270250452,23.003380959821957],[78.57075578686414,22.995279540719654],[78.55570541645683,22.9866676664562],[78.53622581286348,22.981136809023585],[78.51365046547592,22.980446044281273],[78.50145805186644,22.982506442085022],[78.47837538160125,22.98719266143453],[78.45217579355462,22.99612106098906],[78.43743356521908,22.9994258997364],[78.41801493298557,22.99626592835553],[78.40951940553107,22.991674927174948],[78.38138490367177,22.974971398552853],[78.36510247099156,22.968156584331197],[78.31003131239841,22.929926213841245],[78.25490455641683,22.88809352500326],[78.19142870178486,22.845809113833536],[78.17496165406656,22.830022551471657],[78.15665026907585,22.817851886222922],[78.13638401680339,22.804523475738023],[78.10850785057569,22.796116095842006],[78.08271273300446,22.794229521722908],[78.07123609844373,22.799226627483474],[78.05088115764508,22.81036270608582],[78.01569133507093,22.820584240141546],[78.00611450197638,22.824347115342494],[77.96313939499257,22.832316559842386],[77.93786487427028,22.8250242949282],[77.90150973506677,22.811363046093096],[77.8851650895529,22.79971981540034],[77.86684231948597,22.785722182111098],[77.85110987621506,22.772272839385934],[77.83690196035305,22.770138085259287],[77.80418951413046,22.77608989840131],[77.78769824678602,22.78831990987817],[77.76929686691044,22.8017757439403],[77.74819665806697,22.809305751613103],[77.7308616404007,22.81199212058347],[77.70837500144962,22.814764335994557],[77.6941633659709,22.812617066216095],[77.67202795845152,22.800451183284896],[77.63403337860336,22.767049196163043],[77.61947411003602,22.746390274853805],[77.56757465523391,22.72513984522929],[77.54353319062233,22.712984629349453],[77.52308269259291,22.685840346545305],[77.50586748088689,22.659239320207607],[77.48311822281974,22.64645627788312],[77.4610799233317,22.637241731337724],[77.4391497324882,22.6339939783169],[77.40760450860164,22.632679376598038],[77.37345587959592,22.629605503739874],[77.33919688957086,22.619956626003095],[77.30211134471269,22.59481309711408],[77.28713444846984,22.58368003899187],[77.27279304587175,22.5719391886773],[77.24297665119414,22.557427432048843],[77.20104731465581,22.549048407598512],[77.16632369686731,22.5489227755272],[77.14066421951993,22.552850043085158],[77.11884220233746,22.555528221376758],[77.09758072431678,22.552820696524872],[77.06785521905935,22.543051983490457],[77.03933146178602,22.527289345445116],[77.015495089007,22.52400588780159],[76.99956233758643,22.533761484738385],[76.98361873369933,22.542918453458014],[76.96131935321468,22.557527412096704],[76.9497875439498,22.560654269962253],[76.93857706232183,22.559372309687024],[76.93561635100147,22.559033605509786],[76.91620235814541,22.55030638845319],[76.9064592996262,22.543254308321444],[76.89855611271251,22.529609265788153],[76.89519502258615,22.51889696426074],[76.87561980531554,22.497622192865872],[76.86258102054065,22.484034680481802],[76.83030516713507,22.47365220622994],[76.79873799550283,22.468033929914057],[76.76399007758278,22.464833599200734],[76.74386663038892,22.44892347643541],[76.71835776359507,22.412757145597205],[76.70070742503145,22.38785381955107],[76.68943499127407,22.358700008068023],[76.68476742087594,22.3444113028039],[76.66629885481413,22.30338207563189],[76.6616358357041,22.289092352312796],[76.63836867860188,22.275588624577146],[76.62235795972548,22.278736439732576],[76.61023168167145,22.284831273289363],[76.57192710671279,22.30372670710364],[76.54850419753575,22.333823037336852],[76.53581269796864,22.347684527052422],[76.50202102656505,22.370703677369995],[76.48094573578035,22.38224909116574],[76.45146062912693,22.39850217853827],[76.4432581385997,22.403022050977885],[76.4254972863417,22.400311951477146],[76.40927161775815,22.396869563466186],[76.3876218955925,22.390604405722037],[76.37597394581775,22.382100671742652],[76.35575832316441,22.364347767261435],[76.33933946394698,22.340108187318783],[76.32840131764915,22.324425280251557],[76.31359326068196,22.306622021869956],[76.29343610400426,22.293161721614133],[76.24485081558628,22.28780591691602],[76.19557129003074,22.29104432539085],[76.1680232465084,22.29175683794646],[76.36997155779996,22.540880684023644],[76.15453565169355,22.638763858652524],[76.15468006383499,22.638762820092975],[76.15453564859794,22.63876386005901],[76.47576249427748,22.759289539252766],[76.10445490820939,23.09930009739266]],[[75.94623175462733,22.01815440407994],[75.93481002664284,22.03542912314323],[75.89961385504631,22.064308301651653],[75.88658601612502,22.072266987993334],[75.85511005135594,22.08319040083742],[75.78675270318813,22.104328437745217],[75.76287576795178,22.100139274756216],[75.73276321069635,22.080199118319907],[75.7064839013321,22.05593421590143],[75.70536984964718,22.05419174449043],[75.70864162331421,22.025807653658454],[75.72624234447633,22.008520736840556],[75.7415321886681,21.991242453341414],[75.7798893963529,21.975288973301595],[75.8220977170603,21.962175757355066],[75.86274339668785,21.946191820146176],[75.89422921666934,21.941721117601702],[75.90653095417657,21.942370780714743],[75.92964411077503,21.9508463349856],[75.94972815463252,21.965789560385485],[75.95135628727448,21.97940410379485],[75.95074039304198,22.002353257546492],[75.94623175462733,22.01815440407994]],[[78.62217740672918,25.703186017542997],[78.68440019014224,25.671082169706086],[78.67882467925666,25.67396055151132],[78.62217740672918,25.703186017542997]],[[76.36997155779996,22.540880684023644],[76.3827383867064,22.531212461786264],[76.37465901675012,22.537331174010284],[76.36997155779996,22.540880684023644]],[[74.57448187251843,22.25594767716246],[74.5744819864749,22.25594774346992],[74.58073611668915,22.264055901330813],[74.57448187251843,22.25594767716246]],[[74.57448187251843,22.25594767716246],[74.57360842258036,22.254815212851625],[74.57448193611924,22.2559476781864],[74.57448187251843,22.25594767716246]],[[74.63556050221978,22.418153567017345],[74.63556036254559,22.418153943676632],[74.59867695557536,22.419824898136344],[74.63556050221978,22.418153567017345]],[[74.63556036254559,22.418153943676632],[74.63557171898377,22.418153058743915],[74.63878730005207,22.418007348767677],[74.63556036254559,22.418153943676632]],[[75.32967559180175,23.99620209063109],[75.32967582183326,23.99620649582493],[75.3101401205896,23.99797591899287],[75.32967559180175,23.99620209063109]],[[75.32967582183326,23.99620649582493],[75.32967724161942,23.996201940827003],[75.39790793351537,23.99000656754347],[75.32967582183326,23.99620649582493]],[[76.62389431608818,23.636516157280912],[76.50498984639385,23.5135424480409],[76.75807507040399,23.538401614378007],[76.63849285973099,23.630543066078683],[76.64916975378591,23.63009080328655],[76.63849247546125,23.63054336216931],[76.62389431608818,23.636516157280912]],[[76.75807507040399,23.538401614378007],[76.75033366643423,23.534610200780925],[76.7603773722435,23.539529064904624],[76.75807507040399,23.538401614378007]],[[74.72723832455152,22.411010081602615],[74.74516709669192,22.447371264516555],[74.73112755886764,22.418899572406776],[74.72723832455152,22.411010081602615]],[[75.00066747933613,22.984879380934313],[74.99922000757994,22.987755118547387],[75.02399408764099,22.93851692828908],[75.01346924187025,22.959439797868598],[75.00066747933613,22.984879380934313]],[[76.21961263935562,23.801926847819967],[76.23314418456977,23.791066597752092],[76.2255719320717,23.79714435414913],[76.21961263935562,23.801926847819967]],[[75.13505668185424,22.096726384797673],[75.07470398624845,22.034308253163463],[75.19472730522658,22.042117787439143],[75.13505668185424,22.096726384797673]]]}},{"type":"Feature","properties":{"state_name":"Central Province","id":9},"geometry":{"type":"Polygon","coordinates":[[[79.75470259060661,19.57601701664136],[79.74569208526307,19.57768667030276],[79.715273201736,19.569901038084243],[79.70811709803061,19.5314548542134],[79.71152034646168,19.49273261778284],[79.71019532311205,19.4469793504637],[79.71343583534743,19.40253813363227],[79.70125742136788,19.398561589393672],[79.66981744441256,19.406528442033988],[79.63869850016049,19.425930022050355],[79.60247149770333,19.478371412983908],[79.59537722815027,19.494293450641493],[79.59308950044434,19.520110590917664],[79.60739292892161,19.59845250151988],[79.59707432585333,19.660251284890833],[79.6058914624474,19.70438683011165],[79.62005653966925,19.72405585594476],[79.62390156055864,19.752576354805765],[79.59610867492322,19.784776210722647],[79.55891210191673,19.805765720225626],[79.51590267107005,19.835483447402893],[79.47227371882342,19.84374067928244],[79.4643958571837,19.83248857265309],[79.40871955984285,19.788073393634765],[79.3627222066793,19.76487035220456],[79.32827867882116,19.777159810221605],[79.2900244424922,19.816733432211862],[79.25159880339835,19.85057968855278],[79.18038132891496,19.846539975180598],[79.16058720492532,19.836606188215445],[79.10084214630051,19.89381576462039],[79.06274985233544,19.98250800112644],[79.04339754629135,20.01540571302224],[79.01206912105411,20.054302422753807],[78.94807379644192,20.080565713716247],[78.85092668175618,20.157181538995786],[78.85026678073476,20.21256914325532],[78.8345620383934,20.232007587647153],[78.80575750985473,20.236615798316574],[78.73782415460475,20.247464592732246],[78.57025047308989,20.352183175113755],[78.53024593835448,20.37400646738968],[78.46006962495592,20.405974132354558],[78.40441856990812,20.45482401818888],[78.31287022876279,20.533003040893128],[78.27703540046275,20.56424914475302],[78.23271138813335,20.57845542326066],[78.20854001384228,20.597595809984842],[78.18082079441096,20.619536327860093],[78.10950633930841,20.704897413339637],[78.08095751216595,20.79902650730366],[78.05402653094738,20.874019611215743],[78.05307713712779,20.927531540460787],[78.04415062189648,20.988828277837502],[78.04547022632153,21.053762528827203],[78.09751915940302,21.110134070062706],[78.134311894564,21.117098739153032],[78.20578700165173,21.127222289240994],[78.29600674883804,21.15605189508023],[78.30391841221815,21.174654512319382],[78.31534740345853,21.201516769837696],[78.32837742005258,21.237552238936498],[78.35575987143278,21.277120408967168],[78.3851953475286,21.316640981782246],[78.41495754249775,21.369517517588857],[78.41163456714914,21.402054449032022],[78.39572354707524,21.41956763933742],[78.37147682164417,21.429607920089232],[78.34275626749393,21.42254405618534],[78.31811564756896,21.415394104086857],[78.27886376643416,21.393245833766173],[78.20043449677468,21.35082647234368],[78.14495137166722,21.330861716217935],[78.07505636460527,21.3034994796994],[77.99522810254143,21.287745707491293],[77.89514683526026,21.278033745782437],[77.83747037344163,21.26287967752668],[77.83368043587552,21.261883071608626],[77.73154228269532,21.250194494159743],[77.64163929456552,21.23825103656703],[77.58648582541143,21.231462050059314],[77.55003627326353,21.245394801347683],[77.53422294706948,21.274299853167932],[77.53323307827304,21.335469816939558],[77.54445268487684,21.394543488358728],[77.55123654084193,21.432661485596864],[77.55016024209316,21.488098307935754],[77.53676631191725,21.53990073771922],[77.499080333322,21.605446838996247],[77.45234685051578,21.621431618062537],[77.43162544136403,21.604535769384178],[77.3102850773239,21.556572574441333],[77.23429467776764,21.530849994349506],[77.19557458991486,21.53709843606386],[77.17747675984948,21.556449869329064],[77.17577628878561,21.57940897552191],[77.16797361826309,21.604359104093977],[77.15318958960287,21.60662970402677],[77.12718627988721,21.610620096396435],[77.09832646655589,21.593783534598963],[77.03444346300795,21.556346221321327],[76.98297715279377,21.528292891043407],[76.93405273564623,21.536513840256934],[76.89134987999704,21.552296921215504],[76.8568350224167,21.569890194520475],[76.81000150735952,21.583787756528366],[76.79978304733427,21.58389854532467],[76.77291238503936,21.559334171330583],[76.76427664252677,21.52119062813569],[76.76374639390288,21.47722554342753],[76.77161486885983,21.45228931071519],[76.77129174681748,21.425527869895955],[76.7585621875918,21.38551439021019],[76.71576800238833,21.391693132315183],[76.68308806187855,21.390112495639762],[76.67681217992592,21.376792366852158],[76.66802090980467,21.321435744411694],[76.63802363786266,21.285901685919733],[76.61840682574584,21.26265120417159],[76.49715063210657,21.17199546610248],[76.36965066878561,21.093142972325026],[76.36371545763188,21.112551035201587],[76.35161970833495,21.126988872624427],[76.33798025632115,21.140004039633006],[76.32201999669479,21.150168138166883],[76.24425097940377,21.17370388141844],[76.21150196568925,21.189000189033973],[76.16878319443684,21.201491368010675],[76.1390124575008,21.208148486036425],[76.11854491254594,21.23194912688955],[76.12516438946413,21.29787656824789],[76.13145012765537,21.319346717370006],[76.14384947112332,21.339340859876188],[76.15389981554495,21.352179389519534],[76.16170644798872,21.37148636556418],[76.16800682206521,21.39367160449213],[76.16805807751506,21.400124807943676],[76.16433776386319,21.413774867578827],[76.15604466330794,21.43032472395359],[76.12930752342687,21.439111960910367],[76.09560952094465,21.43933589101987],[76.06649593029341,21.438089740908524],[76.01742019822673,21.42979014675508],[75.99200698262175,21.40914696806449],[75.99018049346004,21.407785349080502],[75.9724707341899,21.432783211517467],[75.96114716680421,21.45794687212682],[75.9535851544253,21.47304910548315],[75.95134280888261,21.4816669907281],[75.94454947909158,21.497481556328072],[75.94156773090873,21.510406043926157],[75.94319745760666,21.525455746104715],[75.94944017749714,21.5426304615881],[75.95566095018066,21.556219562920482],[75.96645865961038,21.566196472085757],[75.97955286853615,21.575442052818286],[75.99725355965846,21.5853760912768],[76.03644472817257,21.59804399642537],[76.0756317421213,21.609268323524837],[76.08952479476189,21.621367905231892],[76.10269680854088,21.63920744786063],[76.109730570204,21.656369876394447],[76.11445377650632,21.672113346678636],[76.11613150397504,21.690745328731655],[76.10933118383541,21.70441486978498],[76.09941125800265,21.711651449368098],[76.07106877238206,21.718290532214162],[76.04962472210802,21.724164223300754],[76.00152292644594,21.759598105746456],[75.98625951081567,21.772596939865636],[75.97719345161282,21.794162656035528],[75.97738322635838,21.822126908736525],[75.9891140268696,21.85289046154877],[76.00624789944035,21.886488184621],[76.01943054787478,21.903616227181875],[76.05650647088252,21.929912820450514],[76.09978885057313,21.9618952960906],[76.13766880313217,21.988883995346747],[76.1532122994731,22.009568908108726],[76.16343020312105,22.036743136787532],[76.16819737514064,22.055351420836157],[76.16832699773748,22.071124648948384],[76.16458087128623,22.083340473890765],[76.15469107359486,22.097033756141997],[76.14315655144942,22.097831859592052],[76.12852158787881,22.09578254910833],[76.11232020589352,22.090157506944653],[76.09994987559915,22.08235402752333],[76.07832269182231,22.071025741124068],[76.04901239788464,22.06046092335895],[76.03362352721976,22.059841821867497],[76.00982973801611,22.06716072628721],[75.99993573638062,22.082279230312402],[75.99617972669525,22.095208772805822],[76.002623717406,22.13604012992756],[75.99815774886764,22.157578375397758],[75.992251578179,22.19346579247986],[75.99390244734967,22.209230275621447],[76.01027273491859,22.237093294037013],[76.0188325141895,22.249229184723276],[76.03123468232035,22.2599061892567],[76.05367441823034,22.273385401723147],[76.08689295771784,22.28535552917144],[76.11852462116677,22.290876628558493],[76.14010785352527,22.292160429620818],[76.15705701119053,22.292040472620748],[76.19557129003074,22.29104432539085],[76.24485081558628,22.28780591691602],[76.29343610400426,22.293161721614133],[76.31359326068196,22.306622021869956],[76.32840131764915,22.324425280251557],[76.33933946394698,22.340108187318783],[76.35575832316441,22.364347767261435],[76.37597394581775,22.382100671742652],[76.3876218955925,22.390604405722037],[76.40927161775815,22.396869563466186],[76.4254972863417,22.400311951477146],[76.4432581385997,22.403022050977885],[76.48094573578035,22.38224909116574],[76.50202102656505,22.370703677369995],[76.53581269796864,22.347684527052422],[76.54850419753575,22.333823037336852],[76.57192710671279,22.30372670710364],[76.61023168167145,22.284831273289363],[76.62235795972548,22.278736439732576],[76.63836867860188,22.275588624577146],[76.6616358357041,22.289092352312796],[76.66629885481413,22.30338207563189],[76.68476742087594,22.3444113028039],[76.68943499127407,22.358700008068023],[76.70070742503145,22.38785381955107],[76.71835776359507,22.412757145597205],[76.74386663038892,22.44892347643541],[76.76399007758278,22.464833599200734],[76.79873799550283,22.468033929914057],[76.83030516713507,22.47365220622994],[76.86258102054065,22.484034680481802],[76.87561980531554,22.497622192865872],[76.89519502258615,22.51889696426074],[76.89855611271251,22.529609265788153],[76.9064592996262,22.543254308321444],[76.91620235814541,22.55030638845319],[76.93561635100147,22.559033605509786],[76.9497875439498,22.560654269962253],[76.96131935321468,22.557527412096704],[76.98361873369933,22.542918453458014],[76.99956233758643,22.533761484738385],[77.015495089007,22.52400588780159],[77.03933146178602,22.527289345445116],[77.06785521905935,22.543051983490457],[77.09758072431678,22.552820696524872],[77.11884220233746,22.555528221376758],[77.14066421951993,22.552850043085158],[77.16632369686731,22.5489227755272],[77.20104731465581,22.549048407598512],[77.24297665119414,22.557427432048843],[77.27279304587175,22.5719391886773],[77.28713444846984,22.58368003899187],[77.30211134471269,22.59481309711408],[77.33919688957086,22.619956626003095],[77.37345587959592,22.629605503739874],[77.40760450860164,22.632679376598038],[77.4391497324882,22.6339939783169],[77.4610799233317,22.637241731337724],[77.48311822281974,22.64645627788312],[77.50586748088689,22.659239320207607],[77.52308269259291,22.685840346545305],[77.54353319062233,22.712984629349453],[77.56757465523391,22.72513984522929],[77.61947411003602,22.746390274853805],[77.63403337860336,22.767049196163043],[77.67202795845152,22.800451183284896],[77.6941633659709,22.812617066216095],[77.70837500144962,22.814764335994557],[77.7308616404007,22.81199212058347],[77.74819665806697,22.809305751613103],[77.76929686691044,22.8017757439403],[77.78769824678602,22.78831990987817],[77.80418951413046,22.77608989840131],[77.83690196035305,22.770138085259287],[77.85110987621506,22.772272839385934],[77.86684231948597,22.785722182111098],[77.8851650895529,22.79971981540034],[77.90150973506677,22.811363046093096],[77.93786487427028,22.8250242949282],[77.96313939499257,22.832316559842386],[78.00611450197638,22.824347115342494],[78.01569133507093,22.820584240141546],[78.05088115764508,22.81036270608582],[78.07123609844373,22.799226627483474],[78.08271273300446,22.794229521722908],[78.10850785057569,22.796116095842006],[78.13638401680339,22.804523475738023],[78.15665026907585,22.817851886222922],[78.17496165406656,22.830022551471657],[78.19142870178486,22.845809113833536],[78.25490455641683,22.88809352500326],[78.31003131239841,22.929926213841245],[78.36510247099156,22.968156584331197],[78.38138490367177,22.974971398552853],[78.40951940553107,22.991674927174948],[78.41801493298557,22.99626592835553],[78.43743356521908,22.9994258997364],[78.44423773397119,22.997900760816005],[78.45217579355462,22.99612106098906],[78.47837538160125,22.98719266143453],[78.50145805186644,22.982506442085022],[78.51365046547592,22.980446044281273],[78.53622581286348,22.981136809023585],[78.55570541645683,22.9866676664562],[78.57075578686414,22.995279540719654],[78.5819270250452,23.003380959821957],[78.63358426178239,23.03084358966398],[78.64366594881314,23.046125117540303],[78.64883624671366,23.07046949064726],[78.64417933449039,23.089074111448312],[78.63425182418943,23.103623553447317],[78.61408617401308,23.12790415341211],[78.610506080133,23.13221372847492],[78.60303983800398,23.14252852110491],[78.59390862781028,23.16302495055248],[78.59248367513838,23.182151806617007],[78.58968161878263,23.222194514554328],[78.58811296002547,23.235954390857223],[78.57895911531467,23.255854498036502],[78.56315726025346,23.268745109674246],[78.5266473476478,23.28031162272367],[78.50532810751108,23.280193173413988],[78.48849645937887,23.27877850755067],[78.46348855597704,23.285897360434614],[78.44899293388787,23.299942447758767],[78.44305856193968,23.320362746035737],[78.44507395415529,23.34836588270809],[78.45108812638051,23.355991045197335],[78.46350103322744,23.361087263813967],[78.4869124112999,23.366534134750196],[78.50000469733725,23.37280550313501],[78.50676335259381,23.383991756251774],[78.50720354733984,23.400690173788533],[78.5095198398969,23.41495947643356],[78.52096386569697,23.43200646681605],[78.52823154653507,23.437809345535506],[78.54592090107515,23.446358633986176],[78.55506556609481,23.449730540642292],[78.57681317325022,23.4647469213546],[78.57855687466848,23.481414182600986],[78.57587195767444,23.50176333091057],[78.57228219796404,23.512586228026752],[78.5698887616655,23.519801479686247],[78.56484388339717,23.52469076543611],[78.55213386702582,23.53333545730239],[78.53031881080555,23.540396265188452],[78.51484269131653,23.542537224759815],[78.50384638807519,23.542785569013272],[78.48051245774892,23.541519784409466],[78.46093468635651,23.535392924708034],[78.42309274939791,23.523699085504976],[78.40484370134035,23.51872888924265],[78.38408492182597,23.516794892398334],[78.36600467221294,23.518380791709394],[78.34020679027782,23.52192093774003],[78.32496717801827,23.533586648002974],[78.31679672361675,23.543309973308727],[78.30739081529923,23.5554464837669],[78.30139789505927,23.574671688835426],[78.29756920627904,23.602802864590718],[78.28681179360555,23.638839617342295],[78.2823688830877,23.642514655977376],[78.27099612612236,23.654094640085056],[78.25240898634618,23.662244784167026],[78.21681944266157,23.664182021513078],[78.20061393259171,23.66392106513258],[78.18835209240721,23.66596461093582],[78.17241988166745,23.67703523262355],[78.15862862582539,23.68903008798068],[78.16540795885402,23.701566195949898],[78.17015968551337,23.747927531219492],[78.18254170832934,23.787780540780435],[78.1983805456376,23.798912046569704],[78.22263883178839,23.81464040735836],[78.23966394846647,23.831471648290076],[78.24481296729908,23.871469007073298],[78.24106610427481,23.887781305700116],[78.2320092995146,23.899430852551525],[78.22795191949702,23.903335765710388],[78.21143660006675,23.907501531898646],[78.20525480967127,23.909540478398355],[78.19598170819485,23.912598468855755],[78.17445928481204,23.924504050785757],[78.16352660573085,23.944783509374584],[78.14735104208965,23.96326023182233],[78.13532625605622,23.981650742929798],[78.10028022099699,23.99382338514773],[78.07859833250109,23.999990524967405],[78.0548358496078,24.00619626214435],[78.018645176554,24.01455402739393],[78.00027203722884,24.029240650286713],[77.99646926970745,24.044595713856616],[77.9971570998879,24.074188260710624],[78.01211459015616,24.09108461109503],[78.01882373640625,24.111007516023157],[78.02239244845707,24.13003715621579],[78.02288666141067,24.151037595903023],[78.02331393703828,24.169174285109815],[78.02783632341036,24.184364563490348],[78.03342326406374,24.200488391923354],[78.0430842825249,24.21271048789352],[78.05887827799641,24.220033699155252],[78.08078117920314,24.221501696954228],[78.09743397904397,24.221163559386927],[78.13194296709129,24.22714161089839],[78.14738364673761,24.26215517071356],[78.14825485044703,24.2974692691973],[78.14716243433831,24.337598577108547],[78.15587473998119,24.35269604642769],[78.16421378660128,24.3752478967972],[78.22055219316552,24.361527358175238],[78.24590027749588,24.35919592450469],[78.29654567729617,24.352731318977042],[78.34304286389387,24.337390513190318],[78.39314610445271,24.311214570052428],[78.42975714709495,24.292489757243946],[78.49655325075904,24.273542292208848],[78.5226781115097,24.276757200413677],[78.55430446914676,24.253108278434162],[78.57335465711273,24.22688591078769],[78.6062410915529,24.21179010568925],[78.63517564274082,24.20441917849446],[78.67806319549464,24.175705707494462],[78.6960918946671,24.15140500219975],[78.70607444245377,24.136844135664063],[78.73815777934425,24.131288196534577],[78.76029136428478,24.141243760356545],[78.80726174446337,24.146759302805247],[78.84029370010494,24.13829484871354],[78.86119409936288,24.141584696106197],[78.8681487181894,24.165269420185876],[78.87259335222763,24.209060560418326],[78.8976219345764,24.279047903045164],[78.90682175218166,24.307443478546844],[78.91582106559243,24.32916244536007],[78.97324142106892,24.36679614088546],[78.99469099352692,24.38627251078048],[79.0327767044131,24.404347942114647],[79.07323001471325,24.398492068684888],[79.09009895339922,24.372271775537317],[79.09135155878563,24.346472982893427],[79.08418895842621,24.318038403711437],[79.0675771230298,24.28699390779373],[79.06529107962223,24.247929581191737],[79.06212011215572,24.21366005630283],[79.0436326971766,24.18838659076123],[79.01713766683964,24.17286473992793],[78.99566671337338,24.15147979562796],[78.9907982221005,24.12870301157555],[78.99637982151677,24.1075611969819],[79.01448360323457,24.087999248310734],[79.04516361270151,24.071920413291252],[79.09574523974902,24.061029665665355],[79.19979002768368,24.06488427937413],[79.22541086648609,24.071248413320358],[79.23436472900491,24.073471313519192],[79.2745143699466,24.093343426969998],[79.2953581919599,24.12615183010624],[79.31990846604263,24.17602447089034],[79.32209807977802,24.240839574963925],[79.32403651304729,24.29802875941678],[79.34291890484991,24.3327891296978],[79.3558586281264,24.34577415696755],[79.37920493859372,24.35845700372008],[79.42437143412414,24.369545131235274],[79.47820144520706,24.360329808229878],[79.5287302728017,24.346425417690458],[79.56097161382945,24.34545743755667],[79.61823862923949,24.374243225596853],[79.65735322561564,24.39021175670963],[79.68734334807543,24.384516000691843],[79.70246776116693,24.343035578571097],[79.7193102143966,24.2919640116839],[79.6987521700368,24.185782970249818],[79.6702219205183,24.144695521860353],[79.65433908435726,24.107983860573757],[79.65282208269602,24.06606320122645],[79.65887926087196,24.03249581990546],[79.67613538750282,23.992864002877667],[79.71072817273263,23.94506943139972],[79.7390036380138,23.866946129325388],[79.75756974213041,23.8358536389811],[79.77768733159859,23.819017181368345],[79.79397387371796,23.810881160590018],[79.80546371704025,23.809308570740956],[79.8300693102226,23.805937908511407],[79.84727150543132,23.822562320260218],[79.88490339376557,23.85856175283229],[79.91237826523773,23.899642363506114],[79.94986972751717,23.930857220484068],[79.97524740389176,23.943384555105776],[79.98353645882868,23.943115169218228],[80.00840288913022,23.9423043448423],[80.05632086900637,23.947404407752988],[80.13944864591328,23.97705129098104],[80.1808165016285,23.973749781948136],[80.24661730858931,23.95911615482211],[80.311440227171,23.946396229691228],[80.36792212197948,23.93298973770973],[80.37098885504123,23.931929159489183],[80.39794817551459,23.931934740809414],[80.43506361666124,23.951589116370073],[80.46215554812076,23.979214904079853],[80.49726176573397,23.999875359648783],[80.5322965753319,24.018622754755608],[80.5676773078717,24.0211488829553],[80.6154862143275,24.023210050814185],[80.66764513250156,24.029858317692838],[80.69213748499229,24.044191154156888],[80.73678134172337,24.068242323735003],[80.75507174127665,24.082795956969285],[80.77660258702699,24.100081861093788],[80.81316360962445,24.105359313667005],[80.83453007127534,24.095968989417205],[80.85584523297203,24.062764007082208],[80.86848325794071,24.044179761795277],[80.86584522686232,24.009036812983975],[80.84087378602288,23.984274078793117],[80.80163787589605,23.964810426657678],[80.78173310719431,23.936984646537812],[80.77554082694363,23.914354672896494],[80.77382809118791,23.7124563632378],[80.76441883989375,23.66326977788904],[80.73851233410898,23.6385117245156],[80.70448236891772,23.640724022939416],[80.65991216981055,23.66237089155919],[80.60809397759535,23.684270469171135],[80.57933069221026,23.689124181230348],[80.5444714425781,23.67227493762994],[80.47608966384514,23.59561675894049],[80.3912566970372,23.544268250614643],[80.3793039029779,23.504653366100808],[80.38126301779033,23.4512124200853],[80.40187848121329,23.424765146765154],[80.42320639231757,23.3906671735888],[80.44208452653928,23.378900985239184],[80.46045452904235,23.367447713513123],[80.52336968523318,23.36618568454056],[80.5589293039315,23.377310193230674],[80.58093358382212,23.385100028719496],[80.61850615183184,23.370410698809653],[80.62998647985631,23.349034675368834],[80.60430830134928,23.253721360469502],[80.61324743832547,23.221004631072514],[80.64174956813696,23.212358749607176],[80.67702683328187,23.217754531277365],[80.71374059774462,23.23261666357075],[80.72612216097835,23.25693496898071],[80.74830856763842,23.293276347644902],[80.76906669581845,23.320138771828034],[80.80878200624295,23.332003295963933],[80.83411253843556,23.32153288818042],[80.84736095671688,23.294365471699617],[80.85733729178975,23.239696233729514],[80.86764362193632,23.192635722531445],[80.8815730043266,23.15782295988865],[80.89815320455907,23.16005847724219],[80.91905692232201,23.16689156459289],[80.97346469826327,23.185783380409333],[80.99403399028324,23.184998609408105],[81.03825593665952,23.160446172313645],[81.08048990211728,23.13786541218384],[81.10921833711807,23.112944355309114],[81.10239906404672,23.076071147814698],[81.06506989009421,23.0470403680135],[81.02879288419884,22.995101260938682],[81.02265527597193,22.949622558186874],[81.0560823328043,22.892158963395953],[81.10452202460544,22.872206457361447],[81.16773336533988,22.861189298440138],[81.26186543370918,22.852738505391873],[81.30913292094961,22.830872724696313],[81.33762504656161,22.803082363867844],[81.36084985159155,22.77264409487983],[81.39568788469025,22.749352985844496],[81.44600871642419,22.728285630448884],[81.50517751861356,22.721119918308677],[81.53914742003508,22.723535026852574],[81.59640787392003,22.698333908752065],[81.62813762066665,22.697016949029866],[81.63701508393744,22.710920668568168],[81.64900274731946,22.74657904029676],[81.65685644649,22.781457101613732],[81.6711411792717,22.821772832194075],[81.6830616407277,22.85552495858226],[81.68897816735146,22.871450622698653],[81.7006706483355,22.879519561556553],[81.74458967300568,22.874800248920618],[81.77329684665445,22.85335798739149],[81.79524176224622,22.855985808211166],[81.82326083164925,22.877374934825983],[81.82627092088936,22.911729893150344],[81.83232620468767,22.95546581386161],[81.84065228233341,22.99315675242766],[81.85411351914072,23.030622970696566],[81.87424887115542,23.047581074240192],[81.9040987275469,23.053408389443824],[81.94805095357685,23.05860713371308],[81.98577852679709,23.067635893085797],[82.03713392183172,23.091498930372396],[82.06930684267188,23.092431961396088],[82.09441249588279,23.056828769080504],[82.11088250913856,23.003784977487072],[82.12381590393835,22.95684497207486],[82.13134266290379,22.92916737772174],[82.13871374260566,22.874159934237746],[82.14542823632631,22.831068753937853],[82.17366492488875,22.758482869054177],[82.2094604101361,22.756862328450705],[82.27967254801592,22.800004160362224],[82.30005687090495,22.8216443678754],[82.34295558506656,22.856496507770423],[82.36214405927254,22.879368364215896],[82.38671454256465,22.90673749137624],[82.43079086600711,22.91536305737226],[82.47884690174531,22.879832452196215],[82.48458740701852,22.86768153596213],[82.48622220468692,22.780885906102583],[82.49113880468019,22.70700382189805],[82.53682335772505,22.676338183492966],[82.61236306462048,22.65374176764288],[82.704717998933,22.63505243493719],[82.74258868023205,22.626092976276286],[82.84964437927223,22.59711446828739],[83.04527549404911,22.55414102401103],[83.06448196692425,22.532998110262096],[83.0387302081251,22.485636945120508],[83.01888625394503,22.429664621520107],[83.00576824944355,22.37928567377582],[82.98898507173472,22.33145922754686],[82.98990186003581,22.302929156979694],[83.02130175873589,22.227788890108044],[83.01658107140113,22.167497098332554],[82.99503283834815,22.124649882661323],[82.97330073013013,22.07824514896415],[82.96395105762029,22.034924178556384],[82.95607250693148,21.998381239326683],[82.96062463522,21.966113381565332],[82.97833498193556,21.918961874904337],[82.99488474561649,21.902559835356897],[83.00604393430564,21.89149783254851],[83.04154960794806,21.889756102388596],[83.08433132857272,21.904259603513133],[83.1000305476836,21.934333247237674],[83.12422942480099,21.97940544662741],[83.13775234744031,22.015512451128096],[83.16839849414706,22.06143532126806],[83.20058367153439,22.133370150675646],[83.22181880728552,22.191611761158576],[83.24450542009588,22.23079140399126],[83.27080960325661,22.266220527946214],[83.31972380207799,22.274380549267434],[83.3996262845084,22.289213921377037],[83.4809949161401,22.2861378629953],[83.53169370033193,22.26093340309914],[83.55810718768102,22.234635681314398],[83.5767913181164,22.18622077704338],[83.59861671873169,22.1684641906284],[83.6039462255305,22.15158370436955],[83.59485881307495,22.107016541861242],[83.58621374147677,22.06953743868354],[83.58446419189164,22.019837618420908],[83.59113114360014,21.98095657110693],[83.57380157908268,21.967643224588205],[83.50517563472854,21.989024934585412],[83.48355873714596,21.98896673659449],[83.46334418362696,21.94851591099394],[83.47291507248673,21.917189220288712],[83.48529887764755,21.89046013142591],[83.4857901537145,21.856048700201967],[83.48923769177206,21.8285985971906],[83.51328921132072,21.80600866461187],[83.539092226537,21.791625180936467],[83.55300685050904,21.769560170390044],[83.56887281359143,21.741842310640678],[83.58517804269584,21.713348837856405],[83.60794151728429,21.712159043172953],[83.65973303182018,21.72959040905639],[83.69509236171105,21.747872309551106],[83.74885080027258,21.755683228157668],[83.78945714246254,21.75588422548741],[83.8445739548534,21.744629650154003],[83.88458261341852,21.735361091197074],[83.92619989865781,21.752059650683183],[83.96194796957062,21.776173032218253],[83.99830187513719,21.789580992215562],[84.03354080388229,21.78527352114682],[84.06446020247994,21.77290717364527],[84.10547881370586,21.759976060211972],[84.12681988461199,21.77655325974104],[84.13694545607117,21.796120513360048],[84.13760497667896,21.819472708165396],[84.13794789775838,21.831590572210974],[84.13404927824224,21.86970323682919],[84.12962182241313,21.89955660273922],[84.13106293846056,21.921976490859343],[84.15656759350023,21.96317688463861],[84.18696016115153,21.981594720954604],[84.26170882170004,21.998667511908074],[84.30661861201871,21.986632050831467],[84.34686671714212,21.961832861203312],[84.38781569566953,21.92870185964052],[84.40709711507027,21.913386964412464],[84.43246736233404,21.87523250115628],[84.43911970343851,21.841710670150277],[84.44042535921534,21.78482914986212],[84.45093926041491,21.675348732423416],[84.47280582566594,21.64214028461634],[84.5130275594678,21.59959117663579],[84.5558898492274,21.57818270749928],[84.6269982859453,21.563402645356028],[84.69351173307615,21.537037600374422],[84.79050217339827,21.494660725765065],[84.84461133335904,21.491449550041498],[84.892687379264,21.45547960488662],[84.91797298712976,21.437417522809373],[84.95401227132025,21.42134861680012],[84.94846658514776,21.39845939450122],[84.9352257518722,21.370882695524728],[84.91680517853867,21.341248132525642],[84.88479441901538,21.297048003119265],[84.82461747035758,21.246219489500188],[84.78873473187225,21.218766486341487],[84.75898836084241,21.188578558990333],[84.75178107844236,21.155888679386795],[84.74889082005089,21.13122436596199],[84.74749168244982,21.11002073977014],[84.74933106818477,21.06143214642461],[84.74762735941954,21.03551640944235],[84.73737605673362,21.01364220200898],[84.7234210305249,21.012083015770934],[84.70946580057281,21.01052254187969],[84.65796305736136,21.051328562237945],[84.65709157005462,21.057292151293055],[84.63324070531637,21.05865950764935],[84.61003233753014,21.050524091983608],[84.58781391282066,21.0186703953737],[84.57256430414088,20.997061822998234],[84.54617637424624,20.978446687478964],[84.50834917009303,20.95810332694458],[84.38458376657856,20.91295496515607],[84.3482602245989,20.89602930624095],[84.32272373615358,20.870215417716462],[84.29608782709607,20.846822238040616],[84.27300580723264,20.819677325862173],[84.22698858090523,20.787853403193395],[84.19880948628027,20.779908561048973],[84.19821830398186,20.78002254369467],[84.13908331189424,20.791413511666686],[84.11957608485687,20.801932235013314],[84.07230642951875,20.811564786119817],[84.05778646613186,20.800497083570956],[84.04158786597257,20.782411376257553],[84.02419250359625,20.744254137970202],[84.02451546898928,20.707525656994278],[84.02415040284815,20.68030760050165],[84.0214099019453,20.634267210400623],[84.01130026813887,20.61229871100914],[83.99785240911228,20.59760952070967],[83.9825968414237,20.59485620966783],[83.97131186185749,20.595446766113326],[83.95417381965791,20.60344851382967],[83.91779805525373,20.626664556476953],[83.87262652005221,20.650332253181507],[83.83427899820002,20.66179288614521],[83.78364466867765,20.678617017765678],[83.75233053720564,20.681407207896537],[83.70031368447123,20.674581192877163],[83.64351830578441,20.650201655224443],[83.6387431221208,20.632665297807293],[83.63764854712956,20.591240240787535],[83.65069533109613,20.55502996922413],[83.6669850579054,20.5316932452473],[83.67137965527071,20.49829039246236],[83.6704423044777,20.48174686936074],[83.66086220771844,20.468007525784632],[83.65128413369222,20.454267030957563],[83.6354391700857,20.440838938802017],[83.60356282080016,20.432948195260725],[83.55828990304146,20.43282606302279],[83.47967148372683,20.443815082669953],[83.46680180817657,20.438518763270736],[83.45973027695558,20.432081614063602],[83.44826503271243,20.421642699015287],[83.45554920278447,20.394019176231986],[83.47431130095701,20.36939177327552],[83.5404588235819,20.29265341144775],[83.55669222923655,20.268149205752305],[83.57191527061107,20.256843096435272],[83.57720166487488,20.25291635214793],[83.59097857635136,20.25223688175707],[83.61127935789887,20.255974268304776],[83.62307679649928,20.264871046272358],[83.63876469966405,20.275943521878023],[83.6604524301984,20.281974813032654],[83.68550005068924,20.280725021407115],[83.70362017802857,20.267969331501696],[83.71290633476632,20.25447035611969],[83.72686625607741,20.23481283768801],[83.73773327509926,20.227158837846535],[83.75505707468116,20.22273455158225],[83.78607902074542,20.216433868231373],[83.8084038480488,20.211752735339825],[83.82650263337734,20.198990800382838],[83.83997230325971,20.17106297869712],[83.84653820510393,20.154146447681107],[83.84664912317668,20.134003321556264],[83.83227089396073,20.101561844193718],[83.80954860703683,20.076644743151412],[83.72669465160104,19.984819006354776],[83.69657540900668,19.96142762561548],[83.6710587866323,19.95320616316992],[83.65343160552989,19.951702830455485],[83.63132258554384,19.959897540094776],[83.60828337934323,19.974061138036163],[83.59629829784352,19.984127856023164],[83.58043137142978,19.99201326656083],[83.55423658376672,19.994474138710522],[83.53403562082346,19.991899408942622],[83.50236037450547,19.9626135626761],[83.4910191363253,19.93826750579326],[83.4642847185393,19.883837006336076],[83.46115258418206,19.872132538774935],[83.44845321661923,19.84547387740192],[83.43901318185226,19.83288370997463],[83.41345594094766,19.823429454900086],[83.36372104193173,19.806812972589707],[83.35348199572599,19.778839118987822],[83.38073043520924,19.725388280327127],[83.38966545825191,19.704812343860464],[83.39048729318806,19.672762982234772],[83.38587453755777,19.656381696657416],[83.36192191810875,19.62905007863796],[83.33797814867296,19.601712229174378],[83.33442586030596,19.53310751859466],[83.32952308024072,19.510806894261638],[83.28625752503305,19.496206856291156],[83.2482878081314,19.487280261156407],[83.2088316369822,19.473668011603536],[83.19290282444473,19.45541779552013],[83.18380560004616,19.423808689047302],[83.18296720244545,19.382335896186532],[83.1988748613993,19.350779168628083],[83.2201211075718,19.32609648083141],[83.26670233148263,19.308560563326775],[83.28384761413558,19.301848781689035],[83.29516715701251,19.27880198538816],[83.29515423557305,19.253902004159368],[83.27877292236242,19.226190705272565],[83.25516437615708,19.203547253328914],[83.24994434669233,19.174137941425336],[83.24941212724237,19.13858701452077],[83.26150680373769,19.106023555813945],[83.25049296867137,19.06027385296591],[83.22508952796505,19.025839773923007],[83.18453765404894,18.987330061865727],[83.15719557320901,18.96363878760585],[83.12523182756063,18.94726128416811],[83.09147390918892,18.945188891839333],[83.03799226543897,18.973628941076807],[83.00015597936516,18.990701064371002],[82.97419428213912,19.02149019256206],[82.94596029043092,19.057123299192185],[82.92881188259088,19.089902979635667],[82.91828505837051,19.13070276242905],[82.91177505730013,19.151157119576514],[82.90056352252749,19.17774867291871],[82.89167224157687,19.20068022832128],[82.88107837846204,19.214192368093062],[82.86130223358181,19.218607432090426],[82.83262719698065,19.21984334813906],[82.82140593143582,19.220325766269536],[82.76648557952483,19.221489966919712],[82.75694183566867,19.257505932222905],[82.74933107619293,19.28157034227588],[82.73667237979909,19.304663496624766],[82.71533133946627,19.329313774118198],[82.68463275349701,19.341302373083757],[82.67731099213854,19.34517431221857],[82.65323573842407,19.365188632173975],[82.63697954671908,19.391994873726873],[82.61353204583236,19.452349196780567],[82.5802154226821,19.48937447128561],[82.56518954688045,19.516129722641804],[82.5544648451828,19.554578768873892],[82.55607598757157,19.58894677977026],[82.55769053295822,19.623314532155323],[82.55936433687212,19.65886710689478],[82.56457147198019,19.689520067280565],[82.56563595510039,19.712036205167617],[82.56393422003642,19.71881127665413],[82.561415307932,19.728839471965095],[82.53989500936427,19.751126278580056],[82.48253349760368,19.758296960949128],[82.45112272138499,19.75723933727849],[82.41160644483033,19.770766747458865],[82.37725520347414,19.78763636649965],[82.33559714914125,19.809554759125714],[82.28455289658272,19.846108242481144],[82.23992175210304,19.85862863187443],[82.22128180932314,19.86295328926381],[82.19026529763502,19.871343406008528],[82.16441978402266,19.883084667744523],[82.1254156947167,19.909613469296083],[82.108816660266,19.931672205166787],[82.08714186960849,19.952745889109316],[82.06655670667925,19.970209333886654],[81.9965021146718,20.00628129364392],[81.97903325461839,20.00935109198879],[81.95021198481524,20.011678643459692],[81.9248939313938,20.007920170668413],[81.90669275309324,19.99436865801331],[81.88400361605872,19.964345794012257],[81.87569722168153,19.946836550116796],[81.87299803821263,19.91365350929284],[81.87485673371546,19.89956246372486],[81.87678110571366,19.88497418948962],[81.88244151201805,19.87718882089298],[81.89456862377511,19.86050674534317],[81.92630173948983,19.83906171709032],[81.95692705552626,19.821222590657623],[81.99250696147675,19.801996462526503],[82.08734005818809,19.760211701691368],[82.10523850136184,19.739295832856637],[82.12495126232652,19.702858436976097],[82.12781150545193,19.68254245650384],[82.13019763236946,19.651550560269825],[82.126798721307,19.631484242365765],[82.11291501562316,19.601138856844774],[82.08918193948301,19.57474545931318],[82.0590440339175,19.545033091987676],[82.04758373901784,19.512205146415692],[82.06615409837833,19.478200422051092],[82.08571032187471,19.438215207690106],[82.11760104360498,19.422700708721614],[82.1474527921903,19.417957302016895],[82.17860357753494,19.414345956337804],[82.19297602214668,19.39951619909679],[82.19895631419462,19.364821199810493],[82.19311744811668,19.317525964094916],[82.18317956176611,19.233557652275124],[82.1816775289185,19.199159220371843],[82.16400257771728,19.16658382926125],[82.15548408513158,19.143152809157662],[82.17250796435665,19.103275056819882],[82.19809256351449,19.088013706047334],[82.20263071118484,19.048626795960672],[82.20098624009444,19.010670772441735],[82.20219785854562,18.980919929713533],[82.2117784994055,18.942525397313474],[82.22275747037202,18.90764135184555],[82.22002880135355,18.87329335190787],[82.19876999022294,18.843230062688384],[82.14703283285465,18.8297854766738],[82.14103112244142,18.776545506141584],[82.1490861987352,18.731083237162483],[82.15032330301449,18.701330184810757],[82.1418540531707,18.67788987749617],[82.1260698695495,18.65829231685582],[82.10705216449365,18.650698280321468],[82.07419614240631,18.640060532847077],[82.01017557828871,18.62939696702404],[81.97473734640857,18.616457891018594],[81.94035389553825,18.598716772483584],[81.92459769210316,18.579091949723736],[81.91119046691776,18.555812220423142],[81.9128635407211,18.535542813014633],[81.92468238059949,18.519655168609106],[81.955641289337,18.514947412974667],[81.98425393785496,18.51388767890467],[82.01037683893358,18.51291636623259],[82.02213491519669,18.495839379318035],[82.02235859540737,18.470873159181743],[82.01908009245304,18.421079292810777],[81.9891854324846,18.390096816869264],[81.96370049248559,18.375584590863717],[81.91856808588061,18.36772915901884],[81.87702387152383,18.35616512960665],[81.8311904553597,18.33047848596745],[81.81308669355037,18.313295798124766],[81.8090631923541,18.274206637131083],[81.8014099993168,18.237624222807835],[81.78704356102502,18.188201041740733],[81.7606379520369,18.14871153973633],[81.72499519010692,18.12737462850708],[81.68507123608077,18.12401454108463],[81.65131111108181,18.119242659383303],[81.60601409444129,18.105347536008225],[81.58786748825335,18.085752870675194],[81.58041327340085,18.052707086497882],[81.58201035926231,17.99556483580432],[81.58556026990887,17.95738557049738],[81.58565365779835,17.926460195758242],[81.57556007807781,17.8887446351085],[81.55500942954842,17.87041034758435],[81.53476796240976,17.860388097471805],[81.50895904593135,17.833897163414388],[81.49114974577135,17.78810216522344],[81.47566612583286,17.771963880221378],[81.44171340340446,17.76000256671916],[81.4084856767763,17.768234195117813],[81.38915096222526,17.783144489051587],[81.36989743790997,17.800430551226352],[81.35059783013507,17.816527483659947],[81.31238756764178,17.824909162693302],[81.29484817985306,17.820717804576617],[81.25583975318908,17.806506148003617],[81.23763879954024,17.783290353917078],[81.22093119704031,17.7671639657081],[81.18561775627919,17.751625336446462],[81.16163720052666,17.740482109420196],[81.13182138031972,17.740229604081765],[81.1281399678658,17.741535229487866],[81.10549741335409,17.76961876386091],[81.1055136455241,17.806514905752195],[81.1066110675098,17.838616268108392],[81.1191304060946,17.877499180437223],[81.12644421972756,17.909403366332523],[81.13152504342733,17.94851834293983],[81.12737900613936,17.97245323569258],[81.12041870950983,17.986956060462933],[81.10587916100839,17.998128204363795],[81.08135558108333,18.008424409159428],[81.05674672355961,18.016340274475887],[81.03089187018456,18.024292509670698],[80.99400828972392,18.037346782975355],[80.98234453722458,18.06032755953693],[80.97974632188246,18.093740716709895],[80.98224564771172,18.130566576991665],[80.97974860207634,18.20326156543513],[80.9419445205527,18.22705988636764],[80.92476355452702,18.234736881939256],[80.89609667011001,18.234433717914282],[80.87722590923697,18.2290623904181],[80.87091241741025,18.221403063542205],[80.85904147231219,18.20699864694717],[80.85081738442366,18.18462776870681],[80.84054423370613,18.175416034292816],[80.81537951585311,18.167846834462097],[80.80169123386901,18.168261900501726],[80.78033950707821,18.162953441176985],[80.75089716694013,18.138831729069178],[80.73534296977417,18.1202435199635],[80.71687850873248,18.088639929386805],[80.71696300600688,18.08533219683826],[80.68511815048926,18.095601608252913],[80.62748323101249,18.115877704961264],[80.57042024088905,18.15470471869522],[80.5567062524623,18.193696367672406],[80.53057953920678,18.218753773135273],[80.4972420131477,18.252594151499398],[80.47340231582815,18.30331381149682],[80.44840530012651,18.412680660104357],[80.42923639798119,18.433139051905965],[80.41866575930779,18.44441841108638],[80.39333101760958,18.471444893606392],[80.35447026178456,18.522592489366584],[80.3268608537612,18.55054151015009],[80.2621012833026,18.585768279313605],[80.25755766437284,18.588238611074626],[80.23834235622334,18.597355088525912],[80.17575181355873,18.610530626307156],[80.12685138472906,18.630464633354556],[80.06444318654543,18.650753596268057],[80.02788848967882,18.683205740361785],[79.99446243886506,18.771356551567028],[79.99570610042699,18.78195883769814],[79.99847795792778,18.80557893374718],[79.99746819192818,18.872835611162092],[79.97746411980498,18.907703969953864],[79.93282944830456,18.923202786015437],[79.91572750928728,18.955129719437746],[79.92325213333743,19.006428931763672],[79.93796217294039,19.046090141213092],[79.94967444928943,19.085829462936807],[79.9602757581029,19.13847113330675],[79.9984051728023,19.16732887089894],[79.75470259060661,19.57601701664136]],[[79.21162217572699,20.486760455412004],[79.21150178871662,20.48668705674054],[79.1724880384196,20.462891909625565],[79.21162217572699,20.486760455412004]],[[82.7003480586302,21.455039106192746],[82.9003420894439,21.467684948515597],[82.97847000221145,21.830779639183287],[82.98874265760045,21.828033232691485],[82.97847006576077,21.830779934524898],[82.96920489243091,21.83325667717249],[82.97846987276621,21.830779673790627],[82.7003480586302,21.455039106192746]],[[79.56787482146476,20.54834024662812],[79.55220891877823,20.5487533428085],[79.54763324457186,20.548873731686133],[79.56787482146476,20.54834024662812]]]}},{"type":"Feature","properties":{"state_name":"Coorg","id":10},"geometry":{"type":"Polygon","coordinates":[[[75.96678693833378,12.814373861002892],[75.96665028647728,12.77849008879687],[75.96655487729531,12.753371389438556],[75.9700673224209,12.715679900790352],[75.97364052459844,12.694136133936688],[75.98443976516786,12.651035004886669],[76.01909080752901,12.63475682400952],[76.05742035428499,12.625636660181826],[76.0884091970845,12.609364504047697],[76.1010969564986,12.58598830343248],[76.10275525074846,12.546509655593955],[76.10794339214351,12.478309539526773],[76.12234169351292,12.429807248875521],[76.15856570268927,12.365064801940166],[76.18382567746058,12.300366431451312],[76.18721758240274,12.242938519206332],[76.16891297468091,12.2286636040098],[76.15251195129716,12.23232121258852],[76.10877076987859,12.241472180519292],[76.05039628552747,12.24170159056699],[76.03392243837897,12.227410067050911],[76.00212249646829,12.210763026035186],[75.98761032076631,12.22103879842276],[75.96329735308885,12.22351738009655],[75.93289479211265,12.223622161379533],[75.90127583595275,12.223727570786076],[75.85506299925771,12.223875095277597],[75.81129646571709,12.22879260390915],[75.7845688405209,12.23844011290651],[75.75785961809358,12.255262574250855],[75.69595000320761,12.302080784730938],[75.6266833749225,12.334547697173745],[75.58780200577762,12.358559841244544],[75.55743961311163,12.386138204141943],[75.51857958715397,12.428085193005174],[75.49062519090465,12.449670471131553],[75.45900768990049,12.467670368417197],[75.41763847682162,12.480896777946706],[75.37869464364778,12.490524659630225],[75.3556083614447,12.524052553660704],[75.3422427515712,12.545603314256539],[75.34179533858189,12.556023878000444],[75.34106126520383,12.573119695253542],[75.33987487739545,12.59704714026316],[75.3277361152787,12.629362273820641],[75.29853829088896,12.661696526758739],[75.29857172625833,12.690407524492166],[75.30225952954449,12.717918029539266],[75.31446281209959,12.73225928027743],[75.33397023932825,12.73941310198541],[75.36078071968889,12.73937791521497],[75.38636340543128,12.73336041901879],[75.40463136649805,12.726155478568744],[75.4302095582193,12.71893754060572],[75.44970630782349,12.718905181181498],[75.48143353591637,12.742774748903734],[75.48756342748898,12.761903712257498],[75.49496909107503,12.809740243136469],[75.49867780951784,12.836050823439876],[75.52316130637068,12.885049313938726],[75.55981557112814,12.91846812690939],[75.58558872466658,12.950821340057452],[75.6232764747037,12.906922792207412],[75.66707069819674,12.867339626521902],[75.69450289242192,12.86726840588331],[75.70913332770714,12.867229248327423],[75.73669640320576,12.912010720059754],[75.7552469820608,12.998083346959236],[75.76271411399075,13.046506841571158],[75.7719871923226,13.0859531030319],[75.84896052049281,13.114419047261807],[75.86540407254954,13.105393245346875],[75.89820952992952,13.065808478918418],[75.89241707535946,12.981500314889814],[75.90882435487724,12.965295542011404],[75.97451569220011,12.92199738528139],[75.9854057616124,12.900426251085184],[75.97063626967802,12.864597465083994],[75.96678693833378,12.814373861002892]]]}},{"type":"Feature","properties":{"state_name":"Daman","id":11},"geometry":{"type":"Polygon","coordinates":[[[73.1546310037016,20.106059210443014],[73.10599180130363,20.111279448099513],[73.06026249301996,20.126555541439675],[73.0357244824967,20.146358444915524],[72.97101831171447,20.218751461604445],[72.95847503445928,20.248716720311066],[72.95046560816095,20.280167582812318],[72.94845535746245,20.31742350974772],[72.96849273433277,20.34350995761716],[73.02632499880536,20.32967134786802],[73.05088016479839,20.323157170448663],[73.06089558069203,20.320499031048243],[73.16528310406747,20.233675521069],[73.21877204213428,20.16156999662904],[73.17881708831422,20.11491461091666],[73.1546310037016,20.106059210443014]]]}},{"type":"Feature","properties":{"state_name":"Goa","id":12},"geometry":{"type":"Polygon","coordinates":[[[73.94676844193636,15.220047036834636],[73.94815911989106,15.22651732632409],[73.95331085693925,15.250483386653745],[73.94233792487805,15.269694761663024],[73.93795970027985,15.273208647235426],[73.93489469929288,15.275668436928699],[73.93765538867099,15.276352345779053],[73.94034177735128,15.277017811649596],[73.94324089914122,15.288511912154368],[73.93523690728087,15.310185374334495],[73.92658215849984,15.333615066957732],[73.92525120959569,15.337217598272757],[73.9029054587086,15.368679434242312],[73.87764838677803,15.39007879345503],[73.85536033640551,15.408620241973512],[73.84276495568756,15.414648176947278],[73.84941147486335,15.4147723356477],[73.8586310938178,15.416869500046648],[73.88432933222997,15.422712806560744],[73.8862153828756,15.424868151004986],[73.89189013874807,15.43135281019431],[73.88341950520385,15.453038904161678],[73.88067358084058,15.45494022946386],[73.88412093353604,15.455409764919658],[73.90231400745323,15.457886778303351],[73.91090733803775,15.465104249817987],[73.90468250923273,15.476434066903245],[73.89844747522007,15.489557363599893],[73.87861380143269,15.508591004058426],[73.84146598815693,15.535305202441762],[73.79440212532246,15.568535290562108],[73.787564861055,15.577466173505849],[73.78556870219474,15.581109392115275],[73.78070582485228,15.589984034186326],[73.7787774879617,15.6031269579848],[73.77866422051866,15.622258844378239],[73.77852951230439,15.644977915243995],[73.77842656022753,15.662316121081487],[73.77398579251341,15.682619469880182],[73.75899028752697,15.713026942934507],[73.7489012945638,15.726994310003361],[73.74586713455975,15.731194353604456],[73.73533302450308,15.745774435718786],[73.70364934784916,15.777275340605371],[73.70133601916027,15.780506381715858],[73.68745082520174,15.799897053773098],[73.68306287581707,15.810034161235246],[73.69581935290395,15.842993641245124],[73.6988115405078,15.857958198133327],[73.69197979877482,15.872100599483316],[73.68952856183188,15.877174323063977],[73.70352596006148,15.878307099495853],[73.71984514675682,15.882946011692958],[73.72306241646741,15.883860389655938],[73.76686670850931,15.893082704401257],[73.78102851057372,15.900935425872342],[73.79084528531841,15.91235026827781],[73.80371353614534,15.930358334443962],[73.81842734795758,15.950169518175212],[73.82702301660805,15.959782597233133],[73.83935168784464,15.96523035050345],[73.84799687886753,15.966472554135832],[73.8684213934781,15.961199879030245],[73.87771463432306,15.95706327511376],[73.90308462941823,15.951215012043146],[73.91359016687781,15.951268238747668],[73.92780360388588,15.951339436407597],[73.9352193385368,15.951376210968442],[73.95134898199456,15.939497232301393],[73.9569537420067,15.931153739850595],[73.96691692450163,15.916253988375836],[73.98930694285347,15.887062248822762],[74.01346790752969,15.87342171889398],[74.0419695192978,15.85561208649518],[74.05371711818337,15.853272020205653],[74.06917888695527,15.84915350658777],[74.09018315890205,15.848644775263077],[74.10253177732103,15.849892129029149],[74.11485451395957,15.857118017715356],[74.14445496380203,15.869195694741338],[74.15245843232069,15.875804494640736],[74.16663805807447,15.883034839555604],[74.18707261335051,15.89048224655447],[74.18772074275587,15.884446455484115],[74.2144745747083,15.868041979893931],[74.24043724981345,15.863829394253276],[74.2664637956428,15.841675273796115],[74.29694159875244,15.816662025011293],[74.31034800890833,15.797331108205075],[74.32080925579349,15.771532061835613],[74.32608143284462,15.745716376774153],[74.33214440349657,15.704116527481686],[74.3440881747265,15.675450135617297],[74.36049851316133,15.638185143091338],[74.36803563087244,15.595152676681058],[74.3867446225659,15.52775335637987],[74.39427976026415,15.4818489062372],[74.39510306447589,15.453147774039001],[74.39149996706352,15.420128950899732],[74.38343469696501,15.395708750758368],[74.37092948686085,15.372710951166157],[74.3569479646401,15.349708246546923],[74.33709260507656,15.314488392270823],[74.32533173100036,15.292925604107413],[74.31803162339585,15.264199988771786],[74.31737815523039,15.237647211612265],[74.31744984335715,15.215402126662637],[74.31535317757836,15.178080966728766],[74.30728857102069,15.158681313821475],[74.29626327138601,15.141424969907677],[74.27120458477702,15.124123323058111],[74.23138011878248,15.10605177869742],[74.21222893587847,15.091634244891166],[74.19462217334224,15.059998691361765],[74.18362732571097,15.038431929118424],[74.16161324118667,15.003190310754283],[74.1447645370888,14.970118964745941],[74.14183101062044,14.963138237524497],[74.1332599932182,14.944783357503109],[74.12952768756998,14.948916906883168],[74.10159728753034,14.96667197310589],[74.09474563899057,14.97102649444555],[74.07254003831424,14.985288664819583],[74.06064471501726,15.004614212350956],[74.05211943987877,15.015564807272122],[74.04950771186651,15.018919231685238],[74.04551996193305,15.020956847713467],[74.02582735218574,15.031017518717912],[74.01176293456581,15.03884989739056],[73.99103533117132,15.050239580666622],[73.97844870436899,15.057358758901437],[73.9687873241818,15.070230850109747],[73.96792959168292,15.07187838831146],[73.95313255261279,15.100295771556834],[73.93450782859644,15.132497883320971],[73.92711974211554,15.16549178135062],[73.93517588726836,15.18104525196063],[73.94400354392023,15.210746070745342],[73.94676844193636,15.220047036834636]]]}},{"type":"Feature","properties":{"state_name":"Hyderabad","id":13},"geometry":{"type":"Polygon","coordinates":[[[75.32323322130686,18.563469117675634],[75.74218564902779,17.88005796918123],[75.72032328584015,17.88550110552908],[75.69864262870331,17.89777598886372],[75.6627210222975,17.91009755307269],[75.63576171412717,17.91520939169107],[75.61624530240198,17.905945776743323],[75.5997474258399,17.902410217501107],[75.58402531754041,17.906762538174984],[75.58032052822064,17.919687176290694],[75.57439921096146,17.942662163895605],[75.5677520480887,17.973530667781098],[75.56271391999906,18.039547507484453],[75.55152990017733,18.060384693918635],[75.53736471657358,18.088403690118067],[75.52543520463291,18.112828535745585],[75.50678654055557,18.150183843959173],[75.49333768680663,18.17102369034319],[75.47685215096912,18.18039163281657],[75.44983100456953,18.179739391685505],[75.42581036684173,18.178359304871698],[75.39728362505018,18.175550744602475],[75.3605389072636,18.190688986677134],[75.35305755839244,18.202898990764552],[75.34334559615914,18.2265913755471],[75.33967270011829,18.268207980592003],[75.34045300873007,18.28327226020458],[75.34801588014625,18.30980283806948],[75.34806321368919,18.333477242241305],[75.34132912338572,18.347120160698747],[75.324818727208,18.356475313965486],[75.31280815986716,18.36223467569007],[75.29929901910256,18.37086528050102],[75.28654348980795,18.38164602651041],[75.27679337776823,18.393138982356152],[75.26931326589892,18.4153893343294],[75.26557856004783,18.430460110081096],[75.2588342855541,18.444100116596704],[75.25208058182673,18.452000657106787],[75.23556023015476,18.46493517005396],[75.2070174303533,18.485773208876306],[75.19428168166229,18.526678630745526],[75.18454041310439,18.559688781768656],[75.18080360979664,18.58264912741656],[75.17481009668028,18.607046249457067],[75.17076953443436,18.61648922797279],[75.16805393046526,18.622835085997753],[75.15829298755361,18.645800145989217],[75.14852569413073,18.6644603168081],[75.12445676587195,18.68671693804856],[75.07704259620033,18.708264110494973],[75.0491927210243,18.728360385616252],[75.02434798484579,18.745582574200707],[74.99723885486438,18.76638834759873],[74.98594089146692,18.781452927693813],[74.96861440271194,18.799385416121204],[74.95505037396286,18.819469346671482],[74.9482658330994,18.833815206132414],[74.93997292697777,18.848877693322116],[74.93544710260255,18.861788993904412],[74.92866009753209,18.87398193445118],[74.89397135643343,18.911268904030525],[74.87435808276076,18.932060473618417],[74.86077626878433,18.947115566752316],[74.85171403146644,18.96432540446896],[74.84943593861728,18.982257763799225],[74.84942239637469,18.99732245087341],[74.85317990299858,19.0123901461411],[74.85920514813607,19.022437937638397],[74.86975861316702,19.030336682184753],[74.88484004598708,19.03680297375013],[74.91727242238133,19.043993987134844],[74.94065570314679,19.04902452966989],[74.95574139988123,19.056202397733497],[74.96554579921349,19.070551743217383],[74.97233192754415,19.09566052933748],[74.97685688116628,19.114312501732744],[74.9836470584777,19.133681898804863],[74.99572285460714,19.150181780651348],[75.01006553197679,19.16237659989862],[75.03044859857549,19.167395835992597],[75.08706584353425,19.164508304493637],[75.12178662724787,19.1580323782342],[75.13914448480078,19.152998573925274],[75.16856683796804,19.136474796599312],[75.17610696490316,19.1292941828877],[75.18137840504058,19.118528731495353],[75.18588971721583,19.103459751085715],[75.19190933251288,19.088389077127935],[75.20396902015052,19.077615758324548],[75.28542948529329,19.062443184356333],[75.31109885846129,19.07244464460349],[75.34432682277063,19.087449974573257],[75.35868625491682,19.09818282775863],[75.3632403983407,19.11036882381973],[75.36100761504612,19.124720162787003],[75.35197998423068,19.13836724438677],[75.33238320547498,19.152033304032486],[75.31956482508282,19.159229510217948],[75.3037322853363,19.17001657380945],[75.29472047186638,19.196573061384218],[75.2955101013188,19.215940083513214],[75.30384551791161,19.231707984516774],[75.31594242727896,19.238860921753528],[75.33710499878731,19.24671390518592],[75.35599281595906,19.24954748789964],[75.37261214173492,19.250949072518384],[75.40814760169668,19.265937253591876],[75.41874432697992,19.27452127221326],[75.41504512543243,19.305374913879454],[75.41511212879193,19.331915900747074],[75.40838621843596,19.362058796788787],[75.39859233661446,19.3749923556771],[75.37745494610276,19.38651463769743],[75.35479485766334,19.39445084068953],[75.32381814295955,19.40311657683611],[75.30722011687294,19.42107857561323],[75.29667420038732,19.44261590166266],[75.29522416475393,19.477049833535116],[75.2967812653762,19.501436234606295],[75.29756919851889,19.518650626352088],[75.29232386207724,19.546634610121888],[75.284033306792,19.565298085189852],[75.27496091511969,19.570333351109728],[75.26966593866547,19.571775974854752],[75.24771621279478,19.569655489241693],[75.22348687763517,19.56036197245717],[75.20304458695816,19.551778273470227],[75.17959056043749,19.554672405700696],[75.10696872044984,19.587009517071927],[75.07367540863834,19.60495920560586],[75.05853668927516,19.604964759492454],[75.03052964132377,19.602819720466815],[75.00933516401429,19.593496894402378],[74.98208761918369,19.591344282523764],[74.95786843961078,19.588470964439573],[74.94196848554165,19.604964922894876],[74.929093026931,19.622175975855566],[74.88818336921781,19.66662881393501],[74.86242797293819,19.678087956543305],[74.82833983428901,19.688100976782763],[74.80561323591358,19.693816292607874],[74.78743213996937,19.697382230067326],[74.76395174950287,19.698787501738952],[74.73592084902539,19.70376959205127],[74.71847825568145,19.716654565859045],[74.70859498161359,19.736723272339137],[74.69864044982324,19.793373489533295],[74.6833905162138,19.840688588109835],[74.67197872816864,19.860752132575964],[74.64312168631982,19.882215338011736],[74.62717370375024,19.892941953638],[74.61956520940922,19.903685123861763],[74.61041080870073,19.925901076742733],[74.61109901621391,19.954593809237227],[74.62621301339576,19.979013773370603],[74.64059072244939,19.99554090048523],[74.66481065392203,20.02427948924228],[74.68826897854171,20.058751647091636],[74.72452658536524,20.16066467302352],[74.7275025654927,20.19653269755901],[74.74189636007287,20.22165873156323],[74.75554709304336,20.23889262147684],[74.78668953635207,20.25040947873027],[74.81480995482256,20.250441422815378],[74.84901053066818,20.250474197952975],[74.87940777139823,20.254801331752223],[74.90524115701683,20.267727991794985],[74.92043509561788,20.283515391372664],[74.9318295866324,20.302169069975193],[74.9561490611698,20.334453665094127],[74.96907444181684,20.343780821158578],[74.98884643900082,20.34736950396526],[75.01166137607002,20.350955771444625],[75.03219683326654,20.35956030815932],[75.04132589625186,20.36888275023033],[75.04817725559232,20.3882469471086],[75.05959420651928,20.405457562221653],[75.0740547261055,20.417645345755393],[75.08927262181705,20.41978997363673],[75.12199394672744,20.426225407274085],[75.12885136905962,20.437696499970674],[75.1303938009501,20.462081866543677],[75.10910466410004,20.49078647336681],[75.10302902659453,20.51159033893752],[75.10152724959045,20.543149986828645],[75.10612617892232,20.586898958766657],[75.12595369929261,20.616292420822106],[75.14729757812513,20.629903027789066],[75.1678777857659,20.638491064527205],[75.19378313684417,20.638463936900486],[75.24250172412405,20.610430322749917],[75.25693106111864,20.58387181320135],[75.26984249292136,20.563052329423726],[75.29111948428358,20.53863183250445],[75.30861918840226,20.53214643199502],[75.32688636530844,20.52924401521484],[75.34210580792336,20.525628483358297],[75.34972421555638,20.527764996783265],[75.37107346257845,20.540630838158634],[75.39854045873346,20.562086777667492],[75.4130538402912,20.57854901396197],[75.43517705123357,20.59140485755458],[75.4595504385342,20.591341831279625],[75.47780361569471,20.58268572274025],[75.49681395793098,20.57330832270023],[75.52116477876763,20.567498976693923],[75.53716214530986,20.568884528342462],[75.560801466131,20.577416169245186],[75.57530652425055,20.586692344075498],[75.59589556028018,20.5930775622668],[75.63014651287827,20.58721852800852],[75.65675726423916,20.57636149027475],[75.67802408745497,20.563369827249964],[75.68711716922046,20.553293137350657],[75.70380004940814,20.538164912872205],[75.73343184752025,20.52513247754313],[75.75774045456342,20.514270011711922],[75.78743614126152,20.515572191291096],[75.80040708611692,20.521250388785052],[75.81951514636435,20.535504969161764],[75.84698634051034,20.546847903377955],[75.87972993870703,20.547401960466424],[75.90330324980965,20.54226045419628],[75.93373981176657,20.539230476212815],[75.95202947129137,20.541999673154326],[75.97875847398579,20.55475976070958],[75.98634649703102,20.561820953404602],[75.98870557030101,20.560804905266764],[76.01227661247177,20.555648641409785],[76.0335329101787,20.54620011429197],[76.05245847269529,20.530308851862888],[76.05546416713926,20.524553359083708],[76.06673855553453,20.503686974126012],[76.07424984545804,20.489297610251604],[76.09394558810266,20.476265984864565],[76.1151649506284,20.463939619491537],[76.1356147210486,20.45089866269041],[76.13863169009637,20.447293220914055],[76.14686782000975,20.42931053934062],[76.15128289526265,20.409201366669844],[76.16099387119614,20.385471184997048],[76.1670078729425,20.376108176601875],[76.17526986535121,20.362426997604395],[76.19567366623576,20.3457942145291],[76.22141154703648,20.331273429501568],[76.24641878106131,20.32105704787235],[76.29109053413083,20.29921920945502],[76.31296302111171,20.278977106304936],[76.32042903519549,20.263144327562088],[76.32555947510716,20.240874847641226],[76.32624014659815,20.23154711452565],[76.32077678607244,20.21437732789466],[76.31294592995032,20.186468055110737],[76.29693694370759,20.17941554062285],[76.27329992994322,20.16811403384202],[76.2549417134528,20.151751618285218],[76.24263320126374,20.131758780628886],[76.23852644760008,20.09234440358969],[76.2366484290767,20.046459691460203],[76.2274029152187,20.028595132023312],[76.20674645717352,20.00650508407202],[76.20060096049825,19.996506503997004],[76.20125082509873,19.982158743766348],[76.21777923167149,19.961248195555402],[76.24051017059092,19.95822212068602],[76.26398705723872,19.953753547321412],[76.27532846168971,19.949369504464283],[76.30238880870854,19.919769905469625],[76.31821642005131,19.908178870470618],[76.35825547845812,19.87482337202447],[76.36338671640861,19.87054706358212],[76.38679645971051,19.860326449143344],[76.41024739280788,19.855122502084615],[76.43230962320239,19.864269237507408],[76.45215262155156,19.879168162334988],[76.4697052712969,19.891932233898352],[76.49100413471206,19.899643278883094],[76.51899092704154,19.892952625557612],[76.57173390863447,19.860225605227253],[76.61101879243351,19.847684426166655],[76.64736962544734,19.84520106317466],[76.70365682040614,19.86474970789525],[76.72277278292661,19.880340947140418],[76.73058540115684,19.901776509804044],[76.74751314161801,19.92455622951194],[76.75818983839028,19.93018719278905],[76.77414217648204,19.93289673534598],[76.80221678970003,19.93476521272535],[76.83775671758777,19.92651399465509],[76.88386198048445,19.914559270704626],[76.91940042420825,19.907009296987777],[76.9405874750481,19.903911452151167],[76.9724904769853,19.909296244863945],[76.98776530775035,19.91844665231822],[77.00086713864677,19.93550660695999],[77.02489651466001,19.976817178360925],[77.03487300892508,19.98602320148868],[77.04475810080379,19.988060251426692],[77.06662602635623,19.97848651543975],[77.09145751976817,19.96385689408585],[77.12316412843222,19.953443501734494],[77.1421058349201,19.952498988125434],[77.16350692845448,19.965143550886246],[77.18411361483481,19.974927470412165],[77.20468275960523,19.98184171978997],[77.22593107744305,19.983009918384237],[77.2538294119282,19.971904444217678],[77.26734157830917,19.962413044069553],[77.28771518985624,19.955699827664088],[77.33087760054399,19.952270783263852],[77.36195306143631,19.95185992215782],[77.39078640689529,19.95362426980835],[77.40591213530335,19.951269430211862],[77.4254750424687,19.941684790541967],[77.43816029488325,19.928608780118875],[77.44327740944765,19.916353027274106],[77.44958722170983,19.833835169164637],[77.45687385879708,19.8150983536853],[77.47401277403777,19.796941965066885],[77.49415366176474,19.777308841672934],[77.50984904855194,19.764187255028634],[77.51788300105412,19.745438307379143],[77.53025278331513,19.713726145826453],[77.53001601849651,19.698677352369927],[77.52900039771636,19.682205970398588],[77.52955439117217,19.669296294154794],[77.53163254349826,19.65708191201536],[77.53218648713298,19.644172228090607],[77.5320178644898,19.633423025840873],[77.55827518918832,19.62351011364413],[77.57784644033826,19.617496752947407],[77.64027691046162,19.64239378569694],[77.65110062901506,19.656568868814908],[77.69038301476785,19.653118129832386],[77.71431988388099,19.636990957717632],[77.74369300147629,19.58494430061173],[77.7615673431078,19.568904482458265],[77.77604715012642,19.531415471237786],[77.78291706809053,19.491176450377036],[77.7942431652385,19.446568764365267],[77.81645672682346,19.420425426129302],[77.86423356426825,19.388145801669026],[77.88864563989063,19.402091832732715],[77.91039877347201,19.436141794273308],[77.91616075194955,19.50484317602189],[77.9197492088566,19.536315615284664],[77.94127028144403,19.556030757239416],[77.96540016360849,19.552769447119882],[78.00299745601905,19.54211583935631],[78.0467482956743,19.45683150528059],[78.05209285409673,19.41948166860993],[78.0562209525175,19.397916120510356],[78.06482348316864,19.373409063138922],[78.07660587531309,19.35890971194929],[78.0814574379956,19.35293854056966],[78.08253361480627,19.35161394321904],[78.12624833593522,19.34800225436291],[78.16889345417846,19.367326188155484],[78.1832909145705,19.387025656810867],[78.18440468302522,19.38854930300784],[78.18350884472491,19.420089585912613],[78.18001273605582,19.473169483198205],[78.16238997791197,19.49927129378918],[78.15220488272567,19.519510545667664],[78.1617437973412,19.543703933055387],[78.18620071187415,19.557602990093944],[78.21143484593969,19.534229227330485],[78.24606854576143,19.527878449993583],[78.25818291569777,19.529093131041297],[78.2978388517881,19.54699959982623],[78.29231933764525,19.572890768789566],[78.26151069151376,19.61930143607832],[78.24653912231979,19.626736480405004],[78.22543323395988,19.62998200982772],[78.20004650935458,19.646197429497487],[78.15370941200277,19.674242540170212],[78.10402588862328,19.686572616190233],[78.04806527795373,19.687532202761655],[78.01646354896157,19.696664864330078],[77.9583400019765,19.744926656780628],[77.96980822906569,19.792029627031837],[78.00916069661993,19.791370944400587],[78.03053979145996,19.80104084244261],[78.04429834863306,19.807971953643612],[78.05092738962426,19.837952379139033],[78.0575872091072,19.869364687572265],[78.07017023159847,19.893509167176216],[78.09151088769367,19.90030435056365],[78.13371681873247,19.889534858525803],[78.17120215062974,19.870242783112936],[78.19568514541744,19.88270074127969],[78.21449116388767,19.91388458044143],[78.24542241663669,19.944844087892054],[78.27737724252034,19.95142059197374],[78.32747963140989,19.956218665045927],[78.37342735128212,19.90807254704496],[78.41881815118201,19.905772389946275],[78.44492826601247,19.922459180853537],[78.47947000740416,19.90889279273868],[78.49385440791167,19.874229736653167],[78.50984134756112,19.84383224379319],[78.55964980512908,19.83711414617298],[78.59058873233225,19.866574245729772],[78.59722442360543,19.89222361733535],[78.62617779537325,19.900229644702236],[78.69758060561789,19.91021663950827],[78.72889511881567,19.889510609817684],[78.74507001040242,19.869119444478216],[78.76836571209127,19.829958211216713],[78.7779052219225,19.78535832851972],[78.80196494191352,19.779118994101086],[78.83530030577684,19.781270482671882],[78.88891880754612,19.808751828357874],[78.89806229470388,19.811416303338753],[78.93548092293514,19.79484266388662],[78.95724143348306,19.757130534488176],[78.97013755406093,19.728205669393315],[79.04739113057501,19.673496970693645],[79.08292192255715,19.644055745999303],[79.11276384586746,19.629057218698687],[79.15957784436534,19.6279796506352],[79.16760892803826,19.646405402282745],[79.16467049688386,19.70803586222744],[79.15454901136776,19.78415052982263],[79.15585176000386,19.83422912529723],[79.18038132891496,19.846539975180598],[79.25159880339835,19.85057968855278],[79.2900244424922,19.816733432211862],[79.32827867882116,19.777159810221605],[79.3627222066793,19.76487035220456],[79.40871955984285,19.788073393634765],[79.4643958571837,19.83248857265309],[79.47227371882342,19.84374067928244],[79.51590267107005,19.835483447402893],[79.55891210191673,19.805765720225626],[79.59610867492322,19.784776210722647],[79.62390156055864,19.752576354805765],[79.62005653966925,19.72405585594476],[79.6058914624474,19.70438683011165],[79.59707432585333,19.660251284890833],[79.60739292892161,19.59845250151988],[79.59308950044434,19.520110590917664],[79.59537722815027,19.494293450641493],[79.60247149770333,19.478371412983908],[79.63869850016049,19.425930022050355],[79.66981744441256,19.406528442033988],[79.70125742136788,19.398561589393672],[79.71343583534743,19.40253813363227],[79.71019532311205,19.4469793504637],[79.71152034646168,19.49273261778284],[79.70811709803061,19.5314548542134],[79.715273201736,19.569901038084243],[79.74569208526307,19.57768667030276],[79.78172356520611,19.571010008992555],[79.8034137667055,19.538956878103573],[79.85796241985632,19.496006999795046],[79.90339833843514,19.5019318214343],[79.95685170687992,19.523359508288703],[79.99763881166322,19.525094748045156],[80.04223547069978,19.50382896894558],[80.06567901979054,19.48171842326738],[80.08512126738876,19.428253253300852],[80.07824708635744,19.35264254679997],[80.09498053970418,19.309267148724164],[80.1087870137306,19.26883436383419],[80.10794420794204,19.24168399673406],[80.08427459107364,19.206588457025575],[80.02959772338505,19.190936535654487],[79.9602757581029,19.13847113330675],[79.94967444928943,19.085829462936807],[79.93796217294039,19.046090141213092],[79.92325213333743,19.006428931763672],[79.91572750928728,18.955129719437746],[79.93282944830456,18.923202786015437],[79.97746411980498,18.907703969953864],[79.99746819192818,18.872835611162092],[79.99847795792778,18.80557893374718],[79.99570610042699,18.78195883769814],[79.99446243886506,18.771356551567028],[80.02788848967882,18.683205740361785],[80.06444318654543,18.650753596268057],[80.12685138472906,18.630464633354556],[80.17575181355873,18.610530626307156],[80.23834235622334,18.597355088525912],[80.25755766437284,18.588238611074626],[80.3268608537612,18.55054151015009],[80.35447026178456,18.522592489366584],[80.39333101760958,18.471444893606392],[80.41866575930779,18.44441841108638],[80.42923639798119,18.433139051905965],[80.44840530012651,18.412680660104357],[80.47340231582815,18.30331381149682],[80.4972420131477,18.252594151499398],[80.53057953920678,18.218753773135273],[80.5567062524623,18.193696367672406],[80.57042024088905,18.15470471869522],[80.62748323101249,18.115877704961264],[80.68511815048926,18.095601608252913],[80.71696300600688,18.08533219683826],[80.71742680026827,18.067187485491107],[80.73305498844347,18.05005049305007],[80.80952485108402,17.99060420289666],[80.85521593816938,17.904687865694672],[80.86910491467432,17.87331158684406],[80.8878796491988,17.839406579443445],[80.90040124990631,17.804500437898408],[80.9058416417268,17.705518291619605],[80.92439705048879,17.627572960444674],[80.92291800161897,17.582377029797414],[80.93167192352728,17.54639799396484],[80.95568793781142,17.521865230972843],[81.00882978246402,17.515495051885157],[81.04776400110113,17.529781806652846],[81.08926075897404,17.546360508445993],[81.123085239614,17.55602556536849],[81.16778322250163,17.55701316158544],[81.19580004901701,17.541854488250845],[81.2365434918312,17.50011236336646],[81.26789203305532,17.474133242565575],[81.3079810844949,17.45025342337947],[81.34818159956205,17.429934104627925],[81.37718931388716,17.408779096782148],[81.37644475373324,17.387388396610685],[81.3526030159778,17.342941195601938],[81.30529268783032,17.336114746172385],[81.26928208693792,17.333680603867116],[81.25893665080554,17.320916445347688],[81.25457829460034,17.302014235851455],[81.24511142695438,17.278511528796415],[81.23337406452126,17.26102821165796],[81.20946779191978,17.249871157357866],[81.18568289277266,17.24227678549263],[81.16629353709207,17.217882510199733],[81.14663419863527,17.185162224841843],[81.1335195155674,17.162950049698512],[81.11917196547375,17.140773564879282],[81.08624126282265,17.117966561416846],[81.02533818679295,17.110272675846602],[81.00686451135886,17.113204306897373],[80.96102766815422,17.112183049778334],[80.93104067887806,17.103542669062865],[80.9019913479789,17.085345002629563],[80.86130436766202,17.011518849486517],[80.84438013662614,16.98462172875197],[80.83670425700451,16.976507640835475],[80.82415796647864,16.97091408932367],[80.78790473584979,16.958851146458777],[80.76692535030615,16.960637874045865],[80.72364887135149,17.00235050081325],[80.70028935668425,17.048263130134423],[80.69031415057673,17.08665389718821],[80.67975761816598,17.106006260018663],[80.66643503833866,17.11590850931813],[80.64455579730281,17.12962296646118],[80.62351560390734,17.13021082879038],[80.58984737945681,17.12280915532754],[80.56194326079334,17.100948359936744],[80.54921342022456,17.089386697320233],[80.53064953704444,17.089895600964038],[80.4836181912243,17.091177279290747],[80.45487202204858,17.082424552729726],[80.42942625898476,17.05928183411308],[80.42241159897299,17.03087639396994],[80.43474914591816,16.986465167398606],[80.4489743466446,16.964639861059727],[80.48023491843128,16.932826278696698],[80.51777129878455,16.904414727988115],[80.55677612511239,16.884297446195752],[80.59079180865463,16.86312021347419],[80.61872549503607,16.84567954692974],[80.62564674994775,16.828814626373198],[80.62504805641065,16.808583118469404],[80.61188524374634,16.781549005791074],[80.58294684421554,16.764470968644734],[80.55792669259053,16.754428582065835],[80.53054106612797,16.74801964014054],[80.49478229117574,16.75136046483787],[80.47779277055042,16.762535384595182],[80.45499728092398,16.786968427709365],[80.43854625955807,16.817189129707213],[80.41497930124818,16.858320941145738],[80.39955107458663,16.88136602844344],[80.3732598482476,16.914229043165236],[80.3639063710618,16.933539101751155],[80.34726401083074,16.957806887446193],[80.32921202984637,16.976153615938816],[80.29520376204397,16.99968259487644],[80.28419999580497,17.004735689776005],[80.26192348747014,17.005314251623663],[80.24325941772098,17.002222058843046],[80.22319245831038,16.993205474838316],[80.20537164539627,16.97578667689697],[80.19019301171431,16.96425695889652],[80.17387670820979,16.956329928326593],[80.13899957405266,16.948870447657022],[80.10536104152946,16.94137320436163],[80.09637698591197,16.929678968856145],[80.07841251404086,16.906288378562973],[80.06165826403671,16.881673146359123],[80.04992056071599,16.859315698090978],[80.04563947438403,16.83796536293868],[80.0426599876986,16.81896669602795],[80.04827535351939,16.797372637606635],[80.05902578155845,16.78280425533082],[80.08087086721712,16.766769879651246],[80.09678494401211,16.760416408675237],[80.11146138803974,16.75409270631993],[80.12860900117438,16.747706620718606],[80.1443266763887,16.7342040346846],[80.14872609336723,16.71383282252579],[80.14802209172613,16.687629895153947],[80.1486428026269,16.618487621540663],[80.14183072192577,16.59481970863899],[80.12900396918148,16.577259088653832],[80.11149170314457,16.56934754761635],[80.07640794380735,16.551136421620352],[80.0430300061538,16.550756447520797],[80.02481275641544,16.563117725024348],[79.98818584924362,16.580689238370685],[79.96613224058682,16.588370552134617],[79.94027803583799,16.592563952339148],[79.91680198018325,16.59312143401983],[79.89706220845413,16.594780367785404],[79.8455517728436,16.61148944644636],[79.8353818843568,16.62063990247547],[79.82378335370305,16.631074399509895],[79.81048482200127,16.643307224839745],[79.7896484261619,16.65094468742166],[79.77231167527546,16.650152822535823],[79.75100098898398,16.63871872777676],[79.74090584406676,16.63060288643124],[79.73454919178863,16.623593447947478],[79.71421696077903,16.60139947795261],[79.68667643993724,16.587712901741273],[79.65307411718106,16.578927889484703],[79.5862138564714,16.57564387101937],[79.50811317291834,16.567810540607546],[79.45328019431533,16.549906401231972],[79.39702863435579,16.523664753034968],[79.35701774909228,16.504224035122476],[79.32571820993985,16.48697967136025],[79.29281947032611,16.453058989656945],[79.27213222866831,16.411723358438056],[79.27181044677923,16.39700072772164],[79.27153298682181,16.38429384717391],[79.27669503612144,16.33765737583356],[79.28836922137097,16.306399328811803],[79.30358859691148,16.267910717404153],[79.31037119378082,16.239138720755836],[79.31198209556436,16.199734488817995],[79.30411076767714,16.178418804941792],[79.28284819087727,16.165724385004385],[79.25071186294963,16.163983227896843],[79.22253088071838,16.174090461837746],[79.19069377931235,16.18665320404858],[79.17724205519995,16.192884556651176],[79.14265426932984,16.192369196709578],[79.11275565053111,16.179823965936645],[79.09367396715164,16.152745310479816],[79.0783736120207,16.12917158973483],[79.07309549539166,16.112565146582945],[79.04105860790658,16.11556165310571],[79.02636996423368,16.12180683614921],[79.0019023927761,16.13300902665684],[78.97600636718917,16.134687569863782],[78.94132681226661,16.12936447816052],[78.91498334289486,16.10836573482752],[78.87462967473284,16.064938177243114],[78.83847564081832,16.046491458508672],[78.79508203981486,16.036521731300006],[78.72972352664036,16.040057645592658],[78.68159287558967,16.04089062893469],[78.63350272946079,16.044099950459497],[78.58072768594177,16.061704835740517],[78.50797742341979,16.067686637690002],[78.4573591121768,16.068511086252325],[78.41647263216964,16.06080920299064],[78.38038516740951,16.044663798050053],[78.35796227462286,16.03307444756404],[78.32293953385413,16.006152599772292],[78.30665606624648,15.992072850962307],[78.29519461760084,15.97075185453766],[78.2910821208712,15.945734690924013],[78.28930299152793,15.91232156564017],[78.28459541710771,15.899339592513916],[78.28025888972357,15.887378806751212],[78.25273248777646,15.86390827029083],[78.21429967852305,15.852538991136731],[78.17342145196979,15.842392374602518],[78.15605804707748,15.836673896815222],[78.13387165351436,15.838190403999965],[78.09731817714456,15.868578420199093],[78.07176935718682,15.892833112564704],[78.02271057721583,15.91383278593432],[77.97600302290815,15.927622778476152],[77.80983518697606,15.96450041930957],[77.71857222251371,15.974036711126622],[77.66304725573696,15.978316079454276],[77.62723185575932,15.978756700390248],[77.57276694343885,15.969855754134974],[77.55172578518415,15.966521478944248],[77.51211469058535,15.959817628842785],[77.49236884886783,15.96124218448484],[77.4604467771718,15.977144927231254],[77.44213651213332,15.995279357922096],[77.4311921655568,16.00974414399314],[77.40299199388195,16.02798779515621],[77.38207265310484,16.03539172290692],[77.35497310441139,16.04286180514758],[77.31913777043108,16.043252664533906],[77.2943684484625,16.038738719100746],[77.23970246155835,16.013022748681994],[77.16026205887641,15.980370046561683],[77.07369059782266,15.972855171138495],[77.00447776884249,15.971120479112068],[76.97580244193024,15.945087557221317],[76.97418088335846,15.943548111178865],[76.9608382643959,15.930879668293768],[76.9531721487242,15.904650691866076],[76.28597209974349,17.025853918646483],[76.28631742888925,17.0267332287659],[76.30565803731209,17.03796813690636],[76.3182198061663,17.057016485700082],[76.32084855977712,17.077324375072504],[76.3159435793541,17.08692095479137],[76.3103705787944,17.08994602594639],[76.28554928597197,17.09608296191369],[76.27874044727763,17.100310644837695],[76.2676528492328,17.115325365893437],[76.26284108459195,17.139267495037355],[76.26626197911463,17.185276601333197],[76.26527822783522,17.22354175379026],[76.26286735502721,17.234915008489498],[76.24992500415722,17.25292974499816],[76.23812877850088,17.256589541656012],[76.2225637390953,17.25489142247151],[76.2138226982882,17.25016197214881],[76.20693283512071,17.24302979127483],[76.19438726914734,17.226963871312925],[76.18123331074408,17.212694026034878],[76.1768909671395,17.209160436748952],[76.06956879718736,17.389511087860633],[76.07032297134272,17.395052779664947],[76.09970441464488,17.41462093852385],[76.11465256976996,17.415135745897874],[76.14013449122527,17.40722016460951],[76.18799752636195,17.394387042123544],[76.21222378701225,17.385872228715527],[76.24829600677593,17.380269867633963],[76.26886448397518,17.38372697054262],[76.28571913811466,17.390194768029215],[76.3008763357871,17.420583263550323],[76.30167278708441,17.445086903542162],[76.29431374730355,17.461274860002863],[76.27273574424777,17.493096415251635],[76.27786953543115,17.51458342640385],[76.29862802064125,17.54254390152982],[76.30435552325443,17.55924381614865],[76.30518441679173,17.587931209999585],[76.29977200784037,17.61546416984448],[76.30948031453731,17.665014353010015],[76.32417606664254,17.676588770414817],[76.26984064868486,17.72201629838036],[76.23326469879818,17.736595954986154],[76.21538736268027,17.749619435657515],[76.19523766756195,17.75906861619844],[76.18550558977823,17.75912771693931],[76.15693331920309,17.739930204745757],[76.13814247722489,17.727845209174333],[76.123100856652,17.716454221925872],[76.10273458419904,17.690744788835026],[76.10264663432811,17.689036146292207],[76.07445465448758,17.717443696899394],[76.07384716343309,17.741119899692325],[76.08162184344235,17.78914004375094],[76.0817601571828,17.81209459022614],[76.06486871455651,17.868140922725374],[76.05598111962625,17.885405729360176],[76.04485670565106,17.904834260056543],[76.02544579542875,17.91713254799823],[76.01572091625913,17.92005299936941],[76.00221262537876,17.916536274058263],[75.9886809594812,17.908714527096],[75.97136116563686,17.893019682799046],[75.96229689244863,17.87943466596519],[75.95397932788443,17.86512812651218],[75.92468186215672,17.849486933546842],[75.90219543548861,17.846722648119297],[75.8760029450792,17.8518636548224],[75.86328581485147,17.855507265009884],[75.79066986783813,17.866576011619095],[75.78465609737754,17.86829558265421],[75.69194935806453,18.02408558210164],[75.72411293120335,18.01141209528442],[75.73613922016851,18.018540695226285],[75.76923667816523,18.042803222599368],[75.84450095582282,18.099879148301373],[75.88230228665915,18.158533813587653],[75.88103197025517,18.204450755860833],[75.88734940840507,18.266114287604463],[75.89960698915802,18.313402170944993],[75.91782865996773,18.350617339798802],[75.93178380150552,18.39314633591037],[76.79608451333658,18.46553660300712],[76.79641669778879,18.464344689601575],[76.79608453888152,18.46553660514666],[76.791707518749,18.481241728548643],[76.79608451224671,18.465536606917656],[75.43843909728103,18.555808873387818],[75.46467801481903,18.57465194024961],[75.5068671331346,18.59606459098441],[75.55954892117059,18.60165447758567],[75.5776391906909,18.611643034920956],[75.5988267064532,18.646010355471734],[75.60106262632048,18.68218206498759],[75.55079354462795,18.68632977067037],[75.52834087848352,18.728001554749092],[75.50287777205497,18.773983006242307],[75.50294163740524,18.795503703039923],[75.48942938678567,18.81132157571563],[75.4577990397894,18.81427132070596],[75.42918802410591,18.8200782623467],[75.37497338543994,18.831673042068164],[75.36894627515336,18.831685068281498],[75.33577429332404,18.820269828704475],[75.29505376897907,18.797382695834287],[75.27845884848288,18.7830606406061],[75.25282718491478,18.767314736865007],[75.23773280244583,18.744378327888537],[75.23770470765591,18.724291631924928],[75.25572522106194,18.691268209910138],[75.25872107022974,18.681220697916523],[75.25417048656021,18.658270515678595],[75.25303591178968,18.65770251731831],[75.29624795811819,18.618035162185393],[75.30975567996599,18.597926514373572],[75.32323322130686,18.563469117675634]]]}},{"type":"Feature","properties":{"state_name":"Jammu and Kashmir","id":14},"geometry":{"type":"Polygon","coordinates":[[[78.37702692666493,32.56205432046506],[78.35310254138315,32.60026047485675],[78.28929032055142,32.646670577898384],[78.2604311317834,32.66710175707175],[78.20395567768674,32.68465798409241],[78.15875390730818,32.6625492013544],[78.13712371864531,32.64878064004998],[78.11519006921522,32.62607073242919],[78.09712180404594,32.59252721937843],[78.0645967644252,32.56827920652892],[78.02816849097175,32.55306146955289],[77.99826143744413,32.54304445540435],[77.95599150328775,32.54225703088214],[77.9269074364802,32.55725094548982],[77.92121231458741,32.577063883500934],[77.92636544242917,32.60556973708362],[77.94683981386528,32.64981803319763],[77.9464295716701,32.70171110110049],[77.90553413650908,32.74560437198211],[77.87512435927401,32.78745578724585],[77.85092527795722,32.825580868594656],[77.8213713401366,32.8960269149858],[77.79243244955836,32.91993577860737],[77.76515289774832,32.92948843715923],[77.72030168184514,32.919738423776515],[77.66209809160989,32.88878660543763],[77.63189870698233,32.87153388114404],[77.59933132677864,32.84537638707831],[77.55836309295833,32.82117110988148],[77.52881406949793,32.825350495130266],[77.51630781265737,32.83275994019882],[77.47882606336334,32.85676966489289],[77.44098047554442,32.8682502834234],[77.40042632089627,32.85829924836085],[77.34716747860962,32.84857385472901],[77.29437934916922,32.856711121758174],[77.24433087762435,32.88982949095708],[76.71385081477794,33.09867012603163],[76.5933619097032,33.13785199500566],[76.55082670340563,33.1383888888421],[76.52074280004948,33.12086292850488],[76.50339619685074,33.10138673632099],[76.46465396700292,33.073212543014144],[76.44337157990125,33.07167101174899],[76.39902331864278,33.09007396760799],[76.36721959640875,33.095796124376506],[76.32257440055798,33.096277868634694],[76.3072687251542,33.06780299867508],[76.30668710292518,33.02843391398947],[76.30188602869558,32.99089845382617],[76.22440253017497,32.91650958005294],[76.13040640073193,32.86727863301928],[75.97942180020951,32.83096365065914],[75.87130481707736,32.83176299962216],[75.83721698363884,32.8140960955083],[75.82428469888104,32.79091237109837],[75.82398773161867,32.758694825252284],[75.84061449680635,32.724574799300285],[75.85946555854528,32.70296719827265],[75.90365041546022,32.675806914240724],[75.93709964047052,32.63618193087168],[75.94518466782547,32.60032149607504],[75.94269546821572,32.56454016376545],[75.92325126862687,32.52351410821356],[75.89740110670408,32.47358023022661],[75.84412825878933,32.42203701630209],[75.59421793547104,32.28920404830682],[75.39779707774015,32.19151559515746],[75.33736774004166,32.18016345325803],[75.30521806268375,32.174110928911134],[75.31040606679059,32.188597936478104],[75.29915409931498,32.20693465337568],[75.27993141168572,32.20681467032237],[75.24488731046574,32.21045817027097],[75.23021626075072,32.2248865260906],[75.22860526691933,32.226383024659995],[75.19294825562856,32.25948801358975],[75.17469073303725,32.270471439266636],[75.16703759542781,32.277377845656154],[75.15225078360639,32.283963695266955],[75.08321040638354,32.32542481254395],[75.01185479868748,32.34509822814468],[74.97664820161295,32.35063389393342],[74.95973928632102,32.35328881202363],[74.89970042836276,32.352643077412274],[74.82722826259298,32.3430949754167],[74.6754577631571,32.34020314682947],[74.61880929281084,32.34232806868971],[74.57785759994208,32.369814750044654],[74.55267097524026,32.40913161614219],[74.55306210933747,32.41479613884159],[74.55601816699465,32.45758560984435],[74.55682169709554,32.4692104236383],[74.5631880003768,32.49923205981972],[74.59106281373644,32.63044812925189],[74.59079610467425,32.67789834538447],[74.57702748283583,32.69802861751744],[74.56670181712205,32.70043000004024],[74.54967544226363,32.704387584379376],[74.52816130733328,32.69911517464957],[74.52013027983543,32.69714593005088],[74.49860154925798,32.68324692120713],[74.47942452416964,32.65970072359225],[74.46708230599509,32.63626487087039],[74.45693538727565,32.62448265219774],[74.41376633818709,32.61989925654436],[74.3625860910473,32.62193644195451],[74.32714970278512,32.629919935779604],[74.29079962820295,32.6380973560791],[74.19841608151837,32.66252594212567],[74.1310894567246,32.70423089410694],[74.13108132864885,32.704234097756924],[74.131045412838,32.70425815188513],[74.03671588530734,32.762561992760155],[74.02867863026889,32.76752281984081],[73.9668940787911,32.786537115645906],[73.90628698901324,32.800701247363904],[73.90200362035216,32.80226384715096],[73.88634852278491,32.807973194032996],[73.8592849957758,32.82603184993848],[73.84971455548903,32.82736766793049],[73.83162260020501,32.837715607661735],[73.78464674387978,32.85114205339762],[73.74802949416207,32.85802233775304],[73.70700677597755,32.85511813556745],[73.66357007391537,32.85987273876399],[73.61746097904833,32.885803586768205],[73.54603497344986,32.917471782602306],[73.5382242658846,32.92769439691922],[73.53775301416904,32.95632506752214],[73.54244050888518,32.96779849383931],[73.53081477916193,32.98858378340695],[73.53197347096454,33.00410853777506],[73.53532232099664,33.03380706762719],[73.5090021061614,33.066948633486184],[73.50121726456723,33.083512649947814],[73.486375978011,33.115071333587665],[73.47664046511862,33.13575913231295],[73.45916541691416,33.242924323700706],[73.47549345174852,33.30142354505098],[73.49528218006195,33.372221351767884],[73.48788218065219,33.38762252621617],[73.47019437408194,33.42441008391745],[73.45552557634002,33.44928269016695],[73.45480586075506,33.48983782045996],[73.45060612416857,33.56991231276029],[73.45049100333803,33.572104366438595],[73.43607285600876,33.66755875191002],[73.42618874447432,33.73285573823621],[73.3962607228972,33.806436286905104],[73.35806490954236,33.86081052028241],[73.34736781164959,33.89645646220602],[73.34700014416573,33.90356327653016],[73.34508446302878,33.94056520970306],[73.34221292227907,33.955966298018694],[73.3370943004601,33.9834036306473],[73.3365453662111,33.98491106221704],[73.32498559161073,34.01664160931742],[73.30835540984249,34.06055224171291],[73.28344243240964,34.08764379821192],[73.2565654262374,34.139752939403685],[73.24544655232798,34.15290833014789],[73.22567366372864,34.176289754557516],[73.21200517868681,34.211877615830886],[73.22928943221982,34.271003474483244],[73.23314667959666,34.284187552261436],[73.24283826215986,34.31729605072904],[73.2539655558687,34.33534818043066],[73.28946867164454,34.3573210399671],[73.32668982989965,34.36618573454685],[73.36264344394964,34.366672092644286],[73.4075204682597,34.3517567431316],[73.45514821125701,34.3428239224863],[73.49972121736452,34.3433783190035],[73.5110132374682,34.355445338808984],[73.51769942295404,34.38415639460231],[73.51604955717698,34.41043735484228],[73.51181676899584,34.4777636763801],[73.50967989299974,34.51169890347569],[73.52735281797517,34.545360111270604],[73.55572117631905,34.59933267356301],[73.61265960550992,34.64532303863243],[73.68892134901772,34.66048162518849],[73.76510607976375,34.682749385439806],[73.79028100552189,34.69965647569247],[73.80658464388,34.71059937322876],[73.85380476614746,34.74326118461976],[73.8721676312785,34.77444804822727],[73.86818207250107,34.80659926176789],[73.88706548847276,34.87119398841334],[73.9166778936028,34.929201451547485],[73.94292770789764,34.9583983920977],[73.94336213946208,34.989552694701636],[73.92001267323289,35.014922509634935],[73.91873518722682,35.016309937205385],[73.88051847931204,35.02975431338462],[73.85349020666176,35.039252649386285],[73.66900051850003,35.06101543862342],[73.55780908316765,35.06346390677491],[73.50387633230517,35.06743881018684],[73.49019675039453,35.107872974957374],[73.47653691433206,35.13990674849312],[73.47314335340769,35.166104763673786],[73.47982691147406,35.19720050852304],[73.48076366444029,35.19850605061642],[73.51324792388358,35.24374940005607],[73.52119135580445,35.2506776437815],[73.52710242528467,35.255832179756915],[73.57081668539557,35.31162095100495],[73.56252910537454,35.3391738997409],[73.54575979859244,35.35401591439321],[73.53681592090417,35.361928622491455],[73.48976395195996,35.38359358797019],[73.40876446871042,35.403490842580695],[73.357351270717,35.402470122123155],[73.28771075166777,35.38786114937397],[73.2281824425484,35.38122186994792],[73.16623939723674,35.37927883578918],[73.09166766719596,35.408213735651486],[72.9055736830941,35.52568805142027],[72.89845047056787,35.530171851899965],[72.8961676131898,35.572479460321354],[72.89615283667361,35.576265992966604],[72.89603302086643,35.606869956047326],[72.89592224104973,35.635010420249785],[72.89591017935199,35.63806543163676],[72.89478556909397,35.63900777806263],[72.890126865116,35.642911094010145],[72.88961961467379,35.64568542306267],[72.88744771364549,35.64797896861361],[72.88704108745779,35.64840834958778],[72.868404259764,35.66808143834633],[72.826126211564,35.677830864427875],[72.78922240444369,35.681940119715975],[72.72495827319317,35.67319905825035],[72.6836269826727,35.667558249666],[72.67155406355468,35.66732527867336],[72.63262703030253,35.660761540333624],[72.62357055852067,35.65923252670859],[72.62317443685632,35.65906819078291],[72.57092426389966,35.650360640320415],[72.50032777591696,35.63591411585031],[72.42840730912967,35.62545343904331],[72.34072654450796,35.63155630969873],[72.26865181037425,35.64974886723599],[72.25895826097094,35.6695069743676],[72.2578691588266,35.67172615319845],[72.25303936809154,35.6847319316165],[72.26520563765872,35.71362575687625],[72.26930643110099,35.720807716830045],[72.27762363383147,35.7353699840166],[72.28554146200837,35.76058853696979],[72.28589753407599,35.76358177871897],[72.29131632651789,35.79101246312493],[72.2773373347239,35.82093507526376],[72.27165331536249,35.83309450653877],[72.26336317394397,35.85082131691112],[72.26183259570996,35.878715063840296],[72.26084601482715,35.896678140967396],[72.27063300634936,35.91658820064606],[72.29716558871554,35.97051380051718],[72.31820683617356,36.01322600358313],[72.35372595054406,36.04003747849408],[72.39528499125846,36.048503877705684],[72.46463588448653,36.06259628183683],[72.52853269122201,36.08619720349144],[72.54924150953552,36.10383273466137],[72.56440145825225,36.11673581048851],[72.66879823767049,36.23193529760906],[72.72293901041046,36.27288214585654],[72.7906948422825,36.31282460896581],[72.80022208314817,36.318434751792935],[72.84734533812296,36.4241626988664],[72.87324386891211,36.47809482674497],[72.93524373436995,36.50354830072239],[73.0186920012593,36.51776276337639],[73.24443735124505,36.5337017850233],[73.32058999802148,36.53109931907664],[73.34098616816551,36.52227145681692],[73.3717882975989,36.51888004121613],[73.44665749505029,36.52410080273609],[73.51302097581133,36.52420501942604],[73.57829014771453,36.52560744044607],[73.63623200245615,36.54990921092269],[73.6382429780571,36.55075187557887],[73.6378042347368,36.56667230997929],[73.63588054480381,36.5699005804371],[73.61085746343257,36.611865177375],[73.55894498696856,36.62967692757519],[73.55703086569243,36.63033308794532],[73.55042381515447,36.63662012565363],[73.52686752225105,36.64066747939043],[73.50231087755799,36.649073164557855],[73.43481106555146,36.67421029149976],[73.42765818062968,36.67799190733205],[73.40365077621213,36.701779620221714],[73.39991983279805,36.70992541733211],[73.40384889641847,36.73379727286708],[73.42685635755575,36.74629709581817],[73.45163100204142,36.75140313432518],[73.47103864624526,36.75539898610275],[73.5271614966759,36.7568717977923],[73.59315618460288,36.74069153194177],[73.6331996907518,36.7217436907084],[73.66902407382294,36.70477265530006],[73.71248447289436,36.68598798153016],[73.73446191836238,36.67497027854417],[73.74765779044152,36.67420601319987],[73.76584278075478,36.669193739361894],[73.82668443589749,36.66665244688152],[73.85218343432126,36.675284699765655],[73.87973136118285,36.69600306841807],[73.90252177580271,36.720636872339234],[73.92527919750846,36.74731325161918],[74.00464547636555,36.758385454262395],[74.03246353511567,36.77180772086102],[74.03954351529241,36.776646401211906],[74.09250490794759,36.81280945007826],[74.1365891984174,36.835035703534814],[74.23971542198954,36.84043302222474],[74.27721974497508,36.84237368829131],[74.3146492039966,36.84827629836259],[74.31654067608595,36.86314755220397],[74.32380592208449,36.86486051206786],[74.33314661962113,36.88303987793904],[74.32583668897549,36.903987238889805],[74.32251657041058,36.91700950381575],[74.32726324016387,36.92450025620926],[74.35743333020238,36.943938518057024],[74.40185274584755,36.95613263793985],[74.452885182889,36.955997062232456],[74.48785079743142,36.9421595734376],[74.55494777511812,36.90069099254926],[74.56499845462736,36.89269272566695],[74.5650262520828,36.89266371219931],[74.60060395777099,36.8239280750593],[74.66340387383701,36.818006908627446],[74.70039221743859,36.83470204776402],[74.74446795350305,36.841621797820444],[74.88907745164468,36.88060298559085],[74.92986046059467,36.925354889046346],[74.95954589269684,36.967107854264455],[75.02643767707275,37.00586932114532],[75.07284292124453,36.99084717512126],[75.1252008328311,36.93149535150711],[75.14234590211981,36.9120349274723],[75.16498301269743,36.86653994439569],[75.18775721429314,36.81510143618368],[75.20544116552934,36.775532648395355],[75.23767922657552,36.73217356335937],[75.27435369908383,36.70876750580339],[75.34246768900728,36.68176175552417],[75.40084548401784,36.6565930938196],[75.43771624200811,36.61779736249824],[75.44013091044222,36.61525487421723],[75.56745675284012,36.48529418828084],[75.66191275686435,36.44644237912089],[75.84549672762189,36.39637728564179],[75.88199552677827,36.37970680667821],[75.9736960787377,36.337743214068155],[76.02201690128682,36.30221860430432],[76.05009743645512,36.2977263037419],[76.0540783472342,36.294764027640326],[76.0639580113812,36.29551401168131],[76.11632322339045,36.28718302465578],[76.17705276506922,36.28793169762468],[76.25651292970183,36.24052929688831],[76.28479395972481,36.17646627287895],[76.32313503171174,36.132707938131766],[76.37843247982661,36.11307570829946],[76.42185038871254,36.113397016798906],[76.4580507893737,36.10967743964605],[76.50842604486628,36.08394587423389],[76.54881989768153,36.03700635942497],[76.59414310011323,35.98425776832113],[76.59653390611118,35.95242209882178],[76.61766814481402,35.86306182401171],[76.6885456141301,35.783825374562156],[76.72150758816503,35.750171852737274],[76.76420563633258,35.730382219942726],[76.84069620835172,35.72837446334659],[76.90280691082614,35.72435289304706],[76.96488136825572,35.7183163763004],[77.01004116952468,35.704367418066205],[77.01837293089245,35.699572215204945],[77.05490585774969,35.67853295872459],[77.08520527614384,35.64680629668456],[77.12276603559698,35.6209925828358],[77.17030851279681,35.610940734127375],[77.2825467574163,35.60451951325851],[77.3186444482826,35.590410985830985],[77.33146094427968,35.56134032952857],[77.32632731221065,35.53520442904917],[77.30092640686266,35.514226685063996],[77.26156631245992,35.51497139720404],[77.18860875359613,35.513932694069695],[77.19497511999498,35.46567823322369],[77.19167926285758,35.464848476535394],[77.18147793629353,35.44714807242607],[77.19943657531553,35.417520995549715],[77.22918777024259,35.38588421424669],[77.2881943009094,35.37184574210217],[77.37396564096487,35.37142520560078],[77.45108991724031,35.390675154770996],[77.52057814108083,35.39810964196045],[77.53255272762782,35.4005684074555],[77.58561603064578,35.41144769453285],[77.605520976149,35.42900246914111],[77.60605935473276,35.42917340700699],[77.6297617037244,35.436695861104695],[77.66827374705771,35.442329928160504],[77.75117492294626,35.41845683300825],[77.77678291225045,35.398871768618655],[77.80097296623723,35.402720633617115],[77.82279993357741,35.41098177902748],[77.83440034227246,35.41007795181099],[77.83965964359064,35.41736109758893],[77.85228482316717,35.42213740788769],[77.85590439299168,35.444047238500346],[77.85882081083504,35.44939272723254],[77.86178387336027,35.47476856341958],[77.87047719305349,35.513587263742494],[77.88049839640438,35.54381745416668],[77.89642696203927,35.56020301590672],[77.92178736114218,35.5623317856526],[77.98916697318411,35.55265984408009],[78.01255097589073,35.54680731560257],[78.04532202060987,35.539027023441676],[78.07068452557655,35.54105834978852],[78.07827998589484,35.54916669504035],[78.07883021981051,35.549108827600335],[78.11389221510986,35.55900679962505],[78.14740326560558,35.600633293960215],[78.23048113625117,35.64453816263781],[78.29284974765986,35.68389059750496],[78.37318043241258,35.73446765334703],[78.42645151225912,35.769061583306254],[78.50787193310765,35.78622932045183],[78.53730781034346,35.795801607043835],[78.57665883764315,35.79995164993091],[78.6153099495631,35.81582045443287],[78.70023865740059,35.84948281182511],[78.76361413156593,35.867172991931426],[78.84768291605188,35.87467426538087],[78.88309932309198,35.88770535931029],[78.89611281981506,35.88909829138907],[78.93877709305085,35.873162624719654],[78.95686369279328,35.86640070671354],[79.01293683074941,35.845734053429936],[79.04621151504902,35.839377453368414],[79.10495730081986,35.84486465031343],[79.13661906816169,35.868739180519086],[79.13806571220225,35.87250124444744],[79.13822714516785,35.87243638929683],[79.16806177407895,35.876174251493765],[79.20570642281,35.88934018115801],[79.22309239164146,35.90041698424016],[79.22940654113937,35.934400200772835],[79.23770151645934,35.96255505012944],[79.25818765630869,35.98829174254815],[79.26287342131263,35.98904051624223],[79.300531599636,35.982205678012484],[79.3499583756538,35.960000768380745],[79.43855559342494,35.883570851330894],[79.57726206862147,35.83777626487201],[79.70179611499734,35.79986109160917],[79.77465022965983,35.780528232082844],[79.83299786947315,35.77824210942381],[79.86460329597568,35.789395192976855],[79.89750985297081,35.81473956608371],[79.90830337759031,35.81740855693733],[79.95386860701102,35.81094208522354],[79.95847253810793,35.81661355361097],[79.97291722116141,35.812521775501565],[80.13031005919377,35.681559245939404],[80.27957253743239,35.61210131580961],[80.33311217041194,35.56617461874964],[80.33973219391925,35.56049095830566],[80.34651988367844,35.51161504196589],[80.35059880526188,35.4822286918272],[80.31082393656519,35.376570223058216],[80.27625860935194,35.31382109397634],[80.21058180657019,35.194257221379296],[80.19580686641517,35.03372159374328],[80.19439728626567,34.95910700699463],[80.13593658138464,34.80749931746156],[80.11610617546998,34.753025096540256],[80.10383665600477,34.70596294785377],[80.08825455243164,34.70342349390091],[80.07352688365441,34.70193431286102],[80.02882140936848,34.69740250665215],[80.02598932546677,34.69733473211852],[79.95307706773367,34.69556698551264],[79.95154423283614,34.69458401471909],[79.93061753099425,34.68115968286893],[79.90810408900761,34.66670803619849],[79.88981831914253,34.666064354213546],[79.80209846127867,34.61654062075006],[79.77698284414686,34.57566871721773],[79.83700381437365,34.53132319633305],[79.86479983125969,34.49928715082137],[79.86315760001531,34.481604214890446],[79.86227055826917,34.481097324265725],[79.82552373938793,34.48055477548226],[79.78131006752322,34.48373971130174],[79.75272055803279,34.485790548034934],[79.7113331137446,34.4840432251827],[79.71017549724898,34.4839941476209],[79.69469681476161,34.48333685400042],[79.63573186958602,34.469951059477964],[79.62480489567018,34.46500900859879],[79.60109520869004,34.45427996486943],[79.5967259965853,34.44567490978665],[79.56499082783256,34.44281641206205],[79.55154961346776,34.425268895020125],[79.54784533625312,34.40959871530165],[79.55867887483474,34.2909576403881],[79.56023255076269,34.27393275748123],[79.57569219199966,34.232464471287244],[79.5741212105222,34.222455112282454],[79.57052700431043,34.199542513125024],[79.55397953379776,34.195429568884315],[79.52647074048443,34.18326825878294],[79.5251970437537,34.181671594756416],[79.51485752194652,34.17672339138404],[79.46933694288167,34.154920420264624],[79.44479295272633,34.08829136045453],[79.44024800224894,34.03327550285321],[79.43716152918222,33.99593489754408],[79.43823030871454,33.98019008084819],[79.4316806233195,33.97746793250876],[79.41932053882138,33.97942075285575],[79.39276684711206,33.989242938365834],[79.35857198003991,34.00188017960332],[79.33512041759339,34.01836404105841],[79.28839812567283,34.02066758937785],[79.24775167242828,34.01185706883752],[79.24089454207021,34.010369173813345],[79.20725077700077,34.00712814266447],[79.20173552892302,34.00588690986995],[79.18095214632798,34.00703635194203],[79.08273342553602,33.99758651959211],[79.08092739426904,33.997357853036604],[79.0662443052962,34.00066493350086],[79.06229639016787,34.00155378818448],[78.99132823082597,34.00239730674864],[78.98618302520826,33.99905992078038],[78.96145044688265,33.983010370519125],[78.9497355034694,33.9656920350117],[78.94253904513405,33.960851073314025],[78.93281952357678,33.89019908162425],[78.95409161159141,33.85926110479113],[78.98424868363372,33.815359764944354],[79.02799518723543,33.76608687462674],[79.02177185871713,33.749423775676696],[79.0074859329493,33.71114333009449],[78.99828174859609,33.68169604530273],[79.02433217457097,33.65016136604361],[79.08872930677231,33.62637201985061],[79.11920182781742,33.590904831025426],[79.11536669847997,33.56439233753541],[79.11447104429416,33.5642484892847],[79.0631330779938,33.554096308816966],[79.03389489824708,33.55546863780905],[79.01038232345822,33.55656719545878],[78.95969468201146,33.55543538635898],[78.95754976544673,33.55432884899766],[78.93932262099501,33.54492291393681],[78.93687042596423,33.53210457617162],[78.90725086147387,33.52862068662749],[78.90473940391956,33.49318717435876],[78.90418415843271,33.48534657229535],[78.96460651705887,33.311992085068496],[78.97255188994394,33.28571145439453],[78.97440608333972,33.279576463985705],[78.98544456626242,33.24303812670804],[79.04720402945395,33.22124244813157],[79.10716853023726,33.22099759126919],[79.12027602533648,33.21505188245545],[79.17034042238838,33.212413242961134],[79.22089659867122,33.218720296660926],[79.25518786517131,33.22821423114451],[79.290975639098,33.23150177371907],[79.37022956872308,33.232649329705175],[79.40741592669441,33.2294518109836],[79.42334623880933,33.22807856939491],[79.4555803377741,33.19612547685919],[79.4513849675747,33.144917706095804],[79.43868681028856,33.11763125524264],[79.41765281544488,33.07238650048264],[79.41158987480479,33.059089400412134],[79.36138705910919,32.94879634871063],[79.36045594171395,32.94254770897961],[79.35640028617904,32.915316052985595],[79.35830677903438,32.898778665678925],[79.36049915962099,32.879757626292644],[79.38042681363088,32.84006727703924],[79.48036359447129,32.70063890051965],[79.48604190687875,32.692702636771635],[79.51235262473652,32.653487995101024],[79.516780156129,32.646885471910544],[79.51740563665689,32.62066984881941],[79.51781690556614,32.603445514348714],[79.51666167520969,32.589326836371555],[79.49852622612218,32.56117024260263],[79.47961140771791,32.534571349133344],[79.45036134717243,32.513648190602396],[79.42135839458734,32.49632177347139],[79.41516584406621,32.494934248437076],[79.40165050863894,32.49190471110589],[79.39959968750613,32.4914448592214],[79.3749012030346,32.4969131586401],[79.37210738724083,32.49753137584925],[79.3492309823556,32.50891078972075],[79.3263399974675,32.52028142019032],[79.30829080945196,32.540553124279015],[79.27994984565609,32.53398648922046],[79.26207506799109,32.52617801650488],[79.24461005241172,32.51854460647079],[79.22714410858592,32.50043153818048],[79.19183317888785,32.463780262655334],[79.13591001376089,32.42709109642747],[79.11745391377907,32.40583170227984],[79.10512200797538,32.379033616985915],[79.10291291240354,32.37225032221408],[79.09002372875645,32.3626301402576],[79.06551748116387,32.312017776079685],[79.06013488484713,32.30781014291807],[79.01498790017307,32.30688721033912],[79.01002281835201,32.307428535889535],[78.95516933679346,32.31339570381546],[78.9171729462803,32.326667469104045],[78.88167176237273,32.34706752547901],[78.85043101355518,32.36737133416992],[78.7872779557867,32.435031932628775],[78.77111874677769,32.45510905548073],[78.75927546882153,32.55615791453972],[78.75171981123195,32.59178733692837],[78.74892809282632,32.60494642266828],[78.73095198534526,32.63224889543535],[78.70799506873416,32.64703064273507],[78.6968427060185,32.64001447248189],[78.69631422269647,32.63954255869869],[78.68101412052359,32.62587688139719],[78.66392581528488,32.60761899658308],[78.64404284222134,32.59609007799164],[78.61711270579539,32.57430634875782],[78.58431876998942,32.555965325604184],[78.58281931765633,32.55561049269876],[78.56410541447825,32.55284129075679],[78.55286623786772,32.55117672133852],[78.55041179310207,32.550813063462286],[78.54393125456897,32.547666970773875],[78.54326546830868,32.54734372029722],[78.52188269836171,32.536958784477186],[78.50734322540849,32.52651552822935],[78.4974932104269,32.51943810939548],[78.47518599469502,32.500087141415115],[78.46942291789793,32.49302161087201],[78.46602629761715,32.49117632705309],[78.46108202324402,32.48279140502714],[78.45930964125625,32.48061690768243],[78.43159322739697,32.501290972117964],[78.37702692666493,32.56205432046506]]]}},{"type":"Feature","properties":{"state_name":"Karikal","id":15},"geometry":{"type":"Polygon","coordinates":[[[79.78205268235241,10.935028913530376],[79.79995322806316,10.938093619359858],[79.80120653488383,10.71082462912717],[79.8007984475782,10.666958343897239],[79.77934790365443,10.673182751883912],[79.75222023032902,10.69649534553488],[79.73534985313825,10.728238163361919],[79.71711911602311,10.765727038952178],[79.70636773699384,10.818846113763536],[79.70989036028193,10.858866401472937],[79.729295836603,10.895778735587205],[79.75870516554626,10.92394520949795],[79.78205268235241,10.935028913530376]]]}},{"type":"Feature","properties":{"state_name":"Madras Presidency","id":16},"geometry":{"type":"Polygon","coordinates":[[[78.15579268768704,8.926639725352432],[78.15083793234453,8.90935631232817],[78.14407158036803,8.890893092041141],[78.13792718893242,8.874814037263278],[78.12876000940284,8.856370227984643],[78.12142609339978,8.8414952975205],[78.11529416531083,8.826610031477891],[78.11155529409821,8.810509764293284],[78.12605937827455,8.749449580731474],[78.12599455498496,8.741683271424751],[78.12168676305963,8.72917232434789],[78.12111454227592,8.727665589435764],[78.11738930216366,8.717856049383089],[78.10342128154123,8.698851709824735],[78.08270904854295,8.662574194922588],[78.07958564605127,8.64766247371941],[78.07649397268892,8.637052768849523],[78.07402749234528,8.628587812827664],[78.06786990866078,8.609517653529686],[78.06110817878725,8.58985448658884],[78.05796326748164,8.5719547740578],[78.05702360303064,8.556877739999686],[78.05658623264806,8.549858510564645],[78.06231201023404,8.515158871929586],[78.06244790866779,8.514072041669555],[78.0665185076611,8.481519182714539],[78.06851943611143,8.465518501795056],[78.06238175408602,8.44823945818216],[78.05205404020863,8.432187748089994],[78.0357296601714,8.398776160661154],[78.02770723579783,8.387778004693535],[78.00103144357297,8.359749006587569],[77.99586155077243,8.355461746467387],[77.98007175238955,8.342366455920077],[77.95674025256909,8.323013103736432],[77.93775631569397,8.311177507821414],[77.89712929395321,8.288593876019902],[77.86078937453831,8.273029030446411],[77.84260236484974,8.265237380193668],[77.8296882135768,8.25761196413919],[77.81135402266631,8.246784758997789],[77.79260035765174,8.235708114260404],[77.75734866224317,8.21178153836138],[77.7409385334446,8.202969775694136],[77.7008151142124,8.1814195475316],[77.6956140663128,8.178625541787998],[77.68672582592716,8.174731299171484],[77.65023367608546,8.158739638339394],[77.63633556872522,8.152647831757628],[77.63627680799253,8.1526220742235],[77.60936969782271,8.14357111011656],[77.59579038413352,8.139002409826485],[77.59136164488473,8.138610655809629],[77.58244812160824,8.137822037046172],[77.57673083502387,8.137316095740852],[77.57262711329214,8.136952892151307],[77.5709929795602,8.13680824960125],[77.5688834449705,8.136621517591072],[77.55797806677649,8.135656011264533],[77.53633485021541,8.128020952810738],[77.51854098411698,8.115844052237112],[77.50753343351685,8.108310357879741],[77.45999022363489,8.075763514384919],[77.44718393587559,8.0669945250638],[77.39821495876325,8.076364731465222],[77.3175385960844,8.090024245285077],[77.21975038882132,8.147261536902011],[77.18908440019787,8.169841009098713],[77.17141837137245,8.184291091156899],[77.12863589970418,8.219278965455393],[77.11919645641973,8.226997394195195],[77.07887460826534,8.259962664158948],[77.04361096221923,8.288354759892908],[76.9973622019553,8.325581954066667],[76.96473428714094,8.349124541971566],[76.95836136858112,8.358373144305482],[76.95344142503723,8.365512841081223],[76.95133732034726,8.368566184996707],[76.9312657411371,8.404471755720873],[76.9157735044471,8.418533741114103],[76.88713092171517,8.44452831623149],[76.8710586733433,8.45929088647039],[76.83141592745962,8.495696629583824],[76.812135977685,8.521810344754185],[76.79710441768277,8.527198783726552],[76.7892731249865,8.534387863093482],[76.7634193235872,8.572257484074097],[76.75383712884178,8.598967846214089],[76.75196418344865,8.604188350561564],[76.70225450589541,8.657575481980391],[76.69385481117575,8.672456823920978],[76.66036161658481,8.709683982266435],[76.633440599938,8.739106109947897],[76.59690671431463,8.770960124846445],[76.59264333021885,8.772677550839603],[76.56394028230471,8.80230026541748],[76.56296704230103,8.815342513073068],[76.56283174954793,8.817155564099464],[76.55866800031649,8.827938473866343],[76.52330452898778,8.8555962273507],[76.48856592411983,8.890426249865172],[76.46852553709755,8.910515376853231],[76.45661229455116,8.925150236145976],[76.43892464379611,8.961199114194784],[76.40677405012205,9.047452572375063],[76.40217922553884,9.064129491920076],[76.39446509261869,9.096848593070243],[76.3858046925449,9.159611095066811],[76.37680687016565,9.175679109442635],[76.34959474477478,9.224264885605221],[76.34334422869647,9.237538438125522],[76.33443714922915,9.25092071102717],[76.33119692341747,9.256604025611566],[76.32279180497669,9.279723458406753],[76.31785977390882,9.29041013734822],[76.3108457712391,9.305606973994559],[76.28697369954806,9.364072501770842],[76.25688557750837,9.437872014408162],[76.25169172629418,9.46755853466973],[76.24884321457054,9.479531591313096],[76.24165318198678,9.49056304028813],[76.23252612511149,9.499208635261716],[76.23068952413543,9.501307373174145],[76.2283118779833,9.508055659101984],[76.22137900634117,9.651214165052684],[76.20789638435392,9.721841573345213],[76.2051102045877,9.78737272204502],[76.20275497145197,9.803172079070121],[76.19704813866875,9.82616102900146],[76.18892471546084,9.848201427761996],[76.17649145908757,9.879827150924966],[76.16988045131392,9.904944115229817],[76.17394058644129,9.90281031787649],[76.19388843670758,9.883321938813438],[76.2143135295035,9.863363964667412],[76.2422251497541,9.824732474139656],[76.25581766125077,9.7904441177016],[76.27786316742717,9.73481882343833],[76.29715626910351,9.636163692387973],[76.29337539244999,9.582895084469817],[76.29440048257487,9.528687373901459],[76.30018005120252,9.506454446696337],[76.3251378791284,9.483337703397167],[76.35680659579576,9.481507565082701],[76.39526089574225,9.487255681396736],[76.41457427834293,9.503410905432023],[76.42138031245413,9.518745046445247],[76.41174000184196,9.531361234701546],[76.40694794025893,9.532369008441417],[76.44027158490967,9.544465569940824],[76.44032789446172,9.55786273291392],[76.41149971893408,9.580948217162447],[76.38650115101265,9.598274639362883],[76.37120450567497,9.63087290662134],[76.35977065731483,9.66536954696755],[76.35225447083022,9.715162339879049],[76.34666649461879,9.764947503006848],[76.33171312560327,9.885586323184857],[76.29908108860073,9.931649479044744],[76.23581959875594,10.009496529082442],[76.21800439544057,9.989554673695856],[76.21216138450174,9.975938482893755],[76.20633210493034,9.965910901247966],[76.20585186495607,9.965202378456105],[76.20439934305561,9.966742100440738],[76.19919140469871,9.976545279889944],[76.20188595768505,9.980033574067996],[76.21546904943318,9.998167647067591],[76.22131896271821,10.013458448265714],[76.21843924458683,10.028751697137404],[76.2175319894139,10.033569628278391],[76.21372327006462,10.047938794219618],[76.20417721283805,10.077641122323545],[76.19777400429751,10.119442735477818],[76.19757667462733,10.120730840870461],[76.17648571388577,10.163872860773306],[76.17166289709591,10.165804182904848],[76.16486648455191,10.156258184987093],[76.16958159575519,10.12465964526443],[76.17419958424281,10.113358507110808],[76.17819741834312,10.103574417950549],[76.17909351733995,10.084430764225798],[76.17900661714663,10.060505482377133],[76.17700607095394,10.041372094314669],[76.17247915866007,10.032969866086333],[76.1502074675099,10.120735327057298],[76.15002663296738,10.122509364060836],[76.14577804245772,10.164195847448424],[76.1456003958548,10.165938778900875],[76.1448646088377,10.173157660534045],[76.14424570137574,10.174819818656053],[76.13694623397289,10.194422327456362],[76.14012510454933,10.200221647684362],[76.14282351585749,10.205144237836567],[76.1358480079883,10.218940557139529],[76.12728164249287,10.235881683935148],[76.10563420380744,10.278684346727124],[76.09714337650588,10.301781055612102],[76.0892744702108,10.32318327448055],[76.08579973530536,10.332633178278021],[76.06872319645332,10.376464962757193],[76.05565147897607,10.410009541031208],[76.04879899942814,10.419939935064553],[76.04178416013458,10.430104874644888],[76.02702470948192,10.465917313280869],[76.02389323538182,10.473514536675445],[76.02204148999695,10.47645001478852],[76.01846212614835,10.482124026783229],[76.0165081401157,10.485221392072223],[75.99759650436374,10.515195710656656],[75.98573794240394,10.53398789244529],[75.97759579180924,10.546889248692596],[75.97467757885458,10.551512910934218],[75.97116906988667,10.557071645487534],[75.97040512785185,10.558281973982064],[75.96519714893799,10.566532799218484],[75.96324461793758,10.569889181191172],[75.92670516005249,10.632685702399609],[75.88621758065817,10.683527498109392],[75.86571790787526,10.773940026662371],[75.82848402387765,10.868760802454643],[75.82770292119997,10.871275579069707],[75.82568145711598,10.876502116427908],[75.81347717197653,10.935502908485692],[75.8099249425419,10.96113270412257],[75.80787798994822,10.967722860936735],[75.80778242829962,10.976589621193558],[75.8057901510556,10.990961586725117],[75.78389661738832,11.07174723687145],[75.73860268778773,11.215240555985492],[75.71513381068941,11.27312017869392],[75.69300707464592,11.313846723752784],[75.6843448660832,11.329787027177819],[75.63848948439991,11.388803670075033],[75.63418510822545,11.394899096881266],[75.60801401369673,11.434635062812502],[75.60239386214155,11.467198975697514],[75.58698772909135,11.496126206236198],[75.5826984382981,11.50143686096393],[75.57143305357411,11.51538354357751],[75.5711654563195,11.520595434478398],[75.56246114453938,11.535686446505485],[75.52042518484713,11.58646477383788],[75.5118389152894,11.604550674410863],[75.51114530709492,11.61419823702462],[75.5096951646916,11.634367094876032],[75.50826749210887,11.654221422852174],[75.5081920501727,11.655270521474204],[75.50776163467467,11.661255789603011],[75.50598522656703,11.665042039490732],[75.50513104269699,11.666862614770135],[75.4947543488194,11.688977094842684],[75.48887472594299,11.691894697080013],[75.49795241817866,11.702749577090573],[75.51140276084212,11.707436066578058],[75.53833751096363,11.716818504612466],[75.54586087987798,11.719438616519303],[75.56729307032175,11.75193726021329],[75.56353279956086,11.813196911052698],[75.54219752764018,11.832379755792616],[75.51113576211743,11.847750540208297],[75.46644730573175,11.851655940653595],[75.39316674699025,11.851767149978402],[75.3578897863512,11.845362536459714],[75.34813669448101,11.863349701421837],[75.31247405064121,11.905024678413252],[75.28042051590198,11.922285972856024],[75.27241365394863,11.933778894264627],[75.25786142709421,11.962505255401766],[75.2316432339007,11.994829829409136],[75.16241701704142,12.064506696142265],[75.15884251978588,12.06909828960963],[75.12159838826332,12.116927938826844],[75.10005854389239,12.142208147165718],[75.06836301413924,12.179395825503619],[75.06399343400011,12.21385173901247],[75.05935597379907,12.221898830648135],[75.03999392776977,12.255490437906973],[75.0362700617975,12.261949912946012],[75.01948776556243,12.325118460460978],[74.98298239022694,12.376082570968684],[74.96472405655277,12.404075010426968],[74.95814781145414,12.428479222698666],[74.94426850892317,12.442832668320268],[74.94378744308267,12.44360594941328],[74.93623130109755,12.455751229202452],[74.92819111998934,12.476565281036468],[74.90479976916642,12.52177902231239],[74.87483453922786,12.544736054529496],[74.85288514535587,12.597123467165014],[74.83678116117602,12.638745667615293],[74.80820444907738,12.733473676866621],[74.7679125684596,12.81742098789674],[74.75248584775429,12.885595001738917],[74.74070881138603,12.954489029665854],[74.72819838974286,13.018356967532268],[74.71928201108929,13.13534154446589],[74.70676285748092,13.193465286098046],[74.69427599146039,13.2207250522173],[74.68398898628392,13.24439810816222],[74.67884519331076,13.255875576697864],[74.67733050347796,13.293196225721802],[74.66996828386132,13.318307657502546],[74.66555808798608,13.327632483377066],[74.66331060200226,13.362798608458958],[74.6449449222616,13.390047398319712],[74.63539718552136,13.401517514284432],[74.6351474597434,13.401980357961575],[74.62804476406107,13.415143673124378],[74.6272184054967,13.475431646232886],[74.59927259379891,13.522040642051728],[74.58009682475266,13.58157988192762],[74.57902105979956,13.62048985067792],[74.57852911327873,13.638276747762536],[74.57335208615036,13.660517004066323],[74.56303734520328,13.682030365236658],[74.54759870758659,13.694921399382673],[74.53949635593993,13.709260590734516],[74.52918776696879,13.725030684728045],[74.52911896905587,13.759480317028292],[74.5244016361411,13.913058529145628],[74.51327112991328,13.965427980338498],[74.47787547233943,14.019180827162659],[74.41658649206988,14.12956253917482],[74.38400668330058,14.212012549972513],[74.38144719769902,14.241922497799978],[74.38103492084778,14.246739403090201],[74.40456503182524,14.254942014638646],[74.53157125418551,14.25718121898319],[74.59900473278599,14.266873165922533],[74.60860032688386,14.27626344789748],[74.64200148845609,14.221488357886674],[74.66901247097971,14.197604382304533],[74.67639262376176,14.180868403512974],[74.68746895659358,14.1497831715126],[74.70467196391513,14.117508728979194],[74.7279733151864,14.105574588921709],[74.74147218734754,14.090039338677585],[74.7611149275464,14.056566928795704],[74.79543666095293,14.042244361044574],[74.82729219748296,14.043465378904521],[74.86772633875422,14.042294696384813],[74.90695752794045,13.984896303880657],[74.92901429936983,13.959783866126537],[74.95106679527788,13.932276975097318],[74.97556337303298,13.902375881531409],[74.98046403700039,13.871275270972095],[74.98046863079477,13.81625013999759],[74.98536935204598,13.744478199014532],[75.00739423487802,13.69543388844875],[75.03552984671144,13.672703385688042],[75.0648832600998,13.649969344947882],[75.10157158426959,13.632013798014707],[75.13091428569705,13.61046816446929],[75.1516861602852,13.58055090353209],[75.15533912447441,13.55662423134197],[75.15408870112779,13.513560925040327],[75.14673982336309,13.490837005163423],[75.16138514451619,13.456137346282716],[75.18947893267737,13.434585596731951],[75.19799832373788,13.391514638604017],[75.19919170484536,13.356822824349067],[75.21383422022105,13.336474828082578],[75.23702708645739,13.31851063374164],[75.25900018594889,13.305330552742182],[75.28464755574826,13.302910653710722],[75.31030501858586,13.308861804852153],[75.34453432014297,13.329153604695904],[75.36653656511258,13.338692583662098],[75.38730170544767,13.337465500053721],[75.39461374103823,13.326688230574021],[75.40435418857768,13.307533345507641],[75.41165450661417,13.290774505974328],[75.4335962354042,13.266813628504705],[75.4714217636288,13.249999422450356],[75.48605871651475,13.241598444252524],[75.52268868461124,13.240329875548017],[75.52758070684091,13.243908446090368],[75.5557037463561,13.26059563954836],[75.57162086506568,13.278503452036224],[75.58750290756974,13.280859700735135],[75.61067696593075,13.26884325940643],[75.6301544931277,13.24487205194048],[75.63985440392653,13.218531747709003],[75.61657545686238,13.186291605096821],[75.59815913839059,13.143271884753348],[75.58710575055882,13.11458832681864],[75.58579766364367,13.077508697493204],[75.59793112234928,13.048771764538454],[75.6088331727943,13.016448561019688],[75.60629745924098,12.97697930001674],[75.59406295795667,12.961456624516382],[75.55981557112814,12.91846812690939],[75.52316130637068,12.885049313938726],[75.49867780951784,12.836050823439876],[75.49496909107503,12.809740243136469],[75.48756342748898,12.761903712257498],[75.48213287806041,12.7449571187037],[77.33768414859117,13.897460095512114],[77.36934279998852,13.925445658924412],[77.38319483526212,13.963559114867946],[77.3785575600098,13.988705204769943],[77.34699043414804,14.014113784253114],[77.31027975725884,14.01566208017125],[77.26715375783328,13.98738124824152],[77.2547158311177,13.96717600206727],[77.19094717176746,13.954609960681914],[77.1640659748743,13.959632406124953],[77.14576212026316,13.965771879206631],[77.11144657991235,13.961290643345569],[77.07817367166096,13.936472160703952],[77.06083782272398,13.913904989190401],[77.01562985785816,13.922651638677504],[76.96591671189208,13.978053612180034],[76.93075427174226,14.018985482956893],[76.90665119673001,14.065804508866234],[76.90197005520173,14.092144426404479],[76.89251670593389,14.134064613192102],[76.87466759706305,14.191732549992548],[76.8650629176739,14.222753930447908],[76.86895597329726,14.249026644064672],[76.87767443643851,14.265696438790727],[76.8936895451846,14.275134348185802],[76.91956351880859,14.290469521083002],[76.92235852482361,14.290446955585475],[76.94530708077397,14.290260439098525],[77.0465225972031,14.230832752685238],[77.08069335528707,14.214996486039318],[77.12714478209818,14.20263337370693],[77.18454759063818,14.182989840814656],[77.21727694424756,14.146827942738158],[77.2572264827164,14.098641795227849],[77.27919784896356,14.091262884805996],[77.35037842182669,14.106117784169987],[77.36890723732597,14.121474617069177],[77.37296541997586,14.158487670314804],[77.3428480645725,14.207790121528692],[77.33326786089422,14.22939888662575],[77.33595193276363,14.252082965446858],[77.34586598669469,14.262743086865244],[77.38027722027483,14.271963822272374],[77.40235996760173,14.274132553807636],[77.44686186781699,14.30953515086285],[77.45493110503088,14.375186791587387],[77.43235121756805,14.44115556395916],[77.41200723667653,14.48797763106732],[77.3741866941043,14.507486579595847],[77.35820137950067,14.504062063847114],[77.33717173324902,14.487538830487933],[77.33440603217865,14.457684790004205],[77.33409431786384,14.427806274175063],[77.31425109808696,14.406486780949786],[77.27754923102795,14.415210780899308],[77.25934759585404,14.434510860591256],[77.21696798544214,14.489899257062687],[77.18150873394043,14.502184931278485],[77.14594121430792,14.50370818185746],[77.07224842485283,14.49600226378618],[77.05852083210945,14.471018443329879],[77.01900440184048,14.442669374157271],[76.99314875741499,14.432129984889741],[76.94160951155447,14.430168946233334],[76.91096376465791,14.432910066306825],[76.89748030162924,14.434114830354629],[76.87070276936744,14.459435926525364],[76.87091308742002,14.4845413159213],[76.86253390947708,14.509714987532499],[76.84546299420113,14.523001305592178],[76.83343731065204,14.552985417976965],[76.85573020662734,14.576721200389908],[76.91500111972513,14.616891207489195],[76.92870399735565,14.639493195239963],[76.92530253447737,14.671800520500874],[76.90089757603211,14.689934579100074],[76.87907796597821,14.723587657580309],[76.87480832747119,14.72865947828764],[76.86083594516302,14.745254994874601],[76.81574032246778,14.78865436981461],[76.79381004306119,14.811542185532318],[76.78535496557195,14.829541770343141],[76.79942816371644,14.896384615168063],[76.81576059432612,14.938100560366722],[76.84547423974465,14.961773449012949],[76.87531925896555,14.999786932377587],[76.87796699946561,15.021284476816028],[76.87210909645499,15.054807383242405],[76.86738641643962,15.077561206920084],[76.8887563638807,15.128790829840828],[76.89272440470299,15.159840597227413],[76.88194378652449,15.193404899445428],[76.85738673068202,15.200782010396765],[76.83645886637834,15.200953838121963],[76.80811371121331,15.197596831163084],[76.78715537946725,15.1941776149125],[76.73156216484267,15.170700481279193],[76.67721085395533,15.147199146822969],[76.65714547618151,15.09952203383173],[76.672797195598,15.055168591506508],[76.68961700084134,15.00363209028915],[76.68330791139611,14.983353084821148],[76.66460073503468,14.950012431444849],[76.66688491469904,14.927278493292496],[76.6717478511219,14.920069126322344],[76.68622319338823,14.884093717731028],[76.68474334507795,14.851822224030386],[76.6611244898544,14.817320095302412],[76.59335465206948,14.79388514296554],[76.58091859117607,14.773643755248907],[76.58069400617748,14.742556884633988],[76.57177676523739,14.69837615788383],[76.56182241288136,14.680507543610407],[76.50794171148051,14.704778725180063],[76.48110956050036,14.733649942117552],[76.44704803281904,14.78528363621713],[76.43623174041556,14.82242019404839],[76.41919525190592,14.848832977963854],[76.36019562976443,14.850385568503633],[76.33693373542488,14.866067639067506],[76.31128883905869,14.894915242143801],[76.25105076825326,14.897643694027407],[76.2078990801943,14.87754559890316],[76.16711754971855,14.839488553276126],[76.12652333093618,14.834907420317077],[76.10441297239174,14.838602356638846],[76.04543037395685,14.844857674930923],[76.01822578479917,14.811493623060416],[76.02413658411247,14.761238084910964],[76.02146120417086,14.714608178868959],[76.00411691255513,14.683589236732182],[75.97829047890194,14.677719684603176],[75.91443081889996,14.683959786269734],[75.89241316316888,14.707965177128193],[75.87049527647481,14.75828002176502],[75.83383434414755,14.813430874814522],[75.79089816004767,14.838698306690269],[75.76381124663038,14.828025808868793],[75.70493971592872,14.786712024346864],[75.70448435493726,14.79960787123878],[75.7084096858829,14.872552984887832],[75.70612561545957,14.926380597319218],[75.71119537728713,14.97181313909738],[75.74077546296424,14.987266959672688],[75.75069760845797,15.009958346654876],[75.7508816963026,15.062581224650577],[75.7411845395085,15.105668594226033],[75.73507462983261,15.118844349254042],[75.73879697427215,15.127204093005377],[75.77327378689675,15.128284733628364],[75.81266163999037,15.125754598859137],[75.86192121505435,15.129159969103254],[75.88532767956482,15.132657309384863],[75.90630805619361,15.144533488918082],[75.93559291549988,15.196317177203873],[75.94804159477326,15.226163013553098],[75.95311372821408,15.258431188839385],[75.95685262948079,15.267982538795307],[76.00001457332927,15.277361260029624],[76.0320217420759,15.272432535620881],[76.10471602835311,15.274477617071364],[76.1380607758644,15.28985671490549],[76.16401122904686,15.304073291699485],[76.18624173920693,15.313523087245285],[76.2269490292584,15.321673995774399],[76.25775170179112,15.321502691090236],[76.28485773043683,15.321348431774172],[76.32931819700748,15.337829039074247],[76.35537864366766,15.366370399735944],[76.38268662279697,15.396096095714018],[76.43348804063247,15.435233024011998],[76.4767921566919,15.457667174038923],[76.5534464846792,15.48703437813041],[76.62870913996382,15.49366674129246],[76.70267253883443,15.491914026667725],[76.7237003231235,15.500120059303544],[76.76359942806774,15.552408942678545],[76.7739160924711,15.60492928324964],[76.77542755068725,15.637196142483132],[76.77816356034066,15.668257400981172],[76.78216612728238,15.70289466859128],[76.80338712300282,15.730216934657028],[76.83058235274223,15.734772315483639],[76.8763356350056,15.74394705174462],[76.91227374426857,15.759175278082344],[76.9420561345836,15.775647440815202],[76.94356408453632,15.804323735184589],[76.94915593525934,15.872411345709663],[76.9531721487242,15.904650691866076],[76.9608382643959,15.930879668293768],[76.97580244193024,15.945087557221317],[77.00447776884249,15.971120479112068],[77.07369059782266,15.972855171138495],[77.16026205887641,15.980370046561683],[77.23970246155835,16.013022748681994],[77.2943684484625,16.038738719100746],[77.31913777043108,16.043252664533906],[77.35497310441139,16.04286180514758],[77.38207265310484,16.03539172290692],[77.40299199388195,16.02798779515621],[77.4311921655568,16.00974414399314],[77.44213651213332,15.995279357922096],[77.4604467771718,15.977144927231254],[77.48994082425347,15.962452002804],[77.49236884886783,15.96124218448484],[77.51211469058535,15.959817628842785],[77.55172578518415,15.966521478944248],[77.57276694343885,15.969855754134974],[77.62723185575932,15.978756700390248],[77.66304725573696,15.978316079454276],[77.71857222251371,15.974036711126622],[77.80983518697606,15.96450041930957],[77.97600302290815,15.927622778476152],[78.02271057721583,15.91383278593432],[78.07176935718682,15.892833112564704],[78.09731817714456,15.868578420199093],[78.13387165351436,15.838190403999965],[78.15605804707748,15.836673896815222],[78.17342145196979,15.842392374602518],[78.21429967852305,15.852538991136731],[78.25273248777646,15.86390827029083],[78.28025888972357,15.887378806751212],[78.28930299152793,15.91232156564017],[78.2910821208712,15.945734690924013],[78.29519461760084,15.97075185453766],[78.30665606624648,15.992072850962307],[78.32293953385413,16.006152599772292],[78.35796227462286,16.03307444756404],[78.38038516740951,16.044663798050053],[78.41647263216964,16.06080920299064],[78.4573591121768,16.068511086252325],[78.50797742341979,16.067686637690002],[78.58072768594177,16.061704835740517],[78.63350272946079,16.044099950459497],[78.68159287558967,16.04089062893469],[78.72972352664036,16.040057645592658],[78.79508203981486,16.036521731300006],[78.83847564081832,16.046491458508672],[78.87462967473284,16.064938177243114],[78.91498334289486,16.10836573482752],[78.94132681226661,16.12936447816052],[78.97600636718917,16.134687569863782],[79.0019023927761,16.13300902665684],[79.02636996423368,16.12180683614921],[79.04105860790658,16.11556165310571],[79.07309549539166,16.112565146582945],[79.0783736120207,16.12917158973483],[79.09367396715164,16.152745310479816],[79.11275565053111,16.179823965936645],[79.14265426932984,16.192369196709578],[79.17724205519995,16.192884556651176],[79.19069377931235,16.18665320404858],[79.22253088071838,16.174090461837746],[79.25071186294963,16.163983227896843],[79.28284819087727,16.165724385004385],[79.30411076767714,16.178418804941792],[79.31035482482008,16.195328365528223],[79.31198209556436,16.199734488817995],[79.31037119378082,16.239138720755836],[79.30358859691148,16.267910717404153],[79.28836922137097,16.306399328811803],[79.27669503612144,16.33765737583356],[79.27153298682181,16.38429384717391],[79.27213222866831,16.411723358438056],[79.29281947032611,16.453058989656945],[79.32571820993985,16.48697967136025],[79.35701774909228,16.504224035122476],[79.39702863435579,16.523664753034968],[79.45328019431533,16.549906401231972],[79.50811317291834,16.567810540607546],[79.5862138564714,16.57564387101937],[79.65307411718106,16.578927889484703],[79.68667643993724,16.587712901741273],[79.71421696077903,16.60139947795261],[79.73454919178863,16.623593447947478],[79.74090584406676,16.63060288643124],[79.75100098898398,16.63871872777676],[79.77231167527546,16.650152822535823],[79.7896484261619,16.65094468742166],[79.81048482200127,16.643307224839745],[79.82378335370305,16.631074399509895],[79.8455517728436,16.61148944644636],[79.89706220845413,16.594780367785404],[79.91680198018325,16.59312143401983],[79.94027803583799,16.592563952339148],[79.96613224058682,16.588370552134617],[79.98818584924362,16.580689238370685],[80.02481275641544,16.563117725024348],[80.0430300061538,16.550756447520797],[80.07640794380735,16.551136421620352],[80.11149170314457,16.56934754761635],[80.12900396918148,16.577259088653832],[80.14183072192577,16.59481970863899],[80.1486428026269,16.618487621540663],[80.14802209172613,16.687629895153947],[80.14872609336723,16.71383282252579],[80.1443266763887,16.7342040346846],[80.12860900117438,16.747706620718606],[80.11146138803974,16.75409270631993],[80.09678494401211,16.760416408675237],[80.08087086721712,16.766769879651246],[80.05902578155845,16.78280425533082],[80.04827535351939,16.797372637606635],[80.0426599876986,16.81896669602795],[80.04563947438403,16.83796536293868],[80.04992056071599,16.859315698090978],[80.06165826403671,16.881673146359123],[80.07841251404086,16.906288378562973],[80.09637698591197,16.929678968856145],[80.10536104152946,16.94137320436163],[80.13899957405266,16.948870447657022],[80.17387670820979,16.956329928326593],[80.19019301171431,16.96425695889652],[80.20537164539627,16.97578667689697],[80.22319245831038,16.993205474838316],[80.24325941772098,17.002222058843046],[80.26192348747014,17.005314251623663],[80.28419999580497,17.004735689776005],[80.29520376204397,16.99968259487644],[80.32921202984637,16.976153615938816],[80.34726401083074,16.957806887446193],[80.3639063710618,16.933539101751155],[80.3732598482476,16.914229043165236],[80.39955107458663,16.88136602844344],[80.41497930124818,16.858320941145738],[80.43854625955807,16.817189129707213],[80.45499728092398,16.786968427709365],[80.47779277055042,16.762535384595182],[80.49478229117574,16.75136046483787],[80.53054106612797,16.74801964014054],[80.55792669259053,16.754428582065835],[80.58294684421554,16.764470968644734],[80.61188524374634,16.781549005791074],[80.62504805641065,16.808583118469404],[80.62564674994775,16.828814626373198],[80.61872549503607,16.84567954692974],[80.59079180865463,16.86312021347419],[80.55677612511239,16.884297446195752],[80.51777129878455,16.904414727988115],[80.48023491843128,16.932826278696698],[80.4489743466446,16.964639861059727],[80.43474914591816,16.986465167398606],[80.42241159897299,17.03087639396994],[80.42942625898476,17.05928183411308],[80.45487202204858,17.082424552729726],[80.4836181912243,17.091177279290747],[80.53064953704444,17.089895600964038],[80.54921342022456,17.089386697320233],[80.56194326079334,17.100948359936744],[80.58984737945681,17.12280915532754],[80.62351560390734,17.13021082879038],[80.64455579730281,17.12962296646118],[80.66643503833866,17.11590850931813],[80.67975761816598,17.106006260018663],[80.69031415057673,17.08665389718821],[80.70028935668425,17.048263130134423],[80.72364887135149,17.00235050081325],[80.76692535030615,16.960637874045865],[80.78790473584979,16.958851146458777],[80.82415796647864,16.97091408932367],[80.83670425700451,16.976507640835475],[80.84438013662614,16.98462172875197],[80.86130436766202,17.011518849486517],[80.9019913479789,17.085345002629563],[80.93104067887806,17.103542669062865],[80.96102766815422,17.112183049778334],[81.00686451135886,17.113204306897373],[81.02533818679295,17.110272675846602],[81.08624126282265,17.117966561416846],[81.11917196547375,17.140773564879282],[81.1335195155674,17.162950049698512],[81.14663419863527,17.185162224841843],[81.16629353709207,17.217882510199733],[81.18568289277266,17.24227678549263],[81.20946779191978,17.249871157357866],[81.23337406452126,17.26102821165796],[81.24511142695438,17.278511528796415],[81.25457829460034,17.302014235851455],[81.25893665080554,17.320916445347688],[81.26928208693792,17.333680603867116],[81.30529268783032,17.336114746172385],[81.3526030159778,17.342941195601938],[81.37644475373324,17.387388396610685],[81.37718931388716,17.408779096782148],[81.34818159956205,17.429934104627925],[81.3079810844949,17.45025342337947],[81.26789203305532,17.474133242565575],[81.2365434918312,17.50011236336646],[81.19580004901701,17.541854488250845],[81.16778322250163,17.55701316158544],[81.123085239614,17.55602556536849],[81.08926075897404,17.546360508445993],[81.04776400110113,17.529781806652846],[81.00882978246402,17.515495051885157],[80.95568793781142,17.521865230972843],[80.93167192352728,17.54639799396484],[80.92291800161897,17.582377029797414],[80.92439705048879,17.627572960444674],[80.9058416417268,17.705518291619605],[80.90040124990631,17.804500437898408],[80.8878796491988,17.839406579443445],[80.86910491467432,17.87331158684406],[80.85521593816938,17.904687865694672],[80.80952485108402,17.99060420289666],[80.73305498844347,18.05005049305007],[80.71742680026827,18.067187485491107],[80.71687850873248,18.088639929386805],[80.73534296977417,18.1202435199635],[80.75089716694013,18.138831729069178],[80.78033950707821,18.162953441176985],[80.80169123386901,18.168261900501726],[80.81537951585311,18.167846834462097],[80.84054423370613,18.175416034292816],[80.85081738442366,18.18462776870681],[80.85904147231219,18.20699864694717],[80.87722590923697,18.2290623904181],[80.89609667011001,18.234433717914282],[80.92476355452702,18.234736881939256],[80.9419445205527,18.22705988636764],[80.97974860207634,18.20326156543513],[80.98224564771172,18.130566576991665],[80.97974632188246,18.093740716709895],[80.98234453722458,18.06032755953693],[80.99400828972392,18.037346782975355],[81.03089187018456,18.024292509670698],[81.05674672355961,18.016340274475887],[81.08135558108333,18.008424409159428],[81.10587916100839,17.998128204363795],[81.12041870950983,17.986956060462933],[81.12737900613936,17.97245323569258],[81.13152504342733,17.94851834293983],[81.12644421972756,17.909403366332523],[81.1191304060946,17.877499180437223],[81.1066110675098,17.838616268108392],[81.1055136455241,17.806514905752195],[81.10549741335409,17.76961876386091],[81.1281399678658,17.741535229487866],[81.13182138031972,17.740229604081765],[81.16163720052666,17.740482109420196],[81.18561775627919,17.751625336446462],[81.22093119704031,17.7671639657081],[81.23763879954024,17.783290353917078],[81.25583975318908,17.806506148003617],[81.29484817985306,17.820717804576617],[81.31238756764178,17.824909162693302],[81.35059783013507,17.816527483659947],[81.36989743790997,17.800430551226352],[81.38915096222526,17.783144489051587],[81.4084856767763,17.768234195117813],[81.44171340340446,17.76000256671916],[81.47566612583286,17.771963880221378],[81.49114974577135,17.78810216522344],[81.50895904593135,17.833897163414388],[81.53476796240976,17.860388097471805],[81.55500942954842,17.87041034758435],[81.57556007807781,17.8887446351085],[81.58565365779835,17.926460195758242],[81.58564251139002,17.93011885531387],[81.58556026990887,17.95738557049738],[81.58201035926231,17.99556483580432],[81.58041327340085,18.052707086497882],[81.58786748825335,18.085752870675194],[81.60601409444129,18.105347536008225],[81.65131111108181,18.119242659383303],[81.68507123608077,18.12401454108463],[81.72499519010692,18.12737462850708],[81.7606379520369,18.14871153973633],[81.78704356102502,18.188201041740733],[81.8014099993168,18.237624222807835],[81.8090631923541,18.274206637131083],[81.81308669355037,18.313295798124766],[81.8311904553597,18.33047848596745],[81.87702387152383,18.35616512960665],[81.91856808588061,18.36772915901884],[81.96370049248559,18.375584590863717],[81.9891854324846,18.390096816869264],[82.01908009245304,18.421079292810777],[82.02235859540737,18.470873159181743],[82.02213491519669,18.495839379318035],[82.01037683893358,18.51291636623259],[81.98425393785496,18.51388767890467],[81.955641289337,18.514947412974667],[81.92468238059949,18.519655168609106],[81.9128635407211,18.535542813014633],[81.91119046691776,18.555812220423142],[81.92459769210316,18.579091949723736],[81.94035389553825,18.598716772483584],[81.97473734640857,18.616457891018594],[82.01017557828871,18.62939696702404],[82.07419614240631,18.640060532847077],[82.10705216449365,18.650698280321468],[82.1260698695495,18.65829231685582],[82.1418540531707,18.67788987749617],[82.15032330301449,18.701330184810757],[82.1490861987352,18.731083237162483],[82.14103112244142,18.776545506141584],[82.14703283285465,18.8297854766738],[82.19876999022294,18.843230062688384],[82.22002880135355,18.87329335190787],[82.22275747037202,18.90764135184555],[82.2117784994055,18.942525397313474],[82.20219785854562,18.980919929713533],[82.20098624009444,19.010670772441735],[82.20263071118484,19.048626795960672],[82.19809256351449,19.088013706047334],[82.17250796435665,19.103275056819882],[82.15548408513158,19.143152809157662],[82.16400257771728,19.16658382926125],[82.1816775289185,19.199159220371843],[82.18317956176611,19.233557652275124],[82.19311744811668,19.317525964094916],[82.19895631419462,19.364821199810493],[82.19297602214668,19.39951619909679],[82.17860357753494,19.414345956337804],[82.1474527921903,19.417957302016895],[82.11760104360498,19.422700708721614],[82.08571032187471,19.438215207690106],[82.06615409837833,19.478200422051092],[82.04758373901784,19.512205146415692],[82.0590440339175,19.545033091987676],[82.08918193948301,19.57474545931318],[82.11291501562316,19.601138856844774],[82.126798721307,19.631484242365765],[82.13019763236946,19.651550560269825],[82.12781150545193,19.68254245650384],[82.12495126232652,19.702858436976097],[82.10523850136184,19.739295832856637],[82.08734005818809,19.760211701691368],[81.99250696147675,19.801996462526503],[81.95692705552626,19.821222590657623],[81.92630173948983,19.83906171709032],[81.89456862377511,19.86050674534317],[81.87678110571366,19.88497418948962],[81.87299803821263,19.91365350929284],[81.87569722168153,19.946836550116796],[81.88400361605872,19.964345794012257],[81.90669275309324,19.99436865801331],[81.9248939313938,20.007920170668413],[81.95021198481524,20.011678643459692],[81.97903325461839,20.00935109198879],[81.9965021146718,20.00628129364392],[82.06655670667925,19.970209333886654],[82.08714186960849,19.952745889109316],[82.108816660266,19.931672205166787],[82.1254156947167,19.909613469296083],[82.16441978402266,19.883084667744523],[82.19026529763502,19.871343406008528],[82.22128180932314,19.86295328926381],[82.23992175210304,19.85862863187443],[82.28455289658272,19.846108242481144],[82.33559714914125,19.809554759125714],[82.37725520347414,19.78763636649965],[82.41160644483033,19.770766747458865],[82.45112272138499,19.75723933727849],[82.48253349760368,19.758296960949128],[82.53989500936427,19.751126278580056],[82.561415307932,19.728839471965095],[82.56563595510039,19.712036205167617],[82.56457147198019,19.689520067280565],[82.55936433687212,19.65886710689478],[82.55769053295822,19.623314532155323],[82.55607598757157,19.58894677977026],[82.5544648451828,19.554578768873892],[82.56518954688045,19.516129722641804],[82.5802154226821,19.48937447128561],[82.61353204583236,19.452349196780567],[82.63697954671908,19.391994873726873],[82.65323573842407,19.365188632173975],[82.67731099213854,19.34517431221857],[82.68463275349701,19.341302373083757],[82.71533133946627,19.329313774118198],[82.73667237979909,19.304663496624766],[82.74933107619293,19.28157034227588],[82.75694183566867,19.257505932222905],[82.76648557952483,19.221489966919712],[82.82140593143582,19.220325766269536],[82.83262719698065,19.21984334813906],[82.86130223358181,19.218607432090426],[82.88107837846204,19.214192368093062],[82.89167224157687,19.20068022832128],[82.90056352252749,19.17774867291871],[82.91177505730013,19.151157119576514],[82.91828505837051,19.13070276242905],[82.92881188259088,19.089902979635667],[82.94596029043092,19.057123299192185],[82.97419428213912,19.02149019256206],[83.00015597936516,18.990701064371002],[83.03799226543897,18.973628941076807],[83.09147390918892,18.945188891839333],[83.12523182756063,18.94726128416811],[83.15719557320901,18.96363878760585],[83.18453765404894,18.987330061865727],[83.22508952796505,19.025839773923007],[83.25049296867137,19.06027385296591],[83.26150680373769,19.106023555813945],[83.24941212724237,19.13858701452077],[83.24994434669233,19.174137941425336],[83.25516437615708,19.203547253328914],[83.27877292236242,19.226190705272565],[83.29515423557305,19.253902004159368],[83.29516715701251,19.27880198538816],[83.28384761413558,19.301848781689035],[83.26670233148263,19.308560563326775],[83.2201211075718,19.32609648083141],[83.1988748613993,19.350779168628083],[83.18296720244545,19.382335896186532],[83.18380560004616,19.423808689047302],[83.19290282444473,19.45541779552013],[83.2088316369822,19.473668011603536],[83.2482878081314,19.487280261156407],[83.28625752503305,19.496206856291156],[83.32952308024072,19.510806894261638],[83.33442586030596,19.53310751859466],[83.33797814867296,19.601712229174378],[83.36192191810875,19.62905007863796],[83.38587453755777,19.656381696657416],[83.39048729318806,19.672762982234772],[83.38966545825191,19.704812343860464],[83.38073043520924,19.725388280327127],[83.37297320671483,19.74060727554339],[83.3662223562606,19.753850338235328],[83.35348199572599,19.778839118987822],[83.36372104193173,19.806812972589707],[83.41345594094766,19.823429454900086],[83.43901318185226,19.83288370997463],[83.44845321661923,19.84547387740192],[83.46115258418206,19.872132538774935],[83.4642847185393,19.883837006336076],[83.4910191363253,19.93826750579326],[83.50236037450547,19.9626135626761],[83.53403562082346,19.991899408942622],[83.55423658376672,19.994474138710522],[83.58043137142978,19.99201326656083],[83.59629829784352,19.984127856023164],[83.60828337934323,19.974061138036163],[83.63132258554384,19.959897540094776],[83.65343160552989,19.951702830455485],[83.6710587866323,19.95320616316992],[83.69657540900668,19.96142762561548],[83.72669465160104,19.984819006354776],[83.80954860703683,20.076644743151412],[83.83227089396073,20.101561844193718],[83.84664912317668,20.134003321556264],[83.89568156029048,20.13379353768161],[83.97826436351126,20.163322061038386],[84.00046353384238,20.156850058576072],[84.03537508596851,20.14261395561521],[84.08568771273465,20.13467662058799],[84.11286424286449,20.149243975172322],[84.1527512363026,20.156036302838395],[84.22022929659663,20.152485110041624],[84.24532876040011,20.163584949068927],[84.2656520421697,20.189135882008657],[84.31017725723527,20.241791492494016],[84.32489913606466,20.26762868682434],[84.34241505771048,20.277337540938404],[84.37418155692046,20.27562538523727],[84.38178814979743,20.275214543395258],[84.39592629952345,20.26025165992717],[84.40438076483942,20.21365061009881],[84.40957193329811,20.14415623763032],[84.41401504850036,20.12439518656889],[84.44568868004852,20.088969106065083],[84.45253515680004,20.077952235875426],[84.45766990664887,20.038636233615698],[84.47499420230375,20.014633477775014],[84.50011824418002,19.99553207230466],[84.53774711817962,19.997040553673575],[84.57048287320731,20.041383710352726],[84.56955498204574,20.087559437319],[84.5591637110078,20.132480132156385],[84.5655169439015,20.174710302143243],[84.60373127030277,20.18502633816039],[84.63479435486875,20.17089424321911],[84.66342883005223,20.148024522989964],[84.68644024287684,20.12546504618434],[84.72529400613948,20.116211364314868],[84.76260071588847,20.112356638551596],[84.81036667141508,20.125638042214366],[84.82840338434156,20.113985261882267],[84.8361946213315,20.08872488831278],[84.8330805930594,20.03925677930708],[84.80974880366001,19.99623869403765],[84.80259607016637,19.971815439924363],[84.80885343590477,19.921821368129],[84.82049888320698,19.898123511208947],[84.8405987843031,19.859771813238112],[84.96783202608056,19.797689319864567],[84.9778940362213,19.749271092410165],[84.99443705665125,19.71466781637841],[85.01865440663217,19.683177644891103],[85.05590926675285,19.65095165325472],[85.12013039584225,19.616919991280152],[85.11641614190246,19.610705316862347],[85.09271657662373,19.571031741981376],[85.07820958679073,19.540281588200003],[85.08228830424383,19.527085389789132],[85.08603078812293,19.514976676832582],[85.10472503398238,19.5053402532366],[85.14041098031007,19.5060790765032],[85.17856949576759,19.51039120859254],[85.20017254798105,19.53469924422113],[85.23658280106538,19.58650399829144],[85.24355146336572,19.605250138938118],[85.25205902081703,19.63851097539938],[85.26157430514688,19.649287697702835],[85.27240366554682,19.640456406701905],[85.27850689376038,19.633292589044277],[85.27960292687386,19.62109811484129],[85.28288099591741,19.613150111593836],[85.29202656452568,19.614321248302357],[85.30152190165694,19.599225119544005],[85.3051466191577,19.587800657434215],[85.3051349720051,19.582613822952478],[85.30512416669288,19.577767549681898],[85.3038234309925,19.567218001657093],[85.30073759384327,19.557951902379216],[85.2534182543901,19.528797474996594],[85.16539204862656,19.469461889583965],[85.15651564197047,19.463472471966405],[85.14521649606816,19.45778759779961],[85.10548371067684,19.437786280180774],[85.07424302059705,19.4220480555024],[85.04776736883137,19.40385479578142],[85.00987919484366,19.37780157330655],[84.95766695026214,19.334980327855533],[84.91814197455868,19.30253185224854],[84.88481088602579,19.271929022748566],[84.8440113736332,19.24062108305372],[84.74709679361538,19.157786870058928],[84.68364388604405,19.110872026822356],[84.67754244877489,19.106920953888704],[84.67647297857185,19.10556619111254],[84.66595486107379,19.09778227789118],[84.66026185642974,19.08801650459873],[84.65663978079009,19.069335948217006],[84.65691863953873,19.05409684152442],[84.65701417796892,19.048883769036756],[84.65764662640457,19.043924803192223],[84.65792836138979,19.041715834698266],[84.65980414801543,19.02700994031513],[84.65820110897482,19.01633620753731],[84.65236060002735,19.00211148591686],[84.65102382361779,18.99885512051276],[84.62724249789925,18.976671204320844],[84.60355356955945,18.950178133644393],[84.59902133175845,18.943929359014913],[84.58216184930315,18.92067731614611],[84.5593720924281,18.898258726473117],[84.52525190106222,18.86467225378878],[84.51003389402192,18.84553390429103],[84.48758279099951,18.81178811823683],[84.47645747589958,18.787401613039446],[84.47011767993301,18.76777272669111],[84.45527084461916,18.762185177328313],[84.43788346600485,18.75746929468958],[84.42173013873693,18.734813255498715],[84.41203498150928,18.726794269305763],[84.40392933214493,18.720827670393877],[84.3940749964132,18.711387851104416],[84.38267036776345,18.694178066075384],[84.34810723448722,18.668994684147],[84.29523978149727,18.618405073062195],[84.26135687160999,18.566745057197856],[84.25611734416275,18.547784407260437],[84.24934806503705,18.52607432305359],[84.23053949947628,18.50783648962897],[84.21137528226372,18.485346083955537],[84.20722542826545,18.48272183834149],[84.18952744450495,18.471527744083104],[84.16115133865661,18.46090708970355],[84.12835600510712,18.44555613108893],[84.10562282363198,18.428236903132312],[84.07833954167413,18.384738048637406],[84.01120597047044,18.314109943700863],[83.96249949147408,18.257459451272823],[83.91857506173923,18.22337841975136],[83.86618274444189,18.191907933788173],[83.85684371706982,18.186203905082273],[83.8375474928877,18.174415031702996],[83.80398452372515,18.153866003255278],[83.75138575777686,18.127538277385998],[83.74297902682768,18.12378239585352],[83.6892156150158,18.099747538417258],[83.6235873139872,18.065665135114624],[83.59025201570371,18.050448355262688],[83.54954482374268,18.03496514065512],[83.50162934281508,18.00908211228404],[83.48789547849017,17.994842940717096],[83.48520269492583,17.992050574439318],[83.46300404410188,17.964253289616952],[83.46282881541374,17.964033805889873],[83.44235241825038,17.938379365440134],[83.41809801563319,17.902192276798264],[83.40146051633006,17.877354927363534],[83.32654430925237,17.775077507265415],[83.2983809636817,17.730367816390693],[83.28931545498328,17.715968180577573],[83.28262511106053,17.706438288323334],[83.25674854380802,17.66956277016354],[83.18800778773387,17.585603798053672],[83.16097529848389,17.555398525520935],[83.11870922395087,17.508134910396205],[83.0662354986323,17.478744191071375],[83.01634458311973,17.44268262292108],[82.99988028687959,17.435751446416877],[82.96515260880274,17.421124418366862],[82.88672252978557,17.396065909570062],[82.81219405829373,17.36638730099635],[82.80209530968095,17.3578700876453],[82.78973857602438,17.34744695922133],[82.76007427141816,17.33179245234549],[82.72938526289668,17.32194611032108],[82.6802571166243,17.30798743983775],[82.64794845008076,17.29092375599433],[82.63060358188079,17.27320721653396],[82.61777611493933,17.260100779417822],[82.5528128773497,17.226449154704632],[82.49962795973553,17.186771544757637],[82.48516327177673,17.175973759241977],[82.47851233777148,17.171007927563434],[82.42994603479427,17.134497181431463],[82.38107171471164,17.07874580989565],[82.36391984974406,17.062381636227336],[82.31315926721521,17.013919848088808],[82.29608757111818,16.992620178863437],[82.28444862061032,16.9780939416801],[82.26965083017446,16.946679684870386],[82.2611541171731,16.935678122063106],[82.26222672509124,16.924963099674912],[82.27286743702388,16.91379663026832],[82.28554360651918,16.897425268308787],[82.2861532080074,16.897156580232707],[82.28718024143139,16.895144690515856],[82.29725436382735,16.887657327625117],[82.29801403121535,16.8875612130725],[82.32082504143014,16.8846738137981],[82.33489610047313,16.884880377812845],[82.35411868539904,16.902050530607276],[82.3594350107177,16.906798116014595],[82.36962813548638,16.921393190359268],[82.37259785612964,16.940524809565478],[82.3682034012469,16.960636266366457],[82.3655806422722,16.96928239267929],[82.36745021581346,16.979190538739044],[82.37651901616421,16.98384872555327],[82.38788756516219,16.96242768759981],[82.3909446883861,16.93924242915756],[82.392702370368,16.910339473825463],[82.38941463967927,16.878081820674915],[82.37214618659043,16.81918439839398],[82.36253461576135,16.782934682614535],[82.35725431519532,16.77673402603629],[82.33885750616328,16.75250291005063],[82.33801142187068,16.743894310666207],[82.3389463610263,16.73302340705649],[82.34260527844287,16.722724032722645],[82.34716776486432,16.708048109292964],[82.34733573025873,16.689285995413847],[82.34140896174083,16.669414617373285],[82.33454327216909,16.660413390019645],[82.33123837700383,16.646889247422536],[82.3302132489148,16.622420840870817],[82.33720536858854,16.598239213441232],[82.33562042246672,16.58456200319841],[82.3329732024693,16.584940989195093],[82.31476513354265,16.576453937114444],[82.31406541454803,16.577011145697465],[82.30708963490437,16.582565947087005],[82.29927233057866,16.58443498623787],[82.28943613566771,16.580971921836763],[82.2868563446121,16.580063533417807],[82.27727728591893,16.57048710939313],[82.27021832826371,16.5593293918498],[82.26986845404765,16.54852569529272],[82.27535646403314,16.535960961475283],[82.275345041909,16.528747100991072],[82.261432469243,16.52557907100853],[82.23654378867111,16.525184931229788],[82.22662496881392,16.52502701053112],[82.20286590034476,16.524646776057644],[82.20213157016308,16.5244848951068],[82.17927444126079,16.524651620668823],[82.16966830192555,16.52140037859863],[82.15911690811667,16.517828484651545],[82.13790106782227,16.499218277609366],[82.11732210828146,16.481159795614104],[82.0967698074717,16.46840097674572],[82.0569289430678,16.4540822904599],[81.98559228599869,16.422257524289353],[81.93754565122755,16.39212161779462],[81.92931661750181,16.38695771783394],[81.92105287354363,16.38344926749255],[81.89089242481354,16.376906729024025],[81.85804868034595,16.367286433134517],[81.85350416340567,16.36420265543329],[81.84008245117812,16.361168277674743],[80.32956381902666,13.313092632043704],[80.32948552435822,13.309615539089846],[80.32755442862283,13.2621594683691],[80.32731584341022,13.256288783660803],[80.31534937904465,13.207157504818447],[80.30603699521143,13.168897322014336],[80.2968540063988,13.1216086579613],[80.29685400639882,13.121608657961294],[80.28887962683265,13.080513114489484],[80.28867923789151,13.079480052966495],[80.28453838398909,13.058128749149256],[80.28059957086289,13.037818976821422],[80.27268953643406,12.997011325965323],[80.27063339839775,12.98639917672291],[80.2619163737145,12.941387806803636],[80.2601861185383,12.93584937248924],[80.24457816202847,12.885869861914227],[80.24298876329853,12.880777256802943],[80.23448327253531,12.853518581603767],[80.2370462686992,12.822042668331056],[80.23837225772394,12.805762833946293],[80.23751230921957,12.792451221683352],[80.23252539732111,12.71514165323827],[80.23167855140439,12.70199399978271],[80.20767352539595,12.608433873676153],[80.19096837711943,12.57045047669793],[80.1872400953236,12.564539795847567],[80.17599486374179,12.548309881781215],[80.16884973513743,12.534285963905262],[80.16823956716462,12.532273316019282],[80.1659069489433,12.517038839158108],[80.16482325469246,12.499181312529542],[80.1626436298832,12.488708455984577],[80.15967519923603,12.477977036597906],[80.14814991766,12.458375901545297],[80.14277634992327,12.451688586475429],[80.13451922251654,12.445153143785673],[80.11542570024805,12.430038037330343],[80.11392293548865,12.424325311641198],[80.10921132909786,12.40641122431387],[80.10756447679672,12.400148615103676],[80.10219436345356,12.385945865326557],[80.09012097682643,12.373851038484547],[80.08958016028721,12.373309212096792],[80.05179987716646,12.338252817599088],[80.04993740215336,12.333172960929579],[80.0453210580702,12.320580555991146],[80.03721657630429,12.298468308941386],[80.02476207512585,12.282760535367572],[79.99474201137889,12.244885617840986],[79.94190356743196,12.182673311010317],[79.91816064387919,12.154701562870919],[79.91441499342983,12.149708818813618],[79.91116552813392,12.14537720553644],[79.90964813376765,12.146012447437153],[79.90629330143081,12.138881967584602],[79.8954080541744,12.124368751556283],[79.89281950083888,12.120917061033266],[79.88624990859658,12.112156202289254],[79.87791777556926,12.101043517924886],[79.87045537168072,12.090443273404315],[79.85947044756766,12.050748599800546],[79.85567916945597,12.037043649434246],[79.84205381367413,12.004562861759679],[79.83214373557367,11.98093064090167],[79.82913249106652,11.965559878235057],[79.82911277145844,11.965459208430214],[79.82898179306089,11.964790551756654],[79.82896321860447,11.964695726906124],[79.80113318045002,11.9793766866708],[79.75217942777714,12.005972519806068],[79.71729935083702,12.006564146089596],[79.68359855880468,11.99138808206291],[79.66975688493525,11.981668177015305],[79.62959470490621,11.900624911334047],[79.64228252526662,11.870415896747268],[79.69096628214736,11.828105286275617],[79.71945074952818,11.794714961495623],[79.75420499963487,11.788410588264643],[79.79657554895383,11.800105076046139],[79.7962350930596,11.79837807251688],[79.79178639283391,11.778835316784718],[79.7898033306885,11.770122145832095],[79.78601471715743,11.753472750870072],[79.77676686157074,11.733734006198011],[79.77470590508797,11.729334445541989],[79.77303305372254,11.725191501538358],[79.76408876207982,11.703036781898774],[79.75003499392434,11.645310373028957],[79.74965802964788,11.623134269728817],[79.74963128716948,11.62085828185047],[79.74536329552089,11.6096522038991],[79.74867992668294,11.53944817036623],[79.74823337342794,11.500934393198698],[79.7480416860052,11.484341916640407],[79.74769417591062,11.463596242779635],[79.7474309948617,11.447858118744405],[79.74197111145047,11.440574392600094],[79.73630268370734,11.43301178490834],[79.73163066076273,11.41376679295395],[79.71977989590832,11.39893065023123],[79.71377827724271,11.386862061459453],[79.70994069541051,11.374042860161547],[79.71256617021145,11.366642722903599],[79.71479206855501,11.360368700425838],[79.74196376881038,11.358031681511838],[79.75779120795488,11.366599860950306],[79.7773167320244,11.380441603518827],[79.79072596868187,11.374821067178946],[79.79156559862953,11.36944869581422],[79.79573075135501,11.342798984687004],[79.79590323947386,11.341695398203303],[79.79715342147199,11.333696766741799],[79.79727793596822,11.322423000645587],[79.79731781322519,11.318815789372513],[79.79758225353923,11.294935976608341],[79.79823203398966,11.236557366600577],[79.79948133480758,11.10378225670428],[79.79976640189987,10.97315536461021],[79.79995322806316,10.938093619359858],[79.78205268235241,10.935028913530376],[79.75870516554626,10.92394520949795],[79.729295836603,10.895778735587205],[79.70989036028193,10.858866401472937],[79.70636773699384,10.818846113763536],[79.71711911602311,10.765727038952178],[79.73534985313825,10.728238163361919],[79.75222023032902,10.69649534553488],[79.77934790365443,10.673182751883912],[79.8007984475782,10.666958343897239],[79.79921112296093,10.493252111636918],[79.79288244550685,10.313148254833505],[79.79262044240136,10.305658449863943],[79.78161450196595,10.287821103382797],[79.75750008224422,10.2741345605739],[79.74299137787474,10.271890628580493],[79.6931847053459,10.280796551444432],[79.65536483589577,10.292674207581335],[79.64345182270303,10.293574466140594],[79.63723766686671,10.291399807019571],[79.63792483652063,10.28664219593098],[79.6392442683156,10.27803503761094],[79.64789379552822,10.275041007348923],[79.64857107421612,10.274252808458535],[79.65959806360478,10.265105191185036],[79.66491969419106,10.260690306187575],[79.66930436382194,10.248087142349412],[79.66744368975678,10.24577484948846],[79.6646074914313,10.242250139697704],[79.64638989319307,10.239037085032646],[79.56163682368751,10.233923942206633],[79.53828556462439,10.232511128144642],[79.51516240356294,10.234455965974403],[79.5148678930831,10.234480726179596],[79.5115358640891,10.241903486573653],[79.51244102304629,10.25477540388385],[79.52121351943482,10.261811177213485],[79.5271368450446,10.271749558231825],[79.52752370372758,10.27369994236203],[79.5286943333372,10.27960146378584],[79.52662863969141,10.286788291127563],[79.52622783702883,10.287007251528735],[79.53740194654955,10.293381161809252],[79.51729567727145,10.297474179312205],[79.40768297974029,10.291155514344357],[79.28377549659855,10.289381578537903],[79.27066736027398,10.282394772635074],[79.2546777914675,10.27616112723604],[79.24290152487033,10.26056264623547],[79.23106949979187,10.240667651289376],[79.21778428353873,10.220074407542375],[79.20742972391545,10.202306455588877],[79.198799704406,10.125604952859526],[79.19761529694952,10.115070058255894],[79.19430692911196,10.082888081680442],[79.19366850880571,10.033485642840583],[79.1880035462923,9.996939471260212],[79.18672901644021,9.993349621902158],[79.175890040991,9.974119510500318],[79.17467077922998,9.97247789827326],[79.16986656929775,9.968591867726825],[79.14636260433544,9.949577074530726],[79.13387413062839,9.931987802173268],[79.1015109022511,9.886391303203633],[79.08310365203862,9.857967789951347],[79.07881047826316,9.853294320551365],[79.07232520835436,9.846234118087231],[79.07139175661273,9.845217868515132],[79.06176819701956,9.825996161349124],[78.99561650188694,9.729372241159782],[78.94717716830989,9.662244754534024],[78.94618001609996,9.660697708335316],[78.9177737339908,9.616616531516355],[78.90595315242496,9.596306999535933],[78.89016340892134,9.569171655685489],[78.88511504593161,9.54833431880548],[78.88010153954161,9.53048113759855],[78.87750750306158,9.513794727962576],[78.87366451252262,9.492943196668074],[78.86890723392703,9.44404335102123],[78.86880721589496,9.435089707875841],[78.87329663870119,9.40638520304084],[78.89267911126484,9.36557786830467],[78.89556721021013,9.36205733582752],[78.92529232551635,9.325819232899354],[78.98839876920941,9.273186010052678],[79.01892960945194,9.263293801492274],[79.04773081950263,9.259984722948461],[79.04926384228857,9.259575675381383],[79.05045435673317,9.258954483119622],[79.07196952146074,9.252775677076668],[79.07761484472667,9.246514879018479],[79.07752543302365,9.238756945739338],[79.07644598584294,9.236234797079721],[79.07570549371655,9.234504587857197],[79.06365419309309,9.236379948669413],[79.05163324914834,9.23825018886535],[79.04696558379699,9.238976285868072],[79.00067730982234,9.25008894970636],[78.92635639397446,9.24954844696569],[78.86871443051064,9.238535602174963],[78.86491584728893,9.237809482252747],[78.80785127712123,9.214677583498162],[78.68918572830569,9.17876810205798],[78.6683725125118,9.171072721249342],[78.60794879582284,9.148722100293666],[78.52453128329817,9.108064201760262],[78.50447076961186,9.105009915255586],[78.44076359959413,9.095302133420729],[78.36186130570171,9.08834875686695],[78.34645392930352,9.087245876305403],[78.33395278696018,9.086351544769721],[78.30591330976588,9.067768444108177],[78.26091806516142,9.037937846487415],[78.18576207273907,8.972012359593581],[78.16309725485448,8.935149006347936],[78.1624480708674,8.93308609177712],[78.15579268768704,8.926639725352432]],[[75.4402141381556,12.718920935661158],[75.4302095582193,12.71893754060572],[75.40463136649805,12.726155478568744],[75.38636340543128,12.73336041901879],[75.36078071968889,12.73937791521497],[75.33397023932825,12.73941310198541],[75.31446281209959,12.73225928027743],[75.30225952954449,12.717918029539266],[75.29857172625833,12.690407524492166],[75.29853829088896,12.661696526758739],[75.31634068923327,12.641981795849809],[75.4402141381556,12.718920935661158]],[[82.07243842566116,16.830039413630125],[82.07928758706264,16.801492340196518],[82.11236250102247,16.762324453023005],[82.13426546099758,16.754435124567532],[82.15652230564395,16.756036286121212],[82.18952661343967,16.78101854165305],[82.19078406452611,16.81423845436275],[82.17488573795997,16.850437890457826],[82.14831692613649,16.86562703855151],[82.12129589424394,16.86894835397636],[82.07832894049218,16.84192588388908],[82.07243842566116,16.830039413630125]]]}},{"type":"Feature","properties":{"state_name":"Mahe","id":17},"geometry":{"type":"Polygon","coordinates":[[[75.39316674699025,11.851767149978402],[75.41824527545815,11.85173122531112],[75.44010743360991,11.851698096353788],[75.46644730573175,11.851655940653595],[75.51113576211743,11.847750540208297],[75.54219752764018,11.832379755792616],[75.56353279956086,11.813196911052698],[75.56729307032175,11.75193726021329],[75.54586087987798,11.719438616519303],[75.49795241817866,11.702749577090573],[75.48887472594299,11.691894697080013],[75.47298410367948,11.699777905703787],[75.4604727865939,11.705612744540046],[75.45649580046921,11.72537617476825],[75.41212923236323,11.769948112755912],[75.37719329172839,11.794402255792457],[75.36919318062895,11.805179999783547],[75.3655653005435,11.816669750218562],[75.36527356127189,11.818262263684923],[75.3626714864851,11.832465410563037],[75.35904206967525,11.843237260718704],[75.3578897863512,11.845362536459714],[75.39316674699025,11.851767149978402]]]}},{"type":"Feature","properties":{"state_name":"Manipur","id":18},"geometry":{"type":"Polygon","coordinates":[[[93.12656471222941,24.08184391753608],[93.08936405929312,24.09611198764838],[93.04586247690582,24.113918124905716],[93.0080428652366,24.113680378376024],[92.95581091455082,24.10963415309381],[92.91331321113292,24.103229091958234],[92.89088612272963,24.087440757003794],[92.85500477830327,24.07442755267511],[92.81693345370815,24.081331770732408],[92.79863452245702,24.103203457146982],[92.78717743599627,24.128880716203312],[92.77659469580598,24.169497710177485],[92.76761499866956,24.194881266029295],[92.78873039035832,24.37229208639989],[92.79365836631452,24.42377803625849],[92.79906378097004,24.465368293289654],[92.81144429855412,24.528679622604415],[92.81580712032282,24.571554840668078],[92.83862932770127,24.606381486590006],[92.86556220440045,24.630277709795948],[92.88863325955218,24.670843598300095],[92.91948157192653,24.72953661932451],[92.93760743378422,24.762014602499853],[92.96106549775561,24.796139855634557],[92.96852773659323,24.820673458546583],[92.97843049757803,24.853003481792072],[92.98774836508267,24.88135410682492],[93.00585381430348,24.91323496817359],[93.02382678701282,24.939919397232355],[93.03217070303047,24.95739057875945],[93.03993543822344,24.98361255799836],[93.05269238696536,25.00920644165372],[93.06863639331095,25.022245947082613],[93.13301855266288,25.06561731005432],[93.14885784272923,25.086174282834552],[93.17136703279718,25.133647604920704],[93.19484255613972,25.16652796592586],[93.22124920456257,25.17704641255853],[93.2408461413936,25.172232989732223],[93.25931369394542,25.155995224376955],[93.27198306467318,25.1433893853962],[93.30178751390994,25.14304778513824],[93.33635238873569,25.161167723703553],[93.35688378705929,25.170672383169432],[93.37191279154102,25.173365153977826],[93.40410267812516,25.180203822072794],[93.43246759724757,25.186948708743255],[93.44864883103699,25.19294966475537],[93.46865240248681,25.203076506918364],[93.48287579455575,25.21683759401786],[93.49647937501936,25.234721547399708],[93.50804249430672,25.259802412911533],[93.52944692542076,25.359302844240784],[93.53783617096452,25.380168250659043],[93.55122767827633,25.408468861367112],[93.56854390496864,25.433362586195212],[93.5934340021036,25.453789959588466],[93.66286103266619,25.501850435929235],[93.68756091761908,25.50898567333833],[93.70315759250677,25.510965866698626],[93.71536427536037,25.5116600576295],[93.73558127977525,25.510713217743064],[93.75277149338805,25.510742637281588],[93.77120646567708,25.510604245641375],[93.8029558864374,25.521973234908742],[93.82933983821131,25.54732894091859],[93.85603236239643,25.578408079822637],[93.89661626600244,25.589137771300482],[93.92091167962775,25.585876505106576],[93.93228487263795,25.581462041513014],[93.97193156640411,25.570933647304102],[93.98753938578517,25.561328283462302],[94.02152233862056,25.559053625088424],[94.04554200890745,25.558117219674177],[94.06442270878921,25.560756628071157],[94.0917560011296,25.576093655539175],[94.10154953386838,25.589188353538518],[94.107206563485,25.6043270625175],[94.11470136730196,25.60506807332076],[94.1295111019437,25.621515333380398],[94.20888188519267,25.69317006401913],[94.23579006494941,25.705631431820482],[94.25613950926726,25.720716145435897],[94.27077501062361,25.724471243758586],[94.30717628619185,25.706198239381767],[94.32026732147197,25.689403799777995],[94.32630148801911,25.66089882715834],[94.44179682185772,25.470361093408275],[94.46512230855905,25.423940485728355],[94.49765128368078,25.349190515716685],[94.50518210523747,25.339284973151504],[94.49890257615141,25.325002822452806],[94.49725267512255,25.305693787752368],[94.49655225522784,25.30319968963109],[94.49241745334724,25.269218391655276],[94.49572605254708,25.262420945087996],[94.49621208300465,25.256136592538102],[94.49972767158246,25.254199434931643],[94.50034698771505,25.252926995197626],[94.51104285184363,25.247963796868866],[94.51876867385423,25.243705543356505],[94.52694812581603,25.239168627028793],[94.52728147311366,25.239016485188408],[94.57271537426769,25.218271609204667],[94.63061166286909,25.191456240263044],[94.65492821396217,25.15339129522288],[94.65514078193493,25.153058494063703],[94.65968604744941,25.11965881898781],[94.65002120282493,25.07629745775595],[94.64553739922172,25.067181678908884],[94.63660992674895,25.040796450112342],[94.58564223144155,24.97202447421254],[94.57810221990032,24.9618372426818],[94.55847833680873,24.91618950254231],[94.54368037045757,24.890590838360264],[94.53651611420285,24.865329948246774],[94.53342319432143,24.84641863340403],[94.51864898372942,24.820810087454564],[94.49698333036075,24.80856148118405],[94.48124213998604,24.795504637351943],[94.46073467302685,24.762372879394203],[94.44977875225489,24.732088331115825],[94.4001610914451,24.66723708342435],[94.382736290165,24.644429718812464],[94.33326438225856,24.590273855163446],[94.31585070433249,24.566350792352207],[94.29927949340855,24.53816638091314],[94.28376902709127,24.507073435678365],[94.27592724847591,24.488755453438685],[94.26698632188125,24.46785594976505],[94.24028685556803,24.42303728132215],[94.22825390760582,24.398303445145146],[94.20080061824449,24.36883799218825],[94.17180567172267,24.30058349346596],[94.13372301704669,24.188529337615826],[94.07162564531394,24.073454079026714],[94.0267460278499,23.976424785347902],[94.01432798016027,23.956481032700392],[94.00149800805806,23.951221661627347],[93.9778994065013,23.95425330029693],[93.95659572408216,23.962515504517857],[93.93106608647017,23.972699405572254],[93.88777830003501,23.994829950454445],[93.82633341519615,24.01650491706951],[93.77228449510933,24.027537692085883],[93.72840416607562,24.026194417828396],[93.69828022135673,24.016176316662023],[93.66662417780357,24.01602906377705],[93.62919373449787,24.027674244934115],[93.61541853090894,24.036331651871972],[93.57932899689703,24.06717920743317],[93.55477781315983,24.074422359163048],[93.51965513461509,24.0816052754022],[93.4777904524711,24.084085746038422],[93.46621223100368,24.077225812932408],[93.44581912559771,24.061770972551912],[93.4269116522545,24.046125558723066],[93.39016059103164,24.04239357212508],[93.35885175595683,24.044901442463033],[93.3380295326944,24.057185899288484],[93.32034562065465,24.06824673017698],[93.30455485765468,24.09014710259117],[93.29524410634865,24.115153264201073],[93.29083645974868,24.136489051357714],[93.28177869491824,24.157017161019088],[93.27191684771178,24.17210186305515],[93.24753455228489,24.201464793823636],[93.22528974882415,24.21436956249152],[93.19248764896199,24.20999949811702],[93.17030657124867,24.195355469419862],[93.1621039317597,24.16064969578887],[93.16218593125726,24.140335233491573],[93.1624063353257,24.100965688916897],[93.1842557453668,24.064159886256032],[93.19229545906231,24.049666585328403],[93.12656471222941,24.08184391753608]]]}},{"type":"Feature","properties":{"state_name":"Mysore","id":19},"geometry":{"type":"Polygon","coordinates":[[[76.15251195129716,12.23232121258852],[76.16891297468091,12.2286636040098],[76.18721758240274,12.242938519206332],[76.18628014368525,12.258810175199336],[76.96864535319722,12.872525074255451],[76.97078711799118,12.86974987393181],[76.9686454783451,12.872525172425865],[76.9526889069737,12.89320070346017],[76.9686450088162,12.872525520488537],[76.86332323707472,12.95060075214802],[76.8690495353312,12.954792711820053],[76.86332230137567,12.950601445783526],[76.8083816126402,12.910380514984283],[76.86331735042118,12.950596442799611],[76.18585464142551,12.266014299975472],[76.18382567746058,12.300366431451312],[76.15856570268927,12.365064801940166],[76.12234169351292,12.429807248875521],[76.10794339214351,12.478309539526773],[76.10275525074846,12.546509655593955],[76.1010969564986,12.58598830343248],[76.0884091970845,12.609364504047697],[76.05742035428499,12.625636660181826],[76.01909080752901,12.63475682400952],[75.98443976516786,12.651035004886669],[75.97364052459844,12.694136133936688],[75.9700673224209,12.715679900790352],[75.96655487729531,12.753371389438556],[75.96665028647728,12.77849008879687],[75.96678693833378,12.814373861002892],[75.97063626967802,12.864597465083994],[75.9854057616124,12.900426251085184],[75.97451569220011,12.92199738528139],[75.90882435487724,12.965295542011404],[75.89241707535946,12.981500314889814],[75.89820952992952,13.065808478918418],[75.86540407254954,13.105393245346875],[75.84896052049281,13.114419047261807],[75.7719871923226,13.0859531030319],[75.76271411399075,13.046506841571158],[75.7552469820608,12.998083346959236],[75.73669640320576,12.912010720059754],[75.70913332770714,12.867229248327423],[75.69450289242192,12.86726840588331],[75.66707069819674,12.867339626521902],[75.6232764747037,12.906922792207412],[75.58558872466658,12.950821340057452],[75.59406295795667,12.961456624516382],[75.60629745924098,12.97697930001674],[75.6088331727943,13.016448561019688],[75.59793112234928,13.048771764538454],[75.58579766364367,13.077508697493204],[75.58710575055882,13.11458832681864],[75.59815913839059,13.143271884753348],[75.61657545686238,13.186291605096821],[75.63985440392653,13.218531747709003],[75.6301544931277,13.24487205194048],[75.61067696593075,13.26884325940643],[75.58750290756974,13.280859700735135],[75.57162086506568,13.278503452036224],[75.5557037463561,13.26059563954836],[75.52758070684091,13.243908446090368],[75.52268868461124,13.240329875548017],[75.48605871651475,13.241598444252524],[75.4714217636288,13.249999422450356],[75.4335962354042,13.266813628504705],[75.41165450661417,13.290774505974328],[75.40435418857768,13.307533345507641],[75.39461374103823,13.326688230574021],[75.38730170544767,13.337465500053721],[75.36653656511258,13.338692583662098],[75.34453432014297,13.329153604695904],[75.31030501858586,13.308861804852153],[75.28464755574826,13.302910653710722],[75.25900018594889,13.305330552742182],[75.23702708645739,13.31851063374164],[75.21383422022105,13.336474828082578],[75.19919170484536,13.356822824349067],[75.19799832373788,13.391514638604017],[75.18947893267737,13.434585596731951],[75.16138514451619,13.456137346282716],[75.14673982336309,13.490837005163423],[75.15408870112779,13.513560925040327],[75.15533912447441,13.55662423134197],[75.1516861602852,13.58055090353209],[75.13091428569705,13.61046816446929],[75.10157158426959,13.632013798014707],[75.0648832600998,13.649969344947882],[75.03552984671144,13.672703385688042],[75.00739423487802,13.69543388844875],[74.99809064627618,13.716153573039646],[74.98536935204598,13.744478199014532],[74.98046863079477,13.81625013999759],[74.98046403700039,13.871275270972095],[74.97556337303298,13.902375881531409],[74.95106679527788,13.932276975097318],[74.92901429936983,13.959783866126537],[74.90695752794045,13.984896303880657],[74.86772633875422,14.042294696384813],[74.82729219748296,14.043465378904521],[74.79543666095293,14.042244361044574],[74.7611149275464,14.056566928795704],[74.74147218734754,14.090039338677585],[74.7279733151864,14.105574588921709],[74.70467196391513,14.117508728979194],[74.68746895659358,14.1497831715126],[74.67639262376176,14.180868403512974],[74.66901247097971,14.197604382304533],[74.64200148845609,14.221488357886674],[74.60860032688386,14.27626344789748],[74.61859539653611,14.28604343339989],[74.61856111816354,14.306377595058079],[74.62218702766366,14.33867884533602],[74.63809538100618,14.363822312900956],[74.66626936503236,14.39496299236065],[74.68954356736023,14.424897869548746],[74.75578407155984,14.456075086253895],[74.78646991833176,14.457301035107564],[74.84171033819075,14.452560105977385],[74.88467166811694,14.452585054692644],[74.9018535965369,14.458573520409034],[74.92026057226649,14.47413023563592],[74.92270372883218,14.50881891205924],[74.90795158541421,14.55426648025951],[74.91775984688222,14.597330610900181],[74.92389254279946,14.62245123370404],[74.93371262036352,14.646376609371734],[74.98039749940706,14.642796868416948],[75.03076771232148,14.648776251429739],[75.04551505919203,14.671500048464058],[75.0381471196066,14.695423659548153],[75.01725923983018,14.720544503294192],[75.01603290897631,14.756427854219304],[75.04676489190368,14.770776950148257],[75.06643231746129,14.76957602558136],[75.10576765251423,14.769561362524682],[75.14142454071153,14.783895502084913],[75.16602522750159,14.803016694147269],[75.20906038385846,14.808962153272336],[75.23487482338909,14.805349006399846],[75.24838484020587,14.793373915178663],[75.26064697550501,14.767046322959688],[75.270443665292,14.737132668507002],[75.29619848570373,14.696433840555471],[75.30721596971685,14.666517024026174],[75.3194399728652,14.623440870975115],[75.3353800623061,14.604280821019364],[75.36851386641774,14.586289320446479],[75.39914304885859,14.54437545887802],[75.42239905588924,14.504863303427296],[75.44441707031746,14.46415515608045],[75.46399993177164,14.436606986570046],[75.50320496001649,14.405427971856001],[75.5154628600012,14.399421046331717],[75.54124981592814,14.406539981121293],[75.5523531885,14.43043613341375],[75.55731594201333,14.451954069081118],[75.56474384818345,14.47705417846823],[75.58196374818739,14.490169089280743],[75.607753333297,14.493692037030856],[75.6433647287198,14.497185428821924],[75.66060835366785,14.51627457082742],[75.66680438414252,14.535393992879332],[75.66825707142974,14.537549951827446],[75.68530683923548,14.562849834509278],[75.69638876386445,14.572385498327746],[75.70506875709928,14.598672471569767],[75.70786287863748,14.703915326478759],[75.70493971592872,14.786712024346864],[75.76381124663038,14.828025808868793],[75.79089816004767,14.838698306690269],[75.83383434414755,14.813430874814522],[75.87049527647481,14.75828002176502],[75.89241316316888,14.707965177128193],[75.91443081889996,14.683959786269734],[75.97829047890194,14.677719684603176],[76.00411691255513,14.683589236732182],[76.02146120417086,14.714608178868959],[76.02413658411247,14.761238084910964],[76.01822578479917,14.811493623060416],[76.04543037395685,14.844857674930923],[76.10441297239174,14.838602356638846],[76.12652333093618,14.834907420317077],[76.16711754971855,14.839488553276126],[76.2078990801943,14.87754559890316],[76.25105076825326,14.897643694027407],[76.31128883905869,14.894915242143801],[76.33693373542488,14.866067639067506],[76.36019562976443,14.850385568503633],[76.41919525190592,14.848832977963854],[76.43623174041556,14.82242019404839],[76.44704803281904,14.78528363621713],[76.48110956050036,14.733649942117552],[76.50794171148051,14.704778725180063],[76.56182241288136,14.680507543610407],[76.57177676523739,14.69837615788383],[76.58069400617748,14.742556884633988],[76.58091859117607,14.773643755248907],[76.59335465206948,14.79388514296554],[76.6611244898544,14.817320095302412],[76.68474334507795,14.851822224030386],[76.68622319338823,14.884093717731028],[76.6717478511219,14.920069126322344],[76.66688491469904,14.927278493292496],[76.66460073503468,14.950012431444849],[76.68330791139611,14.983353084821148],[76.68961700084134,15.00363209028915],[76.672797195598,15.055168591506508],[76.65714547618151,15.09952203383173],[76.67721085395533,15.147199146822969],[76.73156216484267,15.170700481279193],[76.78715537946725,15.1941776149125],[76.80811371121331,15.197596831163084],[76.83645886637834,15.200953838121963],[76.85738673068202,15.200782010396765],[76.88194378652449,15.193404899445428],[76.89272440470299,15.159840597227413],[76.8887563638807,15.128790829840828],[76.86738641643962,15.077561206920084],[76.87210909645499,15.054807383242405],[76.87796699946561,15.021284476816028],[76.87531925896555,14.999786932377587],[76.84547423974465,14.961773449012949],[76.81576059432612,14.938100560366722],[76.79942816371644,14.896384615168063],[76.78535496557195,14.829541770343141],[76.79381004306119,14.811542185532318],[76.81574032246778,14.78865436981461],[76.86083594516302,14.745254994874601],[76.87480832747119,14.72865947828764],[76.87907796597821,14.723587657580309],[76.90089757603211,14.689934579100074],[76.92530253447737,14.671800520500874],[76.92870399735565,14.639493195239963],[76.91500111972513,14.616891207489195],[76.85573020662734,14.576721200389908],[76.83343731065204,14.552985417976965],[76.84546299420113,14.523001305592178],[76.86253390947708,14.509714987532499],[76.87091308742002,14.4845413159213],[76.87070276936744,14.459435926525364],[76.89748030162924,14.434114830354629],[76.91096376465791,14.432910066306825],[76.94160951155447,14.430168946233334],[76.99314875741499,14.432129984889741],[77.01900440184048,14.442669374157271],[77.05852083210945,14.471018443329879],[77.07224842485283,14.49600226378618],[77.14594121430792,14.50370818185746],[77.18150873394043,14.502184931278485],[77.21696798544214,14.489899257062687],[77.25934759585404,14.434510860591256],[77.27754923102795,14.415210780899308],[77.31425109808696,14.406486780949786],[77.33409431786384,14.427806274175063],[77.33440603217865,14.457684790004205],[77.33717173324902,14.487538830487933],[77.35820137950067,14.504062063847114],[77.3741866941043,14.507486579595847],[77.41200723667653,14.48797763106732],[77.43235121756805,14.44115556395916],[77.45493110503088,14.375186791587387],[77.44686186781699,14.30953515086285],[77.40235996760173,14.274132553807636],[77.38027722027483,14.271963822272374],[77.34586598669469,14.262743086865244],[77.33595193276363,14.252082965446858],[77.33326786089422,14.22939888662575],[77.3428480645725,14.207790121528692],[77.37296541997586,14.158487670314804],[77.36890723732597,14.121474617069177],[77.35037842182669,14.106117784169987],[77.27919784896356,14.091262884805996],[77.2572264827164,14.098641795227849],[77.21727694424756,14.146827942738158],[77.18454759063818,14.182989840814656],[77.12714478209818,14.20263337370693],[77.08069335528707,14.214996486039318],[77.0465225972031,14.230832752685238],[76.94530708077397,14.290260439098525],[76.92235852482361,14.290446955585475],[76.91956351880859,14.290469521083002],[76.8936895451846,14.275134348185802],[76.87767443643851,14.265696438790727],[76.86895597329726,14.249026644064672],[76.8650629176739,14.222753930447908],[76.87466759706305,14.191732549992548],[76.89251670593389,14.134064613192102],[76.90197005520173,14.092144426404479],[76.90665119673001,14.065804508866234],[76.93075427174226,14.018985482956893],[76.96591671189208,13.978053612180034],[77.01562985785816,13.922651638677504],[77.06083782272398,13.913904989190401],[77.07817367166096,13.936472160703952],[77.11144657991235,13.961290643345569],[77.14576212026316,13.965771879206631],[77.1640659748743,13.959632406124953],[77.19094717176746,13.954609960681914],[77.2547158311177,13.96717600206727],[77.26715375783328,13.98738124824152],[77.31027975725884,14.01566208017125],[77.34699043414804,14.014113784253114],[77.3785575600098,13.988705204769943],[77.38319483526212,13.963559114867946],[77.36934279998852,13.925445658924412],[77.33724108361538,13.897068435652066],[77.339029383346,13.83130933764714],[77.3581062757294,13.782119319925592],[77.36209931894547,13.778766752902165],[77.3811464007312,13.762772782620969],[77.43270992627293,13.782587911256778],[77.43799847297106,13.820783112120704],[77.4664414557711,13.850379042329669],[77.49706968822255,13.854849279682579],[77.52517474266033,13.852170568736648],[77.56074763129563,13.861362049570078],[77.57925200586097,13.875509030287548],[77.62246417529101,13.910901476478713],[77.63988840733664,13.937004766105126],[77.67175110802907,13.941437200799168],[77.68647308356368,13.94486014868012],[77.70985674770222,13.956550751232625],[77.75697216416067,14.008598866403476],[77.75375774178163,14.0468739403093],[77.74810963577264,14.086371777800851],[77.77191572266142,14.131506514941979],[77.78076176833855,14.15410779432253],[77.80527882263972,14.156212189185217],[77.8295296065458,14.136809363951013],[77.86207647123857,14.095798904923399],[77.88365836988994,14.059696516886232],[77.9018342552484,14.04514091318951],[77.93075683685421,14.041102381687248],[77.95803040171421,14.037290891746524],[77.96535651538375,14.036006377270725],[77.99092718173343,14.026133516300858],[78.01370547043845,13.990009448560533],[78.04002126755448,13.944282752803],[78.02100843788108,13.893147075833454],[78.02023551694236,13.83342083817541],[78.0233940998916,13.79395623654471],[78.03394676812033,13.759179575658287],[78.04219233849288,13.73518378096725],[78.0604122300157,13.726595547002546],[78.08253008484498,13.735877537901313],[78.09271297083627,13.766810985739719],[78.10080273228861,13.82405193690557],[78.1305372740745,13.853539211822595],[78.15624005365491,13.855598137951285],[78.18906500086918,13.842032387976095],[78.2132316335134,13.82140952287951],[78.22629707664358,13.793764182181166],[78.22956888500707,13.765052958231891],[78.23282430408983,13.73514751624829],[78.22513491521251,13.7089688177386],[78.22109587393818,13.681547472660482],[78.21459972765852,13.65296316244114],[78.23697413540808,13.591751970139281],[78.2611638666238,13.574713459678629],[78.28295770570044,13.561288240477689],[78.30351167913268,13.546683582716655],[78.31932995866465,13.542890546671137],[78.34847317081443,13.531752004400147],[78.37878283578081,13.517011785795182],[78.42220730135237,13.476933007537895],[78.43471154533668,13.455264628450939],[78.45654267419582,13.446008147520795],[78.49651343752659,13.425750545052992],[78.49609860000332,13.397094542026993],[78.46034149174689,13.327721946290579],[78.41606765062575,13.301449873848956],[78.37543489331945,13.27332797045601],[78.36918394224053,13.217871542338562],[78.37907097899297,13.138911481612716],[78.36754308701394,13.097855979231932],[78.32719391648028,13.087630190413265],[78.26297163948458,13.06874140256146],[78.18022934301665,13.030351777018604],[78.17787552185591,12.983780970538364],[78.17778556203443,12.98199992678137],[78.13538309446518,12.952051274342308],[78.11352804161781,12.957689613002236],[78.084363723916,12.96341307438847],[77.98249710960354,13.002237431896582],[77.96241644010158,13.004259730044799],[77.90929281577277,12.994106967242656],[77.86754809251657,13.019664773175641],[77.82394554706738,13.043445323190669],[77.81489991586864,13.041017695677548],[77.79827271197422,13.036554357072351],[77.7668184148287,13.00283453972214],[77.72835591486354,12.996071500023742],[77.68795087880457,12.978566658151985],[77.68758523972093,12.944510355612124],[77.6907025298019,12.894284369168009],[77.69033897808274,12.860227924930928],[77.67557204271544,12.846037736650903],[77.64634314599297,12.846334095259994],[77.626247857019,12.846535958612694],[77.59692564890598,12.837863912798744],[77.56181621178453,12.79876683409217],[77.56044818068949,12.662525350719164],[77.54813027954442,12.524593679354446],[77.53304356849384,12.474535504804011],[77.5202036986424,12.46748414981085],[77.48184123166534,12.462460781308],[77.39967746189568,12.456031310492577],[77.37232742620154,12.458065962201404],[77.32704825663477,12.472551906620735],[77.30318649211449,12.480182369942947],[77.2317757363367,12.452090868057827],[77.19345874968342,12.452404585981855],[77.15321253150408,12.440174902931197],[77.14576691674795,12.42230061690174],[77.1327618251066,12.393709542954534],[77.09992392315459,12.39396556261364],[77.07620720839033,12.394147999389252],[77.0415994991196,12.401584328035474],[76.98328326693095,12.410984485715122],[76.9522647660529,12.411209622471322],[76.92847832765403,12.402412019254575],[76.90267371969905,12.366722296428238],[76.90423865652485,12.330839365862927],[76.91679915935164,12.30205393824918],[76.92948801393918,12.291203186992297],[77.01696106131936,12.281604833726957],[77.0515269938192,12.270587235280757],[77.06415221703274,12.252557915358292],[77.07115241403915,12.214842793650828],[77.04333818555331,12.154072396531921],[77.03392497918716,12.114684899416806],[77.04639590710795,12.076929919829292],[77.07354993203028,12.053413789920786],[77.08950508218533,11.995904182200155],[77.05289555861053,11.972859682513892],[77.0273939470923,11.973045226187],[76.96910297477325,11.97346063050391],[76.91998167069055,11.982769415237524],[76.85626850368405,11.99037349104807],[76.8380255108304,11.98690641638044],[76.82688942328525,11.956486110579604],[76.81552947008824,11.841336466427405],[76.79479096715401,11.825922661816275],[76.77894087896452,11.815259834161076],[76.77406238561301,11.811702793595227],[76.74361794868169,11.796344971399698],[76.71079349124516,11.78817308103358],[76.67558645682826,11.787186646217421],[76.65373807721147,11.78731443982667],[76.62841030269209,11.814967064769448],[76.59473866255652,11.87017200213306],[76.58268632571067,11.885787165298286],[76.55728147282261,11.902671975581235],[76.52327874529492,11.902857691083014],[76.48320338060981,11.903071311424014],[76.45285545535411,11.905621333328247],[76.45197760935683,11.906407610503345],[76.44076771497309,11.916447596943712],[76.42391444665446,11.945238073806447],[76.41550522931071,11.963221073450432],[76.37563107994212,12.005281125535248],[76.3392538385659,12.01981042153601],[76.31130257604201,12.01874690498098],[76.26874280955606,12.011766783820766],[76.245646489604,12.00947841274362],[76.19217487994959,12.007319201581545],[76.15455975732357,12.01943841144952],[76.10597986478211,12.025615690064265],[76.07932769381915,12.046054815951596],[76.07459054288265,12.077173490196364],[76.07107767266345,12.110679715018547],[76.05535079657513,12.129878700919734],[76.0335661427786,12.155080520149799],[76.01304324837697,12.19343424232361],[76.01307959445965,12.203003537645367],[76.00212249646829,12.210763026035186],[76.03392243837897,12.227410067050911],[76.05039628552747,12.24170159056699],[76.10877076987859,12.241472180519292],[76.15251195129716,12.23232121258852]]]}},{"type":"Feature","properties":{"state_name":"Naga tribes","id":20},"geometry":{"type":"Polygon","coordinates":[[[94.49765128368078,25.349190515716685],[94.46512230855905,25.423940485728355],[94.44179682185772,25.470361093408275],[94.32630148801911,25.66089882715834],[94.32026732147197,25.689403799777995],[94.30717628619185,25.706198239381767],[94.27077501062361,25.724471243758586],[94.25613950926726,25.720716145435897],[94.23579006494941,25.705631431820482],[94.20888188519267,25.69317006401913],[94.1295111019437,25.621515333380398],[94.11470136730196,25.60506807332076],[94.10241165506825,25.603852749802734],[94.09460078913536,25.606643942115348],[94.0943477816856,25.62052532963858],[94.09726958886485,25.642053399649345],[94.10380718219538,25.670013705914556],[94.12673119932782,25.781136688308322],[94.12963908402364,25.81767023753432],[94.15852929952094,25.974716979978382],[94.1584993364286,26.023779533247534],[94.15983682103605,26.06573042651676],[94.16638147649483,26.100614640591054],[94.18672212909149,26.15263816692654],[94.20065445836521,26.181877646858762],[94.21752900327132,26.194543155172937],[94.23988886009352,26.20932797082623],[94.26148142891519,26.2195964269996],[94.28822464113031,26.233757604057175],[94.31089910152542,26.257712548211863],[94.32545935052555,26.282797010683794],[94.33177780630591,26.29345304610742],[94.34665957978336,26.327720505064246],[94.3591349834674,26.355397970675977],[94.36114548084755,26.37069605025098],[94.35983517929986,26.38530740105516],[94.33518134426002,26.420517816310422],[94.33739382876598,26.455414590083876],[94.34962416996859,26.47043017959716],[94.37429374172551,26.50157963208081],[94.39134828528354,26.51475206372287],[94.41011720904685,26.53402624177],[94.4338368655381,26.54855341190357],[94.44612817228776,26.571045634533252],[94.45918401241948,26.590541321339575],[94.48849730976426,26.61118000160324],[94.51058149037803,26.612645630498886],[94.5424954469681,26.62250943658069],[94.60582822854505,26.63939216901862],[94.63276600540604,26.660899326672624],[94.66741306361943,26.700317845596878],[94.67915300736524,26.72284616572492],[94.6941319860133,26.745480398590196],[94.7088360329162,26.76296044295739],[94.7279929292981,26.787288578833003],[94.74670120967431,26.841088917598274],[94.74856605487759,26.865617225259758],[94.74994997319357,26.905212364906905],[94.75331388581753,26.92375591809689],[94.76179874126058,26.942128906624546],[94.7723263245091,26.946936291313744],[94.8639281173564,27.00444802279007],[94.89647198906343,27.020416629963368],[94.91033489537843,27.032787722646475],[94.92075670905534,27.043934571302632],[94.95225456312839,27.071566165182297],[94.98960992628545,27.10984535408934],[95.047476646035,27.147355739346693],[95.0658676390652,27.15959972259516],[95.11737816122202,27.162852564130716],[95.1362936387336,27.170969375206305],[95.14125017689622,27.185801949756605],[95.15465631912043,27.185056830130886],[95.16954361429787,27.192963713475162],[95.18878512686716,27.20482282444924],[95.21355593346689,27.22137574042168],[95.22954401031625,27.232332418070833],[95.24662929179927,27.246346461078126],[95.25801219106835,27.25200105116933],[95.2840954673651,27.253586623712],[95.30733027804297,27.253754497132842],[95.32556042509317,27.25744157010859],[95.39094113220983,27.267776863559185],[95.4272998909187,27.271908590654846],[95.4911233795092,27.27412840096946],[95.50936222796871,27.28054452060335],[95.54789925767922,27.287984530168938],[95.56149392450425,27.28912856686851],[95.56649691538637,27.270024830498166],[95.62068089489699,27.19034258247954],[95.64349275158635,27.156458427552003],[95.65786449975396,27.10547171044748],[95.66640007831589,27.082994393323194],[95.70120500847995,27.039456441602642],[95.71521987032263,27.01614073383308],[95.72578987613815,27.001772596208745],[95.71813955042555,26.997707056368757],[95.63874574414172,26.94059791896533],[95.55458131317204,26.8798384387307],[95.4207150855389,26.778969331297315],[95.3651380852286,26.736960210436983],[95.3010308120758,26.70804440742796],[95.28426912999437,26.7061724864441],[95.27294253681967,26.70692650251603],[95.24627958450664,26.70869764298375],[95.21634691622539,26.70486417375359],[95.19481745175445,26.6988897198416],[95.16997055940486,26.699179305095033],[95.12725873033163,26.682729632455583],[95.09039136464983,26.647243588563434],[95.06260678431742,26.606662546968227],[95.04627892694158,26.562426430546136],[95.03945736932793,26.523876958345692],[95.04040455887655,26.43006879954537],[95.04033575019068,26.396591434251956],[95.04007054344608,26.395119421588046],[95.03825360722583,26.359461863587047],[95.04023692518018,26.341047164214675],[95.04020062080188,26.317374773630153],[95.0401946125808,26.313223719225203],[95.04496339835292,26.295909731373552],[95.04716720039492,26.272509484820134],[95.05009618302878,26.23754986642892],[95.06044414204834,26.209800349778888],[95.07969432846103,26.189043426226196],[95.09707443647626,26.175821809496746],[95.0999011492429,26.173671104783896],[95.11995065867953,26.15926171347905],[95.12075748229661,26.13762542679386],[95.12098294500846,26.13159165527384],[95.10720002609882,26.09807061264733],[95.08086363259588,26.05407233293588],[95.02707903191788,26.005537576874854],[94.99308467663131,25.988244610005033],[94.97904752501451,25.984037013787713],[94.97017219154081,25.97702860667492],[94.9660726828484,25.962426700297176],[94.96753952733812,25.956086568169653],[94.96627831837056,25.95272649825342],[94.96874232789446,25.87028480768214],[94.96566465992574,25.831548527748673],[94.9518310559285,25.79004514216643],[94.94454845132111,25.780153268455766],[94.91166687208558,25.756168594032154],[94.89004389983528,25.74307591925155],[94.85588630887501,25.7254649191693],[94.84470163880918,25.7133326199323],[94.84131009039582,25.710936950150103],[94.81307798435957,25.68869604213393],[94.7915046936164,25.66964763788181],[94.77542727289315,25.64705463143295],[94.76537743723598,25.615214775510196],[94.76207245539476,25.604735231001264],[94.75893028624272,25.590964277168474],[94.75299075886886,25.574420545933258],[94.73110330517405,25.548311959066304],[94.71165000435698,25.538772391390324],[94.68750818479361,25.53279755138427],[94.61820377498745,25.509717301758485],[94.5455462176275,25.43092030344363],[94.50518210523747,25.339284973151504],[94.49765128368078,25.349190515716685]]]}},{"type":"Feature","properties":{"state_name":"North East Frontier Agency","id":22},"geometry":{"type":"Polygon","coordinates":[[[96.92331323000094,27.15649633336178],[96.91336091229593,27.159533990148613],[96.90871634408443,27.160951340269364],[96.89121110364587,27.16629174772231],[96.87496494315022,27.17243821243738],[96.84645400589778,27.18740725614499],[96.83037813468766,27.195844141825788],[96.78696698949578,27.222703269604597],[96.78355937465412,27.23194588043788],[96.78136156223034,27.23790709426234],[96.77855122924998,27.26174342038531],[96.77589174551993,27.2938079835415],[96.77728294115158,27.315584272573794],[96.77381244030104,27.34365985975879],[96.7493269889698,27.36692957971483],[96.71993430580265,27.381372160431617],[96.70763504918796,27.3846714934082],[96.65734151564348,27.409298034791306],[96.60980070531369,27.417091337982804],[96.50854961385451,27.39087893868262],[96.50615487883702,27.390257635816898],[96.2567037597582,27.32430182058732],[96.11621751115203,27.282560234555735],[96.10766561865984,27.28001201709585],[96.05180354041639,27.2401787592149],[95.99278615239369,27.198015147284472],[95.8809236846972,27.09339651469674],[95.8099764414737,27.04644577999157],[95.72578987613815,27.001772596208745],[95.71521987032263,27.01614073383308],[95.70120500847995,27.039456441602642],[95.66640007831589,27.082994393323194],[95.65786449975396,27.10547171044748],[95.64349275158635,27.156458427552003],[95.62068089489699,27.19034258247954],[95.56649691538637,27.270024830498166],[95.55996406615176,27.294970704135622],[95.56168735407223,27.30391436384585],[95.5769262786277,27.31286793037676],[95.62442182679564,27.349171280405066],[95.65412740423541,27.376360845399883],[95.67889866012646,27.40679667116922],[95.68762780078814,27.451557404387078],[95.69079322248838,27.478486954225286],[95.69346055986614,27.53852827191465],[95.66939037001849,27.658231127045863],[95.65767819316655,27.691234435274822],[95.64215055073575,27.704881192344047],[95.62009188178719,27.72453492419182],[95.60429984213393,27.747577947761012],[95.58346695695185,27.766417008346295],[95.5662847745779,27.775329760735225],[95.51988005821084,27.781918379726534],[95.47662661223069,27.78675400770386],[95.43472224482198,27.791366131266496],[95.40358987011874,27.793677960816773],[95.36421927392108,27.78975939458444],[95.33041542786994,27.785595109153903],[95.29954737181336,27.778471849275746],[95.27314536494849,27.77627500153408],[95.23420958582567,27.77099195984094],[95.19868131674626,27.76517459171637],[95.17178644186421,27.75678104915542],[95.13074795617062,27.740533669678662],[95.0586593220376,27.727093201550524],[94.92770639221591,27.714326924065645],[94.88977798265867,27.710637610605456],[94.86300694345725,27.706517077424312],[94.77630693354408,27.69381378949412],[94.73631325688628,27.686624071234366],[94.69039283525181,27.677794088685868],[94.61620948304055,27.664353366736183],[94.52606519964442,27.648193168190385],[94.4093721404142,27.655858580990362],[94.40527571928976,27.652698517396274],[94.39136763218386,27.649714205020274],[94.37139285860772,27.651993389033027],[94.35665779742182,27.65601338664195],[94.34327606995524,27.663593107167635],[94.312520003028,27.676197390722223],[94.29184563119408,27.678566769391484],[94.26077286769052,27.681810189558675],[94.2427410121696,27.67940403760407],[94.22702595048224,27.67039534402284],[94.20727921342542,27.64692766238802],[94.2037324751219,27.627389380886427],[94.18337516502588,27.538219021635683],[94.18048589733381,27.526103914599734],[94.17288919768608,27.519048691759473],[94.16129369939681,27.51319184365286],[94.1475086255154,27.51077933056598],[94.13813751187455,27.51337282144508],[94.12191389163209,27.516945035192887],[94.09102382960411,27.497542930664615],[94.07400758894002,27.48492808034752],[94.06031175215477,27.47121071940322],[94.0457648260513,27.464505263086732],[94.03332204803266,27.465645963937895],[94.01983473427791,27.468813884163026],[94.00519293180682,27.473397804768755],[93.9894278805914,27.475632267144483],[93.9764358634225,27.473711250966186],[93.95539242936553,27.466031670589246],[93.94394849680232,27.456991831171976],[93.93481481236525,27.445116704353254],[93.92402336202741,27.427832022148753],[93.91669946145217,27.41820690310962],[93.89347509812941,27.39012997775527],[93.86792595687719,27.356729101489165],[93.85960660919952,27.345356783647524],[93.84012683905483,27.32237979916209],[93.82299177242943,27.30471276310971],[93.81215719336582,27.294940323808362],[93.7983704575795,27.284324128790423],[93.7690600048009,27.285273828694564],[93.75677061698283,27.283221961317405],[93.73398825469329,27.28137292355833],[93.71466504859494,27.267122736851984],[93.70525954889301,27.253374960017865],[93.69083892959888,27.230912520887188],[93.68734698360475,27.2188520677965],[93.68190736166821,27.207687994406648],[93.67457007166853,27.193649768720643],[93.66639449855448,27.182862428208153],[93.65716807473265,27.174100733905437],[93.6434111796162,27.16345357044191],[93.62791785543197,27.14677066072462],[93.62389384202817,27.12400544413087],[93.62261305489429,27.107501946565034],[93.62647095031484,27.084732905437164],[93.62111819555322,27.053501051794072],[93.60526791755709,27.033437480916323],[93.58533908814421,27.016708433223165],[93.56739563319745,27.00248295941031],[93.54665489898026,26.99002524144199],[93.54177462095957,26.979570544689047],[93.53808315101668,26.957833004642374],[93.53652680542923,26.942737267263222],[93.53234697018983,26.944486597252837],[93.51375672336846,26.93774981699871],[93.5004128299248,26.931455003645745],[93.44131498033401,26.922093232379137],[93.39283471804224,26.918219188528422],[93.35563145432124,26.912226412222807],[93.29645535075895,26.906273705344944],[93.25469615916721,26.89622054545233],[93.19635541366257,26.8953199558432],[93.17280196848863,26.889762315777052],[93.09789457446135,26.890438464125822],[93.0564251381808,26.886070232289683],[93.00103879137478,26.88758269631785],[92.95929485916095,26.885536488290036],[92.93176089272782,26.883351624460364],[92.88829131539457,26.88266716951008],[92.81202488919494,26.883343371442102],[92.68834093481635,26.89127703391903],[92.58906097684446,26.898277823734045],[92.55214462516554,26.89837407267769],[92.52864963060718,26.90138769381571],[92.50242856438719,26.90765143180169],[92.40958153820837,26.91078528156871],[92.38035490060058,26.90636433347125],[92.35203889783652,26.899494888239534],[92.31890671874507,26.894971301358314],[92.26977693456224,26.895945431765668],[92.23000986941828,26.890488534240824],[92.17985738313672,26.89329976655877],[92.15378433035593,26.892496207953315],[92.121032583176,26.90299292959846],[92.10981965059966,26.908915182968588],[92.11759690182708,26.92261989924451],[92.12906512546567,26.97121538977388],[92.12554675110312,26.99027297706381],[92.08789617981076,27.04037192692213],[92.07147374407533,27.05173752388991],[92.03624387381974,27.07592781982037],[92.0308460955829,27.108030804267386],[92.03833805239309,27.155984957043582],[92.07908408646342,27.257968458928303],[92.11808732232082,27.274007384443365],[92.11823863686118,27.291448165837785],[92.10560116164365,27.318652096611913],[92.09077918268402,27.340312420481087],[92.08506867850123,27.370137853802067],[92.08227902481848,27.401924850903328],[92.08004758000965,27.428985658612717],[92.06631378686825,27.449350318233645],[92.03155368061547,27.468874893491808],[91.92761608167287,27.497083520709644],[91.77391069704113,27.49178805506374],[91.73512471521315,27.48610678064219],[91.67170964838425,27.49860633909001],[91.62291134774847,27.512778538213002],[91.58104005543547,27.529583907873427],[91.53010977420321,27.555652602963317],[91.50895342361547,27.59673323020274],[91.51566783945505,27.640237333783844],[91.53667609715312,27.691318402375508],[91.56569202048071,27.726242158479938],[91.57986568777615,27.75832144765311],[91.56281079291124,27.791920976402803],[91.55333216403454,27.815255125970793],[91.57064174198581,27.85044885295338],[91.59024845784847,27.86668862953145],[91.6117178015286,27.878026782905188],[91.6206558812181,27.880521996657702],[91.64113297468857,27.855645197062202],[91.66771357022486,27.852352787341164],[91.7164314230363,27.844441306489752],[91.72164451367999,27.843792565252414],[91.79406869102327,27.834758567222423],[91.81519510720028,27.807335412228856],[91.85111892297112,27.760680489255833],[91.86809778872714,27.751121831898626],[91.87596106913138,27.751522773528396],[91.91025724217722,27.753265715092695],[91.9367006172353,27.771514374029312],[91.93807927621239,27.772114668571373],[91.93840315730222,27.772306387941434],[92.00883004271475,27.81395042270286],[92.02389549408399,27.822847198246365],[92.08162963374376,27.8490711825431],[92.1008033159329,27.85932599712551],[92.185252672878,27.89104086128809],[92.20978838464454,27.899020301965958],[92.22214179233956,27.89614686876774],[92.24578538531708,27.89064399007076],[92.28603809934222,27.861278564853638],[92.2930881976566,27.85942176233205],[92.34164857579694,27.846621585312768],[92.35780421149617,27.85331215493999],[92.42346432227322,27.880468659181787],[92.4980809005919,27.897388939193128],[92.50205308023938,27.89828814985298],[92.52184663245238,27.902766647525688],[92.53210187553049,27.90990393404007],[92.53742948270103,27.908887495597405],[92.56007971497,27.906803311706643],[92.57831800304407,27.915576749396028],[92.62557654359009,27.95314609766144],[92.64603441600516,27.974680922404147],[92.66893676899068,27.992146345192417],[92.69750556449736,28.00604028579391],[92.71158940193949,28.014704105301856],[92.71742417688316,28.01829232052198],[92.73184820018685,28.035017396107598],[92.72496304302031,28.0555568355227],[92.70871328408786,28.07643047177216],[92.70141689923973,28.088623689578],[92.69514300292677,28.100679281618678],[92.6943566086782,28.11035014085859],[92.69434315584598,28.110515618715795],[92.693147041554,28.125233739203406],[92.69438525282447,28.150286540115392],[92.6983159306525,28.172730672332335],[92.69997986868957,28.18222395098427],[92.73409606214747,28.20935548686243],[92.74518772888982,28.216944714496204],[92.77229129647093,28.225836717786194],[92.81287788012028,28.229592894880913],[92.84865386290723,28.23027227366062],[92.87152077400691,28.241727808215064],[92.87484285908569,28.24057407696593],[92.91802796140195,28.264043562291672],[92.92010124988718,28.265169524360655],[92.9225392606087,28.267529164288337],[92.93749578712561,28.28200030628823],[92.96115890719487,28.289157700053625],[92.99060839900076,28.29995378384945],[92.99794745373023,28.304260032941542],[93.00784566061012,28.304405311736986],[93.02401654228589,28.306277033478917],[93.03354297606491,28.307378620197994],[93.0382894912041,28.310453928574695],[93.057114060127,28.321841538439845],[93.06917968452093,28.343080605603024],[93.07953736724836,28.348474017531423],[93.09432936029629,28.356173415218368],[93.13485764614266,28.356993478806277],[93.14351185379158,28.357166881653992],[93.16386229166507,28.357572268988257],[93.19296445595016,28.366491056969174],[93.20081275005462,28.37651452260465],[93.20300470385227,28.379313351557826],[93.20493573762563,28.37959093390762],[93.21321797274913,28.38192377021457],[93.24030827657333,28.38954902371123],[93.259773554553,28.401309042519337],[93.26034695525415,28.40165535540474],[93.2759196429888,28.42371639403283],[93.26647956243838,28.44090906851756],[93.26617914380769,28.444098692439937],[93.26469884137177,28.45982139655777],[93.26728307247537,28.496781371834814],[93.27453300189667,28.51908602188337],[93.29682350593873,28.531794736866793],[93.30743684789138,28.53610730693717],[93.32747260927395,28.544244418731875],[93.33970754591836,28.55930225448997],[93.34768515278574,28.5740307405514],[93.34968837070744,28.59533036566191],[93.34985035107735,28.59705106918426],[93.34828548386011,28.61127160416396],[93.35691977761195,28.646437440539344],[93.37725086966105,28.662008712148875],[93.45069895833318,28.688942480473475],[93.5347740711309,28.70841135066325],[93.56044776295634,28.709759836511143],[93.65154406864909,28.714500359712225],[93.69444075524578,28.716708741435443],[93.77150572903554,28.712791064874022],[93.82955742804299,28.713932145382884],[93.834135209283,28.71402096057045],[93.83640061968636,28.714064849509608],[93.86027032521432,28.71452474978951],[93.93880821950634,28.717709508143862],[93.96005083903306,28.732291336163307],[93.97817690136509,28.731452635539306],[94.0212837395557,28.737171843730934],[94.03238034182093,28.743633931778703],[94.03785239106065,28.74681972509131],[94.04294851411227,28.747653890243246],[94.06171006930629,28.750722800887743],[94.06571848870018,28.765959564069597],[94.07156020992984,28.77440340795622],[94.0750815054388,28.792507091801724],[94.0791358475005,28.813326211441137],[94.08496200259556,28.84319689393565],[94.09794870872076,28.871997952625197],[94.10208672663231,28.878988013128826],[94.11365862003117,28.898526370249662],[94.1237516566105,28.90814575950445],[94.15506147620438,28.937963049624813],[94.20633855878236,28.989863254697283],[94.23010922051874,29.01422056725749],[94.26014147246362,29.04880149682748],[94.27456973006518,29.06465598680004],[94.28845604126053,29.079906012260647],[94.3084875633663,29.101082270008373],[94.3327997128922,29.122532699121447],[94.40197498497002,29.167854791250168],[94.50658273990672,29.23194395844556],[94.52203268660483,29.241390972695125],[94.52904065338966,29.243210082585986],[94.57786228460839,29.245068866210264],[94.60848898038971,29.246005799592723],[94.63301706973569,29.246750515506108],[94.6694991198658,29.26528122219803],[94.68500747781651,29.284278529404077],[94.68984586867359,29.307733301906985],[94.69831617302,29.33341499724911],[94.71366382610768,29.351501722718062],[94.72201674235913,29.355347717902962],[94.75772163723457,29.348196676740763],[94.79456428739924,29.333020958036638],[94.80817880111687,29.308475001576234],[94.80504403950523,29.27540909374283],[94.79541964123118,29.232190977471006],[94.81469133580447,29.20489940983455],[94.90155404313607,29.196671796725376],[94.90514052690104,29.196099829072274],[94.90648519610282,29.195535893532913],[94.9078495011539,29.195524185177284],[94.91254456720573,29.19274507294693],[94.91889960862053,29.193904590879615],[94.94028581877897,29.190489432898413],[94.99776314789526,29.173839559565806],[95.02097926578355,29.173843932590817],[95.0278923916471,29.17561080584756],[95.04132701899994,29.169582045669305],[95.05659488671846,29.167157942260676],[95.06635104918078,29.175140784723165],[95.08409952065834,29.173017066090235],[95.14761051716577,29.155329194132054],[95.27654062892458,29.119554818282264],[95.35615381428815,29.089845166732005],[95.3839727070192,29.084390317816883],[95.38471335214543,29.08396453170774],[95.423712129725,29.07488020625304],[95.45205093075113,29.07493692724103],[95.47012452720057,29.085933347278065],[95.48915823481302,29.10141208118367],[95.50142647821914,29.124485536220433],[95.50754413071671,29.136443801779752],[95.51042557475222,29.142074348639067],[95.51712927875293,29.155169270959437],[95.51765670526969,29.15619926608041],[95.52371648351584,29.167210705018903],[95.57317428690642,29.223758142499946],[95.60314376516646,29.245945146864855],[95.6204314053729,29.25873302942742],[95.64674932482147,29.275420032670077],[95.77526397577986,29.356693855792532],[95.81806972680104,29.383686696092983],[95.83181713290081,29.39234740674617],[95.91478680075306,29.420711682841244],[95.93270921205482,29.4268272336889],[95.94079366605777,29.4295845079903],[96.01672949561251,29.456649137209943],[96.03987846944636,29.46426455939454],[96.04143322602624,29.46435324315832],[96.06256889025074,29.46918822484565],[96.06310788759984,29.469585471165978],[96.11760366515006,29.46903691924723],[96.11969365605411,29.469015390865533],[96.15823090888331,29.447125733179398],[96.17012870617033,29.415400715471772],[96.17014412629676,29.415309697594743],[96.18401104064151,29.33352032605581],[96.20393904299904,29.291102561710293],[96.21961285637425,29.2679097254153],[96.24494338715067,29.2521284888255],[96.31142432178764,29.283754056505945],[96.31731773399135,29.286554170325832],[96.34779004604896,29.29561676376911],[96.36638401597212,29.292138886933337],[96.38710287749274,29.288260272251797],[96.39862776402535,29.27502903971914],[96.40028393454588,29.234126807635857],[96.39366135312461,29.22478504886389],[96.30635143909544,29.181381139749597],[96.24206337907417,29.149340359926864],[96.22309347414318,29.130260880452386],[96.22243420225334,29.128819212383053],[96.21751344638693,29.126500133180013],[96.2033402371513,29.113701221269185],[96.18041175872922,29.092981352371183],[96.17099976151263,29.045121477926482],[96.1665638169097,29.01280358890485],[96.17569387811345,28.99861435172833],[96.1745798604547,28.99194519506395],[96.18531203614933,28.983664254712707],[96.21075231378764,28.989883036450536],[96.21663742943187,28.992564079177882],[96.25070495199738,29.008073487528204],[96.33012554696545,29.040918456436774],[96.34829380642745,29.04917372085625],[96.46208198911353,29.10076063976963],[96.48907866409046,29.093814115656432],[96.49032498853823,29.09111416035672],[96.49467543206003,29.081689318252117],[96.49282676238263,29.072817733589503],[96.48480126287647,28.99505176211396],[96.51417446885588,28.94151333530409],[96.54373248336222,28.889693332660826],[96.58280410527446,28.794529887674745],[96.58270340768414,28.794293212980786],[96.57576253206399,28.777974367764525],[96.56876169779733,28.761503860466227],[96.50765183554682,28.691264296366555],[96.4943650314988,28.676739398193572],[96.40914965781265,28.625126396939937],[96.31892105195713,28.570316796705185],[96.3171376205439,28.569231785240866],[96.2665805723684,28.538446874889278],[96.2319119383603,28.513391021747726],[96.19260818945232,28.48494912885656],[96.18612448278768,28.467454394634544],[96.19466927633795,28.443388865922017],[96.26313435895493,28.417355818377512],[96.32730406260752,28.38274973527864],[96.35294902181852,28.385381439127833],[96.3573662477747,28.386828994559398],[96.36035378300353,28.38558804905407],[96.39503813851897,28.387237793542674],[96.42556268630865,28.398763539360115],[96.4885355983113,28.42959907222561],[96.51002872681973,28.44010867112803],[96.58161439206741,28.466275959490524],[96.60713311966097,28.467327733134947],[96.67174508624096,28.46996608843363],[96.72695949735792,28.446422892161785],[96.76341874569317,28.40390791656076],[96.81014225431596,28.40444360438278],[96.81354678192817,28.404429601882345],[96.82651984163778,28.401744345462955],[96.83687927511474,28.404331075816014],[96.89107494084598,28.40408496769862],[96.98678294214713,28.372743488596097],[96.99071311782876,28.372429912300777],[97.01213423583341,28.36205969180103],[97.01239676691102,28.362001543291715],[97.02995790694924,28.35811064375506],[97.0565540705907,28.356337153939798],[97.0741052595982,28.360689484819627],[97.0764696382465,28.365557108974603],[97.08801464399383,28.364627390687733],[97.13952989985229,28.34351106657733],[97.19086207574487,28.30562282513331],[97.2218063244417,28.28276701106466],[97.3017157043223,28.25426474391502],[97.31795149711303,28.23803338324667],[97.31118840560771,28.201923341834483],[97.29688108264077,28.142950338471746],[97.29722988241843,28.111085136119847],[97.30399608817308,28.104070409146892],[97.31495124323993,28.092711286794795],[97.3193363924442,28.08960889284317],[97.34763059850496,28.069585874225712],[97.3581087919887,28.05449995035305],[97.35163764577112,28.027708079315843],[97.33488033252448,28.008474671955906],[97.32114278334275,27.98493411230272],[97.31854413864609,27.957396054045162],[97.32284054137742,27.924833084219834],[97.31573691792546,27.916302144887688],[97.3072461310375,27.911941830211262],[97.27258974906418,27.894131777615424],[97.26416605681439,27.88842426882038],[97.22161571517196,27.881038887525346],[97.20500937966962,27.878151768603754],[97.15269102451538,27.835755542379438],[97.10021983181836,27.78400085410429],[97.04234232571709,27.73468923890696],[97.02478446125983,27.719709315833605],[97.01563848244953,27.714136352648232],[97.0068010273239,27.70874977897034],[97.00060296670634,27.704971018471706],[96.98259564663329,27.69398812628937],[96.9410170086583,27.679354951821818],[96.92909292653698,27.67611719204543],[96.92771013981452,27.67585022293879],[96.90242696321725,27.673180641189003],[96.88694000470133,27.66729606687036],[96.87222464741319,27.666201121364143],[96.87167153501916,27.66615992878117],[96.86737944850425,27.6654271390057],[96.84029737494886,27.660799316431834],[96.81712374360701,27.638930099182577],[96.81126142207988,27.61383403305053],[96.81192111396633,27.589795424800176],[96.81270695596334,27.561328475707022],[96.84189460382339,27.48860445053859],[96.90229863648774,27.3762769763872],[96.999994159561,27.217738410736903],[97.03531427540696,27.145764960068583],[97.04207030041694,27.114793852499805],[97.04210984562036,27.114612604967306],[97.0392278711262,27.102075513409684],[97.02022142047012,27.100389942551892],[96.99579373144276,27.114736462852743],[96.97856160575046,27.12864139951182],[96.97171785442256,27.13416272591301],[96.96155995964584,27.142356720890017],[96.93024380624338,27.154380509975855],[96.92684066234656,27.15541949754306],[96.92331323000094,27.15649633336178]]]}},{"type":"Feature","properties":{"state_name":"North West Province","id":23},"geometry":{"type":"Polygon","coordinates":[[[80.30267696766151,29.427561435947656],[80.83746106597533,28.454889629574993],[80.90328160077392,28.440101412453437],[80.93880469700106,28.424977225070066],[80.96621648170121,28.4094871705206],[80.99430469625779,28.391819453655035],[80.99337888422708,28.392401967721398],[81.01285872811916,28.39831247986638],[81.03966536627733,28.406654235456543],[81.08387160435743,28.392431447133966],[81.11430970497491,28.37983669883469],[81.2005212868642,28.314693721694542],[81.22017541476315,28.276036322046426],[81.23218833782869,28.244871160466776],[81.25152477815466,28.201124020821066],[81.25904890640842,28.17220511890541],[81.28046772786425,28.144688548160975],[81.30180408754626,28.13554153159609],[81.31098822659861,28.135117235934715],[81.33436838802844,28.141177126976007],[81.38053163606892,28.162494896648692],[81.39751038382778,28.157618308286562],[81.41925216185817,28.136190786429328],[81.48538902671059,28.068789394512663],[81.51878473005381,28.031493990667048],[81.5741788598199,27.997219095170728],[81.62603633344072,27.96207677699038],[81.77567430214519,27.875206406206587],[81.80681644717434,27.859387622899284],[81.84398745436437,27.848361542423866],[81.86330190922516,27.845358049255545],[81.88325958577323,27.852517244958015],[81.89547186506856,27.864141384292274],[81.90516224128072,27.89016724938075],[81.9065655913941,27.894175522321436],[81.91960489062453,27.900656352057087],[81.94281228222295,27.904581879046017],[81.97141344806407,27.903130783636108],[82.00857151692462,27.8920601702611],[82.05191987854319,27.870466715498775],[82.1809065294464,27.80873003714367],[82.20503010299151,27.792176758483567],[82.21658585641788,27.77140581944265],[82.24153173411631,27.76866768982355],[82.27094756724912,27.752849573119093],[82.28190494299793,27.740857430835977],[82.31314990371466,27.720655692752846],[82.3406659971657,27.708730401671513],[82.37540229633659,27.693085626503613],[82.4374728294538,27.67120620354939],[82.49579776491426,27.665193281379302],[82.51676068391524,27.674984959917232],[82.5499873002498,27.692182129080503],[82.5819943869663,27.707060151232707],[82.63755203931005,27.722525213199646],[82.66588361854929,27.730455140450037],[82.67821684393716,27.715984195494247],[82.69596323493705,27.695031615555024],[82.69668791799522,27.675030079301745],[82.70282311040346,27.63333973406599],[82.71148926164045,27.56698584438689],[82.7100252672062,27.546156749003977],[82.72243521315322,27.52550360941163],[82.73397922536782,27.507749878443693],[82.73766114675445,27.50543415476413],[82.74724833763555,27.499403531341667],[82.80105304248696,27.491627073638682],[82.84967359352382,27.48602525006632],[82.90510047505077,27.471465808202144],[82.94155044121048,27.459876550086804],[82.99362414014672,27.44357681229647],[83.07160633786506,27.432401629823886],[83.11032747791752,27.43773833409284],[83.15484990113937,27.435122501183766],[83.18715521214018,27.408095960435283],[83.19393778344133,27.402419426144466],[83.21873623281108,27.37815517589457],[83.2400651212695,27.350295365756825],[83.25467988766965,27.318084882150202],[83.27846145683779,27.30907082444303],[83.31218834402361,27.30515610926552],[83.33385203830103,27.310504661441144],[83.35086714981031,27.324675635168724],[83.35208015794107,27.34074587369583],[83.35408025220511,27.367214312738305],[83.35629783655833,27.396518381143345],[83.35964983599611,27.426703454962503],[83.37663702777986,27.45416390405835],[83.39934291829218,27.47272749507383],[83.41906795615243,27.48007334018358],[83.50109286605819,27.48074868153011],[83.52644608713125,27.47823721316917],[83.57103897251143,27.46313735621334],[83.63272683740422,27.435567803556427],[83.66012155658917,27.418668231366812],[83.7025451140329,27.40366771182578],[83.71956277523837,27.390258382490728],[83.73612762636465,27.371181836674502],[83.74498516807309,27.348794782927495],[83.7564888174427,27.31959760353753],[83.76370876974222,27.263150177388844],[83.77803213929647,27.12179851521463],[83.78108005469929,27.093138111338043],[83.79595332376287,27.066579917612565],[83.82656260860225,27.038078696220502],[83.85361141710551,27.01833852199015],[83.8993892020016,27.007839525879508],[83.94199308550968,26.997529765690587],[83.98607901464503,26.952962813898917],[84.00968288561032,26.917296123897984],[84.03192576071595,26.891201285743833],[84.05896466101272,26.859104128243814],[84.08479686530248,26.838463941989644],[84.10000417124354,26.791006474250207],[84.11812899075346,26.740515928855356],[84.14400267977754,26.642108415959225],[84.16481989549285,26.61230867261577],[84.18900281179424,26.585133628690983],[84.20905555408612,26.55917418789426],[84.23403811581427,26.52909920323895],[84.23819703629378,26.502280110854002],[84.2503162014863,26.46609562049262],[84.2289126817807,26.451670009737715],[84.18446112158541,26.43915125313331],[84.15957424955486,26.440762140599826],[84.11671925571694,26.44826730768322],[84.06478159689377,26.440930430533324],[84.0175165578724,26.442760048233314],[83.98792904634188,26.451753207074013],[83.96254406600377,26.464032149126307],[83.89876192337347,26.473981993699535],[83.87384774409522,26.475545004425406],[83.84671014889331,26.46538341564838],[83.83494798608828,26.44951431009528],[83.82856639786817,26.417891646265733],[83.85106171644257,26.367868840680778],[83.8884016373471,26.322848642043937],[83.91968098551284,26.301918578217066],[83.93563898725849,26.270089314549374],[83.94605037120506,26.251650648584285],[83.9588345082795,26.212907066237623],[83.95692273696602,26.188128934622707],[83.95334258848902,26.158712848203045],[83.93678523726071,26.131294103640837],[83.92840001467316,26.107066549182342],[83.92835009464166,26.106922267362346],[83.92365976593103,26.07994458285543],[83.93843649221454,26.06716621634325],[84.00220982408945,26.043017188119986],[84.03470610679985,26.02200451111943],[84.04518052886449,26.004748179609987],[84.0643608965796,25.9644200987848],[84.085748214438,25.9358058718835],[84.11538467082656,25.92918737597673],[84.16336555793517,25.922579686060804],[84.18656176711633,25.917543185282828],[84.23835138689367,25.89289318185214],[84.25548684347086,25.877571812071373],[84.2840660323951,25.857956752241495],[84.31235656382277,25.851389512276498],[84.33440926308394,25.84877614645468],[84.37599725072504,25.84488823237653],[84.40984438657351,25.826094846953563],[84.42201817620756,25.814637595965564],[84.45153857179154,25.767755735618117],[84.43920265384777,25.757429147339725],[84.43341507023372,25.75046361214308],[84.4276470075741,25.7437333371348],[84.42815501690536,25.72711658634938],[84.40435434635367,25.707346245271435],[84.38079630829134,25.698808480493003],[84.37266527104907,25.69518980717505],[84.34911116902741,25.67835261946887],[84.34353853316365,25.665681086588652],[84.3259917725775,25.633640886249207],[84.3042640071166,25.623191037001874],[84.28114017976301,25.61993537812308],[84.27398814232562,25.620393442302355],[84.24291452198166,25.62415684914911],[84.20300520508731,25.632030403740195],[84.17205761744879,25.63754877689667],[84.1370204746927,25.640948777579347],[84.09668318648531,25.643488274905106],[84.05927976936951,25.64168451118124],[84.03058209878625,25.63399398952627],[83.9980980573615,25.619419575847793],[83.96036185896901,25.59923331409146],[83.95180997193192,25.58980327943283],[83.92760987483643,25.58086182056326],[83.90525547841717,25.575596116669146],[83.88540561708449,25.575864178592184],[83.85341128958169,25.581613483937765],[83.83453297731961,25.587981109349286],[83.80530944085577,25.60303820751522],[83.78954833289173,25.609211725812344],[83.77715296388276,25.611385416604598],[83.74530989167239,25.619475819564737],[83.72868371037434,25.59737672090791],[83.72400846389961,25.569195130584227],[83.71803597240935,25.541090915103332],[83.70989522763045,25.51904569867652],[83.69170893665094,25.484553957548115],[83.66762865179987,25.458710934108293],[83.65040239485587,25.437199590205363],[83.61727060689743,25.394089183030506],[83.59503244152269,25.37523564266225],[83.5746050221426,25.363388222190967],[83.55112396656816,25.32680476366649],[83.54237079107833,25.295287509846695],[83.53740353663214,25.27477494451864],[83.53132745495772,25.249667198037418],[83.49352134077598,25.21271373447493],[83.41685338175445,25.160180342102574],[83.35468541787927,25.128129381595034],[83.28627998492392,25.118943569001264],[83.27005669872099,25.11036197294753],[83.25693137459605,25.089736815359192],[83.24584952602328,25.060687901624433],[83.23509279031434,25.03636625604177],[83.22810004845377,25.026215289443737],[83.22643259293238,25.023794361596423],[83.21517924329552,25.011365890359638],[83.16448960945051,24.97382153714355],[83.14707444965323,24.966473491942622],[83.14019600028537,24.96091742748485],[83.12947294116326,24.93658051105984],[83.12425483025307,24.91668818069145],[83.13467755763588,24.89712466007268],[83.15790531895394,24.87448331870573],[83.17153858517247,24.86423756745146],[83.1895697514561,24.841879805302497],[83.19271641735665,24.81084827900973],[83.18687515778569,24.781499112060025],[83.18013354932263,24.758133033058748],[83.1748690328727,24.697892548650273],[83.20093136847828,24.65967016547414],[83.22336423720284,24.645381384341803],[83.27185774756734,24.613035914616642],[83.29129398295555,24.592972878228686],[83.29803185756954,24.577173324466095],[83.30186965812673,24.556788440324887],[83.30629447328874,24.525692102840704],[83.30101485219056,24.465469551693392],[83.31107736800129,24.44118173551983],[83.3356518733627,24.420835920409672],[83.35309978427567,24.410375422633262],[83.38490553190266,24.383213152477868],[83.3608475397514,24.360776876176367],[83.33915149261496,24.326386190239194],[83.32141649805057,24.292958023173526],[83.29776215106959,24.24798586012696],[83.26449079096967,24.194039493723793],[83.23110829823852,24.157885802466215],[83.18614999483287,24.102171323993247],[83.1624365234126,24.074965680883096],[83.13895911197866,24.051302003225],[83.09361696620162,24.008620057962723],[83.04466486391104,23.96966954597633],[82.96717343619976,23.907259109638023],[82.88220006675688,23.890295426068455],[82.82920209917962,23.86808341300875],[82.67550403412645,23.86755729302594],[82.59207569986845,23.876470113253184],[82.55893267260791,23.88405044851693],[82.5440272368983,23.89428962930297],[82.5324557633401,23.91743111283401],[82.5272560618582,23.939070706553178],[82.52104309535785,23.965512377493507],[82.51918164351487,24.000055774177255],[82.52763998171876,24.03408966445064],[82.57439527360005,24.103045020006434],[82.59198688256367,24.137803162037784],[82.5989810286837,24.168337548680274],[82.6001098395911,24.187286780197066],[82.59182743582922,24.222150509847097],[82.55892741622891,24.257059431734163],[82.53648912746868,24.29381909638507],[82.5279784865328,24.32513173766346],[82.5433042111368,24.364758003026438],[82.57625222888481,24.39517959552216],[82.60124139043691,24.422429536986673],[82.6032489087468,24.43420697177311],[82.60187638170054,24.454470521273922],[82.58619894513139,24.474269403598576],[82.57425702129581,24.491503283948013],[82.57971125328908,24.517362698101916],[82.6017849337856,24.53881595299856],[82.62249954162579,24.55914577070406],[82.63005514891462,24.57657901170275],[82.631715924292,24.603815063377994],[82.6099154586502,24.629871352202933],[82.59667283956601,24.64717577648095],[82.5729150944797,24.662637306815572],[82.54007721332876,24.67855494035378],[82.4950617284419,24.68676205896834],[82.47280792843911,24.684313277283824],[82.4533107899869,24.662712398309132],[82.42411367569214,24.630895638798062],[82.41843690157056,24.62285966305463],[82.39542245441679,24.607363351974577],[82.37591284749526,24.607137851948167],[82.3645276822473,24.612451860681094],[82.35608230272612,24.623562409639177],[82.3428679309318,24.642037249697164],[82.31823436298143,24.643245021111046],[82.28547371787825,24.638902592579825],[82.27318331879063,24.628804404748866],[82.24382732859459,24.593383984811307],[82.22458548234705,24.575296312105646],[82.20289345133322,24.559700088048654],[82.16776383861266,24.559006488059953],[82.14790411769938,24.57540779538558],[82.14243619237553,24.59349923290829],[82.1312153383386,24.647527086767145],[82.11400072618508,24.664989817515153],[82.09275374860924,24.68026529232186],[82.08993970701879,24.699419872522697],[82.10399907131502,24.717772276247615],[82.10911179587909,24.73892691253848],[82.10739641456739,24.75446292613161],[82.09672719455776,24.772803371424384],[82.06426269894934,24.774346229165836],[82.0522382109274,24.768971475076707],[82.02523467804784,24.77500271883738],[82.01318470559136,24.79221569346446],[82.00796267425052,24.81505175278388],[82.00694393431257,24.817930298025022],[81.99897538018288,24.840443192330607],[81.96105535663186,24.86124769613403],[81.92875757939551,24.86632416473747],[81.88162593140147,24.862568275121607],[81.8656957965955,24.85735897525658],[81.84626016615826,24.85944452238639],[81.82077996969593,24.870129942020235],[81.78222586956382,24.904006341848387],[81.75341041121787,24.925539247355125],[81.73336989501105,24.940722916507827],[81.69862049538409,24.949433113743215],[81.65703542907167,24.952495229434614],[81.63593004781787,24.972474251171754],[81.62380498498439,24.98967085973235],[81.61167685916021,25.00686715274753],[81.5835971819433,25.01882520925418],[81.56084857323937,25.032921822358244],[81.52947889963974,25.05691443422821],[81.510520475432,25.09344335892162],[81.50023849560166,25.121261191065013],[81.48658886591313,25.13494954872988],[81.45958055954496,25.14327356470809],[81.4423134434235,25.138079333172566],[81.42597723252179,25.125702911054844],[81.41231432693195,25.114397986190745],[81.40256552894394,25.102921766901723],[81.38735599163734,25.086920990939923],[81.37730322879509,25.06950569679983],[81.36762338636527,25.059213105979236],[81.35167389268001,25.05394896398381],[81.32448355430012,25.058684193145243],[81.30547841510305,25.070206322912785],[81.28261839320339,25.083080526745945],[81.25068443673021,25.097526177214995],[81.21073432410303,25.108732631536405],[81.18606978188964,25.11214815948694],[81.15461114657117,25.110486680468597],[81.14428928016955,25.108358668654105],[81.13901167834204,25.107270286812437],[81.12819202843701,25.10503830422079],[81.11487921022298,25.100233349457728],[81.09827845154643,25.081873446512077],[81.08554105156364,25.049067355680236],[81.08946207071196,25.022717602654218],[81.09793028589434,24.956303555588466],[81.08864625152077,24.926925205380655],[81.08012770393405,24.91298945181519],[81.07314729593308,24.90375170261365],[81.05512564390735,24.89555881707655],[81.0359774150996,24.89098046966818],[81.02005753387233,24.885673511601812],[80.99791403284745,24.8865682883302],[80.97735916304647,24.893348622669727],[80.95190471798587,24.90687082606475],[80.93406777888538,24.929610182273098],[80.91687642734757,24.952322589352477],[80.88562074132702,24.967853232679875],[80.86671654045362,24.96860191135284],[80.78926589950547,24.988315319478794],[80.7727573038568,24.99848543848726],[80.7632809985313,25.005403712318227],[80.75226363587888,25.021312731072683],[80.74571375153506,25.04895666944773],[80.74342437694627,25.069885618976123],[80.74216518677864,25.112805653151078],[80.7338609288602,25.130991254826103],[80.72294265072038,25.14927808529801],[80.71284134856549,25.171105629026435],[80.70774082953524,25.187975810715898],[80.70885305687545,25.21175095720609],[80.70883979983385,25.225446936950757],[80.70564287686675,25.241052689682938],[80.69764771434954,25.252080624253903],[80.6874680040203,25.258429014892783],[80.67232348997838,25.256631606818214],[80.6449172607779,25.24458438823345],[80.63600775272856,25.235993169311634],[80.62203129599871,25.2168754864893],[80.61554473356757,25.189729072583997],[80.62097152181555,25.051363272028116],[80.62428852512872,25.023843792606026],[80.61388185170921,24.98195664065651],[80.59807022284629,24.964688243165238],[80.58288174634355,24.96109150092043],[80.5703561919238,24.958584276850715],[80.55874184830849,24.97629065347939],[80.55166434679289,24.993231252837287],[80.54740953422167,25.014830666963565],[80.54867000598594,25.042774841662506],[80.54822380402746,25.061849505251452],[80.54604250764582,25.071460242537363],[80.53887979379346,25.086617675764515],[80.53193938489908,25.092237535567804],[80.52413108770621,25.09312496388257],[80.5082468636272,25.088952716616248],[80.49881264093453,25.082752216247005],[80.49538833815278,25.07930588186322],[80.48864666750644,25.074791326680984],[80.47148614958768,25.071257547524585],[80.45265811276377,25.074334906540074],[80.43539791651507,25.08330871725003],[80.41975634736619,25.099369237374543],[80.41212934022407,25.10441373718126],[80.40447544295367,25.108863250680436],[80.39859709460013,25.109078011468124],[80.38313039474875,25.099515635860364],[80.36876391752145,25.08514598418925],[80.36782471152497,25.078627627034336],[80.36704482015875,25.060785620272863],[80.36799049995349,25.03751997133514],[80.37760664369164,25.003218054148093],[80.39510025176516,24.969821435420616],[80.4062443492853,24.9557159974283],[80.4099247637711,24.93532985665141],[80.409378069354,24.922841088993245],[80.40371891205794,24.912920786121212],[80.39623428150126,24.906044679923752],[80.37927983826835,24.906658864923152],[80.35264579345304,24.910002543733516],[80.33291604836958,24.922029636173612],[80.29449010771984,24.97046517916498],[80.28285631611845,24.988751504220392],[80.27516137073081,25.00749303019139],[80.26601522806772,25.038200803527385],[80.262090600952,25.06872306684055],[80.26275352311855,25.084188774189215],[80.26218706775197,25.101485418520486],[80.26127410399951,25.125943306218545],[80.25847785432771,25.15225551466293],[80.24529916841965,25.1807244485603],[80.21465716708286,25.199087741691084],[80.18933808291342,25.219641600120877],[80.17384694546844,25.2404430920409],[80.14045835230655,25.3029805599403],[80.12651182127969,25.314192138424463],[80.11513095991148,25.32412176634284],[80.0920889053383,25.33743449116171],[80.08414245103097,25.33892271601571],[80.08037895968641,25.33962739085385],[80.0646157576794,25.33897989998437],[80.035844287367,25.32507200237221],[80.00858422134856,25.31587327265992],[79.98576813643123,25.319032323854085],[79.96309615151996,25.325758566971736],[79.93755974252653,25.32661852799087],[79.91180551746655,25.322117825994503],[79.90104052573727,25.31532566213283],[79.88797735875146,25.300265531157557],[79.87918973005534,25.27731463626759],[79.86572970461829,25.25213332128279],[79.85739220712993,25.223801527672446],[79.85054136171307,25.216279297342652],[79.82920342904266,25.20684765933112],[79.81064939640346,25.201493826120917],[79.79340509561324,25.196094913406927],[79.78083471712439,25.192926558279083],[79.76212160818342,25.183399006357014],[79.75060690845442,25.17363732994698],[79.7429264085894,25.161367301436833],[79.73382443554843,25.146161985526817],[79.72792581615658,25.129065284927606],[79.72541319048666,25.11484030504694],[79.7248628113523,25.100552571567647],[79.72153774339402,25.082180926907977],[79.7192564118898,25.07390883482202],[79.70831879542922,25.061739587674484],[79.69625820223345,25.054373435513497],[79.68645451383944,25.05468379307641],[79.65778630541143,25.057971998525815],[79.63635088266534,25.06222085051153],[79.61687460150333,25.066405699553243],[79.58770136997452,25.073869391627323],[79.5668686373871,25.076897725617815],[79.5386440166013,25.074784518574813],[79.51687030531188,25.070084557471453],[79.49880273113571,25.05930692821853],[79.43331255613043,25.021930455185604],[79.42190125434658,25.013923914361722],[79.39604878386125,25.004555999277567],[79.38156394406326,25.002003028959404],[79.36585667499128,25.001869516841023],[79.35025425084311,25.00471253968338],[79.32184918843106,25.0156788024393],[79.31031157797199,25.02257338310985],[79.29908456243427,25.03840242137408],[79.29228692621929,25.049928717437176],[79.2910525985785,25.07083442357336],[79.29228065689865,25.105979580552386],[79.29349771735005,25.122043897840072],[79.29385235219189,25.132170389048934],[79.30262494351385,25.158151622066768],[79.32018786411624,25.173142241840775],[79.33285618232259,25.179330101228267],[79.35211392843092,25.186515186588746],[79.3620601997985,25.189799192531005],[79.38195406768314,25.196364970654994],[79.3987695408262,25.208385626152918],[79.40371729663973,25.218373850437658],[79.3987050500303,25.24296858844594],[79.3875392517755,25.260591971461615],[79.375544215152,25.273469579094584],[79.33376899117268,25.278878358743917],[79.32516799953291,25.27674614477685],[79.30390987441962,25.269021036375456],[79.29277353222619,25.2693459369002],[79.27134338018169,25.275335374852382],[79.25474678694087,25.28833787482793],[79.24717516629235,25.296904632543058],[79.23524343883811,25.312155969996734],[79.22840737900047,25.323086079873022],[79.22544097110703,25.332115932791098],[79.20974730950351,25.329971043343203],[79.14371541507305,25.179625190750908],[79.15857851088163,25.154160985584035],[79.15990669574721,25.146967459039843],[79.1595669174622,25.136958386122654],[79.1605554180326,25.119755786251655],[79.15175932614419,25.092093540345264],[79.13174655932474,25.081203038160275],[79.12422516363391,25.06781544353705],[79.11958187324802,25.04647526776035],[79.11187345730076,25.027366666290238],[79.09111388565931,25.017205542782968],[79.07477701836989,25.021948944711525],[79.05308629751119,25.031131081872285],[79.03227053608991,25.043149336347636],[79.0112017817542,25.071633104838618],[79.00506060358585,25.076093435134602],[78.99014258470294,25.07649586445665],[78.9726838119973,25.071239114153965],[78.95250320403584,25.054600931506123],[78.93805154225697,25.04496496366308],[78.91748153098845,25.040499333959723],[78.88614827177169,25.043470743767468],[78.88262906515956,25.056446887164277],[78.88344206843917,25.08219353420207],[78.8880023288519,25.1021155747962],[78.89429455593584,25.127002116468226],[78.89926899333929,25.15979624993245],[78.8915575770978,25.189345840017214],[78.87564121284784,25.208374396496534],[78.85138379863946,25.212588102390722],[78.83074129565976,25.206683024379473],[78.8022390634833,25.200977426887878],[78.75944013913022,25.216389839673635],[78.75378752266312,25.23729295836529],[78.75541070742136,25.264453371270772],[78.76568981738454,25.29139261586876],[78.7755301728611,25.304025514381728],[78.7923655248973,25.313614253291576],[78.80032362951762,25.316272249162356],[78.82732485395852,25.323446363612483],[78.89367392400185,25.329579134765737],[78.93500760406378,25.341362656032874],[78.97485371574082,25.379655252699177],[78.98213769551302,25.409517607410322],[78.98145702973449,25.43673282774204],[78.97512202311385,25.459807262162183],[78.9598611841832,25.475250332469628],[78.94181236331274,25.47788420485035],[78.9331464967118,25.478117111803982],[78.89755557471587,25.47477380686532],[78.85458941428791,25.487362747713384],[78.83504964389105,25.49288610654633],[78.8062299198215,25.479322041046256],[78.79751841521615,25.453063463777386],[78.77967286357601,25.437060913580364],[78.77424832014842,25.44006384110163],[78.7613689403968,25.456858554973163],[78.75010647070151,25.47504270558518],[78.73942944341334,25.486768842300567],[78.72936161453755,25.492752176142616],[78.70541088921912,25.48333819189982],[78.69249560477752,25.473642305498938],[78.6873308409464,25.459455189200494],[78.68435661758143,25.4394858724922],[78.67523453935907,25.424681514859124],[78.66324574698722,25.41925428355076],[78.62797105640553,25.425857540508332],[78.61317455277896,25.431949763105912],[78.5815136039369,25.427714586704955],[78.56371841481155,25.41239750371645],[78.54569748832878,25.389208041740158],[78.52420372148089,25.38184981610742],[78.48627686232618,25.378458720523987],[78.46105402376398,25.37833890081162],[78.44196908354755,25.372343236451933],[78.43207315719494,25.35682283843874],[78.4280550954782,25.326128842179916],[78.42862588301057,25.2344679518234],[78.45818826926741,25.082704264154835],[78.47876734880712,24.948332796599384],[78.51128534230389,24.848763816575186],[78.5322742129874,24.84182475785591],[78.57050891282849,24.834471478673134],[78.58918047823973,24.829012150835595],[78.62222367582447,24.805304508873657],[78.63036558096069,24.788640624194127],[78.62617896338381,24.69853498353352],[78.62357730948756,24.662801123652965],[78.61745704321096,24.6407546452388],[78.61201916219743,24.615111553254682],[78.61605586120841,24.592104265194443],[78.62418864729024,24.575441834565382],[78.6426541464321,24.56425689432337],[78.65510793485163,24.561807162496358],[78.70728173651808,24.579144378073963],[78.72474634712033,24.58730357898359],[78.75054157451629,24.585946575354875],[78.76597324066864,24.578402263958775],[78.77775889231197,24.55376747996372],[78.78124942821391,24.513591680005206],[78.78147399127073,24.494973649172877],[78.78099296411139,24.452749777337633],[78.78821928828523,24.406753494804025],[78.7996365365235,24.39644500896194],[78.82552453925422,24.37360126653114],[78.86023043226237,24.3584035290253],[78.89044002974296,24.349756424783184],[78.92157974056768,24.346090130205525],[78.94243193628553,24.346609308523835],[78.91582106559243,24.32916244536007],[78.90682175218166,24.307443478546844],[78.8976219345764,24.279047903045164],[78.87259335222763,24.209060560418326],[78.8681487181894,24.165269420185876],[78.86119409936288,24.141584696106197],[78.84029370010494,24.13829484871354],[78.80726174446337,24.146759302805247],[78.76029136428478,24.141243760356545],[78.73815777934425,24.131288196534577],[78.70607444245377,24.136844135664063],[78.6960918946671,24.15140500219975],[78.67806319549464,24.175705707494462],[78.63517564274082,24.20441917849446],[78.6062410915529,24.21179010568925],[78.57335465711273,24.22688591078769],[78.55430446914676,24.253108278434162],[78.5226781115097,24.276757200413677],[78.49655325075904,24.273542292208848],[78.42975714709495,24.292489757243946],[78.39314610445271,24.311214570052428],[78.34304286389387,24.337390513190318],[78.29654567729617,24.352731318977042],[78.24590027749588,24.35919592450469],[78.22055219316552,24.361527358175238],[78.16421378660128,24.3752478967972],[78.14507531347091,24.39176085214551],[78.13627874428171,24.431333800176724],[78.11563837838625,24.556616929226834],[78.09841679060403,24.704985133440843],[78.0932995075051,24.83591377764884],[78.14003238573179,24.904644380896123],[78.16468437027456,24.92703949419107],[78.17653936921133,24.940154983706687],[78.21570795680982,24.996603362535858],[78.23588273806581,25.046770117520627],[78.26524594423506,25.12632856089845],[78.25978713496451,25.19710240631662],[78.24140452281846,25.25574860115411],[78.22157859063101,25.300103301934666],[78.22081840212397,25.35072363186877],[78.2087311590079,25.41018470545016],[78.21404856387032,25.45207882332935],[78.22088861040724,25.47197906484793],[78.2957446744742,25.517097009664255],[78.40061698902352,25.54238388650504],[78.5379866070635,25.562035968904127],[78.613479389899,25.58787064410531],[78.74044134272845,25.64289529644475],[78.79425252490265,25.67968090643551],[78.82478532390955,25.712285346297705],[78.85000936867921,25.74311376208648],[78.87249078535254,25.78641591865392],[78.87424963872276,25.83987468922617],[78.86801672888932,25.85916484963763],[78.85628280858666,25.895466110081273],[78.83423127001835,25.947586104909394],[78.8439802417608,26.003871464676077],[78.8534567965786,26.02723835614874],[78.88981889174535,26.072784628362417],[78.89207977826194,26.117098065019373],[78.90204299790855,26.201997670037116],[78.9108072242372,26.226808826857457],[78.94493173514958,26.273825579413334],[78.964793417508,26.297610326185794],[78.9776453843837,26.325164807641478],[78.9768838491974,26.35478502460282],[78.97628331216505,26.37816145897653],[78.95725643842502,26.42592350016928],[78.91857259891437,26.48066687940273],[78.89291154589012,26.545066724597426],[78.86353889520149,26.594535145183226],[78.84841218274586,26.689419226667486],[78.8371431645371,26.70976457883217],[78.81375804235128,26.725425991655815],[78.79172169435714,26.73389057465627],[78.73412100967633,26.727547465543015],[78.70121243199875,26.72053749068887],[78.63754359904311,26.72361785814912],[78.5814179221604,26.73864845247228],[78.5182582578474,26.758843765832943],[78.4629998871896,26.777387456541543],[78.35659503439607,26.793553980965175],[78.25391308791818,26.80168084915051],[78.24160364596736,26.817715062114864],[78.23485359078877,26.832905291018275],[78.2274058127788,26.851691155016123],[78.19424317562184,26.864616840472493],[78.15245724688522,26.854815553887217],[78.10614130476966,26.82505205175877],[78.04028996259389,26.77993937089996],[78.00093632448444,26.770037962334584],[77.90623351630666,26.77917470215838],[77.86974848032288,26.787796473346535],[77.81553249529249,26.78960153433646],[77.7577932789478,26.77784729503843],[77.72695597400927,26.75624290590113],[77.68722534782566,26.72907034844503],[77.63192174901701,26.694296803039773],[77.6128231048393,26.672685365164618],[77.57131170012678,26.622828422771036],[77.55022951424019,26.606495508740966],[77.52308594541009,26.604114568353893],[77.50060643286082,26.62074710261313],[77.48978218924098,26.660570971990076],[77.49417631692542,26.691532282893565],[77.50658854859483,26.724261749449354],[77.56975021103528,26.78998012712205],[77.61177273641191,26.836004072428103],[77.73380966555699,26.859037605894315],[77.81184457173653,26.914797663965608],[77.8358150770562,26.936279270080266],[77.84188169419225,26.965757100163085],[77.83722685431125,26.992586355807514],[77.7843120293097,27.007965602537077],[77.73916579265752,26.99261845594483],[77.70570332985308,26.975122346117402],[77.68410308815129,26.963121718232884],[77.61606142667642,26.97013096751798],[77.58866891386934,26.984006259367263],[77.56811882410948,27.01780605744579],[77.57329653344208,27.057819541553645],[77.59316872177352,27.087057583083176],[77.61949629555143,27.11808170799303],[77.64036914635577,27.14347332244557],[77.64622138962625,27.165325951259547],[77.62509364972422,27.173848078281296],[77.58910172364024,27.188355823703574],[77.55050091448871,27.18142413730928],[77.50208501615775,27.165107370075734],[77.45606694690386,27.160191043835656],[77.39890415191317,27.183145834964233],[77.38033799401168,27.21402294754803],[77.37597226024876,27.259937817791066],[77.39338651965363,27.374240886713185],[77.37292460967981,27.517839388640667],[77.35997633000174,27.613558256841593],[77.35318942215105,27.647097868464936],[77.33220527989741,27.657082877174968],[77.35632854955817,27.707164564365556],[77.36612595200091,27.726096682185],[77.38431208108959,27.760401484733713],[77.40898225814112,27.78384719719238],[77.42824241392096,27.804995890913283],[77.44356402783062,27.82979225629795],[77.46039710907557,27.8617213931148],[77.46055693193944,27.864538702606307],[77.46263068846012,27.9010714471081],[77.43630503165589,27.925412483254473],[77.41953293971895,27.95674313476355],[77.40536052147,27.9844456451131],[77.39800937199401,28.016802616126007],[77.39859162864427,28.043052644032954],[77.40450216932139,28.06682202030554],[77.40912359417602,28.09300087430169],[77.40569972532982,28.12051449254785],[77.40365715927724,28.126328138914523],[77.39303738882226,28.156545172131672],[77.36940929005866,28.184409799469876],[77.33654797917423,28.221978036211453],[77.27976275208594,28.339915913077444],[77.25147743064366,28.406037452904094],[77.23461005457695,28.438544294843023],[77.20074691023606,28.498779932678737],[77.18977562597229,28.527186393810013],[77.17893732391002,28.555234116778802],[77.14411736928733,28.638152567904868],[77.11800090983772,28.685116973468006],[77.08884597225068,28.716606036685082],[77.07879627556107,28.756152492778813],[77.08352275278132,28.78950262034895],[77.09020429628531,28.852663645468937],[77.0573297964322,28.90449721788549],[77.04196850862914,28.95128414792961],[77.03845913616091,28.986098786787974],[77.05168502334293,29.00132077951038],[77.0553963609007,29.02418215626664],[77.05630521556841,29.070004218760854],[77.05617042509026,29.077462235838016],[77.0557874043438,29.098659504548895],[77.04853828757682,29.11691376123704],[77.03689987665604,29.133324648154495],[77.02979552969808,29.159215090038902],[77.02503253620479,29.193663956717366],[77.03891953233763,29.235468718345043],[77.04498804436209,29.266887545565798],[77.03709298519325,29.308068523403982],[77.03221505179556,29.33678955603194],[77.03278366903602,29.365427462489826],[77.03436715672129,29.39023023744144],[77.04364107309773,29.417779729111924],[77.05722502808938,29.442397163073764],[77.07410770845529,29.467916383027077],[77.07691237304057,29.49842800052615],[77.07055761814387,29.56154732021504],[77.06455056748875,29.58837659643498],[77.06423332700975,29.599183041321623],[77.06390556509884,29.610348062714998],[77.06659685185022,29.635132030158754],[77.08486589057345,29.67303925735249],[77.1376925030705,29.740943530238134],[77.16469693822727,29.788059806250736],[77.17445769185058,29.79253584598379],[77.19461260759972,29.81320777129193],[77.21074416865456,29.849697379985415],[77.23511861885645,29.92356677064779],[77.34613836850134,30.03047362744429],[77.38023833679993,30.079981771610836],[77.41591549408419,30.12515449866595],[77.48192276385335,30.1955206084363],[77.52754340631344,30.23903824732066],[77.58620868925941,30.275121609329045],[77.62648302087003,30.299228480668795],[77.63482806897036,30.30422040249432],[77.65853619850196,30.326649836075408],[77.68743992961672,30.357558543279822],[77.71522647533955,30.407096418717774],[77.71008748788982,30.46017907947997],[77.6917629508188,30.514966390395426],[77.67310597260433,30.55830416435064],[77.65147620829529,30.61458637511896],[77.65193154220329,30.691892926957987],[77.70280220789178,30.733795666393675],[77.74256393440186,30.791660805416434],[77.77242689274215,30.827240691433172],[77.78034524678684,30.836669011611434],[77.80136591259651,30.874870443966536],[77.80095732333713,30.917828741856876],[77.76865406411555,30.949305520184886],[77.76181739505343,30.96185961255511],[77.75318859948958,30.964350823151154],[77.75633212354906,30.983005938649598],[77.73884788671269,31.030145823954367],[77.73931244134494,31.046361431621087],[77.75534499048861,31.064154010683147],[77.79338080351714,31.07574269163193],[77.82330046081061,31.07509063053697],[77.88046041730799,31.05855546316659],[77.92436547011995,31.044205686009555],[77.96199558436278,31.042392287479327],[78.01001165683986,31.0536865212243],[78.06843654380636,31.07807517581113],[78.09127407321769,31.098523691322978],[78.1439829937214,31.116333079198995],[78.19091226532942,31.12662939846524],[78.2303177731598,31.143776785974147],[78.2617145244517,31.153481047233644],[78.30276385410053,31.15338786647309],[78.33921062552702,31.14863020726221],[78.37742973976647,31.13141171403677],[78.42814086822814,31.091905058482443],[78.45486561680637,31.064475105419877],[78.47867071398292,31.048568558888814],[78.52056407591829,31.042660349041302],[78.5718046373894,31.049837125053774],[78.61691413107431,31.070522098660657],[78.65366966149584,31.07520893488084],[78.68887835629704,31.068481148297803],[78.71463214951288,31.046752823432005],[78.75250836755843,31.023713549471626],[78.76636708021378,31.0099535780547],[78.79399717986625,30.98052433817007],[78.84128137475005,30.94478280985218],[78.87082055821301,30.93626888640353],[78.90710130136095,30.930406365224645],[78.92402999320662,30.938478116779354],[78.934720254133,30.956276815664136],[78.93672605964399,30.97815529128418],[78.93125630677874,31.03364818349785],[78.9150774460815,31.071342966908375],[78.89022342485883,31.114068379189334],[78.88054786206882,31.148701477538104],[78.87304409082586,31.182314764767334],[78.85704424192845,31.247401696143523],[78.85604056544008,31.251482259845698],[78.85540580645552,31.255004055681123],[78.89127367223627,31.232057323927684],[78.89293446682349,31.23099433079888],[78.89640243435116,31.228774515825986],[78.90983156716146,31.234121838708774],[78.91921918665764,31.238093745100844],[78.92118199479557,31.244113377026522],[78.92215175508737,31.247087135260642],[78.92326541517168,31.248258846744402],[78.92417129444762,31.25329765342704],[78.92571093768812,31.258035541852884],[78.92950785240028,31.269717151262846],[78.93082394413499,31.273765416768526],[78.94496131372915,31.31338282515875],[78.94831751578894,31.31893154385975],[78.97999148202636,31.37125677924292],[78.98090659009073,31.37276744518097],[79.00270287508722,31.392530535970266],[79.0258926729241,31.40038529424529],[79.0533680468028,31.398065364854908],[79.07528401801277,31.39621057503232],[79.13551599562246,31.35813899890546],[79.21854200495203,31.26826210326534],[79.30251813547326,31.111426097341372],[79.37353647392628,31.025451402987144],[79.4017546843301,31.011044181717963],[79.4625315953703,30.97996046671686],[79.5602665142526,30.938864640667095],[79.57149212747714,30.934137761369957],[79.63021312487649,30.927912209941976],[79.6355185314108,30.924835883092904],[79.66690558555321,30.925652615736187],[79.67080012694697,30.92706100628871],[79.68721980472675,30.92684273977271],[79.7078048211269,30.931837979836136],[79.71736766293078,30.934157197435564],[79.7326273075722,30.937856266860955],[79.76401588922377,30.939352061427954],[79.82632794758518,30.916257284452133],[79.82943864875458,30.915103325855217],[79.9200716249193,30.866650497603395],[80.0136131276834,30.81653119716419],[80.02756953158983,30.809033900769258],[80.0573961087828,30.791307341188205],[80.05779750019745,30.790696137672832],[80.06482996594427,30.768904706962466],[80.07445984373717,30.76283200372614],[80.0829056381148,30.75750467224963],[80.1090957794882,30.76054648719865],[80.14527021379872,30.738996872201465],[80.19146356676042,30.6827221387569],[80.19860189682306,30.67401936518653],[80.20206015306651,30.642309316214465],[80.20685465449024,30.59833627823055],[80.20811865632656,30.586741401845234],[80.24886435773281,30.533668607084454],[80.29505837629877,30.4959354293119],[80.45576902238733,30.448962755519187],[80.46012136852347,30.44768738442386],[80.49743895618667,30.411996424945613],[80.59841158593342,30.39981540016593],[80.67854113752746,30.405471946077302],[80.72056521203882,30.375358429686333],[80.8090918392739,30.287909543771672],[80.90067051662275,30.24280861086327],[81.01435414075375,30.22785991760163],[81.03807201863432,30.192375839727553],[81.0469719025475,30.165070212256794],[81.04237233615115,30.134321298651802],[81.04145826817957,30.111522985901463],[81.03118469119923,30.10947388621543],[80.95589914574225,30.12159624718053],[80.92958801101108,30.121362338140607],[80.90871529224657,30.115876692543093],[80.88746282267857,30.103974662781233],[80.86276869630576,30.089365033212655],[80.83470061370929,30.05918212869538],[80.77930236546902,29.98232756185157],[80.74781328425723,29.94869886182333],[80.710455684815,29.91245758245254],[80.66821819285401,29.876413546034943],[80.62493693646874,29.850402088767474],[80.53752271677266,29.826237323656922],[80.4689481177827,29.786221197844228],[80.44808910876783,29.76421437691544],[80.40885045898968,29.72008681904873],[80.38816491228069,29.670186050469052],[80.38589600906127,29.520182045914733],[80.35786759644733,29.469140183277435],[80.32621408136775,29.441823113660153],[80.30267696766151,29.427561435947656]],[[79.14371541507305,25.179625190750908],[79.16619256047402,25.31449136538553],[79.1656128279704,25.314259319984256],[79.1491018250753,25.29182608510515],[79.13849887198276,25.257774569703706],[79.1376256414594,25.23203660128039],[79.14371541507305,25.179625190750908]],[[79.63138130300817,25.42572208688835],[79.61922982102917,25.41286969899911],[79.55226879488913,25.412578507157672],[79.5360089077411,25.40146029183372],[79.53604259700553,25.399965885288093],[79.5465913487291,25.366255427111398],[79.57290484366273,25.333247567126865],[79.6459063974446,25.286848022767508],[79.69983257911957,25.291096873326712],[79.73382500513988,25.322193923373188],[79.63138130300817,25.42572208688835]],[[79.73382500513988,25.322193923373188],[79.79609406511386,25.33805643765768],[79.80685678524772,25.344856869843653],[79.81206232372524,25.376870500339173],[79.80373950440061,25.398599219172162],[79.77664461815867,25.443589192153905],[79.74761053428496,25.47314234485126],[79.74265463689403,25.473045384526458],[79.73382500513988,25.322193923373188]],[[82.16839213631891,26.034176051085442],[83.56055162483452,26.026490237656233],[83.0040197162812,26.329948560663812],[81.93863078993765,26.452068775502493],[82.16839213631891,26.034176051085442]],[[83.56055162483452,26.026490237656233],[83.55572265116149,26.022393579018203],[83.5507528299513,26.018176876082375],[83.56055162483452,26.026490237656233]],[[81.05429764672478,26.553435469643723],[81.05429690872342,26.553435554237137],[81.04126172472262,26.545176666540016],[81.05429764672478,26.553435469643723]],[[81.05429690872342,26.553435554237137],[81.05429820741965,26.55343582486743],[81.05974850686309,26.55688881806209],[81.05429690872342,26.553435554237137]],[[82.2741544685549,25.841814238035063],[82.29322390516039,25.807130515373803],[83.50543133924849,25.77041777898233],[82.2741544685549,25.841814238035063]],[[83.50543133924849,25.77041777898233],[83.52839436461926,25.769063941043544],[83.5106826597565,25.770108497626182],[83.50543133924849,25.77041777898233]],[[78.11701638681683,27.474344024166317],[78.1114117578945,27.478982963769347],[78.10590239394601,27.48354248552326],[78.11701638681683,27.474344024166317]],[[79.23725361129048,27.28098084668892],[79.23725365131357,27.28098082313361],[79.23725376399715,27.280980820330356],[79.23725361129048,27.28098084668892]],[[78.32394962981333,27.30370130452723],[78.34002643894681,27.283033751278264],[78.32809812644331,27.298369039913986],[78.32394962981333,27.30370130452723]],[[79.3029665998097,26.91579141610056],[79.29585132646537,26.916108330712703],[79.3029680157712,26.915790458818943],[79.3029665998097,26.91579141610056]],[[79.59941555782653,25.718700647799697],[79.59765851189643,25.741408239357675],[79.58914291889448,25.759560664243498],[79.57771998017938,25.770651145136952],[79.56221220529198,25.778292611779545],[79.54266528852276,25.783674526134817],[79.49114085248063,25.779315956118168],[79.46262476312342,25.766298246536635],[79.46585096012117,25.749635994622697],[79.59941555782653,25.718700647799697]],[[79.76502253601736,25.8551938545456],[79.7899125734902,25.862166765001664],[79.82674889393496,25.873817007963332],[79.84537374907278,25.884637512353162],[79.8554043306341,25.897889345620804],[79.86032045570757,25.921324327560963],[79.86170143320469,25.954890006427625],[79.86280372933152,25.98163811389311],[79.77272928061775,25.98686114442536],[79.76502253601736,25.8551938545456]],[[79.77316366124934,25.994282399897457],[79.85299806741362,25.993835580565747],[79.84129192438508,26.03387785083206],[79.82919308974306,26.073379601685588],[79.82400148859682,26.10120692035478],[79.80282843135721,26.12575468703849],[79.78147601298541,26.136296295824007],[79.77316366124934,25.994282399897457]],[[82.19778706231814,25.980712203039086],[82.53985764148266,25.9787976933067],[82.5425277141696,25.977410873913865],[82.53985770653183,25.97879769294263],[82.5374389462868,25.980053948770973],[82.53985763457533,25.978797696894325],[82.18822228262121,25.998108740398177],[82.19778706231814,25.980712203039086]],[[81.46028709416244,26.038085346886096],[81.45240259266414,26.03755215179991],[81.43913420233591,26.03665385962932],[81.46028709416244,26.038085346886096]],[[80.79461104108393,27.10887962712846],[80.79461093543351,27.108879644814294],[80.79425797301522,27.10204823105394],[80.79461104108393,27.10887962712846]],[[80.21774922682967,27.62505751605736],[80.22726310883155,27.611354049799317],[80.2192040310641,27.622962294019594],[80.21774922682967,27.62505751605736]],[[80.06952640596371,30.73462715157325],[80.04984611093263,30.721314395377547],[80.04039403257997,30.559828631289466],[80.06952640596371,30.73462715157325]],[[79.28274025709837,27.637525949982983],[79.28273981961625,27.637526102753682],[79.28669870203002,27.634143971077602],[79.28274025709837,27.637525949982983]],[[78.90406834635102,29.093915290684784],[78.91598085044036,29.042764088884233],[78.90464218456407,29.091452157461713],[78.90406834635102,29.093915290684784]],[[79.05808296653213,29.479672530552662],[79.05808344756076,29.47967260435935],[79.05424385118609,29.480516054783656],[79.05808296653213,29.479672530552662]],[[79.23917078402566,25.752371428287685],[79.24650841545285,25.796398294858548],[79.24581400287657,25.796405548636102],[79.24505603877375,25.79641425537439],[79.24002721504817,25.77644097339486],[79.23956922148146,25.763574589036274],[79.23917078402566,25.752371428287685]]]}},{"type":"Feature","properties":{"state_name":"Pondicherry","id":24},"geometry":{"type":"Polygon","coordinates":[[[79.75420499963487,11.788410588264643],[79.71945074952818,11.794714961495623],[79.69096628214736,11.828105286275617],[79.64228252526662,11.870415896747268],[79.62412226338857,11.913654498838905],[79.63042102191433,11.942177538633253],[79.64975320112062,11.96762118319688],[79.68359855880468,11.99138808206291],[79.71729935083702,12.006564146089596],[79.75217942777714,12.005972519806068],[79.80113318045002,11.9793766866708],[79.82169476572079,11.968530347580806],[79.8242632493124,11.967175319990025],[79.82896321860447,11.964695726906124],[79.8276211863104,11.957844124471382],[79.82170868822895,11.927649926946293],[79.81882170355935,11.912901476587452],[79.81776129009883,11.907483412538935],[79.8153942984599,11.89549518275692],[79.8086390025084,11.861269244070382],[79.80567806759463,11.846261953403467],[79.79840975854637,11.809408548324894],[79.79827973539855,11.80874908846906],[79.79657554895383,11.800105076046139],[79.75420499963487,11.788410588264643]]]}},{"type":"Feature","properties":{"state_name":"Punjab","id":25},"geometry":{"type":"Polygon","coordinates":[[[77.07565160105182,31.03457871350958],[76.75355599160886,30.54432361980468],[76.75990069327376,30.52566855369481],[76.7767919650224,30.514458970060264],[76.80253354701634,30.505034763248304],[76.82289209680606,30.50284196638804],[76.8426984022986,30.500653818641396],[76.86592898023262,30.50461980720153],[76.8881880041218,30.515279130288047],[76.90380842143468,30.524599538440544],[76.9183478826204,30.534888671704916],[76.93328098136021,30.537054752269977],[76.95738643688428,30.52905659716776],[76.93663230487215,30.53594312837569],[76.93868641246382,30.539405055901458],[76.95582253640671,30.551679976931798],[76.96773864371794,30.561346284651016],[76.98731948769039,30.57477324349435],[77.00507750714159,30.583153139891518],[77.01283424873311,30.591387295461907],[77.02554971551623,30.605809219084975],[77.03585499921697,30.62026752348486],[77.03945371719568,30.627371538272],[77.04621994590042,30.637409099469195],[77.05675049994665,30.645894984566286],[77.08050041704305,30.659240817453803],[77.0947155941273,30.662294174940623],[77.10388581992879,30.671394617469975],[77.11588327231031,30.683431727511614],[77.12339081692294,30.695242794190225],[77.14844179634781,30.719592638336923],[77.17658603471779,30.742691968654803],[77.18713262313413,30.75086785287541],[77.19699712761516,30.759352703796864],[77.22059638296547,30.767095045048247],[77.23640998911979,30.769687144090312],[77.26212012255603,30.76995702174081],[77.28023574768194,30.764627813450627],[77.30078424823313,30.757105071802922],[77.3153235786062,30.741094990597848],[77.32623900407373,30.677894514571197],[77.31852324653022,30.7225758454245],[77.33514706025076,30.722691346238715],[77.36758911471259,30.716375728189746],[77.3995451505233,30.71292490517846],[77.4217269145355,30.716331188223904],[77.45336959772686,30.722418797289016],[77.47724803191228,30.727215181391006],[77.52243637790872,30.74400360599625],[77.56195146539643,30.75468340712302],[77.60070393235425,30.757252666062257],[77.62598134908434,30.75197053639495],[77.64616795432707,30.74249227377678],[77.65357209281036,30.730409639900955],[77.66685906092758,30.704195004026968],[77.65193154220329,30.691892926957987],[77.65147620829529,30.61458637511896],[77.66844003502777,30.570450497153352],[77.67310597260433,30.55830416435064],[77.6917629508188,30.514966390395426],[77.71008748788982,30.46017907947997],[77.71522647533955,30.407096418717774],[77.68743992961672,30.357558543279822],[77.65853619850196,30.326649836075408],[77.63482806897036,30.30422040249432],[77.58620868925941,30.275121609329045],[77.52754340631344,30.23903824732066],[77.48192276385335,30.1955206084363],[77.4433657331235,30.15443450267483],[77.41591549408419,30.12515449866595],[77.38037856148395,30.080159422947883],[77.38023833679993,30.079981771610836],[77.34613836850134,30.03047362744429],[77.25658539730999,29.94426466939201],[77.23511861885645,29.92356677064779],[77.21074416865456,29.849697379985415],[77.19461260759972,29.81320777129193],[77.17445769185058,29.79253584598379],[77.16469693822722,29.788059806250676],[77.1376925030705,29.740943530238134],[77.08486589057345,29.67303925735249],[77.06659685185022,29.635132030158754],[77.06390556509884,29.610348062714998],[77.06455056748875,29.58837659643498],[77.07055761814387,29.56154732021504],[77.07691237304057,29.49842800052615],[77.07410770845529,29.467916383027077],[77.05722502808938,29.442397163073764],[77.04364107309773,29.417779729111924],[77.03436715672129,29.39023023744144],[77.03278366903602,29.365427462489826],[77.03221505179556,29.33678955603194],[77.03709298519325,29.308068523403982],[77.04498804436209,29.266887545565798],[77.03891953233763,29.235468718345043],[77.02503253620479,29.193663956717366],[77.02979552969808,29.159215090038902],[77.03689987665604,29.133324648154495],[77.04853828757682,29.11691376123704],[77.0557874043438,29.098659504548895],[77.05630521556841,29.070004218760854],[77.0553963609007,29.02418215626664],[77.05168502334293,29.00132077951038],[77.03845913616092,28.986098786787974],[77.04196850862914,28.95128414792961],[77.0573297964322,28.90449721788549],[77.09020429628531,28.852663645468937],[77.08352275278132,28.78950262034895],[77.07879627556107,28.756152492778813],[77.08884597225068,28.716606036685082],[77.11800090983772,28.685116973468006],[77.14411736928733,28.638152567904868],[77.17893732391002,28.555234116778802],[77.20074691023606,28.498779932678737],[77.23461005457695,28.438544294843023],[77.25147743064366,28.406037452904094],[77.27356427938557,28.35441274113084],[77.27976275208594,28.339915913077444],[77.33654797917423,28.221978036211453],[77.36940929005866,28.184409799469876],[77.39303738882226,28.156545172131672],[77.40569972532982,28.12051449254785],[77.40912359417602,28.09300087430169],[77.40450216932139,28.06682202030554],[77.39859162864427,28.043052644032954],[77.39800937199401,28.016802616126007],[77.40536052147,27.9844456451131],[77.41953293971895,27.95674313476355],[77.43630503165589,27.925412483254473],[77.46263068846012,27.9010714471081],[77.46039710907557,27.8617213931148],[77.44356402783062,27.82979225629795],[77.42824241392096,27.804995890913283],[77.40898225814112,27.78384719719238],[77.38431208108959,27.760401484733713],[77.36612595200091,27.726096682185],[77.35632854955817,27.707164564365556],[77.33220527989741,27.657082877174968],[77.30115979830177,27.671846520672986],[77.24231893166001,27.679496772149392],[77.1692043231975,27.671110942833227],[77.12821270867776,27.659331066087677],[77.08259663617638,27.629461731660495],[77.03450865788,27.580510501296295],[77.02017555102601,27.558752322852108],[76.97563271200991,27.52500846846157],[76.94222714143682,27.514017525658804],[76.89300913868058,27.5175617476177],[76.84970230065066,27.554440993161997],[76.83111372417301,27.59671468295142],[76.84737064417313,27.671001448712083],[76.87277341820727,27.713641730183266],[76.88832192971893,27.743994670940097],[76.8956884761626,27.79738086839523],[76.9032753065898,27.924306320250462],[76.90271807251872,27.914999403487837],[76.82330614940312,27.866395142424732],[76.77571509492934,27.8479132287904],[76.73267904340997,27.84463982821001],[76.6876735510902,27.852839127868624],[76.61701236318385,27.870879067304852],[76.57236385481671,27.881348425079867],[76.56703902614419,27.8740968523472],[76.5457518908071,27.813203380927703],[76.5262968778155,27.804822789828844],[76.49089103429243,27.808075255133176],[76.45780959460714,27.82466753782874],[76.43768720225297,27.84684916473784],[76.43176722960858,27.887030815429277],[76.431232823262,27.928111473256607],[76.42657168513746,27.982607946727665],[76.40054784657751,28.029241387486255],[76.39922786713949,28.031605570741227],[76.37149781180744,28.047602938645504],[76.35540696631433,28.056881028649816],[76.31208520177827,28.036286527055122],[76.26286356656826,27.96987970103364],[76.2417452450431,27.91084504536526],[76.19235406501663,27.81957331647864],[76.16286778833293,27.77492538340659],[76.16007328511277,27.77294451946617],[76.16074164630952,27.739606411341427],[76.15466740934436,27.69810087052731],[76.14479188824518,27.677404549546342],[76.12043738064698,27.65682518077146],[76.10176625605912,27.640495266958972],[76.0670686949291,27.630018974834],[75.97780810847578,27.634259578980416],[75.96097039957883,27.64082597722054],[75.947404516743,27.653816751964108],[75.94035909955704,27.676793448704796],[75.93969536435448,27.693277928992536],[75.91662214679751,27.72567600596655],[75.89901439854435,27.73868888624595],[75.87826725349727,27.762467351169988],[75.87362920957864,27.786858385749408],[75.87704724549376,27.81119828838105],[75.88366184831821,27.83193500873661],[75.88708965294128,27.856990893556226],[75.88719467209991,27.869887374240204],[75.876132310895,27.89790189981535],[75.8673585900601,27.910138009642434],[75.86916646675574,27.934487774799084],[75.90497223893128,27.971514990697248],[75.91561423929846,27.989356919345017],[75.9279664061201,28.017933719976426],[75.92418074204589,28.047335211480892],[75.91861928778033,28.05811981307206],[75.9073787307915,28.06607590707081],[75.8727291174237,28.07633141128601],[75.84624113066488,28.097991998682588],[75.80218821442243,28.14984403563694],[75.79518859614045,28.187142165229297],[75.7879898496178,28.19793107121976],[75.7670454681251,28.20951383681419],[75.74045905904019,28.224706530233984],[75.69200269193618,28.23714060238321],[75.65887705770515,28.24446914873038],[75.56683499463679,28.281423052249167],[75.53778978162828,28.30165070544963],[75.53423444432887,28.372229452881037],[75.52905933435822,28.41762701678381],[75.52923161558851,28.452256251336724],[75.53832062375145,28.48609401920963],[75.5066419297979,28.503530586601705],[75.49455672682227,28.52088990738996],[75.4791194578835,28.545424737078807],[75.45759600840054,28.571769619132663],[75.4354764785352,28.6202040816318],[75.42478488537915,28.65367306554123],[75.40785920982583,28.72250534210206],[75.41669159902276,28.763555159576956],[75.42549230712221,28.795051556906454],[75.42672465096183,28.831347643113972],[75.41384691293554,28.866732313712816],[75.39655671258978,28.88588939029724],[75.37924628924881,28.901223282877947],[75.33916844888432,28.92807724033677],[75.31537009011615,28.957747856843397],[75.29048510764434,28.992192783737305],[75.27966131993,29.007499640531034],[75.2688269321775,29.019939902233713],[75.25471982662873,29.028564560865732],[75.23082766167411,29.037204908879573],[75.21126416563766,29.038192344911813],[75.12212929620786,29.036392478204316],[75.04169562059293,29.04121775055477],[74.95797230641737,29.09757682291053],[74.90031059467371,29.116651050515717],[74.8633011027454,29.13476781678869],[74.81650874200285,29.13948806953208],[74.78168526305969,29.142301549302775],[74.75230732506182,29.1422504727191],[74.71206744003901,29.13548349098635],[74.67074197222776,29.1296570083684],[74.64137454987521,29.12767121602062],[74.58694893492223,29.135156319486004],[74.52698359314827,29.16265925856522],[74.4897702782232,29.2055068674621],[74.47766372654014,29.231250516698793],[74.47316106561215,29.259888678124696],[74.47737241525643,29.288560917548523],[74.4968538069777,29.31538096807716],[74.50443674195586,29.32496118604206],[74.51743548405105,29.342202136306614],[74.5326061833447,29.36231498466215],[74.54998921187651,29.376702493659728],[74.56514699971696,29.402542652315038],[74.56943777947947,29.419749777941476],[74.56936525796976,29.436942694114244],[74.56052473805421,29.46270344255262],[74.54847646920888,29.472214798866204],[74.527706032051,29.47882886568214],[74.50914393179781,29.479716850250444],[74.46226976131669,29.467118586265904],[74.44593388831335,29.460365457928642],[74.42522411220607,29.455501846046992],[74.40553527331375,29.463056646565125],[74.39020386848573,29.47158368997715],[74.38461935010193,29.4925713444748],[74.38332502738359,29.52599555749776],[74.40062402462024,29.555684205370383],[74.43098166699379,29.596888872095487],[74.44722889215384,29.62370144757134],[74.45366932931148,29.645696279290636],[74.4535816215531,29.66193320130921],[74.44248252838682,29.691496018871106],[74.43527907644943,29.70280058546437],[74.43034191180091,29.710546882457656],[74.4160965280998,29.71430532717215],[74.40076160550367,29.71710217998418],[74.36465430431029,29.716933843730267],[74.32307659160928,29.716727806361472],[74.21358930155236,29.72567379369413],[74.163168620422,29.735870690672105],[74.10076792513914,29.738326683760047],[74.08109634443458,29.735326313046514],[74.06040296683872,29.724675142478933],[74.04629630924126,29.71215823024018],[74.02892988630157,29.69770582460077],[74.00611876303182,29.68130029722083],[73.99090277208914,29.67163451097162],[73.97239965490103,29.66289664279218],[73.9483932749356,29.657932984979922],[73.90797906848728,29.653785939983987],[73.88717416836919,29.656478118959328],[73.8378856069279,29.663695619754264],[73.81366234476386,29.67780674861367],[73.80474435923136,29.692052283183244],[73.79566423140547,29.71966622567868],[73.79749917092275,29.749289064032645],[73.80703143537771,29.776116342853435],[73.82424419800672,29.80205644461319],[73.8447622949797,29.82706828469318],[73.87280863446621,29.865511979441106],[73.87914749889909,29.886576658772423],[73.88537190518512,29.918145352109136],[73.8851696957542,29.93628912993227],[73.88389202988691,29.952513708794346],[73.87261361928539,29.98011321684691],[73.85328837772204,30.002218559362806],[73.84586168498527,30.00821658767898],[73.86523700349008,30.02432102972509],[73.89790172900841,30.051453424150882],[73.91728252555635,30.068637365422195],[73.92780504559819,30.077963503874788],[73.93555392882232,30.123389435503206],[73.91985162279921,30.178173708037438],[73.88248244468171,30.243501000803295],[73.8810991999953,30.24897302424788],[73.8790042695628,30.25725915737587],[73.87710911418976,30.264753795368094],[73.8855333021593,30.297259405650152],[73.89465271342749,30.34269792833514],[73.90670619351644,30.372642045828048],[73.91277065371473,30.3787694379175],[73.93530366435489,30.401527253462874],[74.00258260979206,30.421157915315533],[74.03087357338913,30.428303691347608],[74.0561709998341,30.43468731469324],[74.0727315731639,30.451014390577047],[74.11351872353859,30.49119467064596],[74.22505349307815,30.67931986899307],[74.23700954468838,30.693997751990963],[74.28423764486075,30.751923854164783],[74.28664665427036,30.754876252373865],[74.30056367658754,30.768719335171394],[74.35667455112188,30.824477174400034],[74.3645504660329,30.830794916838908],[74.36759088811166,30.833233473715772],[74.39668457297552,30.856558142633393],[74.40760150934835,30.865305774003005],[74.43042971997298,30.875675819851832],[74.47661999336566,30.89663934635164],[74.53541489905167,30.917178836959494],[74.5712799062296,30.929690580052235],[74.59410693816925,30.937647078062547],[74.59822987078054,30.942914182534864],[74.59891847373376,30.943793813731475],[74.60424469919016,30.95059694343803],[74.60424469919019,30.950596943438004],[74.61752993879725,30.967560891573015],[74.62023474786594,30.980633265884286],[74.62092385069879,30.983963140981448],[74.66939110008609,31.011300127014692],[74.66648767732988,31.029399891311016],[74.65247880137102,31.040116206910028],[74.60647898397113,31.039565494622288],[74.55359142427885,31.02802915311623],[74.4866347697413,31.033202937904914],[74.46141606161193,31.04736761926191],[74.45079301855058,31.061440479903485],[74.43883684733049,31.077273288239077],[74.43518809160837,31.09067260347029],[74.43162273370375,31.103761783754297],[74.43555853542233,31.131613606581936],[74.43917560218703,31.143986970290197],[74.45046386272203,31.182581309801087],[74.46812011145587,31.21756018177564],[74.5577796595403,31.306369057877404],[74.56094488883686,31.324992261460054],[74.57915825100463,31.34506089656897],[74.59851510767305,31.37794856484313],[74.59695592796186,31.40089857115741],[74.58843820599982,31.417714780495427],[74.52063208253476,31.494188196268546],[74.48119495138505,31.517820783839824],[74.44328374873108,31.524535600659938],[74.4094295394996,31.54700897587346],[74.39520612213181,31.568554976075447],[74.39214447507084,31.59630933773454],[74.40031027387202,31.62423189615288],[74.40404821483386,31.62898555113701],[74.43558876282944,31.669073190521658],[74.44714705006723,31.68072542476873],[74.48306060033238,31.707627609906556],[74.50044109830876,31.720637849490284],[74.56258777253143,31.767109022212374],[74.64274761678618,31.81712863377828],[74.7368853379384,31.86344695807483],[74.8597273434436,31.915711559638844],[74.8655282764359,31.91817523889768],[74.90468866004073,31.938500590705274],[74.95087494520304,31.942107424631157],[74.98586793164861,31.93853556584239],[75.03765182026838,31.931369619228658],[75.05225457677786,31.943219241374052],[75.06705937380121,31.955227968402813],[75.17461066896547,32.00563082881984],[75.17634912155148,32.00644433169425],[75.2023712073384,32.04440575116856],[75.23103767703773,32.055395054012045],[75.28990596202158,32.13132481215641],[75.30521806268375,32.174110928911134],[75.39779707774015,32.19151559515746],[75.59421793547104,32.28920404830682],[75.6104366311151,32.297851764850826],[75.84412825878933,32.42203701630209],[75.86699252291707,32.44416908370558],[75.89740110670408,32.47358023022661],[75.92325126862687,32.52351410821356],[75.94269546821572,32.56454016376545],[75.94518466782547,32.60032149607504],[75.93709964047052,32.63618193087168],[75.90365041546022,32.675806914240724],[75.85946555854528,32.70296719827265],[75.84061449680635,32.724574799300285],[75.82398773161867,32.758694825252284],[75.82428469888104,32.79091237109837],[75.83721698363884,32.8140960955083],[75.87130481707736,32.83176299962216],[75.97942180020951,32.83096365065914],[76.13040640073193,32.86727863301928],[76.22440253017497,32.91650958005294],[76.30188602869558,32.99089845382617],[76.30668710292518,33.02843391398947],[76.3072687251542,33.06780299867508],[76.32257440055798,33.096277868634694],[76.36721959640875,33.095796124376506],[76.39902331864278,33.09007396760799],[76.44337157990125,33.07167101174899],[76.46465396700292,33.073212543014144],[76.50339619685074,33.10138673632099],[76.52074280004948,33.12086292850488],[76.55082670340563,33.1383888888421],[76.5933619097032,33.13785199500566],[76.71385081477794,33.09867012603163],[77.07221510401443,32.957937973094005],[77.24433087762435,32.88982949095708],[77.29437934916922,32.856711121758174],[77.34716747860962,32.84857385472901],[77.40042632089627,32.85829924836085],[77.44098047554442,32.8682502834234],[77.47882606336334,32.85676966489289],[77.51630781265737,32.83275994019882],[77.52881406949793,32.825350495130266],[77.55836309295833,32.82117110988148],[77.59933132677864,32.84537638707831],[77.63189870698233,32.87153388114404],[77.66209809160989,32.88878660543763],[77.72030168184514,32.919738423776515],[77.76515289774832,32.92948843715923],[77.79243244955836,32.91993577860737],[77.8213713401366,32.8960269149858],[77.85092527795722,32.825580868594656],[77.87512435927401,32.78745578724585],[77.90553413650908,32.74560437198211],[77.9464295716701,32.70171110110049],[77.94683981386528,32.64981803319763],[77.92636544242917,32.60556973708362],[77.92121231458741,32.577063883500934],[77.9269074364802,32.55725094548982],[77.95599150328775,32.54225703088214],[77.99826143744413,32.54304445540435],[78.02816849097175,32.55306146955289],[78.0645967644252,32.56827920652892],[78.09712180404594,32.59252721937843],[78.11519006921522,32.62607073242919],[78.13712371864531,32.64878064004998],[78.15875390730818,32.6625492013544],[78.20395567768674,32.68465798409241],[78.2604311317834,32.66710175707175],[78.28929032055142,32.646670577898384],[78.35310254138315,32.60026047485675],[78.37702692666493,32.56205432046506],[78.43159322739697,32.501290972117964],[78.45930964125625,32.48061690768243],[78.44140299126968,32.462990144355565],[78.43400564082474,32.441561194473856],[78.43376672815087,32.43640705362039],[78.43225299962538,32.43383357197244],[78.43034660920193,32.404682043524595],[78.43031342145562,32.404174265913376],[78.45435225807968,32.36972122876736],[78.45844223854527,32.36385517000419],[78.46479693674277,32.35473929632195],[78.46617429210052,32.352763203943134],[78.4737423507093,32.33066021197121],[78.4777729395552,32.318884679549214],[78.47728467186153,32.31840320273766],[78.46895943694014,32.30403027877944],[78.45876195542942,32.2864174311923],[78.4513888259666,32.26499436127327],[78.44843619853972,32.24707631218132],[78.45143863728295,32.234059685276875],[78.45065772583865,32.222252899462774],[78.45000248580979,32.21234208204095],[78.48748512544553,32.18662694054413],[78.57538084536087,32.09635454931802],[78.63379919433653,32.03623190657772],[78.63966971515877,32.03207455785291],[78.6385709255887,32.02460192820939],[78.6396697151588,32.03207455785291],[78.64372044238554,32.02920557855599],[78.64892722452325,32.025518948825244],[78.65051308101383,32.02439599638493],[78.65861232408747,32.01866018079669],[78.66043082103612,32.01737217486794],[78.67777100964472,32.0050874783686],[78.71480989892709,31.978829133460255],[78.71788718355896,31.971245259834436],[78.72065783919976,31.964416076579997],[78.7324729408538,31.93528341231872],[78.7324499985055,31.929805785458235],[78.73236667167566,31.909836804532432],[78.73232435567367,31.899650926864876],[78.73168783971711,31.89444497877452],[78.71926715907247,31.834648861032804],[78.71404708520257,31.773542322088577],[78.71259769395606,31.744769124534557],[78.71393452353942,31.716706420545087],[78.71465804897926,31.70151884253971],[78.72183949921724,31.676153749064774],[78.74793912998052,31.653027843737313],[78.7495783146803,31.650203690168908],[78.79318193296419,31.58680823193826],[78.80642580986604,31.547194652221343],[78.80286442451748,31.52116121202042],[78.7981480101799,31.51595355977056],[78.77574608804765,31.489485572993452],[78.76994924081018,31.457244344120785],[78.78172004985937,31.424169158281487],[78.78308258561785,31.41778463955192],[78.78409201446652,31.402926574669234],[78.78323074810488,31.384972796052825],[78.79667109020683,31.354229633242504],[78.79968972608478,31.340156955865282],[78.82936922756173,31.294816843142996],[78.83499187420843,31.286222189877158],[78.84692484721815,31.267976252348383],[78.8539999553693,31.25715465838812],[78.85540580645552,31.255004055681123],[78.85604056544008,31.251482259845698],[78.87304409082586,31.182314764767334],[78.88054786206882,31.148701477538104],[78.89022342485883,31.114068379189334],[78.9150774460815,31.071342966908375],[78.93125630677874,31.03364818349785],[78.93672605964399,30.97815529128418],[78.934720254133,30.956276815664136],[78.92402999320662,30.938478116779354],[78.90710130136095,30.930406365224645],[78.87082055821301,30.93626888640353],[78.84128137475005,30.94478280985218],[78.79399717986625,30.98052433817007],[78.76636708021378,31.0099535780547],[78.75250836755843,31.023713549471626],[78.71463214951288,31.046752823432005],[78.68887835629704,31.068481148297803],[78.65366966149584,31.07520893488084],[78.61691413107431,31.070522098660657],[78.5718046373894,31.049837125053774],[78.52056407591829,31.042660349041302],[78.47867071398292,31.048568558888814],[78.45486561680637,31.064475105419877],[78.42814086822814,31.091905058482443],[78.37742973976647,31.13141171403677],[78.33921062552702,31.14863020726221],[78.30276385410053,31.15338786647309],[78.2617145244517,31.153481047233644],[78.2303177731598,31.143776785974147],[78.19091226532942,31.12662939846524],[78.1439829937214,31.116333079198995],[78.09127407321769,31.098523691322978],[78.06843654380636,31.07807517581113],[78.01001165683986,31.0536865212243],[77.96199558436278,31.042392287479327],[77.92436547011995,31.044205686009555],[77.88046041730799,31.05855546316659],[77.82330046081061,31.07509063053697],[77.79338080351714,31.07574269163193],[77.75534499048861,31.064154010683147],[77.73931244134494,31.046361431621087],[77.73884788671269,31.030145823954367],[77.75633212354906,30.983005938649598],[77.75318859948958,30.964350823151154],[77.74753734832863,30.965982014595454],[77.7327024667274,30.97011462198461],[77.72167314069604,30.971779264495762],[77.70289399839352,30.973605450683618],[77.67585063284233,30.977032178192296],[77.66000907817626,30.984995349497968],[77.64042060706551,30.997805773816737],[77.59818948296098,31.033979158603398],[77.57929095012969,31.05249393755975],[77.55264674277116,31.092636091675992],[77.53990271660317,31.11388704599624],[77.5292827670072,31.13175439894105],[77.51243218664368,31.14497020717934],[77.48505020041299,31.158865000818427],[77.47795027432826,31.16212374213625],[77.44886313031863,31.15124835082566],[77.41746572509302,31.144086271963662],[77.39365347274322,31.134985775448634],[77.3740789543318,31.12878563802235],[77.35657158899109,31.121948019236036],[77.31449018891274,31.131063728779885],[77.29181332737382,31.139821936500866],[77.27430330158874,31.117208412604374],[77.2657229958281,31.106322157303453],[77.23730642353108,31.07728574243919],[77.19154166752763,31.0464501440523],[77.15116302597168,31.038180249618353],[77.110869595625,31.033476020336373],[77.07565160105182,31.03457871350958]],[[75.45759600840054,28.571769619132663],[75.8096602629651,28.24807660577519],[75.72312867738022,28.433890161270558],[76.07126410261502,29.505821187091417],[75.45759600840054,28.571769619132663]],[[75.72312867738022,28.433890161270558],[75.76216571764294,28.4145714853419],[75.75982297355557,28.415731374250445],[75.72312867738022,28.433890161270558]],[[74.69526407849828,29.897852531531523],[74.69526597307403,29.897853909948715],[74.69861774822476,29.90131480732765],[74.69526407849828,29.897852531531523]],[[74.69526407849828,29.897852531531523],[74.68332054471766,29.885519579682033],[74.69526458561315,29.89785247731689],[74.69526407849828,29.897852531531523]],[[76.3788997626591,28.75183672536777],[76.53687973090382,28.296582824145844],[76.78219522414655,28.3507496297685],[76.3788997626591,28.75183672536777]],[[76.78219522414655,28.3507496297685],[76.77982973411571,28.348977846738826],[76.7565073460424,28.33150353771478],[76.78219522414655,28.3507496297685]],[[76.03076014829155,29.755077322081974],[76.09349861860122,29.57428267018709],[76.14813703423022,29.74251781280412],[76.14813112720499,29.742529425853228],[76.03076014829155,29.755077322081974]],[[76.10135973752342,29.551629133178132],[76.18210117965678,29.31895497246075],[76.245071382092,29.770369667693018],[76.10135973752342,29.551629133178132]],[[76.6536410022703,27.960109631425066],[76.62291887099293,27.94508940905927],[76.67060397210591,27.968398085255025],[76.6536410022703,27.960109631425066]],[[76.24099310752531,28.888988231034148],[76.26025809909692,28.866602326106804],[76.25064357552147,28.877775905042856],[76.24099310752531,28.888988231034148]],[[76.15618645390505,29.133174098776735],[76.1561858672419,29.13317578797026],[76.13475371889155,29.14853109540931],[76.15618645390505,29.133174098776735]],[[77.19578696843332,31.21743428206188],[77.19578632997145,31.217433310272224],[77.2048740622579,31.219498319821856],[77.19578696843332,31.21743428206188]],[[75.80607998564226,30.402542451425617],[76.12995811055339,30.40723769211118],[75.56140611020841,31.107623845959125],[75.80607998564226,30.402542451425617]]]}},{"type":"Feature","properties":{"state_name":"Rajputana Agency","id":26},"geometry":{"type":"Polygon","coordinates":[[[70.1143335556604,26.003793649887697],[70.11405631950865,26.00377729108523],[70.11393530230372,26.00543112834275],[70.11389239454398,26.006017486877244],[70.11284526167383,26.020323147550478],[70.11354784354013,26.022729267042486],[70.11402530889613,26.024364393415105],[70.12578407127945,26.064623022422268],[70.15657175407631,26.102962497959467],[70.15753195158923,26.10415777225357],[70.16215070176887,26.10990691318389],[70.1840416301565,26.137146909738583],[70.18825664151947,26.169264093890355],[70.19208700074643,26.19844488783403],[70.19304474516728,26.202422650536207],[70.19818743950992,26.223778533788558],[70.20446233439877,26.249829046820075],[70.2071464641904,26.260969974799348],[70.21014844215469,26.273428507473362],[70.20880705565838,26.35729880951354],[70.20876515572822,26.362140310457846],[70.20824292497682,26.422123198893992],[70.20134629275692,26.45236647720205],[70.2004738929483,26.45619055176049],[70.18404312991986,26.4657380290514],[70.17257615025154,26.47239895917409],[70.16764947557904,26.5036357231575],[70.15906624265547,26.513870911797596],[70.14292005884593,26.533117482880805],[70.0813265458476,26.551702999357214],[69.94183540254309,26.54897421798339],[69.84897515184507,26.554573921439843],[69.77540400679855,26.567316342254035],[69.66002774086759,26.62509714028561],[69.5279930212757,26.733633716462066],[69.52435736648708,26.74935678035409],[69.51922892916262,26.77152491346688],[69.51507865439149,26.78945564621836],[69.5034028555334,26.839855298782666],[69.5097574860711,26.862055966167826],[69.51108436647772,26.866690825924827],[69.52960950999207,26.931372712792744],[69.561382381221,27.02218513692394],[69.6060817966692,27.075674967178],[69.72903541874851,27.17804796907786],[69.81438278903413,27.23366505383511],[69.87696581057534,27.293170299279918],[69.99113980860929,27.393844700545923],[70.04104959342563,27.471904164397777],[70.07735474882097,27.556620399772886],[70.08295719389106,27.58115957873723],[70.08575041143476,27.593391427607145],[70.09189685151789,27.62030117222625],[70.10236319070961,27.63039572790326],[70.10597821412901,27.633881782473054],[70.17019479491661,27.695759717158346],[70.32051080991228,27.812981752324262],[70.38934748052601,27.865369301411402],[70.43672004224169,27.88721406168821],[70.50510381434681,27.888273198867605],[70.54966542401834,27.88137635623495],[70.59302829811644,27.87084933835181],[70.61461878202218,27.842829439508602],[70.62891313840545,27.813088413407154],[70.67845540333889,27.70984953146886],[70.69072881824526,27.70202308843335],[70.69240595128434,27.698718827403297],[70.71119827673449,27.6635317655305],[70.73527976643217,27.629696483944162],[70.7980239252142,27.599418397131362],[70.82838582939561,27.575293464264337],[70.85948913237955,27.56668563184723],[70.92735366871709,27.57704323155643],[70.9921705664411,27.598014002561296],[71.07829038321985,27.623138956551838],[71.26733835449701,27.695161582050794],[71.40163734262508,27.72735168310312],[71.47098661881815,27.734178833760474],[71.61341402485968,27.72665809626439],[71.63276899256417,27.729806774415742],[71.63485067341361,27.729647473600053],[71.71756679831857,27.743568179873606],[71.786309279579,27.777400650047415],[71.85327407665861,27.827866165207936],[71.8896517346009,27.916992869648535],[71.90205539298458,27.95307054399136],[71.94862182636929,28.017355923588738],[71.95111246211393,28.021554511237206],[71.95422074834083,28.026793827491645],[71.97301847554344,28.058467958467514],[71.99205313874307,28.099458924858293],[72.01598341376547,28.12817231892198],[72.01940471837932,28.132275975117846],[72.06847229360913,28.16753254914995],[72.1290332924395,28.21099385430623],[72.1334881985962,28.218062580019893],[72.14261448961227,28.232540419657827],[72.18804173584329,28.304543530167305],[72.18804173584326,28.304543530167333],[72.18852890882455,28.305315147974028],[72.19192734533762,28.31483015182896],[72.19194118367336,28.31486889347058],[72.2354474780989,28.436540890625682],[72.23882325868067,28.445971083613856],[72.26369120636113,28.528818778082133],[72.29375008233464,28.576951888954927],[72.32514113232351,28.627168173288275],[72.32569463739847,28.62805315673581],[72.32835276135432,28.632302933444038],[72.32863065897199,28.632747211630328],[72.33089998963327,28.63426740370751],[72.33148104022827,28.634656628494614],[72.38203807446868,28.66850316438181],[72.42046205230928,28.694200767681597],[72.44015742833813,28.701424266203848],[72.46046523420247,28.708868431884547],[72.46579203459368,28.710820395877686],[72.56810298049606,28.748257891971384],[72.65550836021205,28.795065737789642],[72.6925894384146,28.814894723947834],[72.69845228745102,28.818178306278572],[72.72195538006238,28.83133709027833],[72.87081139434802,28.914510446956164],[72.9220710655742,28.970253493875532],[72.97443688694754,29.027120764328256],[73.0210541961711,29.095362305656906],[73.04448369178616,29.12962174509367],[73.1100081160864,29.219608717025963],[73.11572227849771,29.22744757990642],[73.13642777539671,29.255840453091807],[73.17987521649658,29.315359774997525],[73.18317729730828,29.35957122893126],[73.22625565063413,29.422871347354004],[73.23708547400547,29.43877094559233],[73.25106037981669,29.45927965264174],[73.26028181850681,29.472807351944752],[73.29060851114102,29.535272713658305],[73.29432155568561,29.58085030216724],[73.2985699756743,29.632965120685117],[73.29966581987516,29.64640171282096],[73.29934299784465,29.73799643500562],[73.29930369849066,29.7490525315452],[73.32704046631707,29.78767741826722],[73.32871776371577,29.790012044670497],[73.40955472407983,29.84805945806921],[73.43025245246812,29.86290372908682],[73.4336732473041,29.86535637911268],[73.4505335747466,29.877441950395916],[73.48778035774653,29.895947126620843],[73.50219914647761,29.90310617020474],[73.5038865343396,29.90351507247837],[73.57456444061428,29.920620156436083],[73.6164788200082,29.924062863239623],[73.62397940196792,29.924677509612316],[73.65806412680305,29.927465178527452],[73.67907598185319,29.933329639991033],[73.71132084075765,29.94232147829112],[73.78505364395214,29.96570322641984],[73.79105512982908,29.96970926630731],[73.81799747349388,29.987686266290265],[73.82296511400071,29.990999581582475],[73.8340288261197,29.99837740760493],[73.83986718202398,30.003232448335325],[73.84586168498527,30.00821658767898],[73.85328837772204,30.002218559362806],[73.85488334585041,30.00039463410784],[73.87261361928539,29.98011321684691],[73.88389202988691,29.952513708794346],[73.8851696957542,29.93628912993227],[73.88537190518512,29.918145352109136],[73.87914749889909,29.886576658772423],[73.87280863446621,29.865511979441106],[73.8447622949797,29.82706828469318],[73.82424419800672,29.80205644461319],[73.80703143537771,29.776116342853435],[73.79749917092275,29.749289064032645],[73.79566423140547,29.71966622567868],[73.80474435923136,29.692052283183244],[73.81366234476386,29.67780674861367],[73.8378856069279,29.663695619754264],[73.88717416836919,29.656478118959328],[73.90797906848728,29.653785939983987],[73.9483932749356,29.657932984979922],[73.97239965490103,29.66289664279218],[73.99090277208914,29.67163451097162],[74.00611876303182,29.68130029722083],[74.02892988630157,29.69770582460077],[74.04629630924126,29.71215823024018],[74.06040296683872,29.724675142478933],[74.08109634443458,29.735326313046514],[74.10076792513914,29.738326683760047],[74.163168620422,29.735870690672105],[74.21358930155236,29.72567379369413],[74.32307659160928,29.716727806361472],[74.36465430431029,29.716933843730267],[74.40076160550367,29.71710217998418],[74.4160965280998,29.71430532717215],[74.43034191180091,29.710546882457656],[74.44248252838682,29.691496018871106],[74.4535816215531,29.66193320130921],[74.45366932931148,29.645696279290636],[74.44722889215384,29.62370144757134],[74.43098166699379,29.596888872095487],[74.40062402462024,29.555684205370383],[74.38332502738359,29.52599555749776],[74.38461935010193,29.4925713444748],[74.39020386848573,29.47158368997715],[74.40553527331375,29.463056646565125],[74.42522411220607,29.455501846046992],[74.44593388831335,29.460365457928642],[74.46226976131669,29.467118586265904],[74.50914393179781,29.479716850250444],[74.527706032051,29.47882886568214],[74.54847646920888,29.472214798866204],[74.56052473805421,29.46270344255262],[74.56936525796976,29.436942694114244],[74.56943777947947,29.419749777941476],[74.56514699971696,29.402542652315038],[74.54998921187651,29.376702493659728],[74.5326061833447,29.36231498466215],[74.51743548405105,29.342202136306614],[74.50443674195586,29.32496118604206],[74.4968538069777,29.31538096807716],[74.47737241525643,29.288560917548523],[74.47316106561215,29.259888678124696],[74.47766372654014,29.231250516698793],[74.4897702782232,29.2055068674621],[74.52698359314827,29.16265925856522],[74.58694893492223,29.135156319486004],[74.64137454987521,29.12767121602062],[74.67074197222776,29.1296570083684],[74.71206744003901,29.13548349098635],[74.75230732506182,29.1422504727191],[74.78168526305969,29.142301549302775],[74.81650874200285,29.13948806953208],[74.8633011027454,29.13476781678869],[74.90031059467371,29.116651050515717],[74.95797230641737,29.09757682291053],[75.04169562059293,29.04121775055477],[75.12212929620786,29.036392478204316],[75.21126416563766,29.038192344911813],[75.23082766167411,29.037204908879573],[75.25471982662873,29.028564560865732],[75.2688269321775,29.019939902233713],[75.27966131993,29.007499640531034],[75.29048510764434,28.992192783737305],[75.31537009011615,28.957747856843397],[75.33916844888432,28.92807724033677],[75.37924628924881,28.901223282877947],[75.39655671258978,28.88588939029724],[75.41384691293554,28.866732313712816],[75.42672465096183,28.831347643113972],[75.42549230712221,28.795051556906454],[75.41669159902276,28.763555159576956],[75.40785920982583,28.72250534210206],[75.42478488537915,28.65367306554123],[75.4354764785352,28.6202040816318],[75.45759600840054,28.571769619132663],[75.4791194578835,28.545424737078807],[75.49455672682227,28.52088990738996],[75.5066419297979,28.503530586601705],[75.53832062375145,28.48609401920963],[75.52923161558851,28.452256251336724],[75.52905933435822,28.41762701678381],[75.53423444432887,28.372229452881037],[75.53778978162828,28.30165070544963],[75.51197949205918,28.319613945656048],[75.56683499463679,28.281423052249167],[75.65887705770515,28.24446914873038],[75.69200269193618,28.23714060238321],[75.74045905904019,28.224706530233984],[75.7670454681251,28.20951383681419],[75.7879898496178,28.19793107121976],[75.79518859614045,28.187142165229297],[75.80218821442243,28.14984403563694],[75.84624113066488,28.097991998682588],[75.8727291174237,28.07633141128601],[75.9073787307915,28.06607590707081],[75.91861928778033,28.05811981307206],[75.92418074204589,28.047335211480892],[75.9279664061201,28.017933719976426],[75.91561423929846,27.989356919345017],[75.90497223893128,27.971514990697248],[75.86916646675574,27.934487774799084],[75.8673585900601,27.910138009642434],[75.876132310895,27.89790189981535],[75.88719467209991,27.869887374240204],[75.88708965294128,27.856990893556226],[75.88366184831821,27.83193500873661],[75.87704724549376,27.81119828838105],[75.87362920957864,27.786858385749408],[75.87826725349727,27.762467351169988],[75.89901439854435,27.73868888624595],[75.91662214679751,27.72567600596655],[75.93969536435448,27.693277928992536],[75.94035909955704,27.676793448704796],[75.947404516743,27.653816751964108],[75.96097039957883,27.64082597722054],[75.97780810847578,27.634259578980416],[76.0670686949291,27.630018974834],[76.10176625605912,27.640495266958972],[76.12043738064698,27.65682518077146],[76.14479188824518,27.677404549546342],[76.15466740934436,27.69810087052731],[76.15472780194996,27.69851371389778],[76.16074164630952,27.739606411341427],[76.16007328511277,27.772944519466193],[76.16286778833293,27.77492538340659],[76.19235406501663,27.81957331647864],[76.2417452450431,27.91084504536526],[76.26286356656826,27.96987970103364],[76.31208520177827,28.036286527055122],[76.35540696631433,28.056881028649816],[76.39922786713949,28.031605570741227],[76.42657168513746,27.982607946727665],[76.431232823262,27.928111473256607],[76.43176722960858,27.887030815429277],[76.43768720225297,27.84684916473784],[76.45780959460714,27.82466753782874],[76.49089103429243,27.808075255133176],[76.5262968778155,27.804822789828844],[76.5457518908071,27.813203380927703],[76.56703902614419,27.8740968523472],[76.57236217842275,27.881348818167314],[76.61701236318385,27.870879067304852],[76.6876735510902,27.852839127868624],[76.73267904340997,27.84463982821001],[76.77571509492934,27.8479132287904],[76.82330614940312,27.866395142424732],[76.90271807251872,27.914999403487837],[76.8956884761626,27.79738086839523],[76.88832192971893,27.743994670940097],[76.87277341820727,27.713641730183266],[76.84737064417313,27.671001448712083],[76.83111372417301,27.59671468295142],[76.84970230065066,27.554440993161997],[76.89300913868058,27.5175617476177],[76.94222714143682,27.514017525658804],[76.97563271200991,27.52500846846157],[77.0049956766625,27.547256743913536],[77.02017555102601,27.558752322852108],[77.03450865788,27.580510501296295],[77.08259663617638,27.629461731660495],[77.12821270867776,27.659331066087677],[77.1692043231975,27.671110942833227],[77.24231893166001,27.679496772149392],[77.30115979830177,27.671846520672986],[77.35318942215105,27.647097868464936],[77.35997633000174,27.613558256841593],[77.37292460967981,27.517839388640667],[77.39338651965363,27.374240886713185],[77.37597226024876,27.259937817791066],[77.38033799401168,27.21402294754803],[77.39890415191317,27.183145834964233],[77.45606694690386,27.160191043835656],[77.50208501615775,27.165107370075734],[77.55050091448871,27.18142413730928],[77.58910172364024,27.188355823703574],[77.64622138962625,27.165325951259547],[77.64036914635577,27.14347332244557],[77.61949629555143,27.11808170799303],[77.59316872177352,27.087057583083176],[77.57329653344208,27.057819541553645],[77.56811882410948,27.01780605744579],[77.58866891386934,26.984006259367263],[77.61606142667642,26.97013096751798],[77.68410308815129,26.963121718232884],[77.70570332985308,26.975122346117402],[77.73916579265752,26.99261845594483],[77.7843120293097,27.007965602537077],[77.83722685431125,26.992586355807514],[77.84188169419225,26.965757100163085],[77.8358150770562,26.936279270080266],[77.81184457173653,26.914797663965608],[77.73380966555699,26.859037605894315],[77.61177273641191,26.836004072428103],[77.56975021103528,26.78998012712205],[77.50710571638125,26.724800300177733],[77.50658854859483,26.724261749449354],[77.49417631692542,26.691532282893565],[77.48978218924098,26.660570971990076],[77.50060643286082,26.62074710261313],[77.52308594541009,26.604114568353893],[77.55022951424019,26.606495508740966],[77.57131170012678,26.622828422771036],[77.6128231048393,26.672685365164618],[77.63192174901701,26.694296803039773],[77.68722534782566,26.72907034844503],[77.72695597400927,26.75624290590113],[77.7577932789478,26.77784729503843],[77.81553249529249,26.78960153433646],[77.86974848032288,26.787796473346535],[77.90623351630666,26.77917470215838],[78.00093632448444,26.770037962334584],[78.04028996259389,26.77993937089996],[78.10614130476966,26.82505205175877],[78.15245724688522,26.854815553887217],[78.19424317562184,26.864616840472493],[78.2274058127788,26.851691155016123],[78.23485359078877,26.832905291018275],[78.24160364596736,26.817715062114864],[78.25391308791818,26.80168084915051],[78.27326602482788,26.800154887773576],[78.22819317041598,26.76920025389408],[78.175548216294,26.74055708720095],[78.11463537885122,26.700140302572542],[78.04162680522455,26.652793186616233],[77.99963297853091,26.62146227837839],[77.86462931750755,26.5433226668615],[77.76810867837145,26.48077419249528],[77.72547235086186,26.427640623526987],[77.70741045412986,26.40363259440589],[77.67562316258125,26.38178909393116],[77.65297433145192,26.365021127371943],[77.62093598608662,26.354628878345697],[77.5445058044772,26.349799970556106],[77.5110342965365,26.346093121851233],[77.43596863168717,26.330198102677556],[77.38148171966304,26.309146527529265],[77.35645333309017,26.292219127739056],[77.3449527383952,26.284437694464387],[77.29558070916426,26.252283374641486],[77.25693259888376,26.225673598595126],[77.16779070851499,26.15874823362207],[77.13716236060826,26.133414938400197],[77.12431107154521,26.125007877278964],[77.0987077246112,26.11344246854286],[77.06789611478273,26.10624574264061],[77.03812072308763,26.097594683161724],[77.00720201054396,26.083699087161797],[76.98739404140656,26.06964390835818],[76.96216060590392,26.04706184226482],[76.94323237830149,26.021524252795977],[76.9259835644564,26.001215687610987],[76.91091607864767,25.984697295160878],[76.89600604823167,25.977728464594286],[76.86365484466673,25.970506031846423],[76.83927651499843,25.966041163152518],[76.81338071788055,25.965890288481464],[76.78218682786326,25.964844733627544],[76.76456754880769,25.968255270287315],[76.74329409518708,25.946369819529796],[76.63621923788915,25.84491029285335],[76.61745212141423,25.823623013470012],[76.59613345598902,25.808332640162625],[76.56020074917805,25.784836093114524],[76.5415647431202,25.771897023834132],[76.51768811316532,25.761398849052334],[76.48588860729217,25.74978330404174],[76.44980615558853,25.710732467781217],[76.41643962946489,25.676422981739652],[76.41517905768255,25.673593361761448],[76.40425671592101,25.649069382970204],[76.39061023897861,25.608589817044447],[76.3875074082102,25.56800887967792],[76.38317326381362,25.5346058340115],[76.38051932200084,25.468999070991984],[76.36822001588223,25.481779858309956],[76.38538588294983,25.46394099609357],[76.41197021684535,25.396798978892324],[76.41649177997066,25.37859991953498],[76.41986568630811,25.352289544194523],[76.42484887343872,25.328830183367813],[76.44004761583268,25.280426613699998],[76.45775800691422,25.26735263143876],[76.47656139931071,25.258087930061105],[76.50751402547992,25.254430677209164],[76.53490158532205,25.259881726970388],[76.56606675429686,25.272931796737257],[76.58672373873215,25.28561066177446],[76.60885412318135,25.290148513472282],[76.62670590857594,25.288997184381845],[76.64082791640196,25.284063225684964],[76.65324958777619,25.27006974537915],[76.67493325147203,25.242115777931218],[76.69147529835934,25.222817329548903],[76.71699132393617,25.20723520874466],[76.74895729287164,25.202560815953735],[76.75981076939239,25.202331236096324],[76.80040097591046,25.201465582498763],[76.87182804074918,25.20248942069974],[76.95721615887464,25.222880323158584],[76.98842633178863,25.23679449969645],[77.0154342331892,25.25028144928392],[77.0393286336895,25.2657169430132],[77.06428753838557,25.281611025007788],[77.08916272219804,25.292247297838376],[77.11142360441032,25.30339427885293],[77.14141784351328,25.30582755436861],[77.15977064133251,25.303649121410267],[77.17377530114621,25.293412445350928],[77.18361854262464,25.285624499344387],[77.213131979425,25.261779655817776],[77.23727873341261,25.232279075229826],[77.25717121957946,25.2004518596038],[77.27413796949978,25.152905151880066],[77.27970617094077,25.11365267397062],[77.27572857220386,25.068814954800835],[77.27272824755686,25.04832199735392],[77.26144862912693,25.033686978126607],[77.24452859659414,25.02582343747935],[77.22612453994616,25.0227566959976],[77.13683480655224,25.013080926945335],[77.0833768995368,25.013839827393692],[77.04450534530612,25.009124897601694],[77.02447190649333,25.00223351960467],[76.98810249298927,24.989826068718543],[76.92801831326608,24.968641762308852],[76.8673861281151,24.94457260355749],[76.8211643269253,24.937023264381928],[76.78225356231367,24.927461047955266],[76.77585782944247,24.925111369027082],[76.75328694712073,24.916816252052623],[76.73467329786735,24.896968081918967],[76.72551772244408,24.878919294513295],[76.73392651879114,24.843467399940906],[76.75620742347782,24.826963296921576],[76.79367298342666,24.811230249656735],[76.79876848708831,24.80161394545337],[76.79907121325046,24.78632212325031],[76.79463109666864,24.76869841157099],[76.78239371723797,24.754511772884705],[76.7473807190452,24.720047255909375],[76.73404158281645,24.70109124676328],[76.72177849423977,24.684032594324695],[76.72096712948823,24.663019766839845],[76.72962985086386,24.646675903806308],[76.7551203966407,24.637780470481697],[76.76762980948986,24.635245040924566],[76.83505954358208,24.635392577567973],[76.86481172828249,24.632637676228445],[76.8986560020097,24.6240923460763],[76.92658680705841,24.60510510366316],[76.93421777831244,24.591630399933422],[76.94069213316193,24.57100413523236],[76.92930707651146,24.543918887862567],[76.91444655417534,24.528342614361488],[76.90110561298948,24.509401251950273],[76.8912083570155,24.476082662521478],[76.88380902125894,24.399733364879545],[76.87986791144334,24.38019401056661],[76.87027656606281,24.36645748337876],[76.85969338625307,24.356076785744563],[76.84192991310486,24.3539047839725],[76.81802579240504,24.35992663782825],[76.7983721867731,24.371627803647275],[76.78183757994756,24.38281212955963],[76.76687150330451,24.3944542575158],[76.74875287935527,24.40469810542248],[76.74097372628304,24.408132283764207],[76.72590332249676,24.41260497880524],[76.69769264713365,24.41005728480153],[76.68400790915011,24.401132009906917],[76.67605674561231,24.391664258842134],[76.67899715759368,24.37729771099157],[76.68456355234935,24.36433534754253],[76.69831294253473,24.339336418890547],[76.70703606189586,24.328726956356814],[76.71573846159495,24.316683885223647],[76.718628111388,24.29897270083689],[76.71896916329537,24.285590497596907],[76.71182875035957,24.25843649587125],[76.70528909874943,24.237008847999597],[76.70342095421707,24.214095162334264],[76.71360251357083,24.196302181540194],[76.73885714191341,24.176426211389927],[76.74962325300274,24.16388023613208],[76.75728965288852,24.15328051032349],[76.76065264651898,24.13269635954194],[76.7684561907438,24.094382176273207],[76.76608649368427,24.073386296821063],[76.74800087497981,24.044447891573924],[76.73433442304146,24.03409152716554],[76.7046722365251,24.033468986442674],[76.68811417144185,24.040341867037316],[76.67477483238314,24.054822948887928],[76.65892925306932,24.076975302267872],[76.6157319847326,24.13907727045215],[76.59253492401761,24.157956305889837],[76.57077931138355,24.167499549336885],[76.55128589712429,24.17056608132528],[76.52550796074323,24.17082615040372],[76.4872392695222,24.171920961278715],[76.45360783991067,24.168661433490538],[76.43009283575641,24.1617160205158],[76.39718359789724,24.15270285195461],[76.33537973449626,24.143937953379616],[76.30094041960159,24.13706737658559],[76.27193592626791,24.12655967220968],[76.24999898762026,24.119572682500003],[76.23823665113471,24.11465077828546],[76.22259799688844,24.112626280388067],[76.19452530593176,24.117149301497637],[76.18287053391306,24.123691426757947],[76.16423076337489,24.135303905400644],[76.15161558974567,24.143785236622616],[76.1448192099435,24.148353643577106],[76.11935387725272,24.184384159075616],[76.10100126509808,24.231111855987084],[76.08943507424823,24.249832661254356],[76.07170063718462,24.279348690816224],[76.02748647960352,24.32409773172804],[76.00409814065208,24.334289943810514],[75.97515244404126,24.334478722825214],[75.95168274529817,24.334627734729448],[75.91013211318698,24.322696222053732],[75.90148665996485,24.317013009828212],[75.87552536574555,24.295659296811156],[75.84952030322958,24.266415659696513],[75.83375543534733,24.247147572550542],[75.79049413767109,24.20508300517687],[75.78097559841017,24.18219204448341],[75.77296275940223,24.149256395281665],[75.77207819155957,24.132055692488777],[75.77644068647676,24.07826717509731],[75.7880300221367,24.058135057909237],[75.80353194522729,24.04013227187294],[75.81980093593066,24.020690088468843],[75.84083087315402,24.014124157861],[75.87435394128565,24.008918395655567],[75.89231702749342,24.010965516422],[75.90409271506692,24.020932795948116],[75.91515574313185,24.040222741401056],[75.91767571778894,24.065298199496617],[75.91947227849192,24.09826341816741],[75.92598757494598,24.13550109661683],[75.92782933956155,24.174200454793194],[75.94133321612301,24.204225681673485],[75.95155164989689,24.212047592869727],[75.96794845913043,24.209793720495725],[75.99444346364281,24.199587180855314],[76.02774872915691,24.162090224247255],[76.05483944949314,24.131081000735882],[76.06639488162193,24.111645929226125],[76.08473298696238,24.06348822872128],[76.07912464115658,24.046323516049195],[76.06570167233808,24.027779379761842],[76.03670486524862,24.012924339404286],[75.93388820118896,23.931861304747237],[75.9055973383754,23.901204529951787],[75.87736820621905,23.877710696237973],[75.82563890690794,23.83426583819487],[75.78964672948231,23.81079642121362],[75.76854528103271,23.800149301215132],[75.73418689581486,23.786695160545538],[75.70450928665085,23.77321192438131],[75.67166688304546,23.748982704777866],[75.6341955668933,23.731217669997132],[75.59986848114289,23.71773281443891],[75.55702336576839,23.71359135598266],[75.52977062093403,23.71368706653826],[75.48933675492368,23.728876120850902],[75.46760599965907,23.74973482479277],[75.45446472034264,23.77845186404004],[75.44519430236438,23.801421084702216],[75.44446880224449,23.817195910024417],[75.44769663673254,23.849448873934893],[75.4641089033679,23.861588232890607],[75.48752729834695,23.870119088471434],[75.51327348154112,23.875053930523073],[75.5671010777421,23.88275123558917],[75.58820034364497,23.893425902871993],[75.61009626279471,23.90696213113209],[75.62419108179257,23.91909318344815],[75.63208045593767,23.93770077521595],[75.63689054004436,23.9642067274914],[75.63938662969757,23.995740438334874],[75.64043682978192,24.050220988921097],[75.65464132121343,24.080270780126366],[75.66881534357543,24.103150188975036],[75.66892710150502,24.12465657595877],[75.66207810186113,24.159814220694166],[75.63189982498666,24.21944426370731],[75.62109191234426,24.247447408792585],[75.61652177271203,24.272557048182332],[75.61662561004584,24.294063178439508],[75.62452068951603,24.309085467035874],[75.63944057697343,24.320493459863663],[75.658230522654,24.323280664103933],[75.68640528984527,24.325306503128818],[75.71144749503925,24.32662493896554],[75.74519215685123,24.34438470525052],[75.75778352788423,24.356509030629166],[75.76653357247426,24.380121501718335],[75.75512637992668,24.436093826687657],[75.74032058699402,24.462505629810757],[75.73497645323371,24.472035943025055],[75.7100099525071,24.48935989551382],[75.6964243552981,24.502489864071883],[75.6928670289652,24.505927240968994],[75.68433854526923,24.522453857259954],[75.67580403412158,24.538263165873648],[75.66197330540219,24.59065489121558],[75.65735562602843,24.60716271172318],[75.64023016825337,24.63160948704492],[75.62850623345895,24.63954430137894],[75.6183141662276,24.640303412167924],[75.6057656371702,24.640354494198164],[75.55942880739426,24.6261969048467],[75.54606621074652,24.61907741855184],[75.5240200984112,24.59764995683605],[75.50354356680319,24.574780134557322],[75.49175164762495,24.566216670286643],[75.47213420419838,24.56054445150531],[75.44310818727395,24.553463858519105],[75.40940394849173,24.552842286987673],[75.39134401696455,24.542137102194175],[75.36075308510112,24.532893956928827],[75.3301534404124,24.518626397744892],[75.31053100420833,24.505047253647795],[75.28464079267474,24.489326782181077],[75.25407455756834,24.48221240352088],[75.2297858716184,24.479383738854217],[75.18044881973458,24.488053416552365],[75.13894789506975,24.50458579129771],[75.12643299582243,24.525386590136456],[75.11391851642198,24.55120451303197],[75.10766732438638,24.573432556076742],[75.10064021331725,24.60856467276682],[75.10066374718696,24.63795672712122],[75.11794486901417,24.665902358640984],[75.13286073125859,24.67592615418503],[75.15797981329683,24.686654931258154],[75.20665185831923,24.702366985491732],[75.22550427119262,24.713092873983424],[75.24593663426758,24.727398109473118],[75.25381147384162,24.74028856418583],[75.25544291377818,24.770394048190482],[75.24526432249502,24.784748291370374],[75.22879033838112,24.793376704767326],[75.1997348946249,24.793418299222978],[75.18324183323514,24.792005676518972],[75.1596707214065,24.781996594942953],[75.14598519648894,24.78013587853275],[74.87973875491055,23.97401768577221],[74.8809025013827,23.964047896923205],[74.88092225024201,23.9425396333216],[74.87002379455436,23.920305519818825],[74.8591228391695,23.9038061567913],[74.85254104805496,23.891670796297618],[74.82249554772139,23.80070160141977],[74.83516053561749,23.736015085432715],[74.84228871748257,23.637081127387976],[74.84311475285742,23.59693147365473],[74.85563862945817,23.52739671472756],[74.85410005798222,23.512338652789317],[74.8471100600414,23.505879099663844],[74.83157097203991,23.497976255744966],[74.80748484679418,23.488627571582594],[74.7554353345844,23.47063001240532],[74.72825087569346,23.461264228894247],[74.70966637803106,23.4590870963686],[74.59946679610678,23.125434232138243],[74.59873846170942,23.109658196117426],[74.58489168650232,23.075205910353144],[74.54476845034104,23.023470602707196],[74.52158237975044,23.008344953277987],[74.49916539637299,22.996086434974607],[74.47440709002858,22.98955312745234],[74.39785574583026,22.96275149084039],[74.37388792419176,22.952156542363692],[74.34879783122732,22.96239716007433],[74.33134748231228,22.968299547552864],[74.31711302782055,22.97600636098258],[74.30221938905156,22.986098940394292],[74.28795639559912,22.9985828743452],[74.28014839134075,23.01049743755423],[74.27101587680448,23.028380378081327],[74.26577398701629,23.0426958815545],[74.2585448712715,23.065964152214423],[74.25653223693973,23.079696863264274],[74.25186964721483,23.10536664421379],[74.24944911253198,23.11062992805776],[74.24336928073026,23.12384803783362],[74.22836145644723,23.12747970110229],[74.22621201239504,23.14180864150352],[74.21528307369744,23.154660095474537],[74.20691704875557,23.170869501693268],[74.16283468753858,23.19334511955192],[74.13819120664719,23.206356298552922],[74.11350360582662,23.225337825240658],[74.09140328182588,23.24313532728416],[74.05890947801673,23.266842079634547],[74.03803705705664,23.291808321009835],[74.00247926184151,23.31079959445965],[74.0024790766067,23.310798410417725],[73.99608079329526,23.302575048904448],[73.99473438931383,23.30526132952176],[73.96054420587986,23.310056827417867],[73.94424431832009,23.309947893235883],[73.9170780603539,23.309762571307466],[73.87279417196791,23.31446873320697],[73.81892706493917,23.349199955314614],[73.80628053322167,23.374195216591193],[73.78719367280317,23.423513403251793],[73.76259879056379,23.478519846634708],[73.74760338711418,23.502773635603884],[73.70911982517208,23.543320403589913],[73.69581784123662,23.55181169615448],[73.68100912388127,23.55527105279574],[73.659238060002,23.555084854387903],[73.63131383057183,23.548390001881074],[73.62050385221342,23.541126103950035],[73.60816292047006,23.53169729350601],[73.59737840686508,23.52228159312118],[73.58345571234901,23.515704011183026],[73.56250045354385,23.51264462107816],[73.53908810059347,23.521028602511823],[73.51798890407973,23.53086461435314],[73.4968378054825,23.544997996601296],[73.4778908613875,23.569901980528265],[73.47461498688625,23.584205954237426],[73.47368808108472,23.5970993078337],[73.47498646610056,23.619332927991334],[73.47785760559043,23.640148344254584],[73.49149948014866,23.671820931848618],[73.50227127464976,23.68267749024141],[73.51072619829078,23.69207747874779],[73.51409913230428,23.696044218498766],[73.51994450405826,23.70291795423369],[73.52756721999995,23.71732677113434],[73.53131492745459,23.73026488448323],[73.53276763880858,23.739597128694992],[73.5277818027519,23.767504971106348],[73.51285527061084,23.77883069436962],[73.4892923193921,23.795804863847913],[73.48825619291851,23.81801514088882],[73.49062000432842,23.837056991436583],[73.38854990261378,23.902562350664383],[73.38133132861635,23.89577315270119],[73.36350307418957,23.8877002157914],[73.34172559086359,23.883883273148545],[73.32140654372823,23.887963377836748],[73.30404508220325,23.904257894112952],[73.2934033213871,23.942843647156153],[73.29114706956436,23.965072404652034],[72.94079255751984,24.189918836496673],[72.93625093708228,24.187843290099774],[72.92380095302018,24.184807731671523],[72.87309612494875,24.180525513235555],[72.84806985393774,24.182323953971636],[72.82372689656457,24.18986060509062],[72.78205032699275,24.205740517580143],[72.72286075254367,24.23926085957694],[72.69427165718277,24.26462523365391],[72.65830890227284,24.30778277384868],[72.64628049131372,24.32407640258155],[72.63500408127712,24.34181359233688],[72.62214716113768,24.36024142090429],[72.61013574297039,24.375098784594954],[72.59123212112259,24.381964195510317],[72.5442558261809,24.384075604426776],[72.50201362452263,24.384101126635024],[72.46366808130472,24.38489658968574],[72.43062282276672,24.394369413587054],[72.41947088380381,24.40420958923188],[72.41132876105743,24.419831670821495],[72.4095156818592,24.431979666514785],[72.40922280462918,24.44630290452138],[72.41042124750182,24.464233744710153],[72.4231827999253,24.490959343696368],[72.43003691186684,24.500389618930495],[72.43450017675195,24.5119282465482],[72.43506550890234,24.514478442438097],[72.33651989436805,24.577721897396533],[72.33602283675764,24.577560601893904],[72.3236001082098,24.57232564870644],[72.303486452749,24.560504932039873],[72.28649281629993,24.5494543495765],[72.26954877312744,24.536253879404764],[72.2494151331073,24.525858949874],[72.20566369259585,24.521472712448347],[72.15939158027285,24.524905887096054],[72.11324954064182,24.522596804663344],[72.08369332746184,24.514148910441488],[72.04020866319831,24.4989764681979],[72.0285737915349,24.494450216153194],[72.00367433580895,24.48822783044159],[71.97396431618088,24.486918766579254],[71.95054813122418,24.484298742088647],[71.92230064264733,24.48730638753016],[71.91362609545813,24.489994044320483],[71.88287153887869,24.49938853249793],[71.84464268407467,24.525808305098984],[71.82794193999024,24.53620021860835],[71.79627972257859,24.549853302533975],[71.76470321046878,24.559920302928337],[71.7088618036,24.569451591286416],[71.68851477443422,24.56900529146742],[71.6518109932929,24.565328939583505],[71.59603259634324,24.543312314833038],[71.57258235379483,24.542064461327666],[71.53601137593495,24.534067575713063],[71.51420820709173,24.529984594878915],[71.48536761852061,24.525734585831145],[71.44714475750726,24.521258298664435],[71.37783206080175,24.53679093744111],[71.35331787898413,24.545506528906483],[71.33336885180437,24.558624572562152],[71.3252544496921,24.56844950048085],[71.3203726231542,24.57477341085357],[71.31454023493708,24.586801094083064],[71.31423052098155,24.597365078164156],[71.31531781481964,24.604789447143027],[71.31901359853437,24.612277734429018],[71.32280056387191,24.61666591733339],[71.32656685351303,24.621769434531018],[71.3318986931189,24.626911122088302],[71.33798579684385,24.633025632850398],[71.34304376974482,24.638637606251102],[71.35121932489615,24.644802531887606],[71.35480982109156,24.647037531743116],[71.36699049162287,24.650196535989096],[71.41607517237445,24.65042188305532],[71.42537423221866,24.653984767997525],[71.44603492435128,24.66211243028013],[71.45324797236437,24.665624305818945],[71.45678046371776,24.670003628215504],[71.45710008904862,24.677170949290495],[71.44902611572645,24.685571698345555],[71.43215706151663,24.690899003487623],[71.42429868023551,24.691666409235463],[71.4075513401819,24.692697960325088],[71.39449967443674,24.692384645317503],[71.38720460789006,24.691731733066526],[71.37738226358866,24.68815368396959],[71.37017063130592,24.684638256478742],[71.34783558735559,24.680277698841344],[71.34731360282977,24.68026498626064],[71.34201016718146,24.682999391932714],[71.32071013102869,24.696796415172788],[71.31537739501975,24.700483570060236],[71.30900023191926,24.70414478379532],[71.29788171584333,24.709120406254918],[71.29099572958914,24.712290925765792],[71.26542826613603,24.7111785379823],[71.25765443513586,24.709075570632727],[71.25057453429602,24.70126264405433],[71.24606246601012,24.69494551967091],[71.24150786064699,24.69005895971778],[71.23644600412477,24.684682319541256],[71.22168416156076,24.67190292668547],[71.2146085288649,24.664088786476466],[71.20911358804328,24.655837097613976],[71.20456179461691,24.650949736372887],[71.20002480086447,24.645585413727446],[71.19853182734442,24.643161468497432],[71.19040127620725,24.635796970138493],[71.17321427970731,24.634405484366678],[71.16320015474699,24.637490449340017],[71.1516497783966,24.63958089816875],[71.12888143664416,24.646608979521666],[71.13338889392948,24.650011864180062],[71.13246157597945,24.680051810630502],[71.1150063626556,24.706453623111777],[71.10635813531408,24.719528918178018],[71.0911644191758,24.742491464612083],[71.08197586981063,24.756372782237744],[71.0584267401878,24.791929939907615],[71.03761001892947,24.820212013307703],[70.98498373943953,24.891632014587874],[70.97723904865929,24.90213286776936],[70.96665092906763,24.914013427139093],[70.96159908168976,24.966840395966422],[70.95889988490897,24.995032336378113],[70.95352804139159,25.051069697683378],[70.94836809612487,25.062581509278523],[70.93697213336995,25.08799600510611],[70.93018923797054,25.103116322287544],[70.92213665569392,25.121060771380655],[70.92020998074562,25.123027172008296],[70.86310111133022,25.181269257484395],[70.86270692717878,25.181670965508197],[70.8345494600576,25.209400143361876],[70.83317334116029,25.21075482225099],[70.80033258919691,25.243069846522065],[70.7575603495463,25.285116863684998],[70.7263319295563,25.337641077571007],[70.71219790530542,25.38111553929917],[70.71037471156089,25.43258033306369],[70.71109812958734,25.438273399399606],[70.71894360930357,25.500001370988404],[70.71947234386717,25.504160549463535],[70.723520526556,25.536000988600108],[70.71945172946063,25.591216016759745],[70.71194251124008,25.620324219599286],[70.65992893837283,25.65370488365424],[70.64401577584638,25.652469570493036],[70.6322452345394,25.665429833492553],[70.62660289599253,25.671640990727674],[70.5932853754176,25.6727836011138],[70.51206760133742,25.6524483482827],[70.43431149757404,25.625802905781207],[70.42740256441873,25.623432892882942],[70.35502332453738,25.626461925293455],[70.34988330584495,25.62965574115282],[70.2946496932198,25.679036266171746],[70.28001276111446,25.69211066258932],[70.20119119428644,25.767727835969804],[70.1736432423839,25.817655883814858],[70.1723853580208,25.81993434816531],[70.13294094531658,25.891322815187323],[70.12800472941838,25.91156786289773],[70.12490859563407,25.924261147558983],[70.12429415290356,25.926779734799045],[70.11771403294544,25.953742023487525],[70.11751837649169,25.956420860948835],[70.11695236741998,25.964168880327456],[70.11691479499675,25.96468312435215],[70.11582013855195,25.979661053013043],[70.1150610549807,25.990042479834663],[70.11506036671683,25.990051890876636],[70.1146977925354,25.99500912192594],[70.11430873074833,26.000327475309803],[70.1141069447241,26.00308540970979],[70.11406313425846,26.00368415675542],[70.11405631950868,26.003777291085225],[70.1143335556604,26.003793649887697]],[[74.76480767877044,26.45167129760029],[74.6755760452209,26.533509958871672],[74.65440363584109,26.50861507371651],[74.64915402576564,26.48853497670078],[74.63858854507453,26.471308056355777],[74.60255096388165,26.45305616610475],[74.58557232728074,26.45109675660901],[74.56432650897663,26.45485590011257],[74.54626426777003,26.458622015733354],[74.5292858729448,26.456655920733986],[74.5038767414281,26.44032507397876],[74.4933122721272,26.42882103389439],[74.44786524523717,26.38851835696548],[74.41304616794028,26.35015650054274],[74.39397989886685,26.345299205412104],[74.34200124789741,26.346981101092336],[74.29956104028037,26.349646636252206],[74.26352521407239,26.345643659816457],[74.25189606157724,26.33985001426329],[74.21494653927009,26.314807704291105],[74.19917408342712,26.295609199662778],[74.19400578809554,26.276468932001794],[74.19419708092953,26.24875849188381],[74.20281119121215,26.228739502758376],[74.2304141589541,26.22028973160586],[74.24739537138389,26.215601716498796],[74.25693572652551,26.214695752328634],[74.26012588728126,26.212801033105507],[74.2686484065309,26.20519993830873],[74.26664956509184,26.186077997180558],[74.26252742940135,26.167900719561306],[74.23101003849531,26.12951224365646],[74.20569463097118,26.115996689650185],[74.17621877253971,26.092897179387045],[74.14470095475815,26.061179409273116],[74.13321120624339,26.041043544361564],[74.14212477615995,25.97898311218241],[74.13595607223677,25.955056432645254],[74.12134261008835,25.930122894866336],[74.09723362242687,25.904173508951367],[74.06369634953529,25.869559310783398],[74.01449056538817,25.816675823919105],[73.98834913723127,25.786872770838695],[73.97275604435046,25.759051208295],[73.96247796786574,25.727443592598895],[73.95643191405468,25.69490999138931],[73.94300002427418,25.66327838433604],[73.92740705773116,25.6383189624165],[73.89920872552058,25.60944115422853],[73.8646482261296,25.58624249294204],[73.82491798750983,25.55439419008402],[73.75936369746744,25.475495458609192],[73.74912392985098,25.447696459634564],[73.74946921008622,25.414253676764638],[73.75099344031898,25.36839796367797],[73.75969958453653,25.339803474117797],[73.76664703803351,25.27679147129374],[73.77524619475271,25.257750731493203],[73.82060864540423,25.241878019787546],[73.81160693168745,25.223173378520475],[73.8266708535467,25.254471281403184],[73.92640293798603,25.33643026200812],[74.03578689195167,25.466200192754897],[74.12254605413617,25.587156831382316],[74.15461078872096,25.635366955327],[74.17569668818348,25.67347436417928],[74.19289807022366,25.70295655800652],[74.21170923572626,25.729578558392912],[74.2281590045479,25.755468955469212],[74.2493744694505,25.779948734469528],[74.27381806651134,25.795840880798607],[74.30066052226084,25.80887362330264],[74.33229244213119,25.81618968974032],[74.36317100005357,25.817044992776548],[74.37900830532638,25.817113518202124],[74.43768464124578,25.800867250611887],[74.45831297796506,25.791627847863616],[74.55818333046084,25.761145007482824],[74.6127797082668,25.767034541865918],[74.70222144225208,25.769395292974],[74.74323212712203,25.77622749508239],[74.78056500259201,25.7824362718725],[74.84468353342955,25.78825297640566],[74.90564369573302,25.791172356369074],[74.95869031046891,25.791197093705748],[75.00567269009687,25.795380216227244],[74.99536527999089,25.801445273067813],[74.98427777488803,25.81793010207991],[74.97873037272227,25.840149065155703],[74.97317992419815,25.866668306831595],[74.96208234038284,25.88601831921547],[74.9486017672571,25.909667136631562],[74.93829029580708,25.926148468269297],[74.93429925284595,25.976319296355115],[74.92473602748568,26.050856109644318],[74.9199522711453,26.08454029373873],[74.91753496140807,26.136143869085473],[74.9167297221855,26.15191150718898],[74.91512532417035,26.17412919960271],[74.91511026439447,26.19491429757949],[74.90873957567332,26.21426199281759],[74.89758907338042,26.244356855783625],[74.88882459967172,26.267285393368518],[74.87209153723512,26.303107321730387],[74.86332768577208,26.31743353033377],[74.84898657040857,26.33748709578061],[74.8386331993776,26.34679305407094],[74.81473562306557,26.367548703832238],[74.79878840184116,26.387594963382423],[74.7844327819766,26.40477496106281],[74.77804793891451,26.41408233178246],[74.76605097362778,26.442731224749647],[74.76480767877044,26.45167129760029]],[[74.6755760452209,26.533509958871672],[74.75396111329707,26.51039946668997],[74.75316292831909,26.512945652186904],[74.74516192865701,26.52869877259068],[74.72921168524104,26.535358471726802],[74.7251897552453,26.55002173088754],[74.69572526557127,26.546932529761765],[74.6755760452209,26.533509958871672]],[[75.18218574580278,24.8897408040176],[75.17595349897192,24.870871340364527],[75.18179266896693,24.87516297500217],[75.18218574580278,24.8897408040176]],[[75.37502369417636,25.47359904271182],[75.99482997922223,25.69901930618552],[76.27726654821224,25.727277056762592],[75.52746448190767,25.935146215250377],[75.37502369417636,25.47359904271182]],[[73.30256661583624,24.719857378729202],[73.30011913485536,24.7244588637296],[73.29719857253198,24.729949252138347],[73.30256661583624,24.719857378729202]],[[73.21099030897747,24.409626221432916],[73.1922775611922,24.424014492215296],[73.19021078297791,24.424212106859983],[73.18093853837041,24.425097410109384],[73.21099030897747,24.409626221432916]],[[75.24157642346562,26.014403545685525],[75.23429286237067,26.019688111933732],[75.21843116590368,26.021624260744197],[75.2057387583551,26.021642883700498],[75.19409775339437,26.017836359415313],[75.18774414472614,26.01306646577781],[75.17080415611666,26.00066390843414],[75.16020696904125,25.98442980080587],[75.13796315354087,25.951004454378555],[75.12419714591199,25.92808086339484],[75.1051243706148,25.872666843025588],[75.10404791194003,25.849731310427625],[75.09662211209,25.80959772137277],[75.088160731398,25.789533652670404],[75.06264683605639,25.75914253583846],[75.0673786189463,25.728319242301676],[75.06972919563982,25.688178730335473],[75.08078661252455,25.66236900932797],[75.09579344251583,25.637272613808634],[75.11001001763793,25.61934303804989],[75.13780082564493,25.6041924725781],[75.1495134106227,25.597804455073152],[75.17638064314689,25.59204024387266],[75.19534842478386,25.590582572631423],[75.20957457217911,25.589846097791394],[75.25304982844543,25.591210913955422],[75.27676546953553,25.59260152619279],[75.29179039234745,25.59543944711593],[75.30443919892647,25.596130444497422],[75.32577137721519,25.59250058631089],[75.32743712137106,25.61244860443898],[75.33142610404204,25.62558052018569],[75.3367355156827,25.639306570986776],[75.34399407636722,25.642873527357537],[75.34995207806426,25.643840837916834],[75.34274272515246,25.666171580166818],[75.34287266493912,25.711566662666872],[75.33770935818565,25.751000810274306],[75.32275467669571,25.830475646328676],[75.31007497520172,25.87810770296658],[75.28798308771007,25.916379956252822],[75.27222839922914,25.958459603574305],[75.26064839105247,25.9804610940589],[75.25013377296703,26.008193712463292],[75.24157642346562,26.014403545685525]],[[75.63196233522137,26.251535873497847],[75.6319622914459,26.251535740958236],[75.64558883058602,26.25733798531462],[75.63196233522137,26.251535873497847]]]}},{"type":"Feature","properties":{"state_name":"Rann of Kutch","id":27},"geometry":{"type":"Polygon","coordinates":[[[70.67881056711457,23.224239788029465],[70.69424458920442,23.234961874196433],[70.69668596775314,23.236657639476892],[70.71634483830026,23.25150818717488],[70.73804159676692,23.26736638474574],[70.76437277157792,23.283824662408332],[70.79789134883733,23.301903687638077],[70.83338044393622,23.323368930748494],[70.85092928349218,23.340535137641936],[70.89163315426096,23.377873613622704],[70.90900591235196,23.4012333050932],[70.91609144875915,23.406190520610522],[70.93408499406583,23.40952351116728],[70.95576886388058,23.410564358328106],[70.96951570210526,23.417600694858276],[71.04201005123774,23.466223903178054],[71.0547199147666,23.473704643471592],[71.06526419637139,23.484470286208943],[71.06809706597463,23.493609035395092],[71.07035650456989,23.50464215913634],[71.07128430083947,23.525663233754706],[71.07596013174292,23.54248406352506],[71.07381885936084,23.57965300061228],[71.06788590912534,23.587615415158872],[71.05542883809044,23.605910322673314],[71.04693756669047,23.647210932982627],[71.03782115614372,23.674655548958924],[71.03213908123503,23.691211829576083],[71.05004523052104,23.767545778276045],[71.10289596127384,23.82088372554781],[71.11350179161701,23.834872034928896],[71.1190673410038,23.843960489620496],[71.12394998306992,23.854224679472843],[71.12235168347594,23.86432547428599],[71.11650047934818,23.864774327658836],[71.03887117782979,23.858021986951456],[71.02065273170308,23.85993755180151],[70.9912151580817,23.868119951050165],[70.97288466852783,23.873605434507642],[70.94562835254223,23.874081718999058],[70.91316950300015,23.875011281200315],[70.85629899037977,23.90927245502647],[70.82516429649156,23.92930230294978],[70.81267449332961,23.93432928378152],[70.79448480186569,23.935024340854177],[70.76729788436197,23.933083732941995],[70.70694067175084,23.914112796004087],[70.66503653809762,23.906375472684235],[70.6522963517954,23.89945588275814],[70.64089346192299,23.891380773327437],[70.63858201178384,23.88296710633297],[70.64082545781726,23.874086447222187],[70.64626745159298,23.866488944570232],[70.65518635731837,23.851833906502296],[70.6645522419218,23.843153735037507],[70.68879907613675,23.79612995406218],[70.6892518862661,23.78242730340586],[70.6853108295467,23.764427499414914],[70.66364384773821,23.734004347874667],[70.62783264364462,23.700794440428933],[70.57577067053067,23.670095523828923],[70.47079200582809,23.616975282302654],[70.4015877998385,23.57916618674754],[70.3235956485861,23.535105195176126],[70.31476504470363,23.528877818271756],[70.30887793129996,23.512605022850188],[70.30975613674204,23.506074270398614],[70.31278228796029,23.493647111256728],[70.32030573477685,23.481951304970067],[70.33511756754706,23.46510845186352],[70.35046649039357,23.45126041513187],[70.36535343085282,23.41355071053018],[70.36566517242706,23.404617728604503],[70.3652899995994,23.396856628928354],[70.36347899992563,23.393225912753014],[70.35348887692055,23.383390374383648],[70.34210577358364,23.37649350361349],[70.3319304868927,23.372016592507396],[70.30941634356813,23.36955334996428],[70.29249803874684,23.37321685388536],[70.27745082840387,23.378723310991443],[70.26954075644979,23.383252496047977],[70.26275057570889,23.392583934650958],[70.2422621409359,23.405670148537347],[70.22968351848192,23.41422685727423],[70.22538796044564,23.461780675748187],[70.2230866060171,23.471843154348637],[70.21895581604993,23.478869010427882],[70.21499679944304,23.481131505420535],[70.21041371180759,23.48277860495282],[70.1975039207343,23.48238048274916],[70.1943197647033,23.481090028151925],[70.17732611932638,23.468643260964498],[70.1754116279982,23.467987869962247],[70.16417910882285,23.4747915123825],[70.15677456410867,23.48290548939346],[70.12752020453911,23.50523589904261],[70.11127215321878,23.507705562303922],[70.10016591742077,23.51093166397534],[70.09405436100143,23.55364974640322],[70.0918733891161,23.560136584707607],[70.08699801121838,23.569517926609663],[70.07212238470893,23.586925031939323],[70.06619801069833,23.58971637210249],[70.03419141164724,23.598229160773226],[70.01839723169434,23.605469251841072],[70.0121776607316,23.615995875184517],[70.01295005316459,23.62972723581047],[70.01744073685782,23.647749977910376],[70.0226687633306,23.663412734040318],[70.03190258656986,23.692911048203506],[70.01975832664839,23.790849326623594],[70.01620559998388,23.799077418753555],[70.00981390123414,23.813768537102206],[70.01069719212526,23.82452390490897],[70.01502089513282,23.83002749612734],[70.03201318475998,23.843092211282524],[70.03932416344088,23.855247257312584],[70.04020954752305,23.86600287090561],[70.01745822570004,23.901618349153082],[70.0063896462905,23.919732135713286],[69.9958925999315,23.92296541454443],[69.97831925837282,23.92477443685072],[69.95630645326104,23.92405177489725],[69.93621345088832,23.923985259981418],[69.92996750277653,23.934504599323382],[69.9244846105805,23.94206945742403],[69.91382094834414,23.949462083374293],[69.90477936603466,23.948565719492645],[69.88554308636591,23.94315783302852],[69.86633246034702,23.93715274552457],[69.84834772219727,23.932974158631932],[69.82799472654766,23.939438325851533],[69.81351433040898,23.94490683621654],[69.80178987578702,23.946296788829706],[69.7875477839526,23.9458127755392],[69.76151244841002,23.932413368115846],[69.73785430953673,23.924453658690666],[69.71733839827083,23.91898194618689],[69.70218643695078,23.92501207067889],[69.67640940450946,23.93722455687257],[69.63053960064931,23.949324403529342],[69.60218717271628,23.945349234018288],[69.58822349257296,23.938304172812163],[69.55186518061092,23.924506946817292],[69.50942526025818,23.901550322805356],[69.48249742787817,23.879738179478267],[69.44673045798511,23.85283862881548],[69.41865879174188,23.827999135683395],[69.28210876202877,23.768197782541193],[69.25658642384788,23.760102519822198],[69.23900136815179,23.74813263807107],[69.23293752395563,23.738974513622498],[69.22700578847338,23.72684417951043],[69.22169427474233,23.715332436121965],[69.21710789549269,23.70206163372774],[69.2067130805978,23.688572897182638],[69.18648144203243,23.678285972582472],[69.17311384639049,23.6736143706174],[69.16604164827461,23.6727519259529],[69.14757440615689,23.680983293944376],[69.12840652475566,23.690376070365435],[69.10439703851416,23.70672487211962],[69.05671280692887,23.7316824089245],[69.00021039247258,23.765207313524122],[68.97397561711071,23.773110736001566],[68.95848160417444,23.772503126441663],[68.93515860689101,23.7733711466567],[68.91944388854098,23.77751235414477],[68.8448174694415,23.810252179006863],[68.79822382710057,23.833562523461428],[68.79178785044735,23.841213017976347],[68.79103128661708,23.842112259818702],[68.78981275316106,23.843069760174053],[68.79671882194398,23.856175166327684],[68.78061903049591,23.86739807337341],[68.72659570943748,23.86171516258776],[68.6564506962388,23.842280992198358],[68.64059690610631,23.825695932849946],[68.63790124974537,23.825131923451178],[68.61024571468408,23.802416846969276],[68.58369964635348,23.789114387857087],[68.51372776215483,23.760449262828114],[68.47155782848402,23.73784608923094],[68.44820773268225,23.726742113987886],[68.43863823712385,23.71146439714546],[68.43128872217098,23.703265189413735],[68.42282040025451,23.693816412994938],[68.42114822608679,23.69240872865431],[68.4188150444294,23.689698762497265],[68.40117575246204,23.672987999092587],[68.39910522269928,23.66984623219008],[68.39053958166825,23.656847476832688],[68.37233141498383,23.63568327207651],[68.36881502576269,23.63451879875655],[68.32578710634806,23.62596098295681],[68.263769710469,23.624954191059324],[68.21452038433067,23.638723249299886],[68.21190181425537,23.651049068554627],[68.21793097814901,23.658713388741127],[68.23366121634565,23.678705509649195],[68.24986838271528,23.70397285255755],[68.25956408968001,23.714437365021933],[68.26449440421729,23.726767572075936],[68.27477637697267,23.742787760028502],[68.27359169906849,23.7547721591983],[68.27095510114407,23.78142567876962],[68.27039996028304,23.787034336193834],[68.25779446843255,23.803837771438452],[68.25363027835613,23.809387298647952],[68.24276534354931,23.83022776636358],[68.24332610036275,23.855140628876235],[68.25065580495395,23.878107905817856],[68.25555563327411,23.885100407689308],[68.26763137060054,23.90233052030756],[68.31704297390186,23.92779184711601],[68.44905375968715,23.940675813668392],[68.74417717906658,23.941606969462157],[68.77485012518268,23.949999002177627],[68.79306031745529,23.975551397097906],[68.80105705434538,23.986769217490867],[68.80047399813509,24.028200289616986],[68.79976662912134,24.07812398735014],[68.80297614862961,24.236789912905905],[68.80991778971614,24.254212634888276],[68.82953800055604,24.264726479229797],[68.83876876935085,24.269671613884494],[68.86689695100797,24.267956479098082],[68.87287970997313,24.258998412494826],[68.9105314880861,24.20258019824846],[68.93020070425604,24.18194089299631],[68.95162261560992,24.189937997545858],[68.97291324953089,24.200784345031636],[69.00779922577811,24.220737300568388],[69.04024657865352,24.220747373528745],[69.05890677587105,24.221479177310755],[69.08274606875237,24.228125715211007],[69.10304925038005,24.243918437645007],[69.11734590672974,24.25025012507583],[69.13664689144811,24.258795232473087],[69.17252766414906,24.258035666934855],[69.20672445467585,24.242913560770802],[69.22043313703287,24.23271930389579],[69.25404110427799,24.230423367933625],[69.29436338908495,24.234803263155566],[69.32195687329076,24.245127943690168],[69.3511120346761,24.255506385312163],[69.37650780225285,24.262881951305253],[69.4178173799371,24.26297943700644],[69.48269601189035,24.25892217547338],[69.55781742132926,24.252345064170605],[69.5784107218798,24.2522497368626],[69.61084114225662,24.25209391482339],[69.64879306880329,24.240123336381902],[69.65481574134853,24.233759678816625],[69.65537443593617,24.233109260772785],[69.68232914110038,24.20171734207437],[69.70602154895873,24.179614287451187],[69.7104980342614,24.17487737875946],[69.7118300072127,24.17419351395107],[69.71556530001416,24.170707124485112],[69.74950470832643,24.141141402230932],[69.79218307377404,24.12616369630444],[69.83361579065864,24.12256993375963],[69.88381480995037,24.1335593795391],[69.9897214997092,24.137080572401654],[70.01921733117449,24.13804813806274],[70.09631199930735,24.159859691967608],[70.13313806731487,24.175345654595123],[70.13924891017484,24.188794958918162],[70.14105224212521,24.19276343709102],[70.1432176320232,24.21786465464214],[70.14435533716642,24.2323531029075],[70.14479408850441,24.237940682616212],[70.1549954170761,24.25686195549057],[70.17546694990772,24.271365924287892],[70.17930762877117,24.274086409500104],[70.23669657310072,24.29920725561612],[70.26129879133194,24.304801944859175],[70.29459498933355,24.315098768002276],[70.32901444048389,24.319544360673675],[70.35617999307432,24.32595922572804],[70.38034020052598,24.331659938623936],[70.43351746561069,24.344192528539537],[70.47666451603925,24.360511794463005],[70.49304457617502,24.3643165096633],[70.53321535848663,24.373639085315048],[70.56208519472834,24.3755082443919],[70.55646231997113,24.342689623350648],[70.56475896308619,24.305271973968672],[70.56515226640886,24.303497403576884],[70.5809375154916,24.27961684075167],[70.5923015224529,24.262417320867076],[70.66649191081353,24.22353011993349],[70.67121494324316,24.22217502492495],[70.68373809715663,24.21348627139963],[70.69273055566377,24.207245678341813],[70.72840282949991,24.190362206881982],[70.7612792568737,24.186988033223876],[70.77259773642584,24.188226223501545],[70.79452259735544,24.190622276956297],[70.8226901592626,24.193695864263166],[70.86182715588286,24.202676842703386],[70.89704357587665,24.210748765913447],[70.93500460663599,24.243975384770078],[70.94277486636402,24.260380030732566],[70.95183123505277,24.279495099044368],[70.96249991807863,24.290244687699193],[70.96305233449307,24.290801230164583],[70.9719149931676,24.29972923410774],[70.97226250060007,24.300079271109176],[71.00703976236336,24.311735167699563],[71.01843204814206,24.316589747866576],[71.06254390740345,24.335376101184252],[71.09196105115777,24.346674582099265],[71.11374124544831,24.355035134150665],[71.13049840119764,24.361464792901447],[71.15034439208227,24.377003181334626],[71.15989040101216,24.397289112982435],[71.15084287941717,24.41209152646444],[71.10427347345478,24.426646200509804],[71.05470408004867,24.436812368720823],[71.0445510296485,24.438786491797117],[71.02874545804742,24.44185814396859],[71.01176396900163,24.454521031977773],[71.0084242590698,24.479970011674606],[71.00751975493091,24.508575825564282],[71.01090907441849,24.52501727108542],[71.01697263376093,24.54246874917161],[71.03452225152544,24.567389923052044],[71.03494824275728,24.56799471743547],[71.08331628543631,24.61148792768454],[71.08824323108541,24.615915956957725],[71.124368272042,24.64320148886989],[71.12888143664416,24.646608979521666],[71.1516497783966,24.63958089816875],[71.16320015474699,24.637490449340017],[71.17321427970731,24.634405484366678],[71.19040127620725,24.635796970138493],[71.19853182734442,24.643161468497432],[71.20002480086447,24.645585413727446],[71.20456179461691,24.650949736372887],[71.20911358804328,24.655837097613976],[71.2146085288649,24.664088786476466],[71.22168416156076,24.67190292668547],[71.23644600412477,24.684682319541256],[71.24150786064699,24.69005895971778],[71.24606246601012,24.69494551967091],[71.25057453429602,24.70126264405433],[71.25765443513586,24.709075570632727],[71.26542826613603,24.7111785379823],[71.29099572958914,24.712290925765792],[71.29788171584333,24.709120406254918],[71.30900023191926,24.70414478379532],[71.31537739501975,24.700483570060236],[71.32071013102869,24.696796415172788],[71.34201016718146,24.682999391932714],[71.34731360282977,24.68026498626064],[71.34783558735559,24.680277698841344],[71.37017063130592,24.684638256478742],[71.37738226358866,24.68815368396959],[71.38720460789006,24.691731733066526],[71.39449967443674,24.692384645317503],[71.4075513401819,24.692697960325088],[71.42429868023551,24.691666409235463],[71.43215706151663,24.690899003487623],[71.44902611572645,24.685571698345555],[71.45710008904862,24.677170949290495],[71.45678046371776,24.670003628215504],[71.45324797236437,24.665624305818945],[71.44603492435128,24.66211243028013],[71.42537423221866,24.653984767997525],[71.41607517237445,24.65042188305532],[71.36699049162287,24.650196535989096],[71.35480982109156,24.647037531743116],[71.35121932489615,24.644802531887606],[71.34304376974482,24.638637606251102],[71.33798579684385,24.633025632850398],[71.3318986931189,24.626911122088302],[71.32656685351303,24.621769434531018],[71.32280056387191,24.61666591733339],[71.31901359853437,24.612277734429018],[71.31531781481964,24.604789447143027],[71.31423052098155,24.597365078164156],[71.31454023493708,24.586801094083064],[71.3203726231542,24.57477341085357],[71.3252544496921,24.56844950048085],[71.33336885180437,24.558624572562152],[71.35331787898413,24.545506528906483],[71.37783206080175,24.53679093744111],[71.38420144717195,24.535365126536888],[71.39553687220759,24.512169195671266],[71.40692043978494,24.5017015569448],[71.42241406880974,24.48417071120763],[71.43257401605496,24.470688421519988],[71.44154628873419,24.453000684918777],[71.45198539349161,24.429380037938937],[71.45645984011043,24.409198587510666],[71.45871301626141,24.398511463147642],[71.46061388276173,24.377076078886862],[71.4565725289762,24.358484988555823],[71.45119713181099,24.3410559558861],[71.45264569824563,24.312450063584002],[71.46181624849967,24.287007563467995],[71.47228334443862,24.261594235226283],[71.48071270352425,24.23911598334289],[71.48792006066721,24.213625323544942],[71.48878292675023,24.205888351409996],[71.48963276227862,24.17488033006967],[71.48372756041142,24.134050237869072],[71.47350524490555,24.10851489461014],[71.46689744497814,24.084017526442597],[71.45874614688782,24.059006962190328],[71.44923036385947,24.045898041746824],[71.43848012731024,24.039920005957338],[71.42975570712592,24.035897929884943],[71.41896762699636,24.031349780775752],[71.40670202618185,24.02390229023749],[71.3990850058569,24.0175180282092],[71.39145542325704,24.01161047843423],[71.38333401199743,24.004736356311547],[71.37223208423556,23.993018155519607],[71.36481972142387,23.979477660516405],[71.34040747485633,23.942621400978368],[71.32644414428395,23.922241023517742],[71.31692399802557,23.91008044413363],[71.3007838311073,23.893464524725],[71.26865114372382,23.873596213783944],[71.25144338251569,23.858382027376727],[71.2388925065145,23.84375746443617],[71.2145527400404,23.8064113037818],[71.21089077826028,23.78961707054645],[71.21080134080053,23.703229959128144],[71.21230575995457,23.687039755683283],[71.20887929100058,23.662137931649486],[71.22585955747729,23.648234761051924],[71.24458001667233,23.64582627659419],[71.26839625451383,23.646402059620534],[71.28989972789505,23.65551013630479],[71.31953170747443,23.670536723457563],[71.32566614594934,23.673546376967767],[71.34425737274867,23.675896048039156],[71.36290247056515,23.676335512672594],[71.37968679584769,23.669091928122604],[71.42922743689657,23.63873808016537],[71.45537583603634,23.629791493571602],[71.47020702688972,23.617718619862874],[71.48040159899386,23.60458414390903],[71.51274014340116,23.57667196001732],[71.52338182292519,23.565930849092275],[71.53809956065365,23.55766667546472],[71.56045432110172,23.554344156131716],[71.57959180178234,23.555244131027223],[71.59707870407468,23.559924887015168],[71.60586566336417,23.560594573433033],[71.61836166064487,23.5580026551999],[71.62588860666982,23.54718569493898],[71.63140496456978,23.533937572991206],[71.63378349265751,23.5015242938946],[71.6322358003193,23.480961568470637],[71.63023155298738,23.458001840464636],[71.63126970568158,23.437494987925675],[71.63858426915684,23.41425881994012],[71.64477760092319,23.39433996424597],[71.65142561072219,23.376817574938777],[71.67190295385484,23.343834099710495],[71.68921801591512,23.33369766604896],[71.70869166443865,23.319784806086755],[71.7184031131173,23.30327757935859],[71.7255289399883,23.286715500242256],[71.73175950419714,23.26440465608746],[71.7365082797704,23.19670288854307],[71.74070438076497,23.178267560385226],[71.70287351819036,23.182537719770654],[71.65064456843156,23.185253531150707],[71.5923430081835,23.183045979501877],[71.52583822095686,23.17872626852736],[71.50095483767419,23.18247109047221],[71.48796557084664,23.185523199955238],[71.47059639956515,23.1980234902828],[71.46368572925793,23.20550616423262],[71.43531977838532,23.22348241677805],[71.42028632791572,23.225527196087594],[71.38056404313998,23.204567933943125],[71.36650064361297,23.1899230519188],[71.35851563280238,23.179714133896102],[71.35242732172419,23.175754312442795],[71.33697426581381,23.17444044712352],[71.32665514116889,23.17419974425714],[71.29365084355051,23.1915633301774],[71.27581599702573,23.20164250513382],[71.26430415446028,23.207096844930792],[71.25751581862208,23.209799061912403],[71.22391970254728,23.210904101928065],[71.21784832353309,23.20646243655789],[71.21469976948659,23.201840438214017],[71.1957220713814,23.197834009625254],[71.17256344791461,23.195183517870422],[71.12223501354549,23.19484437906458],[71.08033594687573,23.193208206204574],[71.05246086190137,23.186545098433257],[71.03033032972397,23.182110307240922],[71.00404655031485,23.17637401722845],[70.94258919055574,23.16048450421035],[70.89664858932503,23.1545210637485],[70.87614313469089,23.150107987710825],[70.84996816289892,23.14136796606713],[70.8302961573617,23.13100710273285],[70.81875504776792,23.118474580062756],[70.80182974472865,23.10175332598697],[70.8010877438306,23.103134525549894],[70.78868138561747,23.116401213418303],[70.78360034649378,23.118054439433887],[70.75629464513891,23.125193169008785],[70.72724684854222,23.126196612042495],[70.71089831275394,23.12933017115231],[70.7033653740396,23.133381190482183],[70.72639254514688,23.146784509226844],[70.74421667890539,23.165393602063798],[70.74506005174248,23.16627395792822],[70.74961652007443,23.171029985960043],[70.74984676618708,23.188198941697316],[70.74984693728983,23.188211709353016],[70.74791496062059,23.200325377148936],[70.73062436724786,23.20844386569966],[70.70807697748957,23.211407202457625],[70.68103305859307,23.21205310054988],[70.67881056711457,23.224239788029465]]]}},{"type":"Feature","properties":{"state_name":"Sikkim","id":28},"geometry":{"type":"Polygon","coordinates":[[[88.73779243901913,27.51678531468071],[88.73849657779273,27.513601444144612],[88.74238622818694,27.49601392038509],[88.74466249025629,27.48572162413488],[88.75585147402839,27.465264294907502],[88.76169181909277,27.454584234744402],[88.76321224794786,27.451803660503124],[88.76965318996014,27.44002343351297],[88.79233403327902,27.414203048269734],[88.79420463408913,27.411118225026083],[88.79701836958843,27.408868865387948],[88.81527058097024,27.38807982863657],[88.82018686728017,27.382479013787165],[88.85125189781334,27.336230151416693],[88.8597180174636,27.303056466157006],[88.860598157399,27.2996050132924],[88.87988194741,27.30258714163474],[88.87461360737004,27.28949895091733],[88.85131254326913,27.265516885364693],[88.83527856501419,27.25092912657921],[88.81569721258272,27.23317228312243],[88.80156196944945,27.208522258374764],[88.7975666432745,27.195535487226206],[88.78864962897755,27.187269975054203],[88.76408919035232,27.18620772089499],[88.70649045928398,27.191961789358825],[88.59859659662848,27.205494892133647],[88.5373021635241,27.22000453901877],[88.50680754058214,27.2349915697694],[88.44892750871793,27.251951947432552],[88.41247361502714,27.25499828810588],[88.38679873317254,27.242925072917014],[88.35241378524029,27.228399637491158],[88.31875054654921,27.206738502578023],[88.25717591338609,27.19340009253593],[88.1944350353661,27.196605151151182],[88.16608507846453,27.20590560937792],[88.0941933762626,27.229702385610963],[88.06203105929633,27.233700329720367],[88.04948162453557,27.234420438200335],[88.00448002088973,27.227855907264384],[87.95635325131592,27.221568497461895],[87.94677417984896,27.219489253898363],[87.95076182889304,27.227742954730456],[87.95932862896552,27.244587778969883],[87.9791419281358,27.267430938949506],[87.98862038268084,27.303013439660134],[87.99163425668476,27.383922516650525],[87.99828519801298,27.439776499960935],[88.00819369268666,27.456486888034146],[88.02168959031843,27.481091715944228],[88.05975547167081,27.55629931105089],[88.08836783096469,27.61827452206683],[88.10343202490931,27.66624622037402],[88.11971551240747,27.70233018651373],[88.12735146839607,27.721596185200145],[88.15054324561349,27.792304272602664],[88.15120666564727,27.819302712134714],[88.14066418990429,27.835900262954386],[88.14303061175832,27.844120350318462],[88.14375295746483,27.8500055378456],[88.15131368515591,27.848973576127218],[88.15613819898272,27.848915958067757],[88.1735330844558,27.848706761188495],[88.170802605458,27.86032033611604],[88.17323031216483,27.878998041943078],[88.16918303106411,27.904926429172118],[88.16919167776817,27.90648330543612],[88.16932603443085,27.930447947772276],[88.1859864061351,27.952467355085027],[88.21501569964254,27.977669923244367],[88.22070103048964,27.978744829754227],[88.39476899762869,28.011516171383285],[88.41780763961562,28.021304049652137],[88.43059307339534,28.021914890327725],[88.47180351849234,28.036694344983196],[88.5009974005237,28.056589962143107],[88.51469170096736,28.062390014106587],[88.61236354745606,28.105822237137204],[88.64377684101652,28.10275770264418],[88.69001503015241,28.085013479077446],[88.73146843996979,28.056777072622452],[88.78065897112018,28.02324166039215],[88.80802594029446,27.935635232101827],[88.83259629717216,27.83998873089925],[88.84032846404536,27.80988516455824],[88.83440097080293,27.794568611889186],[88.8227313800544,27.764392465261114],[88.79612320823186,27.69547719236212],[88.77079504905467,27.639001871341016],[88.73061989980431,27.54921741557017],[88.73779243901913,27.51678531468071]]]}},{"type":"Feature","properties":{"state_name":"Unknown","id":29},"geometry":{"type":"Polygon","coordinates":[[[76.89908036259743,31.045717948701807],[76.9627451063506,31.04118480994965],[77.03262366252336,31.03592593996717],[77.110869595625,31.033476020336373],[77.15116302597168,31.038180249618353],[77.19154166752763,31.0464501440523],[77.23730642353108,31.07728574243919],[77.2657229958281,31.106322157303453],[77.27430330158874,31.117208412604374],[77.29181332737382,31.139821936500866],[77.31449018891274,31.131063728779885],[77.35657158899109,31.121948019236036],[77.3740789543318,31.12878563802235],[77.39365347274322,31.134985775448634],[77.41746572509302,31.144086271963662],[77.44886313031863,31.15124835082566],[77.47794886665976,31.16212438823136],[77.48505020041299,31.158865000818427],[77.51243218664368,31.14497020717934],[77.5292827670072,31.13175439894105],[77.53990271660317,31.11388704599624],[77.55264674277116,31.092636091675992],[77.57929095012969,31.05249393755975],[77.59818948296098,31.033979158603398],[77.64042060706551,30.997805773816737],[77.66000907817626,30.984995349497968],[77.67585063284233,30.977032178192296],[77.70289399839352,30.973605450683618],[77.72167314069604,30.971779264495762],[77.7327024667274,30.97011462198461],[77.74753734832863,30.965982014595454],[77.76181739505343,30.96185961255511],[77.76865406411555,30.949305520184886],[77.80095732333713,30.917828741856876],[77.80136591259651,30.874870443966536],[77.78034524678684,30.836669011611434],[77.74256393440186,30.791660805416434],[77.70280220789178,30.733795666393675],[77.66685906092758,30.704195004026968],[77.65357209281036,30.730409639900955],[77.64616795432707,30.74249227377678],[77.62598134908434,30.75197053639495],[77.60070393235425,30.757252666062257],[77.56195146539643,30.75468340712302],[77.52243637790872,30.74400360599625],[77.47724803191228,30.727215181391006],[77.45336959772686,30.722418797289016],[77.4217269145355,30.716331188223904],[77.3995451505233,30.71292490517846],[77.36758911471259,30.716375728189746],[77.33514706025076,30.722691346238715],[77.31852324653022,30.7225758454245],[77.3153235786062,30.741094990597848],[77.30078424823313,30.757105071802922],[77.28023574768194,30.764627813450627],[77.26212012255603,30.76995702174081],[77.23640998911979,30.769687144090312],[77.22059638296547,30.767095045048247],[77.19699712761516,30.759352703796864],[77.18713262313413,30.75086785287541],[77.17658603471779,30.742691968654803],[77.14844179634781,30.719592638336923],[77.12339081692294,30.695242794190225],[77.11588327231031,30.683431727511614],[77.10388581992879,30.671394617469975],[77.0947155941273,30.662294174940623],[77.08050041704305,30.659240817453803],[77.05675049994665,30.645894984566286],[77.04621994590042,30.637409099469195],[77.03945371719568,30.627371538272],[77.03585499921697,30.62026752348486],[77.02554971551623,30.605809219084975],[77.01283424873311,30.591387295461907],[77.00507750714159,30.583153139891518],[76.98731948769039,30.57477324349435],[76.96773864371794,30.561346284651016],[76.95582253640671,30.551679976931798],[76.93868641246382,30.539405055901458],[76.93663230487215,30.53594312837569],[76.93328098136021,30.537054752269977],[76.9183478826204,30.534888671704916],[76.90380842143468,30.524599538440544],[76.8881880041218,30.515279130288047],[76.86592898023262,30.50461980720153],[76.8426984022986,30.500653818641396],[76.82289209680606,30.50284196638804],[76.80253354701634,30.505034763248304],[76.7767919650224,30.514458970060264],[76.75990069327376,30.52566855369481],[76.74261057059854,30.57650599233094],[76.73305507546145,30.59763938709823],[76.71288409705551,30.6117513173751],[76.68582201813142,30.64265900713232],[76.6868962713095,30.672721593516425],[76.69545418227041,30.688364462497134],[76.71445557047753,30.732035637465327],[76.72090654705582,30.752955635775656],[76.72444355012342,30.765320897771634],[76.73252346274192,30.78430886705073],[76.74824375398521,30.797464686923647],[76.76286243198916,30.81063346204797],[76.76812752095483,30.826315405200578],[76.77135713484266,30.881647565442794],[76.75697611882796,30.973022971809918],[76.74945686746268,30.986014186293417],[76.73910111093308,30.99023949718393],[76.81200804908366,31.058904610012544],[76.85621731504324,31.051115481883233],[76.89908036259743,31.045717948701807]],[[76.89760333053549,30.735507236803965],[76.91449982319922,30.73060462317838],[76.93368046056466,30.736406632137903],[76.94667646653843,30.743730795084137],[76.96171740535854,30.74959058581663],[76.96981693997614,30.76056650148305],[76.9677090584043,30.779215615075287],[76.96374363007132,30.782499014935617],[77.05487061746994,30.847243493017736],[77.05568250795338,30.84730425343356],[77.07303263551508,30.856574410845536],[77.08322593489328,30.867389558193747],[77.39445649397234,30.92323915632684],[77.37775976475811,30.918633165662104],[77.36863316316982,30.91004713101298],[77.36040934661949,30.88840432183179],[77.36042422033627,30.8664484387496],[77.39056959631537,30.854917276784303],[77.40756875749398,30.848874675448922],[77.4221982008469,30.83666952576763],[77.43796568181945,30.8258732630964],[77.45594047878832,30.8150333427348],[77.48073918339557,30.811697018116366],[77.49851174348798,30.8146963165128],[77.51027985149645,30.82067330895377],[77.51562777980787,30.8348877045144],[77.51402634694111,30.858305132645235],[77.48717974056159,30.889846795202214],[77.45900163118623,30.91329498744007],[77.43605360174591,30.92518420866971],[77.4178404347059,30.927435349967343],[76.89908036259743,31.045717948701807],[76.89780674128379,30.77822817337769],[76.88833924435588,30.771276663130145],[76.89425944153778,30.75524775260631],[76.89420337083223,30.75238433507697],[76.89404921777867,30.74450992987233],[76.89760333053549,30.735507236803965]]]}},{"type":"Feature","properties":{"state_name":"Yanam","id":30},"geometry":{"type":"Polygon","coordinates":[[[82.15652230564395,16.756036286121212],[82.13426546099758,16.754435124567532],[82.11236250102247,16.762324453023005],[82.07928758706264,16.801492340196518],[82.07134401643465,16.834600874329382],[82.07832894049218,16.84192588388908],[82.12129589424394,16.86894835397636],[82.14831692613649,16.86562703855151],[82.17488573795997,16.850437890457826],[82.19078406452611,16.81423845436275],[82.18952661343967,16.78101854165305],[82.15652230564395,16.756036286121212]]]}}]}