{
"type": "FeatureCollection",
"name": "India-1911-states",
"crs": { "type": "name", "properties": { "name": "urn:ogc:def:crs:OGC:1.3:CRS84" } },
"features": [
{ "type": "Feature", "properties": { "state_name": "Ajmer Merwara", "id": 1 }, "geometry": { "type": "Polygon", "coordinates": [ [ [ 74.148768636894516, 25.526612006358729 ], [ 74.027636786523516, 25.380321228968015 ], [ 73.886336240971502, 25.230598408373474 ], [ 73.855767479411, 25.181548042473814 ], [ 73.838017930039626, 25.193752765243467 ], [ 73.790704932822678, 25.198748931384731 ], [ 73.770165456879411, 25.282793599563622 ], [ 73.755859270476449, 25.33284311129291 ], [ 73.755437470586102, 25.374049931465848 ], [ 73.788389776528561, 25.431661217929253 ], [ 73.898014847725165, 25.527489006983988 ], [ 73.966405400690078, 25.612201480709441 ], [ 73.965896027528842, 25.671326324111362 ], [ 73.997018559743054, 25.732463651213031 ], [ 74.032246619757444, 25.779287860570395 ], [ 74.0806668503959, 25.814239052108686 ], [ 74.142497896673731, 25.858817996822243 ], [ 74.14820739026932, 25.891103540925759 ], [ 74.151810114192159, 25.941294076797753 ], [ 74.173282686578304, 25.988003966335651 ], [ 74.252058375061537, 26.070853864374239 ], [ 74.297419940884978, 26.115875788281727 ], [ 74.297205476747649, 26.151709749204922 ], [ 74.253530314401672, 26.151490017432113 ], [ 74.221683661161592, 26.163863525911985 ], [ 74.221362141200672, 26.212238177859653 ], [ 74.260713136970963, 26.271572466741794 ], [ 74.300308177859037, 26.296854891357238 ], [ 74.413771461192155, 26.26511205510624 ], [ 74.457298692731641, 26.306493319888002 ], [ 74.508713026644656, 26.371181342152095 ], [ 74.566288936643275, 26.400035131637498 ], [ 74.629995422245656, 26.387671830533609 ], [ 74.667675552480048, 26.428974444318172 ], [ 74.691465971198156, 26.463070813797795 ], [ 74.716957947253832, 26.476699281782714 ], [ 74.769456414870916, 26.452248517489018 ], [ 74.786799782026478, 26.402106374295816 ], [ 74.865188278636893, 26.291111514419825 ], [ 74.946072984268127, 26.184850826306601 ], [ 74.960667498146591, 26.09287485271669 ], [ 74.969968789488476, 25.932803970806933 ], [ 74.993755438385492, 25.816930907152521 ], [ 75.025021678643355, 25.737510144892532 ], [ 75.013555096627854, 25.73647312355547 ], [ 74.950250013226324, 25.724041192168531 ], [ 74.890114222597262, 25.721141162587767 ], [ 74.765609425227396, 25.726728269859898 ], [ 74.617957892480604, 25.708257931801665 ], [ 74.572542764841302, 25.723422776870859 ], [ 74.487008312609149, 25.741304580870125 ], [ 74.415186991038453, 25.755368888198454 ], [ 74.384514912377682, 25.768621686508563 ], [ 74.347576279860476, 25.768460792722241 ], [ 74.279132625186008, 25.742335424466724 ], [ 74.228929811505381, 25.673271768057312 ], [ 74.148768636894516, 25.526612006358729 ] ] ] } },
{ "type": "Feature", "properties": { "state_name": "Baroda", "id": 2 }, "geometry": { "type": "Polygon", "coordinates": [ [ [ 72.767412699408624, 23.810262688943038 ], [ 72.787477656021153, 23.772570966993182 ], [ 72.847050161063237, 23.748570596698503 ], [ 72.886257987171959, 23.634450363774512 ], [ 72.9196389910025, 23.556547709214829 ], [ 72.947650827510543, 23.488119937243646 ], [ 72.957752540982355, 23.437607584897457 ], [ 72.957540331939668, 23.39887638214315 ], [ 72.957480124108628, 23.387914214718261 ], [ 72.93601108214942, 23.370431968998716 ], [ 72.916960166693855, 23.331001301070245 ], [ 72.947032036526991, 23.191883035441119 ], [ 72.994437594809611, 23.132290793047339 ], [ 73.014602562443983, 23.067144038683857 ], [ 73.018301301848723, 23.055186427713579 ], [ 73.033394600836246, 23.011415326035003 ], [ 73.032860979555636, 22.97700535577745 ], [ 73.001503699685586, 22.933609180582046 ], [ 72.876852770622477, 22.921478872598172 ], [ 72.840587599566987, 22.931501011585397 ], [ 72.786051098562879, 22.986171224313395 ], [ 72.721774659913464, 23.003414500751376 ], [ 72.672291033948397, 23.060023791121161 ], [ 72.645151887162655, 23.076820075464635 ], [ 72.600116267442175, 23.054166684089221 ], [ 72.552552518568575, 23.000888538001451 ], [ 72.476257479492062, 22.9968243435546 ], [ 72.455040090800608, 22.972600083063554 ], [ 72.399652427754873, 22.955459648662092 ], [ 72.331775700687146, 22.997321062901385 ], [ 72.328733797483338, 23.046946043072595 ], [ 72.348154922817088, 23.10936882552166 ], [ 72.326559540469418, 23.156769286011254 ], [ 72.320368148257387, 23.208249884754494 ], [ 72.348239986007655, 23.262219560495726 ], [ 72.358629411873778, 23.312070610920895 ], [ 72.323052983978769, 23.332482885150352 ], [ 72.255895818346033, 23.328454312089018 ], [ 72.169831384326585, 23.338384463862102 ], [ 72.101901021527055, 23.401255960101839 ], [ 72.105549751429507, 23.422764976668262 ], [ 72.066805433300289, 23.489855444538339 ], [ 72.038515941860439, 23.504601659464612 ], [ 71.991693901066455, 23.514209512776027 ], [ 71.960132478478513, 23.535562324127632 ], [ 71.956322431565738, 23.566049401799095 ], [ 71.94821162266139, 23.603136915042292 ], [ 71.931315360276812, 23.661060335101396 ], [ 71.943921155439284, 23.698555881284051 ], [ 72.033508568583443, 23.727042504030802 ], [ 72.137549111312794, 23.808281173381658 ], [ 72.188323056319092, 23.860794341167775 ], [ 72.212748244012488, 23.88416274993768 ], [ 72.25675393953523, 23.915520194714791 ], [ 72.288753342897152, 23.925640329510546 ], [ 72.334479618325659, 23.925485538116305 ], [ 72.368244438722172, 23.900276128193191 ], [ 72.430374526685469, 23.858339594062038 ], [ 72.525503016167633, 23.826461652341049 ], [ 72.587004001894456, 23.81406194411494 ], [ 72.653032902954749, 23.838010944088499 ], [ 72.738413297366122, 23.825912110931451 ], [ 72.738118052361315, 23.822974291280357 ], [ 72.760004583889881, 23.795824859011862 ], [ 72.767412699408624, 23.810262688943038 ] ] ] } },
{ "type": "Feature", "properties": { "state_name": "Bengal Province", "id": 3 }, "geometry": { "type": "MultiPolygon", "coordinates": [ [ [ [ 83.444554099627652, 19.858361050894974 ], [ 83.432403783631841, 19.835315278182229 ], [ 83.394555856252225, 19.829124135139534 ], [ 83.368064742791503, 19.801921562124459 ], [ 83.387440233762874, 19.741726568309591 ], [ 83.403809528121087, 19.695902808880906 ], [ 83.387161361474639, 19.640964747257236 ], [ 83.33326215556967, 19.542703171481108 ], [ 83.221054306521253, 19.525347861645351 ], [ 83.182765340965815, 19.485585624284337 ], [ 83.176803374936199, 19.392159348719151 ], [ 83.222095963146913, 19.348595463383539 ], [ 83.296159541406183, 19.330985462123266 ], [ 83.286055008966969, 19.304175508701544 ], [ 83.253052115481324, 19.268920107123591 ], [ 83.240171363298145, 19.211397721033904 ], [ 83.248828704340198, 19.160014469286871 ], [ 83.223232476859138, 19.097132011233068 ], [ 83.113162740849802, 18.989363875034289 ], [ 83.072370062674139, 18.970993781798644 ], [ 83.026915214952339, 19.010944878785153 ], [ 82.95110474992299, 19.068821512005609 ], [ 82.907007792882396, 19.138366892461594 ], [ 82.895752340891363, 19.242092603291283 ], [ 82.822468300872288, 19.251193675724235 ], [ 82.767874414951677, 19.259469123963974 ], [ 82.764799389248182, 19.267769135482812 ], [ 82.740165232253602, 19.334246042572168 ], [ 82.655939337730842, 19.378189685077842 ], [ 82.629834803955205, 19.435094371882123 ], [ 82.569560865254729, 19.511252280288264 ], [ 82.552647277254991, 19.658019800522453 ], [ 82.573760697799813, 19.74815907860928 ], [ 82.584606575404507, 19.740839757588702 ], [ 82.642897419750241, 19.763992821309444 ], [ 82.67293749183996, 19.794042116099686 ], [ 82.685306445539467, 19.831972442578447 ], [ 82.693245479779748, 19.871517426087358 ], [ 82.682135917541984, 19.921862365591128 ], [ 82.684003657830999, 19.960246648064846 ], [ 82.685806337393728, 19.997208974827334 ], [ 82.732072967844573, 20.049316584380239 ], [ 82.776790262674837, 20.058747492787319 ], [ 82.782343088252759, 20.059917639932021 ], [ 82.78784385373595, 20.079615413278077 ], [ 82.798072698209381, 20.103375613522527 ], [ 82.784398843969328, 20.222209863694722 ], [ 82.793914536629444, 20.321493729475076 ], [ 82.771162015998726, 20.379491720236853 ], [ 82.732328007243382, 20.388350733636901 ], [ 82.688325074013548, 20.384609196469768 ], [ 82.668897795064694, 20.449583286052796 ], [ 82.668225417695353, 20.496630124524405 ], [ 82.690404069472606, 20.576851904325192 ], [ 82.717362147701692, 20.631206205423755 ], [ 82.693278220442451, 20.693550171446681 ], [ 82.689801690082888, 20.786034834577855 ], [ 82.687493049064585, 20.847682919550323 ], [ 82.688319090211991, 21.011494068355599 ], [ 82.666343438371953, 21.115080197501431 ], [ 82.620004955505848, 21.188430909433965 ], [ 82.61513945604861, 21.241376105630177 ], [ 82.647016251856073, 21.269848599673363 ], [ 82.705414199395378, 21.252924388095465 ], [ 82.761623822283809, 21.19476994335108 ], [ 82.86601932685069, 21.215551042804645 ], [ 82.962674552307533, 21.205295092537998 ], [ 83.013633274777519, 21.192901494702514 ], [ 83.103988352398673, 21.207072792112047 ], [ 83.15957751371559, 21.251357256763679 ], [ 83.215299211586512, 21.277036278752298 ], [ 83.226600682640552, 21.282240627339448 ], [ 83.293956136975339, 21.291723320278983 ], [ 83.335728911111786, 21.305300228628827 ], [ 83.377533320380422, 21.345900555249589 ], [ 83.38024942060882, 21.419762647928245 ], [ 83.380850596339627, 21.509385343058991 ], [ 83.414806962796831, 21.541245400598847 ], [ 83.435537200453268, 21.560683043268515 ], [ 83.507630259666072, 21.596828439620072 ], [ 83.525471341914511, 21.667044093585634 ], [ 83.556412139141386, 21.726613687458677 ], [ 83.583361325945091, 21.737187969992817 ], [ 83.605347886448754, 21.745809978529596 ], [ 83.603134033146759, 21.769142167921093 ], [ 83.581015230427695, 21.812977828616436 ], [ 83.529967466362322, 21.819199780881888 ], [ 83.502647211675182, 21.840183441823601 ], [ 83.532735938385954, 21.89730614988375 ], [ 83.517656024645476, 21.931884249591214 ], [ 83.516195897720621, 21.971087487180615 ], [ 83.501003524398627, 22.003894871958728 ], [ 83.513597873037327, 22.008638188108531 ], [ 83.534179179877597, 22.016386421750362 ], [ 83.602795555219245, 21.984320823024699 ], [ 83.621131009327172, 22.034917954827353 ], [ 83.591876754458383, 22.11826786055785 ], [ 83.630413136674548, 22.155340061959787 ], [ 83.658604468621064, 22.167261290850877 ], [ 83.708820074794261, 22.188476211502003 ], [ 83.849492400536292, 22.299924914686443 ], [ 83.891623733183181, 22.391791125082175 ], [ 83.902771475543602, 22.416066245181401 ], [ 83.936775524594424, 22.428869965221917 ], [ 84.057275743800602, 23.058153600465417 ], [ 84.042508240641297, 23.075981105781779 ], [ 84.046456395838987, 23.088047733815166 ], [ 84.025932039484118, 23.112816563443619 ], [ 84.000365363931621, 23.178269601022365 ], [ 83.971961742338024, 23.224693422819865 ], [ 83.966008849090301, 23.296131321805724 ], [ 83.941176254428228, 23.338798513028362 ], [ 83.908944346241171, 23.386157341175171 ], [ 83.860904210692055, 23.439398474080068 ], [ 83.811679205657185, 23.487012248995342 ], [ 83.747886145419457, 23.559628493650159 ], [ 83.764349952826763, 23.632665526767447 ], [ 83.759204815197862, 23.705509004504016 ], [ 83.756244746447265, 23.753334361803702 ], [ 83.695156206510944, 23.787400281087077 ], [ 83.612126543600667, 23.817704814311057 ], [ 83.558422964801295, 23.824275257571745 ], [ 83.474710968604413, 23.845302484021982 ], [ 83.453640185830565, 23.889881693061927 ], [ 83.428828841752562, 23.96029051812582 ], [ 83.410311298646832, 23.996901337411543 ], [ 83.386951173315126, 24.018831962813717 ], [ 83.322369597091708, 24.086446984495268 ], [ 83.208456857972322, 24.136081112359513 ], [ 83.192221753987624, 24.161168418754961 ], [ 83.1913171047606, 24.195395307916989 ], [ 83.210945022548344, 24.234916976701946 ], [ 83.254371969265122, 24.293781667343378 ], [ 83.234263608661152, 24.366793008152012 ], [ 83.205264129822822, 24.398994321368132 ], [ 83.217197969999759, 24.43892878443965 ], [ 83.246074868831514, 24.461784533057052 ], [ 83.250010517374392, 24.464898284466621 ], [ 83.318649561475297, 24.475601277454185 ], [ 83.331026573805843, 24.519470048800091 ], [ 83.333742064259283, 24.591459350398683 ], [ 83.322539570879101, 24.641443955053322 ], [ 83.282222445559626, 24.691151867728077 ], [ 83.213943851529919, 24.727210260215575 ], [ 83.194405250361967, 24.77765857926526 ], [ 83.210728563143789, 24.835623615661973 ], [ 83.225939501968838, 24.876556231377762 ], [ 83.193071100435375, 24.914456500807411 ], [ 83.146728052425033, 24.937903142426542 ], [ 83.148541371202683, 24.996676018619123 ], [ 83.182966840558748, 25.044148286916748 ], [ 83.193118760158811, 25.053154066274622 ], [ 83.249477726576259, 25.103106302037308 ], [ 83.304099797428194, 25.170288129076773 ], [ 83.375543566841898, 25.208000923937522 ], [ 83.482231896133229, 25.241736567094335 ], [ 83.553545457711834, 25.305920219782411 ], [ 83.583675360936354, 25.406641846004412 ], [ 83.651535844922336, 25.4785420587421 ], [ 83.700463193753478, 25.547734204376184 ], [ 83.742373294384564, 25.605937341978347 ], [ 83.787800694291874, 25.654420355808771 ], [ 83.837953643067493, 25.653266176575816 ], [ 83.924608200265951, 25.636571391393861 ], [ 84.022478428949398, 25.685510713768796 ], [ 84.11465200462294, 25.71386589447911 ], [ 84.216270794164984, 25.701733470153808 ], [ 84.288997199166673, 25.695182345634898 ], [ 84.3530809608109, 25.711900563887387 ], [ 84.382242935883696, 25.763081372396019 ], [ 84.408281336605981, 25.774652900583316 ], [ 84.442051126305486, 25.778131337875156 ], [ 84.457224860710383, 25.821134897286225 ], [ 84.461008035408526, 25.831848948440079 ], [ 84.449334166297447, 25.895158980557582 ], [ 84.437584588642409, 25.905407602195975 ], [ 84.389333335651699, 25.904778051850819 ], [ 84.349417730820946, 25.903589551191558 ], [ 84.301760172477401, 25.937014573568025 ], [ 84.265103549543937, 25.977302740069831 ], [ 84.174466439381192, 25.97175119963293 ], [ 84.133451640083749, 25.98384954525417 ], [ 84.113747303281443, 26.000274121910969 ], [ 84.084403662112905, 26.081790653617379 ], [ 84.046304488974769, 26.105067972880303 ], [ 83.970255123163909, 26.126930919343959 ], [ 83.934203027289882, 26.150056429980179 ], [ 83.972772537864032, 26.214032376006124 ], [ 83.979635445450711, 26.221188161451582 ], [ 83.996295968047448, 26.273251090688873 ], [ 83.983652598394684, 26.327164350332154 ], [ 83.898078835335468, 26.391360646168255 ], [ 83.851682959184345, 26.445491600234995 ], [ 83.855616727261918, 26.496476454181806 ], [ 83.900960651243707, 26.537270845015861 ], [ 84.035285049635107, 26.502195644601905 ], [ 84.098058669889255, 26.496276844338883 ], [ 84.173264667392601, 26.514178939649941 ], [ 84.237658003997296, 26.502402520742692 ], [ 84.256913525929122, 26.515470968577745 ], [ 84.273339040445251, 26.526613540950649 ], [ 84.263708414978865, 26.589818823784157 ], [ 84.186969361036532, 26.710519533222026 ], [ 84.13703427218924, 26.746014233060993 ], [ 84.124542084383421, 26.853041951762471 ], [ 84.13000789948714, 26.894414289673097 ], [ 84.035789186967961, 26.959333144337759 ], [ 83.993855229685451, 27.043616239935954 ], [ 83.922479615405408, 27.051992541013288 ], [ 83.838259370981433, 27.085817479466467 ], [ 83.802601057292023, 27.19814759110589 ], [ 83.788057956883947, 27.282575820382178 ], [ 83.791870028334202, 27.364646487878755 ], [ 83.81382247242685, 27.348906029705066 ], [ 83.875550583855116, 27.323616371386613 ], [ 83.884622443118317, 27.353872381652643 ], [ 83.865284549947376, 27.394252327287457 ], [ 83.874365403232588, 27.424508374217915 ], [ 83.918016034298219, 27.438304149734819 ], [ 83.991577298653766, 27.42760900905914 ], [ 84.032201698900707, 27.436818561838603 ], [ 84.109788643579819, 27.458995749566402 ], [ 84.168776550126537, 27.449164312610112 ], [ 84.23036098783335, 27.407129124588295 ], [ 84.35857251806982, 27.384287179187886 ], [ 84.442439474414499, 27.371476098437142 ], [ 84.563408497318775, 27.35842543434222 ], [ 84.658894190133438, 27.29730166555926 ], [ 84.668452556770333, 27.239778596512224 ], [ 84.648001124030102, 27.141703035376199 ], [ 84.638355340885241, 27.091437811169673 ], [ 84.674043380447984, 27.04513867046154 ], [ 84.847349523960872, 26.985639117804528 ], [ 84.938651909076157, 26.972062493049393 ], [ 84.998834333958001, 26.935803217148226 ], [ 85.054406198153359, 26.892755511951542 ], [ 85.147800135698873, 26.859973381060982 ], [ 85.237492015773938, 26.787181809885482 ], [ 85.299944472001926, 26.775767325715325 ], [ 85.334726214187526, 26.769397788576331 ], [ 85.450320462574084, 26.793941136399805 ], [ 85.47486063066421, 26.816942636173909 ], [ 85.517425479108624, 26.863416745207289 ], [ 85.597170122984366, 26.856210786827351 ], [ 85.660381331608775, 26.82775949149066 ], [ 85.721989514607117, 26.782859655532636 ], [ 85.735991183943014, 26.708502448826479 ], [ 85.74524134834185, 26.653424247639435 ], [ 85.787586080506287, 26.626791126520107 ], [ 85.807288734034827, 26.614391743246657 ], [ 85.869075028934759, 26.614354584869325 ], [ 85.895105633470138, 26.625336583494001 ], [ 85.930830477353624, 26.668640582328621 ], [ 86.023895033869252, 26.679080345295183 ], [ 86.165125828631986, 26.631300133439428 ], [ 86.301150929235831, 26.625139071314326 ], [ 86.343784604293148, 26.631144339471664 ], [ 86.378610389609719, 26.624783722502233 ], [ 86.426464815796677, 26.59138846000344 ], [ 86.620669050860755, 26.488151422295758 ], [ 86.697821904777612, 26.473504307214235 ], [ 86.721937607002545, 26.472708445817066 ], [ 86.791855623659984, 26.470377458123426 ], [ 86.839710672824864, 26.47697350084654 ], [ 86.902017669011542, 26.496477663980972 ], [ 86.958456676235556, 26.522341528987727 ], [ 86.984109091090517, 26.554342988700952 ], [ 86.994990412835008, 26.582884863869225 ], [ 87.028593304677173, 26.615370986480105 ], [ 87.061882485783997, 26.607795364568133 ], [ 87.070570015951432, 26.52925675503386 ], [ 87.084952716690324, 26.454948927620261 ], [ 87.124995180228936, 26.435644269133803 ], [ 87.138502015654524, 26.429129117600603 ], [ 87.238345210313184, 26.420486402117007 ], [ 87.356344792053335, 26.434914403634064 ], [ 87.453073070525704, 26.458180835750333 ], [ 87.512924364953477, 26.455221186555647 ], [ 87.585453978482747, 26.448746280314531 ], [ 87.654723332455532, 26.460182685495003 ], [ 87.706266431740403, 26.488483864158194 ], [ 87.750035333023263, 26.493929585742922 ], [ 87.808566460759266, 26.502719343488746 ], [ 87.854153806223053, 26.512667805351217 ], [ 87.877478879296305, 26.464646897975953 ], [ 87.886723326990676, 26.430860042142882 ], [ 87.938019747700068, 26.410855637299953 ], [ 87.971560097269418, 26.430111100584078 ], [ 87.996229952329969, 26.463113410389855 ], [ 88.031851982530966, 26.492425492188445 ], [ 88.02427122443639, 26.494408247979305 ], [ 88.095534432044303, 26.604417606435984 ], [ 88.137042880797352, 26.700233437064416 ], [ 88.143189547692813, 26.815361531972176 ], [ 88.131845766896518, 26.879466244273935 ], [ 88.105640358100516, 26.942159466049894 ], [ 88.08073410859177, 27.01602666434632 ], [ 88.022425301323736, 27.056349626469725 ], [ 87.96449852241129, 27.118272355941166 ], [ 87.952812905257559, 27.189029695563665 ], [ 87.965493362833683, 27.24485809456101 ], [ 88.054583212876054, 27.259802624232268 ], [ 88.140503453300369, 27.262793511092124 ], [ 88.198820069586418, 27.244269695414904 ], [ 88.250484922758318, 27.219897991342869 ], [ 88.316229392365429, 27.230598527871258 ], [ 88.412734728221082, 27.272353892319831 ], [ 88.483336913270222, 27.279544268750367 ], [ 88.544489496173298, 27.268823771846197 ], [ 88.592569162826948, 27.232346948422713 ], [ 88.675222516281011, 27.204761993386676 ], [ 88.756622287024896, 27.214844680943518 ], [ 88.807421945580188, 27.230169669072765 ], [ 88.829627488741394, 27.189558620746958 ], [ 88.878584205554816, 27.171708597333861 ], [ 88.921332055670504, 27.156820937867419 ], [ 88.943553307122741, 27.114656698876516 ], [ 88.904905495918371, 27.078649953685179 ], [ 88.795743755737718, 26.992157664187964 ], [ 88.759060551117514, 26.939449331711604 ], [ 88.736503064220685, 26.894717668362276 ], [ 88.645199212136987, 26.897869184294574 ], [ 88.605919043633392, 26.908780588968181 ], [ 88.546808869421099, 26.842908685887718 ], [ 88.466329436793743, 26.707392304505621 ], [ 88.435002547252211, 26.642267216920096 ], [ 88.410046048819297, 26.593702794157952 ], [ 88.403777444915221, 26.596574316042584 ], [ 88.390442065406418, 26.602681783922872 ], [ 88.385747507522694, 26.603132137988588 ], [ 88.368685977320737, 26.604767534713503 ], [ 88.360717440456853, 26.605530624819227 ], [ 88.354009793140207, 26.602462424046976 ], [ 88.345835353944423, 26.598722495592675 ], [ 88.332985976146276, 26.592841958003191 ], [ 88.332223206002013, 26.592245446215475 ], [ 88.323679639180796, 26.585563183999749 ], [ 88.314161408084701, 26.578116637209757 ], [ 88.31403359886815, 26.577845217732627 ], [ 88.31166360365475, 26.572811828475793 ], [ 88.309930455146883, 26.569130496145625 ], [ 88.309643668467118, 26.568847778317924 ], [ 88.309383776117457, 26.56796924607352 ], [ 88.306941422805508, 26.56278092274497 ], [ 88.304273915777529, 26.557113389267769 ], [ 88.303529151096598, 26.555530850626138 ], [ 88.3010165177283, 26.545743267648945 ], [ 88.299413860233841, 26.539498605441615 ], [ 88.2985036200851, 26.535951299367749 ], [ 88.298426944030297, 26.535327144934516 ], [ 88.297901053506223, 26.53104577838101 ], [ 88.297727305152122, 26.529629656726097 ], [ 88.296985665231858, 26.523566328370613 ], [ 88.296473408487472, 26.519377231232507 ], [ 88.296361684601308, 26.518463463328406 ], [ 88.303202167894455, 26.509639279345052 ], [ 88.30425922144353, 26.508275585863434 ], [ 88.312702071177668, 26.50494347904139 ], [ 88.313623173486405, 26.504579914258603 ], [ 88.318448573515667, 26.502675180374506 ], [ 88.327431397946555, 26.499128852554978 ], [ 88.347362988567539, 26.491257598194444 ], [ 88.348600000478299, 26.490768973499907 ], [ 88.358518437334368, 26.486850677833651 ], [ 88.361375445252534, 26.485721855848229 ], [ 88.371120459080032, 26.481871013934942 ], [ 88.393389841426057, 26.474234379512197 ], [ 88.402117600807046, 26.47124035099791 ], [ 88.425470776356633, 26.463226081748179 ], [ 88.427236146624054, 26.462620067574111 ], [ 88.433014987118455, 26.459566472233931 ], [ 88.462198725467687, 26.441495545229586 ], [ 88.462542535892567, 26.441039270511734 ], [ 88.471425058959809, 26.42925016338236 ], [ 88.474601832756321, 26.425033397717854 ], [ 88.473216691312473, 26.413337173020086 ], [ 88.47288669467126, 26.410549589804678 ], [ 88.472538880526201, 26.407611050628244 ], [ 88.465081089838435, 26.39522124870172 ], [ 88.460651353259209, 26.392223085554932 ], [ 88.453110338562823, 26.387118270243704 ], [ 88.440376257511531, 26.378495609972482 ], [ 88.434738043947021, 26.375907842249656 ], [ 88.4308474836416, 26.374121953557601 ], [ 88.414726175049779, 26.369765729714896 ], [ 88.398426357322975, 26.365358738924275 ], [ 88.384662645246095, 26.356125546311862 ], [ 88.380023439230683, 26.353012600167311 ], [ 88.378775710257088, 26.35116915910297 ], [ 88.370782645847186, 26.339357543072172 ], [ 88.365830993353669, 26.33203826860532 ], [ 88.364216435747949, 26.327701603093026 ], [ 88.358916097011232, 26.313460924381008 ], [ 88.358227776442206, 26.311611120074936 ], [ 88.357236595037961, 26.310212934826097 ], [ 88.354256854421038, 26.306009291461866 ], [ 88.348863741871938, 26.298399680854811 ], [ 88.339866087410186, 26.288322547945434 ], [ 88.337962608976937, 26.286190299353393 ], [ 88.326572866109927, 26.273428732027966 ], [ 88.318884730511286, 26.264811755133959 ], [ 88.308516150972139, 26.260326924590743 ], [ 88.283210533397011, 26.249375650560957 ], [ 88.277844997999026, 26.242723152745622 ], [ 88.266475862494545, 26.228622652111749 ], [ 88.265164758196079, 26.227346552752778 ], [ 88.262897463998868, 26.225139667256357 ], [ 88.24886155519286, 26.211474188125148 ], [ 88.224188701148123, 26.200859226165594 ], [ 88.220667068905016, 26.199871260506576 ], [ 88.18649625110298, 26.190278692390908 ], [ 88.155650748062627, 26.182574798955148 ], [ 88.135483466215234, 26.171414144739607 ], [ 88.132010512101317, 26.169491577148388 ], [ 88.114574793885637, 26.156691250803551 ], [ 88.109266607430854, 26.152793028566052 ], [ 88.099417489329753, 26.134896179984228 ], [ 88.090643584180299, 26.11105591419301 ], [ 88.088121697870818, 26.104200283211881 ], [ 88.078518283841476, 26.086470888552391 ], [ 88.076599733655684, 26.082927862789663 ], [ 88.070862982331121, 26.07018433177036 ], [ 88.06249237781303, 26.051581463363032 ], [ 88.054575060191254, 26.033976655977316 ], [ 88.044464169973949, 26.011481071326294 ], [ 88.043596734697374, 26.009550436948498 ], [ 88.036474499673432, 25.998105719361405 ], [ 88.021753125574648, 25.974438049319524 ], [ 88.016614720087702, 25.966173217626242 ], [ 88.016117195661991, 25.964018480995247 ], [ 88.011565361394716, 25.944297159095687 ], [ 88.010341533174412, 25.936781723283136 ], [ 88.007416787013554, 25.918811351939866 ], [ 88.003256778296802, 25.899380985805962 ], [ 88.001985905226945, 25.893442272439543 ], [ 88.004830459701552, 25.876940155868468 ], [ 88.00672155675926, 25.865970240320138 ], [ 88.012672214884219, 25.846549370372227 ], [ 88.013391807848492, 25.844200766836526 ], [ 88.024566698959077, 25.827898936626269 ], [ 88.042945410416237, 25.817992553985633 ], [ 88.049787158302479, 25.816607616680923 ], [ 88.057685941148165, 25.815008290665187 ], [ 88.058407416264245, 25.814862185834393 ], [ 88.059087967084722, 25.814724365087393 ], [ 88.059005764692529, 25.81403766442671 ], [ 88.045870174272025, 25.658532953969903 ], [ 88.044633570536391, 25.647361758992449 ], [ 88.032922312744716, 25.541231787614372 ], [ 88.024335103905443, 25.463026580075223 ], [ 88.019009312843764, 25.452224330245297 ], [ 88.002227038238573, 25.412365285180908 ], [ 87.959619923668029, 25.382341169700993 ], [ 87.900942016312172, 25.351850297313753 ], [ 87.851238380742018, 25.298661650275697 ], [ 87.823070076481628, 25.252949222184444 ], [ 87.795385094362999, 25.187194569685751 ], [ 87.788790488973618, 25.137215190335162 ], [ 87.798401188175987, 25.089722142915786 ], [ 87.81592197884035, 25.003157039642655 ], [ 87.808559920764665, 24.933265253744146 ], [ 87.801291049348009, 24.876296347595602 ], [ 87.797882821515316, 24.86836447435984 ], [ 87.773556592243921, 24.832862450389314 ], [ 87.753319496988254, 24.799349441435044 ], [ 87.739130272745186, 24.737091385144474 ], [ 87.746898423761564, 24.68937592998082 ], [ 87.791633142513732, 24.713195432328526 ], [ 87.882574769515912, 24.72643439214346 ], [ 87.937154670916115, 24.721654025371844 ], [ 87.93812889947273, 24.716024005474821 ], [ 87.941925910581048, 24.694083299120955 ], [ 87.942846787331021, 24.692426901710338 ], [ 87.961100106543498, 24.65958887396722 ], [ 87.962806271493506, 24.656518924335558 ], [ 87.976226067803665, 24.632369161533202 ], [ 87.980437906253428, 24.624788542730396 ], [ 87.985172977904199, 24.616265533721247 ], [ 87.988337231048561, 24.612658281348381 ], [ 88.01542760673459, 24.58176761163201 ], [ 88.026473721512673, 24.56916801910106 ], [ 88.071863030931937, 24.543586097212181 ], [ 88.157337070602395, 24.495358725354489 ], [ 88.190856747283874, 24.482265742733208 ], [ 88.23124670687163, 24.466477467290382 ], [ 88.261406240003382, 24.457131956553347 ], [ 88.34737544634153, 24.428296811205147 ], [ 88.365629457004445, 24.424671465512159 ], [ 88.368988064821167, 24.423621388812442 ], [ 88.416988471216087, 24.405213204109295 ], [ 88.43499911329539, 24.402504774017647 ], [ 88.456072949271217, 24.39933292108104 ], [ 88.489225237870912, 24.397891809019843 ], [ 88.533278232904991, 24.383605558503994 ], [ 88.546503191504044, 24.363141182407276 ], [ 88.551869348061885, 24.354836310356429 ], [ 88.554369831372526, 24.350966219035293 ], [ 88.576373040317037, 24.295583476126282 ], [ 88.582157412989616, 24.211484056876849 ], [ 88.581757818852836, 24.208860029417963 ], [ 88.576619502112678, 24.173833423753951 ], [ 88.568359692618529, 24.117412242277084 ], [ 88.581377691853376, 24.066850923247316 ], [ 88.590996359047267, 24.003933549896086 ], [ 88.576426510632388, 23.975489387215969 ], [ 88.559812425969568, 23.951430332953649 ], [ 88.536161953743104, 23.932145816662359 ], [ 88.529477519479642, 23.927973837360774 ], [ 88.510552937015134, 23.928751236550376 ], [ 88.49689677774002, 23.932319816689095 ], [ 88.473003914008331, 23.935629677923092 ], [ 88.466627269892413, 23.926291729332863 ], [ 88.460228193738928, 23.926788079390349 ], [ 88.454072495021038, 23.91315392479104 ], [ 88.447480484546617, 23.884080672234429 ], [ 88.445646696779846, 23.875987690991206 ], [ 88.43082682888469, 23.810499177655373 ], [ 88.430795082364611, 23.810316839827255 ], [ 88.4196948100806, 23.792589303175479 ], [ 88.417142896031777, 23.768183985304614 ], [ 88.415079564487272, 23.748427054615185 ], [ 88.415744431529347, 23.741165116345321 ], [ 88.41746195959044, 23.722412749613945 ], [ 88.42402046962718, 23.711902428108704 ], [ 88.4242976351007, 23.711458233898835 ], [ 88.424282176850525, 23.711398447931952 ], [ 88.424467493786906, 23.711186012022949 ], [ 88.438976573401362, 23.687930587933469 ], [ 88.439431590098252, 23.687201194628543 ], [ 88.441470701595733, 23.683932429296394 ], [ 88.455441509361549, 23.675670977755551 ], [ 88.471061557707728, 23.666432109104107 ], [ 88.472822081983608, 23.66444481404422 ], [ 88.489809214249817, 23.64526690044643 ], [ 88.533651745965571, 23.59574763341352 ], [ 88.534032099369597, 23.595317890261981 ], [ 88.534954612983782, 23.594776238134941 ], [ 88.544059340019245, 23.589429992599289 ], [ 88.557989380837469, 23.581248865788751 ], [ 88.57233661573521, 23.571817801293218 ], [ 88.577047628399313, 23.5687205971299 ], [ 88.593833835627407, 23.559019799830114 ], [ 88.60619224738106, 23.552925438987966 ], [ 88.629810356832337, 23.539039893341236 ], [ 88.64933605146949, 23.520716483532187 ], [ 88.647987170859452, 23.517326672632404 ], [ 88.638564551697471, 23.493637950968846 ], [ 88.630267935490352, 23.472766753778 ], [ 88.629678807110906, 23.471067790386858 ], [ 88.6246947241264, 23.467385919786736 ], [ 88.62159178737322, 23.455942021488205 ], [ 88.620363369907167, 23.444192004260717 ], [ 88.616235875465705, 23.432277006890143 ], [ 88.612317340373053, 23.425351611689713 ], [ 88.610930659554, 23.422900560243132 ], [ 88.608090295667083, 23.417879518888377 ], [ 88.598483332173075, 23.398807357243211 ], [ 88.589182249593776, 23.382636818659268 ], [ 88.579858153958995, 23.372327492467168 ], [ 88.571613070531797, 23.360163515563084 ], [ 88.567264124001156, 23.348826608838166 ], [ 88.565880656161838, 23.335469394728545 ], [ 88.565788135525636, 23.328444867008557 ], [ 88.568867952642421, 23.315279916692528 ], [ 88.578005030329606, 23.308668121126907 ], [ 88.579382960452207, 23.30767094264333 ], [ 88.580582347107381, 23.306802955780629 ], [ 88.583625501947068, 23.304600579385099 ], [ 88.583884116465072, 23.304530973561977 ], [ 88.584286333292965, 23.303891913762662 ], [ 88.615632750054445, 23.291808019715521 ], [ 88.655109688573717, 23.284278723997645 ], [ 88.670402470301241, 23.281359244624717 ], [ 88.674336696167003, 23.280607930863599 ], [ 88.735975629428111, 23.285838402418442 ], [ 88.78274860029147, 23.289789361577824 ], [ 88.804875826822609, 23.285487310377146 ], [ 88.811650811861313, 23.27354700181229 ], [ 88.812966378385312, 23.271228298850513 ], [ 88.81654887110534, 23.264913888588644 ], [ 88.815543207982756, 23.233772356631786 ], [ 88.813966233165559, 23.22910877764425 ], [ 88.809191283638427, 23.221730888153886 ], [ 88.802102810222735, 23.21077559932786 ], [ 88.80201434253685, 23.210661385025055 ], [ 88.796218583289459, 23.203178108804206 ], [ 88.795457864267064, 23.202195780777796 ], [ 88.785986559060945, 23.189963107188031 ], [ 88.745805642597844, 23.154730504543831 ], [ 88.744154222295805, 23.153281612356576 ], [ 88.728864575116646, 23.134140886394245 ], [ 88.721230214158311, 23.115489774329795 ], [ 88.719360127209157, 23.104245480398184 ], [ 88.717870902522392, 23.095287461328198 ], [ 88.715812860798891, 23.083976519060336 ], [ 88.71367322722422, 23.072211824501188 ], [ 88.713466960636737, 23.071077388352158 ], [ 88.714103030388912, 23.052793447545859 ], [ 88.714264271226483, 23.048164144337953 ], [ 88.719024253054528, 23.039150255208668 ], [ 88.724321586923494, 23.029118098462966 ], [ 88.72637255520776, 23.025904162361684 ], [ 88.7272854866616, 23.024473537986005 ], [ 88.732043914677831, 23.01701646376662 ], [ 88.73210470404922, 23.013883303347356 ], [ 88.732147855446343, 23.011660425343965 ], [ 88.736744580655952, 23.00162555385382 ], [ 88.740907373697269, 22.992537473066331 ], [ 88.742330079749095, 22.991410898367494 ], [ 88.748955754066614, 22.98616403561687 ], [ 88.778050547152532, 22.96311807167374 ], [ 88.780909628770502, 22.960852882682573 ], [ 88.796140362575954, 22.94616879511775 ], [ 88.797871751526188, 22.944499349434633 ], [ 88.79822661479767, 22.943928507521942 ], [ 88.812791102718933, 22.920497261989496 ], [ 88.818020564536084, 22.901870457660859 ], [ 88.817610738547899, 22.891522047818466 ], [ 88.815318220853527, 22.887347368603592 ], [ 88.801255068373806, 22.886048385121416 ], [ 88.815318220853555, 22.887347368603592 ], [ 88.805806649227947, 22.870021779506551 ], [ 88.786638479291042, 22.835081951762163 ], [ 88.78525402911292, 22.832557102360585 ], [ 88.783459927538075, 22.822348551369188 ], [ 88.780391931821001, 22.804881806700696 ], [ 88.776967123921253, 22.771458697471051 ], [ 88.777172953229382, 22.733969210953202 ], [ 88.778838580210788, 22.726500818662409 ], [ 88.788254807010588, 22.684284618386751 ], [ 88.791767672906374, 22.679698831591143 ], [ 88.792035461892311, 22.679349243749723 ], [ 88.792863941512863, 22.676192684155485 ], [ 88.801049788320412, 22.665184249800859 ], [ 88.820774327894142, 22.638653337000861 ], [ 88.836137841435175, 22.611995015475983 ], [ 88.844600892102051, 22.578742857726084 ], [ 88.844004042207231, 22.56860652221053 ], [ 88.841776766638588, 22.530701244931358 ], [ 88.838611152859059, 22.510050771324288 ], [ 88.831892386582794, 22.466160551527835 ], [ 88.854814295322015, 22.341189921255808 ], [ 88.855426581670159, 22.308072505278489 ], [ 88.855600203374891, 22.298724270781001 ], [ 88.861709632288282, 22.237556365897067 ], [ 88.87353350240609, 22.212721773505351 ], [ 88.88198192776305, 22.196602263515011 ], [ 88.875884329595067, 22.141283257736792 ], [ 88.875506186486248, 22.137847226932927 ], [ 88.878389558934103, 22.096790734471316 ], [ 88.902112458153397, 22.028084377815599 ], [ 88.902279020224157, 22.027601951443852 ], [ 88.90243881919703, 22.027139113176393 ], [ 88.906608890303161, 22.015060882401475 ], [ 88.907502730709268, 22.012471923282337 ], [ 88.905546713321129, 21.992921339121171 ], [ 88.903780724268472, 21.975251192128916 ], [ 88.902348786401262, 21.972220858382464 ], [ 88.900908534320379, 21.969172682429843 ], [ 88.89479383507981, 21.956228658923642 ], [ 88.892645073448335, 21.951678948220742 ], [ 88.877126933971724, 21.936318790980494 ], [ 88.87523639635566, 21.934447032971331 ], [ 88.873207493234361, 21.932438171079902 ], [ 88.85536923105802, 21.929935941918806 ], [ 88.837935247249789, 21.931147760256057 ], [ 88.816585790534788, 21.936763956676263 ], [ 88.8017186522641, 21.942847899805621 ], [ 88.797772147294864, 21.944462630978215 ], [ 88.793433648498734, 21.946237621904352 ], [ 88.788829295600223, 21.948180401109422 ], [ 88.781042007070425, 21.951465857814469 ], [ 88.76837713172398, 21.956808246798929 ], [ 88.7516822327337, 21.963381581004519 ], [ 88.74711490603363, 21.965179551216295 ], [ 88.718605748538636, 21.971357224101713 ], [ 88.691719673059836, 21.973646149480217 ], [ 88.6670033373085, 21.977619705490206 ], [ 88.661563147264332, 21.979287480245425 ], [ 88.658709504329863, 21.980162231530148 ], [ 88.65432698147491, 21.981505539741761 ], [ 88.645633902507896, 21.985052914942528 ], [ 88.639294660926083, 21.992147434923414 ], [ 88.634132193831633, 22.001015762011043 ], [ 88.632230122282891, 22.012418162587757 ], [ 88.629241800107295, 22.033280725913173 ], [ 88.6278847113621, 22.050258191063062 ], [ 88.622786590238562, 22.058660430092289 ], [ 88.6200939360685, 22.063097983811943 ], [ 88.607721401595754, 22.062767098645327 ], [ 88.594901281559302, 22.062423189121276 ], [ 88.594505883186685, 22.062288972873013 ], [ 88.584227579505907, 22.070605032742101 ], [ 88.581342755920573, 22.070803140038564 ], [ 88.574597212741466, 22.066948428234085 ], [ 88.544612076187278, 22.049805835049472 ], [ 88.520318762080421, 22.035469900443623 ], [ 88.511727033074891, 22.029782804359392 ], [ 88.507110367466737, 22.026726410884475 ], [ 88.499032669717295, 22.027404898253554 ], [ 88.493307913054494, 22.024858294382291 ], [ 88.488810832584434, 22.024428659882506 ], [ 88.46955313854518, 22.021956894507632 ], [ 88.440816023148415, 22.005982589955519 ], [ 88.418121488611646, 21.990534620908008 ], [ 88.396903094159185, 21.956198068778409 ], [ 88.390732649071964, 21.946207079112085 ], [ 88.385738563307712, 21.938118932558268 ], [ 88.381708554866023, 21.932383666526384 ], [ 88.344086800144424, 21.878801499420817 ], [ 88.334708850869035, 21.868649068433552 ], [ 88.326164889395017, 21.859397030020414 ], [ 88.308171669682693, 21.839904927636208 ], [ 88.29452786117244, 21.833875494135178 ], [ 88.243481193811633, 21.811298802476049 ], [ 88.228188667925963, 21.807523042916177 ], [ 88.182359009807399, 21.796196176906914 ], [ 88.173305367597337, 21.796113897780462 ], [ 88.169775496271285, 21.796338708331337 ], [ 88.152427008426827, 21.797442481185314 ], [ 88.147717175565219, 21.797741816882095 ], [ 88.1432269177661, 21.798027069851642 ], [ 88.139821113133934, 21.800061339624751 ], [ 88.113338672229148, 21.815875800947044 ], [ 88.105954576302111, 21.827213589821007 ], [ 88.104067275965249, 21.830111236703999 ], [ 88.103915091250471, 21.830316477380471 ], [ 88.08764856518313, 21.87440741424081 ], [ 88.086167897538289, 21.878420512617915 ], [ 88.083500243443908, 21.885650609817027 ], [ 88.082167316719818, 21.889263157214664 ], [ 88.080072552970378, 21.899559423847215 ], [ 88.071245195773699, 21.942954650783896 ], [ 88.069840742405034, 21.949859921500433 ], [ 88.068177158719109, 21.958039607023302 ], [ 88.067306981786217, 21.962318336608273 ], [ 88.065233834630277, 21.972512584198082 ], [ 88.067073402782214, 21.977183239392215 ], [ 88.068668653059348, 21.981233096438945 ], [ 88.071119363385819, 21.98745384572927 ], [ 88.078659555399796, 22.006586912734811 ], [ 88.085343701426297, 22.039022200654109 ], [ 88.088338344023754, 22.053542011726613 ], [ 88.098057629583423, 22.100616245910981 ], [ 88.099746965325124, 22.108790458617371 ], [ 88.10101842817879, 22.114941164704224 ], [ 88.100041625760298, 22.119777999664432 ], [ 88.098410159779618, 22.127856832508758 ], [ 88.095673389251871, 22.141409845003423 ], [ 88.092550244223816, 22.156877538546819 ], [ 88.090366272283276, 22.167694691047831 ], [ 88.05503217488284, 22.21719833065627 ], [ 88.05036147241249, 22.217503038039847 ], [ 88.04531727646588, 22.217831957868135 ], [ 88.043539930605135, 22.217248012060669 ], [ 88.038166644919215, 22.215482440688842 ], [ 88.035141929535399, 22.203411094330466 ], [ 88.033774866252315, 22.1888582908906 ], [ 88.032904953048245, 22.179591462924364 ], [ 88.031917477381938, 22.169066307141097 ], [ 88.033236007630393, 22.157040599018874 ], [ 88.036331370369609, 22.128821757789812 ], [ 88.033992114568946, 22.117280980659373 ], [ 88.032602449782431, 22.109036973635874 ], [ 88.031164018772373, 22.100500876875579 ], [ 88.022869594390301, 22.087730510796298 ], [ 88.007645773270781, 22.064280546773041 ], [ 88.002563118674558, 22.052788921020475 ], [ 87.99887988834864, 22.044459153699957 ], [ 87.986779526256967, 22.022559080504653 ], [ 87.984879491038953, 22.01830157127484 ], [ 87.975663678252104, 21.997644475228096 ], [ 87.963635554683179, 21.982269719737943 ], [ 87.959257943519518, 21.976672575481206 ], [ 87.933260487108868, 21.947079320653906 ], [ 87.921771725463898, 21.934435534983734 ], [ 87.912913174411756, 21.924683424494081 ], [ 87.880107697663519, 21.888546397606177 ], [ 87.858851081400658, 21.867165530954182 ], [ 87.852414098984099, 21.860688396603539 ], [ 87.819728414235058, 21.827780712086362 ], [ 87.793255809645714, 21.801106125572851 ], [ 87.788792164922484, 21.796606468611156 ], [ 87.762242432965195, 21.759959522331449 ], [ 87.75997414882859, 21.75619400548014 ], [ 87.759971157919622, 21.756189040118525 ], [ 87.750428854597175, 21.74034422127199 ], [ 87.741062442398828, 21.719948586721166 ], [ 87.721500791100297, 21.694642734715526 ], [ 87.705555820514292, 21.674003425133584 ], [ 87.703689929800049, 21.672115518699485 ], [ 87.683473602412036, 21.651654340159666 ], [ 87.678541454077944, 21.647750455179469 ], [ 87.668202340833545, 21.639565297182095 ], [ 87.667265692561713, 21.63882367706918 ], [ 87.655512708774765, 21.631921514871898 ], [ 87.646071973942341, 21.626375869427498 ], [ 87.632662650791147, 21.623445877376703 ], [ 87.6262253476079, 21.622038806224751 ], [ 87.621324192248267, 21.620767345540102 ], [ 87.61401648187919, 21.618871210274506 ], [ 87.60492587465221, 21.61546220328275 ], [ 87.579688667628503, 21.599790228221465 ], [ 87.55383231683102, 21.584159435447653 ], [ 87.527163128004247, 21.577455177534315 ], [ 87.519809886250982, 21.575605667880549 ], [ 87.515840043580042, 21.574786941810089 ], [ 87.490818883526629, 21.569623916127856 ], [ 87.486564096317153, 21.568745483755645 ], [ 87.453368697638496, 21.562460364862595 ], [ 87.432524335965127, 21.555533657060668 ], [ 87.429216066390509, 21.555955576650632 ], [ 87.420307088787013, 21.553229090655837 ], [ 87.41535584343579, 21.551786128373934 ], [ 87.40462084928734, 21.548656867041174 ], [ 87.401506642292588, 21.547748889073347 ], [ 87.369255733966668, 21.548264633762312 ], [ 87.348303918570082, 21.548061988211074 ], [ 87.341601301761145, 21.547996578409474 ], [ 87.336124449562433, 21.546539153007426 ], [ 87.293399529723516, 21.535161339934159 ], [ 87.27060839716745, 21.530611340936112 ], [ 87.23838487576451, 21.528620710232634 ], [ 87.221874914737484, 21.527598181987237 ], [ 87.185624495617915, 21.519882809663731 ], [ 87.133349515253371, 21.508739248918388 ], [ 87.132360269972864, 21.508340919395025 ], [ 87.125821410886573, 21.507057909388607 ], [ 87.098380574985242, 21.506232665328167 ], [ 87.097480161269516, 21.506205505780173 ], [ 87.066920719433426, 21.501394831623045 ], [ 87.035150458199496, 21.489609869310769 ], [ 86.995347521530348, 21.46428823894751 ], [ 86.973494563196525, 21.44915318428108 ], [ 86.951649757162755, 21.434015958930306 ], [ 86.930042854540005, 21.4190359018931 ], [ 86.923991226402578, 21.414564678634491 ], [ 86.910258348083204, 21.407793679849064 ], [ 86.892184044309928, 21.391053420298764 ], [ 86.873176972391718, 21.376995227647324 ], [ 86.861174094431263, 21.368114257940015 ], [ 86.838458435346254, 21.347115122413513 ], [ 86.820427092737262, 21.33043755004315 ], [ 86.792856895427946, 21.292395015868681 ], [ 86.788948671653188, 21.288296368394374 ], [ 86.768166699797604, 21.266494398304982 ], [ 86.759138381598248, 21.252932160884171 ], [ 86.736755754245323, 21.219290109972594 ], [ 86.73645281378262, 21.218465077466142 ], [ 86.728136265348724, 21.195808861615241 ], [ 86.723914025277267, 21.184301468623893 ], [ 86.723819861295567, 21.184050098194149 ], [ 86.716074947529961, 21.163369576773395 ], [ 86.70717079136773, 21.139580204924695 ], [ 86.704112758944348, 21.118647105161418 ], [ 86.700281864571608, 21.092399503750961 ], [ 86.705878503742127, 21.060233072705152 ], [ 86.706130434514591, 21.058000291463838 ], [ 86.709320187886703, 21.029738396544076 ], [ 86.709560117741759, 21.027613156054837 ], [ 86.714196462700045, 21.012909783584366 ], [ 86.72208077305099, 20.987905073130214 ], [ 86.740853665191153, 20.955999624977995 ], [ 86.772741831276662, 20.919996678242523 ], [ 86.773868807668507, 20.918724005308544 ], [ 86.790283054938868, 20.900185593632091 ], [ 86.807976318686229, 20.870711892862357 ], [ 86.816840752145765, 20.848327697850852 ], [ 86.815703002991285, 20.826055970326742 ], [ 86.813945294109317, 20.803827609251961 ], [ 86.813067305460805, 20.79271335438369 ], [ 86.813817434914384, 20.782322628819117 ], [ 86.81396356763122, 20.780298872045766 ], [ 86.818914994951342, 20.77171871344315 ], [ 86.823819865202495, 20.762553746962922 ], [ 86.835841776964202, 20.756420691992393 ], [ 86.841765818505181, 20.756006656783423 ], [ 86.85325294059065, 20.755203225613482 ], [ 86.872435466890266, 20.752683664424456 ], [ 86.871484452244559, 20.745383837330358 ], [ 86.870841268642096, 20.740445603530649 ], [ 86.868264452810664, 20.730178661909715 ], [ 86.865893582595604, 20.718698007947836 ], [ 86.867061936612672, 20.701861187212682 ], [ 86.88443702741273, 20.688674772318709 ], [ 86.887435754241338, 20.673204252981829 ], [ 86.874726661708095, 20.655549382557968 ], [ 86.874404863673234, 20.655205453566747 ], [ 86.834049464384677, 20.6224520950719 ], [ 86.833485732274539, 20.622008979265264 ], [ 86.796669870627341, 20.59305746612943 ], [ 86.770825279736201, 20.572718578110635 ], [ 86.751355251722984, 20.555236889341113 ], [ 86.736421568933238, 20.549650335541266 ], [ 86.725180412085507, 20.545443762137729 ], [ 86.690255755913526, 20.532367094870303 ], [ 86.673994271037813, 20.515827776461414 ], [ 86.627100578858219, 20.474301429555933 ], [ 86.610986513156703, 20.459506062259774 ], [ 86.585465499624235, 20.419450548588291 ], [ 86.575794252790345, 20.407155937361281 ], [ 86.571358674783767, 20.398038844025763 ], [ 86.569319144171629, 20.387583324474132 ], [ 86.568522110858652, 20.377044181582679 ], [ 86.567460181972962, 20.362991925742598 ], [ 86.56635495610432, 20.34835407763137 ], [ 86.569196024840963, 20.336393793742925 ], [ 86.58001569518369, 20.330959595160412 ], [ 86.588616996851485, 20.3292047599681 ], [ 86.594758133250807, 20.331393404105114 ], [ 86.605285749751161, 20.335144568560608 ], [ 86.622398969315512, 20.346936089027032 ], [ 86.626567098611517, 20.350768853876591 ], [ 86.637355562455852, 20.358588557166502 ], [ 86.655830723871347, 20.379256556466306 ], [ 86.657294810639826, 20.380893964268338 ], [ 86.657972336795083, 20.383124296607836 ], [ 86.654397952987111, 20.38177930206362 ], [ 86.654375845214503, 20.381841569764145 ], [ 86.663298250663075, 20.400651958565529 ], [ 86.66529970495661, 20.410517866419163 ], [ 86.665925809309655, 20.418712088991338 ], [ 86.683437599983392, 20.411050361312139 ], [ 86.683180102646077, 20.407684553171794 ], [ 86.68283957349071, 20.403232480771834 ], [ 86.682810831345691, 20.402856651828092 ], [ 86.686864971922404, 20.400191959261527 ], [ 86.690001321121116, 20.396166513112203 ], [ 86.689390411853083, 20.390136842482782 ], [ 86.685414858219545, 20.383147502906631 ], [ 86.685514634723177, 20.381740241610242 ], [ 86.681160070828355, 20.360096210536792 ], [ 86.673384164703435, 20.329100237096494 ], [ 86.672056421209703, 20.323804895784942 ], [ 86.661708037016382, 20.309126347610331 ], [ 86.659655970744822, 20.306215017271558 ], [ 86.635969437761744, 20.272595817668268 ], [ 86.549613791404397, 20.221784513576274 ], [ 86.466069092774063, 20.155834285219502 ], [ 86.461427569075084, 20.152166526238176 ], [ 86.44531907328566, 20.139434449297703 ], [ 86.378070916467152, 20.068601832617556 ], [ 86.362773037339096, 20.05247106505858 ], [ 86.361150979171512, 20.04964977081039 ], [ 86.351665521149428, 20.033147802908424 ], [ 86.332918576196079, 20.000515292867675 ], [ 86.331920879309266, 19.998759896373421 ], [ 86.283310674765431, 19.96644174396641 ], [ 86.2370889632858, 19.93959830363649 ], [ 86.224947743392235, 19.934261174978637 ], [ 86.144631722208189, 19.898918282250712 ], [ 86.077625947344885, 19.86288763620453 ], [ 85.98429297732936, 19.812612800069594 ], [ 85.95078614398706, 19.801505134965591 ], [ 85.92573075930666, 19.793193066819683 ], [ 85.913474989328392, 19.792077802402623 ], [ 85.909969332930004, 19.791681909067574 ], [ 85.886489168199944, 19.789028305785536 ], [ 85.868723309929706, 19.784228042109923 ], [ 85.849395688879426, 19.774805503588336 ], [ 85.830237946755275, 19.764245286391276 ], [ 85.817477781922321, 19.76095630349192 ], [ 85.775542607908278, 19.750138816959574 ], [ 85.730799989219548, 19.738582714113889 ], [ 85.719108088235657, 19.736171970150725 ], [ 85.702087737044934, 19.731530140747431 ], [ 85.693561626111915, 19.729204055333682 ], [ 85.671891599108164, 19.723763201831481 ], [ 85.649691743919689, 19.718185743742314 ], [ 85.587611377195074, 19.690436166386331 ], [ 85.58235507391673, 19.688084879724261 ], [ 85.575521397462893, 19.686635779905426 ], [ 85.572511997617667, 19.685997525329633 ], [ 85.529278782288316, 19.682078052814454 ], [ 85.516754131951686, 19.681050504742061 ], [ 85.490153526996309, 19.674364055042062 ], [ 85.473838496702442, 19.667038129798041 ], [ 85.465765157208835, 19.663411992288424 ], [ 85.448511800530994, 19.656756459277712 ], [ 85.434592153798263, 19.653443504575431 ], [ 85.415900409276048, 19.653359307805548 ], [ 85.405466435078893, 19.655740610397892 ], [ 85.404604056925237, 19.665907341178066 ], [ 85.40674266735499, 19.675262789073674 ], [ 85.417659065925207, 19.682508239340731 ], [ 85.436974740319499, 19.69532433718161 ], [ 85.497427260591451, 19.723429613247507 ], [ 85.54040045958962, 19.783735891771673 ], [ 85.554111221136125, 19.809166610639416 ], [ 85.552840452521551, 19.827301683111884 ], [ 85.517290446493647, 19.861018257946046 ], [ 85.482036543117928, 19.884020445467772 ], [ 85.449673133738258, 19.891627927267898 ], [ 85.409270853416189, 19.885283211955674 ], [ 85.409213953633071, 19.885255272181784 ], [ 85.403084369688628, 19.885446642563533 ], [ 85.380713480565817, 19.877323850862755 ], [ 85.359277756737086, 19.864420439574097 ], [ 85.352995265246605, 19.860133777701968 ], [ 85.293983149932345, 19.819840422210888 ], [ 85.241023379721426, 19.777583836728091 ], [ 85.222953298912586, 19.763154349981313 ], [ 85.203673069657285, 19.74289200910178 ], [ 85.194195943857423, 19.732928535362788 ], [ 85.189060331234685, 19.727103799550015 ], [ 85.184782163682655, 19.722250964780628 ], [ 85.17924757126589, 19.713711774380652 ], [ 85.172208235789384, 19.701125154292388 ], [ 85.172236706889535, 19.701040024523572 ], [ 85.174572241345516, 19.694056602016271 ], [ 85.174825561625653, 19.693299145956125 ], [ 85.175730590248705, 19.693005934487246 ], [ 85.170412188554749, 19.68630955277845 ], [ 85.157944369844557, 19.67060742028924 ], [ 85.153977419379231, 19.665610232191298 ], [ 85.151624915361111, 19.666155255749459 ], [ 85.07200155620751, 19.725609328019353 ], [ 85.014878737431232, 19.761450000432067 ], [ 84.977593952966927, 19.846601247715189 ], [ 84.867313520705864, 19.92283279841778 ], [ 84.832283128496229, 19.970180342560614 ], [ 84.857773611842958, 20.041556802991625 ], [ 84.859407456124046, 20.099142198014384 ], [ 84.845712278704823, 20.135846169559525 ], [ 84.811566053947459, 20.150063344497575 ], [ 84.777011351856274, 20.143355709381478 ], [ 84.728437198351443, 20.133912827587142 ], [ 84.67782816492678, 20.173618448986922 ], [ 84.636424520981308, 20.168344827415424 ], [ 84.606612153896535, 20.123631956841098 ], [ 84.612690918791813, 20.075993956261794 ], [ 84.609793729812921, 20.028849756878419 ], [ 84.577423905869153, 20.006967860212658 ], [ 84.539799297613001, 20.01374828113817 ], [ 84.512948682447615, 20.033185255487222 ], [ 84.486613490110102, 20.094231075066315 ], [ 84.472023147658291, 20.150857887501026 ], [ 84.447300913644625, 20.222234508937063 ], [ 84.455158961327299, 20.285218631779106 ], [ 84.436297445326034, 20.321265112792641 ], [ 84.399713827795225, 20.316072937271628 ], [ 84.354311954978968, 20.30961713934202 ], [ 84.345026981453472, 20.272251052602044 ], [ 84.324787467081066, 20.219376970362209 ], [ 84.259885527864355, 20.190649963437636 ], [ 84.181564616385572, 20.18911203741877 ], [ 84.100732211795716, 20.179143866986934 ], [ 84.088951896665833, 20.183546861848388 ], [ 84.000146088838278, 20.191942391413026 ], [ 83.965505271179978, 20.186562172104725 ], [ 83.903954119132848, 20.17698310212138 ], [ 83.832813909702395, 20.143639436404658 ], [ 83.737672011187769, 20.057428584229083 ], [ 83.734697062315391, 20.061233816353017 ], [ 83.707953467635747, 20.000811999002721 ], [ 83.691058604307415, 19.967285557988355 ], [ 83.656726878483937, 19.958311935555809 ], [ 83.560481945285133, 20.00923926460927 ], [ 83.52831756127236, 19.994208226528244 ], [ 83.491425601112738, 19.937908868618727 ], [ 83.444554099627652, 19.858361050894974 ] ], [ [ 84.072615382654348, 23.138261203296338 ], [ 84.073376110004133, 23.142233920319203 ], [ 84.072071259802243, 23.138252664706787 ], [ 84.072615382654348, 23.138261203296338 ] ], [ [ 84.616984745347878, 23.47896132020211 ], [ 84.613248176194134, 23.487684214529203 ], [ 84.566755343066717, 23.502794331640644 ], [ 84.532682275005698, 23.501943714867291 ], [ 84.452266203588479, 23.48143673468347 ], [ 84.401696027454506, 23.492219072946959 ], [ 84.391822127599326, 23.487979121545767 ], [ 84.441704489505526, 23.477347155336453 ], [ 84.522118195190643, 23.497861050289085 ], [ 84.556190998350985, 23.498714398730236 ], [ 84.616984745347878, 23.47896132020211 ] ], [ [ 84.869436827952953, 23.40509707947357 ], [ 84.904318931041729, 23.411123057785169 ], [ 84.910507544942732, 23.41442391549473 ], [ 84.870401529938761, 23.407498360099609 ], [ 84.869436827952953, 23.40509707947357 ] ], [ [ 84.221307483004253, 24.402656508232266 ], [ 84.220653864481591, 24.404182358569532 ], [ 84.225659216362359, 24.363752162356178 ], [ 84.226177677255791, 24.363317063905068 ], [ 84.221307483004253, 24.402656508232266 ] ], [ [ 83.998234923645626, 24.524889526628773 ], [ 83.995805752586207, 24.506628249409491 ], [ 83.965109094196023, 24.425031567566773 ], [ 83.956369692701671, 24.389523104975002 ], [ 83.963374720953325, 24.379955112495796 ], [ 83.968583176965893, 24.401120387464942 ], [ 83.999270629122407, 24.482717317257279 ], [ 84.00377407731493, 24.516578341863802 ], [ 83.998234923645626, 24.524889526628773 ] ], [ [ 83.494102990708541, 24.386976342245898 ], [ 83.49081629134399, 24.386077214168782 ], [ 83.492143913752628, 24.386112593773845 ], [ 83.494102990708541, 24.386976342245898 ] ], [ [ 83.69286161698804, 24.538568543886896 ], [ 83.726521916723541, 24.563973258640953 ], [ 83.790495331495805, 24.623156897805682 ], [ 83.827976674292003, 24.683540504679378 ], [ 83.830052285855572, 24.688849385275383 ], [ 83.822377700907836, 24.692408201954731 ], [ 83.817304869356533, 24.679430352395709 ], [ 83.779829784113261, 24.619042253477225 ], [ 83.69286161698804, 24.538568543886896 ] ], [ [ 83.875556907898599, 24.676455662806294 ], [ 84.10531649688221, 24.949846203115431 ], [ 84.043759134154968, 24.898243010326027 ], [ 83.98051033795835, 24.814860552545969 ], [ 83.92273064846998, 24.733949667401088 ], [ 83.885503269380536, 24.692555072267194 ], [ 83.875556907898599, 24.676455662806294 ] ], [ [ 84.163432758417429, 25.018998642898897 ], [ 84.160655000866072, 25.016176871626612 ], [ 84.159311362536542, 25.014094601018915 ], [ 84.163432758417429, 25.018998642898897 ] ], [ [ 86.958737773632777, 23.771417224414225 ], [ 88.194963425297971, 22.482776159989896 ], [ 88.210257080232992, 22.511145721941425 ], [ 88.194980379763507, 22.482802913162693 ], [ 88.356822261340199, 22.738180106431496 ], [ 88.357227524202841, 22.738068396895194 ], [ 88.370049241999624, 22.738205060216835 ], [ 88.377499851678238, 22.770808156307368 ], [ 88.395011912210762, 22.798441181971565 ], [ 86.958737773632777, 23.771417224414225 ] ], [ [ 85.675015353031853, 24.641050065974571 ], [ 85.676515088160201, 24.642969662320944 ], [ 85.665487782628659, 24.662525273134648 ], [ 85.65130259264474, 24.690005746413227 ], [ 85.644963790416, 24.695434859354069 ], [ 85.651684514667821, 24.682417654472147 ], [ 85.675015353031853, 24.641050065974571 ] ], [ [ 85.79724853738243, 24.797503275377508 ], [ 85.800870787783822, 24.802139599822205 ], [ 85.780163196949275, 24.820304360050908 ], [ 85.782932736629078, 24.810063113475948 ], [ 85.79724853738243, 24.797503275377508 ] ], [ [ 85.740524466493696, 24.964346360393112 ], [ 85.717007922836274, 24.96604041821843 ], [ 85.718563475371766, 24.962167523617797 ], [ 85.746308638113661, 24.948413707553247 ], [ 85.740524466493696, 24.964346360393112 ] ] ], [ [ [ 88.395011912210762, 22.798441181971565 ], [ 88.378959201177906, 22.777194118533263 ], [ 88.377499851678238, 22.770808156307368 ], [ 88.356822261340199, 22.738180106431496 ], [ 88.332617759022938, 22.744852007509767 ], [ 88.325020333422927, 22.765196044424165 ], [ 88.32242921534683, 22.774796639049548 ], [ 88.324858710198868, 22.789129539682005 ], [ 88.339790133522925, 22.807087369592256 ], [ 88.395011912210762, 22.798441181971565 ] ] ] ] } },
{ "type": "Feature", "properties": { "state_name": "Bhutan", "id": 4 }, "geometry": { "type": "Polygon", "coordinates": [ [ [ 89.964687233554457, 28.310663178247957 ], [ 89.986628204078656, 28.307076567599886 ], [ 89.98948890704952, 28.306608667727428 ], [ 90.026489239904762, 28.300551213869308 ], [ 90.051035491351897, 28.296526887306456 ], [ 90.051776146190178, 28.296405386311406 ], [ 90.07175999013522, 28.293125546407637 ], [ 90.073260463256403, 28.293222169317499 ], [ 90.082646719503941, 28.293826185747513 ], [ 90.083515230758806, 28.293882039610793 ], [ 90.1186150665621, 28.296134225668897 ], [ 90.124241749544922, 28.296494340372494 ], [ 90.135849477237571, 28.297236444208647 ], [ 90.157554122191996, 28.304661262961954 ], [ 90.162833766712808, 28.306466532292287 ], [ 90.178233105400267, 28.31173020941144 ], [ 90.189630724059086, 28.315624305250466 ], [ 90.201576555281278, 28.31524740237786 ], [ 90.218338235447121, 28.314716714248469 ], [ 90.219431437504781, 28.314682027943491 ], [ 90.235879977512454, 28.314159027097233 ], [ 90.258032388157801, 28.311649570399648 ], [ 90.276517595481792, 28.309552693982877 ], [ 90.28771672342971, 28.308281057296252 ], [ 90.312798286443225, 28.298868774053258 ], [ 90.316683079625932, 28.297410440877837 ], [ 90.318062431274953, 28.296892606565773 ], [ 90.345653359996064, 28.286530917892762 ], [ 90.378546279517735, 28.274169273650724 ], [ 90.381060477267496, 28.273224006960461 ], [ 90.390439939933927, 28.271865631049177 ], [ 90.39994417351582, 28.270488502596788 ], [ 90.480551108864262, 28.258781225612811 ], [ 90.504620270375625, 28.255275859034644 ], [ 90.5447271765414, 28.243134594131732 ], [ 90.549531685139101, 28.221940624202951 ], [ 90.547446094949208, 28.219666325608994 ], [ 90.526153907650126, 28.196437380772405 ], [ 90.520881438994536, 28.19068245355988 ], [ 90.490768727646497, 28.174763192181768 ], [ 90.482683752363698, 28.170486582671554 ], [ 90.478247680025575, 28.165724870479387 ], [ 90.462185720167227, 28.151876517600321 ], [ 90.444344615778959, 28.13648565729747 ], [ 90.435159615574975, 28.125895279351621 ], [ 90.421596358192488, 28.110249818860115 ], [ 90.410309326622937, 28.097223736019156 ], [ 90.405635777105218, 28.069620937176296 ], [ 90.414576802877605, 28.054387821028516 ], [ 90.426860984136866, 28.033454449960857 ], [ 90.495883896320677, 28.031210100653237 ], [ 90.53349137404777, 28.032728454308359 ], [ 90.541602121562022, 28.033054451115131 ], [ 90.580572421803879, 28.03461354595235 ], [ 90.669474328171759, 28.060267541065201 ], [ 90.677923220555627, 28.062701269676097 ], [ 90.73602498182359, 28.054610736100624 ], [ 90.760024082510895, 28.051261465067014 ], [ 90.774802833239121, 28.04662158238737 ], [ 90.883489943682633, 28.012442978793295 ], [ 91.045490946714679, 27.967089585201546 ], [ 91.067306692783944, 27.968993168310337 ], [ 91.1332835878504, 27.974726316724684 ], [ 91.154166996112977, 27.97653354776546 ], [ 91.16978519972335, 27.983219461181509 ], [ 91.186496591209504, 27.990369754268183 ], [ 91.207879575290818, 27.998647021399869 ], [ 91.220074852560131, 28.016322681774696 ], [ 91.23389653136357, 28.034265901380778 ], [ 91.251979890847167, 28.055892482564659 ], [ 91.259630750645385, 28.074634198003679 ], [ 91.266847555818032, 28.087233303350448 ], [ 91.291599147182438, 28.086979946418928 ], [ 91.363288136567874, 28.053945124008255 ], [ 91.449523221545775, 28.014262726847736 ], [ 91.473075714556472, 28.003412354482244 ], [ 91.497725109249913, 27.992050989115342 ], [ 91.518052030995477, 27.982677576419192 ], [ 91.603653629300894, 27.955640869142282 ], [ 91.615071201705888, 27.952030126563802 ], [ 91.623918701656137, 27.93980581466063 ], [ 91.628409038770528, 27.933600894430427 ], [ 91.62129098808353, 27.906532025901907 ], [ 91.619297167211471, 27.886217931492844 ], [ 91.618963684429744, 27.882821373607893 ], [ 91.618942282139713, 27.88260336086077 ], [ 91.621995936584341, 27.878894299409492 ], [ 91.563630022014294, 27.857211643558703 ], [ 91.564843705307936, 27.831396432509155 ], [ 91.590369235563386, 27.793247415593562 ], [ 91.581900901587488, 27.755800657184917 ], [ 91.533126411461623, 27.703482877888852 ], [ 91.504093964731368, 27.642884959420815 ], [ 91.531018380521544, 27.588262714664737 ], [ 91.612863001184508, 27.542062220574948 ], [ 91.684811243555018, 27.516870841043087 ], [ 91.765826457651343, 27.499847385964763 ], [ 91.856193379506806, 27.517732728082848 ], [ 92.008664087492434, 27.490456347347976 ], [ 92.080933795662702, 27.452223566179839 ], [ 92.079529401047665, 27.410485225466363 ], [ 92.100436608726426, 27.353126559607823 ], [ 92.131698374360411, 27.320075127412998 ], [ 92.068885551722119, 27.252329459514755 ], [ 92.041350436876854, 27.184773554961208 ], [ 92.047019617106855, 27.121203982157379 ], [ 92.099163073948304, 27.047170122308763 ], [ 92.13553323514563, 26.997228841494085 ], [ 92.124380663772953, 26.959066456479832 ], [ 92.099123388017247, 26.905211435180263 ], [ 91.974255212858438, 26.895136393966336 ], [ 91.86778828999789, 26.903623361547641 ], [ 91.696384239580993, 26.826755136876486 ], [ 91.582870358489032, 26.840498643918131 ], [ 91.386100935609377, 26.845443271496158 ], [ 91.310336932757025, 26.825295588074237 ], [ 91.215308472264695, 26.815528037199147 ], [ 90.913628949095028, 26.82503445127082 ], [ 90.801648851357697, 26.806387126800836 ], [ 90.585232328387065, 26.813480889441028 ], [ 90.422633256608066, 26.908910815086831 ], [ 90.38570949778574, 26.915378673984844 ], [ 90.276236147848024, 26.887795142550345 ], [ 90.159775979844241, 26.837469257212213 ], [ 90.103028337110175, 26.765289880819957 ], [ 89.988963660139802, 26.750771002353464 ], [ 89.825906384328917, 26.760125121554072 ], [ 89.609192919521405, 26.749170908361645 ], [ 89.555790711891802, 26.770019604412429 ], [ 89.590315365134146, 26.81442878285176 ], [ 89.593797529866364, 26.841010956024288 ], [ 89.494481460646426, 26.860827883141251 ], [ 89.383300033102969, 26.900571152677191 ], [ 89.314056707628311, 26.880788776093876 ], [ 89.230733517270778, 26.85302780735045 ], [ 89.180097830970894, 26.855876861907024 ], [ 89.090292962044344, 26.921361460075428 ], [ 89.044252309314004, 27.002321134670186 ], [ 88.975004820846635, 27.024608772369028 ], [ 88.919064843970716, 27.091846897571099 ], [ 88.943553307122741, 27.114656698876516 ], [ 88.921332055670504, 27.156820937867419 ], [ 88.878584205554816, 27.171708597333861 ], [ 88.829627488741394, 27.189558620746958 ], [ 88.807421945580188, 27.230169669072765 ], [ 88.819434201447422, 27.23378958628388 ], [ 88.86468185978282, 27.293420208830298 ], [ 88.865138636021683, 27.297363385065864 ], [ 88.865485966902526, 27.300361183455419 ], [ 88.886794820790598, 27.303655410531967 ], [ 88.907916718511117, 27.306916936191687 ], [ 88.917214146298278, 27.315871743632286 ], [ 88.927251411974154, 27.325536046654811 ], [ 88.92743211975079, 27.325710010439774 ], [ 88.927602050016517, 27.327931809174942 ], [ 88.927829851997728, 27.330909691160937 ], [ 88.939514757367505, 27.338299395174616 ], [ 88.946119873542173, 27.346586716962438 ], [ 88.949940458079553, 27.351379353653247 ], [ 88.953149187999514, 27.369443109718247 ], [ 88.953472098204543, 27.373519251148533 ], [ 88.953926910816307, 27.379258369794329 ], [ 88.955371345221351, 27.397469336013128 ], [ 88.955430423447936, 27.398213663333998 ], [ 88.944715132249868, 27.417543778896185 ], [ 88.940955526391335, 27.424325008597283 ], [ 88.933774889825557, 27.437275325402901 ], [ 88.93278300385164, 27.439064047177954 ], [ 88.935600489818313, 27.473949448344431 ], [ 88.938069619675161, 27.47997110564928 ], [ 88.938661833091786, 27.481415211448432 ], [ 88.945020811629774, 27.49691734852555 ], [ 88.951605551927628, 27.513034262947873 ], [ 88.957507017445721, 27.522175407015421 ], [ 88.968897542503612, 27.539811665572856 ], [ 88.970490724859204, 27.542277673964307 ], [ 88.982116561583538, 27.552313727206379 ], [ 88.993942480385172, 27.560991148461621 ], [ 89.005672648098923, 27.569595300160451 ], [ 89.026608866056819, 27.584944695292609 ], [ 89.069964240390689, 27.613701290116449 ], [ 89.076198248644133, 27.617833175294052 ], [ 89.112997384343117, 27.642208259747353 ], [ 89.119608166773745, 27.650016505852555 ], [ 89.13812481302493, 27.66149818669296 ], [ 89.147257025654255, 27.669637004002983 ], [ 89.160080955960026, 27.681061928567097 ], [ 89.161559160611461, 27.682378568453444 ], [ 89.175061805938171, 27.705713524510077 ], [ 89.18965882275765, 27.722323054502272 ], [ 89.193754881896439, 27.72698222586105 ], [ 89.212619460850647, 27.748431092518949 ], [ 89.222740845979288, 27.764334792207283 ], [ 89.226842979544131, 27.77583212567918 ], [ 89.230523261607146, 27.786143367310107 ], [ 89.232996837233728, 27.788856010929031 ], [ 89.241000734273754, 27.797631804567338 ], [ 89.246404185980538, 27.803554923034476 ], [ 89.266872973074484, 27.819767912726213 ], [ 89.280451797800197, 27.828778032067145 ], [ 89.284324367015699, 27.83134698499558 ], [ 89.285144347125168, 27.831888780296964 ], [ 89.326044900386094, 27.858896928928029 ], [ 89.333185407907479, 27.863608740234163 ], [ 89.339916493066085, 27.867251812813024 ], [ 89.345183659125226, 27.870102069436964 ], [ 89.35270570462346, 27.884145683294506 ], [ 89.357405246967645, 27.900613126928867 ], [ 89.35955284877393, 27.926858844258579 ], [ 89.359585019647795, 27.927251621265192 ], [ 89.359852024132849, 27.928462637087357 ], [ 89.359898133009054, 27.928671760883514 ], [ 89.364003650084541, 27.947285050993397 ], [ 89.365887691038751, 27.949868174109689 ], [ 89.379021882451184, 27.967870004205043 ], [ 89.381704297368444, 27.971545282869574 ], [ 89.392946264417716, 27.978562131159212 ], [ 89.414519183825391, 27.992020727813522 ], [ 89.416487633573936, 27.993248351467724 ], [ 89.434990346377546, 28.017409810874263 ], [ 89.442274601475091, 28.040662766295746 ], [ 89.452488657828482, 28.062182636721239 ], [ 89.472279587273121, 28.084073467865274 ], [ 89.475187368038775, 28.086249173148889 ], [ 89.479474293009602, 28.088952905735269 ], [ 89.506281481331825, 28.105852259308467 ], [ 89.517866701289748, 28.110631057517562 ], [ 89.533331500340807, 28.117007494395985 ], [ 89.547602434558314, 28.128518498687626 ], [ 89.549318671480194, 28.129902476535843 ], [ 89.589022285213133, 28.144697131928172 ], [ 89.616033371976087, 28.154751500893045 ], [ 89.626286310649959, 28.155553938331806 ], [ 89.631531179792674, 28.155964095125817 ], [ 89.650060167803886, 28.157411310634107 ], [ 89.658836372105938, 28.158095812074951 ], [ 89.684093872766411, 28.160062301467693 ], [ 89.689249405972134, 28.16046306552688 ], [ 89.697358916753743, 28.161093021568249 ], [ 89.703502469728292, 28.16220269457984 ], [ 89.733649710252081, 28.16764309589459 ], [ 89.735759795586361, 28.168023578320302 ], [ 89.760361880252745, 28.172456779354345 ], [ 89.760844616155637, 28.172543712115996 ], [ 89.762639163975791, 28.172866862176829 ], [ 89.762775202195257, 28.172949883680275 ], [ 89.76509811483163, 28.174367460949014 ], [ 89.774301174196893, 28.179982749311442 ], [ 89.777929054141083, 28.182195896648373 ], [ 89.781163387788723, 28.184168765218349 ], [ 89.787108397191048, 28.187794590749348 ], [ 89.793190362730016, 28.19150328495401 ], [ 89.794661377818869, 28.192400188322786 ], [ 89.796557173624478, 28.193556030254367 ], [ 89.79860818992347, 28.194806435048012 ], [ 89.799487209912328, 28.195342307503957 ], [ 89.801833932490553, 28.19677285966948 ], [ 89.807805281753062, 28.200888058882018 ], [ 89.808205993534997, 28.201164185823739 ], [ 89.809801711905777, 28.20291179016137 ], [ 89.809825753021073, 28.202938118801463 ], [ 89.8106235884174, 28.203811855331821 ], [ 89.812933210750174, 28.206341055035683 ], [ 89.814173833028534, 28.207699534621941 ], [ 89.820697395608008, 28.214841796986473 ], [ 89.826550416522906, 28.221248451181129 ], [ 89.830656849518377, 28.225742478011203 ], [ 89.83209649364818, 28.22731784361012 ], [ 89.833279468104351, 28.22861227915217 ], [ 89.842402965837763, 28.238593492284945 ], [ 89.843114713143066, 28.239372009965418 ], [ 89.846919406313731, 28.242739223061925 ], [ 89.86325995411336, 28.257196071439704 ], [ 89.873896671578208, 28.266602436107799 ], [ 89.885455502087325, 28.274823102827806 ], [ 89.886620602616446, 28.275651564419768 ], [ 89.907482364304244, 28.287034250230644 ], [ 89.930330458210818, 28.299492656495424 ], [ 89.946090443440895, 28.304618373765212 ], [ 89.964687233554457, 28.310663178247957 ] ] ] } },
{ "type": "Feature", "properties": { "state_name": "Bombay Presidency", "id": 5 }, "geometry": { "type": "MultiPolygon", "coordinates": [ [ [ [ 71.745072842441743, 21.1950076203271 ], [ 71.057998875491222, 20.664015426972842 ], [ 71.043690087213108, 20.662749973727632 ], [ 71.027172399114534, 20.661287683600012 ], [ 71.025504006931101, 20.725244891647989 ], [ 71.016698185034087, 20.77085990954815 ], [ 71.001418802160941, 20.830640688024406 ], [ 70.992327820852637, 20.886268216749642 ], [ 70.979192559322939, 20.921753858054071 ], [ 70.950817360533861, 20.956875769609358 ], [ 70.918324844420027, 20.974711898602262 ], [ 70.854505502294543, 20.967442364684132 ], [ 70.819633391222084, 20.960863019018408 ], [ 70.778794759460212, 20.949834557637466 ], [ 70.761327727348061, 20.920770984341601 ], [ 70.713811109616856, 20.82367761159815 ], [ 70.657488927441875, 20.744137595706249 ], [ 70.640535254254445, 20.812942831862074 ], [ 70.62500856882393, 20.822406463569113 ], [ 70.603342361538395, 20.835607411030804 ], [ 70.548168919102238, 20.859512997377028 ], [ 70.530089307694283, 20.867340580604615 ], [ 70.491014875733995, 20.875615559177504 ], [ 70.46009072803605, 20.891253122924169 ], [ 70.37988982374587, 20.956431075598566 ], [ 70.301511682520328, 21.020025049210641 ], [ 70.20489941140292, 21.094592800101928 ], [ 70.171803236436602, 21.120103701407963 ], [ 70.17152055896068, 21.120343450871726 ], [ 70.126094410132509, 21.158852719623518 ], [ 70.060471448925952, 21.214418965393261 ], [ 70.05178502353435, 21.221768472475418 ], [ 69.948255265954032, 21.327392205258022 ], [ 69.799822851058309, 21.467283630404719 ], [ 69.749118637850643, 21.517886327136441 ], [ 69.713305676210538, 21.562319293629763 ], [ 69.675485772076186, 21.609197429110679 ], [ 69.627811885654879, 21.653936995427973 ], [ 69.592573659211936, 21.686975607991631 ], [ 69.591513120772333, 21.687969541365 ], [ 69.535192219608689, 21.721141571654638 ], [ 69.497398981311491, 21.75590657137116 ], [ 69.456300161501318, 21.793678908091458 ], [ 69.451926644323777, 21.797696389617311 ], [ 69.413922760863755, 21.840820189876538 ], [ 69.407889983777906, 21.847661938848486 ], [ 69.399953498233899, 21.85523773736772 ], [ 69.360337871203228, 21.893032376225211 ], [ 69.35710206955342, 21.896117923474662 ], [ 69.352209679798321, 21.900782700144592 ], [ 69.33112848462045, 21.917454108136472 ], [ 69.288021978991409, 21.951520013864609 ], [ 69.283832165760856, 21.954829423447091 ], [ 69.286761387762311, 22.035516748517992 ], [ 69.258222811482952, 22.133217399973482 ], [ 69.267223500332292, 22.137903705800831 ], [ 69.275333027867788, 22.150693652915734 ], [ 69.288604871972325, 22.17021495901577 ], [ 69.304981674644054, 22.184187834978093 ], [ 69.313886404971399, 22.201173111831942 ], [ 69.330991753638401, 22.213085739951719 ], [ 69.345760659021863, 22.219556131300656 ], [ 69.358734349873743, 22.222985424788465 ], [ 69.375648398984552, 22.223870664242003 ], [ 69.395851669940171, 22.222485722163935 ], [ 69.415321888937115, 22.223455109729294 ], [ 69.433137071491515, 22.225854273172168 ], [ 69.460606164620643, 22.22679488363703 ], [ 69.493616841815737, 22.23327952959978 ], [ 69.516223017155426, 22.244171211585446 ], [ 69.542917697995364, 22.256984962039304 ], [ 69.558945328283372, 22.272713101665577 ], [ 69.577354433780769, 22.276606789788634 ], [ 69.610615953310102, 22.277121701746402 ], [ 69.642759835266048, 22.273422799747426 ], [ 69.675704269165081, 22.273913600762267 ], [ 69.704965780356702, 22.278745415860708 ], [ 69.735088995729157, 22.286281207795327 ], [ 69.748126266490004, 22.297130876472373 ], [ 69.777449359864349, 22.317741342980575 ], [ 69.798345843031527, 22.32407511899482 ], [ 69.819696802850743, 22.326846052097309 ], [ 69.838136114189425, 22.321775373593201 ], [ 69.861869629334237, 22.32074371934478 ], [ 69.873238520738084, 22.316337642198576 ], [ 69.897237581405619, 22.316798674597848 ], [ 69.913409555365561, 22.321181400297537 ], [ 69.920219853238976, 22.327652387415323 ], [ 69.93567564963368, 22.343034928661464 ], [ 69.959048241835077, 22.361047476218971 ], [ 69.973242670350047, 22.376090230894032 ], [ 69.983737451313303, 22.396082654897302 ], [ 69.988642829620247, 22.420072732903432 ], [ 70.010796527321332, 22.427911531239452 ], [ 70.040434297039596, 22.432700378018403 ], [ 70.070715641048267, 22.437503716466793 ], [ 70.100537898313348, 22.437221553817157 ], [ 70.144316813246789, 22.441229343342037 ], [ 70.171539075073269, 22.442047705451529 ], [ 70.203102917003676, 22.447163355038715 ], [ 70.226270455094763, 22.454110703573704 ], [ 70.258288932457901, 22.464892633895708 ], [ 70.270057551056496, 22.477161232897146 ], [ 70.278873485950712, 22.491429023521519 ], [ 70.285208222249892, 22.503239313494095 ], [ 70.309219835606044, 22.523614400820097 ], [ 70.344519032672949, 22.590218847632677 ], [ 70.355834278780918, 22.616480308999797 ], [ 70.352084541811593, 22.642006475300299 ], [ 70.360606077002998, 22.66550431457005 ], [ 70.371917750870253, 22.682525045157 ], [ 70.385147765855251, 22.699898885173297 ], [ 70.39385681800718, 22.718035906277628 ], [ 70.39501238580921, 22.731483422478671 ], [ 70.402569496991177, 22.745711876633774 ], [ 70.421718110329849, 22.759379341865642 ], [ 70.442902508571933, 22.760284691774686 ], [ 70.444469533116944, 22.742144989934435 ], [ 70.453731042463986, 22.724522751871579 ], [ 70.462655409903832, 22.717025882407384 ], [ 70.477151403120786, 22.715946788765827 ], [ 70.511776212331185, 22.728253097628965 ], [ 70.532921055907948, 22.740175612575701 ], [ 70.549117132490323, 22.756131594722039 ], [ 70.560167898897717, 22.772241218789659 ], [ 70.567793363702421, 22.784975520924032 ], [ 70.578478855270376, 22.802564979873797 ], [ 70.585512814312793, 22.813791673718878 ], [ 70.593972047449626, 22.830722515430594 ], [ 70.605301798665664, 22.85846602207679 ], [ 70.621467446459846, 22.886044614134214 ], [ 70.626801143904743, 22.910342370670541 ], [ 70.636479706931866, 22.929691183416658 ], [ 70.649453635363955, 22.946744999913097 ], [ 70.658022052928558, 22.960695708076873 ], [ 70.670982269669707, 22.978344390925155 ], [ 70.695265254510673, 22.99451203976518 ], [ 70.716902741338899, 23.002852291277126 ], [ 70.736643259342912, 23.02038245237576 ], [ 70.753781559276334, 23.02859691777725 ], [ 70.760564604633217, 23.038321234770386 ], [ 70.770017392509203, 23.045135003797522 ], [ 70.774037780349289, 23.048670133720883 ], [ 70.781810464998443, 23.043938534576871 ], [ 70.813125270899974, 23.010776737354817 ], [ 70.826400993816648, 23.000515492383165 ], [ 70.830285192013932, 22.997512711797167 ], [ 70.835587880649015, 22.999128437521009 ], [ 70.86028553170955, 23.006651068976318 ], [ 70.923448759580893, 23.027379515416456 ], [ 70.97019110443577, 23.037526132718178 ], [ 71.008745274156666, 23.041487734698688 ], [ 71.044447745369794, 23.054913171031874 ], [ 71.055259344157633, 23.059956000978755 ], [ 71.121288904602153, 23.07292732539123 ], [ 71.173563830130945, 23.071220908567405 ], [ 71.213379989103004, 23.076954381919201 ], [ 71.241920215047941, 23.083967109388553 ], [ 71.280633599055619, 23.093470409373822 ], [ 71.305982511059767, 23.086309815257245 ], [ 71.314597894677789, 23.082258507418072 ], [ 71.652785223241096, 23.375046527947703 ], [ 71.651175967780333, 23.391820623578731 ], [ 71.652229224625458, 23.407410790266887 ], [ 71.653448331850512, 23.425455813042038 ], [ 71.639352180857912, 23.43688763484359 ], [ 71.576097051841629, 23.431931043285235 ], [ 71.54318944847752, 23.453881412644403 ], [ 71.494029633488736, 23.453976671775997 ], [ 71.437467734148598, 23.440759935181031 ], [ 71.384537307332707, 23.437154698604601 ], [ 71.294826919365548, 23.454140819612292 ], [ 71.243608551009373, 23.481551651046946 ], [ 71.229435089098757, 23.495504203830976 ], [ 71.201010038567446, 23.523472136035711 ], [ 71.205199414005193, 23.647664182134211 ], [ 71.228558349055689, 23.691189598030402 ], [ 71.292185678515125, 23.732105446168479 ], [ 71.326187114910653, 23.767522877572326 ], [ 71.348642384310295, 23.799081474950171 ], [ 71.384838226562138, 23.850054057202716 ], [ 71.409848289192155, 23.88405298944101 ], [ 71.471174580241367, 23.93220146920175 ], [ 71.477197414105547, 23.936927098179453 ], [ 71.504883819646594, 23.995865433138288 ], [ 71.514037304335275, 24.015340243388327 ], [ 71.519306848430787, 24.06080976015253 ], [ 71.518210481693487, 24.101360573953738 ], [ 71.482241611849858, 24.180491694446289 ], [ 71.477094692905226, 24.225720331517277 ], [ 71.480982721043119, 24.27354464155648 ], [ 71.48506876381542, 24.314213396569826 ], [ 71.472629364389448, 24.340178114297192 ], [ 71.40471385924053, 24.438817344327234 ], [ 71.381001825365331, 24.478517011699495 ], [ 71.39061293223223, 24.465364256521426 ], [ 71.496196417226528, 24.466061953178524 ], [ 71.576709329346272, 24.478053264844267 ], [ 71.578157001760275, 24.470593834397476 ], [ 71.612779419020583, 24.493372982318128 ], [ 71.662756913500758, 24.50224458531936 ], [ 71.732982164470101, 24.510346695977535 ], [ 71.779676686749596, 24.49523797056332 ], [ 71.849575114261611, 24.464485916929583 ], [ 71.907684828339114, 24.434651514711931 ], [ 71.922793679397515, 24.434959879055292 ], [ 71.997608385479126, 24.436464554253249 ], [ 72.048063122176757, 24.453574415767523 ], [ 72.125994150620826, 24.467612345115565 ], [ 72.193726600202609, 24.471870905188176 ], [ 72.237851497143154, 24.482235757314943 ], [ 72.320656164599356, 24.514771089571489 ], [ 72.384849385096487, 24.502763908588623 ], [ 72.397007194973938, 24.482676035967199 ], [ 72.395400227419117, 24.465779966078095 ], [ 72.393253849611924, 24.443208997132054 ], [ 72.386943966235194, 24.401309710106812 ], [ 72.398695086522537, 24.368676559254858 ], [ 72.434564334773086, 24.335257867519598 ], [ 72.530239668240014, 24.341025599342284 ], [ 72.579201874973876, 24.336441580592094 ], [ 72.625560961589244, 24.296572839340339 ], [ 72.622649365640626, 24.278017664750415 ], [ 72.659826510935602, 24.239783555626701 ], [ 72.70534568156674, 24.207038766700066 ], [ 72.761862449733911, 24.176829232102985 ], [ 72.809398122106771, 24.137511157055656 ], [ 72.8471604408453, 24.136257087470216 ], [ 72.848153933657059, 24.126601385121454 ], [ 72.877467037795952, 24.142236472412183 ], [ 72.923115686327179, 24.152419434481946 ], [ 72.955974107860698, 24.18152800349268 ], [ 72.965477249574874, 24.238984568919069 ], [ 72.975350645002464, 24.273513889174744 ], [ 73.052117779795921, 24.297449577430207 ], [ 73.089241530780285, 24.324675932019453 ], [ 73.101097056286747, 24.368778984120691 ], [ 73.146541690815056, 24.399918870866237 ], [ 73.186321528121212, 24.390845120804066 ], [ 73.239248825847639, 24.336046453369775 ], [ 73.253122405442156, 24.236825774319072 ], [ 73.276919612668806, 24.172115999167566 ], [ 73.244194414830176, 24.127785065233141 ], [ 73.188542390116154, 24.087000338412487 ], [ 73.1869446614823, 24.052580199334081 ], [ 73.183696191808835, 23.987561336839622 ], [ 73.236264714110703, 23.946127806270468 ], [ 73.292706019577679, 23.923830383679835 ], [ 73.289202239914417, 23.874097953621835 ], [ 73.329348569101654, 23.822933224787413 ], [ 73.38078437594173, 23.863620647181563 ], [ 73.444564992158874, 23.917797131361525 ], [ 73.492581576861497, 23.901072854611577 ], [ 73.497158618278178, 23.864800631666899 ], [ 73.481578906197043, 23.774810667725927 ], [ 73.523911120175228, 23.704496763344512 ], [ 73.526372914565059, 23.670113504864101 ], [ 73.485311292232225, 23.631488088673272 ], [ 73.450652318157069, 23.57953638771319 ], [ 73.449005129896591, 23.543202082499445 ], [ 73.493127140501173, 23.492025182467668 ], [ 73.565927270818833, 23.467862046742479 ], [ 73.609118500016407, 23.498838548492568 ], [ 73.671102642123302, 23.518495722420834 ], [ 73.69196352555376, 23.505291077482287 ], [ 73.736036624588422, 23.448305556963504 ], [ 73.771981243370092, 23.370213643405098 ], [ 73.803554944392715, 23.313106929769916 ], [ 73.860552820442308, 23.285401530134454 ], [ 73.888766245078244, 23.271675441465696 ], [ 74.015144440778712, 23.251489275300926 ], [ 74.06191450046299, 23.214528440093698 ], [ 74.052239239816117, 23.200923605694427 ], [ 74.023437193112144, 23.179717167286064 ], [ 73.995692315674148, 23.156600556342912 ], [ 73.969012479394166, 23.130618478292263 ], [ 73.951665484031963, 23.106439975595524 ], [ 73.937319114513471, 23.086436030388928 ], [ 73.871856924576136, 23.0066416917421 ], [ 73.783342174114154, 22.930007827363053 ], [ 73.870091357668585, 22.926085246466659 ], [ 73.871795093222275, 22.926211317254623 ], [ 73.787200510277415, 22.930037957103472 ], [ 73.87572901964252, 23.006669232294119 ], [ 73.941193576303618, 23.086462055059851 ], [ 73.972888248342443, 23.130643770978747 ], [ 73.999568863832309, 23.156625219401334 ], [ 74.027314439398594, 23.179741170294147 ], [ 74.056117130270451, 23.200946919493781 ], [ 74.065792794312117, 23.214551528163888 ], [ 74.081433534433046, 23.20218265127442 ], [ 74.160302211122584, 23.15864975871364 ], [ 74.249551359020899, 23.097918138621878 ], [ 74.259815078982314, 23.02715716581849 ], [ 74.256581676099358, 23.022726842251011 ], [ 74.262855327329433, 22.979439077151326 ], [ 74.325078885084196, 22.924268193723808 ], [ 74.319115621770038, 22.878354436493481 ], [ 74.321530028912065, 22.807619756949912 ], [ 74.356787584038997, 22.765700809679096 ], [ 74.398131571452282, 22.741005136143276 ], [ 74.398323867564301, 22.697028101486982 ], [ 74.394579830570763, 22.610969890892378 ], [ 74.3577227637482, 22.564936308304549 ], [ 74.327017831016391, 22.528480834764853 ], [ 74.304810161003829, 22.501700980391199 ], [ 74.298376908727263, 22.493940767965068 ], [ 74.263579935140328, 22.473137527303944 ], [ 74.135854063982407, 22.823454555110938 ], [ 74.190468494999152, 22.772741004019121 ], [ 74.135852526526435, 22.823458771930945 ], [ 74.013252227152904, 22.94770379309762 ], [ 74.076620062992717, 22.946061969579173 ], [ 74.125500722665251, 22.929131419041884 ], [ 74.128066641431673, 22.92960473275458 ], [ 74.080490680802043, 22.946084447338407 ], [ 74.013127044888662, 22.947830654721532 ], [ 74.01296358572678, 22.947711271627941 ], [ 74.012972278468055, 22.947711046404105 ], [ 73.99014580795604, 22.930070037973081 ], [ 74.10142782298017, 22.445158744301086 ], [ 74.05590379251727, 22.444902067708867 ], [ 74.027481258720556, 22.39119661207134 ], [ 74.029749358625878, 22.360617651984356 ], [ 74.075744994785609, 22.331504682849676 ], [ 74.08960969347865, 22.322723963919739 ], [ 74.12833560997997, 22.32790808343648 ], [ 74.168329700666789, 22.153633864462527 ], [ 74.156425269761584, 22.147170662071819 ], [ 74.109397847978698, 22.118238857000375 ], [ 74.109697712960454, 22.070437192714646 ], [ 74.149051643774726, 22.007545396955422 ], [ 74.12881513832717, 21.963459348053807 ], [ 74.059422415501658, 21.917185004180151 ], [ 74.04487383740134, 21.896545563842636 ], [ 74.050435644611795, 21.891418908029397 ], [ 74.054807867611061, 21.810774569167716 ], [ 74.086212636254501, 21.772894973378207 ], [ 74.087941579709025, 21.77080878874041 ], [ 74.105097738685814, 21.750103353440366 ], [ 74.174393161184611, 21.712816373755462 ], [ 74.258639213688085, 21.745484155024108 ], [ 74.261744594671413, 21.746578536697328 ], [ 74.676332385586065, 19.940012561149032 ], [ 74.658875424216276, 19.912879637687645 ], [ 74.68172707869499, 19.862711763071093 ], [ 74.69556836744411, 19.856191785205912 ], [ 74.703667526827019, 19.820899704511959 ], [ 74.711898994160208, 19.848499197713274 ], [ 74.734838717789529, 19.837693376593041 ], [ 74.757630223042398, 19.804251884519338 ], [ 74.77542597963398, 19.724176272731789 ], [ 74.793172955680987, 19.668008391736521 ], [ 74.846193753388462, 19.652519792499415 ], [ 74.915614241308305, 19.625068618527017 ], [ 74.966094941037539, 19.567699534793679 ], [ 75.005194252575322, 19.565311567064221 ], [ 75.103586366886489, 19.587997101882635 ], [ 75.174196592771793, 19.560445443647712 ], [ 75.253615144539012, 19.536440702435073 ], [ 75.305327886741097, 19.542338377789992 ], [ 75.350620064564822, 19.493239519535276 ], [ 75.344165366124372, 19.421519721987636 ], [ 75.375552995301248, 19.37124480147752 ], [ 75.439760201533943, 19.356754540009085 ], [ 75.462115947282726, 19.335423616017664 ], [ 75.471164438317174, 19.326787586319487 ], [ 75.453302911718666, 19.243144609349308 ], [ 75.423035115912981, 19.220501483831494 ], [ 75.36638890241916, 19.215841260621442 ], [ 75.343643374493396, 19.171649205495086 ], [ 75.3536351124487, 19.136958559728946 ], [ 75.418924271169331, 19.087802915313279 ], [ 75.398726088938076, 19.055567043423057 ], [ 75.35216227087804, 19.035336754980673 ], [ 75.269186515461399, 19.034280711672189 ], [ 75.232781726023134, 19.07258931553304 ], [ 75.20267379567666, 19.131208958917714 ], [ 75.125949986372575, 19.143233425165548 ], [ 75.029080841895379, 19.13012272356066 ], [ 74.987576054507969, 19.045236892497808 ], [ 74.958664129589508, 19.02371173558651 ], [ 74.89330210484448, 19.011729469098601 ], [ 74.890093098914249, 19.00855041954652 ], [ 74.922935421768869, 18.865440023323227 ], [ 74.926050395389694, 18.862292935192674 ], [ 74.967508024319486, 18.795349239966683 ], [ 75.057872296894729, 18.722408851723483 ], [ 75.179525910126884, 18.657766782506464 ], [ 75.206569592480193, 18.586865758318915 ], [ 75.213283934910578, 18.569252970565511 ], [ 75.213642276489836, 18.566182439991891 ], [ 75.224442713372767, 18.473586691973029 ], [ 75.289532185662466, 18.432845626767588 ], [ 75.311990875439392, 18.382591736571008 ], [ 75.380771149420866, 18.33703096430456 ], [ 75.371917549152343, 18.295199654376876 ], [ 75.369269997619213, 18.227050651579045 ], [ 75.377948731463022, 18.189967278058575 ], [ 75.38594447483419, 18.18761829572647 ], [ 75.451700543619282, 18.168285592000807 ], [ 75.504217164967358, 18.162176603485648 ], [ 75.544023227774957, 18.091522996428289 ], [ 75.567651056852739, 18.051997397153777 ], [ 75.59250619689557, 18.008878203527466 ], [ 75.588385405259743, 17.89649557555569 ], [ 75.643373904670185, 17.907082872714899 ], [ 75.692090995278548, 17.909307097057972 ], [ 75.728182949448055, 17.878087891614587 ], [ 75.784368804349683, 17.876674214906938 ], [ 75.926590898658759, 17.852137449396565 ], [ 76.006107636406895, 17.857562300459303 ], [ 76.056396491546906, 17.916597585460671 ], [ 76.092316480132922, 17.908747542149548 ], [ 76.117812603740248, 17.832086339442128 ], [ 76.115245349054277, 17.740280483536615 ], [ 76.13299448144673, 17.705746050584409 ], [ 76.155085895869419, 17.704293546410931 ], [ 76.196833094241086, 17.701541862678734 ], [ 76.255026621921886, 17.747087578075991 ], [ 76.290737745219857, 17.71625041935825 ], [ 76.346632980379596, 17.717787973656186 ], [ 76.372432077739219, 17.698481496980712 ], [ 76.366652699825821, 17.678297206286132 ], [ 76.356037793786129, 17.641211051565239 ], [ 76.375465038224164, 17.572215452767193 ], [ 76.335245935072834, 17.526582795490448 ], [ 76.330979930605196, 17.488354421033289 ], [ 76.364408987036995, 17.426916734808319 ], [ 76.350306496718233, 17.405971376999613 ], [ 76.308303977321373, 17.383296644219936 ], [ 76.238565978916924, 17.381828427102484 ], [ 76.172933705656263, 17.399441403350096 ], [ 76.115142037694312, 17.397859746990576 ], [ 76.113279420544714, 17.380171478374269 ], [ 76.110914870350356, 17.357710198716223 ], [ 76.112480708116394, 17.286919926521151 ], [ 76.112102328635032, 17.22379210675459 ], [ 76.143739258811863, 17.189180506200032 ], [ 76.17957388300492, 17.190887097522904 ], [ 76.237554591507646, 17.230711861222751 ], [ 76.269612111292957, 17.261119189388967 ], [ 76.313207021826329, 17.232145326857552 ], [ 76.30297323212838, 17.192040446471101 ], [ 76.284641196133919, 17.130943844514491 ], [ 76.288422514528904, 17.102225536767623 ], [ 76.340029644070484, 17.086587340463645 ], [ 76.35779135497414, 17.067340025671999 ], [ 76.323713837816086, 17.029306378152803 ], [ 76.295574668787154, 16.985489423628437 ], [ 76.340983199731681, 16.9411979627322 ], [ 76.34072595028384, 16.904853574506731 ], [ 76.306512668472749, 16.841946456127136 ], [ 76.316101202133069, 16.792147577452578 ], [ 76.363542584336884, 16.761231398558987 ], [ 76.3631888309027, 16.711496534423002 ], [ 76.358907870381671, 16.667526171406589 ], [ 76.338492107181295, 16.585399850750456 ], [ 76.348038027290215, 16.53177394676511 ], [ 76.341653297499377, 16.468685274667095 ], [ 76.293958725922451, 16.451767842456107 ], [ 76.299702186424824, 16.421123301341797 ], [ 76.332837522687413, 16.338654367149367 ], [ 76.320591196932625, 16.28516542351899 ], [ 76.313041407428443, 16.252172227047435 ], [ 76.308352599241502, 16.231675019697679 ], [ 76.213245762626499, 16.222674523076453 ], [ 76.199165146609545, 16.186404411358765 ], [ 76.263949963882709, 16.099938122349759 ], [ 76.311040887860287, 16.038434594020277 ], [ 76.279096822652392, 15.992711991720313 ], [ 76.215795293292302, 15.99116615622013 ], [ 76.135168905763877, 16.073875969862158 ], [ 76.064087873320659, 16.102940136711169 ], [ 76.024369777380784, 16.07634832186676 ], [ 75.996390699317331, 16.020994673893227 ], [ 75.978511750194926, 16.005770391813581 ], [ 75.939056471057683, 16.028906516665465 ], [ 75.868066514352009, 16.082779594549116 ], [ 75.820422604293697, 16.046613439872306 ], [ 75.814261730862569, 15.991148639293483 ], [ 75.82984983686579, 15.933687249287459 ], [ 75.840352606279211, 15.920426450232274 ], [ 75.896711086431324, 15.849231077809048 ], [ 75.95001713677155, 15.83561043166231 ], [ 75.96763244763946, 15.799178787137183 ], [ 75.953504736462875, 15.736099974562231 ], [ 75.964988645703983, 15.657600971342713 ], [ 75.933132643066344, 15.600336830483677 ], [ 75.91304439536276, 15.521970749736695 ], [ 75.906674098400998, 15.41867104321061 ], [ 75.900345755374147, 15.323023622941317 ], [ 75.946606955578829, 15.240238734974724 ], [ 75.939324576696123, 15.23004901799019 ], [ 75.936016542221992, 15.225419894343634 ], [ 75.910582584526452, 15.153768589019048 ], [ 75.839401217068058, 15.088027780767449 ], [ 75.771558065658795, 15.11697244671954 ], [ 75.750784785246083, 15.091209171667147 ], [ 75.748604728768314, 15.053412534754875 ], [ 75.747640121974115, 15.036682602737752 ], [ 75.732710947735811, 14.989369830711068 ], [ 75.682320710330927, 14.929247281083581 ], [ 75.679031770491576, 14.821615162303527 ], [ 75.715562463983744, 14.713862352809009 ], [ 75.719643992105262, 14.60907714406261 ], [ 75.720959084227488, 14.560274595941641 ], [ 75.68987616172349, 14.515875132549164 ], [ 75.63821265150851, 14.481574588072005 ], [ 75.595501286680047, 14.484557221309906 ], [ 75.557114792320675, 14.450204021844934 ], [ 75.554023608634623, 14.391363586878281 ], [ 75.52308781202224, 14.385692753761454 ], [ 75.440727989403044, 14.436097184956463 ], [ 75.392334562639675, 14.555315114196622 ], [ 75.278934601310823, 14.610020447078838 ], [ 75.261295953803796, 14.651665463532694 ], [ 75.208899765791784, 14.753931639490137 ], [ 75.199485979838045, 14.772294071441792 ], [ 75.170006571097957, 14.801024035963978 ], [ 75.128695227901829, 14.795309520349441 ], [ 75.025424446833924, 14.766637525959172 ], [ 74.966423050681087, 14.760895176028662 ], [ 74.966428988410243, 14.722141267696015 ], [ 74.98560440521463, 14.667600488199675 ], [ 74.948745623176833, 14.663289265634551 ], [ 74.860297634915923, 14.641722881355363 ], [ 74.85888927166863, 14.538377189815824 ], [ 74.851559899323902, 14.480958482981304 ], [ 74.82800945985889, 14.45510599270577 ], [ 74.760251255957584, 14.456482125348105 ], [ 74.645430091088443, 14.411841602526613 ], [ 74.588088310168175, 14.361511627041205 ], [ 74.558768080529603, 14.296868406234911 ], [ 74.544167410297177, 14.23799161839108 ], [ 74.438155494887624, 14.232024424494387 ], [ 74.384006683300584, 14.212012549972513 ], [ 74.381447197699018, 14.241922497799978 ], [ 74.379132079889189, 14.268968215994862 ], [ 74.378366811971318, 14.277906454919851 ], [ 74.378134475228393, 14.280619944319247 ], [ 74.378336630165037, 14.281601882231096 ], [ 74.379058345871201, 14.285107446224751 ], [ 74.403559792099458, 14.329758246258116 ], [ 74.403480048681587, 14.359899555588431 ], [ 74.404861187651122, 14.394350384320052 ], [ 74.390706652068616, 14.455314475430878 ], [ 74.373674064040671, 14.482308804906024 ], [ 74.370550707317676, 14.487258018468316 ], [ 74.366548135814767, 14.493600020023077 ], [ 74.366293942655844, 14.494002769284663 ], [ 74.349733485355273, 14.511070441256411 ], [ 74.331567453792886, 14.529788354266653 ], [ 74.315320603532001, 14.542658853529449 ], [ 74.290933073710974, 14.566268033402848 ], [ 74.29082643920043, 14.599592730617992 ], [ 74.290783739489086, 14.612913278918191 ], [ 74.28801904231598, 14.688579424335984 ], [ 74.286663960415908, 14.725634743878256 ], [ 74.285931404298395, 14.74565817849683 ], [ 74.276264535148414, 14.770027006563128 ], [ 74.246003185183568, 14.777106280932358 ], [ 74.219430218423597, 14.783476400584979 ], [ 74.214200281352447, 14.786360692388337 ], [ 74.198737686020209, 14.794887089369249 ], [ 74.196489331745283, 14.795803361510668 ], [ 74.179531723375334, 14.802713123480462 ], [ 74.169178365009202, 14.809851985565199 ], [ 74.161772056784841, 14.817718685632281 ], [ 74.15435127965327, 14.829173018989893 ], [ 74.145451490723616, 14.841339161406927 ], [ 74.14244127295413, 14.856397305843316 ], [ 74.142390283642811, 14.869313685754427 ], [ 74.149709182507479, 14.884410253348404 ], [ 74.153566682779342, 14.900953365591025 ], [ 74.154063452669575, 14.903083624902857 ], [ 74.15549169810933, 14.915287866303336 ], [ 74.1495429576172, 14.926747199925172 ], [ 74.129527687569976, 14.948916906883168 ], [ 74.118784029950035, 14.955747313469733 ], [ 74.157157847726452, 15.031886056473228 ], [ 74.223417652110072, 15.08522359929116 ], [ 74.285350504375657, 15.117001548060232 ], [ 74.274681360171684, 15.213124446229548 ], [ 74.28633601057534, 15.263392728529206 ], [ 74.33490009872196, 15.333865701390669 ], [ 74.36137128415703, 15.382738948764098 ], [ 74.370134298959528, 15.420078382005114 ], [ 74.317752166881064, 15.616307226795413 ], [ 74.301207908867809, 15.678196659030624 ], [ 74.2519370466445, 15.784231095517951 ], [ 74.207884192722332, 15.824005267227397 ], [ 74.223881758404957, 15.854092924822028 ], [ 74.225570496442444, 15.897151145849431 ], [ 74.225460100135209, 15.897617895358628 ], [ 74.223870326696215, 15.857082622863169 ], [ 74.20787254869262, 15.826994962060558 ], [ 74.202843608779261, 15.831533773950426 ], [ 74.159801306134483, 15.844286857364116 ], [ 74.109454569957933, 15.83117050108452 ], [ 74.050348702827407, 15.790739129149921 ], [ 73.977528441488772, 15.830588815131442 ], [ 73.937229038374156, 15.883489238849203 ], [ 73.891078504195491, 15.917696383625021 ], [ 73.857013046009328, 15.910344024733067 ], [ 73.787270344172512, 15.918573068993323 ], [ 73.765412869950055, 15.855313640323768 ], [ 73.738819722946261, 15.840811540526415 ], [ 73.710990932748118, 15.826369185847371 ], [ 73.685798198613909, 15.817102401333063 ], [ 73.695561888731689, 15.842328521107744 ], [ 73.695819352903953, 15.842993641245124 ], [ 73.698811540507805, 15.857958198133327 ], [ 73.696353854793784, 15.863046134971126 ], [ 73.691979798774824, 15.872100599483316 ], [ 73.684411879141877, 15.88776415408975 ], [ 73.682640372608603, 15.89134863116282 ], [ 73.682269459661214, 15.892099119002511 ], [ 73.674395127782105, 15.908030064010225 ], [ 73.671573159344064, 15.909285090652881 ], [ 73.659490790436053, 15.914657923427168 ], [ 73.643601244977845, 15.925559080976651 ], [ 73.631475062418232, 15.932162573510507 ], [ 73.628798652906198, 15.933619895915063 ], [ 73.625215005424479, 15.935571126892308 ], [ 73.622763878613839, 15.936905662628908 ], [ 73.614812584938448, 15.943072273281846 ], [ 73.606864118218681, 15.948760297957026 ], [ 73.598855374708066, 15.963056444970926 ], [ 73.586805451982045, 15.986426092719887 ], [ 73.573291055665763, 16.012627949003853 ], [ 73.565230465934164, 16.024514954331416 ], [ 73.564956682892714, 16.024918671466057 ], [ 73.561590785301377, 16.029881808245939 ], [ 73.536801081014588, 16.06642514987244 ], [ 73.53370383764306, 16.084099300911518 ], [ 73.528584911569894, 16.107498429991772 ], [ 73.526188117505185, 16.113332859202401 ], [ 73.521531679703699, 16.124666671956017 ], [ 73.520029192392911, 16.170942854362092 ], [ 73.519606386417848, 16.183955911775708 ], [ 73.518978744706033, 16.209792847077061 ], [ 73.518625848004376, 16.22431148156468 ], [ 73.518176975517662, 16.242769962609604 ], [ 73.494712682873839, 16.274651746756682 ], [ 73.479655614162823, 16.295102991044782 ], [ 73.454500219384499, 16.337977148070298 ], [ 73.452553336567746, 16.341294369704304 ], [ 73.447025709770074, 16.34861305466206 ], [ 73.422016266165471, 16.381716708856171 ], [ 73.407893857866327, 16.412694305949405 ], [ 73.405781712592415, 16.423426477750947 ], [ 73.401690720074228, 16.444209235944523 ], [ 73.388134421230262, 16.465624865212465 ], [ 73.381829151819005, 16.489494446035483 ], [ 73.379435537296672, 16.498553956731573 ], [ 73.37858645683194, 16.500476279865659 ], [ 73.361749767398564, 16.538585003204052 ], [ 73.362051677554248, 16.561540962868992 ], [ 73.380883485250678, 16.621941576366495 ], [ 73.37870127971982, 16.645372417344312 ], [ 73.374925280330032, 16.685895667366786 ], [ 73.37433896793668, 16.692185517325733 ], [ 73.372941937601581, 16.704623709503181 ], [ 73.367897332030651, 16.749518054472379 ], [ 73.347268462456796, 16.83925286816557 ], [ 73.346346212249003, 16.843391211273577 ], [ 73.343651440729928, 16.855481959166955 ], [ 73.343455610436195, 16.877954960270021 ], [ 73.342639930407017, 16.88800626560074 ], [ 73.333683137872626, 16.99826503322727 ], [ 73.332313976135765, 17.015101364248753 ], [ 73.330372276282716, 17.057180720905105 ], [ 73.326154187191975, 17.148460175481578 ], [ 73.315413677750954, 17.168440392588625 ], [ 73.304400352290827, 17.188922543421263 ], [ 73.29570755369862, 17.206079054602466 ], [ 73.294268055353243, 17.208919735460324 ], [ 73.291138277350527, 17.224672385954566 ], [ 73.284489649744046, 17.2442201729808 ], [ 73.279075486314198, 17.261268433297577 ], [ 73.279661373033051, 17.261770384847605 ], [ 73.278709721826374, 17.277810536618794 ], [ 73.277432140564514, 17.279194575402745 ], [ 73.277639493089538, 17.285282685639711 ], [ 73.290926530644697, 17.301653516505539 ], [ 73.292195071750712, 17.303865569619038 ], [ 73.295335486953491, 17.309341514644004 ], [ 73.296775850953267, 17.315091607092306 ], [ 73.296696534526063, 17.323697697279755 ], [ 73.2901457747557, 17.332248608989076 ], [ 73.287019999566425, 17.33395624504935 ], [ 73.274633647726716, 17.340722181430557 ], [ 73.2570655760492, 17.355870536991489 ], [ 73.245944466486961, 17.373464501530428 ], [ 73.241362932028736, 17.383943288522619 ], [ 73.241276119267454, 17.393027164539902 ], [ 73.24110233614195, 17.411194892349677 ], [ 73.244839577174488, 17.437047289883182 ], [ 73.249104738598717, 17.45408593964779 ], [ 73.253956808994246, 17.473465990733008 ], [ 73.266736863938519, 17.505151166733128 ], [ 73.270021152606319, 17.513292116998912 ], [ 73.269889754698241, 17.527157010451901 ], [ 73.269753698813261, 17.541499982547649 ], [ 73.266622563283335, 17.556294867879032 ], [ 73.251879690480578, 17.586287618843805 ], [ 73.248603056529618, 17.615902753302436 ], [ 73.249026333865714, 17.639065181173745 ], [ 73.249372244208629, 17.658001091058196 ], [ 73.249409130564047, 17.660020711542522 ], [ 73.259742840385698, 17.67298949132147 ], [ 73.260124723388117, 17.683183253731073 ], [ 73.257221396917799, 17.683979824179652 ], [ 73.257418061990009, 17.68435351174908 ], [ 73.263969555966213, 17.689473230389176 ], [ 73.267319753207047, 17.692091082370155 ], [ 73.276732634217396, 17.698867665252152 ], [ 73.280192332971765, 17.702244900055266 ], [ 73.281135317514725, 17.707990750777107 ], [ 73.276595701965974, 17.713210439300529 ], [ 73.265579996799659, 17.717416649941185 ], [ 73.252083224898897, 17.724421517973138 ], [ 73.2455397311073, 17.727817059110532 ], [ 73.237500100826736, 17.731988478652671 ], [ 73.226374230469204, 17.747188097701088 ], [ 73.205004798067463, 17.788589637335782 ], [ 73.202299017259406, 17.809601762599577 ], [ 73.197489074227136, 17.836799925621616 ], [ 73.189967799215765, 17.87930785439702 ], [ 73.188534352368706, 17.887406254744974 ], [ 73.154311219405258, 17.959921609544232 ], [ 73.13797986884029, 17.994500314243474 ], [ 73.130913695540244, 18.014729143851362 ], [ 73.125780493180557, 18.029420776049044 ], [ 73.116336638853554, 18.05644203303752 ], [ 73.113508474926604, 18.074089491839491 ], [ 73.112588114089405, 18.079831429602034 ], [ 73.111630695887712, 18.084316008504004 ], [ 73.109430437998981, 18.094620989933663 ], [ 73.103252147565442, 18.111293034543213 ], [ 73.096093334995132, 18.126042764962634 ], [ 73.078902295872652, 18.143560623988058 ], [ 73.069297589212923, 18.153025830160647 ], [ 73.061670882083035, 18.164422681992129 ], [ 73.054021938139059, 18.17773116231227 ], [ 73.048215441914053, 18.232330658060349 ], [ 73.045863309369309, 18.254433584377448 ], [ 73.045640606113096, 18.256525884849353 ], [ 73.03064644015619, 18.299396959592528 ], [ 73.027284141908012, 18.303128169942507 ], [ 73.022362206364249, 18.308589714590124 ], [ 73.006314634041573, 18.326393114990999 ], [ 72.986151362308775, 18.338610328323256 ], [ 72.981040705043441, 18.347639003243099 ], [ 72.974399907923214, 18.359041401875448 ], [ 72.973036453331588, 18.365774519879615 ], [ 72.985366364087668, 18.368824653777942 ], [ 73.034198287119267, 18.357772867336319 ], [ 73.062681744081189, 18.355072674601431 ], [ 73.065676112348328, 18.357901283573842 ], [ 73.071039878419001, 18.35765456507426 ], [ 73.071013566605373, 18.36002296060747 ], [ 73.070981458360265, 18.362912620296704 ], [ 73.070866550446041, 18.370314096804133 ], [ 73.052924010263652, 18.394485835571516 ], [ 73.046979113184094, 18.404736550213755 ], [ 73.041642805384541, 18.409678883576728 ], [ 73.03913009308495, 18.413062402582881 ], [ 73.02868242325907, 18.421680487522586 ], [ 73.003473571072419, 18.445016628823005 ], [ 73.000040834523745, 18.448193555160987 ], [ 72.993973235296465, 18.453808523014693 ], [ 72.988256586233206, 18.459098172509073 ], [ 72.980169972059372, 18.470963524904292 ], [ 72.971435855532221, 18.483776506290113 ], [ 72.965306173980309, 18.493749333465146 ], [ 72.959557738695963, 18.51376455991376 ], [ 72.958892281071371, 18.519461052602072 ], [ 72.962999483635713, 18.554858379785308 ], [ 72.964804773754267, 18.570414456607555 ], [ 72.965381452968714, 18.57538333738983 ], [ 72.964914743389812, 18.583408428131619 ], [ 72.967381541052347, 18.614712302275034 ], [ 72.963114803524377, 18.636177166825711 ], [ 72.962943778551406, 18.650515953567684 ], [ 72.965202611325765, 18.660753225581445 ], [ 72.965798448326481, 18.6634534624745 ], [ 72.965692784171267, 18.67231167670634 ], [ 72.965661606308416, 18.67492447988203 ], [ 72.960671445937663, 18.685794941749794 ], [ 72.960592573707927, 18.690915618618252 ], [ 72.960533302242112, 18.694762844964725 ], [ 72.953681349387452, 18.705895288335174 ], [ 72.944864050413742, 18.720218072849512 ], [ 72.940935672502647, 18.728770059859588 ], [ 72.938359324139356, 18.734378129509356 ], [ 72.912706522384269, 18.780460202284978 ], [ 72.908084246331711, 18.789012520179163 ], [ 72.908076516351016, 18.78905241255654 ], [ 72.907061274319304, 18.794291592639819 ], [ 72.905403727495795, 18.802844486835259 ], [ 72.905232090533175, 18.816704562505386 ], [ 72.905346326762455, 18.819553829602643 ], [ 72.920814477221953, 18.855018845415589 ], [ 72.922166575377247, 18.855891269833929 ], [ 72.940742645693803, 18.867875428611494 ], [ 72.969928706352292, 18.867729514245461 ], [ 72.993180156625542, 18.856670477434427 ], [ 73.007338784510296, 18.849934012082191 ], [ 73.018470847863526, 18.842461237685967 ], [ 73.026310914737294, 18.852583635325505 ], [ 73.025957657692487, 18.857020996123723 ], [ 73.025891788412395, 18.857848356041821 ], [ 73.025394491448651, 18.864094289240583 ], [ 73.025650133025323, 18.864387160657188 ], [ 73.028924249338644, 18.884977007009432 ], [ 73.027926622586506, 18.908628708588886 ], [ 73.027533451695447, 18.917945968393933 ], [ 73.026872368530803, 18.918392872263929 ], [ 73.021963965687348, 18.921710883034031 ], [ 73.008324323260226, 18.928257277798814 ], [ 72.996230408511963, 18.931473170109747 ], [ 72.981145502789943, 18.932743651131119 ], [ 72.960489247472239, 18.937775768153642 ], [ 72.955695406226852, 18.941595079343916 ], [ 72.955590021964809, 18.948293937574263 ], [ 72.960771852734666, 18.964089032467857 ], [ 72.967998781831483, 18.970200817565818 ], [ 72.992133831355943, 18.986013451848002 ], [ 73.007716306638088, 19.012736213847845 ], [ 73.008023151619454, 19.013941977119757 ], [ 73.019186421565195, 19.029235661267226 ], [ 73.026566673251025, 19.042699182298762 ], [ 73.026182246732176, 19.044981737022486 ], [ 73.022672906532293, 19.065814820550059 ], [ 73.022313245311437, 19.067949547812173 ], [ 73.020618307261458, 19.078008679190617 ], [ 73.019692796781754, 19.096459894383955 ], [ 73.019300150791238, 19.104285305643355 ], [ 73.018083792951444, 19.121958696877304 ], [ 73.014872572553031, 19.138176460310778 ], [ 73.014723936144762, 19.150603137343804 ], [ 73.014060773236992, 19.163980252401597 ], [ 73.008927801550143, 19.172528810195637 ], [ 73.002509471076706, 19.17428267112993 ], [ 72.997913158512944, 19.182996537149318 ], [ 72.985942203204402, 19.180300934651239 ], [ 72.975342343722986, 19.155396820221718 ], [ 72.963724219882906, 19.130494265083481 ], [ 72.950084841391771, 19.104670420137243 ], [ 72.915368004363444, 19.071535072234042 ], [ 72.897281580231834, 19.058743417775514 ], [ 72.879711276320663, 19.049196448823199 ], [ 72.874298620654955, 19.040052515156276 ], [ 72.874272002177477, 19.040000317021921 ], [ 72.872570989567933, 19.038422479767242 ], [ 72.872318671479391, 19.036169798107192 ], [ 72.869885459533577, 19.031397977908775 ], [ 72.870534167713444, 19.019933890598857 ], [ 72.871102760419021, 19.018249208141125 ], [ 72.872146865842353, 19.002343781624379 ], [ 72.871542937203216, 18.977367528500462 ], [ 72.864961192615695, 18.974862018001598 ], [ 72.859531070162163, 18.972794677305721 ], [ 72.847674559283377, 18.972327150205519 ], [ 72.839923494663509, 18.9775166971361 ], [ 72.834311195718541, 18.984142772145862 ], [ 72.828121648275371, 18.996497530889865 ], [ 72.822892424297592, 19.012209097315587 ], [ 72.819067685547992, 19.019264656380262 ], [ 72.825955991776382, 19.054065020235331 ], [ 72.826842357282217, 19.056228895823622 ], [ 72.828712889942437, 19.060293970019583 ], [ 72.845421353418274, 19.096596620614765 ], [ 72.846138214973081, 19.098833329436104 ], [ 72.851285761486949, 19.107899351551847 ], [ 72.8509543132906, 19.11385887541719 ], [ 72.855571435981332, 19.128261424409978 ], [ 72.852581258581125, 19.165030386816223 ], [ 72.84802686685525, 19.210041733225019 ], [ 72.845028597833789, 19.239653088608669 ], [ 72.844292379613719, 19.246921572816728 ], [ 72.841635977475121, 19.273139261906582 ], [ 72.841609547377928, 19.273400052068684 ], [ 72.834461196157037, 19.283417668352591 ], [ 72.825712572637144, 19.295675650843858 ], [ 72.818036263438742, 19.305143182566326 ], [ 72.808488861407866, 19.308958956108359 ], [ 72.796347331504549, 19.31998892309857 ], [ 72.790007492277255, 19.330532291882541 ], [ 72.789980654598537, 19.332526534714955 ], [ 72.794822128131358, 19.346923661234737 ], [ 72.805763856309383, 19.357092800948408 ], [ 72.824272466568729, 19.366396116343559 ], [ 72.830684353186825, 19.370269934715285 ], [ 72.836584363209425, 19.373834151873471 ], [ 72.84885646052453, 19.378983486071 ], [ 72.894832272644564, 19.406527277249069 ], [ 72.905670176188224, 19.423132577030373 ], [ 72.905504616388839, 19.43330963735557 ], [ 72.901357875778203, 19.442343168479493 ], [ 72.890445764964397, 19.444013277311228 ], [ 72.874022587138214, 19.44831065324934 ], [ 72.85788398572123, 19.445658607056149 ], [ 72.824973928971531, 19.445266869860344 ], [ 72.821152464871361, 19.445220994985664 ], [ 72.813842124191893, 19.446817705546447 ], [ 72.805416391463453, 19.448657623795757 ], [ 72.787476875449485, 19.455756308814244 ], [ 72.784762572201757, 19.457684541992013 ], [ 72.775825180917366, 19.461685163517579 ], [ 72.766654536979388, 19.475699363704862 ], [ 72.761699619093164, 19.485993512750174 ], [ 72.761624283118962, 19.491472382389038 ], [ 72.772310432222312, 19.515661284261764 ], [ 72.772887489698036, 19.516579506757864 ], [ 72.774845428943493, 19.519694926373571 ], [ 72.793652610095464, 19.545256298088297 ], [ 72.817466679990275, 19.582290314642073 ], [ 72.827728807291734, 19.598243635421589 ], [ 72.826036258684695, 19.611605680311012 ], [ 72.825534956004503, 19.612184217547835 ], [ 72.826251825761958, 19.615438415194777 ], [ 72.820054121912236, 19.624735445877999 ], [ 72.805759266136036, 19.634057714570215 ], [ 72.780494802691635, 19.632288571630678 ], [ 72.750478140395771, 19.610763299590655 ], [ 72.744475628728694, 19.606457612766736 ], [ 72.733009889488798, 19.6017379048726 ], [ 72.716760437342188, 19.599738938915021 ], [ 72.716178716090297, 19.599847321005662 ], [ 72.707143320147836, 19.601674257972327 ], [ 72.706520531813595, 19.610600892303662 ], [ 72.704247371895931, 19.699463530893475 ], [ 72.69606028052732, 19.755715418262927 ], [ 72.695290936467089, 19.760998572797906 ], [ 72.691934264139064, 19.770887876161474 ], [ 72.677414865973461, 19.813646911828307 ], [ 72.662803493039064, 19.845952940358217 ], [ 72.654527511469581, 19.859225161595788 ], [ 72.647666430403859, 19.879205977248624 ], [ 72.645359210143155, 19.885825766948127 ], [ 72.645878385915609, 19.904335218021057 ], [ 72.646556588902087, 19.928520828571358 ], [ 72.662294749300585, 19.957403334271213 ], [ 72.6665462729853, 19.965203861934452 ], [ 72.691898927820404, 19.998781080428326 ], [ 72.712713376514557, 20.097497735309098 ], [ 72.71544742182725, 20.103636477451857 ], [ 72.717451825052706, 20.108136666694502 ], [ 72.738196119276594, 20.154696318598958 ], [ 72.740477599603807, 20.162854520306833 ], [ 72.759633631612203, 20.202269202284306 ], [ 72.760493989176581, 20.205707973380925 ], [ 72.765227756450457, 20.210956347400764 ], [ 72.771192802562524, 20.218678619865354 ], [ 72.765112255452394, 20.254443885974069 ], [ 72.763880904606978, 20.25712049615306 ], [ 72.762484753030748, 20.260155199048256 ], [ 72.760665049866688, 20.274673839079501 ], [ 72.756060105085893, 20.281894565896351 ], [ 72.753000681884458, 20.28669137466391 ], [ 72.752868383412022, 20.295864313668435 ], [ 72.755707270181148, 20.309759720700356 ], [ 72.761133205266432, 20.321311387379357 ], [ 72.763943796413514, 20.327294402550923 ], [ 72.764010230676917, 20.327435818243053 ], [ 72.641441964777883, 20.431796275079876 ], [ 72.816916211373453, 20.406062176393803 ], [ 72.821666397877166, 20.413398863644655 ], [ 72.826022528487812, 20.420126016420728 ], [ 72.697001216763056, 21.120492423485729 ], [ 72.696078753738107, 21.122702724606551 ], [ 72.692460881198471, 21.125510412886211 ], [ 72.689535615683027, 21.130707913500839 ], [ 72.685749925733006, 21.130718005642134 ], [ 72.685640216909619, 21.130803132349183 ], [ 72.67092081512412, 21.132618379978251 ], [ 72.669949075378852, 21.132738171055056 ], [ 72.655807803931665, 21.133259693576022 ], [ 72.652032767643036, 21.133443315104653 ], [ 72.631036481922195, 21.153131109900091 ], [ 72.623196565885564, 21.175466670869593 ], [ 72.623467198692964, 21.176732230080376 ], [ 72.625191715648612, 21.184796193328609 ], [ 72.629822940284939, 21.193633732839626 ], [ 72.631289897690962, 21.196432835913736 ], [ 72.634213467326589, 21.20201098662038 ], [ 72.634462576257221, 21.202486265294439 ], [ 72.621578962103825, 21.219506762439735 ], [ 72.618764415074509, 21.222067604863728 ], [ 72.6187536893203, 21.222783183172858 ], [ 72.610229121433392, 21.230857091118384 ], [ 72.606798923439129, 21.235424021342528 ], [ 72.601668752511998, 21.245385202806297 ], [ 72.598714746183418, 21.262544358410672 ], [ 72.598579271640205, 21.264636285273536 ], [ 72.598532897818501, 21.2653523404454 ], [ 72.59769438521235, 21.278297553806439 ], [ 72.597687539784587, 21.27871897498293 ], [ 72.597496447757067, 21.29047887697017 ], [ 72.605680208255492, 21.304571500758875 ], [ 72.629473121876757, 21.323185030182501 ], [ 72.655542362667916, 21.33701664536445 ], [ 72.656973350376077, 21.337775696994349 ], [ 72.650722693182345, 21.371706140438512 ], [ 72.648190132543093, 21.373082909317564 ], [ 72.643657421833495, 21.379145205186944 ], [ 72.633580871692118, 21.392619703510391 ], [ 72.605307259110347, 21.39606852585549 ], [ 72.604755915600876, 21.408481626812918 ], [ 72.611815372850387, 21.421483211126464 ], [ 72.627079883555055, 21.424208736493892 ], [ 72.640969322075648, 21.424650366376486 ], [ 72.631056430785151, 21.478460515753728 ], [ 72.626298777278066, 21.478868313018637 ], [ 72.621946853998992, 21.48111452440985 ], [ 72.619945541787828, 21.486461344850785 ], [ 72.620600420496359, 21.493279410288949 ], [ 72.627407751511839, 21.498266642036409 ], [ 72.614680671588118, 21.567353052021328 ], [ 72.632704200418829, 21.501717458882105 ], [ 72.64910674012151, 21.507498751053035 ], [ 72.655999212942589, 21.476320059495638 ], [ 72.648838341492635, 21.476935184190292 ], [ 72.642280652733291, 21.478535844896722 ], [ 72.639082290178152, 21.478490614218071 ], [ 72.653755182134532, 21.425056906775385 ], [ 72.667236866233253, 21.425485571660349 ], [ 72.683564337684132, 21.351626855130917 ], [ 72.673766699226348, 21.352181733091303 ], [ 72.673766930881911, 21.35218088948012 ], [ 72.683564739791834, 21.351625036162265 ], [ 72.723391808352801, 21.171463877963806 ], [ 72.743912469072598, 21.096734575472397 ], [ 72.739985671171667, 21.096400117249036 ], [ 72.884147429515025, 20.444272047333317 ], [ 72.922087849554742, 20.447880131339907 ], [ 72.96563452934997, 20.289297858997415 ], [ 72.954624334704107, 20.296918121009419 ], [ 72.928244865147164, 20.244793517676872 ], [ 72.94382022875044, 20.174337025458971 ], [ 73.013868626641738, 20.113645598276591 ], [ 73.525158559546767, 18.25170067464067 ], [ 73.599795343005937, 18.358551286553155 ], [ 73.653722525410544, 19.128077748396656 ], [ 73.809956218959613, 19.27448469908316 ], [ 73.653722574933994, 19.128078455082957 ], [ 73.836449883599954, 19.43828092122483 ], [ 73.593182374578276, 20.390816663446017 ], [ 73.798861852609775, 20.491495908252833 ], [ 73.67236653480866, 20.909811307478975 ], [ 73.728119784571518, 20.905258134020357 ], [ 73.763612693268499, 20.919860429029349 ], [ 73.790326372157111, 20.938078150379852 ], [ 73.779792666443683, 20.998294736453829 ], [ 73.716487719975163, 21.034280286727991 ], [ 73.669306779859539, 21.043478296940915 ], [ 73.621953356433323, 21.07652584841944 ], [ 73.621929660542335, 21.076604209866137 ], [ 73.648297197095062, 21.114419985006229 ], [ 73.802058272109306, 21.158003715788794 ], [ 73.875452723583848, 21.224240428901503 ], [ 73.893000910879721, 21.268164291124148 ], [ 73.85090592158862, 21.310407104738726 ], [ 73.820115372943334, 21.33314007861787 ], [ 73.739481291380926, 21.335422883983728 ], [ 73.680283118278624, 21.3368805380466 ], [ 73.540393961851493, 21.346239789600915 ], [ 73.838844718037095, 21.726792973524052 ], [ 73.715424770224359, 21.954266770777227 ], [ 73.760021894733725, 21.979267440568211 ], [ 73.772816926568765, 21.987224157554525 ], [ 73.804378095598636, 22.006842890657442 ], [ 73.805422550571762, 22.065644859845474 ], [ 73.79574252309051, 22.118631730713794 ], [ 73.792683019829127, 22.124739093128394 ], [ 73.770684443968833, 22.168634214489842 ], [ 73.687383188971609, 22.186625874043791 ], [ 73.622721609886426, 22.186091973655536 ], [ 73.580880718622808, 22.212976714376836 ], [ 73.565243590336365, 22.231063867766125 ], [ 73.557053135192319, 22.246159595530283 ], [ 73.548546051943831, 22.361812962691669 ], [ 73.518758525086852, 22.40885952841279 ], [ 73.496914198454206, 22.421541330801553 ], [ 73.445811278288744, 22.451188102281446 ], [ 73.820762098792443, 22.301771244544209 ], [ 73.470025260263043, 22.52810465474963 ], [ 73.371270559364646, 22.451783941469188 ], [ 73.365595330516769, 22.451829306254982 ], [ 73.325401175241197, 22.449137222018187 ], [ 73.32267948291117, 22.44357443570193 ], [ 73.239292077643498, 22.437955837583175 ], [ 73.187608344371426, 22.38003759895108 ], [ 73.160741007959601, 22.289080137157388 ], [ 73.104712787779945, 22.24577978093086 ], [ 73.093665518327711, 22.259967614614137 ], [ 73.086842596136378, 22.308630379761407 ], [ 73.015962808729682, 22.309212188817597 ], [ 72.975623421509283, 22.328783177599323 ], [ 72.970461992862056, 22.365990533558747 ], [ 73.00802714369928, 22.433834211299569 ], [ 73.019668915212321, 22.482718107618837 ], [ 72.968647772895054, 22.490684169408421 ], [ 72.926598652500786, 22.517384702168648 ], [ 72.890639992845152, 22.548453509446873 ], [ 72.838270934740876, 22.542024269428456 ], [ 72.825372684290215, 22.478780091385012 ], [ 72.824434868008154, 22.440065025432357 ], [ 72.824822240065942, 22.415214913180119 ], [ 72.824842559182173, 22.413910463798953 ], [ 72.824842559182173, 22.413910463798938 ], [ 72.824905943659658, 22.409840677774671 ], [ 72.823666149780465, 22.410662168159174 ], [ 72.807110643878147, 22.364934395074958 ], [ 72.79722597048216, 22.307463230528143 ], [ 72.866289002161523, 22.233316246928002 ], [ 72.862806019818549, 22.22801786932645 ], [ 72.866289002161551, 22.233316246928002 ], [ 72.872392053906907, 22.226758399896422 ], [ 72.908244195887534, 22.19711970387819 ], [ 72.909274470305789, 22.157653303485393 ], [ 72.92169197735636, 22.152975615629547 ], [ 72.94914741096656, 22.125554005224725 ], [ 72.593030328424589, 21.850335615581532 ], [ 72.593393656612434, 21.852143369919876 ], [ 72.595675256261316, 21.863493883477801 ], [ 72.597562552096008, 21.867005677114747 ], [ 72.632293656749468, 21.890034289714947 ], [ 72.645846782343966, 21.895708144766491 ], [ 72.673527439064884, 21.917244484143318 ], [ 72.694910587315562, 21.948722336499497 ], [ 72.710793589952203, 21.964353747657711 ], [ 72.712221195421975, 21.967296891892232 ], [ 72.714800192586736, 21.969384760211721 ], [ 72.713608088416677, 21.980518926997799 ], [ 72.698476767533322, 21.989624457214759 ], [ 72.688512902832684, 21.987909361342382 ], [ 72.67047206203371, 21.985372487922721 ], [ 72.668386271421952, 21.984484030440203 ], [ 72.636399994574433, 21.979424615741333 ], [ 72.611823342094112, 21.978710318067723 ], [ 72.604133271150317, 21.977552272807124 ], [ 72.592646792633218, 21.980194312737268 ], [ 72.562168237893616, 21.963636603729675 ], [ 72.557606093165177, 21.957662624097146 ], [ 72.555141624488485, 21.954435241949323 ], [ 72.551391253293133, 21.94952313087845 ], [ 72.576194340704205, 21.837324239111236 ], [ 72.566348422672888, 21.829715006535828 ], [ 72.545660214915713, 21.942016808012017 ], [ 72.543108246204667, 21.9386743245337 ], [ 72.531399612392065, 21.940232193093784 ], [ 72.529480543524954, 21.941658847104485 ], [ 72.522419975262324, 21.950152161681348 ], [ 72.516829861611583, 21.95705088909104 ], [ 72.515338986669079, 21.95889061192678 ], [ 72.51184488239403, 21.969413892984495 ], [ 72.513926513087313, 21.986017339691152 ], [ 72.529761401865812, 22.028320337432909 ], [ 72.509931777915909, 22.135961488290786 ], [ 72.507779670348839, 22.134949075690777 ], [ 72.508674076520634, 22.136117580165951 ], [ 72.507779670348825, 22.134949075690777 ], [ 72.477335837979169, 22.120620703371294 ], [ 72.463958279958618, 22.116233000387012 ], [ 72.546787340001941, 21.81459759168466 ], [ 72.253345083325542, 21.587816262467676 ], [ 72.294407716848298, 21.52756226726353 ], [ 72.297940833267475, 21.522373793377064 ], [ 72.2853511025085, 21.430448060805865 ], [ 72.282279715627553, 21.426576878512201 ], [ 72.270058122226104, 21.411170396201278 ], [ 72.246454405431436, 21.381404991690989 ], [ 72.229592786551791, 21.36013309222843 ], [ 72.198123358709907, 21.372933253559683 ], [ 72.229592786551763, 21.36013309222843 ], [ 72.186922035877117, 21.306269541644706 ], [ 72.151876241008949, 21.26199684384164 ], [ 72.148873978172873, 21.257248821867297 ], [ 72.109505025134453, 21.194958052153464 ], [ 72.081721569536839, 21.15096527903501 ], [ 72.074341229848699, 21.128231915867946 ], [ 72.063962042945121, 21.096251545065297 ], [ 72.057701772811484, 21.076956872514636 ], [ 71.953415382672191, 21.017614862768593 ], [ 71.745072842441743, 21.1950076203271 ] ], [ [ 73.593182374578276, 20.390816663446017 ], [ 73.701791114119246, 20.378272922236473 ], [ 73.603733209096973, 20.389601176263486 ], [ 73.593182374578276, 20.390816663446017 ] ], [ [ 73.798861852609775, 20.491495908252833 ], [ 73.793396966939511, 20.464030320020562 ], [ 73.801208565760376, 20.503287447818003 ], [ 73.798861852609775, 20.491495908252833 ] ], [ [ 73.838844718037095, 21.726792973524052 ], [ 73.875540028568764, 21.646019921616347 ], [ 73.845657634781006, 21.711804432134294 ], [ 73.838844718037095, 21.726792973524052 ] ], [ [ 73.820762098792443, 22.301771244544209 ], [ 73.819501751985882, 22.30124667764882 ], [ 73.864041387294833, 22.31977625331173 ], [ 73.820762098792443, 22.301771244544209 ] ], [ [ 72.508674076520634, 22.136117580165951 ], [ 72.508708040490149, 22.142604302354677 ], [ 72.508955966414447, 22.190121964658093 ], [ 72.508674076520634, 22.136117580165951 ] ], [ [ 75.48355400888444, 16.422544967227775 ], [ 75.48408265435711, 16.420241394992924 ], [ 75.48547992471228, 16.42136892564805 ], [ 75.48355400888444, 16.422544967227775 ] ], [ [ 75.48547992471228, 16.42136892564805 ], [ 75.484082670810963, 16.420241323295301 ], [ 75.585107347775718, 15.980026372216681 ], [ 75.48547992471228, 16.42136892564805 ] ], [ [ 75.585107347775718, 15.980026372216681 ], [ 75.563352490521567, 15.993499605209331 ], [ 75.544377815653021, 16.005247783080577 ], [ 75.585107347775718, 15.980026372216681 ] ], [ [ 74.09452239948682, 16.178270232826886 ], [ 74.095180461041593, 16.175873795321461 ], [ 74.096674727897451, 16.179069674394025 ], [ 74.104985401700119, 16.196842261550621 ], [ 74.104335165580551, 16.198470196185632 ], [ 74.095166848679426, 16.178863304820041 ], [ 74.09452239948682, 16.178270232826886 ] ], [ [ 74.095180461041593, 16.175873795321461 ], [ 74.094030266871002, 16.177817334328903 ], [ 74.051429657561272, 16.13861295861912 ], [ 74.041722009125351, 16.099107563434153 ], [ 74.04683211565272, 16.065049449636497 ], [ 74.042005958253242, 16.097215454478871 ], [ 74.051443890411321, 16.135623474967733 ], [ 74.095180461041593, 16.175873795321461 ] ], [ [ 71.141907826315517, 21.453101066974281 ], [ 71.154623490857929, 21.392576827649403 ], [ 71.150159288201294, 21.329468125797163 ], [ 71.105547505615959, 21.282618047529137 ], [ 71.009194738775719, 21.25062743996228 ], [ 71.004619559688336, 21.241002589814464 ], [ 70.991484382987011, 21.209072241907926 ], [ 70.982769414642249, 21.209043801331891 ], [ 70.999313712436305, 21.161711103865997 ], [ 71.06347696467752, 21.121217096718617 ], [ 71.144099757335255, 21.111617949662005 ], [ 71.192620167790608, 21.084075616209788 ], [ 71.239115134900786, 21.055517314294384 ], [ 71.294374599239973, 21.049458455853479 ], [ 71.304386126036846, 21.048358734583221 ], [ 71.338598209158221, 21.063422511862989 ], [ 71.353699496155741, 21.111488891816251 ], [ 71.353243650235825, 21.171632539540816 ], [ 71.352117989112514, 21.217439231497359 ], [ 71.348217860788154, 21.251727848116193 ], [ 71.366457010411665, 21.296998874785277 ], [ 71.433554986470824, 21.345224327808502 ], [ 71.472357560268051, 21.427210395044284 ], [ 71.47263913885233, 21.428591871341279 ], [ 71.475957646352441, 21.444869322496981 ], [ 71.141907826315517, 21.453101066974281 ] ], [ [ 71.569727553083396, 21.44255861952524 ], [ 71.569727558401581, 21.442558611700228 ], [ 71.569727600613462, 21.442558618353992 ], [ 71.569727553083396, 21.44255861952524 ] ], [ [ 72.268659228644282, 22.827446059325126 ], [ 73.276965478073905, 22.948641512874723 ], [ 73.270289988762229, 22.939768283562152 ], [ 73.247861537627116, 22.918495987281378 ], [ 73.188080392352376, 22.914002191367782 ], [ 73.116773881538649, 22.922729478434217 ], [ 73.086952813285691, 22.915683174633894 ], [ 73.022028276811199, 22.891225317055444 ], [ 73.016157089711584, 22.889011870930766 ], [ 72.998990192994569, 22.863949829774789 ], [ 72.992207991582177, 22.834239301941377 ], [ 72.983296713244144, 22.80927987495026 ], [ 72.943604709357317, 22.775325463838207 ], [ 72.870941297104181, 22.742837335877763 ], [ 72.768544820566177, 22.704172532770439 ], [ 72.704487539593586, 22.654533431648733 ], [ 72.67745242170291, 22.609233841876261 ], [ 72.657698548784026, 22.56021490072337 ], [ 72.649267022106258, 22.5113599986624 ], [ 72.649193208975888, 22.496748962827052 ], [ 72.649311315536707, 22.496768294716645 ], [ 72.649357908262928, 22.505986481045984 ], [ 72.657789327363432, 22.554841383117374 ], [ 72.677542652384062, 22.603860281180477 ], [ 72.704576919105079, 22.649159798521719 ], [ 72.768631918847149, 22.69879869428782 ], [ 72.871024557918304, 22.737463155934009 ], [ 72.943685257584121, 22.769951055468255 ], [ 72.983375838471829, 22.80390535639421 ], [ 72.992286863290687, 22.828864770687289 ], [ 72.99906891228747, 22.858575296180483 ], [ 73.016235229224122, 22.883637297960171 ], [ 73.087028263172058, 22.910308392664081 ], [ 73.116848181163434, 22.917354608070511 ], [ 73.188151849308611, 22.908627098284672 ], [ 73.24793065282195, 22.91312072190733 ], [ 73.270358290087501, 22.934392968312672 ], [ 73.281486137907748, 22.949184882926449 ], [ 73.37511971353814, 22.960439364064907 ], [ 73.375311101220063, 22.965751715942844 ], [ 73.375237931488343, 22.965727880667117 ], [ 73.357589561884481, 22.974147961914479 ], [ 73.319308242079359, 22.98139268777765 ], [ 73.285513845604754, 22.960004219308363 ], [ 73.284097792923532, 22.958121966252062 ], [ 73.014251896509151, 22.951251749869744 ], [ 73.032860979555636, 22.97700535577745 ], [ 73.033394600836246, 23.011415326035003 ], [ 73.018301301848723, 23.055186427713579 ], [ 73.014602562443983, 23.067144038683857 ], [ 72.994437594809611, 23.132290793047339 ], [ 72.947032036526991, 23.191883035441119 ], [ 72.916960166693855, 23.331001301070245 ], [ 72.93601108214942, 23.370431968998716 ], [ 72.957480124108628, 23.387914214718261 ], [ 72.957540331939668, 23.39887638214315 ], [ 72.957752540982355, 23.437607584897457 ], [ 72.947650827510543, 23.488119937243646 ], [ 72.9196389910025, 23.556547709214829 ], [ 72.886257987171959, 23.634450363774512 ], [ 72.847050161063237, 23.748570596698503 ], [ 72.787477656021153, 23.772570966993182 ], [ 72.767412699408624, 23.810262688943038 ], [ 72.760004583889881, 23.795824859011862 ], [ 72.738118052361315, 23.822974291280357 ], [ 72.738413297366122, 23.825912110931451 ], [ 72.653032902954749, 23.838010944088499 ], [ 72.587004001894456, 23.81406194411494 ], [ 72.525503016167633, 23.826461652341049 ], [ 72.430374526685469, 23.858339594062038 ], [ 72.368244438722172, 23.900276128193191 ], [ 72.334479618325659, 23.925485538116305 ], [ 72.288753342897152, 23.925640329510546 ], [ 71.987341463017543, 23.85191016848762 ], [ 72.022584004516247, 23.723568757838866 ], [ 71.943921155439284, 23.698555881284051 ], [ 71.941849605448667, 23.6923953828124 ], [ 71.931315360276812, 23.661060335101396 ], [ 71.941766007161192, 23.625233641860309 ], [ 72.02887726863861, 23.700650819441044 ], [ 72.104853748045301, 23.423970190618082 ], [ 72.105549751429507, 23.422764976668262 ], [ 72.105410352096769, 23.421943227008164 ], [ 72.114222605786622, 23.389851980989746 ], [ 72.169831384326585, 23.338384463862102 ], [ 72.255895818346033, 23.328454312089018 ], [ 72.323052983978769, 23.332482885150352 ], [ 72.358629411873778, 23.312070610920895 ], [ 72.348239986007655, 23.262219560495726 ], [ 72.320368148257387, 23.208249884754494 ], [ 72.326559540469418, 23.156769286011254 ], [ 72.348154922817088, 23.10936882552166 ], [ 72.328733797483338, 23.046946043072595 ], [ 72.331775700687146, 22.997321062901385 ], [ 72.399652427754873, 22.955459648662092 ], [ 72.455040090800608, 22.972600083063554 ], [ 72.476257479492062, 22.9968243435546 ], [ 72.552552518568575, 23.000888538001451 ], [ 72.600116267442175, 23.054166684089221 ], [ 72.645151887162655, 23.076820075464635 ], [ 72.672291033948397, 23.060023791121161 ], [ 72.721774659913464, 23.003414500751376 ], [ 72.786051098562879, 22.986171224313395 ], [ 72.825674561746013, 22.946450612954791 ], [ 72.240074664313099, 22.931541370078449 ], [ 72.268659228644282, 22.827446059325126 ] ], [ [ 71.323505114862826, 21.632829535784822 ], [ 71.287878541901819, 21.663812660095747 ], [ 71.260490848031296, 21.65651424698251 ], [ 71.206149950413632, 21.625685360387955 ], [ 71.204850153528014, 21.624012491164947 ], [ 71.323505114862826, 21.632829535784822 ] ], [ [ 75.355605686279489, 16.980079683184126 ], [ 75.363194306913016, 16.947012274692359 ], [ 75.534616358382351, 16.967029498096711 ], [ 75.355605686279489, 16.980079683184126 ] ], [ [ 75.559829068125012, 16.969973047773294 ], [ 75.577476456660889, 16.972576896404984 ], [ 75.559826886499835, 16.969973371239888 ], [ 75.559829068125012, 16.969973047773294 ] ], [ [ 75.216178101203184, 16.585815438504259 ], [ 75.233971438183502, 16.532219784034787 ], [ 75.226676561411054, 16.554196545087095 ], [ 75.216178101203184, 16.585815438504259 ] ], [ [ 74.614777065261336, 16.753998555816253 ], [ 74.608025946565022, 16.766943727727089 ], [ 74.621732086417424, 16.740660276251337 ], [ 74.614777065261336, 16.753998555816253 ] ], [ [ 74.613169557440415, 16.859429270501504 ], [ 74.613169535662578, 16.859430698831897 ], [ 74.611330310044593, 16.86776177892769 ], [ 74.613169557440415, 16.859429270501504 ] ], [ [ 74.886396767057505, 17.120663861565088 ], [ 74.884442937372995, 17.162376492971255 ], [ 74.884380320321895, 17.163712982136101 ], [ 74.886396767057505, 17.120663861565088 ] ], [ [ 74.194382902044097, 18.113306517263908 ], [ 74.193580823659289, 18.113259941480919 ], [ 74.061263127290175, 18.105530480760496 ], [ 74.194382902044097, 18.113306517263908 ] ], [ [ 73.618211048490238, 17.912834997322189 ], [ 73.803066947628949, 17.239652364818845 ], [ 73.692356463789167, 17.861280989037688 ], [ 73.618211048490238, 17.912834997322189 ] ], [ [ 73.808700418435436, 17.219137170414406 ], [ 73.808700688515017, 17.219136186875939 ], [ 73.805746288541471, 17.245306674611744 ], [ 73.805006152777807, 17.251859973424523 ], [ 73.808700418435436, 17.219137170414406 ] ], [ [ 74.056145432662774, 16.318026159873138 ], [ 74.0568525573198, 16.315451051151506 ], [ 74.064182753390384, 16.319834891886376 ], [ 74.067065720450032, 16.364690182765433 ], [ 74.066899758274431, 16.365318815092845 ], [ 74.064168542496859, 16.322824334715314 ], [ 74.056145432662774, 16.318026159873138 ] ], [ [ 74.034111739825633, 16.279064582452971 ], [ 74.03341905979859, 16.280235037569721 ], [ 74.044677049902972, 16.25637011846603 ], [ 74.034049741980425, 16.278898285485305 ], [ 74.034111739825633, 16.279064582452971 ] ], [ [ 73.973157165771113, 16.465265480451642 ], [ 73.973157128399947, 16.465265595197529 ], [ 73.962453191156925, 16.47241716252999 ], [ 73.973157165771113, 16.465265480451642 ] ], [ [ 72.510153469905518, 22.136065778507056 ], [ 72.530573572296973, 22.043693695140078 ], [ 72.53025256837347, 22.052858300399723 ], [ 72.527944736818824, 22.118644537671649 ], [ 72.526974083305177, 22.1439786733857 ], [ 72.510153469905518, 22.136065778507056 ] ], [ [ 73.413617863452743, 22.564504818856758 ], [ 73.413854317485161, 22.567517576774826 ], [ 73.409672744960403, 22.6006608109086 ], [ 73.409120898364591, 22.600146879079499 ], [ 73.413617863452743, 22.564504818856758 ] ], [ [ 73.43458273430717, 22.831626846858583 ], [ 73.434974372791757, 22.836616873602448 ], [ 73.383932145568011, 22.880073434241623 ], [ 73.374263511957949, 22.929516135882434 ], [ 73.374109941631787, 22.925253530417031 ], [ 73.383995775696434, 22.87469776575476 ], [ 73.43458273430717, 22.831626846858583 ] ], [ [ 73.985281451497187, 22.933363724116298 ], [ 73.989230611236152, 22.934058006966193 ], [ 73.985335853259514, 22.933824946571814 ], [ 73.985281451497187, 22.933363724116298 ] ], [ [ 71.809835767298452, 23.808489439573147 ], [ 71.809833417040053, 23.808489365970292 ], [ 71.840032383156171, 23.792352785158126 ], [ 71.809835767298452, 23.808489439573147 ] ] ], [ [ [ 73.08298990129974, 20.244235578653591 ], [ 73.082989740894135, 20.244235855531645 ], [ 73.103614172889053, 20.271489588211789 ], [ 73.08298990129974, 20.244235578653591 ] ] ], [ [ [ 72.883662146233362, 20.587813540217862 ], [ 72.878732400156423, 20.587898318616247 ], [ 72.879014968627743, 20.590848699634829 ], [ 72.879899620757001, 20.600085251073217 ], [ 72.880105932068247, 20.600764068843532 ], [ 72.883662146233362, 20.587813540217862 ] ] ], [ [ [ 72.859313562794526, 20.676482841946715 ], [ 72.852457006795333, 20.680015151619468 ], [ 72.84663764134072, 20.684094059261369 ], [ 72.846286531988881, 20.684340144696726 ], [ 72.845147271716456, 20.688591430054888 ], [ 72.845479511249678, 20.701020961236647 ], [ 72.850441540178025, 20.708791746171176 ], [ 72.859313562794526, 20.676482841946715 ] ] ], [ [ [ 72.588350594531249, 21.66323828300256 ], [ 72.58747351202328, 21.662880955347386 ], [ 72.547634130167282, 21.6565074114549 ], [ 72.509557410543579, 21.667748108718893 ], [ 72.498889774587894, 21.674608585569182 ], [ 72.502747557088625, 21.689713925900872 ], [ 72.509920366153324, 21.718487854129283 ], [ 72.515585223270094, 21.731680621354176 ], [ 72.526102995035359, 21.741319964871241 ], [ 72.53513623986953, 21.74645646853233 ], [ 72.554169619701696, 21.754980617260916 ], [ 72.560154770273911, 21.765917933950089 ], [ 72.588350594531249, 21.66323828300256 ] ] ], [ [ [ 74.613475962835409, 21.513468704125021 ], [ 74.710107886069821, 21.492303488762438 ], [ 74.846139694898213, 21.476347950581509 ], [ 75.012790708011394, 21.499726103720732 ], [ 75.041513668839173, 21.449519843915194 ], [ 75.035755105289496, 21.395733417482017 ], [ 75.054889621274015, 21.368834244345127 ], [ 75.087417686291332, 21.349098144606103 ], [ 75.165905468613758, 21.366968305844249 ], [ 75.192669657698403, 21.341838668377957 ], [ 75.217064740595205, 21.332327002115388 ], [ 75.271076949420305, 21.31125064976581 ], [ 75.320850849593512, 21.323713576752045 ], [ 75.384047099141441, 21.343303182133649 ], [ 75.460517578421644, 21.318010372711747 ], [ 75.529193670555614, 21.260435601847249 ], [ 75.640302803839688, 21.301286223109578 ], [ 75.735975057681301, 21.304480712880789 ], [ 75.875725243506011, 21.319946599663204 ], [ 75.973524057074613, 21.353471179392095 ], [ 75.994937352099598, 21.407127735121644 ], [ 75.989476607092612, 21.415506003286865 ], [ 76.036925387688001, 21.441446616944003 ], [ 76.072240161952408, 21.452697344666081 ], [ 76.098249924634317, 21.448226225147117 ], [ 76.144193192667629, 21.4464842898828 ], [ 76.182141183871067, 21.403197109882065 ], [ 76.175752323353279, 21.370257206646155 ], [ 76.134040574034771, 21.321783275501126 ], [ 76.107581490527224, 21.263158921193501 ], [ 76.144033169841023, 21.228495611819117 ], [ 76.195805418879161, 21.199453796197119 ], [ 76.316177421650536, 21.149799396641139 ], [ 76.375779388532123, 21.147891314087364 ], [ 76.401373872121795, 21.106093277926689 ], [ 76.385640616692811, 21.057463707422762 ], [ 76.35317159799159, 21.014702286646639 ], [ 76.316518190312266, 21.014989878200456 ], [ 76.186858182983713, 21.0360223339081 ], [ 76.133535219287921, 21.055030792558068 ], [ 76.09514192362542, 21.028032673778217 ], [ 76.071819736635788, 20.970812297686717 ], [ 76.068216613276164, 20.893386144534624 ], [ 76.087684837747489, 20.841630732398595 ], [ 76.087293861215059, 20.78713175828976 ], [ 76.076222369217589, 20.731265326068986 ], [ 76.03181701265062, 20.702851718040268 ], [ 75.98590393245486, 20.674434593533533 ], [ 75.974651434604908, 20.582702275504797 ], [ 75.971095366419078, 20.527129205046418 ], [ 75.884637449598245, 20.536170344576767 ], [ 75.81849627168269, 20.506612279345244 ], [ 75.760119923367355, 20.503291730598303 ], [ 75.655105835590618, 20.570659276985502 ], [ 75.606884233400805, 20.573225718713406 ], [ 75.517946280864223, 20.547216556903663 ], [ 75.468543503044529, 20.577241510302489 ], [ 75.415147578173389, 20.546297910763109 ], [ 75.370617394241464, 20.499778617036164 ], [ 75.300871085468742, 20.516649065997463 ], [ 75.255329333072723, 20.599204371054864 ], [ 75.194438374391268, 20.636340679628695 ], [ 75.127099418807234, 20.592173756343513 ], [ 75.113088389412312, 20.528827135302809 ], [ 75.154888609128818, 20.453483964204981 ], [ 75.148499838188428, 20.404477332558859 ], [ 75.102845087082869, 20.391360569111622 ], [ 75.054662966573517, 20.379428044837056 ], [ 75.039438820400434, 20.335201157518561 ], [ 75.007753966095166, 20.329228255390053 ], [ 74.960867432302592, 20.310097049887425 ], [ 74.935547602210875, 20.252708327855746 ], [ 74.91583804948381, 20.235951672331737 ], [ 74.897567443007603, 20.220413176597024 ], [ 74.825488740025577, 20.229357104553866 ], [ 74.940754170328091, 20.6158334557567 ], [ 74.925716915837867, 20.61356277133472 ], [ 74.940754318246348, 20.615833951715523 ], [ 74.613475962835409, 21.513468704125021 ] ] ], [ [ [ 74.787764278479301, 20.102869811605526 ], [ 74.796437821484076, 20.076870462846728 ], [ 74.769253873472451, 20.040805810564127 ], [ 74.787764278479301, 20.102869811605526 ] ] ], [ [ [ 72.58135284106794, 21.81398932058276 ], [ 72.612504204286466, 21.673073459092269 ], [ 72.596411793772447, 21.666522004389186 ], [ 72.57306268934623, 21.793267951679351 ], [ 72.579150085035138, 21.801202738222802 ], [ 72.580293958224985, 21.811374909091224 ], [ 72.58135284106794, 21.81398932058276 ] ] ], [ [ [ 73.29139411224655, 22.958307728915898 ], [ 73.319374742626252, 22.97601726314522 ], [ 73.357654525312441, 22.968772427690812 ], [ 73.37511971353814, 22.960439364064907 ], [ 73.29139411224655, 22.958307728915898 ] ] ], [ [ [ 71.953415382672191, 21.017614862768593 ], [ 72.641441964777883, 20.431796275079876 ], [ 71.057998875491222, 20.664015426972842 ], [ 71.077386863367195, 20.665728174430349 ], [ 71.228465714756183, 20.705718177699797 ], [ 71.28113962628278, 20.719626084445633 ], [ 71.322443414784516, 20.730519289660808 ], [ 71.424203144010377, 20.757309621029457 ], [ 71.450787170095793, 20.774174563092899 ], [ 71.480231453771893, 20.792845547114506 ], [ 71.536244000090761, 20.830275826044165 ], [ 71.542755746711279, 20.833074258010086 ], [ 71.63887828165268, 20.87434435846059 ], [ 71.666347715349687, 20.886669134248628 ], [ 71.637746196271877, 20.951254787398376 ], [ 71.666347715349701, 20.886669134248628 ], [ 71.728868196091227, 20.914697648678032 ], [ 71.813492973657361, 20.952585411689807 ], [ 71.932949076797428, 21.005968935423098 ], [ 71.953415382672191, 21.017614862768593 ] ] ], [ [ [ 73.013868626641738, 20.113645598276591 ], [ 72.96563452934997, 20.289297858997415 ], [ 72.972765081329712, 20.284362735130532 ], [ 73.081184629962721, 20.241849997079889 ], [ 73.08298990129974, 20.244235578653591 ], [ 73.09508366757774, 20.223360383304218 ], [ 73.140992704296565, 20.19517331613206 ], [ 73.189304135293256, 20.154808762604844 ], [ 73.200367769930608, 20.116920912407043 ], [ 73.18890304913829, 20.098976973969073 ], [ 73.165330165675627, 20.062067897816384 ], [ 73.108470643298929, 20.057883471327667 ], [ 73.020587022514945, 20.107824636681524 ], [ 73.013868626641738, 20.113645598276591 ] ] ], [ [ [ 72.922087849554742, 20.447880131339907 ], [ 72.883662146233362, 20.587813540217862 ], [ 72.972001866321847, 20.586294334184537 ], [ 72.996693839506165, 20.590166617856916 ], [ 73.021710906216896, 20.56894708221051 ], [ 73.035305702159249, 20.547594231896085 ], [ 73.0337696989248, 20.518899828163942 ], [ 72.985086182833896, 20.459195879814427 ], [ 72.941473775798997, 20.449723707408957 ], [ 72.922087849554742, 20.447880131339907 ] ] ], [ [ [ 72.880105932068247, 20.600764068843532 ], [ 72.859313562794526, 20.676482841946715 ], [ 72.870413196446393, 20.670764614994706 ], [ 72.885132780518489, 20.663179156755 ], [ 72.887814589686997, 20.653251452020623 ], [ 72.889844500384754, 20.651389825171311 ], [ 72.889220224377226, 20.643026578776706 ], [ 72.888846412998276, 20.633952303553023 ], [ 72.888635114884764, 20.628822828008563 ], [ 72.880366842743342, 20.60162253269435 ], [ 72.880105932068247, 20.600764068843532 ] ] ], [ [ [ 72.850441540178025, 20.708791746171176 ], [ 72.743912469072598, 21.096734575472397 ], [ 72.747261268531474, 21.097019803677579 ], [ 72.754448795298359, 21.101983142218643 ], [ 72.764667223077467, 21.108210926797341 ], [ 72.781671924067226, 21.10784839997449 ], [ 72.795868428465738, 21.107544429521251 ], [ 72.807111913882636, 21.104823072402215 ], [ 72.808173783641692, 21.103069023207958 ], [ 72.815171107798605, 21.100598939139097 ], [ 72.827475419677654, 21.093127922298269 ], [ 72.827876187146444, 21.064355990563087 ], [ 72.826641419016241, 21.057563763949453 ], [ 72.826770334868129, 21.048686873582177 ], [ 72.825022979454218, 21.042407851602206 ], [ 72.92927269249887, 21.046405618560669 ], [ 72.928464999755064, 21.104699557521069 ], [ 72.90548385214052, 21.145515861961076 ], [ 72.922938537390337, 21.208812961771947 ], [ 72.955777940594956, 21.266561566859391 ], [ 72.972322954786193, 21.32410939008383 ], [ 72.971776039313227, 21.326419739960848 ], [ 72.961489651478203, 21.369856165693097 ], [ 73.055361058579663, 21.447436078759893 ], [ 73.099942878485251, 21.473755848639904 ], [ 73.167606668671738, 21.452526491583978 ], [ 73.167698463566126, 21.452479393848215 ], [ 73.240551545801694, 21.415073877198605 ], [ 73.278888145184467, 21.366720621118326 ], [ 73.280804403530709, 21.359531476884204 ], [ 73.289557812131847, 21.326681046215185 ], [ 73.288914248014734, 21.29417308760987 ], [ 73.238307912816538, 21.261150080787363 ], [ 73.198705656556456, 21.247348855716066 ], [ 73.166140790476604, 21.242218355634481 ], [ 73.149501392302184, 21.186595532561711 ], [ 73.147276885618467, 21.119659187972879 ], [ 73.12757598614219, 21.065913118232881 ], [ 73.079363745674144, 21.013757583468045 ], [ 73.070608620809423, 20.982114814062701 ], [ 72.988873309070783, 20.92955395593744 ], [ 72.919332967344829, 20.881885444363395 ], [ 72.869683201388838, 20.868848677378615 ], [ 72.837653055464955, 20.857723671205356 ], [ 72.835437328686183, 20.854819927774859 ], [ 72.838758910521648, 20.854952096291512 ], [ 72.85107599351133, 20.855441640277476 ], [ 72.851485144698174, 20.855070578553327 ], [ 72.853911977116113, 20.852869607969435 ], [ 72.862012968187969, 20.848610419641762 ], [ 72.866805640480649, 20.846090310783715 ], [ 72.869174858192665, 20.839463789281748 ], [ 72.869407136888228, 20.8388140854229 ], [ 72.870602141945838, 20.837729929167836 ], [ 72.87301855205834, 20.830918677087638 ], [ 72.874419372102892, 20.826969776190527 ], [ 72.8758777205461, 20.822858436798693 ], [ 72.878634365644132, 20.816023839645876 ], [ 72.878662458937939, 20.815954183594314 ], [ 72.881127023601579, 20.8098431031564 ], [ 72.885277998000362, 20.807003570255738 ], [ 72.892894832224997, 20.801792599494728 ], [ 72.895450866419623, 20.800043753141143 ], [ 72.912590034358516, 20.788314946954902 ], [ 72.915639378117731, 20.786227807411979 ], [ 72.929598016460218, 20.776672242264187 ], [ 72.930259436258638, 20.776219397722755 ], [ 72.934020445501545, 20.77168501378527 ], [ 72.936075777235502, 20.77027346632477 ], [ 72.944680518805953, 20.764363376100547 ], [ 72.94471262727717, 20.761989590324731 ], [ 72.94475807204779, 20.75862927779561 ], [ 72.942764790673692, 20.755737908033115 ], [ 72.93321653017577, 20.74797664530033 ], [ 72.923643169807875, 20.742126272459824 ], [ 72.916428896311047, 20.738623200867146 ], [ 72.911685248030579, 20.736319559306406 ], [ 72.906484400890136, 20.733793667347104 ], [ 72.903226745682119, 20.732707212813185 ], [ 72.881201362292288, 20.72535959612124 ], [ 72.872218874637838, 20.723310967392013 ], [ 72.858063021690839, 20.715263900537639 ], [ 72.854513761734509, 20.713408673917634 ], [ 72.851939470524428, 20.711137579848661 ], [ 72.850441540178025, 20.708791746171176 ] ] ], [ [ [ 72.683564739791834, 21.351625036162265 ], [ 72.683564337684132, 21.351626855130917 ], [ 72.767596856915404, 21.346867770267956 ], [ 72.800240351798735, 21.345005747437305 ], [ 72.683564739791834, 21.351625036162265 ] ] ], [ [ [ 72.667236866233253, 21.425485571660349 ], [ 72.655999212942589, 21.476320059495638 ], [ 72.670164440221996, 21.475103254925713 ], [ 72.711099669089904, 21.468463632286397 ], [ 72.751932030227394, 21.465532652005713 ], [ 72.756266137021953, 21.459443265955301 ], [ 72.764366554019887, 21.45691914218358 ], [ 72.764208959303318, 21.449613370516936 ], [ 72.764142291091261, 21.446523050740645 ], [ 72.762996844902744, 21.440105716857204 ], [ 72.762731624707143, 21.43861977402409 ], [ 72.757179050391343, 21.433938071334609 ], [ 72.7565626547145, 21.427471759327378 ], [ 72.746397679998367, 21.425652766268797 ], [ 72.723030055142999, 21.425881386688001 ], [ 72.689748635339043, 21.426201357970388 ], [ 72.667236866233253, 21.425485571660349 ] ] ], [ [ [ 72.64910674012151, 21.507498751053035 ], [ 72.612504204286466, 21.673073459092269 ], [ 72.65970664325765, 21.692290259491763 ], [ 72.711067241248287, 21.697909206493698 ], [ 72.71730582144113, 21.699616246735385 ], [ 72.717968954609404, 21.699786180030092 ], [ 72.751299325564673, 21.708323513834969 ], [ 72.765896850939583, 21.70672913278915 ], [ 72.781354384688427, 21.699052557475511 ], [ 72.788684418303646, 21.695106517278738 ], [ 72.830009669633768, 21.69360967597229 ], [ 72.835187212435486, 21.687109215995719 ], [ 72.831442812132096, 21.682343245508306 ], [ 72.834154369346209, 21.681473269568897 ], [ 72.844654504309389, 21.67157518478604 ], [ 72.844329773011154, 21.667628690230249 ], [ 72.828736665549243, 21.659182501231676 ], [ 72.819974521992108, 21.655483801271789 ], [ 72.811990229220896, 21.651078153022421 ], [ 72.801448401854827, 21.638395521730523 ], [ 72.795534051731977, 21.623981873084706 ], [ 72.783845999595272, 21.611283129226049 ], [ 72.780902700879011, 21.606864372853416 ], [ 72.773730862739953, 21.596096098131571 ], [ 72.768850054352342, 21.586630039935351 ], [ 72.754011142667849, 21.557843174198339 ], [ 72.66546434046279, 21.513264203751362 ], [ 72.64910674012151, 21.507498751053035 ] ] ], [ [ [ 72.614680671588118, 21.567353052021328 ], [ 72.588350594531249, 21.66323828300256 ], [ 72.594860943660706, 21.665890630720867 ], [ 72.596411793772447, 21.666522004389186 ], [ 72.614680671588118, 21.567353052021328 ] ] ], [ [ [ 72.560154770273911, 21.765917933950089 ], [ 72.546787340001941, 21.81459759168466 ], [ 72.566348422672888, 21.829715006535828 ], [ 72.57306268934623, 21.793267951679351 ], [ 72.572849160625978, 21.792989621683613 ], [ 72.5668214278503, 21.778100642520474 ], [ 72.560154770273911, 21.765917933950089 ] ] ], [ [ [ 74.263579935140328, 22.473137527303944 ], [ 74.613475962835409, 21.513468704125021 ], [ 74.604682517223964, 21.515394725712049 ], [ 74.535496768707731, 21.581552207832715 ], [ 74.483780860509626, 21.570642899143838 ], [ 74.441504417440484, 21.599191792901387 ], [ 74.437496986345266, 21.643998780685493 ], [ 74.46038845087061, 21.676345393336582 ], [ 74.496694524939528, 21.715901426786381 ], [ 74.483059214818326, 21.773229144512676 ], [ 74.457939236986036, 21.817968375019255 ], [ 74.413649440695949, 21.85008684623514 ], [ 74.373400466854065, 21.832011244014716 ], [ 74.341021524483949, 21.774516886149964 ], [ 74.261744594671413, 21.746578536697328 ], [ 74.168329700666789, 22.153633864462527 ], [ 74.223959942342859, 22.183836863149306 ], [ 74.223528464650997, 22.262232640213664 ], [ 74.188275495066094, 22.319423784919525 ], [ 74.149160192695931, 22.330695806373445 ], [ 74.12833560997997, 22.32790808343648 ], [ 74.10142782298017, 22.445158744301086 ], [ 74.123779634473379, 22.445284769759414 ], [ 74.230696146926519, 22.45347807737069 ], [ 74.263579935140328, 22.473137527303944 ] ] ], [ [ [ 74.825488740025577, 20.229357104553866 ], [ 74.787764278479301, 20.102869811605526 ], [ 74.776106582873808, 20.13781429664521 ], [ 74.77351813746715, 20.177260921003143 ], [ 74.81143617255465, 20.231100825595849 ], [ 74.825488740025577, 20.229357104553866 ] ] ], [ [ [ 74.769253873472451, 20.040805810564127 ], [ 74.711898994160208, 19.848499197713274 ], [ 74.69556836744411, 19.856191785205912 ], [ 74.676332385586065, 19.940012561149032 ], [ 74.686597761849967, 19.955967781680862 ], [ 74.707703451869563, 19.976697913289918 ], [ 74.75855609695364, 20.026613185188914 ], [ 74.769253873472451, 20.040805810564127 ] ] ], [ [ [ 73.445811278288744, 22.451188102281446 ], [ 73.557053135192319, 22.246159595530283 ], [ 73.557505126700107, 22.240014793807177 ], [ 73.565243590336365, 22.231063867766125 ], [ 73.715424770224359, 21.954266770777227 ], [ 73.700364787631429, 21.945824306021795 ], [ 73.634234269845862, 21.94958977009172 ], [ 73.551224174801831, 21.950312590622442 ], [ 73.501121391623371, 21.891073251417108 ], [ 73.489426483845108, 21.835076845212146 ], [ 73.489419652200993, 21.835044123570288 ], [ 73.357537615318037, 21.818011444798469 ], [ 73.25820882123692, 21.778280720005554 ], [ 73.185923190250904, 21.761201117605758 ], [ 73.175563165437453, 21.758750383788055 ], [ 73.129060873308333, 21.794073942992426 ], [ 73.008288861243287, 21.979033832646817 ], [ 72.950869594963905, 22.123833942839589 ], [ 72.94914741096656, 22.125554005224725 ], [ 73.104712787779945, 22.24577978093086 ], [ 73.112471501525192, 22.235815387404514 ], [ 73.153912140019756, 22.246326888605239 ], [ 73.159565312568432, 22.285099903799519 ], [ 73.160741007959601, 22.289080137157388 ], [ 73.371270559364646, 22.451783941469188 ], [ 73.445811278288744, 22.451188102281446 ] ] ], [ [ [ 73.540393961851493, 21.346239789600915 ], [ 73.621929660542335, 21.076604209866137 ], [ 73.621900663247303, 21.076562622545826 ], [ 73.621953356433323, 21.07652584841944 ], [ 73.67236653480866, 20.909811307478975 ], [ 73.62120434832029, 20.913989544812129 ], [ 73.554028497488062, 20.889532590471163 ], [ 73.534204939127861, 20.835585671610961 ], [ 73.527100813303306, 20.781746458991989 ], [ 73.500127903165335, 20.75405910403855 ], [ 73.491878764164724, 20.745588718364612 ], [ 73.439906384832909, 20.734369522031422 ], [ 73.391171589128646, 20.778136365289331 ], [ 73.31632367963536, 20.779726039843929 ], [ 73.313644002780535, 20.779782345846428 ], [ 73.247634398299439, 20.77434142225146 ], [ 73.191681290391259, 20.88488877882542 ], [ 73.16304349695848, 20.939548628021495 ], [ 73.197237758478067, 20.951862479899525 ], [ 73.297515578990144, 20.970817480316462 ], [ 73.300899333182954, 21.009089701829676 ], [ 73.302780960234941, 21.067660842574661 ], [ 73.314768676720547, 21.133502170779057 ], [ 73.367837101915313, 21.17226074986063 ], [ 73.404433058519473, 21.20487429744481 ], [ 73.429296368630148, 21.263661244699652 ], [ 73.451765468278637, 21.309278416010201 ], [ 73.466279828196221, 21.360592814020627 ], [ 73.540393961851493, 21.346239789600915 ] ] ], [ [ [ 73.836449883599954, 19.43828092122483 ], [ 73.818271249142256, 19.442944871799991 ], [ 73.829140272113321, 19.44015654607723 ], [ 73.836449883599954, 19.43828092122483 ] ] ], [ [ [ 73.653722574933994, 19.128078455082957 ], [ 73.653722525410544, 19.128077748396656 ], [ 73.653177239266569, 19.127566759507012 ], [ 73.653722574933994, 19.128078455082957 ] ] ], [ [ [ 73.599795343005937, 18.358551286553155 ], [ 73.57739307186209, 18.418752661114482 ], [ 73.580738841637839, 18.409764757988683 ], [ 73.599795343005937, 18.358551286553155 ] ] ], [ [ [ 72.593030328424589, 21.850335615581532 ], [ 72.590031824327681, 21.835416435151526 ], [ 72.586030854073869, 21.825539466136195 ], [ 72.58135284106794, 21.81398932058276 ], [ 72.576194340704205, 21.837324239111236 ], [ 72.593030328424589, 21.850335615581532 ] ] ], [ [ [ 74.012972278468055, 22.947711046404105 ], [ 74.013127044888662, 22.947830654721532 ], [ 74.013252227152904, 22.94770379309762 ], [ 74.012972278468055, 22.947711046404105 ] ] ], [ [ [ 74.135852526526435, 22.823458771930945 ], [ 74.135854063982407, 22.823454555110938 ], [ 74.130580627571419, 22.828351332059441 ], [ 74.135852526526435, 22.823458771930945 ] ] ], [ [ [ 72.825674561746013, 22.946450612954791 ], [ 73.014251896509151, 22.951251749869744 ], [ 73.001503699685586, 22.933609180582046 ], [ 72.992943945338112, 22.93277937113951 ], [ 72.876852770622477, 22.921478872598172 ], [ 72.840587599566987, 22.931501011585397 ], [ 72.825674561746013, 22.946450612954791 ] ] ], [ [ [ 72.288753342897152, 23.925640329510546 ], [ 72.02887726863861, 23.700650819441044 ], [ 72.022584004516247, 23.723568757838866 ], [ 72.033508568583443, 23.727042504030802 ], [ 72.137549111312794, 23.808281173381658 ], [ 72.188323056319092, 23.860794341167775 ], [ 72.212748244012488, 23.88416274993768 ], [ 72.249282988942582, 23.910198422431591 ], [ 72.25675393953523, 23.915520194714791 ], [ 72.288753342897152, 23.925640329510546 ] ] ], [ [ [ 73.284097792923532, 22.958121966252062 ], [ 73.29139411224655, 22.958307728915898 ], [ 73.285581612532667, 22.9546288746069 ], [ 73.281486137907748, 22.949184882926449 ], [ 73.276965478073905, 22.948641512874723 ], [ 73.284097792923532, 22.958121966252062 ] ] ] ] } },
{ "type": "Feature", "properties": { "state_name": "Central India Agency", "id": 6 }, "geometry": { "type": "MultiPolygon", "coordinates": [ [ [ [ 74.483780860509626, 21.570642899143838 ], [ 74.441504417440484, 21.599191792901387 ], [ 74.437496986345266, 21.643998780685493 ], [ 74.46038845087061, 21.676345393336582 ], [ 74.496694524939528, 21.715901426786381 ], [ 74.483059214818326, 21.773229144512676 ], [ 74.457939236986036, 21.817968375019255 ], [ 74.413649440695949, 21.85008684623514 ], [ 74.373400466854065, 21.832011244014716 ], [ 74.341021524483949, 21.774516886149964 ], [ 74.258639213688085, 21.745484155024108 ], [ 74.174393161184611, 21.712816373755462 ], [ 74.105097738685814, 21.750103353440366 ], [ 74.054807867611061, 21.810774569167716 ], [ 74.050435644611795, 21.891418908029397 ], [ 74.04487383740134, 21.896545563842636 ], [ 74.059422415501658, 21.917185004180151 ], [ 74.12881513832717, 21.963459348053807 ], [ 74.14268351508116, 21.993675260976204 ], [ 74.149051643774726, 22.007545396955422 ], [ 74.109697712960454, 22.070437192714646 ], [ 74.109397847978698, 22.118238857000375 ], [ 74.156425269761584, 22.147170662071819 ], [ 74.223959942342859, 22.183836863149306 ], [ 74.223528464650997, 22.262232640213664 ], [ 74.188275495066094, 22.319423784919525 ], [ 74.149160192695931, 22.330695806373445 ], [ 74.08960969347865, 22.322723963919739 ], [ 74.029749358625878, 22.360617651984356 ], [ 74.027481258720556, 22.39119661207134 ], [ 74.05590379251727, 22.444902067708867 ], [ 74.123779634473379, 22.445284769759414 ], [ 74.230696146926519, 22.45347807737069 ], [ 74.298376908727263, 22.493940767965068 ], [ 74.327017831016391, 22.528480834764853 ], [ 74.3577227637482, 22.564936308304549 ], [ 74.363404772829313, 22.572035512189494 ], [ 74.394579830570763, 22.610969890892378 ], [ 74.398323867564301, 22.697028101486982 ], [ 74.398131571452282, 22.741005136143276 ], [ 74.356787584038997, 22.765700809679096 ], [ 74.321530028912065, 22.807619756949912 ], [ 74.319115621770038, 22.878354436493481 ], [ 74.321451705606052, 22.896344299619177 ], [ 74.365955552786787, 22.916498797690291 ], [ 74.469578902305528, 22.94125719025455 ], [ 74.536049767398822, 22.973014250034826 ], [ 74.602421730951008, 23.049198522421577 ], [ 74.605900037330997, 23.080251372937774 ], [ 74.60997529476036, 23.116616480704259 ], [ 74.608249922585557, 23.17684073829604 ], [ 74.575582839240226, 23.206870086159476 ], [ 74.553696514579457, 23.256999173213401 ], [ 74.570662510610617, 23.290028127881119 ], [ 74.662194145136638, 23.313195782359159 ], [ 74.714901476483533, 23.3520182309902 ], [ 74.741220724457506, 23.395083482955638 ], [ 74.786183171781587, 23.452510583132177 ], [ 74.849873159922723, 23.484132280648424 ], [ 74.86850487137643, 23.508526591706367 ], [ 74.846597498208681, 23.627524847361407 ], [ 74.838667886172857, 23.7479671633598 ], [ 74.821442355033739, 23.813908300129732 ], [ 74.857216953169925, 23.87990515787401 ], [ 74.879001135206536, 23.930110121585809 ], [ 74.878961000092033, 23.973126655108977 ], [ 74.847658772283154, 24.051961782160589 ], [ 74.805465930490129, 24.074855759518147 ], [ 74.761720065177897, 24.084830862359343 ], [ 74.733459085747469, 24.156476498562139 ], [ 74.731797534279863, 24.20379012042326 ], [ 74.739450325758739, 24.284097484173433 ], [ 74.676768573366587, 24.328425088814075 ], [ 74.631215941199073, 24.388540488395709 ], [ 74.659094343266375, 24.500440478832928 ], [ 74.693440658554579, 24.552129691581257 ], [ 74.778105541831977, 24.542241705763807 ], [ 74.859611744677665, 24.542339611639864 ], [ 74.905046773700022, 24.569616742300774 ], [ 74.91129160450086, 24.606898477453008 ], [ 74.851661450623354, 24.638394193517112 ], [ 74.801397416049781, 24.681348655818088 ], [ 74.793509094386579, 24.707145360144409 ], [ 74.831134144311747, 24.738734651813328 ], [ 74.920625773814635, 24.725905092111422 ], [ 74.964578116561029, 24.725921913749456 ], [ 74.997542475903757, 24.721624851394019 ], [ 75.013242703048022, 24.754600284418004 ], [ 74.97555246130274, 24.796177098281149 ], [ 74.914278964289963, 24.824829028603467 ], [ 74.780691364119036, 24.856234454053869 ], [ 74.736559675881978, 24.919245973507987 ], [ 74.772640240160086, 24.962316136428722 ], [ 74.84181904992279, 24.978176280803456 ], [ 74.918852126897789, 25.038453027435779 ], [ 74.953479053889779, 25.022697394096571 ], [ 74.994391895881506, 24.971091749897344 ], [ 75.002255231868062, 24.928080884072195 ], [ 75.01797281521651, 24.892237167326837 ], [ 75.120149565738174, 24.900792123275775 ], [ 75.14844254279889, 24.899332951335904 ], [ 75.167266808917205, 24.870638897162021 ], [ 75.159352151741373, 24.826202409285628 ], [ 75.109049269474184, 24.790404458618426 ], [ 75.119998916046981, 24.744516676974133 ], [ 75.20637478675512, 24.761627399410379 ], [ 75.269150365317046, 24.747190514344251 ], [ 75.264379813723636, 24.718524404245255 ], [ 75.214102902609952, 24.689929811630375 ], [ 75.154431850590385, 24.658460597410013 ], [ 75.115187529775426, 24.634121973687456 ], [ 75.094753917649498, 24.578219482228675 ], [ 75.132288304074308, 24.48786333186856 ], [ 75.152690931149664, 24.475539561430679 ], [ 75.196465090879883, 24.44908130152665 ], [ 75.262266098889185, 24.45758420022187 ], [ 75.362636394289723, 24.500389850969036 ], [ 75.419148623509514, 24.531786180411615 ], [ 75.508609093080167, 24.563053311366492 ], [ 75.577768539965533, 24.602948211488609 ], [ 75.624861441769625, 24.612796033610252 ], [ 75.660636924553415, 24.556728701955599 ], [ 75.693231687348586, 24.497800205374521 ], [ 75.747720940622941, 24.438758111413158 ], [ 75.763079358761559, 24.388501335466518 ], [ 75.756485280768416, 24.332619021590684 ], [ 75.712552973463588, 24.311325496290525 ], [ 75.637386460483015, 24.297321975187373 ], [ 75.610655895444623, 24.268756347462137 ], [ 75.633703713722014, 24.185502948706635 ], [ 75.670922219369928, 24.129426143295134 ], [ 75.675420891808272, 24.093561539791278 ], [ 75.664266563655232, 24.050596400741803 ], [ 75.637483851295443, 24.00196059791309 ], [ 75.642940157375961, 23.974534485323645 ], [ 75.830834066443003, 23.998942419722336 ], [ 75.802970541251327, 24.009785912901524 ], [ 75.773754008526609, 24.083059064464635 ], [ 75.769334534923587, 24.127528298408031 ], [ 75.79788144279712, 24.196202071601711 ], [ 75.88609458210216, 24.294641235685265 ], [ 75.966225781226612, 24.341464300216121 ], [ 76.019414633871307, 24.339682553906616 ], [ 76.064251655889166, 24.274860123874944 ], [ 76.110271890779728, 24.171307669175043 ], [ 76.184785414986891, 24.117702062209446 ], [ 76.2596424655747, 24.105634103606242 ], [ 76.337934453715889, 24.125038980912699 ], [ 76.343973987230271, 24.126713103027893 ], [ 76.413139736086777, 24.145864985627284 ], [ 76.497624195337522, 24.156527460469071 ], [ 76.571149300519778, 24.164388872337401 ], [ 76.599125854514185, 24.152630299892174 ], [ 76.634578415173308, 24.114984561973607 ], [ 76.639719656740112, 24.104018877613122 ], [ 76.773660816242824, 24.121418201788448 ], [ 76.773906300670603, 24.139231109067058 ], [ 76.721459879612539, 24.188567774008352 ], [ 76.712679516898731, 24.233102448950159 ], [ 76.740166192583033, 24.300159850312461 ], [ 76.723585360959561, 24.346217297689588 ], [ 76.677128064926492, 24.382573232252057 ], [ 76.701060405544737, 24.416707612054218 ], [ 76.75889182932616, 24.410313080397685 ], [ 76.822174288541845, 24.347931429302058 ], [ 76.85967366713497, 24.34460956264833 ], [ 76.888381471330163, 24.381520436229145 ], [ 76.899805184599344, 24.412909781881002 ], [ 76.953896718215915, 24.469550819829614 ], [ 76.977070724448808, 24.5495095877056 ], [ 76.978974804326512, 24.570982738343158 ], [ 76.957462020338923, 24.598495008554487 ], [ 76.87293662432802, 24.606737050128068 ], [ 76.813436424717239, 24.611765853883146 ], [ 76.766551368825333, 24.622356931122898 ], [ 76.738709743640541, 24.649914568466812 ], [ 76.729617531023806, 24.672952697516834 ], [ 76.741173509440145, 24.714385244065223 ], [ 76.826203188681788, 24.734872953944009 ], [ 76.798744530226458, 24.789669365024412 ], [ 76.75684551944471, 24.824566016015982 ], [ 76.746235967950398, 24.851922762934382 ], [ 76.770509288431626, 24.901801364210367 ], [ 76.87915643129449, 24.916237299517007 ], [ 76.971085749375405, 24.965210400613344 ], [ 77.037336427865682, 24.978649470585413 ], [ 77.208946421965123, 24.991963790323677 ], [ 77.278478804387859, 25.010976174712553 ], [ 77.292014010827046, 25.062353936086378 ], [ 77.294789553678825, 25.126792867407524 ], [ 77.281586888020215, 25.178582222536065 ], [ 77.235668464914923, 25.250930739700834 ], [ 77.190655552097468, 25.28886273609568 ], [ 77.138453990648642, 25.278165059830009 ], [ 77.033740206218141, 25.236654168123959 ], [ 76.974969459615068, 25.207356693187119 ], [ 76.832856097418912, 25.184823115003223 ], [ 76.774464793698641, 25.176935842613688 ], [ 76.705316278390882, 25.187781717881474 ], [ 76.68403695693668, 25.243922264543453 ], [ 76.653047961315849, 25.282970308475821 ], [ 76.604167346090591, 25.282076701634164 ], [ 76.553290705738135, 25.248221975401677 ], [ 76.516851400054236, 25.232834265366769 ], [ 76.463622974535269, 25.262038033995292 ], [ 76.421604151524775, 25.308315934735308 ], [ 76.422475669556789, 25.382841207546605 ], [ 76.382831290783287, 25.503619576182984 ], [ 76.408262775659594, 25.652440997235839 ], [ 76.446885344852078, 25.707960819806569 ], [ 76.547338501319103, 25.768557430968752 ], [ 76.617574353850372, 25.812222125805068 ], [ 76.701392394154013, 25.91588328150527 ], [ 76.758963242735746, 25.951023115233838 ], [ 76.823919206018473, 25.948786317406594 ], [ 76.895599811959059, 25.970793797982498 ], [ 76.926111618450904, 25.99475175190679 ], [ 76.969846977132349, 26.050048163210665 ], [ 77.048331663334864, 26.093376312485095 ], [ 77.131165231546717, 26.110803112525865 ], [ 77.289109752901084, 26.234463632557528 ], [ 77.411135679301722, 26.296937023133811 ], [ 77.491158764708629, 26.322788604210558 ], [ 77.583642599105261, 26.335476274697236 ], [ 77.693423777897991, 26.339183839290239 ], [ 77.715487862301501, 26.398929600794492 ], [ 77.73893071131674, 26.448616927920323 ], [ 77.79888804580392, 26.493289899108827 ], [ 77.91843145981727, 26.562506999188994 ], [ 78.072170957482683, 26.653792751722857 ], [ 78.189204481618418, 26.735701864134338 ], [ 78.241018958004389, 26.763165574534657 ], [ 78.290193743798326, 26.785564949544547 ], [ 78.292284699227864, 26.781232476490889 ], [ 78.377170200097069, 26.774459404611008 ], [ 78.482999700682896, 26.757577062569869 ], [ 78.622590302680223, 26.717090526944986 ], [ 78.710824648087339, 26.693334380733454 ], [ 78.759378556706594, 26.715913770767969 ], [ 78.810485511299618, 26.734827598465298 ], [ 78.863654534898302, 26.696409415225592 ], [ 78.885716282342941, 26.642129712435519 ], [ 78.923040248838305, 26.53017357385103 ], [ 78.987471486559215, 26.437735033094469 ], [ 79.006793378088432, 26.38352083466949 ], [ 79.004154364225101, 26.345427110972533 ], [ 78.974424821392873, 26.289003145815148 ], [ 78.937281447277442, 26.247087591208842 ], [ 78.935283919271242, 26.242742071317522 ], [ 78.921583178940082, 26.21292571451308 ], [ 78.951760041262844, 26.166771839410039 ], [ 78.955714423630241, 26.127300618456175 ], [ 78.892293206383158, 26.048956674537298 ], [ 78.889580828064666, 26.045602804000804 ], [ 78.877978814410511, 25.978978918383095 ], [ 78.876556127299779, 25.970801810301197 ], [ 78.900488715086311, 25.896199989486654 ], [ 78.917203549842156, 25.84326298037529 ], [ 78.900448229985273, 25.77452754048975 ], [ 78.846419969122465, 25.692462427303809 ], [ 78.802015787054344, 25.670075437431422 ], [ 78.802015787054358, 25.670075437431407 ], [ 78.780313989592713, 25.659125714455154 ], [ 78.754335182650649, 25.679421990423304 ], [ 78.780313989592699, 25.659125714455154 ], [ 78.740737114034644, 25.639142762112979 ], [ 78.615744394391328, 25.596955267909312 ], [ 78.471522629970394, 25.569429679663134 ], [ 78.345783014161015, 25.542066748015081 ], [ 78.317983461298283, 25.536000398298725 ], [ 78.221737350461964, 25.478477922248072 ], [ 78.220022071957814, 25.414068185619549 ], [ 78.231470848701392, 25.350562811620271 ], [ 78.279800572073341, 25.194345394095837 ], [ 78.273504399169099, 25.155100817491476 ], [ 78.269643344552108, 25.108640954215073 ], [ 78.269528698382402, 25.108029354163339 ], [ 78.258955521384081, 25.051589349976972 ], [ 78.249380490179519, 25.036283934916472 ], [ 78.173452121705438, 24.936474221187297 ], [ 78.098127024720057, 24.855700730229827 ], [ 78.100325302817083, 24.786424578030427 ], [ 78.108522418267285, 24.695538365296482 ], [ 78.134031759191785, 24.513575858462357 ], [ 78.151954107009558, 24.447552679424177 ], [ 78.165544266434537, 24.417427941793548 ], [ 78.180725355487823, 24.404811195381644 ], [ 78.157456342567656, 24.35850490909397 ], [ 78.135522356365485, 24.272062084614046 ], [ 78.110947421875537, 24.246783821061626 ], [ 78.057764258381553, 24.244042991535068 ], [ 78.017304129659038, 24.206651131498266 ], [ 78.014065336658831, 24.113123936175139 ], [ 78.017218373402514, 24.07008582708891 ], [ 78.050690529853682, 24.034086386495602 ], [ 78.140782146122078, 24.018894517075395 ], [ 78.169932893044859, 23.978186454066634 ], [ 78.181600580719319, 23.945477099465432 ], [ 78.223679042249302, 23.924545795513012 ], [ 78.246938250945718, 23.899228458743362 ], [ 78.225936415728683, 23.848105706087917 ], [ 78.172982820594726, 23.805278968854498 ], [ 78.180414261925435, 23.726820102896369 ], [ 78.222469937873868, 23.691755867163941 ], [ 78.233263842944012, 23.682751825518451 ], [ 78.272596356431407, 23.680015075052754 ], [ 78.297472727944182, 23.638427028134881 ], [ 78.30224504644147, 23.622092414604676 ], [ 78.308656326411977, 23.588534959429705 ], [ 78.353870479920246, 23.548415435876777 ], [ 78.412281179353485, 23.554304737416636 ], [ 78.510272227334895, 23.587924229092227 ], [ 78.594850909086347, 23.555557154191341 ], [ 78.597368170947405, 23.50537787424037 ], [ 78.591014889825061, 23.485834121636302 ], [ 78.561969684091537, 23.488291537746434 ], [ 78.526912874130403, 23.483719405753213 ], [ 78.519764121912459, 23.433757018130947 ], [ 78.515318104878943, 23.412375387981928 ], [ 78.456367259630454, 23.383258160216375 ], [ 78.436660662510988, 23.37116108827307 ], [ 78.479789752644152, 23.314709862367536 ], [ 78.545511466710735, 23.30786481596904 ], [ 78.596942860914766, 23.27447053365794 ], [ 78.622991944883424, 23.162887894083308 ], [ 78.660664743801803, 23.124425777217805 ], [ 78.658610898351895, 23.113156793794492 ], [ 78.651572172576493, 23.074516248887779 ], [ 78.562865805032459, 23.012098845881155 ], [ 78.480405015764291, 22.998945130979298 ], [ 78.424996620880975, 22.990080461516179 ], [ 78.376365718303106, 22.978592620603518 ], [ 78.300076110501863, 22.942600547696472 ], [ 78.215166984839044, 22.867348744565419 ], [ 78.138729543436398, 22.820527115500745 ], [ 78.084461922838599, 22.812633832869174 ], [ 78.004188318252275, 22.851776955856735 ], [ 77.947631139711845, 22.827761964013092 ], [ 77.881172901575411, 22.791367204720668 ], [ 77.762280002947364, 22.834668628693308 ], [ 77.684621646970811, 22.816293915161427 ], [ 77.637331797107308, 22.768719268561863 ], [ 77.553330381083086, 22.718135852241485 ], [ 77.507918865520764, 22.663320498990867 ], [ 77.405108912750393, 22.634441645987575 ], [ 77.339141684883131, 22.613918674743008 ], [ 77.276696420679841, 22.571817174572228 ], [ 77.187715749770874, 22.556927873291801 ], [ 77.12235866659698, 22.572138576747438 ], [ 77.079598203200959, 22.551195735486903 ], [ 77.032861839767548, 22.521331520022688 ], [ 76.960138476531895, 22.561656239787343 ], [ 76.957291339166403, 22.560594923209607 ], [ 76.94672675003109, 22.612097507089558 ], [ 76.957291339166389, 22.560594923209607 ], [ 76.936864957991276, 22.552978645856086 ], [ 76.862818954128414, 22.498301317861976 ], [ 76.787270277270167, 22.472276192697301 ], [ 76.744652445827796, 22.456614027467232 ], [ 76.713125436020732, 22.401395737172162 ], [ 76.68128072625791, 22.317498146507024 ], [ 76.632631580324627, 22.274982248762189 ], [ 76.540956757243123, 22.343984379358147 ], [ 76.491345764675373, 22.389255904427166 ], [ 76.444548196587874, 22.40215021998916 ], [ 76.437533387428061, 22.404081684620856 ], [ 76.387385835024773, 22.400935225628707 ], [ 76.344535737829219, 22.354695819735142 ], [ 76.272513285178292, 22.274619191894665 ], [ 76.152416725323974, 22.296136778716978 ], [ 76.126355575790072, 22.30079362667766 ], [ 76.027752037532238, 22.251257302971357 ], [ 75.992839222635638, 22.215623207882455 ], [ 76.000209518221993, 22.168971464764372 ], [ 76.009576030517252, 22.133062381287409 ], [ 76.001500469113154, 22.079334742316178 ], [ 76.024385424179627, 22.052304296900843 ], [ 76.059170226705817, 22.075386256480183 ], [ 76.128559312691721, 22.09463999823803 ], [ 76.166834832656647, 22.071068527607615 ], [ 76.15499100774332, 22.033509545295544 ], [ 76.089063246298139, 21.960465943164245 ], [ 76.027083177050883, 21.892746186599208 ], [ 75.980655150635187, 21.844628059533235 ], [ 75.968748465271602, 21.787333503234624 ], [ 76.0259075186638, 21.727831331734411 ], [ 76.077586631237622, 21.711369494978136 ], [ 76.104237094563146, 21.684304723090289 ], [ 76.096253936920419, 21.643127105046979 ], [ 76.038400013598235, 21.596889426225506 ], [ 75.948228567329764, 21.584878643392226 ], [ 75.917358659562908, 21.552782527457264 ], [ 75.970299891602409, 21.444919603253364 ], [ 75.994937352099598, 21.407127735121644 ], [ 75.973524057074613, 21.353471179392095 ], [ 75.875725243506011, 21.319946599663204 ], [ 75.735975057681301, 21.304480712880789 ], [ 75.640302803839688, 21.301286223109578 ], [ 75.529193670555614, 21.260435601847249 ], [ 75.460517578421644, 21.318010372711747 ], [ 75.384047099141441, 21.343303182133649 ], [ 75.320850849593512, 21.323713576752045 ], [ 75.271076949420305, 21.31125064976581 ], [ 75.192669657698403, 21.341838668377957 ], [ 75.165905468613758, 21.366968305844249 ], [ 75.087417686291332, 21.349098144606103 ], [ 75.054889621274015, 21.368834244345127 ], [ 75.035755105289496, 21.395733417482017 ], [ 75.041513668839173, 21.449519843915194 ], [ 75.012790708011394, 21.499726103720732 ], [ 75.00452242604554, 21.498570306337069 ], [ 74.846139694898213, 21.476347950581509 ], [ 74.710107886069821, 21.492303488762438 ], [ 74.604682517223964, 21.515394725712049 ], [ 74.535496768707731, 21.581552207832715 ], [ 74.483780860509626, 21.570642899143838 ] ], [ [ 76.665806018353166, 23.541828129613013 ], [ 76.609048502026383, 23.490554853730139 ], [ 77.107991672814165, 23.503513129991134 ], [ 76.665806018353166, 23.541828129613013 ] ], [ [ 77.107991672814165, 23.503513129991134 ], [ 77.082790085126689, 23.483361428994723 ], [ 77.07770654702621, 23.479295226870729 ], [ 77.071268443164684, 23.474144912518739 ], [ 77.107991672814165, 23.503513129991134 ] ], [ [ 75.795556294546159, 22.755666981918655 ], [ 75.658322867592645, 22.631693844686449 ], [ 76.523113200821001, 22.743549199964317 ], [ 75.795556294546159, 22.755666981918655 ] ], [ [ 76.523113200821001, 22.743549199964317 ], [ 76.536164254689709, 22.620121274653457 ], [ 76.526805144150771, 22.708649227070723 ], [ 76.523113200821001, 22.743549199964317 ] ], [ [ 75.124181103064615, 22.149163955684187 ], [ 75.120857891831548, 22.146161852396421 ], [ 75.237052687402553, 22.156611973953815 ], [ 75.124181103064615, 22.149163955684187 ] ], [ [ 75.237052687402553, 22.156611973953815 ], [ 75.223158378686094, 22.135112994016971 ], [ 75.21390375206191, 22.120788753098889 ], [ 75.237052687402553, 22.156611973953815 ] ], [ [ 75.214137617239444, 23.606436395974569 ], [ 75.219057446874373, 23.68693418530637 ], [ 75.103996912430489, 23.93542347863653 ], [ 75.214137617239444, 23.606436395974569 ] ], [ [ 75.103996912430489, 23.93542347863653 ], [ 75.101254913819346, 23.93570536658336 ], [ 75.016246990019624, 23.94441962641714 ], [ 75.103996912430489, 23.93542347863653 ] ], [ [ 77.202617296615585, 24.026769588448389 ], [ 77.210967615440168, 23.921446792749347 ], [ 77.202227320631948, 23.865678223501789 ], [ 77.201500947074123, 23.82269290381079 ], [ 77.26078850424652, 23.815623914564693 ], [ 77.33725401594856, 23.835024974316735 ], [ 77.423580518911436, 23.869516956349671 ], [ 77.524752304666237, 23.943836817216603 ], [ 77.606487935135647, 23.976859972426745 ], [ 77.723549345036673, 23.981989417246162 ], [ 77.797213251312456, 23.999288519278636 ], [ 77.849477350240477, 24.035575166444957 ], [ 77.841289084423124, 24.088736660509309 ], [ 77.781285399630278, 24.128524333298611 ], [ 77.773562710053213, 24.204599223894185 ], [ 77.741876882126292, 24.256751803912689 ], [ 77.68876354727179, 24.257700617833759 ], [ 77.584293997076173, 24.269542698907618 ], [ 77.532816387866845, 24.274708148531776 ], [ 77.458489839810028, 24.230074608560411 ], [ 77.397028139069178, 24.202395327643043 ], [ 77.202617296615585, 24.026769588448389 ] ], [ [ 77.397028139069178, 24.202395327643043 ], [ 77.337623031681829, 24.200452728393675 ], [ 77.265975293645596, 24.21300033240281 ], [ 77.237517099570027, 24.181674405888348 ], [ 77.397028139069178, 24.202395327643043 ] ], [ [ 75.641469556404545, 23.911871568692082 ], [ 75.640102713379719, 23.900147944082477 ], [ 75.585358684161349, 23.864519777077675 ], [ 75.477743731017682, 23.854854161211222 ], [ 75.455534534748338, 23.824428363515693 ], [ 75.446416423317672, 23.81193173310583 ], [ 75.465936198729622, 23.729231022053195 ], [ 75.469443872116273, 23.714358846772367 ], [ 75.523818414151464, 23.68120475478754 ], [ 75.580423958865111, 23.677091829885605 ], [ 75.586075650121586, 23.676680033167621 ], [ 75.659520781930311, 23.730871778669947 ], [ 75.728272199597342, 23.770710974768537 ], [ 75.806291270364497, 23.790396892549413 ], [ 75.886183173083097, 23.853045863961 ], [ 75.91307093436663, 23.873379413760219 ], [ 75.641469556404545, 23.911871568692082 ] ], [ [ 75.940775825156038, 22.8866563167606 ], [ 75.940596290689641, 22.886692372344434 ], [ 75.94055443644956, 22.886654562303807 ], [ 75.940775825156038, 22.8866563167606 ] ], [ [ 75.733133476390435, 22.056210855726839 ], [ 75.813775167902904, 21.988903613235323 ], [ 75.939533784711927, 21.99528400594992 ], [ 75.936102220101986, 22.039878840409632 ], [ 75.908701790078183, 22.084968285053282 ], [ 75.870841004652789, 22.100471445111705 ], [ 75.798113084935039, 22.120920537699771 ], [ 75.755921106628207, 22.098175209749481 ], [ 75.733133476390435, 22.056210855726839 ] ], [ [ 75.50675252261972, 22.3611763483004 ], [ 75.486206459295133, 22.391709162198222 ], [ 75.508448246791062, 22.358655686011655 ], [ 75.50675252261972, 22.3611763483004 ] ], [ [ 74.951679299853836, 21.993330277279473 ], [ 74.892767201127597, 21.940110607246034 ], [ 75.241618658789235, 21.949811940701263 ], [ 75.243344882340224, 21.934776193318196 ], [ 75.241618868052896, 21.94981194652075 ], [ 75.239557013817731, 21.967769274771683 ], [ 75.241618654751548, 21.949811975870372 ], [ 75.089338106732285, 21.970765320310534 ], [ 75.143472096866759, 21.983657999113728 ], [ 75.089328288360662, 21.970766671288878 ], [ 74.98302908609449, 21.985393121139293 ], [ 75.04735264291277, 21.960765963195282 ], [ 74.988318130011592, 21.980859526966093 ], [ 74.951679299853836, 21.993330277279473 ] ], [ [ 74.607419470765038, 22.184028800626916 ], [ 74.589170611716796, 22.192999829575342 ], [ 74.622067928666155, 22.176825381079361 ], [ 74.607419470765038, 22.184028800626916 ] ], [ [ 74.967496097415932, 22.969074276082456 ], [ 74.967495074223052, 22.969075173220681 ], [ 74.943840362130686, 22.964048522012124 ], [ 74.967496097415932, 22.969074276082456 ] ], [ [ 74.760916913073032, 23.067846946623042 ], [ 74.806682899627404, 23.035643487142604 ], [ 74.771343384094976, 23.060512845245814 ], [ 74.760916913073032, 23.067846946623042 ] ], [ [ 76.084503055311757, 24.03189471748459 ], [ 76.084195505438913, 24.04389721519037 ], [ 76.083746123080161, 24.044921842424475 ], [ 76.062742310912697, 24.092793431272664 ], [ 76.039548960029464, 24.121626909867029 ], [ 76.019686354835599, 24.17767504530033 ], [ 75.983919945489376, 24.200849270787419 ], [ 75.944844656970986, 24.201096594699838 ], [ 75.924267051104749, 24.165379824556133 ], [ 75.923896054726441, 24.113767880273901 ], [ 75.923515839379931, 24.060721902070171 ], [ 75.903650751737743, 24.008401506962734 ], [ 76.084503055311757, 24.03189471748459 ] ], [ [ 75.4114770430524, 23.944466791601279 ], [ 75.387780514456608, 23.947472684112519 ], [ 75.363390913355872, 23.950562535378943 ], [ 75.4114770430524, 23.944466791601279 ] ] ], [ [ [ 75.04735264291277, 21.960765963195282 ], [ 75.067109596520666, 21.965476529197812 ], [ 75.089328288360662, 21.970766671288878 ], [ 75.089338106732285, 21.970765320310534 ], [ 75.04735264291277, 21.960765963195282 ] ] ], [ [ [ 75.241618654751548, 21.949811975870372 ], [ 75.241618868052896, 21.94981194652075 ], [ 75.241618658789235, 21.949811940701263 ], [ 75.241618654751548, 21.949811975870372 ] ] ] ] } },
{ "type": "Feature", "properties": { "state_name": "Central Province and", "id": 7 }, "geometry": { "type": "Polygon", "coordinates": [ [ [ 82.191621168237717, 22.878803382286083 ], [ 82.189704028923785, 22.818278160991277 ], [ 82.230587440124722, 22.791462289851292 ], [ 82.271880188556665, 22.796705007816083 ], [ 82.320839056779434, 22.825346993419476 ], [ 82.368415035331651, 22.875420228306471 ], [ 82.394833333612979, 22.889632649715011 ], [ 82.441591580064184, 22.900506732577696 ], [ 82.481566086628348, 22.904558879946812 ], [ 82.499734340312301, 22.897169628547715 ], [ 82.517931337959311, 22.889766072462713 ], [ 82.535730362078141, 22.863973996174355 ], [ 82.543232742962644, 22.837484495953529 ], [ 82.529239802640149, 22.793012659437064 ], [ 82.518532341882207, 22.761448608853822 ], [ 82.522272342983499, 22.736326706014388 ], [ 82.557936275043602, 22.709691025778195 ], [ 82.620655348395687, 22.686507788099078 ], [ 82.748287782730429, 22.657784067548679 ], [ 82.808180341569368, 22.653671646712425 ], [ 82.841470903942053, 22.631853594082109 ], [ 82.924608415397543, 22.609936009693257 ], [ 82.966745031632527, 22.609023568175825 ], [ 83.022621294293373, 22.602661855678413 ], [ 83.062362321805551, 22.582856665573093 ], [ 83.098134799626862, 22.556120254120323 ], [ 83.101532847827286, 22.553579754130311 ], [ 83.099726055264128, 22.522818169163294 ], [ 83.098546386923459, 22.502704687394303 ], [ 83.081428515789668, 22.450168991030164 ], [ 83.055460161592208, 22.376711545652068 ], [ 83.033052855379509, 22.342229678137802 ], [ 83.04224842078483, 22.302607708502872 ], [ 83.077687975067775, 22.275915286850395 ], [ 83.089277064352004, 22.233802089105321 ], [ 83.079672870421959, 22.199869700626916 ], [ 83.056829350817139, 22.157101363577137 ], [ 83.036813354078049, 22.118933378585584 ], [ 83.0011708646187, 22.074409935460782 ], [ 82.997721249563895, 22.070697865608214 ], [ 82.991679506351247, 22.064195646777172 ], [ 82.916020113042535, 22.077393529196272 ], [ 82.854327799468152, 22.067329014021855 ], [ 82.830308180504829, 22.02456316410553 ], [ 82.788077407954702, 21.974350416870145 ], [ 82.789447184311399, 21.952915012127114 ], [ 82.800126720819478, 21.915602019572784 ], [ 82.831881383801459, 21.891528391861762 ], [ 82.8633278089616, 21.838976598336743 ], [ 82.905107255064607, 21.835780114106644 ], [ 82.939866415546334, 21.843595389082495 ], [ 82.979698454676765, 21.851155111628902 ], [ 83.008592261919631, 21.844998087875993 ], [ 83.010990625627883, 21.843540338109612 ], [ 83.031945862563418, 21.830801194244977 ], [ 83.063565379772839, 21.782970260806849 ], [ 83.061376264653248, 21.774241960365732 ], [ 83.052104549869895, 21.737253412991766 ], [ 83.037584413167835, 21.704736760258452 ], [ 83.022809429699777, 21.667482837721185 ], [ 82.99185111192088, 21.635756750166305 ], [ 82.953871432935387, 21.637590702204285 ], [ 82.939098336706124, 21.622872407489361 ], [ 82.938723410520197, 21.563626312827996 ], [ 82.926606342503092, 21.527650835872315 ], [ 82.928053327893124, 21.500535813372128 ], [ 82.856349937408567, 21.506316047361405 ], [ 82.783062844808384, 21.521166442049562 ], [ 82.73602742012396, 21.55281130839445 ], [ 82.576467863279689, 21.56968520655419 ], [ 82.469679750341868, 21.586889066373121 ], [ 82.367334735023164, 21.612384575909086 ], [ 82.235988326965938, 21.648602360377343 ], [ 82.087002211351333, 21.70295923847268 ], [ 82.008680855607494, 21.700956733143038 ], [ 81.963853490027333, 21.681456715819927 ], [ 81.874142065290755, 21.640630260977741 ], [ 81.781413566885874, 21.61591977480942 ], [ 81.741848551154774, 21.613600170465013 ], [ 81.738207661431119, 21.668663543057868 ], [ 81.721786459612545, 21.712145067209903 ], [ 81.679200188978541, 21.740634462295624 ], [ 81.626220984994873, 21.73742074239966 ], [ 81.579430477953679, 21.730373830383719 ], [ 81.540157911710182, 21.720635381930148 ], [ 81.501700447256141, 21.742974145638247 ], [ 81.480834164645927, 21.746175222459282 ], [ 81.433797183154482, 21.733741153268795 ], [ 81.404907716489518, 21.734436867698417 ], [ 81.393727210513305, 21.73470475572574 ], [ 81.369861430391083, 21.742172556557598 ], [ 81.368522402162995, 21.744333368387103 ], [ 81.329431036658178, 21.807390564592492 ], [ 81.325445410176386, 21.815669752025691 ], [ 81.325504657763574, 21.815633136531535 ], [ 81.340365331637997, 21.834694233325724 ], [ 81.377072758667936, 21.857665521707268 ], [ 81.38081777598704, 21.860000173592717 ], [ 81.401329328082596, 21.872783849850215 ], [ 81.420211064080917, 21.895841555891764 ], [ 81.435180651477069, 21.930947078516137 ], [ 81.435751579810685, 21.957694001135 ], [ 81.428235071777166, 21.988923436274835 ], [ 81.417820420704771, 22.012533628989466 ], [ 81.400932969252025, 22.048296129900098 ], [ 81.380451125862308, 22.075275623163886 ], [ 81.340951437655463, 22.119655047363189 ], [ 81.295848181582514, 22.167816984660327 ], [ 81.266502639028573, 22.22607417655863 ], [ 81.239006785503804, 22.254507217215135 ], [ 81.182547771597925, 22.307851117055122 ], [ 81.163014191332621, 22.357991102304847 ], [ 81.150146083730206, 22.437108834918785 ], [ 81.164642209870522, 22.458390482503678 ], [ 81.205514674720902, 22.461816293238243 ], [ 81.218584482046637, 22.479162956089102 ], [ 81.227535727224904, 22.507378791204754 ], [ 81.248736855852755, 22.53440231359053 ], [ 81.269905900421719, 22.543572034117773 ], [ 81.300025268984626, 22.546674627591738 ], [ 81.31883479550423, 22.520944602377782 ], [ 81.37197257141743, 22.506705072747668 ], [ 81.404085065397879, 22.503284633346787 ], [ 81.459763511097222, 22.511046139364094 ], [ 81.491807186553942, 22.539018354855653 ], [ 81.528997326530288, 22.561775298387644 ], [ 81.584851023630705, 22.556632627556304 ], [ 81.592229292664143, 22.566320878943849 ], [ 81.630972358496237, 22.588985016762535 ], [ 81.640954232503177, 22.620685409890605 ], [ 81.642639430019628, 22.655584573138821 ], [ 81.643948599561028, 22.682649043821712 ], [ 81.642607935564129, 22.712373744241873 ], [ 81.658440674048805, 22.707079864749371 ], [ 81.677155697521826, 22.749113789863287 ], [ 81.676625640698077, 22.790764310447909 ], [ 81.694963603620394, 22.876814835308011 ], [ 81.712494122003307, 22.89391241339705 ], [ 81.81484212423598, 22.887159069480607 ], [ 81.83664656161649, 22.912378971817297 ], [ 81.850312589334891, 22.979565587359399 ], [ 81.869057302067873, 23.070308292064208 ], [ 81.910939751238942, 23.085119157446513 ], [ 81.962534173733815, 23.088786508055904 ], [ 82.010280459205589, 23.092607773140166 ], [ 82.060179639548039, 23.112959195177581 ], [ 82.111096307283233, 23.15226361515327 ], [ 82.11549241997507, 23.142396922081304 ], [ 82.14783741304494, 23.069769536923811 ], [ 82.194702164490607, 22.936898505724326 ], [ 82.191621168237717, 22.878803382286083 ] ] ] } },
{ "type": "Feature", "properties": { "state_name": "Central Province and Berar", "id": 8 }, "geometry": { "type": "Polygon", "coordinates": [ [ [ 78.454978323162052, 19.868136407391546 ], [ 78.440670205467413, 19.867991711849449 ], [ 78.408472791391858, 19.837570797931853 ], [ 78.382317400064153, 19.853589682434379 ], [ 78.349416436453211, 19.909131660921929 ], [ 78.295405560353444, 19.922081221301056 ], [ 78.239464173984899, 19.902812177605853 ], [ 78.218525747595123, 19.866177393478562 ], [ 78.201286205590421, 19.82469625951429 ], [ 78.15616132744826, 19.839829779130781 ], [ 78.102427070212997, 19.867044419117985 ], [ 78.066569123610734, 19.840199673294009 ], [ 78.070629006721063, 19.788780244518467 ], [ 78.037023049392616, 19.746363300097062 ], [ 77.989991057212293, 19.726853079718111 ], [ 77.979174515432049, 19.687622637817043 ], [ 78.00758576836445, 19.656098248616278 ], [ 78.051172895694762, 19.627896383827498 ], [ 78.115658167936104, 19.63873230666189 ], [ 78.207894337594425, 19.586958882984948 ], [ 78.270478032286888, 19.566729245566712 ], [ 78.274141984344084, 19.498603709057043 ], [ 78.250961033366011, 19.472753014294625 ], [ 78.193771423883433, 19.509593938948235 ], [ 78.153186324694417, 19.494782839996375 ], [ 78.163749826782023, 19.45519225391179 ], [ 78.194509800171005, 19.418829472699013 ], [ 78.190875715348767, 19.361576252163907 ], [ 78.168687193659821, 19.320169502640063 ], [ 78.117826268328827, 19.34087078417701 ], [ 78.10128009196535, 19.347601391926833 ], [ 78.041225336314227, 19.433405795253826 ], [ 77.984691251539076, 19.508390514054451 ], [ 77.945680305972232, 19.510224718226301 ], [ 77.918338483581451, 19.460506094763034 ], [ 77.919553725828933, 19.38763170901651 ], [ 77.862430702202161, 19.35987502645898 ], [ 77.810163546333243, 19.394133969193163 ], [ 77.78097788094054, 19.454305732536234 ], [ 77.777287334644555, 19.533196009488936 ], [ 77.744741442834268, 19.545638272869724 ], [ 77.725008438951804, 19.571021411002278 ], [ 77.703088699183013, 19.616742238643933 ], [ 77.656262520461439, 19.605494170489102 ], [ 77.591512177239039, 19.576573219159233 ], [ 77.571308615631636, 19.588676415909131 ], [ 77.546563134290935, 19.60349525449395 ], [ 77.533768142934605, 19.671768993656944 ], [ 77.522077055035709, 19.730469973199032 ], [ 77.476034232900574, 19.77173038463485 ], [ 77.450508181992404, 19.83539898293369 ], [ 77.438689652413842, 19.88812608602651 ], [ 77.425130896803694, 19.894772344469281 ], [ 77.388541686286175, 19.912700134202133 ], [ 77.27712982180644, 19.895046042659871 ], [ 77.256034085145416, 19.921599907161795 ], [ 77.203216049059847, 19.938989909976282 ], [ 77.157203170698907, 19.900125212165953 ], [ 77.131767312795759, 19.887288469038982 ], [ 77.109573480817701, 19.928178400686651 ], [ 77.062941249658593, 19.937090219233941 ], [ 77.000524464730759, 19.897176667563894 ], [ 76.969501512215245, 19.840165122969132 ], [ 76.913786082257161, 19.827626885865111 ], [ 76.861243582772161, 19.870008143354365 ], [ 76.793081861881618, 19.87429249265066 ], [ 76.761058791832554, 19.850822161254921 ], [ 76.729536372529097, 19.884917762911403 ], [ 76.761058791832539, 19.850822161254921 ], [ 76.731961196455657, 19.829484434270395 ], [ 76.702459983122949, 19.78674484679583 ], [ 76.636605135020915, 19.767042675329197 ], [ 76.568672938498239, 19.791554468537694 ], [ 76.527396358779797, 19.832547998266453 ], [ 76.476901947857797, 19.835363512788213 ], [ 76.424800912391049, 19.799930661864714 ], [ 76.380441191523062, 19.78115506467994 ], [ 76.346451903725196, 19.793366765149411 ], [ 76.284992304339525, 19.845215918302642 ], [ 76.24865130391899, 19.882527730128459 ], [ 76.197092265325296, 19.915154728775232 ], [ 76.216441584643846, 19.966420488782873 ], [ 76.233321816282682, 20.023676826590485 ], [ 76.233676540346522, 20.069094283069759 ], [ 76.256712113174984, 20.102398886959044 ], [ 76.305046665904015, 20.133123894493266 ], [ 76.332005490895, 20.178340228061383 ], [ 76.313369628015394, 20.220312832999969 ], [ 76.264222550506261, 20.249359002343439 ], [ 76.178287917616473, 20.273862448646316 ], [ 76.147291819500339, 20.364907501117976 ], [ 76.112156693717651, 20.41414039534089 ], [ 76.059121822021169, 20.445547823649747 ], [ 76.0051004883275, 20.52356114591932 ], [ 75.971095366419078, 20.527129205046418 ], [ 75.974651434604908, 20.582702275504797 ], [ 75.98590393245486, 20.674434593533533 ], [ 76.03181701265062, 20.702851718040268 ], [ 76.076222369217589, 20.731265326068986 ], [ 76.087293861215059, 20.78713175828976 ], [ 76.087684837747489, 20.841630732398595 ], [ 76.068216613276164, 20.893386144534624 ], [ 76.071819736635788, 20.970812297686717 ], [ 76.09514192362542, 21.028032673778217 ], [ 76.133535219287921, 21.055030792558068 ], [ 76.186858182983713, 21.0360223339081 ], [ 76.316518190312266, 21.014989878200456 ], [ 76.35317159799159, 21.014702286646639 ], [ 76.384515860142884, 21.055982953460298 ], [ 76.385640616692811, 21.057463707422762 ], [ 76.401373872121795, 21.106093277926689 ], [ 76.375779388532123, 21.147891314087364 ], [ 76.316177421650536, 21.149799396641139 ], [ 76.195805418879161, 21.199453796197119 ], [ 76.144033169841023, 21.228495611819117 ], [ 76.107581490527224, 21.263158921193501 ], [ 76.134040574034771, 21.321783275501126 ], [ 76.175752323353279, 21.370257206646155 ], [ 76.182141183871067, 21.403197109882065 ], [ 76.144193192667629, 21.4464842898828 ], [ 76.098249924634317, 21.448226225147117 ], [ 76.072240161952408, 21.452697344666081 ], [ 76.036925387688001, 21.441446616944003 ], [ 75.989476607092612, 21.415506003286865 ], [ 75.970299891602409, 21.444919603253364 ], [ 75.917358659562908, 21.552782527457264 ], [ 75.948228567329764, 21.584878643392226 ], [ 76.038400013598235, 21.596889426225506 ], [ 76.096253936920419, 21.643127105046979 ], [ 76.104237094563146, 21.684304723090289 ], [ 76.077586631237622, 21.711369494978136 ], [ 76.0259075186638, 21.727831331734411 ], [ 75.968748465271602, 21.787333503234624 ], [ 75.980655150635187, 21.844628059533235 ], [ 76.027083177050883, 21.892746186599208 ], [ 76.089063246298139, 21.960465943164245 ], [ 76.15499100774332, 22.033509545295544 ], [ 76.166834832656647, 22.071068527607615 ], [ 76.128559312691721, 22.09463999823803 ], [ 76.059170226705817, 22.075386256480183 ], [ 76.024385424179627, 22.052304296900843 ], [ 76.001500469113154, 22.079334742316178 ], [ 76.009576030517252, 22.133062381287409 ], [ 76.000209518221993, 22.168971464764372 ], [ 75.992839222635638, 22.215623207882455 ], [ 76.027752037532238, 22.251257302971357 ], [ 76.126355575790072, 22.30079362667766 ], [ 76.272513285178292, 22.274619191894665 ], [ 76.344535737829219, 22.354695819735142 ], [ 76.387385835024773, 22.400935225628707 ], [ 76.437533387428061, 22.404081684620856 ], [ 76.491345764675373, 22.389255904427166 ], [ 76.540956757243123, 22.343984379358147 ], [ 76.632631580324627, 22.274982248762189 ], [ 76.651738523874755, 22.291685397287665 ], [ 76.68128072625791, 22.317498146507024 ], [ 76.713125436020732, 22.401395737172162 ], [ 76.744652445827796, 22.456614027467232 ], [ 76.787270277270167, 22.472276192697301 ], [ 76.862818954128414, 22.498301317861976 ], [ 76.936864957991276, 22.552978645856086 ], [ 76.957291339166403, 22.560594923209607 ], [ 76.960138476531895, 22.561656239787343 ], [ 77.032861839767548, 22.521331520022688 ], [ 77.079598203200959, 22.551195735486903 ], [ 77.12235866659698, 22.572138576747438 ], [ 77.187715749770874, 22.556927873291801 ], [ 77.276696420679841, 22.571817174572228 ], [ 77.339141684883131, 22.613918674743008 ], [ 77.405108912750393, 22.634441645987575 ], [ 77.507918865520764, 22.663320498990867 ], [ 77.553330381083086, 22.718135852241485 ], [ 77.637331797107308, 22.768719268561863 ], [ 77.684621646970811, 22.816293915161427 ], [ 77.762280002947364, 22.834668628693308 ], [ 77.881172901575411, 22.791367204720668 ], [ 77.947631139711845, 22.827761964013092 ], [ 78.004188318252275, 22.851776955856735 ], [ 78.084461922838599, 22.812633832869174 ], [ 78.138729543436398, 22.820527115500745 ], [ 78.215166984839044, 22.867348744565419 ], [ 78.300076110501863, 22.942600547696472 ], [ 78.376365718303106, 22.978592620603518 ], [ 78.424996620880975, 22.990080461516179 ], [ 78.480405015764291, 22.998945130979298 ], [ 78.562865805032459, 23.012098845881155 ], [ 78.651572172576493, 23.074516248887779 ], [ 78.658610898351895, 23.113156793794492 ], [ 78.660664743801803, 23.124425777217805 ], [ 78.622991944883424, 23.162887894083308 ], [ 78.596942860914766, 23.27447053365794 ], [ 78.545511466710735, 23.30786481596904 ], [ 78.479789752644152, 23.314709862367536 ], [ 78.436660662510988, 23.37116108827307 ], [ 78.456367259630454, 23.383258160216375 ], [ 78.515318104878943, 23.412375387981928 ], [ 78.519764121912459, 23.433757018130947 ], [ 78.526912874130403, 23.483719405753213 ], [ 78.561969684091537, 23.488291537746434 ], [ 78.591014889825061, 23.485834121636302 ], [ 78.597368170947405, 23.50537787424037 ], [ 78.594850909086347, 23.555557154191341 ], [ 78.510272227334895, 23.587924229092227 ], [ 78.412281179353485, 23.554304737416636 ], [ 78.353870479920246, 23.548415435876777 ], [ 78.308656326411977, 23.588534959429705 ], [ 78.30224504644147, 23.622092414604676 ], [ 78.297472727944182, 23.638427028134881 ], [ 78.272596356431407, 23.680015075052754 ], [ 78.233263842944012, 23.682751825518451 ], [ 78.222469937873868, 23.691755867163941 ], [ 78.180414261925435, 23.726820102896369 ], [ 78.172982820594726, 23.805278968854498 ], [ 78.225936415728683, 23.848105706087917 ], [ 78.246938250945718, 23.899228458743362 ], [ 78.223679042249302, 23.924545795513012 ], [ 78.181600580719319, 23.945477099465432 ], [ 78.169932893044859, 23.978186454066634 ], [ 78.140782146122078, 24.018894517075395 ], [ 78.050690529853682, 24.034086386495602 ], [ 78.017218373402514, 24.07008582708891 ], [ 78.014065336658831, 24.113123936175139 ], [ 78.017304129659038, 24.206651131498266 ], [ 78.057764258381553, 24.244042991535068 ], [ 78.110947421875537, 24.246783821061626 ], [ 78.135522356365485, 24.272062084614046 ], [ 78.157456342567656, 24.35850490909397 ], [ 78.180725355487823, 24.404811195381644 ], [ 78.184698199373045, 24.401508808609986 ], [ 78.284847408506081, 24.393399768167562 ], [ 78.363822557527627, 24.373762605153722 ], [ 78.403040414361669, 24.329922167070361 ], [ 78.456149327032861, 24.319173441621583 ], [ 78.544614432259763, 24.315938021906245 ], [ 78.566002979639876, 24.289183709281879 ], [ 78.606388840539012, 24.244078041566802 ], [ 78.658511159732882, 24.246411927391854 ], [ 78.685133349576617, 24.221904366628223 ], [ 78.7386601409885, 24.183609593587811 ], [ 78.806243224366369, 24.181934930517048 ], [ 78.87504747622998, 24.177813098723821 ], [ 78.900690639406534, 24.251125332235858 ], [ 78.901067438212522, 24.30599416789158 ], [ 78.923730519160642, 24.323304284751071 ], [ 78.931495041654046, 24.381145460667451 ], [ 78.967255384506103, 24.397877573273895 ], [ 79.020147687780494, 24.422724160762982 ], [ 79.081518605116116, 24.427042944703565 ], [ 79.088039361102119, 24.421856485112709 ], [ 79.10945917337952, 24.404815091646313 ], [ 79.116184756422825, 24.371233872823066 ], [ 79.078990311802315, 24.30782799392383 ], [ 79.069712083966238, 24.220999308370843 ], [ 79.013519552035291, 24.171198066234538 ], [ 79.012326362184979, 24.133056244783258 ], [ 79.062581162019043, 24.078046183134788 ], [ 79.114010755311469, 24.061162592333645 ], [ 79.235175901920442, 24.07216412460987 ], [ 79.247196207235618, 24.079691002344788 ], [ 79.278953611121949, 24.099567329607265 ], [ 79.316282323237985, 24.166494513406708 ], [ 79.317153739138973, 24.230870348968974 ], [ 79.334606177729256, 24.285232180274846 ], [ 79.382271542280407, 24.347066531505725 ], [ 79.457432609082872, 24.37468337229328 ], [ 79.478178721704168, 24.372162192693903 ], [ 79.49631993006021, 24.369955202871946 ], [ 79.57832478419904, 24.369880180789753 ], [ 79.640391268361839, 24.394218181752603 ], [ 79.700854778502219, 24.393339047558712 ], [ 79.713251973281245, 24.393155801443715 ], [ 79.742244081925861, 24.298070771128572 ], [ 79.730082511688138, 24.250764961140547 ], [ 79.699319263181138, 24.192111292449031 ], [ 79.682992666045905, 24.136581305199396 ], [ 79.683327150426194, 24.003043582390102 ], [ 79.74386208710861, 23.88434803039253 ], [ 79.791534357699575, 23.841144414142587 ], [ 79.796208558683276, 23.792122957139554 ], [ 79.846186394900414, 23.777445762211862 ], [ 79.848287675525881, 23.779586353401022 ], [ 79.904101178374191, 23.836402951169919 ], [ 79.969044888507582, 23.908214300618774 ], [ 80.012601604780329, 23.92824994070223 ], [ 80.053342091566378, 23.909035627307965 ], [ 80.090106051081492, 23.920928924056039 ], [ 80.122826949728207, 23.961548103177801 ], [ 80.151825982819389, 24.005857768313685 ], [ 80.220191324149283, 23.996389421512557 ], [ 80.291986591568715, 23.976049685259685 ], [ 80.323170055440713, 23.971146043933118 ], [ 80.398901823222076, 23.959209879943959 ], [ 80.521335901836025, 24.03345966495522 ], [ 80.557170567803539, 24.052408717150634 ], [ 80.642176003953963, 24.06834542121377 ], [ 80.741702925513138, 24.089638972383966 ], [ 80.820798614844335, 24.117597840950001 ], [ 80.839622988883207, 24.113134667160551 ], [ 80.874700086039923, 24.104811325185896 ], [ 80.901672569979212, 24.099005907871494 ], [ 80.882174705576546, 24.041417515046042 ], [ 80.799359253991597, 23.987429859960134 ], [ 80.784397379944664, 23.942746185903797 ], [ 80.785071298328717, 23.899851804811551 ], [ 80.781288110354794, 23.844026541093029 ], [ 80.797519895997254, 23.743388649595083 ], [ 80.795832130182305, 23.705346972515311 ], [ 80.7568731518259, 23.672271593608063 ], [ 80.713346227479789, 23.682224622918724 ], [ 80.632977681841226, 23.707807581156381 ], [ 80.592940994237551, 23.70926441711017 ], [ 80.540419801477057, 23.690910316998263 ], [ 80.418475581943525, 23.568405583703473 ], [ 80.404134138730967, 23.553973691051208 ], [ 80.383126081296709, 23.514198198293684 ], [ 80.395665422805379, 23.473257255688438 ], [ 80.432376325728583, 23.392162065100948 ], [ 80.477883036463155, 23.370652663473084 ], [ 80.486809912790164, 23.366431061641784 ], [ 80.524568961321023, 23.374627758285254 ], [ 80.616361426294034, 23.409462247736293 ], [ 80.64554250535241, 23.39768825898647 ], [ 80.642536712041164, 23.357302979014662 ], [ 80.622695659330986, 23.315142117464241 ], [ 80.611980606584112, 23.275031732140256 ], [ 80.629786455149116, 23.238661281040642 ], [ 80.691806993573664, 23.242374426482684 ], [ 80.723962398840712, 23.27097460187581 ], [ 80.745828205041974, 23.329715921944093 ], [ 80.798776836840119, 23.361100308554104 ], [ 80.841269044285212, 23.359514673964306 ], [ 80.855254880777721, 23.325650685832535 ], [ 80.865008833325277, 23.28361066026681 ], [ 80.864207833543261, 23.236013311466454 ], [ 80.904058021107744, 23.204750308816433 ], [ 80.944501344439701, 23.216318014153721 ], [ 80.988053524125419, 23.239660121206843 ], [ 81.03397502127234, 23.200993595748606 ], [ 81.109007242231158, 23.180232537450667 ], [ 81.125480996260677, 23.146261909106457 ], [ 81.115242861942733, 23.119283988158596 ], [ 81.054437872446201, 23.054976026299475 ], [ 81.025506882700739, 23.012039166840061 ], [ 81.045154625465869, 22.962480637994211 ], [ 81.057784229924138, 22.928666020891125 ], [ 81.097716806003262, 22.902134801155331 ], [ 81.191863553968773, 22.881818028847444 ], [ 81.291425024709625, 22.868374750578127 ], [ 81.337633992384994, 22.840354474101986 ], [ 81.436661489283367, 22.735234867552848 ], [ 81.516876172721922, 22.749815024465786 ], [ 81.585256565778224, 22.731534553494896 ], [ 81.642607935564129, 22.712373744241873 ], [ 81.643948599561028, 22.682649043821712 ], [ 81.642639430019628, 22.655584573138821 ], [ 81.640954232503177, 22.620685409890605 ], [ 81.630972358496237, 22.588985016762535 ], [ 81.592229292664143, 22.566320878943849 ], [ 81.584851023630705, 22.556632627556304 ], [ 81.528997326530288, 22.561775298387644 ], [ 81.491807186553942, 22.539018354855653 ], [ 81.459763511097222, 22.511046139364094 ], [ 81.404085065397879, 22.503284633346787 ], [ 81.37197257141743, 22.506705072747668 ], [ 81.31883479550423, 22.520944602377782 ], [ 81.300025268984626, 22.546674627591738 ], [ 81.269905900421719, 22.543572034117773 ], [ 81.248736855852755, 22.53440231359053 ], [ 81.227535727224904, 22.507378791204754 ], [ 81.218584482046637, 22.479162956089102 ], [ 81.205514674720902, 22.461816293238243 ], [ 81.164642209870522, 22.458390482503678 ], [ 81.150146083730206, 22.437108834918785 ], [ 81.147917261419806, 22.450810568648279 ], [ 81.163014191332621, 22.357991102304847 ], [ 81.182547771597925, 22.307851117055122 ], [ 81.239006785503804, 22.254507217215135 ], [ 81.266502639028573, 22.22607417655863 ], [ 81.295848181582514, 22.167816984660327 ], [ 81.340951437655463, 22.119655047363189 ], [ 81.380451125862308, 22.075275623163886 ], [ 81.400932969252025, 22.048296129900098 ], [ 81.417820420704771, 22.012533628989466 ], [ 81.428235071777166, 21.988923436274835 ], [ 81.435751579810685, 21.957694001135 ], [ 81.435180651477069, 21.930947078516137 ], [ 81.420211064080917, 21.895841555891764 ], [ 81.401329328082596, 21.872783849850215 ], [ 81.38081777598704, 21.860000173592717 ], [ 81.377072758667936, 21.857665521707268 ], [ 81.340365331637997, 21.834694233325724 ], [ 81.325504657763574, 21.815633136531535 ], [ 81.325445410176386, 21.815669752025691 ], [ 81.329431036658178, 21.807390564592492 ], [ 81.368522402162995, 21.744333368387103 ], [ 81.369861430391083, 21.742172556557598 ], [ 81.393727210513305, 21.73470475572574 ], [ 81.404907716489518, 21.734436867698417 ], [ 81.433797183154482, 21.733741153268795 ], [ 81.480834164645927, 21.746175222459282 ], [ 81.501700447256141, 21.742974145638247 ], [ 81.540157911710182, 21.720635381930148 ], [ 81.579430477953679, 21.730373830383719 ], [ 81.626220984994873, 21.73742074239966 ], [ 81.679200188978541, 21.740634462295624 ], [ 81.721786459612545, 21.712145067209903 ], [ 81.738207661431119, 21.668663543057868 ], [ 81.741849117233443, 21.613600203652879 ], [ 81.781413566885874, 21.61591977480942 ], [ 81.874142065290755, 21.640630260977741 ], [ 81.963853490027333, 21.681456715819927 ], [ 82.008680855607494, 21.700956733143038 ], [ 82.087002211351333, 21.70295923847268 ], [ 82.235988326965938, 21.648602360377343 ], [ 82.367334735023164, 21.612384575909086 ], [ 82.469679750341868, 21.586889066373121 ], [ 82.576467863279689, 21.56968520655419 ], [ 82.73602742012396, 21.55281130839445 ], [ 82.783062844808384, 21.521166442049562 ], [ 82.856349937408567, 21.506316047361405 ], [ 82.92805332789311, 21.500535813372132 ], [ 82.926606342503092, 21.527650835872315 ], [ 82.938723410520197, 21.563626312827996 ], [ 82.939098336706124, 21.622872407489361 ], [ 82.953871432935387, 21.637590702204285 ], [ 82.99185111192088, 21.635756750166305 ], [ 83.022809429699777, 21.667482837721185 ], [ 83.037584413167835, 21.704736760258452 ], [ 83.052104549869895, 21.737253412991766 ], [ 83.061376264653248, 21.774241960365732 ], [ 83.063565379772839, 21.782970260806849 ], [ 83.031945862563418, 21.830801194244977 ], [ 83.010990625627883, 21.843540338109612 ], [ 83.008592261919631, 21.844998087875993 ], [ 82.979698454676765, 21.851155111628902 ], [ 82.939866415546334, 21.843595389082495 ], [ 82.905107255064607, 21.835780114106644 ], [ 82.8633278089616, 21.838976598336743 ], [ 82.831881383801459, 21.891528391861762 ], [ 82.800126720819478, 21.915602019572784 ], [ 82.789447184311399, 21.952915012127114 ], [ 82.788077407954702, 21.974350416870145 ], [ 82.830308180504829, 22.02456316410553 ], [ 82.854327799468152, 22.067329014021855 ], [ 82.916020113042535, 22.077393529196272 ], [ 82.991679506351247, 22.064195646777172 ], [ 82.997721249563895, 22.070697865608214 ], [ 83.0011708646187, 22.074409935460782 ], [ 83.036813354078049, 22.118933378585584 ], [ 83.056829350817139, 22.157101363577137 ], [ 83.079672870421959, 22.199869700626916 ], [ 83.089277064352004, 22.233802089105321 ], [ 83.077687975067775, 22.275915286850395 ], [ 83.04224842078483, 22.302607708502872 ], [ 83.033052855379509, 22.342229678137802 ], [ 83.055460161592208, 22.376711545652068 ], [ 83.081428515789668, 22.450168991030164 ], [ 83.098546386923459, 22.502704687394303 ], [ 83.099726055264128, 22.522818169163294 ], [ 83.101532847827286, 22.553579754130311 ], [ 83.098134799626862, 22.556120254120323 ], [ 83.062362321805551, 22.582856665573093 ], [ 83.022621294293373, 22.602661855678413 ], [ 82.966745031632527, 22.609023568175825 ], [ 82.924608415397543, 22.609936009693257 ], [ 82.841470903942053, 22.631853594082109 ], [ 82.808180341569368, 22.653671646712425 ], [ 82.748287782730429, 22.657784067548679 ], [ 82.620655348395687, 22.686507788099078 ], [ 82.557936275043602, 22.709691025778195 ], [ 82.522272342983499, 22.736326706014388 ], [ 82.518532341882207, 22.761448608853822 ], [ 82.529239802640149, 22.793012659437064 ], [ 82.543232742962644, 22.837484495953529 ], [ 82.535730362078141, 22.863973996174355 ], [ 82.517931337959311, 22.889766072462713 ], [ 82.499734340312301, 22.897169628547715 ], [ 82.481566086628348, 22.904558879946812 ], [ 82.441591580064184, 22.900506732577696 ], [ 82.394833333612979, 22.889632649715011 ], [ 82.368415035331651, 22.875420228306471 ], [ 82.320839056779434, 22.825346993419476 ], [ 82.271880188556665, 22.796705007816083 ], [ 82.230587440124722, 22.791462289851292 ], [ 82.189704028923785, 22.818278160991277 ], [ 82.191621168237717, 22.878803382286083 ], [ 82.194702164490607, 22.936898505724326 ], [ 82.14783741304494, 23.069769536923811 ], [ 82.11549241997507, 23.142396922081304 ], [ 82.154595538474837, 23.208896815168824 ], [ 82.157442906384262, 23.215929242277792 ], [ 82.180691814244085, 23.273308129960231 ], [ 82.184587330889741, 23.307358463879741 ], [ 82.13728857620481, 23.395540706684404 ], [ 82.131246434559728, 23.406798730439139 ], [ 82.088319330470497, 23.432536186094687 ], [ 81.903134624989903, 23.458949580778739 ], [ 81.731874518975346, 23.497868717430425 ], [ 81.622842615390212, 23.504466457469061 ], [ 81.528754317092222, 23.479904313130941 ], [ 81.469123242069116, 23.484304668035325 ], [ 81.437858123612003, 23.583645025475985 ], [ 81.398898769972121, 23.631904361429083 ], [ 81.454102827905544, 23.682910446158097 ], [ 81.523401516772154, 23.704740062799075 ], [ 81.534808599657595, 23.726146537801061 ], [ 81.507214503254232, 23.773951647742376 ], [ 81.473503228848728, 23.82391702782413 ], [ 81.481321581261867, 23.87688816138683 ], [ 81.546771242060075, 23.881720190463749 ], [ 81.640025151345057, 23.84344987756759 ], [ 81.760190577601918, 23.82678387104972 ], [ 81.867241869561113, 23.817273914359905 ], [ 81.921133289788159, 23.819609155531314 ], [ 82.132270496646001, 23.805186160234374 ], [ 82.232879185051573, 23.789754781339905 ], [ 82.283909864397756, 23.781901992287274 ], [ 82.41219898323466, 23.817999783746281 ], [ 82.434043939763797, 23.824132730242688 ], [ 82.520021505442841, 23.863656875957705 ], [ 82.551195899269118, 23.902036490462823 ], [ 82.569161215625698, 23.913931702451553 ], [ 82.576237815376842, 23.907958396233774 ], [ 82.658082061385372, 23.928584935262947 ], [ 82.794901767210604, 23.934963906247901 ], [ 82.887621582259513, 23.930202256079866 ], [ 82.920267531444821, 23.957005799881813 ], [ 82.993254289908023, 24.000682605953259 ], [ 83.058556395810058, 24.020031631283832 ], [ 83.09331670606305, 24.046673084241924 ], [ 83.119585121284643, 24.102242129208005 ], [ 83.150378536419836, 24.130974222812593 ], [ 83.185909804096781, 24.150347474593321 ], [ 83.197843956319502, 24.131908424975936 ], [ 83.311760181128278, 24.082282239974734 ], [ 83.37634747346938, 24.014670817668009 ], [ 83.399709430217342, 23.992741547348299 ], [ 83.418230232203399, 23.956131361178581 ], [ 83.443047938441907, 23.885722889315304 ], [ 83.464122690858218, 23.841144323043732 ], [ 83.547835875666649, 23.820123231302507 ], [ 83.601539583628806, 23.813556885131511 ], [ 83.684571351279587, 23.783258214627669 ], [ 83.745662556416093, 23.749196326271829 ], [ 83.748627064917841, 23.701370066572924 ], [ 83.753778940518487, 23.628525262449553 ], [ 83.737322040829554, 23.555485195404056 ], [ 83.801121306611975, 23.482872232887377 ], [ 83.850350326222951, 23.435261179674622 ], [ 83.898395007596392, 23.382022529630898 ], [ 83.930631036371395, 23.334665078235112 ], [ 83.955467371059981, 23.291998792169178 ], [ 83.961426763068175, 23.220559615391998 ], [ 83.98983443021524, 23.174136874466331 ], [ 84.015406898908836, 23.108684222901832 ], [ 84.042508240641297, 23.075981105781779 ], [ 84.065001129608987, 23.048827422906214 ], [ 84.067980824192261, 23.045229513996041 ], [ 84.08328010784318, 22.998855265305377 ], [ 84.133733589243661, 22.927703442881821 ], [ 84.181334041559339, 22.88300832492644 ], [ 84.205270468994357, 22.817661178877906 ], [ 84.192565963805237, 22.76581811471042 ], [ 84.177479811904135, 22.752304093059532 ], [ 84.160082500903428, 22.692909261196611 ], [ 84.176550718979442, 22.624452421935565 ], [ 84.152158660795294, 22.574338871370134 ], [ 84.1033741526157, 22.530940203788521 ], [ 84.030139233653358, 22.464024684324567 ], [ 83.902771475543602, 22.416066245181401 ], [ 83.891623733183181, 22.391791125082175 ], [ 83.849492400536292, 22.299924914686443 ], [ 83.708820074794261, 22.188476211502003 ], [ 83.658604468621064, 22.167261290850877 ], [ 83.630413136674548, 22.155340061959787 ], [ 83.591876754458383, 22.11826786055785 ], [ 83.621131009327172, 22.034917954827353 ], [ 83.602795555219245, 21.984320823024699 ], [ 83.534179179877597, 22.016386421750362 ], [ 83.513597873037327, 22.008638188108531 ], [ 83.501003524398627, 22.003894871958728 ], [ 83.516195897720621, 21.971087487180615 ], [ 83.517656024645476, 21.931884249591214 ], [ 83.532735938385954, 21.89730614988375 ], [ 83.502647211675182, 21.840183441823601 ], [ 83.529967466362322, 21.819199780881888 ], [ 83.581015230427695, 21.812977828616436 ], [ 83.603134033146759, 21.769142167921093 ], [ 83.605347886448754, 21.745809978529596 ], [ 83.583361325945091, 21.737187969992817 ], [ 83.556412139141386, 21.726613687458677 ], [ 83.525471341914511, 21.667044093585634 ], [ 83.507630259666072, 21.596828439620072 ], [ 83.435537200453268, 21.560683043268515 ], [ 83.414806962796831, 21.541245400598847 ], [ 83.380850596339627, 21.509385343058991 ], [ 83.38024942060882, 21.419762647928245 ], [ 83.377533320380422, 21.345900555249589 ], [ 83.335728911111786, 21.305300228628827 ], [ 83.293956136975339, 21.291723320278983 ], [ 83.226600682640552, 21.282240627339448 ], [ 83.215299211586512, 21.277036278752298 ], [ 83.15957751371559, 21.251357256763679 ], [ 83.103988352398673, 21.207072792112047 ], [ 83.013633274777519, 21.192901494702514 ], [ 82.962674552307533, 21.205295092537998 ], [ 82.86601932685069, 21.215551042804645 ], [ 82.761623822283809, 21.19476994335108 ], [ 82.705414199395378, 21.252924388095465 ], [ 82.647016251856073, 21.269848599673363 ], [ 82.61513945604861, 21.241376105630177 ], [ 82.620004955505848, 21.188430909433965 ], [ 82.666343438371953, 21.115080197501431 ], [ 82.688319090211991, 21.011494068355599 ], [ 82.687493049064585, 20.847682919550323 ], [ 82.689801690082888, 20.786034834577855 ], [ 82.693278220442451, 20.693550171446681 ], [ 82.717362147701692, 20.631206205423755 ], [ 82.690404069472606, 20.576851904325192 ], [ 82.668225417695353, 20.496630124524405 ], [ 82.668897795064694, 20.449583286052796 ], [ 82.688325074013548, 20.384609196469768 ], [ 82.732328007243382, 20.388350733636901 ], [ 82.771162015998726, 20.379491720236853 ], [ 82.793914536629444, 20.321493729475076 ], [ 82.784398843969328, 20.222209863694722 ], [ 82.798072698209381, 20.103375613522527 ], [ 82.78784385373595, 20.079615413278077 ], [ 82.782343088252759, 20.059917639932021 ], [ 82.776790262674837, 20.058747492787319 ], [ 82.732072967844573, 20.049316584380239 ], [ 82.685806337393728, 19.997208974827334 ], [ 82.684003657830999, 19.960246648064846 ], [ 82.682135917541984, 19.921862365591128 ], [ 82.693245479779748, 19.871517426087358 ], [ 82.685306445539467, 19.831972442578447 ], [ 82.67293749183996, 19.794042116099686 ], [ 82.642897419750241, 19.763992821309444 ], [ 82.584606575404507, 19.740839757588702 ], [ 82.573760697799813, 19.74815907860928 ], [ 82.510216352302692, 19.791019767771722 ], [ 82.452449653677022, 19.779199178 ], [ 82.396005603829437, 19.795809177864118 ], [ 82.335171862876464, 19.848223344710046 ], [ 82.301501928234345, 19.869571131792899 ], [ 82.217398186886115, 19.875868223693693 ], [ 82.187161285058394, 19.907040900708292 ], [ 82.130333164288984, 19.950694576299057 ], [ 82.071226192230796, 20.011543460571197 ], [ 82.034144162753023, 20.025863918880706 ], [ 81.989013642289535, 20.029086964077177 ], [ 81.934523080984064, 20.025535031589236 ], [ 81.890713319686071, 19.990162786240191 ], [ 81.87825120465655, 19.94172094027207 ], [ 81.877995727602354, 19.940727333198144 ], [ 81.894454845814778, 19.902995158909491 ], [ 81.896885868496412, 19.899294895107701 ], [ 81.918496800869889, 19.866394368321398 ], [ 82.033557814202908, 19.80909684017087 ], [ 82.133228272049664, 19.746658311764559 ], [ 82.158695355296473, 19.709988451076612 ], [ 82.145337626747661, 19.680578545954909 ], [ 82.101676051277167, 19.612442060852185 ], [ 82.06043150275714, 19.56415621991292 ], [ 82.057311981370233, 19.52719853899054 ], [ 82.06614487308785, 19.488345933215005 ], [ 82.103740856309855, 19.454068365449018 ], [ 82.177462081036353, 19.455428232111796 ], [ 82.190021655720898, 19.433540537227653 ], [ 82.208503748631927, 19.375772170898045 ], [ 82.194557300287045, 19.297907303168344 ], [ 82.15572104622801, 19.233850062491765 ], [ 82.153941529310572, 19.158347225232436 ], [ 82.189468146233324, 19.112752988068401 ], [ 82.196398097584293, 19.099648667820244 ], [ 82.180272199379715, 19.038970923866618 ], [ 82.213621020460963, 18.943565980346129 ], [ 82.216020434765014, 18.894997597964018 ], [ 82.201827786844234, 18.878441938323856 ], [ 82.165818018949892, 18.876988370903561 ], [ 82.141509350920629, 18.833725162688694 ], [ 82.131612681303309, 18.741421280078946 ], [ 82.128558573669622, 18.704464260581698 ], [ 82.096706704362362, 18.694270956951659 ], [ 82.028527199904701, 18.674032780148629 ], [ 81.947937365607771, 18.642815119903904 ], [ 81.898855351096131, 18.613249023577989 ], [ 81.888510262339508, 18.579393714863109 ], [ 81.914530067229776, 18.557040223169476 ], [ 81.960764342958768, 18.553906239627153 ], [ 81.990569159094292, 18.55137320185796 ], [ 82.019903624622231, 18.53744376307333 ], [ 82.023096836819803, 18.505948838900249 ], [ 82.005340036292608, 18.473807714820243 ], [ 81.925491943383946, 18.421128235920992 ], [ 81.875508548557434, 18.40440830205992 ], [ 81.814298115155935, 18.368103197834834 ], [ 81.796765009107872, 18.340198781251193 ], [ 81.785526793124077, 18.282105187744534 ], [ 81.764087335964149, 18.230077866494874 ], [ 81.756963373342799, 18.200367782754707 ], [ 81.703742561902615, 18.175131534167114 ], [ 81.646981755041608, 18.17425841598665 ], [ 81.600061401113805, 18.157330017233274 ], [ 81.572843449660652, 18.108313747703516 ], [ 81.572840808074787, 18.068351813877189 ], [ 81.577844496713567, 18.002529460269379 ], [ 81.576253901220824, 17.959767636775059 ], [ 81.56144737092184, 17.932649998697979 ], [ 81.558657497440777, 17.92753899386447 ], [ 81.507136380732504, 17.90501256254348 ], [ 81.490788337818515, 17.865593667534021 ], [ 81.474605336376442, 17.830448131119454 ], [ 81.436567572851828, 17.808870217035775 ], [ 81.383590551869617, 17.827745747801281 ], [ 81.33274584073996, 17.865101153698198 ], [ 81.260754800728435, 17.853155886478739 ], [ 81.181670884048728, 17.808560255142996 ], [ 81.152540598708526, 17.785203842932066 ], [ 81.116605659511634, 17.78062122549785 ], [ 81.087257988086861, 17.794393855724845 ], [ 81.08732393119989, 17.840097318560851 ], [ 81.098460546872502, 17.904020855299272 ], [ 81.112495591822054, 17.964993525935178 ], [ 81.106864825452377, 18.018017027666296 ], [ 81.073696438205943, 18.051916067690073 ], [ 81.015619560584142, 18.056596125725374 ], [ 80.975437186416997, 18.060704544939295 ], [ 80.966058132182411, 18.092423812791235 ], [ 80.988408464450202, 18.134584223127359 ], [ 80.999368143793632, 18.192809949516619 ], [ 80.985612474790713, 18.227525408674897 ], [ 80.889117535112334, 18.247670098230795 ], [ 80.816813234217506, 18.321331609962286 ], [ 80.791294080933127, 18.363549314274824 ], [ 80.715647824267123, 18.474452410507649 ], [ 80.602575971506099, 18.543588817552916 ], [ 80.559021022819977, 18.540591735362554 ], [ 80.499622148010076, 18.510886817177273 ], [ 80.458793305971525, 18.452030636994095 ], [ 80.437527735263785, 18.462146239300885 ], [ 80.431532726835442, 18.464997365180491 ], [ 80.365305491096706, 18.543142982568192 ], [ 80.304228910725172, 18.587769332828589 ], [ 80.287760821901941, 18.592483882176495 ], [ 80.253441703252633, 18.602303785947758 ], [ 80.189411603748084, 18.633877079526059 ], [ 80.10504113737683, 18.655262053126549 ], [ 78.570098725866103, 19.783517456591881 ], [ 78.559701636608025, 19.773734590529767 ], [ 78.522071526464089, 19.782836651146052 ], [ 78.503842715209061, 19.814233329154224 ], [ 78.492891338178296, 19.84026854490175 ], [ 78.454978323162052, 19.868136407391546 ] ], [ [ 77.558553854824225, 21.95566433780489 ], [ 77.56182367101863, 21.955869501887779 ], [ 77.520973039244623, 21.998901885359697 ], [ 77.510038665034116, 22.032512001705708 ], [ 77.503467715273004, 22.059485916005514 ], [ 77.497189031294724, 22.103176364559744 ], [ 77.469754171102664, 22.110162708622639 ], [ 77.446057126111697, 22.136579639420351 ], [ 77.445798278111994, 22.133216899773451 ], [ 77.469691766841052, 22.106580501843517 ], [ 77.497125956300863, 22.099594229484332 ], [ 77.50340461995134, 22.055903779050762 ], [ 77.509975489688856, 22.028929871044983 ], [ 77.520909695795368, 21.995319770218366 ], [ 77.558553854824225, 21.95566433780489 ] ], [ [ 77.56182367101863, 21.955869501887779 ], [ 77.561977313877023, 21.951728893101699 ], [ 77.572196694160581, 21.925528166875271 ], [ 77.572838184031625, 21.927630379701974 ], [ 77.56182367101863, 21.955869501887779 ] ], [ [ 76.780391724424661, 21.099036905304391 ], [ 76.760673176515752, 21.13252311144473 ], [ 76.747264981169565, 21.124464617284239 ], [ 76.734634835295026, 21.116871900520035 ], [ 76.760673176515752, 21.132523111444687 ], [ 76.780391724424661, 21.099036905304391 ] ], [ [ 78.333025393747192, 22.004395327996413 ], [ 78.351728982117834, 22.127230074528281 ], [ 78.351432807745894, 22.128311025403939 ], [ 78.332877703337161, 22.00645282556777 ], [ 78.333025393747192, 22.004395327996413 ] ], [ [ 78.519947005150144, 21.848897487226118 ], [ 78.519439227719275, 21.845564353320789 ], [ 78.520353280914506, 21.848559511303268 ], [ 78.519947005150144, 21.848897487226118 ] ], [ [ 77.575334813416788, 21.591750039968112 ], [ 77.58739496657509, 21.576179315959212 ], [ 77.601893210019654, 21.529970495583022 ], [ 77.607981738117942, 21.489301063310673 ], [ 77.608229890957759, 21.491651987650137 ], [ 77.60195706422958, 21.533552584244543 ], [ 77.587458615149984, 21.579761426085089 ], [ 77.575192014989071, 21.595598396023803 ], [ 77.575334813416788, 21.591750039968112 ] ], [ [ 77.203606296643414, 21.63590648306084 ], [ 77.2032720155117, 21.637662966814595 ], [ 77.203119555406886, 21.634595167336027 ], [ 77.203606296643414, 21.63590648306084 ] ] ] } },
{ "type": "Feature", "properties": { "state_name": "Chandernagore", "id": 9 }, "geometry": { "type": "Polygon", "coordinates": [ [ [ 88.395011912210762, 22.798441181971565 ], [ 88.378959201177906, 22.777194118533263 ], [ 88.370049241999624, 22.738205060216835 ], [ 88.357227524202841, 22.738068396895194 ], [ 88.332617759022938, 22.744852007509767 ], [ 88.325020333422927, 22.765196044424165 ], [ 88.32242921534683, 22.774796639049548 ], [ 88.324858710198868, 22.789129539682005 ], [ 88.339790133522925, 22.807087369592256 ], [ 88.395011912210762, 22.798441181971565 ] ] ] } },
{ "type": "Feature", "properties": { "state_name": "Coorg", "id": 10 }, "geometry": { "type": "Polygon", "coordinates": [ [ [ 75.950310874924725, 12.768596865735674 ], [ 75.944427337661068, 12.744771671094842 ], [ 75.955294769864111, 12.718178083112697 ], [ 75.974009987858864, 12.641317123473138 ], [ 76.030973322009231, 12.631055369775266 ], [ 76.06233155683887, 12.615143484358816 ], [ 76.065594805059519, 12.520397065554645 ], [ 76.078930558546276, 12.389008394471656 ], [ 76.122332006502234, 12.294099232661841 ], [ 76.098802268547772, 12.251851310693583 ], [ 76.073992204838731, 12.251949506571545 ], [ 75.982798210669131, 12.258032857787653 ], [ 75.852856621528517, 12.244830596270601 ], [ 75.718603676440296, 12.253109987284585 ], [ 75.631934875736718, 12.327253029611581 ], [ 75.562584133306046, 12.327404787872963 ], [ 75.526147878518302, 12.359777323287574 ], [ 75.492680085392251, 12.42228642632077 ], [ 75.365684794628891, 12.476321322652042 ], [ 75.348767529686242, 12.474510457344774 ], [ 75.355380274503673, 12.482934700636216 ], [ 75.296970029240057, 12.50693151515928 ], [ 75.264221587931999, 12.630185151161227 ], [ 75.241130675333721, 12.687629408971583 ], [ 75.244815709801941, 12.718729723141919 ], [ 75.27897227035379, 12.752192088723623 ], [ 75.349635248199277, 12.735360157817299 ], [ 75.388642532612025, 12.742483435832488 ], [ 75.398444273335585, 12.775964534659169 ], [ 75.414365154735435, 12.822594490817558 ], [ 75.429060671760013, 12.86204759521428 ], [ 75.480377838813268, 12.919378659679072 ], [ 75.520158782657077, 12.949605162057722 ], [ 75.53407623597198, 12.933041106648581 ], [ 75.584691841298209, 12.882212446129659 ], [ 75.6402917771766, 12.882082437843717 ], [ 75.697012297166893, 12.934570741793451 ], [ 75.715781741867445, 13.015861277344319 ], [ 75.728738231184863, 13.107692239185297 ], [ 75.789307755178982, 13.119953990515869 ], [ 75.829321028311568, 13.115043620843915 ], [ 75.866273116711199, 13.072817659491269 ], [ 75.854244648059819, 12.980992947099658 ], [ 75.885431857197574, 12.97036250714957 ], [ 75.923414142741791, 12.951092259443564 ], [ 75.94189005558556, 12.934758676937287 ], [ 75.938856118488005, 12.906062244732638 ], [ 75.924929645295052, 12.832429095003981 ], [ 75.923745400067531, 12.77501780748586 ], [ 75.950310874924725, 12.768596865735674 ] ] ] } },
{ "type": "Feature", "properties": { "state_name": "Daman", "id": 11 }, "geometry": { "type": "Polygon", "coordinates": [ [ [ 73.140992704296565, 20.19517331613206 ], [ 73.189304135293256, 20.154808762604844 ], [ 73.200367769930608, 20.116920912407043 ], [ 73.165330165675627, 20.062067897816384 ], [ 73.108470643298929, 20.057883471327667 ], [ 73.020587022514945, 20.107824636681524 ], [ 72.94382022875044, 20.174337025458971 ], [ 72.92549543378631, 20.239360769350931 ], [ 72.954624334704107, 20.296918121009419 ], [ 72.972765081329712, 20.284362735130532 ], [ 73.081184629962721, 20.241849997079889 ], [ 73.082989740894135, 20.244235855531645 ], [ 73.09508366757774, 20.223360383304218 ], [ 73.140992704296565, 20.19517331613206 ] ] ] } },
{ "type": "Feature", "properties": { "state_name": "Eastern Bengal and Assam", "id": 12 }, "geometry": { "type": "MultiPolygon", "coordinates": [ [ [ [ 91.095278392963081, 23.887792833120617 ], [ 91.71878487268954, 24.28142158978034 ], [ 91.724491809966835, 24.275397032499122 ], [ 91.731517118452672, 24.271116414966212 ], [ 91.7546741761481, 24.273716749177801 ], [ 91.759808829985815, 24.28358661587129 ], [ 91.774290599767554, 24.306330126629618 ], [ 91.776801126081168, 24.318048098776085 ], [ 91.990879223256229, 24.453198731462482 ], [ 92.079934239956017, 24.378575436482219 ], [ 92.136250612681394, 24.412433718249641 ], [ 92.183566849616128, 24.373989991306129 ], [ 92.136250814791396, 24.412433839761324 ], [ 93.205114452127759, 25.628623372736033 ], [ 92.682431706379546, 25.725263687586526 ], [ 91.970765691912547, 26.055644990140991 ], [ 91.979115028066161, 26.061315661460373 ], [ 91.970763484414988, 26.055646014941818 ], [ 91.940748987324952, 26.035258355482185 ], [ 91.9707620798048, 26.055642536882981 ], [ 91.638082886884789, 25.231871059859518 ], [ 91.61398218502714, 25.222650071662702 ], [ 91.60874047723479, 25.220643677049019 ], [ 91.603635244236784, 25.218689213574301 ], [ 91.597185731281314, 25.217399283895251 ], [ 91.568278983042205, 25.219262920511262 ], [ 91.565603864428923, 25.219435089129057 ], [ 91.56541158570225, 25.21947151487376 ], [ 91.559502704077588, 25.220590780779105 ], [ 91.529974545702103, 25.22618035029398 ], [ 91.479326070786371, 25.235753626275365 ], [ 91.450212542122912, 25.241248321146347 ], [ 91.447814403573048, 25.241700663977145 ], [ 91.419121687822141, 25.245902545441353 ], [ 91.418553006632123, 25.245985767319098 ], [ 91.418318904917371, 25.246020025548454 ], [ 91.351281063477444, 25.25581451424404 ], [ 91.338667722039418, 25.257653859709112 ], [ 91.334915523933546, 25.258080788860248 ], [ 91.311595003410147, 25.260732015797402 ], [ 91.267781329948264, 25.265702753964781 ], [ 91.230863978323711, 25.26988067389313 ], [ 91.230252805355576, 25.269877327021071 ], [ 91.122671985052932, 25.269245907295748 ], [ 91.098170182930943, 25.269090343214273 ], [ 91.081446824639684, 25.268382012924064 ], [ 91.03343727593321, 25.266336972650372 ], [ 91.018906388778092, 25.26571462735555 ], [ 91.008349908386506, 25.263958380611591 ], [ 90.987676762050995, 25.260516345723808 ], [ 90.955978630863868, 25.255231702217667 ], [ 90.888797211757705, 25.241686932242061 ], [ 90.863123183085094, 25.23380861762114 ], [ 90.842689227217519, 25.227533464418727 ], [ 90.827630669059815, 25.224523103479342 ], [ 90.826958612448635, 25.224388706306765 ], [ 90.803184868260786, 25.219631920086002 ], [ 90.782284898575497, 25.220435234751019 ], [ 90.663667661962791, 25.224935849103655 ], [ 90.650175990936731, 25.225205974884922 ], [ 90.571554715884815, 25.226754290341841 ], [ 90.514471137911727, 25.231745000722803 ], [ 90.472778686737058, 25.226890044364012 ], [ 90.436734996610383, 25.217866430010368 ], [ 90.434290737873567, 25.217581431872595 ], [ 90.36955808205451, 25.210016531586575 ], [ 90.367321314434022, 25.209529220925955 ], [ 90.320667366064797, 25.199354881791244 ], [ 90.310196082923071, 25.199069958305898 ], [ 90.244186916078974, 25.204614804114009 ], [ 90.220537256508464, 25.208407037080352 ], [ 90.204157245183424, 25.211031292894646 ], [ 90.203754655545907, 25.211127619284639 ], [ 90.184359776246907, 25.220178850709654 ], [ 90.115714589957335, 25.246081869265801 ], [ 90.075033178453324, 25.259689086014848 ], [ 90.059995334434348, 25.263216202123843 ], [ 90.030093983989374, 25.270224734283129 ], [ 89.974043493290793, 25.294761851842974 ], [ 89.885631731141586, 25.317954928073775 ], [ 89.792173919059493, 25.321735244934374 ], [ 89.788125377849155, 25.322306919592659 ], [ 89.761818417132446, 25.326018812774127 ], [ 89.743917129756383, 25.347739288319662 ], [ 89.738666779217866, 25.376554506628096 ], [ 89.73212869301166, 25.412446560398024 ], [ 89.729366404404942, 25.427613796576313 ], [ 89.740018398629076, 25.482657258510063 ], [ 89.74550907593509, 25.510981032018574 ], [ 89.749350431018428, 25.530777006084119 ], [ 89.753926500690056, 25.554338078894453 ], [ 89.75471308978706, 25.558385722184934 ], [ 89.755444406334163, 25.582500940810004 ], [ 89.755759784048905, 25.592870828592783 ], [ 89.757852664026004, 25.661240084559623 ], [ 89.758170328118112, 25.671550510138669 ], [ 89.758286576359907, 25.675319230947448 ], [ 89.759287753962028, 25.707681238161978 ], [ 89.758902477398692, 25.712068819989881 ], [ 89.758701919146858, 25.714353066349553 ], [ 89.754521859844942, 25.762002462624803 ], [ 89.748952491272107, 25.789494977367422 ], [ 89.74568771142836, 25.798066942184104 ], [ 89.739498259040474, 25.814316841378666 ], [ 89.738278810013767, 25.817518242402127 ], [ 89.733572130466555, 25.831752421591734 ], [ 89.732668687831207, 25.834484580764723 ], [ 89.724106159394452, 25.858779958900335 ], [ 89.723343969855634, 25.867046546674636 ], [ 89.722472095559851, 25.876505412846196 ], [ 89.72387809170408, 25.884058933765498 ], [ 89.726534119622272, 25.898321452445632 ], [ 89.735014436141, 25.907383472037491 ], [ 89.744503581021945, 25.917520394005898 ], [ 89.74744488986542, 25.920604008624871 ], [ 89.754869208940207, 25.928386160996418 ], [ 89.769897953081653, 25.944133252034607 ], [ 89.779184878564237, 25.956037352576089 ], [ 89.783511452459152, 25.969628971309266 ], [ 89.785875615473472, 25.988106664635044 ], [ 89.770775189155756, 26.025668532278974 ], [ 89.760471112217814, 26.051294739725957 ], [ 89.753454561871052, 26.068742600577053 ], [ 89.74283437766853, 26.101159178311555 ], [ 89.729229824695793, 26.142679811153787 ], [ 89.7222442646746, 26.155959555852299 ], [ 89.70886588383928, 26.181387696020959 ], [ 89.708374071310601, 26.182322364895942 ], [ 89.689719451278904, 26.208858198166173 ], [ 89.684308304152864, 26.217466967434994 ], [ 89.671593393387852, 26.237692270951513 ], [ 89.669237021623573, 26.241439992112312 ], [ 89.649285791195311, 26.26811253162629 ], [ 89.62399832050636, 26.283630630635123 ], [ 89.60891004171927, 26.287544148959164 ], [ 89.600370286931692, 26.289089141763828 ], [ 89.595799924765231, 26.289915784029681 ], [ 89.582923910612394, 26.292243856995331 ], [ 89.579302554808635, 26.292898406803239 ], [ 89.578432436278121, 26.293055664397738 ], [ 89.567139839397043, 26.286029239491402 ], [ 89.5637288306785, 26.277146116611842 ], [ 89.550507020885306, 26.304412732104595 ], [ 89.555745624264688, 26.353534910319411 ], [ 89.560156232940557, 26.383865202026659 ], [ 89.434663534931701, 26.412980922987927 ], [ 89.219762397219924, 26.474374750873533 ], [ 88.984199748994627, 26.498130990298232 ], [ 88.924416615778085, 26.493999870752287 ], [ 88.874417233915736, 26.521741072116491 ], [ 88.821584938742049, 26.512185147069683 ], [ 88.671022408071451, 26.44526126349071 ], [ 88.592857086353618, 26.402754422757209 ], [ 88.593031833243145, 26.403041162472551 ], [ 88.593807547883856, 26.409535216474328 ], [ 88.593943166661433, 26.410670347209489 ], [ 88.594363227256082, 26.414185825737473 ], [ 88.594550040207039, 26.415749049003974 ], [ 88.595008273970549, 26.418325066792157 ], [ 88.595718080912192, 26.422314784783406 ], [ 88.596362748666124, 26.425937786590566 ], [ 88.595897388210034, 26.427019623274393 ], [ 88.597361706767074, 26.439261025148756 ], [ 88.59359020062233, 26.445970593446489 ], [ 88.591161415861848, 26.450291180699672 ], [ 88.585385571437556, 26.460565067959909 ], [ 88.581441187240458, 26.467580552663097 ], [ 88.575606564222824, 26.471961787330937 ], [ 88.556294855341633, 26.486459819094577 ], [ 88.552154454652722, 26.488061819729015 ], [ 88.547559912922551, 26.489839366331292 ], [ 88.538834106584346, 26.493214733658895 ], [ 88.523869355296611, 26.499001984649059 ], [ 88.52048053327951, 26.501927604151128 ], [ 88.518005848401003, 26.504063926161368 ], [ 88.508514807978713, 26.512256401974422 ], [ 88.506081506397024, 26.51571713753491 ], [ 88.504147418125129, 26.518467759162775 ], [ 88.499626903558379, 26.524896352411851 ], [ 88.495698447676773, 26.529702580067433 ], [ 88.49185069835093, 26.534409731964324 ], [ 88.486023126045552, 26.541538270537519 ], [ 88.468231341348769, 26.556873958697864 ], [ 88.46597970203257, 26.558814425261307 ], [ 88.442430468796616, 26.575103299979389 ], [ 88.440077254589596, 26.576730631812278 ], [ 88.426305288928404, 26.586253077664431 ], [ 88.410046048819297, 26.593702794157952 ], [ 88.435002547252211, 26.642267216920096 ], [ 88.466329436793743, 26.707392304505621 ], [ 88.546808869421099, 26.842908685887718 ], [ 88.605919043633392, 26.908780588968181 ], [ 88.645199212136987, 26.897869184294574 ], [ 88.736503064220685, 26.894717668362276 ], [ 88.759060551117514, 26.939449331711604 ], [ 88.795743755737718, 26.992157664187964 ], [ 88.904905495918371, 27.078649953685179 ], [ 88.919064843970716, 27.091846897571099 ], [ 88.975004820846635, 27.024608772369028 ], [ 89.044252309314004, 27.002321134670186 ], [ 89.090292962044344, 26.921361460075428 ], [ 89.180097830970894, 26.855876861907024 ], [ 89.230733517270778, 26.85302780735045 ], [ 89.314056707628311, 26.880788776093876 ], [ 89.383300033102969, 26.900571152677191 ], [ 89.494481460646426, 26.860827883141251 ], [ 89.593797529866364, 26.841010956024288 ], [ 89.590315365134146, 26.81442878285176 ], [ 89.555790711891802, 26.770019604412429 ], [ 89.609192919521405, 26.749170908361645 ], [ 89.615327639004661, 26.749485955176343 ], [ 89.825906384328917, 26.760125121554072 ], [ 89.988963660139802, 26.750771002353464 ], [ 90.103028337110175, 26.765289880819957 ], [ 90.159775979844241, 26.837469257212213 ], [ 90.276236147848024, 26.887795142550345 ], [ 90.38570949778574, 26.915378673984844 ], [ 90.422633256608066, 26.908910815086831 ], [ 90.585232328387065, 26.813480889441028 ], [ 90.801648851357697, 26.806387126800836 ], [ 90.812876413264988, 26.808261699496388 ], [ 90.913628949095028, 26.82503445127082 ], [ 91.215308472264695, 26.815528037199147 ], [ 91.310336932757025, 26.825295588074237 ], [ 91.386100935609377, 26.845443271496158 ], [ 91.582870358489032, 26.840498643918131 ], [ 91.590592782747734, 26.839566659402873 ], [ 91.696384239580993, 26.826755136876486 ], [ 91.86778828999789, 26.903623361547641 ], [ 91.974255212858438, 26.895136393966336 ], [ 92.099123388017247, 26.905211435180263 ], [ 92.112784260581179, 26.934351918211366 ], [ 92.130500138709749, 26.927946770659307 ], [ 92.162648349293349, 26.936832247213246 ], [ 92.228948440677641, 26.940013913597383 ], [ 92.275514202332857, 26.936582202088214 ], [ 92.298879882763899, 26.946536565638706 ], [ 92.392845960563321, 26.937752770528675 ], [ 92.460725683870123, 26.931539598563603 ], [ 92.553353990046332, 26.934315407118003 ], [ 92.654305070854193, 26.955110245867154 ], [ 92.722781778364535, 26.960172907982649 ], [ 92.770672756497746, 26.963001380799049 ], [ 92.812919307934578, 26.955052988831728 ], [ 92.874257584693481, 26.952253371846748 ], [ 92.92484055519401, 26.943177760338951 ], [ 92.985244925350258, 26.946714185837042 ], [ 93.039711327493535, 26.949612846749154 ], [ 93.138852615067847, 26.95524574351035 ], [ 93.293158175244017, 26.968001098174366 ], [ 93.377157286101692, 26.978243198507492 ], [ 93.412538288687173, 26.990146773045339 ], [ 93.454268861638667, 27.007432710917207 ], [ 93.5513039762685, 27.030362754834179 ], [ 93.565730988136409, 27.036270757272703 ], [ 93.602206576386735, 27.051195683715491 ], [ 93.620396993319943, 27.066768439023164 ], [ 93.627681469164273, 27.086615992377531 ], [ 93.615887325369116, 27.108391015642034 ], [ 93.606600167361492, 27.131212794597314 ], [ 93.632579640841939, 27.169339670118013 ], [ 93.673359724749162, 27.207496597275824 ], [ 93.716187920159726, 27.266195011486214 ], [ 93.755485873162684, 27.286445302194377 ], [ 93.787157498551181, 27.289677123975729 ], [ 93.818970157402788, 27.302606316387592 ], [ 93.837626872892798, 27.32917595900356 ], [ 93.861133926851053, 27.352281659744136 ], [ 93.874345752654321, 27.369879113031534 ], [ 93.912895315181942, 27.42072539659333 ], [ 93.928248348438899, 27.441484114578667 ], [ 93.951483609253486, 27.458347343593548 ], [ 94.002707174286101, 27.470544520432892 ], [ 94.048144726717936, 27.463400889229547 ], [ 94.06987575953697, 27.480446914702942 ], [ 94.103213828906178, 27.50138595943362 ], [ 94.125505378282099, 27.512782826506449 ], [ 94.172727548649817, 27.519909424297918 ], [ 94.184399073003732, 27.532813291959474 ], [ 94.182011750089956, 27.571335417278348 ], [ 94.213357265124813, 27.641107016535692 ], [ 94.240801007989404, 27.667693432022482 ], [ 94.265316666183168, 27.673869429380172 ], [ 94.308396240504294, 27.672838622746575 ], [ 94.367362339401708, 27.647973107366312 ], [ 94.460229133495247, 27.638259162473609 ], [ 94.50008381867579, 27.641101767028868 ], [ 94.545989730868683, 27.647202730895863 ], [ 94.594678920315545, 27.647327335422784 ], [ 94.618720195705095, 27.65938600019253 ], [ 94.662024314824322, 27.670325462854667 ], [ 94.706531014978594, 27.673096681161486 ], [ 94.738975957047401, 27.680066844430943 ], [ 94.768453648522069, 27.685735367522192 ], [ 94.801843572938353, 27.691505301065099 ], [ 94.866587294393852, 27.694311005555516 ], [ 94.892776715646974, 27.69905044275967 ], [ 94.942819660080588, 27.708513734008953 ], [ 94.983125090731548, 27.709723739468529 ], [ 95.04949131491945, 27.719100564836683 ], [ 95.065208221722841, 27.723993687232124 ], [ 95.100367927651732, 27.734937903630936 ], [ 95.145744979685134, 27.74639261584538 ], [ 95.179516494618738, 27.756134213223461 ], [ 95.232328486583825, 27.777833997767612 ], [ 95.26581929499477, 27.792084899621262 ], [ 95.330706115086826, 27.797694534053495 ], [ 95.380511667041347, 27.801786618578252 ], [ 95.421003090582587, 27.807986795710509 ], [ 95.461181962036278, 27.806202241598093 ], [ 95.53940416597861, 27.786807052925514 ], [ 95.604532085219901, 27.752478556397527 ], [ 95.650777294661182, 27.71520607675825 ], [ 95.699960634594149, 27.647766613873724 ], [ 95.719641885528375, 27.598069760480758 ], [ 95.718250226629181, 27.535787159735708 ], [ 95.69189160074059, 27.399023982454572 ], [ 95.66921661386138, 27.355358564882014 ], [ 95.614554446974296, 27.282673525575241 ], [ 95.584148539641816, 27.254977281610039 ], [ 95.547644492495778, 27.286982266690913 ], [ 95.484860549727742, 27.276732007587874 ], [ 95.414466733420355, 27.272517107102964 ], [ 95.356368879471873, 27.265237080788154 ], [ 95.297625745897633, 27.254566491932387 ], [ 95.246627929125751, 27.250758194741341 ], [ 95.231357775685566, 27.244997441330487 ], [ 95.170453991740786, 27.195395356096355 ], [ 95.14991923558209, 27.180945734684254 ], [ 95.140758443055006, 27.17449647639171 ], [ 95.09332095891402, 27.168918431403434 ], [ 95.049222225531622, 27.146681577727495 ], [ 95.010352841984641, 27.138633265028975 ], [ 94.976512556222119, 27.115986817675839 ], [ 94.943969953697717, 27.072377762922244 ], [ 94.884513545182074, 27.029260062826594 ], [ 94.762528191254901, 26.960642542707035 ], [ 94.733430295591873, 26.949041523545045 ], [ 94.745678786460616, 26.918898307547352 ], [ 94.747715555312979, 26.883994495818531 ], [ 94.731049730628428, 26.834510764265133 ], [ 94.695057445727784, 26.77744205666183 ], [ 94.64749087221648, 26.712794349060392 ], [ 94.628699795601989, 26.701081820294121 ], [ 94.601596809871097, 26.671523466694058 ], [ 94.57377817828953, 26.655902814173238 ], [ 94.499612607555505, 26.635934961080451 ], [ 94.463008862634723, 26.624996159591767 ], [ 94.429864765399415, 26.578923691335426 ], [ 94.4084772381444, 26.559449578439601 ], [ 94.351433704293783, 26.512107739531768 ], [ 94.314689903437696, 26.470528628633581 ], [ 94.3214586727441, 26.461494957124081 ], [ 94.343168238005603, 26.438814769657405 ], [ 94.355601024897965, 26.407053181350204 ], [ 94.351145306391516, 26.377670472707958 ], [ 94.339095644461693, 26.348777446089453 ], [ 94.316900096496482, 26.316687334170258 ], [ 94.295594584357048, 26.289659426349488 ], [ 94.257029105134549, 26.255220842565226 ], [ 94.227299428084265, 26.246086149402974 ], [ 94.175018643469784, 26.191001131228468 ], [ 94.150244270678968, 26.135544814825575 ], [ 94.145196126299794, 26.090636695096752 ], [ 94.155436738729662, 26.045354788968009 ], [ 94.173839126093043, 26.037045174410963 ], [ 94.194736229460744, 25.986838898894593 ], [ 94.237534016060621, 25.907656418444173 ], [ 94.267695796233951, 25.901184301432501 ], [ 94.29477849142269, 25.89916974835112 ], [ 94.328046299331689, 25.88475794015201 ], [ 94.380849701888067, 25.850330720339414 ], [ 94.436866488788667, 25.827553250240658 ], [ 94.490944704192145, 25.830964501240686 ], [ 94.541858480149827, 25.838250835366097 ], [ 94.583923349960685, 25.849636741448517 ], [ 94.639802291611716, 25.856178720042283 ], [ 94.653251231025337, 25.838155218848598 ], [ 94.672562840093974, 25.813546638865333 ], [ 94.673124724765259, 25.783519961704428 ], [ 94.667143758444027, 25.715304657031727 ], [ 94.672645723080251, 25.688043217380276 ], [ 94.697808271938001, 25.656869931891769 ], [ 94.739656971259919, 25.626804625025343 ], [ 94.760807325278833, 25.607073656076668 ], [ 94.762483979501823, 25.606040340280579 ], [ 94.762072455394758, 25.604735231001264 ], [ 94.760637960237133, 25.598449453300137 ], [ 94.758930286242716, 25.590964277168474 ], [ 94.756829454340334, 25.585113869131831 ], [ 94.755964382238474, 25.582704440000992 ], [ 94.752990758868862, 25.574420545933258 ], [ 94.73436991311462, 25.55221003992018 ], [ 94.731103305174045, 25.548311959066304 ], [ 94.720741372919207, 25.543231347372458 ], [ 94.717242676989414, 25.541515521807238 ], [ 94.711650004356983, 25.538772391390324 ], [ 94.687508184793614, 25.53279755138427 ], [ 94.679165040460418, 25.530021946892198 ], [ 94.675218839598756, 25.528708845869634 ], [ 94.622116080703307, 25.511021658821328 ], [ 94.61820377498745, 25.509717301758485 ], [ 94.61069468018573, 25.501583778808023 ], [ 94.595450907633463, 25.485065248414323 ], [ 94.59515616545383, 25.484745764139792 ], [ 94.570329060334132, 25.457821701510209 ], [ 94.562133069521281, 25.448927880404312 ], [ 94.547550909926272, 25.433097307635801 ], [ 94.545546217627503, 25.430920303443632 ], [ 94.536135975251653, 25.409583076494695 ], [ 94.534570538910216, 25.406031995910126 ], [ 94.523997639632697, 25.382036643854558 ], [ 94.51563214383107, 25.363036839251869 ], [ 94.514186956498222, 25.35975324358224 ], [ 94.498902576151409, 25.325002822452806 ], [ 94.498599063422915, 25.321453235071189 ], [ 94.476855841104239, 25.327452859357315 ], [ 94.424033080946955, 25.406141583517105 ], [ 94.372097704386107, 25.490488388091936 ], [ 94.314727234663494, 25.626333503794086 ], [ 94.286975759005983, 25.718944732924374 ], [ 94.240735619482095, 25.724147879025445 ], [ 94.199664957184154, 25.691710366889801 ], [ 94.141245385612009, 25.646617354884366 ], [ 94.076659174756387, 25.579237582392025 ], [ 94.009044392099241, 25.554910346557659 ], [ 93.970401331663794, 25.552036761105985 ], [ 93.869085675584742, 25.586420512724665 ], [ 93.823770809372789, 25.57400226479853 ], [ 93.77425163725124, 25.535555242464568 ], [ 93.74275810108341, 25.498153069816272 ], [ 93.685395274499598, 25.497661572911607 ], [ 93.607901042269674, 25.506728697729837 ], [ 93.533840019166846, 25.457501718103153 ], [ 93.512034347999204, 25.400241572586868 ], [ 93.485095343810556, 25.310118360973799 ], [ 93.449505057662378, 25.253469768446955 ], [ 93.378930802643339, 25.183967665466028 ], [ 93.248930153302723, 25.148589668389576 ], [ 93.228217696194619, 25.17089594270999 ], [ 93.217754500304835, 25.218503792752049 ], [ 93.219778093452163, 25.209294798207104 ], [ 93.191678693543309, 25.192096038586229 ], [ 93.095327291288243, 25.080736590346643 ], [ 93.045143449921667, 25.036369474146849 ], [ 93.005540128761979, 24.960784602255764 ], [ 92.958787084754405, 24.928427192897875 ], [ 92.938840134901611, 24.851042366764545 ], [ 92.904822095022894, 24.780947946519895 ], [ 92.857920575614926, 24.741592341218272 ], [ 92.8319621527625, 24.699637013519233 ], [ 92.811501944782435, 24.653524101918681 ], [ 92.788585049526873, 24.621597066960071 ], [ 92.768967683024371, 24.570503581200192 ], [ 92.753894162616163, 24.456334319722455 ], [ 92.709366662903037, 24.315855613390209 ], [ 92.71481205204411, 24.213516557000325 ], [ 92.715320179938203, 24.204012758463392 ], [ 92.745979852272583, 24.121860675520512 ], [ 92.778905424142977, 24.076942716963973 ], [ 92.818068782664653, 24.065290332679304 ], [ 92.881871790922958, 24.083270977079625 ], [ 92.95735504823125, 24.108812716736601 ], [ 93.053592151809212, 24.115807407730269 ], [ 93.137210715184935, 24.088223917423473 ], [ 93.175541997468287, 24.078839458053146 ], [ 93.177419224410698, 24.075677117471209 ], [ 93.178483216018961, 24.073884708194857 ], [ 93.184255745366798, 24.064159886256032 ], [ 93.184471690024779, 24.063770615810316 ], [ 93.189102739015567, 24.055422290779855 ], [ 93.198727878902304, 24.038069899334783 ], [ 93.199847469197181, 24.036051366978047 ], [ 93.211174975264598, 24.015627453220034 ], [ 93.228839830180036, 23.983772287204435 ], [ 93.229452940153692, 23.981041899118924 ], [ 93.232497701518056, 23.967483580375493 ], [ 93.237399030831781, 23.945661618873462 ], [ 93.238914582969599, 23.938914909201277 ], [ 93.239097689572716, 23.937764876296509 ], [ 93.239332526423397, 23.93705444658973 ], [ 93.245142636695206, 23.911194319256527 ], [ 93.249857464857655, 23.890213837151141 ], [ 93.259145917991702, 23.848893483598374 ], [ 93.261653189405337, 23.837742501300319 ], [ 93.262461623761908, 23.834147277811038 ], [ 93.265406735011084, 23.821050992869154 ], [ 93.265453731044502, 23.820160106796006 ], [ 93.267375089442766, 23.783799118531807 ], [ 93.268534893190832, 23.761908044600105 ], [ 93.269984076775373, 23.734615637131096 ], [ 93.271127073196993, 23.71313686587305 ], [ 93.271582786327315, 23.704584823988117 ], [ 93.269612786766444, 23.690920317685578 ], [ 93.266776096404811, 23.671225809672709 ], [ 93.264686781509766, 23.656706263756941 ], [ 93.262648276184322, 23.642528427564983 ], [ 93.260843593886449, 23.628513683158832 ], [ 93.259934212175168, 23.621447133094083 ], [ 93.256661180295197, 23.595988291314573 ], [ 93.256120458802371, 23.591778583994916 ], [ 93.25370749218547, 23.572979702758683 ], [ 93.249730030738988, 23.541945400583348 ], [ 93.249686153284472, 23.541602719355851 ], [ 93.247249774916128, 23.524548078219521 ], [ 93.246757112418038, 23.521097456431157 ], [ 93.245895178848286, 23.515058841199952 ], [ 93.245441892814753, 23.511882345459149 ], [ 93.243700598803159, 23.499674594218508 ], [ 93.243078478494056, 23.495311042890215 ], [ 93.234825689015111, 23.46565247025281 ], [ 93.233096293809211, 23.459433197714109 ], [ 93.232190154483959, 23.456173941791803 ], [ 93.231701075184674, 23.454414624625347 ], [ 93.230099231287909, 23.449698261011029 ], [ 93.222168613293348, 23.433390545016927 ], [ 93.218055661462827, 23.424929800431222 ], [ 93.209941363501883, 23.398785693426564 ], [ 93.209768466095866, 23.39822835292243 ], [ 93.207908475138666, 23.385089425723347 ], [ 93.205223579895261, 23.366106236531405 ], [ 93.203989318670608, 23.357372744497916 ], [ 93.202727867376112, 23.348442416178681 ], [ 93.202343246046112, 23.345718630682345 ], [ 93.202325841166626, 23.345595364088155 ], [ 93.201929842863734, 23.342790553544138 ], [ 93.201898890273668, 23.342571301218118 ], [ 93.201545016443333, 23.342132015700319 ], [ 93.199417123349107, 23.339490403444806 ], [ 93.198861978727663, 23.338801199242127 ], [ 93.197220261425258, 23.336762943894005 ], [ 93.187427768016562, 23.324602499556587 ], [ 93.186693044546388, 23.323689924936197 ], [ 93.184064685478731, 23.320425118932185 ], [ 93.183637272460857, 23.319894178176288 ], [ 93.174493803776201, 23.308533883962546 ], [ 93.173772499391163, 23.307637529258368 ], [ 93.172367776091889, 23.305891827921119 ], [ 93.169344092051603, 23.30213386317185 ], [ 93.16429397714036, 23.295856384376609 ], [ 93.158838567496943, 23.289649616673231 ], [ 93.158488464148562, 23.289251252895255 ], [ 93.158374128298391, 23.289121155188969 ], [ 93.157761793990119, 23.288424397938925 ], [ 93.153383872323474, 23.283442441139204 ], [ 93.153357919031592, 23.283412904648387 ], [ 93.139890353339339, 23.268082233554605 ], [ 93.130086793938673, 23.256917767637571 ], [ 93.120833142686223, 23.246375928566607 ], [ 93.096866275322711, 23.236331775108312 ], [ 93.081112589033239, 23.244290632734529 ], [ 93.080194255481928, 23.244754520517052 ], [ 93.051878158864824, 23.248124863495885 ], [ 93.040367345617312, 23.249493436533488 ], [ 93.002344933332267, 23.245692304279778 ], [ 92.99416626381317, 23.242715179483774 ], [ 92.972850904247395, 23.234952697254453 ], [ 92.970752270853566, 23.234188160918652 ], [ 92.950967625052527, 23.221279697892868 ], [ 92.94352536564854, 23.199979769298963 ], [ 92.942889324631366, 23.195372738773059 ], [ 92.941634442993063, 23.186279746192749 ], [ 92.939573624126993, 23.171336708762304 ], [ 92.935252745751882, 23.139964888818813 ], [ 92.939693327585005, 23.105459578216287 ], [ 92.925808758147483, 23.085158741903875 ], [ 92.923313781293118, 23.070511768931169 ], [ 92.907842291552626, 22.97944947303473 ], [ 92.904857319644108, 22.96183358233591 ], [ 92.910896629131742, 22.916155429941877 ], [ 92.932511896221868, 22.753125598583456 ], [ 92.93342642635713, 22.746243575844147 ], [ 92.937712334811323, 22.718644754355157 ], [ 92.954756087775323, 22.609049838496066 ], [ 92.981774917255137, 22.541370382420691 ], [ 92.996257477865925, 22.505092145882823 ], [ 93.001274396285922, 22.492524836634217 ], [ 93.008030776325498, 22.413276293682586 ], [ 92.989538178468763, 22.351809077438528 ], [ 92.987127688502909, 22.343786982641248 ], [ 92.977090640931806, 22.309195231227882 ], [ 92.974720643562122, 22.301020947576394 ], [ 92.959410225273871, 22.27961003729061 ], [ 92.94018209000096, 22.279066172525944 ], [ 92.92917500066163, 22.273915642773002 ], [ 92.906884394048944, 22.263480484196915 ], [ 92.906688135443488, 22.263337674206561 ], [ 92.892616931452636, 22.260967545309391 ], [ 92.849013646639492, 22.241270590506872 ], [ 92.84360368750373, 22.213848686227109 ], [ 92.836252810164027, 22.169029296110494 ], [ 92.830054613138856, 22.131160631959926 ], [ 92.791916938609489, 22.080771710484179 ], [ 92.782879829526223, 22.07668984225197 ], [ 92.737164179033627, 22.067967652216566 ], [ 92.73581794702207, 22.068204067337277 ], [ 92.71536075073422, 22.071795213490649 ], [ 92.707791508415212, 22.095844121084632 ], [ 92.705867873568067, 22.101956181284478 ], [ 92.700845745921214, 22.123654511395209 ], [ 92.696319977221322, 22.143212125747624 ], [ 92.681491235133265, 22.17813512456382 ], [ 92.657088892929252, 22.195465499361838 ], [ 92.635138501592067, 22.211049995671473 ], [ 92.597214484626548, 22.240247117568433 ], [ 92.586526637324795, 22.249760947514435 ], [ 92.565241246668734, 22.256121537920841 ], [ 92.542058094780316, 22.263045890097874 ], [ 92.518203793196136, 22.262930628276713 ], [ 92.517122052477873, 22.261487007397793 ], [ 92.508166407555066, 22.249533031703958 ], [ 92.473209373491258, 22.249706857228841 ], [ 92.451376105729096, 22.219418609433383 ], [ 92.447253989252914, 22.191902787929784 ], [ 92.437845065885014, 22.128949699592283 ], [ 92.433774329389649, 22.096945155075304 ], [ 92.424768814977142, 22.094245653800233 ], [ 92.416706617058409, 22.091828267485052 ], [ 92.401539523955421, 22.087278859018593 ], [ 92.395225828510448, 22.096907775335492 ], [ 92.398171139586935, 22.134406829818651 ], [ 92.395072986626673, 22.15694608398066 ], [ 92.392555872176359, 22.184047196720297 ], [ 92.392119915341908, 22.187479186280498 ], [ 92.389577502878566, 22.207500387462289 ], [ 92.391616187980432, 22.231325958912691 ], [ 92.401730843871007, 22.256109246109006 ], [ 92.407344869273501, 22.273683677674796 ], [ 92.410008670600021, 22.282018916408568 ], [ 92.412341495996415, 22.300260914845509 ], [ 92.412319959675983, 22.323389161317362 ], [ 92.407119933906898, 22.35264312005728 ], [ 92.399547668306127, 22.37224795031312 ], [ 92.393679946307969, 22.387439576130877 ], [ 92.391031175698529, 22.421040815738404 ], [ 92.392647755105557, 22.481627164190087 ], [ 92.392854164651922, 22.489306358963475 ], [ 92.389593123209181, 22.525756634540642 ], [ 92.385696747965483, 22.559369586340711 ], [ 92.384604919875727, 22.568794878892035 ], [ 92.383943518137286, 22.574505844745556 ], [ 92.385062062569489, 22.621577077673713 ], [ 92.385396764095688, 22.654855968005943 ], [ 92.378240781699006, 22.669714614912479 ], [ 92.373618126392856, 22.679312667896333 ], [ 92.35244513945365, 22.715930833625581 ], [ 92.3286572530792, 22.786173857564535 ], [ 92.318596686210611, 22.818836473050759 ], [ 92.316633780654982, 22.82520958150452 ], [ 92.311821139623561, 22.840835604796236 ], [ 92.302800246148081, 22.867773837286467 ], [ 92.302477956852385, 22.868736276777906 ], [ 92.30146906002156, 22.884485778495964 ], [ 92.300507302663959, 22.899515147208277 ], [ 92.300145249430699, 22.909288281150854 ], [ 92.29953132204956, 22.9258885611954 ], [ 92.299406367526714, 22.929271621040279 ], [ 92.299246203859667, 22.932615548644552 ], [ 92.297803262354122, 22.962790109568662 ], [ 92.297647244438778, 22.975285077363534 ], [ 92.297642025316406, 22.975704172646449 ], [ 92.297456961369605, 22.9906119054484 ], [ 92.282944842461376, 23.017263829540802 ], [ 92.276503154222112, 23.029092981777655 ], [ 92.275392539110271, 23.029923769907338 ], [ 92.257745631069014, 23.043122786043398 ], [ 92.255639857717583, 23.044697595122052 ], [ 92.25463402455631, 23.04544979508033 ], [ 92.25411272123587, 23.046869024479161 ], [ 92.253859021268227, 23.047559713237632 ], [ 92.251124900498837, 23.055003246866409 ], [ 92.249771370644041, 23.058688171288662 ], [ 92.245723138799647, 23.069709276543026 ], [ 92.245050729525289, 23.071539872930039 ], [ 92.243510635929752, 23.074642478373899 ], [ 92.23970170576726, 23.08231560711177 ], [ 92.235020803839589, 23.091744987972234 ], [ 92.234859424854903, 23.117411143269806 ], [ 92.234447785833495, 23.119299057527599 ], [ 92.232370865212417, 23.128825023656862 ], [ 92.230448440655351, 23.137643144240855 ], [ 92.231259405647762, 23.142773940049139 ], [ 92.234721696598982, 23.164664292203348 ], [ 92.237125744161986, 23.179849814132361 ], [ 92.237459619004028, 23.181957872573875 ], [ 92.237579135996995, 23.182712439102389 ], [ 92.237955233639624, 23.185086733284052 ], [ 92.238142775776595, 23.186270576411097 ], [ 92.237334193937272, 23.192299728321021 ], [ 92.23630924007162, 23.199943525234968 ], [ 92.235321558170057, 23.207310710575292 ], [ 92.235115319255499, 23.208849227876289 ], [ 92.230044666374269, 23.220853121802175 ], [ 92.226727464495127, 23.228705837898843 ], [ 92.229167485868103, 23.236340364270841 ], [ 92.230000050105787, 23.238944896829882 ], [ 92.235030557666263, 23.254677005617101 ], [ 92.235217713898223, 23.255971381247953 ], [ 92.237721635481279, 23.27327998803489 ], [ 92.239859903237686, 23.288048388454637 ], [ 92.242590797328617, 23.306893060791118 ], [ 92.237172955534604, 23.321021098979347 ], [ 92.233301538668925, 23.33111640429642 ], [ 92.233232132293011, 23.331297390851287 ], [ 92.24305331960565, 23.344158495252373 ], [ 92.243998843159019, 23.346725484989175 ], [ 92.2509180794668, 23.36550386869126 ], [ 92.253721529765599, 23.386497724586157 ], [ 92.244194580041807, 23.404012891229385 ], [ 92.240825587744666, 23.410206327015249 ], [ 92.24000497579631, 23.412289296356697 ], [ 92.225542216774372, 23.448999148616323 ], [ 92.222028446689436, 23.45791758461008 ], [ 92.221329368412171, 23.459691926654241 ], [ 92.202952609838917, 23.502568127516675 ], [ 92.202594134516048, 23.50389451551791 ], [ 92.199314077100695, 23.516031360218484 ], [ 92.19370930282318, 23.536771620811926 ], [ 92.192872382614922, 23.539868776809051 ], [ 92.190646339883713, 23.556615323380456 ], [ 92.189455280804367, 23.565578486141796 ], [ 92.188700192086429, 23.571261825037773 ], [ 92.185368532177591, 23.596347698179873 ], [ 92.185318212382398, 23.596683139840753 ], [ 92.183807943088937, 23.606751932301268 ], [ 92.179003638819964, 23.638795069188863 ], [ 92.172740981792515, 23.670179554621487 ], [ 92.1723570329777, 23.672104021031991 ], [ 92.168543442044211, 23.691221119226935 ], [ 92.181349065761438, 23.721367157774701 ], [ 92.183363864289632, 23.72610763285423 ], [ 92.18432927472611, 23.728378826281901 ], [ 92.184610841706274, 23.728836595307239 ], [ 92.198760145204162, 23.751832311587687 ], [ 92.206698350601542, 23.764726686349253 ], [ 92.206987968329301, 23.76896758776914 ], [ 92.207984608402242, 23.783548605527422 ], [ 92.209786695135094, 23.78454205109314 ], [ 92.222190688205529, 23.809075838233571 ], [ 92.219590210657813, 23.826992202052192 ], [ 92.211530688484814, 23.841829373344702 ], [ 92.201500441002139, 23.845284500855414 ], [ 92.191307800317404, 23.84879482958063 ], [ 92.179239679836087, 23.84733539048025 ], [ 92.167730430883324, 23.845942479867769 ], [ 92.159880735164307, 23.843203098369013 ], [ 92.149737199479176, 23.839662231423091 ], [ 92.143016754191706, 23.834851630126007 ], [ 92.136337638683415, 23.8300697017192 ], [ 92.121469391176689, 23.816292496344587 ], [ 92.121469391176689, 23.816292496344605 ], [ 92.116740490862313, 23.811909256683638 ], [ 92.092924830232278, 23.799791209576295 ], [ 92.06078224522652, 23.800676276267509 ], [ 92.016470552667386, 23.801082199433839 ], [ 91.982193461632903, 23.80868713956367 ], [ 91.961603070925747, 23.798029839596669 ], [ 91.954537986690994, 23.794173376164515 ], [ 91.937668109724726, 23.784961952088519 ], [ 91.891228311380104, 23.784636476094946 ], [ 91.856563800881915, 23.789469039573685 ], [ 91.824388684338857, 23.790300427826562 ], [ 91.823292096595608, 23.789815615302391 ], [ 91.797594567694603, 23.778450178455586 ], [ 91.780383155036475, 23.762734895538614 ], [ 91.777874961118357, 23.73608709448327 ], [ 91.781260569551108, 23.721553484890251 ], [ 91.781127489533716, 23.721400547843047 ], [ 91.777334481926744, 23.717041276487983 ], [ 91.777049856878975, 23.715607580664191 ], [ 91.766070846920158, 23.660237092889219 ], [ 91.770255918856066, 23.638802178615979 ], [ 91.771176115506478, 23.634089839397781 ], [ 91.786769178725336, 23.554275051146814 ], [ 91.783465342309626, 23.546592700654983 ], [ 91.759926833693115, 23.530105139094861 ], [ 91.74656421032013, 23.519372926616157 ], [ 91.728440490170129, 23.504810183065345 ], [ 91.699307081569501, 23.482029195201132 ], [ 91.676534141710405, 23.463220386469708 ], [ 91.674508491299122, 23.461546738399466 ], [ 91.658885835835349, 23.441906029696625 ], [ 91.650573306435547, 23.421465346144139 ], [ 91.644758992339717, 23.417505110442878 ], [ 91.638121568024758, 23.39017779020752 ], [ 91.63150275290819, 23.362898620219337 ], [ 91.631414814887876, 23.360007888878954 ], [ 91.629589037579251, 23.352367302234224 ], [ 91.631079489474345, 23.348970814053693 ], [ 91.629453257740408, 23.295122688365794 ], [ 91.629422096300175, 23.294085597681924 ], [ 91.629018978668086, 23.280651280701193 ], [ 91.646391468342728, 23.230476525221558 ], [ 91.656473370461114, 23.201358106168261 ], [ 91.659481848972206, 23.192669042811392 ], [ 91.654460606128694, 23.183156707342398 ], [ 91.642847881485238, 23.161147127268208 ], [ 91.602551548982021, 23.125480049119737 ], [ 91.571439292806716, 23.102729982476596 ], [ 91.511532095245954, 23.060429260118767 ], [ 91.486018237180815, 23.037045503824576 ], [ 91.465591712944232, 23.039234478155048 ], [ 91.432234904417044, 23.058480687584165 ], [ 91.421806587908648, 23.080499863659025 ], [ 91.407444823129836, 23.101198771546564 ], [ 91.392864777727112, 23.120179694009046 ], [ 91.389436561660986, 23.137969327491493 ], [ 91.388944192559975, 23.164157431112276 ], [ 91.379155346721092, 23.191341692416756 ], [ 91.379314660600542, 23.222689909326167 ], [ 91.366236586894161, 23.253715740536489 ], [ 91.356015106553102, 23.277466683439773 ], [ 91.354668720671995, 23.296781755831429 ], [ 91.327902277000931, 23.324052006732302 ], [ 91.30620040374373, 23.331605458760293 ], [ 91.273316058428748, 23.340351752952984 ], [ 91.24429163733987, 23.3347321654478 ], [ 91.247659180845119, 23.301246892962769 ], [ 91.249999062717833, 23.294006345610828 ], [ 91.253700289597731, 23.282553296386041 ], [ 91.244595488384959, 23.277882554177431 ], [ 91.226021204604066, 23.268350442862594 ], [ 91.226012882600514, 23.251412575728946 ], [ 91.238351899900422, 23.21650189211929 ], [ 91.253887311724839, 23.16922596564293 ], [ 91.251662492080442, 23.15395848366213 ], [ 91.247654510397282, 23.14957744259257 ], [ 91.22984251745801, 23.14274772094873 ], [ 91.210595839738772, 23.139553362578859 ], [ 91.185867933126772, 23.168318850315281 ], [ 91.172302771941744, 23.195906790040546 ], [ 91.173038350116585, 23.215898871530865 ], [ 91.173903346589697, 23.239331664312779 ], [ 91.17737222842446, 23.26730954432103 ], [ 91.181593274842911, 23.301294629170776 ], [ 91.177629031618693, 23.345312749471383 ], [ 91.157622237794499, 23.394626357430671 ], [ 91.145831037138919, 23.423686571278754 ], [ 91.136342164968298, 23.455840982123526 ], [ 91.12988842402676, 23.47771143144255 ], [ 91.087150954001373, 23.57472209270275 ], [ 91.077738227445224, 23.60538664534095 ], [ 91.061279899751014, 23.64029326613041 ], [ 91.053690799062323, 23.652567178082617 ], [ 91.043953134406891, 23.668314226468297 ], [ 91.046762238957058, 23.690703638438862 ], [ 91.051661777864737, 23.714615534619107 ], [ 91.047499494763159, 23.730040708714796 ], [ 91.043903502158599, 23.743367811354659 ], [ 91.03497992908521, 23.757445360137556 ], [ 91.029663787943022, 23.765831154885216 ], [ 91.020819115908083, 23.785974901066368 ], [ 91.022568296545415, 23.799863200942447 ], [ 91.024067207508097, 23.801404033841401 ], [ 91.065679346968309, 23.844150008160558 ], [ 91.095278392963081, 23.887792833120617 ] ], [ [ 92.079934239956017, 24.378575436482219 ], [ 92.088262172442896, 24.365540924527675 ], [ 92.081525411965188, 24.376085113988328 ], [ 92.079934239956017, 24.378575436482219 ] ], [ [ 92.682431706379546, 25.725263687586526 ], [ 92.657860292171435, 25.738815184040373 ], [ 92.651134770728689, 25.742523418304998 ], [ 92.682431706379546, 25.725263687586526 ] ] ], [ [ [ 91.095278392963081, 23.887792833120617 ], [ 91.097920588034285, 23.895394333770845 ], [ 91.109201493432678, 23.927827947488957 ], [ 91.116735098344606, 23.94092336325404 ], [ 91.095278392963081, 23.887792833120617 ] ] ], [ [ [ 91.985221468223472, 24.471951112041626 ], [ 91.990879223256229, 24.453198731462482 ], [ 91.987428229576764, 24.464636838541928 ], [ 91.985221468223472, 24.471951112041626 ] ] ], [ [ [ 91.638082886884789, 25.231871059859518 ], [ 91.638324540161307, 25.231963517001375 ], [ 91.669486194329323, 25.242355861816428 ], [ 91.692653346513708, 25.250075282010833 ], [ 91.69779524333039, 25.25114895395296 ], [ 91.70434325824462, 25.252515892920044 ], [ 91.734470455549442, 25.258800189880446 ], [ 91.766485057723742, 25.265469282493516 ], [ 91.767742305751781, 25.265730997760116 ], [ 91.828867314423789, 25.275360885050258 ], [ 91.833260916353865, 25.276051862633956 ], [ 91.848795083674446, 25.278493606289054 ], [ 91.87562229150231, 25.282705677547781 ], [ 91.904232898213834, 25.280582997124718 ], [ 91.912963250760356, 25.279934122904105 ], [ 91.915463279229101, 25.279748211783037 ], [ 91.931373514129547, 25.277867871107691 ], [ 91.939562663462013, 25.276899349824735 ], [ 91.970127995456934, 25.273280269355762 ], [ 92.009208751491428, 25.265158303803748 ], [ 92.018247114263403, 25.261675081945498 ], [ 92.068365156482955, 25.242348821611678 ], [ 92.074554843296355, 25.239960615004414 ], [ 92.088809278465092, 25.230572026291313 ], [ 92.146980136885631, 25.192236361016047 ], [ 92.158479964705194, 25.184653618881992 ], [ 92.173176963402611, 25.17561402737741 ], [ 92.210825770012391, 25.152447918285116 ], [ 92.226395785469592, 25.142863285986479 ], [ 92.256849593194374, 25.124109568614113 ], [ 92.288697438392475, 25.099785331722398 ], [ 92.313640098503782, 25.080726885961624 ], [ 92.314912838127739, 25.078151202223982 ], [ 92.316333987942883, 25.0752751301046 ], [ 92.318437912119919, 25.071017194721591 ], [ 92.32430308618045, 25.059146657754116 ], [ 92.324303086180436, 25.059146657754109 ], [ 92.332839338811979, 25.041868650577523 ], [ 92.341373936635009, 25.021699150096563 ], [ 92.343608244960521, 25.012901635698686 ], [ 92.348668133916291, 24.992979824116777 ], [ 92.347643252919397, 24.988320265053872 ], [ 92.346762201277031, 24.984313879357579 ], [ 92.343077668384353, 24.967551889758244 ], [ 92.336605457597088, 24.949189414250153 ], [ 92.334523100966464, 24.946563008963256 ], [ 92.320091582517463, 24.928355015396647 ], [ 92.317434918632074, 24.925002003785501 ], [ 92.310873153884771, 24.916718784895401 ], [ 92.296459419210279, 24.919130792700237 ], [ 92.283898444339428, 24.921178009798215 ], [ 92.264830804853631, 24.92428360346376 ], [ 92.235892858106055, 24.936291512133327 ], [ 92.198085353226176, 24.951969848767583 ], [ 92.186490797005263, 24.956775700248514 ], [ 92.182861224939955, 24.958279909276175 ], [ 92.133720393754558, 24.963996498725621 ], [ 92.13166413413488, 24.963640419339715 ], [ 92.121980423263821, 24.961963020730842 ], [ 92.118031711642061, 24.956120007878713 ], [ 92.114615345457722, 24.932146603720593 ], [ 92.12009841375604, 24.91516702582485 ], [ 92.134491959896877, 24.870594196756734 ], [ 92.127906031238226, 24.824217001780777 ], [ 92.12501408212637, 24.803815083314635 ], [ 92.120711237397629, 24.773417472992968 ], [ 92.119258500773029, 24.763143131401446 ], [ 92.116537241764277, 24.743881721522811 ], [ 92.112950593635219, 24.735160960931886 ], [ 92.111471179102892, 24.731563115019533 ], [ 92.093333408367926, 24.687418890519009 ], [ 92.091340190429037, 24.677008272883427 ], [ 92.086165824230207, 24.649959546337371 ], [ 92.085824897820615, 24.647529944860253 ], [ 92.083582898213706, 24.631544333112561 ], [ 92.083485255062243, 24.630847812049517 ], [ 92.082563081761563, 24.624268330184346 ], [ 92.063329716287939, 24.621228989916894 ], [ 92.062919921850124, 24.620441431248562 ], [ 92.062300005626398, 24.619250015982161 ], [ 92.038164649744701, 24.60155953091127 ], [ 92.027566650977761, 24.593787583715532 ], [ 92.020100643329286, 24.588311012399643 ], [ 92.014762834306183, 24.582961510922228 ], [ 92.016272186648166, 24.559482242052098 ], [ 92.016808897012112, 24.551141870275032 ], [ 92.018118320170274, 24.530812603197926 ], [ 92.017861340091926, 24.528963339048563 ], [ 92.017489353662327, 24.526286140324963 ], [ 92.015314314287735, 24.510624418383852 ], [ 92.013598222711522, 24.498257900039917 ], [ 92.005013047094366, 24.490301490027765 ], [ 91.991191950127359, 24.477488050357227 ], [ 91.985221468223472, 24.471951112041626 ], [ 91.94566898517175, 24.467239213208575 ], [ 91.940732169762995, 24.466650222377218 ], [ 91.870028432924371, 24.463367749151232 ], [ 91.84951429413546, 24.460151679101905 ], [ 91.838213662770443, 24.454560938123784 ], [ 91.825975018705222, 24.448504129009759 ], [ 91.819111423618835, 24.442794077800432 ], [ 91.800523237177956, 24.427324010343 ], [ 91.799624964261128, 24.424339557741853 ], [ 91.778749345579314, 24.32714148357379 ], [ 91.776801126081168, 24.318048098776085 ], [ 91.71878487268954, 24.28142158978034 ], [ 91.714071416822975, 24.286397373371571 ], [ 91.707955863586676, 24.288548542474015 ], [ 91.666003003295828, 24.326483651258659 ], [ 91.638221118722441, 24.336133733998267 ], [ 91.623967221324165, 24.333811414068439 ], [ 91.606793447269027, 24.313650068484836 ], [ 91.596333104810526, 24.291601532259854 ], [ 91.595750289800009, 24.290708836214804 ], [ 91.588673158261471, 24.279866907212792 ], [ 91.588038284847812, 24.278590598666725 ], [ 91.585743735064668, 24.261417050770465 ], [ 91.579934351967054, 24.246380832967183 ], [ 91.557455832787426, 24.248900128642923 ], [ 91.52074855934066, 24.289041797520799 ], [ 91.51235120287437, 24.295790374261248 ], [ 91.491730779107968, 24.298095071696181 ], [ 91.481720903764568, 24.280031418726853 ], [ 91.473869438413061, 24.249519369478097 ], [ 91.470456075211956, 24.223743552065304 ], [ 91.45909950078493, 24.195363157468122 ], [ 91.451463484977964, 24.18476785837662 ], [ 91.44979113503129, 24.182446951271977 ], [ 91.415904249713748, 24.170509002958934 ], [ 91.396464091407026, 24.172660107726401 ], [ 91.373530231233602, 24.174392238389487 ], [ 91.332731473075, 24.179112448004631 ], [ 91.293853118979342, 24.182227325246259 ], [ 91.280359771815284, 24.166262216774587 ], [ 91.270255979104377, 24.132475824968843 ], [ 91.26937913353423, 24.130457604150017 ], [ 91.259405584411709, 24.107492797911284 ], [ 91.21889384804976, 24.073530134604326 ], [ 91.175283188685896, 24.061714221755953 ], [ 91.162762178386259, 24.041905213682242 ], [ 91.144194731392361, 23.994454017417777 ], [ 91.137123286935633, 23.976363475845226 ], [ 91.116735098344606, 23.94092336325404 ], [ 91.638082886884789, 25.231871059859518 ] ] ], [ [ [ 92.136250612681394, 24.412433718249641 ], [ 92.135209499737599, 24.41327960677167 ], [ 92.136250814791396, 24.412433839761324 ], [ 92.136250612681394, 24.412433718249641 ] ] ], [ [ [ 93.205114452127759, 25.628623372736033 ], [ 93.170793445074239, 25.621470461211359 ], [ 93.198390906724825, 25.627222959422546 ], [ 93.205114452127759, 25.628623372736033 ] ] ], [ [ [ 91.970765691912547, 26.055644990140991 ], [ 91.9707620798048, 26.055642536882981 ], [ 91.970763484414988, 26.055646014941818 ], [ 91.970765691912547, 26.055644990140991 ] ] ] ] } },
{ "type": "Feature", "properties": { "state_name": "Goa", "id": 13 }, "geometry": { "type": "Polygon", "coordinates": [ [ [ 73.71100987901923, 15.823379964447009 ], [ 73.738838278049172, 15.837822290595973 ], [ 73.765431051363691, 15.852324363989036 ], [ 73.787288278767477, 15.915583785613572 ], [ 73.857029940144088, 15.907354663835374 ], [ 73.89109490285739, 15.914706989626003 ], [ 73.937244719086422, 15.880499789502151 ], [ 73.97754347478417, 15.827599312724301 ], [ 74.050362628572913, 15.787749550019452 ], [ 74.109467664227964, 15.828180883248313 ], [ 74.159813670949532, 15.841297203228299 ], [ 74.202855330264555, 15.82854408402644 ], [ 74.2519370466445, 15.784231095517951 ], [ 74.301207908867809, 15.678196659030624 ], [ 74.370134298959528, 15.420078382005114 ], [ 74.36137128415703, 15.382738948764098 ], [ 74.33490009872196, 15.333865701390669 ], [ 74.28633601057534, 15.263392728529206 ], [ 74.274681360171684, 15.213124446229548 ], [ 74.285350504375657, 15.117001548060232 ], [ 74.223417652110072, 15.08522359929116 ], [ 74.157157847726452, 15.031886056473228 ], [ 74.118784029950035, 14.955747313469733 ], [ 74.101597287530339, 14.966671973105891 ], [ 74.094745638990574, 14.97102649444555 ], [ 74.072540038314244, 14.985288664819583 ], [ 74.060644715017261, 15.004614212350956 ], [ 74.052119439878766, 15.015564807272122 ], [ 74.049507711866511, 15.018919231685238 ], [ 74.025827352185743, 15.031017518717912 ], [ 74.011762934565809, 15.038849897390561 ], [ 73.995455214661121, 15.047811152059614 ], [ 73.991035331171318, 15.050239580666622 ], [ 73.978448704368986, 15.057358758901437 ], [ 73.968787324181804, 15.070230850109747 ], [ 73.953132552612786, 15.100295771556834 ], [ 73.945916028472368, 15.112774563401917 ], [ 73.934507828596438, 15.132497883320971 ], [ 73.927119742115536, 15.165491781350619 ], [ 73.935175887268358, 15.181045251960629 ], [ 73.946768441936356, 15.220047036834636 ], [ 73.953310856939254, 15.250483386653745 ], [ 73.942337924878046, 15.269694761663024 ], [ 73.934894699292883, 15.275668436928699 ], [ 73.940341777351279, 15.277017811649596 ], [ 73.943240899141216, 15.288511912154368 ], [ 73.93963771813479, 15.298269369009214 ], [ 73.936004628531279, 15.308106742040207 ], [ 73.925251209595686, 15.337217598272757 ], [ 73.902905458708602, 15.368679434242312 ], [ 73.885462156649595, 15.38345929226436 ], [ 73.877648386778034, 15.39007879345503 ], [ 73.855360336405511, 15.408620241973512 ], [ 73.842764955687556, 15.414648176947278 ], [ 73.849411474863345, 15.414772335647701 ], [ 73.884329332229967, 15.422712806560744 ], [ 73.891890138748067, 15.43135281019431 ], [ 73.883419505203847, 15.453038904161678 ], [ 73.880673580840579, 15.45494022946386 ], [ 73.892481691018276, 15.45654828524099 ], [ 73.901727730456756, 15.457806979834174 ], [ 73.902314007453228, 15.457886778303351 ], [ 73.910907338037745, 15.465104249817987 ], [ 73.904682509232728, 15.476434066903245 ], [ 73.898447475220067, 15.489557363599893 ], [ 73.878613801432692, 15.508591004058426 ], [ 73.848627189621695, 15.53015641558555 ], [ 73.841465988156926, 15.535305202441762 ], [ 73.821480408955935, 15.549418936600675 ], [ 73.794402125322463, 15.568535290562108 ], [ 73.787564861055003, 15.577466173505849 ], [ 73.780705824852276, 15.589984034186326 ], [ 73.778777487961705, 15.6031269579848 ], [ 73.778664220518664, 15.622258844378239 ], [ 73.778529512304388, 15.644977915243995 ], [ 73.77842656022753, 15.662316121081487 ], [ 73.775398248718801, 15.676162197831726 ], [ 73.773985792513415, 15.682619469880182 ], [ 73.75899028752697, 15.713026942934507 ], [ 73.744359042717704, 15.733281847943235 ], [ 73.742164372409519, 15.736319599740444 ], [ 73.735333024503078, 15.745774435718786 ], [ 73.725221974960448, 15.755828805606519 ], [ 73.703649347849165, 15.777275340605371 ], [ 73.70166697314869, 15.780044144505752 ], [ 73.701336019160266, 15.780506381715858 ], [ 73.687450825201736, 15.799897053773098 ], [ 73.686029730859318, 15.803180220963011 ], [ 73.683062875817072, 15.810034161235246 ], [ 73.71100987901923, 15.823379964447009 ] ] ] } },
{ "type": "Feature", "properties": { "state_name": "Hyderabad", "id": 14 }, "geometry": { "type": "MultiPolygon", "coordinates": [ [ [ [ 75.509320756388377, 18.375107623990317 ], [ 75.687685673713759, 18.211533106876271 ], [ 75.506855676020592, 18.283346702820509 ], [ 75.538013547613829, 18.240217654013886 ], [ 75.577721205770487, 18.175907853328138 ], [ 75.599106438812413, 18.175470671503074 ], [ 75.641590827362535, 18.163376940635921 ], [ 75.66391449516118, 18.113083560670084 ], [ 75.691057773930794, 18.019726646779823 ], [ 75.726019963063962, 18.012424725435103 ], [ 75.767423782615936, 18.050525803007258 ], [ 75.823819371907916, 18.082575692458526 ], [ 75.825578447961902, 18.085074696223636 ], [ 76.035736055167249, 17.892343807033431 ], [ 76.006107636406895, 17.857562300459303 ], [ 75.926590898658759, 17.852137449396565 ], [ 75.784368804349683, 17.876674214906938 ], [ 75.728182949448055, 17.878087891614587 ], [ 75.692090995278548, 17.909307097057972 ], [ 75.643373904670185, 17.907082872714899 ], [ 75.588385405259743, 17.89649557555569 ], [ 75.59250619689557, 18.008878203527466 ], [ 75.567651056852739, 18.051997397153777 ], [ 75.544023227774957, 18.091522996428289 ], [ 75.504217164967358, 18.162176603485648 ], [ 75.451700543619282, 18.168285592000807 ], [ 75.38594447483419, 18.18761829572647 ], [ 75.369269997619213, 18.227050651579045 ], [ 75.371917549152343, 18.295199654376876 ], [ 75.380771149420866, 18.33703096430456 ], [ 75.311990875439392, 18.382591736571008 ], [ 75.289532185662466, 18.432845626767588 ], [ 75.224442713372767, 18.473586691973029 ], [ 75.213642276489836, 18.566182439991891 ], [ 75.213283934910578, 18.569252970565511 ], [ 75.206569592480193, 18.586865758318915 ], [ 75.179525910126884, 18.657766782506464 ], [ 75.057872296894729, 18.722408851723483 ], [ 74.967508024319486, 18.795349239966683 ], [ 74.926050395389694, 18.862292935192674 ], [ 74.885834045388066, 18.902923904552502 ], [ 74.863199072212012, 18.931603520003783 ], [ 74.861902323936889, 18.980622808157502 ], [ 74.89330210484448, 19.011729469098601 ], [ 74.958664129589508, 19.02371173558651 ], [ 74.987576054507969, 19.045236892497808 ], [ 75.029080841895379, 19.13012272356066 ], [ 75.125949986372575, 19.143233425165548 ], [ 75.20267379567666, 19.131208958917714 ], [ 75.232781726023134, 19.07258931553304 ], [ 75.269186515461399, 19.034280711672189 ], [ 75.35216227087804, 19.035336754980673 ], [ 75.398726088938076, 19.055567043423057 ], [ 75.418924271169331, 19.087802915313279 ], [ 75.3536351124487, 19.136958559728946 ], [ 75.343643374493396, 19.171649205495086 ], [ 75.36638890241916, 19.215841260621442 ], [ 75.423035115912981, 19.220501483831494 ], [ 75.453302911718666, 19.243144609349308 ], [ 75.471164438317174, 19.326787586319487 ], [ 75.462115947282726, 19.335423616017664 ], [ 75.439760201533943, 19.356754540009085 ], [ 75.375552995301248, 19.37124480147752 ], [ 75.344165366124372, 19.421519721987636 ], [ 75.350620064564822, 19.493239519535276 ], [ 75.305327886741097, 19.542338377789992 ], [ 75.253615144539012, 19.536440702435073 ], [ 75.174196592771793, 19.560445443647712 ], [ 75.103586366886489, 19.587997101882635 ], [ 75.005194252575322, 19.565311567064221 ], [ 74.966094941037539, 19.567699534793679 ], [ 74.915614241308305, 19.625068618527017 ], [ 74.846193753388462, 19.652519792499415 ], [ 74.793172955680987, 19.668008391736521 ], [ 74.77542597963398, 19.724176272731789 ], [ 74.757630223042398, 19.804251884519338 ], [ 74.734838717789529, 19.837693376593041 ], [ 74.68172707869499, 19.862711763071093 ], [ 74.658875424216276, 19.912879637687645 ], [ 74.686597761849967, 19.955967781680862 ], [ 74.707703451869563, 19.976697913289918 ], [ 74.75855609695364, 20.026613185188914 ], [ 74.796437821484076, 20.076870462846728 ], [ 74.776106582873808, 20.13781429664521 ], [ 74.77351813746715, 20.177260921003143 ], [ 74.81143617255465, 20.231100825595849 ], [ 74.897567443007603, 20.220413176597024 ], [ 74.935547602210875, 20.252708327855746 ], [ 74.960867432302592, 20.310097049887425 ], [ 75.007753966095166, 20.329228255390053 ], [ 75.039438820400434, 20.335201157518561 ], [ 75.054662966573517, 20.379428044837056 ], [ 75.102845087082869, 20.391360569111622 ], [ 75.148499838188428, 20.404477332558859 ], [ 75.154888609128818, 20.453483964204981 ], [ 75.113088389412312, 20.528827135302809 ], [ 75.127099418807234, 20.592173756343513 ], [ 75.194438374391268, 20.636340679628695 ], [ 75.255329333072723, 20.599204371054864 ], [ 75.300871085468742, 20.516649065997463 ], [ 75.370617394241464, 20.499778617036164 ], [ 75.415147578173389, 20.546297910763109 ], [ 75.468543503044529, 20.577241510302489 ], [ 75.517946280864223, 20.547216556903663 ], [ 75.606884233400805, 20.573225718713406 ], [ 75.655105835590618, 20.570659276985502 ], [ 75.760119923367355, 20.503291730598303 ], [ 75.81849627168269, 20.506612279345244 ], [ 75.884637449598245, 20.536170344576767 ], [ 76.0051004883275, 20.52356114591932 ], [ 76.059121822021169, 20.445547823649747 ], [ 76.112156693717651, 20.41414039534089 ], [ 76.147291819500339, 20.364907501117976 ], [ 76.178287917616473, 20.273862448646316 ], [ 76.264222550506261, 20.249359002343439 ], [ 76.313369628015394, 20.220312832999969 ], [ 76.332005490895, 20.178340228061383 ], [ 76.305046665904015, 20.133123894493266 ], [ 76.256712113174984, 20.102398886959044 ], [ 76.233676540346522, 20.069094283069759 ], [ 76.233321816282682, 20.023676826590485 ], [ 76.216441584643846, 19.966420488782873 ], [ 76.197092265325296, 19.915154728775232 ], [ 76.24865130391899, 19.882527730128459 ], [ 76.284992304339525, 19.845215918302642 ], [ 76.346451903725196, 19.793366765149411 ], [ 76.36680079373302, 19.786056779646021 ], [ 76.380441191523062, 19.78115506467994 ], [ 76.424800912391049, 19.799930661864714 ], [ 76.476901947857797, 19.835363512788213 ], [ 76.527396358779797, 19.832547998266453 ], [ 76.568672938498239, 19.791554468537694 ], [ 76.636605135020915, 19.767042675329197 ], [ 76.702459983122949, 19.78674484679583 ], [ 76.731961196455657, 19.829484434270395 ], [ 76.761058791832554, 19.850822161254921 ], [ 76.793081861881618, 19.87429249265066 ], [ 76.861243582772161, 19.870008143354365 ], [ 76.913786082257161, 19.827626885865111 ], [ 76.969501512215245, 19.840165122969132 ], [ 77.000524464730759, 19.897176667563894 ], [ 77.062941249658593, 19.937090219233941 ], [ 77.109573480817701, 19.928178400686651 ], [ 77.131767312795759, 19.887288469038982 ], [ 77.157203170698907, 19.900125212165953 ], [ 77.203216049059847, 19.938989909976282 ], [ 77.256034085145416, 19.921599907161795 ], [ 77.27712982180644, 19.895046042659871 ], [ 77.388541686286175, 19.912700134202133 ], [ 77.425130896803694, 19.894772344469281 ], [ 77.438689652413842, 19.88812608602651 ], [ 77.450508181992404, 19.83539898293369 ], [ 77.476034232900574, 19.77173038463485 ], [ 77.522077055035709, 19.730469973199032 ], [ 77.533768142934605, 19.671768993656944 ], [ 77.546563134290935, 19.60349525449395 ], [ 77.571308615631636, 19.588676415909131 ], [ 77.591512177239039, 19.576573219159233 ], [ 77.656262520461439, 19.605494170489102 ], [ 77.703088699183013, 19.616742238643933 ], [ 77.725008438951804, 19.571021411002278 ], [ 77.744741442834268, 19.545638272869724 ], [ 77.777287334644555, 19.533196009488936 ], [ 77.78097788094054, 19.454305732536234 ], [ 77.810163546333243, 19.394133969193163 ], [ 77.862430702202161, 19.35987502645898 ], [ 77.919553725828933, 19.38763170901651 ], [ 77.918338483581451, 19.460506094763034 ], [ 77.945680305972232, 19.510224718226301 ], [ 77.984691251539076, 19.508390514054451 ], [ 78.041225336314227, 19.433405795253826 ], [ 78.10128009196535, 19.347601391926833 ], [ 78.117826268328827, 19.34087078417701 ], [ 78.168687193659821, 19.320169502640063 ], [ 78.190875715348767, 19.361576252163907 ], [ 78.194509800171005, 19.418829472699013 ], [ 78.163749826782023, 19.45519225391179 ], [ 78.153186324694417, 19.494782839996375 ], [ 78.193771423883433, 19.509593938948235 ], [ 78.250961033366011, 19.472753014294625 ], [ 78.274141984344084, 19.498603709057043 ], [ 78.270478032286888, 19.566729245566712 ], [ 78.207894337594425, 19.586958882984948 ], [ 78.115658167936104, 19.63873230666189 ], [ 78.051172895694762, 19.627896383827498 ], [ 78.00758576836445, 19.656098248616278 ], [ 77.979174515432049, 19.687622637817043 ], [ 77.989991057212293, 19.726853079718111 ], [ 78.037023049392616, 19.746363300097062 ], [ 78.070629006721063, 19.788780244518467 ], [ 78.066569123610734, 19.840199673294009 ], [ 78.102427070212997, 19.867044419117985 ], [ 78.15616132744826, 19.839829779130781 ], [ 78.201286205590421, 19.82469625951429 ], [ 78.218525747595123, 19.866177393478562 ], [ 78.239464173984899, 19.902812177605853 ], [ 78.295405560353444, 19.922081221301056 ], [ 78.349416436453211, 19.909131660921929 ], [ 78.382317400064153, 19.853589682434379 ], [ 78.408472791391858, 19.837570797931853 ], [ 78.440670205467413, 19.867991711849449 ], [ 78.481058142843494, 19.868400148138381 ], [ 78.503842715209061, 19.814233329154224 ], [ 78.522071526464089, 19.782836651146052 ], [ 78.559701636608025, 19.773734590529767 ], [ 78.594483233476979, 19.80646141388862 ], [ 78.655701891632518, 19.836251700329299 ], [ 78.703804452991193, 19.843613318037242 ], [ 78.7436446820208, 19.821296978197484 ], [ 78.76128984057334, 19.767217595794438 ], [ 78.786934117829574, 19.732064843320014 ], [ 78.838269775594156, 19.71784337822039 ], [ 78.880903103298337, 19.761079695163961 ], [ 78.936540659866409, 19.768216144692431 ], [ 78.983020796045039, 19.71110215805837 ], [ 79.064534680431279, 19.646031922001118 ], [ 79.11688024473797, 19.6245563138467 ], [ 79.154632462525697, 19.623687580817787 ], [ 79.168418671204833, 19.669897895954058 ], [ 79.157157353984374, 19.72146147507992 ], [ 79.145614091461027, 19.762294132211192 ], [ 79.150258437240183, 19.795592496736226 ], [ 79.184604338281517, 19.805090217830291 ], [ 79.209934265310835, 19.812089501025973 ], [ 79.286405477256224, 19.749428688978611 ], [ 79.362592487555432, 19.724921813222629 ], [ 79.394552244703533, 19.742031486688759 ], [ 79.446396206800912, 19.794422034532207 ], [ 79.488250623491652, 19.804107850051224 ], [ 79.540154562572781, 19.768208393280197 ], [ 79.581659257847448, 19.721831457943463 ], [ 79.59379992430658, 19.706017197499779 ], [ 79.58723684801096, 19.652521003694503 ], [ 79.580682072302452, 19.599023478157637 ], [ 79.585583954973387, 19.550003965182388 ], [ 79.571786299775255, 19.462104154429785 ], [ 79.587045825665669, 19.423556111469136 ], [ 79.655175956282463, 19.388429595365409 ], [ 79.693051344434508, 19.394608557342497 ], [ 79.710647721357418, 19.438271039373273 ], [ 79.709433499766916, 19.526539607244452 ], [ 79.742279770925734, 19.574565205943383 ], [ 79.793778610609635, 19.572008832542213 ], [ 79.8499508765603, 19.515663108107034 ], [ 79.892628593360413, 19.513318830570924 ], [ 79.962409740788516, 19.534062176725509 ], [ 80.024886993896416, 19.521604016786977 ], [ 80.05665247917436, 19.492110438620152 ], [ 80.078837721094757, 19.437853360160972 ], [ 80.075508020155695, 19.371201233094698 ], [ 80.09380603829787, 19.313479450709217 ], [ 80.0994466380224, 19.252536983448117 ], [ 80.08075415095216, 19.216110103812245 ], [ 80.012151941449972, 19.188204819364632 ], [ 79.967561359089117, 19.165579747612675 ], [ 79.937466306108064, 19.081754923937098 ], [ 79.927798804752285, 19.009295739283246 ], [ 79.963281371316839, 18.938013024698243 ], [ 80.005056557384577, 18.910663873453448 ], [ 80.014872252230887, 18.819807390447696 ], [ 80.018023840434196, 18.791125024626115 ], [ 80.024725043816247, 18.730143333956036 ], [ 80.10504113737683, 18.655262053126549 ], [ 80.189411603748084, 18.633877079526059 ], [ 80.253441703252633, 18.602303785947758 ], [ 80.287760821901941, 18.592483882176495 ], [ 80.304228910725172, 18.587769332828589 ], [ 80.365305491096706, 18.543142982568192 ], [ 80.431532726835442, 18.464997365180491 ], [ 80.437527735263785, 18.462146239300885 ], [ 80.458793305971525, 18.452030636994095 ], [ 80.455534786193837, 18.396370658457201 ], [ 80.477897380313109, 18.298516579509322 ], [ 80.527734503366901, 18.265628700930346 ], [ 80.548565652210243, 18.214994450393316 ], [ 80.645109648410781, 18.147853328237513 ], [ 80.749175837034386, 18.0847433781795 ], [ 80.806529885706382, 18.011575696462163 ], [ 80.831267858471563, 17.946531901616716 ], [ 80.859962907725858, 17.911374647192183 ], [ 80.885524700897193, 17.872024810706414 ], [ 80.908096936225348, 17.697040658379436 ], [ 80.884363897920721, 17.609173645246361 ], [ 80.911245756139778, 17.565507838171779 ], [ 80.952673092321675, 17.557118803172866 ], [ 80.975177326547694, 17.562152623716745 ], [ 81.056988379903316, 17.603936238109654 ], [ 81.145347169731437, 17.61833494058029 ], [ 81.190977148921519, 17.602622951399344 ], [ 81.234635269155973, 17.529846200252731 ], [ 81.274787930022697, 17.485738190048522 ], [ 81.344390961115153, 17.476380492892833 ], [ 81.372468075835798, 17.428366239324195 ], [ 81.317557638804388, 17.388716485979153 ], [ 81.257797295443908, 17.380610755292942 ], [ 81.245136569055902, 17.358161583966051 ], [ 81.213693713285309, 17.307736724447928 ], [ 81.146921253008458, 17.266958650151086 ], [ 81.121415549392864, 17.214896662255381 ], [ 81.107613191493769, 17.197060093411903 ], [ 81.096583514795384, 17.182802586345314 ], [ 81.060026766425111, 17.155341235117376 ], [ 80.938804376399133, 17.174669146600593 ], [ 80.896279686405492, 17.14591770727975 ], [ 80.861419143895688, 17.076925297753245 ], [ 80.827388855716336, 17.033615000693214 ], [ 80.772779362249182, 16.996596454439533 ], [ 80.713636626275886, 17.054003958285243 ], [ 80.666589340194164, 17.168231795595034 ], [ 80.606071588068545, 17.182790480555411 ], [ 80.550118259590036, 17.15146583708254 ], [ 80.483010907990661, 17.144726270421273 ], [ 80.431787454672076, 17.121809291339947 ], [ 80.412634963822384, 17.076573828226355 ], [ 80.423524543880973, 17.041970011518689 ], [ 80.442906519180767, 16.992842739360107 ], [ 80.509730922220783, 16.941008584739496 ], [ 80.597368239885583, 16.891451068916062 ], [ 80.603771217966909, 16.856971964553665 ], [ 80.564245771844142, 16.825175125806872 ], [ 80.550106882561593, 16.798399662463989 ], [ 80.501912579064509, 16.773966453996358 ], [ 80.447906701535658, 16.805427867950339 ], [ 80.346910663849656, 16.9610767148306 ], [ 80.280340642162273, 17.024303036317981 ], [ 80.218513830508911, 17.045924161342107 ], [ 80.196884564336713, 17.016447803048813 ], [ 80.148567847330355, 16.989075419694156 ], [ 80.066026364696597, 16.959682005311699 ], [ 80.054768785123827, 16.940653535322685 ], [ 80.053939603813745, 16.939251758910409 ], [ 80.019341365306161, 16.880733785609632 ], [ 80.033429557107269, 16.85177897842247 ], [ 80.045992296333168, 16.821431376218133 ], [ 80.092796271344369, 16.79452855618834 ], [ 80.12779315648514, 16.770773529094537 ], [ 80.15041289075225, 16.728732108383728 ], [ 80.132336357167802, 16.663392248133828 ], [ 80.098048241709179, 16.601307246102522 ], [ 80.014732071838566, 16.591894669980391 ], [ 79.935513839051779, 16.626697649388902 ], [ 79.891314597818635, 16.63919139603744 ], [ 79.822896703118431, 16.658680670247712 ], [ 79.947903824937015, 16.720768353317204 ], [ 78.954789801438849, 16.846038221491799 ], [ 79.844979912068283, 17.09301722178617 ], [ 79.805293199767917, 17.049655376854339 ], [ 79.785375313605556, 16.997661930189803 ], [ 79.901071438974895, 16.872106553425127 ], [ 79.98303600983256, 16.928538396792746 ], [ 80.006742932903933, 17.037525608015304 ], [ 79.984665150016241, 17.083469713829508 ], [ 79.960358548816956, 17.125028474235791 ], [ 79.893412902328748, 17.148885507375166 ], [ 79.868383011836187, 17.119787826056353 ], [ 78.616382318256754, 17.048450431670325 ], [ 75.861326636884044, 18.142574515229121 ], [ 75.873160615728224, 18.200724050943375 ], [ 75.880997246573074, 18.266446000584978 ], [ 75.898818807161931, 18.324946695932738 ], [ 75.931622154676489, 18.372612069735819 ], [ 75.946954935591862, 18.428727624784489 ], [ 75.920887111524237, 18.473091512160845 ], [ 75.818070223995903, 18.456825147173095 ], [ 75.721548918673562, 18.444065309198979 ], [ 75.666613128294202, 18.492090889093934 ], [ 75.630299516000733, 18.499388982367915 ], [ 75.601347603260365, 18.462418776177643 ], [ 75.541028776614638, 18.405209684047357 ], [ 75.509320756388377, 18.375107623990317 ] ], [ [ 79.947903824937015, 16.720768353317204 ], [ 79.962493152523379, 16.758565706302864 ], [ 79.93537716265574, 16.810481169257816 ], [ 79.899907809818046, 16.819930936243399 ], [ 79.794406504829055, 16.816208609890232 ], [ 79.837525171357143, 16.759157655871668 ], [ 79.947903824937015, 16.720768353317204 ] ], [ [ 75.265581922878582, 18.598635112417735 ], [ 75.270924315809708, 18.599699598157123 ], [ 75.287318128187309, 18.578701319715773 ], [ 75.372256091757265, 18.500806593645514 ], [ 75.388057709904714, 18.495234168470112 ], [ 75.435317197150013, 18.550609370097739 ], [ 75.517605552976917, 18.56857530090447 ], [ 75.594971419726647, 18.608519802726207 ], [ 75.5911340227441, 18.659225701335593 ], [ 75.599176167751722, 18.658405026674767 ], [ 75.57314228703973, 18.680324138645922 ], [ 75.50897760962539, 18.702508414654361 ], [ 75.498059751455415, 18.744623284881747 ], [ 75.497207157751916, 18.796275751024559 ], [ 75.388769120320077, 18.808010949180655 ], [ 75.341555594184527, 18.804277349661582 ], [ 75.321428456249805, 18.783270107157673 ], [ 75.263133599670709, 18.751796605420019 ], [ 75.230918063157304, 18.688709294549742 ], [ 75.265581922878582, 18.598635112417735 ] ] ], [ [ [ 76.117403274891458, 17.817448607737795 ], [ 76.222168430091699, 17.721370803149149 ], [ 76.196833094241086, 17.701541862678734 ], [ 76.155085895869419, 17.704293546410931 ], [ 76.13299448144673, 17.705746050584409 ], [ 76.115245349054277, 17.740280483536615 ], [ 76.117403274891458, 17.817448607737795 ] ] ], [ [ [ 76.372211775178371, 17.583769372964557 ], [ 78.238842645096668, 15.871923524825847 ], [ 78.161387279749349, 15.842970241117538 ], [ 78.109683701364347, 15.850885660483508 ], [ 77.99961879488967, 15.918379676048435 ], [ 77.900791043092923, 15.948403558558153 ], [ 77.75160230621087, 15.983338056468275 ], [ 77.613793777478932, 15.986492002111488 ], [ 77.509719471853032, 15.961920635546583 ], [ 77.422516798964764, 15.982996915762495 ], [ 77.352120121955167, 16.048314707284224 ], [ 77.297187213137789, 16.043174152870122 ], [ 77.216776190560637, 16.013901937171823 ], [ 77.133283108414389, 15.971718453078772 ], [ 77.025054948233432, 15.972764386466075 ], [ 76.96696516893681, 15.946048755762227 ], [ 76.933664025458128, 15.87462612577411 ], [ 76.94776867423451, 15.799906663881858 ], [ 76.864334058670309, 15.748995008011354 ], [ 76.794593106304674, 15.73523459843685 ], [ 76.777815564135253, 15.679422101242723 ], [ 76.767995701511154, 15.570469823212324 ], [ 76.73205712522271, 15.52054232771267 ], [ 76.681529148539624, 15.493673657425258 ], [ 76.572002945753724, 15.488740347548839 ], [ 76.457696769664736, 15.434999335714279 ], [ 76.344841383011584, 15.368271487788643 ], [ 76.303149814375985, 15.322601429552973 ], [ 76.249846516741783, 15.309991382692788 ], [ 76.178816017665213, 15.298897269416374 ], [ 76.101735591286044, 15.260544315610748 ], [ 75.968742846138014, 15.271204003710475 ], [ 75.946606955578829, 15.240238734974724 ], [ 75.900345755374147, 15.323023622941317 ], [ 75.906674098400998, 15.41867104321061 ], [ 75.91304439536276, 15.521970749736695 ], [ 75.933132643066344, 15.600336830483677 ], [ 75.964988645703983, 15.657600971342713 ], [ 75.953504736462875, 15.736099974562231 ], [ 75.96763244763946, 15.799178787137183 ], [ 75.95001713677155, 15.83561043166231 ], [ 75.896711086431324, 15.849231077809048 ], [ 75.82984983686579, 15.933687249287459 ], [ 75.814261730862569, 15.991148639293483 ], [ 75.820422604293697, 16.046613439872306 ], [ 75.868066514352009, 16.082779594549116 ], [ 75.939056471057683, 16.028906516665465 ], [ 75.978511750194926, 16.005770391813581 ], [ 75.996390699317331, 16.020994673893227 ], [ 76.024369777380784, 16.07634832186676 ], [ 76.064087873320659, 16.102940136711169 ], [ 76.135168905763877, 16.073875969862158 ], [ 76.215795293292302, 15.99116615622013 ], [ 76.279096822652392, 15.992711991720313 ], [ 76.311040887860287, 16.038434594020277 ], [ 76.263949963882709, 16.099938122349759 ], [ 76.199165146609545, 16.186404411358765 ], [ 76.213245762626499, 16.222674523076453 ], [ 76.308352599241502, 16.231675019697679 ], [ 76.313041407428443, 16.252172227047435 ], [ 76.320591196932625, 16.28516542351899 ], [ 76.332837522687413, 16.338654367149367 ], [ 76.299702186424824, 16.421123301341797 ], [ 76.293958725922451, 16.451767842456107 ], [ 76.341653297499377, 16.468685274667095 ], [ 76.348038027290215, 16.53177394676511 ], [ 76.338492107181295, 16.585399850750456 ], [ 76.358907870381671, 16.667526171406589 ], [ 76.3631888309027, 16.711496534423002 ], [ 76.363542584336884, 16.761231398558987 ], [ 76.316101202133069, 16.792147577452578 ], [ 76.306512668472749, 16.841946456127136 ], [ 76.34072595028384, 16.904853574506731 ], [ 76.340983199731681, 16.9411979627322 ], [ 76.295574668787154, 16.985489423628437 ], [ 76.323713837816086, 17.029306378152803 ], [ 76.35779135497414, 17.067340025671999 ], [ 76.340029644070484, 17.086587340463645 ], [ 76.288422514528904, 17.102225536767623 ], [ 76.284641196133919, 17.130943844514491 ], [ 76.30297323212838, 17.192040446471101 ], [ 76.313207021826329, 17.232145326857552 ], [ 76.269612111292957, 17.261119189388967 ], [ 76.237554591507646, 17.230711861222751 ], [ 76.17957388300492, 17.190887097522904 ], [ 76.143739258811863, 17.189180506200032 ], [ 76.112102328635032, 17.22379210675459 ], [ 76.112480708116394, 17.286919926521151 ], [ 76.110914870350356, 17.357710198716223 ], [ 76.113279420544714, 17.380171478374269 ], [ 76.115142037694312, 17.397859746990576 ], [ 76.172933705656263, 17.399441403350096 ], [ 76.238565978916924, 17.381828427102484 ], [ 76.308303977321373, 17.383296644219936 ], [ 76.350306496718233, 17.405971376999613 ], [ 76.364408987036995, 17.426916734808319 ], [ 76.330979930605196, 17.488354421033289 ], [ 76.335245935072834, 17.526582795490448 ], [ 76.375465038224164, 17.572215452767193 ], [ 76.372211775178371, 17.583769372964557 ] ] ], [ [ [ 78.614139830298157, 16.058323566300903 ], [ 79.257897908697728, 16.378060929769692 ], [ 79.257173389853108, 16.358260562068178 ], [ 79.310823213048991, 16.302763777813166 ], [ 79.304659720787541, 16.224146298430245 ], [ 79.263679619467467, 16.179158516013729 ], [ 79.213629348357543, 16.194475863333484 ], [ 79.141377505573473, 16.211649705846781 ], [ 79.102088657949423, 16.175181023830927 ], [ 79.028749449257234, 16.139348997378047 ], [ 78.944208026206937, 16.135203052638715 ], [ 78.852353993459531, 16.059535289614573 ], [ 78.75431742451606, 16.045520879778394 ], [ 78.641839596988433, 16.051762230143261 ], [ 78.614139830298157, 16.058323566300903 ] ] ], [ [ [ 75.687685673713759, 18.211533106876271 ], [ 75.861326636884044, 18.142574515229121 ], [ 75.859061131869424, 18.131442328287374 ], [ 75.836405460491662, 18.10045592150686 ], [ 75.825578447961902, 18.085074696223636 ], [ 75.687685673713759, 18.211533106876271 ] ] ], [ [ [ 79.868383011836187, 17.119787826056353 ], [ 79.960358548816956, 17.125028474235791 ], [ 79.844979912068283, 17.09301722178617 ], [ 79.851214806365988, 17.099829489772933 ], [ 79.868383011836187, 17.119787826056353 ] ] ], [ [ [ 78.954789801438849, 16.846038221491799 ], [ 78.943620155668924, 16.881103769400514 ], [ 78.950642396705092, 16.859059428895684 ], [ 78.954789801438849, 16.846038221491799 ] ] ], [ [ [ 79.822896703118431, 16.658680670247712 ], [ 79.257897908697728, 16.378060929769692 ], [ 79.260157188203067, 16.439804755038324 ], [ 79.260839511265004, 16.458409384711487 ], [ 79.297602334030074, 16.510630052900687 ], [ 79.4176010332245, 16.566814657160744 ], [ 79.504444025154072, 16.599304080098811 ], [ 79.641305111141406, 16.612031217334739 ], [ 79.687708577629181, 16.628160071454452 ], [ 79.761705969020284, 16.679416588033515 ], [ 79.814687881853828, 16.661019005405056 ], [ 79.822896703118431, 16.658680670247712 ] ] ], [ [ [ 76.035736055167249, 17.892343807033431 ], [ 76.056396491546906, 17.916597585460671 ], [ 76.092316480132922, 17.908747542149548 ], [ 76.117812603740248, 17.832086339442128 ], [ 76.117403274891458, 17.817448607737795 ], [ 76.035736055167249, 17.892343807033431 ] ] ], [ [ [ 76.222168430091699, 17.721370803149149 ], [ 76.255026621921886, 17.747087578075991 ], [ 76.290737745219857, 17.71625041935825 ], [ 76.346632980379596, 17.717787973656186 ], [ 76.372432077739219, 17.698481496980712 ], [ 76.366652699825821, 17.678297206286132 ], [ 76.356037793786129, 17.641211051565239 ], [ 76.372211775178371, 17.583769372964557 ], [ 76.222168430091699, 17.721370803149149 ] ] ], [ [ [ 78.238842645096668, 15.871923524825847 ], [ 78.27333249753228, 15.898634552349861 ], [ 78.277488650834997, 15.932739246676631 ], [ 78.28187745646882, 15.968729905093198 ], [ 78.291514866609916, 16.014443340962803 ], [ 78.379856606953311, 16.068957813216226 ], [ 78.452852028079562, 16.090718572939721 ], [ 78.457272385546901, 16.089214127750498 ], [ 78.531177334379692, 16.077975169517806 ], [ 78.614139830298157, 16.058323566300903 ], [ 78.238842645096668, 15.871923524825847 ] ] ] ] } },
{ "type": "Feature", "properties": { "state_name": "Jammu and Kashmir", "id": 15 }, "geometry": { "type": "Polygon", "coordinates": [ [ [ 74.471412094659129, 36.948667035658517 ], [ 74.48645525806927, 36.942712147009544 ], [ 74.48785079743142, 36.9421595734376 ], [ 74.554947775118123, 36.900690992549258 ], [ 74.564998454627357, 36.892692725666947 ], [ 74.565026252082802, 36.892663712199308 ], [ 74.568593887462029, 36.885777220377008 ], [ 74.579080610061837, 36.865527125839058 ], [ 74.591452517513048, 36.841621515384929 ], [ 74.593475337557607, 36.837711359278984 ], [ 74.600603957770986, 36.8239280750593 ], [ 74.663403873837012, 36.818006908627446 ], [ 74.700392217438591, 36.834702047764019 ], [ 74.744467953503047, 36.841621797820444 ], [ 74.889077451644681, 36.880602985590848 ], [ 74.929860460594668, 36.925354889046346 ], [ 74.959545892696838, 36.967107854264455 ], [ 75.024769457976006, 37.004903585530457 ], [ 75.026437677072749, 37.005869321145319 ], [ 75.072842921244529, 36.99084717512126 ], [ 75.137128605847352, 36.91795810605587 ], [ 75.142345902119814, 36.912034927472298 ], [ 75.164983012697434, 36.86653994439569 ], [ 75.172467475542717, 36.84964339919712 ], [ 75.17637513026439, 36.840818527785295 ], [ 75.187757214293143, 36.815101436183681 ], [ 75.205441165529336, 36.775532648395355 ], [ 75.225553584204462, 36.748488896495012 ], [ 75.237679226575523, 36.732173563359368 ], [ 75.274353699083832, 36.708767505803387 ], [ 75.338013739105122, 36.683529419619191 ], [ 75.342467689007279, 36.681761755524171 ], [ 75.350767923726593, 36.678185983482997 ], [ 75.377626357639713, 36.666609039364353 ], [ 75.400845484017836, 36.656593093819602 ], [ 75.440130910442221, 36.615254874217229 ], [ 75.4475301241648, 36.607718132691502 ], [ 75.484424603184863, 36.570109198213189 ], [ 75.549194059704902, 36.503969803844413 ], [ 75.579110763446906, 36.480506762826202 ], [ 75.661912756864353, 36.446442379120889 ], [ 75.687493883766734, 36.43948687558057 ], [ 75.845496727621892, 36.39637728564179 ], [ 75.973696078737703, 36.337743214068155 ], [ 75.997324796241685, 36.320378219447242 ], [ 76.017572018099102, 36.305488548936722 ], [ 76.023452381931122, 36.301989129217382 ], [ 76.050097436455118, 36.297726303741896 ], [ 76.054078347234196, 36.294764027640326 ], [ 76.063958011381203, 36.295514011681313 ], [ 76.104886407487527, 36.289004654197988 ], [ 76.116323223390452, 36.287183024655782 ], [ 76.17705276506922, 36.287931697624678 ], [ 76.219901196826072, 36.262383778694975 ], [ 76.256512929701827, 36.240529296888312 ], [ 76.268575446816726, 36.213218107688078 ], [ 76.284793959724809, 36.176466272878947 ], [ 76.304523500805956, 36.153956602907279 ], [ 76.323135031711743, 36.132707938131766 ], [ 76.378432479826614, 36.113075708299462 ], [ 76.389766113511286, 36.113161100144801 ], [ 76.421850388712542, 36.113397016798906 ], [ 76.438256434815955, 36.111712696616877 ], [ 76.440221758380829, 36.111510772393913 ], [ 76.458050789373701, 36.109677439646049 ], [ 76.465487855030844, 36.105880965582905 ], [ 76.465880176751384, 36.105680670430395 ], [ 76.488422111239529, 36.094168331938945 ], [ 76.508426044866283, 36.083945874233891 ], [ 76.594143100113229, 35.984257768321129 ], [ 76.595219557070948, 35.969926184041363 ], [ 76.596533906111176, 35.952422098821778 ], [ 76.600125958402288, 35.937247432187576 ], [ 76.610282187112873, 35.894312781684668 ], [ 76.612088821732996, 35.886670805127864 ], [ 76.617668144814019, 35.863061824011709 ], [ 76.666816757931656, 35.808137566867551 ], [ 76.688545614130106, 35.783825374562156 ], [ 76.706465234028556, 35.765534339259226 ], [ 76.721507588165025, 35.750171852737274 ], [ 76.764205636332576, 35.730382219942726 ], [ 76.806956247618444, 35.729266087072332 ], [ 76.840696208351716, 35.72837446334659 ], [ 76.896212693710339, 35.724781395271172 ], [ 76.902806910826143, 35.724352893047062 ], [ 76.964881368255718, 35.7183163763004 ], [ 76.967921007618955, 35.717378169460808 ], [ 76.99118272048284, 35.710195037719593 ], [ 77.010041169524683, 35.704367418066205 ], [ 77.035099151284427, 35.689942309985192 ], [ 77.054310768513318, 35.671338431252863 ], [ 77.07174238033376, 35.660907289042115 ], [ 77.085205276143839, 35.646806296684559 ], [ 77.09614739077503, 35.639289167510817 ], [ 77.122547686983609, 35.62114272354458 ], [ 77.122766035596982, 35.620992582835797 ], [ 77.16818041173417, 35.61139112684296 ], [ 77.174218192539513, 35.609128549025591 ], [ 77.198819634469999, 35.609319576847625 ], [ 77.261713947507801, 35.605719334316355 ], [ 77.282546757416299, 35.604519513258509 ], [ 77.302195385575104, 35.596841910557529 ], [ 77.340462407239329, 35.581876065168515 ], [ 77.348734497802141, 35.567514580247504 ], [ 77.355191835101195, 35.548785600885807 ], [ 77.354940810037746, 35.540204520540676 ], [ 77.357352247724535, 35.502951345424556 ], [ 77.357774314434792, 35.486916547082771 ], [ 77.352220454132876, 35.479869165647521 ], [ 77.319221625819367, 35.469950668529137 ], [ 77.312238214416965, 35.472849446795585 ], [ 77.29544378458003, 35.479818263364841 ], [ 77.246761591842599, 35.490752193229767 ], [ 77.230863511841591, 35.485323111056985 ], [ 77.216559015642019, 35.474138388285184 ], [ 77.216546533940843, 35.47402400371061 ], [ 77.216219185826048, 35.471023980203967 ], [ 77.19248901091018, 35.465052346726232 ], [ 77.191679262857576, 35.464848476535394 ], [ 77.181477936293533, 35.447148072426067 ], [ 77.199436575315531, 35.417520995549715 ], [ 77.229187770242589, 35.385884214246687 ], [ 77.288194300909396, 35.371845742102167 ], [ 77.373965640964869, 35.371425205600779 ], [ 77.45108991724031, 35.390675154770996 ], [ 77.520578141080833, 35.398109641960453 ], [ 77.585616030645781, 35.411447694532853 ], [ 77.599886076648119, 35.424034032874864 ], [ 77.605040529645649, 35.428578882551925 ], [ 77.670436723001913, 35.441707943793013 ], [ 77.751174922946262, 35.41845683300825 ], [ 77.776782912250454, 35.398871768618655 ], [ 77.800972966237225, 35.402720633617115 ], [ 77.822799933577414, 35.41098177902748 ], [ 77.83440034227246, 35.41007795181099 ], [ 77.839659643590636, 35.41736109758893 ], [ 77.852284823167167, 35.422137407887689 ], [ 77.855904392991675, 35.444047238500346 ], [ 77.858820810835041, 35.449392727232542 ], [ 77.861783873360267, 35.47476856341958 ], [ 77.870477193053489, 35.513587263742494 ], [ 77.880498396404377, 35.543817454166678 ], [ 77.889924581166312, 35.553515193205513 ], [ 77.896426962039271, 35.560203015906723 ], [ 77.907752568140737, 35.561154373565358 ], [ 77.912692239232484, 35.561568966014491 ], [ 77.921787361142179, 35.562331785652603 ], [ 77.989166973184112, 35.55265984408009 ], [ 77.998538565153765, 35.550314967446575 ], [ 77.99963451910638, 35.550040691876511 ], [ 78.012550975890733, 35.546807315602571 ], [ 78.041039717116718, 35.540044283742809 ], [ 78.045322020609873, 35.539027023441676 ], [ 78.070684525576553, 35.541058349788521 ], [ 78.076495647596971, 35.547262069177187 ], [ 78.078279985894838, 35.549166695040348 ], [ 78.078830219810513, 35.549108827600335 ], [ 78.093370240478137, 35.553215030208904 ], [ 78.113892215109857, 35.559006799625053 ], [ 78.116487372455921, 35.562232420708234 ], [ 78.147403265605575, 35.600633293960215 ], [ 78.185917434763397, 35.621000771180483 ], [ 78.203082672017544, 35.630070721448917 ], [ 78.230481136251171, 35.644538162637808 ], [ 78.296106351386555, 35.685943372456407 ], [ 78.373180432412582, 35.734467653347032 ], [ 78.38934225449276, 35.74496895244986 ], [ 78.403608204333921, 35.75423411579176 ], [ 78.426451512259121, 35.769061583306254 ], [ 78.475146746430966, 35.779336778539232 ], [ 78.507871933107651, 35.786229320451831 ], [ 78.537307810343464, 35.795801607043835 ], [ 78.576658837643151, 35.799951649930911 ], [ 78.615309949563098, 35.815820454432867 ], [ 78.681757783899073, 35.842165513358779 ], [ 78.70023865740059, 35.849482811825112 ], [ 78.76361413156593, 35.867172991931426 ], [ 78.84768291605188, 35.874674265380868 ], [ 78.883099323091983, 35.887705359310289 ], [ 78.896112819815059, 35.889098291389068 ], [ 78.956863692793277, 35.866400706713542 ], [ 79.003384400398275, 35.849257295208126 ], [ 79.01293683074941, 35.845734053429936 ], [ 79.046211515049023, 35.839377453368414 ], [ 79.104957300819862, 35.844864650313433 ], [ 79.136619068161693, 35.868739180519086 ], [ 79.138065712202248, 35.872501244447442 ], [ 79.138227145167846, 35.87243638929683 ], [ 79.140210179963404, 35.872685080477808 ], [ 79.16806177407895, 35.876174251493765 ], [ 79.188655367263138, 35.883378776606975 ], [ 79.205706422809996, 35.889340181158012 ], [ 79.223092391641458, 35.900416984240159 ], [ 79.229406541139369, 35.934400200772835 ], [ 79.237701516459339, 35.962555050129438 ], [ 79.249300629239869, 35.977129677280921 ], [ 79.258187656308692, 35.988291742548149 ], [ 79.262873421312634, 35.989040516242227 ], [ 79.282817662569215, 35.985422297604138 ], [ 79.300531599636003, 35.982205678012484 ], [ 79.349958375653799, 35.960000768380745 ], [ 79.375589684435681, 35.937910170631469 ], [ 79.389637657979463, 35.925795638374915 ], [ 79.426869878714612, 35.893663258010726 ], [ 79.438555593424937, 35.883570851330894 ], [ 79.450777652139763, 35.879544006885268 ], [ 79.574159938494986, 35.838802713210512 ], [ 79.577262068621465, 35.837776264872012 ], [ 79.679895500252542, 35.806540534424052 ], [ 79.693459086127206, 35.802404379097155 ], [ 79.695458444605833, 35.801794522126478 ], [ 79.701796114997336, 35.799861091609174 ], [ 79.770568939841084, 35.781612642519633 ], [ 79.774650229659827, 35.780528232082844 ], [ 79.788479235829342, 35.779988968784657 ], [ 79.811290097591254, 35.779095965761627 ], [ 79.832997869473147, 35.778242109423807 ], [ 79.835232849305058, 35.779031191446329 ], [ 79.847531211721886, 35.783372186900387 ], [ 79.864603295975684, 35.789395192976855 ], [ 79.895552721174965, 35.813232949360604 ], [ 79.897509852970813, 35.814739566083709 ], [ 79.908303377590315, 35.81740855693733 ], [ 79.921646515528067, 35.815516816923513 ], [ 79.953868607011017, 35.810942085223537 ], [ 79.958472538107927, 35.816613553610971 ], [ 79.97291722116141, 35.812521775501565 ], [ 79.976051576032077, 35.809919587160024 ], [ 79.995290791360929, 35.79394171406409 ], [ 80.03622257563859, 35.759918808974049 ], [ 80.130310059193775, 35.681559245939404 ], [ 80.276829246363405, 35.613380523766857 ], [ 80.279572537432387, 35.61210131580961 ], [ 80.339732193919247, 35.560490958305657 ], [ 80.350598805261882, 35.482228691827203 ], [ 80.341046930945637, 35.456886380574566 ], [ 80.310823936565185, 35.376570223058216 ], [ 80.255594295209718, 35.276249394308422 ], [ 80.229046077330494, 35.22791569768939 ], [ 80.21058180657019, 35.194257221379296 ], [ 80.203227318200931, 35.114483004561848 ], [ 80.201780510284152, 35.108209946229216 ], [ 80.202028010371819, 35.101448718763002 ], [ 80.200937078593512, 35.089586085753048 ], [ 80.200563013975668, 35.085517201525242 ], [ 80.199506256077669, 35.074018572482274 ], [ 80.196835827325017, 35.044936773624634 ], [ 80.196785012519371, 35.044383040461305 ], [ 80.195806866415168, 35.03372159374328 ], [ 80.195213293041789, 35.002374665434544 ], [ 80.194397286265669, 34.959107006994628 ], [ 80.188359994202997, 34.943482423993366 ], [ 80.175330496538535, 34.909736761964929 ], [ 80.135936581384641, 34.807499317461563 ], [ 80.11610617546998, 34.753025096540256 ], [ 80.103836656004773, 34.70596294785377 ], [ 80.088254552431636, 34.703423493900907 ], [ 80.065508491843673, 34.701122752210381 ], [ 80.028821409368476, 34.697402506652153 ], [ 79.953077067733673, 34.695566985512642 ], [ 79.929594151936541, 34.680502975773692 ], [ 79.908104089007608, 34.666708036198493 ], [ 79.889818319142535, 34.666064354213546 ], [ 79.846786534644451, 34.641786178424361 ], [ 79.802098461278675, 34.616540620750058 ], [ 79.776982844146858, 34.575668717217731 ], [ 79.834918504627069, 34.532865107081193 ], [ 79.837003814373645, 34.531323196333048 ], [ 79.864799831259688, 34.499287150821367 ], [ 79.863157600015313, 34.481604214890446 ], [ 79.862270558269174, 34.481097324265725 ], [ 79.835356183066779, 34.480701037350414 ], [ 79.825523739387933, 34.480554775482261 ], [ 79.752720558032792, 34.485790548034934 ], [ 79.694696814761613, 34.48333685400042 ], [ 79.635731869586024, 34.469951059477964 ], [ 79.60109520869004, 34.454279964869428 ], [ 79.596725996585306, 34.445674909786653 ], [ 79.56499082783256, 34.442816412062051 ], [ 79.558521339789536, 34.434371696233647 ], [ 79.551549613467756, 34.425268895020125 ], [ 79.547845336253118, 34.409598715301648 ], [ 79.552941760900282, 34.353801833515625 ], [ 79.560232550762692, 34.273932757481226 ], [ 79.575692191999664, 34.232464471287244 ], [ 79.570527004310435, 34.199542513125024 ], [ 79.555734446581297, 34.206741532388392 ], [ 79.556149603090432, 34.195969103559186 ], [ 79.553979533797758, 34.195429568884315 ], [ 79.538222852890058, 34.188464966629361 ], [ 79.526470740484427, 34.183268258782938 ], [ 79.525197043753707, 34.181671594756416 ], [ 79.51789756450755, 34.178178427973855 ], [ 79.501493755452699, 34.170325614328675 ], [ 79.496316285764465, 34.167846266026075 ], [ 79.469336942881668, 34.154920420264624 ], [ 79.466915414457915, 34.148352447220603 ], [ 79.463511011794225, 34.139116489683289 ], [ 79.458169755531685, 34.124620984994984 ], [ 79.45645641939268, 34.119969917876737 ], [ 79.444792952726331, 34.088291360454527 ], [ 79.440248002248936, 34.033275502853208 ], [ 79.43716152918222, 33.995934897544082 ], [ 79.438230308714537, 33.980190080848189 ], [ 79.431680623319494, 33.977467932508759 ], [ 79.428441331764773, 33.977979848447916 ], [ 79.419320538821381, 33.979420752855752 ], [ 79.358571980039912, 34.001880179603319 ], [ 79.335120417593387, 34.018364041058412 ], [ 79.324765433742229, 34.018876112065612 ], [ 79.288398125672828, 34.020667589377851 ], [ 79.240894542070208, 34.010369173813345 ], [ 79.207250777000766, 34.00712814266447 ], [ 79.201735528923024, 34.00588690986995 ], [ 79.180952146327982, 34.007036351942027 ], [ 79.08273342553602, 33.997586519592112 ], [ 79.08092739426904, 33.997357853036604 ], [ 79.062296390167873, 34.001553788184481 ], [ 78.991328230825971, 34.002397306748641 ], [ 78.961450446882651, 33.983010370519125 ], [ 78.952776982059859, 33.970189143393398 ], [ 78.949735503469398, 33.965692035011699 ], [ 78.942539045134055, 33.960851073314025 ], [ 78.932819523576782, 33.890199081624253 ], [ 78.943367712092311, 33.874860868245172 ], [ 78.946280919769038, 33.870623707812243 ], [ 78.984248683633723, 33.815359764944354 ], [ 79.027995187235433, 33.766086874626737 ], [ 79.007485932949294, 33.711143330094487 ], [ 78.998281748596085, 33.681696045302729 ], [ 79.016946980862755, 33.659104021525224 ], [ 79.024332174570972, 33.650161366043612 ], [ 79.088729306772308, 33.626372019850614 ], [ 79.11920182781742, 33.590904831025426 ], [ 79.117021697328241, 33.575836225879755 ], [ 79.115366698479974, 33.564392337535409 ], [ 79.114471044294163, 33.564248489284701 ], [ 79.063133077993797, 33.554096308816966 ], [ 79.010382323458217, 33.556567195458783 ], [ 78.95969468201146, 33.55543538635898 ], [ 78.949147076536534, 33.549993340270078 ], [ 78.939322620995014, 33.544922913936809 ], [ 78.938317282114355, 33.539668309520103 ], [ 78.937670752523047, 33.536288656826009 ], [ 78.93687042596423, 33.532104576171619 ], [ 78.920526242900749, 33.530183077845145 ], [ 78.907250861473869, 33.528620686627491 ], [ 78.904184158432713, 33.485346572295349 ], [ 78.905612959109732, 33.481254351172915 ], [ 78.925122505677251, 33.425342844729649 ], [ 78.930010061238505, 33.411325816640954 ], [ 78.931644724555838, 33.406636868833552 ], [ 78.957714308054307, 33.331797066112735 ], [ 78.964606517058868, 33.311992085068496 ], [ 78.966899061787473, 33.304410499449347 ], [ 78.985444566262416, 33.243038126708043 ], [ 79.047204029453951, 33.221242448131569 ], [ 79.071143534814709, 33.221148171196113 ], [ 79.086057385179032, 33.22108710248483 ], [ 79.09755769414987, 33.221038786787034 ], [ 79.102820300746586, 33.221016321605831 ], [ 79.10716853023726, 33.220997591269189 ], [ 79.108410203774511, 33.220434444445871 ], [ 79.12027602533648, 33.215051882455448 ], [ 79.168694067525735, 33.2125003361027 ], [ 79.170340422388378, 33.212413242961134 ], [ 79.178651154657558, 33.213451533833975 ], [ 79.179416158665887, 33.213547079004108 ], [ 79.18061047037844, 33.213696232566193 ], [ 79.181162618767743, 33.213765184399435 ], [ 79.181341204857048, 33.213787485525089 ], [ 79.181602194630983, 33.213820076407721 ], [ 79.181786152159717, 33.213843047602857 ], [ 79.185499913769291, 33.214306731662937 ], [ 79.191833665061608, 33.215097264495483 ], [ 79.2006477045785, 33.216196798862214 ], [ 79.205643532105782, 33.216819724118281 ], [ 79.210700602977127, 33.217450068700728 ], [ 79.220896598671217, 33.218720296660926 ], [ 79.222608799547615, 33.219194621215465 ], [ 79.251516403458311, 33.227198312548779 ], [ 79.252127911219219, 33.227367530389571 ], [ 79.255187865171308, 33.228214231144513 ], [ 79.270672035786333, 33.229637953027499 ], [ 79.277966841915784, 33.230307994371209 ], [ 79.290975639097994, 33.231501773719067 ], [ 79.370229568723076, 33.232649329705175 ], [ 79.384438879951105, 33.231428855142781 ], [ 79.411652855402494, 33.229086776926209 ], [ 79.42334623880933, 33.22807856939491 ], [ 79.431795075094172, 33.219706238246587 ], [ 79.434121379374204, 33.217400643272029 ], [ 79.455580337774094, 33.196125476859187 ], [ 79.453543301318547, 33.171274803342477 ], [ 79.453225771521133, 33.167398921689511 ], [ 79.451384967574697, 33.144917706095804 ], [ 79.425731727398073, 33.089771244394768 ], [ 79.422275326989364, 33.082334562778378 ], [ 79.417652815444882, 33.072386500482637 ], [ 79.375313380988729, 32.979425660833051 ], [ 79.364595535356429, 32.955855323375765 ], [ 79.361387059109191, 32.94879634871063 ], [ 79.356400286179039, 32.915316052985595 ], [ 79.360499159620986, 32.879757626292644 ], [ 79.361846593123317, 32.877074983792966 ], [ 79.380426813630876, 32.840067277039239 ], [ 79.438156685574683, 32.759581748846877 ], [ 79.486041906878754, 32.692702636771635 ], [ 79.506363283633164, 32.66241793408296 ], [ 79.516780156129002, 32.646885471910544 ], [ 79.517726986981359, 32.607210504801941 ], [ 79.517816905566136, 32.603445514348714 ], [ 79.51666167520969, 32.589326836371555 ], [ 79.498526226122181, 32.561170242602628 ], [ 79.479611407717911, 32.534571349133344 ], [ 79.450361347172432, 32.513648190602396 ], [ 79.421358394587344, 32.496321773471387 ], [ 79.417529412683237, 32.495463880311199 ], [ 79.399599687506125, 32.491444859221403 ], [ 79.393032621925229, 32.492899348958126 ], [ 79.372107387240831, 32.497531375849249 ], [ 79.349230982355607, 32.508910789720751 ], [ 79.3263399974675, 32.520281420190322 ], [ 79.308290809451961, 32.540553124279015 ], [ 79.279949845656091, 32.53398648922046 ], [ 79.262406983895147, 32.52632304882755 ], [ 79.25398401116739, 32.52264215361626 ], [ 79.244610052411716, 32.51854460647079 ], [ 79.200751154120908, 32.473040798275626 ], [ 79.191833178887848, 32.463780262655334 ], [ 79.187508962277306, 32.460945366077283 ], [ 79.185361283617127, 32.459537248992355 ], [ 79.177230710690807, 32.454205697147415 ], [ 79.135910013760892, 32.427091096427468 ], [ 79.129148929737013, 32.419304671702477 ], [ 79.124344792298686, 32.41377084719322 ], [ 79.117453913779073, 32.405831702279841 ], [ 79.105122007975382, 32.379033616985915 ], [ 79.102912912403539, 32.372250322214079 ], [ 79.090023728756449, 32.3626301402576 ], [ 79.065517481163866, 32.312017776079685 ], [ 79.06013488484713, 32.307810142918072 ], [ 79.018096174156113, 32.306951273510535 ], [ 79.015835213124006, 32.306904681549007 ], [ 79.014987900173068, 32.30688721033912 ], [ 79.014251937333867, 32.306967462431139 ], [ 79.004745142826806, 32.308003723063244 ], [ 78.996072577842028, 32.308948411100083 ], [ 78.984343995355118, 32.310225015005472 ], [ 78.95516933679346, 32.313395703815459 ], [ 78.946199967813527, 32.316529957567951 ], [ 78.930275235725361, 32.322092648887704 ], [ 78.917172946280303, 32.326667469104045 ], [ 78.905270787224012, 32.333508855959252 ], [ 78.881671762372733, 32.347067525479012 ], [ 78.85043101355518, 32.367371334169917 ], [ 78.848280256786239, 32.369677645579074 ], [ 78.820123906799751, 32.399857122173955 ], [ 78.787277955786706, 32.435031932628775 ], [ 78.771118746777688, 32.455109055480733 ], [ 78.76638543758051, 32.495509887363895 ], [ 78.760313361274228, 32.547307589922013 ], [ 78.759275468821528, 32.556157914539718 ], [ 78.757960909932464, 32.562358411237888 ], [ 78.757187152230699, 32.56600775398816 ], [ 78.756283710987503, 32.570268445077346 ], [ 78.750509943094116, 32.597490555974552 ], [ 78.748928092826318, 32.604946422668277 ], [ 78.730951985345257, 32.632248895435353 ], [ 78.728281818699699, 32.63396863733081 ], [ 78.726828735515284, 32.634904457672832 ], [ 78.720553706729774, 32.638945326945048 ], [ 78.707995068734164, 32.647030642735068 ], [ 78.696842706018501, 32.640014472481887 ], [ 78.692265573163297, 32.635927027974617 ], [ 78.692042815467474, 32.635728087547086 ], [ 78.681014120523585, 32.62587688139719 ], [ 78.679896366612638, 32.624682944233477 ], [ 78.665419301049411, 32.609215118246404 ], [ 78.663925815284884, 32.607618996583078 ], [ 78.651117587925725, 32.600193023551974 ], [ 78.644042842221339, 32.59609007799164 ], [ 78.617112705795392, 32.574306348757823 ], [ 78.611023647098321, 32.570902123185334 ], [ 78.601328602985674, 32.56548069602924 ], [ 78.596481665034389, 32.562769759068331 ], [ 78.584318769989423, 32.555965325604184 ], [ 78.58281931765633, 32.555610492698762 ], [ 78.550411793102072, 32.550813063462286 ], [ 78.545049064518253, 32.548209672687292 ], [ 78.535576423956883, 32.54361011792151 ], [ 78.528188297307551, 32.540021867983342 ], [ 78.521882698361708, 32.536958784477186 ], [ 78.518823868340448, 32.534762079963997 ], [ 78.515549130940116, 32.532410109123703 ], [ 78.508000643964564, 32.526987825059749 ], [ 78.503695407418675, 32.523894734504758 ], [ 78.497493210426896, 32.51943810939548 ], [ 78.475185994695025, 32.500087141415115 ], [ 78.46942291789793, 32.493021610872013 ], [ 78.464822120711148, 32.502868522386763 ], [ 78.453449812527609, 32.520040811699126 ], [ 78.4026246442277, 32.605380646834796 ], [ 78.354362567610835, 32.64102510903048 ], [ 78.306132001148896, 32.678559523153986 ], [ 78.238717551299104, 32.68604407661168 ], [ 78.191172667208306, 32.681539221009928 ], [ 78.170209928513344, 32.662989292836265 ], [ 78.156083186364597, 32.646171858657624 ], [ 78.127978697600966, 32.616344286110859 ], [ 78.065721469072415, 32.575898582694819 ], [ 78.015220639612934, 32.548496508684842 ], [ 77.976947423040329, 32.549409343527536 ], [ 77.93072117842371, 32.582938964696204 ], [ 77.927644067701976, 32.626903617565816 ], [ 77.95825767639829, 32.666260983168463 ], [ 77.960146777354126, 32.723466655880323 ], [ 77.907493045318759, 32.770500593895349 ], [ 77.882007631802352, 32.820707654915381 ], [ 77.861137364812876, 32.874621323396866 ], [ 77.833095338998135, 32.917244594512894 ], [ 77.743240898229715, 32.938334763927244 ], [ 77.648404285855804, 32.869767557557203 ], [ 77.623093185710701, 32.855032990231507 ], [ 77.581532041417475, 32.825360974159224 ], [ 77.545930285572041, 32.845176436553409 ], [ 77.523981781029349, 32.868524444396321 ], [ 77.488189449755382, 32.882602201939456 ], [ 77.456222926798574, 32.871782686593271 ], [ 77.410289012432401, 32.845955476429189 ], [ 77.342639449616414, 32.852966996589309 ], [ 77.199767903213825, 32.928094865523583 ], [ 76.941615401650452, 33.025908703756421 ], [ 76.630810865252485, 33.129625783383709 ], [ 76.565063799391666, 33.1323781986192 ], [ 76.537343765292519, 33.104088382298798 ], [ 76.505010082642244, 33.070120679063734 ], [ 76.470943174376458, 33.06670916354053 ], [ 76.423493060939265, 33.076805174331113 ], [ 76.35806805135384, 33.098534817968371 ], [ 76.328300063292716, 33.079764823651978 ], [ 76.31095828155793, 32.980675004239842 ], [ 76.312658348370078, 32.942474683858549 ], [ 76.223790120318483, 32.90137524960921 ], [ 76.100980203950215, 32.852877687619966 ], [ 75.870071816964227, 32.833694525776458 ], [ 75.856411971999421, 32.824242336139847 ], [ 75.847240571777107, 32.810939743953774 ], [ 75.844726983898383, 32.784226630206291 ], [ 75.84664366056171, 32.747936956843375 ], [ 75.877954179219643, 32.71526333600832 ], [ 75.924965871539314, 32.674829934751877 ], [ 75.962705714381229, 32.615357367335804 ], [ 75.955209181484378, 32.546678628126777 ], [ 75.945692707042582, 32.499016763194206 ], [ 75.927277787418262, 32.46096643780124 ], [ 75.755248102621323, 32.357097470320383 ], [ 75.502517015163306, 32.217054497274205 ], [ 75.347313393548603, 32.160289710617711 ], [ 75.302868056911734, 32.154581881839221 ], [ 75.300930253406293, 32.154332650324911 ], [ 75.298003256233173, 32.153956134286446 ], [ 75.308551248518739, 32.183419095081824 ], [ 75.310406066790591, 32.188597936478104 ], [ 75.305609373211141, 32.196415866505255 ], [ 75.299154099314975, 32.206934653375683 ], [ 75.279931411685723, 32.206814670322373 ], [ 75.244887310465742, 32.210458170270968 ], [ 75.230216260750723, 32.2248865260906 ], [ 75.226131427283505, 32.228680909926439 ], [ 75.221834774849412, 32.232671568141001 ], [ 75.206431994862669, 32.246973337535223 ], [ 75.192948255628565, 32.259488013589753 ], [ 75.174690733037252, 32.270471439266636 ], [ 75.167037595427814, 32.277377845656154 ], [ 75.152250783606391, 32.283963695266955 ], [ 75.083210406383543, 32.32542481254395 ], [ 75.01185479868748, 32.345098228144678 ], [ 75.009743014275458, 32.345430568124733 ], [ 74.959739286321025, 32.353288812023628 ], [ 74.901530498151359, 32.352663182716597 ], [ 74.899700428362763, 32.352643077412274 ], [ 74.884804415685608, 32.350684112174406 ], [ 74.827228262592982, 32.343094975416697 ], [ 74.675457763157098, 32.340203146829467 ], [ 74.621274578734827, 32.342236125856822 ], [ 74.617456866584263, 32.34323629632808 ], [ 74.577857599942078, 32.369814750044654 ], [ 74.552670975240261, 32.40913161614219 ], [ 74.556821697095543, 32.469210423638302 ], [ 74.564489946661368, 32.505369219354499 ], [ 74.583917570229218, 32.596849322204775 ], [ 74.591062813736443, 32.630448129251889 ], [ 74.590796104674254, 32.67789834538447 ], [ 74.577027482835831, 32.698028617517437 ], [ 74.549675442263634, 32.704387584379376 ], [ 74.520130279835428, 32.69714593005088 ], [ 74.498601549257984, 32.683246921207129 ], [ 74.479424524169644, 32.659700723592252 ], [ 74.467082305995092, 32.636264870870392 ], [ 74.456935387275649, 32.624482652197742 ], [ 74.413766338187088, 32.619899256544358 ], [ 74.362586091047305, 32.62193644195451 ], [ 74.290799628202947, 32.638097356079101 ], [ 74.279134789642967, 32.64118635072046 ], [ 74.200351805395044, 32.662014925798573 ], [ 74.19799336970307, 32.662788024626934 ], [ 74.028678630268885, 32.767522819840813 ], [ 73.9668940787911, 32.786537115645906 ], [ 73.931060435220786, 32.794915705864589 ], [ 73.927648618926909, 32.795712832684046 ], [ 73.916632246187831, 32.798285928764024 ], [ 73.906286989013239, 32.800701247363904 ], [ 73.886348522784914, 32.807973194032996 ], [ 73.859284995775795, 32.826031849938481 ], [ 73.84971455548903, 32.827367667930488 ], [ 73.844527514469235, 32.830334988246634 ], [ 73.831622600205009, 32.837715607661735 ], [ 73.784646743879776, 32.851142053397623 ], [ 73.748029494162068, 32.858022337753042 ], [ 73.707006775977547, 32.855118135567452 ], [ 73.663570073915366, 32.85987273876399 ], [ 73.617460979048332, 32.885803586768205 ], [ 73.602385586386944, 32.892492936338762 ], [ 73.546034973449864, 32.917471782602306 ], [ 73.538224265884594, 32.927694396919222 ], [ 73.53811357057856, 32.934423292361323 ], [ 73.537753014169041, 32.956325067522137 ], [ 73.550000762642611, 32.986297147665141 ], [ 73.547167786952784, 33.002981955802724 ], [ 73.545269392825233, 33.014158559134977 ], [ 73.54373118285659, 33.02321226815441 ], [ 73.533795487246394, 33.035730467115492 ], [ 73.509002106161404, 33.066948633486184 ], [ 73.488929375521124, 33.109643583431563 ], [ 73.476640465118621, 33.135759132312948 ], [ 73.474235087983047, 33.150527762241083 ], [ 73.461777609894369, 33.226924116274034 ], [ 73.459165416914161, 33.242924323700706 ], [ 73.47046693723513, 33.283422775469795 ], [ 73.471208105447488, 33.286077465128606 ], [ 73.474295293514999, 33.297133387700704 ], [ 73.474452175287539, 33.297695145663894 ], [ 73.474488953159835, 33.297826837865259 ], [ 73.47574680194343, 33.302330645965931 ], [ 73.476252971614727, 33.304142893700032 ], [ 73.478443073625897, 33.311983324606373 ], [ 73.478639251706312, 33.312685564466584 ], [ 73.479979251908333, 33.317481946035933 ], [ 73.483016711402158, 33.328352329627123 ], [ 73.484335755193413, 33.333072084443657 ], [ 73.487996739836177, 33.3461691301058 ], [ 73.494806088602431, 33.370519337092098 ], [ 73.495282180061949, 33.372221351767884 ], [ 73.489462183195357, 33.384334680113462 ], [ 73.477863205557924, 33.408464580538599 ], [ 73.475965942187472, 33.412410103762141 ], [ 73.473697619884859, 33.417126743536436 ], [ 73.471726166300002, 33.421225617724311 ], [ 73.470194374081942, 33.424410083917451 ], [ 73.455525576340023, 33.449282690166953 ], [ 73.455016755193725, 33.47796260298351 ], [ 73.454900016321872, 33.484536894571157 ], [ 73.454805860755059, 33.489837820459961 ], [ 73.45049100333803, 33.572104366438595 ], [ 73.448846940977006, 33.583001029388321 ], [ 73.443604058293644, 33.617729196222015 ], [ 73.434060761233695, 33.680860403688733 ], [ 73.426188744474317, 33.732855738236211 ], [ 73.418634743372721, 33.751441196756168 ], [ 73.396260722897196, 33.806436286905104 ], [ 73.384386186295842, 33.823349460250199 ], [ 73.377049254800454, 33.833795562369573 ], [ 73.371609386774438, 33.841538682294463 ], [ 73.358064909542364, 33.860810520282413 ], [ 73.34736781164959, 33.896456462206018 ], [ 73.346947664504199, 33.904577543178071 ], [ 73.345793234720617, 33.926880387751545 ], [ 73.345084463028783, 33.94056520970306 ], [ 73.337094300460095, 33.983403630647302 ], [ 73.334177077761211, 33.991413951009157 ], [ 73.329951087180874, 34.003015000516534 ], [ 73.324985591610726, 34.016641609317418 ], [ 73.308355409842491, 34.060552241712912 ], [ 73.301134202781839, 34.068407301269261 ], [ 73.283442432409643, 34.087643798211921 ], [ 73.265373126615998, 34.122684669076421 ], [ 73.256565426237401, 34.139752939403685 ], [ 73.225673663728642, 34.176289754557516 ], [ 73.219332699033032, 34.192803544107967 ], [ 73.213331138446932, 34.208426761146519 ], [ 73.212005178686809, 34.211877615830886 ], [ 73.215451493581938, 34.223673042509049 ], [ 73.225239047994521, 34.257155024533546 ], [ 73.242838262159864, 34.317296050729041 ], [ 73.247378114562196, 34.324662204180484 ], [ 73.252400030493561, 34.332808893938584 ], [ 73.25698145551965, 34.337215551237598 ], [ 73.262132094218117, 34.340404342666808 ], [ 73.289468671644542, 34.357321039967097 ], [ 73.326689829899649, 34.366185734546853 ], [ 73.362643443949636, 34.366672092644286 ], [ 73.407520468259705, 34.351756743131602 ], [ 73.455148211257011, 34.342823922486303 ], [ 73.484093890415778, 34.343185795216044 ], [ 73.499721217364524, 34.343378319003499 ], [ 73.511013237468205, 34.355445338808984 ], [ 73.517699422954038, 34.384156394602307 ], [ 73.515010744398523, 34.426973716785909 ], [ 73.514067892566089, 34.441975139536865 ], [ 73.511543461787213, 34.482106012713444 ], [ 73.509679892999742, 34.51169890347569 ], [ 73.555721176319054, 34.599332673563012 ], [ 73.586714858027833, 34.624376369756234 ], [ 73.612659605509918, 34.645323038632426 ], [ 73.627966064277032, 34.648369757077582 ], [ 73.688921349017718, 34.660481625188488 ], [ 73.765106079763754, 34.682749385439806 ], [ 73.779739058647891, 34.692578121315123 ], [ 73.806584643880001, 34.71059937322876 ], [ 73.853804766147462, 34.743261184619762 ], [ 73.856742324053513, 34.748251958355517 ], [ 73.872167631278501, 34.774448048227271 ], [ 73.868368648057299, 34.805094798228851 ], [ 73.868182072501071, 34.806599261767893 ], [ 73.887065488472757, 34.871193988413339 ], [ 73.916677893602795, 34.929201451547485 ], [ 73.942113813903916, 34.957493511533812 ], [ 73.942927707897638, 34.958398392097699 ], [ 73.943362139462081, 34.989552694701636 ], [ 73.934265235086556, 34.999439174501774 ], [ 73.918735187226815, 35.016309937205385 ], [ 73.85349020666176, 35.039252649386285 ], [ 73.721315612979481, 35.054874033794455 ], [ 73.669000518500027, 35.061015438623421 ], [ 73.645634563257261, 35.06153844459822 ], [ 73.557809083167655, 35.063463906774913 ], [ 73.545386623794045, 35.064381622504975 ], [ 73.503876332305168, 35.067438810186843 ], [ 73.502377153268952, 35.071872241877855 ], [ 73.490196750394531, 35.107872974957374 ], [ 73.476536914332058, 35.139906748493118 ], [ 73.476394952520451, 35.141003072723151 ], [ 73.473143353407693, 35.166104763673786 ], [ 73.479826911474063, 35.197200508523039 ], [ 73.499962537901325, 35.225252765764829 ], [ 73.503775802672138, 35.230562784380247 ], [ 73.513247923883583, 35.243749400056068 ], [ 73.527102425284667, 35.255832179756915 ], [ 73.552620003745361, 35.288409065645013 ], [ 73.57081668539557, 35.311620951004947 ], [ 73.562529105374537, 35.339173899740899 ], [ 73.536815920904175, 35.361928622491455 ], [ 73.489763951959958, 35.383593587970189 ], [ 73.449333552603619, 35.393533273016487 ], [ 73.408764468710416, 35.403490842580695 ], [ 73.357351270717004, 35.402470122123155 ], [ 73.287710751667774, 35.387861149373968 ], [ 73.228182442548402, 35.381221869947922 ], [ 73.218182788391076, 35.380910354204723 ], [ 73.166239397236737, 35.379278835789179 ], [ 73.091667667195964, 35.408213735651486 ], [ 72.957596599221617, 35.492912878202418 ], [ 72.898450470567866, 35.530171851899965 ], [ 72.896167613189803, 35.572479460321354 ], [ 72.895910179351986, 35.638065431636761 ], [ 72.890126865116002, 35.642911094010145 ], [ 72.889619614673791, 35.645685423062673 ], [ 72.868404259764006, 35.668081438346327 ], [ 72.826126211564002, 35.677830864427875 ], [ 72.789222404443692, 35.681940119715975 ], [ 72.683626982672706, 35.667558249666001 ], [ 72.67155406355468, 35.66732527867336 ], [ 72.623570558520669, 35.659232526708593 ], [ 72.623174436856317, 35.659068190782911 ], [ 72.60962404911308, 35.656812343721157 ], [ 72.570924263899656, 35.650360640320415 ], [ 72.500327775916958, 35.635914115850312 ], [ 72.473272602271223, 35.631984319189115 ], [ 72.428407309129668, 35.625453439043312 ], [ 72.340726544507959, 35.63155630969873 ], [ 72.268651810374251, 35.649748867235992 ], [ 72.257869158826594, 35.671726153198449 ], [ 72.253039368091535, 35.684731931616497 ], [ 72.265205637658724, 35.713625756876247 ], [ 72.270393259188367, 35.722710916715521 ], [ 72.277623633831467, 35.7353699840166 ], [ 72.285541462008368, 35.760588536969792 ], [ 72.285897534075986, 35.763581778718972 ], [ 72.291316326517887, 35.791012463124929 ], [ 72.263363173943972, 35.850821316911123 ], [ 72.260846014827152, 35.896678140967396 ], [ 72.318206836173559, 36.013226003583128 ], [ 72.35372595054406, 36.040037478494078 ], [ 72.387101548201315, 36.046838017776764 ], [ 72.464635884486526, 36.062596281836832 ], [ 72.528532691222011, 36.086197203491437 ], [ 72.564401458252249, 36.116735810488507 ], [ 72.647441058175644, 36.208401856200744 ], [ 72.668798237670487, 36.231935297609063 ], [ 72.722939010410457, 36.272882145856542 ], [ 72.800222083148171, 36.318434751792935 ], [ 72.847345338122963, 36.424162698866397 ], [ 72.873243868912112, 36.478094826744972 ], [ 72.935243734369948, 36.503548300722393 ], [ 72.996990712059429, 36.514072272436842 ], [ 73.018692001259296, 36.517762763376389 ], [ 73.050020575826451, 36.520000619945606 ], [ 73.056366591985565, 36.520452911938456 ], [ 73.244437351245054, 36.533701785023297 ], [ 73.320589998021475, 36.531099319076638 ], [ 73.335433733530948, 36.524675212724091 ], [ 73.340986168165514, 36.522271456816917 ], [ 73.36141520024249, 36.520023079205416 ], [ 73.371788297598897, 36.518880041216129 ], [ 73.446657495050289, 36.524100802736093 ], [ 73.51302097581133, 36.524205019426041 ], [ 73.578290147714526, 36.525607440446073 ], [ 73.583710083639474, 36.527882473325668 ], [ 73.638242978057093, 36.550751875578868 ], [ 73.637804234736805, 36.566672309979289 ], [ 73.610857463432566, 36.611865177375002 ], [ 73.557030865692425, 36.630333087945317 ], [ 73.550423815154474, 36.636620125653629 ], [ 73.526867522251052, 36.64066747939043 ], [ 73.505511830377642, 36.647977880796425 ], [ 73.502310877557989, 36.649073164557855 ], [ 73.496227428933693, 36.651340928069928 ], [ 73.451365415595987, 36.66805052568597 ], [ 73.434811065551457, 36.674210291499762 ], [ 73.427658180629678, 36.67799190733205 ], [ 73.403650776212132, 36.701779620221714 ], [ 73.399919832798048, 36.709925417332109 ], [ 73.403848896418467, 36.733797272867079 ], [ 73.426856357555749, 36.746297095818171 ], [ 73.471038646245262, 36.755398986102747 ], [ 73.527161496675902, 36.7568717977923 ], [ 73.593156184602876, 36.740691531941771 ], [ 73.669024073822939, 36.704772655300062 ], [ 73.67125982300594, 36.703806926715906 ], [ 73.71248447289436, 36.685987981530161 ], [ 73.731469862743666, 36.676470681366908 ], [ 73.734214553954075, 36.675094327581633 ], [ 73.734461918362385, 36.674970278544173 ], [ 73.746592066332454, 36.674267791695598 ], [ 73.747657790441522, 36.674206013199871 ], [ 73.757700140005454, 36.671438498196409 ], [ 73.765842780754781, 36.669193739361894 ], [ 73.826684435897491, 36.666652446881521 ], [ 73.829884566513996, 36.66773619970833 ], [ 73.852183434321262, 36.675284699765655 ], [ 73.879731361182849, 36.696003068418072 ], [ 73.902521775802711, 36.720636872339234 ], [ 73.925279197508459, 36.747313251619182 ], [ 74.004645476365553, 36.758385454262395 ], [ 74.032463535115667, 36.77180772086102 ], [ 74.092504907947585, 36.812809450078262 ], [ 74.136589198417397, 36.835035703534814 ], [ 74.239715421989544, 36.840433022224737 ], [ 74.277219744975085, 36.84237368829131 ], [ 74.314649203996595, 36.848276298362592 ], [ 74.31654067608595, 36.863147552203969 ], [ 74.323805922084489, 36.864860512067857 ], [ 74.333146619621132, 36.883039877939041 ], [ 74.325836688975485, 36.903987238889805 ], [ 74.322516570410585, 36.917009503815748 ], [ 74.327263240163873, 36.924500256209257 ], [ 74.357433330202383, 36.943938518057024 ], [ 74.401806036475847, 36.956119825919039 ], [ 74.401852745847549, 36.956132637939852 ], [ 74.452885182889005, 36.955997062232456 ], [ 74.471412094659129, 36.948667035658517 ] ] ] } },
{ "type": "Feature", "properties": { "state_name": "Madras Presidency", "id": 16 }, "geometry": { "type": "MultiPolygon", "coordinates": [ [ [ [ 75.348768366590036, 12.474510546928997 ], [ 75.365684794628891, 12.476321322652042 ], [ 75.492680085392251, 12.42228642632077 ], [ 75.526147878518302, 12.359777323287574 ], [ 75.562584133306046, 12.327404787872963 ], [ 75.631934875736718, 12.327253029611581 ], [ 75.718603676440296, 12.253109987284585 ], [ 75.852856621528517, 12.244830596270601 ], [ 75.919444724038755, 12.251603956995881 ], [ 75.966942663426281, 12.16771684229696 ], [ 75.989190337812815, 12.134144745741668 ], [ 76.015178037120052, 12.062279544498399 ], [ 76.064661919502655, 12.036257459937755 ], [ 76.17630940649947, 12.001360592572814 ], [ 76.263828569160978, 12.009590959899382 ], [ 76.330914661748025, 12.013107177587248 ], [ 76.365795198865783, 11.990931562764834 ], [ 76.430469159634541, 11.906408317702951 ], [ 76.469941439885815, 11.904629012109924 ], [ 76.502348224652224, 11.903164073260152 ], [ 76.551884553595997, 11.900982270362276 ], [ 76.584688238703578, 11.861572527780224 ], [ 76.637707064722562, 11.793341715549259 ], [ 76.712507933137374, 11.797684809094076 ], [ 76.763167101010168, 11.823205801665479 ], [ 76.795382192283114, 11.848833946222047 ], [ 76.811439711482777, 11.864779151458691 ], [ 76.810449406511992, 11.876909745272878 ], [ 76.809472478808473, 11.912790797601787 ], [ 76.803622478600658, 11.946311472475703 ], [ 76.836621154774008, 11.977188668504109 ], [ 76.862199839526895, 11.987782007190743 ], [ 76.930179697691329, 11.982538825770192 ], [ 76.991977121230832, 11.962975055463914 ], [ 77.039372068299031, 11.967417323402026 ], [ 77.057877013227753, 12.005543257261502 ], [ 77.066688918590501, 12.04613036452416 ], [ 77.047480927125292, 12.076163591154389 ], [ 77.013635538535084, 12.099128612734384 ], [ 77.010223380548524, 12.13024105303025 ], [ 77.048320954333278, 12.186157598830077 ], [ 77.060695872084096, 12.214760785198441 ], [ 77.060936779722269, 12.245845572731717 ], [ 77.032129233879004, 12.293886518115828 ], [ 76.979856935529227, 12.295465564177622 ], [ 76.911697710021485, 12.286384618957172 ], [ 76.860924844543973, 12.328586254391483 ], [ 76.841768141590862, 12.371764025872288 ], [ 76.866400577367358, 12.414643185170338 ], [ 76.909099676824141, 12.431085939144946 ], [ 76.957769781968068, 12.431934027098794 ], [ 77.012245589410838, 12.396860489735234 ], [ 77.059634115674726, 12.390526865785716 ], [ 77.069543406104557, 12.41316828285175 ], [ 77.090574882064288, 12.457244167893842 ], [ 77.12962060501755, 12.471286068271057 ], [ 77.184345106321103, 12.468457608675493 ], [ 77.277961117633865, 12.461706468518898 ], [ 77.320513238790042, 12.4589533067928 ], [ 77.329395909699457, 12.471013223650438 ], [ 77.699798397025674, 13.720083312338948 ], [ 77.871068844097508, 12.995464560172952 ], [ 77.935818210468824, 12.992011011622324 ], [ 78.034773613774902, 12.953596744517926 ], [ 78.086179850082061, 12.933877076422426 ], [ 78.1295235764739, 12.943165403705002 ], [ 78.12692498685162, 12.950084123078849 ], [ 78.138181748344394, 12.992956369518643 ], [ 78.166986817839827, 13.035613054232254 ], [ 78.219010063380665, 13.063640863890196 ], [ 78.269703189348604, 13.063959720525373 ], [ 78.307788372457253, 13.069208222888529 ], [ 78.346516037505111, 13.072355612108165 ], [ 78.351462065919762, 13.094254376412827 ], [ 78.350836320864744, 13.191727130991067 ], [ 78.355704449773668, 13.262372352387208 ], [ 78.43426313842032, 13.299543285750305 ], [ 78.460465474260971, 13.358424224099688 ], [ 78.470713984460602, 13.392678826804353 ], [ 78.445863062088705, 13.429326021912733 ], [ 78.351233175249277, 13.503223108342418 ], [ 78.30072852378207, 13.523004989480603 ], [ 78.246514960737741, 13.558116313276223 ], [ 78.218016234114742, 13.617734336608015 ], [ 78.217151593605152, 13.698017973042218 ], [ 78.235501388783817, 13.753203590082839 ], [ 78.167853014719881, 13.81142255117382 ], [ 78.130928718087972, 13.82909891558165 ], [ 78.080732012627436, 13.730339243347551 ], [ 78.045345078232401, 13.715486465382725 ], [ 78.018318867630271, 13.742580182571031 ], [ 78.001454450248303, 13.800133677228628 ], [ 78.023831054228395, 13.86676315810994 ], [ 78.04475799205791, 13.92704423318129 ], [ 78.01866368648929, 13.958553192386942 ], [ 77.988127778070421, 13.981152798849251 ], [ 77.962228952984177, 14.022331261607521 ], [ 77.945481836687222, 14.033288689839525 ], [ 77.856285618208844, 14.064469220619857 ], [ 77.823805665351117, 14.110735077952535 ], [ 77.816276685577108, 14.112871026215936 ], [ 78.104549791897867, 15.084984677713793 ], [ 78.097110213244235, 15.082585181873432 ], [ 78.104550137065345, 15.084985841686455 ], [ 77.330669508390386, 15.281810506051267 ], [ 77.655443629612677, 13.907741467992302 ], [ 77.64437733140177, 13.902684185732786 ], [ 77.617593420001384, 13.870705840969077 ], [ 77.597420888358513, 13.83865325820385 ], [ 77.566367196825937, 13.817468202212162 ], [ 77.542802958786027, 13.809825582843125 ], [ 77.474772369454598, 13.829883267912336 ], [ 77.428550078915904, 13.831062699253062 ], [ 77.40108244179595, 13.800495472408251 ], [ 77.379534934545703, 13.77416986835936 ], [ 77.340649867946041, 13.774542840012607 ], [ 77.311718615438423, 13.81713119886966 ], [ 77.303251287030108, 13.851636559541348 ], [ 77.338292925791251, 13.905810394235266 ], [ 77.341677341366051, 13.950243133579608 ], [ 77.295589655102546, 13.967895321376327 ], [ 77.262530722396292, 13.966771041675861 ], [ 77.221105133016067, 13.93559504252257 ], [ 77.173850262017837, 13.908048644633217 ], [ 77.140883704852058, 13.916230202880902 ], [ 77.10877215603513, 13.938028549879919 ], [ 77.060913284880684, 13.9240924262714 ], [ 77.045867946441845, 13.883332650532237 ], [ 77.004876841268043, 13.898018970520033 ], [ 76.958878534835307, 13.929238156682542 ], [ 76.912831738423023, 13.956146337378524 ], [ 76.881762658753559, 14.019517020761899 ], [ 76.865277174731972, 14.070577807071039 ], [ 76.87361794372292, 14.102077229821326 ], [ 76.874022918885046, 14.151572058963117 ], [ 76.864141573709446, 14.201864395276681 ], [ 76.898980463020095, 14.235305820400868 ], [ 76.935803373606674, 14.241466134141154 ], [ 76.990791797320682, 14.222363690652349 ], [ 77.017058373623925, 14.199189709087056 ], [ 77.038212192826734, 14.180360777999216 ], [ 77.107160240676166, 14.163267165896013 ], [ 77.138065163077471, 14.166579976633747 ], [ 77.165016622585654, 14.140517295310968 ], [ 77.196247325839792, 14.10150309074311 ], [ 77.268636323755459, 14.064971758230037 ], [ 77.328970305716169, 14.07372052353298 ], [ 77.342618276757605, 14.115184365557283 ], [ 77.327472393501864, 14.143301275398114 ], [ 77.306624772073732, 14.189402240760506 ], [ 77.29735883870886, 14.218178804068991 ], [ 77.327027780810923, 14.24370998284984 ], [ 77.361745453149354, 14.259146294827946 ], [ 77.39570920136552, 14.272433007393097 ], [ 77.418670153484328, 14.28797774397971 ], [ 77.42352794328896, 14.329521516239877 ], [ 77.402935686548332, 14.39857552574963 ], [ 77.39530328087875, 14.441680942321902 ], [ 77.36926286691471, 14.484255600538852 ], [ 77.318391706496428, 14.476157063530337 ], [ 77.305569656681769, 14.44616199880414 ], [ 77.302993376770047, 14.410328541474335 ], [ 77.296879904901559, 14.388155600053858 ], [ 77.264451972503792, 14.382730886722223 ], [ 77.23671749706115, 14.405228133592249 ], [ 77.200443263654776, 14.457925775555681 ], [ 77.140313729060992, 14.481431903683864 ], [ 77.069557124792368, 14.472023802187032 ], [ 77.039845955756562, 14.442874817305688 ], [ 77.016765612624951, 14.413664510889427 ], [ 76.956364705082834, 14.407716959121705 ], [ 76.848925184871476, 14.409299917720256 ], [ 76.837727121500137, 14.479688406864366 ], [ 76.820468707979501, 14.530037930041713 ], [ 76.840582163108721, 14.557857535894547 ], [ 76.890996416248413, 14.596908707904202 ], [ 76.905950038362576, 14.622610738156066 ], [ 76.899512115566012, 14.66803716751965 ], [ 76.884535933183116, 14.662267983904313 ], [ 76.864051805537258, 14.679649237756136 ], [ 76.854636169252245, 14.699092781069556 ], [ 76.837208345240626, 14.730077268988115 ], [ 76.788716315972223, 14.749108429013109 ], [ 76.774909085985286, 14.773605159930804 ], [ 76.768460183217144, 14.796610273489406 ], [ 76.775469766431499, 14.842467352720497 ], [ 76.790644196797473, 14.893998908924505 ], [ 76.817408215662127, 14.918895081674366 ], [ 76.838922553508411, 14.933069791424677 ], [ 76.856800188914079, 14.953010339078173 ], [ 76.858485916494516, 14.977385564447404 ], [ 76.855837602609569, 15.012555869441165 ], [ 76.844535725919826, 15.071468220340583 ], [ 76.867013088976776, 15.109301735438416 ], [ 76.861344513529559, 15.136606307809931 ], [ 76.83789505274099, 15.157600628180761 ], [ 76.811346066273259, 15.162119384662196 ], [ 76.746929580902034, 15.142541901101975 ], [ 76.705984128130041, 15.114226725502764 ], [ 76.668962230338337, 15.088611167655575 ], [ 76.651928953257695, 15.06860953271841 ], [ 76.636180117057719, 15.050111326373177 ], [ 76.655823403813415, 15.012664825661751 ], [ 76.675638996872266, 14.998172124165153 ], [ 76.672469715038361, 14.970217474245755 ], [ 76.655299706999841, 14.944516673016961 ], [ 76.644751824617742, 14.915897048797884 ], [ 76.662919635874204, 14.879896190036764 ], [ 76.669243811879028, 14.838958934054837 ], [ 76.663889735793987, 14.813888914127769 ], [ 76.656319874076971, 14.788117124423639 ], [ 76.630407426523135, 14.773953588917973 ], [ 76.573653608864205, 14.77649972666336 ], [ 76.55143829902066, 14.763018891791443 ], [ 76.546069887642801, 14.733640018038093 ], [ 76.548129432183885, 14.712103152305364 ], [ 76.553070934429783, 14.681220312870765 ], [ 76.548502789442253, 14.660445080566614 ], [ 76.518922724407261, 14.645573794110563 ], [ 76.485860382953845, 14.66013643418863 ], [ 76.44333490727945, 14.693407918160309 ], [ 76.406315994097653, 14.782602263019273 ], [ 76.37623335027736, 14.806460507966905 ], [ 76.36003178935016, 14.810144131964154 ], [ 76.310651202204426, 14.81545286157562 ], [ 76.28643225851205, 14.835679475313921 ], [ 76.234976716877838, 14.866814558998449 ], [ 76.199464123815716, 14.848347328071585 ], [ 76.163796338444058, 14.799738641849656 ], [ 76.157843147662788, 14.789723151851771 ], [ 76.112836082063254, 14.785639425362238 ], [ 76.046594986583287, 14.813144823190653 ], [ 76.005192048246528, 14.791802293998023 ], [ 76.005007322318249, 14.751619373617659 ], [ 76.016592219621828, 14.705644446165149 ], [ 76.016486046315819, 14.682682705191359 ], [ 76.000145316922996, 14.655485869460346 ], [ 75.941144624330093, 14.64712106992496 ], [ 75.880759433130677, 14.660274181843185 ], [ 75.860250021002656, 14.69336047757108 ], [ 75.838369801394194, 14.755154058994073 ], [ 75.785404765427998, 14.791220286870738 ], [ 75.733742758666153, 14.781343867818936 ], [ 75.696776258673438, 14.769288216426467 ], [ 75.679031770491576, 14.821615162303527 ], [ 75.682320710330927, 14.929247281083581 ], [ 75.732710947735811, 14.989369830711068 ], [ 75.747640121974115, 15.036682602737752 ], [ 75.750784785246083, 15.091209171667147 ], [ 75.771558065658795, 15.11697244671954 ], [ 75.839401217068058, 15.088027780767449 ], [ 75.910582584526452, 15.153768589019048 ], [ 75.936016542221992, 15.225419894343634 ], [ 75.968742846138014, 15.271204003710475 ], [ 76.101735591286044, 15.260544315610748 ], [ 76.178816017665213, 15.298897269416374 ], [ 76.249846516741783, 15.309991382692788 ], [ 76.303149814375985, 15.322601429552973 ], [ 76.344841383011584, 15.368271487788643 ], [ 76.457696769664736, 15.434999335714279 ], [ 76.572002945753724, 15.488740347548839 ], [ 76.681529148539624, 15.493673657425258 ], [ 76.73205712522271, 15.52054232771267 ], [ 76.767995701511154, 15.570469823212324 ], [ 76.777815564135253, 15.679422101242723 ], [ 76.794593106304674, 15.73523459843685 ], [ 76.864334058670309, 15.748995008011354 ], [ 76.94776867423451, 15.799906663881858 ], [ 76.933664025458128, 15.87462612577411 ], [ 76.96696516893681, 15.946048755762227 ], [ 77.025054948233432, 15.972764386466075 ], [ 77.133283108414389, 15.971718453078772 ], [ 77.216776190560637, 16.013901937171823 ], [ 77.297187213137789, 16.043174152870122 ], [ 77.352120121955167, 16.048314707284224 ], [ 77.422516798964764, 15.982996915762495 ], [ 77.509719471853032, 15.961920635546583 ], [ 77.518814993236745, 15.964070367805229 ], [ 77.613793777478932, 15.986492002111488 ], [ 77.75160230621087, 15.983338056468275 ], [ 77.900791043092923, 15.948403558558153 ], [ 77.99961879488967, 15.918379676048435 ], [ 78.109683701364347, 15.850885660483508 ], [ 78.161387279749349, 15.842970241117538 ], [ 78.238842645096668, 15.871923524825847 ], [ 78.27333249753228, 15.898634552349861 ], [ 78.28187745646882, 15.968729905093198 ], [ 78.291514866609916, 16.014443340962803 ], [ 78.379856606953311, 16.068957813216226 ], [ 78.452852028079562, 16.090718572939721 ], [ 78.457272385546901, 16.089214127750498 ], [ 78.531177334379692, 16.077975169517806 ], [ 78.641839596988433, 16.051762230143261 ], [ 78.75431742451606, 16.045520879778394 ], [ 78.852353993459531, 16.059535289614573 ], [ 78.944208026206937, 16.135203052638715 ], [ 79.028749449257234, 16.139348997378047 ], [ 79.102088657949423, 16.175181023830927 ], [ 79.141377505573473, 16.211649705846781 ], [ 79.213629348357543, 16.194475863333484 ], [ 79.263679619467467, 16.179158516013729 ], [ 79.304659720787541, 16.224146298430245 ], [ 79.304996690528085, 16.228448782374542 ], [ 79.310823213048991, 16.302763777813166 ], [ 79.257173389853108, 16.358260562068178 ], [ 79.260839511265004, 16.458409384711487 ], [ 79.297602334030074, 16.510630052900687 ], [ 79.4176010332245, 16.566814657160744 ], [ 79.504444025154072, 16.599304080098811 ], [ 79.641305111141406, 16.612031217334739 ], [ 79.687708577629181, 16.628160071454452 ], [ 79.761705969020284, 16.679416588033515 ], [ 79.814687881853828, 16.661019005405056 ], [ 79.891314597818635, 16.63919139603744 ], [ 79.935513839051779, 16.626697649388902 ], [ 80.014732071838566, 16.591894669980391 ], [ 80.098048241709179, 16.601307246102522 ], [ 80.124680179785017, 16.649534527319855 ], [ 80.132336357167802, 16.663392248133828 ], [ 80.15041289075225, 16.728732108383728 ], [ 80.12779315648514, 16.770773529094537 ], [ 80.092796271344369, 16.79452855618834 ], [ 80.045992296333168, 16.821431376218133 ], [ 80.033429557107269, 16.85177897842247 ], [ 80.019341365306161, 16.880733785609632 ], [ 80.066026364696597, 16.959682005311699 ], [ 80.148567847330355, 16.989075419694156 ], [ 80.196884564336713, 17.016447803048813 ], [ 80.218513830508911, 17.045924161342107 ], [ 80.280340642162273, 17.024303036317981 ], [ 80.346910663849656, 16.9610767148306 ], [ 80.447906701535658, 16.805427867950339 ], [ 80.501912579064509, 16.773966453996358 ], [ 80.550106882561593, 16.798399662463989 ], [ 80.564245771844142, 16.825175125806872 ], [ 80.603771217966909, 16.856971964553665 ], [ 80.597368239885583, 16.891451068916062 ], [ 80.509730922220783, 16.941008584739496 ], [ 80.442906519180767, 16.992842739360107 ], [ 80.423524543880973, 17.041970011518689 ], [ 80.412634963822384, 17.076573828226355 ], [ 80.431787454672076, 17.121809291339947 ], [ 80.483010907990661, 17.144726270421273 ], [ 80.550118259590036, 17.15146583708254 ], [ 80.606071588068545, 17.182790480555411 ], [ 80.666589340194164, 17.168231795595034 ], [ 80.713636626275886, 17.054003958285243 ], [ 80.772779362249182, 16.996596454439533 ], [ 80.827388855716336, 17.033615000693214 ], [ 80.861419143895688, 17.076925297753245 ], [ 80.896279686405492, 17.14591770727975 ], [ 80.938804376399133, 17.174669146600593 ], [ 81.060026766425111, 17.155341235117376 ], [ 81.096583514795384, 17.182802586345314 ], [ 81.107613191493769, 17.197060093411903 ], [ 81.121415549392864, 17.214896662255381 ], [ 81.146921253008458, 17.266958650151086 ], [ 81.213693713285309, 17.307736724447928 ], [ 81.245136569055902, 17.358161583966051 ], [ 81.257797295443908, 17.380610755292942 ], [ 81.317557638804388, 17.388716485979153 ], [ 81.372468075835798, 17.428366239324195 ], [ 81.344390961115153, 17.476380492892833 ], [ 81.274787930022697, 17.485738190048522 ], [ 81.234635269155973, 17.529846200252731 ], [ 81.190977148921519, 17.602622951399344 ], [ 81.145347169731437, 17.61833494058029 ], [ 81.056988379903316, 17.603936238109654 ], [ 80.975177326547694, 17.562152623716745 ], [ 80.952673092321675, 17.557118803172866 ], [ 80.911245756139778, 17.565507838171779 ], [ 80.884363897920721, 17.609173645246361 ], [ 80.908096936225348, 17.697040658379436 ], [ 80.885524700897193, 17.872024810706414 ], [ 80.859962907725858, 17.911374647192183 ], [ 80.831267858471563, 17.946531901616716 ], [ 80.806529885706382, 18.011575696462163 ], [ 80.749175837034386, 18.0847433781795 ], [ 80.645109648410781, 18.147853328237513 ], [ 80.548565652210243, 18.214994450393316 ], [ 80.527734503366901, 18.265628700930346 ], [ 80.477897380313109, 18.298516579509322 ], [ 80.455534786193837, 18.396370658457201 ], [ 80.458793305971525, 18.452030636994095 ], [ 80.499622148010076, 18.510886817177273 ], [ 80.559021022819977, 18.540591735362554 ], [ 80.602575971506099, 18.543588817552916 ], [ 80.715647824267123, 18.474452410507649 ], [ 80.791294080933127, 18.363549314274824 ], [ 80.816813234217506, 18.321331609962286 ], [ 80.889117535112334, 18.247670098230795 ], [ 80.985612474790713, 18.227525408674897 ], [ 80.999368143793632, 18.192809949516619 ], [ 80.988408464450202, 18.134584223127359 ], [ 80.966058132182411, 18.092423812791235 ], [ 80.975437186416997, 18.060704544939295 ], [ 81.015619560584142, 18.056596125725374 ], [ 81.073696438205943, 18.051916067690073 ], [ 81.106864825452377, 18.018017027666296 ], [ 81.112495591822054, 17.964993525935178 ], [ 81.098460546872502, 17.904020855299272 ], [ 81.08732393119989, 17.840097318560851 ], [ 81.087257988086861, 17.794393855724845 ], [ 81.116605659511634, 17.78062122549785 ], [ 81.152540598708526, 17.785203842932066 ], [ 81.181670884048728, 17.808560255142996 ], [ 81.260754800728435, 17.853155886478739 ], [ 81.33274584073996, 17.865101153698198 ], [ 81.383590551869617, 17.827745747801281 ], [ 81.436567572851828, 17.808870217035775 ], [ 81.474605336376442, 17.830448131119454 ], [ 81.490788337818515, 17.865593667534021 ], [ 81.507136380732504, 17.90501256254348 ], [ 81.558657497440777, 17.92753899386447 ], [ 81.56144737092184, 17.932649998697979 ], [ 81.576253901220824, 17.959767636775059 ], [ 81.577844496713567, 18.002529460269379 ], [ 81.572840808074787, 18.068351813877189 ], [ 81.572843449660652, 18.108313747703516 ], [ 81.600061401113805, 18.157330017233274 ], [ 81.646981755041608, 18.17425841598665 ], [ 81.703742561902615, 18.175131534167114 ], [ 81.756963373342799, 18.200367782754707 ], [ 81.764087335964149, 18.230077866494874 ], [ 81.785526793124077, 18.282105187744534 ], [ 81.796765009107872, 18.340198781251193 ], [ 81.814298115155935, 18.368103197834834 ], [ 81.875508548557434, 18.40440830205992 ], [ 81.925491943383946, 18.421128235920992 ], [ 82.005340036292608, 18.473807714820243 ], [ 82.023096836819803, 18.505948838900249 ], [ 82.019903624622231, 18.53744376307333 ], [ 81.990569159094292, 18.55137320185796 ], [ 81.960764342958768, 18.553906239627153 ], [ 81.914530067229776, 18.557040223169476 ], [ 81.888510262339508, 18.579393714863109 ], [ 81.898855351096131, 18.613249023577989 ], [ 81.947937365607771, 18.642815119903904 ], [ 82.028527199904701, 18.674032780148629 ], [ 82.096706704362362, 18.694270956951659 ], [ 82.128558573669622, 18.704464260581698 ], [ 82.131612681303309, 18.741421280078946 ], [ 82.141509350920629, 18.833725162688694 ], [ 82.165818018949892, 18.876988370903561 ], [ 82.201827786844234, 18.878441938323856 ], [ 82.216020434765014, 18.894997597964018 ], [ 82.213621020460963, 18.943565980346129 ], [ 82.180272199379715, 19.038970923866618 ], [ 82.196398097584293, 19.099648667820244 ], [ 82.189468146233324, 19.112752988068401 ], [ 82.153941529310572, 19.158347225232436 ], [ 82.15572104622801, 19.233850062491765 ], [ 82.194557300287045, 19.297907303168344 ], [ 82.208503748631927, 19.375772170898045 ], [ 82.190021655720898, 19.433540537227653 ], [ 82.177462081036353, 19.455428232111796 ], [ 82.103740856309855, 19.454068365449018 ], [ 82.06614487308785, 19.488345933215005 ], [ 82.057311981370233, 19.52719853899054 ], [ 82.06043150275714, 19.56415621991292 ], [ 82.101676051277167, 19.612442060852185 ], [ 82.145337626747661, 19.680578545954909 ], [ 82.158695355296473, 19.709988451076612 ], [ 82.133228272049664, 19.746658311764559 ], [ 82.033557814202908, 19.80909684017087 ], [ 81.918496800869889, 19.866394368321398 ], [ 81.896885868496412, 19.899294895107701 ], [ 81.894454845814778, 19.902995158909491 ], [ 81.877995727602354, 19.940727333198144 ], [ 81.87825120465655, 19.94172094027207 ], [ 81.890713319686071, 19.990162786240191 ], [ 81.934523080984064, 20.025535031589236 ], [ 81.989013642289535, 20.029086964077177 ], [ 82.034144162753023, 20.025863918880706 ], [ 82.071226192230796, 20.011543460571197 ], [ 82.130333164288984, 19.950694576299057 ], [ 82.187161285058394, 19.907040900708292 ], [ 82.217398186886115, 19.875868223693693 ], [ 82.301501928234345, 19.869571131792899 ], [ 82.335171862876464, 19.848223344710046 ], [ 82.396005603829437, 19.795809177864118 ], [ 82.452449653677022, 19.779199178 ], [ 82.510216352302692, 19.791019767771722 ], [ 82.573760697799813, 19.74815907860928 ], [ 82.552647277254991, 19.658019800522453 ], [ 82.569560865254729, 19.511252280288264 ], [ 82.629834803955205, 19.435094371882123 ], [ 82.655939337730842, 19.378189685077842 ], [ 82.740165232253602, 19.334246042572168 ], [ 82.764799389248182, 19.267769135482812 ], [ 82.767874414951677, 19.259469123963974 ], [ 82.822468300872288, 19.251193675724235 ], [ 82.895752340891363, 19.242092603291283 ], [ 82.907007792882396, 19.138366892461594 ], [ 82.95110474992299, 19.068821512005609 ], [ 83.026915214952339, 19.010944878785153 ], [ 83.072370062674139, 18.970993781798644 ], [ 83.113162740849802, 18.989363875034289 ], [ 83.223232476859138, 19.097132011233068 ], [ 83.248828704340198, 19.160014469286871 ], [ 83.240171363298145, 19.211397721033904 ], [ 83.253052115481324, 19.268920107123591 ], [ 83.286055008966969, 19.304175508701544 ], [ 83.296159541406183, 19.330985462123266 ], [ 83.222095963146913, 19.348595463383539 ], [ 83.176803374936199, 19.392159348719151 ], [ 83.182765340965815, 19.485585624284337 ], [ 83.221054306521253, 19.525347861645351 ], [ 83.33326215556967, 19.542703171481108 ], [ 83.387161361474639, 19.640964747257236 ], [ 83.403809528121087, 19.695902808880906 ], [ 83.387440233762874, 19.741726568309591 ], [ 83.368064742791503, 19.801921562124459 ], [ 83.394555856252225, 19.829124135139534 ], [ 83.432403783631841, 19.835315278182229 ], [ 83.444554099627652, 19.858361050894974 ], [ 83.491425601112738, 19.937908868618727 ], [ 83.52831756127236, 19.994208226528244 ], [ 83.560481945285133, 20.00923926460927 ], [ 83.656726878483937, 19.958311935555809 ], [ 83.691058604307415, 19.967285557988355 ], [ 83.707953467635747, 20.000811999002721 ], [ 83.734697062315391, 20.061233816353017 ], [ 83.737672011187769, 20.057428584229083 ], [ 83.832813909702395, 20.143639436404658 ], [ 83.903954119132848, 20.17698310212138 ], [ 83.965505271179978, 20.186562172104725 ], [ 84.000146088838278, 20.191942391413026 ], [ 84.088951896665833, 20.183546861848388 ], [ 84.100732211795716, 20.179143866986934 ], [ 84.181564616385572, 20.18911203741877 ], [ 84.259885527864355, 20.190649963437636 ], [ 84.324787467081066, 20.219376970362209 ], [ 84.345026981453472, 20.272251052602044 ], [ 84.354311954978968, 20.30961713934202 ], [ 84.399713827795225, 20.316072937271628 ], [ 84.436297445326034, 20.321265112792641 ], [ 84.455158961327299, 20.285218631779106 ], [ 84.447300913644625, 20.222234508937063 ], [ 84.472023147658291, 20.150857887501026 ], [ 84.486613490110102, 20.094231075066315 ], [ 84.512948682447615, 20.033185255487222 ], [ 84.539799297613001, 20.01374828113817 ], [ 84.577423905869153, 20.006967860212658 ], [ 84.609793729812921, 20.028849756878419 ], [ 84.612690918791813, 20.075993956261794 ], [ 84.606612153896535, 20.123631956841098 ], [ 84.636424520981308, 20.168344827415424 ], [ 84.67782816492678, 20.173618448986922 ], [ 84.728437198351443, 20.133912827587142 ], [ 84.777011351856274, 20.143355709381478 ], [ 84.811566053947459, 20.150063344497575 ], [ 84.845712278704823, 20.135846169559525 ], [ 84.859407456124046, 20.099142198014384 ], [ 84.857773611842958, 20.041556802991625 ], [ 84.832283128496229, 19.970180342560614 ], [ 84.867313520705864, 19.92283279841778 ], [ 84.977593952966927, 19.846601247715189 ], [ 85.014878737431232, 19.761450000432067 ], [ 85.07200155620751, 19.725609328019353 ], [ 85.149956641947085, 19.667401556181204 ], [ 85.151624915361111, 19.666155255749459 ], [ 85.153977419379231, 19.665610232191298 ], [ 85.144058332432138, 19.653112658298848 ], [ 85.134881888933435, 19.641547665100081 ], [ 85.131131631706296, 19.635322338700252 ], [ 85.092716576623729, 19.571031741981376 ], [ 85.078209586790734, 19.540281588200003 ], [ 85.086030788122926, 19.514976676832582 ], [ 85.104725033982376, 19.5053402532366 ], [ 85.140410980310065, 19.506079076503202 ], [ 85.149404249195726, 19.507096176405401 ], [ 85.17856949576759, 19.510391208592541 ], [ 85.200172547981055, 19.53469924422113 ], [ 85.22099330302558, 19.564330330120423 ], [ 85.227888852483304, 19.574139516338729 ], [ 85.236582801065381, 19.586503998291441 ], [ 85.243551463365719, 19.605250138938118 ], [ 85.250461817285668, 19.632268797470815 ], [ 85.252059020817029, 19.638510975399381 ], [ 85.258805145217693, 19.64615170871755 ], [ 85.26157430514688, 19.649287697702835 ], [ 85.272346742339749, 19.640502830418249 ], [ 85.272403665546818, 19.640456406701905 ], [ 85.27850689376038, 19.633292589044277 ], [ 85.279602926873864, 19.621098114841288 ], [ 85.28074362505447, 19.618332413964342 ], [ 85.282880995917409, 19.613150111593836 ], [ 85.292026564525685, 19.614321248302357 ], [ 85.30152190165694, 19.599225119544005 ], [ 85.305146619157696, 19.587800657434215 ], [ 85.305124166692877, 19.577767549681898 ], [ 85.303823430992495, 19.567218001657093 ], [ 85.30177774337433, 19.561075472401033 ], [ 85.300737593843266, 19.557951902379216 ], [ 85.29438166565987, 19.554037569753465 ], [ 85.284110545986636, 19.547710938740558 ], [ 85.253418254390098, 19.528797474996594 ], [ 85.237572726681819, 19.518124669409087 ], [ 85.2207617377681, 19.506797662450644 ], [ 85.195290578590345, 19.495417578091505 ], [ 85.166157289891615, 19.471802638098783 ], [ 85.132116983036667, 19.453180527017928 ], [ 85.102973369383648, 19.437107825856017 ], [ 85.058872598056112, 19.416668579301408 ], [ 85.02303957709627, 19.400951020932055 ], [ 84.99618840057893, 19.381417085756134 ], [ 84.995648615611884, 19.380738244175099 ], [ 84.976393481840176, 19.365192694245142 ], [ 84.967370533093941, 19.352548725425319 ], [ 84.944134973209998, 19.333894286731582 ], [ 84.91314826261015, 19.310491023459061 ], [ 84.885209776332687, 19.283610419732742 ], [ 84.845973698939687, 19.252071083632167 ], [ 84.790167108286198, 19.199074806045513 ], [ 84.721817881335511, 19.154164581012534 ], [ 84.678980931380252, 19.117436704146787 ], [ 84.675922747264835, 19.105159035873914 ], [ 84.665954861073786, 19.097782277891181 ], [ 84.660261856429742, 19.08801650459873 ], [ 84.656639780790087, 19.069335948217006 ], [ 84.657014177968918, 19.048883769036756 ], [ 84.658578343667855, 19.036619796560966 ], [ 84.659804148015425, 19.027009940315128 ], [ 84.658201108974822, 19.016336207537311 ], [ 84.651023823617791, 18.998855120512761 ], [ 84.627242497899246, 18.976671204320844 ], [ 84.609938820042473, 18.957320766977727 ], [ 84.579185731133009, 18.927610001223151 ], [ 84.559453199329752, 18.902032029793681 ], [ 84.533079870798687, 18.877502786365564 ], [ 84.525868346761428, 18.865279290527088 ], [ 84.525251901062219, 18.864672253788779 ], [ 84.510033894021916, 18.845533904291031 ], [ 84.487582790999511, 18.81178811823683 ], [ 84.476457475899579, 18.787401613039446 ], [ 84.475899555383521, 18.78567456032528 ], [ 84.470117679933011, 18.76777272669111 ], [ 84.455270844619164, 18.762185177328313 ], [ 84.451039120260305, 18.761037628674867 ], [ 84.437883466004848, 18.757469294689582 ], [ 84.421730138736933, 18.734813255498715 ], [ 84.412034981509279, 18.726794269305763 ], [ 84.403929332144926, 18.720827670393877 ], [ 84.394074996413195, 18.711387851104416 ], [ 84.382670367763453, 18.694178066075384 ], [ 84.348107234487216, 18.668994684146998 ], [ 84.322593106912549, 18.644587307859947 ], [ 84.295239781497273, 18.618405073062195 ], [ 84.278893391459505, 18.593489086700636 ], [ 84.261356871609991, 18.566745057197856 ], [ 84.258598648412502, 18.556764719912518 ], [ 84.256117344162746, 18.547784407260437 ], [ 84.25481992707293, 18.543624210117599 ], [ 84.249348065037054, 18.526074323053589 ], [ 84.242015873736435, 18.518965531520994 ], [ 84.230539499476279, 18.507836489628971 ], [ 84.227897914875655, 18.504737064047351 ], [ 84.211375282263717, 18.485346083955537 ], [ 84.189527444504947, 18.471527744083104 ], [ 84.161151338656609, 18.46090708970355 ], [ 84.128356005107122, 18.445556131088932 ], [ 84.105622823631975, 18.428236903132312 ], [ 84.091668815320574, 18.405994160738629 ], [ 84.078339541674126, 18.384738048637406 ], [ 84.011205970470442, 18.314109943700863 ], [ 83.962499491474077, 18.257459451272823 ], [ 83.926401703035637, 18.229453320824042 ], [ 83.918575061739233, 18.223378419751359 ], [ 83.911695455181757, 18.219247864269899 ], [ 83.898545250858461, 18.211350876853334 ], [ 83.898545250858461, 18.211350876853331 ], [ 83.866182744441886, 18.191907933788173 ], [ 83.837547492887694, 18.174415031702996 ], [ 83.803984523725148, 18.153866003255278 ], [ 83.751385757776859, 18.127538277385998 ], [ 83.689215615015797, 18.099747538417258 ], [ 83.623587313987201, 18.065665135114624 ], [ 83.590252015703712, 18.050448355262688 ], [ 83.549544823742679, 18.034965140655121 ], [ 83.501629342815079, 18.009082112284041 ], [ 83.485202694925832, 17.992050574439318 ], [ 83.44235241825038, 17.938379365440134 ], [ 83.401460516330062, 17.877354927363534 ], [ 83.332703655872137, 17.783494032211212 ], [ 83.32654430925237, 17.775077507265415 ], [ 83.293219067744673, 17.72216914975246 ], [ 83.289315454983281, 17.715968180577573 ], [ 83.256748543808015, 17.669562770163541 ], [ 83.188007787733866, 17.585603798053672 ], [ 83.134885596085383, 17.526229275611691 ], [ 83.118709223950873, 17.508134910396205 ], [ 83.066235498632295, 17.478744191071375 ], [ 83.016344583119732, 17.44268262292108 ], [ 82.979970394394698, 17.427366764172508 ], [ 82.96515260880274, 17.421124418366862 ], [ 82.886722529785573, 17.396065909570062 ], [ 82.812194058293727, 17.366387300996351 ], [ 82.802095309680951, 17.357870087645299 ], [ 82.789738576024376, 17.34744695922133 ], [ 82.760074271418162, 17.331792452345489 ], [ 82.729385262896685, 17.321946110321079 ], [ 82.680257116624304, 17.307987439837749 ], [ 82.647948450080762, 17.290923755994331 ], [ 82.617776114939332, 17.260100779417822 ], [ 82.552812877349695, 17.226449154704632 ], [ 82.540262714188231, 17.217089822919629 ], [ 82.510061878187287, 17.194558618277327 ], [ 82.510061878187273, 17.194558618277341 ], [ 82.478512337771477, 17.171007927563434 ], [ 82.468513532186265, 17.163493759898632 ], [ 82.42994603479427, 17.134497181431463 ], [ 82.381071714711638, 17.078745809895651 ], [ 82.371444495812156, 17.069561397118846 ], [ 82.353335037622173, 17.052280168879612 ], [ 82.313159267215212, 17.013919848088808 ], [ 82.28444862061032, 16.9780939416801 ], [ 82.269650830174456, 16.946679684870386 ], [ 82.265476054793723, 16.94127445096564 ], [ 82.261154117173106, 16.935678122063106 ], [ 82.262226725091239, 16.924963099674912 ], [ 82.272867437023876, 16.913796630268319 ], [ 82.285543606519184, 16.897425268308787 ], [ 82.286153208007406, 16.897156580232707 ], [ 82.287180241431386, 16.895144690515856 ], [ 82.297254363827349, 16.887657327625117 ], [ 82.32082504143014, 16.884673813798099 ], [ 82.334896100473131, 16.884880377812845 ], [ 82.359435010717704, 16.906798116014595 ], [ 82.36962813548638, 16.921393190359268 ], [ 82.37207602708385, 16.93716374663741 ], [ 82.372597856129644, 16.940524809565478 ], [ 82.368203401246902, 16.960636266366457 ], [ 82.365580642272207, 16.96928239267929 ], [ 82.367450215813463, 16.979190538739044 ], [ 82.37651901616421, 16.983848725553269 ], [ 82.387887565162188, 16.96242768759981 ], [ 82.390944688386099, 16.939242429157559 ], [ 82.392702370367999, 16.910339473825463 ], [ 82.389414639679273, 16.878081820674915 ], [ 82.389155775937098, 16.877199411702911 ], [ 82.383648727365369, 16.85842352797539 ], [ 82.374684035365576, 16.827844438499028 ], [ 82.372146186590427, 16.819184398393979 ], [ 82.36776143950118, 16.802650732105963 ], [ 82.362534615761348, 16.782934682614535 ], [ 82.35725431519532, 16.776734026036291 ], [ 82.348634228397245, 16.76538150637802 ], [ 82.339868994166395, 16.753835452509833 ], [ 82.338857506163279, 16.75250291005063 ], [ 82.338011421870675, 16.743894310666207 ], [ 82.338946361026302, 16.733023407056489 ], [ 82.342286473812038, 16.723621443831515 ], [ 82.342605278442875, 16.722724032722645 ], [ 82.347167764864324, 16.708048109292964 ], [ 82.347335730258735, 16.689285995413847 ], [ 82.344775214157764, 16.680701976077362 ], [ 82.341408961740825, 16.669414617373285 ], [ 82.334543272169086, 16.660413390019645 ], [ 82.331238377003828, 16.646889247422536 ], [ 82.330213248914802, 16.622420840870817 ], [ 82.337205368588542, 16.598239213441232 ], [ 82.335620422466718, 16.58456200319841 ], [ 82.332973202469304, 16.584940989195093 ], [ 82.31476513354265, 16.576453937114444 ], [ 82.307905975879876, 16.581915918214126 ], [ 82.307089634904372, 16.582565947087005 ], [ 82.29927233057866, 16.58443498623787 ], [ 82.286856344612104, 16.580063533417807 ], [ 82.277277285918927, 16.570487109393131 ], [ 82.276399873129122, 16.56910034664757 ], [ 82.270218328263709, 16.559329391849801 ], [ 82.269868454047653, 16.548525695292721 ], [ 82.275356464033138, 16.535960961475283 ], [ 82.275345041909006, 16.528747100991072 ], [ 82.261432469243005, 16.525579071008529 ], [ 82.22517809499837, 16.525003934133743 ], [ 82.202865900344761, 16.524646776057644 ], [ 82.202131570163075, 16.524484895106799 ], [ 82.179274441260787, 16.524651620668823 ], [ 82.159116908116673, 16.517828484651545 ], [ 82.140081902027873, 16.501131606577367 ], [ 82.117322108281456, 16.481159795614104 ], [ 82.108370203213781, 16.475603026447967 ], [ 82.096769807471702, 16.46840097674572 ], [ 82.056928943067803, 16.454082290459901 ], [ 82.035088043053221, 16.44434292509257 ], [ 82.033862336776238, 16.443796241260504 ], [ 81.985592285998692, 16.422257524289353 ], [ 81.929316617501811, 16.386957717833941 ], [ 81.92105287354363, 16.383449267492551 ], [ 81.890892424813543, 16.376906729024025 ], [ 81.861798854146826, 16.368385245538771 ], [ 81.858048680345945, 16.367286433134517 ], [ 81.853504163405674, 16.364202655433289 ], [ 81.852202171753476, 16.363908359262165 ], [ 81.836896556140147, 16.360448011222864 ], [ 81.804475759535038, 16.341930640365085 ], [ 81.788964390397254, 16.333067616820525 ], [ 81.783780780032629, 16.330105241432165 ], [ 81.766519893391262, 16.324102974027515 ], [ 81.748054967968727, 16.327500570709471 ], [ 81.720905928305527, 16.332493105131306 ], [ 81.701692913148037, 16.335693356766313 ], [ 81.646701792971555, 16.344843336944724 ], [ 81.638849228849594, 16.345171773872579 ], [ 81.592030212094727, 16.347123930563637 ], [ 81.576596403779746, 16.347765177432269 ], [ 81.496142365792608, 16.350984397665346 ], [ 81.492090523440638, 16.353047881442528 ], [ 81.467792098918864, 16.36542018629617 ], [ 81.461263485933216, 16.369189940026228 ], [ 81.448017089730826, 16.371025151752125 ], [ 81.435438246746486, 16.370697902508727 ], [ 81.420432630134059, 16.364020443708146 ], [ 81.409445120186376, 16.360344993814802 ], [ 81.395017950461479, 16.355517720496113 ], [ 81.37408228283762, 16.348302824387485 ], [ 81.36720583468383, 16.340761027797509 ], [ 81.359516669696873, 16.332326659841613 ], [ 81.356006323354748, 16.325055173354652 ], [ 81.333711977535359, 16.312604317656739 ], [ 81.332444351347732, 16.311461074339835 ], [ 81.326139134490191, 16.305774155512871 ], [ 81.334803770864355, 16.300410495415615 ], [ 81.342621524230452, 16.291506902458273 ], [ 81.342503897088562, 16.287734698595894 ], [ 81.307833043307227, 16.265351924794658 ], [ 81.303600316989275, 16.259301293518675 ], [ 81.293567247587376, 16.252094320870039 ], [ 81.285048180223058, 16.242944719710589 ], [ 81.269217323720696, 16.225938127061628 ], [ 81.263229589459698, 16.209220774480286 ], [ 81.256346428865271, 16.189997651681431 ], [ 81.249798705203986, 16.175869159072615 ], [ 81.245027510585629, 16.165571979450114 ], [ 81.241386926534815, 16.157713729266995 ], [ 81.238916749221389, 16.150456040665304 ], [ 81.232504433062871, 16.131611698580141 ], [ 81.219974709170302, 16.106374389869771 ], [ 81.200071253508568, 16.080910258319225 ], [ 81.190391396071547, 16.068522074274298 ], [ 81.180975866400559, 16.056469699717457 ], [ 81.174375937240754, 16.032409251516967 ], [ 81.167969923103243, 16.014780700228794 ], [ 81.167326302069355, 15.993145040395103 ], [ 81.167140660413068, 15.986898232282813 ], [ 81.165034271348219, 15.981663562727778 ], [ 81.164124350837241, 15.979402146483311 ], [ 81.162161588607944, 15.97761308934431 ], [ 81.127038582034828, 15.93934531969874 ], [ 81.118319983455351, 15.925983469681576 ], [ 81.103924909654879, 15.911471817562079 ], [ 81.089324448141937, 15.897076827909455 ], [ 81.08056868148239, 15.891390301715649 ], [ 81.06845007815312, 15.881019800671023 ], [ 81.053971268989045, 15.865715304869241 ], [ 81.048831080700353, 15.857133361085618 ], [ 81.045711192322059, 15.854054624697559 ], [ 81.034890534822523, 15.84337534712501 ], [ 81.032833196522944, 15.841344652991701 ], [ 81.01840035096248, 15.824745023670472 ], [ 81.01129369371202, 15.781336055502621 ], [ 81.008822060436344, 15.76654638039188 ], [ 81.008272960483822, 15.76326006295924 ], [ 81.006892172184521, 15.754995145007921 ], [ 80.996028123923494, 15.733941705474241 ], [ 80.991702031975237, 15.731034597628893 ], [ 80.987144627163971, 15.730225887607036 ], [ 80.922021055959817, 15.718657797774622 ], [ 80.917290092829688, 15.718786528938725 ], [ 80.896966595820942, 15.719338370355061 ], [ 80.888185332539152, 15.721719276029495 ], [ 80.884199327978081, 15.725075559172216 ], [ 80.875374895851181, 15.732505361378172 ], [ 80.86802308868441, 15.738694729067486 ], [ 80.867818521214105, 15.739247440065229 ], [ 80.856914204410344, 15.768707020454917 ], [ 80.854797750792656, 15.774424407136356 ], [ 80.846119622267125, 15.797865734002597 ], [ 80.842074818105132, 15.806732345317357 ], [ 80.831928414352959, 15.828972092203365 ], [ 80.83024984029538, 15.832651032555004 ], [ 80.829551384964489, 15.834181815929846 ], [ 80.825989626777073, 15.841987783221178 ], [ 80.820352712795582, 15.850687965701576 ], [ 80.818922925644642, 15.852894644163245 ], [ 80.818674550971537, 15.85298229005649 ], [ 80.808126928780197, 15.856704012599073 ], [ 80.807962785053832, 15.856761926010119 ], [ 80.789728636921609, 15.864396313479062 ], [ 80.774586014854435, 15.876948152177153 ], [ 80.772204225189014, 15.87833010180773 ], [ 80.769733331752008, 15.879763710355011 ], [ 80.767343232566091, 15.881150403040309 ], [ 80.762966895841146, 15.883689375289885 ], [ 80.761661035888338, 15.883724282009357 ], [ 80.746198710843942, 15.884137002471279 ], [ 80.730507717557089, 15.88455469473775 ], [ 80.686061047744857, 15.879300531760236 ], [ 80.680869611006727, 15.873994198893486 ], [ 80.677593216129864, 15.87064503318271 ], [ 80.671650394665477, 15.864569708222396 ], [ 80.666298156361549, 15.859097572144165 ], [ 80.657066475019732, 15.85335313372558 ], [ 80.649768941592484, 15.848811624458913 ], [ 80.630645513664447, 15.853035972715126 ], [ 80.627756467750231, 15.85367400866005 ], [ 80.613179565670933, 15.860485199040241 ], [ 80.597633131346655, 15.86818438712379 ], [ 80.596427437250924, 15.868781431123056 ], [ 80.580352322603389, 15.874915189630347 ], [ 80.559573163276639, 15.871163490314062 ], [ 80.559564141836944, 15.871159661715017 ], [ 80.542792385240418, 15.864040892400972 ], [ 80.534171166782684, 15.860380823175833 ], [ 80.526970659347981, 15.854198231057492 ], [ 80.510732031874326, 15.840252466284205 ], [ 80.49639798888029, 15.838456682234792 ], [ 80.487023580357729, 15.837281689980573 ], [ 80.478149455599379, 15.829947928815328 ], [ 80.472415451268773, 15.825208655236356 ], [ 80.461159892651281, 15.815904394435863 ], [ 80.456815957164252, 15.812313073460709 ], [ 80.443474553437298, 15.804522107087935 ], [ 80.419178471784804, 15.790329710414619 ], [ 80.41385762768418, 15.787220844375502 ], [ 80.410884512406696, 15.785483596609756 ], [ 80.384069699351983, 15.769811495716628 ], [ 80.348774143975518, 15.740842293861526 ], [ 80.346294051774066, 15.738806101391006 ], [ 80.335029006665366, 15.729556291248251 ], [ 80.315161476318607, 15.703589293836373 ], [ 80.314700698226616, 15.702533619592442 ], [ 80.313926410091383, 15.700759634372698 ], [ 80.303758816696245, 15.68832270527353 ], [ 80.294096570709272, 15.67650159715912 ], [ 80.28002103476679, 15.642597942461558 ], [ 80.278473686713511, 15.638869793727846 ], [ 80.273007175229651, 15.624718794910907 ], [ 80.262460083677297, 15.597407222288465 ], [ 80.25755740831697, 15.584707935416176 ], [ 80.254139538917187, 15.577637745715093 ], [ 80.246901539586801, 15.562662515660232 ], [ 80.243378067617016, 15.555371337253071 ], [ 80.235238112942369, 15.540488268817015 ], [ 80.232063383895863, 15.534682711130049 ], [ 80.229995136667512, 15.530900283192397 ], [ 80.222730840423523, 15.52696795625322 ], [ 80.219102904582883, 15.525003905321663 ], [ 80.211660153938141, 15.522319982158391 ], [ 80.20923318088046, 15.513796690622529 ], [ 80.209893649000691, 15.511613478333752 ], [ 80.201815535690045, 15.50672895001434 ], [ 80.197721486460793, 15.499236898596886 ], [ 80.196695689856881, 15.497359575295228 ], [ 80.20732575347138, 15.481439460704141 ], [ 80.217393498193587, 15.467526527245358 ], [ 80.221535115819833, 15.461802598201109 ], [ 80.221238731788617, 15.449487718755671 ], [ 80.215176785651153, 15.441382025076393 ], [ 80.209436236543311, 15.433705147749249 ], [ 80.182186140123775, 15.40323705488875 ], [ 80.180621657238888, 15.401487358044218 ], [ 80.147431972257792, 15.370794867112224 ], [ 80.146108461302504, 15.369103358049074 ], [ 80.135194463055697, 15.355153057931716 ], [ 80.1213815689825, 15.337493040898725 ], [ 80.120128530949614, 15.335890770951098 ], [ 80.106963946574652, 15.323776499219035 ], [ 80.103833260400933, 15.309852561223499 ], [ 80.102126291036313, 15.302259305740256 ], [ 80.099951950180227, 15.297512354701322 ], [ 80.097779221056641, 15.286145094624496 ], [ 80.09702460600937, 15.282196561935088 ], [ 80.095733155106871, 15.275438372794273 ], [ 80.095811733172084, 15.274161178019275 ], [ 80.090224261845833, 15.249287175428007 ], [ 80.083785737668919, 15.220611445259472 ], [ 80.083283108830301, 15.21583312343839 ], [ 80.082437074766716, 15.207788905250283 ], [ 80.055197018977921, 15.191910544678022 ], [ 80.043474575674722, 15.185075450583128 ], [ 80.038820116586876, 15.175166692363947 ], [ 80.039554468843576, 15.168326956840215 ], [ 80.03729711353904, 15.166069760326785 ], [ 80.044114474539313, 15.125643908130565 ], [ 80.048141692642702, 15.101762912173399 ], [ 80.051296453123683, 15.083055387157549 ], [ 80.042988496602845, 15.038173064748033 ], [ 80.042680977529656, 15.036511043679347 ], [ 80.039420593955981, 15.018886857980743 ], [ 80.038760344275275, 15.015317156157892 ], [ 80.037973380275886, 14.999662072182289 ], [ 80.036540401677655, 14.971130665539912 ], [ 80.042670860039863, 14.94586505113964 ], [ 80.043647175466731, 14.941841161127236 ], [ 80.048837009914109, 14.920450417904354 ], [ 80.055453707235003, 14.890560833614588 ], [ 80.056314503612484, 14.886672208691827 ], [ 80.063249815097606, 14.855340853961309 ], [ 80.066329521795467, 14.845831867288865 ], [ 80.067604108894955, 14.841896296616179 ], [ 80.07172554871336, 14.829169953468259 ], [ 80.076629352860905, 14.814026836949999 ], [ 80.089504782796055, 14.774262133413801 ], [ 80.102754801955271, 14.756465094572562 ], [ 80.129755519839065, 14.720190188692202 ], [ 80.144540850626797, 14.692032593047246 ], [ 80.156640513421323, 14.668985725294705 ], [ 80.170688279147626, 14.643361916229727 ], [ 80.174461259058631, 14.616344177829097 ], [ 80.174788040015827, 14.608989025079152 ], [ 80.17346202721707, 14.549963802791529 ], [ 80.172546634310208, 14.508698075230155 ], [ 80.172084310473906, 14.487804745569912 ], [ 80.171573773350332, 14.480683205591506 ], [ 80.163294883393746, 14.364979427607693 ], [ 80.163076152913959, 14.305000085503055 ], [ 80.145804148731315, 14.28340244057954 ], [ 80.138402401236462, 14.275312505581082 ], [ 80.132102697661836, 14.268426277010978 ], [ 80.124879155447545, 14.260529290475263 ], [ 80.070973604011897, 14.241952895697976 ], [ 80.067845755863075, 14.240874485894846 ], [ 80.050855596646727, 14.230042469726991 ], [ 80.044617286411082, 14.226064592721327 ], [ 80.043408468505802, 14.225293745151667 ], [ 80.042843915518745, 14.223108986796905 ], [ 80.041018161679361, 14.216043012939135 ], [ 80.04170946921306, 14.2130600239018 ], [ 80.043029561895594, 14.207363775506323 ], [ 80.042925883452995, 14.202693161889579 ], [ 80.042855019705897, 14.199499841175431 ], [ 80.050852139305533, 14.196469898263928 ], [ 80.066240191277572, 14.196143978912424 ], [ 80.08180521298948, 14.203946374257333 ], [ 80.094281188973369, 14.202474572050251 ], [ 80.104214070859271, 14.195397172050743 ], [ 80.109421195896658, 14.174738081699815 ], [ 80.112812396977247, 14.16197991550202 ], [ 80.117271574563659, 14.145203146853387 ], [ 80.122965217082225, 14.091020330471501 ], [ 80.125977028838108, 14.082059319715876 ], [ 80.138971724541761, 14.04339251806222 ], [ 80.14370806900979, 14.026803663700326 ], [ 80.145732634113088, 14.01494486066656 ], [ 80.149242548227804, 14.007418248665015 ], [ 80.156703028805879, 13.981284791841027 ], [ 80.158661920743441, 13.974422591455763 ], [ 80.167251103519419, 13.944332036875997 ], [ 80.194354477193386, 13.880291468359687 ], [ 80.209637703330372, 13.85837512288647 ], [ 80.225661095400724, 13.837147919649635 ], [ 80.238504618281866, 13.805894993689442 ], [ 80.238244592645927, 13.798474370541296 ], [ 80.237877020579248, 13.787979501754625 ], [ 80.23692703090812, 13.76082789897808 ], [ 80.234848587872037, 13.701284503202226 ], [ 80.234732392610468, 13.697950056527397 ], [ 80.234644749154199, 13.69543456003937 ], [ 80.235747065748257, 13.672856711323378 ], [ 80.237831671451445, 13.630192911985482 ], [ 80.239656799715533, 13.592875513810828 ], [ 80.240602872254328, 13.573544860262206 ], [ 80.245874161166995, 13.555801189955197 ], [ 80.255846477459357, 13.526904638413569 ], [ 80.274632706829607, 13.492773874956995 ], [ 80.27773575111955, 13.487135610798358 ], [ 80.283341181500973, 13.478533825240591 ], [ 80.291558747818485, 13.465922707282386 ], [ 80.294656611309094, 13.447500212171741 ], [ 80.293303399244493, 13.445735572916844 ], [ 80.285275551702625, 13.446367744405254 ], [ 80.270938599502259, 13.458824515997756 ], [ 80.259897287028892, 13.488372506421861 ], [ 80.247283853926049, 13.512948672850847 ], [ 80.237032484427189, 13.545341069498688 ], [ 80.230260285984741, 13.569795214447394 ], [ 80.224729137911254, 13.584212654246778 ], [ 80.217798959816747, 13.601519866359986 ], [ 80.210726966147149, 13.612394498698231 ], [ 80.2013837011758, 13.619741350644993 ], [ 80.194994397391412, 13.628456356465614 ], [ 80.194435833446931, 13.636334096892528 ], [ 80.190269948800392, 13.646432764894779 ], [ 80.187628356886577, 13.659359933950761 ], [ 80.168795811606998, 13.667620400802168 ], [ 80.168165283522612, 13.667300990857683 ], [ 80.165552723550491, 13.669019608025023 ], [ 80.161712350622139, 13.671545837437014 ], [ 80.160625950927709, 13.671329346737771 ], [ 80.155898896405148, 13.670387305116094 ], [ 80.152664630121535, 13.658173521548015 ], [ 80.152320045995523, 13.65207831750811 ], [ 80.15122843669343, 13.632760393426949 ], [ 80.141046943352876, 13.63109491137725 ], [ 80.129592088053755, 13.636046484003229 ], [ 80.110273806278613, 13.645763290439286 ], [ 80.098663232704425, 13.646348385938532 ], [ 80.091276609838516, 13.642349816145948 ], [ 80.090927247097582, 13.630042573840973 ], [ 80.090462414493132, 13.629909437211193 ], [ 80.088903612514684, 13.629073763742394 ], [ 80.066050668579592, 13.616820204271971 ], [ 80.060720822904301, 13.606915754006463 ], [ 80.058170671499823, 13.602689721156898 ], [ 80.053899367217767, 13.595610910076434 ], [ 80.053447068555101, 13.590820166067742 ], [ 80.052955873690195, 13.58561678611885 ], [ 80.050993833258971, 13.562053772196597 ], [ 80.052925344255684, 13.555063315150877 ], [ 80.055335079728323, 13.546341891040239 ], [ 80.059141812019448, 13.532563955767383 ], [ 80.069768458371072, 13.516613479229497 ], [ 80.08096594871202, 13.509392953341465 ], [ 80.089236558830009, 13.504059283724725 ], [ 80.098385346547602, 13.502267604303464 ], [ 80.109615727898827, 13.500067807607282 ], [ 80.143111652652578, 13.494375294539486 ], [ 80.145866567912137, 13.49244990316893 ], [ 80.17262853488171, 13.473743559904326 ], [ 80.193316248161082, 13.468793176889321 ], [ 80.19432536828819, 13.467459223777455 ], [ 80.204908277150352, 13.460434317296746 ], [ 80.214567853652326, 13.454012261814185 ], [ 80.214772801238553, 13.453875998507906 ], [ 80.231092039919986, 13.443024999385495 ], [ 80.265030692301252, 13.420773400058996 ], [ 80.274845801712786, 13.418776747125905 ], [ 80.283729943482271, 13.40922004662974 ], [ 80.314296747657181, 13.404286569665109 ], [ 80.320674694577136, 13.400703981137358 ], [ 80.32309740733767, 13.394536082268612 ], [ 80.328326638954735, 13.381222612880578 ], [ 80.329994285317156, 13.35952706857368 ], [ 80.330143202596133, 13.357589995030466 ], [ 80.330470049413861, 13.353338632912289 ], [ 80.330053738517108, 13.334868826514365 ], [ 80.329527129394506, 13.311466339950282 ], [ 80.329485524358219, 13.309615539089846 ], [ 80.328730943301125, 13.291084840100439 ], [ 80.328387007379305, 13.282633116872498 ], [ 80.328321810654288, 13.281030615010119 ], [ 80.327315843410219, 13.256288783660803 ], [ 80.3149550975062, 13.205538047537175 ], [ 80.311136765622024, 13.189852672745152 ], [ 80.311000649181352, 13.189307378181047 ], [ 80.307537570183982, 13.175432442942951 ], [ 80.307093658929318, 13.17323979252494 ], [ 80.306036995211429, 13.168897322014336 ], [ 80.301814220470888, 13.147156452165902 ], [ 80.301004523472855, 13.143155100432496 ], [ 80.300954997184192, 13.14273177747031 ], [ 80.300353863467507, 13.139635969159214 ], [ 80.297379937884216, 13.124318014317263 ], [ 80.292560310911185, 13.099484873109782 ], [ 80.290138262688984, 13.087001325267522 ], [ 80.288673873088229, 13.079452395644395 ], [ 80.287446912197723, 13.073126670152183 ], [ 80.284538383989087, 13.058128749149256 ], [ 80.278989833211128, 13.029516656342421 ], [ 80.242751113915375, 13.019655754825392 ], [ 80.278989833211156, 13.029516656342421 ], [ 80.275885819077544, 13.013504235405295 ], [ 80.271991844710698, 12.993410608399325 ], [ 80.26876495489411, 12.97675411562544 ], [ 80.264240094628562, 12.953389934485255 ], [ 80.261916373714499, 12.941387806803636 ], [ 80.257188337498391, 12.926252650699549 ], [ 80.25469298306048, 12.918263348922258 ], [ 80.250944575298519, 12.90626050130007 ], [ 80.244578162028475, 12.885869861914227 ], [ 80.243592160811133, 12.882710650304073 ], [ 80.242756820807344, 12.880034057681247 ], [ 80.238121542263869, 12.865179898558909 ], [ 80.234483272535314, 12.853518581603767 ], [ 80.236611108226356, 12.827386023082703 ], [ 80.237100997623301, 12.82137067290272 ], [ 80.238372257723938, 12.805762833946293 ], [ 80.236961849468685, 12.783927311920502 ], [ 80.236451209297584, 12.776017886369019 ], [ 80.235282212855125, 12.757903320366543 ], [ 80.231678551404386, 12.70199399978271 ], [ 80.223965549558429, 12.671946442631416 ], [ 80.222529844167198, 12.666351893700563 ], [ 80.22128082061154, 12.661484417787648 ], [ 80.208369720708973, 12.611149122412977 ], [ 80.207673525395947, 12.608433873676153 ], [ 80.197921058646585, 12.586261413622939 ], [ 80.190968377119432, 12.57045047669793 ], [ 80.187240095323602, 12.564539795847567 ], [ 80.175994863741792, 12.548309881781215 ], [ 80.174339492272111, 12.545061065273085 ], [ 80.168418002312109, 12.533438511708518 ], [ 80.165906948943302, 12.517038839158108 ], [ 80.165661211798792, 12.512990431740594 ], [ 80.165502591906147, 12.510376947721596 ], [ 80.164823254692465, 12.499181312529542 ], [ 80.162643629883206, 12.488708455984577 ], [ 80.159675199236034, 12.477977036597906 ], [ 80.158483621575726, 12.475950735909018 ], [ 80.148149917660007, 12.458375901545297 ], [ 80.142776349923267, 12.451688586475429 ], [ 80.12226209754327, 12.435450412502211 ], [ 80.115425700248053, 12.430038037330343 ], [ 80.107564476796725, 12.400148615103676 ], [ 80.102667062253062, 12.387196152590025 ], [ 80.102194363453563, 12.385945865326557 ], [ 80.094426444635388, 12.378164394525228 ], [ 80.089580160287213, 12.373309212096792 ], [ 80.067932344706918, 12.353224423051062 ], [ 80.051799877166459, 12.338252817599088 ], [ 80.037216576304289, 12.298468308941386 ], [ 80.030292993349477, 12.289736596970908 ], [ 80.024096181977967, 12.281920611776162 ], [ 80.017420137104821, 12.273499280962708 ], [ 79.994742011378889, 12.244885617840986 ], [ 79.962869806771778, 12.207365230065069 ], [ 79.952009706482642, 12.194576308031383 ], [ 79.930606892954671, 12.169365886475862 ], [ 79.92555293181978, 12.163411589303902 ], [ 79.92555293181978, 12.163411589303898 ], [ 79.919609977753368, 12.156409331698617 ], [ 79.91816064387919, 12.154701562870919 ], [ 79.918009521515501, 12.154500131274816 ], [ 79.91441499342983, 12.149708818813618 ], [ 79.897109775093227, 12.126637818740893 ], [ 79.895408054174396, 12.124368751556283 ], [ 79.877917775569259, 12.101043517924886 ], [ 79.875637031381856, 12.097803899706358 ], [ 79.875446416614651, 12.097533140469785 ], [ 79.87045537168072, 12.090443273404315 ], [ 79.864031461707611, 12.067232680472863 ], [ 79.861777140915152, 12.059085739416457 ], [ 79.859187313622044, 12.049725197003868 ], [ 79.855679169455968, 12.037043649434246 ], [ 79.855554706167084, 12.0367470061408 ], [ 79.849242450752101, 12.021701092131488 ], [ 79.842053813674127, 12.004562861759679 ], [ 79.83910582611513, 11.997533609205867 ], [ 79.832143735573666, 11.98093064090167 ], [ 79.831710030875712, 11.978717038216416 ], [ 79.827621186310395, 11.957844124471382 ], [ 79.826300325189138, 11.951099906246139 ], [ 79.823693111040484, 11.937785619237911 ], [ 79.817761290098829, 11.907483412538935 ], [ 79.813877830505916, 11.887813496244888 ], [ 79.813859985073464, 11.887723094649242 ], [ 79.808197901627395, 11.85903377199765 ], [ 79.805678067594627, 11.846261953403467 ], [ 79.802314619918491, 11.829210408726846 ], [ 79.802100881807476, 11.82812667960763 ], [ 79.801982220241953, 11.827525015092892 ], [ 79.801945830070537, 11.827340500375069 ], [ 79.801531255419093, 11.825238381926571 ], [ 79.801373538903221, 11.824438656019019 ], [ 79.801187428966813, 11.82349494442656 ], [ 79.801137801591068, 11.823243295562628 ], [ 79.800315863915614, 11.819075301462924 ], [ 79.799874486813451, 11.816836997383213 ], [ 79.799645463492681, 11.815675548288224 ], [ 79.799160387743541, 11.813215509534853 ], [ 79.79899019723895, 11.812352374703931 ], [ 79.79833707143051, 11.80903988989607 ], [ 79.798329698839723, 11.80900249707803 ], [ 79.798279735398552, 11.80874908846906 ], [ 79.79820560638656, 11.808373113177979 ], [ 79.797764544765272, 11.806136046370431 ], [ 79.797541973244734, 11.805007133707617 ], [ 79.796915654356511, 11.801830256591456 ], [ 79.796620626325662, 11.80033373305981 ], [ 79.796235093059593, 11.798378072516879 ], [ 79.795941362802438, 11.797087908404659 ], [ 79.794361008484316, 11.790146043176408 ], [ 79.793658699020185, 11.78706085818383 ], [ 79.79227881214068, 11.780998739628314 ], [ 79.790833481795417, 11.774648554540322 ], [ 79.790068446835008, 11.771287074635287 ], [ 79.789434374405047, 11.768500908065402 ], [ 79.787303827069778, 11.759138299456003 ], [ 79.786255709241487, 11.75453192898212 ], [ 79.786014717157428, 11.753472750870072 ], [ 79.782631390840848, 11.746251869492635 ], [ 79.780978401956318, 11.742723745121374 ], [ 79.775397278740115, 11.730810358741435 ], [ 79.77470590508797, 11.729334445541989 ], [ 79.773900213651231, 11.727339115001284 ], [ 79.769161346544877, 11.715602132191316 ], [ 79.768352597589669, 11.713598898972613 ], [ 79.76484301472216, 11.704905268683675 ], [ 79.764088762079822, 11.703036781898774 ], [ 79.763398962279467, 11.700204470387899 ], [ 79.761486618802635, 11.692351828892654 ], [ 79.760745190247235, 11.689307078296093 ], [ 79.756695448146118, 11.672674157810151 ], [ 79.75401549997656, 11.661665104276947 ], [ 79.750404223013334, 11.646827581359776 ], [ 79.750034993924345, 11.645310373028957 ], [ 79.749794890451909, 11.631190767649688 ], [ 79.74967174310585, 11.623941800559297 ], [ 79.749658029647875, 11.623134269728817 ], [ 79.749631287169478, 11.62085828185047 ], [ 79.747213260867383, 11.614509675514254 ], [ 79.74683110007993, 11.613506255576176 ], [ 79.746492463078155, 11.612617103675229 ], [ 79.745363295520889, 11.609652203899101 ], [ 79.745774912128311, 11.600933149878372 ], [ 79.746125267745697, 11.593513151620495 ], [ 79.746157356400644, 11.59283362699942 ], [ 79.746793857351008, 11.579357006058434 ], [ 79.746800760780943, 11.579210863113905 ], [ 79.747220000289985, 11.57033665874591 ], [ 79.74748588781253, 11.56470946727076 ], [ 79.74809983128732, 11.55171891046917 ], [ 79.748436425958147, 11.544598505694156 ], [ 79.748679926682939, 11.53944817036623 ], [ 79.748630206457435, 11.535169584476984 ], [ 79.748546851608808, 11.527991239130959 ], [ 79.748041686005195, 11.484341916640407 ], [ 79.747979397277931, 11.480626347490464 ], [ 79.747694175910624, 11.463596242779635 ], [ 79.747554176201376, 11.455227190152028 ], [ 79.747430994861702, 11.447858118744405 ], [ 79.736302683707336, 11.43301178490834 ], [ 79.731630660762733, 11.41376679295395 ], [ 79.72884278100716, 11.410276847523848 ], [ 79.719779895908317, 11.398930650231231 ], [ 79.71377827724271, 11.386862061459453 ], [ 79.709940695410509, 11.374042860161547 ], [ 79.714792068555013, 11.360368700425838 ], [ 79.741963768810379, 11.358031681511838 ], [ 79.757791207954881, 11.366599860950306 ], [ 79.777316732024403, 11.380441603518827 ], [ 79.788708679330099, 11.375666667796038 ], [ 79.790725968681869, 11.374821067178946 ], [ 79.796478027278084, 11.338017901916729 ], [ 79.79715342147199, 11.333696766741799 ], [ 79.797563475146788, 11.29662938936862 ], [ 79.797804402361351, 11.274929826266719 ], [ 79.798232033989663, 11.236557366600577 ], [ 79.798256853199291, 11.233893989956083 ], [ 79.798754574356209, 11.180704604310838 ], [ 79.799147881377294, 11.138967846891543 ], [ 79.799481334807581, 11.10378225670428 ], [ 79.799490079248258, 11.099600718607601 ], [ 79.799543810267224, 11.074166431575001 ], [ 79.799577173948109, 11.058591147435832 ], [ 79.799678519656922, 11.012244742631477 ], [ 79.799695606153435, 11.004567540380339 ], [ 79.799729338385333, 10.989521813196182 ], [ 79.799766401899873, 10.973155364610211 ], [ 79.79989154597844, 10.949633365502363 ], [ 79.800124982822254, 10.906145487886752 ], [ 79.800209091412441, 10.890597915767561 ], [ 79.800514767709927, 10.83461850846934 ], [ 79.800667469448157, 10.806954454719964 ], [ 79.800960971526237, 10.754325561148656 ], [ 79.801206534883832, 10.71082462912717 ], [ 79.800535861251547, 10.638564957061988 ], [ 79.799612842367267, 10.537690002246173 ], [ 79.799354361573748, 10.509135052230153 ], [ 79.799211122960926, 10.493252111636918 ], [ 79.792620442401358, 10.305658449863943 ], [ 79.787566969775497, 10.297468704809773 ], [ 79.781614501965947, 10.287821103382797 ], [ 79.757500082244221, 10.2741345605739 ], [ 79.742991377874745, 10.271890628580493 ], [ 79.693184705345899, 10.280796551444432 ], [ 79.655364835895767, 10.292674207581335 ], [ 79.643451822703028, 10.293574466140594 ], [ 79.63723766686671, 10.291399807019571 ], [ 79.637924836520625, 10.28664219593098 ], [ 79.639244268315593, 10.278035037610939 ], [ 79.647893795528219, 10.275041007348923 ], [ 79.648571074216122, 10.274252808458535 ], [ 79.664919694191056, 10.260690306187575 ], [ 79.669304363821936, 10.248087142349412 ], [ 79.664607491431298, 10.242250139697704 ], [ 79.646389893193074, 10.239037085032646 ], [ 79.632018362266948, 10.238171669745201 ], [ 79.538285564624388, 10.232511128144642 ], [ 79.514867893083107, 10.234480726179596 ], [ 79.511535864089097, 10.241903486573653 ], [ 79.512441023046293, 10.254775403883849 ], [ 79.514762912930607, 10.25663768794761 ], [ 79.521213519434824, 10.261811177213485 ], [ 79.527136845044595, 10.271749558231825 ], [ 79.528694333337199, 10.279601463785839 ], [ 79.52662863969141, 10.286788291127563 ], [ 79.526227837028827, 10.287007251528735 ], [ 79.537401946549551, 10.293381161809252 ], [ 79.517295677271449, 10.297474179312205 ], [ 79.516716768779261, 10.297440909096794 ], [ 79.460174579841279, 10.29418621761616 ], [ 79.407682979740287, 10.291155514344357 ], [ 79.283775496598551, 10.289381578537903 ], [ 79.270667360273976, 10.282394772635074 ], [ 79.2546777914675, 10.27616112723604 ], [ 79.242901524870334, 10.260562646235471 ], [ 79.231069499791872, 10.240667651289376 ], [ 79.220422948676543, 10.224164920138 ], [ 79.217784283538734, 10.220074407542375 ], [ 79.207429723915453, 10.202306455588877 ], [ 79.199148848017757, 10.128710088208077 ], [ 79.198843114231252, 10.12599103077979 ], [ 79.198767575064522, 10.125319199500282 ], [ 79.198548968995752, 10.123374912648408 ], [ 79.198253784758549, 10.120749431410399 ], [ 79.197615296949522, 10.115070058255894 ], [ 79.195562150419619, 10.095100472593252 ], [ 79.195358348608963, 10.093117819583492 ], [ 79.19430692911196, 10.082888081680442 ], [ 79.193668508805715, 10.033485642840583 ], [ 79.18955822508903, 10.00697106503166 ], [ 79.18856238702088, 10.00054557116721 ], [ 79.188003546292293, 9.996939471260212 ], [ 79.186729016440211, 9.993349621902158 ], [ 79.178790127181927, 9.979265102253889 ], [ 79.175890040991007, 9.974119510500318 ], [ 79.174670779229984, 9.97247789827326 ], [ 79.158580354649729, 9.959461879710691 ], [ 79.146362604335437, 9.949577074530726 ], [ 79.133874130628385, 9.931987802173268 ], [ 79.125877150230224, 9.920722856791622 ], [ 79.117663380061714, 9.909151171645377 ], [ 79.101510902251107, 9.886391303203633 ], [ 79.087240901130187, 9.864357021970726 ], [ 79.083900269438317, 9.859198053167033 ], [ 79.083103652038616, 9.857967789951347 ], [ 79.078810478263165, 9.853294320551365 ], [ 79.073379613057099, 9.847382035493091 ], [ 79.071391756612726, 9.845217868515132 ], [ 79.065984514537064, 9.83441811297476 ], [ 79.06176819701956, 9.825996161349124 ], [ 79.060010985699861, 9.823430719195741 ], [ 79.042739458952965, 9.798211605191543 ], [ 79.042101372405483, 9.797279776878172 ], [ 79.025772341429132, 9.773430740596401 ], [ 79.020201852227842, 9.765293568394879 ], [ 79.007207933947171, 9.746309935975482 ], [ 78.997507321280722, 9.732135350078256 ], [ 78.995616501886943, 9.729372241159782 ], [ 78.985203165112267, 9.714945206138522 ], [ 78.973771774065099, 9.699105306022183 ], [ 78.961818386419608, 9.682539404159424 ], [ 78.960445087268738, 9.680636006713321 ], [ 78.947177168309892, 9.662244754534024 ], [ 78.938460270736059, 9.648720004236832 ], [ 78.937960387322988, 9.64794435306678 ], [ 78.931315818960243, 9.637633655388081 ], [ 78.922218581679402, 9.623515347486128 ], [ 78.917773733990799, 9.616616531516355 ], [ 78.908140278195759, 9.60006510940643 ], [ 78.904680522652157, 9.594120193690705 ], [ 78.894774219587461, 9.57709626100243 ], [ 78.891497557219807, 9.571464719821327 ], [ 78.890163408921339, 9.569171655685489 ], [ 78.885115045931613, 9.54833431880548 ], [ 78.882795202173639, 9.540073737510715 ], [ 78.881917378273627, 9.536947761848531 ], [ 78.880101539541613, 9.530481137598549 ], [ 78.878317564337479, 9.519005940992994 ], [ 78.87750750306158, 9.513794727962576 ], [ 78.874110939868004, 9.495365729552113 ], [ 78.873664512522623, 9.492943196668074 ], [ 78.873287467112476, 9.489069139570395 ], [ 78.870419036960286, 9.459587783541012 ], [ 78.869653045260165, 9.451712364330923 ], [ 78.868907233927033, 9.44404335102123 ], [ 78.868867656820683, 9.440501459039723 ], [ 78.868807215894961, 9.435089707875841 ], [ 78.872398718893677, 9.412126211288204 ], [ 78.873296638701191, 9.406385203040839 ], [ 78.87458900726071, 9.403664462347111 ], [ 78.875710282217184, 9.401303893461803 ], [ 78.891520158008589, 9.368018056710817 ], [ 78.89267911126484, 9.365577868304671 ], [ 78.901972112447808, 9.354249659124152 ], [ 78.924370214383629, 9.326943489199433 ], [ 78.925292325516352, 9.325819232899354 ], [ 78.934911639647211, 9.317797673387341 ], [ 78.977036552626373, 9.282664045823704 ], [ 78.984651053197766, 9.276312320279924 ], [ 78.988398769209411, 9.273186010052678 ], [ 79.018929609451945, 9.263293801492274 ], [ 79.047730819502632, 9.259984722948461 ], [ 79.049263842288568, 9.259575675381383 ], [ 79.050454356733169, 9.258954483119622 ], [ 79.062171084513011, 9.255589795377412 ], [ 79.066609731389548, 9.254315047172399 ], [ 79.071969521460744, 9.252775677076668 ], [ 79.077614844726668, 9.246514879018479 ], [ 79.077525433023652, 9.238756945739338 ], [ 79.075705493716555, 9.234504587857197 ], [ 79.04696558379699, 9.238976285868072 ], [ 79.03305984730072, 9.242315342942971 ], [ 79.030992312061656, 9.242811754653923 ], [ 79.012616501586109, 9.247223225490071 ], [ 79.002490389650674, 9.249653788163524 ], [ 79.000677309822336, 9.25008894970636 ], [ 78.981381495765461, 9.249950111334467 ], [ 78.952802640291566, 9.249742557122472 ], [ 78.946793642842536, 9.249698624778011 ], [ 78.940606103747186, 9.249653281097594 ], [ 78.926356393974459, 9.24954844696569 ], [ 78.903481294765299, 9.245179308890275 ], [ 78.902036149007444, 9.244903229496506 ], [ 78.886886865221257, 9.242008716462223 ], [ 78.864915847288927, 9.237809482252747 ], [ 78.861771208046676, 9.236535122409377 ], [ 78.833318052272162, 9.225002605559439 ], [ 78.829153958015297, 9.223314541665783 ], [ 78.80785127712123, 9.214677583498162 ], [ 78.786821682128675, 9.208317575146751 ], [ 78.712483062775007, 9.185822207703803 ], [ 78.689185728305688, 9.17876810205798 ], [ 78.626846401318758, 9.155713860561365 ], [ 78.607948795822836, 9.148722100293666 ], [ 78.530411255637901, 9.110931195725 ], [ 78.524531283298174, 9.108064201760262 ], [ 78.522796300924099, 9.107800092845549 ], [ 78.496314988760801, 9.103767816940534 ], [ 78.451099094080604, 9.096877909582986 ], [ 78.440763599594135, 9.095302133420729 ], [ 78.418460232963525, 9.093338438610255 ], [ 78.389295680575827, 9.090768486575936 ], [ 78.361861305701709, 9.088348756866949 ], [ 78.346453929303522, 9.087245876305403 ], [ 78.333952786960182, 9.086351544769721 ], [ 78.325941117035512, 9.081042322703128 ], [ 78.325920519761027, 9.081028672666307 ], [ 78.322140752934516, 9.078523736008782 ], [ 78.322140752934516, 9.078523736008776 ], [ 78.32112862455692, 9.077852960783298 ], [ 78.30482054714831, 9.067044120147729 ], [ 78.291735294546768, 9.05837015476469 ], [ 78.284906390506336, 9.053842986296285 ], [ 78.283002420638354, 9.052580713345305 ], [ 78.275145350961239, 9.047371484653391 ], [ 78.265324281095317, 9.040859593713853 ], [ 78.26091806516142, 9.037937846487415 ], [ 78.254037298442142, 9.031904162231516 ], [ 78.231321873345337, 9.011982335806497 ], [ 78.227004431615583, 9.00819536634792 ], [ 78.194677320885575, 8.979835164144989 ], [ 78.192961061202396, 8.978329261318313 ], [ 78.185762072739067, 8.972012359593581 ], [ 78.173452719229687, 8.951993191080568 ], [ 78.171212940818748, 8.948350179397535 ], [ 78.163097254854478, 8.935149006347936 ], [ 78.162448070867399, 8.93308609177712 ], [ 78.158034136704231, 8.928810827942224 ], [ 78.15579268768704, 8.926639725352432 ], [ 78.15083793234453, 8.909356312328169 ], [ 78.144874859617843, 8.893085142279125 ], [ 78.144071580368035, 8.890893092041141 ], [ 78.141492664870796, 8.884144688010389 ], [ 78.137927188932423, 8.874814037263278 ], [ 78.128760009402839, 8.856370227984643 ], [ 78.126929525575918, 8.852657746298382 ], [ 78.121426093399776, 8.841495297520501 ], [ 78.120679270188077, 8.839682484599717 ], [ 78.115294165310829, 8.826610031477891 ], [ 78.11155529409821, 8.810509764293284 ], [ 78.112175238234244, 8.807899990431535 ], [ 78.115396915624402, 8.794337568371839 ], [ 78.121526230669488, 8.768534050007521 ], [ 78.125647207482132, 8.751184832541858 ], [ 78.126059378274547, 8.749449580731474 ], [ 78.125994554984956, 8.741683271424751 ], [ 78.121686763059628, 8.729172324347889 ], [ 78.120402152748227, 8.72578974389916 ], [ 78.117389302163659, 8.717856049383089 ], [ 78.114778783540444, 8.714304520964729 ], [ 78.11213961075093, 8.710713896985531 ], [ 78.106878416304909, 8.703555646124324 ], [ 78.10342128154123, 8.698851709824735 ], [ 78.091278726783727, 8.677585340137405 ], [ 78.08679940648851, 8.669739338299543 ], [ 78.082709048542952, 8.662574194922588 ], [ 78.082293648426898, 8.660591124808848 ], [ 78.079585646051271, 8.647662473719411 ], [ 78.07402749234528, 8.628587812827664 ], [ 78.07262928816985, 8.624257826463881 ], [ 78.067869908660782, 8.609517653529686 ], [ 78.064394754497854, 8.599412292827369 ], [ 78.061108178787251, 8.589854486588839 ], [ 78.059686653735767, 8.581764102310718 ], [ 78.059193147946019, 8.578955226938399 ], [ 78.057963267481639, 8.571954774057801 ], [ 78.056586232648058, 8.549858510564645 ], [ 78.061498507575592, 8.520088868461901 ], [ 78.062312010234038, 8.515158871929586 ], [ 78.06456719218599, 8.497123687616336 ], [ 78.067071431711426, 8.477097596303734 ], [ 78.06851943611143, 8.465518501795056 ], [ 78.065988170740226, 8.458392690793449 ], [ 78.062381754086019, 8.44823945818216 ], [ 78.057577502511862, 8.440772780723448 ], [ 78.052054040208631, 8.432187748089994 ], [ 78.04746811994093, 8.422802527612102 ], [ 78.046597826385465, 8.421021365335818 ], [ 78.035729660171398, 8.398776160661154 ], [ 78.028349140574903, 8.388658046723791 ], [ 78.027707235797834, 8.387778004693535 ], [ 78.013805502517329, 8.373171976112189 ], [ 78.012735067037951, 8.37204722762595 ], [ 78.012314418821703, 8.371605232855542 ], [ 78.00103144357297, 8.359749006587569 ], [ 77.996983783639735, 8.356392402207936 ], [ 77.966426063068383, 8.331047914085874 ], [ 77.960167345263571, 8.325856107816604 ], [ 77.956740252569091, 8.323013103736432 ], [ 77.937756315693974, 8.311177507821414 ], [ 77.923336346727581, 8.303162672026927 ], [ 77.897129293953213, 8.288593876019902 ], [ 77.882357099020226, 8.282267377744287 ], [ 77.842602364849739, 8.265237380193668 ], [ 77.821813157107258, 8.252961575505743 ], [ 77.797192703360096, 8.238420693115735 ], [ 77.795720937963253, 8.237551371016052 ], [ 77.792600357651736, 8.235708114260404 ], [ 77.766587479628399, 8.218052930848756 ], [ 77.757348662243174, 8.211781538361381 ], [ 77.743249367043376, 8.204210699837603 ], [ 77.733852707330897, 8.199164516840634 ], [ 77.730624874500677, 8.197431017949381 ], [ 77.713175302666485, 8.188058959199999 ], [ 77.698057013193036, 8.179937909321543 ], [ 77.6956140663128, 8.178625541787998 ], [ 77.694865858227217, 8.178297737975305 ], [ 77.665659085758534, 8.165500018724416 ], [ 77.63627680799253, 8.152622074223499 ], [ 77.613277394115187, 8.144885723557515 ], [ 77.603003835939532, 8.141429420353385 ], [ 77.595790384133522, 8.139002409826485 ], [ 77.568883444970496, 8.136621517591072 ], [ 77.557978066776485, 8.135656011264533 ], [ 77.547004560478982, 8.131785095703497 ], [ 77.542152948911891, 8.130073554519141 ], [ 77.536334850215411, 8.128020952810738 ], [ 77.536206927333765, 8.127933417467386 ], [ 77.530385783069519, 8.123950015879597 ], [ 77.518540984116981, 8.115844052237112 ], [ 77.485292787439647, 8.093086549970376 ], [ 77.480600151754359, 8.08987407228258 ], [ 77.453531406292697, 8.071341011005362 ], [ 77.447183935875586, 8.0669945250638 ], [ 77.430362821612007, 8.070213914354653 ], [ 77.398214958763248, 8.076364731465222 ], [ 77.356915302904682, 8.083359285715792 ], [ 77.352526248819743, 8.084102373195449 ], [ 77.317538596084404, 8.090024245285077 ], [ 77.297603587751084, 8.101695401283511 ], [ 77.266223620457296, 8.120064209380899 ], [ 77.219750388821325, 8.147261536902011 ], [ 77.189084400197871, 8.169841009098713 ], [ 77.158980236608727, 8.19446404392367 ], [ 77.116211638924653, 8.229437922130449 ], [ 77.078874608265338, 8.259962664158948 ], [ 76.997362201955298, 8.325581954066667 ], [ 76.964734287140942, 8.349124541971566 ], [ 76.951875338548177, 8.367785451463138 ], [ 76.951337320347264, 8.368566184996707 ], [ 76.938390145335873, 8.391727754993687 ], [ 76.935878061723756, 8.396221408248678 ], [ 76.931265741137096, 8.404471755720873 ], [ 76.927392313082677, 8.407987718602428 ], [ 76.918114391278749, 8.416409056316086 ], [ 76.887130921715169, 8.444528316231491 ], [ 76.841779522679971, 8.486180181656422 ], [ 76.831415927459616, 8.495696629583824 ], [ 76.812135977685003, 8.521810344754185 ], [ 76.797104417682775, 8.527198783726552 ], [ 76.789273124986494, 8.534387863093482 ], [ 76.7634193235872, 8.572257484074097 ], [ 76.751964183448649, 8.604188350561564 ], [ 76.713768147067654, 8.645211736869207 ], [ 76.702254505895411, 8.657575481980391 ], [ 76.693854811175754, 8.672456823920978 ], [ 76.667927113324183, 8.701275835683282 ], [ 76.660361616584808, 8.709683982266435 ], [ 76.633440599937998, 8.739106109947897 ], [ 76.596906714314628, 8.770960124846445 ], [ 76.592643330218849, 8.772677550839603 ], [ 76.563940282304713, 8.802300265417481 ], [ 76.562831749547925, 8.817155564099464 ], [ 76.558668000316487, 8.827938473866343 ], [ 76.523304528987779, 8.8555962273507 ], [ 76.492404223361802, 8.886578281063231 ], [ 76.488565924119825, 8.890426249865172 ], [ 76.468525537097548, 8.910515376853231 ], [ 76.456612294551164, 8.925150236145976 ], [ 76.450536577803547, 8.937533784218827 ], [ 76.438924643796113, 8.961199114194784 ], [ 76.406774050122053, 9.047452572375063 ], [ 76.402179225538845, 9.064129491920076 ], [ 76.394465092618688, 9.096848593070243 ], [ 76.391567970772925, 9.117845357361157 ], [ 76.385804692544895, 9.159611095066811 ], [ 76.361189083816981, 9.203565431752029 ], [ 76.349594744774777, 9.224264885605221 ], [ 76.343344228696466, 9.237538438125522 ], [ 76.334437149229146, 9.25092071102717 ], [ 76.331196923417465, 9.256604025611566 ], [ 76.322791804976688, 9.279723458406753 ], [ 76.310845771239102, 9.305606973994559 ], [ 76.294314095766538, 9.346096862591857 ], [ 76.286973699548057, 9.364072501770842 ], [ 76.272855634103678, 9.398704502402785 ], [ 76.25688557750837, 9.437872014408162 ], [ 76.251691726294183, 9.467558534669729 ], [ 76.248843214570542, 9.479531591313096 ], [ 76.241653181986777, 9.49056304028813 ], [ 76.232526125111491, 9.499208635261716 ], [ 76.230689524135428, 9.501307373174145 ], [ 76.228311877983302, 9.508055659101984 ], [ 76.22533837771573, 9.569451757643213 ], [ 76.2247884210107, 9.580807862710783 ], [ 76.221379006341166, 9.651214165052684 ], [ 76.207896384353916, 9.721841573345213 ], [ 76.206438058285087, 9.756140127276614 ], [ 76.205110204587697, 9.787372722045021 ], [ 76.202754971451967, 9.803172079070121 ], [ 76.197048138668748, 9.82616102900146 ], [ 76.188924715460843, 9.848201427761996 ], [ 76.176677540439172, 9.879353867618155 ], [ 76.176491459087572, 9.879827150924966 ], [ 76.169880451313915, 9.904944115229817 ], [ 76.17394058644129, 9.90281031787649 ], [ 76.19976803787641, 9.877577149626179 ], [ 76.209222534187504, 9.868338845785182 ], [ 76.214313529503499, 9.863363964667412 ], [ 76.242225149754105, 9.824732474139656 ], [ 76.266840602401146, 9.76263307348859 ], [ 76.269400190072488, 9.756174600588263 ], [ 76.277863167427171, 9.73481882343833 ], [ 76.279589906338757, 9.725990756953678 ], [ 76.288270655225801, 9.681605073908091 ], [ 76.29715626910351, 9.636163692387973 ], [ 76.294103184301918, 9.593151447034286 ], [ 76.293375392449988, 9.582895084469817 ], [ 76.294400482574872, 9.528687373901459 ], [ 76.300180051202517, 9.506454446696337 ], [ 76.325137879128405, 9.483337703397167 ], [ 76.35680659579576, 9.481507565082701 ], [ 76.395260895742254, 9.487255681396736 ], [ 76.414574278342926, 9.503410905432023 ], [ 76.421380312454133, 9.518745046445247 ], [ 76.411740001841963, 9.531361234701546 ], [ 76.387594280034307, 9.536438385903551 ], [ 76.365439521504058, 9.544336459606615 ], [ 76.35485684244351, 9.554024698959335 ], [ 76.351008494806393, 9.569488237297652 ], [ 76.348707957215524, 9.59294311980878 ], [ 76.34334584737762, 9.647608180750819 ], [ 76.340599402266449, 9.656324045342346 ], [ 76.325083437032461, 9.705557162523668 ], [ 76.319437140491587, 9.72583926163543 ], [ 76.318363330220365, 9.729696284670016 ], [ 76.318427963412148, 9.757620853640443 ], [ 76.318401155814627, 9.797705042960418 ], [ 76.271427387593761, 9.895670208691534 ], [ 76.247342849065774, 9.921212457989101 ], [ 76.233922749895086, 9.935442534712871 ], [ 76.228723343625063, 9.940955316171181 ], [ 76.228723343625077, 9.940955316171193 ], [ 76.204399343055613, 9.966742100440738 ], [ 76.199191404698709, 9.976545279889944 ], [ 76.20188595768505, 9.980033574067996 ], [ 76.209460155406461, 9.990145837279453 ], [ 76.215469049433182, 9.998167647067591 ], [ 76.221318962718215, 10.013458448265714 ], [ 76.219335173872025, 10.02399381429869 ], [ 76.218439244586833, 10.028751697137404 ], [ 76.217531989413899, 10.033569628278391 ], [ 76.213723270064619, 10.047938794219618 ], [ 76.21162738089896, 10.054460501536793 ], [ 76.208986752153862, 10.06267693768012 ], [ 76.207119126102455, 10.068487925950201 ], [ 76.204177212838047, 10.077641122323545 ], [ 76.202169438185422, 10.090749065027238 ], [ 76.199183865534437, 10.110239421007501 ], [ 76.197774004297514, 10.119442735477818 ], [ 76.197576674627328, 10.120730840870461 ], [ 76.176485713885768, 10.163872860773306 ], [ 76.171662897095914, 10.165804182904848 ], [ 76.166811693250878, 10.1589904352864 ], [ 76.164866484551908, 10.156258184987093 ], [ 76.16958159575519, 10.12465964526443 ], [ 76.174199584242814, 10.113358507110808 ], [ 76.178197418343117, 10.103574417950549 ], [ 76.17909351733995, 10.084430764225798 ], [ 76.179006617146626, 10.060505482377133 ], [ 76.177006070953937, 10.041372094314669 ], [ 76.172479158660067, 10.032969866086333 ], [ 76.150207467509901, 10.120735327057298 ], [ 76.150026632967382, 10.122509364060836 ], [ 76.144864608837693, 10.173157660534045 ], [ 76.136946233972893, 10.194422327456362 ], [ 76.141618725998711, 10.202946418064505 ], [ 76.142823515857486, 10.205144237836567 ], [ 76.139484886843832, 10.211747603006865 ], [ 76.13757921992358, 10.215516637342894 ], [ 76.118965546648184, 10.252326148936078 ], [ 76.117814939363825, 10.254601256091355 ], [ 76.10563420380744, 10.278684346727124 ], [ 76.085799735305358, 10.332633178278021 ], [ 76.055651478976074, 10.410009541031208 ], [ 76.041784160134583, 10.430104874644888 ], [ 76.02389323538182, 10.473514536675445 ], [ 76.016070900113078, 10.485914474764204 ], [ 76.000373336566881, 10.510794921537576 ], [ 75.99641419300697, 10.517069423879581 ], [ 75.990180493796316, 10.526948105579251 ], [ 75.97125284866479, 10.556938912473713 ], [ 75.965197148937989, 10.566532799218484 ], [ 75.963244617937576, 10.569889181191172 ], [ 75.926705160052492, 10.632685702399609 ], [ 75.900171442041724, 10.666007456132366 ], [ 75.886217580658169, 10.683527498109392 ], [ 75.865717907875265, 10.773940026662371 ], [ 75.861171465539272, 10.785521214047948 ], [ 75.82848402387765, 10.868760802454643 ], [ 75.827702921199972, 10.871275579069707 ], [ 75.825681457115977, 10.876502116427908 ], [ 75.824039652942574, 10.884440449107286 ], [ 75.81347717197653, 10.935502908485692 ], [ 75.811914703701788, 10.946776726706087 ], [ 75.805790151055604, 10.990961586725117 ], [ 75.783896617388322, 11.071747236871451 ], [ 75.762021583559317, 11.141064910172346 ], [ 75.738602687787733, 11.215240555985492 ], [ 75.715133810689409, 11.273120178693921 ], [ 75.684344866083194, 11.329787027177819 ], [ 75.638489484399912, 11.388803670075033 ], [ 75.634185108225452, 11.394899096881266 ], [ 75.608014013696732, 11.434635062812502 ], [ 75.602393862141554, 11.467198975697514 ], [ 75.590322054232843, 11.489866074524363 ], [ 75.586987729091348, 11.496126206236198 ], [ 75.571433053574111, 11.51538354357751 ], [ 75.571165456319505, 11.520595434478398 ], [ 75.562461144539384, 11.535686446505485 ], [ 75.520425184847127, 11.58646477383788 ], [ 75.511838915289403, 11.604550674410863 ], [ 75.507761634674665, 11.661255789603011 ], [ 75.494754348819399, 11.688977094842684 ], [ 75.488874725942992, 11.691894697080013 ], [ 75.47298410367948, 11.699777905703787 ], [ 75.460472786593897, 11.705612744540046 ], [ 75.456495800469213, 11.72537617476825 ], [ 75.419125625067394, 11.762920719597011 ], [ 75.412129232363228, 11.769948112755912 ], [ 75.377193291728389, 11.794402255792457 ], [ 75.369193180628955, 11.805179999783547 ], [ 75.365565300543494, 11.816669750218562 ], [ 75.365273561271891, 11.818262263684923 ], [ 75.362946404735396, 11.83096486380755 ], [ 75.362671486485098, 11.832465410563037 ], [ 75.359042069675255, 11.843237260718704 ], [ 75.357889786351194, 11.845362536459714 ], [ 75.348136694481013, 11.863349701421837 ], [ 75.312474050641214, 11.905024678413252 ], [ 75.28042051590198, 11.922285972856024 ], [ 75.272413653948632, 11.933778894264627 ], [ 75.257861427094213, 11.962505255401766 ], [ 75.231643233900698, 11.994829829409136 ], [ 75.16241701704142, 12.064506696142265 ], [ 75.158842519785878, 12.069098289609631 ], [ 75.121598388263322, 12.116927938826844 ], [ 75.068363014139237, 12.179395825503619 ], [ 75.068005089040994, 12.182218543379184 ], [ 75.06399343400011, 12.213851739012471 ], [ 75.036270061797495, 12.261949912946012 ], [ 75.028620080017362, 12.290748324301799 ], [ 75.02177735510206, 12.316502295503804 ], [ 75.019487765562431, 12.325118460460978 ], [ 74.982982390226937, 12.376082570968684 ], [ 74.964724056552768, 12.404075010426968 ], [ 74.95814781145414, 12.428479222698666 ], [ 74.955881696174345, 12.430822910396396 ], [ 74.945440326981412, 12.441620907996057 ], [ 74.944268508923173, 12.442832668320268 ], [ 74.94378744308267, 12.44360594941328 ], [ 74.93623130109755, 12.455751229202452 ], [ 74.929116173385125, 12.474170729578784 ], [ 74.928191119989336, 12.476565281036468 ], [ 74.904799769166416, 12.521779022312391 ], [ 74.874834539227862, 12.544736054529496 ], [ 74.85288514535587, 12.597123467165014 ], [ 74.83678116117602, 12.638745667615293 ], [ 74.832581627350706, 12.652671294955301 ], [ 74.80820444907738, 12.733473676866621 ], [ 74.767912568459593, 12.817420987896741 ], [ 74.752485847754286, 12.885595001738917 ], [ 74.740708811386028, 12.954489029665854 ], [ 74.728198389742857, 13.018356967532268 ], [ 74.719282011089291, 13.13534154446589 ], [ 74.717622754401063, 13.143046823347841 ], [ 74.706762857480925, 13.193465286098046 ], [ 74.694275991460387, 13.220725052217301 ], [ 74.683988986283921, 13.244398108162221 ], [ 74.678845193310764, 13.255875576697864 ], [ 74.677330503477961, 13.293196225721802 ], [ 74.673069801359404, 13.30772953510405 ], [ 74.669968283861323, 13.318307657502546 ], [ 74.665558087986085, 13.327632483377066 ], [ 74.663310602002255, 13.362798608458958 ], [ 74.644944922261601, 13.390047398319712 ], [ 74.635397185521356, 13.401517514284432 ], [ 74.631629046472867, 13.408501189918706 ], [ 74.628044764061073, 13.415143673124378 ], [ 74.627218405496706, 13.475431646232886 ], [ 74.599272593798915, 13.522040642051728 ], [ 74.580096824752658, 13.58157988192762 ], [ 74.578529113278734, 13.638276747762536 ], [ 74.573352086150365, 13.660517004066323 ], [ 74.563037345203284, 13.682030365236658 ], [ 74.547598707586587, 13.694921399382673 ], [ 74.539496355939932, 13.709260590734516 ], [ 74.53814729256851, 13.71132453940425 ], [ 74.529187766968789, 13.725030684728045 ], [ 74.529118969055872, 13.759480317028292 ], [ 74.524510393268372, 13.909521350740029 ], [ 74.524401636141107, 13.913058529145628 ], [ 74.513271129913278, 13.965427980338498 ], [ 74.477875472339434, 14.019180827162659 ], [ 74.466396384830134, 14.039864389406667 ], [ 74.416586492069882, 14.12956253917482 ], [ 74.395529841470619, 14.18285858011062 ], [ 74.386888639658196, 14.20472190651669 ], [ 74.384006683300584, 14.212012549972513 ], [ 74.438155494887624, 14.232024424494387 ], [ 74.544167410297177, 14.23799161839108 ], [ 74.551768908124473, 14.268648155344374 ], [ 74.630518927766715, 14.225197611031025 ], [ 74.641350268216925, 14.199377453105303 ], [ 74.657097194275337, 14.163994593945487 ], [ 74.685611307861294, 14.110445958425368 ], [ 74.744494494166815, 14.061712136749911 ], [ 74.82782109570617, 14.057958147331833 ], [ 74.855278771967619, 14.041708173477343 ], [ 74.866084263860657, 14.001522808498311 ], [ 74.882763153429323, 13.965167491295478 ], [ 74.928828728052721, 13.927864285796526 ], [ 74.945490218437371, 13.901073899649141 ], [ 74.943543044430982, 13.851311749759081 ], [ 74.943559174137206, 13.784324521141619 ], [ 74.953358879769908, 13.741263154995311 ], [ 74.976856872462022, 13.705858657423835 ], [ 75.026776120585879, 13.713514044147603 ], [ 75.037034281381793, 13.715884386042283 ], [ 75.042700437869328, 13.691397834286136 ], [ 75.103853834794592, 13.651904688857712 ], [ 75.140530280385761, 13.618392599911683 ], [ 75.129496324837319, 13.569353568401668 ], [ 75.138025460222636, 13.516715121420772 ], [ 75.160017955765426, 13.497562410268754 ], [ 75.178305468854305, 13.431757436584377 ], [ 75.200237621902275, 13.35278943075348 ], [ 75.255183030464906, 13.324030377729638 ], [ 75.2857423582076, 13.34194133313507 ], [ 75.332199754192018, 13.368201723956336 ], [ 75.362730821470549, 13.359786247735853 ], [ 75.378527277137565, 13.304736821435789 ], [ 75.407805330379546, 13.28315950971202 ], [ 75.482278769633339, 13.269870965532062 ], [ 75.537268036672216, 13.285311631236279 ], [ 75.589812422107855, 13.297157249548023 ], [ 75.603143848743372, 13.255259224816447 ], [ 75.579815036275477, 13.20148422433217 ], [ 75.547971178547058, 13.156098275826052 ], [ 75.569755553987349, 13.074708300459736 ], [ 75.568404139148853, 13.017292668606343 ], [ 75.546340120581561, 12.969490880883194 ], [ 75.480377838813268, 12.919378659679072 ], [ 75.429060671760013, 12.86204759521428 ], [ 75.414365154735435, 12.822594490817558 ], [ 75.398444273335585, 12.775964534659169 ], [ 75.388642532612025, 12.742483435832488 ], [ 75.349635248199277, 12.735360157817299 ], [ 75.27897227035379, 12.752192088723623 ], [ 75.244815709801941, 12.718729723141919 ], [ 75.241130675333721, 12.687629408971583 ], [ 75.264221587931999, 12.630185151161227 ], [ 75.296970029240057, 12.50693151515928 ], [ 75.355380274503673, 12.482934700636216 ], [ 75.348768366590036, 12.474510546928997 ] ], [ [ 77.330669508390386, 15.281810506051267 ], [ 77.330007034114729, 15.333210673681934 ], [ 77.330583832180636, 15.288451252289537 ], [ 77.330669508390386, 15.281810506051267 ] ], [ [ 78.673487644386114, 11.080218101822952 ], [ 78.851615816366646, 11.497780867359925 ], [ 78.804920415169136, 11.762697191692475 ], [ 78.673487644386114, 11.080218101822952 ] ], [ [ 78.851615816366646, 11.497780867359925 ], [ 78.876031250585527, 11.477399603476226 ], [ 78.855673977975783, 11.494393517384982 ], [ 78.851615816366646, 11.497780867359925 ] ], [ [ 78.856433631192246, 12.030185220578 ], [ 79.673989070352746, 12.268631557090171 ], [ 79.487991752356251, 13.964617674748572 ], [ 79.233542877544735, 13.988366378128987 ], [ 78.856433631192246, 12.030185220578 ] ], [ [ 79.487991752356251, 13.964617674748572 ], [ 79.489044007159762, 13.957769846573994 ], [ 79.482536411319018, 14.000119920282364 ], [ 79.487991752356251, 13.964617674748572 ] ], [ [ 78.269902949185919, 15.082945208144132 ], [ 78.269902830548233, 15.082945951734862 ], [ 78.253206346133524, 15.080396004779153 ], [ 78.269902949185919, 15.082945208144132 ] ], [ [ 78.269902830548233, 15.082945951734862 ], [ 78.26992586425132, 15.082948706769669 ], [ 78.28893863885618, 15.085851538492276 ], [ 78.269902830548233, 15.082945951734862 ] ], [ [ 77.397053544251364, 9.568682185435712 ], [ 77.377621492227718, 9.568127155419273 ], [ 77.370066396057851, 9.567911065575844 ], [ 77.397053544251364, 9.568682185435712 ] ], [ [ 77.368709997985022, 9.631989285699685 ], [ 77.368709562454754, 9.631990258484048 ], [ 77.368709507857432, 9.631990275492589 ], [ 77.368709997985022, 9.631989285699685 ] ], [ [ 76.255319694328293, 9.978841283257585 ], [ 76.254474290114672, 9.977533536902506 ], [ 76.23409274086535, 9.946001283647025 ], [ 76.255319694328293, 9.978841283257585 ] ], [ [ 76.780200998933566, 10.436702555208157 ], [ 76.772826480107696, 10.44730250834699 ], [ 76.800388042009899, 10.40768227234703 ], [ 76.780200998933566, 10.436702555208157 ] ], [ [ 77.880025803938906, 10.649942229763267 ], [ 77.880042421752123, 10.649945451710131 ], [ 77.859912919023444, 10.647417884073523 ], [ 77.880025803938906, 10.649942229763267 ] ], [ [ 78.522436782781298, 10.295869921853091 ], [ 78.522436598775286, 10.295868966381704 ], [ 78.546273343752148, 10.2877113183169 ], [ 78.522436782781298, 10.295869921853091 ] ], [ [ 79.16027216210162, 15.189442006232561 ], [ 79.178793938974366, 15.231341234537451 ], [ 79.162452065799769, 15.194374555692054 ], [ 79.16027216210162, 15.189442006232561 ] ], [ [ 79.613910090982458, 15.963464887402106 ], [ 79.595021743046416, 15.965354653253527 ], [ 79.586603252013262, 15.966196383885725 ], [ 79.613910090982458, 15.963464887402106 ] ] ], [ [ [ 77.699798397025674, 13.720083312338948 ], [ 77.655443629612677, 13.907741467992302 ], [ 77.664299787900987, 13.911788719507246 ], [ 77.719654347174369, 13.937706273901664 ], [ 77.75231519409256, 13.968169055881567 ], [ 77.760177710094467, 14.011815013815371 ], [ 77.75494688973555, 14.065647394129373 ], [ 77.756051108688581, 14.096464425994064 ], [ 77.784274080450459, 14.121950066258066 ], [ 77.816276685577108, 14.112871026215936 ], [ 77.699798397025674, 13.720083312338948 ] ] ], [ [ [ 79.673989070352746, 12.268631557090171 ], [ 79.634488498096161, 12.28457098394836 ], [ 79.645457854474103, 12.280145254948643 ], [ 79.673989070352746, 12.268631557090171 ] ] ] ] } },
{ "type": "Feature", "properties": { "state_name": "Manipur", "id": 17 }, "geometry": { "type": "Polygon", "coordinates": [ [ [ 93.137210715184935, 24.088223917423473 ], [ 93.053592151809212, 24.115807407730269 ], [ 92.95735504823125, 24.108812716736601 ], [ 92.881871790922958, 24.083270977079625 ], [ 92.818068782664653, 24.065290332679304 ], [ 92.778905424142977, 24.076942716963973 ], [ 92.745979852272583, 24.121860675520512 ], [ 92.715320179938203, 24.204012758463392 ], [ 92.709366662903037, 24.315855613390209 ], [ 92.753894162616163, 24.456334319722455 ], [ 92.768967683024371, 24.570503581200192 ], [ 92.788585049526873, 24.621597066960071 ], [ 92.811501944782435, 24.653524101918681 ], [ 92.8319621527625, 24.699637013519233 ], [ 92.857920575614926, 24.741592341218272 ], [ 92.904822095022894, 24.780947946519895 ], [ 92.938840134901611, 24.851042366764545 ], [ 92.958787084754405, 24.928427192897875 ], [ 93.005540128761979, 24.960784602255764 ], [ 93.045143449921667, 25.036369474146849 ], [ 93.095327291288243, 25.080736590346643 ], [ 93.191678693543309, 25.192096038586229 ], [ 93.219778093452163, 25.209294798207104 ], [ 93.228217696194619, 25.17089594270999 ], [ 93.248930153302723, 25.148589668389576 ], [ 93.378930802643339, 25.183967665466028 ], [ 93.449505057662378, 25.253469768446955 ], [ 93.485095343810556, 25.310118360973799 ], [ 93.512034347999204, 25.400241572586868 ], [ 93.533840019166846, 25.457501718103153 ], [ 93.607901042269674, 25.506728697729837 ], [ 93.685395274499598, 25.497661572911607 ], [ 93.74275810108341, 25.498153069816272 ], [ 93.77425163725124, 25.535555242464568 ], [ 93.823770809372789, 25.57400226479853 ], [ 93.869085675584742, 25.586420512724665 ], [ 93.970401331663794, 25.552036761105985 ], [ 94.009044392099241, 25.554910346557659 ], [ 94.076659174756387, 25.579237582392025 ], [ 94.141245385612009, 25.646617354884366 ], [ 94.199664957184154, 25.691710366889801 ], [ 94.240735619482095, 25.724147879025445 ], [ 94.286975759005983, 25.718944732924374 ], [ 94.314727234663494, 25.626333503794086 ], [ 94.372097704386107, 25.490488388091936 ], [ 94.424033080946955, 25.406141583517105 ], [ 94.476855841104239, 25.327452859357315 ], [ 94.498599063422915, 25.321453235071189 ], [ 94.49745445447212, 25.308057006905987 ], [ 94.497252675122553, 25.305693787752368 ], [ 94.49655225522784, 25.303199689631089 ], [ 94.493778283075656, 25.280410785131838 ], [ 94.492417453347244, 25.269218391655276 ], [ 94.495726052547084, 25.262420945087996 ], [ 94.49621208300465, 25.256136592538102 ], [ 94.499727671582463, 25.254199434931643 ], [ 94.500346987715048, 25.252926995197626 ], [ 94.511042851843627, 25.247963796868866 ], [ 94.514231789991697, 25.246206209768403 ], [ 94.518768673854225, 25.243705543356505 ], [ 94.526948125816034, 25.239168627028793 ], [ 94.530889650756166, 25.237369631303338 ], [ 94.537887214218472, 25.234175479750409 ], [ 94.568426407331771, 25.220230654150935 ], [ 94.572715374267688, 25.218271609204667 ], [ 94.589946204611053, 25.210293834678655 ], [ 94.630611662869086, 25.191456240263044 ], [ 94.633062852422725, 25.187619669904155 ], [ 94.639664407537865, 25.177286438917339 ], [ 94.645766129615367, 25.167734854941717 ], [ 94.655140781934932, 25.153058494063703 ], [ 94.655748012481212, 25.148594625911844 ], [ 94.65908783986896, 25.124052815861994 ], [ 94.65956033638605, 25.120582156272135 ], [ 94.659686047449412, 25.119658818987809 ], [ 94.656154232137013, 25.103823325510064 ], [ 94.650021202824931, 25.076297457755949 ], [ 94.645537399221723, 25.067181678908884 ], [ 94.644193735037163, 25.063212142428576 ], [ 94.642824407298335, 25.059166178416472 ], [ 94.638877357251928, 25.047500346276454 ], [ 94.636609926748946, 25.040796450112342 ], [ 94.629827943796897, 25.031654386915591 ], [ 94.617943121710994, 25.015627047519352 ], [ 94.613737465232603, 25.009953447299623 ], [ 94.595890078084452, 24.98586473301765 ], [ 94.592580102548325, 24.981395128892366 ], [ 94.590681448175488, 24.978830994834958 ], [ 94.578102219900316, 24.961837242681799 ], [ 94.575169222963964, 24.955019296112305 ], [ 94.572859127234196, 24.949648189511183 ], [ 94.558478336808733, 24.916189502542309 ], [ 94.556909721713936, 24.913477011995607 ], [ 94.556702789494167, 24.913119161278388 ], [ 94.543680370457565, 24.890590838360264 ], [ 94.542973516499785, 24.888099642590412 ], [ 94.54221943095321, 24.885441710542288 ], [ 94.536516114202854, 24.865329948246774 ], [ 94.534818456956373, 24.854952242583384 ], [ 94.533423194321429, 24.846418633404031 ], [ 94.530627755391365, 24.841574872672521 ], [ 94.529430091904473, 24.839499401041543 ], [ 94.51864898372942, 24.820810087454564 ], [ 94.507482569664091, 24.814498172570925 ], [ 94.496983330360749, 24.80856148118405 ], [ 94.496890265186877, 24.808484305827168 ], [ 94.481242139986037, 24.795504637351943 ], [ 94.47299302125522, 24.782181705858626 ], [ 94.469208703564846, 24.776067818149976 ], [ 94.460734673026849, 24.762372879394203 ], [ 94.453266479618549, 24.741732782196213 ], [ 94.452060514716251, 24.738398365220387 ], [ 94.449778752254886, 24.732088331115825 ], [ 94.444977140616757, 24.725818572045913 ], [ 94.43317029332465, 24.710396143597944 ], [ 94.426792637497655, 24.702062218936135 ], [ 94.4165456217345, 24.688667272106414 ], [ 94.411425182441704, 24.681971600314384 ], [ 94.4073164203391, 24.676597769215647 ], [ 94.388416399990575, 24.651866302950431 ], [ 94.382736290164999, 24.644429718812464 ], [ 94.355337433473096, 24.614449101788999 ], [ 94.350023182939069, 24.608630549458134 ], [ 94.338998748857421, 24.596556263854147 ], [ 94.333264382258562, 24.590273855163446 ], [ 94.31585070433249, 24.566350792352207 ], [ 94.299279493408548, 24.53816638091314 ], [ 94.296759770140312, 24.533117405658516 ], [ 94.293958690393396, 24.527503665674502 ], [ 94.292855003815347, 24.525291443882239 ], [ 94.287026523226217, 24.513606198586654 ], [ 94.284879696948764, 24.509277834359548 ], [ 94.283883905851539, 24.50726994137322 ], [ 94.283658780432631, 24.506815984593967 ], [ 94.271335404014167, 24.478023831913212 ], [ 94.266986321881248, 24.467855949765049 ], [ 94.252606858564931, 24.443726117090442 ], [ 94.247212396508559, 24.434668957242952 ], [ 94.24028685556803, 24.423037281322149 ], [ 94.236704803778665, 24.415676451805339 ], [ 94.233415562895232, 24.408915749209552 ], [ 94.228253907605819, 24.398303445145146 ], [ 94.216922083338403, 24.386144638026263 ], [ 94.211780391816788, 24.380626055627996 ], [ 94.200800618244486, 24.368837992188251 ], [ 94.193062208560505, 24.350637147832952 ], [ 94.190707876522922, 24.345097492657864 ], [ 94.182291247858231, 24.325284950587147 ], [ 94.179965958834188, 24.319808924727781 ], [ 94.171805671722666, 24.300583493465961 ], [ 94.171184274515781, 24.298758767953402 ], [ 94.167604373173134, 24.288244063716029 ], [ 94.164108482681499, 24.277972218124393 ], [ 94.15791602019037, 24.25976768407681 ], [ 94.146111096266907, 24.225030189076119 ], [ 94.14124521734486, 24.210698909693246 ], [ 94.133723017046691, 24.188529337615826 ], [ 94.130811849020134, 24.183144036598524 ], [ 94.125491430617274, 24.173299506099177 ], [ 94.106867449652199, 24.138814399400193 ], [ 94.087427720838733, 24.102777971053928 ], [ 94.071625645313944, 24.073454079026714 ], [ 94.056273379878903, 24.040297486099611 ], [ 94.026746027849896, 23.976424785347902 ], [ 94.014327980160274, 23.956481032700392 ], [ 94.001498008058064, 23.951221661627347 ], [ 93.977899406501294, 23.95425330029693 ], [ 93.956595724082163, 23.962515504517857 ], [ 93.94013643849253, 23.96908174978056 ], [ 93.931066086470167, 23.972699405572254 ], [ 93.911655864818655, 23.982624614041022 ], [ 93.887778300035009, 23.994829950454445 ], [ 93.826333415196146, 24.016504917069511 ], [ 93.772284495109332, 24.027537692085883 ], [ 93.768342571390619, 24.027417597182399 ], [ 93.72840416607562, 24.026194417828396 ], [ 93.698280221356725, 24.016176316662023 ], [ 93.66662417780357, 24.016029063777051 ], [ 93.66071480498654, 24.01786821575973 ], [ 93.629193734497875, 24.027674244934115 ], [ 93.621936120441759, 24.032235708802467 ], [ 93.61541853090894, 24.036331651871972 ], [ 93.579328996897033, 24.067179207433171 ], [ 93.554777813159831, 24.074422359163048 ], [ 93.519655134615093, 24.0816052754022 ], [ 93.513143753295722, 24.081991869388499 ], [ 93.494233189946073, 24.08311296472235 ], [ 93.477790452471098, 24.084085746038422 ], [ 93.466212231003681, 24.077225812932408 ], [ 93.445819125597708, 24.061770972551912 ], [ 93.426911652254503, 24.046125558723066 ], [ 93.390160591031645, 24.042393572125079 ], [ 93.383667632667382, 24.042914216783988 ], [ 93.369937886901639, 24.044014199743582 ], [ 93.358851755956834, 24.044901442463033 ], [ 93.338029532694406, 24.057185899288484 ], [ 93.320345620654649, 24.06824673017698 ], [ 93.304554857654679, 24.090147102591171 ], [ 93.295244106348648, 24.115153264201073 ], [ 93.290836459748675, 24.136489051357714 ], [ 93.281778694918245, 24.157017161019088 ], [ 93.271916847711779, 24.172101863055151 ], [ 93.258400883302613, 24.188379904026927 ], [ 93.24753455228489, 24.201464793823636 ], [ 93.225289748824153, 24.21436956249152 ], [ 93.192487648961986, 24.209999498117021 ], [ 93.170306571248673, 24.195355469419862 ], [ 93.162103931759702, 24.160649695788869 ], [ 93.162185931257255, 24.140335233491573 ], [ 93.162406335325699, 24.100965688916897 ], [ 93.175541997468287, 24.078839458053146 ], [ 93.137210715184935, 24.088223917423473 ] ] ] } },
{ "type": "Feature", "properties": { "state_name": "Mysore", "id": 18 }, "geometry": { "type": "Polygon", "coordinates": [ [ [ 75.037034965475826, 13.715881429698968 ], [ 75.026776120585879, 13.713514044147603 ], [ 74.976856872462022, 13.705858657423835 ], [ 74.953358879769908, 13.741263154995311 ], [ 74.943559174137206, 13.784324521141619 ], [ 74.943543044430982, 13.851311749759081 ], [ 74.945490218437371, 13.901073899649141 ], [ 74.928828728052721, 13.927864285796526 ], [ 74.882763153429323, 13.965167491295478 ], [ 74.866084263860657, 14.001522808498311 ], [ 74.855278771967619, 14.041708173477343 ], [ 74.82782109570617, 14.057958147331833 ], [ 74.744494494166815, 14.061712136749911 ], [ 74.685611307861294, 14.110445958425368 ], [ 74.657097194275337, 14.163994593945487 ], [ 74.641350268216925, 14.199377453105303 ], [ 74.630518927766715, 14.225197611031025 ], [ 74.551768908124473, 14.268648155344374 ], [ 74.558768080529603, 14.296868406234911 ], [ 74.588088310168175, 14.361511627041205 ], [ 74.645430091088443, 14.411841602526613 ], [ 74.760251255957584, 14.456482125348105 ], [ 74.82800945985889, 14.45510599270577 ], [ 74.851559899323902, 14.480958482981304 ], [ 74.85888927166863, 14.538377189815824 ], [ 74.860297634915923, 14.641722881355363 ], [ 74.948745623176833, 14.663289265634551 ], [ 74.98560440521463, 14.667600488199675 ], [ 74.966428988410243, 14.722141267696015 ], [ 74.966423050681087, 14.760895176028662 ], [ 75.025424446833924, 14.766637525959172 ], [ 75.128695227901829, 14.795309520349441 ], [ 75.170006571097957, 14.801024035963978 ], [ 75.199485979838045, 14.772294071441792 ], [ 75.261295953803796, 14.651665463532694 ], [ 75.278934601310823, 14.610020447078838 ], [ 75.392334562639675, 14.555315114196622 ], [ 75.440727989403044, 14.436097184956463 ], [ 75.52308781202224, 14.385692753761454 ], [ 75.554023608634623, 14.391363586878281 ], [ 75.557114792320675, 14.450204021844934 ], [ 75.595501286680047, 14.484557221309906 ], [ 75.63821265150851, 14.481574588072005 ], [ 75.688322399538663, 14.514843884081124 ], [ 75.68987616172349, 14.515875132549164 ], [ 75.720959084227488, 14.560274595941641 ], [ 75.719643992105262, 14.60907714406261 ], [ 75.715562463983744, 14.713862352809009 ], [ 75.696776258673438, 14.769288216426467 ], [ 75.733742758666153, 14.781343867818936 ], [ 75.785404765427998, 14.791220286870738 ], [ 75.838369801394194, 14.755154058994073 ], [ 75.860250021002656, 14.69336047757108 ], [ 75.880759433130677, 14.660274181843185 ], [ 75.941144624330093, 14.64712106992496 ], [ 76.000145316922996, 14.655485869460346 ], [ 76.016486046315819, 14.682682705191359 ], [ 76.016592219621828, 14.705644446165149 ], [ 76.005007322318249, 14.751619373617659 ], [ 76.005192048246528, 14.791802293998023 ], [ 76.046594986583287, 14.813144823190653 ], [ 76.112836082063254, 14.785639425362238 ], [ 76.157843147662788, 14.789723151851771 ], [ 76.163796338444058, 14.799738641849656 ], [ 76.199464123815716, 14.848347328071585 ], [ 76.234976716877838, 14.866814558998449 ], [ 76.28643225851205, 14.835679475313921 ], [ 76.310651202204426, 14.81545286157562 ], [ 76.36003178935016, 14.810144131964154 ], [ 76.37623335027736, 14.806460507966905 ], [ 76.406315994097653, 14.782602263019273 ], [ 76.44333490727945, 14.693407918160309 ], [ 76.485860382953845, 14.66013643418863 ], [ 76.518922724407261, 14.645573794110563 ], [ 76.548502789442253, 14.660445080566614 ], [ 76.553070934429783, 14.681220312870765 ], [ 76.548129432183885, 14.712103152305364 ], [ 76.546069887642801, 14.733640018038093 ], [ 76.55143829902066, 14.763018891791443 ], [ 76.573653608864205, 14.77649972666336 ], [ 76.630407426523135, 14.773953588917973 ], [ 76.656319874076971, 14.788117124423639 ], [ 76.663889735793987, 14.813888914127769 ], [ 76.669243811879028, 14.838958934054837 ], [ 76.662919635874204, 14.879896190036764 ], [ 76.644751824617742, 14.915897048797884 ], [ 76.655299706999841, 14.944516673016961 ], [ 76.672469715038361, 14.970217474245755 ], [ 76.675638996872266, 14.998172124165153 ], [ 76.655823403813415, 15.012664825661751 ], [ 76.636180117057719, 15.050111326373177 ], [ 76.668962230338337, 15.088611167655575 ], [ 76.746929580902034, 15.142541901101975 ], [ 76.811346066273259, 15.162119384662196 ], [ 76.83789505274099, 15.157600628180761 ], [ 76.861344513529559, 15.136606307809931 ], [ 76.867013088976776, 15.109301735438416 ], [ 76.844535725919826, 15.071468220340583 ], [ 76.855837602609569, 15.012555869441165 ], [ 76.858485916494516, 14.977385564447404 ], [ 76.856800188914079, 14.953010339078173 ], [ 76.838922553508411, 14.933069791424677 ], [ 76.817408215662127, 14.918895081674366 ], [ 76.790644196797473, 14.893998908924505 ], [ 76.775469766431499, 14.842467352720497 ], [ 76.768460183217144, 14.796610273489406 ], [ 76.774909085985286, 14.773605159930804 ], [ 76.788716315972223, 14.749108429013109 ], [ 76.837208345240626, 14.730077268988115 ], [ 76.854636169252245, 14.699092781069556 ], [ 76.864051805537258, 14.679649237756136 ], [ 76.884535933183116, 14.662267983904313 ], [ 76.899512115566012, 14.668037167519662 ], [ 76.905950038362576, 14.622610738156066 ], [ 76.890996416248413, 14.596908707904202 ], [ 76.840582163108721, 14.557857535894547 ], [ 76.820468707979501, 14.530037930041713 ], [ 76.837727121500137, 14.479688406864366 ], [ 76.848925184871476, 14.409299917720256 ], [ 76.956364705082834, 14.407716959121705 ], [ 76.967266719543787, 14.408791640222121 ], [ 77.016765612624951, 14.413664510889427 ], [ 77.039845955756562, 14.442874817305688 ], [ 77.069557124792368, 14.472023802187032 ], [ 77.140313729060992, 14.481431903683864 ], [ 77.200443263654776, 14.457925775555681 ], [ 77.23671749706115, 14.405228133592249 ], [ 77.264451972503792, 14.382730886722223 ], [ 77.296879904901559, 14.388155600053858 ], [ 77.302993376770047, 14.410328541474335 ], [ 77.305569656681769, 14.44616199880414 ], [ 77.318391706496428, 14.476157063530337 ], [ 77.36926286691471, 14.484255600538852 ], [ 77.39530328087875, 14.441680942321902 ], [ 77.402935686548332, 14.39857552574963 ], [ 77.42352794328896, 14.329521516239877 ], [ 77.418670153484328, 14.28797774397971 ], [ 77.39570920136552, 14.272433007393097 ], [ 77.361745453149354, 14.259146294827946 ], [ 77.327027780810923, 14.24370998284984 ], [ 77.29735883870886, 14.218178804068991 ], [ 77.306624772073732, 14.189402240760506 ], [ 77.327472393501864, 14.143301275398114 ], [ 77.342618276757605, 14.115184365557283 ], [ 77.328970305716169, 14.07372052353298 ], [ 77.268636323755459, 14.064971758230037 ], [ 77.196247325839792, 14.10150309074311 ], [ 77.165016622585654, 14.140517295310968 ], [ 77.138065163077471, 14.166579976633747 ], [ 77.107160240676166, 14.163267165896013 ], [ 77.038212192826734, 14.180360777999216 ], [ 77.017058373623925, 14.199189709087056 ], [ 76.990791797320682, 14.222363690652349 ], [ 76.969864380901612, 14.229635468077143 ], [ 76.935803373606674, 14.241466134141154 ], [ 76.898980463020095, 14.235305820400868 ], [ 76.864141573709446, 14.201864395276681 ], [ 76.874022918885046, 14.151572058963117 ], [ 76.873987839803974, 14.147292364455012 ], [ 76.87361794372292, 14.102077229821326 ], [ 76.865277174731972, 14.070577807071039 ], [ 76.881762658753559, 14.019517020761899 ], [ 76.912831738423023, 13.956146337378524 ], [ 76.958878534835307, 13.929238156682542 ], [ 77.004876841268043, 13.898018970520033 ], [ 77.045867946441845, 13.883332650532237 ], [ 77.060913284880684, 13.9240924262714 ], [ 77.10877215603513, 13.938028549879919 ], [ 77.140883704852058, 13.916230202880902 ], [ 77.173850262017837, 13.908048644633217 ], [ 77.221105133016067, 13.93559504252257 ], [ 77.262530722396292, 13.966771041675861 ], [ 77.295589655102546, 13.967895321376327 ], [ 77.341677341366051, 13.950243133579608 ], [ 77.338292925791251, 13.905810394235266 ], [ 77.303251287030108, 13.851636559541348 ], [ 77.311718615438423, 13.81713119886966 ], [ 77.340649867946041, 13.774542840012607 ], [ 77.379534934545703, 13.77416986835936 ], [ 77.38650310957658, 13.782684184590233 ], [ 77.40108244179595, 13.800495472408251 ], [ 77.428550078915904, 13.831062699253062 ], [ 77.474772369454598, 13.829883267912336 ], [ 77.542802958786027, 13.809825582843125 ], [ 77.566367196825937, 13.817468202212162 ], [ 77.597420888358513, 13.83865325820385 ], [ 77.617593420001384, 13.870705840969077 ], [ 77.64437733140177, 13.902684185732786 ], [ 77.664299787900987, 13.911788719507246 ], [ 77.719654347174369, 13.937706273901664 ], [ 77.75231519409256, 13.968169055881567 ], [ 77.760177710094467, 14.011815013815371 ], [ 77.75494688973555, 14.065647394129373 ], [ 77.756051108688581, 14.096464425994064 ], [ 77.784274080450459, 14.121950066258066 ], [ 77.823805665351117, 14.110735077952535 ], [ 77.856285618208844, 14.064469220619857 ], [ 77.945481836687222, 14.033288689839525 ], [ 77.962228952984177, 14.022331261607521 ], [ 77.988127778070421, 13.981152798849251 ], [ 78.01866368648929, 13.958553192386942 ], [ 78.04475799205791, 13.927044233181306 ], [ 78.023831054228395, 13.86676315810994 ], [ 78.001454450248303, 13.800133677228628 ], [ 78.018318867630271, 13.742580182571031 ], [ 78.045345078232401, 13.715486465382725 ], [ 78.080732012627436, 13.730339243347551 ], [ 78.130928718087972, 13.82909891558165 ], [ 78.167853014719881, 13.81142255117382 ], [ 78.235501388783817, 13.753203590082839 ], [ 78.217151593605152, 13.698017973042218 ], [ 78.218016234114742, 13.617734336608015 ], [ 78.246514960737741, 13.558116313276223 ], [ 78.30072852378207, 13.523004989480603 ], [ 78.351233175249277, 13.503223108342418 ], [ 78.445863062088705, 13.429326021912733 ], [ 78.470713984460602, 13.392678826804353 ], [ 78.460465474260971, 13.358424224099688 ], [ 78.43426313842032, 13.299543285750305 ], [ 78.355704449773668, 13.262372352387208 ], [ 78.350836320864744, 13.191727130991067 ], [ 78.351462065919762, 13.094254376412827 ], [ 78.346516037505111, 13.07235561210816 ], [ 78.307788372457253, 13.069208222888529 ], [ 78.269703189348604, 13.063959720525373 ], [ 78.219010063380665, 13.063640863890196 ], [ 78.166986817839827, 13.035613054232254 ], [ 78.138181748344394, 12.992956369518643 ], [ 78.12692498685162, 12.950084123078849 ], [ 78.129523576473929, 12.943165403705006 ], [ 78.086179850082061, 12.933877076422426 ], [ 78.034773613774902, 12.953596744517926 ], [ 77.935818210468824, 12.992011011622324 ], [ 77.845217164898216, 12.996843415816388 ], [ 77.845792890215208, 13.01770203297019 ], [ 77.827450597373215, 13.019435080593652 ], [ 77.775042791417889, 13.041033666547456 ], [ 77.743833067739502, 13.0404104434188 ], [ 77.689763904392365, 12.999867159413924 ], [ 77.655795643975182, 13.014558342178519 ], [ 77.633943005155515, 12.976536928237985 ], [ 77.635460056830169, 12.935408849049219 ], [ 77.63280023662918, 12.867551593996154 ], [ 77.547696396273466, 12.83588287880344 ], [ 77.510244367889044, 12.793214363815142 ], [ 77.496988277335774, 12.733098810321604 ], [ 77.487191495693295, 12.62704999566234 ], [ 77.503807353323907, 12.533184903752646 ], [ 77.465388006840456, 12.484771568140159 ], [ 77.372690033318108, 12.457870422189718 ], [ 77.330808973460648, 12.472931726727735 ], [ 77.320513238790042, 12.4589533067928 ], [ 77.277961117633865, 12.461706468518898 ], [ 77.184345106321103, 12.468457608675493 ], [ 77.12962060501755, 12.471286068271057 ], [ 77.090574882064288, 12.457244167893842 ], [ 77.069543406104557, 12.41316828285175 ], [ 77.059634115674726, 12.390526865785716 ], [ 77.012245589410838, 12.396860489735234 ], [ 76.957769781968068, 12.431934027098794 ], [ 76.909099676824141, 12.431085939144946 ], [ 76.866400577367358, 12.414643185170338 ], [ 76.841768141590862, 12.371764025872288 ], [ 76.860924844543973, 12.328586254391483 ], [ 76.911697710021485, 12.286384618957172 ], [ 76.979856935529227, 12.295465564177622 ], [ 77.032129233879004, 12.293886518115828 ], [ 77.060936779722269, 12.245845572731717 ], [ 77.060695872084096, 12.214760785198441 ], [ 77.048320954333278, 12.186157598830077 ], [ 77.010223380548524, 12.13024105303025 ], [ 77.013635538535084, 12.099128612734384 ], [ 77.047480927125292, 12.076163591154389 ], [ 77.066688918590501, 12.04613036452416 ], [ 77.057877013227753, 12.005543257261502 ], [ 77.039372068299031, 11.967417323402026 ], [ 76.991977121230832, 11.962975055463914 ], [ 76.930179697691329, 11.982538825770192 ], [ 76.862199839526895, 11.987782007190743 ], [ 76.836621154774008, 11.977188668504109 ], [ 76.803622478600658, 11.946311472475703 ], [ 76.809472478808473, 11.912790797601787 ], [ 76.810449406511992, 11.876909745272878 ], [ 76.811439715866413, 11.864779155811672 ], [ 76.795382192283114, 11.848833946222047 ], [ 76.763167101010168, 11.823205801665479 ], [ 76.712507933137374, 11.797684809094076 ], [ 76.637707064722562, 11.793341715549259 ], [ 76.584688238703578, 11.861572527780224 ], [ 76.551884553595997, 11.900982270362276 ], [ 76.502348224652224, 11.903164073260152 ], [ 76.430469159634541, 11.906408317702951 ], [ 76.365795198865783, 11.990931562764834 ], [ 76.330914661748025, 12.013107177587248 ], [ 76.263828569160978, 12.009590959899382 ], [ 76.17630940649947, 12.001360592572814 ], [ 76.064661919502655, 12.036257459937755 ], [ 76.015178037120052, 12.062279544498399 ], [ 75.989190337812815, 12.134144745741668 ], [ 75.966942663426281, 12.16771684229696 ], [ 75.919444724038755, 12.251603956995881 ], [ 75.982798210669131, 12.258032857787653 ], [ 76.073992204838731, 12.251949506571545 ], [ 76.098802268547772, 12.251851310693583 ], [ 76.122332006502234, 12.294099232661841 ], [ 76.078930558546276, 12.389008394471656 ], [ 76.065594805059519, 12.520397065554645 ], [ 76.06233155683887, 12.615143484358816 ], [ 76.030973322009231, 12.631055369775266 ], [ 75.974009987858864, 12.641317123473138 ], [ 75.955294769864111, 12.718178083112697 ], [ 75.944427337661068, 12.744771671094842 ], [ 75.950310874924725, 12.768596865735644 ], [ 75.923745400067531, 12.77501780748586 ], [ 75.924929645295052, 12.832429095003981 ], [ 75.938856118488005, 12.906062244732638 ], [ 75.94189005558556, 12.934758676937287 ], [ 75.923414142741791, 12.951092259443564 ], [ 75.885431857197574, 12.97036250714957 ], [ 75.854244648059819, 12.980992947099658 ], [ 75.866273116711199, 13.072817659491269 ], [ 75.829321028311568, 13.115043620843915 ], [ 75.789307755178982, 13.119953990515869 ], [ 75.728738231184863, 13.107692239185297 ], [ 75.715781741867445, 13.015861277344319 ], [ 75.697012297166893, 12.934570741793451 ], [ 75.6402917771766, 12.882082437843717 ], [ 75.584691841298209, 12.882212446129659 ], [ 75.53407623597198, 12.933041106648581 ], [ 75.520158782657077, 12.949605162057722 ], [ 75.546340120581561, 12.969490880883194 ], [ 75.568404139148853, 13.017292668606343 ], [ 75.569755553987349, 13.074708300459736 ], [ 75.547971178547058, 13.156098275826052 ], [ 75.579815036275477, 13.20148422433217 ], [ 75.603143848743372, 13.255259224816447 ], [ 75.601007093093301, 13.261975572241528 ], [ 75.589812422107855, 13.297157249548023 ], [ 75.537268036672216, 13.285311631236279 ], [ 75.482278769633339, 13.269870965532062 ], [ 75.407805330379546, 13.28315950971202 ], [ 75.378527277137565, 13.304736821435789 ], [ 75.362730821470549, 13.359786247735853 ], [ 75.332199754192018, 13.368201723956336 ], [ 75.2857423582076, 13.34194133313507 ], [ 75.255183030464906, 13.324030377729638 ], [ 75.200237621902275, 13.35278943075348 ], [ 75.178305468854305, 13.431757436584377 ], [ 75.160017955765426, 13.497562410268754 ], [ 75.138025460222636, 13.516715121420772 ], [ 75.129496324837319, 13.569353568401668 ], [ 75.140530280385761, 13.618392599911683 ], [ 75.103853834794592, 13.651904688857712 ], [ 75.042700437869328, 13.691397834286136 ], [ 75.037034965475826, 13.715881429698968 ] ] ] } },
{ "type": "Feature", "properties": { "state_name": "Naga tribes", "id": 19 }, "geometry": { "type": "Polygon", "coordinates": [ [ [ 94.739656971259919, 25.626804625025343 ], [ 94.697808271938001, 25.656869931891769 ], [ 94.672645723080251, 25.688043217380276 ], [ 94.667143758444027, 25.715304657031727 ], [ 94.673124724765259, 25.783519961704428 ], [ 94.672562840093974, 25.813546638865333 ], [ 94.653251231025337, 25.838155218848598 ], [ 94.639802291611716, 25.856178720042283 ], [ 94.583923349960685, 25.849636741448517 ], [ 94.541858480149827, 25.838250835366097 ], [ 94.490944704192145, 25.830964501240686 ], [ 94.436866488788667, 25.827553250240658 ], [ 94.380849701888067, 25.850330720339414 ], [ 94.328046299331689, 25.88475794015201 ], [ 94.29477849142269, 25.89916974835112 ], [ 94.267695796233951, 25.901184301432501 ], [ 94.237534016060621, 25.907656418444173 ], [ 94.194736229460744, 25.986838898894593 ], [ 94.173839126093043, 26.037045174410963 ], [ 94.155436738729662, 26.045354788968009 ], [ 94.145196126299794, 26.090636695096752 ], [ 94.150244270678968, 26.135544814825575 ], [ 94.175018643469784, 26.191001131228468 ], [ 94.227299428084265, 26.246086149402974 ], [ 94.257029105134549, 26.255220842565226 ], [ 94.295594584357048, 26.289659426349488 ], [ 94.316900096496482, 26.316687334170258 ], [ 94.339095644461693, 26.348777446089453 ], [ 94.351145306391516, 26.377670472707958 ], [ 94.355601024897965, 26.407053181350204 ], [ 94.343168238005603, 26.438814769657405 ], [ 94.3214586727441, 26.461494957124081 ], [ 94.314689903437696, 26.470528628633581 ], [ 94.351433704293783, 26.512107739531768 ], [ 94.4084772381444, 26.559449578439601 ], [ 94.429864765399415, 26.578923691335426 ], [ 94.463008862634723, 26.624996159591767 ], [ 94.499612607555505, 26.635934961080451 ], [ 94.57377817828953, 26.655902814173238 ], [ 94.601596809871097, 26.671523466694058 ], [ 94.628699795601989, 26.701081820294121 ], [ 94.64749087221648, 26.712794349060392 ], [ 94.695057445727784, 26.77744205666183 ], [ 94.731049730628428, 26.834510764265133 ], [ 94.747715555312979, 26.883994495818531 ], [ 94.745678786460616, 26.918898307547352 ], [ 94.733430295591873, 26.949041523545048 ], [ 94.762528191254901, 26.960642542707035 ], [ 94.884513545182074, 27.029260062826594 ], [ 94.943969953697717, 27.072377762922244 ], [ 94.976512556222119, 27.115986817675839 ], [ 95.010352841984641, 27.138633265028975 ], [ 95.049222225531622, 27.146681577727495 ], [ 95.09332095891402, 27.168918431403434 ], [ 95.140758443055006, 27.17449647639171 ], [ 95.170453991740786, 27.195395356096355 ], [ 95.231357775685566, 27.244997441330487 ], [ 95.246627929125751, 27.250758194741341 ], [ 95.297625745897633, 27.254566491932387 ], [ 95.356368879471873, 27.265237080788154 ], [ 95.414466733420355, 27.272517107102964 ], [ 95.484860549727742, 27.276732007587874 ], [ 95.547644492495778, 27.286982266690913 ], [ 95.593487046370129, 27.246786764247929 ], [ 95.627507241117797, 27.188159219439537 ], [ 95.697393273395775, 27.112974316880162 ], [ 95.714901614205431, 27.032995508659425 ], [ 95.720912237859537, 26.999180633485469 ], [ 95.718139550425548, 26.997707056368757 ], [ 95.71445982927618, 26.995063473715593 ], [ 95.638745744141715, 26.940597918965331 ], [ 95.577538426182443, 26.896428151343553 ], [ 95.554581313172037, 26.879838438730701 ], [ 95.497147756941928, 26.836616662182067 ], [ 95.365138085228594, 26.736960210436983 ], [ 95.301030812075794, 26.708044407427959 ], [ 95.284269129994371, 26.7061724864441 ], [ 95.246279584506638, 26.708697642983751 ], [ 95.21634691622539, 26.704864173753592 ], [ 95.194817451754446, 26.698889719841599 ], [ 95.16997055940486, 26.699179305095033 ], [ 95.127258730331633, 26.682729632455583 ], [ 95.090391364649832, 26.647243588563434 ], [ 95.070879369833733, 26.618751102357276 ], [ 95.062606784317424, 26.606662546968227 ], [ 95.046278926941582, 26.562426430546136 ], [ 95.039457369327934, 26.523876958345692 ], [ 95.040404558876546, 26.430068799545371 ], [ 95.040397947068897, 26.426993166732114 ], [ 95.040370282852578, 26.413815256168949 ], [ 95.040335750190678, 26.396591434251956 ], [ 95.040070543446078, 26.395119421588046 ], [ 95.038253607225826, 26.359461863587047 ], [ 95.040236925180182, 26.341047164214675 ], [ 95.040194612580805, 26.313223719225203 ], [ 95.04496339835292, 26.295909731373552 ], [ 95.045343646754546, 26.291870339033331 ], [ 95.047167200394924, 26.272509484820134 ], [ 95.049849612040219, 26.240490246651181 ], [ 95.050096183028785, 26.237549866428921 ], [ 95.051954084662327, 26.23256768492163 ], [ 95.06044414204834, 26.209800349778888 ], [ 95.079694328461031, 26.189043426226196 ], [ 95.099901149242896, 26.173671104783896 ], [ 95.119950658679528, 26.159261713479051 ], [ 95.120982945008464, 26.131591655273841 ], [ 95.107200026098823, 26.09807061264733 ], [ 95.084707168133917, 26.060497566363356 ], [ 95.080863632595879, 26.054072332935881 ], [ 95.027079031917879, 26.005537576874854 ], [ 94.993084676631312, 25.988244610005033 ], [ 94.979047525014508, 25.984037013787713 ], [ 94.970172191540811, 25.977028606674921 ], [ 94.966072682848406, 25.962426700297176 ], [ 94.967539527338118, 25.956086568169653 ], [ 94.966278318370556, 25.952726498253419 ], [ 94.966837122350114, 25.93391728337604 ], [ 94.967727664586377, 25.904079176956376 ], [ 94.968742327894461, 25.87028480768214 ], [ 94.967337069062594, 25.85261569512571 ], [ 94.965664659925736, 25.831548527748673 ], [ 94.951831055928494, 25.790045142166431 ], [ 94.944548451321111, 25.780153268455766 ], [ 94.911666872085576, 25.756168594032154 ], [ 94.890043899835277, 25.743075919251549 ], [ 94.855886308875014, 25.725464919169301 ], [ 94.847661276886029, 25.716543523072396 ], [ 94.844701638809184, 25.713332619932299 ], [ 94.842020094310598, 25.711438492853983 ], [ 94.841310090395822, 25.710936950150103 ], [ 94.834527596129249, 25.70559563978173 ], [ 94.828122830988207, 25.70055071913654 ], [ 94.820480750286379, 25.694529817536459 ], [ 94.813077984359566, 25.68869604213393 ], [ 94.791504693616403, 25.669647637881809 ], [ 94.775427272893154, 25.647054631432951 ], [ 94.773813393435873, 25.641944228272497 ], [ 94.773530805146493, 25.64104929741772 ], [ 94.770052901405904, 25.630032521246186 ], [ 94.768119029416567, 25.623904630835622 ], [ 94.765377437235983, 25.615214775510196 ], [ 94.763795076873137, 25.610197913849973 ], [ 94.762483979501823, 25.606040340280579 ], [ 94.760807325278833, 25.607073656076668 ], [ 94.739656971259919, 25.626804625025343 ] ] ] } },
{ "type": "Feature", "properties": { "state_name": "Nepal", "id": 20 }, "geometry": { "type": "Polygon", "coordinates": [ [ [ 88.041869701457912, 27.853496299703401 ], [ 88.049140567916695, 27.85283142560731 ], [ 88.068346986116168, 27.851073234999379 ], [ 88.123639206867992, 27.85166506646712 ], [ 88.124367435364931, 27.85264931967701 ], [ 88.14031837756454, 27.850474181755228 ], [ 88.151313685155912, 27.848973576127218 ], [ 88.167042515156467, 27.848785085220513 ], [ 88.166270047041763, 27.84128681733231 ], [ 88.165450214137081, 27.841237013770836 ], [ 88.164661515465724, 27.837222688455668 ], [ 88.153768701003543, 27.781713969450355 ], [ 88.138714623224871, 27.719163077589155 ], [ 88.118468989908607, 27.657108919949891 ], [ 88.079976460972972, 27.583620929240183 ], [ 88.032278410901498, 27.485572680468419 ], [ 88.00579889255657, 27.405249348410941 ], [ 88.014855719924938, 27.357321912541771 ], [ 88.000276711759611, 27.314460305065516 ], [ 87.972501822705468, 27.275665067568703 ], [ 87.952812905257559, 27.189029695563665 ], [ 87.96449852241129, 27.118272355941166 ], [ 88.022425301323736, 27.056349626469725 ], [ 88.08073410859177, 27.01602666434632 ], [ 88.105640358100516, 26.942159466049894 ], [ 88.131845766896518, 26.879466244273935 ], [ 88.143189547692813, 26.815361531972176 ], [ 88.137042880797352, 26.700233437064416 ], [ 88.095534432044303, 26.604417606435984 ], [ 88.02427122443639, 26.494408247979305 ], [ 88.031852969260413, 26.492426304132458 ], [ 87.996229952329969, 26.463113410389855 ], [ 87.971560097269418, 26.430111100584078 ], [ 87.938019747700068, 26.410855637299953 ], [ 87.886723326990676, 26.430860042142882 ], [ 87.877478879296305, 26.464646897975953 ], [ 87.854153806223053, 26.512667805351217 ], [ 87.808566460759266, 26.502719343488746 ], [ 87.750035333023263, 26.493929585742922 ], [ 87.706266431740403, 26.488483864158194 ], [ 87.654723332455532, 26.460182685495003 ], [ 87.585453978482747, 26.448746280314531 ], [ 87.512924364953477, 26.455221186555647 ], [ 87.453073070525704, 26.458180835750333 ], [ 87.356344792053335, 26.434914403634064 ], [ 87.238345210313184, 26.420486402117007 ], [ 87.138502015654524, 26.429129117600603 ], [ 87.084952716690324, 26.454948927620261 ], [ 87.070570015951432, 26.52925675503386 ], [ 87.061882485783997, 26.607795364568133 ], [ 87.028593304677173, 26.615370986480105 ], [ 86.994990412835008, 26.582884863869225 ], [ 86.984109091090517, 26.554342988700952 ], [ 86.958456676235556, 26.522341528987727 ], [ 86.902017669011542, 26.496477663980972 ], [ 86.839710672824864, 26.47697350084654 ], [ 86.791855623659984, 26.470377458123426 ], [ 86.697821904777612, 26.473504307214235 ], [ 86.620669050860755, 26.488151422295758 ], [ 86.426464815796677, 26.59138846000344 ], [ 86.378610389609719, 26.624783722502233 ], [ 86.343784604293148, 26.631144339471664 ], [ 86.301150929235831, 26.625139071314326 ], [ 86.165125828631986, 26.631300133439428 ], [ 86.023895033869252, 26.679080345295183 ], [ 85.930830477353624, 26.668640582328621 ], [ 85.895105633470138, 26.625336583494001 ], [ 85.869075028934759, 26.614354584869325 ], [ 85.807288734034827, 26.614391743246657 ], [ 85.74524134834185, 26.653424247639435 ], [ 85.735991183943014, 26.708502448826479 ], [ 85.721989514607117, 26.782859655532636 ], [ 85.660381331608775, 26.82775949149066 ], [ 85.597170122984366, 26.856210786827351 ], [ 85.517425479108624, 26.863416745207289 ], [ 85.47486063066421, 26.816942636173909 ], [ 85.450320462574084, 26.793941136399805 ], [ 85.334726214187526, 26.769397788576331 ], [ 85.237492015773938, 26.787181809885482 ], [ 85.147800135698873, 26.859973381060982 ], [ 85.054406198153359, 26.892755511951542 ], [ 84.998834333958001, 26.935803217148226 ], [ 84.938651909076157, 26.972062493049393 ], [ 84.847349523960872, 26.985639117804528 ], [ 84.674043380447984, 27.04513867046154 ], [ 84.638355340885241, 27.091437811169673 ], [ 84.648001124030102, 27.141703035376199 ], [ 84.668452556770333, 27.239778596512224 ], [ 84.658894190133438, 27.29730166555926 ], [ 84.563408497318775, 27.35842543434222 ], [ 84.442439474414499, 27.371476098437142 ], [ 84.35857251806982, 27.384287179187886 ], [ 84.23036098783335, 27.407129124588295 ], [ 84.168776550126537, 27.449164312610112 ], [ 84.109788643579819, 27.458995749566402 ], [ 84.032201698900707, 27.436818561838603 ], [ 83.991577298653766, 27.42760900905914 ], [ 83.918016034298219, 27.438304149734819 ], [ 83.874365403232588, 27.424508374217915 ], [ 83.865284549947376, 27.394252327287457 ], [ 83.884622443118317, 27.353872381652643 ], [ 83.875550583855116, 27.323616371386613 ], [ 83.81382247242685, 27.348906029705066 ], [ 83.732104266505729, 27.407465399817557 ], [ 83.59389375858305, 27.493247174660283 ], [ 83.508084910665929, 27.502119929536558 ], [ 83.377501853457204, 27.482801748293689 ], [ 83.380120054457436, 27.394806825180193 ], [ 83.355274046403707, 27.347640669358089 ], [ 83.331264589659412, 27.328905537146827 ], [ 83.301629332136898, 27.3413657988952 ], [ 83.227853725225998, 27.403935884002472 ], [ 83.162119968286618, 27.46837999896578 ], [ 83.082675872882589, 27.474233059264495 ], [ 83.02843626733349, 27.460766100610769 ], [ 82.905921580990764, 27.49751536636931 ], [ 82.780714104924968, 27.516497796238401 ], [ 82.737588252454259, 27.547432189464118 ], [ 82.73097209473012, 27.604830749255179 ], [ 82.720379101806031, 27.681463200371802 ], [ 82.691235160146135, 27.741314440984912 ], [ 82.647170407112867, 27.74139565624014 ], [ 82.584581081102527, 27.705646893885223 ], [ 82.513208782637406, 27.677473192639479 ], [ 82.388525111098687, 27.709178492112514 ], [ 82.232666406340783, 27.795920528978542 ], [ 82.123842018339872, 27.869380581249189 ], [ 81.982706553082465, 27.921827567732496 ], [ 81.937068865227786, 27.899169250642096 ], [ 81.896761250066703, 27.854816520547221 ], [ 81.842889390824666, 27.870596018321454 ], [ 81.764898344675416, 27.907769784028904 ], [ 81.667836354796023, 27.962490227932388 ], [ 81.45779753938551, 28.124870150603087 ], [ 81.412520405122336, 28.175796443075512 ], [ 81.376780655163742, 28.162001253465501 ], [ 81.325758461131713, 28.139383523750311 ], [ 81.292322344486379, 28.18734693148793 ], [ 81.258892577068025, 28.281724867341126 ], [ 81.190063641940284, 28.34677120814537 ], [ 81.100733424919909, 28.407953209083022 ], [ 80.990396646189225, 28.433109002966489 ], [ 80.830452606369064, 28.463894187009657 ], [ 80.724760314658639, 28.502934505582722 ], [ 80.60994657251014, 28.625648894526694 ], [ 80.530439950216675, 28.653940024417011 ], [ 80.506266509192727, 28.604900356020075 ], [ 80.504298359429427, 28.59306915883856 ], [ 80.497902439277766, 28.548065957341837 ], [ 80.378480920399497, 28.613618600512652 ], [ 80.305908737514059, 28.673671205062817 ], [ 80.236807067937818, 28.696623335315671 ], [ 80.185089915640276, 28.716492376646613 ], [ 80.077979573418062, 28.793252913931269 ], [ 80.043935785007832, 28.844579611821921 ], [ 80.071030516797009, 28.900756753109047 ], [ 80.101280549756638, 28.937741145358086 ], [ 80.146370842496083, 28.972956724635381 ], [ 80.179257009887451, 29.00743498268417 ], [ 80.225485671249686, 29.064020179609869 ], [ 80.276757794018735, 29.112046253881587 ], [ 80.292853025409116, 29.187656314649377 ], [ 80.239412009020924, 29.337497543137982 ], [ 80.237217317075121, 29.400727915991475 ], [ 80.302582503907303, 29.454128610407359 ], [ 80.361198704747565, 29.481556022963005 ], [ 80.416225400681242, 29.568661850078474 ], [ 80.406252008196788, 29.636969034763375 ], [ 80.410399039094187, 29.714228449775359 ], [ 80.438455174018941, 29.753576025856866 ], [ 80.518071411303666, 29.836029071885179 ], [ 80.581326172356569, 29.8679032432692 ], [ 80.670525663374733, 29.898626856129511 ], [ 80.720017170486997, 29.927446436675037 ], [ 80.836314752413827, 30.068797547724927 ], [ 80.906527472996331, 30.144237072035668 ], [ 80.954769501779083, 30.171816003942194 ], [ 81.010216255768825, 30.156737656518601 ], [ 81.045410517574965, 30.154635581060969 ], [ 81.042372336151146, 30.134321298651802 ], [ 81.041461666698297, 30.11160781411731 ], [ 81.040156007228688, 30.078982975721697 ], [ 81.065378248413779, 30.031180382267546 ], [ 81.076159691953606, 30.023655721318299 ], [ 81.087331873278288, 30.01585639680729 ], [ 81.100623979187262, 30.006574553964214 ], [ 81.112553038077237, 30.003306663006551 ], [ 81.197567100136041, 29.979981486082448 ], [ 81.232823778735977, 29.982451600090851 ], [ 81.239005644036936, 29.997351467378909 ], [ 81.239537294534742, 29.998632602837827 ], [ 81.247563436284835, 29.997957638618281 ], [ 81.267699971467124, 30.002803248187128 ], [ 81.277143985353803, 30.011949976642462 ], [ 81.28451691853931, 30.03841120546565 ], [ 81.285718849324326, 30.041446109204937 ], [ 81.289347596874364, 30.050607278660518 ], [ 81.291220761193571, 30.055335402249248 ], [ 81.292171073430723, 30.068689513123676 ], [ 81.292297600623925, 30.085908762341255 ], [ 81.292427670167569, 30.087730965908179 ], [ 81.293251161466827, 30.099263991351947 ], [ 81.293643897708137, 30.104758477695793 ], [ 81.30347786988618, 30.112493804106794 ], [ 81.3141528934229, 30.120888247126487 ], [ 81.318569604062745, 30.122971919269187 ], [ 81.35716512323836, 30.141169251016041 ], [ 81.358856991653596, 30.142918453410722 ], [ 81.377520807257085, 30.162208450944174 ], [ 81.37776591964942, 30.16272995872551 ], [ 81.379389534137488, 30.163757107270914 ], [ 81.402500600364689, 30.178372939434983 ], [ 81.414112994256897, 30.185713330381887 ], [ 81.423748844869749, 30.19676422518123 ], [ 81.426721767262634, 30.21286492221541 ], [ 81.427430792513988, 30.216703639728195 ], [ 81.428827983814216, 30.222511177533971 ], [ 81.432217117382393, 30.236594266036938 ], [ 81.433636842733947, 30.25565649172453 ], [ 81.433709852982858, 30.256636318225258 ], [ 81.434971627595786, 30.267644312853285 ], [ 81.436146554026166, 30.277890506418935 ], [ 81.436877817232144, 30.284265637131053 ], [ 81.43493580984871, 30.302552003875938 ], [ 81.433138795303037, 30.322748665388378 ], [ 81.433014315809714, 30.324913801024881 ], [ 81.431703337725054, 30.347720140143075 ], [ 81.429460767215744, 30.37300307627623 ], [ 81.446628414808984, 30.366450643133707 ], [ 81.478155967596464, 30.347220103018373 ], [ 81.501376653335512, 30.351852207915318 ], [ 81.502780662558223, 30.352294730768946 ], [ 81.537645104226257, 30.363276973622629 ], [ 81.603691988247647, 30.382699934828942 ], [ 81.610283627775956, 30.38512880527465 ], [ 81.653054434343616, 30.400877073771742 ], [ 81.698072418664836, 30.393776468188616 ], [ 81.729958189686741, 30.38176939501691 ], [ 81.778383190085265, 30.363514831159403 ], [ 81.794346086390107, 30.357492242725055 ], [ 81.911882285476565, 30.305766870096761 ], [ 81.982127968625292, 30.298739073752071 ], [ 82.002184652416858, 30.296725445635037 ], [ 82.042648753003036, 30.299484206356716 ], [ 82.068885026142482, 30.301266000390399 ], [ 82.121828820597372, 30.291820986811079 ], [ 82.141761630718449, 30.261970593197841 ], [ 82.148637829493993, 30.225419027602776 ], [ 82.186578008060721, 30.160904793276003 ], [ 82.188215029901002, 30.158119437967805 ], [ 82.189958241720163, 30.155153245561735 ], [ 82.196718596300997, 30.143648512574458 ], [ 82.201419358925008, 30.06194179654322 ], [ 82.200774842644847, 30.033000181987294 ], [ 82.222530159414291, 30.021466724137269 ], [ 82.234186437913877, 30.015284837444792 ], [ 82.32799182292888, 29.982269503068519 ], [ 82.401369445457135, 29.973605422241906 ], [ 82.454697823839169, 29.949506005603993 ], [ 82.581523940507452, 29.876789812994641 ], [ 82.747785320961498, 29.726167110121278 ], [ 82.787105760900118, 29.675978518759923 ], [ 82.80071780979209, 29.658592147637428 ], [ 82.866323852768573, 29.63734455259382 ], [ 82.925502843166214, 29.634433557815505 ], [ 83.136940949517779, 29.596678507300734 ], [ 83.22091244717933, 29.556224738204044 ], [ 83.266162134410706, 29.521369122987235 ], [ 83.26846807321725, 29.519591943713181 ], [ 83.313886295115367, 29.484569986758558 ], [ 83.413933598827867, 29.383639589870803 ], [ 83.4763589877562, 29.275723090067274 ], [ 83.516758929523576, 29.212267443711294 ], [ 83.549938967960529, 29.158219758205629 ], [ 83.582237707274388, 29.143280693751727 ], [ 83.598546026681248, 29.135733433748126 ], [ 83.639776492882348, 29.14064654948141 ], [ 83.654276305108127, 29.151651894647408 ], [ 83.658571941713646, 29.154911406337792 ], [ 83.666297387546905, 29.160772439415496 ], [ 83.679780555306834, 29.171904955530852 ], [ 83.689332329864371, 29.177379793631388 ], [ 83.69087788102749, 29.179685922289547 ], [ 83.692007125775774, 29.181370781382441 ], [ 83.713695659760887, 29.18796438187789 ], [ 83.770768877851225, 29.205292648291849 ], [ 83.792773223006989, 29.221474195398418 ], [ 83.79369082211818, 29.222148759716816 ], [ 83.817496396367162, 29.231597092676644 ], [ 83.818123756977272, 29.231845999735896 ], [ 83.831875384909253, 29.239541617524708 ], [ 83.848147053222505, 29.254688700678226 ], [ 83.866097093523535, 29.271389299452824 ], [ 83.886897652708953, 29.281455384909375 ], [ 83.893724329053768, 29.282193423249417 ], [ 83.930221047235491, 29.286132726245619 ], [ 84.019361687567184, 29.280878356970625 ], [ 84.102915382507376, 29.243477355855084 ], [ 84.144241113190702, 29.230186042551331 ], [ 84.182294351756582, 29.224280452351323 ], [ 84.220225830129948, 29.209245660424415 ], [ 84.22522017227746, 29.207265027205665 ], [ 84.220329850957043, 29.191812865589331 ], [ 84.214726705185669, 29.174099538162636 ], [ 84.209582006595554, 29.15782720654617 ], [ 84.205455054064387, 29.120291344622782 ], [ 84.201341994046075, 29.082760308223097 ], [ 84.198997871577248, 29.061316145029267 ], [ 84.202910469347032, 29.041293118444148 ], [ 84.221539436694641, 29.025773592524306 ], [ 84.253446670539702, 28.96449060188753 ], [ 84.253311860101263, 28.961759866349308 ], [ 84.252475603316171, 28.944807770795741 ], [ 84.251767432675933, 28.930434905357949 ], [ 84.252888554451573, 28.903403150650004 ], [ 84.272149972358207, 28.875269146336048 ], [ 84.294252543058718, 28.863964939507838 ], [ 84.298623915996998, 28.861728584496831 ], [ 84.324019799288067, 28.848732056758212 ], [ 84.380469944020149, 28.827284018456254 ], [ 84.43473338981731, 28.786190603058504 ], [ 84.437951088498579, 28.723132539501645 ], [ 84.439996322516308, 28.707439679074756 ], [ 84.441254198722476, 28.697788472786566 ], [ 84.454350412974705, 28.687995815440331 ], [ 84.483679395207957, 28.684879838381335 ], [ 84.536351556232617, 28.679267579256663 ], [ 84.562263656851187, 28.672055950530702 ], [ 84.603077802061662, 28.660685537526462 ], [ 84.64570424598368, 28.625666373984288 ], [ 84.654188834839033, 28.592826215746246 ], [ 84.659616141444829, 28.587096878877837 ], [ 84.69903402828767, 28.585495603687558 ], [ 84.708226859296133, 28.585120492209885 ], [ 84.736055149103422, 28.583981113341839 ], [ 84.785403682333978, 28.573609965515466 ], [ 84.819302119125098, 28.533739873249381 ], [ 84.862254338388368, 28.5323502238837 ], [ 84.87362139989142, 28.531980151909167 ], [ 84.878986204585104, 28.533473554028692 ], [ 84.936169911429545, 28.549374369955959 ], [ 84.957954604323831, 28.559176629715871 ], [ 84.994698275135548, 28.556476923645725 ], [ 85.012445047232333, 28.561832237055228 ], [ 85.021658717230082, 28.567815254554887 ], [ 85.028836989166891, 28.574899828042675 ], [ 85.034169982003121, 28.586433934684123 ], [ 85.039903484056055, 28.598830011613597 ], [ 85.040188867256248, 28.599144740319339 ], [ 85.047339191989764, 28.602921051360596 ], [ 85.07246807209431, 28.599897009891016 ], [ 85.148945845679833, 28.590664274454575 ], [ 85.186323395468946, 28.564809922339951 ], [ 85.197991434905461, 28.526374354829649 ], [ 85.185433131083059, 28.487808084523866 ], [ 85.143084961806508, 28.453058768658739 ], [ 85.08415739795862, 28.414033198091008 ], [ 85.089654753461232, 28.356334556143008 ], [ 85.11598606479869, 28.322323474018702 ], [ 85.125511201638275, 28.282282649442152 ], [ 85.173042694992077, 28.275494699866453 ], [ 85.297355519810466, 28.261771293901681 ], [ 85.300219820886625, 28.261453732463035 ], [ 85.306529874308836, 28.260640186724878 ], [ 85.359688226049428, 28.253774706195458 ], [ 85.384697359357929, 28.259900685646883 ], [ 85.402560247020759, 28.258536805336519 ], [ 85.41816009774962, 28.271048328986971 ], [ 85.441473226289247, 28.282091493195626 ], [ 85.472252406135183, 28.273277780153062 ], [ 85.505704537756927, 28.263689753022604 ], [ 85.507650687127381, 28.263131663504481 ], [ 85.538996195014988, 28.254474328630245 ], [ 85.638124981826692, 28.227042819126705 ], [ 85.640069600259793, 28.236928088078471 ], [ 85.64237255757493, 28.248630351247794 ], [ 85.656800891402597, 28.254060101151403 ], [ 85.674639225489869, 28.270718478264918 ], [ 85.686534882815081, 28.311604789667541 ], [ 85.687899728927448, 28.321038528082216 ], [ 85.692959592190789, 28.316217175191312 ], [ 85.709312908056091, 28.300631277522953 ], [ 85.724424040139439, 28.278100122228484 ], [ 85.767268700677306, 28.214173587225936 ], [ 85.802410632385886, 28.172292313227921 ], [ 85.83504649638482, 28.143106484027356 ], [ 85.850324015518467, 28.121266747584659 ], [ 85.869288160785047, 28.09414616291588 ], [ 85.882698713318135, 28.055647012621638 ], [ 85.92018096873727, 28.01717946017181 ], [ 85.92229693086648, 27.984876126715204 ], [ 85.92307181575076, 27.958031768791599 ], [ 85.930520710745739, 27.919988909375558 ], [ 85.956726172552251, 27.901157260552395 ], [ 85.963472227910572, 27.896307878704 ], [ 85.964911774482999, 27.893310461028054 ], [ 85.992913744687044, 27.886312496048077 ], [ 86.013689553585778, 27.891284576581533 ], [ 86.020653509906779, 27.891951318446708 ], [ 86.031208623462661, 27.891172836334949 ], [ 86.0576564978888, 27.894572568377527 ], [ 86.058355359356327, 27.895554099644464 ], [ 86.067501328315203, 27.896426340761721 ], [ 86.090595069735329, 27.903095199253226 ], [ 86.108704241223279, 27.910719970403555 ], [ 86.115158652141062, 27.913436600022532 ], [ 86.116707391695385, 27.927549574271872 ], [ 86.108960987187146, 27.944319341675676 ], [ 86.102786352603275, 27.965708259830716 ], [ 86.096072312147143, 27.991889065162191 ], [ 86.094166751913491, 28.003308759272571 ], [ 86.092860073752774, 28.011139575174422 ], [ 86.09609349543878, 28.030814727533844 ], [ 86.111373332792354, 28.053304315053055 ], [ 86.116552083290401, 28.062046626251806 ], [ 86.15305253021242, 28.083815141588701 ], [ 86.182350900354606, 28.082742882951539 ], [ 86.19581996729859, 28.082247801433262 ], [ 86.199002646525969, 28.082130618843113 ], [ 86.199083791868688, 28.079453931941497 ], [ 86.200579290574012, 28.030242321276432 ], [ 86.202188378480344, 27.962300204285835 ], [ 86.248993413755514, 27.919510664222248 ], [ 86.315742038241808, 27.895219506691802 ], [ 86.359827565395264, 27.879154346301597 ], [ 86.4009582486851, 27.866494196560904 ], [ 86.411056724904554, 27.867092261112138 ], [ 86.428925583380874, 27.868148586052452 ], [ 86.440980854630041, 27.872532152836051 ], [ 86.443716355288032, 27.87200914412723 ], [ 86.4462001489117, 27.874429502882162 ], [ 86.489351314568054, 27.890104435636697 ], [ 86.494640268806506, 27.90110169548662 ], [ 86.506980406815373, 27.904621291139389 ], [ 86.513943557051533, 27.90972373420669 ], [ 86.523015127866231, 27.914647049353835 ], [ 86.530744245628924, 27.935809896751451 ], [ 86.533100437195458, 27.956480048862222 ], [ 86.541713837217813, 27.967460914983459 ], [ 86.550543736238751, 27.978714013593962 ], [ 86.558622660425357, 27.991968057209011 ], [ 86.567588413333922, 28.006671011689875 ], [ 86.568190744913068, 28.011919421350488 ], [ 86.568470467091998, 28.014356309103054 ], [ 86.569853464148807, 28.026400360518409 ], [ 86.575178249284988, 28.044920168331814 ], [ 86.576304750834581, 28.046441562784175 ], [ 86.576807755422593, 28.04712087230287 ], [ 86.585566067702587, 28.058946794229673 ], [ 86.592883579648429, 28.057311430716233 ], [ 86.608510034846987, 28.053817732366866 ], [ 86.621829277843517, 28.050540340457069 ], [ 86.631315212521656, 28.048205331295918 ], [ 86.643490684863224, 28.053290650529224 ], [ 86.648012682157955, 28.055178886722267 ], [ 86.652409062261739, 28.057014429120013 ], [ 86.675333462216784, 28.054350307395403 ], [ 86.684106769200667, 28.069678582783503 ], [ 86.705298451001312, 28.074625112569091 ], [ 86.723975332636755, 28.065874903588092 ], [ 86.729915997751633, 28.063090941177489 ], [ 86.739575269882536, 28.058563580841557 ], [ 86.730061257958823, 28.034616311546024 ], [ 86.731620998996092, 28.018016532549641 ], [ 86.732760922019878, 28.005888086743532 ], [ 86.738377791195546, 27.999735592907104 ], [ 86.802895076840727, 27.981746895165916 ], [ 86.901245784745711, 27.954259712905188 ], [ 86.951997939908182, 27.937132112195396 ], [ 86.956012658657983, 27.93409727347024 ], [ 86.962741108506535, 27.933503591176461 ], [ 87.031473961301316, 27.910264213431319 ], [ 87.042303621091349, 27.906598892492894 ], [ 87.089723386997406, 27.877906514248686 ], [ 87.100896388080741, 27.871142165413762 ], [ 87.154906729384763, 27.838422436199277 ], [ 87.199062537207894, 27.817659163245537 ], [ 87.235674637986918, 27.814582923758323 ], [ 87.24517635563943, 27.811642116549752 ], [ 87.271330757577829, 27.812190614018206 ], [ 87.279215239082433, 27.81235494641426 ], [ 87.310264189475831, 27.824990451241732 ], [ 87.328031185359436, 27.825724970538818 ], [ 87.364711763305607, 27.813122131043222 ], [ 87.392107357420741, 27.81077961766513 ], [ 87.410651559326467, 27.811912940439637 ], [ 87.415477284119405, 27.807530248297528 ], [ 87.442042845544051, 27.807937091000213 ], [ 87.457915845159818, 27.814789567697925 ], [ 87.469490196628783, 27.815491415546706 ], [ 87.52287893689612, 27.831699944141455 ], [ 87.577248575405108, 27.814713703946822 ], [ 87.585148506674599, 27.812243554400236 ], [ 87.598566352828001, 27.808046876899898 ], [ 87.627991279646949, 27.800660649400971 ], [ 87.658878351055662, 27.792900050044082 ], [ 87.691342285079884, 27.784735144380523 ], [ 87.70671504503521, 27.790440195735741 ], [ 87.716053239888609, 27.793904412536822 ], [ 87.725045513198964, 27.802877488605422 ], [ 87.747235885604866, 27.811279735167759 ], [ 87.762353098778746, 27.81700050213686 ], [ 87.801052443907366, 27.837968236981549 ], [ 87.82511392857316, 27.868826840571785 ], [ 87.840904205510583, 27.892891759824149 ], [ 87.850247117975172, 27.899255918027364 ], [ 87.870767418669118, 27.897407367831477 ], [ 87.873466090160051, 27.896208165592643 ], [ 87.918838870717394, 27.876035541353151 ], [ 87.988641994082968, 27.85835168427721 ], [ 87.991904187326028, 27.858054714630786 ], [ 88.03745605493279, 27.853899708017195 ], [ 88.041869701457912, 27.853496299703401 ] ] ] } },
{ "type": "Feature", "properties": { "state_name": "North east frontier agency", "id": 21 }, "geometry": { "type": "Polygon", "coordinates": [ [ [ 97.018628181658443, 27.101325843121042 ], [ 96.99579373144276, 27.114736462852743 ], [ 96.983023637756887, 27.125041255187973 ], [ 96.963406411915543, 27.140867352654183 ], [ 96.96155995964584, 27.142356720890017 ], [ 96.930243806243382, 27.154380509975855 ], [ 96.897668831457807, 27.16432194176959 ], [ 96.891211103645873, 27.166291747722308 ], [ 96.88783608906985, 27.167568809703116 ], [ 96.874964943150218, 27.172438212437381 ], [ 96.853073870927133, 27.183932327900148 ], [ 96.830378134687663, 27.195844141825788 ], [ 96.80609042040372, 27.210873736154298 ], [ 96.786966989495781, 27.222703269604597 ], [ 96.781361562230344, 27.23790709426234 ], [ 96.778551229249985, 27.261743420385312 ], [ 96.775891745519928, 27.293807983541502 ], [ 96.777282941151583, 27.315584272573794 ], [ 96.773812440301043, 27.343659859758791 ], [ 96.749326988969798, 27.366929579714832 ], [ 96.719934305802653, 27.381372160431617 ], [ 96.707635049187957, 27.384671493408199 ], [ 96.657341515643481, 27.409298034791306 ], [ 96.616984666516601, 27.41591479157238 ], [ 96.609800705313688, 27.417091337982804 ], [ 96.521284404017933, 27.394181879421424 ], [ 96.506154878837023, 27.390257635816898 ], [ 96.372465497353176, 27.354993730199581 ], [ 96.256703759758196, 27.324301820587319 ], [ 96.235225045642565, 27.317934579496814 ], [ 96.107665618659837, 27.280012017095849 ], [ 96.062625449402816, 27.247901257004898 ], [ 95.995038578948083, 27.199625858506728 ], [ 95.992786152393691, 27.198015147284472 ], [ 95.924087358864526, 27.133816391934218 ], [ 95.880923684697194, 27.093396514696739 ], [ 95.809976441473694, 27.046445779991569 ], [ 95.806367714410641, 27.044533281991423 ], [ 95.800829040118657, 27.041597552317572 ], [ 95.732065007697216, 27.005106591809916 ], [ 95.720912237859537, 26.999180633485469 ], [ 95.714901614205431, 27.032995508659425 ], [ 95.697393273395775, 27.112974316880162 ], [ 95.627507241117797, 27.188159219439537 ], [ 95.593487046370129, 27.246786764247929 ], [ 95.584148539641816, 27.254977281610039 ], [ 95.614554446974296, 27.282673525575241 ], [ 95.66921661386138, 27.355358564882014 ], [ 95.69189160074059, 27.399023982454572 ], [ 95.718250226629181, 27.535787159735708 ], [ 95.719641885528375, 27.598069760480758 ], [ 95.699960634594149, 27.647766613873724 ], [ 95.650777294661182, 27.71520607675825 ], [ 95.604532085219901, 27.752478556397527 ], [ 95.53940416597861, 27.786807052925514 ], [ 95.461181962036278, 27.806202241598093 ], [ 95.421003090582587, 27.807986795710509 ], [ 95.380511667041347, 27.801786618578252 ], [ 95.330706115086826, 27.797694534053495 ], [ 95.26581929499477, 27.792084899621262 ], [ 95.232328486583825, 27.777833997767612 ], [ 95.179516494618738, 27.756134213223461 ], [ 95.145744979685134, 27.74639261584538 ], [ 95.100367927651732, 27.734937903630936 ], [ 95.065208221722841, 27.723993687232124 ], [ 95.04949131491945, 27.719100564836683 ], [ 94.983125090731548, 27.709723739468529 ], [ 94.942819660080588, 27.708513734008953 ], [ 94.892776715646974, 27.69905044275967 ], [ 94.866587294393852, 27.694311005555516 ], [ 94.801843572938353, 27.691505301065099 ], [ 94.768453648522069, 27.685735367522192 ], [ 94.738975957047401, 27.680066844430943 ], [ 94.706531014978594, 27.673096681161486 ], [ 94.662024314824322, 27.670325462854667 ], [ 94.618720195705095, 27.65938600019253 ], [ 94.594678920315545, 27.647327335422784 ], [ 94.545989730868683, 27.647202730895863 ], [ 94.50008381867579, 27.641101767028868 ], [ 94.460229133495247, 27.638259162473609 ], [ 94.367362339401708, 27.647973107366312 ], [ 94.308396240504294, 27.672838622746575 ], [ 94.265316666183168, 27.673869429380172 ], [ 94.240801007989404, 27.667693432022482 ], [ 94.213357265124813, 27.641107016535692 ], [ 94.182011750089956, 27.571335417278348 ], [ 94.184399073003732, 27.532813291959474 ], [ 94.172727548649817, 27.519909424297918 ], [ 94.125505378282099, 27.512782826506449 ], [ 94.103213828906178, 27.50138595943362 ], [ 94.06987575953697, 27.480446914702942 ], [ 94.048144726717936, 27.463400889229547 ], [ 94.002707174286101, 27.470544520432892 ], [ 93.951483609253486, 27.458347343593548 ], [ 93.928248348438899, 27.441484114578667 ], [ 93.912895315181942, 27.42072539659333 ], [ 93.874345752654321, 27.369879113031534 ], [ 93.861133926851053, 27.352281659744136 ], [ 93.837626872892798, 27.32917595900356 ], [ 93.818970157402788, 27.302606316387592 ], [ 93.787157498551181, 27.289677123975729 ], [ 93.755485873162684, 27.286445302194377 ], [ 93.716187920159726, 27.266195011486214 ], [ 93.673359724749162, 27.207496597275824 ], [ 93.632579640841939, 27.169339670118013 ], [ 93.606600167361492, 27.131212794597314 ], [ 93.615887325369116, 27.108391015642034 ], [ 93.627681469164273, 27.086615992377531 ], [ 93.620396993319943, 27.066768439023164 ], [ 93.602206576386735, 27.051195683715491 ], [ 93.5513039762685, 27.030362754834179 ], [ 93.454268861638667, 27.007432710917207 ], [ 93.412538288687173, 26.990146773045339 ], [ 93.377157286101692, 26.978243198507492 ], [ 93.293158175244017, 26.968001098174366 ], [ 93.138852615067847, 26.95524574351035 ], [ 93.039711327493535, 26.949612846749154 ], [ 92.985244925350258, 26.946714185837042 ], [ 92.92484055519401, 26.943177760338951 ], [ 92.874257584693481, 26.952253371846748 ], [ 92.812919307934578, 26.955052988831728 ], [ 92.770672756497746, 26.963001380799049 ], [ 92.722781778364535, 26.960172907982649 ], [ 92.654305070854193, 26.955110245867154 ], [ 92.553353990046332, 26.934315407118003 ], [ 92.460725683870123, 26.931539598563603 ], [ 92.392845960563321, 26.937752770528675 ], [ 92.298879882763899, 26.946536565638706 ], [ 92.275514202332857, 26.936582202088214 ], [ 92.228948440677641, 26.940013913597383 ], [ 92.162648349293349, 26.936832247213246 ], [ 92.130500138709749, 26.927946770659307 ], [ 92.112784260581179, 26.934351918211366 ], [ 92.124380663772953, 26.959066456479832 ], [ 92.13553323514563, 26.997228841494085 ], [ 92.099163073948304, 27.047170122308763 ], [ 92.047019617106855, 27.121203982157379 ], [ 92.041350436876854, 27.184773554961208 ], [ 92.068885551722119, 27.252329459514755 ], [ 92.131698374360411, 27.320075127412998 ], [ 92.100436608726426, 27.353126559607823 ], [ 92.079529401047665, 27.410485225466363 ], [ 92.080933795662702, 27.452223566179839 ], [ 92.008664087492434, 27.490456347347976 ], [ 91.856193379506806, 27.517732728082848 ], [ 91.765826457651343, 27.499847385964763 ], [ 91.684811243555018, 27.516870841043087 ], [ 91.612863001184508, 27.542062220574948 ], [ 91.531018380521544, 27.588262714664737 ], [ 91.504093964731368, 27.642884959420815 ], [ 91.533126411461623, 27.703482877888852 ], [ 91.581900901587488, 27.755800657184917 ], [ 91.590369235563386, 27.793247415593562 ], [ 91.564843705307936, 27.831396432509155 ], [ 91.563630022014294, 27.857211643558703 ], [ 91.621995936584341, 27.878894299409492 ], [ 91.641132974688574, 27.855645197062202 ], [ 91.667713570224862, 27.852352787341164 ], [ 91.710889523439363, 27.845342184173742 ], [ 91.716431423036298, 27.844441306489752 ], [ 91.79406869102327, 27.834758567222423 ], [ 91.799843514748275, 27.827263594277969 ], [ 91.847968349162386, 27.764773404312017 ], [ 91.851118922971125, 27.760680489255833 ], [ 91.868097788727141, 27.751121831898626 ], [ 91.884008744742815, 27.751932604611838 ], [ 91.910257242177224, 27.753265715092695 ], [ 91.936700617235303, 27.771514374029312 ], [ 91.938079276212392, 27.772114668571373 ], [ 91.978327765011343, 27.795925086897451 ], [ 91.99767394025254, 27.807359655294206 ], [ 92.023895494083988, 27.822847198246365 ], [ 92.032569331814003, 27.826790024028195 ], [ 92.081629633743759, 27.849071182543099 ], [ 92.094648931215616, 27.856035050081321 ], [ 92.100803315932893, 27.859325997125509 ], [ 92.109593827767767, 27.862631363901485 ], [ 92.177816923973737, 27.888251903930364 ], [ 92.185252672877994, 27.89104086128809 ], [ 92.202210893254048, 27.896556699666608 ], [ 92.20978838464454, 27.899020301965958 ], [ 92.218224676458817, 27.897058128541772 ], [ 92.245785385317077, 27.89064399007076 ], [ 92.279670198621432, 27.865925511437794 ], [ 92.286038099342221, 27.861278564853638 ], [ 92.339058944829432, 27.847304665882422 ], [ 92.341648575796938, 27.846621585312768 ], [ 92.353710032756169, 27.851616949515215 ], [ 92.395976774786291, 27.869106953360809 ], [ 92.405924514621589, 27.873219905136661 ], [ 92.423464322273219, 27.880468659181787 ], [ 92.488109162151133, 27.895130882809166 ], [ 92.52184663245238, 27.902766647525688 ], [ 92.532101875530486, 27.90990393404007 ], [ 92.537429482701029, 27.908887495597405 ], [ 92.560079714970001, 27.906803311706643 ], [ 92.578318003044075, 27.915576749396028 ], [ 92.597678293222998, 27.930974740031171 ], [ 92.609626484173205, 27.940472718681832 ], [ 92.625576543590086, 27.953146097661438 ], [ 92.63261385284062, 27.960555757114257 ], [ 92.646034416005165, 27.974680922404147 ], [ 92.668936768990676, 27.992146345192417 ], [ 92.683757021221226, 27.999355459027136 ], [ 92.697505564497362, 28.006040285793912 ], [ 92.712831935322214, 28.015468281209067 ], [ 92.717424176883156, 28.018292320521979 ], [ 92.726262307649776, 28.028541558348255 ], [ 92.729290227138222, 28.032052069565939 ], [ 92.731848200186846, 28.035017396107598 ], [ 92.731540862951093, 28.035934252096297 ], [ 92.731209060065822, 28.036924092134196 ], [ 92.731192737332307, 28.036972786325414 ], [ 92.72650511424844, 28.050956706325252 ], [ 92.72615440852455, 28.052002896147769 ], [ 92.72496304302031, 28.055556835522701 ], [ 92.72371028327332, 28.057166283577214 ], [ 92.722902122732293, 28.0582045261948 ], [ 92.720427045858699, 28.061384160780722 ], [ 92.712345916541778, 28.071764696276009 ], [ 92.708713284087864, 28.076430471772159 ], [ 92.706136749097467, 28.080736380455303 ], [ 92.704245838250174, 28.083896348034024 ], [ 92.701416899239732, 28.088623689578 ], [ 92.696479940574037, 28.098110400595239 ], [ 92.69514300292677, 28.100679281618678 ], [ 92.694430055132983, 28.109446728604407 ], [ 92.693274634038929, 28.123663230247367 ], [ 92.693147041553999, 28.125233739203406 ], [ 92.693645442265691, 28.135327668044788 ], [ 92.693831057067669, 28.139083492721277 ], [ 92.694170213077996, 28.145941443801519 ], [ 92.694385252824475, 28.150286540115392 ], [ 92.694993283783177, 28.153760083666306 ], [ 92.699979868689567, 28.18222395098427 ], [ 92.709052005320075, 28.189441726480442 ], [ 92.734096062147472, 28.209355486862432 ], [ 92.745187728889817, 28.216944714496204 ], [ 92.762573758653502, 28.222649614714214 ], [ 92.772291296470925, 28.225836717786194 ], [ 92.797271398059394, 28.228150206635458 ], [ 92.804406296069232, 28.228810023720921 ], [ 92.812877880120283, 28.229592894880913 ], [ 92.848653862907227, 28.230272273660621 ], [ 92.856337200905628, 28.234122273397936 ], [ 92.860748684520587, 28.236332381222073 ], [ 92.87152077400691, 28.241727808215064 ], [ 92.874842859085689, 28.240574076965931 ], [ 92.90776012488341, 28.258466232603141 ], [ 92.914805599277983, 28.262293416873142 ], [ 92.920101249887182, 28.265169524360655 ], [ 92.937495787125613, 28.282000306288229 ], [ 92.95507297126295, 28.287317481344452 ], [ 92.958450894112175, 28.288338922831382 ], [ 92.961158907194871, 28.289157700053625 ], [ 92.990608399000763, 28.29995378384945 ], [ 92.997947453730234, 28.304260032941542 ], [ 93.007845660610116, 28.304405311736986 ], [ 93.017344453609098, 28.305505038500598 ], [ 93.033542976064908, 28.307378620197994 ], [ 93.038289491204097, 28.310453928574695 ], [ 93.044728292729616, 28.314349729901554 ], [ 93.057114060127006, 28.321841538439845 ], [ 93.069179684520932, 28.343080605603024 ], [ 93.088880836057427, 28.353337812222335 ], [ 93.094329360296285, 28.356173415218368 ], [ 93.126725429015607, 28.356829986710895 ], [ 93.163862291665069, 28.357572268988257 ], [ 93.192964455950161, 28.366491056969174 ], [ 93.203004703852272, 28.379313351557826 ], [ 93.204935737625632, 28.379590933907622 ], [ 93.226667606035349, 28.385710507199775 ], [ 93.24030827657333, 28.389549023711229 ], [ 93.26034695525415, 28.401655355404738 ], [ 93.265887649166885, 28.409506511102009 ], [ 93.271740397134877, 28.417797525437585 ], [ 93.275919642988796, 28.42371639403283 ], [ 93.267297453053473, 28.439419603180411 ], [ 93.266479562438377, 28.440909068517559 ], [ 93.266166317236156, 28.444234884588834 ], [ 93.265732381198092, 28.448842841235635 ], [ 93.265691764962057, 28.449274187542944 ], [ 93.265580327585781, 28.4504576958421 ], [ 93.264698841371768, 28.459821396557771 ], [ 93.264894799487976, 28.462628809866221 ], [ 93.265070002351095, 28.465138202491065 ], [ 93.265117741823005, 28.465821855244155 ], [ 93.265565737308847, 28.472235091395884 ], [ 93.265878698740721, 28.476712818349075 ], [ 93.26648830529416, 28.485429067733715 ], [ 93.267283072475365, 28.496781371834814 ], [ 93.267381641919286, 28.497084755032063 ], [ 93.267637869017605, 28.49787336991189 ], [ 93.274533001896671, 28.519086021883371 ], [ 93.285668500648811, 28.525435933031581 ], [ 93.295158415355274, 28.53084570969833 ], [ 93.296823505938733, 28.531794736866793 ], [ 93.327472609273954, 28.544244418731875 ], [ 93.329697543888173, 28.546983300157386 ], [ 93.339707545918358, 28.559302254489971 ], [ 93.347685152785743, 28.5740307405514 ], [ 93.347805649900337, 28.57531297822835 ], [ 93.347955315366434, 28.576905419733361 ], [ 93.349544937076644, 28.593806484727452 ], [ 93.34985035107735, 28.597051069184261 ], [ 93.348625540177608, 28.608180842415901 ], [ 93.34828548386011, 28.61127160416396 ], [ 93.356919777611949, 28.646437440539344 ], [ 93.377250869661054, 28.662008712148875 ], [ 93.450698958333177, 28.688942480473475 ], [ 93.508579291192007, 28.702353268589331 ], [ 93.534774071130897, 28.708411350663251 ], [ 93.560259249899246, 28.709749955014921 ], [ 93.587236179049299, 28.711161030223799 ], [ 93.694266465163096, 28.716699799706515 ], [ 93.694440755245779, 28.716708741435443 ], [ 93.771505729035539, 28.712791064874022 ], [ 93.808762634169256, 28.71352655039767 ], [ 93.860270325214316, 28.714524749789511 ], [ 93.935475550172612, 28.717575402573289 ], [ 93.938808219506342, 28.717709508143862 ], [ 93.960050839033059, 28.732291336163307 ], [ 93.978176901365089, 28.731452635539306 ], [ 94.021283739555699, 28.737171843730934 ], [ 94.037852391060653, 28.74681972509131 ], [ 94.061710069306287, 28.750722800887743 ], [ 94.065718488700185, 28.765959564069597 ], [ 94.071560209929842, 28.774403407956221 ], [ 94.075081505438803, 28.792507091801724 ], [ 94.076727074568026, 28.800959799844776 ], [ 94.079135847500496, 28.813326211441137 ], [ 94.08496200259556, 28.843196893935652 ], [ 94.097948708720764, 28.871997952625197 ], [ 94.113658620031174, 28.898526370249662 ], [ 94.155061476204381, 28.937963049624813 ], [ 94.198424332572941, 28.98185963890807 ], [ 94.206338558782363, 28.989863254697283 ], [ 94.212786604488059, 28.996472692636182 ], [ 94.230109220518742, 29.014220567257489 ], [ 94.260141472463616, 29.04880149682748 ], [ 94.288456041260531, 29.079906012260647 ], [ 94.308487563366299, 29.101082270008373 ], [ 94.317495731271578, 29.109032322543751 ], [ 94.332799712892196, 29.122532699121447 ], [ 94.387103248553373, 29.15811987583238 ], [ 94.401974984970025, 29.167854791250168 ], [ 94.503334308982389, 29.229957066847565 ], [ 94.522032686604831, 29.241390972695125 ], [ 94.529040653389657, 29.243210082585986 ], [ 94.577862284608386, 29.245068866210264 ], [ 94.633017069735686, 29.246750515506108 ], [ 94.669499119865804, 29.265281222198031 ], [ 94.685007477816512, 29.284278529404077 ], [ 94.689845868673586, 29.307733301906985 ], [ 94.698316173020004, 29.333414997249111 ], [ 94.713663826107677, 29.351501722718062 ], [ 94.722016742359131, 29.355347717902962 ], [ 94.728192509887705, 29.35411155958036 ], [ 94.757721637234567, 29.348196676740763 ], [ 94.760383755605091, 29.347100560217861 ], [ 94.79456428739924, 29.333020958036638 ], [ 94.808178801116867, 29.308475001576234 ], [ 94.805044039505233, 29.27540909374283 ], [ 94.795419641231177, 29.232190977471006 ], [ 94.814691335804469, 29.20489940983455 ], [ 94.884114154071924, 29.198328504248863 ], [ 94.898697736646369, 29.196943297782887 ], [ 94.901554043136073, 29.196671796725376 ], [ 94.907517495963305, 29.195720696836752 ], [ 94.912544567205728, 29.192745072946931 ], [ 94.918899608620535, 29.193904590879615 ], [ 94.940285818778975, 29.190489432898413 ], [ 94.98597961770848, 29.177255245685963 ], [ 94.997763147895256, 29.173839559565806 ], [ 95.020979265783552, 29.173843932590817 ], [ 95.022000559320148, 29.174104989914706 ], [ 95.0278923916471, 29.175610805847558 ], [ 95.041327018999937, 29.169582045669305 ], [ 95.056594886718457, 29.167157942260676 ], [ 95.066351049180781, 29.175140784723165 ], [ 95.084099520658341, 29.173017066090235 ], [ 95.098631811076189, 29.168972782195191 ], [ 95.105728200878261, 29.166997241546017 ], [ 95.147610517165774, 29.155329194132054 ], [ 95.173810457246461, 29.148070694991343 ], [ 95.209251733635824, 29.138242839781046 ], [ 95.23476203925928, 29.131162354433918 ], [ 95.270455822352559, 29.1212462936513 ], [ 95.271062278088678, 29.120947602548405 ], [ 95.272594072320828, 29.120651930795873 ], [ 95.276540628924579, 29.119554818282264 ], [ 95.356153814288149, 29.089845166732005 ], [ 95.358620201716803, 29.089361797568731 ], [ 95.369993145815471, 29.087132266564875 ], [ 95.383972707019197, 29.084390317816883 ], [ 95.384713352145425, 29.083964531707739 ], [ 95.423712129725004, 29.074880206253042 ], [ 95.452050930751128, 29.07493692724103 ], [ 95.470124527200568, 29.085933347278065 ], [ 95.489158234813019, 29.101412081183671 ], [ 95.491427383198356, 29.105681267756061 ], [ 95.501426478219145, 29.124485536220433 ], [ 95.515584429814766, 29.152152153984879 ], [ 95.517656705269687, 29.15619926608041 ], [ 95.523716483515841, 29.167210705018903 ], [ 95.570911372211299, 29.221173520673084 ], [ 95.573174286906422, 29.223758142499946 ], [ 95.620431405372898, 29.258733029427422 ], [ 95.831817132900809, 29.392347406746168 ], [ 95.885859151251324, 29.410832293642024 ], [ 95.887264549488236, 29.411603905789683 ], [ 95.894920510914872, 29.413928076020245 ], [ 95.940793666057772, 29.429584507990299 ], [ 96.016729495612509, 29.456649137209943 ], [ 96.039878469446364, 29.46426455939454 ], [ 96.041433226026243, 29.464353243158321 ], [ 96.062568890250745, 29.469188224845649 ], [ 96.063107887599841, 29.469585471165978 ], [ 96.11969365605411, 29.469015390865533 ], [ 96.126313906371365, 29.465256172778119 ], [ 96.158230908883311, 29.447125733179398 ], [ 96.170128706170331, 29.415400715471772 ], [ 96.184011040641508, 29.333520326055812 ], [ 96.203939042999039, 29.291102561710293 ], [ 96.219612856374255, 29.267909725415301 ], [ 96.24494338715067, 29.252128488825502 ], [ 96.25471886360809, 29.256783233101448 ], [ 96.285803103720042, 29.271574246603347 ], [ 96.317317733991345, 29.286554170325832 ], [ 96.347790046048956, 29.295616763769111 ], [ 96.353007908689278, 29.294641079715536 ], [ 96.387102877492737, 29.288260272251797 ], [ 96.389676111867061, 29.285306281105761 ], [ 96.39403794731507, 29.280298730912133 ], [ 96.398627764025349, 29.27502903971914 ], [ 96.40003493832738, 29.240261141766752 ], [ 96.400283934545882, 29.234126807635857 ], [ 96.393661353124614, 29.22478504886389 ], [ 96.305687401881158, 29.181050541419815 ], [ 96.304196808911428, 29.180308406200616 ], [ 96.242063379074168, 29.149340359926864 ], [ 96.223093474143184, 29.130260880452386 ], [ 96.222434202253339, 29.128819212383053 ], [ 96.217513446386931, 29.126500133180013 ], [ 96.213293983249329, 29.122690530441247 ], [ 96.18977666368265, 29.101446359182216 ], [ 96.180411758729221, 29.092981352371183 ], [ 96.170999761512633, 29.045121477926482 ], [ 96.168442733408654, 29.026501111997796 ], [ 96.166563816909701, 29.012803588904848 ], [ 96.175693878113449, 28.998614351728332 ], [ 96.174579860454699, 28.991945195063948 ], [ 96.185312036149327, 28.983664254712707 ], [ 96.200403064313505, 28.987354045986436 ], [ 96.210752313787637, 28.989883036450536 ], [ 96.211228215033429, 28.990099859463278 ], [ 96.250704951997378, 29.008073487528204 ], [ 96.330125546965448, 29.040918456436774 ], [ 96.356273040407316, 29.052797700662968 ], [ 96.462081989113528, 29.100760639769629 ], [ 96.489078664090457, 29.093814115656432 ], [ 96.494675432060035, 29.081689318252117 ], [ 96.492910989664622, 29.073222023886991 ], [ 96.492826762382634, 29.072817733589503 ], [ 96.489717988931901, 29.042755143650652 ], [ 96.484801262876474, 28.99505176211396 ], [ 96.514174468855884, 28.941513335304091 ], [ 96.528478236240744, 28.916439406929882 ], [ 96.54373248336222, 28.889693332660826 ], [ 96.566268417777735, 28.83480839820821 ], [ 96.582804105274462, 28.794529887674745 ], [ 96.568761697797328, 28.761503860466227 ], [ 96.507651835546824, 28.691264296366555 ], [ 96.494365031498802, 28.676739398193572 ], [ 96.303085967824032, 28.5606807285027 ], [ 96.266580572368397, 28.538446874889278 ], [ 96.220524646960882, 28.505154636385832 ], [ 96.200028050609802, 28.490321402115086 ], [ 96.196707618226938, 28.487917446829066 ], [ 96.192608189452315, 28.484949128856559 ], [ 96.186124482787676, 28.467454394634544 ], [ 96.194669276337947, 28.443388865922017 ], [ 96.199487360239985, 28.441558193282948 ], [ 96.238690108149626, 28.426655186801263 ], [ 96.246709859185799, 28.423604797746716 ], [ 96.263134358954929, 28.417355818377512 ], [ 96.264668800341724, 28.416528800764421 ], [ 96.298807389592099, 28.398122903719475 ], [ 96.327304062607524, 28.38274973527864 ], [ 96.33487860619941, 28.383527651678353 ], [ 96.352949021818517, 28.385381439127833 ], [ 96.355013143516715, 28.386057895807877 ], [ 96.357366247774706, 28.386828994559398 ], [ 96.360353783003532, 28.385588049054071 ], [ 96.375785327323612, 28.386323303163664 ], [ 96.39503813851897, 28.387237793542674 ], [ 96.414796214936032, 28.394699653465576 ], [ 96.425562686308652, 28.398763539360115 ], [ 96.433114519693333, 28.402464808499232 ], [ 96.470569756442814, 28.420808448618978 ], [ 96.495615006580124, 28.433061556508065 ], [ 96.496187181243627, 28.433341367057725 ], [ 96.510028726819726, 28.44010867112803 ], [ 96.534095060450724, 28.44891333234764 ], [ 96.538388514667986, 28.450483292882868 ], [ 96.568047254919151, 28.461321815579396 ], [ 96.581614392067408, 28.466275959490524 ], [ 96.590225345230806, 28.466631483254435 ], [ 96.608061581836367, 28.467365896370289 ], [ 96.639831498584428, 28.468667355934844 ], [ 96.671745086240961, 28.46996608843363 ], [ 96.675138843121687, 28.468519809178503 ], [ 96.683800817601181, 28.4648279549473 ], [ 96.706378093202503, 28.455201978481881 ], [ 96.726959497357925, 28.446422892161785 ], [ 96.727610731102459, 28.445663711100948 ], [ 96.73407696273479, 28.438125214368377 ], [ 96.763418745693173, 28.403907916560762 ], [ 96.77007959305746, 28.403985390179486 ], [ 96.784468047969241, 28.404151489212616 ], [ 96.796395115957864, 28.404287872624145 ], [ 96.810142254315963, 28.404443604382781 ], [ 96.813546781928167, 28.404429601882345 ], [ 96.820615134961514, 28.402966709643962 ], [ 96.826519841637776, 28.401744345462955 ], [ 96.83687927511474, 28.404331075816014 ], [ 96.875651255938564, 28.404157464511425 ], [ 96.87890706496249, 28.404142323782292 ], [ 96.891074940845982, 28.404084967698619 ], [ 96.93841937239192, 28.388590747981759 ], [ 96.953186510555184, 28.383754100412894 ], [ 96.959282341584426, 28.381757010551738 ], [ 96.97822202751972, 28.375550073976108 ], [ 96.98678294214713, 28.372743488596097 ], [ 96.990713117828761, 28.372429912300777 ], [ 96.993992310671175, 28.370842701689043 ], [ 97.012134235833415, 28.362059691801029 ], [ 97.026428049535994, 28.358892927343256 ], [ 97.029957906949235, 28.358110643755062 ], [ 97.056554070590707, 28.356337153939798 ], [ 97.065273186956858, 28.358499733732515 ], [ 97.067774232492567, 28.359119908600551 ], [ 97.074105259598198, 28.360689484819627 ], [ 97.076469638246493, 28.365557108974603 ], [ 97.08801464399383, 28.364627390687733 ], [ 97.110981372847093, 28.355216171683683 ], [ 97.114267164882619, 28.353869345262435 ], [ 97.139529899852292, 28.343511066577332 ], [ 97.159053703750857, 28.329104439672363 ], [ 97.211670758069062, 28.290254583526032 ], [ 97.215228255891901, 28.287626654934819 ], [ 97.217850771822896, 28.285689297764652 ], [ 97.221806324441701, 28.28276701106466 ], [ 97.301715704322305, 28.254264743915019 ], [ 97.317951497113029, 28.23803338324667 ], [ 97.315961331050559, 28.227415170126282 ], [ 97.311188405607709, 28.201923341834483 ], [ 97.309882173275724, 28.196546424664284 ], [ 97.308407511617119, 28.190474454306621 ], [ 97.30449803679511, 28.174368126462564 ], [ 97.299716943554387, 28.154653235184988 ], [ 97.296881082640766, 28.142950338471746 ], [ 97.297229882418435, 28.111085136119847 ], [ 97.30177435149352, 28.106373832276368 ], [ 97.314951243239932, 28.092711286794795 ], [ 97.330370703270205, 28.081801353691787 ], [ 97.347630598504963, 28.069585874225712 ], [ 97.353243009796216, 28.06150572196993 ], [ 97.358108791988698, 28.054499950353051 ], [ 97.35293447676878, 28.033080108253444 ], [ 97.35163764577112, 28.027708079315843 ], [ 97.345179564640432, 28.020297433135614 ], [ 97.334880332524477, 28.008474671955906 ], [ 97.321142783342751, 27.984934112302721 ], [ 97.318544138646089, 27.957396054045162 ], [ 97.322548410987906, 27.927046071488999 ], [ 97.322571611421864, 27.926870314403988 ], [ 97.322840541377417, 27.924833084219834 ], [ 97.315736917925463, 27.916302144887688 ], [ 97.277076222728198, 27.896438552447073 ], [ 97.272589749064181, 27.894131777615424 ], [ 97.264166056814389, 27.88842426882038 ], [ 97.244806626945291, 27.885066278481979 ], [ 97.209197079091751, 27.878880080761668 ], [ 97.205009379669619, 27.878151768603754 ], [ 97.178279171028635, 27.856500869030754 ], [ 97.155148584094377, 27.837748810609856 ], [ 97.152691024515377, 27.835755542379438 ], [ 97.152329132438894, 27.835398960611471 ], [ 97.124614402501621, 27.808075702625171 ], [ 97.100219831818364, 27.784000854104288 ], [ 97.079447151086441, 27.766314538144648 ], [ 97.024784461259827, 27.719709315833605 ], [ 97.015638482449532, 27.714136352648232 ], [ 97.002131424552815, 27.705902942697591 ], [ 96.982595646633285, 27.693988126289369 ], [ 96.975612425084407, 27.691531989714569 ], [ 96.957544033476537, 27.685174101635305 ], [ 96.941017008658307, 27.679354951821818 ], [ 96.935414126586792, 27.677833792157529 ], [ 96.929092926536981, 27.676117192045432 ], [ 96.927710139814522, 27.675850222938791 ], [ 96.922693087287087, 27.675320938848515 ], [ 96.902426963217252, 27.673180641189003 ], [ 96.889949620253759, 27.668439879705574 ], [ 96.88694000470133, 27.66729606687036 ], [ 96.88421718216479, 27.667093606875525 ], [ 96.871671535019161, 27.66615992878117 ], [ 96.840297374948861, 27.660799316431834 ], [ 96.839793616430697, 27.66032412004148 ], [ 96.836085126650616, 27.656825612395398 ], [ 96.817123743607013, 27.638930099182577 ], [ 96.816837923814703, 27.637707258818079 ], [ 96.816534462372573, 27.636408859462694 ], [ 96.81126142207988, 27.61383403305053 ], [ 96.811316941213306, 27.611805931077694 ], [ 96.811377984589711, 27.609577102024804 ], [ 96.811621131576914, 27.600710379335712 ], [ 96.812238728092822, 27.578268048916296 ], [ 96.812706955963336, 27.561328475707022 ], [ 96.815849139553379, 27.553499854752221 ], [ 96.841894603823391, 27.488604450538588 ], [ 96.850515520101709, 27.472577782776732 ], [ 96.87536671031009, 27.426369323880174 ], [ 96.885955578877784, 27.406676282757871 ], [ 96.902298636487743, 27.376276976387199 ], [ 96.90327241094036, 27.374697741823667 ], [ 96.91615842473368, 27.353797749676843 ], [ 96.931096292383259, 27.329565442593349 ], [ 96.938224440739518, 27.318000458347928 ], [ 96.965060022293954, 27.274451819765385 ], [ 96.996455031515339, 27.223485117542275 ], [ 96.997330541817746, 27.22206352000385 ], [ 96.999994159560998, 27.217738410736903 ], [ 97.035314275406961, 27.145764960068583 ], [ 97.042109845620359, 27.114612604967306 ], [ 97.040811866714407, 27.108967148765323 ], [ 97.039227871126201, 27.102075513409684 ], [ 97.020221420470122, 27.100389942551892 ], [ 97.018628181658443, 27.101325843121042 ] ] ] } },
{ "type": "Feature", "properties": { "state_name": "Punjab", "id": 22 }, "geometry": { "type": "MultiPolygon", "coordinates": [ [ [ [ 74.443238745576991, 29.741021025380636 ], [ 74.423295308142769, 29.753180820607525 ], [ 74.35968976450107, 29.771990498976347 ], [ 74.221679542520775, 29.78080126551755 ], [ 74.12085790657639, 29.791630344352306 ], [ 74.031352831092917, 29.762352744421165 ], [ 73.940054173052218, 29.700528702298449 ], [ 73.815335239136502, 29.701381919341518 ], [ 73.7882574739115, 29.769899492961727 ], [ 73.83522303989723, 29.873464926291355 ], [ 73.887138117154194, 29.935034781554485 ], [ 73.871505757268366, 30.019289862418741 ], [ 73.86523700349008, 30.02432102972509 ], [ 73.869647020683601, 30.027985453123581 ], [ 73.89790172900841, 30.051453424150882 ], [ 73.899488077500891, 30.052860282316441 ], [ 73.902052398546999, 30.055134335723146 ], [ 73.926076041691758, 30.076431258433161 ], [ 73.928252796869756, 30.080589379090529 ], [ 73.929526931954499, 30.083023107131137 ], [ 73.93548664403329, 30.094405065698645 ], [ 73.935411250101637, 30.101440250574534 ], [ 73.935198221018652, 30.121305024851548 ], [ 73.935179467487515, 30.123052823166123 ], [ 73.93516114118583, 30.124760655704574 ], [ 73.932764906941756, 30.133124999478031 ], [ 73.927589404777407, 30.151185427423979 ], [ 73.923480354093769, 30.165519221762747 ], [ 73.919851622799214, 30.178173708037438 ], [ 73.911854076892752, 30.19216316661603 ], [ 73.906068921729599, 30.202279794522109 ], [ 73.891738550926149, 30.227329233349913 ], [ 73.886753045867252, 30.236040405758892 ], [ 73.882482444681713, 30.243501000803295 ], [ 73.877109114189764, 30.264753795368094 ], [ 73.881791681506954, 30.282824524213058 ], [ 73.884397440989503, 30.292877773009149 ], [ 73.885533302159303, 30.297259405650152 ], [ 73.885682941086728, 30.298005316259896 ], [ 73.886465463877485, 30.30190581371075 ], [ 73.89227476807352, 30.330853331193573 ], [ 73.89465271342749, 30.342697928335141 ], [ 73.896223839691402, 30.346602090090236 ], [ 73.899750165615259, 30.355363660630239 ], [ 73.906706193516442, 30.372642045828048 ], [ 73.93530366435489, 30.401527253462874 ], [ 73.951956106169575, 30.406390039356552 ], [ 73.961079376879752, 30.4090530867064 ], [ 73.965542290437767, 30.410355510958727 ], [ 74.002582609792057, 30.421157915315533 ], [ 74.022959177806314, 30.426305379423535 ], [ 74.051905254802975, 30.433611284422412 ], [ 74.056170999834094, 30.434687314693239 ], [ 74.066980135586064, 30.44534489065401 ], [ 74.070985469322537, 30.449293257574752 ], [ 74.072731573163907, 30.451014390577047 ], [ 74.104472606725423, 30.482287053630937 ], [ 74.107520342399695, 30.48528837574781 ], [ 74.11351872353859, 30.49119467064596 ], [ 74.121666659297759, 30.504965125986885 ], [ 74.143750115765314, 30.542265695475134 ], [ 74.15056541310625, 30.553770833582504 ], [ 74.168405009229048, 30.583872179914351 ], [ 74.171752084494457, 30.589517507275513 ], [ 74.176750925393847, 30.597947420588266 ], [ 74.190507147883196, 30.621137163232447 ], [ 74.22505349307815, 30.679319868993069 ], [ 74.22773926955432, 30.682617548081723 ], [ 74.231476592774015, 30.687205888328972 ], [ 74.244923352731476, 30.703710146686699 ], [ 74.271724446058599, 30.736584528883771 ], [ 74.286646654270356, 30.754876252373865 ], [ 74.291538534610794, 30.759742759695261 ], [ 74.316388091759435, 30.784453099443954 ], [ 74.318405048235846, 30.786457998700389 ], [ 74.356674551121884, 30.824477174400034 ], [ 74.364308058311693, 30.830600486481746 ], [ 74.373646953011132, 30.838090136517543 ], [ 74.402408527099425, 30.861145000880423 ], [ 74.407601509348353, 30.865305774003005 ], [ 74.417940809657566, 30.870003323731211 ], [ 74.46168258134324, 30.889862772484189 ], [ 74.476619993365659, 30.896639346351641 ], [ 74.499106404316478, 30.904498959980668 ], [ 74.522961196425911, 30.912831199307931 ], [ 74.543926505713102, 30.920149359182581 ], [ 74.578227331552171, 30.932112711607282 ], [ 74.594106938169247, 30.937647078062547 ], [ 74.598229870780543, 30.942914182534864 ], [ 74.599253282330494, 30.944221495863172 ], [ 74.603669295364071, 30.949862043266787 ], [ 74.611640678910476, 30.960041790387354 ], [ 74.617529938797247, 30.967560891573015 ], [ 74.620923850698787, 30.983963140981448 ], [ 74.631451648905596, 30.989904004944993 ], [ 74.636110128290426, 30.992532288836131 ], [ 74.669391100086088, 31.011300127014692 ], [ 74.666487677329883, 31.029399891311016 ], [ 74.652478801371018, 31.040116206910028 ], [ 74.60647898397113, 31.039565494622288 ], [ 74.553591424278849, 31.028029153116229 ], [ 74.4866347697413, 31.033202937904914 ], [ 74.461416061611928, 31.047367619261909 ], [ 74.45306350491181, 31.058433085767437 ], [ 74.438836847330492, 31.077273288239077 ], [ 74.431622733703747, 31.103761783754297 ], [ 74.435558535422331, 31.131613606581936 ], [ 74.435788917630418, 31.132401801224574 ], [ 74.450463862722032, 31.182581309801087 ], [ 74.462805326569907, 31.207033971279223 ], [ 74.468120111455875, 31.217560181775639 ], [ 74.549370453953003, 31.298049331132358 ], [ 74.557779659540302, 31.306369057877404 ], [ 74.560944888836858, 31.324992261460054 ], [ 74.579158251004628, 31.34506089656897 ], [ 74.598515107673052, 31.37794856484313 ], [ 74.596955927961858, 31.400898571157409 ], [ 74.588438205999822, 31.417714780495427 ], [ 74.567559530768094, 31.441279577754493 ], [ 74.559062327660087, 31.450865568530091 ], [ 74.52063208253476, 31.494188196268546 ], [ 74.481194951385049, 31.517820783839824 ], [ 74.443283748731076, 31.524535600659938 ], [ 74.422239128846883, 31.53850795823131 ], [ 74.409429539499598, 31.54700897587346 ], [ 74.39520612213181, 31.568554976075447 ], [ 74.393519499152049, 31.583846725190561 ], [ 74.392144475070836, 31.596309337734539 ], [ 74.39338174093507, 31.600541188705016 ], [ 74.400310273872023, 31.624231896152882 ], [ 74.43558876282944, 31.669073190521658 ], [ 74.44714705006723, 31.680725424768731 ], [ 74.483060600332379, 31.707627609906556 ], [ 74.490499336019695, 31.713196637081854 ], [ 74.494761991959791, 31.716387390527512 ], [ 74.502523923768322, 31.72219655505284 ], [ 74.549886704884912, 31.757617817457152 ], [ 74.56258777253143, 31.767109022212374 ], [ 74.642747616786181, 31.817128633778282 ], [ 74.671558842431608, 31.831316847067324 ], [ 74.736885337938403, 31.863446958074832 ], [ 74.761101264555691, 31.873763985694108 ], [ 74.770066328379656, 31.877581736401133 ], [ 74.857189169195493, 31.914633462238935 ], [ 74.865528276435896, 31.918175238897678 ], [ 74.904688660040733, 31.938500590705274 ], [ 74.95087494520304, 31.942107424631157 ], [ 74.965166952032291, 31.940649787028722 ], [ 74.982785270523834, 31.938850622512319 ], [ 74.985867931648613, 31.93853556584239 ], [ 75.03765182026838, 31.931369619228658 ], [ 75.052254576777855, 31.943219241374052 ], [ 75.065474061006171, 31.953942294814816 ], [ 75.067059373801214, 31.955227968402813 ], [ 75.080517589382865, 31.961543066073833 ], [ 75.149298776889822, 31.993781870513818 ], [ 75.176349121551482, 32.006444331694247 ], [ 75.193699038643175, 32.031758773194305 ], [ 75.202371207338402, 32.044405751168561 ], [ 75.20813262268905, 32.046615126449787 ], [ 75.219533489866208, 32.050986017874003 ], [ 75.231037677037733, 32.055395054012045 ], [ 75.247204092772463, 32.076262302882498 ], [ 75.289905962021578, 32.131324812156407 ], [ 75.298003256233173, 32.153956134286446 ], [ 75.347313393548603, 32.160289710617711 ], [ 75.502517015163306, 32.217054497274205 ], [ 75.625647355119966, 32.285401524486893 ], [ 75.755248102621323, 32.357097470320383 ], [ 75.879431293031786, 32.432125570231555 ], [ 75.927277787418262, 32.46096643780124 ], [ 75.945692707042582, 32.499016763194206 ], [ 75.955209181484378, 32.546678628126777 ], [ 75.962705714381229, 32.615357367335804 ], [ 75.924965871539314, 32.674829934751877 ], [ 75.877954179219643, 32.71526333600832 ], [ 75.84664366056171, 32.747936956843375 ], [ 75.844726983898383, 32.784226630206291 ], [ 75.847240571777107, 32.810939743953774 ], [ 75.856411971999421, 32.824242336139847 ], [ 75.870071816964227, 32.833694525776458 ], [ 76.100980203950215, 32.852877687619966 ], [ 76.223790120318483, 32.90137524960921 ], [ 76.312658348370078, 32.942474683858549 ], [ 76.31095828155793, 32.980675004239842 ], [ 76.328300063292716, 33.079764823651978 ], [ 76.35806805135384, 33.098534817968371 ], [ 76.423493060939265, 33.076805174331113 ], [ 76.470943174376458, 33.06670916354053 ], [ 76.505010082642244, 33.070120679063734 ], [ 76.537343765292519, 33.104088382298798 ], [ 76.565063799391666, 33.1323781986192 ], [ 76.630810865252485, 33.129625783383709 ], [ 76.941615401650452, 33.025908703756421 ], [ 77.11810417315931, 32.95911699716163 ], [ 77.199767903213825, 32.928094865523583 ], [ 77.342639449616414, 32.852966996589309 ], [ 77.410289012432401, 32.845955476429189 ], [ 77.456222926798574, 32.871782686593271 ], [ 77.488189449755382, 32.882602201939456 ], [ 77.523981781029349, 32.868524444396321 ], [ 77.545930285572041, 32.845176436553409 ], [ 77.581532041417475, 32.825360974159224 ], [ 77.623093185710701, 32.855032990231507 ], [ 77.648404285855804, 32.869767557557203 ], [ 77.743240898229715, 32.938334763927244 ], [ 77.833095338998135, 32.917244594512894 ], [ 77.861137364812876, 32.874621323396866 ], [ 77.882007631802352, 32.820707654915381 ], [ 77.907493045318759, 32.770500593895349 ], [ 77.960146777354126, 32.723466655880323 ], [ 77.95825767639829, 32.666260983168463 ], [ 77.927644067701976, 32.626903617565816 ], [ 77.93072117842371, 32.582938964696204 ], [ 77.976947423040329, 32.549409343527536 ], [ 78.015220639612934, 32.548496508684842 ], [ 78.065721469072415, 32.575898582694819 ], [ 78.127978697600966, 32.616344286110859 ], [ 78.156083186364597, 32.646171858657624 ], [ 78.170209928513344, 32.662989292836265 ], [ 78.191172667208306, 32.681539221009928 ], [ 78.238717551299104, 32.68604407661168 ], [ 78.306132001148896, 32.678559523153986 ], [ 78.354362567610835, 32.64102510903048 ], [ 78.4026246442277, 32.605380646834796 ], [ 78.453449812527609, 32.520040811699126 ], [ 78.464822120711148, 32.502868522386763 ], [ 78.46942291789793, 32.493021610872013 ], [ 78.466026297617148, 32.49117632705309 ], [ 78.461174671703262, 32.482948543832769 ], [ 78.461082023244018, 32.482791405027143 ], [ 78.459309641256255, 32.480616907682432 ], [ 78.451802568105606, 32.473228394531937 ], [ 78.441402991269683, 32.462990144355565 ], [ 78.434005640824736, 32.441561194473856 ], [ 78.433766728150871, 32.436407053620393 ], [ 78.432252999625376, 32.433833571972443 ], [ 78.430959826770291, 32.414062592848353 ], [ 78.430313421455622, 32.404174265913376 ], [ 78.45435225807968, 32.369721228767361 ], [ 78.466174292100519, 32.352763203943134 ], [ 78.475599859636006, 32.325233763067885 ], [ 78.477772939555194, 32.318884679549214 ], [ 78.477284671861526, 32.318403202737663 ], [ 78.464799683989753, 32.296846666091014 ], [ 78.462608597902843, 32.293062246615484 ], [ 78.458761955429424, 32.286417431192298 ], [ 78.451388825966603, 32.264994361273267 ], [ 78.44934539339404, 32.252594755494428 ], [ 78.448436198539724, 32.247076312181321 ], [ 78.448555231951772, 32.246560317968786 ], [ 78.451438637282948, 32.234059685276875 ], [ 78.45026635120837, 32.216333620578801 ], [ 78.45000248580979, 32.212342082040948 ], [ 78.487485125445531, 32.18662694054413 ], [ 78.508174991133103, 32.165397922334861 ], [ 78.588403219267676, 32.082960880588935 ], [ 78.633799194336532, 32.036231906577719 ], [ 78.643720442385543, 32.029205578555988 ], [ 78.669047203874825, 32.011268552654059 ], [ 78.686339992608367, 31.999014771967968 ], [ 78.690763313495623, 31.995879517242841 ], [ 78.714809898927086, 31.978829133460255 ], [ 78.725406252894317, 31.952709889152626 ], [ 78.732472940853796, 31.935283412318721 ], [ 78.73242586698052, 31.924034756581189 ], [ 78.732385551895902, 31.91437163752358 ], [ 78.732324355673668, 31.899650926864876 ], [ 78.731687839717111, 31.894444978774519 ], [ 78.729734391311325, 31.885047182962492 ], [ 78.728753388286947, 31.880326775390408 ], [ 78.727691352496663, 31.875215755804877 ], [ 78.719267159072473, 31.834648861032804 ], [ 78.718772886481688, 31.828868479970652 ], [ 78.718465158397279, 31.825269093295152 ], [ 78.715595192376284, 31.791678224723455 ], [ 78.714054802025103, 31.773632752385456 ], [ 78.714047085202566, 31.773542322088577 ], [ 78.712597693956056, 31.744769124534557 ], [ 78.714500235181248, 31.704831484519314 ], [ 78.71465804897926, 31.701518842539709 ], [ 78.716166991107386, 31.696190178335581 ], [ 78.721839499217239, 31.676153749064774 ], [ 78.747939129980523, 31.653027843737313 ], [ 78.749578314680306, 31.650203690168908 ], [ 78.77304867285828, 31.616091565308768 ], [ 78.793181932964188, 31.58680823193826 ], [ 78.797011013477515, 31.575358134445647 ], [ 78.806425809866042, 31.547194652221343 ], [ 78.805545676853384, 31.540762854821896 ], [ 78.803783662829773, 31.527882730005032 ], [ 78.80286442451748, 31.52116121202042 ], [ 78.798148010179901, 31.515953559770558 ], [ 78.797791782597045, 31.515532834907788 ], [ 78.782810897554413, 31.497834887663007 ], [ 78.775746088047654, 31.489485572993452 ], [ 78.773381357903759, 31.476336827372311 ], [ 78.769949240810178, 31.457244344120785 ], [ 78.774565534874355, 31.444275331425334 ], [ 78.781720049859373, 31.424169158281487 ], [ 78.783082585617848, 31.417784639551918 ], [ 78.784092014466523, 31.402926574669234 ], [ 78.783230748104884, 31.384972796052825 ], [ 78.78820979992382, 31.373586004438142 ], [ 78.796671090206829, 31.354229633242504 ], [ 78.799317652252711, 31.341891711930085 ], [ 78.799689726084779, 31.340156955865282 ], [ 78.855405806455522, 31.255004055681123 ], [ 78.888514616796641, 31.233823164561816 ], [ 78.888048890610861, 31.224516709997562 ], [ 78.896877272481333, 31.186093090384333 ], [ 78.939901070057729, 31.103105001151945 ], [ 78.954238270615505, 31.031124223144428 ], [ 78.95155098663426, 30.999609178690875 ], [ 78.929267241295165, 30.979423616709436 ], [ 78.883131558314645, 30.984994182071066 ], [ 78.866855997280609, 30.993233866949332 ], [ 78.851984081311869, 31.002025919171636 ], [ 78.813907889799992, 31.036546336945804 ], [ 78.728621675261962, 31.086742225589578 ], [ 78.671567020799529, 31.116406317383397 ], [ 78.619996250178616, 31.108923100561583 ], [ 78.527300491007892, 31.094800073212149 ], [ 78.490785215634276, 31.100565818744975 ], [ 78.409421051800095, 31.170132918735696 ], [ 78.304543237654897, 31.20567118827168 ], [ 78.256179066900899, 31.191399758939713 ], [ 78.198397028351309, 31.164819609991852 ], [ 78.122749112617967, 31.142225247153185 ], [ 78.070303058300965, 31.107104672041451 ], [ 77.988437161812499, 31.082786434062822 ], [ 77.887146129724144, 31.125060701435178 ], [ 77.81849377101463, 31.124792532595926 ], [ 77.789210720764359, 31.095604885227463 ], [ 77.770836250927346, 31.059614051328467 ], [ 77.777943966104303, 30.996854480737273 ], [ 77.720219644907175, 31.001718735462614 ], [ 77.668464569667023, 31.013298524026649 ], [ 77.583465809308976, 31.107614434745006 ], [ 77.547821174352535, 31.143640906489711 ], [ 77.542759489691605, 31.161876442933551 ], [ 77.494765705857432, 31.182009722258886 ], [ 77.454088624392, 31.170422965320721 ], [ 77.383403333873233, 31.14609826892794 ], [ 77.329511789616447, 31.154840693636498 ], [ 77.320993022545849, 31.161633319113044 ], [ 77.297678857674171, 31.137503132376469 ], [ 77.252246330474705, 31.093439878101826 ], [ 77.190536968074113, 31.06300125425366 ], [ 77.117076743818188, 31.050863396271236 ], [ 77.03412465045308, 31.060790475314601 ], [ 76.928976646482951, 31.070998583662238 ], [ 76.831417889723255, 31.073376051174176 ], [ 76.820026454604147, 31.078934424714632 ], [ 76.79611290708425, 31.050055211115943 ], [ 76.76717517876304, 31.01509626747486 ], [ 76.760954281334548, 31.007576591326703 ], [ 76.775566570827024, 30.958684413035336 ], [ 76.789419443283634, 30.869701438883673 ], [ 76.778649912282788, 30.82593082185662 ], [ 76.740681817393082, 30.806396358772492 ], [ 76.727442198143535, 30.746422114382842 ], [ 76.719095749346835, 30.712160448551288 ], [ 76.699979997512315, 30.697743922513002 ], [ 76.6973170944364, 30.677978680282969 ], [ 76.74492443884067, 30.622446983900591 ], [ 76.768186613072615, 30.596353196411929 ], [ 76.776695433022923, 30.54849727254388 ], [ 76.794008246372684, 30.530118681706064 ], [ 76.881595296210548, 30.525063706017637 ], [ 76.926404161018823, 30.560212386525386 ], [ 76.952443737927695, 30.566143197997587 ], [ 76.969289249852693, 30.5853767027135 ], [ 77.003393364598679, 30.600370481560372 ], [ 77.030710402568459, 30.620234777973327 ], [ 77.060614217516985, 30.663919773126924 ], [ 77.096332863698549, 30.687812426927412 ], [ 77.131326069509612, 30.709319842430055 ], [ 77.154570350841766, 30.729819589260487 ], [ 77.189996481404265, 30.769202869263584 ], [ 77.227167061688348, 30.79303241239143 ], [ 77.256790093357594, 30.788939977366162 ], [ 77.311982813722977, 30.784983820981321 ], [ 77.335921036616128, 30.767550504545383 ], [ 77.350959925597977, 30.704035571947596 ], [ 77.342068913547536, 30.74159452539454 ], [ 77.359680390992494, 30.749368484048581 ], [ 77.425257118625765, 30.741953789412683 ], [ 77.454207272331828, 30.750477645949321 ], [ 77.536026030886745, 30.772766875371509 ], [ 77.570118227457783, 30.78689054207732 ], [ 77.636535006373094, 30.789851357052111 ], [ 77.662495808981333, 30.779059595797239 ], [ 77.694577261771286, 30.740216915327778 ], [ 77.772774452608587, 30.808243779947404 ], [ 77.792361684096079, 30.835501791092113 ], [ 77.801315620151158, 30.839126068917228 ], [ 77.826492452946752, 30.833109526027233 ], [ 77.813847048541547, 30.801584508820866 ], [ 77.756674170532605, 30.735405020152442 ], [ 77.700959747194858, 30.718680702350682 ], [ 77.662416675266044, 30.672945206967011 ], [ 77.654247295732034, 30.626579804902903 ], [ 77.668436675708207, 30.607080605416055 ], [ 77.69345498004914, 30.572678647919965 ], [ 77.727466978602266, 30.50694460933029 ], [ 77.742500573207508, 30.477993919975457 ], [ 77.746164220867726, 30.436753830264756 ], [ 77.735094140524367, 30.410140822973059 ], [ 77.708752873168251, 30.378475064705047 ], [ 77.684064515667842, 30.356314627670475 ], [ 77.622092398851521, 30.328339730508393 ], [ 77.551058072209884, 30.267696732406701 ], [ 77.506928081416362, 30.235137943864011 ], [ 77.480692930215781, 30.202822139760155 ], [ 77.45218523294163, 30.165313532214032 ], [ 77.444483357815557, 30.155173574905326 ], [ 77.430552069919315, 30.119036147242834 ], [ 77.400111919804544, 30.08801174560605 ], [ 77.377085064097784, 30.064524428828879 ], [ 77.321339052045559, 30.027332765454929 ], [ 77.292466845666468, 29.994424027094627 ], [ 77.277774821394331, 29.97105759197186 ], [ 77.266863087986451, 29.95369468775386 ], [ 77.217417571410365, 29.856077008238181 ], [ 77.196292791744114, 29.797950322830527 ], [ 77.173870226801682, 29.811975859318302 ], [ 77.12303673125443, 29.760425445389295 ], [ 77.091491997384651, 29.690510128799637 ], [ 77.094585705936638, 29.575881494433062 ], [ 77.046013588609441, 29.469217315247324 ], [ 77.045330589608284, 29.230507341360411 ], [ 77.070978677654196, 29.15252743906348 ], [ 77.046913796707827, 29.035920522453381 ], [ 77.057072591069911, 29.012165110902121 ], [ 77.096199048974029, 28.920570702821045 ], [ 77.084346131578826, 28.802582181187958 ], [ 77.134101675841436, 28.717054844097007 ], [ 77.256839838722868, 28.504983476645229 ], [ 77.282743804134483, 28.389961271059093 ], [ 77.326260693015939, 28.303174837615352 ], [ 77.355143796674454, 28.245493567828216 ], [ 77.414593810585643, 28.191937090541192 ], [ 77.419040481755445, 28.150082012567339 ], [ 77.399494149268136, 28.058516088932258 ], [ 77.414621411825195, 28.012892566723718 ], [ 77.447099739630261, 27.962185521104892 ], [ 77.47264327659596, 27.903241190139287 ], [ 77.460846298739014, 27.856900696712987 ], [ 77.42858684356581, 27.795402401501324 ], [ 77.350232341546032, 27.709617538715602 ], [ 77.260003260864238, 27.692020508664314 ], [ 77.167400789938014, 27.688726083369268 ], [ 77.090229206426059, 27.650515914895244 ], [ 77.01372906287024, 27.572852413253219 ], [ 76.935454650685841, 27.540535727929893 ], [ 76.890068175707526, 27.549518054555499 ], [ 76.857572479615058, 27.608459891131925 ], [ 76.844893345953778, 27.651611178078952 ], [ 76.871461516722277, 27.715727126612038 ], [ 76.904668964742299, 27.773775454698917 ], [ 76.897716518790219, 27.837147795813404 ], [ 76.901353839061755, 27.968424890488425 ], [ 76.898303822610245, 28.024578910103887 ], [ 76.852023790880182, 28.071771963848491 ], [ 76.791071184395207, 28.048703070348356 ], [ 76.723208226162498, 28.012559762241299 ], [ 76.650047211496357, 27.978832869683913 ], [ 76.618674116487625, 27.949356298640094 ], [ 76.600272810399971, 27.91913102751473 ], [ 76.588365539100579, 27.899561755340834 ], [ 76.557880831197693, 27.835433185369844 ], [ 76.488045751200872, 27.836203879069643 ], [ 76.452325114284349, 27.877181983445865 ], [ 76.438682591585163, 27.980470559272295 ], [ 76.434000400990314, 28.015882053432083 ], [ 76.410735909699952, 28.088958450003151 ], [ 76.385969653915822, 28.087809778606182 ], [ 76.347419344381251, 28.086012829634157 ], [ 76.28777331588924, 28.051957983339552 ], [ 76.284061757617792, 27.966019829627637 ], [ 76.225361951724366, 27.888938848190165 ], [ 76.188206531611044, 27.809258171292591 ], [ 76.178188757672345, 27.752025624392861 ], [ 76.165102967402674, 27.715426674821163 ], [ 76.161589140121947, 27.705594380407259 ], [ 76.13990038459221, 27.684279845035903 ], [ 76.08733952869099, 27.659624800773294 ], [ 76.045641480111669, 27.646809627218026 ], [ 75.981372574082741, 27.658027228739087 ], [ 75.95881383246612, 27.685651705560559 ], [ 75.92177559951682, 27.748001498538933 ], [ 75.876638016610755, 27.810393210771682 ], [ 75.887683038651588, 27.847342453120433 ], [ 75.881410352437868, 27.90231495500182 ], [ 75.884516521862651, 27.953644392215182 ], [ 75.90632185449526, 27.988133159027655 ], [ 75.944309211730371, 28.024896101931564 ], [ 75.947303785469302, 28.059505536816797 ], [ 75.92734886976956, 28.08710694623543 ], [ 75.879072794597676, 28.111307588199633 ], [ 75.813533950048821, 28.171419391097036 ], [ 75.788499611966458, 28.205800003626099 ], [ 75.765491900943914, 28.237374265160906 ], [ 75.640322899270529, 28.27623058887491 ], [ 75.555778353366094, 28.360191329865561 ], [ 75.533115963335007, 28.417600643746287 ], [ 75.520076923803657, 28.455979824411394 ], [ 75.485135176645173, 28.558687346289954 ], [ 75.401835295922936, 28.7046411598545 ], [ 75.418334919471818, 28.766683960072427 ], [ 75.420283410526167, 28.775730452661502 ], [ 75.367779701091791, 28.951447613097155 ], [ 75.320065114421539, 28.981885997651013 ], [ 75.294425970272357, 29.039259096848674 ], [ 75.263266093801789, 29.075145165410387 ], [ 75.199406304334246, 29.087195684203504 ], [ 75.074337936709782, 29.078964932113831 ], [ 74.961499983341568, 29.12912985464245 ], [ 74.826765255783002, 29.189919061473692 ], [ 74.839037860869439, 29.17321798669553 ], [ 74.743767356692189, 29.187397894270795 ], [ 74.648625848899002, 29.156137479243878 ], [ 74.556010764230905, 29.183324886021691 ], [ 74.490424720902311, 29.239209362824425 ], [ 74.486125896983083, 29.282176594396564 ], [ 74.502080316514423, 29.362233777870362 ], [ 74.556257029689647, 29.441227188914898 ], [ 74.551928806350688, 29.494940907355936 ], [ 74.52176983766077, 29.523490705109907 ], [ 74.459038106241664, 29.511310806920111 ], [ 74.396251051594874, 29.511040550285237 ], [ 74.394551899726125, 29.567147626689845 ], [ 74.452650920033392, 29.683210285668601 ], [ 74.443238745576991, 29.741021025380636 ] ], [ [ 74.502523923768322, 31.72219655505284 ], [ 74.544920404406696, 31.705357776954948 ], [ 74.527331966958954, 31.712345912737337 ], [ 74.502523923768322, 31.72219655505284 ] ], [ [ 75.832571078234594, 29.808858004675578 ], [ 75.884827716406619, 29.589859223763245 ], [ 75.597641724488923, 28.848944422985252 ], [ 75.764217808203767, 28.396963313741736 ], [ 75.740446429219432, 28.414706629090333 ], [ 75.764217852002616, 28.396963194899634 ], [ 75.829690314295817, 28.21931274549393 ], [ 75.785168511439707, 28.381325231183105 ], [ 75.785579110416947, 28.381018752433476 ], [ 75.785168455406705, 28.381325435084221 ], [ 75.983875685424337, 29.174765845668123 ], [ 76.219118851913564, 28.188901303262949 ], [ 76.445198005671202, 28.164731422616125 ], [ 76.300938169693808, 28.278272721250289 ], [ 76.940571337368993, 28.363306651780736 ], [ 76.269851319840285, 28.872161800096475 ], [ 76.313303468803213, 29.182107235341672 ], [ 76.169223864464257, 30.323576470809673 ], [ 75.963303567392231, 29.792320071907771 ], [ 75.832571078234594, 29.808858004675578 ] ], [ [ 75.829690314295817, 28.21931274549393 ], [ 75.962484885491705, 28.234682667629695 ], [ 75.835771427878257, 28.220019510236543 ], [ 75.829690314295817, 28.21931274549393 ] ], [ [ 76.153828453960415, 30.44554645773573 ], [ 76.153828435351272, 30.445546605166502 ], [ 76.153644003840682, 30.42988292056997 ], [ 76.153828453960415, 30.44554645773573 ] ], [ [ 76.153828435351272, 30.445546605166502 ], [ 76.153828455810071, 30.445546614809157 ], [ 76.153880129217058, 30.449934729774196 ], [ 76.153828435351272, 30.445546605166502 ] ], [ [ 75.245379553394301, 30.256882948257488 ], [ 75.23915692918429, 30.257809638328638 ], [ 75.177188062157768, 30.267021139761844 ], [ 75.245379553394301, 30.256882948257488 ] ], [ [ 75.669298342990032, 30.062458976148044 ], [ 75.669331985321179, 30.06244232429065 ], [ 75.669331902629168, 30.06244358452469 ], [ 75.669298342990032, 30.062458976148044 ] ], [ [ 76.230509453303569, 30.48168794255044 ], [ 76.380636049709722, 30.55244568828606 ], [ 76.356786171190123, 30.536788557443231 ], [ 76.380636049709821, 30.552445688286106 ], [ 76.451750360025187, 30.580166440448775 ], [ 76.50934679630268, 30.840740807213251 ], [ 76.47949653337237, 30.824352847108393 ], [ 76.509346931082021, 30.840741416973938 ], [ 76.503475667427807, 30.972408141772682 ], [ 76.494088379329384, 30.909164765599783 ], [ 76.503475575887521, 30.972410194620387 ], [ 76.452207564432769, 31.053649725029089 ], [ 76.230509453303569, 30.48168794255044 ] ], [ [ 76.503008583275161, 31.184711921007377 ], [ 77.214586492490795, 31.240908166476604 ], [ 76.672905741992338, 31.279494963161394 ], [ 76.672905741992324, 31.279494963161394 ], [ 76.555862101202052, 31.321069385533143 ], [ 76.503008583275161, 31.184711921007377 ] ], [ [ 75.689399343173363, 30.408866664557159 ], [ 75.794841219077441, 30.430774362320538 ], [ 75.66838536972152, 30.49693269270325 ], [ 75.689399343173363, 30.408866664557159 ] ], [ [ 75.55352909323453, 30.978276028414502 ], [ 75.845102907542739, 31.217656265943578 ], [ 75.465010763355082, 31.349241459986601 ], [ 75.55352909323453, 30.978276028414502 ] ], [ [ 74.927337238789093, 30.279312276261116 ], [ 74.907461595218564, 30.290671566550632 ], [ 74.939801139170825, 30.272186043653868 ], [ 74.927337238789093, 30.279312276261116 ] ] ], [ [ [ 75.794841219077441, 30.430774362320538 ], [ 75.762613130992051, 30.431682879550756 ], [ 75.78329352066369, 30.431100810787676 ], [ 75.794841219077441, 30.430774362320538 ] ] ], [ [ [ 75.963303567392231, 29.792320071907771 ], [ 76.133153429054644, 29.770833709864991 ], [ 76.092416086936012, 29.789941507495609 ], [ 76.133153429054659, 29.770833709864988 ], [ 75.983875685424337, 29.174765845668123 ], [ 75.884827716406619, 29.589859223763245 ], [ 75.963303567392231, 29.792320071907771 ] ] ], [ [ [ 76.940571337368993, 28.363306651780736 ], [ 76.83516024698983, 28.355216012186428 ], [ 76.845694094380448, 28.356028259357494 ], [ 76.940571337368993, 28.363306651780736 ] ] ], [ [ [ 76.269851319840285, 28.872161800096475 ], [ 76.278835079479549, 28.798516668487348 ], [ 76.2679852998683, 28.8874476435258 ], [ 76.269851319840285, 28.872161800096475 ] ] ], [ [ [ 76.313303468803213, 29.182107235341672 ], [ 76.294207196081302, 29.178114654476694 ], [ 76.302234121614205, 29.179793268395567 ], [ 76.313303468803213, 29.182107235341672 ] ] ], [ [ [ 76.451750360025187, 30.580166440448775 ], [ 76.441439427432471, 30.576413259298544 ], [ 76.441439427432471, 30.576413259298551 ], [ 76.451750360025187, 30.580166440448775 ] ] ], [ [ [ 76.380636049709821, 30.552445688286106 ], [ 76.380636049709722, 30.55244568828606 ], [ 76.380636049709793, 30.552445688286106 ], [ 76.359151379770793, 30.60605079588289 ], [ 76.380636049709821, 30.552445688286106 ] ] ], [ [ [ 76.672905741992324, 31.279494963161394 ], [ 76.672905741992338, 31.279494963161394 ], [ 76.687039352380651, 31.251018671551446 ], [ 76.672905741992324, 31.279494963161394 ] ] ], [ [ [ 75.785168455406705, 28.381325435084221 ], [ 75.785168511439707, 28.381325231183105 ], [ 75.764217852002616, 28.396963194899634 ], [ 75.764217808203767, 28.396963313741736 ], [ 75.785168455406705, 28.381325435084221 ] ] ] ] } },
{ "type": "Feature", "properties": { "state_name": "Rajputana Agency", "id": 23 }, "geometry": { "type": "MultiPolygon", "coordinates": [ [ [ [ 72.679155861311457, 27.317741032768101 ], [ 72.671204373065507, 27.316140322885332 ], [ 72.683764221412687, 27.305716778071769 ], [ 74.365955552786787, 22.916498797690291 ], [ 74.321451705606052, 22.896344299619177 ], [ 74.325078885084196, 22.924268193723808 ], [ 74.262855327329433, 22.979439077151326 ], [ 74.258079148553477, 23.01239720573556 ], [ 74.245676237083316, 23.097899670153865 ], [ 74.156425428785383, 23.158629048443458 ], [ 74.077555580279125, 23.20215996031261 ], [ 74.046896394827669, 23.226400589564278 ], [ 74.015144440778712, 23.251489275300926 ], [ 73.888766245078244, 23.271675441465696 ], [ 73.860552820442308, 23.285401530134454 ], [ 73.803554944392715, 23.313106929769916 ], [ 73.771981243370092, 23.370213643405098 ], [ 73.736036624588422, 23.448305556963504 ], [ 73.69196352555376, 23.505291077482287 ], [ 73.671102642123302, 23.518495722420834 ], [ 73.609118500016407, 23.498838548492568 ], [ 73.565927270818833, 23.467862046742479 ], [ 73.493127140501173, 23.492025182467668 ], [ 73.449005129896591, 23.543202082499445 ], [ 73.450652318157069, 23.57953638771319 ], [ 73.463907234636736, 23.599410189118117 ], [ 73.485311292232225, 23.631488088673272 ], [ 73.526372914565059, 23.670113504864101 ], [ 73.523911120175228, 23.704496763344512 ], [ 73.481578906197043, 23.774810667725927 ], [ 73.497158618278178, 23.864800631666899 ], [ 73.492581576861497, 23.901072854611577 ], [ 73.444564992158874, 23.917797131361525 ], [ 73.38078437594173, 23.863620647181563 ], [ 73.329348569101654, 23.822933224787413 ], [ 73.289202239914417, 23.874097953621835 ], [ 73.292706019577679, 23.923830383679835 ], [ 73.236264714110703, 23.946127806270468 ], [ 73.183696191808835, 23.987561336839622 ], [ 73.1869446614823, 24.052580199334081 ], [ 73.188542390116154, 24.087000338412487 ], [ 73.244194414830176, 24.127785065233141 ], [ 73.276919612668806, 24.172115999167566 ], [ 73.253122405442156, 24.236825774319072 ], [ 73.239248825847639, 24.336046453369775 ], [ 73.215106570603695, 24.36105088739826 ], [ 73.186321528121212, 24.390845120804066 ], [ 73.146541690815056, 24.399918870866237 ], [ 73.101097056286747, 24.368778984120691 ], [ 73.089241530780285, 24.324675932019453 ], [ 73.052117779795921, 24.297449577430207 ], [ 72.975350645002464, 24.273513889174744 ], [ 72.965477249574874, 24.238984568919069 ], [ 72.955974107860698, 24.18152800349268 ], [ 72.923115686327179, 24.152419434481946 ], [ 72.877467037795952, 24.142236472412183 ], [ 72.848153933657059, 24.126601385121454 ], [ 72.8471604408453, 24.136257087470216 ], [ 72.809398122106771, 24.137511157055656 ], [ 72.761862449733911, 24.176829232102985 ], [ 72.70534568156674, 24.207038766700066 ], [ 72.659826510935602, 24.239783555626701 ], [ 72.622649365640626, 24.278017664750415 ], [ 72.625560961589244, 24.296572839340339 ], [ 72.579201874973876, 24.336441580592094 ], [ 72.530239668240014, 24.341025599342284 ], [ 72.434564334773086, 24.335257867519598 ], [ 72.398695086522537, 24.368676559254858 ], [ 72.386943966235194, 24.401309710106812 ], [ 72.393253849611924, 24.443208997132054 ], [ 72.395400227419117, 24.465779966078095 ], [ 72.397007194973938, 24.482676035967199 ], [ 72.384849385096487, 24.502763908588623 ], [ 72.320656164599356, 24.514771089571489 ], [ 72.237851497143154, 24.482235757314943 ], [ 72.193726600202609, 24.471870905188176 ], [ 72.125994150620826, 24.467612345115565 ], [ 72.048063122176757, 24.453574415767523 ], [ 71.997608385479126, 24.436464554253249 ], [ 71.907684828339114, 24.434651514711931 ], [ 71.849575114261611, 24.464485916929583 ], [ 71.779676686749596, 24.49523797056332 ], [ 71.732982164470101, 24.510346695977535 ], [ 71.662756913500758, 24.50224458531936 ], [ 71.612779419020583, 24.493372982318128 ], [ 71.578157001760275, 24.470593834397476 ], [ 71.576709329346272, 24.478053264844267 ], [ 71.496196417226528, 24.466061953178524 ], [ 71.39061293223223, 24.465364256521426 ], [ 71.374329649791534, 24.487645647901758 ], [ 71.37218721162202, 24.516828496527935 ], [ 71.41893829023789, 24.523912991455489 ], [ 71.452210360265781, 24.523506733428192 ], [ 71.480604681783433, 24.534315864745675 ], [ 71.481492143436924, 24.549253207828531 ], [ 71.477263900607483, 24.560490926613575 ], [ 71.452856424521883, 24.570060809172258 ], [ 71.412122348238796, 24.557162415800267 ], [ 71.379116704940074, 24.548019438682065 ], [ 71.343122850914583, 24.574593353012613 ], [ 71.322512434706297, 24.587812629980082 ], [ 71.292486687281325, 24.588268542243572 ], [ 71.27578301996185, 24.579503765405679 ], [ 71.251863232874769, 24.550274573695845 ], [ 71.235890626540623, 24.539138025678017 ], [ 71.218679142533418, 24.547655082706896 ], [ 71.178256939925973, 24.547230937471767 ], [ 71.150947836978816, 24.555699066768923 ], [ 71.15474157030765, 24.565632957691314 ], [ 71.104346733665395, 24.628081413624297 ], [ 71.124368272042005, 24.643201488869892 ], [ 71.133388893929478, 24.650011864180062 ], [ 71.132461575979448, 24.680051810630502 ], [ 71.058426740187798, 24.791929939907615 ], [ 70.977239048659285, 24.90213286776936 ], [ 70.975785625959873, 24.903763902466395 ], [ 70.966650929067626, 24.914013427139093 ], [ 70.962115848152294, 24.961440338332974 ], [ 70.953528041391593, 25.051069697683378 ], [ 70.922136655693919, 25.121060771380655 ], [ 70.913649685397502, 25.129722001322374 ], [ 70.862706927178778, 25.181670965508197 ], [ 70.757560349546296, 25.285116863684998 ], [ 70.755378319035614, 25.288788854712305 ], [ 70.726331929556295, 25.337641077571007 ], [ 70.718654464284981, 25.361261070811913 ], [ 70.712197905305416, 25.38111553929917 ], [ 70.710374711560888, 25.43258033306369 ], [ 70.72176435685968, 25.522188882770326 ], [ 70.723520526556001, 25.536000988600108 ], [ 70.71945172946063, 25.591216016759745 ], [ 70.709681088189356, 25.629090240100126 ], [ 70.672975541318763, 25.654717670414968 ], [ 70.644015775846384, 25.652469570493036 ], [ 70.626602895992534, 25.671640990727674 ], [ 70.593285375417594, 25.6727836011138 ], [ 70.512067601337421, 25.6524483482827 ], [ 70.450974471994641, 25.631517253736838 ], [ 70.427402564418728, 25.623432892882942 ], [ 70.355023324537385, 25.626461925293455 ], [ 70.349883305844955, 25.629655741152821 ], [ 70.280012761114463, 25.692110662589322 ], [ 70.245275669155049, 25.725454611171838 ], [ 70.201191194286437, 25.767727835969804 ], [ 70.194908168019467, 25.779120134180875 ], [ 70.132940945316577, 25.891322815187323 ], [ 70.132149696536871, 25.894568643926348 ], [ 70.127209240276812, 25.91482951289268 ], [ 70.117714032945443, 25.953742023487525 ], [ 70.1150610549807, 25.990042479834663 ], [ 70.112845261673826, 26.020323147550478 ], [ 70.125784071279455, 26.064623022422268 ], [ 70.140569974453612, 26.083039166684934 ], [ 70.162150701768866, 26.109906913183892 ], [ 70.1840416301565, 26.137146909738583 ], [ 70.188144798126473, 26.168411960169387 ], [ 70.192087000746426, 26.198444887834029 ], [ 70.21014844215469, 26.273428507473362 ], [ 70.208807055658383, 26.357298809513541 ], [ 70.208686208592766, 26.371250806509284 ], [ 70.208242924976815, 26.422123198893992 ], [ 70.200473892948295, 26.456190551760489 ], [ 70.172576150251544, 26.47239895917409 ], [ 70.16764947557904, 26.503635723157501 ], [ 70.153231835452672, 26.520826719361455 ], [ 70.142920058845931, 26.533117482880805 ], [ 70.081326545847602, 26.551702999357214 ], [ 69.941835402543092, 26.548974217983389 ], [ 69.848975151845067, 26.554573921439843 ], [ 69.793468708843761, 26.564191481672729 ], [ 69.775404006798553, 26.567316342254035 ], [ 69.660027740867591, 26.625097140285611 ], [ 69.527993021275705, 26.733633716462066 ], [ 69.522593346736798, 26.75698333368668 ], [ 69.512795133522161, 26.799317796101079 ], [ 69.503402855533395, 26.839855298782666 ], [ 69.529609509992071, 26.931372712792744 ], [ 69.561382381220994, 27.022185136923941 ], [ 69.606081796669201, 27.075674967177999 ], [ 69.729035418748509, 27.178047969077859 ], [ 69.814382789034127, 27.233665053835111 ], [ 69.876965810575342, 27.293170299279918 ], [ 69.99113980860929, 27.393844700545923 ], [ 70.041049593425626, 27.471904164397777 ], [ 70.066547304997314, 27.531413489431216 ], [ 70.077354748820966, 27.556620399772886 ], [ 70.091896851517888, 27.620301172226249 ], [ 70.136524315701848, 27.663326712248505 ], [ 70.170194794916611, 27.695759717158346 ], [ 70.320510809912278, 27.812981752324262 ], [ 70.389347480526013, 27.865369301411402 ], [ 70.436720042241689, 27.887214061688208 ], [ 70.505103814346811, 27.888273198867605 ], [ 70.549665424018343, 27.881376356234949 ], [ 70.593028298116437, 27.87084933835181 ], [ 70.608860554915125, 27.850304355366049 ], [ 70.614618782022177, 27.842829439508602 ], [ 70.678455403338887, 27.709849531468858 ], [ 70.690728818245262, 27.70202308843335 ], [ 70.692405951284343, 27.698718827403297 ], [ 70.701316201231492, 27.682038748829537 ], [ 70.711198276734493, 27.6635317655305 ], [ 70.735279766432171, 27.629696483944162 ], [ 70.798023925214196, 27.599418397131362 ], [ 70.812044096747286, 27.588280581250292 ], [ 70.828385829395614, 27.575293464264337 ], [ 70.859489132379551, 27.566685631847228 ], [ 70.927353668717089, 27.577043231556431 ], [ 70.992170566441104, 27.598014002561296 ], [ 71.078290383219851, 27.623138956551838 ], [ 71.267338354497014, 27.695161582050794 ], [ 71.27220036379434, 27.696329497889206 ], [ 71.401637342625079, 27.727351683103119 ], [ 71.470986618818145, 27.734178833760474 ], [ 71.613414024859679, 27.726658096264391 ], [ 71.632768992564166, 27.729806774415742 ], [ 71.634850673413609, 27.729647473600053 ], [ 71.717566798318572, 27.743568179873606 ], [ 71.75033483728761, 27.759701990653245 ], [ 71.786309279579001, 27.777400650047415 ], [ 71.853274076658607, 27.827866165207936 ], [ 71.889651734600903, 27.916992869648535 ], [ 71.902055392984579, 27.953070543991359 ], [ 71.94862182636929, 28.017355923588738 ], [ 71.973018475543441, 28.058467958467514 ], [ 71.992053138743074, 28.099458924858293 ], [ 72.01940471837932, 28.132275975117846 ], [ 72.046932758225722, 28.15206051432008 ], [ 72.125910666964387, 28.208754367635102 ], [ 72.129033292439502, 28.210993854306231 ], [ 72.142614489612271, 28.232540419657827 ], [ 72.148685087245099, 28.242168432064879 ], [ 72.17925240784092, 28.29062034568269 ], [ 72.188528908824551, 28.305315147974028 ], [ 72.191941183673364, 28.314868893470582 ], [ 72.192110907342283, 28.315344047814722 ], [ 72.196196595103061, 28.326781070698928 ], [ 72.238823258680668, 28.445971083613856 ], [ 72.263691206361131, 28.528818778082133 ], [ 72.328630658971989, 28.632747211630328 ], [ 72.35500407230208, 28.650409516903952 ], [ 72.420462052309276, 28.694200767681597 ], [ 72.568102980496064, 28.748257891971384 ], [ 72.692589438414601, 28.814894723947834 ], [ 72.870811394348024, 28.914510446956164 ], [ 72.883627120059998, 28.928454225277431 ], [ 72.939734819303382, 28.989444543869787 ], [ 72.974436886947544, 29.027120764328256 ], [ 73.002653163657641, 29.068437728972423 ], [ 73.044483691786155, 29.129621745093669 ], [ 73.083011470617947, 29.18255523914123 ], [ 73.137297477160232, 29.257032654308098 ], [ 73.179875216496583, 29.315359774997525 ], [ 73.183166439132577, 29.359425888607351 ], [ 73.183177297308276, 29.359571228931259 ], [ 73.260281818506812, 29.472807351944752 ], [ 73.288196338648291, 29.530307146702292 ], [ 73.290608511141016, 29.535272713658305 ], [ 73.290988569262865, 29.539939213248395 ], [ 73.291575812869738, 29.547149037922534 ], [ 73.292621218608019, 29.559982165151141 ], [ 73.292905378721613, 29.563470055600966 ], [ 73.294649296493176, 29.584871968208386 ], [ 73.297237364823772, 29.616622125527833 ], [ 73.297321476314252, 29.617653767106226 ], [ 73.297714761777826, 29.622477287545298 ], [ 73.299665819875159, 29.64640171282096 ], [ 73.299600365479222, 29.665086357030471 ], [ 73.299479388530457, 29.699468042192056 ], [ 73.299471721451283, 29.701640419080093 ], [ 73.299384141267993, 29.726399874102128 ], [ 73.299303698490661, 29.7490525315452 ], [ 73.302398310134961, 29.753363634092572 ], [ 73.313819140918383, 29.769270304687005 ], [ 73.328717763715773, 29.790012044670497 ], [ 73.35113333987097, 29.806119659001968 ], [ 73.396167590689117, 29.838454309815372 ], [ 73.42476245421895, 29.858967068937837 ], [ 73.450533574746601, 29.877441950395916 ], [ 73.469867644648218, 29.887049754852516 ], [ 73.502199146477608, 29.90310617020474 ], [ 73.525331794013013, 29.908709719078708 ], [ 73.574564440614282, 29.920620156436083 ], [ 73.57493308400953, 29.920650494508052 ], [ 73.597155083318768, 29.922477356089583 ], [ 73.627666961343095, 29.924979533395248 ], [ 73.643915296854217, 29.926309081337955 ], [ 73.658064126803055, 29.927465178527452 ], [ 73.65957200502352, 29.927886164401475 ], [ 73.66145963714763, 29.928413145062624 ], [ 73.694176175887748, 29.937541670742696 ], [ 73.69878953103067, 29.938828102536743 ], [ 73.711320840757651, 29.94232147829112 ], [ 73.723580588533551, 29.946212809165278 ], [ 73.726971573505907, 29.947288879339265 ], [ 73.745976783632614, 29.953317827424947 ], [ 73.771725218883205, 29.961480419221093 ], [ 73.784856377161091, 29.965640739267549 ], [ 73.785053643952139, 29.965703226419841 ], [ 73.788133215696575, 29.967758938514876 ], [ 73.800912109870112, 29.976287606154049 ], [ 73.816384372441917, 29.986610274171795 ], [ 73.819579450397086, 29.988741456383352 ], [ 73.834028826119706, 29.998377407604931 ], [ 73.83986718202398, 30.003232448335325 ], [ 73.84589331261239, 30.008242882506167 ], [ 73.8532914724384, 30.014393041926976 ], [ 73.86523700349008, 30.02432102972509 ], [ 73.871505757268366, 30.019289862418741 ], [ 73.887138117154194, 29.935034781554485 ], [ 73.83522303989723, 29.873464926291355 ], [ 73.7882574739115, 29.769899492961727 ], [ 73.815335239136502, 29.701381919341518 ], [ 73.940054173052218, 29.700528702298449 ], [ 74.031352831092917, 29.762352744421165 ], [ 74.12085790657639, 29.791630344352306 ], [ 74.221679542520775, 29.78080126551755 ], [ 74.35968976450107, 29.771990498976347 ], [ 74.423295308142769, 29.753180820607525 ], [ 74.443238271948175, 29.741023934467403 ], [ 74.452650920033392, 29.683210285668601 ], [ 74.394551899726125, 29.567147626689845 ], [ 74.396251051594874, 29.511040550285237 ], [ 74.459038106241664, 29.511310806920111 ], [ 74.52176983766077, 29.523490705109907 ], [ 74.551928806350688, 29.494940907355936 ], [ 74.556257029689647, 29.441227188914898 ], [ 74.502080316514423, 29.362233777870362 ], [ 74.486125896983083, 29.282176594396564 ], [ 74.490424720902311, 29.239209362824425 ], [ 74.556010764230905, 29.183324886021691 ], [ 74.648625848899002, 29.156137479243878 ], [ 74.743767356692189, 29.187397894270795 ], [ 74.839037860869439, 29.17321798669553 ], [ 74.826765255783002, 29.189919061473692 ], [ 74.961499983341568, 29.12912985464245 ], [ 75.074337936709782, 29.078964932113831 ], [ 75.199406304334246, 29.087195684203504 ], [ 75.263266093801789, 29.075145165410387 ], [ 75.294425970272357, 29.039259096848674 ], [ 75.320065114421539, 28.981885997651013 ], [ 75.412175219180483, 28.92312654932288 ], [ 75.441876623348676, 28.886016474415825 ], [ 75.429386573972806, 28.817994798947833 ], [ 75.418334919471818, 28.766683960072427 ], [ 75.401835295922936, 28.7046411598545 ], [ 75.485135176645173, 28.558687346289954 ], [ 75.533115963335007, 28.417600643746287 ], [ 75.555778353366094, 28.360191329865561 ], [ 75.618571780068649, 28.297848996085559 ], [ 75.640322899270529, 28.27623058887491 ], [ 75.765491900943914, 28.237374265160906 ], [ 75.813533950048821, 28.171419391097036 ], [ 75.879072794597676, 28.111307588199633 ], [ 75.92734886976956, 28.08710694623543 ], [ 75.947303785469302, 28.059505536816797 ], [ 75.944309211730371, 28.024896101931564 ], [ 75.90632185449526, 27.988133159027655 ], [ 75.884516521862651, 27.953644392215182 ], [ 75.881410352437868, 27.90231495500182 ], [ 75.887683038651588, 27.847342453120433 ], [ 75.876638016610755, 27.810393210771682 ], [ 75.92177559951682, 27.748001498538933 ], [ 75.95881383246612, 27.685651705560559 ], [ 75.981372574082741, 27.658027228739087 ], [ 76.045641480111669, 27.646809627218026 ], [ 76.08733952869099, 27.659624800773294 ], [ 76.13990038459221, 27.684279845035903 ], [ 76.161589140121947, 27.705594380407259 ], [ 76.178188757672345, 27.752025624392861 ], [ 76.178849458748971, 27.755802370270416 ], [ 76.188206531611044, 27.809258171292591 ], [ 76.225361951724366, 27.888938848190165 ], [ 76.284061757617792, 27.966019829627637 ], [ 76.28777331588924, 28.051957983339552 ], [ 76.347419344381251, 28.086012829634157 ], [ 76.410735909699952, 28.088958450003151 ], [ 76.434000400990314, 28.015882053432083 ], [ 76.452325114284349, 27.877181983445865 ], [ 76.488045751200872, 27.836203879069643 ], [ 76.557880831197693, 27.835433185369844 ], [ 76.567798282916527, 27.856305469025134 ], [ 76.588365539100579, 27.899561755340834 ], [ 76.618674116487625, 27.949356298640094 ], [ 76.650047211496357, 27.978832869683913 ], [ 76.723208226162498, 28.012559762241299 ], [ 76.791071184395207, 28.048703070348356 ], [ 76.815760613692717, 28.058051890261776 ], [ 76.852023790880182, 28.071771963848491 ], [ 76.898303822610245, 28.024578910103887 ], [ 76.901353839061755, 27.968424890488425 ], [ 76.897716518790219, 27.837147795813404 ], [ 76.904668964742299, 27.773775454698917 ], [ 76.871461516722277, 27.715727126612038 ], [ 76.844893345953778, 27.651611178078952 ], [ 76.857572479615058, 27.608459891131925 ], [ 76.890068175707526, 27.549518054555499 ], [ 76.935454650685841, 27.540535727929893 ], [ 77.003342317453004, 27.568567822179514 ], [ 77.01372906287024, 27.572852413253219 ], [ 77.090229206426059, 27.650515914895244 ], [ 77.167400789938014, 27.688726083369268 ], [ 77.260003260864238, 27.692020508664314 ], [ 77.349934856827943, 27.709559629013356 ], [ 77.362696603866027, 27.665292660252675 ], [ 77.398900428013661, 27.480839030686209 ], [ 77.42176730673566, 27.363458340729949 ], [ 77.391778613602995, 27.274444381422722 ], [ 77.396045897546699, 27.224233524220253 ], [ 77.427383807402961, 27.191462574279633 ], [ 77.478977509936328, 27.170266037201568 ], [ 77.52324508494911, 27.18021962649545 ], [ 77.562482440806662, 27.203381315667237 ], [ 77.59906612091568, 27.226580385968877 ], [ 77.62945518361343, 27.212882894972502 ], [ 77.663413813337897, 27.181207017866203 ], [ 77.668324232368818, 27.163209296898703 ], [ 77.638249620043752, 27.132743744858786 ], [ 77.583618205317549, 27.077657432850629 ], [ 77.58296160197861, 27.049021097607962 ], [ 77.602069738413533, 27.010471129254714 ], [ 77.636175433169143, 26.987156908480998 ], [ 77.694745191440148, 26.984854770549493 ], [ 77.725950029687581, 27.008126469475734 ], [ 77.794586763403657, 27.035426053940164 ], [ 77.827532628985182, 27.020445035954044 ], [ 77.86019731317748, 26.99472070414042 ], [ 77.860502791163086, 26.954134379758045 ], [ 77.817340203649849, 26.932326127584279 ], [ 77.752669307888297, 26.90137600198786 ], [ 77.652249909259169, 26.877038183363528 ], [ 77.543642855609477, 26.782343374214729 ], [ 77.499895457349226, 26.728209129730185 ], [ 77.494601180251962, 26.70796726480954 ], [ 77.486845684496615, 26.678299648142048 ], [ 77.50437404403074, 26.629046429587845 ], [ 77.548189758904215, 26.628267696752509 ], [ 77.589832996513408, 26.649002318712341 ], [ 77.641612906002138, 26.705346623759645 ], [ 77.688128214019017, 26.761768818537668 ], [ 77.758047779108111, 26.793845974295433 ], [ 77.869194383361219, 26.823862019868546 ], [ 77.965880175931403, 26.807545260944696 ], [ 78.058672625386464, 26.796021791519657 ], [ 78.087391331616445, 26.825233211907896 ], [ 78.165820790935754, 26.871232707753492 ], [ 78.211607291181934, 26.890485087701389 ], [ 78.262858490693404, 26.867830483926742 ], [ 78.275972611664912, 26.815022815326934 ], [ 78.290193743798326, 26.785564949544547 ], [ 78.241018958004389, 26.763165574534657 ], [ 78.189204481618418, 26.735701864134338 ], [ 78.072170957482683, 26.653792751722857 ], [ 77.91843145981727, 26.562506999188994 ], [ 77.79888804580392, 26.493289899108827 ], [ 77.73893071131674, 26.448616927920323 ], [ 77.715487862301501, 26.398929600794492 ], [ 77.693423777897991, 26.339183839290239 ], [ 77.583642599105261, 26.335476274697236 ], [ 77.491158764708629, 26.322788604210558 ], [ 77.411135679301722, 26.296937023133811 ], [ 77.379647712729835, 26.280833144945333 ], [ 77.289109752901084, 26.234463632557528 ], [ 77.131165231546717, 26.110803112525865 ], [ 77.048331663334864, 26.093376312485095 ], [ 76.969846977132349, 26.050048163210665 ], [ 76.926111618450904, 25.99475175190679 ], [ 76.895599811959059, 25.970793797982498 ], [ 76.823919206018473, 25.948786317406594 ], [ 76.763411129491146, 25.950870880121226 ], [ 76.758963242735746, 25.951023115233838 ], [ 76.701392394154013, 25.91588328150527 ], [ 76.617574353850372, 25.812222125805068 ], [ 76.547338501319103, 25.768557430968752 ], [ 76.446885344852078, 25.707960819806569 ], [ 76.408262775659594, 25.652440997235839 ], [ 76.394278744279347, 25.570661862647182 ], [ 76.382831290783287, 25.503619576182984 ], [ 76.402197038891345, 25.444650085540481 ], [ 76.422475669556789, 25.382841207546605 ], [ 76.421604151524775, 25.308315934735308 ], [ 76.463622974535269, 25.262038033995292 ], [ 76.516851400054236, 25.232834265366769 ], [ 76.553290705738135, 25.248221975401677 ], [ 76.604167346090591, 25.282076701634164 ], [ 76.653047961315849, 25.282970308475821 ], [ 76.68403695693668, 25.243922264543453 ], [ 76.705316278390882, 25.187781717881474 ], [ 76.774464793698641, 25.176935842613688 ], [ 76.793449939294433, 25.17950294842986 ], [ 76.832856097418912, 25.184823115003223 ], [ 76.974969459615068, 25.207356693187119 ], [ 77.033740206218141, 25.236654168123959 ], [ 77.138453990648642, 25.278165059830009 ], [ 77.190655552097468, 25.28886273609568 ], [ 77.235668464914923, 25.250930739700834 ], [ 77.281586888020215, 25.178582222536065 ], [ 77.294789553678825, 25.126792867407524 ], [ 77.292014010827046, 25.062353936086378 ], [ 77.278478804387859, 25.010976174712553 ], [ 77.208946421965123, 24.991963790323677 ], [ 77.037336427865682, 24.978649470585413 ], [ 76.971085749375405, 24.965210400613344 ], [ 76.87915643129449, 24.916237299517007 ], [ 76.81855104496087, 24.908194944500146 ], [ 76.770509288431626, 24.901801364210367 ], [ 76.746235967950398, 24.851922762934382 ], [ 76.75684551944471, 24.824566016015982 ], [ 76.798744530226458, 24.789669365024412 ], [ 76.826203188681788, 24.734872953944009 ], [ 76.741173509440145, 24.714385244065223 ], [ 76.729617531023806, 24.672952697516834 ], [ 76.738709743640541, 24.649914568466812 ], [ 76.76557571752177, 24.623322911535048 ], [ 76.766551368825333, 24.622356931122898 ], [ 76.813436424717239, 24.611765853883146 ], [ 76.87293662432802, 24.606737050128068 ], [ 76.957462020338923, 24.598495008554487 ], [ 76.978974804326512, 24.570982738343158 ], [ 76.977070724448808, 24.5495095877056 ], [ 76.953896718215915, 24.469550819829614 ], [ 76.899805184599344, 24.412909781881002 ], [ 76.888381471330163, 24.381520436229145 ], [ 76.85967366713497, 24.34460956264833 ], [ 76.822174288541845, 24.347931429302058 ], [ 76.75889182932616, 24.410313080397685 ], [ 76.701060405544737, 24.416707612054218 ], [ 76.679618509043834, 24.38612641465069 ], [ 76.677128064926492, 24.382573232252057 ], [ 76.723585360959561, 24.346217297689588 ], [ 76.740166192583033, 24.300159850312461 ], [ 76.712679516898731, 24.233102448950159 ], [ 76.721459879612539, 24.188567774008352 ], [ 76.773906300670603, 24.139231109067058 ], [ 76.77315576781487, 24.084770741502041 ], [ 76.755184422794699, 24.026208068649421 ], [ 76.703634465947388, 24.022489798863507 ], [ 76.664975657913601, 24.050150695486622 ], [ 76.634578415173308, 24.114984561973607 ], [ 76.599125854514185, 24.152630299892174 ], [ 76.571149300519778, 24.164388872337401 ], [ 76.497624195337522, 24.156527460469071 ], [ 76.413139736086777, 24.145864985627284 ], [ 76.337934453715889, 24.125038980912699 ], [ 76.2596424655747, 24.105634103606242 ], [ 76.210899677865683, 24.113496486500619 ], [ 76.184785414986891, 24.117702062209446 ], [ 76.110271890779728, 24.171307669175043 ], [ 76.064251655889166, 24.274860123874944 ], [ 76.019414633871307, 24.339682553906616 ], [ 75.966225781226612, 24.341464300216121 ], [ 75.88609458210216, 24.294641235685265 ], [ 75.79788144279712, 24.196202071601711 ], [ 75.769334534923587, 24.127528298408031 ], [ 75.773754008526609, 24.083059064464635 ], [ 75.802970541251327, 24.009785912901524 ], [ 75.859014703550415, 23.987975517862026 ], [ 75.90124709227473, 24.002070781668479 ], [ 75.923515839379931, 24.060721902070171 ], [ 75.923896054726441, 24.113767880273901 ], [ 75.924267051104749, 24.165379824556133 ], [ 75.944844656970986, 24.201096594699838 ], [ 75.983919945489376, 24.200849270787419 ], [ 76.019686354835599, 24.17767504530033 ], [ 76.039548960029464, 24.121626909867029 ], [ 76.062742310912697, 24.092793431272664 ], [ 76.084195505438913, 24.04389721519037 ], [ 76.085371300123015, 23.99801043634622 ], [ 76.019480025023213, 23.954017080711083 ], [ 75.952020924337347, 23.902834880594991 ], [ 75.886183173083097, 23.853045863961 ], [ 75.806291270364497, 23.790396892549413 ], [ 75.728272199597342, 23.770710974768537 ], [ 75.659520781930311, 23.730871778669947 ], [ 75.586075650121586, 23.676680033167621 ], [ 75.523818414151464, 23.68120475478754 ], [ 75.469443872116273, 23.714358846772367 ], [ 75.446416423317672, 23.81193173310583 ], [ 75.477743731017682, 23.854854161211222 ], [ 75.585358684161349, 23.864519777077675 ], [ 75.640102713379719, 23.900147944082477 ], [ 75.646619107993359, 23.956040071321077 ], [ 75.637483851295443, 24.00196059791309 ], [ 75.664266563655232, 24.050596400741803 ], [ 75.675420891808272, 24.093561539791278 ], [ 75.670922219369928, 24.129426143295134 ], [ 75.633703713722014, 24.185502948706635 ], [ 75.610655895444623, 24.268756347462137 ], [ 75.637386460483015, 24.297321975187373 ], [ 75.712552973463588, 24.311325496290525 ], [ 75.756485280768416, 24.332619021590684 ], [ 75.763079358761559, 24.388501335466518 ], [ 75.762298033302216, 24.391058994482663 ], [ 75.747720940622941, 24.438758111413158 ], [ 75.735134233836007, 24.452403048845369 ], [ 75.693231687348586, 24.497800205374521 ], [ 75.660636924553415, 24.556728701955599 ], [ 75.624861441769625, 24.612796033610252 ], [ 75.577768539965533, 24.602948211488609 ], [ 75.508609093080167, 24.563053311366492 ], [ 75.419148623509514, 24.531786180411615 ], [ 75.362636394289723, 24.500389850969036 ], [ 75.262266098889185, 24.45758420022187 ], [ 75.196465090879883, 24.44908130152665 ], [ 75.132288304074308, 24.48786333186856 ], [ 75.106578008405279, 24.549755467655224 ], [ 75.222636164765518, 24.69478303649263 ], [ 75.264379813723636, 24.718524404245255 ], [ 75.269150365317046, 24.747190514344251 ], [ 75.265286323772216, 24.748079151692586 ], [ 76.00890585436467, 25.677314425145457 ], [ 75.280080254603988, 26.000925771924031 ], [ 74.925509510680925, 26.211865684509046 ], [ 74.865188278636893, 26.291111514419825 ], [ 74.786799782026478, 26.402106374295816 ], [ 74.778878403011049, 26.42500820860036 ], [ 77.095076025337548, 27.005856534311718 ], [ 72.679155861311457, 27.317741032768101 ] ], [ [ 76.00890585436467, 25.677314425145457 ], [ 76.018769816932902, 25.675061518714564 ], [ 76.04687101706935, 25.632576987284331 ], [ 76.090907648994673, 25.606453496419423 ], [ 76.142186253429813, 25.596028106435046 ], [ 76.188079511682858, 25.601395954583932 ], [ 76.206368775700042, 25.611471432254955 ], [ 76.060674093832176, 25.666156033392493 ], [ 76.009296083609044, 25.678183936982958 ], [ 76.00890585436467, 25.677314425145457 ] ], [ [ 77.095076025337548, 27.005856534311718 ], [ 77.093874696290143, 27.001837057775454 ], [ 77.112643342164873, 27.064595968508002 ], [ 77.095076025337548, 27.005856534311718 ] ] ], [ [ [ 72.679155861311457, 27.317741032768101 ], [ 72.683764221412687, 27.30571677807178 ], [ 72.671204373065535, 27.316140322885332 ], [ 72.679155861311457, 27.317741032768101 ] ] ], [ [ [ 75.280080254603988, 26.000925771924031 ], [ 75.267304869788944, 25.983161271937412 ], [ 75.267303530743476, 25.983162122203499 ], [ 75.280080254603988, 26.000925771924031 ] ] ], [ [ [ 74.365955552786787, 22.916498797690291 ], [ 74.434748048211659, 23.710229243435474 ], [ 74.752740284411715, 24.107595894531663 ], [ 74.761720065177897, 24.084830862359343 ], [ 74.763987441153915, 24.084314192783459 ], [ 74.805465930490129, 24.074855759518147 ], [ 74.847658772283154, 24.051961782160589 ], [ 74.878961000092033, 23.973126655108977 ], [ 74.879001135206536, 23.930110121585809 ], [ 74.857216953169925, 23.87990515787401 ], [ 74.821442355033739, 23.813908300129732 ], [ 74.838667886172857, 23.7479671633598 ], [ 74.846597498208681, 23.627524847361407 ], [ 74.86850487137643, 23.508526591706367 ], [ 74.849873159922723, 23.484132280648424 ], [ 74.786183171781587, 23.452510583132177 ], [ 74.741220724457506, 23.395083482955638 ], [ 74.714901476483533, 23.3520182309902 ], [ 74.702166367867719, 23.342641663707145 ], [ 74.662194145136638, 23.313195782359159 ], [ 74.570662510610617, 23.290028127881119 ], [ 74.553696514579457, 23.256999173213401 ], [ 74.575582839240226, 23.206870086159476 ], [ 74.589186662754983, 23.194367209008536 ], [ 74.608249922585557, 23.17684073829604 ], [ 74.60997529476036, 23.116616480704259 ], [ 74.602421730951008, 23.049198522421577 ], [ 74.536049767398822, 22.973014250034826 ], [ 74.469578902305528, 22.94125719025455 ], [ 74.365955552786787, 22.916498797690291 ] ] ], [ [ [ 74.429192947017896, 23.713540198361159 ], [ 74.370977153869404, 23.748219698996838 ], [ 74.418617176160225, 23.719843575994215 ], [ 74.429192947017896, 23.713540198361159 ] ] ], [ [ [ 75.156162307798297, 25.557837621347034 ], [ 75.134242677808828, 25.526518299215233 ], [ 75.156160370119309, 25.557838535045505 ], [ 75.156162307798297, 25.557837621347034 ] ] ], [ [ [ 74.778878403011049, 26.42500820860036 ], [ 74.629995422245656, 26.387671830533609 ], [ 74.667675552480048, 26.428974444318172 ], [ 74.691465971198156, 26.463070813797795 ], [ 74.716957947253832, 26.476699281782714 ], [ 74.769456414870916, 26.452248517489018 ], [ 74.778878403011049, 26.42500820860036 ] ] ], [ [ [ 74.925509510680925, 26.211865684509046 ], [ 74.946072984268127, 26.184850826306601 ], [ 74.960667498146591, 26.09287485271669 ], [ 74.969968789488476, 25.932803970806933 ], [ 74.993755438385492, 25.816930907152521 ], [ 75.025021678643341, 25.737510144892557 ], [ 75.013555096627854, 25.73647312355547 ], [ 74.950250013226324, 25.724041192168531 ], [ 74.890114222597262, 25.721141162587767 ], [ 74.765609425227396, 25.726728269859898 ], [ 74.7528035511978, 25.725132473899478 ], [ 74.617957892480604, 25.708257931801665 ], [ 74.572542764841302, 25.723422776870859 ], [ 74.487008312609149, 25.741304580870125 ], [ 74.415186991038453, 25.755368888198454 ], [ 74.384514912377682, 25.768621686508563 ], [ 74.347576279860476, 25.768460792722241 ], [ 74.279132625186008, 25.742335424466724 ], [ 74.228929811505381, 25.673271768057312 ], [ 74.148768636894516, 25.526612006358729 ], [ 74.027636786523516, 25.380321228968015 ], [ 73.886336240971502, 25.230598408373474 ], [ 73.855767479411014, 25.181548042473814 ], [ 73.83847341914165, 25.153778571782894 ], [ 73.855767479411, 25.181548042473814 ], [ 73.838017930039626, 25.193752765243467 ], [ 73.790704932822678, 25.198748931384731 ], [ 73.770165456879411, 25.282793599563622 ], [ 73.755859270476449, 25.33284311129291 ], [ 73.755437470586102, 25.374049931465848 ], [ 73.788389776528561, 25.431661217929253 ], [ 73.898014847725165, 25.527489006983988 ], [ 73.966405400690078, 25.612201480709441 ], [ 73.965896027528842, 25.671326324111362 ], [ 73.997018559743054, 25.732463651213031 ], [ 74.032246619757444, 25.779287860570395 ], [ 74.142497896673731, 25.858817996822243 ], [ 74.14820739026932, 25.891103540925759 ], [ 74.151810114192159, 25.941294076797753 ], [ 74.173282686578304, 25.988003966335651 ], [ 74.252058375061537, 26.070853864374239 ], [ 74.297419940884978, 26.115875788281727 ], [ 74.297205476747649, 26.151709749204922 ], [ 74.253530314401672, 26.151490017432113 ], [ 74.221683661161592, 26.163863525911985 ], [ 74.221362141200672, 26.212238177859653 ], [ 74.260713136970963, 26.271572466741794 ], [ 74.300308177859037, 26.296854891357238 ], [ 74.413771461192155, 26.26511205510624 ], [ 74.457298692731641, 26.306493319888002 ], [ 74.508713026644656, 26.371181342152095 ], [ 74.566288936643275, 26.400035131637498 ], [ 74.629995422245656, 26.387671830533609 ], [ 74.925509510680925, 26.211865684509046 ] ] ], [ [ [ 75.265286323772216, 24.748079151692586 ], [ 75.222636164765518, 24.69478303649263 ], [ 75.214102902609952, 24.689929811630375 ], [ 75.154431850590385, 24.658460597410013 ], [ 75.115187529775426, 24.634121973687456 ], [ 75.094753917649498, 24.578219482228675 ], [ 75.106578008405279, 24.549755467655224 ], [ 74.752740284411715, 24.107595894531663 ], [ 74.733459085747469, 24.156476498562139 ], [ 74.731797534279863, 24.20379012042326 ], [ 74.739450325758739, 24.284097484173433 ], [ 74.676768573366587, 24.328425088814075 ], [ 74.67274461026247, 24.33373836300138 ], [ 74.631215941199073, 24.388540488395709 ], [ 74.659094343266375, 24.500440478832928 ], [ 74.661681943605529, 24.504336406722516 ], [ 74.693440658554579, 24.552129691581257 ], [ 74.778105541831977, 24.542241705763807 ], [ 74.859611744677665, 24.542339611639864 ], [ 74.905046773700022, 24.569616742300774 ], [ 74.91129160450086, 24.606898477453008 ], [ 74.851661450623354, 24.638394193517112 ], [ 74.801397416049781, 24.681348655818088 ], [ 74.793509094386579, 24.707145360144409 ], [ 74.831134144311747, 24.738734651813328 ], [ 74.920625773814635, 24.725905092111422 ], [ 74.964578116561029, 24.725921913749456 ], [ 74.997542475903757, 24.721624851394019 ], [ 75.013242703048022, 24.754600284418004 ], [ 74.97555246130274, 24.796177098281149 ], [ 74.914278964289963, 24.824829028603467 ], [ 74.780691364119036, 24.856234454053869 ], [ 74.736559675881978, 24.919245973507987 ], [ 74.772640240160086, 24.962316136428722 ], [ 74.84181904992279, 24.978176280803456 ], [ 74.918852126897789, 25.038453027435779 ], [ 74.953479053889779, 25.022697394096571 ], [ 74.994391895881506, 24.971091749897344 ], [ 75.002255231868062, 24.928080884072195 ], [ 75.01797281521651, 24.892237167326837 ], [ 75.120149565738174, 24.900792123275775 ], [ 75.14844254279889, 24.899332951335904 ], [ 75.167266808917205, 24.870638897162021 ], [ 75.159352151741373, 24.826202409285628 ], [ 75.109049269474184, 24.790404458618426 ], [ 75.119998916046981, 24.744516676974133 ], [ 75.20637478675512, 24.761627399410379 ], [ 75.265286323772216, 24.748079151692586 ] ] ], [ [ [ 72.683764221412687, 27.305716778071769 ], [ 72.683764221412687, 27.30571677807178 ], [ 72.69041194180933, 27.300199767870133 ], [ 72.683764221412687, 27.305716778071769 ] ] ], [ [ [ 74.434748048211659, 23.710229243435474 ], [ 74.429192947017896, 23.713540198361159 ], [ 74.430201719536143, 23.712939266461142 ], [ 74.434748048211659, 23.710229243435474 ] ] ], [ [ [ 75.267304869788944, 25.983161271937412 ], [ 75.31864947972322, 25.950558509975483 ], [ 75.341522622889755, 25.909651875502906 ], [ 75.349308558458404, 25.862327851179909 ], [ 75.405254363724183, 25.774021788079445 ], [ 75.414430520404764, 25.680816912927156 ], [ 75.424490144844214, 25.617712333537821 ], [ 75.413548581822667, 25.596851106780804 ], [ 75.412435972555684, 25.59472933962579 ], [ 75.404597958961205, 25.579779682005135 ], [ 75.372130506647807, 25.547387939437769 ], [ 75.367338889198933, 25.542605379338454 ], [ 75.353075374027853, 25.52830478168849 ], [ 75.293039223042783, 25.529870720421734 ], [ 75.20298765987198, 25.535757466258115 ], [ 75.156162307798297, 25.557837621347034 ], [ 75.164321033679315, 25.569495015389514 ], [ 75.121713646266301, 25.636197633030452 ], [ 75.109109818892094, 25.688532466921128 ], [ 75.112137344498066, 25.744245520126849 ], [ 75.148629866736059, 25.746910571066756 ], [ 75.174094209033811, 25.841495325787761 ], [ 75.218569725085644, 25.906421077551165 ], [ 75.256744423172719, 25.968476700279609 ], [ 75.267304869788944, 25.983161271937412 ] ] ] ] } },
{ "type": "Feature", "properties": { "state_name": "Rann of  kutch", "id": 24 }, "geometry": { "type": "Polygon", "coordinates": [ [ [ 68.259564089680012, 23.714437365021933 ], [ 68.264494404217288, 23.726767572075936 ], [ 68.274776376972667, 23.742787760028502 ], [ 68.270399960283044, 23.787034336193834 ], [ 68.253630278356127, 23.809387298647952 ], [ 68.242765343549308, 23.830227766363581 ], [ 68.243326100362751, 23.855140628876235 ], [ 68.250655804953951, 23.878107905817856 ], [ 68.26763137060054, 23.902330520307562 ], [ 68.317042973901863, 23.927791847116008 ], [ 68.449053759687146, 23.940675813668392 ], [ 68.744177179066583, 23.941606969462157 ], [ 68.774850125182681, 23.949999002177627 ], [ 68.801057054345378, 23.986769217490867 ], [ 68.799766629121336, 24.078123987350139 ], [ 68.802976148629611, 24.236789912905905 ], [ 68.809917789716138, 24.254212634888276 ], [ 68.83876876935085, 24.269671613884494 ], [ 68.866896951007973, 24.267956479098082 ], [ 68.910531488086093, 24.202580198248459 ], [ 68.930200704256038, 24.181940892996309 ], [ 68.951622615609921, 24.189937997545858 ], [ 68.97291324953089, 24.200784345031636 ], [ 69.007799225778115, 24.220737300568388 ], [ 69.040246578653523, 24.220747373528745 ], [ 69.058906775871051, 24.221479177310755 ], [ 69.082746068752371, 24.228125715211007 ], [ 69.103049250380053, 24.243918437645007 ], [ 69.136646891448109, 24.258795232473087 ], [ 69.172527664149058, 24.258035666934855 ], [ 69.20672445467585, 24.242913560770802 ], [ 69.22043313703287, 24.232719303895792 ], [ 69.254041104277988, 24.230423367933625 ], [ 69.29436338908495, 24.234803263155566 ], [ 69.315956106859389, 24.242883162897986 ], [ 69.321956873290759, 24.245127943690168 ], [ 69.351112034676106, 24.255506385312163 ], [ 69.376507802252846, 24.262881951305253 ], [ 69.417817379937105, 24.26297943700644 ], [ 69.482696011890354, 24.25892217547338 ], [ 69.557817421329261, 24.252345064170605 ], [ 69.610841142256618, 24.252093914823391 ], [ 69.648793068803286, 24.240123336381902 ], [ 69.654815741348528, 24.233759678816625 ], [ 69.682329141100382, 24.201717342074371 ], [ 69.706021548958731, 24.179614287451187 ], [ 69.710498034261406, 24.174877378759462 ], [ 69.711830007212697, 24.174193513951071 ], [ 69.715565300014163, 24.170707124485112 ], [ 69.749504708326427, 24.141141402230932 ], [ 69.792183073774041, 24.126163696304442 ], [ 69.833615790658641, 24.122569933759632 ], [ 69.862742682553545, 24.128948482544523 ], [ 69.883814809950366, 24.133559379539101 ], [ 70.019217331174488, 24.138048138062739 ], [ 70.096311999307346, 24.159859691967608 ], [ 70.133138067314874, 24.175345654595123 ], [ 70.141052242125213, 24.192763437091021 ], [ 70.143217632023195, 24.217864654642138 ], [ 70.144794088504412, 24.237940682616212 ], [ 70.154995417076094, 24.256861955490571 ], [ 70.17930762877117, 24.274086409500104 ], [ 70.239187204258357, 24.300296807784548 ], [ 70.27074989781903, 24.312014276975926 ], [ 70.329014440483888, 24.319544360673675 ], [ 70.433517465610691, 24.344192528539537 ], [ 70.47666451603925, 24.360511794463005 ], [ 70.533215358486629, 24.373639085315048 ], [ 70.56208519472834, 24.375508244391899 ], [ 70.556462319971132, 24.342689623350648 ], [ 70.565152266408859, 24.303497403576884 ], [ 70.5923015224529, 24.262417320867076 ], [ 70.666491910813534, 24.223530119933489 ], [ 70.671214943243157, 24.222175024924951 ], [ 70.692730555663772, 24.207245678341813 ], [ 70.728402829499913, 24.190362206881982 ], [ 70.761279256873706, 24.186988033223876 ], [ 70.822690159262606, 24.193695864263166 ], [ 70.871004110099449, 24.204781140011153 ], [ 70.897043575876651, 24.210748765913447 ], [ 70.935004606635985, 24.243975384770078 ], [ 70.951831235052765, 24.279495099044368 ], [ 70.972262500600067, 24.300079271109176 ], [ 71.007039762363362, 24.311735167699563 ], [ 71.047863664512775, 24.329126018628845 ], [ 71.062543907403452, 24.335376101184252 ], [ 71.106523714474577, 24.352265057740492 ], [ 71.130498401197642, 24.361464792901447 ], [ 71.150344392082275, 24.377003181334626 ], [ 71.159890401012163, 24.397289112982435 ], [ 71.150842879417169, 24.41209152646444 ], [ 71.104273473454782, 24.426646200509804 ], [ 71.054704080048666, 24.436812368720823 ], [ 71.048328413702208, 24.438052120282872 ], [ 71.028745458047425, 24.441858143968592 ], [ 71.011130765105463, 24.454993110877776 ], [ 71.005765361253111, 24.476323561296226 ], [ 71.00693353032004, 24.513573146501233 ], [ 71.016972633760929, 24.542468749171611 ], [ 71.034948242757281, 24.567994717435472 ], [ 71.088243231085414, 24.615915956957725 ], [ 71.104346733665409, 24.628081413624297 ], [ 71.132553867200571, 24.593138475398373 ], [ 71.142749468916634, 24.58050137815723 ], [ 71.15474157030765, 24.565632957691314 ], [ 71.150947836978816, 24.555699066768923 ], [ 71.153832929592824, 24.554804745010447 ], [ 71.178256939925973, 24.547230937471767 ], [ 71.218679142533418, 24.547655082706896 ], [ 71.235890626540623, 24.539138025678017 ], [ 71.237311558115039, 24.540128877353169 ], [ 71.239148964877415, 24.539219432753384 ], [ 71.255121918736307, 24.550355670050962 ], [ 71.279042550833552, 24.579584434375512 ], [ 71.295506489860117, 24.588222961881513 ], [ 71.322512434706297, 24.587812629980082 ], [ 71.343122850914583, 24.574593353012613 ], [ 71.379116704940074, 24.548019438682065 ], [ 71.381563735985523, 24.548697581417681 ], [ 71.382375800543429, 24.548097777468172 ], [ 71.415381798886273, 24.557240068123658 ], [ 71.454204244868421, 24.569532492973529 ], [ 71.477263900607483, 24.560490926613575 ], [ 71.481492143436924, 24.549253207828531 ], [ 71.480604681783433, 24.534315864745675 ], [ 71.452507654636534, 24.523619943032717 ], [ 71.42219690651288, 24.523990398289204 ], [ 71.421481998658848, 24.523882192704061 ], [ 71.41893829023789, 24.523912991455489 ], [ 71.37218721162202, 24.516828496527935 ], [ 71.374329649791534, 24.487645647901758 ], [ 71.39061293223223, 24.465364256521426 ], [ 71.392157041504362, 24.465374992742309 ], [ 71.407970233815035, 24.43889480619892 ], [ 71.475883453207544, 24.340253827061169 ], [ 71.488322233352008, 24.31428876721365 ], [ 71.484235139789433, 24.273619981600827 ], [ 71.480345882119622, 24.22579561559629 ], [ 71.485491672110427, 24.180566737173841 ], [ 71.521458667220017, 24.101434622207719 ], [ 71.522554016180706, 24.060883668378359 ], [ 71.517283311042533, 24.015414132291163 ], [ 71.4804413284579, 23.937001538703068 ], [ 71.413090646087781, 23.884128694759951 ], [ 71.388079647570407, 23.850130187635433 ], [ 71.351882408793841, 23.799158212711042 ], [ 71.329426275776171, 23.767599990720512 ], [ 71.29542383890076, 23.732183163452383 ], [ 71.231795263658583, 23.691268519679863 ], [ 71.208435169348036, 23.647743455058556 ], [ 71.204242734574265, 23.523551104654306 ], [ 71.24684038371413, 23.481629604225351 ], [ 71.298058273801672, 23.454217626501958 ], [ 71.387768573680162, 23.437229596426082 ], [ 71.440699276191964, 23.440833748083289 ], [ 71.497261694946019, 23.454049352195366 ], [ 71.546421677043853, 23.453953074437752 ], [ 71.579328858564452, 23.432001960889398 ], [ 71.642584320491267, 23.436957256995623 ], [ 71.656680240368203, 23.425525111545607 ], [ 71.655460690785759, 23.407480063768357 ], [ 71.654407052114593, 23.391889875444079 ], [ 71.657034707094482, 23.364493517374054 ], [ 71.660317208853044, 23.310851715258256 ], [ 71.687952620383044, 23.238627330201396 ], [ 71.707141073657723, 23.219932658823748 ], [ 71.730885128373203, 23.199539422301719 ], [ 71.751038767665335, 23.167130837348395 ], [ 71.770149259567887, 23.123953880591841 ], [ 71.767596241703899, 23.095849310581677 ], [ 71.773107828533711, 23.054181990124462 ], [ 71.760499645307448, 23.054562731837283 ], [ 71.725990269738958, 23.055599657383247 ], [ 71.673613904382492, 23.061070159047052 ], [ 71.627230820578617, 23.058892573251782 ], [ 71.529947922376309, 23.054994336157041 ], [ 71.513327513480718, 23.074320965638897 ], [ 71.481292300028585, 23.090915202469123 ], [ 71.457834691744679, 23.099937675926281 ], [ 71.439233634663367, 23.095938384033552 ], [ 71.422065480240846, 23.086599144967597 ], [ 71.401350391538443, 23.065243422323171 ], [ 71.366033380165618, 23.059660796466666 ], [ 71.309205047053297, 23.08638526007628 ], [ 71.283856213018254, 23.093546393620766 ], [ 71.216601960202894, 23.077031686628253 ], [ 71.176785515045708, 23.071299007007475 ], [ 71.124510431357137, 23.073006495150373 ], [ 71.058480307155932, 23.060036474317148 ], [ 71.047668546227726, 23.054993848044106 ], [ 71.011965615740351, 23.041569094360803 ], [ 70.973411199269648, 23.037608264024779 ], [ 70.926668426402742, 23.027462563694328 ], [ 70.863504450507918, 23.00673533079021 ], [ 70.833503771136563, 22.997597551653875 ], [ 70.8296196281497, 23.00060042161634 ], [ 70.816344093863449, 23.010861972201312 ], [ 70.785029945588221, 23.044024522678608 ], [ 70.777257341029767, 23.048756296718665 ], [ 70.782331678277288, 23.053217595074543 ], [ 70.783349933131944, 23.061892508087311 ], [ 70.783281232181807, 23.074414925406998 ], [ 70.767413352472943, 23.087110321023893 ], [ 70.752430652433716, 23.092074717630044 ], [ 70.737787949109062, 23.096450372268713 ], [ 70.720150855448722, 23.093586935588679 ], [ 70.712365126772099, 23.095164375919353 ], [ 70.711701744664737, 23.094657409625064 ], [ 70.720279398466062, 23.111206673423911 ], [ 70.758160951555908, 23.136682887234382 ], [ 70.785344534092914, 23.154112169182124 ], [ 70.828997559393471, 23.181517992608001 ], [ 70.855039980809522, 23.194731973519076 ], [ 70.866313828405836, 23.205764816667767 ], [ 70.89214616360637, 23.22612537053422 ], [ 70.911609625244267, 23.243930813767349 ], [ 70.935412652999474, 23.267811642520456 ], [ 70.954278823413247, 23.284404616302368 ], [ 71.005952894377074, 23.305415247822548 ], [ 71.037114654187974, 23.321716624772279 ], [ 71.068091344034499, 23.344569752186988 ], [ 71.10096377331503, 23.369254794246579 ], [ 71.120949166051446, 23.393017902021619 ], [ 71.133380663027452, 23.410029962985327 ], [ 71.142792824009277, 23.419807944772415 ], [ 71.13591662700226, 23.43395515218916 ], [ 71.111715541526237, 23.465566911004807 ], [ 71.089934277867641, 23.480531459038897 ], [ 71.063827137262606, 23.510296017961718 ], [ 71.043579886021092, 23.538414650971266 ], [ 71.045418832349299, 23.584989186643831 ], [ 71.053958533471288, 23.623979912457838 ], [ 71.076702622511021, 23.664524450419215 ], [ 71.109735850622982, 23.686237260903606 ], [ 71.133069655950237, 23.707701673482397 ], [ 71.152403368755031, 23.733239573737841 ], [ 71.14445737112419, 23.739006856861938 ], [ 71.083411383652489, 23.743435308837768 ], [ 71.053787527518679, 23.737312168864854 ], [ 71.013372698582302, 23.745221015374181 ], [ 70.980761138235351, 23.752129223225932 ], [ 70.955361917057701, 23.756237119362726 ], [ 70.928685334410901, 23.759710473740522 ], [ 70.918488965722091, 23.774948381395003 ], [ 70.868616464171183, 23.79449436104214 ], [ 70.841513899445061, 23.81106071369571 ], [ 70.782597822026375, 23.808861925428989 ], [ 70.754414048821431, 23.798545778780095 ], [ 70.72027154407445, 23.792233883962812 ], [ 70.695295721605191, 23.783189507989572 ], [ 70.679386812707563, 23.774395874445485 ], [ 70.670150700363749, 23.759825282213132 ], [ 70.681294574207044, 23.736285159219683 ], [ 70.702786849038702, 23.713032008826456 ], [ 70.716449243135216, 23.691347127282302 ], [ 70.722777398912001, 23.676017556626551 ], [ 70.715831539513161, 23.650779122342936 ], [ 70.688664074311831, 23.610667282283575 ], [ 70.65162046133284, 23.576239068671271 ], [ 70.594366979614463, 23.547194862396157 ], [ 70.549414890227496, 23.518485203645653 ], [ 70.525190793326757, 23.508249698922537 ], [ 70.487733624161052, 23.488087902718352 ], [ 70.451098271732718, 23.463172859048061 ], [ 70.410769512538039, 23.433372660968629 ], [ 70.363903116713828, 23.406350730672447 ], [ 70.346482427723203, 23.387351496965231 ], [ 70.341800973626903, 23.373500653280146 ], [ 70.342987942583306, 23.358036484922319 ], [ 70.363771526998391, 23.336001134908415 ], [ 70.386414204434033, 23.297324318690102 ], [ 70.397785730638233, 23.285735717188825 ], [ 70.397756295476668, 23.267849690283086 ], [ 70.38330002324156, 23.256693348549561 ], [ 70.364417279730134, 23.243020520597383 ], [ 70.334168945107436, 23.240930910157555 ], [ 70.283562344935433, 23.267433609140067 ], [ 70.258912709533874, 23.289340867609337 ], [ 70.257675884163959, 23.305993897311964 ], [ 70.256765336721401, 23.331598084799275 ], [ 70.242437783292303, 23.353217550693241 ], [ 70.217782434006807, 23.356637020736155 ], [ 70.186864319917177, 23.354693736523203 ], [ 70.157050213240311, 23.357944204493187 ], [ 70.137422541454512, 23.365082411314187 ], [ 70.133008831509102, 23.379845178652708 ], [ 70.12766499361318, 23.4023267357693 ], [ 70.125631776659176, 23.422527428272911 ], [ 70.112093268002738, 23.439387263662592 ], [ 70.100039793959368, 23.450928277593093 ], [ 70.077324279712244, 23.453787446003442 ], [ 70.056632942960221, 23.454323584987499 ], [ 70.05416379677078, 23.468548237688378 ], [ 70.052805871552664, 23.504858682612028 ], [ 70.054515337452798, 23.5627213335192 ], [ 70.057608123591521, 23.583678603817607 ], [ 70.056803209065535, 23.605107544582751 ], [ 70.053125613461944, 23.616909303249372 ], [ 70.052188299581246, 23.62462680614663 ], [ 70.046880423206943, 23.645315451908907 ], [ 70.037692894293045, 23.665879175025658 ], [ 70.032492699195416, 23.683590495266419 ], [ 70.039752586457624, 23.696934644890078 ], [ 70.063130403067888, 23.711986915633116 ], [ 70.067741173894248, 23.727033461315017 ], [ 70.066468141132731, 23.734575279979914 ], [ 70.065239760394007, 23.741852566993185 ], [ 70.053638669298294, 23.757571704938389 ], [ 70.035431121604162, 23.776652479302399 ], [ 70.02890684924418, 23.794916215033421 ], [ 70.007515498652864, 23.795415799658119 ], [ 69.975289418460093, 23.791387705069727 ], [ 69.960206507263536, 23.796257756381003 ], [ 69.944614570584562, 23.814218980098232 ], [ 69.88519968968707, 23.809871535690416 ], [ 69.844841448841947, 23.815078531813477 ], [ 69.816644944786731, 23.80757702286845 ], [ 69.794177317604749, 23.802647837210312 ], [ 69.778464243426399, 23.790795515386009 ], [ 69.758588124778143, 23.785949559692806 ], [ 69.733181543428501, 23.789848434792063 ], [ 69.69129639660521, 23.800919731726143 ], [ 69.669693245856806, 23.806725640131166 ], [ 69.662959614567896, 23.813044943863847 ], [ 69.643038752800194, 23.809373857724935 ], [ 69.625950968684336, 23.799842492793186 ], [ 69.596732492526598, 23.786310141800623 ], [ 69.566005392070778, 23.778080618307666 ], [ 69.547114364727378, 23.765500010265129 ], [ 69.529344992165989, 23.757126760784512 ], [ 69.516200796987349, 23.746534013261396 ], [ 69.498620819607339, 23.728246631228032 ], [ 69.488927990723937, 23.71816377042888 ], [ 69.457515353889946, 23.696193096497456 ], [ 69.433709888546005, 23.678065237509657 ], [ 69.411442244593246, 23.669518920360289 ], [ 69.387216087127612, 23.661494173283565 ], [ 69.339625560835458, 23.64070214399684 ], [ 69.317372946732362, 23.632144554866443 ], [ 69.299640498130941, 23.623750838495656 ], [ 69.287639731954826, 23.617353526714915 ], [ 69.276259529937548, 23.611573857305697 ], [ 69.257684593047045, 23.593022613148527 ], [ 69.250723694590107, 23.574901453327502 ], [ 69.242911480458886, 23.561512025894494 ], [ 69.232833645334139, 23.540893218445728 ], [ 69.222159478036701, 23.533946382320472 ], [ 69.19577934261639, 23.531770606109543 ], [ 69.178342046557006, 23.531831530196182 ], [ 69.151154792963638, 23.550812575421812 ], [ 69.136768820490275, 23.560628039305548 ], [ 69.102040534639997, 23.574669230562474 ], [ 69.074077299267842, 23.593246611822508 ], [ 69.04675218947132, 23.606127475636651 ], [ 69.019198014480111, 23.615422161785979 ], [ 68.989014055431582, 23.62282329336972 ], [ 68.972599798465311, 23.625755587581629 ], [ 68.943096001127543, 23.626745143169316 ], [ 68.915993797571645, 23.642822028667794 ], [ 68.895983734634811, 23.656316718398063 ], [ 68.864157270309818, 23.665410872091044 ], [ 68.836517294083492, 23.676093182435473 ], [ 68.823427876868323, 23.68235408681673 ], [ 68.818032696222758, 23.687363820139566 ], [ 68.822081788231827, 23.688987402989852 ], [ 68.828374920951532, 23.695309510534514 ], [ 68.828584552411314, 23.704833803369141 ], [ 68.828360171754142, 23.70958574791841 ], [ 68.824926828273831, 23.71658960533335 ], [ 68.819806775068983, 23.72068126023326 ], [ 68.814715846487744, 23.724749640392833 ], [ 68.801790207788954, 23.724706254189112 ], [ 68.77883210905803, 23.720224598276641 ], [ 68.767977103926711, 23.718105590143743 ], [ 68.725177879210847, 23.704943978500999 ], [ 68.687032810617069, 23.691962368657279 ], [ 68.659088743032669, 23.671300332219435 ], [ 68.625035500508432, 23.648954662832352 ], [ 68.583591734963164, 23.630104166582573 ], [ 68.547082733390667, 23.616209705718457 ], [ 68.52039845528806, 23.602243996303663 ], [ 68.496014929827965, 23.594081965671442 ], [ 68.477936106220241, 23.583803166067355 ], [ 68.46591006896773, 23.563647538791511 ], [ 68.463793212083544, 23.572192923058704 ], [ 68.443274326829851, 23.617523097551757 ], [ 68.446069725612816, 23.637794432441119 ], [ 68.457097486405829, 23.656660040932898 ], [ 68.471804517396308, 23.668260695676686 ], [ 68.539271085420651, 23.701440176916698 ], [ 68.592000865444447, 23.718142367240432 ], [ 68.604163756822373, 23.721994970581264 ], [ 68.652725487987652, 23.746612912185096 ], [ 68.670395026674939, 23.768760326059159 ], [ 68.671986519918576, 23.770541756722434 ], [ 68.707082517287802, 23.795096200296779 ], [ 68.733290537363942, 23.805253056972045 ], [ 68.754248976221689, 23.813247121289471 ], [ 68.774260713160643, 23.814059428952234 ], [ 68.790258029977053, 23.817682351157806 ], [ 68.799630384170058, 23.824607003123162 ], [ 68.799608599534494, 23.825063641968171 ], [ 68.799261951321085, 23.832328367039675 ], [ 68.791031286617084, 23.842112259818702 ], [ 68.789812753161058, 23.843069760174053 ], [ 68.796718821943983, 23.856175166327684 ], [ 68.780619030495913, 23.867398073373408 ], [ 68.726595709437476, 23.86171516258776 ], [ 68.656450696238807, 23.842280992198358 ], [ 68.64059690610631, 23.825695932849946 ], [ 68.637901249745369, 23.825131923451178 ], [ 68.610245714684083, 23.802416846969276 ], [ 68.58369964635348, 23.789114387857087 ], [ 68.513727762154829, 23.760449262828114 ], [ 68.471557828484023, 23.737846089230938 ], [ 68.448207732682249, 23.726742113987886 ], [ 68.441772387220567, 23.716468073402691 ], [ 68.438638237123854, 23.711464397145459 ], [ 68.422820400254508, 23.693816412994938 ], [ 68.421148226086785, 23.692408728654311 ], [ 68.418815044429394, 23.689698762497265 ], [ 68.401175752462038, 23.672987999092587 ], [ 68.39053958166825, 23.656847476832688 ], [ 68.372331414983833, 23.635683272076509 ], [ 68.368815025762686, 23.634518798756549 ], [ 68.325787106348059, 23.625960982956808 ], [ 68.307254827790103, 23.625662747141526 ], [ 68.263769710469006, 23.624954191059324 ], [ 68.214520384330669, 23.638723249299886 ], [ 68.21190181425537, 23.651049068554627 ], [ 68.233661216345652, 23.678705509649195 ], [ 68.249868382715277, 23.703972852557548 ], [ 68.259564089680012, 23.714437365021933 ] ], [ [ 70.275001357367515, 23.736899379132318 ], [ 70.273951617215587, 23.7338801695943 ], [ 70.278530318792562, 23.728750108495198 ], [ 70.286598538453731, 23.709683261402763 ], [ 70.313665829706025, 23.702280842646225 ], [ 70.337474294055014, 23.699067028732603 ], [ 70.368907060807729, 23.688924389072444 ], [ 70.398834218793269, 23.677299080173974 ], [ 70.441233737147982, 23.664246890703282 ], [ 70.482710247047649, 23.689073893421547 ], [ 70.511566384080226, 23.708516953476572 ], [ 70.542130502757843, 23.723712009565116 ], [ 70.545852938408615, 23.739918015401827 ], [ 70.527917787740051, 23.752993294234237 ], [ 70.503199054935209, 23.759786866601363 ], [ 70.465124447829069, 23.759387139414542 ], [ 70.41957478719479, 23.77270646900444 ], [ 70.382166715103679, 23.764436273035386 ], [ 70.334373578833748, 23.753339873922247 ], [ 70.276875719249034, 23.742290323986634 ], [ 70.275001357367515, 23.736899379132318 ] ] ] } },
{ "type": "Feature", "properties": { "state_name": "Sikkim", "id": 25 }, "geometry": { "type": "Polygon", "coordinates": [ [ [ 88.823605293928367, 27.377391145575128 ], [ 88.827455906467961, 27.371659611099666 ], [ 88.851251897813341, 27.336230151416693 ], [ 88.859718017463607, 27.303056466157006 ], [ 88.860598157398996, 27.2996050132924 ], [ 88.865485966902526, 27.300361183455419 ], [ 88.86468185978282, 27.293420208830298 ], [ 88.819434201447422, 27.23378958628388 ], [ 88.756622287024896, 27.214844680943518 ], [ 88.675222516281011, 27.204761993386676 ], [ 88.592569162826948, 27.232346948422713 ], [ 88.544489496173298, 27.268823771846197 ], [ 88.483336913270222, 27.279544268750367 ], [ 88.412734728221082, 27.272353892319831 ], [ 88.316229392365429, 27.230598527871258 ], [ 88.250484922758318, 27.219897991342869 ], [ 88.198820069586418, 27.244269695414904 ], [ 88.140503453300369, 27.262793511092124 ], [ 88.054583212876054, 27.259802624232268 ], [ 87.965493362833683, 27.24485809456101 ], [ 87.972501822705468, 27.275665067568703 ], [ 88.000276711759611, 27.314460305065516 ], [ 88.014855719924938, 27.357321912541771 ], [ 88.00579889255657, 27.405249348410941 ], [ 88.032278410901498, 27.485572680468419 ], [ 88.079976460972972, 27.583620929240183 ], [ 88.118468989908607, 27.657108919949891 ], [ 88.138714623224871, 27.719163077589155 ], [ 88.153768701003543, 27.781713969450355 ], [ 88.165450214137081, 27.841237013770836 ], [ 88.166270047041763, 27.84128681733231 ], [ 88.167042515156453, 27.848785085220516 ], [ 88.173533084455798, 27.848706761188495 ], [ 88.170802605457993, 27.86032033611604 ], [ 88.173230312164833, 27.878998041943078 ], [ 88.171381450225766, 27.890841945646994 ], [ 88.169183031064108, 27.904926429172118 ], [ 88.169211794508811, 27.910098476891221 ], [ 88.169300017345535, 27.925840164296993 ], [ 88.169326034430853, 27.930447947772276 ], [ 88.180267171465417, 27.944910144865247 ], [ 88.1859864061351, 27.952467355085027 ], [ 88.196675511562475, 27.961750064899935 ], [ 88.215015699642535, 27.977669923244367 ], [ 88.249238635012745, 27.984135998223231 ], [ 88.250487587606216, 27.984371778161528 ], [ 88.270457171479478, 27.988139795204834 ], [ 88.302750645196667, 27.994225676600465 ], [ 88.324747607957732, 27.998365814444455 ], [ 88.378530725969526, 28.008470429386122 ], [ 88.378700391349383, 28.008502264909865 ], [ 88.394768997628688, 28.011516171383285 ], [ 88.417807639615617, 28.021304049652137 ], [ 88.430593073395343, 28.021914890327725 ], [ 88.442492041630288, 28.026184249393737 ], [ 88.467640912139089, 28.03520237307724 ], [ 88.471803518492337, 28.036694344983196 ], [ 88.500375696070435, 28.056166448190062 ], [ 88.500997400523701, 28.056589962143107 ], [ 88.514691700967361, 28.062390014106587 ], [ 88.534418166210543, 28.071172029935397 ], [ 88.549985241087512, 28.078098701704718 ], [ 88.578422557153374, 28.090743810070087 ], [ 88.612363547456056, 28.105822237137204 ], [ 88.616259516549292, 28.105442565733885 ], [ 88.626514745227325, 28.104442626375292 ], [ 88.643776841016518, 28.10275770264418 ], [ 88.680310057529638, 28.088739415085051 ], [ 88.690015030152409, 28.085013479077446 ], [ 88.72079750910558, 28.064047806325476 ], [ 88.730622875823187, 28.057353258927442 ], [ 88.776904365083297, 28.02580244584302 ], [ 88.780658971120175, 28.023241660392149 ], [ 88.793526180938159, 27.982056520884417 ], [ 88.808025940294456, 27.935635232101827 ], [ 88.814312485626857, 27.911165139813431 ], [ 88.822333239721672, 27.879942788665939 ], [ 88.840328464045356, 27.809885164558239 ], [ 88.827995868559952, 27.778009424653266 ], [ 88.813787091754307, 27.741243760316454 ], [ 88.796123208231862, 27.695477192362119 ], [ 88.780886228407212, 27.661514536474815 ], [ 88.761101639129862, 27.61736172795483 ], [ 88.740262907766393, 27.570790724511912 ], [ 88.73061989980431, 27.549217415570169 ], [ 88.738127942951323, 27.515268281799383 ], [ 88.744293048636862, 27.487392078232261 ], [ 88.744662490256289, 27.485721624134879 ], [ 88.761585848053883, 27.454778032280419 ], [ 88.762991840727068, 27.452206748690703 ], [ 88.769653189960138, 27.44002343351297 ], [ 88.780123509796809, 27.428105164961575 ], [ 88.790406228867084, 27.416398136319224 ], [ 88.792334033279019, 27.414203048269734 ], [ 88.794204634089127, 27.411118225026083 ], [ 88.797018369588429, 27.408868865387948 ], [ 88.797828892089143, 27.40794584296151 ], [ 88.798328610511419, 27.407376756929192 ], [ 88.817529929426712, 27.385505960116902 ], [ 88.820186867280171, 27.382479013787165 ], [ 88.823605293928367, 27.377391145575128 ] ] ] } },
{ "type": "Feature", "properties": { "state_name": "United Province of Agra and Oudh", "id": 26 }, "geometry": { "type": "MultiPolygon", "coordinates": [ [ [ [ 79.517668267187872, 25.603183075709111 ], [ 79.575022682041052, 25.416918656231431 ], [ 79.660711415061812, 25.332093471162136 ], [ 79.714830322614915, 25.347534198267176 ], [ 79.816753564885516, 25.377127614257443 ], [ 79.838066910193305, 25.420315385548257 ], [ 80.14020932824512, 25.424216995617645 ], [ 80.137018896040104, 25.407023748637506 ], [ 80.137873054711164, 25.359252861811623 ], [ 80.094271000474009, 25.370305502121891 ], [ 80.045277702955374, 25.352929827398338 ], [ 80.002660316880181, 25.337225907877922 ], [ 79.921477662749581, 25.353316323680733 ], [ 79.895251178803477, 25.327493952232583 ], [ 79.849846060463875, 25.24127058361492 ], [ 79.818421221101389, 25.188899786402409 ], [ 79.766753964353015, 25.207743084102379 ], [ 79.746429169774558, 25.170251795182825 ], [ 79.743478259840899, 25.094052993184267 ], [ 79.708545162346667, 25.057020251109602 ], [ 79.625742092669867, 25.082518886376903 ], [ 79.55705158856027, 25.094187038536138 ], [ 79.493087535426355, 25.06370996718934 ], [ 79.41362094695576, 25.008860779222694 ], [ 79.363693149072347, 25.017969016008038 ], [ 79.324349489240788, 25.030569106028569 ], [ 79.309281523461209, 25.078709664204194 ], [ 79.313719548628782, 25.145362948261582 ], [ 79.307020068510539, 25.193260115830586 ], [ 79.347432736166425, 25.20924778772865 ], [ 79.400769593027476, 25.234377751758498 ], [ 79.414652896516529, 25.270212699059993 ], [ 79.409400526224317, 25.298988445681481 ], [ 79.358333473175563, 25.311766468761949 ], [ 79.304406934066719, 25.300474442366468 ], [ 79.266345608333197, 25.337359812895773 ], [ 79.25051239139728, 25.351843122384317 ], [ 79.238877270336246, 25.362483258316377 ], [ 79.199091426681534, 25.364756031753402 ], [ 79.160790057582474, 25.33609078980038 ], [ 79.165564497162791, 25.2915881116595 ], [ 79.165523725113488, 25.24435918179023 ], [ 79.145540641474298, 25.212003794655978 ], [ 79.153902032933644, 25.180281541055002 ], [ 79.18072071923892, 25.13658878682665 ], [ 79.148241336215932, 25.106015806601476 ], [ 79.130998368969387, 25.060697262084833 ], [ 79.106877281567833, 25.04419184521732 ], [ 79.055640972429202, 25.062778067973884 ], [ 79.022175764556479, 25.096611964296979 ], [ 78.983189789648264, 25.106254260842778 ], [ 78.939494553684654, 25.067341617730598 ], [ 78.895524374374105, 25.068503636758038 ], [ 78.884091171013111, 25.104592386924914 ], [ 78.89606212105565, 25.184443617679417 ], [ 78.90515528222619, 25.222854428906658 ], [ 78.877397236366079, 25.240764851305698 ], [ 78.834260357367768, 25.220418654604142 ], [ 78.773904436668914, 25.253470594250032 ], [ 78.770380356225644, 25.292215330731683 ], [ 78.792575476492019, 25.347478826403769 ], [ 78.848077950330008, 25.358921059295238 ], [ 78.936090403098888, 25.352296520978687 ], [ 78.974567577935701, 25.37273273108546 ], [ 78.994541418341953, 25.405113224833237 ], [ 79.007031302816301, 25.449145596696404 ], [ 79.011606645143246, 25.491961582996385 ], [ 78.986915853675256, 25.508381238393905 ], [ 78.934722024976566, 25.504067794223523 ], [ 78.90320217105986, 25.504911566482118 ], [ 78.870610057950344, 25.521523615769592 ], [ 78.847765194647806, 25.497789852909499 ], [ 78.812413549784566, 25.477240755862887 ], [ 78.806079296713605, 25.479847889525473 ], [ 78.795919662840177, 25.484028752050332 ], [ 78.764141013649279, 25.497100076467454 ], [ 78.74129692433462, 25.523455264587589 ], [ 78.718297982571485, 25.493976183656912 ], [ 78.688963549731994, 25.463220288877341 ], [ 78.630266999564356, 25.451799641494905 ], [ 78.594021998945692, 25.452692411249739 ], [ 78.551829003337346, 25.412196593950469 ], [ 78.472601149713597, 25.398340575899869 ], [ 78.455108302107448, 25.393025274107355 ], [ 78.436400978261588, 25.344776894045857 ], [ 78.444347371890771, 25.179913264158536 ], [ 78.472356432445366, 25.057540357860002 ], [ 78.500689194045677, 24.948045615926237 ], [ 78.531650381634179, 24.877149067936141 ], [ 78.572516206433477, 24.879039369406904 ], [ 78.632287830381813, 24.883322560690999 ], [ 78.656048194270838, 24.783946142500952 ], [ 78.642072193795414, 24.681194348937662 ], [ 78.646213870916867, 24.608069275158005 ], [ 78.717400933785783, 24.632097425446073 ], [ 78.777136021650378, 24.639197196814031 ], [ 78.800749867194043, 24.591355507149053 ], [ 78.788350082590526, 24.491448654170163 ], [ 78.793272548009099, 24.44694179652857 ], [ 78.834855119346457, 24.441306232423461 ], [ 78.85456736801153, 24.433750802699045 ], [ 78.891527644462826, 24.419575506376209 ], [ 78.932189239868535, 24.386312761416352 ], [ 78.931495041654046, 24.381145460667451 ], [ 78.923730519160642, 24.323304284751071 ], [ 78.901067438212522, 24.30599416789158 ], [ 78.900690639406534, 24.251125332235858 ], [ 78.87504747622998, 24.177813098723821 ], [ 78.806243224366369, 24.181934930517048 ], [ 78.7386601409885, 24.183609593587811 ], [ 78.685133349576617, 24.221904366628223 ], [ 78.658511159732882, 24.246411927391854 ], [ 78.606388840539012, 24.244078041566802 ], [ 78.566002979639876, 24.289183709281879 ], [ 78.544614432259763, 24.315938021906245 ], [ 78.456149327032861, 24.319173441621583 ], [ 78.403040414361669, 24.329922167070361 ], [ 78.363822557527627, 24.373762605153722 ], [ 78.284847408506081, 24.393399768167562 ], [ 78.184698199373045, 24.401508808609986 ], [ 78.180725355487823, 24.404811195381644 ], [ 78.165544266434537, 24.417427941793548 ], [ 78.151954107009558, 24.447552679424177 ], [ 78.134031759191785, 24.513575858462357 ], [ 78.108522418267285, 24.695538365296482 ], [ 78.100325302817083, 24.786424578030427 ], [ 78.098127024720057, 24.855700730229827 ], [ 78.173452121705438, 24.936474221187297 ], [ 78.249380490179519, 25.036283934916472 ], [ 78.258955521384081, 25.051589349976972 ], [ 78.269528698382402, 25.108029354163339 ], [ 78.269643344552108, 25.108640954215073 ], [ 78.273504399169099, 25.155100817491476 ], [ 78.279800572073341, 25.194345394095837 ], [ 78.231470848701392, 25.350562811620271 ], [ 78.220022071957814, 25.414068185619549 ], [ 78.221737350461964, 25.478477922248072 ], [ 78.317983461298283, 25.536000398298725 ], [ 78.345783014161015, 25.542066748015081 ], [ 78.471522629970394, 25.569429679663134 ], [ 78.615744394391328, 25.596955267909312 ], [ 78.740737114034644, 25.639142762112979 ], [ 78.780313989592713, 25.659125714455154 ], [ 78.802015787054358, 25.670075437431407 ], [ 78.846419969122465, 25.692462427303809 ], [ 78.857633119658502, 25.709506763125905 ], [ 78.900448229985273, 25.77452754048975 ], [ 78.917203549842156, 25.84326298037529 ], [ 78.916570609214588, 25.845268241772878 ], [ 78.900488715086311, 25.896199989486654 ], [ 78.876556127299779, 25.970801810301197 ], [ 78.889580828064666, 26.045602804000804 ], [ 78.955714423630241, 26.127300618456175 ], [ 78.951760041262844, 26.166771839410039 ], [ 78.921583178940082, 26.21292571451308 ], [ 78.937281447277442, 26.247087591208842 ], [ 78.974424821392873, 26.289003145815148 ], [ 78.976268512383669, 26.292502303431284 ], [ 78.629369107578199, 26.715265406811181 ], [ 78.622590302680223, 26.717090526944986 ], [ 78.482999700682896, 26.757577062569869 ], [ 78.377170200097069, 26.774459404611008 ], [ 78.292284699227864, 26.781232476490889 ], [ 78.275972611664912, 26.815022815326934 ], [ 78.262858490693404, 26.867830483926742 ], [ 78.211607291181934, 26.890485087701389 ], [ 78.165820790935754, 26.871232707753492 ], [ 78.087391331616445, 26.825233211907896 ], [ 78.058672625386464, 26.796021791519657 ], [ 77.965880175931403, 26.807545260944696 ], [ 77.869194383361219, 26.823862019868546 ], [ 77.758047779108111, 26.793845974295433 ], [ 77.688128214019017, 26.761768818537668 ], [ 77.641612906002138, 26.705346623759645 ], [ 77.589832996513408, 26.649002318712341 ], [ 77.548189758904215, 26.628267696752509 ], [ 77.50437404403074, 26.629046429587845 ], [ 77.486845684496615, 26.678299648142048 ], [ 77.499895457349226, 26.728209129730185 ], [ 77.543642855609477, 26.782343374214729 ], [ 77.652249909259169, 26.877038183363528 ], [ 77.752669307888297, 26.90137600198786 ], [ 77.817340203649849, 26.932326127584279 ], [ 77.860502791163086, 26.954134379758045 ], [ 77.86019731317748, 26.99472070414042 ], [ 77.827532628985182, 27.020445035954044 ], [ 77.794586763403657, 27.035426053940164 ], [ 77.725950029687581, 27.008126469475734 ], [ 77.694745191440148, 26.984854770549493 ], [ 77.636175433169143, 26.987156908480998 ], [ 77.602069738413533, 27.010471129254714 ], [ 77.58296160197861, 27.049021097607962 ], [ 77.583618205317549, 27.077657432850629 ], [ 77.638249620043752, 27.132743744858786 ], [ 77.668324232368818, 27.163209296898703 ], [ 77.663413813337897, 27.181207017866203 ], [ 77.646461882341598, 27.197022520815512 ], [ 77.62945518361343, 27.212882894972502 ], [ 77.59906612091568, 27.226580385968877 ], [ 77.562482440806662, 27.203381315667237 ], [ 77.52324508494911, 27.18021962649545 ], [ 77.478977509936328, 27.170266037201568 ], [ 77.427383807402961, 27.191462574279633 ], [ 77.396045897546699, 27.224233524220253 ], [ 77.391778613602995, 27.274444381422722 ], [ 77.42176730673566, 27.363458340729949 ], [ 77.398900428013661, 27.480839030686209 ], [ 77.362696603866027, 27.665292660252675 ], [ 77.349934856827943, 27.709559629013356 ], [ 77.350232341546032, 27.709617538715602 ], [ 77.42858684356581, 27.795402401501324 ], [ 77.457619260713457, 27.85075256453981 ], [ 77.460846298739014, 27.856900696712987 ], [ 77.47264327659596, 27.903241190139287 ], [ 77.447099739630261, 27.962185521104892 ], [ 77.414621411825195, 28.012892566723718 ], [ 77.399494149268136, 28.058516088932258 ], [ 77.411333018199159, 28.113998561253688 ], [ 77.419040481755445, 28.150082012567339 ], [ 77.414593810585643, 28.191937090541192 ], [ 77.355143796674454, 28.245493567828216 ], [ 77.282743804134483, 28.389961271059093 ], [ 77.256839838722868, 28.504983476645229 ], [ 77.254901578929619, 28.508339497975378 ], [ 77.134101675841436, 28.717054844097007 ], [ 77.084346131578826, 28.802582181187958 ], [ 77.096199048974029, 28.920570702821045 ], [ 77.046913796707827, 29.035920522453381 ], [ 77.054999462557447, 29.075134567794052 ], [ 77.070978677654196, 29.15252743906348 ], [ 77.045330589608284, 29.230507341360411 ], [ 77.046013588609441, 29.469217315247324 ], [ 77.094585705936638, 29.575881494433062 ], [ 77.093832907419142, 29.603769954351165 ], [ 77.091491997384651, 29.690510128799637 ], [ 77.12303673125443, 29.760425445389295 ], [ 77.173870226801711, 29.811975859318334 ], [ 77.196292791744114, 29.797950322830527 ], [ 77.217417571410365, 29.856077008238181 ], [ 77.266863087986451, 29.95369468775386 ], [ 77.292466845666468, 29.994424027094627 ], [ 77.321339052045559, 30.027332765454929 ], [ 77.377085064097784, 30.064524428828879 ], [ 77.430552069919315, 30.119036147242834 ], [ 77.444483357815557, 30.155173574905326 ], [ 77.480692930215781, 30.202822139760155 ], [ 77.506928081416362, 30.235137943864011 ], [ 77.551058072209884, 30.267696732406701 ], [ 77.622092398851521, 30.328339730508393 ], [ 77.625791878905488, 30.330011029887345 ], [ 77.684064515667842, 30.356314627670475 ], [ 77.708752873168251, 30.378475064705047 ], [ 77.735094140524367, 30.410140822973059 ], [ 77.746164220867726, 30.436753830264756 ], [ 77.742500573207508, 30.477993919975457 ], [ 77.727466978602266, 30.50694460933029 ], [ 77.69345498004914, 30.572678647919965 ], [ 77.654247295732034, 30.626579804902903 ], [ 77.662416675266044, 30.672945206967011 ], [ 77.700959747194858, 30.718680702350682 ], [ 77.756674170532605, 30.735405020152442 ], [ 77.813847048541547, 30.801584508820866 ], [ 77.829503957246345, 30.840613618650458 ], [ 77.829518227177388, 30.846057997300662 ], [ 77.829709751455155, 30.918155979458803 ], [ 77.778556321471939, 30.991444999594112 ], [ 77.770836250927346, 31.059614051328467 ], [ 77.789210720764359, 31.095604885227463 ], [ 77.81849377101463, 31.124792532595926 ], [ 77.887146129724144, 31.125060701435178 ], [ 77.988437161812499, 31.082786434062822 ], [ 78.070303058300965, 31.107104672041451 ], [ 78.122749112617967, 31.142225247153185 ], [ 78.198397028351309, 31.164819609991852 ], [ 78.256179066900899, 31.191399758939713 ], [ 78.304543237654897, 31.20567118827168 ], [ 78.409421051800095, 31.170132918735696 ], [ 78.490785215634276, 31.100565818744975 ], [ 78.527300491007892, 31.094800073212149 ], [ 78.619996250178616, 31.108923100561583 ], [ 78.671567020799529, 31.116406317383397 ], [ 78.728621675261962, 31.086742225589578 ], [ 78.813907889799992, 31.036546336945804 ], [ 78.851984081311869, 31.002025919171636 ], [ 78.866855997280609, 30.993233866949332 ], [ 78.883131558314645, 30.984994182071066 ], [ 78.929267241295165, 30.979423616709436 ], [ 78.95155098663426, 30.999609178690875 ], [ 78.954238270615505, 31.031124223144428 ], [ 78.939901070057729, 31.103105001151945 ], [ 78.896877272481333, 31.186093090384333 ], [ 78.888048890610861, 31.224516709997562 ], [ 78.888514616796641, 31.233823164561816 ], [ 78.89640243435116, 31.228774515825986 ], [ 78.909831567161461, 31.234121838708774 ], [ 78.919219186657642, 31.238093745100844 ], [ 78.92215175508737, 31.247087135260642 ], [ 78.923265415171684, 31.248258846744402 ], [ 78.924171294447618, 31.25329765342704 ], [ 78.927237723975551, 31.26273328865927 ], [ 78.930823944134985, 31.273765416768526 ], [ 78.944961313729152, 31.313382825158751 ], [ 78.980906590090726, 31.372767445180969 ], [ 79.002702875087223, 31.392530535970266 ], [ 79.025892672924101, 31.400385294245289 ], [ 79.075284018012766, 31.39621057503232 ], [ 79.135515995622455, 31.35813899890546 ], [ 79.218542004952027, 31.268262103265339 ], [ 79.302518135473264, 31.111426097341372 ], [ 79.373536473926279, 31.025451402987144 ], [ 79.401754684330101, 31.011044181717963 ], [ 79.456508162891808, 30.983043165597923 ], [ 79.462531595370294, 30.979960466716861 ], [ 79.571492127477143, 30.934137761369957 ], [ 79.630213124876491, 30.927912209941976 ], [ 79.635518531410796, 30.924835883092904 ], [ 79.666905585553209, 30.925652615736187 ], [ 79.670800126946972, 30.92706100628871 ], [ 79.687219804726752, 30.926842739772709 ], [ 79.732627307572201, 30.937856266860955 ], [ 79.764015889223771, 30.939352061427954 ], [ 79.829438648754575, 30.915103325855217 ], [ 80.013613127683399, 30.816531197164188 ], [ 80.027569531589833, 30.809033900769258 ], [ 80.057396108782797, 30.791307341188205 ], [ 80.057797500197452, 30.790696137672832 ], [ 80.063492385875747, 30.773050059340424 ], [ 80.063462445865909, 30.773026489563051 ], [ 80.06482996594427, 30.768904706962466 ], [ 80.074459843737174, 30.762832003726139 ], [ 80.082905638114795, 30.757504672249631 ], [ 80.1090957794882, 30.760546487198649 ], [ 80.145270213798725, 30.738996872201465 ], [ 80.198601896823064, 30.674019365186531 ], [ 80.208118656326562, 30.586741401845234 ], [ 80.240311431967029, 30.544814320707985 ], [ 80.248864357732813, 30.533668607084454 ], [ 80.295058376298769, 30.495935429311899 ], [ 80.34273000727751, 30.482026392808574 ], [ 80.460121368523474, 30.447687384423858 ], [ 80.49743895618667, 30.411996424945613 ], [ 80.59841158593342, 30.399815400165931 ], [ 80.678541137527461, 30.405471946077302 ], [ 80.720565212038821, 30.375358429686333 ], [ 80.809091839273904, 30.287909543771672 ], [ 80.900670516622753, 30.242808610863271 ], [ 81.014354140753753, 30.227859917601631 ], [ 81.038072018634324, 30.192375839727553 ], [ 81.046971902547497, 30.165070212256794 ], [ 81.045410517574965, 30.154635581060969 ], [ 81.010216255768825, 30.156737656518601 ], [ 80.954769501779083, 30.171816003942194 ], [ 80.906527472996331, 30.144237072035668 ], [ 80.836314752413827, 30.068797547724927 ], [ 80.720017170486997, 29.927446436675037 ], [ 80.670525663374733, 29.898626856129511 ], [ 80.581326172356569, 29.8679032432692 ], [ 80.518071411303666, 29.836029071885179 ], [ 80.438455174018941, 29.753576025856866 ], [ 80.410399039094187, 29.714228449775359 ], [ 80.406252008196788, 29.636969034763375 ], [ 80.416225400681242, 29.568661850078474 ], [ 80.361198704747565, 29.481556022963005 ], [ 80.302582503907303, 29.454128610407359 ], [ 80.237217317075121, 29.400727915991475 ], [ 80.239412009020924, 29.337497543137982 ], [ 80.292853025409116, 29.187656314649377 ], [ 80.276757794018735, 29.112046253881587 ], [ 80.225485671249686, 29.064020179609869 ], [ 80.179257009887451, 29.00743498268417 ], [ 80.174745059772192, 29.002706643764519 ], [ 80.146370842496083, 28.972956724635381 ], [ 80.101280549756638, 28.937741145358086 ], [ 80.071030516797009, 28.900756753109047 ], [ 80.043935785007832, 28.844579611821921 ], [ 80.077979573418062, 28.793252913931269 ], [ 80.087909334271046, 28.786144432679933 ], [ 80.185089915640276, 28.716492376646613 ], [ 80.236807067937818, 28.696623335315671 ], [ 80.305908737514059, 28.673671205062817 ], [ 80.378480920399497, 28.613618600512652 ], [ 80.38235768469751, 28.611493309224478 ], [ 80.497902439277766, 28.548065957341837 ], [ 80.504298359429427, 28.59306915883856 ], [ 80.506266509192727, 28.604900356020075 ], [ 80.530439950216675, 28.653940024417011 ], [ 80.60994657251014, 28.625648894526694 ], [ 80.724760314658639, 28.502934505582722 ], [ 80.830452606369064, 28.463894187009657 ], [ 80.990396646189225, 28.433109002966489 ], [ 81.025684210376482, 28.425074413006204 ], [ 81.100733424919909, 28.407953209083022 ], [ 81.190063641940284, 28.34677120814537 ], [ 81.258892577068025, 28.281724867341126 ], [ 81.292322344486379, 28.18734693148793 ], [ 81.325758461131713, 28.139383523750311 ], [ 81.376780655163742, 28.162001253465501 ], [ 81.412520405122336, 28.175796443075512 ], [ 81.45779753938551, 28.124870150603087 ], [ 81.667836354796023, 27.962490227932388 ], [ 81.764898344675416, 27.907769784028904 ], [ 81.842889390824666, 27.870596018321454 ], [ 81.896761250066703, 27.854816520547221 ], [ 81.937068865227786, 27.899169250642096 ], [ 81.982706553082465, 27.921827567732496 ], [ 82.123842018339872, 27.869380581249189 ], [ 82.232666406340783, 27.795920528978542 ], [ 82.246138873088896, 27.788433756042551 ], [ 82.388525111098687, 27.709178492112514 ], [ 82.513208782637406, 27.677473192639479 ], [ 82.584581081102527, 27.705646893885223 ], [ 82.647170407112867, 27.74139565624014 ], [ 82.691235160146135, 27.741314440984912 ], [ 82.720379101806031, 27.681463200371802 ], [ 82.73097209473012, 27.604830749255179 ], [ 82.737588252454259, 27.547432189464118 ], [ 82.756160786751067, 27.534113331807706 ], [ 82.780714104924968, 27.516497796238401 ], [ 82.905921580990764, 27.49751536636931 ], [ 83.02843626733349, 27.460766100610769 ], [ 83.082675872882589, 27.474233059264495 ], [ 83.162119968286618, 27.46837999896578 ], [ 83.202133385844874, 27.42916221719393 ], [ 83.227853725225998, 27.403935884002472 ], [ 83.301629332136898, 27.3413657988952 ], [ 83.331264589659412, 27.328905537146827 ], [ 83.355274046403707, 27.347640669358089 ], [ 83.380120054457436, 27.394806825180193 ], [ 83.377501853457204, 27.482801748293689 ], [ 83.508084910665929, 27.502119929536558 ], [ 83.59389375858305, 27.493247174660283 ], [ 83.732104266505729, 27.407465399817557 ], [ 83.791870028334202, 27.364646487878755 ], [ 83.788057956883947, 27.282575820382178 ], [ 83.802601057292023, 27.19814759110589 ], [ 83.838259370981433, 27.085817479466467 ], [ 83.922479615405408, 27.051992541013288 ], [ 83.993855229685451, 27.043616239935954 ], [ 84.035789186967961, 26.959333144337759 ], [ 84.13000789948714, 26.894414289673097 ], [ 84.124542084383421, 26.853041951762471 ], [ 84.13703427218924, 26.746014233060993 ], [ 84.186969361036532, 26.710519533222026 ], [ 84.263708414978865, 26.589818823784157 ], [ 84.273339040445251, 26.526613540950649 ], [ 84.237658003997296, 26.502402520742692 ], [ 84.173264667392601, 26.514178939649941 ], [ 84.098058669889255, 26.496276844338883 ], [ 84.035285049635107, 26.502195644601905 ], [ 83.900960651243707, 26.537270845015861 ], [ 83.855616727261918, 26.496476454181806 ], [ 83.851682959184345, 26.445491600234995 ], [ 83.898078835335468, 26.391360646168255 ], [ 83.983652598394684, 26.327164350332154 ], [ 83.996295968047448, 26.273251090688873 ], [ 83.979635445450711, 26.221188161451582 ], [ 83.972772537864032, 26.214032376006124 ], [ 83.937389414844063, 26.155345751703361 ], [ 83.934203027289882, 26.150056429980179 ], [ 83.970255123163909, 26.126930919343959 ], [ 84.046304488974769, 26.105067972880303 ], [ 84.084403662112905, 26.081790653617379 ], [ 84.113747303281443, 26.000274121910969 ], [ 84.133451640083749, 25.98384954525417 ], [ 84.174466439381192, 25.97175119963293 ], [ 84.265103549543937, 25.977302740069831 ], [ 84.301760172477401, 25.937014573568025 ], [ 84.349417730820946, 25.903589551191558 ], [ 84.389333335651699, 25.904778051850819 ], [ 84.437584588642409, 25.905407602195975 ], [ 84.449334166297447, 25.895158980557582 ], [ 84.461008035408526, 25.831848948440079 ], [ 84.442051126305486, 25.778131337875156 ], [ 84.408281336605981, 25.774652900583316 ], [ 84.382242935883696, 25.763081372396019 ], [ 84.3530809608109, 25.711900563887387 ], [ 84.288997199166673, 25.695182345634898 ], [ 84.216270794164984, 25.701733470153808 ], [ 84.11465200462294, 25.71386589447911 ], [ 84.022478428949398, 25.685510713768796 ], [ 83.924608200265951, 25.636571391393861 ], [ 83.837953643067493, 25.653266176575816 ], [ 83.787800694291874, 25.654420355808771 ], [ 83.779361677333526, 25.645418673393998 ], [ 83.742373294384564, 25.605937341978347 ], [ 83.700463193753478, 25.547734204376184 ], [ 83.651535844922336, 25.4785420587421 ], [ 83.583675360936354, 25.406641846004412 ], [ 83.553545457711834, 25.305920219782411 ], [ 83.546742064787452, 25.299802344754294 ], [ 83.482231896133229, 25.241736567094335 ], [ 83.375543566841898, 25.208000923937522 ], [ 83.304099797428194, 25.170288129076773 ], [ 83.249477726576259, 25.103106302037308 ], [ 83.193118760158811, 25.053154066274622 ], [ 83.182966840558748, 25.044148286916748 ], [ 83.148541371202683, 24.996676018619123 ], [ 83.146728052425033, 24.937903142426542 ], [ 83.193071100435375, 24.914456500807411 ], [ 83.225939501968838, 24.876556231377762 ], [ 83.210728563143789, 24.835623615661973 ], [ 83.194405250361967, 24.77765857926526 ], [ 83.213943851529919, 24.727210260215575 ], [ 83.282222445559626, 24.691151867728077 ], [ 83.322539570879101, 24.641443955053322 ], [ 83.333742064259283, 24.591459350398683 ], [ 83.331026573805843, 24.519470048800091 ], [ 83.318649561475297, 24.475601277454185 ], [ 83.317912762185969, 24.472988194495503 ], [ 83.246074868831514, 24.461784533057052 ], [ 83.23936586870947, 24.460736247597314 ], [ 83.206556176543202, 24.434763532832829 ], [ 83.194626290859176, 24.394827224909857 ], [ 83.223628524994552, 24.362627519392966 ], [ 83.243743626323052, 24.289616158245668 ], [ 83.200322743345126, 24.230746687033715 ], [ 83.180698783018357, 24.191222575745513 ], [ 83.181606658492356, 24.15699499840937 ], [ 83.185909804096781, 24.150347474593321 ], [ 83.150378536419836, 24.130974222812593 ], [ 83.119585121284643, 24.102242129208005 ], [ 83.09331670606305, 24.046673084241924 ], [ 83.058556395810058, 24.020031631283832 ], [ 82.993254289908023, 24.000682605953259 ], [ 82.920267531444821, 23.957005799881813 ], [ 82.887621582259513, 23.930202256079866 ], [ 82.794901767210604, 23.934963906247901 ], [ 82.658082061385372, 23.928584935262947 ], [ 82.576237815376842, 23.907958396233774 ], [ 82.569161215625698, 23.913931702451553 ], [ 82.542743079011473, 23.936224544947333 ], [ 82.536471724166375, 24.041074373907708 ], [ 82.568940582525045, 24.100284455477968 ], [ 82.620371769018931, 24.164231835439626 ], [ 82.617798881555117, 24.225178135493103 ], [ 82.6091677037778, 24.254120796291364 ], [ 82.56422577143384, 24.300091714770907 ], [ 82.54994138799492, 24.338821602677548 ], [ 82.551977131881358, 24.3729332935741 ], [ 82.574483447885939, 24.402214790385433 ], [ 82.624249798334233, 24.435813229933114 ], [ 82.632525138579325, 24.469603159014422 ], [ 82.599859509327715, 24.478861823820591 ], [ 82.578911807763291, 24.510331613762176 ], [ 82.606289643932854, 24.550760187463307 ], [ 82.644626836672188, 24.600123748922446 ], [ 82.651206754052581, 24.639698331459414 ], [ 82.63279619590368, 24.678651333094518 ], [ 82.574155864687171, 24.706347920403275 ], [ 82.527590258857344, 24.727713930388941 ], [ 82.502119361952481, 24.719492962149243 ], [ 82.476536944859092, 24.70937147712392 ], [ 82.446391819671845, 24.657647914669909 ], [ 82.413365636815172, 24.626969678864857 ], [ 82.376371877296677, 24.634502665673008 ], [ 82.35523169825872, 24.66406447628885 ], [ 82.342048275452015, 24.687529793958898 ], [ 82.325224308047808, 24.684553219480264 ], [ 82.284244451261344, 24.65993589527762 ], [ 82.234211955045026, 24.62243044275057 ], [ 82.206695681648256, 24.578115786457133 ], [ 82.177551114653966, 24.577612923553623 ], [ 82.153839908717345, 24.635804340045723 ], [ 82.120183455782794, 24.665940384816459 ], [ 82.086402684896981, 24.694175431911578 ], [ 82.118385890075473, 24.780147745358299 ], [ 82.113457630639402, 24.803207811142716 ], [ 82.047492812154445, 24.815856799661681 ], [ 82.037170967052077, 24.820203712990985 ], [ 82.006777208283751, 24.832998241101496 ], [ 81.969837896018205, 24.880392375334605 ], [ 81.935008608370907, 24.891535237653049 ], [ 81.871116290333234, 24.867867468134769 ], [ 81.822549160802282, 24.894841731806586 ], [ 81.765007717048661, 24.948854481278982 ], [ 81.665775784039198, 24.966671005966582 ], [ 81.636170582429614, 24.998452318595007 ], [ 81.611332105474744, 25.041437454438658 ], [ 81.57935455826366, 25.029539101697644 ], [ 81.537852605243259, 25.113231587800442 ], [ 81.50202303946196, 25.147176090882034 ], [ 81.462276705990135, 25.147019237412511 ], [ 81.435236490646233, 25.110125272279891 ], [ 81.399673150234364, 25.069785263678295 ], [ 81.371572367784978, 25.051959453287619 ], [ 81.296940579581886, 25.104662917617389 ], [ 81.227052183791997, 25.128573129195093 ], [ 81.185111391618904, 25.126527578859854 ], [ 81.175450351949806, 25.118930353875559 ], [ 81.17755332063787, 25.116261924618151 ], [ 81.148948781543609, 25.09375749238718 ], [ 81.128076694552533, 25.010825257479489 ], [ 81.133768676467, 24.957263363637985 ], [ 81.097781411551551, 24.905418118570847 ], [ 81.025990946057732, 24.88929900202168 ], [ 80.982774911683606, 24.902473257844456 ], [ 80.96793547105348, 24.941167541398091 ], [ 80.910013231442079, 24.996824904611817 ], [ 80.826372427309821, 24.996325395870127 ], [ 80.786157889846407, 25.030290219199909 ], [ 80.753254877473111, 25.086827344134683 ], [ 80.755667084988701, 25.138178091372936 ], [ 80.750293248642464, 25.157441132712179 ], [ 80.719125348215528, 25.162463113466639 ], [ 80.744051908970661, 25.247237097975582 ], [ 80.743127476134759, 25.27204315029454 ], [ 80.710285335711163, 25.286659905587978 ], [ 80.68299946574453, 25.285811491049483 ], [ 80.643751417742308, 25.253022377153417 ], [ 80.623420108337754, 25.175669431193612 ], [ 80.635763392935146, 25.079917866692245 ], [ 80.635408244491231, 25.026574254232322 ], [ 80.606186095635252, 24.981946656437746 ], [ 80.57347814227991, 24.998424937755974 ], [ 80.57188774056867, 25.055657077278134 ], [ 80.565863018050123, 25.10733915527646 ], [ 80.515970062749417, 25.11492682886518 ], [ 80.471573004485549, 25.105141322409523 ], [ 80.436889989253814, 25.125480980567936 ], [ 80.403193246216887, 25.120998649464756 ], [ 80.394578198236232, 25.067942311278546 ], [ 80.435089800363443, 24.990219259566906 ], [ 80.427234601860505, 24.954291967814246 ], [ 80.366697255431319, 24.956491904430919 ], [ 80.317871341626883, 25.036405149015334 ], [ 80.279277976750294, 25.112132444024628 ], [ 80.269153264484217, 25.217343180411863 ], [ 80.224260787174714, 25.245631206366838 ], [ 80.205748700877081, 25.253912528981068 ], [ 80.193208362311594, 25.303924263729559 ], [ 80.143111170593485, 25.359069478896721 ], [ 80.142259080362308, 25.406840074798634 ], [ 80.145497037152467, 25.424285276590737 ], [ 80.939957687643698, 25.434544265360586 ], [ 80.696024566520762, 25.578747337442117 ], [ 80.698989711033562, 25.579889019895944 ], [ 80.722922109207644, 25.586097124475785 ], [ 80.753462757924396, 25.607022210443141 ], [ 80.748908225829325, 25.607701089500793 ], [ 80.717679217973341, 25.586302824784244 ], [ 80.693746870440634, 25.580093816224952 ], [ 80.158132262372931, 25.661864373010108 ], [ 80.158170772626079, 25.667955702744134 ], [ 80.1180805650894, 25.726569488436628 ], [ 80.112393446589707, 25.802359490722825 ], [ 80.511233254211504, 25.827497823459137 ], [ 80.513499492907641, 25.827480059568639 ], [ 80.513435078320015, 25.827636601449722 ], [ 80.20518189185151, 25.851075193890619 ], [ 79.954627759309105, 25.930209233257994 ], [ 79.753582167519397, 25.779744101911476 ], [ 80.107174351865581, 25.802030538253064 ], [ 80.112826248020781, 25.726754437026347 ], [ 80.152919359337261, 25.668141702667956 ], [ 80.152884977344954, 25.662665459111729 ], [ 79.691303142461464, 25.733133670903975 ], [ 79.517668267187872, 25.603183075709111 ] ], [ [ 80.939957687643698, 25.434544265360586 ], [ 80.919599209353606, 25.428932489066675 ], [ 80.922596262757793, 25.42810398214402 ], [ 80.945190724108073, 25.434331451837167 ], [ 80.939957687643698, 25.434544265360586 ] ], [ [ 78.673985462287831, 28.343130615585412 ], [ 78.796008458763126, 27.946848260345934 ], [ 79.504556004340884, 28.085247535308614 ], [ 78.673985462287831, 28.343130615585412 ] ], [ [ 79.504556004340884, 28.085247535308614 ], [ 79.483816267056426, 28.068164941926547 ], [ 79.468926262882817, 28.055894822680802 ], [ 79.504556004340884, 28.085247535308614 ] ], [ [ 78.862438261719305, 27.731110575368678 ], [ 79.11645264575256, 26.906172479460043 ], [ 79.362446430426743, 26.918541404132224 ], [ 79.259769023268632, 27.28300758524383 ], [ 79.155479921547084, 27.292619527817298 ], [ 79.259768864772241, 27.283008147846413 ], [ 79.610647780164712, 27.538755514202446 ], [ 79.610647703305972, 27.538755901429873 ], [ 78.862438261719305, 27.731110575368678 ] ], [ [ 79.362446430426743, 26.918541404132224 ], [ 79.344625218972539, 26.91658022338531 ], [ 79.316763242631737, 26.913509339760871 ], [ 79.362446430426743, 26.918541404132224 ] ], [ [ 79.602217476082302, 25.746734092609575 ], [ 79.493408037989553, 25.763345679004544 ], [ 79.554263260980235, 25.734521791515068 ], [ 79.602217476082302, 25.746734092609575 ] ], [ [ 79.493408037989553, 25.763345679004544 ], [ 79.623304846101249, 25.771532898838913 ], [ 79.631792505364601, 25.798834120068502 ], [ 79.606593099266377, 25.828249038241097 ], [ 79.557188769304673, 25.845309455518944 ], [ 79.49416275572257, 25.816277350277332 ], [ 79.493408037989553, 25.763345679004544 ] ], [ [ 79.889724105952851, 25.950708149830092 ], [ 79.638712585065861, 26.029986648947137 ], [ 79.634152475429303, 26.04857555972789 ], [ 79.646884391782464, 25.99666497739598 ], [ 79.637403560209052, 25.970265626010121 ], [ 79.623141881498626, 25.953682338935987 ], [ 79.663101198731283, 25.928728921111794 ], [ 79.706976675697149, 25.904896005937289 ], [ 79.738897040333697, 25.885734750534269 ], [ 79.810425353319118, 25.894818282832478 ], [ 79.836373872434692, 25.910640600869041 ], [ 79.877267685108791, 25.930721634701008 ], [ 79.885657636918026, 25.942357229233231 ], [ 79.889724105952851, 25.950708149830092 ] ], [ [ 79.638712585065861, 26.029986648947137 ], [ 79.874934471406931, 26.041123742367169 ], [ 79.848875995254801, 26.102819201996457 ], [ 79.837323763664116, 26.174724210642761 ], [ 79.779960994799424, 26.19333295940023 ], [ 79.720556527000781, 26.16192122170958 ], [ 79.669126638835948, 26.064656223965514 ], [ 79.638712585065861, 26.029986648947137 ] ], [ [ 81.379106244050476, 26.996307427199451 ], [ 81.609103624399467, 26.687488870787174 ], [ 81.78202914398004, 26.727142796867088 ], [ 81.687594004373153, 26.660277761293248 ], [ 81.782074509366282, 26.727158935643065 ], [ 82.095492280246702, 26.838657582729166 ], [ 81.408459774360253, 27.018275990420495 ], [ 81.365541119636433, 27.045242513324883 ], [ 81.408453877939408, 27.018271577462571 ], [ 81.379106244050476, 26.996307427199451 ] ], [ [ 82.095492280246702, 26.838657582729166 ], [ 82.087102145702431, 26.780262960585159 ], [ 82.087045842995749, 26.779870716223897 ], [ 82.095492280246702, 26.838657582729166 ] ], [ [ 81.747079280502518, 26.502228313153317 ], [ 82.105368913591292, 26.02115115001315 ], [ 82.397507587712013, 26.008328987834023 ], [ 82.358616368822169, 26.021210545410504 ], [ 82.397517831064363, 26.008328538246424 ], [ 83.048040845890284, 26.326417124896913 ], [ 83.009852374502444, 26.369219803902755 ], [ 81.747079280502518, 26.502228313153317 ] ], [ [ 83.009852374502444, 26.369219803902755 ], [ 83.040620728933604, 26.34539886718602 ], [ 83.032000577530425, 26.352074032933189 ], [ 83.009852374502444, 26.369219803902755 ] ], [ [ 82.14511891531744, 25.967778637109628 ], [ 82.242246418439905, 25.837365085195703 ], [ 83.553314984225437, 25.792587589509861 ], [ 82.14511891531744, 25.967778637109628 ] ], [ [ 83.553314984225437, 25.792587589509861 ], [ 83.544946065549468, 25.791607576762509 ], [ 83.589352351462239, 25.796801625018194 ], [ 83.553314984225437, 25.792587589509861 ] ], [ [ 79.316539282346156, 25.877817456164184 ], [ 79.223454990387054, 25.843634356783056 ], [ 79.255371171927649, 25.799508279258507 ], [ 79.249249991166096, 25.799031075514343 ], [ 79.373294563306672, 25.808645249177697 ], [ 79.373295094295926, 25.808649671894894 ], [ 79.316539282346156, 25.877817456164184 ] ], [ [ 80.118148804792625, 26.052590506916225 ], [ 80.674505140395311, 26.078820898098044 ], [ 80.693605544414339, 26.070867497913738 ], [ 80.674505836678549, 26.078820930925534 ], [ 80.371745965966809, 26.242385915139305 ], [ 80.118148804792625, 26.052590506916225 ] ], [ [ 80.343394938050352, 26.25770246096388 ], [ 80.343394817773429, 26.257702525943081 ], [ 80.342699187481486, 26.24253884164122 ], [ 80.343394938050352, 26.25770246096388 ] ], [ [ 79.95172392901307, 26.871043403990573 ], [ 79.973891698931482, 26.894181746702369 ], [ 79.955306663334213, 26.874784419455239 ], [ 79.95172392901307, 26.871043403990573 ] ], [ [ 80.506355794098141, 26.941044394409182 ], [ 80.506355905958699, 26.941044410321055 ], [ 80.505743504910981, 26.941703810756231 ], [ 80.506355794098141, 26.941044394409182 ] ], [ [ 79.747874372420512, 28.140914711306888 ], [ 79.775360727629675, 28.154260293663288 ], [ 79.758591990939379, 28.146119609665032 ], [ 79.747874372420512, 28.140914711306888 ] ], [ [ 82.320661821350441, 25.732076357599887 ], [ 82.39817914785877, 25.627993481382266 ], [ 82.986202051134001, 25.648711650988531 ], [ 82.320661821350441, 25.732076357599887 ] ], [ [ 81.199396900269718, 25.612462646280786 ], [ 81.19235146529013, 25.6132212720903 ], [ 81.177464260813593, 25.614823137967054 ], [ 81.199396900269718, 25.612462646280786 ] ], [ [ 81.194375999211914, 25.873153459961742 ], [ 81.186024497327949, 25.850462119276351 ], [ 81.180577269374254, 25.835655234123639 ], [ 81.194375999211914, 25.873153459961742 ] ], [ [ 81.503918172821145, 26.047549226077955 ], [ 81.476163085705053, 26.057012275113145 ], [ 81.467716885088819, 26.05989071280046 ], [ 81.503918172821145, 26.047549226077955 ] ], [ [ 81.6245014891539, 26.515139492027792 ], [ 81.653350286016135, 26.499515282383733 ], [ 81.635054552907263, 26.509425126822872 ], [ 81.6245014891539, 26.515139492027792 ] ], [ [ 81.111045981648076, 26.57327819212561 ], [ 81.091993024113506, 26.570372860571727 ], [ 81.062331205880767, 26.565844230141877 ], [ 81.111045981648076, 26.57327819212561 ] ], [ [ 78.46120213892732, 29.034166559404845 ], [ 78.945174614636628, 29.108822533226888 ], [ 78.786725518948487, 29.221849347129933 ], [ 79.06960903888077, 29.509099277644818 ], [ 79.071382994931554, 29.509436856704831 ], [ 79.069609611677478, 29.509099859282859 ], [ 78.294474997309209, 29.575630269289558 ], [ 78.46120213892732, 29.034166559404845 ] ] ], [ [ [ 80.110291585362532, 25.832576647710919 ], [ 80.090885398488993, 25.875873227934534 ], [ 80.110291642284949, 25.832577063685981 ], [ 80.110291585362532, 25.832576647710919 ] ] ], [ [ [ 78.786725518948487, 29.221849347129933 ], [ 78.775344407206561, 29.200703589432756 ], [ 78.781372670237204, 29.211905275566945 ], [ 78.786725518948487, 29.221849347129933 ] ] ], [ [ [ 78.945174614636628, 29.108822533226888 ], [ 78.870974713347792, 29.129115645869412 ], [ 78.925665003062875, 29.11416289071046 ], [ 78.945174614636628, 29.108822533226888 ] ] ], [ [ [ 79.575022682041052, 25.416918656231431 ], [ 79.571061932658736, 25.459380107797916 ], [ 79.684474541827669, 25.498714327907098 ], [ 79.750483508314133, 25.533778440935443 ], [ 79.77645800001369, 25.512905815676664 ], [ 79.809495405829111, 25.471771990871066 ], [ 79.842454140949542, 25.42920534232249 ], [ 79.838066910193305, 25.420315385548257 ], [ 79.575022682041052, 25.416918656231431 ] ] ], [ [ [ 80.14020932824512, 25.424216995617645 ], [ 80.14519137948146, 25.451065281952989 ], [ 80.141091989506435, 25.502687151270472 ], [ 80.131478839975557, 25.535913731749144 ], [ 80.140278632326925, 25.594231917765264 ], [ 80.152650091494706, 25.625253661910584 ], [ 80.152884977344954, 25.662665459111729 ], [ 80.158132262372931, 25.661864373010108 ], [ 80.157899630217344, 25.625067960357171 ], [ 80.145526918768979, 25.594046869043289 ], [ 80.136724658172582, 25.535729390031459 ], [ 80.146336283972758, 25.502502688705139 ], [ 80.150433401305946, 25.450881020251771 ], [ 80.145497037152467, 25.424285276590737 ], [ 80.14020932824512, 25.424216995617645 ] ] ], [ [ [ 80.693746870440634, 25.580093816224952 ], [ 80.696024566520762, 25.578747337442117 ], [ 80.670902243609817, 25.569074380477268 ], [ 80.637967354364008, 25.566777979049196 ], [ 80.637213932532504, 25.567294130481582 ], [ 80.66565961720822, 25.56927809020609 ], [ 80.693746870440634, 25.580093816224952 ] ] ], [ [ [ 80.20518189185151, 25.851075193890619 ], [ 80.209983271169278, 25.850356630921425 ], [ 80.195459717220871, 25.833551169028389 ], [ 80.116332174826567, 25.830647104591762 ], [ 80.116164641651906, 25.831021046595527 ], [ 80.190201328288339, 25.83373963208124 ], [ 80.20518189185151, 25.851075193890619 ] ] ], [ [ [ 80.513435078320015, 25.827636601449722 ], [ 80.511233254211504, 25.827497823459137 ], [ 80.35816330822577, 25.828697660777138 ], [ 80.357075419208371, 25.828861632777592 ], [ 80.513435078320015, 25.827636601449722 ] ] ], [ [ [ 80.112393446589707, 25.802359490722825 ], [ 80.107174351865581, 25.802030538253064 ], [ 80.106797839253531, 25.807045209563231 ], [ 80.110291585362532, 25.832576647710919 ], [ 80.11107325642935, 25.830832684083564 ], [ 80.115358903777718, 25.83099124934235 ], [ 80.11205574232531, 25.806859943275754 ], [ 80.112393446589707, 25.802359490722825 ] ] ], [ [ [ 80.674505836678549, 26.078820930925534 ], [ 80.674505140395311, 26.078820898098044 ], [ 80.670854697357811, 26.080340941040507 ], [ 80.674505836678549, 26.078820930925534 ] ] ], [ [ [ 83.048040845890284, 26.326417124896913 ], [ 83.032495371451446, 26.320764162175035 ], [ 83.043080468983462, 26.324613600090927 ], [ 83.048040845890284, 26.326417124896913 ] ] ], [ [ [ 81.78202914398004, 26.727142796867088 ], [ 81.800938887802062, 26.74051271463965 ], [ 81.782074509366282, 26.727158935643065 ], [ 81.78202914398004, 26.727142796867088 ] ] ], [ [ [ 81.408459774360253, 27.018275990420495 ], [ 81.43802195511789, 26.999687856800232 ], [ 81.408453877939408, 27.018271577462571 ], [ 81.408459774360253, 27.018275990420495 ] ] ], [ [ [ 79.069609611677478, 29.509099859282859 ], [ 79.06960903888077, 29.509099277644818 ], [ 79.006552276383971, 29.497099745524761 ], [ 79.069609611677478, 29.509099859282859 ] ] ] ] } },
{ "type": "Feature", "properties": { "state_name": "Unknown", "id": 27 }, "geometry": { "type": "Polygon", "coordinates": [ [ [ 79.98164037857596, 9.056245559266316 ], [ 80.02945842584225, 9.130697608566386 ], [ 80.046306736797092, 9.17695721160667 ], [ 80.060023941494009, 9.255445226732409 ], [ 80.058866474958151, 9.300166328943249 ], [ 80.023176172084064, 9.322131137862828 ], [ 80.026083432084562, 9.398985763988147 ], [ 80.041136590640448, 9.443476548313315 ], [ 80.063662770899441, 9.505738117646196 ], [ 80.071580675513601, 9.553903053130362 ], [ 80.079344136419152, 9.591340157145734 ], [ 80.099318661360101, 9.601774423212206 ], [ 80.135154284640734, 9.588727310883561 ], [ 80.195789963143582, 9.54848909070668 ], [ 80.262275521800305, 9.538549024779284 ], [ 80.282108025682646, 9.540035561881165 ], [ 80.291110091280743, 9.539898517804309 ], [ 80.300305927905782, 9.552271020227016 ], [ 80.311637176898159, 9.586060212159264 ], [ 80.303052295139935, 9.613004914301136 ], [ 80.20831962319717, 9.660931632357263 ], [ 80.140248444927451, 9.686989712633876 ], [ 80.103971596863843, 9.671440087149588 ], [ 80.076731526191821, 9.65753952955502 ], [ 80.033650607346161, 9.668903443210075 ], [ 79.948156845151601, 9.738109563994676 ], [ 79.923316930052152, 9.765297478046731 ], [ 79.916686171561949, 9.804741511899019 ], [ 79.924401065680769, 9.838611291253898 ], [ 79.938958326075209, 9.847340855209628 ], [ 79.993208890621844, 9.857271414768498 ], [ 80.040083659774993, 9.856572843598718 ], [ 80.086488705623722, 9.82547708540233 ], [ 80.111228915417513, 9.79291875166953 ], [ 80.139569002304441, 9.760306525461226 ], [ 80.159142736159509, 9.743918664617365 ], [ 80.191298629252529, 9.725551399268758 ], [ 80.273218012924474, 9.66351557891751 ], [ 80.294802866257555, 9.661395509459792 ], [ 80.31478267414353, 9.671811514420535 ], [ 80.304511166446545, 9.70593354242345 ], [ 80.1815687952612, 9.795425688222803 ], [ 80.144194022342361, 9.82639077243679 ], [ 80.155313608319673, 9.845888285458315 ], [ 80.205611057194304, 9.834388233903441 ], [ 80.379815669337106, 9.68330796843226 ], [ 80.516001986711018, 9.529251581396048 ], [ 80.5406198902689, 9.493122845085663 ], [ 80.586880930506268, 9.460223931236204 ], [ 80.651235517189861, 9.434179149992991 ], [ 80.737923019722928, 9.345244535325902 ], [ 80.749980756549775, 9.312896531954333 ], [ 80.756820419121411, 9.291351078794007 ], [ 80.759685597209781, 9.246649379863671 ], [ 80.741102120867453, 9.209436480592519 ], [ 80.740870934906354, 9.195150012273215 ], [ 80.799449709710331, 9.149557757705338 ], [ 80.839814191070602, 9.089970573265784 ], [ 80.846622444565085, 9.066643801615104 ], [ 80.839061440155874, 9.043547349665191 ], [ 80.824490318039551, 9.031277783999217 ], [ 80.824202982051716, 9.013422171678615 ], [ 80.836430638536029, 8.991795920974793 ], [ 80.864934335430377, 8.977054897248975 ], [ 80.884803000616046, 8.983881039947127 ], [ 80.941855560297057, 8.957964391343257 ], [ 81.042566555662148, 8.858134016436976 ], [ 81.051100718761717, 8.831215860314144 ], [ 81.039868251159376, 8.802831960927081 ], [ 81.017844324027863, 8.772833984855644 ], [ 81.012317423415013, 8.763995179856702 ], [ 81.026066459155501, 8.726282212064357 ], [ 81.045713897912975, 8.720612624461001 ], [ 81.112318309396244, 8.73382351460886 ], [ 81.117728792309279, 8.735521039081586 ], [ 81.149692973545257, 8.715367026164998 ], [ 81.165307256047697, 8.682984027624467 ], [ 81.173864480507916, 8.657856219996926 ], [ 81.174958424900183, 8.615000573142293 ], [ 81.17449425501583, 8.586449433648548 ], [ 81.147255033893614, 8.565466387454267 ], [ 81.109232558808785, 8.542865052281831 ], [ 81.107411179884366, 8.541108747174565 ], [ 81.107126551877613, 8.523261946988542 ], [ 81.131911430347671, 8.503234316884424 ], [ 81.163805929527783, 8.479524264868679 ], [ 81.17783058611893, 8.459667730166379 ], [ 81.195810133490568, 8.462951921679045 ], [ 81.210377455344641, 8.476998271184568 ], [ 81.210895999901126, 8.509116281370483 ], [ 81.221881655142482, 8.523218075216969 ], [ 81.268307083666471, 8.511760853251422 ], [ 81.298451730912802, 8.491642189556771 ], [ 81.310411479287524, 8.455758604964036 ], [ 81.290092826439064, 8.418611877916719 ], [ 81.279227186636916, 8.411648067485025 ], [ 81.260793296915182, 8.379819800848418 ], [ 81.2657387354798, 8.352971843709284 ], [ 81.297668592271506, 8.332833742872197 ], [ 81.353720102907474, 8.253426845592859 ], [ 81.367358887005707, 8.210386908160125 ], [ 81.368778831431527, 8.187168903383375 ], [ 81.35053478553921, 8.166045524362739 ], [ 81.328965754659649, 8.161031526097242 ], [ 81.311061598909347, 8.161312036148171 ], [ 81.294779176137482, 8.15085937904963 ], [ 81.331703167212623, 8.10745691130554 ], [ 81.34565957830425, 8.084042573018801 ], [ 81.357909136403265, 8.066008461834375 ], [ 81.37038194698269, 8.06224539030514 ], [ 81.390041269145868, 8.0601539051116 ], [ 81.402822875960368, 8.076010988265002 ], [ 81.414156224208412, 8.113299071185549 ], [ 81.436912051180116, 8.080826017628015 ], [ 81.559992061439473, 7.943307686667471 ], [ 81.568084046631441, 7.889672034598266 ], [ 81.603339214657325, 7.857012742707599 ], [ 81.652919128261018, 7.825911612995561 ], [ 81.70038823385012, 7.775229932999165 ], [ 81.72183625625776, 7.774889374965109 ], [ 81.741267656994467, 7.760316183462003 ], [ 81.767388939190255, 7.717110618491694 ], [ 81.778930931258785, 7.656310860677916 ], [ 81.789056658742282, 7.618712169431411 ], [ 81.790392628211023, 7.590166595006767 ], [ 81.788550191530987, 7.586629929062236 ], [ 81.742580201438415, 7.61765868812817 ], [ 81.71826731188068, 7.662614280369465 ], [ 81.676024595317415, 7.704287652809769 ], [ 81.644161967968955, 7.724401630331753 ], [ 81.606904425527588, 7.742816295783997 ], [ 81.59252008073031, 7.737689497680508 ], [ 81.58495349369592, 7.711054160785065 ], [ 81.593475891235613, 7.684170126313871 ], [ 81.671751555130982, 7.659774303923863 ], [ 81.698192645197338, 7.636181692386598 ], [ 81.722537390267902, 7.593009292800793 ], [ 81.730030130127503, 7.500176900771263 ], [ 81.787016277365041, 7.488600362808389 ], [ 81.802617718966218, 7.458052057693231 ], [ 81.809373535721818, 7.432989658081905 ], [ 81.814289341364145, 7.404390776002608 ], [ 81.84884160622893, 7.328990567467967 ], [ 81.826201087350654, 7.249117431642161 ], [ 81.83634375369644, 7.092095327999978 ], [ 81.846494319584338, 7.054511318352455 ], [ 81.851137699244489, 7.00631421250197 ], [ 81.854287493104195, 6.977747585585156 ], [ 81.843144583301466, 6.947606358718512 ], [ 81.830324257794018, 6.924618155018964 ], [ 81.810218605011755, 6.891036820644142 ], [ 81.802524739871373, 6.851927208910849 ], [ 81.768895152446731, 6.743651499976825 ], [ 81.744704928075706, 6.670888292807907 ], [ 81.72795283219196, 6.619411782063461 ], [ 81.682542866900974, 6.55761737343119 ], [ 81.628140783907114, 6.488792552693504 ], [ 81.543520509810634, 6.425686436630822 ], [ 81.467829097331588, 6.362432866661043 ], [ 81.278922297056852, 6.225579234839994 ], [ 81.07303948162081, 6.158374252462933 ], [ 80.979991338794719, 6.132646408757457 ], [ 80.893546349581499, 6.05860456168104 ], [ 80.811335922599184, 6.045206623863519 ], [ 80.63947854735369, 5.991639666033713 ], [ 80.592720957187751, 5.956385848428384 ], [ 80.562314355221616, 5.94954714974477 ], [ 80.478370255464966, 5.943241003330633 ], [ 80.364333487372789, 5.96402448832156 ], [ 80.298714886868311, 6.009351091162666 ], [ 80.236653135222113, 6.054644740484303 ], [ 80.202809464546121, 6.063910466145697 ], [ 80.127799594975244, 6.064627576910536 ], [ 80.106620079266705, 6.091649911015263 ], [ 80.053944218251431, 6.188713352252186 ], [ 80.001156507192789, 6.27505760875829 ], [ 79.980447300388136, 6.352158928938588 ], [ 79.954238237894046, 6.415009382908139 ], [ 79.934901555672312, 6.449179256560464 ], [ 79.924905142735298, 6.524397268785787 ], [ 79.888846717013834, 6.676787821435846 ], [ 79.862779002827537, 6.753962878176806 ], [ 79.8188510200184, 6.834899382888612 ], [ 79.792099073142154, 7.021216105743837 ], [ 79.776665389860014, 7.087565802485225 ], [ 79.763024259240566, 7.153899262477108 ], [ 79.759945479109959, 7.202234450930751 ], [ 79.774612976969564, 7.234282792731434 ], [ 79.78920783788648, 7.25917433794827 ], [ 79.740508575235481, 7.397443894680878 ], [ 79.716454992556891, 7.4943117662229 ], [ 79.723668477045791, 7.662408902233977 ], [ 79.698317860556486, 7.802240626383557 ], [ 79.665718520905017, 7.935005025833814 ], [ 79.653886334445559, 7.999550943893794 ], [ 79.651072291546697, 8.067574588674303 ], [ 79.6502039528403, 8.148101161155763 ], [ 79.658323206405953, 8.228523493651817 ], [ 79.682364648487109, 8.287286263433568 ], [ 79.693523564949487, 8.319359532657515 ], [ 79.722367436306897, 8.327962571926429 ], [ 79.743897894504656, 8.325916380798049 ], [ 79.744812674062004, 8.252555600984651 ], [ 79.727654954246091, 8.168672809634126 ], [ 79.723413120004494, 8.113261043756538 ], [ 79.715545659728051, 8.054312131119993 ], [ 79.714822509717493, 7.991701875530359 ], [ 79.737985990047278, 7.977124085886837 ], [ 79.781573031989552, 8.021345380221071 ], [ 79.781803743946725, 8.041020971845374 ], [ 79.778804013658998, 8.091146292243517 ], [ 79.779631354221209, 8.160905139971117 ], [ 79.780079886622346, 8.198467462514833 ], [ 79.796603228463596, 8.228681969194922 ], [ 79.804087552379983, 8.253636560450982 ], [ 79.804587096926511, 8.294774571666636 ], [ 79.799614225083602, 8.328823362397488 ], [ 79.803687966162926, 8.368129143235512 ], [ 79.820227166342079, 8.398337416429717 ], [ 79.820670593674862, 8.434108493173923 ], [ 79.821832646630753, 8.527112878406212 ], [ 79.840228767470322, 8.560870057933627 ], [ 79.852919840362063, 8.569654305824697 ], [ 79.863928664942719, 8.587402626967002 ], [ 79.878624460112675, 8.612257911643026 ], [ 79.897333807484301, 8.66925542770889 ], [ 79.88797282831392, 8.778483046280748 ], [ 79.867385552830342, 8.853875046675768 ], [ 79.868498764093118, 8.937929040462926 ], [ 79.892478684718128, 8.982328425450207 ], [ 79.98164037857596, 9.056245559266316 ] ] ] } }
]
}
