{"type":"FeatureCollection","name":"India-1921-states","crs":{"type":"name","properties":{"name":"urn:ogc:def:crs:OGC:1.3:CRS84"}},"features":[{"type":"Feature","properties":{"state_name":"Ajmer Merwara","id":1},"geometry":{"type":"Polygon","coordinates":[[[92.7960922362,26.0778488485],[92.8582094726,25.9553260943],[92.7608516654,25.8031336509],[92.3036221364,25.0883796806],[92.2568495932,25.1241095686],[92.2235860548,25.1445930837],[92.2104437046,25.1526830812],[92.1584799647,25.1846536189],[92.0745548433,25.239960615],[92.0582359877,25.2462563735],[92.0401818379,25.2532191605],[92.0336556912,25.2557354113],[92.0212494041,25.2605179113],[92.0182471143,25.2616750819],[92.0092087515,25.2651583038],[91.9701279955,25.2732802694],[91.9313735141,25.2778678711],[91.923989305,25.2787407898],[91.9154632792,25.2797482118],[91.8756222915,25.2827056775],[91.7828850336,25.2681195692],[91.7677423058,25.2657309978],[91.7246316748,25.2567487905],[91.6982661713,25.2512472759],[91.6923047445,25.2499591688],[91.6383245402,25.231963517],[91.6036352442,25.2186892136],[91.5971857313,25.2173992839],[91.5656038644,25.2194350891],[91.5380867107,25.2246453592],[91.4574140791,25.2398897061],[91.452210442,25.2408714414],[91.4488586985,25.2415036915],[91.4478144036,25.241700664],[91.4374316603,25.243221821],[91.4094657104,25.2473153126],[91.3952153358,25.2493990955],[91.338667722,25.2576538597],[91.3247315416,25.2592390372],[91.3085721983,25.2610753894],[91.3069589876,25.2612586149],[91.2789664876,25.264435054],[91.2308639783,25.2698806739],[91.2014260905,25.269716384],[91.1704641477,25.2695367934],[91.0981701829,25.2690903432],[91.0588654572,25.2674222607],[91.0337404746,25.2663499417],[91.0189063888,25.2657146274],[91.0083499084,25.2639583806],[90.9559786309,25.2552317022],[90.8887972118,25.2416869322],[90.8426892272,25.2275334644],[90.8276306691,25.2245231035],[90.8138884012,25.2217741549],[90.8031848683,25.2196319201],[90.7658619276,25.2210643009],[90.7206777733,25.2227851835],[90.663667662,25.2249358491],[90.5715547159,25.2267542903],[90.5144711379,25.2317450007],[90.4727786867,25.2268900444],[90.4464733265,25.2203056341],[90.4294820107,25.2170206016],[90.3695580821,25.2100165316],[90.3338141834,25.2022239096],[90.3311881164,25.2016509461],[90.3206673661,25.1993548818],[90.3101960829,25.1990699583],[90.2887156421,25.2008776723],[90.2647427119,25.2028913487],[90.2489841996,25.2042128498],[90.2441869161,25.2046148041],[90.2041572452,25.2110312929],[90.2037546555,25.2111276193],[90.200069253,25.2128477775],[90.1843597762,25.2201788507],[90.1575404938,25.2303034412],[90.1265541573,25.2419940712],[90.11571459,25.2460818693],[90.0750331785,25.259689086],[90.0661935698,25.2617626063],[90.030093984,25.2702247343],[89.9938952567,25.2860743978],[89.9740434933,25.2947618518],[89.9351550115,25.3049704822],[89.8856317311,25.3179549281],[89.7921739191,25.3217352449],[89.7618184171,25.3260188128],[89.7500057102,25.3403524343],[89.7442958957,25.3472797791],[89.7439171298,25.3477392883],[89.7293664044,25.4276137966],[89.7309213776,25.4356568404],[89.7350145168,25.4568156615],[89.7400183986,25.4826572585],[89.7539265007,25.5543380789],[89.7541569585,25.5555240428],[89.7547130898,25.5583857222],[89.7586998423,25.6886983563],[89.759287754,25.7076812382],[89.7575701963,25.7272461178],[89.7545218598,25.7620024626],[89.7517331703,25.7757679864],[89.7489524913,25.7894949774],[89.73827881,25.8175182424],[89.7333796464,25.8323345271],[89.7326686878,25.8344845808],[89.7269969127,25.8505779961],[89.7241061594,25.8587799589],[89.7231263485,25.8694072307],[89.7224720956,25.8765054128],[89.7265341196,25.8983214524],[89.7319895625,25.9041514113],[89.744503581,25.917520394],[89.7495311992,25.9227910708],[89.7630271985,25.9369350845],[89.7698979531,25.944133252],[89.7791848786,25.9560373526],[89.7819422248,25.9647000742],[89.7835114525,25.9696289713],[89.7858756155,25.9881066646],[89.7635059358,26.0437475556],[89.7534545619,26.0687426006],[89.7516566089,26.0742308453],[89.7292298247,26.1426798112],[89.7209665622,26.1583883283],[89.7143113007,26.1710383725],[89.7083740713,26.1823223649],[89.7059509321,26.1857697247],[89.6897194513,26.2088581982],[89.6715933934,26.237692271],[89.6692370216,26.2414399921],[89.6642652782,26.2480875247],[89.6593115668,26.2547103708],[89.6492857912,26.2681125316],[89.6304712419,26.2796590649],[89.6239983205,26.2836306306],[89.6200133869,26.2846643882],[89.6089100417,26.287544149],[89.5945969695,26.2901333376],[89.5793025548,26.2928984068],[89.5784324363,26.2930556644],[89.5671398394,26.2860292395],[89.5626065234,26.2742227977],[89.5607091596,26.2692800397],[89.5579474225,26.2673819685],[89.5556732196,26.2658188546],[89.5543243171,26.2692874687],[89.5512147032,26.3195087331],[89.5475329299,26.3761178544],[89.5605175747,26.4408362743],[89.5937553443,26.5048415476],[89.604945016,26.5430294672],[89.6179100154,26.6428803288],[89.608413122,26.7380694947],[89.6561080735,26.7555296177],[89.7284179246,26.7577038872],[89.893665917,26.7526862494],[89.985647411,26.7385530152],[90.0591717374,26.7502392933],[90.0894929443,26.7778288727],[90.129571022,26.8310164886],[90.2279210076,26.8749543914],[90.2976287779,26.9037321889],[90.3288336398,26.9142987673],[90.3733398364,26.9191620393],[90.4111027319,26.9093294557],[90.4759964997,26.8585675168],[90.5543012956,26.825915835],[90.6333314407,26.8099733782],[90.703503925,26.8090146465],[90.777513686,26.8131843444],[90.8265063567,26.8155881119],[90.8545809087,26.8169571711],[90.9199359955,26.8262373484],[91.1004231502,26.8220702671],[91.2642232952,26.8112221754],[91.3218394143,26.8211965128],[91.3513476925,26.8414809285],[91.3746382218,26.8513026639],[91.4323653611,26.8514105326],[91.5155047759,26.8442445585],[91.5536726105,26.8404170799],[91.655238266,26.8301799968],[91.739857625,26.8436591565],[91.8057058401,26.8873219855],[91.8778953589,26.9008124523],[91.9713782945,26.8906671836],[92.0313604577,26.8957958351],[92.0971547435,26.9183194891],[92.1051826476,26.9298820237],[92.1556503847,26.922459626],[92.1051826478,26.9298820241],[92.1212469241,26.9530062138],[92.1198323046,26.9839010884],[92.1162509002,27.0108798649],[92.0785593727,27.049115111],[92.0287742145,27.1000347856],[92.03289053,27.1763503553],[92.0543359296,27.2532895341],[92.1076473304,27.3038529091],[92.1098134552,27.3175482968],[92.0889603333,27.3439278669],[92.0836745075,27.3599620946],[92.0748223888,27.4127728108],[92.07016043,27.452483944],[92.059384228,27.4734076019],[91.9511213764,27.5122002882],[91.8621489694,27.5247425181],[91.8160303704,27.5207069176],[91.7716599289,27.5178342858],[91.6896541138,27.5251957488],[91.6119654493,27.5403702535],[91.5510695965,27.5730386265],[91.5229351741,27.6044795563],[91.5093632756,27.6285380226],[91.5051436046,27.6724502664],[91.5208379246,27.7027224125],[91.5611953657,27.7397537789],[91.5799237615,27.7892354173],[91.5774355961,27.803540647],[91.5647785192,27.823301756],[91.5550368974,27.8315038949],[91.5527616293,27.8471842689],[91.5672304424,27.8691962083],[91.6017988525,27.8887152351],[91.6198045244,27.8913899509],[91.6192971674,27.8862179327],[91.618942283,27.8826033606],[91.6411329754,27.8556451979],[91.6677135716,27.8523527873],[91.7164314232,27.8444413067],[91.7940686919,27.8347585671],[91.8511189239,27.7606804893],[91.8680977893,27.7511218324],[91.8827743149,27.7518697741],[91.9102572421,27.7532657144],[91.9367006181,27.7715143745],[91.9380792768,27.7721146694],[92.0072189696,27.8129987763],[92.0072189743,27.8129987794],[92.0238954952,27.8228471991],[92.0309986678,27.8260761342],[92.0816296352,27.8490711835],[92.1008033169,27.859325998],[92.1852526736,27.8910408625],[92.2097883839,27.8990203024],[92.2457853846,27.8906439908],[92.2860380996,27.8612785656],[92.3416485772,27.8466215862],[92.4234643223,27.88046866],[92.5218466328,27.9027666487],[92.5321018757,27.9099039348],[92.5374294832,27.908887496],[92.5600797152,27.9068033129],[92.5783180027,27.9155767492],[92.6052429467,27.9369885456],[92.6255765441,27.9531460984],[92.6460344155,27.9746809236],[92.66893677,27.9921463462],[92.6975055654,28.0060402863],[92.7174241775,28.0182923218],[92.7318481997,28.0350173973],[92.7249630432,28.0555568365],[92.7138285036,28.0698603704],[92.7115301741,28.0728124704],[92.7087132843,28.0764304727],[92.7014169006,28.08862369],[92.7008099716,28.0897899891],[92.6985678322,28.0940984727],[92.6951430022,28.1006792828],[92.6931470422,28.1252337398],[92.6943852537,28.1502865412],[92.6999798684,28.1822239511],[92.7340960623,28.2093554875],[92.7451877304,28.2169447147],[92.7722912957,28.2258367177],[92.8128778802,28.2295928961],[92.8486538638,28.2302722748],[92.8624152988,28.2371672592],[92.8686983524,28.2403143155],[92.8715207748,28.2417278091],[92.8726689957,28.2413290531],[92.87355072,28.2410228391],[92.8748428606,28.2405740774],[92.9201012506,28.2651695256],[92.924188309,28.2691250831],[92.930287139,28.2750265868],[92.9374957882,28.2820003062],[92.9611589084,28.2891577009],[92.9906084003,28.2999537837],[92.9979474549,28.3042600332],[93.0078456606,28.3044053124],[93.033542976,28.3073786198],[93.0382894917,28.3104539281],[93.0486365194,28.3167140226],[93.0571140615,28.3218415382],[93.0667431921,28.3387929083],[93.0691796843,28.3430806056],[93.0716911506,28.3443885281],[93.0817712204,28.3496369916],[93.082031762,28.3497726281],[93.0848945354,28.3512628974],[93.0943293604,28.3561734161],[93.0947025539,28.3561810284],[93.0966373487,28.3562204715],[93.1346175054,28.3569886597],[93.1346175148,28.3569886584],[93.1346175255,28.3569886607],[93.134617559,28.3569886615],[93.1638622924,28.3575722691],[93.1929644576,28.3664910579],[93.1971472824,28.3718336014],[93.2030047039,28.3793133528],[93.2049357375,28.3795909343],[93.2338771826,28.3877395533],[93.2403082761,28.389549025],[93.2447429816,28.3922289019],[93.2469317268,28.3935514151],[93.2603469568,28.4016553563],[93.2759196438,28.4237163944],[93.2664863154,28.440896773],[93.2664554512,28.4411650707],[93.2646988406,28.459821397],[93.2659716261,28.4780419979],[93.2666142001,28.4872281682],[93.2672830729,28.496781373],[93.2745330021,28.5190860227],[93.2968235072,28.5317947368],[93.3243715932,28.5429853571],[93.3274726107,28.5442444191],[93.3397075463,28.5593022556],[93.3476851536,28.5740307404],[93.3498503509,28.5970510697],[93.3482854838,28.6112716042],[93.354435634,28.6363256057],[93.3558271288,28.6419903171],[93.3569197777,28.6464374415],[93.3613603881,28.6498393388],[93.3637153699,28.6516432569],[93.3713754195,28.6575098816],[93.3772508697,28.6620087133],[93.4506989597,28.6889424802],[93.4722606086,28.6939422685],[93.5347740714,28.7084113499],[93.6720072085,28.7155557416],[93.6944407552,28.7167087417],[93.7715057299,28.7127910656],[93.8602703251,28.7145247504],[93.9388082207,28.7177095082],[93.9579544202,28.7308527171],[93.9600508389,28.7322913363],[93.973242867,28.7316811919],[93.9746158425,28.7316176123],[93.9781769029,28.7314526357],[94.0212837398,28.7371718436],[94.0378523926,28.7468197256],[94.0617100692,28.7507228006],[94.0657184887,28.7659595649],[94.0715602111,28.7744034078],[94.0750815054,28.7925070922],[94.0791358475,28.8133262121],[94.0849620027,28.8431968952],[94.0894209995,28.8530892041],[94.0894210032,28.8530892137],[94.0979487091,28.8719979522],[94.1136586205,28.8985263702],[94.1341017787,28.918006379],[94.1550614771,28.9379630502],[94.2063385592,28.9898632553],[94.2301092216,29.0142205684],[94.260141473,29.0488014971],[94.2628911086,29.0518236633],[94.2763768779,29.0666411023],[94.2884560421,29.0799060121],[94.3084875631,29.1010822701],[94.3327997142,29.1225326998],[94.3534339387,29.1360625904],[94.401974985,29.1678547909],[94.5220326883,29.2413909735],[94.5290406537,29.2432100828],[94.5778622854,29.245068867],[94.6330170705,29.2467505162],[94.6694991213,29.2652812226],[94.6850074792,29.28427853],[94.6898458693,29.3077333019],[94.6983161737,29.3334149982],[94.7054370299,29.3418082315],[94.7104414406,29.3477052615],[94.713663826,29.3515017231],[94.722016742,29.355347718],[94.7405715521,29.3516328108],[94.7499378108,29.3497565123],[94.7577216379,29.3481966764],[94.7945642882,29.3330209586],[94.8081788025,29.3084750022],[94.8050440405,29.2754090947],[94.7954196417,29.2321909785],[94.8146913367,29.2048994101],[94.8798907038,29.1987293493],[94.8972636072,29.1970795926],[94.9015540439,29.196671797],[94.9075174971,29.1957206973],[94.9125445676,29.1927450727],[94.9188996095,29.193904591],[94.925963199,29.1927770103],[94.925963199,29.1927770105],[94.9328286627,29.1916806772],[94.9402858188,29.1904894329],[94.9729838131,29.1810209781],[94.9977631479,29.1738395596],[95.0011780945,29.1738404804],[95.0209792658,29.1738439326],[95.0278923916,29.1756108058],[95.041327019,29.1695820457],[95.0565948867,29.1671579423],[95.0663510492,29.1751407847],[95.0725584237,29.1743983166],[95.082595006,29.1731971879],[95.0840995207,29.1730170661],[95.1062873368,29.1668415677],[95.1476105172,29.1553291941],[95.2303141436,29.132397276],[95.2765406289,29.1195548183],[95.3561538143,29.0898451667],[95.383972707,29.0843903178],[95.3847133521,29.0839645317],[95.4237121297,29.0748802063],[95.4520509308,29.0749369272],[95.4541482348,29.0762133164],[95.463887742,29.0821394783],[95.4701245272,29.0859333473],[95.4763800046,29.0910216363],[95.4891582348,29.1014120812],[95.5014264782,29.1244855362],[95.5176567053,29.1561992661],[95.5232886889,29.1664334919],[95.5237164835,29.167210705],[95.5419150669,29.1880322573],[95.5731742869,29.2237581425],[95.5853929557,29.2328066564],[95.6204314054,29.2587330294],[95.8318171329,29.3923474067],[95.9407936661,29.429584508],[96.0070291787,29.4531959875],[96.0167294956,29.4566491372],[96.01862408,29.4572726578],[96.0291205454,29.4607263063],[96.0398784694,29.4642645594],[96.041433226,29.4643532432],[96.0625688903,29.4691882248],[96.0631078876,29.4695854712],[96.1196936561,29.4690153909],[96.1303578387,29.4629596427],[96.1582309089,29.4471257332],[96.1701287062,29.4154007155],[96.1758667226,29.3815421973],[96.1840110406,29.3335203261],[96.203939043,29.2911025617],[96.2196128564,29.2679097254],[96.2449433872,29.2521284888],[96.317317734,29.2865541703],[96.347790046,29.2956167638],[96.3871028775,29.2882602723],[96.398627764,29.2750290397],[96.4000882511,29.2389472672],[96.4002839345,29.2341268076],[96.3936613531,29.2247850489],[96.2420633791,29.1493403599],[96.2230934741,29.1302608805],[96.2224342023,29.1288192124],[96.2175134464,29.1265001332],[96.2141631433,29.1234753141],[96.1804117587,29.0929813524],[96.1709997615,29.0451214779],[96.1665638169,29.0128035889],[96.1756938781,28.9986143517],[96.1745798605,28.9919451951],[96.1853120361,28.9836642547],[96.2107523138,28.9898830365],[96.250704952,29.0080734875],[96.330125547,29.0409184564],[96.4620819891,29.1007606398],[96.4890786641,29.0938141157],[96.4946754321,29.0816893183],[96.4928267624,29.0728177336],[96.4848012629,28.9950517621],[96.5141744689,28.9415133353],[96.5437324834,28.8896933327],[96.5828041053,28.7945298877],[96.5687616978,28.7615038605],[96.5414410988,28.7301251672],[96.5076518355,28.6912642964],[96.5007510345,28.6837214923],[96.4943650315,28.6767393982],[96.2665805724,28.5384468749],[96.1926081895,28.4849491289],[96.1861244828,28.4674543946],[96.1946692763,28.4433888659],[96.263134359,28.4173558184],[96.3273040626,28.3827497353],[96.3529490218,28.3853814391],[96.3573662478,28.3868289946],[96.360353783,28.3855880491],[96.3950381385,28.3872377935],[96.4255626863,28.3987635394],[96.5100287268,28.4401086711],[96.5770647791,28.4646149025],[96.5816143921,28.4662759595],[96.61551779,28.4676721093],[96.6717450862,28.4699660884],[96.7269594974,28.4464228922],[96.7634187457,28.4039079166],[96.7870016833,28.4041805595],[96.8015768698,28.4043467572],[96.8101422543,28.4044436044],[96.8135467819,28.4044296019],[96.8138749886,28.4043616838],[96.8217227076,28.4027374464],[96.8265198416,28.4017443455],[96.8368792751,28.4043310758],[96.8741559467,28.4041643891],[96.8910749408,28.4040849677],[96.8975924701,28.4019531241],[96.912622218,28.3970356211],[96.9259106983,28.3926862478],[96.9867829421,28.3727434886],[96.9907131178,28.3724299123],[96.9933522215,28.3711525289],[97.0121342358,28.3620596918],[97.0299579069,28.3581106438],[97.0565540706,28.3563371539],[97.0741052596,28.3606894848],[97.0764696382,28.365557109],[97.088014644,28.3646273907],[97.1395298999,28.3435110666],[97.2218063244,28.2827670111],[97.3017157043,28.2542647439],[97.3179514971,28.2380333832],[97.3153387334,28.2240920585],[97.3121049063,28.2068212231],[97.3111884056,28.2019233418],[97.2968810826,28.1429503385],[97.2972298824,28.1110851361],[97.3149512432,28.0927112868],[97.3476305985,28.0695858742],[97.358108792,28.0544999504],[97.3516376458,28.0277080793],[97.3348803325,28.008474672],[97.3269549095,27.9948962658],[97.3211427833,27.9849341123],[97.3187457141,27.9595346966],[97.3185441386,27.957396054],[97.3228405414,27.9248330842],[97.3157369179,27.9163021449],[97.2906602113,27.9034208245],[97.2725897491,27.8941317776],[97.2678290996,27.89090638],[97.2641660568,27.8884242688],[97.2542878179,27.8867112953],[97.2050093797,27.8781517686],[97.1526910245,27.8357555424],[97.1316549143,27.8150196118],[97.1002198318,27.7840008541],[97.0990914396,27.7830404613],[97.0247844613,27.7197093158],[97.0156384824,27.7141363526],[96.9936122414,27.7007080645],[96.9825956466,27.6939881263],[96.9410170087,27.6793549518],[96.9290929265,27.676117192],[96.9277101398,27.6758502229],[96.9024269632,27.6731806412],[96.8869400047,27.6672960669],[96.8778367229,27.6666189269],[96.871671535,27.6661599288],[96.847751741,27.6620738329],[96.8402973749,27.6607993164],[96.8171237436,27.6389300992],[96.8112614221,27.6138340331],[96.812706956,27.5613284757],[96.8187503546,27.5462714989],[96.8331144261,27.5104821466],[96.8418946038,27.4886044505],[96.9022986365,27.3762769764],[96.9999941596,27.2177384107],[97.0353142754,27.1457649601],[97.0395764013,27.1262249962],[97.0421098456,27.114612605],[97.0414178671,27.1116030987],[97.0392278711,27.1020755134],[97.0284740844,27.1011222073],[97.0202214205,27.1003899426],[96.9957937314,27.1147364629],[96.9615599596,27.1423567209],[96.9302438062,27.15438051],[96.8912111036,27.1662917477],[96.8749649432,27.1724382124],[96.8303781347,27.1958441418],[96.7869669895,27.2227032696],[96.7813615622,27.2379070943],[96.7785512292,27.2617434204],[96.7771183879,27.279010803],[96.7758917455,27.2938079835],[96.7765359733,27.3038993805],[96.7772829412,27.3155842726],[96.7738124403,27.3436598598],[96.749326989,27.3669295797],[96.7199343058,27.3813721604],[96.7076350492,27.3846714934],[96.6573415156,27.4092980348],[96.6098007053,27.417091338],[96.5194557047,27.3937076892],[96.5167595455,27.397332738],[96.48607451,27.4550888433],[96.4475517732,27.5187171127],[96.4217060827,27.5435650628],[96.370873078,27.6229817573],[96.3352298482,27.6379296885],[96.2992368296,27.6448850727],[96.2063149259,27.6575314818],[96.1225313284,27.6709489201],[96.103576026,27.6601808853],[96.0620543452,27.6334576579],[95.9849033425,27.5962630014],[95.8918105418,27.550006958],[95.8232587542,27.5492766559],[95.7730806989,27.5697975464],[95.7593494845,27.5984167396],[95.7088149715,27.6304919014],[95.6759368072,27.6736198798],[95.67543149,27.6644875627],[95.6804103967,27.637229422],[95.679404177,27.6189656448],[95.6884308899,27.5991380385],[95.6897494243,27.5597931903],[95.6875194719,27.4956816925],[95.6722004046,27.4370615344],[95.6561449407,27.4142312942],[95.6403666367,27.3994110193],[95.6169370609,27.3650518863],[95.5744951792,27.3255564153],[95.5344532126,27.298330813],[95.478440663,27.2884973676],[95.4358023677,27.2811979737],[95.3635242179,27.2806955087],[95.29514991,27.2668828514],[95.2525143833,27.2664210902],[95.2294911295,27.2537660172],[95.2075143264,27.2397945565],[95.1704549505,27.2004257884],[95.1361704743,27.1894355471],[95.1180089127,27.1756545259],[95.0716098841,27.1632257414],[95.0367648468,27.1500868059],[95.1238720931,27.2200948164],[94.7311944987,27.2668398445],[94.1071877196,26.8834293881],[94.1062937628,27.0749524273],[94.1756235472,27.1454993164],[94.1860631786,27.1518498846],[94.3133921088,27.229305786],[94.3643971108,27.2971038992],[94.4161589681,27.2584015353],[94.4775285262,27.2125154892],[94.5417108937,27.2254724045],[94.6407225928,27.2454605452],[94.0665460406,27.5034424946],[94.1945004859,27.6403119353],[94.2265244686,27.6802888163],[94.2823522643,27.6886880978],[94.342675546,27.6750061953],[94.2823522725,27.6886880964],[94.5026929236,27.6508226946],[94.4822485556,27.6542141336],[94.5026929823,27.6508226845],[94.54093227,27.6548615442],[94.5026929871,27.6508226854],[94.6885348621,27.6870145939],[94.6295857781,27.6730734359],[94.6885348682,27.6870145951],[94.8019601235,27.7036604624],[94.9443896016,27.7227537177],[95.0497693545,27.7380301367],[95.1816886452,27.7699227324],[95.1715379095,27.7910591003],[95.1816886445,27.7699227327],[95.0497693551,27.7380301374],[94.9443896022,27.7227537179],[94.8019601243,27.7036604626],[94.6885348684,27.6870145954],[95.0379573775,28.1166281353],[95.0338302412,28.1174574401],[95.0336531366,28.1174554004],[94.7871314653,28.1648362937],[94.8142501767,29.0098699138],[94.8169516292,29.0172865419],[93.7036237345,27.2769012813],[93.6873235937,27.2624830018],[93.6873235936,27.2624830014],[93.7036237335,27.2769012798],[93.6119700453,27.1336256744],[93.6162914279,27.1587707283],[93.620963558,27.1654726404],[93.6162914276,27.1587707281],[93.6119700449,27.1336256738],[93.5009656377,26.9601004841],[93.4938728707,26.9586486995],[93.5009656376,26.9601004839],[93.4936655845,26.948688837],[93.5458752535,26.9501794064],[93.6016015942,26.9055127276],[93.8005972391,27.0179406806],[93.8191938598,27.0284473426],[93.9321646992,27.0233050317],[93.9248476716,26.7713936164],[93.5674191243,26.5517776649],[93.3999342639,26.8021654186],[93.0275713291,26.2200772788],[92.7960922362,26.0778488485]],[[94.0665460406,27.5034424946],[94.0881417415,27.5198991323],[94.1007476126,27.5250439025],[94.1384599818,27.5254406918],[94.1593131505,27.5259270124],[94.1833782864,27.5514014372],[94.18725096,27.5728278484],[94.1833782863,27.5514014372],[94.1593131506,27.5259270129],[94.1384599825,27.5254406923],[94.1007476133,27.5250439035],[94.0881417422,27.5198991332],[94.0665460406,27.5034424946]],[[94.8142501767,29.0098699138],[94.8340075953,29.0214974994],[94.8363992293,29.0312376505],[94.8340075952,29.0214975005],[94.8142501767,29.0098699138]],[[92.3612570734,26.9355367416],[92.3612570746,26.9355367422],[92.2785725116,26.9305134147],[92.361257073,26.9355367416],[92.3612570734,26.9355367416]],[[92.3612570746,26.9355367422],[92.3612570749,26.9355367417],[92.4527813533,26.9401559985],[92.5448161947,26.9318565205],[92.66726714,26.9195623864],[92.7789463032,26.9132016015],[92.8079565888,26.9163881796],[92.9282733021,26.9157313905],[93.0890930068,26.9177112977],[93.0890930073,26.9177112978],[92.9282733021,26.9157313913],[92.8079565889,26.9163881809],[92.778946304,26.9132016027],[92.6672671414,26.919562387],[92.5448161955,26.9318565212],[92.4527813548,26.9401559991],[92.3612570746,26.9355367422]],[[93.3055175137,26.9433172691],[93.3055175134,26.9433172696],[93.1954463188,26.9348739634],[93.1015596444,26.9197283057],[93.1954463185,26.9348739627],[93.3055175131,26.943317269],[93.3055175137,26.9433172691]],[[93.3055175134,26.9433172696],[93.3055175196,26.9433172698],[93.3752524479,26.9516750543],[93.3055175134,26.9433172696]],[[94.852841306,29.1158188632],[94.8528413078,29.115818868],[94.8396462085,29.0893800859],[94.8401302989,29.0834231301],[94.8396462088,29.0893800855],[94.852841306,29.1158188632]],[[94.8528413078,29.115818868],[94.852841315,29.1158188746],[94.8815426924,29.147084668],[94.8528413078,29.115818868]],[[94.9189248885,29.1767024092],[94.9189380058,29.1767144943],[94.8852255331,29.1510938543],[94.8852255325,29.1510938537],[94.9189248885,29.1767024092]],[[94.9189380058,29.1767144943],[94.9189353703,29.1767103745],[94.9237162949,29.1803434579],[94.923716295,29.1803434584],[94.9189380058,29.1767144943]],[[91.9361199457,26.2814269646],[91.9242819548,26.2828659323],[91.9102639461,26.2845685822],[91.9361199457,26.2814269646]],[[92.3924031941,25.8298089152],[92.3468131744,25.8017968953],[92.6743032232,25.7669075712],[92.6979056265,25.7855152348],[92.3924031941,25.8298089152]]]}},{"type":"Feature","properties":{"state_name":"Baroda","id":2},"geometry":{"type":"Polygon","coordinates":[[[72.93185421659021,23.58607938301394],[72.94274454690682,23.485890864286617],[72.91824588581511,23.462632245747745],[72.89693002252079,23.43511318364047],[72.89495746575845,23.36342044419139],[72.90490070227847,23.323420471302274],[72.91931263104968,23.294945531234628],[72.9508022840077,23.265259369441594],[72.97448068514736,23.238332244832595],[72.98781062576626,23.17686689306929],[73.00874645789824,23.124096128487967],[73.00940154142272,23.079667725387473],[72.98807768192184,23.055029106122596],[72.95607379473043,23.020216390970823],[72.90925129563757,23.017096164996627],[72.86509385256909,23.018656597021977],[72.82790324857108,23.02030042081295],[72.79810397420215,23.043538231834745],[72.78141114283312,23.069820934033682],[72.7578125002152,23.091703569180993],[72.72682243755398,23.09197689698946],[72.70505296031904,23.096678199811834],[72.69406374141366,23.105117406077987],[72.67484599455676,23.141382387825036],[72.66060286501038,23.158370005308974],[72.63179735706403,23.165821934067697],[72.61861287548604,23.1663396348226],[72.58710281194288,23.151528330891136],[72.57118272297208,23.13193623490762],[72.55326838087937,23.09439771824858],[72.53494529597315,23.079781330630723],[72.51482770399984,23.078749378499964],[72.48604757485757,23.085459152458636],[72.47200354772963,23.090967140985907],[72.43334397501252,23.08747702266224],[72.41510465690241,23.069266463603732],[72.38821777022169,23.058076492198424],[72.36807860502802,23.05845875248409],[72.347714841861,23.07029849130358],[72.33500447638572,23.086563611526618],[72.33093539392799,23.096525579944252],[72.32517507342557,23.113623485300796],[72.32388898583005,23.139394780926338],[72.33167015324044,23.176783536769626],[72.32402764348319,23.2103278755636],[72.29624306679143,23.24280939575827],[72.286391228705,23.26986456296313],[72.28597003036951,23.290634300182074],[72.29548424223142,23.318740341027222],[72.33791277909043,23.369619896667643],[72.34525702545046,23.390522283857972],[72.34583300652191,23.400562580873203],[72.33226749930382,23.41895940076068],[72.3166154067705,23.425139183874503],[72.29157515751764,23.43473680478014],[72.2326326805647,23.43155317438047],[72.16194766900739,23.433148994573028],[72.12410730608059,23.459678075317015],[72.0996067343974,23.479282109413155],[72.08550740773016,23.48474974906225],[72.08516215857541,23.484122331267958],[72.06036236557249,23.550359232061673],[72.04796474625378,23.58355286790554],[72.02090933227127,23.605719309124858],[72.00392540947375,23.611958351852323],[71.97392092412831,23.620926385636587],[71.95290982551784,23.633049808591032],[71.94330277951967,23.656139595169062],[71.94278897932729,23.678214571743432],[71.93752722276943,23.720370444324733],[71.93701367632116,23.742325796177894],[71.93034382655429,23.76129371393094],[71.92579120879006,23.778393334580553],[71.92946893166435,23.7985218629748],[71.93680095867542,23.802602785067638],[71.96328234428414,23.81733723450524],[72.02715880327035,23.838639383943292],[72.09550305246594,23.89342957453115],[72.15746345482259,23.957626660290856],[72.21838344544187,24.024649457774625],[72.223967882585,24.028327163385004],[72.25120067388897,24.04625604691068],[72.29484899749555,24.047989230384054],[72.34840729692311,24.023135760968703],[72.37703880358525,23.995926858392128],[72.42096112972446,23.98329858683962],[72.48297051489845,23.948983042909028],[72.51862985380943,23.932367916421107],[72.56330810409953,23.933083350312362],[72.61196862221527,23.94340142528401],[72.66382497780677,23.949931647010317],[72.70873341049317,23.9381882672521],[72.74729566926638,23.918873983443348],[72.79344477263786,23.86364966777694],[72.84708075346681,23.824279035130417],[72.86300868278973,23.80300216947306],[72.86954193305942,23.784460389326803],[72.88659383369595,23.69296600528143],[72.93185421659021,23.58607938301394]]]}},{"type":"Feature","properties":{"state_name":"Bengal","id":3},"geometry":{"type":"Polygon","coordinates":[[[87.2044186077,21.8983318248],[87.1767194957,21.9004159626],[87.1365049777,21.9250686848],[87.1226841013,21.9402151993],[87.1010905862,21.9822864136],[87.0839756455,22.0061480271],[87.0607169929,22.0172961214],[87.0423470628,22.014903433],[87.0354489821,22.005066659],[87.0223028853,21.9693453871],[86.997394505,21.913789277],[86.9796421087,21.9066324307],[86.9456434837,21.9100822807],[86.9236944493,21.9248756156],[86.9128488665,21.9397925694],[86.9164364316,21.9583542528],[86.9166759792,21.9969295518],[86.9201672762,22.0973922462],[86.9090636024,22.1330442496],[86.8773120903,22.1636358164],[86.8247929811,22.2117647496],[86.7252905442,22.2671033701],[86.6969917746,22.2795341801],[86.6788849451,22.2808561719],[86.6626876403,22.3154007006],[86.6644171358,22.3659094666],[86.6546018809,22.3995994237],[86.6454503141,22.4261764073],[86.6119759048,22.4498199415],[86.5523294963,22.4788972745],[86.5224043295,22.4999171261],[86.5003260944,22.5239006882],[86.4894889992,22.5458921224],[86.4893275099,22.5741800429],[86.5062550917,22.6094746433],[86.5160813589,22.6270652848],[86.5227000157,22.6389094422],[86.5253755492,22.6705235686],[86.5225114297,22.6966514766],[86.519449799,22.7204380709],[86.5292118913,22.7456438039],[86.5536302574,22.7638826244],[86.5953693509,22.7914417463],[86.6058144475,22.809518599],[86.615294993,22.9195455945],[86.6203864335,23.036966722],[86.6328543528,23.1797551589],[86.6384679154,23.2146756421],[86.6954222492,23.2822423257],[86.7098330749,23.3153107796],[86.7117424165,23.3940857284],[86.7228099616,23.4179801877],[86.7411763102,23.4377824155],[86.76873992,23.4604105256],[86.7771784201,23.525720387],[86.7546519981,23.5733849824],[86.7267224104,23.6037967026],[86.6996204627,23.6577059292],[86.6824220489,23.6839983437],[86.6894586205,23.7052553631],[86.6952281566,23.7266086909],[86.7073032576,23.7468879951],[86.7270074961,23.7595095562],[86.7438000634,23.7682288468],[86.7995187589,23.7756997492],[86.8383214563,23.7662090606],[86.8829919149,23.7580183576],[86.89361592,23.7483569915],[86.9116007846,23.742241358],[86.9267863663,23.7404643733],[86.9433629136,23.7468188846],[86.9677765082,23.7549098912],[86.9923917292,23.7582707246],[87.0161335292,23.7755872431],[87.0384841526,23.7820603466],[87.0912452828,23.7990612015],[87.1065911959,23.7990165262],[87.1415841031,23.8174088468],[87.1500308118,23.8390939079],[87.1517472658,23.8707322983],[87.1657410444,23.9237457968],[87.1775739842,23.9404469374],[87.1963660506,23.9495241658],[87.2041015433,23.9500768531],[87.2410590518,23.9482662482],[87.2537631486,23.947237251],[87.2791691946,23.9451762277],[87.2983342486,23.9447951681],[87.322916,23.9474994664],[87.3456342686,23.9574095808],[87.3840245164,23.9836749815],[87.4249199729,24.0485325782],[87.4693634974,24.0707340341],[87.5278003552,24.0658822919],[87.5453499789,24.0750033154],[87.5498525832,24.1075512686],[87.5562147008,24.1587570299],[87.5610761576,24.181867239],[87.5809735518,24.2142978925],[87.6297633972,24.2278281293],[87.6770930696,24.2649728572],[87.7037495663,24.3003265499],[87.7174683666,24.3344233137],[87.7067302174,24.3423911919],[87.6933279848,24.3494098954],[87.6681186782,24.3539043062],[87.6284802657,24.380781097],[87.6234111041,24.3941442687],[87.6241411521,24.4140710668],[87.6363330602,24.4330251055],[87.6502483187,24.4436002436],[87.6821110674,24.4538193445],[87.7072532615,24.4610775104],[87.7396778518,24.4641796275],[87.7795421534,24.4772124677],[87.7890969025,24.495195933],[87.7913754793,24.5173315966],[87.7818809903,24.5498860269],[87.7536058869,24.6122735912],[87.7265893806,24.6745580143],[87.7214030251,24.7737648763],[87.7469675419,24.8338656563],[87.8050026234,24.9205151253],[87.8199534255,24.9768111182],[87.8147964193,25.0501515529],[87.797637843,25.1218014121],[87.7903986378,25.1753472705],[87.8039874291,25.242347637],[87.8538600007,25.3096584977],[87.9248308189,25.3679997749],[87.951087248,25.3865206884],[87.9780789106,25.4055464161],[88.0212311331,25.4451495828],[88.0346697376,25.4850711285],[88.0423577918,25.6371678486],[88.056303131,25.7628409262],[88.0571159204,25.8050824461],[88.0576859411,25.8150082907],[88.0656234041,25.813400681],[88.0746944174,25.8115629332],[88.075601121,25.8114799206],[88.0773219392,25.8107116643],[88.0868406785,25.8104504104],[88.1069080556,25.8086100919],[88.1119684598,25.8081455709],[88.1188507261,25.8094534344],[88.1200076173,25.8095350725],[88.1684806642,25.8081832589],[88.1819138555,25.8060673223],[88.1916103569,25.8045391786],[88.2006199504,25.8031186933],[88.2214147823,25.7886551908],[88.2741556112,25.7408349736],[88.2802480614,25.7353081857],[88.2926866016,25.7240227528],[88.2978952517,25.7192962633],[88.3277322092,25.6965522668],[88.378091524,25.637832599],[88.4394970768,25.5628137791],[88.4651773609,25.5470358389],[88.4683382432,25.5434802041],[88.4717992313,25.5429662367],[88.4890893887,25.5323380403],[88.5120866253,25.5184393543],[88.5450973097,25.5129862773],[88.5776205181,25.5146141756],[88.59811038,25.5238440065],[88.6154068325,25.5316312415],[88.6185418436,25.5330422892],[88.6303455737,25.5370673784],[88.631625449,25.5373433079],[88.650060787,25.5413162127],[88.6793881563,25.5395434181],[88.6958651619,25.5173707065],[88.6717823153,25.4709872499],[88.6897716166,25.4480698382],[88.6943556636,25.4446264759],[88.696750243,25.4376115837],[88.7145813214,25.4241830627],[88.7344898162,25.4175944305],[88.7932235276,25.4152658058],[88.7972500074,25.4147226908],[88.8240767243,25.4025568543],[88.8765461481,25.3787440975],[88.8832545849,25.3544021999],[88.8685969727,25.3254541271],[88.8577116417,25.3039404179],[88.814519834,25.24318635],[88.7899879282,25.2363084449],[88.7845650085,25.2347872723],[88.768869143,25.2399849984],[88.7508619831,25.2459457937],[88.7319901279,25.250082444],[88.7083032763,25.2479373452],[88.6876748577,25.2460657657],[88.6681345184,25.2443912932],[88.4994694564,25.2590327859],[88.4262595448,25.262314073],[88.3945736951,25.2675948793],[88.3890145376,25.2601296285],[88.3810554765,25.2603627322],[88.3688199651,25.2278667013],[88.3655052783,25.2190578393],[88.3614663404,25.1934120771],[88.3558258609,25.1575491958],[88.3490181327,25.1141901848],[88.3446965523,25.1020212138],[88.3401548254,25.0892274963],[88.3316367573,25.0726138132],[88.2934638378,25.0227108544],[88.2924115053,25.0213341397],[88.2879837754,25.0155409629],[88.2413735506,24.9689602946],[88.2373597785,24.9649459078],[88.1913252398,24.9387535962],[88.1784511041,24.9314228767],[88.1611198348,24.9385956133],[88.1522351068,24.9422717013],[88.1478358641,24.9440916642],[88.1398895884,24.9482659028],[88.1372224029,24.9496668642],[88.1310967558,24.959256693],[88.1118059788,24.9626157754],[88.1032706604,24.9641011994],[88.0964733674,24.9636335818],[88.0925403642,24.9639396092],[88.0859044721,24.9629058259],[88.0583501653,24.9610046369],[88.0513365671,24.9605198257],[88.04303667,24.956930638],[88.0336153334,24.9528555059],[88.0310648873,24.9517521472],[88.0256155339,24.9369628474],[88.0238219489,24.9201925359],[88.0225046549,24.9078658956],[88.0226827133,24.8808254046],[88.0227296167,24.8737731157],[88.0169294053,24.8594668183],[88.0139941059,24.852224611],[87.9817245834,24.83407808],[87.9742795056,24.8298892085],[87.9711355655,24.8268989859],[87.9609013451,24.8171631989],[87.9574190996,24.8138498674],[87.9528034945,24.8094576197],[87.9426905501,24.7868462647],[87.9418446831,24.7826690869],[87.9402825674,24.7749531335],[87.9397710819,24.7724262106],[87.9387603275,24.767432025],[87.9373155488,24.7602917031],[87.9355250854,24.731071798],[87.9367505379,24.7239895531],[87.939062225,24.7106305625],[87.9419259106,24.6940832991],[87.9428467873,24.6924269017],[87.9851729779,24.6162655337],[88.0007732854,24.5984793626],[88.0246630955,24.5712334386],[88.0264737215,24.5691680191],[88.1573370706,24.4953587254],[88.2312467069,24.4664774673],[88.26140624,24.4571319566],[88.3473754463,24.4282968112],[88.365629457,24.4246714655],[88.3672209785,24.4241738828],[88.3689880648,24.4236213888],[88.4169884712,24.4052132041],[88.4560729493,24.3993329211],[88.4892252379,24.397891809],[88.5332782329,24.3836055585],[88.5543698314,24.350966219],[88.5723213962,24.3057828465],[88.5763730403,24.2955834761],[88.582157413,24.2114840569],[88.5817578189,24.2088600294],[88.5701399894,24.1295852469],[88.5683596926,24.1174122423],[88.5813776919,24.0668509232],[88.590996359,24.0039335499],[88.5764265106,23.9754893872],[88.563642826,23.9569785992],[88.559812426,23.951430333],[88.5439842432,23.938525479],[88.5365538711,23.9324654874],[88.5361619537,23.9321458167],[88.5294775195,23.9279738374],[88.510552937,23.9287512366],[88.4968967777,23.9323198167],[88.4857789005,23.9338604394],[88.4827910259,23.9342743344],[88.473003914,23.9356296779],[88.4666272699,23.9262917293],[88.4602281937,23.9267880794],[88.454072495,23.9131539248],[88.4350106361,23.8290025533],[88.4317187487,23.8144448058],[88.4308268289,23.8104991777],[88.4307950824,23.8103168398],[88.4196948101,23.7925893032],[88.417142896,23.7681839853],[88.4164406531,23.7614622592],[88.4163190569,23.7602981114],[88.4150795645,23.7484270546],[88.4168536833,23.7290528723],[88.4170080266,23.7273678927],[88.4174619596,23.7224127496],[88.4239884176,23.7119537956],[88.4240204696,23.7119024281],[88.424062681,23.711834779],[88.4247009102,23.710811929],[88.4248693078,23.710542047],[88.4266888891,23.7076258553],[88.4274440959,23.7064154824],[88.4306916601,23.7012104386],[88.4324521216,23.6983887445],[88.4352462248,23.6939101568],[88.4414707016,23.6839324293],[88.4519732675,23.6777220468],[88.4553655625,23.6757158929],[88.4710615577,23.6664321091],[88.4765829869,23.6601992964],[88.4849556183,23.6507469481],[88.4855663504,23.6500574109],[88.5191455762,23.6121356466],[88.5340320994,23.5953178903],[88.5579893808,23.5812488658],[88.5770476284,23.5687205971],[88.5938338356,23.5590197998],[88.6061922474,23.552925439],[88.6183485465,23.5457791569],[88.6298103568,23.5390398933],[88.6340712095,23.5350418469],[88.6493360515,23.5207164835],[88.6439346559,23.5071405045],[88.6302679355,23.4727667538],[88.6296788071,23.4710677904],[88.6246947241,23.4673859198],[88.6215917874,23.4559420215],[88.6205299713,23.4457860261],[88.6203633699,23.4441920043],[88.6162358755,23.4322770069],[88.6080902957,23.4178795189],[88.603298658,23.4083681917],[88.5984833322,23.3988073572],[88.592107501,23.3877233202],[88.5891822496,23.3826368187],[88.579858154,23.3723274925],[88.5716130705,23.3601635156],[88.567264124,23.3488266088],[88.5658806562,23.3354693947],[88.5657881355,23.328444867],[88.5684323148,23.3171420604],[88.5688679526,23.3152799167],[88.5836255019,23.3046005794],[88.5838841165,23.3045309736],[88.5842863333,23.3038919138],[88.6156327501,23.2918080197],[88.6232495625,23.2903560867],[88.6743366962,23.2806079309],[88.7827486003,23.2897893616],[88.7901660199,23.288347599],[88.8048758268,23.2854873104],[88.807771059,23.2803848626],[88.8165488711,23.2649138886],[88.8164880894,23.2630357364],[88.815543208,23.2337723566],[88.8139662332,23.2291087776],[88.8089683676,23.2213864192],[88.8021028102,23.2107755993],[88.8020269697,23.2106776871],[88.7859865591,23.1899631072],[88.7701459894,23.1760780374],[88.7441542223,23.1532816124],[88.7303697396,23.1360256148],[88.7288645751,23.1341408864],[88.7284224849,23.1330611061],[88.7263240336,23.1279353091],[88.7212302142,23.1154897743],[88.7208341365,23.1131087099],[88.7178709025,23.0952874613],[88.7167662301,23.0892168356],[88.7134669606,23.0710773884],[88.7142642712,23.0481641443],[88.7243215869,23.0291180985],[88.7312177812,23.0183111583],[88.7320439147,23.0170164638],[88.7321478554,23.0116604253],[88.7409073737,22.9925374731],[88.7809096288,22.9608528827],[88.7978717515,22.9444993494],[88.8127911027,22.920497262],[88.8164443788,22.9074846549],[88.8180205645,22.9018704577],[88.8176107385,22.8915220478],[88.8012147842,22.8616546876],[88.7964109869,22.8528994124],[88.7852540291,22.8325571024],[88.7803919318,22.8048818067],[88.7769671239,22.7714586975],[88.7771729532,22.733969211],[88.7849861201,22.6989383873],[88.788254807,22.6842846184],[88.7920354619,22.6793492437],[88.7928639415,22.6761926842],[88.7945932069,22.6738672488],[88.8207743279,22.638653337],[88.8361378414,22.6119950155],[88.8368522012,22.6091881317],[88.8442664789,22.5800567534],[88.8446008921,22.5787428577],[88.8417767666,22.5307012449],[88.8318923866,22.4661605515],[88.8433154542,22.4038646946],[88.8548142953,22.3411899213],[88.8556002034,22.2987242708],[88.8617096323,22.2375563659],[88.8735335024,22.2127217735],[88.8819819278,22.1966022635],[88.8755061865,22.1378472269],[88.8783895589,22.0967907345],[88.9075027307,22.0124719233],[88.9037807243,21.9752511921],[88.8992245706,21.9656083962],[88.8926450734,21.9516789482],[88.8793361706,21.9385059537],[88.8732074932,21.9324381711],[88.8553692311,21.9299359419],[88.8379352472,21.9311477603],[88.8165857905,21.9367639567],[88.7934336485,21.9462376219],[88.7683771317,21.9568082468],[88.747114906,21.9651795512],[88.7186057485,21.9713572241],[88.7015953157,21.9728059148],[88.6917196731,21.9736461495],[88.6670033373,21.9776197055],[88.6543269815,21.9815055397],[88.6456339025,21.9850529149],[88.6427419387,21.9882895099],[88.6426167592,21.9883268199],[88.6422192775,21.9888744429],[88.6392946609,21.9921474349],[88.637071843,21.9959659665],[88.6366394785,21.9965616053],[88.6365456772,21.9968698399],[88.6341321938,22.001015762],[88.6322301223,22.0124181626],[88.6317425199,22.0158218458],[88.6309515025,22.0213438726],[88.6292418001,22.0332807259],[88.6290813759,22.0352870969],[88.6285179475,22.0423349138],[88.6278847114,22.0502581911],[88.626843066,22.0519749769],[88.6264574398,22.0526105402],[88.6227784981,22.0586737663],[88.6204978069,22.0624324055],[88.6200939361,22.0630979838],[88.6190089788,22.0630690082],[88.6090539505,22.0628027837],[88.5974073117,22.0624904997],[88.5949012816,22.0624231891],[88.5945058832,22.0622889729],[88.5842275795,22.0706050327],[88.5813427559,22.07080314],[88.5446120762,22.049805835],[88.5269564642,22.039387778],[88.5203187621,22.0354699004],[88.5080079473,22.0273206673],[88.5071103675,22.0267264109],[88.4990326697,22.0274048983],[88.4933079131,22.0248582944],[88.4888108326,22.0244286599],[88.4852299351,22.0239692439],[88.4695531385,22.0219568945],[88.4408160231,22.00598259],[88.4275302422,21.9969401289],[88.4262216818,21.9960493463],[88.4181214886,21.9905346209],[88.4158229093,21.9868164241],[88.4058356165,21.9706567763],[88.3857385633,21.9381189326],[88.3779730063,21.9270666964],[88.3440868001,21.8788014994],[88.3262809245,21.8595226972],[88.3210655018,21.8538739106],[88.3081716697,21.8399049276],[88.2904078183,21.8320543709],[88.2504881854,21.8143995323],[88.2434811938,21.8112988025],[88.1823590098,21.7961961769],[88.1733053676,21.7961138978],[88.1432269178,21.7980270699],[88.1133386722,21.8158758009],[88.104067276,21.8301112367],[88.1039150913,21.8303164774],[88.1014567702,21.8369802185],[88.0821673167,21.8892631572],[88.0652338346,21.9725125842],[88.0698324318,21.984187299],[88.0786595554,22.0065869127],[88.1010184282,22.1149411647],[88.0989588105,22.1251399353],[88.0903662723,22.167694691],[88.0550321749,22.2171983307],[88.0467563909,22.2177381329],[88.0467489161,22.2177474959],[88.0467028492,22.2177416239],[88.0453172765,22.2178319579],[88.0447303385,22.217639123],[88.043989561,22.2173957406],[88.0435399306,22.2172480121],[88.0381666449,22.2154824407],[88.0370255536,22.2109290002],[88.0364026489,22.2084430666],[88.0351419295,22.2034110943],[88.0342231439,22.1936316827],[88.0339683293,22.1909185031],[88.0337748663,22.1888582909],[88.0327224088,22.1776462673],[88.0319174774,22.1690663071],[88.0333395799,22.1560960992],[88.0336173461,22.1535631812],[88.0363313704,22.1288217578],[88.0339921146,22.1172809807],[88.0323281177,22.1074092211],[88.0311640188,22.1005008769],[88.0151552115,22.0758494451],[88.0125432043,22.0718258247],[88.0076457733,22.0642805468],[88.0062458509,22.0611157393],[88.0030591328,22.0539105369],[87.9988798883,22.0444591537],[87.9941181483,22.0358424888],[87.991846209,22.0317306046],[87.9867795263,22.0225590805],[87.9803340948,22.008114535],[87.9756636783,21.9976444752],[87.9716415352,21.992503923],[87.9592579435,21.9766725755],[87.9376321277,21.9520572649],[87.9332604871,21.9470793207],[87.901509068,21.9121251898],[87.8801076977,21.8885463976],[87.8219531028,21.8300214706],[87.7887921649,21.7966064686],[87.762242433,21.7599595223],[87.7504288546,21.7403442213],[87.7410624424,21.7199485867],[87.7055558205,21.6740034251],[87.6950771225,21.6633998112],[87.6841525336,21.652341682],[87.6834736024,21.6516543402],[87.6672656926,21.6388236771],[87.6460719739,21.6263758694],[87.6262253476,21.6220388062],[87.6140164819,21.6188712103],[87.6049258747,21.6154622033],[87.5796886676,21.5997902282],[87.5538323168,21.5841594354],[87.5198098863,21.5756056679],[87.4865640963,21.5687454838],[87.4533686976,21.5624603649],[87.432524336,21.5555336571],[87.4292160664,21.5559555767],[87.4203070888,21.5532290907],[87.4112009642,21.5505750934],[87.4105885332,21.5503965739],[87.408636343,21.5498275023],[87.4182041765,21.6781276024],[87.4274736019,21.7497936058],[87.416357557,21.772259929],[87.4130121914,21.780034734],[87.4004238356,21.7856946311],[87.3741838604,21.7848727073],[87.3156975974,21.7836696932],[87.2908558333,21.7874286088],[87.2767413629,21.7988376393],[87.2748071224,21.808019895],[87.2044186077,21.8983318248]],[[88.0337942244,22.303171207],[88.0374449919,22.2478323176],[88.0386387075,22.2297377948],[88.060023196,22.2638679945],[88.1318900151,22.3198984969],[88.1634909253,22.3867193882],[88.0337942244,22.303171207]],[[88.0386387075,22.2297377948],[88.0299832229,22.242532759],[88.0290223304,22.2439531033],[88.0442078798,22.2215043605],[88.0386387075,22.2297377948]],[[87.5094846073,22.6619449874],[87.6897041309,22.6667432051],[87.5217541149,22.7110230897],[87.5094846073,22.6619449874]],[[87.5645239057,22.8821025042],[87.7407933291,23.0025188861],[87.6594772106,23.0428069738],[87.6357398946,23.1070101095],[87.6266431007,23.1305796484],[87.5645239057,22.8821025042]],[[87.8263748699,23.9295078968],[87.8423588003,23.9357516095],[87.8540991788,23.9887948951],[87.9066669374,24.1554609725],[87.9323268422,24.3533164078],[87.8263748699,23.9295078968]],[[87.9547916467,23.5007042992],[87.9814118879,23.0971906332],[87.9942084697,23.1050011807],[88.2505992751,23.1812543082],[87.9547916467,23.5007042992]],[[87.9835986104,23.0640439615],[88.0151010014,22.5865259254],[88.2741622329,22.6306324072],[88.3201838993,22.6953000996],[88.3521562895,22.7402263452],[88.3529711595,22.7399145439],[88.3438859936,22.7200831711],[88.3548461648,22.7440060439],[88.4191740099,22.9591947486],[88.3519839417,23.1148339247],[88.2734367533,23.1736647356],[87.9835986104,23.0640439615]],[[88.0200212172,22.5119445459],[88.0322858929,22.3260347245],[88.1787548175,22.4848813696],[88.0200212172,22.5119445459]]]}},{"type":"Feature","properties":{"state_name":"Bihar and Orissa","id":4},"geometry":{"type":"Polygon","coordinates":[[[84.7686305718,20.1712776973],[84.7584512638,20.1692596181],[84.7305355115,20.1793332142],[84.7138053296,20.200130294],[84.6767148005,20.2078721409],[84.6477258539,20.2009677002],[84.6294058206,20.1721815087],[84.6166757052,20.0877383396],[84.6151955591,20.0636951956],[84.6064082947,20.0428909403],[84.5783427326,20.0259778773],[84.5573034263,20.0257066196],[84.5354553421,20.0368313384],[84.5244271423,20.0530439984],[84.5179750587,20.0704274426],[84.5168772999,20.1017140665],[84.5077743286,20.1249204619],[84.4980656632,20.1382240092],[84.4850142676,20.1460312597],[84.462334005,20.1685564683],[84.4630231983,20.179875879],[84.4798811417,20.2343224771],[84.4783556498,20.2585383987],[84.4583772302,20.3007970793],[84.4416786934,20.3230026227],[84.4120222088,20.3302952983],[84.4061040553,20.3276546987],[84.3950017583,20.3227000726],[84.3749350188,20.2897088915],[84.3660207497,20.2419126115],[84.3393833476,20.1993254353],[84.3073027679,20.1911019326],[84.2858880907,20.1851436447],[84.2435656778,20.1817120741],[84.2134057477,20.1804677886],[84.1698293992,20.1813444647],[84.134831866,20.1746577284],[84.1073344387,20.1675714136],[84.081999229,20.1717334881],[84.0678237077,20.1866790343],[84.0489788679,20.1990250869],[84.0267996133,20.2058590513],[83.9839855282,20.1682817661],[83.9662840759,20.1647437052],[83.9444001689,20.1603667194],[83.9009612395,20.1640080121],[83.8657146903,20.1530087246],[83.8153408737,20.0873234791],[83.7610696524,20.0317565461],[83.7087309594,19.9831739041],[83.670841326,19.977935424],[83.632696333,19.9954531978],[83.582197788,20.0349020072],[83.5642644169,20.0371997526],[83.5422464019,20.0197819145],[83.4945334256,19.9723086035],[83.4540892303,19.8632952921],[83.4203389582,19.8506784389],[83.3868921529,19.8437298413],[83.3766940486,19.8214483655],[83.3763231816,19.7858969679],[83.3957411313,19.7551030383],[83.4112557691,19.7358751049],[83.4177012003,19.7156534576],[83.4039216753,19.6821606227],[83.3609472263,19.6358068049],[83.3643515628,19.585851017],[83.3528629487,19.5380129027],[83.3282487731,19.5263516274],[83.2992918117,19.5177323238],[83.2377592897,19.5177193588],[83.2140709137,19.4946106239],[83.200365813,19.4610796432],[83.2011254177,19.3870396056],[83.2343176178,19.3613371425],[83.2623074105,19.3515223491],[83.3115912369,19.347841653],[83.3320926718,19.3383617435],[83.3458842567,19.3149621272],[83.3412999358,19.2838724611],[83.3160834864,19.2594193057],[83.2757137351,19.2313817586],[83.2777650275,19.1829088062],[83.279963535,19.1372756572],[83.2759080421,19.1161157177],[83.2733480786,19.0948877651],[83.2359501288,19.0652687661],[83.199917524,19.0327303241],[83.143238662,18.9754773722],[83.1170294062,18.9595556772],[83.0916515051,18.9606729399],[83.0527157125,18.9908507605],[83.0248381611,19.0333542768],[82.9911642292,19.0490607834],[82.9675320497,19.0557841014],[82.9503513385,19.0721919183],[82.9322857941,19.1014523748],[82.9301305706,19.1812833296],[82.9214417626,19.2186828434],[82.9015940346,19.2423290206],[82.8626934025,19.2440150516],[82.7908661886,19.2471063637],[82.7818748132,19.2788259633],[82.7819327941,19.3115824968],[82.7681776292,19.3378104621],[82.7088793963,19.3531642863],[82.6724363154,19.3760814708],[82.6553685541,19.4280921757],[82.6431522874,19.4556790757],[82.5961505424,19.5103841316],[82.5880872636,19.5306723096],[82.5782925145,19.5781064158],[82.5738710866,19.6438381259],[82.5816227274,19.6805564233],[82.5977148023,19.702669787],[82.6196826043,19.7216797085],[82.6652719497,19.7624648883],[82.709397218,19.8346354944],[82.7109860204,19.8673314406],[82.7081386099,19.9016452579],[82.693682256,19.9450133575],[82.6932186507,19.966402949],[82.6968335619,20.040325627],[82.7629873202,20.067331152],[82.7817437681,20.0807452012],[82.7905381855,20.1059941434],[82.7905208129,20.1359072362],[82.7847688612,20.1717734213],[82.7922008059,20.2298429292],[82.8061718191,20.3275003876],[82.8015806088,20.3561945735],[82.7930413941,20.36654919],[82.7598849632,20.3680354689],[82.7002317841,20.3835155417],[82.6888804967,20.3982662359],[82.6859899019,20.4311626936],[82.6859621644,20.4910018157],[82.7181379272,20.5593736598],[82.7347423651,20.5885451359],[82.7256957857,20.6487863706],[82.7150591478,20.6777583681],[82.6997435699,20.7040919917],[82.6999674928,20.7382749934],[82.7003938039,20.794639591],[82.7004964701,20.8080623086],[82.6889738238,20.9382355341],[82.6856753707,21.0509430134],[82.6282841876,21.1746652589],[82.6179909395,21.210756529],[82.6274091909,21.2459528803],[82.6541475857,21.2632578863],[82.673935501,21.2637774712],[82.7005610497,21.2497325904],[82.7178614602,21.2318399465],[82.7499412155,21.2061414478],[82.7693437986,21.1995461335],[82.798210719,21.1996324195],[82.8392728784,21.2005690242],[82.8804837315,21.2043368483],[82.9154047133,21.2041178351],[82.9906821237,21.1920064472],[83.0473012805,21.1722154179],[83.089735492,21.1986530714],[83.1472252613,21.2499701595],[83.2039581101,21.3004962562],[83.2105798841,21.2995592318],[83.2777417573,21.2919766105],[83.3419978182,21.3136873898],[83.3785458621,21.3552607291],[83.380856578,21.4220278671],[83.3909256144,21.5175752043],[83.4000097554,21.5562482357],[83.4195715171,21.578733293],[83.4494685322,21.595705906],[83.4775629012,21.6077837153],[83.5175867963,21.6156833621],[83.5324095452,21.6476397645],[83.5500230184,21.6879841939],[83.5837946671,21.7182345755],[83.610920458,21.7516675873],[83.5969989197,21.7345122906],[83.5985832535,21.7828985645],[83.591678055,21.8031762402],[83.5800970901,21.8132667894],[83.562941502,21.815112567],[83.5375145991,21.8145423498],[83.5206950211,21.8220572919],[83.5145647342,21.8385008333],[83.5136676779,21.8575179553],[83.5188549203,21.8932916759],[83.5189241921,21.92838343],[83.5102221351,21.9866987104],[83.5119748142,21.9989382339],[83.5373354867,22.0146832785],[83.5453331462,22.0123664163],[83.5759623309,21.9974767633],[83.5914940006,21.9852768906],[83.607309877,21.9778030868],[83.6127798444,21.9841525052],[83.616014976,22.0038969569],[83.6164985891,22.028528805],[83.6133242264,22.0931865732],[83.619697002,22.1307829432],[83.6433928758,22.165566936],[83.6885063019,22.1850788849],[83.7226989435,22.2027941374],[83.7810750193,22.2203711476],[83.8131177435,22.2441035421],[83.8520361697,22.265671503],[83.8667825464,22.287374587],[83.8697630626,22.3541594929],[83.8694864299,22.3897232809],[83.8840390778,22.4061118326],[83.8873697162,22.4222791322],[83.9257984598,22.4457357224],[83.9806999451,22.4668337675],[84.0496912302,22.5276228879],[84.1066450818,22.5671437474],[84.1617613198,22.925056897],[84.113916363,22.9510876967],[84.0818045166,22.9870613547],[84.0796048495,23.0340990459],[84.0642084911,23.0676859018],[84.0325911256,23.0887043039],[84.0177459221,23.1601661746],[84.0030657197,23.1704914046],[83.978804989,23.1908460911],[83.9693049858,23.2020564272],[83.9636346931,23.2130465458],[83.9630723944,23.2237431512],[83.9678516737,23.2680211974],[83.9751156121,23.2995951474],[83.9719207596,23.3282176355],[83.9509894305,23.3412746089],[83.9154327155,23.3468748701],[83.8944906803,23.359926752],[83.8913686588,23.3707716204],[83.8890405007,23.3934223177],[83.8731964019,23.4251439843],[83.8287023948,23.470355851],[83.7774598072,23.5112043111],[83.750287842,23.5471238047],[83.7368831034,23.577520549],[83.7461930863,23.6398232792],[83.7555902046,23.7222722525],[83.7542173269,23.7401329291],[83.7478717551,23.7606486136],[83.7285327691,23.7795343938],[83.7014071895,23.7976761446],[83.6394485211,23.8154137271],[83.5490509548,23.8323494881],[83.4843103812,23.8478143876],[83.4513657329,23.8567554828],[83.4382326479,23.8729012252],[83.4350985652,23.9039152563],[83.4238430506,23.968592839],[83.4064806787,23.9992084988],[83.3166239714,24.0871966885],[83.2284515861,24.1430268846],[83.1897901923,24.1451205651],[83.1865563568,24.1452952442],[83.184804829,24.1570199145],[83.1836733928,24.2119089406],[83.1893204428,24.2272683923],[83.2107670175,24.2467539961],[83.233868936,24.2796728882],[83.2480529481,24.3066659451],[83.2491621509,24.3236929528],[83.2308779919,24.353172851],[83.2013353306,24.3889628157],[83.1970742804,24.4191014236],[83.205943767,24.4478115142],[83.2302771229,24.4749609105],[83.2514396281,24.4773586653],[83.2924742234,24.4743843392],[83.3064251733,24.4736126358],[83.3149973959,24.4738497402],[83.31842596,24.4863542741],[83.3211509928,24.4962899716],[83.324776374,24.5509064303],[83.3316680674,24.6309696437],[83.3290021853,24.6610192781],[83.3147574945,24.6810364031],[83.2980568463,24.6876625201],[83.2561068999,24.7013839402],[83.2264522434,24.7243854751],[83.2051182074,24.7554697801],[83.1953596912,24.796597065],[83.2058842263,24.8494230261],[83.2146978891,24.8646011763],[83.2260365267,24.8824865905],[83.2228368473,24.9047384934],[83.1981827558,24.9331650089],[83.1586104972,24.9723835479],[83.146908494,24.9844235231],[83.1466700852,25.004377549],[83.1481788246,25.0270839371],[83.2166374074,25.0688639901],[83.2753855885,25.1282374684],[83.2865538754,25.1774511589],[83.3314609397,25.2162070576],[83.4725073148,25.2636553558],[83.5211161304,25.3092374155],[83.5375470032,25.3865733626],[83.563327738,25.4405791957],[83.602620954,25.4638868574],[83.6600245837,25.4989137988],[83.6868577921,25.5229321639],[83.6875596234,25.5542009261],[83.6994085487,25.5876485535],[83.7398182568,25.6037212724],[83.7468970727,25.6360257755],[83.7734737509,25.6771106226],[83.797447792,25.6827706193],[83.8130809081,25.681819541],[83.8574626526,25.6663046709],[83.8881894756,25.6573078123],[83.924234148,25.6565136825],[83.9465339482,25.6608281493],[83.9625847123,25.6655257816],[84.0142960833,25.6850743053],[84.081165208,25.7178721358],[84.1366141126,25.724332416],[84.2065854131,25.7156244865],[84.2596887886,25.7122311234],[84.2967241961,25.7041658651],[84.3234900674,25.7052848978],[84.3368715758,25.7157942459],[84.3760284612,25.7544838432],[84.4191122037,25.7777382696],[84.4568085905,25.8302314766],[84.465935464,25.8656402185],[84.4652163229,25.8827443671],[84.4333822367,25.9037900684],[84.4085168419,25.9073158577],[84.3980925661,25.9079981127],[84.3708373271,25.9078828161],[84.3149839176,25.9172018192],[84.3033666185,25.9293292184],[84.2606008994,25.9719075186],[84.2085733845,25.977152583],[84.1449189096,25.9679502831],[84.1306002146,25.9726547157],[84.1280416416,25.9936775687],[84.1113050169,26.0212919358],[84.0685365907,26.0922820125],[84.0377684078,26.10181609],[83.9826301125,26.1223618072],[83.9352019549,26.1478991248],[83.9429469385,26.166622005],[83.9612847719,26.1863391845],[83.9975197496,26.2333782365],[83.9949053687,26.2809659721],[83.985975828,26.3014479346],[83.9196953427,26.3834031957],[83.858122229,26.4318469041],[83.8517692401,26.4588076006],[83.8600490529,26.5114179076],[83.8802559548,26.5272276786],[83.9329480342,26.5267557219],[83.9764256799,26.5164148479],[84.0100799415,26.5019451686],[84.0295622679,26.4950127068],[84.0575052798,26.4884852226],[84.096677074,26.4907149686],[84.1341310226,26.5110614982],[84.1631976623,26.5186638664],[84.1942753678,26.5119056992],[84.2102913904,26.5013819525],[84.2318489671,26.4942879776],[84.2470561365,26.4999315804],[84.2754537339,26.5122932235],[84.2814061415,26.5337078272],[84.2824781655,26.5469101667],[84.2861082567,26.5656326253],[84.2307758008,26.6375274789],[84.1976261409,26.6842606112],[84.1837246844,26.7212014447],[84.1424197891,26.7589799703],[84.1419177232,26.7789274908],[84.1375677681,26.8427494711],[84.1325741253,26.8724739204],[84.1247875191,26.8938454754],[84.0964690696,26.9099139509],[84.0465013354,26.9463492874],[84.0234299274,26.9753473366],[84.0122313864,26.9940926095],[84.0061461703,27.0106109087],[83.9792106908,27.0313177044],[83.9670931669,27.0387371027],[83.9203376892,27.0502713862],[83.887125751,27.0590317316],[83.8506597711,27.0803262029],[83.8289382795,27.1139645987],[83.8071204066,27.1599440299],[83.7990574955,27.2591434653],[83.8093335342,27.3471879765],[83.8227967782,27.342397466],[83.8385796509,27.3404427665],[83.853985102,27.3470503634],[83.8626732636,27.362625675],[83.8679808105,27.4154226378],[83.8723711489,27.4303229963],[83.8965606948,27.4401546243],[83.9549738572,27.4392287269],[83.9972053434,27.4355372513],[84.0277467763,27.4449293777],[84.068978035,27.4678409875],[84.1282049071,27.4639383407],[84.1497835581,27.4549224324],[84.2076780966,27.4226235491],[84.2751205451,27.3906141251],[84.3399692451,27.3786642213],[84.4071372888,27.3816964958],[84.4630939458,27.3778785323],[84.5036937685,27.3684589175],[84.5910184886,27.3349459166],[84.621665805,27.3091262741],[84.6398811424,27.2746914769],[84.6395175215,27.2339679978],[84.628350146,27.1418740969],[84.6280994735,27.126729309],[84.6224189984,27.0977456072],[84.63600978,27.0712200403],[84.6741975412,27.0477271298],[84.7348593698,27.0273965245],[84.7810216805,27.0109026114],[84.8502027229,26.9918249672],[84.8961029725,26.98478795],[84.9406914489,26.9749886555],[84.9826250612,26.9473731027],[85.0048440288,26.9240028417],[85.0349452138,26.8943839365],[85.0704897858,26.8785724119],[85.1332049885,26.859841413],[85.1555116423,26.8497038102],[85.1947538979,26.8051999193],[85.2135582952,26.7915248177],[85.2546983995,26.7800016035],[85.2909367642,26.775551368],[85.3120504986,26.772954147],[85.3364816662,26.7749397672],[85.4069768688,26.7848616599],[85.4301813296,26.7963822034],[85.4501594856,26.8185462237],[85.4683135517,26.8436806614],[85.4856007547,26.8594152261],[85.5263707607,26.8667573647],[85.5473188395,26.8651779429],[85.613969852,26.8449979431],[85.6443990925,26.8322805982],[85.6678287791,26.8125258904],[85.7056053752,26.7774873215],[85.7293850188,26.7283863095],[85.731250607,26.7036579059],[85.7289372648,26.6792493635],[85.7426320212,26.6460528441],[85.779800627,26.6235852755],[85.7874078081,26.6189849647],[85.8142894721,26.6140831587],[85.8499670099,26.6132246469],[85.8820400587,26.6296510604],[85.9210176782,26.6521475875],[85.9414412716,26.6675708637],[85.976623998,26.6723844388],[86.0236039387,26.6687012381],[86.0770553386,26.6559870927],[86.1330646902,26.6373826417],[86.2422992828,26.6258435416],[86.2918619744,26.6275329301],[86.3300464174,26.6310670518],[86.3643508262,26.6273490637],[86.4204537117,26.589746261],[86.5142761521,26.5311082918],[86.579917022,26.495514596],[86.6312474818,26.474294286],[86.6934143397,26.4659950916],[86.7057252246,26.4643483195],[86.7794478022,26.4676357997],[86.8634833316,26.4794457073],[86.8874149908,26.4878018922],[86.9415994152,26.5247116583],[86.9656739555,26.5641612117],[86.9679871433,26.5960306366],[86.9883824027,26.6103215658],[86.9981362353,26.6132594992],[87.0263075001,26.6117884743],[87.038286346,26.6060452131],[87.043133102,26.592427077],[87.0450550126,26.5611438234],[87.0488568929,26.4882108488],[87.0536540009,26.4642269579],[87.0695225634,26.4458950567],[87.0944802961,26.4343248747],[87.1460652527,26.4270563338],[87.2321624786,26.4196033646],[87.3438593618,26.4362393196],[87.4139859059,26.4555073074],[87.4504550941,26.4635875413],[87.4735665402,26.4643646042],[87.5233259479,26.4505207773],[87.5673647829,26.4418818965],[87.5998855972,26.4521556063],[87.6838928919,26.4737878112],[87.7128081927,26.4984770804],[87.7563217265,26.5039427807],[87.8165973872,26.5003320915],[87.8366742467,26.4928490593],[87.8518512902,26.4698121462],[87.8630595904,26.4301981737],[87.8716346213,26.4228251557],[87.9062791894,26.4149430657],[87.9352615886,26.4216889546],[87.9709279106,26.4503925781],[88.00094665,26.4878507597],[88.0934904484,26.4838873249],[88.1720400685,26.4965172054],[88.2380732542,26.5138050109],[88.2837268501,26.5267254048],[88.296420883,26.5303143153],[88.2978214963,26.5303973668],[88.2977273052,26.5296296567],[88.2963616846,26.5184634633],[88.3042592214,26.5082755859],[88.3466255031,26.4915489017],[88.367670014,26.4832345855],[88.3711204591,26.4818710139],[88.3989307293,26.4723336682],[88.4272361466,26.4626200676],[88.4330149871,26.4595664722],[88.4621987255,26.4414955452],[88.4711682325,26.4295910572],[88.4746018328,26.4250333977],[88.4745755593,26.4248116108],[88.4725388805,26.4076110506],[88.4650810898,26.3952212487],[88.4403762575,26.37849561],[88.4308474836,26.3741219536],[88.3997819822,26.365725357],[88.3984263573,26.3653587389],[88.3831239153,26.3550930903],[88.3800234392,26.3530126002],[88.3658309934,26.3320382686],[88.3606721019,26.3181795625],[88.3582277764,26.3116111201],[88.3488637419,26.2983996809],[88.3188847305,26.2648117551],[88.3033334316,26.2580846913],[88.2832105334,26.2493756506],[88.2664758625,26.2286226521],[88.2592278825,26.2215675197],[88.2488615552,26.2114741881],[88.2241887011,26.2008592262],[88.216979657,26.1988366583],[88.1864962511,26.1902786924],[88.1556507481,26.182574799],[88.1320105121,26.1694915771],[88.1092666074,26.1527930286],[88.1064525888,26.1476806121],[88.1000738418,26.1360891261],[88.0994174893,26.13489618],[88.0916171497,26.1137021226],[88.0881216979,26.1042002832],[88.0765997337,26.0829278628],[88.0435967347,26.0095504369],[88.0356032816,25.9967055017],[88.0166147201,25.9661732176],[88.0115653614,25.9442971591],[88.007416787,25.9188113519],[88.0019859052,25.8934422724],[88.0067215568,25.8659702403],[88.0097568246,25.8560643769],[88.0133918078,25.8442007668],[88.024566699,25.8278989366],[88.0402551768,25.819442835],[88.0429454104,25.817992554],[88.0449566218,25.8175854705],[88.0575035213,25.8150452316],[88.0571159204,25.8050824461],[88.056303131,25.7628409262],[88.0423577918,25.6371678486],[88.0346697376,25.4850711285],[88.0212311331,25.4451495828],[87.9780789106,25.4055464161],[87.9248308189,25.3679997749],[87.8538600007,25.3096584977],[87.8039874291,25.242347637],[87.7903986378,25.1753472705],[87.797637843,25.1218014121],[87.8147964193,25.0501515529],[87.8199534255,24.9768111182],[87.8050026234,24.9205151253],[87.7469675419,24.8338656563],[87.7214030251,24.7737648763],[87.7265893806,24.6745580143],[87.7536058869,24.6122735912],[87.7818809903,24.5498860269],[87.7913754793,24.5173315966],[87.7890969025,24.495195933],[87.7795421534,24.4772124677],[87.7396778518,24.4641796275],[87.7072532615,24.4610775104],[87.6821110674,24.4538193445],[87.6502483187,24.4436002436],[87.6363330602,24.4330251055],[87.6241411521,24.4140710668],[87.6234111041,24.3941442687],[87.6284802657,24.380781097],[87.6681186782,24.3539043062],[87.6933279848,24.3494098954],[87.7067302174,24.3423911919],[87.7174683666,24.3344233137],[87.7037495663,24.3003265499],[87.6770930696,24.2649728572],[87.6297633972,24.2278281293],[87.5809735518,24.2142978925],[87.5610761576,24.181867239],[87.5562147008,24.1587570299],[87.5498525832,24.1075512686],[87.5453499789,24.0750033154],[87.5278003552,24.0658822919],[87.4693634974,24.0707340341],[87.4249199729,24.0485325782],[87.3840245164,23.9836749815],[87.3456342686,23.9574095808],[87.322916,23.9474994664],[87.2983342486,23.9447951681],[87.2791691946,23.9451762277],[87.2537631486,23.947237251],[87.2410590518,23.9482662482],[87.2041015433,23.9500768531],[87.1963660506,23.9495241658],[87.1775739842,23.9404469374],[87.1657410444,23.9237457968],[87.1517472658,23.8707322983],[87.1500308118,23.8390939079],[87.1415841031,23.8174088468],[87.1065911959,23.7990165262],[87.0912452828,23.7990612015],[87.0384841526,23.7820603466],[87.0161335292,23.7755872431],[86.9923917292,23.7582707246],[86.9677765082,23.7549098912],[86.9433629136,23.7468188846],[86.9267863663,23.7404643733],[86.9116007846,23.742241358],[86.89361592,23.7483569915],[86.8829919149,23.7580183576],[86.8383214563,23.7662090606],[86.7995187589,23.7756997492],[86.7438000634,23.7682288468],[86.7270074961,23.7595095562],[86.7073032576,23.7468879951],[86.6952281566,23.7266086909],[86.6894586205,23.7052553631],[86.6824220489,23.6839983437],[86.6996204627,23.6577059292],[86.7267224104,23.6037967026],[86.7546519981,23.5733849824],[86.7771784201,23.525720387],[86.76873992,23.4604105256],[86.7411763102,23.4377824155],[86.7228099616,23.4179801877],[86.7117424165,23.3940857284],[86.7098330749,23.3153107796],[86.6954222492,23.2822423257],[86.6384679154,23.2146756421],[86.6328543528,23.1797551589],[86.6203864335,23.036966722],[86.615294993,22.9195455945],[86.6058144475,22.809518599],[86.5953693509,22.7914417463],[86.5536302574,22.7638826244],[86.5292118913,22.7456438039],[86.519449799,22.7204380709],[86.5225114297,22.6966514766],[86.5253755492,22.6705235686],[86.5227000157,22.6389094422],[86.5062550917,22.6094746433],[86.4893275099,22.5741800429],[86.4894889992,22.5458921224],[86.5003260944,22.5239006882],[86.5224043295,22.4999171261],[86.5523294963,22.4788972745],[86.6119759048,22.4498199415],[86.6454503141,22.4261764073],[86.6546018809,22.3995994237],[86.6644171358,22.3659094666],[86.6626876403,22.3154007006],[86.6788849451,22.2808561719],[86.6969917746,22.2795341801],[86.7252905442,22.2671033701],[86.8247929811,22.2117647496],[86.8773120903,22.1636358164],[86.9090636024,22.1330442496],[86.9201672762,22.0973922462],[86.9166759792,21.9969295518],[86.9164364316,21.9583542528],[86.9128488665,21.9397925694],[86.9236944493,21.9248756156],[86.9456434837,21.9100822807],[86.9568160162,21.9089493831],[86.9796421087,21.9066324307],[86.997394505,21.913789277],[87.0223028853,21.9693453871],[87.0354489821,22.005066659],[87.0423470628,22.014903433],[87.0607169929,22.0172961214],[87.0839756455,22.0061480271],[87.1010905862,21.9822864136],[87.1226841013,21.9402151993],[87.1365049777,21.9250686848],[87.1767194957,21.9004159626],[87.2137694626,21.8976282474],[87.2372835686,21.9014973365],[87.2702664988,21.8867784611],[87.2688913736,21.8361032274],[87.2767413629,21.7988376393],[87.2908558333,21.7874286088],[87.3156975974,21.7836696932],[87.3741838604,21.7848727073],[87.4004238356,21.7856946311],[87.4130121914,21.780034734],[87.416357557,21.772259929],[87.4274736019,21.7497936058],[87.4182041765,21.6781276024],[87.408636343,21.5498275023],[87.4059260595,21.5490373895],[87.4015066423,21.5477488891],[87.3916027597,21.5479079545],[87.369255734,21.5482646338],[87.3660164275,21.5482334835],[87.3462518443,21.5480419923],[87.3416013018,21.5479965784],[87.32447502,21.5434383477],[87.3116010494,21.5400103045],[87.2933995297,21.5351613399],[87.2786121627,21.5322096479],[87.2706083972,21.5306113409],[87.2218749147,21.527598182],[87.1661935494,21.5157431024],[87.150553355,21.5124089188],[87.1333495153,21.5087392489],[87.13236027,21.5083409194],[87.1258214109,21.5070579094],[87.0974801613,21.5062055058],[87.0914300063,21.5052536154],[87.0749468288,21.5026589455],[87.0669207194,21.5013948316],[87.0625525121,21.499775046],[87.0351504582,21.4896098693],[86.9953475215,21.4642882389],[86.9300428545,21.4190359019],[86.9239912264,21.4145646786],[86.9102583481,21.4077936798],[86.9063454862,21.4041702878],[86.8921840443,21.3910534203],[86.8737784545,21.3774401994],[86.8611740944,21.3681142579],[86.8204270927,21.33043755],[86.7928568954,21.2923950159],[86.7681666998,21.2664943983],[86.7616646918,21.2567276022],[86.7367557542,21.21929011],[86.734737833,21.213794145],[86.7347225047,21.2137523943],[86.7239140253,21.1843014686],[86.7071707914,21.1395802049],[86.7002818646,21.0923995038],[86.702570226,21.0792463538],[86.7058785037,21.0602330727],[86.7095601177,21.0276131561],[86.7166897334,21.0050026275],[86.7220807731,20.9879050731],[86.7408536652,20.955999625],[86.7497611701,20.9459442232],[86.7562948306,20.9385678357],[86.7902830549,20.9001855936],[86.8079763187,20.8707118929],[86.8168407521,20.8483276979],[86.815703003,20.8260559703],[86.8139452941,20.8038276093],[86.8130673055,20.7927133544],[86.813395388,20.7881682976],[86.8139635676,20.780298872],[86.818914995,20.7717187134],[86.8238198652,20.762553747],[86.835841777,20.756420692],[86.8532529406,20.7552032256],[86.8577798025,20.7546088313],[86.8724354669,20.7526836644],[86.8708412686,20.7404456035],[86.8682644528,20.7301786619],[86.8660902934,20.7196507166],[86.8658935826,20.7186980079],[86.8670619366,20.7018611872],[86.8844370274,20.6886747723],[86.8854266119,20.6835693273],[86.8874357542,20.673204253],[86.8747266617,20.6555493826],[86.8744048637,20.6552054536],[86.8340494644,20.6224520951],[86.7966698706,20.5930574661],[86.7708252797,20.5727185781],[86.7513552517,20.5552368893],[86.7251804121,20.5454437621],[86.7141562634,20.5413172614],[86.6902557559,20.5323670949],[86.673994271,20.5158277765],[86.6271005789,20.4743014296],[86.6109865132,20.4595060623],[86.5854654996,20.4194505486],[86.5757942528,20.4071559374],[86.5713586748,20.398038844],[86.5693191442,20.3875833245],[86.5685221109,20.3770441816],[86.567460182,20.3629919257],[86.5669715683,20.356522215],[86.5663549561,20.3483540776],[86.5691960248,20.3363937937],[86.5800156952,20.3309595952],[86.5886169969,20.32920476],[86.6052857498,20.3351445686],[86.6223989693,20.346936089],[86.6265670986,20.3507688539],[86.6373555625,20.3585885572],[86.6572948106,20.3808939643],[86.6579723368,20.3831242966],[86.654397953,20.3817793021],[86.6543758452,20.3818415698],[86.6632982507,20.4006519586],[86.665299705,20.4105178664],[86.6659258093,20.418712089],[86.6776440334,20.4135853836],[86.6834376,20.4110503613],[86.6831801026,20.4076845532],[86.6828108313,20.4028566518],[86.6868649719,20.4001919593],[86.6900013211,20.3961665131],[86.6893904119,20.3901368425],[86.6891271119,20.3896739753],[86.6854148582,20.3831475029],[86.6855146347,20.3817402416],[86.6811600708,20.3600962105],[86.6757520345,20.3385418469],[86.6720564212,20.3238048958],[86.6713575975,20.3228138163],[86.6359694378,20.2725958177],[86.5496137914,20.2217845136],[86.4453190733,20.1394344493],[86.3992942319,20.0909699186],[86.3947147945,20.0861445246],[86.3688866955,20.0589183563],[86.3627730373,20.0524710651],[86.3455636382,20.0225290079],[86.3414887894,20.0154363293],[86.3329185762,20.0005152929],[86.3319208793,19.9987598964],[86.3103327184,19.9844114282],[86.292847883,19.9727852162],[86.2833106748,19.966441744],[86.2533199716,19.9490276049],[86.2426082342,19.9428050629],[86.2370889633,19.9395983036],[86.2044262029,19.9252368234],[86.1749063469,19.912248106],[86.169586302,19.9099063671],[86.1446317222,19.8989182823],[86.0668798647,19.8571043212],[86.0627855195,19.854900476],[85.9842929773,19.8126128001],[85.9751912105,19.8095964468],[85.9666740022,19.8067731943],[85.9257307593,19.7931930668],[85.9183082179,19.7925177325],[85.9134749893,19.7920778024],[85.8875668218,19.7891501723],[85.8864891682,19.7890283058],[85.8713966209,19.784950513],[85.8687233099,19.7842280421],[85.8493956889,19.7748055036],[85.8302379468,19.7642452864],[85.7307999892,19.7385827141],[85.7191080882,19.7361719702],[85.6987330917,19.7306149953],[85.6935616261,19.7292040553],[85.6496917439,19.7181857437],[85.6113240603,19.7010400985],[85.5823550739,19.6880848797],[85.5725119976,19.6859975253],[85.5292787823,19.6820780528],[85.516754132,19.6810505047],[85.4992935638,19.6766621202],[85.490153527,19.674364055],[85.4657651572,19.6634119923],[85.4485118005,19.6567564593],[85.4457309034,19.6560947011],[85.4353316021,19.6536195324],[85.4345921538,19.6534435046],[85.4316288631,19.6534302903],[85.4201800908,19.6533787627],[85.4159004093,19.6533593078],[85.4054664351,19.6557406104],[85.4046040569,19.6659073412],[85.4067426674,19.6752627891],[85.4261464944,19.6881403638],[85.4295882232,19.6904239504],[85.4369747403,19.6953243372],[85.4759644338,19.7134554729],[85.4885661951,19.7193122924],[85.4974272606,19.7234296132],[85.5168194469,19.7506535809],[85.5404004596,19.7837358918],[85.5510525044,19.803494536],[85.5541112211,19.8091666106],[85.5528404525,19.8273016831],[85.5443749937,19.8353319083],[85.5262445749,19.8525273348],[85.5243295784,19.8543433467],[85.5172904465,19.8610182579],[85.4820365431,19.8840204455],[85.4496731337,19.8916279273],[85.4237348007,19.8875558404],[85.4092708534,19.885283212],[85.4092139536,19.8852552722],[85.4044721712,19.8854033331],[85.4030843697,19.8854466426],[85.3807134806,19.8773238509],[85.3780883521,19.8757439498],[85.3592777567,19.8644204396],[85.3039386547,19.8266416042],[85.2939831499,19.8198404222],[85.2794787126,19.8082722811],[85.2779957838,19.807089348],[85.2229532989,19.76315435],[85.1941959439,19.7329285354],[85.1847821637,19.7222509648],[85.1792475713,19.7137117744],[85.1722082358,19.7011251543],[85.1734701111,19.697352073],[85.1745722413,19.694056602],[85.1748255616,19.693299146],[85.1757305902,19.6930059345],[85.161726725,19.6753715516],[85.1583942276,19.6777792038],[85.1415776221,19.6839259726],[85.0824142819,19.7184765747],[85.046554141,19.7431915761],[85.0151712547,19.8228639371],[85.0117127176,19.831642317],[84.9706469203,19.8694117713],[84.9255052127,19.8903924082],[84.8772832745,19.9342293596],[84.8648087295,19.9505299584],[84.8511031119,19.9711545462],[84.8465425634,19.9941032179],[84.8554397733,20.0162963728],[84.8680450178,20.0496254586],[84.8859256789,20.0713079895],[84.8841951444,20.1034244235],[84.7686305718,20.1712776973]],[[85.1520669144,19.9461445916],[85.2056453564,19.9442219711],[85.1591855428,19.9458900893],[85.1520669144,19.9461445916]],[[84.9694648139,21.8681673441],[85.2086418127,22.0075147921],[84.9508793578,22.0637930764],[84.9694648139,21.8681673441]],[[84.9359055007,22.2655329463],[85.0014091897,22.2828781687],[85.0300733688,22.4158528291],[85.0375209873,22.4545223825],[85.0327890711,22.445721734],[84.9359055007,22.2655329463]],[[85.1286780573,22.6240607455],[85.1208046351,22.609417371],[85.5729095651,22.6264012403],[85.3605793559,22.6777078216],[85.2688573422,22.884773014],[85.1286780573,22.6240607455]],[[84.9422630445,23.62206942],[84.9377091048,23.6119147917],[84.9360778347,23.6082766742],[84.9422630445,23.62206942]],[[85.5321877229,25.1055457523],[85.5321880135,25.1055464831],[85.5256930146,25.103426851],[85.5321877229,25.1055457523]],[[85.4305710789,25.6000348664],[85.4164212587,25.606817749],[85.403888058,25.6128241247],[85.4305710789,25.6000348664]],[[86.0304347125,24.3011917376],[86.0791921692,23.2602078927],[86.8249624151,24.4333364927],[86.9136937279,24.4462975356],[86.5856419798,24.502561309],[86.5107774141,24.6208504833],[86.5277031075,24.7277751096],[86.520659194,24.7601602607],[86.4972423496,24.8412272921],[86.6908161829,24.9200658445],[86.7296165612,25.0251773194],[86.7297967383,25.0258745945],[86.9663006388,24.6187502334],[87.0802112919,24.8085184251],[87.096845684,24.9637762845],[87.1379599032,24.9874632121],[87.399484231,25.0820765151],[87.4347904905,25.0861354877],[87.4528828837,25.136370092],[87.4361354999,25.2529386816],[87.4331095172,25.2527420365],[87.4007596531,25.2703360145],[87.3690958935,25.2871605387],[87.1241540195,25.3085252316],[87.1010391207,25.3260009342],[87.1007035076,25.407302251],[87.0783470789,25.5036081849],[87.0665697812,25.554341854],[87.0660049901,25.6787976807],[87.0781403397,25.6982776355],[87.0942568613,25.7336780024],[87.0708606937,25.7794762822],[87.1145012744,26.0649133861],[87.1139296365,26.1912185566],[87.1133681348,26.3152841143],[86.7311777131,25.6044677345],[86.7019022959,25.5500198863],[86.4040394424,25.5866422211],[86.5689533222,25.3027549032],[86.0304347125,24.3011917376]],[[86.3777682182,25.6318662336],[86.7004777132,25.6117857625],[86.5965067007,25.6258499564],[86.3819255768,25.7406581238],[86.3320258442,25.7106084224],[86.3777682182,25.6318662336]],[[87.4863630065,25.1476266709],[87.5246800462,25.1431623253],[87.5036809863,25.1456101914],[87.4863630065,25.1476266709]]]}},{"type":"Feature","properties":{"state_name":"Bombay Presidency","id":5},"geometry":{"type":"Polygon","coordinates":[[[70.7289976485,20.9444053213],[70.6938421727,20.8931932425],[70.6797891759,20.8520438887],[70.6770734316,20.8080329026],[70.6700700127,20.8048049241],[70.65770868,20.8082116903],[70.6405352547,20.8129428324],[70.6033423614,20.8356074119],[70.5481689203,20.8595129981],[70.530089308,20.8673405804],[70.5150386246,20.8705291548],[70.4910148764,20.8756155591],[70.4600907292,20.8912531237],[70.3862161884,20.9512936019],[70.3437042451,20.9858037342],[70.3015116834,21.0200250509],[70.248564011,21.0609094341],[70.2050475155,21.0944786052],[70.1718032365,21.1201037015],[70.1715205587,21.1203434515],[70.1481242904,21.1401818138],[70.1171323261,21.166445867],[70.0809349774,21.197099665],[70.0759719606,21.2013007959],[70.0604714489,21.2144189652],[70.0595054359,21.2152363675],[70.0595054132,21.2152363875],[70.0545713667,21.2194111198],[70.0517850237,21.2217684723],[70.0465158752,21.2271501915],[69.9482552668,21.3273922063],[69.8874237415,21.3847788739],[69.853111988,21.4171136119],[69.8243258858,21.4442221598],[69.7998228512,21.4672836304],[69.7491186387,21.5178863271],[69.7001969423,21.5785729171],[69.7001968303,21.5785730542],[69.6809588296,21.6021130823],[69.6726569584,21.6118534628],[69.6340127929,21.6481204573],[69.5915131207,21.6879695422],[69.5581390699,21.7076309193],[69.5281591571,21.7348546215],[69.4933229021,21.7656207822],[69.4533031542,21.7981082168],[69.4311762025,21.8292835308],[69.4263319738,21.8267437044],[69.4139227606,21.8408201899],[69.4078899836,21.8476619397],[69.3646898114,21.8888821602],[69.3522096796,21.9007827011],[69.3343950825,21.914871316],[69.2880219788,21.9515200143],[69.2716716673,21.9644329508],[69.2698048142,21.9659070399],[69.264461943,22.0981736383],[69.2547613618,22.263895118],[69.2733743167,22.2879305611],[69.2850182193,22.2941432502],[69.2966220674,22.3003333194],[69.3791456605,22.3208063727],[69.402907382,22.3227931609],[69.4630020019,22.3278096488],[69.4834929631,22.3342024261],[69.5009439475,22.3544967241],[69.5199703732,22.366686974],[69.5469186253,22.3696519972],[69.5625564106,22.3713704896],[69.6841955862,22.3746827224],[69.7147498943,22.393032843],[69.7453255248,22.4113931398],[69.749521372,22.4132301058],[69.7709268659,22.422599282],[69.7876941335,22.4253789134],[69.8136528258,22.4237126873],[69.8383149714,22.4220061217],[69.8616492283,22.4214298317],[69.8836250989,22.4231546801],[69.9253905899,22.4604922506],[69.952883286,22.4998305005],[69.9578018526,22.5112556987],[69.9636662596,22.524875986],[69.9651241259,22.5282615932],[69.9765491261,22.5379213474],[69.9917393135,22.5419314674],[69.9924286046,22.5423901083],[69.9945733628,22.542679464],[70.0010201147,22.5443807613],[70.0105895081,22.5448393255],[70.0110109364,22.5448595086],[70.1473192422,22.5513291179],[70.1949723711,22.5641309274],[70.2309217597,22.5790068164],[70.2097629593,22.5702527077],[70.0532099134,22.5468862079],[70.0864086239,22.5659901545],[70.2017096958,22.5801771038],[70.2320938505,22.5925286479],[70.2633703397,22.6463906873],[70.2793036399,22.6761907221],[70.2956098445,22.6952707996],[70.3143776225,22.7101299212],[70.3173287132,22.7202659435],[70.3192094616,22.7267251679],[70.3190315989,22.7515529579],[70.3190044291,22.755333843],[70.3188184217,22.7607797911],[70.3184184208,22.7724854164],[70.330812717,22.7935951315],[70.3499054865,22.8220542474],[70.3539234848,22.8400564483],[70.3642329846,22.8546654795],[70.37519454,22.872870141],[70.3864492318,22.8824980124],[70.4056608081,22.8852017021],[70.4128198591,22.8789699707],[70.4129349281,22.8532565105],[70.412938287,22.8525024751],[70.4159301703,22.8495911225],[70.4265039853,22.8393002785],[70.4286176067,22.8386341979],[70.4389856636,22.835366305],[70.464267409,22.8410980641],[70.5042941084,22.8679932704],[70.5158790308,22.8806115996],[70.5326231743,22.8988444202],[70.5493176942,22.9315122811],[70.5561096685,22.9478170352],[70.5607788482,22.959023945],[70.5886992817,23.027065884],[70.6117280366,23.0623675145],[70.6262639553,23.0846406305],[70.6709395401,23.1144977537],[70.6832838025,23.1216878369],[70.7263925453,23.1467845103],[70.74421668,23.1653936023],[70.7450600514,23.1662739591],[70.7496165203,23.1710299869],[70.749628853,23.1719489813],[70.7557754278,23.1648155367],[70.7536116423,23.1516368842],[70.7722024123,23.1266384777],[70.7819582021,23.1135149141],[70.7988624669,23.0883214998],[70.8066845473,23.0855477406],[70.7711152606,23.0627396879],[70.8066845475,23.0855477397],[70.834547689,23.1017932778],[70.8853771321,23.1263901074],[70.9630110985,23.1397329428],[71.0431749381,23.1554887251],[71.1221603142,23.1681936193],[71.1731659716,23.1670567005],[71.2214599958,23.1706108126],[71.2367194598,23.1787327384],[71.2533373332,23.1844992516],[71.2655912273,23.1847908385],[71.2956538317,23.1711826554],[71.3173441749,23.1567756508],[71.3323221726,23.1517555188],[71.3420272145,23.150788061],[71.3657094983,23.1579001854],[71.3980565649,23.1789315518],[71.4228950321,23.1914326378],[71.4454578118,23.1925412179],[71.4675644875,23.186475648],[71.4979543243,23.1597056195],[71.5096880534,23.1551923772],[71.5471436375,23.1542283216],[71.642564594,23.1580831934],[71.7174412131,23.1578722668],[71.7439064413,23.1578251712],[71.7396465717,23.2057229649],[71.7367139348,23.2307292646],[71.7355277461,23.2794063497],[71.7052716276,23.3117178404],[71.6664555351,23.3445559812],[71.6427125093,23.3941785793],[71.633992429,23.4627403826],[71.6355503227,23.5236457399],[71.6269329339,23.528934148],[71.6197699056,23.5333292966],[71.595706173,23.5328041717],[71.5747480083,23.5323437823],[71.5457664902,23.5417277391],[71.4775024862,23.5967634671],[71.4756423859,23.597911273],[71.4372040804,23.6216201213],[71.3874917221,23.6491093855],[71.3499701345,23.6568212106],[71.3204938322,23.6546914636],[71.2836571682,23.6380607977],[71.2492214087,23.6193326023],[71.2222925221,23.6100875975],[71.2082973235,23.6104618154],[71.1995301319,23.6181219939],[71.1928012787,23.6358541638],[71.1912867405,23.6880769289],[71.189767845,23.7402992505],[71.2038764405,23.7900434034],[71.2166155779,23.8068222859],[71.246301324,23.8297418176],[71.3170915778,23.8858639221],[71.3576440789,23.9390961743],[71.3970905679,24.0051823823],[71.4161459012,24.0206654895],[71.4650261711,24.0385095027],[71.4768058042,24.082936055],[71.480993794,24.1067240548],[71.4869332978,24.1404513551],[71.4973599881,24.1872330397],[71.4912771424,24.2193139824],[71.4719851685,24.2582482914],[71.4576527525,24.3056481308],[71.4523196863,24.3568364632],[71.4654112386,24.4012958113],[71.4646796241,24.4275319115],[71.4471448676,24.4486002913],[71.4293345977,24.4792058715],[71.4007145332,24.5226766579],[71.3942881672,24.5701056961],[71.4406746684,24.5549403716],[71.5436277061,24.5687957022],[71.5507917861,24.5711290652],[71.6429853012,24.601119958],[71.6992687107,24.6052304497],[71.7923017879,24.5814629433],[71.8611042737,24.5434275832],[71.9145681524,24.5138319966],[71.9773679799,24.5065091925],[72.0469489107,24.5437007106],[72.1423758064,24.5484061515],[72.248401233,24.5704376314],[72.3198588264,24.5989486434],[72.395316451,24.5873789699],[72.4089750892,24.549823504],[72.3880606126,24.5007472812],[72.3854929485,24.4734795997],[72.3937306957,24.453562657],[72.4144522058,24.4352918819],[72.4444381827,24.4229060447],[72.5071564392,24.4167882817],[72.568279243,24.4120513725],[72.6090894925,24.4055368897],[72.6426863126,24.3659399166],[72.6434027153,24.3272598557],[72.6893929057,24.2921412015],[72.7382806298,24.268514747],[72.7748000881,24.236092292],[72.7828855731,24.2204460279],[72.8297637578,24.2066960753],[72.8920872693,24.2176038727],[72.9479433231,24.2427318138],[72.9600794198,24.2658266412],[72.9635103177,24.3446996561],[73.0274803444,24.3555779857],[73.0524857567,24.3573345461],[73.0802312722,24.3849206751],[73.0984271496,24.4238487418],[73.1183481592,24.4527635083],[73.1464431146,24.4588438249],[73.2029269552,24.4509260775],[73.2237765526,24.4224504531],[73.2310097742,24.4089183958],[73.2382612577,24.3939527583],[73.2429754467,24.3359563575],[73.2791553974,24.26326811],[73.284924929,24.2411155591],[73.2820201728,24.2245986338],[73.2387741771,24.1868363451],[73.1961836955,24.1598208269],[73.188007325,24.1303398017],[73.1828353344,24.1094944232],[73.1823884618,24.0858384007],[73.1858030304,24.0650949264],[73.1945779744,24.0515815451],[73.2401888194,24.0263113383],[73.2897868748,23.9931871932],[73.3030460734,23.9338458805],[73.304801907,23.9188138497],[73.3151222031,23.9045925819],[73.3502812977,23.8985231234],[73.3819808073,23.9196457963],[73.3980783738,23.9420338848],[73.4187469736,23.9737854818],[73.4443302803,23.9869487573],[73.4693168568,23.9850498785],[73.4811350056,23.9751325732],[73.4922297987,23.9601897395],[73.4939976675,23.942287678],[73.4888229179,23.9178664156],[73.489713284,23.8411794974],[73.4986306962,23.811161534],[73.5224222818,23.774117892],[73.531318767,23.7448139106],[73.5291438876,23.7304571675],[73.5215283955,23.7153316794],[73.4732127197,23.6525011696],[73.4710701468,23.6359936948],[73.4713696325,23.6101918497],[73.4738938413,23.5937302365],[73.4880977857,23.5759489987],[73.5062258506,23.554619949],[73.5421088405,23.5442082021],[73.5810500043,23.5381168373],[73.6096711159,23.5519951458],[73.6274494519,23.5621888303],[73.6529996158,23.5731649718],[73.6841553824,23.5684139521],[73.6982514907,23.5584967064],[73.7209467081,23.5436310367],[73.7579462858,23.4951838234],[73.7685291535,23.4436528574],[73.7837298256,23.395740984],[73.826817637,23.3537736082],[73.8605104818,23.3256152584],[73.9237080126,23.3184150704],[73.9992761213,23.3170040526],[74.0314577078,23.3038235078],[74.0407676473,23.2914096407],[74.0607097892,23.2648088287],[74.1273102721,23.2059251272],[74.1615391984,23.1898602103],[74.1812850794,23.1737129851],[74.2104425699,23.1384913725],[74.227891434,23.0694821552],[74.232649265,23.0506517338],[74.2472918638,23.0182187986],[74.2690570956,23.0039810111],[74.3063109827,22.9888526848],[74.327033019,22.9746020846],[74.3138077857,22.9164862987],[74.3115653232,22.8495560806],[74.3426537825,22.819811943],[74.3698293061,22.797216153],[74.4034393204,22.7746396823],[74.4127715538,22.7017764139],[74.400218838,22.6264413117],[74.3720773037,22.5868966402],[74.3182148581,22.5484352476],[74.2942584906,22.5414749783],[74.2180264061,22.5192983592],[74.1281245655,22.4973261505],[74.085907012,22.497092155],[74.0130983239,22.8589981212],[74.1025625592,22.9015906382],[74.0925911162,22.982932806],[73.7795382723,22.7523396426],[74.7861208613,17.0716353406],[75.5786128702,17.05714918],[74.9816242317,17.0954426919],[75.0750231759,17.4384247072],[74.7259076254,18.163232312],[74.9085221731,18.4081661988],[74.2291969591,21.7848490408],[74.2680692817,21.7988842203],[74.3229466505,21.8313877314],[74.3612365722,21.8566389458],[74.3816129555,21.8818151816],[74.3994750285,21.8974184689],[74.4135621986,21.897469257],[74.4264213337,21.8843676651],[74.4470251025,21.8545586609],[74.4624733778,21.8319012371],[74.4907451474,21.8009159028],[74.4972109105,21.7818125544],[74.4896302916,21.7542997371],[74.4666762061,21.7339089552],[74.4309383593,21.7134716496],[74.4297911029,21.680002077],[74.4414515011,21.6405998738],[74.4811711087,21.6156290508],[74.5259773619,21.5942486859],[74.5771562368,21.5740675365],[74.5989581618,21.5454356295],[74.6986221175,21.5396692544],[74.7676247196,21.5302175744],[74.7880693692,21.5266590064],[74.8647156665,21.5267387418],[74.9336975743,21.5267804055],[74.9950145949,21.5363556466],[75.0205651686,21.5363544535],[75.0307833818,21.5267907374],[75.0282227235,21.4969094205],[75.0231088949,21.464637774],[75.0205490628,21.4216080046],[75.032033386,21.4012863559],[75.0537261192,21.3869373604],[75.0830766234,21.3821442406],[75.1264832984,21.4012417084],[75.1609512133,21.407188578],[75.177525619,21.3916331694],[75.1888269643,21.3721795226],[75.2110145159,21.3606783537],[75.2217134176,21.3477554716],[75.2615245682,21.3498497296],[75.2944669015,21.361987087],[75.3281738534,21.3712477545],[75.3725827918,21.3718722196],[75.4383594053,21.3487642064],[75.4910556492,21.311326193],[75.5315836849,21.3018799707],[75.5491686886,21.2975205691],[75.5790381264,21.3038748469],[75.636550177,21.330918687],[75.6848498787,21.347940202],[75.7437659923,21.3426697718],[75.7773319323,21.3210039704],[75.8140553952,21.3186788337],[75.8447495027,21.3328698759],[75.8601656372,21.3514367416],[75.8846991673,21.3577633299],[75.9153187383,21.3575992259],[75.9567152178,21.3666908058],[75.9705938748,21.381670199],[76.0046033876,21.4287979608],[76.0539399678,21.4601924377],[76.0987028696,21.4706604591],[76.1382622914,21.4680056383],[76.1635870755,21.4415392016],[76.1698454272,21.4259593044],[76.1644656091,21.391338798],[76.1515652979,21.3735012109],[76.1322162155,21.3461451081],[76.1167187188,21.3211511479],[76.1127214234,21.2984701258],[76.1137896488,21.2709749367],[76.1211230205,21.2290964552],[76.1363268847,21.2170433824],[76.1707101197,21.2132230631],[76.2088949953,21.2069784003],[76.224148221,21.2020880775],[76.2735500736,21.1670649886],[76.3346698594,21.1630084918],[76.352461661,21.1580868866],[76.3688904749,21.1436139433],[76.3814841078,21.1279757867],[76.3812517814,21.1028812482],[76.3769252326,21.0479429823],[76.3679163574,21.0372600058],[76.351272123,21.0266373243],[76.3041371964,21.0222249138],[76.2686005992,21.0344448951],[76.2191520166,21.0587094009],[76.1454015423,21.0711743378],[76.0931974319,21.071518533],[76.0816168956,21.0548602542],[76.0698172617,21.0071276429],[76.0606042318,20.9641583915],[76.0655414388,20.9426140917],[76.0588194587,20.8912622576],[76.0710799701,20.826644748],[76.0565722323,20.7514359524],[76.0334497982,20.7145242697],[75.9965561196,20.7063750711],[75.967219001,20.6874182374],[75.9645806247,20.6718946444],[75.970369712,20.5834125167],[75.986530164,20.5643367192],[75.9650889592,20.5603201354],[75.9307810204,20.5533361875],[75.9130220229,20.5546259751],[75.8787787946,20.5583889512],[75.8457632483,20.5549673794],[75.8189985802,20.53358032],[75.7897590552,20.5229580576],[75.7529578291,20.5219263689],[75.7276268994,20.5315971534],[75.6808630059,20.5736240235],[75.6479936564,20.6048290826],[75.6048063332,20.5990087979],[75.5311057005,20.5789296801],[75.499411302,20.5909776974],[75.4651546,20.5970500443],[75.433417244,20.5971324842],[75.3940013254,20.5733191683],[75.3507629242,20.5375505223],[75.3228419836,20.5364093682],[75.2987516244,20.5472111038],[75.2708860956,20.5783371446],[75.2557015365,20.6070496276],[75.2392396241,20.6345671212],[75.2138680059,20.6525312043],[75.1922797594,20.6537519928],[75.1668798161,20.6537784232],[75.1402021644,20.6454344314],[75.1122426393,20.6167654406],[75.1020699607,20.5940592064],[75.1033177424,20.5617826476],[75.1273887355,20.5079733545],[75.1501793105,20.4589432397],[75.1400137772,20.4386296279],[75.0804053083,20.4350811065],[75.0651864312,20.4338920488],[75.0410854548,20.4135772115],[75.0347381086,20.3813020692],[75.0220579757,20.3633726782],[74.9992409635,20.3621786382],[74.9688175476,20.3669575808],[74.9498037046,20.3645622871],[74.9358702339,20.3394536404],[74.9194154906,20.2976065382],[74.8753640964,20.2691501574],[74.8692912628,20.2595821916],[74.8388701863,20.2777275765],[74.82669723,20.2872794665],[74.8165590903,20.2891818407],[74.808450284,20.289173159],[74.7790762204,20.274793335],[74.7679546815,20.2566083107],[74.76694843,20.2518252205],[74.7528430738,20.2001628231],[74.7246228632,20.1178739921],[74.7054553969,20.0805448116],[74.6882831602,20.062344383],[74.6793778161,20.0538975325],[74.6660609032,20.0412637301],[74.6438488819,20.0182675928],[74.6226481628,19.9981399585],[74.6201819276,19.9718345104],[74.6265743762,19.9419614009],[74.6683575399,19.9109619597],[74.6974511039,19.899059016],[74.7139048742,19.8859359051],[74.7202802669,19.8536678737],[74.717831376,19.809430798],[74.7356121371,19.750878471],[74.749544607,19.7234018305],[74.8013121134,19.7186846234],[74.8429739491,19.7175304299],[74.8732790443,19.7091857856],[74.8934928363,19.6852885274],[74.930112325,19.6482452417],[74.9490453214,19.6339052587],[75.0386318798,19.632712796],[75.0714401882,19.6374848796],[75.1231699484,19.6314792677],[75.1635221999,19.6075365693],[75.1773759484,19.5860039161],[75.2290986198,19.5895322111],[75.2757857078,19.5978355179],[75.2947015205,19.5942190151],[75.2997163918,19.5774734178],[75.2881989768,19.4842407085],[75.2957170712,19.4591222727],[75.3057667654,19.4411724909],[75.3473175323,19.4231646293],[75.3687288971,19.4183402628],[75.4127624828,19.3907482121],[75.4265308007,19.3560458301],[75.4227058195,19.3381216147],[75.4150976958,19.3178148246],[75.3949200224,19.3059041192],[75.3797542051,19.2820252208],[75.3268648536,19.277345243],[75.3029348095,19.2726042192],[75.2915913103,19.2654492713],[75.2877853373,19.2487173537],[75.291527962,19.2295823145],[75.3116348145,19.2128112204],[75.3229358333,19.1996403731],[75.3430284321,19.1792791748],[75.3630794827,19.1421778392],[75.3630507397,19.1290265557],[75.3605064607,19.1158801976],[75.3479036479,19.1039486378],[75.3365795812,19.101578516],[75.3214874676,19.1016054782],[75.293829084,19.1076296147],[75.2812518163,19.1076492557],[75.2510572948,19.10171495],[75.2120537464,19.0898080465],[75.2032490895,19.0886223726],[75.1944585153,19.099392216],[75.189464594,19.1316784258],[75.1857162453,19.1543984479],[75.1744223543,19.1819080109],[75.1517806161,19.1902972311],[75.1215851089,19.1974932416],[75.1152946686,19.1998884745],[75.0813220704,19.2106669548],[75.0397931017,19.2202453532],[75.0083280612,19.2178583162],[74.9982595697,19.2047070566],[74.9806442225,19.1760119267],[74.9580109582,19.1150328604],[74.9378977878,19.0839415867],[74.9089764627,19.0791471688],[74.8599350057,19.0767252334],[74.8423502814,19.0551902221],[74.8285563397,19.019309808],[74.8487019136,18.9834591115],[74.8751134997,18.9583709077],[74.8939680431,18.9500133319],[74.9065462329,18.9273033261],[74.9291828099,18.8759014737],[74.9555695745,18.8352581852],[75.0032855189,18.7993943598],[75.017093976,18.7862415716],[75.0635333847,18.7647100083],[75.1212475909,18.731203483],[75.1651270904,18.6869310201],[75.1763776834,18.6474642984],[75.1763663768,18.6365105834],[75.176328374,18.5996380819],[75.1925546698,18.5326650702],[75.2113184874,18.5015576503],[75.2351104298,18.4871815559],[75.2563958844,18.4751972386],[75.2726156098,18.4309347412],[75.2813457777,18.4070084989],[75.3101286261,18.392615614],[75.3351681304,18.3877904432],[75.3526701301,18.3722150479],[75.3413243753,18.3339740275],[75.3337481201,18.3005083024],[75.3523967777,18.2371033749],[75.3898589661,18.2023558157],[75.4211297136,18.1998983672],[75.4474564616,18.2213610998],[75.4712290053,18.2213041487],[75.4849456772,18.2045304547],[75.5011001843,18.1662272183],[75.5210276773,18.1374779163],[75.5359872608,18.1218929972],[75.5609279745,18.1002997715],[75.57085305,18.076357047],[75.5707410953,18.0416825543],[75.5630973639,17.9962687522],[75.5792286642,17.9615461454],[75.5991815251,17.9507243641],[75.6429479992,17.9625412453],[75.6579353192,17.961295346],[75.6753528853,17.9421046955],[75.7002091921,17.9097334768],[75.7251925585,17.9108376535],[75.7676919846,17.919044266],[75.7801398665,17.909429467],[75.8138110455,17.898530702],[75.8462631526,17.8948054244],[75.888715504,17.8934206848],[75.927464034,17.9004137542],[75.9475526395,17.9206425013],[75.977651428,17.9432100407],[75.9989863188,17.9610354625],[76.026558176,17.9764342357],[76.0551284809,17.9487826253],[76.0563066139,17.9368204176],[76.0659841182,17.8841620043],[76.0708998031,17.870983629],[76.0681743707,17.8327397833],[76.058011868,17.8029052294],[76.0777298512,17.7609518416],[76.0988614776,17.7476830318],[76.108148583,17.7479375956],[76.1350510027,17.7486725124],[76.1613750476,17.7676474739],[76.1740245566,17.7938744173],[76.194055301,17.8033176272],[76.2077270489,17.7948648632],[76.2213568448,17.7804337517],[76.2424873464,17.7683454478],[76.2848333657,17.7573126339],[76.314706814,17.7475504676],[76.3031245145,17.6986114741],[76.302969369,17.6770930798],[76.3163396261,17.6291832151],[76.3061763728,17.6029491019],[76.2811268555,17.5863755655],[76.2735308688,17.5696869823],[76.2931332564,17.5217380876],[76.312829013,17.4881335476],[76.3126575593,17.4642238025],[76.3125548176,17.4498779271],[76.2788171298,17.4345552689],[76.219003753,17.4301479712],[76.1542103185,17.4257514466],[76.1305985243,17.4342561195],[76.1044860542,17.4415763631],[76.0746624685,17.4536958808],[76.0447461184,17.4502682631],[76.0359523143,17.4371621287],[76.0456446404,17.3892856459],[76.0466589634,17.3486282094],[76.0464557402,17.3127596192],[76.0500609674,17.2900232729],[76.0524007089,17.2637065072],[76.0622667749,17.2481110232],[76.0758637271,17.232495202],[76.1044509344,17.227557742],[76.1243929328,17.2334255357],[76.1582160203,17.27029813],[76.1919756571,17.2952084491],[76.2106748872,17.2998788712],[76.2342815022,17.2937569951],[76.244197356,17.2877177818],[76.2515187665,17.2661516295],[76.2513333613,17.2386541458],[76.2461885328,17.2135785279],[76.2359353928,17.1682086867],[76.2407828954,17.1490492313],[76.2593552596,17.1369783205],[76.2854428018,17.1332273825],[76.304068827,17.1295213803],[76.3102270693,17.1211124942],[76.2964015574,17.0996808871],[76.2751372967,17.0806862101],[76.2600519546,17.0556726876],[76.257462163,17.0401457647],[76.2572784671,17.0126477303],[76.2745457694,16.9934105228],[76.2868075855,16.9694212384],[76.2879521254,16.9550666771],[76.2666020895,16.9205272328],[76.2627645482,16.9038121936],[76.2614034358,16.8858861495],[76.2599872447,16.8595909571],[76.2685828969,16.8451904044],[76.3105721453,16.8126449611],[76.3266007753,16.7969992033],[76.3413353829,16.7741871127],[76.34241704,16.7514634488],[76.3472124247,16.7275199444],[76.3395178691,16.6917014324],[76.331967278,16.6762070518],[76.3181837634,16.6559694941],[76.3069564511,16.6464754663],[76.3044113227,16.6369263648],[76.3066893296,16.6070209994],[76.3089589013,16.5759199809],[76.3088377522,16.5579860443],[76.2913155454,16.5329865717],[76.2764101395,16.528295613],[76.2652081551,16.5211897967],[76.2552000505,16.5069021101],[76.2463332592,16.4770631949],[76.252352473,16.4495266291],[76.2633563733,16.4267427128],[76.2744123521,16.4123277615],[76.2841027586,16.3787898478],[76.2937666449,16.341664734],[76.2886881886,16.3225649527],[76.2824272827,16.3118419271],[76.2700000286,16.3047428794],[76.2600955357,16.3048021805],[76.2365722019,16.3049411612],[76.2043966278,16.3075184507],[76.1808223308,16.2992814636],[76.1695662737,16.280212374],[76.1682222246,16.2622838157],[76.1730813466,16.2467124367],[76.2001664979,16.2226463182],[76.2235475286,16.2009898907],[76.2479056906,16.1386711449],[76.2588577709,16.1099096308],[76.2636689789,16.0883583511],[76.2586092374,16.0704524123],[76.2461389614,16.053785224],[76.1941908322,16.0516896097],[76.1658900084,16.0757605879],[76.1241184639,16.1250105349],[76.0982664974,16.1478648099],[76.084677293,16.1515217283],[76.0611706908,16.1516400912],[76.0364080133,16.1481746031],[76.010287607,16.1207966183],[76.0064137791,16.0885281902],[76.0013646924,16.0682231388],[75.9951395702,16.0598814793],[75.9790338253,16.0539766179],[75.9542899039,16.0516966119],[75.9296185335,16.0649592329],[75.8913762949,16.0866470089],[75.8679435084,16.1022893962],[75.818484406,16.1072680104],[75.7924265468,16.0870365547],[75.7910572866,16.0535573035],[75.7921711405,16.0224605199],[75.8025023575,15.9974984846],[75.8129883186,15.9721560881],[75.8350561939,15.9278243865],[75.8584264289,15.9014235693],[75.87689495,15.8858031575],[75.911460014,15.8784851028],[75.9287195885,15.8700407324],[75.9434622847,15.8520392245],[75.9371584395,15.8245619298],[75.9308510384,15.7958884541],[75.9294851862,15.7671935936],[75.9367903246,15.7444408809],[75.9478199312,15.7264552723],[75.9526917183,15.7120837079],[75.9525972766,15.691754425],[75.942634029,15.6726636923],[75.9190644168,15.6464545886],[75.8856646858,15.6286537078],[75.8792905411,15.5808435096],[75.8902968114,15.558077224],[75.8951280719,15.5341396996],[75.8962789339,15.5150006357],[75.8912479354,15.4922988321],[75.8812856787,15.4696164918],[75.8787589195,15.4552756002],[75.8834785923,15.4050284924],[75.8966758051,15.3200655904],[75.9089155671,15.3008814398],[75.9266360401,15.2879681132],[75.926034387,15.287389069],[75.916747709,15.2695492074],[75.9141073752,15.2644764175],[75.9050779634,15.2272001605],[75.8665081699,15.1929091455],[75.8633893417,15.1527373635],[75.826356275,15.1284784628],[75.7983290259,15.1400604908],[75.7599966717,15.1631554508],[75.733404008,15.1646786751],[75.7037653102,15.1389398],[75.7066442003,15.1159678205],[75.719795158,15.0728707238],[75.7167450858,15.044176531],[75.691555652,15.0184209707],[75.6544992567,14.9726036653],[75.6707679058,14.7821469212],[75.6998524676,14.6514537732],[75.6894435892,14.6227798151],[75.6805510758,14.6070181249],[75.6598653322,14.5898543796],[75.6450774343,14.5726724531],[75.6391001305,14.5439833843],[75.6287411444,14.5282233472],[75.6022125642,14.5254224149],[75.5860093226,14.5268987574],[75.5639304479,14.5355646676],[75.5344374203,14.5255866747],[75.5343926402,14.5069278386],[75.5343101368,14.4724806784],[75.5357109569,14.4423359877],[75.5239047843,14.4323153202],[75.5018132094,14.4323633528],[75.4767882161,14.4381565598],[75.444440315,14.4654909765],[75.4047080931,14.487092611],[75.3857188304,14.5804208006],[75.3783940875,14.6062685524],[75.343057084,14.6307236727],[75.3150610769,14.6393751624],[75.2811878099,14.6652544019],[75.2532377777,14.7198288395],[75.2370530166,14.7542936441],[75.2208487188,14.7744041437],[75.214966683,14.7930688041],[75.2031902815,14.8203504493],[75.1914097054,14.846196156],[75.1714194295,14.8501014551],[75.1714194295,14.8501014562],[75.1619022176,14.8519600779],[75.1382839374,14.8390576815],[75.1072890416,14.821850426],[75.0792496459,14.8046379443],[75.0453162611,14.7989058255],[75.02466274,14.8017796052],[75.0025333775,14.8060868781],[74.9863051794,14.800345194],[74.9715558861,14.7730726823],[74.9715583119,14.7544134273],[75.0040069125,14.7084845377],[75.0158024846,14.6840833249],[74.998108547,14.6740364898],[74.9641956164,14.6797750911],[74.9214343807,14.6840705709],[74.894894753,14.6811894038],[74.8772193953,14.6481679865],[74.8772584378,14.5778361923],[74.8817187639,14.5046355326],[74.8581605091,14.4816567751],[74.7933406345,14.4830440955],[74.7182008609,14.4901427792],[74.65485594,14.4886229537],[74.6121937766,14.4541084089],[74.5784565254,14.3794129926],[74.5594801845,14.2946932434],[74.4800020555,14.2930975032],[74.4213774174,14.2969924731],[74.3781344751,14.2806199451],[74.3790583465,14.2851074466],[74.4035597921,14.3297582465],[74.4034800487,14.3598995557],[74.4048611889,14.3943503855],[74.3907066528,14.4553144754],[74.3662939427,14.4940027702],[74.331567454,14.5297883551],[74.3153206045,14.5426588545],[74.3122699641,14.5456125597],[74.2909330735,14.5662680333],[74.2907837392,14.6129132801],[74.2864061112,14.7326834361],[74.285931405,14.7456581793],[74.276264535,14.7700270076],[74.2460031859,14.7771062811],[74.2194302182,14.7834764016],[74.1987376858,14.7948870893],[74.1795317237,14.8027131237],[74.1691783647,14.8098519865],[74.1617720566,14.8177186863],[74.1543512796,14.8291730192],[74.1466814938,14.8396578386],[74.1454514919,14.8413391626],[74.142441274,14.8563973066],[74.1423902847,14.8693136866],[74.1497091835,14.8844102543],[74.1540634527,14.9030836247],[74.1554916983,14.9152878671],[74.1495429586,14.9267472002],[74.1295276877,14.9489169081],[74.1015972877,14.9666719739],[74.1149392435,14.9863533399],[74.1172734038,14.9971516655],[74.1180416751,15.0007056448],[74.126610739,15.0115023094],[74.1437514098,15.0330947763],[74.1461411889,15.0510431896],[74.1791820003,15.1001996881],[74.2086459749,15.1218320812],[74.2221708618,15.1266629105],[74.2517101977,15.1291546002],[74.2640054375,15.1339789079],[74.2713272225,15.1531383603],[74.274947807,15.1746776826],[74.2722592482,15.240447693],[74.2733059303,15.2942697293],[74.2818616106,15.3146288066],[74.3334043337,15.3817630516],[74.3492914462,15.4260610205],[74.3466945234,15.4679122358],[74.3404338861,15.4977927293],[74.3316888104,15.532449212],[74.3327335113,15.5910540111],[74.3239511738,15.6352771363],[74.3086473036,15.6677768805],[74.3086473032,15.6677768805],[74.3003311307,15.6854323143],[74.2903809659,15.7069269704],[74.2853675118,15.7284372757],[74.2839945869,15.7678981751],[74.2777181745,15.7965794307],[74.2342863055,15.8502463445],[74.2094610072,15.8800544805],[74.1846717041,15.8990965921],[74.1861323549,15.9083150486],[74.1846717037,15.8990965915],[74.1340072739,15.8988995074],[74.0920524064,15.8855728866],[74.0699540471,15.8543868035],[74.0515456862,15.8279982802],[74.0218710821,15.8338457483],[73.9995125354,15.85885629],[73.9808671452,15.8814900532],[73.9573302656,15.8933360486],[73.9412110627,15.9040199897],[73.9300204606,15.9171187112],[73.9212553124,15.9385994964],[73.9150116544,15.9505261322],[73.9025871581,15.9624211224],[73.8791362803,15.9563214177],[73.8569025697,15.953813024],[73.8358157121,15.966853542],[73.8234207183,15.9727649609],[73.7912479622,15.9785654017],[73.7813667212,15.9773139089],[73.7739795533,15.9724889705],[73.7641574531,15.9616711332],[73.7581249827,15.9377216462],[73.7583160356,15.9066334534],[73.7509835929,15.8934380208],[73.6993435246,15.8965166031],[73.6833689388,15.8898744684],[73.6743951278,15.908030064],[73.6594907904,15.9146579234],[73.6436012458,15.9255590811],[73.6227638795,15.9369056633],[73.6148125859,15.9430722733],[73.6068641182,15.9487602982],[73.5988553748,15.9630564449],[73.5732910554,16.0126279492],[73.5368010827,16.0664251509],[73.5337038375,16.0840993011],[73.5318219029,16.0927026095],[73.5318218987,16.0927026294],[73.5318218987,16.0927026349],[73.5318218952,16.0927026453],[73.5285849116,16.1074984311],[73.5261881176,16.1133328592],[73.5215316799,16.1246666729],[73.5206680266,16.1512628068],[70.7289976485,20.9444053213]],[[74.1025625592,22.9015906382],[74.12128953,22.8777958929],[74.1067871082,22.8962238181],[74.1025625592,22.9015906382]],[[75.5786128702,17.05714918],[75.578538854,17.0570078355],[75.5726107535,17.0456864798],[75.5786128702,17.05714918]],[[73.5318218952,16.0927026453],[73.5475970522,16.1050271701],[73.5475970517,16.1050271709],[73.5475970505,16.1050271701],[73.5318218952,16.0927026453]],[[73.5475970522,16.1050271701],[73.6186801755,16.1543342871],[73.5475970518,16.105027171],[73.5475970522,16.1050271701]],[[70.1496186503,21.6031899145],[70.2027543601,21.6154636308],[70.2685447127,21.6310636837],[70.2811295677,21.636191367],[70.2811295679,21.6361913681],[70.2685447128,21.6310636839],[70.2027543603,21.6154636313],[70.1496186505,21.603189915],[70.1496186503,21.6031899145]],[[70.1496186503,21.6031899145],[70.1412420021,21.5868514947],[70.1412420022,21.5868514944],[70.1496186503,21.6031899145]],[[75.1018162584,15.289990973],[75.1497303196,15.0195853286],[75.1170142178,15.2799715864],[75.1018162584,15.289990973]],[[75.1497303196,15.0195853286],[75.1497303195,15.0195853279],[75.1625536598,15.0521097284],[75.1663487636,15.0979760103],[75.1625536594,15.0521097285],[75.1497303196,15.0195853286]],[[74.0203616364,16.2318678741],[74.0203616363,16.2318678744],[74.0203616361,16.2318678739],[74.0203616364,16.2318678741]],[[74.0203616363,16.2318678744],[74.020361637,16.2318678747],[74.0311872696,16.2420039433],[74.0203616363,16.2318678744]],[[74.0019964909,16.3876927086],[74.0019964911,16.3876927115],[73.998287703,16.3811065868],[74.0019964909,16.3876927086]],[[74.0019964911,16.3876927115],[74.0020728301,16.3877804215],[74.01626989,16.4040925653],[74.0019964911,16.3876927115]],[[74.003184358,16.9767231213],[73.9855861774,16.9685521065],[73.9359429696,16.9587336513],[73.9031949789,16.9499513697],[73.8890488025,17.1574424488],[73.8890488031,17.1574424483],[73.8973334572,17.1542370066],[73.8890488025,17.1574424489],[73.7811324083,17.2715974182],[73.7701784095,17.3789279481],[73.7760980072,17.3441956345],[73.7701784092,17.3789279515],[73.8079520704,17.6582063526],[73.8150403859,17.6774015896],[73.80795207,17.6582063533],[73.6660352257,17.92771837],[73.6758052484,17.9506013811],[73.6660352259,17.9277183715],[73.7074947717,18.2776645084],[73.4471795772,18.7823979946],[73.9143866943,16.5539926848],[73.9632778445,16.6843379224],[73.968697381,16.6813498061],[73.9632778446,16.6843379231],[73.9738831036,16.7427424579],[73.9738831037,16.7427424581],[73.9738831037,16.7427424586],[73.9091318468,16.854487],[73.9031949789,16.9499513692],[73.9359429701,16.9587336504],[73.9855861762,16.9685521056],[74.003184358,16.9767231213]],[[73.7074947717,18.2776645084],[73.7246138785,18.2554358312],[73.7321285968,18.2491424151],[73.724613879,18.2554358318],[73.7074947717,18.2776645084]],[[73.9091318468,16.854487],[73.9147072124,16.8486182344],[73.9162273507,16.8444473677],[73.9147072126,16.8486182345],[73.9091318468,16.854487]],[[73.4248510135,18.8888969926],[73.4779850814,18.9768045329],[73.4771072217,18.9717436446],[73.4779850817,18.9768045333],[73.4892213671,18.9840645082],[73.489227261,18.9840683162],[73.4946859525,18.9907951327],[73.4892272607,18.9840683162],[73.5176474519,19.0380863333],[73.5946564343,19.2130820319],[73.813822714,19.3915469023],[73.8138227209,19.3915469071],[73.8220624764,19.3978070679],[73.8138227207,19.3915469078],[73.7337104033,19.6045408296],[73.6642381781,19.6877151042],[73.4216780974,19.8973519475],[73.453186334,19.9162816593],[73.4216780969,19.897351948],[73.4581004575,19.9532311292],[73.4294307943,20.0331883271],[73.5517035061,20.0485736465],[73.5517035062,20.0485736465],[73.5550035681,20.0471338876],[73.5517035065,20.0485736465],[73.5517035049,20.0485736468],[73.431540564,20.0681702012],[73.4309713039,20.0721677007],[73.4309713025,20.0721677009],[73.4315405627,20.0681702014],[73.3831002974,20.0760699939],[73.4007589884,20.0847825234],[73.3978788607,20.0828958396],[73.4007589894,20.0847825239],[73.5838326043,20.9551728933],[73.6328084748,20.9555727078],[73.6849889175,20.9535928803],[73.7446624673,20.9683842076],[73.7704190027,20.979229558],[73.7674470028,20.9828921804],[73.7850875965,21.0045314884],[73.7849230352,21.0248476992],[73.7694036947,21.0546144042],[73.695201439,21.0958892019],[73.6543886552,21.1027407974],[73.6326638403,21.1109325113],[73.6262193961,21.1192458984],[73.6284476437,21.1539209525],[73.6359812854,21.1659325349],[73.677905558,21.1794113425],[73.6994921515,21.1879444032],[73.7427338595,21.1978324485],[73.7859232806,21.2148799598],[73.8240625351,21.2271011685],[73.8571557355,21.2333042023],[73.8696652417,21.2644620029],[73.8692723622,21.3158499533],[73.8639481861,21.377840831],[73.793496204,21.3802172691],[73.7398605458,21.3855593559],[73.6769708187,21.3979816775],[73.4381391326,21.4256963501],[73.4381391276,21.4256963514],[73.4348311483,21.4270148028],[73.4381391277,21.4256963507],[73.3597611563,21.4502793571],[73.3710321843,21.4473208922],[73.3597611566,21.4502793574],[73.3597611563,21.4502793574],[73.3665228821,21.849469926],[73.3671917948,21.8497905667],[73.4039540749,21.8587537324],[73.4392322604,21.8633932303],[73.4791060504,21.8695016608],[73.5081714479,21.8812386861],[73.5153954818,21.9413080415],[73.5162017663,21.962345858],[73.529306296,21.9834943302],[73.5476856536,21.9903496231],[73.7095242709,22.0031745001],[73.7658626288,22.0083882268],[73.7924190386,22.0200580568],[73.7926575007,22.0212173543],[73.8071962953,22.0918665893],[73.7922738695,22.1577204942],[73.7910351651,22.1825669816],[73.7753822272,22.2120854578],[73.7583762736,22.2244125465],[73.7505828384,22.2300604093],[73.7064075174,22.2325829257],[73.6385426973,22.2425442594],[73.5891048256,22.2574174701],[73.5529487005,22.2781295001],[73.5690011123,22.3155523387],[73.5539487701,22.3804201026],[73.5421251643,22.4300203492],[73.5263602793,22.4623772597],[73.502472301,22.484142314],[73.4807489793,22.4954093813],[73.4660909694,22.4974531524],[73.438682789,22.5012671937],[73.3767911955,22.4556781546],[73.3776576073,22.5068283265],[73.3489505221,22.5065383328],[73.2980119597,22.4984481684],[73.2781103597,22.4952827711],[73.2309600097,22.4823468174],[73.2035896167,22.4514594249],[73.1874382946,22.4283403758],[73.1804919939,22.4091469156],[73.170589559,22.3803621344],[73.165764895,22.356413326],[73.1231788247,22.3138720379],[73.1017404664,22.3040649619],[73.0863753596,22.3010171636],[73.0717360726,22.3199585061],[73.0637546113,22.3772070856],[73.0636223371,22.3867627545],[73.0582988862,22.400079027],[73.0274703854,22.3997057386],[73.0049859732,22.3908284781],[72.9844218159,22.391529115],[72.9638298418,22.3941381344],[72.9400420583,22.4043491576],[72.9408865348,22.4167836466],[72.9512926366,22.4780789663],[72.9675614933,22.4907087036],[72.9857654311,22.5119622953],[73.0028500346,22.5398900122],[73.0016149754,22.554209912],[72.993233043,22.5646179563],[72.9870047371,22.568362758],[72.9715584473,22.5691241735],[72.9498826781,22.573627359],[72.9197021476,22.5961748373],[72.8947885683,22.610184507],[72.845185334,22.6229044971],[72.8308524422,22.6179332621],[72.8076529358,22.5879944578],[72.8009665752,22.5554128563],[72.7972162114,22.5324272453],[72.7883558561,22.5074602699],[72.7949040494,22.4836601356],[72.7791100573,22.4423526904],[72.769290756,22.4135494629],[72.7708212375,22.3820358986],[72.8192089503,22.3183105259],[72.8560089642,22.2711150135],[72.8442944612,22.2697733552],[72.8231575012,22.2673503635],[72.7737969975,22.2491669023],[72.772789856,22.2490278214],[72.7724291061,22.2486627247],[72.7626093738,22.2450429348],[72.7421701966,22.2415291178],[72.7243743373,22.2384626419],[72.7223920264,22.2393667936],[72.738184456,22.1640427398],[72.7546783313,22.1591512776],[72.7830329884,22.1641718621],[72.786316695,22.1657984171],[72.8161643728,22.1805786141],[72.8255272437,22.1913130428],[72.8284820532,22.1932156736],[72.8420346624,22.2019410416],[72.8628060198,22.2280178693],[72.8718366033,22.2417544553],[72.8726243995,22.2480681225],[72.8732833837,22.2489459164],[72.8806826107,22.2394472233],[72.8855054619,22.2258918063],[72.8897833336,22.2202727435],[72.9137899213,22.1887284417],[72.9442667385,22.1370827969],[72.7706493676,22.0091971075],[72.8125109087,21.8095330248],[72.6668260689,21.9120315094],[72.6735274393,21.9172444839],[72.6949105885,21.9487223363],[72.7107935899,21.9643537487],[72.7113625653,21.9655267446],[72.6524596787,21.9221391721],[72.5798358112,21.9732346489],[72.5621682393,21.9636366051],[72.5431082465,21.9386743246],[72.5313996122,21.9402321929],[72.5294805437,21.9416588482],[72.5226148596,21.9499177557],[72.5224199764,21.9501521616],[72.5153389859,21.9588906124],[72.5118448827,21.9694138928],[72.5139265145,21.98601734],[72.5238785063,22.0126041465],[72.2180307806,22.2277873352],[72.2159884029,22.2264839266],[72.2031977287,22.2077693852],[72.2115070818,22.1744676362],[72.2155450957,22.1582770088],[72.2169346414,22.1527044479],[72.2147828412,22.1433561078],[72.2113656179,22.1285082979],[72.1995206974,22.1072131754],[72.1813173295,22.0934106985],[72.1508871166,22.0740368452],[72.1375386025,22.0740473321],[72.1328616094,22.0714268597],[72.1253557358,22.0672182704],[72.1243262318,22.0666409772],[72.1213810587,22.0592223644],[72.1185176134,22.0471544205],[72.1167288152,22.0441531381],[72.0985655992,22.0136711556],[72.0575441144,21.9923048111],[72.0466536706,21.9866297785],[72.0397906873,21.9680125506],[72.0441450634,21.954066992],[72.0601685293,21.946058399],[72.0753695102,21.9384584839],[72.0802423068,21.9356629573],[72.1163962852,21.9025983679],[72.1169425048,21.9020986302],[72.127628142,21.8779346638],[72.1271866546,21.8693981403],[72.126999769,21.8657846137],[72.1260507656,21.8625758666],[72.1095829562,21.8528005802],[72.0814451681,21.8573720225],[72.0724347214,21.8693100367],[72.0570246449,21.8908868198],[72.0472996197,21.8971604997],[72.0401394796,21.8979015169],[72.0357840563,21.9038156748],[72.0173620462,21.9000513379],[72.0032123646,21.8869900246],[71.9899749374,21.8804406996],[71.9879065867,21.880145607],[71.9500135884,21.8747346577],[71.9223935033,21.8681242625],[71.9092055903,21.858768338],[71.9209739372,21.8327551928],[71.9352493069,21.8262305309],[71.9410729019,21.8207147057],[71.9690163061,21.8095021636],[71.9700893938,21.8090714419],[72.0097259722,21.8029885105],[72.0549335727,21.786964915],[72.0699668539,21.7832918319],[72.08377685,21.783178019],[72.1041122585,21.7828193501],[72.1297944209,21.7836258816],[72.1326872121,21.7829844347],[72.1541641354,21.7679128881],[72.1616992294,21.7626235889],[72.1655811595,21.7598983422],[72.1766207171,21.7448521889],[72.1907917208,21.7255318021],[72.1960866215,21.7155863529],[72.2004172564,21.7074507918],[72.2183542365,21.6737418166],[72.2204566421,21.6697904179],[72.2333412692,21.6354126908],[72.2316817331,21.6250220352],[72.2306159706,21.6183486053],[72.2303994005,21.6169924438],[72.2379685313,21.6168270603],[72.2278893123,21.6094027579],[72.2056629302,21.5740320195],[72.2032722011,21.5638037681],[72.2008816189,21.5535753739],[72.179759878,21.4689508169],[72.1639418819,21.4483898258],[72.1555738398,21.4375087679],[72.0099517994,21.4376943976],[72.0113076705,21.4498698008],[72.01130767,21.4498698004],[72.0099517988,21.4376943976],[71.9948045796,21.4377137063],[71.7272708555,21.2406496995],[71.8031347457,21.1109229916],[71.7541884824,21.0923925647],[71.6239538826,21.057182059],[71.6073719963,21.052406921],[71.5446658893,21.0343325003],[71.4926740829,21.0283731125],[71.4926417347,21.0283693989],[71.4765796219,21.0227336858],[71.4690267414,21.0220692845],[71.4651167558,21.0187105773],[71.4601733203,21.0169752945],[71.4330960837,20.9935530269],[71.433032064,20.9924073164],[71.4323834711,20.9808003936],[71.4313402266,20.9621326444],[71.4309167757,20.9545560345],[71.4220422526,20.9332317378],[71.4189170918,20.9304402398],[71.4145534161,20.9288581592],[71.3708194486,20.9174320699],[71.2899908231,20.9069632994],[71.2655843558,20.9005737266],[73.5203071607,16.1623756438],[73.5196063871,16.1839559128],[73.5181769757,16.2427699637],[73.479655615,16.2951029918],[73.4525533365,16.3412943698],[73.4510948398,16.343225523],[73.4220162659,16.3817167096],[73.407893858,16.4126943068],[73.401690721,16.444209237],[73.3881344221,16.4656248652],[73.3794355372,16.4985539574],[73.3617497684,16.5385850035],[73.3620516787,16.5615409639],[73.3730110994,16.5966959803],[73.3808834851,16.6219415764],[73.3799727927,16.6317209473],[73.3743389691,16.6921855176],[73.367897333,16.7495180552],[73.353531039,16.8120220518],[73.3472684623,16.839252869],[73.343651441,16.8554819594],[73.3434556107,16.8779549612],[73.3423859081,16.8911361337],[73.3365274671,16.9632734644],[73.3323139769,17.0151013641],[73.3282273456,17.1036196923],[73.3261541871,17.1484601763],[73.3233437957,17.1536887726],[73.3129781858,17.1729703128],[73.3122859828,17.1742577331],[73.3044003522,17.1889225433],[73.2942680563,17.2089197353],[73.2911382782,17.2246723867],[73.2844896509,17.2442201732],[73.2843893499,17.2445360424],[73.2823849103,17.2508480946],[73.2790754872,17.2612684339],[73.2796613742,17.2617703847],[73.2787097227,17.2778105376],[73.2774321412,17.2791945751],[73.2776394932,17.2852826854],[73.2865828904,17.2963021474],[73.2909265316,17.3016535173],[73.2953354869,17.3093415154],[73.2954245321,17.3096970047],[73.2967758521,17.315091608],[73.2966965357,17.323697697],[73.2918122842,17.330073369],[73.2901457756,17.3322486098],[73.2746336487,17.3407221823],[73.2592201318,17.3540129679],[73.2570655767,17.3558705371],[73.2459444677,17.3734645016],[73.2413629319,17.3839432886],[73.2412761192,17.3930271644],[73.241102336,17.4111948922],[73.2416178756,17.4147614274],[73.2439660526,17.4310051102],[73.2448395783,17.4370472907],[73.2473124356,17.4469262864],[73.2473124379,17.4469262942],[73.253956809,17.4734659908],[73.2666037711,17.5048212434],[73.267344745,17.5066580041],[73.2700211535,17.5132921177],[73.2698897556,17.5271570113],[73.2697536997,17.5414999832],[73.2666225641,17.5562948689],[73.2518796916,17.5862876198],[73.2505363148,17.5984311335],[73.2486030568,17.6159027532],[73.2494091311,17.660020712],[73.25751042,17.6701879981],[73.2597428405,17.6729894913],[73.2601247236,17.683183254],[73.2575227667,17.6838971428],[73.2572213977,17.6839798238],[73.2574180628,17.6843535129],[73.2575232506,17.6844357151],[73.267319753,17.6920910821],[73.2767326344,17.6988676661],[73.2801923341,17.7022449011],[73.2811353175,17.7079907515],[73.2801360549,17.7091397509],[73.2765957021,17.7132104392],[73.2655799969,17.7174166502],[73.2375001006,17.7319884796],[73.2263742302,17.7471880986],[73.2050047988,17.7885896384],[73.202299018,17.8096017625],[73.1885343523,17.8874062548],[73.1618008721,17.9440580392],[73.13797987,17.9945003143],[73.124590306,18.0328267672],[73.1165005922,18.0559730059],[73.11633664,18.0564420333],[73.1135084751,18.0740894924],[73.1125881151,18.0798314308],[73.1116306966,18.0843160086],[73.1094304381,18.0946209902],[73.1066893429,18.102018284],[73.1032521475,18.1112930346],[73.0960933351,18.1260427648],[73.0789022967,18.1435606238],[73.0692975894,18.1530258304],[73.0642548798,18.1605615452],[73.0616708819,18.1644226819],[73.054021938,18.1777311624],[73.0512487851,18.2038140109],[73.051248785,18.2038140164],[73.0512487831,18.2038140275],[73.0487111425,18.2276715205],[73.0487111423,18.2276715315],[73.0456406061,18.2565258856],[73.0331757386,18.2921670465],[73.0306464399,18.2993969595],[73.0063146338,18.3263931152],[72.9861513632,18.3386103293],[72.9810407061,18.3476390031],[72.9743999087,18.3590414029],[72.9730364545,18.3657745208],[72.9848999132,18.3687092826],[72.9853663638,18.3688246547],[73.0341982868,18.3577728685],[73.0626817451,18.355072675],[73.0656761136,18.3579012834],[73.0710398783,18.3576545661],[73.0709814586,18.3629126204],[73.0708665515,18.3703140973],[73.0645190217,18.3788663802],[73.0529240107,18.3944858352],[73.0469791141,18.404736551],[73.0453987486,18.4062002877],[73.0416428061,18.4096788837],[73.0391300943,18.4130624034],[73.0286824233,18.4216804887],[73.0098717707,18.4390947185],[72.9882565873,18.4590981727],[72.9815976685,18.4688688496],[72.9714358557,18.4837765072],[72.9653061749,18.4937493335],[72.9628807793,18.5021949286],[72.9628807758,18.5021949357],[72.9614022317,18.5073429386],[72.9614022317,18.5073429435],[72.9595577387,18.5137645598],[72.9588922813,18.5194610535],[72.9597692957,18.5270201535],[72.9653814527,18.5753833385],[72.9649147431,18.5834084286],[72.9673815421,18.6147123024],[72.9641308781,18.6310661952],[72.9631148043,18.6361771666],[72.9630107644,18.6449014614],[72.9629437793,18.6505159546],[72.9632558843,18.651930508],[72.9652026116,18.660753226],[72.9657984483,18.6634534627],[72.9656927841,18.6723116768],[72.9656616062,18.6749244806],[72.9606714468,18.6857949423],[72.9605333024,18.6947628444],[72.9528327881,18.7072738248],[72.9448640516,18.7202180734],[72.9383593242,18.7343781304],[72.9127065222,18.7804602025],[72.9080842472,18.7890125209],[72.905961598,18.7999660315],[72.9054037275,18.8028444877],[72.9052320906,18.8167045637],[72.9053463266,18.8195538297],[72.9072098821,18.8238272975],[72.9208144784,18.8550188449],[72.9407426458,18.8678754299],[72.9699287076,18.867729515],[73.0073387854,18.8499340117],[73.0184708479,18.8424612389],[73.0263109153,18.8525836352],[73.0253944925,18.8640942894],[73.0256501331,18.8643871618],[73.0289242496,18.8849770077],[73.0275334518,18.9179459682],[73.0268723686,18.9183928723],[73.0219639666,18.9217108831],[73.0194130447,18.9229353292],[73.0083243241,18.9282572776],[72.9962304097,18.9314731701],[72.9811455027,18.9327436523],[72.9604892484,18.937775768],[72.9556954073,18.9415950802],[72.9555956449,18.9479365998],[72.9555900212,18.9482939388],[72.960771854,18.9640890317],[72.9679987824,18.9702008187],[72.9921338322,18.986013453],[73.0077163064,19.0127362147],[73.0080231522,19.0139419769],[73.0191864218,19.0292356613],[73.0198223941,19.0303958421],[73.3064571089,18.5402525362],[73.298098817,18.5496379565],[73.3064571105,18.5402525335],[73.3224008883,18.5315706928],[73.3064571106,18.5402525343],[73.3064571103,18.5402525346],[73.2786248495,18.7159384846],[73.2786248499,18.7159384863],[73.2786248578,18.7159384948],[73.3761189541,18.8047801002],[73.3761189545,18.8047801004],[73.3761189548,18.8047801008],[73.3366164877,19.3097430768],[73.4248510135,18.8888969926]],[[73.5176474519,19.0380863333],[73.5123675407,19.0247814528],[73.5176474522,19.0380863328],[73.5761562731,19.1042888744],[73.6024102481,19.1250453926],[73.5761562733,19.1042888749],[73.5176474519,19.0380863333]],[[73.5946564343,19.2130820319],[73.5946564346,19.2130820313],[73.6157696434,19.2161114858],[73.6257795948,19.2228805939],[73.667169078,19.2656130489],[73.625779595,19.2228805947],[73.6157696441,19.2161114864],[73.5946564343,19.2130820319]],[[73.6642381781,19.6877151042],[73.6757011941,19.7387812769],[73.675456563,19.7684220616],[73.6751068033,19.7753434989],[73.6754565626,19.768422062],[73.6757011936,19.7387812777],[73.6642381781,19.6877151042]],[[73.4581004575,19.9532311292],[73.4669023311,19.9245189855],[73.466902332,19.9245189861],[73.4581004575,19.9532311292]],[[73.5517035049,20.0485736468],[73.4928963469,20.0614679376],[73.4361330348,20.0714918871],[73.4336587682,20.0718158569],[73.4361330358,20.0714918866],[73.4928963467,20.0614679375],[73.5517035049,20.0485736468]],[[72.6237481159,22.7098617961],[72.6684494421,22.7252892731],[72.6196753466,22.7292874009],[72.6237481159,22.7098617961]],[[72.6684494421,22.7252892731],[72.6907077072,22.7418251704],[72.6684494425,22.7252892738],[72.6684494421,22.7252892731]],[[72.5998412266,22.8238888243],[72.923726571,22.8645549913],[72.9800776548,22.9750403564],[72.5726822742,22.9534269916],[72.5998412266,22.8238888243]],[[72.923726571,22.8645549913],[72.9535000419,22.8825737891],[72.95577515,22.8892033105],[72.9535000422,22.8825737903],[72.923726571,22.8645549913]],[[72.9800776548,22.9750403564],[72.9815929652,22.9703735574],[72.9815929654,22.970373558],[72.9803619229,22.9741649068],[72.9800776548,22.9750403564]],[[72.0682431077,23.4481548837],[72.0795335229,23.4738926247],[72.0851621601,23.484122332],[72.0855074085,23.4847497505],[72.0859841719,23.4845648643],[72.3484072969,24.023135761],[72.2948489975,24.0479892304],[72.2512006739,24.0462560469],[72.2239678826,24.0283271634],[72.2183834454,24.0246494578],[72.1574634548,23.9576266603],[72.0955030525,23.8934295745],[72.0271588033,23.8386393839],[71.9632823443,23.8173372345],[71.9368009587,23.8026027851],[71.9294689317,23.798521863],[71.9257912088,23.7783933346],[71.9303438266,23.7612937139],[71.9370136763,23.7423257962],[71.9375272228,23.7203704443],[71.9427889793,23.6782145717],[71.9433027795,23.6561395952],[71.9529098255,23.6330498086],[71.9739209241,23.6209263856],[72.0039254095,23.6119583519],[72.0209093323,23.6057193091],[72.0479647463,23.5835528679],[72.0603623656,23.5503592321],[72.0851621586,23.4841223313],[72.0795335216,23.473892625],[72.0682431077,23.4481548837]],[[72.3484072969,24.023135761],[72.5445795491,23.0874666064],[72.5532683821,23.0943977186],[72.5711827221,23.1319362346],[72.5871028119,23.1515283315],[72.6186128762,23.166339636],[72.6317973571,23.1658219345],[72.6606028661,23.1583700055],[72.6748459952,23.1413823883],[72.6940637418,23.1051174074],[72.7050529604,23.0966782002],[72.7268224372,23.0919768963],[72.7578125004,23.09170357],[72.7814111436,23.0698209341],[72.7981039752,23.0435382326],[72.8279032497,23.020300422],[72.8650938532,23.018656597],[72.9092512961,23.017096166],[72.956073795,23.0202163913],[72.9880776819,23.0550291061],[73.0094015414,23.0796677254],[73.0087464579,23.1240961285],[72.9952900344,23.1580199916],[72.9878106258,23.1768668931],[72.9744806851,23.2383322448],[72.950802284,23.2652593694],[72.919312631,23.2949455312],[72.9049007023,23.3234204713],[72.8949574658,23.3634204442],[72.8969300225,23.4351131836],[72.9182458858,23.4626322457],[72.9427445469,23.4858908643],[72.9318542166,23.586079383],[72.8865938337,23.6929660053],[72.8695419331,23.7844603893],[72.8630086828,23.8030021695],[72.8470807535,23.8242790351],[72.7934447726,23.8636496678],[72.7472956693,23.9188739834],[72.7087334105,23.9381882673],[72.6638249778,23.949931647],[72.6119686222,23.9434014253],[72.5633081041,23.9330833503],[72.5186298538,23.9323679164],[72.4829705149,23.9489830429],[72.4209611297,23.9832985868],[72.3770388036,23.9959268584],[72.3484072969,24.023135761]],[[73.7365370766,22.9950192603],[73.9046761764,23.1696753062],[73.691958932,23.2465984753],[73.7365370766,22.9950192603]],[[73.9046761764,23.1696753062],[73.8912888321,23.1544104991],[73.9056285442,23.170761065],[73.9046761764,23.1696753062]],[[71.5837792043,21.4860193936],[71.774054753,21.5124495565],[71.580522777,21.4915878608],[71.5837792043,21.4860193936]],[[71.774054753,21.5124495565],[71.7885478897,21.4983942522],[71.8214538842,21.4704399186],[71.7885478902,21.4983942525],[71.774054753,21.5124495565]],[[70.6024117442,22.053932718],[70.6195407752,22.0550583137],[70.6023143906,22.054582332],[70.6024117442,22.053932718]],[[70.6195407752,22.0550583137],[70.6175003264,22.053631967],[70.6195407753,22.0550583137],[70.6195407752,22.0550583137]],[[70.6195407753,22.0550583137],[70.6195407754,22.0550583137],[70.6195407754,22.0550583138],[70.6195407753,22.0550583137]],[[70.4377396994,22.0431116658],[70.4276963601,22.0497574665],[70.4268921404,22.0497352451],[70.4262493726,22.0507149558],[70.4262493706,22.0507149556],[70.4262493722,22.0507149546],[70.4268921393,22.0497352451],[70.4102444932,22.0492752545],[70.349477977,22.0438090692],[70.1926494202,22.0297017287],[70.3438159196,22.0369396764],[70.301116511,22.0322128168],[70.3438159198,22.0369396759],[70.3438159202,22.0369396764],[70.431506464,22.0427020628],[70.4649724371,21.9916930197],[70.4741175448,21.9614179954],[70.4749034864,21.9366355654],[70.4773911029,21.9326640843],[70.477391104,21.9326640844],[70.4749034873,21.9366355661],[70.4741175457,21.9614179967],[70.4649724376,21.9916930201],[70.431506465,22.0427020629],[70.4377396994,22.0431116658]],[[70.1926494202,22.0297017287],[70.1817316612,22.019843106],[70.1817316613,22.0198431054],[70.1926494196,22.0297017275],[70.2212953473,22.0295880173],[70.2764221713,22.0303741849],[70.2212953472,22.0295880178],[70.1926494202,22.0297017287]],[[70.5999581095,22.0703051492],[70.6179504638,22.0719510155],[70.5946946398,22.1054268383],[70.5999581095,22.0703051492]],[[70.6179504638,22.0719510155],[70.6164937872,22.0874170769],[70.6143465856,22.0924623198],[70.6164937866,22.0874170762],[70.6179504638,22.0719510155]],[[71.5451988688,21.5519914905],[71.5466991473,21.5574263922],[71.5860071984,21.595241912],[71.5888886604,21.6084318029],[71.5864354214,21.6168206516],[71.5888886597,21.608431804],[71.586007198,21.595241912],[71.5466991472,21.5574263927],[71.5466991471,21.5574263922],[71.5451988687,21.5519914907],[71.5451988688,21.5519914905]],[[71.5466991471,21.5574263922],[71.5419107693,21.5576141171],[71.5420568255,21.557364362],[71.5466991471,21.5574263922]],[[70.6017563911,22.6543547376],[70.6017563844,22.6543547407],[70.6332482552,22.6337498979],[70.6681204014,22.5869898055],[70.7262463606,22.4931289561],[70.7469219177,22.4619132042],[70.7262463614,22.4931289558],[70.6681204028,22.5869898063],[70.6332482566,22.6337498981],[70.6017563911,22.6543547376]],[[70.6017563844,22.6543547407],[70.6017563853,22.6543547413],[70.6017563852,22.6543547414],[70.5670941766,22.6533978661],[70.5599290407,22.6365032038],[70.5670941764,22.6533978654],[70.6017563844,22.6543547407]],[[70.4054746902,21.5150731056],[70.4054746906,21.5150731044],[70.4054746906,21.5150731046],[70.4054746902,21.5150731056]],[[70.4041860921,21.5017061819],[70.404033934,21.5001278169],[70.4040339345,21.5001278172],[70.4041860921,21.5017061819]],[[70.3355236949,21.4784849031],[70.3416274061,21.4793175296],[70.3703236297,21.4806888138],[70.3416274052,21.4793175298],[70.3355236949,21.4784849031]],[[70.2878403091,21.4485953591],[70.2925816892,21.4522157511],[70.2878403087,21.448595359],[70.2878403091,21.4485953591]],[[70.5122480046,21.457325744],[70.5066013855,21.454753294],[70.5122480037,21.4573257432],[70.5122480046,21.457325744]],[[70.567397446,21.4353590309],[70.5673974463,21.4353590298],[70.5673974491,21.4353590252],[70.5673974477,21.435359031],[70.567397446,21.4353590309]],[[70.5505619132,21.2507695381],[70.5505619134,21.2507695376],[70.5505619135,21.2507695376],[70.5505619132,21.2507695381]],[[74.9981114748,15.3583592514],[74.9981114748,15.3583592515],[74.998048153,15.3584944231],[74.9981114748,15.3583592514]],[[74.9833138554,15.4368188151],[74.9833138548,15.4368188182],[74.983984335,15.4215625541],[74.9833138554,15.4368188151]],[[74.6833110889,15.5428618057],[74.6833110881,15.5428618057],[74.6833110887,15.5428618056],[74.6833110889,15.5428618057]],[[74.4749730668,15.5797787932],[74.4749730673,15.5797787925],[74.479806501,15.5771910217],[74.4749730668,15.5797787932]],[[74.5775518681,15.6192280568],[74.5775518682,15.6192280568],[74.5775518683,15.6192280569],[74.5762777364,15.6194155063],[74.5775518681,15.6192280568]],[[74.4224481753,15.6542753389],[74.4097996451,15.6629782495],[74.4224481751,15.6542753389],[74.4472345175,15.6170251309],[74.4493486553,15.6145168074],[74.4472345183,15.6170251301],[74.4224481753,15.6542753389]],[[74.0696174398,16.2548950759],[74.0696176101,16.2548951555],[74.0677734962,16.2569543986],[74.0568799908,16.2569061843],[74.0450054524,16.2549397028],[74.045005452,16.2549397023],[74.0568799913,16.256906183],[74.0677734967,16.2569543974],[74.0696174398,16.2548950759]],[[73.9989591762,16.351181684],[73.9997110927,16.3500148528],[74.031429918,16.3237684775],[73.9997110927,16.350014853],[73.9989591762,16.351181684]],[[73.9962154102,16.6481404277],[73.9962187866,16.6481496419],[73.9899200698,16.6309624281],[73.9962154102,16.6481404277]],[[73.4284175117,18.8718861142],[73.4284175117,18.8718861141],[73.4357031715,18.8760496205],[73.4626684649,18.8804593952],[73.4638910249,18.8861300547],[73.4626684648,18.8804593954],[73.4357031715,18.8760496206],[73.4284175117,18.8718861142]],[[71.8708524028,21.4378717126],[71.8518730292,21.4460663609],[71.8708524025,21.4378717124],[71.8796676115,21.4323649838],[71.8708524028,21.4378717126]],[[71.8885560643,21.6244616319],[71.8885560667,21.6244616318],[71.8885560652,21.6244616327],[71.8403543779,21.6390727536],[71.8300743159,21.6377332278],[71.8403543767,21.6390727533],[71.8885560643,21.6244616319]],[[72.6665183107,22.5058637715],[72.7244499741,22.5161253925],[72.7470719328,22.5164436302],[72.759692935,22.5136985798],[72.7470719327,22.5164436304],[72.7244499737,22.5161253927],[72.7244499687,22.5161253926],[72.6640602052,22.5175880262],[72.6665183107,22.5058637715]],[[71.9924883404,22.3864706845],[72.0272851684,22.4278984141],[71.9924883399,22.3864706844],[71.8751752834,22.3276553175],[71.7882350058,22.2852979073],[71.8751752848,22.3276553173],[71.9924883404,22.3864706845]],[[72.105808896,22.5311088129],[72.1155831813,22.5789236781],[72.1058088947,22.5311088126],[72.0757836057,22.4882529193],[72.105808896,22.5311088129]],[[72.1518301985,22.7676377724],[72.1441655522,22.7897689205],[72.1518301983,22.7676377725],[72.1622514775,22.7119416463],[72.1520271798,22.6881466511],[72.1622514788,22.7119416462],[72.1518301985,22.7676377724]],[[72.1074775971,22.9287466961],[72.0902918675,22.9728484811],[72.0752752004,23.0234347871],[72.071673909,23.071552294],[72.0752751999,23.0234347871],[72.0902918675,22.9728484802],[72.1074775969,22.928746695],[72.1168267011,22.8860610302],[72.1074775971,22.9287466961]],[[72.0756339084,23.3629986095],[72.0756339075,23.3629986159],[72.075633908,23.3629986099],[72.0684727752,23.2296224316],[72.0686598897,23.1468764575],[72.0684727761,23.2296224327],[72.0756339084,23.3629986095]],[[73.3796473566,22.6242967312],[73.3796473571,22.6242967617],[73.3784350886,22.6242845103],[73.3796473566,22.6242967312]],[[71.462073969,21.4691139677],[71.4731459034,21.5005546335],[71.1362630783,21.5012074152],[71.1399337354,21.4563266794],[71.13701364,21.4486241984],[71.462073969,21.4691139677]],[[70.7215045327,21.3229555499],[70.7215045312,21.3229555516],[70.7215045316,21.3229555493],[70.7215045196,21.3229555252],[70.7215045327,21.3229555499]],[[70.4850100141,21.9216721334],[70.4850100136,21.9216721334],[70.4907400874,21.9143659923],[70.4850100141,21.9216721334]],[[70.3526725347,22.0476844854],[70.3697404276,22.0577081271],[70.3789716735,22.0602344241],[70.369740428,22.0577081277],[70.3526725344,22.0476844854],[70.3526725343,22.0476844852],[70.3526725347,22.0476844854]],[[70.4210806947,22.0539421816],[70.4210806967,22.0539421817],[70.4116279141,22.0598443249],[70.3969828255,22.0631960851],[70.411627913,22.0598443242],[70.4210806947,22.0539421816]],[[70.5826845537,22.1855668472],[70.6073049095,22.357542723],[70.6073049094,22.3575427232],[70.5442234282,22.442207384],[70.5826845537,22.1855668472]],[[70.5881749834,22.1489307163],[70.5881749835,22.1489307155],[70.5951597791,22.1479056201],[70.6044588042,22.1452945782],[70.6183124251,22.1609340348],[70.6202182151,22.1651593905],[70.6183124249,22.1609340348],[70.6044588041,22.1452945793],[70.5951597803,22.1479056209],[70.5881749834,22.1489307163]],[[70.5376434628,22.451038669],[70.5376434626,22.451038671],[70.5175227678,22.492734807],[70.5376434628,22.451038669]],[[70.5438415426,22.444755602],[70.5462089623,22.4423557206],[70.5438415426,22.4447556022],[70.5438415426,22.444755602]],[[70.5231227061,22.5830067128],[70.5524028617,22.59097697],[70.5545382112,22.5966306438],[70.5524028614,22.5909769707],[70.5231227058,22.5830067135],[70.5090096374,22.5826120255],[70.5041100978,22.5753196793],[70.4907358115,22.55228686],[70.490735812,22.552286859],[70.504110098,22.5753196785],[70.5090096371,22.5826120248],[70.5231227061,22.5830067128]],[[70.5163037917,21.8881619933],[70.5007738296,21.8944157672],[70.4966681145,21.9034720619],[70.5007738295,21.8944157671],[70.5163037907,21.8881619932],[70.5163037917,21.8881619933]],[[70.1620661081,21.8456895638],[70.1922240701,21.8840866323],[70.162066108,21.8456895647],[70.1620661081,21.8456895638]],[[70.2050326047,21.7529916477],[70.2171489314,21.7392720551],[70.2337476698,21.7276329133],[70.2171489316,21.7392720555],[70.2050326047,21.7529916477]],[[70.2830975241,21.7060476856],[70.2834488258,21.6964821235],[70.2830975243,21.7060476855],[70.2830975241,21.7060476856]],[[71.5753948937,21.5003565045],[71.5802548286,21.4920460507],[71.6124660354,21.5002846713],[71.5753948937,21.5003565045]],[[71.5769632191,21.4912041598],[71.5769632192,21.4912041597],[71.5791915163,21.4914343027],[71.5769632191,21.4912041598]],[[71.4703906919,21.5564067663],[71.4700033436,21.5604331958],[71.1230076323,21.574036912],[71.1257495598,21.5681648847],[71.1285384225,21.5518389707],[71.4703906919,21.5564067663]],[[70.8010626031,21.5474632717],[70.7994402448,21.5593836852],[70.8010626024,21.5474632715],[70.8050463805,21.5230141208],[70.8018306308,21.542750772],[70.8010626031,21.5474632717]],[[70.8893235096,21.5286694683],[70.8893235091,21.5286694682],[70.8794956304,21.5212898226],[70.8893235096,21.5286694683]],[[70.808494378,21.5018425363],[70.8084943779,21.5018425363],[70.8084943775,21.5018425365],[70.8084943776,21.5018425363],[70.8102138542,21.5010912665],[70.808494378,21.5018425363]],[[71.4308100439,21.7475955603],[71.6101030394,21.7926979183],[71.6101030396,21.7926979177],[71.6258982889,21.745869544],[71.6411129783,21.7234982912],[71.6737652268,21.6925229321],[71.695878539,21.6750585506],[71.6958851875,21.6750565548],[71.6958785388,21.675058551],[71.6737652272,21.6925229325],[71.6411129793,21.7234982919],[71.6258982902,21.7458695441],[71.6101030407,21.7926979186],[71.5852233414,21.8559332507],[71.5779839962,21.8799834116],[71.5852233404,21.8559332533],[71.5392973461,21.9726607693],[71.5392973463,21.9726607693],[71.5476977953,21.9692569536],[71.5731090761,21.8950576935],[71.5476977955,21.9692569549],[71.5392973456,21.9726607706],[71.5381751238,21.9728455915],[71.5576701346,21.9897181956],[71.5576701347,21.9897181958],[71.538175123,21.9728455913],[71.5103879798,21.9774192606],[71.5392973397,21.9726607704],[71.3040209805,21.9644039491],[71.4308100439,21.7475955603]],[[71.3162354492,21.718773551],[71.3132294623,21.7210680686],[71.2811061909,21.7384888458],[71.2585641496,21.7408444014],[71.2239665597,21.7352844433],[71.1769567952,21.6969733686],[71.1625836094,21.680121398],[71.3162354492,21.718773551]],[[70.792797121,21.5863815959],[70.7942540781,21.5812754201],[70.7927971213,21.5863815955],[70.792797121,21.5863815959]],[[71.215085432,22.0872152912],[71.2116042333,22.0955913841],[71.2055055896,22.1102621724],[71.215085432,22.0872152912]],[[71.2288083628,22.0930169858],[71.545904883,22.2270770647],[71.5431573867,22.2071283866],[71.5444521632,22.18567095],[71.5471605391,22.1692565825],[71.5584947841,22.1458627734],[71.5698074757,22.1231834584],[71.5779916727,22.102585934],[71.5838517096,22.0826553088],[71.580976663,22.0424883673],[71.573781888,22.0168461724],[71.580976664,22.0424883671],[71.5838517106,22.08265531],[71.5779916726,22.1025859346],[71.5698074757,22.1231834588],[71.5584947843,22.1458627732],[71.5471605396,22.1692565818],[71.5444521641,22.1856709505],[71.5431573873,22.2071283876],[71.5459048845,22.2270770653],[71.5618701376,22.2271183669],[71.5459048831,22.2270770655],[71.5459048831,22.2270770653],[71.1520619174,22.2242528568],[71.2288083628,22.0930169858]],[[70.6840843366,22.2208970363],[70.6840843363,22.2208970373],[70.6793226791,22.2162028391],[70.6840843366,22.2208970363]],[[71.143176922,22.2394461352],[71.7440032382,22.2637218197],[71.1380159965,22.2482712807],[71.143176922,22.2394461352]],[[70.8301638242,22.3345455871],[70.8300982845,22.3346762493],[70.8301638233,22.3345455869],[70.8301638242,22.3345455871]],[[70.8093555313,22.3760297229],[70.8093555309,22.3760297237],[70.7951424616,22.385791464],[70.8093555313,22.3760297229]],[[70.8573876861,22.4360221522],[70.8582148546,22.4341321362],[70.8582148552,22.4341321356],[70.8573876861,22.4360221522]],[[70.76321288,22.770894652],[70.7632128802,22.7708946521],[70.76321288,22.7708946528],[70.76321288,22.770894652]],[[70.7267889191,22.9514666327],[70.7245176374,22.922292893],[70.7294032495,22.8932975759],[70.7245176379,22.9222928922],[70.7267889191,22.9514666327]],[[71.7144723196,21.6694758828],[71.7145249143,21.6694600905],[71.7306304606,21.6632123893],[71.7420442383,21.6383664339],[71.8027911087,21.6341749815],[71.7420442384,21.6383664347],[71.7306304609,21.6632123906],[71.7145249144,21.6694600915],[71.7144723196,21.6694758828]]]}},{"type":"Feature","properties":{"state_name":"Central India Agency","id":6},"geometry":{"type":"Polygon","coordinates":[[[74.52597736187592,21.594248685893717],[74.481171108663,21.61562905080694],[74.44145150114011,21.64059987384775],[74.42979110292984,21.680002077005376],[74.43093835925133,21.713471649557313],[74.4666762060824,21.73390895520174],[74.4896302916466,21.754299737070212],[74.4972109105163,21.78181255436525],[74.4907451473956,21.800915902803627],[74.46247337777102,21.83190123705828],[74.44702510250414,21.854558660909785],[74.42642133370732,21.88436766509564],[74.4135621985676,21.897469256975462],[74.39947502849292,21.897418468863314],[74.38161295548281,21.881815181580375],[74.36123657216989,21.856638945786347],[74.32294665045156,21.831387731393164],[74.26806928166052,21.798884220280005],[74.2144248762525,21.779515455923327],[74.16839581828657,21.773314620041635],[74.109429522742,21.790934455658203],[74.07339286894765,21.823004405688316],[74.05268639103441,21.857544896196384],[74.04082920465581,21.907670349699597],[74.0508286711958,21.94477618954016],[74.06080936844516,21.985466565397402],[74.10419497410979,22.014391435706738],[74.11052097179005,22.02757191052489],[74.11808552066933,22.047929377312197],[74.11276396454238,22.078972901929966],[74.09198895117092,22.119491507345487],[74.08025202722429,22.149302566006174],[74.08906250673087,22.1756434989885],[74.11848364356787,22.190146160611867],[74.14538044237536,22.198655037553657],[74.18378957461512,22.21438817132774],[74.19236266538167,22.28613565368028],[74.18696339420737,22.331521321678547],[74.17524810030704,22.357753476889762],[74.15204302654604,22.370779206821187],[74.13401060125612,22.37785401406373],[74.11602170994598,22.377756737948086],[74.06722708448744,22.372702679579355],[74.03637430693288,22.37491196071596],[74.01956229722335,22.390346223813584],[74.0104066094437,22.41299573100356],[74.01277423338624,22.44169047770178],[74.04337960264189,22.477725154107272],[74.0702540606562,22.497002625590564],[74.08568609130506,22.497090930525932],[74.12812456550539,22.49732615053214],[74.21802640605746,22.519298359187722],[74.31821485808622,22.548435247565937],[74.36982810721976,22.585291343958467],[74.37207730368925,22.586896640183987],[74.40021883797324,22.62644131170405],[74.41277155378269,22.701776413903424],[74.40343932041546,22.774639682319698],[74.36982930605483,22.79721615303189],[74.34265378250622,22.8198119430208],[74.31156532323536,22.849556080569034],[74.31380778572341,22.916486298738487],[74.32703301899572,22.974602084602925],[74.36525593334558,22.969979720130617],[74.41997434184252,22.970189339361358],[74.48079667855764,22.99430059026911],[74.56223870656515,23.03661146471202],[74.6013476062577,23.085471780000134],[74.60744761218854,23.11990355196096],[74.6032204065006,23.151441286305598],[74.58867366614086,23.1753041112572],[74.55137247358458,23.198146229080077],[74.51708268936918,23.24297632620964],[74.50557592248151,23.277356016914105],[74.50443141110944,23.306987835661698],[74.50739201356225,23.346192251422295],[74.52492116579198,23.3663219092731],[74.63663754855837,23.409640369159327],[74.68934045159133,23.463288861456547],[74.70901900164438,23.468106694982016],[74.74216589373718,23.475812837104282],[74.7773847468653,23.48638285855931],[74.81157002212794,23.498855651236404],[74.83539479817763,23.516120046498738],[74.84989104060388,23.5266206192779],[74.87577709777551,23.562014464262685],[74.95872680322387,23.607945183040357],[74.98569724532271,23.62898126948797],[75.00644932478579,23.63949740315262],[75.02616564470739,23.64331918398411],[75.05418211934173,23.6404440367835],[75.09567840250266,23.626084534696968],[75.12367619402067,23.60885737579476],[75.14959642897303,23.595451037900265],[75.1682631359946,23.59160807099416],[75.19626823864714,23.590619245664257],[75.20561707730425,23.599210838001824],[75.21291085574185,23.619276232290556],[75.21227204789767,23.622915401263246],[75.20468372868785,23.666129301281252],[75.18294447099943,23.706306586441848],[75.18714358768457,23.738803867278033],[75.201971460752,23.753096326481366],[75.20794425638263,23.75885215565008],[75.21523645402536,23.772225379995916],[75.21221816202322,23.8324537259219],[75.21123319627382,23.865912748993036],[75.23311984210405,23.898382735039558],[75.2726687736974,23.917436179964653],[75.32675320910731,23.922110332221557],[75.37975665238412,23.911473452256445],[75.43995795742266,23.879767853062614],[75.45461842973529,23.799087536053367],[75.4577710523756,23.786992344642908],[75.4684534167816,23.74599228379938],[75.4979570522152,23.721523898352135],[75.53840821824599,23.71135117585026],[75.58822787843485,23.70830204800779],[75.59534191029599,23.706401020607778],[75.61000230572283,23.702482237658757],[75.61206474152686,23.70014064699188],[75.62394166418436,23.68665402178522],[75.63627233554035,23.66079402781916],[75.66717985035848,23.61621379939311],[75.69359591663569,23.608928606209453],[75.71691269672498,23.60452105721781],[75.74020368006009,23.59580854285588],[75.77872762867369,23.53252993251656],[75.80342618625546,23.502293086068686],[75.82354841583795,23.487849301303758],[75.86391962945659,23.48046143234185],[75.94326656648363,23.49003838818472],[76.00853386546714,23.486762022721315],[76.06435548002516,23.469185133352628],[76.10588933319195,23.417279386190426],[76.14889474906046,23.359617269364954],[76.1390760125319,23.30090297130607],[76.12804127734687,23.280909303196555],[76.08280138336248,23.25255129883992],[76.0515539456051,23.225520447716573],[76.0403390112114,23.179711497729038],[76.03692815698919,23.139585631356898],[76.0752539973967,23.08484195106366],[76.10889029526801,23.028688625396356],[76.12241702686396,22.97840781314168],[76.13670623433508,22.83491783249195],[76.14059530800236,22.74455431024347],[76.15565403908892,22.66071254763605],[76.15684081388808,22.654101160310383],[76.16592700395246,22.64381866208693],[76.19508939772835,22.610803250718696],[76.24413389585884,22.568847547258287],[76.2995232238737,22.548334914625997],[76.3596656066795,22.542102288470918],[76.38659724852982,22.546035800799928],[76.43006537531853,22.569212462959715],[76.45266717958614,22.589800010897562],[76.4776838271016,22.618964577920377],[76.4904088764059,22.653257689080913],[76.49069544803201,22.67977993634394],[76.48116226626406,22.727183069635743],[76.4616355834447,22.780412603213133],[76.41176821386755,22.892696952696546],[76.38866092445983,22.978927258301628],[76.39386555186847,23.03336462828586],[76.41744531455613,23.066131284833567],[76.44165100177331,23.083833950052213],[76.47822924818627,23.098549777866157],[76.4891243388709,23.102748485101156],[76.50469132846874,23.103176660091645],[76.50850365313364,23.103281284321792],[76.53866549140287,23.097972195488406],[76.57263171516541,23.086884906620156],[76.59587361391668,23.086651707945343],[76.61920968407091,23.094299181163166],[76.63013413491493,23.100638126125897],[76.64803298396338,23.106903569880078],[76.67129519996614,23.108092505712346],[76.70293592268551,23.097718955154583],[76.73680331789323,23.08014685983508],[76.75448955866554,23.06991629846525],[76.76687320490855,23.069061491929826],[76.77703657583588,23.07611533745121],[76.79816017874337,23.091645363218962],[76.814620778861,23.105792437838854],[76.84871063630688,23.162020689285054],[76.8608518312252,23.199148810066447],[76.86564456489201,23.265032725954658],[76.86912726081866,23.292227478803643],[76.88413991305345,23.311399674638494],[76.93830016113117,23.353742185698653],[77.01555103241395,23.431602129966624],[77.03507769205729,23.48939969995751],[77.03519141179173,23.496803863072106],[77.03531986094974,23.505163392994195],[77.021936664447,23.544754996875824],[76.98934778176422,23.54875872841242],[76.95582004813252,23.542017113138076],[76.9346673200562,23.530814445267815],[76.89018426340428,23.518460338625847],[76.8692224541809,23.520146926752076],[76.8437068595754,23.529768742366137],[76.82683617829069,23.54645257612068],[76.79979636421506,23.558952418921976],[76.77890334167625,23.566360342591743],[76.77794058526256,23.56617020091586],[76.76175182095498,23.56297197610505],[76.74684800934547,23.553105659184485],[76.71563184779994,23.544135343870135],[76.69546701946778,23.54794030192517],[76.67397310393419,23.56967626997162],[76.67182213660244,23.584034817187103],[76.67053020059377,23.604835002277014],[76.65757055294324,23.625760256996227],[76.64673456965502,23.630176294197994],[76.61173016215523,23.630543985686202],[76.56418497751484,23.623146049938324],[76.46444916865143,23.609066438005406],[76.4277985608651,23.600806016480206],[76.41798283984195,23.598097041579592],[76.38255187566402,23.58831250247339],[76.33122197482369,23.588760907380024],[76.30410027679822,23.599026885510046],[76.27705055634092,23.61717305749928],[76.26467092702327,23.632978025080366],[76.25783525460454,23.641703086755022],[76.25106440239658,23.666130925071734],[76.25083930713552,23.724197689984525],[76.24417945862356,23.760810672270846],[76.23317077949679,23.779508505101933],[76.22424644986741,23.79466182508742],[76.17264630688685,23.861013101102646],[76.13415717567369,23.91649920203012],[76.12788758001031,24.00256725407353],[76.12344264969795,24.029840001881585],[76.11501881029422,24.04853950692804],[76.09333355386293,24.068767610617886],[76.07864468077325,24.086076201524538],[76.07096796202069,24.101900784395674],[76.05788741739946,24.12564782773568],[76.04109386976047,24.17379191623525],[76.03578085858983,24.193182877978508],[76.02343802097289,24.213337892329765],[76.00790817028278,24.22634465842869],[75.99002440600685,24.23864838706735],[75.96892848196052,24.240217857198175],[75.94778414637257,24.23533305297399],[75.9248967524513,24.205365891331667],[75.92142046518772,24.156640454748203],[75.9262647844718,24.06987035327315],[75.91048852247609,24.04702512182492],[75.88612315345928,24.022794223113205],[75.86720983107583,23.995660883213922],[75.82906560561825,24.020036956089154],[75.79050885768137,24.096230848801504],[75.7706777402984,24.1751892582292],[75.79765526759024,24.241002880354763],[75.83556505357163,24.299582231438038],[75.87646252610276,24.332327044615578],[75.94555156662432,24.364887005600885],[76.00504465836744,24.367371591942952],[76.04400546857624,24.347037121961172],[76.08578958240635,24.29226517198026],[76.11185472258563,24.231863387097224],[76.13347460496539,24.201597268075975],[76.16141250312415,24.179882171151387],[76.1946367232078,24.152351467426826],[76.20857604586175,24.139338958142638],[76.25384953554271,24.13610654978561],[76.33223394037968,24.162680863860103],[76.33872708039543,24.164157783886324],[76.42935233911274,24.18473846452817],[76.47474809836712,24.191473635704796],[76.56388398592519,24.196318900187286],[76.61056312053373,24.180064516513703],[76.63504960874745,24.139667022081237],[76.65156752346735,24.087884696696207],[76.66717289671975,24.0700618861073],[76.67310803901509,24.063281749085025],[76.69791238318335,24.050107470384607],[76.74775742022779,24.04237927389003],[76.77163821564586,24.076506528311302],[76.8398345204225,24.09116467844395],[76.92622663610594,24.091055892763393],[76.99156611125396,24.07588565456809],[77.02337195219887,24.046802767312837],[77.06106843805625,23.99661374808174],[77.08154573202967,23.940315615438944],[77.08795810761234,23.92267664824804],[77.11218479026397,23.878392855739545],[77.13675618054472,23.85607739631973],[77.1573075897965,23.842414096830122],[77.17384428932755,23.837404229705985],[77.19615431299903,23.826358068802552],[77.20165707071786,23.823632778168662],[77.21487973419447,23.822487856652085],[77.28367737756933,23.77753407895594],[77.36804075330822,23.735180745573356],[77.38545246835405,23.72249290122215],[77.39345527728082,23.706127639416106],[77.39414396089364,23.68700922139693],[77.39681954294343,23.663083087401336],[77.3951215867992,23.626804426915353],[77.37601372567579,23.602257846392522],[77.36440690468899,23.590970162869997],[77.35268287385477,23.572995303647524],[77.34617913188305,23.49857035964815],[77.3664661519276,23.47437781817242],[77.38182668055762,23.46458964015744],[77.40551918283762,23.457537998106346],[77.42950610681629,23.46672004029271],[77.46940099133296,23.495709694701173],[77.51009507123928,23.5113000369782],[77.54634239954102,23.51071124585998],[77.58739324572963,23.490928000086114],[77.61943455490577,23.487526494429424],[77.67246880503106,23.498088761645743],[77.69518945712082,23.494831346345364],[77.71452877936066,23.478256224907664],[77.73667306692963,23.447301261657902],[77.76175291578055,23.408650113748156],[77.77379032222645,23.390287534135556],[77.80225336310806,23.36589942503001],[77.82498694757155,23.364535143322076],[77.84796458156315,23.374625325233307],[77.85966991682892,23.389694404809763],[77.86221115406053,23.411616807695086],[77.85854514781073,23.433652916408374],[77.85489887784068,23.456643797769555],[77.85224581309383,23.477706120769792],[77.85760659681915,23.486204375507047],[77.87733670187512,23.488706569990665],[77.91020978095018,23.4766340719111],[77.93084703474767,23.473381803751096],[77.94755543082715,23.479752395157593],[77.95423398501103,23.500638282532115],[77.94266111334801,23.539062041473596],[77.94325679297441,23.565793856509803],[77.94987657643021,23.583815267147436],[77.96044930413588,23.593164973831374],[77.97300929902727,23.59865540418821],[77.9946986374529,23.595373081137705],[78.03075656095591,23.586077532619825],[78.06074946099615,23.583578934792705],[78.08053971578029,23.58796258461478],[78.10388803700206,23.611372647621366],[78.12841705311114,23.640484540135052],[78.16647535819985,23.671225288124273],[78.19727227122885,23.701150390318954],[78.22969606583837,23.708525763057732],[78.27112727949199,23.70646101888494],[78.29502425404989,23.677307128591043],[78.30870126575469,23.654337041999177],[78.30792090692307,23.623320240473138],[78.3059970880149,23.598295692689707],[78.34416548647037,23.571219037843555],[78.36724741699311,23.562365294852356],[78.39938347496506,23.55331052265287],[78.43046838649262,23.55382069778182],[78.46044644612387,23.561510110227733],[78.48051618023962,23.58612418586301],[78.50813740258899,23.60221020821672],[78.55084710221097,23.60123823330832],[78.58410621713989,23.586152829830187],[78.59778692239155,23.565549221771143],[78.60702939542226,23.524760980136723],[78.59735935765389,23.502311222390496],[78.57156002530344,23.505292380449312],[78.55222537769093,23.50812186184657],[78.53550812227525,23.512082951322526],[78.51970222393038,23.501700572494215],[78.52026617894258,23.474238935795096],[78.53107727271436,23.442965188424978],[78.53056978131777,23.423881873393917],[78.51865294831526,23.41341020321218],[78.49671306338001,23.415096849961888],[78.47609589485181,23.417944462540632],[78.44618196107879,23.41144705072633],[78.43657958715269,23.39017560650051],[78.44602262812484,23.355355868869157],[78.466352357518,23.341778071240455],[78.50869787388332,23.33009281672427],[78.57418434708062,23.314289865876606],[78.59846295751196,23.304186643428697],[78.6083741628784,23.288444779133272],[78.6099648404269,23.20367873471976],[78.617160244818,23.183225949264376],[78.64357205777152,23.157555757320285],[78.66349397026802,23.130839881074667],[78.66394060812895,23.09980280479913],[78.64395865269552,23.07639884131239],[78.60301338014301,23.040343944142133],[78.53251778389064,23.007325683805593],[78.46035908445117,23.00892095729416],[78.36862584947005,23.00135259213732],[78.31766648921764,22.973781789585885],[78.18612874642159,22.861881148715966],[78.12224453331908,22.82852768214882],[78.08225544310388,22.82572555087008],[78.02101383336009,22.851971706365664],[77.97862343731919,22.85754702581783],[77.95670499062217,22.8567621291216],[77.93203146813156,22.84766717578515],[77.90968224727266,22.826585673262926],[77.88350286056566,22.806763782063868],[77.87047848032026,22.79983485157079],[77.83960592195191,22.80158207833333],[77.8178423706743,22.80793878098048],[77.78733079385977,22.827580927055237],[77.74653051734859,22.848589949771974],[77.726065800018,22.856106687878214],[77.70543305176567,22.85526485805061],[77.65797106917482,22.79993894053321],[77.62527749547593,22.774208488749053],[77.59544119617267,22.762754562382025],[77.54361553818902,22.74567525467691],[77.50783700339046,22.690109804139556],[77.45054045105664,22.652779279311172],[77.36691935908074,22.654036741522624],[77.34102657541042,22.64486206960805],[77.27322521747803,22.590893955040286],[77.24207028124434,22.57341511141533],[77.20596986318363,22.5679424866237],[77.17007727524835,22.575598323494162],[77.12401966032282,22.591742862374613],[77.08270025760324,22.58153322674553],[77.05153292140015,22.56162665237484],[77.02299806149271,22.545264110796488],[76.99354426106477,22.553994184984507],[76.97593295116552,22.581687690501518],[76.94529912144587,22.598786395746078],[76.92734071165528,22.589222777466368],[76.91678376000921,22.583599137058552],[76.89289728979553,22.53012296497776],[76.81272554957981,22.496399876526187],[76.76112259242915,22.482635556262807],[76.73127535216648,22.4602588198],[76.69862028448541,22.417594596099956],[76.69028996072328,22.366306806985154],[76.6780723891328,22.311473895634496],[76.64316885950134,22.29151968194646],[76.6162373752381,22.294179796296643],[76.58562840814875,22.312404229348154],[76.57804541822523,22.323231665879966],[76.56287602153378,22.34488563566806],[76.54252458344395,22.363003314762214],[76.48268550598357,22.413746515870574],[76.44815210400748,22.429592968862554],[76.40448108200883,22.432368439270697],[76.36176661495027,22.401666952897294],[76.3058230798555,22.32804319719889],[76.26578376295653,22.303266995205654],[76.24138623518337,22.30345553322739],[76.21323937893084,22.315618117149537],[76.13749872422132,22.319752090038133],[76.12267969622528,22.318625072907867],[76.06553240862164,22.314266003628155],[76.01655690361974,22.290679987753684],[75.99581709697871,22.263322866920344],[75.99049687359877,22.237064608736443],[76.01208630898374,22.204665748145846],[76.01696998299664,22.169979224452057],[76.00533828045313,22.158100942518967],[75.99619840777518,22.13545110859775],[75.99600526570458,22.107966082246563],[76.00230761392493,22.092391835651984],[76.02144711560017,22.07912778956437],[76.03679795948223,22.074250990819976],[76.05604711598218,22.076517920698596],[76.0728408723721,22.093139129198494],[76.11401336773564,22.110789024827383],[76.14228365026193,22.11776384153555],[76.16144195760083,22.108068648263213],[76.17270664796128,22.07452798967312],[76.14926286396805,22.029283688207705],[76.10410869170103,21.991353025118972],[76.07449416873908,21.972428865964567],[76.03059820198465,21.92610269076122],[75.97777631762715,21.881011932746837],[75.96727560995666,21.842830847158666],[75.96580298855248,21.81415703794075],[75.97457558890717,21.786618112018395],[76.01791122678831,21.76245497798686],[76.09823444811448,21.726088882163914],[76.10829218846303,21.703315402147872],[76.10676694158181,21.671058364190735],[76.09887889569809,21.642428640578558],[76.06804323314977,21.621117898662455],[76.02453870241531,21.614220954001357],[75.96191572122224,21.61459492005675],[75.92726391086985,21.592084002524782],[75.91930282941848,21.54551732072738],[75.93307987968596,21.50241530685325],[75.95968650366245,21.46999546656374],[75.99781850894682,21.44467423136972],[76.00460338760925,21.428797960751428],[75.97059387476065,21.381670198951486],[75.95671521782938,21.366690805765575],[75.91531873834646,21.357599225930258],[75.88469916731505,21.357763329876214],[75.86016563716804,21.35143674155825],[75.84474950267553,21.332869875931568],[75.81405539515794,21.318678833691486],[75.77733193226182,21.321003970427682],[75.74376599234864,21.34266977181978],[75.68484987865736,21.34794020201321],[75.63655017695895,21.330918687028756],[75.57903812637296,21.30387484691722],[75.54916868861119,21.297520569144094],[75.53158368488916,21.30187997073552],[75.49105564915081,21.31132619301893],[75.43835940531089,21.34876420642063],[75.37258279181839,21.371872219629815],[75.32817385339611,21.371247754510502],[75.294466901495,21.36198708700437],[75.26152456824069,21.349849729626204],[75.22171341759498,21.347755471568096],[75.21101451587083,21.360678353682378],[75.18882696432308,21.372179522573692],[75.17752561896944,21.391633169418018],[75.1609512132957,21.407188577992756],[75.1264832983656,21.401241708439322],[75.08307662340138,21.382144240615148],[75.05372611921219,21.3869373604431],[75.03203338598557,21.401286355899334],[75.02054906278991,21.4216080045948],[75.02310889490998,21.464637774032944],[75.02822272351999,21.496909420490503],[75.03078338177826,21.526790737381777],[75.02056516857739,21.53635445351572],[74.99501459490686,21.53635564661793],[74.97113314165173,21.532629157559438],[74.93369757433302,21.526780405525365],[74.86471566646938,21.526738741759658],[74.78806936924445,21.526659006419205],[74.76762471956964,21.53021757436336],[74.69862211748932,21.539669254408228],[74.59895816178349,21.545435629534435],[74.57715623677691,21.57406753650224],[74.52597736187592,21.594248685893717]],[[74.52597736187592,21.594248685893717],[75.87796442798938,21.978397655111998],[75.90779712399312,21.96920870824451],[75.92515951029158,21.95955104726914],[75.95486831537451,21.957468869636237],[75.97644916148333,21.965946566549192],[75.98370917529179,21.97833203040811],[75.9827565732029,21.98885440082487],[75.97878088919975,22.007043298716805],[75.96867171922327,22.028136643839336],[75.93495371534534,22.046497752723816],[75.86029890417439,22.08132575665898],[75.80375292692608,22.09898905709676],[75.76806007803543,22.09708242927841],[75.74849196194592,22.082831857101407],[75.74324284238942,22.059909547786866],[75.74555967720619,22.05183488798223],[75.15089422676743,22.166044098965695],[75.15039562834163,22.16619942183651],[75.15004481152847,22.166207234463425],[75.11884102424418,22.172200116549995],[75.07726949472723,22.179396168106088],[75.06187478165022,22.189442193518577],[75.02799630961516,22.199490982670948],[75.00144709507491,22.2045834704436],[75.00489379897556,22.18371703981734],[74.9990272952799,22.169570367210024],[74.9011401600564,22.171750295989934],[74.90341814503493,22.172573377646625],[74.91803785364716,22.1876405672663],[74.93958620479422,22.21489987125598],[74.96036970605664,22.26234877763128],[74.97037740306192,22.285184015241637],[74.98809798238935,22.30526492205928],[75.00736468518862,22.316738678202906],[75.02817434899518,22.31960476690796],[75.06979300313893,22.318875102716365],[75.08443405785329,22.31456558897338],[75.10292650940639,22.308818170914815],[75.13760839640301,22.310943731878094],[75.14301042315745,22.32704640479605],[75.14843194620298,22.34320322837457],[75.14074505190503,22.364722715678994],[75.14075544402294,22.37505550458813],[75.4210485056379,22.482134974227165],[75.42226509147658,22.47049893389952],[75.44148148828275,22.447740434127528],[75.46457189052465,22.432139229447323],[75.48949828405114,22.420460112071673],[75.53405405696857,22.448655803872306],[75.58176319765805,22.48195337207697],[75.62440902783031,22.528401800851356],[75.64517441717395,22.56775708560363],[75.64918582315985,22.600007556001295],[75.64796592725052,22.614353165363806],[75.61971224787317,22.628805465497994],[75.57853293774585,22.632544465041082],[75.54587924143327,22.62895678344238],[75.042907045435,22.938959219983477],[75.01695802337595,22.871456957254264],[74.99888246119335,22.86888109332314],[74.98805027213213,22.85955908228096],[74.97954263947257,22.836612776546662],[74.97645328183776,22.807213409236976],[74.95325921043843,22.780677456975322],[74.90999318754685,22.722577620806657],[74.83818465517253,22.657268869561875],[74.80811037961318,22.616363196513625],[74.7942856407447,22.564000336222595],[74.79606203147537,22.55159257693375],[74.80208401855582,22.509512816612148],[74.7882369736028,22.480095208539204],[74.76664533207922,22.4721775913131],[74.7342563656577,22.46352259507905],[74.6995401168495,22.46274460410189],[74.6809831182218,22.460873688847688],[74.66328829243575,22.45908766541555],[74.64480753957679,22.44542370153929],[74.63484686805428,22.41958689478414],[74.6331027850587,22.396077896659165],[74.59554397550029,22.408737229498502],[74.63568168563367,22.395208261958278],[74.68434668443304,22.35802244620223],[74.69595718826866,22.336532187744233],[74.69600069009387,22.316453908259778],[74.68909143142771,22.304250356979853],[74.67600896994306,22.296336816491287],[74.6290111283062,22.293367847876617],[74.60281204664373,22.293305846816747],[74.58125135682691,22.288232083514607],[74.56511459656983,22.273848039455977],[74.55912438176024,22.248409613980257],[74.55903187145,22.248016682406963],[74.56526511508774,22.225086762367535],[74.59073943976762,22.20507436841838],[74.62469527279752,22.177906673581525],[74.63475068753277,22.160002146874227],[74.64716810469363,22.11987198830639],[74.65567394551653,22.10339681827218],[74.68032797954851,22.090539043924895],[74.70803599568434,22.087005349082673],[74.71878975386126,22.096346576786424],[74.71912571728215,22.096693479484685],[74.52597736187592,21.594248685893717]],[[74.94397570418647,23.028070154440595],[74.94397437886316,23.02807140477186],[74.94397372024191,23.0280717395992],[74.94397570418647,23.028070154440595]],[[74.75560183124463,23.123835516617618],[74.74501431356681,23.128967926489402],[74.74085863625344,23.13098213141714],[74.75560183124463,23.123835516617618]],[[75.16197739666303,23.248701842020008],[75.16505652921664,23.228622425175015],[75.17280017447003,23.21714196259596],[75.19140036213797,23.20421425416021],[75.22707156388212,23.197713728905295],[75.25497216745647,23.18548184015931],[75.25646733527226,23.156081967885914],[75.24092948346222,23.139615181601535],[75.22461781391887,23.121713874523067],[75.2261394321576,23.104503288716796],[75.2261274294449,23.097333123239505],[75.23536965687939,23.075604979809324],[75.23924925805827,23.06648194426229],[75.25315730637419,23.044949636660363],[75.2631890642834,23.02413959697544],[75.27705243866015,22.98467955826385],[75.27222219370196,22.91783223887171],[75.28386677158414,22.910096389655667],[75.29534661071789,22.849844485558855],[75.3192800839497,22.828287145661932],[75.34705496248473,22.799547509108052],[75.35553796492465,22.7902073012945],[75.3820514656073,22.783024337083596],[75.38490218241303,22.78225172245923],[75.3972974802899,22.790108764287403],[75.41284813597304,22.818033675949394],[75.42461944176685,22.87249713615003],[75.44719308970993,22.91330574127427],[75.48681632657161,22.954776367016986],[75.51792538166876,22.991245524440235],[75.53349607056508,23.01198713304876],[75.53755373735868,23.058578802812736],[75.54230331633539,23.08365766647729],[75.56253021952809,23.10222889238883],[75.57261231269113,23.10362663483206],[75.58656383092823,23.103575405602143],[75.6066644381516,23.0920275181577],[75.61583724768326,23.06402919105688],[75.62174983493713,23.001627143246655],[75.62320997682673,22.9822623408564],[75.63395436281148,22.961426635905585],[75.65865784073145,22.946268916765657],[75.6772308381254,22.94475673191817],[75.70903114462396,22.95608978555203],[75.73310924152668,22.970320201420634],[75.75170028976233,22.97166712876219],[75.8042337864392,22.95133375151552],[75.82274464793416,22.939767082449436],[75.85528856550529,22.944613900614694],[75.8770472914036,22.95740071288961],[75.89452489988773,22.980894369999866],[75.90360820964824,22.993100175544413],[75.92091250503094,23.03243362594968],[75.93972661431913,23.0870637741873],[75.93988651127243,23.08752785192499],[75.93205088261455,23.187230734349914],[75.91410757193736,23.28555764371408],[75.90742444088553,23.330046790565426],[75.89820484977747,23.344438718640784],[75.88039916102177,23.35242619834112],[75.86333996894362,23.356105925501854],[75.7988344827108,23.347128065392475],[75.77781165074326,23.33719655097486],[75.73892394685687,23.325196527281534],[75.70940392790486,23.321748143432753],[75.67290932003586,23.3204751713787],[75.64498929929286,23.32632833573652],[75.60781843988201,23.347269153961907],[75.51573456616435,23.430051768986335],[75.47414632998239,23.45772769816618],[75.4529403686403,23.471831074852304],[75.40402025011467,23.487021975156384],[75.39909716622988,23.487034658680763],[75.3573803746571,23.487135893664192],[75.31771221645627,23.477184084333064],[75.29281711877948,23.467195080998753],[75.2834445374547,23.44570288631893],[75.27953341531459,23.433521189088523],[75.27560519774907,23.412735548410474],[75.26082573511086,23.40344006253815],[75.2336459764778,23.409218979503695],[75.22045552767092,23.41927600411321],[75.20726308128756,23.42933191689524],[75.17849941749347,23.41861259049098],[75.17614486033389,23.400690471992334],[75.16832483994968,23.359830400009155],[75.16399894711564,23.299641579998365],[75.1635844537792,23.293871467929204],[75.16197739666303,23.248701842020008]]]}},{"type":"Feature","properties":{"state_name":"Central Province and Berar","id":7},"geometry":{"type":"Polygon","coordinates":[[[79.16877055693894,20.202234210517442],[79.16170566012771,19.65240564921245],[79.13203398648191,19.64450073973265],[79.11702234213017,19.648424915749594],[79.1019733022226,19.650917025107507],[79.07286356065586,19.665181994418468],[79.01224784789972,19.7195277129463],[78.95727132880286,19.78948554897752],[78.94466658476084,19.79978836946739],[78.91667473338512,19.799689033069622],[78.88135612765969,19.778263920337444],[78.84529029409362,19.75684643407813],[78.82209998212134,19.735861684870684],[78.79945783059806,19.73777610242848],[78.78529858368574,19.746669362471906],[78.7723825110557,19.776302413353836],[78.75899252617401,19.818118962996554],[78.73216446691124,19.868094993628706],[78.70509434876779,19.875822097503576],[78.66655520340406,19.878769122551752],[78.64898758972397,19.87196865708286],[78.63209626095512,19.861571516586316],[78.60947351256104,19.831951338939202],[78.57544992341894,19.799690975093174],[78.54971705052915,19.799488403532536],[78.5168133105353,19.817329946011267],[78.50680414936092,19.844028707360803],[78.48811884837896,19.889520593224074],[78.47249020403189,19.902003223631677],[78.4435399967039,19.89397097927908],[78.43091981526624,19.87057696306158],[78.40478967802916,19.852454502587737],[78.39050252776154,19.857025030003],[78.38394986997459,19.8693273089309],[78.37656346392349,19.878063617368184],[78.37011521547176,19.895377993332747],[78.35916876780554,19.914926428176603],[78.33165170635975,19.939084446350936],[78.30067933887165,19.94324507896851],[78.27560037006586,19.939411495664324],[78.24395196476985,19.910620157144564],[78.19944009609128,19.84408249815323],[78.1741352665906,19.828056731960142],[78.1628112966071,19.829690863865164],[78.1531280091514,19.83774343643963],[78.15048238922323,19.85713467054214],[78.13877985733822,19.878118823913073],[78.11847871376311,19.885640530454676],[78.07965639087149,19.875569429792066],[78.06509200578267,19.866506305848638],[78.05651688394735,19.85375655466237],[78.05309129332151,19.83303643815017],[78.05842013368456,19.794969998257667],[78.05582167592863,19.77781813883002],[78.04814592428197,19.77221707866692],[78.03291797761545,19.767460423686195],[77.99965235578942,19.769454746494425],[77.98429215157992,19.75753043155922],[77.97497364433174,19.703943748593094],[77.99800717741846,19.681346995909212],[78.0144568668966,19.671039818693405],[78.03456362058563,19.654220811724745],[78.04790260073413,19.639664462528128],[78.06140220255362,19.633702894647335],[78.07131174014958,19.63783298064954],[78.08747543947493,19.652602716198043],[78.1042326243951,19.658762410978067],[78.12464633685137,19.65840841690129],[78.14269374535266,19.65307819280118],[78.14856007575581,19.64366131544429],[78.15655348035143,19.627042287546406],[78.166057048062,19.61039651899184],[78.18262809252148,19.607238396386016],[78.19774343726448,19.606970481683025],[78.22795907625363,19.605714682668534],[78.26016622060817,19.59080589768938],[78.27713974097269,19.570438461632854],[78.29014313755395,19.540829157749982],[78.28960615398518,19.51433205381177],[78.28249056652872,19.498700491433805],[78.26804103134727,19.493947318954614],[78.2439177283365,19.496530915093544],[78.2229560972728,19.506219455494126],[78.19231304436838,19.52324173193121],[78.17425387549972,19.527142319129684],[78.16741327579703,19.52511300819852],[78.15511805861455,19.514581048218588],[78.15183269358187,19.50102527422898],[78.15894063476071,19.477973983267674],[78.16049272835072,19.480096315414887],[78.18759403027248,19.436633231165533],[78.19307360371128,19.407878347038807],[78.18709197271257,19.37216013007047],[78.18449380229107,19.355010387606786],[78.1736243391963,19.339437819954814],[78.14635064718766,19.33417922948345],[78.13125982187121,19.334439315098333],[78.10582181970541,19.34633911259355],[78.0955005083141,19.35941224778243],[78.07857335727553,19.38262830635456],[78.05675922370689,19.427421705185726],[78.03462001899881,19.49586509330138],[78.0130860349209,19.516288587230274],[77.99004866275783,19.53745156872715],[77.96289951932393,19.540765453418484],[77.94089541742697,19.53610915144904],[77.92711344289833,19.526300774752517],[77.91823603184552,19.49491399770242],[77.91697993384018,19.466986756963806],[77.91545625841988,19.42401496647776],[77.90024495335717,19.37552888676766],[77.87949737121342,19.35507643668637],[77.85983444452278,19.353236578617974],[77.84637195768421,19.360614065817273],[77.81129850407483,19.38480918311908],[77.79499439375574,19.402977315310725],[77.78492371209057,19.43251551958877],[77.78055353473849,19.486332839238983],[77.78323681207145,19.510658258280444],[77.78988469774454,19.545672210421372],[77.78315661299355,19.550076057393117],[77.7733558940111,19.55166027116156],[77.74920656899495,19.55417982852293],[77.7335879049049,19.569467528143793],[77.7335702181448,19.613185546122846],[77.7248231732373,19.632668715470913],[77.71432057363107,19.63784437186117],[77.6931457438204,19.638162784342402],[77.66649911061185,19.627809245025514],[77.64205374438802,19.613118734993897],[77.60922596784746,19.594245607711166],[77.58042533618732,19.59035992827855],[77.56080067108631,19.592790199317765],[77.54581349186618,19.601603822985158],[77.53319431353437,19.61683400072076],[77.52403528478514,19.65996919601014],[77.5253309708877,19.69435605486742],[77.52502444631558,19.72303118345612],[77.51336508570598,19.75186605670623],[77.49915152300771,19.762816792608568],[77.47441520960372,19.778930023121823],[77.45667495796316,19.80712967209947],[77.4448667907039,19.82736207609799],[77.44424158736106,19.88543101957137],[77.43552362558707,19.90992159924005],[77.41760055404924,19.927369480185334],[77.40080180700518,19.92914974020203],[77.38657420233767,19.93065626165077],[77.347861541884,19.92687121119994],[77.27116605981483,19.917115351022876],[77.25772900959508,19.931623831895724],[77.24506777489977,19.947555406754766],[77.22175112050671,19.96075253520553],[77.19514982498602,19.956065464094785],[77.17148374585514,19.944169430209538],[77.15529348299204,19.924293460086723],[77.13314093005154,19.911656378644608],[77.11876068359253,19.91326216754082],[77.10162335209357,19.935690159639417],[77.07306292731715,19.954665998529123],[77.05868703135513,19.956984144269295],[77.02898300987528,19.946572077404348],[76.97813771854737,19.881902068945525],[76.93096299204475,19.866646380682308],[76.88871599203071,19.882873250045357],[76.86005201961763,19.894647136298484],[76.83065849609733,19.909292242498495],[76.79501666362842,19.90822154079816],[76.75548976716223,19.898577611531064],[76.7381804996846,19.886385708240798],[76.72035199839607,19.87382418747721],[76.680565137901,19.838351005499607],[76.66217866412087,19.819162447123322],[76.64011917389163,19.81076157973716],[76.58253408911722,19.810564089915832],[76.56149585005737,19.828676700234983],[76.5412175301961,19.84749760776446],[76.52704568043268,19.871283927930243],[76.49078582014069,19.884499070563038],[76.46951548978117,19.879656101851015],[76.45804735033764,19.868993588856632],[76.42975940287481,19.841972026250577],[76.3908046676888,19.807140244367844],[76.37183840080655,19.804418339393802],[76.35368489385384,19.808142569602587],[76.31048303452167,19.822210296707752],[76.27681367843745,19.87624150548112],[76.24674501063649,19.908726989695275],[76.22529047144117,19.912461926400088],[76.20134343016012,19.920992330410957],[76.19144833585908,19.949745880907717],[76.19538439232674,19.96884399500938],[76.21083730079206,20.005792785807216],[76.23531926065883,20.06419160322049],[76.22799054056654,20.097709926738897],[76.23713800058187,20.134698821208715],[76.26122960528542,20.1405042278323],[76.3082317048628,20.161675432823515],[76.32109949519274,20.186678804022364],[76.32011573361285,20.22015207783446],[76.31020715867368,20.24652091317022],[76.293853735594,20.259789656160056],[76.27747793563779,20.27066671394027],[76.23827175309158,20.278119538822516],[76.21046160131563,20.285485346704025],[76.18768832644274,20.289227012129874],[76.17132853335418,20.303680213215394],[76.15757079235755,20.327676793497762],[76.15661507132492,20.36951678903649],[76.14549094642602,20.407838026465683],[76.12538110746644,20.431874021379887],[76.10264354663141,20.4439720466868],[76.07226856012551,20.452528697423467],[76.0520681279961,20.46579996121817],[76.04223718861729,20.512474470556192],[75.99682185641707,20.552185236321776],[75.9703697120287,20.583412516718777],[75.96458062474359,20.671894644350978],[75.96721900100749,20.687418237354663],[75.99655611958515,20.70637507107528],[76.03344979816261,20.714524269688656],[76.05657223233416,20.751435952422955],[76.0710799700705,20.82664474804185],[76.05881945865475,20.89126225760772],[76.06554143876468,20.94261409166391],[76.0606042318441,20.964158391533623],[76.0698172617251,21.007127642947673],[76.0816168956444,21.0548602542362],[76.09319743186107,21.071518533018104],[76.14540154231354,21.07117433784919],[76.21915201661926,21.05870940086067],[76.26860059917001,21.034444895071893],[76.30413719638142,21.022224913806344],[76.35127212304378,21.026637324308396],[76.36791635737943,21.037260005795495],[76.37692523264742,21.047942982291985],[76.3797110252355,21.083323343377696],[76.38125178139533,21.10288124819612],[76.38148410776738,21.127975786686818],[76.36889047491208,21.1436139433177],[76.35246166096933,21.158086886585888],[76.33466985943866,21.16300849180541],[76.27355007356078,21.167064988583945],[76.22414822102186,21.20208807750582],[76.2088949952524,21.20697840031379],[76.17071011969396,21.213223063088613],[76.13632688468074,21.217043382376033],[76.12112302051757,21.229096455195638],[76.11378964880153,21.270974936655474],[76.1127214234279,21.298470125753745],[76.1167187188382,21.32115114787357],[76.13221621546226,21.34614510814828],[76.15156529789043,21.37350121086137],[76.16446560909591,21.391338797998365],[76.16984542721205,21.425959304380626],[76.16358707549576,21.44153920164566],[76.13826229142641,21.468005638336834],[76.09870286957585,21.470660459134614],[76.05393996784693,21.46019243765243],[76.00460338760925,21.428797960751428],[75.99781850894682,21.44467423136972],[75.95968650366245,21.46999546656374],[75.93307987968596,21.50241530685325],[75.91930282941848,21.54551732072738],[75.92726391086985,21.592084002524782],[75.96191572122224,21.61459492005675],[76.02453870241531,21.614220954001357],[76.06804323314977,21.621117898662455],[76.09887889569809,21.642428640578558],[76.10676694158181,21.671058364190735],[76.10829218846303,21.703315402147872],[76.09823444811448,21.726088882163914],[76.01791122678831,21.76245497798686],[75.97457558890717,21.786618112018395],[75.96580298855248,21.81415703794075],[75.96727560995666,21.842830847158666],[75.97777631762715,21.881011932746837],[76.03059820198465,21.92610269076122],[76.07449416873908,21.972428865964567],[76.10410869170103,21.991353025118972],[76.14926286396805,22.029283688207705],[76.17270664796128,22.07452798967312],[76.16144195760083,22.108068648263213],[76.14228365026193,22.11776384153555],[76.11401336773564,22.110789024827383],[76.0728408723721,22.093139129198494],[76.05604711598218,22.076517920698596],[76.03679795948223,22.074250990819976],[76.02144711560017,22.07912778956437],[76.00230761392493,22.092391835651984],[75.99600526570458,22.107966082246563],[75.99619840777518,22.13545110859775],[76.00533828045313,22.158100942518967],[76.01696998299664,22.169979224452057],[76.01208630898374,22.204665748145846],[75.99049687359877,22.237064608736443],[75.99581709697871,22.263322866920344],[76.01655690361974,22.290679987753684],[76.06553240862164,22.314266003628155],[76.13749872422132,22.319752090038133],[76.21323937893084,22.315618117149537],[76.24138623518337,22.30345553322739],[76.26578376295653,22.303266995205654],[76.3058230798555,22.32804319719889],[76.36176661495027,22.401666952897294],[76.40448108200883,22.432368439270697],[76.44815210400748,22.429592968862554],[76.48268550598357,22.413746515870574],[76.54252458344395,22.363003314762214],[76.56287602153378,22.34488563566806],[76.57804541822523,22.323231665879966],[76.58562840814875,22.312404229348154],[76.6162373752381,22.294179796296643],[76.64316885950134,22.29151968194646],[76.66220749821889,22.302405690759606],[76.6780723891328,22.311473895634496],[76.69028996072328,22.366306806985154],[76.69862028448541,22.417594596099956],[76.73127535216648,22.4602588198],[76.76112259242915,22.482635556262807],[76.81272554957981,22.496399876526187],[76.89289728979553,22.53012296497776],[76.91678376000921,22.583599137058552],[76.94529912144587,22.598786395746078],[76.97593295116552,22.581687690501518],[76.99354426106477,22.553994184984507],[77.02299806149271,22.545264110796488],[77.05153292140015,22.56162665237484],[77.08270025760324,22.58153322674553],[77.12401966032282,22.591742862374613],[77.17007727524835,22.575598323494162],[77.20596986318363,22.5679424866237],[77.24207028124434,22.57341511141533],[77.27322521747803,22.590893955040286],[77.34102657541042,22.64486206960805],[77.36691935908074,22.654036741522624],[77.45054045105664,22.652779279311172],[77.50783700339046,22.690109804139556],[77.54361553818902,22.74567525467691],[77.59544119617267,22.762754562382025],[77.62527749547593,22.774208488749053],[77.65797106917482,22.79993894053321],[77.70543305176567,22.85526485805061],[77.726065800018,22.856106687878214],[77.74653051734859,22.848589949771974],[77.78733079385977,22.827580927055237],[77.8178423706743,22.80793878098048],[77.83960592195191,22.80158207833333],[77.87047848032026,22.79983485157079],[77.88350286056566,22.806763782063868],[77.90968224727266,22.826585673262926],[77.93203146813156,22.84766717578515],[77.95670499062217,22.8567621291216],[77.97862343731919,22.85754702581783],[78.02101383336009,22.851971706365664],[78.08225544310388,22.82572555087008],[78.12224453331908,22.82852768214882],[78.18612874642159,22.861881148715966],[78.31766648921764,22.973781789585885],[78.36862584947005,23.00135259213732],[78.45429627870764,23.008422441595933],[78.46035908445117,23.00892095729416],[78.53251778389064,23.007325683805593],[78.60301338014301,23.040343944142133],[78.64395865269552,23.07639884131239],[78.66394060812895,23.09980280479913],[78.66349397026802,23.130839881074667],[78.65360626685928,23.144101042480358],[78.64357205777152,23.157555757320285],[78.617160244818,23.183225949264376],[78.6099648404269,23.20367873471976],[78.6083741628784,23.288444779133272],[78.59846295751196,23.304186643428697],[78.57418434708062,23.314289865876606],[78.50869787388332,23.33009281672427],[78.466352357518,23.341778071240455],[78.44602262812484,23.355355868869157],[78.43657958715269,23.39017560650051],[78.44618196107879,23.41144705072633],[78.47609589485181,23.417944462540632],[78.49671306338001,23.415096849961888],[78.51865294831526,23.41341020321218],[78.53056978131777,23.423881873393917],[78.53107727271436,23.442965188424978],[78.52026617894258,23.474238935795096],[78.51970222393038,23.501700572494215],[78.53550812227525,23.512082951322526],[78.55222537769093,23.50812186184657],[78.57156002530344,23.505292380449312],[78.59735935765389,23.502311222390496],[78.60702939542226,23.524760980136723],[78.59778692239155,23.565549221771143],[78.58410621713989,23.586152829830187],[78.55084710221097,23.60123823330832],[78.50813740258899,23.60221020821672],[78.48051618023962,23.58612418586301],[78.46044644612387,23.561510110227733],[78.43046838649262,23.55382069778182],[78.39938347496506,23.55331052265287],[78.36724741699311,23.562365294852356],[78.34416548647037,23.571219037843555],[78.3059970880149,23.598295692689707],[78.30792090692307,23.623320240473138],[78.30870126575469,23.654337041999177],[78.29502425404989,23.677307128591043],[78.27112727949199,23.70646101888494],[78.22969606583837,23.708525763057732],[78.19727227122885,23.701150390318954],[78.17463866273847,23.783472119168582],[78.17974190094577,23.801272219562975],[78.20939070773113,23.835751227927574],[78.25802321917735,23.881280731482406],[78.26768813672052,23.89396651546433],[78.2629402069484,23.92199772567461],[78.24917523955143,23.93231597387173],[78.21422033884117,23.936632836422916],[78.20809631821518,23.9410580857599],[78.19276674400886,23.951404497395707],[78.18327071241711,24.008897474626878],[78.16881616284728,24.023521265949423],[78.14183495347608,24.036253062041627],[78.11545463375865,24.041806043767743],[78.06722698114082,24.047078056606647],[78.0338232015371,24.052758044289746],[78.0262622286851,24.06293551157533],[78.02521827812987,24.11810820800579],[78.03983409909088,24.175117805455532],[78.04862993324093,24.24943118447282],[78.05370833234252,24.26580268267901],[78.06097668932925,24.275683668941593],[78.08608800517594,24.28018905339309],[78.10717372040014,24.279759084316424],[78.14238599646208,24.281899305692853],[78.15512866536787,24.291661706584247],[78.15961909207083,24.315202426216388],[78.15823539402997,24.426548248760827],[78.186811157936,24.42236773541159],[78.23253425361384,24.42617135648552],[78.2976773530479,24.42476432140877],[78.33622719153007,24.403629090178622],[78.39635957419367,24.361713672853217],[78.4102019257183,24.343501041415255],[78.45683956611032,24.334090482712373],[78.52852737302157,24.336018578560022],[78.55185575358608,24.331893679780713],[78.57084299900883,24.312354656458158],[78.59469253744449,24.280765762693022],[78.60613116919185,24.270948229543603],[78.61893632836448,24.263483973698342],[78.6461487986708,24.259253395312147],[78.67075767834079,24.2550810182087],[78.68471971612779,24.24281088174265],[78.7073660598519,24.216009834581023],[78.72490801956307,24.192910797841268],[78.76667737118899,24.19784852769693],[78.79674979852108,24.20306675487617],[78.8277671438308,24.19632412073642],[78.85087507799233,24.186196576547395],[78.87181237619482,24.19043763579298],[78.89033255405965,24.20070261003201],[78.90052077606916,24.236232255091796],[78.89804017197712,24.282823508323183],[78.90021626472917,24.311399846713055],[78.91916114178521,24.334771153109727],[78.93844589787281,24.368867211676683],[78.93937082833799,24.398667292588726],[78.99472374349793,24.438794036475006],[79.05621790313836,24.446697735886744],[79.09374133994869,24.438528101860168],[79.11529020311131,24.420050529701385],[79.11172057235977,24.390327781798824],[79.10207234345111,24.373890471647037],[79.07976195335019,24.327973188288105],[79.07865464311193,24.293410722100106],[79.0700916775499,24.26978377240825],[79.05403599176088,24.255899038741305],[79.03122117530506,24.233841482646625],[79.01643646090461,24.218725187242168],[79.00614476274622,24.18082337043308],[79.00922239154542,24.154498182387208],[79.03908563886178,24.111958212368002],[79.0697594984017,24.0956357355075],[79.13967396128602,24.08779138915354],[79.21881656759426,24.084431852110725],[79.25692988121641,24.097685832389146],[79.30383660960565,24.140496982621652],[79.323822396998,24.193598069383892],[79.32701019260061,24.28772199713685],[79.37617896969509,24.355478256802957],[79.42624687919246,24.410068719124823],[79.44601125160396,24.416643171960647],[79.4811360397746,24.41560533950987],[79.54800870042722,24.392144710175913],[79.59114002931437,24.396802371169077],[79.64299181386231,24.426216525230053],[79.67078928790953,24.43847346484742],[79.69680411411622,24.437666174099537],[79.72587494576881,24.41410803082396],[79.72760046699528,24.35563903054363],[79.71873547182894,24.25696673578954],[79.69576470017934,24.19806984910695],[79.65711691189662,24.136070118030663],[79.6477356728237,24.092243454000904],[79.661362008315,24.038177148051982],[79.67804747322236,23.997131845327925],[79.74368964392276,23.911660584894644],[79.76495009913121,23.854971851710328],[79.78797141088005,23.811340745895],[79.8108712887859,23.79989788222314],[79.82253584861311,23.805391620879096],[79.83460580739717,23.81107476165379],[79.87583731469938,23.83957371538176],[79.90030169668871,23.869786942712828],[79.91071499945181,23.90521286232917],[79.94140511698006,23.928065647305804],[79.97049036785893,23.942619735749343],[79.97580834494761,23.946022737205617],[79.99666904580396,23.948919328464644],[80.01808686389485,23.932725588606583],[80.04121072938469,23.927199563369527],[80.0891347806682,23.95898438482061],[80.12226590665239,23.976946674266586],[80.14456846383774,23.98334849577447],[80.18831784498597,23.974721534997038],[80.25632243409032,23.95691110057086],[80.32498810179116,23.95572975415588],[80.35597279558473,23.921290058235382],[80.3909638044819,23.92125458596465],[80.42978875676582,23.950857517281175],[80.55502104661366,24.029743582528646],[80.61416494778894,24.018052305218944],[80.6574584075178,24.029555777120976],[80.70466433186637,24.0706723797516],[80.77548102932705,24.116830086142112],[80.83057911950543,24.13020966409462],[80.87558246702132,24.12133469953254],[80.88917253265636,24.106521626510283],[80.88959477222126,24.08745480941182],[80.87749806542212,24.049820383915247],[80.8547375013975,24.034025734318387],[80.82815372437291,24.01956348379337],[80.79187638391399,23.991173887713774],[80.77766019487163,23.96313238833774],[80.78338885944137,23.859315850124858],[80.79447673320448,23.730292412230625],[80.79982529419189,23.705084814639935],[80.7800700734701,23.66772050502271],[80.76147683197016,23.656506958333473],[80.7420123934413,23.654849923742415],[80.71903883782826,23.661656526670996],[80.68475331394416,23.67602250443176],[80.65319543360899,23.693855009740037],[80.61357257052344,23.704829772895952],[80.59848198362641,23.714906656742084],[80.57910759479759,23.71560873897395],[80.56325336343023,23.707843655538557],[80.51156670573491,23.647757358570438],[80.47258523340346,23.612214011879235],[80.4244435349897,23.573404607411565],[80.39400460346613,23.524430654192088],[80.39006460322837,23.49120970055239],[80.40031323680647,23.457496380217517],[80.41194461931535,23.42611773687452],[80.42658725157098,23.40535594857547],[80.45192598050775,23.39374995168153],[80.46271117779375,23.391990034045534],[80.48910277450754,23.38768023566924],[80.52686820128464,23.39587519258473],[80.58901979394747,23.400805049911167],[80.60705924584606,23.400156884778355],[80.62098085220768,23.393700072442126],[80.62873996169927,23.363644397359106],[80.61325104173476,23.30226814407146],[80.61116310675582,23.2832863230957],[80.60748970569972,23.257214866614785],[80.6077792205169,23.23338340635621],[80.6191614250285,23.228211400508997],[80.64603354134468,23.223672377892154],[80.67696436948447,23.223745834345234],[80.71359866278658,23.236705171074362],[80.74456389585792,23.297497178959937],[80.77247104468219,23.34648342423335],[80.78746245403141,23.364980900754624],[80.81100550130071,23.37244075338133],[80.84191124736859,23.371285756466104],[80.86209449965123,23.361002659186873],[80.87129282252589,23.335652459455073],[80.87292363544003,23.314158999483098],[80.86778714826691,23.256008740203004],[80.87585215714141,23.23427411586596],[80.88428104967917,23.220860429900956],[80.89548980382482,23.21210458441999],[80.923676744674,23.208660492005432],[80.9655137496563,23.222550580640014],[80.99455010375885,23.23810898260673],[81.01469899280382,23.227812531479998],[81.03045162431953,23.205778910670137],[81.05101935838891,23.176416447180454],[81.06740584530313,23.16864123997003],[81.09177045310155,23.16650686518907],[81.11110132444813,23.16694551945092],[81.11966336857755,23.157089434875665],[81.12532927046502,23.14020437538983],[81.10491377775251,23.08743492885237],[81.07681589623681,23.06352512640165],[81.05905339080083,23.040401856072766],[81.03782746460928,22.997170981695945],[81.03767980351165,22.96503527380473],[81.04576203103208,22.944489262265087],[81.05410751023155,22.92988516437789],[81.07886204458504,22.908699678502494],[81.11167736505972,22.89553292984763],[81.18477566994132,22.892694647318965],[81.26260769791078,22.88130501033327],[81.33011921354336,22.841732577352026],[81.36890632023486,22.792583895089912],[81.39976028386997,22.766357137463153],[81.43238465926734,22.75076305830563],[81.4904486862741,22.757921881722933],[81.53502998290199,22.751337433909395],[81.57618826244313,22.72703943814787],[81.6078382805596,22.718591598784965],[81.62908948288946,22.71770810260617],[81.65390252213115,22.716672938247342],[81.67419354288279,22.738421787397993],[81.68488980529885,22.799819622026398],[81.69053863306885,22.862617643041446],[81.70067368018525,22.885976104584998],[81.71005059193952,22.893904140409287],[81.73811393291427,22.89033298488542],[81.77594719336142,22.876825305360793],[81.8027215426682,22.87329866942239],[81.83643256134036,22.8801703202248],[81.85597699228357,22.911429997534047],[81.85119180624545,22.943742804998728],[81.843643326139,22.997579759690186],[81.85326028341404,23.035212859108015],[81.87369905146444,23.05810299654628],[81.91173102943196,23.073082549149053],[81.9806023179928,23.08787301614112],[82.0750882298588,23.12525192832347],[82.10337018223305,23.153691467207853],[82.12939907525728,23.179847225998785],[82.15880706852387,23.224859840335398],[82.17393032986752,23.26695428373224],[82.1771900211456,23.32742003539285],[82.16376293899461,23.388654837341733],[82.12195924167229,23.423123670326913],[82.09963590246123,23.441520053139964],[82.02565710501837,23.45558410438393],[81.92201530476596,23.46975225281096],[81.84546772794243,23.485039141174006],[81.76748401621728,23.497975027686326],[81.71802846737592,23.51439758862941],[81.66813629724435,23.52249911278393],[81.61060631168202,23.507120866335995],[81.52295190488101,23.482280828090563],[81.50458117757813,23.475913612218623],[81.46977012278869,23.476178513468092],[81.45969590094586,23.5075321250291],[81.46770206506868,23.565496820843855],[81.46108228928716,23.588378982135602],[81.42606454685861,23.58507833551332],[81.41358651988077,23.593925076271066],[81.40947591319274,23.615512923653885],[81.4130982601842,23.636780030330737],[81.42070634801718,23.660260797245286],[81.44244193025177,23.681961398616206],[81.4947758929313,23.695232830121384],[81.5314075763507,23.70439209002741],[81.54941779347108,23.728610097792707],[81.5476730156139,23.745339304877145],[81.5152098737231,23.768131622604333],[81.48983714389587,23.80370685041225],[81.47342786914142,23.837712648340034],[81.47496816411511,23.868581548100455],[81.48471797457113,23.88244645261742],[81.50321063154367,23.889990809370314],[81.5289732190363,23.88770533901117],[81.56926247778384,23.865759592804235],[81.63841039760935,23.85207533568771],[81.70366548747775,23.838532096567437],[81.79132265197087,23.833487241614442],[81.89842846350538,23.829897441112173],[82.11977355678546,23.812651960835268],[82.20592549663832,23.81233457585305],[82.25797436122308,23.812119219363392],[82.35281627402196,23.821862104410787],[82.40714134263098,23.82957463289513],[82.41531963730353,23.83073387304038],[82.49980235885305,23.862263833886157],[82.56307732322806,23.923979642168273],[82.57988981774274,23.91788546053457],[82.61586349780109,23.936289601962017],[82.67255323746643,23.933452143422148],[82.80779975567879,23.926597734706032],[82.87140277405656,23.931644113999546],[82.91707043950169,23.960151061906902],[82.980821167723,24.0090620328111],[83.00481707092585,24.020860417312523],[83.04088309065985,24.018959573668237],[83.06285275498233,24.018984446168503],[83.08177691254103,24.032223987352708],[83.09592573027666,24.0516491036159],[83.10573488035888,24.104536458536046],[83.1214877268406,24.128618602945235],[83.16401348338242,24.146511004626174],[83.18979019227845,24.145120565050952],[83.22845158610615,24.143026884556775],[83.31662397138068,24.087196688490966],[83.40648067867438,23.999208498805963],[83.4238430505628,23.968592839047613],[83.43509856522107,23.90391525629618],[83.4382326479452,23.872901225180996],[83.45136573287886,23.85675548278578],[83.48431038124117,23.847814387566327],[83.54905095484054,23.832349488069863],[83.63944852106799,23.81541372713224],[83.70140718947347,23.797676144552902],[83.72853276911668,23.779534393844386],[83.74787175505168,23.7606486136243],[83.75421732689041,23.7401329290816],[83.75559020463179,23.72227225251362],[83.74619308630433,23.639823279246702],[83.73688310343434,23.577520549001793],[83.75028784199215,23.547123804710186],[83.77745980722327,23.51120431108423],[83.82870239484251,23.470355850995546],[83.87319640185308,23.42514398430113],[83.88904050070835,23.393422317658494],[83.89136865877984,23.370771620383582],[83.89449068033485,23.35992675201902],[83.91543271553844,23.34687487007063],[83.95098943048423,23.341274608912798],[83.9719207596206,23.328217635477298],[83.97511561209237,23.29959514736696],[83.96785167367534,23.268021197357438],[83.9630723943967,23.22374315119504],[83.96363469308511,23.213046545758736],[83.96930498584007,23.202056427229238],[83.97880498903119,23.190846091085042],[84.00306571969936,23.170491404567446],[84.01774592214846,23.160166174550724],[84.0325911255534,23.08870430393495],[84.04035453400557,23.083544387866308],[84.06420849111059,23.06768590175191],[84.07960484947222,23.03409904593517],[84.08180451661867,22.987061354659474],[84.11391636299146,22.951087696736103],[84.17533705510695,22.917670805111456],[84.18559595969774,22.899307539479707],[84.18701782024516,22.875064237308916],[84.18806095646922,22.856527976164383],[84.20213429698721,22.83794348299391],[84.20895354948283,22.825466317320103],[84.2094723051684,22.810514339352235],[84.18484345980701,22.76362776376265],[84.17506565586308,22.732218000573724],[84.16162596503324,22.691780227635938],[84.16141608459219,22.620021458045358],[84.14432562183352,22.5932906590352],[84.04969123020132,22.527622887933646],[83.98069994505599,22.466833767497235],[83.92579845975702,22.44573572235795],[83.88736971624284,22.422279132199417],[83.88403907779653,22.406111832628092],[83.86948642991796,22.38972328094265],[83.86976306261238,22.35415949291475],[83.86678254636013,22.28737458702946],[83.85203616965754,22.265671503038565],[83.81311774354499,22.244103542147688],[83.78107501934453,22.22037114762647],[83.72269894345786,22.202794137370322],[83.68850630188737,22.185078884879406],[83.64339287580644,22.165566935963895],[83.61969700199607,22.130782943221934],[83.61332422643372,22.093186573219146],[83.61649858908925,22.02852880498271],[83.6160149759542,22.003896956862143],[83.61277984444277,21.984152505248005],[83.60730987700974,21.977803086786864],[83.59149400059083,21.985276890626864],[83.57596233088809,21.997476763341975],[83.54533314621041,22.01236641631535],[83.53733548670532,22.014683278458083],[83.51197481416233,21.9989382338997],[83.51022213514271,21.986698710363356],[83.51892419211259,21.92838342999028],[83.51885492028491,21.893291675895313],[83.51366767791214,21.857517955275075],[83.51456473415548,21.838500833251953],[83.52069502106454,21.82205729193685],[83.5375145991473,21.814542349799755],[83.56294150195998,21.81511256699152],[83.58009709008857,21.81326678940256],[83.59167805497894,21.803176240167137],[83.59858325354416,21.782898564478117],[83.59699891969109,21.73451229058189],[83.58379466711413,21.718234575536055],[83.55002301842153,21.68798419394214],[83.53240954523788,21.647639764473244],[83.51758679633483,21.615683362110595],[83.47756290118035,21.607783715289415],[83.44946853218363,21.595705906044],[83.41957151708495,21.57873329298202],[83.40000975535132,21.556248235740654],[83.39092561442482,21.517575204312596],[83.38085657799472,21.422027867100244],[83.3785458620851,21.355260729092567],[83.34199781822029,21.31368738979137],[83.27774175727116,21.291976610538867],[83.21057988408946,21.299559231805414],[83.20395811011927,21.300496256183003],[83.14722526133757,21.24997015945827],[83.08973549199854,21.198653071423152],[83.04730128049425,21.172215417879976],[82.99068212368103,21.192006447205806],[82.91540471333228,21.204117835146004],[82.88048373153623,21.204336848314885],[82.83927287836728,21.2005690241972],[82.79821071899323,21.199632419475627],[82.76934379858356,21.199546133460913],[82.74994121552096,21.206141447751307],[82.71786146023409,21.231839946467915],[82.70056104966343,21.24973259037805],[82.67393550096668,21.263777471236185],[82.65414758573226,21.26325788626267],[82.6274091908658,21.245952880289295],[82.61799093949477,21.21075652904583],[82.62828418759821,21.174665258862653],[82.68567537071992,21.05094301343644],[82.68897382383072,20.938235534147015],[82.70049647012017,20.808062308588372],[82.69996749278096,20.738274993445057],[82.6997435698652,20.704091991740857],[82.7150591478067,20.67775836810577],[82.7256957856805,20.648786370611557],[82.73474236506742,20.588545135936997],[82.71813792718802,20.559373659750758],[82.68596216442278,20.491001815655235],[82.68598990187714,20.431162693553837],[82.68888049665469,20.39826623590737],[82.70023178414924,20.38351554171448],[82.7598849631733,20.368035468947323],[82.79304139406513,20.36654919004464],[82.80158060883933,20.356194573468752],[82.80617181912041,20.32750038763266],[82.79220080586326,20.22984292916227],[82.78476886119678,20.1717734213355],[82.79052081291199,20.135907236228263],[82.79053818549481,20.10599414339389],[82.78174376807603,20.080745201229174],[82.7629873201787,20.067331151974813],[82.69683356185176,20.04032562697115],[82.693218650694,19.966402948987948],[82.69368225596865,19.945013357457675],[82.70813860986405,19.90164525793928],[82.71098602040104,19.86733144061563],[82.70939721803167,19.834635494421825],[82.6652719496527,19.76246488829015],[82.61968260427187,19.72167970850386],[82.60222670363878,19.70657490368756],[82.59590373371351,19.740704052264416],[82.57477694046726,19.760602640684713],[82.53325500982585,19.773765428662877],[82.4792570424236,19.777944580118273],[82.43126132558146,19.781856993547876],[82.39843157697503,19.809832552825306],[82.36933511176453,19.831948420638742],[82.34214709428753,19.852081997254302],[82.30911045009033,19.876256158484],[82.2881849899736,19.901829334412078],[82.26411455212235,19.902819004863026],[82.20934612693875,19.89175090817982],[82.17942648143638,19.89676899930468],[82.16615564865093,19.914417912226526],[82.15190612702064,19.95492179037715],[82.09207178608854,20.01057646690489],[82.04681898354458,20.033309935930887],[81.95257465572054,20.040860629254436],[81.91155741546756,20.02345520803736],[81.889473995946,19.97866910111437],[81.89701711799401,19.891734433772797],[81.9341434052875,19.866555368221036],[82.01869143204843,19.81806342298774],[82.10381300087045,19.783781959075004],[82.13882756331351,19.7526722095929],[82.14893563624885,19.72612417301586],[82.15152714127214,19.699877782862515],[82.14170255126581,19.67650484787793],[82.07464523615346,19.578154653287626],[82.06844288863346,19.551064688555126],[82.06986289327489,19.49752880982713],[82.08534852378577,19.479094049872806],[82.11839264141106,19.461155147483158],[82.16184996156025,19.452305219738836],[82.1999822884691,19.43652937622372],[82.21278768908799,19.414631549310126],[82.2218292691356,19.364369110545134],[82.19968667375643,19.25950406389281],[82.179403348412,19.196142805698727],[82.16401988848007,19.158724227937206],[82.17006750135724,19.125217064303165],[82.19420108680983,19.105259367636165],[82.21458584329828,19.08544768919771],[82.21995486671396,19.036524032090796],[82.21197027559545,18.99644165164373],[82.22293511773235,18.990071200583014],[82.2374449345144,18.9502953354346],[82.24368981976347,18.921537068515445],[82.23655198015771,18.871918534763342],[82.22228501970959,18.859406915937512],[82.17567849255646,18.84933698355672],[82.16370644083818,18.83197720672885],[82.1621916968969,18.79638955952674],[82.17357232204841,18.741294125373717],[82.17221410052781,18.709265644439387],[82.16966410570396,18.678471007671945],[82.13535793038629,18.66314964004647],[82.05116901707966,18.64733074022596],[81.99212357019506,18.636473660387555],[81.94873019597347,18.61194021108805],[81.92200262755085,18.56775974438983],[81.9308515993463,18.54009406858335],[81.95166686619231,18.53100511231144],[81.9814297063155,18.527525391362627],[82.0123363989296,18.521621583812465],[82.03826376970353,18.515899539865263],[82.05757835947449,18.50091526036954],[82.05923531006448,18.480650424448292],[82.03700559680287,18.424436751938295],[82.01772855492653,18.40970349395651],[81.93534136043473,18.37351802799096],[81.88610047855701,18.356294563909756],[81.86076652199633,18.345325086291815],[81.84094686931981,18.316320125066184],[81.83203959711116,18.279786485092334],[81.8210942527643,18.191014367494844],[81.79500471967688,18.15984320771251],[81.76441654584184,18.14071425380833],[81.71593429210894,18.141231021086803],[81.68718537080511,18.137480203697134],[81.66704057158388,18.131047190328555],[81.6195126049293,18.091070461221726],[81.6018957678587,18.052430308174873],[81.59785624867823,18.010943536909444],[81.61221653614683,17.92958159791589],[81.60876189134196,17.90353566939902],[81.57314422612458,17.88096026585793],[81.55055104519215,17.87458810180382],[81.53992813707623,17.85591593023268],[81.5314407642831,17.827655478225875],[81.51867422304755,17.784074421132356],[81.51687193116945,17.768671927335006],[81.47689172672008,17.761676686939058],[81.45957449522899,17.763440154455346],[81.43665382689939,17.782041410529867],[81.40893685607844,17.805557747961327],[81.384509331649,17.81706727471845],[81.32392688404822,17.824993820664652],[81.29219435137057,17.805794585417487],[81.25761232201708,17.775970233732476],[81.21336453987472,17.753584146733974],[81.17309220204478,17.73819986896646],[81.15332446371794,17.74120339135269],[81.12029102843705,17.792228455053106],[81.1280045367895,17.8360226124625],[81.14638510032711,17.972309171673224],[81.13992205355882,18.001078334136864],[81.12542459113085,18.013440801690958],[81.07327446085306,18.016280052114684],[81.05090502187716,18.016983093845603],[81.02484663190045,18.018989171209455],[80.9966239013696,18.030582442098684],[80.9903783028751,18.06648936954005],[81.00133845751171,18.095908032417128],[81.01935754241215,18.11320007590726],[81.04321556035038,18.15530261234891],[81.03072250632036,18.190216503460178],[80.97948791051714,18.22158593487886],[80.95078513326078,18.220101209528092],[80.90847242579153,18.221414456838872],[80.88884039742493,18.23035482266259],[80.87639273581762,18.26764765682099],[80.8514092190533,18.302945527086933],[80.80962623974781,18.32089585705283],[80.8074937785102,18.3316776890427],[80.80109597846591,18.364023448941357],[80.77262609894845,18.407760420035117],[80.68615501628251,18.509224705241607],[80.65938544187257,18.53027699014792],[80.63443857581008,18.53102483116949],[80.59951097230538,18.532066323994695],[80.55417660632325,18.520305664890067],[80.53590571054609,18.495828084308503],[80.516240718708,18.466623294473965],[80.47579305083046,18.41920523934202],[80.47142508037041,18.43061874612362],[80.46054133218135,18.44165488817055],[80.43831855566394,18.449443105182077],[80.41314132056789,18.482452120749404],[80.39489947215752,18.49798603608153],[80.37762671181389,18.520639963021154],[80.32280923494842,18.58939813740827],[80.27508717765309,18.59789334459849],[80.25673156577335,18.610562506013427],[80.23147568786112,18.618417914992722],[80.18660224524908,18.622523410509693],[80.14086665508556,18.623066709060176],[80.10915378921649,18.641095419749917],[80.04409190050967,18.69863999473432],[80.02452154550893,18.722052690794314],[80.02497939649703,18.76280597394711],[80.0168328648923,18.842411587460962],[80.01673792079329,18.889616751338327],[79.99294001199291,18.92315871118757],[79.95984478598346,18.947651011887444],[79.93022894895685,18.988497511286614],[79.92766652554508,19.003586483908805],[79.9414559872592,19.037549860055815],[79.94979960258097,19.065220452305333],[79.9545589143105,19.098708675783115],[79.95315695437257,19.12735612348944],[79.97143707593118,19.159762143640897],[79.99797752222436,19.191224225445247],[80.06931063101928,19.2100009489181],[80.09306783934395,19.223643004124053],[80.10961669815391,19.24749445038482],[80.1084027479346,19.281138329490883],[80.10634850364958,19.31194543666702],[80.09822877535672,19.341492673930855],[80.0870514813442,19.36969557756938],[80.08442131503365,19.40624054039929],[80.08965894374909,19.453291323366738],[80.083572019552,19.475631294825437],[80.06467528086547,19.49833118912867],[80.01766703994161,19.538978626373652],[79.98789189127702,19.55196357058718],[79.95435169224805,19.54073022244374],[79.90537146041868,19.517750705370574],[79.88738901817479,19.52181517945108],[79.86044503951048,19.528980977628024],[79.84859718586604,19.536453114652403],[79.82526010395188,19.563546795489575],[79.80277598017535,19.59419286033018],[79.7649375913564,19.59090703576464],[79.7303682453301,19.570356987539366],[79.72823333555871,19.548950529198486],[79.72933221372867,19.483103225419914],[79.73089266531188,19.432983099939804],[79.7295378829201,19.4122712959517],[79.70248703490495,19.389365454260865],[79.67237169404653,19.3908588724316],[79.65076651511377,19.399999736183595],[79.6205207365108,19.423668989701554],[79.59156398773096,19.466621305511534],[79.58407789544137,19.49543257170249],[79.58533052201788,19.53976379388202],[79.5996369733928,19.565158125816666],[79.6016337336718,19.5822795551714],[79.58947735708625,19.6326768352097],[79.58178633376623,19.654339170455916],[79.59304632988022,19.678379035637626],[79.60653414319476,19.700929250887338],[79.61037533624386,19.72945068640576],[79.5950518592561,19.74844852904542],[79.58150292143905,19.75977993811307],[80.60133902559171,20.020630083100933],[79.16877055693894,20.202234210517442]],[[80.60133902559171,20.020630083100933],[80.59290312578025,20.012622003224465],[80.57317375945422,19.993887604413523],[80.60133902559171,20.020630083100933]],[[79.17331202092048,20.555675552112938],[79.16965397319561,20.27098645169208],[81.35833290101714,20.402798098929058],[79.17331202092048,20.555675552112938]],[[81.35833290101714,20.402798098929058],[81.31556888876364,20.395372130165836],[81.37785156205864,20.406183561571513],[81.35833290101714,20.402798098929058]],[[79.17583548794244,20.75206543285036],[80.46005372053801,20.93993746945359],[82.91789774057504,21.520198889135266],[81.3545392280402,21.861898550105426],[81.39311139697192,21.9348578048239],[81.35452179761559,21.861902359833095],[80.14163598833902,22.300855391893936],[80.13855000740506,22.275070276845135],[80.1416347689147,22.300855833213305],[79.19701610921823,22.400456178644554],[79.17583548794244,20.75206543285036]],[[82.91789774057504,21.520198889135266],[82.91753301335542,21.506357575114667],[82.9171860486191,21.49317157842332],[82.91789774057504,21.520198889135266]],[[78.26689578034319,20.619093987902822],[78.23811020048272,20.621899419936774],[78.3064473913298,20.615231407172672],[78.26689578034319,20.619093987902822]],[[78.7430753236943,22.44831957683112],[78.76390562657048,22.435304892474264],[78.74455431550798,22.447395666192232],[78.7430753236943,22.44831957683112]],[[79.207116686299,23.186537831790872],[79.15196039070705,23.195121176398633],[79.15164342960037,23.195170443643512],[79.207116686299,23.186537831790872]]]}},{"type":"Feature","properties":{"state_name":"Chandernagore","id":8},"geometry":{"type":"Polygon","coordinates":[[[88.36996809314516,22.809778045802574],[88.35894766898114,22.785394674232617],[88.35404290454652,22.76142629878348],[88.35484616480664,22.74400604390691],[88.35297115952952,22.73991454385788],[88.3402595924052,22.744778489529857],[88.3221236239569,22.75570031626071],[88.31474641767039,22.768052604988114],[88.31274803105916,22.778541032560067],[88.31367190041833,22.793002517016728],[88.31838013517671,22.804796893248778],[88.32422615359317,22.812741782560952],[88.33362543483442,22.815693243040343],[88.3476722446499,22.81449551362524],[88.36996809314516,22.809778045802574]]]}},{"type":"Feature","properties":{"state_name":"Coorg","id":9},"geometry":{"type":"Polygon","coordinates":[[[75.9244451882211,12.812470176750216],[75.93836890658808,12.738785995581834],[75.94405599051217,12.694986439936761],[75.95129649529687,12.676300547877847],[75.96804547000708,12.659733180857048],[75.98555063416332,12.650338990232278],[76.02281780741727,12.648763147367493],[76.0301174911458,12.646581981560798],[76.05560787008791,12.62495194080861],[76.05557256712864,12.616339958794708],[76.06314763752354,12.503634411402201],[76.0827373783339,12.471978539596797],[76.0979291509622,12.437468719804563],[76.11455306980976,12.397211001084077],[76.13044235518052,12.356955615311168],[76.13620174842708,12.338272142655658],[76.13683890599061,12.316739266739788],[76.13531440174523,12.301674427026795],[76.12869996492486,12.290936648221836],[76.10313275500025,12.285299433554158],[76.08415506809808,12.284657552170232],[76.03819710598971,12.289859554679166],[76.0009541604307,12.284256651808816],[75.9739244350613,12.277177019367047],[75.92270676734853,12.27494396170209],[75.88075448352154,12.278670660623721],[75.7840671155567,12.284347544546268],[75.72023313620296,12.29528918636205],[75.69473839239133,12.315093406397116],[75.68203365311501,12.34204129644596],[75.65287658974053,12.36005666502614],[75.63463727259165,12.365483000895239],[75.60910003866934,12.372718994932491],[75.58721608032302,12.381739198057591],[75.55259005318683,12.408728142753029],[75.49244296026113,12.460882573538415],[75.41766367981323,12.514841817662449],[75.36471113192724,12.523891039073733],[75.34827303514614,12.523912829180148],[75.33294225885923,12.532085048930115],[75.3105507078331,12.54359637488459],[75.30279414536993,12.57518763518683],[75.29891352378083,12.589547610576021],[75.29407226524172,12.61635009648648],[75.29408975572734,12.631662694543156],[75.2882619360745,12.64889573674323],[75.27075165570517,12.679539303688669],[75.25226619481124,12.714010797888147],[75.25036253924719,12.760907248620413],[75.26014109811867,12.78865168096866],[75.27867367363933,12.793417888427562],[75.29427590198638,12.793400934904112],[75.33912067733539,12.784733858637653],[75.37225303381919,12.770333876785287],[75.39857613526863,12.76838142262218],[75.4132093703454,12.773144019182661],[75.4317742885314,12.796082643793085],[75.4357044060804,12.813302391292707],[75.43868471651881,12.84487876581871],[75.46123254024907,12.908002383478983],[75.47786983936805,12.935725456740238],[75.51501388615358,12.969149482597965],[75.52974972718391,12.98438834284082],[75.55939567770672,12.961641264700924],[75.58419882007529,12.927853203086183],[75.60025196124974,12.909155655847874],[75.61705895505476,12.900503711287255],[75.63899690202665,12.896144649972818],[75.66609316942629,12.906125279359713],[75.6873597297258,12.92401336533772],[75.70940773305936,12.958404986407308],[75.72123629251371,13.000000077954017],[75.71637322800733,13.090445482889114],[75.73263183513603,13.141357081812249],[75.74658279899947,13.153517919932787],[75.78175156611934,13.158437198805792],[75.80371303115847,13.1554986309053],[75.82493912544003,13.151842883377306],[75.83589497473386,13.143195194569799],[75.84243434793751,13.12810236963493],[75.8481155095467,13.076410002408194],[75.85159911861156,13.024724672959048],[75.85299921540746,13.006060019025929],[75.86101793679886,12.996703530227498],[75.87563269309392,12.990195455939855],[75.89392887440985,12.99013317072532],[75.91294107482801,12.98576097175237],[75.92755366076324,12.97925010224536],[75.93628163568589,12.964865193715847],[75.93618782825882,12.93974662801204],[75.93682048728596,12.913190040915474],[75.92567751486948,12.867297702761821],[75.92194938193478,12.847933191080752],[75.9233048860837,12.818503070008626],[75.9244451882211,12.812470176750216]]]}},{"type":"Feature","properties":{"state_name":"Daman","id":10},"geometry":{"type":"Polygon","coordinates":[[[73.13683688453918,20.252921942291056],[73.18303153613128,20.20034923042147],[73.19647049646636,20.165114408940518],[73.18069275330633,20.160244920590358],[73.16870460174094,20.146497681042206],[73.15668488092295,20.13561738608089],[73.13244612572065,20.13106018564553],[73.11579048080053,20.127297961013603],[73.08694850751264,20.126987218077865],[73.07322520036803,20.131856471782246],[73.05488484457442,20.141692388788723],[73.00513752403582,20.173398320465523],[72.98522394708543,20.186793075005077],[72.96829772524949,20.20380450535765],[72.9488169014883,20.241574782394107],[72.9362957069297,20.26938745620186],[72.93722665724107,20.313846807554018],[72.93270292855941,20.36827812152238],[72.98334130630622,20.373100557999653],[73.0016771348559,20.366142294096147],[73.04660939118637,20.329130674122393],[73.06005571302295,20.31804865453762],[73.13683688453918,20.252921942291056]]]}},{"type":"Feature","properties":{"state_name":"Delhi","id":11},"geometry":{"type":"Polygon","coordinates":[[[77.29054717162758,28.401440225165857],[77.26624218831476,28.394725343034164],[77.23039806086337,28.384812817155016],[77.15441087483273,28.365026614990455],[77.08920320848779,28.343122098667756],[77.06330428929793,28.343516467782177],[77.03537401328143,28.35062131860073],[77.02463609156457,28.35364624525065],[76.99567435961906,28.363623509450676],[76.94626593270316,28.377708504408105],[76.88171656225727,28.38679117096483],[76.86332131083141,28.389373706847255],[76.81263828202206,28.393877848261305],[76.78497937981321,28.419075161402166],[76.78852465579304,28.43717505056652],[76.81271355161107,28.461686665753067],[76.84013931160493,28.48519469887772],[76.85994362557241,28.50498110425099],[76.87808434645441,28.55248334583507],[76.86074290885908,28.611934338940678],[76.8417836175419,28.641799358994916],[76.83883655789936,28.659029978584968],[76.84681588617974,28.68184202969288],[76.85466421399614,28.697015056806702],[76.88728712285679,28.70420396397501],[76.97097433293565,28.719245099605487],[77.13739096206127,28.74614125450467],[77.15498688910154,28.727373805029472],[77.20159766920493,28.625163161408448],[77.2802656974156,28.50927413086741],[77.28915465037622,28.482864769768714],[77.28858863279224,28.45661437000251],[77.28792067961415,28.425591026334455],[77.29054717162758,28.401440225165857]]]}},{"type":"Feature","properties":{"state_name":"Goa","id":12},"geometry":{"type":"Polygon","coordinates":[[[73.9512691998671,15.240986087870137],[73.95331085689973,15.250483387872347],[73.94950472717731,15.257147641018735],[73.94950472544492,15.257147646528018],[73.94233792521462,15.269694761900093],[73.93698783667455,15.273988620254183],[73.93489469975496,15.275668437915856],[73.9403417772599,15.277017812638746],[73.9432408991479,15.288511912813812],[73.92525120974952,15.337217598962052],[73.90290545865858,15.368679435102763],[73.87764838700318,15.390078793210739],[73.85536033719663,15.408620242739396],[73.84276495598085,15.414648176886804],[73.84941147467062,15.414772335955153],[73.87211450233286,15.419935786069727],[73.88432933205986,15.42271280726656],[73.89189013889103,15.431352810530845],[73.88341950562113,15.453038904033495],[73.88067358115607,15.454940230014849],[73.90231400829745,15.457886779415409],[73.90706561645804,15.461877717479085],[73.91090733791333,15.46510425080691],[73.90468251009062,15.47643406768428],[73.8984474761251,15.48955736476698],[73.87861380122031,15.508591004102353],[73.84146598798024,15.53530520342153],[73.79440212529613,15.56853529164419],[73.78756486111995,15.577466173613017],[73.78070582499916,15.589984034914496],[73.77877748899064,15.603126959103605],[73.77866422155432,15.622258844379568],[73.77852951333404,15.644977916275428],[73.77842656125881,15.662316121852548],[73.77398579364606,15.682619470015409],[73.75899028740058,15.713026943187975],[73.73533302558602,15.745774436867253],[73.70364934803013,15.777275341251663],[73.70133601971597,15.78050638186107],[73.68745082590992,15.799897053797665],[73.68306287569021,15.810034161112664],[73.69581935263645,15.842993642009667],[73.69881154155978,15.85795819918559],[73.69197979971418,15.872100600194978],[73.68441187905826,15.887764154744154],[73.6833689387972,15.889874468391989],[73.69934352455581,15.896516603086127],[73.75098359288776,15.89343802083948],[73.75831603557015,15.906633453431064],[73.7581249827126,15.93772164616704],[73.76415745310842,15.961671133213],[73.77397955331429,15.972488970458881],[73.7813667211533,15.977313908915518],[73.79124796221592,15.978565401677061],[73.82342071830202,15.972764960928288],[73.83581571213166,15.966853542043548],[73.85690256971222,15.953813024003962],[73.87913628030199,15.956321417712097],[73.90258715812409,15.962421122352168],[73.91501165444913,15.95052613217252],[73.92125531244899,15.938599496395879],[73.93002046060924,15.917118711246811],[73.94121106266297,15.90401998970743],[73.9573302655842,15.893336048595035],[73.98086714522404,15.881490053178593],[73.99951253535542,15.85885629004454],[74.02187108205004,15.833845748340728],[74.05154568617995,15.827998280224023],[74.06995404707273,15.854386803518667],[74.09205240643418,15.88557288659695],[74.13400727394531,15.898899507421525],[74.18467170368737,15.89909659146971],[74.20946100853153,15.88005448102881],[74.23428630674506,15.85024634565641],[74.27771817571823,15.796579430780083],[74.28399458753339,15.767898175130483],[74.2853675130299,15.728437276856422],[74.29038096596392,15.706926971067807],[74.30033113022787,15.685432314425851],[74.3239511737538,15.63527713626731],[74.33273351128912,15.591054011061306],[74.33168881035562,15.532449211964115],[74.34043388610942,15.497792729286994],[74.346694523379,15.467912235846468],[74.34929144619888,15.426061020459354],[74.33340433368981,15.381763051629477],[74.28186161062621,15.314628806589011],[74.2733059302918,15.294269729283348],[74.27225924818946,15.24044769298909],[74.27494780702406,15.174677682552376],[74.27132722248174,15.153138360328532],[74.26400543746301,15.133978907874047],[74.25171019772435,15.129154600218133],[74.22217086177659,15.126662910517554],[74.20864597491759,15.121832081220571],[74.17918200027266,15.10019968805059],[74.14614118894379,15.05104318964423],[74.14375140975818,15.033094776292323],[74.12661073898366,15.011502309395791],[74.11804167513668,15.00070564481198],[74.11493924348513,14.986353339922328],[74.10159728769754,14.96667197394878],[74.09474564014744,14.971026495122862],[74.07254003834048,14.985288665056299],[74.06064471481177,15.004614213441247],[74.05211944077743,15.015564808038375],[74.04950771261753,15.018919232542952],[74.02582735212138,15.03101751888978],[74.0117629345848,15.038849898195748],[73.99861169029133,15.046076796661934],[73.99781932285035,15.046512176566951],[73.99103533217031,15.050239581697754],[73.97844870436738,15.057358759809803],[73.9687873240481,15.070230851086372],[73.95313255288445,15.100295771557183],[73.9345078286,15.132497884243499],[73.92711974188386,15.165491781327086],[73.93517588738999,15.18104525182853],[73.94676844197484,15.220047037942496],[73.95126919989171,15.240986082904579],[73.9512691998671,15.240986087870137]]]}},{"type":"Feature","properties":{"state_name":"Gwalior","id":13},"geometry":{"type":"Polygon","coordinates":[[[77.09109140529867,25.30921111497993],[77.06487573345076,25.29816143656089],[77.03634001674075,25.288526983424987],[76.92999775908808,25.250084624057965],[76.80848832999928,25.238724421147538],[76.75334616678725,25.239389348477573],[76.70003696100466,25.25864467237348],[76.67988669487936,25.283240480476795],[76.65501845993505,25.309320076157107],[76.63615808530056,25.31383039961446],[76.59989645980694,25.314228495027542],[76.54761267943444,25.294720643869127],[76.52378744596699,25.280635667297684],[76.49541504991073,25.28092599225199],[76.46243369581819,25.291289963842146],[76.43493652194266,25.366093637071234],[76.40315444577811,25.48250006714723],[76.3961218310351,25.557099723969266],[76.40018257921975,25.634459290393934],[76.42153330811357,25.701617279593282],[76.45543137975899,25.757179823355052],[76.54134825884415,25.792125759289952],[76.60028104673133,25.818719639401976],[76.65502744849864,25.884031298041073],[76.72061682701698,25.927694482126217],[76.7527748779485,25.95883690794117],[76.77828505345497,25.96855725538295],[76.81797768631189,25.972363191163982],[76.85918968014981,25.971839511098676],[76.88147149548688,25.977283562044576],[76.91986279500988,25.998274121200673],[76.98611551984614,26.07189277268281],[77.06300877992315,26.11380091532933],[77.13318913628981,26.132839242508567],[77.186278542708,26.170729408066183],[77.25898186143911,26.235513778071446],[77.37772936740964,26.293769956879853],[77.46440422126823,26.333852694933512],[77.56525340425284,26.365030831399412],[77.63516185981153,26.362328279439716],[77.67344084868654,26.36734828467656],[77.69592651477882,26.376953622478194],[77.73881144976113,26.442030208160478],[77.7795008508823,26.47991833038228],[77.86672189997888,26.531187809620892],[77.93451066610524,26.567046163679155],[78.00942130389322,26.629930223154933],[78.09552881182917,26.691093068332357],[78.20866481550833,26.745859390683027],[78.27348866645245,26.78160667938254],[78.2888638454102,26.793846847244208],[78.2928570460039,26.78770788513206],[78.33913597687449,26.78805519626789],[78.43099999055126,26.7923004788632],[78.50156780227144,26.778401601069653],[78.51460611387414,26.77470557888616],[78.51460611387415,26.774705578886174],[78.54030760981016,26.767415774848377],[78.5960938856533,26.740955519923112],[78.63289764120094,26.719973595387515],[78.65394429848939,26.705116434341132],[78.67978556023607,26.690847990589777],[78.71381282198796,26.683518968000357],[78.75375879626318,26.686761901357002],[78.78170091581714,26.712501929486535],[78.81023734760679,26.731777866714342],[78.83094276054473,26.731219378625855],[78.85307136589397,26.72560923452191],[78.87068343482719,26.704373958906146],[78.8803295179388,26.683355166350914],[78.89712212762034,26.6149046162178],[78.90872348556857,26.558046980945637],[78.92166334446806,26.493995461575015],[78.96677642152173,26.441219459184573],[78.98906879652175,26.419128583088053],[78.99572171329677,26.404629635745493],[79.00336834687806,26.37292721861189],[78.9943877219182,26.322456725495165],[78.95990976654339,26.28166717754847],[78.93943636700595,26.263146556884763],[78.8776320255304,26.254012084829487],[78.83673964821145,26.24151281651514],[78.81108303757915,26.209272020713016],[78.7976816453533,26.16310258683189],[78.79976145644136,26.12940681221846],[78.81933549680647,26.097395480237605],[78.87177722233156,26.068008160461364],[78.86237860905547,26.052909985597992],[78.85685132703163,25.99092458909654],[78.80957541536604,25.98092094001316],[78.79833678323803,25.976206410371233],[78.75784152409442,25.94791757313491],[78.73103809950342,25.90136809329995],[78.70826355682948,25.831086458894713],[78.71023005290878,25.767327559505933],[78.70714635592503,25.74916050039124],[78.70635883766056,25.74451971055389],[78.69560443092348,25.72904492969874],[78.66300754611187,25.722710629714626],[78.64907767624861,25.732366774234723],[78.60056550616434,25.748608960104118],[78.5630987483084,25.764565646261378],[78.53721848349183,25.77164088024549],[78.52352561827563,25.789871469937058],[78.5105135648441,25.804504986294848],[78.50576142149326,25.831109071351325],[78.4986357792219,25.857770391634197],[78.50618044014779,25.92560075438514],[78.55800190363209,25.990198333775545],[78.64731206051982,26.009446784660323],[78.66406855076322,26.013317587979788],[78.68835333624602,26.029879055514073],[78.69594988879584,26.04471693739095],[78.70780101902837,26.068750476147436],[78.71601394484892,26.102897784419575],[78.71583317161495,26.122229224383855],[78.710037930958,26.139558103753494],[78.69348419075361,26.167900787346703],[78.69379656965961,26.228021015117164],[78.69062306083562,26.25315605063682],[78.68479736782038,26.269769521484438],[78.66074371010357,26.287565429036828],[78.6345593367412,26.288231854051446],[78.59644925852959,26.28847739800588],[78.56656304135068,26.272043364137964],[78.52715789961472,26.229348811403685],[78.49354895441802,26.167170665457398],[78.47255458192589,26.1547926063997],[78.45204913468562,26.15886580640885],[78.44688623079915,26.16576926638211],[78.43525835309867,26.154399423255096],[78.40641823614294,26.108309614314404],[78.38441973901851,26.042004599227695],[78.37162953555624,26.001254709261016],[78.34131351584841,25.975228724070664],[78.21213232691676,25.88554722388167],[78.1964136566058,25.850568899632506],[78.18067973316354,25.8146336488452],[78.18355452371331,25.724822358733626],[78.1841107488481,25.712194711942768],[78.18787680524731,25.711516124826968],[78.2236970861942,25.671940772534647],[78.26584520993966,25.623862806782597],[78.30098985480649,25.585480438887224],[78.32761251076714,25.542963439206385],[78.28349158567013,25.514715491665658],[78.24204018968311,25.48938329571689],[78.2137445284323,25.463750222348473],[78.2149774928645,25.411210268906753],[78.22287080893781,25.36210476828006],[78.25278097473672,25.3017732973714],[78.2588626302428,25.283737004436617],[78.17486937095016,25.27668443961454],[78.1364775462094,25.253873875062776],[78.12009632757395,25.229156323256056],[78.11281366960195,25.22143246496102],[78.10910192768807,25.19931009530768],[78.10793339392877,25.184295547449008],[78.11225276314123,25.16844941017141],[78.13714567751487,25.157181391440005],[78.16686250166838,25.150103103451254],[78.21065318604143,25.139849992355845],[78.25632343880513,25.113844735288335],[78.2541629995876,25.107206859522872],[78.2304820720425,25.054017509063254],[78.17616543373609,24.979996472946166],[78.1330146517668,24.930781122787035],[78.1099947609698,24.900229752282733],[78.10927716953363,24.871597951628377],[78.10882284424319,24.748664112335973],[78.12585523310463,24.645657783688048],[78.13052037700997,24.600223783185157],[78.13531118893235,24.553551299702804],[78.14997482041309,24.46133599299179],[78.15823539402997,24.426548248760827],[78.15961909207083,24.315202426216388],[78.15512866536787,24.291661706584247],[78.14238599646208,24.281899305692853],[78.10717372040014,24.279759084316424],[78.08608800517594,24.28018905339309],[78.06097668932925,24.275683668941593],[78.05370833234252,24.26580268267901],[78.04862993324093,24.24943118447282],[78.03983409909088,24.175117805455532],[78.02521827812987,24.11810820800579],[78.0253758080437,24.109776364986615],[78.0262622286851,24.062935511575315],[78.0338232015371,24.05275804428972],[78.0672269811408,24.047078056606647],[78.11545463375865,24.041806043767743],[78.14183495347608,24.036253062041613],[78.16881616284726,24.02352126594941],[78.18327071241711,24.008897474626878],[78.19276674400885,23.95140449739569],[78.20809631821518,23.9410580857599],[78.21422033884116,23.936632836422916],[78.24917523955143,23.932315973871695],[78.26294020694839,23.921997725674593],[78.26768813672052,23.893966515464296],[78.25802321917735,23.881280731482377],[78.20939070773113,23.835751227927577],[78.17974190094576,23.801272219562943],[78.17463866273847,23.783472119168543],[78.19727227122884,23.701150390318944],[78.16647535819985,23.671225288124273],[78.12841705311114,23.640484540135038],[78.10388803700206,23.611372647621366],[78.08053971578029,23.587962584614797],[78.06074946099613,23.583578934792687],[78.03075656095591,23.586077532619825],[77.9946986374529,23.595373081137694],[77.97300929902727,23.598655404188193],[77.96044930413588,23.593164973831353],[77.94987657643021,23.583815267147436],[77.94325679297441,23.56579385650978],[77.942661113348,23.53906204147356],[77.95423398501103,23.50063828253213],[77.94755543082715,23.479752395157576],[77.93084703474764,23.473381803751085],[77.91020978095018,23.476634071911082],[77.87733670187512,23.48870656999065],[77.85760659681915,23.486204375507064],[77.85224581309384,23.477706120769778],[77.85489887784067,23.456643797769555],[77.85854514781072,23.433652916408374],[77.86221115406053,23.411616807695086],[77.85966991682892,23.389694404809752],[77.84796458156315,23.37462532523327],[77.82498694757152,23.36453514332206],[77.80225336310806,23.36589942503001],[77.77379032222643,23.390287534135513],[77.76175291578053,23.408650113748156],[77.73667306692963,23.447301261657902],[77.71452877936066,23.478256224907636],[77.6951894571208,23.494831346345354],[77.67246880503106,23.498088761645743],[77.61943455490577,23.487526494429424],[77.58739324572961,23.49092800008614],[77.54634239954102,23.51071124585995],[77.51009507123928,23.511300036978184],[77.46940099133295,23.49570969470115],[77.42950610681629,23.46672004029271],[77.40551918283761,23.457537998106346],[77.38182668055762,23.46458964015744],[77.3664661519276,23.4743778181724],[77.34617913188305,23.49857035964815],[77.35268287385477,23.5729953036475],[77.36440690468899,23.590970162869997],[77.37601372567578,23.602257846392522],[77.3951215867992,23.626804426915353],[77.39681954294343,23.663083087401336],[77.39414396089362,23.687009221396917],[77.39345527728082,23.706127639416085],[77.38545246835405,23.72249290122214],[77.36804075330821,23.73518074557336],[77.28367737756932,23.77753407895596],[77.21487973419445,23.822487856652067],[77.28123125417184,23.85042961286985],[77.34078524007838,23.869599103975542],[77.42628704686832,23.8864264458602],[77.47255155394294,23.91530481411963],[77.54118055351563,23.970547288752797],[77.5685421915217,23.987286446559317],[77.62172336373301,23.99498334161669],[77.50788713409914,24.276924020503074],[77.43181271724153,24.23503568584361],[77.39839502893398,24.230789556874097],[77.37461800898016,24.240715923067587],[77.30916914636121,24.251277316658392],[77.27784921950925,24.247928177486084],[77.25785418484261,24.23676163031411],[77.24404484480064,24.221679539282153],[77.222601029674,24.186643912860845],[77.21845380129129,24.127468328225763],[77.22179644708461,24.019456442925467],[77.20694204699056,23.94132483554203],[77.18286182078478,23.83294005580106],[77.17384428932755,23.837404229705985],[77.1573075897965,23.842414096830122],[77.13675618054472,23.85607739631973],[77.11218479026397,23.878392855739545],[77.08795810761234,23.92267664824804],[77.06106843805625,23.99661374808174],[77.02337195219887,24.046802767312837],[76.99156611125396,24.07588565456809],[76.92622663610594,24.091055892763393],[76.8398345204225,24.09116467844395],[76.77163821564586,24.076506528311302],[76.77272388554911,24.155330761854746],[76.76683123628379,24.18120016053271],[76.73288765073804,24.213124710751394],[76.71309082958413,24.25205070263317],[76.71355213411698,24.286447120509113],[76.7328601144674,24.32636289948524],[76.72075438018028,24.356601734151333],[76.69921606472818,24.384079082943053],[76.68225007050374,24.40290257728917],[76.68100778168632,24.4272840317027],[76.70164556970293,24.448553964369776],[76.71892519327321,24.452658585991138],[76.75336837957686,24.45226299813901],[76.78289234879371,24.43615097144758],[76.81368694490625,24.39995170580282],[76.84162605589212,24.383847985202706],[76.85879532364442,24.38077165493795],[76.88230673851405,24.38334792371655],[76.89685916995,24.414698601145755],[76.90080579360101,24.469113456144377],[76.9096733306139,24.537798002660235],[76.91012921944744,24.56789046084989],[76.92318953399405,24.602121952610005],[76.93952577766302,24.644908901624326],[76.93040544551536,24.66365820613964],[76.91330980257885,24.67390955461839],[76.87096787212256,24.674443138181573],[76.82070004535403,24.66932799229697],[76.74059929004119,24.661677850835076],[76.7297602367039,24.6718363253207],[76.72707786269366,24.704833594997343],[76.752659413472,24.738936184774783],[76.78759049399663,24.767189202329533],[76.80815966131775,24.77840836231559],[76.8146673825244,24.79409547437869],[76.78070505981735,24.834635176295638],[76.75930820042083,24.87645362300955],[76.7503678678529,24.910957318946455],[76.75861076367916,24.93809235979905],[76.77937174064506,24.96077785800497],[76.8109358987038,24.968996673239076],[76.88499321518941,24.979542782638777],[76.91658993705464,24.98917136730763],[76.96888175052129,25.014284974700605],[77.00063224303169,25.032491578061453],[77.02736690152351,25.03212914856476],[77.07928625133358,25.03284462975002],[77.16145928470844,25.054600102405832],[77.1923947080417,25.058311010148056],[77.09109140529867,25.30921111497993]],[[77.62172336373301,23.99498334161669],[77.6967364697726,24.002278562490492],[77.76661856907758,24.012494604385235],[77.83046005491217,24.031385815153037],[77.870132553591,24.07370807524263],[77.86821838478699,24.07166700331524],[77.86482635108358,24.080412108543765],[77.84780306011335,24.11033884450931],[77.82209281329965,24.124188006271414],[77.78511856756488,24.14683557627968],[77.78020012352472,24.20805454454235],[77.77857411920382,24.229097338186047],[77.7778855231895,24.245347289327167],[77.76569995170132,24.2598965977295],[77.75849249068226,24.26384817505797],[77.71599505176677,24.274165347377885],[77.69494407507612,24.27498773560452],[77.62172336373301,23.99498334161669]],[[77.80111268024102,24.680988652618655],[77.97042029627042,24.103227327198738],[77.97178499741693,24.874167525823854],[77.99009532085468,24.873801644387207],[77.99026813402706,24.873680618855012],[78.01947759447978,24.898277115074713],[78.03840481678425,24.922959479791903],[78.04407804718147,24.940748516389185],[78.0344294531384,24.974368006643378],[78.01552435550141,25.004594281478496],[77.98986013165445,25.026599201678234],[77.95658598436623,25.059495422810375],[77.94129514809423,25.077705039968492],[77.91381126302602,25.079441336053637],[77.9044444344361,25.07614112631579],[77.89989463463057,25.058742170283487],[77.89448465494385,25.072632002501724],[77.89134240905078,25.07152489667658],[77.84329677149687,25.034252627333917],[77.80714564491666,25.00031992510412],[77.80262167609311,24.974141308178428],[77.78068261127076,24.930381090514643],[77.75083134256154,24.88318093167963],[77.76060750705487,24.851959964953725],[77.78487894438949,24.83855548756295],[77.80379425886846,24.852348991237797],[77.8499133539365,24.867608023199075],[77.80111268024102,24.680988652618655]],[[77.97042029627042,24.103227327198738],[77.90661423874472,24.08821877654315],[77.9704202962704,24.103227327198724],[77.99584526745856,24.106259796675406],[77.97042029627042,24.103227327198738]],[[78.20249767099313,26.21593087087575],[78.24545244474344,26.231032728060466],[78.25015633646669,26.233435549563872],[78.23708550424703,26.2618450746611],[78.225582031159,26.304208110474722],[78.22268752065723,26.29313917049756],[78.22019664230959,26.2985531081675],[78.18230235989562,26.365275087463495],[78.18189119638325,26.408246345627372],[78.18230235989562,26.365275087463473],[78.22019664230959,26.29855310816749],[78.22268752065723,26.293139170497554],[78.20249767099313,26.21593087087575]],[[78.18189119638325,26.408246345627372],[78.18764405391055,26.443919645988746],[78.19267769397588,26.448403888017708],[78.18764405391053,26.443919645988736],[78.18189119638325,26.408246345627372]],[[78.28029056284839,26.513419807283665],[78.2802905628484,26.513419807283675],[78.28350613659383,26.51386964286225],[78.28029056284839,26.513419807283675],[78.28029056284839,26.513419807283665]],[[78.28029056284839,26.513419807283675],[78.2642474471744,26.503159039267565],[78.28029056284831,26.513419807283615],[78.28029056284839,26.513419807283675]],[[77.47462627752554,25.795121738821447],[77.51263014619624,25.8040095397102],[77.47159323319339,25.80547198622616],[77.47462627752554,25.795121738821447]],[[77.51263014619624,25.8040095397102],[77.5120196923044,25.80413107527583],[77.50796380999437,25.806055179599806],[77.51201969230439,25.80413107527583],[77.51263014619624,25.8040095397102]],[[77.23653560360476,25.630957118369405],[77.23653560360476,25.630957118369448],[77.23653560360475,25.630957118369405],[77.22023070079818,25.603981006422025],[77.23653560360476,25.630957118369405]],[[77.22023070079818,25.603981006422025],[77.2052241854354,25.56122105888808],[77.20522418543544,25.561221058887902],[77.20522418543541,25.56122105888808],[77.22023070079818,25.603981006422025]],[[77.05922794301311,25.388128048695613],[77.05374333802425,25.385732077250108],[77.03290452715903,25.365959050961212],[77.05374333802426,25.385732077250108],[77.05922794301311,25.388128048695613]],[[77.59205440995399,25.849105409775103],[77.582470166816,25.841576842337222],[77.56834666300654,25.832952289028206],[77.58247016681601,25.841576842337222],[77.59205440995399,25.849105409775103]],[[77.71571295178312,26.044789163741047],[77.72257682011163,26.082541017429765],[77.72257682011161,26.08254101742975],[77.71571295178312,26.044789163741047]],[[77.2181722412885,25.49224582648812],[77.21817224128849,25.492245826488162],[77.21817224128849,25.492245826488123],[77.2181722412885,25.49224582648812]],[[77.11111517897622,25.509589266508087],[77.10149332162594,25.501129688224676],[77.10051550788273,25.484776825923618],[77.10051550788275,25.484776825923657],[77.10149332162597,25.501129688224694],[77.11111517897622,25.509589266508087]],[[77.24969690151362,25.742600663603465],[77.25001932941431,25.75970730144969],[77.2500193294143,25.759707301449673],[77.24969690151362,25.742600663603465]],[[77.46798651576815,25.817779889962775],[77.46798651576823,25.8177798899628],[77.46798651576822,25.8177798899628],[77.46798651576815,25.817779889962775]]]}},{"type":"Feature","properties":{"state_name":"Hyderabad","id":14},"geometry":{"type":"Polygon","coordinates":[[[75.24568317875327,18.650235129611968],[75.27109308366288,18.62544980656195],[75.27873175207804,18.610015221523522],[75.29074114922719,18.592779679376747],[75.30426285047014,18.58128007208489],[75.32273162943905,18.575080549240923],[75.49034655152808,18.411585644133737],[75.47825793558775,18.38865928112519],[75.4826827117788,18.35851751367863],[75.494209250634,18.341244953177544],[75.5066573475356,18.335498622982882],[75.52761690862748,18.31105036548088],[75.53356851583831,18.292381533984184],[75.5334588833736,18.256511945845876],[75.55885952568167,18.216265170412935],[75.57986898339259,18.213333206723284],[75.61135669556901,18.201757110656345],[75.66083177889296,18.184375755380213],[75.66971773667751,18.152779764169964],[75.66958125506471,18.116910554617213],[75.67841304051278,18.072401135517904],[75.69631241922818,18.046511163520254],[75.71429344892324,18.04214119744545],[75.72331586589168,18.047846808309096],[75.7489473739558,18.079314319778362],[75.79557099446336,18.113863694845747],[75.97362222086689,17.940189012411455],[75.9475526395037,17.92064250130912],[75.92746403398625,17.900413754165324],[75.88871550400597,17.89342068479088],[75.84626315264217,17.894805424360747],[75.81381104546833,17.898530702015112],[75.78013986649407,17.909429467035007],[75.76769198458163,17.919044266031175],[75.7251925584907,17.910837653480286],[75.70020919214289,17.909733476759026],[75.67535288526602,17.94210469551413],[75.65793531918979,17.961295346015373],[75.64294799922929,17.96254124530475],[75.59918152507807,17.950724364074645],[75.57922866424407,17.96154614538029],[75.56309736388262,17.99626875220431],[75.57074109532292,18.041682554291185],[75.5708530500132,18.07635704695466],[75.56092797451322,18.100299771457024],[75.53598726076478,18.12189299717056],[75.5210276772901,18.137477916274005],[75.50110018432741,18.166227218322394],[75.48494567721433,18.20453045470813],[75.47122900527717,18.221304148727583],[75.44745646158985,18.22136109978095],[75.42112971357739,18.19989836721773],[75.38985896613443,18.202355815704166],[75.35239677769579,18.237103374899476],[75.33374812007119,18.30050830243043],[75.34132437528385,18.333974027502812],[75.35267013010272,18.372215047865144],[75.33516813040623,18.387790443194127],[75.31012862606192,18.392615614008953],[75.28134577774311,18.407008498896612],[75.27261560980372,18.430934741192104],[75.25639588439749,18.47519723863528],[75.23511042976494,18.487181555915058],[75.21131848737353,18.501557650337457],[75.19255466983998,18.532665070218247],[75.17632837395563,18.599638081910165],[75.17636877509106,18.63883467343205],[75.1763776834429,18.647464298404852],[75.16512709042662,18.68693102013063],[75.12124759094633,18.73120348300164],[75.06353338474356,18.764710008300103],[75.01709397602879,18.786241571625208],[75.00328551891809,18.79939435980065],[74.95556957453121,18.83525818519343],[74.92918280993406,18.87590147369739],[74.90654623291802,18.92730332613534],[74.89396804306915,18.950013331868004],[74.8751134996613,18.958370907722507],[74.84870191364004,18.983459111493005],[74.82855633970327,19.01930980797398],[74.84235028141524,19.055190222146248],[74.85993500568074,19.07672523336882],[74.90897646273913,19.079147168816508],[74.93789778778961,19.0839415866548],[74.95801095820822,19.11503286039945],[74.980644222526,19.176011926685216],[74.99825956970058,19.204707056571916],[75.00832806121132,19.21785831622989],[75.03979310167121,19.22024535316084],[75.08132207043677,19.210666954774585],[75.11529466863556,19.199888474462462],[75.12158510888288,19.197493241630802],[75.15178061612622,19.19029723110942],[75.17442235432053,19.181908010880825],[75.18571624529255,19.154398447868523],[75.18946459401762,19.131678425840562],[75.19445851530425,19.099392215957426],[75.20324908948673,19.088622372645702],[75.21205374642705,19.08980804646881],[75.25105729484741,19.10171494996742],[75.28125181631627,19.107649255741546],[75.29382908397999,19.107629614709662],[75.32148746760178,19.101605478153747],[75.33657958120324,19.101578516027484],[75.3479036478874,19.10394863781183],[75.36050646067774,19.115880197593196],[75.36305073967334,19.12902655567095],[75.36307948267631,19.142177839166756],[75.3430284321174,19.179279174794416],[75.3229358333053,19.199640373148565],[75.31163481448334,19.21281122042388],[75.29152796197762,19.22958231449166],[75.28778533725307,19.248717353704627],[75.29159131031811,19.265449271261264],[75.30293480951487,19.272604219223524],[75.32686485357132,19.27734524300241],[75.3797542050944,19.282025220764346],[75.39492002239842,19.305904119150796],[75.41509769577483,19.317814824620708],[75.42270581953068,19.338121614737158],[75.4265308007361,19.35604583014684],[75.41276248283954,19.390748212148104],[75.40566929189792,19.395194245639065],[75.36872889714316,19.418340262845746],[75.34731753227311,19.423164629296284],[75.30576676539043,19.441172490858698],[75.29571707124272,19.459122272682585],[75.28819897681362,19.484240708469976],[75.29971639179517,19.577473417779068],[75.29470152050298,19.59421901513025],[75.27578570782957,19.597835517928495],[75.22909861984999,19.589532211067468],[75.17737594836785,19.5860039161208],[75.16352219986737,19.60753656928777],[75.12316994838453,19.631479267716838],[75.07144018823917,19.637484879626466],[75.03863187980869,19.63271279598963],[74.94904532142358,19.633905258707795],[74.93011232498029,19.648245241744863],[74.89349283629873,19.68528852736392],[74.87327904426934,19.709185785591124],[74.84297394906844,19.717530429931095],[74.80131211340355,19.71868462344503],[74.74954460701302,19.723401830540887],[74.73561213709186,19.7508784710308],[74.71783137604135,19.809430797992807],[74.72028026686341,19.853667873658292],[74.71390487416348,19.88593590505074],[74.69745110388942,19.899059016039004],[74.66835753994005,19.910961959665322],[74.62657437619485,19.941961400906102],[74.62018192764262,19.971834510440118],[74.62264816275214,19.99813995846697],[74.6438488819102,20.01826759281858],[74.66606090320695,20.041263730126342],[74.6882831601709,20.062344383015173],[74.70545539693158,20.08054481155048],[74.72462286321355,20.117873992113672],[74.75284307377459,20.20016282307778],[74.76694843002963,20.25182522049803],[74.7679546814512,20.256608310743175],[74.77907622044378,20.274793334960872],[74.8084502840126,20.28917315902525],[74.81655909028305,20.289181840680147],[74.82669723004244,20.287279466538042],[74.83887018634915,20.277727576548575],[74.86929126282428,20.25958219163074],[74.87536409640468,20.269150157421983],[74.9194154905933,20.29760653818539],[74.93587023388777,20.33945364042077],[74.94980370464317,20.36456228711636],[74.96881754757673,20.366957580752537],[74.99924096348201,20.362178638206174],[75.02205797569174,20.363372678201628],[75.03473810857837,20.381302069200597],[75.04108545478014,20.413577211465416],[75.06518643122048,20.43389204883438],[75.0804053082814,20.435081106451488],[75.14001377723044,20.438629627864117],[75.15017931051607,20.458943239701558],[75.12738873554433,20.507973354514665],[75.10331774235458,20.561782647587727],[75.10206996068598,20.594059206380393],[75.11224263926727,20.616765440575026],[75.1402021643913,20.6454344313721],[75.16687981613342,20.653778423236847],[75.1922797594246,20.65375199280417],[75.21386800585283,20.65253120432756],[75.23923962408068,20.63456712117476],[75.25570153650243,20.607049627553447],[75.27088609558305,20.578337144560823],[75.29875162443093,20.54721110381355],[75.32284198360715,20.536409368207405],[75.350762924166,20.537550522262848],[75.39400132544183,20.573319168252436],[75.43341724400034,20.597132484224296],[75.46515460001014,20.59705004432246],[75.49941130199191,20.590977697409322],[75.53110570052814,20.578929680111067],[75.60480633317941,20.599008797941302],[75.64799365636001,20.604829082574025],[75.6808630059427,20.57362402350831],[75.72762689944793,20.53159715341398],[75.75295782909707,20.521926368861354],[75.7897590551825,20.522958057578993],[75.81899858023019,20.533580319975183],[75.8457632483335,20.554967379443493],[75.87877879457513,20.558388951195038],[75.91302202287551,20.554625975066543],[75.93078102036606,20.553336187520028],[75.9650889591731,20.560320135358847],[75.98653016401019,20.564336719223313],[75.99682185641707,20.552185236321776],[76.04223718861729,20.512474470556192],[76.0520681279961,20.46579996121817],[76.07226856012551,20.452528697423467],[76.10264354663141,20.4439720466868],[76.12538110746644,20.431874021379887],[76.14549094642602,20.407838026465683],[76.15661507132492,20.36951678903649],[76.15757079235755,20.327676793497762],[76.17132853335418,20.303680213215394],[76.18768832644274,20.289227012129874],[76.21046160131563,20.285485346704025],[76.23827175309158,20.278119538822516],[76.27747793563779,20.27066671394027],[76.293853735594,20.259789656160056],[76.31020715867368,20.24652091317022],[76.32011573361285,20.22015207783446],[76.32109949519274,20.186678804022364],[76.3082317048628,20.161675432823515],[76.26122960528542,20.1405042278323],[76.23713800058187,20.134698821208715],[76.22799054056654,20.097709926738897],[76.23531926065883,20.06419160322049],[76.21083730079206,20.005792785807216],[76.19538439232674,19.96884399500938],[76.19144833585908,19.949745880907717],[76.20134343016012,19.920992330410957],[76.22529047144117,19.912461926400088],[76.24674501063649,19.908726989695275],[76.27681367843745,19.87624150548112],[76.31048303452167,19.822210296707752],[76.35368489385384,19.808142569602587],[76.37183840080655,19.804418339393802],[76.3908046676888,19.807140244367844],[76.42975940287481,19.841972026250577],[76.45804735033764,19.868993588856632],[76.46951548978117,19.879656101851015],[76.49078582014069,19.884499070563038],[76.52704568043268,19.871283927930243],[76.5412175301961,19.84749760776446],[76.56149585005737,19.828676700234983],[76.58253408911722,19.810564089915832],[76.64011917389163,19.81076157973716],[76.66217866412087,19.819162447123322],[76.680565137901,19.838351005499607],[76.72035199839607,19.87382418747721],[76.75548976716223,19.898577611531064],[76.79501666362842,19.90822154079816],[76.83065849609733,19.909292242498495],[76.86005201961763,19.894647136298484],[76.88871599203071,19.882873250045357],[76.93096299204475,19.866646380682308],[76.97813771854737,19.881902068945525],[77.02898300987528,19.946572077404348],[77.05868703135513,19.956984144269295],[77.07306292731715,19.954665998529123],[77.10162335209357,19.935690159639417],[77.11876068359253,19.91326216754082],[77.13314093005154,19.911656378644608],[77.15529348299204,19.924293460086723],[77.17148374585514,19.944169430209538],[77.19514982498602,19.956065464094785],[77.22175112050671,19.96075253520553],[77.24506777489977,19.947555406754766],[77.25772900959508,19.931623831895724],[77.27116605981483,19.917115351022876],[77.347861541884,19.92687121119994],[77.38657420233767,19.93065626165077],[77.41760055404924,19.927369480185334],[77.43552362558707,19.90992159924005],[77.44424158736106,19.88543101957137],[77.4448667907039,19.82736207609799],[77.45667495796316,19.80712967209947],[77.47441520960372,19.778930023121823],[77.49915152300771,19.762816792608568],[77.51336508570598,19.75186605670623],[77.52502444631558,19.72303118345612],[77.5253309708877,19.69435605486742],[77.52403528478514,19.65996919601014],[77.53319431353437,19.61683400072076],[77.54581349186618,19.601603822985158],[77.55020484618673,19.599021582610845],[77.56080067108631,19.592790199317765],[77.58042533618732,19.59035992827855],[77.60922596784746,19.594245607711166],[77.64205374438802,19.613118734993897],[77.66649911061185,19.627809245025514],[77.6931457438204,19.638162784342402],[77.71432057363107,19.63784437186117],[77.7248231732373,19.632668715470913],[77.7335702181448,19.613185546122846],[77.7335879049049,19.569467528143793],[77.74920656899495,19.55417982852293],[77.7733558940111,19.55166027116156],[77.78315661299355,19.550076057393117],[77.78988469774454,19.545672210421372],[77.78323681207145,19.510658258280444],[77.78055353473849,19.486332839238983],[77.78492371209057,19.43251551958877],[77.79499439375574,19.402977315310725],[77.81129850407483,19.38480918311908],[77.84637195768421,19.360614065817273],[77.85983444452278,19.353236578617974],[77.87949737121342,19.35507643668637],[77.90024495335717,19.37552888676766],[77.91545625841988,19.42401496647776],[77.91697993384018,19.466986756963806],[77.91823603184552,19.49491399770242],[77.92711344289833,19.526300774752517],[77.94089541742697,19.53610915144904],[77.96289951932393,19.540765453418484],[77.99004866275783,19.53745156872715],[78.0130860349209,19.516288587230274],[78.03462001899881,19.49586509330138],[78.05675922370689,19.427421705185726],[78.07857335727553,19.38262830635456],[78.0955005083141,19.35941224778243],[78.10582181970541,19.34633911259355],[78.13125982187121,19.334439315098333],[78.14635064718766,19.33417922948345],[78.1736243391963,19.339437819954814],[78.18449380229107,19.355010387606786],[78.18709197271257,19.37216013007047],[78.19307360371128,19.407878347038807],[78.18759403027248,19.436633231165533],[78.16049272835072,19.480096315414887],[78.15894063476071,19.477973983267674],[78.15183269358187,19.50102527422898],[78.15511805861455,19.514581048218588],[78.16741327579703,19.52511300819852],[78.17425387549972,19.527142319129684],[78.19231304436838,19.52324173193121],[78.2229560972728,19.506219455494126],[78.2439177283365,19.496530915093544],[78.26804103134727,19.493947318954614],[78.28249056652872,19.498700491433805],[78.28960615398518,19.51433205381177],[78.29014313755395,19.540829157749982],[78.27713974097269,19.570438461632854],[78.26016622060817,19.59080589768938],[78.22795907625363,19.605714682668534],[78.19774343726448,19.606970481683025],[78.18262809252148,19.607238396386016],[78.166057048062,19.61039651899184],[78.15655348035143,19.627042287546406],[78.14856007575581,19.64366131544429],[78.14269374535266,19.65307819280118],[78.12464633685137,19.65840841690129],[78.1042326243951,19.658762410978067],[78.08747543947493,19.652602716198043],[78.07131174014958,19.63783298064954],[78.06140220255362,19.633702894647335],[78.04790260073413,19.639664462528128],[78.03456362058563,19.654220811724745],[78.0144568668966,19.671039818693405],[77.99800717741846,19.681346995909212],[77.97497364433174,19.703943748593094],[77.98429215157992,19.75753043155922],[77.99965235578942,19.769454746494425],[78.03291797761545,19.767460423686195],[78.04814592428197,19.77221707866692],[78.05582167592863,19.77781813883002],[78.05842013368456,19.794969998257667],[78.05309129332151,19.83303643815017],[78.05651688394735,19.85375655466237],[78.06509200578267,19.866506305848638],[78.07965639087149,19.875569429792066],[78.11847871376311,19.885640530454676],[78.13877985733822,19.878118823913073],[78.15048238922323,19.85713467054214],[78.1531280091514,19.83774343643963],[78.1628112966071,19.829690863865164],[78.1741352665906,19.828056731960142],[78.19944009609128,19.84408249815323],[78.24395196476985,19.910620157144564],[78.27560037006586,19.939411495664324],[78.30067933887165,19.94324507896851],[78.33165170635975,19.939084446350936],[78.35916876780554,19.914926428176603],[78.37011521547176,19.895377993332747],[78.37656346392349,19.878063617368184],[78.38394986997459,19.8693273089309],[78.39050252776154,19.857025030003],[78.40478967802916,19.852454502587737],[78.43091981526624,19.87057696306158],[78.4435399967039,19.89397097927908],[78.47249020403189,19.902003223631677],[78.48811884837896,19.889520593224074],[78.50680414936092,19.844028707360803],[78.5168133105353,19.817329946011267],[78.54971705052915,19.799488403532536],[78.57544992341894,19.799690975093174],[78.60947351256104,19.831951338939202],[78.63209626095512,19.861571516586316],[78.64898758972397,19.87196865708286],[78.66655520340406,19.878769122551752],[78.70509434876779,19.875822097503576],[78.73216446691124,19.868094993628706],[78.75899252617401,19.818118962996554],[78.7723825110557,19.776302413353836],[78.78529858368574,19.746669362471906],[78.79945783059806,19.73777610242848],[78.82209998212134,19.735861684870684],[78.84529029409362,19.75684643407813],[78.88135612765969,19.778263920337444],[78.91667473338512,19.799689033069622],[78.94466658476084,19.79978836946739],[78.95727132880286,19.78948554897752],[79.01224784789972,19.7195277129463],[79.07286356065586,19.665181994418468],[79.1019733022226,19.650917025107507],[79.11702234213017,19.648424915749594],[79.13203398648191,19.64450073973265],[79.16170566012771,19.65240564921245],[79.17168930622539,19.65861643493484],[79.17213427599268,19.6757861435961],[79.16614698957622,19.76540506536846],[79.16903857435668,19.81830925657603],[79.19158021699751,19.841402527346656],[79.23707254744575,19.845336371857478],[79.26365649989503,19.821081502078812],[79.30678506906752,19.765648656267548],[79.34320436716808,19.74257986366844],[79.3888204007095,19.752201074227287],[79.42829411692163,19.785578286668795],[79.45430229699328,19.823574727837787],[79.47804867063262,19.834429152940032],[79.49765600963855,19.832503837585577],[79.5315830662768,19.8023055994424],[79.55445243777505,19.782403120831418],[79.5950518592561,19.74844852904542],[79.61037533624386,19.72945068640576],[79.60653414319476,19.700929250887338],[79.59304632988022,19.678379035637626],[79.58178633376623,19.654339170455916],[79.58947735708625,19.6326768352097],[79.6016337336718,19.5822795551714],[79.5996369733928,19.565158125816666],[79.58533052201788,19.53976379388202],[79.58407789544137,19.49543257170249],[79.59156398773096,19.466621305511534],[79.6205207365108,19.423668989701554],[79.65076651511377,19.399999736183595],[79.67237169404653,19.3908588724316],[79.70248703490495,19.389365454260865],[79.7295378829201,19.4122712959517],[79.73089266531188,19.432983099939804],[79.72933221372867,19.483103225419914],[79.72823333555871,19.548950529198486],[79.7303682453301,19.570356987539366],[79.7649375913564,19.59090703576464],[79.80277598017535,19.59419286033018],[79.82526010395188,19.563546795489575],[79.84859718586604,19.536453114652403],[79.86044503951048,19.528980977628024],[79.88738901817479,19.52181517945108],[79.90537146041868,19.517750705370574],[79.95435169224805,19.54073022244374],[79.98789189127702,19.55196357058718],[80.01766703994161,19.538978626373652],[80.06467528086547,19.49833118912867],[80.083572019552,19.475631294825437],[80.08965894374909,19.453291323366738],[80.08442131503365,19.40624054039929],[80.0870514813442,19.36969557756938],[80.09822877535672,19.341492673930855],[80.10634850364958,19.31194543666702],[80.1084027479346,19.281138329490883],[80.10961669815391,19.24749445038482],[80.09306783934395,19.223643004124053],[80.06931063101928,19.2100009489181],[79.99797752222436,19.191224225445247],[79.97143707593118,19.159762143640897],[79.95315695437257,19.12735612348944],[79.9545589143105,19.098708675783115],[79.94979960258097,19.065220452305333],[79.9414559872592,19.037549860055815],[79.92766652554508,19.003586483908805],[79.93022894895685,18.988497511286614],[79.95984478598346,18.947651011887444],[79.99294001199291,18.92315871118757],[80.01673792079329,18.889616751338327],[80.0168328648923,18.842411587460962],[80.02146315260921,18.79716338228428],[80.02497939649703,18.76280597394711],[80.02452154550893,18.722052690794314],[80.04409190050967,18.69863999473432],[80.10915378921649,18.641095419749917],[80.14086665508556,18.623066709060176],[80.18660224524908,18.622523410509693],[80.23147568786112,18.618417914992722],[80.25673156577335,18.610562506013427],[80.27508717765309,18.59789334459849],[80.32280923494842,18.58939813740827],[80.37762671181389,18.520639963021154],[80.39489947215752,18.49798603608153],[80.41314132056789,18.482452120749404],[80.43831855566394,18.449443105182077],[80.44332272269979,18.447689604887163],[80.46054133218135,18.44165488817055],[80.47142508037041,18.43061874612362],[80.48871072316656,18.38544560020396],[80.48916530282692,18.34075975227142],[80.4991372994132,18.30116006007626],[80.51833674906001,18.257720538540788],[80.54913401835854,18.2264524144988],[80.60135983726737,18.164183057018377],[80.67477246004287,18.12272130080147],[80.77175682718892,18.06088552937922],[80.82082912687768,18.02011450678435],[80.84214674462977,17.98732163743209],[80.856334428675,17.908308642190118],[80.90126831254923,17.856942245203296],[80.92779067140322,17.813276187719374],[80.94463766695621,17.75919023408539],[80.94210118221683,17.682479742218778],[80.94586192636206,17.62700751862733],[80.9402094868509,17.568248209016208],[80.94334507751637,17.550296178781206],[80.9556027462648,17.526712274430057],[80.98128196389806,17.515222642188622],[81.03549195251132,17.522502522946315],[81.0926971195581,17.563595377064793],[81.13216331007787,17.574868672017004],[81.17120693992841,17.573649851547046],[81.18973716148399,17.571283609428733],[81.22450729389747,17.55412364447884],[81.24756681788685,17.521266002980763],[81.3120539217021,17.44961138203772],[81.34690936733635,17.43600609298548],[81.38367684376387,17.424119137429972],[81.40533479018067,17.40557670327256],[81.39870696254746,17.37545403196353],[81.37748193687865,17.352936411714783],[81.34017255425685,17.348773484080805],[81.30465764459893,17.3427614311358],[81.28368936795223,17.32736028202093],[81.25624806516916,17.28538550011145],[81.23690536899971,17.262785667627508],[81.20302160537094,17.249558423757023],[81.18362943047764,17.225166822720862],[81.17130856321134,17.1898438867683],[81.17357395403181,17.1528125319512],[81.13970545811758,17.136005907915358],[81.1187432245125,17.13093080554114],[81.08447259137859,17.12768359251116],[81.06369660274383,17.128309684814035],[81.03545300352924,17.127728989840197],[80.95331928861214,17.114457179147728],[80.93055650473904,17.099412777803582],[80.90721077805647,17.065809004880443],[80.88949587172173,17.022035550842414],[80.86612578924436,16.986994144951097],[80.82531970981897,16.963878333234916],[80.79281609904967,16.969093691954708],[80.76362614032801,16.98564216278807],[80.73914358435154,17.010628913808176],[80.72700825845168,17.050985431590167],[80.71648599954864,17.09558423563386],[80.69989053628395,17.1360683754002],[80.68259220995526,17.153706563895703],[80.66616723765128,17.151310990045463],[80.64567616499926,17.16189095160331],[80.63820576824907,17.160671073210736],[80.61951849262243,17.1326079988746],[80.58755731427534,17.107768111110154],[80.53536343242345,17.102058682771652],[80.45461353124566,17.085670868757088],[80.43909595203549,17.063214752879954],[80.44935827480336,17.00718351198404],[80.50512818864098,16.93277353822071],[80.5650837791194,16.901127525104254],[80.63929448575927,16.850496113086987],[80.63730253439306,16.83340010937496],[80.61743408351005,16.813936176819492],[80.60074513967471,16.801529003616032],[80.57766772718415,16.77357055333106],[80.55311522589957,16.745647448114344],[80.5146131146834,16.748112593859197],[80.4970695886937,16.75715930708335],[80.47239730043026,16.77640192558241],[80.44829226353995,16.815642557291756],[80.41382109183144,16.908056131263862],[80.38973421282842,16.948726565794882],[80.3391153179146,16.997244931062937],[80.29207999006283,17.01563511415399],[80.26237644613629,17.016407621426477],[80.24736443261861,17.011076336996698],[80.22910436140909,16.99581705461125],[80.20290864853618,16.962167323528252],[80.17598307438064,16.955703215647652],[80.14346936025356,16.96224816164161],[80.11966890681038,16.961418048349827],[80.10855993990228,16.942437022359872],[80.10564500045268,16.937455544281296],[80.08073246193835,16.89516832145983],[80.06378922071711,16.872703331940137],[80.05606255237919,16.805666799245706],[80.07653407533473,16.79371863189934],[80.11480762022735,16.7813265990097],[80.13793089428698,16.75786599030837],[80.18880328402419,16.717975444080636],[80.19224555933368,16.680705490527508],[80.17591643400878,16.6253392262327],[80.15720974595081,16.591481165227464],[80.1298846782191,16.567844274359118],[80.08937897480259,16.55024617765208],[80.04658573126261,16.558440955596453],[80.03194990063145,16.56594786231725],[80.0031188182281,16.598114573636373],[79.98406677791203,16.607156239336327],[79.94106745421087,16.608185234790533],[79.8937979153103,16.61645954667103],[79.86026637948336,16.64014030317882],[79.83569857860032,16.666469676840038],[79.80005854062334,16.665869335769514],[79.74887428517503,16.6370015827702],[79.70218796725484,16.609446521013474],[79.6586866728121,16.59039287162809],[79.62008631522716,16.589824228660856],[79.56506495476629,16.58531617191711],[79.56506092441276,16.585315705712507],[79.87305716518814,16.7451167519966],[79.87611193229127,16.741831957699052],[79.92276324157727,16.70829452302739],[79.95599624437156,16.692239393500795],[79.97379679338852,16.691811304094983],[80.00213231048366,16.715921696447413],[80.00288000260637,16.744513128167874],[79.987651008341,16.767770742321066],[79.95851715486492,16.7894568898223],[79.92353724316806,16.815095813449673],[79.87222145246841,16.822043978049845],[79.85198906471884,16.805354731579673],[79.85022423390063,16.798848802570532],[78.94716970246861,16.877167951140738],[79.89601268270899,17.118853327791456],[79.89146265579406,17.10581272971939],[79.88313471741449,17.090753555353064],[79.86063656396252,17.064588769750287],[79.82977628416356,17.021449988482058],[79.82304873394061,16.99108642791109],[79.8226092793981,16.973927337361115],[79.83787155473031,16.95067271848867],[79.86298445868238,16.925275517651702],[79.89224824486037,16.907407616374563],[79.9114573376362,16.88405615005226],[79.93486930696612,16.870139974449696],[79.97649314117982,16.871038814685583],[79.99704351964503,16.899147406566335],[80.01186254494606,16.93502246634639],[80.02318532726213,16.98814660616872],[80.04319917335798,17.025388525780652],[80.04018831461242,17.03030100382617],[79.999422318597,17.081376591911134],[79.96854779366791,17.13220576764541],[79.96899046798084,17.137441928737946],[77.87985547520358,17.54644575701598],[77.86944194300156,17.53494100749094],[77.87985499507693,17.546445851013566],[77.06870231882311,17.739971228476],[78.65420709119553,18.12759680542181],[75.90947139165738,18.406817067181464],[75.93237858770546,18.438623824422436],[75.94028520233287,18.51031784091653],[75.92830918539524,18.520419603014492],[75.86665021102748,18.52071229077823],[75.79588037970136,18.502372354949653],[75.73422579750017,18.502621623823444],[75.6742202381086,18.54014789070555],[75.65626932377309,18.566036219276782],[75.61715059153458,18.564733493031603],[75.58392285302736,18.526101120617657],[75.5250205198349,18.445927016121928],[75.35480358505403,18.570424158875834],[75.37495243146277,18.569674543306366],[75.41112476479087,18.596859808710196],[75.44277518115075,18.61687475049819],[75.47892391000853,18.628264279030894],[75.5165650008772,18.63390367955272],[75.55123533998339,18.651022116225825],[75.57387024328196,18.668171129151492],[75.57956577908058,18.689590135124263],[75.55278833209354,18.743079313190826],[75.54077725765,18.754592188465377],[75.51668903614447,18.757529727182348],[75.4941018429018,18.75902549039212],[75.47453044467555,18.761945638279634],[75.4791745934084,18.80641038642724],[75.48377215467212,18.83365825256599],[75.48380502366372,18.845135923527398],[75.44011670075228,18.84954843297263],[75.39791255225559,18.845339181065352],[75.38435375228093,18.84680238138531],[75.3407111722874,18.875582049283814],[75.3271326726677,18.868432737336427],[75.31803322086478,18.83831895854337],[75.2969121573563,18.824006344263285],[75.23209934635535,18.806881221369096],[75.21097687872935,18.782515385754195],[75.21093940954171,18.752385392942195],[75.21239171845103,18.70934067783176],[75.24568317875327,18.650235129611968]],[[78.65420709119553,18.12759680542181],[78.6415504753867,18.13451249799945],[78.61074701151794,18.151338500123043],[78.65420709119553,18.12759680542181]]]}},{"type":"Feature","properties":{"state_name":"Jammu and Kashmir","id":15},"geometry":{"type":"Polygon","coordinates":[[[78.46855805565421,32.53280599164543],[78.44342224539743,32.5652488322366],[78.4147722605849,32.61182357433679],[78.35832836339452,32.68489885467767],[78.32372904952172,32.710149094060725],[78.28012799632316,32.721315844127425],[78.24455797689924,32.72081121965976],[78.21549626707314,32.71297399548959],[78.1549404234554,32.67587270389744],[78.10234047319065,32.62280050404601],[78.07577075509971,32.58767450512817],[78.02138087903388,32.57897664797095],[77.98600503084508,32.582685461753094],[77.95292502567217,32.604937000944254],[77.94686968283212,32.626548474848036],[77.95654413132003,32.66353380998962],[77.96918406724303,32.68756647414729],[77.97656625532335,32.705997598627185],[77.97949523949208,32.743140253186915],[77.94415047064739,32.80122625597561],[77.9123962178111,32.814850784461726],[77.88415852607348,32.83268030524935],[77.88429736419727,32.83697092147013],[77.87080199545147,32.89166990293359],[77.86654644325611,32.917530468824616],[77.8306996183163,32.96414907416778],[77.79350818188544,32.96928091847274],[77.76466246042504,32.969923243454375],[77.70113700192901,32.94698144328957],[77.66256987259952,32.9063002032489],[77.6415830976262,32.885274953947416],[77.59662551825416,32.85615752301144],[77.57132560668026,32.86097463043659],[77.54142725010242,32.88305744942155],[77.50638575102359,32.90380529497497],[77.47589848012954,32.905844577627505],[77.46043639610376,32.898992682378925],[77.41572063257892,32.87696130698892],[77.37834186808875,32.874815030938336],[77.36662522016358,32.88076342718515],[77.24767313441949,32.940221001208904],[77.06948617585735,33.016312650289045],[76.76241585458169,33.126973737075325],[76.65926914248764,33.16131979546167],[76.60850242222145,33.177734956603075],[76.56249306899295,33.17545754794528],[76.54346834748208,33.158514027440894],[76.53453542119857,33.13428475784334],[76.51022595541171,33.10594670981007],[76.46931005107159,33.10070877780951],[76.42872283856256,33.115498508474516],[76.39676463884838,33.13876944252427],[76.34231403044166,33.139368154944556],[76.32682716889015,33.128079680480745],[76.32299504351181,33.099484304523315],[76.3240522195563,33.056518651489604],[76.32360246049909,33.02645515753718],[76.3112824180139,32.99794861447532],[76.30240934536543,32.972268398108646],[76.23557198254314,32.92999173715398],[76.12819894104986,32.89807373818464],[76.02625422582783,32.888928674995746],[75.93447944703551,32.876760767781505],[75.8494327460739,32.85588797873426],[75.83061160435263,32.83883081817436],[75.83220087640332,32.827364551555775],[75.84553761230134,32.80293175886086],[75.93298235101962,32.73357658603531],[75.95628694745261,32.694737782264035],[75.96410771883329,32.63453477413632],[75.94649265164402,32.56879696487652],[75.923996278477,32.518843903363084],[75.86601219556405,32.46483917119548],[75.74729008373188,32.40688519600826],[75.56950211669685,32.321887909035816],[75.29389959847734,32.206902146520775],[75.27993141261254,32.20681467140437],[75.24488731204003,32.21045817105151],[75.23021626200905,32.2248865259228],[75.21924375865179,32.235077822616425],[75.21924375412884,32.235077827579914],[75.20669345012256,32.24673062682314],[75.1929482555751,32.25948801463856],[75.17469073432346,32.270471440367594],[75.16703759654378,32.27737784629953],[75.15225078329416,32.28396369511939],[75.08706521404044,32.323111862659125],[75.08321040627055,32.32542481234535],[75.07777026117546,32.32692643555533],[75.01185480010109,32.34509822861967],[75.00852157074416,32.34562277563398],[75.00852156425807,32.34562277728627],[74.95973928593743,32.35328881327227],[74.92387870209629,32.35290656020002],[74.89970042850642,32.352643077808956],[74.82722826391644,32.34309497646281],[74.80556693725912,32.3426934228201],[74.8055669288273,32.34269342280711],[74.76686295872008,32.3419666664608],[74.67545776218402,32.340203148084434],[74.61880929277673,32.34232806949436],[74.5908664007353,32.36108654757508],[74.5778576000632,32.36981475125434],[74.55267097512144,32.409131617232696],[74.5541487280094,32.430529452982654],[74.55682169614116,32.46921042340367],[74.59106281441831,32.63044813009719],[74.5907961053166,32.6778983457288],[74.57702748355149,32.69802861839888],[74.56194808763517,32.70153521961867],[74.54967544236338,32.704387585746396],[74.5441208017677,32.7030267382857],[74.52013028013697,32.69714593120829],[74.4986015504028,32.68324692155451],[74.47942452506375,32.65970072392725],[74.46708230669645,32.63626487152923],[74.45693538789202,32.624482652695974],[74.41376633909303,32.619899255762405],[74.3625860916741,32.621936442765545],[74.2907996281741,32.638097356108794],[74.28279621303528,32.64021690065379],[74.1984160824642,32.66252594195964],[74.05218216649095,32.75301270927483],[74.02867863036828,32.767522819726764],[73.98639530142086,32.78053978799172],[73.96689408005653,32.78653711668357],[73.90628698871771,32.80070124858325],[73.88634852424454,32.807973195294885],[73.85928499657183,32.82603185018177],[73.84971455487914,32.82736766709965],[73.83162260157172,32.83771560782559],[73.78464674393581,32.85114205392644],[73.74802949443422,32.858022337403106],[73.7070067775714,32.85511813517256],[73.66357007503106,32.85987273959451],[73.61746097886261,32.88580358697774],[73.57223065971786,32.905864864466],[73.54603497421763,32.91747178255887],[73.53822426688568,32.92769439809091],[73.5381456699242,32.932472345359216],[73.53775301517821,32.95632506822182],[73.55000076345429,32.98629714762084],[73.54373118382162,33.023212268154204],[73.50900210595152,33.066948634146],[73.48973602378143,33.10792873842944],[73.47664046637254,33.13575913305226],[73.4718223949979,33.16533562878334],[73.46509880944068,33.20657147003789],[73.46116756740041,33.230661366108635],[73.4611675652527,33.2306613765408],[73.45916541771088,33.24292432446802],[73.46114827664069,33.25003239183082],[73.4852420751086,33.33631475808243],[73.49528217998616,33.37222135275428],[73.49037416388954,33.38243680267616],[73.47019437434855,33.4244100846438],[73.45552557715,33.44928269028798],[73.45480586155237,33.48983782131361],[73.4504910032291,33.57210436717699],[73.44283783503843,33.62280187803029],[73.42618874471339,33.73285573922823],[73.42570855655147,33.734037438446435],[73.39626072290241,33.806436287076906],[73.36411141687988,33.8522085161882],[73.3580649094447,33.86081052020011],[73.34736781267706,33.89645646209913],[73.34508446414277,33.94056520952163],[73.33709430162406,33.983403630859414],[73.33016356757541,34.00243179622245],[73.32498559135138,34.016641609061146],[73.30835540975761,34.06055224268305],[73.29474003675544,34.075361108506925],[73.2947400299668,34.075361117218655],[73.28344243266216,34.08764379933554],[73.27812228221123,34.0979643437162],[73.27812227732514,34.09796435630618],[73.25656542625899,34.139752940259896],[73.22567366358379,34.176289755453595],[73.21200517965727,34.211877616703596],[73.24283826332629,34.317296050877],[73.25396555691309,34.335348180281784],[73.28946867179143,34.35732104000172],[73.31268583362701,34.36285204021472],[73.31268583955415,34.36285204249784],[73.32668983014067,34.366185735295986],[73.36264344528765,34.36667209340802],[73.3783692826828,34.3614479563096],[73.3783692913399,34.361447954773226],[73.40752046857317,34.35175674328623],[73.45514821252002,34.34282392366108],[73.45543502664432,34.342827542931786],[73.47399341194668,34.343060299985346],[73.49972121759225,34.3433783201651],[73.51101323758529,34.35544533897244],[73.51769942391614,34.38415639485435],[73.51556252672431,34.41819123606168],[73.51169582435502,34.47968533338532],[73.509679893035,34.51169890346644],[73.55572117732939,34.59933267333194],[73.61265960635093,34.645323038803134],[73.68892134999493,34.66048162512414],[73.76510607994999,34.68274938646493],[73.80658464502228,34.71059937351027],[73.82841211618457,34.725702688249434],[73.85380476625807,34.743261185261865],[73.8721676321094,34.774448048965816],[73.86818207356019,34.80659926099639],[73.88706548933784,34.871193988770386],[73.91667789341777,34.92920145137524],[73.92872617561407,34.94260565326561],[73.94292770842976,34.95839839190822],[73.94336213982771,34.989552694783875],[73.91873518880709,35.01630993733533],[73.85349020813128,35.0392526503609],[73.70798891963707,35.056440729379375],[73.70798884923704,35.056440737434706],[73.68099081071539,35.059609951377716],[73.66900051764242,35.061015439765995],[73.55780908437191,35.063463907169904],[73.50387633231469,35.06743881133658],[73.50242445175303,35.071732382457796],[73.4901967505536,35.10787297603443],[73.47653691406047,35.13990674828453],[73.47314335420171,35.16610476444714],[73.47725183390678,35.18522237883078],[73.47982691178096,35.19720050938009],[73.51324792354222,35.24374939997928],[73.51682362747692,35.24686832719995],[73.52710242553106,35.25583217956721],[73.57081668629328,35.31162095134695],[73.56252910678427,35.33917390012599],[73.5368159207254,35.361928623294425],[73.48976395157258,35.38359358911653],[73.4087644685933,35.403490843804526],[73.35735127080197,35.40247012209463],[73.28771075309149,35.38786114884569],[73.22818244299303,35.381221870802165],[73.16623939871641,35.37927883626397],[73.09166766745226,35.40821373562869],[72.9686778274744,35.48592503495843],[72.89845047193394,35.530171851912556],[72.89616761455373,35.57247946057669],[72.89591018064202,35.638065431461214],[72.89012686625063,35.6429110950124],[72.88961961532331,35.64568542295539],[72.86840425983915,35.66808143816687],[72.82612621137453,35.677830865019814],[72.7892224043371,35.681940120776105],[72.68362698319888,35.66755825032836],[72.67155406384516,35.66732527933125],[72.64962575247121,35.66362947364525],[72.64962573971764,35.66362947174569],[72.6235705598453,35.65923252750499],[72.6231744378637,35.65906819111076],[72.57092426349331,35.65036064092998],[72.50032777723777,35.6359141160738],[72.42840731017439,35.62545344019971],[72.42760208596204,35.625509783145574],[72.3407265439892,35.63155630977724],[72.26865181085729,35.64974886712253],[72.25786915867904,35.671726154231955],[72.25303936802179,35.68473193248629],[72.2652056373696,35.7136257578194],[72.27762363399312,35.73536998516625],[72.28554146206501,35.76058853695523],[72.28589753412486,35.76358177918266],[72.29131632638922,35.79101246353708],[72.26336317312092,35.85082131638048],[72.26084601579228,35.896678141500686],[72.26852896334336,35.9123087099177],[72.28189368744954,35.93948378181977],[72.31820683714628,36.01322600404478],[72.3537259495946,36.040037478899414],[72.46463588450965,36.06259628152387],[72.52853269126747,36.08619720437291],[72.56440145767195,36.11673581153248],[72.66879823870117,36.23193529776109],[72.7229390115064,36.27288214572556],[72.80022208449404,36.31843475306449],[72.84734533935786,36.42416270016406],[72.87324386980323,36.478094827487766],[72.93524373431379,36.503548301251044],[73.0186920011753,36.5177627630314],[73.24443735223733,36.533701785067215],[73.32058999924782,36.53109931938621],[73.34098616943207,36.522271457007065],[73.37178829772168,36.51888004113329],[73.4466574959321,36.52410080412274],[73.51302097742199,36.524205020467136],[73.57829014860798,36.52560744021602],[73.63824297872382,36.55075187585958],[73.63780423500339,36.56667231044521],[73.61085746479706,36.6118651783861],[73.56417329889254,36.62788444991324],[73.55703086651539,36.630333088398864],[73.55228736946698,36.63484697950567],[73.5504238153839,36.636620125651135],[73.54877594643973,36.63690342337209],[73.54877593752569,36.6369034254642],[73.54744832313344,36.63713164838303],[73.52686752199916,36.64066748029703],[73.50231087733584,36.64907316557207],[73.43481106538101,36.67421029086412],[73.42765818149851,36.67799190808207],[73.41525032152003,36.69028873184967],[73.40365077738423,36.70177962079711],[73.39991983393816,36.70992541767178],[73.40384889764803,36.733797272815025],[73.42685635868263,36.74629709615797],[73.47103864668345,36.75539898568981],[73.52716149654546,36.75687179820921],[73.59315618529894,36.740691532727034],[73.66412196267807,36.70709602269378],[73.66902407485303,36.70477265659847],[73.71248447252324,36.68598798223402],[73.72474856774456,36.679840666112526],[73.73446191811756,36.67497027947997],[73.7476577906712,36.674206013533826],[73.7658427804648,36.66919373980665],[73.82668443660027,36.666652447761706],[73.85218343521784,36.67528469973806],[73.87973136098614,36.696003069068674],[73.90252177642027,36.72063687219614],[73.92527919810409,36.74731325280453],[74.00464547708178,36.758385454989245],[74.03246353654112,36.7718077216586],[74.09250490823418,36.81280945100065],[74.13658919954095,36.835035704476546],[74.2397154217235,36.84043302277244],[74.27721974659858,36.8423736884797],[74.31464920503136,36.84827629934123],[74.3165406766033,36.86314755347146],[74.32380592214595,36.86486051192998],[74.33314662075959,36.88303987782834],[74.32583668988089,36.90398723889231],[74.3225165695701,36.917009504653294],[74.32726323987373,36.924500256066565],[74.35743333174233,36.9439385192169],[74.40185274722027,36.95613263821723],[74.44473414100966,36.95602018985393],[74.4528851827101,36.95599706196126],[74.48785079758579,36.94215957413194],[74.49492780194808,36.93778964649916],[74.52787801688858,36.91743122416632],[74.53505436088868,36.9129946207831],[74.5549477759784,36.900690993333335],[74.56499845539827,36.892692725426635],[74.56502625315662,36.89266371211563],[74.58361442367988,36.85676857531283],[74.60060395675004,36.82392807535458],[74.66340387307864,36.81800690968447],[74.7003922184598,36.834702047765376],[74.72438380739015,36.83847083119537],[74.74446795495452,36.84162179808501],[74.87645914051367,36.87721015636584],[74.87645914735884,36.87721015857379],[74.88722681201246,36.8801054883354],[74.88907745192691,36.880602986690626],[74.89029232778962,36.88193705184763],[74.92986046198163,36.92535488913432],[74.94118796730518,36.94129346200477],[74.959545892534,36.96710785516579],[75.01119254380575,36.9970420935124],[75.01640080035507,36.997111113992936],[75.05206118576302,36.99757754610721],[75.05909003321548,36.99530172384475],[75.07284292103786,36.99084717573648],[75.07409257259015,36.98943194418979],[75.14183828116597,36.9126112828373],[75.14234590189713,36.91203492875274],[75.16498301356738,36.86653994497479],[75.18577274528215,36.819586540186094],[75.1877572157573,36.81510143636911],[75.20544116721123,36.77553264912369],[75.23767922694762,36.73217356352006],[75.27400436919517,36.70899057355513],[75.27435369928673,36.70876750615332],[75.3424676902203,36.68176175595825],[75.4008454856864,36.656593093807736],[75.44013091158808,36.61525487411741],[75.47698055466502,36.577701252745605],[75.4809447223214,36.573658511706824],[75.50550634131854,36.54859774706018],[75.50550636367194,36.54859772385563],[75.56745675245875,36.48529418906361],[75.66191275704236,36.446442378937626],[75.71329826132232,36.43246387724826],[75.73985500263468,36.42522898769465],[75.73985502979983,36.42522898037324],[75.84549672691493,36.396377286187565],[75.92705024104389,36.35910341955636],[75.9736960804346,36.3377432146091],[76.01390072236669,36.30818906460044],[76.0220169018243,36.302218603895696],[76.03675310449465,36.299862004830665],[76.03675311058262,36.29986200257692],[76.05009743801234,36.29772630315352],[76.05407834838906,36.29476402841961],[76.0639580121803,36.29551401185913],[76.09232429332714,36.291004165004615],[76.11632322504798,36.28718302414209],[76.17705276442811,36.287931697467485],[76.24253126388282,36.248878050364524],[76.25651293116515,36.24052929684418],[76.28479395989682,36.176466273373414],[76.2989772725565,36.16028596880749],[76.30194838162284,36.156895493154416],[76.32313503325936,36.132707939478195],[76.36345430747417,36.118396861831066],[76.3698321307293,36.11613138753273],[76.37189718196683,36.11539775944344],[76.37843247968796,36.11307570788512],[76.42185039039296,36.11339701756883],[76.4481696514993,36.110693841100186],[76.45805078912338,36.10967744071425],[76.5084260456895,36.083945874485735],[76.59414310125895,35.98425776941076],[76.5965339058704,35.9524220997927],[76.61766814500582,35.863061824570266],[76.68854561543007,35.783825374642795],[76.70245330005638,35.76963037086786],[76.71385513305734,35.75798812266728],[76.72150758912885,35.75017185272068],[76.76420563769983,35.7303822203584],[76.81424862931947,35.72907417925817],[76.81424863606514,35.72907417915641],[76.84069620826038,35.72837446277591],[76.90280691232734,35.724352893798695],[76.91515094450251,35.72315509518521],[76.93822339211602,35.720912789366466],[76.96488136906602,35.71831637700325],[76.97037140063969,35.716621769949],[76.97037140662803,35.71662176654967],[77.01004116999748,35.704367418492254],[77.0549058586906,35.67853295937775],[77.08520527621009,35.64680629794298],[77.12276603601698,35.620992583630155],[77.1322027123389,35.618999076660714],[77.1575780043419,35.613634398098235],[77.17030851344346,35.61094073447967],[77.24045281083403,35.60694008284517],[77.28254675842607,35.60451951300763],[77.34046240751388,35.58187606599837],[77.34873449926901,35.567514581373885],[77.35519183609381,35.548785601016924],[77.35494081104844,35.54020452129292],[77.3573522477308,35.50295134563923],[77.35777431604762,35.48691654699211],[77.35222045474545,35.479869165841066],[77.31922162560546,35.46995066930299],[77.3133373806814,35.47239322955087],[77.29544378582992,35.4798182632662],[77.24676159162466,35.49075219313435],[77.23086351265141,35.485323111306094],[77.21810955009337,35.47535099457203],[77.21655901574645,35.47413838832636],[77.21621918707146,35.471023981432495],[77.19167926243256,35.46484847764949],[77.18261533146615,35.4491220283257],[77.18147793592061,35.44714807210782],[77.19943657548389,35.41752099545804],[77.22918777188532,35.38588421452833],[77.28819430238481,35.371845743125746],[77.37396564087027,35.37142520675034],[77.45108991776333,35.39067515489158],[77.52057814167536,35.398109641273905],[77.5856160307574,35.4114476942824],[77.60552097676201,35.42900246911738],[77.6297617034368,35.436695860990056],[77.66827374766437,35.44232992752006],[77.74909111443391,35.41905776852728],[77.74909112969235,35.41905776267836],[77.74909114690934,35.41905775513441],[77.75189077529537,35.417909547079766],[77.77678291362731,35.39887176828778],[77.80097296656032,35.402720633568656],[77.82279993405076,35.410981779784755],[77.83440034212336,35.41007795240494],[77.83507034549028,35.41100587092245],[77.8396596449456,35.41736109779252],[77.85228482376145,35.42213740806561],[77.85590439449365,35.444047238678465],[77.85882081015244,35.44939272854404],[77.86178387311337,35.47476856467259],[77.87047719352918,35.51358726417209],[77.88049839732662,35.543817453497844],[77.88926937303881,35.552841214067286],[77.89642696109021,35.56020301670746],[77.92178736279399,35.56233178631703],[77.98916697482086,35.552659844174336],[78.01255097526588,35.546807315719576],[78.04532202098774,35.539027023356596],[78.05323220402644,35.53966115182504],[78.07068452651401,35.54105834986938],[78.07827998734399,35.549166695797844],[78.07883022012183,35.54910882745935],[78.11389221548589,35.55900680090679],[78.14740326600766,35.60063329427948],[78.23048113660435,35.644538162623995],[78.37318043362123,35.73446765262491],[78.41664424634295,35.76269699814624],[78.42645151340909,35.76906158397587],[78.50787193444756,35.78622932068799],[78.53730781084379,35.7958016064778],[78.57665883841764,35.79995165075695],[78.58861365040906,35.804861952544826],[78.59195326377169,35.80623332818584],[78.61530994939419,35.815820454251885],[78.65457672453655,35.83139560818624],[78.70023865724379,35.84948281229112],[78.7636141329928,35.86717299318385],[78.84768291744736,35.87467426517252],[78.88309932302924,35.88770535911438],[78.89611282091121,35.88909829223791],[78.95686369438587,35.86640070708854],[79.01293683115838,35.8457340541533],[79.0462115150658,35.839377453752185],[79.10495729994913,35.84486464995483],[79.13661906875343,35.86873918106423],[79.13806571342515,35.872501245034215],[79.13822714674812,35.87243638973656],[79.15509891586682,35.87455115579493],[79.16806177551626,35.87617425194368],[79.20570642291764,35.889340182463705],[79.22309239125002,35.900416984558866],[79.22940654087367,35.93440020068629],[79.23255934564419,35.94510433490145],[79.23770151748246,35.96255505043962],[79.24162046271547,35.96748010630038],[79.25818765623674,35.98829174258327],[79.26287342181573,35.9890405163527],[79.30053159956786,35.9822056775246],[79.31979938315791,35.97355342771717],[79.34769566022717,35.96101798350982],[79.34995837649721,35.96000076849536],[79.43855559389428,35.883570852039036],[79.57064615958912,35.839965246069916],[79.57726206792536,35.837776265130884],[79.59114416426694,35.833557744546084],[79.70179611608239,35.79986109283984],[79.76526862598116,35.78302070611753],[79.77465022961806,35.78052823194621],[79.78477410382571,35.78013360834451],[79.79500836134336,35.7797338101788],[79.7950083700919,35.77973380982913],[79.79500837884044,35.7797338094795],[79.8329978687973,35.778242108684545],[79.86460329610638,35.78939519295878],[79.89750985462801,35.81473956678132],[79.9083033780454,35.81740855818669],[79.91375984862654,35.81663514914541],[79.93080806532961,35.814217028301464],[79.953868607294,35.81094208526768],[79.95847253799664,35.81661355447784],[79.9729172223191,35.8125217753257],[80.0792360202972,35.724122089820014],[80.07923603045947,35.72412208004635],[80.13031006022078,35.681559245848916],[80.15942612411556,35.66803334996676],[80.15942613072599,35.66803334803395],[80.22522287046596,35.637426350094835],[80.27303834464502,35.61514807690288],[80.27957253866414,35.61210131615774],[80.33973219417409,35.560490958989355],[80.35059880553018,35.48222869188457],[80.33948534763694,35.45274141848859],[80.31082393736237,35.376570223433966],[80.26986286266859,35.302197047040025],[80.26690014690973,35.2968109986741],[80.26690013940622,35.29681098636147],[80.26548190232542,35.29423239641645],[80.26548189256795,35.29423238035507],[80.26548189024228,35.29423237551039],[80.2226856857049,35.21632528684076],[80.21058180656591,35.194257222451114],[80.20676400793538,35.152878878944854],[80.2007800606125,35.087878211655514],[80.20041356170849,35.08389133910229],[80.19589622649734,35.03469577996929],[80.19579513318786,35.033102949603794],[80.19439728774664,34.95910700742434],[80.16306910665398,34.87794902388826],[80.13593658126017,34.8074993176144],[80.11610617637635,34.753025096332145],[80.103836656356,34.70596294789686],[80.08825455340607,34.7034234948601],[80.06127790836985,34.70069434181854],[80.02882140927089,34.69740250653682],[79.95307706823392,34.69556698525296],[79.9081040895567,34.666708036896814],[79.88981831887341,34.66606435468563],[79.80209846039064,34.61654062173201],[79.79383343556823,34.60309610919662],[79.7769828457635,34.575668718364824],[79.8370038147933,34.53132319661816],[79.86479983228045,34.49928715085403],[79.86315760093329,34.481604214914064],[79.86227055924913,34.48109732408272],[79.82552374070461,34.48055477611405],[79.81007805383747,34.48166924716669],[79.75272055907406,34.485790548619],[79.69469681568891,34.4833368537928],[79.6578356472593,34.47497285026522],[79.63573186991539,34.46995106083077],[79.60109520885375,34.454279964640946],[79.59672599626893,34.44567491035285],[79.56499082913187,34.44281641224692],[79.56245758805424,34.43951000175331],[79.55154961475463,34.42526889434693],[79.54784533781094,34.409598715667535],[79.56023255105586,34.273932757573924],[79.5756921935149,34.23246447236935],[79.57052700412285,34.19954251326668],[79.55397953355227,34.19542956878854],[79.5438098828266,34.1909348666659],[79.52647074106268,34.18326825916302],[79.52519704363651,34.18167159529682],[79.49130529639703,34.16544627776204],[79.46933694273739,34.15492042079958],[79.44479295209433,34.08829136093922],[79.44024800379093,34.03327550268791],[79.43716153019047,33.995934898366514],[79.43823030862325,33.98019008192857],[79.43168062334249,33.97746793368639],[79.4193205394777,33.97942075343323],[79.41928142119019,33.97943522950675],[79.35857198043307,34.00188018016381],[79.33512041882165,34.018364041288784],[79.28839812494422,34.02066759000555],[79.24089454191109,34.01036917357599],[79.20725077833275,34.007128142275306],[79.2017355283165,34.0058869104516],[79.18095214753502,34.0070363522262],[79.08273342563706,33.99758652012397],[79.08092739446711,33.99735785256918],[79.06229638961143,34.001553788967385],[78.99132823125237,34.002397307895215],[78.9614504463777,33.98301037028139],[78.9580303556187,33.97795533217592],[78.9497355039053,33.965692036116884],[78.9425390459537,33.960851073399546],[78.93281952419615,33.89019908294692],[78.98424868422101,33.81535976604787],[79.02799518856514,33.76608687542414],[79.00748593430657,33.71114333069354],[78.99828175002655,33.68169604584762],[79.02433217612288,33.650161367346776],[79.08872930682848,33.62637202101615],[79.10722427242169,33.60484966044394],[79.11920182829623,33.59090483175474],[79.11536669797333,33.56439233727968],[79.11447104499834,33.56424849010646],[79.09298101417808,33.56000174583688],[79.06313307839386,33.55409631008818],[79.01038232434816,33.55656719635694],[78.95969468130373,33.55543538744234],[78.93932262230912,33.544922914769195],[78.9392110771675,33.544339935003926],[78.93687042701313,33.53210457742612],[78.90725086264167,33.5286206878712],[78.90483688487565,33.494563429094235],[78.90418415994263,33.485346573455246],[78.93835698370772,33.387378406279964],[78.95305080685543,33.345193277723844],[78.96460651716812,33.31199208599809],[78.97191890350334,33.28780566010998],[78.98544456652239,33.24303812670164],[79.04720403069996,33.22124244863055],[79.09585281694623,33.22104601825986],[79.10095181970868,33.22102432498035],[79.10716853139135,33.22099759231172],[79.12027602601,33.21505188289477],[79.15168877876904,33.213398645040314],[79.17034042350441,33.212413244081944],[79.2208965990519,33.21872029673636],[79.24528138138305,33.22547272705228],[79.25169678858305,33.227248229037684],[79.2551878667045,33.22821423137314],[79.29097563954562,33.231501774151404],[79.29535034746125,33.231566442567996],[79.2953503599535,33.2315664437856],[79.2953503710586,33.231566443401434],[79.30646000703284,33.231729974873396],[79.37022956808754,33.23264933094068],[79.4233462388971,33.22807856950778],[79.45558033873247,33.196125476823326],[79.45138496776234,33.144917706280374],[79.41765281619271,33.072386501462844],[79.40479889330204,33.04418972536125],[79.36262491241416,32.951519917767165],[79.36138705817211,32.94879634946913],[79.35640028744918,32.9153160530612],[79.36049916085433,32.87975762639762],[79.38042681356026,32.840067277605826],[79.48604190748087,32.69270263759677],[79.49723058052095,32.67603095087811],[79.51678015621206,32.64688547212379],[79.51728342452175,32.62579022829938],[79.51781690620273,32.603445515056116],[79.51666167644436,32.58932683599898],[79.49852622625366,32.5611702420949],[79.4796114084621,32.53457134834841],[79.45036134768257,32.51364819067339],[79.42135839485493,32.496321773293246],[79.39959968906896,32.49144486027685],[79.37210738754057,32.497531375100856],[79.3642293604693,32.50145090512527],[79.34923098266817,32.50891079006206],[79.32633999885583,32.52028142049782],[79.30829080948713,32.54055312450302],[79.28759929173884,32.53575962079956],[79.27994984551795,32.533986489248186],[79.25535216350697,32.523240106571905],[79.24461005275731,32.51854460581478],[79.24104674772087,32.514850128657926],[79.1918331790225,32.46378026375381],[79.15353888530132,32.438663012244675],[79.1359100150104,32.42709109658684],[79.11745391539714,32.40583170228106],[79.10556235719508,32.37999085850736],[79.10512200850847,32.37903361726126],[79.10291291328502,32.372250322319864],[79.09002372905489,32.36263014160633],[79.08233585617039,32.34675995380002],[79.0655174824806,32.312017776574855],[79.06013488549138,32.30781014370016],[79.01498790031495,32.30688721094114],[78.95516933660076,32.31339570416098],[78.91717294600082,32.32666746989189],[78.8816717626842,32.34706752533496],[78.87192342669209,32.35340483287147],[78.85043101279435,32.36737133417095],[78.84197301925992,32.37644022711133],[78.79620463615505,32.425475659951054],[78.78727795649573,32.43503193344856],[78.77111874682743,32.45510905558735],[78.76315498073764,32.52307144605226],[78.7592754693022,32.5561579146957],[78.74892809287599,32.60494642332776],[78.73095198626834,32.632248896363215],[78.72586633089719,32.63552425324086],[78.70981205857353,32.64586101745662],[78.70799507002616,32.6470306430529],[78.69684270699905,32.64001447322535],[78.68101412024606,32.62587688093662],[78.66392581652599,32.60761899771756],[78.64404284366633,32.596090079298634],[78.61711270711318,32.5743063486689],[78.58431877083213,32.55596532570124],[78.58281931778843,32.555610493950695],[78.55041179312357,32.55081306405297],[78.52188269930939,32.536958785387945],[78.49749321090066,32.519438109237385],[78.49178776618274,32.51449001127354],[78.46855805565421,32.53280599164543]]]}},{"type":"Feature","properties":{"state_name":"Madras Presidency","id":16},"geometry":{"type":"Polygon","coordinates":[[[78.15579268868439,8.926639726526728],[78.15083793256147,8.909356313218074],[78.14407158011213,8.890893092714494],[78.13792718962775,8.87481403736769],[78.12876001017443,8.856370228618536],[78.12142609428484,8.841495297521924],[78.11529416548677,8.82661003120563],[78.11155529433516,8.810509764210146],[78.11775053225732,8.784429301255077],[78.12605937824843,8.749449581854554],[78.12599455495554,8.741683272150041],[78.12168676311988,8.729172324452339],[78.11738930232677,8.717856050449894],[78.10342128134337,8.698851709806041],[78.08270904863724,8.662574195727176],[78.07958564617171,8.647662474795494],[78.07402749337685,8.628587812807922],[78.06786990844104,8.60951765463674],[78.06110817864834,8.589854487392666],[78.057963267369,8.57195477515692],[78.05658623259781,8.549858510598536],[78.06231201088974,8.515158871927058],[78.06470660667799,8.49600878819504],[78.06851943723937,8.465518502029651],[78.06238175525947,8.44823945812533],[78.05205404021861,8.432187748231936],[78.03572966031896,8.398776160869344],[78.0277072363108,8.387778004914923],[78.00615047248483,8.365128279331216],[78.00103144376965,8.359749007353722],[77.95674025280226,8.323013103215994],[77.94433766965804,8.315280889352364],[77.93775631586034,8.311177508074508],[77.89712929403838,8.288593876363757],[77.84260236463724,8.265237380205768],[77.79260035767992,8.235708114110194],[77.75734866237796,8.211781538870294],[77.6956140676376,8.17862554174504],[77.63627680861875,8.152622074187262],[77.61381567109007,8.145066805044701],[77.59579038515449,8.139002410081153],[77.56888344594667,8.13662151873654],[77.55797806703359,8.135656011031687],[77.53633485103438,8.12802095347898],[77.51854098434053,8.115844052289658],[77.44718393607815,8.066994525471365],[77.44274536320872,8.067844091507071],[77.4427453527131,8.067844094879357],[77.39821495956406,8.076364731493017],[77.34480026685338,8.08541030560505],[77.34480025965773,8.085410305646352],[77.32559512625969,8.088660899502887],[77.32559512073394,8.08866090118932],[77.32368854689976,8.088983551184844],[77.31753859606376,8.090024246105624],[77.2197503886928,8.147261537649076],[77.18908440157769,8.16984100906835],[77.07887460937084,8.259962664363252],[76.9973622023886,8.325581954164658],[76.96473428714552,8.349124543048806],[76.95133732139271,8.368566185886701],[76.9312657413397,8.404471756936301],[76.88713092175132,8.44452831733267],[76.83141592845651,8.495696629964316],[76.81213597842678,8.521810344824015],[76.79710441702888,8.527198783984323],[76.7892731255964,8.534387863559683],[76.76341932326415,8.572257484157092],[76.75196418434491,8.604188350430709],[76.7022545061972,8.657575482191223],[76.69385481206209,8.672456823901115],[76.66786867747106,8.70134078348954],[76.66036161661751,8.709683983044192],[76.63344060069089,8.739106110014394],[76.5969067142344,8.770960124971264],[76.59264332979129,8.772677551018514],[76.56394028318205,8.802300265732654],[76.56283174940414,8.817155564946841],[76.55866800026692,8.827938474535836],[76.5487594625323,8.835688621490416],[76.52330452969875,8.855596228166355],[76.48856592479983,8.890426250711936],[76.46852553713302,8.910515376683803],[76.45661229517405,8.925150236466727],[76.43892464471861,8.961199115031867],[76.4067740501149,9.047452573052373],[76.40217922516568,9.064129491776713],[76.39446509319654,9.096848593482807],[76.38580469305145,9.159611094641981],[76.34959474574343,9.224264885349934],[76.3433442289313,9.237538438179396],[76.33443715032912,9.250920711926595],[76.3311969234102,9.256604026264084],[76.32279180517746,9.279723458138422],[76.310845771896,9.305606975165754],[76.28697370054728,9.364072501958862],[76.26204268855481,9.42522476437556],[76.25688557727256,9.437872015354769],[76.25169172741536,9.467558534550909],[76.24884321560184,9.479531592402667],[76.24165318313578,9.490563040964917],[76.23252612513569,9.499208635319],[76.23068952470217,9.501307373023872],[76.22831187881542,9.508055659607296],[76.22137900649541,9.651214166193192],[76.20789638370758,9.721841573712089],[76.20511020461461,9.787372721855034],[76.2027549714706,9.803172079794173],[76.19704813940727,9.826161028862842],[76.1889247152423,9.848201427905796],[76.17649145979613,9.879827151590082],[76.16988045110955,9.904944116479953],[76.17394058696625,9.902810319082299],[76.19324842683159,9.883947262578307],[76.21431353029304,9.863363965344856],[76.24222515050253,9.824732475142188],[76.27786316857998,9.734818823652272],[76.29715626831377,9.636163692313334],[76.29337539205622,9.58289508546923],[76.2944004829306,9.528687374157322],[76.30018005162577,9.506454446896187],[76.32513787962577,9.483337703991747],[76.3568065970172,9.481507565845648],[76.39526089564774,9.487255681048321],[76.41196093708979,9.501225068307505],[76.41390469252248,9.501650012381068],[76.43612523141509,9.513521436159598],[76.4443571379101,9.52257856818707],[76.45018349464121,9.532602411546414],[76.45022393277117,9.542171780321775],[76.44542589229492,9.54745498790642],[76.43341112767253,9.556117328666131],[76.4194456570489,9.559524011532758],[76.40549555394868,9.566757985116809],[76.39779421593714,9.569659989447318],[76.39401572739989,9.588814654034634],[76.39126772313851,9.624233709521821],[76.39034061229862,9.633328681530894],[76.38603043272457,9.640523330005337],[76.38027352932353,9.647723746191158],[76.3786552195637,9.723809658025205],[76.3623405329444,9.74445007929206],[76.35995603627607,9.751158434933172],[76.36436133149316,9.766930932192317],[76.37118296556062,9.783650535207967],[76.36748271442553,9.822422810936407],[76.34975475882518,9.852638719096442],[76.32436841867124,9.899153000782395],[76.31045584901625,9.919782770261627],[76.29941470809459,9.934659081518575],[76.29411721513205,9.937550568806774],[76.28300384534317,9.9342438539478],[76.27090327162531,9.925198486406224],[76.26125110238576,9.925234941601536],[76.25115081873064,9.934364360182677],[76.25063173827834,9.934715119436042],[76.23804370277904,9.94322077772863],[76.23262044809522,9.936942671285257],[76.2230638436512,9.946955647715267],[76.20439934384305,9.966742101548798],[76.19919140445903,9.976545280229642],[76.20188595874394,9.980033575200684],[76.25598805663084,9.989491044286607],[76.2763815005112,10.020438519969579],[76.26525401367894,10.003553314760254],[76.25598805663084,9.989491044286627],[76.20188595874396,9.980033575200702],[76.21546905008296,9.99816764691948],[76.22131896264773,10.013458448952134],[76.21843924439654,10.028751697232577],[76.21753198963651,10.033569628009989],[76.21372327002828,10.047938794267456],[76.20417721290893,10.077641122214681],[76.19777400434198,10.119442736262066],[76.19772531560314,10.119760569424445],[76.19688721868083,10.122141320160617],[76.18560387332089,10.145222865416976],[76.17648571404735,10.163872861804142],[76.17166289814342,10.165804182957594],[76.16675073782875,10.158904819442546],[76.1648664844898,10.15625818605494],[76.16958159555821,10.12465964525634],[76.17419958451302,10.113358507676555],[76.17819741918747,10.103574417823895],[76.17909351759577,10.08443076521925],[76.17900661739891,10.060505482410681],[76.17700607163702,10.041372095464634],[76.17247915936838,10.032969866964137],[76.15020746772943,10.120735327885756],[76.1500266328793,10.122509364618766],[76.14625033696676,10.159562038842335],[76.14575818047665,10.164390736577808],[76.14486460934383,10.173157661060333],[76.13694623523376,10.194422327450852],[76.1426346491747,10.204799701512492],[76.1417674294352,10.2072127201658],[76.14174213654144,10.207283094309307],[76.10563420333082,10.278684345919448],[76.09032233966485,10.320333384653766],[76.08579973552216,10.332633178998572],[76.05565147986293,10.410009541024882],[76.05494781327455,10.411029305609842],[76.04178416100554,10.430104874547911],[76.02389323617888,10.473514537571907],[76.00455316037358,10.50417038340281],[75.99498715980225,10.519330943032994],[75.99012746984337,10.527032132982724],[75.99012746984336,10.527032132982711],[75.98833715680931,10.529869155334294],[75.96519714981144,10.56653279939862],[75.96324461809533,10.569889182268087],[75.92670516095434,10.632685702465803],[75.88621758056657,10.683527499268196],[75.86571790877753,10.773940028018911],[75.8284840251195,10.86876080282857],[75.82770292187976,10.871275579999564],[75.82568145800053,10.876502116030244],[75.81347717297947,10.935502908035643],[75.8108412518975,10.954521737374048],[75.80579015068064,10.990961585950165],[75.78389661753997,11.071747237984257],[75.76947767945312,11.11744146525361],[75.73860268808872,11.21524055517592],[75.71513381169548,11.273120179951835],[75.7020457506283,11.297211608250196],[75.68434486720328,11.329787026460538],[75.63848948402816,11.388803669831999],[75.63418510925395,11.394899097252457],[75.60801401349966,11.434635062685329],[75.60239386242073,11.467198975076206],[75.58698773040022,11.496126206851384],[75.57143305387655,11.515383544168088],[75.57116545611399,11.520595434701331],[75.56246114552503,11.535686446336666],[75.52042518473029,11.586464774677433],[75.51183891459794,11.60455067486355],[75.50776163479702,11.661255790802082],[75.4947543501045,11.688977095419695],[75.4888747270313,11.691894698233115],[75.47298410448748,11.699777906493303],[75.46047278735448,11.705612745520146],[75.45649580151792,11.725376175433329],[75.41212923224985,11.769948113663943],[75.37719329190496,11.79440225643868],[75.3691931812838,11.805180000803592],[75.365565301257,11.816669750156663],[75.36527356115964,11.818262264004323],[75.36267148634188,11.832465411416305],[75.35904206959185,11.84323726139439],[75.35788978707762,11.845362536620401],[75.34813669457728,11.86334970169546],[75.31247405138537,11.905024678281718],[75.28042051703224,11.922285973133087],[75.27241365479433,11.93377889511601],[75.25786142726191,11.962505256332422],[75.23164323408297,11.994829829607689],[75.16241701708897,12.064506696167827],[75.15884252003605,12.069098290786885],[75.12159838933042,12.116927938821947],[75.06836301523708,12.179395825444134],[75.06399343475253,12.213851739218923],[75.03627006272075,12.261949914085974],[75.03104763874134,12.28161046639978],[75.01948776647588,12.325118460641953],[74.98298239118095,12.376082571624874],[74.96472405724624,12.40407501131459],[74.95814781211256,12.428479223876824],[74.944268509667,12.442832669261819],[74.94378744321294,12.443605949508662],[74.93623130119704,12.455751230212783],[74.92819111980307,12.476565281844442],[74.90479976985552,12.521779023208962],[74.87483453907234,12.544736054565632],[74.85288514632688,12.597123467171718],[74.83678116121638,12.638745667768964],[74.80820444888207,12.733473676984808],[74.76791256836403,12.817420989061432],[74.75248584882287,12.885595001580961],[74.74070881130564,12.95448903078993],[74.72819839092261,13.018356967545849],[74.71928201121528,13.135341545391467],[74.70676285830335,13.193465287181608],[74.69427599129092,13.22072505222769],[74.68398898706285,13.244398108065162],[74.67884519353747,13.255875577725979],[74.67733050422187,13.293196225653862],[74.66996828472472,13.318307658476778],[74.66555808814363,13.327632483574183],[74.66534699865394,13.330935897062957],[74.66331060283231,13.362798608218116],[74.64494492339335,13.390047398463468],[74.63539718652285,13.401517514097776],[74.62804476518276,13.415143673405941],[74.62721840620995,13.475431647116993],[74.59927259468525,13.522040641967472],[74.58009682460954,13.58157988169337],[74.57852911344584,13.638276748742964],[74.57335208689436,13.660517005091872],[74.56303734597465,13.6820303651559],[74.5475987078299,13.694921400121281],[74.53949635589542,13.709260591787853],[74.5291877669521,13.725030684487814],[74.52911896903865,13.759480317053844],[74.52440163710828,13.913058530046401],[74.51327113106242,13.965427981209618],[74.47787547321894,14.01918082694644],[74.41658649309962,14.129562539837776],[74.38400668415285,14.212012551082802],[74.3814471990219,14.241922497657697],[74.3791320799702,14.26896821616015],[74.37813447510085,14.280619945071246],[74.42137741735219,14.296992473146972],[74.42947985855548,14.296455024625164],[74.4800020555177,14.293097503176702],[74.55948018448844,14.294693243444451],[74.62697957673184,14.242146828451693],[74.64669543025174,14.180934339287065],[74.64575472772631,14.155096188509603],[74.65559884429224,14.130230592157336],[74.66444211475084,14.117803103049466],[74.67328305346342,14.106332180461088],[74.6909506808169,14.09200160095942],[74.7331091167595,14.091095026070896],[74.79585746508809,14.088285517632832],[74.82037703261425,14.075864859451485],[74.84196754941213,14.042387108149983],[74.86355515297879,14.003165610125654],[74.88610632137734,13.982124448910398],[74.90963026642052,13.96873707860624],[74.92923537746363,13.944819843450185],[74.93512079494447,13.920897699620964],[74.93417131999783,13.81371832269303],[74.93319889056583,13.789794019788134],[74.935160865714,13.776397063117756],[74.9498507992697,13.759175133906846],[74.96649496857324,13.752479200259852],[74.9890121169916,13.741954602052777],[75.02033585168361,13.71420194300899],[75.0350144198258,13.68836211725393],[75.03501187390492,13.671136632417216],[75.05066840019154,13.662521175812708],[75.07806670574625,13.653901315551446],[75.10350592454154,13.645279256944095],[75.11035081522948,13.63474960618663],[75.11718709212711,13.607951197744566],[75.10542025355123,13.548623827077762],[75.10541393290652,13.534269118175168],[75.11420757550214,13.515125623331746],[75.1337575612697,13.496933282018874],[75.14254305893239,13.47013289198806],[75.14643690130248,13.441421077868407],[75.1473988338788,13.415581841608976],[75.15226877375723,13.386869254316995],[75.16203466067932,13.373465308831548],[75.18352797648846,13.360052756269594],[75.2177129129984,13.334186924252283],[75.22650476744654,13.330351263468536],[75.24018630055778,13.330338682663237],[75.25778391968467,13.337020340564665],[75.27443005268184,13.365712477560843],[75.29986468425905,13.383866304532882],[75.3174614989516,13.385758783551784],[75.34482240862286,13.379981068689519],[75.34969168010839,13.36753365747865],[75.35064143360955,13.348392743001089],[75.35550422006267,13.332117294006592],[75.3691624728928,13.316786098274713],[75.37989957286631,13.309114421094097],[75.40432361658343,13.306205801321957],[75.4140901261777,13.303319144131901],[75.43749138737226,13.275527643665727],[75.4550579916935,13.26497013674699],[75.47363147151604,13.27067814591443],[75.49907024958966,13.288812007798294],[75.51865611561011,13.309826080574737],[75.54407233003101,13.314557739199259],[75.57240744260561,13.313538515664133],[75.58579247243138,13.295975003095363],[75.59286229644371,13.286696883916903],[75.59281122261831,13.265643967663916],[75.58295971547152,13.2312161388025],[75.5389147503497,13.19112013617957],[75.52714767863239,13.169134237217325],[75.52416507716248,13.144258994471356],[75.53290796921024,13.123187558844316],[75.54653519403712,13.104019491653],[75.56301963229735,13.054221309821761],[75.54826625329744,13.003532998191888],[75.52974972766916,12.98438834374998],[75.5150138874438,12.969149482784793],[75.47786983978642,12.935725457505624],[75.46123254101744,12.908002384374768],[75.438684716965,12.844878766099665],[75.43570440675408,12.81330239181752],[75.43177428875751,12.79608264400025],[75.41320937013377,12.773144018414131],[75.39857613506962,12.768381422961014],[75.3722530345381,12.770333876238311],[75.3391206776299,12.784733858632592],[75.29427590276521,12.793400935885645],[75.27867367375482,12.793417889409847],[75.26014109948392,12.788651680849414],[75.25036253949507,12.760907248633231],[75.25226619584592,12.714010799149259],[75.27075165548929,12.679539304866207],[75.28826193730559,12.648895736617291],[75.29408975650466,12.63166269465126],[75.29407226602015,12.61635009759941],[75.29891352511774,12.589547611929001],[75.30279414546777,12.575187636551831],[75.3105507082619,12.543596375941492],[75.33294225960827,12.53208504977436],[75.3482730351103,12.523912828852994],[75.3647111332836,12.523891038744694],[75.41766368085062,12.514841818168183],[75.49244296152273,12.460882573531462],[75.55259005243768,12.408728142512581],[75.58721608151389,12.38173919810899],[75.60910003984586,12.372718995818355],[75.63463727262642,12.365483001788995],[75.6528765897598,12.360056665096037],[75.68203365367258,12.342041295975925],[75.6947383920996,12.315093406777068],[75.72023313645438,12.295289187031186],[75.7840671160415,12.284347545222657],[75.88075448477385,12.2786706604736],[75.92270676828714,12.274943961003613],[75.95545103211371,12.247917418368862],[75.97538686650945,12.211961671466817],[76.00809094901209,12.177752726320033],[76.01710762994028,12.150805601150974],[76.0169783459156,12.116714870415425],[76.03323716854898,12.077180833570015],[76.08604906963329,12.062625725140713],[76.18802360401523,12.03709078103306],[76.29931204828752,12.058124288020137],[76.34477462976182,12.036379480245948],[76.37547682630317,11.980613552622215],[76.38811335278331,11.957228348524875],[76.4317952693868,11.94803882026533],[76.45653583389186,11.94717333703826],[76.45653583388778,11.947173336999303],[76.49190951388225,11.94593210504831],[76.544713546018,11.940264976539959],[76.55910364576911,11.907894477678163],[76.58433600909083,11.861111527503779],[76.60059142696562,11.837699020605301],[76.65151667653566,11.826643587836951],[76.69157760075129,11.826407558748723],[76.76278803793667,11.85646843658179],[76.78482741178792,11.88503054600704],[76.79259507377886,11.958525172955023],[76.80020286415397,12.006907421851611],[76.83676469348846,12.024606708783747],[76.90413097817401,12.016981005362302],[76.97879150137668,12.011081618277963],[77.02800802960734,12.0143159683971],[77.04092313288143,12.035743969903141],[77.04286714278024,12.051871215140324],[77.03402739324606,12.087805934565681],[76.99064985274181,12.136545676850647],[76.9908231844392,12.159860420760122],[77.00563487725321,12.19024316040277],[77.03688693872294,12.224090253723329],[77.0388890193903,12.247390646682437],[77.04289523526758,12.293991110588866],[77.01575809791902,12.32288835805103],[76.98846617406079,12.332056163650732],[76.88266798417152,12.33280700013716],[76.86094257628828,12.356273428098246],[76.84659979676556,12.392244090096714],[76.84861418648777,12.419135049622312],[76.87066559415932,12.440507162219527],[76.90364471128058,12.458212980127241],[76.93287128115986,12.461592575782921],[76.97661653185929,12.454101909015453],[77.00935413725878,12.439512590769578],[77.03655785587023,12.417787653083181],[77.07115370085216,12.408558298658605],[77.085892386553,12.426379419557398],[77.10086419784993,12.472891834962244],[77.14124744052806,12.501267906297244],[77.20513793891428,12.502545527838407],[77.3128281594987,12.492298027094744],[77.32913466279008,12.490742582482055],[77.39484017336011,12.491959673549216],[77.47519103006421,12.49840529746838],[77.51216845817385,12.548264328152271],[77.51897583035114,12.684460201083143],[77.52541183304922,12.78121406779001],[77.54589941649662,12.820459482526772],[77.57351973853086,12.841704192956797],[77.61930290925342,12.852007845444549],[77.64680019523526,12.860695363926228],[77.65834826990347,12.916151679232666],[77.64989388592028,12.980774349745419],[77.65928097378763,13.003983185800656],[77.69585889130794,13.005398356466463],[77.7140988673355,13.001622994834268],[77.75270084896849,13.020934383410445],[77.76756336270572,13.042286334964999],[77.79504454457542,13.04736838860478],[77.82049492978233,13.034544992586667],[77.85315087259114,13.012678327106954],[77.8804628339205,13.003414525813003],[77.92075341289863,13.010133325849399],[77.96826974420935,13.009593801195127],[78.00653874937527,13.000192037168125],[78.04267103345705,12.965720408330013],[78.06813978366539,12.956460790219515],[78.12094145418556,12.941496949058536],[78.13941087873889,12.95740295388387],[78.14550028071143,13.005712713757156],[78.18812099303395,13.051781789860065],[78.21398312188123,13.072963846891366],[78.25622761600806,13.088560480424192],[78.28183722986392,13.090027516470121],[78.3129290516257,13.09142152456922],[78.32391805512647,13.093071730629802],[78.33045915809984,13.10750390509393],[78.33522104455096,13.118008924010645],[78.3537969357661,13.273638318523696],[78.36861664667093,13.287178071439897],[78.41508026641284,13.296112880065996],[78.45795544270187,13.309864419328772],[78.48153088527724,13.338204416742549],[78.47539718068688,13.420692976705954],[78.40774615696603,13.468196563168792],[78.36771633081608,13.48545804626943],[78.34498117296451,13.518011239438836],[78.31242569899494,13.547110831636859],[78.26600841712035,13.545333249113407],[78.25149029182252,13.555078684599989],[78.21319867598694,13.61291246346121],[78.20132571948675,13.638151155996043],[78.20286948895962,13.662022156476924],[78.20900433344168,13.753922029842329],[78.20212905683289,13.787458602248474],[78.1840746456428,13.808000659494201],[78.16711014016444,13.818971346432429],[78.13671479744508,13.831308066586718],[78.09633074689637,13.828237811894097],[78.0801732746932,13.808132200782351],[78.06115430410516,13.755804200714893],[78.05603376948117,13.73794746403224],[78.0387729614838,13.726213731048144],[78.00703445878676,13.728992020315626],[77.98839436110553,13.800903750010688],[77.99768490640822,13.858138044299585],[78.02051218969065,13.921177063226946],[78.01860111458093,13.949087338239012],[78.01451513396974,13.973510214991938],[77.99996689093886,13.983726161364295],[77.98688526146378,13.993923401065802],[77.9547356680678,14.005787178954618],[77.95049623638874,14.018742401238878],[77.95066130110204,14.031643925077619],[77.93632572235116,14.059059492649867],[77.92621057070555,14.072086076062861],[77.886558529311,14.072563886626867],[77.84989570378802,14.077301385511568],[77.83979205796648,14.091759047776314],[77.81828873006131,14.135027575907287],[77.78026555742336,14.149809706306844],[77.75381870730207,14.150114623849866],[77.7329743707031,14.127409598436232],[77.72221340118686,14.08738054864885],[77.74052380107915,14.021211047057136],[77.73301162271724,14.006956320138226],[77.7049774292427,13.99579898982588],[77.69589988552292,13.972955956704476],[77.67204438410802,13.941670860735508],[77.64415093715391,13.941975602988132],[77.62653367902512,13.942166428563938],[77.59417058867773,13.936777182436881],[77.57173617677736,13.899727561333185],[77.55085566423635,13.869829261394765],[77.531541617812,13.848517202279387],[77.48761861329507,13.859007061319229],[77.44072462530863,13.866650753205574],[77.42303586664454,13.859655201681173],[77.40368853107088,13.83402843279718],[77.39163949217101,13.804025466666223],[77.3768335338271,13.791260143082388],[77.35922403012044,13.791429808250037],[77.35192977864389,13.795802813610589],[77.32718123339932,13.816119876362139],[77.31425584015165,13.844930040223156],[77.31304360395889,13.870760590131503],[77.33111884180872,13.916488900495574],[77.3385756563912,13.9278923912816],[77.35509122616658,13.963591945370666],[77.35100598812197,13.995187161362244],[77.33060229601365,14.01116213250541],[77.3012100090021,14.010008751862301],[77.26588544264615,14.003169620879843],[77.24221593625968,13.986176427645937],[77.20669058438506,13.957812582257212],[77.16691529878825,13.945259772333547],[77.14937134069983,13.954022554342762],[77.11867244115523,13.970072036087414],[77.08200268147199,13.976127423590803],[77.0569164066394,13.963429817338088],[77.05215473610872,13.923301065049085],[77.03135624930587,13.896217420520193],[76.99756922692367,13.895061588774597],[76.98602946491434,13.91954501156236],[76.9701054927037,13.94693302499058],[76.9392838365406,13.950050041247069],[76.92613540790359,13.958762732819393],[76.90432524605995,13.986194197064886],[76.89710901657948,14.002032649908127],[76.88138018622466,14.055240202892673],[76.86547063434746,14.086927773637136],[76.85404846316479,14.128623360075784],[76.8764409839437,14.17005652121633],[76.87243074304779,14.21886828148039],[76.8771508942519,14.256133719986478],[76.89352230810772,14.278959401285194],[76.93472260309933,14.280062866109432],[76.96558822713487,14.276940772743053],[76.99907818208432,14.237927345258637],[77.02383660385331,14.210461325888465],[77.0547030310462,14.208763545228058],[77.09884149787622,14.211249370127737],[77.14585286928225,14.206528620189612],[77.17502621877328,14.181878949906732],[77.20088066072893,14.118526435610168],[77.23300419332011,14.096713787033963],[77.29321058852358,14.09184501039756],[77.30794814241621,14.09600743267453],[77.3331474083298,14.117279966254754],[77.33365955577904,14.167477166742492],[77.32508878583177,14.191944406910567],[77.29913503970266,14.24239805428959],[77.30669116530333,14.26240618575904],[77.30969066549432,14.268114562752082],[77.33480813451213,14.279344392575858],[77.41303837101812,14.305815227161185],[77.41939782905705,14.350212332734845],[77.41255066486363,14.397612464694474],[77.40869175992788,14.449284870567977],[77.39872906644902,14.480940193338586],[77.38417911478467,14.496865182161923],[77.3533885047348,14.508650178621904],[77.32831785479094,14.504597368696109],[77.3164665752834,14.49754301362331],[77.30591012597965,14.473263183488681],[77.30108107302385,14.433148813346254],[77.28748497917003,14.398856459334986],[77.24802894538028,14.426488712027233],[77.18686370145092,14.493048192403368],[77.17378219067473,14.51038303369959],[77.14875322523464,14.510613602926853],[77.11768450870386,14.495116637053572],[77.09700565624915,14.488129625023111],[77.06778750423827,14.512775717897997],[77.0471738124813,14.512956512886458],[77.03065045502699,14.477235957490263],[77.01999501434067,14.438594111796597],[76.99320619518176,14.405826301994395],[76.97409843384003,14.40885602269761],[76.92117427203134,14.416465824604883],[76.86528908175985,14.422652880917221],[76.84479934942408,14.437161099863353],[76.8390878614785,14.458726446425995],[76.83528517562237,14.533361146748517],[76.82217166140425,14.550680089802922],[76.82540074702554,14.585087993925208],[76.84468227736325,14.600718137988254],[76.87139352999256,14.623460201473087],[76.90396677533623,14.641846711705398],[76.90708730849232,14.661906166619367],[76.89991774169711,14.684919221598415],[76.87792249913299,14.69801017085757],[76.85742265377262,14.7139566696227],[76.85028301645806,14.741272640169159],[76.8284348962464,14.773009522425484],[76.79460711632245,14.783317945454218],[76.7727117892802,14.810746945611799],[76.77188018625337,14.889662754157168],[76.79591150423936,14.941124661896959],[76.8196767446765,14.959587374196298],[76.83890860545837,14.965171859624041],[76.85830216914509,14.989403642860015],[76.8554742971812,15.00377311417339],[76.84829224951679,15.026785868993803],[76.83520403977678,15.049846345237965],[76.83239882805685,15.067084824834716],[76.8415162535399,15.097138452973967],[76.85372746559928,15.14294691753021],[76.85092344971915,15.160185462040427],[76.83784148969917,15.18468125318792],[76.79796995009923,15.186437824441354],[76.74478988983509,15.186856233050213],[76.68697133717563,15.161471648755999],[76.66451678957982,15.14573281592602],[76.64241388317744,15.130235728224724],[76.62434130421737,15.08445335217789],[76.63007296752252,15.061455652425018],[76.6432181187518,15.042708708605],[76.65039016606625,15.015395967647283],[76.6473279607801,15.001070366297224],[76.63686472457356,14.983928375144975],[76.62337602032805,14.956763670600948],[76.62471141477803,14.938101758735396],[76.64082341139301,14.92220392974429],[76.65105338195274,14.909217232997943],[76.65497616812557,14.843188563545608],[76.63561837201381,14.818935392124347],[76.61487530894573,14.80616843255267],[76.58237882887863,14.799219699408255],[76.54842963453179,14.795145673954275],[76.5336421807108,14.789505019570937],[76.53499587843339,14.77227752277493],[76.54802331898196,14.737753673026628],[76.54931519708882,14.711917325385805],[76.52552949420821,14.683377339410827],[76.50342960595763,14.68495641647898],[76.46663676421434,14.693801341720262],[76.43586846063631,14.722692587279456],[76.4112308354159,14.78885159059389],[76.38197191812503,14.826337624734881],[76.3525960029211,14.846601721718551],[76.33787943066099,14.85242775487453],[76.30102408622524,14.856944383543253],[76.28632216456997,14.865637179730099],[76.26283329364787,14.88585770903186],[76.2348803051316,14.900360155038454],[76.21720507522438,14.906194855574444],[76.20095676037126,14.903410569473888],[76.19206331962666,14.896281830559879],[76.17570704324038,14.873405559729681],[76.15044164837197,14.83909210468821],[76.12085525911246,14.823452350541986],[76.10020298395551,14.82355198963571],[76.04568326892073,14.836722114320638],[76.01771317019312,14.849763655390918],[76.00000189649906,14.848406279856546],[75.98806200128841,14.818320146002357],[75.99235045283501,14.788163888009073],[76.01712486755363,14.723475122389491],[76.01260197854937,14.7019678831405],[75.94914058030385,14.687884659028919],[75.8754292741177,14.689609552206472],[75.85926170010717,14.702586718095084],[75.84616867880263,14.748561097654122],[75.84623526363578,14.765783147103363],[75.80512332952244,14.816162089150868],[75.77716526240052,14.836350991755117],[75.75059822325278,14.83356879981405],[75.69445555564364,14.809346250159708],[75.67076790581301,14.782146921220418],[75.65449925671203,14.972603665265005],[75.69155565195535,15.018420970723573],[75.71674508581859,15.04417653096978],[75.71979515796137,15.072870723755486],[75.7066442003368,15.115967820510809],[75.70376531018248,15.138939800042687],[75.73340400803865,15.164678675092912],[75.75999667172975,15.16315545078196],[75.79832902594765,15.140060490751784],[75.82635627498746,15.128478462752033],[75.86338934167502,15.152737363509278],[75.86650816993074,15.192909145509576],[75.90507796337513,15.227200160460598],[75.91410737515034,15.264476417522648],[75.92603438698595,15.287389068978442],[75.93642809093531,15.297391494374603],[75.97193859657203,15.302980365514692],[76.03253676869323,15.298403633660744],[76.09617017005327,15.309581131913673],[76.15406813894582,15.352339853751614],[76.19991030472957,15.352097890532521],[76.24127301832097,15.344696673187867],[76.26347055039976,15.347441963524533],[76.32430470215252,15.38009222864179],[76.36163160004595,15.434393085422737],[76.43005030599025,15.488487140171294],[76.48050919192323,15.509677494782048],[76.54265613972225,15.509252299059293],[76.5885142846036,15.507492583119905],[76.64473905538648,15.507081211339054],[76.6878095712734,15.526842133303381],[76.74282248459957,15.557976998496981],[76.75806035804845,15.609503005208355],[76.7499722988926,15.702819063319684],[76.77269515510402,15.761455042367471],[76.81134870589612,15.776917341580564],[76.91084066202289,15.801887413449768],[76.92800849786181,15.89354324608957],[76.94036136359134,15.945073795825307],[76.96444485950212,15.982151349398972],[76.99127624091557,15.99624885382231],[77.04768139993037,16.001456250101594],[77.09951934497502,15.995218430369745],[77.15149063316528,16.00187584009099],[77.21122503447069,16.03999401207102],[77.27673402689487,16.062255242006533],[77.29167939213666,16.072135018234516],[77.32432395171989,16.073216979430615],[77.3892183238877,16.042385975684052],[77.42611376076093,16.027630738611272],[77.44364333913433,16.00592091673642],[77.46415136675283,15.98561002243087],[77.49553262221693,15.974159695427156],[77.49661872981275,15.973763298285435],[77.54274586244205,15.987562560888552],[77.60529417803093,16.009755845849558],[77.66458442296724,16.00902798846534],[77.79763681139828,15.98296197680985],[77.90547611042622,15.958593741867617],[77.98953797205773,15.931639356578357],[78.02489361379465,15.91824483550164],[78.04985540812766,15.903558901206964],[78.1024212615026,15.854074756201944],[78.12736868905141,15.839382174618486],[78.17776710239802,15.842948647891655],[78.2418539314737,15.869230060857612],[78.26882493710708,15.888888655825204],[78.27525779757323,15.920321076159548],[78.27609611477118,15.97190249274857],[78.32295777472922,16.028507676882068],[78.37103887195659,16.067882041180884],[78.4216354464894,16.079975253982354],[78.50608801657627,16.078606324508677],[78.5682853714497,16.076144024905688],[78.6538900116225,16.057505525362515],[78.7649691619457,16.05557942816957],[78.83492804992657,16.07295823721316],[78.87220108103801,16.08517743272351],[78.90372144771239,16.106088373079633],[78.94883411901563,16.13963202763575],[78.99652058495161,16.153064014480844],[79.0319250032705,16.14523532337985],[79.05538944627988,16.13333276261708],[79.08879571345479,16.172791110254526],[79.11750360596302,16.199444656499274],[79.14298630629068,16.213268139927028],[79.1740960245335,16.212657921179048],[79.2168719522152,16.20322038642546],[79.28012929525805,16.181909004763693],[79.30990322558056,16.188465254897665],[79.33195204222416,16.248145982917336],[79.31255952539857,16.310104566739888],[79.29886888595551,16.36192541126325],[79.28189531269325,16.399496639282322],[79.27819986816552,16.43393353807728],[79.31338188425859,16.48188881481502],[79.3708018145769,16.52793739920197],[79.46088669861196,16.57326552117785],[79.56506495476629,16.58531617191711],[79.62008631522716,16.589824228660856],[79.6586866728121,16.59039287162809],[79.70218796725484,16.609446521013474],[79.74887428517503,16.6370015827702],[79.80005854062334,16.665869335769514],[79.83569857860032,16.666469676840038],[79.86026637948336,16.64014030317882],[79.8937979153103,16.61645954667103],[79.94106745421087,16.608185234790533],[79.98406677791203,16.607156239336327],[80.0031188182281,16.598114573636373],[80.03194990063145,16.56594786231725],[80.04658573126261,16.558440955596453],[80.08937897480259,16.55024617765208],[80.1298846782191,16.567844274359118],[80.15720974595081,16.591481165227464],[80.17591643400878,16.6253392262327],[80.19224555933368,16.680705490527508],[80.18880328402419,16.717975444080636],[80.13793089428698,16.75786599030837],[80.11480762022735,16.7813265990097],[80.07653407533473,16.79371863189934],[80.05606255237919,16.805666799245706],[80.06378922071711,16.872703331940137],[80.08073246193835,16.89516832145983],[80.10564500045268,16.937455544281296],[80.11966890681038,16.961418048349827],[80.14346936025356,16.96224816164161],[80.17598307438064,16.955703215647652],[80.20290864853618,16.962167323528252],[80.22910436140909,16.99581705461125],[80.24736443261861,17.011076336996698],[80.26237644613629,17.016407621426477],[80.29207999006283,17.01563511415399],[80.3391153179146,16.997244931062937],[80.38973421282842,16.948726565794882],[80.41382109183144,16.908056131263862],[80.44829226353995,16.815642557291756],[80.47239730043026,16.77640192558241],[80.4970695886937,16.75715930708335],[80.5146131146834,16.748112593859197],[80.55311522589957,16.745647448114344],[80.57766772718415,16.77357055333106],[80.60074513967471,16.801529003616032],[80.61743408351005,16.813936176819492],[80.63730253439306,16.83340010937496],[80.63929448575927,16.850496113086987],[80.5650837791194,16.901127525104254],[80.50512818864098,16.93277353822071],[80.44935827480336,17.00718351198404],[80.43909595203549,17.063214752879954],[80.45461353124566,17.085670868757088],[80.53536343242345,17.102058682771652],[80.58755731427534,17.107768111110154],[80.61951849262243,17.1326079988746],[80.63820576824907,17.160671073210736],[80.64567616499926,17.16189095160331],[80.66616723765128,17.151310990045463],[80.68259220995526,17.153706563895703],[80.69989053628395,17.1360683754002],[80.71648599954864,17.09558423563386],[80.72700825845168,17.050985431590167],[80.73914358435154,17.010628913808176],[80.76362614032801,16.98564216278807],[80.79281609904967,16.969093691954708],[80.82531970981897,16.963878333234916],[80.86612578924436,16.986994144951097],[80.88949587172173,17.022035550842414],[80.90721077805647,17.065809004880443],[80.93055650473904,17.099412777803582],[80.95331928861214,17.114457179147728],[81.03545300352924,17.127728989840197],[81.06369660274383,17.128309684814035],[81.08447259137859,17.12768359251116],[81.1187432245125,17.13093080554114],[81.13970545811758,17.136005907915358],[81.1735739540318,17.15281253195119],[81.17130856321134,17.1898438867683],[81.18362943047764,17.225166822720862],[81.20302160537094,17.249558423757023],[81.23690536899971,17.262785667627508],[81.25624806516916,17.28538550011145],[81.28368936795223,17.32736028202093],[81.30465764459893,17.3427614311358],[81.34017255425685,17.348773484080805],[81.37748193687865,17.352936411714783],[81.39870696254746,17.37545403196353],[81.40533479018067,17.40557670327256],[81.38367684376387,17.424119137429972],[81.34690936733635,17.43600609298548],[81.3120539217021,17.44961138203772],[81.24756681788685,17.521266002980763],[81.22450729389747,17.55412364447884],[81.18973716148399,17.571283609428733],[81.17120693992841,17.573649851547046],[81.13216331007787,17.574868672017004],[81.0926971195581,17.563595377064793],[81.03549195251132,17.522502522946315],[80.98128196389806,17.515222642188622],[80.9556027462648,17.526712274430057],[80.94334507751637,17.550296178781206],[80.9402094868509,17.568248209016208],[80.94586192636206,17.62700751862733],[80.94210118221683,17.682479742218778],[80.94463766695621,17.75919023408539],[80.92779067140322,17.813276187719374],[80.90126831254923,17.856942245203296],[80.856334428675,17.908308642190118],[80.84214674462977,17.98732163743209],[80.82082912687768,18.02011450678435],[80.77175682718892,18.06088552937922],[80.67477246004287,18.12272130080147],[80.60135983726737,18.164183057018377],[80.54913401835854,18.2264524144988],[80.51833674906001,18.257720538540788],[80.4991372994132,18.30116006007626],[80.48916530282692,18.34075975227142],[80.48871072316656,18.38544560020396],[80.47579305083046,18.41920523934202],[80.516240718708,18.466623294473965],[80.53590571054609,18.495828084308503],[80.55417660632325,18.520305664890067],[80.59951097230538,18.532066323994695],[80.63443857581008,18.53102483116949],[80.65938544187257,18.53027699014792],[80.68615501628251,18.509224705241607],[80.77262609894845,18.407760420035117],[80.80109597846591,18.364023448941357],[80.8074937785102,18.3316776890427],[80.80962623974781,18.32089585705283],[80.8514092190533,18.302945527086933],[80.87639273581762,18.26764765682099],[80.88884039742493,18.23035482266259],[80.90847242579153,18.221414456838872],[80.95078513326078,18.220101209528092],[80.97948791051714,18.22158593487886],[81.03072250632036,18.190216503460178],[81.04321556035038,18.15530261234891],[81.01935754241215,18.11320007590726],[81.00133845751171,18.095908032417128],[80.9903783028751,18.06648936954005],[80.9966239013696,18.030582442098684],[81.02484663190045,18.018989171209455],[81.05090502187716,18.016983093845603],[81.07327446085306,18.016280052114684],[81.12542459113085,18.013440801690958],[81.13992205355882,18.001078334136864],[81.14638510032711,17.972309171673224],[81.1280045367895,17.8360226124625],[81.12029102843705,17.792228455053106],[81.15332446371794,17.74120339135269],[81.17309220204478,17.73819986896646],[81.21336453987472,17.753584146733974],[81.25761232201708,17.775970233732476],[81.29219435137057,17.805794585417487],[81.32392688404822,17.824993820664652],[81.384509331649,17.81706727471845],[81.40893685607844,17.805557747961327],[81.43665382689939,17.782041410529867],[81.45957449522899,17.763440154455346],[81.47689172672008,17.761676686939058],[81.51687193116945,17.768671927335006],[81.51867422304755,17.784074421132356],[81.5314407642831,17.827655478225875],[81.53992813707623,17.85591593023268],[81.55055104519215,17.87458810180382],[81.57314422612458,17.88096026585793],[81.60876189134196,17.90353566939902],[81.61221653614683,17.92958159791589],[81.59785624867823,18.010943536909444],[81.6018957678587,18.052430308174873],[81.6195126049293,18.091070461221726],[81.66704057158388,18.131047190328555],[81.68718537080511,18.137480203697134],[81.71593429210894,18.141231021086803],[81.76441654584184,18.14071425380833],[81.79500471967688,18.15984320771251],[81.8210942527643,18.191014367494844],[81.83203959711116,18.279786485092334],[81.84094686931981,18.316320125066184],[81.86076652199633,18.345325086291815],[81.88610047855701,18.356294563909756],[81.93534136043473,18.37351802799096],[82.01772855492653,18.40970349395651],[82.03700559680287,18.424436751938295],[82.05923531006448,18.480650424448292],[82.05757835947449,18.50091526036954],[82.03826376970353,18.515899539865263],[82.0123363989296,18.521621583812465],[81.9814297063155,18.527525391362627],[81.95166686619231,18.53100511231144],[81.9308515993463,18.54009406858335],[81.92200262755085,18.56775974438983],[81.94873019597347,18.61194021108805],[81.99212357019506,18.636473660387555],[82.05116901707966,18.64733074022596],[82.13535793038629,18.66314964004647],[82.16966410570396,18.678471007671945],[82.17221410052781,18.709265644439387],[82.17357232204841,18.741294125373717],[82.1621916968969,18.79638955952674],[82.16370644083818,18.83197720672885],[82.17567849255646,18.84933698355672],[82.22228501970959,18.859406915937512],[82.23655198015771,18.871918534763342],[82.24368981976347,18.921537068515445],[82.2374449345144,18.9502953354346],[82.22293511773235,18.990071200583014],[82.21197027559545,18.99644165164373],[82.21995486671396,19.036524032090796],[82.21458584329828,19.08544768919771],[82.19420108680983,19.105259367636165],[82.17006750135724,19.125217064303165],[82.16401988848007,19.158724227937206],[82.179403348412,19.196142805698727],[82.19968667375643,19.25950406389281],[82.2218292691356,19.364369110545134],[82.21278768908799,19.414631549310126],[82.1999822884691,19.43652937622372],[82.16184996156025,19.452305219738836],[82.11839264141106,19.461155147483158],[82.08534852378577,19.479094049872806],[82.06986289327489,19.49752880982713],[82.06844288863346,19.551064688555126],[82.07464523615346,19.578154653287626],[82.14170255126581,19.67650484787793],[82.15152714127214,19.699877782862515],[82.14893563624885,19.72612417301586],[82.13882756331351,19.7526722095929],[82.10381300087045,19.783781959075004],[82.01869143204843,19.81806342298774],[81.9341434052875,19.866555368221036],[81.89701711799401,19.891734433772797],[81.889473995946,19.97866910111437],[81.91155741546756,20.02345520803736],[81.95257465572054,20.040860629254436],[82.04681898354458,20.033309935930887],[82.09207178608854,20.01057646690489],[82.15190612702064,19.95492179037715],[82.16615564865093,19.914417912226526],[82.17942648143638,19.89676899930468],[82.20934612693875,19.89175090817982],[82.26411455212235,19.902819004863026],[82.2881849899736,19.901829334412078],[82.30911045009033,19.876256158484],[82.34214709428753,19.852081997254302],[82.36933511176453,19.831948420638742],[82.39843157697503,19.809832552825306],[82.43126132558146,19.781856993547876],[82.4792570424236,19.777944580118273],[82.53325500982585,19.773765428662877],[82.57477694046726,19.760602640684713],[82.59590373371351,19.740704052264416],[82.60222670363878,19.70657490368756],[82.59771480226952,19.70266978698439],[82.58162272744752,19.680556423295492],[82.57387108657375,19.6438381259314],[82.5782925144919,19.578106415825918],[82.58808726363068,19.530672309569628],[82.59615054241124,19.51038413162405],[82.64315228741364,19.455679075678614],[82.65536855413221,19.42809217569362],[82.67243631541744,19.37608147081972],[82.70887939628841,19.35316428626908],[82.76817762920204,19.337810462066024],[82.78193279406412,19.31158249680911],[82.78187481317566,19.278825963307884],[82.79086618864467,19.247106363669243],[82.86269340253543,19.244015051566294],[82.90159403457452,19.242329020616488],[82.92144176261175,19.21868284340528],[82.93013057062254,19.1812833296287],[82.93228579413399,19.10145237482683],[82.95035133850911,19.072191918269027],[82.96753204974516,19.055784101376766],[82.99116422918267,19.049060783437422],[83.02483816111423,19.033354276763884],[83.05271571249023,18.99085076048137],[83.09165150510634,18.960672939935602],[83.11702940618332,18.95955567719351],[83.14323866201835,18.97547737216124],[83.19991752403614,19.03273032409306],[83.23595012876719,19.065268766124944],[83.27334807857909,19.094887765101294],[83.27590804207419,19.116115717719566],[83.2799635349716,19.13727565724391],[83.27776502754968,19.182908806196753],[83.27571373512036,19.231381758597053],[83.31608348638416,19.259419305719778],[83.3412999357807,19.283872461115998],[83.34588425667718,19.314962127182504],[83.33209267182421,19.338361743549108],[83.31159123688826,19.347841653020502],[83.26230741050551,19.35152234910552],[83.23431761779219,19.36133714245807],[83.20112541768476,19.3870396056036],[83.20036581299334,19.461079643157532],[83.21407091371321,19.494610623916376],[83.23775928972732,19.517719358824067],[83.29929181172498,19.5177323237593],[83.32824877314873,19.526351627364495],[83.35286294871788,19.53801290274786],[83.36435156281783,19.585851017017003],[83.36094722634695,19.635806804850464],[83.40392167527972,19.68216062265391],[83.41770120026112,19.715653457580014],[83.41125576913487,19.73587510486582],[83.39574113134323,19.755103038330166],[83.3763231816279,19.785896967857497],[83.3766940485859,19.821448365492977],[83.38689215292496,19.843729841329676],[83.42033895819496,19.850678438889897],[83.45408923027387,19.86329529210215],[83.49453342556208,19.97230860351049],[83.54224640187338,20.01978191451263],[83.56426441694136,20.03719975263652],[83.58219778803303,20.034902007219586],[83.63269633299086,19.99545319780293],[83.67084132604434,19.97793542403119],[83.70873095940343,19.983173904147282],[83.76106965237304,20.031756546125372],[83.81534087368601,20.087323479057652],[83.86571469030956,20.15300872458771],[83.90096123949863,20.164008012124278],[83.9444001689165,20.16036671940216],[83.98398552816401,20.168281766078916],[84.0267996132533,20.20585905130938],[84.04897886792914,20.199025086941504],[84.06782370766823,20.186679034250197],[84.08199922900423,20.171733488092684],[84.10733443867315,20.167571413645884],[84.13483186603492,20.174657728368032],[84.16982939916986,20.181344464677203],[84.2134057477294,20.180467788595525],[84.24356567776523,20.181712074124693],[84.28588809067563,20.185143644684057],[84.30730276787904,20.191101932579787],[84.33938334758966,20.19932543526377],[84.36602074972981,20.24191261147733],[84.3749350187772,20.28970889145298],[84.39500175828213,20.322700072577152],[84.41202220883672,20.33029529831769],[84.4416786933947,20.323002622719955],[84.4583772302082,20.30079707928267],[84.47835564981048,20.258538398660384],[84.47988114170604,20.23432247709797],[84.4630231983467,20.179875879049053],[84.46233400500248,20.168556468330404],[84.47125223718417,20.159700020232627],[84.48501426764999,20.146031259675645],[84.49806566316639,20.138224009227667],[84.5077743286255,20.124920461947724],[84.51687729993476,20.101714066531105],[84.51797505870911,20.070427442616335],[84.52442714228947,20.05304399844708],[84.5354553420923,20.036831338398457],[84.55730342625867,20.025706619616948],[84.57834273256078,20.025977877319356],[84.60640829465068,20.042890940345604],[84.61519555914725,20.063695195588014],[84.6166757052191,20.087738339636395],[84.62940582064448,20.17218150868051],[84.64772585387436,20.200967700191715],[84.67671480048192,20.20787214088548],[84.71380532964187,20.20013029395514],[84.73053551145483,20.179333214220197],[84.75845126377318,20.16925961813551],[84.79192128218394,20.1758933237087],[84.81341535342555,20.1831946417727],[84.85700552801974,20.18356932202091],[84.8797850967201,20.163840827451192],[84.88385608346452,20.109716946632613],[84.88592567886175,20.071307989525568],[84.86804501776368,20.049625458620646],[84.85543977332739,20.016296372829576],[84.84654256342725,19.9941032178725],[84.85110311192825,19.971154546184568],[84.86480872953092,19.950529958372375],[84.87728327451565,19.934229359567944],[84.92550521269949,19.890392408239848],[84.97064692032386,19.86941177130765],[85.0117127176446,19.831642316964714],[85.04655414097269,19.743191576113116],[85.08241428193352,19.71847657466051],[85.14157762210627,19.68392597257556],[85.15839422755961,19.677779203837215],[85.16172672504543,19.675371551634896],[85.15106092555786,19.661935952874853],[85.13488188893344,19.64154766510008],[85.1311316317063,19.635322338700252],[85.09271657662373,19.571031741981376],[85.07820958679073,19.540281588200003],[85.08603078812293,19.514976676832582],[85.10472503398238,19.5053402532366],[85.11424645757123,19.50553809578628],[85.12234443789912,19.505705951034923],[85.14041098031007,19.5060790765032],[85.15001629480105,19.507165377997755],[85.17856949576759,19.51039120859254],[85.18540503020522,19.518084114910437],[85.20017254798105,19.53469924422113],[85.2011624534394,19.536108463329324],[85.23274260088084,19.58104290059437],[85.23658280106538,19.58650399829144],[85.24096620833367,19.598296578078926],[85.24355146336572,19.605250138938118],[85.25205902081703,19.63851097539938],[85.26157430514688,19.649287697702835],[85.26674131427875,19.64507417547439],[85.27240366554682,19.640456406701905],[85.27850689376038,19.633292589044277],[85.27859347899309,19.63232911968678],[85.27960292687386,19.62109811484129],[85.28288099591741,19.613150111593836],[85.28906088898611,19.61394153607587],[85.29202656452568,19.614321248302357],[85.29290176852787,19.612929885979877],[85.30152190165694,19.599225119544005],[85.3051466191577,19.587800657434215],[85.30512416669288,19.577767549681898],[85.3038234309925,19.567218001657093],[85.30073759384327,19.557951902379216],[85.2534182543901,19.528797474996594],[85.24863029003248,19.525572903715442],[85.15651564197047,19.463472471966405],[85.07424302059705,19.4220480555024],[85.00987919484366,19.37780157330655],[84.91814197455868,19.30253185224854],[84.89613434143739,19.282328223842608],[84.88481088602579,19.271929022748566],[84.86761729440838,19.258738656659762],[84.8440113736332,19.24062108305372],[84.74709679361538,19.157786870058928],[84.68364388604405,19.110872026822356],[84.67754244877489,19.106920953888704],[84.67647297857185,19.10556619111254],[84.66595486107379,19.09778227789118],[84.66026185642974,19.08801650459873],[84.65663978079009,19.069335948217006],[84.65701417796892,19.048883769036756],[84.65980414801543,19.02700994031513],[84.65820110897482,19.01633620753731],[84.65102382361779,18.99885512051276],[84.63253124245173,18.981605728109336],[84.62724249789925,18.976671204320844],[84.60355356955945,18.950178133644393],[84.58216184930315,18.92067731614611],[84.52525190106222,18.86467225378878],[84.51003389402192,18.84553390429103],[84.48758279099951,18.81178811823683],[84.47645747589958,18.787401613039446],[84.47011767993301,18.76777272669111],[84.45527084461916,18.762185177328313],[84.43788346600485,18.75746929468958],[84.42173013873693,18.734813255498715],[84.41203498150928,18.726794269305763],[84.40392933214493,18.720827670393877],[84.3940749964132,18.711387851104416],[84.38267036776345,18.694178066075384],[84.34810723448722,18.668994684147],[84.29523978149727,18.618405073062195],[84.26135687160999,18.566745057197856],[84.25611734416275,18.547784407260437],[84.24934806503705,18.52607432305359],[84.23053949947628,18.50783648962897],[84.21137528226372,18.485346083955537],[84.18952744450495,18.471527744083104],[84.16115133865661,18.46090708970355],[84.12835600510712,18.44555613108893],[84.10562282363198,18.428236903132312],[84.07833954167413,18.384738048637406],[84.01120597047044,18.314109943700863],[83.96249949147408,18.257459451272823],[83.91857506173923,18.22337841975136],[83.90189118960605,18.21336037716624],[83.86618274444189,18.191907933788173],[83.86465253283356,18.190973391771568],[83.8375474928877,18.174415031702996],[83.80398452372515,18.153866003255278],[83.75138575777686,18.127538277385998],[83.6892156150158,18.099747538417258],[83.6235873139872,18.065665135114624],[83.59025201570371,18.050448355262688],[83.54954482374268,18.03496514065512],[83.50162934281508,18.00908211228404],[83.48520269492583,17.992050574439318],[83.44235241825038,17.938379365440134],[83.40146051633006,17.877354927363534],[83.39874758535801,17.873654703456477],[83.32654430925237,17.775077507265415],[83.28931545498328,17.715968180577573],[83.25674854380802,17.66956277016354],[83.18800778773387,17.585603798053672],[83.14781574272436,17.54068779390209],[83.11870922395087,17.508134910396205],[83.0662354986323,17.478744191071375],[83.01634458311973,17.44268262292108],[82.96515260880274,17.421124418366862],[82.88672252978557,17.396065909570062],[82.81219405829373,17.36638730099635],[82.80209530968095,17.3578700876453],[82.78973857602438,17.34744695922133],[82.76007427141816,17.33179245234549],[82.72938526289668,17.32194611032108],[82.6802571166243,17.30798743983775],[82.64794845008076,17.29092375599433],[82.61777611493933,17.260100779417822],[82.5528128773497,17.226449154704632],[82.51281644379328,17.196614166177675],[82.47851233777148,17.171007927563434],[82.42994603479427,17.134497181431463],[82.38107171471164,17.07874580989565],[82.31315926721521,17.013919848088808],[82.28444862061032,16.9780939416801],[82.26965083017446,16.946679684870386],[82.2611541171731,16.935678122063106],[82.26222672509124,16.924963099674912],[82.27286743702388,16.91379663026832],[82.28554360651918,16.897425268308787],[82.2861532080074,16.897156580232707],[82.28718024143139,16.895144690515856],[82.29725436382735,16.887657327625117],[82.31816697028093,16.88501040052534],[82.32082504143014,16.8846738137981],[82.32578762872683,16.884746777629452],[82.33489610047313,16.884880377812845],[82.33563895441843,16.88554403213221],[82.34245030989148,16.89162875674861],[82.35557202285139,16.903348437773428],[82.3594350107177,16.906798116014595],[82.36542197320107,16.91537103646388],[82.36900331248673,16.92049864369702],[82.36962813548638,16.921393190359268],[82.37259785612964,16.940524809565478],[82.3719790890268,16.943356637033435],[82.37015541989142,16.951702763240984],[82.36957195310501,16.954373028240298],[82.3682034012469,16.960636266366457],[82.3655806422722,16.96928239267929],[82.36745021581346,16.979190538739044],[82.36978083431772,16.980387732486815],[82.37651901616421,16.98384872555327],[82.37731011618571,16.9823582074649],[82.38788756516219,16.96242768759981],[82.39079869766773,16.94034954535342],[82.3909446883861,16.93924242915756],[82.392702370368,16.910339473825463],[82.38941463967927,16.878081820674915],[82.37427701938027,16.826455653319286],[82.37374067721383,16.824625535383518],[82.37214618659043,16.81918439839398],[82.36253461576135,16.782934682614535],[82.35725431519532,16.77673402603629],[82.33885750616328,16.75250291005063],[82.33801142187068,16.743894310666207],[82.3389463610263,16.73302340705649],[82.34260527844287,16.722724032722645],[82.34716776486432,16.708048109292964],[82.34733573025873,16.689285995413847],[82.34140896174083,16.669414617373285],[82.33454327216909,16.660413390019645],[82.33253130940676,16.652180572918954],[82.33123837700383,16.646889247422536],[82.3302132489148,16.622420840870817],[82.33619686267373,16.601727136512228],[82.33720536858854,16.598239213441232],[82.33568588099617,16.585126985533297],[82.33562042246672,16.58456200319841],[82.3329732024693,16.584940989195093],[82.31476513354265,16.576453937114444],[82.31405488780197,16.577019528448805],[82.31067463376999,16.579711271925788],[82.30708963490437,16.582565947087005],[82.29927233057866,16.58443498623787],[82.2868563446121,16.580063533417807],[82.27727728591893,16.57048710939313],[82.27021832826371,16.5593293918498],[82.26986845404765,16.54852569529272],[82.27535646403314,16.535960961475283],[82.275345041909,16.528747100991072],[82.26716516533627,16.526884600750453],[82.261432469243,16.52557907100853],[82.24092169316928,16.52525448002091],[82.2339029397277,16.525142932482098],[82.20286590034476,16.524646776057644],[82.20213157016308,16.5244848951068],[82.17927444126079,16.524651620668823],[82.17616373229946,16.52359885589754],[82.15911690811667,16.517828484651545],[82.13774882946288,16.499084710229624],[82.12393539596653,16.486963843060362],[82.11732210828146,16.481159795614104],[82.0967698074717,16.46840097674572],[82.0569289430678,16.4540822904599],[81.99818059276585,16.427876380034377],[81.98559228599869,16.422257524289353],[81.92931661750181,16.38695771783394],[81.92105287354363,16.38344926749255],[81.89089242481354,16.376906729024025],[81.85804868034595,16.367286433134517],[81.85350416340567,16.36420265543329],[81.83689655614015,16.360448011222864],[81.80896282608246,16.344494066632205],[81.78378078003263,16.330105241432165],[81.77339530837904,16.326494060441522],[81.76836402958673,16.3247443470888],[81.76651989339126,16.324102974027515],[81.75933469723567,16.32542526360872],[81.72090592830553,16.332493105131306],[81.7060342752915,16.334970383415715],[81.65171483246432,16.344009813486583],[81.64670179297156,16.344843336944724],[81.58659386781687,16.347349929729948],[81.57659640377975,16.34776517743227],[81.49614236579261,16.350984397665346],[81.49209052344064,16.353047881442528],[81.49083558985573,16.353686961165298],[81.46779209891886,16.36542018629617],[81.46126348593322,16.369189940026228],[81.44801708973083,16.371025151752125],[81.43543824674649,16.370697902508727],[81.42043263013406,16.364020443708146],[81.39501795046148,16.355517720496113],[81.37640100420245,16.349102052510883],[81.37408228283762,16.348302824387485],[81.37189833001295,16.345907669047698],[81.36720583468383,16.34076102779751],[81.35951666969687,16.332326659841613],[81.35600632335475,16.325055173354652],[81.33371197753536,16.31260431765674],[81.32613913449019,16.30577415551287],[81.32864486154749,16.30422309341895],[81.33480377086435,16.300410495415615],[81.34262152423045,16.291506902458273],[81.34250389708856,16.287734698595894],[81.30783304330723,16.265351924794658],[81.30360031698928,16.259301293518675],[81.29356724758738,16.25209432087004],[81.27851071414109,16.235922359055767],[81.2692173237207,16.225938127061628],[81.26309900233979,16.208856131682175],[81.25634642886527,16.18999765168143],[81.24138692653482,16.157713729266995],[81.23250443306287,16.13161169858014],[81.23016611258647,16.1269026397608],[81.22202524433135,16.110505266337288],[81.2199747091703,16.10637438986977],[81.18097586640056,16.056469699717457],[81.17437593724075,16.032409251516967],[81.16796992310324,16.014780700228794],[81.16772061396507,16.006404102378713],[81.16714066041307,15.986898232282813],[81.16412435083724,15.979402146483311],[81.16216158860794,15.97761308934431],[81.12703858203483,15.93934531969874],[81.11831998345535,15.925983469681576],[81.10392490965488,15.911471817562079],[81.08932444814194,15.897076827909455],[81.08056868148239,15.89139030171565],[81.06845007815312,15.881019800671023],[81.05397126898905,15.86571530486924],[81.04883108070035,15.857133361085618],[81.03283319652294,15.841344652991701],[81.01840035096248,15.824745023670472],[81.01129369371202,15.78133605550262],[81.00689217218452,15.754995145007921],[80.9981556269681,15.738065137055644],[80.9960281239235,15.73394170547424],[80.99170203197524,15.731034597628893],[80.99052331311958,15.730825445478034],[80.98238295284749,15.729380812483742],[80.97435737709083,15.727956208882583],[80.92942477939094,15.719974064901095],[80.92202105595982,15.718657797774622],[80.90030772142772,15.719247779341261],[80.89696659582094,15.71933837035506],[80.88994911755236,15.721241082712714],[80.88818533253915,15.721719276029495],[80.88670352735954,15.722966989647901],[80.16969209231853,13.938564403182292],[80.1943544765793,13.880291468638957],[80.20963770389456,13.858375123577002],[80.22566109616182,13.837147919498555],[80.23850461916484,13.80589499430501],[80.23796436784855,13.790473963002276],[80.23464475009294,13.695434561238368],[80.23972233912515,13.591536109161538],[80.2406028726946,13.573544860853158],[80.24160295211232,13.570178569563838],[80.24587416203286,13.555801190333915],[80.25584647770994,13.52690463885339],[80.27773575205242,13.487135611256747],[80.29155874777676,13.465922707456231],[80.29305173259901,13.457044118643704],[80.29465661143105,13.447500213090303],[80.29330339870351,13.445735574164795],[80.28527555195363,13.446367745481076],[80.27093859940558,13.458824515851129],[80.25989728805101,13.488372507078624],[80.24728385411981,13.512948673814465],[80.23703248424033,13.545341070489647],[80.23026028667755,13.569795215159498],[80.22472913818875,13.584212653983156],[80.21779895966179,13.601519866512783],[80.2138936599995,13.607525163422082],[80.21072696610878,13.612394498671753],[80.20138370192515,13.619741350484112],[80.19499439812826,13.628456357333492],[80.19443583342475,13.636334098056077],[80.19026994899347,13.64643276602915],[80.1876283569738,13.659359934606124],[80.16879581159506,13.667620401739418],[80.16816528349739,13.667300990158322],[80.16548161630051,13.669066384890073],[80.16171235185585,13.671545837237952],[80.15589889642176,13.670387306109914],[80.15266463031021,13.658173522350005],[80.15178953142942,13.642691635061537],[80.15122843627967,13.632760394726684],[80.1410469431938,13.63109491135378],[80.12959208803653,13.636046483708109],[80.11027380743049,13.645763290695651],[80.1013725021414,13.646211906283266],[80.09866323198247,13.64634838629852],[80.09127661069066,13.64234981591574],[80.09113441404395,13.637341668448123],[80.09092724717979,13.63004257409395],[80.09046241460483,13.629909437343517],[80.07867674705797,13.623590690245372],[80.06864025444777,13.618208916850474],[80.06605066882288,13.616820205386283],[80.06112352086339,13.60766413221251],[80.06072082372268,13.606915755133706],[80.05790280610258,13.602245809096656],[80.05389936721193,13.595610910098559],[80.05295587460564,13.585616786146888],[80.05099383302418,13.562053773257292],[80.05914181281807,13.532563955979944],[80.06976845823965,13.51661348020009],[80.08923655954813,13.504059283708328],[80.10961572764748,13.500067807669609],[80.14311165377138,13.494375295685803],[80.1726285351495,13.473743560567465],[80.19331624836431,13.468793176946983],[80.19432536866036,13.467459224196524],[80.20490827702592,13.460434317322015],[80.2310920403526,13.44302499932784],[80.26503069278488,13.42077340095306],[80.27484580147248,13.418776746953],[80.28372994331939,13.40922004735623],[80.31429674874921,13.40428657057619],[80.32067469566682,13.40070398110608],[80.32832663968736,13.381222614177677],[80.33047005002096,13.353338633262323],[80.32983671768771,13.325229726609969],[80.32948552519423,13.309615539043643],[80.32731584449229,13.256288783611797],[80.30603699458814,13.16889732136921],[80.30080828476015,13.141976225256707],[80.3008082824959,13.141976225193387],[80.28453838394356,13.058128750207242],[80.27757727200938,13.022230323292051],[80.26191637424752,12.941387807396334],[80.24457816260487,12.885869862359614],[80.23448327337098,12.853518582943245],[80.23837225819848,12.805762834991873],[80.2316785507106,12.701993999751336],[80.20767352671197,12.608433873980125],[80.19096837780211,12.570450476964389],[80.18724009637434,12.56453979665593],[80.17599486439762,12.548309881838879],[80.16841800309959,12.53343851235055],[80.16590694871898,12.517038839809958],[80.1648232553906,12.499181313458413],[80.16264363003684,12.48870845545258],[80.159675200529,12.477977036771998],[80.14814991765978,12.45837590242758],[80.14277635082252,12.451688587219335],[80.11542570039992,12.430038038044582],[80.10756447706989,12.400148615889542],[80.10219436430305,12.385945866337424],[80.08958016013469,12.373309212309081],[80.0517998779855,12.33825281858179],[80.03721657718518,12.298468308722716],[79.99474201253793,12.244885618853028],[79.97267534762281,12.218910434595823],[79.92208751576605,12.159328556888855],[79.91816064485427,12.154701563114058],[79.91441499330104,12.14970881944696],[79.89540805391314,12.124368751361397],[79.87791777648569,12.101043517953626],[79.87045537272016,12.09044327360785],[79.85567917058971,12.0370436501697],[79.84656814602921,12.015325774941537],[79.80021462099602,12.033802396754524],[79.78292643508455,12.042686065801442],[79.74944630615788,12.040397166565983],[79.6908567572197,12.01562863864033],[79.67171411739321,12.001637347082942],[79.66269778816046,11.984612773230857],[79.65949606854706,11.967490801712142],[79.66343843098535,11.943093557507558],[79.68028596887528,11.908463221441005],[79.70015885372014,11.880939006314614],[79.73332357626052,11.866072719006004],[79.76155539945115,11.818371910224709],[79.7818870193972,11.818029470726621],[79.80280143541565,11.831678666535938],[79.798279736038,11.808749088241369],[79.79623509397918,11.798378073602573],[79.78601471718565,11.753472751882851],[79.77470590529065,11.729334446262222],[79.76408876229486,11.70303678188463],[79.75003499498129,11.64531037284422],[79.749658030704,11.623134269500083],[79.74963128761738,11.620858282044294],[79.7453632960915,11.60965220515556],[79.74867992675873,11.539448171190632],[79.74804168691226,11.484341916759439],[79.74769417681179,11.463596242550148],[79.74746711169328,11.450019205004738],[79.74743099578434,11.447858119804302],[79.73630268479151,11.433011784902208],[79.73163066060312,11.413766793766458],[79.7197798960647,11.398930649975124],[79.71377827723029,11.38686206243689],[79.70994069544437,11.37404286032037],[79.71479206940512,11.360368700969167],[79.74196376905886,11.358031682466917],[79.75192455936445,11.363424142161474],[79.75779120856944,11.366599860690293],[79.77731673192172,11.380441604855404],[79.7865255889282,11.376581752656678],[79.79072596949749,11.374821068482406],[79.79715342283345,11.333696766934427],[79.79757246800379,11.295818511226956],[79.79823203396464,11.236557367469084],[79.79948133553928,11.103782257859622],[79.79953691057365,11.07740805743773],[79.79976365719041,10.974361693738665],[79.7997664020919,10.973155365609466],[79.80109016562909,10.731379852979671],[79.80120653470145,10.71082462980399],[79.80057472817641,10.642775846687275],[79.79921112409502,10.493252111726209],[79.79743519443583,10.442868620363601],[79.79262044376412,10.305658449527039],[79.78161450264108,10.287821103714387],[79.75750008278206,10.274134561923125],[79.74299137719163,10.271890628288647],[79.69318470483329,10.280796551843443],[79.65536483676372,10.292674208803483],[79.64345182365548,10.29357446635363],[79.63723766679344,10.291399807362449],[79.63792483708532,10.28664219580684],[79.63924426898025,10.27803503843613],[79.64789379492409,10.275041006990172],[79.64857107431722,10.274252807978609],[79.66491969556627,10.260690306703488],[79.66930436513039,10.248087143286526],[79.66460749140282,10.2422501395296],[79.64638989318915,10.239037085871834],[79.53828556387069,10.232511128902203],[79.52568944118693,10.233570761000266],[79.51486789319723,10.234480726370185],[79.51153586517609,10.241903487737721],[79.51244102397273,10.254775404568415],[79.5212135191842,10.261811178346859],[79.52713684498212,10.27174955933791],[79.52869433351893,10.279601464618137],[79.52814475398152,10.281513537504887],[79.52662864053379,10.286788291832618],[79.52622783741575,10.287007251474437],[79.53740194689898,10.293381162887334],[79.51729567778419,10.297474179373733],[79.40768298005992,10.291155514919938],[79.28377549647955,10.289381579408927],[79.27066736099783,10.282394773613053],[79.25467779127038,10.276161128191807],[79.24290152575043,10.260562646265353],[79.23106950046132,10.240667652273492],[79.21778428468991,10.220074408171412],[79.207429723771,10.202306455627712],[79.19761529798723,10.115070058196801],[79.19430693006481,10.082888082352865],[79.19366850975997,10.033485643636391],[79.1880035469455,9.996939472403815],[79.18672901623151,9.99334962207607],[79.17589004104063,9.974119511628107],[79.17467078041706,9.972477899332977],[79.1463626053429,9.94957707443448],[79.13387413104594,9.931987802370664],[79.10151090342197,9.886391303465109],[79.08454219020328,9.86018939798042],[79.08310365296,9.85796779088739],[79.0788104793758,9.85329432042422],[79.071391757301,9.845217868635482],[79.06176819813295,9.825996161361273],[78.99561650205086,9.729372241125223],[78.94717716905787,9.662244755462225],[78.91777373375241,9.61661653263743],[78.89016340995654,9.569171656376307],[78.88511504619181,9.548334319824061],[78.88010154068483,9.530481138351714],[78.87750750288545,9.51379472895517],[78.87366451240334,9.492943197428234],[78.86890723466028,9.44404335197735],[78.86880721661446,9.435089707602627],[78.8732966385402,9.406385203249734],[78.89267911140841,9.365577868526945],[78.92529232563888,9.325819232669742],[78.98839877035273,9.273186010040785],[79.01892960925981,9.263293801601936],[79.02280512351219,9.262848663747212],[79.04773082029789,9.259984723070767],[79.04926384277009,9.259575676173693],[79.05045435771918,9.258954483341943],[79.07196952075464,9.252775676708858],[79.07761484478114,9.246514879666401],[79.07758778692505,9.244167883705837],[79.0775254330695,9.238756945638361],[79.07570549481501,9.234504588861652],[79.04696558414533,9.23897628642284],[79.0006773111686,9.250088950621144],[78.9263563937782,9.249548448128202],[78.8649158485313,9.237809483480047],[78.80785127809713,9.214677584396286],[78.68918572877175,9.178768103254766],[78.60794879692803,9.148722101486662],[78.52453128468406,9.108064202158001],[78.44076359956907,9.095302133619985],[78.36186130620487,9.088348756647623],[78.34645392881225,9.087245876046378],[78.33395278662651,9.086351544429402],[78.32651335179465,9.081421546881742],[78.3158012867172,9.098728258922772],[78.3265133501312,9.081421546896909],[78.26091806563836,9.037937846744322],[78.18576207281258,8.972012360205605],[78.16309725529324,8.935149006728217],[78.16244807074172,8.933086091193045],[78.15579268868439,8.926639726526728]],[[76.77475062941078,10.560804144822464],[76.77743168887271,10.552974881380388],[76.82421094884837,10.548640020410394],[76.77475062941078,10.560804144822464]],[[76.82421094884837,10.548640020410394],[76.8333728997444,10.564608652280723],[76.85094035340626,10.591772568881709],[76.85891568500664,10.608283384744958],[76.85094035314218,10.59177256921327],[76.83337289971904,10.564608653072568],[76.82421094884837,10.548640020410394]],[[79.88479355063878,13.229546848079355],[79.88275087743706,13.224463315005394],[79.9035693688655,13.229679662876066],[79.88479355063878,13.229546848079355]],[[79.9035693688655,13.229679662876066],[79.89065578325469,13.221085605918184],[79.87958781553586,13.213806587714773],[79.89065578406543,13.221085605136274],[79.9035693688655,13.229679662876066]],[[79.73188281390411,12.849002967196759],[79.72069781850648,12.821167239979953],[79.7271346002782,12.593402579898614],[79.73188281390411,12.849002967196759]],[[79.7271346002782,12.593402579898614],[79.72693741081042,12.598569464106458],[79.72713460018895,12.593402579624447],[79.7271346002782,12.593402579898614]],[[79.64127902292651,12.623520316484575],[79.57340497010226,12.454604411528925],[79.69589729080086,12.475759255935705],[79.6204736600085,12.536585672414672],[79.63029950888193,12.556454517231032],[79.69950916957745,12.569975158934033],[79.64127902292651,12.623520316484575]],[[79.69589729080086,12.475759255935705],[79.70676666899571,12.474975341466314],[79.72470614218715,12.46034981401802],[79.74478797341142,12.443539456759664],[79.74664617576151,12.425618051439395],[79.74487880482214,12.408475850467362],[79.74487880508947,12.408475850784072],[79.7466461765745,12.425618052516489],[79.74478797355425,12.443539457835278],[79.72470614222493,12.460349814643125],[79.70676666905673,12.474975342630623],[79.69589729080086,12.475759255935705]],[[79.53658787942555,12.362978938601998],[79.48079914912691,12.224139375136955],[79.65539822922145,12.280380356091548],[79.60052423994425,12.293764509696974],[79.66345183115158,12.31410717230869],[79.69971405760391,12.366328216753393],[79.67567487579784,12.329531160620633],[79.67172882998018,12.32474795517954],[79.67567487684074,12.329531161546337],[79.69971407663655,12.366328244162206],[79.7117917719093,12.376065024794963],[79.69971407562109,12.366328244141357],[79.53658787942555,12.362978938601998]],[[79.66345183115158,12.31410717230869],[79.65888178087516,12.305964556122916],[79.6544273344232,12.29411329529959],[79.65538397746754,12.280581924848432],[79.65442733547195,12.294113295701651],[79.65888178221009,12.305964557061433],[79.66345183115158,12.31410717230869]],[[79.27415228278163,11.378704634885256],[79.27620979883604,10.943389762833908],[79.5707478625502,11.106856742021616],[79.55639524641374,11.095827412911152],[79.57074786326937,11.106856741812253],[79.5707570795439,11.106871805345575],[79.59891785780565,11.15289493826156],[79.58227725961748,11.17824127929321],[79.59891785010511,11.152894948330559],[79.50750061572312,11.272429523053745],[79.52690375371176,11.270001580878693],[79.53839081221244,11.262668267599258],[79.54976462166772,11.248178919566127],[79.55887279773114,11.227998339113611],[79.57609482136102,11.190209137559442],[79.55887279870485,11.227998340241435],[79.54976462141504,11.2481789202576],[79.53839081341752,11.262668268257785],[79.52690375415357,11.270001582094034],[79.50750061542013,11.272429523449915],[79.43038060004048,11.373269461382531],[79.42582463597434,11.393225314055812],[79.42115733771756,11.419782799322997],[79.41123372192477,11.434965914035955],[79.3954936935529,11.449520780127338],[79.38827123708711,11.45177709289348],[79.37013173090274,11.452049168498144],[79.34992591882073,11.448942041821818],[79.37013172965858,11.452049167547392],[79.27415228278163,11.378704634885256]],[[79.27620979883604,10.943389762833908],[79.27043131564965,10.9401488208768],[79.25987714377771,10.933188454900877],[79.270431316937,10.940148821558077],[79.27620979883604,10.943389762833908]],[[79.14683376255029,11.393010789909827],[78.92578812985958,10.842901852417576],[78.9169350307563,10.841746603262573],[78.91693503718243,10.841746603337732],[78.9257881297023,10.842901852026145],[78.92536353722991,10.841845182817137],[79.06336867759558,10.843459286728354],[79.10334810298546,10.856287009087897],[79.08296414901507,10.848847451762323],[79.10334811018653,10.85628701139842],[79.12267403115462,10.862487889627744],[79.20749765356308,11.365919353179189],[79.17271827299244,11.386984517619545],[79.16817290183472,11.390554445663886],[79.15952789541333,11.394973661421862],[79.15952789520806,11.394973661424771],[79.1595278952601,11.394973661398167],[79.14683376255029,11.393010789909827]],[[78.9169350307563,10.841746603262573],[78.90690978113595,10.834601036783477],[78.91693503000806,10.841746601528975],[78.9169350307563,10.841746603262573]],[[79.06336867759558,10.843459286728354],[79.02922390175411,10.840296503141195],[79.009051934604,10.842492599412266],[79.02922390242077,10.840296502476624],[79.06336867759558,10.843459286728354]],[[79.20749765356308,11.365919353179189],[79.21999369578866,11.361172165234704],[79.2412931604428,11.363114681167204],[79.21999369701054,11.361172166045044],[79.20749765356308,11.365919353179189]],[[78.8997040675576,10.689949111041983],[78.94647515585966,10.19614074660049],[79.09731455438879,10.408452211705358],[79.11597863020161,10.449562695642445],[79.10032724711981,10.41489386034681],[79.11597874422887,10.449562946804946],[79.14574913994542,10.5659056392223],[79.1510670860428,10.530745703130602],[79.15113946947491,10.482048429777647],[79.14683239349986,10.473291572963563],[79.15113947061242,10.482048429812238],[79.15106708640312,10.530745703249323],[79.14574914084564,10.565905642740345],[79.14084908925815,10.576573909379432],[79.14574913930059,10.565905642710918],[78.96619299383585,10.562485753995713],[79.05975662124408,10.571657045122494],[78.92678470429921,10.651084529671607],[78.92979727487088,10.655824457618325],[78.9267847042204,10.651084529856604],[78.92678470421306,10.65108452979523],[78.8997040675576,10.689949111041983]],[[79.09731455438879,10.408452211705358],[79.06388369089535,10.337788560212081],[79.02080243861091,10.248800005906142],[79.01384466755887,10.213073937925628],[79.016000557693,10.154315438241234],[79.01471806370994,10.115291280144616],[79.01471806389529,10.115291280153821],[79.01600055815155,10.154315438529645],[79.0138446682401,10.21307393805749],[79.02080243907162,10.248800006564885],[79.06388369142844,10.337788560252578],[79.09731455438879,10.408452211705358]],[[79.05975662124408,10.571657045122494],[79.07937066666477,10.581811433168493],[79.09461650173505,10.585194344124467],[79.12432711321253,10.587670950756214],[79.13314162061941,10.58236041386386],[79.12432711404239,10.587670951157218],[79.09461650181807,10.585194345308386],[79.07937066764948,10.58181143434339],[79.05975662124408,10.571657045122494]],[[78.95599850140185,10.095593424378071],[78.95599850140961,10.095593424296156],[78.97418104792568,10.104686127877871],[78.98064064598265,10.107393977026092],[78.97418104733183,10.104686128104568],[78.95599850140185,10.095593424378071]],[[78.95599850140961,10.095593424296156],[78.95599850137596,10.095593424365122],[78.9559985012946,10.095593424324438],[78.95599850140961,10.095593424296156]],[[78.67439571269406,11.706747288107257],[78.67047131903011,11.730680136978595],[78.6744068391632,11.753317774421182],[78.67440683850938,11.753317773923827],[78.67047131892294,11.730680137420318],[78.67439571242764,11.706747283822809],[78.67439571269406,11.706747288107257]],[[78.67439571242764,11.706747283822809],[78.67497318125697,11.697415741980494],[78.67439571341475,11.706747283338034],[78.67439571242764,11.706747283822809]],[[77.18565004254899,10.127378460458107],[77.18565004173608,10.127378460574745],[77.16753042973814,10.124628753224123],[77.1675304285826,10.124628752034823],[77.18565004041,10.12737846013116],[77.18565004254899,10.127378460458107]],[[77.18565004041,10.12737846013116],[77.20662653303573,10.124368682197636],[77.21916196422906,10.120550274697344],[77.20662653245871,10.124368683428354],[77.18565005016598,10.127378459365195],[77.18565004041,10.12737846013116]],[[78.26771751345407,9.895075935326187],[78.28899526868967,9.893830038648886],[78.26769538164025,9.895077231734692],[78.26771751345407,9.895075935326187]],[[78.26769538164025,9.895077231734692],[78.24876544873104,9.896344488134424],[78.267695380967,9.89507723127954],[78.26769538164025,9.895077231734692]],[[78.86974657852927,11.491345510260961],[78.86974653912696,11.491345533742585],[78.88470724873694,11.481718646037159],[78.86974657852927,11.491345510260961]],[[78.86974653912696,11.491345533742585],[78.86974653956266,11.49134553522621],[78.84880477703965,11.50021927189764],[78.87069817080366,11.534031983914703],[78.88637487621712,11.563927914831455],[78.87069816944539,11.534031983953682],[78.84880477588588,11.500219271845097],[78.86974653912696,11.491345533742585]],[[79.13974266499979,15.150316222965856],[79.13974266431609,15.150316224175995],[79.13853731386585,15.088283808740918],[79.15377260251381,15.03562775793396],[79.13853731459257,15.088283809761023],[79.13974266499979,15.150316222965856]],[[79.13974266431609,15.150316224175995],[79.13974266626857,15.150316230386933],[79.15265190580907,15.205443200105416],[79.13974266431609,15.150316224175995]],[[79.2538036139142,15.68393382042597],[79.25380361395085,15.68393382107562],[79.23600109449742,15.65683626282936],[79.22297534110109,15.629635183924444],[79.23600109513175,15.656836262325468],[79.2538036139142,15.68393382042597]],[[79.25380361395085,15.68393382107562],[79.25380361395364,15.683933820485988],[79.25380361400396,15.68393382056258],[79.2702308162682,15.703896828325162],[79.27023081585567,15.703896828195159],[79.25380361395085,15.68393382107562]],[[79.84981303393535,13.670801062363712],[79.84981303422684,13.670801063126103],[79.8305669401446,13.65388768842238],[79.82673528315334,13.639274687371294],[79.83056694018008,13.653887688435185],[79.84981303393535,13.670801062363712]],[[79.84981303422684,13.670801063126103],[79.84981303541197,13.67080106374588],[79.85755803458316,13.679687250747602],[79.84981303422684,13.670801063126103]],[[79.82731488958576,15.863172679900917],[79.82731488912881,15.863172679995397],[79.81457705913557,15.855880973711901],[79.8273148892654,15.863172679545867],[79.82731488958576,15.863172679900917]],[[79.82731488912881,15.863172679995397],[79.82731488977771,15.863172680113632],[79.847562556289,15.885611968917814],[79.84804311991388,15.905632227550694],[79.85973976336444,15.920630321588632],[79.85973976284258,15.920630321185193],[79.84804311919818,15.905632226944961],[79.84756255557569,15.885611968407147],[79.82731488912881,15.863172679995397]],[[79.87832359081717,15.93499436223887],[79.87832358972229,15.934994362444215],[79.86421657429393,15.924090985386702],[79.87832359081717,15.93499436223887]],[[79.87832358972229,15.934994362444215],[79.87832359331318,15.934994364177024],[79.88786854130424,15.942408220025799],[79.88786854129441,15.942408220024129],[79.87832358972229,15.934994362444215]],[[81.1587315084287,16.399954007272033],[82.14132727369793,16.755045064549844],[82.14239889085117,16.753990879927564],[82.17688075393623,16.752787841333866],[82.19871205971265,16.775782813538658],[82.20339582459006,16.801753661139113],[82.20310984265048,16.826711210864516],[82.18936292245733,16.8545193411021],[82.13724479069097,16.87028314371144],[82.1237010774941,16.8473163250021],[82.11749600933884,16.827194665580937],[81.4900143783248,17.224406702172956],[81.1587315084287,16.399954007272033]],[[81.4900143783248,17.224406702172956],[81.60025346130386,17.192265275311765],[81.50887951827109,17.21891098788673],[81.4900143783248,17.224406702172956]],[[79.6364933850955,15.800729827827535],[79.76402084594126,15.839962767230698],[79.63545695092168,15.837403912125],[79.6364933850955,15.800729827827535]],[[79.76402084594126,15.839962767230698],[79.76074629885713,15.840323767718859],[79.76074629918237,15.840323767571695],[79.76402084594126,15.839962767230698]],[[79.63195188897937,15.961430015156958],[79.63195189021828,15.96143001522831],[79.61716455352841,15.96917311272852],[79.63195188897937,15.961430015156958]],[[79.63195189021828,15.96143001522831],[79.6319518902402,15.961430014452446],[79.64118905598738,15.95596036120148],[79.63195189021828,15.96143001522831]],[[77.59662967800593,8.160742646617269],[77.59270494305633,8.161315169860451],[77.60929505491741,8.158894813003242],[77.59662967800593,8.160742646617269]],[[77.59270494305633,8.161315169860451],[77.5899397881906,8.168333666419494],[77.58420548014337,8.182887949346807],[77.59270494305633,8.161315169860451]],[[76.37004644141902,10.250691239115323],[76.370046441419,10.250691239115334],[76.34486600354921,10.236442062004862],[76.31540450043468,10.203789314209015],[76.34486600354923,10.236442062004825],[76.37004644141899,10.250691239115318],[76.37004644141902,10.250691239115323]],[[76.370046441419,10.250691239115334],[76.3700464414191,10.250691239115335],[76.39054241165702,10.25375996467645],[76.370046441419,10.250691239115334]],[[76.73262642886918,10.6838157631809],[76.84885508953889,10.667484934527451],[76.73199583609764,10.72017798608544],[76.73199583552825,10.720177986627828],[76.73271786553848,10.747153055632815],[76.73199583534975,10.720177986422673],[76.71937738261569,10.722505794098804],[76.73262642886918,10.6838157631809]],[[76.84885508953889,10.667484934527451],[76.86155000539097,10.667050809462904],[76.8615500053659,10.667050809708192],[76.84885508953889,10.667484934527451]],[[76.70049294805428,10.777652356581076],[76.74443046391339,10.777343603536329],[76.6964401699854,10.78948732989077],[76.70049294805428,10.777652356581076]],[[76.74443046391339,10.777343603536329],[76.7395227104926,10.767495745180378],[76.73375967542573,10.756258249005132],[76.7395227106691,10.767495744096431],[76.74443046391339,10.777343603536329]],[[76.66898291143481,10.869668360428252],[76.79995288916015,10.871844488128955],[76.81929605294059,10.878974039185401],[76.81929606056366,10.878974041021413],[76.85059130135755,10.896707968066208],[76.81929606122264,10.878974042238022],[76.850059093129,11.010455457108202],[76.84790802106951,11.098433796593861],[76.74624211337945,11.16380539460177],[76.71057229284929,11.283589411118479],[76.7105722931259,11.28358941192191],[76.71057229351906,11.283589412238218],[76.79367190439673,11.319692418827259],[76.79367191925037,11.31969242475852],[76.79445678726995,11.320838966356705],[76.79367191959275,11.319692425429242],[76.73007475030293,11.469328799203893],[76.53588711806407,11.517051406077456],[76.53370049690909,11.53158525695868],[76.53587918927929,11.51710410601871],[76.53307780140159,11.535723980390019],[76.54157184360145,11.568650574851485],[76.40868196041181,11.689211030235935],[76.40868196042348,11.689211030235725],[76.40868196013633,11.689211030485854],[76.38801032878976,11.690168017659248],[76.66898291143481,10.869668360428252]],[[76.79995288916015,10.871844488128955],[76.79305546021907,10.86118973738186],[76.79125328610539,10.856687710389336],[76.79305546032217,10.861189736147436],[76.79995288916015,10.871844488128955]],[[76.850059093129,11.010455457108202],[76.85064432656678,11.01726845631017],[76.85037692834118,11.090456897564929],[76.85037692808494,11.090456898392848],[76.85064432653357,11.017268457538414],[76.850059093129,11.010455457108202]],[[76.84790802106951,11.098433796593861],[76.84325668238607,11.113461105652377],[76.83678859878475,11.124476040799413],[76.84325668213006,11.11346110603821],[76.84790802106951,11.098433796593861]],[[76.74624211337945,11.16380539460177],[76.74620410299632,11.164268695901832],[76.74154570661412,11.186694147490721],[76.7462041030291,11.164268695145127],[76.74624211337945,11.16380539460177]],[[76.73007475030293,11.469328799203893],[76.72917986166046,11.47578430922053],[76.7278449259577,11.479814949525728],[76.72917986093142,11.475784309671766],[76.73007475030293,11.469328799203893]],[[76.53307780140159,11.535723980390019],[76.53307780144345,11.535723980111777],[76.54038972622338,11.542143724316357],[76.55354727337097,11.552837592547636],[76.55446605247991,11.558520776972843],[76.55354727288191,11.552837592609668],[76.54038972619172,11.542143724383921],[76.53307780140159,11.535723980390019]],[[76.25361841272964,11.696389652406944],[76.25361841169745,11.696389652454728],[76.28198734033593,11.689805185058482],[76.30716063631198,11.68994218826752],[76.28198733928093,11.689805185325191],[76.25361841272964,11.696389652406944]],[[76.25361841169745,11.696389652454728],[76.25361841163186,11.696389652661738],[76.25361841161858,11.696389652664822],[76.25361841169745,11.696389652454728]],[[76.06599625653494,10.777481327740201],[76.06599625653494,10.777481327740295],[76.08060950158584,10.803987816352887],[76.09810611068605,10.8240232912133],[76.08060950158583,10.803987816352887],[76.06599625653493,10.777481327740295],[76.06599625653494,10.777481327740201]],[[76.55875065565985,10.613926538361097],[76.55875065565985,10.613926538361092],[76.56012506666188,10.598849323871182],[76.55875065565985,10.613926538361097]],[[76.85285547404051,10.33272139865742],[76.85874155681164,10.31553278597968],[77.12336209004897,10.34230111921118],[77.09863272645165,10.328114234054825],[77.07626731315179,10.288582850860221],[77.09863272739608,10.328114234131846],[77.12336209144316,10.342301119352213],[77.12336209055412,10.342301119500982],[77.12336209021925,10.34230111930887],[76.85285547404051,10.33272139865742]],[[76.87312510516476,10.27352976781184],[76.873499752288,10.272435718587175],[76.84398531833581,10.273701402657554],[76.84398531818317,10.273701402139716],[76.87349975229806,10.272435718557784],[76.87383197405278,10.271465560425968],[76.97583772626392,10.272924783863132],[76.9349920325626,10.271981451656329],[76.97583779155858,10.272924784797192],[77.00310906852249,10.271676795907414],[76.97583779030447,10.27292478534215],[76.97583777175798,10.272924784913819],[76.87312510516476,10.27352976781184]],[[77.05481081725839,9.742968874313863],[77.58683616223321,8.189341794117523],[77.3945234315676,9.491087062152511],[77.05481081725839,9.742968874313863]],[[79.90427474134985,13.27802904151926],[79.90427474085885,13.278029040297318],[79.90931322268857,13.271400037832704],[79.90545735823387,13.230936004054382],[79.90545735961383,13.230936004972643],[79.90931322379383,13.271400038382618],[79.90427474134985,13.27802904151926]],[[79.81819171567912,13.063797069544005],[79.81819171532001,13.063797068650315],[79.8225068960026,13.048882632157403],[79.82250689601712,13.048882632579225],[79.81819171567912,13.063797069544005]],[[79.81152699993963,13.04721081244627],[79.75746783887026,12.912675570579676],[79.74112972682286,12.900077217380769],[79.75746783875029,12.912675570281117],[79.74895564076726,12.891491545375672],[79.78379359316999,12.932975415576626],[79.79970764988032,12.951652240146094],[79.78379359456366,12.932975418108306],[79.82083447620653,13.000261932228812],[79.8117493056353,12.966648310169827],[79.82083447797058,13.000261935433285],[79.82218397587468,13.039503997616283],[79.8208344769659,13.000261940501066],[79.81152699993963,13.04721081244627]],[[79.64739931854699,12.638751693281899],[79.64739931827529,12.638751692605748],[79.6485352102746,12.638436886847588],[79.67772679612338,12.640787704971551],[79.70960836350667,12.630922610435782],[79.72113140670871,12.623562788155846],[79.72664276399651,12.60629146874268],[79.72664276398429,12.606291469062915],[79.72113140754551,12.623562789305945],[79.7096083635679,12.630922611594379],[79.67772679586402,12.640787705688696],[79.64853520948061,12.638436887796294],[79.64739931854699,12.638751693281899]],[[79.27414937789227,11.379319231079215],[79.27414937789331,11.37931923086168],[79.28585455198242,11.398167495515745],[79.30295208030206,11.42512410037974],[79.32439622863753,11.43695301188413],[79.30295207989559,11.425124100834829],[79.28585455204157,11.398167496424637],[79.27414937789227,11.379319231079215]],[[78.89796127790551,10.708349454906196],[78.89796127802668,10.70834945362694],[78.9143945208836,10.701381785088772],[78.93605434473228,10.69609476798668],[78.93874742515042,10.680302263653195],[78.93491481075614,10.663875761134799],[78.93491481087376,10.663875761319852],[78.93874742545302,10.680302264214674],[78.93605434525111,10.69609476787279],[78.91439452142419,10.70138178541154],[78.89796127790551,10.708349454906196]],[[78.92303399706502,10.163146536758921],[78.91646491883381,10.173429119089375],[78.91646491862052,10.173429119192615],[78.92303399706502,10.163146536758921]],[[78.8802272732985,10.717901092472083],[78.88022727119714,10.717901095487825],[78.87691142715113,10.721264022853692],[78.8769114268986,10.721264022225245],[78.8802272732985,10.717901092472083]],[[78.77296748111372,12.028031861277816],[78.77296748092984,12.028031861399189],[78.77296747969645,12.028031858888152],[78.77296748111372,12.028031861277816]],[[78.68643253436495,11.882125270080309],[78.69401218862254,11.904713777007256],[78.70870079974233,11.959447790341892],[78.73211567932333,11.986599951112971],[78.754339360163,12.014958803649563],[78.75668551425063,12.016200895715714],[78.7543393601107,12.014958803751474],[78.73211567814319,11.986599951759551],[78.70870079965614,11.959447790402574],[78.6940121882458,11.904713777031011],[78.68643253429642,11.882125269965169],[78.68643253436495,11.882125270080309]],[[78.68133291298986,11.81830727190148],[78.66876679743714,11.830411334563339],[78.66589607508355,11.842389734514493],[78.66844781935723,11.851909636185352],[78.67762015989246,11.867321109322038],[78.66844781924486,11.851909636441633],[78.6658960744101,11.842389734770954],[78.66876679703074,11.830411333705603],[78.68133291287971,11.818307271581967],[78.68133291296641,11.818307271524493],[78.68133291298986,11.81830727190148]],[[78.77429297403894,11.657687162580169],[78.7742929731904,11.657687162072667],[78.77429297482665,11.657687162193325],[78.77429297403894,11.657687162580169]],[[78.6778949088417,11.650578828298375],[78.67789490707136,11.650578829332263],[78.6733644710262,11.674519232052873],[78.67418591052129,11.68103348355803],[78.67336447034053,11.674519230807553],[78.6778949058303,11.650578828076316],[78.6778949088417,11.650578828298375]],[[77.88598910873833,10.658640722970949],[77.8790466833635,10.658590233333957],[77.84974102413358,10.65837540071377],[77.88598910873833,10.658640722970949]],[[78.39907953343128,10.351946212396852],[78.39334260975511,10.352209758849165],[78.39907953106817,10.351946212371585],[78.39907953343128,10.351946212396852]],[[78.35112673990609,10.351433489624034],[78.35093085953163,10.352513419510737],[78.3509308585514,10.3525134193448],[78.35112673900825,10.351433489614433],[78.35112673990609,10.351433489624034]],[[78.35721176802907,10.299291282732746],[78.35721176727301,10.299291282757245],[78.35574202102134,10.253777667509185],[78.35574202132683,10.253777667511754],[78.35721176802907,10.299291282732746]],[[77.26140863549271,10.244579555794045],[77.25678588517455,10.256026279683377],[77.25678588495337,10.256026279893844],[77.26140863549271,10.244579555794045]],[[77.27552558080242,10.141116029974112],[77.27552558070678,10.141116029803218],[77.27552558078344,10.141116029814935],[77.27552558080242,10.141116029974112]],[[77.15367847949878,10.11037117258621],[77.1660259459115,10.123080315922179],[77.15367847884583,10.11037117327633],[77.14340957551681,10.090349991510479],[77.14224993882713,10.07923518169222],[77.14340957593654,10.090349990365642],[77.15367847949878,10.11037117258621]],[[78.38098144753005,9.957267563684441],[78.37934044643295,9.956979695397802],[78.38098144737133,9.957267563533915],[78.38098144753005,9.957267563684441]],[[78.33790918950392,9.916418531360211],[78.33969494489214,9.926026118460216],[78.35377495053014,9.947985287027073],[78.35377494979544,9.947985286709365],[78.33969494373991,9.92602611874094],[78.33790918950392,9.916418531360211]],[[77.23066944093031,9.934813156588907],[77.23379292248609,9.96851013987116],[77.23003752102471,9.97451236482041],[77.23379292221252,9.968510139670737],[77.2306694408824,9.93481315652234],[77.22691100606366,9.914033451272502],[77.22230936967095,9.875323958439182],[77.22283259863659,9.869162097258991],[77.2223093699359,9.875323958570462],[77.22691100610729,9.914033451102986],[77.23066944093031,9.934813156588907]],[[78.20555171347489,9.853065492192938],[78.20713570984707,9.854697123825725],[78.20555171334993,9.853065492108456],[78.20555171347489,9.853065492192938]],[[78.1918956621757,9.843833425725864],[78.19189566262972,9.843833426107784],[78.18862914661834,9.843523608487398],[78.1918956621757,9.843833425725864]],[[78.12565362511923,9.788111794226799],[78.12469372406434,9.808019235092743],[78.12906694737785,9.824706711030721],[78.1369816147996,9.83359466975721],[78.14964643829026,9.837650929720644],[78.13698161488631,9.833594669955627],[78.12906694606663,9.824706710959813],[78.12469372302263,9.808019234455612],[78.12565362511923,9.788111794226799]],[[77.22052179800454,9.824399641556996],[77.22052179815249,9.824399642197259],[77.20382354863295,9.815182358185087],[77.18853714009776,9.803744488005863],[77.20382354776301,9.815182356955063],[77.22052179800454,9.824399641556996]],[[77.73807842056893,9.753395418425661],[77.72388882369034,9.754789837008413],[77.73807841564724,9.753395418264265],[77.73807842056893,9.753395418425661]],[[77.6264351779936,9.749734323510207],[77.65618172697864,9.758227425734248],[77.698864000975,9.756246961919347],[77.65618172698835,9.758227426150235],[77.62643517716786,9.749734323483128],[77.6264351779936,9.749734323510207]],[[77.16167920810071,9.673400726541372],[77.15883937939863,9.6766114815933],[77.16167920798927,9.673400726117858],[77.16167921384474,9.67340072513409],[77.16167920810071,9.673400726541372]],[[77.14324847944002,9.73388927705255],[77.14773101722218,9.753842386446758],[77.1618943875165,9.773184612610168],[77.1477310165678,9.753842386408365],[77.14324847944002,9.73388927705255]],[[77.14579844968365,10.338545830372329],[77.15014002593932,10.337818973703978],[77.15014002574118,10.337818973790393],[77.14579844968365,10.338545830372329]],[[79.13406775456684,11.391036804473922],[79.13406774343139,11.391036802752067],[79.12537605032661,11.386652076314563],[79.1340677435885,11.391036801392524],[79.13406775456684,11.391036804473922]],[[79.04708738081173,11.421483700554385],[79.04708737811707,11.421483701497634],[79.0603220135347,11.41140308332675],[79.08902438983966,11.38808702055641],[79.10705333158457,11.379957825268347],[79.11419277987719,11.382311772155365],[79.1070533321059,11.379957825855978],[79.08902439038536,11.3880870219089],[79.06032201353419,11.411403084009017],[79.04708738081173,11.421483700554385]],[[78.91921087044783,11.466246023050006],[78.91921086749245,11.466246024084516],[78.91370431268253,11.466403935437262],[78.90140488621958,11.472478889478005],[78.91370431268157,11.466403934463775],[78.91921087044783,11.466246023050006]],[[78.89934791730306,11.59214648973835],[78.90008062155415,11.604771626371344],[78.89934791596583,11.59214648982067],[78.89482784310754,11.581016256842904],[78.89934791730306,11.59214648973835]],[[78.90014408008173,11.605864865096066],[78.90014407867162,11.605864866628373],[78.90014408001794,11.60586486399698],[78.90014408008173,11.605864865096066]],[[78.85898308891178,11.650592435801647],[78.85898308790118,11.650592436899826],[78.86542861836844,11.634985367820644],[78.86941235109904,11.632781195386297],[78.86542861833826,11.63498536800076],[78.85898308891178,11.650592435801647]],[[78.86055257732825,11.977515158166492],[78.87196103611568,11.980528030605148],[78.86055257758213,11.977515158981076],[78.82715576569197,11.982629916000512],[78.82715576614771,11.982629915809111],[78.86055257732825,11.977515158166492]],[[79.0965826969128,12.01729399158895],[79.0936302683198,12.020395335106263],[79.09133634974357,12.022176044525704],[79.09363026807083,12.020395334973644],[79.0965826969128,12.01729399158895]],[[78.99456137635592,12.061223222155391],[78.99575525307203,12.061725060117709],[78.99456137529245,12.061223221785465],[78.99316640240133,12.060655027033075],[78.99456137635592,12.061223222155391]],[[79.04334321537556,12.068977012449942],[79.04162580381477,12.069853603803539],[79.03867020572577,12.069961244573197],[79.0416258033263,12.069853603748372],[79.04334321537556,12.068977012449942]],[[79.19699097625275,12.071131217877982],[79.19699097895908,12.071131217862535],[79.19699097634879,12.071131217941542],[79.19699097625275,12.071131217877982]],[[79.20142627039323,12.168446107754729],[79.20142627130288,12.168446112109292],[79.20016257664625,12.1806380927512],[79.20016257622933,12.180638092202345],[79.20142627039323,12.168446107754729]],[[79.25232714095982,12.279361647807029],[79.25232714099731,12.279361649496261],[79.24450419027801,12.290939247395304],[79.22209815683671,12.301310749658876],[79.21279433953926,12.311478901511432],[79.20713009955412,12.321590798714825],[79.22049880328056,12.337852637352322],[79.23539177924935,12.348715376891167],[79.2204988027809,12.3378526375131],[79.20713009858963,12.321590798430051],[79.21279433902335,12.311478900992068],[79.22209815677206,12.301310748904909],[79.24450418944274,12.290939246425653],[79.25232714095982,12.279361647807029]],[[79.25473423620446,12.387806813752041],[79.25473423622147,12.387806814518624],[79.24732265259641,12.375383403435006],[79.24260663702303,12.353977066576107],[79.24260663801894,12.353977067302383],[79.24732265386186,12.375383403344106],[79.25473423620446,12.387806813752041]],[[79.26681111383488,12.931897871904635],[79.3093871276829,14.850045023461266],[79.32242408946662,14.827130402100499],[79.33510279131934,14.786325838399058],[79.33510279134367,14.786325839622394],[79.32242409004537,14.82713040276387],[79.30938712771548,14.850045024929475],[79.25730931108626,14.94222291355637],[79.25755879386367,14.889439090510036],[79.238065060316,14.903876199540067],[79.17557160766263,14.971851713042149],[79.16544283027048,14.999133388819292],[79.1755716069745,14.971851712485947],[79.23806506025119,14.903876199473322],[79.25755879386706,14.889439089793138],[79.26681111383488,12.931897871904635]],[[79.27209947400358,12.402567917710188],[79.27548290999762,12.405012244747828],[79.27548290989978,12.405012244792982],[79.27209947400358,12.402567917710188]],[[79.45536509759016,12.361311273202645],[79.46056419995102,12.359342210075836],[79.45536509792431,12.361311273209505],[79.45536509759016,12.361311273202645]],[[79.16903517212305,15.243496598929427],[79.16903517245795,15.243496599994769],[79.16364500936753,15.232304194082795],[79.16903517212305,15.243496598929427]],[[79.24217320797857,15.477736935821772],[79.24217320813837,15.477736936334408],[79.22826450422305,15.519766196285033],[79.21622954957573,15.533122282013744],[79.20817554541124,15.560720905098467],[79.20808560155089,15.567691915870068],[79.20817554531287,15.560720904969607],[79.21622954834812,15.533122281886138],[79.22826450412836,15.51976619557548],[79.24217320797857,15.477736935821772]],[[79.61092582520024,12.651431404604597],[79.61092582162962,12.651431407887937],[79.60293345648756,12.655690350400132],[79.59366693977603,12.66730170190482],[79.59190810411742,12.67476632347955],[79.5936669396371,12.667301701213185],[79.60293345512692,12.655690349941267],[79.61092582520024,12.651431404604597]],[[79.58944031711205,12.716041777099026],[79.57560551621083,12.769781213648358],[79.58944031629547,12.716041776345188],[79.58953217252638,12.69824396485255],[79.58944031711205,12.716041777099026]],[[79.5829302410982,12.839969896719746],[79.58293024088337,12.839969896632825],[79.57402492711915,12.831536984595461],[79.56695879133842,12.803747441839581],[79.57406181574821,12.775796856684073],[79.56695879262845,12.803747442960663],[79.574024928146,12.831536983829192],[79.5829302410982,12.839969896719746]],[[79.72027442051154,12.836149121270303],[79.72507165225295,12.836015667160044],[79.72042976388073,12.830652316976508],[79.72042976390105,12.830652316257325],[79.72507165323036,12.836015667132854],[79.7284598968976,12.84352306926571],[79.72507165241805,12.836015667350804],[79.72507165231438,12.836015667231026],[79.72026362898666,12.83653097793134],[79.72027442051154,12.836149121270303]],[[79.6049739600773,12.848887407169542],[79.60497396012202,12.84888740745863],[79.60497395973627,12.848887407386838],[79.5870494440209,12.841636481970257],[79.6049739600773,12.848887407169542]],[[79.69301310376265,13.418006397412617],[79.69301310397591,13.418006406523295],[79.68931905958993,13.447295002209218],[79.69405251403856,13.462410701946103],[79.69405251406722,13.462410703170407],[79.68931905862286,13.447295002883784],[79.69301310376265,13.418006397412617]],[[79.69791391844099,13.62737248940008],[79.70572452956972,13.96104703850775],[79.70659783492815,13.961224239200467],[79.70659783492813,13.961224239200464],[79.7065978350379,13.961224239222737],[79.75708481203858,13.981704947724307],[79.78433041162303,13.983066878697732],[79.7570848118477,13.981704948214576],[79.70659783500696,13.961224239232441],[79.68831697078554,13.96695919562714],[79.68858240045418,13.957567002385142],[79.66368083154681,13.95251171673636],[79.60896075201548,13.964291520121057],[79.52471636938323,13.965877515255594],[79.48458521695571,13.959609404930726],[79.48316851589915,13.98385159681293],[79.48458521577633,13.95960940428356],[79.4769338612668,13.958413501055231],[79.5247163682755,13.965877514774562],[79.60896075153346,13.964291519628574],[79.66368083166857,13.952511716224455],[79.68858240046033,13.957567002167597],[79.69791391844099,13.62737248940008]],[[79.70431971304315,13.400704306159918],[79.7043197130565,13.400704305687386],[79.712033655036,13.393798800780344],[79.78314578171849,13.355491988980743],[79.78314578137505,13.355491990841628],[79.71203365517,13.393798801536304],[79.70431971304315,13.400704306159918]],[[79.7896956021022,13.255198720298207],[79.78969560205522,13.255198720245094],[79.78969560214054,13.255198720278045],[79.7896956021022,13.255198720298207]],[[79.83909139455628,13.229223564483867],[79.83909139541747,13.229223563262938],[79.84355620164641,13.225486268478623],[79.83909139541022,13.229223564034815],[79.83909139455628,13.229223564483867]],[[79.75288873758913,13.519441421383734],[79.75288873754212,13.519441421638435],[79.74014735827537,13.510622885825272],[79.75288873734323,13.519441421206414],[79.75288873758913,13.519441421383734]],[[79.82469751677704,13.605112629606792],[79.8246975176811,13.605112631971336],[79.82263542480385,13.62363534197898],[79.82263542474665,13.62363534176077],[79.82469751677704,13.605112629606792]],[[79.87508273876405,13.684016215705572],[79.87508273859521,13.684016215735262],[79.87473733080171,13.684008353059477],[79.87508273876405,13.684016215705572]],[[79.95377343005738,13.686027782970255],[79.95405995018658,13.6865795071364],[79.97056322328216,13.718358419690125],[79.95377343005738,13.686027782970255]],[[79.97092999401147,13.719064522720515],[79.970929993603,13.719064524080952],[79.97092999349742,13.719064521730882],[79.97092999401147,13.719064522720515]],[[79.91881489361647,13.892631975168156],[79.91881489342074,13.892631975820015],[79.87390088628817,13.904265616921764],[79.82733345450741,13.954082323730573],[79.79131262146764,13.98341539334573],[79.79131262071715,13.983415393308281],[79.82733345473876,13.954082322669903],[79.87390088542807,13.904265615846693],[79.91881489316835,13.892631975274998],[79.91881489361647,13.892631975168156]],[[79.81014439264526,15.58406010901893],[79.81014439260032,15.584060109117562],[79.81020103072366,15.582391859278264],[79.81014439264526,15.58406010901893]],[[79.7925878329023,15.622601485482749],[79.79257175388778,15.62279038435263],[79.79258783289774,15.622601485492595],[79.7925878329023,15.622601485482749]],[[79.84943191706549,15.675475687242555],[79.81821849266623,15.666157124015289],[79.81002728725912,15.659959540941303],[79.81821849331224,15.666157124080934],[79.84943191706549,15.675475687242555]],[[79.9114371894781,15.70461739126944],[79.91143719883924,15.704617395669064],[79.91143720480743,15.704617398954888],[79.91143719985286,15.704617396636356],[79.9114371894781,15.70461739126944]],[[80.01124192501251,15.759565520044095],[80.0112419312052,15.759565523453524],[80.01124193159141,15.759565524483333],[80.01124193099659,15.759565523855823],[80.01124192501251,15.759565520044095]],[[80.01340882220552,15.897080727884811],[80.01340882312874,15.89708072805303],[80.01340882188262,15.897080728623537],[80.01340882220552,15.897080727884811]],[[79.93621735830763,15.924136426046003],[79.93621735814622,15.924136426076274],[79.93621735826012,15.924136425993543],[79.93727010421304,15.92367098955124],[79.93621735830763,15.924136426046003]],[[79.47696697217108,14.033262572283293],[79.4734962151715,14.046035269549003],[79.47696697227241,14.033262571611367],[79.47696697217108,14.033262572283293]],[[79.4665289272771,14.249379640208616],[79.45329552882878,14.275486696573747],[79.46652892725967,14.249379639325161],[79.4665289272771,14.249379640208616]],[[79.39701282055354,14.44752485013794],[79.39701281931843,14.44752485365841],[79.40380306379173,14.410787449808533],[79.39701282055354,14.44752485013794]],[[79.3820164686101,14.556372740844129],[79.38201646848715,14.55637274173654],[79.36887696297912,14.573321857867182],[79.35446395896972,14.587908351425282],[79.3438171556981,14.60719663800262],[79.33573590710215,14.632402655337676],[79.33281234187162,14.670636907410818],[79.332812341869,14.670636907278043],[79.33573590710994,14.632402655069225],[79.34381715458173,14.607196637736475],[79.35446395785054,14.587908350594622],[79.3688769618707,14.573321857025737],[79.38201646742121,14.556372742533256],[79.3820164686101,14.556372740844129]],[[79.38895554536931,15.726593025936708],[79.38895554537325,15.72659302659973],[79.33342454612081,15.72173958500532],[79.32024139066938,15.718372703797913],[79.33342454669423,15.721739585003133],[79.38895554536931,15.726593025936708]],[[79.44966959746684,15.74325478454421],[79.4496695991628,15.743254785009633],[79.45393599295926,15.769411325650983],[79.45309581397203,15.787322069648937],[79.44355694693606,15.801832534156263],[79.40868265359939,15.813884138870248],[79.44355694587617,15.801832534229934],[79.45309581346339,15.787322068599943],[79.45393599188324,15.769411324600275],[79.44966959810777,15.743254785039705],[79.44966959746684,15.74325478454421]],[[79.36665303427995,15.832053807615285],[79.3458701131088,15.843182649819694],[79.33793604604833,15.875554357841384],[79.36068024888526,15.901342882451274],[79.3818355051111,15.910458057383568],[79.3894132325612,15.911963236988944],[79.38183550400467,15.910458057537822],[79.36068024776311,15.901342882598602],[79.33793604488577,15.875554356868996],[79.34587011310087,15.843182649350666],[79.36665303427995,15.832053807615285]],[[79.53941904512351,15.956100901044225],[79.53941904595817,15.956100901092295],[79.55230478969648,15.963104314433675],[79.53941904512351,15.956100901044225]],[[79.73230376356204,12.87166304614017],[79.73230376354215,12.87166304606404],[79.73223160681971,12.870267513007684],[79.73230376356204,12.87166304614017]],[[79.80574362876283,13.071447939400413],[79.80117535885616,13.072335778711265],[79.80117535805043,13.072335777494018],[79.80574362876283,13.071447939400413]],[[79.81838751390191,13.104408526331866],[79.8183875178473,13.104408536616868],[79.80949214124524,13.084899353094073],[79.80133730170832,13.072580433898844],[79.80949214185176,13.08489935324378],[79.81838751390191,13.104408526331866]],[[79.78007113489059,13.198735549944491],[79.7800711360921,13.198735550245548],[79.78007113554068,13.198735551109637],[79.78347096090987,13.248160784767338],[79.78639537463523,13.25146738224249],[79.78347096085042,13.248160785003321],[79.78007113489059,13.198735549944491]],[[76.75227446914477,10.269726643195517],[76.75227446914484,10.269726643195519],[76.69000485962925,10.284587017285512],[76.64947775640582,10.294364197608918],[76.61563773750102,10.289750670659089],[76.59759687238676,10.281612764744349],[76.61563773750102,10.289750670659075],[76.64947775640583,10.294364197608903],[76.69000485962924,10.284587017285492],[76.75227446914477,10.269726643195517]],[[76.79137411532412,10.441549918661645],[76.79137411348209,10.441549919502927],[76.79137411512552,10.44154991719821],[76.79137411532412,10.441549918661645]],[[76.55251737087636,10.550639334894559],[76.54245490283725,10.546548322175262],[76.52720365696847,10.54231643000526],[76.54245490283726,10.546548322175262],[76.55251737087636,10.550639334894559]],[[76.40935173182511,10.77969823321303],[76.36492696033362,10.746883442505993],[76.36492696033362,10.746883442505986],[76.40935173182511,10.77969823321303]],[[76.24428374545136,11.725855134224894],[76.24428374533265,11.72585513459958],[76.24428374544817,11.725855134217854],[76.24428374545136,11.725855134224894]],[[76.23007254967953,11.805579019577229],[76.23007255046149,11.805579020076065],[76.2411482860948,11.838543872766314],[76.24846212451256,11.84621305181756],[76.24114828617932,11.838543873938848],[76.23007254967953,11.805579019577229]],[[76.32725810003139,11.867577437478817],[76.37024895573154,11.868090051372521],[76.4095778864574,11.865026249739744],[76.42928664619856,11.872103561979788],[76.43898615536673,11.88581905748498],[76.42928664625687,11.872103563237115],[76.40957788775992,11.865026250444409],[76.37024895672593,11.868090051856004],[76.32725810072041,11.867577437743687],[76.28645589613348,11.867765980283888],[76.27860613657884,11.865154864373675],[76.28645589675884,11.867765980012935],[76.32725810003139,11.867577437478817]]]}},{"type":"Feature","properties":{"state_name":"Manipur","id":17},"geometry":{"type":"Polygon","coordinates":[[[93.59164491136993,24.056653837442656],[93.57932899689703,24.06717920743317],[93.55477781315983,24.074422359163048],[93.51965513461509,24.0816052754022],[93.4777904524711,24.084085746038422],[93.46621223100368,24.077225812932408],[93.46189952207025,24.073958227446237],[93.44581912559771,24.061770972551912],[93.4269116522545,24.046125558723066],[93.39016059103164,24.04239357212508],[93.35885175595683,24.044901442463033],[93.3380295326944,24.057185899288484],[93.32034562065465,24.06824673017698],[93.3162518395253,24.073924843021874],[93.30455485765468,24.09014710259117],[93.29524410634865,24.115153264201073],[93.29083645974868,24.136489051357714],[93.28465200899583,24.150505345492494],[93.28177869491824,24.157017161019088],[93.27191684771178,24.17210186305515],[93.24753455228489,24.201464793823636],[93.22528974882415,24.21436956249152],[93.19248764896199,24.20999949811702],[93.17030657124867,24.195355469419862],[93.1630865630416,24.16480989970928],[93.1621039317597,24.16064969578887],[93.16210681554955,24.159925556122896],[93.16215530060448,24.14785775595226],[93.16217363843276,24.143344986939194],[93.16218593125726,24.140335233491573],[93.16222420793466,24.133387386380225],[93.08735133785464,24.140509359960173],[93.0278093298371,24.160747717468915],[92.97524436580848,24.159765475243574],[92.9366847178985,24.144106532328244],[92.8898299089101,24.11278182374142],[92.86130040392554,24.110681615865296],[92.8296885615289,24.12930781729111],[92.79065180625123,24.152528721164973],[92.78046389006731,24.149294423206058],[92.78047398120988,24.151903699133026],[92.77137847701952,24.201138833353095],[92.75669911101419,24.26771954305297],[92.75383619509469,24.318066517970067],[92.76483818449769,24.422300252547984],[92.78746705046652,24.480669650584282],[92.80899670903742,24.65585403270269],[92.87622459353452,24.699455903859004],[92.890429270879,24.7680813447589],[92.93439195489827,24.818198838886527],[92.96291109546908,24.88687834698258],[92.98523198261681,24.954466212667047],[93.03876179199165,24.999613597703636],[93.0566431958395,25.06402645378971],[93.12566740669277,25.103455816444164],[93.13836325356895,25.13332083572014],[93.1544572842039,25.172008204369074],[93.18314393357164,25.19983219663137],[93.21926784343128,25.222993730362596],[93.24153102095462,25.20904490095481],[93.25640249873273,25.186786201087],[93.30735402310718,25.200619381873146],[93.32755194701654,25.212829995727326],[93.36970522638264,25.20925994100198],[93.4072816682461,25.2155161003911],[93.45565737624129,25.251803673637845],[93.48725883021945,25.284693930459778],[93.51319863269418,25.346048170806245],[93.52691510950339,25.394192906120832],[93.52695826351493,25.433026376313396],[93.56408842986724,25.474400064002655],[93.62632495573975,25.50690019211358],[93.65121310948717,25.535050237484274],[93.6769045354555,25.542747666591694],[93.74643752888795,25.531683106909416],[93.79780937707511,25.547028552925628],[93.83646494764251,25.58437330176778],[93.86916427938026,25.622496285685596],[93.90247639175215,25.614331336028982],[93.93968894348556,25.59270389216127],[93.98862104578564,25.58057378323139],[94.03215014884091,25.57285189203356],[94.06663850026764,25.584227689076897],[94.08118956352529,25.6030271924588],[94.09879842818616,25.613330891717748],[94.13184315381046,25.61691628005444],[94.14509966093692,25.627803001794472],[94.15500453147179,25.652989039413736],[94.15625546712211,25.66435584881234],[94.1721989692122,25.67602419826441],[94.1975400652101,25.682942995794747],[94.21995818645661,25.69140938539635],[94.23973728405477,25.722148701084762],[94.25285008835796,25.743417211205987],[94.26551190288669,25.754363910353714],[94.28556482372787,25.756216535685184],[94.3145841516636,25.747025998314868],[94.33001470513456,25.732788244803196],[94.3517489435225,25.69173718623831],[94.3683814837439,25.612776295151026],[94.40240928742192,25.531436089021035],[94.42438464106654,25.49959687879402],[94.46511368967397,25.435794988642446],[94.4894876097631,25.407089007442075],[94.51627463610333,25.38150664560105],[94.52228596446615,25.37815008903109],[94.49890257615141,25.325002822452806],[94.49725267512255,25.305693787752368],[94.49655225522784,25.30319968963109],[94.49241745334724,25.269218391655276],[94.49572605254708,25.262420945087996],[94.49621208300465,25.256136592538102],[94.49972767158246,25.254199434931643],[94.50034698771505,25.252926995197626],[94.51104285184363,25.247963796868866],[94.51876867385423,25.243705543356505],[94.52694812581603,25.239168627028793],[94.57271537426769,25.218271609204667],[94.63061166286909,25.191456240263044],[94.65514078193493,25.153058494063703],[94.65968604744941,25.11965881898781],[94.65146344697892,25.082773574931355],[94.65002120282493,25.07629745775595],[94.64553739922172,25.067181678908884],[94.63660992674895,25.040796450112342],[94.57810221990032,24.9618372426818],[94.55847833680873,24.91618950254231],[94.54368037045757,24.890590838360264],[94.5411104410408,24.88153232624885],[94.53651611420285,24.865329948246774],[94.53342319432143,24.84641863340403],[94.51864898372942,24.820810087454564],[94.49698333036075,24.80856148118405],[94.48124213998604,24.795504637351943],[94.47534495338525,24.7859808386388],[94.46073467302685,24.762372879394203],[94.44977875225489,24.732088331115825],[94.382736290165,24.644429718812464],[94.33326438225856,24.590273855163446],[94.31585070433249,24.566350792352207],[94.30984619965284,24.556141266993393],[94.29927949340855,24.53816638091314],[94.29882074236386,24.537247206641727],[94.28376902709127,24.507073435678365],[94.27399171356464,24.484232384333094],[94.26698632188125,24.46785594976505],[94.24763995797016,24.435386918121026],[94.24200587053717,24.42592483056335],[94.24028685556803,24.42303728132215],[94.23167408315072,24.405335702345194],[94.22825390760582,24.398303445145146],[94.21617232001776,24.385339980741207],[94.20535074736041,24.37372365701406],[94.20253447058549,24.37069979781425],[94.20080061824449,24.36883799218825],[94.17180567172267,24.30058349346596],[94.1396082025121,24.20587579234497],[94.13372301704669,24.188529337615826],[94.09796093037436,24.12230910586113],[94.07162564531394,24.073454079026714],[94.0267460278499,23.976424785347902],[94.02604463909229,23.97529866921699],[94.01432798016027,23.956481032700392],[94.00149800805806,23.951221661627347],[93.9778994065013,23.95425330029693],[93.95659572408216,23.962515504517857],[93.93106608647017,23.972699405572254],[93.92551971889922,23.975535793416785],[93.88777830003501,23.994829950454445],[93.84566337749078,24.00968911607739],[93.82633341519615,24.01650491706951],[93.77228449510933,24.027537692085883],[93.72840416607562,24.026194417828396],[93.72550701804575,24.025231359891634],[93.69828022135673,24.016176316662023],[93.6961540690928,24.016166651626982],[93.66662417780357,24.01602906377705],[93.62919373449787,24.027674244934115],[93.6218468874188,24.03229178942129],[93.62004427455027,24.03342466884555],[93.61541853090894,24.036331651871972],[93.59437711091626,24.05431862347769],[93.59164491136993,24.056653837442656]]]}},{"type":"Feature","properties":{"state_name":"Mysore","id":18},"geometry":{"type":"Polygon","coordinates":[[[77.085892386553,12.426379419557398],[77.07115370085216,12.408558298658605],[77.03655785587023,12.417787653083181],[77.00935413725878,12.439512590769578],[76.97661653185929,12.454101909015453],[76.93287128115986,12.461592575782921],[76.90364471128058,12.458212980127241],[76.87066559415932,12.440507162219527],[76.84861418648777,12.419135049622312],[76.84659979676556,12.392244090096714],[76.86094257628828,12.356273428098246],[76.88266798417152,12.33280700013716],[76.98846617406079,12.332056163650732],[77.01575809791902,12.32288835805103],[77.04289523526758,12.293991110588866],[77.0388890193903,12.247390646682437],[77.03688693872294,12.224090253723329],[77.00563487725321,12.19024316040277],[76.9908231844392,12.159860420760122],[76.99064985274181,12.136545676850647],[77.03402739324606,12.087805934565681],[77.04286714278024,12.051871215140324],[77.04092313288143,12.035743969903141],[77.02800802960734,12.0143159683971],[76.97879150137668,12.011081618277963],[76.90413097817401,12.016981005362302],[76.83676469348846,12.024606708783747],[76.80020286415397,12.006907421851611],[76.79259507377886,11.958525172955023],[76.78482741178792,11.88503054600704],[76.76278803793667,11.85646843658179],[76.69157760075129,11.826407558748723],[76.65151667653566,11.826643587836951],[76.60059142696562,11.837699020605301],[76.58433600909083,11.861111527503779],[76.55910364576911,11.907894477678163],[76.544713546018,11.940264976539959],[76.49190951388225,11.94593210504831],[76.43179526994167,11.948038819337206],[76.38811335218928,11.957228348436855],[76.37547682654461,11.980613553375134],[76.34477462969056,12.036379479110293],[76.29931204790768,12.058124288005537],[76.18802360270699,12.037090779902565],[76.08604906825406,12.062625725132358],[76.03323716853234,12.077180833566997],[76.01697834560439,12.116714869890913],[76.01710762963015,12.150805600927693],[76.00809094785484,12.17775272639575],[75.97538686588375,12.211961670186142],[75.95545103287998,12.247917418213726],[75.92270676734853,12.27494396170209],[75.9739244350613,12.277177019367047],[76.0009541604307,12.284256651808816],[76.03819710598971,12.289859554679166],[76.08415506809808,12.284657552170232],[76.10313275500025,12.285299433554158],[76.12869996492486,12.290936648221836],[76.13531440174523,12.301674427026795],[76.13683890599061,12.316739266739788],[76.13620174842708,12.338272142655658],[76.13044235518052,12.356955615311168],[76.11455306980976,12.397211001084077],[76.0979291509622,12.437468719804563],[76.0827373783339,12.471978539596797],[76.06314763752354,12.503634411402201],[76.05557256712864,12.616339958794708],[76.05560787008791,12.62495194080861],[76.0301174911458,12.646581981560798],[76.02281780741727,12.648763147367493],[75.98555063416332,12.650338990232278],[75.96804547000708,12.659733180857048],[75.95129649529687,12.676300547877847],[75.94405599051217,12.694986439936761],[75.93836890658808,12.738785995581834],[75.9244451882211,12.812470176750216],[75.9233048860837,12.818503070008626],[75.92194938193478,12.847933191080752],[75.92567751486948,12.867297702761821],[75.93682048728596,12.913190040915474],[75.93618782825882,12.93974662801204],[75.93628163568589,12.964865193715847],[75.92755366076324,12.97925010224536],[75.91294107482801,12.98576097175237],[75.89392887440985,12.99013317072532],[75.87563269309392,12.990195455939855],[75.86101793679886,12.996703530227498],[75.85299921540746,13.006060019025929],[75.85159911861156,13.024724672959048],[75.8481155095467,13.076410002408194],[75.84243434793751,13.12810236963493],[75.83589497473386,13.143195194569799],[75.82493912544003,13.151842883377306],[75.80371303115847,13.1554986309053],[75.78175156611934,13.158437198805792],[75.74658279899947,13.153517919932787],[75.73263183513603,13.141357081812249],[75.71637322800733,13.090445482889114],[75.72123629251371,13.000000077954017],[75.70940773305936,12.958404986407308],[75.6873597297258,12.92401336533772],[75.66609316942629,12.906125279359713],[75.63899690202665,12.896144649972818],[75.61705895505476,12.900503711287255],[75.60025196124974,12.909155655847874],[75.58419882007529,12.927853203086183],[75.55939567770672,12.961641264700924],[75.52974972718391,12.98438834284082],[75.54826625327087,13.003532998469662],[75.56301963227853,13.05422130870224],[75.54653519310473,13.10401949035158],[75.5329079681563,13.123187558109182],[75.52416507711635,13.144258994080925],[75.52714767881231,13.169134236182632],[75.53891474974907,13.19112013483169],[75.582959714342,13.231216138368792],[75.59281122205908,13.265643967144136],[75.59286229588392,13.286696883192],[75.58579247304938,13.295975002854794],[75.57240744158163,13.31353851573275],[75.5440723288718,13.314557738606533],[75.51865611510952,13.309826080528854],[75.49907024963854,13.288812007956434],[75.47363147221975,13.270678144843673],[75.45505799058277,13.264970136889444],[75.43749138602288,13.27552764370594],[75.41409012638881,13.303319144300435],[75.40432361622139,13.306205800058613],[75.37989957192308,13.309114420054467],[75.36916247205382,13.31678609690947],[75.35550421910231,13.332117293646236],[75.35064143320962,13.348392742983133],[75.34969168038334,13.367533656922092],[75.34482240776792,13.379981068916395],[75.31746149954036,13.385758782566825],[75.29986468291915,13.383866304321495],[75.27443005143644,13.36571247777726],[75.25778391977852,13.337020339654503],[75.24018630041287,13.33033868141721],[75.22650476717882,13.330351262222614],[75.21771291374027,13.334186924774418],[75.18352797607704,13.360052756039183],[75.16203466047749,13.373465308721277],[75.15226877298451,13.386869254327364],[75.1473988342296,13.415581841088095],[75.14643690007337,13.441421076594972],[75.1425430581524,13.470132892391376],[75.13375756093346,13.49693328100684],[75.114207574588,13.51512562354765],[75.10541393300083,13.534269117852897],[75.10542025364532,13.548623826214266],[75.11718709143987,13.607951196704699],[75.11035081419888,13.634749605939454],[75.10350592373152,13.645279256594211],[75.0780667050299,13.65390131421446],[75.05066840092262,13.662521175695904],[75.03501187360834,13.671136631313571],[75.03501441952923,13.688362116383823],[75.02033585137623,13.714201943041079],[75.01132909003569,13.722182966069516],[74.9890121163222,13.741954602215799],[74.96649496822586,13.752479200320272],[74.9498507985711,13.759175134303272],[74.93516086500452,13.77639706319582],[74.93319888951585,13.78979402053829],[74.93417131996549,13.813718321805561],[74.9351207942347,13.920897699144009],[74.92923537629738,13.944819842990812],[74.90963026636989,13.968737078164956],[74.88610632063076,13.982124449140965],[74.86355515255464,14.003165610151234],[74.84196754919847,14.042387107542531],[74.82037703261031,14.075864859420898],[74.79585746450132,14.08828551672798],[74.73310911544766,14.091095025387956],[74.69095068151023,14.092001599617305],[74.67328305391766,14.106332179129376],[74.66444211395243,14.117803103159389],[74.65559884450728,14.130230590843093],[74.64575472736617,14.15509618875817],[74.64669542978032,14.180934338782054],[74.6269795768104,14.242146828655159],[74.55948018329534,14.294693243257916],[74.57845652565356,14.379412991858196],[74.61219377556743,14.45410840949591],[74.65485593946524,14.48862295256278],[74.71820086075742,14.490142779238136],[74.79334063389385,14.483044095606386],[74.85816050850217,14.481656773957628],[74.88171876397782,14.504635532159085],[74.87725843634176,14.577836191975633],[74.87721939384754,14.648167985538151],[74.89489475179228,14.681189403769947],[74.92143438040848,14.6840705711124],[74.96419561602704,14.679775090387663],[74.99810854594851,14.674036489759468],[75.01580248374633,14.684083325080012],[75.00400691244698,14.708484536468795],[74.97155831156704,14.7544134274382],[74.9715558857678,14.7730726817394],[74.98630517907607,14.800345193825487],[75.00253337615487,14.806086876785448],[75.02466273983778,14.801779604065636],[75.04531625965221,14.798905824132099],[75.07924964542156,14.804637943363941],[75.10728904157806,14.82185042531478],[75.13828393815359,14.839057681091287],[75.16190221733531,14.851960077926217],[75.19140970543434,14.846196155966439],[75.20319028151171,14.820350449309794],[75.21496668302272,14.79306880406683],[75.22084871880311,14.77440414373153],[75.23705301658059,14.754293644114258],[75.25323777770737,14.719828839501595],[75.28118780990383,14.665254401858812],[75.31506107691663,14.639375162395279],[75.34305708399208,14.630723672686512],[75.37839408746225,14.606268552432253],[75.38571883042997,14.580420800624294],[75.40470809311205,14.48709261101452],[75.44444031504719,14.465490976468303],[75.47678821608207,14.438156559791132],[75.501813209357,14.432363352783371],[75.52390478425356,14.432315320202104],[75.5357109568908,14.442335987730072],[75.53431013682939,14.472480678399624],[75.53439264016491,14.506927838597985],[75.53443742027368,14.525586674727728],[75.56393044793077,14.53556466755804],[75.58600932256672,14.526898757417863],[75.60221256422791,14.525422414915173],[75.62874114442245,14.528223347177395],[75.63910013052762,14.543983384326692],[75.63931620478789,14.545020615800075],[75.6450774343216,14.572672453095493],[75.65986533216027,14.589854379553802],[75.68055107582742,14.607018124937627],[75.68944358924671,14.622779815072128],[75.6998524676455,14.651453773153664],[75.67076790581301,14.782146921220418],[75.69445555564364,14.809346250159708],[75.75059822325278,14.83356879981405],[75.77716526240052,14.836350991755117],[75.80512332952244,14.816162089150868],[75.84623526363578,14.765783147103363],[75.84616867880263,14.748561097654122],[75.85926170010717,14.702586718095084],[75.8754292741177,14.689609552206472],[75.94914058030385,14.687884659028919],[76.01260197854937,14.7019678831405],[76.01712486755363,14.723475122389491],[75.99235045283501,14.788163888009073],[75.98806200128841,14.818320146002357],[76.00000189649906,14.848406279856546],[76.01771317019312,14.849763655390918],[76.04568326892073,14.836722114320638],[76.10020298395551,14.82355198963571],[76.12085525911246,14.823452350541986],[76.15044164837197,14.83909210468821],[76.17570704324038,14.873405559729681],[76.19206331962666,14.896281830559879],[76.20095676037126,14.903410569473888],[76.21720507522438,14.906194855574444],[76.2348803051316,14.900360155038454],[76.26283329364787,14.88585770903186],[76.28632216456997,14.865637179730099],[76.30102408622524,14.856944383543253],[76.33787943066099,14.85242775487453],[76.3525960029211,14.846601721718551],[76.38197191812503,14.826337624734881],[76.4112308354159,14.78885159059389],[76.43586846063631,14.722692587279456],[76.46663676421434,14.693801341720262],[76.50342960595763,14.68495641647898],[76.52552949420821,14.683377339410827],[76.54931519708882,14.711917325385805],[76.54802331898196,14.737753673026628],[76.53499587843339,14.77227752277493],[76.5336421807108,14.789505019570937],[76.54842963453179,14.795145673954275],[76.58237882887863,14.799219699408255],[76.61487530894573,14.80616843255267],[76.63561837201381,14.818935392124347],[76.65497616812557,14.843188563545608],[76.65105338195274,14.909217232997943],[76.64082341139301,14.92220392974429],[76.62471141477803,14.938101758735396],[76.62337602032805,14.956763670600948],[76.63686472457356,14.983928375144975],[76.6473279607801,15.001070366297224],[76.65039016606625,15.015395967647283],[76.6432181187518,15.042708708605],[76.63007296752252,15.061455652425018],[76.62434130421737,15.08445335217789],[76.64241388317744,15.130235728224724],[76.68697133717563,15.161471648755999],[76.74478988983509,15.186856233050213],[76.79796995009923,15.186437824441354],[76.83784148969917,15.18468125318792],[76.85092344971915,15.160185462040427],[76.85372746559928,15.14294691753021],[76.8415162535399,15.097138452973967],[76.83239882805685,15.067084824834716],[76.83520403977678,15.049846345237965],[76.84829224951679,15.026785868993803],[76.8554742971812,15.00377311417339],[76.85830216914509,14.989403642860015],[76.83890860545837,14.965171859624041],[76.8196767446765,14.959587374196298],[76.79591150423936,14.941124661896959],[76.77188018625337,14.889662754157168],[76.7727117892802,14.810746945611799],[76.79460711632245,14.783317945454218],[76.8284348962464,14.773009522425484],[76.85028301645806,14.741272640169159],[76.85742265377262,14.7139566696227],[76.87792249913299,14.69801017085757],[76.89991774169711,14.684919221598415],[76.90708730849232,14.661906166619367],[76.90396677533623,14.641846711705398],[76.87139352999256,14.623460201473087],[76.84468227736325,14.600718137988254],[76.82540074702554,14.585087993925208],[76.82217166140425,14.550680089802922],[76.83528517562237,14.533361146748517],[76.8390878614785,14.458726446425995],[76.84479934942408,14.437161099863353],[76.86528908175985,14.422652880917221],[76.92117427203134,14.416465824604883],[76.93340442543943,14.414708369311786],[76.97409843384003,14.40885602269761],[76.99320619518176,14.405826301994395],[77.01999501434067,14.438594111796597],[77.03065045502699,14.477235957490263],[77.0471738124813,14.512956512886458],[77.06778750423827,14.512775717897997],[77.09700565624915,14.488129625023111],[77.11768450870386,14.495116637053572],[77.14875322523464,14.510613602926853],[77.17378219067473,14.51038303369959],[77.18686370145092,14.493048192403368],[77.24802894538028,14.426488712027233],[77.28748497917003,14.398856459334986],[77.30108107302385,14.433148813346254],[77.30591012597965,14.473263183488681],[77.3164665752834,14.49754301362331],[77.32831785479094,14.504597368696109],[77.3533885047348,14.508650178621904],[77.38417911478467,14.496865182161923],[77.39872906644902,14.480940193338586],[77.40869175992788,14.449284870567977],[77.41255066486363,14.397612464694474],[77.41939782905705,14.350212332734845],[77.41303837101812,14.305815227161185],[77.33480813451213,14.279344392575858],[77.30969066549432,14.268114562752082],[77.30669116530333,14.26240618575904],[77.29913503970266,14.24239805428959],[77.32508878583177,14.191944406910567],[77.33365955577904,14.167477166742492],[77.3331474083298,14.117279966254754],[77.30794814241621,14.09600743267453],[77.29321058852358,14.09184501039756],[77.23300419332011,14.096713787033963],[77.20088066072893,14.118526435610168],[77.17502621877328,14.181878949906732],[77.14585286928225,14.206528620189612],[77.09884149787622,14.211249370127737],[77.0547030310462,14.208763545228058],[77.02383660385331,14.210461325888465],[76.99907818208432,14.237927345258637],[76.96558822713487,14.276940772743053],[76.93472260309933,14.280062866109432],[76.93120273084304,14.279968873717634],[76.89352230810772,14.278959401285194],[76.8771508942519,14.256133719986478],[76.87243074304779,14.21886828148039],[76.87405589728675,14.199087822139154],[76.8764409839437,14.17005652121633],[76.85404846316479,14.128623360075784],[76.86547063434746,14.086927773637136],[76.88138018622466,14.055240202892673],[76.89710901657948,14.002032649908127],[76.90432524605995,13.986194197064886],[76.92613540790359,13.958762732819393],[76.9392838365406,13.950050041247069],[76.9701054927037,13.94693302499058],[76.98602946491434,13.91954501156236],[76.99756922692367,13.895061588774597],[77.03135624930587,13.896217420520193],[77.05215473610872,13.923301065049085],[77.0569164066394,13.963429817338088],[77.08200268147199,13.976127423590803],[77.11867244115523,13.970072036087414],[77.14937134069983,13.954022554342762],[77.16691529878825,13.945259772333547],[77.20669058438506,13.957812582257212],[77.24221593625968,13.986176427645937],[77.26588544264615,14.003169620879843],[77.3012100090021,14.010008751862301],[77.33060229601365,14.01116213250541],[77.35100598812197,13.995187161362244],[77.35509122616658,13.963591945370666],[77.3385756563912,13.9278923912816],[77.33111884180872,13.916488900495574],[77.31304360395889,13.870760590131503],[77.31425584015165,13.844930040223156],[77.32718123339932,13.816119876362139],[77.35192977864389,13.795802813610589],[77.35922403012044,13.791429808250037],[77.37230755660032,13.79130387067853],[77.3768335338271,13.791260143082388],[77.39163949217101,13.804025466666223],[77.40368853107088,13.83402843279718],[77.42303586664454,13.859655201681173],[77.44072462530863,13.866650753205574],[77.48761861329507,13.859007061319229],[77.531541617812,13.848517202279387],[77.55085566423635,13.869829261394765],[77.57173617677736,13.899727561333185],[77.59417058867773,13.936777182436881],[77.62653367902512,13.942166428563938],[77.64415093715391,13.941975602988132],[77.67204438410802,13.941670860735508],[77.69589988552292,13.972955956704476],[77.7049774292427,13.99579898982588],[77.73301162271724,14.006956320138226],[77.74052380107915,14.021211047057136],[77.72221340118686,14.08738054864885],[77.7329743707031,14.127409598436232],[77.75381870730207,14.150114623849866],[77.78026555742336,14.149809706306844],[77.81828873006131,14.135027575907287],[77.83979205796648,14.091759047776314],[77.84989570378802,14.077301385511568],[77.886558529311,14.072563886626867],[77.92621057070555,14.072086076062861],[77.93632572235116,14.059059492649867],[77.95066130110204,14.031643925077619],[77.95049623638874,14.018742401238878],[77.9547356680678,14.005787178954618],[77.98688526146378,13.993923401065802],[77.99996689093886,13.983726161364295],[78.01451513396974,13.973510214991938],[78.01860111458093,13.949087338239012],[78.02051218969065,13.921177063226946],[77.99768490640822,13.858138044299585],[77.98839436110553,13.800903750010688],[78.00703445878676,13.728992020315626],[78.0387729614838,13.726213731048144],[78.05603376948117,13.73794746403224],[78.06115430410516,13.755804200714893],[78.0801732746932,13.808132200782351],[78.09633074689637,13.828237811894097],[78.13671479744508,13.831308066586718],[78.16711014016444,13.818971346432429],[78.1840746456428,13.808000659494201],[78.20212905683289,13.787458602248474],[78.20900433344168,13.753922029842329],[78.20286948895962,13.662022156476924],[78.20132571948675,13.638151155996043],[78.21319867598694,13.61291246346121],[78.25149029182252,13.555078684599989],[78.26600841712035,13.545333249113407],[78.31242569899494,13.547110831636859],[78.34498117296451,13.518011239438836],[78.36771633081608,13.48545804626943],[78.40774615696603,13.468196563168792],[78.47539718068688,13.420692976705954],[78.48153088527724,13.338204416742549],[78.45795544270187,13.309864419328772],[78.41508026641284,13.296112880065996],[78.36861664667093,13.287178071439897],[78.3537969357661,13.273638318523696],[78.33522104455096,13.118008924010645],[78.32391805512647,13.093071730629802],[78.3129290516257,13.09142152456922],[78.28183722986392,13.090027516470121],[78.25622761600806,13.088560480424192],[78.21398312188123,13.072963846891366],[78.18812099303395,13.051781789860065],[78.14550028071143,13.005712713757156],[78.13941087873889,12.95740295388387],[78.12094145418556,12.941496949058536],[78.06813978366539,12.956460790219515],[78.04267103345705,12.965720408330013],[78.00653874937527,13.000192037168125],[77.96826974420935,13.009593801195127],[77.92075341289863,13.010133325849399],[77.8804628339205,13.003414525813003],[77.85315087259114,13.012678327106954],[77.8290102632817,13.028843748905985],[77.82049492978233,13.034544992586667],[77.79504454457542,13.04736838860478],[77.76756336270572,13.042286334964999],[77.75270084896849,13.020934383410445],[77.7140988673355,13.001622994834268],[77.69585889130794,13.005398356466463],[77.65928097378763,13.003983185800656],[77.64989388592028,12.980774349745419],[77.65834826990347,12.916151679232666],[77.64680019523526,12.860695363926228],[77.61930290925342,12.852007845444549],[77.57351973853086,12.841704192956797],[77.54589941649662,12.820459482526772],[77.52541183304922,12.78121406779001],[77.51897583035114,12.684460201083143],[77.51216845817385,12.548264328152271],[77.47519103006421,12.49840529746838],[77.39484017336011,12.491959673549216],[77.32913466279008,12.490742582482055],[77.30315082009177,12.493220661256709],[77.20513793891428,12.502545527838407],[77.14124744052806,12.501267906297244],[77.10086419784993,12.472891834962244],[77.085892386553,12.426379419557398]],[[75.91022527505757,14.25601232794841],[77.085892386553,12.426379419557398],[76.97622474754854,12.88360108965595],[76.98388378278173,12.874818086143188],[76.97622435227535,12.883602737612165],[75.91022527505757,14.25601232794841]]]}},{"type":"Feature","properties":{"state_name":"Naga tribes","id":19},"geometry":{"type":"Polygon","coordinates":[[[94.73750391940347,25.630703086825225],[94.7128608505072,25.646259421061867],[94.68894585713407,25.677257218831308],[94.67055301278597,25.703450368468783],[94.6608565027855,25.735909645916312],[94.66014426993148,25.76883597555668],[94.66806789682968,25.81494594839599],[94.66609777388084,25.83307811079295],[94.65881022504782,25.84620114055565],[94.64540297225432,25.86076346798857],[94.63100928990903,25.862215558075455],[94.60795185422033,25.86142854388512],[94.58459122261443,25.851461173367568],[94.53300488607591,25.840256707170777],[94.48481830772505,25.83777313195944],[94.45691630785883,25.834749223416814],[94.40756510555728,25.840466659358615],[94.3718897805805,25.851764572460038],[94.35617458279697,25.86432427351121],[94.34088283097012,25.883168358800436],[94.32530511201307,25.892825134437732],[94.29966537789589,25.895799505688856],[94.27416813184283,25.895865157006163],[94.24937610901095,25.903904529388914],[94.23565177034502,25.913298455012114],[94.22334106044235,25.938651970160464],[94.19919738077449,25.984682375664843],[94.15880034687308,26.040463651315466],[94.14187973944775,26.087820656650965],[94.14124299088738,26.144483276428144],[94.15367140484803,26.17625000923031],[94.18746494240338,26.213134600920192],[94.22902285074404,26.239109744559297],[94.25211812362635,26.254364024144344],[94.27281493622675,26.27052376810221],[94.33359659531358,26.344545626982885],[94.34517378252752,26.378123034711837],[94.34534771691877,26.390218023826122],[94.33928521172585,26.410693256560734],[94.32981969791841,26.437420291804308],[94.32522340456237,26.44787933144366],[94.3252044706427,26.45884914310103],[94.32409138165136,26.47459104318859],[94.3321156953576,26.4838513653655],[94.34819314406033,26.509869025115695],[94.3726550588886,26.532388847558977],[94.40645260654243,26.560503810738478],[94.4274778177504,26.58522397656159],[94.4508576427684,26.615951024365906],[94.47262555176603,26.6301642098438],[94.49498411789112,26.63678566706211],[94.51717290586201,26.638810200989106],[94.56499481493874,26.655044503953793],[94.6340908668053,26.700495341550372],[94.66635678930078,26.740831808778548],[94.68814634064671,26.776325640682344],[94.72740036462717,26.84791991189826],[94.74190115199082,26.892529350481375],[94.74199476587424,26.917894797457237],[94.73229407704672,26.938920574129508],[94.72450082822004,26.950801125883558],[94.73217205377688,26.952436764490976],[94.82499904159887,26.99977185068265],[94.8867026137643,27.032914115971792],[94.94351559821757,27.085415327547256],[94.98347090652233,27.1216974432469],[95.03085637760081,27.147858913350685],[95.07160988410624,27.163225741363423],[95.11800891271172,27.1756545258896],[95.13617047431609,27.189435547116005],[95.15912008296735,27.16811059505099],[95.19163751342963,27.11483430509679],[95.20635794804353,27.06147186715741],[95.1974357731873,27.013733752725184],[95.18390633570853,26.945258991933493],[95.18553396257165,26.916680213682532],[95.20879227781927,26.859307969867956],[95.22379424419032,26.819759014200688],[95.23191962439029,26.79712987873332],[95.2356934812957,26.746829145180445],[95.23048504246285,26.710304109481925],[95.23014812933631,26.706632666902326],[95.21634691622539,26.70486417375359],[95.19481745175445,26.6988897198416],[95.16997055940486,26.699179305095033],[95.12725873033163,26.682729632455583],[95.09039136464983,26.647243588563434],[95.06260678431742,26.606662546968227],[95.04627892694158,26.562426430546136],[95.03945736932793,26.523876958345692],[95.04015515078915,26.454270665944943],[95.04023487729228,26.446497169573384],[95.04040455887655,26.43006879954537],[95.04033575019068,26.396591434251956],[95.04007054344608,26.395119421588046],[95.03825360722583,26.359461863587047],[95.04023692518018,26.341047164214675],[95.0401946125808,26.313223719225203],[95.04496339835292,26.295909731373552],[95.04716720039492,26.272509484820134],[95.05003572970512,26.238270732839727],[95.05045183707978,26.236596139840547],[95.06044414204834,26.209800349778888],[95.07969432846103,26.189043426226196],[95.08437897531675,26.18548000772783],[95.0999011492429,26.173671104783896],[95.11995065867953,26.15926171347905],[95.12098294500846,26.13159165527384],[95.10720002609882,26.09807061264733],[95.09661217296743,26.08039020947224],[95.08086363259588,26.05407233293588],[95.07961263200005,26.052944472725002],[95.04447564119722,26.021246066260012],[95.03505292605604,26.012738885965177],[95.02707903191788,26.005537576874854],[94.99308467663131,25.988244610005033],[94.98003464905158,25.984332971814464],[94.9798042539705,25.984263896064736],[94.96703146213541,25.958307775629514],[94.96702893868252,25.95829343920587],[94.96753952733812,25.956086568169653],[94.96627831837056,25.95272649825342],[94.96731117733668,25.918012941196718],[94.96874232789446,25.87028480768214],[94.96673567704165,25.845044915078528],[94.96566465992574,25.831548527748673],[94.9518310559285,25.79004514216643],[94.94454845132111,25.780153268455766],[94.91166687208558,25.756168594032154],[94.9074546488623,25.753618778487176],[94.90380211399922,25.751407497255975],[94.89004389983528,25.74307591925155],[94.8836390281312,25.739775088450436],[94.85588630887501,25.7254649191693],[94.84470163880918,25.7133326199323],[94.84131009039582,25.710936950150103],[94.81307798435957,25.68869604213393],[94.7915046936164,25.66964763788181],[94.77542727289315,25.64705463143295],[94.77240415085124,25.63748097501499],[94.77061125765944,25.631801518954706],[94.76607737753666,25.617433615089077],[94.76239640447997,25.619180674626783],[94.73750391940347,25.630703086825225]]]}},{"type":"Feature","properties":{"state_name":"Punjab","id":20},"geometry":{"type":"Polygon","coordinates":[[[75.6638500059,29.5465185648],[75.7049685141,29.5278510809],[75.5462740799,29.4880329531],[75.7654313255,29.5004014334],[75.8765427476,29.4499577094],[75.9275616284,29.4267955332],[75.9067901923,29.3637267989],[75.9046017986,29.3570821346],[75.5271182919,29.4407353841],[75.6960354517,28.7238078902],[75.5731526922,28.3506964661],[75.5611644925,28.3811969689],[75.5553126572,28.4242098838],[75.5554436071,28.4492861103],[75.559859101,28.4883343578],[75.5639496315,28.5244807975],[75.5418794641,28.5711410555],[75.5136221482,28.6017007468],[75.4873621106,28.6286650783],[75.4388640581,28.6825655108],[75.4126914189,28.7417556353],[75.4128182253,28.7739956514],[75.4149149108,28.79010937],[75.4436909627,28.8634534627],[75.4459015056,28.9046413785],[75.4439728543,28.9297229738],[75.4236573767,28.9405349459],[75.40136347,28.9674695141],[75.3403336179,28.989130756],[75.3383606696,29.0088375919],[75.3160409558,29.0393401749],[75.2978319098,29.085949468],[75.2550743437,29.1111123818],[75.2142839439,29.1111837623],[75.1510559514,29.1094788246],[75.0980204686,29.1005727496],[75.0511203686,29.1095541516],[75.0042126158,29.1310565742],[74.9756497975,29.1471739422],[74.8878725034,29.1901143816],[74.8245621123,29.2115388232],[74.7939358759,29.2132861988],[74.6960003628,29.1933982537],[74.6123210549,29.1913910562],[74.5755153955,29.2073985499],[74.542734043,29.234155636],[74.5201310746,29.2645233598],[74.505738805,29.2841717605],[74.5095934749,29.3325423533],[74.52161397,29.3845239816],[74.5662672007,29.4634786967],[74.5661299253,29.4957151525],[74.5639369598,29.52973565],[74.5188002856,29.5474890831],[74.4778647445,29.5419617996],[74.4288629321,29.5148966313],[74.4227204982,29.5148701045],[74.3918585046,29.5398051379],[74.3897029533,29.5577042015],[74.4059218925,29.5864319804],[74.4159910896,29.6169216972],[74.4505805709,29.6636323185],[74.4687336513,29.7210141201],[74.4643924416,29.7657679906],[74.4643924417,29.7657679908],[74.4334729063,29.7889201064],[74.3924015807,29.790528567],[74.2979622495,29.7900608117],[74.1848891518,29.8091106795],[74.1109698113,29.8086340769],[74.0802689236,29.7976794127],[74.0006812966,29.7487514939],[73.949698905,29.717913978],[73.8738803412,29.7101278855],[73.8347230053,29.7259054819],[73.8098735155,29.7453820798],[73.8054301251,29.7739930979],[73.8108249156,29.8385062328],[73.8228951408,29.8601024518],[73.8695554861,29.9124399638],[73.8895117012,29.966329666],[73.8756643603,30.0293004658],[73.8745383334,30.0320493191],[73.8902221745,30.0450765621],[73.8979017303,30.0514534241],[73.9278050454,30.0779635048],[73.9340848842,30.1147804674],[73.9355539296,30.1233894363],[73.9301390962,30.14228893],[73.9198516237,30.1781737091],[73.8824824447,30.2435010006],[73.8771091146,30.2647537966],[73.885533302,30.2972594065],[73.8899389879,30.3192161436],[73.8946527147,30.342697929],[73.9067061946,30.3726420467],[73.9353036641,30.4015272544],[73.9406763909,30.4030964612],[73.9890848281,30.417222918],[74.0025826098,30.4211579151],[74.0312732602,30.4284045937],[74.0561709996,30.4346873149],[74.0727315731,30.45101439],[74.1135187246,30.4911946705],[74.2077715949,30.6502235278],[74.2250534928,30.6793198688],[74.254894066,30.7159435016],[74.2866466553,30.7548762535],[74.3183881913,30.786441242],[74.3344303779,30.8023834869],[74.3566745514,30.8244771756],[74.4076015104,30.8653057752],[74.4445796791,30.8821005144],[74.4445796893,30.8821005199],[74.4766199946,30.8966393461],[74.5106614391,30.9085357463],[74.5313323269,30.9157537701],[74.5642058527,30.9272237935],[74.594106938,30.9376470778],[74.5964285849,30.9406131012],[74.5982298707,30.9429141834],[74.6074894026,30.9547407899],[74.6074894036,30.9547407896],[74.6098532793,30.9577594468],[74.617529939,30.9675608923],[74.620923851,30.9839631412],[74.6296162579,30.9888684036],[74.6397269101,30.9945726386],[74.6693911001,31.011300128],[74.6664876779,31.0293998918],[74.6524788018,31.0401162079],[74.6064789845,31.0395654939],[74.5535914241,31.0280291543],[74.4866347695,31.0332029385],[74.4614160617,31.0473676193],[74.4388368477,31.0772732883],[74.4316227332,31.1037617843],[74.435558537,31.1316136078],[74.4504638628,31.1825813107],[74.4681201114,31.2175601825],[74.5577796609,31.3063690581],[74.5609448892,31.3249922613],[74.5791582515,31.3450608966],[74.5902968928,31.3639888022],[74.5985151083,31.377948566],[74.5969559282,31.4008985724],[74.5884382072,31.4177147818],[74.5206320838,31.4941881976],[74.4811949518,31.5178207852],[74.4432837494,31.5245356016],[74.4094295388,31.547008976],[74.4021223252,31.5580796],[74.3952061228,31.5685549762],[74.3936979145,31.5822293777],[74.392144475,31.5963093373],[74.4003102752,31.6242318969],[74.4355887632,31.6690731905],[74.4471470511,31.6807254248],[74.4830606016,31.7076276105],[74.5103091732,31.7280219718],[74.5625877728,31.7671090221],[74.6427476168,31.8171286339],[74.7368853393,31.8634469586],[74.7976339176,31.8893153935],[74.8655282776,31.9181752387],[74.9046886613,31.9385005907],[74.9508749463,31.9421074246],[74.9858679319,31.9385355659],[75.0376518204,31.9313696194],[75.052254577,31.9432192407],[75.0670593735,31.9552279682],[75.1763491216,32.0064443326],[75.2023712075,32.0444057523],[75.2310376783,32.0553950552],[75.2899059631,32.1313248116],[75.3104060675,32.1885979378],[75.2991540994,32.2069346529],[75.2938996011,32.2069021465],[75.5695021167,32.321887909],[75.7472900837,32.406885196],[75.8660121956,32.4648391712],[75.8660121958,32.4648391708],[75.9239962776,32.5188439024],[75.9464926525,32.5687969651],[75.964107719,32.6345347745],[75.9562869483,32.6947377818],[75.9329823513,32.7335765853],[75.845537611,32.8029317585],[75.832200876,32.8273645514],[75.8306116051,32.8388308173],[75.8494327456,32.8558879781],[75.9344794473,32.8767607666],[76.0262542254,32.8889286742],[76.1281989413,32.8980737377],[76.2355719826,32.9299917359],[76.3024093454,32.972268398],[76.311282418,32.9979486136],[76.3236024602,33.0264551578],[76.3240522192,33.0565186508],[76.3229950424,33.0994843033],[76.326827168,33.1280796804],[76.3423140301,33.139368154],[76.3967646382,33.1387694416],[76.4287228384,33.1154985091],[76.4693100508,33.1007087768],[76.5102259557,33.1059467092],[76.5345354214,33.1342847567],[76.5434683477,33.1585140266],[76.562493068,33.1754575473],[76.6085024209,33.1777349562],[76.6592691425,33.161319796],[76.7624158548,33.1269737367],[77.0694861759,33.0163126505],[77.103853672,33.001666037],[77.0899572802,32.9786901971],[77.0779583071,32.9561418308],[77.0899572817,32.9786901973],[77.1038536734,33.0016660364],[77.2476731344,32.9402210012],[77.3666252202,32.8807634272],[77.3783418681,32.8748150309],[77.4157206326,32.876961307],[77.4604363961,32.8989926824],[77.4758984801,32.9058445776],[77.506385751,32.903805295],[77.5414272501,32.8830574494],[77.5713256067,32.8609746304],[77.5966255183,32.856157523],[77.6415830976,32.8852749539],[77.6625698726,32.9063002032],[77.7011370019,32.9469814433],[77.7646624604,32.9699232435],[77.7935081819,32.9692809185],[77.8306996183,32.9641490742],[77.8665464433,32.9175304688],[77.8708019955,32.8916699029],[77.8842973642,32.8369709215],[77.8841585261,32.8326803052],[77.9123962178,32.8148507845],[77.9441504706,32.801226256],[77.9794952395,32.7431402532],[77.9765662553,32.7059975986],[77.9691840672,32.6875664741],[77.9565441313,32.66353381],[77.9468696828,32.6265484748],[77.9529250257,32.6049370009],[77.9860050308,32.5826854618],[78.021380879,32.578976648],[78.0757707551,32.5876745051],[78.1023404732,32.622800504],[78.1549404235,32.6758727039],[78.2154962671,32.7129739955],[78.2445579769,32.7208112197],[78.2801279963,32.7213158441],[78.3237290495,32.7101490941],[78.3583283634,32.6848988547],[78.4147722606,32.6118235743],[78.4434222454,32.5652488322],[78.4554370934,32.5497445545],[78.4685580557,32.5328059916],[78.4917877662,32.5144900113],[78.4751859955,32.5000871419],[78.4694229182,32.4930216117],[78.4660262991,32.4911763275],[78.4610820248,32.4827914049],[78.459309642,32.4806169076],[78.4414029916,32.4629901452],[78.4340056408,32.4415611956],[78.4337667294,32.4364070547],[78.4322530006,32.4338335727],[78.4310745271,32.4158167984],[78.4303134221,32.4041742669],[78.430842094,32.403416869],[78.4543522597,32.3697212302],[78.4661742919,32.352763205],[78.4673803433,32.3492415094],[78.47777294,32.3188846808],[78.4772846731,32.3184032035],[78.4587619547,32.2864174315],[78.4513888268,32.2649943611],[78.4496985702,32.2547381491],[78.4484361994,32.247076313],[78.4514386382,32.2340596851],[78.45108591,32.2287273371],[78.4500024858,32.2123420819],[78.487485126,32.1866269416],[78.6337991958,32.0362319062],[78.6437204425,32.0292055797],[78.6568758681,32.0198900245],[78.656875869,32.0198900255],[78.7148099003,31.9788291343],[78.7237442736,31.9568074597],[78.7324729415,31.9352834133],[78.7323243549,31.8996509278],[78.7316878402,31.8944449796],[78.7235844606,31.8554446264],[78.7192671604,31.8346488622],[78.7140470862,31.7735423229],[78.7136707051,31.7660739351],[78.7125976938,31.7447691253],[78.7142696154,31.7096724566],[78.7146580495,31.7015188426],[78.7159911954,31.6968110106],[78.7218394998,31.6761537485],[78.7479391307,31.6530278441],[78.7495783142,31.6502036903],[78.7931819345,31.5868082329],[78.7969107518,31.5756579869],[78.8026863101,31.5583827923],[78.8064258109,31.547194652],[78.8028644253,31.5211612128],[78.7981480102,31.5159535599],[78.7757460885,31.4894855739],[78.7741861555,31.4808123268],[78.7699492418,31.4572443447],[78.7744116378,31.4447077523],[78.7817200505,31.4241691584],[78.7830825861,31.4177846392],[78.7840920144,31.4029265754],[78.7832307481,31.3849727964],[78.7887850921,31.3722701859],[78.7966710904,31.3542296334],[78.7978853383,31.3485692824],[78.7996897275,31.3401569562],[78.8554058067,31.2550040555],[78.8964024339,31.2287745168],[78.9098315678,31.2341218395],[78.9150266437,31.2363200095],[78.9197340425,31.2253160106],[78.9486832755,31.1540808427],[78.9566919194,31.0799092856],[78.9568429863,31.0167100435],[78.9408482538,30.998122206],[78.910239365,30.9942845176],[78.8855002609,30.9986095095],[78.8623333711,31.0076524362],[78.841166705,31.0321334122],[78.8050559223,31.0642084119],[78.7269898004,31.1225383588],[78.6871586989,31.1320335501],[78.6650018491,31.132666659],[78.5950825196,31.1167508539],[78.5299103275,31.1161696738],[78.4927384402,31.1231469939],[78.4669445316,31.1381562943],[78.424902618,31.1643284855],[78.3964420514,31.1829736203],[78.3435203572,31.2165641818],[78.2965012869,31.2213573474],[78.2755365603,31.2171225451],[78.2420125443,31.2108161632],[78.2079689121,31.1890074941],[78.17029907,31.1827850656],[78.1368705388,31.1788336224],[78.0963575065,31.170272691],[78.0789900411,31.1480252128],[78.0391951299,31.117956237],[78.0140672508,31.1125824539],[77.9600698436,31.1150280849],[77.927072125,31.1241331015],[77.8718567471,31.132534525],[77.8067160639,31.1339713727],[77.7575138878,31.1111742132],[77.7360432818,31.0877713186],[77.7249161935,31.0378989256],[77.7346648132,30.9911634109],[77.7415297134,30.9789319043],[77.7238960057,30.9846204942],[77.6858466682,31.0104724894],[77.647710396,31.0339295155],[77.6123904524,31.0597050195],[77.5922924784,31.0851660824],[77.547746631,31.1302002251],[77.5333542081,31.1626986353],[77.5051192544,31.1882615106],[77.4821220109,31.184531384],[77.4661699881,31.1848382229],[77.4396609366,31.1793779477],[77.4207529008,31.1725761294],[77.4094302095,31.1638398582],[77.3849500357,31.1559435961],[77.3688532583,31.1502749113],[77.3460159079,31.1524829881],[77.3266880725,31.1564134592],[77.3157659783,31.1606739404],[77.292169856,31.1436498415],[77.2649320476,31.1183579913],[77.2324846577,31.08312684],[77.1938715321,31.0680386983],[77.1589368006,31.0580241195],[77.1904172585,31.23397996],[77.0569006353,31.6039910343],[77.0894262483,31.6120541917],[77.1128419535,31.6116688344],[77.1369143854,31.5912222455],[77.1572592068,31.5546066863],[77.16138639,31.5402184197],[77.1641563783,31.5153527205],[77.1678627123,31.4828344599],[77.1677526645,31.4780634465],[77.1830298953,31.4644397329],[77.2049809907,31.450699529],[77.2169771453,31.4399921425],[77.2224515664,31.4360789877],[77.2219337763,31.414132938],[77.209668714,31.3967195549],[77.2219337768,31.4141329376],[77.222451567,31.4360789882],[77.2169771452,31.4399921429],[77.2049809905,31.4506995296],[77.1830298964,31.4644397333],[77.1677526658,31.4780634468],[77.1678627136,31.4828344607],[77.1641563791,31.5153527218],[77.1613863916,31.5402184194],[77.1572592079,31.5546066865],[77.136914386,31.5912222466],[77.1128419539,31.6116688351],[77.0894262492,31.6120541924],[77.0569006363,31.6039910356],[77.056900633,31.6039910354],[76.9714759983,31.6450218599],[76.9642825028,31.6550891609],[76.9454755375,31.66301423],[76.8823575963,31.6878268604],[76.8823575957,31.687826861],[76.838724841,31.7484971849],[76.8335417514,31.7601355125],[76.8171413445,31.7785085336],[76.7977471711,31.7886728149],[76.817141343,31.7785085336],[76.7051676739,31.7878565975],[76.5571864842,31.3385382991],[76.5434373171,31.3933910049],[76.4976990193,31.5115276528],[76.4980930549,31.5109108757],[76.4976990192,31.511527653],[76.4976990192,31.5115276531],[76.5460591948,31.6732536775],[76.5460591949,31.673253678],[76.5460591947,31.6732536778],[76.5201906594,31.7298921033],[76.5253526954,31.727288498],[76.5201906591,31.7298921039],[76.5144695407,31.7555842161],[76.6147198193,32.1502599748],[76.6483578062,32.1469640912],[76.5931802198,32.1843423377],[76.5035259172,32.2954209901],[76.3285196823,32.3152252017],[76.4374363007,31.2513503153],[76.5303089951,31.2981723336],[76.5537129212,31.3279914489],[76.4966158468,31.1546264397],[76.4896221592,31.1542628122],[76.4637921409,31.1531268847],[76.448061487,31.1590335288],[76.4637921408,31.1531268844],[76.4896221583,31.1542628109],[76.4966158465,31.1546264388],[76.4595420638,31.0420585578],[76.458543201,31.0451825009],[76.4590240474,31.0404856939],[76.2715807845,30.4713478996],[76.3412539963,29.9546577759],[76.34139052,29.9536453286],[76.3389491279,29.9549989275],[76.335730101,29.9466271617],[76.3424077943,29.9461013158],[76.3760997241,29.6962450667],[75.9838932114,29.5978362654],[75.9642908921,29.5383173441],[75.8521247616,29.541379175],[75.8433502712,29.5416186948],[75.8309863696,29.5594703063],[75.7680330652,29.5436746501],[75.6638500059,29.5465185648]],[[77.1904172585,31.23397996],[77.2026545019,31.2376382755],[77.2039066749,31.3571697029],[77.2046644013,31.3896123445],[77.2046644007,31.3896123437],[77.2039066743,31.3571697021],[77.202654501,31.2376382753],[77.1904172585,31.23397996]],[[76.6483578062,32.1469640912],[76.662639106,32.1474914758],[76.6889184623,32.1578827486],[76.6937680898,32.1595745487],[76.6889184623,32.1578827488],[76.6626391048,32.1474914761],[76.6483578062,32.1469640912]],[[76.5035259172,32.2954209901],[76.506898595,32.2931741067],[76.5135303935,32.2870576641],[76.5068985955,32.2931741065],[76.5035259172,32.2954209901]],[[76.3285196823,32.3152252017],[76.3861493158,32.3346527861],[76.415452337,32.3354086275],[76.3861493154,32.3346527868],[76.328519682,32.315225202],[76.3039537086,32.2974174442],[76.3285196823,32.3152252017]],[[76.5303089951,31.2981723336],[76.5224315267,31.2791926729],[76.5224315268,31.2791926723],[76.5303089951,31.2981723336]],[[75.4583052023,31.8161247819],[75.4583052017,31.8161247819],[75.4545348152,31.8069921583],[75.4583052021,31.8161247813],[75.4583052023,31.8161247819]],[[75.4583052017,31.8161247819],[75.4583052023,31.8161247821],[75.4615232125,31.826716462],[75.4583052017,31.8161247819]],[[76.0476397742,32.1320738151],[76.2314842839,32.2474730386],[76.0768112617,32.2775269843],[76.0768112613,32.2775269845],[76.0768112612,32.2775269846],[76.0243797521,32.3045679977],[76.0476397742,32.1320738151]],[[76.2314842839,32.2474730386],[76.2130995038,32.2298529322],[76.2314842852,32.2474730387],[76.2548626231,32.2629918655],[76.2314842839,32.2474730386]],[[76.0243797521,32.3045679977],[76.0265364316,32.3037225939],[76.0265364311,32.3037225942],[76.0243797521,32.3045679977]],[[74.4951976691,29.8135067539],[74.4951976678,29.8135067538],[74.4857514065,29.7988734503],[74.4951976678,29.8135067527],[74.4951976691,29.8135067539]],[[74.4951976678,29.8135067538],[74.4951976699,29.8135067548],[74.5224513737,29.8403512647],[74.5464883044,29.8547626902],[74.522451373,29.840351265],[74.4951976678,29.8135067538]],[[74.5464883044,29.8547626902],[74.5913806014,29.8625501692],[74.6057930608,29.8643889987],[74.6057930641,29.8643890002],[74.5913806017,29.8625501704],[74.5464883058,29.8547626911],[74.5464883044,29.8547626902]],[[74.9184819722,30.2669449658],[74.9153915138,30.2709815452],[74.9153915127,30.2709815467],[74.9043828008,30.2767043683],[74.9015322046,30.2816416519],[74.9015322034,30.2816416519],[74.9043827994,30.2767043671],[74.915391512,30.2709815466],[74.5172985117,30.226186741],[74.9184819722,30.2669449658]],[[74.5172985117,30.226186741],[74.5168169255,30.2267670055],[74.5172985116,30.226186741],[74.5172985117,30.226186741]],[[75.2821419134,30.4804775942],[75.2833312251,30.4885561905],[75.2958237816,30.517179256],[75.2918800802,30.5816520194],[75.2763425255,30.6223148626],[75.2918800799,30.5816520192],[75.2958237813,30.517179257],[75.2833312242,30.488556191],[75.2821419129,30.4804775962],[75.2821419134,30.4804775942]],[[75.2958237813,30.517179257],[75.2362786711,30.6963659348],[75.2362786713,30.6963659362],[75.2363004866,30.7053190231],[75.236300486,30.7053190243],[75.2362786707,30.696365936],[75.230625034,30.699128365],[75.2738616004,30.5156213535],[75.2958237813,30.517179257]],[[74.6221640166,30.4693927048],[74.6119789001,30.4805430235],[74.597597431,30.4919597305],[74.5744393407,30.4918862016],[74.5612147545,30.489932324],[74.551320768,30.483213505],[74.540872085,30.475913787],[74.5513207689,30.4832135042],[74.5612147543,30.4899323236],[74.5744393396,30.4918862004],[74.5975974304,30.4919597293],[74.6119789004,30.4805430225],[74.6221640158,30.4693927047],[74.6221640166,30.4693927048]],[[74.540872085,30.475913787],[74.5190637047,30.4723968316],[74.5149850873,30.4725782035],[74.4785760344,30.4772128242],[74.4279021262,30.4693602693],[74.4048428822,30.45397687],[74.4048428821,30.4539768698],[74.4943139596,30.4603235667],[74.5290438006,30.471953027],[74.5348353351,30.4716954837],[74.5290438011,30.4719530272],[74.540872085,30.475913787]],[[74.3895890955,30.425255924],[74.403692101,30.4518107368],[74.3895890955,30.4252559249],[74.3895890955,30.425255924]],[[74.7913359246,30.41584312],[74.7984748709,30.409336653],[74.8393359045,30.3530454151],[74.8729393406,30.3128994251],[74.8393359055,30.3530454162],[74.7984748716,30.4093366529],[74.7913359255,30.4158431199],[74.7913359246,30.41584312]],[[75.3037666477,30.3228575663],[75.2991401972,30.3196640966],[75.2993505231,30.3198092076],[75.3037666477,30.3228575663]],[[75.3171102155,30.3320632046],[75.3171104151,30.3320623571],[75.3414832133,30.3488779741],[75.3171102155,30.3320632046]],[[76.0515135572,29.8031532976],[76.2469240569,29.8747266615],[76.1744419844,29.9546580652],[76.1158891626,29.9986182588],[76.0515135572,29.8031532976]],[[75.3285021446,31.4059569184],[75.3687238228,31.431130596],[75.3799623561,31.4397438206],[75.3687238232,31.4311305968],[75.3285021446,31.4059569184]],[[75.4240314858,31.471780663],[75.424031485,31.4717806627],[75.4154527516,31.4658881168],[75.4240314857,31.4717806626],[75.4240314858,31.471780663]],[[75.3970574691,31.6136651532],[75.3970574701,31.6136651572],[75.3985623031,31.6210161507],[75.3970574691,31.6136651532]],[[75.4174934925,31.6923752122],[75.417493493,31.6923752142],[75.4158010249,31.6876174821],[75.4174934925,31.6923752122]],[[75.4370827794,31.7617741306],[75.4370827803,31.7617741308],[75.4370827804,31.7617741313],[75.4395928893,31.7688193133],[75.4370827794,31.7617741306]],[[75.7494809627,31.8362262191],[75.7494809647,31.8362262196],[75.7494809621,31.8362262194],[75.7494809627,31.8362262191]],[[75.6196439014,31.8634207482],[75.6196439021,31.8634207487],[75.5777356045,31.8707791104],[75.5550551334,31.8819727526],[75.5425928092,31.8881205001],[75.5191167216,31.8925151823],[75.4905109724,31.8797388262],[75.4834311136,31.8706449939],[75.4905109732,31.8797388264],[75.5191167202,31.8925151814],[75.5425928082,31.8881204999],[75.5777356043,31.87077911],[75.6196439014,31.8634207482]],[[76.1428331489,31.4261285124],[76.1428331493,31.4261285098],[76.1695279227,31.3967523417],[76.2125297522,31.3648442764],[76.2421840009,31.3352002991],[76.2567331915,31.2999695176],[76.2722784988,31.2776171649],[76.2841112952,31.2545508287],[76.2722784992,31.277617166],[76.2567331921,31.2999695177],[76.242184002,31.335200299],[76.2125297525,31.364844277],[76.1695279238,31.3967523426],[76.1428331489,31.4261285124]],[[76.4190601434,31.1686657541],[76.419060143,31.1686657553],[76.3983381566,31.1753374467],[76.3775302074,31.1762779425],[76.3662914456,31.1798236965],[76.3775302064,31.1762779414],[76.3983381575,31.1753374458],[76.4190601432,31.1686657542],[76.4190601434,31.1686657541]],[[76.344614966,31.2045541901],[76.3372287595,31.2125083477],[76.3025437056,31.2350636577],[76.2869600775,31.2512687593],[76.3025437041,31.235063657],[76.3372287588,31.2125083478],[76.3446149656,31.2045541904],[76.353594449,31.1915701335],[76.3613792414,31.1829906869],[76.3535944503,31.1915701336],[76.344614966,31.2045541901]],[[76.7924016832,32.0527269957],[76.8510294951,32.142011977],[76.851029495,32.142011977],[76.8239248882,32.1484415446],[76.7924016832,32.0527269957]],[[76.7081015116,31.7967646685],[76.7081015114,31.7967646681],[76.7437434725,31.7976731801],[76.7761504244,31.7972250734],[76.7863298949,31.7935811308],[76.776150425,31.7972250738],[76.7437434733,31.7976731805],[76.7081015116,31.7967646685]],[[76.7546990599,32.1648628174],[76.7546990597,32.1648628175],[76.7539606163,32.1649393091],[76.7546990599,32.1648628174]],[[76.8347390591,32.1812768319],[76.9144598848,32.1976253924],[76.9144598848,32.1976253923],[76.9087971901,32.1683585511],[76.9087971916,32.1683585522],[76.9144598852,32.1976253925],[76.9106675763,32.2578191369],[76.9081849866,32.2768254953],[76.9106675748,32.2578191358],[76.9144598844,32.1976253983],[76.9025602163,32.2865164212],[76.8790908186,32.315942982],[76.8789384137,32.315480232],[76.8702844912,32.3257565741],[76.8789384135,32.3154802312],[76.8347390591,32.1812768319]],[[76.858374457,32.3419177121],[76.8493874276,32.3517999918],[76.8437759601,32.3662003217],[76.8437759601,32.3662003215],[76.8493874267,32.3517999913],[76.858374457,32.3419177121]],[[76.848388422,32.4269845358],[76.8483884221,32.4269845399],[76.8483884206,32.426984536],[76.8497400728,32.4104989781],[76.8462960017,32.3849243776],[76.8497400734,32.4104989784],[76.848388422,32.4269845358]],[[76.8502934935,32.5200136825],[76.8502934935,32.5200136851],[76.8487189922,32.525773174],[76.851392858,32.5736982538],[76.8716657399,32.6134871064],[76.8854137694,32.6294146411],[76.871665739,32.6134871065],[76.8513928566,32.5736982535],[76.8487189913,32.525773173],[76.8502934935,32.5200136825]],[[77.0231236359,32.7547431805],[77.0231236409,32.7547431947],[77.0271750107,32.7712498609],[77.0231236359,32.7547431805]],[[77.0333476352,32.7843160942],[77.0407582579,32.796254535],[77.0458043549,32.8684703658],[77.0521694434,32.8883087388],[77.0458043537,32.8684703655],[77.0407582565,32.7962545343],[77.0333476352,32.7843160942]],[[77.3122755182,31.1620354961],[77.3122562263,31.1620430215],[77.2930684728,31.1719321243],[77.2802910307,31.1888643504],[77.2930684722,31.1719321239],[77.3122562257,31.1620430206],[77.3122755182,31.1620354961]],[[77.2802910305,31.1888643506],[77.2695336345,31.2033733219],[77.2340022544,31.2272636103],[77.2189852074,31.2382628816],[77.2092957576,31.2396230575],[77.2048264729,31.2382874307],[77.2092957573,31.2396230569],[77.2189852065,31.2382628816],[77.2340022535,31.2272636108],[77.2695336336,31.2033733215],[77.2802910305,31.1888643506]],[[75.3264017157,29.4328646295],[75.254307417,29.4147754003],[75.3522909184,29.3558084337],[75.3264017157,29.4328646295]],[[74.6833851815,29.9008396914],[74.6854324775,29.9220248989],[74.6854324771,29.9220248998],[74.6833851815,29.9008396914]],[[74.6734028717,29.9513475487],[74.6666401207,29.9678238345],[74.6666401207,29.9678238341],[74.6734028717,29.9513475487]],[[74.6309693111,30.0717554455],[74.6135019112,30.0927956042],[74.61128285,30.0970027998],[74.613501911,30.0927956037],[74.6309693111,30.0717554455]],[[74.5979252637,30.1410036124],[74.5968100337,30.146229782],[74.5967789587,30.1538702701],[74.5947289904,30.1584972261],[74.5967789578,30.153870271],[74.5968100328,30.1462297827],[74.5979252637,30.1410036124]],[[74.4880583845,30.2826839304],[74.4850463716,30.2948275509],[74.4834024348,30.2970246424],[74.4850463713,30.294827551],[74.4880583845,30.2826839304]],[[74.7769112937,30.9208178837],[74.7769113054,30.9208178861],[74.7769112934,30.9208178839],[74.7769112937,30.9208178837]],[[75.121154257,31.1637502505],[75.1211542576,31.1637502511],[75.1378164486,31.1847656509],[75.1211542579,31.1637502517],[75.121154257,31.1637502505]]]}},{"type":"Feature","properties":{"state_name":"Rajputana Agency","id":21},"geometry":{"type":"Polygon","coordinates":[[[75.7217815131,24.5309603629],[75.690378078,24.5538396725],[74.6029805133,23.1518348129],[74.6032204065,23.1514412863],[74.6074476122,23.119903552],[74.6013476063,23.08547178],[74.5622387066,23.0366114647],[74.4807966786,22.9943005903],[74.4199743418,22.9701893394],[74.3652559333,22.9699797201],[74.327033019,22.9746020846],[74.3063109827,22.9888526848],[74.2690570956,23.0039810111],[74.2472918638,23.0182187986],[74.232649265,23.0506517338],[74.2216419911,23.0942072656],[74.2104425699,23.1384913725],[74.1812850794,23.1737129851],[74.1615391984,23.1898602103],[74.1273102721,23.2059251272],[74.0607097892,23.2648088287],[74.0314577078,23.3038235078],[74.0178118787,23.3094135441],[73.9992761213,23.3170040526],[73.9237080126,23.3184150704],[73.8605104818,23.3256152584],[73.826817637,23.3537736082],[73.7837298256,23.395740984],[73.7685291535,23.4436528574],[73.7579462858,23.4951838234],[73.7209467081,23.5436310367],[73.6982514907,23.5584967064],[73.6841553824,23.5684139521],[73.6529996158,23.5731649718],[73.6274494519,23.5621888303],[73.6096711159,23.5519951458],[73.5810500043,23.5381168373],[73.5421088405,23.5442082021],[73.5062258506,23.554619949],[73.4880977857,23.5759489987],[73.4738938413,23.5937302365],[73.4713696325,23.6101918497],[73.4710701468,23.6359936948],[73.4732127197,23.6525011696],[73.4888748578,23.6728763829],[73.5215283955,23.7153316794],[73.5291438876,23.7304571675],[73.531318767,23.7448139106],[73.5224222818,23.774117892],[73.4986306962,23.811161534],[73.489713284,23.8411794974],[73.4888229179,23.9178664156],[73.4939976675,23.942287678],[73.4922297987,23.9601897395],[73.4811350056,23.9751325732],[73.4693168568,23.9850498785],[73.4443302803,23.9869487573],[73.4187469736,23.9737854818],[73.3980783738,23.9420338848],[73.3819808073,23.9196457963],[73.3502812977,23.8985231234],[73.3151222031,23.9045925819],[73.304801907,23.9188138497],[73.3030460734,23.9338458805],[73.2897868748,23.9931871932],[73.2401888194,24.0263113383],[73.1945779744,24.0515815451],[73.1858030304,24.0650949264],[73.1823884618,24.0858384007],[73.1828353344,24.1094944232],[73.188007325,24.1303398017],[73.1961836955,24.1598208269],[73.2387741771,24.1868363451],[73.2820201728,24.2245986338],[73.284924929,24.2411155591],[73.2791553974,24.26326811],[73.2429754467,24.3359563575],[73.2382612577,24.3939527583],[73.2310097742,24.4089183958],[73.2237765526,24.4224504531],[73.2029269552,24.4509260775],[73.1464431146,24.4588438249],[73.1183481592,24.4527635083],[73.0984271496,24.4238487418],[73.0802312722,24.3849206751],[73.0524857567,24.3573345461],[73.0274803444,24.3555779857],[72.9635103177,24.3446996561],[72.9600794198,24.2658266412],[72.9479433231,24.2427318138],[72.8920872693,24.2176038727],[72.8297637578,24.2066960753],[72.7828855731,24.2204460279],[72.7748000881,24.236092292],[72.7382806298,24.268514747],[72.6893929057,24.2921412015],[72.6434027153,24.3272598557],[72.6426863126,24.3659399166],[72.6090894925,24.4055368897],[72.568279243,24.4120513725],[72.5071564392,24.4167882817],[72.4444381827,24.4229060447],[72.4144522058,24.4352918819],[72.3937306957,24.453562657],[72.3854929485,24.4734795997],[72.3880606126,24.5007472812],[72.4089750892,24.549823504],[72.395316451,24.5873789699],[72.4421337936,24.5967789629],[72.4546273009,24.6038178765],[72.4421337933,24.5967789629],[72.395316452,24.5873789705],[72.3198588277,24.5989486436],[72.2484012321,24.5704376321],[72.1423758078,24.5484061527],[72.0469489117,24.543700712],[71.9773679797,24.5065091933],[71.9145681535,24.5138319962],[71.7923017893,24.5814629435],[71.6992687115,24.6052304507],[71.6429853021,24.6011199592],[71.5436277064,24.5687957024],[71.4406746682,24.5549403711],[71.3426805011,24.586955981],[71.2256062238,24.627014873],[71.1697385263,24.6613919021],[71.1324834261,24.679344584],[71.1324615771,24.6800518105],[71.0883580944,24.7467314764],[71.0789608453,24.7609267362],[71.0584267402,24.7919299398],[71.0562785719,24.7948493153],[71.0562785366,24.7948493634],[71.0562785304,24.7948493682],[71.056278526,24.7948493735],[70.9772390494,24.9021328688],[70.9700339582,24.9102178158],[70.9666509303,24.9140134269],[70.9535280423,25.0510696987],[70.9221366558,25.1210607712],[70.8690290541,25.175227677],[70.869029046,25.1752276839],[70.8627069282,25.1816709653],[70.8165049529,25.2271597538],[70.8089143349,25.2346280911],[70.7745094782,25.2684606014],[70.7575603495,25.2851168639],[70.7263319298,25.3376410786],[70.7168593072,25.3667821911],[70.7121979053,25.3811155391],[70.7117067655,25.3949932774],[70.7103747116,25.4325803329],[70.7213410887,25.5188597102],[70.7213410881,25.5188597283],[70.7213410897,25.5188597339],[70.7235205274,25.5360009895],[70.7223600752,25.5517594816],[70.7223600745,25.5517595014],[70.7194517296,25.5912160175],[70.715473434,25.6066411106],[70.7113484813,25.6226291727],[70.7096810892,25.6290902408],[70.7055588414,25.6319694471],[70.6927856008,25.640889221],[70.6778758247,25.6512976141],[70.6729755416,25.6547176714],[70.6511673965,25.6530252769],[70.644015777,25.6524695705],[70.6437133191,25.6528026513],[70.6325066671,25.6651420252],[70.6266028974,25.6716409908],[70.5932853758,25.6727836008],[70.5120676011,25.6524483491],[70.4274025648,25.6234328932],[70.3550233254,25.6264619263],[70.3498833071,25.6296557415],[70.2800127608,25.6921106637],[70.2173890245,25.7522011297],[70.201191194,25.7677278361],[70.1484805204,25.8632121792],[70.1484805138,25.8632121916],[70.1329409463,25.8913228164],[70.1177140337,25.9537420245],[70.1156780084,25.9816051863],[70.1692057575,25.9867150055],[70.1156780083,25.981605188],[70.1150610548,25.9900424796],[70.1128452617,26.0203231478],[70.1139056083,26.0239544692],[70.1257840722,26.0646230231],[70.1621507031,26.1099069141],[70.184041631,26.13714691],[70.192087002,26.1984448888],[70.2027337925,26.242653688],[70.2027337922,26.2426536968],[70.2101484422,26.2734285077],[70.2088070565,26.3572988097],[70.2082429247,26.4221231987],[70.2059008157,26.4323963789],[70.2059008153,26.4323963882],[70.2059008151,26.4323963932],[70.2036736994,26.4421627834],[70.2004738941,26.4561905519],[70.19037655,26.4620582949],[70.1725761516,26.4723989603],[70.1676494766,26.5036357245],[70.1429200599,26.533117484],[70.0813265463,26.5517029999],[69.9418354033,26.5489742184],[69.8489751528,26.5545739209],[69.775404007,26.5673163424],[69.7507916167,26.5796560804],[69.6600277413,26.6250971415],[69.527993021,26.733633717],[69.5099041639,26.8117998411],[69.5034028553,26.8398553],[69.5296095097,26.9313727128],[69.5472199129,26.9817201415],[69.5472199173,26.9817201526],[69.5613823811,27.0221851378],[69.6060817967,27.0756749672],[69.6280519847,27.0939872217],[69.7290354187,27.1780479692],[69.8031520403,27.2263521307],[69.8143827892,27.2336650537],[69.8769658103,27.2931703002],[69.9911398087,27.3938447017],[69.9924650802,27.3959188612],[70.0251712646,27.4470822043],[70.0410495942,27.4719041655],[70.0757316838,27.5528354523],[70.0773547487,27.5566204007],[70.0910962684,27.6167966229],[70.0918968527,27.6203011733],[70.1488918501,27.6752425949],[70.1621624239,27.6886514961],[70.1649825016,27.6907406134],[70.1701947961,27.6957597182],[70.2435303255,27.7529972801],[70.2477832347,27.7563138367],[70.3063543542,27.8019583405],[70.3205108106,27.8129817525],[70.3893474814,27.8653693023],[70.436720042,27.8872140628],[70.5051038153,27.8882731992],[70.549665424,27.8813763569],[70.5930282981,27.8708493383],[70.6146187813,27.8428294408],[70.6151890749,27.8416432812],[70.6312978819,27.8081246667],[70.6447170792,27.7801823688],[70.6702752875,27.726912886],[70.6702752961,27.7269128714],[70.6784554028,27.7098495327],[70.6907288197,27.702023089],[70.692405952,27.6987188282],[70.7111982769,27.6635317654],[70.7232808861,27.6465588272],[70.7296861377,27.6375582297],[70.7352797662,27.6296964847],[70.7398054269,27.6275141662],[70.7980239262,27.599418397],[70.8248753559,27.5780837673],[70.8283858296,27.5752934645],[70.8594891322,27.5666856316],[70.9273536696,27.5770432326],[70.9357327628,27.5797562712],[70.9921705676,27.5980140025],[71.0312378016,27.6094194396],[71.0782903834,27.6231389575],[71.0867803818,27.6263807129],[71.162957725,27.6554370739],[71.1629577347,27.655437078],[71.2673383542,27.6951615831],[71.3226161757,27.7084287559],[71.4016373437,27.7273516829],[71.4709866201,27.7341788341],[71.5523513506,27.7299006909],[71.5641023736,27.7292788086],[71.6134140246,27.7266580959],[71.6327689927,27.7298067755],[71.6348506747,27.7296474735],[71.6639439448,27.7345496775],[71.6639439528,27.7345496776],[71.717566798,27.7435681809],[71.7300354653,27.7497087266],[71.7863092803,27.7774006511],[71.8532740777,27.8278661661],[71.8710997179,27.8715566762],[71.8710997214,27.8715566834],[71.8842339571,27.9037277183],[71.8842339588,27.9037277238],[71.8896517347,27.9169928695],[71.892981507,27.9266800504],[71.8988593968,27.9437766118],[71.9020553938,27.9530705447],[71.9486218261,28.0173559244],[71.9678856289,28.0498210392],[71.9730184765,28.0584679593],[71.9836204349,28.0813028937],[71.99205314,28.0994589247],[72.0194047183,28.1322759759],[72.1135093377,28.1998588175],[72.1290332934,28.210993855],[72.1425705967,28.2324707984],[72.1426927079,28.2326077772],[72.1427795441,28.2328022205],[72.1829255059,28.2964393764],[72.1885289095,28.3053151481],[72.1919411846,28.3148688936],[72.2388232588,28.4459710847],[72.2573196918,28.5076029723],[72.2625864454,28.5251406915],[72.2636912061,28.5288187781],[72.2742987544,28.5458099325],[72.3286306589,28.6327472126],[72.4204620522,28.6942007675],[72.5681029815,28.7482578929],[72.6925894394,28.8148947242],[72.7960844914,28.8727929029],[72.8708113951,28.9145104468],[72.9233664154,28.9716611529],[72.9233664197,28.9716611568],[72.9266042437,28.9751794953],[72.974436887,29.0271207642],[73.044483693,29.129621745],[73.0559606074,29.1453964818],[73.0766166609,29.1737737158],[73.0893595498,29.1912708813],[73.1400243357,29.2607704677],[73.1798752175,29.3153597749],[73.181509421,29.3372430662],[73.1831772982,29.3595712288],[73.2154325982,29.4069760888],[73.2602818195,29.4728073522],[73.2906085123,29.5352727136],[73.2996658199,29.6464017127],[73.2993078167,29.7478953883],[73.2993036994,29.7490525324],[73.3287177639,29.7900120455],[73.4418892545,29.8712462766],[73.450533575,29.8774419507],[73.4956487643,29.8998541714],[73.5021991465,29.903106171],[73.5745644408,29.9206201566],[73.658064127,29.9274651787],[73.7113208417,29.9423214782],[73.7533114318,29.9556436503],[73.7630410666,29.9587281347],[73.7850536441,29.9657032273],[73.8340288271,29.9983774086],[73.8398671819,30.0032324485],[73.8455022026,30.0079177165],[73.8745383334,30.0320493191],[73.8756643603,30.0293004658],[73.8895117012,29.966329666],[73.8695554861,29.9124399638],[73.8228951408,29.8601024518],[73.8108249156,29.8385062328],[73.8054301251,29.7739930979],[73.8098735155,29.7453820798],[73.8347230053,29.7259054819],[73.8738803412,29.7101278855],[73.949698905,29.717913978],[74.0006812966,29.7487514939],[74.0802689236,29.7976794127],[74.1109698113,29.8086340769],[74.1848891518,29.8091106795],[74.2979622495,29.7900608117],[74.3924015807,29.790528567],[74.4334729063,29.7889201064],[74.4643924429,29.7657679899],[74.4687336526,29.7210141214],[74.4505805706,29.6636323193],[74.4159910903,29.6169216969],[74.4059218916,29.5864319809],[74.3897029543,29.5577042015],[74.3918585046,29.539805139],[74.4227204979,29.5148701056],[74.4288629327,29.5148966324],[74.4778647458,29.5419617999],[74.5188002856,29.5474890826],[74.5639369603,29.5297356511],[74.5661299268,29.4957151523],[74.5662672022,29.4634786976],[74.521613971,29.3845239815],[74.5095934759,29.3325423529],[74.5057388059,29.2841717604],[74.5201310746,29.2645233606],[74.5427340445,29.2341556371],[74.5755153951,29.2073985512],[74.6123210551,29.1913910568],[74.6960003633,29.193398255],[74.7939358764,29.2132861994],[74.8245621117,29.2115388245],[74.8878725031,29.190114383],[74.9756497975,29.1471739425],[75.0042126164,29.1310565753],[75.0511203688,29.1095541522],[75.0980204685,29.1005727494],[75.1510559518,29.1094788253],[75.2142839447,29.1111837621],[75.2550743451,29.1111123816],[75.2978319107,29.0859494678],[75.3160409558,29.0393401758],[75.3383606693,29.0088375931],[75.3403336185,28.9891307559],[75.4013634694,28.9674695135],[75.4236573775,28.940534946],[75.4439728552,28.9297229734],[75.4459015055,28.9046413798],[75.4436909636,28.8634534627],[75.4149149117,28.7901093692],[75.4128182252,28.7739956514],[75.4126914189,28.7417556365],[75.438864059,28.6825655106],[75.4873621102,28.6286650787],[75.5136221493,28.6017007481],[75.541879464,28.5711410554],[75.5639496323,28.5244807979],[75.5554436079,28.4492861114],[75.555312658,28.424209885],[75.5611644924,28.3811969689],[75.5731526927,28.350696467],[75.6018306307,28.3314735617],[75.5540571783,28.3273547132],[75.6018306307,28.3314735604],[75.629622912,28.3128320225],[75.7062617232,28.2712592644],[75.7688508827,28.2530093969],[75.8071489375,28.2348766536],[75.8351423472,28.1935110433],[75.865106539,28.1485449504],[75.9334243108,28.1033167565],[75.9515243066,28.0942364128],[75.9559778676,28.0649492274],[75.9476812929,28.0399298595],[75.9205822212,28.0186195083],[75.906996669,28.0031858591],[75.8839793072,27.9854233939],[75.8783182405,27.9508288775],[75.8914713695,27.9149192625],[75.9020274299,27.8909671157],[75.8842454271,27.8528685662],[75.8774317642,27.8409702107],[75.8732296061,27.819501457],[75.8905924563,27.8074486688],[75.9039922403,27.8037790513],[75.9227120408,27.7941017856],[75.9333522021,27.7820884625],[75.9413359377,27.7736750146],[75.9477898874,27.7437762299],[75.9529403057,27.7186628353],[75.9647541632,27.6887261636],[75.9861209443,27.6778279564],[76.0276904103,27.6763316492],[76.1041665799,27.6781315977],[76.1499446076,27.6944773487],[76.1676122341,27.7158241725],[76.1733873365,27.7397853588],[76.1802537068,27.7682590566],[76.1877703181,27.8422305136],[76.2123737651,27.8802281002],[76.2547307777,27.9407478167],[76.2862753448,27.992995986],[76.286786224,28.0359776039],[76.3115284482,28.0787294996],[76.3333759998,28.1035938209],[76.3766589602,28.1186885114],[76.398173109,28.116082744],[76.4289848559,28.1038249424],[76.4355895185,28.0942038715],[76.4434114165,28.0750176026],[76.4393053316,27.9687926966],[76.4411704938,27.9066832985],[76.4475563647,27.8815414863],[76.4794454451,27.8549341555],[76.4968419478,27.8499703442],[76.5276509962,27.8436624986],[76.5546655615,27.8541068878],[76.5635767857,27.8694551015],[76.5698190925,27.8802034309],[76.5974253239,27.9300339811],[76.6168827809,27.972790099],[76.6171677674,27.9918903257],[76.641610127,28.0071221731],[76.6739642071,28.0115077187],[76.7116253274,28.0110438045],[76.7577238993,28.0331463625],[76.7824503,28.0638692476],[76.7969999138,28.0714978655],[76.8068911684,28.0766824857],[76.8500575335,28.0820766141],[76.8635155354,28.0818944654],[76.8846521605,28.0589223095],[76.9016183785,28.0288417695],[76.9104230016,27.9940975639],[76.9095836032,27.8699461621],[76.9114532745,27.82335862],[76.9054371722,27.7864310034],[76.8884043328,27.7329389181],[76.8612097967,27.7118168293],[76.8595042153,27.6903490031],[76.8574967919,27.6509760518],[76.8543527846,27.6235574734],[76.8739469551,27.5934456154],[76.8950547366,27.5740560483],[76.9216369017,27.5617514408],[76.9698739914,27.5622695849],[76.9903845344,27.5738505194],[77.0131891273,27.5867201266],[77.0774544428,27.6550166521],[77.1075833496,27.6879890011],[77.1494494447,27.7028649342],[77.2156091282,27.7245034445],[77.2853434885,27.7233689452],[77.3121633024,27.7229232555],[77.356440309,27.7233697927],[77.3792101148,27.7217863242],[77.3853075326,27.6016618054],[77.3954440517,27.513152303],[77.4199154613,27.4076815407],[77.3979037592,27.3173376916],[77.3892230616,27.2864488415],[77.3950310107,27.2457617763],[77.4065078973,27.2204960457],[77.4169287205,27.2083790529],[77.4394097975,27.1984394046],[77.479418288,27.1965433644],[77.5520748895,27.221499731],[77.6097429084,27.2323731991],[77.6444176062,27.2305287815],[77.6518754735,27.2187120645],[77.6639716528,27.1884032379],[77.6553392458,27.1620685478],[77.6267915282,27.1396882382],[77.5963574168,27.1044447164],[77.5911290207,27.0859199643],[77.5855740305,27.0530767056],[77.5876605894,27.0394303306],[77.5976747618,27.0227729564],[77.6108334469,27.0039080897],[77.6186762979,26.9973165888],[77.6409692194,26.9933192249],[77.6754668245,26.9983974591],[77.7175554012,27.019792579],[77.758772207,27.0376104885],[77.7973895898,27.0468736281],[77.8109793733,27.0466026058],[77.8339995776,27.0396953963],[77.8504958986,27.0279040939],[77.8594882449,27.0040897321],[77.8603615977,26.9754272424],[77.8536276106,26.9619574951],[77.842955896,26.9507151721],[77.8338656657,26.9387239908],[77.8160646357,26.9297708513],[77.7348362969,26.9077358744],[77.6639302742,26.8818768182],[77.6089026203,26.850674421],[77.560747635,26.804283549],[77.512758191,26.7636010491],[77.499573369,26.7444952297],[77.4983376137,26.7244616043],[77.4935706774,26.6887320823],[77.4971034956,26.667898142],[77.5022289338,26.6470360914],[77.5091495309,26.6354537356],[77.5290670234,26.6351006896],[77.5739217312,26.645039109],[77.6128004129,26.6722625286],[77.649919589,26.726007029],[77.7021785236,26.7773028043],[77.757954113,26.8070226838],[77.8327824297,26.8313252419],[77.8974981538,26.8335943041],[77.9666457382,26.8221348229],[78.0134248106,26.8104045325],[78.0540048243,26.805953839],[78.0902034304,26.8166243476],[78.1123639205,26.8390513951],[78.1433689979,26.8634258366],[78.1718732138,26.8835527202],[78.1992663008,26.8922424478],[78.2209750526,26.8974765188],[78.2520569583,26.8953316543],[78.2662148378,26.8878450095],[78.2745586159,26.8726164645],[78.2764980073,26.8568203012],[78.2859169563,26.8236673379],[78.2829261435,26.8029738971],[78.2888638454,26.7938468472],[78.2734886665,26.7816066794],[78.2086648155,26.7458593907],[78.0955288118,26.6910930683],[78.0094213039,26.6299302232],[77.9345106661,26.5670461637],[77.8667219,26.5311878096],[77.7795008509,26.4799183304],[77.7388114498,26.4420302082],[77.6959265148,26.3769536225],[77.6734408487,26.3673482847],[77.6351618598,26.3623282794],[77.5652534043,26.3650308314],[77.4644042213,26.3338526949],[77.3798545981,26.29475376],[77.3777293674,26.2937699569],[77.2589818614,26.2355137781],[77.1862785427,26.1707294081],[77.1331891363,26.1328392425],[77.0630087799,26.1138009153],[76.9861155198,26.0718927727],[76.919862795,25.9982741212],[76.8814714955,25.977283562],[76.8591896801,25.9718395111],[76.8179776863,25.9723631912],[76.7883869173,25.9695258746],[76.4094734123,25.4809846156],[76.4358078311,25.3637233162],[76.4624336958,25.2912899638],[76.4954150499,25.2809259923],[76.523787446,25.2806356673],[76.5476126794,25.2947206439],[76.5998964598,25.314228495],[76.6361580853,25.3138303996],[76.6550184599,25.3093200762],[76.6798866949,25.2832404805],[76.700036961,25.2586446724],[76.7533461668,25.2393893485],[76.764183616,25.2044004413],[76.7682260714,25.1570560411],[76.7594092537,25.0912325272],[76.7683361905,25.0552955154],[76.7804039275,25.0193204432],[76.7862385515,24.9877192188],[76.7883345139,24.9631124301],[76.7793717406,24.960777858],[76.7586107637,24.9380923598],[76.7503678679,24.9109573189],[76.7593082004,24.876453623],[76.7807050598,24.8346351763],[76.8146673825,24.7940954744],[76.8081596613,24.7784083623],[76.787590494,24.7671892023],[76.7526594135,24.7389361848],[76.7270778627,24.704833595],[76.7297602367,24.6718363253],[76.74059929,24.6616778508],[76.8207000454,24.6693279923],[76.8709678721,24.6744431382],[76.9133098026,24.6739095546],[76.9304054455,24.6636582061],[76.9395257777,24.6449089016],[76.923189534,24.6021219526],[76.9101292194,24.5678904608],[76.9096733306,24.5377980027],[76.9008057936,24.4691134561],[76.89685917,24.4146986011],[76.8823067385,24.3833479237],[76.8587953236,24.3807716549],[76.8416260559,24.3838479852],[76.8136869449,24.3999517058],[76.7828923488,24.4361509714],[76.7533683796,24.4522629981],[76.7189251933,24.452658586],[76.7016455697,24.4485539644],[76.6810077817,24.4272840317],[76.6822500705,24.4029025773],[76.6992160647,24.3840790829],[76.7207543802,24.3566017342],[76.7328601145,24.3263628995],[76.7135521341,24.2864471205],[76.7130908296,24.2520507026],[76.7328876507,24.2131247108],[76.7668312363,24.1812001605],[76.7727238855,24.1553307619],[76.7716382156,24.0765065283],[76.7477574202,24.0423792739],[76.6979123832,24.0501074704],[76.673108039,24.0632817491],[76.6515675235,24.0878846967],[76.6350496087,24.1396670221],[76.6105631205,24.1800645165],[76.5638839859,24.1963189002],[76.4747480984,24.1914736357],[76.4293523391,24.1847384645],[76.3322339404,24.1626808639],[76.2538495355,24.1361065498],[76.2085760459,24.1393389581],[76.1946367232,24.1523514674],[76.1614125031,24.1798821712],[76.133474605,24.2015972681],[76.1118547226,24.2318633871],[76.0857895824,24.292265172],[76.0440054686,24.347037122],[76.0050446584,24.3673715919],[75.9455515666,24.3648870056],[75.8764625261,24.3323270446],[75.8355650536,24.2995822314],[75.7976552676,24.2410028804],[75.7706777403,24.1751892582],[75.7905088577,24.0962308488],[75.8290656056,24.0200369561],[75.8672098311,23.9956608832],[75.8599778344,23.9641585955],[75.8517581639,23.9004010286],[75.8287083427,23.831704452],[75.8059445779,23.8052995566],[75.7676984605,23.7940239938],[75.7154831644,23.791407223],[75.6913048616,23.7864989487],[75.6592403485,23.7622636608],[75.6224026188,23.714381831],[75.6120647415,23.700140647],[75.6100023057,23.7024822377],[75.5882278784,23.708302048],[75.5384082182,23.7113511759],[75.4979570522,23.7215238984],[75.4684534168,23.7459922838],[75.4546184297,23.7990875361],[75.4399579574,23.8797678531],[75.4763521377,23.8825272532],[75.5221498631,23.8967172752],[75.5595980487,23.9013651099],[75.5980796366,23.904087976],[75.6283095535,23.920217595],[75.6346700093,23.9450445492],[75.6379358689,23.9746634266],[75.6350965286,24.0320279503],[75.6415118298,24.0664126322],[75.6709334468,24.118858945],[75.6711230069,24.155180717],[75.6588088376,24.1915568755],[75.6320419339,24.2576240202],[75.6144977832,24.2949739745],[75.6146175147,24.3198254335],[75.62303679,24.3350845629],[75.648097553,24.3397587804],[75.684610147,24.3395984215],[75.7567559222,24.3669744954],[75.772523328,24.3860112495],[75.7779519502,24.420392635],[75.7497437273,24.4892466308],[75.7217815131,24.5309603629]],[[72.5358132947,24.6943458327],[72.5358132958,24.6943458328],[72.5577431307,24.7220773276],[72.5358132947,24.6943458327]],[[72.5358132947,24.6943458327],[72.5157521076,24.6477784228],[72.5358132946,24.6943458313],[72.5358132957,24.6943458327],[72.5358132947,24.6943458327]],[[72.8611901314,25.0189111622],[72.8697995079,25.0307154886],[72.8611901304,25.018911162],[72.8611901314,25.0189111622]],[[72.8611901304,25.018911162],[72.8593571586,25.0053829405],[72.8611901306,25.0189111612],[72.861190131,25.0189111618],[72.8611901304,25.018911162]],[[72.8323541186,24.8694578224],[72.8402051934,24.8849163697],[72.8323541177,24.8694578224],[72.8323541186,24.8694578224]],[[72.8323541177,24.8694578224],[72.798495488,24.8316286219],[72.8323541179,24.8694578211],[72.8323541185,24.8694578222],[72.8323541177,24.8694578224]],[[72.6964186667,24.7456193729],[72.739902268,24.7706428319],[72.7828424101,24.8148381689],[72.7399022679,24.7706428331],[72.6964186661,24.7456193729],[72.6964186667,24.7456193729]],[[72.6964186661,24.7456193729],[72.6358638834,24.7429464084],[72.6964186565,24.7456193717],[72.6964186661,24.7456193729]],[[72.5633659523,24.729185358],[72.5785609305,24.7347561605],[72.5633659499,24.7291853577],[72.5633659523,24.729185358]],[[72.5633659499,24.7291853577],[72.5633659493,24.7291853569],[72.5633659517,24.7291853578],[72.5633659499,24.7291853577]],[[74.9096162319,24.6048552135],[74.8831028549,24.5891434441],[74.809406315,24.5890682019],[74.7451036272,24.5961418742],[74.6996017569,24.6075279781],[74.657361241,24.5701602227],[74.6543043561,24.5414781079],[74.6528079351,24.515666961],[74.646619802,24.4869772752],[74.6341648009,24.4597059905],[74.6389823578,24.4181380345],[74.6939191447,24.3637750158],[74.7237234444,24.3337224126],[74.7363192725,24.2964657785],[74.7318695659,24.1803182948],[74.7332844122,24.1248764192],[74.7472558171,24.1275314528],[74.8084594871,24.1192563489],[74.8345105192,24.1085328914],[74.8592790738,24.0762958923],[74.877562532,24.0093977601],[74.8763256683,23.9424823267],[74.8542591271,23.9113953779],[74.8335025763,23.8803066006],[74.8114446593,23.8575777765],[74.8180091851,23.808593924],[74.8414691637,23.7405087644],[74.844190103,23.6353564392],[74.8546243441,23.5827884717],[74.8766678518,23.5625080963],[74.8757770978,23.5620144643],[74.8498910406,23.5266206193],[74.8115700221,23.4988556512],[74.7773847469,23.4863828586],[74.7421658937,23.4758128371],[74.7090190016,23.468106695],[74.6893404516,23.4632888615],[74.6471234952,23.4203193072],[74.6366375486,23.4096403692],[74.5249211658,23.3663219093],[74.5073920136,23.3461922514],[74.5044314111,23.3069878357],[74.5055759225,23.2773560169],[74.5170826894,23.2429763262],[74.5254678525,23.2320171843],[74.5513724736,23.1981462291],[74.5886736661,23.1753041113],[74.5989248228,23.1584878657],[75.6202701372,24.5780640856],[75.4770073286,24.5834649878],[75.4647891971,24.5770016258],[75.4098734675,24.5642573345],[75.342401154,24.5414856242],[75.2733609239,24.5072161224],[75.2091026274,24.5001499201],[75.1840426174,24.5073514393],[75.1448841818,24.5217318872],[75.1245406084,24.5518593283],[75.1089254529,24.5973414029],[74.9096162319,24.6048552135]],[[76.3387903541,24.6010834282],[76.1444895206,24.5924198389],[76.1586053598,24.5118092947],[76.3387903541,24.6010834282]],[[76.1976778514,24.2886801731],[76.2127403768,24.2026634404],[76.2284199322,24.2538702701],[76.1976778514,24.2886801731]],[[75.4907392298,28.3257555506],[75.553500818,28.3273066453],[75.5535008189,28.3273066454],[75.4907392307,28.3257555516],[75.4205919604,28.333154761],[75.3516291442,28.3313974923],[75.4205919589,28.3331547601],[75.4907392298,28.3257555506]],[[75.2573283294,28.3254972107],[75.2640217534,28.3287708721],[75.3113724526,28.3302371619],[75.2640217532,28.3287708724],[75.2573283294,28.3254972107]],[[75.2295429508,28.2989787651],[75.2318097189,28.3029721847],[75.2295429497,28.298978764],[75.2295429508,28.2989787651]],[[75.1686259136,28.1706916349],[75.1268188858,28.1444641186],[75.1045631301,28.1182101856],[75.1268188862,28.1444641184],[75.1686259134,28.1706916345],[75.1686259136,28.1706916349]],[[75.1008152644,28.0856508702],[75.1038626192,28.0901465612],[75.1038626192,28.0901465614],[75.1008152644,28.0856508702]],[[74.9308844929,27.9940328821],[74.9308844925,27.9940328816],[74.9284782111,27.9897548312],[74.9308844929,27.9940328821]],[[75.0773709367,27.2553574238],[75.076366724,27.2568178189],[75.0763667238,27.256817819],[75.0773709367,27.2553574238]],[[75.2587913378,26.9675584844],[75.2587913343,26.9675584833],[75.2374434696,26.9580407643],[75.2214674271,26.9512255277],[75.2374434693,26.9580407631],[75.2587913346,26.9675584827],[75.2587913378,26.9675584844]],[[75.1947440843,26.9306346275],[75.1983711205,26.9349552432],[75.194744083,26.9306346267],[75.1947440843,26.9306346275]],[[74.8228812777,27.8163602841],[74.8255429114,27.8237587797],[74.8393782113,27.8354429285],[74.8255429112,27.823758781],[74.8228812777,27.8163602841]],[[74.7510804003,27.4954852782],[74.7510803999,27.4954852776],[74.7441570183,27.483518271],[74.7510803998,27.4954852769],[74.7510804003,27.4954852782]],[[74.7271085328,27.4405014936],[74.7276929681,27.4430054977],[74.7271085327,27.4405014935],[74.7271085328,27.4405014936]],[[74.8181987597,27.3324971105],[74.7928549868,27.3582054295],[74.7670409882,27.3888198327],[74.7928549863,27.3582054292],[74.8181987597,27.3324971105]],[[74.8889069504,27.2231824336],[74.8866271774,27.2233504321],[74.8820979441,27.2269877049],[74.8866271774,27.223350432],[74.8889069504,27.2231824336]],[[74.9163475592,26.7814399511],[74.9163475558,26.7814399456],[74.9163475592,26.7814399507],[74.9163475592,26.7814399511]],[[74.8698478411,26.712126698],[74.8698478358,26.7121266906],[74.8698478345,26.7121266883],[74.8698478352,26.7121266892],[74.8698478411,26.712126698]],[[73.8066008024,25.2233745022],[74.6528963637,26.4237063884],[74.6337353993,26.4199607876],[74.5700580269,26.419783529],[74.5408916885,26.4149149305],[74.5237201969,26.3969415031],[74.4881460749,26.3430667508],[74.4590748339,26.3226536341],[74.4365995879,26.3106221821],[74.416755506,26.3033759238],[74.3915634213,26.3056602575],[74.3742836738,26.3151417825],[74.3450584593,26.326956056],[74.3132959772,26.3184461275],[74.285536127,26.3063658084],[74.2552616053,26.2739611827],[74.2342987602,26.2380168066],[74.2304747691,26.2153013729],[74.2319008883,26.1997807913],[74.2465266386,26.1903022904],[74.2637376143,26.1903913905],[74.2915401298,26.1905309734],[74.3114202597,26.1870440074],[74.3167646286,26.1787080169],[74.3181579254,26.1667696528],[74.3025082204,26.1272762237],[74.259128197,26.0816688045],[74.1999642573,26.028795072],[74.1804067207,25.9892669562],[74.1794000444,25.9438699767],[74.1756278457,25.916374772],[74.1704364879,25.9032054937],[74.0798019019,25.839349992],[74.0049661057,25.7910768023],[73.9591117338,25.7537266265],[73.9528624856,25.7142634371],[73.9586351056,25.6569685348],[73.9432728776,25.6054941999],[73.8949611991,25.5585512751],[73.8087759534,25.4850112529],[73.7696146498,25.4536312627],[73.7619655709,25.4296771195],[73.7648882604,25.4010337914],[73.7770120361,25.3724670174],[73.7893794176,25.318816119],[73.7991900643,25.2567810055],[73.8061489888,25.2230241139],[73.8061489886,25.2230241136],[73.8066008024,25.2233745022]],[[73.7331591007,25.119209456],[73.7935941666,25.2051818175],[73.7331591004,25.1192094569],[73.7331590995,25.1192094559],[73.7331591007,25.119209456]],[[73.0848948011,25.0738561298],[73.0836331869,25.0764061682],[73.0595620685,25.0833675653],[73.083633185,25.0764061679],[73.0531289416,25.0716337532],[73.0696375932,25.0727887177],[73.0836331854,25.0764061678],[73.0836331857,25.0764061677],[73.0848947997,25.0738561297],[73.0848948011,25.0738561298]],[[72.9986739574,25.0544466991],[73.0105529041,25.0649726961],[73.010552904,25.0649726961],[72.9986739571,25.054446699],[72.9986739574,25.0544466991]],[[72.9734378772,25.0479239125],[72.9613494687,25.0489807955],[72.9031565504,25.0481704456],[72.8796922807,25.0424711668],[72.9031565503,25.0481704443],[72.9613494677,25.0489807942],[72.9734378751,25.047923912],[72.9734378772,25.0479239125]],[[73.1629655221,24.9269223633],[73.1817599731,24.9314525484],[73.1886369817,24.9592067168],[73.1817599729,24.9314525486],[73.162965522,24.9269223634],[73.1629655221,24.9269223633]],[[73.2092182963,24.9891147539],[73.2092183005,24.9891147588],[73.2092183035,24.989114759],[73.2092183011,24.98911476],[73.2092182963,24.9891147539]],[[73.2488115497,24.973044334],[73.2519541702,24.9695574187],[73.2539104226,24.9423483331],[73.2450280173,24.903545749],[73.2250530025,24.8717775699],[73.2238299018,24.8657937696],[73.2250530026,24.8717775698],[73.2450280177,24.9035457487],[73.2539104241,24.9423483331],[73.2519541711,24.9695574187],[73.248811551,24.9730443335],[73.2488115497,24.973044334]],[[73.5221155607,24.8621135055],[73.5221155606,24.8621135054],[73.5221155609,24.8621135054],[73.5221155607,24.8621135055]],[[73.2278686395,24.7843812594],[73.2278686397,24.784381259],[73.2278686407,24.7843812591],[73.2278686395,24.7843812594]]]}},{"type":"Feature","properties":{"state_name":"Rann of Kutch","id":22},"geometry":{"type":"Polygon","coordinates":[[[71.48693329694413,24.140451355771237],[71.47680580515444,24.082936055151023],[71.46502617149902,24.038509503432955],[71.41614590158714,24.020665490295844],[71.39709056770295,24.005182382805028],[71.35764407869998,23.939096175238447],[71.3170915777737,23.885863922942175],[71.24630132511658,23.82974181879884],[71.21661557931023,23.806822286390442],[71.20387644081654,23.790043404269106],[71.1897678447826,23.740299251083773],[71.1912867402391,23.68807692948074],[71.19280127849927,23.635854164213733],[71.19953013301968,23.618121993827277],[71.2082973235964,23.610461816801802],[71.22229252348563,23.61008759872492],[71.24922140835753,23.619332602215128],[71.28365716837834,23.63806079820337],[71.32049383253232,23.654691462816544],[71.34997013431256,23.65682121080953],[71.38749172195268,23.649109384774114],[71.43720407977537,23.6216201222336],[71.47750248697012,23.59676346724408],[71.54576649050111,23.541727740131787],[71.57474800966493,23.532343783538188],[71.5957061736918,23.53280417289316],[71.61976990472371,23.533329297810003],[71.63555032415448,23.52364573971485],[71.6339924289219,23.462740382936968],[71.64271251072945,23.394178580121515],[71.6664555345596,23.344555981486202],[71.70527162732905,23.311717841380446],[71.7355277454158,23.279406349348946],[71.73671393403501,23.230729264699143],[71.73964657223532,23.20572296618067],[71.74390644163492,23.157825170937667],[71.71744121311669,23.157872266786576],[71.64256459405095,23.15808319428338],[71.54714363889578,23.154228321654497],[71.50968805478612,23.155192378032456],[71.49795432571,23.159705619232223],[71.46756448892747,23.18647564937326],[71.44545781146553,23.19254121727931],[71.42289503210675,23.1914326386108],[71.39805656523602,23.178931552044222],[71.36570949891782,23.157900185690877],[71.34202721484684,23.150788061521382],[71.3323221738483,23.151755519979943],[71.31734417580617,23.15677565109559],[71.29565383170967,23.171182656469988],[71.26559122733315,23.184790839599124],[71.25333733240676,23.184499252697115],[71.23671946020947,23.17873273869151],[71.2214599962549,23.17061081264437],[71.17316597238961,23.167056701059277],[71.12216031532054,23.16819361934217],[71.04317493898266,23.155488724529416],[70.96301109858156,23.13973294256737],[70.88537713241786,23.126390108516233],[70.83454769001307,23.101793277628815],[70.80668454734652,23.085547740611272],[70.79886246687458,23.088321499817173],[70.78195820207848,23.113514914102872],[70.75361164227174,23.151636884233415],[70.75577542778612,23.16481553665533],[70.74962885300499,23.171948981349598],[70.74984693834016,23.18821171020112],[70.74791496045246,23.20032537728347],[70.73062436844128,23.208443866900442],[70.70976401447564,23.211185601434437],[70.79480951706019,23.269398336904295],[70.8450495151591,23.297935222752514],[70.89810645106382,23.361603100441663],[70.91623679618421,23.377108639499898],[70.93401197785361,23.3790039796338],[70.96489431636819,23.383383924455714],[70.99072077644786,23.401228124891748],[71.03651432387842,23.426019809431995],[71.0616481747859,23.441689031352883],[71.06772290106476,23.44613740442464],[71.06349593051509,23.483969473881277],[71.07484284264092,23.52004762194859],[71.07386487460589,23.552951058364684],[71.059407403892,23.569048698961915],[71.03515997101636,23.600642343042956],[71.01266978330914,23.62511820293041],[71.00914632682762,23.664395680546573],[71.01578165061082,23.701787645471953],[71.04151844018126,23.750407686340978],[71.05839777087614,23.7579978833365],[71.08069795778687,23.76644009792474],[71.12002758883001,23.803942564248892],[71.13496126347748,23.825077638044156],[71.12777182395479,23.831339580857215],[71.11062214139645,23.832338842917448],[71.07029657772267,23.82773543939758],[71.02604457727682,23.824451969957806],[70.98608656978006,23.833435927731223],[70.92764398726365,23.836194811440517],[70.90855862922703,23.849287103707322],[70.8626235190497,23.874538693834584],[70.82001303954308,23.89270838476161],[70.80425184700704,23.898719445319443],[70.76850239642009,23.89702277954596],[70.7198897710394,23.884225862943374],[70.66047736810867,23.868963236761044],[70.64611463031585,23.856392597379394],[70.63886920303676,23.840445180431487],[70.67090762558996,23.812727524605528],[70.68040253907397,23.784371191832008],[70.69398801125529,23.749687728317262],[70.67577644652054,23.712683925034966],[70.6322448292276,23.66637931254205],[70.57735290440964,23.635483276401597],[70.52302144707707,23.61174168871108],[70.46803519071118,23.585102348479612],[70.39594136408894,23.537908316214693],[70.34746810979189,23.50427204955811],[70.31860538395706,23.486952502816695],[70.30973909666605,23.47452459588455],[70.31021995469904,23.460947643471876],[70.32079429305199,23.446958956237882],[70.34016126541138,23.425363513103537],[70.36793736734023,23.384699496813813],[70.36358889475233,23.35380902306803],[70.34563703052406,23.33539093282531],[70.31393349182098,23.333728237308787],[70.292812859139,23.33953154611146],[70.26926776514951,23.348119591477225],[70.25743066097894,23.354198421604842],[70.24051460927447,23.37228145510613],[70.22999156164529,23.384835355102073],[70.22431654232778,23.391814556818343],[70.22212850668089,23.431087868122347],[70.2138697249429,23.445139790531147],[70.19518129513189,23.447425270324324],[70.18702641439012,23.43715986212189],[70.17148852359054,23.438109411342776],[70.15785598817457,23.450560318691657],[70.14008666866674,23.470032707247693],[70.09979070126172,23.469483881116982],[70.0959518946353,23.489388102449105],[70.09799022498274,23.518059830201352],[70.08063083597895,23.546833081269767],[70.06401224028944,23.555602433486072],[70.03133474264463,23.558134926545865],[70.01118953919392,23.55748831335601],[70.00172948479543,23.561474448021098],[70.00289988830859,23.571523764361825],[70.00855746691958,23.586008376274464],[70.01405357331981,23.604778476500606],[70.0145578695221,23.611945931815164],[70.01900911116576,23.6378336886749],[70.02485954178657,23.64731861031614],[70.03490355709765,23.66909545191293],[70.03444360420346,23.68123797755929],[70.02828279305805,23.700348369898467],[70.0178599072849,23.729332418689975],[70.00356172464343,23.778212607650296],[70.00379052338685,23.79252223570932],[70.02530588613388,23.798940002099396],[70.03383118298426,23.819954130111775],[70.03073837372352,23.839877860423183],[70.02215306896576,23.861053753925507],[70.01367411421474,23.879371770481228],[70.00627158081566,23.88985781402998],[69.99603603050541,23.893099937789497],[69.94640843553309,23.889328430503717],[69.92657263599489,23.899399719400638],[69.91688808094804,23.908374704226986],[69.90290647396574,23.907910673419554],[69.87899711548134,23.902824111831976],[69.83869617535747,23.899328393051974],[69.82831544549302,23.90612853432796],[69.81315935962942,23.915626206467582],[69.79920791968522,23.914438628128497],[69.77708813082229,23.903677586064205],[69.73504534104256,23.885797261173646],[69.70626081016401,23.886236700679564],[69.6833660919077,23.894738363765075],[69.64784010435882,23.90779966812763],[69.61523115535564,23.906657925383026],[69.56841247126432,23.892140603825162],[69.51588086653742,23.86597056620964],[69.46702304974546,23.82705333290656],[69.40346276038248,23.787590646030562],[69.27698639696904,23.732206531035917],[69.23834900105173,23.710760891651987],[69.22857315734484,23.686102584855323],[69.21492811858727,23.661299361057196],[69.19093835993874,23.64253746545261],[69.16867592665547,23.637412415517062],[69.14367969029742,23.641468305453863],[69.1252988382743,23.653629943598588],[69.09565725967785,23.674645568007776],[69.05994112328122,23.692562713823033],[69.01685511807612,23.718755778692458],[68.96266296362514,23.73307065681015],[68.91569924972225,23.74193629760976],[68.8785993760249,23.755463985976128],[68.83229932732844,23.78289566241561],[68.78739326060409,23.810266967949882],[68.78763689902219,23.817088864572547],[68.79025802980331,23.817682351356346],[68.79963038413847,23.82460700324488],[68.79960859950637,23.825063642016943],[68.79926195129677,23.83232836700883],[68.79103128672728,23.842112259651845],[68.7898127538114,23.843069760250504],[68.7967188218082,23.85617516626141],[68.78061903029268,23.86739807433478],[68.72659570930215,23.861715163662463],[68.65645069682117,23.842280992453116],[68.64059690634387,23.82569593336426],[68.63790124977751,23.825131923457786],[68.61024571488566,23.80241684818854],[68.58369964678964,23.789114388431685],[68.51372776203281,23.76044926395677],[68.47494337505847,23.739661392330138],[68.47155782932808,23.737846090169516],[68.44820773243502,23.726742113725333],[68.43863823732053,23.71146439791958],[68.42282040034273,23.693816413019054],[68.42114822578483,23.692408728748934],[68.41881504429799,23.68969876382837],[68.40117575239948,23.672987999066184],[68.39053958136331,23.656847477267412],[68.38333452518414,23.648473583175754],[68.37233141580485,23.635683272274747],[68.36881502619548,23.63451879985212],[68.32578710671937,23.625960982780544],[68.26376971014554,23.624954192274856],[68.2145203849329,23.638723250473955],[68.21222362231507,23.649534507201025],[68.21190181462921,23.651049068486394],[68.23366121747448,23.678705510152227],[68.24986838335451,23.70397285375661],[68.25956408952436,23.714437366152943],[68.26449440445185,23.72676757303534],[68.27029721299459,23.735809278604755],[68.27477637742543,23.742787759759455],[68.2703999607949,23.787034336713972],[68.25363027811271,23.80938729941756],[68.24659682133908,23.82287955517662],[68.24276534463348,23.830227766772705],[68.24316650010566,23.848045258251215],[68.24332610023205,23.855140628993418],[68.25065580538187,23.878107906568584],[68.26763137033208,23.902330519862662],[68.31704297390425,23.927791847667475],[68.44905375979084,23.940675814468456],[68.62406664478961,23.9412971011571],[68.71077088107639,23.941530304748415],[68.74417717918303,23.941606970591423],[68.77485012598626,23.949999003217144],[68.79672585846538,23.98069365553951],[68.80105705432283,23.98676921845729],[68.79976662924204,24.078123987446414],[68.80090058185385,24.13396032035905],[68.80139466968774,24.158364791563447],[68.80282522186567,24.229284856921506],[68.80297614871611,24.236789913156297],[68.8099177896814,24.254212634991422],[68.83876876914576,24.269671613745217],[68.86689695079107,24.267956478865234],[68.88775958892599,24.236710690593334],[68.89703767312247,24.222807887763384],[68.90756422346823,24.20702902377589],[68.90756422731563,24.207029018438394],[68.91053148820288,24.202580199194227],[68.92331135718601,24.189171247921582],[68.9302007042274,24.181940893740325],[68.9350214583669,24.183740877503933],[68.935914351554,24.184074247818877],[68.95162261572356,24.189937998727036],[68.97291324959234,24.20078434618613],[69.00779922553522,24.2207373005166],[69.0402465787719,24.22074737431818],[69.05809476155888,24.221447380798615],[69.05818529782819,24.221463612259953],[69.06004875912265,24.221797666834096],[69.0827460687969,24.22812571528392],[69.10304925010578,24.243918438767242],[69.1366468911482,24.25879523351093],[69.17252766409796,24.258035667737165],[69.18224922856325,24.253737964403815],[69.20672445462971,24.242913560815595],[69.22043313683713,24.23271930411161],[69.25404110445652,24.230423367673154],[69.29436338920898,24.23480326428373],[69.32195687320119,24.245127944388344],[69.35111203443897,24.25550638523213],[69.36303762842746,24.258970479443263],[69.37650780249477,24.26288195127728],[69.39561867823377,24.26292845601471],[69.41781737997502,24.26297943802337],[69.48269601274998,24.258922176485964],[69.53453239239123,24.25438788739853],[69.5578174212242,24.252345064272333],[69.60699349480953,24.252112767830724],[69.60710619412157,24.25211221654949],[69.61084114215554,24.25209391558049],[69.61661537341696,24.250273448196022],[69.61661537947234,24.250273446761977],[69.64631618165572,24.24090496326648],[69.64879306975543,24.240123336455778],[69.65481574129393,24.233759679871696],[69.6648644041041,24.222059747342815],[69.66486440843121,24.2220597441968],[69.68232914102106,24.201717342113817],[69.69307200003155,24.191696740041106],[69.70602154879924,24.17961428780551],[69.71049803504461,24.174877380042222],[69.71183000798018,24.174193514238198],[69.71556530020638,24.17070712526312],[69.74950470807792,24.14114140247128],[69.77892725446107,24.13081751299295],[69.79218307396627,24.12616369655027],[69.83361579067044,24.122569934561362],[69.86268721721639,24.12893634277512],[69.86268722490583,24.128936345233665],[69.88381481010386,24.13355938047321],[69.97915298469024,24.13673249904252],[70.01921733121026,24.138048138992993],[70.067235427725,24.151638585283546],[70.06723543484424,24.151638587163976],[70.08438202542676,24.156487375856848],[70.0963119990715,24.15985969209111],[70.12736175582927,24.172917405233314],[70.13313806737631,24.175345654492364],[70.13527489387646,24.180048850790943],[70.14105224287904,24.192763436867867],[70.14321763189224,24.217864654527947],[70.1447940886427,24.23794068246133],[70.15499541796524,24.25686195636368],[70.17505312132515,24.271072783416013],[70.17718844853192,24.272585345530462],[70.17930762876047,24.274086409453126],[70.239187205122,24.30029680805453],[70.27074989779258,24.312014277041083],[70.32901444166801,24.31954436096275],[70.43351746545501,24.344192528433634],[70.47666451715487,24.360511795458414],[70.53321535958182,24.37363908598028],[70.5620851943591,24.37550824457388],[70.56074104155148,24.367663704660156],[70.55646232064385,24.342689624478815],[70.56497515474229,24.304296533860946],[70.56515226615109,24.303497403820188],[70.59230152199667,24.262417320519507],[70.61276821254461,24.251696065061875],[70.66197741318044,24.225898257931824],[70.6664919117061,24.223530121209198],[70.67056548742067,24.222361375758208],[70.67056549534317,24.222361372132344],[70.67121494461234,24.222175025146132],[70.6727196391128,24.221131174486764],[70.69273055663938,24.20724567932815],[70.71011284369104,24.199020463030386],[70.71930945494618,24.194667351213106],[70.72840283053537,24.190362206712962],[70.7288259593171,24.190318827644848],[70.74171712097919,24.188996631326514],[70.76127925782158,24.186988033263454],[70.82269016051178,24.193695865398883],[70.8970435771171,24.210748766660114],[70.93500460785702,24.243975384785998],[70.95183123628115,24.279495099173133],[70.95458556195759,24.282270534174565],[70.95546139718819,24.28416276114219],[70.95719385102528,24.284898672316793],[70.97226250035956,24.300079271149443],[71.00703976313267,24.31173516758948],[71.0625439072937,24.335376101996868],[71.13049840243781,24.361464794038383],[71.15034439284646,24.377003182070954],[71.15989040191735,24.39728911367296],[71.15485587165276,24.40552654607094],[71.15084287965117,24.412091526550554],[71.10427347366651,24.426646201506873],[71.05470408017412,24.436812369386303],[71.02874545828512,24.44185814482373],[71.02575510969342,24.444088365297826],[71.01113076615307,24.454993111670696],[71.00576536192452,24.476323562275596],[71.00693353030978,24.513573146368863],[71.01697263369279,24.54246875001781],[71.03494824252901,24.567994718414813],[71.0882432311878,24.61591595697975],[71.12121463244485,24.640820278538786],[71.12436827283804,24.643201489968675],[71.13338889498837,24.650011864995495],[71.13248342617467,24.679344582324596],[71.16973852626501,24.661391902055147],[71.2256062238341,24.627014872952664],[71.34268050114912,24.586955980981095],[71.39428816745216,24.570105696457123],[71.40071453302544,24.522676658260004],[71.4293345974679,24.479205872481614],[71.4471448686263,24.44860029228349],[71.46467962391867,24.427531911899823],[71.4654112383782,24.401295810654325],[71.4523196866924,24.35683646311306],[71.45765275289766,24.30564813129278],[71.47198516945126,24.25824829255442],[71.49127714341091,24.219313983014455],[71.49735998793517,24.187233039714325],[71.48693329694413,24.140451355771237]]]}},{"type":"Feature","properties":{"state_name":"Sikkim","id":23},"geometry":{"type":"Polygon","coordinates":[[[88.85971801750713,27.303056467260053],[88.86059815656343,27.299605013584053],[88.86657283774126,27.30052930157079],[88.81219608698083,27.263306169739042],[88.79796071853248,27.23373356769018],[88.80318706984842,27.216244894006024],[88.78448019794887,27.211481161463016],[88.7333827775967,27.206261767445763],[88.69174057850562,27.201019081135783],[88.64594269089366,27.20463299727956],[88.6206726130691,27.212778528159053],[88.59285525588707,27.22587200929022],[88.55705453080954,27.251030314442986],[88.513385612977,27.272257092822894],[88.47040405440174,27.28212259848212],[88.41543127306656,27.27151856715641],[88.3598475987406,27.22991052406361],[88.30837976071791,27.213267295526386],[88.27037848954049,27.212234554653378],[88.19845403624045,27.226679344107357],[88.16534012129081,27.2402025781951],[88.11938878799945,27.252121746928616],[88.07472820267007,27.25731634075527],[88.00334535432576,27.241493406463068],[87.9477085496253,27.213396647974314],[87.9447468877701,27.238709587809105],[87.94436316397235,27.262281384113102],[87.94760071967941,27.280805329776072],[87.96285522107156,27.30290316918912],[87.99084592913465,27.325676434800958],[87.9994679378448,27.33615673863812],[88.00223282741781,27.35942888449424],[88.00027074382548,27.422687892192727],[88.01070883002645,27.465942556147255],[88.02071641156607,27.50547083894556],[88.0422607023881,27.535423752779405],[88.06991641652871,27.607146525465524],[88.10104593022635,27.663461830986883],[88.11644842286552,27.711868527159382],[88.12712229334707,27.756021916055722],[88.13564930160686,27.78249597843174],[88.14675179088978,27.804012725914582],[88.15104284451637,27.83146849713981],[88.16057149148466,27.843310461295022],[88.16047436120446,27.84886402306885],[88.17353308463825,27.848706760837477],[88.17080260641924,27.860320335795517],[88.17323031359817,27.878998042053755],[88.16918303171734,27.90492642934825],[88.16932603590209,27.93044794801972],[88.18598640618481,27.952467355857074],[88.2054581785394,27.969374840045514],[88.20545818343314,27.96937484499579],[88.21501570014259,27.977669923084083],[88.2732451312764,27.988665568764443],[88.27324513953039,27.9886655712098],[88.39476899828605,28.011516171824827],[88.4178076389273,28.02130404999413],[88.43059307397232,28.021914890851612],[88.4713104717028,28.036517636585398],[88.47180351866204,28.03669434581393],[88.50099740088633,28.05658996294089],[88.51469170200203,28.06239001434114],[88.61236354826417,28.10582223732095],[88.6437768406168,28.102757702718556],[88.69001503038781,28.085013478973224],[88.78065897092786,28.023241661253923],[88.79994434245025,27.961510033829697],[88.80802594156923,27.935635233251524],[88.84032846509805,27.80988516486638],[88.83344496180152,27.792097590325106],[88.81844266764452,27.75329499905228],[88.80407140631485,27.716079048788394],[88.80407139492607,27.7160790217621],[88.7961232097429,27.695477192692234],[88.75978555455893,27.614422495786247],[88.75978555367224,27.614422488829494],[88.75978554245219,27.614422462862617],[88.73061989977313,27.549217416257008],[88.73627964970191,27.523625646044728],[88.74037937300378,27.50508813563894],[88.74466249005535,27.48572162429817],[88.76965319035266,27.44002343411194],[88.79233403338729,27.414203048528403],[88.79420463335326,27.411118225529915],[88.79701836957179,27.408868864912975],[88.82018686668552,27.38247901360118],[88.84451748915367,27.346258606573162],[88.84451749227327,27.346258602464992],[88.85125189771632,27.336230151771666],[88.85971801750713,27.303056467260053]]]}},{"type":"Feature","properties":{"state_name":"Singhpos","id":24},"geometry":{"type":"Polygon","coordinates":[[[95.23048504246285,26.710304109481925],[95.2356934812957,26.746829145180445],[95.23191962439029,26.79712987873332],[95.22379424419032,26.819759014200688],[95.20879227781927,26.859307969867956],[95.18553396257165,26.916680213682532],[95.18390633570853,26.945258991933493],[95.1974357731873,27.013733752725184],[95.20635794804353,27.06147186715741],[95.19163751342963,27.11483430509679],[95.15912008296735,27.16811059505099],[95.13617047431609,27.189435547116005],[95.17045495047968,27.200425788412172],[95.20751432637493,27.23979455652353],[95.22949112951063,27.25376601718762],[95.25251438333059,27.266421090218447],[95.29514990995878,27.26688285137091],[95.36352421792907,27.28069550870738],[95.43580236768165,27.281197973699893],[95.47844066296452,27.288497367643235],[95.53445321260645,27.298330813026695],[95.57449517915857,27.325556415280904],[95.61693706092342,27.365051886304585],[95.64036663671871,27.39941101931879],[95.65614494069564,27.414231294165504],[95.67220040456613,27.43706153441323],[95.68751947191417,27.495681692497],[95.68974942428561,27.559793190322218],[95.68843088985427,27.59913803845292],[95.67940417700207,27.61896564481773],[95.68041039666106,27.637229422034157],[95.67543148999353,27.664487562682062],[95.67593680720609,27.67361987984395],[95.70881497147325,27.630491901355708],[95.75934948448356,27.59841673958517],[95.77308069890948,27.569797546377625],[95.82325875424472,27.549276655920874],[95.89181054183231,27.550006957967433],[95.98490334249966,27.596263001417736],[96.06205434516151,27.633457657906302],[96.10357602604289,27.66018088530739],[96.12253132841445,27.6709489201144],[96.20631492587616,27.657531481792223],[96.29923682960373,27.64488507273647],[96.33522984818362,27.637929688503277],[96.37087307800068,27.62298175725505],[96.42170608272072,27.543565062778523],[96.44755177319601,27.518717112740678],[96.48607451001253,27.455088843321466],[96.51675954552896,27.39733273804489],[96.51945570466019,27.393707689208906],[96.50615487883702,27.390257635816898],[96.2567037597582,27.32430182058732],[96.10766561865984,27.28001201709585],[95.99278615239369,27.198015147284472],[95.96822559792551,27.175082162930465],[95.95143665434105,27.15939377252565],[95.93659256333035,27.145514618648612],[95.92379262271295,27.133540610186607],[95.92232816527176,27.1321702870077],[95.8809236846972,27.09339651469674],[95.87739459192798,27.091063620261615],[95.8099764414737,27.04644577999157],[95.71813955042555,26.997707056368757],[95.63874574414172,26.94059791896533],[95.55458131317204,26.8798384387307],[95.3651380852286,26.736960210436983],[95.3010308120758,26.70804440742796],[95.28426912999437,26.7061724864441],[95.24627958450664,26.70869764298375],[95.23014812933631,26.706632666902326],[95.23048504246285,26.710304109481925]]]}},{"type":"Feature","properties":{"state_name":"United Province of Agra and Oudh","id":25},"geometry":{"type":"Polygon","coordinates":[[[77.6444176062,27.2305287815],[77.6097429084,27.2323731991],[77.5520748895,27.221499731],[77.479418288,27.1965433644],[77.4394097975,27.1984394046],[77.4169287205,27.2083790529],[77.4065078973,27.2204960457],[77.3950310107,27.2457617763],[77.3892230616,27.2864488415],[77.3979037592,27.3173376916],[77.4199154613,27.4076815407],[77.3954440517,27.513152303],[77.3853075326,27.6016618054],[77.3792101148,27.7217863242],[77.3949221989,27.7495827975],[77.4296907052,27.8167762318],[77.4750002926,27.8762946646],[77.4806182487,27.8836684242],[77.4942314474,27.91493413],[77.4884404565,27.9436856602],[77.4749033166,27.9630277052],[77.4327375746,28.0010214277],[77.4152649212,28.0376162588],[77.4289301907,28.0949079115],[77.4318318488,28.1284556636],[77.4343957226,28.1580725085],[77.4351526258,28.1914800285],[77.3800475692,28.2580992413],[77.3317999256,28.3329369715],[77.291301857,28.3944994756],[77.2879206796,28.4255910263],[77.2885886328,28.45661437],[77.2891546504,28.4828647698],[77.2802656974,28.5092741309],[77.2598184689,28.5394230202],[77.2015976692,28.6251631614],[77.1549868891,28.727373805],[77.123172683,28.7612998597],[77.1103994614,28.7996972888],[77.1061337228,28.8570595421],[77.1100025683,28.9142941535],[77.0822856125,28.9529225989],[77.058714956,28.9962570182],[77.0566859374,29.0309039432],[77.0591343815,29.0857739666],[77.0628495376,29.1007244523],[77.0724368715,29.1392823676],[77.0786186065,29.1761887893],[77.0653807049,29.1942979963],[77.0561233886,29.2075703987],[77.0511110412,29.2291325171],[77.0543800662,29.2565354885],[77.0687083428,29.2921225986],[77.0718404251,29.312365229],[77.0723471111,29.3374228727],[77.0554824256,29.3794596872],[77.0506075658,29.4081810192],[77.051111025,29.4332386384],[77.0571651281,29.4629847912],[77.0780552521,29.4841444279],[77.0951079151,29.5172965426],[77.0979262871,29.5876715433],[77.0991587656,29.5973868694],[77.1060916731,29.6519931762],[77.1405689801,29.7314060709],[77.1759039833,29.7845366111],[77.2239369055,29.8529576645],[77.2735967764,29.9296842334],[77.2813163616,29.9677400759],[77.2859732823,29.9915274638],[77.3212060284,30.0326793393],[77.4177126392,30.1097006107],[77.4787621488,30.1908997544],[77.531211306,30.2543336279],[77.5915691163,30.3020749653],[77.6213456378,30.3243339477],[77.6491065321,30.3450703074],[77.7125584593,30.4010399971],[77.7213420075,30.4199475103],[77.7274100521,30.4401042094],[77.7337384871,30.5187183972],[77.7207302123,30.5464328321],[77.676017031,30.6249142129],[77.668792154,30.6632432324],[77.6683640372,30.697852918],[77.668725306,30.7109699247],[77.6934142193,30.754605009],[77.7320068634,30.8003279712],[77.7363660592,30.8096613471],[77.7363660602,30.8096613473],[77.7496699006,30.8381326357],[77.764343387,30.867646678],[77.7640573905,30.9058306888],[77.758376176,30.9489020702],[77.7346648132,30.9911634109],[77.7249161935,31.0378989256],[77.7360432818,31.0877713186],[77.7575138878,31.1111742132],[77.8067160639,31.1339713727],[77.8718567471,31.132534525],[77.927072125,31.1241331015],[77.9600698436,31.1150280849],[78.0140672508,31.1125824539],[78.0391951299,31.117956237],[78.0789900411,31.1480252128],[78.0963575065,31.170272691],[78.1368705388,31.1788336224],[78.17029907,31.1827850656],[78.2079689121,31.1890074941],[78.2420125443,31.2108161632],[78.2755365603,31.2171225451],[78.2965012869,31.2213573474],[78.3435203572,31.2165641818],[78.3964420514,31.1829736203],[78.424902618,31.1643284855],[78.4669445316,31.1381562943],[78.4927384402,31.1231469939],[78.5299103275,31.1161696738],[78.5950825196,31.1167508539],[78.6650018491,31.132666659],[78.6871586989,31.1320335501],[78.7269898004,31.1225383588],[78.8050559223,31.0642084119],[78.841166705,31.0321334122],[78.8623333711,31.0076524362],[78.8855002609,30.9986095095],[78.910239365,30.9942845176],[78.9408482538,30.998122206],[78.9568429863,31.0167100435],[78.9566919194,31.0799092856],[78.9486832755,31.1540808427],[78.9197340425,31.2253160106],[78.9150266457,31.236320011],[78.9192191873,31.2380937443],[78.9221517548,31.2470871356],[78.9232654167,31.248258848],[78.9241712943,31.2532976547],[78.9308239452,31.273765417],[78.9449613129,31.3133828255],[78.9809065911,31.3727674454],[79.0027028753,31.392530536],[79.025892673,31.4003852948],[79.0752840192,31.3962105757],[79.1355159959,31.3581389994],[79.2185420051,31.2682621029],[79.256978929,31.1965390119],[79.3025181363,31.1114260967],[79.3028097533,31.1110734328],[79.3044711544,31.1090641563],[79.3104857358,31.1017893851],[79.3735364737,31.0254514032],[79.401754685,31.0110441818],[79.4606775848,30.9809093726],[79.4625315956,30.9799604678],[79.5714921276,30.9341377625],[79.6302131257,30.9279122099],[79.6355185324,30.9248358835],[79.6669055866,30.9256526162],[79.670800127,30.9270610064],[79.6872198051,30.9268427406],[79.7326273077,30.9378562679],[79.7640158896,30.939352062],[79.7886621507,30.930222122],[79.8294386502,30.9151033266],[79.9208109855,30.8662547968],[80.0136131293,30.8165311977],[80.0275695329,30.8090339007],[80.0560951599,30.7920807865],[80.0573961094,30.7913073414],[80.0577974972,30.7906961422],[80.0577975015,30.7906961382],[80.0594814617,30.7854787893],[80.0610252786,30.7806952454],[80.0648299672,30.7689047076],[80.0674520462,30.7672513345],[80.0706766753,30.7652178769],[80.0761935436,30.761738508],[80.0783613338,30.7603712056],[80.0829056396,30.7575046729],[80.0878152762,30.7580753219],[80.1090957807,30.7605464874],[80.1356584946,30.744724516],[80.1452702131,30.738996873],[80.1986018971,30.6740193664],[80.2058030188,30.6079824755],[80.2058030185,30.60798247],[80.2070697032,30.596363674],[80.208118656,30.5867414027],[80.2102838301,30.5839227659],[80.24689722,30.5362323227],[80.2488643575,30.5336686071],[80.2950583761,30.49593543],[80.46012137,30.4476873846],[80.4974389562,30.4119964247],[80.5316768701,30.4078750441],[80.5984115865,30.3998154002],[80.6785411374,30.4054719471],[80.6891273611,30.3978888783],[80.7205652127,30.37535843],[80.8090918409,30.2879095448],[80.9006705173,30.2428086106],[81.0143541422,30.2278599184],[81.038072019,30.19237584],[81.0469719038,30.1650702127],[81.0433786658,30.1410514546],[81.0001010413,30.1598149333],[80.9596567891,30.1616646553],[80.9353786549,30.158958854],[80.9058763654,30.1421959887],[80.8539566467,30.0797526372],[80.7477575621,29.9482206904],[80.6948984537,29.9038390747],[80.6273885393,29.8895957817],[80.5158152537,29.8280787976],[81.3222899402,28.1517059502],[81.3231596121,28.1511609348],[81.3733971239,28.1650090218],[81.39285653,28.1850436731],[81.4123138499,28.1869860194],[81.4358036255,28.1487505358],[81.4815891593,28.1066006339],[81.6673152912,27.9682195508],[81.7439684121,27.9254482364],[81.7874606208,27.9014145155],[81.8225107649,27.8796923504],[81.8484195162,27.8660316134],[81.8796125799,27.8682779033],[81.9013011093,27.9062004341],[81.9291716159,27.9399992192],[81.9667299452,27.9409489076],[82.0051699013,27.9389888019],[82.0872734246,27.900519769],[82.2457034848,27.8083002419],[82.2542137243,27.8033378997],[82.3418320402,27.7387724546],[82.3919829251,27.7218235304],[82.42621241,27.7066687364],[82.4706572853,27.7004609253],[82.5066246605,27.7108646042],[82.5631469342,27.7248829483],[82.6052411872,27.7463286683],[82.6478151806,27.7591768425],[82.6701672932,27.7579313635],[82.6849285343,27.7399970168],[82.7085763854,27.6816426232],[82.7191963661,27.6506318713],[82.7238965139,27.6113986518],[82.7197603473,27.5527002304],[82.7303112124,27.5359522108],[82.7422441286,27.5308000673],[82.7530740842,27.5261229378],[82.8166476001,27.5206411815],[82.8463735584,27.518956763],[82.9048646373,27.5023203811],[83.0066913603,27.4812589807],[83.0841916295,27.4777003541],[83.124840538,27.4800678145],[83.1666959622,27.4700030448],[83.1943525792,27.4523021675],[83.2043031443,27.4459311629],[83.23228575,27.4072276287],[83.2544614389,27.3764655293],[83.2891189138,27.3421074243],[83.3055614297,27.3344761377],[83.3284322576,27.3416516932],[83.3446795761,27.3596674377],[83.3519744931,27.3858171991],[83.3552525398,27.4150574235],[83.359881095,27.4480142619],[83.3633649343,27.4658461961],[83.379013538,27.4895880506],[83.4010780647,27.4996430638],[83.4441266673,27.5055638682],[83.4921098136,27.5064195803],[83.521781461,27.5045917726],[83.5839254414,27.4959964123],[83.65433742,27.4574310124],[83.713276065,27.4224076843],[83.7656082326,27.3716502337],[83.7776246042,27.3623481314],[83.8000627284,27.3504858077],[83.8093335342,27.3471879765],[83.7990574955,27.2591434653],[83.8071204066,27.1599440299],[83.8289382795,27.1139645987],[83.8506597711,27.0803262029],[83.887125751,27.0590317316],[83.9203376892,27.0502713862],[83.9670931669,27.0387371027],[83.9792106908,27.0313177044],[84.0061461703,27.0106109087],[84.0122313864,26.9940926095],[84.0234299274,26.9753473366],[84.0465013354,26.9463492874],[84.0964690696,26.9099139509],[84.1247875191,26.8938454754],[84.1325741253,26.8724739204],[84.1375677681,26.8427494711],[84.1419177232,26.7789274908],[84.1424197891,26.7589799703],[84.1837246844,26.7212014447],[84.1976261409,26.6842606112],[84.2307758008,26.6375274789],[84.2861082567,26.5656326253],[84.2824781655,26.5469101667],[84.2814061415,26.5337078272],[84.2754537339,26.5122932235],[84.2470561365,26.4999315804],[84.2318489671,26.4942879776],[84.2102913904,26.5013819525],[84.1942753678,26.5119056992],[84.1631976623,26.5186638664],[84.1341310226,26.5110614982],[84.096677074,26.4907149686],[84.0575052798,26.4884852226],[84.0295622679,26.4950127068],[84.0100799415,26.5019451686],[83.9764256799,26.5164148479],[83.9329480342,26.5267557219],[83.8802559548,26.5272276786],[83.8600490529,26.5114179076],[83.8517692401,26.4588076006],[83.858122229,26.4318469041],[83.9196953427,26.3834031957],[83.985975828,26.3014479346],[83.9949053687,26.2809659721],[83.9975197496,26.2333782365],[83.9612847719,26.1863391845],[83.9429469385,26.166622005],[83.9352019549,26.1478991248],[83.9826301125,26.1223618072],[84.0377684078,26.10181609],[84.0685365907,26.0922820125],[84.1113050169,26.0212919358],[84.1280416416,25.9936775687],[84.1306002146,25.9726547157],[84.1449189096,25.9679502831],[84.2085733845,25.977152583],[84.2606008994,25.9719075186],[84.3033666185,25.9293292184],[84.3149839176,25.9172018192],[84.3708373271,25.9078828161],[84.3980925661,25.9079981127],[84.4085168419,25.9073158577],[84.4333822367,25.9037900684],[84.4652163229,25.8827443671],[84.465935464,25.8656402185],[84.4568085905,25.8302314766],[84.4191122037,25.7777382696],[84.3760284612,25.7544838432],[84.3368715758,25.7157942459],[84.3234900674,25.7052848978],[84.2967241961,25.7041658651],[84.2596887886,25.7122311234],[84.2065854131,25.7156244865],[84.1366141126,25.724332416],[84.081165208,25.7178721358],[84.0142960833,25.6850743053],[83.9625847123,25.6655257816],[83.9465339482,25.6608281493],[83.924234148,25.6565136825],[83.8881894756,25.6573078123],[83.8574626526,25.6663046709],[83.8130809081,25.681819541],[83.797447792,25.6827706193],[83.7734737509,25.6771106226],[83.7635651751,25.6617979884],[83.7468970727,25.6360257755],[83.7398182568,25.6037212724],[83.6994085487,25.5876485535],[83.6875596234,25.5542009261],[83.6868577921,25.5229321639],[83.6600245837,25.4989137988],[83.602620954,25.4638868574],[83.563327738,25.4405791957],[83.5375470032,25.3865733626],[83.5274401428,25.3390239682],[83.5211161304,25.3092374155],[83.4725073148,25.2636553558],[83.3314609397,25.2162070576],[83.2865538754,25.1774511589],[83.2753855885,25.1282374684],[83.2216746495,25.0739586935],[83.2166374074,25.0688639901],[83.1481788246,25.0270839371],[83.1466700852,25.004377549],[83.146908494,24.9844235231],[83.1586104972,24.9723835479],[83.1981827558,24.9331650089],[83.2228368473,24.9047384934],[83.2260365267,24.8824865905],[83.2146978891,24.8646011763],[83.2058842263,24.8494230261],[83.1953596912,24.796597065],[83.2051182074,24.7554697801],[83.2110331732,24.7468528986],[83.2264522434,24.7243854751],[83.2561068999,24.7013839402],[83.2980568463,24.6876625201],[83.3147574945,24.6810364031],[83.3290021853,24.6610192781],[83.3316680674,24.6309696437],[83.324776374,24.5509064303],[83.3211509928,24.4962899716],[83.3149973959,24.4738497402],[83.3064251733,24.4736126358],[83.2924742234,24.4743843392],[83.2514396281,24.4773586653],[83.2302771229,24.4749609105],[83.205943767,24.4478115142],[83.1970742804,24.4191014236],[83.2013353306,24.3889628157],[83.2308779919,24.353172851],[83.2491621509,24.3236929528],[83.2480529481,24.3066659451],[83.233868936,24.2796728882],[83.2107670175,24.2467539961],[83.1893204428,24.2272683923],[83.1836733928,24.2119089406],[83.184804829,24.1570199145],[83.1865563568,24.1452952442],[83.1640134834,24.1465110046],[83.1214877268,24.1286186029],[83.1057348804,24.1045364585],[83.0959257303,24.0516491036],[83.0817769125,24.0322239874],[83.062852755,24.0189844462],[83.0408830907,24.0189595737],[83.0048170709,24.0208604173],[82.9808211677,24.0090620328],[82.9170704395,23.9601510619],[82.8714027741,23.931644114],[82.8077997557,23.9265977347],[82.6725532375,23.9334521434],[82.6158634978,23.936289602],[82.5798898177,23.9178854605],[82.5533168539,23.9275165932],[82.5466242109,23.9456663151],[82.5442828012,23.9719166897],[82.5425670749,24.0088278618],[82.5507880437,24.0606899625],[82.5715755233,24.1059851438],[82.6028705804,24.1317428248],[82.621695387,24.1652455707],[82.6198038352,24.1985997991],[82.6122360342,24.24530629],[82.5928967146,24.2902301239],[82.5593282511,24.335867994],[82.5501875403,24.3565213195],[82.5495818598,24.3898150487],[82.5719781521,24.4172013162],[82.6091938863,24.4319543026],[82.6347740959,24.447287601],[82.6308196273,24.4676816877],[82.6141394094,24.4922854864],[82.5906950017,24.5124794337],[82.5908327362,24.5362309034],[82.5958642147,24.5549827281],[82.6097469402,24.5697209517],[82.6365109229,24.5826128922],[82.6518413572,24.5996474211],[82.6573947244,24.6266830094],[82.6469797766,24.6687903118],[82.6191294981,24.7022870045],[82.5563968471,24.7399300021],[82.4904662473,24.7468227847],[82.4649666503,24.7338443344],[82.4465446373,24.7086252225],[82.4251414493,24.655033125],[82.4022597925,24.6419090421],[82.3906631604,24.6436710736],[82.36087736,24.6677192115],[82.3591230258,24.682065848],[82.3588057003,24.6987184256],[82.3528802688,24.7085173669],[82.334929585,24.7129660396],[82.3198240418,24.6994468303],[82.2719334569,24.6590016188],[82.2140405451,24.6023774321],[82.1740589553,24.5852799518],[82.1619764971,24.6013109554],[82.1645628199,24.6237721466],[82.1651012211,24.6558407675],[82.157244989,24.6776136614],[82.1514379447,24.6897788393],[82.1413294085,24.6950174618],[82.1066985331,24.7038023862],[82.1007502359,24.7135957981],[82.1083228024,24.7322558862],[82.1168487665,24.7675125304],[82.1259999021,24.7908503725],[82.1178617365,24.8078824828],[82.0987860995,24.8159264334],[82.0611141769,24.8177189274],[82.0352660425,24.8213211365],[82.0163818193,24.8329133949],[82.0162508079,24.8332441269],[82.0072617474,24.8559336409],[81.966643039,24.8982700854],[81.9320686904,24.9094011943],[81.8923261059,24.8981713363],[81.8646211738,24.892319595],[81.8388088991,24.8970781979],[81.8326998524,24.9044949305],[81.8146306989,24.9314896267],[81.788746642,24.9588415363],[81.7730688492,24.9821563831],[81.7642183054,24.9873182417],[81.7160528504,24.9895100051],[81.6681390289,24.9964328455],[81.6445537302,25.0189049027],[81.6306552433,25.0516468441],[81.6068614996,25.0705561405],[81.5849012909,25.0751051679],[81.5564861076,25.0811273906],[81.5493010562,25.0933431144],[81.5439894531,25.1161831455],[81.5390578767,25.1461448237],[81.5208920909,25.1731237285],[81.4942589414,25.1885773322],[81.4773626177,25.1905110654],[81.4548696233,25.1855491374],[81.4344861839,25.1709722561],[81.430626923,25.1473428753],[81.4143492594,25.1111643384],[81.3884590442,25.0908676532],[81.3726281999,25.0879813896],[81.3279747536,25.1089410587],[81.2823041133,25.1358831836],[81.2296021702,25.153589698],[81.1812001822,25.153245327],[81.145655257,25.1354566711],[81.1329083173,25.1290737133],[81.1194428964,25.0951125096],[81.1206299167,25.0403076784],[81.1180940169,24.9630402361],[81.0922194474,24.9414878617],[81.0577004289,24.9298057609],[81.0171929522,24.9290715846],[81.005581463,24.9319225708],[80.9862657738,24.9374645447],[80.9735791009,24.9451187454],[80.9598169752,24.9575775278],[80.9427715716,24.9832634727],[80.9191423169,25.0080209669],[80.8934019909,25.0161908054],[80.8412309596,25.0182567983],[80.7885889659,25.0381848569],[80.7762124852,25.0529579613],[80.7691092154,25.0687157534],[80.771308816,25.087683193],[80.7736217457,25.1090277253],[80.7754017851,25.1744533289],[80.7403017966,25.1793960547],[80.718818154,25.1957122873],[80.7244115013,25.2312218899],[80.7341191183,25.2427530072],[80.7415509814,25.2615172257],[80.738470654,25.2795004502],[80.7289081428,25.2989273978],[80.7071253722,25.3093020766],[80.6689213914,25.3048260551],[80.6425820891,25.2736827077],[80.6410390646,25.2403939029],[80.6382904763,25.1809490166],[80.6489202717,25.0709712707],[80.6393959741,25.0344134912],[80.6265089464,25.0098921403],[80.5808404876,25.0116185004],[80.5707243211,25.0191455644],[80.5649525137,25.0360378026],[80.5658023025,25.0836498291],[80.5693315802,25.1037655963],[80.5650261391,25.1241764116],[80.5458112348,25.1332367325],[80.5353611972,25.1336286835],[80.5248036075,25.131641615],[80.506087691,25.1228109579],[80.4835088418,25.1153121044],[80.4562370426,25.1198950586],[80.4335147161,25.1386011971],[80.415643822,25.1487877901],[80.3997533113,25.1446044369],[80.3939499957,25.1317119945],[80.3880430886,25.0866571379],[80.3957742351,25.054209825],[80.4126927538,25.0226187051],[80.426055472,24.9994958107],[80.4328851779,24.946829859],[80.4194222981,24.9377913332],[80.4063776297,24.9382665446],[80.380753705,24.949918719],[80.3595037989,24.9721315269],[80.320106708,25.0283536948],[80.2980916077,25.0636940583],[80.2929975423,25.0972367138],[80.2867791751,25.1653718352],[80.27058323,25.2148012252],[80.2110501561,25.2621962208],[80.1976745647,25.2865001647],[80.1929481744,25.2985826781],[80.1898349589,25.3177576054],[80.1689499755,25.3506663885],[80.1294655554,25.3782667393],[80.1026019447,25.3792032384],[80.1006501151,25.3792710899],[80.0561141416,25.3808122397],[80.0237372606,25.3592807159],[79.9790078237,25.3560368539],[79.9506769983,25.3689129961],[79.9284546366,25.3708525046],[79.9121545894,25.357096124],[79.890921541,25.3184715901],[79.8861791053,25.2983666268],[79.8845067261,25.2567048621],[79.8733210058,25.2391963042],[79.8521906824,25.2351256612],[79.8351291485,25.2344943432],[79.7945548599,25.2358196826],[79.7575795547,25.2286732648],[79.745058711,25.2100034539],[79.7469820046,25.1920603728],[79.7515972534,25.1084664224],[79.7497826,25.0954117866],[79.7388170766,25.0826502345],[79.7215921827,25.0772399445],[79.6801641406,25.0892844472],[79.6246099761,25.108913562],[79.5791443415,25.118673437],[79.5425178719,25.1198026474],[79.5252482866,25.1131779809],[79.4773295535,25.0919805978],[79.4411956235,25.0704129802],[79.4152780006,25.0413765252],[79.3875646434,25.0350442629],[79.3758816798,25.0377743797],[79.3593896454,25.0525700876],[79.3412912559,25.0590637878],[79.3323461678,25.0652881546],[79.3056722746,25.0887240688],[79.3078476739,25.150673361],[79.3082165881,25.198364407],[79.3301376874,25.2251510296],[79.3617383374,25.2289899771],[79.3945637008,25.2304004975],[79.4016272998,25.2444992029],[79.4071937213,25.2896455518],[79.4066602457,25.3111253787],[79.3979182431,25.3233113756],[79.3772063465,25.3310839825],[79.3286666508,25.3313282307],[79.2815610503,25.3350922954],[79.2495384657,25.3574877919],[79.2357808974,25.3769665979],[79.2336601238,25.3777919034],[79.2215573069,25.3825001542],[79.1720916195,25.3573214349],[79.1657017013,25.3241078323],[79.1633055599,25.2156417021],[79.1809495122,25.1948675173],[79.1928197679,25.1587511631],[79.1713453692,25.1438538732],[79.1524938182,25.1288793123],[79.1518081457,25.1086225962],[79.1471575486,25.0872841834],[79.1243932169,25.0724142538],[79.0968775827,25.0719847394],[79.0503237453,25.0899636516],[79.0391729393,25.109353145],[79.0291714201,25.1239395372],[79.0031065381,25.1282254541],[78.9740730974,25.1218508454],[78.9535145777,25.0937720421],[78.9217969623,25.0850718392],[78.9113643315,25.0865405528],[78.9064321533,25.0962141776],[78.9029978435,25.1118129237],[78.8955214597,25.123939281],[78.9029404909,25.1511813517],[78.9301639036,25.1826688948],[78.9266935917,25.1970760903],[78.9179438195,25.2104305627],[78.9184408934,25.2259252681],[78.9151216577,25.2451000407],[78.9023594509,25.2561746273],[78.8918740098,25.2564517866],[78.8420284956,25.2565661609],[78.7857742979,25.2616004009],[78.7724246236,25.2965407795],[78.7817009907,25.341637974],[78.7979640951,25.3579211096],[78.8298258482,25.3690243912],[78.8733107767,25.3738495099],[78.9376724108,25.374524665],[78.9934369532,25.3932977976],[78.9930680482,25.4219357677],[79.0068143962,25.4800089425],[79.005177788,25.5098740075],[78.9937929355,25.523306137],[78.9764036815,25.5142370807],[78.9342198397,25.5106056595],[78.8975987068,25.516357041],[78.886084747,25.5262065739],[78.875997744,25.5395963297],[78.8667629615,25.5386478381],[78.8464848992,25.5212882397],[78.8287260379,25.5002805003],[78.7919867626,25.5024295585],[78.7790757947,25.5099214418],[78.7701788173,25.5196950142],[78.7575248525,25.5355298462],[78.7431828291,25.5394766576],[78.7229937728,25.5244821332],[78.7118220651,25.5032906495],[78.7020046611,25.4832568034],[78.6845296683,25.4705732449],[78.6557444019,25.4748734329],[78.6388855225,25.482451835],[78.5981299702,25.4822651825],[78.5896460041,25.46218925],[78.5555140074,25.4188722474],[78.5081429173,25.4164322491],[78.4793937849,25.421889523],[78.4488186382,25.4094848025],[78.4376718493,25.3870733151],[78.4418404379,25.3487898586],[78.4346376492,25.2797456712],[78.4335630009,25.241584273],[78.4496989754,25.2089883393],[78.477621283,25.1761144405],[78.4921906508,25.1351991224],[78.4987927915,25.0908915132],[78.5039344417,24.9953067205],[78.5167323198,24.9389198422],[78.5277554734,24.9124067528],[78.5599987778,24.8961272785],[78.6031402857,24.895090436],[78.6317602531,24.8896229109],[78.6537010528,24.8795412213],[78.6637701198,24.8661692136],[78.6662483752,24.8171881916],[78.6642843838,24.7504182598],[78.6354765795,24.7033923913],[78.6241368966,24.6726431953],[78.6272923384,24.6463159843],[78.6411933502,24.6304676777],[78.6748292888,24.6201029804],[78.6827250187,24.622296003],[78.6964705198,24.645821745],[78.7190717779,24.6595812616],[78.7516872612,24.6587693535],[78.7930722358,24.645798151],[78.8031458071,24.6336125591],[78.8102113257,24.6083790618],[78.8106116332,24.578542213],[78.7915104174,24.5074395404],[78.793507332,24.4871067335],[78.8047653101,24.4713130775],[78.8202158798,24.4649573641],[78.9063361746,24.425770167],[78.9267606358,24.412118017],[78.9393708283,24.3986672926],[78.9384458979,24.3688672117],[78.9191611418,24.3347711531],[78.9002162647,24.3113998467],[78.898040172,24.2828235083],[78.9005207761,24.2362322551],[78.8903325541,24.20070261],[78.8718123762,24.1904376358],[78.850875078,24.1861965765],[78.8277671438,24.1963241207],[78.7967497985,24.2030667549],[78.7666773712,24.1978485277],[78.7249080196,24.1929107978],[78.7073660599,24.2160098346],[78.6847197161,24.2428108817],[78.6707576783,24.2550810182],[78.6461487987,24.2592533953],[78.6189363284,24.2634839737],[78.6061311692,24.2709482295],[78.5946925374,24.2807657627],[78.570842999,24.3123546565],[78.5518557536,24.3318936798],[78.528527373,24.3360185786],[78.4568395661,24.3340904827],[78.4102019257,24.3435010414],[78.3963595742,24.3617136729],[78.3362271915,24.4036290902],[78.297677353,24.4247643214],[78.2325342536,24.4261713565],[78.1868111579,24.4223677354],[78.158235394,24.4265482488],[78.1499748204,24.461335993],[78.1353111889,24.5535512997],[78.1258552331,24.6456577837],[78.1088228442,24.7486641123],[78.1092771695,24.8715979516],[78.109994761,24.9002297523],[78.1330146518,24.9307811228],[78.1761654337,24.9799964729],[78.230482072,25.0540175091],[78.2541629996,25.1072068595],[78.2827258329,25.1948924104],[78.2775147599,25.2451330895],[78.2588626302,25.2837370044],[78.2527809747,25.3017732974],[78.2228708089,25.3621047683],[78.2149774929,25.4112102689],[78.2137445284,25.4637502223],[78.2420401897,25.4893832957],[78.2834915857,25.5147154917],[78.3357075067,25.5481431091],[78.3942230273,25.5706635652],[78.4934176188,25.5886118661],[78.558232563,25.6001727774],[78.6815703449,25.6317152058],[78.7630962161,25.6713907733],[78.8397921681,25.7230726014],[78.8731907062,25.7782541974],[78.8845459834,25.8435602096],[78.8834657268,25.8733342341],[78.8817743546,25.9199793945],[78.8614648508,25.944380784],[78.8561183957,25.9826964013],[78.8623786091,26.0529099856],[78.8777178676,26.0775487415],[78.887310703,26.088026095],[78.9048248037,26.0982880996],[78.9211014399,26.1109670675],[78.9393824208,26.1438669134],[78.9394252603,26.1844214384],[78.9387922666,26.2440793339],[78.939436367,26.2631465569],[78.9599097665,26.2816671775],[78.9943877219,26.3224567255],[79.0033683469,26.3729272186],[78.9957217133,26.4046296357],[78.9890687965,26.4191285831],[78.9667764215,26.4412194592],[78.9216633445,26.4939954616],[78.9087234856,26.5580469809],[78.8971221276,26.6149046162],[78.8803295179,26.6833551664],[78.8706834348,26.7043739589],[78.8530713659,26.7256092345],[78.8309427605,26.7312193786],[78.8167418706,26.7316027461],[78.8102373476,26.7317778667],[78.7817009158,26.7125019295],[78.7537587963,26.6867619014],[78.713812822,26.683518968],[78.6797855602,26.6908479906],[78.6539442985,26.7051164343],[78.6328976412,26.7199735954],[78.5960938857,26.7409555199],[78.5403076098,26.7674157748],[78.5015678023,26.7784016011],[78.4309999906,26.7923004789],[78.3391359769,26.7880551963],[78.292857046,26.7877078851],[78.2829261435,26.8029738971],[78.2859169563,26.8236673379],[78.2764980073,26.8568203012],[78.2745586159,26.8726164645],[78.2662148378,26.8878450095],[78.2520569583,26.8953316543],[78.2209750526,26.8974765188],[78.1992663008,26.8922424478],[78.1718732138,26.8835527202],[78.1433689979,26.8634258366],[78.1123639205,26.8390513951],[78.0902034304,26.8166243476],[78.0540048243,26.805953839],[78.0134248106,26.8104045325],[77.9666457382,26.8221348229],[77.8974981538,26.8335943041],[77.8327824297,26.8313252419],[77.757954113,26.8070226838],[77.7021785236,26.7773028043],[77.649919589,26.726007029],[77.6128004129,26.6722625286],[77.5739217312,26.645039109],[77.5290670234,26.6351006896],[77.5091495309,26.6354537356],[77.5022289338,26.6470360914],[77.4971034956,26.667898142],[77.4935706774,26.6887320823],[77.4983376137,26.7244616043],[77.499573369,26.7444952297],[77.512758191,26.7636010491],[77.560747635,26.804283549],[77.6089026203,26.850674421],[77.6639302742,26.8818768182],[77.7348362969,26.9077358744],[77.8160646357,26.9297708513],[77.8338656657,26.9387239908],[77.842955896,26.9507151721],[77.8536276106,26.9619574951],[77.8603615977,26.9754272424],[77.8594882449,27.0040897321],[77.8504958986,27.0279040939],[77.8339995776,27.0396953963],[77.8109793733,27.0466026058],[77.7973895898,27.0468736281],[77.758772207,27.0376104885],[77.7175554012,27.019792579],[77.6754668245,26.9983974591],[77.6409692194,26.9933192249],[77.6186762979,26.9973165888],[77.6108334469,27.0039080897],[77.5976747618,27.0227729564],[77.5876605894,27.0394303306],[77.5855740305,27.0530767056],[77.5911290207,27.0859199643],[77.5963574168,27.1044447164],[77.6267915282,27.1396882382],[77.6553392458,27.1620685478],[77.6639716528,27.1884032379],[77.6518754735,27.2187120645],[77.6444176062,27.2305287815]],[[79.1720916195,25.3573214349],[79.216752422,25.3843693556],[79.2059895162,25.3885563527],[79.1832395406,25.3760870341],[79.1720916195,25.3573214349]],[[79.3778421561,25.7623193677],[79.252717772,25.8535293957],[79.2438471386,25.8265990202],[79.2466120508,25.809941523],[79.2471209063,25.8020557365],[79.2507114649,25.7919331509],[79.2566188734,25.7803115769],[79.2650726096,25.7736238206],[79.2817460417,25.7538143249],[79.2939109274,25.740576225],[79.3046755275,25.7323873444],[79.3164603336,25.7306070185],[79.3275401864,25.7311126584],[79.3449448381,25.7319052064],[79.3778421561,25.7623193677]],[[79.252717772,25.8535293957],[79.3936342821,25.8098433943],[79.3941365066,25.8234356387],[79.3840233404,25.8546254361],[79.3661462146,25.8630352438],[79.3365209835,25.8746571703],[79.2914107138,25.8738541689],[79.252717772,25.8535293957]],[[79.8485036809,26.1557206303],[79.8388605897,26.1899863577],[79.818193406,26.2014091393],[79.7918524547,26.2034831097],[79.7595521997,26.1890618567],[79.7268260009,26.1639179809],[79.8485036809,26.1557206303]],[[79.7268260009,26.1639179809],[79.6710642226,26.0906387365],[79.6230996691,26.0342478249],[79.6185960357,25.9867051882],[79.6371753198,25.9677503816],[79.6665757595,25.9441530684],[79.7126522315,25.9092797278],[79.750491892,25.8996977551],[79.7583891332,25.899438257],[79.7810045,25.9046527864],[79.8172682078,25.9213293078],[79.8347209368,25.9290904499],[79.8628540079,25.9400660095],[79.8725109505,25.9504678941],[79.8836832955,25.9655852786],[79.8880929311,26.0083440368],[79.8786900873,26.0360759864],[79.8709964625,26.0732851927],[79.8579771858,26.1094824947],[79.851306756,26.1442183831],[79.7268260009,26.1639179809]],[[78.164447528,29.7499403581],[78.2531289464,29.8219291364],[78.2645790529,29.7954019297],[78.2843035277,29.7293019611],[78.3065031581,29.6977328606],[78.3533342516,29.6679248678],[78.4357698082,29.6419543268],[78.5073714478,29.6198000878],[78.5645772096,29.5933202213],[78.5073714485,29.6198000891],[78.4357698083,29.6419543276],[78.3533342518,29.6679248685],[78.3065031583,29.6977328619],[78.2843035279,29.7293019618],[78.2645790544,29.7954019304],[78.2531289475,29.8219291373],[78.2296349851,29.8339251728],[78.253128946,29.8219291373],[78.1426304471,29.8233895486],[78.1265308583,29.8868721389],[78.1574179203,29.8672011397],[78.1574229593,29.8671989037],[78.1574179207,29.8672011403],[78.1265308581,29.8868721398],[78.1355207813,29.88695982],[78.1265308658,29.8868721401],[78.1682298059,29.8884440976],[78.1682298059,29.8884440975],[78.168229806,29.8884440976],[78.1685291282,29.8915763838],[78.1682298059,29.8884440979],[78.0693241933,30.4272240193],[78.0693241941,30.4272240193],[78.1199920519,30.4188641488],[78.1467345244,30.3943632477],[78.16089976,30.3641978924],[78.1612386715,30.3319807236],[78.1685168336,30.2590358704],[78.1749219308,30.2445654589],[78.1935252976,30.2250261229],[78.2019579343,30.1460873292],[78.2202077094,30.0740652033],[78.2254744651,30.0250260199],[78.2143086702,29.9763890918],[78.202704798,29.956391926],[78.1798152411,29.9259297671],[78.1752964518,29.9151271573],[78.1798152421,29.9259297681],[78.2027047996,29.9563919269],[78.2143086711,29.9763890927],[78.2254744654,30.0250260208],[78.2202077097,30.0740652042],[78.2019579346,30.1460873295],[78.1935252985,30.2250261225],[78.1749219317,30.2445654597],[78.1685168352,30.2590358711],[78.1612386725,30.3319807242],[78.1608997604,30.3641978936],[78.1467345248,30.3943632483],[78.1199920529,30.4188641494],[78.0693241932,30.4272240199],[78.0069769515,30.5038349886],[78.0190571135,30.5186507885],[78.0069769521,30.5038349907],[78.0362159064,30.602172877],[78.0449300535,30.5721450979],[78.0420041989,30.5485398869],[78.0449300546,30.5721450979],[78.0362159068,30.6021728782],[78.0108476911,30.623315941],[78.0362158793,30.6021728997],[77.9978739306,30.6321322067],[77.9709096545,30.6764542502],[77.9587563892,30.7159949052],[77.9709096524,30.6764542544],[77.9292604352,30.759717832],[77.9583543,30.7173026112],[77.9583542999,30.7173026115],[77.9292604333,30.7597178358],[77.9031140629,30.7843861657],[77.9292604296,30.7597178385],[77.8454228758,30.8212371502],[77.8811328109,30.8007434619],[77.8454228702,30.8212371543],[77.8194884889,30.8325419142],[77.7991643906,30.8311405617],[77.8194884883,30.8325419133],[77.8454228681,30.8212371543],[77.7749312309,30.8215741682],[78.1410961133,29.8141845648],[78.164447528,29.7499403581]],[[77.7749312309,30.8215741682],[77.7749312315,30.8215741685],[77.7684849468,30.8195839335],[77.7749312309,30.8215741682]],[[79.3548087229,29.4865089918],[79.3805330189,29.4865146968],[79.3805330198,29.4865146965],[79.3805330196,29.4865146968],[79.5760424086,29.4788801506],[79.3772231902,29.4912342451],[79.3757229001,29.4933735372],[79.37722319,29.4912342452],[79.3536733089,29.4926975718],[79.3548087229,29.4865089918]],[[79.5760424086,29.4788801506],[79.5455240502,29.4893131872],[79.5290530368,29.4869140157],[79.5455240497,29.4893131869],[79.5760424086,29.4788801506]],[[82.727428395,27.5105399549],[81.6352664996,27.5011394601],[81.8781797676,26.9962095305],[82.727428395,27.5105399549]],[[82.0374616478,26.6651193878],[82.3388520744,26.0386363301],[82.3866484704,26.0239013088],[82.4315436508,26.0337600161],[82.3866549911,26.0239019625],[82.4667534352,26.0319314924],[83.7303526599,26.1586019644],[82.8649423679,26.4202736276],[82.6170246963,26.4869220102],[82.319955967,26.5609351731],[82.2405590122,26.6097112163],[82.0374616478,26.6651193878]],[[82.490051342,25.7243470522],[82.6115504389,25.4717938222],[82.8169019967,25.5132371442],[82.490051342,25.7243470522]],[[82.7934055843,25.093781923],[82.8006170655,25.0787918291],[82.9601535784,25.0730355459],[82.8512574227,25.0826730127],[82.7934055843,25.093781923]],[[82.81949966,25.0395416588],[82.9224954403,24.8254502158],[82.9489380254,24.9644058517],[82.9794396254,25.0169035323],[82.81949966,25.0395416588]],[[82.9668938921,24.733161691],[82.9948255343,24.6751017824],[83.0470419257,24.6789425723],[83.1375163952,24.7433513509],[82.9668938921,24.733161691]],[[82.540580222,25.1423303242],[82.5405772938,25.1423308865],[82.5206410841,25.1360234835],[82.540580222,25.1423303242]],[[81.2678419754,26.424087362],[80.6363408011,26.1026445271],[81.4067995492,26.0507391941],[81.5937513528,26.058469297],[81.2678419754,26.424087362]],[[80.512460965,26.0395879765],[80.0320750843,25.7950649169],[80.1050828096,25.3971359034],[80.1030181188,25.5468806397],[80.1209273746,25.6002766817],[80.1415726263,25.6618300335],[81.1925327173,25.8997760678],[81.3112360635,25.8972386501],[81.3394782764,25.896634941],[81.2935749234,25.9043549187],[81.2291266796,25.9261726431],[80.512460965,26.0395879765]],[[79.6989422915,25.5282518631],[79.6706918602,25.5112749335],[79.6466602205,25.5013107735],[79.6244465412,25.50439894],[79.6008280301,25.5051435698],[79.5820952118,25.4961935181],[79.5747214924,25.4749636919],[79.5686175602,25.4525013469],[79.5783887061,25.433120375],[79.6262177234,25.3791620865],[79.6584875826,25.3573748925],[79.6869913295,25.35577615],[79.7015438797,25.3588875254],[79.7233912108,25.3808365249],[79.7514733774,25.3942350918],[79.7792319985,25.3992938353],[79.82290983,25.4085924444],[79.8364926152,25.4200648945],[79.8422602342,25.4329861323],[79.8427373328,25.4448899946],[79.8369449955,25.4641528183],[79.8195380879,25.4885664631],[79.7966874546,25.5083893942],[79.789289869,25.5205519894],[79.7771624714,25.5459813606],[79.7617449851,25.5548289476],[79.7459959361,25.5553414713],[79.7259346145,25.5464551859],[79.6989422915,25.5282518631]],[[79.5459026578,25.7626381628],[79.5259455427,25.8391744178],[79.5153833106,25.8327430429],[79.4995975776,25.8160899847],[79.5015806407,25.7883415019],[79.5110904476,25.7751694693],[79.5459026578,25.7626381628]],[[79.4098920603,26.3234843165],[79.4100704629,26.3229934968],[79.479403783,26.3788338792],[79.3892846638,26.3801792045],[79.4098920603,26.3234843165]],[[79.5839165937,25.844709551],[79.60775761,25.7791183566],[79.6167844614,25.7842465099],[79.6251940461,25.797331235],[79.6269762891,25.8025200013],[79.6259724648,25.817335018],[79.6169632986,25.8295439569],[79.5901119181,25.843749314],[79.5839165937,25.844709551]],[[80.0183553977,25.8698441451],[80.3429309222,26.0664168117],[79.9715061315,26.1251963314],[80.0183553977,25.8698441451]],[[80.4261324259,26.1168061363],[81.1377079839,26.5477576232],[79.9326985903,26.8751897594],[79.9257014348,26.9078515529],[80.1663339391,26.9804949082],[80.8829307295,26.948028771],[80.6424168999,27.1338205152],[80.7445648093,27.1530060119],[80.5203558559,27.3196777531],[80.473869307,27.3226343648],[80.3690346085,27.4902407038],[79.7220841467,27.4846722488],[79.8501605038,26.7865913507],[79.9673751382,26.1477123332],[80.4261324259,26.1168061363]],[[79.6090060728,27.4836989591],[78.9901147298,27.4783720155],[79.3525198339,26.481326281],[79.6191534387,26.6755196504],[79.6263099116,26.7245314635],[79.6270895856,27.4132205266],[79.6090060728,27.4836989591]],[[78.4384816818,28.9960200047],[78.4395933419,28.9929616152],[78.5042793271,29.0017289492],[78.564713127,29.0099199554],[78.4339911341,29.0083743601],[78.4384816818,28.9960200047]],[[78.4135571357,29.0645921967],[78.6601307398,29.0989558014],[78.6623654718,29.1313375268],[78.7168587047,29.1412596803],[78.3783043451,29.1615793642],[78.4135571357,29.0645921967]],[[78.3607179217,29.2099629774],[78.6518738406,29.1726548754],[78.3162608614,29.3322728507],[78.3607179217,29.2099629774]],[[78.2554485056,29.4995792689],[78.6848686756,29.5017236803],[78.226746955,29.5785427226],[78.2554485056,29.4995792689]],[[78.7022516515,29.4988088577],[78.7356437178,29.4799840094],[78.781584908,29.4691434159],[78.7815975344,29.469144996],[78.7815849073,29.4691434168],[78.7356437177,29.4799840097],[78.7022516532,29.4988088577],[78.7022516515,29.4988088577]],[[78.6976507811,29.5017875108],[78.6502883955,29.5324504189],[78.615839317,29.5594051573],[78.6502883955,29.532450418],[78.6976507795,29.5017875108],[78.6976507811,29.5017875108]],[[79.0337004282,29.5034656544],[79.0144031212,29.4964870367],[79.0337004312,29.5034656544],[79.0469159055,29.5077620454],[79.0337004308,29.5034656553],[79.0337004283,29.5034656544],[79.0337004282,29.5034656544]],[[78.8281356835,29.474965282],[78.8281418669,29.4749660547],[78.8719857662,29.486101477],[78.828141868,29.4749660555],[78.8281356835,29.474965282]],[[79.2840034087,27.6609482411],[79.2953349519,27.6421790382],[79.2917224387,27.6481633863],[79.2840034087,27.6609482411]],[[79.6837413907,27.6936596536],[79.7112670486,27.6959118371],[79.7133669914,27.696083657],[79.8287271989,28.7986946054],[79.6608239256,28.7522153657],[79.6360725276,28.7601254359],[79.5418032758,28.7902520735],[79.4825888066,28.790042934],[79.6837413907,27.6936596536]],[[79.4189005763,29.137175988],[79.7930318033,29.3352060431],[79.7952453509,29.3243999866],[79.7980352953,29.2968877354],[79.8009920119,29.2729449509],[79.8288852759,29.2302249433],[79.8234192968,29.2006276779],[79.7966247302,29.1503444073],[79.7930835011,29.113863973],[79.7966247312,29.1503444073],[79.8234192984,29.2006276789],[79.8288852775,29.2302249438],[79.8009920122,29.2729449514],[79.7980352956,29.2968877358],[79.7952453512,29.3243999864],[79.7930318042,29.3352060436],[79.7853301362,29.3450176602],[79.7853301353,29.3450176603],[79.7930318029,29.3352060437],[79.7428987263,29.3393849291],[79.6109384044,29.4596418805],[79.5804106853,29.4773860869],[79.5804106851,29.4773860869],[79.6109384037,29.4596418806],[79.4453732338,29.4736307277],[79.4893859295,29.4808396299],[79.4453732302,29.473630728],[79.4033030412,29.477416512],[79.3886668436,29.4832652846],[79.4033030406,29.4774165117],[79.4453732123,29.4736307287],[79.3565256931,29.4771506362],[79.4189005763,29.137175988]],[[79.7428987265,29.3393849292],[79.7512680582,29.3438539677],[79.7728882145,29.3453021974],[79.751268058,29.3438539682],[79.7428987265,29.3393849292]],[[79.1216127643,29.4864572752],[79.1029892966,29.4977654101],[79.0750978278,29.5071517375],[79.1029892957,29.4977654093],[79.1216127635,29.4864572749],[79.1308986877,29.4802069404],[79.168859952,29.475443925],[79.1730588172,29.4780658704],[79.1688599528,29.4754439259],[79.1308986892,29.4802069413],[79.1216127643,29.4864572752]],[[79.3491501438,29.5173511086],[79.3566551316,29.5164451057],[79.3491501445,29.5173511089],[79.32173691,29.5176154827],[79.3491501438,29.5173511086]],[[79.9710253695,29.0027007024],[79.9474802038,29.0035715618],[79.9400624549,29.0064663485],[79.9400624534,29.0064663486],[79.9474802026,29.0035715617],[79.9710253686,29.0027007023],[79.9710253695,29.0027007024]],[[79.8448572267,29.0180450127],[79.8448572252,29.0180450129],[79.8329745564,29.0249096522],[79.8448572244,29.0180450128],[79.8448572267,29.0180450127]],[[79.8329745562,29.0249096523],[79.8133324146,29.0399182558],[79.8019253321,29.0501153302],[79.8133324143,29.0399182554],[79.8329745562,29.0249096523]],[[80.0662262713,30.762613725],[80.0216640402,30.7392400082],[80.0662262559,30.762613716],[80.0662262713,30.762613725]],[[82.2797075741,26.9391409515],[82.2956859003,26.939868678],[82.4856176321,27.0439520199],[82.2797075741,26.9391409515]]]}},{"type":"Feature","properties":{"state_name":"Unknown","id":26},"geometry":{"type":"Polygon","coordinates":[[[77.21222225963302,30.776202998987014],[77.20531908353377,30.769997058947144],[77.12083120315283,30.69837347070954],[77.05368788585425,30.65792312029471],[77.02147982699964,30.622626063537457],[77.00276945243108,30.59856991877898],[76.97425696385345,30.580388298185824],[76.95070823823508,30.561941643045305],[76.94447629075235,30.565505973792966],[76.93008065798298,30.562855966828693],[76.91553569476179,30.552568415563243],[76.88202588382038,30.531097301248472],[76.83773987347591,30.522181815816285],[76.80572976004905,30.520719870786117],[76.7859182786184,30.522902586090044],[76.77175756845716,30.532644025035133],[76.77191356452754,30.541235153843136],[76.76889938619149,30.55750781380353],[76.75712762200806,30.577718147270573],[76.74750668357545,30.595034193729877],[76.73127753020097,30.613392519647586],[76.70947255006045,30.62895793875924],[76.70197956104111,30.642423584561648],[76.69354545903875,30.685798858908225],[76.69808863509442,30.690269503482412],[76.70835757511881,30.708753404446295],[76.7138863236318,30.74018875729328],[76.71929185593498,30.764464373985746],[76.72965024702346,30.787241442493364],[76.74651961205284,30.802769063396045],[76.758313146328,30.8126346834846],[76.77361144124413,30.832476262165113],[76.77895892362649,30.852452944724288],[76.7792233477566,30.86677072454116],[76.77624715674874,30.88542941487323],[76.77166231390513,30.90697433285965],[76.7704501594891,30.931337188500336],[76.76293437486152,30.97440376715888],[76.76024211173107,31.00881141014807],[76.75675543398653,31.02130584492933],[76.77216942244966,31.024401447718382],[76.79756436651601,31.048395884357443],[76.81945462490208,31.062409833097934],[76.82319160591365,31.064096638609577],[76.83791429003189,31.070740521369547],[76.89945386199155,31.06984858186686],[77.01414897998784,31.065243795203678],[77.09202553562682,31.051115929461048],[77.14196886608326,31.05315999970703],[77.19387153206218,31.068038698266566],[77.23248465771933,31.08312683995843],[77.2649320475544,31.118357991302545],[77.29216985598484,31.143649841542032],[77.31576616292645,31.160674073592528],[77.32668807099263,31.156413459669327],[77.34601590642487,31.152482988540378],[77.3688532578244,31.150274910942855],[77.3849500355528,31.15594359623413],[77.4094302089894,31.16383985729127],[77.42075290101094,31.17257612925448],[77.43966093517385,31.1793779475879],[77.46616998799165,31.1848382233522],[77.48212201050684,31.18453138446709],[77.50511925307922,31.188261510769877],[77.53335420820875,31.162698635701073],[77.54774662977862,31.130200223867163],[77.59229247848194,31.08516608102814],[77.61239045192116,31.059705018170828],[77.64771039618131,31.033929514645596],[77.68584666905704,31.010472489641653],[77.72389600538898,30.98462049498097],[77.74152971349375,30.97893190355991],[77.7583761755402,30.948902069838574],[77.76405739069789,30.905830689473518],[77.7643433865668,30.86764667866698],[77.74966990077776,30.83813263528732],[77.73200686339673,30.800327971186277],[77.69609036707132,30.75777747669744],[77.53630349851113,30.76386210278248],[77.51658752791253,30.751441479776425],[77.46993451560535,30.742315589934563],[77.41839024604586,30.736127619720953],[77.38528767900213,30.73817251170064],[77.35715416512632,30.740118771138413],[77.33412843504232,30.747694828248918],[77.33403665034574,30.747785371660203],[77.30895177189055,30.772519574192607],[77.21222225963302,30.776202998987014]],[[76.90794274218428,30.787789852811073],[76.94854455844695,30.80741929217755],[76.92230901717436,30.80118251077404],[76.90794274218428,30.787789852811073]],[[76.90794274218428,30.787789852811073],[76.90473877582907,30.78484930606588],[76.8974727924376,30.761449470818942],[76.91801146676767,30.751838598941674],[76.93627454088102,30.752999325706487],[76.96131380489769,30.76121561397676],[76.97225009251116,30.768926199242742],[76.9832321771348,30.778783219517308],[76.9819299939017,30.78497244506151],[76.90794274218428,30.787789852811073]],[[77.50091265608968,30.921154490822513],[77.49275216690425,30.926681432218498],[77.47570579650949,30.93655456987304],[77.4621456567682,30.94755235485062],[77.43390026628086,30.952860375488964],[77.41449669122106,30.952031304487793],[77.39135135371262,30.93993306234134],[77.3814141734558,30.929974200637126],[77.3714201992869,30.917629076551332],[77.36625536861233,30.90459816927248],[77.36607593859061,30.903170456155898],[77.50091265608968,30.921154490822513]],[[77.06298035087742,30.86274466073582],[77.0830018939522,30.867436019190922],[77.09154817934699,30.878754272020505],[77.09920411533243,30.887222322855745],[77.09936030513923,30.894379818877393],[77.10723786019975,30.91286771734308],[77.0875322261223,30.923211422736426],[77.0626557914138,30.9250427661013],[77.03998025086472,30.91323037959327],[77.0027868734376,30.894141979456936],[77.00768624841704,30.877934760346328],[77.0332309024518,30.868943623151683],[77.04311241863088,30.865207896140642],[77.06298035087742,30.86274466073582]]]}},{"type":"Feature","properties":{"state_name":"Yanam","id":27},"geometry":{"type":"Polygon","coordinates":[[[82.17688075393623,16.752787841333866],[82.14239889085117,16.753990879927564],[82.11861034953579,16.777392441171127],[82.11246328098372,16.81087464404581],[82.1237010774941,16.8473163250021],[82.13724479069097,16.87028314371144],[82.18936292245733,16.8545193411021],[82.20310984265048,16.826711210864516],[82.20339582459006,16.801753661139113],[82.19871205971265,16.775782813538658],[82.17688075393623,16.752787841333866]]]}}]}