{
"type": "FeatureCollection",
"name": "India-1872-states",
"crs": { "type": "name", "properties": { "name": "urn:ogc:def:crs:OGC:1.3:CRS84" } },
"features": [
{ "type": "Feature", "properties": { "state_name": "Ajmer Merwara", "id": 1 }, "geometry": { "type": "Polygon", "coordinates": [ [ [ 73.759280768632351, 25.299476789531173 ], [ 73.7338396239996, 25.325078860062195 ], [ 73.724272261921826, 25.343810164974734 ], [ 73.726296826586008, 25.373302004800408 ], [ 73.744365078002602, 25.388866719950823 ], [ 73.760001125617521, 25.394968620192657 ], [ 73.790149382052533, 25.397722399824957 ], [ 73.809679798333462, 25.40622759561866 ], [ 73.814633710918059, 25.421618186013728 ], [ 73.811433994686709, 25.451050559643882 ], [ 73.8112270654063, 25.461658100359283 ], [ 73.826077032158281, 25.509009966701488 ], [ 73.83638622150886, 25.519756206875172 ], [ 73.874342101986755, 25.52850260497738 ], [ 73.909494072984245, 25.546637935470596 ], [ 73.908993301473913, 25.573755638793717 ], [ 73.899044143110487, 25.613721615060214 ], [ 73.898471200931269, 25.6443721133091 ], [ 73.907198261700572, 25.670427993183662 ], [ 73.930669758510533, 25.682527434246126 ], [ 73.958220023315292, 25.687600007310213 ], [ 74.000158506573797, 25.697564465359712 ], [ 74.041954630883481, 25.71577320615793 ], [ 74.061271579069796, 25.740783809004597 ], [ 74.082719239663206, 25.796499004989133 ], [ 74.091192343352745, 25.841439610791461 ], [ 74.178922596898644, 25.95932976192838 ], [ 74.225330176629669, 26.029521439284778 ], [ 74.27098501307556, 26.065470539368654 ], [ 74.324805346996328, 26.086153337394013 ], [ 74.362930996695127, 26.09720029631503 ], [ 74.373991122269558, 26.100554832729916 ], [ 74.419460149182981, 26.114335477420692 ], [ 74.445659411289938, 26.129962552858519 ], [ 74.461290835324078, 26.146661732103642 ], [ 74.481961829855251, 26.183497944997779 ], [ 74.480219749689965, 26.217745589367912 ], [ 74.464070996926878, 26.241208597906692 ], [ 74.450780902345031, 26.246975635635849 ], [ 74.421780338140181, 26.240757712808893 ], [ 74.373211145396823, 26.215417816659844 ], [ 74.337792332704012, 26.196121017976129 ], [ 74.324578167809022, 26.195968591208096 ], [ 74.304755783070178, 26.195736809974154 ], [ 74.287385941058432, 26.208517085694471 ], [ 74.287110280121311, 26.227402934289927 ], [ 74.293343235633827, 26.253451021433026 ], [ 74.306278763309265, 26.27367817356917 ], [ 74.30980571226317, 26.30441717554228 ], [ 74.309363717023814, 26.335107325908634 ], [ 74.302231614141988, 26.370434821689571 ], [ 74.301905771178895, 26.3928602794943 ], [ 74.302870156906707, 26.417662761536075 ], [ 74.315762816205734, 26.442618259343874 ], [ 74.335491096445111, 26.453494247015001 ], [ 74.365956845960582, 26.455055436566603 ], [ 74.40045895018801, 26.451932327501986 ], [ 74.425695616726827, 26.447507100097155 ], [ 74.448232466210982, 26.446587279351395 ], [ 74.476065381347553, 26.445721723933499 ], [ 74.510416934614753, 26.453190096162384 ], [ 74.535330838962409, 26.474728319123759 ], [ 74.552332362420145, 26.493817145460309 ], [ 74.586753394391963, 26.496542146892189 ], [ 74.604015294292807, 26.493173265951434 ], [ 74.617429386346316, 26.477942209561402 ], [ 74.640169410259858, 26.456887634149062 ], [ 74.653495513664708, 26.448740015677696 ], [ 74.672040548607967, 26.447732327594085 ], [ 74.701126095418815, 26.451546847451276 ], [ 74.712923683741423, 26.463478038313195 ], [ 74.721939434324014, 26.489574316256945 ], [ 74.729601690592759, 26.519206771025932 ], [ 74.736033620915123, 26.539368422398091 ], [ 74.749104974014443, 26.558408038554077 ], [ 74.774087684151311, 26.579919370213894 ], [ 74.795271077021596, 26.582470582623628 ], [ 74.827115577074167, 26.578010005159527 ], [ 74.857743145624738, 26.559331792164233 ], [ 74.863174275718507, 26.542811341723525 ], [ 74.867382456397863, 26.513265733253945 ], [ 74.866265511855858, 26.487227763202768 ], [ 74.86775759859448, 26.465942187141312 ], [ 74.875825906756418, 26.449437947789349 ], [ 74.891835899542386, 26.431806277756838 ], [ 74.897305860129748, 26.408179197465874 ], [ 74.905363534171215, 26.391668739068756 ], [ 74.916026731264537, 26.379907906171983 ], [ 74.9318964232789, 26.378830990918356 ], [ 74.963657132954779, 26.373119969656276 ], [ 74.969088095307242, 26.351849551306881 ], [ 74.970818246124097, 26.291496379222249 ], [ 74.981553768556836, 26.265521005074628 ], [ 74.998796256805377, 26.252601093081928 ], [ 75.021259388168602, 26.247992885363342 ], [ 75.046427983252386, 26.231555983322952 ], [ 75.055848486422818, 26.199640750431278 ], [ 75.03773490936689, 26.141539168355099 ], [ 75.035441889742359, 26.084704441980847 ], [ 75.035691524499867, 26.043272283226486 ], [ 75.042541685589782, 25.998319851749379 ], [ 75.050637907986371, 25.964025791065328 ], [ 75.052222544796834, 25.917862304246242 ], [ 75.04503273706932, 25.880004896576523 ], [ 75.021907748681897, 25.89253775474058 ], [ 74.969231203562032, 25.906489063003608 ], [ 74.888196421238163, 25.910790363736211 ], [ 74.789306923351432, 25.908300373516266 ], [ 74.692569470477295, 25.899127730288701 ], [ 74.603227212619075, 25.887106820781447 ], [ 74.544046729313536, 25.868216465332694 ], [ 74.454322060964458, 25.839522490866802 ], [ 74.32163295103183, 25.76738904465628 ], [ 74.225743303599018, 25.70595178028541 ], [ 74.077040474683656, 25.601399627344904 ], [ 74.054204041133303, 25.584146581720244 ], [ 74.049234961861771, 25.567097259305719 ], [ 74.049724643279376, 25.537837452881618 ], [ 74.035291352909212, 25.52162560322159 ], [ 74.010345427762786, 25.506237387945738 ], [ 73.992803910656519, 25.488101194011048 ], [ 73.989046115595087, 25.462573135269881 ], [ 73.994717408610711, 25.438096121613484 ], [ 73.992089530085408, 25.407860311509946 ], [ 73.975173395693858, 25.354810283847026 ], [ 73.93698038039031, 25.320401603900986 ], [ 73.91723202606309, 25.310738714382936 ], [ 73.865055846622198, 25.29691900373567 ], [ 73.829601442034871, 25.286115187378503 ], [ 73.82342664961223, 25.279908042440411 ], [ 73.759280768632351, 25.299476789531173 ] ] ] } },
{ "type": "Feature", "properties": { "state_name": "Bengal Province", "id": 2 }, "geometry": { "type": "MultiPolygon", "coordinates": [ [ [ [ 84.730068944557203, 19.862387791514688 ], [ 84.718260512358029, 19.888895667756408 ], [ 84.720251713136577, 19.903137041661971 ], [ 84.728433809245175, 19.921812973567672 ], [ 84.746528194591633, 19.955696417350893 ], [ 84.775106848783651, 20.11771078284912 ], [ 84.765424552129062, 20.123368415268637 ], [ 84.735263996281176, 20.113574447630587 ], [ 84.710942606711043, 20.089126441397209 ], [ 84.6879513754388, 20.069378090140486 ], [ 84.672685633505452, 20.061621422853062 ], [ 84.653915580935347, 20.05978870398426 ], [ 84.619612151736163, 20.08841507630153 ], [ 84.604563269374694, 20.097832295307089 ], [ 84.583114256479178, 20.099956855064111 ], [ 84.564335015652674, 20.098114303012316 ], [ 84.530234039061668, 20.087553062232807 ], [ 84.447556099469736, 20.040459613377937 ], [ 84.411731605295316, 20.032837456771414 ], [ 84.372882191081999, 20.038737007634627 ], [ 84.347234376613443, 20.05156088542812 ], [ 84.324985062041137, 20.101420704848245 ], [ 84.310482704538373, 20.149899495906311 ], [ 84.293785913460596, 20.165092060187639 ], [ 84.280090774380824, 20.174291825884527 ], [ 84.276833799404542, 20.176479128522736 ], [ 84.252397875094388, 20.178717474864197 ], [ 84.218647518836349, 20.17380872065872 ], [ 84.188331822281825, 20.161083647496543 ], [ 84.151541951672002, 20.139150940848683 ], [ 84.130146153093762, 20.11164240673639 ], [ 84.0814334812314, 20.102716328689599 ], [ 84.03250643452165, 20.106190398591053 ], [ 83.960271258831355, 20.130876002198736 ], [ 83.912955566269304, 20.161901148244052 ], [ 83.881382175144594, 20.160643894622208 ], [ 83.813064463149132, 20.170776662704395 ], [ 83.783295461048596, 20.183720880705238 ], [ 83.763450189575366, 20.1980696637753 ], [ 83.750587878068956, 20.213972983472761 ], [ 83.739318021932931, 20.240283829387664 ], [ 83.722812353798162, 20.27829591486136 ], [ 83.695953617000427, 20.308240757104333 ], [ 83.659661021889008, 20.329117608519631 ], [ 83.631383398762381, 20.335290767251006 ], [ 83.605668923072358, 20.334660427700218 ], [ 83.577381868321922, 20.323668142688664 ], [ 83.546263148366293, 20.297558254623496 ], [ 83.534106714925841, 20.274580337476685 ], [ 83.479744063086414, 20.313656749782496 ], [ 83.45457764765402, 20.340629852628041 ], [ 83.444294029989223, 20.368778090944542 ], [ 83.445896656410056, 20.397296573134295 ], [ 83.44992706532625, 20.416163155236326 ], [ 83.464257981865813, 20.44214961529552 ], [ 83.501024538316642, 20.46226675730388 ], [ 83.542681188770487, 20.481183023909502 ], [ 83.573272514458566, 20.496826527251891 ], [ 83.593181552314832, 20.515853774184261 ], [ 83.594122937403512, 20.532007280008621 ], [ 83.605409397824502, 20.657219417019213 ], [ 83.61456156511241, 20.694871534577157 ], [ 83.621985124015808, 20.703076162560841 ], [ 83.639295879465422, 20.710788278903941 ], [ 83.663133552286098, 20.711505373233731 ], [ 83.693491493522117, 20.705226155231379 ], [ 83.711813811653784, 20.696688628547985 ], [ 83.730834668771223, 20.683351786083016 ], [ 83.771750610225922, 20.671770638623371 ], [ 83.786795406996632, 20.674823641874685 ], [ 83.814621205236548, 20.676278228188096 ], [ 83.835997964324889, 20.66948284671459 ], [ 83.869907218311909, 20.641093816885487 ], [ 83.897179452856903, 20.617799840602903 ], [ 83.923404203628849, 20.60979834707474 ], [ 83.942617414131689, 20.616441230703089 ], [ 83.954769123720268, 20.636778988956152 ], [ 83.962978816187871, 20.657316208107105 ], [ 83.971847704789383, 20.688295462902285 ], [ 83.980493655385189, 20.715473844530418 ], [ 83.980303961352178, 20.759291677039378 ], [ 83.984298662360686, 20.775276164274349 ], [ 83.991018533509347, 20.787311432707444 ], [ 84.009540628711591, 20.797788740830626 ], [ 84.031286296233247, 20.804849410582857 ], [ 84.05005852753105, 20.810941969491509 ], [ 84.108000718721826, 20.817475333861882 ], [ 84.152110102282222, 20.824712164189691 ], [ 84.198043096859095, 20.844219537986572 ], [ 84.254062232996915, 20.880319446678588 ], [ 84.367217822825864, 20.965716729080047 ], [ 84.399646484269994, 20.988733623610582 ], [ 84.423940382954939, 20.995051060064576 ], [ 84.454616013982019, 20.993412630314882 ], [ 84.511514605214813, 20.983702301173061 ], [ 84.545521316519284, 20.986892696136245 ], [ 84.569511204569849, 20.989139905158694 ], [ 84.573475906199249, 20.995012410780348 ], [ 84.575088388522886, 20.997400387151099 ], [ 84.575008098183702, 21.023088983840108 ], [ 84.564750159424179, 21.045521512552085 ], [ 84.557242350564721, 21.07826688166065 ], [ 84.558581420326917, 21.096265630842947 ], [ 84.57315731528837, 21.104987703264129 ], [ 84.601536451906256, 21.112008418894316 ], [ 84.625101540887442, 21.114542961362684 ], [ 84.641187593294049, 21.098678501733779 ], [ 84.677569000622981, 21.086709572535639 ], [ 84.701277553271609, 21.084700723957301 ], [ 84.723574744256794, 21.093464623381706 ], [ 84.732258890389872, 21.109391089054427 ], [ 84.742953606254645, 21.141606846345855 ], [ 84.749943644605509, 21.154770734345131 ], [ 84.765334400669445, 21.170323222619491 ], [ 84.797776816471824, 21.184219161111361 ], [ 84.819095266048791, 21.189456906148802 ], [ 84.838389844805292, 21.189173536783734 ], [ 84.852616051135641, 21.276922022507765 ], [ 84.858886500353179, 21.299380068519508 ], [ 84.862993786149772, 21.313404987715099 ], [ 84.882397379189825, 21.331564491579037 ], [ 84.950299476044094, 21.37550327900804 ], [ 84.98935523012301, 21.395391323104803 ], [ 85.002642995285882, 21.40762892090385 ], [ 85.023624262661897, 21.526573175536516 ], [ 84.996796268153133, 21.515779089277174 ], [ 84.951985764935742, 21.518311145918595 ], [ 84.903862476455885, 21.526363553841332 ], [ 84.872961417916287, 21.538784092428916 ], [ 84.844760905222486, 21.561735646639246 ], [ 84.803735802347575, 21.588963755358598 ], [ 84.758869345538969, 21.591466211266436 ], [ 84.714767998008512, 21.579667356826757 ], [ 84.670132151505399, 21.560761191181776 ], [ 84.619395587584521, 21.559993291416518 ], [ 84.587754173461306, 21.563511868301802 ], [ 84.535543767747996, 21.593093879864394 ], [ 84.451456980021362, 21.649343115459796 ], [ 84.412674052514703, 21.658572199273635 ], [ 84.385066990887537, 21.692138361065329 ], [ 84.371332225254378, 21.735644444672655 ], [ 84.375105588847518, 21.787111348912795 ], [ 84.40475930822403, 21.873274607058331 ], [ 84.369170490244642, 21.963566002160466 ], [ 84.329361236412126, 22.024629909932791 ], [ 84.292042391141308, 22.051352078714338 ], [ 84.266922963926348, 22.066010021387363 ], [ 84.240587694294959, 22.077880597003709 ], [ 84.224467065018274, 22.077797581055975 ], [ 84.205661580863804, 22.068355364627497 ], [ 84.196620062206534, 22.054586937293738 ], [ 84.19144586254825, 22.024456398885416 ], [ 84.189823082853934, 22.001736813725778 ], [ 84.193864601599714, 21.959707876909881 ], [ 84.196224821870373, 21.908263687405807 ], [ 84.19306125904005, 21.878020257012071 ], [ 84.181700824978435, 21.859616942075409 ], [ 84.164347456414546, 21.855787256685979 ], [ 84.14679886023022, 21.863371910494063 ], [ 84.135458053264486, 21.887735004570644 ], [ 84.122575853406303, 21.918832443468109 ], [ 84.077756133259612, 21.939261595720069 ], [ 84.059454721416998, 21.936424561171965 ], [ 84.028563261765569, 21.897174691979441 ], [ 84.019102879536334, 21.876757412865661 ], [ 84.00405046245038, 21.848075474028477 ], [ 83.970229261762611, 21.83843396552356 ], [ 83.927310330113144, 21.842570354598799 ], [ 83.872524482700697, 21.864428113028836 ], [ 83.823320413571665, 21.865068023408657 ], [ 83.803640041884393, 21.841358114933229 ], [ 83.747618224075055, 21.829967670992914 ], [ 83.694544854006111, 21.832676951327226 ], [ 83.636917371279878, 21.811826684056477 ], [ 83.613843279185218, 21.796824520943865 ], [ 83.592105825417292, 21.771288346785351 ], [ 83.566594085658991, 21.764962817222255 ], [ 83.529403159928094, 21.780147269607223 ], [ 83.483946181048182, 21.79193388159451 ], [ 83.469106439894716, 21.827231176248606 ], [ 83.465948546728228, 21.848792077055304 ], [ 83.469345250604093, 21.878586453974112 ], [ 83.487369718986784, 21.924769113107804 ], [ 83.497667249551725, 21.944227284542571 ], [ 83.47474810045378, 21.98722495858371 ], [ 83.457649774333888, 22.003298313299652 ], [ 83.428318311558186, 22.017127701400891 ], [ 83.421651088455832, 22.023166947645585 ], [ 83.421848397043206, 22.042179637459885 ], [ 83.425823258139957, 22.05719910811575 ], [ 83.445689957001903, 22.068570812370684 ], [ 83.501570450857301, 22.091446289846346 ], [ 83.534695862567034, 22.104993014483803 ], [ 83.615971214129615, 22.14556606322277 ], [ 83.628341554097204, 22.149690250908911 ], [ 83.628750978804973, 22.149678397381994 ], [ 83.626771995194915, 22.164151321789205 ], [ 83.622361776582139, 22.189096968931054 ], [ 83.607458204572112, 22.207921320032703 ], [ 83.60328796292788, 22.211452358363363 ], [ 83.593119936760516, 22.220060574924357 ], [ 83.564246911818188, 22.241494409246723 ], [ 83.530494125154192, 22.28123782808095 ], [ 83.533227445793415, 22.307721967453361 ], [ 83.557805246194462, 22.328342828210161 ], [ 83.559913391877359, 22.360560901956045 ], [ 83.537675867062603, 22.375951645144504 ], [ 83.487981232607098, 22.38892667940339 ], [ 83.447005153666922, 22.411910957420847 ], [ 83.422964887846689, 22.431185619564012 ], [ 83.402426471642713, 22.457888982054815 ], [ 83.379899490490047, 22.469477263748459 ], [ 83.346677038340374, 22.472089126265512 ], [ 83.314209015889219, 22.454689297123426 ], [ 83.307908518717355, 22.435033372952418 ], [ 83.309427559420882, 22.395018669265585 ], [ 83.31682289082616, 22.368024673636054 ], [ 83.326280126577629, 22.32571217145691 ], [ 83.321629484939194, 22.267931643884395 ], [ 83.332677239989891, 22.218880422839625 ], [ 83.34124604009827, 22.1946787035304 ], [ 83.340112837502502, 22.176664479544133 ], [ 83.331352813785472, 22.165685660046652 ], [ 83.309997240958708, 22.162938241367058 ], [ 83.288404916974883, 22.172564962273558 ], [ 83.260473283621792, 22.193915606083792 ], [ 83.249700940936179, 22.199201408067633 ], [ 83.216732712940725, 22.204624941537098 ], [ 83.205080388569073, 22.195684001592223 ], [ 83.200297609051674, 22.183552511602247 ], [ 83.193271606427885, 22.16772545676255 ], [ 83.188742464717649, 22.143214618009932 ], [ 83.187348992533146, 22.120452491627535 ], [ 83.181415345265719, 22.089349651983252 ], [ 83.156222996695988, 22.056328387271719 ], [ 83.135811985748717, 22.035437867226609 ], [ 83.133833684734881, 22.019360188320462 ], [ 83.144053491733956, 21.988419914255086 ], [ 83.145203001000979, 21.974092928923927 ], [ 83.143658999809034, 21.948479037575154 ], [ 83.137042899043095, 21.922158540548825 ], [ 83.120077536989967, 21.907755024262087 ], [ 83.070806846391477, 21.925353640535072 ], [ 83.055591647545157, 21.940357565365204 ], [ 83.035751654082318, 21.979370183633716 ], [ 83.027006995702848, 22.018800706145502 ], [ 83.020381817665339, 22.060031411209476 ], [ 83.00654758896917, 22.098752110728032 ], [ 83.0199574840221, 22.103817824006672 ], [ 83.021177455983874, 22.1751135763081 ], [ 83.035557495993231, 22.246722959661984 ], [ 83.022385773825619, 22.279701037574917 ], [ 82.995994946883414, 22.311410872870216 ], [ 82.971312206023356, 22.321156387759391 ], [ 82.985006919913161, 22.344567149556227 ], [ 83.012604812945483, 22.362265485316406 ], [ 83.037977817186885, 22.384822324650802 ], [ 83.039124197928516, 22.403790731518423 ], [ 83.040486982404516, 22.426315246209164 ], [ 83.041635810347657, 22.44528286676357 ], [ 83.014275609095606, 22.47253935963516 ], [ 82.957684934390741, 22.47823428324805 ], [ 82.939645225151793, 22.493961408151293 ], [ 82.922483753852873, 22.524507231979939 ], [ 82.902333250077973, 22.558165895548168 ], [ 82.844800218128711, 22.602513997006341 ], [ 82.781627346145839, 22.605495987197671 ], [ 82.716866119229238, 22.635875466268526 ], [ 82.695816410871146, 22.699275241383159 ], [ 82.672486156475514, 22.723543405756089 ], [ 82.620874825926904, 22.752682219607792 ], [ 82.589818737172024, 22.775512280769508 ], [ 82.568550464684904, 22.803238133856208 ], [ 82.551375955649974, 22.836123607897655 ], [ 82.517287361393784, 22.8733450376462 ], [ 82.516540312201755, 22.87421753020444 ], [ 82.488680422904693, 22.906744208385266 ], [ 82.468063596658993, 22.913028924490131 ], [ 82.40189581296589, 22.923146294547312 ], [ 82.337220805901282, 22.926038768156925 ], [ 82.258189307137258, 22.945589419908455 ], [ 82.211577411641073, 22.965470039980719 ], [ 82.161617352134158, 22.994399963395296 ], [ 82.089053660980497, 23.046655174745336 ], [ 82.100672611633613, 23.054960253464831 ], [ 82.12511061551514, 23.073875212733352 ], [ 82.149557218223052, 23.09278582712292 ], [ 82.176096876673569, 23.112552150848526 ], [ 82.187927228554187, 23.16148619209331 ], [ 82.187546760803855, 23.191933206487676 ], [ 82.172731923673652, 23.238224837251938 ], [ 82.151734289406519, 23.264814449767137 ], [ 82.120699386341357, 23.294689243644999 ], [ 82.101871602823294, 23.32403100313519 ], [ 82.088334689424471, 23.356945743365248 ], [ 82.096143328445322, 23.387987324529753 ], [ 82.090999323586118, 23.367541409112398 ], [ 82.05736069240335, 23.369689989174589 ], [ 82.027147515385352, 23.358623838770495 ], [ 82.005293311122784, 23.350999288732368 ], [ 81.962661954766986, 23.336646511624057 ], [ 81.940146386218402, 23.33569756600334 ], [ 81.925881687384546, 23.336299684649227 ], [ 81.903862377474837, 23.344834099421337 ], [ 81.884174890588767, 23.35897339286965 ], [ 81.866045650950667, 23.383505209896395 ], [ 81.856690992342735, 23.400061495125566 ], [ 81.842383320628343, 23.419676349892228 ], [ 81.830983320846514, 23.436316246063274 ], [ 81.824188313617782, 23.443255062339649 ], [ 81.804278471258385, 23.453590360261586 ], [ 81.773917757388944, 23.459600419091078 ], [ 81.750257242439645, 23.456771506104186 ], [ 81.704689366894584, 23.445326412958945 ], [ 81.684776635826807, 23.435678545703524 ], [ 81.664771496680629, 23.424130114227324 ], [ 81.643988749678456, 23.417365228970393 ], [ 81.619555344561121, 23.419303232885028 ], [ 81.609733713550256, 23.427306354283203 ], [ 81.590559294178618, 23.452801078291564 ], [ 81.58635568786012, 23.471037009335021 ], [ 81.584429662867151, 23.493935824624412 ], [ 81.586540540733267, 23.51572157319724 ], [ 81.606394190102677, 23.544400854331293 ], [ 81.623785711384485, 23.564618945303948 ], [ 81.636256153646883, 23.608805295373955 ], [ 81.635511456253553, 23.634508131791677 ], [ 81.617184883069356, 23.677084783932113 ], [ 81.589403056981467, 23.715284847542435 ], [ 81.576024733145161, 23.754804788393507 ], [ 81.577128218169136, 23.776628958275165 ], [ 81.590214780936108, 23.812233811085701 ], [ 81.602296315997179, 23.827911269681682 ], [ 81.616968300391832, 23.833975469027827 ], [ 81.688729089163473, 23.832965979899193 ], [ 81.714507188170927, 23.815749442631404 ], [ 81.730919299019149, 23.796061204371636 ], [ 81.742838582774226, 23.768949832062077 ], [ 81.760114942729231, 23.746370648387739 ], [ 81.782071007990567, 23.7350055712079 ], [ 81.792198635445132, 23.732684895937318 ], [ 81.813724427955577, 23.732742790428908 ], [ 81.832532342929738, 23.739566513306894 ], [ 81.847703385273775, 23.75509681704898 ], [ 81.857663561742143, 23.768942028892003 ], [ 81.89314220690126, 23.799779804353417 ], [ 81.9079239653299, 23.807714250310553 ], [ 81.92455018013284, 23.811766429010614 ], [ 81.960002874026216, 23.803609767002929 ], [ 82.029452269250257, 23.779730127190518 ], [ 82.083344556297732, 23.771705719984869 ], [ 82.088457808479362, 23.77148466485685 ], [ 82.124617594810474, 23.776571718812352 ], [ 82.143235998409097, 23.779564049609835 ], [ 82.161643326200902, 23.778760678069979 ], [ 82.206370045561471, 23.772046546553305 ], [ 82.235058187620325, 23.753670358288289 ], [ 82.276647130645586, 23.728062365640721 ], [ 82.296378591629548, 23.716223891861365 ], [ 82.29073764509738, 23.705570765313894 ], [ 82.297623090526599, 23.718573800904132 ], [ 82.312902697496114, 23.735004741376247 ], [ 82.335396377494902, 23.752061853142198 ], [ 82.373340049999356, 23.770322170834792 ], [ 82.431907883269616, 23.790490367059661 ], [ 82.445198190173528, 23.789886833649334 ], [ 82.477866359539178, 23.778892874936616 ], [ 82.471799990067822, 23.771564980748842 ], [ 82.483933599125606, 23.786220446861144 ], [ 82.506126369216815, 23.797562361216592 ], [ 82.526908430706442, 23.802311930029809 ], [ 82.552062576453437, 23.811609905511865 ], [ 82.582215458956185, 23.835880780413905 ], [ 82.620962002274851, 23.866398781838885 ], [ 82.638977136378614, 23.876014279341462 ], [ 82.657845871878862, 23.882736204451785 ], [ 82.681427697798, 23.88258133071831 ], [ 82.718246280298246, 23.880848699680012 ], [ 82.73449318187086, 23.878180605648343 ], [ 82.779370812411216, 23.874152175960067 ], [ 82.813523843568177, 23.879177639944128 ], [ 82.832399502293072, 23.885878259918059 ], [ 82.850506259225043, 23.891187661115758 ], [ 82.850967865144654, 23.889704484030126 ], [ 82.870933900594494, 23.866173475674078 ], [ 82.908312575735806, 23.840896934831935 ], [ 82.962969334700233, 23.82741266474153 ], [ 83.008647359432302, 23.826086809186368 ], [ 83.076585552981328, 23.822748433459754 ], [ 83.122079481715318, 23.818691667573201 ], [ 83.166597218814474, 23.814671073068919 ], [ 83.228543788220605, 23.824206407090337 ], [ 83.263188480907218, 23.847735618643707 ], [ 83.299234967098812, 23.877503438370439 ], [ 83.310747008608843, 23.889555381591514 ], [ 83.334629800144214, 23.911806608350933 ], [ 83.349435764285573, 23.925075917127668 ], [ 83.352626667823728, 23.929663044800698 ], [ 83.362265202320117, 23.934810616954302 ], [ 83.361382469388417, 23.934339233589373 ], [ 83.361535643934531, 23.969110752970533 ], [ 83.374559220097993, 24.010243107331501 ], [ 83.384399887339427, 24.034436767909689 ], [ 83.387019990285665, 24.058051101117325 ], [ 83.384781860491259, 24.100914253785255 ], [ 83.379472950823398, 24.128736011204285 ], [ 83.347085023255715, 24.181698545099827 ], [ 83.344072375799797, 24.213201073551836 ], [ 83.344391419649398, 24.2331330614712 ], [ 83.348042342785533, 24.241494630240958 ], [ 83.369567737549659, 24.255584521852743 ], [ 83.390002282770382, 24.253579360137714 ], [ 83.411589736717985, 24.253411376788755 ], [ 83.424211890543631, 24.257505505263939 ], [ 83.436393813508985, 24.270169710714363 ], [ 83.43852256312843, 24.286205695085943 ], [ 83.437641644908055, 24.303348024209306 ], [ 83.432074447889747, 24.312186073157882 ], [ 83.404280495927779, 24.342124745973493 ], [ 83.39474627288773, 24.368264257792561 ], [ 83.396691897750344, 24.39665749982397 ], [ 83.401966088940299, 24.413479945364436 ], [ 83.421222144962471, 24.423875679715511 ], [ 83.442776455954402, 24.422751503655611 ], [ 83.529943892420434, 24.41722383619252 ], [ 83.569704716504944, 24.440758491511922 ], [ 83.589460760947631, 24.487187433828094 ], [ 83.600998883954432, 24.504613892717273 ], [ 83.582308066639641, 24.546441936265836 ], [ 83.560056175571205, 24.581810951833429 ], [ 83.531891324907704, 24.621289670219767 ], [ 83.506128848559499, 24.651141607589818 ], [ 83.479059558160472, 24.677260661531395 ], [ 83.462002103299895, 24.699050765415915 ], [ 83.442315117326402, 24.727624980306803 ], [ 83.427766837379551, 24.755927924282755 ], [ 83.424473601461386, 24.782690376688084 ], [ 83.426064950875357, 24.805397892158982 ], [ 83.4356039222981, 24.867570679437257 ], [ 83.431286463493024, 24.894386351660831 ], [ 83.402424206255446, 24.9253398198009 ], [ 83.376840621901721, 24.958966424967006 ], [ 83.370049583870696, 24.980213122477618 ], [ 83.367450878158564, 25.002190178465629 ], [ 83.373475641198908, 25.043657737511523 ], [ 83.416204736421733, 25.120227058056866 ], [ 83.444592716335819, 25.154808927482634 ], [ 83.488910871231525, 25.194231560773652 ], [ 83.547805993515354, 25.219562442047405 ], [ 83.754705665141117, 25.363961986545984 ], [ 83.876772598779993, 25.438773439068122 ], [ 83.986888996241007, 25.491368083286478 ], [ 84.11416187994628, 25.575134139678401 ], [ 84.158674081545044, 25.598163179053973 ], [ 84.202370048739411, 25.610790238296961 ], [ 84.241854327371755, 25.622703287490534 ], [ 84.274553306513141, 25.640697542650415 ], [ 84.299511445077115, 25.665781940319725 ], [ 84.321063481024197, 25.687269167880245 ], [ 84.365541645500059, 25.696005016495789 ], [ 84.409185385074238, 25.68201565604674 ], [ 84.449550715995315, 25.666316270137408 ], [ 84.489419176031888, 25.657276603409734 ], [ 84.564506083035113, 25.658418136197032 ], [ 84.589934008614748, 25.67583461459742 ], [ 84.6006200145234, 25.691302291254736 ], [ 84.623121640930847, 25.723113430298049 ], [ 84.642830680316862, 25.734231600522161 ], [ 84.632975583188966, 25.72867291163217 ], [ 84.615202989766331, 25.752518159910178 ], [ 84.611151428380268, 25.77836762490595 ], [ 84.605106070444705, 25.805287526136201 ], [ 84.603535097425237, 25.835726517052095 ], [ 84.597652763945248, 25.864533285125191 ], [ 84.589208691489645, 25.887807713741534 ], [ 84.567652583385893, 25.904297874756221 ], [ 84.524509295823179, 25.912618031886961 ], [ 84.486791604264425, 25.911115257871412 ], [ 84.351902322806041, 25.908802692666541 ], [ 84.31663597307859, 25.924186377733623 ], [ 84.296066593697375, 25.940587175376294 ], [ 84.276744182430207, 25.972088852641146 ], [ 84.260747738800049, 26.018569284306029 ], [ 84.247025133633997, 26.042148900737949 ], [ 84.231787520327515, 26.060126142380557 ], [ 84.18581503493364, 26.073276338791608 ], [ 84.170465292735244, 26.064693644657726 ], [ 84.131936005164235, 26.080300595670334 ], [ 84.09500087689085, 26.089102079706155 ], [ 84.06789162408883, 26.10301637835202 ], [ 84.056319527913971, 26.115074970228378 ], [ 84.046674387190819, 26.125123465320325 ], [ 84.040479383954349, 26.129440360243589 ], [ 84.043594266055621, 26.146692078101342 ], [ 84.051767771944284, 26.174679737559007 ], [ 84.088098128796872, 26.186792149775638 ], [ 84.110028630407314, 26.190845578471734 ], [ 84.160976108372779, 26.189632038394588 ], [ 84.217161109859404, 26.204101174968201 ], [ 84.241781706903595, 26.23999592243965 ], [ 84.24462235945677, 26.273627175649537 ], [ 84.23062569234547, 26.294028551466479 ], [ 84.210457630509396, 26.311237422594925 ], [ 84.177648642564947, 26.318516488497934 ], [ 84.126927713360288, 26.323284221819645 ], [ 84.094698466188305, 26.337630505863377 ], [ 84.06364075702632, 26.366138679631632 ], [ 84.055255380788864, 26.374102199215898 ], [ 84.0620846987688, 26.399329605158918 ], [ 84.072175933762693, 26.425790934924894 ], [ 84.091803354616815, 26.453118010825722 ], [ 84.1091591464793, 26.472033845629007 ], [ 84.114462179329749, 26.49735304802217 ], [ 84.126419004823092, 26.545066985519938 ], [ 84.154433278573322, 26.559080446115338 ], [ 84.187264029705972, 26.555714120923604 ], [ 84.233689809558484, 26.527323523580694 ], [ 84.269148876751103, 26.518088780733656 ], [ 84.301959615876157, 26.514701098962107 ], [ 84.324163054029626, 26.516216284728863 ], [ 84.346045683563375, 26.531987093363981 ], [ 84.357207546060039, 26.551250210464076 ], [ 84.371577429540196, 26.553230924244705 ], [ 84.337352249671497, 26.63131579505734 ], [ 84.330059286512082, 26.660241758221336 ], [ 84.26022849056038, 26.696480737225642 ], [ 84.218104623958254, 26.711458044496535 ], [ 84.20229589299602, 26.733767715734395 ], [ 84.194972995293867, 26.76269720903209 ], [ 84.193001369190583, 26.8073407263952 ], [ 84.19238018706163, 26.844783379971116 ], [ 84.179166263088902, 26.874069549344341 ], [ 84.156649187177791, 26.887873845513791 ], [ 84.1153010987057, 26.890315444837981 ], [ 84.08410924398882, 26.895713313385311 ], [ 84.06732457824603, 26.907387500611758 ], [ 84.052257952693566, 26.938558051207128 ], [ 84.041601254952553, 26.974817156982251 ], [ 84.029687553859517, 26.996896192697502 ], [ 84.004839585538534, 27.007255317092621 ], [ 83.974225845491702, 27.019727708164506 ], [ 83.962139075685144, 27.040031862369428 ], [ 83.959759215043206, 27.057991386653558 ], [ 83.974272065749659, 27.087447642574993 ], [ 84.010999184629824, 27.120958549039301 ], [ 84.011891414430863, 27.152996933325355 ], [ 83.952714033632631, 27.179611963156326 ], [ 83.886942143958052, 27.199451563568307 ], [ 83.852215806432696, 27.233543852125393 ], [ 83.835908882202574, 27.273723438518449 ], [ 83.832593448139647, 27.325673687269045 ], [ 83.828622004790134, 27.347587540537226 ], [ 83.848926792402438, 27.341482770982818 ], [ 83.864554611575343, 27.360240655679984 ], [ 83.866281772813025, 27.401235129214641 ], [ 83.870370247788429, 27.42423765598264 ], [ 83.903068180436861, 27.433107373515682 ], [ 84.056748802937292, 27.456503832025628 ], [ 84.134258938411563, 27.453801063426805 ], [ 84.196176488458704, 27.434082356491153 ], [ 84.280471760446574, 27.398705139184383 ], [ 84.359973037174115, 27.376089426429004 ], [ 84.466227476567781, 27.362546249901126 ], [ 84.497736098317944, 27.358848088650628 ], [ 84.563817073479157, 27.342302926937759 ], [ 84.603964411486984, 27.325536761939027 ], [ 84.634755368675911, 27.295034446579525 ], [ 84.653130265930457, 27.259931881766189 ], [ 84.63377027750164, 27.144947208816163 ], [ 84.638704423731966, 27.114280108213325 ], [ 84.658214956265837, 27.070225043858564 ], [ 84.714427996885377, 27.036389405635443 ], [ 84.791712657191724, 27.015489283091405 ], [ 84.887780833191826, 26.984439927864631 ], [ 84.941166717089843, 26.963200831480343 ], [ 85.025321106374761, 26.913214874408112 ], [ 85.058246720120394, 26.886128245968965 ], [ 85.08312406788059, 26.876770025753842 ], [ 85.121199094709084, 26.862437480280523 ], [ 85.205189184825983, 26.812398281901551 ], [ 85.282328280216348, 26.77347182713487 ], [ 85.364323685711327, 26.782283601498719 ], [ 85.409561669736888, 26.798867233156038 ], [ 85.455564260174356, 26.822525820381614 ], [ 85.472304275454874, 26.849935043112069 ], [ 85.538676306387799, 26.859737902273604 ], [ 85.611023370681153, 26.851269039728663 ], [ 85.652541769070652, 26.832385129254693 ], [ 85.699801016433128, 26.79348225359433 ], [ 85.71392213303416, 26.740821481126169 ], [ 85.744666129524603, 26.658569292909966 ], [ 85.760431470933767, 26.639684863426975 ], [ 85.789534962428576, 26.616319198426801 ], [ 85.827329047981081, 26.619037734884408 ], [ 85.893640397797128, 26.648231414849679 ], [ 85.939250470579651, 26.668183207937776 ], [ 86.024306491183253, 26.669321319703769 ], [ 86.110340192864228, 26.661442247499465 ], [ 86.214164288162735, 26.636216030459845 ], [ 86.347534628213253, 26.628369298773613 ], [ 86.424240580888934, 26.608540787579262 ], [ 86.494871694039588, 26.535764094078974 ], [ 86.5805935256883, 26.49211174545956 ], [ 86.710111243337408, 26.470047383450726 ], [ 86.776205182266722, 26.465099743431725 ], [ 86.817561086853871, 26.461991065682334 ], [ 86.916921126011289, 26.502460114882389 ], [ 86.931089175865097, 26.538715847799725 ], [ 86.976769852910877, 26.590401797518659 ], [ 87.002388539888074, 26.606254610367301 ], [ 87.051729221999665, 26.606034145198464 ], [ 87.071101576325262, 26.570707739789 ], [ 87.069915908217737, 26.512100691135732 ], [ 87.087443098641998, 26.461004313144105 ], [ 87.115749016645253, 26.433961026486241 ], [ 87.144618578007695, 26.428185536872359 ], [ 87.173485716616497, 26.422405753467913 ], [ 87.20514396609282, 26.423506057654482 ], [ 87.396154870658634, 26.438732126632981 ], [ 87.428674733679784, 26.462783177807342 ], [ 87.51563644316083, 26.448757063412966 ], [ 87.603258375289897, 26.455917691000291 ], [ 87.721797171621134, 26.488888137593182 ], [ 87.74574955951249, 26.506458243916363 ], [ 87.807763518908459, 26.497814317126267 ], [ 87.861281355311036, 26.484527515047446 ], [ 87.885166644027336, 26.440001476972601 ], [ 87.915443927967146, 26.414467781750609 ], [ 87.94950206203201, 26.418732427378586 ], [ 87.966286907099715, 26.44213432368252 ], [ 88.034144842225146, 26.509135431548618 ], [ 88.086673090870832, 26.589987697122204 ], [ 88.088670998683241, 26.593059448379616 ], [ 88.1046265775162, 26.669326023852506 ], [ 88.129081117709077, 26.838287901474889 ], [ 88.111630794275683, 26.899829506971987 ], [ 88.090352347308183, 26.947604073288055 ], [ 88.061237666463512, 26.996082566061318 ], [ 87.984776655967977, 27.061107035915096 ], [ 87.960161652472479, 27.08447617560725 ], [ 87.943459731605046, 27.137206668805298 ], [ 87.944272378340926, 27.173023227936408 ], [ 88.010991907606297, 27.166616327340257 ], [ 88.106107521294078, 27.151101939437062 ], [ 88.215984359523503, 27.144788595020572 ], [ 88.285921891574034, 27.164965437346083 ], [ 88.365812124938486, 27.200075521875128 ], [ 88.432342883763695, 27.209862798613219 ], [ 88.523673572314635, 27.199650009510414 ], [ 88.627652031588156, 27.168796515828838 ], [ 88.677323851023473, 27.156263744417796 ], [ 88.70540594287678, 27.149167470811296 ], [ 88.75167065081834, 27.157148969796271 ], [ 88.77932552084097, 27.172157726738618 ], [ 88.799321138728402, 27.201980635346665 ], [ 88.802792566263918, 27.20936379824267 ], [ 88.831373182325862, 27.179555433138272 ], [ 88.917843304400805, 27.141386274410198 ], [ 88.932530749645125, 27.108307182270632 ], [ 88.932934010630333, 27.071321317497521 ], [ 88.948844414464787, 27.020563740289436 ], [ 88.991265478031508, 27.00422692885375 ], [ 89.039137659195987, 26.985606297638114 ], [ 89.10108717348254, 26.932262530944985 ], [ 89.127249690731347, 26.887623897079656 ], [ 89.165039363280925, 26.85593248017085 ], [ 89.207386686503199, 26.841357641447384 ], [ 89.287380366063104, 26.856457816376 ], [ 89.324806401759616, 26.884383552684348 ], [ 89.363588943295355, 26.884121080474674 ], [ 89.443488528120511, 26.850075372130075 ], [ 89.517582204608573, 26.828849310795274 ], [ 89.580520608925838, 26.822683873284021 ], [ 89.564318786826604, 26.771889652642017 ], [ 89.536575119682794, 26.744924791228325 ], [ 89.552709832243792, 26.725927086280095 ], [ 89.584463538332173, 26.719370268076748 ], [ 89.770278428997003, 26.743014022266376 ], [ 89.774510477414452, 26.742528239072808 ], [ 89.876398122030508, 26.730806382964406 ], [ 89.959709490423279, 26.71041043939789 ], [ 90.04467922068207, 26.721017389071775 ], [ 90.077443102508752, 26.741991146641915 ], [ 90.156731040722264, 26.806810155371554 ], [ 90.233656610688058, 26.847524305434266 ], [ 90.300875253549805, 26.877023958384626 ], [ 90.366970325238682, 26.889223933892914 ], [ 90.442737875545006, 26.869140406955569 ], [ 90.508048250172877, 26.813826945342726 ], [ 90.58008269072441, 26.785587411685984 ], [ 90.765977726551782, 26.77813660828604 ], [ 90.882489240901577, 26.785023418873401 ], [ 90.890928548143947, 26.78551754730292 ], [ 90.999485892255223, 26.797938027530023 ], [ 91.157231331652838, 26.786092990414822 ], [ 91.26677498557892, 26.784457608891898 ], [ 91.354814302888158, 26.800410764107351 ], [ 91.540477905789686, 26.80372528283921 ], [ 91.627995286079695, 26.795062399023951 ], [ 91.672644658875683, 26.79061033440324 ], [ 91.743885400503132, 26.818245765333764 ], [ 91.791713545532176, 26.853604442881533 ], [ 91.85220304854893, 26.875575779136348 ], [ 91.926656578619401, 26.872071792171084 ], [ 91.995940374815987, 26.862308973877369 ], [ 92.099200653762921, 26.885912897803554 ], [ 92.10248451077949, 26.892898665694595 ], [ 92.157956592032974, 26.87394138554685 ], [ 92.326404867519628, 26.854015290799222 ], [ 92.416874912865481, 26.844633449232756 ], [ 92.517515708637319, 26.854342157596925 ], [ 92.577960824746668, 26.863372042069916 ], [ 92.623949091021615, 26.876825466874898 ], [ 92.695087724100432, 26.89262801857198 ], [ 92.748833739789717, 26.88472720907237 ], [ 92.799157663663976, 26.860954088722991 ], [ 92.974261850690681, 26.838040538936259 ], [ 93.032471225682414, 26.851111155272022 ], [ 93.082332348798602, 26.861122557399984 ], [ 93.135185863647152, 26.870723770393688 ], [ 93.261546086055816, 26.88582736771172 ], [ 93.364276561192142, 26.89835324568265 ], [ 93.467940425891982, 26.901144639434271 ], [ 93.546703360402745, 26.916523360293834 ], [ 93.63114375070586, 26.929704149289314 ], [ 93.675014552629122, 26.933330749679271 ], [ 93.673485283075095, 26.933204799690312 ], [ 93.67876178755445, 26.940940740660999 ], [ 93.733459674539503, 26.999871098401382 ], [ 93.754571565535443, 27.025438515409718 ], [ 93.782533336414517, 27.060908566390697 ], [ 93.807820912797794, 27.098099912069124 ], [ 93.850671108687536, 27.178988674695738 ], [ 93.924367899835318, 27.307283392914226 ], [ 93.979103575622901, 27.378511547877753 ], [ 94.008453079987333, 27.42610535618638 ], [ 94.040218424467781, 27.46384658682415 ], [ 94.070499749764295, 27.494991103864628 ], [ 94.148694950882316, 27.519327740734461 ], [ 94.23561442946999, 27.554597676512781 ], [ 94.314469782722981, 27.588214653237809 ], [ 94.399332896145168, 27.620874579888714 ], [ 94.525201216121104, 27.650087349750084 ], [ 94.652048289317932, 27.650202087730353 ], [ 94.728628582752023, 27.65361569218199 ], [ 94.826204581004163, 27.667363751092513 ], [ 94.927440135978486, 27.689953073447256 ], [ 95.033146572879232, 27.711659028764011 ], [ 95.135889558762443, 27.759706247911808 ], [ 95.187506006945199, 27.800809049964954 ], [ 95.290964902055393, 27.870587942627559 ], [ 95.361310810500029, 27.937527407067368 ], [ 95.402120876189315, 27.984567135386229 ], [ 95.479644531587638, 28.042095301045912 ], [ 95.597185708534141, 28.123329821778107 ], [ 95.668257245955914, 28.147263638984686 ], [ 95.694047725065374, 28.155326002518734 ], [ 95.762239482470221, 28.154633091962904 ], [ 95.80219212279188, 28.148576480507533 ], [ 95.872929414794228, 28.109645599564129 ], [ 95.892683592976113, 28.089888810704537 ], [ 95.902136554889054, 28.083557109405209 ], [ 95.918620953928681, 28.074216026051257 ], [ 95.945085339863738, 28.065952350399844 ], [ 95.986075935308719, 28.056162394820124 ], [ 96.053496810797256, 28.043135334778764 ], [ 96.170155919998564, 28.031371381169464 ], [ 96.213412848485376, 28.030127011166623 ], [ 96.24906209118268, 28.023335192089888 ], [ 96.272660061505249, 28.024414013312345 ], [ 96.30102143575597, 28.007121867390961 ], [ 96.320785490997025, 27.980301345285568 ], [ 96.348120576434042, 27.952721737627844 ], [ 96.386649375875379, 27.932743548177569 ], [ 96.460376907556537, 27.864072773620723 ], [ 96.485579160149911, 27.837559933690567 ], [ 96.508649244181868, 27.821217279789415 ], [ 96.539101102455021, 27.803427975612014 ], [ 96.587932055346954, 27.784825611697169 ], [ 96.627891805535555, 27.774222992867792 ], [ 96.669171025774119, 27.768953734009443 ], [ 96.738427637636505, 27.777269377264627 ], [ 96.77681131980367, 27.779926495587915 ], [ 96.893360478255488, 27.778457941154436 ], [ 96.929575883414671, 27.762531510541454 ], [ 96.958896892116954, 27.74298398971515 ], [ 96.993005328578917, 27.724636232192925 ], [ 97.015638482449532, 27.714136352648232 ], [ 96.982595646633285, 27.693988126289369 ], [ 96.941017008658307, 27.679354951821818 ], [ 96.929092926536981, 27.676117192045432 ], [ 96.927710139814522, 27.675850222938791 ], [ 96.902426963217252, 27.673180641189003 ], [ 96.88694000470133, 27.66729606687036 ], [ 96.871671535019161, 27.66615992878117 ], [ 96.840297374948861, 27.660799316431834 ], [ 96.817123743607013, 27.638930099182577 ], [ 96.81126142207988, 27.61383403305053 ], [ 96.812706955963336, 27.561328475707022 ], [ 96.841894603823391, 27.488604450538588 ], [ 96.902298636487743, 27.376276976387199 ], [ 96.999994159560998, 27.217738410736903 ], [ 97.035314275406961, 27.145764960068583 ], [ 97.042109845620359, 27.114612604967306 ], [ 97.039227871126201, 27.102075513409684 ], [ 97.020221420470122, 27.100389942551892 ], [ 96.99579373144276, 27.114736462852743 ], [ 96.96155995964584, 27.142356720890017 ], [ 96.930243806243382, 27.154380509975855 ], [ 96.891211103645873, 27.166291747722308 ], [ 96.874964943150218, 27.172438212437381 ], [ 96.830378134687663, 27.195844141825788 ], [ 96.786966989495781, 27.222703269604597 ], [ 96.781361562230344, 27.23790709426234 ], [ 96.778551229249985, 27.261743420385312 ], [ 96.775891745519928, 27.293807983541502 ], [ 96.777282941151583, 27.315584272573794 ], [ 96.773812440301043, 27.343659859758791 ], [ 96.749326988969798, 27.366929579714832 ], [ 96.719934305802653, 27.381372160431617 ], [ 96.707635049187957, 27.384671493408199 ], [ 96.657341515643481, 27.409298034791306 ], [ 96.609800705313688, 27.417091337982804 ], [ 96.506154878837023, 27.390257635816898 ], [ 96.256703759758196, 27.324301820587319 ], [ 96.107665618659837, 27.280012017095849 ], [ 95.992786152393691, 27.198015147284472 ], [ 95.880923684697194, 27.093396514696739 ], [ 95.809976441473694, 27.046445779991569 ], [ 95.718139550425548, 26.997707056368757 ], [ 95.638745744141715, 26.940597918965331 ], [ 95.625076518558345, 26.951538172399552 ], [ 95.610750883821709, 26.972199828480349 ], [ 95.603619744156973, 26.996121074233308 ], [ 95.604662018615471, 27.02200429778236 ], [ 95.612078724447144, 27.063770754985658 ], [ 95.606006810034998, 27.092039333777524 ], [ 95.599751414395598, 27.124869596213276 ], [ 95.603368300699543, 27.155970593116614 ], [ 95.584011608003195, 27.187675461238175 ], [ 95.556015132774419, 27.183468924335511 ], [ 95.509678102544257, 27.156345872372054 ], [ 95.46444862981717, 27.103625574740299 ], [ 95.462972096987841, 27.07806253560398 ], [ 95.432762827903034, 27.054688000736043 ], [ 95.393376159893393, 27.031494930588323 ], [ 95.343950069730241, 27.011318122332533 ], [ 95.302923581345041, 27.000544188128316 ], [ 95.246723246869379, 26.984105711179616 ], [ 95.190166618182531, 26.959519950215302 ], [ 95.091223933445718, 26.937680922488074 ], [ 95.047462482020677, 26.914927149827367 ], [ 94.982244079466625, 26.872542876651238 ], [ 94.837663375535897, 26.778971448397662 ], [ 94.785933047728562, 26.741049667872424 ], [ 94.727716631397342, 26.708145209887387 ], [ 94.667759100215349, 26.687611441996399 ], [ 94.546675855885411, 26.661370127402584 ], [ 94.484348999950527, 26.643683326010017 ], [ 94.390557500596344, 26.622456819180851 ], [ 94.320829590089289, 26.592179568455489 ], [ 94.309020462299173, 26.56018783072545 ], [ 94.232061113540027, 26.483695821428032 ], [ 94.172002579983797, 26.434364540303669 ], [ 94.13329203663308, 26.398118875984764 ], [ 94.101667356726921, 26.37297298437468 ], [ 94.078925934223761, 26.353293299078224 ], [ 94.045260420858526, 26.325717745643594 ], [ 93.985117603881235, 26.309900440924704 ], [ 93.957597868113538, 26.305919155920623 ], [ 93.957869135257752, 26.302958503568107 ], [ 93.952119697233329, 26.276836916061303 ], [ 93.930612929098857, 26.242805715069206 ], [ 93.891699143201876, 26.193229480563197 ], [ 93.8784761076422, 26.150198948454467 ], [ 93.876307397723124, 26.116862578537848 ], [ 93.884497399678892, 26.060807113315857 ], [ 93.90006929397633, 26.009351543189144 ], [ 93.921242902718888, 25.96609999553333 ], [ 93.967348720414549, 25.897030510912746 ], [ 93.986746373792229, 25.857432960461349 ], [ 94.007200379592589, 25.787566457965589 ], [ 94.012495053282834, 25.753358054893951 ], [ 94.025187759118594, 25.718167843150042 ], [ 94.05031674500222, 25.670196774390618 ], [ 94.092481059562203, 25.590084353017151 ], [ 94.110812607507441, 25.55219569417698 ], [ 94.119947758273412, 25.524423804087565 ], [ 94.110116669177458, 25.5025397371572 ], [ 94.087296808011573, 25.479095709883534 ], [ 94.055223102586524, 25.471236856365767 ], [ 94.022655531621083, 25.484410588994841 ], [ 93.992643550297515, 25.509375112554505 ], [ 93.941316415184545, 25.547169541103649 ], [ 93.879750254024671, 25.573094654774099 ], [ 93.84508363856537, 25.571014239476668 ], [ 93.784595622094031, 25.548949109947905 ], [ 93.741376108509016, 25.524562613239688 ], [ 93.672634231369287, 25.463402662944045 ], [ 93.617021580933269, 25.416054791050147 ], [ 93.593409239221927, 25.400157363475373 ], [ 93.56404915361307, 25.374983217973522 ], [ 93.554639904971324, 25.367925276243049 ], [ 93.525910940817198, 25.369505506425753 ], [ 93.453058561174231, 25.355168755909524 ], [ 93.399326065857707, 25.312415508148398 ], [ 93.327214860240758, 25.257826154317218 ], [ 93.298663869387852, 25.244567437254304 ], [ 93.271746371406465, 25.253715619515216 ], [ 93.29361082069839, 25.246283268530131 ], [ 93.280234574516342, 25.205716880204889 ], [ 93.263864613389998, 25.154687159819293 ], [ 93.247356140118953, 25.057537393033517 ], [ 93.227214390944596, 24.997292604806791 ], [ 93.208432495887337, 24.961622827207364 ], [ 93.166025055924237, 24.912197835955084 ], [ 93.150616601711192, 24.892604996129759 ], [ 93.119635009419312, 24.861632244827298 ], [ 93.081805871029061, 24.824900721085452 ], [ 93.03968005711927, 24.767593814506032 ], [ 93.004573442417652, 24.72595634158138 ], [ 92.967107746019295, 24.691178371343067 ], [ 92.923510292141188, 24.636212697231581 ], [ 92.892962839912897, 24.607163204852331 ], [ 92.884419745581809, 24.566156490273826 ], [ 92.875587913970094, 24.523485304043071 ], [ 92.870279330138516, 24.460858288340155 ], [ 92.824846732735409, 24.201227622130972 ], [ 92.807176604419041, 24.160278277387057 ], [ 92.772144924592823, 24.173969432700478 ], [ 92.715897213795486, 24.187618571558719 ], [ 92.639827928420388, 24.198013537973949 ], [ 92.601171236997203, 24.192795469647546 ], [ 92.567346732890229, 24.180884137977454 ], [ 92.533643724540553, 24.160532017342106 ], [ 92.513458239030385, 24.14112477527577 ], [ 92.487677266752172, 24.123564804611807 ], [ 92.461859483388537, 24.110222157254992 ], [ 92.410074213670512, 24.105439522135224 ], [ 92.37457417848718, 24.10989183597264 ], [ 92.332370945933846, 24.118482549267984 ], [ 92.295438081564612, 24.118189367380854 ], [ 92.269121247480271, 24.118233521334542 ], [ 92.265120477667111, 24.108172421661919 ], [ 92.25952130927709, 24.095950323056215 ], [ 92.243446136372739, 24.068370136738892 ], [ 92.228273142312133, 24.046339726144904 ], [ 92.176423067687139, 24.01918218280619 ], [ 92.166738115789769, 24.011526971200272 ], [ 92.165638407907252, 23.986726241432141 ], [ 92.16160545216654, 23.959990224727669 ], [ 92.157272185967216, 23.931097523932383 ], [ 92.149392397352926, 23.878132628678969 ], [ 92.143016754191706, 23.834851630126007 ], [ 92.136337638683415, 23.8300697017192 ], [ 92.116740490862313, 23.811909256683638 ], [ 92.092924830232278, 23.799791209576295 ], [ 92.06078224522652, 23.800676276267509 ], [ 92.016470552667386, 23.801082199433839 ], [ 91.982193461632903, 23.80868713956367 ], [ 91.961603070925747, 23.798029839596669 ], [ 91.937668109724726, 23.784961952088519 ], [ 91.891228311380104, 23.784636476094946 ], [ 91.856563800881915, 23.789469039573685 ], [ 91.824388684338857, 23.790300427826562 ], [ 91.797594567694603, 23.778450178455586 ], [ 91.780383155036475, 23.762734895538614 ], [ 91.777874961118357, 23.73608709448327 ], [ 91.781260569551108, 23.721553484890251 ], [ 91.777334481926744, 23.717041276487983 ], [ 91.766070846920158, 23.660237092889219 ], [ 91.786769178725336, 23.554275051146814 ], [ 91.783465342309626, 23.546592700654983 ], [ 91.759926833693115, 23.530105139094861 ], [ 91.728440490170129, 23.504810183065345 ], [ 91.699307081569501, 23.482029195201132 ], [ 91.674508491299122, 23.461546738399466 ], [ 91.658885835835349, 23.441906029696625 ], [ 91.650573306435547, 23.421465346144139 ], [ 91.644758992339717, 23.417505110442878 ], [ 91.63150275290819, 23.362898620219337 ], [ 91.631414814887876, 23.360007888878954 ], [ 91.629589037579251, 23.352367302234224 ], [ 91.631079489474345, 23.348970814053693 ], [ 91.629018978668086, 23.280651280701193 ], [ 91.659481848972206, 23.192669042811392 ], [ 91.642847881485238, 23.161147127268208 ], [ 91.602551548982021, 23.125480049119737 ], [ 91.571439292806716, 23.102729982476596 ], [ 91.511532095245954, 23.060429260118767 ], [ 91.486018237180815, 23.037045503824576 ], [ 91.465591712944232, 23.039234478155048 ], [ 91.432234904417044, 23.058480687584165 ], [ 91.421806587908648, 23.080499863659025 ], [ 91.407444823129836, 23.101198771546564 ], [ 91.392864777727112, 23.120179694009046 ], [ 91.389436561660986, 23.137969327491493 ], [ 91.388944192559975, 23.164157431112276 ], [ 91.379155346721092, 23.191341692416756 ], [ 91.379314660600542, 23.222689909326167 ], [ 91.366236586894161, 23.253715740536489 ], [ 91.356015106553102, 23.277466683439773 ], [ 91.354668720671995, 23.296781755831429 ], [ 91.327902277000931, 23.324052006732302 ], [ 91.30620040374373, 23.331605458760293 ], [ 91.273316058428748, 23.340351752952984 ], [ 91.24429163733987, 23.3347321654478 ], [ 91.247659180845119, 23.301246892962769 ], [ 91.253700289597731, 23.282553296386041 ], [ 91.226021204604066, 23.268350442862594 ], [ 91.226012882600514, 23.251412575728946 ], [ 91.238351899900422, 23.21650189211929 ], [ 91.253887311724839, 23.16922596564293 ], [ 91.251662492080442, 23.15395848366213 ], [ 91.247654510397282, 23.14957744259257 ], [ 91.22984251745801, 23.14274772094873 ], [ 91.210595839738772, 23.139553362578859 ], [ 91.185867933126772, 23.168318850315281 ], [ 91.172302771941744, 23.195906790040546 ], [ 91.173903346589697, 23.239331664312779 ], [ 91.181593274842911, 23.301294629170776 ], [ 91.177629031618693, 23.345312749471383 ], [ 91.145831037138919, 23.423686571278754 ], [ 91.12988842402676, 23.47771143144255 ], [ 91.087150954001373, 23.57472209270275 ], [ 91.077738227445224, 23.60538664534095 ], [ 91.061279899751014, 23.64029326613041 ], [ 91.043953134406891, 23.668314226468297 ], [ 91.046762238957058, 23.690703638438862 ], [ 91.051661777864737, 23.714615534619107 ], [ 91.043903502158599, 23.743367811354659 ], [ 91.029663787943022, 23.765831154885216 ], [ 91.020819115908083, 23.785974901066368 ], [ 91.022568296545415, 23.799863200942447 ], [ 91.065679346968309, 23.844150008160558 ], [ 91.095278392963081, 23.887792833120617 ], [ 91.109201493432678, 23.927827947488957 ], [ 91.137123286935633, 23.976363475845226 ], [ 91.162762178386259, 24.041905213682242 ], [ 91.175283188685896, 24.061714221755953 ], [ 91.21889384804976, 24.073530134604326 ], [ 91.259405584411709, 24.107492797911284 ], [ 91.270255979104377, 24.132475824968843 ], [ 91.280359771815284, 24.166262216774587 ], [ 91.293853118979342, 24.182227325246259 ], [ 91.332731473075, 24.179112448004631 ], [ 91.373530231233602, 24.174392238389487 ], [ 91.396464091407026, 24.172660107726401 ], [ 91.415904249713748, 24.170509002958934 ], [ 91.44979113503129, 24.182446951271977 ], [ 91.45909950078493, 24.195363157468122 ], [ 91.470456075211956, 24.223743552065304 ], [ 91.473869438413061, 24.249519369478097 ], [ 91.481720903764568, 24.280031418726853 ], [ 91.491730779107968, 24.298095071696181 ], [ 91.51235120287437, 24.295790374261248 ], [ 91.52074855934066, 24.289041797520799 ], [ 91.557455832787426, 24.248900128642923 ], [ 91.579934351967054, 24.246380832967183 ], [ 91.585743735064668, 24.261417050770465 ], [ 91.588038284847812, 24.278590598666725 ], [ 91.588673158261471, 24.279866907212792 ], [ 91.596333104810526, 24.291601532259854 ], [ 91.606793447269027, 24.313650068484836 ], [ 91.623967221324165, 24.333811414068439 ], [ 91.638221118722441, 24.336133733998267 ], [ 91.666003003295828, 24.326483651258659 ], [ 91.707955863586676, 24.288548542474015 ], [ 91.714071416822975, 24.286397373371571 ], [ 91.724491809966835, 24.275397032499122 ], [ 91.731517118452672, 24.271116414966212 ], [ 91.7546741761481, 24.273716749177801 ], [ 91.759808829985815, 24.28358661587129 ], [ 91.774290599767554, 24.306330126629618 ], [ 91.799624964261128, 24.424339557741853 ], [ 91.800523237177956, 24.427324010343 ], [ 91.825975018705222, 24.448504129009759 ], [ 91.84951429413546, 24.460151679101905 ], [ 91.870028432924371, 24.463367749151232 ], [ 91.940732169762995, 24.466650222377218 ], [ 91.950932231969205, 24.46786693740605 ], [ 91.951411957635685, 24.467874134124738 ], [ 91.951487781146426, 24.467933182548869 ], [ 91.951698916023162, 24.467958358187346 ], [ 91.985221468223472, 24.471951112041626 ], [ 92.013598222711522, 24.498257900039917 ], [ 92.017489353662327, 24.526286140324963 ], [ 92.018118320170274, 24.530812603197926 ], [ 92.014762834306183, 24.582961510922228 ], [ 92.020100643329286, 24.588311012399643 ], [ 92.062300005626398, 24.619250015982161 ], [ 92.063329716287939, 24.621228989916894 ], [ 92.082563081761563, 24.624268330184346 ], [ 92.086165824230207, 24.649959546337371 ], [ 92.093333408367926, 24.687418890519009 ], [ 92.116537241764277, 24.743881721522811 ], [ 92.12501408212637, 24.803815083314635 ], [ 92.134491959896877, 24.870594196756734 ], [ 92.114615345457722, 24.932146603720593 ], [ 92.118031711642061, 24.956120007878713 ], [ 92.121980423263821, 24.961963020730842 ], [ 92.133720393754558, 24.963996498725621 ], [ 92.182861224939955, 24.958279909276175 ], [ 92.264830804853631, 24.92428360346376 ], [ 92.296459419210279, 24.919130792700237 ], [ 92.310873153884771, 24.916718784895401 ], [ 92.336605457597088, 24.949189414250153 ], [ 92.343077668384353, 24.967551889758244 ], [ 92.348668133916291, 24.992979824116777 ], [ 92.341373936635009, 25.021699150096563 ], [ 92.332839338811979, 25.041868650577523 ], [ 92.318437912119919, 25.071017194721591 ], [ 92.316333987942883, 25.0752751301046 ], [ 92.313640098503782, 25.080726885961624 ], [ 92.256849593194374, 25.124109568614113 ], [ 92.183986070965105, 25.168955247308826 ], [ 88.777120346518132, 22.743550929951851 ], [ 88.777172953229382, 22.733969210953202 ], [ 88.788254807010588, 22.684284618386751 ], [ 88.792035461892311, 22.679349243749723 ], [ 88.792863941512863, 22.676192684155485 ], [ 88.820774327894142, 22.638653337000861 ], [ 88.836137841435175, 22.611995015475983 ], [ 88.844600892102051, 22.578742857726084 ], [ 88.841776766638588, 22.530701244931358 ], [ 88.831892386582794, 22.466160551527835 ], [ 88.854814295322015, 22.341189921255808 ], [ 88.855600203374891, 22.298724270781001 ], [ 88.861709632288282, 22.237556365897067 ], [ 88.87353350240609, 22.212721773505351 ], [ 88.88198192776305, 22.196602263515011 ], [ 88.875506186486248, 22.137847226932927 ], [ 88.878389558934103, 22.096790734471316 ], [ 88.907502730709268, 22.012471923282337 ], [ 88.903780724268472, 21.975251192128916 ], [ 88.892645073448335, 21.951678948220742 ], [ 88.873207493234361, 21.932438171079902 ], [ 88.85536923105802, 21.929935941918806 ], [ 88.837935247249789, 21.931147760256057 ], [ 88.816585790534788, 21.936763956676263 ], [ 88.793433648498734, 21.946237621904352 ], [ 88.76837713172398, 21.956808246798929 ], [ 88.74711490603363, 21.965179551216295 ], [ 88.718605748538636, 21.971357224101713 ], [ 88.691719673059836, 21.973646149480217 ], [ 88.6670033373085, 21.977619705490206 ], [ 88.65432698147491, 21.981505539741761 ], [ 88.645633902507896, 21.985052914942528 ], [ 88.639294660926083, 21.992147434923414 ], [ 88.634132193831633, 22.001015762011043 ], [ 88.632230122282891, 22.012418162587757 ], [ 88.629241800107295, 22.033280725913173 ], [ 88.6278847113621, 22.050258191063062 ], [ 88.6200939360685, 22.063097983811943 ], [ 88.594901281559302, 22.062423189121276 ], [ 88.594505883186685, 22.062288972873013 ], [ 88.584227579505907, 22.070605032742101 ], [ 88.581342755920573, 22.070803140038564 ], [ 88.544612076187278, 22.049805835049472 ], [ 88.520318762080421, 22.035469900443623 ], [ 88.507110367466737, 22.026726410884475 ], [ 88.499032669717295, 22.027404898253554 ], [ 88.493307913054494, 22.024858294382291 ], [ 88.488810832584434, 22.024428659882506 ], [ 88.46955313854518, 22.021956894507632 ], [ 88.440816023148415, 22.005982589955519 ], [ 88.418121488611646, 21.990534620908008 ], [ 88.385738563307712, 21.938118932558268 ], [ 88.344086800144424, 21.878801499420817 ], [ 88.308171669682693, 21.839904927636208 ], [ 88.243481193811633, 21.811298802476049 ], [ 88.182359009807399, 21.796196176906914 ], [ 88.173305367597337, 21.796113897780462 ], [ 88.1432269177661, 21.798027069851642 ], [ 88.113338672229148, 21.815875800947044 ], [ 88.104067275965249, 21.830111236703999 ], [ 88.103915091250471, 21.830316477380471 ], [ 88.082167316719818, 21.889263157214664 ], [ 88.065233834630277, 21.972512584198082 ], [ 88.078659555399796, 22.006586912734811 ], [ 88.10101842817879, 22.114941164704224 ], [ 88.090366272283276, 22.167694691047831 ], [ 88.05503217488284, 22.21719833065627 ], [ 88.04531727646588, 22.217831957868135 ], [ 88.043539930605135, 22.217248012060669 ], [ 88.038166644919215, 22.215482440688842 ], [ 88.035141929535399, 22.203411094330466 ], [ 88.033774866252315, 22.1888582908906 ], [ 88.031917477381938, 22.169066307141097 ], [ 88.036331370369609, 22.128821757789812 ], [ 88.033992114568946, 22.117280980659373 ], [ 88.031164018772373, 22.100500876875579 ], [ 88.007645773270781, 22.064280546773041 ], [ 87.99887988834864, 22.044459153699957 ], [ 87.986779526256967, 22.022559080504653 ], [ 87.975663678252104, 21.997644475228096 ], [ 87.959257943519518, 21.976672575481206 ], [ 87.933260487108868, 21.947079320653906 ], [ 87.880107697663519, 21.888546397606177 ], [ 87.788792164922484, 21.796606468611156 ], [ 87.762242432965195, 21.759959522331449 ], [ 87.750428854597175, 21.74034422127199 ], [ 87.741062442398828, 21.719948586721166 ], [ 87.705555820514292, 21.674003425133584 ], [ 87.683473602412036, 21.651654340159666 ], [ 87.667265692561713, 21.63882367706918 ], [ 87.646071973942341, 21.626375869427498 ], [ 87.6262253476079, 21.622038806224751 ], [ 87.61401648187919, 21.618871210274506 ], [ 87.60492587465221, 21.61546220328275 ], [ 87.579688667628503, 21.599790228221465 ], [ 87.55383231683102, 21.584159435447653 ], [ 87.519809886250982, 21.575605667880549 ], [ 87.486564096317153, 21.568745483755645 ], [ 87.453368697638496, 21.562460364862595 ], [ 87.432524335965127, 21.555533657060668 ], [ 87.429216066390509, 21.555955576650632 ], [ 87.420307088787013, 21.553229090655837 ], [ 87.401506642292588, 21.547748889073347 ], [ 87.369255733966668, 21.548264633762312 ], [ 87.341601301761145, 21.547996578409474 ], [ 87.293399529723516, 21.535161339934159 ], [ 87.27060839716745, 21.530611340936112 ], [ 87.221874914737484, 21.527598181987237 ], [ 87.133349515253371, 21.508739248918388 ], [ 87.132360269972864, 21.508340919395025 ], [ 87.125821410886573, 21.507057909388607 ], [ 87.097480161269516, 21.506205505780173 ], [ 87.066920719433426, 21.501394831623045 ], [ 87.035150458199496, 21.489609869310769 ], [ 86.995347521530348, 21.46428823894751 ], [ 86.930042854540005, 21.4190359018931 ], [ 86.923991226402578, 21.414564678634491 ], [ 86.910258348083204, 21.407793679849064 ], [ 86.892184044309928, 21.391053420298764 ], [ 86.861174094431263, 21.368114257940015 ], [ 86.820427092737262, 21.33043755004315 ], [ 86.792856895427946, 21.292395015868681 ], [ 86.768166699797604, 21.266494398304982 ], [ 86.736755754245323, 21.219290109972594 ], [ 86.723914025277267, 21.184301468623893 ], [ 86.70717079136773, 21.139580204924695 ], [ 86.700281864571608, 21.092399503750961 ], [ 86.705878503742127, 21.060233072705152 ], [ 86.709560117741759, 21.027613156054837 ], [ 86.72208077305099, 20.987905073130214 ], [ 86.740853665191153, 20.955999624977995 ], [ 86.790283054938868, 20.900185593632091 ], [ 86.807976318686229, 20.870711892862357 ], [ 86.816840752145765, 20.848327697850852 ], [ 86.815703002991285, 20.826055970326742 ], [ 86.813945294109317, 20.803827609251961 ], [ 86.813067305460805, 20.79271335438369 ], [ 86.81396356763122, 20.780298872045766 ], [ 86.818914994951342, 20.77171871344315 ], [ 86.823819865202495, 20.762553746962922 ], [ 86.835841776964202, 20.756420691992393 ], [ 86.85325294059065, 20.755203225613482 ], [ 86.872435466890266, 20.752683664424456 ], [ 86.870841268642096, 20.740445603530649 ], [ 86.868264452810664, 20.730178661909715 ], [ 86.865893582595604, 20.718698007947836 ], [ 86.867061936612672, 20.701861187212682 ], [ 86.88443702741273, 20.688674772318709 ], [ 86.887435754241338, 20.673204252981829 ], [ 86.874726661708095, 20.655549382557968 ], [ 86.874404863673234, 20.655205453566747 ], [ 86.834049464384677, 20.6224520950719 ], [ 86.796669870627341, 20.59305746612943 ], [ 86.770825279736201, 20.572718578110635 ], [ 86.751355251722984, 20.555236889341113 ], [ 86.725180412085507, 20.545443762137729 ], [ 86.690255755913526, 20.532367094870303 ], [ 86.673994271037813, 20.515827776461414 ], [ 86.627100578858219, 20.474301429555933 ], [ 86.610986513156703, 20.459506062259774 ], [ 86.585465499624235, 20.419450548588291 ], [ 86.575794252790345, 20.407155937361281 ], [ 86.571358674783767, 20.398038844025763 ], [ 86.569319144171629, 20.387583324474132 ], [ 86.568522110858652, 20.377044181582679 ], [ 86.567460181972962, 20.362991925742598 ], [ 86.56635495610432, 20.34835407763137 ], [ 86.569196024840963, 20.336393793742925 ], [ 86.58001569518369, 20.330959595160412 ], [ 86.588616996851485, 20.3292047599681 ], [ 86.605285749751161, 20.335144568560608 ], [ 86.622398969315512, 20.346936089027032 ], [ 86.626567098611517, 20.350768853876591 ], [ 86.637355562455852, 20.358588557166502 ], [ 86.657294810639826, 20.380893964268338 ], [ 86.684703746986642, 20.393179251833125 ], [ 86.685514634723177, 20.381740241610242 ], [ 86.681160070828355, 20.360096210536792 ], [ 86.672056421209703, 20.323804895784942 ], [ 86.635969437761744, 20.272595817668268 ], [ 86.549613791404397, 20.221784513576274 ], [ 86.44531907328566, 20.139434449297703 ], [ 86.362773037339096, 20.05247106505858 ], [ 86.332918576196079, 20.000515292867675 ], [ 86.331920879309266, 19.998759896373421 ], [ 86.283310674765431, 19.96644174396641 ], [ 86.2370889632858, 19.93959830363649 ], [ 86.144631722208189, 19.898918282250712 ], [ 85.98429297732936, 19.812612800069594 ], [ 85.92573075930666, 19.793193066819683 ], [ 85.913474989328392, 19.792077802402623 ], [ 85.886489168199944, 19.789028305785536 ], [ 85.868723309929706, 19.784228042109923 ], [ 85.849395688879426, 19.774805503588336 ], [ 85.830237946755275, 19.764245286391276 ], [ 85.730799989219548, 19.738582714113889 ], [ 85.719108088235657, 19.736171970150725 ], [ 85.693561626111915, 19.729204055333682 ], [ 85.649691743919689, 19.718185743742314 ], [ 85.58235507391673, 19.688084879724261 ], [ 85.572511997617667, 19.685997525329633 ], [ 85.529278782288316, 19.682078052814454 ], [ 85.516754131951686, 19.681050504742061 ], [ 85.490153526996309, 19.674364055042062 ], [ 85.465765157208835, 19.663411992288424 ], [ 85.448511800530994, 19.656756459277712 ], [ 85.434592153798263, 19.653443504575431 ], [ 85.415900409276048, 19.653359307805548 ], [ 85.405466435078893, 19.655740610397892 ], [ 85.404604056925237, 19.665907341178066 ], [ 85.40674266735499, 19.675262789073674 ], [ 85.436974740319499, 19.69532433718161 ], [ 85.497427260591451, 19.723429613247507 ], [ 85.54040045958962, 19.783735891771673 ], [ 85.554111221136125, 19.809166610639416 ], [ 85.552840452521551, 19.827301683111884 ], [ 85.517290446493647, 19.861018257946046 ], [ 85.482036543117928, 19.884020445467772 ], [ 85.449673133738258, 19.891627927267898 ], [ 85.409270853416189, 19.885283211955674 ], [ 85.409213953633071, 19.885255272181784 ], [ 85.403084369688628, 19.885446642563533 ], [ 85.380713480565817, 19.877323850862755 ], [ 85.359277756737086, 19.864420439574097 ], [ 85.293983149932345, 19.819840422210888 ], [ 85.222953298912586, 19.763154349981313 ], [ 85.194195943857423, 19.732928535362788 ], [ 85.184782163682655, 19.722250964780628 ], [ 85.17924757126589, 19.713711774380652 ], [ 85.172208235789384, 19.701125154292388 ], [ 85.174572241345516, 19.694056602016271 ], [ 85.174825561625653, 19.693299145956125 ], [ 85.175730590248705, 19.693005934487246 ], [ 85.134881888933435, 19.641547665100081 ], [ 85.131131631706296, 19.635322338700252 ], [ 85.082044211138054, 19.662861411675504 ], [ 85.021268331299453, 19.669581425219782 ], [ 84.926031525283634, 19.671595692787804 ], [ 84.919967841237693, 19.671621828470741 ], [ 84.857899681502701, 19.671861455671245 ], [ 84.818740294089281, 19.696265529893513 ], [ 84.81504971437279, 19.712793796493468 ], [ 84.813852685885934, 19.736845499572254 ], [ 84.815093122621732, 19.754036303626499 ], [ 84.815919056469596, 19.778918890389996 ], [ 84.788745749141768, 19.808283966534148 ], [ 84.730068944557203, 19.862387791514688 ] ], [ [ 85.373581119692616, 20.320514801524325 ], [ 85.140849065237035, 20.154828984906015 ], [ 85.14733421415437, 20.075080075847911 ], [ 85.128679725995838, 20.023973471009423 ], [ 85.147334663991501, 20.075074544129151 ], [ 85.435784626842377, 20.312153922205614 ], [ 85.373581119692616, 20.320514801524325 ] ], [ [ 85.435784626842377, 20.312153922205614 ], [ 85.459958262431201, 20.312150023029204 ], [ 85.461794554802267, 20.312149953175712 ], [ 85.435784626842377, 20.312153922205614 ] ], [ [ 86.378271120260365, 24.004451607600995 ], [ 86.375008357592861, 24.018953377199967 ], [ 86.378270817282655, 24.004451562650285 ], [ 86.378271120260365, 24.004451607600995 ] ], [ [ 86.378270817282655, 24.004451562650285 ], [ 86.382136730142051, 23.987270405786401 ], [ 86.378271161165273, 24.004451425793899 ], [ 86.378270817282655, 24.004451562650285 ] ], [ [ 83.64802090939628, 22.541590871829342 ], [ 83.640100495639743, 22.546156876735878 ], [ 83.655940575967051, 22.537024662547637 ], [ 83.64802090939628, 22.541590871829342 ] ], [ [ 84.947579462382407, 22.426831117681914 ], [ 84.982136965182534, 22.3942285952823 ], [ 84.969566379529482, 22.40609068817928 ], [ 84.947579462382407, 22.426831117681914 ] ], [ [ 85.272538673960497, 21.089415110332844 ], [ 85.261246857387221, 21.08286845150457 ], [ 85.259477303739729, 21.081842314375866 ], [ 85.272538673960497, 21.089415110332844 ] ], [ [ 85.112713919381079, 20.77943744821237 ], [ 85.115657480005567, 20.816376166390882 ], [ 85.11367150527137, 20.791497407217044 ], [ 85.112713919381079, 20.77943744821237 ] ], [ [ 88.687660496925204, 25.528411527533994 ], [ 89.750487505794695, 25.536613879408662 ], [ 89.753926500690056, 25.554338078894453 ], [ 89.75471308978706, 25.558385722184934 ], [ 89.759287753962028, 25.707681238161978 ], [ 89.754521859844942, 25.762002462624803 ], [ 89.748952491272107, 25.789494977367422 ], [ 89.738278810013767, 25.817518242402127 ], [ 89.732668687831207, 25.834484580764723 ], [ 89.724106159394452, 25.858779958900335 ], [ 89.722472095559851, 25.876505412846196 ], [ 89.726534119622272, 25.898321452445632 ], [ 89.744503581021945, 25.917520394005898 ], [ 89.769897953081653, 25.944133252034607 ], [ 89.779184878564237, 25.956037352576089 ], [ 89.783511452459152, 25.969628971309266 ], [ 89.785875615473472, 25.988106664635044 ], [ 89.753454561871052, 26.068742600577053 ], [ 89.729229824695793, 26.142679811153787 ], [ 89.708374071310601, 26.182322364895942 ], [ 89.689719451278904, 26.208858198166173 ], [ 89.671593393387852, 26.237692270951513 ], [ 89.669237021623573, 26.241439992112312 ], [ 89.649285791195311, 26.26811253162629 ], [ 89.62399832050636, 26.283630630635123 ], [ 89.60891004171927, 26.287544148959164 ], [ 89.579302554808635, 26.292898406803239 ], [ 89.578432436278121, 26.293055664397738 ], [ 89.567139839397043, 26.286029239491402 ], [ 89.560709159596229, 26.269280039738 ], [ 89.55018014087166, 26.262042911147656 ], [ 89.549350999316161, 26.202605841821391 ], [ 89.550871895400633, 26.150393594119556 ], [ 89.543157838622335, 26.128049804673665 ], [ 89.535145241954254, 26.115992583547722 ], [ 89.528673651229681, 26.095577156540898 ], [ 89.527035510888368, 26.072321371079855 ], [ 89.527100976014282, 26.070245349745459 ], [ 89.511097724026342, 26.036378856313359 ], [ 89.49209819060907, 26.036970510564313 ], [ 89.464505783249152, 26.049455646427742 ], [ 89.440056185741099, 26.06132786915639 ], [ 89.410599717574684, 26.064335492471695 ], [ 89.365223262800811, 26.085360686159195 ], [ 89.330351444659414, 26.097106520509403 ], [ 89.29204212813238, 26.102161529402704 ], [ 89.240615447281385, 26.106185754491058 ], [ 89.221243029885159, 26.117515915427269 ], [ 89.203153266228782, 26.139265880018204 ], [ 89.184060245071691, 26.16346140441404 ], [ 89.153121915325116, 26.186502220572365 ], [ 89.113847817647027, 26.198174040402932 ], [ 89.102114591138474, 26.205016371191373 ], [ 89.097628637513409, 26.210826927865302 ], [ 89.097767968045105, 26.243648081836717 ], [ 89.093200839209487, 26.280460010773805 ], [ 89.077497665380236, 26.332464085287882 ], [ 89.050928893193245, 26.391426448166722 ], [ 89.046930300895355, 26.411767868205494 ], [ 89.019623214894523, 26.443829778353241 ], [ 89.003463827129139, 26.460699690746928 ], [ 88.987709639308136, 26.466363645457911 ], [ 88.967276260435199, 26.473708992454132 ], [ 88.928784607886641, 26.478722416618197 ], [ 88.891674534527624, 26.482413873137482 ], [ 88.891429355510098, 26.482438229687062 ], [ 88.879250037492042, 26.479766446959076 ], [ 88.8778909038124, 26.479831716430024 ], [ 88.877515543461399, 26.479385854418609 ], [ 88.861936787983623, 26.475966421037366 ], [ 88.850356656706424, 26.455980088134094 ], [ 88.854096710777497, 26.434690647467306 ], [ 88.852240058130249, 26.424673664909918 ], [ 88.882553768128716, 26.394468909864663 ], [ 88.949923365298019, 26.342644933666783 ], [ 88.962312181123835, 26.328059886163913 ], [ 88.96005989425548, 26.319551981192127 ], [ 88.935208921179424, 26.307939829237988 ], [ 88.900055245496333, 26.30790046655785 ], [ 88.868738044058418, 26.318034249297096 ], [ 88.844972662025185, 26.336806664355255 ], [ 88.799757550877516, 26.350644577906877 ], [ 88.763539500795744, 26.363588604677297 ], [ 88.721628302240205, 26.361820535329599 ], [ 88.693671670976755, 26.335199129714592 ], [ 88.670702732327769, 26.317476139291919 ], [ 88.667319490060066, 26.309805839048749 ], [ 88.652844342346569, 26.296284776285464 ], [ 88.650318226151342, 26.266305124163228 ], [ 88.659722641669077, 26.23306555722537 ], [ 88.659813804250746, 26.228900432525936 ], [ 88.660248715981481, 26.206317670471183 ], [ 88.656395238452617, 26.195248712009779 ], [ 88.636124972873688, 26.189026872282678 ], [ 88.61447895543364, 26.202289010247934 ], [ 88.581658378899078, 26.215315609114018 ], [ 88.558096591351742, 26.227446400966592 ], [ 88.547383368173186, 26.242568059615071 ], [ 88.545712894084616, 26.268094726163017 ], [ 88.546936650423731, 26.301233702246424 ], [ 88.548243763260629, 26.309380132559674 ], [ 88.568467398113668, 26.354256667481341 ], [ 88.589889687578889, 26.38953447491415 ], [ 88.591984793509326, 26.40132305358614 ], [ 88.593031833243145, 26.403041162472551 ], [ 88.594363227256082, 26.414185825737473 ], [ 88.594550040207039, 26.415749049003974 ], [ 88.596362748666124, 26.425937786590566 ], [ 88.595897388210034, 26.427019623274393 ], [ 88.597361706767074, 26.439261025148756 ], [ 88.581441187240458, 26.467580552663097 ], [ 88.556294855341633, 26.486459819094566 ], [ 88.523869355296611, 26.499001984649059 ], [ 88.508514807978713, 26.512256401974437 ], [ 88.499626903558379, 26.524896352411865 ], [ 88.486023126045552, 26.541538270537497 ], [ 88.46597970203257, 26.558814425261271 ], [ 88.426305288928376, 26.58625307766442 ], [ 88.39044206540639, 26.602681783922886 ], [ 88.360717440456853, 26.605530624819213 ], [ 88.332985976146276, 26.592841958003191 ], [ 88.314161408084701, 26.578116637209749 ], [ 88.309930455146869, 26.569130496145636 ], [ 88.309643668467118, 26.568847778317924 ], [ 88.309383776117457, 26.567969246073524 ], [ 88.303529151096583, 26.555530850626109 ], [ 88.2985036200851, 26.535951299367749 ], [ 88.297901053506223, 26.53104577838101 ], [ 88.297727305152108, 26.529629656726097 ], [ 88.296361684601308, 26.518463463328388 ], [ 88.30425922144353, 26.508275585863434 ], [ 88.371120459080032, 26.481871013934942 ], [ 88.427236146624054, 26.462620067574111 ], [ 88.433014987118455, 26.459566472233931 ], [ 88.462198725467687, 26.441495545229586 ], [ 88.474601832756321, 26.425033397717854 ], [ 88.472538880526201, 26.407611050628244 ], [ 88.465081089838435, 26.39522124870172 ], [ 88.440376257511531, 26.378495609972482 ], [ 88.4308474836416, 26.374121953557601 ], [ 88.398426357322975, 26.365358738924275 ], [ 88.380023439230683, 26.353012600167311 ], [ 88.365830993353669, 26.33203826860532 ], [ 88.358227776442206, 26.311611120074936 ], [ 88.348863741871938, 26.298399680854811 ], [ 88.318884730511286, 26.264811755133959 ], [ 88.283210533397011, 26.249375650560957 ], [ 88.266475862494545, 26.228622652111749 ], [ 88.24886155519286, 26.211474188125148 ], [ 88.224188701148123, 26.200859226165594 ], [ 88.18649625110298, 26.190278692390908 ], [ 88.155650748062627, 26.182574798955148 ], [ 88.132010512101317, 26.169491577148388 ], [ 88.109266607430854, 26.152793028566052 ], [ 88.099417489329753, 26.134896179984228 ], [ 88.088121697870818, 26.104200283211881 ], [ 88.076599733655684, 26.082927862789663 ], [ 88.043596734697374, 26.009550436948498 ], [ 88.016614720087702, 25.966173217626242 ], [ 88.011565361394716, 25.944297159095687 ], [ 88.007416787013554, 25.918811351939866 ], [ 88.001985905226945, 25.893442272439543 ], [ 88.00672155675926, 25.865970240320138 ], [ 88.013391807848492, 25.844200766836526 ], [ 88.024566698959077, 25.827898936626269 ], [ 88.042945410416237, 25.817992553985633 ], [ 88.057685941148165, 25.815008290665187 ], [ 88.060384149873968, 25.814461861319966 ], [ 88.074694417362295, 25.811562933237418 ], [ 88.075601120988807, 25.81147992055346 ], [ 88.077321939223637, 25.810711664297049 ], [ 88.086840678502384, 25.810450410445021 ], [ 88.111968459824325, 25.808145570925205 ], [ 88.119372964027306, 25.809552660946093 ], [ 88.168480664157627, 25.808183258917051 ], [ 88.200619950417703, 25.803118693257634 ], [ 88.22141478227752, 25.788655190783025 ], [ 88.297895251730708, 25.719296263251344 ], [ 88.327732209200192, 25.69655226679588 ], [ 88.378091523957536, 25.637832598984446 ], [ 88.439497076754577, 25.562813779122614 ], [ 88.465177360934931, 25.547035838879399 ], [ 88.468338243204613, 25.54348020414605 ], [ 88.471799231317206, 25.542966236748768 ], [ 88.489089388660574, 25.532338040312716 ], [ 88.498008117090052, 25.526947888070286 ], [ 88.606874346712175, 25.52778806160293 ], [ 88.618541843580061, 25.533042289224248 ], [ 88.630345573686526, 25.537067378421693 ], [ 88.650060786950419, 25.541316212706032 ], [ 88.679388156321309, 25.539543418112238 ], [ 88.687660496925204, 25.528411527533994 ] ], [ [ 87.906963975801787, 25.522386513566392 ], [ 87.913370244418161, 25.525212086772271 ], [ 87.846338651179892, 25.495654349574213 ], [ 87.906963975801787, 25.522386513566392 ] ], [ [ 87.749996772024858, 25.287953163704959 ], [ 87.718932725310466, 25.320426655470392 ], [ 87.718535425692806, 25.320841502939025 ], [ 87.749996772024858, 25.287953163704959 ] ], [ [ 87.513263248601731, 24.172842550351934 ], [ 87.514378819838839, 24.188316409890632 ], [ 87.513820496616603, 24.180579496052992 ], [ 87.513263248601731, 24.172842550351934 ] ], [ [ 87.378378805229829, 22.961779135821647 ], [ 87.324678218502655, 22.96999238040776 ], [ 87.378381116640611, 22.961777791914372 ], [ 87.378378805229829, 22.961779135821647 ] ], [ [ 86.601099046554708, 22.143877594071594 ], [ 86.604628425663236, 22.14449962548543 ], [ 86.601090593244976, 22.143876730822022 ], [ 86.601099046554708, 22.143877594071594 ] ], [ [ 86.272610375894587, 24.465646783418368 ], [ 86.287613179735487, 24.485185529626904 ], [ 86.283730489363506, 24.480130005881136 ], [ 86.272610375894587, 24.465646783418368 ] ], [ [ 83.796884812864448, 24.565063946883743 ], [ 83.796884812864434, 24.565063946883743 ], [ 83.807173571800163, 24.556345890554923 ], [ 83.796884812864448, 24.565063946883743 ] ], [ [ 84.417492914932481, 24.300220989595442 ], [ 84.408574406907903, 24.293027335365224 ], [ 84.403231851187584, 24.288717213588342 ], [ 84.417492914932481, 24.300220989595442 ] ], [ [ 91.740114167579691, 26.305982517586163 ], [ 91.779442380168817, 26.323238078599626 ], [ 91.743391205239178, 26.307421466953237 ], [ 91.740114167579691, 26.305982517586163 ] ], [ [ 91.044366986833339, 25.749853259818661 ], [ 91.027411602815675, 25.747131952047049 ], [ 91.044374382926193, 25.749852369282305 ], [ 91.044366986833339, 25.749853259818661 ] ] ], [ [ [ 85.147334663991501, 20.075074544129151 ], [ 85.14733421415437, 20.075080075847911 ], [ 85.160487710572013, 20.111115936920459 ], [ 85.147334663991501, 20.075074544129151 ] ] ] ] } },
{ "type": "Feature", "properties": { "state_name": "Berar", "id": 3 }, "geometry": { "type": "Polygon", "coordinates": [ [ [ 78.288676928592707, 20.556455018140372 ], [ 78.325246835797401, 20.521384598228632 ], [ 78.358195133649431, 20.513931945409983 ], [ 78.397244217611174, 20.512970144376748 ], [ 78.482431152738783, 20.516543542037827 ], [ 78.508430908682172, 20.513987688242988 ], [ 78.537238037796442, 20.49900753049759 ], [ 78.556000896167873, 20.482379066252623 ], [ 78.581374113868918, 20.440876740257352 ], [ 78.603723244823655, 20.398495338201187 ], [ 78.632052176796506, 20.378873395786236 ], [ 78.721489833481215, 20.34266015912085 ], [ 78.741813997608119, 20.3242985651429 ], [ 78.756454389433657, 20.302522637899944 ], [ 78.772615953492235, 20.259319074907264 ], [ 78.798167080351774, 20.217637566648452 ], [ 78.868751731654967, 20.181837813868132 ], [ 78.92240039589781, 20.142914290335586 ], [ 78.936830790905475, 20.110423234783383 ], [ 78.957943086045262, 20.029606378446161 ], [ 78.987208000694139, 19.989552526735626 ], [ 78.986712428807365, 19.959257110623984 ], [ 78.96756668659242, 19.931276376725872 ], [ 78.918535882642587, 19.904141874182578 ], [ 78.875449999732922, 19.898224475826126 ], [ 78.849344043788491, 19.902520931291011 ], [ 78.821474898385418, 19.913993213327551 ], [ 78.79005100956023, 19.938036506056786 ], [ 78.713493372814867, 19.925201299496511 ], [ 78.669481694971395, 19.916888782462792 ], [ 78.637598734747542, 19.919648226683179 ], [ 78.59039826590552, 19.968430375050112 ], [ 78.562704610865154, 19.986269617721877 ], [ 78.546740147242474, 19.986689974498457 ], [ 78.515728479074937, 19.981801153358067 ], [ 78.504634574510646, 19.97353839783867 ], [ 78.486673317512896, 19.974006326255406 ], [ 78.461738671021791, 19.97560343930401 ], [ 78.442866721848318, 19.982742239005077 ], [ 78.432079184028012, 19.997272415382778 ], [ 78.398330669749242, 20.012388345648549 ], [ 78.380323924872982, 20.009996604450905 ], [ 78.362205415259325, 19.999055734404198 ], [ 78.340934703955185, 19.975842819461267 ], [ 78.315785542306273, 19.961276602526063 ], [ 78.292755071965814, 19.956155037170273 ], [ 78.273859888202296, 19.962327538921528 ], [ 78.20120993243421, 19.983124666343109 ], [ 78.170106227530155, 19.971539082473896 ], [ 78.154801408248957, 19.94436858257572 ], [ 78.151459519227956, 19.915006025963436 ], [ 78.150005951832199, 19.876098153097274 ], [ 78.138774071123976, 19.854526335536537 ], [ 78.113595958723337, 19.835194384815654 ], [ 78.112739047545176, 19.833572706222377 ], [ 78.096256165031463, 19.802372292799813 ], [ 78.096043332560882, 19.783380417558462 ], [ 78.102835976439394, 19.766117362324369 ], [ 78.112610012785538, 19.747831114573888 ], [ 78.173226062462106, 19.726388297824549 ], [ 78.216960959229979, 19.712948150858701 ], [ 78.234742487981521, 19.698252106968816 ], [ 78.283154713814426, 19.659977284803492 ], [ 78.329850305404634, 19.64643281232317 ], [ 78.342759694963931, 19.642300459068821 ], [ 78.35449968057587, 19.623946230718094 ], [ 78.354339523883283, 19.610649456050517 ], [ 78.353217717023838, 19.600227867078562 ], [ 78.347069677232525, 19.586136268591023 ], [ 78.325039602157716, 19.577204758024621 ], [ 78.281048691427827, 19.5650345753753 ], [ 78.273998098188741, 19.558565410253347 ], [ 78.262843539295901, 19.541752229103171 ], [ 78.261598649107555, 19.519937137184986 ], [ 78.269982042627419, 19.46843135608799 ], [ 78.271408610983812, 19.418055604425728 ], [ 78.264238679430676, 19.400194800764613 ], [ 78.234184333373776, 19.383871881197994 ], [ 78.185289096691903, 19.37467383564881 ], [ 78.13057813057209, 19.380805365239439 ], [ 78.108937351060447, 19.406985328637745 ], [ 78.094393180100113, 19.540287069533342 ], [ 78.087881297801687, 19.584131427574462 ], [ 78.0780752163068, 19.59956726269785 ], [ 78.060241959282607, 19.610450702913433 ], [ 78.047281456472106, 19.610767452367526 ], [ 78.029266167291112, 19.604559275680359 ], [ 78.011133891426624, 19.586958251776764 ], [ 77.992850412540918, 19.554168936579178 ], [ 77.975702390866928, 19.434011515516108 ], [ 77.974427416938227, 19.405563384592682 ], [ 77.971235905156064, 19.384757272797355 ], [ 77.960187667157541, 19.375534646934018 ], [ 77.929219750599358, 19.366796608086059 ], [ 77.91527487730616, 19.367134832023297 ], [ 77.886475965456199, 19.377321564996357 ], [ 77.869654510559315, 19.390064006229796 ], [ 77.869891864267913, 19.415684165393834 ], [ 77.872052565995943, 19.43366601229144 ], [ 77.871070391684157, 19.540949662895677 ], [ 77.869321107569974, 19.56662158163844 ], [ 77.849549811054956, 19.585124452379038 ], [ 77.82569596211286, 19.594227632612863 ], [ 77.793850945449989, 19.602564198690082 ], [ 77.769053963424952, 19.618325778306147 ], [ 77.755409514696041, 19.653759763685855 ], [ 77.752608266985163, 19.674706361556677 ], [ 77.722792341222657, 19.688675952442878 ], [ 77.699846753284945, 19.690146012257319 ], [ 77.680824773687036, 19.683932309438365 ], [ 77.63558409573811, 19.646989163721148 ], [ 77.605573220233325, 19.639120086184363 ], [ 77.577669139516232, 19.644484977523785 ], [ 77.569771041251514, 19.655097184204205 ], [ 77.560944489301704, 19.674269026672011 ], [ 77.544553299898766, 19.744845518759078 ], [ 77.539733643613374, 19.765826599959308 ], [ 77.529007465127293, 19.797373449274296 ], [ 77.487291528929958, 19.827684742634972 ], [ 77.458666532621919, 19.87193532987094 ], [ 77.426128789454197, 19.928588292564609 ], [ 77.383307023242509, 19.951293238195664 ], [ 77.311475024915225, 19.975522631091668 ], [ 77.235575206043109, 19.994111626094568 ], [ 77.176483825480588, 19.985795417615623 ], [ 77.122322100852926, 19.965994491517662 ], [ 77.061993011675682, 19.917867229707458 ], [ 77.010833720641529, 19.894201094977198 ], [ 76.988827715067259, 19.894618027016442 ], [ 76.964846367461575, 19.8998080594566 ], [ 76.942873988059659, 19.906852554685234 ], [ 76.90892797092117, 19.920748194214795 ], [ 76.867008118478452, 19.942360783979673 ], [ 76.837990266235863, 19.943834597535226 ], [ 76.787856921764416, 19.925790196782565 ], [ 76.710531845035462, 19.870333553585407 ], [ 76.695456479757212, 19.856392468014224 ], [ 76.673417593804658, 19.852043735586125 ], [ 76.635427878579193, 19.863121983269544 ], [ 76.623322134380501, 19.872665928046079 ], [ 76.619463112090003, 19.875707803772819 ], [ 76.606538052308338, 19.897708296182962 ], [ 76.585614160177542, 19.923628668756521 ], [ 76.560641916992338, 19.940144068243111 ], [ 76.539607127637353, 19.93954867967145 ], [ 76.514533554965865, 19.930498006889085 ], [ 76.456318703328165, 19.897375240273693 ], [ 76.400150918789407, 19.876513435860652 ], [ 76.35805512495017, 19.869614505314438 ], [ 76.335015819517196, 19.869979116089688 ], [ 76.309003537443573, 19.881742714832328 ], [ 76.246104991434194, 19.966919075711488 ], [ 76.228231312794065, 20.034351881009595 ], [ 76.22830798521197, 20.065564923086743 ], [ 76.235391873553596, 20.091943890289233 ], [ 76.245473238952627, 20.113548949024842 ], [ 76.265600961136386, 20.141625713166839 ], [ 76.265668854986842, 20.169998268079961 ], [ 76.272742230305113, 20.191646384010419 ], [ 76.303929464596408, 20.228070059357226 ], [ 76.308029989961256, 20.263948230970769 ], [ 76.30507214671448, 20.285743534705027 ], [ 76.294080156917474, 20.305763614370324 ], [ 76.257016739572848, 20.33939387979769 ], [ 76.199907490963284, 20.400704455789118 ], [ 76.177911827320983, 20.457723361127698 ], [ 76.147824579172735, 20.490263786915094 ], [ 76.124730702313499, 20.501910371224817 ], [ 76.070505590844476, 20.53757744347671 ], [ 76.001196018317501, 20.600799440418623 ], [ 75.993165524469674, 20.619790301905336 ], [ 75.993181862041951, 20.641516653958345 ], [ 76.007282232218159, 20.664962654604579 ], [ 76.011326767179014, 20.690419688898917 ], [ 76.008327547144333, 20.714071687114586 ], [ 75.990285515497888, 20.809686769014281 ], [ 75.979234331472114, 20.842871627646804 ], [ 75.982268298722175, 20.860782759951839 ], [ 76.007472403373697, 20.891666402403008 ], [ 76.038718661802335, 20.912090931891214 ], [ 76.088121445384587, 20.943640271029654 ], [ 76.120417151022437, 20.978221483072229 ], [ 76.13557502206551, 21.002610693116271 ], [ 76.132618976566505, 21.040440705356254 ], [ 76.130577817715192, 21.047892297156167 ], [ 76.125607911080436, 21.0660330615909 ], [ 76.121603443227158, 21.082141342637986 ], [ 76.110542895851722, 21.100218670355947 ], [ 76.081352717635269, 21.135501103896559 ], [ 76.070302925415859, 21.165852797004593 ], [ 76.060268490297574, 21.202803393100886 ], [ 76.035064500854517, 21.221019078797216 ], [ 75.996733316369713, 21.240308211159835 ], [ 75.954349387183697, 21.254903403067786 ], [ 75.925089092718764, 21.279744017922997 ], [ 75.919053541070525, 21.313795746138059 ], [ 75.920077386197605, 21.333615237889155 ], [ 75.930191414960362, 21.350515438637366 ], [ 75.966570865830093, 21.363385350445729 ], [ 76.006979283078053, 21.362987626222704 ], [ 76.10596190238256, 21.35630518130607 ], [ 76.134248807987291, 21.358839199699684 ], [ 76.17257962279551, 21.390671172484055 ], [ 76.186606210300198, 21.436171548240043 ], [ 76.271373246487684, 21.399319434078322 ], [ 76.366281088477706, 21.386869425860915 ], [ 76.47145034182158, 21.417735297038636 ], [ 76.64981192315787, 21.525168793632819 ], [ 76.83008316347518, 21.583265704961569 ], [ 76.971653856475385, 21.592567538628124 ], [ 77.07508130121326, 21.632658831024408 ], [ 77.146522514517358, 21.707309136285549 ], [ 77.18710892150385, 21.72182137770633 ], [ 77.274883805212895, 21.721727518501233 ], [ 77.325375356679743, 21.71520579123014 ], [ 77.40646432148354, 21.732781760905272 ], [ 77.453259202233681, 21.756611832111808 ], [ 77.50186495304078, 21.761446253987035 ], [ 77.538058387879744, 21.743742160510536 ], [ 77.664671431540711, 21.682648902876927 ], [ 77.700368706969812, 21.630776849803084 ], [ 77.711811681709975, 21.579357619436198 ], [ 77.709369502020678, 21.54716664586882 ], [ 77.670719590112498, 21.525151514999823 ], [ 77.62025288163953, 21.526106518164518 ], [ 77.572374294583724, 21.574395951883773 ], [ 77.548457781600817, 21.601375594205898 ], [ 77.518180489608341, 21.603820643897887 ], [ 77.493829957570853, 21.594780770373454 ], [ 77.477431887064043, 21.574223447203462 ], [ 77.485098852170083, 21.538070686452951 ], [ 77.508956480546473, 21.505413630990279 ], [ 77.536643339812969, 21.455617621070914 ], [ 77.594278785878714, 21.380600632629221 ], [ 77.620380653082194, 21.370624488890503 ], [ 77.709266003184268, 21.382182158001964 ], [ 77.780188829495444, 21.407335333951597 ], [ 77.810345264057702, 21.409196516660394 ], [ 77.873057432410803, 21.4130513987709 ], [ 77.953911129661265, 21.424664018074363 ], [ 78.065345283309767, 21.456463752027375 ], [ 78.140668569015432, 21.498484403274613 ], [ 78.336929725270309, 21.528274254897187 ], [ 78.402278559120376, 21.570435905447752 ], [ 78.434845067352569, 21.584868042174573 ], [ 78.485292304182011, 21.583685594552801 ], [ 78.544576803928734, 21.517715750870114 ], [ 78.533526609251837, 21.441191535085256 ], [ 78.513774265222324, 21.409384498846507 ], [ 78.48821680671675, 21.390058004167052 ], [ 78.414110318482159, 21.360484180478299 ], [ 78.386595362412606, 21.343092156324737 ], [ 78.359930825847613, 21.316184721202749 ], [ 78.319069607555775, 21.282958917066022 ], [ 78.266320907452339, 21.260440531330961 ], [ 78.197632169751273, 21.247760351403219 ], [ 78.155185649265391, 21.238270595243414 ], [ 78.135824658722839, 21.223516967691797 ], [ 78.131522836144299, 21.20558178352109 ], [ 78.131047142401428, 21.17427581505952 ], [ 78.152003856221484, 21.095987266100721 ], [ 78.161969163294529, 21.022683151557274 ], [ 78.168898621055149, 20.947544581389703 ], [ 78.184244828974528, 20.897836160967316 ], [ 78.215635031825329, 20.846801402637627 ], [ 78.251079526544089, 20.799456977858693 ], [ 78.26673937895977, 20.772505673693647 ], [ 78.275262217509919, 20.738125411195782 ], [ 78.265336549888929, 20.676648588407144 ], [ 78.264602817937302, 20.625554253192387 ], [ 78.264384403422724, 20.610209830319192 ], [ 78.288676928592707, 20.556455018140372 ] ] ] } },
{ "type": "Feature", "properties": { "state_name": "Bhutan", "id": 4 }, "geometry": { "type": "Polygon", "coordinates": [ [ [ 90.544727176541372, 28.24313459413176 ], [ 90.549531685139101, 28.221940624202951 ], [ 90.520881438994522, 28.190682453559866 ], [ 90.482683752363684, 28.170486582671554 ], [ 90.478247680025575, 28.165724870479394 ], [ 90.444344615778945, 28.136485657297477 ], [ 90.410309326622937, 28.097223736019156 ], [ 90.405635777105203, 28.069620937176289 ], [ 90.426860984136866, 28.033454449960828 ], [ 90.495883896320663, 28.03121010065324 ], [ 90.580572421803879, 28.034613545952332 ], [ 90.677923220555627, 28.062701269676115 ], [ 90.760024082510895, 28.051261465067025 ], [ 90.883489943682619, 28.012442978793285 ], [ 91.045490946714679, 27.967089585201531 ], [ 91.154166996112977, 27.97653354776546 ], [ 91.18825280067648, 27.991120966611383 ], [ 91.218411364857971, 28.030456821682545 ], [ 91.240372278215077, 28.070779060460818 ], [ 91.258057458085958, 28.087322138857527 ], [ 91.291599147182424, 28.086979946418907 ], [ 91.36328813656786, 28.053945124008241 ], [ 91.518052030995463, 27.982677576419174 ], [ 91.615071201705888, 27.95203012656378 ], [ 91.628409038770513, 27.933600894430416 ], [ 91.62129098808353, 27.906532025901917 ], [ 91.619297167211471, 27.886217931492833 ], [ 91.592154057391369, 27.874425889316058 ], [ 91.569179637633383, 27.856300122507456 ], [ 91.547837321683645, 27.825744763420708 ], [ 91.552725055757335, 27.778013267332561 ], [ 91.540657714371989, 27.744589735699545 ], [ 91.516866207790173, 27.669000866030306 ], [ 91.510243746669289, 27.622739432937824 ], [ 91.513801730420496, 27.578754133262866 ], [ 91.562211047562485, 27.534600597625879 ], [ 91.612152534041357, 27.519852250886125 ], [ 91.65601751143609, 27.504091274350419 ], [ 91.689056860117688, 27.493117602321927 ], [ 91.726859406631348, 27.486770264306749 ], [ 91.805344130048738, 27.489320173387416 ], [ 91.872706304714015, 27.494917058848763 ], [ 91.926016897099259, 27.488323176723174 ], [ 91.972937696481097, 27.479030881717115 ], [ 91.990316648295192, 27.468198316364781 ], [ 92.041492795058886, 27.441026349262398 ], [ 92.069288104841391, 27.394264048167457 ], [ 92.07948956625556, 27.337638870985412 ], [ 92.103335242129731, 27.291502252487984 ], [ 92.094710329552527, 27.258055287851825 ], [ 92.056329211800559, 27.22138212498313 ], [ 92.049576271234997, 27.187754321724348 ], [ 92.021946393965962, 27.108565326286808 ], [ 92.057828213556377, 27.047679344782878 ], [ 92.112247348122253, 27.012112825208291 ], [ 92.128100756106193, 26.959078171089985 ], [ 92.116636040808203, 26.922986648418402 ], [ 92.099200653762921, 26.885912897803554 ], [ 91.995940374815987, 26.862308973877369 ], [ 91.926656578619401, 26.872071792171084 ], [ 91.85220304854893, 26.875575779136348 ], [ 91.791713545532176, 26.853604442881533 ], [ 91.743885400503132, 26.818245765333764 ], [ 91.672644658875683, 26.79061033440324 ], [ 91.540477905789686, 26.80372528283921 ], [ 91.354814302888158, 26.800410764107351 ], [ 91.26677498557892, 26.784457608891898 ], [ 91.157231331652838, 26.786092990414822 ], [ 90.999485892255223, 26.797938027530023 ], [ 90.890928548143947, 26.78551754730292 ], [ 90.765977726551782, 26.77813660828604 ], [ 90.58008269072441, 26.785587411685984 ], [ 90.508048250172877, 26.813826945342726 ], [ 90.442737875545006, 26.869140406955569 ], [ 90.366970325238682, 26.889223933892914 ], [ 90.300875253549805, 26.877023958384626 ], [ 90.233656610688058, 26.847524305434266 ], [ 90.156731040722264, 26.806810155371554 ], [ 90.077443102508752, 26.741991146641915 ], [ 90.04467922068207, 26.721017389071775 ], [ 89.959709490423279, 26.71041043939789 ], [ 89.876398122030508, 26.730806382964406 ], [ 89.770278428997003, 26.743014022266376 ], [ 89.584463538332173, 26.719370268076748 ], [ 89.552709832243792, 26.725927086280095 ], [ 89.536575119682794, 26.744924791228325 ], [ 89.564318786826604, 26.771889652642017 ], [ 89.580520608925838, 26.822683873284021 ], [ 89.517582204608573, 26.828849310795274 ], [ 89.443488528120511, 26.850075372130075 ], [ 89.363588943295355, 26.884121080474674 ], [ 89.324806401759616, 26.884383552684348 ], [ 89.287380366063104, 26.856457816376 ], [ 89.207386686503199, 26.841357641447384 ], [ 89.165039363280925, 26.85593248017085 ], [ 89.127249690731347, 26.887623897079656 ], [ 89.10108717348254, 26.932262530944985 ], [ 89.039137659195987, 26.985606297638114 ], [ 88.991265478031508, 27.00422692885375 ], [ 88.948844414464787, 27.020563740289436 ], [ 88.932934010630333, 27.071321317497521 ], [ 88.932530749645125, 27.108307182270632 ], [ 88.917843304400805, 27.141386274410198 ], [ 88.831373182325862, 27.179555433138272 ], [ 88.802792566263918, 27.20936379824267 ], [ 88.819159148899459, 27.244150656874403 ], [ 88.847444485536698, 27.276697111857015 ], [ 88.859718017463607, 27.303056466157003 ], [ 88.860598157399025, 27.299605013292382 ], [ 88.907916718511103, 27.306916936191676 ], [ 88.92743211975079, 27.32571001043976 ], [ 88.927829851997728, 27.330909691160908 ], [ 88.939514757367476, 27.338299395174595 ], [ 88.949940458079524, 27.351379353653236 ], [ 88.953149187999514, 27.36944310971823 ], [ 88.955430423447936, 27.398213663334019 ], [ 88.932783003851625, 27.439064047177954 ], [ 88.935600489818313, 27.473949448344424 ], [ 88.945020811629732, 27.496917348525546 ], [ 88.951605551927642, 27.51303426294788 ], [ 88.970490724859204, 27.54227767396431 ], [ 88.982116561583524, 27.552313727206357 ], [ 89.026608866056819, 27.584944695292609 ], [ 89.112997384343103, 27.642208259747356 ], [ 89.119608166773745, 27.650016505852527 ], [ 89.138124813024902, 27.661498186692949 ], [ 89.161559160611461, 27.682378568453405 ], [ 89.175061805938157, 27.70571352451006 ], [ 89.212619460850632, 27.748431092518949 ], [ 89.22274084597926, 27.76433479220729 ], [ 89.230523261607118, 27.786143367310093 ], [ 89.246404185980538, 27.803554923034454 ], [ 89.266872973074484, 27.819767912726185 ], [ 89.284324367015699, 27.831346984995584 ], [ 89.333185407907465, 27.863608740234159 ], [ 89.345183659125198, 27.870102069436935 ], [ 89.35270570462346, 27.884145683294474 ], [ 89.357405246967645, 27.900613126928867 ], [ 89.359585019647795, 27.927251621265206 ], [ 89.364003650084527, 27.947285050993397 ], [ 89.381704297368444, 27.97154528286956 ], [ 89.416487633573936, 27.993248351467699 ], [ 89.434990346377546, 28.017409810874209 ], [ 89.442274601475077, 28.040662766295725 ], [ 89.452488657828454, 28.062182636721232 ], [ 89.472279587273107, 28.084073467865274 ], [ 89.475187368038775, 28.086249173148879 ], [ 89.506281481331825, 28.10585225930846 ], [ 89.533331500340793, 28.117007494395985 ], [ 89.549318671480165, 28.129902476535829 ], [ 89.616033371976087, 28.154751500893038 ], [ 89.697358916753728, 28.16109302156821 ], [ 89.762639163975805, 28.172866862176836 ], [ 89.80716136747678, 28.200020072613139 ], [ 89.843114713143052, 28.239372009965379 ], [ 89.873896671578194, 28.266602436107789 ], [ 89.886620602616446, 28.275651564419768 ], [ 89.930330458210804, 28.299492656495413 ], [ 89.964687233554457, 28.310663178247943 ], [ 90.071759990135206, 28.293125546407616 ], [ 90.135849477237585, 28.297236444208636 ], [ 90.189630724059072, 28.315624305250431 ], [ 90.23587997751244, 28.314159027097205 ], [ 90.287716723429696, 28.308281057296252 ], [ 90.381060477267496, 28.273224006960479 ], [ 90.504620270375611, 28.255275859034633 ], [ 90.544727176541372, 28.24313459413176 ] ] ] } },
{ "type": "Feature", "properties": { "state_name": "Bombay Presidency", "id": 5 }, "geometry": { "type": "MultiPolygon", "coordinates": [ [ [ [ 71.832702017788634, 21.126756621552701 ], [ 71.809048600269094, 21.113161900958687 ], [ 71.754188482410783, 21.092392564726918 ], [ 71.62395388255797, 21.057182059045243 ], [ 71.544665889313407, 21.034332500300017 ], [ 71.492674082851337, 21.028373112499807 ], [ 71.492641734709295, 21.028369398877885 ], [ 71.476579621939536, 21.022733685841608 ], [ 71.469026741403539, 21.022069284542223 ], [ 71.465116755794114, 21.018710577338368 ], [ 71.460173320304946, 21.016975294489043 ], [ 71.433096083713366, 20.993553026924793 ], [ 71.430916775712504, 20.954556034465835 ], [ 71.422042252591524, 20.933231737839961 ], [ 71.418917091777757, 20.930440239814374 ], [ 71.414553416147442, 20.928858159178599 ], [ 71.370819448614611, 20.917432069937409 ], [ 71.289990823146439, 20.9069632994103 ], [ 71.265584355780305, 20.900573726623954 ], [ 71.242275349811806, 20.894467436137834 ], [ 71.147338497826397, 20.85089217847533 ], [ 71.0921825924286, 20.835068026333662 ], [ 71.079307979272542, 20.832147550798897 ], [ 71.033774666446305, 20.82608660506915 ], [ 71.032140027937231, 20.826055065742999 ], [ 70.922284796769844, 20.823899720423039 ], [ 70.867670483628942, 20.828056594567229 ], [ 70.852470086084608, 20.829545941429839 ], [ 70.851222366951546, 20.829668034106277 ], [ 70.839064668983639, 20.822973672180353 ], [ 70.806730847246797, 20.792383189264477 ], [ 70.797226708262585, 20.785467397390978 ], [ 70.795083976021644, 20.784599750625098 ], [ 70.780812030268152, 20.777807133195349 ], [ 70.757295577774656, 20.775079474475792 ], [ 70.734138567252899, 20.786672197198982 ], [ 70.688100392317835, 20.799833798423712 ], [ 70.657708679967115, 20.808211690260229 ], [ 70.640535254254445, 20.812942831862074 ], [ 70.603342361538395, 20.835607411030804 ], [ 70.548168919102238, 20.859512997377028 ], [ 70.530089307694283, 20.867340580604615 ], [ 70.491014875733995, 20.875615559177504 ], [ 70.46009072803605, 20.891253122924169 ], [ 70.301511682520328, 21.020025049210641 ], [ 70.171803236436602, 21.120103701407963 ], [ 70.17152055896068, 21.120343450871726 ], [ 70.060471448925952, 21.214418965393261 ], [ 70.05178502353435, 21.221768472475418 ], [ 69.948255265954032, 21.327392205258022 ], [ 69.799822851058309, 21.467283630404719 ], [ 69.749118637850643, 21.517886327136441 ], [ 69.675485772076186, 21.609197429110679 ], [ 69.591513120772333, 21.687969541365 ], [ 69.535192219608689, 21.721141571654638 ], [ 69.456300161501318, 21.793678908091458 ], [ 69.451926644323777, 21.797696389617311 ], [ 69.413922760863755, 21.840820189876538 ], [ 69.407889983777906, 21.847661938848486 ], [ 69.352209679798321, 21.900782700144592 ], [ 69.288021978991409, 21.951520013864609 ], [ 69.243062741376079, 21.987016374484853 ], [ 69.082397329447716, 22.165585063485832 ], [ 69.039942248400962, 22.208320660436044 ], [ 68.99060050242862, 22.285784157089296 ], [ 68.98327503193336, 22.31336815022722 ], [ 68.977681672226083, 22.407442135932431 ], [ 69.012008347738885, 22.466579851780864 ], [ 69.021588220562293, 22.48757143154965 ], [ 69.031769175675265, 22.498076278559147 ], [ 69.056062001289661, 22.514646848274843 ], [ 69.068714774869463, 22.524401542754919 ], [ 69.08325976252236, 22.516714453053758 ], [ 69.09042897614718, 22.495711680333692 ], [ 69.079084702966213, 22.459578895572129 ], [ 69.079669103998867, 22.445356827625186 ], [ 69.096760308319176, 22.43422378912658 ], [ 69.136174064840873, 22.409836817201402 ], [ 69.163603574533198, 22.399256510479372 ], [ 69.192302086790662, 22.394887321694188 ], [ 69.192486897033689, 22.394691564626406 ], [ 69.191946905217975, 22.391020477832548 ], [ 69.1630799924868, 22.350772102023793 ], [ 69.153950883748578, 22.348800543069551 ], [ 69.144705613305987, 22.323418849709814 ], [ 69.158702428339808, 22.259799654174628 ], [ 69.174573978995383, 22.246212039453255 ], [ 69.180993316209893, 22.247887591507485 ], [ 69.191796224134535, 22.246694669218797 ], [ 69.221489746178094, 22.261184012070139 ], [ 69.232315234175331, 22.24283043265191 ], [ 69.241408649891156, 22.239674156645879 ], [ 69.2472993979992, 22.254256884412268 ], [ 69.273374316366045, 22.287930561201847 ], [ 69.296622067422717, 22.300333319204288 ], [ 69.379145660661777, 22.320806372329756 ], [ 69.402907381313554, 22.322793160946599 ], [ 69.463002001823398, 22.32780964795386 ], [ 69.483492962522703, 22.334202425264618 ], [ 69.500943947724579, 22.35449672398655 ], [ 69.519970372421596, 22.366686973022702 ], [ 69.562556409141919, 22.371370489435805 ], [ 69.684195586357006, 22.374682722569986 ], [ 69.714749894046065, 22.393032842766061 ], [ 69.745325524363295, 22.411393138471965 ], [ 69.770926865007851, 22.42259928232798 ], [ 69.787694133448852, 22.425378913072237 ], [ 69.813652824587692, 22.42371268666783 ], [ 69.838314970662736, 22.422006120968742 ], [ 69.861649228350629, 22.421429830895896 ], [ 69.883625098782815, 22.423154679759953 ], [ 69.925390589122514, 22.460492250375129 ], [ 69.952883285497336, 22.499830499484148 ], [ 69.965124125287787, 22.528261594022254 ], [ 69.976549125715536, 22.537921346681237 ], [ 70.001020114778626, 22.544380760143881 ], [ 70.147319241097364, 22.551329116563672 ], [ 70.194972370414305, 22.564130927411885 ], [ 70.230921758516899, 22.579006816312329 ], [ 70.209762957985916, 22.570252707467965 ], [ 70.053209913556231, 22.546886206870909 ], [ 70.086408623430273, 22.5659901543012 ], [ 70.201709694997703, 22.580177103024127 ], [ 70.232093850345535, 22.592528647706935 ], [ 70.263370338968244, 22.646390687212115 ], [ 70.279303640053428, 22.676190721225037 ], [ 70.295609844423367, 22.695270799373763 ], [ 70.314377622725829, 22.710129921276685 ], [ 70.319209460620357, 22.726725167913671 ], [ 70.319004428292175, 22.755333842922298 ], [ 70.318418420023278, 22.772485416461826 ], [ 70.330812717011398, 22.79359513119897 ], [ 70.349905485388064, 22.822054247373419 ], [ 70.353923483917825, 22.840056448025194 ], [ 70.364232983738532, 22.854665478607945 ], [ 70.375194538728763, 22.872870139873491 ], [ 70.386449230710213, 22.882498012540953 ], [ 70.405660806834959, 22.885201701129699 ], [ 70.412819859113156, 22.87896997070645 ], [ 70.412938286055081, 22.852502474185211 ], [ 70.426503985081666, 22.839300277494221 ], [ 70.428617605805613, 22.838634196854187 ], [ 70.438985662793712, 22.835366305204339 ], [ 70.464267409244314, 22.841098063255412 ], [ 70.504294108426208, 22.867993270318433 ], [ 70.532623174491846, 22.898844419392272 ], [ 70.549317693016206, 22.931512280982481 ], [ 70.56077884814205, 22.959023945153429 ], [ 70.588699281387306, 23.027065884001129 ], [ 70.611728035597892, 23.062367513545627 ], [ 70.62626395425805, 23.0846406297863 ], [ 70.67093953903283, 23.114497752948036 ], [ 70.683283802048138, 23.121687837325958 ], [ 70.726392545146879, 23.146784509226844 ], [ 70.744216678905389, 23.165393602063798 ], [ 70.745060051742485, 23.166273957928219 ], [ 70.749616520074426, 23.171029985960043 ], [ 70.749846937289831, 23.188211709353016 ], [ 70.747914960620591, 23.200325377148936 ], [ 70.730624367247856, 23.20844386569966 ], [ 70.708076977489569, 23.211407202457625 ], [ 70.680183390913029, 23.212073317291313 ], [ 70.666157769531608, 23.205768373988633 ], [ 70.664920864557061, 23.205212264918583 ], [ 70.648159627935613, 23.196877226912243 ], [ 70.614177041192846, 23.194500792605989 ], [ 70.597225436385628, 23.19610934619249 ], [ 70.567587936975627, 23.198917097595363 ], [ 70.512252619555227, 23.210224193728457 ], [ 70.439416263868878, 23.21241744046301 ], [ 70.388578348253589, 23.205208673443948 ], [ 70.354905573936236, 23.194200528126384 ], [ 70.311041599768274, 23.164998208096403 ], [ 70.262763226340951, 23.12993064723743 ], [ 70.229262055222378, 23.093153850331028 ], [ 70.214524759166451, 23.072678957295008 ], [ 70.182313851973376, 23.043802719946513 ], [ 70.131438066619609, 22.997182093013528 ], [ 70.082497463369194, 22.962052913152384 ], [ 70.023191744928766, 22.936598655123593 ], [ 69.953809191211306, 22.912949829459958 ], [ 69.877330991363095, 22.894049959688054 ], [ 69.783567492072933, 22.863824082754736 ], [ 69.734036541057463, 22.847889715430608 ], [ 69.695824036149133, 22.838753854220265 ], [ 69.616546756528251, 22.83465644459385 ], [ 69.512251170447726, 22.852171403990624 ], [ 69.460679817587788, 22.856097210969743 ], [ 69.396867112329346, 22.857667954316199 ], [ 69.336138616852551, 22.859322605989338 ], [ 69.284772274057914, 22.858432925800781 ], [ 69.248485189403368, 22.86569542778458 ], [ 69.21720719537818, 22.875989588518649 ], [ 69.183628678021165, 22.891907879076516 ], [ 69.09981870119195, 22.927861264207113 ], [ 69.073001346976241, 22.936730137477205 ], [ 69.02354440698663, 22.959473364418958 ], [ 68.968605695367614, 22.981010398067177 ], [ 68.866698855510847, 23.043904902855388 ], [ 68.84504533177892, 23.057093593734901 ], [ 68.828077614940639, 23.069841231632886 ], [ 68.796657317243429, 23.093614973153297 ], [ 68.790494689004746, 23.099860289389657 ], [ 68.727565670898301, 23.182623656419487 ], [ 68.701045993673887, 23.202149009973809 ], [ 68.630436834626522, 23.23617135799466 ], [ 68.620587259713389, 23.247135131280764 ], [ 68.608024781432675, 23.280744274706191 ], [ 68.602920247690861, 23.304710909390746 ], [ 68.592879589755, 23.319220513046197 ], [ 68.562008171323143, 23.347064232238399 ], [ 68.552695647130179, 23.362312845192452 ], [ 68.55214202631069, 23.372957934769694 ], [ 68.555526915815008, 23.382349303238112 ], [ 68.561856423815314, 23.394711446007779 ], [ 68.559460351510864, 23.410967180504883 ], [ 68.553271104343608, 23.42563778620368 ], [ 68.541927053869216, 23.43510823342265 ], [ 68.496272951750285, 23.446773449862889 ], [ 68.445984349308816, 23.4694769933221 ], [ 68.430738272635978, 23.488960595187109 ], [ 68.43092858059984, 23.495184155524107 ], [ 68.441929468612841, 23.516506833753827 ], [ 68.455820427971588, 23.535533232154322 ], [ 68.455860722516434, 23.535842986549785 ], [ 68.468730812143562, 23.552257943363447 ], [ 68.463793212083544, 23.572192923058704 ], [ 68.443274326829851, 23.617523097551757 ], [ 68.446069725612816, 23.637794432441119 ], [ 68.457097486405829, 23.656660040932898 ], [ 68.471804517396308, 23.668260695676686 ], [ 68.539271085420651, 23.701440176916698 ], [ 68.604163756822373, 23.721994970581264 ], [ 68.652725487987652, 23.746612912185096 ], [ 68.670395026674939, 23.768760326059159 ], [ 68.671986519918576, 23.770541756722434 ], [ 68.707082517287802, 23.795096200296779 ], [ 68.733290537363942, 23.805253056972045 ], [ 68.754248976221689, 23.813247121289471 ], [ 68.774260713160643, 23.814059428952234 ], [ 68.790258029977053, 23.817682351157806 ], [ 68.799630384170058, 23.824607003123162 ], [ 68.799608599534494, 23.825063641968171 ], [ 68.799261951321085, 23.832328367039675 ], [ 68.791031286617084, 23.842112259818702 ], [ 68.789812753161058, 23.843069760174053 ], [ 68.796718821943983, 23.856175166327684 ], [ 68.780619030495913, 23.867398073373408 ], [ 68.726595709437476, 23.86171516258776 ], [ 68.656450696238807, 23.842280992198358 ], [ 68.64059690610631, 23.825695932849946 ], [ 68.637901249745369, 23.825131923451178 ], [ 68.610245714684083, 23.802416846969276 ], [ 68.58369964635348, 23.789114387857087 ], [ 68.513727762154829, 23.760449262828114 ], [ 68.471557828484023, 23.737846089230938 ], [ 68.448207732682249, 23.726742113987886 ], [ 68.438638237123854, 23.711464397145459 ], [ 68.422820400254508, 23.693816412994938 ], [ 68.421148226086785, 23.692408728654311 ], [ 68.418815044429394, 23.689698762497265 ], [ 68.401175752462038, 23.672987999092587 ], [ 68.39053958166825, 23.656847476832688 ], [ 68.372331414983833, 23.635683272076509 ], [ 68.368815025762686, 23.634518798756549 ], [ 68.325787106348059, 23.625960982956808 ], [ 68.263769710469006, 23.624954191059324 ], [ 68.214520384330669, 23.638723249299886 ], [ 68.21190181425537, 23.651049068554627 ], [ 68.233661216345652, 23.678705509649195 ], [ 68.249868382715277, 23.703972852557548 ], [ 68.259564089680012, 23.714437365021933 ], [ 68.264494404217288, 23.726767572075936 ], [ 68.274776376972667, 23.742787760028502 ], [ 68.270399960283044, 23.787034336193834 ], [ 68.253630278356127, 23.809387298647952 ], [ 68.242765343549308, 23.830227766363581 ], [ 68.243326100362751, 23.855140628876235 ], [ 68.250655804953951, 23.878107905817856 ], [ 68.26763137060054, 23.902330520307562 ], [ 68.317042973901863, 23.927791847116008 ], [ 68.449053759687146, 23.940675813668392 ], [ 68.744177179066583, 23.941606969462157 ], [ 68.774850125182681, 23.949999002177627 ], [ 68.801057054345378, 23.986769217490867 ], [ 68.799766629121336, 24.078123987350139 ], [ 68.802976148629611, 24.236789912905905 ], [ 68.809917789716138, 24.254212634888276 ], [ 68.83876876935085, 24.269671613884494 ], [ 68.866896951007973, 24.267956479098082 ], [ 68.910531488086093, 24.202580198248459 ], [ 68.930200704256038, 24.181940892996309 ], [ 68.951622615609921, 24.189937997545858 ], [ 68.97291324953089, 24.200784345031636 ], [ 69.007799225778115, 24.220737300568388 ], [ 69.040246578653523, 24.220747373528745 ], [ 69.058906775871051, 24.221479177310755 ], [ 69.082746068752371, 24.228125715211007 ], [ 69.103049250380053, 24.243918437645007 ], [ 69.136646891448109, 24.258795232473087 ], [ 69.172527664149058, 24.258035666934855 ], [ 69.20672445467585, 24.242913560770802 ], [ 69.22043313703287, 24.232719303895792 ], [ 69.254041104277988, 24.230423367933625 ], [ 69.29436338908495, 24.234803263155566 ], [ 69.321956873290759, 24.245127943690168 ], [ 69.351112034676106, 24.255506385312163 ], [ 69.376507802252846, 24.262881951305253 ], [ 69.417817379937105, 24.26297943700644 ], [ 69.482696011890354, 24.25892217547338 ], [ 69.557817421329261, 24.252345064170605 ], [ 69.610841142256618, 24.252093914823391 ], [ 69.648793068803286, 24.240123336381902 ], [ 69.654815741348528, 24.233759678816625 ], [ 69.682329141100382, 24.201717342074371 ], [ 69.706021548958731, 24.179614287451187 ], [ 69.710498034261406, 24.174877378759462 ], [ 69.711830007212697, 24.174193513951071 ], [ 69.715565300014163, 24.170707124485112 ], [ 69.749504708326427, 24.141141402230932 ], [ 69.792183073774041, 24.126163696304442 ], [ 69.833615790658641, 24.122569933759632 ], [ 69.883814809950366, 24.133559379539101 ], [ 70.019217331174488, 24.138048138062739 ], [ 70.096311999307346, 24.159859691967608 ], [ 70.133138067314874, 24.175345654595123 ], [ 70.141052242125213, 24.192763437091021 ], [ 70.143217632023195, 24.217864654642138 ], [ 70.144794088504412, 24.237940682616212 ], [ 70.154995417076094, 24.256861955490571 ], [ 70.17930762877117, 24.274086409500104 ], [ 70.239187204258357, 24.300296807784548 ], [ 70.27074989781903, 24.312014276975926 ], [ 70.329014440483888, 24.319544360673675 ], [ 70.433517465610691, 24.344192528539537 ], [ 70.47666451603925, 24.360511794463005 ], [ 70.533215358486629, 24.373639085315048 ], [ 70.56208519472834, 24.375508244391899 ], [ 70.556462319971132, 24.342689623350648 ], [ 70.565152266408859, 24.303497403576884 ], [ 70.5923015224529, 24.262417320867076 ], [ 70.666491910813534, 24.223530119933489 ], [ 70.671214943243157, 24.222175024924951 ], [ 70.692730555663772, 24.207245678341813 ], [ 70.728402829499913, 24.190362206881982 ], [ 70.761279256873706, 24.186988033223876 ], [ 70.822690159262606, 24.193695864263166 ], [ 70.897043575876651, 24.210748765913447 ], [ 70.935004606635985, 24.243975384770078 ], [ 70.951831235052765, 24.279495099044368 ], [ 70.972262500600067, 24.300079271109176 ], [ 71.007039762363362, 24.311735167699563 ], [ 71.062543907403452, 24.335376101184252 ], [ 71.130498401197642, 24.361464792901447 ], [ 71.150344392082275, 24.377003181334626 ], [ 71.159890401012163, 24.397289112982435 ], [ 71.150842879417169, 24.41209152646444 ], [ 71.104273473454782, 24.426646200509804 ], [ 71.054704080048666, 24.436812368720823 ], [ 71.028745458047425, 24.441858143968592 ], [ 71.011130765105463, 24.454993110877776 ], [ 71.005765361253111, 24.476323561296226 ], [ 71.00693353032004, 24.513573146501233 ], [ 71.016972633760929, 24.542468749171611 ], [ 71.034948242757281, 24.567994717435472 ], [ 71.088243231085414, 24.615915956957725 ], [ 71.124368272042005, 24.643201488869892 ], [ 71.128707706318806, 24.640054083588893 ], [ 71.139078339607806, 24.629194641216785 ], [ 71.153723075570795, 24.624792886982153 ], [ 71.161220367008454, 24.632467970884587 ], [ 71.172538283611388, 24.642528878318402 ], [ 71.188932878462452, 24.65615665575821 ], [ 71.207644895674065, 24.676209673544257 ], [ 71.219402032854831, 24.690921211748048 ], [ 71.237984601528481, 24.713873469168867 ], [ 71.254070983490891, 24.720516138144802 ], [ 71.264644459999346, 24.718936463748499 ], [ 71.282676821662022, 24.712238440770037 ], [ 71.29499905900542, 24.701382210706065 ], [ 71.315182761855141, 24.690637748387573 ], [ 71.335088275406477, 24.685694055319345 ], [ 71.352658155286363, 24.690301991398513 ], [ 71.360127834228834, 24.696602489464397 ], [ 71.396452293188247, 24.694664780144336 ], [ 71.420070531508912, 24.694560403068973 ], [ 71.43671191519006, 24.686444373435325 ], [ 71.440498493430042, 24.672542040104666 ], [ 71.437886414780877, 24.660866239334091 ], [ 71.425668694647925, 24.652767156551317 ], [ 71.413410799317774, 24.645603013982377 ], [ 71.392009510361703, 24.6434283057018 ], [ 71.373144492293719, 24.643159823181019 ], [ 71.358996823482173, 24.642963399542865 ], [ 71.337141803761455, 24.639404019655338 ], [ 71.323867680440458, 24.63177664032488 ], [ 71.319079501872224, 24.62727428554734 ], [ 71.33482815106585, 24.610542653173731 ], [ 71.3547314510554, 24.588497609624639 ], [ 71.368934064849526, 24.576133689557157 ], [ 71.385707701721643, 24.564730938163457 ], [ 71.413065333653847, 24.5623152494179 ], [ 71.440852905081911, 24.573416561648642 ], [ 71.455638529732809, 24.582480103845835 ], [ 71.483341307491287, 24.584302806477162 ], [ 71.505139058525117, 24.577663223325469 ], [ 71.541226421794917, 24.556357224182062 ], [ 71.580101225883155, 24.554681324868024 ], [ 71.621776260386284, 24.561006572341139 ], [ 71.654389177590289, 24.570927816575171 ], [ 71.682495218125737, 24.588249099021784 ], [ 71.69348771630996, 24.601056551851649 ], [ 71.712351480817262, 24.61402333809761 ], [ 71.740804278464111, 24.62392628567018 ], [ 71.769640587967373, 24.624983536313191 ], [ 71.797783353335333, 24.617633133141755 ], [ 71.830782576925515, 24.594512927633701 ], [ 71.841545355650354, 24.57559043789022 ], [ 71.863802785109684, 24.557843601096213 ], [ 71.883961999400569, 24.552667788485319 ], [ 71.916622162562902, 24.562723855639732 ], [ 71.934172390751243, 24.570122199317204 ], [ 71.946464504607007, 24.564785380716888 ], [ 71.95905638561544, 24.551974700315085 ], [ 71.965614398596202, 24.532481663951362 ], [ 71.972899926682899, 24.520952409388652 ], [ 71.98106414487134, 24.513650820276943 ], [ 71.99591264139255, 24.509772033589751 ], [ 72.109482855557658, 24.517985089331876 ], [ 72.11615665943188, 24.521886382680737 ], [ 72.12109574359404, 24.529960726608692 ], [ 72.121314556320911, 24.537924046695753 ], [ 72.12196803231673, 24.54823798805937 ], [ 72.120486839250333, 24.559437138169923 ], [ 72.119856564076159, 24.575804541741892 ], [ 72.119297971407605, 24.590300489859942 ], [ 72.123970473769802, 24.605389352280778 ], [ 72.127357220141278, 24.612959229907833 ], [ 72.138512407329088, 24.623525736220603 ], [ 72.1589721531181, 24.624491899513092 ], [ 72.173202713330241, 24.623435739257825 ], [ 72.193875638270953, 24.618794245141739 ], [ 72.206110704718853, 24.614882473499495 ], [ 72.215806842632972, 24.608566469166899 ], [ 72.222509097881598, 24.5979605942597 ], [ 72.22833450796945, 24.582648338776384 ], [ 72.238073677707419, 24.560871006562252 ], [ 72.242267260750324, 24.546919479785196 ], [ 72.249848108338611, 24.526488567142049 ], [ 72.258369372495238, 24.508887257083529 ], [ 72.271465190435862, 24.495137984211905 ], [ 72.285870356377416, 24.488443924671781 ], [ 72.297971557555272, 24.487317352637788 ], [ 72.323959780994173, 24.493536438183984 ], [ 72.33629447463646, 24.500378817412823 ], [ 72.347820576956479, 24.515170957789714 ], [ 72.363272460430096, 24.537551730598537 ], [ 72.372351846822511, 24.547600630814127 ], [ 72.378862811121195, 24.556185235727725 ], [ 72.385033438592316, 24.559605483210095 ], [ 72.407427850782639, 24.563856618766277 ], [ 72.424828253368716, 24.56095983283036 ], [ 72.448391344000697, 24.546469343456852 ], [ 72.489862676768269, 24.528596906674764 ], [ 72.511426441425414, 24.51028412602437 ], [ 72.54691350300871, 24.481921415510026 ], [ 72.556297513259537, 24.4670927172318 ], [ 72.562190111831228, 24.447027866596223 ], [ 72.556831134776232, 24.435185791209857 ], [ 72.546187546334409, 24.425115536530601 ], [ 72.525447981931961, 24.420004331312882 ], [ 72.505704823562652, 24.416318007870942 ], [ 72.472484751073054, 24.409065490701096 ], [ 72.431598238820627, 24.396482056716014 ], [ 72.419329528756805, 24.388247985977095 ], [ 72.413546015360765, 24.374052294029344 ], [ 72.413119771107148, 24.356216505979578 ], [ 72.422829277399373, 24.332492372962331 ], [ 72.438916655892399, 24.320625798116609 ], [ 72.46635318207106, 24.312739202884146 ], [ 72.496150168462009, 24.311930468871935 ], [ 72.540591248332063, 24.309990661641255 ], [ 72.569813785778308, 24.310086906491136 ], [ 72.593293536188128, 24.310065853137395 ], [ 72.623410335826534, 24.31439107213307 ], [ 72.637334599704744, 24.315339504870305 ], [ 72.634145894241499, 24.310951135719851 ], [ 72.637334599704772, 24.315339504870305 ], [ 72.645391724458108, 24.326426539493454 ], [ 72.668662851721095, 24.332728607022503 ], [ 72.709192992605423, 24.328767376770084 ], [ 72.815711771030237, 24.294196715445501 ], [ 72.874634783912541, 24.281064440500966 ], [ 72.921526392601791, 24.278284573245973 ], [ 72.956360376293759, 24.288235434116505 ], [ 72.985843053137231, 24.303978263781381 ], [ 73.007349581484874, 24.32665550269396 ], [ 73.030072211750962, 24.352879851495079 ], [ 73.056857613862988, 24.373281214398506 ], [ 73.08422110244247, 24.371330311282787 ], [ 73.123781145800834, 24.349534812261123 ], [ 73.145215723187562, 24.323935542759571 ], [ 73.154483941710623, 24.316999073002425 ], [ 73.19082839869526, 24.318667621507643 ], [ 73.220507143142811, 24.327303847956173 ], [ 73.251709823182722, 24.326532226124836 ], [ 73.271385104433662, 24.318538953785449 ], [ 73.278453241317834, 24.293891801015047 ], [ 73.27129314643652, 24.266709378323963 ], [ 73.257702436403065, 24.237091350083567 ], [ 73.249197338348509, 24.21224900084982 ], [ 73.250076292441861, 24.174565357486657 ], [ 73.266615948412635, 24.132355983325926 ], [ 73.305108343713684, 24.092747722411421 ], [ 73.353559557923603, 24.069724439271369 ], [ 73.399468090358297, 24.04311045083579 ], [ 73.432379434068324, 24.017516995874733 ], [ 73.449744839825769, 23.991753403391186 ], [ 73.463219191042199, 23.965945345077323 ], [ 73.469977432836416, 23.951860533312274 ], [ 73.493228926867957, 23.889576120446385 ], [ 73.509278306682631, 23.862597406841793 ], [ 73.533201505304618, 23.828611260870947 ], [ 73.556783971261368, 23.811131210838759 ], [ 73.57231935471242, 23.808910748819763 ], [ 73.596777396537178, 23.812665614685198 ], [ 73.639240987370371, 23.820112522888152 ], [ 73.665055390681744, 23.820332908793389 ], [ 73.680755319255923, 23.808668034091362 ], [ 73.687629460196305, 23.785130937169978 ], [ 73.695705793910392, 23.766322388359548 ], [ 73.716654361633388, 23.748798185552271 ], [ 73.742650360926021, 23.737210219757188 ], [ 73.772446997199552, 23.729187313381356 ], [ 73.789306555419884, 23.72341939234364 ], [ 73.806261738312088, 23.711751348717005 ], [ 73.816768357643923, 23.700032803365328 ], [ 73.819559577342218, 23.687075760860541 ], [ 73.819889168456598, 23.667021465716694 ], [ 73.82150645808332, 23.646977155319821 ], [ 73.817854909242186, 23.633972448558147 ], [ 73.81297440877826, 23.617419572252089 ], [ 73.808172870080284, 23.596148823732339 ], [ 73.800329372168264, 23.588118369374808 ], [ 73.811077388592267, 23.57611574572422 ], [ 73.826851114546258, 23.55617757587148 ], [ 73.84638406117277, 23.542163237799361 ], [ 73.867123260334594, 23.53287373306345 ], [ 73.89300474296958, 23.52361719355693 ], [ 73.922541875627516, 23.527358646069281 ], [ 73.959764738215412, 23.533505817124411 ], [ 73.993096049650404, 23.541980803618376 ], [ 74.022569963344424, 23.55042627153599 ], [ 74.068903693971976, 23.54952875950589 ], [ 74.0870447671319, 23.540195594386386 ], [ 74.088690028350001, 23.514244677283283 ], [ 74.079966208942679, 23.494134216155164 ], [ 74.068755744498546, 23.468110104923934 ], [ 74.058933679734338, 23.435015883236566 ], [ 74.052937617594196, 23.40430534897186 ], [ 74.055870309249045, 23.378367437207874 ], [ 74.071514390075279, 23.361941052394357 ], [ 74.12331404726514, 23.330374183724789 ], [ 74.159569496212612, 23.306968493249631 ], [ 74.172557006850553, 23.295236430193999 ], [ 74.18554143748861, 23.283503152818021 ], [ 74.21680966219499, 23.24590060377227 ], [ 74.268995685608388, 23.172990553687928 ], [ 74.310436866268148, 23.13659076288646 ], [ 74.362134255190441, 23.096677226358256 ], [ 74.385498053032748, 23.068446952431486 ], [ 74.417986513441832, 23.023727235198297 ], [ 74.427118941795896, 23.011803156696942 ], [ 74.422752774562269, 23.001050138938037 ], [ 74.418839727890457, 22.984051224549006 ], [ 74.42109812382003, 22.964241098730149 ], [ 74.439786098789284, 22.938818714141512 ], [ 74.448167946709546, 22.919970033314424 ], [ 74.452573486870762, 22.889786713014217 ], [ 74.457911364945772, 22.868099290319702 ], [ 74.45922591291243, 22.839796922244545 ], [ 74.453687114231471, 22.782231903814584 ], [ 74.44588377161611, 22.746363863203175 ], [ 74.442032197558362, 22.7237147457585 ], [ 74.436178128275159, 22.697288622461457 ], [ 74.422255630271465, 22.661410959749087 ], [ 74.382079888573045, 22.599057705538986 ], [ 74.321442831473689, 22.54418593286881 ], [ 74.227335946806619, 22.434049088282524 ], [ 74.21452748818227, 22.410518039807751 ], [ 74.210375250375989, 22.4028882708681 ], [ 74.19351256612903, 22.364192562714663 ], [ 74.189719549382033, 22.34062483442834 ], [ 74.188133059697734, 22.302937830360808 ], [ 74.188838208827406, 22.243602969258774 ], [ 74.194578517333269, 22.188063566176179 ], [ 74.211673813913947, 22.116569864437722 ], [ 74.227298785708044, 22.09365116289958 ], [ 74.221651418317066, 22.094635919116136 ], [ 74.254756327444682, 22.08885995417409 ], [ 74.307309229098124, 22.045481869734349 ], [ 74.31964723678135, 22.039530968870753 ], [ 74.331564249293848, 22.03378159927977 ], [ 74.363297112265002, 22.036211810576788 ], [ 74.408679695484125, 22.072787613641438 ], [ 74.431373605409206, 22.091663494216011 ], [ 74.46930392733023, 22.112920656925048 ], [ 74.507256449654435, 22.132995535676734 ], [ 74.551729874428204, 22.135412010988574 ], [ 74.593708033332092, 22.131926139106774 ], [ 74.632085792754424, 22.101345198766566 ], [ 74.667936910331079, 22.066045431414505 ], [ 74.753259683466283, 21.985539120833444 ], [ 74.877325607328956, 21.953434629879457 ], [ 74.954770100930858, 21.894950366788823 ], [ 75.020017131844739, 21.828901962104005 ], [ 75.042440899980548, 21.804360754885188 ], [ 75.079006673985134, 21.789188177109367 ], [ 75.222928439647845, 21.792457859472204 ], [ 75.285812256666219, 21.779005209914338 ], [ 75.496804305429222, 21.664779257253286 ], [ 75.583898524889236, 21.652911567090324 ], [ 75.636575799859088, 21.618591026807756 ], [ 75.668988286678527, 21.586279475206123 ], [ 75.70340946107946, 21.555827393909272 ], [ 75.737809122855637, 21.549899572718648 ], [ 75.778274770207602, 21.543914565632523 ], [ 75.834927644747737, 21.560439259774181 ], [ 75.889604941907862, 21.627954114446009 ], [ 75.93821533738425, 21.657752516089531 ], [ 75.98073232404937, 21.661154932474556 ], [ 76.023230656257255, 21.653212880275742 ], [ 76.047384739545222, 21.577418832687954 ], [ 76.103864618872194, 21.497508422040383 ], [ 76.186606210300198, 21.436171548240043 ], [ 76.17257962279551, 21.390671172484055 ], [ 76.134248807987291, 21.358839199699684 ], [ 76.10596190238256, 21.35630518130607 ], [ 76.006979283078053, 21.362987626222704 ], [ 75.966570865830093, 21.363385350445729 ], [ 75.930191414960362, 21.350515438637366 ], [ 75.920077386197605, 21.333615237889155 ], [ 75.919053541070525, 21.313795746138059 ], [ 75.925089092718764, 21.279744017922997 ], [ 75.954349387183697, 21.254903403067786 ], [ 75.996733316369713, 21.240308211159835 ], [ 76.035064500854517, 21.221019078797216 ], [ 76.060268490297574, 21.202803393100886 ], [ 76.070302925415859, 21.165852797004593 ], [ 76.081352717635269, 21.135501103896559 ], [ 76.110542895851722, 21.100218670355947 ], [ 76.121603443227158, 21.082141342637986 ], [ 76.125607911080436, 21.0660330615909 ], [ 76.132618976566505, 21.040440705356254 ], [ 76.13557502206551, 21.002610693116271 ], [ 76.120417151022437, 20.978221483072229 ], [ 76.088121445384587, 20.943640271029654 ], [ 76.038718661802335, 20.912090931891214 ], [ 76.007472403373697, 20.891666402403008 ], [ 75.982268298722175, 20.860782759951839 ], [ 75.979234331472114, 20.842871627646804 ], [ 75.990285515497888, 20.809686769014281 ], [ 76.008327547144333, 20.714071687114586 ], [ 76.011326767179014, 20.690419688898917 ], [ 76.007282232218159, 20.664962654604579 ], [ 75.993181862041951, 20.641516653958345 ], [ 75.993169627448722, 20.625219786463418 ], [ 75.943972090391398, 20.630179667225285 ], [ 75.904740574681668, 20.62639061567284 ], [ 75.880596070688952, 20.61817173750913 ], [ 75.842870974118838, 20.605856679433124 ], [ 75.79457960276747, 20.616312586197136 ], [ 75.780994305418091, 20.626375162824093 ], [ 75.758347154968163, 20.646445910250922 ], [ 75.734187158016709, 20.660863538243859 ], [ 75.703986896510457, 20.668260108651765 ], [ 75.684357537624948, 20.668463580410084 ], [ 75.660201290787072, 20.66304873654509 ], [ 75.625473651143366, 20.657737339128232 ], [ 75.599801554107103, 20.656576915866882 ], [ 75.577148667291638, 20.655383543398035 ], [ 75.515234388057308, 20.647485180838938 ], [ 75.498646357533474, 20.630661029788982 ], [ 75.486587138949815, 20.616624246138318 ], [ 75.460946926958641, 20.598468592972253 ], [ 75.427748426903065, 20.587454150460889 ], [ 75.396042170086631, 20.586324429572475 ], [ 75.364306227193495, 20.597919653086411 ], [ 75.312884057359469, 20.628056849415294 ], [ 75.268942969708661, 20.676490043271922 ], [ 75.240151687603941, 20.70428311149227 ], [ 75.225022215082276, 20.710052610936227 ], [ 75.207642984444021, 20.710182533462714 ], [ 75.175925824211788, 20.704761205619274 ], [ 75.162351900544977, 20.697085388779293 ], [ 75.15635209812163, 20.684407902507306 ], [ 75.150390769339836, 20.661129585657047 ], [ 75.153519761024796, 20.630717364366458 ], [ 75.158130547683271, 20.60806676585781 ], [ 75.158952095062816, 20.588977211893479 ], [ 75.160508809897223, 20.575536036021319 ], [ 75.156797265726865, 20.557186609232204 ], [ 75.149272082802824, 20.550175333257876 ], [ 75.125159064953195, 20.537633955920377 ], [ 75.110094453906626, 20.528557718373232 ], [ 75.095794018234116, 20.517354914093449 ], [ 75.084533363543713, 20.501182141939015 ], [ 75.076309770138195, 20.480746385101451 ], [ 75.066583852820884, 20.45890783386767 ], [ 75.054601659969777, 20.435671899275434 ], [ 75.021499295506871, 20.411881926377287 ], [ 75.004187365030475, 20.402111178528742 ], [ 74.988918710010125, 20.406385606745022 ], [ 74.984336437963861, 20.387066408816956 ], [ 74.983254312091177, 20.345845851391498 ], [ 74.962041666563167, 20.309479670093559 ], [ 74.930710076376883, 20.28968145540442 ], [ 74.663225372136651, 19.940302533838885 ], [ 74.671522354117101, 19.920110107055404 ], [ 74.719579387727862, 19.8527792222824 ], [ 74.787553075487239, 19.804006343771764 ], [ 74.869207925316843, 19.767966013029447 ], [ 74.91575044235752, 19.73106696546207 ], [ 74.972389320323515, 19.672880988095748 ], [ 75.017552882519027, 19.654748370470916 ], [ 75.071401227288575, 19.654137683562453 ], [ 75.101445999605374, 19.656145597127715 ], [ 75.141554922698987, 19.64509549764162 ], [ 75.187996894012045, 19.610429249389721 ], [ 75.206808879916551, 19.599612942452676 ], [ 75.230602904528453, 19.595792910678039 ], [ 75.249374606249333, 19.596739623274772 ], [ 75.286877615904899, 19.612757369228348 ], [ 75.303121075434674, 19.623153167488663 ], [ 75.326886440853556, 19.629925117832716 ], [ 75.341917069068998, 19.626206289342726 ], [ 75.354469677366879, 19.611917887604651 ], [ 75.36328861021677, 19.588253602947717 ], [ 75.358349484983592, 19.561232465235907 ], [ 75.354648427599045, 19.540085952013964 ], [ 75.354736934732173, 19.50476467842407 ], [ 75.358527965131401, 19.489410372529616 ], [ 75.381110376867213, 19.460854597584586 ], [ 75.42742347098563, 19.441386873982349 ], [ 75.45370651384313, 19.429248767714125 ], [ 75.472481949959516, 19.418388308251973 ], [ 75.47876666302939, 19.400634199716855 ], [ 75.478795724851224, 19.385323776826446 ], [ 75.468834519972106, 19.365446155456059 ], [ 75.451381352325612, 19.343324387287289 ], [ 75.42767588246619, 19.324829197825085 ], [ 75.405194356591551, 19.319267149937481 ], [ 75.376470932271744, 19.311441631295985 ], [ 75.34775822177302, 19.300087847276352 ], [ 75.317808184306102, 19.285226280212264 ], [ 75.25799813174649, 19.229656030464465 ], [ 75.195570035759317, 19.218818867649681 ], [ 75.120559729984649, 19.232831453486167 ], [ 75.024254641823063, 19.255344568784803 ], [ 74.999259316096868, 19.255700671141309 ], [ 74.986823480325839, 19.241800591555268 ], [ 74.982037411718721, 19.193780968961214 ], [ 74.978450108184347, 19.157482575095727 ], [ 74.967342604953572, 19.127168987183403 ], [ 74.942446588707483, 19.108800172502651 ], [ 74.875125482764247, 19.084086525095067 ], [ 74.855216539168694, 19.069181571221847 ], [ 74.847801463599936, 19.052907737044041 ], [ 74.84792730826932, 19.025974535667086 ], [ 74.86682531628135, 18.988192143267646 ], [ 74.893273264771167, 18.932702217143216 ], [ 74.903392584180736, 18.898558517543535 ], [ 74.912213047548164, 18.876147780437826 ], [ 74.930991918149218, 18.859420550539692 ], [ 74.977240149085333, 18.835178585768681 ], [ 75.013661207240261, 18.81106374990188 ], [ 75.037692964942892, 18.783436550556143 ], [ 75.082682133493563, 18.749794321167929 ], [ 75.112693848069469, 18.71546684540235 ], [ 75.129698099017986, 18.694506862588568 ], [ 75.14468100036018, 18.683906066465202 ], [ 75.157679262126791, 18.667706785998785 ], [ 75.162706707904533, 18.646958128317255 ], [ 75.175763711234225, 18.59412995381977 ], [ 75.180801576990049, 18.56022619788002 ], [ 75.191796310301939, 18.539353823157924 ], [ 75.204775214764609, 18.523136833233867 ], [ 75.230712135433279, 18.502908991415843 ], [ 75.255638520311763, 18.491151420046396 ], [ 75.27159948554187, 18.472047024973048 ], [ 75.280577076590134, 18.459654463087258 ], [ 75.291549551868854, 18.441581931536867 ], [ 75.302516735363596, 18.428206796025226 ], [ 75.32045359394543, 18.41939229018838 ], [ 75.349351551257072, 18.392494077652554 ], [ 75.353340533664323, 18.364205285768282 ], [ 75.363187246772185, 18.297805867124552 ], [ 75.363274433546621, 18.297215974390163 ], [ 75.37618556325863, 18.263071477422653 ], [ 75.388103512826731, 18.240233365157554 ], [ 75.409990642001418, 18.227544079792974 ], [ 75.430890991409385, 18.221464885260964 ], [ 75.451784209065366, 18.212558681050741 ], [ 75.4756459076102, 18.196052413543921 ], [ 75.491531425971189, 18.176879401089888 ], [ 75.505428014653049, 18.160570380204089 ], [ 75.516317960924354, 18.138664253137122 ], [ 75.529186229745875, 18.1148257271308 ], [ 75.549996352013181, 18.087042016817229 ], [ 75.560835108919591, 18.057571634182946 ], [ 75.581448060223252, 17.99107530217168 ], [ 75.601255472899567, 17.970829692867749 ], [ 75.627047637475854, 17.954229631438992 ], [ 75.64388424865443, 17.938760541779139 ], [ 75.654746923076587, 17.923415832876881 ], [ 75.673550287634882, 17.905064719986143 ], [ 75.684422959889304, 17.892549040657713 ], [ 75.697306493067984, 17.883768658024874 ], [ 75.720172854992981, 17.880443482531945 ], [ 75.735125037355544, 17.884847766705033 ], [ 75.752138830527883, 17.901491837047779 ], [ 75.767153471319844, 17.917231923582349 ], [ 75.804069286946472, 17.936278035541108 ], [ 75.828931287758024, 17.934797791369128 ], [ 75.842772810049553, 17.919382202738134 ], [ 75.851643594692334, 17.905016570507492 ], [ 75.866512721954876, 17.896189438692478 ], [ 75.893348324761732, 17.892771975104939 ], [ 75.908304396692387, 17.899062628074542 ], [ 75.96021513517482, 17.933842198630515 ], [ 75.984098942497965, 17.937100934074447 ], [ 76.003937989927962, 17.928163027965272 ], [ 76.018745721059858, 17.908937752782858 ], [ 76.049504803234797, 17.897865276105673 ], [ 76.069435747895525, 17.905933418418282 ], [ 76.085356736770024, 17.908418076934286 ], [ 76.095231757399887, 17.896857267166794 ], [ 76.099090092371725, 17.87691970442474 ], [ 76.100985341682204, 17.861750349601198 ], [ 76.11770802849901, 17.833956821939061 ], [ 76.171042871692435, 17.783581867681953 ], [ 76.172184305708626, 17.78317365518777 ], [ 76.207724817935528, 17.770460182391609 ], [ 76.288147998252029, 17.760130786203685 ], [ 76.33277129580334, 17.747761854552017 ], [ 76.368426782481805, 17.732752074865161 ], [ 76.378229257769306, 17.715489643686517 ], [ 76.378095036988952, 17.698452536900771 ], [ 76.353377836217575, 17.596740714111395 ], [ 76.35193747408303, 17.549401259935959 ], [ 76.35560198755158, 17.518043765559185 ], [ 76.355271339815175, 17.485823840995945 ], [ 76.351066778896922, 17.464115712938174 ], [ 76.339912197905349, 17.44351218402311 ], [ 76.325813638842078, 17.426766376525975 ], [ 76.307822358030108, 17.417694351174262 ], [ 76.257068903098059, 17.412211901064531 ], [ 76.194554735179864, 17.422163066405439 ], [ 76.166670625896714, 17.418049700984032 ], [ 76.144682965906, 17.408111325202558 ], [ 76.1225848690882, 17.391771936819357 ], [ 76.112632767575732, 17.384413509742021 ], [ 76.10857391013802, 17.381412484610809 ], [ 76.098290774558208, 17.353178900314084 ], [ 76.094001852866612, 17.327649952677476 ], [ 76.09374363471855, 17.306771486293297 ], [ 76.09745812739196, 17.285800679386423 ], [ 76.108053748941316, 17.258975001986759 ], [ 76.119895292304349, 17.252064414612061 ], [ 76.145699478842488, 17.248643033822887 ], [ 76.17858278973516, 17.254558949140055 ], [ 76.217403508288584, 17.258437075480423 ], [ 76.23119267924659, 17.248631070174422 ], [ 76.239949156994015, 17.234188956257 ], [ 76.245646502839037, 17.214114724969573 ], [ 76.249430100913841, 17.199780259427694 ], [ 76.251289140647614, 17.190237842196826 ], [ 76.256076552468627, 17.176828087225434 ], [ 76.265895619450973, 17.168055480258559 ], [ 76.283714659002328, 17.162903598673076 ], [ 76.30450027940779, 17.156733549411431 ], [ 76.311256539056529, 17.142325911370911 ], [ 76.314950208523953, 17.122282290833777 ], [ 76.309659326608454, 17.099584658617758 ], [ 76.288388581053283, 17.071532031322146 ], [ 76.273322674465831, 17.060453359831047 ], [ 76.269100361339795, 17.043423273563324 ], [ 76.274697561361236, 17.018560160462936 ], [ 76.29111632255281, 16.986789969246264 ], [ 76.285704643726604, 16.957397850278003 ], [ 76.278447151030903, 16.937560824039387 ], [ 76.271201957639391, 16.918671451121611 ], [ 76.270921560680904, 16.900578709276161 ], [ 76.274626388056021, 16.883348992874755 ], [ 76.291118476945158, 16.85821497513761 ], [ 76.331467565893675, 16.834461816282534 ], [ 76.350226566451568, 16.827379377180094 ], [ 76.361863708677504, 16.809967840280997 ], [ 76.374428405314305, 16.788720613406507 ], [ 76.378824772720478, 16.754299668511983 ], [ 76.375399260654603, 16.727670470519421 ], [ 76.372324503574035, 16.722014288597805 ], [ 76.362090156651462, 16.70411113808828 ], [ 76.351805050193093, 16.683342194038826 ], [ 76.349327679756811, 16.65476451034149 ], [ 76.355662421961568, 16.619307699537089 ], [ 76.3670022762619, 16.586599578302259 ], [ 76.367706195150205, 16.570348823108034 ], [ 76.36246993496232, 16.555177665477562 ], [ 76.353347889538597, 16.544863277258028 ], [ 76.316259395765201, 16.525581302366824 ], [ 76.295206346801208, 16.514554209735678 ], [ 76.288084305569981, 16.505144881789398 ], [ 76.286847869992002, 16.491788223163677 ], [ 76.281481696374698, 16.469910859063823 ], [ 76.293694873109843, 16.432364819025711 ], [ 76.338668238238185, 16.395089177951796 ], [ 76.365027699423081, 16.371584015397225 ], [ 76.365727165297457, 16.35626262835212 ], [ 76.362584587384205, 16.347716866474585 ], [ 76.353283950426132, 16.328771370437046 ], [ 76.336997202218697, 16.308050729500881 ], [ 76.307900029657901, 16.292371026778806 ], [ 76.285841561417143, 16.281328591158246 ], [ 76.2726199292606, 16.265315959655027 ], [ 76.27123038025934, 16.245231545306861 ], [ 76.316227909046475, 16.114020263886317 ], [ 76.321724760963562, 16.091862367092006 ], [ 76.32037296936096, 16.074631246911494 ], [ 76.310109361131182, 16.058532396300979 ], [ 76.289191362166875, 16.055106777157519 ], [ 76.263391398241268, 16.055609956907308 ], [ 76.23187649770135, 16.067730227470616 ], [ 76.184179991260379, 16.113724418292207 ], [ 76.15752196792981, 16.169848166269379 ], [ 76.143818580229876, 16.179698229675655 ], [ 76.133892051101128, 16.179888775037639 ], [ 76.110086861371897, 16.181302512199544 ], [ 76.093952190000863, 16.169144869704791 ], [ 76.080404916895404, 16.13775409338103 ], [ 76.074615498843229, 16.097573977445013 ], [ 76.064291299784188, 16.07857641241123 ], [ 76.048287586457832, 16.073114521697118 ], [ 76.029384484750665, 16.071542503206881 ], [ 76.007701003024053, 16.079616468270824 ], [ 75.931658455750707, 16.101145532638235 ], [ 75.89296694351566, 16.103754293765256 ], [ 75.868814969965953, 16.088820358731052 ], [ 75.865458695692453, 16.070637681512469 ], [ 75.871229269115389, 16.013883856333369 ], [ 75.896212432570181, 15.987945953677004 ], [ 75.900393927510876, 15.983603783750443 ], [ 75.994622578577363, 15.884935169053055 ], [ 76.010932756229565, 15.858709403234236 ], [ 76.017544223245594, 15.843221579571848 ], [ 76.01709944980179, 15.823054964052702 ], [ 76.006277182054902, 15.782892709949614 ], [ 75.999158176362897, 15.731125370391537 ], [ 75.991579782730753, 15.703385455912855 ], [ 75.98397591264991, 15.674681148448174 ], [ 75.970632644239004, 15.655685531870045 ], [ 75.956361159267942, 15.639587110564221 ], [ 75.948177016577631, 15.629151139612649 ], [ 75.935644709111898, 15.602441868013306 ], [ 75.929221439536789, 15.582356949692999 ], [ 75.93614876978387, 15.454318263692018 ], [ 75.939414891541361, 15.383067667766346 ], [ 75.94931419575272, 15.340563606346192 ], [ 75.971161498122484, 15.299780985676122 ], [ 76.012090967823269, 15.227873829006329 ], [ 76.033578525430201, 15.208152866297548 ], [ 76.032894805268185, 15.1804901732608 ], [ 76.02633603686624, 15.166160976855108 ], [ 75.967923810968571, 15.162320198300112 ], [ 75.931952411291803, 15.162910520420573 ], [ 75.894648602464542, 15.159905199840965 ], [ 75.877191673917935, 15.156575268239413 ], [ 75.868269658534842, 15.147089459418805 ], [ 75.857778824533469, 15.124387691053133 ], [ 75.856791947985243, 15.084680873479654 ], [ 75.868540387818328, 15.008653882328296 ], [ 75.866513123732318, 14.977385177012716 ], [ 75.840310867570196, 14.922417922930638 ], [ 75.824992225154332, 14.85643790102368 ], [ 75.8146582828916, 14.791579205303712 ], [ 75.81978000908299, 14.662526903335506 ], [ 75.808755691674662, 14.656367401430941 ], [ 75.79298547123723, 14.627429690836227 ], [ 75.735081139743698, 14.5623687626634 ], [ 75.63373980264268, 14.416328648972177 ], [ 75.602432881513081, 14.378308741344728 ], [ 75.56734777689249, 14.35960436315133 ], [ 75.540509225252038, 14.364833755129618 ], [ 75.514092518135811, 14.384853498762444 ], [ 75.486498095958652, 14.416653423206807 ], [ 75.45307900784077, 14.454946468904442 ], [ 75.399923767990643, 14.497909942333749 ], [ 75.385813324753443, 14.530761250369164 ], [ 75.381081920520003, 14.563859969587979 ], [ 75.374130866903883, 14.583989454212235 ], [ 75.354243061485676, 14.611163845118925 ], [ 75.322692391798412, 14.623256673077034 ], [ 75.280721992667537, 14.666455540365741 ], [ 75.259277271392321, 14.706491804381349 ], [ 75.244556801207381, 14.71717585573187 ], [ 75.229550273123266, 14.716784975732489 ], [ 75.20499687179688, 14.708793264866515 ], [ 75.199990201299542, 14.704452330731181 ], [ 75.189699262418173, 14.695532135448307 ], [ 75.162480745992113, 14.650774445018135 ], [ 75.149238849293354, 14.643143503646781 ], [ 75.127035540696795, 14.651862085390082 ], [ 75.108449194066637, 14.655152212942729 ], [ 75.099079193684815, 14.653127971019765 ], [ 75.089363961841926, 14.634593208920926 ], [ 75.088378963825235, 14.586915920140475 ], [ 75.074791161475119, 14.559198094484852 ], [ 75.030026455709333, 14.552943304374882 ], [ 75.018867472433996, 14.552758548054246 ], [ 74.98702769144704, 14.539447567662391 ], [ 74.971866214409417, 14.522765356502161 ], [ 74.971058533286055, 14.477091686221387 ], [ 74.988102707068819, 14.389720476305227 ], [ 74.985136600277372, 14.324010511182957 ], [ 74.964470096961591, 14.307328422182344 ], [ 74.938604602463684, 14.312458191884588 ], [ 74.907350346977736, 14.328450055753192 ], [ 74.868844508853471, 14.355273054557024 ], [ 74.811918164551173, 14.390947006198825 ], [ 74.784095540272091, 14.390572277340508 ], [ 74.757993394793075, 14.38111847307597 ], [ 74.712987897984647, 14.345943874416065 ], [ 74.675102713834974, 14.287248589871611 ], [ 74.603691770937488, 14.198511276393132 ], [ 74.599444604855094, 14.202149328454578 ], [ 74.556552493423808, 14.205995361916475 ], [ 74.494391545663831, 14.208154095736356 ], [ 74.457511156378899, 14.219331341090259 ], [ 74.381447197699018, 14.241922497799978 ], [ 74.379132079889189, 14.268968215994862 ], [ 74.378134475228393, 14.280619944319247 ], [ 74.379058345871201, 14.285107446224751 ], [ 74.403559792099458, 14.329758246258116 ], [ 74.403480048681587, 14.359899555588431 ], [ 74.404861187651122, 14.394350384320052 ], [ 74.390706652068616, 14.455314475430878 ], [ 74.366293942655844, 14.494002769284663 ], [ 74.331567453792886, 14.529788354266653 ], [ 74.315320603532001, 14.542658853529449 ], [ 74.290933073710974, 14.566268033402848 ], [ 74.290783739489086, 14.612913278918191 ], [ 74.285931404298395, 14.74565817849683 ], [ 74.276264535148414, 14.770027006563128 ], [ 74.246003185183568, 14.777106280932358 ], [ 74.219430218423597, 14.783476400584979 ], [ 74.198737686020209, 14.794887089369249 ], [ 74.179531723375334, 14.802713123480462 ], [ 74.169178365009202, 14.809851985565199 ], [ 74.161772056784841, 14.817718685632281 ], [ 74.15435127965327, 14.829173018989893 ], [ 74.145451490723616, 14.841339161406927 ], [ 74.14244127295413, 14.856397305843316 ], [ 74.142390283642811, 14.869313685754427 ], [ 74.149709182507479, 14.884410253348404 ], [ 74.154063452669575, 14.903083624902857 ], [ 74.15549169810933, 14.915287866303336 ], [ 74.1495429576172, 14.926747199925172 ], [ 74.129527687569976, 14.948916906883168 ], [ 74.101597287530339, 14.966671973105891 ], [ 74.094745638990574, 14.97102649444555 ], [ 74.072540038314244, 14.985288664819583 ], [ 74.060644715017261, 15.004614212350956 ], [ 74.052119439878766, 15.015564807272122 ], [ 74.084778614210265, 15.022706197437337 ], [ 74.109607259544163, 15.024086627902976 ], [ 74.126576026143809, 15.032130916840524 ], [ 74.144681565595988, 15.051844686837349 ], [ 74.151786742180349, 15.064584158201475 ], [ 74.154980055075001, 15.082113733044036 ], [ 74.157110291359785, 15.093801816213682 ], [ 74.162259176785398, 15.108457158106809 ], [ 74.175252558136421, 15.114511571018619 ], [ 74.195169918009697, 15.117776205380627 ], [ 74.215996372941405, 15.114258368777888 ], [ 74.245785034314167, 15.11187297903907 ], [ 74.271705246410519, 15.117198699783055 ], [ 74.299840402997091, 15.138133526611263 ], [ 74.338251585350037, 15.179726093713487 ], [ 74.386496962732153, 15.272275492468546 ], [ 74.40889819826036, 15.359614459500614 ], [ 74.415043440334927, 15.425228316253575 ], [ 74.414734591921246, 15.463364634491557 ], [ 74.388207708032667, 15.543930023811123 ], [ 74.38191739938371, 15.581965027171954 ], [ 74.384244088013702, 15.598688234087081 ], [ 74.38854406434389, 15.613512872538708 ], [ 74.395802040294484, 15.625486384839066 ], [ 74.4072237705075, 15.644460888799342 ], [ 74.408807766576004, 15.648052278753065 ], [ 74.41776170935951, 15.668345549127318 ], [ 74.420170846411054, 15.687094055048059 ], [ 74.419398943474789, 15.697886592918167 ], [ 74.408718652853366, 15.715256736836281 ], [ 74.395832681739265, 15.723705657055202 ], [ 74.338705883491016, 15.730809561524119 ], [ 74.29456047295173, 15.732463392311699 ], [ 74.284631823622703, 15.738063077288651 ], [ 74.270001286766728, 15.760198331740352 ], [ 74.267348218490611, 15.778758073280338 ], [ 74.269607951280278, 15.791580577313859 ], [ 74.280094580183004, 15.813495967518337 ], [ 74.310591466989706, 15.829192298550185 ], [ 74.350208429753621, 15.845260305371582 ], [ 74.362558276047992, 15.856525162064282 ], [ 74.371870519252838, 15.866715013377162 ], [ 74.375252051914629, 15.88164077195718 ], [ 74.37565872568652, 15.898444503798094 ], [ 74.37407474572683, 15.916172234266318 ], [ 74.366378738369889, 15.931698500076038 ], [ 74.349506604335744, 15.943911311750792 ], [ 74.328325965953738, 15.945097318679727 ], [ 74.309245182485668, 15.949335588037346 ], [ 74.296575465611099, 15.968614572465485 ], [ 74.270498933576832, 16.018993621008921 ], [ 74.256528449965643, 16.026371158356739 ], [ 74.236355296510567, 16.027600344521716 ], [ 74.211162655306822, 16.029649738558188 ], [ 74.191138600590563, 16.036824987770427 ], [ 74.171653270975824, 16.068654011246974 ], [ 74.164994469701099, 16.087143705989515 ], [ 74.159816651311331, 16.126409215574281 ], [ 74.15028594282893, 16.13984304009124 ], [ 74.137844318055031, 16.157375815950104 ], [ 74.151963888026941, 16.165771764942821 ], [ 74.082868830648735, 16.124792774404124 ], [ 73.981007846652687, 16.003870858610792 ], [ 73.710870743159759, 15.786689426101564 ], [ 73.701336019160266, 15.780506381715858 ], [ 73.687450825201736, 15.799897053773098 ], [ 73.683062875817072, 15.810034161235246 ], [ 73.695819352903953, 15.842993641245124 ], [ 73.698811540507805, 15.857958198133327 ], [ 73.691979798774824, 15.872100599483316 ], [ 73.684411879141877, 15.88776415408975 ], [ 73.682269459661214, 15.892099119002511 ], [ 73.674395127782105, 15.908030064010225 ], [ 73.659490790436053, 15.914657923427168 ], [ 73.643601244977845, 15.925559080976651 ], [ 73.622763878613839, 15.936905662628908 ], [ 73.614812584938448, 15.943072273281846 ], [ 73.606864118218681, 15.948760297957026 ], [ 73.598855374708066, 15.963056444970926 ], [ 73.573291055665763, 16.012627949003853 ], [ 73.536801081014588, 16.06642514987244 ], [ 73.53370383764306, 16.084099300911518 ], [ 73.528584911569894, 16.107498429991772 ], [ 73.526188117505185, 16.113332859202401 ], [ 73.521531679703699, 16.124666671956017 ], [ 73.519606386417848, 16.183955911775708 ], [ 73.518176975517662, 16.242769962609604 ], [ 73.479655614162823, 16.295102991044782 ], [ 73.452553336567746, 16.341294369704304 ], [ 73.422016266165471, 16.381716708856171 ], [ 73.407893857866327, 16.412694305949405 ], [ 73.401690720074228, 16.444209235944523 ], [ 73.388134421230262, 16.465624865212465 ], [ 73.379435537296672, 16.498553956731573 ], [ 73.361749767398564, 16.538585003204052 ], [ 73.362051677554248, 16.561540962868992 ], [ 73.380883485250678, 16.621941576366495 ], [ 73.37433896793668, 16.692185517325733 ], [ 73.367897332030651, 16.749518054472379 ], [ 73.347268462456796, 16.83925286816557 ], [ 73.343651440729928, 16.855481959166955 ], [ 73.343455610436195, 16.877954960270021 ], [ 73.332313976135765, 17.015101364248753 ], [ 73.326154187191975, 17.148460175481578 ], [ 73.304400352290827, 17.188922543421263 ], [ 73.294268055353243, 17.208919735460324 ], [ 73.291138277350527, 17.224672385954566 ], [ 73.284489649744046, 17.2442201729808 ], [ 73.279075486314198, 17.261268433297577 ], [ 73.279661373033051, 17.261770384847605 ], [ 73.278709721826374, 17.277810536618794 ], [ 73.277432140564514, 17.279194575402745 ], [ 73.277639493089538, 17.285282685639711 ], [ 73.290926530644697, 17.301653516505539 ], [ 73.295335486953491, 17.309341514644004 ], [ 73.296775850953267, 17.315091607092306 ], [ 73.296696534526063, 17.323697697279755 ], [ 73.2901457747557, 17.332248608989076 ], [ 73.274633647726716, 17.340722181430557 ], [ 73.2570655760492, 17.355870536991489 ], [ 73.245944466486961, 17.373464501530428 ], [ 73.241362932028736, 17.383943288522619 ], [ 73.241276119267454, 17.393027164539902 ], [ 73.24110233614195, 17.411194892349677 ], [ 73.244839577174488, 17.437047289883182 ], [ 73.253956808994246, 17.473465990733008 ], [ 73.270021152606319, 17.513292116998912 ], [ 73.269889754698241, 17.527157010451901 ], [ 73.269753698813261, 17.541499982547649 ], [ 73.266622563283335, 17.556294867879032 ], [ 73.251879690480578, 17.586287618843805 ], [ 73.248603056529618, 17.615902753302436 ], [ 73.249409130564047, 17.660020711542522 ], [ 73.259742840385698, 17.67298949132147 ], [ 73.260124723388117, 17.683183253731073 ], [ 73.257221396917799, 17.683979824179652 ], [ 73.257418061990009, 17.68435351174908 ], [ 73.267319753207047, 17.692091082370155 ], [ 73.276732634217396, 17.698867665252152 ], [ 73.280192332971765, 17.702244900055266 ], [ 73.281135317514725, 17.707990750777107 ], [ 73.276595701965974, 17.713210439300529 ], [ 73.265579996799659, 17.717416649941185 ], [ 73.237500100826736, 17.731988478652671 ], [ 73.226374230469204, 17.747188097701088 ], [ 73.205004798067463, 17.788589637335782 ], [ 73.202299017259406, 17.809601762599577 ], [ 73.188534352368706, 17.887406254744974 ], [ 73.13797986884029, 17.994500314243474 ], [ 73.116336638853554, 18.05644203303752 ], [ 73.113508474926604, 18.074089491839491 ], [ 73.112588114089405, 18.079831429602034 ], [ 73.111630695887712, 18.084316008504004 ], [ 73.109430437998981, 18.094620989933663 ], [ 73.103252147565442, 18.111293034543213 ], [ 73.096093334995132, 18.126042764962634 ], [ 73.078902295872652, 18.143560623988058 ], [ 73.069297589212923, 18.153025830160647 ], [ 73.061670882083035, 18.164422681992129 ], [ 73.054021938139059, 18.17773116231227 ], [ 73.045640606113096, 18.256525884849353 ], [ 73.03064644015619, 18.299396959592528 ], [ 73.006314634041573, 18.326393114990999 ], [ 72.986151362308775, 18.338610328323256 ], [ 72.981040705043441, 18.347639003243099 ], [ 72.974399907923214, 18.359041401875448 ], [ 72.973036453331588, 18.365774519879615 ], [ 72.985366364087668, 18.368824653777942 ], [ 73.034198287119267, 18.357772867336319 ], [ 73.062681744081189, 18.355072674601431 ], [ 73.065676112348328, 18.357901283573842 ], [ 73.071039878419001, 18.35765456507426 ], [ 73.070981458360265, 18.362912620296704 ], [ 73.070866550446041, 18.370314096804133 ], [ 73.052924010263652, 18.394485835571516 ], [ 73.046979113184094, 18.404736550213755 ], [ 73.041642805384541, 18.409678883576728 ], [ 73.03913009308495, 18.413062402582881 ], [ 73.02868242325907, 18.421680487522586 ], [ 72.988256586233206, 18.459098172509073 ], [ 72.971435855532221, 18.483776506290113 ], [ 72.965306173980309, 18.493749333465146 ], [ 72.959557738695963, 18.51376455991376 ], [ 72.958892281071371, 18.519461052602072 ], [ 72.965381452968714, 18.57538333738983 ], [ 72.964914743389812, 18.583408428131619 ], [ 72.967381541052347, 18.614712302275034 ], [ 72.963114803524377, 18.636177166825711 ], [ 72.962943778551406, 18.650515953567684 ], [ 72.965202611325765, 18.660753225581445 ], [ 72.965798448326481, 18.6634534624745 ], [ 72.965692784171267, 18.67231167670634 ], [ 72.965661606308416, 18.67492447988203 ], [ 72.960671445937663, 18.685794941749794 ], [ 72.960533302242112, 18.694762844964725 ], [ 72.944864050413742, 18.720218072849512 ], [ 72.938359324139356, 18.734378129509356 ], [ 72.912706522384269, 18.780460202284978 ], [ 72.908084246331711, 18.789012520179163 ], [ 72.905403727495795, 18.802844486835259 ], [ 72.905232090533175, 18.816704562505386 ], [ 72.905346326762455, 18.819553829602643 ], [ 72.920814477221953, 18.855018845415589 ], [ 72.940742645693803, 18.867875428611494 ], [ 72.969928706352292, 18.867729514245461 ], [ 73.007338784510296, 18.849934012082191 ], [ 73.018470847863526, 18.842461237685967 ], [ 73.026310914737294, 18.852583635325505 ], [ 73.025394491448651, 18.864094289240583 ], [ 73.025650133025323, 18.864387160657188 ], [ 73.028924249338644, 18.884977007009432 ], [ 73.027533451695447, 18.917945968393933 ], [ 73.026872368530803, 18.918392872263929 ], [ 73.021963965687348, 18.921710883034031 ], [ 73.008324323260226, 18.928257277798814 ], [ 72.996230408511963, 18.931473170109747 ], [ 72.981145502789943, 18.932743651131119 ], [ 72.960489247472239, 18.937775768153642 ], [ 72.955695406226852, 18.941595079343916 ], [ 72.955590021964809, 18.948293937574263 ], [ 72.960771852734666, 18.964089032467857 ], [ 72.967998781831483, 18.970200817565818 ], [ 72.992133831355943, 18.986013451848002 ], [ 73.007716306638088, 19.012736213847845 ], [ 73.008023151619454, 19.013941977119757 ], [ 73.019186421565195, 19.029235661267226 ], [ 73.026566673251025, 19.042699182298762 ], [ 73.022672906532293, 19.065814820550059 ], [ 73.020618307261458, 19.078008679190617 ], [ 73.019300150791238, 19.104285305643355 ], [ 73.018083792951444, 19.121958696877304 ], [ 73.014872572553031, 19.138176460310778 ], [ 73.014723936144762, 19.150603137343804 ], [ 73.014060773236992, 19.163980252401597 ], [ 73.008927801550143, 19.172528810195637 ], [ 73.002509471076706, 19.17428267112993 ], [ 72.997913158512944, 19.182996537149318 ], [ 72.985942203204402, 19.180300934651239 ], [ 72.975342343722986, 19.155396820221718 ], [ 72.963724219882906, 19.130494265083481 ], [ 72.950084841391771, 19.104670420137243 ], [ 72.915368004363444, 19.071535072234042 ], [ 72.897281580231834, 19.058743417775514 ], [ 72.879711276320663, 19.049196448823199 ], [ 72.874298620654955, 19.040052515156276 ], [ 72.874272002177477, 19.040000317021921 ], [ 72.872570989567933, 19.038422479767242 ], [ 72.872318671479391, 19.036169798107192 ], [ 72.869885459533577, 19.031397977908775 ], [ 72.870534167713444, 19.019933890598857 ], [ 72.871102760419021, 19.018249208141125 ], [ 72.872146865842353, 19.002343781624379 ], [ 72.871542937203216, 18.977367528500462 ], [ 72.859531070162163, 18.972794677305721 ], [ 72.847674559283377, 18.972327150205519 ], [ 72.839923494663509, 18.9775166971361 ], [ 72.834311195718541, 18.984142772145862 ], [ 72.828121648275371, 18.996497530889865 ], [ 72.822892424297592, 19.012209097315587 ], [ 72.819067685547992, 19.019264656380262 ], [ 72.825955991776382, 19.054065020235331 ], [ 72.826842357282217, 19.056228895823622 ], [ 72.845421353418274, 19.096596620614765 ], [ 72.846138214973081, 19.098833329436104 ], [ 72.851285761486949, 19.107899351551847 ], [ 72.8509543132906, 19.11385887541719 ], [ 72.855571435981332, 19.128261424409978 ], [ 72.852581258581125, 19.165030386816223 ], [ 72.841609547377928, 19.273400052068684 ], [ 72.834461196157037, 19.283417668352591 ], [ 72.825712572637144, 19.295675650843858 ], [ 72.818036263438742, 19.305143182566326 ], [ 72.808488861407866, 19.308958956108359 ], [ 72.796347331504549, 19.31998892309857 ], [ 72.790007492277255, 19.330532291882541 ], [ 72.789980654598537, 19.332526534714955 ], [ 72.794822128131358, 19.346923661234737 ], [ 72.805763856309383, 19.357092800948408 ], [ 72.824272466568729, 19.366396116343559 ], [ 72.836584363209425, 19.373834151873471 ], [ 72.84885646052453, 19.378983486071 ], [ 72.894832272644564, 19.406527277249069 ], [ 72.905670176188224, 19.423132577030373 ], [ 72.905504616388839, 19.43330963735557 ], [ 72.901357875778203, 19.442343168479493 ], [ 72.890445764964397, 19.444013277311228 ], [ 72.874022587138214, 19.44831065324934 ], [ 72.85788398572123, 19.445658607056149 ], [ 72.821152464871361, 19.445220994985664 ], [ 72.805416391463453, 19.448657623795757 ], [ 72.787476875449485, 19.455756308814244 ], [ 72.784762572201757, 19.457684541992013 ], [ 72.775825180917366, 19.461685163517579 ], [ 72.766654536979388, 19.475699363704862 ], [ 72.761699619093164, 19.485993512750174 ], [ 72.761624283118962, 19.491472382389038 ], [ 72.772310432222312, 19.515661284261764 ], [ 72.774845428943493, 19.519694926373571 ], [ 72.793652610095464, 19.545256298088297 ], [ 72.827728807291734, 19.598243635421589 ], [ 72.826036258684695, 19.611605680311012 ], [ 72.825534956004503, 19.612184217547835 ], [ 72.826251825761958, 19.615438415194777 ], [ 72.820054121912236, 19.624735445877999 ], [ 72.805759266136036, 19.634057714570215 ], [ 72.780494802691635, 19.632288571630678 ], [ 72.744475628728694, 19.606457612766736 ], [ 72.733009889488798, 19.6017379048726 ], [ 72.716760437342188, 19.599738938915021 ], [ 72.716178716090297, 19.599847321005662 ], [ 72.707143320147836, 19.601674257972327 ], [ 72.706520531813595, 19.610600892303662 ], [ 72.704247371895931, 19.699463530893475 ], [ 72.695290936467089, 19.760998572797906 ], [ 72.677414865973461, 19.813646911828307 ], [ 72.662803493039064, 19.845952940358217 ], [ 72.654527511469581, 19.859225161595788 ], [ 72.647666430403859, 19.879205977248624 ], [ 72.645359210143155, 19.885825766948127 ], [ 72.646556588902087, 19.928520828571358 ], [ 72.6665462729853, 19.965203861934452 ], [ 72.691898927820404, 19.998781080428326 ], [ 72.712713376514557, 20.097497735309098 ], [ 72.738196119276594, 20.154696318598958 ], [ 72.740477599603807, 20.162854520306833 ], [ 72.759633631612203, 20.202269202284306 ], [ 72.760493989176581, 20.205707973380925 ], [ 72.765227756450457, 20.210956347400764 ], [ 72.771192802562524, 20.218678619865354 ], [ 72.765112255452394, 20.254443885974069 ], [ 72.762484753030748, 20.260155199048256 ], [ 72.760665049866688, 20.274673839079501 ], [ 72.753000681884458, 20.28669137466391 ], [ 72.752868383412022, 20.295864313668435 ], [ 72.755707270181148, 20.309759720700356 ], [ 72.763943796413514, 20.327294402550923 ], [ 72.764063373128735, 20.327548940240931 ], [ 72.770771867291742, 20.336743854867184 ], [ 72.77096656386081, 20.336843009480987 ], [ 72.789880206266901, 20.362782394345615 ], [ 72.793355265758308, 20.372262171482078 ], [ 72.804267213479832, 20.386522414169217 ], [ 72.836451119866155, 20.436228792544554 ], [ 72.845449820373346, 20.450120607186722 ], [ 72.867748715144543, 20.48767281887805 ], [ 72.866359767491033, 20.496052240803639 ], [ 72.868088738883671, 20.498961041415189 ], [ 72.869969654925924, 20.512156892904144 ], [ 72.963934036491565, 20.521022333690897 ], [ 72.991877113731135, 20.532024878369679 ], [ 73.00237911117091, 20.541718174454125 ], [ 73.013569970002933, 20.556976147157915 ], [ 73.016324109527304, 20.579238056704341 ], [ 73.014602910087916, 20.595257732685933 ], [ 73.008343229003557, 20.609908180237479 ], [ 72.992978011582565, 20.623907570956117 ], [ 72.965508817185381, 20.633786408144463 ], [ 72.935869952293956, 20.6346196906145 ], [ 72.888846412998276, 20.633952303553023 ], [ 72.889220224377226, 20.643026578776706 ], [ 72.889844500384754, 20.651389825171311 ], [ 72.887814589686997, 20.653251452020623 ], [ 72.885132780518489, 20.663179156755 ], [ 72.852457006795333, 20.680015151619468 ], [ 72.846286531988881, 20.684340144696726 ], [ 72.845147271716456, 20.688591430054888 ], [ 72.845479511249678, 20.701020961236647 ], [ 72.851939470524428, 20.711137579848661 ], [ 72.854513761734509, 20.713408673917634 ], [ 72.858063021690839, 20.715263900537639 ], [ 72.872218874637838, 20.723310967392013 ], [ 72.881201362292288, 20.72535959612124 ], [ 72.906484400890136, 20.733793667347104 ], [ 72.923643169807875, 20.742126272459824 ], [ 72.93321653017577, 20.74797664530033 ], [ 72.942764790673692, 20.755737908033115 ], [ 72.94475807204779, 20.75862927779561 ], [ 72.944680518805953, 20.764363376100547 ], [ 72.934020445501545, 20.77168501378527 ], [ 72.930259436258638, 20.776219397722755 ], [ 72.881127023601579, 20.8098431031564 ], [ 72.8758777205461, 20.822858436798693 ], [ 72.870602141945838, 20.837729929167836 ], [ 72.869407136888228, 20.8388140854229 ], [ 72.866805640480649, 20.846090310783715 ], [ 72.853911977116113, 20.852869607969435 ], [ 72.85107599351133, 20.855441640277476 ], [ 72.829766918961212, 20.854594148396565 ], [ 72.822902217806629, 20.836984381900155 ], [ 72.817312361213027, 20.820150492947899 ], [ 72.806137738331543, 20.822863104732065 ], [ 72.800882358229543, 20.834742787817884 ], [ 72.795639998245406, 20.845666640478793 ], [ 72.793402720645986, 20.849399717455885 ], [ 72.793265196755371, 20.850082238526458 ], [ 72.778570059635243, 20.883545135531001 ], [ 72.77823984807641, 20.889919424197732 ], [ 72.789676566137757, 20.905802266867308 ], [ 72.805160783215115, 20.925117114143902 ], [ 72.807302730937323, 20.933020972547311 ], [ 72.808539776665896, 20.937585390809382 ], [ 72.807672370347973, 20.939734354527666 ], [ 72.808240081089934, 20.941917712565068 ], [ 72.808019978748135, 20.957696798967696 ], [ 72.804808513783101, 20.961139102954284 ], [ 72.791510357894595, 20.975389392427982 ], [ 72.775203391722926, 20.978228976486946 ], [ 72.769297231587586, 20.976279153486402 ], [ 72.766756830734806, 20.976706511283425 ], [ 72.758637895054576, 20.972759517868379 ], [ 72.741794595202634, 20.967196333937352 ], [ 72.725071145143502, 20.964547036210735 ], [ 72.723589836456867, 20.964892113497168 ], [ 72.720494728020512, 20.966302747935938 ], [ 72.720411429923089, 20.966760628786144 ], [ 72.718707430017261, 20.997333756488167 ], [ 72.72200809637684, 21.00860802891814 ], [ 72.725882772851193, 21.021561955833455 ], [ 72.746193176183681, 21.024699560495787 ], [ 72.759894246807875, 21.024357915136189 ], [ 72.773609359890273, 21.019072684360101 ], [ 72.79295698892318, 21.017150291725496 ], [ 72.800073898080484, 21.017125194236606 ], [ 72.809900555649335, 21.023312620064225 ], [ 72.82100344877189, 21.025197020189093 ], [ 72.822900120294847, 21.034778873403411 ], [ 72.826770334868129, 21.048686873582177 ], [ 72.826641419016241, 21.057563763949453 ], [ 72.827876187146444, 21.064355990563087 ], [ 72.827475419677654, 21.093127922298269 ], [ 72.815171107798605, 21.100598939139097 ], [ 72.808173783641692, 21.103069023207958 ], [ 72.807111913882636, 21.104823072402215 ], [ 72.795868428465738, 21.107544429521251 ], [ 72.764667223077467, 21.108210926797341 ], [ 72.754448795298359, 21.101983142218643 ], [ 72.747261268531474, 21.097019803677579 ], [ 72.737913968620035, 21.09622366356534 ], [ 72.717547230853441, 21.096285396488387 ], [ 72.710349422765375, 21.100947242609262 ], [ 72.705214845453284, 21.103746490520123 ], [ 72.701108488155711, 21.110651046306263 ], [ 72.697754536898074, 21.11868740334539 ], [ 71.832702017788634, 21.126756621552701 ] ], [ [ 73.575207227745864, 18.51917227889323 ], [ 73.947740947084043, 16.222662588332632 ], [ 73.922666132433292, 16.207892209584337 ], [ 73.947742081367679, 16.222655595963275 ], [ 75.301373242469793, 16.337370683356436 ], [ 75.157058102896542, 16.614972047029529 ], [ 75.15935137901117, 16.61522443659679 ], [ 75.157058043089933, 16.614972162072174 ], [ 74.8006564713356, 16.785226654907827 ], [ 74.673486734728641, 16.904768766134257 ], [ 74.679181477804462, 16.9034418285875 ], [ 74.67348646068811, 16.90476902373787 ], [ 75.601952089340287, 17.01369416397204 ], [ 75.590586285553201, 17.013395999637474 ], [ 75.601953312385902, 17.013694307456529 ], [ 74.00438963542814, 17.189400484278817 ], [ 75.167027385380862, 17.322070757037181 ], [ 75.163873219364703, 17.322607139092888 ], [ 75.167027695650717, 17.322070792442524 ], [ 75.006942614486292, 17.390132732240858 ], [ 75.716471591214017, 17.543258085062845 ], [ 74.708887598707179, 18.12009931077144 ], [ 74.708883312770425, 18.120101163813914 ], [ 74.22860989488774, 18.151688459947813 ], [ 73.94738763497628, 19.005300970533106 ], [ 73.575207227745864, 18.51917227889323 ] ], [ [ 75.301373242469793, 16.337370683356436 ], [ 75.303814454559159, 16.348784861092966 ], [ 75.303829667911756, 16.348856002464363 ], [ 75.301373242469793, 16.337370683356436 ] ], [ [ 75.716471591214017, 17.543258085062845 ], [ 75.716401511427236, 17.545010123388966 ], [ 75.71567319527999, 17.563178536802933 ], [ 75.716471591214017, 17.543258085062845 ] ], [ [ 72.899991185602659, 22.681587930176018 ], [ 73.406078390111404, 23.080505063436945 ], [ 72.918747472653763, 23.127411756990121 ], [ 72.821137406637362, 23.347884345429193 ], [ 72.759545349559502, 23.547375929299957 ], [ 72.899991185602659, 22.681587930176018 ] ], [ [ 72.759545349559502, 23.547375929299957 ], [ 72.754561720970216, 23.54489866507059 ], [ 72.725925371492636, 23.530659084098009 ], [ 72.759545349559502, 23.547375929299957 ] ], [ [ 71.285750347395691, 21.131858591987744 ], [ 71.292330744056116, 21.145846792060652 ], [ 71.289040298649439, 21.138852589690089 ], [ 71.285750347395691, 21.131858591987744 ] ], [ [ 73.15421146413054, 21.114429568743777 ], [ 73.246715101565854, 20.544184544589431 ], [ 73.52283955137915, 20.797968131101833 ], [ 73.30044813828593, 20.821751712668195 ], [ 73.587519657676012, 21.110387665752345 ], [ 73.15421146413054, 21.114429568743777 ] ], [ [ 73.294187458228279, 20.251537942551167 ], [ 73.515523670563368, 18.887095664943256 ], [ 73.634766765049903, 18.890868286123894 ], [ 73.510110773528098, 20.176492006176392 ], [ 73.513862065752761, 20.17707750152428 ], [ 73.510109953583935, 20.176492291154776 ], [ 73.294187458228279, 20.251537942551167 ] ], [ [ 73.745858068275012, 19.61701698278333 ], [ 73.705498357198337, 19.669283238081189 ], [ 73.698793969260251, 19.677958933008806 ], [ 73.745858068275012, 19.61701698278333 ] ], [ [ 74.02606365536451, 20.890607706583001 ], [ 74.026063889656598, 20.890608771487628 ], [ 74.007825357944256, 20.884757585433785 ], [ 74.02606365536451, 20.890607706583001 ] ], [ [ 73.919830602312402, 21.734866148053996 ], [ 73.904503339473933, 21.87213603666741 ], [ 73.904503339473635, 21.872136036667413 ], [ 73.923041922531482, 21.706058215125388 ], [ 73.919830602312402, 21.734866148053996 ] ], [ [ 73.254561058284153, 18.100355759238944 ], [ 73.232112538867113, 18.104610448074762 ], [ 73.271359455056682, 18.096915388940065 ], [ 73.254561058284153, 18.100355759238944 ] ], [ [ 73.46488201095778, 18.885493137640502 ], [ 73.464882098225104, 18.88549346341329 ], [ 73.46353466348161, 18.888813020597688 ], [ 73.46488201095778, 18.885493137640502 ] ], [ [ 73.067232732065648, 21.650615934408986 ], [ 73.10430387787504, 21.661410837151823 ], [ 73.101765100402957, 21.653811183214206 ], [ 73.104304072476083, 21.661410893818516 ], [ 73.110469924256023, 21.679868468501525 ], [ 73.104303902645597, 21.661410911300749 ], [ 73.064822314520185, 21.665475118864311 ], [ 73.067232732065648, 21.650615934408986 ] ], [ [ 72.754960077736101, 21.559683947842732 ], [ 72.773730862739953, 21.596096098131571 ], [ 72.783845999595272, 21.611283129226049 ], [ 72.795534051731977, 21.623981873084706 ], [ 72.801448401854827, 21.638395521730523 ], [ 72.811990229220896, 21.651078153022421 ], [ 72.819974521992108, 21.655483801271789 ], [ 72.828736665549243, 21.659182501231676 ], [ 72.844329773011154, 21.667628690230249 ], [ 72.844654504309389, 21.67157518478604 ], [ 72.834154369346209, 21.681473269568897 ], [ 72.831442812132096, 21.682343245508306 ], [ 72.835187212435486, 21.687109215995719 ], [ 72.833448159468944, 21.689292615465135 ], [ 72.721850662421375, 21.700780385160076 ], [ 72.71730582144113, 21.699616246735385 ], [ 72.711067241248287, 21.697909206493698 ], [ 72.65970664325765, 21.692290259491763 ], [ 72.58747351202328, 21.662880955347386 ], [ 72.547634130167282, 21.6565074114549 ], [ 72.509557410543579, 21.667748108718893 ], [ 72.498889774587894, 21.674608585569182 ], [ 72.502747557088625, 21.689713925900872 ], [ 72.509920366153324, 21.718487854129283 ], [ 72.511609838597806, 21.722422431159824 ], [ 72.167053859141305, 21.757890787025591 ], [ 72.190791720821835, 21.725531802068463 ], [ 72.218354236470205, 21.673741816582424 ], [ 72.220456642139084, 21.669790417942938 ], [ 72.233341269219196, 21.635412690784754 ], [ 72.229629658076178, 21.612172318593434 ], [ 72.205662930168856, 21.574032019531153 ], [ 72.203272201062447, 21.563803768093081 ], [ 72.200881618899459, 21.55357537386336 ], [ 72.17975987797837, 21.468950816857955 ], [ 72.144663652223457, 21.423322129876141 ], [ 72.076833898032433, 21.374781037274484 ], [ 72.054938534168855, 21.355841732672115 ], [ 72.754960077736101, 21.559683947842732 ] ], [ [ 72.694816959201404, 22.519861821541305 ], [ 72.68113154656433, 22.529244323076348 ], [ 72.667442239191644, 22.538621953960021 ], [ 72.694816959201404, 22.519861821541305 ] ], [ [ 72.349334248883608, 22.333061325570437 ], [ 72.347546803580741, 22.346182634392875 ], [ 72.340480462311774, 22.353232066173316 ], [ 72.320638149059775, 22.363652703938591 ], [ 72.298166669588909, 22.370444157210223 ], [ 72.292557726448109, 22.37119738896412 ], [ 72.281560056058566, 22.372673681501485 ], [ 72.280990477553019, 22.372647537375272 ], [ 72.278091360103318, 22.373346538631363 ], [ 72.277077756997286, 22.372467885988616 ], [ 72.26924483736363, 22.372107955173441 ], [ 72.267088335684463, 22.364189977072396 ], [ 72.267229784883455, 22.363930217717037 ], [ 72.265144643441801, 22.362122313527518 ], [ 72.273056252963087, 22.337829122800954 ], [ 72.277720338251399, 22.319138247519618 ], [ 72.277169919797998, 22.294042491741681 ], [ 72.349334248883608, 22.333061325570437 ] ], [ [ 71.426550787380066, 21.834117664615551 ], [ 71.450629494252937, 21.851803541922113 ], [ 71.448595269014106, 21.850309740833087 ], [ 71.426550787380066, 21.834117664615551 ] ] ], [ [ [ 74.8006564713356, 16.785226654907827 ], [ 74.780023425658825, 16.803500419466562 ], [ 74.798964356608067, 16.78672546845144 ], [ 74.8006564713356, 16.785226654907827 ] ] ], [ [ [ 74.22860989488774, 18.151688459947813 ], [ 74.230210260617298, 18.151422896474035 ], [ 74.185370486358991, 18.158861792749079 ], [ 74.22860989488774, 18.151688459947813 ] ] ], [ [ [ 73.587519657676012, 21.110387665752345 ], [ 73.578499690887568, 21.10534674490588 ], [ 73.519762265505619, 21.072542985542636 ], [ 73.587519657676012, 21.110387665752345 ] ] ], [ [ [ 73.30044813828593, 20.821751712668195 ], [ 73.307738236692941, 20.784029216565205 ], [ 73.307738236692046, 20.784029216563873 ], [ 73.298381288484947, 20.832442259370193 ], [ 73.30044813828593, 20.821751712668195 ] ] ], [ [ [ 73.510109953583935, 20.176492291154776 ], [ 73.510110773528098, 20.176492006176392 ], [ 73.439388593930843, 20.165462004438314 ], [ 73.510109953583935, 20.176492291154776 ] ] ], [ [ [ 73.947740947084043, 16.222662588332632 ], [ 73.96242149733564, 16.231310201105433 ], [ 73.947742081367679, 16.222655595963275 ], [ 73.947740947084043, 16.222662588332632 ] ] ], [ [ [ 75.157058102896542, 16.614972047029529 ], [ 75.142148120669077, 16.613331109011515 ], [ 75.157058043089933, 16.614972162072174 ], [ 75.157058102896542, 16.614972047029529 ] ] ], [ [ [ 74.673486734728641, 16.904768766134257 ], [ 74.662792054018851, 16.907260743945272 ], [ 74.67348646068811, 16.90476902373787 ], [ 74.673486734728641, 16.904768766134257 ] ] ], [ [ [ 74.00438963542814, 17.189400484278817 ], [ 74.002705221247695, 17.162179323951332 ], [ 74.00470853538765, 17.194635627450854 ], [ 74.00438963542814, 17.189400484278817 ] ] ], [ [ [ 75.006942614486292, 17.390132732240858 ], [ 74.969803870437474, 17.361287789483519 ], [ 74.990571776281811, 17.377420192722237 ], [ 75.006942614486292, 17.390132732240858 ] ] ], [ [ [ 73.104303902645597, 21.661410911300749 ], [ 73.104304072476083, 21.661410893818516 ], [ 73.10430387787504, 21.661410837151823 ], [ 73.104303902645597, 21.661410911300749 ] ] ] ] } },
{ "type": "Feature", "properties": { "state_name": "Central India Agency", "id": 6 }, "geometry": { "type": "MultiPolygon", "coordinates": [ [ [ [ 75.391403508277563, 21.806152707554766 ], [ 75.380801292154445, 21.78994188598746 ], [ 75.364126638492664, 21.77164016258342 ], [ 75.346682523212522, 21.758291440556079 ], [ 75.338204455218559, 21.750698067652785 ], [ 75.285812256666219, 21.779005209914338 ], [ 75.222928439647845, 21.792457859472204 ], [ 75.079006673985134, 21.789188177109367 ], [ 75.042440899980548, 21.804360754885188 ], [ 75.020017131844739, 21.828901962104005 ], [ 74.954770100930858, 21.894950366788823 ], [ 74.877325607328956, 21.953434629879457 ], [ 74.753259683466283, 21.985539120833444 ], [ 74.667936910331079, 22.066045431414505 ], [ 74.632085792754424, 22.101345198766566 ], [ 74.593708033332092, 22.131926139106774 ], [ 74.58548542575241, 22.1326099306782 ], [ 74.551729874428204, 22.135412010988574 ], [ 74.507256449654435, 22.132995535676734 ], [ 74.46930392733023, 22.112920656925048 ], [ 74.431373605409206, 22.091663494216011 ], [ 74.408679695484125, 22.072787613641438 ], [ 74.363297112265002, 22.036211810576788 ], [ 74.331564249293848, 22.03378159927977 ], [ 74.307309229098124, 22.045481869734349 ], [ 74.254756327444682, 22.08885995417409 ], [ 74.227298785708044, 22.09365116289958 ], [ 74.211673813913947, 22.116569864437722 ], [ 74.194578517333269, 22.188063566176179 ], [ 74.188838208827406, 22.243602969258774 ], [ 74.188133059697734, 22.302937830360808 ], [ 74.189719549382033, 22.34062483442834 ], [ 74.19351256612903, 22.364192562714663 ], [ 74.210375250375989, 22.4028882708681 ], [ 74.227335946806619, 22.434049088282524 ], [ 74.321442831473689, 22.54418593286881 ], [ 74.382079888573045, 22.599057705538986 ], [ 74.394825579744477, 22.61884362443886 ], [ 74.422255630271465, 22.661410959749087 ], [ 74.436178128275159, 22.697288622461457 ], [ 74.442032197558362, 22.7237147457585 ], [ 74.44588377161611, 22.746363863203175 ], [ 74.453687114231471, 22.782231903814584 ], [ 74.45922591291243, 22.839796922244545 ], [ 74.457911364945772, 22.868099290319702 ], [ 74.452573486870762, 22.889786713014217 ], [ 74.448167946709546, 22.919970033314424 ], [ 74.439786098789284, 22.938818714141512 ], [ 74.42109812382003, 22.964241098730149 ], [ 74.418839727890457, 22.984051224549006 ], [ 74.422752774562269, 23.001050138938037 ], [ 74.427740680949043, 23.013334262048321 ], [ 74.444130263744384, 23.012441167023447 ], [ 74.469702907181812, 23.014404669039369 ], [ 74.511559062110692, 23.025847330904011 ], [ 74.532935949584981, 23.038174142516034 ], [ 74.555295477498277, 23.055221722787884 ], [ 74.57143640173075, 23.080749607963899 ], [ 74.594745597461838, 23.107239137866195 ], [ 74.635490637515318, 23.132822226260636 ], [ 74.656923038889673, 23.142308948220595 ], [ 74.685761908121449, 23.154813783627585 ], [ 74.687548571859892, 23.155588304911845 ], [ 74.708972901925691, 23.166959109682612 ], [ 74.743656127942671, 23.186849447347385 ], [ 74.7813671760468, 23.214296032246796 ], [ 74.805750588002994, 23.243611062014825 ], [ 74.830138735330664, 23.273870738083733 ], [ 74.843281263086311, 23.300338644934666 ], [ 74.857388488784807, 23.336256803384813 ], [ 74.87045114775718, 23.375955475700373 ], [ 74.875386451169348, 23.404308380907928 ], [ 74.876143646503593, 23.443052593375114 ], [ 74.887162776819849, 23.483701441850087 ], [ 74.901108104014028, 23.51888420768352 ], [ 74.910403387618402, 23.542324796173929 ], [ 74.94616524214436, 23.576389590660817 ], [ 74.978953681976336, 23.59532424056275 ], [ 75.040492861509449, 23.624670323497583 ], [ 75.074282208358881, 23.653993578447729 ], [ 75.080311066865519, 23.663421373909639 ], [ 75.090612987321379, 23.679527922674499 ], [ 75.091386478455604, 23.729644702101186 ], [ 75.085626115105811, 23.848798862718997 ], [ 75.07675013094584, 23.969856665667763 ], [ 75.073367498092679, 24.024715752127001 ], [ 75.059298370573813, 24.06864999816316 ], [ 75.057619744471779, 24.073889543245045 ], [ 75.049136489749671, 24.114556837415716 ], [ 75.052086800284073, 24.141994027463369 ], [ 75.050850730007241, 24.130500465321703 ], [ 74.952149739465312, 24.136460858529514 ], [ 74.919056699220974, 24.140183108879437 ], [ 74.885881684728176, 24.155247724041097 ], [ 74.87331843550875, 24.177918858869464 ], [ 74.877068826096675, 24.232785440781509 ], [ 74.891301818875036, 24.268762037640712 ], [ 74.913823883742197, 24.304758905531802 ], [ 74.915729804723995, 24.329358887844815 ], [ 74.898869159565422, 24.372836025759831 ], [ 74.86544419514145, 24.412483417947215 ], [ 74.819885074030438, 24.463311095383844 ], [ 74.83508950603256, 24.509712040431943 ], [ 74.853563586575746, 24.536257212775801 ], [ 74.867882886094904, 24.564682821285231 ], [ 74.871912152141689, 24.581725391585433 ], [ 74.876960518928428, 24.601609890328174 ], [ 74.881924529351082, 24.633795622415086 ], [ 74.894206662859688, 24.659380096534715 ], [ 74.900437222795546, 24.659397952937006 ], [ 74.922319113251376, 24.648103068276448 ], [ 74.940098187972382, 24.628277269869695 ], [ 74.970423779276629, 24.592391032441611 ], [ 74.993320251288537, 24.581086213216107 ], [ 75.008866867032481, 24.583958120499446 ], [ 75.019155862671397, 24.599121335200628 ], [ 75.025242787356376, 24.623740456597016 ], [ 75.025071393512718, 24.654026326011785 ], [ 75.023850699682711, 24.68620380728288 ], [ 75.019545188004741, 24.712696349663908 ], [ 74.997545189629477, 24.743880590909985 ], [ 74.953786478131221, 24.761752993468829 ], [ 74.921470994470425, 24.775859368287392 ], [ 74.907724285337395, 24.80988955820699 ], [ 74.895994600773221, 24.85149588132953 ], [ 74.897771343300462, 24.895038518936079 ], [ 74.91630006875593, 24.925386106355692 ], [ 74.946406414225692, 24.938731179918495 ], [ 74.981772623402975, 24.944513697747588 ], [ 75.007825405504192, 24.940797759012028 ], [ 75.034963884459714, 24.928559400316196 ], [ 75.048584421271755, 24.91249759723317 ], [ 75.062245279444355, 24.887913685573661 ], [ 75.069612886332749, 24.871835342222376 ], [ 75.087489774879813, 24.834003204611594 ], [ 75.104286163433713, 24.80184668174935 ], [ 75.114750137068029, 24.787664491848293 ], [ 75.132486060619811, 24.773493057271324 ], [ 75.151226396828804, 24.765947715165851 ], [ 75.176157996064347, 24.767875634695582 ], [ 75.190702155031431, 24.768840727296876 ], [ 75.198981073172291, 24.777371875381029 ], [ 75.204087072594419, 24.800101810956008 ], [ 75.196650719372357, 24.839860713605628 ], [ 75.17545791090555, 24.93357376772423 ], [ 75.182609795144089, 24.965781132637318 ], [ 75.205457834163681, 24.980020158141318 ], [ 75.224185214302906, 24.983834055352236 ], [ 75.25540829125606, 24.987660534180282 ], [ 75.312659787514846, 24.992450515675703 ], [ 75.36338340393057, 25.001439323445354 ], [ 75.363656245355486, 25.001006730545999 ], [ 75.388665681546271, 24.991543352079777 ], [ 75.433436325983507, 24.988707665629818 ], [ 75.462763226394102, 24.984570610551188 ], [ 75.471304233556594, 24.963909765145392 ], [ 75.472371372669173, 24.94496241218847 ], [ 75.455752326700363, 24.926020517744846 ], [ 75.39751216774394, 24.915603996627009 ], [ 75.377767461339431, 24.906128523530505 ], [ 75.359117793854949, 24.875814549582621 ], [ 75.379973733562707, 24.851193860861034 ], [ 75.411179929696175, 24.843617826925382 ], [ 75.448606522793796, 24.842663674862404 ], [ 75.465253362874464, 24.833185403170958 ], [ 75.470483567914897, 24.810449753307466 ], [ 75.468448600329069, 24.781087679703191 ], [ 75.437320629919512, 24.758369539341295 ], [ 75.384349445300543, 24.755538098981894 ], [ 75.364626352974142, 24.749855170325414 ], [ 75.356340383558305, 24.740384163495722 ], [ 75.352266498271831, 24.709133383938028 ], [ 75.352288569579713, 24.700610779544299 ], [ 75.351048120294294, 24.699097227105746 ], [ 75.387319023451482, 24.691136673028929 ], [ 75.42781506765553, 24.686391117521659 ], [ 75.504649360197746, 24.668347242526295 ], [ 75.536835525078871, 24.651266409193681 ], [ 75.572125302952486, 24.629437848944825 ], [ 75.603250410441078, 24.610448185530196 ], [ 75.616733186716488, 24.608531752009124 ], [ 75.635400548496833, 24.617971634029967 ], [ 75.641626345032023, 24.658692698483513 ], [ 75.645790187816502, 24.757208113130346 ], [ 75.664494859482417, 24.793177893177621 ], [ 75.686327425707688, 24.825352831003357 ], [ 75.718559933928063, 24.849926648027747 ], [ 75.753902775306244, 24.856484918639378 ], [ 75.787158240910401, 24.855459733341686 ], [ 75.811042395382586, 24.844975271048401 ], [ 75.874224823437402, 24.757609726853463 ], [ 75.889690135595487, 24.713021149910798 ], [ 75.905162596370388, 24.676012276821709 ], [ 75.923758728154127, 24.647519218511817 ], [ 75.953749589850801, 24.61898086232322 ], [ 75.979052374140196, 24.577665691212218 ], [ 75.988937315558061, 24.589944914697714 ], [ 76.028423364433252, 24.61821103715998 ], [ 76.051316475779842, 24.64085743370816 ], [ 76.063878614416055, 24.671130610881828 ], [ 76.08057403884871, 24.695699010977684 ], [ 76.12737334355829, 24.72202155774389 ], [ 76.223900617227855, 24.73005952459576 ], [ 76.308046414365649, 24.748541035728991 ], [ 76.404734947265695, 24.776379697362675 ], [ 76.493103599195976, 24.796635792626613 ], [ 76.56069181958496, 24.811312592191872 ], [ 76.583635215802431, 24.823467072601197 ], [ 76.592092474440378, 24.840474380188436 ], [ 76.598364344085084, 24.845168128635372 ], [ 76.613858965931456, 24.836509919625726 ], [ 76.649931020746635, 24.808713007112374 ], [ 76.68181571264121, 24.779044531522121 ], [ 76.708497008683295, 24.749413286484803 ], [ 76.727446217073336, 24.674316890739266 ], [ 76.738433325888352, 24.633435694703241 ], [ 76.761724457665267, 24.581061692801203 ], [ 76.790986578993753, 24.507763849288327 ], [ 76.812569756044624, 24.480076429019441 ], [ 77.057784616458605, 24.61832963757746 ], [ 77.055762756493593, 24.636447864708135 ], [ 77.064460088231328, 24.66766086844002 ], [ 77.085409621745157, 24.684507321111926 ], [ 77.111353781038673, 24.687063396158269 ], [ 77.162141032279678, 24.68743148083697 ], [ 77.190416715330457, 24.693108193803056 ], [ 77.284807930994674, 24.7463263731713 ], [ 77.286812169795894, 24.776088681141438 ], [ 77.2853194543314, 24.814068133918173 ], [ 77.278508319251856, 24.843572211980714 ], [ 77.295461254771894, 24.866142014619957 ], [ 77.336656016205509, 24.911187760429094 ], [ 77.359984992033887, 24.941267108438193 ], [ 77.366708824841581, 24.971556512087439 ], [ 77.360954390822982, 25.001055726010762 ], [ 77.338783306527091, 25.044050673238985 ], [ 77.314410513764528, 25.080424829651133 ], [ 77.26923335814071, 25.117994816787036 ], [ 77.151936620014027, 25.208582634828502 ], [ 77.124190483442661, 25.234519492086321 ], [ 77.090300199669471, 25.269060246182384 ], [ 77.067707727742274, 25.293032135391503 ], [ 77.04196514072737, 25.316083643835423 ], [ 77.01295635326656, 25.329670489959884 ], [ 76.967133370176114, 25.33392453524781 ], [ 76.91379317145811, 25.321149627826408 ], [ 76.864599321893152, 25.305471576657311 ], [ 76.757766878354062, 25.260856579129239 ], [ 76.655362737717866, 25.234169956570494 ], [ 76.587617822029884, 25.232785725114123 ], [ 76.544913104296029, 25.234991208411955 ], [ 76.512699569684983, 25.245651984439476 ], [ 76.483653300468205, 25.261976981787495 ], [ 76.462984421009992, 25.283934440844686 ], [ 76.444484041694182, 25.317260600073507 ], [ 76.436853581387581, 25.406500193357662 ], [ 76.445954864711538, 25.498491661229401 ], [ 76.446204340811704, 25.528858424317338 ], [ 76.435978267706915, 25.556442430042054 ], [ 76.422587661757277, 25.581197524903988 ], [ 76.419748456005664, 25.6182281304825 ], [ 76.407317834022621, 25.633485696880467 ], [ 76.420708643623215, 25.668284625539673 ], [ 76.50489142524583, 25.778836780692515 ], [ 76.570121431990046, 25.862436574355733 ], [ 76.673912624071903, 25.936665407255092 ], [ 76.765208850823214, 26.021662968080928 ], [ 76.791411319332838, 26.020700301581108 ], [ 76.967769449180409, 26.136014141029779 ], [ 77.566162587246652, 26.512782150899444 ], [ 77.644690424242242, 26.563061472037212 ], [ 77.721243189461944, 26.591939423643577 ], [ 77.803773493032821, 26.603577131925011 ], [ 77.86898324834921, 26.618286094830157 ], [ 77.968188686495068, 26.663807531416207 ], [ 78.261613512263608, 26.834128446238577 ], [ 78.272217923011539, 26.811714237993858 ], [ 78.293828065577486, 26.781608247748192 ], [ 78.320602271840741, 26.747839070048947 ], [ 78.373660222163807, 26.71120137801201 ], [ 78.557507708594386, 26.641106076512166 ], [ 78.634036990143215, 26.601535635599941 ], [ 78.812750524147319, 26.54787816824247 ], [ 79.003668983806193, 26.510360172059311 ], [ 79.068793953699867, 26.491026749760309 ], [ 79.132432906005008, 26.430090930984825 ], [ 79.188934178599808, 26.355032940263008 ], [ 79.227043010797374, 26.318444023961099 ], [ 79.249428269570544, 26.2834210657536 ], [ 79.249422194710675, 26.24656938976041 ], [ 79.23187044695851, 26.195884251625898 ], [ 79.207371564952695, 26.13348184924936 ], [ 79.189400799058802, 26.092505246646187 ], [ 79.177464341979217, 26.065266606418358 ], [ 79.176312185698919, 26.032014604202551 ], [ 79.246124739855006, 25.968509644421761 ], [ 79.248526873845847, 25.96325971950662 ], [ 79.269217482155028, 25.918022095465496 ], [ 79.27677881208723, 25.872672372128864 ], [ 79.270222311627791, 25.816558363049417 ], [ 79.269303033070059, 25.808682260253203 ], [ 79.25075446882002, 25.76398228389921 ], [ 79.218072292926522, 25.725570134955898 ], [ 79.176782196568567, 25.663595520281348 ], [ 79.086989824207976, 25.593263099087171 ], [ 78.973008888279281, 25.537698694782996 ], [ 78.944596386697214, 25.525872513875306 ], [ 78.916189668512999, 25.514041229636213 ], [ 78.852806923369855, 25.488133420057512 ], [ 78.800783508961118, 25.448885715292047 ], [ 78.756756398887347, 25.370249680581288 ], [ 78.728744747256314, 25.258006054247758 ], [ 78.709004691518984, 25.204977766429447 ], [ 78.702790304772293, 25.169596385587869 ], [ 78.704826070127766, 25.156960871157185 ], [ 78.688375802201506, 25.137459732533348 ], [ 78.670204306444091, 25.115278300745747 ], [ 78.644866133778805, 25.092058226107319 ], [ 78.615742760582606, 25.07247655236095 ], [ 78.581243339014776, 25.045875343295133 ], [ 78.555860452650663, 25.019675478137309 ], [ 78.548292038755449, 25.003797972608183 ], [ 78.540376475411449, 24.974864539425031 ], [ 78.53681529560518, 24.938717707415059 ], [ 78.534159133111331, 24.912053032563534 ], [ 78.521674344442673, 24.881432358804791 ], [ 78.501915485838254, 24.845021392960835 ], [ 78.474197178572538, 24.825986321966155 ], [ 78.440208948322066, 24.814789405739962 ], [ 78.38471970906896, 24.798662569888403 ], [ 78.356605213428153, 24.788521574504806 ], [ 78.3314564949561, 24.767040154980307 ], [ 78.326343013068978, 24.743392868732624 ], [ 78.335282715746359, 24.711759609007217 ], [ 78.345731183550299, 24.689001050536753 ], [ 78.374260263971692, 24.664703251764006 ], [ 78.406307792280103, 24.65220291071094 ], [ 78.435686175082395, 24.636780489760739 ], [ 78.441628604540412, 24.615884816862177 ], [ 78.43832484756723, 24.587456385530867 ], [ 78.426815474097992, 24.566908762497487 ], [ 78.38761909827187, 24.498232637685707 ], [ 78.368088457318748, 24.439258672842566 ], [ 78.367469693061281, 24.413747699558062 ], [ 78.370365333270328, 24.373329238611166 ], [ 78.377016877525463, 24.328088808167635 ], [ 78.384167985963302, 24.30361234790119 ], [ 78.385613794596139, 24.298755422947778 ], [ 78.371312609476192, 24.296127046525594 ], [ 78.330378743803678, 24.267490539941679 ], [ 78.298247274990203, 24.261465992207849 ], [ 78.277486189052993, 24.256167468423772 ], [ 78.251417586153707, 24.244320461111908 ], [ 78.235601758287984, 24.229427579775656 ], [ 78.226706892503202, 24.201109977735598 ], [ 78.23647780589333, 24.17718752273257 ], [ 78.254489557521438, 24.153107426146256 ], [ 78.28172331711778, 24.126948536430046 ], [ 78.312277657616704, 24.111164322988962 ], [ 78.341860332798575, 24.098241432929484 ], [ 78.392699681769955, 24.069696133213089 ], [ 78.406614714660279, 24.048527036693368 ], [ 78.406138131466776, 24.028596412809314 ], [ 78.389219004436555, 24.009945841623864 ], [ 78.379867086296301, 24.006334951192638 ], [ 78.349911755657018, 24.002183304420264 ], [ 78.307718226302356, 24.003013093403958 ], [ 78.265372821068851, 23.997188925089571 ], [ 78.245734382476385, 23.993768763960521 ], [ 78.240525146589988, 23.991020341982786 ], [ 78.216414422662723, 23.971543311197475 ], [ 78.209065294414927, 23.96503736556425 ], [ 78.219878163132805, 23.94204794762992 ], [ 78.229827449566471, 23.926668881434367 ], [ 78.260256357066751, 23.907097487814031 ], [ 78.311518952631985, 23.899453428006478 ], [ 78.363978387340836, 23.899364006063617 ], [ 78.388520240320318, 23.893175618106163 ], [ 78.402599675451938, 23.879599655153179 ], [ 78.402911454290049, 23.849211900923883 ], [ 78.391161917062618, 23.830461398292766 ], [ 78.376062081715688, 23.755766487011751 ], [ 78.388771693489673, 23.727979262642773 ], [ 78.405227937830773, 23.684925705990818 ], [ 78.4522703076927, 23.633645546253774 ], [ 78.49106644118929, 23.625242567976247 ], [ 78.517977358771404, 23.643283852066496 ], [ 78.539187155713435, 23.671316655710427 ], [ 78.53260079350909, 23.737915467536887 ], [ 78.529749589087785, 23.789246028498649 ], [ 78.532643991319688, 23.823366298309807 ], [ 78.58854903962829, 23.839271126895781 ], [ 78.629356134017115, 23.826998486301463 ], [ 78.654945873247769, 23.782762502891238 ], [ 78.657742434554834, 23.731425648122951 ], [ 78.641593301728093, 23.661514540937169 ], [ 78.65050898316575, 23.608147161376191 ], [ 78.678641267997676, 23.584737796023653 ], [ 78.711349786670169, 23.580210608006496 ], [ 78.765548952398433, 23.613173111474151 ], [ 78.808866288927632, 23.621680212868206 ], [ 78.86187999437891, 23.609057487154587 ], [ 78.892328144713645, 23.596948176453857 ], [ 78.914258174849948, 23.573637454052278 ], [ 78.909278683479883, 23.54146478712477 ], [ 78.89211349041507, 23.513379306673034 ], [ 78.829891048976563, 23.486346152643254 ], [ 78.780577146467337, 23.481786605719329 ], [ 78.749360252919629, 23.463508299301868 ], [ 78.739952290679014, 23.416245576620042 ], [ 78.765543811797457, 23.375780770633842 ], [ 78.826745780332715, 23.36676831080328 ], [ 78.853299963928492, 23.364247379039625 ], [ 78.870411495881001, 23.314463578103833 ], [ 78.86487236605862, 23.259516843738485 ], [ 78.87015925320884, 23.22710482334902 ], [ 78.888605915911754, 23.228565093508006 ], [ 78.909197683700555, 23.233770505539351 ], [ 78.94052137025848, 23.257708214890425 ], [ 78.965826517609813, 23.285586585520175 ], [ 78.994870927192167, 23.300074917796337 ], [ 79.037448965007741, 23.285732053145342 ], [ 79.052962319727172, 23.254954713102002 ], [ 79.052067038436263, 23.222684301643703 ], [ 79.038135895873097, 23.199373531008035 ], [ 79.016685300268563, 23.202046331621077 ], [ 79.002251891448452, 23.197653028646808 ], [ 78.97839361605098, 23.184941833064954 ], [ 78.959444335411476, 23.164510903544794 ], [ 78.95133118303022, 23.128620698426339 ], [ 78.952615062333493, 23.100099370835089 ], [ 78.951707655022304, 23.065933603682488 ], [ 78.949113677582048, 23.045104444218172 ], [ 78.937538675526127, 23.032091617231938 ], [ 78.92006828952691, 23.027768084102906 ], [ 78.846431904198681, 23.022890768135827 ], [ 78.712155535443671, 23.043122546083513 ], [ 78.626217606599013, 23.036530388789483 ], [ 78.539936052784853, 23.014714878604597 ], [ 78.464589298982787, 22.978387141521299 ], [ 78.421239191276541, 22.956537826095378 ], [ 78.383901658088959, 22.928858865335851 ], [ 78.359776986383892, 22.898050511716935 ], [ 78.356435852448641, 22.886297742945782 ], [ 78.354457297980602, 22.887723672448072 ], [ 78.320911566343725, 22.893168788212467 ], [ 78.269541363024146, 22.875251058493237 ], [ 78.185773066342449, 22.868407146122493 ], [ 78.152167748368186, 22.870972704596344 ], [ 78.118159188303494, 22.852669016377803 ], [ 78.112717176096169, 22.834751701126393 ], [ 78.111920713245539, 22.793028314899523 ], [ 78.116653627900391, 22.773963089294757 ], [ 78.107072351311132, 22.752333973147788 ], [ 78.084451604373982, 22.741394707758857 ], [ 78.043835194517783, 22.74882330549671 ], [ 78.001433569762384, 22.770501719280137 ], [ 77.958933326026894, 22.78742653015734 ], [ 77.912047373544084, 22.787349022705616 ], [ 77.881105432688841, 22.766105761059958 ], [ 77.844985468011004, 22.739262840365281 ], [ 77.808990530130856, 22.719049711812005 ], [ 77.778252080433063, 22.708218974205359 ], [ 77.742668228495816, 22.712637569207054 ], [ 77.66936636675446, 22.71579823167713 ], [ 77.612200024606679, 22.70823006931273 ], [ 77.565072483771601, 22.690052795578122 ], [ 77.521803734467682, 22.655690544641448 ], [ 77.4887124482958, 22.61926325783498 ], [ 77.428266202284973, 22.590846920087799 ], [ 77.352476537494439, 22.554122339450405 ], [ 77.287118466851936, 22.535215941862095 ], [ 77.23514530241161, 22.528406375281431 ], [ 77.202483469573366, 22.519409140198857 ], [ 77.149512871389916, 22.513536205656575 ], [ 77.124794784808984, 22.485471742002471 ], [ 77.05431233682144, 22.456143592118334 ], [ 77.003378810167618, 22.447362624709399 ], [ 76.948131940323876, 22.411168515978733 ], [ 76.942867974807157, 22.391356251703357 ], [ 76.938562668230674, 22.364904792489529 ], [ 76.931069230732604, 22.322401993783394 ], [ 76.927845919708275, 22.302564150041352 ], [ 76.917515673360398, 22.282820232740612 ], [ 76.888976599538694, 22.270887531618506 ], [ 76.861465897311277, 22.259884615413966 ], [ 76.826836522493565, 22.247075709443909 ], [ 76.804432444031647, 22.238840266466426 ], [ 76.799391368050422, 22.233659724988144 ], [ 76.760784735607629, 22.238640946600572 ], [ 76.721515698442417, 22.249763908606806 ], [ 76.696228459318618, 22.264258915485833 ], [ 76.665889326395472, 22.283537885974916 ], [ 76.623021869043754, 22.330150108437174 ], [ 76.614184752522661, 22.338527065042694 ], [ 76.588846250389821, 22.349450183032104 ], [ 76.575461364824505, 22.342501575738595 ], [ 76.562077684114143, 22.335552247793768 ], [ 76.542856850395196, 22.308564408517668 ], [ 76.522429603210668, 22.291048193099051 ], [ 76.495677992935754, 22.277144621547873 ], [ 76.455038845711684, 22.27756783240082 ], [ 76.406783282282817, 22.279238823267185 ], [ 76.36367780243765, 22.296209548156561 ], [ 76.33194117947258, 22.301240414182701 ], [ 76.315394708763407, 22.294305395578803 ], [ 76.305155206039942, 22.276674985367123 ], [ 76.305058603995604, 22.254223161870712 ], [ 76.305033289357453, 22.248314811796938 ], [ 76.304937499835717, 22.225863172782685 ], [ 76.311190044733593, 22.203351149894957 ], [ 76.322538899850187, 22.185516072087587 ], [ 76.360446112596662, 22.147325912009492 ], [ 76.378145421246217, 22.132965308255407 ], [ 76.403436020684751, 22.114977471511715 ], [ 76.403143363999789, 22.053519208258415 ], [ 76.385115344398187, 21.993431141771048 ], [ 76.353308974519635, 21.966581570478883 ], [ 76.325373229214435, 21.953870735162059 ], [ 76.30126183287922, 21.945844720184599 ], [ 76.280888205657092, 21.931315321934974 ], [ 76.267963115746056, 21.951275290655268 ], [ 76.253900609626214, 21.988276469380423 ], [ 76.248907689733088, 22.010064226432966 ], [ 76.226660887497914, 22.03012505275035 ], [ 76.220677657802341, 22.033532401204816 ], [ 76.211472097202758, 22.03877385512483 ], [ 76.190169068491741, 22.03991641399519 ], [ 76.172885667071256, 22.028734399008584 ], [ 76.162700389971434, 22.015597230990608 ], [ 76.14643355815241, 22.003460108681097 ], [ 76.120064400557993, 22.005585685046647 ], [ 76.104867629714349, 22.0132782734253 ], [ 76.09374654502713, 22.028492154977922 ], [ 76.081622606416119, 22.049381754163896 ], [ 76.069541499159101, 22.089164333339589 ], [ 76.069611242133618, 22.117507133415437 ], [ 76.074727997587303, 22.133526404061236 ], [ 76.076833703397142, 22.162798172830232 ], [ 76.074961209308356, 22.180040018869217 ], [ 76.060974802374403, 22.171886205587867 ], [ 76.036836509364463, 22.164993462888773 ], [ 76.015883984365288, 22.162796416543515 ], [ 75.979701664662244, 22.163074366474707 ], [ 75.934638175564274, 22.168131350391654 ], [ 75.923851983353245, 22.1723415223756 ], [ 75.899755618119471, 22.194944094902457 ], [ 75.899771375257302, 22.207340504098468 ], [ 75.881382909905341, 22.221415426177057 ], [ 75.869964905955698, 22.235660645389775 ], [ 75.866216144975965, 22.300625242318887 ], [ 75.878953508818711, 22.326519486111671 ], [ 75.90951307998435, 22.365286896141232 ], [ 75.94006866042595, 22.389881712599308 ], [ 75.970626736404299, 22.409749526475263 ], [ 75.992263723790856, 22.416683724389038 ], [ 76.027879971938759, 22.416424923999127 ], [ 76.041850261158331, 22.406869942410175 ], [ 76.049445716534535, 22.391454634895293 ], [ 76.061930947974687, 22.371799841614905 ], [ 76.091409865468279, 22.395487223853728 ], [ 76.125813574645051, 22.41884663975754 ], [ 76.16538894250111, 22.46461356970736 ], [ 76.171164299286644, 22.479929796983992 ], [ 76.181468212506843, 22.517074112570537 ], [ 76.18535654432047, 22.53772602711215 ], [ 76.191105096571377, 22.543588981086977 ], [ 76.170742067607378, 22.574425933467165 ], [ 76.161641007537128, 22.595301628827151 ], [ 76.153571079185909, 22.620897099526669 ], [ 76.149750124572506, 22.644420224842435 ], [ 75.624936608441843, 22.064297476546614 ], [ 75.625335224028831, 22.061713393724062 ], [ 75.618509890009861, 22.023536504398258 ], [ 75.607104831076086, 22.007324779869027 ], [ 75.588851478163775, 21.992567018214199 ], [ 75.569075065317293, 21.982062596259816 ], [ 75.550050930888233, 21.980750659864817 ], [ 75.549482950025634, 21.980891881332319 ], [ 75.391403508277563, 21.806152707554766 ] ], [ [ 77.541727955106055, 23.57700725373342 ], [ 77.547546386290861, 23.562238684147005 ], [ 77.541728443832099, 23.577007128441686 ], [ 77.541727955106055, 23.57700725373342 ] ], [ [ 77.541728443832099, 23.577007128441686 ], [ 77.537678715641746, 23.587285191703497 ], [ 77.541727916046653, 23.577007352875523 ], [ 77.541728443832099, 23.577007128441686 ] ], [ [ 76.395663675194072, 24.206645810101826 ], [ 76.328517608655744, 24.207165715643697 ], [ 76.394500330578452, 24.193439976633766 ], [ 76.390802051230537, 24.194210180199768 ], [ 76.395663675194072, 24.206645810101826 ] ], [ [ 76.328517608655744, 24.207165715643697 ], [ 76.424156749078847, 24.261087480437656 ], [ 76.426567697804444, 24.265332099824921 ], [ 76.439256166217106, 24.279995123046394 ], [ 76.469515324247212, 24.306075302666848 ], [ 76.475967233093243, 24.327200067432194 ], [ 76.470604849629197, 24.35868025311359 ], [ 76.455394750874504, 24.383816878219733 ], [ 76.436664173841663, 24.407052182646879 ], [ 76.417149238989083, 24.419382380145066 ], [ 76.394815969022261, 24.42980429085765 ], [ 76.357756338239227, 24.437754674195578 ], [ 76.325529135748297, 24.435399189329861 ], [ 76.273659202045579, 24.42674292649545 ], [ 76.229476131750317, 24.414176540912056 ], [ 76.192321007344987, 24.405408325631662 ], [ 76.172000699667038, 24.402313574151378 ], [ 76.148197676262939, 24.40308338825151 ], [ 76.131101023239879, 24.412359224474653 ], [ 76.111667700342068, 24.404167410659181 ], [ 76.069546821958383, 24.380242845730926 ], [ 76.054638575778895, 24.36965472287779 ], [ 75.989751391903297, 24.291197903093142 ], [ 75.975450842294123, 24.261065011815564 ], [ 75.963746019670708, 24.232697722311041 ], [ 75.954604246099578, 24.194848204136264 ], [ 75.959069692848203, 24.175293008975018 ], [ 75.970624952332486, 24.153338424549812 ], [ 75.987367850400332, 24.142014820541391 ], [ 76.004779579337836, 24.139565906605352 ], [ 76.026727241244274, 24.143605220957063 ], [ 76.051945303981356, 24.160058369386014 ], [ 76.068792357671285, 24.179511817082197 ], [ 76.090229845243954, 24.216112104783182 ], [ 76.108433825026935, 24.247992493965647 ], [ 76.13114881243402, 24.275111646473089 ], [ 76.162228129466172, 24.292708196783167 ], [ 76.190020219299711, 24.296697324694328 ], [ 76.208098406894379, 24.295408389674947 ], [ 76.219690189134312, 24.288825476529475 ], [ 76.231886014732865, 24.274538591232933 ], [ 76.239584365529439, 24.265015968862521 ], [ 76.237413850528938, 24.220463160865226 ], [ 76.238316814611792, 24.186806189261901 ], [ 76.282027841782011, 24.201785791811332 ], [ 76.328517608655744, 24.207165715643697 ] ], [ [ 78.849156801083709, 25.628312925418182 ], [ 78.870155537107124, 25.621574831718448 ], [ 78.849157112049923, 25.628313269156617 ], [ 78.849156801083709, 25.628312925418182 ] ], [ [ 78.849157112049923, 25.628313269156617 ], [ 78.844305305641299, 25.629869677731193 ], [ 78.84915661071733, 25.628312986503119 ], [ 78.849157112049923, 25.628313269156617 ] ], [ [ 74.656653963963095, 22.193637516423703 ], [ 74.63368202068942, 22.192847070678276 ], [ 74.62868943362983, 22.192674831496305 ], [ 74.656653963963095, 22.193637516423703 ] ], [ [ 77.302620011682507, 23.91878917072766 ], [ 77.49543908148911, 23.906199199076216 ], [ 77.498327418991977, 23.904209283186969 ], [ 77.526814246181587, 23.883869667268669 ], [ 77.554077647803567, 23.852158186706799 ], [ 77.571217338634767, 23.831029701030001 ], [ 77.582370654732202, 23.821374114946327 ], [ 77.616231633375065, 23.817061790568417 ], [ 77.648194700991766, 23.822258965120813 ], [ 77.673991894102045, 23.827547270852875 ], [ 77.692710368201887, 23.839585690150653 ], [ 77.720887534836777, 23.862857256961686 ], [ 77.751098933036872, 23.884194843081247 ], [ 77.782020573682729, 23.887487082758231 ], [ 77.806580082553907, 23.880440487558232 ], [ 77.840124426490164, 23.859005304297153 ], [ 77.857388170441041, 23.847327467788492 ], [ 77.879878355189348, 23.840303440806881 ], [ 77.897480977849469, 23.846645711589076 ], [ 77.927717641571803, 23.867952575644519 ], [ 77.948542399645007, 23.880877842505985 ], [ 77.97228704205196, 23.885208035667262 ], [ 77.999955492807757, 23.879974354498039 ], [ 78.021317226855103, 23.868204696566252 ], [ 78.05380718019201, 23.847688791385213 ], [ 78.074306517711207, 23.844469134846548 ], [ 78.093875749436279, 23.846009652486451 ], [ 78.107497312206945, 23.858098529889929 ], [ 78.115072095640542, 23.888095904795925 ], [ 78.126188689676965, 23.957303850465941 ], [ 78.129451893903294, 24.0195407207848 ], [ 78.121712329033429, 24.1086832133463 ], [ 78.099866732689918, 24.171383788349928 ], [ 78.069774921934666, 24.211087830519165 ], [ 78.020099707603293, 24.240449561886194 ], [ 77.967809009986297, 24.23779862523422 ], [ 77.901381511725319, 24.205111094025675 ], [ 77.838516123921778, 24.154544889466784 ], [ 77.781802217722529, 24.11987809558622 ], [ 77.702260424032929, 24.103349036593091 ], [ 77.640711501543507, 24.120314730622383 ], [ 77.610770656974495, 24.177706257795144 ], [ 77.572485930424151, 24.217095814211294 ], [ 77.461504705842131, 24.094418461142268 ], [ 77.462376183918593, 24.089132408889093 ], [ 77.451961445167854, 24.041249064371474 ], [ 77.441063373835036, 23.961357339588901 ], [ 77.437636433166531, 23.954183177361713 ], [ 77.349994664139487, 23.971156559787172 ], [ 77.302620011682507, 23.91878917072766 ] ], [ [ 75.216631244579943, 23.368666597074743 ], [ 75.21193614057718, 23.372366074203516 ], [ 75.211226388320242, 23.372925285076903 ], [ 75.216631244579943, 23.368666597074743 ] ] ], [ [ [ 77.49543908148911, 23.906199199076216 ], [ 77.43926528726422, 23.944900052275031 ], [ 77.436199059346151, 23.951174093176714 ], [ 77.437636433166531, 23.954183177361713 ], [ 77.782020573682729, 23.887487082758231 ], [ 77.49543908148911, 23.906199199076216 ] ] ] ] } },
{ "type": "Feature", "properties": { "state_name": "Central Province", "id": 7 }, "geometry": { "type": "MultiPolygon", "coordinates": [ [ [ [ 80.101419401538109, 18.90845793754136 ], [ 80.102064100400383, 18.946240000798209 ], [ 80.097715586590809, 18.995609514474001 ], [ 80.053414684958639, 19.077886533578138 ], [ 80.05310049329924, 19.07847000849063 ], [ 80.044501493168312, 19.096599495816488 ], [ 80.038243195764409, 19.121068925317335 ], [ 80.036395939638837, 19.184624626612337 ], [ 80.045450882704074, 19.233541027295079 ], [ 80.072351502922629, 19.281846566606411 ], [ 80.104431380981183, 19.327832195446991 ], [ 80.13440778709915, 19.340352602357171 ], [ 80.172246452252168, 19.33618428257066 ], [ 80.204274653246401, 19.339347781145687 ], [ 80.224512873715668, 19.347915296265633 ], [ 80.230623354541251, 19.356263815796158 ], [ 80.233861505310628, 19.369708254297581 ], [ 80.232827984931063, 19.392579655445708 ], [ 80.227939865921641, 19.408450509842798 ], [ 80.209118297414307, 19.434085954352817 ], [ 80.182611887826525, 19.484251169062151 ], [ 80.162523183156779, 19.520631677337761 ], [ 80.161866827636743, 19.560620355157464 ], [ 80.156335521128852, 19.580795304630726 ], [ 80.141831605356003, 19.599139129791673 ], [ 80.127130173502053, 19.608210516799659 ], [ 80.107781514989298, 19.608876053997115 ], [ 80.080215428014355, 19.608393707399031 ], [ 80.034579187286127, 19.598531511525707 ], [ 79.991878855900524, 19.586419780505004 ], [ 79.956667813556805, 19.57618908087407 ], [ 79.929155240397634, 19.578539755053345 ], [ 79.909997278081121, 19.589170820875047 ], [ 79.872615213482888, 19.620386258050171 ], [ 79.854138481962281, 19.628134576069382 ], [ 79.83775443872517, 19.628676222542325 ], [ 79.829548269579448, 19.6282334481748 ], [ 79.815990345023096, 19.620830947946349 ], [ 79.807633076771921, 19.612543250944601 ], [ 79.796419802715008, 19.571526825959623 ], [ 79.796031260208906, 19.550847744496185 ], [ 79.798597135027137, 19.528644906376289 ], [ 79.801153012323709, 19.50572927118575 ], [ 79.799771413355515, 19.47081501194668 ], [ 79.792072515023506, 19.456799585559839 ], [ 79.772495273654357, 19.44460129728148 ], [ 79.743486593691969, 19.446265032386179 ], [ 79.721980696611453, 19.451247369436157 ], [ 79.697621428297182, 19.463454046527158 ], [ 79.663932825724856, 19.495934207897779 ], [ 79.646529789539414, 19.522891012919352 ], [ 79.644700354426917, 19.545779057508863 ], [ 79.649550520786789, 19.567025852715012 ], [ 79.656549286053917, 19.583209868362168 ], [ 79.667380166334695, 19.60497839251876 ], [ 79.691591383389664, 19.664131131595646 ], [ 79.703953717077624, 19.763629104114063 ], [ 79.702224542942005, 19.789373979346841 ], [ 79.690903377350452, 19.820423207676008 ], [ 79.675539120984297, 19.835902318056359 ], [ 79.657835094884931, 19.846459722177336 ], [ 79.639958628600837, 19.848457802105973 ], [ 79.603881163076196, 19.836047377913939 ], [ 79.579067521345223, 19.826843352716264 ], [ 79.557404298940753, 19.826099832639137 ], [ 79.539620673179158, 19.833080941294604 ], [ 79.515295855653164, 19.84954075825258 ], [ 79.496788137732835, 19.857967328784902 ], [ 79.486339633304937, 19.858292806953532 ], [ 79.476610330606476, 19.857168397322489 ], [ 79.455405994099934, 19.841416181306965 ], [ 79.435018635791351, 19.829204558303111 ], [ 79.405705654323754, 19.8186930832779 ], [ 79.37213557704078, 19.820436376658929 ], [ 79.349075530478558, 19.82542100177772 ], [ 79.323230006190656, 19.841901666201071 ], [ 79.305528730773673, 19.854565465551691 ], [ 79.286864213677532, 19.855128987416499 ], [ 79.278513933357274, 19.847533465130553 ], [ 79.273088735420629, 19.83628296435128 ], [ 79.268997684111326, 19.815718884351256 ], [ 79.266220267894937, 19.784415764906182 ], [ 79.261343771865299, 19.761023162299171 ], [ 79.250621864292299, 19.744939856843878 ], [ 79.242342683311151, 19.740908893097124 ], [ 79.226685019250738, 19.74209176882896 ], [ 79.208147884096405, 19.74977884404105 ], [ 79.194915414891426, 19.762298987608947 ], [ 79.156925998183183, 19.813354648757425 ], [ 79.124944036050721, 19.836883438976013 ], [ 79.066812721040975, 19.861167806000648 ], [ 79.038141255968952, 19.859621563189041 ], [ 78.991886451439498, 19.84906745925662 ], [ 78.943178652610314, 19.84095068120531 ], [ 78.928329008503823, 19.847315569587053 ], [ 78.896318457212132, 19.871992195417498 ], [ 78.879489897838951, 19.898779673524661 ], [ 78.918535882642587, 19.904141874182578 ], [ 78.96756668659242, 19.931276376725872 ], [ 78.986712428807365, 19.959257110623984 ], [ 78.987208000694139, 19.989552526735626 ], [ 78.957943086045262, 20.029606378446161 ], [ 78.936830790905475, 20.110423234783383 ], [ 78.92240039589781, 20.142914290335586 ], [ 78.868751731654967, 20.181837813868132 ], [ 78.798167080351774, 20.217637566648452 ], [ 78.772615953492235, 20.259319074907264 ], [ 78.764695776671758, 20.280492696486309 ], [ 78.756454389433657, 20.302522637899944 ], [ 78.741813997608119, 20.3242985651429 ], [ 78.721489833481215, 20.34266015912085 ], [ 78.632052176796506, 20.378873395786236 ], [ 78.603723244823655, 20.398495338201187 ], [ 78.581374113868918, 20.440876740257352 ], [ 78.556000896167873, 20.482379066252623 ], [ 78.537238037796442, 20.49900753049759 ], [ 78.508430908682172, 20.513987688242988 ], [ 78.482431152738783, 20.516543542037827 ], [ 78.397244217611174, 20.512970144376748 ], [ 78.358195133649431, 20.513931945409983 ], [ 78.325246835797401, 20.521384598228632 ], [ 78.288676928592707, 20.556455018140372 ], [ 78.264384403422724, 20.610209830319192 ], [ 78.265336549888929, 20.676648588407144 ], [ 78.275262217509919, 20.738125411195782 ], [ 78.26673937895977, 20.772505673693647 ], [ 78.251079526544089, 20.799456977858693 ], [ 78.215635031825329, 20.846801402637627 ], [ 78.184244828974528, 20.897836160967316 ], [ 78.168898621055149, 20.947544581389703 ], [ 78.161969163294529, 21.022683151557274 ], [ 78.152003856221484, 21.095987266100721 ], [ 78.131047142401428, 21.17427581505952 ], [ 78.131522836144299, 21.20558178352109 ], [ 78.135824658722839, 21.223516967691797 ], [ 78.155185649265391, 21.238270595243414 ], [ 78.197632169751273, 21.247760351403219 ], [ 78.266320907452339, 21.260440531330961 ], [ 78.319069607555775, 21.282958917066022 ], [ 78.329170138173083, 21.291174239188731 ], [ 78.359930825847613, 21.316184721202749 ], [ 78.386595362412606, 21.343092156324737 ], [ 78.414110318482159, 21.360484180478299 ], [ 78.48821680671675, 21.390058004167052 ], [ 78.513774265222324, 21.409384498846507 ], [ 78.533526609251837, 21.441191535085256 ], [ 78.544576803928734, 21.517715750870114 ], [ 78.503504295506744, 21.563429266470415 ], [ 78.485292304182011, 21.583685594552801 ], [ 78.434845067352569, 21.584868042174573 ], [ 78.402278559120376, 21.570435905447752 ], [ 78.336929725270309, 21.528274254897187 ], [ 78.140668569015432, 21.498484403274613 ], [ 78.065345283309767, 21.456463752027375 ], [ 77.953911129661265, 21.424664018074363 ], [ 77.873057432410803, 21.4130513987709 ], [ 77.780188829495444, 21.407335333951597 ], [ 77.709266003184268, 21.382182158001964 ], [ 77.620380653082194, 21.370624488890503 ], [ 77.594278785878714, 21.380600632629221 ], [ 77.536643339812969, 21.455617621070914 ], [ 77.508956480546473, 21.505413630990279 ], [ 77.485098852170083, 21.538070686452951 ], [ 77.477431887064043, 21.574223447203462 ], [ 77.493829957570853, 21.594780770373454 ], [ 77.518180489608341, 21.603820643897887 ], [ 77.548457781600817, 21.601375594205898 ], [ 77.572374294583724, 21.574395951883773 ], [ 77.62025288163953, 21.526106518164518 ], [ 77.670719590112498, 21.525151514999823 ], [ 77.709369502020678, 21.54716664586882 ], [ 77.711811681709975, 21.579357619436198 ], [ 77.700368706969812, 21.630776849803084 ], [ 77.664671431540711, 21.682648902876927 ], [ 77.538058387879744, 21.743742160510536 ], [ 77.50186495304078, 21.761446253987035 ], [ 77.453259202233681, 21.756611832111808 ], [ 77.40646432148354, 21.732781760905272 ], [ 77.325375356679743, 21.71520579123014 ], [ 77.274883805212895, 21.721727518501233 ], [ 77.18710892150385, 21.72182137770633 ], [ 77.171211347520483, 21.716138112031366 ], [ 77.146522514517358, 21.707309136285549 ], [ 77.125195765236214, 21.685033597152152 ], [ 77.07508130121326, 21.632658831024408 ], [ 76.971653856475385, 21.592567538628124 ], [ 76.83008316347518, 21.583265704961569 ], [ 76.64981192315787, 21.525168793632819 ], [ 76.47145034182158, 21.417735297038636 ], [ 76.366281088477706, 21.386869425860915 ], [ 76.271373246487684, 21.399319434078322 ], [ 76.194453276073602, 21.432763336659864 ], [ 76.186606210300198, 21.436171548240043 ], [ 76.103864618872194, 21.497508422040383 ], [ 76.047384739545222, 21.577418832687954 ], [ 76.023230656257255, 21.653212880275742 ], [ 75.98073232404937, 21.661154932474556 ], [ 75.93821533738425, 21.657752516089531 ], [ 75.889604941907862, 21.627954114446009 ], [ 75.834927644747737, 21.560439259774181 ], [ 75.778274770207602, 21.543914565632523 ], [ 75.737809122855637, 21.549899572718648 ], [ 75.70340946107946, 21.555827393909272 ], [ 75.668988286678527, 21.586279475206123 ], [ 75.636575799859088, 21.618591026807756 ], [ 75.583898524889236, 21.652911567090324 ], [ 75.496804305429222, 21.664779257253286 ], [ 75.338204455218559, 21.750698067652785 ], [ 75.346682523212522, 21.758291440556079 ], [ 75.364126638492664, 21.77164016258342 ], [ 75.380801292154445, 21.78994188598746 ], [ 75.391403508277563, 21.806152707554766 ], [ 75.398201674727702, 21.824504161982411 ], [ 75.398174895993279, 21.835818243508506 ], [ 75.392794888253022, 21.859886273257025 ], [ 75.387399870390666, 21.88961064250682 ], [ 75.360608784461718, 21.955490098741329 ], [ 75.347588475845129, 21.987362786949618 ], [ 75.345241909186157, 22.011412863853018 ], [ 75.351276799572489, 22.032602809505356 ], [ 75.36418807445078, 22.0452809093855 ], [ 75.374069442599122, 22.052313503460056 ], [ 75.386244899892333, 22.055800116941285 ], [ 75.412137858338397, 22.054983996399489 ], [ 75.435755704902832, 22.049222206106865 ], [ 75.460150544290201, 22.033549828572479 ], [ 75.472354181253763, 22.020760207693645 ], [ 75.503597683667437, 22.000093311573252 ], [ 75.518075919376116, 21.98870085387048 ], [ 75.550050930888233, 21.980750659864817 ], [ 75.569075065317293, 21.982062596259816 ], [ 75.588851478163775, 21.992567018214199 ], [ 75.607104831076086, 22.007324779869027 ], [ 75.618509890009861, 22.023536504398258 ], [ 75.625335224028831, 22.061713393724062 ], [ 75.620746093066572, 22.091463094631926 ], [ 75.599346265621818, 22.171561002946643 ], [ 75.574879408515343, 22.237521639723184 ], [ 75.572561030187416, 22.261604365555002 ], [ 75.570976682148114, 22.30621870727224 ], [ 75.55029193521635, 22.36367279476098 ], [ 75.545655719512453, 22.399811242204791 ], [ 75.536440343884607, 22.432430517035598 ], [ 75.531224474533886, 22.456451226062583 ], [ 75.55044061647736, 22.460825118158219 ], [ 75.571820009955914, 22.465688849825721 ], [ 75.597013024128984, 22.4761996971088 ], [ 75.606930505788114, 22.487488203184792 ], [ 75.616090875888403, 22.493821171119055 ], [ 75.631360674001129, 22.503667100877614 ], [ 75.650458451733329, 22.506408547624392 ], [ 75.679492025980508, 22.503429525266675 ], [ 75.713869201977303, 22.506793994368469 ], [ 75.742899420059473, 22.509472294674246 ], [ 75.76352742887309, 22.521405332196199 ], [ 75.77651911500017, 22.538340888724399 ], [ 75.781109371157598, 22.5617027036912 ], [ 75.781116770331849, 22.592179036563977 ], [ 75.778062830764014, 22.609206702056728 ], [ 75.772713016743225, 22.619867978333385 ], [ 75.755892312764942, 22.633425961306511 ], [ 75.729126103006422, 22.642780643207097 ], [ 75.703887753421469, 22.644326355581885 ], [ 75.681704535582625, 22.651522994112856 ], [ 75.647279014136089, 22.659481953335927 ], [ 75.596772746444913, 22.676006570043207 ], [ 75.570744254966968, 22.687454162375982 ], [ 75.543192604137047, 22.691107988338391 ], [ 75.517187294662833, 22.68483089861536 ], [ 75.47973980416711, 22.663004132940682 ], [ 75.472706979096856, 22.658809549636747 ], [ 75.465656485696101, 22.668597937782877 ], [ 75.451057696561094, 22.694862347884673 ], [ 75.442603662835538, 22.709769076789513 ], [ 75.429535152931251, 22.73248371430104 ], [ 75.42397572377628, 22.811151490861317 ], [ 75.439978010779001, 22.845826336942594 ], [ 75.452952992176677, 22.86775582400406 ], [ 75.465186309813774, 22.880474719633142 ], [ 75.495010951415168, 22.913691280718275 ], [ 75.527944340925544, 22.931301661504897 ], [ 75.545563790358983, 22.940455584530323 ], [ 75.561660935378114, 22.943233558229437 ], [ 75.571626525854271, 22.944614944554054 ], [ 75.600741458351791, 22.96364694754357 ], [ 75.613001085765177, 22.973525308447051 ], [ 75.63368823620074, 22.996841360937175 ], [ 75.645950706585879, 23.01097323993319 ], [ 75.659750683321747, 23.02438960782554 ], [ 75.674322659209636, 23.033547648164529 ], [ 75.694267609780283, 23.041972768559575 ], [ 75.738767243659979, 23.045321477851068 ], [ 75.77405530412949, 23.034517738542604 ], [ 75.78939795773988, 23.034443262443549 ], [ 75.804741689183118, 23.036495123314126 ], [ 75.817789001663357, 23.044940923278482 ], [ 75.827001332031188, 23.052696420140322 ], [ 75.835449417339007, 23.062583620506377 ], [ 75.846198709863842, 23.070330759102518 ], [ 75.855417607244021, 23.080923030734301 ], [ 75.864642152158794, 23.095062153185403 ], [ 75.873870617862707, 23.110620219414006 ], [ 75.881558835728342, 23.120511224960854 ], [ 75.889246349053749, 23.128983317175162 ], [ 75.911524054206026, 23.139504077448002 ], [ 75.940704415201594, 23.14430737265047 ], [ 75.965262943438034, 23.140618195968258 ], [ 76.009934178240272, 23.119437343570269 ], [ 76.002736509142608, 23.104344198958689 ], [ 75.999618135078236, 23.082604052612727 ], [ 75.999565473373934, 23.058953709698599 ], [ 75.999513237609122, 23.035304082162622 ], [ 76.006605598798302, 23.005934571572944 ], [ 76.025940228734001, 22.967972954585008 ], [ 76.0462876935336, 22.930947815200707 ], [ 76.066621043619165, 22.892973806146617 ], [ 76.1175671690402, 22.852886501061874 ], [ 76.151174983769522, 22.827099012475738 ], [ 76.171505073353018, 22.802350827049128 ], [ 76.177523524435784, 22.77203512793854 ], [ 76.176435158235734, 22.752179900636975 ], [ 76.167181551760464, 22.730496965416563 ], [ 76.14668092162718, 22.698497757059759 ], [ 76.145583939683419, 22.673917091623505 ], [ 76.149572227150784, 22.645515423233391 ], [ 76.153571079185909, 22.620897099526669 ], [ 76.161641007537128, 22.595301628827151 ], [ 76.170742067607378, 22.574425933467165 ], [ 76.191105132074014, 22.543588927309507 ], [ 76.18535654432047, 22.53772602711215 ], [ 76.181468212506843, 22.517074112570537 ], [ 76.171164299286644, 22.479929796983992 ], [ 76.16538894250111, 22.46461356970736 ], [ 76.125813574645051, 22.41884663975754 ], [ 76.091409865468279, 22.395487223853728 ], [ 76.06193112513246, 22.371799562680959 ], [ 76.049445716534535, 22.391454634895293 ], [ 76.041850261158331, 22.406869942410175 ], [ 76.027879971938759, 22.416424923999127 ], [ 75.992263723790856, 22.416683724389038 ], [ 75.970626736404299, 22.409749526475263 ], [ 75.94006866042595, 22.389881712599308 ], [ 75.90951307998435, 22.365286896141232 ], [ 75.878953508818711, 22.326519486111671 ], [ 75.866216144975965, 22.300625242318887 ], [ 75.869964905955698, 22.235660645389775 ], [ 75.881382909905341, 22.221415426177057 ], [ 75.899771375257302, 22.207340504098468 ], [ 75.899755618119471, 22.194944094902457 ], [ 75.923851983353245, 22.1723415223756 ], [ 75.934638175564274, 22.168131350391654 ], [ 75.979701664662244, 22.163074366474707 ], [ 76.015883984365288, 22.162796416543515 ], [ 76.036836509364463, 22.164993462888773 ], [ 76.060974802374403, 22.171886205587867 ], [ 76.074961209308356, 22.180040018869217 ], [ 76.076833703397142, 22.162798172830232 ], [ 76.074727997587303, 22.133526404061236 ], [ 76.069611242133618, 22.117507133415437 ], [ 76.069541499159101, 22.089164333339589 ], [ 76.081622606416119, 22.049381754163896 ], [ 76.09374654502713, 22.028492154977922 ], [ 76.104867629714349, 22.0132782734253 ], [ 76.120064400557993, 22.005585685046647 ], [ 76.14643355815241, 22.003460108681097 ], [ 76.162700389971434, 22.015597230990608 ], [ 76.172885667071256, 22.028734399008584 ], [ 76.190169068491741, 22.03991641399519 ], [ 76.211472097202758, 22.03877385512483 ], [ 76.226660887497914, 22.03012505275035 ], [ 76.248907689733088, 22.010064226432966 ], [ 76.253900609626214, 21.988276469380423 ], [ 76.267963115746056, 21.951275290655268 ], [ 76.28088792837174, 21.931315750209123 ], [ 76.30126183287922, 21.945844720184599 ], [ 76.325373229214435, 21.953870735162059 ], [ 76.353308974519635, 21.966581570478883 ], [ 76.385115344398187, 21.993431141771048 ], [ 76.403143363999789, 22.053519208258415 ], [ 76.403436020684751, 22.114977471511715 ], [ 76.378145421246217, 22.132965308255407 ], [ 76.360446112596662, 22.147325912009492 ], [ 76.322538899850187, 22.185516072087587 ], [ 76.311190044733593, 22.203351149894957 ], [ 76.304937499835717, 22.225863172782685 ], [ 76.305033289357453, 22.248314811796938 ], [ 76.305155206039942, 22.276674985367123 ], [ 76.315394708763407, 22.294305395578803 ], [ 76.33194117947258, 22.301240414182701 ], [ 76.36367780243765, 22.296209548156561 ], [ 76.406783282282817, 22.279238823267185 ], [ 76.455038845711684, 22.27756783240082 ], [ 76.495677992935754, 22.277144621547873 ], [ 76.522429603210668, 22.291048193099051 ], [ 76.542856850395196, 22.308564408517668 ], [ 76.562077684114143, 22.335552247793768 ], [ 76.588846250389821, 22.349450183032104 ], [ 76.614184752522661, 22.338527065042694 ], [ 76.623021869043754, 22.330150108437174 ], [ 76.665889326395472, 22.283537885974916 ], [ 76.696228459318618, 22.264258915485833 ], [ 76.721515698442417, 22.249763908606806 ], [ 76.760784735607629, 22.238640946600572 ], [ 76.799391334006671, 22.233659729384797 ], [ 76.804432444031647, 22.238840266466426 ], [ 76.826836522493565, 22.247075709443909 ], [ 76.861465897311277, 22.259884615413966 ], [ 76.888976599538694, 22.270887531618506 ], [ 76.917515673360398, 22.282820232740612 ], [ 76.927845919708275, 22.302564150041352 ], [ 76.931069230732604, 22.322401993783394 ], [ 76.938562668230674, 22.364904792489529 ], [ 76.942867974807157, 22.391356251703357 ], [ 76.948131940323876, 22.411168515978733 ], [ 77.003378810167618, 22.447362624709399 ], [ 77.05431233682144, 22.456143592118334 ], [ 77.124794784808984, 22.485471742002471 ], [ 77.149512871389916, 22.513536205656575 ], [ 77.202483469573366, 22.519409140198857 ], [ 77.23514530241161, 22.528406375281431 ], [ 77.287118466851936, 22.535215941862095 ], [ 77.352476537494439, 22.554122339450405 ], [ 77.428266202284973, 22.590846920087799 ], [ 77.4887124482958, 22.61926325783498 ], [ 77.521803734467682, 22.655690544641448 ], [ 77.565072483771601, 22.690052795578122 ], [ 77.612200024606679, 22.70823006931273 ], [ 77.66936636675446, 22.71579823167713 ], [ 77.742668228495816, 22.712637569207054 ], [ 77.778252080433063, 22.708218974205359 ], [ 77.808990530130856, 22.719049711812005 ], [ 77.844985468011004, 22.739262840365281 ], [ 77.881105432688841, 22.766105761059958 ], [ 77.912047373544084, 22.787349022705616 ], [ 77.958933326026894, 22.78742653015734 ], [ 78.001433569762384, 22.770501719280137 ], [ 78.043835194517783, 22.74882330549671 ], [ 78.084451604373982, 22.741394707758857 ], [ 78.107072351311132, 22.752333973147788 ], [ 78.116653627900391, 22.773963089294757 ], [ 78.111920713245539, 22.793028314899523 ], [ 78.112717176096169, 22.834751701126393 ], [ 78.118159188303494, 22.852669016377803 ], [ 78.152167748368186, 22.870972704596344 ], [ 78.185773066342449, 22.868407146122493 ], [ 78.269541363024146, 22.875251058493237 ], [ 78.320911566343725, 22.893168788212467 ], [ 78.354457297980602, 22.887723672448072 ], [ 78.381578149907767, 22.868172595306618 ], [ 78.356435852448641, 22.886297742945782 ], [ 78.359776986383892, 22.898050511716935 ], [ 78.383901658088959, 22.928858865335851 ], [ 78.421239191276541, 22.956537826095378 ], [ 78.464589298982787, 22.978387141521299 ], [ 78.539936052784853, 23.014714878604597 ], [ 78.626217606599013, 23.036530388789483 ], [ 78.712155535443671, 23.043122546083513 ], [ 78.846431904198681, 23.022890768135827 ], [ 78.92006828952691, 23.027768084102906 ], [ 78.937538675526127, 23.032091617231938 ], [ 78.949113677582048, 23.045104444218172 ], [ 78.951707655022304, 23.065933603682488 ], [ 78.952615062333493, 23.100099370835089 ], [ 78.95133118303022, 23.128620698426339 ], [ 78.959444335411476, 23.164510903544794 ], [ 78.97839361605098, 23.184941833064954 ], [ 79.002251891448452, 23.197653028646808 ], [ 79.016685300268563, 23.202046331621077 ], [ 79.045214387199195, 23.198490865751864 ], [ 79.038135895873097, 23.199373531008035 ], [ 79.052067038436263, 23.222684301643703 ], [ 79.052962319727172, 23.254954713102002 ], [ 79.037448965007741, 23.285732053145342 ], [ 78.994870927192167, 23.300074917796337 ], [ 78.965826517609813, 23.285586585520175 ], [ 78.94052137025848, 23.257708214890425 ], [ 78.909197683700555, 23.233770505539351 ], [ 78.888605915911754, 23.228565093508006 ], [ 78.87015925320884, 23.22710482334902 ], [ 78.86487236605862, 23.259516843738485 ], [ 78.870411495881001, 23.314463578103833 ], [ 78.853299963928492, 23.364247379039625 ], [ 78.826745780332715, 23.36676831080328 ], [ 78.765543811797457, 23.375780770633842 ], [ 78.739952290679014, 23.416245576620042 ], [ 78.749360252919629, 23.463508299301868 ], [ 78.780577146467337, 23.481786605719329 ], [ 78.829891048976563, 23.486346152643254 ], [ 78.89211349041507, 23.513379306673034 ], [ 78.909278683479883, 23.54146478712477 ], [ 78.914258174849948, 23.573637454052278 ], [ 78.892328144713645, 23.596948176453857 ], [ 78.86187999437891, 23.609057487154587 ], [ 78.808866288927632, 23.621680212868206 ], [ 78.765548952398433, 23.613173111474151 ], [ 78.711349786670169, 23.580210608006496 ], [ 78.678641267997676, 23.584737796023653 ], [ 78.65050898316575, 23.608147161376191 ], [ 78.641593301728093, 23.661514540937169 ], [ 78.657742434554834, 23.731425648122951 ], [ 78.654945873247769, 23.782762502891238 ], [ 78.629356134017115, 23.826998486301463 ], [ 78.58854903962829, 23.839271126895781 ], [ 78.532643991319688, 23.823366298309807 ], [ 78.529749589087785, 23.789246028498649 ], [ 78.53260079350909, 23.737915467536887 ], [ 78.539187155713435, 23.671316655710427 ], [ 78.517977358771404, 23.643283852066496 ], [ 78.49106644118929, 23.625242567976247 ], [ 78.4522703076927, 23.633645546253774 ], [ 78.405227937830773, 23.684925705990818 ], [ 78.388771693489673, 23.727979262642773 ], [ 78.376062081715688, 23.755766487011751 ], [ 78.391161917062618, 23.830461398292766 ], [ 78.402911454290049, 23.849211900923883 ], [ 78.402599675451938, 23.879599655153179 ], [ 78.388520240320318, 23.893175618106163 ], [ 78.363978387340836, 23.899364006063617 ], [ 78.311518952631985, 23.899453428006478 ], [ 78.260256357066751, 23.907097487814031 ], [ 78.229827449566471, 23.926668881434367 ], [ 78.219878163132805, 23.94204794762992 ], [ 78.209065294414927, 23.96503736556425 ], [ 78.216414422662723, 23.971543311197475 ], [ 78.240525146589988, 23.991020341982786 ], [ 78.245734382476385, 23.993768763960521 ], [ 78.265372821068851, 23.997188925089571 ], [ 78.307718226302356, 24.003013093403958 ], [ 78.349911755657018, 24.002183304420264 ], [ 78.379867086296301, 24.006334951192638 ], [ 78.389219004436555, 24.009945841623864 ], [ 78.406138131466776, 24.028596412809314 ], [ 78.406614714660279, 24.048527036693368 ], [ 78.392699681769955, 24.069696133213089 ], [ 78.341860332798575, 24.098241432929484 ], [ 78.312277657616704, 24.111164322988962 ], [ 78.28172331711778, 24.126948536430046 ], [ 78.254489557521438, 24.153107426146256 ], [ 78.23647780589333, 24.17718752273257 ], [ 78.226706892503202, 24.201109977735598 ], [ 78.235601758287984, 24.229427579775656 ], [ 78.251417586153707, 24.244320461111908 ], [ 78.277486189052993, 24.256167468423772 ], [ 78.298247274990203, 24.261465992207849 ], [ 78.330378743803678, 24.267490539941679 ], [ 78.371312609476192, 24.296127046525594 ], [ 78.40863846764843, 24.302984255256632 ], [ 78.427915018702464, 24.289302999050175 ], [ 78.461929471341008, 24.245880000590262 ], [ 78.483300055389535, 24.234047932367506 ], [ 78.519266731026576, 24.228559467858641 ], [ 78.540941210429409, 24.229059388089933 ], [ 78.593568274367499, 24.229854552473196 ], [ 78.609106179752985, 24.232374544648813 ], [ 78.661808345877404, 24.235995363934279 ], [ 78.683457560353645, 24.235526934740875 ], [ 78.724205701190911, 24.21659022000431 ], [ 78.736136998179148, 24.200180215141625 ], [ 78.744819688047883, 24.17814198781339 ], [ 78.752933571662396, 24.135219601722774 ], [ 78.762459775954838, 24.106513191339115 ], [ 78.786523602475825, 24.082229852225986 ], [ 78.813105809487382, 24.074982406786955 ], [ 78.833955410637671, 24.084008135211395 ], [ 78.852749163895311, 24.093078447575611 ], [ 78.866318291649904, 24.09941705434829 ], [ 78.886119719535529, 24.107510977201255 ], [ 78.897444917482147, 24.107249685748975 ], [ 78.90153624212563, 24.106205200361408 ], [ 78.915625744095195, 24.094479846825475 ], [ 78.951109929830366, 24.074653217500206 ], [ 78.974672233165933, 24.070298697704096 ], [ 78.992416115397575, 24.078428054559431 ], [ 79.003151144655845, 24.093372327568382 ], [ 79.005764394826514, 24.112309553843822 ], [ 79.005151213788466, 24.126573785747791 ], [ 79.005011062096102, 24.156976531418763 ], [ 79.013110361350655, 24.187064893765299 ], [ 79.018107466498861, 24.203570906961676 ], [ 79.025326257755935, 24.217849905736966 ], [ 79.027005781025082, 24.221171429338408 ], [ 79.040363130288085, 24.236883821754372 ], [ 79.054421895917031, 24.254359856416329 ], [ 79.064046614661308, 24.274316792067332 ], [ 79.070292227075768, 24.289010856481674 ], [ 79.075733965479785, 24.298380187315349 ], [ 79.099812336475935, 24.305517058066496 ], [ 79.123085324213747, 24.307325896756442 ], [ 79.146875129781009, 24.304961939607981 ], [ 79.175965742232549, 24.286430018274775 ], [ 79.208689797083068, 24.260675266221039 ], [ 79.22504664077664, 24.247795048535085 ], [ 79.248027250444494, 24.240684076145921 ], [ 79.274432137379108, 24.240014819206252 ], [ 79.293203108265772, 24.242505607824491 ], [ 79.314646111904381, 24.24789491149804 ], [ 79.334273800913053, 24.25689151478214 ], [ 79.352029958615319, 24.267716020790342 ], [ 79.371624955901552, 24.275521425869858 ], [ 79.4038321723622, 24.274679497158871 ], [ 79.417963724180282, 24.273120155869716 ], [ 79.436485217484574, 24.256239289634021 ], [ 79.437227345656709, 24.231988090094667 ], [ 79.427578721276134, 24.2208403239812 ], [ 79.400749682229019, 24.204442841480184 ], [ 79.375565716233254, 24.190848983080457 ], [ 79.353430932355863, 24.175746987160789 ], [ 79.34324545866022, 24.147505277937693 ], [ 79.345280755501349, 24.114670611814354 ], [ 79.358212687146334, 24.084402827456408 ], [ 79.385165154532743, 24.058042006494389 ], [ 79.423137444959792, 24.03851074481657 ], [ 79.484516525825313, 24.026893769829361 ], [ 79.542163374381232, 24.042437684741817 ], [ 79.562506779066098, 24.050434596335741 ], [ 79.607927620091004, 24.069141180557242 ], [ 79.620613571111477, 24.078768333292373 ], [ 79.626666685219973, 24.119940564809959 ], [ 79.621573984616717, 24.151443370148645 ], [ 79.615773794535272, 24.207199277262472 ], [ 79.616860174754834, 24.238530744811012 ], [ 79.623883128751757, 24.262570502438503 ], [ 79.634850312421904, 24.266543273827438 ], [ 79.671789950593421, 24.261237540182307 ], [ 79.68380026408289, 24.25092203565449 ], [ 79.692819234194445, 24.243540801760851 ], [ 79.741953223139205, 24.233597588161114 ], [ 79.749779375993327, 24.236226024273382 ], [ 79.767695866189015, 24.261375828416362 ], [ 79.777893819056814, 24.286745330326667 ], [ 79.789487834455173, 24.307797404739926 ], [ 79.802216941749862, 24.317410940873426 ], [ 79.819272784311778, 24.318344578369164 ], [ 79.851575813925791, 24.313130517796171 ], [ 79.866663120561455, 24.302710697218782 ], [ 79.877006150482927, 24.289576899046835 ], [ 79.898056613570162, 24.273276161364766 ], [ 79.92996776757164, 24.258076496063801 ], [ 79.959102742706889, 24.251507231371836 ], [ 79.985468453562788, 24.253570041879676 ], [ 80.008690934290996, 24.254297457380812 ], [ 80.033239286982194, 24.249278118133699 ], [ 80.05244015831839, 24.225882309296072 ], [ 80.060827881618536, 24.202813978676406 ], [ 80.057699485547573, 24.16156117105383 ], [ 80.053197268035618, 24.124627622763303 ], [ 80.056331299503242, 24.080371686421493 ], [ 80.03985435742203, 24.058021367531531 ], [ 80.010813752968161, 24.024683333202979 ], [ 79.983650723432987, 23.999838807759406 ], [ 79.95671047406644, 23.980686495396188 ], [ 79.92776745512657, 23.948757924671941 ], [ 79.923694659473853, 23.921789958204666 ], [ 79.929282125159318, 23.905940435977978 ], [ 79.947449305952716, 23.896843709090646 ], [ 79.970180292473628, 23.886181894598376 ], [ 79.986748364150017, 23.875702607396921 ], [ 79.995510546161398, 23.862605925602814 ], [ 80.005440253869011, 23.839492636957278 ], [ 80.004331842003296, 23.809584280432976 ], [ 80.002857691686259, 23.769706566382755 ], [ 80.00345013931846, 23.744024307647663 ], [ 80.002753956088739, 23.725122771295847 ], [ 80.015592262855478, 23.72627861217352 ], [ 80.03967285605728, 23.718415268556885 ], [ 80.072983200175074, 23.717393517485149 ], [ 80.112132171427902, 23.735195507181171 ], [ 80.136050470589893, 23.757028651663582 ], [ 80.149634234045294, 23.776805295158063 ], [ 80.173751171933972, 23.803380515773473 ], [ 80.199754904069366, 23.812069009423293 ], [ 80.239585018758845, 23.81318507846175 ], [ 80.270348133542271, 23.812204739729605 ], [ 80.302391158134029, 23.811177309309485 ], [ 80.339180272466237, 23.800483155480407 ], [ 80.351852804053081, 23.796507090785241 ], [ 80.384977758214958, 23.790674431483904 ], [ 80.410506908010674, 23.78746121157679 ], [ 80.474562696045766, 23.785344336815896 ], [ 80.508211131137557, 23.792540797884229 ], [ 80.571722425573213, 23.80822948634076 ], [ 80.621228817435366, 23.856459415765634 ], [ 80.701901733326622, 23.911916934029104 ], [ 80.768922416566241, 23.917900305907416 ], [ 80.80332347888428, 23.911936858770833 ], [ 80.841407083911889, 23.902269890578307 ], [ 80.879589619779807, 23.894967102655876 ], [ 80.924440929323168, 23.893357246310771 ], [ 80.982556251772309, 23.929283246575203 ], [ 81.010236760686112, 23.944911830648753 ], [ 81.064405336024876, 23.950052727068929 ], [ 81.114898845978828, 23.931542928193029 ], [ 81.134454874472766, 23.910609928869953 ], [ 81.140635624179225, 23.87829021134354 ], [ 81.134789402517967, 23.835723234638237 ], [ 81.120931782517189, 23.81365884768579 ], [ 81.083710048971611, 23.785329146047619 ], [ 81.038449095824589, 23.748966925752036 ], [ 81.017687105789875, 23.715261891131384 ], [ 81.015060323155637, 23.685645025341422 ], [ 81.028453773373926, 23.613841476814926 ], [ 81.034402248649002, 23.575588981785202 ], [ 81.035723279001743, 23.548203186037693 ], [ 81.024327601663089, 23.522472867147922 ], [ 81.000435146971682, 23.503141856698818 ], [ 80.981174613883468, 23.501467568487566 ], [ 80.949722911822619, 23.513307757807237 ], [ 80.930127224305792, 23.533033951072841 ], [ 80.914934571216961, 23.565673147060391 ], [ 80.900908890083869, 23.595891438079093 ], [ 80.884425317071887, 23.628573240362584 ], [ 80.8650113662504, 23.653037928586304 ], [ 80.850996262122138, 23.654726156106147 ], [ 80.838155695544245, 23.653994414985522 ], [ 80.816815515646624, 23.634546632974995 ], [ 80.806629430721401, 23.606382589016647 ], [ 80.801716269692406, 23.581597196610844 ], [ 80.783875137901134, 23.553701722167574 ], [ 80.777486029188083, 23.553926608768997 ], [ 80.755610292734033, 23.551129117750737 ], [ 80.7388968634219, 23.549336932243602 ], [ 80.707925621962303, 23.543285094610056 ], [ 80.702212410344075, 23.529221316020568 ], [ 80.712833110142284, 23.477745223548123 ], [ 80.736617110692492, 23.435316365393351 ], [ 80.736690626843952, 23.406788320969344 ], [ 80.717146186831187, 23.397962173708091 ], [ 80.669180696796445, 23.381799017255204 ], [ 80.658970741710874, 23.382151683170232 ], [ 80.629767486619485, 23.355820967435413 ], [ 80.628149655601462, 23.347556870989777 ], [ 80.631010207375667, 23.292786312429019 ], [ 80.645120445438991, 23.270203205681547 ], [ 80.665722543935985, 23.27643527629461 ], [ 80.724225291224215, 23.270835426491576 ], [ 80.764621237513126, 23.259910047350338 ], [ 80.789986111030316, 23.225734198477817 ], [ 80.817333518609317, 23.178408140324237 ], [ 80.889833615384106, 23.114004462863523 ], [ 80.930153461906556, 23.103038843728186 ], [ 80.979731755263188, 23.100046556788392 ], [ 81.00959713276049, 23.083499357552576 ], [ 81.053987328786476, 23.049767245132344 ], [ 81.098710493966166, 23.052862845289621 ], [ 81.121283084418408, 23.073419224704224 ], [ 81.134537927604413, 23.113342488792448 ], [ 81.14583814914225, 23.137883686322532 ], [ 81.168906947231633, 23.140583668088432 ], [ 81.189357297191876, 23.113659411106386 ], [ 81.200053830943958, 23.096611910446875 ], [ 81.225848467930206, 23.075424406242263 ], [ 81.263839636379643, 23.070410955928651 ], [ 81.283968568844372, 23.0648854904662 ], [ 81.314605729446797, 23.038742674296135 ], [ 81.329876373312047, 22.983465299815482 ], [ 81.332811558029903, 22.853758761962236 ], [ 81.349995052584632, 22.812668547574248 ], [ 81.377383580087411, 22.745020039509917 ], [ 81.41388396945581, 22.71030151843031 ], [ 81.479226651115198, 22.668490731637544 ], [ 81.565116320181005, 22.632967127911293 ], [ 81.649153944609722, 22.612934463860526 ], [ 81.690755164479754, 22.607676722722129 ], [ 81.760077364016482, 22.59889258906275 ], [ 81.799437734813623, 22.589066496817846 ], [ 81.756296262997708, 22.556735375546861 ], [ 81.803676870669577, 22.592241702050533 ], [ 81.811356917363071, 22.593707540655757 ], [ 81.824643135065983, 22.593156616786356 ], [ 81.854797072143015, 22.625794815137631 ], [ 81.871410232497169, 22.653641817264702 ], [ 81.870671270193341, 22.676861172086607 ], [ 81.862400941377544, 22.739635056980916 ], [ 81.842745240854427, 22.765424814314454 ], [ 81.805400578348369, 22.818698546495956 ], [ 81.819581133100215, 22.87339970812555 ], [ 81.832254438030319, 22.897841943257127 ], [ 81.839944612656495, 22.936757475062645 ], [ 81.824969378002876, 22.980181021549232 ], [ 81.828408012948316, 23.010354951496602 ], [ 81.861612715933077, 23.025021914928629 ], [ 81.911974838094778, 23.038961597190465 ], [ 82.001110480547368, 23.063722220145134 ], [ 82.056936485085686, 23.072035337683943 ], [ 82.082573146222359, 23.051318196819114 ], [ 82.161617352134158, 22.994399963395296 ], [ 82.211577411641073, 22.965470039980719 ], [ 82.258189307137258, 22.945589419908455 ], [ 82.337220805901282, 22.926038768156925 ], [ 82.40189581296589, 22.923146294547312 ], [ 82.468063596658993, 22.913028924490131 ], [ 82.488680422904693, 22.906744208385266 ], [ 82.517287361393784, 22.8733450376462 ], [ 82.551375955649974, 22.836123607897655 ], [ 82.568550464684904, 22.803238133856208 ], [ 82.589818737172024, 22.775512280769508 ], [ 82.620874825926904, 22.752682219607792 ], [ 82.672486156475514, 22.723543405756089 ], [ 82.695816410871146, 22.699275241383159 ], [ 82.716866119229238, 22.635875466268526 ], [ 82.781627346145839, 22.605495987197671 ], [ 82.844800218128711, 22.602513997006341 ], [ 82.902333250077973, 22.558165895548168 ], [ 82.922483753852873, 22.524507231979939 ], [ 82.939645225151793, 22.493961408151293 ], [ 82.957684934390741, 22.47823428324805 ], [ 83.014275609095606, 22.47253935963516 ], [ 83.041635810347657, 22.44528286676357 ], [ 83.040486982404516, 22.426315246209164 ], [ 83.039124197928516, 22.403790731518423 ], [ 83.037977817186885, 22.384822324650802 ], [ 83.012604812945483, 22.362265485316406 ], [ 82.985006919913161, 22.344567149556227 ], [ 82.971312206023356, 22.321156387759391 ], [ 82.995994946883414, 22.311410872870216 ], [ 83.022385773825619, 22.279701037574917 ], [ 83.035557495993231, 22.246722959661984 ], [ 83.021177455983874, 22.1751135763081 ], [ 83.0199574840221, 22.103817824006672 ], [ 83.00654758896917, 22.098752110728032 ], [ 83.020381817665339, 22.060031411209476 ], [ 83.027006995702848, 22.018800706145502 ], [ 83.035751654082318, 21.979370183633716 ], [ 83.055591647545157, 21.940357565365204 ], [ 83.070806846391477, 21.925353640535072 ], [ 83.09544476334267, 21.916555538906177 ], [ 83.120077536989967, 21.907755024262087 ], [ 83.137042899043095, 21.922158540548825 ], [ 83.143658999809034, 21.948479037575154 ], [ 83.145203001000979, 21.974092928923927 ], [ 83.144053491733956, 21.988419914255086 ], [ 83.133833684734881, 22.019360188320462 ], [ 83.135811985748717, 22.035437867226609 ], [ 83.156222996695988, 22.056328387271719 ], [ 83.181415345265719, 22.089349651983252 ], [ 83.187348992533146, 22.120452491627535 ], [ 83.188742464717649, 22.143214618009932 ], [ 83.193271606427885, 22.16772545676255 ], [ 83.200297609051674, 22.183552511602247 ], [ 83.205080388569073, 22.195684001592223 ], [ 83.216732712940725, 22.204624941537098 ], [ 83.249700940936179, 22.199201408067633 ], [ 83.260473283621792, 22.193915606083792 ], [ 83.288404916974883, 22.172564962273558 ], [ 83.309997240958708, 22.162938241367058 ], [ 83.331352813785472, 22.165685660046652 ], [ 83.340112837502502, 22.176664479544133 ], [ 83.34124604009827, 22.1946787035304 ], [ 83.332677239989891, 22.218880422839625 ], [ 83.321629484939194, 22.267931643884395 ], [ 83.326280126577629, 22.32571217145691 ], [ 83.31682289082616, 22.368024673636054 ], [ 83.309427559420882, 22.395018669265585 ], [ 83.307908518717355, 22.435033372952418 ], [ 83.314209015889219, 22.454689297123426 ], [ 83.346677038340374, 22.472089126265512 ], [ 83.379899490490047, 22.469477263748459 ], [ 83.402426471642713, 22.457888982054815 ], [ 83.422964887846689, 22.431185619564012 ], [ 83.447005153666922, 22.411910957420847 ], [ 83.487981232607098, 22.38892667940339 ], [ 83.537675867062603, 22.375951645144504 ], [ 83.559913391877359, 22.360560901956045 ], [ 83.557805246194462, 22.328342828210161 ], [ 83.533227445793415, 22.307721967453361 ], [ 83.530494125154192, 22.28123782808095 ], [ 83.564246911818188, 22.241494409246723 ], [ 83.593119936760516, 22.220060574924357 ], [ 83.607458204572112, 22.207921320032703 ], [ 83.622361776582139, 22.189096968931054 ], [ 83.626771995194915, 22.164151321789205 ], [ 83.628750980669338, 22.149678383747844 ], [ 83.628341554097204, 22.149690250908911 ], [ 83.615971214129615, 22.14556606322277 ], [ 83.534695862567034, 22.104993014483803 ], [ 83.501570450857301, 22.091446289846346 ], [ 83.445689957001903, 22.068570812370684 ], [ 83.425823258139957, 22.05719910811575 ], [ 83.421848397043206, 22.042179637459885 ], [ 83.421651088455832, 22.023166947645585 ], [ 83.428318311558186, 22.017127701400891 ], [ 83.457649774333888, 22.003298313299652 ], [ 83.47474810045378, 21.98722495858371 ], [ 83.497667249551725, 21.944227284542571 ], [ 83.487369718986784, 21.924769113107804 ], [ 83.469345250604093, 21.878586453974112 ], [ 83.465948546728228, 21.848792077055304 ], [ 83.469106439894716, 21.827231176248606 ], [ 83.483946181048182, 21.79193388159451 ], [ 83.529403159928094, 21.780147269607223 ], [ 83.566594085658991, 21.764962817222255 ], [ 83.592105825417292, 21.771288346785351 ], [ 83.613843279185218, 21.796824520943865 ], [ 83.636917371279878, 21.811826684056477 ], [ 83.694544854006111, 21.832676951327226 ], [ 83.747618224075055, 21.829967670992914 ], [ 83.803640041884393, 21.841358114933229 ], [ 83.823320413571665, 21.865068023408657 ], [ 83.872524482700697, 21.864428113028836 ], [ 83.927310330113144, 21.842570354598799 ], [ 83.970229261762611, 21.83843396552356 ], [ 84.00405046245038, 21.848075474028477 ], [ 84.019102879536334, 21.876757412865661 ], [ 84.028563261765569, 21.897174691979441 ], [ 84.059454721416998, 21.936424561171965 ], [ 84.077756133259612, 21.939261595720069 ], [ 84.122575853406303, 21.918832443468109 ], [ 84.135458053264486, 21.887735004570644 ], [ 84.14679886023022, 21.863371910494063 ], [ 84.164347456414546, 21.855787256685979 ], [ 84.178159245545814, 21.858835529868731 ], [ 84.181700824978435, 21.859616942075409 ], [ 84.19306125904005, 21.878020257012071 ], [ 84.196224821870373, 21.908263687405807 ], [ 84.193864601599714, 21.959707876909881 ], [ 84.189823082853934, 22.001736813725778 ], [ 84.19144586254825, 22.024456398885416 ], [ 84.196620062206534, 22.054586937293738 ], [ 84.205661580863804, 22.068355364627497 ], [ 84.224467065018274, 22.077797581055975 ], [ 84.240587694294959, 22.077880597003709 ], [ 84.266922963926348, 22.066010021387363 ], [ 84.292042391141308, 22.051352078714338 ], [ 84.329361236412126, 22.024629909932791 ], [ 84.369170490244642, 21.963566002160466 ], [ 84.40475930822403, 21.873274607058331 ], [ 84.375105588847518, 21.787111348912795 ], [ 84.371332225254378, 21.735644444672655 ], [ 84.385066990887537, 21.692138361065329 ], [ 84.412674052514703, 21.658572199273635 ], [ 84.451456980021362, 21.649343115459796 ], [ 84.535543767747996, 21.593093879864394 ], [ 84.587754173461306, 21.563511868301802 ], [ 84.619395587584521, 21.559993291416518 ], [ 84.670132151505399, 21.560761191181776 ], [ 84.714767998008512, 21.579667356826757 ], [ 84.758869345538969, 21.591466211266436 ], [ 84.803735802347575, 21.588963755358598 ], [ 84.844760905222486, 21.561735646639246 ], [ 84.872961417916287, 21.538784092428916 ], [ 84.903862476455885, 21.526363553841332 ], [ 84.951985764935742, 21.518311145918595 ], [ 84.996796268153133, 21.515779089277174 ], [ 85.023949070151005, 21.526703859924943 ], [ 85.024722203662591, 21.488840833493924 ], [ 85.024859772935457, 21.45393356450397 ], [ 85.012607181015781, 21.423285781716082 ], [ 85.003932597238489, 21.408816602189866 ], [ 84.98935523012301, 21.395391323104803 ], [ 84.950299476044094, 21.37550327900804 ], [ 84.882397379189825, 21.331564491579037 ], [ 84.862993786149772, 21.313404987715099 ], [ 84.858886500353179, 21.299380068519508 ], [ 84.852616051135641, 21.276922022507765 ], [ 84.838389797903659, 21.18917324707283 ], [ 84.819095266048791, 21.189456906148802 ], [ 84.797776816471824, 21.184219161111361 ], [ 84.765334400669445, 21.170323222619491 ], [ 84.749943644605509, 21.154770734345131 ], [ 84.742953606254645, 21.141606846345855 ], [ 84.732258890389872, 21.109391089054427 ], [ 84.723574744256794, 21.093464623381706 ], [ 84.701277553271609, 21.084700723957301 ], [ 84.677569000622981, 21.086709572535639 ], [ 84.641187593294049, 21.098678501733779 ], [ 84.625099884034711, 21.114542783286584 ], [ 84.601536451906256, 21.112008418894316 ], [ 84.57315731528837, 21.104987703264129 ], [ 84.558581420326917, 21.096265630842947 ], [ 84.557242350564721, 21.07826688166065 ], [ 84.564750159424179, 21.045521512552085 ], [ 84.575008098183702, 21.023088983840108 ], [ 84.575088388522886, 20.997400387151099 ], [ 84.569511204569849, 20.989139905158694 ], [ 84.511514605214813, 20.983702301173061 ], [ 84.454616013982019, 20.993412630314882 ], [ 84.423940382954939, 20.995051060064576 ], [ 84.399646484269994, 20.988733623610582 ], [ 84.367217822825864, 20.965716729080047 ], [ 84.254062232996915, 20.880319446678588 ], [ 84.198043096859095, 20.844219537986572 ], [ 84.152110102282222, 20.824712164189691 ], [ 84.108000718721826, 20.817475333861882 ], [ 84.05005852753105, 20.810941969491509 ], [ 84.031286296233247, 20.804849410582857 ], [ 84.009540628711591, 20.797788740830626 ], [ 83.991018533509347, 20.787311432707444 ], [ 83.984298662360686, 20.775276164274349 ], [ 83.980303961352178, 20.759291677039378 ], [ 83.980493655385189, 20.715473844530418 ], [ 83.971847704789383, 20.688295462902285 ], [ 83.962978816187871, 20.657316208107105 ], [ 83.954769123720268, 20.636778988956152 ], [ 83.942617414131689, 20.616441230703089 ], [ 83.923404203628849, 20.60979834707474 ], [ 83.897179452856903, 20.617799840602903 ], [ 83.869907218311909, 20.641093816885487 ], [ 83.835997964324889, 20.66948284671459 ], [ 83.814621205236548, 20.676278228188096 ], [ 83.786795406996632, 20.674823641874685 ], [ 83.771750610225922, 20.671770638623371 ], [ 83.730834668771223, 20.683351786083016 ], [ 83.711813811653784, 20.696688628547985 ], [ 83.693491493522117, 20.705226155231379 ], [ 83.663133552286098, 20.711505373233731 ], [ 83.639295879465422, 20.710788278903941 ], [ 83.621985124015808, 20.703076162560841 ], [ 83.61456156511241, 20.694871534577157 ], [ 83.605409397824502, 20.657219417019213 ], [ 83.594122937403512, 20.532007280008621 ], [ 83.593181552314832, 20.515853774184261 ], [ 83.573272514458566, 20.496826527251891 ], [ 83.542681188770487, 20.481183023909502 ], [ 83.501024538316642, 20.46226675730388 ], [ 83.464257981865813, 20.44214961529552 ], [ 83.44992706532625, 20.416163155236326 ], [ 83.445896656410056, 20.397296573134295 ], [ 83.445361951733318, 20.387790598695709 ], [ 83.444294029989223, 20.368778090944542 ], [ 83.45457764765402, 20.340629852628041 ], [ 83.479744063086414, 20.313656749782496 ], [ 83.534106714925841, 20.274580337476685 ], [ 83.532991212334395, 20.272470973681965 ], [ 83.532329485686319, 20.225783872084936 ], [ 83.535911119728482, 20.201769084506797 ], [ 83.553100986770446, 20.174220525620786 ], [ 83.573552632589966, 20.15222958264377 ], [ 83.607881556943809, 20.131799414129215 ], [ 83.615502923929753, 20.127261377826809 ], [ 83.67324237227956, 20.103403735972392 ], [ 83.685351974733123, 20.091353352294909 ], [ 83.687044241665149, 20.069330720150628 ], [ 83.682471833577281, 20.040943021548554 ], [ 83.657840171237382, 19.970626629374941 ], [ 83.606019560722515, 19.922645895684543 ], [ 83.586612639047161, 19.909299990072835 ], [ 83.537084053461072, 19.902215588160484 ], [ 83.480266227126137, 19.90597430759372 ], [ 83.435148051593629, 19.908191431474364 ], [ 83.389867224628517, 19.907545812269671 ], [ 83.369795065378938, 19.899940025092356 ], [ 83.350752522520096, 19.874157681190329 ], [ 83.338494627070489, 19.846135780865104 ], [ 83.324146816236222, 19.737124954676556 ], [ 83.319907481792555, 19.630482138247444 ], [ 83.308218245742808, 19.590985187548817 ], [ 83.299900313313699, 19.580897287034549 ], [ 83.282828077142227, 19.572189508435414 ], [ 83.263979082057659, 19.567382683391457 ], [ 83.24891200081683, 19.559529398210749 ], [ 83.241238400663022, 19.541778608927366 ], [ 83.237356793806512, 19.52098306778846 ], [ 83.230354080838481, 19.473635874580733 ], [ 83.178989424199301, 19.440838699577991 ], [ 83.15876080177577, 19.425605270601533 ], [ 83.155156691980494, 19.409570395237491 ], [ 83.156020894228732, 19.38283433286448 ], [ 83.17681576266196, 19.33988801923579 ], [ 83.187498741453595, 19.312685541506401 ], [ 83.188057251323329, 19.275496841781226 ], [ 83.1865268971181, 19.260328056864239 ], [ 83.176999561040816, 19.239833112573276 ], [ 83.165737621569264, 19.225139075907499 ], [ 83.148224245587713, 19.198370171690591 ], [ 83.13368200734115, 19.17146423972568 ], [ 83.129284415415256, 19.155496732606785 ], [ 83.131684268132261, 19.102110128636802 ], [ 83.135473576021639, 19.020157982409842 ], [ 83.128591760418999, 18.975812789483939 ], [ 83.12307752652201, 18.946615888470113 ], [ 83.114855935356715, 18.927053169299089 ], [ 83.096893296339857, 18.908903405678775 ], [ 83.083121563670204, 18.904805323440282 ], [ 83.065535637100339, 18.905637523305884 ], [ 83.041128403800826, 18.907740975562191 ], [ 83.011890861027894, 18.91292089134862 ], [ 82.994226043670935, 18.909951384129378 ], [ 82.965169539978461, 18.875204837221879 ], [ 82.946904749913287, 18.841850821871532 ], [ 82.936004628543415, 18.834758583054104 ], [ 82.920384179684419, 18.836438797262787 ], [ 82.902919406381571, 18.843906610633422 ], [ 82.888610590248788, 18.862631624605964 ], [ 82.883120214060639, 18.881896414815625 ], [ 82.880640632404862, 18.904823474207195 ], [ 82.88092885801224, 18.919067893102763 ], [ 82.881507460692063, 18.946609089202735 ], [ 82.866777194506994, 18.988183751117404 ], [ 82.852379707380223, 19.0002696447952 ], [ 82.796107606043279, 19.020971865713829 ], [ 82.7827178883513, 19.033961988862245 ], [ 82.777319457345698, 19.053238179030728 ], [ 82.778776020936064, 19.072195608167551 ], [ 82.787360753241671, 19.101286011274169 ], [ 82.812444115518716, 19.159107103274653 ], [ 82.81702736270762, 19.181737313411613 ], [ 82.814938056002191, 19.209445742204252 ], [ 82.799618215634879, 19.220638578416043 ], [ 82.773327361547771, 19.225678613512944 ], [ 82.723666817701542, 19.23561552894073 ], [ 82.666427965010769, 19.254466992261563 ], [ 82.545481083140913, 19.30672173802321 ], [ 82.529315137110558, 19.322705065359713 ], [ 82.520172382295343, 19.343129849352746 ], [ 82.511889255311715, 19.359705263350634 ], [ 82.496022710729321, 19.384250114070777 ], [ 82.451998525654858, 19.418653477250047 ], [ 82.404468086667904, 19.465596772537012 ], [ 82.390288340128208, 19.536760259827748 ], [ 82.399271186532701, 19.566853786897759 ], [ 82.415337208129614, 19.601394932378081 ], [ 82.432713852095063, 19.628883969890786 ], [ 82.435256596516552, 19.632903792539256 ], [ 82.441132849033352, 19.657422697257633 ], [ 82.438315007473506, 19.68614858560759 ], [ 82.418322859337309, 19.704210405316307 ], [ 82.36415292799478, 19.756217236949865 ], [ 82.349295913357963, 19.779761509347932 ], [ 82.337622312501694, 19.808881975844777 ], [ 82.333121066119432, 19.844354503290589 ], [ 82.329114285708002, 19.867412218178927 ], [ 82.295940541703658, 19.902254284903929 ], [ 82.174552177959853, 20.006751721163834 ], [ 82.070648720295324, 20.082772591360438 ], [ 82.027302079659478, 20.089414773796605 ], [ 81.980294899657807, 20.079050390553242 ], [ 81.959417207423712, 20.052308197144811 ], [ 81.949069692420196, 20.015582852834683 ], [ 81.950911942612066, 19.991535338444312 ], [ 81.951708147140835, 19.981159746908091 ], [ 81.969078820674056, 19.943244213672759 ], [ 82.046263701076086, 19.864615661141936 ], [ 82.06669150622929, 19.82941650742308 ], [ 82.074039100286086, 19.788114171687017 ], [ 82.075674812505596, 19.643184908652795 ], [ 82.093846973104931, 19.541383363032807 ], [ 82.118387159843167, 19.479327538883602 ], [ 82.141585850419503, 19.435433876551009 ], [ 82.188251588785434, 19.385737216750826 ], [ 82.24561090683045, 19.33174700616653 ], [ 82.280619765060464, 19.286370667376481 ], [ 82.290659692008362, 19.260209742085031 ], [ 82.293416041025253, 19.219146751546191 ], [ 82.285485385813047, 19.104344678918057 ], [ 82.290187173949462, 19.013743530832734 ], [ 82.286034901507776, 18.959706452477427 ], [ 82.275379052492781, 18.920235752526608 ], [ 82.257156958938921, 18.893470954579268 ], [ 82.182556565731574, 18.84734306229344 ], [ 82.143660510176176, 18.818634489843021 ], [ 82.133264987550163, 18.789613540919099 ], [ 82.126802675950728, 18.760419437670073 ], [ 82.130608558953469, 18.702247206942065 ], [ 82.134162192165121, 18.629829578805506 ], [ 82.130860267921975, 18.61096028573678 ], [ 82.124806383721307, 18.602670335465959 ], [ 82.107997952532045, 18.597705192623604 ], [ 82.056951738175229, 18.602794893187337 ], [ 82.016704859351492, 18.607403595511613 ], [ 81.984208764465535, 18.605964324030428 ], [ 81.952495510110921, 18.594027772752863 ], [ 81.891111353315765, 18.574807123758323 ], [ 81.811353031380193, 18.574418533503245 ], [ 81.772781140540417, 18.565600635261728 ], [ 81.751831413244787, 18.55127610528503 ], [ 81.725465797743169, 18.510556814463417 ], [ 81.600783550680646, 18.429268772341356 ], [ 81.52984804940219, 18.3789731871443 ], [ 81.508384674619904, 18.339932823135278 ], [ 81.501947996029358, 18.170027926239605 ], [ 81.494960196270867, 18.116119222728173 ], [ 81.487583299708604, 18.091700118326049 ], [ 81.475251958548412, 18.065581528903838 ], [ 81.44821382555098, 18.042916406945171 ], [ 81.42826932684666, 18.030418393002968 ], [ 81.410186000329034, 18.012136787411755 ], [ 81.401896437099794, 17.990601808605753 ], [ 81.398284910177139, 17.955561148525778 ], [ 81.398847259900521, 17.932712955208157 ], [ 81.414128920305217, 17.906410954973587 ], [ 81.421543780358263, 17.900786591365101 ], [ 81.428705881021997, 17.895353736985481 ], [ 81.452212094064564, 17.887734349148651 ], [ 81.480759896782189, 17.886563276349996 ], [ 81.533222376839944, 17.900571044912692 ], [ 81.65796943734253, 17.936280532403835 ], [ 81.72418641233827, 17.949667264710655 ], [ 81.756736924520752, 17.953048171734334 ], [ 81.778184148031983, 17.941677921203691 ], [ 81.793556800851007, 17.921052082865586 ], [ 81.809848469309145, 17.89658055507579 ], [ 81.812358562883659, 17.871742447547415 ], [ 81.80382185374765, 17.834055497099069 ], [ 81.788093519546919, 17.809376724730505 ], [ 81.782527909167044, 17.809433785143106 ], [ 81.746658187581531, 17.799062281567906 ], [ 81.704431725017116, 17.777061166853517 ], [ 81.683136291401155, 17.755362311446646 ], [ 81.667775756736162, 17.720329966461584 ], [ 81.64936488017311, 17.64855211490972 ], [ 81.620379038351146, 17.606945956788646 ], [ 81.549662363018228, 17.574208347227376 ], [ 81.536072665238706, 17.567639667615335 ], [ 81.52356140374863, 17.57822452587985 ], [ 81.458899652501572, 17.601587555377606 ], [ 81.414852376910304, 17.619806158156926 ], [ 81.369178630013778, 17.628804540309471 ], [ 81.316212419310133, 17.643796511235017 ], [ 81.262590375144825, 17.663796066902449 ], [ 81.221966057913988, 17.665424597415583 ], [ 81.190859559717353, 17.661672058352785 ], [ 81.149256537543479, 17.649056464249593 ], [ 81.12252141599761, 17.641553686231362 ], [ 81.100206600789448, 17.633159910658165 ], [ 81.075804590403493, 17.632694691902962 ], [ 81.057406213793641, 17.637699062549267 ], [ 81.039149214595014, 17.651258067771948 ], [ 81.032832130492721, 17.671482650973036 ], [ 81.030390929911789, 17.702256528981668 ], [ 81.009502612938263, 17.777980616016173 ], [ 80.994604651650334, 17.814229548984521 ], [ 80.989155178387762, 17.840835249801284 ], [ 80.989620548363021, 17.867209989332366 ], [ 80.995428072661397, 17.902648893594908 ], [ 80.995915451758279, 17.929734404874296 ], [ 80.985179463555298, 17.949409965721948 ], [ 80.969128674234668, 17.961445210739107 ], [ 80.948682269503053, 17.975788987223101 ], [ 80.930504787220542, 17.992895885394752 ], [ 80.916232908666274, 18.02126157646655 ], [ 80.916654881316802, 18.044067257611118 ], [ 80.906097764433611, 18.07300071867807 ], [ 80.898219514797731, 18.0868538137446 ], [ 80.876294756416698, 18.101245811088393 ], [ 80.850631687009141, 18.113639097862546 ], [ 80.818325099688721, 18.126995682803777 ], [ 80.799326582774853, 18.139841801263884 ], [ 80.78555761740553, 18.155340073447764 ], [ 80.758303245980272, 18.201297169985359 ], [ 80.717597556023222, 18.279129150792343 ], [ 80.648237522017752, 18.331639452109446 ], [ 80.609646305687875, 18.36801237683391 ], [ 80.59156273159266, 18.392212103596396 ], [ 80.592019150440265, 18.417863406896281 ], [ 80.591706733826427, 18.44211800691933 ], [ 80.582469570472043, 18.464564776772491 ], [ 80.551645139039834, 18.481391218615951 ], [ 80.493077613622333, 18.522762715182488 ], [ 80.480122675448257, 18.545342696706829 ], [ 80.468731616040756, 18.572857208810586 ], [ 80.454401443249338, 18.601905209965217 ], [ 80.434058702443011, 18.626179214821203 ], [ 80.420823227244782, 18.635546204044125 ], [ 80.41281525038751, 18.641212963601177 ], [ 80.384050718607298, 18.650097522700044 ], [ 80.352186313701168, 18.651244716519553 ], [ 80.328627881176729, 18.661361067011818 ], [ 80.311164950320574, 18.681241577788771 ], [ 80.271832998041802, 18.717032346649589 ], [ 80.232290838075699, 18.747675194493954 ], [ 80.161090564681132, 18.793685656661179 ], [ 80.113845915651666, 18.853105355546518 ], [ 80.106763456457898, 18.873322406618495 ], [ 80.101080839664064, 18.888498061963816 ], [ 80.101419401538109, 18.90845793754136 ] ], [ [ 80.633104170172558, 20.623588935963255 ], [ 80.101419401538109, 18.90845793754136 ], [ 80.370231847840756, 18.912682558629232 ], [ 80.365045315610161, 18.838365618438491 ], [ 80.370263646700593, 18.912889521734368 ], [ 80.633104170172558, 20.623588935963255 ] ], [ [ 78.658879728731762, 22.534181791987791 ], [ 78.658879912806682, 22.534181852613489 ], [ 78.65945408277301, 22.539291911282483 ], [ 78.658879728731762, 22.534181791987791 ] ], [ [ 78.658879728731762, 22.534181791987791 ], [ 78.656900781333718, 22.516567768747219 ], [ 78.658879882697676, 22.534181584646209 ], [ 78.658879728731762, 22.534181791987791 ] ], [ [ 81.1065579125234, 22.150875850558119 ], [ 81.702147525629655, 21.815106383863803 ], [ 82.950435818437242, 21.865442957698171 ], [ 81.126006868243337, 22.213615106617432 ], [ 81.1065579125234, 22.150875850558119 ] ], [ [ 82.950435818437242, 21.865442957698171 ], [ 82.959906744620213, 21.822762600027673 ], [ 82.958847314458978, 21.827537638809865 ], [ 82.950435818437242, 21.865442957698171 ] ], [ [ 81.780265590072545, 21.771066561375328 ], [ 82.87899638535437, 21.151646334672037 ], [ 84.18598873509508, 21.170339045422921 ], [ 83.288126688514453, 21.645166194208763 ], [ 83.298177619902788, 21.662207337007846 ], [ 83.288124269324783, 21.645167473577832 ], [ 81.780265590072545, 21.771066561375328 ] ], [ [ 84.18598873509508, 21.170339045422921 ], [ 84.180103111326787, 21.163964469872912 ], [ 84.197073723278706, 21.182340693627257 ], [ 84.18598873509508, 21.170339045422921 ] ], [ [ 81.117512013569652, 21.126453422565636 ], [ 81.117511662619634, 21.126453437084908 ], [ 81.116166394087116, 21.12372088646417 ], [ 81.117512013569652, 21.126453422565636 ] ], [ [ 81.117511662619634, 21.126453437084908 ], [ 81.11751202325955, 21.126453442242809 ], [ 81.128132256668906, 21.148019844612659 ], [ 81.117511662619634, 21.126453437084908 ] ], [ [ 79.774747909280208, 22.901696759262151 ], [ 80.040401185365567, 22.989190566119202 ], [ 79.425746809499515, 23.098449540993734 ], [ 79.774747909280208, 22.901696759262151 ] ], [ [ 80.040401185365567, 22.989190566119202 ], [ 80.035364971419526, 23.00581846907275 ], [ 80.034007175453269, 23.010300954746153 ], [ 80.040401185365567, 22.989190566119202 ] ], [ [ 79.425746809499515, 23.098449540993734 ], [ 79.426222686241275, 23.106535802021966 ], [ 79.426047693572372, 23.103562669266907 ], [ 79.425746809499458, 23.098449540993705 ], [ 79.425746809499515, 23.098449540993734 ] ], [ [ 79.311018621686856, 21.655964613749447 ], [ 79.304361863854382, 21.658258622075234 ], [ 79.334378494058768, 21.647911588936495 ], [ 79.311018621686856, 21.655964613749447 ] ], [ [ 80.904974413805292, 21.500599356255357 ], [ 80.902573849275527, 21.492855514637927 ], [ 80.957131138996075, 21.495515562163085 ], [ 80.904974413805292, 21.500599356255357 ] ], [ [ 80.957119332010919, 21.495505271476858 ], [ 80.902573672798397, 21.492854945350594 ], [ 80.883506000840114, 21.431345650421267 ], [ 80.957119332010919, 21.495505271476858 ] ], [ [ 83.066726212420903, 21.045811809472724 ], [ 83.293364394177374, 20.918042318960531 ], [ 84.051339929801003, 21.005077015682623 ], [ 83.066726212420903, 21.045811809472724 ] ], [ [ 81.399147971154861, 21.802888084987263 ], [ 81.399147971154832, 21.802888084987266 ], [ 81.423845507040554, 21.797552849216572 ], [ 81.399147971154861, 21.802888084987263 ] ] ], [ [ [ 84.051339929801003, 21.005077015682623 ], [ 83.979709647058797, 21.004480712252676 ], [ 83.99251734727072, 21.004588763681483 ], [ 84.051339929801003, 21.005077015682623 ] ] ], [ [ [ 80.370263646700593, 18.912889521734368 ], [ 80.370231847840756, 18.912682558629232 ], [ 80.378000241592844, 19.02337719290702 ], [ 80.370263646700593, 18.912889521734368 ] ] ], [ [ [ 83.288124269324783, 21.645167473577832 ], [ 83.288126688514453, 21.645166194208763 ], [ 83.275810637527201, 21.624284588764912 ], [ 83.288124269324783, 21.645167473577832 ] ] ] ] } },
{ "type": "Feature", "properties": { "state_name": "Coorg", "id": 8 }, "geometry": { "type": "Polygon", "coordinates": [ [ [ 76.032455760074299, 12.834660443122997 ], [ 76.075324478864303, 12.766858516921802 ], [ 76.090669955672183, 12.735362338359149 ], [ 76.09277852084324, 12.717172230434626 ], [ 76.089395707917163, 12.667439472649528 ], [ 76.068700234622312, 12.607996807061703 ], [ 76.049848900635652, 12.581305928185829 ], [ 76.032063139842208, 12.544939115081496 ], [ 76.031828479843639, 12.531616874162902 ], [ 76.035032517954022, 12.504979582852629 ], [ 76.106692070671087, 12.404542303822932 ], [ 76.133080495639263, 12.374286217590162 ], [ 76.162712785869743, 12.319812015341849 ], [ 76.189306043935318, 12.231443499585762 ], [ 76.191429629754737, 12.141897977515123 ], [ 76.191852842689414, 12.010059968382444 ], [ 76.177227360662826, 12.012500617364699 ], [ 76.074375244061585, 11.998144477028033 ], [ 75.975483147584185, 11.997064738066241 ], [ 75.886549068462216, 12.004408328828847 ], [ 75.850323478985146, 12.027386032938255 ], [ 75.793337577130032, 12.127658081396458 ], [ 75.781790805492449, 12.16993488248786 ], [ 75.763849049584266, 12.192886632134112 ], [ 75.733546497999768, 12.204964921803626 ], [ 75.6764430865165, 12.2182407099725 ], [ 75.63899367738702, 12.241172323458674 ], [ 75.610286500577615, 12.278591381265098 ], [ 75.586517677395463, 12.320837122985619 ], [ 75.535585136745624, 12.341289179404512 ], [ 75.479523956608475, 12.345992771286008 ], [ 75.452552960229298, 12.337464501415379 ], [ 75.401202000021684, 12.393998757610639 ], [ 75.36802578421829, 12.431564265675105 ], [ 75.33532166463749, 12.503911685762555 ], [ 75.333076580220975, 12.553190408543879 ], [ 75.33814654778655, 12.601054403816248 ], [ 75.37266256594306, 12.656293563582347 ], [ 75.400781808992221, 12.673803342193033 ], [ 75.447714788247296, 12.67396748053859 ], [ 75.513500825060717, 12.661104293211528 ], [ 75.573507043692601, 12.655434773100124 ], [ 75.624971457622237, 12.665696209338309 ], [ 75.666371356582488, 12.687549198624072 ], [ 75.687391468381833, 12.71807720425719 ], [ 75.690814274046403, 12.748573909087137 ], [ 75.68523407758812, 12.758791152867573 ], [ 75.742400946944045, 12.780480312747706 ], [ 75.775541152341788, 12.786618258845278 ], [ 75.806099223137636, 12.784275929320229 ], [ 75.841476591627085, 12.777101696795953 ], [ 75.862291438174864, 12.77715638374711 ], [ 75.874621526121828, 12.782035063964138 ], [ 75.885835434784184, 12.792970165845867 ], [ 75.888606031749418, 12.811154372674022 ], [ 75.888906852196271, 12.828121801742888 ], [ 75.866229273795355, 12.861985951899056 ], [ 75.844688096637043, 12.891002976014859 ], [ 75.831658433457832, 12.916411315189302 ], [ 75.829508108888007, 12.933374016669189 ], [ 75.829896767708334, 12.955197287999502 ], [ 75.858403853558343, 12.972287142731609 ], [ 75.890316167477167, 12.9736328522044 ], [ 75.929600865811523, 12.975016073807115 ], [ 75.955793056144941, 12.996986106465979 ], [ 75.968566582016678, 13.022550510856062 ], [ 75.989809043974859, 13.040884678782636 ], [ 76.007159084849718, 13.048272346181321 ], [ 76.032973054754819, 13.048421237047005 ], [ 76.058518901438788, 13.035197602506569 ], [ 76.06534686684256, 13.008488650383734 ], [ 76.057478207984133, 12.984135130691175 ], [ 76.03945531939064, 12.942736275287542 ], [ 76.025402869216592, 12.91474205663074 ], [ 76.020048001194425, 12.891653657203721 ], [ 76.022037549256765, 12.867386844499549 ], [ 76.032455760074299, 12.834660443122997 ] ] ] } },
{ "type": "Feature", "properties": { "state_name": "Daman", "id": 9 }, "geometry": { "type": "Polygon", "coordinates": [ [ [ 72.963934036491565, 20.521022333690897 ], [ 72.869969654925924, 20.512156892904144 ], [ 72.871701007470193, 20.524302570652985 ], [ 72.877785520707306, 20.532241915380713 ], [ 72.880684140626258, 20.542791506978414 ], [ 72.88097398852247, 20.558566223990095 ], [ 72.877259940085622, 20.572523019601881 ], [ 72.879899620757001, 20.600085251073217 ], [ 72.888635114884764, 20.628822828008563 ], [ 72.888846412998276, 20.633952303553023 ], [ 72.935869952293956, 20.6346196906145 ], [ 72.965508817185381, 20.633786408144463 ], [ 72.992978011582565, 20.623907570956117 ], [ 73.008343229003557, 20.609908180237479 ], [ 73.014602910087916, 20.595257732685933 ], [ 73.016324109527304, 20.579238056704341 ], [ 73.013569970002933, 20.556976147157915 ], [ 73.00237911117091, 20.541718174454125 ], [ 72.991877113731135, 20.532024878369679 ], [ 72.963934036491565, 20.521022333690897 ] ] ] } },
{ "type": "Feature", "properties": { "state_name": "Goa", "id": 10 }, "geometry": { "type": "Polygon", "coordinates": [ [ [ 74.299840402997091, 15.138133526611263 ], [ 74.271705246410519, 15.117198699783055 ], [ 74.245785034314167, 15.11187297903907 ], [ 74.215996372941405, 15.114258368777888 ], [ 74.195169918009697, 15.117776205380627 ], [ 74.175252558136421, 15.114511571018619 ], [ 74.162259176785398, 15.108457158106809 ], [ 74.157110291359785, 15.093801816213682 ], [ 74.154980055075001, 15.082113733044036 ], [ 74.151786742180349, 15.064584158201475 ], [ 74.144681565595988, 15.051844686837349 ], [ 74.126576026143809, 15.032130916840524 ], [ 74.109607259544163, 15.024086627902976 ], [ 74.084778614210265, 15.022706197437337 ], [ 74.052119439878766, 15.015564807272122 ], [ 74.049507711866511, 15.018919231685238 ], [ 74.025827352185743, 15.031017518717912 ], [ 74.011762934565809, 15.038849897390561 ], [ 73.991035331171318, 15.050239580666622 ], [ 73.978448704368986, 15.057358758901437 ], [ 73.968787324181804, 15.070230850109747 ], [ 73.953132552612786, 15.100295771556834 ], [ 73.934507828596438, 15.132497883320971 ], [ 73.927119742115536, 15.165491781350619 ], [ 73.935175887268358, 15.181045251960629 ], [ 73.946768441936356, 15.220047036834636 ], [ 73.953310856939254, 15.250483386653745 ], [ 73.942337924878046, 15.269694761663024 ], [ 73.934894699292883, 15.275668436928699 ], [ 73.940341777351279, 15.277017811649596 ], [ 73.943240899141216, 15.288511912154368 ], [ 73.925251209595686, 15.337217598272757 ], [ 73.902905458708602, 15.368679434242312 ], [ 73.877648386778034, 15.39007879345503 ], [ 73.855360336405511, 15.408620241973512 ], [ 73.842764955687556, 15.414648176947278 ], [ 73.849411474863345, 15.414772335647701 ], [ 73.884329332229967, 15.422712806560744 ], [ 73.891890138748067, 15.43135281019431 ], [ 73.883419505203847, 15.453038904161678 ], [ 73.880673580840579, 15.45494022946386 ], [ 73.902314007453228, 15.457886778303351 ], [ 73.910907338037745, 15.465104249817987 ], [ 73.904682509232728, 15.476434066903245 ], [ 73.898447475220067, 15.489557363599893 ], [ 73.878613801432692, 15.508591004058426 ], [ 73.841465988156926, 15.535305202441762 ], [ 73.794402125322463, 15.568535290562108 ], [ 73.787564861055003, 15.577466173505849 ], [ 73.780705824852276, 15.589984034186326 ], [ 73.778777487961705, 15.6031269579848 ], [ 73.778664220518664, 15.622258844378239 ], [ 73.778529512304388, 15.644977915243995 ], [ 73.77842656022753, 15.662316121081487 ], [ 73.773985792513415, 15.682619469880182 ], [ 73.75899028752697, 15.713026942934507 ], [ 73.735333024503078, 15.745774435718786 ], [ 73.703649347849165, 15.777275340605371 ], [ 73.701336019160266, 15.780506381715858 ], [ 73.710870743159759, 15.786689426101564 ], [ 73.981007846652687, 16.003870858610792 ], [ 74.082868830648735, 16.124792774404124 ], [ 74.137844318055031, 16.157375815950104 ], [ 74.159816651311331, 16.126409215574281 ], [ 74.164994469701099, 16.087143705989515 ], [ 74.171653270975824, 16.068654011246974 ], [ 74.191138600590563, 16.036824987770427 ], [ 74.211162655306822, 16.029649738558188 ], [ 74.236355296510567, 16.027600344521716 ], [ 74.256528449965643, 16.026371158356739 ], [ 74.270498933576832, 16.018993621008921 ], [ 74.296575465611099, 15.968614572465485 ], [ 74.309245182485668, 15.949335588037346 ], [ 74.328325965953738, 15.945097318679727 ], [ 74.349506604335744, 15.943911311750792 ], [ 74.366378738369889, 15.931698500076038 ], [ 74.37407474572683, 15.916172234266318 ], [ 74.37565872568652, 15.898444503798094 ], [ 74.375252051914629, 15.88164077195718 ], [ 74.371870519252838, 15.866715013377162 ], [ 74.362558276047992, 15.856525162064282 ], [ 74.350208429753621, 15.845260305371582 ], [ 74.310591466989706, 15.829192298550185 ], [ 74.280094580183004, 15.813495967518337 ], [ 74.269607951280278, 15.791580577313859 ], [ 74.267348218490611, 15.778758073280338 ], [ 74.270001286766728, 15.760198331740352 ], [ 74.284631823622703, 15.738063077288651 ], [ 74.29456047295173, 15.732463392311699 ], [ 74.338705883491016, 15.730809561524119 ], [ 74.395832681739265, 15.723705657055202 ], [ 74.408718652853366, 15.715256736836281 ], [ 74.419398943474789, 15.697886592918167 ], [ 74.420170846411054, 15.687094055048059 ], [ 74.41776170935951, 15.668345549127318 ], [ 74.4072237705075, 15.644460888799342 ], [ 74.395802040294484, 15.625486384839066 ], [ 74.38854406434389, 15.613512872538708 ], [ 74.384244088013702, 15.598688234087081 ], [ 74.38191739938371, 15.581965027171954 ], [ 74.388207708032667, 15.543930023811123 ], [ 74.414734591921246, 15.463364634491557 ], [ 74.415043440334927, 15.425228316253575 ], [ 74.40889819826036, 15.359614459500614 ], [ 74.386496962732153, 15.272275492468546 ], [ 74.338251585350037, 15.179726093713487 ], [ 74.299840402997091, 15.138133526611263 ] ] ] } },
{ "type": "Feature", "properties": { "state_name": "Hyderabad", "id": 11 }, "geometry": { "type": "MultiPolygon", "coordinates": [ [ [ [ 76.049433265038488, 17.897891028012236 ], [ 76.018745721059858, 17.908937752782858 ], [ 76.003937989927962, 17.928163027965272 ], [ 75.984098942497965, 17.937100934074447 ], [ 75.96021513517482, 17.933842198630515 ], [ 75.908304396692387, 17.899062628074542 ], [ 75.893348324761732, 17.892771975104939 ], [ 75.866512721954876, 17.896189438692478 ], [ 75.851643594692334, 17.905016570507492 ], [ 75.842772810049553, 17.919382202738134 ], [ 75.828931287758024, 17.934797791369128 ], [ 75.804069286946472, 17.936278035541108 ], [ 75.802066806958464, 17.93524486780537 ], [ 75.767153471319844, 17.917231923582349 ], [ 75.752138830527883, 17.901491837047779 ], [ 75.735125037355544, 17.884847766705033 ], [ 75.720172854992981, 17.880443482531945 ], [ 75.697306493067984, 17.883768658024874 ], [ 75.684422959889304, 17.892549040657713 ], [ 75.673550287634882, 17.905064719986143 ], [ 75.654746923076587, 17.923415832876881 ], [ 75.64388424865443, 17.938760541779139 ], [ 75.627047637475854, 17.954229631438992 ], [ 75.601255472899567, 17.970829692867749 ], [ 75.581448060223252, 17.99107530217168 ], [ 75.560835108919591, 18.057571634182946 ], [ 75.549996352013181, 18.087042016817229 ], [ 75.529186229745875, 18.1148257271308 ], [ 75.516317960924354, 18.138664253137122 ], [ 75.505428014653049, 18.160570380204089 ], [ 75.491531425971189, 18.176879401089888 ], [ 75.4756459076102, 18.196052413543921 ], [ 75.451784209065366, 18.212558681050741 ], [ 75.430890991409385, 18.221464885260964 ], [ 75.409990642001418, 18.227544079792974 ], [ 75.388103512826731, 18.240233365157554 ], [ 75.37618556325863, 18.263071477422653 ], [ 75.363274433546621, 18.297215974390163 ], [ 75.353340533664323, 18.364205285768282 ], [ 75.349351551257072, 18.392494077652554 ], [ 75.32045359394543, 18.41939229018838 ], [ 75.302516735363596, 18.428206796025226 ], [ 75.291549551868854, 18.441581931536867 ], [ 75.280577076590134, 18.459654463087258 ], [ 75.27159948554187, 18.472047024973048 ], [ 75.255638520311763, 18.491151420046396 ], [ 75.230712135433279, 18.502908991415843 ], [ 75.204775214764609, 18.523136833233867 ], [ 75.191796310301939, 18.539353823157924 ], [ 75.180801576990049, 18.56022619788002 ], [ 75.175763711234225, 18.59412995381977 ], [ 75.170374791285838, 18.615943336561099 ], [ 75.162706707904533, 18.646958128317255 ], [ 75.157679262126791, 18.667706785998785 ], [ 75.14468100036018, 18.683906066465202 ], [ 75.129698099017986, 18.694506862588568 ], [ 75.112693848069469, 18.71546684540235 ], [ 75.082682133493563, 18.749794321167929 ], [ 75.037692964942892, 18.783436550556143 ], [ 75.013661207240261, 18.81106374990188 ], [ 74.977240149085333, 18.835178585768681 ], [ 74.930991918149218, 18.859420550539692 ], [ 74.912213047548164, 18.876147780437826 ], [ 74.903392584180736, 18.898558517543535 ], [ 74.893273264771167, 18.932702217143216 ], [ 74.86682531628135, 18.988192143267646 ], [ 74.84792730826932, 19.025974535667086 ], [ 74.847801463599936, 19.052907737044041 ], [ 74.855216539168694, 19.069181571221847 ], [ 74.875125482764247, 19.084086525095067 ], [ 74.942446588707483, 19.108800172502651 ], [ 74.967342604953572, 19.127168987183403 ], [ 74.978450108184347, 19.157482575095727 ], [ 74.982037411718721, 19.193780968961214 ], [ 74.986823480325839, 19.241800591555268 ], [ 74.999259316096868, 19.255700671141309 ], [ 75.024254641823063, 19.255344568784803 ], [ 75.120559729984649, 19.232831453486167 ], [ 75.195570035759317, 19.218818867649681 ], [ 75.25799813174649, 19.229656030464465 ], [ 75.317808184306102, 19.285226280212264 ], [ 75.34775822177302, 19.300087847276352 ], [ 75.376470932271744, 19.311441631295985 ], [ 75.405194356591551, 19.319267149937481 ], [ 75.42767588246619, 19.324829197825085 ], [ 75.451381352325612, 19.343324387287289 ], [ 75.468834519972106, 19.365446155456059 ], [ 75.478795724851224, 19.385323776826446 ], [ 75.47876666302939, 19.400634199716855 ], [ 75.474578022959236, 19.412467356761308 ], [ 75.472481949959516, 19.418388308251973 ], [ 75.45370651384313, 19.429248767714125 ], [ 75.42742347098563, 19.441386873982349 ], [ 75.381110376867213, 19.460854597584586 ], [ 75.358527965131401, 19.489410372529616 ], [ 75.354736934732173, 19.50476467842407 ], [ 75.354648427599045, 19.540085952013964 ], [ 75.358349484983592, 19.561232465235907 ], [ 75.36328861021677, 19.588253602947717 ], [ 75.358406362602651, 19.601355166131306 ], [ 75.354469677366879, 19.611917887604651 ], [ 75.341917069068998, 19.626206289342726 ], [ 75.326886440853556, 19.629925117832716 ], [ 75.303121075434674, 19.623153167488663 ], [ 75.286877615904899, 19.612757369228348 ], [ 75.249374606249333, 19.596739623274772 ], [ 75.230602904528453, 19.595792910678039 ], [ 75.206808879916551, 19.599612942452676 ], [ 75.187996894012045, 19.610429249389721 ], [ 75.141554922698987, 19.64509549764162 ], [ 75.101445999605374, 19.656145597127715 ], [ 75.071401227288575, 19.654137683562453 ], [ 75.017552882519027, 19.654748370470916 ], [ 74.972389320323515, 19.672880988095748 ], [ 74.91575044235752, 19.73106696546207 ], [ 74.869207925316843, 19.767966013029447 ], [ 74.787553075487239, 19.804006343771764 ], [ 74.719579387727862, 19.8527792222824 ], [ 74.671522354117101, 19.920110107055404 ], [ 74.647324052833085, 19.979001692949321 ], [ 74.648339294644899, 20.017736767935968 ], [ 74.655689785764736, 20.047037718671167 ], [ 74.671802894478716, 20.080980723984165 ], [ 74.699209949798785, 20.117206119951693 ], [ 74.725304422529277, 20.165213044388807 ], [ 74.735046670448952, 20.219232090068619 ], [ 74.753521641233618, 20.286154581604148 ], [ 74.773421639948538, 20.324857688473195 ], [ 74.787218834977523, 20.330656952452795 ], [ 74.813625331430927, 20.329315853106834 ], [ 74.845100582503065, 20.319697929412722 ], [ 74.865276463995585, 20.306615777854734 ], [ 74.881667378650675, 20.295909777874524 ], [ 74.904323421111954, 20.288689484463642 ], [ 74.930710076376883, 20.28968145540442 ], [ 74.962041666563167, 20.309479670093559 ], [ 74.983254312091177, 20.345845851391498 ], [ 74.984336437963861, 20.387066408816956 ], [ 74.988918720589695, 20.406385651343559 ], [ 75.004187365030475, 20.402111178528742 ], [ 75.021499295506871, 20.411881926377287 ], [ 75.054601659969777, 20.435671899275434 ], [ 75.066583852820884, 20.45890783386767 ], [ 75.076309770138195, 20.480746385101451 ], [ 75.084533363543713, 20.501182141939015 ], [ 75.095794018234116, 20.517354914093449 ], [ 75.110094453906626, 20.528557718373232 ], [ 75.125159064953195, 20.537633955920377 ], [ 75.149272082802824, 20.550175333257876 ], [ 75.156797265726865, 20.557186609232204 ], [ 75.160508809897223, 20.575536036021319 ], [ 75.158952095062816, 20.588977211893479 ], [ 75.158130547683271, 20.60806676585781 ], [ 75.153519761024796, 20.630717364366458 ], [ 75.150390769339836, 20.661129585657047 ], [ 75.15635209812163, 20.684407902507306 ], [ 75.162351900544977, 20.697085388779293 ], [ 75.175925824211788, 20.704761205619274 ], [ 75.207642984444021, 20.710182533462714 ], [ 75.225022215082276, 20.710052610936227 ], [ 75.240151687603941, 20.70428311149227 ], [ 75.268942969708661, 20.676490043271922 ], [ 75.312884057359469, 20.628056849415294 ], [ 75.364306227193495, 20.597919653086411 ], [ 75.396042170086631, 20.586324429572475 ], [ 75.427748426903065, 20.587454150460889 ], [ 75.460946926958641, 20.598468592972253 ], [ 75.486587138949815, 20.616624246138318 ], [ 75.498646357533474, 20.630661029788982 ], [ 75.515234388057308, 20.647485180838938 ], [ 75.577148667291638, 20.655383543398035 ], [ 75.599801554107103, 20.656576915866882 ], [ 75.625473651143366, 20.657737339128232 ], [ 75.660201290787072, 20.66304873654509 ], [ 75.684357537624948, 20.668463580410084 ], [ 75.703986896510457, 20.668260108651765 ], [ 75.734187158016709, 20.660863538243859 ], [ 75.758347154968163, 20.646445910250922 ], [ 75.780994305418091, 20.626375162824093 ], [ 75.79457960276747, 20.616312586197136 ], [ 75.826574868138152, 20.609387075779061 ], [ 75.842870974118838, 20.605856679433124 ], [ 75.880596070688952, 20.61817173750913 ], [ 75.904740574681668, 20.62639061567284 ], [ 75.943972090391398, 20.630179667225285 ], [ 75.993169627448722, 20.625219786463418 ], [ 75.993165524469674, 20.619790301905336 ], [ 76.001196018317501, 20.600799440418623 ], [ 76.070505590844476, 20.53757744347671 ], [ 76.124730702313499, 20.501910371224817 ], [ 76.147824579172735, 20.490263786915094 ], [ 76.177911827320983, 20.457723361127698 ], [ 76.199907490963284, 20.400704455789118 ], [ 76.257016739572848, 20.33939387979769 ], [ 76.294080156917474, 20.305763614370324 ], [ 76.30507214671448, 20.285743534705027 ], [ 76.308029989961256, 20.263948230970769 ], [ 76.303929464596408, 20.228070059357226 ], [ 76.272742230305113, 20.191646384010419 ], [ 76.265668854986842, 20.169998268079961 ], [ 76.265600961136386, 20.141625713166839 ], [ 76.245473238952627, 20.113548949024842 ], [ 76.235391873553596, 20.091943890289233 ], [ 76.22830798521197, 20.065564923086743 ], [ 76.228231312794065, 20.034351881009595 ], [ 76.246104991434194, 19.966919075711488 ], [ 76.293824469335846, 19.902309578239681 ], [ 76.309003537443573, 19.881742714832328 ], [ 76.316852910524645, 19.878193664436388 ], [ 76.335015819517196, 19.869979116089688 ], [ 76.35805512495017, 19.869614505314438 ], [ 76.400150918789407, 19.876513435860652 ], [ 76.456318703328165, 19.897375240273693 ], [ 76.514533554965865, 19.930498006889085 ], [ 76.539607127637353, 19.93954867967145 ], [ 76.560641916992338, 19.940144068243111 ], [ 76.585614160177542, 19.923628668756521 ], [ 76.606538052308338, 19.897708296182962 ], [ 76.619463112090003, 19.875707803772819 ], [ 76.635427878579193, 19.863121983269544 ], [ 76.673417593804658, 19.852043735586125 ], [ 76.695456479757212, 19.856392468014224 ], [ 76.710531845035462, 19.870333553585407 ], [ 76.787856921764416, 19.925790196782565 ], [ 76.837990266235863, 19.943834597535226 ], [ 76.867008118478452, 19.942360783979673 ], [ 76.90892797092117, 19.920748194214795 ], [ 76.942873988059659, 19.906852554685234 ], [ 76.964846367461575, 19.8998080594566 ], [ 76.988827715067259, 19.894618027016442 ], [ 77.010833720641529, 19.894201094977198 ], [ 77.061993011675682, 19.917867229707458 ], [ 77.122322100852926, 19.965994491517662 ], [ 77.176483825480588, 19.985795417615623 ], [ 77.217959624253453, 19.991634016645868 ], [ 77.235575206043109, 19.994111626094568 ], [ 77.311475024915225, 19.975522631091668 ], [ 77.383307023242509, 19.951293238195664 ], [ 77.426128789454197, 19.928588292564609 ], [ 77.458666532621919, 19.87193532987094 ], [ 77.487291528929958, 19.827684742634972 ], [ 77.529007465127293, 19.797373449274296 ], [ 77.539733643613374, 19.765826599959308 ], [ 77.544553299898766, 19.744845518759078 ], [ 77.560944489301704, 19.674269026672011 ], [ 77.569771041251514, 19.655097184204205 ], [ 77.577669139516232, 19.644484977523785 ], [ 77.605573220233325, 19.639120086184363 ], [ 77.63558409573811, 19.646989163721148 ], [ 77.680824773687036, 19.683932309438365 ], [ 77.699846753284945, 19.690146012257319 ], [ 77.722792341222657, 19.688675952442878 ], [ 77.752608266985163, 19.674706361556677 ], [ 77.755409514696041, 19.653759763685855 ], [ 77.769053963424952, 19.618325778306147 ], [ 77.793850945449989, 19.602564198690082 ], [ 77.82569596211286, 19.594227632612863 ], [ 77.849549811054956, 19.585124452379038 ], [ 77.869321107569974, 19.56662158163844 ], [ 77.871070391684157, 19.540949662895677 ], [ 77.872052565995943, 19.43366601229144 ], [ 77.869891864267913, 19.415684165393834 ], [ 77.869654510559315, 19.390064006229796 ], [ 77.886475965456199, 19.377321564996357 ], [ 77.91527487730616, 19.367134832023297 ], [ 77.929219750599358, 19.366796608086059 ], [ 77.960187667157541, 19.375534646934018 ], [ 77.960709115173387, 19.375969949568105 ], [ 77.971235905156064, 19.384757272797355 ], [ 77.974427416938227, 19.405563384592682 ], [ 77.975702390866928, 19.434011515516108 ], [ 77.992850412540918, 19.554168936579178 ], [ 78.011133891426624, 19.586958251776764 ], [ 78.029266167291112, 19.604559275680359 ], [ 78.047281456472106, 19.610767452367526 ], [ 78.060241959282607, 19.610450702913433 ], [ 78.0780752163068, 19.59956726269785 ], [ 78.087881297801687, 19.584131427574462 ], [ 78.094393180100113, 19.540287069533342 ], [ 78.108937351060447, 19.406985328637745 ], [ 78.13057813057209, 19.380805365239439 ], [ 78.185289096691903, 19.37467383564881 ], [ 78.234184333373776, 19.383871881197994 ], [ 78.264238679430676, 19.400194800764613 ], [ 78.271408610983812, 19.418055604425728 ], [ 78.269982042627419, 19.46843135608799 ], [ 78.266579752820931, 19.489332831517615 ], [ 78.261598649107555, 19.519937137184986 ], [ 78.262843539295901, 19.541752229103171 ], [ 78.273998098188741, 19.558565410253347 ], [ 78.281048691427827, 19.5650345753753 ], [ 78.325039602157716, 19.577204758024621 ], [ 78.347069677232525, 19.586136268591023 ], [ 78.353217717023838, 19.600227867078562 ], [ 78.354339523883283, 19.610649456050517 ], [ 78.35449968057587, 19.623946230718094 ], [ 78.342759694963931, 19.642300459068821 ], [ 78.329850305404634, 19.64643281232317 ], [ 78.283154713814426, 19.659977284803492 ], [ 78.234742487981521, 19.698252106968816 ], [ 78.216960959229979, 19.712948150858701 ], [ 78.173226062462106, 19.726388297824549 ], [ 78.112610012785538, 19.747831114573888 ], [ 78.102835976439394, 19.766117362324369 ], [ 78.096043332560882, 19.783380417558462 ], [ 78.096256165031463, 19.802372292799813 ], [ 78.113595958723337, 19.835194384815654 ], [ 78.138774071123976, 19.854526335536537 ], [ 78.150005951832199, 19.876098153097274 ], [ 78.151459519227956, 19.915006025963436 ], [ 78.154801408248957, 19.94436858257572 ], [ 78.170106227530155, 19.971539082473896 ], [ 78.20120993243421, 19.983124666343109 ], [ 78.273859888202296, 19.962327538921528 ], [ 78.292755071965814, 19.956155037170273 ], [ 78.315785542306273, 19.961276602526063 ], [ 78.340934703955185, 19.975842819461267 ], [ 78.362205415259325, 19.999055734404198 ], [ 78.380323924872982, 20.009996604450905 ], [ 78.398330669749242, 20.012388345648549 ], [ 78.432079184028012, 19.997272415382778 ], [ 78.442866721848318, 19.982742239005077 ], [ 78.461738671021791, 19.97560343930401 ], [ 78.486673317512896, 19.974006326255406 ], [ 78.504634574510646, 19.97353839783867 ], [ 78.515728479074937, 19.981801153358067 ], [ 78.546740147242474, 19.986689974498457 ], [ 78.562704610865154, 19.986269617721877 ], [ 78.59039826590552, 19.968430375050112 ], [ 78.637598734747542, 19.919648226683179 ], [ 78.669481694971395, 19.916888782462792 ], [ 78.713493372814867, 19.925201299496511 ], [ 78.79005100956023, 19.938036506056786 ], [ 78.821474898385418, 19.913993213327551 ], [ 78.849344043788491, 19.902520931291011 ], [ 78.875449999732922, 19.898224475826126 ], [ 78.879489897838951, 19.898779673524661 ], [ 78.896318457212132, 19.871992195417498 ], [ 78.924998847153034, 19.849883336512711 ], [ 78.928329008503823, 19.847315569587053 ], [ 78.943178652610314, 19.84095068120531 ], [ 78.991886451439498, 19.84906745925662 ], [ 79.038141255968952, 19.859621563189041 ], [ 79.066812721040975, 19.861167806000648 ], [ 79.124944036050721, 19.836883438976013 ], [ 79.156925998183183, 19.813354648757425 ], [ 79.194915414891426, 19.762298987608947 ], [ 79.208147884096405, 19.74977884404105 ], [ 79.226685019250738, 19.74209176882896 ], [ 79.242342683311151, 19.740908893097124 ], [ 79.250621864292299, 19.744939856843878 ], [ 79.261343771865299, 19.761023162299171 ], [ 79.266220267894937, 19.784415764906182 ], [ 79.268997684111326, 19.815718884351256 ], [ 79.273088735420629, 19.83628296435128 ], [ 79.278513933357274, 19.847533465130553 ], [ 79.286864213677532, 19.855128987416499 ], [ 79.305528730773673, 19.854565465551691 ], [ 79.323230006190656, 19.841901666201071 ], [ 79.349075530478558, 19.82542100177772 ], [ 79.37213557704078, 19.820436376658929 ], [ 79.405705654323754, 19.8186930832779 ], [ 79.435018635791351, 19.829204558303111 ], [ 79.455405994099934, 19.841416181306965 ], [ 79.476610330606476, 19.857168397322489 ], [ 79.486339633304937, 19.858292806953532 ], [ 79.496788137732835, 19.857967328784902 ], [ 79.515295855653164, 19.84954075825258 ], [ 79.539620673179158, 19.833080941294604 ], [ 79.557404298940753, 19.826099832639137 ], [ 79.579067521345223, 19.826843352716264 ], [ 79.603881163076196, 19.836047377913939 ], [ 79.639958628600837, 19.848457802105973 ], [ 79.657835094884931, 19.846459722177336 ], [ 79.675539120984297, 19.835902318056359 ], [ 79.690903377350452, 19.820423207676008 ], [ 79.702224542942005, 19.789373979346841 ], [ 79.703953717077624, 19.763629104114063 ], [ 79.691591383389664, 19.664131131595646 ], [ 79.667380166334695, 19.60497839251876 ], [ 79.656549286053917, 19.583209868362168 ], [ 79.649550520786789, 19.567025852715012 ], [ 79.644700354426917, 19.545779057508863 ], [ 79.646529789539414, 19.522891012919352 ], [ 79.663932825724856, 19.495934207897779 ], [ 79.697621428297182, 19.463454046527158 ], [ 79.721980696611453, 19.451247369436157 ], [ 79.743486593691969, 19.446265032386179 ], [ 79.772495273654357, 19.44460129728148 ], [ 79.792072515023506, 19.456799585559839 ], [ 79.799771413355515, 19.47081501194668 ], [ 79.801153012323709, 19.50572927118575 ], [ 79.798597135027137, 19.528644906376289 ], [ 79.796031260208906, 19.550847744496185 ], [ 79.796419802715008, 19.571526825959623 ], [ 79.807633076771921, 19.612543250944601 ], [ 79.815990345023096, 19.620830947946349 ], [ 79.829548269579448, 19.6282334481748 ], [ 79.83775443872517, 19.628676222542325 ], [ 79.854138481962281, 19.628134576069382 ], [ 79.872615213482888, 19.620386258050171 ], [ 79.909997278081121, 19.589170820875047 ], [ 79.929155240397634, 19.578539755053345 ], [ 79.956667813556805, 19.57618908087407 ], [ 79.991878855900524, 19.586419780505004 ], [ 80.034579187286127, 19.598531511525707 ], [ 80.080215428014355, 19.608393707399031 ], [ 80.107781514989298, 19.608876053997115 ], [ 80.127130173502053, 19.608210516799659 ], [ 80.141831605356003, 19.599139129791673 ], [ 80.156335521128852, 19.580795304630726 ], [ 80.161866827636743, 19.560620355157464 ], [ 80.162523183156779, 19.520631677337761 ], [ 80.182611887826525, 19.484251169062151 ], [ 80.209118297414307, 19.434085954352817 ], [ 80.227939865921641, 19.408450509842798 ], [ 80.232827984931063, 19.392579655445708 ], [ 80.233861505310628, 19.369708254297581 ], [ 80.230623354541251, 19.356263815796158 ], [ 80.224512873715668, 19.347915296265633 ], [ 80.204274653246401, 19.339347781145687 ], [ 80.172246452252168, 19.33618428257066 ], [ 80.13440778709915, 19.340352602357171 ], [ 80.104431380981183, 19.327832195446991 ], [ 80.072351502922629, 19.281846566606411 ], [ 80.045450882704074, 19.233541027295079 ], [ 80.036395939638837, 19.184624626612337 ], [ 80.038243195764409, 19.121068925317335 ], [ 80.044501493168312, 19.096599495816488 ], [ 80.05310049329924, 19.07847000849063 ], [ 80.097715586590809, 18.995609514474001 ], [ 80.102064100400383, 18.946240000798209 ], [ 80.101419401538109, 18.90845793754136 ], [ 80.101080839664064, 18.888498061963816 ], [ 80.106763456457898, 18.873322406618495 ], [ 80.113845915651666, 18.853105355546518 ], [ 80.161090564681132, 18.793685656661179 ], [ 80.232290838075699, 18.747675194493954 ], [ 80.271832998041802, 18.717032346649589 ], [ 80.311164950320574, 18.681241577788771 ], [ 80.328627881176729, 18.661361067011818 ], [ 80.352186313701168, 18.651244716519553 ], [ 80.384050718607298, 18.650097522700044 ], [ 80.41281525038751, 18.641212963601177 ], [ 80.434058702443011, 18.626179214821203 ], [ 80.454401443249338, 18.601905209965217 ], [ 80.468731616040756, 18.572857208810586 ], [ 80.477162755482496, 18.552492347839962 ], [ 80.480122675448257, 18.545342696706829 ], [ 80.493077613622333, 18.522762715182488 ], [ 80.551645139039834, 18.481391218615951 ], [ 80.582469570472043, 18.464564776772491 ], [ 80.591706733826427, 18.44211800691933 ], [ 80.592019150440265, 18.417863406896281 ], [ 80.59156273159266, 18.392212103596396 ], [ 80.609646305687875, 18.36801237683391 ], [ 80.648237522017752, 18.331639452109446 ], [ 80.717597556023222, 18.279129150792343 ], [ 80.758303245980272, 18.201297169985359 ], [ 80.78555761740553, 18.155340073447764 ], [ 80.799326582774853, 18.139841801263884 ], [ 80.818325099688721, 18.126995682803777 ], [ 80.850631687009141, 18.113639097862546 ], [ 80.876294756416698, 18.101245811088393 ], [ 80.898219514797731, 18.0868538137446 ], [ 80.906097764433611, 18.07300071867807 ], [ 80.916654881316802, 18.044067257611118 ], [ 80.916232908666274, 18.02126157646655 ], [ 80.930504787220542, 17.992895885394752 ], [ 80.948682269503053, 17.975788987223101 ], [ 80.969128674234668, 17.961445210739107 ], [ 80.985179463555298, 17.949409965721948 ], [ 80.995915451758279, 17.929734404874296 ], [ 80.995428072661397, 17.902648893594908 ], [ 80.989620548363021, 17.867209989332366 ], [ 80.989155178387762, 17.840835249801284 ], [ 80.994604651650334, 17.814229548984521 ], [ 81.009502612938263, 17.777980616016173 ], [ 81.030390929911789, 17.702256528981668 ], [ 81.032832130492721, 17.671482650973036 ], [ 81.039149214595014, 17.651258067771948 ], [ 81.057406213793641, 17.637699062549267 ], [ 81.075804590403493, 17.632694691902962 ], [ 81.100206600789448, 17.633159910658165 ], [ 81.12252141599761, 17.641553686231362 ], [ 81.149256537543479, 17.649056464249593 ], [ 81.190859559717353, 17.661672058352785 ], [ 81.221966057913988, 17.665424597415583 ], [ 81.262590375144825, 17.663796066902449 ], [ 81.316212419310133, 17.643796511235017 ], [ 81.369178630013778, 17.628804540309471 ], [ 81.414852376910304, 17.619806158156926 ], [ 81.458899652501572, 17.601587555377606 ], [ 81.52356140374863, 17.57822452587985 ], [ 81.536072665238706, 17.567639667615335 ], [ 81.497535306798511, 17.549008431190085 ], [ 81.47706690557807, 17.499892609131923 ], [ 81.414265462801751, 17.420392004396195 ], [ 81.311225733696219, 17.368681159908462 ], [ 81.286295196722818, 17.34946752577719 ], [ 81.27105467603765, 17.319153480360946 ], [ 81.245344369668942, 17.248812821667553 ], [ 81.207943108700391, 17.22057751934441 ], [ 81.164491701349462, 17.199716787956049 ], [ 81.08545719935465, 17.188589398921319 ], [ 81.044317319842278, 17.158099737557912 ], [ 81.01904759494056, 17.1186530683065 ], [ 80.97197308585676, 17.027726385519493 ], [ 80.939299008165605, 16.989757048466277 ], [ 80.903534899160789, 16.987584954092867 ], [ 80.882605701503067, 16.988399249498091 ], [ 80.863229473573284, 17.008180310162214 ], [ 80.851393723787126, 17.03718265974873 ], [ 80.849516116073943, 17.072935824972014 ], [ 80.832834224468485, 17.108071831767472 ], [ 80.790546413569373, 17.160841289527454 ], [ 80.752872648562516, 17.194395298148599 ], [ 80.733170608606201, 17.195146890742787 ], [ 80.698380334979291, 17.176252394239121 ], [ 80.677207804464686, 17.161594988599653 ], [ 80.647396770435563, 17.146073276766071 ], [ 80.627565758063866, 17.138496948482189 ], [ 80.596745664624791, 17.137278273807688 ], [ 80.548612899575431, 17.1319465625715 ], [ 80.526170804393999, 17.114946924710171 ], [ 80.51846550155787, 17.095018717504416 ], [ 80.516743452901636, 17.064165406461807 ], [ 80.59822360489045, 16.999277437127652 ], [ 80.689562240348735, 16.937551907639303 ], [ 80.729892492407302, 16.919365725734835 ], [ 80.740823673117092, 16.910623745197491 ], [ 80.747933313169625, 16.89489330696529 ], [ 80.747524571168441, 16.872317119613918 ], [ 80.745988071069135, 16.855730068813958 ], [ 80.735877168458615, 16.841849897782858 ], [ 80.718514098221178, 16.835380417594404 ], [ 80.704976692321623, 16.835897271060613 ], [ 80.680429594467952, 16.840399247247031 ], [ 80.654629170369816, 16.843757378424847 ], [ 80.639816971019656, 16.841941127827816 ], [ 80.624784324843247, 16.828243583061507 ], [ 80.615813000491585, 16.809561464141588 ], [ 80.611963471869274, 16.801385389857803 ], [ 80.587284917002634, 16.798750052792357 ], [ 80.560370123115447, 16.8080839594937 ], [ 80.495211026726068, 16.881854331214022 ], [ 80.406785516402053, 17.044458678194552 ], [ 80.383506042501068, 17.052449393100119 ], [ 80.357612295402532, 17.051021435543564 ], [ 80.31925507735312, 17.040534107756624 ], [ 80.295539532127904, 17.021186237671124 ], [ 80.265838337486755, 17.012754529653261 ], [ 80.224033933120708, 17.017835173936369 ], [ 80.18594060771467, 17.02396410379481 ], [ 80.158570097277249, 17.007114772751773 ], [ 80.14826368173506, 16.978952686744062 ], [ 80.153544767982936, 16.925267323557868 ], [ 80.1616440705332, 16.894068394263162 ], [ 80.178225036853334, 16.855432046100628 ], [ 80.215772280469864, 16.819603628051048 ], [ 80.236308028993108, 16.797463514276942 ], [ 80.239386504187081, 16.764071098083406 ], [ 80.220979774959972, 16.702938838383748 ], [ 80.20519534028638, 16.652414888454096 ], [ 80.193634376799039, 16.629070586700625 ], [ 80.169967543896121, 16.615668501146246 ], [ 80.127573449464251, 16.589870784191131 ], [ 80.108871843366884, 16.578662772332414 ], [ 80.085558577014879, 16.581872745558414 ], [ 80.075847450361664, 16.588159095702583 ], [ 80.063825063623085, 16.601655382069413 ], [ 80.058069692326896, 16.620868613284383 ], [ 80.058528556907376, 16.643425836686173 ], [ 80.052709763391505, 16.660267437059478 ], [ 80.038087664881274, 16.667917269058492 ], [ 80.018403656345384, 16.668616926990321 ], [ 79.991128714838723, 16.658890426419717 ], [ 79.967730686179564, 16.658529838024844 ], [ 79.950553188717251, 16.661512464434075 ], [ 79.940871772872683, 16.670170932832036 ], [ 79.927678347011209, 16.68845853266475 ], [ 79.916894966815676, 16.704284889517954 ], [ 79.891691481156954, 16.721270857961834 ], [ 79.885274165397902, 16.725594809547989 ], [ 79.869254382433326, 16.724966961196582 ], [ 79.859387650213463, 16.7241234035153 ], [ 79.845611299426722, 16.711533243364812 ], [ 79.822954165387657, 16.684993716532265 ], [ 79.804071402984135, 16.663075593179666 ], [ 79.775431718980684, 16.646247997862947 ], [ 79.742231861514099, 16.648583673064923 ], [ 79.64386776259677, 16.656707341896006 ], [ 79.578429889400923, 16.648233963580655 ], [ 79.521175467516386, 16.616894890624039 ], [ 79.391615755677364, 16.542797074811787 ], [ 79.351060412461635, 16.487112772275605 ], [ 79.336003753741181, 16.450860283055583 ], [ 79.335485562820679, 16.4496136006825 ], [ 79.331126642644861, 16.418872596817273 ], [ 79.345278021669216, 16.389895853694149 ], [ 79.376650075228568, 16.360348562625173 ], [ 79.398276137297529, 16.335868073432817 ], [ 79.403752971603012, 16.304780705341571 ], [ 79.394446176662186, 16.272982470380544 ], [ 79.376766130148539, 16.252154466790309 ], [ 79.352914847945215, 16.230332744757234 ], [ 79.315820088603772, 16.222021775202418 ], [ 79.257040497900647, 16.235820347569742 ], [ 79.223930653320508, 16.24164478765929 ], [ 79.194135472734857, 16.229512598989103 ], [ 79.132633867855006, 16.171963917504616 ], [ 79.118836156926918, 16.159305162304513 ], [ 79.099133248606279, 16.158737581584358 ], [ 79.08931796473162, 16.160238098544799 ], [ 79.066213831431355, 16.174062993601215 ], [ 79.051452679662063, 16.174527367337198 ], [ 79.041587255071875, 16.173646655768675 ], [ 78.95660499667261, 16.11435953005255 ], [ 78.898147793097621, 16.089940804983001 ], [ 78.798164341703526, 16.087016790370161 ], [ 78.635702459539942, 16.090882832309582 ], [ 78.599480258082721, 16.091729819640502 ], [ 78.501881063590361, 16.092185313773051 ], [ 78.450898486574502, 16.078146800937315 ], [ 78.378181887777458, 16.032490954057543 ], [ 78.351427926344982, 15.997436653813374 ], [ 78.329553025503657, 15.959842248015372 ], [ 78.328046923170362, 15.956985392569578 ], [ 78.314039964193654, 15.930417208056356 ], [ 78.295034551616709, 15.910638168234307 ], [ 78.25636130489049, 15.896176477704245 ], [ 78.237654748836249, 15.889522199838437 ], [ 78.216280300326801, 15.874573060736774 ], [ 78.196390798643606, 15.870336290761133 ], [ 78.177848025871313, 15.870841935038072 ], [ 78.135023159497379, 15.891128623629401 ], [ 78.034233674131627, 15.97390628812186 ], [ 77.995174005494619, 15.997649678065937 ], [ 77.939759638441984, 16.009874869814954 ], [ 77.902570975634305, 16.007273319802465 ], [ 77.876270877444256, 15.993626746424589 ], [ 77.82872169155543, 15.970966838099903 ], [ 77.802687446037226, 15.969251398000319 ], [ 77.775495970834641, 15.971148783509859 ], [ 77.748357135018992, 15.975432661397544 ], [ 77.718849782975667, 15.984555778005319 ], [ 77.67704601025622, 15.997574558927512 ], [ 77.646161897258096, 16.000748376830536 ], [ 77.621276819857854, 15.995399467811927 ], [ 77.602498474088293, 15.986307361683876 ], [ 77.581163444174152, 15.973689275991095 ], [ 77.555118624181318, 15.971947031890423 ], [ 77.530471537253604, 15.977342358063115 ], [ 77.501112313675179, 15.993614192693508 ], [ 77.461005352983506, 16.028081715950478 ], [ 77.398287363099456, 16.048746957196492 ], [ 77.357455098397253, 16.05093490178583 ], [ 77.306426413019992, 16.040207425809299 ], [ 77.286483021166802, 16.034705374287437 ], [ 77.247727810486111, 16.018882669782645 ], [ 77.21263244043179, 16.000570290348747 ], [ 77.140062771811415, 15.968757210755495 ], [ 77.107781759076744, 15.965911524783204 ], [ 77.092903309280089, 15.957862184094774 ], [ 77.080188414522681, 15.950982032062946 ], [ 77.054803679003285, 15.924021173562464 ], [ 77.039350898525143, 15.898023042426278 ], [ 76.99264579428791, 15.805605995638528 ], [ 76.928071017187762, 15.745874555067548 ], [ 76.874541367802209, 15.682248481170962 ], [ 76.83966042234151, 15.621788805585263 ], [ 76.813778526181409, 15.575521417578475 ], [ 76.772213511892517, 15.547577297453781 ], [ 76.713557216377168, 15.530778732004869 ], [ 76.631524832272603, 15.521639451174222 ], [ 76.546020874185473, 15.523346479792702 ], [ 76.507982735083047, 15.488056410092739 ], [ 76.407378824238393, 15.378236159521974 ], [ 76.352997303572607, 15.33477919919477 ], [ 76.310557169041616, 15.323541863534532 ], [ 76.247155011157261, 15.317484129782169 ], [ 76.201045694871695, 15.308692405846575 ], [ 76.087883305635472, 15.246928722285466 ], [ 76.047635887045431, 15.224758885636772 ], [ 76.033578525430201, 15.208152866297548 ], [ 76.012090967823269, 15.227873829006329 ], [ 75.971161498122484, 15.299780985676122 ], [ 75.94931419575272, 15.340563606346192 ], [ 75.939414891541361, 15.383067667766346 ], [ 75.93614876978387, 15.454318263692018 ], [ 75.929221439536789, 15.582356949692999 ], [ 75.935644709111898, 15.602441868013306 ], [ 75.948177016577631, 15.629151139612649 ], [ 75.956361159267942, 15.639587110564221 ], [ 75.970632644239004, 15.655685531870045 ], [ 75.98397591264991, 15.674681148448174 ], [ 75.991579782730753, 15.703385455912855 ], [ 75.999158176362897, 15.731125370391537 ], [ 76.006277182054902, 15.782892709949614 ], [ 76.01709944980179, 15.823054964052702 ], [ 76.017544223245594, 15.843221579571848 ], [ 76.016210436580678, 15.84634639897212 ], [ 76.010932756229565, 15.858709403234236 ], [ 75.994622578577363, 15.884935169053055 ], [ 75.900393927510876, 15.983603783750443 ], [ 75.871229269115389, 16.013883856333369 ], [ 75.865458695692453, 16.070637681512469 ], [ 75.868814969965953, 16.088820358731052 ], [ 75.89296694351566, 16.103754293765256 ], [ 75.931658455750707, 16.101145532638235 ], [ 76.007701003024053, 16.079616468270824 ], [ 76.029384484750665, 16.071542503206881 ], [ 76.048287586457832, 16.073114521697118 ], [ 76.064291299784188, 16.07857641241123 ], [ 76.074615498843229, 16.097573977445013 ], [ 76.080404916895404, 16.13775409338103 ], [ 76.093952190000863, 16.169144869704791 ], [ 76.110086861371897, 16.181302512199544 ], [ 76.133892051101128, 16.179888775037639 ], [ 76.143818580229876, 16.179698229675655 ], [ 76.15752196792981, 16.169848166269379 ], [ 76.184179991260379, 16.113724418292207 ], [ 76.23187649770135, 16.067730227470616 ], [ 76.263391398241268, 16.055609956907308 ], [ 76.289191362166875, 16.055106777157519 ], [ 76.308261429685345, 16.058229870774344 ], [ 76.310109361131182, 16.058532396300979 ], [ 76.32037296936096, 16.074631246911494 ], [ 76.321724760963562, 16.091862367092006 ], [ 76.316227909046475, 16.114020263886317 ], [ 76.27123038025934, 16.245231545306861 ], [ 76.2726199292606, 16.265315959655027 ], [ 76.285841561417143, 16.281328591158246 ], [ 76.307900029657901, 16.292371026778806 ], [ 76.336997202218697, 16.308050729500881 ], [ 76.345320984854254, 16.318640945214216 ], [ 76.353283950426132, 16.328771370437046 ], [ 76.362584587384205, 16.347716866474585 ], [ 76.365727165297457, 16.35626262835212 ], [ 76.365027699423081, 16.371584015397225 ], [ 76.338668238238185, 16.395089177951796 ], [ 76.293694873109843, 16.432364819025711 ], [ 76.281481696374698, 16.469910859063823 ], [ 76.286847869992002, 16.491788223163677 ], [ 76.288084305569981, 16.505144881789398 ], [ 76.295206346801208, 16.514554209735678 ], [ 76.316259395765201, 16.525581302366824 ], [ 76.353347889538597, 16.544863277258028 ], [ 76.36246993496232, 16.555177665477562 ], [ 76.367706195150205, 16.570348823108034 ], [ 76.3670022762619, 16.586599578302259 ], [ 76.355662421961568, 16.619307699537089 ], [ 76.349327679756811, 16.65476451034149 ], [ 76.351805050193093, 16.683342194038826 ], [ 76.362090156651462, 16.70411113808828 ], [ 76.372324503574035, 16.722014288597805 ], [ 76.375399260654603, 16.727670470519421 ], [ 76.378824772720478, 16.754299668511983 ], [ 76.374428405314305, 16.788720613406507 ], [ 76.361863708677504, 16.809967840280997 ], [ 76.350226566451568, 16.827379377180094 ], [ 76.331467565893675, 16.834461816282534 ], [ 76.291118476945158, 16.85821497513761 ], [ 76.274626388056021, 16.883348992874755 ], [ 76.270921560680904, 16.900578709276161 ], [ 76.271201957639391, 16.918671451121611 ], [ 76.278447151030903, 16.937560824039387 ], [ 76.285704643726604, 16.957397850278003 ], [ 76.29111632255281, 16.986789969246264 ], [ 76.274697561361236, 17.018560160462936 ], [ 76.269100361339795, 17.043423273563324 ], [ 76.273322674465831, 17.060453359831047 ], [ 76.288388581053283, 17.071532031322146 ], [ 76.309659326608454, 17.099584658617758 ], [ 76.314950208523953, 17.122282290833777 ], [ 76.311256539056529, 17.142325911370911 ], [ 76.30450027940779, 17.156733549411431 ], [ 76.283714659002328, 17.162903598673076 ], [ 76.265895619450973, 17.168055480258559 ], [ 76.256076552468627, 17.176828087225434 ], [ 76.251289140647614, 17.190237842196826 ], [ 76.249430100913841, 17.199780259427694 ], [ 76.245646502839037, 17.214114724969573 ], [ 76.239949156994015, 17.234188956257 ], [ 76.23119267924659, 17.248631070174422 ], [ 76.217403508288584, 17.258437075480423 ], [ 76.17858278973516, 17.254558949140055 ], [ 76.145699478842488, 17.248643033822887 ], [ 76.119895292304349, 17.252064414612061 ], [ 76.108053748941316, 17.258975001986759 ], [ 76.09745812739196, 17.285800679386423 ], [ 76.09374363471855, 17.306771486293297 ], [ 76.094001852866612, 17.327649952677476 ], [ 76.098290774558208, 17.353178900314084 ], [ 76.10857391013802, 17.381412484610809 ], [ 76.144682965906, 17.408111325202558 ], [ 76.166670625896714, 17.418049700984032 ], [ 76.194554735179864, 17.422163066405439 ], [ 76.257068903098059, 17.412211901064531 ], [ 76.307822358030108, 17.417694351174262 ], [ 76.325813638842078, 17.426766376525975 ], [ 76.339912197905349, 17.44351218402311 ], [ 76.351066778896922, 17.464115712938174 ], [ 76.355042621973666, 17.484642283548109 ], [ 76.355271339815175, 17.485823840995945 ], [ 76.35560198755158, 17.518043765559185 ], [ 76.35193747408303, 17.549401259935959 ], [ 76.353377836217575, 17.596740714111395 ], [ 76.372347514009647, 17.674801353898449 ], [ 76.239858829292501, 17.766332952740814 ], [ 76.207724817935528, 17.770460182391609 ], [ 76.171042871692435, 17.783581867681953 ], [ 76.11770802849901, 17.833956821939061 ], [ 76.100985341682204, 17.861750349601198 ], [ 76.100913520551174, 17.86232519757208 ], [ 76.049433265038488, 17.897891028012236 ] ], [ [ 75.214427394533004, 18.77900306664122 ], [ 75.42009196087163, 18.841636706677921 ], [ 75.41974338959858, 18.842074427589687 ], [ 75.402782186328594, 18.845192074431118 ], [ 75.361897591043046, 18.840265945435348 ], [ 75.310068030664311, 18.823319966236213 ], [ 75.263203536253556, 18.817572369839539 ], [ 75.244265803290261, 18.812273325438493 ], [ 75.215520797345675, 18.803193503858818 ], [ 75.214380626581629, 18.797782481104033 ], [ 75.214427394533004, 18.77900306664122 ] ], [ [ 75.214427394533004, 18.77900306664122 ], [ 75.222464241309879, 18.754444681033196 ], [ 75.26617063100862, 18.681066329424677 ], [ 75.274491117738918, 18.667083690728877 ], [ 75.285512062495243, 18.633997323655841 ], [ 75.292518455192848, 18.615074964555205 ], [ 75.304510973203577, 18.592297562082958 ], [ 75.324469931090391, 18.571244015047302 ], [ 75.348407870787184, 18.551988826416178 ], [ 75.38429385103035, 18.536257912817803 ], [ 75.398238915120743, 18.540689493275547 ], [ 75.404153048848229, 18.548490708511359 ], [ 75.214427394533004, 18.77900306664122 ] ], [ [ 77.596052582461539, 16.815892964777163 ], [ 77.921459531624095, 16.293833711037209 ], [ 78.599819077220801, 16.572009185958752 ], [ 78.59741404431486, 16.568150067978895 ], [ 78.599819422680326, 16.572009327621636 ], [ 78.796186801560069, 16.647671527123222 ], [ 78.491045749858912, 16.943812087018628 ], [ 79.832784617576024, 17.497103009302446 ], [ 78.148674215715459, 17.726504778981415 ], [ 77.596052582461539, 16.815892964777163 ] ], [ [ 77.921459531624095, 16.293833711037209 ], [ 77.909456212369363, 16.303491239783281 ], [ 77.934289136648289, 16.283509638443427 ], [ 77.921459531624095, 16.293833711037209 ] ], [ [ 78.796186801560069, 16.647671527123222 ], [ 78.8007911561931, 16.657154106525553 ], [ 78.803858993401136, 16.663473277940451 ], [ 78.796186801560069, 16.647671527123222 ] ], [ [ 75.508630624282432, 18.421552828803151 ], [ 75.507362134633496, 18.420265350526915 ], [ 75.487943522404493, 18.402307043444772 ], [ 75.481967202354355, 18.381258557877974 ], [ 75.481965326570219, 18.368557335868982 ], [ 75.492412269438731, 18.33870784483635 ], [ 75.59384379667199, 18.234945781438437 ], [ 75.61918666667809, 18.214635132752242 ], [ 75.647547598873217, 18.212632569378666 ], [ 75.669929851533681, 18.207925910534467 ], [ 75.693747395028808, 18.179151096519806 ], [ 75.701143424253743, 18.153539917032237 ], [ 75.708531228120549, 18.127922793657216 ], [ 75.71742706152979, 18.109342609389696 ], [ 75.738247398293495, 18.087676108566214 ], [ 75.756124375956674, 18.078805253663806 ], [ 75.769538948768101, 18.074274105824362 ], [ 75.7949062358839, 18.073734466845188 ], [ 75.508630624282432, 18.421552828803151 ] ], [ [ 77.917138655632414, 17.75804348758863 ], [ 77.930779482490124, 17.733957894652608 ], [ 77.917590773251433, 17.757245289415813 ], [ 77.917138655632414, 17.75804348758863 ] ], [ [ 78.202424481869372, 17.815074651080284 ], [ 79.266749357095293, 18.027842620551116 ], [ 78.997316763875233, 18.055683753655803 ], [ 78.737227043026351, 18.153708046461045 ], [ 78.611406714293423, 18.488996970139837 ], [ 78.202424481869372, 17.815074651080284 ] ], [ [ 76.187671367780055, 19.075397403174016 ], [ 76.481964747658836, 19.165022300397013 ], [ 76.060407650103002, 19.461424664169556 ], [ 76.055595819325148, 19.468713000991318 ], [ 76.060406804638291, 19.461424869512676 ], [ 75.926833567529243, 19.49386660826184 ], [ 76.187671367780055, 19.075397403174016 ] ], [ [ 75.748334898247393, 19.537219658028746 ], [ 75.729288670278763, 19.54301828586512 ], [ 75.748802679155958, 19.537077208085513 ], [ 75.748334898247393, 19.537219658028746 ] ], [ [ 75.896870441136812, 19.541937270072861 ], [ 77.459857899656384, 19.591579048166338 ], [ 76.486860468645958, 19.689219332073112 ], [ 77.267068777024463, 19.73993724455536 ], [ 75.671131751789957, 19.904096176227732 ], [ 75.671131668515372, 19.904096146760047 ], [ 75.896870441136812, 19.541937270072861 ] ] ], [ [ [ 78.737227043026351, 18.153708046461045 ], [ 78.74734850653762, 18.14890416589466 ], [ 78.750025917902846, 18.147633281912348 ], [ 78.737227043026351, 18.153708046461045 ] ] ], [ [ [ 78.997316763875233, 18.055683753655803 ], [ 78.963760368443772, 18.062404764134918 ], [ 78.991770566079651, 18.056794974974068 ], [ 78.997316763875233, 18.055683753655803 ] ] ], [ [ [ 78.599819077220801, 16.572009185958752 ], [ 78.603519809160048, 16.577947383781389 ], [ 78.599819422680326, 16.572009327621636 ], [ 78.599819077220801, 16.572009185958752 ] ] ], [ [ [ 78.491045749858912, 16.943812087018628 ], [ 78.491284273657485, 16.932575942217433 ], [ 78.491786506582599, 16.908754618112635 ], [ 78.491045749858912, 16.943812087018628 ] ] ], [ [ [ 76.060406804638291, 19.461424869512676 ], [ 76.060407650103002, 19.461424664169556 ], [ 76.073559912179377, 19.441499309388764 ], [ 76.060406804638291, 19.461424869512676 ] ] ] ] } },
{ "type": "Feature", "properties": { "state_name": "Jammu and Kashmir", "id": 12 }, "geometry": { "type": "Polygon", "coordinates": [ [ [ 75.164983012697434, 36.86653994439569 ], [ 75.187757214293143, 36.815101436183681 ], [ 75.205441165529336, 36.775532648395355 ], [ 75.237679226575523, 36.732173563359368 ], [ 75.274353699083832, 36.708767505803387 ], [ 75.342467689007279, 36.681761755524171 ], [ 75.400845484017836, 36.656593093819602 ], [ 75.440130910442221, 36.615254874217229 ], [ 75.567456752840116, 36.485294188280839 ], [ 75.661912756864353, 36.446442379120889 ], [ 75.845496727621864, 36.39637728564179 ], [ 75.973696078737689, 36.337743214068126 ], [ 76.022016901286804, 36.302218604304322 ], [ 76.050097436455118, 36.297726303741896 ], [ 76.054078347234196, 36.294764027640326 ], [ 76.063958011381203, 36.295514011681298 ], [ 76.116323223390438, 36.287183024655768 ], [ 76.177052765069234, 36.287931697624671 ], [ 76.256512929701827, 36.240529296888297 ], [ 76.284793959724809, 36.176466272878962 ], [ 76.323135031711743, 36.132707938131766 ], [ 76.3784324798266, 36.113075708299448 ], [ 76.421850388712556, 36.113397016798892 ], [ 76.458050789373701, 36.109677439646084 ], [ 76.508426044866283, 36.083945874233891 ], [ 76.594143100113229, 35.984257768321129 ], [ 76.596533906111176, 35.952422098821778 ], [ 76.617668144814019, 35.863061824011709 ], [ 76.688545614130106, 35.783825374562156 ], [ 76.721507588165025, 35.750171852737274 ], [ 76.764205636332576, 35.730382219942726 ], [ 76.840696208351716, 35.72837446334659 ], [ 76.902806910826143, 35.724352893047062 ], [ 76.964881368255718, 35.7183163763004 ], [ 77.010041169524683, 35.704367418066205 ], [ 77.054905857749688, 35.678532958724588 ], [ 77.085205276143839, 35.646806296684559 ], [ 77.122766035596982, 35.620992582835797 ], [ 77.170308512796808, 35.610940734127375 ], [ 77.282546757416299, 35.604519513258509 ], [ 77.340462407239329, 35.581876065168515 ], [ 77.348734497802141, 35.567514580247504 ], [ 77.355191835101195, 35.548785600885807 ], [ 77.354940810037746, 35.540204520540676 ], [ 77.357352247724535, 35.502951345424556 ], [ 77.357774314434792, 35.486916547082771 ], [ 77.352220454132876, 35.479869165647521 ], [ 77.319221625819367, 35.469950668529137 ], [ 77.29544378458003, 35.479818263364841 ], [ 77.246761591842599, 35.490752193229767 ], [ 77.230863511841591, 35.485323111056985 ], [ 77.216559015642019, 35.474138388285184 ], [ 77.216219185826048, 35.471023980203967 ], [ 77.191679262857576, 35.464848476535394 ], [ 77.181477936293533, 35.447148072426067 ], [ 77.199436575315531, 35.417520995549715 ], [ 77.229187770242589, 35.385884214246687 ], [ 77.288194300909396, 35.371845742102167 ], [ 77.373965640964869, 35.371425205600779 ], [ 77.45108991724031, 35.390675154770996 ], [ 77.520578141080833, 35.398109641960453 ], [ 77.585616030645767, 35.411447694532832 ], [ 77.605520976148981, 35.429002469141111 ], [ 77.62976170372437, 35.436695861104688 ], [ 77.668273747057711, 35.442329928160504 ], [ 77.751174922946248, 35.41845683300825 ], [ 77.776782912250454, 35.398871768618669 ], [ 77.800972966237225, 35.402720633617115 ], [ 77.822799933577414, 35.410981779027466 ], [ 77.834400342272431, 35.410077951810969 ], [ 77.83965964359065, 35.41736109758893 ], [ 77.852284823167167, 35.422137407887675 ], [ 77.855904392991675, 35.44404723850031 ], [ 77.858820810835041, 35.449392727232542 ], [ 77.861783873360253, 35.474768563419545 ], [ 77.870477193053489, 35.513587263742508 ], [ 77.880498396404363, 35.543817454166643 ], [ 77.896426962039257, 35.560203015906723 ], [ 77.921787361142165, 35.562331785652603 ], [ 77.989166973184098, 35.55265984408009 ], [ 78.012550975890733, 35.546807315602543 ], [ 78.045322020609859, 35.539027023441669 ], [ 78.070684525576539, 35.541058349788543 ], [ 78.078279985894838, 35.549166695040341 ], [ 78.078830219810513, 35.5491088276003 ], [ 78.113892215109828, 35.559006799625053 ], [ 78.14740326560559, 35.600633293960193 ], [ 78.230481136251157, 35.644538162637772 ], [ 78.373180432412596, 35.734467653347025 ], [ 78.426451512259106, 35.769061583306254 ], [ 78.507871933107651, 35.78622932045181 ], [ 78.537307810343478, 35.795801607043828 ], [ 78.576658837643137, 35.79995164993089 ], [ 78.615309949563098, 35.815820454432853 ], [ 78.700238657400561, 35.849482811825105 ], [ 78.76361413156593, 35.867172991931426 ], [ 78.847682916051866, 35.874674265380861 ], [ 78.883099323091997, 35.887705359310281 ], [ 78.896112819815045, 35.889098291389047 ], [ 78.956863692793277, 35.866400706713534 ], [ 79.01293683074941, 35.845734053429943 ], [ 79.046211515049023, 35.839377453368364 ], [ 79.104957300819862, 35.844864650313397 ], [ 79.136619068161679, 35.868739180519071 ], [ 79.13806571220222, 35.872501244447427 ], [ 79.138227145167846, 35.872436389296801 ], [ 79.168061774078936, 35.876174251493765 ], [ 79.205706422809996, 35.889340181157998 ], [ 79.223092391641458, 35.900416984240152 ], [ 79.229406541139369, 35.934400200772814 ], [ 79.237701516459325, 35.962555050129403 ], [ 79.258187656308678, 35.988291742548149 ], [ 79.262873421312619, 35.989040516242206 ], [ 79.300531599636003, 35.982205678012484 ], [ 79.349958375653785, 35.960000768380745 ], [ 79.438555593424923, 35.883570851330859 ], [ 79.577262068621465, 35.837776264872012 ], [ 79.701796114997336, 35.799861091609181 ], [ 79.774650229659798, 35.780528232082816 ], [ 79.832997869473132, 35.778242109423786 ], [ 79.86460329597567, 35.789395192976848 ], [ 79.897509852970828, 35.814739566083709 ], [ 79.908303377590315, 35.817408556937316 ], [ 79.953868607011003, 35.810942085223495 ], [ 79.958472538107912, 35.816613553610971 ], [ 79.972917221161396, 35.812521775501537 ], [ 80.130310059193746, 35.681559245939376 ], [ 80.279572537432358, 35.612101315809589 ], [ 80.339732193919232, 35.56049095830565 ], [ 80.350598805261868, 35.482228691827174 ], [ 80.310823936565185, 35.376570223058209 ], [ 80.210581806570161, 35.194257221379303 ], [ 80.195806866415154, 35.033721593743245 ], [ 80.194397286265655, 34.959107006994586 ], [ 80.135936581384613, 34.807499317461563 ], [ 80.116106175469966, 34.753025096540256 ], [ 80.103836656004759, 34.705962947853777 ], [ 80.088254552431607, 34.703423493900885 ], [ 80.028821409368462, 34.697402506652153 ], [ 79.953077067733673, 34.695566985512642 ], [ 79.90810408900758, 34.666708036198479 ], [ 79.889818319142535, 34.666064354213546 ], [ 79.802098461278675, 34.616540620750058 ], [ 79.776982844146843, 34.575668717217717 ], [ 79.837003814373631, 34.531323196333048 ], [ 79.864799831259674, 34.499287150821353 ], [ 79.863157600015313, 34.481604214890432 ], [ 79.862270558269159, 34.481097324265725 ], [ 79.825523739387918, 34.480554775482254 ], [ 79.752720558032777, 34.485790548034913 ], [ 79.694696814761613, 34.48333685400042 ], [ 79.63573186958601, 34.469951059477964 ], [ 79.601095208690012, 34.454279964869407 ], [ 79.596725996585306, 34.445674909786653 ], [ 79.564990827832546, 34.442816412062058 ], [ 79.55154961346777, 34.425268895020118 ], [ 79.547845336253118, 34.409598715301591 ], [ 79.560232550762677, 34.273932757481184 ], [ 79.575692191999636, 34.232464471287194 ], [ 79.570527004310421, 34.199542513125024 ], [ 79.553979533797744, 34.195429568884322 ], [ 79.526470740484427, 34.183268258782938 ], [ 79.525197043753707, 34.181671594756416 ], [ 79.469336942881682, 34.154920420264617 ], [ 79.444792952726289, 34.088291360454527 ], [ 79.440248002248936, 34.033275502853186 ], [ 79.437161529182205, 33.995934897544075 ], [ 79.438230308714537, 33.980190080848189 ], [ 79.43168062331948, 33.977467932508766 ], [ 79.419320538821381, 33.979420752855724 ], [ 79.358571980039898, 34.001880179603326 ], [ 79.335120417593373, 34.018364041058419 ], [ 79.288398125672828, 34.020667589377851 ], [ 79.240894542070194, 34.010369173813345 ], [ 79.207250777000766, 34.007128142664442 ], [ 79.201735528923024, 34.00588690986995 ], [ 79.180952146327968, 34.007036351942048 ], [ 79.08273342553602, 33.997586519592069 ], [ 79.080927394269025, 33.997357853036576 ], [ 79.062296390167873, 34.001553788184466 ], [ 78.991328230825928, 34.002397306748634 ], [ 78.961450446882637, 33.983010370519125 ], [ 78.949735503469384, 33.965692035011664 ], [ 78.942539045134055, 33.960851073314025 ], [ 78.932819523576782, 33.890199081624253 ], [ 78.984248683633723, 33.815359764944354 ], [ 79.027995187235433, 33.766086874626701 ], [ 79.007485932949294, 33.711143330094451 ], [ 78.998281748596085, 33.681696045302715 ], [ 79.024332174570972, 33.650161366043612 ], [ 79.088729306772294, 33.626372019850614 ], [ 79.11920182781742, 33.590904831025441 ], [ 79.115366698479946, 33.564392337535409 ], [ 79.114471044294163, 33.564248489284736 ], [ 79.063133077993768, 33.55409630881698 ], [ 79.010382323458202, 33.556567195458783 ], [ 78.95969468201146, 33.555435386358937 ], [ 78.939322620995, 33.544922913936809 ], [ 78.936870425964216, 33.532104576171619 ], [ 78.907250861473855, 33.528620686627512 ], [ 78.904184158432713, 33.485346572295349 ], [ 78.964606517058868, 33.311992085068496 ], [ 78.985444566262402, 33.243038126708058 ], [ 79.047204029453937, 33.221242448131555 ], [ 79.10716853023726, 33.220997591269153 ], [ 79.120276025336466, 33.215051882455448 ], [ 79.170340422388378, 33.212413242961119 ], [ 79.220896598671203, 33.218720296660926 ], [ 79.255187865171294, 33.228214231144491 ], [ 79.290975639097994, 33.231501773719067 ], [ 79.370229568723076, 33.232649329705154 ], [ 79.423346238809316, 33.228078569394867 ], [ 79.455580337774094, 33.196125476859159 ], [ 79.451384967574668, 33.144917706095796 ], [ 79.417652815444882, 33.072386500482615 ], [ 79.361387059109191, 32.948796348710609 ], [ 79.356400286179039, 32.915316052985595 ], [ 79.360499159620971, 32.879757626292609 ], [ 79.380426813630876, 32.840067277039239 ], [ 79.486041906878768, 32.692702636771592 ], [ 79.516780156129002, 32.646885471910558 ], [ 79.517816905566136, 32.603445514348714 ], [ 79.516661675209704, 32.589326836371541 ], [ 79.498526226122152, 32.561170242602607 ], [ 79.479611407717911, 32.53457134913333 ], [ 79.450361347172432, 32.513648190602382 ], [ 79.42135839458733, 32.496321773471358 ], [ 79.399599687506111, 32.491444859221417 ], [ 79.372107387240831, 32.497531375849235 ], [ 79.349230982355621, 32.508910789720723 ], [ 79.3263399974675, 32.520281420190322 ], [ 79.308290809451947, 32.540553124279029 ], [ 79.279949845656077, 32.533986489220453 ], [ 79.244610052411716, 32.518544606470762 ], [ 79.191833178887848, 32.463780262655305 ], [ 79.135910013760892, 32.427091096427468 ], [ 79.117453913779073, 32.405831702279819 ], [ 79.105122007975382, 32.379033616985915 ], [ 79.102912912403525, 32.372250322214079 ], [ 79.090023728756435, 32.3626301402576 ], [ 79.065517481163852, 32.312017776079685 ], [ 79.060134884847116, 32.307810142918022 ], [ 79.014987900173054, 32.30688721033912 ], [ 78.955169336793446, 32.313395703815438 ], [ 78.917172946280289, 32.326667469104045 ], [ 78.881671762372733, 32.347067525479005 ], [ 78.850431013555152, 32.36737133416991 ], [ 78.787277955786706, 32.43503193262876 ], [ 78.771118746777688, 32.455109055480754 ], [ 78.759275468821528, 32.556157914539718 ], [ 78.748928092826304, 32.60494642266827 ], [ 78.730951985345257, 32.632248895435339 ], [ 78.707995068734149, 32.647030642735039 ], [ 78.696842706018501, 32.640014472481859 ], [ 78.681014120523585, 32.625876881397161 ], [ 78.66392581528487, 32.607618996583071 ], [ 78.644042842221339, 32.59609007799164 ], [ 78.617112705795364, 32.574306348757823 ], [ 78.584318769989409, 32.555965325604184 ], [ 78.58281931765633, 32.555610492698754 ], [ 78.550411793102057, 32.550813063462265 ], [ 78.521882698361694, 32.53695878447715 ], [ 78.497493210426896, 32.519438109395509 ], [ 78.475185994695025, 32.500087141415115 ], [ 78.46942291789793, 32.493021610872013 ], [ 78.466026297617134, 32.491176327053083 ], [ 78.461082023244018, 32.482791405027143 ], [ 78.459309641256226, 32.480616907682389 ], [ 78.441402991269683, 32.462990144355565 ], [ 78.434005640824722, 32.441561194473856 ], [ 78.433766728150886, 32.436407053620385 ], [ 78.432252999625362, 32.433833571972443 ], [ 78.430313421455608, 32.404174265913376 ], [ 78.45435225807968, 32.369721228767361 ], [ 78.417203828707471, 32.360653231884704 ], [ 78.363046064421169, 32.360638094847879 ], [ 78.236997499451576, 32.455150706609302 ], [ 78.132672695165226, 32.479442371030679 ], [ 78.086955249781838, 32.470416603618311 ], [ 78.034323741829098, 32.450456203057016 ], [ 77.99479885307953, 32.432337981497184 ], [ 77.932944429982768, 32.436519070955704 ], [ 77.907652311632731, 32.444084813728118 ], [ 77.861692930631904, 32.466521129694478 ], [ 77.813921090361617, 32.496306559173263 ], [ 77.768670439619939, 32.535228811030024 ], [ 77.713003535069973, 32.629256434822722 ], [ 77.658864282251571, 32.759976432512182 ], [ 77.643348917426351, 32.796805005353903 ], [ 77.594993938002006, 32.820951943506813 ], [ 77.492720532551076, 32.788563483455484 ], [ 77.423952431802945, 32.783543755336026 ], [ 77.338424838955987, 32.785990576168636 ], [ 77.285162995081123, 32.791867202509557 ], [ 77.206709311455043, 32.810717987697387 ], [ 77.145344937072466, 32.829426912129321 ], [ 77.106650559145436, 32.822393340034139 ], [ 77.046688754594456, 32.817339084744248 ], [ 76.997869659466332, 32.826804412706345 ], [ 76.964255359789519, 32.845279687469812 ], [ 76.939375877945096, 32.943987958497381 ], [ 76.910875545908809, 32.993443208596069 ], [ 76.887862636274164, 33.0118261931962 ], [ 76.809684232964571, 33.048741687325219 ], [ 76.782500216601434, 33.07260167638151 ], [ 76.754660919376761, 33.072735854184089 ], [ 76.724209318455877, 33.054639268100878 ], [ 76.710900005257841, 33.036465545760898 ], [ 76.701510695161844, 33.003689972072586 ], [ 76.686548530204988, 33.003766530777106 ], [ 76.65205443324497, 33.078689508292179 ], [ 76.611841816718112, 33.097103666455652 ], [ 76.560446114795511, 33.0955028071185 ], [ 76.484954430781968, 33.06666732656862 ], [ 76.37090438033357, 33.02525298126217 ], [ 76.300083607081504, 33.003685543297593 ], [ 76.136159392090477, 32.905970263781526 ], [ 76.058570206863664, 32.862515323361777 ], [ 75.966143996831974, 32.824508031505339 ], [ 75.886963909533719, 32.815516637056092 ], [ 75.829257173785422, 32.815557159678761 ], [ 75.762869551337161, 32.806486682102857 ], [ 75.745445067518759, 32.779230314178342 ], [ 75.751603366961106, 32.757427630680475 ], [ 75.783349107145952, 32.731987571076907 ], [ 75.817406851567611, 32.722889749936655 ], [ 75.836508526401573, 32.713793368885945 ], [ 75.844772795859114, 32.691983938472646 ], [ 75.844432917049176, 32.664731013930087 ], [ 75.839588034654156, 32.617499279766569 ], [ 75.839193647576622, 32.584800195572967 ], [ 75.832285714511812, 32.541209751738627 ], [ 75.829986551165319, 32.526680303382122 ], [ 75.743984961495769, 32.448631433872734 ], [ 75.724159260694393, 32.379629191318109 ], [ 75.685605457757035, 32.348762303687259 ], [ 75.634408009295697, 32.326957003354053 ], [ 75.553645715602585, 32.323203581222643 ], [ 75.453745943065314, 32.310181974312499 ], [ 75.368624341294236, 32.264384323743542 ], [ 75.299154099314975, 32.206934653375683 ], [ 75.279931411685723, 32.206814670322373 ], [ 75.244887310465742, 32.210458170270968 ], [ 75.230216260750723, 32.2248865260906 ], [ 75.192948255628565, 32.259488013589753 ], [ 75.174690733037252, 32.270471439266636 ], [ 75.167037595427814, 32.277377845656154 ], [ 75.152250783606391, 32.283963695266955 ], [ 75.083210406383543, 32.32542481254395 ], [ 75.01185479868748, 32.345098228144678 ], [ 74.959739286321025, 32.353288812023628 ], [ 74.899700428362763, 32.352643077412274 ], [ 74.827228262592982, 32.343094975416697 ], [ 74.675457763157098, 32.340203146829467 ], [ 74.618809292810838, 32.34232806868971 ], [ 74.577857599942078, 32.369814750044654 ], [ 74.552670975240261, 32.40913161614219 ], [ 74.556821697095543, 32.469210423638302 ], [ 74.591062813736443, 32.630448129251889 ], [ 74.590796104674254, 32.67789834538447 ], [ 74.577027482835831, 32.698028617517437 ], [ 74.549675442263634, 32.704387584379376 ], [ 74.520130279835428, 32.69714593005088 ], [ 74.498601549257984, 32.683246921207129 ], [ 74.479424524169644, 32.659700723592252 ], [ 74.467082305995092, 32.636264870870392 ], [ 74.456935387275649, 32.624482652197742 ], [ 74.413766338187088, 32.619899256544358 ], [ 74.362586091047305, 32.62193644195451 ], [ 74.290799628202947, 32.638097356079101 ], [ 74.198416081518374, 32.662525942125669 ], [ 74.028678630268885, 32.767522819840813 ], [ 73.9668940787911, 32.786537115645906 ], [ 73.906286989013239, 32.800701247363904 ], [ 73.886348522784914, 32.807973194032996 ], [ 73.859284995775795, 32.826031849938481 ], [ 73.84971455548903, 32.827367667930488 ], [ 73.831622600205009, 32.837715607661735 ], [ 73.784646743879776, 32.851142053397623 ], [ 73.748029494162068, 32.858022337753042 ], [ 73.707006775977547, 32.855118135567452 ], [ 73.663570073915366, 32.85987273876399 ], [ 73.617460979048332, 32.885803586768205 ], [ 73.546034973449864, 32.917471782602306 ], [ 73.538224265884594, 32.927694396919222 ], [ 73.537753014169041, 32.956325067522137 ], [ 73.550000762642611, 32.986297147665141 ], [ 73.54373118285659, 33.02321226815441 ], [ 73.509002106161404, 33.066948633486184 ], [ 73.476640465118621, 33.135759132312948 ], [ 73.459165416914161, 33.242924323700706 ], [ 73.495282180061949, 33.372221351767884 ], [ 73.470194374081942, 33.424410083917451 ], [ 73.455525576340023, 33.449282690166953 ], [ 73.454805860755059, 33.489837820459961 ], [ 73.45049100333803, 33.572104366438595 ], [ 73.426188744474317, 33.732855738236211 ], [ 73.396260722897196, 33.806436286905104 ], [ 73.358064909542364, 33.860810520282413 ], [ 73.34736781164959, 33.896456462206018 ], [ 73.345084463028783, 33.94056520970306 ], [ 73.337094300460095, 33.983403630647302 ], [ 73.324985591610726, 34.016641609317418 ], [ 73.308355409842491, 34.060552241712912 ], [ 73.283442432409643, 34.087643798211921 ], [ 73.256565426237401, 34.139752939403685 ], [ 73.225673663728642, 34.176289754557516 ], [ 73.212005178686809, 34.211877615830886 ], [ 73.242838262159864, 34.317296050729041 ], [ 73.253965555868703, 34.335348180430657 ], [ 73.289468671644542, 34.357321039967097 ], [ 73.326689829899649, 34.366185734546853 ], [ 73.362643443949636, 34.366672092644286 ], [ 73.407520468259705, 34.351756743131602 ], [ 73.455148211257011, 34.342823922486303 ], [ 73.499721217364524, 34.343378319003499 ], [ 73.511013237468205, 34.355445338808984 ], [ 73.517699422954038, 34.384156394602307 ], [ 73.509679892999742, 34.51169890347569 ], [ 73.555721176319054, 34.599332673563012 ], [ 73.612659605509918, 34.645323038632426 ], [ 73.688921349017718, 34.660481625188488 ], [ 73.765106079763754, 34.682749385439806 ], [ 73.806584643880001, 34.71059937322876 ], [ 73.853804766147462, 34.743261184619762 ], [ 73.872167631278501, 34.774448048227271 ], [ 73.868182072501071, 34.806599261767893 ], [ 73.887065488472757, 34.871193988413339 ], [ 73.916677893602795, 34.929201451547485 ], [ 73.942927707897638, 34.958398392097699 ], [ 73.943362139462081, 34.989552694701636 ], [ 73.918735187226815, 35.016309937205385 ], [ 73.85349020666176, 35.039252649386285 ], [ 73.669000518500027, 35.061015438623421 ], [ 73.557809083167655, 35.063463906774913 ], [ 73.503876332305168, 35.067438810186843 ], [ 73.490196750394531, 35.107872974957374 ], [ 73.476536914332058, 35.139906748493118 ], [ 73.473143353407693, 35.166104763673786 ], [ 73.479826911474063, 35.197200508523039 ], [ 73.513247923883583, 35.243749400056068 ], [ 73.527102425284667, 35.255832179756915 ], [ 73.57081668539557, 35.311620951004947 ], [ 73.562529105374537, 35.339173899740899 ], [ 73.536815920904175, 35.361928622491455 ], [ 73.489763951959958, 35.383593587970189 ], [ 73.408764468710416, 35.403490842580695 ], [ 73.357351270717004, 35.402470122123155 ], [ 73.287710751667774, 35.387861149373968 ], [ 73.228182442548402, 35.381221869947922 ], [ 73.166239397236737, 35.379278835789179 ], [ 73.091667667195964, 35.408213735651486 ], [ 72.898450470567866, 35.530171851899965 ], [ 72.896167613189803, 35.572479460321354 ], [ 72.895910179351986, 35.638065431636761 ], [ 72.890126865116002, 35.642911094010145 ], [ 72.889619614673791, 35.645685423062673 ], [ 72.868404259764006, 35.668081438346327 ], [ 72.826126211564002, 35.677830864427875 ], [ 72.789222404443692, 35.681940119715975 ], [ 72.683626982672706, 35.667558249666001 ], [ 72.67155406355468, 35.66732527867336 ], [ 72.623570558520669, 35.659232526708593 ], [ 72.623174436856317, 35.659068190782911 ], [ 72.570924263899656, 35.650360640320415 ], [ 72.500327775916958, 35.635914115850312 ], [ 72.428407309129668, 35.625453439043312 ], [ 72.340726544507959, 35.63155630969873 ], [ 72.268651810374251, 35.649748867235992 ], [ 72.257869158826594, 35.671726153198449 ], [ 72.253039368091535, 35.684731931616497 ], [ 72.265205637658724, 35.713625756876247 ], [ 72.277623633831467, 35.7353699840166 ], [ 72.285541462008368, 35.760588536969792 ], [ 72.285897534075986, 35.763581778718972 ], [ 72.291316326517887, 35.791012463124929 ], [ 72.263363173943972, 35.850821316911123 ], [ 72.260846014827152, 35.896678140967396 ], [ 72.318206836173559, 36.013226003583128 ], [ 72.35372595054406, 36.040037478494078 ], [ 72.464635884486526, 36.062596281836832 ], [ 72.528532691222011, 36.086197203491437 ], [ 72.564401458252249, 36.116735810488507 ], [ 72.668798237670487, 36.231935297609063 ], [ 72.722939010410457, 36.272882145856542 ], [ 72.800222083148171, 36.318434751792935 ], [ 72.847345338122963, 36.424162698866397 ], [ 72.873243868912112, 36.478094826744972 ], [ 72.935243734369948, 36.503548300722393 ], [ 73.018692001259296, 36.517762763376389 ], [ 73.244437351245054, 36.533701785023297 ], [ 73.320589998021475, 36.531099319076638 ], [ 73.340986168165514, 36.522271456816917 ], [ 73.371788297598897, 36.518880041216129 ], [ 73.446657495050289, 36.524100802736093 ], [ 73.51302097581133, 36.524205019426041 ], [ 73.578290147714526, 36.525607440446073 ], [ 73.638242978057093, 36.550751875578868 ], [ 73.637804234736805, 36.566672309979289 ], [ 73.610857463432566, 36.611865177375002 ], [ 73.557030865692425, 36.630333087945317 ], [ 73.550423815154474, 36.636620125653629 ], [ 73.526867522251052, 36.64066747939043 ], [ 73.502310877557989, 36.649073164557855 ], [ 73.434811065551457, 36.674210291499762 ], [ 73.427658180629678, 36.67799190733205 ], [ 73.403650776212132, 36.701779620221714 ], [ 73.399919832798048, 36.709925417332109 ], [ 73.403848896418467, 36.733797272867079 ], [ 73.426856357555749, 36.746297095818171 ], [ 73.471038646245262, 36.755398986102747 ], [ 73.527161496675902, 36.7568717977923 ], [ 73.593156184602876, 36.740691531941771 ], [ 73.669024073822939, 36.704772655300062 ], [ 73.71248447289436, 36.685987981530161 ], [ 73.734461918362385, 36.674970278544173 ], [ 73.747657790441522, 36.674206013199871 ], [ 73.765842780754781, 36.669193739361894 ], [ 73.826684435897491, 36.666652446881521 ], [ 73.852183434321262, 36.675284699765655 ], [ 73.879731361182849, 36.696003068418072 ], [ 73.902521775802711, 36.720636872339234 ], [ 73.925279197508459, 36.747313251619182 ], [ 74.004645476365553, 36.758385454262395 ], [ 74.032463535115667, 36.77180772086102 ], [ 74.092504907947585, 36.812809450078262 ], [ 74.136589198417397, 36.835035703534814 ], [ 74.239715421989544, 36.840433022224737 ], [ 74.277219744975085, 36.84237368829131 ], [ 74.314649203996595, 36.848276298362592 ], [ 74.31654067608595, 36.863147552203969 ], [ 74.323805922084489, 36.864860512067857 ], [ 74.333146619621132, 36.883039877939041 ], [ 74.325836688975485, 36.903987238889805 ], [ 74.322516570410585, 36.917009503815748 ], [ 74.327263240163873, 36.924500256209257 ], [ 74.357433330202383, 36.943938518057024 ], [ 74.401852745847549, 36.956132637939852 ], [ 74.452885182889005, 36.955997062232456 ], [ 74.48785079743142, 36.9421595734376 ], [ 74.554947775118123, 36.900690992549258 ], [ 74.564998454627357, 36.892692725666947 ], [ 74.565026252082802, 36.892663712199308 ], [ 74.600603957770986, 36.8239280750593 ], [ 74.663403873837012, 36.818006908627446 ], [ 74.700392217438591, 36.834702047764019 ], [ 74.744467953503047, 36.841621797820444 ], [ 74.889077451644681, 36.880602985590848 ], [ 74.929860460594668, 36.925354889046346 ], [ 74.959545892696838, 36.967107854264455 ], [ 75.026437677072735, 37.005869321145319 ], [ 75.072842921244515, 36.99084717512126 ], [ 75.142345902119814, 36.912034927472284 ], [ 75.164983012697434, 36.86653994439569 ] ] ] } },
{ "type": "Feature", "properties": { "state_name": "Karikai", "id": 13 }, "geometry": { "type": "Polygon", "coordinates": [ [ [ 79.799766401899873, 10.973155364610211 ], [ 79.801206534883832, 10.71082462912717 ], [ 79.743225549386707, 10.737738306670488 ], [ 79.720189516766112, 10.757966518867077 ], [ 79.704200636653567, 10.780183287525904 ], [ 79.697122866311872, 10.804160127347355 ], [ 79.693787701444933, 10.83093183042873 ], [ 79.695676309363208, 10.869968280670298 ], [ 79.702463766256358, 10.895541167674782 ], [ 79.709853473687147, 10.914423417110347 ], [ 79.720622962457838, 10.927520831610309 ], [ 79.738082176483573, 10.949069526329728 ], [ 79.782899446256636, 10.968352669090248 ], [ 79.799766401899873, 10.973155364610211 ] ] ] } },
{ "type": "Feature", "properties": { "state_name": "Looshai Hills", "id": 14 }, "geometry": { "type": "Polygon", "coordinates": [ [ [ 93.162406335325699, 24.100965688916897 ], [ 93.184255745366798, 24.064159886256032 ], [ 93.228839830180036, 23.983772287204435 ], [ 93.238914582969599, 23.938914909201277 ], [ 93.239097689572716, 23.937764876296509 ], [ 93.239332526423397, 23.93705444658973 ], [ 93.265406735011084, 23.821050992869154 ], [ 93.271582786327315, 23.704584823988117 ], [ 93.262648276184322, 23.642528427564983 ], [ 93.249686153284472, 23.541602719355851 ], [ 93.243078478494056, 23.495311042890215 ], [ 93.230777875352601, 23.451093367802024 ], [ 93.218055661462827, 23.424929800431222 ], [ 93.209768466095866, 23.39822835292243 ], [ 93.203989318670608, 23.357372744497916 ], [ 93.201898890273668, 23.342571301218118 ], [ 93.16429397714036, 23.295856384376609 ], [ 93.120833142686223, 23.246375928566607 ], [ 93.096866275322711, 23.236331775108312 ], [ 93.080194255481928, 23.244754520517052 ], [ 93.040367345617312, 23.249493436533488 ], [ 93.002344933332267, 23.245692304279778 ], [ 92.970752270853566, 23.234188160918652 ], [ 92.950967625052527, 23.221279697892868 ], [ 92.94352536564854, 23.199979769298963 ], [ 92.939573624126993, 23.171336708762304 ], [ 92.935252745751882, 23.139964888818813 ], [ 92.939693327585005, 23.105459578216287 ], [ 92.925808758147483, 23.085158741903875 ], [ 92.904857319644108, 22.96183358233591 ], [ 92.93342642635713, 22.746243575844147 ], [ 92.954756087775323, 22.609049838496066 ], [ 93.001274396285922, 22.492524836634217 ], [ 93.008030776325498, 22.413276293682586 ], [ 92.987127688502909, 22.343786982641248 ], [ 92.974720643562122, 22.301020947576394 ], [ 92.959410225273871, 22.27961003729061 ], [ 92.94018209000096, 22.279066172525944 ], [ 92.906884394048944, 22.263480484196915 ], [ 92.906688135443488, 22.263337674206561 ], [ 92.892616931452636, 22.260967545309391 ], [ 92.849013646639492, 22.241270590506872 ], [ 92.84360368750373, 22.213848686227109 ], [ 92.830054613138856, 22.131160631959926 ], [ 92.791916938609489, 22.080771710484179 ], [ 92.782879829526223, 22.07668984225197 ], [ 92.737164179033627, 22.067967652216566 ], [ 92.71536075073422, 22.071795213490649 ], [ 92.705867873568067, 22.101956181284478 ], [ 92.696319977221322, 22.143212125747624 ], [ 92.681491235133265, 22.17813512456382 ], [ 92.635138501592067, 22.211049995671473 ], [ 92.597214484626548, 22.240247117568433 ], [ 92.586526637324795, 22.249760947514435 ], [ 92.542058094780316, 22.263045890097874 ], [ 92.518203793196136, 22.262930628276713 ], [ 92.508166407555066, 22.249533031703958 ], [ 92.473209373491258, 22.249706857228841 ], [ 92.451376105729096, 22.219418609433383 ], [ 92.437845065885014, 22.128949699592283 ], [ 92.433774329389649, 22.096945155075304 ], [ 92.401539523955421, 22.087278859018593 ], [ 92.395225828510448, 22.096907775335492 ], [ 92.398171139586935, 22.134406829818651 ], [ 92.395072986626673, 22.15694608398066 ], [ 92.392555872176359, 22.184047196720297 ], [ 92.389577502878566, 22.207500387462289 ], [ 92.391616187980432, 22.231325958912691 ], [ 92.401730843871007, 22.256109246109006 ], [ 92.410008670600021, 22.282018916408568 ], [ 92.412341495996415, 22.300260914845509 ], [ 92.412319959675983, 22.323389161317362 ], [ 92.407119933906898, 22.35264312005728 ], [ 92.393679946307969, 22.387439576130877 ], [ 92.391031175698529, 22.421040815738404 ], [ 92.392854164651922, 22.489306358963475 ], [ 92.389593123209181, 22.525756634540642 ], [ 92.383943518137286, 22.574505844745556 ], [ 92.385062062569489, 22.621577077673713 ], [ 92.385396764095688, 22.654855968005943 ], [ 92.373618126392856, 22.679312667896333 ], [ 92.35244513945365, 22.715930833625581 ], [ 92.3286572530792, 22.786173857564535 ], [ 92.311821139623561, 22.840835604796236 ], [ 92.302477956852385, 22.868736276777906 ], [ 92.300507302663959, 22.899515147208277 ], [ 92.299406367526714, 22.929271621040279 ], [ 92.297803262354122, 22.962790109568662 ], [ 92.297456961369605, 22.9906119054484 ], [ 92.276503154222112, 23.029092981777655 ], [ 92.25463402455631, 23.04544979508033 ], [ 92.245050729525289, 23.071539872930039 ], [ 92.235020803839589, 23.091744987972234 ], [ 92.234859424854903, 23.117411143269806 ], [ 92.230448440655351, 23.137643144240855 ], [ 92.238142775776595, 23.186270576411097 ], [ 92.235115319255499, 23.208849227876289 ], [ 92.226727464495127, 23.228705837898843 ], [ 92.235030557666263, 23.254677005617101 ], [ 92.242590797328617, 23.306893060791118 ], [ 92.233232132293011, 23.331297390851287 ], [ 92.24305331960565, 23.344158495252373 ], [ 92.2509180794668, 23.36550386869126 ], [ 92.253721529765599, 23.386497724586157 ], [ 92.240825587744666, 23.410206327015249 ], [ 92.221329368412171, 23.459691926654241 ], [ 92.202952609838917, 23.502568127516675 ], [ 92.192872382614922, 23.539868776809051 ], [ 92.185368532177591, 23.596347698179873 ], [ 92.179003638819964, 23.638795069188863 ], [ 92.168543442044211, 23.691221119226935 ], [ 92.18432927472611, 23.728378826281901 ], [ 92.206698350601542, 23.764726686349253 ], [ 92.207984608402242, 23.783548605527422 ], [ 92.209786695135094, 23.78454205109314 ], [ 92.222190688205529, 23.809075838233571 ], [ 92.219590210657813, 23.826992202052192 ], [ 92.211530688484814, 23.841829373344702 ], [ 92.201500441002139, 23.845284500855414 ], [ 92.191307800317404, 23.84879482958063 ], [ 92.167730430883324, 23.845942479867769 ], [ 92.159880735164307, 23.843203098369013 ], [ 92.149737199479176, 23.839662231423091 ], [ 92.143016754191706, 23.834851630126007 ], [ 92.149392397352926, 23.878132628678969 ], [ 92.157272185967216, 23.931097523932383 ], [ 92.16160545216654, 23.959990224727669 ], [ 92.165638407907252, 23.986726241432141 ], [ 92.16673604621792, 24.01152533512888 ], [ 92.176423067687139, 24.01918218280619 ], [ 92.228273142312133, 24.046339726144904 ], [ 92.243446136372739, 24.068370136738892 ], [ 92.25952130927709, 24.095950323056215 ], [ 92.265120477667111, 24.108172421661919 ], [ 92.269118746977213, 24.11823352529731 ], [ 92.295438081564612, 24.118189367380854 ], [ 92.332370945933846, 24.118482549267984 ], [ 92.37457417848718, 24.10989183597264 ], [ 92.410074213670512, 24.105439522135224 ], [ 92.461859483388537, 24.110222157254992 ], [ 92.487677266752172, 24.123564804611807 ], [ 92.513458239030385, 24.14112477527577 ], [ 92.533643724540553, 24.160532017342106 ], [ 92.567346732890229, 24.180884137977454 ], [ 92.601171236997203, 24.192795469647546 ], [ 92.639827928420388, 24.198013537973949 ], [ 92.715897213795486, 24.187618571558719 ], [ 92.772144924592823, 24.173969432700478 ], [ 92.844466990223253, 24.14568774527373 ], [ 92.897401274953197, 24.120997012182983 ], [ 92.926871972201894, 24.106604433374297 ], [ 92.990388832186071, 24.09226913046264 ], [ 93.035052739868433, 24.098628200966058 ], [ 93.076237891581371, 24.110982761865309 ], [ 93.112976547185596, 24.118720050746489 ], [ 93.162185931257255, 24.140335233491573 ], [ 93.162406335325699, 24.100965688916897 ] ] ] } },
{ "type": "Feature", "properties": { "state_name": "Madras Presidency", "id": 15 }, "geometry": { "type": "Polygon", "coordinates": [ [ [ 78.162448070867399, 8.93308609177712 ], [ 78.15579268768704, 8.926639725352432 ], [ 78.15083793234453, 8.909356312328169 ], [ 78.144071580368035, 8.890893092041141 ], [ 78.137927188932423, 8.874814037263278 ], [ 78.128760009402839, 8.856370227984643 ], [ 78.121426093399776, 8.841495297520501 ], [ 78.115294165310829, 8.826610031477891 ], [ 78.11155529409821, 8.810509764293284 ], [ 78.126059378274547, 8.749449580731474 ], [ 78.125994554984956, 8.741683271424751 ], [ 78.121686763059628, 8.729172324347889 ], [ 78.117389302163659, 8.717856049383089 ], [ 78.10342128154123, 8.698851709824735 ], [ 78.082709048542952, 8.662574194922588 ], [ 78.079585646051271, 8.647662473719411 ], [ 78.07402749234528, 8.628587812827664 ], [ 78.067869908660782, 8.609517653529686 ], [ 78.061108178787251, 8.589854486588839 ], [ 78.057963267481639, 8.571954774057801 ], [ 78.056586232648058, 8.549858510564645 ], [ 78.062312010234038, 8.515158871929586 ], [ 78.06851943611143, 8.465518501795056 ], [ 78.062381754086019, 8.44823945818216 ], [ 78.052054040208631, 8.432187748089994 ], [ 78.035729660171398, 8.398776160661154 ], [ 78.027707235797834, 8.387778004693535 ], [ 78.00103144357297, 8.359749006587569 ], [ 77.956740252569091, 8.323013103736432 ], [ 77.937756315693974, 8.311177507821414 ], [ 77.897129293953213, 8.288593876019902 ], [ 77.842602364849739, 8.265237380193668 ], [ 77.792600357651736, 8.235708114260404 ], [ 77.757348662243174, 8.211781538361381 ], [ 77.6956140663128, 8.178625541787998 ], [ 77.63627680799253, 8.152622074223499 ], [ 77.595790384133522, 8.139002409826485 ], [ 77.568883444970496, 8.136621517591072 ], [ 77.557978066776485, 8.135656011264533 ], [ 77.536334850215411, 8.128020952810738 ], [ 77.518540984116981, 8.115844052237112 ], [ 77.447183935875586, 8.0669945250638 ], [ 77.398214958763248, 8.076364731465222 ], [ 77.317538596084404, 8.090024245285077 ], [ 77.219750388821325, 8.147261536902011 ], [ 77.189084400197871, 8.169841009098713 ], [ 77.078874608265338, 8.259962664158948 ], [ 76.997362201955298, 8.325581954066667 ], [ 76.964734287140942, 8.349124541971566 ], [ 76.951337320347264, 8.368566184996707 ], [ 76.931265741137096, 8.404471755720873 ], [ 76.887130921715169, 8.444528316231491 ], [ 76.831415927459616, 8.495696629583824 ], [ 76.812135977685003, 8.521810344754185 ], [ 76.797104417682775, 8.527198783726552 ], [ 76.789273124986494, 8.534387863093482 ], [ 76.7634193235872, 8.572257484074097 ], [ 76.751964183448649, 8.604188350561564 ], [ 76.702254505895411, 8.657575481980391 ], [ 76.693854811175754, 8.672456823920978 ], [ 76.660361616584808, 8.709683982266435 ], [ 76.633440599937998, 8.739106109947897 ], [ 76.596906714314628, 8.770960124846445 ], [ 76.592643330218849, 8.772677550839603 ], [ 76.563940282304713, 8.802300265417481 ], [ 76.562831749547925, 8.817155564099464 ], [ 76.558668000316487, 8.827938473866343 ], [ 76.523304528987779, 8.8555962273507 ], [ 76.488565924119825, 8.890426249865172 ], [ 76.468525537097548, 8.910515376853231 ], [ 76.456612294551164, 8.925150236145976 ], [ 76.438924643796113, 8.961199114194784 ], [ 76.406774050122053, 9.047452572375063 ], [ 76.402179225538845, 9.064129491920076 ], [ 76.394465092618688, 9.096848593070243 ], [ 76.385804692544895, 9.159611095066811 ], [ 76.349594744774777, 9.224264885605221 ], [ 76.343344228696466, 9.237538438125522 ], [ 76.334437149229146, 9.25092071102717 ], [ 76.331196923417465, 9.256604025611566 ], [ 76.322791804976688, 9.279723458406753 ], [ 76.310845771239102, 9.305606973994559 ], [ 76.286973699548057, 9.364072501770842 ], [ 76.25688557750837, 9.437872014408162 ], [ 76.251691726294183, 9.467558534669729 ], [ 76.248843214570542, 9.479531591313096 ], [ 76.241653181986777, 9.49056304028813 ], [ 76.232526125111491, 9.499208635261716 ], [ 76.230689524135428, 9.501307373174145 ], [ 76.228311877983302, 9.508055659101984 ], [ 76.221379006341166, 9.651214165052684 ], [ 76.207896384353916, 9.721841573345213 ], [ 76.205110204587697, 9.787372722045021 ], [ 76.202754971451967, 9.803172079070121 ], [ 76.197048138668748, 9.82616102900146 ], [ 76.188924715460843, 9.848201427761996 ], [ 76.176491459087572, 9.879827150924966 ], [ 76.169880451313915, 9.904944115229817 ], [ 76.17394058644129, 9.90281031787649 ], [ 76.214313529503499, 9.863363964667412 ], [ 76.242225149754105, 9.824732474139656 ], [ 76.277863167427171, 9.73481882343833 ], [ 76.29715626910351, 9.636163692387973 ], [ 76.293375392449988, 9.582895084469817 ], [ 76.294400482574872, 9.528687373901459 ], [ 76.300180051202517, 9.506454446696337 ], [ 76.325137879128405, 9.483337703397167 ], [ 76.35680659579576, 9.481507565082701 ], [ 76.395260895742254, 9.487255681396736 ], [ 76.414574278342926, 9.503410905432023 ], [ 76.421380312454133, 9.518745046445247 ], [ 76.411740001841963, 9.531361234701546 ], [ 76.387594280034307, 9.536438385903551 ], [ 76.365439521504058, 9.544336459606615 ], [ 76.35485684244351, 9.554024698959335 ], [ 76.351008494806393, 9.569488237297652 ], [ 76.34334584737762, 9.647608180750819 ], [ 76.325083437032461, 9.705557162523668 ], [ 76.318363330220365, 9.729696284670016 ], [ 76.318427963412148, 9.757620853640443 ], [ 76.318401155814627, 9.797705042960418 ], [ 76.271427387593761, 9.895670208691534 ], [ 76.204399343055613, 9.966742100440738 ], [ 76.199191404698709, 9.976545279889944 ], [ 76.20188595768505, 9.980033574067996 ], [ 76.215469049433182, 9.998167647067591 ], [ 76.221318962718215, 10.013458448265714 ], [ 76.218439244586833, 10.028751697137404 ], [ 76.217531989413899, 10.033569628278391 ], [ 76.213723270064619, 10.047938794219618 ], [ 76.204177212838047, 10.077641122323545 ], [ 76.197774004297514, 10.119442735477818 ], [ 76.197576674627328, 10.120730840870461 ], [ 76.176485713885768, 10.163872860773306 ], [ 76.171662897095914, 10.165804182904848 ], [ 76.164866484551908, 10.156258184987093 ], [ 76.16958159575519, 10.12465964526443 ], [ 76.174199584242814, 10.113358507110808 ], [ 76.178197418343117, 10.103574417950549 ], [ 76.17909351733995, 10.084430764225798 ], [ 76.179006617146626, 10.060505482377133 ], [ 76.177006070953937, 10.041372094314669 ], [ 76.172479158660067, 10.032969866086333 ], [ 76.150207467509901, 10.120735327057298 ], [ 76.150026632967382, 10.122509364060836 ], [ 76.144864608837693, 10.173157660534045 ], [ 76.136946233972893, 10.194422327456362 ], [ 76.142823515857486, 10.205144237836567 ], [ 76.10563420380744, 10.278684346727124 ], [ 76.085799735305358, 10.332633178278021 ], [ 76.055651478976074, 10.410009541031208 ], [ 76.041784160134583, 10.430104874644888 ], [ 76.02389323538182, 10.473514536675445 ], [ 75.965197148937989, 10.566532799218484 ], [ 75.963244617937576, 10.569889181191172 ], [ 75.926705160052492, 10.632685702399609 ], [ 75.886217580658169, 10.683527498109392 ], [ 75.865717907875265, 10.773940026662371 ], [ 75.82848402387765, 10.868760802454643 ], [ 75.827702921199972, 10.871275579069707 ], [ 75.825681457115977, 10.876502116427908 ], [ 75.81347717197653, 10.935502908485692 ], [ 75.805790151055604, 10.990961586725117 ], [ 75.783896617388322, 11.071747236871451 ], [ 75.738602687787733, 11.215240555985492 ], [ 75.715133810689409, 11.273120178693921 ], [ 75.684344866083194, 11.329787027177819 ], [ 75.638489484399912, 11.388803670075033 ], [ 75.634185108225452, 11.394899096881266 ], [ 75.608014013696732, 11.434635062812502 ], [ 75.602393862141554, 11.467198975697514 ], [ 75.586987729091348, 11.496126206236198 ], [ 75.571433053574111, 11.51538354357751 ], [ 75.571165456319505, 11.520595434478398 ], [ 75.562461144539384, 11.535686446505485 ], [ 75.520425184847127, 11.58646477383788 ], [ 75.511838915289403, 11.604550674410863 ], [ 75.507761634674665, 11.661255789603011 ], [ 75.494754348819399, 11.688977094842684 ], [ 75.488874725942992, 11.691894697080013 ], [ 75.534903842808362, 11.724848290820036 ], [ 75.558552092744748, 11.761097387252795 ], [ 75.563713812822087, 11.781621125030501 ], [ 75.560436750122719, 11.808164300242266 ], [ 75.541290621234694, 11.832265023352013 ], [ 75.508705178486096, 11.853918465505007 ], [ 75.475841956698901, 11.856249555848553 ], [ 75.440386864319905, 11.84769901066969 ], [ 75.365273561271891, 11.818262263684923 ], [ 75.362671486485098, 11.832465410563037 ], [ 75.359042069675255, 11.843237260718704 ], [ 75.357889786351194, 11.845362536459714 ], [ 75.348136694481013, 11.863349701421837 ], [ 75.312474050641214, 11.905024678413252 ], [ 75.28042051590198, 11.922285972856024 ], [ 75.272413653948632, 11.933778894264627 ], [ 75.257861427094213, 11.962505255401766 ], [ 75.231643233900698, 11.994829829409136 ], [ 75.16241701704142, 12.064506696142265 ], [ 75.158842519785878, 12.069098289609631 ], [ 75.121598388263322, 12.116927938826844 ], [ 75.068363014139237, 12.179395825503619 ], [ 75.06399343400011, 12.213851739012471 ], [ 75.036270061797495, 12.261949912946012 ], [ 75.019487765562431, 12.325118460460978 ], [ 74.982982390226937, 12.376082570968684 ], [ 74.964724056552768, 12.404075010426968 ], [ 74.95814781145414, 12.428479222698666 ], [ 74.944268508923173, 12.442832668320268 ], [ 74.94378744308267, 12.44360594941328 ], [ 74.93623130109755, 12.455751229202452 ], [ 74.928191119989336, 12.476565281036468 ], [ 74.904799769166416, 12.521779022312391 ], [ 74.874834539227862, 12.544736054529496 ], [ 74.85288514535587, 12.597123467165014 ], [ 74.83678116117602, 12.638745667615293 ], [ 74.80820444907738, 12.733473676866621 ], [ 74.767912568459593, 12.817420987896741 ], [ 74.752485847754286, 12.885595001738917 ], [ 74.740708811386028, 12.954489029665854 ], [ 74.728198389742857, 13.018356967532268 ], [ 74.719282011089291, 13.13534154446589 ], [ 74.706762857480925, 13.193465286098046 ], [ 74.694275991460387, 13.220725052217301 ], [ 74.683988986283921, 13.244398108162221 ], [ 74.678845193310764, 13.255875576697864 ], [ 74.677330503477961, 13.293196225721802 ], [ 74.669968283861323, 13.318307657502546 ], [ 74.665558087986085, 13.327632483377066 ], [ 74.663310602002255, 13.362798608458958 ], [ 74.644944922261601, 13.390047398319712 ], [ 74.635397185521356, 13.401517514284432 ], [ 74.628044764061073, 13.415143673124378 ], [ 74.627218405496706, 13.475431646232886 ], [ 74.599272593798915, 13.522040642051728 ], [ 74.580096824752658, 13.58157988192762 ], [ 74.578529113278734, 13.638276747762536 ], [ 74.573352086150365, 13.660517004066323 ], [ 74.563037345203284, 13.682030365236658 ], [ 74.547598707586587, 13.694921399382673 ], [ 74.539496355939932, 13.709260590734516 ], [ 74.529187766968789, 13.725030684728045 ], [ 74.529118969055872, 13.759480317028292 ], [ 74.524401636141107, 13.913058529145628 ], [ 74.513271129913278, 13.965427980338498 ], [ 74.477875472339434, 14.019180827162659 ], [ 74.416586492069882, 14.12956253917482 ], [ 74.384006683300584, 14.212012549972513 ], [ 74.381447197699018, 14.241922497799978 ], [ 74.457511156378899, 14.219331341090259 ], [ 74.494391545663831, 14.208154095736356 ], [ 74.556552493423808, 14.205995361916475 ], [ 74.599444604855094, 14.202149328454578 ], [ 74.622873835245102, 14.182077082380216 ], [ 74.638971260445985, 14.167730251691601 ], [ 74.644511142200457, 14.138721678504215 ], [ 74.651512090713425, 14.108278461193635 ], [ 74.676384819799907, 14.08676026517953 ], [ 74.69704512171414, 14.082633890646941 ], [ 74.719066964878394, 14.06979932687592 ], [ 74.730708452030939, 14.055392591251312 ], [ 74.743768618580688, 14.036639546159723 ], [ 74.758305693008111, 14.017901575650628 ], [ 74.774338995570076, 14.000632086668313 ], [ 74.78903017396712, 13.993522455205339 ], [ 74.812533575445471, 13.982144822699313 ], [ 74.839073263723961, 13.976612730648732 ], [ 74.855300310512945, 13.973877339576516 ], [ 74.88327459405221, 13.965448475049346 ], [ 74.892022130011284, 13.956814811445415 ], [ 74.899039500369057, 13.930711738479447 ], [ 74.907597050143352, 13.908987851280065 ], [ 74.92054575742425, 13.884400414935445 ], [ 74.94237921125351, 13.861354383961935 ], [ 74.9934372205106, 13.816776736380898 ], [ 75.016537621180078, 13.780644190479141 ], [ 75.029294722152784, 13.744413712384384 ], [ 75.028742926241023, 13.70661167470602 ], [ 75.028321400607567, 13.677537729055551 ], [ 75.044091602132198, 13.645701293574934 ], [ 75.093233869443239, 13.576357600257014 ], [ 75.127878777309007, 13.525774161144472 ], [ 75.153792663511354, 13.483834547077912 ], [ 75.165325814788986, 13.466484940591164 ], [ 75.166628308974907, 13.454871024968933 ], [ 75.164898897948376, 13.437424048299698 ], [ 75.155994892055972, 13.433000571522584 ], [ 75.110214204580871, 13.425398102113785 ], [ 75.059789909073999, 13.401781046364199 ], [ 75.044794283993269, 13.382791204024056 ], [ 75.041486767736529, 13.356633319018421 ], [ 75.042659785088077, 13.334866486844117 ], [ 75.04978389958346, 13.317499709585784 ], [ 75.093861373620925, 13.310562173138601 ], [ 75.138221774514108, 13.323944436527032 ], [ 75.164726544587282, 13.324128947291406 ], [ 75.18946249414843, 13.303966573879102 ], [ 75.203636019923209, 13.266304711429363 ], [ 75.219425086802929, 13.238817347207053 ], [ 75.245530554112491, 13.212843675068317 ], [ 75.273376443782112, 13.205750695990881 ], [ 75.292478230863466, 13.204410165269998 ], [ 75.320576779336449, 13.214735972163631 ], [ 75.347511770812787, 13.245388157604456 ], [ 75.371288703347147, 13.261497768037637 ], [ 75.405161285534049, 13.264582795112178 ], [ 75.432904537872673, 13.251649896025194 ], [ 75.437043313775632, 13.234232480377363 ], [ 75.439620518053317, 13.210995635722675 ], [ 75.445139214209661, 13.187775048789447 ], [ 75.466715691820937, 13.157366789457839 ], [ 75.514911302285839, 13.137247870515944 ], [ 75.588034539193373, 13.112873051177774 ], [ 75.597873416235302, 13.085297909244415 ], [ 75.60014657677317, 13.044611992298714 ], [ 75.650973051050585, 13.007027544657326 ], [ 75.668346397818226, 12.991106230811756 ], [ 75.682608223521086, 12.964997104232506 ], [ 75.679354374900768, 12.94609205049292 ], [ 75.667215749076789, 12.922800571889896 ], [ 75.649444972677117, 12.914024173079435 ], [ 75.596433977565297, 12.905135483570762 ], [ 75.55816932389844, 12.899203069913046 ], [ 75.522518171744807, 12.871507729939013 ], [ 75.522363427262718, 12.861347130980171 ], [ 75.532236940118892, 12.835252086098347 ], [ 75.56122571168693, 12.812113407482057 ], [ 75.629850654064001, 12.790525810045656 ], [ 75.676558197806457, 12.77467499170606 ], [ 75.690814274046403, 12.748573909087137 ], [ 75.687391468381833, 12.71807720425719 ], [ 75.666371356582488, 12.687549198624072 ], [ 75.624971457622237, 12.665696209338309 ], [ 75.573507043692601, 12.655434773100124 ], [ 75.513500825060717, 12.661104293211528 ], [ 75.447714788247296, 12.67396748053859 ], [ 75.400781808992221, 12.673803342193033 ], [ 75.37266256594306, 12.656293563582347 ], [ 75.33814654778655, 12.601054403816248 ], [ 75.333076580220975, 12.553190408543879 ], [ 75.33532166463749, 12.503911685762555 ], [ 75.36802578421829, 12.431564265675105 ], [ 75.401202000021684, 12.393998757610639 ], [ 75.452552960229298, 12.337464501415379 ], [ 75.479523956608475, 12.345992771286008 ], [ 75.535585136745624, 12.341289179404512 ], [ 75.586517677395463, 12.320837122985619 ], [ 75.610286500577615, 12.278591381265098 ], [ 75.63899367738702, 12.241172323458674 ], [ 75.6764430865165, 12.2182407099725 ], [ 75.733546497999768, 12.204964921803626 ], [ 75.763849049584266, 12.192886632134112 ], [ 75.781790805492449, 12.16993488248786 ], [ 75.793337577130032, 12.127658081396458 ], [ 75.850323478985146, 12.027386032938255 ], [ 75.886549068462216, 12.004408328828847 ], [ 75.975483147584185, 11.997064738066241 ], [ 76.074375244061585, 11.998144477028033 ], [ 76.177227360662826, 12.012500617364699 ], [ 76.191852842689414, 12.010059968382444 ], [ 76.210005125823017, 11.999148174894929 ], [ 76.215833842146282, 11.982209291338487 ], [ 76.223745752866577, 11.943502263067629 ], [ 76.236630281549012, 11.909622474080679 ], [ 76.247331960627335, 11.891463617692132 ], [ 76.283908646732755, 11.885332985620584 ], [ 76.338941226991835, 11.885200367814317 ], [ 76.365711539892857, 11.876666993958928 ], [ 76.382271712786832, 11.842755272319675 ], [ 76.421717284267459, 11.78700658477616 ], [ 76.458123764778037, 11.768754332914629 ], [ 76.515304852086231, 11.748011624461057 ], [ 76.545281440568203, 11.71041313172203 ], [ 76.607629150938564, 11.707176785470264 ], [ 76.620938498308021, 11.697451182091495 ], [ 76.693200021313913, 11.62338112495997 ], [ 76.742874790803185, 11.589308514748348 ], [ 76.795398694155111, 11.578205103259213 ], [ 76.854397218150524, 11.586437760281406 ], [ 76.899948624970719, 11.595941961471942 ], [ 76.924157083973583, 11.595846530560667 ], [ 76.93088925306489, 11.628613432870083 ], [ 76.931681674830131, 11.673690736715136 ], [ 76.933726921725452, 11.705687183997831 ], [ 76.942936466018722, 11.726030435156824 ], [ 76.958128416824877, 11.75073185430236 ], [ 76.98960764386878, 11.778321625389435 ], [ 77.031616929714446, 11.814669201880978 ], [ 77.068785416861232, 11.827739846385658 ], [ 77.117779333541293, 11.839368074166181 ], [ 77.152096672267263, 11.85396145360364 ], [ 77.17133634802704, 11.921233213722147 ], [ 77.185212971381361, 11.944679464497042 ], [ 77.214071221915276, 11.972602499228357 ], [ 77.22791896728323, 11.991726816183764 ], [ 77.243443052248935, 12.016766555447294 ], [ 77.244074694938973, 12.040283746956588 ], [ 77.240005782820248, 12.054958808226889 ], [ 77.207747164406555, 12.073852250518422 ], [ 77.158999131310566, 12.086786548493977 ], [ 77.138982259762841, 12.117505276948052 ], [ 77.120455675835757, 12.148231418454579 ], [ 77.08985136824711, 12.171543724272841 ], [ 77.046830684767869, 12.172789417821447 ], [ 77.035322879468538, 12.187398394262976 ], [ 77.031490961482405, 12.212311609489864 ], [ 77.04564636686257, 12.243216076705547 ], [ 77.072892109145954, 12.261044329161823 ], [ 77.092380114953272, 12.265619648265625 ], [ 77.110232990601219, 12.264310667355145 ], [ 77.117480513652879, 12.257016878790594 ], [ 77.129335717211006, 12.254186577421466 ], [ 77.149394350183698, 12.275045903198155 ], [ 77.164420841635845, 12.276709185386592 ], [ 77.17908203416917, 12.266563491560532 ], [ 77.205469419414527, 12.247716850700334 ], [ 77.226117152710543, 12.236190058775792 ], [ 77.254440082182512, 12.227767670626816 ], [ 77.272532688573037, 12.226618081946167 ], [ 77.298660238398341, 12.235993075079527 ], [ 77.312771094095481, 12.25221565106105 ], [ 77.331253524106359, 12.273692165584539 ], [ 77.341639365663255, 12.273455871729162 ], [ 77.354916583795315, 12.270259678798498 ], [ 77.406128666165387, 12.241596457197993 ], [ 77.428199486948515, 12.233852316330832 ], [ 77.444448977461747, 12.230581518684991 ], [ 77.501995599581534, 12.216214410106176 ], [ 77.476669620722419, 12.222538961122556 ], [ 77.553743589180641, 12.305230786920008 ], [ 77.61026284301505, 12.384201972331221 ], [ 77.62885487824903, 12.413667929391703 ], [ 77.638315081183165, 12.434669019251741 ], [ 77.640875397878077, 12.456800455985167 ], [ 77.632706923645387, 12.484977492349898 ], [ 77.607317113305385, 12.498124752802202 ], [ 77.568891993859467, 12.504822057732847 ], [ 77.54761802079075, 12.523653418907514 ], [ 77.540142037616434, 12.540230133764286 ], [ 77.540527897918295, 12.554693116967814 ], [ 77.547760062479583, 12.566101621092626 ], [ 77.562930258923728, 12.57828888866057 ], [ 77.580284805636339, 12.598143007499855 ], [ 77.595764920503612, 12.621900223054533 ], [ 77.608252851938843, 12.644762932316038 ], [ 77.617774871303254, 12.667695393979798 ], [ 77.631020355078448, 12.681855651812686 ], [ 77.637994791335899, 12.683620545391483 ], [ 77.649861983927451, 12.683339659687009 ], [ 77.683046904754988, 12.666147386054366 ], [ 77.716159377350152, 12.64605558287554 ], [ 77.745524861595214, 12.633768474808795 ], [ 77.764267562955666, 12.631385125908619 ], [ 77.797012633041717, 12.634450002671882 ], [ 77.839930636128273, 12.647877926838078 ], [ 77.864206062548803, 12.66755005093534 ], [ 77.877626545755859, 12.688452992480732 ], [ 77.880065623073861, 12.705764923805736 ], [ 77.8784213016298, 12.718351359673903 ], [ 77.874567901806955, 12.722306265446566 ], [ 77.844165334090761, 12.732701135331025 ], [ 77.811891504178334, 12.746996542609653 ], [ 77.800388798227573, 12.760784234157503 ], [ 77.795862460016764, 12.776331803068143 ], [ 77.796203269850352, 12.788866605790529 ], [ 77.805339515442057, 12.797329178767717 ], [ 77.820277736396562, 12.800826637915552 ], [ 77.842111964791684, 12.803190681815641 ], [ 77.86891715410566, 12.80639630475646 ], [ 77.885938389529841, 12.813698702648493 ], [ 77.894296192170728, 12.829896495150404 ], [ 77.893834592728481, 12.849204468680666 ], [ 77.887654614626427, 12.876369749888671 ], [ 77.887465186737671, 12.905316310754891 ], [ 77.890165803822583, 12.931296889922333 ], [ 77.903422002883246, 12.945443093672903 ], [ 77.912427917344885, 12.949081385298406 ], [ 77.925281172587106, 12.948766227432953 ], [ 77.968998294756133, 12.919711866699668 ], [ 78.03509118823267, 12.839912788200101 ], [ 78.059243725855467, 12.818075714603456 ], [ 78.07985870420994, 12.811764934559003 ], [ 78.148056966745372, 12.808099965536121 ], [ 78.276762880485464, 12.80863402746478 ], [ 78.352477566062916, 12.815351941725941 ], [ 78.364919699754154, 12.836740937002611 ], [ 78.386230183256558, 12.856445747552888 ], [ 78.414809043355092, 12.87016431641039 ], [ 78.437451497424661, 12.88403891483367 ], [ 78.4541195270955, 12.896624061744202 ], [ 78.463750287296421, 12.923875814317853 ], [ 78.464674698051979, 12.958599015398745 ], [ 78.468223752405876, 12.980220930359142 ], [ 78.48063788838617, 13.0001576698271 ], [ 78.491218069999377, 13.007113217647298 ], [ 78.510738775706997, 13.015276197636309 ], [ 78.527253274692058, 13.022071052676425 ], [ 78.550248823119134, 13.048959423438093 ], [ 78.56118212253557, 13.068933314416768 ], [ 78.570633541989267, 13.088946808260832 ], [ 78.587502977857, 13.108759236756494 ], [ 78.608862663539426, 13.129896789188447 ], [ 78.661528733042374, 13.155970882433014 ], [ 78.670864820644866, 13.171641528416295 ], [ 78.677475494480902, 13.196073002199739 ], [ 78.684129712399297, 13.221950495324636 ], [ 78.68457336694064, 13.237863216358171 ], [ 78.67764575433273, 13.255424440186564 ], [ 78.658819279595747, 13.271860886760313 ], [ 78.57489082439804, 13.294392265447163 ], [ 78.484879506324845, 13.311264141273345 ], [ 78.458658078074663, 13.327876740971732 ], [ 78.447347002763848, 13.346988760119162 ], [ 78.444889850523481, 13.364420086980093 ], [ 78.445696890242829, 13.391895781391996 ], [ 78.455744002232592, 13.430705699097054 ], [ 78.467194742272994, 13.466583488956106 ], [ 78.478001360890431, 13.480770614390556 ], [ 78.471338606859888, 13.519623476107341 ], [ 78.471600681483494, 13.528299019383246 ], [ 78.475480476057101, 13.533985395522187 ], [ 78.490693861560914, 13.546609003827051 ], [ 78.509458637164485, 13.554073473056702 ], [ 78.532147627134606, 13.568668344596901 ], [ 78.545315842632874, 13.587131617616427 ], [ 78.549120605594467, 13.614524752733686 ], [ 78.548757619275193, 13.626834102268734 ], [ 78.543905848461108, 13.637815124705865 ], [ 78.527156356427355, 13.647663188164202 ], [ 78.506434187561041, 13.648932783495422 ], [ 78.479560618279464, 13.643127383277193 ], [ 78.454708276922318, 13.630755415034436 ], [ 78.421816639593104, 13.622208015222546 ], [ 78.404144606160216, 13.626284529260186 ], [ 78.385865189131991, 13.63471623129125 ], [ 78.365857977859861, 13.635233272115849 ], [ 78.351600016133659, 13.629813331588087 ], [ 78.339431461284434, 13.619998346638791 ], [ 78.326344476329496, 13.604418919644152 ], [ 78.312362570688947, 13.583797724935746 ], [ 78.298581228783974, 13.569681730473205 ], [ 78.279202590761244, 13.566559676983241 ], [ 78.261438188312894, 13.567735815653052 ], [ 78.247644119054158, 13.577491094396239 ], [ 78.235531897215537, 13.593713632519336 ], [ 78.233255595482731, 13.616197066953292 ], [ 78.233990959627818, 13.640050739919301 ], [ 78.231630156912956, 13.659642127743691 ], [ 78.218737849160803, 13.67443564806754 ], [ 78.194345879903963, 13.701089669771573 ], [ 78.186077960351781, 13.721547551073954 ], [ 78.187042287292414, 13.728755087683226 ], [ 78.188703000911474, 13.734498627479137 ], [ 78.195507746926069, 13.738666628484536 ], [ 78.219227148290244, 13.738069955031902 ], [ 78.26230585976441, 13.73987365647656 ], [ 78.277240840934624, 13.743110324685913 ], [ 78.28727699597097, 13.755871314557735 ], [ 78.29133839048572, 13.767337197818204 ], [ 78.291040337465859, 13.781805359466494 ], [ 78.286946589365797, 13.793477172351729 ], [ 78.277795191021866, 13.809614169102279 ], [ 78.274180642428334, 13.837174757376909 ], [ 78.273241195922893, 13.879841510201363 ], [ 78.277812746992296, 13.908632083063274 ], [ 78.276062826652449, 13.924573787310219 ], [ 78.264824648771452, 13.945812945066368 ], [ 78.252307848522932, 13.949019931571632 ], [ 78.234430053675752, 13.94658141473613 ], [ 78.214833305850632, 13.936236833603603 ], [ 78.20326180760128, 13.921353366072616 ], [ 78.191559860996051, 13.902135985496322 ], [ 78.181187352833788, 13.877824534504073 ], [ 78.170135828834219, 13.855695871410733 ], [ 78.147438085772819, 13.841083609948116 ], [ 78.132283738639572, 13.830618351225874 ], [ 78.107142058222081, 13.833410812234844 ], [ 78.09314253088364, 13.836648594679238 ], [ 78.08516104585658, 13.842628376009168 ], [ 78.071573288398781, 13.859587858143819 ], [ 78.055845738139453, 13.879489380354928 ], [ 78.049862637139356, 13.902763044772501 ], [ 78.045338461171724, 13.925276582004516 ], [ 78.038523331814943, 13.945677141417926 ], [ 78.005096852538131, 13.969618251953811 ], [ 77.993615522103426, 13.982904479681014 ], [ 77.984570209732581, 14.003355694690484 ], [ 77.984273740197011, 14.018535276251251 ], [ 77.983192581835738, 14.032288549652579 ], [ 77.980349791532788, 14.040621466477662 ], [ 77.977724622189541, 14.048315657730672 ], [ 77.958039297242095, 14.060353648953528 ], [ 77.937889861795114, 14.056508096498725 ], [ 77.91892791548787, 14.042517848954935 ], [ 77.897465174887472, 14.019193265442679 ], [ 77.881848393621155, 13.99283483782261 ], [ 77.879092193008105, 13.974836623977321 ], [ 77.871579389723792, 13.871673159032014 ], [ 77.870059829251048, 13.8456885353951 ], [ 77.864500368311539, 13.833533088688572 ], [ 77.847599225680426, 13.814418695000841 ], [ 77.827075797775151, 13.798279913667816 ], [ 77.770690123102597, 13.74972710375132 ], [ 77.708971800171895, 13.696940414493877 ], [ 77.692369786913588, 13.687925790651041 ], [ 77.663990092916748, 13.682075670741833 ], [ 77.645449524944894, 13.682504306352406 ], [ 77.630616853834411, 13.6828462742172 ], [ 77.594083692430416, 13.701764224576998 ], [ 77.581193710028515, 13.717244696052877 ], [ 77.575130518582682, 13.737629783756248 ], [ 77.576002114564432, 13.766531819043804 ], [ 77.568222001449982, 13.828884048063776 ], [ 77.560794634623718, 13.853631435021525 ], [ 77.551666682959919, 13.871187633510754 ], [ 77.539420180252662, 13.883753977580703 ], [ 77.518798673410089, 13.889280913206157 ], [ 77.493618542478032, 13.891294839930394 ], [ 77.465363477559606, 13.889761159277361 ], [ 77.43880518708896, 13.895414893682188 ], [ 77.424287180173408, 13.906580809735079 ], [ 77.37992305679964, 13.963219488577815 ], [ 77.343458454885578, 13.985705629283572 ], [ 77.324018731839459, 13.981072861566625 ], [ 77.309667219622227, 13.972713628293498 ], [ 77.29875062019984, 13.954882372990047 ], [ 77.293027241946149, 13.93693701258149 ], [ 77.297892538447982, 13.850087181685069 ], [ 77.297164602605079, 13.825523027456994 ], [ 77.286961771220334, 13.806947428208753 ], [ 77.274091410788145, 13.798550540652636 ], [ 77.257070115037692, 13.800364578740123 ], [ 77.228862934276961, 13.825553550473487 ], [ 77.192089046982588, 13.862488501331661 ], [ 77.172841198371529, 13.889646510159443 ], [ 77.169724744016165, 13.909953631546664 ], [ 77.176183320861071, 13.97848535826471 ], [ 77.178151337879513, 13.995067464575568 ], [ 77.178634452018983, 14.011680818418837 ], [ 77.170848821995051, 14.0248564412764 ], [ 77.158463262922311, 14.033070376020648 ], [ 77.137913770286218, 14.041456848696066 ], [ 77.127011537254404, 14.049637813831286 ], [ 77.120603626235436, 14.059168824833588 ], [ 77.119432236391418, 14.070034446688732 ], [ 77.12275521009127, 14.08225032068788 ], [ 77.129129769793437, 14.097292071933062 ], [ 77.129774126866934, 14.11968151203218 ], [ 77.123530177580065, 14.134989746836062 ], [ 77.095598067056727, 14.170989705160132 ], [ 77.085805265054333, 14.192152314922163 ], [ 77.086856640698699, 14.202969458893991 ], [ 77.093804584269009, 14.212216915342365 ], [ 77.107453133258375, 14.222044939464805 ], [ 77.123946975822079, 14.227476114761823 ], [ 77.151429903984507, 14.227613871491796 ], [ 77.185344733715141, 14.218939901192313 ], [ 77.244592967502044, 14.187314044852158 ], [ 77.328974744784034, 14.126220484900962 ], [ 77.360936610122664, 14.101670431988593 ], [ 77.40885380701171, 14.089768482889527 ], [ 77.426473122199681, 14.082872095193931 ], [ 77.437946626528216, 14.068886086531133 ], [ 77.444225639535745, 14.055015793224015 ], [ 77.459323185569247, 14.038056802630775 ], [ 77.472998839862925, 14.023296648937254 ], [ 77.493477328655516, 14.012718181263974 ], [ 77.504479255099909, 14.00813377217278 ], [ 77.5193382794684, 14.008520161274783 ], [ 77.529046167875038, 14.01046796633463 ], [ 77.537439067808435, 14.018226410434458 ], [ 77.539618269836595, 14.042023385916927 ], [ 77.535265628107496, 14.071026010578169 ], [ 77.488312235115245, 14.167464745628982 ], [ 77.492416492063583, 14.181098950743936 ], [ 77.49942590431742, 14.19249953903099 ], [ 77.510824533366332, 14.201632632299317 ], [ 77.533351927148701, 14.210511315666842 ], [ 77.561051409419449, 14.218546764520651 ], [ 77.588729342049717, 14.225857016080919 ], [ 77.62425871095067, 14.248151506712054 ], [ 77.653561671685921, 14.286475177705993 ], [ 77.66944551319763, 14.322939714295673 ], [ 77.670386783300415, 14.356140240247504 ], [ 77.66907934493986, 14.388669867350398 ], [ 77.664537633607964, 14.41188601464113 ], [ 77.651854291725925, 14.436014563361789 ], [ 77.632330288068275, 14.454525042252374 ], [ 77.617094569550844, 14.467157112137457 ], [ 77.599308867247771, 14.468293287716666 ], [ 77.583606978184292, 14.464324795469393 ], [ 77.567722559754841, 14.453859798364586 ], [ 77.556066331124484, 14.435351730651906 ], [ 77.541581696055403, 14.369238891159522 ], [ 77.528954714823328, 14.342803675864754 ], [ 77.51022143615792, 14.336730849591415 ], [ 77.481324813416862, 14.338832910586216 ], [ 77.463101585012424, 14.350803159956591 ], [ 77.432548332530374, 14.373162822280293 ], [ 77.413682559807398, 14.388756001157894 ], [ 77.386774598735002, 14.408861870059585 ], [ 77.364033357740723, 14.418759878567149 ], [ 77.341769724842507, 14.41925516675823 ], [ 77.319282377638217, 14.411807642113342 ], [ 77.29366331915071, 14.398647791077179 ], [ 77.27464160466242, 14.382450634469002 ], [ 77.244433463734282, 14.338320502461233 ], [ 77.2004256943667, 14.305318301014264 ], [ 77.185540490568627, 14.304193975672685 ], [ 77.170757315892004, 14.306679053768432 ], [ 77.154652833853135, 14.314971572007492 ], [ 77.145166916084406, 14.320954348711259 ], [ 77.129987309125553, 14.335728119913478 ], [ 77.09376804458816, 14.368287161480957 ], [ 77.077883471274106, 14.384517773383779 ], [ 77.078592114436304, 14.40978897548556 ], [ 77.093201854088178, 14.427540657980506 ], [ 77.120309526835982, 14.440690240995322 ], [ 77.2004213209824, 14.463529601990285 ], [ 77.210433504376738, 14.476314769153623 ], [ 77.221830351136745, 14.512182950777504 ], [ 77.220064548091372, 14.52883403111977 ], [ 77.207143350834514, 14.545005035910023 ], [ 77.165892267521258, 14.557453977025837 ], [ 77.141453952083282, 14.560146354294675 ], [ 77.057599930235398, 14.563375295665312 ], [ 77.01047714330771, 14.578811160441321 ], [ 76.989398721556157, 14.595863801185523 ], [ 76.976624751877466, 14.617798000242102 ], [ 76.974068081806209, 14.633018729575177 ], [ 76.976123448163918, 14.653921263556722 ], [ 76.984098879748814, 14.673977671721172 ], [ 77.007843918105735, 14.700202747838192 ], [ 77.012123150992124, 14.721055208084685 ], [ 77.006567538891204, 14.763052732669891 ], [ 77.01075613616446, 14.808450295181133 ], [ 77.017748120788639, 14.819853807948187 ], [ 77.028472054077199, 14.831899539832451 ], [ 77.041288909318382, 14.838846714401027 ], [ 77.08638243190515, 14.858096227103427 ], [ 77.101559653165822, 14.870040463331438 ], [ 77.110320554587489, 14.892225153365205 ], [ 77.108588488646504, 14.911025997901524 ], [ 77.097296229179719, 14.9336400113759 ], [ 77.037552305776032, 14.978937304882198 ], [ 77.023074473361461, 14.993676628587012 ], [ 77.014630892128167, 15.011894093660093 ], [ 77.012221222367472, 15.033589520435482 ], [ 77.003143488361786, 15.056146815989383 ], [ 76.987731180078569, 15.063688053605931 ], [ 76.949847769283309, 15.064488112213381 ], [ 76.941620810154404, 15.062496721092824 ], [ 76.915323429063008, 15.051503860361397 ], [ 76.911984752425752, 15.048557267043146 ], [ 76.899350769414724, 15.037406411430448 ], [ 76.895866239471061, 15.025176096540161 ], [ 76.893628269293856, 15.017321730234782 ], [ 76.886062357843343, 14.983562346662806 ], [ 76.877107445588592, 14.925287373114326 ], [ 76.85528327532046, 14.858600940816373 ], [ 76.795153596489683, 14.777504929416377 ], [ 76.752729550987382, 14.719852939317574 ], [ 76.749156600519697, 14.697533545341559 ], [ 76.753227609557101, 14.65555979716744 ], [ 76.762943384672951, 14.630085807060714 ], [ 76.77332100369857, 14.601708277304125 ], [ 76.775195715662292, 14.588668572168601 ], [ 76.773454478810379, 14.579312456475055 ], [ 76.766493961176451, 14.569337505567288 ], [ 76.746301131215006, 14.564680774527437 ], [ 76.729216847838273, 14.565017759027874 ], [ 76.703316512871012, 14.569138192921345 ], [ 76.676203863920605, 14.583392877789453 ], [ 76.625920271161291, 14.620485359284363 ], [ 76.5794880575299, 14.690721022703652 ], [ 76.535702239726703, 14.777506845602996 ], [ 76.526403791870393, 14.791405709949942 ], [ 76.5110252154428, 14.800362634528549 ], [ 76.496141468780849, 14.799919717640721 ], [ 76.470356296663596, 14.780899479332515 ], [ 76.44923968704785, 14.769734541756021 ], [ 76.426845794415783, 14.766536316953106 ], [ 76.41051212239536, 14.767558681694949 ], [ 76.393491768814954, 14.770759356052562 ], [ 76.376641880743946, 14.780456578059818 ], [ 76.359199245857837, 14.795941829060169 ], [ 76.33268231799704, 14.805810571902438 ], [ 76.319968072170028, 14.80314962817741 ], [ 76.310132922891526, 14.796824781348263 ], [ 76.306685828301013, 14.778827916795013 ], [ 76.309833959904836, 14.757101104098924 ], [ 76.318718370466144, 14.727325108385887 ], [ 76.333144721412083, 14.682278233463212 ], [ 76.335690897001584, 14.638164806544134 ], [ 76.334428070268203, 14.618681460954381 ], [ 76.325007955607987, 14.600066219164475 ], [ 76.305983052755835, 14.583788660772001 ], [ 76.282044418913799, 14.578433343411053 ], [ 76.263500953365224, 14.580205402075233 ], [ 76.236402209843178, 14.595852929725371 ], [ 76.141339955202071, 14.68563578877121 ], [ 76.1163620339575, 14.697619694719455 ], [ 76.08066957398205, 14.69822157797193 ], [ 76.0089408315349, 14.686408451865946 ], [ 75.965769051474766, 14.685668702293786 ], [ 75.910732083350894, 14.686554916310401 ], [ 75.838954788305671, 14.67323859191189 ], [ 75.81978000908299, 14.662526903335506 ], [ 75.8146582828916, 14.791579205303712 ], [ 75.824992225154332, 14.85643790102368 ], [ 75.840310867570196, 14.922417922930638 ], [ 75.866513123732318, 14.977385177012716 ], [ 75.868540387818328, 15.008653882328296 ], [ 75.856791947985243, 15.084680873479654 ], [ 75.857778824533469, 15.124387691053133 ], [ 75.868269658534842, 15.147089459418805 ], [ 75.877191673917935, 15.156575268239413 ], [ 75.894648602464542, 15.159905199840965 ], [ 75.931952411291803, 15.162910520420573 ], [ 75.967923810968571, 15.162320198300112 ], [ 76.02633603686624, 15.166160976855108 ], [ 76.032894805268185, 15.1804901732608 ], [ 76.033578525430201, 15.208152866297548 ], [ 76.047635887045431, 15.224758885636772 ], [ 76.087883305635472, 15.246928722285466 ], [ 76.201045694871695, 15.308692405846575 ], [ 76.247155011157261, 15.317484129782169 ], [ 76.310557169041616, 15.323541863534532 ], [ 76.352997303572607, 15.33477919919477 ], [ 76.407378824238393, 15.378236159521974 ], [ 76.507982735083047, 15.488056410092739 ], [ 76.546020874185473, 15.523346479792702 ], [ 76.631524832272603, 15.521639451174222 ], [ 76.713557216377168, 15.530778732004869 ], [ 76.772213511892517, 15.547577297453781 ], [ 76.813778526181409, 15.575521417578475 ], [ 76.83966042234151, 15.621788805585263 ], [ 76.874541367802209, 15.682248481170962 ], [ 76.928071017187762, 15.745874555067548 ], [ 76.99264579428791, 15.805605995638528 ], [ 77.039350898525143, 15.898023042426278 ], [ 77.054803679003285, 15.924021173562464 ], [ 77.080188414522681, 15.950982032062946 ], [ 77.107781759076744, 15.965911524783204 ], [ 77.140062771811415, 15.968757210755495 ], [ 77.21263244043179, 16.000570290348747 ], [ 77.247727810486111, 16.018882669782645 ], [ 77.286483021166802, 16.034705374287437 ], [ 77.306426413019992, 16.040207425809299 ], [ 77.357455098397253, 16.05093490178583 ], [ 77.398287363099456, 16.048746957196492 ], [ 77.461005352983506, 16.028081715950478 ], [ 77.501112313675179, 15.993614192693508 ], [ 77.530471537253604, 15.977342358063115 ], [ 77.555118624181318, 15.971947031890423 ], [ 77.581163444174152, 15.973689275991095 ], [ 77.602498474088293, 15.986307361683876 ], [ 77.621276819857854, 15.995399467811927 ], [ 77.646161897258096, 16.000748376830536 ], [ 77.67704601025622, 15.997574558927512 ], [ 77.718849782975667, 15.984555778005319 ], [ 77.748357135018992, 15.975432661397544 ], [ 77.775495970834641, 15.971148783509859 ], [ 77.802687446037226, 15.969251398000319 ], [ 77.823321714118833, 15.970611258756362 ], [ 77.82872169155543, 15.970966838099903 ], [ 77.876270877444256, 15.993626746424589 ], [ 77.902570975634305, 16.007273319802465 ], [ 77.939759638441984, 16.009874869814954 ], [ 77.995174005494619, 15.997649678065937 ], [ 78.034233674131627, 15.97390628812186 ], [ 78.135023159497379, 15.891128623629401 ], [ 78.177848025871313, 15.870841935038072 ], [ 78.196390798643606, 15.870336290761133 ], [ 78.216280300326801, 15.874573060736774 ], [ 78.237654748836249, 15.889522199838437 ], [ 78.25636130489049, 15.896176477704245 ], [ 78.295034551616709, 15.910638168234307 ], [ 78.314039964193654, 15.930417208056356 ], [ 78.329553025503657, 15.959842248015372 ], [ 78.351427926344982, 15.997436653813374 ], [ 78.378181887777458, 16.032490954057543 ], [ 78.450898486574502, 16.078146800937315 ], [ 78.501881063590361, 16.092185313773051 ], [ 78.599480258082721, 16.091729819640502 ], [ 78.798164341703526, 16.087016790370161 ], [ 78.898147793097621, 16.089940804983001 ], [ 78.95660499667261, 16.11435953005255 ], [ 79.041587255071875, 16.173646655768675 ], [ 79.051452679662063, 16.174527367337198 ], [ 79.066213831431355, 16.174062993601215 ], [ 79.08931796473162, 16.160238098544799 ], [ 79.099133248606279, 16.158737581584358 ], [ 79.118836156926918, 16.159305162304513 ], [ 79.132633867855006, 16.171963917504616 ], [ 79.194135472734857, 16.229512598989103 ], [ 79.223930653320508, 16.24164478765929 ], [ 79.257040497900647, 16.235820347569742 ], [ 79.315820088603772, 16.222021775202418 ], [ 79.352914847945215, 16.230332744757234 ], [ 79.376766130148539, 16.252154466790309 ], [ 79.394446176662186, 16.272982470380544 ], [ 79.403752971603012, 16.304780705341571 ], [ 79.400351280974675, 16.324090575297841 ], [ 79.398276137297529, 16.335868073432817 ], [ 79.376650075228568, 16.360348562625173 ], [ 79.345278021669216, 16.389895853694149 ], [ 79.331126642644861, 16.418872596817273 ], [ 79.335485562820679, 16.4496136006825 ], [ 79.351060412461635, 16.487112772275605 ], [ 79.391615755677364, 16.542797074811787 ], [ 79.521175467516386, 16.616894890624039 ], [ 79.578429889400923, 16.648233963580655 ], [ 79.64386776259677, 16.656707341896006 ], [ 79.742231861514099, 16.648583673064923 ], [ 79.775431718980684, 16.646247997862947 ], [ 79.804071402984135, 16.663075593179666 ], [ 79.822954165387657, 16.684993716532265 ], [ 79.845611299426722, 16.711533243364812 ], [ 79.859387650213463, 16.7241234035153 ], [ 79.869254382433326, 16.724966961196582 ], [ 79.885274165397902, 16.725594809547989 ], [ 79.916894966815676, 16.704284889517954 ], [ 79.927678347011209, 16.68845853266475 ], [ 79.940871772872683, 16.670170932832036 ], [ 79.950553188717251, 16.661512464434075 ], [ 79.967730686179564, 16.658529838024844 ], [ 79.991128714838723, 16.658890426419717 ], [ 80.018403656345384, 16.668616926990321 ], [ 80.038087664881274, 16.667917269058492 ], [ 80.052709763391505, 16.660267437059478 ], [ 80.058528556907376, 16.643425836686173 ], [ 80.058069692326896, 16.620868613284383 ], [ 80.063825063623085, 16.601655382069413 ], [ 80.075847450361664, 16.588159095702583 ], [ 80.085558577014879, 16.581872745558414 ], [ 80.108871843366884, 16.578662772332414 ], [ 80.127573449464251, 16.589870784191131 ], [ 80.169967543896121, 16.615668501146246 ], [ 80.193634376799039, 16.629070586700625 ], [ 80.20519534028638, 16.652414888454096 ], [ 80.220979774959972, 16.702938838383748 ], [ 80.239386504187081, 16.764071098083406 ], [ 80.236308028993108, 16.797463514276942 ], [ 80.215772280469864, 16.819603628051048 ], [ 80.178225036853334, 16.855432046100628 ], [ 80.1616440705332, 16.894068394263162 ], [ 80.153544767982936, 16.925267323557868 ], [ 80.14826368173506, 16.978952686744062 ], [ 80.158570097277249, 17.007114772751773 ], [ 80.18594060771467, 17.02396410379481 ], [ 80.224033933120708, 17.017835173936369 ], [ 80.265838337486755, 17.012754529653261 ], [ 80.295539532127904, 17.021186237671124 ], [ 80.31925507735312, 17.040534107756624 ], [ 80.357612295402532, 17.051021435543564 ], [ 80.383506042501068, 17.052449393100119 ], [ 80.406785516402053, 17.044458678194552 ], [ 80.495211026726068, 16.881854331214022 ], [ 80.560370123115447, 16.8080839594937 ], [ 80.587284917002634, 16.798750052792357 ], [ 80.611963471869274, 16.801385389857803 ], [ 80.615813000491585, 16.809561464141588 ], [ 80.624784324843247, 16.828243583061507 ], [ 80.639816971019656, 16.841941127827816 ], [ 80.654629170369816, 16.843757378424847 ], [ 80.680429594467952, 16.840399247247031 ], [ 80.704976692321623, 16.835897271060613 ], [ 80.718514098221178, 16.835380417594404 ], [ 80.735877168458615, 16.841849897782858 ], [ 80.745988071069135, 16.855730068813958 ], [ 80.747524571168441, 16.872317119613918 ], [ 80.747933313169625, 16.89489330696529 ], [ 80.740823673117092, 16.910623745197491 ], [ 80.729892492407302, 16.919365725734835 ], [ 80.689562240348735, 16.937551907639303 ], [ 80.59822360489045, 16.999277437127652 ], [ 80.516743452901636, 17.064165406461807 ], [ 80.51846550155787, 17.095018717504416 ], [ 80.526170804393999, 17.114946924710171 ], [ 80.548612899575431, 17.1319465625715 ], [ 80.596745664624791, 17.137278273807688 ], [ 80.627565758063866, 17.138496948482189 ], [ 80.647396770435563, 17.146073276766071 ], [ 80.677207804464686, 17.161594988599653 ], [ 80.698380334979291, 17.176252394239121 ], [ 80.733170608606201, 17.195146890742787 ], [ 80.752872648562516, 17.194395298148599 ], [ 80.790546413569373, 17.160841289527454 ], [ 80.832834224468485, 17.108071831767472 ], [ 80.849516116073943, 17.072935824972014 ], [ 80.851393723787126, 17.03718265974873 ], [ 80.863229473573284, 17.008180310162214 ], [ 80.882605701503067, 16.988399249498091 ], [ 80.903534899160789, 16.987584954092867 ], [ 80.939299008165605, 16.989757048466277 ], [ 80.97197308585676, 17.027726385519493 ], [ 81.01904759494056, 17.1186530683065 ], [ 81.024499913932232, 17.127163125639431 ], [ 81.044317319842278, 17.158099737557912 ], [ 81.08545719935465, 17.188589398921319 ], [ 81.164491701349462, 17.199716787956049 ], [ 81.207943108700391, 17.22057751934441 ], [ 81.245344369668942, 17.248812821667553 ], [ 81.27105467603765, 17.319153480360946 ], [ 81.286295196722818, 17.34946752577719 ], [ 81.311225733696219, 17.368681159908462 ], [ 81.414265462801751, 17.420392004396195 ], [ 81.47706690557807, 17.499892609131923 ], [ 81.497535306798511, 17.549008431190085 ], [ 81.549662363018228, 17.574208347227376 ], [ 81.620379038351146, 17.606945956788646 ], [ 81.64936488017311, 17.64855211490972 ], [ 81.667775756736162, 17.720329966461584 ], [ 81.683136291401155, 17.755362311446646 ], [ 81.704431725017116, 17.777061166853517 ], [ 81.746658187581531, 17.799062281567906 ], [ 81.782527909167044, 17.809433785143106 ], [ 81.788093565307278, 17.809376796547294 ], [ 81.80382185374765, 17.834055497099069 ], [ 81.812358562883659, 17.871742447547415 ], [ 81.809848469309145, 17.89658055507579 ], [ 81.793556800851007, 17.921052082865586 ], [ 81.778184148031983, 17.941677921203691 ], [ 81.756736924520752, 17.953048171734334 ], [ 81.72418641233827, 17.949667264710655 ], [ 81.65796943734253, 17.936280532403835 ], [ 81.533222376839944, 17.900571044912692 ], [ 81.480759896782189, 17.886563276349996 ], [ 81.452212094064564, 17.887734349148651 ], [ 81.428705881021997, 17.895353736985481 ], [ 81.414128920305217, 17.906410954973587 ], [ 81.398847259900521, 17.932712955208157 ], [ 81.398284910177139, 17.955561148525778 ], [ 81.401896437099794, 17.990601808605753 ], [ 81.410186000329034, 18.012136787411755 ], [ 81.42826932684666, 18.030418393002968 ], [ 81.44821382555098, 18.042916406945171 ], [ 81.475251958548412, 18.065581528903838 ], [ 81.487583299708604, 18.091700118326049 ], [ 81.494960196270867, 18.116119222728173 ], [ 81.501947996029358, 18.170027926239605 ], [ 81.508384674619904, 18.339932823135278 ], [ 81.52984804940219, 18.3789731871443 ], [ 81.600783550680646, 18.429268772341356 ], [ 81.725465797743169, 18.510556814463417 ], [ 81.751831413244787, 18.55127610528503 ], [ 81.772781140540417, 18.565600635261728 ], [ 81.811353031380193, 18.574418533503245 ], [ 81.891111353315765, 18.574807123758323 ], [ 81.952495510110921, 18.594027772752863 ], [ 81.984208764465535, 18.605964324030428 ], [ 82.016704859351492, 18.607403595511613 ], [ 82.056951738175229, 18.602794893187337 ], [ 82.107997952532045, 18.597705192623604 ], [ 82.124806383721307, 18.602670335465959 ], [ 82.130860267921975, 18.61096028573678 ], [ 82.134162192165121, 18.629829578805506 ], [ 82.130608558953469, 18.702247206942065 ], [ 82.126802675950728, 18.760419437670073 ], [ 82.133264987550163, 18.789613540919099 ], [ 82.143660510176176, 18.818634489843021 ], [ 82.182556565731574, 18.84734306229344 ], [ 82.257156958938921, 18.893470954579268 ], [ 82.275379052492781, 18.920235752526608 ], [ 82.286034901507776, 18.959706452477427 ], [ 82.290187173949462, 19.013743530832734 ], [ 82.285485385813047, 19.104344678918057 ], [ 82.293416041025253, 19.219146751546191 ], [ 82.290659692008362, 19.260209742085031 ], [ 82.280619765060464, 19.286370667376481 ], [ 82.24561090683045, 19.33174700616653 ], [ 82.188251588785434, 19.385737216750826 ], [ 82.141585850419503, 19.435433876551009 ], [ 82.118387159843167, 19.479327538883602 ], [ 82.093846973104931, 19.541383363032807 ], [ 82.075674812505596, 19.643184908652795 ], [ 82.074039100286086, 19.788114171687017 ], [ 82.06669150622929, 19.82941650742308 ], [ 82.046263701076086, 19.864615661141936 ], [ 81.969078820674056, 19.943244213672759 ], [ 81.951708147140835, 19.981159746908091 ], [ 81.949069692420196, 20.015582852834683 ], [ 81.959417207423712, 20.052308197144811 ], [ 81.980294899657807, 20.079050390553242 ], [ 82.027302079659478, 20.089414773796605 ], [ 82.070648720295324, 20.082772591360438 ], [ 82.174552177959853, 20.006751721163834 ], [ 82.295940541703658, 19.902254284903929 ], [ 82.329114285708002, 19.867412218178927 ], [ 82.333121066119432, 19.844354503290589 ], [ 82.337622312501694, 19.808881975844777 ], [ 82.349295913357963, 19.779761509347932 ], [ 82.36415292799478, 19.756217236949865 ], [ 82.418322859337309, 19.704210405316307 ], [ 82.438315007473506, 19.68614858560759 ], [ 82.441132849033352, 19.657422697257633 ], [ 82.435256596516552, 19.632903792539256 ], [ 82.415337208129614, 19.601394932378081 ], [ 82.399271186532701, 19.566853786897759 ], [ 82.390288340128208, 19.536760259827748 ], [ 82.404468086667904, 19.465596772537012 ], [ 82.451998525654858, 19.418653477250047 ], [ 82.496022710729321, 19.384250114070777 ], [ 82.511889255311715, 19.359705263350634 ], [ 82.520172382295343, 19.343129849352746 ], [ 82.529315137110558, 19.322705065359713 ], [ 82.545481083140913, 19.30672173802321 ], [ 82.666427965010769, 19.254466992261563 ], [ 82.723666817701542, 19.23561552894073 ], [ 82.773327361547771, 19.225678613512944 ], [ 82.799618215634879, 19.220638578416043 ], [ 82.814938056002191, 19.209445742204252 ], [ 82.81702736270762, 19.181737313411613 ], [ 82.812444115518716, 19.159107103274653 ], [ 82.787360753241671, 19.101286011274169 ], [ 82.778776020936064, 19.072195608167551 ], [ 82.777319457345698, 19.053238179030728 ], [ 82.7827178883513, 19.033961988862245 ], [ 82.796107606043279, 19.020971865713829 ], [ 82.852379707380223, 19.0002696447952 ], [ 82.866777194506994, 18.988183751117404 ], [ 82.881507460692063, 18.946609089202735 ], [ 82.88092885801224, 18.919067893102763 ], [ 82.880640632404862, 18.904823474207195 ], [ 82.883120214060639, 18.881896414815625 ], [ 82.888610590248788, 18.862631624605964 ], [ 82.902919406381571, 18.843906610633422 ], [ 82.920384179684419, 18.836438797262787 ], [ 82.936004628543415, 18.834758583054104 ], [ 82.946904749913287, 18.841850821871532 ], [ 82.965169539978461, 18.875204837221879 ], [ 82.994226043670935, 18.909951384129378 ], [ 83.011890861027894, 18.91292089134862 ], [ 83.041128403800826, 18.907740975562191 ], [ 83.065535637100339, 18.905637523305884 ], [ 83.083121563670204, 18.904805323440282 ], [ 83.096893296339857, 18.908903405678775 ], [ 83.114855935356715, 18.927053169299089 ], [ 83.12307752652201, 18.946615888470113 ], [ 83.128591760418999, 18.975812789483939 ], [ 83.135473576021639, 19.020157982409842 ], [ 83.131684268132261, 19.102110128636802 ], [ 83.129284415415256, 19.155496732606785 ], [ 83.13368200734115, 19.17146423972568 ], [ 83.148224245587713, 19.198370171690591 ], [ 83.165737621569264, 19.225139075907499 ], [ 83.176999561040816, 19.239833112573276 ], [ 83.1865268971181, 19.260328056864239 ], [ 83.188057251323329, 19.275496841781226 ], [ 83.187498741453595, 19.312685541506401 ], [ 83.17681576266196, 19.33988801923579 ], [ 83.156020894228732, 19.38283433286448 ], [ 83.155156691980494, 19.409570395237491 ], [ 83.15876080177577, 19.425605270601533 ], [ 83.178989424199301, 19.440838699577991 ], [ 83.230354080838481, 19.473635874580733 ], [ 83.237356793806512, 19.52098306778846 ], [ 83.241238400663022, 19.541778608927366 ], [ 83.24891200081683, 19.559529398210749 ], [ 83.263979082057659, 19.567382683391457 ], [ 83.282828077142227, 19.572189508435414 ], [ 83.299900313313699, 19.580897287034549 ], [ 83.308218245742808, 19.590985187548817 ], [ 83.319907481792555, 19.630482138247444 ], [ 83.324146816236222, 19.737124954676556 ], [ 83.329309859718663, 19.776502820254247 ], [ 83.338494627070489, 19.846135780865104 ], [ 83.350752522520096, 19.874157681190329 ], [ 83.369795065378938, 19.899940025092356 ], [ 83.389867224628517, 19.907545812269671 ], [ 83.435148051593629, 19.908191431474364 ], [ 83.480266227126137, 19.90597430759372 ], [ 83.537084053461072, 19.902215588160484 ], [ 83.586612639047161, 19.909299990072835 ], [ 83.606019560722515, 19.922645895684543 ], [ 83.657840171237382, 19.970626629374941 ], [ 83.682471833577281, 20.040943021548554 ], [ 83.687044241665149, 20.069330720150628 ], [ 83.685351974733123, 20.091353352294909 ], [ 83.67324237227956, 20.103403735972392 ], [ 83.615502923929753, 20.127261377826809 ], [ 83.573552632589966, 20.15222958264377 ], [ 83.553100986770446, 20.174220525620786 ], [ 83.535911119728482, 20.201769084506797 ], [ 83.532329485686319, 20.225783872084936 ], [ 83.532991212334395, 20.272470973681965 ], [ 83.546263148366293, 20.297558254623496 ], [ 83.577381868321922, 20.323668142688664 ], [ 83.605668923072358, 20.334660427700218 ], [ 83.631383398762381, 20.335290767251006 ], [ 83.659661021889008, 20.329117608519631 ], [ 83.695953617000427, 20.308240757104333 ], [ 83.722812353798162, 20.27829591486136 ], [ 83.739318021932931, 20.240283829387664 ], [ 83.750587878068956, 20.213972983472761 ], [ 83.763450189575366, 20.1980696637753 ], [ 83.783295461048596, 20.183720880705238 ], [ 83.813064463149132, 20.170776662704395 ], [ 83.881382175144594, 20.160643894622208 ], [ 83.912955566269304, 20.161901148244052 ], [ 83.960271258831355, 20.130876002198736 ], [ 84.03250643452165, 20.106190398591053 ], [ 84.0814334812314, 20.102716328689599 ], [ 84.130146153093762, 20.11164240673639 ], [ 84.151541951672002, 20.139150940848683 ], [ 84.188331822281825, 20.161083647496543 ], [ 84.218647518836349, 20.17380872065872 ], [ 84.252397875094388, 20.178717474864197 ], [ 84.276833799404542, 20.176479128522736 ], [ 84.293785913460596, 20.165092060187639 ], [ 84.310482704538373, 20.149899495906311 ], [ 84.324985062041137, 20.101420704848245 ], [ 84.347234376613443, 20.05156088542812 ], [ 84.372882191081999, 20.038737007634627 ], [ 84.411731605295316, 20.032837456771414 ], [ 84.447556099469736, 20.040459613377937 ], [ 84.530234039061668, 20.087553062232807 ], [ 84.564335015652674, 20.098114303012316 ], [ 84.583114256479178, 20.099956855064111 ], [ 84.604563269374694, 20.097832295307089 ], [ 84.619612151736163, 20.08841507630153 ], [ 84.653915580935347, 20.05978870398426 ], [ 84.672685633505452, 20.061621422853062 ], [ 84.6879513754388, 20.069378090140486 ], [ 84.710942606711043, 20.089126441397209 ], [ 84.735263996281176, 20.113574447630587 ], [ 84.765424552129062, 20.123368415268637 ], [ 84.787098797879281, 20.110703130297559 ], [ 84.787818740470684, 20.093465268065653 ], [ 84.78611652443297, 20.056289293742875 ], [ 84.764638137029451, 19.989608993255509 ], [ 84.728433809245175, 19.921812973567672 ], [ 84.720251713136577, 19.903137041661971 ], [ 84.718260512358029, 19.888895667756408 ], [ 84.730068944557203, 19.862387791514688 ], [ 84.788745749141768, 19.808283966534148 ], [ 84.815919056469596, 19.778918890389996 ], [ 84.815093122621732, 19.754036303626499 ], [ 84.813852685885934, 19.736845499572254 ], [ 84.81504971437279, 19.712793796493468 ], [ 84.818740294089281, 19.696265529893513 ], [ 84.857899681502701, 19.671861455671245 ], [ 84.926031525283634, 19.671595692787804 ], [ 85.021268331299453, 19.669581425219782 ], [ 85.082044211138054, 19.662861411675504 ], [ 85.131131631706296, 19.635322338700252 ], [ 85.092716576623729, 19.571031741981376 ], [ 85.078209586790734, 19.540281588200003 ], [ 85.086030788122926, 19.514976676832582 ], [ 85.104725033982376, 19.5053402532366 ], [ 85.140410980310065, 19.506079076503202 ], [ 85.17856949576759, 19.510391208592541 ], [ 85.200172547981055, 19.53469924422113 ], [ 85.236582801065381, 19.586503998291441 ], [ 85.243551463365719, 19.605250138938118 ], [ 85.252059020817029, 19.638510975399381 ], [ 85.26157430514688, 19.649287697702835 ], [ 85.272403665546818, 19.640456406701905 ], [ 85.27850689376038, 19.633292589044277 ], [ 85.279602926873864, 19.621098114841288 ], [ 85.282880995917409, 19.613150111593836 ], [ 85.292026564525685, 19.614321248302357 ], [ 85.30152190165694, 19.599225119544005 ], [ 85.305146619157696, 19.587800657434215 ], [ 85.305124166692877, 19.577767549681898 ], [ 85.303823430992495, 19.567218001657093 ], [ 85.300737593843266, 19.557951902379216 ], [ 85.253418254390098, 19.528797474996594 ], [ 85.156515641970472, 19.463472471966405 ], [ 85.074243020597052, 19.422048055502401 ], [ 85.009879194843663, 19.377801573306549 ], [ 84.918141974558679, 19.302531852248539 ], [ 84.88481088602579, 19.271929022748566 ], [ 84.844011373633194, 19.240621083053721 ], [ 84.747096793615384, 19.157786870058928 ], [ 84.683643886044052, 19.110872026822356 ], [ 84.677542448774886, 19.106920953888704 ], [ 84.676472978571852, 19.105566191112541 ], [ 84.665954861073786, 19.097782277891181 ], [ 84.660261856429742, 19.08801650459873 ], [ 84.656639780790087, 19.069335948217006 ], [ 84.657014177968918, 19.048883769036756 ], [ 84.659804148015425, 19.027009940315128 ], [ 84.658201108974822, 19.016336207537311 ], [ 84.651023823617791, 18.998855120512761 ], [ 84.627242497899246, 18.976671204320844 ], [ 84.603553569559452, 18.950178133644393 ], [ 84.582161849303148, 18.920677316146111 ], [ 84.525251901062219, 18.864672253788779 ], [ 84.510033894021916, 18.845533904291031 ], [ 84.487582790999511, 18.81178811823683 ], [ 84.476457475899579, 18.787401613039446 ], [ 84.470117679933011, 18.76777272669111 ], [ 84.455270844619164, 18.762185177328313 ], [ 84.437883466004848, 18.757469294689582 ], [ 84.421730138736933, 18.734813255498715 ], [ 84.412034981509279, 18.726794269305763 ], [ 84.403929332144926, 18.720827670393877 ], [ 84.394074996413195, 18.711387851104416 ], [ 84.382670367763453, 18.694178066075384 ], [ 84.348107234487216, 18.668994684146998 ], [ 84.295239781497273, 18.618405073062195 ], [ 84.261356871609991, 18.566745057197856 ], [ 84.256117344162746, 18.547784407260437 ], [ 84.249348065037054, 18.526074323053589 ], [ 84.230539499476279, 18.507836489628971 ], [ 84.211375282263717, 18.485346083955537 ], [ 84.189527444504947, 18.471527744083104 ], [ 84.161151338656609, 18.46090708970355 ], [ 84.128356005107122, 18.445556131088932 ], [ 84.105622823631975, 18.428236903132312 ], [ 84.078339541674126, 18.384738048637406 ], [ 84.011205970470442, 18.314109943700863 ], [ 83.962499491474077, 18.257459451272823 ], [ 83.918575061739233, 18.223378419751359 ], [ 83.866182744441886, 18.191907933788173 ], [ 83.837547492887694, 18.174415031702996 ], [ 83.803984523725148, 18.153866003255278 ], [ 83.751385757776859, 18.127538277385998 ], [ 83.689215615015797, 18.099747538417258 ], [ 83.623587313987201, 18.065665135114624 ], [ 83.590252015703712, 18.050448355262688 ], [ 83.549544823742679, 18.034965140655121 ], [ 83.501629342815079, 18.009082112284041 ], [ 83.485202694925832, 17.992050574439318 ], [ 83.44235241825038, 17.938379365440134 ], [ 83.401460516330062, 17.877354927363534 ], [ 83.32654430925237, 17.775077507265415 ], [ 83.289315454983281, 17.715968180577573 ], [ 83.256748543808015, 17.669562770163541 ], [ 83.188007787733866, 17.585603798053672 ], [ 83.118709223950873, 17.508134910396205 ], [ 83.066235498632295, 17.478744191071375 ], [ 83.016344583119732, 17.44268262292108 ], [ 82.96515260880274, 17.421124418366862 ], [ 82.886722529785573, 17.396065909570062 ], [ 82.812194058293727, 17.366387300996351 ], [ 82.802095309680951, 17.357870087645299 ], [ 82.789738576024376, 17.34744695922133 ], [ 82.760074271418162, 17.331792452345489 ], [ 82.729385262896685, 17.321946110321079 ], [ 82.680257116624304, 17.307987439837749 ], [ 82.647948450080762, 17.290923755994331 ], [ 82.617776114939332, 17.260100779417822 ], [ 82.552812877349695, 17.226449154704632 ], [ 82.478512337771477, 17.171007927563434 ], [ 82.42994603479427, 17.134497181431463 ], [ 82.381071714711638, 17.078745809895651 ], [ 82.313159267215212, 17.013919848088808 ], [ 82.28444862061032, 16.9780939416801 ], [ 82.269650830174456, 16.946679684870386 ], [ 82.261154117173106, 16.935678122063106 ], [ 82.262226725091239, 16.924963099674912 ], [ 82.272867437023876, 16.913796630268319 ], [ 82.285543606519184, 16.897425268308787 ], [ 82.286153208007406, 16.897156580232707 ], [ 82.287180241431386, 16.895144690515856 ], [ 82.297254363827349, 16.887657327625117 ], [ 82.32082504143014, 16.884673813798099 ], [ 82.334896100473131, 16.884880377812845 ], [ 82.359435010717704, 16.906798116014595 ], [ 82.36962813548638, 16.921393190359268 ], [ 82.372597856129644, 16.940524809565478 ], [ 82.368203401246902, 16.960636266366457 ], [ 82.365580642272207, 16.96928239267929 ], [ 82.367450215813463, 16.979190538739044 ], [ 82.37651901616421, 16.983848725553269 ], [ 82.387887565162188, 16.96242768759981 ], [ 82.390944688386099, 16.939242429157559 ], [ 82.392702370367999, 16.910339473825463 ], [ 82.389414639679273, 16.878081820674915 ], [ 82.372146186590427, 16.819184398393979 ], [ 82.362534615761348, 16.782934682614535 ], [ 82.35725431519532, 16.776734026036291 ], [ 82.338857506163279, 16.75250291005063 ], [ 82.338011421870675, 16.743894310666207 ], [ 82.338946361026302, 16.733023407056489 ], [ 82.342605278442875, 16.722724032722645 ], [ 82.347167764864324, 16.708048109292964 ], [ 82.347335730258735, 16.689285995413847 ], [ 82.341408961740825, 16.669414617373285 ], [ 82.334543272169086, 16.660413390019645 ], [ 82.331238377003828, 16.646889247422536 ], [ 82.330213248914802, 16.622420840870817 ], [ 82.337205368588542, 16.598239213441232 ], [ 82.335620422466718, 16.58456200319841 ], [ 82.332973202469304, 16.584940989195093 ], [ 82.31476513354265, 16.576453937114444 ], [ 82.307089634904372, 16.582565947087005 ], [ 82.29927233057866, 16.58443498623787 ], [ 82.286856344612104, 16.580063533417807 ], [ 82.277277285918927, 16.570487109393131 ], [ 82.270218328263709, 16.559329391849801 ], [ 82.269868454047653, 16.548525695292721 ], [ 82.275356464033138, 16.535960961475283 ], [ 82.275345041909006, 16.528747100991072 ], [ 82.261432469243005, 16.525579071008529 ], [ 82.202865900344761, 16.524646776057644 ], [ 82.202131570163075, 16.524484895106799 ], [ 82.179274441260787, 16.524651620668823 ], [ 82.159116908116673, 16.517828484651545 ], [ 82.117322108281456, 16.481159795614104 ], [ 82.096769807471702, 16.46840097674572 ], [ 82.056928943067803, 16.454082290459901 ], [ 81.985592285998692, 16.422257524289353 ], [ 81.93566137501881, 16.390937567711138 ], [ 80.306528192149443, 13.170914650112559 ], [ 80.306036995211429, 13.168897322014336 ], [ 80.284538383989087, 13.058128749149256 ], [ 80.261916373714499, 12.941387806803636 ], [ 80.244578162028475, 12.885869861914227 ], [ 80.234483272535314, 12.853518581603767 ], [ 80.238372257723938, 12.805762833946293 ], [ 80.231678551404386, 12.70199399978271 ], [ 80.207673525395947, 12.608433873676153 ], [ 80.190968377119432, 12.57045047669793 ], [ 80.187240095323602, 12.564539795847567 ], [ 80.175994863741792, 12.548309881781215 ], [ 80.168418002312109, 12.533438511708518 ], [ 80.165906948943302, 12.517038839158108 ], [ 80.164823254692465, 12.499181312529542 ], [ 80.162643629883206, 12.488708455984577 ], [ 80.159675199236034, 12.477977036597906 ], [ 80.148149917660007, 12.458375901545297 ], [ 80.142776349923267, 12.451688586475429 ], [ 80.115425700248053, 12.430038037330343 ], [ 80.107564476796725, 12.400148615103676 ], [ 80.102194363453563, 12.385945865326557 ], [ 80.089580160287213, 12.373309212096792 ], [ 80.051799877166459, 12.338252817599088 ], [ 80.037216576304289, 12.298468308941386 ], [ 79.994742011378889, 12.244885617840986 ], [ 79.91816064387919, 12.154701562870919 ], [ 79.91441499342983, 12.149708818813618 ], [ 79.895408054174396, 12.124368751556283 ], [ 79.877917775569259, 12.101043517924886 ], [ 79.87045537168072, 12.090443273404315 ], [ 79.855679169455968, 12.037043649434246 ], [ 79.842053813674127, 12.004562861759679 ], [ 79.832143735573666, 11.98093064090167 ], [ 79.827621186310395, 11.957844124471382 ], [ 79.806349455427309, 11.974994569426949 ], [ 79.77280108146428, 12.002017078065586 ], [ 79.748517879468295, 12.015127014053856 ], [ 79.731755396128364, 12.020668904067193 ], [ 79.724721978780039, 12.020959962337392 ], [ 79.640107949921259, 11.853718195402307 ], [ 79.652281948227269, 11.823602857141568 ], [ 79.665442964966857, 11.80660739260955 ], [ 79.6801957940107, 11.798283643300318 ], [ 79.698916787182952, 11.796112148912847 ], [ 79.798279735398552, 11.80874908846906 ], [ 79.796235093059593, 11.798378072516879 ], [ 79.786014717157428, 11.753472750870072 ], [ 79.77470590508797, 11.729334445541989 ], [ 79.764088762079822, 11.703036781898774 ], [ 79.750034993924345, 11.645310373028957 ], [ 79.749658029647875, 11.623134269728817 ], [ 79.749631287169478, 11.62085828185047 ], [ 79.745363295520889, 11.609652203899101 ], [ 79.748679926682939, 11.53944817036623 ], [ 79.748041686005195, 11.484341916640407 ], [ 79.747694175910624, 11.463596242779635 ], [ 79.747430994861702, 11.447858118744405 ], [ 79.736302683707336, 11.43301178490834 ], [ 79.731630660762733, 11.41376679295395 ], [ 79.719779895908317, 11.398930650231231 ], [ 79.71377827724271, 11.386862061459453 ], [ 79.709940695410509, 11.374042860161547 ], [ 79.714792068555013, 11.360368700425838 ], [ 79.741963768810379, 11.358031681511838 ], [ 79.757791207954881, 11.366599860950306 ], [ 79.777316732024403, 11.380441603518827 ], [ 79.790725968681869, 11.374821067178946 ], [ 79.79715342147199, 11.333696766741799 ], [ 79.798232033989663, 11.236557366600577 ], [ 79.799481334807581, 11.10378225670428 ], [ 79.799766401899873, 10.973155364610211 ], [ 79.782899446256636, 10.968352669090248 ], [ 79.738082176483573, 10.949069526329728 ], [ 79.720622962457838, 10.927520831610309 ], [ 79.709853473687147, 10.914423417110347 ], [ 79.702463766256358, 10.895541167674782 ], [ 79.695676309363208, 10.869968280670298 ], [ 79.693787701444933, 10.83093183042873 ], [ 79.697122866311872, 10.804160127347355 ], [ 79.704200636653567, 10.780183287525904 ], [ 79.720189516766112, 10.757966518867077 ], [ 79.743225549386707, 10.737738306670488 ], [ 79.801206534883832, 10.71082462912717 ], [ 79.799211122960926, 10.493252111636918 ], [ 79.792620442401358, 10.305658449863943 ], [ 79.781614501965947, 10.287821103382797 ], [ 79.757500082244221, 10.2741345605739 ], [ 79.742991377874745, 10.271890628580493 ], [ 79.693184705345899, 10.280796551444432 ], [ 79.655364835895767, 10.292674207581335 ], [ 79.643451822703028, 10.293574466140594 ], [ 79.63723766686671, 10.291399807019571 ], [ 79.637924836520625, 10.28664219593098 ], [ 79.639244268315593, 10.278035037610939 ], [ 79.647893795528219, 10.275041007348923 ], [ 79.648571074216122, 10.274252808458535 ], [ 79.664919694191056, 10.260690306187575 ], [ 79.669304363821936, 10.248087142349412 ], [ 79.664607491431298, 10.242250139697704 ], [ 79.646389893193074, 10.239037085032646 ], [ 79.538285564624388, 10.232511128144642 ], [ 79.514867893083107, 10.234480726179596 ], [ 79.511535864089097, 10.241903486573653 ], [ 79.512441023046293, 10.254775403883849 ], [ 79.521213519434824, 10.261811177213485 ], [ 79.527136845044595, 10.271749558231825 ], [ 79.528694333337199, 10.279601463785839 ], [ 79.52662863969141, 10.286788291127563 ], [ 79.526227837028827, 10.287007251528735 ], [ 79.537401946549551, 10.293381161809252 ], [ 79.517295677271449, 10.297474179312205 ], [ 79.407682979740287, 10.291155514344357 ], [ 79.283775496598551, 10.289381578537903 ], [ 79.270667360273976, 10.282394772635074 ], [ 79.2546777914675, 10.27616112723604 ], [ 79.242901524870334, 10.260562646235471 ], [ 79.231069499791872, 10.240667651289376 ], [ 79.217784283538734, 10.220074407542375 ], [ 79.207429723915453, 10.202306455588877 ], [ 79.197615296949522, 10.115070058255894 ], [ 79.19430692911196, 10.082888081680442 ], [ 79.193668508805715, 10.033485642840583 ], [ 79.188003546292293, 9.996939471260212 ], [ 79.186729016440211, 9.993349621902158 ], [ 79.175890040991007, 9.974119510500318 ], [ 79.174670779229984, 9.97247789827326 ], [ 79.146362604335437, 9.949577074530726 ], [ 79.133874130628385, 9.931987802173268 ], [ 79.101510902251107, 9.886391303203633 ], [ 79.083103652038616, 9.857967789951347 ], [ 79.078810478263165, 9.853294320551365 ], [ 79.071391756612726, 9.845217868515132 ], [ 79.06176819701956, 9.825996161349124 ], [ 78.995616501886943, 9.729372241159782 ], [ 78.947177168309892, 9.662244754534024 ], [ 78.917773733990799, 9.616616531516355 ], [ 78.890163408921339, 9.569171655685489 ], [ 78.885115045931613, 9.54833431880548 ], [ 78.880101539541613, 9.530481137598549 ], [ 78.87750750306158, 9.513794727962576 ], [ 78.873664512522623, 9.492943196668074 ], [ 78.868907233927033, 9.44404335102123 ], [ 78.868807215894961, 9.435089707875841 ], [ 78.873296638701191, 9.406385203040839 ], [ 78.89267911126484, 9.365577868304671 ], [ 78.925292325516352, 9.325819232899354 ], [ 78.988398769209411, 9.273186010052678 ], [ 79.018929609451945, 9.263293801492274 ], [ 79.047730819502632, 9.259984722948461 ], [ 79.049263842288568, 9.259575675381383 ], [ 79.050454356733169, 9.258954483119622 ], [ 79.071969521460744, 9.252775677076668 ], [ 79.077614844726668, 9.246514879018479 ], [ 79.077525433023652, 9.238756945739338 ], [ 79.075705493716555, 9.234504587857197 ], [ 79.04696558379699, 9.238976285868072 ], [ 79.000677309822336, 9.25008894970636 ], [ 78.926356393974459, 9.24954844696569 ], [ 78.864915847288927, 9.237809482252747 ], [ 78.80785127712123, 9.214677583498162 ], [ 78.689185728305688, 9.17876810205798 ], [ 78.607948795822836, 9.148722100293666 ], [ 78.524531283298174, 9.108064201760262 ], [ 78.440763599594135, 9.095302133420729 ], [ 78.361861305701709, 9.088348756866949 ], [ 78.346453929303522, 9.087245876305403 ], [ 78.333952786960182, 9.086351544769721 ], [ 78.26091806516142, 9.037937846487415 ], [ 78.185762072739067, 8.972012359593581 ], [ 78.165324780769367, 8.938771981616584 ], [ 78.162448070867399, 8.93308609177712 ] ], [ [ 82.124566504362164, 16.764313331051852 ], [ 82.131092401702901, 16.759082594607786 ], [ 82.154091837907771, 16.751896935701343 ], [ 82.16873071383975, 16.751103502146663 ], [ 82.182533850391124, 16.759946282401646 ], [ 82.186514414178177, 16.798127235173471 ], [ 82.185454551572974, 16.836424780078911 ], [ 82.178066479285292, 16.870057383873849 ], [ 82.124566504362164, 16.764313331051852 ] ], [ [ 82.178066479285292, 16.870057383873849 ], [ 82.16890933453611, 16.888257065442968 ], [ 82.159401297779141, 16.896969422345304 ], [ 82.137295375996388, 16.897940368707296 ], [ 82.120007974043958, 16.896330356296907 ], [ 82.103510462988794, 16.889215101968979 ], [ 82.10289700425308, 16.863888530929852 ], [ 82.101727952658095, 16.844952982408888 ], [ 82.178066479285292, 16.870057383873849 ] ], [ [ 76.235966118071971, 10.202608260231228 ], [ 76.245802558648563, 10.218400627581085 ], [ 76.241392107672709, 10.211324241674008 ], [ 76.235966118071971, 10.202608260231228 ] ], [ [ 76.956775092603735, 10.164954157937213 ], [ 76.956713347639308, 10.164940011604997 ], [ 76.921256861565027, 10.156810860139464 ], [ 76.956775092603735, 10.164954157937213 ] ], [ [ 79.717137277802053, 12.168316575791287 ], [ 79.707791518344649, 12.172842800787286 ], [ 79.717124049017372, 12.1683102650567 ], [ 79.717137277802053, 12.168316575791287 ] ], [ [ 76.966790263833275, 10.856275413290849 ], [ 76.902695083264931, 10.906201860878053 ], [ 76.966788305949464, 10.856274479290834 ], [ 76.966790263833275, 10.856275413290849 ] ] ] } },
{ "type": "Feature", "properties": { "state_name": "Mahe", "id": 16 }, "geometry": { "type": "Polygon", "coordinates": [ [ [ 75.534903842808362, 11.724848290820036 ], [ 75.488874725942992, 11.691894697080013 ], [ 75.47298410367948, 11.699777905703787 ], [ 75.460472786593897, 11.705612744540046 ], [ 75.456495800469213, 11.72537617476825 ], [ 75.412129232363228, 11.769948112755912 ], [ 75.377193291728389, 11.794402255792457 ], [ 75.369193180628955, 11.805179999783547 ], [ 75.365565300543494, 11.816669750218562 ], [ 75.365273561271891, 11.818262263684923 ], [ 75.440386864319905, 11.84769901066969 ], [ 75.475841956698901, 11.856249555848553 ], [ 75.508705178486096, 11.853918465505007 ], [ 75.541290621234694, 11.832265023352013 ], [ 75.560436750122719, 11.808164300242266 ], [ 75.563713812822087, 11.781621125030501 ], [ 75.558552092744748, 11.761097387252795 ], [ 75.534903842808362, 11.724848290820036 ] ] ] } },
{ "type": "Feature", "properties": { "state_name": "Muneepoor", "id": 17 }, "geometry": { "type": "Polygon", "coordinates": [ [ [ 94.144491022442139, 25.286284130486056 ], [ 94.157440329136747, 25.258694620020524 ], [ 94.17428909915013, 25.235825221362514 ], [ 94.197135069677415, 25.215748159139626 ], [ 94.22870526891468, 25.202641534737786 ], [ 94.294616014994091, 25.191696847164948 ], [ 94.357858029292643, 25.196020470988366 ], [ 94.422002038974725, 25.204586669306984 ], [ 94.448730279049428, 25.211546352373738 ], [ 94.47339291866345, 25.221387129452136 ], [ 94.489482916623587, 25.227220805804951 ], [ 94.518768673854225, 25.243705543356505 ], [ 94.526948125816034, 25.239168627028793 ], [ 94.572715374267688, 25.218271609204667 ], [ 94.630611662869086, 25.191456240263044 ], [ 94.655140781934932, 25.153058494063703 ], [ 94.659686047449412, 25.119658818987809 ], [ 94.650021202824931, 25.076297457755949 ], [ 94.645537399221723, 25.067181678908884 ], [ 94.636609926748946, 25.040796450112342 ], [ 94.578102219900316, 24.961837242681799 ], [ 94.558478336808733, 24.916189502542309 ], [ 94.543680370457565, 24.890590838360264 ], [ 94.536516114202854, 24.865329948246774 ], [ 94.533423194321429, 24.846418633404031 ], [ 94.51864898372942, 24.820810087454564 ], [ 94.496983330360749, 24.80856148118405 ], [ 94.481242139986037, 24.795504637351943 ], [ 94.460734673026849, 24.762372879394203 ], [ 94.449778752254886, 24.732088331115825 ], [ 94.382736290164999, 24.644429718812464 ], [ 94.333264382258562, 24.590273855163446 ], [ 94.31585070433249, 24.566350792352207 ], [ 94.299279493408548, 24.53816638091314 ], [ 94.283769027091267, 24.507073435678365 ], [ 94.266986321881248, 24.467855949765049 ], [ 94.24028685556803, 24.423037281322149 ], [ 94.228253907605819, 24.398303445145146 ], [ 94.200800618244486, 24.368837992188251 ], [ 94.171805671722666, 24.300583493465961 ], [ 94.133723017046691, 24.188529337615826 ], [ 94.071625645313944, 24.073454079026714 ], [ 94.026746027849896, 23.976424785347902 ], [ 94.014327980160274, 23.956481032700392 ], [ 94.001498008058064, 23.951221661627347 ], [ 93.977899406501294, 23.95425330029693 ], [ 93.956595724082163, 23.962515504517857 ], [ 93.931066086470167, 23.972699405572254 ], [ 93.887778300035009, 23.994829950454445 ], [ 93.826333415196146, 24.016504917069511 ], [ 93.772284495109332, 24.027537692085883 ], [ 93.72840416607562, 24.026194417828396 ], [ 93.698280221356725, 24.016176316662023 ], [ 93.66662417780357, 24.016029063777051 ], [ 93.629193734497875, 24.027674244934115 ], [ 93.61541853090894, 24.036331651871972 ], [ 93.579328996897033, 24.067179207433171 ], [ 93.554777813159831, 24.074422359163048 ], [ 93.519655134615093, 24.0816052754022 ], [ 93.477790452471098, 24.084085746038422 ], [ 93.466212231003681, 24.077225812932408 ], [ 93.445819125597708, 24.061770972551912 ], [ 93.426911652254503, 24.046125558723066 ], [ 93.390160591031645, 24.042393572125079 ], [ 93.358851755956834, 24.044901442463033 ], [ 93.338029532694406, 24.057185899288484 ], [ 93.320345620654649, 24.06824673017698 ], [ 93.304554857654679, 24.090147102591171 ], [ 93.295244106348648, 24.115153264201073 ], [ 93.290836459748675, 24.136489051357714 ], [ 93.281778694918245, 24.157017161019088 ], [ 93.271916847711779, 24.172101863055151 ], [ 93.24753455228489, 24.201464793823636 ], [ 93.225289748824153, 24.21436956249152 ], [ 93.192487648961986, 24.209999498117021 ], [ 93.170306571248673, 24.195355469419862 ], [ 93.162103931759702, 24.160649695788869 ], [ 93.162185931257255, 24.140335233491573 ], [ 93.112976547185596, 24.118720050746489 ], [ 93.076237891581371, 24.110982761865309 ], [ 93.035052739868433, 24.098628200966058 ], [ 92.990388832186071, 24.09226913046264 ], [ 92.926871972201894, 24.106604433374297 ], [ 92.897401274953197, 24.120997012182983 ], [ 92.844466990223253, 24.14568774527373 ], [ 92.807176604419041, 24.160278277387057 ], [ 92.824846732735409, 24.201227622130972 ], [ 92.870279330138516, 24.460858288340155 ], [ 92.875587913970094, 24.523485304043071 ], [ 92.884419745581809, 24.566156490273826 ], [ 92.892962839912897, 24.607163204852331 ], [ 92.923510292141188, 24.636212697231581 ], [ 92.967107746019295, 24.691178371343067 ], [ 93.004573442417652, 24.72595634158138 ], [ 93.03968005711927, 24.767593814506032 ], [ 93.081805871029061, 24.824900721085452 ], [ 93.119635009419312, 24.861632244827298 ], [ 93.150616601711192, 24.892604996129759 ], [ 93.166025055924237, 24.912197835955084 ], [ 93.208432495887337, 24.961622827207364 ], [ 93.227214390944596, 24.997292604806791 ], [ 93.247356140118953, 25.057537393033517 ], [ 93.263864613389998, 25.154687159819293 ], [ 93.280234574516342, 25.205716880204889 ], [ 93.29361082069839, 25.246283268530131 ], [ 93.298663869387852, 25.244567437254304 ], [ 93.327214860240758, 25.257826154317218 ], [ 93.399326065857707, 25.312415508148398 ], [ 93.453058561174231, 25.355168755909524 ], [ 93.525910940817198, 25.369505506425753 ], [ 93.692508584746321, 25.360276185302396 ], [ 93.776582353949465, 25.357464785766361 ], [ 93.841558035160801, 25.356923409142876 ], [ 93.88732677674993, 25.340592764845521 ], [ 93.918851241198354, 25.31398084177474 ], [ 93.95140485997706, 25.300999265621694 ], [ 93.980885014723043, 25.297197582582896 ], [ 94.006803364565499, 25.303178259742843 ], [ 94.030928179433872, 25.315418055076467 ], [ 94.046692607680455, 25.32983849784662 ], [ 94.083832203336925, 25.340895214029441 ], [ 94.102628097099881, 25.337319045624977 ], [ 94.12227390606985, 25.323199010645542 ], [ 94.136041166681082, 25.308219278824755 ], [ 94.144491022442139, 25.286284130486056 ] ] ] } },
{ "type": "Feature", "properties": { "state_name": "Mysore", "id": 18 }, "geometry": { "type": "Polygon", "coordinates": [ [ [ 77.254440082182512, 12.227767670626816 ], [ 77.226117152710543, 12.236190058775792 ], [ 77.205469419414527, 12.247716850700334 ], [ 77.17908203416917, 12.266563491560532 ], [ 77.164420841635845, 12.276709185386592 ], [ 77.149394350183698, 12.275045903198155 ], [ 77.129335717211006, 12.254186577421466 ], [ 77.117480513652879, 12.257016878790594 ], [ 77.110232990601219, 12.264310667355145 ], [ 77.092380114953272, 12.265619648265625 ], [ 77.072892109145954, 12.261044329161823 ], [ 77.04564636686257, 12.243216076705547 ], [ 77.031490961482405, 12.212311609489864 ], [ 77.035322879468538, 12.187398394262976 ], [ 77.046830684767869, 12.172789417821447 ], [ 77.08985136824711, 12.171543724272841 ], [ 77.120455675835757, 12.148231418454579 ], [ 77.138982259762841, 12.117505276948052 ], [ 77.158999131310566, 12.086786548493977 ], [ 77.207747164406555, 12.073852250518422 ], [ 77.240005782820248, 12.054958808226889 ], [ 77.244074694938973, 12.040283746956588 ], [ 77.243443052248935, 12.016766555447294 ], [ 77.22791896728323, 11.991726816183764 ], [ 77.214071221915276, 11.972602499228357 ], [ 77.185212971381361, 11.944679464497042 ], [ 77.17133634802704, 11.921233213722147 ], [ 77.152096672267263, 11.85396145360364 ], [ 77.117779333541293, 11.839368074166181 ], [ 77.068785416861232, 11.827739846385658 ], [ 77.031616929714446, 11.814669201880978 ], [ 76.98960764386878, 11.778321625389435 ], [ 76.958128416824877, 11.75073185430236 ], [ 76.942936466018722, 11.726030435156824 ], [ 76.933726921725452, 11.705687183997831 ], [ 76.931681674830131, 11.673690736715136 ], [ 76.93088925306489, 11.628613432870083 ], [ 76.924157028007841, 11.595846258117506 ], [ 76.899948624970719, 11.595941961471942 ], [ 76.854397218150524, 11.586437760281406 ], [ 76.795398694155111, 11.578205103259213 ], [ 76.742874790803185, 11.589308514748348 ], [ 76.693200021313913, 11.62338112495997 ], [ 76.620938498308021, 11.697451182091495 ], [ 76.607629150938564, 11.707176785470264 ], [ 76.545281440568203, 11.71041313172203 ], [ 76.515304852086231, 11.748011624461057 ], [ 76.458123764778037, 11.768754332914629 ], [ 76.421717284267459, 11.78700658477616 ], [ 76.382271712786832, 11.842755272319675 ], [ 76.365711539892857, 11.876666993958928 ], [ 76.338941226991835, 11.885200367814317 ], [ 76.283908646732755, 11.885332985620584 ], [ 76.247331960627335, 11.891463617692132 ], [ 76.236630281549012, 11.909622474080679 ], [ 76.223745752866577, 11.943502263067629 ], [ 76.215833842146282, 11.982209291338487 ], [ 76.210005125823017, 11.999148174894929 ], [ 76.191852842689414, 12.010059968382444 ], [ 76.191429629754737, 12.141897977515123 ], [ 76.189306043935318, 12.231443499585762 ], [ 76.162712785869743, 12.319812015341849 ], [ 76.133080495639263, 12.374286217590162 ], [ 76.106692070671087, 12.404542303822932 ], [ 76.035032517954022, 12.504979582852629 ], [ 76.031828479843639, 12.531616874162902 ], [ 76.032063139842208, 12.544939115081496 ], [ 76.049848900635652, 12.581305928185829 ], [ 76.068700234622312, 12.607996807061703 ], [ 76.089395707917163, 12.667439472649528 ], [ 76.090026289364133, 12.676725606221799 ], [ 76.09277852084324, 12.717172230434626 ], [ 76.090669955672183, 12.735362338359149 ], [ 76.075324478864303, 12.766858516921802 ], [ 76.032455760074299, 12.834660443122997 ], [ 76.022037549256765, 12.867386844499549 ], [ 76.020048001194425, 12.891653657203721 ], [ 76.025402869216592, 12.91474205663074 ], [ 76.03945531939064, 12.942736275287542 ], [ 76.057478207984133, 12.984135130691175 ], [ 76.06534686684256, 13.008488650383734 ], [ 76.058518901438788, 13.035197602506569 ], [ 76.032973054754819, 13.048421237047005 ], [ 76.007159084849718, 13.048272346181321 ], [ 75.989809043974859, 13.040884678782636 ], [ 75.968566582016678, 13.022550510856062 ], [ 75.955793056144941, 12.996986106465979 ], [ 75.929600865811523, 12.975016073807115 ], [ 75.890316167477167, 12.9736328522044 ], [ 75.858403853558343, 12.972287142731609 ], [ 75.829896767708334, 12.955197287999502 ], [ 75.829508108888007, 12.933374016669189 ], [ 75.831658433457832, 12.916411315189302 ], [ 75.844688096637043, 12.891002976014859 ], [ 75.866229273795355, 12.861985951899056 ], [ 75.888906852196271, 12.828121801742888 ], [ 75.888606031749418, 12.811154372674022 ], [ 75.885835434784184, 12.792970165845867 ], [ 75.874621526121828, 12.782035063964138 ], [ 75.862291438174864, 12.77715638374711 ], [ 75.841476591627085, 12.777101696795953 ], [ 75.806099223137636, 12.784275929320229 ], [ 75.775541152341788, 12.786618258845278 ], [ 75.742400946944045, 12.780480312747706 ], [ 75.68523407758812, 12.758791152867573 ], [ 75.676558197806457, 12.77467499170606 ], [ 75.629850654064001, 12.790525810045656 ], [ 75.56122571168693, 12.812113407482057 ], [ 75.532236940118892, 12.835252086098347 ], [ 75.522363427262718, 12.861347130980171 ], [ 75.522518171744807, 12.871507729939013 ], [ 75.55816932389844, 12.899203069913046 ], [ 75.596433977565297, 12.905135483570762 ], [ 75.649444972677117, 12.914024173079435 ], [ 75.667215749076789, 12.922800571889896 ], [ 75.679354374900768, 12.94609205049292 ], [ 75.682608223521086, 12.964997104232506 ], [ 75.668346397818226, 12.991106230811756 ], [ 75.650973051050585, 13.007027544657326 ], [ 75.60014657677317, 13.044611992298714 ], [ 75.597873416235302, 13.085297909244415 ], [ 75.588034539193373, 13.112873051177774 ], [ 75.514911302285839, 13.137247870515944 ], [ 75.479273405212069, 13.152125467491404 ], [ 75.466715691820937, 13.157366789457839 ], [ 75.445139214209661, 13.187775048789447 ], [ 75.439620518053317, 13.210995635722675 ], [ 75.437043313775632, 13.234232480377363 ], [ 75.432904537872673, 13.251649896025194 ], [ 75.405161285534049, 13.264582795112178 ], [ 75.371288703347147, 13.261497768037637 ], [ 75.347511770812787, 13.245388157604456 ], [ 75.320576779336449, 13.214735972163631 ], [ 75.292478230863466, 13.204410165269998 ], [ 75.273376443782112, 13.205750695990881 ], [ 75.245530554112491, 13.212843675068317 ], [ 75.219425086802929, 13.238817347207053 ], [ 75.203636019923209, 13.266304711429363 ], [ 75.18946249414843, 13.303966573879102 ], [ 75.164726544587282, 13.324128947291406 ], [ 75.138221774514108, 13.323944436527032 ], [ 75.093861373620925, 13.310562173138601 ], [ 75.04978389958346, 13.317499709585784 ], [ 75.042659785088077, 13.334866486844117 ], [ 75.041486767736529, 13.356633319018421 ], [ 75.044794283993269, 13.382791204024056 ], [ 75.059789909073999, 13.401781046364199 ], [ 75.110214204580871, 13.425398102113785 ], [ 75.155994892055972, 13.433000571522584 ], [ 75.164898897948376, 13.437424048299698 ], [ 75.166628308974907, 13.454871024968933 ], [ 75.165325814788986, 13.466484940591164 ], [ 75.153792663511354, 13.483834547077912 ], [ 75.139272393114979, 13.507336989584221 ], [ 75.127878777309007, 13.525774161144472 ], [ 75.093233869443239, 13.576357600257014 ], [ 75.044091602132198, 13.645701293574934 ], [ 75.028321400607567, 13.677537729055551 ], [ 75.028742926241023, 13.70661167470602 ], [ 75.029294722152784, 13.744413712384384 ], [ 75.016537621180078, 13.780644190479141 ], [ 74.9934372205106, 13.816776736380898 ], [ 74.94237921125351, 13.861354383961935 ], [ 74.92054575742425, 13.884400414935445 ], [ 74.907597050143352, 13.908987851280065 ], [ 74.899039500369057, 13.930711738479447 ], [ 74.892022130011284, 13.956814811445415 ], [ 74.88327459405221, 13.965448475049346 ], [ 74.855300310512945, 13.973877339576516 ], [ 74.839073263723961, 13.976612730648732 ], [ 74.812533575445471, 13.982144822699313 ], [ 74.78903017396712, 13.993522455205339 ], [ 74.774338995570076, 14.000632086668313 ], [ 74.758305693008111, 14.017901575650628 ], [ 74.743768618580688, 14.036639546159723 ], [ 74.730708452030939, 14.055392591251312 ], [ 74.719066964878394, 14.06979932687592 ], [ 74.69704512171414, 14.082633890646941 ], [ 74.676384819799907, 14.08676026517953 ], [ 74.651512090713425, 14.108278461193635 ], [ 74.644511142200457, 14.138721678504215 ], [ 74.638971260445985, 14.167730251691601 ], [ 74.622873835245102, 14.182077082380216 ], [ 74.603691770937488, 14.198511276393132 ], [ 74.675102713834974, 14.287248589871611 ], [ 74.712987897984647, 14.345943874416065 ], [ 74.757993394793075, 14.38111847307597 ], [ 74.784095540272091, 14.390572277340508 ], [ 74.811918164551173, 14.390947006198825 ], [ 74.868844508853471, 14.355273054557024 ], [ 74.907350346977736, 14.328450055753192 ], [ 74.938604602463684, 14.312458191884588 ], [ 74.964470096961591, 14.307328422182344 ], [ 74.985136600277372, 14.324010511182957 ], [ 74.988102707068819, 14.389720476305227 ], [ 74.971058533286055, 14.477091686221387 ], [ 74.971866214409417, 14.522765356502161 ], [ 74.98702769144704, 14.539447567662391 ], [ 75.018867472433996, 14.552758548054246 ], [ 75.030026455709333, 14.552943304374882 ], [ 75.074791161475119, 14.559198094484852 ], [ 75.088378963825235, 14.586915920140475 ], [ 75.089363961841926, 14.634593208920926 ], [ 75.099079193684815, 14.653127971019765 ], [ 75.108449194066637, 14.655152212942729 ], [ 75.127035540696795, 14.651862085390082 ], [ 75.149238849293354, 14.643143503646781 ], [ 75.162480745992113, 14.650774445018135 ], [ 75.189699262418173, 14.695532135448307 ], [ 75.20499687179688, 14.708793264866515 ], [ 75.229550273123266, 14.716784975732489 ], [ 75.244556801207381, 14.71717585573187 ], [ 75.259277271392321, 14.706491804381349 ], [ 75.280721992667537, 14.666455540365741 ], [ 75.322692391798412, 14.623256673077034 ], [ 75.354243061485676, 14.611163845118925 ], [ 75.374130866903883, 14.583989454212235 ], [ 75.381081920520003, 14.563859969587979 ], [ 75.385813324753443, 14.530761250369164 ], [ 75.399923767990643, 14.497909942333749 ], [ 75.45307900784077, 14.454946468904442 ], [ 75.486498095958652, 14.416653423206807 ], [ 75.514092518135811, 14.384853498762444 ], [ 75.540509225252038, 14.364833755129618 ], [ 75.56734777689249, 14.35960436315133 ], [ 75.602432881513081, 14.378308741344728 ], [ 75.63373980264268, 14.416328648972177 ], [ 75.728220239370728, 14.55253802710814 ], [ 75.735081139743698, 14.5623687626634 ], [ 75.79298547123723, 14.627429690836227 ], [ 75.808755691674662, 14.656367401430941 ], [ 75.838954788305671, 14.67323859191189 ], [ 75.910732083350894, 14.686554916310401 ], [ 75.965769051474766, 14.685668702293786 ], [ 76.0089408315349, 14.686408451865946 ], [ 76.08066957398205, 14.69822157797193 ], [ 76.1163620339575, 14.697619694719455 ], [ 76.141339955202071, 14.68563578877121 ], [ 76.236402209843178, 14.595852929725371 ], [ 76.263500953365224, 14.580205402075233 ], [ 76.282044418913799, 14.578433343411053 ], [ 76.305983052755835, 14.583788660772001 ], [ 76.325007955607987, 14.600066219164475 ], [ 76.334428070268203, 14.618681460954381 ], [ 76.335690897001584, 14.638164806544134 ], [ 76.333144721412083, 14.682278233463212 ], [ 76.318718370466144, 14.727325108385887 ], [ 76.309833959904836, 14.757101104098924 ], [ 76.306685828301013, 14.778827916795013 ], [ 76.310132922891526, 14.796824781348263 ], [ 76.319968072170028, 14.80314962817741 ], [ 76.33268231799704, 14.805810571902438 ], [ 76.359199245857837, 14.795941829060169 ], [ 76.376641880743946, 14.780456578059818 ], [ 76.393491768814954, 14.770759356052562 ], [ 76.41051212239536, 14.767558681694949 ], [ 76.426845794415783, 14.766536316953106 ], [ 76.44923968704785, 14.769734541756021 ], [ 76.470356296663596, 14.780899479332515 ], [ 76.496141468780849, 14.799919717640721 ], [ 76.5110252154428, 14.800362634528549 ], [ 76.526403791870393, 14.791405709949942 ], [ 76.535702239726703, 14.777506845602996 ], [ 76.5794880575299, 14.690721022703652 ], [ 76.625920271161291, 14.620485359284363 ], [ 76.676203863920605, 14.583392877789453 ], [ 76.703316512871012, 14.569138192921345 ], [ 76.729216847838273, 14.565017759027874 ], [ 76.746301131215006, 14.564680774527437 ], [ 76.766493961176451, 14.569337505567288 ], [ 76.773454478810379, 14.579312456475055 ], [ 76.775195715662292, 14.588668572168601 ], [ 76.77332100369857, 14.601708277304125 ], [ 76.762943384672951, 14.630085807060714 ], [ 76.753227609557101, 14.65555979716744 ], [ 76.749156600519697, 14.697533545341559 ], [ 76.752729550987382, 14.719852939317574 ], [ 76.795153596489683, 14.777504929416377 ], [ 76.85528327532046, 14.858600940816373 ], [ 76.877107445588592, 14.925287373114326 ], [ 76.886062357843343, 14.983562346662806 ], [ 76.893628269293856, 15.017321730234782 ], [ 76.899350769414724, 15.037406411430448 ], [ 76.915323429063008, 15.051503860361397 ], [ 76.941620810154404, 15.062496721092824 ], [ 76.949847769283309, 15.064488112213381 ], [ 76.987731180078569, 15.063688053605931 ], [ 77.003143488361786, 15.056146815989383 ], [ 77.012221222367472, 15.033589520435482 ], [ 77.014630892128167, 15.011894093660093 ], [ 77.023074473361461, 14.993676628587012 ], [ 77.037552305776032, 14.978937304882198 ], [ 77.097296229179719, 14.9336400113759 ], [ 77.108588488646504, 14.911025997901524 ], [ 77.110320554587489, 14.892225153365205 ], [ 77.101559653165822, 14.870040463331438 ], [ 77.08638243190515, 14.858096227103427 ], [ 77.041288909318382, 14.838846714401027 ], [ 77.028472054077199, 14.831899539832451 ], [ 77.017748120788639, 14.819853807948187 ], [ 77.01075613616446, 14.808450295181133 ], [ 77.006567538891204, 14.763052732669891 ], [ 77.012123150992124, 14.721055208084685 ], [ 77.007843918105735, 14.700202747838192 ], [ 76.984098879748814, 14.673977671721172 ], [ 76.976123448163918, 14.653921263556722 ], [ 76.974068081806209, 14.633018729575177 ], [ 76.976624751877466, 14.617798000242102 ], [ 76.989398721556157, 14.595863801185523 ], [ 77.01047714330771, 14.578811160441321 ], [ 77.057599930235398, 14.563375295665312 ], [ 77.141453952083282, 14.560146354294675 ], [ 77.165892267521258, 14.557453977025837 ], [ 77.207143350834514, 14.545005035910023 ], [ 77.220064548091372, 14.52883403111977 ], [ 77.221830351136745, 14.512182950777504 ], [ 77.210433504376738, 14.476314769153623 ], [ 77.2004213209824, 14.463529601990285 ], [ 77.120309526835982, 14.440690240995322 ], [ 77.093201854088178, 14.427540657980506 ], [ 77.078592114436304, 14.40978897548556 ], [ 77.077883471274106, 14.384517773383779 ], [ 77.09376804458816, 14.368287161480957 ], [ 77.129987309125553, 14.335728119913478 ], [ 77.145166916084406, 14.320954348711259 ], [ 77.154652833853135, 14.314971572007492 ], [ 77.170757315892004, 14.306679053768432 ], [ 77.185540490568627, 14.304193975672685 ], [ 77.2004256943667, 14.305318301014264 ], [ 77.244433463734282, 14.338320502461233 ], [ 77.27464160466242, 14.382450634469002 ], [ 77.29366331915071, 14.398647791077179 ], [ 77.319282377638217, 14.411807642113342 ], [ 77.341769724842507, 14.41925516675823 ], [ 77.364033357740723, 14.418759878567149 ], [ 77.386774598735002, 14.408861870059585 ], [ 77.413682559807398, 14.388756001157894 ], [ 77.432548332530374, 14.373162822280293 ], [ 77.463101585012424, 14.350803159956591 ], [ 77.481324813416862, 14.338832910586216 ], [ 77.51022143615792, 14.336730849591415 ], [ 77.528954714823328, 14.342803675864754 ], [ 77.541581696055403, 14.369238891159522 ], [ 77.556066331124484, 14.435351730651906 ], [ 77.567722559754841, 14.453859798364586 ], [ 77.583606978184292, 14.464324795469393 ], [ 77.599308867247771, 14.468293287716666 ], [ 77.617094569550844, 14.467157112137457 ], [ 77.632330288068275, 14.454525042252374 ], [ 77.651854291725925, 14.436014563361789 ], [ 77.664537633607964, 14.41188601464113 ], [ 77.66907934493986, 14.388669867350398 ], [ 77.670386783300415, 14.356140240247504 ], [ 77.66944551319763, 14.322939714295673 ], [ 77.653561671685921, 14.286475177705993 ], [ 77.62425871095067, 14.248151506712054 ], [ 77.588729342049717, 14.225857016080919 ], [ 77.561051409419449, 14.218546764520651 ], [ 77.533351927148701, 14.210511315666842 ], [ 77.510824533366332, 14.201632632299317 ], [ 77.49942590431742, 14.19249953903099 ], [ 77.492416492063583, 14.181098950743936 ], [ 77.488312235115245, 14.167464745628982 ], [ 77.535265628107496, 14.071026010578169 ], [ 77.539618269836595, 14.042023385916927 ], [ 77.537439067808435, 14.018226410434458 ], [ 77.529046167875038, 14.01046796633463 ], [ 77.5193382794684, 14.008520161274783 ], [ 77.504479255099909, 14.00813377217278 ], [ 77.493477328655516, 14.012718181263974 ], [ 77.472998839862925, 14.023296648937254 ], [ 77.459323185569247, 14.038056802630775 ], [ 77.444225639535745, 14.055015793224015 ], [ 77.437946626528216, 14.068886086531133 ], [ 77.426473122199681, 14.082872095193931 ], [ 77.40885380701171, 14.089768482889527 ], [ 77.360936610122664, 14.101670431988593 ], [ 77.328974744784034, 14.126220484900962 ], [ 77.244592967502044, 14.187314044852158 ], [ 77.185344733715141, 14.218939901192313 ], [ 77.151429903984507, 14.227613871491796 ], [ 77.143823883955832, 14.227576046992233 ], [ 77.123946975822079, 14.227476114761823 ], [ 77.107453133258375, 14.222044939464805 ], [ 77.093804584269009, 14.212216915342365 ], [ 77.086856640698699, 14.202969458893991 ], [ 77.085805265054333, 14.192152314922163 ], [ 77.095598067056727, 14.170989705160132 ], [ 77.123530177580065, 14.134989746836062 ], [ 77.129774126866934, 14.11968151203218 ], [ 77.129129769793437, 14.097292071933062 ], [ 77.12275521009127, 14.08225032068788 ], [ 77.119432236391418, 14.070034446688732 ], [ 77.120603626235436, 14.059168824833588 ], [ 77.127011537254404, 14.049637813831286 ], [ 77.137913770286218, 14.041456848696066 ], [ 77.158463262922311, 14.033070376020648 ], [ 77.170848821995051, 14.0248564412764 ], [ 77.178634452018983, 14.011680818418837 ], [ 77.178151337879513, 13.995067464575568 ], [ 77.176183320861071, 13.97848535826471 ], [ 77.169724744016165, 13.909953631546664 ], [ 77.172841198371529, 13.889646510159443 ], [ 77.192089046982588, 13.862488501331661 ], [ 77.228862934276961, 13.825553550473487 ], [ 77.257070115037692, 13.800364578740123 ], [ 77.274091410788145, 13.798550540652636 ], [ 77.286961771220334, 13.806947428208753 ], [ 77.297164602605079, 13.825523027456994 ], [ 77.297892538447982, 13.850087181685069 ], [ 77.293027241946149, 13.93693701258149 ], [ 77.29875062019984, 13.954882372990047 ], [ 77.309667219622227, 13.972713628293498 ], [ 77.324018731839459, 13.981072861566625 ], [ 77.343458454885578, 13.985705629283572 ], [ 77.37992305679964, 13.963219488577815 ], [ 77.424287180173408, 13.906580809735079 ], [ 77.43880518708896, 13.895414893682188 ], [ 77.465363477559606, 13.889761159277361 ], [ 77.493618542478032, 13.891294839930394 ], [ 77.518798673410089, 13.889280913206157 ], [ 77.539420180252662, 13.883753977580703 ], [ 77.551666682959919, 13.871187633510754 ], [ 77.560794634623718, 13.853631435021525 ], [ 77.568222001449982, 13.828884048063776 ], [ 77.576002114564432, 13.766531819043804 ], [ 77.575130518582682, 13.737629783756248 ], [ 77.581193710028515, 13.717244696052877 ], [ 77.594083692430416, 13.701764224576998 ], [ 77.610270283782583, 13.693383331583727 ], [ 77.630616853834411, 13.6828462742172 ], [ 77.645449524944894, 13.682504306352406 ], [ 77.663990092916748, 13.682075670741833 ], [ 77.692369786913588, 13.687925790651041 ], [ 77.708971800171895, 13.696940414493877 ], [ 77.770690123102597, 13.74972710375132 ], [ 77.827075797775151, 13.798279913667816 ], [ 77.847599225680426, 13.814418695000841 ], [ 77.864500368311539, 13.833533088688572 ], [ 77.870059829251048, 13.8456885353951 ], [ 77.871579389723792, 13.871673159032014 ], [ 77.879092193008105, 13.974836623977321 ], [ 77.881848393621155, 13.99283483782261 ], [ 77.897465174887472, 14.019193265442679 ], [ 77.91892791548787, 14.042517848954935 ], [ 77.937889861795114, 14.056508096498725 ], [ 77.958039297242095, 14.060353648953528 ], [ 77.977724622189541, 14.048315657730672 ], [ 77.983192581835738, 14.032288549652579 ], [ 77.984273740197011, 14.018535276251251 ], [ 77.984570209732581, 14.003355694690484 ], [ 77.993615522103426, 13.982904479681014 ], [ 78.005096852538131, 13.969618251953811 ], [ 78.038523331814943, 13.945677141417926 ], [ 78.045338461171724, 13.925276582004516 ], [ 78.049862637139356, 13.902763044772501 ], [ 78.055845738139453, 13.879489380354928 ], [ 78.071573288398781, 13.859587858143819 ], [ 78.08516104585658, 13.842628376009168 ], [ 78.09314253088364, 13.836648594679238 ], [ 78.107142058222081, 13.833410812234844 ], [ 78.132283738639572, 13.830618351225874 ], [ 78.147438085772819, 13.841083609948116 ], [ 78.170135828834219, 13.855695871410733 ], [ 78.181187352833788, 13.877824534504073 ], [ 78.191559860996051, 13.902135985496322 ], [ 78.20326180760128, 13.921353366072616 ], [ 78.214833305850632, 13.936236833603603 ], [ 78.234430053675752, 13.94658141473613 ], [ 78.252307848522932, 13.949019931571632 ], [ 78.264824648771452, 13.945812945066368 ], [ 78.276062826652449, 13.924573787310219 ], [ 78.277812746992296, 13.908632083063274 ], [ 78.273241195922893, 13.879841510201363 ], [ 78.274180642428334, 13.837174757376909 ], [ 78.277795191021866, 13.809614169102279 ], [ 78.286946589365797, 13.793477172351729 ], [ 78.291040337465859, 13.781805359466494 ], [ 78.29133839048572, 13.767337197818204 ], [ 78.28727699597097, 13.755871314557735 ], [ 78.277240840934624, 13.743110324685913 ], [ 78.26230585976441, 13.73987365647656 ], [ 78.219227148290244, 13.738069955031902 ], [ 78.195507746926069, 13.738666628484536 ], [ 78.188703000911474, 13.734498627479137 ], [ 78.187042287292414, 13.728755087683226 ], [ 78.186077960351781, 13.721547551073954 ], [ 78.194345879903963, 13.701089669771573 ], [ 78.218737849160803, 13.67443564806754 ], [ 78.231630156912956, 13.659642127743691 ], [ 78.233990959627818, 13.640050739919301 ], [ 78.233255595482731, 13.616197066953292 ], [ 78.235531897215537, 13.593713632519336 ], [ 78.247644119054158, 13.577491094396239 ], [ 78.261438188312894, 13.567735815653052 ], [ 78.279202590761244, 13.566559676983241 ], [ 78.298581228783974, 13.569681730473205 ], [ 78.312362570688947, 13.583797724935746 ], [ 78.326344476329496, 13.604418919644152 ], [ 78.339431461284434, 13.619998346638791 ], [ 78.351600016133659, 13.629813331588087 ], [ 78.365857977859861, 13.635233272115849 ], [ 78.385865189131991, 13.63471623129125 ], [ 78.404144606160216, 13.626284529260186 ], [ 78.421816639593104, 13.622208015222546 ], [ 78.454708276922318, 13.630755415034436 ], [ 78.479560618279464, 13.643127383277193 ], [ 78.506434187561041, 13.648932783495422 ], [ 78.527156356427355, 13.647663188164202 ], [ 78.543905848461108, 13.637815124705865 ], [ 78.548757619275193, 13.626834102268734 ], [ 78.549120605594467, 13.614524752733686 ], [ 78.545315842632874, 13.587131617616427 ], [ 78.532147627134606, 13.568668344596901 ], [ 78.509458637164485, 13.554073473056702 ], [ 78.490693861560914, 13.546609003827051 ], [ 78.475480476057101, 13.533985395522187 ], [ 78.471600681483494, 13.528299019383246 ], [ 78.471338606859888, 13.519623476107341 ], [ 78.478001360890431, 13.480770614390556 ], [ 78.467194742272994, 13.466583488956106 ], [ 78.455744002232592, 13.430705699097054 ], [ 78.445696890242829, 13.391895781391996 ], [ 78.444889850523481, 13.364420086980093 ], [ 78.447347002763848, 13.346988760119162 ], [ 78.458658078074663, 13.327876740971732 ], [ 78.484879506324845, 13.311264141273345 ], [ 78.57489082439804, 13.294392265447163 ], [ 78.658819279595747, 13.271860886760313 ], [ 78.67764575433273, 13.255424440186564 ], [ 78.68457336694064, 13.237863216358171 ], [ 78.684129712399297, 13.221950495324636 ], [ 78.677475494480902, 13.196073002199739 ], [ 78.670864820644866, 13.171641528416295 ], [ 78.661528733042374, 13.155970882433014 ], [ 78.608862663539426, 13.129896789188447 ], [ 78.587502977857, 13.108759236756494 ], [ 78.570633541989267, 13.088946808260832 ], [ 78.56118212253557, 13.068933314416768 ], [ 78.550248823119134, 13.048959423438093 ], [ 78.527253274692058, 13.022071052676425 ], [ 78.510738775706997, 13.015276197636309 ], [ 78.491218069999377, 13.007113217647298 ], [ 78.48063788838617, 13.0001576698271 ], [ 78.468223752405876, 12.980220930359142 ], [ 78.464674698051979, 12.958599015398745 ], [ 78.463750287296421, 12.923875814317853 ], [ 78.4541195270955, 12.896624061744202 ], [ 78.437451497424661, 12.88403891483367 ], [ 78.414809043355092, 12.87016431641039 ], [ 78.386230183256558, 12.856445747552888 ], [ 78.364919699754154, 12.836740937002611 ], [ 78.352477566062916, 12.815351941725941 ], [ 78.276762880485464, 12.80863402746478 ], [ 78.148056966745372, 12.808099965536121 ], [ 78.07985870420994, 12.811764934559003 ], [ 78.059243725855467, 12.818075714603456 ], [ 78.03509118823267, 12.839912788200101 ], [ 77.968998294756133, 12.919711866699668 ], [ 77.925281172587106, 12.948766227432953 ], [ 77.917361344974125, 12.948960498409614 ], [ 77.912427917344885, 12.949081385298406 ], [ 77.903422002883246, 12.945443093672903 ], [ 77.890165803822583, 12.931296889922333 ], [ 77.887465186737671, 12.905316310754891 ], [ 77.887654614626427, 12.876369749888671 ], [ 77.893834592728481, 12.849204468680666 ], [ 77.894296192170728, 12.829896495150404 ], [ 77.885938389529841, 12.813698702648493 ], [ 77.86891715410566, 12.80639630475646 ], [ 77.842111964791684, 12.803190681815641 ], [ 77.820277736396562, 12.800826637915552 ], [ 77.805339515442057, 12.797329178767717 ], [ 77.796203269850352, 12.788866605790529 ], [ 77.795862460016764, 12.776331803068143 ], [ 77.800388798227573, 12.760784234157503 ], [ 77.811891504178334, 12.746996542609653 ], [ 77.844165334090761, 12.732701135331025 ], [ 77.874567901806955, 12.722306265446566 ], [ 77.8784213016298, 12.718351359673903 ], [ 77.880065623073861, 12.705764923805736 ], [ 77.877626545755859, 12.688452992480732 ], [ 77.864206062548803, 12.66755005093534 ], [ 77.839930636128273, 12.647877926838078 ], [ 77.797012633041717, 12.634450002671882 ], [ 77.764267562955666, 12.631385125908619 ], [ 77.745524861595214, 12.633768474808795 ], [ 77.716159377350152, 12.64605558287554 ], [ 77.683046904754988, 12.666147386054366 ], [ 77.649861983927451, 12.683339659687009 ], [ 77.637994791335899, 12.683620545391483 ], [ 77.631020355078448, 12.681855651812686 ], [ 77.617774871303254, 12.667695393979798 ], [ 77.608252851938843, 12.644762932316038 ], [ 77.595764920503612, 12.621900223054533 ], [ 77.580284805636339, 12.598143007499855 ], [ 77.562930258923728, 12.57828888866057 ], [ 77.547760062479583, 12.566101621092626 ], [ 77.540527897918295, 12.554693116967814 ], [ 77.540142037616434, 12.540230133764286 ], [ 77.54761802079075, 12.523653418907514 ], [ 77.568891993859467, 12.504822057732847 ], [ 77.607317113305385, 12.498124752802202 ], [ 77.632706923645387, 12.484977492349898 ], [ 77.640875397878077, 12.456800455985167 ], [ 77.638315081183165, 12.434669019251741 ], [ 77.62885487824903, 12.413667929391703 ], [ 77.61026284301505, 12.384201972331221 ], [ 77.553743589180641, 12.305230786920008 ], [ 77.476669620722419, 12.222538961122556 ], [ 77.444448977461747, 12.230581518684991 ], [ 77.428199486948515, 12.233852316330832 ], [ 77.406128666165387, 12.241596457197993 ], [ 77.354916583795315, 12.270259678798498 ], [ 77.341639365663255, 12.273455871729162 ], [ 77.331253524106359, 12.273692165584539 ], [ 77.314791038481587, 12.254576057051208 ], [ 77.312771094095481, 12.25221565106105 ], [ 77.298660238398341, 12.235993075079527 ], [ 77.272532688573037, 12.226618081946167 ], [ 77.254440082182512, 12.227767670626816 ] ], [ [ 76.929897633912688, 12.75602551897064 ], [ 77.254440082182512, 12.227767670626816 ], [ 77.070540078977643, 12.666106911991784 ], [ 76.985840194784657, 12.708678136967597 ], [ 76.929897633912688, 12.75602551897064 ] ], [ [ 77.070540078977643, 12.666106911991784 ], [ 77.055123879798941, 12.677257412481573 ], [ 77.050109834524278, 12.680866289156455 ], [ 77.070540078977643, 12.666106911991784 ] ], [ [ 76.985840194784657, 12.708678136967597 ], [ 76.972819835536839, 12.725883849480045 ], [ 76.966686374565938, 12.733987463269733 ], [ 76.985840194784657, 12.708678136967597 ] ], [ [ 76.432559771566133, 13.565542518869151 ], [ 76.431964473216425, 13.576567431705564 ], [ 76.425792562971296, 13.678843811962524 ], [ 76.432559771566133, 13.565542518869151 ] ] ] } },
{ "type": "Feature", "properties": { "state_name": "Naga Tribes", "id": 19 }, "geometry": { "type": "Polygon", "coordinates": [ [ [ 94.545546217627503, 25.430920303443632 ], [ 94.498902576151409, 25.325002822452806 ], [ 94.497252675122553, 25.305693787752368 ], [ 94.49655225522784, 25.303199689631089 ], [ 94.492417453347244, 25.269218391655276 ], [ 94.495726052547084, 25.262420945087996 ], [ 94.49621208300465, 25.256136592538102 ], [ 94.499727671582463, 25.254199434931643 ], [ 94.500346987715048, 25.252926995197626 ], [ 94.511042851843627, 25.247963796868866 ], [ 94.518768673854225, 25.243705543356505 ], [ 94.489482916623587, 25.227220805804951 ], [ 94.47339291866345, 25.221387129452136 ], [ 94.448730279049428, 25.211546352373738 ], [ 94.422002038974725, 25.204586669306984 ], [ 94.357858029292643, 25.196020470988366 ], [ 94.294616014994091, 25.191696847164948 ], [ 94.22870526891468, 25.202641534737786 ], [ 94.197135069677415, 25.215748159139626 ], [ 94.17428909915013, 25.235825221362514 ], [ 94.157440329136747, 25.258694620020524 ], [ 94.144491022442139, 25.286284130486056 ], [ 94.136041166681082, 25.308219278824755 ], [ 94.12227390606985, 25.323199010645542 ], [ 94.102628097099881, 25.337319045624977 ], [ 94.083832203336925, 25.340895214029441 ], [ 94.046692607680455, 25.32983849784662 ], [ 94.030928179433872, 25.315418055076467 ], [ 94.006803364565499, 25.303178259742843 ], [ 93.980885014723043, 25.297197582582896 ], [ 93.95140485997706, 25.300999265621694 ], [ 93.918851241198354, 25.31398084177474 ], [ 93.88732677674993, 25.340592764845521 ], [ 93.841558035160801, 25.356923409142876 ], [ 93.776582353949465, 25.357464785766361 ], [ 93.692508584746321, 25.360276185302396 ], [ 93.554639904971324, 25.367925276243049 ], [ 93.56404915361307, 25.374983217973522 ], [ 93.593409239221927, 25.400157363475373 ], [ 93.617021580933269, 25.416054791050147 ], [ 93.672634231369287, 25.463402662944045 ], [ 93.741376108509016, 25.524562613239688 ], [ 93.784595622094031, 25.548949109947905 ], [ 93.84508363856537, 25.571014239476668 ], [ 93.879750254024671, 25.573094654774099 ], [ 93.941316415184545, 25.547169541103649 ], [ 93.992643550297515, 25.509375112554505 ], [ 94.022655531621083, 25.484410588994841 ], [ 94.055223102586524, 25.471236856365767 ], [ 94.087296808011573, 25.479095709883534 ], [ 94.110116669177458, 25.5025397371572 ], [ 94.119947758273412, 25.524423804087565 ], [ 94.110812607507441, 25.55219569417698 ], [ 94.092481059562203, 25.590084353017151 ], [ 94.05031674500222, 25.670196774390618 ], [ 94.025187759118594, 25.718167843150042 ], [ 94.012495053282834, 25.753358054893951 ], [ 94.007200379592589, 25.787566457965589 ], [ 93.986746373792229, 25.857432960461349 ], [ 93.967348720414549, 25.897030510912746 ], [ 93.921242902718888, 25.96609999553333 ], [ 93.90006929397633, 26.009351543189144 ], [ 93.884497399678892, 26.060807113315857 ], [ 93.876307397723124, 26.116862578537848 ], [ 93.8784761076422, 26.150198948454467 ], [ 93.891699143201876, 26.193229480563197 ], [ 93.930612929098857, 26.242805715069206 ], [ 93.952119697233329, 26.276836916061303 ], [ 93.957869135257752, 26.302958503568107 ], [ 93.957597771359218, 26.305919141911559 ], [ 93.985117603881235, 26.309900440924704 ], [ 94.045260420858526, 26.325717745643594 ], [ 94.078925934223761, 26.353293299078224 ], [ 94.101667356726921, 26.37297298437468 ], [ 94.13329203663308, 26.398118875984764 ], [ 94.172002579983797, 26.434364540303669 ], [ 94.232061113540027, 26.483695821428032 ], [ 94.309020462299173, 26.56018783072545 ], [ 94.320829590089289, 26.592179568455489 ], [ 94.390557500596344, 26.622456819180851 ], [ 94.484348999950527, 26.643683326010017 ], [ 94.546675855885411, 26.661370127402584 ], [ 94.667759100215349, 26.687611441996399 ], [ 94.727716631397342, 26.708145209887387 ], [ 94.785933047728562, 26.741049667872424 ], [ 94.837663375535897, 26.778971448397662 ], [ 94.982244079466625, 26.872542876651238 ], [ 95.047462482020677, 26.914927149827367 ], [ 95.091223933445718, 26.937680922488074 ], [ 95.190166618182531, 26.959519950215302 ], [ 95.246723246869379, 26.984105711179616 ], [ 95.302923581345041, 27.000544188128316 ], [ 95.343950069730241, 27.011318122332533 ], [ 95.393376159893393, 27.031494930588323 ], [ 95.432762827903034, 27.054688000736043 ], [ 95.462972096987841, 27.07806253560398 ], [ 95.46444862981717, 27.103625574740299 ], [ 95.509678102544257, 27.156345872372054 ], [ 95.556015132774419, 27.183468924335511 ], [ 95.584011608003195, 27.187675461238175 ], [ 95.603368300699543, 27.155970593116614 ], [ 95.599751414395598, 27.124869596213276 ], [ 95.606006810034998, 27.092039333777524 ], [ 95.612078724447144, 27.063770754985658 ], [ 95.604662018615471, 27.02200429778236 ], [ 95.603619744156973, 26.996121074233308 ], [ 95.610750883821709, 26.972199828480349 ], [ 95.625076518558345, 26.951538172399552 ], [ 95.638745744141715, 26.940597918965331 ], [ 95.554581313172037, 26.879838438730701 ], [ 95.365138085228594, 26.736960210436983 ], [ 95.301030812075794, 26.708044407427959 ], [ 95.284269129994371, 26.7061724864441 ], [ 95.246279584506638, 26.708697642983751 ], [ 95.21634691622539, 26.704864173753592 ], [ 95.194817451754446, 26.698889719841599 ], [ 95.16997055940486, 26.699179305095033 ], [ 95.127258730331633, 26.682729632455583 ], [ 95.090391364649832, 26.647243588563434 ], [ 95.062606784317424, 26.606662546968227 ], [ 95.046278926941582, 26.562426430546136 ], [ 95.039457369327934, 26.523876958345692 ], [ 95.040404558876546, 26.430068799545371 ], [ 95.040335750190678, 26.396591434251956 ], [ 95.040070543446078, 26.395119421588046 ], [ 95.038253607225826, 26.359461863587047 ], [ 95.040236925180182, 26.341047164214675 ], [ 95.040194612580805, 26.313223719225203 ], [ 95.04496339835292, 26.295909731373552 ], [ 95.047167200394924, 26.272509484820134 ], [ 95.050096183028785, 26.237549866428921 ], [ 95.06044414204834, 26.209800349778888 ], [ 95.079694328461031, 26.189043426226196 ], [ 95.099901149242896, 26.173671104783896 ], [ 95.119950658679528, 26.159261713479051 ], [ 95.120982945008464, 26.131591655273841 ], [ 95.107200026098823, 26.09807061264733 ], [ 95.080863632595879, 26.054072332935881 ], [ 95.027079031917879, 26.005537576874854 ], [ 94.993084676631312, 25.988244610005033 ], [ 94.979047525014508, 25.984037013787713 ], [ 94.970172191540811, 25.977028606674921 ], [ 94.966072682848406, 25.962426700297176 ], [ 94.967539527338118, 25.956086568169653 ], [ 94.966278318370556, 25.952726498253419 ], [ 94.968742327894461, 25.87028480768214 ], [ 94.965664659925736, 25.831548527748673 ], [ 94.951831055928494, 25.790045142166431 ], [ 94.944548451321111, 25.780153268455766 ], [ 94.911666872085576, 25.756168594032154 ], [ 94.890043899835277, 25.743075919251549 ], [ 94.855886308875014, 25.725464919169301 ], [ 94.844701638809184, 25.713332619932299 ], [ 94.841310090395822, 25.710936950150103 ], [ 94.813077984359566, 25.68869604213393 ], [ 94.791504693616403, 25.669647637881809 ], [ 94.775427272893154, 25.647054631432951 ], [ 94.765377437235983, 25.615214775510196 ], [ 94.762072455394758, 25.604735231001264 ], [ 94.758930286242716, 25.590964277168474 ], [ 94.752990758868862, 25.574420545933258 ], [ 94.731103305174045, 25.548311959066304 ], [ 94.711650004356983, 25.538772391390324 ], [ 94.687508184793614, 25.53279755138427 ], [ 94.61820377498745, 25.509717301758485 ], [ 94.545546217627503, 25.430920303443632 ] ] ] } },
{ "type": "Feature", "properties": { "state_name": "Nepal", "id": 20 }, "geometry": { "type": "Polygon", "coordinates": [ [ [ 81.794346086390107, 30.357492242725044 ], [ 81.911882285476565, 30.305766870096754 ], [ 82.002184652416844, 30.296725445635037 ], [ 82.068885026142482, 30.301266000390399 ], [ 82.121828820597386, 30.291820986811064 ], [ 82.141761630718449, 30.261970593197841 ], [ 82.148637829494007, 30.225419027602769 ], [ 82.196718596300997, 30.143648512574469 ], [ 82.201419358924994, 30.06194179654322 ], [ 82.200774842644861, 30.033000181987287 ], [ 82.234186437913877, 30.015284837444792 ], [ 82.327991822928865, 29.982269503068512 ], [ 82.401369445457149, 29.973605422241906 ], [ 82.454697823839169, 29.949506005603993 ], [ 82.581523940507424, 29.876789812994641 ], [ 82.747785320961484, 29.726167110121278 ], [ 82.80071780979209, 29.658592147637442 ], [ 82.866323852768559, 29.637344552593781 ], [ 82.925502843166214, 29.634433557815488 ], [ 83.136940949517779, 29.596678507300734 ], [ 83.220912447179302, 29.556224738204037 ], [ 83.313886295115353, 29.484569986758558 ], [ 83.413933598827853, 29.383639589870779 ], [ 83.4763589877562, 29.275723090067274 ], [ 83.516758929523576, 29.212267443711305 ], [ 83.549938967960514, 29.158219758205604 ], [ 83.598546026681234, 29.135733433748126 ], [ 83.639776492882348, 29.14064654948141 ], [ 83.666297387546905, 29.160772439415471 ], [ 83.679780555306834, 29.171904955530859 ], [ 83.690462714353544, 29.178027606708433 ], [ 83.691241409391935, 29.181137906509413 ], [ 83.770768877851225, 29.205292648291831 ], [ 83.79369082211818, 29.222148759716816 ], [ 83.818123756977272, 29.23184599973586 ], [ 83.831875384909253, 29.239541617524708 ], [ 83.866097093523535, 29.271389299452849 ], [ 83.886897652708953, 29.281455384909354 ], [ 83.930221047235491, 29.286132726245636 ], [ 84.019361687567169, 29.280878356970625 ], [ 84.102915382507362, 29.243477355855045 ], [ 84.144241113190702, 29.23018604255131 ], [ 84.182294351756596, 29.224280452351316 ], [ 84.225220172277446, 29.207265027205647 ], [ 84.209582006595554, 29.15782720654617 ], [ 84.205455054064387, 29.120291344622782 ], [ 84.201341994046061, 29.082760308223076 ], [ 84.198997871577248, 29.061316145029245 ], [ 84.202910469347017, 29.041293118444148 ], [ 84.221539436694641, 29.025773592524306 ], [ 84.253446670539702, 28.964490601887523 ], [ 84.251767432675919, 28.930434905357956 ], [ 84.252888554451559, 28.903403150649986 ], [ 84.272149972358207, 28.875269146336041 ], [ 84.324019799288052, 28.848732056758205 ], [ 84.380469944020149, 28.827284018456268 ], [ 84.434733389817325, 28.786190603058493 ], [ 84.437951088498579, 28.723132539501684 ], [ 84.441254198722461, 28.697788472786556 ], [ 84.454350412974691, 28.687995815440317 ], [ 84.536351556232589, 28.679267579256656 ], [ 84.603077802061634, 28.66068553752644 ], [ 84.645704245983652, 28.625666373984281 ], [ 84.654188834839019, 28.592826215746218 ], [ 84.659616141444829, 28.587096878877837 ], [ 84.736055149103407, 28.583981113341846 ], [ 84.785403682333964, 28.573609965515448 ], [ 84.819302119125098, 28.533739873249399 ], [ 84.87362139989142, 28.531980151909181 ], [ 84.936169911429559, 28.549374369955967 ], [ 84.957954604323817, 28.559176629715857 ], [ 84.994698275135548, 28.556476923645725 ], [ 85.012445047232333, 28.56183223705521 ], [ 85.021658717230082, 28.567815254554887 ], [ 85.028836989166905, 28.574899828042675 ], [ 85.039903484056055, 28.598830011613636 ], [ 85.040188867256248, 28.599144740319339 ], [ 85.047339191989764, 28.602921051360561 ], [ 85.148945845679847, 28.590664274454557 ], [ 85.186323395468946, 28.564809922339933 ], [ 85.197991434905447, 28.52637435482962 ], [ 85.185433131083045, 28.487808084523866 ], [ 85.143084961806508, 28.453058768658725 ], [ 85.084157397958606, 28.414033198091019 ], [ 85.089654753461232, 28.35633455614299 ], [ 85.115986064798676, 28.32232347401867 ], [ 85.125511201638275, 28.282282649442131 ], [ 85.173042694992077, 28.275494699866446 ], [ 85.300219820886625, 28.261453732463018 ], [ 85.359688226049428, 28.253774706195426 ], [ 85.384697359357929, 28.259900685646883 ], [ 85.402560247020745, 28.258536805336483 ], [ 85.418160097749592, 28.271048328986971 ], [ 85.441473226289219, 28.282091493195619 ], [ 85.507650687127366, 28.263131663504463 ], [ 85.638124981826692, 28.227042819126712 ], [ 85.642372557574902, 28.248630351247769 ], [ 85.656800891402597, 28.254060101151389 ], [ 85.674639225489869, 28.270718478264925 ], [ 85.686534882815053, 28.311604789667502 ], [ 85.687899728927434, 28.321038528082202 ], [ 85.709312908056091, 28.300631277522939 ], [ 85.767268700677306, 28.214173587225936 ], [ 85.802410632385858, 28.172292313227917 ], [ 85.83504649638482, 28.143106484027356 ], [ 85.869288160785047, 28.094146162915887 ], [ 85.882698713318135, 28.055647012621655 ], [ 85.920180968737256, 28.01717946017181 ], [ 85.922296930866466, 27.984876126715204 ], [ 85.92307181575076, 27.958031768791585 ], [ 85.930520710745725, 27.919988909375533 ], [ 85.963472227910543, 27.896307878704 ], [ 85.964911774482999, 27.893310461028054 ], [ 85.992913744687044, 27.886312496048092 ], [ 86.013689553585778, 27.89128457658154 ], [ 86.020653509906765, 27.891951318446701 ], [ 86.031208623462661, 27.891172836334974 ], [ 86.057656497888772, 27.894572568377516 ], [ 86.058355359356312, 27.895554099644453 ], [ 86.067501328315203, 27.896426340761717 ], [ 86.090595069735315, 27.903095199253219 ], [ 86.115158652141048, 27.913436600022496 ], [ 86.116707391695385, 27.927549574271868 ], [ 86.108960987187146, 27.944319341675691 ], [ 86.10278635260326, 27.965708259830716 ], [ 86.096072312147129, 27.991889065162173 ], [ 86.09286007375276, 28.011139575174408 ], [ 86.09609349543878, 28.030814727533819 ], [ 86.11137333279234, 28.053304315053055 ], [ 86.116552083290372, 28.062046626251796 ], [ 86.15305253021242, 28.08381514158868 ], [ 86.199002646525955, 28.082130618843095 ], [ 86.200579290574012, 28.030242321276436 ], [ 86.202188378480329, 27.962300204285818 ], [ 86.2489934137555, 27.919510664222233 ], [ 86.359827565395264, 27.8791543463016 ], [ 86.4009582486851, 27.866494196560907 ], [ 86.428925583380874, 27.868148586052445 ], [ 86.440980854630027, 27.872532152836033 ], [ 86.443716355288018, 27.872009144127222 ], [ 86.446200148911686, 27.874429502882148 ], [ 86.48935131456804, 27.890104435636683 ], [ 86.494640268806492, 27.901101695486613 ], [ 86.506980406815373, 27.904621291139378 ], [ 86.513943557051519, 27.909723734206679 ], [ 86.523015127866216, 27.914647049353817 ], [ 86.53074424562891, 27.93580989675144 ], [ 86.533100437195458, 27.956480048862222 ], [ 86.550543736238751, 27.978714013593947 ], [ 86.567588413333908, 28.006671011689836 ], [ 86.569853464148792, 28.026400360518412 ], [ 86.575178249284988, 28.044920168331782 ], [ 86.585566067702587, 28.058946794229666 ], [ 86.608510034846987, 28.053817732366866 ], [ 86.631315212521656, 28.048205331295918 ], [ 86.652409062261739, 28.057014429119992 ], [ 86.675333462216784, 28.054350307395381 ], [ 86.684106769200653, 28.069678582783499 ], [ 86.705298451001312, 28.074625112569098 ], [ 86.739575269882522, 28.058563580841547 ], [ 86.730061257958809, 28.034616311546014 ], [ 86.732760922019864, 28.005888086743521 ], [ 86.738377791195546, 27.999735592907104 ], [ 86.901245784745697, 27.954259712905202 ], [ 86.951997939908182, 27.937132112195371 ], [ 86.956012658658011, 27.934097273470229 ], [ 86.962741108506535, 27.933503591176432 ], [ 87.042303621091335, 27.90659889249287 ], [ 87.154906729384763, 27.838422436199274 ], [ 87.199062537207894, 27.817659163245537 ], [ 87.235674637986918, 27.814582923758294 ], [ 87.24517635563943, 27.811642116549752 ], [ 87.279215239082433, 27.81235494641426 ], [ 87.310264189475831, 27.824990451241714 ], [ 87.328031185359436, 27.825724970538783 ], [ 87.364711763305593, 27.813122131043212 ], [ 87.392107357420713, 27.810779617665105 ], [ 87.410651559326453, 27.811912940439647 ], [ 87.41547728411939, 27.807530248297514 ], [ 87.442042845544051, 27.807937091000195 ], [ 87.457915845159818, 27.814789567697918 ], [ 87.469490196628769, 27.815491415546724 ], [ 87.522878936896106, 27.831699944141448 ], [ 87.598566352828001, 27.808046876899855 ], [ 87.691342285079884, 27.784735144380544 ], [ 87.716053239888609, 27.793904412536804 ], [ 87.725045513198964, 27.802877488605422 ], [ 87.762353098778732, 27.817000502136864 ], [ 87.801052443907366, 27.837968236981563 ], [ 87.82511392857316, 27.868826840571774 ], [ 87.840904205510569, 27.892891759824121 ], [ 87.850247117975158, 27.899255918027357 ], [ 87.870767418669104, 27.897407367831466 ], [ 87.91883887071738, 27.876035541353136 ], [ 87.988641994082954, 27.858351684277196 ], [ 88.06834698611614, 27.851073234999358 ], [ 88.123639206867992, 27.851665066467113 ], [ 88.124367435364931, 27.85264931967701 ], [ 88.140318377564526, 27.850474181755239 ], [ 88.141847802891064, 27.814938005383745 ], [ 88.111925871918018, 27.771621223766793 ], [ 88.10437951391593, 27.717394069686019 ], [ 88.093659602940832, 27.668778303456605 ], [ 88.068777968276734, 27.603745580892639 ], [ 88.029736911061207, 27.536449743005168 ], [ 88.00358417476906, 27.446751582760538 ], [ 87.976279204666085, 27.334166456865958 ], [ 87.952756929514436, 27.249566758745953 ], [ 87.944666508327657, 27.190146811736152 ], [ 87.943459731605046, 27.137206668805298 ], [ 87.960161652472479, 27.08447617560725 ], [ 87.984776655967977, 27.061107035915096 ], [ 88.061237666463512, 26.996082566061318 ], [ 88.090352347308183, 26.947604073288055 ], [ 88.111630794275683, 26.899829506971987 ], [ 88.129081117709077, 26.838287901474889 ], [ 88.1046265775162, 26.669326023852506 ], [ 88.088670998683241, 26.593059448379616 ], [ 88.034144842225146, 26.509135431548618 ], [ 87.966286907099715, 26.44213432368252 ], [ 87.94950206203201, 26.418732427378586 ], [ 87.915443927967146, 26.414467781750609 ], [ 87.885166644027336, 26.440001476972601 ], [ 87.861281355311036, 26.484527515047446 ], [ 87.807763518908459, 26.497814317126267 ], [ 87.74574955951249, 26.506458243916363 ], [ 87.721797171621134, 26.488888137593182 ], [ 87.603258375289897, 26.455917691000291 ], [ 87.51563644316083, 26.448757063412966 ], [ 87.428674733679784, 26.462783177807342 ], [ 87.396154870658634, 26.438732126632981 ], [ 87.20514396609282, 26.423506057654482 ], [ 87.173485716616497, 26.422405753467913 ], [ 87.115749016645253, 26.433961026486241 ], [ 87.087443098641998, 26.461004313144105 ], [ 87.069915908217737, 26.512100691135732 ], [ 87.071101576325262, 26.570707739789 ], [ 87.051729221999665, 26.606034145198464 ], [ 87.002388539888074, 26.606254610367301 ], [ 86.976769852910877, 26.590401797518659 ], [ 86.931089175865097, 26.538715847799725 ], [ 86.916921126011289, 26.502460114882389 ], [ 86.817561086853871, 26.461991065682334 ], [ 86.710111243337408, 26.470047383450726 ], [ 86.5805935256883, 26.49211174545956 ], [ 86.494871694039588, 26.535764094078974 ], [ 86.424240580888934, 26.608540787579262 ], [ 86.347534628213253, 26.628369298773613 ], [ 86.214164288162735, 26.636216030459845 ], [ 86.110340192864228, 26.661442247499465 ], [ 86.024306491183253, 26.669321319703769 ], [ 85.939250470579651, 26.668183207937776 ], [ 85.893640397797128, 26.648231414849679 ], [ 85.827329047981081, 26.619037734884408 ], [ 85.789534962428576, 26.616319198426801 ], [ 85.760431470933767, 26.639684863426975 ], [ 85.744666129524603, 26.658569292909966 ], [ 85.71392213303416, 26.740821481126169 ], [ 85.699801016433128, 26.79348225359433 ], [ 85.652541769070652, 26.832385129254693 ], [ 85.611023370681153, 26.851269039728663 ], [ 85.538676306387799, 26.859737902273604 ], [ 85.472304275454874, 26.849935043112069 ], [ 85.455564260174356, 26.822525820381614 ], [ 85.409561669736888, 26.798867233156038 ], [ 85.364323685711327, 26.782283601498719 ], [ 85.282328280216348, 26.77347182713487 ], [ 85.205189184825983, 26.812398281901551 ], [ 85.121199094709084, 26.862437480280523 ], [ 85.058246720120394, 26.886128245968965 ], [ 85.025321106374761, 26.913214874408112 ], [ 84.941166717089843, 26.963200831480343 ], [ 84.887780833191826, 26.984439927864631 ], [ 84.791712657191724, 27.015489283091405 ], [ 84.714427996885377, 27.036389405635443 ], [ 84.658214956265837, 27.070225043858564 ], [ 84.638704423731966, 27.114280108213325 ], [ 84.63377027750164, 27.144947208816163 ], [ 84.653130265930457, 27.259931881766189 ], [ 84.634755368675911, 27.295034446579525 ], [ 84.603964411486984, 27.325536761939027 ], [ 84.563817073479157, 27.342302926937759 ], [ 84.497736098317944, 27.358848088650628 ], [ 84.466227476567781, 27.362546249901126 ], [ 84.359973037174115, 27.376089426429004 ], [ 84.280471760446574, 27.398705139184383 ], [ 84.196176488458704, 27.434082356491153 ], [ 84.134258938411563, 27.453801063426805 ], [ 84.056748802937292, 27.456503832025628 ], [ 83.903068180436861, 27.433107373515682 ], [ 83.870370247788429, 27.42423765598264 ], [ 83.866281772813025, 27.401235129214641 ], [ 83.864554611575343, 27.360240655679984 ], [ 83.848926792402438, 27.341482770982818 ], [ 83.783021010453453, 27.361285814782427 ], [ 83.748233110922598, 27.395390416003686 ], [ 83.633132491048002, 27.467900362894373 ], [ 83.556897634618792, 27.507827996826375 ], [ 83.470923695754166, 27.505356399187669 ], [ 83.429238542042569, 27.50760720342209 ], [ 83.376257790338641, 27.494379618360142 ], [ 83.369394439497256, 27.484033831387229 ], [ 83.364421458623696, 27.425398749160323 ], [ 83.350675827113918, 27.356573230984015 ], [ 83.321165032488011, 27.336757398612253 ], [ 83.279051123743429, 27.356840245029314 ], [ 83.246166141178762, 27.392473187594053 ], [ 83.222004954928565, 27.413371284316533 ], [ 83.183720628620094, 27.456413616594219 ], [ 83.141673332375547, 27.478239938926777 ], [ 83.073618370075081, 27.474646771840046 ], [ 83.006282070138283, 27.479902198678843 ], [ 82.936239620721153, 27.501317031445296 ], [ 82.812259365739934, 27.521832254787114 ], [ 82.745969984293666, 27.541180995968254 ], [ 82.731592941807179, 27.561515312500717 ], [ 82.726406937525667, 27.597453407191459 ], [ 82.713044878416426, 27.681974281095908 ], [ 82.703752313148442, 27.716339028034458 ], [ 82.683524072029144, 27.738749654549423 ], [ 82.621645242967872, 27.739977582888763 ], [ 82.580030042893554, 27.718791727580278 ], [ 82.506452341778484, 27.697338475970579 ], [ 82.450708435578832, 27.699986726573449 ], [ 82.381148191990221, 27.731811902234284 ], [ 82.279360326032375, 27.788292199215441 ], [ 82.1388315895273, 27.864300251201602 ], [ 82.003172089974939, 27.927461485065162 ], [ 81.915666191666432, 27.936642919816677 ], [ 81.898833225240793, 27.896318737950381 ], [ 81.883502384703704, 27.877348372264326 ], [ 81.85156531906884, 27.878724135384566 ], [ 81.783514669482344, 27.908403317462184 ], [ 81.685127700673135, 27.96430847791839 ], [ 81.538616186113686, 28.052458289698272 ], [ 81.485973964158276, 28.106359697196012 ], [ 81.417221554968279, 28.191238015864151 ], [ 81.324641404714953, 28.157393836490666 ], [ 81.296935532901273, 28.163830120866574 ], [ 81.27140498339007, 28.236236342155884 ], [ 81.24294269584469, 28.294472840219711 ], [ 81.19460391192888, 28.357037788108073 ], [ 81.143301189582303, 28.405413746193908 ], [ 81.012217144032036, 28.43529216826845 ], [ 80.930887634252727, 28.456113242526612 ], [ 80.811635449602193, 28.483586357469136 ], [ 80.705737425795803, 28.533710752078179 ], [ 80.649283031056569, 28.603507364375876 ], [ 80.600984163104243, 28.640861309417588 ], [ 80.50014532476392, 28.678152674609926 ], [ 80.490800980367126, 28.619530084406996 ], [ 80.480366456681523, 28.577020283942637 ], [ 80.461859469438394, 28.570486922529287 ], [ 80.409083228845063, 28.600775299754037 ], [ 80.340647268628345, 28.640471546704209 ], [ 80.278581911452036, 28.68707494306252 ], [ 80.2019750529699, 28.72695983937432 ], [ 80.13896092819256, 28.757463352147891 ], [ 80.078018782333388, 28.789663581652253 ], [ 80.049222828234178, 28.819093338114008 ], [ 80.052963013510222, 28.892181986083685 ], [ 80.094812548314437, 28.970638998754183 ], [ 80.114057715096479, 28.977205689467212 ], [ 80.14122862364863, 28.993058158591378 ], [ 80.16822352624996, 29.005340850326228 ], [ 80.185017189702336, 29.028649858345887 ], [ 80.204913700059109, 29.059011421182287 ], [ 80.254933227985887, 29.110940348006462 ], [ 80.276443656410933, 29.176045191161549 ], [ 80.253925704881695, 29.238224151790874 ], [ 80.234963555397798, 29.306017417564711 ], [ 80.25024264799471, 29.402817633483661 ], [ 80.300848565553835, 29.459928459021011 ], [ 80.367397980330054, 29.508055800705502 ], [ 80.371104539399056, 29.542360592926919 ], [ 80.3875847287933, 29.59785309935198 ], [ 80.397026167402302, 29.670855304574538 ], [ 80.40100366038763, 29.708129391653181 ], [ 80.420576153524578, 29.757958679908274 ], [ 80.525717454406802, 29.832955157202637 ], [ 80.599450437642361, 29.877143994813707 ], [ 80.687815319422796, 29.916597011432319 ], [ 80.751737446017842, 29.98127262487392 ], [ 80.835979251201024, 30.072867963584649 ], [ 80.865148114923102, 30.109646335991172 ], [ 80.901633548854107, 30.133191445251096 ], [ 80.954761830074673, 30.13597148133173 ], [ 81.014159203524954, 30.134190881290628 ], [ 81.042372336151146, 30.134321298651791 ], [ 81.040156007228688, 30.078982975721665 ], [ 81.065378248413779, 30.031180382267525 ], [ 81.100623979187262, 30.006574553964214 ], [ 81.197567100136041, 29.979981486082409 ], [ 81.232823778735948, 29.982451600090844 ], [ 81.239537294534728, 29.998632602837809 ], [ 81.247563436284807, 29.997957638618281 ], [ 81.26769997146711, 30.00280324818711 ], [ 81.277143985353803, 30.011949976642448 ], [ 81.284516918539296, 30.038411205465625 ], [ 81.291220761193571, 30.055335402249248 ], [ 81.292171073430723, 30.06868951312369 ], [ 81.292297600623911, 30.085908762341212 ], [ 81.293251161466799, 30.099263991351926 ], [ 81.293643897708108, 30.104758477695764 ], [ 81.314152893422872, 30.120888247126441 ], [ 81.35716512323836, 30.141169251016056 ], [ 81.377520807257071, 30.162208450944135 ], [ 81.377765919649434, 30.16272995872551 ], [ 81.414112994256897, 30.185713330381887 ], [ 81.423748844869721, 30.196764225181244 ], [ 81.427430792513988, 30.21670363972817 ], [ 81.432217117382379, 30.236594266036899 ], [ 81.433709852982872, 30.256636318225258 ], [ 81.43687781723213, 30.284265637131075 ], [ 81.434935809848696, 30.302552003875906 ], [ 81.433138795303037, 30.322748665388339 ], [ 81.43170333772504, 30.34772014014305 ], [ 81.429460767215744, 30.373003076276198 ], [ 81.44662841480897, 30.366450643133678 ], [ 81.478155967596464, 30.347220103018358 ], [ 81.501376653335498, 30.351852207915343 ], [ 81.537645104226243, 30.363276973622604 ], [ 81.603691988247647, 30.382699934828942 ], [ 81.653054434343602, 30.400877073771749 ], [ 81.698072418664836, 30.393776468188616 ], [ 81.794346086390107, 30.357492242725044 ] ] ] } },
{ "type": "Feature", "properties": { "state_name": "North East Frontier Agency", "id": 21 }, "geometry": { "type": "Polygon", "coordinates": [ [ [ 96.219612856374241, 29.26790972541529 ], [ 96.244943387150656, 29.252128488825484 ], [ 96.317317733991345, 29.286554170325818 ], [ 96.347790046048956, 29.295616763769122 ], [ 96.387102877492723, 29.288260272251797 ], [ 96.398627764025335, 29.275029039719154 ], [ 96.400283934545882, 29.234126807635857 ], [ 96.3936613531246, 29.224785048863875 ], [ 96.242063379074139, 29.149340359926864 ], [ 96.22309347414317, 29.130260880452362 ], [ 96.222434202253325, 29.128819212383046 ], [ 96.217513446386931, 29.126500133180013 ], [ 96.180411758729207, 29.092981352371151 ], [ 96.170999761512618, 29.045121477926465 ], [ 96.166563816909687, 29.012803588904838 ], [ 96.175693878113449, 28.998614351728332 ], [ 96.174579860454699, 28.991945195063948 ], [ 96.185312036149327, 28.983664254712693 ], [ 96.210752313787623, 28.989883036450536 ], [ 96.250704951997349, 29.008073487528172 ], [ 96.330125546965434, 29.040918456436739 ], [ 96.462081989113528, 29.100760639769643 ], [ 96.489078664090457, 29.093814115656432 ], [ 96.494675432060021, 29.081689318252092 ], [ 96.492826762382577, 29.07281773358946 ], [ 96.484801262876431, 28.995051762113942 ], [ 96.514174468855884, 28.941513335304069 ], [ 96.543732483362191, 28.889693332660809 ], [ 96.582804105274462, 28.794529887674745 ], [ 96.568761697797328, 28.761503860466227 ], [ 96.507651835546824, 28.691264296366555 ], [ 96.494365031498802, 28.676739398193572 ], [ 96.266580572368397, 28.538446874889278 ], [ 96.192608189452315, 28.484949128856559 ], [ 96.186124482787676, 28.467454394634544 ], [ 96.194669276337947, 28.443388865922017 ], [ 96.263134358954929, 28.417355818377512 ], [ 96.327304062607524, 28.38274973527864 ], [ 96.352949021818517, 28.385381439127833 ], [ 96.357366247774706, 28.386828994559398 ], [ 96.360353783003532, 28.385588049054071 ], [ 96.39503813851897, 28.387237793542674 ], [ 96.425562686308652, 28.398763539360115 ], [ 96.510028726819726, 28.44010867112803 ], [ 96.581614392067408, 28.466275959490524 ], [ 96.671745086240961, 28.46996608843363 ], [ 96.726959497357925, 28.446422892161785 ], [ 96.763418745693173, 28.403907916560762 ], [ 96.810142254315963, 28.404443604382781 ], [ 96.813546781928167, 28.404429601882345 ], [ 96.826519841637776, 28.401744345462955 ], [ 96.83687927511474, 28.404331075816014 ], [ 96.891074940845982, 28.404084967698619 ], [ 96.98678294214713, 28.372743488596097 ], [ 96.990713117828761, 28.372429912300777 ], [ 97.012134235833415, 28.362059691801029 ], [ 97.029957906949235, 28.358110643755062 ], [ 97.056554070590707, 28.356337153939798 ], [ 97.074105259598198, 28.360689484819627 ], [ 97.076469638246493, 28.365557108974603 ], [ 97.08801464399383, 28.364627390687733 ], [ 97.139529899852292, 28.343511066577332 ], [ 97.221806324441701, 28.28276701106466 ], [ 97.301715704322305, 28.254264743915019 ], [ 97.317951497113029, 28.23803338324667 ], [ 97.311188405607709, 28.201923341834483 ], [ 97.296881082640766, 28.142950338471746 ], [ 97.297229882418435, 28.111085136119847 ], [ 97.314951243239932, 28.092711286794795 ], [ 97.347630598504963, 28.069585874225712 ], [ 97.358108791988698, 28.054499950353051 ], [ 97.35163764577112, 28.027708079315843 ], [ 97.334880332524477, 28.008474671955906 ], [ 97.321142783342751, 27.984934112302721 ], [ 97.318544138646089, 27.957396054045162 ], [ 97.322840541377417, 27.924833084219834 ], [ 97.315736917925463, 27.916302144887688 ], [ 97.272589749064181, 27.894131777615424 ], [ 97.264166056814389, 27.88842426882038 ], [ 97.205009379669619, 27.878151768603754 ], [ 97.152691024515377, 27.835755542379438 ], [ 97.100219831818364, 27.784000854104288 ], [ 97.024784461259827, 27.719709315833605 ], [ 97.015638482449532, 27.714136352648232 ], [ 96.993005328578917, 27.724636232192925 ], [ 96.958896892116954, 27.74298398971515 ], [ 96.929575883414671, 27.762531510541454 ], [ 96.893360478255488, 27.778457941154436 ], [ 96.77681131980367, 27.779926495587915 ], [ 96.738427637636505, 27.777269377264627 ], [ 96.669171025774119, 27.768953734009443 ], [ 96.627891805535555, 27.774222992867792 ], [ 96.587932055346954, 27.784825611697169 ], [ 96.539101102455021, 27.803427975612014 ], [ 96.508649244181868, 27.821217279789415 ], [ 96.485579160149911, 27.837559933690567 ], [ 96.460376907556537, 27.864072773620723 ], [ 96.386649375875379, 27.932743548177569 ], [ 96.348120576434042, 27.952721737627844 ], [ 96.320785490997025, 27.980301345285568 ], [ 96.30102143575597, 28.007121867390961 ], [ 96.272660061505249, 28.024414013312345 ], [ 96.24906209118268, 28.023335192089888 ], [ 96.213412848485376, 28.030127011166623 ], [ 96.170155919998564, 28.031371381169464 ], [ 96.053496810797256, 28.043135334778764 ], [ 95.986075935308719, 28.056162394820124 ], [ 95.945085339863738, 28.065952350399844 ], [ 95.918620953928681, 28.074216026051257 ], [ 95.902136554889054, 28.083557109405209 ], [ 95.892683592976113, 28.089888810704537 ], [ 95.872929414794228, 28.109645599564129 ], [ 95.80219212279188, 28.148576480507533 ], [ 95.762239482470221, 28.154633091962904 ], [ 95.694047725065374, 28.155326002518734 ], [ 95.668257245955914, 28.147263638984686 ], [ 95.597185708534141, 28.123329821778107 ], [ 95.479644531587638, 28.042095301045912 ], [ 95.402120876189315, 27.984567135386229 ], [ 95.361310810500029, 27.937527407067368 ], [ 95.290964902055393, 27.870587942627559 ], [ 95.187506006945199, 27.800809049964954 ], [ 95.135889558762443, 27.759706247911808 ], [ 95.033146572879232, 27.711659028764011 ], [ 94.927440135978486, 27.689953073447256 ], [ 94.826204581004163, 27.667363751092513 ], [ 94.728628582752023, 27.65361569218199 ], [ 94.652048289317932, 27.650202087730353 ], [ 94.525201216121104, 27.650087349750084 ], [ 94.399332896145168, 27.620874579888714 ], [ 94.314469782722981, 27.588214653237809 ], [ 94.23561442946999, 27.554597676512781 ], [ 94.148694950882316, 27.519327740734461 ], [ 94.070499749764295, 27.494991103864628 ], [ 94.040218424467781, 27.46384658682415 ], [ 94.008453079987333, 27.42610535618638 ], [ 93.979103575622901, 27.378511547877753 ], [ 93.924367899835318, 27.307283392914226 ], [ 93.850671108687536, 27.178988674695738 ], [ 93.807820912797794, 27.098099912069124 ], [ 93.782533336414517, 27.060908566390697 ], [ 93.754571565535443, 27.025438515409718 ], [ 93.733459674539503, 26.999871098401382 ], [ 93.67876178755445, 26.940940740660999 ], [ 93.673485283075095, 26.933204799690312 ], [ 93.63114375070586, 26.929704149289314 ], [ 93.546703360402745, 26.916523360293834 ], [ 93.467940425891982, 26.901144639434271 ], [ 93.364276561192142, 26.89835324568265 ], [ 93.261546086055816, 26.88582736771172 ], [ 93.135185863647152, 26.870723770393688 ], [ 93.082332348798602, 26.861122557399984 ], [ 93.032471225682414, 26.851111155272022 ], [ 92.974261850690681, 26.838040538936259 ], [ 92.799157663663976, 26.860954088722991 ], [ 92.748833739789717, 26.88472720907237 ], [ 92.695087724100432, 26.89262801857198 ], [ 92.623949091021615, 26.876825466874898 ], [ 92.577960824746668, 26.863372042069916 ], [ 92.517515708637319, 26.854342157596925 ], [ 92.416874912865481, 26.844633449232756 ], [ 92.326404867519628, 26.854015290799222 ], [ 92.157956592032974, 26.87394138554685 ], [ 92.10248451077949, 26.892898665694595 ], [ 92.116636040808203, 26.922986648418402 ], [ 92.128100756106193, 26.959078171089985 ], [ 92.112247348122253, 27.012112825208291 ], [ 92.057828213556377, 27.047679344782878 ], [ 92.021946393965962, 27.108565326286808 ], [ 92.049576271234997, 27.187754321724348 ], [ 92.056329211800559, 27.22138212498313 ], [ 92.094710329552527, 27.258055287851825 ], [ 92.103335242129731, 27.291502252487984 ], [ 92.07948956625556, 27.337638870985412 ], [ 92.069288104841391, 27.394264048167457 ], [ 92.041492795058886, 27.441026349262398 ], [ 91.990316648295192, 27.468198316364781 ], [ 91.972937696481097, 27.479030881717115 ], [ 91.926016897099259, 27.488323176723174 ], [ 91.872706304714015, 27.494917058848763 ], [ 91.805344130048738, 27.489320173387416 ], [ 91.726859406631348, 27.486770264306749 ], [ 91.689056860117688, 27.493117602321927 ], [ 91.65601751143609, 27.504091274350419 ], [ 91.612152534041357, 27.519852250886125 ], [ 91.562211047562485, 27.534600597625879 ], [ 91.513801730420496, 27.578754133262866 ], [ 91.510243746669289, 27.622739432937824 ], [ 91.516866207790173, 27.669000866030306 ], [ 91.540657714371989, 27.744589735699545 ], [ 91.552725055757335, 27.778013267332561 ], [ 91.547837321683645, 27.825744763420708 ], [ 91.569179637633383, 27.856300122507456 ], [ 91.592154057391369, 27.874425889316058 ], [ 91.619297167211471, 27.886217931492833 ], [ 91.618942282139713, 27.88260336086076 ], [ 91.641132974688574, 27.855645197062177 ], [ 91.667713570224862, 27.852352787341172 ], [ 91.716431423036298, 27.844441306489752 ], [ 91.794068691023284, 27.834758567222433 ], [ 91.851118922971125, 27.760680489255808 ], [ 91.868097788727141, 27.751121831898626 ], [ 91.910257242177238, 27.753265715092695 ], [ 91.936700617235303, 27.771514374029316 ], [ 91.938079276212392, 27.772114668571366 ], [ 92.023895494083973, 27.822847198246375 ], [ 92.081629633743717, 27.849071182543092 ], [ 92.100803315932907, 27.859325997125524 ], [ 92.185252672877994, 27.891040861288076 ], [ 92.209788384644526, 27.899020301965969 ], [ 92.245785385317077, 27.890643990070757 ], [ 92.286038099342221, 27.861278564853638 ], [ 92.341648575796938, 27.846621585312761 ], [ 92.423464322273205, 27.880468659181787 ], [ 92.52184663245238, 27.90276664752567 ], [ 92.532101875530486, 27.909903934040063 ], [ 92.537429482701029, 27.908887495597384 ], [ 92.560079714970001, 27.906803311706597 ], [ 92.578318003044075, 27.915576749395999 ], [ 92.625576543590071, 27.953146097661431 ], [ 92.646034416005165, 27.974680922404119 ], [ 92.668936768990676, 27.992146345192428 ], [ 92.697505564497362, 28.006040285793912 ], [ 92.717424176883142, 28.018292320521972 ], [ 92.731848200186846, 28.035017396107577 ], [ 92.72496304302031, 28.05555683552268 ], [ 92.708713284087864, 28.076430471772159 ], [ 92.701416899239717, 28.088623689577986 ], [ 92.695143002926756, 28.100679281618678 ], [ 92.693147041553999, 28.12523373920342 ], [ 92.694385252824446, 28.150286540115349 ], [ 92.699979868689567, 28.182223950984266 ], [ 92.734096062147444, 28.209355486862425 ], [ 92.745187728889817, 28.21694471449619 ], [ 92.772291296470925, 28.225836717786159 ], [ 92.812877880120297, 28.229592894880927 ], [ 92.848653862907213, 28.230272273660614 ], [ 92.871520774006868, 28.241727808215039 ], [ 92.874842859085689, 28.240574076965927 ], [ 92.920101249887182, 28.265169524360644 ], [ 92.937495787125613, 28.282000306288211 ], [ 92.961158907194871, 28.289157700053586 ], [ 92.990608399000763, 28.29995378384945 ], [ 92.997947453730234, 28.304260032941542 ], [ 93.007845660610087, 28.304405311736978 ], [ 93.033542976064908, 28.307378620197969 ], [ 93.038289491204083, 28.310453928574699 ], [ 93.057114060127006, 28.321841538439831 ], [ 93.069179684520918, 28.343080605603031 ], [ 93.094329360296285, 28.356173415218343 ], [ 93.163862291665069, 28.357572268988225 ], [ 93.192964455950161, 28.366491056969174 ], [ 93.203004703852272, 28.379313351557826 ], [ 93.204935737625618, 28.379590933907615 ], [ 93.24030827657333, 28.389549023711218 ], [ 93.260346955254164, 28.401655355404735 ], [ 93.275919642988796, 28.423716394032819 ], [ 93.266479562438377, 28.440909068517559 ], [ 93.264698841371768, 28.459821396557771 ], [ 93.267283072475394, 28.496781371834782 ], [ 93.274533001896629, 28.519086021883382 ], [ 93.296823505938733, 28.531794736866793 ], [ 93.32747260927394, 28.544244418731861 ], [ 93.339707545918358, 28.559302254489971 ], [ 93.347685152785743, 28.574030740551397 ], [ 93.34985035107735, 28.597051069184261 ], [ 93.348285483860096, 28.611271604163964 ], [ 93.356919777611949, 28.646437440539344 ], [ 93.377250869661026, 28.662008712148889 ], [ 93.450698958333163, 28.688942480473457 ], [ 93.534774071130911, 28.708411350663251 ], [ 93.694440755245793, 28.716708741435429 ], [ 93.771505729035525, 28.712791064874015 ], [ 93.860270325214316, 28.714524749789497 ], [ 93.938808219506328, 28.717709508143876 ], [ 93.960050839033059, 28.732291336163289 ], [ 93.978176901365075, 28.731452635539288 ], [ 94.021283739555699, 28.73717184373092 ], [ 94.037852391060653, 28.746819725091303 ], [ 94.061710069306287, 28.750722800887768 ], [ 94.065718488700185, 28.765959564069565 ], [ 94.071560209929842, 28.774403407956221 ], [ 94.075081505438774, 28.79250709180171 ], [ 94.07913584750051, 28.813326211441161 ], [ 94.084962002595546, 28.84319689393562 ], [ 94.097948708720764, 28.871997952625197 ], [ 94.11365862003116, 28.898526370249662 ], [ 94.155061476204352, 28.937963049624805 ], [ 94.206338558782363, 28.989863254697283 ], [ 94.230109220518742, 29.014220567257489 ], [ 94.260141472463587, 29.048801496827473 ], [ 94.288456041260531, 29.079906012260647 ], [ 94.308487563366299, 29.101082270008348 ], [ 94.332799712892182, 29.122532699121447 ], [ 94.40197498497001, 29.167854791250136 ], [ 94.522032686604831, 29.241390972695125 ], [ 94.529040653389643, 29.243210082585978 ], [ 94.577862284608386, 29.245068866210232 ], [ 94.633017069735658, 29.246750515506097 ], [ 94.669499119865804, 29.26528122219802 ], [ 94.685007477816498, 29.284278529404045 ], [ 94.689845868673558, 29.307733301906936 ], [ 94.698316173020004, 29.333414997249111 ], [ 94.713663826107677, 29.351501722718069 ], [ 94.722016742359116, 29.355347717902937 ], [ 94.757721637234553, 29.348196676740745 ], [ 94.79456428739924, 29.333020958036645 ], [ 94.808178801116838, 29.308475001576198 ], [ 94.805044039505219, 29.275409093742823 ], [ 94.795419641231149, 29.232190977470985 ], [ 94.814691335804469, 29.20489940983455 ], [ 94.901554043136045, 29.196671796725344 ], [ 94.907517495963305, 29.195720696836744 ], [ 94.9125445672057, 29.192745072946909 ], [ 94.918899608620521, 29.193904590879594 ], [ 94.94028581877896, 29.190489432898399 ], [ 94.997763147895256, 29.173839559565785 ], [ 95.020979265783538, 29.173843932590824 ], [ 95.0278923916471, 29.175610805847541 ], [ 95.041327018999937, 29.169582045669305 ], [ 95.056594886718457, 29.167157942260637 ], [ 95.066351049180781, 29.175140784723165 ], [ 95.084099520658356, 29.173017066090246 ], [ 95.147610517165774, 29.155329194132026 ], [ 95.276540628924579, 29.119554818282243 ], [ 95.35615381428812, 29.089845166731994 ], [ 95.383972707019197, 29.084390317816883 ], [ 95.384713352145397, 29.083964531707732 ], [ 95.423712129724976, 29.074880206253017 ], [ 95.452050930751113, 29.074936927241012 ], [ 95.470124527200554, 29.085933347278051 ], [ 95.489158234813019, 29.101412081183661 ], [ 95.501426478219145, 29.124485536220412 ], [ 95.517656705269658, 29.156199266080389 ], [ 95.523716483515841, 29.167210705018885 ], [ 95.573174286906408, 29.223758142499914 ], [ 95.620431405372898, 29.258733029427422 ], [ 95.831817132900809, 29.392347406746143 ], [ 95.940793666057758, 29.429584507990285 ], [ 96.016729495612509, 29.456649137209919 ], [ 96.039878469446364, 29.464264559394511 ], [ 96.041433226026228, 29.464353243158296 ], [ 96.062568890250745, 29.469188224845649 ], [ 96.063107887599841, 29.469585471165978 ], [ 96.11969365605411, 29.469015390865533 ], [ 96.158230908883269, 29.447125733179398 ], [ 96.170128706170331, 29.415400715471794 ], [ 96.184011040641508, 29.333520326055773 ], [ 96.203939042999025, 29.291102561710293 ], [ 96.219612856374241, 29.26790972541529 ] ] ] } },
{ "type": "Feature", "properties": { "state_name": "North West Province", "id": 22 }, "geometry": { "type": "MultiPolygon", "coordinates": [ [ [ [ 79.304185132837191, 26.742973302123261 ], [ 79.201226122590015, 26.343231242758506 ], [ 79.188934178599808, 26.355032940263008 ], [ 79.132432906005008, 26.430090930984825 ], [ 79.068793953699867, 26.491026749760309 ], [ 79.003668983806193, 26.510360172059311 ], [ 78.906092310765985, 26.529570373939869 ], [ 78.812750524147319, 26.54787816824247 ], [ 78.634036990143215, 26.601535635599941 ], [ 78.557507708594386, 26.641106076512166 ], [ 78.373660222163807, 26.71120137801201 ], [ 78.320602271840741, 26.747839070048947 ], [ 78.293828065577486, 26.781608247748192 ], [ 78.272217923011539, 26.811714237993858 ], [ 78.259739462783415, 26.8380886139336 ], [ 78.247582471430249, 26.876343535491586 ], [ 78.243149613348649, 26.907328927511475 ], [ 78.227849111130638, 26.92780736323278 ], [ 78.206996422566476, 26.938871295906043 ], [ 78.177078137938011, 26.957221228882613 ], [ 78.159924238875149, 26.958704680533213 ], [ 78.101596881072766, 26.953748140444329 ], [ 78.068052265939968, 26.93528605555403 ], [ 78.002348890361745, 26.899506482389011 ], [ 77.927133199115858, 26.905449058668609 ], [ 77.900984913791547, 26.917739090169963 ], [ 77.833869381282653, 26.931827951412636 ], [ 77.788390323699076, 26.909913977296174 ], [ 77.74829739528127, 26.89147523083491 ], [ 77.704042265865581, 26.863576049886021 ], [ 77.656206456959396, 26.852352057400381 ], [ 77.619177825982504, 26.851664185322637 ], [ 77.582024034664713, 26.845026067278841 ], [ 77.572427418994195, 26.828513785509418 ], [ 77.544070733115774, 26.799171567446027 ], [ 77.509437471773253, 26.785353004937971 ], [ 77.484199102318911, 26.778539702994671 ], [ 77.461907773976122, 26.787134044925185 ], [ 77.447793695251704, 26.808696742594183 ], [ 77.438969579526756, 26.830669203059056 ], [ 77.438620402284457, 26.88058384153398 ], [ 77.450917656377698, 26.900637035267955 ], [ 77.496431370161702, 26.927409784054134 ], [ 77.569826118547411, 26.957375481427434 ], [ 77.681687634122326, 26.98915780791825 ], [ 77.731077161889147, 27.007486472355986 ], [ 77.758117556082084, 27.032063105833103 ], [ 77.763740709298631, 27.046246113260018 ], [ 77.760151967415851, 27.06293834303823 ], [ 77.710155457253492, 27.077907636492803 ], [ 77.66554541399141, 27.09753966464427 ], [ 77.562313182231193, 27.135156326907147 ], [ 77.518515558398008, 27.164830836558302 ], [ 77.504360657180769, 27.185806638935606 ], [ 77.511546917373252, 27.212460213619014 ], [ 77.590816542793036, 27.227498822423726 ], [ 77.625306784944328, 27.227046151687549 ], [ 77.648612797104988, 27.230895665429333 ], [ 77.662727179826518, 27.239026267908582 ], [ 77.665143049158459, 27.2580125679122 ], [ 77.654886305175168, 27.274198262237007 ], [ 77.650050398037521, 27.275920145085884 ], [ 77.583746951941649, 27.299503749628482 ], [ 77.518555097774566, 27.325290987940633 ], [ 77.451442111331744, 27.35641673414699 ], [ 77.372229398626672, 27.483920777524222 ], [ 77.369193347425508, 27.532095010647545 ], [ 77.37354499772114, 27.649727928670245 ], [ 77.350373993746231, 27.690994873448567 ], [ 77.303489536928524, 27.748556895069555 ], [ 77.285348473012377, 27.780747971065878 ], [ 77.302963060066503, 27.794387225082531 ], [ 77.318420529112998, 27.819902523762089 ], [ 77.327150916031371, 27.848322694519126 ], [ 77.333275737860532, 27.868249091626875 ], [ 77.335300078418072, 27.915782259502226 ], [ 77.340427163810503, 28.063155967013678 ], [ 77.341184437171805, 28.152562188423559 ], [ 77.323912331549991, 28.17830637207328 ], [ 77.319331242926467, 28.185131692163242 ], [ 77.297673482557244, 28.228158411960983 ], [ 77.22949345804912, 28.363914948353397 ], [ 77.150567814201708, 28.499916937580942 ], [ 77.137863395566313, 28.521771495821746 ], [ 77.081979532792843, 28.586977126727373 ], [ 77.057778457642627, 28.619543229070484 ], [ 77.022942585377677, 28.66171201981437 ], [ 76.988935252475855, 28.75338088986609 ], [ 76.983219419465811, 28.797228272281576 ], [ 76.972476486355546, 28.863023062123389 ], [ 76.96994628531796, 28.903998418043109 ], [ 76.972993395954873, 28.954461072132172 ], [ 77.005644824444261, 29.024705996633347 ], [ 77.008857119468374, 29.082801770770754 ], [ 76.998259342712544, 29.172777832513006 ], [ 76.993796695141086, 29.210623309886174 ], [ 76.998288144934278, 29.279218724453894 ], [ 77.017341226840713, 29.370588858811495 ], [ 77.043947082059191, 29.514362668637915 ], [ 77.069119840977507, 29.635288445550739 ], [ 77.087011959358037, 29.731471896359555 ], [ 77.087370845119864, 29.733399082834971 ], [ 77.097920045077245, 29.826824909386051 ], [ 77.113528889201575, 29.891107476025923 ], [ 77.151231675497527, 29.930126184090032 ], [ 77.216049801635208, 29.988549501155521 ], [ 77.295818963850678, 30.070048992856293 ], [ 77.336034361111544, 30.12331239548239 ], [ 77.404623291322068, 30.15653022484976 ], [ 77.442039460799492, 30.173980700736202 ], [ 77.473860617522661, 30.21477073670453 ], [ 77.510309355684967, 30.275197115643653 ], [ 77.544885937601705, 30.341019414500146 ], [ 77.560739145070343, 30.388179514461559 ], [ 77.572049541459691, 30.394885336640247 ], [ 77.605352000289386, 30.407562712815089 ], [ 77.683625841590256, 30.409614781815648 ], [ 77.721078297085569, 30.422675107752227 ], [ 77.753046584292619, 30.445840332903426 ], [ 77.773667017061683, 30.475623943736114 ], [ 77.777320007897487, 30.517857559516155 ], [ 77.780193168451291, 30.561543892997399 ], [ 77.763972693050235, 30.720302239920105 ], [ 77.756275384667376, 30.893396489775586 ], [ 77.759888890206398, 30.967605303175795 ], [ 77.763208529460314, 31.036500552465924 ], [ 77.794477761245062, 31.087766722325981 ], [ 77.830169634072391, 31.115957093362965 ], [ 77.910428611588912, 31.130386683410762 ], [ 78.020169982250252, 31.128361332429023 ], [ 78.123284042859353, 31.127809488539977 ], [ 78.218382757509545, 31.137401293363268 ], [ 78.28241034044467, 31.163396131740573 ], [ 78.313896934088106, 31.210269204454196 ], [ 78.352781941406263, 31.228175868186725 ], [ 78.394354833811278, 31.227240202594857 ], [ 78.456729200260398, 31.202731027600951 ], [ 78.5421158267621, 31.124554010824074 ], [ 78.617828333698654, 31.106972202838694 ], [ 78.629437783045304, 31.106695132250533 ], [ 78.667636912111078, 31.107212549844558 ], [ 78.756326650582807, 31.12513285596291 ], [ 78.805044715892862, 31.098142580734265 ], [ 78.840302748141823, 31.067222966716564 ], [ 78.871024663173372, 31.047881434355169 ], [ 78.910657947135675, 31.044089579523426 ], [ 78.928232128182742, 31.06801751162623 ], [ 78.932741526591613, 31.096547822376163 ], [ 78.937994260216556, 31.14226397908822 ], [ 78.931337057540688, 31.181093279126028 ], [ 78.909831567161447, 31.234121838708774 ], [ 78.919219186657628, 31.23809374510083 ], [ 78.922151755087356, 31.247087135260625 ], [ 78.923265415171684, 31.248258846744402 ], [ 78.924171294447618, 31.253297653427058 ], [ 78.930823944134971, 31.273765416768502 ], [ 78.944961313729138, 31.313382825158754 ], [ 78.980906590090726, 31.372767445180955 ], [ 79.002702875087238, 31.392530535970259 ], [ 79.025892672924073, 31.400385294245279 ], [ 79.075284018012752, 31.396210575032335 ], [ 79.135515995622455, 31.35813899890546 ], [ 79.218542004951999, 31.268262103265346 ], [ 79.302518135473264, 31.111426097341372 ], [ 79.373536473926279, 31.025451402987144 ], [ 79.401754684330086, 31.011044181717931 ], [ 79.462531595370294, 30.979960466716861 ], [ 79.571492127477157, 30.934137761369932 ], [ 79.630213124876477, 30.927912209941951 ], [ 79.635518531410781, 30.924835883092889 ], [ 79.666905585553209, 30.92565261573618 ], [ 79.670800126946943, 30.92706100628871 ], [ 79.687219804726752, 30.926842739772709 ], [ 79.732627307572187, 30.93785626686098 ], [ 79.764015889223742, 30.939352061427954 ], [ 79.829438648754575, 30.91510332585521 ], [ 80.013613127683385, 30.816531197164188 ], [ 80.027569531589819, 30.809033900769254 ], [ 80.057396108782783, 30.791307341188187 ], [ 80.057797500197452, 30.790696137672818 ], [ 80.06482996594427, 30.768904706962466 ], [ 80.074459843737174, 30.762832003726139 ], [ 80.082905638114781, 30.757504672249613 ], [ 80.1090957794882, 30.760546487198649 ], [ 80.145270213798739, 30.73899687220144 ], [ 80.198601896823064, 30.674019365186531 ], [ 80.208118656326548, 30.586741401845234 ], [ 80.248864357732799, 30.533668607084422 ], [ 80.295058376298769, 30.495935429311888 ], [ 80.46012136852346, 30.447687384423869 ], [ 80.497438956186656, 30.411996424945581 ], [ 80.598411585933405, 30.399815400165906 ], [ 80.678541137527461, 30.405471946077302 ], [ 80.720565212038821, 30.375358429686333 ], [ 80.80909183927389, 30.287909543771654 ], [ 80.900670516622753, 30.242808610863278 ], [ 81.014354140753753, 30.227859917601606 ], [ 81.038072018634324, 30.192375839727553 ], [ 81.046971902547497, 30.165070212256818 ], [ 81.042372336151146, 30.134321298651791 ], [ 81.014159203524954, 30.134190881290628 ], [ 80.954761830074673, 30.13597148133173 ], [ 80.901633548854107, 30.133191445251096 ], [ 80.865148114923102, 30.109646335991172 ], [ 80.835979251201024, 30.072867963584649 ], [ 80.751737446017842, 29.98127262487392 ], [ 80.687815319422796, 29.916597011432319 ], [ 80.599450437642361, 29.877143994813707 ], [ 80.525717454406802, 29.832955157202637 ], [ 80.420576153524578, 29.757958679908274 ], [ 80.40100366038763, 29.708129391653181 ], [ 80.397026167402302, 29.670855304574538 ], [ 80.3875847287933, 29.59785309935198 ], [ 80.371104539399056, 29.542360592926919 ], [ 80.367397980330054, 29.508055800705502 ], [ 80.300848565553835, 29.459928459021011 ], [ 80.25024264799471, 29.402817633483661 ], [ 80.234963555397798, 29.306017417564711 ], [ 80.253925704881695, 29.238224151790874 ], [ 80.276443656410933, 29.176045191161549 ], [ 80.254933227985887, 29.110940348006462 ], [ 80.204913700059109, 29.059011421182287 ], [ 80.185017189702336, 29.028649858345887 ], [ 80.16822352624996, 29.005340850326228 ], [ 80.14122862364863, 28.993058158591378 ], [ 80.114057715096479, 28.977205689467212 ], [ 80.094812548314437, 28.970638998754183 ], [ 80.052963013510222, 28.892181986083685 ], [ 80.049222828234178, 28.819093338114008 ], [ 80.078018782333388, 28.789663581652253 ], [ 80.13896092819256, 28.757463352147891 ], [ 80.2019750529699, 28.72695983937432 ], [ 80.278581911452036, 28.68707494306252 ], [ 80.340647268628345, 28.640471546704209 ], [ 80.409083228845063, 28.600775299754037 ], [ 80.461859469438394, 28.570486922529287 ], [ 80.47395084745385, 28.574755828836107 ], [ 80.478242575075967, 28.534048156985413 ], [ 80.482098550156692, 28.506546884325413 ], [ 80.484689379736722, 28.431487742126816 ], [ 80.467763025470546, 28.36536010500387 ], [ 80.466121510314451, 28.334957194398541 ], [ 80.445365919381558, 28.227158441252548 ], [ 80.405827521549767, 28.146636477880598 ], [ 80.344754319577277, 28.082025265801203 ], [ 80.261609339793665, 28.043775796523654 ], [ 80.212953024421324, 28.031989891070342 ], [ 80.183437811161866, 27.996756924347419 ], [ 80.179475527370982, 27.959774004337042 ], [ 80.174765075781991, 27.885709748585562 ], [ 80.172346120118178, 27.836312375662345 ], [ 80.16737283166681, 27.719924790856993 ], [ 80.156210265696984, 27.720270045896616 ], [ 80.133121639518166, 27.721694845971225 ], [ 80.104723187222106, 27.728986098378488 ], [ 80.072943158459353, 27.749217507302472 ], [ 80.050589042816583, 27.766304106337707 ], [ 80.031352006683193, 27.781866769801642 ], [ 80.011639166025816, 27.787451573304509 ], [ 79.994881820182357, 27.787950952664122 ], [ 79.987032535281045, 27.784154431380895 ], [ 81.279975935196475, 26.519254468639378 ], [ 80.191184008755641, 26.642538401026933 ], [ 80.208438765836732, 26.58345154210242 ], [ 80.278607681629836, 26.461419705698646 ], [ 80.345969378856807, 26.38366872153021 ], [ 80.443817587783883, 26.286347388213819 ], [ 80.565258869586614, 26.159640839534582 ], [ 80.595213971721421, 26.095865931948008 ], [ 80.610316665144211, 26.079449787145823 ], [ 80.653434001346, 26.03254922335487 ], [ 80.709497691782417, 25.990681870401161 ], [ 80.828954381007037, 25.96225685033075 ], [ 80.981579446848329, 25.93966162643531 ], [ 81.082536875557039, 25.920259307828506 ], [ 81.131357566913579, 25.894191398635584 ], [ 81.158326133771425, 25.870357957304055 ], [ 81.174547618268974, 25.821252261746952 ], [ 81.187717642636912, 25.771011470873571 ], [ 80.151611818953739, 25.874624522091203 ], [ 79.972867727950415, 25.895002144434027 ], [ 80.002363514733105, 25.91999035754213 ], [ 80.028106964870801, 25.934915322738306 ], [ 80.042879081294302, 25.954967191371399 ], [ 80.041863357409994, 26.006390338614953 ], [ 79.986850188590225, 26.061517630575228 ], [ 79.926680219840094, 26.069701305398112 ], [ 79.876725837540206, 26.059022760459015 ], [ 79.84689593510862, 26.040621379582578 ], [ 79.825823898613791, 26.024818326096113 ], [ 79.805748198139241, 26.00434846740124 ], [ 79.818276462624283, 25.993651530080513 ], [ 79.822557534128507, 25.963575417985211 ], [ 79.829866180260183, 25.911304957673412 ], [ 79.653440367246148, 26.277127575503769 ], [ 79.485579656098821, 26.72243399649637 ], [ 79.304185132837191, 26.742973302123261 ] ], [ [ 80.151611818953739, 25.874624522091203 ], [ 80.143167151132786, 25.880766435968869 ], [ 80.124991574829878, 25.893981850255393 ], [ 80.151611818953739, 25.874624522091203 ] ], [ [ 78.026719526120189, 28.874370955030013 ], [ 78.021476480219633, 28.881538147041969 ], [ 78.026719667419258, 28.874369867271163 ], [ 78.026719526120189, 28.874370955030013 ] ], [ [ 78.173785404560277, 28.275350652116138 ], [ 78.172644333743392, 28.263950128423964 ], [ 78.171503766900059, 28.252549680913123 ], [ 78.173785404560277, 28.275350652116138 ] ], [ [ 78.847961783484834, 26.794631481422073 ], [ 78.882356480381887, 26.781518222162106 ], [ 78.849176285700494, 26.794168640897738 ], [ 78.847961783484834, 26.794631481422073 ] ], [ [ 79.680664249033768, 28.083877709201648 ], [ 79.868322098499959, 28.933255355888498 ], [ 79.655814811319487, 28.108188172320926 ], [ 79.680664249033768, 28.083877709201648 ] ], [ [ 79.418934068436769, 26.89923360561211 ], [ 79.399433849646101, 26.907378294092567 ], [ 79.418934172561464, 26.899233329386679 ], [ 79.418934068436769, 26.89923360561211 ] ], [ [ 78.589009373208398, 29.151855017294501 ], [ 78.952065546786386, 29.331019379582578 ], [ 78.047619161661544, 29.68150294307042 ], [ 78.047618850156454, 29.681502991429966 ], [ 78.589009373208398, 29.151855017294501 ] ] ], [ [ [ 83.172616270885342, 26.304950764219225 ], [ 83.13606529863074, 26.346103956224184 ], [ 83.0726743786756, 26.404934691936102 ], [ 82.960277894045007, 26.440594969962785 ], [ 82.833159265060218, 26.469781628722707 ], [ 82.725289070230403, 26.482240456475516 ], [ 82.631821732208081, 26.475395883888979 ], [ 82.559460553875965, 26.477454173343308 ], [ 82.498955994496654, 26.49173932800074 ], [ 82.464205014839095, 26.521888085017 ], [ 82.454082542577808, 26.543268804845241 ], [ 82.43642703259448, 26.562153390402067 ], [ 82.419050007602522, 26.569621220522897 ], [ 82.391057625280325, 26.575683340181936 ], [ 82.347141933813191, 26.579629722474323 ], [ 82.324699397417092, 26.590172248493889 ], [ 82.320461358229366, 26.605571976293117 ], [ 82.321049244083397, 26.630250711789344 ], [ 82.316139914252759, 26.651382929103132 ], [ 82.300355486744337, 26.667316126092238 ], [ 82.287634189621897, 26.666002252554424 ], [ 82.254608212472093, 26.676072203453526 ], [ 82.199346415327952, 26.700451363331911 ], [ 82.179274200589163, 26.71561714844616 ], [ 82.170875257696878, 26.732153139747862 ], [ 82.167997180432025, 26.796473119860899 ], [ 82.170240231064284, 26.830583447153415 ], [ 82.192716490253218, 26.859497671305338 ], [ 82.21063576709453, 26.867233613612349 ], [ 82.257147931671952, 26.876506160952747 ], [ 82.29166727053169, 26.872063996379008 ], [ 82.339456559181968, 26.829935719944043 ], [ 82.37060816002024, 26.822780959361324 ], [ 82.425598213344728, 26.81734854757573 ], [ 82.440372948924818, 26.825203539699263 ], [ 82.484517959321636, 26.84591784914457 ], [ 82.513201180001786, 26.84882754356877 ], [ 82.527979750162658, 26.833866985641393 ], [ 82.541079025353284, 26.817560428156273 ], [ 82.574084840918715, 26.814549116821201 ], [ 82.60020775761727, 26.826116860943724 ], [ 82.61187833855999, 26.856911438584401 ], [ 82.616020278693497, 26.915157616540814 ], [ 82.597167328825236, 26.961691317977984 ], [ 82.584579841777497, 26.985111192937708 ], [ 82.561539412487875, 27.017589045485117 ], [ 82.539663122566509, 27.044305440558787 ], [ 82.53445713916264, 27.060240273800488 ], [ 82.535778490693161, 27.078714768673009 ], [ 82.551335162979385, 27.09650693935475 ], [ 82.571029338234041, 27.105542242429319 ], [ 82.589043459506783, 27.113230002537389 ], [ 82.602699255294397, 27.148223379819594 ], [ 82.603815384336926, 27.185251347904675 ], [ 82.594814859604483, 27.214212939282 ], [ 82.596901596441043, 27.242639749191557 ], [ 82.6182189556298, 27.272989455966151 ], [ 82.650965944678205, 27.285662318625388 ], [ 82.706534349263194, 27.284369350357768 ], [ 82.817881507319896, 27.284559681559966 ], [ 82.850881596367174, 27.300026442505072 ], [ 82.871435781909057, 27.31896589855609 ], [ 82.866373439857085, 27.356313857184638 ], [ 82.851982177826073, 27.416962207269098 ], [ 82.84102568453946, 27.460319608285129 ], [ 82.846281589187058, 27.516214225308826 ], [ 82.936239620721153, 27.501317031445296 ], [ 83.006282070138283, 27.479902198678843 ], [ 83.073618370075081, 27.474646771840046 ], [ 83.141673332375547, 27.478239938926777 ], [ 83.183720628620094, 27.456413616594219 ], [ 83.222004954928565, 27.413371284316533 ], [ 83.246166141178762, 27.392473187594053 ], [ 83.279051123743429, 27.356840245029314 ], [ 83.321165032488011, 27.336757398612253 ], [ 83.330673728985687, 27.343144261435679 ], [ 83.350675827113918, 27.356573230984015 ], [ 83.364421458623696, 27.425398749160323 ], [ 83.369394439497256, 27.484033831387229 ], [ 83.376257790338641, 27.494379618360142 ], [ 83.429238542042569, 27.50760720342209 ], [ 83.470923695754166, 27.505356399187669 ], [ 83.556897634618792, 27.507827996826375 ], [ 83.633132491048002, 27.467900362894373 ], [ 83.748233110922598, 27.395390416003686 ], [ 83.783021010453453, 27.361285814782427 ], [ 83.828622004790134, 27.347587540537226 ], [ 83.832593448139647, 27.325673687269045 ], [ 83.835908882202574, 27.273723438518449 ], [ 83.852215806432696, 27.233543852125393 ], [ 83.886942143958052, 27.199451563568307 ], [ 83.952714033632631, 27.179611963156326 ], [ 84.011891414430863, 27.152996933325355 ], [ 84.010999184629824, 27.120958549039301 ], [ 83.974272065749659, 27.087447642574993 ], [ 83.959759215043206, 27.057991386653558 ], [ 83.962139075685144, 27.040031862369428 ], [ 83.974225845491702, 27.019727708164506 ], [ 84.004839585538534, 27.007255317092621 ], [ 84.029687553859517, 26.996896192697502 ], [ 84.041601254952553, 26.974817156982251 ], [ 84.052257952693566, 26.938558051207128 ], [ 84.06732457824603, 26.907387500611758 ], [ 84.08410924398882, 26.895713313385311 ], [ 84.1153010987057, 26.890315444837981 ], [ 84.156649187177791, 26.887873845513791 ], [ 84.179166263088902, 26.874069549344341 ], [ 84.19238018706163, 26.844783379971116 ], [ 84.193001369190583, 26.8073407263952 ], [ 84.194972995293867, 26.76269720903209 ], [ 84.20229589299602, 26.733767715734395 ], [ 84.218104623958254, 26.711458044496535 ], [ 84.26022849056038, 26.696480737225642 ], [ 84.330059286512082, 26.660241758221336 ], [ 84.337352249671497, 26.63131579505734 ], [ 84.371577429540196, 26.553230924244705 ], [ 84.357207546060039, 26.551250210464076 ], [ 84.346045683563375, 26.531987093363981 ], [ 84.324163054029626, 26.516216284728863 ], [ 84.301959615876157, 26.514701098962107 ], [ 84.269148876751103, 26.518088780733656 ], [ 84.233689809558484, 26.527323523580694 ], [ 84.187264029705972, 26.555714120923604 ], [ 84.154433278573322, 26.559080446115338 ], [ 84.126419004823092, 26.545066985519938 ], [ 84.114462179329749, 26.49735304802217 ], [ 84.1091591464793, 26.472033845629007 ], [ 84.091803354616815, 26.453118010825722 ], [ 84.072175933762693, 26.425790934924894 ], [ 84.0620846987688, 26.399329605158918 ], [ 84.055255380788864, 26.374102199215898 ], [ 84.06364075702632, 26.366138679631632 ], [ 84.094698466188305, 26.337630505863377 ], [ 84.126927713360288, 26.323284221819645 ], [ 84.177648642564947, 26.318516488497934 ], [ 84.210457630509396, 26.311237422594925 ], [ 84.23062569234547, 26.294028551466479 ], [ 84.24462235945677, 26.273627175649537 ], [ 84.241781706903595, 26.23999592243965 ], [ 84.217161109859404, 26.204101174968201 ], [ 84.160976108372779, 26.189632038394588 ], [ 84.110028630407314, 26.190845578471734 ], [ 84.088098128796872, 26.186792149775638 ], [ 84.051767771944284, 26.174679737559007 ], [ 84.043594266055621, 26.146692078101342 ], [ 84.040479384276807, 26.12944036203 ], [ 84.046674387190819, 26.125123465320325 ], [ 84.056319527913971, 26.115074970228378 ], [ 84.06789162408883, 26.10301637835202 ], [ 84.09500087689085, 26.089102079706155 ], [ 84.131936005164235, 26.080300595670334 ], [ 84.170465292735244, 26.064693644657726 ], [ 84.18581503493364, 26.073276338791608 ], [ 84.231787520327515, 26.060126142380557 ], [ 84.247025133633997, 26.042148900737949 ], [ 84.260747738800049, 26.018569284306029 ], [ 84.276744182430207, 25.972088852641146 ], [ 84.296066593697375, 25.940587175376294 ], [ 84.31663597307859, 25.924186377733623 ], [ 84.351902322806041, 25.908802692666541 ], [ 84.486791604264425, 25.911115257871412 ], [ 84.524509295823179, 25.912618031886961 ], [ 84.567652583385893, 25.904297874756221 ], [ 84.589208691489645, 25.887807713741534 ], [ 84.597652763945248, 25.864533285125191 ], [ 84.603535097425237, 25.835726517052095 ], [ 84.605106070444705, 25.805287526136201 ], [ 84.611151428380268, 25.77836762490595 ], [ 84.615202989766331, 25.752518159910178 ], [ 84.632975583188966, 25.72867291163217 ], [ 84.623121640930847, 25.723113430298049 ], [ 84.6006200145234, 25.691302291254736 ], [ 84.589934008614748, 25.67583461459742 ], [ 84.564506083035113, 25.658418136197032 ], [ 84.489419176031888, 25.657276603409734 ], [ 84.449550715995315, 25.666316270137408 ], [ 84.409185385074238, 25.68201565604674 ], [ 84.365541645500059, 25.696005016495789 ], [ 84.321063481024197, 25.687269167880245 ], [ 84.299511445077115, 25.665781940319725 ], [ 84.274553306513141, 25.640697542650415 ], [ 84.241854327371755, 25.622703287490534 ], [ 84.202370048739411, 25.610790238296961 ], [ 84.158674081545044, 25.598163179053973 ], [ 84.11416187994628, 25.575134139678401 ], [ 83.986888996241007, 25.491368083286478 ], [ 83.876772598779993, 25.438773439068122 ], [ 83.754705665141117, 25.363961986545984 ], [ 83.672848574070869, 25.306927349646923 ], [ 83.547805993515354, 25.219562442047405 ], [ 83.488910871231525, 25.194231560773652 ], [ 83.444592716335819, 25.154808927482634 ], [ 83.416204736421733, 25.120227058056866 ], [ 83.403370905784158, 25.097245827548477 ], [ 83.373475641198908, 25.043657737511523 ], [ 83.367450878158564, 25.002190178465629 ], [ 83.370049583870696, 24.980213122477618 ], [ 83.376840621901721, 24.958966424967006 ], [ 83.402424206255446, 24.9253398198009 ], [ 83.431286463493024, 24.894386351660831 ], [ 83.4356039222981, 24.867570679437257 ], [ 83.426064950875357, 24.805397892158982 ], [ 83.424473601461386, 24.782690376688084 ], [ 83.427766837379551, 24.755927924282755 ], [ 83.442315117326402, 24.727624980306803 ], [ 83.462002103299895, 24.699050765415915 ], [ 83.479059558160472, 24.677260661531395 ], [ 83.506128848559499, 24.651141607589818 ], [ 83.531891324907704, 24.621289670219767 ], [ 83.560056175571205, 24.581810951833429 ], [ 83.582308066639641, 24.546441936265836 ], [ 83.600998883954432, 24.504613892717273 ], [ 83.589460760947631, 24.487187433828094 ], [ 83.569704716504944, 24.440758491511922 ], [ 83.529943892420434, 24.41722383619252 ], [ 83.442776455954402, 24.422751503655611 ], [ 83.421222144962471, 24.423875679715511 ], [ 83.401966088940299, 24.413479945364436 ], [ 83.396691897750344, 24.39665749982397 ], [ 83.39474627288773, 24.368264257792561 ], [ 83.404280495927779, 24.342124745973493 ], [ 83.432074447889747, 24.312186073157882 ], [ 83.437641644908055, 24.303348024209306 ], [ 83.43852256312843, 24.286205695085943 ], [ 83.436393813508985, 24.270169710714363 ], [ 83.424211890543631, 24.257505505263939 ], [ 83.411589736717985, 24.253411376788755 ], [ 83.390002282770382, 24.253579360137714 ], [ 83.369567737549659, 24.255584521852743 ], [ 83.348042342785533, 24.241494630240958 ], [ 83.344391419649398, 24.2331330614712 ], [ 83.344072375799797, 24.213201073551836 ], [ 83.347085023255715, 24.181698545099827 ], [ 83.379472950823398, 24.128736011204285 ], [ 83.384781860491259, 24.100914253785255 ], [ 83.387019990285665, 24.058051101117325 ], [ 83.384399887339427, 24.034436767909689 ], [ 83.374559220097993, 24.010243107331501 ], [ 83.361535643934531, 23.969110752970533 ], [ 83.361382469388417, 23.934339233589373 ], [ 83.352626667823728, 23.929663044800698 ], [ 83.349435764285573, 23.925075917127668 ], [ 83.334629800144214, 23.911806608350933 ], [ 83.310747008608843, 23.889555381591514 ], [ 83.299234967098812, 23.877503438370439 ], [ 83.263188480907218, 23.847735618643707 ], [ 83.228543788220605, 23.824206407090337 ], [ 83.166597218814474, 23.814671073068919 ], [ 83.122079481715318, 23.818691667573201 ], [ 83.076585552981328, 23.822748433459754 ], [ 83.008647359432302, 23.826086809186368 ], [ 82.962969334700233, 23.82741266474153 ], [ 82.908312575735806, 23.840896934831935 ], [ 82.870933900594494, 23.866173475674078 ], [ 82.850967865144654, 23.889704484030126 ], [ 82.840411290932764, 23.923616843442069 ], [ 82.845515221834489, 23.958583331629686 ], [ 82.844807209384001, 23.978479911778329 ], [ 82.82074333590576, 24.014844289729641 ], [ 82.796105962323509, 24.042204465939609 ], [ 82.75474727126371, 24.067647640637688 ], [ 82.746686071788673, 24.095116008221055 ], [ 82.77484715433954, 24.139822104804118 ], [ 82.79612689121538, 24.214643248466075 ], [ 82.804627939188862, 24.25666805716644 ], [ 82.804024120761127, 24.293711389119775 ], [ 82.785061760837365, 24.334341507007192 ], [ 82.761549208459698, 24.380603589669029 ], [ 82.764448565513788, 24.411160122198989 ], [ 82.817945570880966, 24.436584075716674 ], [ 82.843897141288551, 24.475055167248328 ], [ 82.845793527092781, 24.504753638536211 ], [ 82.838383376930409, 24.542122855237718 ], [ 82.82769389456088, 24.574233564119226 ], [ 82.825167423656225, 24.611366316172514 ], [ 82.822007937787319, 24.638599603642994 ], [ 82.800435396581747, 24.65408209364665 ], [ 82.761944716611552, 24.650512635481228 ], [ 82.728754326951091, 24.63765301154821 ], [ 82.652973680762742, 24.602421530614116 ], [ 82.631846878991553, 24.578136101135474 ], [ 82.587324464405626, 24.555843455686627 ], [ 82.54995385377461, 24.553971245283382 ], [ 82.525953360528831, 24.56230648077613 ], [ 82.50161923353707, 24.565236309666698 ], [ 82.484558236349201, 24.558799082493923 ], [ 82.464234064087066, 24.53084009794091 ], [ 82.427033048913756, 24.515386533176333 ], [ 82.405528073052764, 24.51636611892366 ], [ 82.385477229339443, 24.541655846962051 ], [ 82.378671757627515, 24.575372727400239 ], [ 82.385507581094473, 24.607567861855507 ], [ 82.397731212344823, 24.64764369781145 ], [ 82.390551107109886, 24.675057585093988 ], [ 82.355471321044007, 24.679356832464354 ], [ 82.343183976860871, 24.670882751855601 ], [ 82.296173120804696, 24.649188613547018 ], [ 82.260709780754738, 24.652200269137957 ], [ 82.223489376042508, 24.678093804278845 ], [ 82.143114982959759, 24.708729700693468 ], [ 82.099851626453642, 24.75681043374399 ], [ 82.095035038860644, 24.762160467008595 ], [ 82.056110818119848, 24.786664888873066 ], [ 82.005029576617716, 24.788869896637248 ], [ 81.945058329125189, 24.798566457659856 ], [ 81.933298207990987, 24.837565769242651 ], [ 81.934574415422816, 24.887417072508807 ], [ 81.913186265832167, 24.921121490556839 ], [ 81.882909149219358, 24.935236633500065 ], [ 81.785950275522879, 24.952135814254962 ], [ 81.757250019081283, 24.939068168868015 ], [ 81.705612596053641, 24.932642981980713 ], [ 81.66398273449488, 24.967145328263538 ], [ 81.655152871144011, 24.979325379881097 ], [ 81.643740329723528, 24.995064095277595 ], [ 81.629231927593921, 25.014191766014086 ], [ 81.572905549311002, 25.007912561737971 ], [ 81.492549161088533, 24.988308172420531 ], [ 81.429676828514403, 25.005051940607991 ], [ 81.384667394705232, 25.006813907734827 ], [ 81.362419464809832, 24.997697552402435 ], [ 81.359832347451785, 24.977833325872584 ], [ 81.357766020402437, 24.937984221757574 ], [ 81.357549713747559, 24.903767586833851 ], [ 81.344641045322675, 24.864338851123268 ], [ 81.313584760721724, 24.834165240313489 ], [ 81.259663734101395, 24.811989625437921 ], [ 81.126242463209294, 24.814170717818932 ], [ 81.10518390193495, 24.796415772185501 ], [ 81.047664458551935, 24.762890441416694 ], [ 81.010274475227945, 24.759982727404815 ], [ 80.987922980370882, 24.779336347342987 ], [ 80.985395667678048, 24.823636103252923 ], [ 81.023468324568356, 24.872158950102577 ], [ 81.058840344883293, 24.896528816059632 ], [ 81.065450693143191, 24.936215087325234 ], [ 81.062896334236029, 24.979091653850009 ], [ 81.065002722097503, 25.021796521409616 ], [ 81.050667106606056, 25.046568329288124 ], [ 81.027648573539864, 25.053118077127628 ], [ 80.996094704358725, 25.044288535951811 ], [ 80.97258798242143, 25.040865022925608 ], [ 80.951568673002058, 25.024513121987084 ], [ 80.925349601082274, 24.996936779545916 ], [ 80.901173415318894, 24.979265447642078 ], [ 80.85479976902927, 24.985197438688711 ], [ 80.81030760734113, 24.998179402357334 ], [ 80.794578317563108, 24.994454237140701 ], [ 80.781289997544008, 24.976381200358485 ], [ 80.749708070543704, 24.966075448703048 ], [ 80.713168912299651, 24.983029958141191 ], [ 80.681850922308101, 24.978405232642352 ], [ 80.671817658497375, 24.963063016866414 ], [ 80.67427192723008, 24.94871820292726 ], [ 80.70141521508036, 24.896446152587021 ], [ 80.69959160530324, 24.856579691210211 ], [ 80.698356906263129, 24.82952745326245 ], [ 80.674062417387219, 24.807546824869782 ], [ 80.649318715132637, 24.809820340329214 ], [ 80.627083713727373, 24.833394939050372 ], [ 80.605350800760078, 24.86835748412912 ], [ 80.597613809425411, 24.872249710213513 ], [ 80.580223744081266, 24.885605906512467 ], [ 80.550770420860076, 24.922246570885818 ], [ 80.530094614317292, 24.952646985669411 ], [ 80.528163820065032, 24.996681008896118 ], [ 80.537519686554674, 25.032020033009815 ], [ 80.563324486332348, 25.115531769675197 ], [ 80.567632890046951, 25.153416186369739 ], [ 80.565732895802412, 25.197451543970832 ], [ 80.543185690932944, 25.244555673584955 ], [ 80.52246844192166, 25.274957604085628 ], [ 80.480969931680178, 25.306043946646739 ], [ 80.47768331192843, 25.312331268174162 ], [ 80.345628196179987, 25.322393389159679 ], [ 80.321070973757941, 25.276770154897008 ], [ 80.310223616921135, 25.266420422039857 ], [ 80.27476726071518, 25.258038524113175 ], [ 80.239466567937143, 25.253208589225039 ], [ 80.228502599527332, 25.251066986600936 ], [ 80.171317504252173, 25.23988293940381 ], [ 80.1299448270874, 25.213824737683435 ], [ 80.102668687637632, 25.182573464304802 ], [ 80.071759803000432, 25.157369479045144 ], [ 80.01736985715317, 25.161383025265788 ], [ 79.987054509366644, 25.150403971946432 ], [ 79.971695786438062, 25.123529334810041 ], [ 79.970609360893334, 25.096231510929535 ], [ 79.974922836373594, 25.041444202211188 ], [ 79.941726723163413, 25.022225367779974 ], [ 79.888777959706147, 25.02852804951694 ], [ 79.809896112917627, 25.035554849351797 ], [ 79.764212061338512, 25.028535694298256 ], [ 79.725279406499652, 25.028442775574625 ], [ 79.696258514758227, 25.050638884334461 ], [ 79.643314275471596, 25.058041831424703 ], [ 79.614005434380715, 25.037457587121299 ], [ 79.59775707305792, 25.01889029824698 ], [ 79.566557943220289, 25.017358067230873 ], [ 79.544773866742659, 25.025071853192863 ], [ 79.519942467383288, 25.056624881077006 ], [ 79.513606786647458, 25.07227654593158 ], [ 80.278864730513078, 25.327480523157821 ], [ 80.121423833102853, 25.339476948656607 ], [ 80.364602663930484, 25.357122061433532 ], [ 80.363888931775961, 25.35583503355096 ], [ 80.368622968246498, 25.357413775653935 ], [ 80.437498389155451, 25.362411392285946 ], [ 80.427834288939579, 25.368398803415918 ], [ 80.409118122038748, 25.370918404242264 ], [ 81.292428395496074, 25.665491360613544 ], [ 81.377237240361623, 25.629482396535199 ], [ 81.416581246859778, 25.605121365311678 ], [ 81.475954137646426, 25.575677947726664 ], [ 81.518168751591787, 25.557579064021922 ], [ 81.534310223629944, 25.557408100250672 ], [ 81.548131332839702, 25.543542610328842 ], [ 81.582236755830152, 25.482270869924214 ], [ 81.614636529445448, 25.465746702604832 ], [ 81.662044051557388, 25.457158890949657 ], [ 81.699432226816157, 25.455623972794488 ], [ 81.729263029787958, 25.467702097123546 ], [ 81.738433883224246, 25.482533104353937 ], [ 81.746016231110985, 25.505985358711275 ], [ 81.748613935204475, 25.551509418757092 ], [ 81.751648231335807, 25.622682315858082 ], [ 81.768996948022163, 25.652379459914336 ], [ 81.794952665677982, 25.668404266211457 ], [ 81.81680135195181, 25.667486004179619 ], [ 81.841604277688774, 25.663587806386605 ], [ 81.849607255681775, 25.675606933250435 ], [ 81.863538321911918, 25.699731536914378 ], [ 81.866382707495021, 25.703143347253928 ], [ 81.511692521109566, 25.738613211053849 ], [ 81.933975944115915, 25.87943946438687 ], [ 82.142394403484687, 25.675541519969936 ], [ 81.91935296456063, 25.697846195329003 ], [ 81.920633108779867, 25.677335361176084 ], [ 81.929801533731066, 25.656030407428648 ], [ 81.941384275368463, 25.640324618540582 ], [ 81.972188211874879, 25.632344624631987 ], [ 81.993324850566651, 25.637133934853356 ], [ 82.015201741868509, 25.65424432620955 ], [ 82.038424254800432, 25.658935887015499 ], [ 82.061371816251281, 25.64177477170081 ], [ 82.073286125832979, 25.614639558251323 ], [ 82.08491024297885, 25.582764044676917 ], [ 82.10582340243559, 25.54952870031962 ], [ 82.126429115690286, 25.545768591249647 ], [ 82.170059806122623, 25.54383481179412 ], [ 82.203866090840066, 25.565865677428722 ], [ 82.197922960213901, 25.572401276880203 ], [ 82.192802345874213, 25.607794788199985 ], [ 82.190779955330072, 25.628205431839188 ], [ 82.32264730064955, 25.499198237717355 ], [ 83.240097246033102, 25.565768620091429 ], [ 82.190333364001162, 25.670747509688574 ], [ 82.195919885223603, 25.692240029967106 ], [ 82.209516779323494, 25.709688010532251 ], [ 82.242237753977506, 25.715819413700665 ], [ 82.32545842603453, 25.712043316792109 ], [ 82.339220167442363, 25.715215396933178 ], [ 82.363805374913255, 25.724541194713879 ], [ 82.373830057696381, 25.734533169112428 ], [ 82.373376841058871, 25.760210944644797 ], [ 82.361612603274779, 25.772155121244975 ], [ 82.336295875027474, 25.800874378882948 ], [ 82.331992557733855, 25.815325546348248 ], [ 82.333256509741204, 25.835223403371266 ], [ 82.339488440023672, 25.85109235021967 ], [ 82.354613569369278, 25.858950232903126 ], [ 82.411896316644089, 25.856305526578502 ], [ 82.469911641804799, 25.865005763875523 ], [ 82.470717735053199, 25.893473184278271 ], [ 82.457549180064007, 25.915943059000927 ], [ 82.434996575369141, 25.938849606395692 ], [ 82.422982974073705, 25.963163731352882 ], [ 82.418203082670715, 25.986190757855361 ], [ 82.419741891176997, 26.009874018227237 ], [ 82.442632139023047, 26.024009781369163 ], [ 82.4791993753702, 26.023247288017743 ], [ 82.502955714032993, 26.034481314549669 ], [ 82.516160437916682, 26.044309557275113 ], [ 82.554999185389818, 26.077622839751992 ], [ 82.585637157429218, 26.081863387884876 ], [ 82.603501794798419, 26.082909145413314 ], [ 82.61368125737873, 26.078621125511894 ], [ 82.646492325611518, 26.068493635547458 ], [ 82.668206872053489, 26.064595736065669 ], [ 82.688154288690171, 26.065530236180344 ], [ 82.686834265598932, 26.065468483921283 ], [ 82.687938890127583, 26.076885151961218 ], [ 82.676598800622514, 26.127094922365199 ], [ 82.810510811708625, 26.171752907429568 ], [ 82.814048952265594, 26.169384992099925 ], [ 82.841315767835027, 26.149155477523799 ], [ 82.868172359660306, 26.145682974501828 ], [ 82.885088234756438, 26.157305819034104 ], [ 82.89744311223788, 26.17663440685147 ], [ 82.896716366173266, 26.199822574092753 ], [ 82.896494488721814, 26.200427391015399 ], [ 83.080298918932982, 26.261723875420049 ], [ 83.109925297001098, 26.252020087531964 ], [ 83.138587450101184, 26.256947299984724 ], [ 83.155941982809125, 26.273851547809841 ], [ 83.167730552217776, 26.290881234358334 ], [ 83.200464300974033, 26.301797531195351 ], [ 83.172616270885342, 26.304950764219225 ] ], [ [ 83.240097246033102, 25.565768620091429 ], [ 83.236690931758346, 25.570496377870128 ], [ 83.228724022948001, 25.581552462720637 ], [ 83.240097246033102, 25.565768620091429 ] ], [ [ 82.685624185536781, 25.144094179643414 ], [ 82.852217272836853, 25.12179853627303 ], [ 82.778156594663585, 25.131734157097576 ], [ 82.685624185536781, 25.144094179643414 ] ] ], [ [ [ 82.877466691190548, 26.338370557242722 ], [ 82.887202065368854, 26.343483773976285 ], [ 82.920111417735399, 26.341474449809226 ], [ 82.94104126282356, 26.331514967529522 ], [ 82.941642503799613, 26.331103928651459 ], [ 82.877466691190548, 26.338370557242722 ] ] ], [ [ [ 79.406563171764262, 25.036578835801492 ], [ 79.407042800607229, 25.020386880109115 ], [ 79.400709827134534, 24.987287052911576 ], [ 79.389850306124657, 24.973312103246187 ], [ 79.37644232587165, 24.960590176052062 ], [ 79.347486780347012, 24.948265540117447 ], [ 79.329223730211822, 24.945167565654515 ], [ 79.294392384218554, 24.950801879619348 ], [ 79.282926022159842, 24.957030343430002 ], [ 79.273623859157027, 24.989338171986823 ], [ 79.273224765114662, 24.992112140660641 ], [ 79.406563171764262, 25.036578835801492 ] ] ], [ [ [ 78.813761770572228, 24.838886964057838 ], [ 78.831668835862843, 24.812835465169801 ], [ 78.857493857389272, 24.774252380117929 ], [ 78.866905548293389, 24.741736795178067 ], [ 78.876654787646288, 24.68546099521161 ], [ 78.885569274338053, 24.600702453876366 ], [ 78.888848197761632, 24.571176170254478 ], [ 78.91140196960076, 24.5288579794288 ], [ 78.94334956999451, 24.490118831943096 ], [ 78.974300772243623, 24.453295972719914 ], [ 79.010337893885549, 24.414446148639264 ], [ 79.022098876967505, 24.393266382726154 ], [ 79.082955052980196, 24.300520982697197 ], [ 79.075733965479785, 24.298380187315349 ], [ 79.070292227075768, 24.289010856481674 ], [ 79.064046614661308, 24.274316792067332 ], [ 79.054421895917031, 24.254359856416329 ], [ 79.040363130288085, 24.236883821754372 ], [ 79.027005781025082, 24.221171429338408 ], [ 79.018107466498861, 24.203570906961676 ], [ 79.013110361350655, 24.187064893765299 ], [ 79.005011062096102, 24.156976531418763 ], [ 79.005151213788466, 24.126573785747791 ], [ 79.005764394826514, 24.112309553843822 ], [ 79.003151144655845, 24.093372327568382 ], [ 78.992416115397575, 24.078428054559431 ], [ 78.974672233165933, 24.070298697704096 ], [ 78.951109929830366, 24.074653217500206 ], [ 78.915625744095195, 24.094479846825475 ], [ 78.90153624212563, 24.106205200361408 ], [ 78.897444917482147, 24.107249685748975 ], [ 78.886119719535529, 24.107510977201255 ], [ 78.866318291649904, 24.09941705434829 ], [ 78.852749163895311, 24.093078447575611 ], [ 78.833955410637671, 24.084008135211395 ], [ 78.813105809487382, 24.074982406786955 ], [ 78.786523602475825, 24.082229852225986 ], [ 78.762459775954838, 24.106513191339115 ], [ 78.752933571662396, 24.135219601722774 ], [ 78.744819688047883, 24.17814198781339 ], [ 78.736136998179148, 24.200180215141625 ], [ 78.724205701190911, 24.21659022000431 ], [ 78.683457560353645, 24.235526934740875 ], [ 78.661808345877404, 24.235995363934279 ], [ 78.609106179752985, 24.232374544648813 ], [ 78.593568274367499, 24.229854552473196 ], [ 78.540941210429409, 24.229059388089933 ], [ 78.519266731026576, 24.228559467858641 ], [ 78.483300055389535, 24.234047932367506 ], [ 78.461929471341008, 24.245880000590262 ], [ 78.427915018702464, 24.289302999050175 ], [ 78.40863846764843, 24.302984255256632 ], [ 78.385613794596139, 24.298755422947778 ], [ 78.384167985963302, 24.30361234790119 ], [ 78.377016877525463, 24.328088808167635 ], [ 78.370365333270328, 24.373329238611166 ], [ 78.367469693061281, 24.413747699558062 ], [ 78.368088457318748, 24.439258672842566 ], [ 78.38761909827187, 24.498232637685707 ], [ 78.426815474097992, 24.566908762497487 ], [ 78.43832484756723, 24.587456385530867 ], [ 78.441628604540412, 24.615884816862177 ], [ 78.435686175082395, 24.636780489760739 ], [ 78.406307792280103, 24.65220291071094 ], [ 78.374260263971692, 24.664703251764006 ], [ 78.345731183550299, 24.689001050536753 ], [ 78.335282715746359, 24.711759609007217 ], [ 78.326343013068978, 24.743392868732624 ], [ 78.3314564949561, 24.767040154980307 ], [ 78.356605213428153, 24.788521574504806 ], [ 78.38471970906896, 24.798662569888403 ], [ 78.440208948322066, 24.814789405739962 ], [ 78.474197178572538, 24.825986321966155 ], [ 78.501915485838254, 24.845021392960835 ], [ 78.521674344442673, 24.881432358804791 ], [ 78.534159133111331, 24.912053032563534 ], [ 78.53681529560518, 24.938717707415059 ], [ 78.540376475411449, 24.974864539425031 ], [ 78.548292038755449, 25.003797972608183 ], [ 78.555860452650663, 25.019675478137309 ], [ 78.581243339014776, 25.045875343295133 ], [ 78.615742760582606, 25.07247655236095 ], [ 78.644866133778805, 25.092058226107319 ], [ 78.670204306444091, 25.115278300745747 ], [ 78.688375802201506, 25.137459732533348 ], [ 78.704826045617452, 25.156960842101189 ], [ 78.702790304772293, 25.169596385587869 ], [ 78.709004691518984, 25.204977766429447 ], [ 78.728744747256314, 25.258006054247758 ], [ 78.756756398887347, 25.370249680581288 ], [ 78.800783508961118, 25.448885715292047 ], [ 78.852806923369855, 25.488133420057512 ], [ 78.916189668512999, 25.514041229636213 ], [ 78.973008888279281, 25.537698694782996 ], [ 78.996728460115762, 25.549261715113595 ], [ 78.948349192573332, 25.36142746931478 ], [ 78.933263044655334, 25.359092366600841 ], [ 78.91027086939809, 25.348208940798546 ], [ 78.888495976919131, 25.325890752749213 ], [ 78.884201725221956, 25.287498343003719 ], [ 78.879244044446182, 25.227026950934665 ], [ 78.843369269296161, 25.149430649556926 ], [ 78.788005161363074, 25.133924172323102 ], [ 78.786354610640018, 25.110285616720461 ], [ 78.795643521504829, 25.036916940166222 ], [ 78.793379975189225, 24.959053372763893 ], [ 78.79181432122499, 24.904930171606367 ], [ 78.813761770572228, 24.838886964057838 ] ] ], [ [ [ 81.279975935196475, 26.519254468639378 ], [ 82.877466691190548, 26.338370557242722 ], [ 82.866769445289634, 26.33275214589646 ], [ 82.855759944368913, 26.293764621841511 ], [ 82.882207507755822, 26.239372348265604 ], [ 82.896494488721814, 26.200427391015399 ], [ 82.810510811708625, 26.171752907429568 ], [ 82.74683023424484, 26.214371399586287 ], [ 82.718969941709503, 26.220721317479121 ], [ 82.691332987966277, 26.21316170970379 ], [ 82.675814795164698, 26.175796915705085 ], [ 82.676468497415172, 26.127671857328597 ], [ 82.676598800622514, 26.127094922365199 ], [ 81.933975944115915, 25.87943946438687 ], [ 81.279975935196475, 26.519254468639378 ] ] ], [ [ [ 82.941642503799613, 26.331103928651459 ], [ 83.172616270885342, 26.304950764219225 ], [ 83.177846435305412, 26.299062057371774 ], [ 83.185237698970042, 26.303305517134294 ], [ 83.170455803375077, 26.294818113496596 ], [ 83.167730552217776, 26.290881234358334 ], [ 83.080298918932982, 26.261723875420049 ], [ 83.059619013426854, 26.268497346551609 ], [ 83.009438571472487, 26.292430513710048 ], [ 82.970296336357009, 26.31151471291982 ], [ 82.941642503799613, 26.331103928651459 ] ] ], [ [ [ 83.200464300974033, 26.301797531195351 ], [ 83.185237698970042, 26.303305517134294 ], [ 83.191511995789696, 26.302684334831682 ], [ 83.200464300974033, 26.301797531195351 ] ] ], [ [ [ 82.190333364001162, 25.670747509688574 ], [ 82.189082448458848, 25.665934974912538 ], [ 82.189586331152299, 25.64025188735803 ], [ 82.190779955330072, 25.628205431839188 ], [ 82.142394403484687, 25.675541519969936 ], [ 82.190333364001162, 25.670747509688574 ] ] ], [ [ [ 79.513606786647458, 25.07227654593158 ], [ 79.406563171764262, 25.036578835801492 ], [ 79.406444101453317, 25.040598571535394 ], [ 79.401191622293638, 25.076375240484165 ], [ 79.390500529826866, 25.105164247295924 ], [ 79.380980169501839, 25.13035841070289 ], [ 79.376772811786608, 25.158979887431958 ], [ 79.37860540637692, 25.174377654313545 ], [ 79.388189605058756, 25.188387997086615 ], [ 79.40666053094003, 25.196227810796252 ], [ 79.45986343068337, 25.193654137930359 ], [ 79.463801294082955, 25.194738965381379 ], [ 79.487945627126308, 25.175613026595798 ], [ 79.497929721885129, 25.167701171719028 ], [ 79.499932888461615, 25.151014690094375 ], [ 79.501385889248155, 25.118897711296324 ], [ 79.506816317399341, 25.089051720266919 ], [ 79.513606786647458, 25.07227654593158 ] ] ], [ [ [ 79.273224765114662, 24.992112140660641 ], [ 78.813761770572228, 24.838886964057838 ], [ 78.948349192573332, 25.36142746931478 ], [ 78.969376399277991, 25.364682156177821 ], [ 78.996258601443415, 25.374754413762002 ], [ 79.020916306331841, 25.388438183788924 ], [ 79.038894052850964, 25.412967426097822 ], [ 79.048884441853374, 25.456217027094098 ], [ 79.056927904790655, 25.463156729686649 ], [ 79.067339746219162, 25.47075312576845 ], [ 79.086209556298698, 25.473871469006646 ], [ 79.103330536013885, 25.471326149876177 ], [ 79.113825206978888, 25.457531241506629 ], [ 79.124153457323189, 25.438749497265281 ], [ 79.142547529542654, 25.427614605832368 ], [ 79.156417369845826, 25.421576969452197 ], [ 79.21652804389106, 25.419399051572316 ], [ 79.242540242296329, 25.425886665119428 ], [ 79.292327504218761, 25.4417567436772 ], [ 79.317246229209644, 25.43899155758297 ], [ 79.334886783203061, 25.429277698928594 ], [ 79.350082233806802, 25.416772323395509 ], [ 79.351530220449419, 25.391070712028398 ], [ 79.339227038759276, 25.374273832882476 ], [ 79.320807530063362, 25.361195339506974 ], [ 79.26866628701616, 25.343969196595236 ], [ 79.220417245489386, 25.325917446546004 ], [ 79.212328509769264, 25.317562204169505 ], [ 79.188306889873729, 25.276093280001987 ], [ 79.134132921144129, 25.250558072651931 ], [ 79.088489639143077, 25.246898834678227 ], [ 79.033900269039449, 25.248188022991169 ], [ 78.997319287105583, 25.243101326115529 ], [ 78.965497423370095, 25.22364165238276 ], [ 78.956635200708504, 25.189396019141505 ], [ 78.95539036172427, 25.149036562001079 ], [ 78.954331491087515, 25.114612868924691 ], [ 78.968558163881781, 25.070334945467557 ], [ 78.982650602397754, 25.064069744641774 ], [ 79.004785229617738, 25.065930780331428 ], [ 79.051176448581202, 25.095726842244698 ], [ 79.077362391884392, 25.102233810055662 ], [ 79.087708797507815, 25.100799550885128 ], [ 79.101265384913518, 25.077905390861691 ], [ 79.07766049945451, 25.029765499272649 ], [ 79.069015801144616, 25.002650287705944 ], [ 79.073716514639813, 24.987096451172828 ], [ 79.099386555775482, 24.978168423157271 ], [ 79.113686636973028, 24.97901290143237 ], [ 79.15334836932503, 25.001811386115715 ], [ 79.174188463781846, 25.044068316832369 ], [ 79.189001281905959, 25.06033690382144 ], [ 79.214238441974658, 25.077535520148754 ], [ 79.242784710892153, 25.076828706057039 ], [ 79.266248078232067, 25.040604748429988 ], [ 79.273224765114662, 24.992112140660641 ] ] ], [ [ [ 78.996728460115762, 25.549261715113595 ], [ 79.201226122590015, 26.343231242758506 ], [ 79.227043010797374, 26.318444023961099 ], [ 79.228032050991118, 26.316897088095658 ], [ 79.249428269570544, 26.2834210657536 ], [ 79.249422194710675, 26.24656938976041 ], [ 79.23187044695851, 26.195884251625898 ], [ 79.207371564952695, 26.13348184924936 ], [ 79.177464341979217, 26.065266606418358 ], [ 79.176312185698919, 26.032014604202551 ], [ 79.246124739855006, 25.968509644421761 ], [ 79.269217482155028, 25.918022095465496 ], [ 79.27677881208723, 25.872672372128864 ], [ 79.27314715181619, 25.841603720343688 ], [ 79.269303033070059, 25.808682260253203 ], [ 79.25075446882002, 25.76398228389921 ], [ 79.218072292926522, 25.725570134955898 ], [ 79.176782196568567, 25.663595520281348 ], [ 79.086989824207976, 25.593263099087171 ], [ 78.996728460115762, 25.549261715113595 ] ] ], [ [ [ 80.121423833102853, 25.339476948656607 ], [ 80.091562037051361, 25.309489135699771 ], [ 80.066149485630774, 25.292433534343498 ], [ 80.027087557082695, 25.291231716353792 ], [ 79.977968432519063, 25.298636125418405 ], [ 79.954823674648523, 25.305261309398919 ], [ 79.931751709904489, 25.346342135441304 ], [ 79.932602322016393, 25.379068934207311 ], [ 79.936254260314726, 25.39374397237836 ], [ 79.979496884919357, 25.432875166213702 ], [ 80.033326036491786, 25.475243731922291 ], [ 80.062637054388432, 25.491001132573452 ], [ 80.10377493609198, 25.477871040172477 ], [ 80.127293931805539, 25.4486311155779 ], [ 80.137450816631969, 25.411478835824479 ], [ 80.135757625972005, 25.371124768620046 ], [ 80.121423833102853, 25.339476948656607 ] ] ], [ [ [ 80.364602663930484, 25.357122061433532 ], [ 80.370568344421017, 25.367879594327391 ], [ 80.392916104729238, 25.373099546161857 ], [ 80.409118122038748, 25.370918404242264 ], [ 80.368622968246498, 25.357413775653935 ], [ 80.364602663930484, 25.357122061433532 ] ] ], [ [ [ 81.292428395496074, 25.665491360613544 ], [ 81.288521081995341, 25.667150365776436 ], [ 81.220350104863513, 25.709692432080605 ], [ 81.188897501905743, 25.766510563272398 ], [ 81.187717642636912, 25.771011470873571 ], [ 81.511692521109566, 25.738613211053849 ], [ 81.292428395496074, 25.665491360613544 ] ] ], [ [ [ 79.972867727950415, 25.895002144434027 ], [ 79.966570155065014, 25.88966697251664 ], [ 79.952615456562327, 25.855844611562325 ], [ 79.923476056943457, 25.833875044313832 ], [ 79.887328899680256, 25.832070854205931 ], [ 79.864118414437741, 25.839870959963314 ], [ 79.842758415688905, 25.854746106469364 ], [ 79.832838690664133, 25.877036643491628 ], [ 79.829866180260183, 25.911304957673412 ], [ 79.972867727950415, 25.895002144434027 ] ] ], [ [ [ 79.653440367246148, 26.277127575503769 ], [ 79.640515619393696, 26.288892614662519 ], [ 79.648552039190463, 26.281577696932807 ], [ 79.653440367246148, 26.277127575503769 ] ] ] ] } },
{ "type": "Feature", "properties": { "state_name": "Oudh", "id": 23 }, "geometry": { "type": "MultiPolygon", "coordinates": [ [ [ [ 81.082536875557039, 25.920259307828506 ], [ 80.981579446848329, 25.93966162643531 ], [ 80.828954381007037, 25.96225685033075 ], [ 80.709497691782417, 25.990681870401161 ], [ 80.653434001346, 26.03254922335487 ], [ 80.595213971721421, 26.095865931948008 ], [ 80.565258869586614, 26.159640839534582 ], [ 80.544985323313711, 26.180819289652675 ], [ 80.443817587783883, 26.286347388213819 ], [ 80.345969378856807, 26.38366872153021 ], [ 80.278607681629836, 26.461419705698646 ], [ 80.208438765836732, 26.58345154210242 ], [ 80.18657743462208, 26.658313065061655 ], [ 80.134400059237109, 26.762635627065883 ], [ 80.12153672135058, 26.792988288394 ], [ 80.109667575161382, 26.810469815709119 ], [ 80.132410910805874, 26.852219387245942 ], [ 80.110425856710265, 26.811862497715261 ], [ 80.103880353394985, 26.82297852318343 ], [ 80.064783612729784, 26.85126816988965 ], [ 79.996369743885381, 26.879706536976524 ], [ 79.967004779783622, 26.89626800565912 ], [ 79.940442702280151, 26.922728653190553 ], [ 79.924940482421817, 26.966696679138032 ], [ 79.905000507072231, 27.000091813379886 ], [ 79.84940783233327, 27.089440660013061 ], [ 79.820891307963066, 27.127351086570823 ], [ 79.803997451195187, 27.195603912861536 ], [ 79.801650839709367, 27.25131667876326 ], [ 79.791893369665772, 27.319368177274733 ], [ 79.799873529432034, 27.392626937862033 ], [ 79.836166199156935, 27.475069265126422 ], [ 79.840968588258136, 27.511318988328551 ], [ 79.828038666194132, 27.54308144872838 ], [ 79.8112794687639, 27.578519395067875 ], [ 79.794706314230439, 27.600394051133932 ], [ 79.780194788319989, 27.632911477060258 ], [ 79.779645077485952, 27.656472875669465 ], [ 79.794085376904064, 27.676043691641119 ], [ 79.807989183095629, 27.683498457204838 ], [ 79.828750231222543, 27.683621116231159 ], [ 79.853207243480298, 27.677212938500791 ], [ 79.892888904371731, 27.65466263041554 ], [ 79.934102468858313, 27.648467096113514 ], [ 79.952628616960695, 27.652204310892817 ], [ 79.964840998960668, 27.674676738351646 ], [ 79.968422287929982, 27.700257528535584 ], [ 79.96991289841354, 27.732322002402316 ], [ 79.97380041440654, 27.764315970725793 ], [ 79.980982586909477, 27.781228208413591 ], [ 79.994881820182357, 27.787950952664122 ], [ 80.011639166025816, 27.787451573304509 ], [ 80.031352006683193, 27.781866769801642 ], [ 80.050589042816583, 27.766304106337707 ], [ 80.072943158459353, 27.749217507302472 ], [ 80.104723187222106, 27.728986098378488 ], [ 80.133121639518166, 27.721694845971225 ], [ 80.156210265696984, 27.720270045896616 ], [ 80.16737283189498, 27.71992479621403 ], [ 80.172346120118178, 27.836312375662345 ], [ 80.174765075781991, 27.885709748585562 ], [ 80.179475527370982, 27.959774004337042 ], [ 80.183437811161866, 27.996756924347419 ], [ 80.212953024421324, 28.031989891070342 ], [ 80.261609339793665, 28.043775796523654 ], [ 80.344754319577277, 28.082025265801203 ], [ 80.405827521549767, 28.146636477880598 ], [ 80.445365919381558, 28.227158441252548 ], [ 80.466121510314451, 28.334957194398541 ], [ 80.467763025470546, 28.36536010500387 ], [ 80.484689379736722, 28.431487742126816 ], [ 80.482098550156692, 28.506546884325413 ], [ 80.478242575075967, 28.534048156985413 ], [ 80.47395084745385, 28.574755828836107 ], [ 80.480366456681523, 28.577020283942637 ], [ 80.490800980367126, 28.619530084406996 ], [ 80.50014532476392, 28.678152674609926 ], [ 80.600984163104243, 28.640861309417588 ], [ 80.649283031056569, 28.603507364375876 ], [ 80.705737425795803, 28.533710752078179 ], [ 80.811635449602193, 28.483586357469136 ], [ 80.930887634252727, 28.456113242526612 ], [ 81.012217144032036, 28.43529216826845 ], [ 81.143301189582303, 28.405413746193908 ], [ 81.19460391192888, 28.357037788108073 ], [ 81.236731066238875, 28.302516979550958 ], [ 81.24294269584469, 28.294472840219711 ], [ 81.27140498339007, 28.236236342155884 ], [ 81.296935532901273, 28.163830120866574 ], [ 81.324641404714953, 28.157393836490666 ], [ 81.417221554968279, 28.191238015864151 ], [ 81.485973964158276, 28.106359697196012 ], [ 81.538616186113686, 28.052458289698272 ], [ 81.685127700673135, 27.96430847791839 ], [ 81.783514669482344, 27.908403317462184 ], [ 81.85156531906884, 27.878724135384566 ], [ 81.883502384703704, 27.877348372264326 ], [ 81.898833225240793, 27.896318737950381 ], [ 81.915666191666432, 27.936642919816677 ], [ 82.003172089974939, 27.927461485065162 ], [ 82.1388315895273, 27.864300251201602 ], [ 82.230689902549798, 27.814645456529089 ], [ 82.279360326032375, 27.788292199215441 ], [ 82.381148191990221, 27.731811902234284 ], [ 82.450708435578832, 27.699986726573449 ], [ 82.506452341778484, 27.697338475970579 ], [ 82.580030042893554, 27.718791727580278 ], [ 82.621645242967872, 27.739977582888763 ], [ 82.683524072029144, 27.738749654549423 ], [ 82.703752313148442, 27.716339028034458 ], [ 82.713044878416426, 27.681974281095908 ], [ 82.726406937525667, 27.597453407191459 ], [ 82.731592941807179, 27.561515312500717 ], [ 82.745969984293666, 27.541180995968254 ], [ 82.812259365739934, 27.521832254787114 ], [ 82.846281589187058, 27.516214225308826 ], [ 82.84102568453946, 27.460319608285129 ], [ 82.851982177826073, 27.416962207269098 ], [ 82.866373439857085, 27.356313857184638 ], [ 82.871435781909057, 27.31896589855609 ], [ 82.850881596367174, 27.300026442505072 ], [ 82.817881507319896, 27.284559681559966 ], [ 82.706534349263194, 27.284369350357768 ], [ 82.650965944678205, 27.285662318625388 ], [ 82.6182189556298, 27.272989455966151 ], [ 82.596901596441043, 27.242639749191557 ], [ 82.594814859604483, 27.214212939282 ], [ 82.603815384336926, 27.185251347904675 ], [ 82.602699255294397, 27.148223379819594 ], [ 82.589043459506783, 27.113230002537389 ], [ 82.571029338234041, 27.105542242429319 ], [ 82.551335162979385, 27.09650693935475 ], [ 82.535778490693161, 27.078714768673009 ], [ 82.53445713916264, 27.060240273800488 ], [ 82.539663122566509, 27.044305440558787 ], [ 82.561539412487875, 27.017589045485117 ], [ 82.584579841777497, 26.985111192937708 ], [ 82.597167328825236, 26.961691317977984 ], [ 82.616020278693497, 26.915157616540814 ], [ 82.61187833855999, 26.856911438584401 ], [ 82.60020775761727, 26.826116860943724 ], [ 82.574084840918715, 26.814549116821201 ], [ 82.541079025353284, 26.817560428156273 ], [ 82.527979750162658, 26.833866985641393 ], [ 82.513201180001786, 26.84882754356877 ], [ 82.484517959321636, 26.84591784914457 ], [ 82.440372948924818, 26.825203539699263 ], [ 82.425598213344728, 26.81734854757573 ], [ 82.37060816002024, 26.822780959361324 ], [ 82.339456559181968, 26.829935719944043 ], [ 82.29166727053169, 26.872063996379008 ], [ 82.257147931671952, 26.876506160952747 ], [ 82.21063576709453, 26.867233613612349 ], [ 82.192716490253218, 26.859497671305338 ], [ 82.170240231064284, 26.830583447153415 ], [ 82.167997180432025, 26.796473119860899 ], [ 82.170633063159713, 26.737556702565698 ], [ 82.170875257696878, 26.732153139747862 ], [ 82.179274200589163, 26.71561714844616 ], [ 82.199346415327952, 26.700451363331911 ], [ 82.254608212472093, 26.676072203453526 ], [ 82.287634189621897, 26.666002252554424 ], [ 82.300355486744337, 26.667316126092238 ], [ 82.316139914252759, 26.651382929103132 ], [ 82.321049244083397, 26.630250711789344 ], [ 82.320461358229366, 26.605571976293117 ], [ 82.324699397417092, 26.590172248493889 ], [ 82.347141933813191, 26.579629722474323 ], [ 82.391057625280325, 26.575683340181936 ], [ 82.419050007602522, 26.569621220522897 ], [ 82.43642703259448, 26.562153390402067 ], [ 82.454082542577808, 26.543268804845241 ], [ 82.464205014839095, 26.521888085017 ], [ 82.498955994496654, 26.49173932800074 ], [ 82.559460553875965, 26.477454173343308 ], [ 82.631821732208081, 26.475395883888979 ], [ 82.725289070230403, 26.482240456475516 ], [ 82.833159265060218, 26.469781628722707 ], [ 82.960277894045007, 26.440594969962785 ], [ 83.0726743786756, 26.404934691936102 ], [ 83.13606529863074, 26.346103956224184 ], [ 83.177846435305412, 26.299062057371774 ], [ 83.170455803375077, 26.294818113496596 ], [ 83.155941982809125, 26.273851547809841 ], [ 83.138587450101184, 26.256947299984724 ], [ 83.109925297001098, 26.252020087531964 ], [ 83.059619013426854, 26.268497346551609 ], [ 83.009438571472487, 26.292430513710048 ], [ 82.970296336357009, 26.31151471291982 ], [ 82.94104126282356, 26.331514967529522 ], [ 82.920111417735399, 26.341474449809226 ], [ 82.887202065368854, 26.343483773976285 ], [ 82.866769445289634, 26.33275214589646 ], [ 82.855759944368913, 26.293764621841511 ], [ 82.882207507755822, 26.239372348265604 ], [ 82.896716366173266, 26.199822574092753 ], [ 82.89744311223788, 26.17663440685147 ], [ 82.885088234756438, 26.157305819034104 ], [ 82.868172359660306, 26.145682974501828 ], [ 82.841315767835027, 26.149155477523799 ], [ 82.814048952265594, 26.169384992099925 ], [ 82.74683023424484, 26.214371399586287 ], [ 82.737774594487973, 26.216436015879768 ], [ 82.718969941709503, 26.220721317479121 ], [ 82.691332987966277, 26.21316170970379 ], [ 82.675814795164698, 26.175796915705085 ], [ 82.676468497415172, 26.127671857328597 ], [ 82.687938890127583, 26.076885151961218 ], [ 82.686834265598932, 26.065468483921283 ], [ 82.668206872053489, 26.064595736065669 ], [ 82.646492325611518, 26.068493635547458 ], [ 82.61368125737873, 26.078621125511894 ], [ 82.603501794798419, 26.082909145413314 ], [ 82.585637157429218, 26.081863387884876 ], [ 82.554999185389818, 26.077622839751992 ], [ 82.516160437916682, 26.044309557275113 ], [ 82.502955714032993, 26.034481314549669 ], [ 82.4791993753702, 26.023247288017743 ], [ 82.442632139023047, 26.024009781369163 ], [ 82.419741891176997, 26.009874018227237 ], [ 82.418203082670715, 25.986190757855361 ], [ 82.422982974073705, 25.963163731352882 ], [ 82.430052427712468, 25.948856970701087 ], [ 82.434996575369141, 25.938849606395692 ], [ 82.457549180064007, 25.915943059000927 ], [ 82.470717735053199, 25.893473184278271 ], [ 82.469911641804799, 25.865005763875523 ], [ 82.411896316644089, 25.856305526578502 ], [ 82.354613569369278, 25.858950232903126 ], [ 82.339488440023672, 25.85109235021967 ], [ 82.333256509741204, 25.835223403371266 ], [ 82.331992557733855, 25.815325546348248 ], [ 82.336295875027474, 25.800874378882948 ], [ 82.361612603274779, 25.772155121244975 ], [ 82.373376841058871, 25.760210944644797 ], [ 82.373830057696381, 25.734533169112428 ], [ 82.363805374913255, 25.724541194713879 ], [ 82.339220167442363, 25.715215396933178 ], [ 82.32545842603453, 25.712043316792109 ], [ 82.242237753977506, 25.715819413700665 ], [ 82.209516779323494, 25.709688010532251 ], [ 82.195919885223603, 25.692240029967106 ], [ 82.189082448458848, 25.665934974912538 ], [ 82.189586331152299, 25.64025188735803 ], [ 82.192802345874213, 25.607794788199985 ], [ 82.197922960213901, 25.572401276880203 ], [ 82.203866150350962, 25.565865716194814 ], [ 82.170059806122623, 25.54383481179412 ], [ 82.126429115690286, 25.545768591249647 ], [ 82.10582340243559, 25.54952870031962 ], [ 82.08491024297885, 25.582764044676917 ], [ 82.073286125832979, 25.614639558251323 ], [ 82.061371816251281, 25.64177477170081 ], [ 82.038424254800432, 25.658935887015499 ], [ 82.015201741868509, 25.65424432620955 ], [ 81.993324850566651, 25.637133934853356 ], [ 81.972188211874879, 25.632344624631987 ], [ 81.941384275368463, 25.640324618540582 ], [ 81.929801533731066, 25.656030407428648 ], [ 81.920633108779867, 25.677335361176084 ], [ 81.919026997871143, 25.70306892617997 ], [ 81.911656040126502, 25.719543781233664 ], [ 81.880376143784019, 25.719928325669095 ], [ 81.863538321911918, 25.699731536914378 ], [ 81.849607255681775, 25.675606933250435 ], [ 81.841604277688774, 25.663587806386605 ], [ 81.81680135195181, 25.667486004179619 ], [ 81.794952665677982, 25.668404266211457 ], [ 81.768996948022163, 25.652379459914336 ], [ 81.751648231335807, 25.622682315858082 ], [ 81.748613935204475, 25.551509418757092 ], [ 81.746016231110985, 25.505985358711275 ], [ 81.738433883224246, 25.482533104353937 ], [ 81.729263029787958, 25.467702097123546 ], [ 81.699432226816157, 25.455623972794488 ], [ 81.662044051557388, 25.457158890949657 ], [ 81.614636529445448, 25.465746702604832 ], [ 81.582236755830152, 25.482270869924214 ], [ 81.548131332839702, 25.543542610328842 ], [ 81.534310223629944, 25.557408100250672 ], [ 81.518168761026175, 25.55757905997525 ], [ 81.475954137646426, 25.575677947726664 ], [ 81.416581246859778, 25.605121365311678 ], [ 81.377237240361623, 25.629482396535199 ], [ 81.288521081995341, 25.667150365776436 ], [ 81.220350104863513, 25.709692432080605 ], [ 81.188897501905743, 25.766510563272398 ], [ 81.174547618268974, 25.821252261746952 ], [ 81.158326133771425, 25.870357957304055 ], [ 81.139432997558842, 25.887056199272852 ], [ 81.131357566913579, 25.894191398635584 ], [ 81.082536875557039, 25.920259307828506 ] ], [ [ 81.163552926902099, 27.00962536902145 ], [ 81.082536875557039, 25.920259307828506 ], [ 81.592584752570943, 26.490988193056875 ], [ 81.607068279528562, 26.470349174332238 ], [ 81.592584957726473, 26.490988422620003 ], [ 81.590582778594978, 26.493841004978801 ], [ 81.592584399774637, 26.490988695791447 ], [ 81.527108158134737, 26.523045655144582 ], [ 81.671276477048053, 26.551261674126888 ], [ 81.795594701471728, 26.725456900195791 ], [ 81.620714753159646, 26.944663531294673 ], [ 81.163552926902099, 27.00962536902145 ] ], [ [ 81.671276477048053, 26.551261674126888 ], [ 81.69676530537815, 26.537842039866081 ], [ 81.690432540772434, 26.541176875833479 ], [ 81.671276477048053, 26.551261674126888 ] ], [ [ 81.795594701471728, 26.725456900195791 ], [ 81.827485644049531, 26.730036933145854 ], [ 81.811539886356442, 26.72774787160235 ], [ 81.795594701471728, 26.725456900195791 ] ], [ [ 81.620714753159646, 26.944663531294673 ], [ 81.612477818377229, 26.962484069067163 ], [ 81.6095145953566, 26.968893774802844 ], [ 81.620714753159646, 26.944663531294673 ] ], [ [ 80.781247112711895, 27.063950307887708 ], [ 80.83128214748632, 27.094983240847906 ], [ 80.806674186528539, 27.079725786794786 ], [ 80.781247112711895, 27.063950307887708 ] ], [ [ 81.217982440695494, 27.741500893307489 ], [ 81.213151987730356, 27.743454428942297 ], [ 81.20758046715541, 27.745707375151774 ], [ 81.217982440695494, 27.741500893307489 ] ], [ [ 81.094007854873595, 27.139551161617696 ], [ 81.049631372056979, 27.174094488970127 ], [ 81.046839179841285, 27.176266802787065 ], [ 81.094007854873595, 27.139551161617696 ] ] ], [ [ [ 81.527108158134737, 26.523045655144582 ], [ 81.506181804018283, 26.524842641948666 ], [ 81.526342580330933, 26.523111452325026 ], [ 81.527108158134737, 26.523045655144582 ] ] ], [ [ [ 81.592584399774637, 26.490988695791447 ], [ 81.592584957726473, 26.490988422620003 ], [ 81.592584752570943, 26.490988193056875 ], [ 81.592584399774637, 26.490988695791447 ] ] ] ] } },
{ "type": "Feature", "properties": { "state_name": "Pondicherry", "id": 24 }, "geometry": { "type": "Polygon", "coordinates": [ [ [ 79.798279735398552, 11.80874908846906 ], [ 79.698916787182952, 11.796112148912847 ], [ 79.6801957940107, 11.798283643300318 ], [ 79.665442964966857, 11.80660739260955 ], [ 79.652281948227269, 11.823602857141568 ], [ 79.63336043327412, 11.870409814798046 ], [ 79.628519605200466, 11.896304255426555 ], [ 79.620630101586926, 11.915528782006115 ], [ 79.609330583835742, 11.934886640759164 ], [ 79.606231953793255, 11.95101295039659 ], [ 79.607857341669572, 11.959679319645709 ], [ 79.611840273806095, 11.964373257760126 ], [ 79.627504553752743, 11.969578080950502 ], [ 79.653306399218124, 11.97244019766466 ], [ 79.672982455557943, 11.986209834127358 ], [ 79.683317264942744, 11.994040493364487 ], [ 79.690322181708424, 12.004911455127214 ], [ 79.702153488701001, 12.015098966729505 ], [ 79.721140355220925, 12.021108177793121 ], [ 79.731755396128364, 12.020668904067193 ], [ 79.748517879468295, 12.015127014053856 ], [ 79.77280108146428, 12.002017078065586 ], [ 79.806349455427309, 11.974994569426949 ], [ 79.827621186310395, 11.957844124471382 ], [ 79.817761290098829, 11.907483412538935 ], [ 79.805678067594627, 11.846261953403467 ], [ 79.798279735398552, 11.80874908846906 ] ] ] } },
{ "type": "Feature", "properties": { "state_name": "Punjab", "id": 25 }, "geometry": { "type": "MultiPolygon", "coordinates": [ [ [ [ 76.215399513709784, 28.100634778621966 ], [ 76.198996851047482, 28.063814875293343 ], [ 76.199716344525442, 27.983016211936082 ], [ 76.220727473131603, 27.925963971540565 ], [ 76.244507249101261, 27.883163439646527 ], [ 76.250772023622901, 27.829702821311397 ], [ 76.246498712505087, 27.797643220757571 ], [ 76.236961916037444, 27.776282650277736 ], [ 76.198077099742363, 27.765652499155067 ], [ 76.165971278792071, 27.766877928495212 ], [ 76.117886982467397, 27.781167609034295 ], [ 76.085988105024441, 27.817995098228451 ], [ 76.041906232025141, 27.838188683631088 ], [ 75.993667364399428, 27.836987254173923 ], [ 75.946790967233639, 27.841704068391994 ], [ 75.924849533356152, 27.880275649286254 ], [ 75.932429673700256, 27.925414082101078 ], [ 75.94738654394088, 27.967595760940817 ], [ 75.98732855937179, 28.034749572940125 ], [ 76.013086748434489, 28.078132480671858 ], [ 76.028744510820403, 28.113787743439353 ], [ 76.046584530415601, 28.174403255280641 ], [ 76.052868581411033, 28.211844828574577 ], [ 76.053169600903203, 28.259987170586257 ], [ 76.039283217617182, 28.300402608978018 ], [ 76.005172112253561, 28.340806864696166 ], [ 75.974322975824492, 28.367532526664355 ], [ 75.937352414706638, 28.380021585429844 ], [ 75.91644404259003, 28.387076873551091 ], [ 75.851831320547561, 28.41846689771938 ], [ 75.810103346474421, 28.44809649862102 ], [ 75.78583676568546, 28.458732961526639 ], [ 75.745435667557345, 28.497256740085085 ], [ 75.713761840514238, 28.528065327076412 ], [ 75.675278513593412, 28.548130290958085 ], [ 75.648936909312994, 28.563476467957241 ], [ 75.637323719826085, 28.578773090853382 ], [ 75.634087215032267, 28.570155423731258 ], [ 75.61920423452888, 28.56794327386006 ], [ 75.600005087696417, 28.57688635531203 ], [ 75.579717787696893, 28.585581383887718 ], [ 75.5720793626719, 28.589603784844439 ], [ 75.561618151162605, 28.602113551685044 ], [ 75.537266684354279, 28.637061076666061 ], [ 75.527793985548271, 28.663172841189766 ], [ 75.530532759523339, 28.758956446375024 ], [ 75.538976962004881, 28.845556495812449 ], [ 75.525963392082929, 28.927360789518517 ], [ 75.515095831645567, 28.976810386348532 ], [ 75.497682237681403, 29.025266697006703 ], [ 75.446463382327963, 29.07252663746624 ], [ 75.385224493134572, 29.172073368201151 ], [ 75.334852973405162, 29.225948890277461 ], [ 75.2845030719904, 29.2502567831256 ], [ 75.222185104648062, 29.249636332887551 ], [ 75.176829378226657, 29.243914895476241 ], [ 75.131472273360842, 29.238168892379051 ], [ 75.090922819587504, 29.251985209957123 ], [ 75.045903254908922, 29.277157344485836 ], [ 74.999606692348124, 29.323248526109094 ], [ 74.968634837864727, 29.363807704105408 ], [ 74.938990500726533, 29.370070526459408 ], [ 74.914850774303773, 29.372589284634959 ], [ 74.855686600335545, 29.366961595547799 ], [ 74.829509190781778, 29.351321497378773 ], [ 74.788959690898494, 29.348786761730935 ], [ 74.749397499843781, 29.356727329370432 ], [ 74.694340262403927, 29.375819557498897 ], [ 74.677808536018347, 29.382206687835907 ], [ 74.662232288637426, 29.40099324995839 ], [ 74.648908620058009, 29.414100277582246 ], [ 74.641004837842829, 29.433018740634846 ], [ 74.637567562171213, 29.445346058256089 ], [ 74.637402606226914, 29.459637752701511 ], [ 74.647180282201276, 29.469340409877958 ], [ 74.661365355846442, 29.478165993350387 ], [ 74.691898075770624, 29.499660594916843 ], [ 74.695059559817992, 29.512106028443455 ], [ 74.694800084424088, 29.535936126392318 ], [ 74.694551943206605, 29.55881862203778 ], [ 74.688683358018707, 29.593061046477818 ], [ 74.68936497210106, 29.632197312259034 ], [ 74.699056039248006, 29.652401121724925 ], [ 74.719630634045785, 29.685193456622571 ], [ 74.716065743308647, 29.71092117982106 ], [ 74.696996523601072, 29.74501081777678 ], [ 74.685845939006015, 29.758212996018589 ], [ 74.665940376861187, 29.76554243122737 ], [ 74.641706910547398, 29.765152555062283 ], [ 74.622003423568529, 29.753359477783778 ], [ 74.60896463224357, 29.736893466232022 ], [ 74.589398702925379, 29.713626887057899 ], [ 74.560991069279808, 29.694029749924287 ], [ 74.525830168680557, 29.687687047588955 ], [ 74.501634272039468, 29.685350858081723 ], [ 74.474006866112219, 29.693465232670661 ], [ 74.45057697838601, 29.717911281257059 ], [ 74.43705166961594, 29.742542911069808 ], [ 74.43227643018858, 29.772124567069707 ], [ 74.432015809326785, 29.793179820616984 ], [ 74.436188461954316, 29.812402402095568 ], [ 74.457896962164995, 29.840550346228511 ], [ 74.485321344243289, 29.852510385641327 ], [ 74.515993721601433, 29.8702636357276 ], [ 74.536740368939689, 29.888803847949223 ], [ 74.550845414497502, 29.910107746442993 ], [ 74.552936550813172, 29.920680323887876 ], [ 74.550563701676978, 29.935973950289132 ], [ 74.538208377492353, 29.955904174025868 ], [ 74.518166829968024, 29.971882168906063 ], [ 74.497112816573448, 29.979215415705983 ], [ 74.48052519497088, 29.9818243018684 ], [ 74.457347337019812, 29.981446009256963 ], [ 74.434214245820215, 29.977227021275073 ], [ 74.413358460083117, 29.967285047835308 ], [ 74.388104026245344, 29.956304841753184 ], [ 74.351772464097238, 29.948965468573721 ], [ 74.299997783146353, 29.941343156335904 ], [ 74.218452537577193, 29.932200520252806 ], [ 74.153330023581518, 29.932922379682466 ], [ 74.071498648859261, 29.943876087854193 ], [ 74.007382286960379, 29.95034183112465 ], [ 73.964256431012501, 29.955278848780761 ], [ 73.916620511687, 29.96589738839419 ], [ 73.888687308017737, 29.98653153878729 ], [ 73.872842942248553, 30.01030233875181 ], [ 73.86523700349008, 30.02432102972509 ], [ 73.89790172900841, 30.051453424150882 ], [ 73.927805045598191, 30.077963503874788 ], [ 73.935553928822316, 30.123389435503206 ], [ 73.919851622799214, 30.178173708037438 ], [ 73.882482444681713, 30.243501000803295 ], [ 73.877109114189764, 30.264753795368094 ], [ 73.885533302159303, 30.297259405650152 ], [ 73.89465271342749, 30.342697928335141 ], [ 73.906706193516442, 30.372642045828048 ], [ 73.93530366435489, 30.401527253462874 ], [ 74.002582609792057, 30.421157915315533 ], [ 74.056170999834094, 30.434687314693239 ], [ 74.072731573163907, 30.451014390577047 ], [ 74.11351872353859, 30.49119467064596 ], [ 74.22505349307815, 30.679319868993069 ], [ 74.286646654270356, 30.754876252373865 ], [ 74.356674551121884, 30.824477174400034 ], [ 74.407601509348353, 30.865305774003005 ], [ 74.476619993365659, 30.896639346351641 ], [ 74.594106938169247, 30.937647078062547 ], [ 74.598229870780543, 30.942914182534864 ], [ 74.617529938797247, 30.967560891573015 ], [ 74.620923850698787, 30.983963140981448 ], [ 74.669391100086088, 31.011300127014692 ], [ 74.666487677329883, 31.029399891311016 ], [ 74.652478801371018, 31.040116206910028 ], [ 74.60647898397113, 31.039565494622288 ], [ 74.553591424278849, 31.028029153116229 ], [ 74.4866347697413, 31.033202937904914 ], [ 74.461416061611928, 31.047367619261909 ], [ 74.438836847330492, 31.077273288239077 ], [ 74.431622733703747, 31.103761783754297 ], [ 74.435558535422331, 31.131613606581936 ], [ 74.450463862722032, 31.182581309801087 ], [ 74.468120111455875, 31.217560181775639 ], [ 74.557779659540302, 31.306369057877404 ], [ 74.560944888836858, 31.324992261460054 ], [ 74.579158251004628, 31.34506089656897 ], [ 74.598515107673052, 31.37794856484313 ], [ 74.596955927961858, 31.400898571157409 ], [ 74.588438205999822, 31.417714780495427 ], [ 74.52063208253476, 31.494188196268546 ], [ 74.481194951385049, 31.517820783839824 ], [ 74.443283748731076, 31.524535600659938 ], [ 74.409429539499598, 31.54700897587346 ], [ 74.39520612213181, 31.568554976075447 ], [ 74.392144475070836, 31.596309337734539 ], [ 74.400310273872023, 31.624231896152882 ], [ 74.43558876282944, 31.669073190521658 ], [ 74.44714705006723, 31.680725424768731 ], [ 74.483060600332379, 31.707627609906556 ], [ 74.56258777253143, 31.767109022212374 ], [ 74.642747616786181, 31.817128633778282 ], [ 74.736885337938403, 31.863446958074832 ], [ 74.865528276435896, 31.918175238897678 ], [ 74.904688660040733, 31.938500590705274 ], [ 74.95087494520304, 31.942107424631157 ], [ 74.985867931648613, 31.93853556584239 ], [ 75.03765182026838, 31.931369619228658 ], [ 75.052254576777855, 31.943219241374052 ], [ 75.067059373801214, 31.955227968402813 ], [ 75.176349121551482, 32.006444331694247 ], [ 75.202371207338402, 32.044405751168561 ], [ 75.231037677037733, 32.055395054012045 ], [ 75.289905962021578, 32.131324812156407 ], [ 75.310406066790591, 32.188597936478104 ], [ 75.299154099314975, 32.206934653375683 ], [ 75.368624341294236, 32.264384323743542 ], [ 75.453745943065314, 32.310181974312499 ], [ 75.553645715602585, 32.323203581222643 ], [ 75.634408009295697, 32.326957003354053 ], [ 75.68319388011308, 32.347736018746119 ], [ 75.685605457757035, 32.348762303687259 ], [ 75.724159260694393, 32.379629191318109 ], [ 75.743984961495769, 32.448631433872734 ], [ 75.829986551165319, 32.526680303382122 ], [ 75.832285714511812, 32.541209751738627 ], [ 75.839193647576622, 32.584800195572967 ], [ 75.839588034654156, 32.617499279766569 ], [ 75.844432917049176, 32.664731013930087 ], [ 75.844772795859114, 32.691983938472646 ], [ 75.836508526401573, 32.713793368885945 ], [ 75.817406851567611, 32.722889749936655 ], [ 75.783349107145952, 32.731987571076907 ], [ 75.751603366961106, 32.757427630680475 ], [ 75.745445067518759, 32.779230314178342 ], [ 75.762869551337161, 32.806486682102857 ], [ 75.829257173785422, 32.815557159678761 ], [ 75.886963909533719, 32.815516637056092 ], [ 75.966143996831974, 32.824508031505339 ], [ 76.058570206863664, 32.862515323361777 ], [ 76.136159392090477, 32.905970263781526 ], [ 76.300083607081504, 33.003685543297593 ], [ 76.37090438033357, 33.02525298126217 ], [ 76.484954430781968, 33.06666732656862 ], [ 76.560446114795511, 33.0955028071185 ], [ 76.611841816718112, 33.097103666455652 ], [ 76.65205443324497, 33.078689508292179 ], [ 76.686548530204988, 33.003766530777106 ], [ 76.701510695161844, 33.003689972072586 ], [ 76.710900005257841, 33.036465545760898 ], [ 76.724209318455877, 33.054639268100878 ], [ 76.754660919376761, 33.072735854184089 ], [ 76.782500216601434, 33.07260167638151 ], [ 76.809684232964571, 33.048741687325219 ], [ 76.887862636274164, 33.0118261931962 ], [ 76.910875545908809, 32.993443208596069 ], [ 76.939375877945096, 32.943987958497381 ], [ 76.964255359789519, 32.845279687469812 ], [ 76.997869659466332, 32.826804412706345 ], [ 76.999725849401599, 32.826444704835481 ], [ 77.046688754594456, 32.817339084744248 ], [ 77.106650559145436, 32.822393340034139 ], [ 77.145344937072466, 32.829426912129321 ], [ 77.206709311455043, 32.810717987697387 ], [ 77.285162995081123, 32.791867202509557 ], [ 77.338424838955987, 32.785990576168636 ], [ 77.423952431802945, 32.783543755336026 ], [ 77.492720532551076, 32.788563483455484 ], [ 77.594993938002006, 32.820951943506813 ], [ 77.643348917426351, 32.796805005353903 ], [ 77.658864282251571, 32.759976432512182 ], [ 77.713003535069973, 32.629256434822722 ], [ 77.768670439619939, 32.535228811030024 ], [ 77.813921090361617, 32.496306559173263 ], [ 77.861692930631904, 32.466521129694478 ], [ 77.907652311632731, 32.444084813728118 ], [ 77.932944429982768, 32.436519070955704 ], [ 77.99479885307953, 32.432337981497184 ], [ 78.034323741829098, 32.450456203057016 ], [ 78.086955249781838, 32.470416603618311 ], [ 78.132672695165226, 32.479442371030679 ], [ 78.236997499451576, 32.455150706609302 ], [ 78.363046064421169, 32.360638094847879 ], [ 78.417203828707471, 32.360653231884704 ], [ 78.45435225807968, 32.369721228767361 ], [ 78.466174292100519, 32.352763203943127 ], [ 78.477772939555194, 32.318884679549207 ], [ 78.477284671861511, 32.318403202737663 ], [ 78.458761955429424, 32.286417431192298 ], [ 78.451388825966575, 32.264994361273267 ], [ 78.448436198539724, 32.247076312181321 ], [ 78.451438637282948, 32.234059685276875 ], [ 78.450002485809776, 32.212342082040941 ], [ 78.487485125445502, 32.18662694054413 ], [ 78.633799194336532, 32.036231906577733 ], [ 78.643720442385543, 32.029205578556002 ], [ 78.714809898927086, 31.978829133460255 ], [ 78.732472940853768, 31.935283412318704 ], [ 78.732324355673654, 31.899650926864851 ], [ 78.731687839717097, 31.894444978774537 ], [ 78.719267159072459, 31.834648861032818 ], [ 78.714047085202552, 31.77354232208857 ], [ 78.712597693956042, 31.744769124534567 ], [ 78.714658048979246, 31.701518842539709 ], [ 78.721839499217239, 31.676153749064749 ], [ 78.747939129980509, 31.653027843737298 ], [ 78.749578314680306, 31.650203690168883 ], [ 78.793181932964188, 31.586808231938253 ], [ 78.806425809866028, 31.54719465222135 ], [ 78.80286442451748, 31.521161212020409 ], [ 78.798148010179901, 31.515953559770558 ], [ 78.775746088047626, 31.489485572993452 ], [ 78.769949240810178, 31.45724434412077 ], [ 78.781720049859359, 31.424169158281476 ], [ 78.783082585617834, 31.417784639551922 ], [ 78.784092014466523, 31.40292657466922 ], [ 78.78323074810487, 31.384972796052828 ], [ 78.796671090206814, 31.354229633242497 ], [ 78.799689726084779, 31.34015695586525 ], [ 78.855405806455508, 31.255004055681145 ], [ 78.89640243435116, 31.228774515825986 ], [ 78.909831567161447, 31.234121838708774 ], [ 78.931337057540688, 31.181093279126028 ], [ 78.937994260216556, 31.14226397908822 ], [ 78.932741526591613, 31.096547822376163 ], [ 78.928232128182742, 31.06801751162623 ], [ 78.910657947135675, 31.044089579523426 ], [ 78.871024663173372, 31.047881434355169 ], [ 78.840302748141823, 31.067222966716564 ], [ 78.805044715892862, 31.098142580734265 ], [ 78.756326650582807, 31.12513285596291 ], [ 78.667636912111078, 31.107212549844558 ], [ 78.629437783045304, 31.106695132250533 ], [ 78.617828333698654, 31.106972202838694 ], [ 78.5421158267621, 31.124554010824074 ], [ 78.456729200260398, 31.202731027600951 ], [ 78.394354833811278, 31.227240202594857 ], [ 78.352781941406263, 31.228175868186725 ], [ 78.313896934088106, 31.210269204454196 ], [ 78.28241034044467, 31.163396131740573 ], [ 78.218382757509545, 31.137401293363268 ], [ 78.123284042859353, 31.127809488539977 ], [ 78.020169982250252, 31.128361332429023 ], [ 77.910428611588912, 31.130386683410762 ], [ 77.830169634072391, 31.115957093362965 ], [ 77.794477761245062, 31.087766722325981 ], [ 77.773816495832008, 31.053898137783495 ], [ 77.763208529460314, 31.036500552465924 ], [ 77.756418018122005, 30.896313525118263 ], [ 77.756275384667376, 30.893396489775586 ], [ 77.763972693050235, 30.720302239920105 ], [ 77.780193168451291, 30.561543892997399 ], [ 77.777320007897487, 30.517857559516155 ], [ 77.773667017061683, 30.475623943736114 ], [ 77.753046584292619, 30.445840332903426 ], [ 77.721078297085569, 30.422675107752227 ], [ 77.683625841590256, 30.409614781815648 ], [ 77.605352000289386, 30.407562712815089 ], [ 77.572049541459691, 30.394885336640247 ], [ 77.560739103085453, 30.388179389635255 ], [ 77.544885937601705, 30.341019414500146 ], [ 77.510309355684967, 30.275197115643653 ], [ 77.473860617522661, 30.21477073670453 ], [ 77.442039460799492, 30.173980700736202 ], [ 77.404623291322068, 30.15653022484976 ], [ 77.336034361111544, 30.12331239548239 ], [ 77.295818963850678, 30.070048992856293 ], [ 77.216049801635208, 29.988549501155521 ], [ 77.170578199170222, 29.947574462926788 ], [ 77.151231675497527, 29.930126184090032 ], [ 77.113528889201575, 29.891107476025923 ], [ 77.097920045077245, 29.826824909386051 ], [ 77.087370845119864, 29.733399082834971 ], [ 77.069119840977507, 29.635288445550739 ], [ 77.043947082059191, 29.514362668637915 ], [ 77.017341226840713, 29.370588858811495 ], [ 76.998288144934278, 29.279218724453894 ], [ 76.993796695141086, 29.210623309886174 ], [ 76.999531008194822, 29.16198880996221 ], [ 77.008857119468374, 29.082801770770754 ], [ 77.005644824444261, 29.024705996633347 ], [ 76.972993395954873, 28.954461072132172 ], [ 76.96994628531796, 28.903998418043109 ], [ 76.972476486355546, 28.863023062123389 ], [ 76.983219419465811, 28.797228272281576 ], [ 76.988935252475855, 28.75338088986609 ], [ 77.022942585377677, 28.66171201981437 ], [ 77.057778457642627, 28.619543229070484 ], [ 77.081979532792843, 28.586977126727373 ], [ 77.137863395566313, 28.521771495821746 ], [ 77.22949345804912, 28.363914948353397 ], [ 77.297673482557244, 28.228158411960983 ], [ 77.299551434724194, 28.22442923577491 ], [ 77.319331242926467, 28.185131692163242 ], [ 77.341184437171805, 28.152562188423559 ], [ 77.340427163810503, 28.063155967013678 ], [ 77.335300078418072, 27.915782259502226 ], [ 77.333275737860532, 27.868249091626875 ], [ 77.318420529112998, 27.819902523762089 ], [ 77.302963060066503, 27.794387225082531 ], [ 77.282360995104852, 27.778434142847619 ], [ 77.260843664631508, 27.770095438414494 ], [ 77.248032376116257, 27.770224830563297 ], [ 77.22463606135706, 27.782463554126476 ], [ 77.172794858688832, 27.79485004610326 ], [ 77.149991622122741, 27.789119760824544 ], [ 77.1334846663229, 27.76193346889205 ], [ 77.12615994230498, 27.725154362206521 ], [ 77.103147927766301, 27.706345358991335 ], [ 77.05725035055805, 27.674658670381351 ], [ 77.044870486793286, 27.652184186454406 ], [ 77.027027710202432, 27.621436457826132 ], [ 77.002822950888373, 27.608565639069131 ], [ 76.970835219561309, 27.608824728340881 ], [ 76.942899948791606, 27.612609144903203 ], [ 76.921973341921813, 27.638911512957602 ], [ 76.913166172655806, 27.673437848047005 ], [ 76.93122678282613, 27.719646945765938 ], [ 76.957204640357432, 27.75866500140156 ], [ 76.970537365414586, 27.840563297384438 ], [ 76.993613761650536, 27.943783162967623 ], [ 76.989358733071072, 28.010375357810805 ], [ 76.983525852840685, 28.062717931938437 ], [ 76.968053653847619, 28.099683654837843 ], [ 76.940733035925987, 28.151002517493499 ], [ 76.925058778935721, 28.177270399518562 ], [ 76.890383905452339, 28.190591232237413 ], [ 76.838050715919195, 28.190939482265247 ], [ 76.820304518569287, 28.170841571505509 ], [ 76.8008086483905, 28.122222337522835 ], [ 76.800359675907927, 28.09131895588429 ], [ 76.79193927138131, 28.065220700757898 ], [ 76.762251515219106, 28.051135145850274 ], [ 76.73652583208488, 28.032266732726342 ], [ 76.700359666609643, 28.033654295938295 ], [ 76.671106722643202, 28.051635060223116 ], [ 76.651150178979165, 28.06362080455861 ], [ 76.609862158612998, 28.086400695718648 ], [ 76.5736025305863, 28.082996339896138 ], [ 76.527897111383666, 28.074864482698864 ], [ 76.478454809947578, 28.092876214430238 ], [ 76.443822356452685, 28.104392376462265 ], [ 76.442346698504466, 28.104882755568756 ], [ 76.399261841897527, 28.091938782058136 ], [ 76.325455528052814, 28.094501912991767 ], [ 76.273257637798537, 28.113620962577496 ], [ 76.268285093946417, 28.113981801303268 ], [ 76.239700589582014, 28.116051742738037 ], [ 76.215399513709784, 28.100634778621966 ] ], [ [ 76.089319594633935, 30.965228330900679 ], [ 76.137429496897624, 30.75564278649383 ], [ 76.223818758926726, 30.944954532598619 ], [ 76.089319594633935, 30.965228330900679 ] ], [ [ 76.423221320261419, 29.510621864222436 ], [ 76.424037200968911, 29.507067568865239 ], [ 76.427131422081501, 29.537150327049297 ], [ 76.423221320261419, 29.510621864222436 ] ], [ [ 76.449293278720191, 29.397042219487663 ], [ 76.571540874457796, 28.864483895742488 ], [ 76.776775286031238, 29.267120106974158 ], [ 76.776509839050604, 29.266917278175544 ], [ 76.776775306606467, 29.267120147339373 ], [ 76.449293278720191, 29.397042219487663 ] ], [ [ 76.661881926012228, 28.470922953370444 ], [ 76.695809445060178, 28.323121415319843 ], [ 76.937193065649126, 28.44339890136758 ], [ 76.661881926012228, 28.470922953370444 ] ], [ [ 76.414154603436572, 29.410982799784115 ], [ 76.414154228822355, 29.410982948404957 ], [ 76.408389313117681, 29.40999268159139 ], [ 76.408389305381874, 29.409992629107101 ], [ 76.414154603436572, 29.410982799784115 ] ], [ [ 75.121294348411553, 30.409428448513694 ], [ 75.105131263830899, 30.399052476686254 ], [ 75.096986646196328, 30.393822273006336 ], [ 75.121294348411553, 30.409428448513694 ] ], [ [ 76.029589074978119, 30.519323386434802 ], [ 76.021398074828639, 30.540889498935279 ], [ 76.021689327060969, 30.540122570090407 ], [ 76.029589074978119, 30.519323386434802 ] ], [ [ 76.563828468679915, 31.013075614813886 ], [ 76.599972043419626, 31.014037470091967 ], [ 76.598225014537505, 31.013991216816837 ], [ 76.563828468679915, 31.013075614813886 ] ], [ [ 76.644945098958559, 31.014928220330631 ], [ 77.242364922605077, 31.02857256498967 ], [ 77.464288749806144, 31.264814033144724 ], [ 77.416382679560755, 31.379439000226675 ], [ 76.891518783166319, 31.419802103247768 ], [ 76.719415584675843, 31.520180411436424 ], [ 76.644945098958559, 31.014928220330631 ] ], [ [ 75.279702561179903, 31.569735450260101 ], [ 75.277992856869005, 31.567589159919265 ], [ 75.223580878065377, 31.499208598071021 ], [ 75.279702561179903, 31.569735450260101 ] ] ], [ [ [ 77.242364922605077, 31.02857256498967 ], [ 77.235479418161461, 31.037855775523777 ], [ 77.228879785215639, 31.046755141090649 ], [ 77.242364922605077, 31.02857256498967 ] ] ] ] } },
{ "type": "Feature", "properties": { "state_name": "Rajputana Agency", "id": 26 }, "geometry": { "type": "Polygon", "coordinates": [ [ [ 74.041826290527098, 23.550053264979688 ], [ 74.022569963344424, 23.55042627153599 ], [ 73.993096049650404, 23.541980803618376 ], [ 73.959764738215412, 23.533505817124411 ], [ 73.922541875627516, 23.527358646069281 ], [ 73.89300474296958, 23.52361719355693 ], [ 73.867123260334594, 23.53287373306345 ], [ 73.84638406117277, 23.542163237799361 ], [ 73.826851114546258, 23.55617757587148 ], [ 73.811077388592267, 23.57611574572422 ], [ 73.800329153921325, 23.588118613097539 ], [ 73.808172870080284, 23.596148823732339 ], [ 73.81297440877826, 23.617419572252089 ], [ 73.817854909242186, 23.633972448558147 ], [ 73.82150645808332, 23.646977155319821 ], [ 73.819889168456598, 23.667021465716694 ], [ 73.819559577342218, 23.687075760860541 ], [ 73.816768357643923, 23.700032803365328 ], [ 73.806261738312088, 23.711751348717005 ], [ 73.789306555419884, 23.72341939234364 ], [ 73.772446997199552, 23.729187313381356 ], [ 73.742650360926021, 23.737210219757188 ], [ 73.716654361633388, 23.748798185552271 ], [ 73.695705793910392, 23.766322388359548 ], [ 73.687629460196305, 23.785130937169978 ], [ 73.680755319255923, 23.808668034091362 ], [ 73.665055390681744, 23.820332908793389 ], [ 73.650311227105831, 23.820207418447612 ], [ 73.639240987370371, 23.820112522888152 ], [ 73.596777396537178, 23.812665614685198 ], [ 73.57231935471242, 23.808910748819763 ], [ 73.556783971261368, 23.811131210838759 ], [ 73.533201505304618, 23.828611260870947 ], [ 73.509278306682631, 23.862597406841793 ], [ 73.493228926867957, 23.889576120446385 ], [ 73.469977432836416, 23.951860533312274 ], [ 73.463219191042199, 23.965945345077323 ], [ 73.449744839825769, 23.991753403391186 ], [ 73.432379434068324, 24.017516995874733 ], [ 73.399468090358297, 24.04311045083579 ], [ 73.353559557923603, 24.069724439271369 ], [ 73.305108343713684, 24.092747722411421 ], [ 73.266615948412635, 24.132355983325926 ], [ 73.250076292441861, 24.174565357486657 ], [ 73.249197338348509, 24.21224900084982 ], [ 73.257702436403065, 24.237091350083567 ], [ 73.27129314643652, 24.266709378323963 ], [ 73.278453241317834, 24.293891801015047 ], [ 73.271385104433662, 24.318538953785449 ], [ 73.251709823182722, 24.326532226124836 ], [ 73.220507143142811, 24.327303847956173 ], [ 73.19082839869526, 24.318667621507643 ], [ 73.154483941710623, 24.316999073002425 ], [ 73.145215723187562, 24.323935542759571 ], [ 73.123781145800834, 24.349534812261123 ], [ 73.103700314117802, 24.360603093663009 ], [ 73.08422110244247, 24.371330311282787 ], [ 73.056857613862988, 24.373281214398506 ], [ 73.030072211750962, 24.352879851495079 ], [ 73.007349581484874, 24.32665550269396 ], [ 72.985843053137231, 24.303978263781381 ], [ 72.956360376293759, 24.288235434116505 ], [ 72.921526392601791, 24.278284573245973 ], [ 72.874634783912541, 24.281064440500966 ], [ 72.815711771030237, 24.294196715445501 ], [ 72.709192992605423, 24.328767376770084 ], [ 72.668662851721095, 24.332728607022503 ], [ 72.645391724458108, 24.326426539493454 ], [ 72.637334599704744, 24.315339504870305 ], [ 72.623410335826534, 24.31439107213307 ], [ 72.593293536188128, 24.310065853137395 ], [ 72.569813785778308, 24.310086906491136 ], [ 72.540591248332063, 24.309990661641255 ], [ 72.496150168462009, 24.311930468871935 ], [ 72.46635318207106, 24.312739202884146 ], [ 72.438916655892399, 24.320625798116609 ], [ 72.422829277399373, 24.332492372962331 ], [ 72.413119771107148, 24.356216505979578 ], [ 72.413546015360765, 24.374052294029344 ], [ 72.419329528756805, 24.388247985977095 ], [ 72.431598238820627, 24.396482056716014 ], [ 72.472484751073054, 24.409065490701096 ], [ 72.505704823562652, 24.416318007870942 ], [ 72.525447981931961, 24.420004331312882 ], [ 72.546187546334409, 24.425115536530601 ], [ 72.556831134776232, 24.435185791209857 ], [ 72.562190111831228, 24.447027866596223 ], [ 72.556297513259537, 24.4670927172318 ], [ 72.54691350300871, 24.481921415510026 ], [ 72.511426441425414, 24.51028412602437 ], [ 72.489862676768269, 24.528596906674764 ], [ 72.448391344000697, 24.546469343456852 ], [ 72.424828253368716, 24.56095983283036 ], [ 72.407427850782639, 24.563856618766277 ], [ 72.385033438592316, 24.559605483210095 ], [ 72.378862811121195, 24.556185235727725 ], [ 72.372351846822511, 24.547600630814127 ], [ 72.363272460430096, 24.537551730598537 ], [ 72.355545860765758, 24.526361354617965 ], [ 72.347820576956479, 24.515170957789714 ], [ 72.33629447463646, 24.500378817412823 ], [ 72.323959780994173, 24.493536438183984 ], [ 72.297971557555272, 24.487317352637788 ], [ 72.285870356377416, 24.488443924671781 ], [ 72.271465190435862, 24.495137984211905 ], [ 72.258369372495238, 24.508887257083529 ], [ 72.249848108338611, 24.526488567142049 ], [ 72.242267260750324, 24.546919479785196 ], [ 72.238073677707419, 24.560871006562252 ], [ 72.22833450796945, 24.582648338776384 ], [ 72.222509097881598, 24.5979605942597 ], [ 72.215806842632972, 24.608566469166899 ], [ 72.206110704718853, 24.614882473499495 ], [ 72.193875638270953, 24.618794245141739 ], [ 72.173202713330241, 24.623435739257825 ], [ 72.1589721531181, 24.624491899513092 ], [ 72.138512407329088, 24.623525736220603 ], [ 72.127357220141278, 24.612959229907833 ], [ 72.123970473769802, 24.605389352280778 ], [ 72.119297971407605, 24.590300489859942 ], [ 72.119856564076159, 24.575804541741892 ], [ 72.120486839250333, 24.559437138169923 ], [ 72.12196803231673, 24.54823798805937 ], [ 72.121314556320911, 24.537924046695753 ], [ 72.12109574359404, 24.529960726608692 ], [ 72.11615665943188, 24.521886382680737 ], [ 72.109482855557658, 24.517985089331876 ], [ 71.99591264139255, 24.509772033589751 ], [ 71.98106414487134, 24.513650820276943 ], [ 71.972899926682899, 24.520952409388652 ], [ 71.965614398596202, 24.532481663951362 ], [ 71.95905638561544, 24.551974700315085 ], [ 71.946464504607007, 24.564785380716888 ], [ 71.934172390751243, 24.570122199317204 ], [ 71.916622162562902, 24.562723855639732 ], [ 71.883961999400569, 24.552667788485319 ], [ 71.863802785109684, 24.557843601096213 ], [ 71.841545355650354, 24.57559043789022 ], [ 71.830782576925515, 24.594512927633701 ], [ 71.797783353335333, 24.617633133141755 ], [ 71.769640587967373, 24.624983536313191 ], [ 71.740804278464111, 24.62392628567018 ], [ 71.712351480817262, 24.61402333809761 ], [ 71.69348771630996, 24.601056551851649 ], [ 71.682495218125737, 24.588249099021784 ], [ 71.654389177590289, 24.570927816575171 ], [ 71.621776260386284, 24.561006572341139 ], [ 71.580101225883155, 24.554681324868024 ], [ 71.541226421794917, 24.556357224182062 ], [ 71.505139058525117, 24.577663223325469 ], [ 71.483341307491287, 24.584302806477162 ], [ 71.455638529732809, 24.582480103845835 ], [ 71.440852905081911, 24.573416561648642 ], [ 71.413065333653847, 24.5623152494179 ], [ 71.385707701721643, 24.564730938163457 ], [ 71.368934064849526, 24.576133689557157 ], [ 71.3547314510554, 24.588497609624639 ], [ 71.33482815106585, 24.610542653173731 ], [ 71.319079501872224, 24.62727428554734 ], [ 71.323867680440458, 24.63177664032488 ], [ 71.337141803761455, 24.639404019655338 ], [ 71.358996823482173, 24.642963399542865 ], [ 71.373144492293719, 24.643159823181019 ], [ 71.392009510361703, 24.6434283057018 ], [ 71.413410799317774, 24.645603013982377 ], [ 71.425668694647925, 24.652767156551317 ], [ 71.437886414780877, 24.660866239334091 ], [ 71.440498493430042, 24.672542040104666 ], [ 71.43671191519006, 24.686444373435325 ], [ 71.420070531508912, 24.694560403068973 ], [ 71.396452293188247, 24.694664780144336 ], [ 71.360127834228834, 24.696602489464397 ], [ 71.365275868375761, 24.700945368332984 ], [ 71.352658155286363, 24.690301991398513 ], [ 71.335088275406477, 24.685694055319345 ], [ 71.315182761855141, 24.690637748387573 ], [ 71.29499905900542, 24.701382210706065 ], [ 71.282676821662022, 24.712238440770037 ], [ 71.264644459999346, 24.718936463748499 ], [ 71.254070983490891, 24.720516138144802 ], [ 71.237984601528481, 24.713873469168867 ], [ 71.219402032854831, 24.690921211748048 ], [ 71.207644895674065, 24.676209673544257 ], [ 71.188932878462452, 24.65615665575821 ], [ 71.172538283611388, 24.642528878318402 ], [ 71.161220367008454, 24.632467970884587 ], [ 71.153723075570795, 24.624792886982153 ], [ 71.139078339607806, 24.629194641216785 ], [ 71.128707706318806, 24.640054083588893 ], [ 71.124368272042005, 24.643201488869892 ], [ 71.133388893929478, 24.650011864180062 ], [ 71.132461575979448, 24.680051810630502 ], [ 71.058426740187798, 24.791929939907615 ], [ 70.977239048659285, 24.90213286776936 ], [ 70.966650929067626, 24.914013427139093 ], [ 70.953528041391593, 25.051069697683378 ], [ 70.922136655693919, 25.121060771380655 ], [ 70.862706927178778, 25.181670965508197 ], [ 70.757560349546296, 25.285116863684998 ], [ 70.726331929556295, 25.337641077571007 ], [ 70.712197905305416, 25.38111553929917 ], [ 70.710374711560888, 25.43258033306369 ], [ 70.723520526556001, 25.536000988600108 ], [ 70.71945172946063, 25.591216016759745 ], [ 70.709681088189356, 25.629090240100126 ], [ 70.672975541318763, 25.654717670414968 ], [ 70.644015775846384, 25.652469570493036 ], [ 70.626602895992534, 25.671640990727674 ], [ 70.593285375417594, 25.6727836011138 ], [ 70.512067601337421, 25.6524483482827 ], [ 70.427402564418728, 25.623432892882942 ], [ 70.355023324537385, 25.626461925293455 ], [ 70.349883305844955, 25.629655741152821 ], [ 70.280012761114463, 25.692110662589322 ], [ 70.201191194286437, 25.767727835969804 ], [ 70.132940945316577, 25.891322815187323 ], [ 70.117714032945443, 25.953742023487525 ], [ 70.1150610549807, 25.990042479834663 ], [ 70.112845261673826, 26.020323147550478 ], [ 70.125784071279455, 26.064623022422268 ], [ 70.162150701768866, 26.109906913183892 ], [ 70.1840416301565, 26.137146909738583 ], [ 70.192087000746426, 26.198444887834029 ], [ 70.21014844215469, 26.273428507473362 ], [ 70.208807055658383, 26.357298809513541 ], [ 70.208242924976815, 26.422123198893992 ], [ 70.200473892948295, 26.456190551760489 ], [ 70.172576150251544, 26.47239895917409 ], [ 70.16764947557904, 26.503635723157501 ], [ 70.142920058845931, 26.533117482880805 ], [ 70.081326545847602, 26.551702999357214 ], [ 69.941835402543092, 26.548974217983389 ], [ 69.848975151845067, 26.554573921439843 ], [ 69.775404006798553, 26.567316342254035 ], [ 69.660027740867591, 26.625097140285611 ], [ 69.527993021275705, 26.733633716462066 ], [ 69.503402855533395, 26.839855298782666 ], [ 69.529609509992071, 26.931372712792744 ], [ 69.561382381220994, 27.022185136923941 ], [ 69.606081796669201, 27.075674967177999 ], [ 69.729035418748509, 27.178047969077859 ], [ 69.814382789034127, 27.233665053835111 ], [ 69.876965810575342, 27.293170299279918 ], [ 69.99113980860929, 27.393844700545923 ], [ 70.041049593425626, 27.471904164397777 ], [ 70.077354748820966, 27.556620399772886 ], [ 70.091896851517888, 27.620301172226249 ], [ 70.170194794916611, 27.695759717158346 ], [ 70.320510809912278, 27.812981752324262 ], [ 70.389347480526013, 27.865369301411402 ], [ 70.436720042241689, 27.887214061688208 ], [ 70.505103814346811, 27.888273198867605 ], [ 70.549665424018343, 27.881376356234949 ], [ 70.593028298116437, 27.87084933835181 ], [ 70.614618782022177, 27.842829439508602 ], [ 70.678455403338887, 27.709849531468858 ], [ 70.690728818245262, 27.70202308843335 ], [ 70.692405951284343, 27.698718827403297 ], [ 70.711198276734493, 27.6635317655305 ], [ 70.735279766432171, 27.629696483944162 ], [ 70.798023925214196, 27.599418397131362 ], [ 70.828385829395614, 27.575293464264337 ], [ 70.859489132379551, 27.566685631847228 ], [ 70.927353668717089, 27.577043231556431 ], [ 70.992170566441104, 27.598014002561296 ], [ 71.078290383219851, 27.623138956551838 ], [ 71.267338354497014, 27.695161582050794 ], [ 71.401637342625079, 27.727351683103119 ], [ 71.470986618818145, 27.734178833760474 ], [ 71.613414024859679, 27.726658096264391 ], [ 71.632768992564166, 27.729806774415742 ], [ 71.634850673413609, 27.729647473600053 ], [ 71.717566798318572, 27.743568179873606 ], [ 71.786309279579001, 27.777400650047415 ], [ 71.853274076658607, 27.827866165207936 ], [ 71.889651734600903, 27.916992869648535 ], [ 71.902055392984579, 27.953070543991359 ], [ 71.94862182636929, 28.017355923588738 ], [ 71.973018475543441, 28.058467958467514 ], [ 71.992053138743074, 28.099458924858293 ], [ 72.01940471837932, 28.132275975117846 ], [ 72.129033292439502, 28.210993854306231 ], [ 72.142614489612271, 28.232540419657827 ], [ 72.188528908824551, 28.305315147974028 ], [ 72.191941183673364, 28.314868893470582 ], [ 72.238823258680668, 28.445971083613856 ], [ 72.263691206361131, 28.528818778082133 ], [ 72.328630658971989, 28.632747211630328 ], [ 72.420462052309276, 28.694200767681597 ], [ 72.568102980496064, 28.748257891971384 ], [ 72.692589438414601, 28.814894723947834 ], [ 72.870811394348024, 28.914510446956164 ], [ 72.974436886947544, 29.027120764328256 ], [ 73.044483691786155, 29.129621745093669 ], [ 73.179875216496583, 29.315359774997525 ], [ 73.183177297308276, 29.359571228931259 ], [ 73.260281818506812, 29.472807351944752 ], [ 73.290608511141016, 29.535272713658305 ], [ 73.299665819875159, 29.64640171282096 ], [ 73.299303698490661, 29.7490525315452 ], [ 73.328717763715773, 29.790012044670497 ], [ 73.450533574746601, 29.877441950395916 ], [ 73.502199146477608, 29.90310617020474 ], [ 73.574564440614282, 29.920620156436083 ], [ 73.658064126803055, 29.927465178527452 ], [ 73.711320840757651, 29.94232147829112 ], [ 73.785053643952139, 29.965703226419841 ], [ 73.834028826119706, 29.998377407604931 ], [ 73.83986718202398, 30.003232448335325 ], [ 73.86523700349008, 30.02432102972509 ], [ 73.872842942248553, 30.01030233875181 ], [ 73.888687308017737, 29.98653153878729 ], [ 73.916620511687, 29.96589738839419 ], [ 73.964256431012501, 29.955278848780761 ], [ 74.007382286960379, 29.95034183112465 ], [ 74.071498648859261, 29.943876087854193 ], [ 74.153330023581518, 29.932922379682466 ], [ 74.218452537577193, 29.932200520252806 ], [ 74.299997783146353, 29.941343156335904 ], [ 74.351772464097238, 29.948965468573721 ], [ 74.388104026245344, 29.956304841753184 ], [ 74.413358460083117, 29.967285047835308 ], [ 74.434214245820215, 29.977227021275073 ], [ 74.457347337019812, 29.981446009256963 ], [ 74.48052519497088, 29.9818243018684 ], [ 74.497112816573448, 29.979215415705983 ], [ 74.518166829968024, 29.971882168906063 ], [ 74.538208377492353, 29.955904174025868 ], [ 74.550563701676978, 29.935973950289132 ], [ 74.552936550813172, 29.920680323887876 ], [ 74.550845414497502, 29.910107746442993 ], [ 74.536740368939689, 29.888803847949223 ], [ 74.515993721601433, 29.8702636357276 ], [ 74.485321344243289, 29.852510385641327 ], [ 74.457896962164995, 29.840550346228511 ], [ 74.436188461954316, 29.812402402095568 ], [ 74.432015809326785, 29.793179820616984 ], [ 74.43227643018858, 29.772124567069707 ], [ 74.43705166961594, 29.742542911069808 ], [ 74.45057697838601, 29.717911281257059 ], [ 74.474006866112219, 29.693465232670661 ], [ 74.501634272039468, 29.685350858081723 ], [ 74.525830168680557, 29.687687047588955 ], [ 74.560991069279808, 29.694029749924287 ], [ 74.589398702925379, 29.713626887057899 ], [ 74.60896463224357, 29.736893466232022 ], [ 74.622003423568529, 29.753359477783778 ], [ 74.641706910547398, 29.765152555062283 ], [ 74.665940376861187, 29.76554243122737 ], [ 74.685845939006015, 29.758212996018589 ], [ 74.696996523601072, 29.74501081777678 ], [ 74.716065743308647, 29.71092117982106 ], [ 74.719630634045785, 29.685193456622571 ], [ 74.699056039248006, 29.652401121724925 ], [ 74.68936497210106, 29.632197312259034 ], [ 74.688683358018707, 29.593061046477818 ], [ 74.694551943206605, 29.55881862203778 ], [ 74.694800084424088, 29.535936126392318 ], [ 74.695059559817992, 29.512106028443455 ], [ 74.691898075770624, 29.499660594916843 ], [ 74.661365355846442, 29.478165993350387 ], [ 74.647180282201276, 29.469340409877958 ], [ 74.637402606226914, 29.459637752701511 ], [ 74.637567562171213, 29.445346058256089 ], [ 74.641004837842829, 29.433018740634846 ], [ 74.648908620058009, 29.414100277582246 ], [ 74.662232288637426, 29.40099324995839 ], [ 74.677808536018347, 29.382206687835907 ], [ 74.694340262403927, 29.375819557498897 ], [ 74.749397499843781, 29.356727329370432 ], [ 74.788959690898494, 29.348786761730935 ], [ 74.829509190781778, 29.351321497378773 ], [ 74.855686600335545, 29.366961595547799 ], [ 74.914850774303773, 29.372589284634959 ], [ 74.938990500726533, 29.370070526459408 ], [ 74.968634837864727, 29.363807704105408 ], [ 74.999606692348124, 29.323248526109094 ], [ 75.045903254908922, 29.277157344485836 ], [ 75.090922819587504, 29.251985209957123 ], [ 75.131472273360842, 29.238168892379051 ], [ 75.222185104648062, 29.249636332887551 ], [ 75.2845030719904, 29.2502567831256 ], [ 75.334852973405162, 29.225948890277461 ], [ 75.385224493134572, 29.172073368201151 ], [ 75.446463382327963, 29.07252663746624 ], [ 75.497682237681403, 29.025266697006703 ], [ 75.515095831645567, 28.976810386348532 ], [ 75.525963392082929, 28.927360789518517 ], [ 75.538976962004881, 28.845556495812449 ], [ 75.530532759523339, 28.758956446375024 ], [ 75.527793985548271, 28.663172841189766 ], [ 75.537266684354279, 28.637061076666061 ], [ 75.561618151162605, 28.602113551685044 ], [ 75.589331132169775, 28.568961997090529 ], [ 75.5720793626719, 28.589603784844439 ], [ 75.579717787696893, 28.585581383887718 ], [ 75.600005087696417, 28.57688635531203 ], [ 75.61920423452888, 28.56794327386006 ], [ 75.634087215032267, 28.570155423731258 ], [ 75.637323711888612, 28.578773101306613 ], [ 75.648936909312994, 28.563476467957241 ], [ 75.675278513593412, 28.548130290958085 ], [ 75.713761840514238, 28.528065327076412 ], [ 75.745435667557345, 28.497256740085085 ], [ 75.78583676568546, 28.458732961526639 ], [ 75.810103346474421, 28.44809649862102 ], [ 75.851831320547561, 28.41846689771938 ], [ 75.91644404259003, 28.387076873551091 ], [ 75.974322975824492, 28.367532526664355 ], [ 76.005172112253561, 28.340806864696166 ], [ 76.039283217617182, 28.300402608978018 ], [ 76.053169600903203, 28.259987170586257 ], [ 76.052868581411033, 28.211844828574577 ], [ 76.046584530415601, 28.174403255280641 ], [ 76.028744510820403, 28.113787743439353 ], [ 76.013086748434489, 28.078132480671858 ], [ 75.98732855937179, 28.034749572940125 ], [ 75.94738654394088, 27.967595760940817 ], [ 75.932429673700256, 27.925414082101078 ], [ 75.92654196068041, 27.890358191555499 ], [ 75.924849533356152, 27.880275649286254 ], [ 75.946790967233639, 27.841704068391994 ], [ 75.993667364399428, 27.836987254173923 ], [ 76.041906232025141, 27.838188683631088 ], [ 76.085988105024441, 27.817995098228451 ], [ 76.117886982467397, 27.781167609034295 ], [ 76.165971278792071, 27.766877928495212 ], [ 76.198077099742363, 27.765652499155067 ], [ 76.236961916037444, 27.776282650277736 ], [ 76.246498712505087, 27.797643220757571 ], [ 76.250772023622901, 27.829702821311397 ], [ 76.244507249101261, 27.883163439646527 ], [ 76.220727473131603, 27.925963971540565 ], [ 76.199716344525442, 27.983016211936082 ], [ 76.198996851047482, 28.063814875293343 ], [ 76.215399513709784, 28.100634778621966 ], [ 76.239700589582014, 28.116051742738037 ], [ 76.273257637798537, 28.113620962577496 ], [ 76.325455528052814, 28.094501912991767 ], [ 76.399261841897527, 28.091938782058136 ], [ 76.442346698504466, 28.104882755568756 ], [ 76.478454809947578, 28.092876214430238 ], [ 76.527897111383666, 28.074864482698864 ], [ 76.5736025305863, 28.082996339896138 ], [ 76.609862158612998, 28.086400695718648 ], [ 76.623286697045117, 28.078996955676736 ], [ 76.651150178979165, 28.06362080455861 ], [ 76.671106722643202, 28.051635060223116 ], [ 76.700359666609643, 28.033654295938295 ], [ 76.73652583208488, 28.032266732726342 ], [ 76.762251515219106, 28.051135145850274 ], [ 76.79193927138131, 28.065220700757898 ], [ 76.800359675907927, 28.09131895588429 ], [ 76.80045645444163, 28.097988356216892 ], [ 76.8008086483905, 28.122222337522835 ], [ 76.820304518569287, 28.170841571505509 ], [ 76.838050715919195, 28.190939482265247 ], [ 76.890383905452339, 28.190591232237413 ], [ 76.925058778935721, 28.177270399518562 ], [ 76.940733035925987, 28.151002517493499 ], [ 76.968053653847619, 28.099683654837843 ], [ 76.983525852840685, 28.062717931938437 ], [ 76.989358733071072, 28.010375357810805 ], [ 76.993613761650536, 27.943783162967623 ], [ 76.970537365414586, 27.840563297384438 ], [ 76.957204640357432, 27.75866500140156 ], [ 76.93122678282613, 27.719646945765938 ], [ 76.913166172655806, 27.673437848047005 ], [ 76.921973341921813, 27.638911512957602 ], [ 76.942899948791606, 27.612609144903203 ], [ 76.970835219561309, 27.608824728340881 ], [ 77.002822950888373, 27.608565639069131 ], [ 77.022170697091923, 27.618854330514075 ], [ 77.027027710202432, 27.621436457826132 ], [ 77.044870486793286, 27.652184186454406 ], [ 77.05725035055805, 27.674658670381351 ], [ 77.103147927766301, 27.706345358991335 ], [ 77.12615994230498, 27.725154362206521 ], [ 77.1334846663229, 27.76193346889205 ], [ 77.149991622122741, 27.789119760824544 ], [ 77.172794858688832, 27.79485004610326 ], [ 77.22463606135706, 27.782463554126476 ], [ 77.248032376116257, 27.770224830563297 ], [ 77.260843664631508, 27.770095438414494 ], [ 77.282360995104852, 27.778434142847619 ], [ 77.285348473012377, 27.780747971065878 ], [ 77.303489536928524, 27.748556895069555 ], [ 77.350373993746231, 27.690994873448567 ], [ 77.37354499772114, 27.649727928670245 ], [ 77.369193347425508, 27.532095010647545 ], [ 77.372229398626672, 27.483920777524222 ], [ 77.451442111331744, 27.35641673414699 ], [ 77.518555097774566, 27.325290987940633 ], [ 77.583746951941649, 27.299503749628482 ], [ 77.654886305175168, 27.274198262237007 ], [ 77.665143049158459, 27.2580125679122 ], [ 77.662727179826518, 27.239026267908582 ], [ 77.648612797104988, 27.230895665429333 ], [ 77.625306784944328, 27.227046151687549 ], [ 77.590816542793036, 27.227498822423726 ], [ 77.511546917373252, 27.212460213619014 ], [ 77.504360657180769, 27.185806638935606 ], [ 77.518515558398008, 27.164830836558302 ], [ 77.562313182231193, 27.135156326907147 ], [ 77.66554541399141, 27.09753966464427 ], [ 77.710155457253492, 27.077907636492803 ], [ 77.760151967415851, 27.06293834303823 ], [ 77.763740709298631, 27.046246113260018 ], [ 77.758117556082084, 27.032063105833103 ], [ 77.731077161889147, 27.007486472355986 ], [ 77.681687634122326, 26.98915780791825 ], [ 77.569826118547411, 26.957375481427434 ], [ 77.496431370161702, 26.927409784054134 ], [ 77.450917656377698, 26.900637035267955 ], [ 77.438620402284457, 26.88058384153398 ], [ 77.438969579526756, 26.830669203059056 ], [ 77.447793695251704, 26.808696742594183 ], [ 77.461907773976122, 26.787134044925185 ], [ 77.484199102318911, 26.778539702994671 ], [ 77.508380144528701, 26.785067673698041 ], [ 77.509437471773253, 26.785353004937971 ], [ 77.544070733115774, 26.799171567446027 ], [ 77.572427418994195, 26.828513785509418 ], [ 77.582024034664713, 26.845026067278841 ], [ 77.619177825982504, 26.851664185322637 ], [ 77.656206456959396, 26.852352057400381 ], [ 77.704042265865581, 26.863576049886021 ], [ 77.74829739528127, 26.89147523083491 ], [ 77.788390323699076, 26.909913977296174 ], [ 77.833869381282653, 26.931827951412636 ], [ 77.900984913791547, 26.917739090169963 ], [ 77.927133199115858, 26.905449058668609 ], [ 78.002348890361745, 26.899506482389011 ], [ 78.068052265939968, 26.93528605555403 ], [ 78.101596881072766, 26.953748140444329 ], [ 78.159924238875149, 26.958704680533213 ], [ 78.177078137938011, 26.957221228882613 ], [ 78.206996422566476, 26.938871295906043 ], [ 78.227849111130638, 26.92780736323278 ], [ 78.243149613348649, 26.907328927511475 ], [ 78.247582471430249, 26.876343535491586 ], [ 78.259739462783415, 26.8380886139336 ], [ 78.261613512263608, 26.834128446238577 ], [ 77.968188686495068, 26.663807531416207 ], [ 77.86898324834921, 26.618286094830157 ], [ 77.803773493032821, 26.603577131925011 ], [ 77.721243189461944, 26.591939423643577 ], [ 77.644690424242242, 26.563061472037212 ], [ 77.608324667509464, 26.539788197182162 ], [ 77.566162587246652, 26.512782150899444 ], [ 76.967769449180409, 26.136014141029779 ], [ 76.791411319332838, 26.020700301581108 ], [ 76.765216798649973, 26.021662676081473 ], [ 76.673912624071903, 25.936665407255092 ], [ 76.570121431990046, 25.862436574355733 ], [ 76.50489142524583, 25.778836780692515 ], [ 76.445768571652906, 25.701221521732911 ], [ 76.420708643623215, 25.668284625539673 ], [ 76.407317834022621, 25.633485696880467 ], [ 76.419748456005664, 25.6182281304825 ], [ 76.422587661757277, 25.581197524903988 ], [ 76.435978267706915, 25.556442430042054 ], [ 76.446204340811704, 25.528858424317338 ], [ 76.445954864711538, 25.498491661229401 ], [ 76.436853581387581, 25.406500193357662 ], [ 76.444484041694182, 25.317260600073507 ], [ 76.462984421009992, 25.283934440844686 ], [ 76.483653300468205, 25.261976981787495 ], [ 76.512699569684983, 25.245651984439476 ], [ 76.544913104296029, 25.234991208411955 ], [ 76.568670111211404, 25.233765835259344 ], [ 76.587617822029884, 25.232785725114123 ], [ 76.655362737717866, 25.234169956570494 ], [ 76.757766878354062, 25.260856579129239 ], [ 76.864599321893152, 25.305471576657311 ], [ 76.91379317145811, 25.321149627826408 ], [ 76.967133370176114, 25.33392453524781 ], [ 77.01295635326656, 25.329670489959884 ], [ 77.04196514072737, 25.316083643835423 ], [ 77.067707727742274, 25.293032135391503 ], [ 77.090300199669471, 25.269060246182384 ], [ 77.124190483442661, 25.234519492086321 ], [ 77.151936620014027, 25.208582634828502 ], [ 77.26923335814071, 25.117994816787036 ], [ 77.314410513764528, 25.080424829651133 ], [ 77.338783306527091, 25.044050673238985 ], [ 77.360954390822982, 25.001055726010762 ], [ 77.366708824841581, 24.971556512087439 ], [ 77.359984992033887, 24.941267108438193 ], [ 77.336656016205509, 24.911187760429094 ], [ 77.295461254771894, 24.866142014619957 ], [ 77.278508319251856, 24.843572211980714 ], [ 77.2853194543314, 24.814068133918173 ], [ 77.286812169795894, 24.776088681141438 ], [ 77.284130312679281, 24.736263956967836 ], [ 77.238017171311071, 24.702664607530409 ], [ 77.162141032279678, 24.68743148083697 ], [ 77.111353781038673, 24.687063396158269 ], [ 77.085409621745157, 24.684507321111926 ], [ 77.064460088231328, 24.66766086844002 ], [ 77.055762756493593, 24.636447864708135 ], [ 77.0594727264901, 24.603202199722524 ], [ 77.073582965174424, 24.573636553426468 ], [ 77.090539922046631, 24.525064223479717 ], [ 77.090389555188793, 24.513681963443155 ], [ 77.087085912504008, 24.498540793210669 ], [ 77.06420414610939, 24.489311062309504 ], [ 77.031198189974873, 24.497264009815598 ], [ 77.012849401445877, 24.519280711901672 ], [ 76.967399967844315, 24.526404118885424 ], [ 76.959018413381642, 24.517954849070367 ], [ 76.955403130190859, 24.475308931341704 ], [ 76.955199351421371, 24.458238062763279 ], [ 76.949769341478174, 24.436479801675947 ], [ 76.926899040057464, 24.426284345950563 ], [ 76.861111950995451, 24.462040158601464 ], [ 76.833358828108402, 24.478434241251545 ], [ 76.81370263352332, 24.478623146445447 ], [ 76.790986578993753, 24.507763849288327 ], [ 76.761724457665267, 24.581061692801203 ], [ 76.738433325888352, 24.633435694703241 ], [ 76.727446217073336, 24.674316890739266 ], [ 76.708497008683295, 24.749413286484803 ], [ 76.68181571264121, 24.779044531522121 ], [ 76.649931020746635, 24.808713007112374 ], [ 76.613858965931456, 24.836509919625726 ], [ 76.598364344085084, 24.845168128635372 ], [ 76.597344391731085, 24.844404855411689 ], [ 76.592092474440378, 24.840474380188436 ], [ 76.583635215802431, 24.823467072601197 ], [ 76.56069181958496, 24.811312592191872 ], [ 76.493103599195976, 24.796635792626613 ], [ 76.404734947265695, 24.776379697362675 ], [ 76.308046414365649, 24.748541035728991 ], [ 76.223900617227855, 24.73005952459576 ], [ 76.12737334355829, 24.72202155774389 ], [ 76.08057403884871, 24.695699010977684 ], [ 76.063878614416055, 24.671130610881828 ], [ 76.051316475779842, 24.64085743370816 ], [ 76.028423364433252, 24.61821103715998 ], [ 75.988937315558061, 24.589944914697714 ], [ 75.979052417258131, 24.577665620781914 ], [ 75.953749589850801, 24.61898086232322 ], [ 75.923758728154127, 24.647519218511817 ], [ 75.905162596370388, 24.676012276821709 ], [ 75.889690135595487, 24.713021149910798 ], [ 75.874224823437402, 24.757609726853463 ], [ 75.811042395382586, 24.844975271048401 ], [ 75.787158240910401, 24.855459733341686 ], [ 75.753902775306244, 24.856484918639378 ], [ 75.718559933928063, 24.849926648027747 ], [ 75.686327425707688, 24.825352831003357 ], [ 75.664494859482417, 24.793177893177621 ], [ 75.645790187816502, 24.757208113130346 ], [ 75.641626345032023, 24.658692698483513 ], [ 75.635400548496833, 24.617971634029967 ], [ 75.616733186716488, 24.608531752009124 ], [ 75.603250410441078, 24.610448185530196 ], [ 75.572125302952486, 24.629437848944825 ], [ 75.536835525078871, 24.651266409193681 ], [ 75.504649360197746, 24.668347242526295 ], [ 75.42781506765553, 24.686391117521659 ], [ 75.387319023451482, 24.691136673028929 ], [ 75.35104798474373, 24.699097256855698 ], [ 75.352288569579713, 24.700610779544299 ], [ 75.352285048007246, 24.701970597874112 ], [ 74.974988623881799, 24.135081655232742 ], [ 75.050850730007241, 24.130500465321703 ], [ 75.049136489749671, 24.114556837415716 ], [ 75.057619744471779, 24.073889543245045 ], [ 75.073367498092679, 24.024715752127001 ], [ 75.07675013094584, 23.969856665667763 ], [ 75.085626115105811, 23.848798862718997 ], [ 75.091386478455604, 23.729644702101186 ], [ 75.090612987321379, 23.679527922674499 ], [ 75.074282208358881, 23.653993578447729 ], [ 75.040492861509449, 23.624670323497583 ], [ 74.978953681976336, 23.59532424056275 ], [ 74.94616524214436, 23.576389590660817 ], [ 74.910403387618402, 23.542324796173929 ], [ 74.887162776819849, 23.483701441850087 ], [ 74.876143646503593, 23.443052593375114 ], [ 74.875386451169348, 23.404308380907928 ], [ 74.87045114775718, 23.375955475700373 ], [ 74.857388488784807, 23.336256803384813 ], [ 74.843281263086311, 23.300338644934666 ], [ 74.830138735330664, 23.273870738083733 ], [ 74.805750588002994, 23.243611062014825 ], [ 74.7813671760468, 23.214296032246796 ], [ 74.743656127942671, 23.186849447347385 ], [ 74.735775282547564, 23.182330821405213 ], [ 74.708972901925691, 23.166959109682612 ], [ 74.687548571859892, 23.155588304911845 ], [ 74.656923038889673, 23.142308948220595 ], [ 74.635490637515318, 23.132822226260636 ], [ 74.594745597461838, 23.107239137866195 ], [ 74.57143640173075, 23.080749607963899 ], [ 74.555295477498277, 23.055221722787884 ], [ 74.532935949584981, 23.038174142516034 ], [ 74.511559062110692, 23.025847330904011 ], [ 74.469702907181812, 23.014404669039369 ], [ 74.444130263744384, 23.012441167023447 ], [ 74.427740680949043, 23.013334262048321 ], [ 74.427118941795896, 23.011803156696942 ], [ 74.417986513441832, 23.023727235198297 ], [ 74.385498053032748, 23.068446952431486 ], [ 74.362134255190441, 23.096677226358256 ], [ 74.310436866268148, 23.13659076288646 ], [ 74.268995685608388, 23.172990553687928 ], [ 74.21680966219499, 23.24590060377227 ], [ 74.18554143748861, 23.283503152818021 ], [ 74.159569496212612, 23.306968493249631 ], [ 74.12331404726514, 23.330374183724789 ], [ 74.071514390075279, 23.361941052394357 ], [ 74.055870309249045, 23.378367437207874 ], [ 74.052937617594196, 23.40430534897186 ], [ 74.058933679734338, 23.435015883236566 ], [ 74.068755744498546, 23.468110104923934 ], [ 74.079243967003535, 23.492457594757919 ], [ 74.041826290527098, 23.550053264979688 ] ], [ [ 75.405733339575804, 25.830685786009756 ], [ 75.105501540387507, 25.792488919553936 ], [ 75.147669186574177, 25.759482058623401 ], [ 75.230655818261809, 25.744571040115616 ], [ 75.324101413030021, 25.726781572510856 ], [ 75.374471943146801, 25.719287780203125 ], [ 75.408034572819105, 25.719336247070537 ], [ 75.437408338646634, 25.714632281133966 ], [ 75.416676208416249, 25.717953142136647 ], [ 75.419003691363514, 25.724655100083201 ], [ 75.423168290716276, 25.740774963301362 ], [ 75.428350201194959, 25.774907058200824 ], [ 75.42200330187373, 25.80144052672641 ], [ 75.405733339575804, 25.830685786009756 ] ], [ [ 75.105501540387507, 25.792488919553936 ], [ 75.076454799866781, 25.834528016352611 ], [ 75.082223575694726, 25.823657315208688 ], [ 75.105501540387507, 25.792488919553936 ] ], [ [ 74.307466131996861, 26.07948999185847 ], [ 74.27098501307556, 26.065470539368654 ], [ 74.225330176629669, 26.029521439284778 ], [ 74.178922596898644, 25.95932976192838 ], [ 74.091192343352745, 25.841439610791461 ], [ 74.082719239663206, 25.796499004989133 ], [ 74.061271579069796, 25.740783809004597 ], [ 74.041954630883481, 25.71577320615793 ], [ 74.000158506573797, 25.697564465359712 ], [ 73.958220023315292, 25.687600007310213 ], [ 73.930669758510533, 25.682527434246126 ], [ 73.907198261700572, 25.670427993183662 ], [ 73.898471200931269, 25.6443721133091 ], [ 73.899044143110487, 25.613721615060214 ], [ 73.908993301473913, 25.573755638793717 ], [ 73.909494072984245, 25.546637935470596 ], [ 73.874342101986755, 25.52850260497738 ], [ 73.83638622150886, 25.519756206875172 ], [ 73.826077032158281, 25.509009966701488 ], [ 73.8112270654063, 25.461658100359283 ], [ 73.811433994686709, 25.451050559643882 ], [ 73.814633710918059, 25.421618186013728 ], [ 73.809679798333462, 25.40622759561866 ], [ 73.790149382052533, 25.397722399824957 ], [ 73.760001125617521, 25.394968620192657 ], [ 73.744365078002602, 25.388866719950823 ], [ 73.726296826586008, 25.373302004800408 ], [ 73.724272261921826, 25.343810164974734 ], [ 73.7338396239996, 25.325078860062195 ], [ 73.759280768632351, 25.299476789531173 ], [ 73.823426561054831, 25.279908069480218 ], [ 73.829601442034871, 25.286115187378503 ], [ 73.865055846622198, 25.29691900373567 ], [ 73.91723202606309, 25.310738714382936 ], [ 73.93698038039031, 25.320401603900986 ], [ 73.975173395693858, 25.354810283847026 ], [ 73.992089530085408, 25.407860311509946 ], [ 73.994717408610711, 25.438096121613484 ], [ 73.989046115595087, 25.462573135269881 ], [ 73.992803910656519, 25.488101194011048 ], [ 74.010345427762786, 25.506237387945738 ], [ 74.035291352909212, 25.52162560322159 ], [ 74.049724643279376, 25.537837452881618 ], [ 74.049234961861771, 25.567097259305719 ], [ 74.054204041133303, 25.584146581720244 ], [ 74.077040474683656, 25.601399627344904 ], [ 74.225743303599018, 25.70595178028541 ], [ 74.32163295103183, 25.76738904465628 ], [ 74.454322060964458, 25.839522490866802 ], [ 74.603227212619075, 25.887106820781447 ], [ 74.692569470477295, 25.899127730288701 ], [ 74.789306923351432, 25.908300373516266 ], [ 74.888196421238163, 25.910790363736211 ], [ 74.941710371886472, 25.907949860084234 ], [ 74.307466131996861, 26.07948999185847 ] ], [ [ 75.045031866489751, 25.880005132036814 ], [ 75.045032998158817, 25.880004518703952 ], [ 75.04503273706932, 25.880004896576523 ], [ 75.045031866489751, 25.880005132036814 ] ], [ [ 75.495115485881257, 25.686241981097091 ], [ 75.493718784762123, 25.687923006091506 ], [ 75.488816652424148, 25.693822348531267 ], [ 75.495115485881257, 25.686241981097091 ] ], [ [ 73.288977513506325, 24.70888604059208 ], [ 73.28893116196015, 24.710798439965053 ], [ 73.289147816405134, 24.701854232824854 ], [ 73.288977513506325, 24.70888604059208 ] ], [ [ 75.445968944685021, 24.842730917172897 ], [ 75.388069573864556, 24.755736949021479 ], [ 75.437320629919512, 24.758369539341295 ], [ 75.468448600329069, 24.781087679703191 ], [ 75.470483567914897, 24.810449753307466 ], [ 75.465253362874464, 24.833185403170958 ], [ 75.448606522793796, 24.842663674862404 ], [ 75.445968944685021, 24.842730917172897 ] ], [ [ 76.999920317228671, 27.177547242398671 ], [ 77.010886396266528, 27.166046431149368 ], [ 77.003256536212149, 27.174048730321566 ], [ 76.999920317228671, 27.177547242398671 ] ] ] } },
{ "type": "Feature", "properties": { "state_name": "Sikkim", "id": 27 }, "geometry": { "type": "Polygon", "coordinates": [ [ [ 88.840328464045356, 27.809885164558246 ], [ 88.796123208231862, 27.695477192362116 ], [ 88.73061989980431, 27.549217415570141 ], [ 88.744662490256275, 27.485721624134847 ], [ 88.76965318996011, 27.440023433512959 ], [ 88.792334033279019, 27.414203048269709 ], [ 88.794204634089127, 27.411118225026087 ], [ 88.797018369588415, 27.408868865387948 ], [ 88.820186867280171, 27.382479013787155 ], [ 88.851251897813341, 27.336230151416679 ], [ 88.859718017463607, 27.303056466157003 ], [ 88.847444485536698, 27.276697111857015 ], [ 88.819159148899459, 27.244150656874403 ], [ 88.799321138728402, 27.201980635346665 ], [ 88.77932552084097, 27.172157726738618 ], [ 88.75167065081834, 27.157148969796271 ], [ 88.70540594287678, 27.149167470811296 ], [ 88.627652031588156, 27.168796515828838 ], [ 88.523673572314635, 27.199650009510414 ], [ 88.432342883763695, 27.209862798613219 ], [ 88.365812124938486, 27.200075521875128 ], [ 88.285921891574034, 27.164965437346083 ], [ 88.215984359523503, 27.144788595020572 ], [ 88.106107521294078, 27.151101939437062 ], [ 88.010991907606297, 27.166616327340257 ], [ 87.944272378340926, 27.173023227936408 ], [ 87.944666508327657, 27.190146811736152 ], [ 87.952756929514436, 27.249566758745953 ], [ 87.976279204666085, 27.334166456865958 ], [ 88.00358417476906, 27.446751582760538 ], [ 88.029736911061207, 27.536449743005168 ], [ 88.068777968276734, 27.603745580892639 ], [ 88.093659602940832, 27.668778303456605 ], [ 88.10437951391593, 27.717394069686019 ], [ 88.111925871918018, 27.771621223766793 ], [ 88.141847802891064, 27.814938005383745 ], [ 88.140318377564526, 27.850474181755239 ], [ 88.151313685155912, 27.848973576127214 ], [ 88.173533084455826, 27.848706761188453 ], [ 88.170802605457993, 27.86032033611604 ], [ 88.173230312164819, 27.878998041943071 ], [ 88.169183031064094, 27.904926429172129 ], [ 88.169326034430853, 27.930447947772262 ], [ 88.1859864061351, 27.952467355085002 ], [ 88.215015699642535, 27.977669923244346 ], [ 88.394768997628688, 28.011516171383256 ], [ 88.417807639615603, 28.021304049652144 ], [ 88.430593073395329, 28.021914890327736 ], [ 88.471803518492337, 28.036694344983179 ], [ 88.500997400523687, 28.056589962143097 ], [ 88.514691700967347, 28.062390014106615 ], [ 88.612363547456042, 28.105822237137193 ], [ 88.643776841016503, 28.10275770264419 ], [ 88.690015030152381, 28.085013479077414 ], [ 88.780658971120161, 28.023241660392138 ], [ 88.808025940294456, 27.935635232101827 ], [ 88.840328464045356, 27.809885164558246 ] ] ] } },
{ "type": "Feature", "properties": { "state_name": "Unknown", "id": 28 }, "geometry": { "type": "Polygon", "coordinates": [ [ [ 80.124854488600619, 9.166987579282281 ], [ 80.128657289679907, 9.247512999386643 ], [ 80.13248474891914, 9.263192479891311 ], [ 80.133392009067052, 9.27605298467814 ], [ 80.124503656697158, 9.308365004962615 ], [ 80.113465769387318, 9.341423879209151 ], [ 80.106663648616163, 9.368700475357292 ], [ 80.106967772676896, 9.389437573434572 ], [ 80.113075528307206, 9.412951248010902 ], [ 80.136786859033023, 9.457662942695995 ], [ 80.144768404229865, 9.509754127476477 ], [ 80.158948366586017, 9.542442126582738 ], [ 80.159401945193821, 9.572472380923029 ], [ 80.149147773703916, 9.609099096415926 ], [ 80.149191132012859, 9.611959157289872 ], [ 80.167966743549528, 9.614538892603095 ], [ 80.194426405935261, 9.601268884459019 ], [ 80.215818856914126, 9.586644175589544 ], [ 80.231490613138448, 9.574965927889956 ], [ 80.256568477457378, 9.566005178940499 ], [ 80.273810162534147, 9.562882914447298 ], [ 80.306219562507621, 9.562388077307922 ], [ 80.336422055111896, 9.559064319063619 ], [ 80.356496145254411, 9.553035037565341 ], [ 80.38743753909948, 9.551125893650886 ], [ 80.396911289541308, 9.558127668828135 ], [ 80.402200745603039, 9.573773067268416 ], [ 80.400335112662518, 9.592389645073984 ], [ 80.372633195632162, 9.617129389673261 ], [ 80.343633133796672, 9.651183739813559 ], [ 80.314323612349867, 9.66593853658477 ], [ 80.270003536468693, 9.688788987688373 ], [ 80.230619209984525, 9.705125321369538 ], [ 80.193890592034052, 9.707116002444501 ], [ 80.165390536283695, 9.681802490732665 ], [ 80.152965345486805, 9.670546942432482 ], [ 80.125636402024483, 9.674532669988254 ], [ 80.082107597406392, 9.703790904957682 ], [ 80.034491605734516, 9.749559513875001 ], [ 79.999680193359083, 9.784408921011932 ], [ 79.991456701921024, 9.813143744455983 ], [ 79.991746826101689, 9.832453658922155 ], [ 80.011606157143348, 9.857910808020359 ], [ 80.016719288738656, 9.862126524918297 ], [ 80.044199164758837, 9.866722661530815 ], [ 80.078834935247627, 9.86763186113526 ], [ 80.111350101405591, 9.871430461903605 ], [ 80.132260938760794, 9.871111817012071 ], [ 80.153990013334067, 9.830729805082024 ], [ 80.176015690895269, 9.809653410027929 ], [ 80.210577493035686, 9.760495101689532 ], [ 80.221321249141226, 9.756039567304407 ], [ 80.237142865697422, 9.753650907106641 ], [ 80.262253615805392, 9.746112610236452 ], [ 80.287114360872195, 9.722846300916443 ], [ 80.3076599547542, 9.700361970749185 ], [ 80.324804205784872, 9.690800448775038 ], [ 80.34195848692508, 9.681953371240732 ], [ 80.359809168944423, 9.671665104606204 ], [ 80.370557553801802, 9.667922150066065 ], [ 80.387970934212703, 9.675512977906431 ], [ 80.390269072310787, 9.684055778832896 ], [ 80.390555202074736, 9.70192408919435 ], [ 80.381419026930146, 9.716366575192694 ], [ 80.355722668968568, 9.73178491596372 ], [ 80.317394175696407, 9.768850034873251 ], [ 80.260272261893135, 9.803347732599113 ], [ 80.240304759982905, 9.817244094797477 ], [ 80.223173706471428, 9.828235818569226 ], [ 80.208215164353746, 9.839908786259304 ], [ 80.207527957798874, 9.842064740753788 ], [ 80.218453975319832, 9.849046758235598 ], [ 80.232230069008594, 9.85383863393357 ], [ 80.259623599981751, 9.853411764584937 ], [ 80.299773478343781, 9.839196860788929 ], [ 80.349639425791636, 9.801946371843927 ], [ 80.410080227898987, 9.750942920426978 ], [ 80.41065051078337, 9.741640275985592 ], [ 80.419831285816983, 9.730056106640642 ], [ 80.44757867141503, 9.70816810323865 ], [ 80.50042400112568, 9.635127168182848 ], [ 80.543695371928308, 9.594406921193098 ], [ 80.563029117843811, 9.587663500635486 ], [ 80.578726949748372, 9.578833996238695 ], [ 80.588629663056111, 9.567953781374184 ], [ 80.591948026651167, 9.550747785968531 ], [ 80.596717779290458, 9.53423323984299 ], [ 80.605121223275745, 9.519804366974309 ], [ 80.612933039164915, 9.513246467986882 ], [ 80.625735517140953, 9.503749407790682 ], [ 80.674954972312605, 9.476511481194835 ], [ 80.720048356463749, 9.461485397537707 ], [ 80.736465356164388, 9.453356955299959 ], [ 80.757102404095008, 9.439442960013002 ], [ 80.776239156959193, 9.421981046592615 ], [ 80.781862574636378, 9.414029474694948 ], [ 80.789441105068036, 9.393900143231193 ], [ 80.802148953218548, 9.379402363228385 ], [ 80.831804757008783, 9.346051023798575 ], [ 80.860128422363516, 9.276289928497613 ], [ 80.860068959805318, 9.272719084715684 ], [ 80.852725552775013, 9.263552811943775 ], [ 80.838853454883179, 9.250920939405486 ], [ 80.832996086986981, 9.244586986760789 ], [ 80.818371265354756, 9.229822447198281 ], [ 80.815307977836355, 9.218441483668544 ], [ 80.824371312071051, 9.201148655319503 ], [ 80.840090804556908, 9.195178426367947 ], [ 80.852227440125333, 9.189980487229759 ], [ 80.906821915142601, 9.144086962111288 ], [ 80.929472575146761, 9.12300205349338 ], [ 80.936914804629964, 9.095023668571077 ], [ 80.936101913123196, 9.08932278802375 ], [ 80.922958075031474, 9.076679995843126 ], [ 80.915738506668305, 9.074654492139601 ], [ 80.909920633572781, 9.070463143883645 ], [ 80.8988867674001, 9.054927014318345 ], [ 80.912588966072789, 9.013990216172305 ], [ 80.926686663493854, 8.997334048920443 ], [ 80.951848836985633, 8.998355532530155 ], [ 80.969898440551404, 9.003776285688277 ], [ 81.007868283667051, 8.997443061561718 ], [ 81.077984021520706, 8.937733460992012 ], [ 81.136423696030832, 8.868221880126198 ], [ 81.139044897308935, 8.853184386429804 ], [ 81.133724473907321, 8.835421456477894 ], [ 81.119193596056476, 8.824949180935336 ], [ 81.108887014722086, 8.809408532801674 ], [ 81.104545785492306, 8.807337121917337 ], [ 81.095110546674206, 8.801064081954349 ], [ 81.092852101708701, 8.794674136092505 ], [ 81.092664817149071, 8.783252024730276 ], [ 81.10611215726658, 8.771608861318871 ], [ 81.145154557721284, 8.745269015622554 ], [ 81.1515296072035, 8.74016715653304 ], [ 81.161668245032587, 8.745713676736955 ], [ 81.18188688579599, 8.753236450940205 ], [ 81.201305160266543, 8.755773224356057 ], [ 81.215653546590062, 8.755536830249937 ], [ 81.234856295936893, 8.745225172802655 ], [ 81.241612939075836, 8.720127675155029 ], [ 81.269161975620435, 8.651143247829452 ], [ 81.273263318959465, 8.638940549311119 ], [ 81.275095169784791, 8.619636910511279 ], [ 81.269146208738846, 8.606885285092497 ], [ 81.263303781004282, 8.600556196070004 ], [ 81.247446289475633, 8.595817832992465 ], [ 81.237395602638273, 8.595267505635656 ], [ 81.220879241439192, 8.594107876675276 ], [ 81.203575488905074, 8.588676615480018 ], [ 81.188341878326014, 8.578213243598849 ], [ 81.184478388348609, 8.561140561755524 ], [ 81.187913406419398, 8.551804064528508 ], [ 81.205654244512729, 8.540096126010672 ], [ 81.224586229200796, 8.523138832104619 ], [ 81.248315223739027, 8.50276274753397 ], [ 81.275439698798735, 8.4951862945634 ], [ 81.314170779712754, 8.495985495235809 ], [ 81.314687388180971, 8.527383459024284 ], [ 81.321587118638462, 8.554394031599262 ], [ 81.331836518484465, 8.567073423029598 ], [ 81.350499118592253, 8.568193356435719 ], [ 81.364776702134435, 8.564388858937935 ], [ 81.373033331109824, 8.543554829618023 ], [ 81.364206269491291, 8.530139943436451 ], [ 81.373263251154441, 8.514289196519211 ], [ 81.39320068566883, 8.506109993199168 ], [ 81.398839100341817, 8.500307564957573 ], [ 81.399270888059021, 8.483172404877886 ], [ 81.388953972767311, 8.466213858820304 ], [ 81.364305987813921, 8.449488514747014 ], [ 81.358385303688891, 8.438165532631183 ], [ 81.358774154510172, 8.418174991374064 ], [ 81.370651616014911, 8.399425498197594 ], [ 81.376936632936022, 8.38933160827785 ], [ 81.391102566319603, 8.379109821401864 ], [ 81.40803958330666, 8.363133716141322 ], [ 81.437836705443573, 8.301276969925794 ], [ 81.448113655959645, 8.272566057960498 ], [ 81.453447361652749, 8.248217470767013 ], [ 81.456033141868019, 8.231049526381613 ], [ 81.456366898705184, 8.207495729200966 ], [ 81.449113859931629, 8.201903629839656 ], [ 81.426881065117058, 8.200119362009804 ], [ 81.407477564790241, 8.196147589130137 ], [ 81.400076167432303, 8.181278642679075 ], [ 81.399813518226068, 8.164868540135128 ], [ 81.416827232575088, 8.153893491502348 ], [ 81.432453478072418, 8.145794982468249 ], [ 81.44019185206632, 8.137108407087581 ], [ 81.443531472716046, 8.122069520293303 ], [ 81.450439293458416, 8.106260521241627 ], [ 81.465982741268164, 8.093168929206334 ], [ 81.486060227961175, 8.09498979581479 ], [ 81.516573307695779, 8.122328483039668 ], [ 81.518271011492047, 8.138711733605044 ], [ 81.567021807619582, 8.098684015445624 ], [ 81.604784045453044, 8.043854841117536 ], [ 81.646831587556676, 7.988961075132107 ], [ 81.685824265323092, 7.922709082120691 ], [ 81.737784894712803, 7.86267374407964 ], [ 81.794619163468724, 7.824394822869045 ], [ 81.856947347220242, 7.773470525047587 ], [ 81.886986585591515, 7.715944086514924 ], [ 81.890826152558077, 7.658844437111667 ], [ 81.898682424123436, 7.629011582164496 ], [ 81.897243391809624, 7.613587207504976 ], [ 81.879345360506747, 7.611496450966961 ], [ 81.848127682426934, 7.670223938659598 ], [ 81.819097368678371, 7.717036980628601 ], [ 81.773365354723893, 7.762932615712342 ], [ 81.743770673386905, 7.775291550009467 ], [ 81.725898183550129, 7.775576360627522 ], [ 81.704260922678358, 7.76403284846134 ], [ 81.695618027737581, 7.745149646955673 ], [ 81.707212362459927, 7.724758213997363 ], [ 81.742840219646169, 7.717063087179228 ], [ 81.791282247421393, 7.691334148648424 ], [ 81.821414232140256, 7.638562204934018 ], [ 81.839918843734338, 7.603804530757543 ], [ 81.839259153782606, 7.562220837900703 ], [ 81.850920968082661, 7.546588108863642 ], [ 81.862600941266678, 7.532143868020056 ], [ 81.879135997167836, 7.523565071420277 ], [ 81.898088400764891, 7.517324566823643 ], [ 81.917345879621678, 7.455232927405596 ], [ 81.941757108231471, 7.418015999781622 ], [ 81.952055503087706, 7.391715533542136 ], [ 81.95893352884778, 7.37497426163044 ], [ 81.956107439987804, 7.346503737702954 ], [ 81.948709451878486, 7.329985080690496 ], [ 81.940049036115042, 7.308732726132666 ], [ 81.939791394928278, 7.292102581825277 ], [ 81.945576161493676, 7.204091203191756 ], [ 81.95960923081735, 7.110017004771802 ], [ 81.972294299124499, 7.083687897659532 ], [ 81.964713066617918, 7.054099943430992 ], [ 81.948546467628304, 7.006817033158483 ], [ 81.920289306336343, 6.945449973092991 ], [ 81.908308803270117, 6.857697293124941 ], [ 81.906691252455602, 6.828015125507431 ], [ 81.890796582996927, 6.79734890230335 ], [ 81.87965935015643, 6.766612558571945 ], [ 81.861193513663977, 6.721718052913868 ], [ 81.853829135050731, 6.705184815587134 ], [ 81.82098075463891, 6.650976961845372 ], [ 81.799049963041384, 6.612060444369974 ], [ 81.778507301023581, 6.587382937288571 ], [ 81.746051861943073, 6.560486516970806 ], [ 81.709986542510109, 6.530066685477952 ], [ 81.65958592829648, 6.493885460170125 ], [ 81.588770805480252, 6.441311822795288 ], [ 81.554075827918183, 6.423924495543474 ], [ 81.502349929104284, 6.375830689365728 ], [ 81.451984692515708, 6.340787155350293 ], [ 81.395768820567227, 6.312940432917268 ], [ 81.332566984937017, 6.297062140267034 ], [ 81.293194798129434, 6.285643654210975 ], [ 81.218977242503826, 6.243701500259021 ], [ 81.153475628962454, 6.234954560347146 ], [ 81.103151033809894, 6.202219708470476 ], [ 81.028859885195601, 6.153083416051072 ], [ 80.98010620592197, 6.153633608831457 ], [ 80.909822024162054, 6.143704507116683 ], [ 80.822440289399651, 6.093467256493428 ], [ 80.753274311207562, 6.077540811296216 ], [ 80.691116979842846, 6.049618266313648 ], [ 80.642256418843957, 6.041792495511901 ], [ 80.523449883448833, 6.059694308648016 ], [ 80.42376292087981, 6.088107912341814 ], [ 80.349263262066557, 6.137710268022959 ], [ 80.319691450905367, 6.157072642897117 ], [ 80.293487134797687, 6.156142209082851 ], [ 80.27805646327775, 6.161062474350759 ], [ 80.222433961400569, 6.196175549798265 ], [ 80.195502120608694, 6.242925344582363 ], [ 80.160206228064098, 6.287376571344105 ], [ 80.141489034703454, 6.322129793858848 ], [ 80.113322306901622, 6.365322523800469 ], [ 80.108745894541755, 6.384441055655816 ], [ 80.105575270354564, 6.425003166011681 ], [ 80.091669675515391, 6.464481391636776 ], [ 80.074044923327776, 6.48969273186609 ], [ 80.054095004497285, 6.52088897911355 ], [ 80.040319701988764, 6.573483659205921 ], [ 80.026812165219027, 6.652306154164219 ], [ 80.021264784528441, 6.692898319505658 ], [ 80.000609371729709, 6.771798656494385 ], [ 79.969232926998927, 6.852006488296434 ], [ 79.931838928336006, 6.927512788639279 ], [ 79.906522855005093, 7.017207297875698 ], [ 79.89162284911967, 7.075793238842802 ], [ 79.89710577368966, 7.142512076483144 ], [ 79.885562917848674, 7.179600987648291 ], [ 79.870361534369536, 7.209575052520258 ], [ 79.867253291376329, 7.253730353839513 ], [ 79.877308982791305, 7.300128665485442 ], [ 79.871948414342199, 7.356233236879497 ], [ 79.858164248012699, 7.406468348770572 ], [ 79.84205679856656, 7.462693144395622 ], [ 79.830530837137928, 7.500981141336258 ], [ 79.827581215286045, 7.558256169186824 ], [ 79.825803966628484, 7.61313342137986 ], [ 79.808254736064015, 7.75286123258242 ], [ 79.788055262737288, 7.868773135125402 ], [ 79.773332650205688, 7.94049958574754 ], [ 79.76079663573735, 7.994313238438924 ], [ 79.751808916027102, 8.044509197331749 ], [ 79.743795636988594, 8.07561186923671 ], [ 79.739708817259057, 8.135293934463633 ], [ 79.740187479701802, 8.175839808503957 ], [ 79.760420230147432, 8.266243371190679 ], [ 79.760894400585414, 8.305595276520501 ], [ 79.778206084089391, 8.350707139664587 ], [ 79.80015262509572, 8.3826410005729 ], [ 79.817063015958254, 8.394360040863917 ], [ 79.831195431055164, 8.375106110962793 ], [ 79.832186534291239, 8.358398512201546 ], [ 79.827133266332552, 8.336994593566475 ], [ 79.81786413059244, 8.264361536626032 ], [ 79.808878955647032, 8.214381792231869 ], [ 79.80872082954923, 8.201265368251415 ], [ 79.805455472618519, 8.12855698260428 ], [ 79.806871848124686, 8.046252215900205 ], [ 79.830657315263338, 8.034047066939383 ], [ 79.84501261171124, 8.033877806849357 ], [ 79.854909807346189, 8.061188284150903 ], [ 79.860641245612754, 8.1398243986214 ], [ 79.861466029686085, 8.207786159523323 ], [ 79.851072958600398, 8.238916816627103 ], [ 79.86215145033546, 8.263824570036329 ], [ 79.875581862030629, 8.285125032602986 ], [ 79.885378805797643, 8.302891589979069 ], [ 79.889399478498703, 8.337422752431181 ], [ 79.89753822796898, 8.413637008449156 ], [ 79.905355396572872, 8.46362037296797 ], [ 79.901628836476874, 8.547135998310658 ], [ 79.961400886012427, 8.629834460455259 ], [ 79.970460039136455, 8.680985371547171 ], [ 79.971265003712531, 8.741781519063645 ], [ 79.956974673802719, 8.838546408120683 ], [ 79.953939075425978, 8.880317668383579 ], [ 79.954598607086055, 8.911825712265745 ], [ 79.961401241110195, 8.971349851789476 ], [ 79.977346305703932, 8.997364885696822 ], [ 80.006599374365805, 9.031542015528329 ], [ 80.044119034175324, 9.056062409692219 ], [ 80.074632969154976, 9.093786957396734 ], [ 80.095221257959366, 9.107803930725296 ], [ 80.124529314512529, 9.144343977772595 ], [ 80.124854488600619, 9.166987579282281 ] ] ] } },
{ "type": "Feature", "properties": { "state_name": "Yanam", "id": 29 }, "geometry": { "type": "Polygon", "coordinates": [ [ [ 82.182533850391124, 16.759946282401646 ], [ 82.16873071383975, 16.751103502146663 ], [ 82.154091837907771, 16.751896935701343 ], [ 82.131092401702901, 16.759082594607786 ], [ 82.121546939977577, 16.766733618201194 ], [ 82.109961492274422, 16.787567796828164 ], [ 82.099901724631167, 16.815372911210307 ], [ 82.10289700425308, 16.863888530929852 ], [ 82.103510462988794, 16.889215101968979 ], [ 82.120007974043958, 16.896330356296907 ], [ 82.137295375996388, 16.897940368707296 ], [ 82.159401297779141, 16.896969422345304 ], [ 82.16890933453611, 16.888257065442968 ], [ 82.178066479285292, 16.870057383873849 ], [ 82.185454551572974, 16.836424780078911 ], [ 82.186514414178177, 16.798127235173471 ], [ 82.182533850391124, 16.759946282401646 ] ] ] } }
]
}
