{
"type": "FeatureCollection",
"name": "India-1881-states",
"crs": { "type": "name", "properties": { "name": "urn:ogc:def:crs:OGC:1.3:CRS84" } },
"features": [
{ "type": "Feature", "properties": { "state_name": "Ajmer Merwara", "id": 1 }, "geometry": { "type": "Polygon", "coordinates": [ [ [ 74.168471637528214, 25.581210910619411 ], [ 74.035548377483508, 25.402645426744655 ], [ 73.943249367454101, 25.308835856418547 ], [ 73.885389980348464, 25.255371723371262 ], [ 73.811442923832658, 25.215607236511705 ], [ 73.809679539684339, 25.225214002171874 ], [ 73.80340207806546, 25.26279113806131 ], [ 73.784399683639847, 25.324153732262651 ], [ 73.764755890524356, 25.381923945096339 ], [ 73.768933411730842, 25.423766465059867 ], [ 73.813806284511642, 25.475499288669358 ], [ 73.871150422050889, 25.535080015995785 ], [ 73.937744820964596, 25.597693074855453 ], [ 73.973692920086606, 25.630201844437497 ], [ 73.982612171098282, 25.666099738046906 ], [ 73.989488215370642, 25.710344459633045 ], [ 74.027315848510838, 25.760771335727345 ], [ 74.120888514578766, 25.86170626165908 ], [ 74.149019247571132, 25.889704080570915 ], [ 74.166777131025043, 25.907368588686808 ], [ 74.169255337599338, 25.93067581218299 ], [ 74.166950234303059, 25.976651094681799 ], [ 74.179908153181231, 26.013754689329399 ], [ 74.283149273217347, 26.101502738883752 ], [ 74.315341890522163, 26.139286067095068 ], [ 74.315766667006685, 26.179901046750693 ], [ 74.287213770060362, 26.19469359345921 ], [ 74.261422616701424, 26.190382801845427 ], [ 74.239574064480138, 26.190866230308803 ], [ 74.234176811730066, 26.206365834217927 ], [ 74.23663402736733, 26.235643560348727 ], [ 74.276722301129212, 26.285421678325644 ], [ 74.305708899075341, 26.313037745620345 ], [ 74.347410080654129, 26.321594911021606 ], [ 74.375295589026564, 26.312163264619926 ], [ 74.415760450942074, 26.303972394444834 ], [ 74.448852335836037, 26.312464803601642 ], [ 74.479220777010482, 26.338259905340301 ], [ 74.527396249289126, 26.390387284935564 ], [ 74.540561932760127, 26.414917146786021 ], [ 74.584318792392594, 26.42042620955862 ], [ 74.631417599431032, 26.419360860872903 ], [ 74.665191041120423, 26.438555819955816 ], [ 74.70752310570667, 26.488817334797378 ], [ 74.741321491978923, 26.511577836386724 ], [ 74.769871461056383, 26.509237770590918 ], [ 74.78982329348716, 26.488962228625748 ], [ 74.811848187336295, 26.413739531994064 ], [ 74.863649615454094, 26.358253503603216 ], [ 74.916064658645013, 26.302151264048288 ], [ 74.954523980894365, 26.236469303585515 ], [ 74.985001306315567, 26.138522890262202 ], [ 74.989641426985997, 26.047139277461309 ], [ 74.975110291734637, 25.973671083866645 ], [ 74.98701077022109, 25.918124362089596 ], [ 75.012765411773401, 25.876910867526536 ], [ 75.04128651571483, 25.775677615918589 ], [ 74.990407673426162, 25.757034202154845 ], [ 74.884340657828076, 25.761289196868383 ], [ 74.789355968795633, 25.761182747958838 ], [ 74.705509949865132, 25.738100789912949 ], [ 74.610526368056455, 25.743611901526545 ], [ 74.456727715316717, 25.801892848842165 ], [ 74.364844314987081, 25.808687921541843 ], [ 74.295343719581666, 25.778264882923065 ], [ 74.286117664564244, 25.759430249768883 ], [ 74.267198286232428, 25.720787086692617 ], [ 74.168471637528214, 25.581210910619411 ] ] ] } },
{ "type": "Feature", "properties": { "state_name": "Assam Province", "id": 2 }, "geometry": { "type": "Polygon", "coordinates": [ [ [ 92.466293283680542, 24.226341301309933 ], [ 92.377376954068126, 24.190492388927026 ], [ 92.367931421760233, 24.173525314344868 ], [ 92.319105191448543, 24.257874001108839 ], [ 92.259796948570497, 24.322224160126076 ], [ 92.196018158629059, 24.395800756862261 ], [ 92.013598222711522, 24.498257900039917 ], [ 92.017489353662327, 24.526286140324963 ], [ 92.018118320170274, 24.530812603197926 ], [ 92.014762834306183, 24.582961510922228 ], [ 92.020100643329286, 24.588311012399643 ], [ 92.062300005626398, 24.619250015982161 ], [ 92.063329716287939, 24.621228989916894 ], [ 92.082563081761563, 24.624268330184346 ], [ 92.086165824230207, 24.649959546337371 ], [ 92.093333408367926, 24.687418890519009 ], [ 92.116537241764277, 24.743881721522811 ], [ 92.12501408212637, 24.803815083314635 ], [ 92.134491959896877, 24.870594196756734 ], [ 92.114615345457722, 24.932146603720593 ], [ 92.118031711642061, 24.956120007878713 ], [ 92.121980423263821, 24.961963020730842 ], [ 92.133720393754558, 24.963996498725621 ], [ 92.182861224939955, 24.958279909276175 ], [ 92.264830804853631, 24.92428360346376 ], [ 92.296459419210279, 24.919130792700237 ], [ 92.310873153884771, 24.916718784895401 ], [ 92.336605457597088, 24.949189414250153 ], [ 92.343077668384353, 24.967551889758244 ], [ 92.348668133916291, 24.992979824116777 ], [ 92.341373936635009, 25.021699150096563 ], [ 92.332839338811979, 25.041868650577523 ], [ 92.318437912119919, 25.071017194721591 ], [ 92.316333987942883, 25.0752751301046 ], [ 92.313640098503782, 25.080726885961624 ], [ 92.256849593194374, 25.124109568614113 ], [ 92.185620505080436, 25.167958794243617 ], [ 92.158479964705194, 25.184653618881992 ], [ 92.074554843296355, 25.239960615004414 ], [ 92.018247114263403, 25.261675081945498 ], [ 92.009208751491428, 25.265158303803748 ], [ 91.970127995456934, 25.273280269355762 ], [ 91.931373514129547, 25.277867871107691 ], [ 91.915463279229101, 25.279748211783037 ], [ 91.87562229150231, 25.282705677547781 ], [ 91.767742305751781, 25.265730997760116 ], [ 91.692653346513708, 25.250075282010833 ], [ 91.638324540161307, 25.231963517001375 ], [ 91.603635244236784, 25.218689213574301 ], [ 91.597185731281314, 25.217399283895251 ], [ 91.565603864428923, 25.219435089129057 ], [ 91.447814403573048, 25.241700663977145 ], [ 91.338667722039418, 25.257653859709112 ], [ 91.230863978323711, 25.26988067389313 ], [ 91.142777443962245, 25.269370300958485 ], [ 91.098170182930943, 25.269090343214273 ], [ 91.018906388778092, 25.26571462735555 ], [ 91.008349908386506, 25.263958380611591 ], [ 90.955978630863868, 25.255231702217667 ], [ 90.888797211757705, 25.241686932242061 ], [ 90.842689227217519, 25.227533464418727 ], [ 90.827630669059815, 25.224523103479342 ], [ 90.803184868260786, 25.219631920086002 ], [ 90.663667661962791, 25.224935849103655 ], [ 90.571554715884815, 25.226754290341841 ], [ 90.514471137911727, 25.231745000722803 ], [ 90.472778686737058, 25.226890044364012 ], [ 90.436734996610383, 25.217866430010368 ], [ 90.36955808205451, 25.210016531586575 ], [ 90.320667366064797, 25.199354881791244 ], [ 90.310196082923071, 25.199069958305898 ], [ 90.244186916078974, 25.204614804114009 ], [ 90.204157245183424, 25.211031292894646 ], [ 90.203754655545907, 25.211127619284639 ], [ 90.184359776246907, 25.220178850709654 ], [ 90.115714589957335, 25.246081869265801 ], [ 90.075033178453324, 25.259689086014848 ], [ 90.030093983989374, 25.270224734283129 ], [ 89.974043493290793, 25.294761851842974 ], [ 89.885631731141586, 25.317954928073775 ], [ 89.792173919059493, 25.321735244934374 ], [ 89.761818417132446, 25.326018812774127 ], [ 89.743917129756383, 25.347739288319662 ], [ 89.729366404404942, 25.427613796576313 ], [ 89.740018398629076, 25.482657258510063 ], [ 89.753926500690056, 25.554338078894453 ], [ 89.75471308978706, 25.558385722184934 ], [ 89.759287753962028, 25.707681238161978 ], [ 89.754521859844942, 25.762002462624803 ], [ 89.748952491272107, 25.789494977367422 ], [ 89.738278810013767, 25.817518242402127 ], [ 89.732668687831207, 25.834484580764723 ], [ 89.724106159394452, 25.858779958900335 ], [ 89.722472095559851, 25.876505412846196 ], [ 89.726534119622272, 25.898321452445632 ], [ 89.744503581021945, 25.917520394005898 ], [ 89.769897953081653, 25.944133252034607 ], [ 89.779184878564237, 25.956037352576089 ], [ 89.783511452459152, 25.969628971309266 ], [ 89.785875615473472, 25.988106664635044 ], [ 89.753454561871052, 26.068742600577053 ], [ 89.729229824695793, 26.142679811153787 ], [ 89.708374071310601, 26.182322364895942 ], [ 89.689719451278904, 26.208858198166173 ], [ 89.671593393387852, 26.237692270951513 ], [ 89.669237021623573, 26.241439992112312 ], [ 89.649285791195311, 26.26811253162629 ], [ 89.62399832050636, 26.283630630635123 ], [ 89.622911829396273, 26.283912496215784 ], [ 89.685091107669436, 26.39429056782846 ], [ 89.703362043574259, 26.464973004202378 ], [ 89.708898525846692, 26.587351517768372 ], [ 89.703697445401318, 26.664307906628991 ], [ 89.887911437187313, 26.67084496363552 ], [ 89.998979910484678, 26.663570270373842 ], [ 90.084632524416534, 26.661308174758631 ], [ 90.143743737856241, 26.674757159843594 ], [ 90.174565566619236, 26.709990289568939 ], [ 90.18903560010051, 26.749345915483087 ], [ 90.396310326257449, 26.816466525592933 ], [ 90.446824140693693, 26.833036134775728 ], [ 90.496534505996223, 26.797072855358756 ], [ 90.573604372616444, 26.761526496607743 ], [ 90.662939655372796, 26.730401896395847 ], [ 90.833228292248151, 26.729687806454596 ], [ 90.981292138216872, 26.755828132753933 ], [ 91.071951437616931, 26.743026160789473 ], [ 91.074292349387136, 26.742694805867075 ], [ 91.284910759108797, 26.743659990745211 ], [ 91.402484423199709, 26.748379298653902 ], [ 91.430625212329645, 26.771838438262051 ], [ 91.486765987560773, 26.782613177308676 ], [ 91.532683403797108, 26.759627340654664 ], [ 91.571030536839231, 26.764340996584433 ], [ 91.606160340395746, 26.782245858583021 ], [ 91.672005687946807, 26.762636800097077 ], [ 91.737957659565211, 26.769773927279868 ], [ 91.777559196763534, 26.774267240795346 ], [ 91.825261841820307, 26.789399458693293 ], [ 91.863370079687371, 26.826643356906622 ], [ 91.909072831039822, 26.845470712159155 ], [ 91.934145793782818, 26.841637167110797 ], [ 92.066232857130942, 26.821365220877869 ], [ 92.173201329838122, 26.875488860773483 ], [ 92.231055463370183, 26.881834997063351 ], [ 92.319644332389245, 26.900892531625868 ], [ 92.455624958774919, 26.908023358959834 ], [ 92.576118837028218, 26.90769468914301 ], [ 92.713293017435646, 26.938765551328373 ], [ 92.82615429110632, 26.963548965179541 ], [ 92.895947381733919, 26.962533624957295 ], [ 92.953004100786671, 26.955032721924432 ], [ 93.077942212567777, 26.911842897278873 ], [ 93.11953635876695, 26.905164978135307 ], [ 93.162947024934013, 26.901711795478676 ], [ 93.235478636584645, 26.925658462243415 ], [ 93.406231246346039, 26.949057042267242 ], [ 93.701640315249023, 27.006038848796717 ], [ 93.822453587647701, 27.017119094943247 ], [ 93.901710739904757, 27.048311927379206 ], [ 93.87897713554149, 27.01861650935215 ], [ 93.924460129367503, 27.077997644076294 ], [ 93.956901574350056, 27.121590995678297 ], [ 94.01074158904737, 27.163084289899849 ], [ 94.079335997048844, 27.176544668825478 ], [ 94.133256449777306, 27.177238503458724 ], [ 94.194319337280632, 27.206491922694287 ], [ 94.230502302821691, 27.241107936792645 ], [ 94.244506802689983, 27.278880590773049 ], [ 94.277799039965686, 27.32590951018727 ], [ 94.316508150114473, 27.345320931676046 ], [ 94.39074562125225, 27.354962827416674 ], [ 94.428571753382471, 27.386474122827753 ], [ 94.502748066198393, 27.457976115586728 ], [ 94.599420615919186, 27.521482553259322 ], [ 94.701439692028856, 27.5517438418461 ], [ 94.737083964619714, 27.548322045883108 ], [ 94.84768460546502, 27.585474529551067 ], [ 94.962869049490436, 27.630117756869971 ], [ 95.039055279345959, 27.654658778574792 ], [ 95.103345094066185, 27.638486233520016 ], [ 95.200686762412133, 27.627413033675413 ], [ 95.244092945152133, 27.648478723118821 ], [ 95.284576306857829, 27.741168521019837 ], [ 95.343146172391073, 27.802513062532459 ], [ 95.477493259116798, 27.918927958422316 ], [ 95.513735946201905, 27.951326463525817 ], [ 95.551121421223996, 27.96969827839396 ], [ 95.641080880231797, 27.9521591691515 ], [ 95.715039976683528, 27.900222938904861 ], [ 95.766829812355226, 27.860975863670834 ], [ 95.816897630540453, 27.839261557083056 ], [ 95.872754930876852, 27.762525984806356 ], [ 95.893933640934534, 27.641815218168098 ], [ 95.905462709251367, 27.589379317510531 ], [ 95.891454957876135, 27.531771972642364 ], [ 95.859520959697207, 27.494231401920516 ], [ 95.79317609706041, 27.458607531064057 ], [ 95.743568805324287, 27.422626418828013 ], [ 95.684909927169556, 27.373058278087697 ], [ 95.667187160479997, 27.348186579901892 ], [ 95.588722711709167, 27.28894853104056 ], [ 95.533294636252847, 27.268691778797326 ], [ 95.476838548732005, 27.249709624888723 ], [ 95.398015112599836, 27.221431567619845 ], [ 95.359022013928225, 27.193312438744311 ], [ 95.34130201044978, 27.180522073582218 ], [ 95.31133893055582, 27.137835069949865 ], [ 95.258272442534604, 27.108981999534684 ], [ 95.200249914388095, 27.108489845783449 ], [ 95.131343189882017, 27.084243955083561 ], [ 95.041996839829423, 27.046849385043799 ], [ 95.005692329180846, 27.02457266082877 ], [ 94.953977923488708, 26.988416580707398 ], [ 94.896460740028658, 26.948468187618857 ], [ 94.732838947177797, 26.883599533903581 ], [ 94.630784198334354, 26.838405363375678 ], [ 94.555461606803874, 26.769634165764192 ], [ 94.481692584129632, 26.701719030613532 ], [ 94.426623215608927, 26.61804741804907 ], [ 94.459182752366971, 26.597875418071947 ], [ 94.481911638662197, 26.573866761529754 ], [ 94.519329132670592, 26.560457241889114 ], [ 94.572597603911518, 26.542466999415723 ], [ 94.601195900121127, 26.508385396645934 ], [ 94.60858867765026, 26.470420074551782 ], [ 94.592440995611653, 26.436973968518057 ], [ 94.568289757670541, 26.41619755757656 ], [ 94.47007759514797, 26.39669477246526 ], [ 94.375610643024089, 26.339641009851867 ], [ 94.353703688376982, 26.309252090905698 ], [ 94.373250818883562, 26.274195960056122 ], [ 94.422641794627097, 26.263791198814193 ], [ 94.468847087036863, 26.220368809208022 ], [ 94.463904216262307, 26.162241723662618 ], [ 94.397512208156101, 26.058519564084069 ], [ 94.373673825168822, 25.978799793301597 ], [ 94.354821021552183, 25.845328136066549 ], [ 94.322592896358387, 25.627368693066188 ], [ 94.314066351656919, 25.63157092819014 ], [ 94.258179314389807, 25.647317850333131 ], [ 94.198423701578861, 25.609359188441086 ], [ 94.152322392596375, 25.584497373597483 ], [ 94.054824627149685, 25.58734523656571 ], [ 93.992316838798786, 25.555392027982911 ], [ 93.956624225473249, 25.508251043243895 ], [ 93.935741909531586, 25.426787509970477 ], [ 93.909283972415636, 25.396849718825923 ], [ 93.869073919937307, 25.391822329413628 ], [ 93.799717279149561, 25.395269215048145 ], [ 93.791804764331516, 25.369758646852745 ], [ 93.751137245990719, 25.330100731689811 ], [ 93.699564823684895, 25.333436975389489 ], [ 93.601210557868612, 25.362532138954339 ], [ 93.550984100378002, 25.342523494892259 ], [ 93.498627859332885, 25.316985713730951 ], [ 93.502340506020403, 25.28980820488605 ], [ 93.452409625147098, 25.191792815204881 ], [ 93.42584531784388, 25.151760616892879 ], [ 93.406255019030937, 25.123767123855686 ], [ 93.407903497553747, 25.075468520975345 ], [ 93.385089526069891, 25.039558733862783 ], [ 93.341153100455031, 24.991543627641441 ], [ 93.282537697083399, 24.966642181595528 ], [ 93.264694114575704, 24.949484620585199 ], [ 93.252270588202748, 24.894634456277831 ], [ 93.238712611704628, 24.845475414528618 ], [ 93.205050983274489, 24.790522014367049 ], [ 93.203920763367222, 24.762913720266688 ], [ 93.214556314462115, 24.712553209204671 ], [ 93.210046510970898, 24.682598207144824 ], [ 93.182328739857425, 24.646303066272125 ], [ 93.15746888233798, 24.568016498040343 ], [ 93.171546904175329, 24.520016745441129 ], [ 93.202082239842284, 24.467197574007873 ], [ 93.186959245602509, 24.406204784569741 ], [ 93.167145309602745, 24.388324380697121 ], [ 93.152078205930223, 24.361527943796776 ], [ 93.156575111092096, 24.330456341696564 ], [ 93.180905284251736, 24.292770181121845 ], [ 93.155174920550067, 24.292719673942283 ], [ 93.135587042416574, 24.293292192616697 ], [ 93.060442791672742, 24.283134752369016 ], [ 92.986873167458455, 24.276898695130573 ], [ 92.931566702222199, 24.281808287703647 ], [ 92.917017068929937, 24.285896676319009 ], [ 92.863002289653821, 24.299878433101654 ], [ 92.815598528347834, 24.296840675103677 ], [ 92.747649483832433, 24.305526760536033 ], [ 92.71777435985048, 24.298019298748667 ], [ 92.667867881127606, 24.305879211872266 ], [ 92.635265862182578, 24.300531131768214 ], [ 92.606441008460465, 24.282677908610335 ], [ 92.570966669892627, 24.274874147918258 ], [ 92.548114917637093, 24.28316313712639 ], [ 92.546200142216463, 24.269669034791711 ], [ 92.466293283680542, 24.226341301309933 ] ] ] } },
{ "type": "Feature", "properties": { "state_name": "Baroda", "id": 3 }, "geometry": { "type": "Polygon", "coordinates": [ [ [ 72.226419990523297, 23.970525766330081 ], [ 72.269437321936593, 24.000908608086373 ], [ 72.316070444311919, 24.008419089159243 ], [ 72.357019704789238, 23.989071179570374 ], [ 72.437995816189414, 23.942682129080172 ], [ 72.49041021215551, 23.919665252680694 ], [ 72.548001081875157, 23.896711790978525 ], [ 72.607175987489143, 23.899554922223984 ], [ 72.66730875352556, 23.90716690098721 ], [ 72.740207348450582, 23.90217047844359 ], [ 72.803571527058651, 23.855997344464807 ], [ 72.866651856828014, 23.810304198063545 ], [ 72.920171836806915, 23.669200014014613 ], [ 72.956105580664669, 23.568151131193392 ], [ 72.963232143068367, 23.484035681531054 ], [ 72.953973028766583, 23.454650174769696 ], [ 72.922219541108078, 23.415410907896977 ], [ 72.922178409132357, 23.376590720863568 ], [ 72.927281640294552, 23.339630250927883 ], [ 72.928576370966127, 23.297841146884846 ], [ 72.951668260723949, 23.267685313010194 ], [ 72.994914860536696, 23.228825113220907 ], [ 73.020257891769376, 23.087594404591751 ], [ 72.994793741114762, 23.019781888448236 ], [ 72.944690958491051, 23.004804844668033 ], [ 72.879579953892801, 23.001557128774351 ], [ 72.825557191352388, 23.031282778596648 ], [ 72.805816601735629, 23.05489881068516 ], [ 72.779752938954928, 23.070062187549819 ], [ 72.73957591933214, 23.079644638451821 ], [ 72.711423000962469, 23.103126560397186 ], [ 72.690781598004008, 23.139850882410645 ], [ 72.67505073157767, 23.153354534446908 ], [ 72.650579122856143, 23.149408398120251 ], [ 72.601675259394156, 23.103287822638304 ], [ 72.534020179754464, 23.061042518913649 ], [ 72.498229187527883, 23.077199224303918 ], [ 72.478206131712383, 23.078074912366525 ], [ 72.469419390812618, 23.064797804164556 ], [ 72.43699371883649, 23.039196557509985 ], [ 72.403962857025263, 23.045822705890966 ], [ 72.366757298144464, 23.067896280193384 ], [ 72.345223392952377, 23.112913243754786 ], [ 72.338295849621105, 23.169517815607723 ], [ 72.315681559200499, 23.267050712995989 ], [ 72.326665926514565, 23.299479227074283 ], [ 72.355953294265845, 23.322067425254328 ], [ 72.367068677721605, 23.348525564338765 ], [ 72.352088442712656, 23.386484474059369 ], [ 72.317421901673924, 23.405595683354782 ], [ 72.257928998076437, 23.404562392141816 ], [ 72.173082711598838, 23.409616483021331 ], [ 72.117124430280967, 23.454560184240023 ], [ 72.097047066184899, 23.514480837825946 ], [ 72.059629337403138, 23.566906392896357 ], [ 72.011187833419683, 23.589858852212281 ], [ 71.974358272854616, 23.614215498829047 ], [ 71.973040046951184, 23.671492929078784 ], [ 71.949739173824483, 23.725949967343936 ], [ 71.941600374951904, 23.741308260159396 ], [ 71.941905545519077, 23.764017913366555 ], [ 71.982116510049636, 23.785625568406289 ], [ 72.042480259515642, 23.801121102366416 ], [ 72.092978499030437, 23.840763443412765 ], [ 72.142045041639236, 23.876066733299165 ], [ 72.184690170078952, 23.921267776799976 ], [ 72.226419990523297, 23.970525766330081 ] ] ] } },
{ "type": "Feature", "properties": { "state_name": "Bengal Province", "id": 4 }, "geometry": { "type": "MultiPolygon", "coordinates": [ [ [ [ 83.978465397036572, 22.429466629555087 ], [ 83.978465293010174, 22.42946657176315 ], [ 84.274442219572833, 21.999007781554248 ], [ 84.259122807611902, 21.98700746882043 ], [ 84.225952349395158, 21.922113815784627 ], [ 84.231383520636996, 21.818089125254392 ], [ 84.215911369289358, 21.790544980117417 ], [ 84.171314025860383, 21.783101336973409 ], [ 84.1072962992735, 21.805146255690623 ], [ 84.035568461259643, 21.802012941526385 ], [ 83.977750891356152, 21.802349068876463 ], [ 83.893426503832217, 21.7927313346256 ], [ 83.831390809563231, 21.798929532691112 ], [ 83.767301240061798, 21.796682373786393 ], [ 83.704342946924797, 21.763059162539594 ], [ 83.674074278306165, 21.766083891317052 ], [ 83.654968186096099, 21.80265225426897 ], [ 83.608088792779668, 21.83357138035073 ], [ 83.583718932349299, 21.859034861287128 ], [ 83.585192071534124, 21.908748586362215 ], [ 83.585152501511871, 21.958542079398221 ], [ 83.566698302613887, 22.006461159186387 ], [ 83.598233280598635, 22.023291721220147 ], [ 83.658367028959645, 22.008721751876884 ], [ 83.692076462609663, 22.011191266779697 ], [ 83.691514726595287, 22.026867049695117 ], [ 83.667452492452142, 22.082203497955234 ], [ 83.671558054923253, 22.148837827185002 ], [ 83.64482391174775, 22.185830371404936 ], [ 83.622602470375853, 22.221870101207902 ], [ 83.600371727960194, 22.257910401529053 ], [ 83.577798404407972, 22.288049005078776 ], [ 83.55374817794916, 22.320146657056014 ], [ 83.491368457609838, 22.350486341958806 ], [ 83.354997168096091, 22.448723689595024 ], [ 83.311069043832305, 22.456701655085464 ], [ 83.306904961464284, 22.412790653346935 ], [ 83.346310878428596, 22.355235758733194 ], [ 83.335371321217238, 22.274672160539261 ], [ 83.298975665613668, 22.20253103728361 ], [ 83.242715226118676, 22.155584506538755 ], [ 83.226626026183681, 22.089493569128326 ], [ 83.193859279415932, 21.998612455811561 ], [ 83.151505693158242, 21.952329673455385 ], [ 83.104406419870031, 21.956099751039737 ], [ 83.079419541691848, 21.973002372777277 ], [ 83.077102657627691, 21.98593271854357 ], [ 83.055973683095246, 22.043938886065423 ], [ 83.058242067546189, 22.083698923147111 ], [ 83.097156532387174, 22.161886878211444 ], [ 83.105413087331016, 22.278235541995386 ], [ 83.094607207163222, 22.355672460788163 ], [ 83.070180775972133, 22.409589328355537 ], [ 83.092899669845124, 22.483917485399797 ], [ 83.092059883709325, 22.548040348682871 ], [ 83.067783593222714, 22.56566938659482 ], [ 83.028810793447718, 22.593956499158562 ], [ 82.866865405819198, 22.659007643548797 ], [ 82.786065050483828, 22.722820371587794 ], [ 82.732937282861812, 22.733964346606719 ], [ 82.630204867303789, 22.73750715942673 ], [ 82.588481479009602, 22.760884677569951 ], [ 82.5717125418264, 22.818697618350424 ], [ 82.559855471294171, 22.881978822888602 ], [ 82.535592774124481, 22.89220082299655 ], [ 82.510246485574299, 22.902874298378716 ], [ 82.436709699740248, 22.880691517387262 ], [ 82.314081419085696, 22.8322269652481 ], [ 82.214805384135019, 22.903807026043008 ], [ 82.158868621418378, 23.097468834788746 ], [ 82.137699744709906, 23.113440566772944 ], [ 82.218265186737099, 23.191007959519752 ], [ 82.257599766391309, 23.2619186312617 ], [ 82.266008221545221, 23.302883189112773 ], [ 82.240558915589389, 23.402468874810726 ], [ 82.192240447795996, 23.423252880616971 ], [ 82.087964237087391, 23.447817504721225 ], [ 81.981538439062305, 23.472811388781263 ], [ 81.798397210369117, 23.520901787406952 ], [ 81.664502479603684, 23.505308478046299 ], [ 81.567465366762079, 23.483753420704712 ], [ 81.542480969002469, 23.510504940382681 ], [ 81.53533202543511, 23.553633923259977 ], [ 81.518129215131609, 23.581483784210729 ], [ 81.495440983745198, 23.623840290031954 ], [ 81.522733599052856, 23.674084611834118 ], [ 81.594956652243809, 23.692425747578508 ], [ 81.614959795426458, 23.720117395680301 ], [ 81.580849035090679, 23.781534136172734 ], [ 81.54883521961753, 23.854280142301992 ], [ 81.593503851795333, 23.878061012255156 ], [ 81.653763060973006, 23.872601551629433 ], [ 81.744750318052368, 23.831517060764675 ], [ 81.837840928860615, 23.831677579119106 ], [ 82.049811592445053, 23.822083023511784 ], [ 82.170421249698364, 23.787966733122538 ], [ 82.301519736434756, 23.748989939889633 ], [ 82.369980900028395, 23.754277910690295 ], [ 82.375651454155857, 23.757105385606817 ], [ 82.456086830365422, 23.797172060755443 ], [ 82.536432668553687, 23.821122407164857 ], [ 82.591687120904538, 23.837561034361208 ], [ 82.629802481418437, 23.893557822941897 ], [ 82.676480264204557, 23.89564965985231 ], [ 82.74352039235076, 23.915070442126641 ], [ 82.890094411649102, 23.904010047675776 ], [ 82.975706290248951, 23.910249734775235 ], [ 83.023275654802106, 23.927700719175522 ], [ 83.093936054900112, 23.979517309349305 ], [ 83.159260210678696, 23.995259531439373 ], [ 83.194102277392659, 24.019021748824873 ], [ 83.198959094955669, 24.058633182635699 ], [ 83.231103705070325, 24.100326826095312 ], [ 83.269257164021113, 24.114627699901384 ], [ 83.279624357938914, 24.160871767738104 ], [ 83.281583394977133, 24.191021848379762 ], [ 83.313558909386771, 24.205286498320529 ], [ 83.347939215687987, 24.226528516890571 ], [ 83.348686125952284, 24.267419220960427 ], [ 83.340814770266746, 24.324804275795032 ], [ 83.308427146149754, 24.363968962612141 ], [ 83.302782825352423, 24.396317190914136 ], [ 83.319912240728485, 24.420287454374716 ], [ 83.354975362784685, 24.427537153399264 ], [ 83.391069362055688, 24.434423402903331 ], [ 83.41642819449298, 24.445461006600674 ], [ 83.443994407101442, 24.470011331546509 ], [ 83.445157625085756, 24.516210952216671 ], [ 83.440328668273921, 24.588847730465545 ], [ 83.413803937348021, 24.618815896589123 ], [ 83.345589853577877, 24.656458639361414 ], [ 83.301575833923863, 24.677899653491842 ], [ 83.265336713278671, 24.748146852436879 ], [ 83.285035536927623, 24.79985753383983 ], [ 83.290636760860394, 24.844637831198312 ], [ 83.264226595634, 24.906633357288495 ], [ 83.218801001015564, 24.937644206949759 ], [ 83.236696407854609, 24.998769895055851 ], [ 83.318905798173148, 25.04352726385768 ], [ 83.336402928957554, 25.08620658103429 ], [ 83.37819674449311, 25.148383233817849 ], [ 83.455608047365729, 25.181916950950757 ], [ 83.558386149194405, 25.219616688282624 ], [ 83.629846683998224, 25.285645494829783 ], [ 83.643296219946095, 25.356964118859747 ], [ 83.719468365049821, 25.428336738992662 ], [ 83.764245548565626, 25.469290701948218 ], [ 83.825594089896057, 25.592695892904981 ], [ 83.850746130727316, 25.621517701428445 ], [ 83.950860576281642, 25.617267576181241 ], [ 84.000835404182084, 25.614173105402852 ], [ 84.079734067621388, 25.63390550102574 ], [ 84.159809221508311, 25.668682816448101 ], [ 84.281137598646481, 25.668534101244479 ], [ 84.370624585322261, 25.662765056135918 ], [ 84.438418678896127, 25.700052088564348 ], [ 84.50670325002416, 25.742950115688966 ], [ 84.523441675696219, 25.794905096558146 ], [ 84.527246928487472, 25.842027656080393 ], [ 84.483239807003798, 25.867676143526904 ], [ 84.423411002052831, 25.879190354451257 ], [ 84.362078025146545, 25.898361479630818 ], [ 84.345712721609445, 25.929756544009766 ], [ 84.301021725711493, 25.947824323736864 ], [ 84.257955996679428, 25.933544954434598 ], [ 84.202806987911103, 25.952258373778818 ], [ 84.178022074877575, 26.010731303003332 ], [ 84.127263630350896, 26.059485966685344 ], [ 84.063664030679405, 26.078699613373917 ], [ 84.021086552789768, 26.098460845806176 ], [ 84.028777750837648, 26.1434974852829 ], [ 84.060669826885757, 26.202171625210966 ], [ 84.056133272942958, 26.251773990090857 ], [ 84.023904682708292, 26.324002067945841 ], [ 83.965318088781785, 26.382722669248775 ], [ 83.939640503738843, 26.431770415040294 ], [ 83.938679255485823, 26.47356858082042 ], [ 83.994991521609876, 26.492767480833926 ], [ 84.036943272766138, 26.4900953885709 ], [ 84.083834907999758, 26.470023467551517 ], [ 84.142238833627246, 26.462471972843254 ], [ 84.217571881610951, 26.482240650303581 ], [ 84.253510231022901, 26.483687839242251 ], [ 84.321138182359903, 26.460290029949562 ], [ 84.344241205815379, 26.485309427304731 ], [ 84.332551235464507, 26.548646849348184 ], [ 84.281917032506414, 26.625932224854566 ], [ 84.243210730915209, 26.6948452343429 ], [ 84.206063540549621, 26.73141565081611 ], [ 84.198254645271305, 26.817268182210071 ], [ 84.195635815467071, 26.862956189146313 ], [ 84.134670415261255, 26.893497171646981 ], [ 84.090112822849619, 26.970374661283962 ], [ 84.03222574602313, 27.013965584799394 ], [ 83.936789510874291, 27.039079163206672 ], [ 83.895668636811578, 27.081553814917633 ], [ 83.880139344734587, 27.126188205951426 ], [ 83.859160262924789, 27.26226007398769 ], [ 83.835206813701916, 27.330905400946328 ], [ 83.91808124481723, 27.291441839141928 ], [ 83.914564566977774, 27.340055984775702 ], [ 83.894275642488353, 27.378364059337482 ], [ 83.888920222550496, 27.391042942653936 ], [ 83.905697708840151, 27.401350061014355 ], [ 84.029872153683783, 27.398992717400574 ], [ 84.055708849593842, 27.402995226151248 ], [ 84.092306227750697, 27.421461952208986 ], [ 84.163880930320602, 27.438549486077815 ], [ 84.215737765188777, 27.410442891429394 ], [ 84.246092500728111, 27.392294798092067 ], [ 84.299967975934109, 27.388682175988841 ], [ 84.348843442920128, 27.351253769487197 ], [ 84.415188974963456, 27.34486026399313 ], [ 84.531190559994002, 27.335972613909423 ], [ 84.60453400181035, 27.312895716887752 ], [ 84.662500433010095, 27.284224609084252 ], [ 84.688075959363701, 27.249273591928123 ], [ 84.693853220966176, 27.206230022270066 ], [ 84.688759870246287, 27.14783776538146 ], [ 84.669838643640631, 27.088511275452856 ], [ 84.685591938530933, 27.050462782869683 ], [ 84.724388304914442, 27.009862816128575 ], [ 84.812092979326692, 26.98477466205971 ], [ 84.873148859318718, 26.957735656624397 ], [ 84.926100909062157, 26.935039383635491 ], [ 84.978218819028797, 26.938902192291959 ], [ 85.0267617776138, 26.914593375327321 ], [ 85.069275159383267, 26.882184396045687 ], [ 85.081601797594175, 26.854785704560875 ], [ 85.119932517519985, 26.834977618551918 ], [ 85.22183899373195, 26.806749445296951 ], [ 85.24046831732548, 26.791190968023283 ], [ 85.260526698546471, 26.756597189301917 ], [ 85.295981898882985, 26.740748891119381 ], [ 85.343642268768463, 26.720209062464665 ], [ 85.406774333098554, 26.730680587449662 ], [ 85.469732352589787, 26.750593892899861 ], [ 85.510025968716491, 26.764607064289606 ], [ 85.529273804571048, 26.799495929939734 ], [ 85.591665524467857, 26.818436416379893 ], [ 85.641914627756307, 26.80634747596492 ], [ 85.6960416244562, 26.779760445979672 ], [ 85.741881126730732, 26.76324904995219 ], [ 85.783112944512425, 26.698622503763296 ], [ 85.788311200561907, 26.642675916561227 ], [ 85.802157425116519, 26.608521562308638 ], [ 85.850999657270052, 26.569310505857487 ], [ 85.881765844862286, 26.568116422186897 ], [ 85.912528843281748, 26.566915694149767 ], [ 85.975172306757713, 26.603391711556437 ], [ 86.009316802143175, 26.63025417755123 ], [ 86.073343297700831, 26.626401996164176 ], [ 86.149010735558647, 26.607424894020912 ], [ 86.173698035695779, 26.591292709421214 ], [ 86.277384091749823, 26.564120490962281 ], [ 86.386162370105964, 26.575420022009219 ], [ 86.43552194562568, 26.570231763646223 ], [ 86.541873794972958, 26.493098900586396 ], [ 86.618441076166576, 26.446689179652054 ], [ 86.696832449145163, 26.405998108991046 ], [ 86.783890675315334, 26.407952501890406 ], [ 86.830724989676284, 26.408980981560791 ], [ 86.940160444215437, 26.416259979706574 ], [ 87.004942225143779, 26.4720510130599 ], [ 87.070226229943728, 26.544253830052082 ], [ 87.103613547269177, 26.537844016515059 ], [ 87.112228996366582, 26.471104984053017 ], [ 87.124807206574602, 26.416991787305967 ], [ 87.141586568309975, 26.377838837070119 ], [ 87.201387156973425, 26.362072815956374 ], [ 87.255808248981836, 26.35735407427854 ], [ 87.310215850938931, 26.352615439017622 ], [ 87.381378270020335, 26.369939789104684 ], [ 87.531509347634795, 26.391989778413066 ], [ 87.612031315693699, 26.363612488553031 ], [ 87.627550969304409, 26.373992638329966 ], [ 87.684345821759408, 26.37948069450086 ], [ 87.708408572605876, 26.384371688489104 ], [ 87.74192362228689, 26.403699994344834 ], [ 87.778415253200578, 26.414509856097091 ], [ 87.81993680661347, 26.411907216786112 ], [ 87.866513021087314, 26.419417332946765 ], [ 87.889286136833093, 26.424389207513947 ], [ 87.913933887453979, 26.399777301844658 ], [ 87.938254861580063, 26.349318149482702 ], [ 87.970364378475622, 26.321666581080216 ], [ 88.0021845303351, 26.337549346433242 ], [ 88.038055682293759, 26.365981844060514 ], [ 88.063076241483856, 26.390705427847269 ], [ 88.124469501143849, 26.489682434364351 ], [ 88.177495880913966, 26.622023952854352 ], [ 88.175642128042824, 26.802796114078298 ], [ 88.111251815246945, 26.933073724817831 ], [ 88.025975946059035, 26.99381390237825 ], [ 87.981219882560424, 27.024371618909992 ], [ 87.982716023895193, 27.144711370779397 ], [ 88.115648742662771, 27.167799105272042 ], [ 88.181736929689592, 27.153025524261359 ], [ 88.259815345960789, 27.120137967526055 ], [ 88.380922823312616, 27.143705723018616 ], [ 88.445065407597369, 27.17836372860183 ], [ 88.548055861373939, 27.182365675115864 ], [ 88.633219426538687, 27.131659947183113 ], [ 88.72278854132577, 27.117126842285323 ], [ 88.828935288059711, 27.134692357370138 ], [ 88.847627387678941, 27.152239181519523 ], [ 88.855339505646739, 27.10878865834162 ], [ 88.883241027937572, 27.090716023501081 ], [ 88.926398983022651, 27.079316646493119 ], [ 88.963877123774324, 27.04383132215942 ], [ 88.978831747332293, 26.975415050054217 ], [ 88.99228427810678, 26.947059666232466 ], [ 89.040655752289297, 26.925726203425185 ], [ 89.087181084619857, 26.920994287247208 ], [ 89.143210566596906, 26.836676738622064 ], [ 89.213020818990273, 26.779101041398352 ], [ 89.255838332020474, 26.766498906958333 ], [ 89.376820343725257, 26.803253485847275 ], [ 89.436680381072406, 26.821645571543918 ], [ 89.471058795356058, 26.794616193036521 ], [ 89.512073458286622, 26.778607554786177 ], [ 89.624259188623611, 26.76798738718302 ], [ 89.645915279440445, 26.753985751976046 ], [ 89.631534830532473, 26.723873570704459 ], [ 89.60423050574515, 26.684574156992028 ], [ 89.618312221084722, 26.67254947195152 ], [ 89.665295880480443, 26.66291277256359 ], [ 89.703697445401318, 26.664307906628991 ], [ 89.708898525846692, 26.587351517768372 ], [ 89.703362043574259, 26.464973004202378 ], [ 89.6953534465693, 26.434013725455696 ], [ 89.685091107669436, 26.39429056782846 ], [ 89.622911829396273, 26.283912496215784 ], [ 89.60891004171927, 26.287544148959164 ], [ 89.579302554808635, 26.292898406803239 ], [ 89.578432436278121, 26.293055664397738 ], [ 89.567139839397043, 26.286029239491402 ], [ 89.560709159596229, 26.269280039738 ], [ 89.55018014087166, 26.262042911147656 ], [ 89.549350999316161, 26.202605841821391 ], [ 89.550871895400633, 26.150393594119556 ], [ 89.543157838622335, 26.128049804673665 ], [ 89.535145241954254, 26.115992583547722 ], [ 89.528673651229681, 26.095577156540898 ], [ 89.527035510888368, 26.072321371079855 ], [ 89.527100976014282, 26.070245349745459 ], [ 89.511097724026342, 26.036378856313359 ], [ 89.49209819060907, 26.036970510564313 ], [ 89.464505783249152, 26.049455646427742 ], [ 89.440056185741099, 26.06132786915639 ], [ 89.410599717574684, 26.064335492471695 ], [ 89.365223262800811, 26.085360686159195 ], [ 89.330351444659414, 26.097106520509403 ], [ 89.29204212813238, 26.102161529402704 ], [ 89.240615447281385, 26.106185754491058 ], [ 89.221243029885159, 26.117515915427269 ], [ 89.203153266228782, 26.139265880018204 ], [ 89.184060245071691, 26.16346140441404 ], [ 89.153121915325116, 26.186502220572365 ], [ 89.113847817647027, 26.198174040402932 ], [ 89.102114591138474, 26.205016371191373 ], [ 89.097628637513409, 26.210826927865302 ], [ 89.097767968045105, 26.243648081836717 ], [ 89.093200839209487, 26.280460010773805 ], [ 89.077497665380236, 26.332464085287882 ], [ 89.050928893193245, 26.391426448166722 ], [ 89.046930300895355, 26.411767868205494 ], [ 89.019623214894523, 26.443829778353241 ], [ 89.003463827129167, 26.460699690746925 ], [ 88.987709639308136, 26.466363645457907 ], [ 88.967276260435213, 26.473708992454164 ], [ 88.928784607886641, 26.478722416618218 ], [ 88.891674534527638, 26.48241387313751 ], [ 88.891429355510112, 26.482438229687094 ], [ 88.879250037492056, 26.47976644695909 ], [ 88.877890903812414, 26.47983171643007 ], [ 88.877515543461399, 26.479385854418606 ], [ 88.861936787983623, 26.475966421037359 ], [ 88.850356656706424, 26.455980088134094 ], [ 88.854096710777497, 26.434690647467306 ], [ 88.852240058130249, 26.424673664909918 ], [ 88.882553768128716, 26.394468909864663 ], [ 88.949923365298019, 26.342644933666783 ], [ 88.962312181123835, 26.328059886163913 ], [ 88.96005989425548, 26.319551981192127 ], [ 88.935208921179424, 26.307939829237988 ], [ 88.900055245496333, 26.30790046655785 ], [ 88.868738044058418, 26.318034249297096 ], [ 88.844972662025185, 26.336806664355255 ], [ 88.799757550877516, 26.350644577906877 ], [ 88.763539500795744, 26.363588604677297 ], [ 88.721628302240205, 26.361820535329599 ], [ 88.693671670976755, 26.335199129714592 ], [ 88.670702732327769, 26.317476139291919 ], [ 88.667319490060066, 26.309805839048749 ], [ 88.652844342346569, 26.296284776285464 ], [ 88.650318226151342, 26.266305124163228 ], [ 88.659722641669077, 26.23306555722537 ], [ 88.659813804250746, 26.228900432525936 ], [ 88.660248715981481, 26.206317670471183 ], [ 88.656395238452617, 26.195248712009779 ], [ 88.636124972873688, 26.189026872282678 ], [ 88.61447895543364, 26.202289010247934 ], [ 88.581658378899078, 26.215315609114018 ], [ 88.558096591351742, 26.227446400966592 ], [ 88.547383368173186, 26.242568059615071 ], [ 88.545712894084616, 26.268094726163017 ], [ 88.546936650423731, 26.301233702246424 ], [ 88.548243763260629, 26.309380132559674 ], [ 88.568467398113668, 26.354256667481341 ], [ 88.589889687578889, 26.38953447491415 ], [ 88.591984793509326, 26.40132305358614 ], [ 88.593031833243145, 26.403041162472551 ], [ 88.594363227256082, 26.414185825737473 ], [ 88.594550040207039, 26.415749049003974 ], [ 88.596362748666124, 26.425937786590566 ], [ 88.595897388210034, 26.427019623274393 ], [ 88.597361706767074, 26.439261025148756 ], [ 88.581441187240458, 26.467580552663097 ], [ 88.556294855341633, 26.486459819094577 ], [ 88.535395283244597, 26.494544782217929 ], [ 88.523869355296611, 26.499001984649059 ], [ 88.508514807978713, 26.512256401974422 ], [ 88.499626903558379, 26.524896352411851 ], [ 88.486023126045552, 26.541538270537519 ], [ 88.46597970203257, 26.558814425261307 ], [ 88.426305288928404, 26.586253077664431 ], [ 88.390442065406418, 26.602681783922872 ], [ 88.360717440456853, 26.605530624819227 ], [ 88.332985976146276, 26.592841958003191 ], [ 88.314161408084701, 26.578116637209757 ], [ 88.309930455146883, 26.569130496145625 ], [ 88.309643668467118, 26.568847778317924 ], [ 88.309383776117457, 26.56796924607352 ], [ 88.303529151096598, 26.555530850626138 ], [ 88.2985036200851, 26.535951299367749 ], [ 88.297901053506223, 26.53104577838101 ], [ 88.297727305152122, 26.529629656726097 ], [ 88.296361684601308, 26.518463463328406 ], [ 88.30425922144353, 26.508275585863434 ], [ 88.371120459080032, 26.481871013934942 ], [ 88.427236146624054, 26.462620067574111 ], [ 88.433014987118455, 26.459566472233931 ], [ 88.462198725467687, 26.441495545229586 ], [ 88.474601832756321, 26.425033397717854 ], [ 88.472538880526201, 26.407611050628244 ], [ 88.465081089838435, 26.39522124870172 ], [ 88.440376257511531, 26.378495609972482 ], [ 88.4308474836416, 26.374121953557601 ], [ 88.398426357322975, 26.365358738924275 ], [ 88.380023439230683, 26.353012600167311 ], [ 88.365830993353669, 26.33203826860532 ], [ 88.358227776442206, 26.311611120074936 ], [ 88.348863741871938, 26.298399680854811 ], [ 88.318884730511286, 26.264811755133959 ], [ 88.283210533397011, 26.249375650560957 ], [ 88.266475862494545, 26.228622652111749 ], [ 88.24886155519286, 26.211474188125148 ], [ 88.224188701148123, 26.200859226165594 ], [ 88.18649625110298, 26.190278692390908 ], [ 88.155650748062627, 26.182574798955148 ], [ 88.132010512101317, 26.169491577148388 ], [ 88.109266607430854, 26.152793028566052 ], [ 88.099417489329753, 26.134896179984228 ], [ 88.088121697870818, 26.104200283211881 ], [ 88.076599733655684, 26.082927862789663 ], [ 88.043596734697374, 26.009550436948498 ], [ 88.016614720087702, 25.966173217626242 ], [ 88.011565361394716, 25.944297159095687 ], [ 88.007416787013554, 25.918811351939866 ], [ 88.001985905226945, 25.893442272439543 ], [ 88.00672155675926, 25.865970240320138 ], [ 88.013391807848492, 25.844200766836526 ], [ 88.024566698959077, 25.827898936626269 ], [ 88.042945410416237, 25.817992553985633 ], [ 88.057685941148165, 25.815008290665187 ], [ 88.060384149873968, 25.814461861319966 ], [ 88.074694417362295, 25.811562933237418 ], [ 88.075601120988807, 25.81147992055346 ], [ 88.077321939223637, 25.810711664297049 ], [ 88.086840678502384, 25.810450410445021 ], [ 88.111968459824325, 25.808145570925205 ], [ 88.119372964027306, 25.809552660946093 ], [ 88.168480664157627, 25.808183258917051 ], [ 88.200619950417703, 25.803118693257634 ], [ 88.22141478227752, 25.788655190783025 ], [ 88.297895251730708, 25.719296263251344 ], [ 88.327732209200192, 25.69655226679588 ], [ 88.378091523957536, 25.637832598984446 ], [ 88.439497076754577, 25.562813779122614 ], [ 88.465177360934931, 25.547035838879399 ], [ 88.468338243204613, 25.54348020414605 ], [ 88.471799231317206, 25.542966236748768 ], [ 88.489089388660574, 25.532338040312716 ], [ 88.512086625273085, 25.518439354252607 ], [ 88.545097309657777, 25.512986277342119 ], [ 88.577620518131553, 25.514614175558801 ], [ 88.618541843580061, 25.533042289224248 ], [ 88.630345573686526, 25.537067378421693 ], [ 88.650060786950419, 25.541316212706032 ], [ 88.679388156321309, 25.539543418112238 ], [ 88.695865161854343, 25.517370706490023 ], [ 88.671782315327988, 25.47098724991309 ], [ 88.689771616582846, 25.448069838243939 ], [ 88.694355663628158, 25.444626475879044 ], [ 88.696750243042558, 25.43761158374496 ], [ 88.714581321441898, 25.424183062709815 ], [ 88.734489816241279, 25.41759443049834 ], [ 88.793223527621024, 25.415265805848104 ], [ 88.797250007385571, 25.41472269082475 ], [ 88.876546148146758, 25.378744097481352 ], [ 88.883254584929048, 25.35440219992288 ], [ 88.857711641727207, 25.30394041794149 ], [ 88.814519833954265, 25.243186349974184 ], [ 88.784565008526258, 25.234787272253094 ], [ 88.7508619830745, 25.24594579369472 ], [ 88.731990127886093, 25.250082444039666 ], [ 88.687674857695441, 25.246065765727675 ], [ 88.6681345183556, 25.24439129317954 ], [ 88.49946945637295, 25.259032785892835 ], [ 88.426259544759063, 25.262314072960137 ], [ 88.394573695104654, 25.267594879326541 ], [ 88.389014537649132, 25.260129628507531 ], [ 88.381055476456183, 25.260362732217093 ], [ 88.365505278326893, 25.219057839252368 ], [ 88.349442160630176, 25.116893244106162 ], [ 88.349018132696159, 25.11419018481735 ], [ 88.340154825391409, 25.089227496288469 ], [ 88.331636757272008, 25.072613813206619 ], [ 88.293463837821221, 25.022710854366721 ], [ 88.287983775418795, 25.015540962931077 ], [ 88.237359778520528, 24.964945907767774 ], [ 88.178451104131938, 24.93142287668141 ], [ 88.147835864070117, 24.944091664240698 ], [ 88.137222402899141, 24.949666864236104 ], [ 88.131096755801039, 24.959256693040668 ], [ 88.103270660391246, 24.964101199401071 ], [ 88.096473367430065, 24.963633581821256 ], [ 88.092540364180394, 24.963939609190991 ], [ 88.085904472131745, 24.962905825883361 ], [ 88.051336567060844, 24.960519825663777 ], [ 88.03106488731089, 24.9517521472476 ], [ 88.0256155339369, 24.936962847417746 ], [ 88.0225046548737, 24.907865895598071 ], [ 88.022729616714244, 24.87377311567009 ], [ 88.013994105883356, 24.852224611034458 ], [ 87.974279505618654, 24.829889208525628 ], [ 87.952803494548036, 24.809457619700897 ], [ 87.942690550127182, 24.786846264669695 ], [ 87.940282567389445, 24.77495313352194 ], [ 87.937315548768652, 24.760291703120416 ], [ 87.935525085427571, 24.731071797982409 ], [ 87.941925910581048, 24.694083299120955 ], [ 87.942846787331021, 24.692426901710338 ], [ 87.957989262070612, 24.665186069110444 ], [ 87.985172977904199, 24.616265533721247 ], [ 88.026473721512673, 24.56916801910106 ], [ 88.157337070602395, 24.495358725354489 ], [ 88.23124670687163, 24.466477467290382 ], [ 88.261406240003382, 24.457131956553347 ], [ 88.34737544634153, 24.428296811205147 ], [ 88.365629457004445, 24.424671465512159 ], [ 88.368988064821167, 24.423621388812442 ], [ 88.416988471216087, 24.405213204109295 ], [ 88.456072949271217, 24.39933292108104 ], [ 88.489225237870912, 24.397891809019843 ], [ 88.533278232904991, 24.383605558503994 ], [ 88.554369831372526, 24.350966219035293 ], [ 88.576373040317037, 24.295583476126282 ], [ 88.582157412989616, 24.211484056876849 ], [ 88.581757818852836, 24.208860029417963 ], [ 88.568359692618529, 24.117412242277084 ], [ 88.581377691853376, 24.066850923247316 ], [ 88.590996359047267, 24.003933549896086 ], [ 88.576426510632388, 23.975489387215969 ], [ 88.559812425969568, 23.951430332953649 ], [ 88.536161953743104, 23.932145816662359 ], [ 88.529477519479642, 23.927973837360774 ], [ 88.510552937015134, 23.928751236550376 ], [ 88.49689677774002, 23.932319816689095 ], [ 88.473003914008331, 23.935629677923092 ], [ 88.466627269892413, 23.926291729332863 ], [ 88.460228193738928, 23.926788079390349 ], [ 88.454072495021038, 23.91315392479104 ], [ 88.43082682888469, 23.810499177655373 ], [ 88.430795082364611, 23.810316839827255 ], [ 88.4196948100806, 23.792589303175479 ], [ 88.417142896031777, 23.768183985304614 ], [ 88.415079564487272, 23.748427054615185 ], [ 88.41746195959044, 23.722412749613945 ], [ 88.42402046962718, 23.711902428108704 ], [ 88.441470701595733, 23.683932429296394 ], [ 88.471061557707728, 23.666432109104107 ], [ 88.483950305124893, 23.651881966917092 ], [ 88.534032099369597, 23.595317890261981 ], [ 88.557989380837469, 23.581248865788751 ], [ 88.577047628399313, 23.5687205971299 ], [ 88.593833835627407, 23.559019799830114 ], [ 88.60619224738106, 23.552925438987966 ], [ 88.629810356832337, 23.539039893341236 ], [ 88.64933605146949, 23.520716483532187 ], [ 88.630267935490352, 23.472766753778 ], [ 88.629678807110906, 23.471067790386858 ], [ 88.6246947241264, 23.467385919786736 ], [ 88.62159178737322, 23.455942021488205 ], [ 88.620363369907167, 23.444192004260717 ], [ 88.616235875465705, 23.432277006890143 ], [ 88.608090295667083, 23.417879518888377 ], [ 88.598483332173075, 23.398807357243211 ], [ 88.589182249593776, 23.382636818659268 ], [ 88.579858153958995, 23.372327492467168 ], [ 88.571613070531797, 23.360163515563084 ], [ 88.567264124001156, 23.348826608838166 ], [ 88.565880656161838, 23.335469394728545 ], [ 88.565788135525636, 23.328444867008557 ], [ 88.568867952642421, 23.315279916692528 ], [ 88.583625501947068, 23.304600579385099 ], [ 88.583884116465072, 23.304530973561977 ], [ 88.584286333292965, 23.303891913762662 ], [ 88.615632750054445, 23.291808019715521 ], [ 88.674336696167003, 23.280607930863599 ], [ 88.78274860029147, 23.289789361577824 ], [ 88.804875826822609, 23.285487310377146 ], [ 88.81654887110534, 23.264913888588644 ], [ 88.815543207982756, 23.233772356631786 ], [ 88.813966233165559, 23.22910877764425 ], [ 88.802102810222735, 23.21077559932786 ], [ 88.785986559060945, 23.189963107188031 ], [ 88.744154222295805, 23.153281612356576 ], [ 88.728864575116646, 23.134140886394245 ], [ 88.721230214158311, 23.115489774329795 ], [ 88.717870902522392, 23.095287461328198 ], [ 88.713466960636737, 23.071077388352158 ], [ 88.714264271226483, 23.048164144337953 ], [ 88.724321586923494, 23.029118098462966 ], [ 88.732043914677831, 23.01701646376662 ], [ 88.732147855446343, 23.011660425343965 ], [ 88.740907373697269, 22.992537473066331 ], [ 88.780909628770502, 22.960852882682573 ], [ 88.797871751526188, 22.944499349434633 ], [ 88.812791102718933, 22.920497261989496 ], [ 88.818020564536084, 22.901870457660859 ], [ 88.817610738547899, 22.891522047818466 ], [ 88.78525402911292, 22.832557102360585 ], [ 88.782073827696124, 22.814458703280486 ], [ 88.780391931821001, 22.804881806700696 ], [ 88.776967123921253, 22.771458697471051 ], [ 88.777172953229382, 22.733969210953202 ], [ 88.788254807010588, 22.684284618386751 ], [ 88.792035461892311, 22.679349243749723 ], [ 88.792863941512863, 22.676192684155485 ], [ 88.820774327894142, 22.638653337000861 ], [ 88.836137841435175, 22.611995015475983 ], [ 88.844600892102051, 22.578742857726084 ], [ 88.841776766638588, 22.530701244931358 ], [ 88.831892386582794, 22.466160551527835 ], [ 88.854814295322015, 22.341189921255808 ], [ 88.855600203374891, 22.298724270781001 ], [ 88.861709632288282, 22.237556365897067 ], [ 88.87353350240609, 22.212721773505351 ], [ 88.88198192776305, 22.196602263515011 ], [ 88.875506186486248, 22.137847226932927 ], [ 88.878389558934103, 22.096790734471316 ], [ 88.907502730709268, 22.012471923282337 ], [ 88.903780724268472, 21.975251192128916 ], [ 88.892645073448335, 21.951678948220742 ], [ 88.873207493234361, 21.932438171079902 ], [ 88.85536923105802, 21.929935941918806 ], [ 88.837935247249789, 21.931147760256057 ], [ 88.816585790534788, 21.936763956676263 ], [ 88.793433648498734, 21.946237621904352 ], [ 88.76837713172398, 21.956808246798929 ], [ 88.74711490603363, 21.965179551216295 ], [ 88.718605748538636, 21.971357224101713 ], [ 88.691719673059836, 21.973646149480217 ], [ 88.6670033373085, 21.977619705490206 ], [ 88.65432698147491, 21.981505539741761 ], [ 88.645633902507896, 21.985052914942528 ], [ 88.639294660926083, 21.992147434923414 ], [ 88.634132193831633, 22.001015762011043 ], [ 88.632230122282891, 22.012418162587757 ], [ 88.629241800107295, 22.033280725913173 ], [ 88.6278847113621, 22.050258191063062 ], [ 88.6200939360685, 22.063097983811943 ], [ 88.594901281559302, 22.062423189121276 ], [ 88.594505883186685, 22.062288972873013 ], [ 88.584227579505907, 22.070605032742101 ], [ 88.581342755920573, 22.070803140038564 ], [ 88.544612076187278, 22.049805835049472 ], [ 88.520318762080421, 22.035469900443623 ], [ 88.507110367466737, 22.026726410884475 ], [ 88.499032669717295, 22.027404898253554 ], [ 88.493307913054494, 22.024858294382291 ], [ 88.488810832584434, 22.024428659882506 ], [ 88.46955313854518, 22.021956894507632 ], [ 88.440816023148415, 22.005982589955519 ], [ 88.418121488611646, 21.990534620908008 ], [ 88.385738563307712, 21.938118932558268 ], [ 88.344086800144424, 21.878801499420817 ], [ 88.308171669682693, 21.839904927636208 ], [ 88.243481193811633, 21.811298802476049 ], [ 88.182359009807399, 21.796196176906914 ], [ 88.173305367597337, 21.796113897780462 ], [ 88.1432269177661, 21.798027069851642 ], [ 88.113338672229148, 21.815875800947044 ], [ 88.104067275965249, 21.830111236703999 ], [ 88.103915091250471, 21.830316477380471 ], [ 88.082167316719818, 21.889263157214664 ], [ 88.070644881031114, 21.945906182973932 ], [ 88.065233834630277, 21.972512584198082 ], [ 88.078659555399796, 22.006586912734811 ], [ 88.10101842817879, 22.114941164704224 ], [ 88.090366272283276, 22.167694691047831 ], [ 88.05503217488284, 22.21719833065627 ], [ 88.04531727646588, 22.217831957868135 ], [ 88.043539930605135, 22.217248012060669 ], [ 88.038166644919215, 22.215482440688842 ], [ 88.035141929535399, 22.203411094330466 ], [ 88.033774866252315, 22.1888582908906 ], [ 88.031917477381938, 22.169066307141097 ], [ 88.036331370369609, 22.128821757789812 ], [ 88.033992114568946, 22.117280980659373 ], [ 88.031164018772373, 22.100500876875579 ], [ 88.007645773270781, 22.064280546773041 ], [ 87.99887988834864, 22.044459153699957 ], [ 87.986779526256967, 22.022559080504653 ], [ 87.975663678252104, 21.997644475228096 ], [ 87.959257943519518, 21.976672575481206 ], [ 87.933260487108868, 21.947079320653906 ], [ 87.880107697663519, 21.888546397606177 ], [ 87.788792164922484, 21.796606468611156 ], [ 87.762242432965195, 21.759959522331449 ], [ 87.750428854597175, 21.74034422127199 ], [ 87.741062442398828, 21.719948586721166 ], [ 87.705555820514292, 21.674003425133584 ], [ 87.683473602412036, 21.651654340159666 ], [ 87.667265692561713, 21.63882367706918 ], [ 87.646071973942341, 21.626375869427498 ], [ 87.6262253476079, 21.622038806224751 ], [ 87.61401648187919, 21.618871210274506 ], [ 87.60492587465221, 21.61546220328275 ], [ 87.579688667628503, 21.599790228221465 ], [ 87.574705482459819, 21.596778516438299 ], [ 87.55383231683102, 21.584159435447653 ], [ 87.519809886250982, 21.575605667880549 ], [ 87.486564096317153, 21.568745483755645 ], [ 87.453368697638496, 21.562460364862595 ], [ 87.432524335965127, 21.555533657060668 ], [ 87.429216066390509, 21.555955576650632 ], [ 87.420307088787013, 21.553229090655837 ], [ 87.401506642292588, 21.547748889073347 ], [ 87.369255733966668, 21.548264633762312 ], [ 87.341601301761145, 21.547996578409474 ], [ 87.293399529723516, 21.535161339934159 ], [ 87.27060839716745, 21.530611340936112 ], [ 87.221874914737484, 21.527598181987237 ], [ 87.133349515253371, 21.508739248918388 ], [ 87.132360269972864, 21.508340919395025 ], [ 87.125821410886573, 21.507057909388607 ], [ 87.097480161269516, 21.506205505780173 ], [ 87.066920719433426, 21.501394831623045 ], [ 87.035150458199496, 21.489609869310769 ], [ 86.995347521530348, 21.46428823894751 ], [ 86.930042854540005, 21.4190359018931 ], [ 86.923991226402578, 21.414564678634491 ], [ 86.910258348083204, 21.407793679849064 ], [ 86.892184044309928, 21.391053420298764 ], [ 86.861174094431263, 21.368114257940015 ], [ 86.820427092737262, 21.33043755004315 ], [ 86.792856895427946, 21.292395015868681 ], [ 86.768166699797604, 21.266494398304982 ], [ 86.736755754245323, 21.219290109972594 ], [ 86.723914025277267, 21.184301468623893 ], [ 86.70717079136773, 21.139580204924695 ], [ 86.700281864571608, 21.092399503750961 ], [ 86.705878503742127, 21.060233072705152 ], [ 86.709560117741759, 21.027613156054837 ], [ 86.72208077305099, 20.987905073130214 ], [ 86.740853665191153, 20.955999624977995 ], [ 86.790283054938868, 20.900185593632091 ], [ 86.807976318686229, 20.870711892862357 ], [ 86.816840752145765, 20.848327697850852 ], [ 86.815703002991285, 20.826055970326742 ], [ 86.813945294109317, 20.803827609251961 ], [ 86.813067305460805, 20.79271335438369 ], [ 86.81396356763122, 20.780298872045766 ], [ 86.818914994951342, 20.77171871344315 ], [ 86.823819865202495, 20.762553746962922 ], [ 86.835841776964202, 20.756420691992393 ], [ 86.85325294059065, 20.755203225613482 ], [ 86.872435466890266, 20.752683664424456 ], [ 86.870841268642096, 20.740445603530649 ], [ 86.868264452810664, 20.730178661909715 ], [ 86.865893582595604, 20.718698007947836 ], [ 86.867061936612672, 20.701861187212682 ], [ 86.88443702741273, 20.688674772318709 ], [ 86.887435754241338, 20.673204252981829 ], [ 86.874726661708095, 20.655549382557968 ], [ 86.874404863673234, 20.655205453566747 ], [ 86.834049464384677, 20.6224520950719 ], [ 86.801147502812896, 20.596579962595914 ], [ 86.796669870627341, 20.59305746612943 ], [ 86.770825279736201, 20.572718578110635 ], [ 86.751355251722984, 20.555236889341113 ], [ 86.725180412085507, 20.545443762137729 ], [ 86.690255755913526, 20.532367094870303 ], [ 86.673994271037813, 20.515827776461414 ], [ 86.627100578858219, 20.474301429555933 ], [ 86.610986513156703, 20.459506062259774 ], [ 86.585465499624235, 20.419450548588291 ], [ 86.575794252790345, 20.407155937361281 ], [ 86.571358674783767, 20.398038844025763 ], [ 86.569319144171629, 20.387583324474132 ], [ 86.568522110858652, 20.377044181582679 ], [ 86.567460181972962, 20.362991925742598 ], [ 86.56635495610432, 20.34835407763137 ], [ 86.569196024840963, 20.336393793742925 ], [ 86.58001569518369, 20.330959595160412 ], [ 86.588616996851485, 20.3292047599681 ], [ 86.605285749751161, 20.335144568560608 ], [ 86.622398969315512, 20.346936089027032 ], [ 86.626567098611517, 20.350768853876591 ], [ 86.63609595727695, 20.357675668345522 ], [ 86.654309667554742, 20.381746079905113 ], [ 86.654375845214503, 20.381841569764145 ], [ 86.663298250663075, 20.400651958565529 ], [ 86.66529970495661, 20.410517866419163 ], [ 86.665925809309655, 20.418712088991338 ], [ 86.683437599983392, 20.411050361312139 ], [ 86.683180102646077, 20.407684553171794 ], [ 86.682810831345691, 20.402856651828092 ], [ 86.684562031076851, 20.39517890737266 ], [ 86.684703746986642, 20.393179251833125 ], [ 86.685514634723177, 20.381740241610242 ], [ 86.681160070828355, 20.360096210536792 ], [ 86.672056421209703, 20.323804895784942 ], [ 86.635969437761744, 20.272595817668268 ], [ 86.549613791404397, 20.221784513576274 ], [ 86.44531907328566, 20.139434449297703 ], [ 86.386010566871306, 20.076971201907654 ], [ 86.362773037339096, 20.05247106505858 ], [ 86.332918576196079, 20.000515292867675 ], [ 86.331920879309266, 19.998759896373421 ], [ 86.283310674765431, 19.96644174396641 ], [ 86.2370889632858, 19.93959830363649 ], [ 86.144631722208189, 19.898918282250712 ], [ 85.98429297732936, 19.812612800069594 ], [ 85.92573075930666, 19.793193066819683 ], [ 85.913474989328392, 19.792077802402623 ], [ 85.886489168199944, 19.789028305785536 ], [ 85.868723309929706, 19.784228042109923 ], [ 85.849395688879426, 19.774805503588336 ], [ 85.830237946755275, 19.764245286391276 ], [ 85.730799989219548, 19.738582714113889 ], [ 85.719108088235657, 19.736171970150725 ], [ 85.693561626111915, 19.729204055333682 ], [ 85.649691743919689, 19.718185743742314 ], [ 85.58235507391673, 19.688084879724261 ], [ 85.572511997617667, 19.685997525329633 ], [ 85.529278782288316, 19.682078052814454 ], [ 85.516754131951686, 19.681050504742061 ], [ 85.490153526996309, 19.674364055042062 ], [ 85.465765157208835, 19.663411992288424 ], [ 85.448511800530994, 19.656756459277712 ], [ 85.434592153798263, 19.653443504575431 ], [ 85.415900409276048, 19.653359307805548 ], [ 85.405466435078893, 19.655740610397892 ], [ 85.404604056925237, 19.665907341178066 ], [ 85.40674266735499, 19.675262789073674 ], [ 85.436974740319499, 19.69532433718161 ], [ 85.497427260591451, 19.723429613247507 ], [ 85.54040045958962, 19.783735891771673 ], [ 85.554111221136125, 19.809166610639416 ], [ 85.552840452521551, 19.827301683111884 ], [ 85.517290446493647, 19.861018257946046 ], [ 85.482036543117928, 19.884020445467772 ], [ 85.449673133738258, 19.891627927267898 ], [ 85.409270853416189, 19.885283211955674 ], [ 85.409213953633071, 19.885255272181784 ], [ 85.403084369688628, 19.885446642563533 ], [ 85.380713480565817, 19.877323850862755 ], [ 85.359277756737086, 19.864420439574097 ], [ 85.293983149932345, 19.819840422210888 ], [ 85.222953298912586, 19.763154349981313 ], [ 85.194195943857423, 19.732928535362788 ], [ 85.184782163682655, 19.722250964780628 ], [ 85.17924757126589, 19.713711774380652 ], [ 85.172208235789384, 19.701125154292388 ], [ 85.082898851076408, 19.84655600667876 ], [ 85.057201506018401, 19.860891877533092 ], [ 85.001500881597067, 19.891948333959576 ], [ 84.949814429849226, 19.933868500844746 ], [ 84.94450231944073, 19.997978054922811 ], [ 84.970746228418406, 20.056749678438631 ], [ 84.981836677181221, 20.11283323130905 ], [ 84.94488373504953, 20.180526538764788 ], [ 84.866499453647535, 20.158393024087079 ], [ 84.813695576663136, 20.184424504083331 ], [ 84.808751692063339, 20.195341822539262 ], [ 84.775508966443638, 20.204305156045553 ], [ 84.726606773150579, 20.173350034864775 ], [ 84.707114844091791, 20.071573461800746 ], [ 84.697658897596156, 20.040174386039663 ], [ 84.666314735283294, 20.018849196200051 ], [ 84.63186685652191, 20.03848235870003 ], [ 84.602997481832446, 20.087962249033211 ], [ 84.571807670694028, 20.130475169064397 ], [ 84.544348665633279, 20.172784368808941 ], [ 84.547611846934643, 20.225830975256436 ], [ 84.546482312403043, 20.268473765016537 ], [ 84.528706531835141, 20.315581694068332 ], [ 84.472032759461968, 20.31159060890381 ], [ 84.452540879173426, 20.300469095517446 ], [ 84.439682952796957, 20.237756071044419 ], [ 84.419316088453925, 20.216144531740426 ], [ 84.397127931641705, 20.197466557624939 ], [ 84.339103648271418, 20.199640752299267 ], [ 84.243785574717393, 20.182000796640811 ], [ 84.218064722803163, 20.171052854773908 ], [ 84.186849681333342, 20.168911831023685 ], [ 84.137078273470891, 20.19236139866279 ], [ 84.115519528391857, 20.201067167228306 ], [ 84.067965127338994, 20.177026430633536 ], [ 84.036026273439489, 20.162580168594534 ], [ 83.949350061124278, 20.155676401897562 ], [ 83.930687023798242, 20.229588545686866 ], [ 83.88649284496806, 20.268568835313481 ], [ 83.80039288013873, 20.277687636917126 ], [ 83.708336327264945, 20.292988785491694 ], [ 83.664964588425647, 20.303452675913256 ], [ 83.603185099276061, 20.389487076052781 ], [ 83.578378112074134, 20.440499067711905 ], [ 83.597921528641805, 20.475083858163917 ], [ 83.649806860527576, 20.480785415363638 ], [ 83.691075381980298, 20.498855296546669 ], [ 83.737772384267245, 20.523745939282954 ], [ 83.752720525797798, 20.586969081314017 ], [ 83.726883736571637, 20.662935667135411 ], [ 83.73937991137295, 20.704955216141851 ], [ 83.771020695204257, 20.729400717823069 ], [ 83.846907242831193, 20.734961914451418 ], [ 83.900401468352641, 20.723888238225971 ], [ 83.949487376861853, 20.702371006444736 ], [ 83.984691718391574, 20.70170733693471 ], [ 84.00844090255228, 20.656638592194543 ], [ 84.040909743240121, 20.652557788450668 ], [ 84.057706786317794, 20.659958558560735 ], [ 84.092367762695346, 20.692457633022009 ], [ 84.101509825914803, 20.760645644151122 ], [ 84.138073896857762, 20.823806968554372 ], [ 84.168888228627893, 20.854112736246243 ], [ 84.222863427934186, 20.851188511887397 ], [ 84.285700469092205, 20.828824791881029 ], [ 84.327315049638315, 20.850215000687282 ], [ 84.42740335225821, 20.900297937891619 ], [ 84.515368892758659, 20.9568966624079 ], [ 84.603885355138488, 21.001567016846362 ], [ 84.712269495900017, 21.060400232553381 ], [ 84.736563602550561, 21.085010970732771 ], [ 84.766375807514038, 21.078551157462236 ], [ 84.803088625468334, 21.062225728934866 ], [ 84.822276015722025, 21.065787278995149 ], [ 84.827318483845573, 21.066722829415287 ], [ 84.845352082111773, 21.091676740659139 ], [ 84.834920674452249, 21.162041739468865 ], [ 84.833173341405868, 21.186408213238238 ], [ 85.123444982464804, 20.764246996506596 ], [ 85.063526204658103, 20.486626037089536 ], [ 85.311255604106876, 20.491101606697594 ], [ 85.476022965657265, 20.251469551785096 ], [ 85.878267393175463, 20.424552003955981 ], [ 86.361471148838845, 21.245469813557335 ], [ 86.424839448650559, 21.235350967268339 ], [ 86.361472585871354, 21.245472254940626 ], [ 86.823204105550204, 22.251711271773019 ], [ 86.847196975926437, 22.252656157141551 ], [ 86.823205512621286, 22.251714338164994 ], [ 85.659885662818283, 22.717063595085431 ], [ 85.65254389374185, 22.704572365973267 ], [ 85.659884761587904, 22.717063955594096 ], [ 85.667227358923228, 22.729554700044467 ], [ 85.659885902996066, 22.717064003722058 ], [ 85.834320512511738, 22.724419113206892 ], [ 86.723031385545781, 22.701227436139668 ], [ 86.724259015474757, 22.701930191816537 ], [ 86.723032057955166, 22.701227424590108 ], [ 88.504140169201193, 22.670634437894989 ], [ 85.853286993065495, 23.186913010958506 ], [ 85.969880340012978, 24.686025855299849 ], [ 85.240056446224614, 21.304541502386947 ], [ 85.21751349623203, 21.550866631245437 ], [ 85.212090325808475, 21.54575860913172 ], [ 85.217513349193709, 21.550868237922248 ], [ 85.277257213983432, 21.925860389242288 ], [ 85.133470376606681, 22.014803312903897 ], [ 83.978465397036572, 22.429466629555087 ] ], [ [ 84.970746228418406, 20.056749678438631 ], [ 85.180517951186957, 19.923439060272358 ], [ 85.214667157754818, 20.135267237230959 ], [ 85.326133703859369, 20.252419325068644 ], [ 85.025401776897255, 20.30998458011025 ], [ 84.970746228418406, 20.056749678438631 ] ], [ [ 85.180517951186957, 19.923439060272358 ], [ 85.169846431525841, 19.924946383375129 ], [ 85.233566792637333, 19.915936518687506 ], [ 85.180517951186957, 19.923439060272358 ] ], [ [ 85.476022965657265, 20.251469551785096 ], [ 85.516031838336886, 20.266041557212692 ], [ 85.515663660410198, 20.265907523995267 ], [ 85.476022965657265, 20.251469551785096 ] ], [ [ 85.834320512511738, 22.724419113206892 ], [ 85.841098767582793, 22.704128653045689 ], [ 85.837953868376331, 22.713543038236569 ], [ 85.834320512511738, 22.724419113206892 ] ], [ [ 88.504140169201193, 22.670634437894989 ], [ 88.521518419112638, 22.680272358684373 ], [ 88.529463642242092, 22.696579198191653 ], [ 88.529912373672275, 22.719976478629494 ], [ 88.51914871042986, 22.744927343945601 ], [ 88.517196640745937, 22.763259712779522 ], [ 88.502322041416591, 22.785051381576213 ], [ 88.502545951315028, 22.794291734795841 ], [ 88.458731718919879, 22.786156122359916 ], [ 88.416287117598969, 22.753460146297975 ], [ 88.413398219603749, 22.724402036066575 ], [ 88.441829704014665, 22.692666619600622 ], [ 88.504140169201193, 22.670634437894989 ] ], [ [ 85.853286993065495, 23.186913010958506 ], [ 85.887378531972715, 23.23834468683501 ], [ 85.87005343641944, 23.212215713428975 ], [ 85.853286993065495, 23.186913010958506 ] ], [ [ 85.969880340012978, 24.686025855299849 ], [ 86.025609882541119, 24.690863689970445 ], [ 85.998946903978222, 24.688551904166207 ], [ 85.969880340012978, 24.686025855299849 ] ], [ [ 85.277257213983432, 21.925860389242288 ], [ 85.296592534548424, 21.982756971853231 ], [ 85.295000008102946, 21.978073845982962 ], [ 85.277257213983432, 21.925860389242288 ] ], [ [ 85.133470376606681, 22.014803312903897 ], [ 85.166192621186497, 22.020436266951439 ], [ 85.147581586468391, 22.017233422101373 ], [ 85.133470376606681, 22.014803312903897 ] ], [ [ 85.39416522692612, 20.239396923304497 ], [ 85.348937743542166, 20.256694429411379 ], [ 85.341478793090147, 20.259545862899063 ], [ 85.39416522692612, 20.239396923304497 ] ], [ [ 85.341478793090147, 20.259545862899063 ], [ 85.331179717437209, 20.257421168626358 ], [ 85.330822713312187, 20.257347505464338 ], [ 85.341478793090147, 20.259545862899063 ] ], [ [ 84.496072845364026, 20.353463933286946 ], [ 84.658858159072736, 20.459160725155449 ], [ 84.657443905044715, 20.458244037508308 ], [ 84.496072845364026, 20.353463933286946 ] ] ], [ [ [ 85.240056446224614, 21.304541502386947 ], [ 85.314494713186093, 20.491160125622617 ], [ 85.311255604106876, 20.491101606697594 ], [ 85.123444982464804, 20.764246996506596 ], [ 85.240056446224614, 21.304541502386947 ] ] ], [ [ [ 85.314494713186093, 20.491160125622617 ], [ 85.332273418922611, 20.4958501382084 ], [ 85.365531324733055, 20.504617064338802 ], [ 85.314494713186093, 20.491160125622617 ] ] ], [ [ [ 86.361471148838845, 21.245469813557335 ], [ 86.347402230320057, 21.247716382020858 ], [ 86.361472585871354, 21.245472254940626 ], [ 86.361471148838845, 21.245469813557335 ] ] ], [ [ [ 86.823204105550204, 22.251711271773019 ], [ 86.78477612760264, 22.250197904112731 ], [ 86.823205512621286, 22.251714338164994 ], [ 86.823204105550204, 22.251711271773019 ] ] ], [ [ [ 84.274442219572833, 21.999007781554248 ], [ 84.291242306776027, 22.012167966873886 ], [ 84.359911534001725, 22.013908439330603 ], [ 84.449811583263454, 22.01438440904716 ], [ 84.498633586698645, 21.970355470017601 ], [ 84.513126385447706, 21.891410041180645 ], [ 84.513726094138249, 21.888990038513612 ], [ 84.550250349434847, 21.741578972286884 ], [ 84.591687114127978, 21.679534792499279 ], [ 84.654737694035006, 21.623323449451956 ], [ 84.730508649789414, 21.598994968811034 ], [ 84.827460443993829, 21.552094295571514 ], [ 84.891985025780869, 21.519866418342488 ], [ 84.953446337083605, 21.53177892225332 ], [ 85.014265536764071, 21.512500897628883 ], [ 85.074077514590869, 21.479085402191401 ], [ 85.084245165507468, 21.472793711267265 ], [ 85.121336053465896, 21.483290385641091 ], [ 85.066786531900107, 21.418876146993263 ], [ 85.037795250029461, 21.382815949235681 ], [ 84.971740080422677, 21.339517247769972 ], [ 84.95441659425282, 21.307458677407617 ], [ 84.958695018412527, 21.277653206318348 ], [ 84.930464720070603, 21.233237003929947 ], [ 84.861225760309367, 21.216059358747817 ], [ 84.832962433761139, 21.189349310016375 ], [ 84.833173341405868, 21.186408213238238 ], [ 84.274442219572833, 21.999007781554248 ] ] ] ] } },
{ "type": "Feature", "properties": { "state_name": "Berar", "id": 5 }, "geometry": { "type": "Polygon", "coordinates": [ [ [ 78.32504527343059, 20.61596444018981 ], [ 78.407990718823569, 20.525408847167885 ], [ 78.525282715868585, 20.418016645610759 ], [ 78.664752994944664, 20.34590808782141 ], [ 78.801842953404645, 20.285690243049256 ], [ 78.849687122551785, 20.251228952658458 ], [ 78.86236486365965, 20.201424920413437 ], [ 78.886186509478392, 20.168081915332081 ], [ 78.955773692731867, 20.146243496640395 ], [ 79.005456378313909, 20.087844331168739 ], [ 79.067428898651926, 20.017818849402278 ], [ 79.145763231518416, 19.924132726816904 ], [ 79.221208730284999, 19.836878674183339 ], [ 79.2108152525376, 19.8330664290798 ], [ 79.206585399725114, 19.787354796967122 ], [ 79.228993392490736, 19.71954080935102 ], [ 79.201925198363995, 19.667208133757036 ], [ 79.177424883913957, 19.654895377826136 ], [ 79.137234034625791, 19.678733832468122 ], [ 79.050696121875077, 19.723664811927414 ], [ 79.003838341156964, 19.784858875370748 ], [ 78.955670045926368, 19.794524424992218 ], [ 78.914248869021279, 19.771093484050553 ], [ 78.850231071680113, 19.751003198909945 ], [ 78.819062625065726, 19.776018059295332 ], [ 78.790347837595121, 19.841077578027637 ], [ 78.769981578840998, 19.875882484212347 ], [ 78.671258917721858, 19.862191947147402 ], [ 78.628009609019486, 19.824404616949145 ], [ 78.58217225439698, 19.805277439072498 ], [ 78.549494936814682, 19.833147466399659 ], [ 78.540302864484261, 19.896359398637234 ], [ 78.499305579342163, 19.891441103056778 ], [ 78.434181581208932, 19.891278313797933 ], [ 78.417898522052297, 19.908783500430211 ], [ 78.360817910246809, 19.931362607320267 ], [ 78.230461102366178, 19.853544172003748 ], [ 78.197214464617247, 19.85700981199026 ], [ 78.167392015061552, 19.880469139712126 ], [ 78.112573341649252, 19.865674045712726 ], [ 78.102152534786271, 19.79707311270343 ], [ 78.10171154896382, 19.796787920331028 ], [ 78.043904412653987, 19.75938348643886 ], [ 78.014749711525624, 19.73838119691036 ], [ 78.035011695898461, 19.68931481187683 ], [ 78.070656182285347, 19.654315534273 ], [ 78.138728359763903, 19.654571996400385 ], [ 78.173504953097336, 19.653960961372601 ], [ 78.231438735241653, 19.601345179368288 ], [ 78.276577046651255, 19.590499605075401 ], [ 78.322924755037121, 19.565293492044241 ], [ 78.327998669861984, 19.517918819124741 ], [ 78.289800539268896, 19.497126349061094 ], [ 78.26429658661344, 19.5061855703369 ], [ 78.217271945643077, 19.496998459892897 ], [ 78.228446689218273, 19.450947179672227 ], [ 78.246681589052358, 19.380410977801091 ], [ 78.197682184964719, 19.345456588362662 ], [ 78.169008864509749, 19.345958039767645 ], [ 78.126007945507581, 19.386825648865031 ], [ 78.089676795555008, 19.46196481791435 ], [ 78.049782863819132, 19.50993223912657 ], [ 78.012223809407772, 19.522026896364022 ], [ 77.969260721983943, 19.486909373402725 ], [ 77.932479352783858, 19.374286775729828 ], [ 77.908246894363316, 19.370376295778701 ], [ 77.861744507335288, 19.388313255128114 ], [ 77.83959243457123, 19.417326559737305 ], [ 77.833585281668576, 19.50628438865521 ], [ 77.812876312897856, 19.532407200527533 ], [ 77.771316458234935, 19.577483178761113 ], [ 77.73731964302327, 19.623870294027213 ], [ 77.626286619234136, 19.586821876331353 ], [ 77.594577912467813, 19.590148203078442 ], [ 77.569599637546261, 19.636378612606034 ], [ 77.564643818490396, 19.705257899878816 ], [ 77.526063962600489, 19.754545835948299 ], [ 77.488864025977506, 19.796640459037356 ], [ 77.476413524601, 19.872792486275507 ], [ 77.454506539928246, 19.926138123805657 ], [ 77.421121216448753, 19.923729048656522 ], [ 77.304378821491071, 19.922414133492236 ], [ 77.274661218924649, 19.964374712507563 ], [ 77.228997008035947, 19.95205068633156 ], [ 77.167983710963625, 19.92556439179253 ], [ 77.136440554209486, 19.94745371895851 ], [ 77.08350951504282, 19.958119807724675 ], [ 77.035954997516029, 19.915655172210638 ], [ 76.959719422471053, 19.880663342391273 ], [ 76.922088975446513, 19.902583142495278 ], [ 76.825336437886023, 19.926546794751339 ], [ 76.758403024110564, 19.907144775884625 ], [ 76.718522185525686, 19.864511723144265 ], [ 76.714986207606216, 19.863132482145019 ], [ 76.668295599570698, 19.844911289911956 ], [ 76.618298318289007, 19.846806200413457 ], [ 76.552073784860667, 19.894723237086616 ], [ 76.498781997832523, 19.87079838297333 ], [ 76.431658606969762, 19.824020089428007 ], [ 76.380095170022329, 19.820123383526404 ], [ 76.298994656131256, 19.911093669213589 ], [ 76.244572996379347, 19.93299776520611 ], [ 76.232796510869733, 19.978978352460853 ], [ 76.266573159681528, 20.028941059545613 ], [ 76.268644069511225, 20.097772443389999 ], [ 76.316043021636659, 20.137584816405408 ], [ 76.366653657938713, 20.194568977983142 ], [ 76.349006258254363, 20.262114372302932 ], [ 76.262635810546101, 20.29431164816728 ], [ 76.205193733326027, 20.336310748889147 ], [ 76.184519234163218, 20.416771890473122 ], [ 76.095297833089759, 20.493373817939016 ], [ 76.04386559190651, 20.541022872825181 ], [ 76.003025808355275, 20.582859244321362 ], [ 76.010915386218727, 20.624408301077437 ], [ 76.009751781110154, 20.678918576361703 ], [ 76.042020488265422, 20.717452198465026 ], [ 76.091253045616128, 20.780254463204098 ], [ 76.102669071059083, 20.882012611830472 ], [ 76.094179280292963, 20.973857736832464 ], [ 76.15450221302801, 21.073853052433499 ], [ 76.255367722825326, 21.076005350732178 ], [ 76.358962787276567, 21.042223191883945 ], [ 76.420211079378348, 21.057497202800711 ], [ 76.420728183895946, 21.111900608661163 ], [ 76.513774921274717, 21.121120529606998 ], [ 76.56723408142679, 21.166522062901233 ], [ 76.567395237436486, 21.181816391502011 ], [ 76.592224271769254, 21.215999526533729 ], [ 76.74213046342237, 21.306287062315604 ], [ 76.7385009883577, 21.344561092815045 ], [ 76.753717860688013, 21.42278673723753 ], [ 76.800624807316026, 21.418465480061279 ], [ 76.852165347045627, 21.458049477590066 ], [ 76.832728101635411, 21.536643966924121 ], [ 76.876269942831584, 21.585863142129998 ], [ 76.927233575528888, 21.575722765454472 ], [ 77.025129272303715, 21.56118014575053 ], [ 77.089204587910245, 21.61199897819991 ], [ 77.189920302137864, 21.648930687808413 ], [ 77.246327320387479, 21.59465991500549 ], [ 77.346290263095398, 21.583724029326842 ], [ 77.486021781871074, 21.629472806627255 ], [ 77.56152469238441, 21.622592854937697 ], [ 77.594047552023412, 21.497874495673081 ], [ 77.609464727788932, 21.331377965434271 ], [ 77.653224926757744, 21.269541730732421 ], [ 77.754807170253727, 21.250712787849253 ], [ 77.795909466863705, 21.264854147964265 ], [ 77.882030628816025, 21.294441362144251 ], [ 78.024686542555841, 21.291936552917299 ], [ 78.151918224622165, 21.331627911662032 ], [ 78.339271844009801, 21.412049949624578 ], [ 78.430539248030726, 21.477051822412285 ], [ 78.459092285259842, 21.476462802741501 ], [ 78.504985106486998, 21.432962490929075 ], [ 78.492891463139259, 21.426740336497357 ], [ 78.454451882535778, 21.364273267010017 ], [ 78.398025564855089, 21.321257754346451 ], [ 78.386530708192126, 21.292242925294165 ], [ 78.347879914816275, 21.216614057331178 ], [ 78.293648972493116, 21.182463383534017 ], [ 78.177473899324042, 21.136931123397343 ], [ 78.108443042678047, 21.091646894250307 ], [ 78.101987051087065, 20.995048835419478 ], [ 78.129809149631058, 20.865585463547774 ], [ 78.158031418364061, 20.787456350110034 ], [ 78.226022044197407, 20.700823359267524 ], [ 78.277705946401525, 20.656549636331693 ], [ 78.32504527343059, 20.61596444018981 ] ] ] } },
{ "type": "Feature", "properties": { "state_name": "Bhutan", "id": 6 }, "geometry": { "type": "Polygon", "coordinates": [ [ [ 91.641132974688574, 27.855645197062202 ], [ 91.598048123697566, 27.803282295349543 ], [ 91.61005435117174, 27.787800192955679 ], [ 91.614513130905252, 27.732430965720283 ], [ 91.580146579953393, 27.663193169590073 ], [ 91.562369872232381, 27.590735571246316 ], [ 91.579917546417462, 27.534935572685058 ], [ 91.640814830683851, 27.488972062149358 ], [ 91.748933391785528, 27.469793773051379 ], [ 91.880687722601678, 27.468554351765587 ], [ 91.998318238636529, 27.452646150129311 ], [ 92.092116682594821, 27.426844414318612 ], [ 92.120481978395318, 27.383674015510007 ], [ 92.12130910665924, 27.314889066457869 ], [ 92.164072193749902, 27.264091021491058 ], [ 92.146641544051406, 27.219741162975829 ], [ 92.095476813925345, 27.192434046180349 ], [ 92.080776051751485, 27.048794090416202 ], [ 92.180403107251394, 26.954851388923348 ], [ 92.173201329838122, 26.875488860773483 ], [ 92.066232857130942, 26.821365220877869 ], [ 91.909072831039822, 26.845470712159155 ], [ 91.863370079687371, 26.826643356906622 ], [ 91.825261841820307, 26.789399458693293 ], [ 91.777559196763534, 26.774267240795346 ], [ 91.737957659565211, 26.769773927279868 ], [ 91.672005687946807, 26.762636800097077 ], [ 91.606160340395746, 26.782245858583021 ], [ 91.571030536839231, 26.764340996584433 ], [ 91.532683403797108, 26.759627340654664 ], [ 91.486765987560773, 26.782613177308676 ], [ 91.430625212329645, 26.771838438262051 ], [ 91.402484423199709, 26.748379298653902 ], [ 91.284910759108797, 26.743659990745211 ], [ 91.074292349387136, 26.742694805867075 ], [ 90.981292138216872, 26.755828132753933 ], [ 90.833228292248151, 26.729687806454596 ], [ 90.662939655372796, 26.730401896395847 ], [ 90.573604372616444, 26.761526496607743 ], [ 90.496534505996223, 26.797072855358756 ], [ 90.446824140693693, 26.833036134775728 ], [ 90.396310326257449, 26.816466525592933 ], [ 90.18903560010051, 26.749345915483087 ], [ 90.174565566619236, 26.709990289568939 ], [ 90.143743737856241, 26.674757159843594 ], [ 90.084632524416534, 26.661308174758631 ], [ 89.998979910484678, 26.663570270373842 ], [ 89.887911437187313, 26.67084496363552 ], [ 89.665295880480443, 26.66291277256359 ], [ 89.618312221084722, 26.67254947195152 ], [ 89.60423050574515, 26.684574156992028 ], [ 89.631534830532473, 26.723873570704459 ], [ 89.645915279440445, 26.753985751976046 ], [ 89.624259188623611, 26.76798738718302 ], [ 89.512073458286622, 26.778607554786177 ], [ 89.471058795356058, 26.794616193036521 ], [ 89.436680381072406, 26.821645571543918 ], [ 89.376820343725257, 26.803253485847275 ], [ 89.255838332020474, 26.766498906958333 ], [ 89.213020818990273, 26.779101041398352 ], [ 89.143210566596906, 26.836676738622064 ], [ 89.087181084619857, 26.920994287247208 ], [ 89.040655752289297, 26.925726203425185 ], [ 88.99228427810678, 26.947059666232466 ], [ 88.978831747332293, 26.975415050054217 ], [ 88.963877123774324, 27.04383132215942 ], [ 88.926398983022651, 27.079316646493119 ], [ 88.883241027937572, 27.090716023501081 ], [ 88.855339505646739, 27.10878865834162 ], [ 88.847627387678941, 27.152239181519523 ], [ 88.902183895578773, 27.203392397922691 ], [ 88.861152674401552, 27.299690810210688 ], [ 88.907916718511117, 27.306916936191687 ], [ 88.92743211975079, 27.325710010439774 ], [ 88.927829851997728, 27.330909691160937 ], [ 88.939514757367505, 27.338299395174616 ], [ 88.949940458079553, 27.351379353653247 ], [ 88.953149187999514, 27.369443109718247 ], [ 88.955430423447936, 27.398213663333998 ], [ 88.93278300385164, 27.439064047177954 ], [ 88.935600489818313, 27.473949448344431 ], [ 88.945020811629774, 27.49691734852555 ], [ 88.951605551927628, 27.513034262947873 ], [ 88.970490724859204, 27.542277673964307 ], [ 88.982116561583538, 27.552313727206379 ], [ 89.026608866056819, 27.584944695292609 ], [ 89.112997384343117, 27.642208259747353 ], [ 89.119608166773745, 27.650016505852555 ], [ 89.13812481302493, 27.66149818669296 ], [ 89.161559160611461, 27.682378568453444 ], [ 89.175061805938171, 27.705713524510077 ], [ 89.212619460850647, 27.748431092518949 ], [ 89.222740845979288, 27.764334792207283 ], [ 89.230523261607146, 27.786143367310107 ], [ 89.246404185980538, 27.803554923034476 ], [ 89.266872973074484, 27.819767912726213 ], [ 89.284324367015699, 27.83134698499558 ], [ 89.333185407907479, 27.863608740234163 ], [ 89.345183659125226, 27.870102069436964 ], [ 89.35270570462346, 27.884145683294506 ], [ 89.357405246967645, 27.900613126928867 ], [ 89.359585019647795, 27.927251621265192 ], [ 89.364003650084541, 27.947285050993397 ], [ 89.381704297368444, 27.971545282869574 ], [ 89.416487633573936, 27.993248351467724 ], [ 89.434990346377546, 28.017409810874263 ], [ 89.442274601475091, 28.040662766295746 ], [ 89.452488657828482, 28.062182636721239 ], [ 89.472279587273121, 28.084073467865274 ], [ 89.475187368038775, 28.086249173148889 ], [ 89.506281481331825, 28.105852259308467 ], [ 89.533331500340807, 28.117007494395985 ], [ 89.549318671480194, 28.129902476535843 ], [ 89.616033371976087, 28.154751500893045 ], [ 89.697358916753743, 28.161093021568249 ], [ 89.762639163975791, 28.172866862176829 ], [ 89.807161367476795, 28.20002007261316 ], [ 89.843114713143066, 28.239372009965418 ], [ 89.873896671578208, 28.266602436107799 ], [ 89.886620602616446, 28.275651564419768 ], [ 89.930330458210818, 28.299492656495424 ], [ 89.964687233554457, 28.310663178247957 ], [ 90.07175999013522, 28.293125546407637 ], [ 90.135849477237571, 28.297236444208647 ], [ 90.189630724059086, 28.315624305250466 ], [ 90.235879977512454, 28.314159027097233 ], [ 90.28771672342971, 28.308281057296252 ], [ 90.381060477267496, 28.273224006960461 ], [ 90.504620270375625, 28.255275859034644 ], [ 90.5447271765414, 28.243134594131732 ], [ 90.549531685139101, 28.221940624202951 ], [ 90.520881438994536, 28.19068245355988 ], [ 90.482683752363698, 28.170486582671554 ], [ 90.478247680025575, 28.165724870479387 ], [ 90.444344615778959, 28.13648565729747 ], [ 90.410309326622937, 28.097223736019156 ], [ 90.405635777105218, 28.069620937176296 ], [ 90.426860984136866, 28.033454449960857 ], [ 90.495883896320677, 28.031210100653237 ], [ 90.580572421803879, 28.03461354595235 ], [ 90.677923220555627, 28.062701269676097 ], [ 90.760024082510895, 28.051261465067014 ], [ 90.883489943682633, 28.012442978793295 ], [ 91.045490946714679, 27.967089585201546 ], [ 91.154166996112977, 27.97653354776546 ], [ 91.18825280067648, 27.991120966611398 ], [ 91.218411364858, 28.030456821682556 ], [ 91.240372278215077, 28.070779060460818 ], [ 91.258057458085958, 28.087322138857527 ], [ 91.291599147182438, 28.086979946418928 ], [ 91.363288136567874, 28.053945124008255 ], [ 91.518052030995477, 27.982677576419192 ], [ 91.615071201705888, 27.952030126563802 ], [ 91.628409038770528, 27.933600894430427 ], [ 91.62129098808353, 27.906532025901907 ], [ 91.619297167211471, 27.886217931492844 ], [ 91.618942282139713, 27.88260336086077 ], [ 91.641132974688574, 27.855645197062202 ] ] ] } },
{ "type": "Feature", "properties": { "state_name": "Bombay Presidency", "id": 7 }, "geometry": { "type": "MultiPolygon", "coordinates": [ [ [ [ 70.323411835563363, 23.173233658517546 ], [ 70.311041599768274, 23.164998208096403 ], [ 70.262763226340951, 23.12993064723743 ], [ 70.229262055222378, 23.093153850331028 ], [ 70.214524759166451, 23.072678957295008 ], [ 70.182313851973376, 23.043802719946513 ], [ 70.131438066619609, 22.997182093013528 ], [ 70.082497463369194, 22.962052913152384 ], [ 70.023191744928766, 22.936598655123593 ], [ 69.953809191211306, 22.912949829459958 ], [ 69.877330991363095, 22.894049959688054 ], [ 69.783567492072933, 22.863824082754736 ], [ 69.734036541057463, 22.847889715430608 ], [ 69.695824036149133, 22.838753854220265 ], [ 69.616546756528251, 22.83465644459385 ], [ 69.512251170447726, 22.852171403990624 ], [ 69.460679817587788, 22.856097210969743 ], [ 69.396867112329346, 22.857667954316199 ], [ 69.336138616852551, 22.859322605989338 ], [ 69.284772274057914, 22.858432925800781 ], [ 69.248485189403368, 22.86569542778458 ], [ 69.21720719537818, 22.875989588518649 ], [ 69.183628678021165, 22.891907879076516 ], [ 69.09981870119195, 22.927861264207113 ], [ 69.073001346976241, 22.936730137477205 ], [ 69.02354440698663, 22.959473364418958 ], [ 68.968605695367614, 22.981010398067177 ], [ 68.866698855510847, 23.043904902855388 ], [ 68.84504533177892, 23.057093593734901 ], [ 68.828077614940639, 23.069841231632886 ], [ 68.796657317243429, 23.093614973153297 ], [ 68.790494689004746, 23.099860289389657 ], [ 68.727565670898301, 23.182623656419487 ], [ 68.701045993673887, 23.202149009973809 ], [ 68.630436834626522, 23.23617135799466 ], [ 68.620587259713389, 23.247135131280764 ], [ 68.608024781432675, 23.280744274706191 ], [ 68.602920247690861, 23.304710909390746 ], [ 68.592879589755, 23.319220513046197 ], [ 68.562008171323143, 23.347064232238399 ], [ 68.552695647130179, 23.362312845192452 ], [ 68.55214202631069, 23.372957934769694 ], [ 68.555526915815008, 23.382349303238112 ], [ 68.561856423815314, 23.394711446007779 ], [ 68.559460351510864, 23.410967180504883 ], [ 68.553271104343608, 23.42563778620368 ], [ 68.541927053869216, 23.43510823342265 ], [ 68.496272951750285, 23.446773449862889 ], [ 68.445984349308816, 23.4694769933221 ], [ 68.430738272635978, 23.488960595187109 ], [ 68.43092858059984, 23.495184155524107 ], [ 68.441929468612841, 23.516506833753827 ], [ 68.455820427971588, 23.535533232154322 ], [ 68.455860722516434, 23.535842986549785 ], [ 68.468730812143562, 23.552257943363447 ], [ 68.463793212083544, 23.572192923058704 ], [ 68.443274326829851, 23.617523097551757 ], [ 68.446069725612816, 23.637794432441119 ], [ 68.457097486405829, 23.656660040932898 ], [ 68.471804517396308, 23.668260695676686 ], [ 68.539271085420651, 23.701440176916698 ], [ 68.604163756822373, 23.721994970581264 ], [ 68.652725487987652, 23.746612912185096 ], [ 68.670395026674939, 23.768760326059159 ], [ 68.671986519918576, 23.770541756722434 ], [ 68.707082517287802, 23.795096200296779 ], [ 68.733290537363942, 23.805253056972045 ], [ 68.754248976221689, 23.813247121289471 ], [ 68.774260713160643, 23.814059428952234 ], [ 68.785676333123362, 23.816644913513215 ], [ 68.803436232368966, 23.806478348753441 ], [ 68.829912546888878, 23.793736989804927 ], [ 68.856272370932629, 23.783366040510373 ], [ 68.876317824540479, 23.764168396400883 ], [ 68.907543963817133, 23.760170279190032 ], [ 68.938142833447102, 23.758521511541318 ], [ 68.985640277082041, 23.749432400699401 ], [ 69.024404915251807, 23.727607338028218 ], [ 69.070150112254098, 23.699847789816559 ], [ 69.106222075519469, 23.679798766870544 ], [ 69.134674491187425, 23.668023202280622 ], [ 69.159842414961929, 23.671834905644292 ], [ 69.186033708601656, 23.687588832710134 ], [ 69.193230176825054, 23.700243807490658 ], [ 69.203726699417857, 23.720167462709725 ], [ 69.210852349852303, 23.746156415704707 ], [ 69.233171338168958, 23.744611948708378 ], [ 69.332803913003133, 23.785944085850705 ], [ 69.413276590615027, 23.828907332908731 ], [ 69.470133273708115, 23.868127985159955 ], [ 69.495010202043829, 23.892369576044072 ], [ 69.538648643399867, 23.914419140861678 ], [ 69.606137381444299, 23.936823451407733 ], [ 69.645340285668738, 23.929144305350903 ], [ 69.672605038659356, 23.909125589640279 ], [ 69.694767007231775, 23.909377970505666 ], [ 69.713539397520435, 23.909589239055695 ], [ 69.741050584792575, 23.921497236392032 ], [ 69.759437138831586, 23.941191597042682 ], [ 69.774339539914564, 23.94456043277075 ], [ 69.78866727735209, 23.936469230598856 ], [ 69.892671420321165, 23.9423549243118 ], [ 69.913438939684568, 23.915397636244013 ], [ 69.969075824257644, 23.924860724247164 ], [ 69.978731194919632, 23.916596224887776 ], [ 69.996238525080869, 23.879506473827462 ], [ 70.004683158393334, 23.86214212336975 ], [ 70.00535450585906, 23.83117585106492 ], [ 69.982649991450089, 23.815181310388976 ], [ 69.982435879571554, 23.780373076563617 ], [ 69.99148181539455, 23.76064469561155 ], [ 70.002094474686089, 23.740489444889562 ], [ 70.004176897313599, 23.672382888517859 ], [ 69.9977383172982, 23.651198096846752 ], [ 69.99235295457153, 23.629570653678634 ], [ 69.989398354571904, 23.598487206425165 ], [ 69.992380406150403, 23.588095416269827 ], [ 70.007135451657987, 23.58094362741436 ], [ 70.018146775502103, 23.577007193982293 ], [ 70.039256686874424, 23.579591224416973 ], [ 70.047929267550998, 23.570858117757304 ], [ 70.547554667299167, 23.648780626367238 ], [ 70.575108338776261, 23.669512147022679 ], [ 70.62475739667272, 23.718150779192804 ], [ 70.63516651000694, 23.732279346823027 ], [ 70.663572645466388, 23.750730760326221 ], [ 70.672715833338529, 23.771977663103026 ], [ 70.671016125749716, 23.791965919440017 ], [ 70.660509039989591, 23.811706066670862 ], [ 70.642633528868032, 23.834575823191052 ], [ 70.631129601647459, 23.852853656878459 ], [ 70.621128630918264, 23.872604134901991 ], [ 70.621357738717919, 23.881197085219352 ], [ 70.645141208353508, 23.899046404131347 ], [ 70.691711562676716, 23.918488361749898 ], [ 70.74792937489417, 23.929121036320755 ], [ 70.787162071107133, 23.919707539618592 ], [ 70.810393624071722, 23.907461862731985 ], [ 70.83709755875735, 23.900077447359831 ], [ 70.860564877712932, 23.880195606440829 ], [ 70.887004975583778, 23.880905676478019 ], [ 70.910650405586765, 23.87151681814321 ], [ 70.931551715979438, 23.866822849789749 ], [ 70.942128429986923, 23.860422223929973 ], [ 70.964953093293772, 23.860545766993109 ], [ 70.972950757993956, 23.853597907925579 ], [ 71.021739462044536, 23.852958987640125 ], [ 71.03508768315065, 23.857598431850803 ], [ 71.053896617210711, 23.853310234711397 ], [ 71.063156457069582, 23.855933564729973 ], [ 71.080525544207433, 23.864967023575112 ], [ 71.1184686561718, 23.88024639932717 ], [ 71.134360609689239, 23.88685098019063 ], [ 71.167879804561508, 23.911791434481223 ], [ 71.203192394229148, 23.929134109751871 ], [ 71.234153734894349, 23.926794829039732 ], [ 71.295852596030102, 23.975309398574645 ], [ 71.328870301109035, 24.004411328607482 ], [ 71.335381619583444, 24.010148232060232 ], [ 71.355650278486337, 24.037600008530518 ], [ 71.353259254057079, 24.057828521895463 ], [ 71.350600511162682, 24.078289149826688 ], [ 71.341827341539386, 24.094307513486335 ], [ 71.329888300500841, 24.130056771925268 ], [ 71.322948195218274, 24.154470115979546 ], [ 71.324439678440584, 24.184098153264728 ], [ 71.29384256043528, 24.198629342571955 ], [ 71.272793942536794, 24.206706142621186 ], [ 71.267995787556742, 24.210645305539874 ], [ 71.263728813633591, 24.232017595522841 ], [ 71.271259276323633, 24.268236315812391 ], [ 71.272613317432018, 24.284258060941575 ], [ 71.300937412287595, 24.304042163056657 ], [ 71.32651798249104, 24.319937009065768 ], [ 71.346454408874749, 24.33306701853191 ], [ 71.351235800861545, 24.347978335838455 ], [ 71.352551527155299, 24.365669908668114 ], [ 71.35102323931379, 24.400714097989592 ], [ 71.352975674242643, 24.423432577144734 ], [ 71.35833546726785, 24.445517312311072 ], [ 71.351306977933191, 24.46324606389571 ], [ 71.333880811688971, 24.479767411629652 ], [ 71.318583544116194, 24.494667806890391 ], [ 71.309370268707013, 24.515442648515343 ], [ 71.303049008493787, 24.535333080485088 ], [ 71.294554287993776, 24.549203710380247 ], [ 71.29810300215064, 24.574646728529075 ], [ 71.308225045153435, 24.569599851874159 ], [ 71.348921257267634, 24.551978737835423 ], [ 71.445214230881447, 24.52373477404398 ], [ 71.531940517401125, 24.519550179428528 ], [ 71.539083391348811, 24.52012605093509 ], [ 71.623054203676503, 24.526870376096458 ], [ 71.698541266716617, 24.556972633938738 ], [ 71.706719194408151, 24.560230767676039 ], [ 71.789283329516849, 24.556762484696399 ], [ 71.886462573566362, 24.511057225878055 ], [ 71.948053985343535, 24.488919842275259 ], [ 71.986341478794657, 24.480617001836062 ], [ 72.027938799003692, 24.486694346428592 ], [ 72.089443571156281, 24.512246623626524 ], [ 72.151557450029031, 24.512000023764617 ], [ 72.229721961974931, 24.517754117485001 ], [ 72.263461182422645, 24.526488822134528 ], [ 72.341583810290118, 24.559884952334954 ], [ 72.396364187024147, 24.562274713409327 ], [ 72.426085195826573, 24.538905241810678 ], [ 72.437772907144307, 24.503283534409405 ], [ 72.425110698343389, 24.458650202590672 ], [ 72.421174433058795, 24.421329369341461 ], [ 72.438159848256319, 24.406811892329902 ], [ 72.478772692506368, 24.384090258676082 ], [ 72.571059007280525, 24.385121041768659 ], [ 72.631168239601863, 24.377952977077108 ], [ 72.669895668611588, 24.313589867205199 ], [ 72.696425621964536, 24.287722270509793 ], [ 72.789439986362723, 24.213149111266063 ], [ 72.832474590556416, 24.199213453105607 ], [ 72.882655567201013, 24.182943923109189 ], [ 72.935142004382598, 24.189874747833041 ], [ 72.974519001188284, 24.202824736208967 ], [ 72.998427389161449, 24.239449881087278 ], [ 73.003627830318592, 24.273438461651082 ], [ 73.003685707829376, 24.303059613911145 ], [ 73.056012272353072, 24.324282107654504 ], [ 73.112035382301514, 24.343622355305101 ], [ 73.127881860315327, 24.365318350681136 ], [ 73.146681760997282, 24.399471054842941 ], [ 73.169240191140119, 24.426978513476236 ], [ 73.207876042092892, 24.425530045736974 ], [ 73.228859169302552, 24.41757722848239 ], [ 73.245501257602044, 24.402720864060868 ], [ 73.262726888515701, 24.344867999437565 ], [ 73.269733153935192, 24.289762811733802 ], [ 73.309534821815092, 24.236457932603422 ], [ 73.308303294553554, 24.211359409824116 ], [ 73.300736998205423, 24.192640719908407 ], [ 73.263520169385885, 24.17143677603374 ], [ 73.228885977306632, 24.133770224455283 ], [ 73.209833933019993, 24.099863377867074 ], [ 73.209198318746118, 24.03320303669096 ], [ 73.238476774939699, 24.003440850055757 ], [ 73.288580763459393, 23.990390744522092 ], [ 73.306651880854162, 23.980557161722306 ], [ 73.310322884142906, 23.938310413788248 ], [ 73.330450804620739, 23.889075357960973 ], [ 73.368078119474404, 23.872277052863289 ], [ 73.395301276360357, 23.8768638562908 ], [ 73.433049456593977, 23.913807999938015 ], [ 73.482474483688705, 23.954443326051248 ], [ 73.508283883287419, 23.948245262725937 ], [ 73.528104674291555, 23.91976511274008 ], [ 73.530986288890787, 23.871767777726799 ], [ 73.510418709553136, 23.829996344039774 ], [ 73.514697642593262, 23.796348356942886 ], [ 73.545402556924373, 23.767251980469549 ], [ 73.561442293232346, 23.725110481567508 ], [ 73.546301133750163, 23.686261179043353 ], [ 73.509448435688029, 23.641468882214649 ], [ 73.48804330455188, 23.608288672424631 ], [ 73.497727855467105, 23.577559940488147 ], [ 73.521481525192925, 23.539796507082183 ], [ 73.587867467432943, 23.51173992998535 ], [ 73.621947639541517, 23.523514741439165 ], [ 73.671395352208975, 23.554052365391925 ], [ 73.720463682320769, 23.545861564629313 ], [ 73.782519776566531, 23.477539819394423 ], [ 73.808127151795176, 23.395295960496778 ], [ 73.826261246288482, 23.372711819598592 ], [ 73.848169867122806, 23.34541332635396 ], [ 73.883340221782689, 23.317708741418986 ], [ 73.954847991631894, 23.306014313043889 ], [ 74.031798108006896, 23.291452824319297 ], [ 74.067573666731505, 23.280915482913048 ], [ 74.068410445341868, 23.280214675369063 ], [ 74.105815324906601, 23.248875471357874 ], [ 74.172007878882738, 23.209805621618749 ], [ 74.225701833739436, 23.179966463929144 ], [ 74.279517919504542, 23.12286369139591 ], [ 74.272853942207888, 23.064757525545428 ], [ 74.274565802488809, 23.061964582467635 ], [ 74.301767016265913, 23.017566541637322 ], [ 74.351579737733459, 22.967588437013177 ], [ 74.374021858134824, 22.968401565137114 ], [ 74.347263582297956, 22.881735213655237 ], [ 74.360984087447889, 22.843550280758237 ], [ 74.386888414989485, 22.817361482712439 ], [ 74.423732975270099, 22.792403148920439 ], [ 74.434867873280339, 22.748823822272904 ], [ 74.437662146650979, 22.695653815397947 ], [ 74.424947084304776, 22.6561717119558 ], [ 74.338967123181263, 22.560185697949475 ], [ 74.325058846527057, 22.544642197084549 ], [ 74.289146530622489, 22.522976500947085 ], [ 74.268028481490816, 22.516661082046181 ], [ 74.193100946057399, 22.996380953537297 ], [ 73.446678268139678, 22.518902121893809 ], [ 73.421576946397991, 22.518660167812246 ], [ 73.370918455681718, 22.506805076403257 ], [ 73.335871732732684, 22.507342822826939 ], [ 73.300825274873901, 22.507872922584411 ], [ 73.25170016376039, 22.481755033679136 ], [ 73.004305212961313, 22.516544975827703 ], [ 73.018710862961356, 22.544668724517564 ], [ 73.024054628397721, 22.575794414512604 ], [ 72.993144573892422, 22.578397724891602 ], [ 72.945900397769705, 22.598108177928708 ], [ 72.908120181657267, 22.629275705027354 ], [ 72.859949975183255, 22.62386193507033 ], [ 72.824845668763217, 22.606069386838083 ], [ 72.822193692021358, 22.570198378702166 ], [ 72.821379939204462, 22.542268862556021 ], [ 72.657415121448835, 22.565326433075121 ], [ 73.914426692523818, 22.938616457408202 ], [ 73.355529209109747, 23.066600127336969 ], [ 73.908561383809186, 23.132327459648817 ], [ 73.554581455795045, 23.167712369047241 ], [ 72.946717121305994, 23.274151034930053 ], [ 72.928576370966127, 23.297841146884846 ], [ 72.927281640294552, 23.339630250927883 ], [ 72.922178409132357, 23.376590720863568 ], [ 72.922219541108078, 23.415410907896977 ], [ 72.943195946389594, 23.441335569056005 ], [ 72.953973028766583, 23.454650174769696 ], [ 72.963232143068367, 23.484035681531054 ], [ 72.956105580664669, 23.568151131193392 ], [ 72.920171836806915, 23.669200014014613 ], [ 72.866651856828014, 23.810304198063545 ], [ 72.803571527058651, 23.855997344464807 ], [ 72.740207348450554, 23.90217047844359 ], [ 72.66730875352556, 23.90716690098721 ], [ 72.607175987489143, 23.899554922223984 ], [ 72.548001081875157, 23.896711790978525 ], [ 72.49041021215551, 23.919665252680694 ], [ 72.437995816189414, 23.942682129080172 ], [ 72.357019704789238, 23.989071179570374 ], [ 72.316070444311919, 24.008419089159243 ], [ 72.269437321936593, 24.000908608086373 ], [ 72.226419990523297, 23.970525766330081 ], [ 72.184690170078952, 23.921267776799976 ], [ 72.142045041639236, 23.876066733299165 ], [ 72.092978499030437, 23.840763443412765 ], [ 72.042480259515642, 23.801121102366416 ], [ 71.982116510049636, 23.785625568406289 ], [ 71.962826918396061, 23.775260165656722 ], [ 72.013211292838534, 23.588900100601172 ], [ 72.059629337403138, 23.566906392896357 ], [ 72.097047066184899, 23.514480837825946 ], [ 72.108730860150331, 23.47961891099925 ], [ 72.117124430280967, 23.454560184240023 ], [ 72.173082711598838, 23.409616483021331 ], [ 72.630255215040563, 22.264686701198805 ], [ 72.612041719963742, 22.259381883728533 ], [ 72.604151412846932, 22.256316786697855 ], [ 72.604061070833822, 22.256302010398091 ], [ 72.560375292512944, 22.244902227861282 ], [ 72.538391460247794, 22.24743715080265 ], [ 72.516400823588867, 22.250327234181942 ], [ 72.497974755410837, 22.2475363518971 ], [ 72.483346237927407, 22.247668702670527 ], [ 72.482069148440615, 22.247200173439936 ], [ 72.475164426747696, 22.247201526589979 ], [ 72.451998068034371, 22.236004256007863 ], [ 72.446088863955566, 22.228529750982151 ], [ 72.432247510142403, 22.212640986472113 ], [ 72.399502678201756, 22.213570568322908 ], [ 72.383713978954034, 22.218496965665473 ], [ 72.433209586916433, 22.035424240799788 ], [ 72.104955548411468, 21.913061353764025 ], [ 72.116942504777526, 21.902098630233411 ], [ 72.127628142346467, 21.877934663333225 ], [ 72.126999768961582, 21.865784613709362 ], [ 72.12605076555073, 21.862575866633023 ], [ 72.109582956217622, 21.852800580221551 ], [ 72.081445168094433, 21.857372022505643 ], [ 72.072434721438796, 21.869310036744164 ], [ 72.057024644878069, 21.890886819849914 ], [ 72.052792904902546, 21.893616744082333 ], [ 71.916435560761428, 21.842786970978462 ], [ 71.920973937230883, 21.832755192778485 ], [ 71.935249306878347, 21.826230530920764 ], [ 71.941072901854085, 21.820714705655128 ], [ 71.970089393842997, 21.809071441913662 ], [ 72.00972597222318, 21.802988510520596 ], [ 72.054933572689038, 21.786964914996108 ], [ 72.069966853871463, 21.783291831942833 ], [ 72.083776849978079, 21.783178019031642 ], [ 72.104112258490161, 21.78281935008069 ], [ 72.12979442089042, 21.783625881621049 ], [ 72.132687212072071, 21.782984434714667 ], [ 72.165581159485384, 21.759898342156443 ], [ 72.190791720821835, 21.725531802068463 ], [ 72.19476491901392, 21.718066159986783 ], [ 71.371093676951958, 21.191172224481996 ], [ 71.376526544603109, 21.213053518796507 ], [ 71.368969375078208, 21.272089967871704 ], [ 71.367153295612567, 21.304514579339564 ], [ 71.374619862637147, 21.332365653108496 ], [ 71.424691650645769, 21.368769275557881 ], [ 71.479198056374059, 21.433900868842091 ], [ 71.492522804663437, 21.480670822861612 ], [ 71.494251464964208, 21.486736785024796 ], [ 71.502057592061377, 21.544194884540349 ], [ 71.482288286300488, 21.602026626022077 ], [ 71.412570391206032, 21.654961721045922 ], [ 71.173312931024071, 21.656489289773564 ], [ 71.151134326727544, 21.57750462362554 ], [ 71.162641318426907, 21.528129416337013 ], [ 71.16198728140165, 21.436468854601021 ], [ 71.14405510647785, 21.38164231538245 ], [ 71.097244440231108, 21.340465430682791 ], [ 71.02561897898444, 21.313966216819253 ], [ 70.996951166739152, 21.281786443486389 ], [ 70.999838553014129, 21.250356097154068 ], [ 71.047995946158238, 21.200901768464757 ], [ 71.160594216353729, 21.176771952991622 ], [ 71.20150418321569, 21.169105032341164 ], [ 71.242869540484293, 21.143297897201968 ], [ 71.270684047793196, 21.126941227977131 ], [ 71.018899013944036, 20.965876957900299 ], [ 70.98413007485442, 21.054546207542494 ], [ 70.951206774395587, 21.073449778586486 ], [ 70.898100159040652, 21.063224945988473 ], [ 70.862247955992373, 21.049827163175298 ], [ 70.795827755190587, 21.039246947380178 ], [ 70.74379124491432, 20.925222639148405 ], [ 70.684792433790022, 20.800746005875499 ], [ 70.657708679967115, 20.808211690260229 ], [ 70.640535254254445, 20.812942831862074 ], [ 70.603342361538395, 20.835607411030804 ], [ 70.548168919102238, 20.859512997377028 ], [ 70.530089307694283, 20.867340580604615 ], [ 70.491014875733995, 20.875615559177504 ], [ 70.46009072803605, 20.891253122924169 ], [ 70.301511682520328, 21.020025049210641 ], [ 70.171803236436602, 21.120103701407963 ], [ 70.17152055896068, 21.120343450871726 ], [ 70.060471448925952, 21.214418965393261 ], [ 70.05178502353435, 21.221768472475418 ], [ 69.948255265954032, 21.327392205258022 ], [ 69.913035686092044, 21.360626695549996 ], [ 69.799822851058309, 21.467283630404719 ], [ 69.749118637850643, 21.517886327136441 ], [ 69.675485772076186, 21.609197429110679 ], [ 69.591513120772333, 21.687969541365 ], [ 69.535192219608689, 21.721141571654638 ], [ 69.456300161501318, 21.793678908091458 ], [ 69.451926644323777, 21.797696389617311 ], [ 69.413922760863755, 21.840820189876538 ], [ 69.407889983777906, 21.847661938848486 ], [ 69.364672453746621, 21.88889871101113 ], [ 69.352209679798321, 21.900782700144592 ], [ 69.295878618632017, 21.945313480781653 ], [ 69.307225922736166, 22.070291036301494 ], [ 69.273374316366045, 22.287930561201847 ], [ 69.296622067422717, 22.300333319204288 ], [ 69.379145660661777, 22.320806372329756 ], [ 69.402907381313554, 22.322793160946599 ], [ 69.463002001823398, 22.32780964795386 ], [ 69.483492962522703, 22.334202425264618 ], [ 69.500943947724579, 22.35449672398655 ], [ 69.519970372421596, 22.366686973022702 ], [ 69.562556409141919, 22.371370489435805 ], [ 69.684195586357006, 22.374682722569986 ], [ 69.714749894046065, 22.393032842766061 ], [ 69.745325524363295, 22.411393138471965 ], [ 69.770926865007851, 22.42259928232798 ], [ 69.787694133448852, 22.425378913072237 ], [ 69.813652824587692, 22.42371268666783 ], [ 69.838314970662736, 22.422006120968742 ], [ 69.861649228350629, 22.421429830895896 ], [ 69.883625098782815, 22.423154679759953 ], [ 69.925390589122514, 22.460492250375129 ], [ 69.952883285497336, 22.499830499484148 ], [ 69.965124125287787, 22.528261594022254 ], [ 69.976549125715536, 22.537921346681237 ], [ 70.001020114778626, 22.544380760143881 ], [ 70.147319241097364, 22.551329116563672 ], [ 70.194972370414305, 22.564130927411885 ], [ 70.230921758516899, 22.579006816312329 ], [ 70.209762957985916, 22.570252707467965 ], [ 70.053209913556231, 22.546886206870909 ], [ 70.086408623430273, 22.5659901543012 ], [ 70.201709694997703, 22.580177103024127 ], [ 70.232093850345535, 22.592528647706935 ], [ 70.263370338968244, 22.646390687212115 ], [ 70.279303640053428, 22.676190721225037 ], [ 70.295609844423367, 22.695270799373763 ], [ 70.314377622725829, 22.710129921276685 ], [ 70.319209460620357, 22.726725167913671 ], [ 70.319004428292175, 22.755333842922298 ], [ 70.318418420023278, 22.772485416461826 ], [ 70.330812717011398, 22.79359513119897 ], [ 70.349905485388064, 22.822054247373419 ], [ 70.353923483917825, 22.840056448025194 ], [ 70.364232983738532, 22.854665478607945 ], [ 70.375194538728763, 22.872870139873491 ], [ 70.386449230710213, 22.882498012540953 ], [ 70.405660806834959, 22.885201701129699 ], [ 70.412819859113156, 22.87896997070645 ], [ 70.412938286055081, 22.852502474185211 ], [ 70.426503985081666, 22.839300277494221 ], [ 70.428617605805613, 22.838634196854187 ], [ 70.438985662793712, 22.835366305204339 ], [ 70.464267409244314, 22.841098063255412 ], [ 70.504294108426208, 22.867993270318433 ], [ 70.532623174491846, 22.898844419392272 ], [ 70.54457081438332, 22.922225019953281 ], [ 70.549317693016206, 22.931512280982481 ], [ 70.56077884814205, 22.959023945153429 ], [ 70.585103595881378, 23.018303218638433 ], [ 70.323411835563363, 23.173233658517546 ] ], [ [ 73.908561383809186, 23.132327459648817 ], [ 73.907332009116985, 23.136196875901728 ], [ 73.905379318474715, 23.142342390285812 ], [ 73.908561383809186, 23.132327459648817 ] ], [ [ 73.554581455795045, 23.167712369047241 ], [ 73.619026873061202, 23.183822897156656 ], [ 73.578079804848869, 23.173590115161165 ], [ 73.554581455795045, 23.167712369047241 ] ], [ [ 69.887365390000767, 21.862945698424156 ], [ 69.903978420387034, 21.868551909240143 ], [ 69.887360352252216, 21.862944400436252 ], [ 69.887365390000767, 21.862945698424156 ] ], [ [ 69.887360352252216, 21.862944400436252 ], [ 69.880639760170553, 21.860676076457434 ], [ 69.887361390573119, 21.862944348782698 ], [ 69.887360352252216, 21.862944400436252 ] ], [ [ 69.734385599333208, 23.521957262839589 ], [ 69.703492633508759, 23.519000000417979 ], [ 69.697948958132073, 23.528342522676748 ], [ 69.642967770088006, 23.533126375019979 ], [ 69.603002742412755, 23.549849908635011 ], [ 69.586290144717722, 23.554032671083107 ], [ 69.56536896318751, 23.559972044974842 ], [ 69.536029674406436, 23.569423743046354 ], [ 69.512087282366892, 23.573342613966915 ], [ 69.476976784810248, 23.608414960598388 ], [ 69.450333889970338, 23.615762996841863 ], [ 69.439839096961066, 23.607167501280848 ], [ 69.3581796196423, 23.603497663555409 ], [ 69.347838342198202, 23.609551699019743 ], [ 69.304264728429374, 23.612955849677352 ], [ 69.293672905191912, 23.624712877790643 ], [ 69.241829902476866, 23.622076808294249 ], [ 69.241853152939669, 23.603857814112548 ], [ 69.256116845055658, 23.587954027128834 ], [ 69.277728652256783, 23.581251657018168 ], [ 69.298982762049405, 23.573818167303855 ], [ 69.339313062558489, 23.546356392389278 ], [ 69.372472206777076, 23.532199194975675 ], [ 69.404600862409907, 23.514780675812617 ], [ 69.444872930874823, 23.506221690923176 ], [ 69.491406735359973, 23.496086738850575 ], [ 69.511746402943274, 23.482154727674473 ], [ 69.524983074946761, 23.461894103692728 ], [ 69.547889404538807, 23.4512626917186 ], [ 69.574382758424093, 23.447542835891987 ], [ 69.58941788991109, 23.458788309795345 ], [ 69.620826339508682, 23.458090661609678 ], [ 69.656954212680219, 23.436460672077828 ], [ 69.677699762976857, 23.450396378114004 ], [ 69.693548601900403, 23.460945984413254 ], [ 69.70118816658028, 23.473359448409223 ], [ 69.73927897761277, 23.499674875119819 ], [ 69.734385599333208, 23.521957262839589 ] ], [ [ 70.521179709175783, 22.31579008152255 ], [ 70.514867634877433, 22.326306948186822 ], [ 70.507097479992481, 22.339250217294651 ], [ 70.521179709175783, 22.31579008152255 ] ], [ [ 70.87787851877485, 21.813668898504019 ], [ 70.825056796963892, 21.811644025464162 ], [ 70.805396623618321, 21.810886051124573 ], [ 70.87787851877485, 21.813668898504019 ] ], [ [ 70.284926377110224, 21.681407407533118 ], [ 70.244184441722325, 21.615807515798398 ], [ 70.234046476061522, 21.599475250751365 ], [ 70.284926377110224, 21.681407407533118 ] ], [ [ 70.720985331470175, 21.659377231053234 ], [ 70.723050118443993, 21.641299762522429 ], [ 70.723028861011912, 21.641485916450137 ], [ 70.720985331470175, 21.659377231053234 ] ], [ [ 71.485935675897295, 23.90091502578241 ], [ 71.485932018552703, 23.900915532467135 ], [ 71.461341687813388, 23.879627535724072 ], [ 71.485935675897295, 23.90091502578241 ] ] ], [ [ [ 73.367611271849057, 20.418073217466272 ], [ 74.269280173213787, 18.159959331036376 ], [ 74.912393138552488, 18.391147962056774 ], [ 74.673994462862595, 19.917483793124241 ], [ 74.695807602189021, 19.879958181506083 ], [ 74.741347607375005, 19.851338388553895 ], [ 74.73762781648189, 19.808295166422681 ], [ 74.777536289584589, 19.722272930230439 ], [ 74.864665010278785, 19.700840561308326 ], [ 74.942307916435524, 19.670396492419627 ], [ 74.989639403236808, 19.611226769814074 ], [ 75.0180246210071, 19.602259664842954 ], [ 75.10129741378374, 19.620165068823017 ], [ 75.152395295428065, 19.620129074863595 ], [ 75.22801982889213, 19.566250437086044 ], [ 75.309366701799931, 19.564336048090812 ], [ 75.341411044438118, 19.508686312088901 ], [ 75.337476430548918, 19.435168284250928 ], [ 75.431902511023281, 19.400895500679777 ], [ 75.465768009412983, 19.347012886323157 ], [ 75.444830550501294, 19.289679133371234 ], [ 75.406964815520567, 19.252107473213133 ], [ 75.350303030618321, 19.245051356486865 ], [ 75.355894071470161, 19.210966962820191 ], [ 75.37276678377296, 19.15892617434125 ], [ 75.414239352683666, 19.140903809055352 ], [ 75.397119822882942, 19.083553950953839 ], [ 75.365044872605694, 19.080033515380144 ], [ 75.293353963500323, 19.072987990440062 ], [ 75.261285759722213, 19.071242824345017 ], [ 75.223610206951221, 19.107160178042321 ], [ 75.210474465442459, 19.162770552945037 ], [ 75.138770166242452, 19.17539239732039 ], [ 75.095363520485279, 19.180800225655538 ], [ 75.046287970019833, 19.173645625846312 ], [ 75.029300112817978, 19.164682191355539 ], [ 75.000990884298318, 19.114469542407889 ], [ 74.938758417929208, 19.037342992358191 ], [ 74.88784739545379, 19.028352044248596 ], [ 74.876555617479767, 18.99785681547565 ], [ 74.887895425542112, 18.95661534912572 ], [ 74.938795774939535, 18.935117994791682 ], [ 74.972734024584057, 18.84724751422911 ], [ 75.023584278448766, 18.780890177655383 ], [ 75.142148218617166, 18.707305560170703 ], [ 75.212184242317207, 18.638936264536618 ], [ 75.226734005243983, 18.62472261367428 ], [ 75.226686508944965, 18.588852998986273 ], [ 75.226561166608207, 18.493797860644214 ], [ 75.264126324378438, 18.47402064700114 ], [ 75.301701598744202, 18.464997041434838 ], [ 75.305378100784466, 18.418360008296268 ], [ 75.327854073403969, 18.380658831305745 ], [ 75.384169969254557, 18.362618414810473 ], [ 75.391614541323364, 18.332113582663958 ], [ 75.37272718881087, 18.281932842323044 ], [ 75.382047732372001, 18.251424489618312 ], [ 75.434451180699526, 18.188539344151497 ], [ 75.532025057133367, 18.188293811350309 ], [ 75.556298967761819, 18.150561346429463 ], [ 75.586135697025853, 18.09666746871623 ], [ 75.608554010254991, 18.071488885224493 ], [ 75.608356670623223, 18.014096915644739 ], [ 75.613726155296035, 17.940545282783013 ], [ 75.656762689931867, 17.924262869137099 ], [ 75.705510570389364, 17.93305968487585 ], [ 75.725996347991526, 17.902494647255935 ], [ 75.767170343806555, 17.893369262932133 ], [ 75.81217568771514, 17.903947665447124 ], [ 75.901902000800362, 17.865890204476354 ], [ 75.988101084020727, 17.874439574237382 ], [ 76.040886570059726, 17.933346554845272 ], [ 76.089618351123931, 17.93666619632474 ], [ 76.120994065347773, 17.861167174266349 ], [ 76.113102343502007, 17.796651291858627 ], [ 76.114596485092804, 17.735668083894335 ], [ 76.161322307277686, 17.726430358016767 ], [ 76.178221957200819, 17.735296403549338 ], [ 76.23282112690454, 17.783380449933475 ], [ 76.25699113651379, 17.759913900961756 ], [ 76.311120808684223, 17.739833325987561 ], [ 76.359624443369114, 17.719777509243571 ], [ 76.351952317088873, 17.694724937138272 ], [ 76.340329143482037, 17.641006515744508 ], [ 76.35873585228704, 17.601428722970734 ], [ 76.332020545431661, 17.528085822491665 ], [ 76.337325837418604, 17.486804303135976 ], [ 76.351944040536125, 17.441873002875408 ], [ 76.319939979579559, 17.408014655902434 ], [ 76.239488031907513, 17.388803781510894 ], [ 76.161189918195078, 17.412588918832739 ], [ 76.097730354191185, 17.421915572474916 ], [ 76.088081970127803, 17.369958389270433 ], [ 76.098626832662575, 17.258706165934591 ], [ 76.133761739546458, 17.204707321678438 ], [ 76.159929348849047, 17.211732185968369 ], [ 76.255407734849953, 17.257787924702455 ], [ 76.301991308743894, 17.246731362418227 ], [ 76.305522182149716, 17.218014685182766 ], [ 76.262143507110864, 17.150142243025062 ], [ 76.289825942163489, 17.10692612281612 ], [ 76.338221759603925, 17.094058557898517 ], [ 76.339919885599784, 17.070733579359704 ], [ 76.307787493171318, 17.008174507196102 ], [ 76.333298965549815, 16.925513091747018 ], [ 76.295768691206547, 16.886299153850501 ], [ 76.323134963516196, 16.803627094565812 ], [ 76.387673888373868, 16.717119190369012 ], [ 76.396574671365343, 16.661463977115655 ], [ 76.355267579703735, 16.607935280383391 ], [ 76.360519492497474, 16.561271656473924 ], [ 76.369449883978476, 16.509203468458871 ], [ 76.305967886457253, 16.468359728257045 ], [ 76.294423983383567, 16.409245922037929 ], [ 76.342217646932312, 16.333619814557572 ], [ 76.339945689949388, 16.272655482436626 ], [ 76.276815844055747, 16.273045731315765 ], [ 76.222824182772044, 16.250048148248261 ], [ 76.230005485264684, 16.210548035916947 ], [ 76.277794204519523, 16.136730264943392 ], [ 76.308879094938845, 16.066593492081495 ], [ 76.299302611243803, 16.02001927772568 ], [ 76.256729394005561, 16.032827897298429 ], [ 76.164322924491984, 16.088952113017644 ], [ 76.075351783092927, 16.103767493717999 ], [ 76.034385512280863, 16.075270624509887 ], [ 76.019225441951946, 16.012563487427066 ], [ 75.993279697407786, 16.016272527536504 ], [ 75.941468959833884, 16.041618468900513 ], [ 75.871070123746748, 16.061647586785654 ], [ 75.830058083222639, 16.013378052678313 ], [ 75.82993220615883, 15.982883939074085 ], [ 75.877291701608982, 15.898649230995492 ], [ 75.901682887312717, 15.855236472304467 ], [ 75.959011372490707, 15.829877481310978 ], [ 75.986708826774418, 15.810021892959568 ], [ 75.979082701108965, 15.765212131987221 ], [ 75.997133927752486, 15.668266428132229 ], [ 75.97281981434935, 15.616355697516601 ], [ 75.935500246838686, 15.550146394980224 ], [ 75.942754952039195, 15.517826591727282 ], [ 75.949884956502942, 15.458599596609574 ], [ 75.932862671029682, 15.374360928806182 ], [ 75.941841315128144, 15.315125833692047 ], [ 75.984366317478973, 15.265288895833809 ], [ 75.978148221504355, 15.199302115866523 ], [ 75.92616827113774, 15.140682408645365 ], [ 75.847749962038478, 15.112287516222443 ], [ 75.759164628718807, 15.126953899731475 ], [ 75.739809375243468, 15.083962670843162 ], [ 75.742544814580853, 15.020805524510893 ], [ 75.708248167270185, 14.986792600874365 ], [ 75.687733677526566, 14.966439933249665 ], [ 75.703627739677032, 14.860185624212482 ], [ 75.71812800889154, 14.7826387775716 ], [ 75.738734979656101, 14.769656739960348 ], [ 75.721350824559437, 14.675956863539433 ], [ 75.713718132221061, 14.595247882389982 ], [ 75.700709002128491, 14.559405887761805 ], [ 75.6784850763663, 14.520001555107051 ], [ 75.663634492743327, 14.480573974878167 ], [ 75.626798043297327, 14.47708682860948 ], [ 75.582578664347253, 14.466435775316299 ], [ 75.565858014367578, 14.407270201511663 ], [ 75.54554880492833, 14.382199954933728 ], [ 75.494017297748314, 14.384107308755597 ], [ 75.418798388572426, 14.515226470444437 ], [ 75.33972131196181, 14.590709168530536 ], [ 75.315835233658305, 14.635596656695464 ], [ 75.286433725396336, 14.698430082827063 ], [ 75.268087006782054, 14.768423733847291 ], [ 75.238613340897402, 14.793574062712169 ], [ 75.192495062518645, 14.773881545591641 ], [ 75.146381400692619, 14.748797219515151 ], [ 75.101866526952051, 14.760812068299742 ], [ 75.044829616058749, 14.746476888269235 ], [ 75.019260875014197, 14.707248024570285 ], [ 75.04972479738997, 14.652700674482853 ], [ 75.038908097523361, 14.62303898594574 ], [ 74.995667956614255, 14.625912882436893 ], [ 74.933760671583514, 14.607722475370892 ], [ 74.930832096214985, 14.545523143453629 ], [ 74.927911564449801, 14.463228384501432 ], [ 74.907308122080522, 14.417289478149126 ], [ 74.858212317333908, 14.424920382968418 ], [ 74.783580639441951, 14.436346617303407 ], [ 74.710969734102974, 14.39799269990398 ], [ 74.626665551613371, 14.323236397917615 ], [ 74.613035723340161, 14.25910200466906 ], [ 74.627457791437664, 14.225111062270466 ], [ 74.383746073174507, 14.215058473735951 ], [ 74.381447197699018, 14.241922497799978 ], [ 74.379132079889189, 14.268968215994862 ], [ 74.378134475228393, 14.280619944319247 ], [ 74.379058345871201, 14.285107446224751 ], [ 74.403559792099458, 14.329758246258116 ], [ 74.403480048681587, 14.359899555588431 ], [ 74.404861187651122, 14.394350384320052 ], [ 74.390706652068616, 14.455314475430878 ], [ 74.366293942655844, 14.494002769284663 ], [ 74.331567453792886, 14.529788354266653 ], [ 74.315320603532001, 14.542658853529449 ], [ 74.290933073710974, 14.566268033402848 ], [ 74.290783739489086, 14.612913278918191 ], [ 74.285931404298395, 14.74565817849683 ], [ 74.276264535148414, 14.770027006563128 ], [ 74.246003185183568, 14.777106280932358 ], [ 74.219430218423597, 14.783476400584979 ], [ 74.198737686020209, 14.794887089369249 ], [ 74.179531723375334, 14.802713123480462 ], [ 74.169178365009202, 14.809851985565199 ], [ 74.161772056784841, 14.817718685632281 ], [ 74.15435127965327, 14.829173018989893 ], [ 74.145451490723616, 14.841339161406927 ], [ 74.14244127295413, 14.856397305843316 ], [ 74.142390283642811, 14.869313685754427 ], [ 74.149709182507479, 14.884410253348404 ], [ 74.154063452669575, 14.903083624902857 ], [ 74.15549169810933, 14.915287866303336 ], [ 74.1495429576172, 14.926747199925172 ], [ 74.1492853126868, 14.927032619561166 ], [ 74.181643077956622, 14.979461411430401 ], [ 74.202427380620477, 15.014816494117552 ], [ 74.221398305471936, 15.042987787053873 ], [ 74.286570566396151, 15.059347770075979 ], [ 74.306115722782422, 15.104856247513137 ], [ 74.321978712188439, 15.149156158842141 ], [ 74.316330199619742, 15.182626843845085 ], [ 74.322329135425463, 15.232278434382341 ], [ 74.368949883806025, 15.295203780799465 ], [ 74.398402408357256, 15.337144588701765 ], [ 74.391346218106122, 15.432804050006608 ], [ 74.377545787403008, 15.512297810141913 ], [ 74.377633271537022, 15.517376767225088 ], [ 74.37859641590606, 15.573294885708458 ], [ 74.353151626413734, 15.621657661662878 ], [ 74.324001254633018, 15.667015604499669 ], [ 74.302102785548485, 15.754249744148133 ], [ 74.25193042590108, 15.797734014206924 ], [ 74.20486029553868, 15.832247878298251 ], [ 74.162861928455669, 15.831491926477208 ], [ 74.125926170694456, 15.802645259510372 ], [ 74.08710846361555, 15.782753846766299 ], [ 74.058033907956215, 15.793990543106618 ], [ 74.05235099860046, 15.820872573524225 ], [ 74.010960239674191, 15.823079602280236 ], [ 73.973623284075671, 15.878512137759673 ], [ 73.948810439506062, 15.898123927695218 ], [ 73.910483412933175, 15.902119400426509 ], [ 73.881445884487931, 15.901971023053623 ], [ 73.856024217227585, 15.917980943889548 ], [ 73.822076975596232, 15.911819537151372 ], [ 73.805063446411665, 15.863297639946992 ], [ 73.778043922384001, 15.836840184593166 ], [ 73.687041134564467, 15.82031406744898 ], [ 73.695819352903953, 15.842993641245124 ], [ 73.698811540507805, 15.857958198133327 ], [ 73.691979798774824, 15.872100599483316 ], [ 73.684411879141877, 15.88776415408975 ], [ 73.682269459661214, 15.892099119002511 ], [ 73.674395127782105, 15.908030064010225 ], [ 73.659490790436053, 15.914657923427168 ], [ 73.643601244977845, 15.925559080976651 ], [ 73.622763878613839, 15.936905662628908 ], [ 73.614812584938448, 15.943072273281846 ], [ 73.606864118218681, 15.948760297957026 ], [ 73.598855374708066, 15.963056444970926 ], [ 73.573291055665763, 16.012627949003853 ], [ 73.54527960716527, 16.053928643846366 ], [ 73.536801081014588, 16.06642514987244 ], [ 73.53370383764306, 16.084099300911518 ], [ 73.528584911569894, 16.107498429991772 ], [ 73.526188117505185, 16.113332859202401 ], [ 73.521531679703699, 16.124666671956017 ], [ 73.519606386417848, 16.183955911775708 ], [ 73.518176975517662, 16.242769962609604 ], [ 73.479655614162823, 16.295102991044782 ], [ 73.452553336567746, 16.341294369704304 ], [ 73.422016266165471, 16.381716708856171 ], [ 73.407893857866327, 16.412694305949405 ], [ 73.401690720074228, 16.444209235944523 ], [ 73.388134421230262, 16.465624865212465 ], [ 73.379435537296672, 16.498553956731573 ], [ 73.361749767398564, 16.538585003204052 ], [ 73.362051677554248, 16.561540962868992 ], [ 73.380883485250678, 16.621941576366495 ], [ 73.37433896793668, 16.692185517325733 ], [ 73.367897332030651, 16.749518054472379 ], [ 73.347268462456796, 16.83925286816557 ], [ 73.343651440729928, 16.855481959166955 ], [ 73.343455610436195, 16.877954960270021 ], [ 73.332313976135765, 17.015101364248753 ], [ 73.326154187191975, 17.148460175481578 ], [ 73.304400352290827, 17.188922543421263 ], [ 73.294268055353243, 17.208919735460324 ], [ 73.291138277350527, 17.224672385954566 ], [ 73.284489649744046, 17.2442201729808 ], [ 73.279075486314198, 17.261268433297577 ], [ 73.279661373033051, 17.261770384847605 ], [ 73.278709721826374, 17.277810536618794 ], [ 73.277432140564514, 17.279194575402745 ], [ 73.277639493089538, 17.285282685639711 ], [ 73.290926530644697, 17.301653516505539 ], [ 73.295335486953491, 17.309341514644004 ], [ 73.296775850953267, 17.315091607092306 ], [ 73.296696534526063, 17.323697697279755 ], [ 73.2901457747557, 17.332248608989076 ], [ 73.274633647726716, 17.340722181430557 ], [ 73.2570655760492, 17.355870536991489 ], [ 73.245944466486961, 17.373464501530428 ], [ 73.241362932028736, 17.383943288522619 ], [ 73.241276119267454, 17.393027164539902 ], [ 73.24110233614195, 17.411194892349677 ], [ 73.244839577174488, 17.437047289883182 ], [ 73.253956808994246, 17.473465990733008 ], [ 73.270021152606319, 17.513292116998912 ], [ 73.269889754698241, 17.527157010451901 ], [ 73.269753698813261, 17.541499982547649 ], [ 73.266622563283335, 17.556294867879032 ], [ 73.251879690480578, 17.586287618843805 ], [ 73.248603056529618, 17.615902753302436 ], [ 73.249409130564047, 17.660020711542522 ], [ 73.259742840385698, 17.67298949132147 ], [ 73.260124723388117, 17.683183253731073 ], [ 73.257221396917799, 17.683979824179652 ], [ 73.257418061990009, 17.68435351174908 ], [ 73.267319753207047, 17.692091082370155 ], [ 73.276732634217396, 17.698867665252152 ], [ 73.280192332971765, 17.702244900055266 ], [ 73.281135317514725, 17.707990750777107 ], [ 73.276595701965974, 17.713210439300529 ], [ 73.265579996799659, 17.717416649941185 ], [ 73.237500100826736, 17.731988478652671 ], [ 73.226374230469204, 17.747188097701088 ], [ 73.205004798067463, 17.788589637335782 ], [ 73.202299017259406, 17.809601762599577 ], [ 73.188534352368706, 17.887406254744974 ], [ 73.13797986884029, 17.994500314243474 ], [ 73.120527187453547, 18.044453061461727 ], [ 73.116336638853554, 18.05644203303752 ], [ 73.113508474926604, 18.074089491839491 ], [ 73.112588114089405, 18.079831429602034 ], [ 73.111630695887712, 18.084316008504004 ], [ 73.109430437998981, 18.094620989933663 ], [ 73.103252147565442, 18.111293034543213 ], [ 73.096093334995132, 18.126042764962634 ], [ 73.078902295872652, 18.143560623988058 ], [ 73.069297589212923, 18.153025830160647 ], [ 73.061670882083035, 18.164422681992129 ], [ 73.054021938139059, 18.17773116231227 ], [ 73.045640606113096, 18.256525884849353 ], [ 73.03064644015619, 18.299396959592528 ], [ 73.006314634041573, 18.326393114990999 ], [ 72.986151362308775, 18.338610328323256 ], [ 72.981040705043441, 18.347639003243099 ], [ 72.974399907923214, 18.359041401875448 ], [ 72.973036453331588, 18.365774519879615 ], [ 72.985366364087668, 18.368824653777942 ], [ 73.034198287119267, 18.357772867336319 ], [ 73.062681744081189, 18.355072674601431 ], [ 73.065676112348328, 18.357901283573842 ], [ 73.071039878419001, 18.35765456507426 ], [ 73.070981458360265, 18.362912620296704 ], [ 73.070866550446041, 18.370314096804133 ], [ 73.052924010263652, 18.394485835571516 ], [ 73.046979113184094, 18.404736550213755 ], [ 73.041642805384541, 18.409678883576728 ], [ 73.03913009308495, 18.413062402582881 ], [ 73.02868242325907, 18.421680487522586 ], [ 72.988256586233206, 18.459098172509073 ], [ 72.971435855532221, 18.483776506290113 ], [ 72.965306173980309, 18.493749333465146 ], [ 72.959557738695963, 18.51376455991376 ], [ 72.958892281071371, 18.519461052602072 ], [ 72.965381452968714, 18.57538333738983 ], [ 72.964914743389812, 18.583408428131619 ], [ 72.967196511378532, 18.612364394614396 ], [ 72.967381541052347, 18.614712302275034 ], [ 72.963114803524377, 18.636177166825711 ], [ 72.962943778551406, 18.650515953567684 ], [ 72.965202611325765, 18.660753225581445 ], [ 72.965798448326481, 18.6634534624745 ], [ 72.965692784171267, 18.67231167670634 ], [ 72.965661606308416, 18.67492447988203 ], [ 72.960671445937663, 18.685794941749794 ], [ 72.960533302242112, 18.694762844964725 ], [ 72.944864050413742, 18.720218072849512 ], [ 72.938359324139356, 18.734378129509356 ], [ 72.912706522384269, 18.780460202284978 ], [ 72.908084246331711, 18.789012520179163 ], [ 72.905403727495795, 18.802844486835259 ], [ 72.905232090533175, 18.816704562505386 ], [ 72.905346326762455, 18.819553829602643 ], [ 72.920814477221953, 18.855018845415589 ], [ 72.940742645693803, 18.867875428611494 ], [ 72.969928706352292, 18.867729514245461 ], [ 73.007338784510296, 18.849934012082191 ], [ 73.018470847863526, 18.842461237685967 ], [ 73.026310914737294, 18.852583635325505 ], [ 73.025394491448651, 18.864094289240583 ], [ 73.025650133025323, 18.864387160657188 ], [ 73.028924249338644, 18.884977007009432 ], [ 73.027533451695447, 18.917945968393933 ], [ 73.026872368530803, 18.918392872263929 ], [ 73.021963965687348, 18.921710883034031 ], [ 73.008324323260226, 18.928257277798814 ], [ 72.996230408511963, 18.931473170109747 ], [ 72.981145502789943, 18.932743651131119 ], [ 72.960489247472239, 18.937775768153642 ], [ 72.955695406226852, 18.941595079343916 ], [ 72.955590021964809, 18.948293937574263 ], [ 72.960771852734666, 18.964089032467857 ], [ 72.967998781831483, 18.970200817565818 ], [ 72.992133831355943, 18.986013451848002 ], [ 73.007716306638088, 19.012736213847845 ], [ 73.008023151619454, 19.013941977119757 ], [ 73.019186421565195, 19.029235661267226 ], [ 73.026566673251025, 19.042699182298762 ], [ 73.022672906532293, 19.065814820550059 ], [ 73.020618307261458, 19.078008679190617 ], [ 73.019300150791238, 19.104285305643355 ], [ 73.018083792951444, 19.121958696877304 ], [ 73.014872572553031, 19.138176460310778 ], [ 73.014723936144762, 19.150603137343804 ], [ 73.014060773236992, 19.163980252401597 ], [ 73.008927801550143, 19.172528810195637 ], [ 73.002509471076706, 19.17428267112993 ], [ 72.997913158512944, 19.182996537149318 ], [ 72.985942203204402, 19.180300934651239 ], [ 72.975342343722986, 19.155396820221718 ], [ 72.963724219882906, 19.130494265083481 ], [ 72.950084841391771, 19.104670420137243 ], [ 72.915368004363444, 19.071535072234042 ], [ 72.897281580231834, 19.058743417775514 ], [ 72.879711276320663, 19.049196448823199 ], [ 72.874298620654955, 19.040052515156276 ], [ 72.874272002177477, 19.040000317021921 ], [ 72.872570989567933, 19.038422479767242 ], [ 72.872318671479391, 19.036169798107192 ], [ 72.869885459533577, 19.031397977908775 ], [ 72.870534167713444, 19.019933890598857 ], [ 72.871102760419021, 19.018249208141125 ], [ 72.872146865842353, 19.002343781624379 ], [ 72.871542937203216, 18.977367528500462 ], [ 72.859531070162163, 18.972794677305721 ], [ 72.847674559283377, 18.972327150205519 ], [ 72.839923494663509, 18.9775166971361 ], [ 72.834311195718541, 18.984142772145862 ], [ 72.828121648275371, 18.996497530889865 ], [ 72.822892424297592, 19.012209097315587 ], [ 72.819067685547992, 19.019264656380262 ], [ 72.825955991776382, 19.054065020235331 ], [ 72.826842357282217, 19.056228895823622 ], [ 72.845421353418274, 19.096596620614765 ], [ 72.846138214973081, 19.098833329436104 ], [ 72.851285761486949, 19.107899351551847 ], [ 72.8509543132906, 19.11385887541719 ], [ 72.855571435981332, 19.128261424409978 ], [ 72.852581258581125, 19.165030386816223 ], [ 72.841609547377928, 19.273400052068684 ], [ 72.834461196157037, 19.283417668352591 ], [ 72.825712572637144, 19.295675650843858 ], [ 72.818036263438742, 19.305143182566326 ], [ 72.808488861407866, 19.308958956108359 ], [ 72.796347331504549, 19.31998892309857 ], [ 72.790007492277255, 19.330532291882541 ], [ 72.789980654598537, 19.332526534714955 ], [ 72.794822128131358, 19.346923661234737 ], [ 72.805763856309383, 19.357092800948408 ], [ 72.824272466568729, 19.366396116343559 ], [ 72.836584363209425, 19.373834151873471 ], [ 72.84885646052453, 19.378983486071 ], [ 72.894832272644564, 19.406527277249069 ], [ 72.905670176188224, 19.423132577030373 ], [ 72.905504616388839, 19.43330963735557 ], [ 72.901357875778203, 19.442343168479493 ], [ 72.890445764964397, 19.444013277311228 ], [ 72.874022587138214, 19.44831065324934 ], [ 72.85788398572123, 19.445658607056149 ], [ 72.821152464871361, 19.445220994985664 ], [ 72.805416391463453, 19.448657623795757 ], [ 72.787476875449485, 19.455756308814244 ], [ 72.784762572201757, 19.457684541992013 ], [ 72.775825180917366, 19.461685163517579 ], [ 72.766654536979388, 19.475699363704862 ], [ 72.761699619093164, 19.485993512750174 ], [ 72.761624283118962, 19.491472382389038 ], [ 72.772310432222312, 19.515661284261764 ], [ 72.774845428943493, 19.519694926373571 ], [ 72.793652610095464, 19.545256298088297 ], [ 72.827728807291734, 19.598243635421589 ], [ 72.826036258684695, 19.611605680311012 ], [ 72.825534956004503, 19.612184217547835 ], [ 72.826251825761958, 19.615438415194777 ], [ 72.820054121912236, 19.624735445877999 ], [ 72.805759266136036, 19.634057714570215 ], [ 72.780494802691635, 19.632288571630678 ], [ 72.744475628728694, 19.606457612766736 ], [ 72.733009889488798, 19.6017379048726 ], [ 72.716760437342188, 19.599738938915021 ], [ 72.716178716090297, 19.599847321005662 ], [ 72.707143320147836, 19.601674257972327 ], [ 72.706520531813595, 19.610600892303662 ], [ 72.704247371895931, 19.699463530893475 ], [ 72.695290936467089, 19.760998572797906 ], [ 72.677414865973461, 19.813646911828307 ], [ 72.662803493039064, 19.845952940358217 ], [ 72.654527511469581, 19.859225161595788 ], [ 72.647666430403859, 19.879205977248624 ], [ 72.645359210143155, 19.885825766948127 ], [ 72.646556588902087, 19.928520828571358 ], [ 72.6665462729853, 19.965203861934452 ], [ 72.691898927820404, 19.998781080428326 ], [ 72.712713376514557, 20.097497735309098 ], [ 72.738196119276594, 20.154696318598958 ], [ 72.740477599603807, 20.162854520306833 ], [ 72.759633631612203, 20.202269202284306 ], [ 72.760493989176581, 20.205707973380925 ], [ 72.765227756450457, 20.210956347400764 ], [ 72.771192802562524, 20.218678619865354 ], [ 72.765112255452394, 20.254443885974069 ], [ 72.762484753030748, 20.260155199048256 ], [ 72.760665049866688, 20.274673839079501 ], [ 72.753000681884458, 20.28669137466391 ], [ 72.752868383412022, 20.295864313668435 ], [ 72.755707270181148, 20.309759720700356 ], [ 72.763943796413514, 20.327294402550923 ], [ 72.764063373128735, 20.327548940240931 ], [ 72.770771867291742, 20.336743854867184 ], [ 72.77096656386081, 20.336843009480987 ], [ 72.789880206266901, 20.362782394345615 ], [ 72.793355265758308, 20.372262171482078 ], [ 72.804267213479832, 20.386522414169217 ], [ 72.836451119866155, 20.436228792544554 ], [ 72.839541924352275, 20.441000552747251 ], [ 72.845449820373346, 20.450120607186722 ], [ 72.856693557244, 20.469055676467736 ], [ 73.123672493437056, 19.481562778759841 ], [ 73.013488875879546, 20.185814567545293 ], [ 73.050772555374067, 20.140270811381487 ], [ 73.111798383500215, 20.115841368385528 ], [ 73.144528353331125, 20.111901031576803 ], [ 73.157405979988084, 20.110348964547249 ], [ 73.206560906461476, 20.126390905302664 ], [ 73.221349454253669, 20.161196334204686 ], [ 73.202964083395642, 20.222577852269247 ], [ 73.176313968211659, 20.236633192820115 ], [ 73.064958130637564, 20.334021301240167 ], [ 73.035911291940323, 20.345571250958685 ], [ 73.367611271849057, 20.418073217466272 ] ], [ [ 74.912393138552488, 18.391147962056774 ], [ 74.922922608595968, 18.371064913995408 ], [ 74.91490105591707, 18.386365046848173 ], [ 74.912393138552488, 18.391147962056774 ] ], [ [ 74.310234790920845, 18.057393754229022 ], [ 74.747163450168216, 16.963162078574744 ], [ 74.995000036376922, 16.973544001539235 ], [ 75.071530107929661, 17.251565562956845 ], [ 75.019265073792027, 17.294627138553096 ], [ 75.76679737476357, 17.420756023744751 ], [ 75.717334785118609, 17.433696484080816 ], [ 75.766806252775609, 17.42075752170512 ], [ 74.310234790920845, 18.057393754229022 ] ], [ [ 75.071530107929661, 17.251565562956845 ], [ 75.06552188686338, 17.261837252923119 ], [ 75.054737669047682, 17.280270696606486 ], [ 75.071530107929661, 17.251565562956845 ] ], [ [ 74.88653340707144, 16.614127932495219 ], [ 74.992884910630067, 16.347784259485167 ], [ 75.594467109619657, 16.483633577599235 ], [ 74.88653340707144, 16.614127932495219 ] ], [ [ 75.594467109619657, 16.483633577599235 ], [ 75.55711866992813, 16.398642398917126 ], [ 75.608775764244456, 16.516172289528733 ], [ 75.594467109619657, 16.483633577599235 ] ], [ [ 75.030766102455502, 16.252915682820184 ], [ 75.475384038288311, 15.139427202137057 ], [ 75.310822846527131, 16.243441663120151 ], [ 75.030766102455502, 16.252915682820184 ] ], [ [ 74.632447910748311, 16.266390360631014 ], [ 74.627852309956012, 16.300521907765475 ], [ 74.634130311311921, 16.253891915560256 ], [ 74.632447910748311, 16.266390360631014 ] ], [ [ 74.665832330850975, 16.654810053522333 ], [ 74.665830851788797, 16.654810326159819 ], [ 74.596820819268743, 16.635913776390026 ], [ 74.665832330850975, 16.654810053522333 ] ], [ [ 74.16299195489097, 18.121750448597336 ], [ 74.185449148590294, 18.13260734410375 ], [ 74.183899510505341, 18.13185829926665 ], [ 74.16299195489097, 18.121750448597336 ] ], [ [ 74.043844793682197, 16.078059775427153 ], [ 74.086437436205458, 16.094987563312426 ], [ 74.060760133639931, 16.08478385133904 ], [ 74.043844793682197, 16.078059775427153 ] ] ], [ [ [ 71.018899013944036, 20.965876957900299 ], [ 72.032809317865343, 21.242841400412967 ], [ 72.032124433868375, 21.236095912262929 ], [ 71.99178002866806, 21.200595075545653 ], [ 71.859687573287928, 21.142266477022176 ], [ 71.809048600269094, 21.113161900958687 ], [ 71.754188482410783, 21.092392564726918 ], [ 71.62395388255797, 21.057182059045243 ], [ 71.544665889313407, 21.034332500300017 ], [ 71.5442563590546, 21.034285622305266 ], [ 71.492674082851337, 21.028373112499807 ], [ 71.492641734709295, 21.028369398877885 ], [ 71.476579621939536, 21.022733685841608 ], [ 71.469026741403539, 21.022069284542223 ], [ 71.465116755794114, 21.018710577338368 ], [ 71.460173320304946, 21.016975294489043 ], [ 71.433096083713366, 20.993553026924793 ], [ 71.430916775712504, 20.954556034465835 ], [ 71.422042252591524, 20.933231737839961 ], [ 71.418917091777757, 20.930440239814374 ], [ 71.414553416147442, 20.928858159178599 ], [ 71.376838749558075, 20.919005433590957 ], [ 71.370819448614611, 20.917432069937409 ], [ 71.289990823146439, 20.9069632994103 ], [ 71.265584355780305, 20.900573726623954 ], [ 71.242275349811806, 20.894467436137834 ], [ 71.147338497826397, 20.85089217847533 ], [ 71.0921825924286, 20.835068026333662 ], [ 71.079307979272542, 20.832147550798897 ], [ 71.039769563551886, 20.826885292077268 ], [ 71.018899013944036, 20.965876957900299 ] ] ], [ [ [ 72.661289846598649, 22.18696445484488 ], [ 72.684409675706704, 22.12906381406448 ], [ 72.529603003739808, 22.07135670587309 ], [ 72.527944736818824, 22.118644537671649 ], [ 72.526531252068125, 22.155529394580348 ], [ 72.530207855641834, 22.165259601905962 ], [ 72.537706016612589, 22.176480827645729 ], [ 72.546024402308703, 22.184847627310933 ], [ 72.560144685427048, 22.191509546218736 ], [ 72.576562191114448, 22.198921197957311 ], [ 72.597310974618154, 22.200662138669809 ], [ 72.60496548731426, 22.201230523196326 ], [ 72.650779877913337, 22.190101082341382 ], [ 72.661289846598649, 22.18696445484488 ] ] ], [ [ [ 72.677512283122553, 21.131805472838298 ], [ 72.669949075378852, 21.132738171055056 ], [ 72.655807803931665, 21.133259693576022 ], [ 72.652032767643036, 21.133443315104653 ], [ 72.631036481922195, 21.153131109900091 ], [ 72.623196565885564, 21.175466670869593 ], [ 72.625191715648612, 21.184796193328609 ], [ 72.634462576257221, 21.202486265294439 ], [ 72.621578962103825, 21.219506762439735 ], [ 72.618764415074509, 21.222067604863728 ], [ 72.6187536893203, 21.222783183172858 ], [ 72.610229121433392, 21.230857091118384 ], [ 72.606798923439129, 21.235424021342528 ], [ 72.601668752511998, 21.245385202806297 ], [ 72.598714746183418, 21.262544358410672 ], [ 72.59769438521235, 21.278297553806439 ], [ 72.597496447757067, 21.29047887697017 ], [ 72.605680208255492, 21.304571500758875 ], [ 72.626417187512089, 21.320794329946334 ], [ 72.677512283122553, 21.131805472838298 ] ] ], [ [ [ 72.606091905292814, 21.395972814517602 ], [ 72.605307259110347, 21.39606852585549 ], [ 72.605168627132926, 21.399189724712603 ], [ 72.605218497240017, 21.399203347462418 ], [ 72.606091905292814, 21.395972814517602 ] ] ], [ [ [ 74.661483654311112, 19.997583631399326 ], [ 74.373853350883294, 21.839122544953415 ], [ 74.40314386374142, 21.857515380430435 ], [ 74.421429843202176, 21.894870002503232 ], [ 74.449069531058697, 21.900701658598653 ], [ 74.481472627841811, 21.864951472024384 ], [ 74.530873261415579, 21.793387730672592 ], [ 74.537112737335804, 21.763286183160709 ], [ 74.491223141570103, 21.714387093930931 ], [ 74.469861260901823, 21.679898177115497 ], [ 74.497621052968086, 21.639825287849973 ], [ 74.536064355035293, 21.611251639986055 ], [ 74.585177954524909, 21.599907108726274 ], [ 74.634338133464979, 21.567033681861822 ], [ 74.692643994050144, 21.548505504761721 ], [ 74.760116516652715, 21.540010362057981 ], [ 74.868978300707212, 21.524353891646168 ], [ 74.97628017380633, 21.534443888925129 ], [ 75.052934004230522, 21.543043097530738 ], [ 75.069781702736066, 21.508613174073002 ], [ 75.057503421593808, 21.467022322263333 ], [ 75.066674450050101, 21.416817145822353 ], [ 75.098833194722701, 21.403892196376223 ], [ 75.169303715605778, 21.416744882661721 ], [ 75.209095170147506, 21.392316236173858 ], [ 75.271818418930266, 21.354933556082834 ], [ 75.307037164786493, 21.356307203774044 ], [ 75.406623510761946, 21.37904479007544 ], [ 75.457117859191115, 21.366005999227841 ], [ 75.545741372066644, 21.31554058981164 ], [ 75.590095983168027, 21.306785015823081 ], [ 75.649863127254335, 21.32377628018045 ], [ 75.731125424997728, 21.350693688129454 ], [ 75.778600371105028, 21.35334885390942 ], [ 75.819888776644135, 21.344546916157942 ], [ 75.86423343020715, 21.335719266784146 ], [ 75.898041108062287, 21.357055369080314 ], [ 75.97321897346913, 21.381017862154994 ], [ 76.017752086053903, 21.399397957102252 ], [ 76.025669173870142, 21.436638169553621 ], [ 76.117862953599882, 21.483312634822678 ], [ 76.209614760648421, 21.461162320611731 ], [ 76.207724784401236, 21.417674871885914 ], [ 76.165739115200168, 21.337661070690825 ], [ 76.1530014296834, 21.274646567601081 ], [ 76.181750838635168, 21.234291336789859 ], [ 76.258094043447571, 21.217964008936214 ], [ 76.300664327089578, 21.188959313466167 ], [ 76.402863324589021, 21.162328704540592 ], [ 76.420947582844136, 21.13493065128262 ], [ 76.420211079378348, 21.057497202800711 ], [ 76.358962787276567, 21.042223191883945 ], [ 76.255367722825326, 21.076005350732178 ], [ 76.15450221302801, 21.073853052433499 ], [ 76.094179280292963, 20.973857736832464 ], [ 76.102669071059083, 20.882012611830472 ], [ 76.091253045616128, 20.780254463204098 ], [ 76.042020488265422, 20.717452198465026 ], [ 76.009751781110154, 20.678918576361703 ], [ 76.010915386218727, 20.624408301077437 ], [ 76.003025808355275, 20.582859244321362 ], [ 76.005559485701255, 20.580264658809597 ], [ 75.962409504161187, 20.560744231324545 ], [ 75.918701932738188, 20.573532095369178 ], [ 75.886193024076888, 20.548600347958608 ], [ 75.834672463885482, 20.525547590329282 ], [ 75.790962857194046, 20.538303302633722 ], [ 75.754868699383366, 20.552808158416287 ], [ 75.678986301678478, 20.612291368353542 ], [ 75.616026891570499, 20.583838883496551 ], [ 75.551263849860192, 20.576885147790239 ], [ 75.509483740265239, 20.6092879939598 ], [ 75.444698192838317, 20.596915381805314 ], [ 75.393132029090637, 20.53786885176256 ], [ 75.36457066105261, 20.534345094536111 ], [ 75.305730238595785, 20.618733777264424 ], [ 75.218179743946038, 20.660107339811528 ], [ 75.162892504795309, 20.62251361920168 ], [ 75.155197885978069, 20.547210636550961 ], [ 75.189364812568257, 20.466486701860244 ], [ 75.16839045358131, 20.425266414717502 ], [ 75.126547082753632, 20.430681237454717 ], [ 75.097996450223832, 20.403802630899115 ], [ 75.027617057401955, 20.35541310307778 ], [ 75.002725073501935, 20.354111054887742 ], [ 74.993393360669188, 20.353622012347795 ], [ 74.968684421703827, 20.314169958068081 ], [ 74.915490751537007, 20.260357503367644 ], [ 74.845165406199015, 20.280034279203687 ], [ 74.790085445829192, 20.256665890125479 ], [ 74.769234632341423, 20.222569619492667 ], [ 74.75038906806374, 20.127505679912339 ], [ 74.731495491060784, 20.073682337305161 ], [ 74.686044498043771, 20.024294669803982 ], [ 74.661483654311112, 19.997583631399326 ] ] ], [ [ [ 72.173082711598838, 23.409616483021331 ], [ 72.257928998076437, 23.404562392141816 ], [ 72.317421901673924, 23.405595683354782 ], [ 72.352088442712656, 23.386484474059369 ], [ 72.355569987045513, 23.37766247447523 ], [ 72.173082711598838, 23.409616483021331 ] ] ], [ [ [ 72.032809317865343, 21.242841400412967 ], [ 72.035618266975433, 21.270507009508588 ], [ 72.028426175060659, 21.329978707600951 ], [ 72.045536407400249, 21.347708972518397 ], [ 72.076833898032433, 21.374781037274484 ], [ 72.108482681062782, 21.397436846468263 ], [ 72.144663652223457, 21.423322129876141 ], [ 72.17975987797837, 21.468950816857955 ], [ 72.200881618899459, 21.55357537386336 ], [ 72.203272201062447, 21.563803768093081 ], [ 72.205662930168856, 21.574032019531153 ], [ 72.229629658076178, 21.612172318593434 ], [ 72.233341269219196, 21.635412690784754 ], [ 72.220456642139084, 21.669790417942938 ], [ 72.218354236470205, 21.673741816582424 ], [ 72.19476491901392, 21.718066159986783 ], [ 72.471201784687977, 21.894899950746527 ], [ 72.433209586916433, 22.035424240799788 ], [ 72.529603003739808, 22.07135670587309 ], [ 72.530996476768863, 22.031619847241011 ], [ 72.513926513087313, 21.986017339691152 ], [ 72.51184488239403, 21.969413892984495 ], [ 72.515338986669079, 21.95889061192678 ], [ 72.522419975262324, 21.950152161681348 ], [ 72.529480543524954, 21.941658847104485 ], [ 72.531399612392065, 21.940232193093784 ], [ 72.540230907007469, 21.939057163073514 ], [ 72.546426919503574, 21.943020687889966 ], [ 72.562168237893616, 21.963636603729675 ], [ 72.592646792633218, 21.980194312737268 ], [ 72.601393750194674, 21.97818239837115 ], [ 72.715508623120726, 22.051180496914832 ], [ 72.684409675706704, 22.12906381406448 ], [ 72.774573048430796, 22.162673912638287 ], [ 72.754678331311368, 22.159151277615155 ], [ 72.723855319527459, 22.168292221977588 ], [ 72.661289846598649, 22.18696445484488 ], [ 72.630255215040563, 22.264686701198805 ], [ 72.632371985110993, 22.265303226407326 ], [ 72.653309377633505, 22.262646543080297 ], [ 72.654766744820165, 22.262775416067594 ], [ 72.662671813772349, 22.261457653104753 ], [ 72.666234404905438, 22.261005108024641 ], [ 72.666683533632451, 22.260788746131762 ], [ 72.670594433630967, 22.260136546390044 ], [ 72.6972744414727, 22.25299187677161 ], [ 72.714762182016045, 22.242846841543539 ], [ 72.724374337306088, 22.238462641856522 ], [ 72.742170196576623, 22.241529117781297 ], [ 72.762609373828326, 22.245042934840516 ], [ 72.772429106119674, 22.248662724732355 ], [ 72.772789855956802, 22.249027821363907 ], [ 72.773796997516882, 22.249166902337606 ], [ 72.823157501214837, 22.267350363534018 ], [ 72.868817456954147, 22.272580978692471 ], [ 72.877067530894962, 22.267965496788893 ], [ 72.843732534041152, 22.331118879616824 ], [ 72.807303489910666, 22.394417366568366 ], [ 72.797446511077197, 22.432985457544987 ], [ 72.792208296503404, 22.474229707332281 ], [ 72.820244808324077, 22.489542691155094 ], [ 72.820940287187099, 22.527179184385243 ], [ 72.821379939204462, 22.542268862556021 ], [ 73.004305212961313, 22.516544975827703 ], [ 72.998697016060234, 22.505596249442647 ], [ 72.965200390555168, 22.466352221202037 ], [ 72.964386271364148, 22.434087841517556 ], [ 72.985296202558132, 22.409860628267992 ], [ 73.015636537515235, 22.39948444647888 ], [ 73.072616482901566, 22.413315187249751 ], [ 73.089513259757823, 22.399179887814874 ], [ 73.093310735021646, 22.356216537794179 ], [ 73.129123189634583, 22.315765437609166 ], [ 73.168560944367329, 22.340993359548733 ], [ 73.173055270811119, 22.347578435593313 ], [ 73.187892894801976, 22.391949745591639 ], [ 73.212980537610918, 22.439420585222432 ], [ 73.250371390827951, 22.481048577387373 ], [ 73.25170016376039, 22.481755033679136 ], [ 73.363934852007631, 22.465972018308076 ], [ 73.446678268139678, 22.518902121893809 ], [ 73.474941717977188, 22.51917455603563 ], [ 73.48406694680564, 22.507909884896925 ], [ 73.535789586822517, 22.480906895552693 ], [ 73.57481004397826, 22.437046431885943 ], [ 73.575025249261685, 22.436287407992189 ], [ 73.783919755022026, 22.406911595158974 ], [ 73.850435716657245, 21.908421185989685 ], [ 74.128104069544349, 21.8152018356054 ], [ 73.872201966876688, 21.745298430019073 ], [ 73.877925295750757, 21.702406100387098 ], [ 73.497642205768202, 21.393976784332391 ], [ 73.527001220630638, 21.402349683245703 ], [ 73.593387637698939, 21.399095844733779 ], [ 73.728222774721857, 21.389656314946134 ], [ 73.837498225397397, 21.383756758236871 ], [ 73.89283489949517, 21.355448073846912 ], [ 73.915268791635413, 21.325771831170716 ], [ 73.923992218226431, 21.353913663473488 ], [ 73.906548453317455, 21.297629595474231 ], [ 73.880257097810443, 21.232919351429679 ], [ 73.71886607063901, 21.175601692440726 ], [ 73.669305537868183, 21.160877946670581 ], [ 73.653046992220766, 21.127287117783787 ], [ 73.677447533677125, 21.104772684165429 ], [ 73.759198543091657, 21.07551267013665 ], [ 73.806557116354966, 21.044778597854084 ], [ 73.814601467164778, 20.993443477009382 ], [ 73.801339551318975, 20.980801565345377 ], [ 73.78807986565019, 20.968158710224646 ], [ 73.682654846629902, 20.947059555387749 ], [ 73.570801706649746, 20.936598454575432 ], [ 73.564851380795034, 20.893525848860477 ], [ 73.539938880245984, 20.839536684476982 ], [ 73.496845992714356, 20.804483361318752 ], [ 73.511585419797825, 20.449542646121085 ], [ 73.367611271849057, 20.418073217466272 ], [ 73.109960634692143, 21.06332612652292 ], [ 73.091151216936552, 21.052745950250337 ], [ 73.038432812834472, 20.99622787107668 ], [ 72.996187078134199, 20.958458037554482 ], [ 72.938529131913057, 20.933397157602052 ], [ 72.886712508811925, 20.928462152154104 ], [ 72.806771973402761, 20.931062524883927 ], [ 72.805160783215115, 20.925117114143902 ], [ 72.789676566137757, 20.905802266867308 ], [ 72.77823984807641, 20.889919424197732 ], [ 72.778570059635243, 20.883545135531001 ], [ 72.793265196755371, 20.850082238526458 ], [ 72.793402720645986, 20.849399717455885 ], [ 72.795639998245406, 20.845666640478793 ], [ 72.800882358229543, 20.834742787817884 ], [ 72.806137738331543, 20.822863104732065 ], [ 72.817312361213027, 20.820150492947899 ], [ 72.822902217806629, 20.836984381900155 ], [ 72.829766918961212, 20.854594148396565 ], [ 72.85107599351133, 20.855441640277476 ], [ 72.853911977116113, 20.852869607969435 ], [ 72.866805640480649, 20.846090310783715 ], [ 72.869407136888228, 20.8388140854229 ], [ 72.870602141945838, 20.837729929167836 ], [ 72.8758777205461, 20.822858436798693 ], [ 72.881127023601579, 20.8098431031564 ], [ 72.930259436258638, 20.776219397722755 ], [ 72.934020445501545, 20.77168501378527 ], [ 72.944680518805953, 20.764363376100547 ], [ 72.94475807204779, 20.75862927779561 ], [ 72.942764790673692, 20.755737908033115 ], [ 72.93321653017577, 20.74797664530033 ], [ 72.923643169807875, 20.742126272459824 ], [ 72.906484400890136, 20.733793667347104 ], [ 72.881201362292288, 20.72535959612124 ], [ 72.872218874637838, 20.723310967392013 ], [ 72.858063021690839, 20.715263900537639 ], [ 72.854513761734509, 20.713408673917634 ], [ 72.851939470524428, 20.711137579848661 ], [ 72.845479511249678, 20.701020961236647 ], [ 72.845147271716456, 20.688591430054888 ], [ 72.846286531988881, 20.684340144696726 ], [ 72.852457006795333, 20.680015151619468 ], [ 72.885132780518489, 20.663179156755 ], [ 72.887814589686997, 20.653251452020623 ], [ 72.889844500384754, 20.651389825171311 ], [ 72.889220224377226, 20.643026578776706 ], [ 72.889082928186724, 20.639693689876182 ], [ 73.015530374657629, 20.640532525904746 ], [ 73.048641623695588, 20.59215927299136 ], [ 73.047158824085841, 20.549126971871051 ], [ 72.998813880704517, 20.520854601311466 ], [ 72.924116341783389, 20.492256824349589 ], [ 72.866940371938824, 20.48631187415257 ], [ 72.856693557244, 20.469055676467736 ], [ 72.677512283122553, 21.131805472838298 ], [ 72.685640216909619, 21.130803132349183 ], [ 72.685749925733006, 21.130718005642134 ], [ 72.689535615683027, 21.130707913500839 ], [ 72.692460881198471, 21.125510412886211 ], [ 72.696078753738107, 21.122702724606551 ], [ 72.701108488155711, 21.110651046306263 ], [ 72.705214845453284, 21.103746490520123 ], [ 72.710349422765375, 21.100947242609262 ], [ 72.717547230853441, 21.096285396488387 ], [ 72.737913968620035, 21.09622366356534 ], [ 72.747261268531474, 21.097019803677579 ], [ 72.754448795298359, 21.101983142218643 ], [ 72.764667223077467, 21.108210926797341 ], [ 72.795868428465738, 21.107544429521251 ], [ 72.807111913882636, 21.104823072402215 ], [ 72.808173783641692, 21.103069023207958 ], [ 72.815171107798605, 21.100598939139097 ], [ 72.827475419677654, 21.093127922298269 ], [ 72.873335990779566, 21.118496130375938 ], [ 72.924424547077606, 21.107182370307985 ], [ 72.947075348026388, 21.126574340738596 ], [ 72.946515410759972, 21.167189089013139 ], [ 72.920410264566954, 21.212269830296638 ], [ 72.975515409272731, 21.282235506166177 ], [ 72.982444664720717, 21.334887728191141 ], [ 72.965392839439929, 21.399994244378217 ], [ 72.972095429115228, 21.408591816287267 ], [ 72.939394023315614, 21.490488284525345 ], [ 72.763409111369697, 21.442415429521077 ], [ 72.762996844902744, 21.440105716857204 ], [ 72.762731624707143, 21.43861977402409 ], [ 72.757179050391343, 21.433938071334609 ], [ 72.7565626547145, 21.427471759327378 ], [ 72.746397679998367, 21.425652766268797 ], [ 72.703562968171781, 21.426067579397412 ], [ 72.605218497240017, 21.399203347462418 ], [ 72.605158099613263, 21.399426744215386 ], [ 72.605168627132926, 21.399189724712603 ], [ 72.032809317865343, 21.242841400412967 ] ], [ [ 72.877067530894962, 22.267965496788893 ], [ 72.878379658355669, 22.25573393314858 ], [ 72.87262439947007, 22.248068122517523 ], [ 72.871836603327012, 22.241754455316634 ], [ 72.862806019818549, 22.22801786932645 ], [ 72.842034662416978, 22.201941041583769 ], [ 72.825527243709189, 22.191313042820667 ], [ 72.816164372847084, 22.180578614064903 ], [ 72.796555822984303, 22.170868406670021 ], [ 72.925510715160584, 22.218938776119071 ], [ 72.877067530894962, 22.267965496788893 ] ], [ [ 72.534614537453805, 21.660350948966506 ], [ 72.515428500116926, 21.731315632081557 ], [ 72.509920366153324, 21.718487854129283 ], [ 72.502747557088625, 21.689713925900872 ], [ 72.498889774587894, 21.674608585569182 ], [ 72.509557410543579, 21.667748108718893 ], [ 72.534614537453805, 21.660350948966506 ] ] ], [ [ [ 71.371093676951958, 21.191172224481996 ], [ 71.368184476111978, 21.179455193277263 ], [ 71.361949518398205, 21.143037718290277 ], [ 71.353947252521252, 21.134958690774166 ], [ 71.326200764921595, 21.106937307181454 ], [ 71.294509909869319, 21.112930131514137 ], [ 71.270684047793196, 21.126941227977131 ], [ 71.371093676951958, 21.191172224481996 ] ] ], [ [ [ 75.019265073792027, 17.294627138553096 ], [ 75.019584442490867, 17.299527986329235 ], [ 75.021135554895537, 17.32332669726356 ], [ 75.019265073792027, 17.294627138553096 ] ] ], [ [ [ 74.673994462862595, 19.917483793124241 ], [ 74.640621831452208, 19.974895447001387 ], [ 74.661483654311112, 19.997583631399326 ], [ 74.673994462862595, 19.917483793124241 ] ] ], [ [ [ 73.013488875879546, 20.185814567545293 ], [ 72.991647318801242, 20.212495049817925 ], [ 72.976766335982148, 20.286406575944927 ], [ 72.990062090410078, 20.335549672800433 ], [ 73.013488875879546, 20.185814567545293 ] ] ], [ [ [ 73.035911291940323, 20.345571250958685 ], [ 72.990062090410078, 20.335549672800433 ], [ 72.99265478955364, 20.336672451665493 ], [ 73.024078429724014, 20.350276374467956 ], [ 73.035911291940323, 20.345571250958685 ] ] ], [ [ [ 72.626417187512089, 21.320794329946334 ], [ 72.606091905292814, 21.395972814517602 ], [ 72.633580871692118, 21.392619703510391 ], [ 72.648190132543093, 21.373082909317564 ], [ 72.658492371351656, 21.367482331958691 ], [ 72.668886073059085, 21.35538440015214 ], [ 72.661756223240189, 21.349902804233331 ], [ 72.661977101232196, 21.347650995373755 ], [ 72.657918219972515, 21.338276892639232 ], [ 72.629473121876757, 21.323185030182501 ], [ 72.626417187512089, 21.320794329946334 ] ] ], [ [ [ 74.373853350883294, 21.839122544953415 ], [ 74.338802117535067, 21.817112292986735 ], [ 74.282081320602103, 21.795362503407656 ], [ 74.220748716026108, 21.777874454117587 ], [ 74.170021606435114, 21.787666759438061 ], [ 74.129207933833868, 21.816652573979855 ], [ 74.109870568459414, 21.830378165220111 ], [ 74.086521271785443, 21.879011085681402 ], [ 74.083129905992067, 21.899845149468462 ], [ 74.075321751874299, 21.947786352693107 ], [ 74.096597861575177, 21.986625870240861 ], [ 74.131727812764652, 22.025536779393338 ], [ 74.143747586678259, 22.072925865355383 ], [ 74.120313379964543, 22.130165541734009 ], [ 74.126240055709573, 22.167483824087618 ], [ 74.230669106650197, 22.216769978204027 ], [ 74.253467972002085, 22.274240562387345 ], [ 74.243898950990456, 22.334428389121264 ], [ 74.232959559007, 22.361624639783244 ], [ 74.149591790006284, 22.379851016883709 ], [ 74.083289148508626, 22.37948894266998 ], [ 74.04906505174894, 22.423746305265105 ], [ 74.049686119007134, 22.459003001233864 ], [ 74.070064992912179, 22.487802193160434 ], [ 74.109836855668675, 22.502367045318806 ], [ 74.16317655383358, 22.508030598253402 ], [ 74.238419448403235, 22.507806407732616 ], [ 74.268028481490816, 22.516661082046181 ], [ 74.373853350883294, 21.839122544953415 ] ] ], [ [ [ 74.129207933833868, 21.816652573979855 ], [ 74.096181455024066, 21.773232513444992 ], [ 74.128104069544349, 21.8152018356054 ], [ 74.129207933833868, 21.816652573979855 ] ] ], [ [ [ 74.193100946057399, 22.996380953537297 ], [ 74.133189232896271, 22.918630850494885 ], [ 74.158244183366364, 22.951159070503277 ], [ 74.193100946057399, 22.996380953537297 ] ] ], [ [ [ 72.355569987045513, 23.37766247447523 ], [ 72.946717121305994, 23.274151034930053 ], [ 72.951668260723949, 23.267685313010194 ], [ 72.994914860536696, 23.228825113220907 ], [ 73.01716688806259, 23.104839740270108 ], [ 73.020257891769376, 23.087594404591751 ], [ 72.994793741114762, 23.019781888448236 ], [ 72.944690958491051, 23.004804844668033 ], [ 72.879579953892801, 23.001557128774351 ], [ 72.825557191352388, 23.031282778596648 ], [ 72.805816601735629, 23.05489881068516 ], [ 72.779752938954928, 23.070062187549819 ], [ 72.73957591933214, 23.079644638451821 ], [ 72.711423000962469, 23.103126560397186 ], [ 72.690781598004008, 23.139850882410645 ], [ 72.67505073157767, 23.153354534446908 ], [ 72.650579122856143, 23.149408398120251 ], [ 72.601675259394156, 23.103287822638304 ], [ 72.534020179754464, 23.061042518913649 ], [ 72.498229187527883, 23.077199224303918 ], [ 72.478206131712383, 23.078074912366525 ], [ 72.469419390812618, 23.064797804164556 ], [ 72.43699371883649, 23.039196557509985 ], [ 72.403962857025263, 23.045822705890966 ], [ 72.366757298144464, 23.067896280193384 ], [ 72.345223392952377, 23.112913243754786 ], [ 72.338295849621105, 23.169517815607723 ], [ 72.315681559200499, 23.267050712995989 ], [ 72.326665926514565, 23.299479227074283 ], [ 72.355953294265845, 23.322067425254328 ], [ 72.367068677721605, 23.348525564338765 ], [ 72.355569987045513, 23.37766247447523 ] ] ] ] } },
{ "type": "Feature", "properties": { "state_name": "Central India Agency", "id": 8 }, "geometry": { "type": "MultiPolygon", "coordinates": [ [ [ [ 74.585177954499997, 21.599907108699998 ], [ 74.536064355, 21.61125164 ], [ 74.497621053, 21.639825287800001 ], [ 74.469861260900004, 21.6798981771 ], [ 74.491223141600003, 21.714387093900001 ], [ 74.537112737300006, 21.763286183200002 ], [ 74.530873261400004, 21.793387730700001 ], [ 74.481472627800002, 21.864951472 ], [ 74.449069531099994, 21.900701658599999 ], [ 74.421429843200002, 21.894870002499999 ], [ 74.403143863699995, 21.857515380399999 ], [ 74.338802117499995, 21.817112293 ], [ 74.2820813206, 21.7953625034 ], [ 74.220748716, 21.777874454100001 ], [ 74.170021606399999, 21.7876667594 ], [ 74.1098705685, 21.830378165199999 ], [ 74.086521271799995, 21.8790110857 ], [ 74.075321751900006, 21.9477863527 ], [ 74.096597861600003, 21.986625870200001 ], [ 74.123422192700005, 22.016339788300002 ], [ 74.131727812799994, 22.025536779399999 ], [ 74.143747586700002, 22.072925865399998 ], [ 74.12031338, 22.130165541699998 ], [ 74.126240055699995, 22.1674838241 ], [ 74.230669106700006, 22.216769978199999 ], [ 74.253467972, 22.274240562399999 ], [ 74.243898951, 22.334428389100001 ], [ 74.232959559, 22.361624639799999 ], [ 74.14959179, 22.379851016899998 ], [ 74.0832891485, 22.3794889427 ], [ 74.049065051699998, 22.4237463053 ], [ 74.049686119, 22.459003001199999 ], [ 74.070064992900001, 22.4878021932 ], [ 74.109836855699996, 22.502367045300002 ], [ 74.1631765538, 22.5080305983 ], [ 74.238419448399995, 22.507806407699999 ], [ 74.289146530599993, 22.5229765009 ], [ 74.325058846499999, 22.5446421971 ], [ 74.338967123200007, 22.5601856979 ], [ 74.424947084300001, 22.656171712 ], [ 74.437662146700006, 22.6956538154 ], [ 74.434867873300007, 22.7488238223 ], [ 74.423732975299998, 22.7924031489 ], [ 74.386888415, 22.817361482700001 ], [ 74.360984087399999, 22.843550280799999 ], [ 74.347263582300002, 22.881735213700001 ], [ 74.374021858099994, 22.968401565099999 ], [ 74.440612933500006, 22.970795570899998 ], [ 74.493230060499997, 22.981010677699999 ], [ 74.595271132299999, 23.041533589899998 ], [ 74.622261339, 23.086772269800001 ], [ 74.623677492400006, 23.1348153532 ], [ 74.623380909199994, 23.135442962900001 ], [ 74.616720146099993, 23.1495363017 ], [ 74.605734741, 23.172772804099999 ], [ 74.564538028699999, 23.202061273599998 ], [ 74.535714459100006, 23.237828603800001 ], [ 74.530082267099999, 23.295171092499999 ], [ 74.562511600500002, 23.347604996400001 ], [ 74.602847633300001, 23.362052246499999 ], [ 74.651700501299999, 23.390131123900002 ], [ 74.678023921900007, 23.426036861699998 ], [ 74.735469171199995, 23.451956224900002 ], [ 74.788290432, 23.467093536099998 ], [ 74.831030627700002, 23.4728815858 ], [ 74.878415398200005, 23.503756113800002 ], [ 74.885564231399997, 23.524633654199999 ], [ 74.893152127500002, 23.546785868600001 ], [ 74.893144013799997, 23.556823583900002 ], [ 74.875974758500007, 23.619187788 ], [ 74.875152437200001, 23.6657902685 ], [ 74.8743033314, 23.739637059100001 ], [ 74.859444588900004, 23.796264061799999 ], [ 74.856292385399996, 23.828524145700001 ], [ 74.860158462300006, 23.857205801799999 ], [ 74.881183766600003, 23.881599771099999 ], [ 74.907668638399997, 23.9160314485 ], [ 74.918556090699994, 23.965506762099999 ], [ 74.888054278, 24.0515200597 ], [ 74.856792557099993, 24.081605134099998 ], [ 74.813056580400001, 24.0858595027 ], [ 74.784148411499999, 24.094424560899999 ], [ 74.764566655300001, 24.125940357099999 ], [ 74.760536620400003, 24.192607669800001 ], [ 74.772953913899997, 24.242093819099999 ], [ 74.766600838299993, 24.295852465599999 ], [ 74.737597886800003, 24.325915158 ], [ 74.692886868900004, 24.373863554700002 ], [ 74.670044375100005, 24.429733253599998 ], [ 74.684020542100001, 24.477077785900001 ], [ 74.690966892299997, 24.5193883964 ], [ 74.705781100099998, 24.550960843 ], [ 74.739444360199997, 24.569661702600001 ], [ 74.811563634699993, 24.568335389800001 ], [ 74.897793014499996, 24.564834126600001 ], [ 74.921308265899995, 24.565565126100001 ], [ 74.940898753200003, 24.578478014800002 ], [ 74.945589392700001, 24.6085888725 ], [ 74.939305628699998, 24.630809766900001 ], [ 74.912627057500004, 24.650152348500001 ], [ 74.867102955099995, 24.678077130199998 ], [ 74.833321054300001, 24.712453276200002 ], [ 74.834065900200002, 24.7425625817 ], [ 74.871726593600002, 24.7598043508 ], [ 74.934533005, 24.759128092499999 ], [ 74.998909080299995, 24.740503813299998 ], [ 75.027170584199993, 24.754838726 ], [ 75.028744468799999, 24.771326375099999 ], [ 75.025611231100001, 24.807170172900001 ], [ 74.985554387700006, 24.8308281059 ], [ 74.938410563199994, 24.855906188900001 ], [ 74.879471989300001, 24.868773683699999 ], [ 74.849606130400005, 24.8744814342 ], [ 74.799292054600002, 24.8887593372 ], [ 74.777213933900001, 24.929588441700002 ], [ 74.786595781, 24.959709720100001 ], [ 74.843968454800006, 24.983436772800001 ], [ 74.861271188200007, 24.983453906200001 ], [ 74.900566214199998, 25.0200443648 ], [ 74.939101124, 25.049455614300001 ], [ 74.964282479399998, 25.048746963599999 ], [ 74.984744266199996, 25.0308294608 ], [ 75.017783244300006, 24.987101726399999 ], [ 75.037428741499994, 24.929750219 ], [ 75.067292679800005, 24.911818437200001 ], [ 75.116815561799996, 24.9146552791 ], [ 75.176571764599998, 24.926066099500002 ], [ 75.203285796200007, 24.9174298794 ], [ 75.211092802400003, 24.885877602400001 ], [ 75.194805297200006, 24.856389255 ], [ 75.155474206099996, 24.818800305100002 ], [ 75.150219902700002, 24.803871072700002 ], [ 75.160658928, 24.778770037299999 ], [ 75.176348426700002, 24.768596809400002 ], [ 75.226738234300001, 24.774502861399998 ], [ 75.275178889599999, 24.784577203800001 ], [ 75.296094057399998, 24.774381792100002 ], [ 75.303218822299996, 24.744498330599999 ], [ 75.289425168199998, 24.720032743499999 ], [ 75.215454531399999, 24.681326787300002 ], [ 75.174904571499994, 24.671821181199999 ], [ 75.146761798100002, 24.645565876199999 ], [ 75.153228213199995, 24.5882090717 ], [ 75.166821311800007, 24.5427512656 ], [ 75.169488440500004, 24.5338279194 ], [ 75.194901189199996, 24.4973554175 ], [ 75.231420960799994, 24.475199767900001 ], [ 75.284947342400002, 24.475705717899999 ], [ 75.343744587200007, 24.494102931400001 ], [ 75.415682084699995, 24.532155575200001 ], [ 75.456240982300002, 24.551752367500001 ], [ 75.502641325200003, 24.558773488500002 ], [ 75.524856112600006, 24.5604899338 ], [ 75.548445376, 24.577730151899999 ], [ 75.606794646, 24.621115165700001 ], [ 75.641458903599997, 24.626945109499999 ], [ 75.680642599899997, 24.621993916699999 ], [ 75.700753521300001, 24.5956172032 ], [ 75.721314501500004, 24.535185341599998 ], [ 75.749830464300004, 24.498606389599999 ], [ 75.788675333, 24.446436867700001 ], [ 75.811960187699995, 24.414055340400001 ], [ 75.805137386699997, 24.366898788099999 ], [ 75.769705473900004, 24.331239655400001 ], [ 75.735072577400004, 24.317671355600002 ], [ 75.706409241, 24.321391790900002 ], [ 75.670497397399998, 24.310801497700002 ], [ 75.659350881400002, 24.2983049194 ], [ 75.652704606900002, 24.273242768300001 ], [ 75.66686377, 24.239129384799998 ], [ 75.689325416, 24.1757044493 ], [ 75.713850740599995, 24.136162803 ], [ 75.716959089400007, 24.1098622658 ], [ 75.695906464900006, 24.068140693499998 ], [ 75.671587710300003, 24.021053322299998 ], [ 75.671780381100007, 24.019872535299999 ], [ 75.679779198800006, 23.9708338023 ], [ 75.673032901499994, 23.923666905899999 ], [ 75.642363251899994, 23.898706047499999 ], [ 75.615673974800004, 23.888658805399999 ], [ 75.527571597, 23.873523186100002 ], [ 75.4999414726, 23.8687652863 ], [ 75.476455702699994, 23.841954655 ], [ 75.476324833199996, 23.806108114099999 ], [ 75.476402187399998, 23.8059039565 ], [ 75.500110450299999, 23.7433004393 ], [ 75.543468692100006, 23.71268402 ], [ 75.569924144, 23.707456283199999 ], [ 75.592739396400006, 23.702943916300001 ], [ 75.631682597799994, 23.705777119499999 ], [ 75.659669143200006, 23.7229862537 ], [ 75.683559122199995, 23.738969164699999 ], [ 75.730666023400005, 23.7704620584 ], [ 75.782007881, 23.780366922 ], [ 75.833395105799994, 23.796228511700001 ], [ 75.882342451900001, 23.833593593500002 ], [ 75.927466899500004, 23.87753683 ], [ 75.988968038600007, 23.9345040155 ], [ 76.029536927199999, 23.968886023100001 ], [ 76.058618640099994, 24.027231499799999 ], [ 76.0946411834, 24.056846967199998 ], [ 76.148829941599999, 24.097452094699999 ], [ 76.152274096400006, 24.100031337899999 ], [ 76.193495145499995, 24.124206506099998 ], [ 76.221468740199995, 24.122790635299999 ], [ 76.289151184900007, 24.122234328099999 ], [ 76.342878200399994, 24.137136184799999 ], [ 76.383150945799997, 24.148291452799999 ], [ 76.480337619599993, 24.165298715199999 ], [ 76.578028645200007, 24.168500205099999 ], [ 76.635960863099996, 24.167889709099999 ], [ 76.655769493600005, 24.139006935899999 ], [ 76.701806114199997, 24.0742310131 ], [ 76.704967545200006, 24.069779951800001 ], [ 76.735704210700007, 24.0335985824 ], [ 76.777324759400003, 24.0337184079 ], [ 76.816705240299996, 24.059534980700001 ], [ 76.818266674499995, 24.081383546800001 ], [ 76.8199472509, 24.104886737600001 ], [ 76.811420034, 24.146197598800001 ], [ 76.789627480500002, 24.170344428100002 ], [ 76.751129120900003, 24.211404291800001 ], [ 76.756747587299998, 24.2412017909 ], [ 76.779496670599997, 24.284535694399999 ], [ 76.775410149600006, 24.318625887900001 ], [ 76.767872259200004, 24.339019848 ], [ 76.726670885299995, 24.377120641099999 ], [ 76.730312887500006, 24.4051492796 ], [ 76.757313046, 24.4239496378 ], [ 76.783441976099994, 24.4266300086 ], [ 76.847859360399994, 24.370913357 ], [ 76.888142031499996, 24.361458698100002 ], [ 76.914955932599995, 24.367094302200002 ], [ 76.934756044099998, 24.382967049499999 ], [ 76.948683241, 24.440715763699998 ], [ 76.955697178799994, 24.514675758900001 ], [ 76.954669359299999, 24.532604446 ], [ 76.992673013100003, 24.5828662435 ], [ 76.970447533500007, 24.623169134899999 ], [ 76.943946176, 24.6414292786 ], [ 76.857690159300006, 24.640728617899999 ], [ 76.783216276299996, 24.641630649300001 ], [ 76.767287444600001, 24.670484929800001 ], [ 76.796689818199994, 24.7155234122 ], [ 76.841613938500004, 24.747226727800001 ], [ 76.861860762600003, 24.789376468 ], [ 76.819940672599998, 24.8305010377 ], [ 76.787010001599995, 24.861355271299999 ], [ 76.790884896500003, 24.9031121469 ], [ 76.808315290600007, 24.930969458100002 ], [ 76.864143258499993, 24.941627760100001 ], [ 76.924498568299995, 24.9480261285 ], [ 76.976745857400005, 24.979587549200001 ], [ 77.023083643099994, 25.008821218600001 ], [ 77.078909560900001, 25.016410644099999 ], [ 77.176586485599998, 25.018594845599999 ], [ 77.248275418899993, 25.033051435600001 ], [ 77.284964111700006, 25.032491607600001 ], [ 77.307916327100003, 25.033330883800001 ], [ 77.328100321600004, 25.061077163699998 ], [ 77.338090794, 25.103907208 ], [ 77.323635482399993, 25.171600387 ], [ 77.300377678100006, 25.225697931399999 ], [ 77.249213870700004, 25.298729450100002 ], [ 77.213383186100003, 25.314795389299999 ], [ 77.175369357899996, 25.3195410103 ], [ 77.139017916599997, 25.306937533 ], [ 77.083243456800005, 25.271910782799999 ], [ 77.010415397599999, 25.2359000796 ], [ 76.934574044900003, 25.2142218957 ], [ 76.871279150199996, 25.195928107099999 ], [ 76.803663683099998, 25.194976826 ], [ 76.776137283500006, 25.197698686399999 ], [ 76.741594432499994, 25.214830516900001 ], [ 76.715161897, 25.249178892700002 ], [ 76.697867359699998, 25.2804321952 ], [ 76.677041541799994, 25.294405638600001 ], [ 76.650834516, 25.299478857 ], [ 76.604353363900003, 25.261771291300001 ], [ 76.568084587399994, 25.250216924099998 ], [ 76.5411945054, 25.2528888939 ], [ 76.514473375199998, 25.269290229199999 ], [ 76.487949016, 25.3024070614 ], [ 76.464405568299995, 25.365947979400001 ], [ 76.439360729699999, 25.415764208199999 ], [ 76.423938172800007, 25.446372576400002 ], [ 76.416901079, 25.477346631 ], [ 76.422649234900007, 25.518498725299999 ], [ 76.431254426899997, 25.550365620600001 ], [ 76.442895539600002, 25.587875245300001 ], [ 76.455923344200002, 25.630445890200001 ], [ 76.457694139400004, 25.662762766299998 ], [ 76.462891268800007, 25.664785671600001 ], [ 76.497401812700005, 25.726542975 ], [ 76.537905093199996, 25.759085111699999 ], [ 76.608433976399994, 25.786031061500001 ], [ 76.651705107699996, 25.824241397400002 ], [ 76.720758838799995, 25.890796503499999 ], [ 76.762605028199999, 25.934719670900002 ], [ 76.801520351899995, 25.9576475842 ], [ 76.888373417500006, 25.9699154009 ], [ 76.946212313100006, 25.984434180299999 ], [ 76.992329256700003, 26.0239290329 ], [ 77.058523447900001, 26.0908254673 ], [ 77.104300493899999, 26.106881670700002 ], [ 77.145084512699995, 26.1096238481 ], [ 77.177099933500003, 26.124427363399999 ], [ 77.247852688, 26.1997559106 ], [ 77.325873573899997, 26.262987486299998 ], [ 77.4210929905, 26.3082129141 ], [ 77.549573435400006, 26.344187048599998 ], [ 77.695142242900005, 26.359546474199998 ], [ 77.732760567100001, 26.381513281899998 ], [ 77.783492060699999, 26.452154213699998 ], [ 77.82825221, 26.493051173800001 ], [ 78.135730378800005, 26.678759885800002 ], [ 78.231637306500005, 26.735080907099999 ], [ 78.3221114511, 26.784298271699999 ], [ 78.324573006099996, 26.796681576600001 ], [ 78.474579018100002, 26.788935857199998 ], [ 78.590873037500003, 26.766943116 ], [ 78.712801069, 26.723714074899998 ], [ 78.769636901599995, 26.706944076799999 ], [ 78.815434694800004, 26.7419819174 ], [ 78.852118323200003, 26.7581656226 ], [ 78.877217668200004, 26.746029285500001 ], [ 78.928473761399999, 26.691180053699998 ], [ 78.949544156399995, 26.562730218799999 ], [ 78.976659121, 26.4875471565 ], [ 79.027233533499995, 26.417426879200001 ], [ 79.029942887, 26.373458536200001 ], [ 79.020953138199999, 26.297377109300001 ], [ 78.992148399599998, 26.260014538 ], [ 78.986381386399998, 26.239893496200001 ], [ 78.975332848199997, 26.201319979400001 ], [ 78.973325555700001, 26.142213440900001 ], [ 78.948034463699997, 26.0818378761 ], [ 78.919648583099999, 26.043447359400002 ], [ 78.892722522699998, 26.006999471699999 ], [ 78.901193741599997, 25.943787558099999 ], [ 78.919196128199999, 25.913718078199999 ], [ 78.93719011, 25.883647311800001 ], [ 78.934196568299996, 25.8570089191 ], [ 78.923248580700005, 25.7809626425 ], [ 78.889415991199996, 25.713161625200001 ], [ 78.788357172199994, 25.649019659499999 ], [ 78.630726191099996, 25.590032434 ], [ 78.408473063, 25.547654828799999 ], [ 78.3210586987, 25.509823320799999 ], [ 78.282810465300003, 25.493245063900002 ], [ 78.254036834199994, 25.440420698899999 ], [ 78.274680385699995, 25.348305589799999 ], [ 78.308616437699996, 25.282624329400001 ], [ 78.323535892099997, 25.213548010699999 ], [ 78.321257683100001, 25.129582218500001 ], [ 78.290226303599994, 25.061163086 ], [ 78.2766859627, 25.031278938500002 ], [ 78.206927466699995, 24.927771311499999 ], [ 78.150759871199995, 24.860219817400001 ], [ 78.150147721500005, 24.848775632399999 ], [ 78.146784677100001, 24.785823385200001 ], [ 78.174848296099995, 24.655368202199998 ], [ 78.183754766299998, 24.511948394 ], [ 78.209081546500002, 24.440751219900001 ], [ 78.208453191, 24.415937865 ], [ 78.200515294400006, 24.3492643475 ], [ 78.188377495500006, 24.280767778 ], [ 78.169209385499997, 24.263980655800001 ], [ 78.119283394199996, 24.266923798699999 ], [ 78.085781734899996, 24.2599682878 ], [ 78.088747023600007, 24.210249972500002 ], [ 78.0937929185, 24.1604893371 ], [ 78.082885518400005, 24.139700916399999 ], [ 78.071936351199994, 24.117002261100001 ], [ 78.066144945600001, 24.092289026100001 ], [ 78.076647788700001, 24.052923469 ], [ 78.114668786400003, 24.034009530700001 ], [ 78.166583459400002, 24.031034149100002 ], [ 78.195514783299998, 24.023748335899999 ], [ 78.216717705, 23.998476708 ], [ 78.223086268599999, 23.9620565508 ], [ 78.277525371699994, 23.9370309713 ], [ 78.292615442100001, 23.9176107167 ], [ 78.294930741900004, 23.886050579900001 ], [ 78.292154267300006, 23.8584189225 ], [ 78.258207732700001, 23.829539952499999 ], [ 78.233871863600001, 23.810954750699999 ], [ 78.222438034, 23.7682229439 ], [ 78.241077224799994, 23.7248615705 ], [ 78.2764712954, 23.703708607199999 ], [ 78.289104497400004, 23.696155064399999 ], [ 78.343642215299994, 23.679707932100001 ], [ 78.358587080299998, 23.615409837600001 ], [ 78.393336323300005, 23.556408949400002 ], [ 78.468650375199999, 23.545197656500001 ], [ 78.531693365400002, 23.579102527900002 ], [ 78.579518692700006, 23.585644435100001 ], [ 78.624672911199994, 23.5702762578 ], [ 78.6387422337, 23.554672655499999 ], [ 78.642092503900002, 23.525954549 ], [ 78.592658249500005, 23.497509446599999 ], [ 78.574813915799993, 23.488373369600001 ], [ 78.573990361100002, 23.457841669099999 ], [ 78.572185549799997, 23.429241753900001 ], [ 78.531174162100001, 23.404397722700001 ], [ 78.499932214200001, 23.3965085088 ], [ 78.508381339500005, 23.3638570323 ], [ 78.531621761799997, 23.343283965 ], [ 78.556142404200003, 23.332226321299999 ], [ 78.600390976900002, 23.324531414900001 ], [ 78.630014397099998, 23.311436239799999 ], [ 78.6456314335, 23.277659966200002 ], [ 78.6738409007, 23.175808122300001 ], [ 78.704324709299996, 23.157909567499999 ], [ 78.717420996599998, 23.146145193199999 ], [ 78.708196077799997, 23.111041363399998 ], [ 78.6666233471, 23.062371447699999 ], [ 78.584204585199998, 23.0279846697 ], [ 78.484987272599994, 23.020655676200001 ], [ 78.352725076300004, 22.970041733199999 ], [ 78.197029374799996, 22.839559994599998 ], [ 78.1187114831, 22.839204439300001 ], [ 78.044330304599995, 22.876939281599999 ], [ 77.981082926900001, 22.859990584199998 ], [ 77.916187094899996, 22.813434532799999 ], [ 77.876967759300001, 22.810326979199999 ], [ 77.812961490299998, 22.854456529099998 ], [ 77.785336220800005, 22.8644953658 ], [ 77.722897914499995, 22.835007291299998 ], [ 77.665263527700006, 22.786305368499999 ], [ 77.6196518621, 22.771775528799999 ], [ 77.575553115100007, 22.727590312499999 ], [ 77.528395023399995, 22.683438907799999 ], [ 77.483927071899998, 22.672670072 ], [ 77.395257252600004, 22.6654220753 ], [ 77.346214201899997, 22.626972053100001 ], [ 77.274392017300002, 22.578318117399998 ], [ 77.2162860655, 22.5883080473 ], [ 77.164127997500003, 22.609087284499999 ], [ 77.117448066799994, 22.585341647300002 ], [ 77.084714321, 22.564267974100002 ], [ 77.052308336199999, 22.564685103799999 ], [ 76.989758191099995, 22.6156450581 ], [ 76.988998079799998, 22.615199650600001 ], [ 76.958618270100004, 22.597392271099999 ], [ 76.939512791300004, 22.556051146 ], [ 76.899213193600005, 22.5436300613 ], [ 76.815379284299993, 22.505890049200001 ], [ 76.771580270900003, 22.4590668124 ], [ 76.717715468700007, 22.3435189317 ], [ 76.701974723899994, 22.316444245900001 ], [ 76.671159894200002, 22.316764815799999 ], [ 76.616038681800006, 22.347432884100002 ], [ 76.548925615399995, 22.411175835200002 ], [ 76.490547228, 22.431798352200001 ], [ 76.462788203700001, 22.432052201600001 ], [ 76.439756668100003, 22.427510771 ], [ 76.434969824099994, 22.426566431099999 ], [ 76.360513096899993, 22.382760505499999 ], [ 76.346127859600003, 22.329826754 ], [ 76.270481332200006, 22.3160981228 ], [ 76.198137646899994, 22.326686546099999 ], [ 76.094707399499995, 22.3274180947 ], [ 76.091794512800007, 22.342472782600002 ], [ 76.097720801, 22.311840852500001 ], [ 76.038904808500007, 22.277811823899999 ], [ 76.0294366384, 22.2472795254 ], [ 76.034423948599994, 22.227171430799999 ], [ 76.053832838800005, 22.213662591199999 ], [ 76.046327332700002, 22.170689978399999 ], [ 76.044313810600002, 22.160328906699998 ], [ 76.037793892600007, 22.126767158700002 ], [ 76.052922098400003, 22.0912971341 ], [ 76.124901128299996, 22.112805975600001 ], [ 76.17738958, 22.132512039 ], [ 76.213145596700002, 22.114086342499998 ], [ 76.2035800532, 22.074961240699999 ], [ 76.1384370663, 22.009462373 ], [ 76.101102659800006, 21.9542673921 ], [ 76.029998797900006, 21.9002334111 ], [ 76.005124351700005, 21.859276304 ], [ 76.011027145599996, 21.824821673100001 ], [ 76.030262244900001, 21.794108485 ], [ 76.069041064800004, 21.7776090427 ], [ 76.133298345900002, 21.7484995029 ], [ 76.144295690099995, 21.718387865299999 ], [ 76.136273602299994, 21.673986381700001 ], [ 76.100780438100003, 21.646977603700002 ], [ 76.003914157599993, 21.614605954599998 ], [ 75.960660161600003, 21.5675340196 ], [ 75.969563637700006, 21.5230232276 ], [ 76.006031935199999, 21.4769141178 ], [ 76.025669173899999, 21.436638169599998 ], [ 76.017752086100003, 21.3993979571 ], [ 75.973218973499996, 21.3810178622 ], [ 75.898041108100003, 21.357055369099999 ], [ 75.864233430200002, 21.335719266800002 ], [ 75.819888776599996, 21.344546916199999 ], [ 75.778600371099998, 21.353348853899998 ], [ 75.731125425, 21.350693688100002 ], [ 75.649863127299994, 21.323776280200001 ], [ 75.590095983200001, 21.306785015799999 ], [ 75.545741372099997, 21.315540589800001 ], [ 75.457117859199997, 21.366005999199999 ], [ 75.406623510800003, 21.3790447901 ], [ 75.307037164799993, 21.3563072038 ], [ 75.271818418899997, 21.354933556100001 ], [ 75.209095170099999, 21.392316236199999 ], [ 75.169303715599995, 21.416744882700002 ], [ 75.098833194700006, 21.403892196400001 ], [ 75.066674450099995, 21.4168171458 ], [ 75.057503421600003, 21.4670223223 ], [ 75.069781702699999, 21.508613174099999 ], [ 75.052934004199997, 21.5430430975 ], [ 74.976280173800006, 21.5344438889 ], [ 74.972004042400002, 21.534043134899999 ], [ 74.868978300699993, 21.524353891600001 ], [ 74.760116516699995, 21.540010362099999 ], [ 74.692643994099996, 21.548505504800001 ], [ 74.634338133499995, 21.5670336819 ], [ 74.585177954499997, 21.599907108699998 ] ], [ [ 74.885564231399997, 23.524633654199999 ], [ 74.931587618699993, 23.513547495400001 ], [ 74.920447639800003, 23.516232325200001 ], [ 74.885564231399997, 23.524633654199999 ] ], [ [ 76.001014918899997, 22.788688429600001 ], [ 75.691097636899997, 22.5284721158 ], [ 75.703963628699995, 22.4680818613 ], [ 76.452225720499996, 22.5984469735 ], [ 76.125648612299997, 22.589838366799999 ], [ 76.001014918899997, 22.788688429600001 ] ], [ [ 76.452225720499996, 22.5984469735 ], [ 76.451626531100004, 22.595145788899998 ], [ 76.441578037400006, 22.539756412 ], [ 76.452225720499996, 22.5984469735 ] ], [ [ 75.782769787600003, 22.0981823549 ], [ 75.805190235400005, 21.992945496499999 ], [ 75.872967512800003, 21.969891863699999 ], [ 75.921576419399997, 21.957675265700001 ], [ 75.960057148199994, 21.964625352700001 ], [ 75.969333520299998, 22.009983831300001 ], [ 75.954677046599997, 22.073354555400002 ], [ 75.878955383499999, 22.1096857844 ], [ 75.802026172699996, 22.1136669035 ], [ 75.782769787600003, 22.0981823549 ] ], [ [ 75.805190235400005, 21.992945496499999 ], [ 75.755076068400001, 22.045254561099998 ], [ 75.756697838400001, 22.031420293099998 ], [ 75.805190235400005, 21.992945496499999 ] ], [ [ 76.939150300199998, 23.576376451600002 ], [ 77.124702964199997, 23.587856782199999 ], [ 77.0148257556, 23.639915948 ], [ 76.939150300199998, 23.576376451600002 ] ], [ [ 77.124702964199997, 23.587856782199999 ], [ 77.127428268499997, 23.6121851752 ], [ 77.125941054500004, 23.598910588 ], [ 77.124702964199997, 23.587856782199999 ] ], [ [ 77.065474699299997, 23.682442396900001 ], [ 77.160825888800005, 23.704168056099999 ], [ 77.185219479300002, 23.7668870185 ], [ 77.167706149899999, 23.768279143600001 ], [ 77.065474699299997, 23.682442396900001 ] ], [ [ 77.160825888800005, 23.704168056099999 ], [ 77.145697876, 23.672661413499998 ], [ 77.138269563, 23.657183982599999 ], [ 77.160825888800005, 23.704168056099999 ] ], [ [ 77.232122298799993, 23.822373650100001 ], [ 77.2321314048, 23.822372617300001 ], [ 77.203908348400006, 23.842365733899999 ], [ 77.232122298799993, 23.822373650100001 ] ], [ [ 77.2321314048, 23.822372617300001 ], [ 77.2321279043, 23.822369678099999 ], [ 77.260345617400006, 23.802374928100001 ], [ 77.276234128200002, 23.820294411399999 ], [ 77.310784283399997, 23.836022302500002 ], [ 77.397387649799995, 23.8576277608 ], [ 77.459053139199995, 23.8776724915 ], [ 77.543427277, 23.942215869599998 ], [ 77.702365238100001, 23.988215793199998 ], [ 77.791800716300003, 23.989478367499999 ], [ 77.8558017557, 24.0159976351 ], [ 77.8969356594, 24.041967602700002 ], [ 77.892701815, 24.085026879299999 ], [ 77.871204674200001, 24.100713976600002 ], [ 77.85783262, 24.107650544 ], [ 77.827258983799993, 24.1368734186 ], [ 77.813580300400005, 24.224997869799999 ], [ 77.782012286400004, 24.2580530442 ], [ 77.7226515304, 24.259127983599999 ], [ 77.672760754, 24.264789468099998 ], [ 77.653467547899993, 24.2890076009 ], [ 77.570954475700006, 24.279919307899998 ], [ 77.4804151875, 24.232704901 ], [ 77.412359967499995, 24.2146927549 ], [ 77.341791357600002, 24.229169743700002 ], [ 77.298831334300004, 24.215494181099999 ], [ 77.266456627, 24.151968109 ], [ 77.263149060900005, 24.023037200899999 ], [ 77.236281691399995, 23.852408992800001 ], [ 77.232798284300003, 23.821900071 ], [ 77.2321314048, 23.822372617300001 ] ], [ [ 74.567410954, 22.238975841799999 ], [ 74.567410621799993, 22.238976055399998 ], [ 74.562819835499994, 22.2244470742 ], [ 74.567410954, 22.238975841799999 ] ], [ [ 74.567410621799993, 22.238976055399998 ], [ 74.567411018100003, 22.238976044699999 ], [ 74.571211100799999, 22.251001549600002 ], [ 74.567410621799993, 22.238976055399998 ] ], [ [ 75.374942456799999, 22.7584062219 ], [ 75.372951216600001, 22.758934502799999 ], [ 75.351763663499995, 22.764553827499999 ], [ 75.374942456799999, 22.7584062219 ] ], [ [ 75.020168120799994, 23.025117766 ], [ 75.008221547600002, 23.0417066093 ], [ 75.028875959900006, 23.0130230366 ], [ 75.020168120799994, 23.025117766 ] ], [ [ 75.1806070202, 23.135545387200001 ], [ 75.173055507200004, 23.132562323399998 ], [ 75.164317770400004, 23.129110048400001 ], [ 75.1806070202, 23.135545387200001 ] ], [ [ 75.3286450234, 23.496954172300001 ], [ 75.328645591599994, 23.496955559500002 ], [ 75.315643616100004, 23.5010540253 ], [ 75.3286450234, 23.496954172300001 ] ], [ [ 75.371602156, 24.028116589500002 ], [ 75.3314767926, 24.059455618499999 ], [ 75.331094232, 24.059754285499999 ], [ 75.371602156, 24.028116589500002 ] ], [ [ 76.232665360400006, 23.842605031400002 ], [ 76.191390505599998, 23.881219980899999 ], [ 76.248565479899995, 23.827720733500001 ], [ 76.232665360400006, 23.842605031400002 ] ], [ [ 76.535824535399996, 23.9013478233 ], [ 76.618121797900002, 23.9172944657 ], [ 76.3623997798, 23.921017679199998 ], [ 76.535824535399996, 23.9013478233 ] ] ], [ [ [ 77.185219479300002, 23.7668870185 ], [ 77.160825888800005, 23.704168056099999 ], [ 77.167194454699995, 23.720549372099999 ], [ 77.185219479300002, 23.7668870185 ] ] ] ] } },
{ "type": "Feature", "properties": { "state_name": "Central Province", "id": 9 }, "geometry": { "type": "MultiPolygon", "coordinates": [ [ [ [ 80.442303907086853, 18.519367406268376 ], [ 80.376218336395979, 18.578453235083419 ], [ 80.266723349400166, 18.625288425214059 ], [ 80.206558360579365, 18.619817300998541 ], [ 80.115391527835385, 18.680962914750786 ], [ 80.082357606174057, 18.730491981559755 ], [ 80.064998613065953, 18.752418060128772 ], [ 80.046214490147634, 18.827304321924306 ], [ 80.027421697843138, 18.902192217447926 ], [ 79.95629081689215, 18.987076077947492 ], [ 79.977651275551878, 19.098076058920704 ], [ 80.060430463572445, 19.197365860684254 ], [ 80.152237293799345, 19.244857634910844 ], [ 80.159464953003237, 19.283266661318482 ], [ 80.152996126285259, 19.36496701532198 ], [ 80.144799185129088, 19.439566757907357 ], [ 80.088245431829222, 19.511247205934509 ], [ 80.047071160961735, 19.545300677017295 ], [ 79.986727345411879, 19.545550507223989 ], [ 79.927103851313348, 19.520011065993319 ], [ 79.882351905823228, 19.536964256947705 ], [ 79.848443815634994, 19.56363093555029 ], [ 79.77093887944973, 19.545670352706139 ], [ 79.773402102809939, 19.475497638538567 ], [ 79.745568560434009, 19.400397339483604 ], [ 79.674141037387884, 19.433732738878312 ], [ 79.629694943336176, 19.462063330772121 ], [ 79.641069312465476, 19.543337620623831 ], [ 79.640679900596055, 19.634929981014395 ], [ 79.643156335681979, 19.720723878468213 ], [ 79.612969586786662, 19.774452092673929 ], [ 79.535838126872292, 19.826518055353258 ], [ 79.479399941699612, 19.80934052139709 ], [ 79.446312685632378, 19.761505938075921 ], [ 79.373987671440972, 19.77044839857642 ], [ 79.315944446580701, 19.804784137124873 ], [ 79.247481169882022, 19.846511430303192 ], [ 79.221208730284999, 19.836878674183339 ], [ 79.145763231518416, 19.924132726816904 ], [ 79.067428898651926, 20.017818849402278 ], [ 79.005456378313909, 20.087844331168739 ], [ 78.955773692731867, 20.146243496640395 ], [ 78.886186509478392, 20.168081915332081 ], [ 78.86236486365965, 20.201424920413437 ], [ 78.849687122551785, 20.251228952658458 ], [ 78.802796805777319, 20.285003452591241 ], [ 78.801842953404645, 20.285690243049256 ], [ 78.664752994944664, 20.34590808782141 ], [ 78.525282715868585, 20.418016645610759 ], [ 78.407990718823569, 20.525408847167885 ], [ 78.32504527343059, 20.61596444018981 ], [ 78.226022044197407, 20.700823359267524 ], [ 78.158031418364061, 20.787456350110034 ], [ 78.129809149631058, 20.865585463547774 ], [ 78.101987051087065, 20.995048835419478 ], [ 78.108443042678047, 21.091646894250307 ], [ 78.177473899324042, 21.136931123397343 ], [ 78.293648972493116, 21.182463383534017 ], [ 78.347879914816275, 21.216614057331178 ], [ 78.348428394868478, 21.217687986189503 ], [ 78.386530708192126, 21.292242925294165 ], [ 78.398025564855089, 21.321257754346451 ], [ 78.454451882535778, 21.364273267010017 ], [ 78.492891463139259, 21.426740336497357 ], [ 78.504985106486998, 21.432962490929075 ], [ 78.459092285259842, 21.476462802741501 ], [ 78.456787880395396, 21.476510521308146 ], [ 78.430539248030726, 21.477051822412285 ], [ 78.339271844009801, 21.412049949624578 ], [ 78.151918224622165, 21.331627911662032 ], [ 78.024686542555841, 21.291936552917299 ], [ 77.882030628816025, 21.294441362144251 ], [ 77.754807170253727, 21.250712787849253 ], [ 77.653224926757744, 21.269541730732421 ], [ 77.609464727788932, 21.331377965434271 ], [ 77.594047552023412, 21.497874495673081 ], [ 77.56152469238441, 21.622592854937697 ], [ 77.486021781871074, 21.629472806627255 ], [ 77.346290263095398, 21.583724029326842 ], [ 77.246327320387479, 21.59465991500549 ], [ 77.189920302137864, 21.648930687808413 ], [ 77.169054186689422, 21.641286011491633 ], [ 77.089204587910245, 21.61199897819991 ], [ 77.025129272303715, 21.56118014575053 ], [ 76.927233575528888, 21.575722765454472 ], [ 76.876269942831584, 21.585863142129998 ], [ 76.832728101635411, 21.536643966924121 ], [ 76.852165347045627, 21.458049477590066 ], [ 76.800624807316026, 21.418465480061279 ], [ 76.753717860688013, 21.42278673723753 ], [ 76.7385009883577, 21.344561092815045 ], [ 76.74213046342237, 21.306287062315604 ], [ 76.592224271769254, 21.215999526533729 ], [ 76.567395237436486, 21.181816391502011 ], [ 76.56723408142679, 21.166522062901233 ], [ 76.513774921274717, 21.121120529606998 ], [ 76.420728183895946, 21.111900608661163 ], [ 76.420947582844136, 21.13493065128262 ], [ 76.402863324589021, 21.162328704540592 ], [ 76.300664327089578, 21.188959313466167 ], [ 76.258094043447571, 21.217964008936214 ], [ 76.181750838635168, 21.234291336789859 ], [ 76.1530014296834, 21.274646567601081 ], [ 76.165739115200168, 21.337661070690825 ], [ 76.207724784401236, 21.417674871885914 ], [ 76.209614760648421, 21.461162320611731 ], [ 76.117862953599882, 21.483312634822678 ], [ 76.025669173870142, 21.436638169553621 ], [ 76.006031935198166, 21.476914117798671 ], [ 75.969563637653366, 21.523023227644025 ], [ 75.96066016159746, 21.567534019619963 ], [ 76.003914157640324, 21.614605954565327 ], [ 76.100780438074693, 21.646977603728899 ], [ 76.13627360225351, 21.673986381705731 ], [ 76.144295690123286, 21.71838786532734 ], [ 76.133298345854627, 21.748499502915514 ], [ 76.069041064828312, 21.777609042661062 ], [ 76.030262244860509, 21.794108485025681 ], [ 76.011027145560007, 21.824821673065408 ], [ 76.005124351736313, 21.859276304009548 ], [ 76.029998797918168, 21.900233411064811 ], [ 76.101102659824321, 21.954267392091754 ], [ 76.138437066327441, 22.0094623730139 ], [ 76.203580053190734, 22.074961240664237 ], [ 76.213145596717084, 22.114086342546379 ], [ 76.177389579972626, 22.132512038967139 ], [ 76.124901128279191, 22.11280597560474 ], [ 76.052922098433143, 22.091297134098561 ], [ 76.037793892640821, 22.126767158652914 ], [ 76.046327332707051, 22.170689978368362 ], [ 76.053832838782441, 22.213662591220839 ], [ 76.034423948642498, 22.227171430758997 ], [ 76.029436638431875, 22.247279525403439 ], [ 76.038904808476886, 22.277811823915009 ], [ 76.097720800976347, 22.311840852511502 ], [ 76.094707399474302, 22.327418094693144 ], [ 76.198137646865476, 22.326686546099399 ], [ 76.270481332152499, 22.316098122832656 ], [ 76.346127859583063, 22.329826754043719 ], [ 76.360513096939073, 22.382760505487067 ], [ 76.434969824119378, 22.426566431062717 ], [ 76.462788203735116, 22.432052201557564 ], [ 76.490547227967667, 22.431798352195198 ], [ 76.548925615387589, 22.411175835195188 ], [ 76.616038681816534, 22.347432884100396 ], [ 76.67027939083016, 22.317254951890298 ], [ 76.671159894199192, 22.31676481582809 ], [ 76.701974723944844, 22.316444245917257 ], [ 76.717715468697094, 22.343518931658508 ], [ 76.771580270851814, 22.459066812383927 ], [ 76.815379284313337, 22.505890049155955 ], [ 76.899213193616092, 22.543630061327868 ], [ 76.93951279128369, 22.556051145967519 ], [ 76.958618270093993, 22.597392271126512 ], [ 76.989758191101103, 22.61564505810512 ], [ 77.052308336155434, 22.564685103792666 ], [ 77.084714320982698, 22.564267974102037 ], [ 77.117448066795845, 22.585341647256048 ], [ 77.164127997479795, 22.609087284455917 ], [ 77.216286065462313, 22.588308047326596 ], [ 77.274392017307591, 22.578318117383684 ], [ 77.34621420192326, 22.626972053097539 ], [ 77.395257252562729, 22.665422075288827 ], [ 77.483927071919268, 22.672670072003488 ], [ 77.528395023408208, 22.683438907758191 ], [ 77.575553115092859, 22.727590312496183 ], [ 77.619651862057268, 22.771775528814995 ], [ 77.665263527655881, 22.786305368505463 ], [ 77.72289791448668, 22.835007291317638 ], [ 77.785336220817129, 22.864495365819852 ], [ 77.812961490317463, 22.8544565291173 ], [ 77.87696775930354, 22.810326979210743 ], [ 77.916187094918058, 22.813434532808699 ], [ 77.981082926884568, 22.859990584213449 ], [ 78.044330304635139, 22.876939281565864 ], [ 78.118711483111142, 22.839204439341565 ], [ 78.197029374803151, 22.839559994566173 ], [ 78.352725076345536, 22.97004173321249 ], [ 78.484987272600208, 23.020655676159457 ], [ 78.584204585233792, 23.027984669695744 ], [ 78.59524503432263, 23.032594677516091 ], [ 78.666623347072672, 23.062371447690854 ], [ 78.708196077752788, 23.111041363360705 ], [ 78.71742099663517, 23.146145193221624 ], [ 78.704324709342345, 23.15790956752636 ], [ 78.673840900728891, 23.175808122335404 ], [ 78.645631433531236, 23.277659966230896 ], [ 78.630014397059014, 23.311436239780353 ], [ 78.600390976889756, 23.324531414916123 ], [ 78.556142404178416, 23.332226321271651 ], [ 78.531621761826031, 23.34328396499307 ], [ 78.508381339470034, 23.363857032325594 ], [ 78.499932214221147, 23.396508508830941 ], [ 78.531174162081328, 23.404397722746616 ], [ 78.572185549833222, 23.429241753903991 ], [ 78.573990361079481, 23.457841669139228 ], [ 78.574813915758398, 23.488373369624622 ], [ 78.592658249501142, 23.497509446585013 ], [ 78.642092503929874, 23.525954549011928 ], [ 78.638742233711312, 23.554672655500443 ], [ 78.624672911210908, 23.57027625784211 ], [ 78.579518692717045, 23.585644435080845 ], [ 78.531693365409396, 23.57910252785052 ], [ 78.468650375231377, 23.545197656522653 ], [ 78.393336323254275, 23.556408949387258 ], [ 78.358587080293844, 23.61540983757072 ], [ 78.34364221528287, 23.679707932060786 ], [ 78.289104497436924, 23.696155064368128 ], [ 78.241077224828956, 23.724861570533491 ], [ 78.22243803403893, 23.768222943922076 ], [ 78.233871863580561, 23.810954750726317 ], [ 78.25820773267472, 23.829539952530443 ], [ 78.292154267283749, 23.858418922478723 ], [ 78.294930741928397, 23.886050579924909 ], [ 78.29261544213621, 23.917610716736071 ], [ 78.277525371673775, 23.937030971330923 ], [ 78.223086268605797, 23.962056550828624 ], [ 78.216717705017103, 23.998476708016661 ], [ 78.195514783330054, 24.023748335889774 ], [ 78.166583459369974, 24.031034149059195 ], [ 78.114668786392457, 24.034009530722763 ], [ 78.076647788664189, 24.052923468985838 ], [ 78.066144945604776, 24.09228902605318 ], [ 78.071936351244759, 24.11700226107304 ], [ 78.082885518359177, 24.139700916389508 ], [ 78.093792918477874, 24.160489337065236 ], [ 78.088747023576843, 24.210249972491333 ], [ 78.085781734884833, 24.259968287811841 ], [ 78.119283394196529, 24.266923798676675 ], [ 78.169209385483128, 24.263980655758346 ], [ 78.18837749553758, 24.280767778046645 ], [ 78.200515294371129, 24.349264347543581 ], [ 78.208453191041471, 24.4159378650455 ], [ 78.208574978559867, 24.420749791631724 ], [ 78.305142892455692, 24.40704841840612 ], [ 78.39803215183484, 24.371573598734436 ], [ 78.513634091197389, 24.311653996159095 ], [ 78.594718283353416, 24.324073304075657 ], [ 78.619661054399032, 24.285295340739616 ], [ 78.701533693794801, 24.235592881147824 ], [ 78.798793680048178, 24.180696341213739 ], [ 78.887596231801183, 24.192771086545367 ], [ 78.931854489952471, 24.194020012838422 ], [ 78.953457045949392, 24.219705577727986 ], [ 78.93999264280157, 24.289247694866816 ], [ 78.994987564797242, 24.375111248925332 ], [ 79.097727867139639, 24.411010998122425 ], [ 79.157260889465391, 24.415110403061913 ], [ 79.169858529510748, 24.370393371201249 ], [ 79.143946704370336, 24.342478755941105 ], [ 79.125432329443981, 24.301475125287979 ], [ 79.134870740670422, 24.255415164812874 ], [ 79.105414834711638, 24.213272968198861 ], [ 79.0574537938882, 24.177342862939181 ], [ 79.087504676337431, 24.092085744046354 ], [ 79.227139158294875, 24.071107497940663 ], [ 79.267092293046701, 24.078675590021064 ], [ 79.293023107982037, 24.083581240533313 ], [ 79.356134141053516, 24.151916186600165 ], [ 79.353159362744123, 24.247883434958084 ], [ 79.342925501969219, 24.268211648517561 ], [ 79.434288409741896, 24.381477881593355 ], [ 79.522785689650959, 24.365979506920759 ], [ 79.678031766152202, 24.382718378682501 ], [ 79.758348505754668, 24.4002393369909 ], [ 79.770939247795567, 24.361218476754868 ], [ 79.78390175776083, 24.290714736894945 ], [ 79.747284638210303, 24.187435433712302 ], [ 79.721164003911852, 24.070939681858395 ], [ 79.74116397260633, 24.021680316212748 ], [ 79.818910205434051, 23.934851813594037 ], [ 79.864901635122436, 23.833270534846452 ], [ 79.930996931245403, 23.854050227843342 ], [ 79.981447506342704, 23.912492928611755 ], [ 80.022230740514203, 23.961218971210076 ], [ 80.050319204331856, 23.963155399483654 ], [ 80.10920889689109, 23.956911463612247 ], [ 80.204860301182137, 24.013745945198252 ], [ 80.218272992496651, 23.998989820137758 ], [ 80.334241750993485, 23.980691258271452 ], [ 80.368186343416809, 23.973785287727065 ], [ 80.445199184289365, 23.955339161258529 ], [ 80.486307426495884, 23.971024898527428 ], [ 80.566427054079085, 24.025304075479216 ], [ 80.632614501134583, 24.044315661082251 ], [ 80.729255618658854, 24.047863765549192 ], [ 80.866998487166342, 24.099782742726493 ], [ 80.91277898008687, 24.113728680368638 ], [ 80.961504872615279, 24.090398529084215 ], [ 80.9440957274944, 24.016786818971489 ], [ 80.865030760098179, 23.954118070400519 ], [ 80.836274642033743, 23.868056148713606 ], [ 80.858732658135736, 23.745749135192096 ], [ 80.846563282969484, 23.681912982105029 ], [ 80.803794059113585, 23.662093202696038 ], [ 80.790170411037849, 23.66974930950002 ], [ 80.728710994383817, 23.683474129461654 ], [ 80.675785898364609, 23.715441392274901 ], [ 80.624335564446667, 23.710180298980625 ], [ 80.587104847848053, 23.674371661919778 ], [ 80.525575781960342, 23.613691938351657 ], [ 80.467201334632676, 23.552867617642843 ], [ 80.45774643185861, 23.511744882283107 ], [ 80.469256067113292, 23.452730654710788 ], [ 80.504016659909567, 23.39432716208632 ], [ 80.530734129251044, 23.391168693445024 ], [ 80.590308154519974, 23.384109334051001 ], [ 80.676310820499182, 23.403867821242535 ], [ 80.705882230734417, 23.371347274960733 ], [ 80.673533798630189, 23.302499116863459 ], [ 80.677649524972537, 23.25375868155151 ], [ 80.753008822319771, 23.243862219535458 ], [ 80.807238742686351, 23.281870122809991 ], [ 80.873946626838119, 23.356534014323518 ], [ 80.921393990434737, 23.34473890768577 ], [ 80.930980489615195, 23.247222948054056 ], [ 80.979032723904993, 23.215393875512291 ], [ 81.006614910627121, 23.210053208030509 ], [ 81.064668615595053, 23.229244121109677 ], [ 81.084078326854225, 23.214206956618334 ], [ 81.140240849537065, 23.19201937260955 ], [ 81.192018145380899, 23.175700641685552 ], [ 81.180599344359692, 23.129018958116241 ], [ 81.13932795043749, 23.070647875959665 ], [ 81.107209563578152, 23.009048684028109 ], [ 81.121895048331936, 22.958487208093558 ], [ 81.168650621644574, 22.935244846107707 ], [ 81.270719388199225, 22.908380895261818 ], [ 81.379553115444722, 22.895463566861334 ], [ 81.486422170073396, 22.809744708050772 ], [ 81.602801272280004, 22.796381788609935 ], [ 81.697282376211348, 22.74532660874657 ], [ 81.731000512364801, 22.773873057958358 ], [ 81.751648329697261, 22.880029739552317 ], [ 81.821914310760718, 22.929814769055881 ], [ 81.874992718891306, 22.913245697710643 ], [ 81.917430646510411, 22.929942382852801 ], [ 81.919612835114407, 22.97264973759739 ], [ 81.92326140738534, 23.043827713675423 ], [ 81.959822893292923, 23.095002622562877 ], [ 82.04297717678925, 23.092723347743739 ], [ 82.130702256852132, 23.118718863529825 ], [ 82.158868621418378, 23.097468834788746 ], [ 82.214805384135019, 22.903807026043008 ], [ 82.314081419085696, 22.8322269652481 ], [ 82.436709699740248, 22.880691517387262 ], [ 82.510246485574299, 22.902874298378716 ], [ 82.559855471294171, 22.881978822888602 ], [ 82.5717125418264, 22.818697618350424 ], [ 82.588481479009602, 22.760884677569951 ], [ 82.630204867303789, 22.73750715942673 ], [ 82.732937282861812, 22.733964346606719 ], [ 82.786065050483828, 22.722820371587794 ], [ 82.866865405819198, 22.659007643548797 ], [ 83.028810793447718, 22.593956499158562 ], [ 83.092059883709325, 22.548040348682871 ], [ 83.092899669845124, 22.483917485399797 ], [ 83.070180775972133, 22.409589328355537 ], [ 83.094607207163222, 22.355672460788163 ], [ 83.105413087331016, 22.278235541995386 ], [ 83.097156532387174, 22.161886878211444 ], [ 83.058242067546189, 22.083698923147111 ], [ 83.055973683095246, 22.043938886065423 ], [ 83.077102657627691, 21.98593271854357 ], [ 83.079358930703506, 21.973340638649475 ], [ 83.079419541691848, 21.973002372777277 ], [ 83.104406419870031, 21.956099751039737 ], [ 83.151505693158242, 21.952329673455385 ], [ 83.193859279415932, 21.998612455811561 ], [ 83.226626026183681, 22.089493569128326 ], [ 83.242715226118676, 22.155584506538755 ], [ 83.298975665613668, 22.20253103728361 ], [ 83.335371321217238, 22.274672160539261 ], [ 83.346310878428596, 22.355235758733194 ], [ 83.306904961464284, 22.412790653346935 ], [ 83.311069043832305, 22.456701655085464 ], [ 83.354997168096091, 22.448723689595024 ], [ 83.491368457609838, 22.350486341958806 ], [ 83.55374817794916, 22.320146657056014 ], [ 83.600371727960194, 22.257910401529053 ], [ 83.64482391174775, 22.185830371404936 ], [ 83.671558054923253, 22.148837827185002 ], [ 83.667452492452142, 22.082203497955234 ], [ 83.691514726595287, 22.026867049695117 ], [ 83.692076462609663, 22.011191266779697 ], [ 83.658367028959645, 22.008721751876884 ], [ 83.598233280598635, 22.023291721220147 ], [ 83.566698302613887, 22.006461159186387 ], [ 83.585152501511871, 21.958542079398221 ], [ 83.585192071534124, 21.908748586362215 ], [ 83.583718932349299, 21.859034861287128 ], [ 83.596597326303424, 21.845579742939915 ], [ 83.608088792779668, 21.83357138035073 ], [ 83.654968186096099, 21.80265225426897 ], [ 83.674074278306165, 21.766083891317052 ], [ 83.704342946924797, 21.763059162539594 ], [ 83.767301240061798, 21.796682373786393 ], [ 83.831390809563231, 21.798929532691112 ], [ 83.893426503832217, 21.7927313346256 ], [ 83.977750891356152, 21.802349068876463 ], [ 84.035568461259643, 21.802012941526385 ], [ 84.1072962992735, 21.805146255690623 ], [ 84.171314025860383, 21.783101336973409 ], [ 84.215911369289358, 21.790544980117417 ], [ 84.231383520636996, 21.818089125254392 ], [ 84.225952349395158, 21.922113815784627 ], [ 84.259122807611902, 21.98700746882043 ], [ 84.291242306776027, 22.012167966873886 ], [ 84.359911534001725, 22.013908439330603 ], [ 84.449811583263454, 22.01438440904716 ], [ 84.498633586698645, 21.970355470017601 ], [ 84.513126385447706, 21.891410041180645 ], [ 84.550250349434847, 21.741578972286884 ], [ 84.591687114127978, 21.679534792499279 ], [ 84.654737694035006, 21.623323449451956 ], [ 84.730508649789414, 21.598994968811034 ], [ 84.827460443993829, 21.552094295571514 ], [ 84.891985025780869, 21.519866418342488 ], [ 84.953446337083605, 21.53177892225332 ], [ 85.014265536764071, 21.512500897628883 ], [ 85.074077514590869, 21.479085402191401 ], [ 85.084245165507468, 21.472793711267265 ], [ 85.12133605346591, 21.483290385641112 ], [ 85.066786531900107, 21.418876146993263 ], [ 85.037795250029461, 21.382815949235681 ], [ 84.971740080422677, 21.339517247769972 ], [ 84.95441659425282, 21.307458677407617 ], [ 84.958695018412527, 21.277653206318348 ], [ 84.930464720070603, 21.233237003929947 ], [ 84.861225760309367, 21.216059358747817 ], [ 84.832962433761139, 21.189349310016375 ], [ 84.834920674452249, 21.162041739468865 ], [ 84.845352082111773, 21.091676740659139 ], [ 84.827318483845573, 21.066722829415287 ], [ 84.803088625468334, 21.062225728934866 ], [ 84.766375807514038, 21.078551157462236 ], [ 84.736563602550561, 21.085010970732771 ], [ 84.712269495900017, 21.060400232553381 ], [ 84.700286953198997, 21.053902743465436 ], [ 84.603885355138488, 21.001567016846362 ], [ 84.515368892758659, 20.9568966624079 ], [ 84.42740335225821, 20.900297937891619 ], [ 84.327315049638315, 20.850215000687282 ], [ 84.285700469092205, 20.828824791881029 ], [ 84.222863427934186, 20.851188511887397 ], [ 84.168888228627893, 20.854112736246243 ], [ 84.14045098043789, 20.826145634238177 ], [ 84.138073896857762, 20.823806968554372 ], [ 84.101509825914803, 20.760645644151122 ], [ 84.092367762695346, 20.692457633022009 ], [ 84.057706786317794, 20.659958558560735 ], [ 84.040909743240121, 20.652557788450668 ], [ 84.00844090255228, 20.656638592194543 ], [ 83.984691718391574, 20.70170733693471 ], [ 83.949487376861853, 20.702371006444736 ], [ 83.900401468352641, 20.723888238225971 ], [ 83.846907242831193, 20.734961914451418 ], [ 83.771020695204257, 20.729400717823069 ], [ 83.73937991137295, 20.704955216141851 ], [ 83.726883736571637, 20.662935667135411 ], [ 83.752720525797798, 20.586969081314017 ], [ 83.737772384267245, 20.523745939282954 ], [ 83.691075381980298, 20.498855296546669 ], [ 83.649806860527576, 20.480785415363638 ], [ 83.597921528641805, 20.475083858163917 ], [ 83.578378112074134, 20.440499067711905 ], [ 83.583070192139729, 20.430852087486393 ], [ 83.603185099276061, 20.389487076052781 ], [ 83.664964588425647, 20.303452675913256 ], [ 83.708336327264945, 20.292988785491694 ], [ 83.711466345078875, 20.292469335856438 ], [ 83.80039288013873, 20.277687636917126 ], [ 83.88649284496806, 20.268568835313481 ], [ 83.930687023798242, 20.229588545686866 ], [ 83.949350061124278, 20.155676401897562 ], [ 83.899126690102321, 20.084334920385476 ], [ 83.86882195001381, 20.045125550135644 ], [ 83.81316978342997, 20.000545157172283 ], [ 83.769754246209487, 19.977126476636798 ], [ 83.715761462854843, 19.997818644348662 ], [ 83.651328967086883, 20.011428576086061 ], [ 83.589500115474905, 19.981276626588826 ], [ 83.552283182995794, 19.905337475308677 ], [ 83.547158667024988, 19.884725371186999 ], [ 83.515283072787568, 19.851178869914992 ], [ 83.451185470639217, 19.814419763467033 ], [ 83.443479276657456, 19.782542134195104 ], [ 83.459622738916408, 19.74518310948525 ], [ 83.468723818281404, 19.680738359264609 ], [ 83.449000661701476, 19.638998456447602 ], [ 83.419432852138101, 19.600087737168977 ], [ 83.420959233627187, 19.533628544315334 ], [ 83.384802889128196, 19.511610547413984 ], [ 83.314338953738073, 19.50302912532889 ], [ 83.276428874131469, 19.495292717268587 ], [ 83.255464992029985, 19.42747664604202 ], [ 83.255194260361748, 19.372939714876416 ], [ 83.342760953165296, 19.326235462805869 ], [ 83.380810154723221, 19.288911938747276 ], [ 83.366056659958431, 19.244541392768753 ], [ 83.331034977242638, 19.193981955904484 ], [ 83.3475971833806, 19.126829871624107 ], [ 83.328026877570224, 19.085040202008138 ], [ 83.249829986268651, 19.017433183914029 ], [ 83.181644821916734, 18.949326715195035 ], [ 83.095956295465896, 18.981581929562839 ], [ 83.031623996198405, 19.043718808017047 ], [ 82.995761252170183, 19.076132337743495 ], [ 82.977266297452772, 19.209822664471584 ], [ 82.938642582266667, 19.237614945250254 ], [ 82.845929642226864, 19.232143748764102 ], [ 82.82291284828375, 19.273486817702928 ], [ 82.803287762273186, 19.333674723588018 ], [ 82.791149410431828, 19.341318582682259 ], [ 82.731697824856994, 19.353362711248714 ], [ 82.710913230578356, 19.389861797139449 ], [ 82.695790306582509, 19.440365520527553 ], [ 82.646129146457397, 19.501839593660581 ], [ 82.62927138365832, 19.56904305224322 ], [ 82.623314632968643, 19.654782034407081 ], [ 82.656162663011898, 19.712739888921817 ], [ 82.742057773241029, 19.77787993778939 ], [ 82.765433299821751, 19.845707261375249 ], [ 82.748764059601712, 19.915286227222357 ], [ 82.740137481790143, 19.944154243737806 ], [ 82.732090814043048, 19.984868455671595 ], [ 82.671022610181197, 19.995509503339139 ], [ 82.61844200809081, 19.96786990071918 ], [ 82.553029981931417, 19.923658520365041 ], [ 82.479596343953062, 19.868349900984853 ], [ 82.452968857177453, 19.846668465400441 ], [ 82.413242236231568, 19.866862876235189 ], [ 82.389123725644566, 19.963371485801016 ], [ 82.36941573066018, 20.025489801850995 ], [ 82.315620124666125, 20.036287128760623 ], [ 82.244262525964004, 19.993614941224006 ], [ 82.180448181877537, 19.983392325283926 ], [ 82.120005021837784, 20.014363503269831 ], [ 82.0307813877033, 20.043619493921035 ], [ 81.967122503149128, 20.037592571537626 ], [ 81.93818049310984, 19.997367465466898 ], [ 81.902783219690676, 19.98163772772326 ], [ 81.937713053759467, 19.889074388610755 ], [ 82.00027375816687, 19.854520983370943 ], [ 82.140654773543289, 19.79188631417912 ], [ 82.200870665366537, 19.707472535878882 ], [ 82.162607503466958, 19.609197976728534 ], [ 82.098449186731017, 19.519056413965163 ], [ 82.118467360699285, 19.461224961238209 ], [ 82.212099327710817, 19.453940718107916 ], [ 82.240521203992529, 19.417159410470802 ], [ 82.271411330781632, 19.351765538477835 ], [ 82.223745370003414, 19.20753436506018 ], [ 82.228115899345596, 19.136075389460359 ], [ 82.293614804237052, 19.090708901617113 ], [ 82.279889791875931, 19.034231616593885 ], [ 82.278021821805751, 18.991538357231455 ], [ 82.316041045150513, 18.918757474890441 ], [ 82.295489739644609, 18.876804942735522 ], [ 82.223707367683019, 18.861800345644962 ], [ 82.21333097407711, 18.794483162421148 ], [ 82.221798348130747, 18.729997925394951 ], [ 82.175319506516502, 18.692584542297514 ], [ 82.065527737558526, 18.661122308492576 ], [ 81.959490371603906, 18.629442698805548 ], [ 81.95745462170764, 18.579596740295472 ], [ 82.08231236639692, 18.52501459676342 ], [ 82.110389985621495, 18.481176677737402 ], [ 82.059700013887806, 18.429604931205485 ], [ 81.919254685915746, 18.374179081392985 ], [ 81.852043263409115, 18.280328847830621 ], [ 81.83433301544656, 18.209635510326478 ], [ 81.66774730805848, 18.147743702236603 ], [ 81.618995753168491, 18.04240162723217 ], [ 81.631083651935086, 17.967064200314109 ], [ 81.590937656233791, 17.889943869313569 ], [ 81.543917216047774, 17.827309006017934 ], [ 81.472570365721623, 17.811853067997443 ], [ 81.422269823258162, 17.863483099593875 ], [ 81.366557031577415, 17.868886555664069 ], [ 81.271592056536363, 17.81843092120582 ], [ 81.199496928243533, 17.781468643788664 ], [ 81.162763098265444, 17.796914036351872 ], [ 81.161378553014146, 17.864794276260884 ], [ 81.193906114374713, 17.942303615439293 ], [ 81.181369311459491, 18.010538981517794 ], [ 81.108176546123076, 18.052147464766364 ], [ 81.060315276316487, 18.071514351553336 ], [ 81.042648458931822, 18.100638059953827 ], [ 81.07682107924694, 18.224538814078759 ], [ 81.04733100591038, 18.236187811561511 ], [ 81.018082307290953, 18.254967862034185 ], [ 80.927982088917702, 18.24350319252202 ], [ 80.882209496949045, 18.216344688061238 ], [ 80.845588620537256, 18.238900607658085 ], [ 80.819117855909568, 18.231358093291416 ], [ 80.788976748098264, 18.222764036225158 ], [ 80.764685755945251, 18.166339250445269 ], [ 80.77726832925805, 18.09451250343281 ], [ 80.699156702578762, 18.128775169237556 ], [ 80.621283553486649, 18.186336703678446 ], [ 80.611535298592159, 18.25522852925608 ], [ 80.554776940714603, 18.289288987702463 ], [ 80.521199031275287, 18.362691219155536 ], [ 80.50368274754122, 18.43943962982058 ], [ 80.475396676072364, 18.476283045107941 ], [ 80.442303907086853, 18.519367406268376 ] ], [ [ 82.362342816121398, 21.05704270246941 ], [ 82.764169608240948, 20.799122267159792 ], [ 83.352560304372901, 20.921443033502552 ], [ 83.336168025809499, 20.898573663926459 ], [ 83.352567695268789, 20.921445361967248 ], [ 84.269677483373599, 21.210376202434329 ], [ 82.727836147865418, 21.540107600023706 ], [ 82.362342816121398, 21.05704270246941 ] ], [ [ 84.269677483373599, 21.210376202434329 ], [ 84.267677142865423, 21.206208928887186 ], [ 84.255732515885995, 21.181316874160888 ], [ 84.269677483373599, 21.210376202434329 ] ], [ [ 83.028507251198789, 21.937502611633779 ], [ 83.028510689082509, 21.93750285688694 ], [ 82.994985900152145, 21.950488489476097 ], [ 83.028507251198789, 21.937502611633779 ] ], [ [ 83.028510689082509, 21.93750285688694 ], [ 83.028509766323992, 21.9375016372963 ], [ 83.041293709557024, 21.932549249639365 ], [ 83.028510689082509, 21.93750285688694 ] ], [ [ 80.666464928956401, 21.281933443249539 ], [ 80.646498028760959, 21.251968792427416 ], [ 80.635731297130064, 21.235803562113073 ], [ 80.666464928956401, 21.281933443249539 ] ], [ [ 81.409626074072833, 21.822014200876875 ], [ 81.373535773394792, 21.82642937419914 ], [ 81.341184756528918, 21.830380313544147 ], [ 81.409626074072833, 21.822014200876875 ] ], [ [ 79.366840844596268, 22.979764600606813 ], [ 79.528791045770802, 23.070226044063688 ], [ 79.129781842813713, 23.131925586715543 ], [ 79.366840844596268, 22.979764600606813 ] ] ], [ [ [ 83.352560304372901, 20.921443033502552 ], [ 83.375588720795349, 20.953551493480415 ], [ 83.352567695268789, 20.921445361967248 ], [ 83.352560304372901, 20.921443033502552 ] ] ] ] } },
{ "type": "Feature", "properties": { "state_name": "Chandernagore", "id": 10 }, "geometry": { "type": "Polygon", "coordinates": [ [ [ 88.504140169201193, 22.670634437894989 ], [ 88.441829704014665, 22.692666619600622 ], [ 88.413398219603749, 22.724402036066575 ], [ 88.416287117598969, 22.753460146297975 ], [ 88.458731718919879, 22.786156122359916 ], [ 88.502545951315042, 22.794291734795841 ], [ 88.502322041416591, 22.785051381576213 ], [ 88.517196640745937, 22.763259712779522 ], [ 88.51914871042986, 22.744927343945601 ], [ 88.529912373672275, 22.719976478629494 ], [ 88.529463642242092, 22.696579198191653 ], [ 88.521518419112638, 22.680272358684373 ], [ 88.504140169201193, 22.670634437894989 ] ] ] } },
{ "type": "Feature", "properties": { "state_name": "Coorg", "id": 11 }, "geometry": { "type": "Polygon", "coordinates": [ [ [ 76.023302156021387, 12.679226094620397 ], [ 76.012848275911765, 12.654147219088863 ], [ 76.033411425301722, 12.618184190762955 ], [ 76.058238502256273, 12.583997284887856 ], [ 76.122782889173749, 12.584930466226076 ], [ 76.134269765990382, 12.566342437599031 ], [ 76.124316032203396, 12.517343866809426 ], [ 76.13797899807021, 12.440137316752617 ], [ 76.174050716657575, 12.341902710622156 ], [ 76.204091298622672, 12.259838873411665 ], [ 76.200886011710296, 12.22337170495291 ], [ 76.155797605413227, 12.201436520964934 ], [ 76.092620531022362, 12.214253850828742 ], [ 76.056743417282775, 12.213197751133793 ], [ 76.021818730763812, 12.190726316752793 ], [ 76.016905562352562, 12.203763659689209 ], [ 75.939567850232166, 12.20403826129014 ], [ 75.862186579145387, 12.19137205116364 ], [ 75.811189121865468, 12.215930062434982 ], [ 75.747098876184722, 12.259176598929525 ], [ 75.725275593352265, 12.285074285409264 ], [ 75.675651328576805, 12.288072273083529 ], [ 75.626090049242194, 12.318336254144354 ], [ 75.553227324404105, 12.383092992897172 ], [ 75.487599938866452, 12.430591828791622 ], [ 75.414621128445987, 12.463731264138021 ], [ 75.365005514672021, 12.501127512700387 ], [ 75.338794976804365, 12.568633152956362 ], [ 75.309661373585868, 12.647624067352 ], [ 75.309702953389404, 12.682077257854441 ], [ 75.338980380834485, 12.709316877986485 ], [ 75.390160083344597, 12.710682074504176 ], [ 75.444232056464145, 12.693370694845703 ], [ 75.505668735858322, 12.707615982699894 ], [ 75.505788270594167, 12.767907258484772 ], [ 75.524937612810163, 12.833902953221305 ], [ 75.590939100583029, 12.90697229839127 ], [ 75.664139541028121, 12.852104355404075 ], [ 75.704962184046352, 12.845418745604821 ], [ 75.73547430491773, 12.857297099645782 ], [ 75.774000186363224, 12.897258681435011 ], [ 75.774249212288851, 12.978000449581005 ], [ 75.794027454864775, 13.060476753742137 ], [ 75.834341358245098, 13.075301801256058 ], [ 75.89289225305204, 13.070321501111161 ], [ 75.912888317582699, 13.033171407751871 ], [ 75.911430422810781, 12.967986830229489 ], [ 75.922893580683976, 12.934454454729233 ], [ 75.987428045263741, 12.909697675506495 ], [ 76.003133862382285, 12.87315614909906 ], [ 75.997465998687886, 12.827126863305999 ], [ 75.978967642186547, 12.771575949948559 ], [ 75.984329077006606, 12.73985829801742 ], [ 76.023302156021387, 12.679226094620397 ] ] ] } },
{ "type": "Feature", "properties": { "state_name": "Daman", "id": 12 }, "geometry": { "type": "Polygon", "coordinates": [ [ [ 73.202962713587965, 20.222582425518024 ], [ 73.221349454253669, 20.161196334204686 ], [ 73.206560906461476, 20.126390905302664 ], [ 73.157405979988084, 20.110348964547249 ], [ 73.111798383500215, 20.115841368385528 ], [ 73.050772555374067, 20.140270811381487 ], [ 72.991647318801242, 20.212495049817925 ], [ 72.976766335982148, 20.286406575944927 ], [ 72.990062090410078, 20.335549672800433 ], [ 73.024078429724014, 20.350276374467956 ], [ 73.064958130637564, 20.334021301240167 ], [ 73.176313968211659, 20.236633192820115 ], [ 73.202962713587965, 20.222582425518024 ] ] ] } },
{ "type": "Feature", "properties": { "state_name": "Goa", "id": 13 }, "geometry": { "type": "Polygon", "coordinates": [ [ [ 74.162861928455669, 15.831491926477208 ], [ 74.20486029553868, 15.832247878298251 ], [ 74.25193042590108, 15.797734014206924 ], [ 74.302102785548485, 15.754249744148133 ], [ 74.324001254633018, 15.667015604499669 ], [ 74.353151626413734, 15.621657661662878 ], [ 74.37859641590606, 15.573294885708458 ], [ 74.377545787403008, 15.512297810141913 ], [ 74.391346218106122, 15.432804050006608 ], [ 74.398402408357256, 15.337144588701765 ], [ 74.368949883806025, 15.295203780799465 ], [ 74.322329135425463, 15.232278434382341 ], [ 74.316330199619742, 15.182626843845085 ], [ 74.321978712188439, 15.149156158842141 ], [ 74.306115722782422, 15.104856247513137 ], [ 74.286570566396151, 15.059347770075979 ], [ 74.221398305471936, 15.042987787053873 ], [ 74.202427380620477, 15.014816494117552 ], [ 74.181643077956622, 14.979461411430401 ], [ 74.1492853126868, 14.927032619561166 ], [ 74.129527687569976, 14.948916906883168 ], [ 74.101597287530339, 14.966671973105891 ], [ 74.094745638990574, 14.97102649444555 ], [ 74.072540038314244, 14.985288664819583 ], [ 74.060644715017261, 15.004614212350956 ], [ 74.052119439878766, 15.015564807272122 ], [ 74.049507711866511, 15.018919231685238 ], [ 74.025827352185743, 15.031017518717912 ], [ 74.011762934565809, 15.038849897390561 ], [ 73.991035331171318, 15.050239580666622 ], [ 73.978448704368986, 15.057358758901437 ], [ 73.968787324181804, 15.070230850109747 ], [ 73.953132552612786, 15.100295771556834 ], [ 73.934507828596438, 15.132497883320971 ], [ 73.927119742115536, 15.165491781350619 ], [ 73.935175887268358, 15.181045251960629 ], [ 73.946768441936356, 15.220047036834636 ], [ 73.953310856939254, 15.250483386653745 ], [ 73.942337924878046, 15.269694761663024 ], [ 73.934894699292883, 15.275668436928699 ], [ 73.940341777351279, 15.277017811649596 ], [ 73.943240899141216, 15.288511912154368 ], [ 73.925251209595686, 15.337217598272757 ], [ 73.902905458708602, 15.368679434242312 ], [ 73.877648386778034, 15.39007879345503 ], [ 73.855360336405511, 15.408620241973512 ], [ 73.842764955687556, 15.414648176947278 ], [ 73.849411474863345, 15.414772335647701 ], [ 73.884329332229967, 15.422712806560744 ], [ 73.891890138748067, 15.43135281019431 ], [ 73.883419505203847, 15.453038904161678 ], [ 73.880673580840579, 15.45494022946386 ], [ 73.902314007453228, 15.457886778303351 ], [ 73.910907338037745, 15.465104249817987 ], [ 73.904682509232728, 15.476434066903245 ], [ 73.898447475220067, 15.489557363599893 ], [ 73.878613801432692, 15.508591004058426 ], [ 73.841465988156926, 15.535305202441762 ], [ 73.794402125322463, 15.568535290562108 ], [ 73.787564861055003, 15.577466173505849 ], [ 73.780705824852276, 15.589984034186326 ], [ 73.778777487961705, 15.6031269579848 ], [ 73.778664220518664, 15.622258844378239 ], [ 73.778529512304388, 15.644977915243995 ], [ 73.77842656022753, 15.662316121081487 ], [ 73.773985792513415, 15.682619469880182 ], [ 73.75899028752697, 15.713026942934507 ], [ 73.735333024503078, 15.745774435718786 ], [ 73.703649347849165, 15.777275340605371 ], [ 73.701336019160266, 15.780506381715858 ], [ 73.687450825201736, 15.799897053773098 ], [ 73.683062875817072, 15.810034161235246 ], [ 73.687041134564467, 15.82031406744898 ], [ 73.778043922384001, 15.836840184593166 ], [ 73.805063446411665, 15.863297639946992 ], [ 73.822076975596232, 15.911819537151372 ], [ 73.856024217227585, 15.917980943889548 ], [ 73.881445884487931, 15.901971023053623 ], [ 73.910483412933175, 15.902119400426509 ], [ 73.948810439506062, 15.898123927695218 ], [ 73.973623284075671, 15.878512137759673 ], [ 74.010960239674191, 15.823079602280236 ], [ 74.05235099860046, 15.820872573524225 ], [ 74.058033907956215, 15.793990543106618 ], [ 74.08710846361555, 15.782753846766299 ], [ 74.125926170694456, 15.802645259510372 ], [ 74.162861928455669, 15.831491926477208 ] ] ] } },
{ "type": "Feature", "properties": { "state_name": "Hyderabad", "id": 14 }, "geometry": { "type": "MultiPolygon", "coordinates": [ [ [ [ 76.784649394795565, 18.248185799149535 ], [ 76.859082221321955, 15.727414909860821 ], [ 76.802362245845728, 15.677679980296089 ], [ 76.80429383052433, 15.560026360591918 ], [ 76.784747040525801, 15.524319902263059 ], [ 76.725216910947083, 15.483187737466121 ], [ 76.63939021279711, 15.480970859773276 ], [ 76.454156581655582, 15.439220414394464 ], [ 76.358785612331545, 15.332207589223042 ], [ 76.308300831104276, 15.298070750781823 ], [ 76.219666139042189, 15.310051399396926 ], [ 76.138148132708409, 15.273170903663818 ], [ 76.071517124616847, 15.251973793362342 ], [ 75.985884778525275, 15.273892699079058 ], [ 75.984366317478973, 15.265288895833809 ], [ 75.941841315128144, 15.315125833692047 ], [ 75.932862671029682, 15.374360928806182 ], [ 75.949884956502942, 15.458599596609574 ], [ 75.942754952039195, 15.517826591727282 ], [ 75.935500246838686, 15.550146394980224 ], [ 75.97281981434935, 15.616355697516601 ], [ 75.997133927752486, 15.668266428132229 ], [ 75.979082701108965, 15.765212131987221 ], [ 75.986708826774418, 15.810021892959568 ], [ 75.959011372490707, 15.829877481310978 ], [ 75.901682887312717, 15.855236472304467 ], [ 75.82993220615883, 15.982883939074085 ], [ 75.830058083222639, 16.013378052678313 ], [ 75.871070123746748, 16.061647586785654 ], [ 75.941468959833884, 16.041618468900513 ], [ 75.993279697407786, 16.016272527536504 ], [ 76.019225441951946, 16.012563487427066 ], [ 76.034385512280863, 16.075270624509887 ], [ 76.075351783092927, 16.103767493717999 ], [ 76.164322924491984, 16.088952113017644 ], [ 76.256729394005561, 16.032827897298429 ], [ 76.299302611243803, 16.02001927772568 ], [ 76.308879094938845, 16.066593492081495 ], [ 76.277794204519523, 16.136730264943392 ], [ 76.230005485264684, 16.210548035916947 ], [ 76.222824182772044, 16.250048148248261 ], [ 76.276815844055747, 16.273045731315765 ], [ 76.339945689949388, 16.272655482436626 ], [ 76.340705251321012, 16.293045848490451 ], [ 76.342217646932312, 16.333619814557572 ], [ 76.294423983383567, 16.409245922037929 ], [ 76.305967886457253, 16.468359728257045 ], [ 76.369449883978476, 16.509203468458871 ], [ 76.360519492497474, 16.561271656473924 ], [ 76.355267579703735, 16.607935280383391 ], [ 76.396574671365343, 16.661463977115655 ], [ 76.387673888373868, 16.717119190369012 ], [ 76.323134963516196, 16.803627094565812 ], [ 76.295768691206547, 16.886299153850501 ], [ 76.333298965549815, 16.925513091747018 ], [ 76.307787493171318, 17.008174507196102 ], [ 76.339919885599784, 17.070733579359704 ], [ 76.338221759603925, 17.094058557898517 ], [ 76.289825942163489, 17.10692612281612 ], [ 76.262143507110864, 17.150142243025062 ], [ 76.305522182149716, 17.218014685182766 ], [ 76.301991308743894, 17.246731362418227 ], [ 76.255407734849953, 17.257787924702455 ], [ 76.159929348849047, 17.211732185968369 ], [ 76.133761739546458, 17.204707321678438 ], [ 76.098626832662575, 17.258706165934591 ], [ 76.088081970127803, 17.369958389270433 ], [ 76.097730354191185, 17.421915572474916 ], [ 76.161189918195078, 17.412588918832739 ], [ 76.239488031907513, 17.388803781510894 ], [ 76.319939979579559, 17.408014655902434 ], [ 76.332831626141569, 17.421655474132013 ], [ 76.351944040536125, 17.441873002875408 ], [ 76.337325837418604, 17.486804303135976 ], [ 76.332020545431661, 17.528085822491665 ], [ 76.35873585228704, 17.601428722970734 ], [ 76.340329143482037, 17.641006515744508 ], [ 76.351952317088873, 17.694724937138272 ], [ 76.359624443369114, 17.719777509243571 ], [ 76.311120808684223, 17.739833325987561 ], [ 76.25699113651379, 17.759913900961756 ], [ 76.23282112690454, 17.783380449933475 ], [ 76.178221957200819, 17.735296403549338 ], [ 76.161322307277686, 17.726430358016767 ], [ 76.114596485092804, 17.735668083894335 ], [ 76.113102343502007, 17.796651291858627 ], [ 76.120994065347773, 17.861167174266349 ], [ 76.089618351123931, 17.93666619632474 ], [ 76.040886570059726, 17.933346554845272 ], [ 75.988101084020727, 17.874439574237382 ], [ 75.901902000800362, 17.865890204476354 ], [ 75.81217568771514, 17.903947665447124 ], [ 75.767170343806555, 17.893369262932133 ], [ 75.725996347991526, 17.902494647255935 ], [ 75.705510570389364, 17.93305968487585 ], [ 75.656762689931867, 17.924262869137099 ], [ 75.613726155296035, 17.940545282783013 ], [ 75.608356670623223, 18.014096915644739 ], [ 75.608554010254991, 18.071488885224493 ], [ 75.586135697025853, 18.09666746871623 ], [ 75.556298967761819, 18.150561346429463 ], [ 75.552212610520613, 18.156914689321866 ], [ 75.532025057133367, 18.188293811350309 ], [ 75.434451180699526, 18.188539344151497 ], [ 75.382047732372001, 18.251424489618312 ], [ 75.37272718881087, 18.281932842323044 ], [ 75.391614541323364, 18.332113582663958 ], [ 75.384169969254557, 18.362618414810473 ], [ 75.327854073403969, 18.380658831305745 ], [ 75.305378100784466, 18.418360008296268 ], [ 75.301701598744202, 18.464997041434838 ], [ 75.264126324378438, 18.47402064700114 ], [ 75.226561166608207, 18.493797860644214 ], [ 75.226686508944965, 18.588852998986273 ], [ 75.226734005243983, 18.62472261367428 ], [ 75.212184242317207, 18.638936264536618 ], [ 75.142148218617166, 18.707305560170703 ], [ 75.023584278448766, 18.780890177655383 ], [ 74.972734024584057, 18.84724751422911 ], [ 74.938795774939535, 18.935117994791682 ], [ 74.887895425542112, 18.95661534912572 ], [ 74.876555617479767, 18.99785681547565 ], [ 74.88784739545379, 19.028352044248596 ], [ 74.938758417929208, 19.037342992358191 ], [ 75.000990884298318, 19.114469542407889 ], [ 75.029300112817978, 19.164682191355539 ], [ 75.046287970019833, 19.173645625846312 ], [ 75.095363520485279, 19.180800225655538 ], [ 75.138770166242452, 19.17539239732039 ], [ 75.210474465442459, 19.162770552945037 ], [ 75.223610206951221, 19.107160178042321 ], [ 75.261285759722213, 19.071242824345017 ], [ 75.293353963500323, 19.072987990440062 ], [ 75.365044872605694, 19.080033515380144 ], [ 75.397119822882942, 19.083553950953839 ], [ 75.414239352683666, 19.140903809055352 ], [ 75.37276678377296, 19.15892617434125 ], [ 75.355894071470161, 19.210966962820191 ], [ 75.350303030618321, 19.245051356486865 ], [ 75.406964815520567, 19.252107473213133 ], [ 75.444830550501294, 19.289679133371234 ], [ 75.465768009412983, 19.347012886323157 ], [ 75.461437067614867, 19.353906044441754 ], [ 75.431902511023281, 19.400895500679777 ], [ 75.337476430548918, 19.435168284250928 ], [ 75.341411044438118, 19.508686312088901 ], [ 75.309366701799931, 19.564336048090812 ], [ 75.22801982889213, 19.566250437086044 ], [ 75.152395295428065, 19.620129074863595 ], [ 75.10129741378374, 19.620165068823017 ], [ 75.0180246210071, 19.602259664842954 ], [ 74.989639403236808, 19.611226769814074 ], [ 74.942307916435524, 19.670396492419627 ], [ 74.864665010278785, 19.700840561308326 ], [ 74.777536289584589, 19.722272930230439 ], [ 74.73762781648189, 19.808295166422681 ], [ 74.741347607375005, 19.851338388553895 ], [ 74.695807602189021, 19.879958181506083 ], [ 74.640621831452208, 19.974895447001387 ], [ 74.731495491060784, 20.073682337305161 ], [ 74.75038906806374, 20.127505679912339 ], [ 74.769234632341423, 20.222569619492667 ], [ 74.790085445829192, 20.256665890125479 ], [ 74.845165406199015, 20.280034279203687 ], [ 74.915490751537007, 20.260357503367644 ], [ 74.968684421703827, 20.314169958068081 ], [ 74.993393360669188, 20.353622012347795 ], [ 75.027617057401955, 20.35541310307778 ], [ 75.097996450223832, 20.403802630899115 ], [ 75.126547082753632, 20.430681237454717 ], [ 75.16839045358131, 20.425266414717502 ], [ 75.189364812568257, 20.466486701860244 ], [ 75.155197885978069, 20.547210636550961 ], [ 75.162892504795309, 20.62251361920168 ], [ 75.218179743946038, 20.660107339811528 ], [ 75.305730238595785, 20.618733777264424 ], [ 75.36457066105261, 20.534345094536111 ], [ 75.393132029090637, 20.53786885176256 ], [ 75.444698192838317, 20.596915381805314 ], [ 75.509483740265239, 20.6092879939598 ], [ 75.551263849860192, 20.576885147790239 ], [ 75.616026891570499, 20.583838883496551 ], [ 75.678986301678478, 20.612291368353542 ], [ 75.754868699383366, 20.552808158416287 ], [ 75.790962857194046, 20.538303302633722 ], [ 75.834672463885482, 20.525547590329282 ], [ 75.886193024076888, 20.548600347958608 ], [ 75.918701932738188, 20.573532095369178 ], [ 75.962409504161187, 20.560744231324545 ], [ 76.005559485701255, 20.580264658809597 ], [ 76.04386559190651, 20.541022872825181 ], [ 76.095297833089759, 20.493373817939016 ], [ 76.184519234163218, 20.416771890473122 ], [ 76.205193733326027, 20.336310748889147 ], [ 76.262635810546101, 20.29431164816728 ], [ 76.349006258254363, 20.262114372302932 ], [ 76.366653657938713, 20.194568977983142 ], [ 76.316043021636659, 20.137584816405408 ], [ 76.268644069511225, 20.097772443389999 ], [ 76.266573159681528, 20.028941059545613 ], [ 76.232796510869733, 19.978978352460853 ], [ 76.244572996379347, 19.93299776520611 ], [ 76.298994656131256, 19.911093669213589 ], [ 76.352877125962422, 19.850668876897725 ], [ 76.380095170022329, 19.820123383526404 ], [ 76.431658606969762, 19.824020089428007 ], [ 76.498781997832523, 19.87079838297333 ], [ 76.552073784860667, 19.894723237086616 ], [ 76.618298318289007, 19.846806200413457 ], [ 76.668295599570698, 19.844911289911956 ], [ 76.718522185525686, 19.864511723144265 ], [ 76.758403024110564, 19.907144775884625 ], [ 76.825336437886023, 19.926546794751339 ], [ 76.922088975446513, 19.902583142495278 ], [ 76.959719422471053, 19.880663342391273 ], [ 77.035954997516029, 19.915655172210638 ], [ 77.08350951504282, 19.958119807724675 ], [ 77.136440554209486, 19.94745371895851 ], [ 77.167983710963625, 19.92556439179253 ], [ 77.228997008035947, 19.95205068633156 ], [ 77.274661218924649, 19.964374712507563 ], [ 77.304378821491071, 19.922414133492236 ], [ 77.421121216448753, 19.923729048656522 ], [ 77.454506539928246, 19.926138123805657 ], [ 77.476413524601, 19.872792486275507 ], [ 77.488864025977506, 19.796640459037356 ], [ 77.526063962600489, 19.754545835948299 ], [ 77.564643818490396, 19.705257899878816 ], [ 77.569599637546261, 19.636378612606034 ], [ 77.594577912467813, 19.590148203078442 ], [ 77.626286619234136, 19.586821876331353 ], [ 77.73731964302327, 19.623870294027213 ], [ 77.771316458234935, 19.577483178761113 ], [ 77.812876312897856, 19.532407200527533 ], [ 77.833585281668576, 19.50628438865521 ], [ 77.83959243457123, 19.417326559737305 ], [ 77.861744507335288, 19.388313255128114 ], [ 77.908246894363316, 19.370376295778701 ], [ 77.932479352783858, 19.374286775729828 ], [ 77.969260721983943, 19.486909373402725 ], [ 78.012223809407772, 19.522026896364022 ], [ 78.049782863819132, 19.50993223912657 ], [ 78.089676795555008, 19.46196481791435 ], [ 78.126007945507581, 19.386825648865031 ], [ 78.169008864509749, 19.345958039767645 ], [ 78.197682184964719, 19.345456588362662 ], [ 78.246681589052358, 19.380410977801091 ], [ 78.228446689218273, 19.450947179672227 ], [ 78.217271945643077, 19.496998459892897 ], [ 78.244981486809991, 19.502413675589423 ], [ 78.26429658661344, 19.5061855703369 ], [ 78.289800539268896, 19.497126349061094 ], [ 78.327998669861984, 19.517918819124741 ], [ 78.322924755037121, 19.565293492044241 ], [ 78.276577046651255, 19.590499605075401 ], [ 78.231438735241653, 19.601345179368288 ], [ 78.173504953097336, 19.653960961372601 ], [ 78.138728359763903, 19.654571996400385 ], [ 78.070656182285347, 19.654315534273 ], [ 78.035011695898461, 19.68931481187683 ], [ 78.014749711525624, 19.73838119691036 ], [ 78.043904412653987, 19.75938348643886 ], [ 78.102152534786271, 19.79707311270343 ], [ 78.112573341649252, 19.865674045712726 ], [ 78.167392015061552, 19.880469139712126 ], [ 78.197214464617247, 19.85700981199026 ], [ 78.230461102366178, 19.853544172003748 ], [ 78.360817910246809, 19.931362607320267 ], [ 78.417898522052297, 19.908783500430211 ], [ 78.434181581208932, 19.891278313797933 ], [ 78.499305579342163, 19.891441103056778 ], [ 78.540302864484261, 19.896359398637234 ], [ 78.549494936814682, 19.833147466399659 ], [ 78.58217225439698, 19.805277439072498 ], [ 78.628009609019486, 19.824404616949145 ], [ 78.671258917721858, 19.862191947147402 ], [ 78.769981578840998, 19.875882484212347 ], [ 78.790347837595121, 19.841077578027637 ], [ 78.819062625065726, 19.776018059295332 ], [ 78.850231071680113, 19.751003198909945 ], [ 78.914248869021279, 19.771093484050553 ], [ 78.955670045926368, 19.794524424992218 ], [ 79.003838341156964, 19.784858875370748 ], [ 79.050696121875077, 19.723664811927414 ], [ 79.137234034625791, 19.678733832468122 ], [ 79.177424883913957, 19.654895377826136 ], [ 79.201925198363995, 19.667208133757036 ], [ 79.228993392490736, 19.71954080935102 ], [ 79.206585399725114, 19.787354796967122 ], [ 79.2108152525376, 19.8330664290798 ], [ 79.247481169882022, 19.846511430303192 ], [ 79.315944446580701, 19.804784137124873 ], [ 79.373987671440972, 19.77044839857642 ], [ 79.446312685632378, 19.761505938075921 ], [ 79.479399941699612, 19.80934052139709 ], [ 79.535838126872292, 19.826518055353258 ], [ 79.612969586786662, 19.774452092673929 ], [ 79.643156335681979, 19.720723878468213 ], [ 79.640679900596055, 19.634929981014395 ], [ 79.641069312465476, 19.543337620623831 ], [ 79.629694943336176, 19.462063330772121 ], [ 79.674141037387884, 19.433732738878312 ], [ 79.745568560434009, 19.400397339483604 ], [ 79.773402102809939, 19.475497638538567 ], [ 79.77093887944973, 19.545670352706139 ], [ 79.848443815634994, 19.56363093555029 ], [ 79.882351905823228, 19.536964256947705 ], [ 79.927103851313348, 19.520011065993319 ], [ 79.986727345411879, 19.545550507223989 ], [ 80.047071160961735, 19.545300677017295 ], [ 80.088245431829222, 19.511247205934509 ], [ 80.144799185129088, 19.439566757907357 ], [ 80.152996126285259, 19.36496701532198 ], [ 80.159464953003237, 19.283266661318482 ], [ 80.152237293799345, 19.244857634910844 ], [ 80.060430463572445, 19.197365860684254 ], [ 79.977651275551878, 19.098076058920704 ], [ 79.95629081689215, 18.987076077947492 ], [ 80.005586134639898, 18.928259526858241 ], [ 80.027421697843138, 18.902192217447926 ], [ 80.046214490147634, 18.827304321924306 ], [ 80.064998613065953, 18.752418060128772 ], [ 80.082357606174057, 18.730491981559755 ], [ 80.115391527835385, 18.680962914750786 ], [ 80.206558360579365, 18.619817300998541 ], [ 80.266723349400166, 18.625288425214059 ], [ 80.376218336395979, 18.578453235083419 ], [ 80.442303907086853, 18.519367406268376 ], [ 80.457544703573845, 18.499527678320721 ], [ 80.50368274754122, 18.43943962982058 ], [ 80.521199031275287, 18.362691219155536 ], [ 80.554776940714603, 18.289288987702463 ], [ 80.611535298592159, 18.25522852925608 ], [ 80.621283553486649, 18.186336703678446 ], [ 80.699156702578762, 18.128775169237556 ], [ 80.77726832925805, 18.09451250343281 ], [ 80.828565408661362, 18.064387050478018 ], [ 80.904161955828911, 17.979933543475092 ], [ 80.91947200712552, 17.879459148307948 ], [ 80.955422782025238, 17.839073995984826 ], [ 80.9582454683528, 17.699701601341161 ], [ 80.977152655135399, 17.595557042526025 ], [ 81.009213513928017, 17.551727315790341 ], [ 81.062349176620728, 17.582239764754757 ], [ 81.1823239604728, 17.607073085583455 ], [ 81.200795873421853, 17.602921639920829 ], [ 81.281610536195572, 17.5718011409901 ], [ 81.316427964575539, 17.502868533626163 ], [ 81.386648015141844, 17.489905663951149 ], [ 81.447909792346124, 17.434388033258767 ], [ 81.445018194938257, 17.394512495180212 ], [ 81.350510766707899, 17.37042829646369 ], [ 81.325225735857856, 17.326973060841681 ], [ 81.302219771225197, 17.306284159939722 ], [ 81.239179157404308, 17.28827257538093 ], [ 81.205026480783161, 17.2450669410491 ], [ 81.178610285498834, 17.1659107914193 ], [ 81.124572242233327, 17.148996832267752 ], [ 81.071144416046408, 17.150615054564597 ], [ 81.006997875048199, 17.142540003903605 ], [ 80.948270705784864, 17.071424886310563 ], [ 80.894221463399546, 17.005858833972745 ], [ 80.808418666703659, 16.968324807759945 ], [ 80.768457258039959, 17.020905550530536 ], [ 80.713240429788797, 17.158232058892487 ], [ 80.685326155470534, 17.169026229755033 ], [ 80.638412452409156, 17.141761426281608 ], [ 80.621213061104982, 17.113656437198074 ], [ 80.589811328220861, 17.107381934360589 ], [ 80.545255743935556, 17.108610646373034 ], [ 80.486531008650601, 17.083053739201723 ], [ 80.472938156800183, 17.024809681657604 ], [ 80.492847377531149, 16.994251149638231 ], [ 80.568261484945808, 16.932163465473828 ], [ 80.640742116468957, 16.873000201605208 ], [ 80.649126521506645, 16.805595361494959 ], [ 80.629050107320396, 16.778991533527403 ], [ 80.598645628361353, 16.754094933502039 ], [ 80.580523392176772, 16.743152678443959 ], [ 80.521151614263843, 16.793356732778186 ], [ 80.458407205450413, 16.882241045276682 ], [ 80.408766151610394, 16.963624702888627 ], [ 80.370739736173689, 16.984649029896715 ], [ 80.307740962604129, 17.016332056896747 ], [ 80.235337324162899, 16.978172128612453 ], [ 80.205123636610494, 16.960356632215348 ], [ 80.151703415740386, 16.963146108375437 ], [ 80.125680101916785, 16.935198352058489 ], [ 80.079519078431289, 16.876280173908899 ], [ 80.082900561457635, 16.836146967036861 ], [ 80.095568968474225, 16.810086774736742 ], [ 80.154074990011097, 16.777160875416868 ], [ 80.196164199459389, 16.741778047717066 ], [ 80.205893733184624, 16.662876748050898 ], [ 80.177629490299623, 16.604950268791537 ], [ 80.136695153569917, 16.571642736785357 ], [ 80.043616698672238, 16.58536674207199 ], [ 79.995399587517483, 16.613711994635644 ], [ 79.918147972659156, 16.609836632983999 ], [ 79.877568365054742, 16.647993573654499 ], [ 79.831801967841741, 16.657651929311569 ], [ 79.750950940677072, 16.629475145512309 ], [ 79.707023771840568, 16.59327155348991 ], [ 79.63279146279136, 16.592079236253976 ], [ 79.525781362987075, 16.585851638475781 ], [ 79.423455804825892, 16.525070559579788 ], [ 79.333992244272807, 16.439620413682139 ], [ 79.323302466975676, 16.412187917921038 ], [ 79.304117034976457, 16.36292542567082 ], [ 79.31853451700384, 16.276729481271925 ], [ 79.303889837779664, 16.216896991433423 ], [ 79.300057628203987, 16.176886942882955 ], [ 79.259980703574897, 16.173399198315732 ], [ 79.190918412287488, 16.200546653909331 ], [ 79.110421276964757, 16.177777521426759 ], [ 79.084239151604663, 16.12959292864376 ], [ 79.024970513093962, 16.129289035747892 ], [ 78.92989541312086, 16.116741548211447 ], [ 78.839453890175633, 16.036742130253412 ], [ 78.757850780700792, 16.02959452557733 ], [ 78.605884425846725, 16.063726499423183 ], [ 78.453373084245257, 16.070542496746889 ], [ 78.375265322443624, 16.008736124394506 ], [ 78.339793149895826, 15.924738910114943 ], [ 78.332229035304422, 15.910667018740117 ], [ 78.292445770092215, 15.836611572233439 ], [ 78.203296327051831, 15.816449047433006 ], [ 78.107853639024825, 15.868005924352964 ], [ 78.047881169916309, 15.917596511940134 ], [ 77.876862711674619, 15.975856907502337 ], [ 77.686012104317015, 16.001267005924106 ], [ 77.504802445119992, 15.973343310878812 ], [ 77.446003791598173, 16.014173494835273 ], [ 77.384043606049445, 16.040684649869618 ], [ 77.320183175336382, 16.032780637600489 ], [ 77.227722385326658, 15.986431365257397 ], [ 77.129477145464918, 15.950134619037206 ], [ 77.104466346718183, 15.951336082800614 ], [ 77.103337999892403, 15.951389991206403 ], [ 77.871174724649052, 16.655472792825357 ], [ 77.707252399141908, 16.708537009646196 ], [ 78.919192096448967, 17.670887611840506 ], [ 78.904590221818921, 17.759084401321271 ], [ 78.910206006668488, 17.773110001770679 ], [ 78.904589836491397, 17.759086728738261 ], [ 78.640650894968672, 17.789458946177135 ], [ 76.784649394795565, 18.248185799149535 ] ], [ [ 77.871174724649052, 16.655472792825357 ], [ 77.914738355790561, 16.716983504414266 ], [ 77.883147532772298, 16.672383645681904 ], [ 77.871174724649052, 16.655472792825357 ] ], [ [ 77.707252399141908, 16.708537009646196 ], [ 77.7501785558796, 16.719320143913581 ], [ 77.728715038280527, 16.713929783357575 ], [ 77.707252399141908, 16.708537009646196 ] ], [ [ 78.640650894968672, 17.789458946177135 ], [ 78.636437018549387, 17.793655794844099 ], [ 78.610354216016319, 17.819627586356084 ], [ 78.640650894968672, 17.789458946177135 ] ], [ [ 75.303620494017025, 18.614561117449043 ], [ 75.622223748890988, 18.663481555010005 ], [ 75.627473503656546, 18.699245651438648 ], [ 75.577988876070066, 18.720925522456589 ], [ 75.534110462256791, 18.733609621164735 ], [ 75.527664345290887, 18.769926444142992 ], [ 75.528814776228614, 18.816790667815031 ], [ 75.511783234646316, 18.83118534373585 ], [ 75.485669017749714, 18.832211688858024 ], [ 75.46054066711244, 18.826536565714768 ], [ 75.421380274533931, 18.832368102487965 ], [ 75.406326311506064, 18.838140453484268 ], [ 75.378222343640033, 18.848720999145606 ], [ 75.350013729617856, 18.810516395652193 ], [ 75.305799497309863, 18.799116101066453 ], [ 75.268572466224072, 18.75708715914028 ], [ 75.270521242437027, 18.719780512594603 ], [ 75.296192525737695, 18.670170485442288 ], [ 75.303681015125292, 18.648636948737877 ], [ 75.303620494017025, 18.614561117449043 ] ], [ [ 75.303620494017025, 18.614561117449043 ], [ 75.328678602048839, 18.602562565503757 ], [ 75.348064023369361, 18.577419141917566 ], [ 75.364912483311443, 18.540919974000477 ], [ 75.413155173801755, 18.533646738776998 ], [ 75.441377660352515, 18.541354608290611 ], [ 75.459609371576306, 18.562234816326651 ], [ 75.472575699101071, 18.57264103210645 ], [ 75.303620494017025, 18.614561117449043 ] ], [ [ 75.645203973543559, 18.529809608276839 ], [ 75.613465491461881, 18.486872953605889 ], [ 75.590777596193874, 18.448206690292004 ], [ 75.538039519289981, 18.409624751112226 ], [ 75.516915748273405, 18.382422545099363 ], [ 75.527213353624916, 18.309220191787695 ], [ 75.560173266981565, 18.281865381024879 ], [ 75.580292364558048, 18.228485498598602 ], [ 75.625913360131193, 18.185531014606127 ], [ 75.669455298578256, 18.188253737884398 ], [ 75.687417715001132, 18.175277292786621 ], [ 75.706716893479822, 18.122120558519438 ], [ 75.70651572153902, 18.071903859530789 ], [ 75.72591069556195, 18.046005800561385 ], [ 75.74989008540031, 18.041609937968975 ], [ 75.77090613639227, 18.045831622724045 ], [ 75.802572024323723, 18.083006601937907 ], [ 75.838691244899508, 18.107243733166698 ], [ 75.885381675171374, 18.142903172620045 ], [ 75.908061412669468, 18.175795984595041 ], [ 75.908336446995534, 18.228878982286766 ], [ 75.914642197225476, 18.286237020217815 ], [ 75.917865047908009, 18.327827650792475 ], [ 75.940669705933558, 18.377930303264641 ], [ 75.967933045910769, 18.416529490042919 ], [ 75.975239057381259, 18.448238577560954 ], [ 75.839517565119266, 18.481783320396698 ], [ 75.81187948862771, 18.471779255000417 ], [ 75.75628156096883, 18.479182878006334 ], [ 75.730781599267686, 18.493630168456932 ], [ 75.71605915396384, 18.512297136477674 ], [ 75.645203973543559, 18.529809608276839 ] ], [ [ 76.76719544439068, 18.839288033700637 ], [ 76.805739767042979, 18.87525122496055 ], [ 76.778261521986323, 18.849615604979036 ], [ 76.76719544439068, 18.839288033700637 ] ] ], [ [ [ 76.859082221321955, 15.727414909860821 ], [ 76.961254992774769, 15.821104217566795 ], [ 76.966082295607976, 15.765207713381107 ], [ 76.859082221321955, 15.727414909860821 ] ] ], [ [ [ 78.904589836491397, 17.759086728738261 ], [ 78.904590221818921, 17.759084401321271 ], [ 78.892427649353635, 17.728707991539739 ], [ 78.904589836491397, 17.759086728738261 ] ] ], [ [ [ 77.103337999892403, 15.951389991206403 ], [ 76.961254992774769, 15.821104217566795 ], [ 76.960751160451082, 15.826938213602098 ], [ 76.977776189560743, 15.901375277238104 ], [ 77.016855923521916, 15.95552179781045 ], [ 77.103337999892403, 15.951389991206403 ] ] ] ] } },
{ "type": "Feature", "properties": { "state_name": "Jammu and kashmir", "id": 15 }, "geometry": { "type": "Polygon", "coordinates": [ [ [ 77.139740581044308, 32.958975876388536 ], [ 76.882916925376932, 33.076071241231638 ], [ 76.682000847544259, 33.129650677188017 ], [ 76.64622582556818, 33.112232126801416 ], [ 76.588510665210876, 33.056308112433904 ], [ 76.545962483971948, 33.053860004064816 ], [ 76.493144829686742, 33.072400755335352 ], [ 76.437052577926423, 33.108854494871984 ], [ 76.41545586473616, 33.0882214521192 ], [ 76.410865921399207, 33.0226494151743 ], [ 76.391993778807418, 32.948287536998777 ], [ 76.341885418375043, 32.91005678973363 ], [ 76.196268794063329, 32.863805736330733 ], [ 75.997843450193827, 32.820798003293916 ], [ 75.92697084214997, 32.800460230105926 ], [ 75.905476414630996, 32.770784947811606 ], [ 75.947435747953847, 32.731692321511034 ], [ 76.01714037010025, 32.653581422177275 ], [ 76.044275541615789, 32.560876712896096 ], [ 76.015156093030711, 32.477581792352844 ], [ 75.95466734015794, 32.415403828723733 ], [ 75.740317137712893, 32.312327517395538 ], [ 75.628644573515359, 32.258512815865814 ], [ 75.456364770498794, 32.184781077041286 ], [ 75.289905962021578, 32.131324812156407 ], [ 75.310406066790591, 32.188597936478104 ], [ 75.299154099314975, 32.206934653375683 ], [ 75.279931411685723, 32.206814670322373 ], [ 75.244887310465742, 32.210458170270968 ], [ 75.230216260750723, 32.2248865260906 ], [ 75.192948255628565, 32.259488013589753 ], [ 75.174690733037252, 32.270471439266636 ], [ 75.167037595427814, 32.277377845656154 ], [ 75.152250783606391, 32.283963695266955 ], [ 75.083210406383543, 32.32542481254395 ], [ 75.01185479868748, 32.345098228144678 ], [ 74.959739286321025, 32.353288812023628 ], [ 74.899700428362763, 32.352643077412274 ], [ 74.827228262592982, 32.343094975416697 ], [ 74.675457763157098, 32.340203146829467 ], [ 74.618809292810838, 32.34232806868971 ], [ 74.577857599942078, 32.369814750044654 ], [ 74.552670975240261, 32.40913161614219 ], [ 74.556821697095543, 32.469210423638302 ], [ 74.591062813736443, 32.630448129251889 ], [ 74.590796104674254, 32.67789834538447 ], [ 74.577027482835831, 32.698028617517437 ], [ 74.549675442263634, 32.704387584379376 ], [ 74.520130279835428, 32.69714593005088 ], [ 74.498601549257984, 32.683246921207129 ], [ 74.479424524169644, 32.659700723592252 ], [ 74.467082305995092, 32.636264870870392 ], [ 74.456935387275649, 32.624482652197742 ], [ 74.413766338187088, 32.619899256544358 ], [ 74.362586091047305, 32.62193644195451 ], [ 74.290799628202947, 32.638097356079101 ], [ 74.198416081518374, 32.662525942125669 ], [ 74.028678630268885, 32.767522819840813 ], [ 73.9668940787911, 32.786537115645906 ], [ 73.906286989013239, 32.800701247363904 ], [ 73.886348522784914, 32.807973194032996 ], [ 73.859284995775795, 32.826031849938481 ], [ 73.84971455548903, 32.827367667930488 ], [ 73.831622600205009, 32.837715607661735 ], [ 73.784646743879776, 32.851142053397623 ], [ 73.748029494162068, 32.858022337753042 ], [ 73.707006775977547, 32.855118135567452 ], [ 73.663570073915366, 32.85987273876399 ], [ 73.617460979048332, 32.885803586768205 ], [ 73.546034973449864, 32.917471782602306 ], [ 73.538224265884594, 32.927694396919222 ], [ 73.537753014169041, 32.956325067522137 ], [ 73.550000762642611, 32.986297147665141 ], [ 73.54373118285659, 33.02321226815441 ], [ 73.509002106161404, 33.066948633486184 ], [ 73.476640465118621, 33.135759132312948 ], [ 73.459165416914161, 33.242924323700706 ], [ 73.495282180061949, 33.372221351767884 ], [ 73.470194374081942, 33.424410083917451 ], [ 73.455525576340023, 33.449282690166953 ], [ 73.454805860755059, 33.489837820459961 ], [ 73.45049100333803, 33.572104366438595 ], [ 73.426188744474317, 33.732855738236211 ], [ 73.396260722897196, 33.806436286905104 ], [ 73.358064909542364, 33.860810520282413 ], [ 73.34736781164959, 33.896456462206018 ], [ 73.345084463028783, 33.94056520970306 ], [ 73.337094300460095, 33.983403630647302 ], [ 73.324985591610726, 34.016641609317418 ], [ 73.308355409842491, 34.060552241712912 ], [ 73.283442432409643, 34.087643798211921 ], [ 73.256565426237401, 34.139752939403685 ], [ 73.225673663728642, 34.176289754557516 ], [ 73.212005178686809, 34.211877615830886 ], [ 73.242838262159864, 34.317296050729041 ], [ 73.253965555868703, 34.335348180430657 ], [ 73.289468671644542, 34.357321039967097 ], [ 73.326689829899649, 34.366185734546853 ], [ 73.362643443949636, 34.366672092644286 ], [ 73.407520468259705, 34.351756743131602 ], [ 73.455148211257011, 34.342823922486303 ], [ 73.499721217364524, 34.343378319003499 ], [ 73.511013237468205, 34.355445338808984 ], [ 73.517699422954038, 34.384156394602307 ], [ 73.509679892999742, 34.51169890347569 ], [ 73.555721176319054, 34.599332673563012 ], [ 73.612659605509918, 34.645323038632426 ], [ 73.688921349017718, 34.660481625188488 ], [ 73.765106079763754, 34.682749385439806 ], [ 73.806584643880001, 34.71059937322876 ], [ 73.853804766147462, 34.743261184619762 ], [ 73.872167631278501, 34.774448048227271 ], [ 73.868182072501071, 34.806599261767893 ], [ 73.887065488472757, 34.871193988413339 ], [ 73.916677893602795, 34.929201451547485 ], [ 73.942927707897638, 34.958398392097699 ], [ 73.943362139462081, 34.989552694701636 ], [ 73.918735187226815, 35.016309937205385 ], [ 73.85349020666176, 35.039252649386285 ], [ 73.669000518500027, 35.061015438623421 ], [ 73.557809083167655, 35.063463906774913 ], [ 73.503876332305168, 35.067438810186843 ], [ 73.490196750394531, 35.107872974957374 ], [ 73.476536914332058, 35.139906748493118 ], [ 73.473143353407693, 35.166104763673786 ], [ 73.479826911474063, 35.197200508523039 ], [ 73.513247923883583, 35.243749400056068 ], [ 73.527102425284667, 35.255832179756915 ], [ 73.57081668539557, 35.311620951004947 ], [ 73.562529105374537, 35.339173899740899 ], [ 73.536815920904175, 35.361928622491455 ], [ 73.489763951959958, 35.383593587970189 ], [ 73.408764468710416, 35.403490842580695 ], [ 73.357351270717004, 35.402470122123155 ], [ 73.287710751667774, 35.387861149373968 ], [ 73.228182442548402, 35.381221869947922 ], [ 73.166239397236737, 35.379278835789179 ], [ 73.091667667195964, 35.408213735651486 ], [ 72.898450470567866, 35.530171851899965 ], [ 72.896167613189803, 35.572479460321354 ], [ 72.895910179351986, 35.638065431636761 ], [ 72.890126865116002, 35.642911094010145 ], [ 72.889619614673791, 35.645685423062673 ], [ 72.868404259764006, 35.668081438346327 ], [ 72.826126211564002, 35.677830864427875 ], [ 72.789222404443692, 35.681940119715975 ], [ 72.683626982672706, 35.667558249666001 ], [ 72.67155406355468, 35.66732527867336 ], [ 72.623570558520669, 35.659232526708593 ], [ 72.623174436856317, 35.659068190782911 ], [ 72.570924263899656, 35.650360640320415 ], [ 72.500327775916958, 35.635914115850312 ], [ 72.428407309129668, 35.625453439043312 ], [ 72.340726544507959, 35.63155630969873 ], [ 72.268651810374251, 35.649748867235992 ], [ 72.257869158826594, 35.671726153198449 ], [ 72.253039368091535, 35.684731931616497 ], [ 72.265205637658724, 35.713625756876247 ], [ 72.277623633831467, 35.7353699840166 ], [ 72.285541462008368, 35.760588536969792 ], [ 72.285897534075986, 35.763581778718972 ], [ 72.291316326517887, 35.791012463124929 ], [ 72.263363173943972, 35.850821316911123 ], [ 72.260846014827152, 35.896678140967396 ], [ 72.318206836173559, 36.013226003583128 ], [ 72.35372595054406, 36.040037478494078 ], [ 72.464635884486526, 36.062596281836832 ], [ 72.528532691222011, 36.086197203491437 ], [ 72.564401458252249, 36.116735810488507 ], [ 72.668798237670487, 36.231935297609063 ], [ 72.722939010410457, 36.272882145856542 ], [ 72.800222083148171, 36.318434751792935 ], [ 72.847345338122963, 36.424162698866397 ], [ 72.873243868912112, 36.478094826744972 ], [ 72.935243734369948, 36.503548300722393 ], [ 73.018692001259296, 36.517762763376389 ], [ 73.244437351245054, 36.533701785023297 ], [ 73.320589998021475, 36.531099319076638 ], [ 73.340986168165514, 36.522271456816917 ], [ 73.371788297598897, 36.518880041216129 ], [ 73.446657495050289, 36.524100802736093 ], [ 73.51302097581133, 36.524205019426041 ], [ 73.578290147714526, 36.525607440446073 ], [ 73.638242978057093, 36.550751875578868 ], [ 73.637804234736805, 36.566672309979289 ], [ 73.610857463432566, 36.611865177375002 ], [ 73.557030865692425, 36.630333087945317 ], [ 73.550423815154474, 36.636620125653629 ], [ 73.526867522251052, 36.64066747939043 ], [ 73.502310877557989, 36.649073164557855 ], [ 73.434811065551457, 36.674210291499762 ], [ 73.427658180629678, 36.67799190733205 ], [ 73.403650776212132, 36.701779620221714 ], [ 73.399919832798048, 36.709925417332109 ], [ 73.403848896418467, 36.733797272867079 ], [ 73.426856357555749, 36.746297095818171 ], [ 73.471038646245262, 36.755398986102747 ], [ 73.527161496675902, 36.7568717977923 ], [ 73.593156184602876, 36.740691531941771 ], [ 73.669024073822939, 36.704772655300062 ], [ 73.71248447289436, 36.685987981530161 ], [ 73.734461918362385, 36.674970278544173 ], [ 73.747657790441522, 36.674206013199871 ], [ 73.765842780754781, 36.669193739361894 ], [ 73.826684435897491, 36.666652446881521 ], [ 73.852183434321262, 36.675284699765655 ], [ 73.879731361182849, 36.696003068418072 ], [ 73.902521775802711, 36.720636872339234 ], [ 73.925279197508459, 36.747313251619182 ], [ 74.004645476365553, 36.758385454262395 ], [ 74.032463535115667, 36.77180772086102 ], [ 74.092504907947585, 36.812809450078262 ], [ 74.136589198417397, 36.835035703534814 ], [ 74.239715421989544, 36.840433022224737 ], [ 74.277219744975085, 36.84237368829131 ], [ 74.314649203996595, 36.848276298362592 ], [ 74.31654067608595, 36.863147552203969 ], [ 74.323805922084489, 36.864860512067857 ], [ 74.333146619621132, 36.883039877939041 ], [ 74.325836688975485, 36.903987238889805 ], [ 74.322516570410585, 36.917009503815748 ], [ 74.327263240163873, 36.924500256209257 ], [ 74.357433330202383, 36.943938518057024 ], [ 74.401852745847549, 36.956132637939852 ], [ 74.452885182889005, 36.955997062232456 ], [ 74.48785079743142, 36.9421595734376 ], [ 74.554947775118123, 36.900690992549258 ], [ 74.564998454627357, 36.892692725666947 ], [ 74.565026252082802, 36.892663712199308 ], [ 74.600603957770986, 36.8239280750593 ], [ 74.663403873837012, 36.818006908627446 ], [ 74.700392217438591, 36.834702047764019 ], [ 74.744467953503047, 36.841621797820444 ], [ 74.889077451644681, 36.880602985590848 ], [ 74.929860460594668, 36.925354889046346 ], [ 74.959545892696838, 36.967107854264455 ], [ 75.026437677072749, 37.005869321145319 ], [ 75.072842921244529, 36.99084717512126 ], [ 75.142345902119814, 36.912034927472298 ], [ 75.164983012697434, 36.86653994439569 ], [ 75.187757214293143, 36.815101436183681 ], [ 75.205441165529336, 36.775532648395355 ], [ 75.237679226575523, 36.732173563359368 ], [ 75.274353699083832, 36.708767505803387 ], [ 75.342467689007279, 36.681761755524171 ], [ 75.400845484017836, 36.656593093819602 ], [ 75.440130910442221, 36.615254874217229 ], [ 75.567456752840116, 36.485294188280839 ], [ 75.661912756864353, 36.446442379120889 ], [ 75.845496727621892, 36.39637728564179 ], [ 75.973696078737703, 36.337743214068155 ], [ 76.022016901286818, 36.302218604304322 ], [ 76.050097436455118, 36.297726303741896 ], [ 76.054078347234196, 36.294764027640326 ], [ 76.063958011381203, 36.295514011681313 ], [ 76.116323223390452, 36.287183024655782 ], [ 76.17705276506922, 36.287931697624678 ], [ 76.256512929701827, 36.240529296888312 ], [ 76.284793959724809, 36.176466272878947 ], [ 76.323135031711743, 36.132707938131766 ], [ 76.378432479826614, 36.113075708299462 ], [ 76.421850388712542, 36.113397016798906 ], [ 76.458050789373701, 36.109677439646049 ], [ 76.508426044866283, 36.083945874233891 ], [ 76.594143100113229, 35.984257768321129 ], [ 76.596533906111176, 35.952422098821778 ], [ 76.617668144814019, 35.863061824011709 ], [ 76.688545614130106, 35.783825374562156 ], [ 76.721507588165025, 35.750171852737274 ], [ 76.764205636332576, 35.730382219942726 ], [ 76.840696208351716, 35.72837446334659 ], [ 76.902806910826143, 35.724352893047062 ], [ 76.964881368255718, 35.7183163763004 ], [ 77.010041169524683, 35.704367418066205 ], [ 77.054905857749688, 35.678532958724588 ], [ 77.085205276143839, 35.646806296684559 ], [ 77.122766035596982, 35.620992582835797 ], [ 77.170308512796808, 35.610940734127375 ], [ 77.282546757416299, 35.604519513258509 ], [ 77.340462407239329, 35.581876065168515 ], [ 77.348734497802141, 35.567514580247504 ], [ 77.355191835101195, 35.548785600885807 ], [ 77.354940810037746, 35.540204520540676 ], [ 77.357352247724535, 35.502951345424556 ], [ 77.357774314434792, 35.486916547082771 ], [ 77.352220454132876, 35.479869165647521 ], [ 77.319221625819367, 35.469950668529137 ], [ 77.29544378458003, 35.479818263364841 ], [ 77.246761591842599, 35.490752193229767 ], [ 77.230863511841591, 35.485323111056985 ], [ 77.216559015642019, 35.474138388285184 ], [ 77.216219185826048, 35.471023980203967 ], [ 77.191679262857576, 35.464848476535394 ], [ 77.181477936293533, 35.447148072426067 ], [ 77.199436575315531, 35.417520995549715 ], [ 77.229187770242589, 35.385884214246687 ], [ 77.288194300909396, 35.371845742102167 ], [ 77.373965640964869, 35.371425205600779 ], [ 77.390957101209153, 35.375671307384735 ], [ 77.45108991724031, 35.390675154770996 ], [ 77.520578141080833, 35.398109641960453 ], [ 77.585616030645781, 35.411447694532853 ], [ 77.605520976148995, 35.429002469141111 ], [ 77.629761703724398, 35.436695861104695 ], [ 77.668273747057711, 35.442329928160504 ], [ 77.751174922946262, 35.41845683300825 ], [ 77.776782912250454, 35.398871768618655 ], [ 77.800972966237225, 35.402720633617115 ], [ 77.822799933577414, 35.41098177902748 ], [ 77.83440034227246, 35.41007795181099 ], [ 77.839659643590636, 35.41736109758893 ], [ 77.852284823167167, 35.422137407887689 ], [ 77.855904392991675, 35.444047238500346 ], [ 77.858820810835041, 35.449392727232542 ], [ 77.861783873360267, 35.47476856341958 ], [ 77.870477193053489, 35.513587263742494 ], [ 77.880498396404377, 35.543817454166678 ], [ 77.896426962039271, 35.560203015906723 ], [ 77.921787361142179, 35.562331785652603 ], [ 77.989166973184112, 35.55265984408009 ], [ 78.012550975890733, 35.546807315602571 ], [ 78.045322020609873, 35.539027023441676 ], [ 78.070684525576553, 35.541058349788521 ], [ 78.078279985894838, 35.549166695040348 ], [ 78.078830219810513, 35.549108827600335 ], [ 78.113892215109857, 35.559006799625053 ], [ 78.147403265605575, 35.600633293960215 ], [ 78.230481136251171, 35.644538162637808 ], [ 78.373180432412582, 35.734467653347032 ], [ 78.426451512259121, 35.769061583306254 ], [ 78.507871933107651, 35.786229320451831 ], [ 78.537307810343464, 35.795801607043835 ], [ 78.576658837643151, 35.799951649930911 ], [ 78.615309949563098, 35.815820454432867 ], [ 78.70023865740059, 35.849482811825112 ], [ 78.76361413156593, 35.867172991931426 ], [ 78.84768291605188, 35.874674265380868 ], [ 78.883099323091983, 35.887705359310289 ], [ 78.896112819815059, 35.889098291389068 ], [ 78.956863692793277, 35.866400706713542 ], [ 79.01293683074941, 35.845734053429936 ], [ 79.046211515049023, 35.839377453368414 ], [ 79.104957300819862, 35.844864650313433 ], [ 79.136619068161693, 35.868739180519086 ], [ 79.138065712202248, 35.872501244447442 ], [ 79.138227145167846, 35.87243638929683 ], [ 79.16806177407895, 35.876174251493765 ], [ 79.205706422809996, 35.889340181158012 ], [ 79.223092391641458, 35.900416984240159 ], [ 79.229406541139369, 35.934400200772835 ], [ 79.237701516459339, 35.962555050129438 ], [ 79.258187656308692, 35.988291742548149 ], [ 79.262873421312634, 35.989040516242227 ], [ 79.300531599636003, 35.982205678012484 ], [ 79.349958375653799, 35.960000768380745 ], [ 79.438555593424937, 35.883570851330894 ], [ 79.577262068621465, 35.837776264872012 ], [ 79.701796114997336, 35.799861091609174 ], [ 79.774650229659827, 35.780528232082844 ], [ 79.832997869473147, 35.778242109423807 ], [ 79.864603295975684, 35.789395192976855 ], [ 79.897509852970813, 35.814739566083709 ], [ 79.908303377590315, 35.81740855693733 ], [ 79.953868607011017, 35.810942085223537 ], [ 79.958472538107927, 35.816613553610971 ], [ 79.97291722116141, 35.812521775501565 ], [ 80.130310059193775, 35.681559245939404 ], [ 80.279572537432387, 35.61210131580961 ], [ 80.339732193919247, 35.560490958305657 ], [ 80.350598805261882, 35.482228691827203 ], [ 80.310823936565185, 35.376570223058216 ], [ 80.21058180657019, 35.194257221379296 ], [ 80.195806866415168, 35.03372159374328 ], [ 80.194397286265669, 34.959107006994628 ], [ 80.135936581384641, 34.807499317461563 ], [ 80.11610617546998, 34.753025096540256 ], [ 80.103836656004773, 34.70596294785377 ], [ 80.088254552431636, 34.703423493900907 ], [ 80.028821409368476, 34.697402506652153 ], [ 79.953077067733673, 34.695566985512642 ], [ 79.908104089007608, 34.666708036198493 ], [ 79.889818319142535, 34.666064354213546 ], [ 79.802098461278675, 34.616540620750058 ], [ 79.776982844146858, 34.575668717217731 ], [ 79.837003814373645, 34.531323196333048 ], [ 79.864799831259688, 34.499287150821367 ], [ 79.863157600015313, 34.481604214890446 ], [ 79.862270558269174, 34.481097324265725 ], [ 79.825523739387933, 34.480554775482261 ], [ 79.752720558032792, 34.485790548034934 ], [ 79.694696814761613, 34.48333685400042 ], [ 79.635731869586024, 34.469951059477964 ], [ 79.60109520869004, 34.454279964869428 ], [ 79.596725996585306, 34.445674909786653 ], [ 79.56499082783256, 34.442816412062051 ], [ 79.551549613467756, 34.425268895020125 ], [ 79.547845336253118, 34.409598715301648 ], [ 79.560232550762692, 34.273932757481226 ], [ 79.575692191999664, 34.232464471287244 ], [ 79.570527004310435, 34.199542513125024 ], [ 79.553979533797758, 34.195429568884315 ], [ 79.526470740484427, 34.183268258782938 ], [ 79.525197043753707, 34.181671594756416 ], [ 79.469336942881668, 34.154920420264624 ], [ 79.444792952726331, 34.088291360454527 ], [ 79.440248002248936, 34.033275502853208 ], [ 79.43716152918222, 33.995934897544082 ], [ 79.438230308714537, 33.980190080848189 ], [ 79.431680623319494, 33.977467932508759 ], [ 79.419320538821381, 33.979420752855752 ], [ 79.358571980039912, 34.001880179603319 ], [ 79.335120417593387, 34.018364041058412 ], [ 79.288398125672828, 34.020667589377851 ], [ 79.240894542070208, 34.010369173813345 ], [ 79.207250777000766, 34.00712814266447 ], [ 79.201735528923024, 34.00588690986995 ], [ 79.180952146327982, 34.007036351942027 ], [ 79.08273342553602, 33.997586519592112 ], [ 79.08092739426904, 33.997357853036604 ], [ 79.062296390167873, 34.001553788184481 ], [ 78.991328230825971, 34.002397306748641 ], [ 78.961450446882651, 33.983010370519125 ], [ 78.949735503469398, 33.965692035011699 ], [ 78.942539045134055, 33.960851073314025 ], [ 78.932819523576782, 33.890199081624253 ], [ 78.984248683633723, 33.815359764944354 ], [ 79.027995187235433, 33.766086874626737 ], [ 79.007485932949294, 33.711143330094487 ], [ 78.998281748596085, 33.681696045302729 ], [ 79.024332174570972, 33.650161366043612 ], [ 79.088729306772308, 33.626372019850614 ], [ 79.11920182781742, 33.590904831025426 ], [ 79.115366698479974, 33.564392337535409 ], [ 79.114471044294163, 33.564248489284701 ], [ 79.063133077993797, 33.554096308816966 ], [ 79.010382323458217, 33.556567195458783 ], [ 78.95969468201146, 33.55543538635898 ], [ 78.939322620995014, 33.544922913936809 ], [ 78.93687042596423, 33.532104576171619 ], [ 78.907250861473869, 33.528620686627491 ], [ 78.904184158432713, 33.485346572295349 ], [ 78.964606517058868, 33.311992085068496 ], [ 78.985444566262416, 33.243038126708043 ], [ 79.047204029453951, 33.221242448131569 ], [ 79.10716853023726, 33.220997591269189 ], [ 79.12027602533648, 33.215051882455448 ], [ 79.170340422388378, 33.212413242961134 ], [ 79.220896598671217, 33.218720296660926 ], [ 79.255187865171308, 33.228214231144513 ], [ 79.290975639097994, 33.231501773719067 ], [ 79.370229568723076, 33.232649329705175 ], [ 79.42334623880933, 33.22807856939491 ], [ 79.455580337774094, 33.196125476859187 ], [ 79.451384967574697, 33.144917706095804 ], [ 79.417652815444882, 33.072386500482637 ], [ 79.361387059109191, 32.94879634871063 ], [ 79.356400286179039, 32.915316052985595 ], [ 79.360499159620986, 32.879757626292644 ], [ 79.380426813630876, 32.840067277039239 ], [ 79.486041906878754, 32.692702636771635 ], [ 79.516780156129002, 32.646885471910544 ], [ 79.517816905566136, 32.603445514348714 ], [ 79.51666167520969, 32.589326836371555 ], [ 79.498526226122181, 32.561170242602628 ], [ 79.479611407717911, 32.534571349133344 ], [ 79.450361347172432, 32.513648190602396 ], [ 79.421358394587344, 32.496321773471387 ], [ 79.399599687506125, 32.491444859221403 ], [ 79.372107387240831, 32.497531375849249 ], [ 79.349230982355607, 32.508910789720751 ], [ 79.3263399974675, 32.520281420190322 ], [ 79.308290809451961, 32.540553124279015 ], [ 79.279949845656091, 32.53398648922046 ], [ 79.244610052411716, 32.51854460647079 ], [ 79.191833178887848, 32.463780262655334 ], [ 79.135910013760892, 32.427091096427468 ], [ 79.117453913779073, 32.405831702279841 ], [ 79.105122007975382, 32.379033616985915 ], [ 79.102912912403539, 32.372250322214079 ], [ 79.090023728756449, 32.3626301402576 ], [ 79.065517481163866, 32.312017776079685 ], [ 79.06013488484713, 32.307810142918072 ], [ 79.014987900173068, 32.30688721033912 ], [ 78.95516933679346, 32.313395703815459 ], [ 78.917172946280303, 32.326667469104045 ], [ 78.881671762372733, 32.347067525479012 ], [ 78.85043101355518, 32.367371334169917 ], [ 78.787277955786706, 32.435031932628775 ], [ 78.771118746777688, 32.455109055480733 ], [ 78.759275468821528, 32.556157914539718 ], [ 78.748928092826318, 32.604946422668277 ], [ 78.730951985345257, 32.632248895435353 ], [ 78.707995068734164, 32.647030642735068 ], [ 78.696842706018501, 32.640014472481887 ], [ 78.681014120523585, 32.62587688139719 ], [ 78.663925815284884, 32.607618996583078 ], [ 78.644042842221339, 32.59609007799164 ], [ 78.617112705795392, 32.574306348757823 ], [ 78.584318769989423, 32.555965325604184 ], [ 78.58281931765633, 32.555610492698762 ], [ 78.550411793102072, 32.550813063462286 ], [ 78.521882698361708, 32.536958784477186 ], [ 78.516190521641562, 32.532870783855152 ], [ 78.483961103919441, 32.579670499052554 ], [ 78.401157114316817, 32.654446134190664 ], [ 78.352299375560278, 32.67484248762986 ], [ 78.280106598151846, 32.674844457833437 ], [ 78.250321637081669, 32.662263461758378 ], [ 78.193993941439203, 32.600741193614006 ], [ 78.121672617082126, 32.562964830363555 ], [ 78.091732472671112, 32.544145683085937 ], [ 78.046018664926379, 32.541445818989281 ], [ 78.034183363168026, 32.557952934122845 ], [ 78.020702900663309, 32.575929883230316 ], [ 78.023368905481874, 32.604967579103601 ], [ 78.052425331191259, 32.663898237471976 ], [ 78.048041680445934, 32.71743667620197 ], [ 78.005211299097539, 32.752820826543456 ], [ 77.963053663400899, 32.792469084198139 ], [ 77.954184885076515, 32.814624471598989 ], [ 77.949334990260382, 32.872942558131754 ], [ 77.892071145233018, 32.920081042914546 ], [ 77.81433759514357, 32.930444642186288 ], [ 77.739804132243989, 32.880097002788219 ], [ 77.700324056115477, 32.846126460876214 ], [ 77.673946935831211, 32.814725790934069 ], [ 77.637186384438678, 32.813597509297644 ], [ 77.610284340328434, 32.840404172375813 ], [ 77.574601064917189, 32.857366624178894 ], [ 77.54811468703538, 32.860294917069879 ], [ 77.514374491620899, 32.846663475602924 ], [ 77.465983794755147, 32.834266586022792 ], [ 77.422551558764667, 32.837501085640078 ], [ 77.337140622282121, 32.878254487110837 ], [ 77.186797358812314, 32.93907301196937 ], [ 77.139740581044308, 32.958975876388536 ] ] ] } },
{ "type": "Feature", "properties": { "state_name": "Looshai hills", "id": 16 }, "geometry": { "type": "Polygon", "coordinates": [ [ [ 93.276847984700055, 24.164559406339535 ], [ 93.271916847711779, 24.172101863055151 ], [ 93.24753455228489, 24.201464793823636 ], [ 93.225289748824153, 24.21436956249152 ], [ 93.192487648961986, 24.209999498117021 ], [ 93.170306571248673, 24.195355469419862 ], [ 93.162103931759702, 24.160649695788869 ], [ 93.162185931257255, 24.140335233491573 ], [ 93.162406335325699, 24.100965688916897 ], [ 93.184255745366798, 24.064159886256032 ], [ 93.228839830180036, 23.983772287204435 ], [ 93.238914582969599, 23.938914909201277 ], [ 93.239097689572716, 23.937764876296509 ], [ 93.239332526423397, 23.93705444658973 ], [ 93.265406735011084, 23.821050992869154 ], [ 93.271582786327315, 23.704584823988117 ], [ 93.262648276184322, 23.642528427564983 ], [ 93.249686153284472, 23.541602719355851 ], [ 93.243078478494056, 23.495311042890215 ], [ 93.230777875352601, 23.451093367802024 ], [ 93.218055661462827, 23.424929800431222 ], [ 93.209768466095866, 23.39822835292243 ], [ 93.203989318670608, 23.357372744497916 ], [ 93.201898890273668, 23.342571301218118 ], [ 93.16429397714036, 23.295856384376609 ], [ 93.120833142686223, 23.246375928566607 ], [ 93.096866275322711, 23.236331775108312 ], [ 93.080194255481928, 23.244754520517052 ], [ 93.040367345617312, 23.249493436533488 ], [ 93.002344933332267, 23.245692304279778 ], [ 92.970752270853566, 23.234188160918652 ], [ 92.950967625052527, 23.221279697892868 ], [ 92.94352536564854, 23.199979769298963 ], [ 92.939573624126993, 23.171336708762304 ], [ 92.935252745751882, 23.139964888818813 ], [ 92.939693327585005, 23.105459578216287 ], [ 92.925808758147483, 23.085158741903875 ], [ 92.904857319644108, 22.96183358233591 ], [ 92.93342642635713, 22.746243575844147 ], [ 92.954756087775323, 22.609049838496066 ], [ 93.001274396285922, 22.492524836634217 ], [ 93.008030776325498, 22.413276293682586 ], [ 92.987127688502909, 22.343786982641248 ], [ 92.974720643562122, 22.301020947576394 ], [ 92.959410225273871, 22.27961003729061 ], [ 92.94018209000096, 22.279066172525944 ], [ 92.906884394048944, 22.263480484196915 ], [ 92.906688135443488, 22.263337674206561 ], [ 92.892616931452636, 22.260967545309391 ], [ 92.849013646639492, 22.241270590506872 ], [ 92.84360368750373, 22.213848686227109 ], [ 92.830054613138856, 22.131160631959926 ], [ 92.791916938609489, 22.080771710484179 ], [ 92.782879829526223, 22.07668984225197 ], [ 92.737164179033627, 22.067967652216566 ], [ 92.71536075073422, 22.071795213490649 ], [ 92.705867873568067, 22.101956181284478 ], [ 92.696319977221322, 22.143212125747624 ], [ 92.681491235133265, 22.17813512456382 ], [ 92.635138501592067, 22.211049995671473 ], [ 92.597214484626548, 22.240247117568433 ], [ 92.586526637324795, 22.249760947514435 ], [ 92.542058094780316, 22.263045890097874 ], [ 92.518203793196136, 22.262930628276713 ], [ 92.508166407555066, 22.249533031703958 ], [ 92.473209373491258, 22.249706857228841 ], [ 92.451376105729096, 22.219418609433383 ], [ 92.437845065885014, 22.128949699592283 ], [ 92.433774329389649, 22.096945155075304 ], [ 92.401539523955421, 22.087278859018593 ], [ 92.395225828510448, 22.096907775335492 ], [ 92.398171139586935, 22.134406829818651 ], [ 92.395072986626673, 22.15694608398066 ], [ 92.392555872176359, 22.184047196720297 ], [ 92.389577502878566, 22.207500387462289 ], [ 92.391616187980432, 22.231325958912691 ], [ 92.401730843871007, 22.256109246109006 ], [ 92.410008670600021, 22.282018916408568 ], [ 92.412341495996415, 22.300260914845509 ], [ 92.412319959675983, 22.323389161317362 ], [ 92.407119933906898, 22.35264312005728 ], [ 92.393679946307969, 22.387439576130877 ], [ 92.391031175698529, 22.421040815738404 ], [ 92.392854164651922, 22.489306358963475 ], [ 92.389593123209181, 22.525756634540642 ], [ 92.383943518137286, 22.574505844745556 ], [ 92.385062062569489, 22.621577077673713 ], [ 92.385396764095688, 22.654855968005943 ], [ 92.373618126392856, 22.679312667896333 ], [ 92.35244513945365, 22.715930833625581 ], [ 92.3286572530792, 22.786173857564535 ], [ 92.311821139623561, 22.840835604796236 ], [ 92.302477956852385, 22.868736276777906 ], [ 92.300507302663959, 22.899515147208277 ], [ 92.299406367526714, 22.929271621040279 ], [ 92.297803262354122, 22.962790109568662 ], [ 92.297456961369605, 22.9906119054484 ], [ 92.276503154222112, 23.029092981777655 ], [ 92.25463402455631, 23.04544979508033 ], [ 92.245050729525289, 23.071539872930039 ], [ 92.235020803839589, 23.091744987972234 ], [ 92.234859424854903, 23.117411143269806 ], [ 92.230448440655351, 23.137643144240855 ], [ 92.238142775776595, 23.186270576411097 ], [ 92.235115319255499, 23.208849227876289 ], [ 92.226727464495127, 23.228705837898843 ], [ 92.235030557666263, 23.254677005617101 ], [ 92.242590797328617, 23.306893060791118 ], [ 92.233232132293011, 23.331297390851287 ], [ 92.24305331960565, 23.344158495252373 ], [ 92.2509180794668, 23.36550386869126 ], [ 92.253721529765599, 23.386497724586157 ], [ 92.240825587744666, 23.410206327015249 ], [ 92.221329368412171, 23.459691926654241 ], [ 92.202952609838917, 23.502568127516675 ], [ 92.192872382614922, 23.539868776809051 ], [ 92.185368532177591, 23.596347698179873 ], [ 92.179003638819964, 23.638795069188863 ], [ 92.168543442044211, 23.691221119226935 ], [ 92.18432927472611, 23.728378826281901 ], [ 92.2153386470019, 23.721445782957378 ], [ 92.249048420514043, 23.717571680899699 ], [ 92.266617569387506, 23.744980485364138 ], [ 92.329781079372893, 23.7927146940462 ], [ 92.348586131350771, 23.888427640413891 ], [ 92.352981330994339, 23.993350060384959 ], [ 92.377550349884487, 24.070424178181412 ], [ 92.379120691086854, 24.127017057501188 ], [ 92.367931421760233, 24.173525314344868 ], [ 92.377376954068126, 24.190492388927026 ], [ 92.466293283680542, 24.226341301309933 ], [ 92.546200142216463, 24.269669034791711 ], [ 92.548114771333829, 24.283163190194802 ], [ 92.570966669892627, 24.274874147918258 ], [ 92.606441008460465, 24.282677908610335 ], [ 92.635265862182578, 24.300531131768214 ], [ 92.667867881127606, 24.305879211872266 ], [ 92.71777435985048, 24.298019298748667 ], [ 92.747649483832433, 24.305526760536033 ], [ 92.815598528347834, 24.296840675103677 ], [ 92.863002289653821, 24.299878433101654 ], [ 92.917017068929937, 24.285896676319009 ], [ 92.931566702222199, 24.281808287703647 ], [ 92.986873167458455, 24.276898695130573 ], [ 93.060442791672742, 24.283134752369016 ], [ 93.135587042416574, 24.293292192616697 ], [ 93.155174920550067, 24.292719673942283 ], [ 93.180905284251736, 24.292770181121845 ], [ 93.202213060550946, 24.279959749717428 ], [ 93.235257013363281, 24.24766706229229 ], [ 93.276847984700055, 24.164559406339535 ] ] ] } },
{ "type": "Feature", "properties": { "state_name": "Madras Presidency", "id": 17 }, "geometry": { "type": "MultiPolygon", "coordinates": [ [ [ [ 78.185762072739067, 8.972012359593581 ], [ 78.163097254854478, 8.935149006347936 ], [ 78.162448070867399, 8.93308609177712 ], [ 78.15579268768704, 8.926639725352432 ], [ 78.15083793234453, 8.909356312328169 ], [ 78.144071580368035, 8.890893092041141 ], [ 78.137927188932423, 8.874814037263278 ], [ 78.128760009402839, 8.856370227984643 ], [ 78.121426093399776, 8.841495297520501 ], [ 78.115294165310829, 8.826610031477891 ], [ 78.11155529409821, 8.810509764293284 ], [ 78.126059378274547, 8.749449580731474 ], [ 78.125994554984956, 8.741683271424751 ], [ 78.121686763059628, 8.729172324347889 ], [ 78.117389302163659, 8.717856049383089 ], [ 78.10342128154123, 8.698851709824735 ], [ 78.082709048542952, 8.662574194922588 ], [ 78.079585646051271, 8.647662473719411 ], [ 78.07402749234528, 8.628587812827664 ], [ 78.067869908660782, 8.609517653529686 ], [ 78.061108178787251, 8.589854486588839 ], [ 78.057963267481639, 8.571954774057801 ], [ 78.056586232648058, 8.549858510564645 ], [ 78.062312010234038, 8.515158871929586 ], [ 78.06851943611143, 8.465518501795056 ], [ 78.062381754086019, 8.44823945818216 ], [ 78.052054040208631, 8.432187748089994 ], [ 78.035729660171398, 8.398776160661154 ], [ 78.027707235797834, 8.387778004693535 ], [ 78.00103144357297, 8.359749006587569 ], [ 77.956740252569091, 8.323013103736432 ], [ 77.937756315693974, 8.311177507821414 ], [ 77.897129293953213, 8.288593876019902 ], [ 77.842602364849739, 8.265237380193668 ], [ 77.792600357651736, 8.235708114260404 ], [ 77.757348662243174, 8.211781538361381 ], [ 77.6956140663128, 8.178625541787998 ], [ 77.63627680799253, 8.152622074223499 ], [ 77.605475608539194, 8.142261023706144 ], [ 77.595790384133522, 8.139002409826485 ], [ 77.568883444970496, 8.136621517591072 ], [ 77.557978066776485, 8.135656011264533 ], [ 77.536334850215411, 8.128020952810738 ], [ 77.518540984116981, 8.115844052237112 ], [ 77.447183935875586, 8.0669945250638 ], [ 77.398214958763248, 8.076364731465222 ], [ 77.317538596084404, 8.090024245285077 ], [ 77.219750388821325, 8.147261536902011 ], [ 77.189084400197871, 8.169841009098713 ], [ 77.078874608265338, 8.259962664158948 ], [ 76.997362201955298, 8.325581954066667 ], [ 76.964734287140942, 8.349124541971566 ], [ 76.951337320347264, 8.368566184996707 ], [ 76.931265741137096, 8.404471755720873 ], [ 76.887130921715169, 8.444528316231491 ], [ 76.831415927459616, 8.495696629583824 ], [ 76.812135977685003, 8.521810344754185 ], [ 76.797104417682775, 8.527198783726552 ], [ 76.789273124986494, 8.534387863093482 ], [ 76.7634193235872, 8.572257484074097 ], [ 76.751964183448649, 8.604188350561564 ], [ 76.702254505895411, 8.657575481980391 ], [ 76.693854811175754, 8.672456823920978 ], [ 76.660361616584808, 8.709683982266435 ], [ 76.633440599937998, 8.739106109947897 ], [ 76.596906714314628, 8.770960124846445 ], [ 76.592643330218849, 8.772677550839603 ], [ 76.563940282304713, 8.802300265417481 ], [ 76.562831749547925, 8.817155564099464 ], [ 76.558668000316487, 8.827938473866343 ], [ 76.523304528987779, 8.8555962273507 ], [ 76.488565924119825, 8.890426249865172 ], [ 76.468525537097548, 8.910515376853231 ], [ 76.456612294551164, 8.925150236145976 ], [ 76.438924643796113, 8.961199114194784 ], [ 76.406774050122053, 9.047452572375063 ], [ 76.402179225538845, 9.064129491920076 ], [ 76.394465092618688, 9.096848593070243 ], [ 76.385804692544895, 9.159611095066811 ], [ 76.349594744774777, 9.224264885605221 ], [ 76.343344228696466, 9.237538438125522 ], [ 76.334437149229146, 9.25092071102717 ], [ 76.331196923417465, 9.256604025611566 ], [ 76.322791804976688, 9.279723458406753 ], [ 76.310845771239102, 9.305606973994559 ], [ 76.286973699548057, 9.364072501770842 ], [ 76.25688557750837, 9.437872014408162 ], [ 76.251691726294183, 9.467558534669729 ], [ 76.248843214570542, 9.479531591313096 ], [ 76.241653181986777, 9.49056304028813 ], [ 76.232526125111491, 9.499208635261716 ], [ 76.230689524135428, 9.501307373174145 ], [ 76.228311877983302, 9.508055659101984 ], [ 76.221379006341166, 9.651214165052684 ], [ 76.207896384353916, 9.721841573345213 ], [ 76.205110204587697, 9.787372722045021 ], [ 76.202754971451967, 9.803172079070121 ], [ 76.197048138668748, 9.82616102900146 ], [ 76.188924715460843, 9.848201427761996 ], [ 76.176491459087572, 9.879827150924966 ], [ 76.169880451313915, 9.904944115229817 ], [ 76.17394058644129, 9.90281031787649 ], [ 76.214313529503499, 9.863363964667412 ], [ 76.242225149754105, 9.824732474139656 ], [ 76.277863167427171, 9.73481882343833 ], [ 76.29715626910351, 9.636163692387973 ], [ 76.293375392449988, 9.582895084469817 ], [ 76.294400482574872, 9.528687373901459 ], [ 76.300180051202517, 9.506454446696337 ], [ 76.325137879128405, 9.483337703397167 ], [ 76.35680659579576, 9.481507565082701 ], [ 76.395260895742254, 9.487255681396736 ], [ 76.414574278342926, 9.503410905432023 ], [ 76.421380312454133, 9.518745046445247 ], [ 76.411740001841963, 9.531361234701546 ], [ 76.387594280034307, 9.536438385903551 ], [ 76.365439521504058, 9.544336459606615 ], [ 76.35485684244351, 9.554024698959335 ], [ 76.351008494806393, 9.569488237297652 ], [ 76.34334584737762, 9.647608180750819 ], [ 76.325083437032461, 9.705557162523668 ], [ 76.318363330220365, 9.729696284670016 ], [ 76.318427963412148, 9.757620853640443 ], [ 76.318401155814627, 9.797705042960418 ], [ 76.271427387593761, 9.895670208691534 ], [ 76.237916953027892, 9.931207429418487 ], [ 76.204399343055613, 9.966742100440738 ], [ 76.199191404698709, 9.976545279889944 ], [ 76.20188595768505, 9.980033574067996 ], [ 76.215469049433182, 9.998167647067591 ], [ 76.221318962718215, 10.013458448265714 ], [ 76.218439244586833, 10.028751697137404 ], [ 76.217531989413899, 10.033569628278391 ], [ 76.213723270064619, 10.047938794219618 ], [ 76.204177212838047, 10.077641122323545 ], [ 76.197774004297514, 10.119442735477818 ], [ 76.197576674627328, 10.120730840870461 ], [ 76.176485713885768, 10.163872860773306 ], [ 76.171662897095914, 10.165804182904848 ], [ 76.164866484551908, 10.156258184987093 ], [ 76.16958159575519, 10.12465964526443 ], [ 76.174199584242814, 10.113358507110808 ], [ 76.178197418343117, 10.103574417950549 ], [ 76.17909351733995, 10.084430764225798 ], [ 76.179006617146626, 10.060505482377133 ], [ 76.177006070953937, 10.041372094314669 ], [ 76.172479158660067, 10.032969866086333 ], [ 76.150207467509901, 10.120735327057298 ], [ 76.150026632967382, 10.122509364060836 ], [ 76.144864608837693, 10.173157660534045 ], [ 76.136946233972893, 10.194422327456362 ], [ 76.142823515857486, 10.205144237836567 ], [ 76.119195644291352, 10.25187117068845 ], [ 76.10563420380744, 10.278684346727124 ], [ 76.085799735305358, 10.332633178278021 ], [ 76.055651478976074, 10.410009541031208 ], [ 76.041784160134583, 10.430104874644888 ], [ 76.02389323538182, 10.473514536675445 ], [ 75.965197148937989, 10.566532799218484 ], [ 75.963244617937576, 10.569889181191172 ], [ 75.926705160052492, 10.632685702399609 ], [ 75.886217580658169, 10.683527498109392 ], [ 75.865717907875265, 10.773940026662371 ], [ 75.82848402387765, 10.868760802454643 ], [ 75.827702921199972, 10.871275579069707 ], [ 75.825681457115977, 10.876502116427908 ], [ 75.81347717197653, 10.935502908485692 ], [ 75.805790151055604, 10.990961586725117 ], [ 75.783896617388322, 11.071747236871451 ], [ 75.738602687787733, 11.215240555985492 ], [ 75.715133810689409, 11.273120178693921 ], [ 75.684344866083194, 11.329787027177819 ], [ 75.638489484399912, 11.388803670075033 ], [ 75.634185108225452, 11.394899096881266 ], [ 75.608014013696732, 11.434635062812502 ], [ 75.602393862141554, 11.467198975697514 ], [ 75.586987729091348, 11.496126206236198 ], [ 75.571433053574111, 11.51538354357751 ], [ 75.571165456319505, 11.520595434478398 ], [ 75.562461144539384, 11.535686446505485 ], [ 75.520425184847127, 11.58646477383788 ], [ 75.511838915289403, 11.604550674410863 ], [ 75.507761634674665, 11.661255789603011 ], [ 75.494754348819399, 11.688977094842684 ], [ 75.488874725942992, 11.691894697080013 ], [ 75.47298410367948, 11.699777905703787 ], [ 75.460472786593897, 11.705612744540046 ], [ 75.456495800469213, 11.72537617476825 ], [ 75.412129232363228, 11.769948112755912 ], [ 75.377193291728389, 11.794402255792457 ], [ 75.369193180628955, 11.805179999783547 ], [ 75.365565300543494, 11.816669750218562 ], [ 75.365273561271891, 11.818262263684923 ], [ 75.362671486485098, 11.832465410563037 ], [ 75.359042069675255, 11.843237260718704 ], [ 75.357889786351194, 11.845362536459714 ], [ 75.348136694481013, 11.863349701421837 ], [ 75.312474050641214, 11.905024678413252 ], [ 75.28042051590198, 11.922285972856024 ], [ 75.272413653948632, 11.933778894264627 ], [ 75.257861427094213, 11.962505255401766 ], [ 75.231643233900698, 11.994829829409136 ], [ 75.16241701704142, 12.064506696142265 ], [ 75.158842519785878, 12.069098289609631 ], [ 75.121598388263322, 12.116927938826844 ], [ 75.068363014139237, 12.179395825503619 ], [ 75.067402716072479, 12.1869689254122 ], [ 75.06399343400011, 12.213851739012471 ], [ 75.036270061797495, 12.261949912946012 ], [ 75.019487765562431, 12.325118460460978 ], [ 74.982982390226937, 12.376082570968684 ], [ 74.964724056552768, 12.404075010426968 ], [ 74.95814781145414, 12.428479222698666 ], [ 74.944268508923173, 12.442832668320268 ], [ 74.94378744308267, 12.44360594941328 ], [ 74.93623130109755, 12.455751229202452 ], [ 74.928191119989336, 12.476565281036468 ], [ 74.904799769166416, 12.521779022312391 ], [ 74.874834539227862, 12.544736054529496 ], [ 74.85288514535587, 12.597123467165014 ], [ 74.83678116117602, 12.638745667615293 ], [ 74.80820444907738, 12.733473676866621 ], [ 74.767912568459593, 12.817420987896741 ], [ 74.752485847754286, 12.885595001738917 ], [ 74.740708811386028, 12.954489029665854 ], [ 74.728198389742857, 13.018356967532268 ], [ 74.719282011089291, 13.13534154446589 ], [ 74.706762857480925, 13.193465286098046 ], [ 74.694275991460387, 13.220725052217301 ], [ 74.683988986283921, 13.244398108162221 ], [ 74.678845193310764, 13.255875576697864 ], [ 74.677330503477961, 13.293196225721802 ], [ 74.669968283861323, 13.318307657502546 ], [ 74.665558087986085, 13.327632483377066 ], [ 74.663310602002255, 13.362798608458958 ], [ 74.644944922261601, 13.390047398319712 ], [ 74.635397185521356, 13.401517514284432 ], [ 74.628044764061073, 13.415143673124378 ], [ 74.627218405496706, 13.475431646232886 ], [ 74.599272593798915, 13.522040642051728 ], [ 74.580096824752658, 13.58157988192762 ], [ 74.578529113278734, 13.638276747762536 ], [ 74.573352086150365, 13.660517004066323 ], [ 74.563037345203284, 13.682030365236658 ], [ 74.547598707586587, 13.694921399382673 ], [ 74.539496355939932, 13.709260590734516 ], [ 74.529187766968789, 13.725030684728045 ], [ 74.529118969055872, 13.759480317028292 ], [ 74.524401636141107, 13.913058529145628 ], [ 74.513271129913278, 13.965427980338498 ], [ 74.477875472339434, 14.019180827162659 ], [ 74.416586492069882, 14.12956253917482 ], [ 74.384006683300584, 14.212012549972513 ], [ 74.383746073174507, 14.215058473735951 ], [ 74.627457791437664, 14.225111062270466 ], [ 74.652538134981128, 14.182087667141689 ], [ 74.702670097345646, 14.096031922060297 ], [ 74.776256214639574, 14.040130780975389 ], [ 74.81303070980816, 14.018630853998838 ], [ 74.879189672196247, 14.014366636165175 ], [ 74.89389355250097, 14.008631855325914 ], [ 74.893901455423176, 13.99140684603346 ], [ 74.90862443730704, 13.932560502162396 ], [ 74.974761289653614, 13.890948855256847 ], [ 74.982110108028735, 13.863676252358498 ], [ 74.977709144418199, 13.79477477660849 ], [ 74.995335496314723, 13.721567881658668 ], [ 75.032036018278475, 13.672760373908302 ], [ 75.106870137873898, 13.599530938489877 ], [ 75.156749052403441, 13.573666207820366 ], [ 75.164061258300208, 13.537774848497216 ], [ 75.155235154556919, 13.501893705345228 ], [ 75.165474006068337, 13.458822911545877 ], [ 75.193310670472783, 13.421480642239056 ], [ 75.193286583509604, 13.391335552514471 ], [ 75.229858617092347, 13.302304859108673 ], [ 75.272320926166429, 13.263504748562188 ], [ 75.310417683391137, 13.259154750704361 ], [ 75.358853060910548, 13.310768369035488 ], [ 75.405749569019321, 13.306391411216412 ], [ 75.415945942459231, 13.269052761178054 ], [ 75.427624657034841, 13.243194978613284 ], [ 75.442264955935471, 13.235992692131658 ], [ 75.493535140335183, 13.228721474452994 ], [ 75.522802909305483, 13.211437807476054 ], [ 75.550640059064534, 13.211379415746409 ], [ 75.591704497648195, 13.228513037936484 ], [ 75.641524853807454, 13.229828260762813 ], [ 75.653105251809052, 13.176688108831236 ], [ 75.629568260629284, 13.137990121132589 ], [ 75.591380809127301, 13.093581741535578 ], [ 75.626316605004533, 13.010243147448103 ], [ 75.63496512794984, 12.957110254227949 ], [ 75.590939100583029, 12.90697229839127 ], [ 75.524937612810163, 12.833902953221305 ], [ 75.505788270594167, 12.767907258484772 ], [ 75.505668735858322, 12.707615982699894 ], [ 75.444232056464145, 12.693370694845703 ], [ 75.390160083344597, 12.710682074504176 ], [ 75.338980380834485, 12.709316877986485 ], [ 75.309702953389404, 12.682077257854441 ], [ 75.309661373585868, 12.647624067352 ], [ 75.338794976804365, 12.568633152956362 ], [ 75.365005514672021, 12.501127512700387 ], [ 75.414621128445987, 12.463731264138021 ], [ 75.487599938866452, 12.430591828791622 ], [ 75.553227324404105, 12.383092992897172 ], [ 75.626090049242194, 12.318336254144354 ], [ 75.675651328576805, 12.288072273083529 ], [ 75.725275593352265, 12.285074285409264 ], [ 75.747098876184722, 12.259176598929525 ], [ 75.811189121865468, 12.215930062434982 ], [ 75.862186579145387, 12.19137205116364 ], [ 75.939567850232166, 12.20403826129014 ], [ 76.016905562352562, 12.203763659689209 ], [ 76.025572388104109, 12.180764976703914 ], [ 76.041426474221169, 12.130466366448935 ], [ 76.082069607697605, 12.080071806364041 ], [ 76.100795744705337, 12.022582655969556 ], [ 76.131315094052326, 11.998059250906856 ], [ 76.193889085993149, 11.970527620834236 ], [ 76.275600563274111, 11.985956448682053 ], [ 76.377649361110485, 11.985473277647483 ], [ 76.419812948196437, 11.96373423234424 ], [ 76.444296685113315, 11.907635448132854 ], [ 76.477652782127592, 11.877323138022899 ], [ 76.55777909379205, 11.874022466071631 ], [ 76.60645767212452, 11.838920806620985 ], [ 76.625972608812049, 11.824844224239847 ], [ 76.681163379520683, 11.797255895403826 ], [ 76.748220268602395, 11.805461826173092 ], [ 76.794933359397334, 11.820955724387519 ], [ 76.824466039376389, 11.881036781772618 ], [ 76.824820410006936, 11.934128730042696 ], [ 76.836768488855256, 11.977099949872242 ], [ 76.922897114949066, 11.996610977723581 ], [ 76.985304796257068, 11.96030403075936 ], [ 77.084238635997792, 11.939500041341676 ], [ 77.110675985039748, 11.966563031324982 ], [ 77.119698742702397, 12.002363462365953 ], [ 77.083618830095176, 12.048547010134101 ], [ 77.070842040881459, 12.09312015367289 ], [ 77.087279920951744, 12.144648263752716 ], [ 77.108100791447995, 12.196140745812547 ], [ 77.092487241207124, 12.250779870896906 ], [ 77.032910617693858, 12.28135817896578 ], [ 76.95412709278267, 12.281931826814677 ], [ 76.934016050816112, 12.325120447333841 ], [ 76.953230787234801, 12.357984959934411 ], [ 77.010432295151801, 12.394873129627127 ], [ 77.119745186853422, 12.375390361221569 ], [ 77.15629932544924, 12.383710881125282 ], [ 77.173942400323128, 12.399351472457361 ], [ 77.169908997121453, 12.440988793357578 ], [ 77.292629607051083, 12.452887344725918 ], [ 77.451677995005568, 12.447187971663741 ], [ 77.473594918132235, 12.450061502252826 ], [ 77.523284458586943, 12.456569304283017 ], [ 77.568765004834773, 12.480523294986348 ], [ 77.592961848809381, 12.564912158839197 ], [ 77.592121698630393, 12.626592609659152 ], [ 77.584053424893895, 12.69551455627105 ], [ 77.612613898843406, 12.774116278655438 ], [ 77.672713109089756, 12.792158108800626 ], [ 77.719606346855002, 12.804585039282895 ], [ 77.71586960918232, 12.864855369140376 ], [ 77.719894436135277, 12.966633173590283 ], [ 77.740473244123734, 12.97645557554638 ], [ 77.782921392747653, 12.980306669861307 ], [ 77.841663893575316, 13.002614041951892 ], [ 77.894249485009155, 12.997731190031182 ], [ 77.9363443893088, 12.971449450191905 ], [ 77.994884522459699, 12.97651688655624 ], [ 78.122976684846009, 12.932001256556044 ], [ 78.175239329929255, 12.904132691399633 ], [ 78.192881713049488, 12.912518830120625 ], [ 78.224376232205586, 12.975205018957341 ], [ 78.233885046452372, 12.986389452242324 ], [ 78.262972859527849, 13.020593076181836 ], [ 78.326109458240069, 13.041290357770876 ], [ 78.381788441102202, 13.050601334134821 ], [ 78.398258956496818, 13.079050249751191 ], [ 78.404895104583687, 13.136292095753847 ], [ 78.407249684068745, 13.200756059566615 ], [ 78.428245481419566, 13.237738546179594 ], [ 78.48722143688687, 13.269900722744445 ], [ 78.544643403323064, 13.294902022983262 ], [ 78.543020681384519, 13.356709134356484 ], [ 78.542761835403567, 13.366579734714957 ], [ 78.53021922369777, 13.409746481593096 ], [ 78.471921732477384, 13.427753720698254 ], [ 78.424329228028711, 13.478566986237039 ], [ 78.353043331528525, 13.512495190693757 ], [ 78.279039901221054, 13.563643442563903 ], [ 78.268323924787552, 13.636886257258018 ], [ 78.269432328051039, 13.717140308344904 ], [ 78.239615459489841, 13.787770020806249 ], [ 78.204794902592127, 13.815462021853074 ], [ 78.153097688965715, 13.78889550404417 ], [ 78.121559391117884, 13.733389891227187 ], [ 78.06404212224399, 13.70830603989312 ], [ 78.049621902052493, 13.727121742306592 ], [ 78.056175432791321, 13.780084815961549 ], [ 78.061474067559672, 13.848832394462825 ], [ 78.07548973302849, 13.91030114479833 ], [ 78.071447695064734, 13.937590389047488 ], [ 78.013043299699646, 13.961259232098717 ], [ 77.974095445022002, 14.014786156061222 ], [ 77.933278518933676, 14.038224090153998 ], [ 77.896695557547261, 14.048701749269595 ], [ 77.878018122732271, 14.081902507374611 ], [ 77.840221933471454, 14.113895387176079 ], [ 77.791257283658112, 14.074319407091139 ], [ 77.792221581507931, 14.032725135364522 ], [ 77.806540186617681, 14.00244773973645 ], [ 77.780959010204683, 13.951121582351691 ], [ 77.749723412367487, 13.917061885444976 ], [ 77.709891480859469, 13.900300075782162 ], [ 77.649500084015116, 13.882320569597391 ], [ 77.610921977751985, 13.845449175289334 ], [ 77.565254834843586, 13.830156137199657 ], [ 77.499354209554468, 13.843744953975973 ], [ 77.471135622498792, 13.812477815504479 ], [ 77.423849506219, 13.781394835646273 ], [ 77.391728396473667, 13.797486931648104 ], [ 77.370180461665711, 13.843594830476592 ], [ 77.36318980170023, 13.878086741737368 ], [ 77.40045143137273, 13.932227314519833 ], [ 77.374329772967656, 13.962604362012945 ], [ 77.302270175307456, 13.953257003595722 ], [ 77.247669042713326, 13.926513404774656 ], [ 77.19903359421761, 13.908308961595781 ], [ 77.162457302956327, 13.922981201989275 ], [ 77.150762387137874, 13.928822826060328 ], [ 77.128734070182361, 13.92901634443108 ], [ 77.10346993856902, 13.896240749093918 ], [ 77.081290326356267, 13.879215793605232 ], [ 77.046000467525232, 13.873775323442729 ], [ 76.981833531704652, 13.925951942451622 ], [ 76.939624859972881, 13.97220184710222 ], [ 76.929880792176888, 14.036840769539646 ], [ 76.90232890281797, 14.081535062171803 ], [ 76.930615877269844, 14.124350821708898 ], [ 76.930954980632947, 14.164519145046635 ], [ 76.921013670270995, 14.206204782296115 ], [ 76.983012153326584, 14.232956917760523 ], [ 77.02398534868702, 14.209659555734971 ], [ 77.116208430591072, 14.164390863663233 ], [ 77.186839156136102, 14.170929664181907 ], [ 77.239226312538008, 14.115937701617076 ], [ 77.307793304164392, 14.065086611560362 ], [ 77.366444044235308, 14.053044139369554 ], [ 77.385780353516097, 14.07580286550278 ], [ 77.389047161679756, 14.107325174707286 ], [ 77.359032112457115, 14.189377669157814 ], [ 77.387518591917441, 14.24216408999221 ], [ 77.419880178087013, 14.243272363580285 ], [ 77.465925965966946, 14.285827313202466 ], [ 77.467944793222316, 14.336003603437163 ], [ 77.459746822401755, 14.393457115760064 ], [ 77.442639137840104, 14.443832251076188 ], [ 77.419280162563197, 14.461284163417016 ], [ 77.386887014209719, 14.460180706946629 ], [ 77.379131854176777, 14.422968051557767 ], [ 77.352223721602186, 14.383077376515958 ], [ 77.335935439529067, 14.3731985730891 ], [ 77.309497548244437, 14.377761112127981 ], [ 77.263154319618664, 14.451362516600616 ], [ 77.238392140233898, 14.477418388524738 ], [ 77.182258912468811, 14.45786389834422 ], [ 77.142598919555311, 14.466835121917157 ], [ 77.10851202543283, 14.442756443361075 ], [ 77.075797684454486, 14.407183463618605 ], [ 77.021253587862788, 14.397614518516658 ], [ 76.957995010358317, 14.401016406587818 ], [ 76.899172062243409, 14.407235282244569 ], [ 76.896811875464309, 14.476118586623963 ], [ 76.866217348436493, 14.515100017674303 ], [ 76.869451985507027, 14.549506669447405 ], [ 76.940522197485336, 14.591967080291186 ], [ 76.958592534607689, 14.636289052216684 ], [ 76.943907794641035, 14.650834846471797 ], [ 76.93522072632318, 14.659438484029831 ], [ 76.908697664471106, 14.659657773676118 ], [ 76.886914609585489, 14.697136642349928 ], [ 76.860751221852084, 14.74038811340694 ], [ 76.828488502137006, 14.760731044105871 ], [ 76.819929680295388, 14.795231226443413 ], [ 76.8175675260226, 14.865549545395238 ], [ 76.856272686947733, 14.906844769736594 ], [ 76.912774697162007, 14.956591003433767 ], [ 76.913003840635781, 14.982411953146176 ], [ 76.88396736777311, 15.037169404316451 ], [ 76.912576798314277, 15.100052423882106 ], [ 76.883451779249569, 15.146204157455635 ], [ 76.848106634525024, 15.157973410565424 ], [ 76.756425951996604, 15.145793849642747 ], [ 76.66867802311674, 15.068982919549571 ], [ 76.697821331536289, 15.019985292863169 ], [ 76.715283032786203, 14.988290046607228 ], [ 76.695915556049059, 14.965478990193455 ], [ 76.668952646092293, 14.91402595046922 ], [ 76.702560272076539, 14.872170443840563 ], [ 76.69908335642684, 14.804762206538836 ], [ 76.681089104636243, 14.766155036529605 ], [ 76.657487436618837, 14.764890823346223 ], [ 76.617730628961425, 14.772346828596943 ], [ 76.589412717921348, 14.730933010972697 ], [ 76.611189377197277, 14.684867676123645 ], [ 76.582885653285388, 14.6434514992542 ], [ 76.540199021831924, 14.650912355615807 ], [ 76.480296140779856, 14.728786752489839 ], [ 76.455585811333179, 14.782035577963539 ], [ 76.405529155976126, 14.795260431500488 ], [ 76.345256161967441, 14.827189441256433 ], [ 76.286439811800093, 14.859095792273283 ], [ 76.233214169911449, 14.839297391542972 ], [ 76.184204574273792, 14.779282759869936 ], [ 76.107548919947106, 14.786838789086898 ], [ 76.061861043859366, 14.794229147080255 ], [ 76.035188732824182, 14.768518264786062 ], [ 76.049538601153671, 14.685216489553573 ], [ 76.02426922338951, 14.640840058792083 ], [ 75.937309523247635, 14.64264160401072 ], [ 75.902108978163412, 14.685836192340362 ], [ 75.872879069439506, 14.750531352046366 ], [ 75.819921238997324, 14.786605156091456 ], [ 75.738734979656101, 14.769656739960348 ], [ 75.71812800889154, 14.7826387775716 ], [ 75.703627739677032, 14.860185624212482 ], [ 75.687733677526566, 14.966439933249665 ], [ 75.742544814580853, 15.020805524510893 ], [ 75.739809375243468, 15.083962670843162 ], [ 75.759164628718807, 15.126953899731475 ], [ 75.847749962038478, 15.112287516222443 ], [ 75.92616827113774, 15.140682408645365 ], [ 75.978148221504355, 15.199302115866523 ], [ 75.984366317478973, 15.265288895833809 ], [ 75.985884778525275, 15.273892699079058 ], [ 76.071517124616847, 15.251973793362342 ], [ 76.138148132708409, 15.273170903663818 ], [ 76.219666139042189, 15.310051399396926 ], [ 76.308300831104276, 15.298070750781823 ], [ 76.358785612331545, 15.332207589223042 ], [ 76.454156581655582, 15.439220414394464 ], [ 76.63939021279711, 15.480970859773276 ], [ 76.725216910947083, 15.483187737466121 ], [ 76.784747040525801, 15.524319902263059 ], [ 76.80429383052433, 15.560026360591918 ], [ 76.802362245845728, 15.677679980296089 ], [ 76.859082221321955, 15.727414909860821 ], [ 76.966082295607976, 15.765207713381107 ], [ 76.960751160451082, 15.826938213602098 ], [ 76.977776189560743, 15.901375277238104 ], [ 77.016855923521916, 15.95552179781045 ], [ 77.129477145464918, 15.950134619037206 ], [ 77.227722385326658, 15.986431365257397 ], [ 77.320183175336382, 16.032780637600489 ], [ 77.384043606049445, 16.040684649869618 ], [ 77.446003791598173, 16.014173494835273 ], [ 77.504802445119992, 15.973343310878812 ], [ 77.686012104317015, 16.001267005924106 ], [ 77.794277686996196, 15.986873537346199 ], [ 77.876862711674619, 15.975856907502337 ], [ 78.047881169916309, 15.917596511940134 ], [ 78.107853639024825, 15.868005924352964 ], [ 78.203296327051831, 15.816449047433006 ], [ 78.292445770092215, 15.836611572233439 ], [ 78.339793149895826, 15.924738910114943 ], [ 78.375265322443624, 16.008736124394506 ], [ 78.453373084245257, 16.070542496746889 ], [ 78.605884425846725, 16.063726499423183 ], [ 78.757850780700792, 16.02959452557733 ], [ 78.839453890175633, 16.036742130253412 ], [ 78.92989541312086, 16.116741548211447 ], [ 79.024970513093962, 16.129289035747892 ], [ 79.084239151604663, 16.12959292864376 ], [ 79.110421276964757, 16.177777521426759 ], [ 79.190918412287488, 16.200546653909331 ], [ 79.259980703574897, 16.173399198315732 ], [ 79.300057628203987, 16.176886942882955 ], [ 79.303889837779664, 16.216896991433423 ], [ 79.31853451700384, 16.276729481271925 ], [ 79.304117034976457, 16.36292542567082 ], [ 79.333992244272807, 16.439620413682139 ], [ 79.423455804825892, 16.525070559579788 ], [ 79.525781362987075, 16.585851638475781 ], [ 79.63279146279136, 16.592079236253976 ], [ 79.707023771840568, 16.59327155348991 ], [ 79.750950940677072, 16.629475145512309 ], [ 79.831801967841741, 16.657651929311569 ], [ 79.877568365054742, 16.647993573654499 ], [ 79.918147972659156, 16.609836632983999 ], [ 79.995399587517483, 16.613711994635644 ], [ 80.043616698672238, 16.58536674207199 ], [ 80.136695153569917, 16.571642736785357 ], [ 80.177629490299623, 16.604950268791537 ], [ 80.205893733184624, 16.662876748050898 ], [ 80.196164199459389, 16.741778047717066 ], [ 80.154074990011097, 16.777160875416868 ], [ 80.095568968474225, 16.810086774736742 ], [ 80.082900561457635, 16.836146967036861 ], [ 80.079519078431289, 16.876280173908899 ], [ 80.125680101916785, 16.935198352058489 ], [ 80.151703415740386, 16.963146108375437 ], [ 80.205123636610494, 16.960356632215348 ], [ 80.235337324162899, 16.978172128612453 ], [ 80.307740962604129, 17.016332056896747 ], [ 80.370739736173689, 16.984649029896715 ], [ 80.408766151610394, 16.963624702888627 ], [ 80.458407205450413, 16.882241045276682 ], [ 80.521151614263843, 16.793356732778186 ], [ 80.580523392176772, 16.743152678443959 ], [ 80.598645628361353, 16.754094933502039 ], [ 80.629050107320396, 16.778991533527403 ], [ 80.649126521506645, 16.805595361494959 ], [ 80.640742116468957, 16.873000201605208 ], [ 80.568261484945808, 16.932163465473828 ], [ 80.492847377531149, 16.994251149638231 ], [ 80.472938156800183, 17.024809681657604 ], [ 80.486531008650601, 17.083053739201723 ], [ 80.545255743935556, 17.108610646373034 ], [ 80.589811328220861, 17.107381934360589 ], [ 80.621213061104982, 17.113656437198074 ], [ 80.638412452409156, 17.141761426281608 ], [ 80.685326155470534, 17.169026229755033 ], [ 80.713240429788797, 17.158232058892487 ], [ 80.768457258039959, 17.020905550530536 ], [ 80.808418666703659, 16.968324807759945 ], [ 80.894221463399546, 17.005858833972745 ], [ 80.921240969172629, 17.03864517259883 ], [ 80.948270705784864, 17.071424886310563 ], [ 81.006997875048199, 17.142540003903605 ], [ 81.071144416046408, 17.150615054564597 ], [ 81.124572242233327, 17.148996832267752 ], [ 81.178610285498834, 17.1659107914193 ], [ 81.205026480783161, 17.2450669410491 ], [ 81.239179157404308, 17.28827257538093 ], [ 81.302219771225197, 17.306284159939722 ], [ 81.325225735857856, 17.326973060841681 ], [ 81.350510766707899, 17.37042829646369 ], [ 81.445018194938257, 17.394512495180212 ], [ 81.447909792346124, 17.434388033258767 ], [ 81.386648015141844, 17.489905663951149 ], [ 81.316427964575539, 17.502868533626163 ], [ 81.281610536195572, 17.5718011409901 ], [ 81.200795873421853, 17.602921639920829 ], [ 81.1823239604728, 17.607073085583455 ], [ 81.062349176620728, 17.582239764754757 ], [ 81.009213513928017, 17.551727315790341 ], [ 80.977152655135399, 17.595557042526025 ], [ 80.9582454683528, 17.699701601341161 ], [ 80.955422782025238, 17.839073995984826 ], [ 80.91947200712552, 17.879459148307948 ], [ 80.904161955828911, 17.979933543475092 ], [ 80.828565408661362, 18.064387050478018 ], [ 80.77726832925805, 18.09451250343281 ], [ 80.764685755945251, 18.166339250445269 ], [ 80.788976748098264, 18.222764036225158 ], [ 80.845588620537256, 18.238900607658085 ], [ 80.882209496949045, 18.216344688061238 ], [ 80.927982088917702, 18.24350319252202 ], [ 81.018082307290953, 18.254967862034185 ], [ 81.04733100591038, 18.236187811561511 ], [ 81.07682107924694, 18.224538814078759 ], [ 81.042648458931822, 18.100638059953827 ], [ 81.060315276316487, 18.071514351553336 ], [ 81.108176546123076, 18.052147464766364 ], [ 81.181369311459491, 18.010538981517794 ], [ 81.193906114374713, 17.942303615439293 ], [ 81.161378553014146, 17.864794276260884 ], [ 81.162763098265444, 17.796914036351872 ], [ 81.199496928243533, 17.781468643788664 ], [ 81.271592056536363, 17.81843092120582 ], [ 81.366557031577415, 17.868886555664069 ], [ 81.422269823258162, 17.863483099593875 ], [ 81.472570365721623, 17.811853067997443 ], [ 81.543917216047774, 17.827309006017934 ], [ 81.590937656233791, 17.889943869313569 ], [ 81.623194269595089, 17.951916998846396 ], [ 81.631083651935086, 17.967064200314109 ], [ 81.618995753168491, 18.04240162723217 ], [ 81.66774730805848, 18.147743702236603 ], [ 81.83433301544656, 18.209635510326478 ], [ 81.852043263409115, 18.280328847830621 ], [ 81.919254685915746, 18.374179081392985 ], [ 82.059700013887806, 18.429604931205485 ], [ 82.110389985621495, 18.481176677737402 ], [ 82.08231236639692, 18.52501459676342 ], [ 81.95745462170764, 18.579596740295472 ], [ 81.959490371603906, 18.629442698805548 ], [ 82.065527737558526, 18.661122308492576 ], [ 82.175319506516502, 18.692584542297514 ], [ 82.221798348130747, 18.729997925394951 ], [ 82.21333097407711, 18.794483162421148 ], [ 82.223707367683019, 18.861800345644962 ], [ 82.295489739644609, 18.876804942735522 ], [ 82.316041045150513, 18.918757474890441 ], [ 82.278021821805751, 18.991538357231455 ], [ 82.279889791875931, 19.034231616593885 ], [ 82.293614804237052, 19.090708901617113 ], [ 82.228115899345596, 19.136075389460359 ], [ 82.223745370003414, 19.20753436506018 ], [ 82.271411330781632, 19.351765538477835 ], [ 82.240521203992529, 19.417159410470802 ], [ 82.212099327710817, 19.453940718107916 ], [ 82.118467360699285, 19.461224961238209 ], [ 82.098449186731017, 19.519056413965163 ], [ 82.162607503466958, 19.609197976728534 ], [ 82.200870665366537, 19.707472535878882 ], [ 82.140654773543289, 19.79188631417912 ], [ 82.00027375816687, 19.854520983370943 ], [ 81.937713053759467, 19.889074388610755 ], [ 81.902783219690676, 19.98163772772326 ], [ 81.93818049310984, 19.997367465466898 ], [ 81.967122503149128, 20.037592571537626 ], [ 82.0307813877033, 20.043619493921035 ], [ 82.120005021837784, 20.014363503269831 ], [ 82.180448181877537, 19.983392325283926 ], [ 82.244262525964004, 19.993614941224006 ], [ 82.315620124666125, 20.036287128760623 ], [ 82.36941573066018, 20.025489801850995 ], [ 82.389123725644566, 19.963371485801016 ], [ 82.413242236231568, 19.866862876235189 ], [ 82.452968857177453, 19.846668465400441 ], [ 82.479596343953062, 19.868349900984853 ], [ 82.553029981931417, 19.923658520365041 ], [ 82.61844200809081, 19.96786990071918 ], [ 82.671022610181197, 19.995509503339139 ], [ 82.732090814043048, 19.984868455671595 ], [ 82.740137481790143, 19.944154243737806 ], [ 82.748764059601712, 19.915286227222357 ], [ 82.765433299821751, 19.845707261375249 ], [ 82.742057773241029, 19.77787993778939 ], [ 82.656162663011898, 19.712739888921817 ], [ 82.623314632968643, 19.654782034407081 ], [ 82.62927138365832, 19.56904305224322 ], [ 82.646129146457397, 19.501839593660581 ], [ 82.695790306582509, 19.440365520527553 ], [ 82.710913230578356, 19.389861797139449 ], [ 82.731697824856994, 19.353362711248714 ], [ 82.791149410431828, 19.341318582682259 ], [ 82.803287762273186, 19.333674723588018 ], [ 82.82291284828375, 19.273486817702928 ], [ 82.845929642226864, 19.232143748764102 ], [ 82.938642582266667, 19.237614945250254 ], [ 82.977266297452772, 19.209822664471584 ], [ 82.995761252170183, 19.076132337743495 ], [ 83.031623996198405, 19.043718808017047 ], [ 83.095956295465896, 18.981581929562839 ], [ 83.181644821916734, 18.949326715195035 ], [ 83.249829986268651, 19.017433183914029 ], [ 83.328026877570224, 19.085040202008138 ], [ 83.3475971833806, 19.126829871624107 ], [ 83.331034977242638, 19.193981955904484 ], [ 83.366056659958431, 19.244541392768753 ], [ 83.380810154723221, 19.288911938747276 ], [ 83.342760953165296, 19.326235462805869 ], [ 83.255194260361748, 19.372939714876416 ], [ 83.255464992029985, 19.42747664604202 ], [ 83.276428874131469, 19.495292717268587 ], [ 83.314338953738073, 19.50302912532889 ], [ 83.384802889128196, 19.511610547413984 ], [ 83.420959233627187, 19.533628544315334 ], [ 83.419432852138101, 19.600087737168977 ], [ 83.449000661701476, 19.638998456447602 ], [ 83.468723818281404, 19.680738359264609 ], [ 83.459622738916408, 19.74518310948525 ], [ 83.443479276657456, 19.782542134195104 ], [ 83.451185470639217, 19.814419763467033 ], [ 83.515283072787568, 19.851178869914992 ], [ 83.547158667024988, 19.884725371186999 ], [ 83.552283182995794, 19.905337475308677 ], [ 83.589500115474905, 19.981276626588826 ], [ 83.651328967086883, 20.011428576086061 ], [ 83.715761462854843, 19.997818644348662 ], [ 83.769754246209487, 19.977126476636798 ], [ 83.81316978342997, 20.000545157172283 ], [ 83.86882195001381, 20.045125550135644 ], [ 83.899126690102321, 20.084334920385476 ], [ 83.949350061124278, 20.155676401897562 ], [ 84.036026273439489, 20.162580168594534 ], [ 84.067965127338994, 20.177026430633536 ], [ 84.115519528391857, 20.201067167228306 ], [ 84.137078273470891, 20.19236139866279 ], [ 84.186849681333342, 20.168911831023685 ], [ 84.218064722803163, 20.171052854773908 ], [ 84.243785574717393, 20.182000796640811 ], [ 84.339103648271418, 20.199640752299267 ], [ 84.397127931641705, 20.197466557624939 ], [ 84.419316088453925, 20.216144531740426 ], [ 84.439682952796957, 20.237756071044419 ], [ 84.452540879173426, 20.300469095517446 ], [ 84.472032759461968, 20.31159060890381 ], [ 84.528706531835141, 20.315581694068332 ], [ 84.546482312403043, 20.268473765016537 ], [ 84.547611846934643, 20.225830975256436 ], [ 84.544348665633279, 20.172784368808941 ], [ 84.571807670694028, 20.130475169064397 ], [ 84.602997481832446, 20.087962249033211 ], [ 84.63186685652191, 20.03848235870003 ], [ 84.666314735283294, 20.018849196200051 ], [ 84.697658897596156, 20.040174386039663 ], [ 84.707114844091791, 20.071573461800746 ], [ 84.726606773150579, 20.173350034864775 ], [ 84.775508966443638, 20.204305156045553 ], [ 84.808751692063339, 20.195341822539262 ], [ 84.813695576663136, 20.184424504083331 ], [ 84.866499453647535, 20.158393024087079 ], [ 84.94488373504953, 20.180526538764788 ], [ 84.981836677181221, 20.11283323130905 ], [ 84.970746228418406, 20.056749678438631 ], [ 84.94450231944073, 19.997978054922811 ], [ 84.949814429849226, 19.933868500844746 ], [ 85.001500881597067, 19.891948333959576 ], [ 85.082898851076408, 19.84655600667876 ], [ 85.172208235789384, 19.701125154292388 ], [ 85.174572241345516, 19.694056602016271 ], [ 85.174825561625653, 19.693299145956125 ], [ 85.175730590248705, 19.693005934487246 ], [ 85.134881888933435, 19.641547665100081 ], [ 85.131131631706296, 19.635322338700252 ], [ 85.092716576623729, 19.571031741981376 ], [ 85.078209586790734, 19.540281588200003 ], [ 85.086030788122926, 19.514976676832582 ], [ 85.104725033982376, 19.5053402532366 ], [ 85.140410980310065, 19.506079076503202 ], [ 85.17856949576759, 19.510391208592541 ], [ 85.200172547981055, 19.53469924422113 ], [ 85.236582801065381, 19.586503998291441 ], [ 85.243551463365719, 19.605250138938118 ], [ 85.252059020817029, 19.638510975399381 ], [ 85.26157430514688, 19.649287697702835 ], [ 85.272403665546818, 19.640456406701905 ], [ 85.27850689376038, 19.633292589044277 ], [ 85.279602926873864, 19.621098114841288 ], [ 85.282880995917409, 19.613150111593836 ], [ 85.292026564525685, 19.614321248302357 ], [ 85.30152190165694, 19.599225119544005 ], [ 85.305146619157696, 19.587800657434215 ], [ 85.305124166692877, 19.577767549681898 ], [ 85.303823430992495, 19.567218001657093 ], [ 85.300737593843266, 19.557951902379216 ], [ 85.253418254390098, 19.528797474996594 ], [ 85.156515641970472, 19.463472471966405 ], [ 85.074243020597052, 19.422048055502401 ], [ 85.009879194843663, 19.377801573306549 ], [ 84.918141974558679, 19.302531852248539 ], [ 84.88481088602579, 19.271929022748566 ], [ 84.844011373633194, 19.240621083053721 ], [ 84.747096793615384, 19.157786870058928 ], [ 84.683643886044052, 19.110872026822356 ], [ 84.677542448774886, 19.106920953888704 ], [ 84.676472978571852, 19.105566191112541 ], [ 84.665954861073786, 19.097782277891181 ], [ 84.660261856429742, 19.08801650459873 ], [ 84.656639780790087, 19.069335948217006 ], [ 84.657014177968918, 19.048883769036756 ], [ 84.659804148015425, 19.027009940315128 ], [ 84.658201108974822, 19.016336207537311 ], [ 84.651023823617791, 18.998855120512761 ], [ 84.627242497899246, 18.976671204320844 ], [ 84.603553569559452, 18.950178133644393 ], [ 84.582161849303148, 18.920677316146111 ], [ 84.525251901062219, 18.864672253788779 ], [ 84.510033894021916, 18.845533904291031 ], [ 84.487582790999511, 18.81178811823683 ], [ 84.476457475899579, 18.787401613039446 ], [ 84.470117679933011, 18.76777272669111 ], [ 84.455270844619164, 18.762185177328313 ], [ 84.437883466004848, 18.757469294689582 ], [ 84.421730138736933, 18.734813255498715 ], [ 84.412034981509279, 18.726794269305763 ], [ 84.403929332144926, 18.720827670393877 ], [ 84.394074996413195, 18.711387851104416 ], [ 84.382670367763453, 18.694178066075384 ], [ 84.348107234487216, 18.668994684146998 ], [ 84.295239781497273, 18.618405073062195 ], [ 84.261356871609991, 18.566745057197856 ], [ 84.256117344162746, 18.547784407260437 ], [ 84.249348065037054, 18.526074323053589 ], [ 84.230539499476279, 18.507836489628971 ], [ 84.211375282263717, 18.485346083955537 ], [ 84.189527444504947, 18.471527744083104 ], [ 84.161151338656609, 18.46090708970355 ], [ 84.128356005107122, 18.445556131088932 ], [ 84.105622823631975, 18.428236903132312 ], [ 84.078339541674126, 18.384738048637406 ], [ 84.011205970470442, 18.314109943700863 ], [ 83.962499491474077, 18.257459451272823 ], [ 83.918575061739233, 18.223378419751359 ], [ 83.910408574598421, 18.21847515273393 ], [ 83.866182744441886, 18.191907933788173 ], [ 83.837547492887694, 18.174415031702996 ], [ 83.803984523725148, 18.153866003255278 ], [ 83.751385757776859, 18.127538277385998 ], [ 83.689215615015797, 18.099747538417258 ], [ 83.623587313987201, 18.065665135114624 ], [ 83.590252015703712, 18.050448355262688 ], [ 83.549544823742679, 18.034965140655121 ], [ 83.501629342815079, 18.009082112284041 ], [ 83.485202694925832, 17.992050574439318 ], [ 83.44235241825038, 17.938379365440134 ], [ 83.401460516330062, 17.877354927363534 ], [ 83.32654430925237, 17.775077507265415 ], [ 83.289315454983281, 17.715968180577573 ], [ 83.256748543808015, 17.669562770163541 ], [ 83.188007787733866, 17.585603798053672 ], [ 83.118709223950873, 17.508134910396205 ], [ 83.066235498632295, 17.478744191071375 ], [ 83.016344583119732, 17.44268262292108 ], [ 82.96515260880274, 17.421124418366862 ], [ 82.886722529785573, 17.396065909570062 ], [ 82.812194058293727, 17.366387300996351 ], [ 82.802095309680951, 17.357870087645299 ], [ 82.789738576024376, 17.34744695922133 ], [ 82.760074271418162, 17.331792452345489 ], [ 82.729385262896685, 17.321946110321079 ], [ 82.680257116624304, 17.307987439837749 ], [ 82.647948450080762, 17.290923755994331 ], [ 82.617776114939332, 17.260100779417822 ], [ 82.552812877349695, 17.226449154704632 ], [ 82.491041227117449, 17.180361954718791 ], [ 82.478512337771477, 17.171007927563434 ], [ 82.42994603479427, 17.134497181431463 ], [ 82.381071714711638, 17.078745809895651 ], [ 82.313159267215212, 17.013919848088808 ], [ 82.28444862061032, 16.9780939416801 ], [ 82.269650830174456, 16.946679684870386 ], [ 82.261154117173106, 16.935678122063106 ], [ 82.261968716009434, 16.927540410577606 ], [ 82.262226725091239, 16.924963099674912 ], [ 82.272867437023876, 16.913796630268319 ], [ 82.285543606519184, 16.897425268308787 ], [ 82.286153208007406, 16.897156580232707 ], [ 82.287180241431386, 16.895144690515856 ], [ 82.297254363827349, 16.887657327625117 ], [ 82.32082504143014, 16.884673813798099 ], [ 82.334896100473131, 16.884880377812845 ], [ 82.359435010717704, 16.906798116014595 ], [ 82.36962813548638, 16.921393190359268 ], [ 82.372597856129644, 16.940524809565478 ], [ 82.368203401246902, 16.960636266366457 ], [ 82.365580642272207, 16.96928239267929 ], [ 82.367450215813463, 16.979190538739044 ], [ 82.37651901616421, 16.983848725553269 ], [ 82.387887565162188, 16.96242768759981 ], [ 82.390944688386099, 16.939242429157559 ], [ 82.392702370367999, 16.910339473825463 ], [ 82.389414639679273, 16.878081820674915 ], [ 82.372146186590427, 16.819184398393979 ], [ 82.362534615761348, 16.782934682614535 ], [ 82.35725431519532, 16.776734026036291 ], [ 82.338857506163279, 16.75250291005063 ], [ 82.338011421870675, 16.743894310666207 ], [ 82.338946361026302, 16.733023407056489 ], [ 82.342605278442875, 16.722724032722645 ], [ 82.347167764864324, 16.708048109292964 ], [ 82.347335730258735, 16.689285995413847 ], [ 82.341408961740825, 16.669414617373285 ], [ 82.334543272169086, 16.660413390019645 ], [ 82.331238377003828, 16.646889247422536 ], [ 82.330213248914802, 16.622420840870817 ], [ 82.337205368588542, 16.598239213441232 ], [ 82.335620422466718, 16.58456200319841 ], [ 82.332973202469304, 16.584940989195093 ], [ 82.31476513354265, 16.576453937114444 ], [ 82.307089634904372, 16.582565947087005 ], [ 82.29927233057866, 16.58443498623787 ], [ 82.286856344612104, 16.580063533417807 ], [ 82.277277285918927, 16.570487109393131 ], [ 82.270218328263709, 16.559329391849801 ], [ 82.269868454047653, 16.548525695292721 ], [ 82.275356464033138, 16.535960961475283 ], [ 82.275345041909006, 16.528747100991072 ], [ 82.261432469243005, 16.525579071008529 ], [ 82.202865900344761, 16.524646776057644 ], [ 82.202131570163075, 16.524484895106799 ], [ 82.179274441260787, 16.524651620668823 ], [ 82.159116908116673, 16.517828484651545 ], [ 82.117322108281456, 16.481159795614104 ], [ 82.096769807471702, 16.46840097674572 ], [ 82.056928943067803, 16.454082290459901 ], [ 81.985592285998692, 16.422257524289353 ], [ 81.929316617501811, 16.386957717833941 ], [ 81.92105287354363, 16.383449267492551 ], [ 81.910288708200724, 16.381114256947193 ], [ 80.315916445473519, 13.209471867713495 ], [ 80.306036995211429, 13.168897322014336 ], [ 80.284538383989087, 13.058128749149256 ], [ 80.279352031411733, 13.031384816977051 ], [ 80.261916373714499, 12.941387806803636 ], [ 80.244578162028475, 12.885869861914227 ], [ 80.234483272535314, 12.853518581603767 ], [ 80.238372257723938, 12.805762833946293 ], [ 80.231678551404386, 12.70199399978271 ], [ 80.207673525395947, 12.608433873676153 ], [ 80.190968377119432, 12.57045047669793 ], [ 80.187240095323602, 12.564539795847567 ], [ 80.175994863741792, 12.548309881781215 ], [ 80.168418002312109, 12.533438511708518 ], [ 80.165906948943302, 12.517038839158108 ], [ 80.164823254692465, 12.499181312529542 ], [ 80.162643629883206, 12.488708455984577 ], [ 80.159675199236034, 12.477977036597906 ], [ 80.148149917660007, 12.458375901545297 ], [ 80.142776349923267, 12.451688586475429 ], [ 80.115425700248053, 12.430038037330343 ], [ 80.107564476796725, 12.400148615103676 ], [ 80.102194363453563, 12.385945865326557 ], [ 80.089580160287213, 12.373309212096792 ], [ 80.051799877166459, 12.338252817599088 ], [ 80.037216576304289, 12.298468308941386 ], [ 79.994742011378889, 12.244885617840986 ], [ 79.91816064387919, 12.154701562870919 ], [ 79.91441499342983, 12.149708818813618 ], [ 79.895408054174396, 12.124368751556283 ], [ 79.877917775569259, 12.101043517924886 ], [ 79.87045537168072, 12.090443273404315 ], [ 79.855679169455968, 12.037043649434246 ], [ 79.842053813674127, 12.004562861759679 ], [ 79.832143735573666, 11.98093064090167 ], [ 79.827621186310395, 11.957844124471382 ], [ 79.817761290098829, 11.907483412538935 ], [ 79.805678067594627, 11.846261953403467 ], [ 79.798279735398552, 11.80874908846906 ], [ 79.796235093059593, 11.798378072516879 ], [ 79.786014717157428, 11.753472750870072 ], [ 79.77470590508797, 11.729334445541989 ], [ 79.764088762079822, 11.703036781898774 ], [ 79.750034993924345, 11.645310373028957 ], [ 79.749658029647875, 11.623134269728817 ], [ 79.749631287169478, 11.62085828185047 ], [ 79.745363295520889, 11.609652203899101 ], [ 79.748679926682939, 11.53944817036623 ], [ 79.748041686005195, 11.484341916640407 ], [ 79.747694175910624, 11.463596242779635 ], [ 79.747430994861702, 11.447858118744405 ], [ 79.736302683707336, 11.43301178490834 ], [ 79.731630660762733, 11.41376679295395 ], [ 79.719779895908317, 11.398930650231231 ], [ 79.71377827724271, 11.386862061459453 ], [ 79.709940695410509, 11.374042860161547 ], [ 79.714792068555013, 11.360368700425838 ], [ 79.741963768810379, 11.358031681511838 ], [ 79.757791207954881, 11.366599860950306 ], [ 79.777316732024403, 11.380441603518827 ], [ 79.790725968681869, 11.374821067178946 ], [ 79.79715342147199, 11.333696766741799 ], [ 79.798232033989663, 11.236557366600577 ], [ 79.799481334807581, 11.10378225670428 ], [ 79.799766401899873, 10.973155364610211 ], [ 79.801206534883832, 10.71082462912717 ], [ 79.799211122960926, 10.493252111636918 ], [ 79.792620442401358, 10.305658449863943 ], [ 79.781614501965947, 10.287821103382797 ], [ 79.757500082244221, 10.2741345605739 ], [ 79.742991377874745, 10.271890628580493 ], [ 79.693184705345899, 10.280796551444432 ], [ 79.655364835895767, 10.292674207581335 ], [ 79.643451822703028, 10.293574466140594 ], [ 79.63723766686671, 10.291399807019571 ], [ 79.637924836520625, 10.28664219593098 ], [ 79.639244268315593, 10.278035037610939 ], [ 79.647893795528219, 10.275041007348923 ], [ 79.648571074216122, 10.274252808458535 ], [ 79.664919694191056, 10.260690306187575 ], [ 79.669304363821936, 10.248087142349412 ], [ 79.664607491431298, 10.242250139697704 ], [ 79.646389893193074, 10.239037085032646 ], [ 79.538285564624388, 10.232511128144642 ], [ 79.514867893083107, 10.234480726179596 ], [ 79.511535864089097, 10.241903486573653 ], [ 79.512441023046293, 10.254775403883849 ], [ 79.521213519434824, 10.261811177213485 ], [ 79.527136845044595, 10.271749558231825 ], [ 79.528694333337199, 10.279601463785839 ], [ 79.52662863969141, 10.286788291127563 ], [ 79.526227837028827, 10.287007251528735 ], [ 79.537401946549551, 10.293381161809252 ], [ 79.517295677271449, 10.297474179312205 ], [ 79.407682979740287, 10.291155514344357 ], [ 79.283775496598551, 10.289381578537903 ], [ 79.270667360273976, 10.282394772635074 ], [ 79.2546777914675, 10.27616112723604 ], [ 79.242901524870334, 10.260562646235471 ], [ 79.231069499791872, 10.240667651289376 ], [ 79.217784283538734, 10.220074407542375 ], [ 79.207429723915453, 10.202306455588877 ], [ 79.197615296949522, 10.115070058255894 ], [ 79.19430692911196, 10.082888081680442 ], [ 79.193668508805715, 10.033485642840583 ], [ 79.188003546292293, 9.996939471260212 ], [ 79.186729016440211, 9.993349621902158 ], [ 79.175890040991007, 9.974119510500318 ], [ 79.174670779229984, 9.97247789827326 ], [ 79.16408966398366, 9.963918776509351 ], [ 79.146362604335437, 9.949577074530726 ], [ 79.133874130628385, 9.931987802173268 ], [ 79.101510902251107, 9.886391303203633 ], [ 79.083103652038616, 9.857967789951347 ], [ 79.078810478263165, 9.853294320551365 ], [ 79.071391756612726, 9.845217868515132 ], [ 79.06176819701956, 9.825996161349124 ], [ 78.995616501886943, 9.729372241159782 ], [ 78.947177168309892, 9.662244754534024 ], [ 78.917773733990799, 9.616616531516355 ], [ 78.890163408921339, 9.569171655685489 ], [ 78.885115045931613, 9.54833431880548 ], [ 78.880101539541613, 9.530481137598549 ], [ 78.87750750306158, 9.513794727962576 ], [ 78.873664512522623, 9.492943196668074 ], [ 78.868907233927033, 9.44404335102123 ], [ 78.868807215894961, 9.435089707875841 ], [ 78.873296638701191, 9.406385203040839 ], [ 78.89267911126484, 9.365577868304671 ], [ 78.925292325516352, 9.325819232899354 ], [ 78.988398769209411, 9.273186010052678 ], [ 79.018929609451945, 9.263293801492274 ], [ 79.047730819502632, 9.259984722948461 ], [ 79.049263842288568, 9.259575675381383 ], [ 79.050454356733169, 9.258954483119622 ], [ 79.071969521460744, 9.252775677076668 ], [ 79.077614844726668, 9.246514879018479 ], [ 79.077525433023652, 9.238756945739338 ], [ 79.075705493716555, 9.234504587857197 ], [ 79.04696558379699, 9.238976285868072 ], [ 79.000677309822336, 9.25008894970636 ], [ 78.926356393974459, 9.24954844696569 ], [ 78.864915847288927, 9.237809482252747 ], [ 78.80785127712123, 9.214677583498162 ], [ 78.689185728305688, 9.17876810205798 ], [ 78.607948795822836, 9.148722100293666 ], [ 78.524531283298174, 9.108064201760262 ], [ 78.440763599594135, 9.095302133420729 ], [ 78.403734534715667, 9.092041131082551 ], [ 78.361861305701709, 9.088348756866949 ], [ 78.346453929303522, 9.087245876305403 ], [ 78.333952786960182, 9.086351544769721 ], [ 78.26091806516142, 9.037937846487415 ], [ 78.185762072739067, 8.972012359593581 ] ], [ [ 78.792783026823898, 10.179543018610032 ], [ 78.185762072739067, 8.972012359593581 ], [ 79.059522053141421, 10.158523638504034 ], [ 79.110433055267421, 10.072952374081384 ], [ 79.059522210627151, 10.158523852359778 ], [ 79.058061737888565, 10.160978137874004 ], [ 79.059521911901967, 10.158523875899455 ], [ 78.792783026823898, 10.179543018610032 ] ], [ [ 76.818944566352798, 11.249650865435386 ], [ 76.823490158742572, 11.221161402884649 ], [ 76.820342181202705, 11.240891628907207 ], [ 76.818944566352798, 11.249650865435386 ] ], [ [ 79.294473350669477, 11.177542252901322 ], [ 79.254392024131761, 11.097809534742812 ], [ 79.553223444696584, 11.170005232773923 ], [ 79.294473350669477, 11.177542252901322 ] ], [ [ 79.812257872153822, 12.207557247028054 ], [ 79.81225768717259, 12.207556879049818 ], [ 79.826364380728336, 12.197582824748354 ], [ 79.812257872153822, 12.207557247028054 ] ], [ [ 79.744820402217997, 12.255238012791223 ], [ 79.744823146094831, 12.255238955827576 ], [ 79.732984174328891, 12.263606747762601 ], [ 79.744820402217997, 12.255238012791223 ] ], [ [ 78.135462389048797, 15.103325793684474 ], [ 78.101310825664882, 15.108547252257473 ], [ 78.101111469866396, 15.10857771646409 ], [ 78.135462389048797, 15.103325793684474 ] ], [ [ 82.164841562076248, 16.887489487203027 ], [ 82.130315747327302, 16.818808201068972 ], [ 82.155968383100628, 16.783250258203363 ], [ 82.205773119999876, 16.795760366531375 ], [ 82.222178211233512, 16.837947958493594 ], [ 82.223591982623432, 16.841133623800708 ], [ 82.203822521517893, 16.874235381266246 ], [ 82.164841562076248, 16.887489487203027 ] ], [ [ 77.298518147868378, 10.29729175527801 ], [ 77.285188338104007, 10.314516671103174 ], [ 77.281771781395193, 10.31893125516784 ], [ 77.298518147868378, 10.29729175527801 ] ], [ [ 78.981899764860628, 10.691159571162295 ], [ 78.981899943193071, 10.691159612887482 ], [ 78.981899431430207, 10.691159741420538 ], [ 78.981899764860628, 10.691159571162295 ] ], [ [ 78.290236734221381, 10.864875982996816 ], [ 78.284650315922036, 10.860877469417895 ], [ 78.250772919871466, 10.836624323175304 ], [ 78.290236734221381, 10.864875982996816 ] ] ], [ [ [ 79.059521911901967, 10.158523875899455 ], [ 79.059522210627151, 10.158523852359778 ], [ 79.059522053141421, 10.158523638504034 ], [ 79.059521911901967, 10.158523875899455 ] ] ] ] } },
{ "type": "Feature", "properties": { "state_name": "Manipoor", "id": 18 }, "geometry": { "type": "Polygon", "coordinates": [ [ [ 93.180905284251736, 24.292770181121845 ], [ 93.156575111092096, 24.330456341696564 ], [ 93.152078205930223, 24.361527943796776 ], [ 93.167145309602745, 24.388324380697121 ], [ 93.186959245602509, 24.406204784569741 ], [ 93.202082239842284, 24.467197574007873 ], [ 93.171546904175329, 24.520016745441129 ], [ 93.15746888233798, 24.568016498040343 ], [ 93.182328739857425, 24.646303066272125 ], [ 93.210046510970898, 24.682598207144824 ], [ 93.214556314462115, 24.712553209204671 ], [ 93.203920763367222, 24.762913720266688 ], [ 93.205050983274489, 24.790522014367049 ], [ 93.238712611704628, 24.845475414528618 ], [ 93.252270588202748, 24.894634456277831 ], [ 93.264694114575704, 24.949484620585199 ], [ 93.282537697083399, 24.966642181595528 ], [ 93.341153100455031, 24.991543627641441 ], [ 93.385089526069891, 25.039558733862783 ], [ 93.407903497553747, 25.075468520975345 ], [ 93.406255019030937, 25.123767123855686 ], [ 93.42584531784388, 25.151760616892879 ], [ 93.452409625147098, 25.191792815204881 ], [ 93.502340506020403, 25.28980820488605 ], [ 93.498627859332885, 25.316985713730951 ], [ 93.550984100378002, 25.342523494892259 ], [ 93.601210557868612, 25.362532138954339 ], [ 93.699564823684895, 25.333436975389489 ], [ 93.751137245990719, 25.330100731689811 ], [ 93.791804764331516, 25.369758646852745 ], [ 93.799717279149561, 25.395269215048145 ], [ 93.869073919937307, 25.391822329413628 ], [ 93.909283972415636, 25.396849718825923 ], [ 93.935741909531586, 25.426787509970477 ], [ 93.956624225473249, 25.508251043243895 ], [ 93.992316838798786, 25.555392027982911 ], [ 94.054824627149685, 25.58734523656571 ], [ 94.152322392596375, 25.584497373597483 ], [ 94.198423701578861, 25.609359188441086 ], [ 94.258179314389807, 25.647317850333131 ], [ 94.314066351656919, 25.63157092819014 ], [ 94.382188870570175, 25.597979708058507 ], [ 94.462838247667705, 25.578768073604714 ], [ 94.550858930580631, 25.588440547055807 ], [ 94.765377437235983, 25.615214775510196 ], [ 94.762072455394758, 25.604735231001264 ], [ 94.758930286242716, 25.590964277168474 ], [ 94.752990758868862, 25.574420545933258 ], [ 94.731103305174045, 25.548311959066304 ], [ 94.711650004356983, 25.538772391390324 ], [ 94.687508184793614, 25.53279755138427 ], [ 94.61820377498745, 25.509717301758485 ], [ 94.545546217627503, 25.430920303443632 ], [ 94.498902576151409, 25.325002822452806 ], [ 94.497252675122553, 25.305693787752368 ], [ 94.49655225522784, 25.303199689631089 ], [ 94.492417453347244, 25.269218391655276 ], [ 94.495726052547084, 25.262420945087996 ], [ 94.49621208300465, 25.256136592538102 ], [ 94.499727671582463, 25.254199434931643 ], [ 94.500346987715048, 25.252926995197626 ], [ 94.511042851843627, 25.247963796868866 ], [ 94.518768673854225, 25.243705543356505 ], [ 94.526948125816034, 25.239168627028793 ], [ 94.572715374267688, 25.218271609204667 ], [ 94.630611662869086, 25.191456240263044 ], [ 94.655140781934932, 25.153058494063703 ], [ 94.659686047449412, 25.119658818987809 ], [ 94.650021202824931, 25.076297457755949 ], [ 94.645537399221723, 25.067181678908884 ], [ 94.636609926748946, 25.040796450112342 ], [ 94.578102219900316, 24.961837242681799 ], [ 94.558478336808733, 24.916189502542309 ], [ 94.543680370457565, 24.890590838360264 ], [ 94.536516114202854, 24.865329948246774 ], [ 94.533423194321429, 24.846418633404031 ], [ 94.51864898372942, 24.820810087454564 ], [ 94.496983330360749, 24.80856148118405 ], [ 94.481242139986037, 24.795504637351943 ], [ 94.460734673026849, 24.762372879394203 ], [ 94.449778752254886, 24.732088331115825 ], [ 94.382736290164999, 24.644429718812464 ], [ 94.333264382258562, 24.590273855163446 ], [ 94.31585070433249, 24.566350792352207 ], [ 94.299279493408548, 24.53816638091314 ], [ 94.283769027091267, 24.507073435678365 ], [ 94.266986321881248, 24.467855949765049 ], [ 94.24028685556803, 24.423037281322149 ], [ 94.228253907605819, 24.398303445145146 ], [ 94.200800618244486, 24.368837992188251 ], [ 94.171805671722666, 24.300583493465961 ], [ 94.133723017046691, 24.188529337615826 ], [ 94.071625645313944, 24.073454079026714 ], [ 94.026746027849896, 23.976424785347902 ], [ 94.014327980160274, 23.956481032700392 ], [ 94.001498008058064, 23.951221661627347 ], [ 93.977899406501294, 23.95425330029693 ], [ 93.956595724082163, 23.962515504517857 ], [ 93.931066086470167, 23.972699405572254 ], [ 93.887778300035009, 23.994829950454445 ], [ 93.826333415196146, 24.016504917069511 ], [ 93.772284495109332, 24.027537692085883 ], [ 93.72840416607562, 24.026194417828396 ], [ 93.698280221356725, 24.016176316662023 ], [ 93.66662417780357, 24.016029063777051 ], [ 93.629193734497875, 24.027674244934115 ], [ 93.61541853090894, 24.036331651871972 ], [ 93.579328996897033, 24.067179207433171 ], [ 93.554777813159831, 24.074422359163048 ], [ 93.519655134615093, 24.0816052754022 ], [ 93.477790452471098, 24.084085746038422 ], [ 93.466212231003681, 24.077225812932408 ], [ 93.445819125597708, 24.061770972551912 ], [ 93.426911652254503, 24.046125558723066 ], [ 93.390160591031645, 24.042393572125079 ], [ 93.358851755956834, 24.044901442463033 ], [ 93.338029532694406, 24.057185899288484 ], [ 93.320345620654649, 24.06824673017698 ], [ 93.304554857654679, 24.090147102591171 ], [ 93.295244106348648, 24.115153264201073 ], [ 93.290836459748675, 24.136489051357714 ], [ 93.281778694918245, 24.157017161019088 ], [ 93.276847984700055, 24.164559406339535 ], [ 93.235257013363281, 24.24766706229229 ], [ 93.202213060550946, 24.279959749717428 ], [ 93.180905284251736, 24.292770181121845 ] ] ] } },
{ "type": "Feature", "properties": { "state_name": "Mysore", "id": 19 }, "geometry": { "type": "Polygon", "coordinates": [ [ [ 76.200886011710296, 12.22337170495291 ], [ 76.204091298622672, 12.259838873411665 ], [ 76.174050716657575, 12.341902710622156 ], [ 76.13797899807021, 12.440137316752617 ], [ 76.124316032203396, 12.517343866809426 ], [ 76.134269765990382, 12.566342437599031 ], [ 76.122782889173749, 12.584930466226076 ], [ 76.058238502256273, 12.583997284887856 ], [ 76.033411425301722, 12.618184190762955 ], [ 76.012848275911765, 12.654147219088863 ], [ 76.023302156021387, 12.679226094620397 ], [ 75.984329077006606, 12.73985829801742 ], [ 75.978967642186547, 12.771575949948559 ], [ 75.997465998687886, 12.827126863305999 ], [ 76.003133862382285, 12.87315614909906 ], [ 75.987428045263741, 12.909697675506495 ], [ 75.922893580683976, 12.934454454729233 ], [ 75.911430422810781, 12.967986830229489 ], [ 75.912888317582699, 13.033171407751871 ], [ 75.89289225305204, 13.070321501111161 ], [ 75.834341358245098, 13.075301801256058 ], [ 75.794027454864775, 13.060476753742137 ], [ 75.774249212288851, 12.978000449581005 ], [ 75.774000186363224, 12.897258681435011 ], [ 75.73547430491773, 12.857297099645782 ], [ 75.704962184046352, 12.845418745604821 ], [ 75.664139541028121, 12.852104355404075 ], [ 75.590939100583029, 12.90697229839127 ], [ 75.63496512794984, 12.957110254227949 ], [ 75.626316605004533, 13.010243147448103 ], [ 75.591380809127301, 13.093581741535578 ], [ 75.629568260629284, 13.137990121132589 ], [ 75.653105251809052, 13.176688108831236 ], [ 75.641524853807454, 13.229828260762813 ], [ 75.591704497648195, 13.228513037936484 ], [ 75.550640059064534, 13.211379415746409 ], [ 75.522802909305483, 13.211437807476054 ], [ 75.493535140335183, 13.228721474452994 ], [ 75.442264955935471, 13.235992692131658 ], [ 75.427624657034841, 13.243194978613284 ], [ 75.415945942459231, 13.269052761178054 ], [ 75.405749569019321, 13.306391411216412 ], [ 75.358853060910548, 13.310768369035488 ], [ 75.310417683391137, 13.259154750704361 ], [ 75.272320926166429, 13.263504748562188 ], [ 75.229858617092347, 13.302304859108673 ], [ 75.193286583509604, 13.391335552514471 ], [ 75.193310670472783, 13.421480642239056 ], [ 75.165474006068337, 13.458822911545877 ], [ 75.155235154556919, 13.501893705345228 ], [ 75.164061258300208, 13.537774848497216 ], [ 75.156749052403441, 13.573666207820366 ], [ 75.132177308709686, 13.586409841784945 ], [ 75.106870137873898, 13.599530938489877 ], [ 75.032036018278475, 13.672760373908302 ], [ 74.995335496314723, 13.721567881658668 ], [ 74.977709144418199, 13.79477477660849 ], [ 74.982110108028735, 13.863676252358498 ], [ 74.974761289653614, 13.890948855256847 ], [ 74.90862443730704, 13.932560502162396 ], [ 74.893901455423176, 13.99140684603346 ], [ 74.89389355250097, 14.008631855325914 ], [ 74.879189672196247, 14.014366636165175 ], [ 74.81303070980816, 14.018630853998838 ], [ 74.776256214639574, 14.040130780975389 ], [ 74.702670097345646, 14.096031922060297 ], [ 74.652538134981128, 14.182087667141689 ], [ 74.627457791437664, 14.225111062270466 ], [ 74.613035723340161, 14.25910200466906 ], [ 74.626665551613371, 14.323236397917615 ], [ 74.710969734102974, 14.39799269990398 ], [ 74.783580639441951, 14.436346617303407 ], [ 74.858212317333908, 14.424920382968418 ], [ 74.907308122080522, 14.417289478149126 ], [ 74.927911564449801, 14.463228384501432 ], [ 74.930832096214985, 14.545523143453629 ], [ 74.933760671583514, 14.607722475370892 ], [ 74.995667956614255, 14.625912882436893 ], [ 75.038908097523361, 14.62303898594574 ], [ 75.04972479738997, 14.652700674482853 ], [ 75.019260875014197, 14.707248024570285 ], [ 75.044829616058749, 14.746476888269235 ], [ 75.101866526952051, 14.760812068299742 ], [ 75.146381400692619, 14.748797219515151 ], [ 75.192495062518645, 14.773881545591641 ], [ 75.238613340897402, 14.793574062712169 ], [ 75.268087006782054, 14.768423733847291 ], [ 75.286433725396336, 14.698430082827063 ], [ 75.315835233658305, 14.635596656695464 ], [ 75.33972131196181, 14.590709168530536 ], [ 75.418798388572426, 14.515226470444437 ], [ 75.494017297748314, 14.384107308755597 ], [ 75.54554880492833, 14.382199954933728 ], [ 75.565858014367578, 14.407270201511663 ], [ 75.582578664347253, 14.466435775316299 ], [ 75.626798043297327, 14.47708682860948 ], [ 75.663634492743327, 14.480573974878167 ], [ 75.6784850763663, 14.520001555107051 ], [ 75.700709002128491, 14.559405887761805 ], [ 75.713718132221061, 14.595247882389982 ], [ 75.721350824559437, 14.675956863539433 ], [ 75.738734979656101, 14.769656739960348 ], [ 75.819921238997324, 14.786605156091456 ], [ 75.872879069439506, 14.750531352046366 ], [ 75.902108978163412, 14.685836192340362 ], [ 75.937309523247635, 14.64264160401072 ], [ 76.02426922338951, 14.640840058792083 ], [ 76.049538601153671, 14.685216489553573 ], [ 76.035188732824182, 14.768518264786062 ], [ 76.061861043859366, 14.794229147080255 ], [ 76.107548919947106, 14.786838789086898 ], [ 76.184204574273792, 14.779282759869936 ], [ 76.233214169911449, 14.839297391542972 ], [ 76.286439811800093, 14.859095792273283 ], [ 76.345256161967441, 14.827189441256433 ], [ 76.405529155976126, 14.795260431500488 ], [ 76.455585811333179, 14.782035577963539 ], [ 76.480296140779856, 14.728786752489839 ], [ 76.540199021831924, 14.650912355615807 ], [ 76.582885653285388, 14.6434514992542 ], [ 76.611189377197277, 14.684867676123645 ], [ 76.589412717921348, 14.730933010972697 ], [ 76.617730628961425, 14.772346828596943 ], [ 76.657487436618837, 14.764890823346223 ], [ 76.681089104636243, 14.766155036529605 ], [ 76.69908335642684, 14.804762206538836 ], [ 76.702560272076539, 14.872170443840563 ], [ 76.668952646092293, 14.91402595046922 ], [ 76.695915556049059, 14.965478990193455 ], [ 76.715283032786203, 14.988290046607228 ], [ 76.697821331536289, 15.019985292863169 ], [ 76.66867802311674, 15.068982919549571 ], [ 76.756425951996604, 15.145793849642747 ], [ 76.848106634525024, 15.157973410565424 ], [ 76.883451779249569, 15.146204157455635 ], [ 76.912576798314277, 15.100052423882106 ], [ 76.88396736777311, 15.037169404316451 ], [ 76.913003840635781, 14.982411953146176 ], [ 76.912774697162007, 14.956591003433767 ], [ 76.856272686947733, 14.906844769736594 ], [ 76.8175675260226, 14.865549545395238 ], [ 76.819929680295388, 14.795231226443413 ], [ 76.828488502137006, 14.760731044105871 ], [ 76.860751221852084, 14.74038811340694 ], [ 76.886914609585489, 14.697136642349928 ], [ 76.908697664471106, 14.659657773676118 ], [ 76.93522072632318, 14.659438484029831 ], [ 76.958592534607689, 14.636289052216684 ], [ 76.940522197485336, 14.591967080291186 ], [ 76.869451985507027, 14.549506669447405 ], [ 76.866217348436493, 14.515100017674303 ], [ 76.896811875464309, 14.476118586623963 ], [ 76.899172062243409, 14.407235282244569 ], [ 76.928584181243934, 14.404127626368101 ], [ 76.957995010358317, 14.401016406587818 ], [ 77.021253587862788, 14.397614518516658 ], [ 77.075797684454486, 14.407183463618605 ], [ 77.10851202543283, 14.442756443361075 ], [ 77.142598919555311, 14.466835121917157 ], [ 77.182258912468811, 14.45786389834422 ], [ 77.238392140233898, 14.477418388524738 ], [ 77.263154319618664, 14.451362516600616 ], [ 77.309497548244437, 14.377761112127981 ], [ 77.335935439529067, 14.3731985730891 ], [ 77.352223721602186, 14.383077376515958 ], [ 77.379131854176777, 14.422968051557767 ], [ 77.386887014209719, 14.460180706946629 ], [ 77.419280162563197, 14.461284163417016 ], [ 77.442639137840104, 14.443832251076188 ], [ 77.459746822401755, 14.393457115760064 ], [ 77.467944793222316, 14.336003603437163 ], [ 77.465925965966946, 14.285827313202466 ], [ 77.419880178087013, 14.243272363580285 ], [ 77.387518591917441, 14.24216408999221 ], [ 77.359032112457115, 14.189377669157814 ], [ 77.389047161679756, 14.107325174707286 ], [ 77.385780353516097, 14.07580286550278 ], [ 77.366444044235308, 14.053044139369554 ], [ 77.307793304164392, 14.065086611560362 ], [ 77.239226312538008, 14.115937701617076 ], [ 77.186839156136102, 14.170929664181907 ], [ 77.116208430591072, 14.164390863663233 ], [ 77.02398534868702, 14.209659555734971 ], [ 76.983012153326584, 14.232956917760523 ], [ 76.947889259715268, 14.217804401156934 ], [ 76.921013670270995, 14.206204782296115 ], [ 76.930954980632947, 14.164519145046635 ], [ 76.930760039720212, 14.141442913538102 ], [ 76.930615877269844, 14.124350821708898 ], [ 76.90232890281797, 14.081535062171803 ], [ 76.929880792176888, 14.036840769539646 ], [ 76.939624859972881, 13.97220184710222 ], [ 76.981833531704652, 13.925951942451622 ], [ 77.046000467525232, 13.873775323442729 ], [ 77.081290326356267, 13.879215793605232 ], [ 77.10346993856902, 13.896240749093918 ], [ 77.128734070182361, 13.92901634443108 ], [ 77.150762387137874, 13.928822826060328 ], [ 77.162457302956327, 13.922981201989275 ], [ 77.19903359421761, 13.908308961595781 ], [ 77.247669042713326, 13.926513404774656 ], [ 77.302270175307456, 13.953257003595722 ], [ 77.374329772967656, 13.962604362012945 ], [ 77.40045143137273, 13.932227314519833 ], [ 77.36318980170023, 13.878086741737368 ], [ 77.370180461665711, 13.843594830476592 ], [ 77.391728396473667, 13.797486931648104 ], [ 77.423849506219, 13.781394835646273 ], [ 77.459628053383909, 13.804915192516038 ], [ 77.471135622498792, 13.812477815504479 ], [ 77.499354209554468, 13.843744953975973 ], [ 77.565254834843586, 13.830156137199657 ], [ 77.610921977751985, 13.845449175289334 ], [ 77.649500084015116, 13.882320569597391 ], [ 77.709891480859469, 13.900300075782162 ], [ 77.749723412367487, 13.917061885444976 ], [ 77.780959010204683, 13.951121582351691 ], [ 77.806540186617681, 14.00244773973645 ], [ 77.792221581507931, 14.032725135364522 ], [ 77.791257283658112, 14.074319407091139 ], [ 77.840221933471454, 14.113895387176079 ], [ 77.878018122732271, 14.081902507374611 ], [ 77.896695557547261, 14.048701749269595 ], [ 77.933278518933676, 14.038224090153998 ], [ 77.974095445022002, 14.014786156061222 ], [ 78.013043299699646, 13.961259232098717 ], [ 78.071447695064734, 13.937590389047488 ], [ 78.07548973302849, 13.91030114479833 ], [ 78.061474067559672, 13.848832394462825 ], [ 78.056175432791321, 13.780084815961549 ], [ 78.049621902052493, 13.727121742306592 ], [ 78.06404212224399, 13.70830603989312 ], [ 78.121559391117884, 13.733389891227187 ], [ 78.153097688965715, 13.78889550404417 ], [ 78.204794902592127, 13.815462021853074 ], [ 78.239615459489841, 13.787770020806249 ], [ 78.269432328051039, 13.717140308344904 ], [ 78.268323924787552, 13.636886257258018 ], [ 78.279039901221054, 13.563643442563903 ], [ 78.353043331528525, 13.512495190693757 ], [ 78.424329228028711, 13.478566986237039 ], [ 78.471921732477384, 13.427753720698254 ], [ 78.53021922369777, 13.409746481593096 ], [ 78.542761835403567, 13.366579734714957 ], [ 78.544643403323064, 13.294902022983262 ], [ 78.48722143688687, 13.269900722744445 ], [ 78.428245481419566, 13.237738546179594 ], [ 78.407249684068745, 13.200756059566615 ], [ 78.404895104583687, 13.136292095753847 ], [ 78.398258956496818, 13.079050249751191 ], [ 78.381788441102202, 13.050601334134821 ], [ 78.326109458240069, 13.041290357770876 ], [ 78.262972859527849, 13.020593076181836 ], [ 78.224376232205586, 12.975205018957341 ], [ 78.192881713049488, 12.912518830120625 ], [ 78.175239329929255, 12.904132691399633 ], [ 78.122976684846009, 12.932001256556044 ], [ 77.994884522459699, 12.97651688655624 ], [ 77.9363443893088, 12.971449450191905 ], [ 77.894249485009155, 12.997731190031182 ], [ 77.889748377153012, 12.998149558539987 ], [ 77.841663893575316, 13.002614041951892 ], [ 77.782921392747653, 12.980306669861307 ], [ 77.740473244123734, 12.97645557554638 ], [ 77.719894436135277, 12.966633173590283 ], [ 77.71586960918232, 12.864855369140376 ], [ 77.719606346855002, 12.804585039282895 ], [ 77.672713109089756, 12.792158108800626 ], [ 77.612613898843406, 12.774116278655438 ], [ 77.584053424893895, 12.69551455627105 ], [ 77.592121698630393, 12.626592609659152 ], [ 77.592961848809381, 12.564912158839197 ], [ 77.568765004834773, 12.480523294986348 ], [ 77.523284458586943, 12.456569304283017 ], [ 77.451677995005568, 12.447187971663741 ], [ 77.292629607051083, 12.452887344725918 ], [ 77.227523101164977, 12.446582050910655 ], [ 77.169908997121453, 12.440988793357578 ], [ 77.173942400323128, 12.399351472457361 ], [ 77.15629932544924, 12.383710881125282 ], [ 77.119745186853422, 12.375390361221569 ], [ 77.010432295151801, 12.394873129627127 ], [ 76.953230787234801, 12.357984959934411 ], [ 76.934016050816112, 12.325120447333841 ], [ 76.95412709278267, 12.281931826814677 ], [ 77.032910617693858, 12.28135817896578 ], [ 77.092487241207124, 12.250779870896906 ], [ 77.108100791447995, 12.196140745812547 ], [ 77.087279920951744, 12.144648263752716 ], [ 77.070842040881459, 12.09312015367289 ], [ 77.083618830095176, 12.048547010134101 ], [ 77.119698742702397, 12.002363462365953 ], [ 77.110675985039748, 11.966563031324982 ], [ 77.084238635997792, 11.939500041341676 ], [ 76.985304796257068, 11.96030403075936 ], [ 76.922897114949066, 11.996610977723581 ], [ 76.836768488855256, 11.977099949872242 ], [ 76.824820410006936, 11.934128730042696 ], [ 76.824466039376389, 11.881036781772618 ], [ 76.794933359397334, 11.820955724387519 ], [ 76.748220268602395, 11.805461826173092 ], [ 76.681163379520683, 11.797255895403826 ], [ 76.625972608812049, 11.824844224239847 ], [ 76.55777909379205, 11.874022466071631 ], [ 76.477652782127592, 11.877323138022899 ], [ 76.444296685113315, 11.907635448132854 ], [ 76.419812948196437, 11.96373423234424 ], [ 76.377649361110485, 11.985473277647483 ], [ 76.275600563274111, 11.985956448682053 ], [ 76.193889085993149, 11.970527620834236 ], [ 76.131315094052326, 11.998059250906856 ], [ 76.100795744705337, 12.022582655969556 ], [ 76.082069607697605, 12.080071806364041 ], [ 76.041426474221169, 12.130466366448935 ], [ 76.025572388104109, 12.180764976703914 ], [ 76.021818730763812, 12.190726316752793 ], [ 76.056743417282775, 12.213197751133793 ], [ 76.092620531022362, 12.214253850828742 ], [ 76.155797605413227, 12.201436520964934 ], [ 76.200886011710296, 12.22337170495291 ] ], [ [ 77.029281535054608, 12.858317715308063 ], [ 77.043558758783789, 12.861314636436578 ], [ 77.029281716982695, 12.858317854751734 ], [ 77.025981758444914, 12.857625061720183 ], [ 77.029281535054608, 12.858317715308063 ] ] ] } },
{ "type": "Feature", "properties": { "state_name": "Nepal", "id": 20 }, "geometry": { "type": "Polygon", "coordinates": [ [ [ 88.173533084455798, 27.848706761188495 ], [ 88.179253412731185, 27.675622365020246 ], [ 88.061996385006779, 27.404523617875181 ], [ 88.031505757491118, 27.343417504882638 ], [ 88.04083604906991, 27.244641673665658 ], [ 87.982716023895193, 27.144711370779397 ], [ 87.981219882560424, 27.024371618909992 ], [ 88.025975946059035, 26.99381390237825 ], [ 88.111251815246945, 26.933073724817831 ], [ 88.175642128042824, 26.802796114078298 ], [ 88.177495880913966, 26.622023952854352 ], [ 88.124469501143849, 26.489682434364351 ], [ 88.063076241483856, 26.390705427847269 ], [ 88.038055682293759, 26.365981844060514 ], [ 88.0021845303351, 26.337549346433242 ], [ 87.970364378475622, 26.321666581080216 ], [ 87.938254861580063, 26.349318149482702 ], [ 87.913933887453979, 26.399777301844658 ], [ 87.889286136833093, 26.424389207513947 ], [ 87.866513021087314, 26.419417332946765 ], [ 87.81993680661347, 26.411907216786112 ], [ 87.778415253200578, 26.414509856097091 ], [ 87.74192362228689, 26.403699994344834 ], [ 87.708408572605876, 26.384371688489104 ], [ 87.684345821759408, 26.37948069450086 ], [ 87.627550969304409, 26.373992638329966 ], [ 87.612031315693699, 26.363612488553031 ], [ 87.531509347634795, 26.391989778413066 ], [ 87.381378270020335, 26.369939789104684 ], [ 87.310215850938931, 26.352615439017622 ], [ 87.201387156973425, 26.362072815956374 ], [ 87.141586568309975, 26.377838837070119 ], [ 87.124807206574602, 26.416991787305967 ], [ 87.112228996366582, 26.471104984053017 ], [ 87.103613547269177, 26.537844016515059 ], [ 87.070226229943728, 26.544253830052082 ], [ 87.004942225143779, 26.4720510130599 ], [ 86.940160444215437, 26.416259979706574 ], [ 86.830724989676284, 26.408980981560791 ], [ 86.696832449145163, 26.405998108991046 ], [ 86.618441076166576, 26.446689179652054 ], [ 86.541873794972958, 26.493098900586396 ], [ 86.43552194562568, 26.570231763646223 ], [ 86.386162370105964, 26.575420022009219 ], [ 86.277384091749823, 26.564120490962281 ], [ 86.173698035695779, 26.591292709421214 ], [ 86.149010735558647, 26.607424894020912 ], [ 86.073343297700831, 26.626401996164176 ], [ 86.009316802143175, 26.63025417755123 ], [ 85.975172306757713, 26.603391711556437 ], [ 85.912528843281748, 26.566915694149767 ], [ 85.850999657270052, 26.569310505857487 ], [ 85.802157425116519, 26.608521562308638 ], [ 85.788311200561907, 26.642675916561227 ], [ 85.783112944512425, 26.698622503763296 ], [ 85.741881126730732, 26.76324904995219 ], [ 85.6960416244562, 26.779760445979672 ], [ 85.641914627756307, 26.80634747596492 ], [ 85.591665524467857, 26.818436416379893 ], [ 85.529273804571048, 26.799495929939734 ], [ 85.510025968716491, 26.764607064289606 ], [ 85.469732352589787, 26.750593892899861 ], [ 85.406774333098554, 26.730680587449662 ], [ 85.343642268768463, 26.720209062464665 ], [ 85.295981898882985, 26.740748891119381 ], [ 85.260526698546471, 26.756597189301917 ], [ 85.24046831732548, 26.791190968023283 ], [ 85.22183899373195, 26.806749445296951 ], [ 85.119932517519985, 26.834977618551918 ], [ 85.081601797594175, 26.854785704560875 ], [ 85.069275159383267, 26.882184396045687 ], [ 85.0267617776138, 26.914593375327321 ], [ 84.978218819028797, 26.938902192291959 ], [ 84.926100909062157, 26.935039383635491 ], [ 84.873148859318718, 26.957735656624397 ], [ 84.812092979326692, 26.98477466205971 ], [ 84.724388304914442, 27.009862816128575 ], [ 84.685591938530933, 27.050462782869683 ], [ 84.669838643640631, 27.088511275452856 ], [ 84.688759870246287, 27.14783776538146 ], [ 84.693853220966176, 27.206230022270066 ], [ 84.688075959363701, 27.249273591928123 ], [ 84.662500433010095, 27.284224609084252 ], [ 84.60453400181035, 27.312895716887752 ], [ 84.531190559994002, 27.335972613909423 ], [ 84.415188974963456, 27.34486026399313 ], [ 84.348843442920128, 27.351253769487197 ], [ 84.299967975934109, 27.388682175988841 ], [ 84.246092500728111, 27.392294798092067 ], [ 84.215737765188777, 27.410442891429394 ], [ 84.163880930320602, 27.438549486077815 ], [ 84.092306227750697, 27.421461952208986 ], [ 84.055708849593842, 27.402995226151248 ], [ 84.029872153683783, 27.398992717400574 ], [ 83.905697708840151, 27.401350061014355 ], [ 83.888920222550496, 27.391042942653936 ], [ 83.894275642488353, 27.378364059337482 ], [ 83.914564566977774, 27.340055984775702 ], [ 83.91808124481723, 27.291441839141928 ], [ 83.835206813701916, 27.330905400946328 ], [ 83.785044244097577, 27.381543125514941 ], [ 83.725770906939687, 27.425152981222375 ], [ 83.633323300303928, 27.467024710668625 ], [ 83.514259857265699, 27.496247591297276 ], [ 83.447758835937634, 27.489886294626888 ], [ 83.410135497166664, 27.471291564116569 ], [ 83.393431423170171, 27.349813901491999 ], [ 83.388662221428362, 27.314969115122537 ], [ 83.35733967816671, 27.310488807960439 ], [ 83.32806899795807, 27.32767976636438 ], [ 83.258645537077584, 27.394749623459589 ], [ 83.198238569353961, 27.458889318014613 ], [ 83.078348531513626, 27.457630244341264 ], [ 82.982984257439711, 27.464352930048143 ], [ 82.904559507017623, 27.503301475202679 ], [ 82.828596764080814, 27.502872240167584 ], [ 82.773294977931542, 27.530940555457807 ], [ 82.755357439532318, 27.635308592034029 ], [ 82.737968354582236, 27.709947360044872 ], [ 82.699833372380922, 27.73703795180322 ], [ 82.592759543442341, 27.714471741494862 ], [ 82.510494923894555, 27.683332563440466 ], [ 82.426249360329692, 27.700974982208628 ], [ 82.286884211011497, 27.773804526915203 ], [ 82.201962111607315, 27.843670421645825 ], [ 82.051169132786598, 27.910956620611572 ], [ 81.998181776809048, 27.919618051725557 ], [ 81.931965689985191, 27.868273774051314 ], [ 81.901560100007288, 27.853154974448092 ], [ 81.84131823938695, 27.874011646065728 ], [ 81.780161286710751, 27.923438599700646 ], [ 81.697572420134961, 27.973894791998806 ], [ 81.606051696851523, 28.033070122423887 ], [ 81.528090788763379, 28.096307828913496 ], [ 81.439341151856098, 28.182631442520723 ], [ 81.35771239193835, 28.14242812566761 ], [ 81.327678971635123, 28.179528641626632 ], [ 81.297824903471678, 28.242800929249473 ], [ 81.265259106157231, 28.306195688751927 ], [ 81.215790792548617, 28.357268442190716 ], [ 81.134150091812842, 28.40548115284906 ], [ 81.134282848786313, 28.414760322610316 ], [ 81.079458192197421, 28.430799641203208 ], [ 81.027830784521186, 28.425246525547376 ], [ 80.959892281607381, 28.452894252386631 ], [ 80.896520478687066, 28.468881934304932 ], [ 80.83018284689247, 28.482825855706057 ], [ 80.791660047412122, 28.495552413577624 ], [ 80.697151567007836, 28.557795878716483 ], [ 80.63293663732658, 28.635874492611062 ], [ 80.585353194859707, 28.655001555454668 ], [ 80.535305385271883, 28.673857090234765 ], [ 80.524364127796957, 28.650721333008452 ], [ 80.526408892402557, 28.620264355779518 ], [ 80.516973065571136, 28.563833430020182 ], [ 80.494981502075035, 28.569016441032083 ], [ 80.394484215274574, 28.645965426268539 ], [ 80.338915872304469, 28.685120583712305 ], [ 80.248221815781918, 28.719415875734491 ], [ 80.094798888088818, 28.799651513841155 ], [ 80.066588431918461, 28.837178328434756 ], [ 80.063063966767302, 28.881637970019341 ], [ 80.107072308533674, 28.950750640748929 ], [ 80.155158056108817, 28.986086765160088 ], [ 80.232119152180275, 29.061024448864153 ], [ 80.293017072453523, 29.137974305604725 ], [ 80.301946103936615, 29.169071666827872 ], [ 80.287175525682471, 29.261867734716507 ], [ 80.259419095157384, 29.308714677449853 ], [ 80.260350690827252, 29.390167833743153 ], [ 80.272785670730116, 29.425415976572161 ], [ 80.358083060340377, 29.479183833975977 ], [ 80.406502900129169, 29.52939508345294 ], [ 80.421038764428317, 29.556675542741779 ], [ 80.427723548687155, 29.71149590276892 ], [ 80.435600930637705, 29.751195786012321 ], [ 80.475604610023836, 29.808860559279104 ], [ 80.537734185631038, 29.850572210800433 ], [ 80.609251109314002, 29.88327444518201 ], [ 80.687193561960285, 29.912797212715983 ], [ 80.727570934851158, 29.930336408649715 ], [ 80.744885227662564, 29.960304964257375 ], [ 80.854660275372879, 30.082628902823291 ], [ 80.903068694316403, 30.150469410191207 ], [ 80.951386152359859, 30.174712189325888 ], [ 80.989233057284082, 30.175126701700815 ], [ 81.02616488488043, 30.16057106962025 ], [ 81.04550518411483, 30.15526833370938 ], [ 81.042372336151146, 30.134321298651802 ], [ 81.040156007228688, 30.078982975721697 ], [ 81.065378248413779, 30.031180382267546 ], [ 81.100623979187262, 30.006574553964214 ], [ 81.197567100136041, 29.979981486082448 ], [ 81.232823778735977, 29.982451600090851 ], [ 81.239537294534742, 29.998632602837827 ], [ 81.247563436284835, 29.997957638618281 ], [ 81.267699971467124, 30.002803248187128 ], [ 81.277143985353803, 30.011949976642462 ], [ 81.28451691853931, 30.03841120546565 ], [ 81.291220761193571, 30.055335402249248 ], [ 81.292171073430723, 30.068689513123676 ], [ 81.292297600623925, 30.085908762341255 ], [ 81.293251161466827, 30.099263991351947 ], [ 81.293643897708137, 30.104758477695793 ], [ 81.3141528934229, 30.120888247126487 ], [ 81.35716512323836, 30.141169251016041 ], [ 81.377520807257085, 30.162208450944174 ], [ 81.37776591964942, 30.16272995872551 ], [ 81.414112994256897, 30.185713330381887 ], [ 81.423748844869749, 30.19676422518123 ], [ 81.427430792513988, 30.216703639728195 ], [ 81.432217117382393, 30.236594266036938 ], [ 81.433709852982858, 30.256636318225258 ], [ 81.436877817232144, 30.284265637131053 ], [ 81.43493580984871, 30.302552003875938 ], [ 81.433138795303037, 30.322748665388378 ], [ 81.431703337725054, 30.347720140143075 ], [ 81.429460767215744, 30.37300307627623 ], [ 81.446628414808984, 30.366450643133707 ], [ 81.478155967596464, 30.347220103018373 ], [ 81.501376653335512, 30.351852207915318 ], [ 81.537645104226257, 30.363276973622629 ], [ 81.603691988247647, 30.382699934828942 ], [ 81.653054434343616, 30.400877073771742 ], [ 81.698072418664836, 30.393776468188616 ], [ 81.794346086390107, 30.357492242725055 ], [ 81.911882285476565, 30.305766870096761 ], [ 82.002184652416858, 30.296725445635037 ], [ 82.068885026142482, 30.301266000390399 ], [ 82.121828820597372, 30.291820986811079 ], [ 82.141761630718449, 30.261970593197841 ], [ 82.148637829493993, 30.225419027602776 ], [ 82.196718596300997, 30.143648512574458 ], [ 82.201419358925008, 30.06194179654322 ], [ 82.200774842644847, 30.033000181987294 ], [ 82.234186437913877, 30.015284837444792 ], [ 82.32799182292888, 29.982269503068519 ], [ 82.401369445457135, 29.973605422241906 ], [ 82.454697823839169, 29.949506005603993 ], [ 82.581523940507452, 29.876789812994641 ], [ 82.747785320961498, 29.726167110121278 ], [ 82.80071780979209, 29.658592147637428 ], [ 82.866323852768573, 29.63734455259382 ], [ 82.925502843166214, 29.634433557815505 ], [ 83.136940949517779, 29.596678507300734 ], [ 83.22091244717933, 29.556224738204044 ], [ 83.313886295115367, 29.484569986758558 ], [ 83.413933598827867, 29.383639589870803 ], [ 83.4763589877562, 29.275723090067274 ], [ 83.516758929523576, 29.212267443711294 ], [ 83.549938967960529, 29.158219758205629 ], [ 83.598546026681248, 29.135733433748126 ], [ 83.639776492882348, 29.14064654948141 ], [ 83.666297387546905, 29.160772439415496 ], [ 83.679780555306834, 29.171904955530852 ], [ 83.690462714353558, 29.178027606708433 ], [ 83.691241409391949, 29.18113790650942 ], [ 83.770768877851225, 29.205292648291849 ], [ 83.79369082211818, 29.222148759716816 ], [ 83.818123756977272, 29.231845999735896 ], [ 83.831875384909253, 29.239541617524708 ], [ 83.866097093523535, 29.271389299452824 ], [ 83.886897652708953, 29.281455384909375 ], [ 83.930221047235491, 29.286132726245619 ], [ 84.019361687567184, 29.280878356970625 ], [ 84.102915382507376, 29.243477355855084 ], [ 84.144241113190702, 29.230186042551331 ], [ 84.182294351756582, 29.224280452351323 ], [ 84.22522017227746, 29.207265027205665 ], [ 84.209582006595554, 29.15782720654617 ], [ 84.205455054064387, 29.120291344622782 ], [ 84.201341994046075, 29.082760308223097 ], [ 84.198997871577248, 29.061316145029267 ], [ 84.202910469347032, 29.041293118444148 ], [ 84.221539436694641, 29.025773592524306 ], [ 84.253446670539702, 28.96449060188753 ], [ 84.251767432675933, 28.930434905357949 ], [ 84.252888554451573, 28.903403150650004 ], [ 84.272149972358207, 28.875269146336048 ], [ 84.324019799288067, 28.848732056758212 ], [ 84.380469944020149, 28.827284018456254 ], [ 84.43473338981731, 28.786190603058504 ], [ 84.437951088498579, 28.723132539501645 ], [ 84.441254198722476, 28.697788472786566 ], [ 84.454350412974705, 28.687995815440331 ], [ 84.536351556232617, 28.679267579256663 ], [ 84.603077802061662, 28.660685537526462 ], [ 84.64570424598368, 28.625666373984288 ], [ 84.654188834839033, 28.592826215746246 ], [ 84.659616141444829, 28.587096878877837 ], [ 84.736055149103422, 28.583981113341839 ], [ 84.785403682333978, 28.573609965515466 ], [ 84.819302119125098, 28.533739873249381 ], [ 84.87362139989142, 28.531980151909167 ], [ 84.936169911429545, 28.549374369955959 ], [ 84.957954604323831, 28.559176629715871 ], [ 84.994698275135548, 28.556476923645725 ], [ 85.012445047232333, 28.561832237055228 ], [ 85.021658717230082, 28.567815254554887 ], [ 85.028836989166891, 28.574899828042675 ], [ 85.039903484056055, 28.598830011613597 ], [ 85.040188867256248, 28.599144740319339 ], [ 85.047339191989764, 28.602921051360596 ], [ 85.148945845679833, 28.590664274454575 ], [ 85.186323395468946, 28.564809922339951 ], [ 85.197991434905461, 28.526374354829649 ], [ 85.185433131083059, 28.487808084523866 ], [ 85.143084961806508, 28.453058768658739 ], [ 85.08415739795862, 28.414033198091008 ], [ 85.089654753461232, 28.356334556143008 ], [ 85.11598606479869, 28.322323474018702 ], [ 85.125511201638275, 28.282282649442152 ], [ 85.173042694992077, 28.275494699866453 ], [ 85.300219820886625, 28.261453732463035 ], [ 85.359688226049428, 28.253774706195458 ], [ 85.384697359357929, 28.259900685646883 ], [ 85.402560247020759, 28.258536805336519 ], [ 85.41816009774962, 28.271048328986971 ], [ 85.441473226289247, 28.282091493195626 ], [ 85.507650687127381, 28.263131663504481 ], [ 85.638124981826692, 28.227042819126705 ], [ 85.64237255757493, 28.248630351247794 ], [ 85.656800891402597, 28.254060101151403 ], [ 85.674639225489869, 28.270718478264918 ], [ 85.686534882815081, 28.311604789667541 ], [ 85.687899728927448, 28.321038528082216 ], [ 85.709312908056091, 28.300631277522953 ], [ 85.767268700677306, 28.214173587225936 ], [ 85.802410632385886, 28.172292313227921 ], [ 85.83504649638482, 28.143106484027356 ], [ 85.869288160785047, 28.09414616291588 ], [ 85.882698713318135, 28.055647012621638 ], [ 85.92018096873727, 28.01717946017181 ], [ 85.92229693086648, 27.984876126715204 ], [ 85.92307181575076, 27.958031768791599 ], [ 85.930520710745739, 27.919988909375558 ], [ 85.963472227910572, 27.896307878704 ], [ 85.964911774482999, 27.893310461028054 ], [ 85.992913744687044, 27.886312496048077 ], [ 86.013689553585778, 27.891284576581533 ], [ 86.020653509906779, 27.891951318446708 ], [ 86.031208623462661, 27.891172836334949 ], [ 86.0576564978888, 27.894572568377527 ], [ 86.058355359356327, 27.895554099644464 ], [ 86.067501328315203, 27.896426340761721 ], [ 86.090595069735329, 27.903095199253226 ], [ 86.115158652141062, 27.913436600022532 ], [ 86.116707391695385, 27.927549574271872 ], [ 86.108960987187146, 27.944319341675676 ], [ 86.102786352603275, 27.965708259830716 ], [ 86.096072312147143, 27.991889065162191 ], [ 86.092860073752774, 28.011139575174422 ], [ 86.09609349543878, 28.030814727533844 ], [ 86.111373332792354, 28.053304315053055 ], [ 86.116552083290401, 28.062046626251806 ], [ 86.15305253021242, 28.083815141588701 ], [ 86.199002646525969, 28.082130618843113 ], [ 86.200579290574012, 28.030242321276432 ], [ 86.202188378480344, 27.962300204285835 ], [ 86.248993413755514, 27.919510664222248 ], [ 86.359827565395264, 27.879154346301597 ], [ 86.4009582486851, 27.866494196560904 ], [ 86.428925583380874, 27.868148586052452 ], [ 86.440980854630041, 27.872532152836051 ], [ 86.443716355288032, 27.87200914412723 ], [ 86.4462001489117, 27.874429502882162 ], [ 86.489351314568054, 27.890104435636697 ], [ 86.494640268806506, 27.90110169548662 ], [ 86.506980406815373, 27.904621291139389 ], [ 86.513943557051533, 27.90972373420669 ], [ 86.523015127866231, 27.914647049353835 ], [ 86.530744245628924, 27.935809896751451 ], [ 86.533100437195458, 27.956480048862222 ], [ 86.550543736238751, 27.978714013593962 ], [ 86.567588413333922, 28.006671011689875 ], [ 86.569853464148807, 28.026400360518409 ], [ 86.575178249284988, 28.044920168331814 ], [ 86.585566067702587, 28.058946794229673 ], [ 86.608510034846987, 28.053817732366866 ], [ 86.631315212521656, 28.048205331295918 ], [ 86.652409062261739, 28.057014429120013 ], [ 86.675333462216784, 28.054350307395403 ], [ 86.684106769200667, 28.069678582783503 ], [ 86.705298451001312, 28.074625112569091 ], [ 86.739575269882536, 28.058563580841557 ], [ 86.730061257958823, 28.034616311546024 ], [ 86.732760922019878, 28.005888086743532 ], [ 86.738377791195546, 27.999735592907104 ], [ 86.901245784745711, 27.954259712905188 ], [ 86.951997939908182, 27.937132112195396 ], [ 86.956012658657983, 27.93409727347024 ], [ 86.962741108506535, 27.933503591176461 ], [ 87.042303621091349, 27.906598892492894 ], [ 87.154906729384763, 27.838422436199277 ], [ 87.199062537207894, 27.817659163245537 ], [ 87.235674637986918, 27.814582923758323 ], [ 87.24517635563943, 27.811642116549752 ], [ 87.279215239082433, 27.81235494641426 ], [ 87.310264189475831, 27.824990451241732 ], [ 87.328031185359436, 27.825724970538818 ], [ 87.364711763305607, 27.813122131043222 ], [ 87.392107357420741, 27.81077961766513 ], [ 87.410651559326467, 27.811912940439637 ], [ 87.415477284119405, 27.807530248297528 ], [ 87.442042845544051, 27.807937091000213 ], [ 87.457915845159818, 27.814789567697925 ], [ 87.469490196628783, 27.815491415546706 ], [ 87.52287893689612, 27.831699944141455 ], [ 87.598566352828001, 27.808046876899898 ], [ 87.691342285079884, 27.784735144380523 ], [ 87.716053239888609, 27.793904412536822 ], [ 87.725045513198964, 27.802877488605422 ], [ 87.762353098778746, 27.81700050213686 ], [ 87.801052443907366, 27.837968236981549 ], [ 87.82511392857316, 27.868826840571785 ], [ 87.840904205510583, 27.892891759824149 ], [ 87.850247117975172, 27.899255918027364 ], [ 87.870767418669118, 27.897407367831477 ], [ 87.918838870717394, 27.876035541353151 ], [ 87.988641994082968, 27.85835168427721 ], [ 88.068346986116168, 27.851073234999379 ], [ 88.123639206867992, 27.85166506646712 ], [ 88.124367435364931, 27.85264931967701 ], [ 88.14031837756454, 27.850474181755228 ], [ 88.151313685155912, 27.848973576127218 ], [ 88.173533084455798, 27.848706761188495 ] ] ] } },
{ "type": "Feature", "properties": { "state_name": "North West Province", "id": 21 }, "geometry": { "type": "MultiPolygon", "coordinates": [ [ [ [ 79.615239592122734, 28.793579558864451 ], [ 79.615338728791528, 28.793878918566264 ], [ 79.626485225855035, 28.827523518588858 ], [ 79.615239592122734, 28.793579558864451 ] ] ], [ [ [ 79.055337841597932, 25.087402299729781 ], [ 78.846577422568942, 24.584796289426709 ], [ 78.853765430376555, 24.562024590237971 ], [ 78.829433872692093, 24.48247232425938 ], [ 78.885862503796517, 24.435217644703272 ], [ 78.994987564797242, 24.375111248925332 ], [ 78.93999264280157, 24.289247694866816 ], [ 78.953457045949392, 24.219705577727986 ], [ 78.931854489952471, 24.194020012838422 ], [ 78.887596231801183, 24.192771086545367 ], [ 78.798793680048178, 24.180696341213739 ], [ 78.701533693794801, 24.235592881147824 ], [ 78.619661054399032, 24.285295340739616 ], [ 78.594718283353416, 24.324073304075657 ], [ 78.513634091197389, 24.311653996159095 ], [ 78.39803215183484, 24.371573598734436 ], [ 78.305142892455692, 24.40704841840612 ], [ 78.208574978559867, 24.420749791631724 ], [ 78.209081546465725, 24.440751219872599 ], [ 78.183754766263405, 24.511948394049725 ], [ 78.17484829612232, 24.655368202163189 ], [ 78.146784677136168, 24.78582338518741 ], [ 78.150759871171019, 24.860219817352775 ], [ 78.206927466749789, 24.927771311477489 ], [ 78.276685962710886, 25.031278938541089 ], [ 78.290226303581903, 25.061163085974798 ], [ 78.321257683110645, 25.129582218484199 ], [ 78.323535892108978, 25.213548010729017 ], [ 78.308616437713667, 25.282624329407209 ], [ 78.274680385745853, 25.348305589797828 ], [ 78.254036834166797, 25.440420698900731 ], [ 78.282810465348192, 25.493245063866805 ], [ 78.40847306302129, 25.547654828799939 ], [ 78.630726191110952, 25.590032434036633 ], [ 78.788357172234754, 25.649019659513133 ], [ 78.889415991205809, 25.713161625172965 ], [ 78.923248580714386, 25.780962642515924 ], [ 78.924517988112001, 25.789787693052276 ], [ 78.934196568301701, 25.857008919141972 ], [ 78.937190109993054, 25.883647311800981 ], [ 78.901193741645059, 25.943787558079745 ], [ 78.892722522718771, 26.006999471693906 ], [ 78.948034463709504, 26.081837876147741 ], [ 78.97332555571333, 26.142213440858239 ], [ 78.975332848171561, 26.201319979395919 ], [ 78.992148399588785, 26.260014537960515 ], [ 79.020953138172814, 26.297377109277207 ], [ 79.029942887047042, 26.373458536175708 ], [ 79.027233533503662, 26.41742687917964 ], [ 78.980162276075845, 26.482690111419185 ], [ 78.783776771151651, 26.717761857757704 ], [ 78.769636901586267, 26.70694407679483 ], [ 78.712801069041234, 26.723714074934101 ], [ 78.590873037482581, 26.76694311597749 ], [ 78.474579018079211, 26.788935857179819 ], [ 78.324573006088542, 26.796681576571984 ], [ 78.329904807286198, 26.823491981914312 ], [ 78.303553523810365, 26.87780662874642 ], [ 78.2655396373126, 26.897783502188471 ], [ 78.214761198727899, 26.890596378777182 ], [ 78.156276827237349, 26.845375657362148 ], [ 78.110549403045027, 26.827295480970346 ], [ 78.047555066624426, 26.809572593040055 ], [ 77.929918846469008, 26.838315539443197 ], [ 77.792126433568214, 26.807684022919474 ], [ 77.709518583740277, 26.746026917874115 ], [ 77.659098685172012, 26.693266183839604 ], [ 77.627916359795492, 26.666391792451844 ], [ 77.578212862060838, 26.642234389908314 ], [ 77.541508291017706, 26.664383373144361 ], [ 77.528990652600982, 26.699226033239601 ], [ 77.542114804195052, 26.751516579609024 ], [ 77.603613952967962, 26.824409820906805 ], [ 77.699621815998469, 26.889453793975072 ], [ 77.813603945272732, 26.92303532074888 ], [ 77.870284533985455, 26.952925103941546 ], [ 77.906960537711257, 26.980817521043445 ], [ 77.90437732243565, 27.035771880795128 ], [ 77.865836989200545, 27.040143066008191 ], [ 77.769387806968652, 27.020591059529785 ], [ 77.708899280516206, 26.999089842713779 ], [ 77.671606037755893, 26.999802470988616 ], [ 77.644305813578455, 27.02896561790633 ], [ 77.631762432236641, 27.062623265117725 ], [ 77.640654113033719, 27.100653272061194 ], [ 77.66944317213003, 27.133530553940048 ], [ 77.703786254681404, 27.174649090803221 ], [ 77.707088186456929, 27.200844487127465 ], [ 77.687560858934134, 27.221511791370045 ], [ 77.680440619435345, 27.22221126525957 ], [ 77.642270148809331, 27.225954758555986 ], [ 77.573872021126064, 27.212905003720522 ], [ 77.545466235311039, 27.19671260572791 ], [ 77.490781280982304, 27.198889197482632 ], [ 77.448546954729295, 27.221120947463291 ], [ 77.437392094988908, 27.260708892338734 ], [ 77.453233863147233, 27.312955764606738 ], [ 77.459367641491028, 27.348659319464375 ], [ 77.408118158712341, 27.718040662418808 ], [ 77.422563263317187, 27.744237359911221 ], [ 77.458177685149451, 27.788728784228013 ], [ 77.499267328629102, 27.844382777944954 ], [ 77.503058159423134, 27.84951355180198 ], [ 77.517676981754022, 27.889352649391668 ], [ 77.516711932281609, 27.91730060538476 ], [ 77.507376237268858, 27.966886104457235 ], [ 77.470460369942458, 28.010524385378293 ], [ 77.459835194944432, 28.040077982738417 ], [ 77.453516825435614, 28.081728798467363 ], [ 77.472456429473098, 28.132952091262837 ], [ 77.463913865565331, 28.183236976787693 ], [ 77.429966896203211, 28.218936048789015 ], [ 77.399847583335344, 28.245966317907456 ], [ 77.386886161600685, 28.281285701736739 ], [ 77.382751802196069, 28.313585507375112 ], [ 77.350435491838141, 28.352819539183344 ], [ 77.333195539289008, 28.37889809629603 ], [ 77.325041575733195, 28.413413974895764 ], [ 77.32342576842008, 28.450682595393502 ], [ 77.307193027619547, 28.486767686220425 ], [ 77.268538380803605, 28.549251930282878 ], [ 77.250766342306562, 28.577953242290924 ], [ 77.220430484745734, 28.640045297846136 ], [ 77.213202682157245, 28.6824184089818 ], [ 77.187289663713415, 28.725094765670708 ], [ 77.152330181190621, 28.763614055294511 ], [ 77.140697910717009, 28.791014187885523 ], [ 77.142052587806063, 28.817491669778153 ], [ 77.153402216859433, 28.855268660593101 ], [ 77.151093431745522, 28.901141007488995 ], [ 77.145070899019544, 28.924870945974334 ], [ 77.109306188324311, 28.967691045712797 ], [ 77.101845336797226, 29.001468423856945 ], [ 77.104753066752778, 29.024340621496798 ], [ 77.126807412754218, 29.106352527775009 ], [ 77.133233399255161, 29.121293678437077 ], [ 77.135373646032164, 29.126268876164186 ], [ 77.100036548978949, 29.193430774427995 ], [ 77.094499695318632, 29.242216577291881 ], [ 77.11515207270358, 29.293454358930809 ], [ 77.11502934326478, 29.327115285211246 ], [ 77.090406872300193, 29.401982847524106 ], [ 77.094249856730272, 29.429852096181921 ], [ 77.130282247442196, 29.470816103645589 ], [ 77.144959291053397, 29.507102618467702 ], [ 77.147265893292143, 29.569223962602241 ], [ 77.148762221562677, 29.609445985941839 ], [ 77.156572756213023, 29.706709678660193 ], [ 77.165264558547776, 29.729482947635894 ], [ 77.254879762747166, 29.847569776323226 ], [ 77.312619571411574, 29.964718109967986 ], [ 77.341877650450968, 30.008327782236613 ], [ 77.416959191344816, 30.051123539393515 ], [ 77.442606217061595, 30.090029206071552 ], [ 77.4813997156581, 30.159706755684304 ], [ 77.585491533734896, 30.264949049051381 ], [ 77.591423176183454, 30.270936504670281 ], [ 77.697800418736421, 30.340377050716093 ], [ 77.746818416336694, 30.371570704696467 ], [ 77.802972525543467, 30.458667370948689 ], [ 77.761522709085796, 30.551421796909015 ], [ 77.728140507050227, 30.63922349758289 ], [ 77.747992067550513, 30.706811675180123 ], [ 77.808856096973471, 30.805725083577506 ], [ 77.813636360746017, 30.826662069717241 ], [ 77.829473210646412, 30.895946766635507 ], [ 77.788551477031106, 30.963646193710339 ], [ 77.777343192202366, 31.006837160367585 ], [ 77.812105946537685, 31.058576878240014 ], [ 77.883886467667423, 31.095166089137958 ], [ 77.966967373866936, 31.092086244444378 ], [ 78.026227177218914, 31.081164406352663 ], [ 78.13788105077559, 31.104735751015752 ], [ 78.2084614213843, 31.142358812468224 ], [ 78.35528408877164, 31.176780727570652 ], [ 78.435448348966332, 31.168700464665292 ], [ 78.555872029371997, 31.08790776546115 ], [ 78.578556411483461, 31.06462010748827 ], [ 78.621955522448744, 31.076525407752392 ], [ 78.668453272436409, 31.096674958216138 ], [ 78.733745487840395, 31.10076028561021 ], [ 78.789692714253988, 31.078853496819683 ], [ 78.895413639073325, 30.987461463902154 ], [ 78.9481449951803, 30.957241259356927 ], [ 78.999767804605654, 30.967574740728949 ], [ 79.017599358967942, 30.996828553033858 ], [ 79.005705452895981, 31.10927642619421 ], [ 78.961680628856442, 31.21675737456162 ], [ 78.932483384316114, 31.27841780711519 ], [ 78.944961313729152, 31.313382825158751 ], [ 78.980906590090726, 31.372767445180969 ], [ 79.002702875087223, 31.392530535970266 ], [ 79.025892672924101, 31.400385294245289 ], [ 79.075284018012766, 31.39621057503232 ], [ 79.135515995622455, 31.35813899890546 ], [ 79.218542004952027, 31.268262103265339 ], [ 79.302518135473264, 31.111426097341372 ], [ 79.373536473926279, 31.025451402987144 ], [ 79.401754684330101, 31.011044181717963 ], [ 79.413486175795057, 31.005047857736038 ], [ 79.462531595370294, 30.979960466716861 ], [ 79.571492127477143, 30.934137761369957 ], [ 79.630213124876491, 30.927912209941976 ], [ 79.635518531410796, 30.924835883092904 ], [ 79.666905585553209, 30.925652615736187 ], [ 79.670800126946972, 30.92706100628871 ], [ 79.687219804726752, 30.926842739772709 ], [ 79.732627307572201, 30.937856266860955 ], [ 79.764015889223771, 30.939352061427954 ], [ 79.829438648754575, 30.915103325855217 ], [ 80.013613127683399, 30.816531197164188 ], [ 80.027569531589833, 30.809033900769258 ], [ 80.057396108782797, 30.791307341188205 ], [ 80.057797500197452, 30.790696137672832 ], [ 80.061314047671686, 30.779800431992623 ], [ 80.06482996594427, 30.768904706962466 ], [ 80.074459843737174, 30.762832003726139 ], [ 80.082905638114795, 30.757504672249631 ], [ 80.1090957794882, 30.760546487198649 ], [ 80.145270213798725, 30.738996872201465 ], [ 80.198601896823064, 30.674019365186531 ], [ 80.208118656326562, 30.586741401845234 ], [ 80.248864357732813, 30.533668607084454 ], [ 80.295058376298769, 30.495935429311899 ], [ 80.460121368523474, 30.447687384423858 ], [ 80.49743895618667, 30.411996424945613 ], [ 80.59841158593342, 30.399815400165931 ], [ 80.678541137527461, 30.405471946077302 ], [ 80.720565212038821, 30.375358429686333 ], [ 80.809091839273904, 30.287909543771672 ], [ 80.900670516622753, 30.242808610863271 ], [ 81.014354140753753, 30.227859917601631 ], [ 81.038072018634324, 30.192375839727553 ], [ 81.046971902547497, 30.165070212256794 ], [ 81.04550518411483, 30.15526833370938 ], [ 81.02616488488043, 30.16057106962025 ], [ 80.989233057284082, 30.175126701700815 ], [ 80.951386152359859, 30.174712189325888 ], [ 80.903068694316403, 30.150469410191207 ], [ 80.854660275372879, 30.082628902823291 ], [ 80.744885227662564, 29.960304964257375 ], [ 80.727570934851158, 29.930336408649715 ], [ 80.687193561960285, 29.912797212715983 ], [ 80.609251109314002, 29.88327444518201 ], [ 80.537734185631038, 29.850572210800433 ], [ 80.475604610023836, 29.808860559279104 ], [ 80.435600930637705, 29.751195786012321 ], [ 80.427723548687155, 29.71149590276892 ], [ 80.421038764428317, 29.556675542741779 ], [ 80.406502900129169, 29.52939508345294 ], [ 80.358083060340377, 29.479183833975977 ], [ 80.272785670730116, 29.425415976572161 ], [ 80.260350690827252, 29.390167833743153 ], [ 80.259419095157384, 29.308714677449853 ], [ 80.287175525682471, 29.261867734716507 ], [ 80.301946103936615, 29.169071666827872 ], [ 80.293017072453523, 29.137974305604725 ], [ 80.232119152180275, 29.061024448864153 ], [ 80.155158056108817, 28.986086765160088 ], [ 80.107072308533674, 28.950750640748929 ], [ 80.075925961019948, 28.901849669262663 ], [ 80.063063966767302, 28.881637970019341 ], [ 80.066588431918461, 28.837178328434756 ], [ 80.094798888088818, 28.799651513841155 ], [ 80.248221815781918, 28.719415875734491 ], [ 80.338915872304469, 28.685120583712305 ], [ 80.394484215274574, 28.645965426268539 ], [ 80.494981502075035, 28.569016441032083 ], [ 80.516973065571136, 28.563833430020182 ], [ 80.526408892402557, 28.620264355779518 ], [ 80.524364127796957, 28.650721333008452 ], [ 80.535305385271883, 28.673857090234765 ], [ 80.585353194859707, 28.655001555454668 ], [ 80.63293663732658, 28.635874492611062 ], [ 80.697151567007836, 28.557795878716483 ], [ 80.791660047412122, 28.495552413577624 ], [ 80.83018284689247, 28.482825855706057 ], [ 80.896520478687066, 28.468881934304932 ], [ 80.959892281607381, 28.452894252386631 ], [ 81.027830784521186, 28.425246525547376 ], [ 81.079458192197421, 28.430799641203208 ], [ 81.134282848786313, 28.414760322610316 ], [ 81.134150091812842, 28.40548115284906 ], [ 81.215790792548617, 28.357268442190716 ], [ 81.265259106157231, 28.306195688751927 ], [ 81.297824903471678, 28.242800929249473 ], [ 81.327678971635123, 28.179528641626632 ], [ 81.35771239193835, 28.14242812566761 ], [ 81.439341151856098, 28.182631442520723 ], [ 81.528090788763379, 28.096307828913496 ], [ 81.606051696851523, 28.033070122423887 ], [ 81.697572420134961, 27.973894791998806 ], [ 81.780161286710751, 27.923438599700646 ], [ 81.84131823938695, 27.874011646065728 ], [ 81.901560100007288, 27.853154974448092 ], [ 81.931965689985191, 27.868273774051314 ], [ 81.998181776809048, 27.919618051725557 ], [ 82.051169132786598, 27.910956620611572 ], [ 82.201962111607315, 27.843670421645825 ], [ 82.24443714351797, 27.80874152217902 ], [ 82.286884211011497, 27.773804526915203 ], [ 82.426249360329692, 27.700974982208628 ], [ 82.510494923894555, 27.683332563440466 ], [ 82.592759543442341, 27.714471741494862 ], [ 82.699833372380922, 27.73703795180322 ], [ 82.737968354582236, 27.709947360044872 ], [ 82.755357439532318, 27.635308592034029 ], [ 82.773294977931542, 27.530940555457807 ], [ 82.828596764080814, 27.502872240167584 ], [ 82.904559507017623, 27.503301475202679 ], [ 82.982984257439711, 27.464352930048143 ], [ 83.078348531513626, 27.457630244341264 ], [ 83.198238569353961, 27.458889318014613 ], [ 83.258645537077584, 27.394749623459589 ], [ 83.32806899795807, 27.32767976636438 ], [ 83.35733967816671, 27.310488807960439 ], [ 83.388662221428362, 27.314969115122537 ], [ 83.393431423170171, 27.349813901491999 ], [ 83.410135497166664, 27.471291564116569 ], [ 83.447758835937634, 27.489886294626888 ], [ 83.514259857265699, 27.496247591297276 ], [ 83.633323300303928, 27.467024710668625 ], [ 83.725770906939687, 27.425152981222375 ], [ 83.785044244097577, 27.381543125514941 ], [ 83.835206813701916, 27.330905400946328 ], [ 83.859160262924789, 27.26226007398769 ], [ 83.880139344734587, 27.126188205951426 ], [ 83.895668636811578, 27.081553814917633 ], [ 83.936789510874291, 27.039079163206672 ], [ 84.03222574602313, 27.013965584799394 ], [ 84.090112822849619, 26.970374661283962 ], [ 84.134670415261255, 26.893497171646981 ], [ 84.195635815467071, 26.862956189146313 ], [ 84.198254645271305, 26.817268182210071 ], [ 84.206063540549621, 26.73141565081611 ], [ 84.243210730915209, 26.6948452343429 ], [ 84.281917032506414, 26.625932224854566 ], [ 84.332551235464507, 26.548646849348184 ], [ 84.344241205815379, 26.485309427304731 ], [ 84.321138182359903, 26.460290029949562 ], [ 84.253510231022901, 26.483687839242251 ], [ 84.217571881610951, 26.482240650303581 ], [ 84.142238833627246, 26.462471972843254 ], [ 84.083834907999758, 26.470023467551517 ], [ 84.036943272766138, 26.4900953885709 ], [ 83.994991521609876, 26.492767480833926 ], [ 83.938679255485823, 26.47356858082042 ], [ 83.939640503738843, 26.431770415040294 ], [ 83.965318088781785, 26.382722669248775 ], [ 84.023904682708292, 26.324002067945841 ], [ 84.056133272942958, 26.251773990090857 ], [ 84.060669826885757, 26.202171625210966 ], [ 84.028777750837648, 26.1434974852829 ], [ 84.021086552789768, 26.098460845806176 ], [ 84.063664030679405, 26.078699613373917 ], [ 84.084472651347539, 26.072416775448826 ], [ 84.127263630350896, 26.059485966685344 ], [ 84.178022074877575, 26.010731303003332 ], [ 84.202806987911103, 25.952258373778818 ], [ 84.257955996679428, 25.933544954434598 ], [ 84.301021725711493, 25.947824323736864 ], [ 84.345712721609445, 25.929756544009766 ], [ 84.362078025146545, 25.898361479630818 ], [ 84.423411002052831, 25.879190354451257 ], [ 84.483239807003798, 25.867676143526904 ], [ 84.527246928487472, 25.842027656080393 ], [ 84.523441675696219, 25.794905096558146 ], [ 84.50670325002416, 25.742950115688966 ], [ 84.438418678896127, 25.700052088564348 ], [ 84.370624585322261, 25.662765056135918 ], [ 84.281137598646481, 25.668534101244479 ], [ 84.159809221508311, 25.668682816448101 ], [ 84.079734067621388, 25.63390550102574 ], [ 84.000835404182084, 25.614173105402852 ], [ 83.950860576281642, 25.617267576181241 ], [ 83.850746130727316, 25.621517701428445 ], [ 83.825594089896057, 25.592695892904981 ], [ 83.764245548565626, 25.469290701948218 ], [ 83.719468365049821, 25.428336738992662 ], [ 83.643296219946095, 25.356964118859747 ], [ 83.629846683998224, 25.285645494829783 ], [ 83.558386149194405, 25.219616688282624 ], [ 83.455608047365729, 25.181916950950757 ], [ 83.433353453763402, 25.172283331139791 ], [ 83.37819674449311, 25.148383233817849 ], [ 83.336402928957554, 25.08620658103429 ], [ 83.318905798173148, 25.04352726385768 ], [ 83.236696407854609, 24.998769895055851 ], [ 83.218801001015564, 24.937644206949759 ], [ 83.264226595634, 24.906633357288495 ], [ 83.290636760860394, 24.844637831198312 ], [ 83.285035536927623, 24.79985753383983 ], [ 83.265336713278671, 24.748146852436879 ], [ 83.301575833923863, 24.677899653491842 ], [ 83.345589853577877, 24.656458639361414 ], [ 83.413803937348021, 24.618815896589123 ], [ 83.440328668273921, 24.588847730465545 ], [ 83.445157625085756, 24.516210952216671 ], [ 83.443994407101442, 24.470011331546509 ], [ 83.41642819449298, 24.445461006600674 ], [ 83.391069362055688, 24.434423402903331 ], [ 83.354975362784685, 24.427537153399264 ], [ 83.319912240728485, 24.420287454374716 ], [ 83.302782825352423, 24.396317190914136 ], [ 83.308427146149754, 24.363968962612141 ], [ 83.340814770266746, 24.324804275795032 ], [ 83.348686125952284, 24.267419220960427 ], [ 83.347939215687987, 24.226528516890571 ], [ 83.313558909386771, 24.205286498320529 ], [ 83.281583394977133, 24.191021848379762 ], [ 83.279624357938914, 24.160871767738104 ], [ 83.269257164021113, 24.114627699901384 ], [ 83.231103705070325, 24.100326826095312 ], [ 83.198959094955669, 24.058633182635699 ], [ 83.194102277392659, 24.019021748824873 ], [ 83.159260210678696, 23.995259531439373 ], [ 83.093936054900112, 23.979517309349305 ], [ 83.023275654802106, 23.927700719175522 ], [ 82.975706290248951, 23.910249734775235 ], [ 82.890094411649102, 23.904010047675776 ], [ 82.74352039235076, 23.915070442126641 ], [ 82.676480264204557, 23.89564965985231 ], [ 82.629802481418437, 23.893557822941897 ], [ 82.635797429340016, 23.902358564161023 ], [ 82.634638264718831, 23.935198840500899 ], [ 82.620402957521222, 23.9829466353426 ], [ 82.616235115621194, 24.017363824101093 ], [ 82.651772734348114, 24.066893761044405 ], [ 82.685451755179486, 24.110803078352728 ], [ 82.698169634906876, 24.141513596921943 ], [ 82.69505569118536, 24.218633725331895 ], [ 82.631658008257048, 24.301664588254269 ], [ 82.624149622628451, 24.331977355612668 ], [ 82.642233111134473, 24.373823410017195 ], [ 82.702489309841866, 24.417787846007769 ], [ 82.707069221604442, 24.44178232500288 ], [ 82.66051600245045, 24.495474193827597 ], [ 82.698405816608272, 24.529167386844776 ], [ 82.713387060389593, 24.595383907030058 ], [ 82.689264132202013, 24.65933896204756 ], [ 82.64280688932746, 24.690231818481458 ], [ 82.552589733889107, 24.694825062486718 ], [ 82.520874541430132, 24.686447055629799 ], [ 82.505520741466242, 24.638745708750939 ], [ 82.482215989812772, 24.614250382307233 ], [ 82.447582935373546, 24.608849342963989 ], [ 82.419893985647732, 24.641594385767593 ], [ 82.379533445181394, 24.645018095367984 ], [ 82.324220358956353, 24.606381804233141 ], [ 82.252894404009908, 24.559936940840753 ], [ 82.22735966550951, 24.576859341911977 ], [ 82.226958608829449, 24.623946140171125 ], [ 82.208207771683632, 24.650524594991957 ], [ 82.188139013651522, 24.681444683565786 ], [ 82.183964947684188, 24.744406536224307 ], [ 82.176919995789149, 24.784685236790914 ], [ 82.102286563059124, 24.791116563603499 ], [ 82.060592039874749, 24.827338954303503 ], [ 82.04390697081972, 24.863797068046285 ], [ 81.994159188504966, 24.869000483988778 ], [ 81.92956511650938, 24.860611699800234 ], [ 81.897996815595391, 24.8834846982895 ], [ 81.854751772430504, 24.926286709608636 ], [ 81.822348559846418, 24.95833458283656 ], [ 81.778389911131782, 24.956069613242132 ], [ 81.727787419436126, 24.975502332923405 ], [ 81.659167920910861, 25.038554495284359 ], [ 81.613991377057644, 25.043436448658912 ], [ 81.600044447018647, 25.075465636013814 ], [ 81.574803293278521, 25.130839750426176 ], [ 81.517445909023124, 25.14337856592206 ], [ 81.483299745226503, 25.120611292822979 ], [ 81.472540478362333, 25.065399719211204 ], [ 81.430087763306318, 25.062968624197506 ], [ 81.358270904057733, 25.098918181668601 ], [ 81.266598693722855, 25.115688964073154 ], [ 81.250763369942661, 25.111524013313943 ], [ 81.187106653804307, 25.094759998100844 ], [ 81.17853574233753, 25.017989944123492 ], [ 81.176953326030869, 24.955210349784572 ], [ 81.117910292779655, 24.901948629282256 ], [ 81.060147240073476, 24.905743745241878 ], [ 80.996635475161298, 24.952607193467337 ], [ 80.934294142227515, 24.992259672580783 ], [ 80.85979706215825, 25.008082427919593 ], [ 80.842506698077329, 25.040200311641513 ], [ 80.842294545073102, 25.101650347322071 ], [ 80.793723052143449, 25.136428235273986 ], [ 80.790225891121082, 25.195152824072974 ], [ 80.788435436244271, 25.256668616080724 ], [ 80.738647406463556, 25.267192903888954 ], [ 80.687987717266623, 25.19198748763079 ], [ 80.697952532868371, 25.068699320715876 ], [ 80.68505814879326, 24.993451379921961 ], [ 80.648857826975657, 24.990547145972727 ], [ 80.622439226165099, 25.030140188306273 ], [ 80.628382159642996, 25.091370999431788 ], [ 80.60083195378634, 25.106709597616558 ], [ 80.561008015112634, 25.093919835648204 ], [ 80.514318268718426, 25.102815137940947 ], [ 80.467873561358473, 25.117405227002457 ], [ 80.449171740702198, 25.085217451976224 ], [ 80.452842637481822, 25.026472966157705 ], [ 80.486178125072044, 24.92946992798689 ], [ 80.411612399575347, 24.945069949523848 ], [ 80.373333859448934, 25.002214470182267 ], [ 80.33826591539038, 25.097838858374573 ], [ 80.314324687331478, 25.197350343019618 ], [ 80.257410662652816, 25.26230054309077 ], [ 80.229870456338332, 25.298312071934564 ], [ 80.202314921651649, 25.334320918813724 ], [ 80.154705190437156, 25.36173763849688 ], [ 80.095419005850133, 25.3366369411448 ], [ 80.001135546343306, 25.339876285768799 ], [ 79.954976342624633, 25.327138053790556 ], [ 79.929848212815017, 25.250749721955593 ], [ 79.887237784999442, 25.207829966639231 ], [ 79.832225164834867, 25.208212003130647 ], [ 79.794819063779684, 25.17653263402385 ], [ 79.803062161977266, 25.106173901485835 ], [ 79.764129601055245, 25.074531611371103 ], [ 79.686017460353455, 25.085607323971939 ], [ 79.616106974075834, 25.106402223930228 ], [ 79.523757107714559, 25.073484337421476 ], [ 79.473290425097844, 25.024936788839518 ], [ 79.424710351308903, 25.027824615162292 ], [ 79.40973868432647, 25.048303592345118 ], [ 79.360234146244181, 25.06980177053736 ], [ 79.35208325288221, 25.10581659516841 ], [ 79.351888119958517, 25.188820516947306 ], [ 79.40607441351041, 25.208677610065859 ], [ 79.451473534133001, 25.245948748980933 ], [ 79.445336820100223, 25.293352933443408 ], [ 79.366311985988787, 25.284270269888914 ], [ 79.331718488709953, 25.294371674292343 ], [ 79.311787660007596, 25.300187257178422 ], [ 79.291639423593679, 25.353725321522564 ], [ 79.247785861467918, 25.360723723027579 ], [ 79.230028852932733, 25.348355747283531 ], [ 79.201643456783273, 25.256143767562861 ], [ 79.205223463193803, 25.177327166296269 ], [ 79.236980732398862, 25.140641263211009 ], [ 79.188247719700371, 25.094799808349219 ], [ 79.169956429771176, 25.065260241312956 ], [ 79.122913528663886, 25.060374062200598 ], [ 79.100515948460966, 25.075904746998457 ], [ 79.081186080635149, 25.085384202316817 ], [ 79.055337841597932, 25.087402299729781 ] ], [ [ 77.905017841742676, 29.115128953800991 ], [ 77.905018064965006, 29.115129045947562 ], [ 77.909198903758494, 29.164337634783198 ], [ 77.905017841742676, 29.115128953800991 ] ], [ [ 77.905017841742676, 29.115128953800991 ], [ 77.904726234157721, 29.111694189232249 ], [ 77.905018055657393, 29.115128936396591 ], [ 77.905017841742676, 29.115128953800991 ] ], [ [ 78.680096222941316, 29.052067498755299 ], [ 78.903077741479564, 28.72285311079624 ], [ 79.615239592122734, 28.793579558864451 ], [ 79.816940006151768, 28.959572307471511 ], [ 78.680096222941316, 29.052067498755299 ] ], [ [ 79.816940006151768, 28.959572307471511 ], [ 79.887416971965933, 28.97132564198305 ], [ 79.828376691432467, 28.961482358050638 ], [ 79.816940006151768, 28.959572307471511 ] ], [ [ 79.933467803980605, 27.20156454836685 ], [ 80.583168408491744, 26.242333540017249 ], [ 81.668805079606571, 26.596925772004418 ], [ 81.522459226060207, 27.025319326588104 ], [ 80.762838196536691, 27.03266017242926 ], [ 80.762840520910189, 27.032662386535453 ], [ 80.907078077991173, 27.125135074106822 ], [ 80.13427069711669, 27.685012231820814 ], [ 79.933467803980605, 27.20156454836685 ] ], [ [ 81.668805079606571, 26.596925772004418 ], [ 81.657122728112867, 26.567876767183897 ], [ 81.69922865150923, 26.672479373159586 ], [ 81.668805079606571, 26.596925772004418 ] ], [ [ 81.522459226060207, 27.025319326588104 ], [ 81.64359265592752, 26.880677286860639 ], [ 81.548564212796549, 26.994182046150453 ], [ 81.522459226060207, 27.025319326588104 ] ], [ [ 79.918380503300142, 25.931431240290525 ], [ 79.708046385163712, 25.95649990914481 ], [ 79.743819683688073, 25.918651732315269 ], [ 79.770202702984221, 25.89298988086367 ], [ 79.80986273840665, 25.883094897256193 ], [ 79.878646442135334, 25.915119693744305 ], [ 79.918380503300142, 25.931431240290525 ] ], [ [ 79.708046385163712, 25.95649990914481 ], [ 79.925109079748154, 26.02739724284929 ], [ 79.909887951563562, 26.066872631369545 ], [ 79.899801657069844, 26.128716636247177 ], [ 79.879734810137649, 26.179458462937809 ], [ 79.835825317328499, 26.190956324061872 ], [ 79.790324132044788, 26.163874388629939 ], [ 79.729818632584198, 26.078621114251607 ], [ 79.695441144025835, 26.011081737374177 ], [ 79.708046385163712, 25.95649990914481 ] ], [ [ 79.417462937835026, 25.959245011566232 ], [ 79.377442919668837, 25.862893884488003 ], [ 79.368460778020165, 25.864654813815481 ], [ 79.319490081016824, 25.851813265570748 ], [ 79.297356861449174, 25.822896972334853 ], [ 79.36180467000942, 25.825243652197802 ], [ 79.327195265579846, 25.741918974271663 ], [ 79.337158204412646, 25.729176389484298 ], [ 79.394984394329654, 25.726486383078893 ], [ 79.426551633213734, 25.754146285447309 ], [ 79.436317618740958, 25.79009668757611 ], [ 79.437707248370344, 25.803003060003984 ], [ 79.440412477748083, 25.828105927325719 ], [ 79.486994817069757, 25.829802087988078 ], [ 79.493516294189391, 25.836411600857357 ], [ 79.507903947194464, 25.850987907667722 ], [ 79.417462937835026, 25.959245011566232 ] ], [ [ 79.507903947194464, 25.850987907667722 ], [ 79.486996375285486, 25.829802144725981 ], [ 79.626058655958872, 25.834865693992313 ], [ 79.507903947194464, 25.850987907667722 ] ], [ [ 79.626058655958872, 25.834865693992313 ], [ 79.56228250993972, 25.820791559191164 ], [ 79.537275530876755, 25.782702352629652 ], [ 79.554104693862541, 25.762032004484713 ], [ 79.591032219522219, 25.746563021577224 ], [ 79.674070474486669, 25.749280563949828 ], [ 79.670536747457277, 25.810192966393792 ], [ 79.626058655958872, 25.834865693992313 ] ], [ [ 78.477359220229047, 29.351392477354935 ], [ 78.788545030843991, 29.479850525050722 ], [ 78.140698167136179, 29.848445611041484 ], [ 78.477359220229047, 29.351392477354935 ] ], [ [ 78.140698167136179, 29.848445611041484 ], [ 78.152736701033476, 29.874404262818249 ], [ 78.145891700216708, 29.859646404765332 ], [ 78.140698167136179, 29.848445611041484 ] ], [ [ 80.870616797343729, 25.817938971238256 ], [ 80.947925182300111, 25.703799320542711 ], [ 81.291427852609374, 25.767784611650079 ], [ 80.870616797343729, 25.817938971238256 ] ], [ [ 81.240086461517919, 25.27244654586633 ], [ 81.229319754123964, 25.246242926117574 ], [ 81.250858958427571, 25.298648451096071 ], [ 81.240086461517919, 25.27244654586633 ] ], [ [ 79.887172494558229, 25.425965121977619 ], [ 79.623408575448821, 25.455895082256028 ], [ 79.623256118129873, 25.455838581017122 ], [ 79.619463609287124, 25.45634272756293 ], [ 79.623583466703778, 25.412908982869883 ], [ 79.647984041729728, 25.381737296607799 ], [ 79.729161752011564, 25.343382034357358 ], [ 79.774361017491771, 25.341920569316827 ], [ 79.810652447099102, 25.363981108772894 ], [ 79.87833325142627, 25.383203193499128 ], [ 79.887172494558229, 25.425965121977619 ] ], [ [ 79.629823604833433, 25.458272515562264 ], [ 79.846069783449664, 25.498553351449676 ], [ 79.836377328821214, 25.515112325206903 ], [ 79.789504831043885, 25.525595179740996 ], [ 79.743182814949009, 25.500283852617667 ], [ 79.629823604833433, 25.458272515562264 ] ], [ [ 80.074174239085252, 27.728550421211875 ], [ 80.074171890223198, 27.7285521228962 ], [ 80.063632604886521, 27.730866035982867 ], [ 80.074174239085252, 27.728550421211875 ] ], [ [ 78.840198777224103, 24.605003918148316 ], [ 79.022157232311457, 25.08975076228878 ], [ 78.985246414051346, 25.055192386480527 ], [ 78.930589928406363, 25.086474170736395 ], [ 78.948771274676062, 25.142653270389818 ], [ 78.943952087520969, 25.196462168805148 ], [ 78.922079503350815, 25.229849756318497 ], [ 78.862639636782944, 25.216505770867563 ], [ 78.814618978427333, 25.25354479269107 ], [ 78.833442546424976, 25.330600688997077 ], [ 78.886380341594773, 25.34412355245157 ], [ 79.035311392779391, 25.381860319506089 ], [ 79.06237013226, 25.50337274115655 ], [ 78.986666549106033, 25.499489908611025 ], [ 78.90497494365502, 25.513620574655953 ], [ 78.864424551633789, 25.478908673406469 ], [ 78.829163630270514, 25.506676352773344 ], [ 78.76339307321355, 25.505399294585395 ], [ 78.705733931845742, 25.447216041033148 ], [ 78.633692865263939, 25.454984386992464 ], [ 78.579662673202648, 25.405602758321059 ], [ 78.510480253664582, 25.39832356139646 ], [ 78.471309576853145, 25.291858670000853 ], [ 78.513239095743344, 25.073000342394781 ], [ 78.524259797235729, 24.979643349313093 ], [ 78.558555821652718, 24.915822473196741 ], [ 78.612637414938433, 24.885883345494189 ], [ 78.679617720056598, 24.868495289289871 ], [ 78.725831254452672, 24.787170015977516 ], [ 78.706763938449015, 24.726077695999908 ], [ 78.677263261446356, 24.682418792184425 ], [ 78.666109779681634, 24.622555027432291 ], [ 78.693651838017274, 24.600403294059806 ], [ 78.772708499569745, 24.625642686646309 ], [ 78.832353033488744, 24.629859333033124 ], [ 78.840198777224103, 24.605003918148316 ] ], [ [ 79.374044779940888, 27.605431581306618 ], [ 79.374044919565023, 27.605431737315872 ], [ 79.311369850697773, 27.609753902086975 ], [ 79.374044779940888, 27.605431581306618 ] ], [ [ 77.972157548683285, 28.630401263492153 ], [ 77.962697040340572, 28.627847401182947 ], [ 77.957439486037998, 28.626427777484501 ], [ 77.972157548683285, 28.630401263492153 ] ] ], [ [ [ 80.762838196536691, 27.03266017242926 ], [ 80.757690954221374, 27.027757113127837 ], [ 80.762837084147051, 27.0326601831792 ], [ 80.762838196536691, 27.03266017242926 ] ] ], [ [ [ 80.762837084147051, 27.0326601831792 ], [ 80.778663106253859, 27.047734355075008 ], [ 80.762840520910189, 27.032662386535453 ], [ 80.762837084147051, 27.0326601831792 ] ] ], [ [ [ 79.440412477748083, 25.828105927325719 ], [ 79.36180467000942, 25.825243652197802 ], [ 79.377442919668837, 25.862893884488003 ], [ 79.426029898893987, 25.853368512923211 ], [ 79.44277132338874, 25.849994566284469 ], [ 79.440412477748083, 25.828105927325719 ] ] ] ] } },
{ "type": "Feature", "properties": { "state_name": "North east frontier agency", "id": 22 }, "geometry": { "type": "Polygon", "coordinates": [ [ [ 93.901710739904757, 27.048311927379206 ], [ 93.822453587647701, 27.017119094943247 ], [ 93.701640315249023, 27.006038848796717 ], [ 93.406231246346039, 26.949057042267242 ], [ 93.235478636584645, 26.925658462243415 ], [ 93.162947024934013, 26.901711795478676 ], [ 93.11953635876695, 26.905164978135307 ], [ 93.077942212567777, 26.911842897278873 ], [ 92.953004100786671, 26.955032721924432 ], [ 92.895947381733919, 26.962533624957295 ], [ 92.82615429110632, 26.963548965179541 ], [ 92.713293017435646, 26.938765551328373 ], [ 92.576118837028218, 26.90769468914301 ], [ 92.455624958774919, 26.908023358959834 ], [ 92.319644332389245, 26.900892531625868 ], [ 92.231055463370183, 26.881834997063351 ], [ 92.173201329838122, 26.875488860773483 ], [ 92.180403107251394, 26.954851388923348 ], [ 92.080776051751485, 27.048794090416202 ], [ 92.095476813925345, 27.192434046180349 ], [ 92.146641544051406, 27.219741162975829 ], [ 92.164072193749902, 27.264091021491058 ], [ 92.12130910665924, 27.314889066457869 ], [ 92.120481978395318, 27.383674015510007 ], [ 92.092116682594821, 27.426844414318612 ], [ 91.998318238636529, 27.452646150129311 ], [ 91.880687722601678, 27.468554351765587 ], [ 91.748933391785528, 27.469793773051379 ], [ 91.640814830683851, 27.488972062149358 ], [ 91.579917546417462, 27.534935572685058 ], [ 91.562369872232381, 27.590735571246316 ], [ 91.580146579953393, 27.663193169590073 ], [ 91.614513130905252, 27.732430965720283 ], [ 91.61005435117174, 27.787800192955679 ], [ 91.598048123697566, 27.803282295349543 ], [ 91.641132974688574, 27.855645197062202 ], [ 91.667713570224862, 27.852352787341164 ], [ 91.716431423036298, 27.844441306489752 ], [ 91.79406869102327, 27.834758567222423 ], [ 91.851118922971125, 27.760680489255833 ], [ 91.868097788727141, 27.751121831898626 ], [ 91.910257242177224, 27.753265715092695 ], [ 91.936700617235303, 27.771514374029312 ], [ 91.938079276212392, 27.772114668571373 ], [ 92.023895494083988, 27.822847198246365 ], [ 92.081629633743759, 27.849071182543099 ], [ 92.100803315932893, 27.859325997125509 ], [ 92.185252672877994, 27.89104086128809 ], [ 92.20978838464454, 27.899020301965958 ], [ 92.245785385317077, 27.89064399007076 ], [ 92.286038099342221, 27.861278564853638 ], [ 92.341648575796938, 27.846621585312768 ], [ 92.423464322273219, 27.880468659181787 ], [ 92.52184663245238, 27.902766647525688 ], [ 92.532101875530486, 27.90990393404007 ], [ 92.537429482701029, 27.908887495597405 ], [ 92.560079714970001, 27.906803311706643 ], [ 92.578318003044075, 27.915576749396028 ], [ 92.625576543590086, 27.953146097661438 ], [ 92.646034416005165, 27.974680922404147 ], [ 92.668936768990676, 27.992146345192417 ], [ 92.697505564497362, 28.006040285793912 ], [ 92.717424176883156, 28.018292320521979 ], [ 92.731848200186846, 28.035017396107598 ], [ 92.72496304302031, 28.055556835522701 ], [ 92.708713284087864, 28.076430471772159 ], [ 92.701416899239732, 28.088623689578 ], [ 92.69514300292677, 28.100679281618678 ], [ 92.693147041553999, 28.125233739203406 ], [ 92.694385252824475, 28.150286540115392 ], [ 92.699979868689567, 28.18222395098427 ], [ 92.734096062147472, 28.209355486862432 ], [ 92.745187728889817, 28.216944714496204 ], [ 92.772291296470925, 28.225836717786194 ], [ 92.812877880120283, 28.229592894880913 ], [ 92.848653862907227, 28.230272273660621 ], [ 92.87152077400691, 28.241727808215064 ], [ 92.874842859085689, 28.240574076965931 ], [ 92.920101249887182, 28.265169524360655 ], [ 92.937495787125613, 28.282000306288229 ], [ 92.961158907194871, 28.289157700053625 ], [ 92.990608399000763, 28.29995378384945 ], [ 92.997947453730234, 28.304260032941542 ], [ 93.007845660610116, 28.304405311736986 ], [ 93.033542976064908, 28.307378620197994 ], [ 93.038289491204097, 28.310453928574695 ], [ 93.057114060127006, 28.321841538439845 ], [ 93.069179684520932, 28.343080605603024 ], [ 93.094329360296285, 28.356173415218368 ], [ 93.163862291665069, 28.357572268988257 ], [ 93.192964455950161, 28.366491056969174 ], [ 93.203004703852272, 28.379313351557826 ], [ 93.204935737625632, 28.379590933907622 ], [ 93.24030827657333, 28.389549023711229 ], [ 93.26034695525415, 28.401655355404738 ], [ 93.275919642988796, 28.42371639403283 ], [ 93.266479562438377, 28.440909068517559 ], [ 93.264698841371768, 28.459821396557771 ], [ 93.267283072475365, 28.496781371834814 ], [ 93.274533001896671, 28.519086021883371 ], [ 93.296823505938733, 28.531794736866793 ], [ 93.327472609273954, 28.544244418731875 ], [ 93.339707545918358, 28.559302254489971 ], [ 93.347685152785743, 28.5740307405514 ], [ 93.34985035107735, 28.597051069184261 ], [ 93.34828548386011, 28.61127160416396 ], [ 93.356919777611949, 28.646437440539344 ], [ 93.377250869661054, 28.662008712148875 ], [ 93.450698958333177, 28.688942480473475 ], [ 93.534774071130897, 28.708411350663251 ], [ 93.694440755245779, 28.716708741435443 ], [ 93.771505729035539, 28.712791064874022 ], [ 93.860270325214316, 28.714524749789511 ], [ 93.938808219506342, 28.717709508143862 ], [ 93.960050839033059, 28.732291336163307 ], [ 93.978176901365089, 28.731452635539306 ], [ 94.021283739555699, 28.737171843730934 ], [ 94.037852391060653, 28.74681972509131 ], [ 94.061710069306287, 28.750722800887743 ], [ 94.065718488700185, 28.765959564069597 ], [ 94.071560209929842, 28.774403407956221 ], [ 94.075081505438803, 28.792507091801724 ], [ 94.079135847500496, 28.813326211441137 ], [ 94.08496200259556, 28.843196893935652 ], [ 94.097948708720764, 28.871997952625197 ], [ 94.113658620031174, 28.898526370249662 ], [ 94.155061476204381, 28.937963049624813 ], [ 94.206338558782363, 28.989863254697283 ], [ 94.230109220518742, 29.014220567257489 ], [ 94.260141472463616, 29.04880149682748 ], [ 94.288456041260531, 29.079906012260647 ], [ 94.308487563366299, 29.101082270008373 ], [ 94.332799712892196, 29.122532699121447 ], [ 94.401974984970025, 29.167854791250168 ], [ 94.522032686604831, 29.241390972695125 ], [ 94.529040653389657, 29.243210082585986 ], [ 94.577862284608386, 29.245068866210264 ], [ 94.633017069735686, 29.246750515506108 ], [ 94.669499119865804, 29.265281222198031 ], [ 94.685007477816512, 29.284278529404077 ], [ 94.689845868673586, 29.307733301906985 ], [ 94.698316173020004, 29.333414997249111 ], [ 94.713663826107677, 29.351501722718062 ], [ 94.722016742359131, 29.355347717902962 ], [ 94.757721637234567, 29.348196676740763 ], [ 94.79456428739924, 29.333020958036638 ], [ 94.808178801116867, 29.308475001576234 ], [ 94.805044039505233, 29.27540909374283 ], [ 94.795419641231177, 29.232190977471006 ], [ 94.814691335804469, 29.20489940983455 ], [ 94.901554043136073, 29.196671796725376 ], [ 94.907517495963305, 29.195720696836752 ], [ 94.912544567205728, 29.192745072946931 ], [ 94.892847244167669, 29.122312471951105 ], [ 94.858328298429043, 29.042000056392489 ], [ 94.813483557151798, 28.988718464762137 ], [ 94.768684188904004, 28.968582805536091 ], [ 94.730198848263242, 28.927009760981534 ], [ 94.706343117154034, 28.839203710467441 ], [ 94.696828286510112, 28.817502035303143 ], [ 94.62392001123014, 28.726694879438508 ], [ 94.63073639881685, 28.687467996866381 ], [ 94.635294173746232, 28.663631567144805 ], [ 94.651546501793717, 28.551242151356316 ], [ 94.673808229113703, 28.49697768143324 ], [ 94.748340467958101, 28.422108275391839 ], [ 94.772906047078749, 28.373295650706272 ], [ 94.794153751122707, 28.246379525092525 ], [ 94.822094368342235, 28.147386874485019 ], [ 94.882484225888589, 28.08858472055455 ], [ 94.962184294345718, 28.069588372579506 ], [ 95.064916085503228, 28.068974931474983 ], [ 95.144541907304571, 28.056805361297442 ], [ 95.164480887702425, 27.978732575228022 ], [ 95.208506691904645, 27.81047053741451 ], [ 95.234078705056447, 27.761579300430121 ], [ 95.284576306857829, 27.741168521019837 ], [ 95.244092945152133, 27.648478723118821 ], [ 95.200686762412133, 27.627413033675413 ], [ 95.103345094066185, 27.638486233520016 ], [ 95.039055279345959, 27.654658778574792 ], [ 94.962869049490436, 27.630117756869971 ], [ 94.84768460546502, 27.585474529551067 ], [ 94.737083964619714, 27.548322045883108 ], [ 94.701439692028856, 27.5517438418461 ], [ 94.599420615919186, 27.521482553259322 ], [ 94.502748066198393, 27.457976115586728 ], [ 94.428571753382471, 27.386474122827753 ], [ 94.39074562125225, 27.354962827416674 ], [ 94.316508150114473, 27.345320931676046 ], [ 94.277799039965686, 27.32590951018727 ], [ 94.244506802689983, 27.278880590773049 ], [ 94.230502302821691, 27.241107936792645 ], [ 94.194319337280632, 27.206491922694287 ], [ 94.133256449777306, 27.177238503458724 ], [ 94.079335997048844, 27.176544668825478 ], [ 94.01074158904737, 27.163084289899849 ], [ 93.956901574350056, 27.121590995678297 ], [ 93.924460129367503, 27.077997644076294 ], [ 93.901710739904757, 27.048311927379206 ] ] ] } },
{ "type": "Feature", "properties": { "state_name": "Punjab", "id": 23 }, "geometry": { "type": "MultiPolygon", "coordinates": [ [ [ [ 75.586365961607825, 28.458457047406398 ], [ 75.588384570905859, 28.530095393696495 ], [ 75.578964568866695, 28.539141983136748 ], [ 75.54640615821036, 28.570392933333583 ], [ 75.459385896242097, 28.715440949961348 ], [ 75.451412815527902, 28.751290492834382 ], [ 75.489043457217633, 28.801310895705232 ], [ 75.494248482255983, 28.870070262737226 ], [ 75.481411179462654, 28.910237122952232 ], [ 75.439174764367635, 28.934740240874568 ], [ 75.405019784115765, 28.947743152258248 ], [ 75.377440688154948, 28.979346389245958 ], [ 75.354832896498962, 29.039588004081509 ], [ 75.306032810709723, 29.078395062311493 ], [ 75.186926323679259, 29.058553823291124 ], [ 75.124963002761234, 29.064357236410782 ], [ 75.004279801842472, 29.131759490596529 ], [ 74.898157565810195, 29.177571789783606 ], [ 74.811628494258542, 29.176045196821104 ], [ 74.728435453955541, 29.148678525975296 ], [ 74.6500608697487, 29.157093742313378 ], [ 74.599330997605193, 29.189906488121917 ], [ 74.545175594303757, 29.251344052862862 ], [ 74.546486743680731, 29.324420809277825 ], [ 74.618083368855565, 29.416342721689158 ], [ 74.621154138832821, 29.47079652226142 ], [ 74.601360525355815, 29.507990270149335 ], [ 74.558781111466232, 29.506423069598622 ], [ 74.501581863651722, 29.48043164788735 ], [ 74.477012838863743, 29.481770088609863 ], [ 74.458840851802634, 29.511784870656026 ], [ 74.483096726067743, 29.573488712863902 ], [ 74.520494396392934, 29.636668674805961 ], [ 74.520208906002424, 29.696841309875207 ], [ 74.505236656151524, 29.738334353863021 ], [ 74.446028340849779, 29.758157296454186 ], [ 74.340964836884126, 29.754810307948663 ], [ 74.27200804947806, 29.754448845641942 ], [ 74.192995250442806, 29.779777967487682 ], [ 74.142258490361016, 29.759401799641747 ], [ 74.08513271914515, 29.72177087003746 ], [ 74.029580325296052, 29.695588195582651 ], [ 73.967393596668643, 29.679359305774788 ], [ 73.885119107504138, 29.701613977953087 ], [ 73.86322409581058, 29.751567970780911 ], [ 73.880628299954353, 29.810451652909098 ], [ 73.940571705301821, 29.889737071228048 ], [ 73.959717667705149, 29.945759196478274 ], [ 73.935865969617225, 30.022925843091993 ], [ 73.914160435613653, 30.065869756884926 ], [ 73.927805045598191, 30.077963503874788 ], [ 73.935553928822316, 30.123389435503206 ], [ 73.935547619766751, 30.123411460721904 ], [ 73.919851622799214, 30.178173708037438 ], [ 73.882482444681713, 30.243501000803295 ], [ 73.877109114189764, 30.264753795368094 ], [ 73.885533302159303, 30.297259405650152 ], [ 73.89465271342749, 30.342697928335141 ], [ 73.906706193516442, 30.372642045828048 ], [ 73.93530366435489, 30.401527253462874 ], [ 74.002582609792057, 30.421157915315533 ], [ 74.056170999834094, 30.434687314693239 ], [ 74.072731573163907, 30.451014390577047 ], [ 74.11351872353859, 30.49119467064596 ], [ 74.22505349307815, 30.679319868993069 ], [ 74.286646654270356, 30.754876252373865 ], [ 74.356674551121884, 30.824477174400034 ], [ 74.407601509348353, 30.865305774003005 ], [ 74.476619993365659, 30.896639346351641 ], [ 74.594106938169247, 30.937647078062547 ], [ 74.598229870780543, 30.942914182534864 ], [ 74.617529938797247, 30.967560891573015 ], [ 74.617535882624978, 30.967589622052117 ], [ 74.620923850698787, 30.983963140981448 ], [ 74.669391100086088, 31.011300127014692 ], [ 74.666487677329883, 31.029399891311016 ], [ 74.652478801371018, 31.040116206910028 ], [ 74.60647898397113, 31.039565494622288 ], [ 74.553591424278849, 31.028029153116229 ], [ 74.4866347697413, 31.033202937904914 ], [ 74.461416061611928, 31.047367619261909 ], [ 74.438836847330492, 31.077273288239077 ], [ 74.431622733703747, 31.103761783754297 ], [ 74.435558535422331, 31.131613606581936 ], [ 74.450463862722032, 31.182581309801087 ], [ 74.468120111455875, 31.217560181775639 ], [ 74.557779659540302, 31.306369057877404 ], [ 74.560944888836858, 31.324992261460054 ], [ 74.579158251004628, 31.34506089656897 ], [ 74.598515107673052, 31.37794856484313 ], [ 74.596955927961858, 31.400898571157409 ], [ 74.588438205999822, 31.417714780495427 ], [ 74.52063208253476, 31.494188196268546 ], [ 74.481194951385049, 31.517820783839824 ], [ 74.443283748731076, 31.524535600659938 ], [ 74.409429539499598, 31.54700897587346 ], [ 74.39520612213181, 31.568554976075447 ], [ 74.392144475070836, 31.596309337734539 ], [ 74.400310273872023, 31.624231896152882 ], [ 74.43558876282944, 31.669073190521658 ], [ 74.44714705006723, 31.680725424768731 ], [ 74.483060600332379, 31.707627609906556 ], [ 74.56258777253143, 31.767109022212374 ], [ 74.642747616786181, 31.817128633778282 ], [ 74.656435140327375, 31.823870467513856 ], [ 74.736885337938403, 31.863446958074832 ], [ 74.865528276435896, 31.918175238897678 ], [ 74.904688660040733, 31.938500590705274 ], [ 74.95087494520304, 31.942107424631157 ], [ 74.985867931648613, 31.93853556584239 ], [ 75.03765182026838, 31.931369619228658 ], [ 75.052254576777855, 31.943219241374052 ], [ 75.067059373801214, 31.955227968402813 ], [ 75.176349121551482, 32.006444331694247 ], [ 75.202371207338402, 32.044405751168561 ], [ 75.231037677037733, 32.055395054012045 ], [ 75.289905962021578, 32.131324812156407 ], [ 75.456364770498794, 32.184781077041286 ], [ 75.628644573515359, 32.258512815865814 ], [ 75.740317137712893, 32.312327517395538 ], [ 75.95466734015794, 32.415403828723733 ], [ 76.015156093030711, 32.477581792352844 ], [ 76.044275541615789, 32.560876712896096 ], [ 76.01714037010025, 32.653581422177275 ], [ 75.947435747953847, 32.731692321511034 ], [ 75.905476414630996, 32.770784947811606 ], [ 75.92697084214997, 32.800460230105926 ], [ 75.997843450193827, 32.820798003293916 ], [ 76.196268794063329, 32.863805736330733 ], [ 76.341885418375043, 32.91005678973363 ], [ 76.391993778807418, 32.948287536998777 ], [ 76.410865921399207, 33.0226494151743 ], [ 76.41545586473616, 33.0882214521192 ], [ 76.437052577926423, 33.108854494871984 ], [ 76.493144829686742, 33.072400755335352 ], [ 76.545962483971948, 33.053860004064816 ], [ 76.588510665210876, 33.056308112433904 ], [ 76.64622582556818, 33.112232126801416 ], [ 76.682000847544259, 33.129650677188017 ], [ 76.882916925376932, 33.076071241231638 ], [ 77.139740581044308, 32.958975876388536 ], [ 77.186797358812314, 32.93907301196937 ], [ 77.337140622282121, 32.878254487110837 ], [ 77.422551558764667, 32.837501085640078 ], [ 77.465983794755147, 32.834266586022792 ], [ 77.514374491620899, 32.846663475602924 ], [ 77.54811468703538, 32.860294917069879 ], [ 77.574601064917189, 32.857366624178894 ], [ 77.610284340328434, 32.840404172375813 ], [ 77.637186384438678, 32.813597509297644 ], [ 77.673946935831211, 32.814725790934069 ], [ 77.700324056115477, 32.846126460876214 ], [ 77.739804132243989, 32.880097002788219 ], [ 77.81433759514357, 32.930444642186288 ], [ 77.892071145233018, 32.920081042914546 ], [ 77.949334990260382, 32.872942558131754 ], [ 77.954184885076515, 32.814624471598989 ], [ 77.963053663400899, 32.792469084198139 ], [ 78.005211299097539, 32.752820826543456 ], [ 78.048041680445934, 32.71743667620197 ], [ 78.052425331191259, 32.663898237471976 ], [ 78.023368905481874, 32.604967579103601 ], [ 78.020702900663309, 32.575929883230316 ], [ 78.034183363168026, 32.557952934122845 ], [ 78.046018664926379, 32.541445818989281 ], [ 78.091732472671112, 32.544145683085937 ], [ 78.121672617082126, 32.562964830363555 ], [ 78.193993941439203, 32.600741193614006 ], [ 78.250321637081669, 32.662263461758378 ], [ 78.280106598151846, 32.674844457833437 ], [ 78.352299375560278, 32.67484248762986 ], [ 78.401157114316817, 32.654446134190664 ], [ 78.483961103919441, 32.579670499052554 ], [ 78.516190521641562, 32.532870783855152 ], [ 78.497493210426896, 32.51943810939548 ], [ 78.475185994695025, 32.500087141415115 ], [ 78.46942291789793, 32.493021610872013 ], [ 78.466026297617148, 32.49117632705309 ], [ 78.461082023244018, 32.482791405027143 ], [ 78.459309641256255, 32.480616907682432 ], [ 78.441402991269683, 32.462990144355565 ], [ 78.434005640824736, 32.441561194473856 ], [ 78.433766728150871, 32.436407053620393 ], [ 78.432252999625376, 32.433833571972443 ], [ 78.430313421455622, 32.404174265913376 ], [ 78.45435225807968, 32.369721228767361 ], [ 78.466174292100519, 32.352763203943134 ], [ 78.477772939555194, 32.318884679549214 ], [ 78.477284671861526, 32.318403202737663 ], [ 78.458761955429424, 32.286417431192298 ], [ 78.451388825966603, 32.264994361273267 ], [ 78.448436198539724, 32.247076312181321 ], [ 78.451438637282948, 32.234059685276875 ], [ 78.45000248580979, 32.212342082040948 ], [ 78.487485125445531, 32.18662694054413 ], [ 78.633799194336532, 32.036231906577719 ], [ 78.643720442385543, 32.029205578555988 ], [ 78.69413300214714, 31.993490842774555 ], [ 78.714809898927086, 31.978829133460255 ], [ 78.732472940853796, 31.935283412318721 ], [ 78.732324355673668, 31.899650926864876 ], [ 78.731687839717111, 31.894444978774519 ], [ 78.719267159072473, 31.834648861032804 ], [ 78.714047085202566, 31.773542322088577 ], [ 78.712597693956056, 31.744769124534557 ], [ 78.71465804897926, 31.701518842539709 ], [ 78.721839499217239, 31.676153749064774 ], [ 78.747939129980523, 31.653027843737313 ], [ 78.749578314680306, 31.650203690168908 ], [ 78.793181932964188, 31.58680823193826 ], [ 78.806425809866042, 31.547194652221343 ], [ 78.80286442451748, 31.52116121202042 ], [ 78.798148010179901, 31.515953559770558 ], [ 78.775746088047654, 31.489485572993452 ], [ 78.769949240810178, 31.457244344120785 ], [ 78.781720049859373, 31.424169158281487 ], [ 78.783082585617848, 31.417784639551918 ], [ 78.784092014466523, 31.402926574669234 ], [ 78.783230748104884, 31.384972796052825 ], [ 78.796671090206829, 31.354229633242504 ], [ 78.799689726084779, 31.340156955865282 ], [ 78.855405806455522, 31.255004055681123 ], [ 78.89640243435116, 31.228774515825986 ], [ 78.909831567161461, 31.234121838708774 ], [ 78.919219186657642, 31.238093745100844 ], [ 78.92215175508737, 31.247087135260642 ], [ 78.923265415171684, 31.248258846744402 ], [ 78.924171294447618, 31.25329765342704 ], [ 78.930823944134985, 31.273765416768526 ], [ 78.932483384316114, 31.27841780711519 ], [ 78.961680628856442, 31.21675737456162 ], [ 79.005705452895981, 31.10927642619421 ], [ 79.017599358967942, 30.996828553033858 ], [ 78.999767804605654, 30.967574740728949 ], [ 78.9481449951803, 30.957241259356927 ], [ 78.895413639073325, 30.987461463902154 ], [ 78.789692714253988, 31.078853496819683 ], [ 78.733745487840395, 31.10076028561021 ], [ 78.668453272436409, 31.096674958216138 ], [ 78.621955522448744, 31.076525407752392 ], [ 78.578556411483461, 31.06462010748827 ], [ 78.555872029371997, 31.08790776546115 ], [ 78.435448348966332, 31.168700464665292 ], [ 78.35528408877164, 31.176780727570652 ], [ 78.2084614213843, 31.142358812468224 ], [ 78.13788105077559, 31.104735751015752 ], [ 78.026227177218914, 31.081164406352663 ], [ 77.966967373866936, 31.092086244444378 ], [ 77.883886467667423, 31.095166089137958 ], [ 77.812105946537685, 31.058576878240014 ], [ 77.777343192202366, 31.006837160367585 ], [ 77.782948412128249, 30.985241754879137 ], [ 77.717238148511655, 30.987596223951428 ], [ 77.674242617584241, 30.995175468346904 ], [ 77.643842704143069, 31.017754805922817 ], [ 77.595585889214036, 31.118001547598556 ], [ 77.481768013749431, 31.135517677863191 ], [ 77.463654541594352, 31.171492102576561 ], [ 77.437754182389838, 31.1609662271104 ], [ 77.384068631753948, 31.144790120616779 ], [ 77.333421498541369, 31.150013717260833 ], [ 77.321261280968869, 31.159557258717093 ], [ 77.293392316759665, 31.129002971767228 ], [ 77.262772591085849, 31.118805510505851 ], [ 77.206334871466936, 31.08935643347413 ], [ 77.153821779475223, 31.048002338705999 ], [ 77.131913189566262, 31.035120702799738 ], [ 77.088911502449591, 31.026874302870652 ], [ 77.034238505578159, 31.036339933466522 ], [ 76.958972574144582, 31.035714795290392 ], [ 76.91285769147828, 31.037480843910657 ], [ 76.860345920343136, 31.000447629367553 ], [ 76.839340986234362, 30.949461917437329 ], [ 76.825157689407064, 30.931761677603966 ], [ 76.815884163584869, 30.880574710288482 ], [ 76.824923041349479, 30.846434604942644 ], [ 76.837061540992167, 30.830151543759552 ], [ 76.844375862755825, 30.786988380082363 ], [ 76.829736764596547, 30.782084847931092 ], [ 76.859648391003461, 30.792101752832171 ], [ 76.894579227144064, 30.793385948624753 ], [ 76.909979387911491, 30.78570101218175 ], [ 76.955811899640338, 30.779348828704105 ], [ 76.974315205326263, 30.788615524108256 ], [ 77.010208625999098, 30.802981079205757 ], [ 77.072457392630724, 30.804685386878276 ], [ 77.165535891933658, 30.809427976951756 ], [ 77.186386726991401, 30.829662457911503 ], [ 77.21759745798002, 30.833904927102104 ], [ 77.251670017741873, 30.827350419017517 ], [ 77.276352115890546, 30.818565905009205 ], [ 77.290863454187743, 30.818310033158834 ], [ 77.304819717738368, 30.803504489464988 ], [ 77.322506591471139, 30.803188605204333 ], [ 77.339800078794994, 30.786649063467795 ], [ 77.361125631333479, 30.799626678072016 ], [ 77.432154196488924, 30.809767603366769 ], [ 77.449389330202351, 30.835216175809006 ], [ 77.504820896248106, 30.839882822623409 ], [ 77.537765070929296, 30.830650312950013 ], [ 77.592733676484116, 30.818106927125854 ], [ 77.63272053554762, 30.783892387967501 ], [ 77.645378975272081, 30.761680949197135 ], [ 77.739596260295954, 30.77117756570447 ], [ 77.782102978664625, 30.762277907913791 ], [ 77.747992067550513, 30.706811675180123 ], [ 77.728140507050227, 30.63922349758289 ], [ 77.756957660869745, 30.563437587339443 ], [ 77.761522709085796, 30.551421796909015 ], [ 77.802972525543467, 30.458667370948689 ], [ 77.746818416336694, 30.371570704696467 ], [ 77.697800418736421, 30.340377050716093 ], [ 77.591423176183454, 30.270936504670281 ], [ 77.533776462472616, 30.212702842470719 ], [ 77.4813997156581, 30.159706755684304 ], [ 77.442606217061595, 30.090029206071552 ], [ 77.416959191344816, 30.051123539393515 ], [ 77.341877650450968, 30.008327782236613 ], [ 77.312619571411574, 29.964718109967986 ], [ 77.254879762747166, 29.847569776323226 ], [ 77.218846034747315, 29.80013081852837 ], [ 77.165264558547776, 29.729482947635894 ], [ 77.156572756213023, 29.706709678660193 ], [ 77.148762221562677, 29.609445985941839 ], [ 77.144959291053397, 29.507102618467702 ], [ 77.130282247442196, 29.470816103645589 ], [ 77.094249856730272, 29.429852096181921 ], [ 77.090406872300193, 29.401982847524106 ], [ 77.11502934326478, 29.327115285211246 ], [ 77.11515207270358, 29.293454358930809 ], [ 77.094499695318632, 29.242216577291881 ], [ 77.100036548978949, 29.193430774427995 ], [ 77.135373646032164, 29.126268876164186 ], [ 77.126807412754218, 29.106352527775009 ], [ 77.104753066752778, 29.024340621496798 ], [ 77.101845336797226, 29.001468423856945 ], [ 77.104508313782688, 28.989414571140983 ], [ 77.109306188324311, 28.967691045712797 ], [ 77.145070899019544, 28.924870945974334 ], [ 77.151093431745522, 28.901141007488995 ], [ 77.153402216859433, 28.855268660593101 ], [ 77.142052587806063, 28.817491669778153 ], [ 77.140697910717009, 28.791014187885523 ], [ 77.152330181190621, 28.763614055294511 ], [ 77.187289663713415, 28.725094765670708 ], [ 77.213202682157245, 28.6824184089818 ], [ 77.220430484745734, 28.640045297846136 ], [ 77.250766342306562, 28.577953242290924 ], [ 77.307193027619547, 28.486767686220425 ], [ 77.32342576842008, 28.450682595393502 ], [ 77.325041575733195, 28.413413974895764 ], [ 77.333195539289008, 28.37889809629603 ], [ 77.350435491838141, 28.352819539183344 ], [ 77.382751802196069, 28.313585507375112 ], [ 77.386886161600685, 28.281285701736739 ], [ 77.399847583335344, 28.245966317907456 ], [ 77.429966896203211, 28.218936048789015 ], [ 77.463913865565331, 28.183236976787693 ], [ 77.467004504199608, 28.16504848409587 ], [ 77.472456429473098, 28.132952091262837 ], [ 77.453516825435614, 28.081728798467363 ], [ 77.459835194944432, 28.040077982738417 ], [ 77.470460369942458, 28.010524385378293 ], [ 77.507376237268858, 27.966886104457235 ], [ 77.516711932281609, 27.91730060538476 ], [ 77.517676981754022, 27.889352649391668 ], [ 77.503058159423134, 27.84951355180198 ], [ 77.458177685149451, 27.788728784228013 ], [ 77.422563263317187, 27.744237359911221 ], [ 77.406493701471632, 27.715093697489074 ], [ 77.366300260008842, 27.717219443635315 ], [ 77.24391996704972, 27.714960989785638 ], [ 77.179239852137684, 27.700236747086098 ], [ 77.105323058652132, 27.622587659011298 ], [ 77.012385839220528, 27.553766936444834 ], [ 76.98024512861592, 27.55422882917145 ], [ 76.949887951921724, 27.564687159528798 ], [ 76.898948891264183, 27.594047421286643 ], [ 76.876054128368381, 27.66599491057449 ], [ 76.925397715403676, 27.726923481812381 ], [ 76.953784031878101, 27.783831977122528 ], [ 76.959786217994349, 27.938472060801846 ], [ 76.937258991847088, 28.031911766144052 ], [ 76.892614221642461, 28.064052246234272 ], [ 76.850632472576237, 28.064624760653771 ], [ 76.816337929638181, 28.042160179151459 ], [ 76.76427889020772, 28.018483043079314 ], [ 76.691307187773177, 27.997909681127748 ], [ 76.653707237163943, 27.966846569430164 ], [ 76.631763715000929, 27.902633883226677 ], [ 76.606941648219589, 27.859941875603386 ], [ 76.566376700976605, 27.841781974311488 ], [ 76.529308724113974, 27.842197800114459 ], [ 76.499021764392069, 27.866888415264224 ], [ 76.484093705244945, 27.954452690199531 ], [ 76.479219068110012, 28.011101592271213 ], [ 76.474340755670681, 28.067750064905418 ], [ 76.443922581467675, 28.088132849704891 ], [ 76.401996466299451, 28.094299029125313 ], [ 76.371137660579123, 28.081715421285853 ], [ 76.333524453025561, 28.044831895038232 ], [ 76.323327250061425, 28.003377411469295 ], [ 76.314734740020398, 27.960473537523146 ], [ 76.286879191740979, 27.924914512584948 ], [ 76.239088280391016, 27.836511670971337 ], [ 76.228756334282394, 27.777853548092246 ], [ 76.220302128426397, 27.742104682498233 ], [ 76.211642292946593, 27.728358117076883 ], [ 76.182613254680476, 27.682247238881253 ], [ 76.119737834710094, 27.672738787562217 ], [ 76.053681099780334, 27.666091801780553 ], [ 76.007192656437837, 27.686499852858983 ], [ 75.996458600644601, 27.745331372511906 ], [ 75.96462598961709, 27.788547607056753 ], [ 75.922903336679184, 27.808894893665574 ], [ 75.921436938117665, 27.826100912507489 ], [ 75.944523498022193, 27.886131135917044 ], [ 75.941682765104531, 27.930573443142201 ], [ 75.922529621625401, 27.95506396795766 ], [ 75.934146452191456, 27.992243207390686 ], [ 75.97798983127899, 28.020597732444195 ], [ 75.994492115126377, 28.059169129519304 ], [ 75.973739561164123, 28.086544025882297 ], [ 75.912732434109003, 28.13281818692959 ], [ 75.869495359862299, 28.183252932082354 ], [ 75.83912769989675, 28.229297075743954 ], [ 75.770523095422803, 28.255425785313925 ], [ 75.766518208139146, 28.256949636692834 ], [ 75.669625143272782, 28.290417121822212 ], [ 75.613384853461227, 28.363762887580741 ], [ 75.586365961607825, 28.458457047406398 ] ], [ [ 75.755085627227345, 28.928681890899092 ], [ 75.586365961607825, 28.458457047406398 ], [ 75.799472058119505, 28.278240703700114 ], [ 75.755085627227345, 28.928681890899092 ] ], [ [ 75.799472058119505, 28.278240703700114 ], [ 75.789932187529431, 28.274250604366539 ], [ 75.842034029403322, 28.296030587215331 ], [ 75.799472058119505, 28.278240703700114 ] ], [ [ 75.292291854855137, 30.323243947776909 ], [ 75.298573730515386, 30.331020698873449 ], [ 75.292290635095782, 30.323243621777475 ], [ 75.292291854855137, 30.323243947776909 ] ], [ [ 75.676813016754679, 30.075693007983482 ], [ 75.675642826307183, 30.071673337561862 ], [ 75.668382546347672, 30.046726044361208 ], [ 75.676813016754679, 30.075693007983482 ] ], [ [ 76.860755413967112, 31.00144160172858 ], [ 76.866227350102861, 31.01471360163265 ], [ 76.860860171304722, 31.001695881385476 ], [ 76.860755413967112, 31.00144160172858 ] ], [ [ 76.14072318673955, 29.1201773186419 ], [ 76.117804369793717, 29.15695558002751 ], [ 76.116265295185258, 29.159424310585443 ], [ 76.14072318673955, 29.1201773186419 ] ], [ [ 76.445168379024423, 29.075741152167193 ], [ 76.491747959490013, 28.856207167003387 ], [ 76.565577722256464, 29.058165180242263 ], [ 76.57264050080768, 29.045767599614877 ], [ 76.565578167442169, 29.058166398027836 ], [ 76.556756583429859, 29.07364928172375 ], [ 76.565576925203018, 29.058166579342394 ], [ 76.445168379024423, 29.075741152167193 ] ], [ [ 76.29722796323378, 28.324106253067246 ], [ 76.29722791762795, 28.324106294434227 ], [ 76.294310266827026, 28.324134001696631 ], [ 76.29722796323378, 28.324106253067246 ] ], [ [ 76.333676343696098, 30.541224969969566 ], [ 76.420944928771647, 30.576849510871909 ], [ 76.778906649384311, 30.742839615844126 ], [ 76.641758288140338, 31.399855074393255 ], [ 76.333676343696098, 30.541224969969566 ] ] ], [ [ [ 76.420944928771647, 30.576849510871909 ], [ 76.392763555578227, 30.583718974872166 ], [ 76.393312314054768, 30.583585276997404 ], [ 76.420944928771647, 30.576849510871909 ] ] ], [ [ [ 76.565576925203018, 29.058166579342394 ], [ 76.565578167442169, 29.058166398027836 ], [ 76.565577722256464, 29.058165180242263 ], [ 76.565576925203018, 29.058166579342394 ] ] ], [ [ [ 76.778906649384311, 30.742839615844126 ], [ 76.768960644218467, 30.742975625766618 ], [ 76.777322148380776, 30.742861334700454 ], [ 76.778906649384311, 30.742839615844126 ] ] ] ] } },
{ "type": "Feature", "properties": { "state_name": "Rajputana Agency", "id": 24 }, "geometry": { "type": "Polygon", "coordinates": [ [ [ 74.918556090675821, 23.965506762140713 ], [ 74.907668638411053, 23.916031448526159 ], [ 74.881183766590496, 23.88159977107037 ], [ 74.860158462302422, 23.857205801776622 ], [ 74.856292385360177, 23.828524145748268 ], [ 74.859444588945138, 23.79626406183063 ], [ 74.874303331414467, 23.739637059117051 ], [ 74.875152437213529, 23.665790268455353 ], [ 74.875974758460814, 23.619187787956719 ], [ 74.893144013803038, 23.556823583880437 ], [ 74.893152127471723, 23.54678586862601 ], [ 74.878415398175292, 23.503756113837486 ], [ 74.831030627674991, 23.472881585811212 ], [ 74.788290432024922, 23.467093536066304 ], [ 74.735469171201586, 23.451956224886896 ], [ 74.678023921947599, 23.426036861677304 ], [ 74.672798040475328, 23.418910528467997 ], [ 74.651700501313996, 23.39013112391968 ], [ 74.602847633271281, 23.362052246505471 ], [ 74.562511600543175, 23.347604996378294 ], [ 74.530082267077219, 23.295171092528527 ], [ 74.535714459117528, 23.237828603849159 ], [ 74.564538028656841, 23.202061273649988 ], [ 74.605734740973645, 23.172772804096127 ], [ 74.623677492351703, 23.134815353192536 ], [ 74.62226133898568, 23.086772269830234 ], [ 74.595271132278796, 23.04153358991212 ], [ 74.493230060480641, 22.981010677718672 ], [ 74.440612933513322, 22.970795570854271 ], [ 74.351579737733459, 22.967588437013177 ], [ 74.301767016265913, 23.017566541637322 ], [ 74.272853942207888, 23.064757525545428 ], [ 74.279517919504542, 23.12286369139591 ], [ 74.225701833739436, 23.179966463929144 ], [ 74.172007878882738, 23.209805621618749 ], [ 74.105815324906601, 23.248875471357874 ], [ 74.068410445341868, 23.280214675369063 ], [ 74.067573666731505, 23.280915482913048 ], [ 74.031798108006896, 23.291452824319297 ], [ 73.954847991631894, 23.306014313043889 ], [ 73.883340221782689, 23.317708741418986 ], [ 73.848169867122806, 23.34541332635396 ], [ 73.808127151795176, 23.395295960496778 ], [ 73.782519776566531, 23.477539819394423 ], [ 73.720463682320769, 23.545861564629313 ], [ 73.671395352208975, 23.554052365391925 ], [ 73.621947639541517, 23.523514741439165 ], [ 73.589474439878998, 23.51229535564357 ], [ 73.587867467432943, 23.51173992998535 ], [ 73.521481525192925, 23.539796507082183 ], [ 73.497727855467105, 23.577559940488147 ], [ 73.48804330455188, 23.608288672424631 ], [ 73.509448435688029, 23.641468882214649 ], [ 73.546301133750163, 23.686261179043353 ], [ 73.561442293232346, 23.725110481567508 ], [ 73.545402556924373, 23.767251980469549 ], [ 73.514697642593262, 23.796348356942886 ], [ 73.510418709553136, 23.829996344039774 ], [ 73.530986288890787, 23.871767777726799 ], [ 73.528104674291555, 23.91976511274008 ], [ 73.508283883287419, 23.948245262725937 ], [ 73.482474483688705, 23.954443326051248 ], [ 73.433049456593977, 23.913807999938015 ], [ 73.395301276360357, 23.8768638562908 ], [ 73.368078119474404, 23.872277052863289 ], [ 73.330450804620739, 23.889075357960973 ], [ 73.310322884142906, 23.938310413788248 ], [ 73.306651880854162, 23.980557161722306 ], [ 73.288580763459393, 23.990390744522092 ], [ 73.238476774939699, 24.003440850055757 ], [ 73.209198318746118, 24.03320303669096 ], [ 73.209833933019993, 24.099863377867074 ], [ 73.228885977306632, 24.133770224455283 ], [ 73.263520169385885, 24.17143677603374 ], [ 73.300736998205423, 24.192640719908407 ], [ 73.308303294553554, 24.211359409824116 ], [ 73.309534821815092, 24.236457932603422 ], [ 73.269733153935192, 24.289762811733802 ], [ 73.262726888515701, 24.344867999437565 ], [ 73.245501257602044, 24.402720864060868 ], [ 73.228859169302552, 24.41757722848239 ], [ 73.207876042092892, 24.425530045736974 ], [ 73.169240191140119, 24.426978513476236 ], [ 73.146681760997282, 24.399471054842941 ], [ 73.127881860315327, 24.365318350681136 ], [ 73.112035382301514, 24.343622355305101 ], [ 73.056012272353072, 24.324282107654504 ], [ 73.003685707829376, 24.303059613911145 ], [ 73.003627830318592, 24.273438461651082 ], [ 72.998427389161449, 24.239449881087278 ], [ 72.974519001188284, 24.202824736208967 ], [ 72.935142004382598, 24.189874747833041 ], [ 72.882655567201013, 24.182943923109189 ], [ 72.789439986362723, 24.213149111266063 ], [ 72.696425621964536, 24.287722270509793 ], [ 72.669895668611588, 24.313589867205199 ], [ 72.631168239601863, 24.377952977077108 ], [ 72.571059007280525, 24.385121041768659 ], [ 72.478772692506368, 24.384090258676082 ], [ 72.438159848256319, 24.406811892329902 ], [ 72.421174433058795, 24.421329369341461 ], [ 72.425110698343389, 24.458650202590672 ], [ 72.437772907144307, 24.503283534409405 ], [ 72.434598590427072, 24.512960609907921 ], [ 72.426085195826573, 24.538905241810678 ], [ 72.396364187024147, 24.562274713409327 ], [ 72.341583810290118, 24.559884952334954 ], [ 72.263461182422645, 24.526488822134528 ], [ 72.229721961974931, 24.517754117485001 ], [ 72.151557450029031, 24.512000023764617 ], [ 72.089443571156281, 24.512246623626524 ], [ 72.027938799003692, 24.486694346428592 ], [ 71.986341478794657, 24.480617001836062 ], [ 71.948053985343535, 24.488919842275259 ], [ 71.886462573566362, 24.511057225878055 ], [ 71.789283329516849, 24.556762484696399 ], [ 71.706719194408151, 24.560230767676039 ], [ 71.623054203676503, 24.526870376096458 ], [ 71.531940517401125, 24.519550179428528 ], [ 71.445214230881447, 24.52373477404398 ], [ 71.348921257267634, 24.551978737835423 ], [ 71.308225045153435, 24.569599851874159 ], [ 71.29810300215064, 24.574646728529075 ], [ 71.299101168212346, 24.601882558606853 ], [ 71.310406880496785, 24.60574001297659 ], [ 71.320682860899382, 24.611361244786004 ], [ 71.34641683799795, 24.635256602832467 ], [ 71.401586087680315, 24.646134706607963 ], [ 71.451340009893073, 24.652688817663876 ], [ 71.454562854113178, 24.67722750508376 ], [ 71.427656012052594, 24.681958811943133 ], [ 71.385773628561026, 24.685131637736252 ], [ 71.343690887207444, 24.672776057889177 ], [ 71.327301420993336, 24.675060335568894 ], [ 71.31682040174644, 24.687331657018518 ], [ 71.29947668474577, 24.699731046846445 ], [ 71.269534669715824, 24.718377136251995 ], [ 71.232282222430953, 24.68672250258231 ], [ 71.210668268544097, 24.667386774895281 ], [ 71.180517677724126, 24.633190534316117 ], [ 71.165520877295734, 24.615296657894728 ], [ 71.108343713538574, 24.631100362238538 ], [ 71.124368272042005, 24.643201488869892 ], [ 71.133388893929478, 24.650011864180062 ], [ 71.133182128671777, 24.656714141060139 ], [ 71.132461575979448, 24.680051810630502 ], [ 71.058426740187798, 24.791929939907615 ], [ 70.977239048659285, 24.90213286776936 ], [ 70.966650929067626, 24.914013427139093 ], [ 70.953528041391593, 25.051069697683378 ], [ 70.922136655693919, 25.121060771380655 ], [ 70.862706927178778, 25.181670965508197 ], [ 70.757560349546296, 25.285116863684998 ], [ 70.726331929556295, 25.337641077571007 ], [ 70.712197905305416, 25.38111553929917 ], [ 70.710374711560888, 25.43258033306369 ], [ 70.723520526556001, 25.536000988600108 ], [ 70.71945172946063, 25.591216016759745 ], [ 70.709681088189356, 25.629090240100126 ], [ 70.672975541318763, 25.654717670414968 ], [ 70.644015775846384, 25.652469570493036 ], [ 70.626602895992534, 25.671640990727674 ], [ 70.593285375417594, 25.6727836011138 ], [ 70.512067601337421, 25.6524483482827 ], [ 70.427402564418728, 25.623432892882942 ], [ 70.355023324537385, 25.626461925293455 ], [ 70.349883305844955, 25.629655741152821 ], [ 70.280012761114463, 25.692110662589322 ], [ 70.201191194286437, 25.767727835969804 ], [ 70.132940945316577, 25.891322815187323 ], [ 70.130606869916249, 25.900896843702409 ], [ 70.117714032945443, 25.953742023487525 ], [ 70.1150610549807, 25.990042479834663 ], [ 70.112845261673826, 26.020323147550478 ], [ 70.125784071279455, 26.064623022422268 ], [ 70.162150701768866, 26.109906913183892 ], [ 70.1840416301565, 26.137146909738583 ], [ 70.192087000746426, 26.198444887834029 ], [ 70.21014844215469, 26.273428507473362 ], [ 70.208807055658383, 26.357298809513541 ], [ 70.208242924976815, 26.422123198893992 ], [ 70.200473892948295, 26.456190551760489 ], [ 70.172576150251544, 26.47239895917409 ], [ 70.16764947557904, 26.503635723157501 ], [ 70.142920058845931, 26.533117482880805 ], [ 70.081326545847602, 26.551702999357214 ], [ 69.941835402543092, 26.548974217983389 ], [ 69.848975151845067, 26.554573921439843 ], [ 69.775404006798553, 26.567316342254035 ], [ 69.660027740867591, 26.625097140285611 ], [ 69.527993021275705, 26.733633716462066 ], [ 69.503402855533395, 26.839855298782666 ], [ 69.529609509992071, 26.931372712792744 ], [ 69.561382381220994, 27.022185136923941 ], [ 69.606081796669201, 27.075674967177999 ], [ 69.729035418748509, 27.178047969077859 ], [ 69.814382789034127, 27.233665053835111 ], [ 69.876965810575342, 27.293170299279918 ], [ 69.99113980860929, 27.393844700545923 ], [ 70.041049593425626, 27.471904164397777 ], [ 70.077354748820966, 27.556620399772886 ], [ 70.091896851517888, 27.620301172226249 ], [ 70.170194794916611, 27.695759717158346 ], [ 70.320510809912278, 27.812981752324262 ], [ 70.389347480526013, 27.865369301411402 ], [ 70.436720042241689, 27.887214061688208 ], [ 70.505103814346811, 27.888273198867605 ], [ 70.549665424018343, 27.881376356234949 ], [ 70.593028298116437, 27.87084933835181 ], [ 70.614618782022177, 27.842829439508602 ], [ 70.678455403338887, 27.709849531468858 ], [ 70.690728818245262, 27.70202308843335 ], [ 70.692405951284343, 27.698718827403297 ], [ 70.711198276734493, 27.6635317655305 ], [ 70.735279766432171, 27.629696483944162 ], [ 70.798023925214196, 27.599418397131362 ], [ 70.828385829395614, 27.575293464264337 ], [ 70.859489132379551, 27.566685631847228 ], [ 70.927353668717089, 27.577043231556431 ], [ 70.992170566441104, 27.598014002561296 ], [ 71.078290383219851, 27.623138956551838 ], [ 71.267338354497014, 27.695161582050794 ], [ 71.401637342625079, 27.727351683103119 ], [ 71.470986618818145, 27.734178833760474 ], [ 71.613414024859679, 27.726658096264391 ], [ 71.632768992564166, 27.729806774415742 ], [ 71.634850673413609, 27.729647473600053 ], [ 71.717566798318572, 27.743568179873606 ], [ 71.786309279579001, 27.777400650047415 ], [ 71.853274076658607, 27.827866165207936 ], [ 71.889651734600903, 27.916992869648535 ], [ 71.902055392984579, 27.953070543991359 ], [ 71.94862182636929, 28.017355923588738 ], [ 71.973018475543441, 28.058467958467514 ], [ 71.992053138743074, 28.099458924858293 ], [ 72.01940471837932, 28.132275975117846 ], [ 72.102493468967367, 28.191954979361043 ], [ 72.129033292439502, 28.210993854306231 ], [ 72.142614489612271, 28.232540419657827 ], [ 72.188528908824551, 28.305315147974028 ], [ 72.191941183673364, 28.314868893470582 ], [ 72.238823258680668, 28.445971083613856 ], [ 72.263691206361131, 28.528818778082133 ], [ 72.328630658971989, 28.632747211630328 ], [ 72.420462052309276, 28.694200767681597 ], [ 72.568102980496064, 28.748257891971384 ], [ 72.692589438414601, 28.814894723947834 ], [ 72.870811394348024, 28.914510446956164 ], [ 72.974436886947544, 29.027120764328256 ], [ 73.044483691786155, 29.129621745093669 ], [ 73.179875216496583, 29.315359774997525 ], [ 73.183177297308276, 29.359571228931259 ], [ 73.260281818506812, 29.472807351944752 ], [ 73.290608511141016, 29.535272713658305 ], [ 73.299665819875159, 29.64640171282096 ], [ 73.299303698490661, 29.7490525315452 ], [ 73.328717763715773, 29.790012044670497 ], [ 73.450533574746601, 29.877441950395916 ], [ 73.502199146477608, 29.90310617020474 ], [ 73.574564440614282, 29.920620156436083 ], [ 73.658064126803055, 29.927465178527452 ], [ 73.711320840757651, 29.94232147829112 ], [ 73.785053643952139, 29.965703226419841 ], [ 73.834028826119706, 29.998377407604931 ], [ 73.83986718202398, 30.003232448335325 ], [ 73.86523700349008, 30.02432102972509 ], [ 73.89790172900841, 30.051453424150882 ], [ 73.914160435613653, 30.065869756884926 ], [ 73.935865969617225, 30.022925843091993 ], [ 73.959717667705149, 29.945759196478274 ], [ 73.940571705301821, 29.889737071228048 ], [ 73.880628299954353, 29.810451652909098 ], [ 73.86322409581058, 29.751567970780911 ], [ 73.885119107504138, 29.701613977953087 ], [ 73.967393596668643, 29.679359305774788 ], [ 74.029580325296052, 29.695588195582651 ], [ 74.08513271914515, 29.72177087003746 ], [ 74.142258490361016, 29.759401799641747 ], [ 74.192995250442806, 29.779777967487682 ], [ 74.27200804947806, 29.754448845641942 ], [ 74.340964836884126, 29.754810307948663 ], [ 74.446028340849779, 29.758157296454186 ], [ 74.505236656151524, 29.738334353863021 ], [ 74.520208906002424, 29.696841309875207 ], [ 74.520494396392934, 29.636668674805961 ], [ 74.483096726067743, 29.573488712863902 ], [ 74.458840851802634, 29.511784870656026 ], [ 74.477012838863743, 29.481770088609863 ], [ 74.501581863651722, 29.48043164788735 ], [ 74.558781111466232, 29.506423069598622 ], [ 74.601360525355815, 29.507990270149335 ], [ 74.621154138832821, 29.47079652226142 ], [ 74.618083368855565, 29.416342721689158 ], [ 74.546486743680731, 29.324420809277825 ], [ 74.545175594303757, 29.251344052862862 ], [ 74.599330997605193, 29.189906488121917 ], [ 74.6500608697487, 29.157093742313378 ], [ 74.728435453955541, 29.148678525975296 ], [ 74.811628494258542, 29.176045196821104 ], [ 74.898157565810195, 29.177571789783606 ], [ 75.004279801842472, 29.131759490596529 ], [ 75.124963002761234, 29.064357236410782 ], [ 75.186926323679259, 29.058553823291124 ], [ 75.306032810709723, 29.078395062311493 ], [ 75.354832896498962, 29.039588004081509 ], [ 75.377440688154948, 28.979346389245958 ], [ 75.405019784115765, 28.947743152258248 ], [ 75.439174764367635, 28.934740240874568 ], [ 75.481411179462654, 28.910237122952232 ], [ 75.494248482255983, 28.870070262737226 ], [ 75.489043457217633, 28.801310895705232 ], [ 75.451412815527902, 28.751290492834382 ], [ 75.459385896242097, 28.715440949961348 ], [ 75.54640615821036, 28.570392933333583 ], [ 75.588384570905859, 28.530095393696495 ], [ 75.586365961607825, 28.458457047406398 ], [ 75.61068370774862, 28.373237301024272 ], [ 75.613384853461227, 28.363762887580741 ], [ 75.669625143272782, 28.290417121822212 ], [ 75.766518208139146, 28.256949636692834 ], [ 75.83912769989675, 28.229297075743954 ], [ 75.869495359862299, 28.183252932082354 ], [ 75.912732434109003, 28.13281818692959 ], [ 75.973739561164123, 28.086544025882297 ], [ 75.994492115126377, 28.059169129519304 ], [ 75.97798983127899, 28.020597732444195 ], [ 75.934146452191456, 27.992243207390686 ], [ 75.922529621625401, 27.95506396795766 ], [ 75.941682765104531, 27.930573443142201 ], [ 75.944523498022193, 27.886131135917044 ], [ 75.921436938117665, 27.826100912507489 ], [ 75.922903336679184, 27.808894893665574 ], [ 75.96462598961709, 27.788547607056753 ], [ 75.996458600644601, 27.745331372511906 ], [ 76.007192656437837, 27.686499852858983 ], [ 76.053681099780334, 27.666091801780553 ], [ 76.119737834710094, 27.672738787562217 ], [ 76.165232848844681, 27.679621892366061 ], [ 76.182613254680476, 27.682247238881253 ], [ 76.220302128426397, 27.742104682498233 ], [ 76.228756334282394, 27.777853548092246 ], [ 76.239088280391016, 27.836511670971337 ], [ 76.286879191740979, 27.924914512584948 ], [ 76.314734740020398, 27.960473537523146 ], [ 76.323327250061425, 28.003377411469295 ], [ 76.333524453025561, 28.044831895038232 ], [ 76.371137660579123, 28.081715421285853 ], [ 76.401996466299451, 28.094299029125313 ], [ 76.443922581467675, 28.088132849704891 ], [ 76.474340755670681, 28.067750064905418 ], [ 76.484093705244945, 27.954452690199531 ], [ 76.499021764392069, 27.866888415264224 ], [ 76.529308724113974, 27.842197800114459 ], [ 76.566376700976605, 27.841781974311488 ], [ 76.606941648219589, 27.859941875603386 ], [ 76.631763715000929, 27.902633883226677 ], [ 76.634113498422337, 27.90951412547485 ], [ 76.653707237163943, 27.966846569430164 ], [ 76.691307187773177, 27.997909681127748 ], [ 76.76427889020772, 28.018483043079314 ], [ 76.816337929638181, 28.042160179151459 ], [ 76.850632472576237, 28.064624760653771 ], [ 76.892614221642461, 28.064052246234272 ], [ 76.937258991847088, 28.031911766144052 ], [ 76.959786217994349, 27.938472060801846 ], [ 76.956380717722851, 27.850832153585152 ], [ 76.953784031878101, 27.783831977122528 ], [ 76.925397715403676, 27.726923481812381 ], [ 76.876054128368381, 27.66599491057449 ], [ 76.898948891264183, 27.594047421286643 ], [ 76.923894065202703, 27.579673702622056 ], [ 76.949887951921724, 27.564687159528798 ], [ 76.98024512861592, 27.55422882917145 ], [ 77.012385839220528, 27.553766936444834 ], [ 77.105323058652132, 27.622587659011298 ], [ 77.179239852137684, 27.700236747086098 ], [ 77.24391996704972, 27.714960989785638 ], [ 77.366300260008842, 27.717219443635315 ], [ 77.406493701471632, 27.715093697489074 ], [ 77.408118158712341, 27.718040662418808 ], [ 77.459367641491028, 27.348659319464375 ], [ 77.453233863147233, 27.312955764606738 ], [ 77.437392094988908, 27.260708892338734 ], [ 77.448546954729295, 27.221120947463291 ], [ 77.490781280982304, 27.198889197482632 ], [ 77.545466235311039, 27.19671260572791 ], [ 77.573872021126064, 27.212905003720522 ], [ 77.642270148809331, 27.225954758555986 ], [ 77.687560858934134, 27.221511791370045 ], [ 77.707088186456929, 27.200844487127465 ], [ 77.703786254681404, 27.174649090803221 ], [ 77.66944317213003, 27.133530553940048 ], [ 77.640654113033719, 27.100653272061194 ], [ 77.631762432236641, 27.062623265117725 ], [ 77.644305813578455, 27.02896561790633 ], [ 77.671606037755893, 26.999802470988616 ], [ 77.708899280516206, 26.999089842713779 ], [ 77.769387806968652, 27.020591059529785 ], [ 77.865836989200545, 27.040143066008191 ], [ 77.90437732243565, 27.035771880795128 ], [ 77.906960537711257, 26.980817521043445 ], [ 77.870284533985455, 26.952925103941546 ], [ 77.813603945272732, 26.92303532074888 ], [ 77.699621815998469, 26.889453793975072 ], [ 77.603613952967962, 26.824409820906805 ], [ 77.542114804195052, 26.751516579609024 ], [ 77.528990652600982, 26.699226033239601 ], [ 77.534791279377956, 26.683082512964489 ], [ 77.541508291017706, 26.664383373144361 ], [ 77.578212862060838, 26.642234389908314 ], [ 77.627916359795492, 26.666391792451844 ], [ 77.659098685172012, 26.693266183839604 ], [ 77.709518583740277, 26.746026917874115 ], [ 77.792126433568214, 26.807684022919474 ], [ 77.929918846469008, 26.838315539443197 ], [ 78.047555066624426, 26.809572593040055 ], [ 78.110549403045027, 26.827295480970346 ], [ 78.156276827237349, 26.845375657362148 ], [ 78.214761198727899, 26.890596378777182 ], [ 78.2655396373126, 26.897783502188471 ], [ 78.303553523810365, 26.87780662874642 ], [ 78.329904807286198, 26.823491981914312 ], [ 78.322111451102444, 26.784298271681727 ], [ 78.231637306511146, 26.735080907129493 ], [ 78.135730378835746, 26.67875988578999 ], [ 77.82825221002858, 26.493051173750544 ], [ 77.783492060735767, 26.452154213704173 ], [ 77.732760567122554, 26.381513281874234 ], [ 77.695142242884202, 26.359546474216224 ], [ 77.549573435435278, 26.344187048569918 ], [ 77.42109299049045, 26.308212914096103 ], [ 77.341932220182684, 26.270621843092101 ], [ 77.325873573921726, 26.262987486329521 ], [ 77.247852688047317, 26.199755910644857 ], [ 77.177099933456518, 26.124427363362326 ], [ 77.145084512733206, 26.109623848083213 ], [ 77.10430049388151, 26.106881670676007 ], [ 77.058523447944694, 26.090825467333975 ], [ 76.992329256748846, 26.023929032917536 ], [ 76.946212313090555, 25.984434180256656 ], [ 76.888373417480452, 25.969915400878907 ], [ 76.80152035188874, 25.957647584226343 ], [ 76.76260502815839, 25.934719670897927 ], [ 76.742098708703764, 25.913201392392001 ], [ 76.720758838780569, 25.890796503492947 ], [ 76.651705107656937, 25.824241397384888 ], [ 76.608433976370151, 25.786031061515484 ], [ 76.537905093166927, 25.759085111721785 ], [ 76.497401812704496, 25.726542974950075 ], [ 76.462891268801357, 25.664785671591602 ], [ 76.45769405667275, 25.662761256978111 ], [ 76.455923344244766, 25.63044589017856 ], [ 76.442895539626633, 25.587875245253421 ], [ 76.431254426869643, 25.550365620617999 ], [ 76.422649234900931, 25.518498725256038 ], [ 76.416901078970341, 25.477346631016903 ], [ 76.42393817282742, 25.446372576365828 ], [ 76.439360729679706, 25.415764208170451 ], [ 76.464405568305168, 25.365947979425357 ], [ 76.487949015957824, 25.30240706137873 ], [ 76.514473375190789, 25.269290229243875 ], [ 76.541194505418886, 25.252888893876587 ], [ 76.56808458741979, 25.250216924078629 ], [ 76.604353363855267, 25.261771291308577 ], [ 76.650834516021987, 25.299478857038377 ], [ 76.67704154180926, 25.294405638573835 ], [ 76.697867359690463, 25.280432195234376 ], [ 76.715161896965597, 25.249178892682401 ], [ 76.741594432455869, 25.214830516872439 ], [ 76.776137283489803, 25.197698686394059 ], [ 76.803663683074276, 25.19497682604656 ], [ 76.871279150209872, 25.195928107115495 ], [ 76.934574044873315, 25.214221895684496 ], [ 77.010415397580331, 25.235900079590824 ], [ 77.083243456752541, 25.271910782784055 ], [ 77.139017916559013, 25.306937532951146 ], [ 77.175369357869144, 25.319541010319849 ], [ 77.213383186127331, 25.314795389333018 ], [ 77.249213870723764, 25.298729450119545 ], [ 77.300377678081645, 25.225697931351167 ], [ 77.323635482440608, 25.17160038696435 ], [ 77.338090794019962, 25.103907207975478 ], [ 77.32810032164069, 25.06107716366083 ], [ 77.30791632708825, 25.033330883815861 ], [ 77.284964111666312, 25.03249160759832 ], [ 77.248275418904413, 25.033051435632725 ], [ 77.176586485643696, 25.018594845625667 ], [ 77.078909560920408, 25.016410644074785 ], [ 77.023083643077499, 25.008821218598616 ], [ 76.976745857354459, 24.979587549173598 ], [ 76.924498568251721, 24.948026128529953 ], [ 76.864143258517672, 24.94162776013269 ], [ 76.808315290580964, 24.93096945806117 ], [ 76.801269865162922, 24.919711310344709 ], [ 76.790884896502931, 24.90311214693261 ], [ 76.787010001628573, 24.861355271328645 ], [ 76.819940672648684, 24.830501037735285 ], [ 76.861860762643587, 24.789376468042562 ], [ 76.841613938453463, 24.747226727755098 ], [ 76.796689818203163, 24.71552341220502 ], [ 76.767287444648261, 24.670484929796753 ], [ 76.779790874019923, 24.647836780080382 ], [ 76.783216276346209, 24.641630649349029 ], [ 76.85769015930903, 24.640728617868142 ], [ 76.943946175961145, 24.641429278573558 ], [ 76.970447533519149, 24.623169134921 ], [ 76.9926730131033, 24.582866243500781 ], [ 76.954669359341096, 24.532604445968438 ], [ 76.955697178789691, 24.514675758932267 ], [ 76.948683241041849, 24.440715763740887 ], [ 76.934756044136961, 24.382967049508085 ], [ 76.914955932574856, 24.367094302195987 ], [ 76.888142031524353, 24.361458698109672 ], [ 76.847859360397322, 24.370913357021319 ], [ 76.783441976085356, 24.426630008600604 ], [ 76.757313046027519, 24.423949637784485 ], [ 76.737066658619383, 24.409852979479375 ], [ 76.7303128875255, 24.405149279567706 ], [ 76.726670885291043, 24.377120641110068 ], [ 76.767872259206655, 24.339019847995726 ], [ 76.775410149638731, 24.318625887890754 ], [ 76.779496670610285, 24.284535694413858 ], [ 76.756747587333123, 24.241201790915948 ], [ 76.751129120870459, 24.211404291810567 ], [ 76.789627480535259, 24.170344428124569 ], [ 76.811420033950924, 24.1461975987629 ], [ 76.819947250928863, 24.104886737580411 ], [ 76.816705240316566, 24.059534980651048 ], [ 76.77732475935008, 24.033718407855513 ], [ 76.735704210656991, 24.033598582368388 ], [ 76.704967545240251, 24.069779951788853 ], [ 76.655769493608105, 24.139006935878939 ], [ 76.635960863076463, 24.167889709084591 ], [ 76.578028645246604, 24.168500205083049 ], [ 76.480337619616932, 24.165298715245648 ], [ 76.38315094582461, 24.148291452841388 ], [ 76.289151184945055, 24.122234328065122 ], [ 76.221468740218526, 24.122790635306 ], [ 76.193495145506631, 24.12420650612226 ], [ 76.152274096352684, 24.100031337859622 ], [ 76.094641183437815, 24.056846967172891 ], [ 76.089977708122575, 24.053014230831447 ], [ 76.058618640074783, 24.027231499781049 ], [ 76.029536927207019, 23.968886023050796 ], [ 75.988968038554646, 23.934504015490756 ], [ 75.927466899487754, 23.877536829990262 ], [ 75.882342451912578, 23.833593593516667 ], [ 75.833395105764794, 23.796228511703173 ], [ 75.782007880952818, 23.780366921968316 ], [ 75.730666023407736, 23.770462058411052 ], [ 75.659669143205591, 23.722986253720762 ], [ 75.631682597752672, 23.705777119507211 ], [ 75.592739396411318, 23.702943916313671 ], [ 75.543468692070377, 23.712684020016887 ], [ 75.500110450274761, 23.74330043927219 ], [ 75.476324833178623, 23.806108114097825 ], [ 75.476455702745568, 23.841954654982896 ], [ 75.499941472562668, 23.868765286272229 ], [ 75.615673974784471, 23.888658805434119 ], [ 75.642363251919136, 23.8987060475108 ], [ 75.673032901503831, 23.923666905875425 ], [ 75.679779198831341, 23.970833802324115 ], [ 75.671587710253633, 24.021053322313389 ], [ 75.695906464864436, 24.068140693472547 ], [ 75.716959089360429, 24.109862265846104 ], [ 75.713850740551194, 24.136162802959539 ], [ 75.689325415957029, 24.175704449264014 ], [ 75.666863769974015, 24.23912938483388 ], [ 75.652704606936922, 24.273242768330135 ], [ 75.659350881394161, 24.298304919363162 ], [ 75.670497397369289, 24.310801497655945 ], [ 75.706409240996535, 24.321391790889173 ], [ 75.735072577383079, 24.317671355591848 ], [ 75.769705473906299, 24.331239655375001 ], [ 75.779878896447642, 24.341481284306859 ], [ 75.805137386737428, 24.366898788063224 ], [ 75.811960187692293, 24.414055340385229 ], [ 75.788675332972986, 24.446436867735116 ], [ 75.749830464302605, 24.498606389588318 ], [ 75.72131450147279, 24.535185341610529 ], [ 75.700753521262982, 24.595617203245649 ], [ 75.680642599925719, 24.621993916690382 ], [ 75.650031406284484, 24.625862804094254 ], [ 75.64145890357544, 24.626945109486623 ], [ 75.606794646036207, 24.621115165692697 ], [ 75.548445376035787, 24.577730151925358 ], [ 75.524856112625457, 24.560489933844035 ], [ 75.502641325225909, 24.558773488497085 ], [ 75.456240982301509, 24.55175236750155 ], [ 75.415682084704542, 24.532155575182188 ], [ 75.377462511702873, 24.511938638990859 ], [ 74.918556090675821, 23.965506762140713 ] ], [ [ 71.360127834228834, 24.696602489464397 ], [ 71.365275868375761, 24.700945368332984 ], [ 71.352658155286363, 24.690301991398513 ], [ 71.360127834228834, 24.696602489464397 ] ], [ [ 75.906503557738361, 24.295557649728096 ], [ 75.873343284154728, 24.260300002060148 ], [ 75.85398800132198, 24.239707807382569 ], [ 75.906503557738361, 24.295557649728096 ] ], [ [ 75.623510263681993, 26.201090435539534 ], [ 75.623562032559832, 26.201139225207399 ], [ 75.6235102608956, 26.201090454301657 ], [ 75.623510263681993, 26.201090435539534 ] ], [ [ 75.540871469710169, 26.141590054629681 ], [ 75.552220405508294, 26.150902840695451 ], [ 75.540848097884137, 26.141573226782011 ], [ 75.540871469710169, 26.141590054629681 ] ], [ [ 75.302302430073439, 26.008418491581914 ], [ 75.281373711023335, 26.030654391190726 ], [ 75.257330652687045, 26.04049463311366 ], [ 75.234044764861153, 26.034083579851846 ], [ 75.210985669887293, 26.005210508165458 ], [ 75.198904927030497, 25.953935494865362 ], [ 75.191618253120652, 25.946635259850012 ], [ 75.302302430073439, 26.008418491581914 ] ], [ [ 75.020095751131791, 25.850892446564853 ], [ 75.012765411773401, 25.876910867526536 ], [ 75.007813800985474, 25.884834611441683 ], [ 74.799131206547898, 25.761193703023384 ], [ 74.859522401305995, 25.761261383161031 ], [ 75.020095751131791, 25.850892446564853 ] ], [ [ 73.895841547870418, 25.558294985114326 ], [ 74.233400599238422, 25.673005135490406 ], [ 74.267198286232428, 25.720787086692617 ], [ 74.295343719581666, 25.778264882923065 ], [ 74.364844314987081, 25.808687921541843 ], [ 74.456727715316717, 25.801892848842165 ], [ 74.530459873915419, 25.773952551744575 ], [ 74.984819136948431, 25.928354038465375 ], [ 74.975110291734637, 25.973671083866645 ], [ 74.989641426985997, 26.047139277461309 ], [ 74.985001306315567, 26.138522890262202 ], [ 74.954523980894365, 26.236469303585515 ], [ 74.916064658645013, 26.302151264048288 ], [ 74.863649615454094, 26.358253503603216 ], [ 74.811848187336295, 26.413739531994064 ], [ 74.78982329348716, 26.488962228625748 ], [ 74.769871461056383, 26.509237770590918 ], [ 74.761006290134617, 26.509965016493329 ], [ 74.741321491978923, 26.511577836386724 ], [ 74.70752310570667, 26.488817334797378 ], [ 74.665191041120423, 26.438555819955816 ], [ 74.631417599431032, 26.419360860872903 ], [ 74.584318792392594, 26.42042620955862 ], [ 74.540561932760127, 26.414917146786021 ], [ 74.527396249289126, 26.390387284935564 ], [ 74.479220777010482, 26.338259905340301 ], [ 74.448852335836037, 26.312464803601642 ], [ 74.415760450942074, 26.303972394444834 ], [ 74.375295589026564, 26.312163264619926 ], [ 74.347410080654129, 26.321594911021606 ], [ 74.305708899075341, 26.313037745620345 ], [ 74.276722301129212, 26.285421678325644 ], [ 74.23663402736733, 26.235643560348727 ], [ 74.234176811730066, 26.206365834217927 ], [ 74.239574064480138, 26.190866230308803 ], [ 74.261422616701424, 26.190382801845427 ], [ 74.287213770060362, 26.19469359345921 ], [ 74.315766667006685, 26.179901046750693 ], [ 74.315341890522163, 26.139286067095068 ], [ 74.283149273217347, 26.101502738883752 ], [ 74.179908153181231, 26.013754689329399 ], [ 74.166950234303059, 25.976651094681799 ], [ 74.169255337599338, 25.93067581218299 ], [ 74.166777131025043, 25.907368588686808 ], [ 74.120888514578766, 25.86170626165908 ], [ 74.027315848510838, 25.760771335727345 ], [ 73.989488215370642, 25.710344459633045 ], [ 73.982612171098282, 25.666099738046906 ], [ 73.973692920086606, 25.630201844437497 ], [ 73.937744820964596, 25.597693074855453 ], [ 73.895841547870418, 25.558294985114326 ] ] ] } },
{ "type": "Feature", "properties": { "state_name": "Rann of kutch", "id": 25 }, "geometry": { "type": "Polygon", "coordinates": [ [ [ 71.385773628561026, 24.685131637736252 ], [ 71.427656012052594, 24.681958811943133 ], [ 71.454562854113178, 24.67722750508376 ], [ 71.451340009893073, 24.652688817663876 ], [ 71.401586087680315, 24.646134706607963 ], [ 71.34641683799795, 24.635256602832467 ], [ 71.320682860899382, 24.611361244786004 ], [ 71.310406880496785, 24.60574001297659 ], [ 71.299101168212346, 24.601882558606853 ], [ 71.29810300215064, 24.574646728529075 ], [ 71.294554287993776, 24.549203710380247 ], [ 71.303049008493787, 24.535333080485088 ], [ 71.309370268707013, 24.515442648515343 ], [ 71.318583544116194, 24.494667806890391 ], [ 71.333880811688971, 24.479767411629652 ], [ 71.351306977933191, 24.46324606389571 ], [ 71.35833546726785, 24.445517312311072 ], [ 71.352975674242643, 24.423432577144734 ], [ 71.35102323931379, 24.400714097989592 ], [ 71.352551527155299, 24.365669908668114 ], [ 71.351235800861545, 24.347978335838455 ], [ 71.346454408874749, 24.33306701853191 ], [ 71.32651798249104, 24.319937009065768 ], [ 71.300937412287595, 24.304042163056657 ], [ 71.272613317432018, 24.284258060941575 ], [ 71.271259276323633, 24.268236315812391 ], [ 71.263728813633591, 24.232017595522841 ], [ 71.267995787556742, 24.210645305539874 ], [ 71.272793942536794, 24.206706142621186 ], [ 71.29384256043528, 24.198629342571955 ], [ 71.324439678440584, 24.184098153264728 ], [ 71.322948195218274, 24.154470115979546 ], [ 71.329888300500841, 24.130056771925268 ], [ 71.341827341539386, 24.094307513486335 ], [ 71.350600511162682, 24.078289149826688 ], [ 71.353259254057079, 24.057828521895463 ], [ 71.355650278486337, 24.037600008530518 ], [ 71.335381619583444, 24.010148232060232 ], [ 71.295852596030102, 23.975309398574645 ], [ 71.234153734894349, 23.926794829039732 ], [ 71.203192394229148, 23.929134109751871 ], [ 71.167879804561508, 23.911791434481223 ], [ 71.134360609689239, 23.88685098019063 ], [ 71.1184686561718, 23.88024639932717 ], [ 71.080525544207433, 23.864967023575112 ], [ 71.063156457069582, 23.855933564729973 ], [ 71.053896617210711, 23.853310234711397 ], [ 71.03508768315065, 23.857598431850803 ], [ 71.021739462044536, 23.852958987640125 ], [ 70.972950757993956, 23.853597907925579 ], [ 70.964953093293772, 23.860545766993109 ], [ 70.942128429986923, 23.860422223929973 ], [ 70.931551715979438, 23.866822849789749 ], [ 70.910650405586765, 23.87151681814321 ], [ 70.887004975583778, 23.880905676478019 ], [ 70.860564877712932, 23.880195606440829 ], [ 70.83709755875735, 23.900077447359831 ], [ 70.810393624071722, 23.907461862731985 ], [ 70.787162071107133, 23.919707539618592 ], [ 70.74792937489417, 23.929121036320755 ], [ 70.691711562676716, 23.918488361749898 ], [ 70.645141208353508, 23.899046404131347 ], [ 70.621357738717919, 23.881197085219352 ], [ 70.621128630918264, 23.872604134901991 ], [ 70.631129601647459, 23.852853656878459 ], [ 70.642633528868032, 23.834575823191052 ], [ 70.660509039989591, 23.811706066670862 ], [ 70.671016125749716, 23.791965919440017 ], [ 70.672715833338529, 23.771977663103026 ], [ 70.663572645466388, 23.750730760326221 ], [ 70.63516651000694, 23.732279346823027 ], [ 70.62475739667272, 23.718150779192804 ], [ 70.575108338776261, 23.669512147022679 ], [ 70.515782010853655, 23.624874720255008 ], [ 70.459512000335707, 23.605349084581718 ], [ 70.370163882329535, 23.570513029164704 ], [ 70.285298769982219, 23.520268599585684 ], [ 70.280600724519829, 23.50701179228702 ], [ 70.31015498113122, 23.468324401920274 ], [ 70.332439339165191, 23.422734765904018 ], [ 70.343466333800876, 23.403034437055577 ], [ 70.338590378554301, 23.379997192550984 ], [ 70.319914237483289, 23.367515752748346 ], [ 70.29381618649218, 23.360531696002571 ], [ 70.281331326814083, 23.363016216710914 ], [ 70.269793482371497, 23.367912742531367 ], [ 70.241883996662878, 23.382801054320709 ], [ 70.219645667980956, 23.397857426915792 ], [ 70.206554887058459, 23.40270090628664 ], [ 70.198210800968042, 23.419133601345361 ], [ 70.194523611702024, 23.463842772600966 ], [ 70.184107352895879, 23.480209916049123 ], [ 70.170200369278675, 23.478825017041498 ], [ 70.155853790627873, 23.461213350094468 ], [ 70.145817757258669, 23.467099216123803 ], [ 70.121830506864256, 23.486851516279625 ], [ 70.102889686017932, 23.495791983896488 ], [ 70.07548749316804, 23.495879812157661 ], [ 70.068900566242888, 23.506160064946737 ], [ 70.065820984122993, 23.533238460262911 ], [ 70.073800315235275, 23.541120320956438 ], [ 70.072304692043318, 23.553469056719074 ], [ 70.058071937363891, 23.560644662202016 ], [ 70.039256686874424, 23.579591224416973 ], [ 70.018146775502103, 23.577007193982293 ], [ 70.007135451657987, 23.58094362741436 ], [ 69.992380406150403, 23.588095416269827 ], [ 69.989398354571904, 23.598487206425165 ], [ 69.99235295457153, 23.629570653678634 ], [ 69.9977383172982, 23.651198096846752 ], [ 70.004176897313599, 23.672382888517859 ], [ 70.002094474686089, 23.740489444889562 ], [ 69.99148181539455, 23.76064469561155 ], [ 69.982435879571554, 23.780373076563617 ], [ 69.982649991450089, 23.815181310388976 ], [ 70.00535450585906, 23.83117585106492 ], [ 70.004683158393334, 23.86214212336975 ], [ 69.996238525080869, 23.879506473827462 ], [ 69.978731194919632, 23.916596224887776 ], [ 69.969075824257644, 23.924860724247164 ], [ 69.913438939684568, 23.915397636244013 ], [ 69.892671420321165, 23.9423549243118 ], [ 69.78866727735209, 23.936469230598856 ], [ 69.774339539914564, 23.94456043277075 ], [ 69.759437138831586, 23.941191597042682 ], [ 69.741050584792575, 23.921497236392032 ], [ 69.713539397520435, 23.909589239055695 ], [ 69.672605038659356, 23.909125589640279 ], [ 69.645340285668738, 23.929144305350903 ], [ 69.606137381444299, 23.936823451407733 ], [ 69.538648643399867, 23.914419140861678 ], [ 69.495010202043829, 23.892369576044072 ], [ 69.470133273708115, 23.868127985159955 ], [ 69.413276590615027, 23.828907332908731 ], [ 69.332803913003133, 23.785944085850705 ], [ 69.233171338168958, 23.744611948708378 ], [ 69.210852349852303, 23.746156415704707 ], [ 69.203726699417857, 23.720167462709725 ], [ 69.193230176825054, 23.700243807490658 ], [ 69.186033708601656, 23.687588832710134 ], [ 69.159842414961929, 23.671834905644292 ], [ 69.134674491187425, 23.668023202280622 ], [ 69.106222075519469, 23.679798766870544 ], [ 69.070150112254098, 23.699847789816559 ], [ 69.024404915251807, 23.727607338028218 ], [ 68.985640277082041, 23.749432400699401 ], [ 68.938142833447102, 23.758521511541318 ], [ 68.907543963817133, 23.760170279190032 ], [ 68.876317824540479, 23.764168396400883 ], [ 68.856272370932629, 23.783366040510373 ], [ 68.829912546888878, 23.793736989804927 ], [ 68.803436232368966, 23.806478348753441 ], [ 68.785676333123362, 23.816644913513215 ], [ 68.790258029977053, 23.817682351157806 ], [ 68.799630384170058, 23.824607003123162 ], [ 68.799608599534494, 23.825063641968171 ], [ 68.799261951321085, 23.832328367039675 ], [ 68.791031286617084, 23.842112259818702 ], [ 68.789812753161058, 23.843069760174053 ], [ 68.796718821943983, 23.856175166327684 ], [ 68.780619030495913, 23.867398073373408 ], [ 68.726595709437476, 23.86171516258776 ], [ 68.656450696238807, 23.842280992198358 ], [ 68.64059690610631, 23.825695932849946 ], [ 68.637901249745369, 23.825131923451178 ], [ 68.610245714684083, 23.802416846969276 ], [ 68.58369964635348, 23.789114387857087 ], [ 68.513727762154829, 23.760449262828114 ], [ 68.471557828484023, 23.737846089230938 ], [ 68.448207732682249, 23.726742113987886 ], [ 68.438638237123854, 23.711464397145459 ], [ 68.422820400254508, 23.693816412994938 ], [ 68.421148226086785, 23.692408728654311 ], [ 68.418815044429394, 23.689698762497265 ], [ 68.401175752462038, 23.672987999092587 ], [ 68.39053958166825, 23.656847476832688 ], [ 68.372331414983833, 23.635683272076509 ], [ 68.368815025762686, 23.634518798756549 ], [ 68.325787106348059, 23.625960982956808 ], [ 68.263769710469006, 23.624954191059324 ], [ 68.214520384330669, 23.638723249299886 ], [ 68.21190181425537, 23.651049068554627 ], [ 68.233661216345652, 23.678705509649195 ], [ 68.249868382715277, 23.703972852557548 ], [ 68.259564089680012, 23.714437365021933 ], [ 68.264494404217288, 23.726767572075936 ], [ 68.274776376972667, 23.742787760028502 ], [ 68.270399960283044, 23.787034336193834 ], [ 68.253630278356127, 23.809387298647952 ], [ 68.242765343549308, 23.830227766363581 ], [ 68.243326100362751, 23.855140628876235 ], [ 68.250655804953951, 23.878107905817856 ], [ 68.26763137060054, 23.902330520307562 ], [ 68.317042973901863, 23.927791847116008 ], [ 68.449053759687146, 23.940675813668392 ], [ 68.744177179066583, 23.941606969462157 ], [ 68.774850125182681, 23.949999002177627 ], [ 68.801057054345378, 23.986769217490867 ], [ 68.799766629121336, 24.078123987350139 ], [ 68.802976148629611, 24.236789912905905 ], [ 68.809917789716138, 24.254212634888276 ], [ 68.83876876935085, 24.269671613884494 ], [ 68.866896951007973, 24.267956479098082 ], [ 68.910531488086093, 24.202580198248459 ], [ 68.930200704256038, 24.181940892996309 ], [ 68.951622615609921, 24.189937997545858 ], [ 68.97291324953089, 24.200784345031636 ], [ 69.007799225778115, 24.220737300568388 ], [ 69.040246578653523, 24.220747373528745 ], [ 69.058906775871051, 24.221479177310755 ], [ 69.082746068752371, 24.228125715211007 ], [ 69.103049250380053, 24.243918437645007 ], [ 69.136646891448109, 24.258795232473087 ], [ 69.172527664149058, 24.258035666934855 ], [ 69.20672445467585, 24.242913560770802 ], [ 69.22043313703287, 24.232719303895792 ], [ 69.254041104277988, 24.230423367933625 ], [ 69.29436338908495, 24.234803263155566 ], [ 69.321956873290759, 24.245127943690168 ], [ 69.351112034676106, 24.255506385312163 ], [ 69.376507802252846, 24.262881951305253 ], [ 69.417817379937105, 24.26297943700644 ], [ 69.482696011890354, 24.25892217547338 ], [ 69.557817421329261, 24.252345064170605 ], [ 69.610841142256618, 24.252093914823391 ], [ 69.648793068803286, 24.240123336381902 ], [ 69.654815741348528, 24.233759678816625 ], [ 69.682329141100382, 24.201717342074371 ], [ 69.706021548958731, 24.179614287451187 ], [ 69.710498034261406, 24.174877378759462 ], [ 69.711830007212697, 24.174193513951071 ], [ 69.715565300014163, 24.170707124485112 ], [ 69.749504708326427, 24.141141402230932 ], [ 69.792183073774041, 24.126163696304442 ], [ 69.833615790658641, 24.122569933759632 ], [ 69.883814809950366, 24.133559379539101 ], [ 70.019217331174488, 24.138048138062739 ], [ 70.096311999307346, 24.159859691967608 ], [ 70.133138067314874, 24.175345654595123 ], [ 70.141052242125213, 24.192763437091021 ], [ 70.143217632023195, 24.217864654642138 ], [ 70.144794088504412, 24.237940682616212 ], [ 70.154995417076094, 24.256861955490571 ], [ 70.17930762877117, 24.274086409500104 ], [ 70.239187204258357, 24.300296807784548 ], [ 70.27074989781903, 24.312014276975926 ], [ 70.329014440483888, 24.319544360673675 ], [ 70.433517465610691, 24.344192528539537 ], [ 70.47666451603925, 24.360511794463005 ], [ 70.533215358486629, 24.373639085315048 ], [ 70.56208519472834, 24.375508244391899 ], [ 70.556462319971132, 24.342689623350648 ], [ 70.565152266408859, 24.303497403576884 ], [ 70.5923015224529, 24.262417320867076 ], [ 70.666491910813534, 24.223530119933489 ], [ 70.671214943243157, 24.222175024924951 ], [ 70.692730555663772, 24.207245678341813 ], [ 70.728402829499913, 24.190362206881982 ], [ 70.761279256873706, 24.186988033223876 ], [ 70.822690159262606, 24.193695864263166 ], [ 70.897043575876651, 24.210748765913447 ], [ 70.935004606635985, 24.243975384770078 ], [ 70.951831235052765, 24.279495099044368 ], [ 70.972262500600067, 24.300079271109176 ], [ 71.007039762363362, 24.311735167699563 ], [ 71.062543907403452, 24.335376101184252 ], [ 71.130498401197642, 24.361464792901447 ], [ 71.150344392082275, 24.377003181334626 ], [ 71.159890401012163, 24.397289112982435 ], [ 71.150842879417169, 24.41209152646444 ], [ 71.104273473454782, 24.426646200509804 ], [ 71.054704080048666, 24.436812368720823 ], [ 71.028745458047425, 24.441858143968592 ], [ 71.011130765105463, 24.454993110877776 ], [ 71.005765361253111, 24.476323561296226 ], [ 71.00693353032004, 24.513573146501233 ], [ 71.016972633760929, 24.542468749171611 ], [ 71.034948242757281, 24.567994717435472 ], [ 71.088243231085414, 24.615915956957725 ], [ 71.108343713538574, 24.631100362238538 ], [ 71.165520877295734, 24.615296657894728 ], [ 71.180517677724126, 24.633190534316117 ], [ 71.210668268544097, 24.667386774895281 ], [ 71.232282222430953, 24.68672250258231 ], [ 71.269534669715824, 24.718377136251995 ], [ 71.29947668474577, 24.699731046846445 ], [ 71.31682040174644, 24.687331657018518 ], [ 71.327301420993336, 24.675060335568894 ], [ 71.343690887207444, 24.672776057889177 ], [ 71.385773628561026, 24.685131637736252 ] ] ] } },
{ "type": "Feature", "properties": { "state_name": "Sikkim", "id": 26 }, "geometry": { "type": "Polygon", "coordinates": [ [ [ 88.861152674401552, 27.299690810210688 ], [ 88.902183895578773, 27.203392397922691 ], [ 88.828935288059711, 27.134692357370138 ], [ 88.72278854132577, 27.117126842285323 ], [ 88.633219426538687, 27.131659947183113 ], [ 88.548055861373939, 27.182365675115864 ], [ 88.445065407597369, 27.17836372860183 ], [ 88.380922823312616, 27.143705723018616 ], [ 88.259815345960789, 27.120137967526055 ], [ 88.181736929689592, 27.153025524261359 ], [ 88.115648742662771, 27.167799105272042 ], [ 87.982716023895193, 27.144711370779397 ], [ 88.04083604906991, 27.244641673665658 ], [ 88.031505757491118, 27.343417504882638 ], [ 88.061996385006779, 27.404523617875181 ], [ 88.179253412731185, 27.675622365020246 ], [ 88.173533084455798, 27.848706761188495 ], [ 88.170802605457993, 27.86032033611604 ], [ 88.173230312164833, 27.878998041943078 ], [ 88.169183031064108, 27.904926429172118 ], [ 88.169326034430853, 27.930447947772276 ], [ 88.1859864061351, 27.952467355085027 ], [ 88.215015699642535, 27.977669923244367 ], [ 88.394768997628688, 28.011516171383285 ], [ 88.417807639615617, 28.021304049652137 ], [ 88.430593073395343, 28.021914890327725 ], [ 88.471803518492337, 28.036694344983196 ], [ 88.500997400523701, 28.056589962143107 ], [ 88.514691700967361, 28.062390014106587 ], [ 88.612363547456056, 28.105822237137204 ], [ 88.643776841016518, 28.10275770264418 ], [ 88.690015030152409, 28.085013479077446 ], [ 88.780658971120175, 28.023241660392149 ], [ 88.808025940294456, 27.935635232101827 ], [ 88.840328464045356, 27.809885164558239 ], [ 88.796123208231862, 27.695477192362119 ], [ 88.73061989980431, 27.549217415570169 ], [ 88.744662490256289, 27.485721624134879 ], [ 88.769653189960138, 27.44002343351297 ], [ 88.792334033279019, 27.414203048269734 ], [ 88.794204634089127, 27.411118225026083 ], [ 88.797018369588429, 27.408868865387948 ], [ 88.820186867280171, 27.382479013787165 ], [ 88.851251897813341, 27.336230151416693 ], [ 88.859718017463607, 27.303056466157006 ], [ 88.860598157398996, 27.2996050132924 ], [ 88.861152674401552, 27.299690810210688 ] ] ] } },
{ "type": "Feature", "properties": { "state_name": "Unknown", "id": 27 }, "geometry": { "type": "Polygon", "coordinates": [ [ [ 79.982028226390028, 6.484729780678987 ], [ 79.975116133528402, 6.509120925914834 ], [ 79.969252269616248, 6.54304066040782 ], [ 79.961099824401842, 6.586522338397077 ], [ 79.951923301990391, 6.622861063230761 ], [ 79.948909509377202, 6.65532321946069 ], [ 79.922850059612017, 6.720450591593847 ], [ 79.897598416096685, 6.77126401589365 ], [ 79.876282740095988, 6.833964778854511 ], [ 79.858926130549904, 6.910461161363923 ], [ 79.842340106084393, 6.96882620163861 ], [ 79.836158835308964, 7.017545550415675 ], [ 79.836708740243282, 7.070488866221249 ], [ 79.826812692818208, 7.128788717635478 ], [ 79.816049691243123, 7.14989064885238 ], [ 79.817275782270599, 7.175637457420564 ], [ 79.831794725850116, 7.193611350774852 ], [ 79.840629574430167, 7.215937537465571 ], [ 79.832470158111519, 7.257047847252919 ], [ 79.815189301409958, 7.293963229831199 ], [ 79.803141910322452, 7.328915600814242 ], [ 79.799648129688237, 7.359483637680665 ], [ 79.785746148787709, 7.399704968349073 ], [ 79.780138680064951, 7.455580641186335 ], [ 79.774335881597082, 7.623567678547534 ], [ 79.768568291391389, 7.706639935431161 ], [ 79.753677858147711, 7.743540247576533 ], [ 79.753564765211436, 7.775982270162336 ], [ 79.74963567011541, 7.851403758249853 ], [ 79.734185763619152, 7.881157442266305 ], [ 79.724563069673408, 7.918479186628331 ], [ 79.716447074393727, 7.961986751616009 ], [ 79.711648978678468, 8.002594583144809 ], [ 79.739225184959608, 8.028040441532209 ], [ 79.741350619271941, 8.152310061962378 ], [ 79.747181886687358, 8.199948808151836 ], [ 79.752778193530773, 8.227552629236003 ], [ 79.755640727306002, 8.266638028625994 ], [ 79.765487676849787, 8.288942314463856 ], [ 79.775942531471969, 8.32173354044409 ], [ 79.791932045575322, 8.336805920974832 ], [ 79.809189893443076, 8.338027704076488 ], [ 79.816133627517004, 8.318385285357641 ], [ 79.821225959088835, 8.304012807281602 ], [ 79.817005450202117, 8.272103417048029 ], [ 79.808501214646242, 8.242153180307842 ], [ 79.805271425530222, 8.212615991121831 ], [ 79.796178815197962, 8.173130495632009 ], [ 79.795533497333054, 8.078684402644589 ], [ 79.792903954586023, 8.05867955494034 ], [ 79.793051183341831, 8.030532385115231 ], [ 79.791069811820208, 8.024831000625881 ], [ 79.772206209549978, 8.00787657647388 ], [ 79.772000518813982, 7.990227891362605 ], [ 79.779774237336639, 7.959129585686946 ], [ 79.790706657179399, 7.952801682231962 ], [ 79.806573238083885, 7.959296413818151 ], [ 79.82296322788666, 7.96960030935938 ], [ 79.826998282156964, 7.987202928598085 ], [ 79.851053871860827, 8.03843707959798 ], [ 79.852617806715486, 8.129048712970297 ], [ 79.848055894463016, 8.187297671100993 ], [ 79.885019135667505, 8.234548891790167 ], [ 79.889166048223274, 8.260254927153401 ], [ 79.882461921750561, 8.298972249812632 ], [ 79.879015741531276, 8.330018335541048 ], [ 79.893821056481698, 8.365131533308039 ], [ 79.905158231823819, 8.390746716853267 ], [ 79.906160293945376, 8.432229903882689 ], [ 79.904504883123479, 8.528120132810546 ], [ 79.931091898193856, 8.54638323178362 ], [ 79.957984607756629, 8.588008464149139 ], [ 79.971910644920655, 8.626935695093172 ], [ 79.970936550049998, 8.734731228755903 ], [ 79.962975164627281, 8.78491242108017 ], [ 79.954804837085277, 8.819358791243985 ], [ 79.961653679512111, 8.900821624938926 ], [ 79.975260397576676, 8.949284525212192 ], [ 80.000673696871843, 8.983754629861 ], [ 80.030270157333362, 9.008148713609323 ], [ 80.060376469970649, 9.034438607977131 ], [ 80.090108218498131, 9.067881312527598 ], [ 80.109273391601548, 9.100036841158097 ], [ 80.131725574547275, 9.126898152445399 ], [ 80.131533759813422, 9.180302424598164 ], [ 80.13539252439098, 9.247952575728222 ], [ 80.12189283918282, 9.276754390072346 ], [ 80.116105409220651, 9.307830061620491 ], [ 80.116322272770574, 9.355507894962853 ], [ 80.126082990114895, 9.366333114499826 ], [ 80.124591036410123, 9.395439751729421 ], [ 80.136789158514929, 9.408612439313371 ], [ 80.144237250852868, 9.425191288262313 ], [ 80.155402665342251, 9.465554045700717 ], [ 80.16272464432312, 9.505495255914706 ], [ 80.168473326791059, 9.536400191531873 ], [ 80.157709064222601, 9.555154535048304 ], [ 80.157079947567325, 9.577095738899512 ], [ 80.173932307038456, 9.579704762547525 ], [ 80.213115033671087, 9.566244536929327 ], [ 80.24117580067005, 9.548182476787424 ], [ 80.263596079570277, 9.538309054884003 ], [ 80.28419698914864, 9.535136124950661 ], [ 80.303740771225648, 9.525781539537501 ], [ 80.327721910229414, 9.5239850021654 ], [ 80.382430757342235, 9.522189450936487 ], [ 80.402058277974319, 9.518548991441653 ], [ 80.407638995342637, 9.537526155737501 ], [ 80.411682652016907, 9.550331184293022 ], [ 80.403215493750068, 9.561424974078609 ], [ 80.391065596809284, 9.58258501132339 ], [ 80.345027183105842, 9.617141448981899 ], [ 80.315029519208707, 9.633812084302784 ], [ 80.287924404551092, 9.651390451629494 ], [ 80.263653068531141, 9.666064398534036 ], [ 80.225892270405595, 9.678560178799374 ], [ 80.199384127200318, 9.673242634937873 ], [ 80.177031141790295, 9.656894291449071 ], [ 80.154199624049397, 9.640550546362633 ], [ 80.134089505932351, 9.645142581462785 ], [ 80.116968835116552, 9.656841293519456 ], [ 80.084265272342819, 9.686890697677828 ], [ 80.045803436128011, 9.717978725420952 ], [ 80.016586877479128, 9.757036553220004 ], [ 79.992364526252516, 9.808897668909246 ], [ 80.005587794030703, 9.824916286913281 ], [ 80.033227334237893, 9.840241987731416 ], [ 80.065537430119178, 9.846433907028247 ], [ 80.116461726111794, 9.843757266628913 ], [ 80.142203224669885, 9.829538623634422 ], [ 80.182283718220489, 9.779342484669517 ], [ 80.209101443273511, 9.742222554873841 ], [ 80.234710720646248, 9.720377125696565 ], [ 80.258678265387772, 9.716671509454729 ], [ 80.272384874606772, 9.702159119424909 ], [ 80.290450618377875, 9.68996281944789 ], [ 80.313632782677828, 9.667200247896794 ], [ 80.321189376362071, 9.658979833136966 ], [ 80.344615696351752, 9.651942751330472 ], [ 80.363057111710759, 9.633543305489466 ], [ 80.377379204441183, 9.628076912330172 ], [ 80.386997524926585, 9.628879722772208 ], [ 80.389153208949779, 9.643620871563961 ], [ 80.397925569257282, 9.651585436512333 ], [ 80.390157989516027, 9.676491122451337 ], [ 80.339879975242056, 9.716840296099877 ], [ 80.288695430503807, 9.76149248389819 ], [ 80.257819926420041, 9.784376973927012 ], [ 80.229214871310745, 9.799121311948463 ], [ 80.220369096731304, 9.817373711350639 ], [ 80.227742414999355, 9.827747702199829 ], [ 80.249885685744019, 9.829787548494267 ], [ 80.275165084048069, 9.817475970757878 ], [ 80.301463542846776, 9.808960843755379 ], [ 80.333799431835288, 9.787479660134286 ], [ 80.401510867618683, 9.725402098373602 ], [ 80.447943394812626, 9.685584753749461 ], [ 80.472233022956146, 9.643261017164772 ], [ 80.502410036192899, 9.608945878568022 ], [ 80.571857159150838, 9.53969519689552 ], [ 80.591630744951672, 9.516030928350029 ], [ 80.616308662133648, 9.49895822375924 ], [ 80.622047801266646, 9.468374030255665 ], [ 80.637228000620027, 9.457648369926352 ], [ 80.678742168351206, 9.443638470261382 ], [ 80.729692635117473, 9.420420979221898 ], [ 80.751326708054791, 9.394345641221609 ], [ 80.777344245669411, 9.372485955082722 ], [ 80.809353071248381, 9.336239395702938 ], [ 80.837984633687611, 9.29909675686226 ], [ 80.849131662014784, 9.277482301276004 ], [ 80.856852027530763, 9.251638293553812 ], [ 80.859938083815067, 9.235395456956585 ], [ 80.85439872242749, 9.219293661405029 ], [ 80.837414551012202, 9.206711441782788 ], [ 80.82659841571143, 9.190217636989201 ], [ 80.821046678466104, 9.173161630019152 ], [ 80.827011015282736, 9.156872087454945 ], [ 80.842117277717705, 9.142816498727859 ], [ 80.863976205916217, 9.131509135192548 ], [ 80.886767727587255, 9.118757466400433 ], [ 80.920872224145782, 9.094868529365547 ], [ 80.940454184841656, 9.062168922042915 ], [ 80.940148378229026, 9.043603012463141 ], [ 80.919391714103895, 9.033939835284835 ], [ 80.907758000715901, 9.025556281135035 ], [ 80.90499097103266, 9.002743056087075 ], [ 80.905646704151351, 8.984160506876714 ], [ 80.914597574448578, 8.974968881988687 ], [ 80.930150508885447, 8.959480709808346 ], [ 80.936690806256252, 8.949375682216248 ], [ 80.94781114689863, 8.955863018596601 ], [ 80.966199020799323, 8.967469886136552 ], [ 80.983874137379303, 8.964802463443833 ], [ 81.010291352765819, 8.940566559903582 ], [ 81.047250580326008, 8.917111175657462 ], [ 81.088768412107299, 8.880250923317611 ], [ 81.107091974135173, 8.859480828194899 ], [ 81.117374320420367, 8.844555315392965 ], [ 81.130957845797866, 8.826719845506366 ], [ 81.134861882040923, 8.802379199347889 ], [ 81.126869763282031, 8.782041075723571 ], [ 81.111711402512228, 8.762294588259254 ], [ 81.088477011782359, 8.746009130691569 ], [ 81.087318695433027, 8.733650459087892 ], [ 81.108109886433169, 8.717605759623201 ], [ 81.128930052265758, 8.703464693428522 ], [ 81.147427023594901, 8.693645155761162 ], [ 81.161751097125929, 8.691984869294682 ], [ 81.185427392626394, 8.706354755733797 ], [ 81.204157043733986, 8.710808068248115 ], [ 81.215085161015836, 8.706345404058624 ], [ 81.235442317112913, 8.693636898694018 ], [ 81.250871140776113, 8.643412369112188 ], [ 81.26509370666929, 8.607010823639733 ], [ 81.270453297654754, 8.584080249846393 ], [ 81.27821869772437, 8.562062617361629 ], [ 81.2684951146868, 8.552227239406244 ], [ 81.245373321463106, 8.541656484584665 ], [ 81.217048259669497, 8.534498745449248 ], [ 81.18759019563187, 8.516409077284637 ], [ 81.178702886174207, 8.498940030221236 ], [ 81.191516350338745, 8.493024164157839 ], [ 81.219060751569032, 8.481637228691401 ], [ 81.230655181896793, 8.459558837504627 ], [ 81.246649390384761, 8.443597575047912 ], [ 81.255705448896322, 8.442024817297995 ], [ 81.271281426225045, 8.429877605848146 ], [ 81.295156098239275, 8.42854212585514 ], [ 81.303903324494229, 8.43744258458767 ], [ 81.304555522603195, 8.477404531125007 ], [ 81.317824130305652, 8.499554140640102 ], [ 81.337376654535191, 8.496855924813497 ], [ 81.351538707510713, 8.486156217353518 ], [ 81.368558628916745, 8.474933946632303 ], [ 81.38252992855854, 8.452818372233663 ], [ 81.379898372817706, 8.40908824732262 ], [ 81.361512443160095, 8.395112850884594 ], [ 81.354475679788933, 8.373815041356933 ], [ 81.35358806846628, 8.348610983996409 ], [ 81.355598247978605, 8.325263585980696 ], [ 81.367438013602182, 8.318887734241281 ], [ 81.39218690245346, 8.313255320631187 ], [ 81.401875073223067, 8.292164778660045 ], [ 81.417538613521728, 8.25670567418771 ], [ 81.431830655881001, 8.225076073886223 ], [ 81.445167233073207, 8.193463011381796 ], [ 81.448025230337237, 8.16344599116503 ], [ 81.445332638518266, 8.144459640396642 ], [ 81.438452027477197, 8.132200049644112 ], [ 81.425549584046678, 8.13145359530052 ], [ 81.408010188812526, 8.139343948031604 ], [ 81.393068740617736, 8.130540575665171 ], [ 81.388553624621423, 8.116814058108131 ], [ 81.392198680158472, 8.105813612017464 ], [ 81.412086611705206, 8.095508967564932 ], [ 81.428912939769404, 8.072882994273112 ], [ 81.442867094212303, 8.04982731456511 ], [ 81.453548052888337, 8.031105471573742 ], [ 81.490720073158784, 8.027664062529514 ], [ 81.499619902765119, 8.047026088990039 ], [ 81.500432369334192, 8.067943277976555 ], [ 81.519079687588956, 8.070023964143749 ], [ 81.54216783689462, 8.051579600104651 ], [ 81.564561777208311, 8.019829184375391 ], [ 81.593146354861631, 7.98750561697622 ], [ 81.61743458102579, 7.955252443657493 ], [ 81.635558905079549, 7.925477291452178 ], [ 81.644206358112882, 7.899659191305552 ], [ 81.654936498371242, 7.884746021615801 ], [ 81.637195558980963, 7.878846568671772 ], [ 81.640244402829509, 7.860727031400319 ], [ 81.6627418668769, 7.836117077759335 ], [ 81.711375405320851, 7.776381541251665 ], [ 81.73115745410108, 7.761327436881719 ], [ 81.756088489140282, 7.740486284491936 ], [ 81.777795382253842, 7.726828416858314 ], [ 81.810714011168884, 7.69920515637491 ], [ 81.830734892388406, 7.669887478714199 ], [ 81.841333621995716, 7.647376354847212 ], [ 81.852127658838569, 7.607274905476135 ], [ 81.861992934697014, 7.568615683577303 ], [ 81.868207769381371, 7.539997336557564 ], [ 81.867408364630705, 7.519570591287023 ], [ 81.853137619865208, 7.520745537474181 ], [ 81.837939683669532, 7.553783885711704 ], [ 81.791278145688651, 7.615843069891831 ], [ 81.757957375674692, 7.648221035740067 ], [ 81.718755851089384, 7.670708090570716 ], [ 81.682078979089283, 7.672232953078239 ], [ 81.666085609542293, 7.655363241221399 ], [ 81.664917596419556, 7.641591057032041 ], [ 81.678141282923008, 7.633777580833818 ], [ 81.711301422479465, 7.62089908494108 ], [ 81.741025934541156, 7.601892419540996 ], [ 81.768744371254726, 7.576736709283134 ], [ 81.80221871261044, 7.523918975408352 ], [ 81.811019394735794, 7.446768853672884 ], [ 81.816578471093564, 7.436699892456317 ], [ 81.86170626747402, 7.429345874877202 ], [ 81.876987182923997, 7.401539498951087 ], [ 81.887411351031972, 7.367630471277523 ], [ 81.901987337611203, 7.325103265253949 ], [ 81.919075118717132, 7.291094641594943 ], [ 81.925936065971129, 7.242035845974811 ], [ 81.9142109335084, 7.222253028099655 ], [ 81.906192714160852, 7.195758643604557 ], [ 81.903477058773873, 7.142091438133078 ], [ 81.90783390810509, 7.11540963705758 ], [ 81.914194142770214, 7.09535231504784 ], [ 81.920434515879435, 7.035373927653009 ], [ 81.924383057443606, 7.012977419528283 ], [ 81.931136382679568, 6.987212932200658 ], [ 81.929527933252004, 6.910243375838958 ], [ 81.903243279116936, 6.868801020669971 ], [ 81.892446538011939, 6.845667308729611 ], [ 81.881950080672482, 6.810169887842733 ], [ 81.873244363694937, 6.766564810944279 ], [ 81.867008039083302, 6.729102491837001 ], [ 81.858056834275189, 6.70118391133169 ], [ 81.847523045286891, 6.661877949324591 ], [ 81.839990489255456, 6.632986323902077 ], [ 81.826724293146455, 6.601795859714364 ], [ 81.801860396181951, 6.556500140150875 ], [ 81.772341143852486, 6.517917157970794 ], [ 81.746154506598998, 6.479283307358495 ], [ 81.732987602712228, 6.454259856127548 ], [ 81.696942626803619, 6.42430580958857 ], [ 81.612981304895968, 6.364529722944258 ], [ 81.569245319616172, 6.327041513362436 ], [ 81.518997583937107, 6.300564773210186 ], [ 81.49010533947046, 6.27095852505377 ], [ 81.442133810107677, 6.235873337141718 ], [ 81.399957058631003, 6.207843412240568 ], [ 81.343024083364597, 6.178079177056409 ], [ 81.305294050903029, 6.16377821731271 ], [ 81.244615656758711, 6.138796397311366 ], [ 81.171138191674174, 6.117281335758249 ], [ 81.103352718415792, 6.094733390347264 ], [ 81.054106037542127, 6.071487151998354 ], [ 80.976090569409735, 6.027124297686782 ], [ 80.914078293295958, 6.01066022357975 ], [ 80.85644095641409, 6.003187021017415 ], [ 80.803354525131979, 5.976606299150553 ], [ 80.729378535879206, 5.95404414043673 ], [ 80.698775024187654, 5.93911829262592 ], [ 80.643409024680338, 5.922060522312646 ], [ 80.603756711361783, 5.906264643128575 ], [ 80.510587942360289, 5.916252758058421 ], [ 80.435575691456577, 5.935104783235993 ], [ 80.363493757421352, 5.962978643882447 ], [ 80.314785479466408, 5.99681945761747 ], [ 80.266887861688716, 6.016828626965948 ], [ 80.205604645562829, 6.032197544572456 ], [ 80.182681221921754, 6.045512200213593 ], [ 80.123058826282431, 6.136674676553302 ], [ 80.097232781470311, 6.176022472071406 ], [ 80.083750748598234, 6.210961630364578 ], [ 80.070533785232129, 6.22396390607094 ], [ 80.052432835968489, 6.274209164594784 ], [ 80.042244009733594, 6.304827694512463 ], [ 80.019432356060307, 6.360844851848025 ], [ 79.996119727938719, 6.414485156177832 ], [ 79.984532911492821, 6.44845938394064 ], [ 79.982028226390028, 6.484729780678987 ] ] ] } }
]
}
