source_district,dest_district,source_year,dest_year,filter_state
24 - Parganas,24 - Parganas,1951,1961,West Bengal
24 - Parganas,24 - Parganas,1951,1961,West Bengal
24 - Parganas,Twenty Four Parganas,1961,1971,West Bengal
24 - Parganas,Twenty Four Parganas,1961,1971,West Bengal
Abor Hills,Siang Frontier Division,1951,1961,Arunachal Pradesh
Abor Hills,Siang Frontier Division,1951,1961,Arunachal Pradesh
Abor Hills,Siang Frontier Division,1951,1961,Arunachal Pradesh
Abor Hills,Siang Frontier Division,1951,1961,Arunachal Pradesh
Abor Hills,Siang Frontier Division,1951,1961,Arunachal Pradesh
Abor Hills,Siang Frontier Division,1951,1961,Arunachal Pradesh
Abor Hills,Siang Frontier Division,1951,1961,Arunachal Pradesh
Abor Hills,Siang Frontier Division,1951,1961,Arunachal Pradesh
Abor Hills,Siang Frontier Division,1951,1961,Arunachal Pradesh
Abor Hills,Siang Frontier Division,1951,1961,Arunachal Pradesh
Abor Hills,Siang Frontier Division,1951,1961,Arunachal Pradesh
Adilabad,Adilabad,1951,1961,Telangana
Adilabad,Adilabad,1951,1961,Telangana
Adilabad,Adilabad,1951,1961,Telangana
Adilabad,Adilabad,1951,1961,Telangana
Adilabad,Adilabad,1961,1971,Telangana
Adilabad,Adilabad,1961,1971,Telangana
Adilabad,Adilabad,1961,1971,Telangana
Adilabad,Adilabad,1961,1971,Telangana
Adilabad,Adilabad,1971,1981,Telangana
Adilabad,Adilabad,1971,1981,Telangana
Adilabad,Adilabad,1971,1981,Telangana
Adilabad,Adilabad,1971,1981,Telangana
Adilabad,Adilabad,1981,1991,Telangana
Adilabad,Adilabad,1981,1991,Telangana
Adilabad,Adilabad,1981,1991,Telangana
Adilabad,Adilabad,1981,1991,Telangana
Adilabad,Adilabad,1991,2001,Telangana
Adilabad,Adilabad,1991,2001,Telangana
Adilabad,Adilabad,1991,2001,Telangana
Adilabad,Adilabad,1991,2001,Telangana
Adilabad,Adilabad,2001,2011,Telangana
Adilabad,Adilabad,2001,2011,Telangana
Adilabad,Adilabad,2001,2011,Telangana
Adilabad,Adilabad,2001,2011,Telangana
Adilabad,Adilabad,2011,2024,Telangana
Adilabad,Kumuram Bheem,2011,2024,Telangana
Adilabad,Mancherial,2011,2024,Telangana
Adilabad,Nirmal,2011,2024,Telangana
Agra,Agra,1951,1961,Uttar Pradesh
Agra,Agra,1951,1961,Uttar Pradesh
Agra,Agra,1961,1971,Uttar Pradesh
Agra,Agra,1961,1971,Uttar Pradesh
Agra,Agra,1971,1981,Uttar Pradesh
Agra,Agra,1971,1981,Uttar Pradesh
Agra,Agra,1981,1991,Uttar Pradesh
Agra,Firozabad,1981,1991,Uttar Pradesh
Agra,Agra,1991,2001,Uttar Pradesh
Agra,Agra,2001,2011,Uttar Pradesh
Agra,Agra,2011,2024,Uttar Pradesh
Ahmadabad,Ahmadabad,1971,1981,Gujarat
Ahmadabad,Ahmadabad,1971,1981,Gujarat
Ahmadabad,Ahmadabad,1981,1991,Gujarat
Ahmadabad,Ahmadabad,1981,1991,Gujarat
Ahmadabad,Ahmadabad,1991,2001,Gujarat
Ahmadabad,Ahmadabad,1991,2001,Gujarat
Ahmadabad,Ahmadabad,2001,2011,Gujarat
Ahmadabad,Ahmadabad,2001,2011,Gujarat
Ahmadabad,Ahmadabad,2011,2024,Gujarat
Ahmadabad,Botad,2011,2024,Gujarat
Ahmadnagar,Ahmednagar,1961,1971,Maharashtra
Ahmadnagar,Ahmadnagar,1981,1991,Maharashtra
Ahmadnagar,Ahmadnagar,1991,2001,Maharashtra
Ahmadnagar,Ahmadnagar,2001,2011,Maharashtra
Ahmadnagar,Ahmadnagar,2011,2024,Maharashtra
Ahmedabad,Ahmedabad,1951,1961,Gujarat
Ahmedabad,Ahmedabad,1951,1961,Gujarat
Ahmedabad,Ahmedabad,1951,1961,Gujarat
Ahmedabad,Ahmadabad,1961,1971,Gujarat
Ahmedabad,Gandhinagar,1961,1971,Gujarat
Ahmedabad,Ahmadabad,1961,1971,Gujarat
Ahmednagar,Ahmadnagar,1951,1961,Maharashtra
Ahmednagar,Ahmadnagar,1971,1981,Maharashtra
Aizawl,Aizawl,1981,1991,Mizoram
Aizawl,Aizawl,1981,1991,Mizoram
Aizawl,Aizawl,1981,1991,Mizoram
Aizawl,Aizawl,1981,1991,Mizoram
Aizawl,Aizawl,1981,1991,Mizoram
Aizawl,Aizawl,1981,1991,Mizoram
Aizawl,Aizawl,1981,1991,Mizoram
Aizawl,Mamit,1991,2001,Mizoram
Aizawl,Kolasib,1991,2001,Mizoram
Aizawl,Aizawl,1991,2001,Mizoram
Aizawl,Champhai,1991,2001,Mizoram
Aizawl,Serchhip,1991,2001,Mizoram
Aizawl,Aizawl,1991,2001,Mizoram
Aizawl,Champhai,1991,2001,Mizoram
Aizawl,Aizawl,2001,2011,Mizoram
Aizawl,Aizawl,2001,2011,Mizoram
Aizawl,Aizawl,2011,2024,Mizoram
Aizawl,Saitual,2011,2024,Mizoram
Ajmer,Ajmer,1951,1961,Rajasthan
Ajmer,Ajmer,1951,1961,Rajasthan
Ajmer,Ajmer,1961,1971,Rajasthan
Ajmer,Ajmer,1961,1971,Rajasthan
Ajmer,Ajmer,1971,1981,Rajasthan
Ajmer,Ajmer,1971,1981,Rajasthan
Ajmer,Ajmer,1981,1991,Rajasthan
Ajmer,Ajmer,1981,1991,Rajasthan
Ajmer,Ajmer,1991,2001,Rajasthan
Ajmer,Ajmer,1991,2001,Rajasthan
Ajmer,Ajmer,2001,2011,Rajasthan
Ajmer,Ajmer,2001,2011,Rajasthan
Ajmer,Ajmer,2011,2024,Rajasthan
Ajmer,Ajmer,2011,2024,Rajasthan
Akola,Akola,1951,1961,Maharashtra
Akola,Akola,1951,1961,Maharashtra
Akola,Akola,1961,1971,Maharashtra
Akola,Akola,1961,1971,Maharashtra
Akola,Akola,1971,1981,Maharashtra
Akola,Akola,1971,1981,Maharashtra
Akola,Akola,1981,1991,Maharashtra
Akola,Akola,1981,1991,Maharashtra
Akola,Akola,1991,2001,Maharashtra
Akola,Washim,1991,2001,Maharashtra
Akola,Akola,2001,2011,Maharashtra
Akola,Akola,2011,2024,Maharashtra
Alappuzha,Alappuzha,1991,2001,Kerala
Alappuzha,Alappuzha,2001,2011,Kerala
Alappuzha,Alappuzha,2011,2024,Kerala
Aligarh,Aligarh,1951,1961,Uttar Pradesh
Aligarh,Aligarh,1951,1961,Uttar Pradesh
Aligarh,Aligarh,1961,1971,Uttar Pradesh
Aligarh,Aligarh,1961,1971,Uttar Pradesh
Aligarh,Aligarh,1971,1981,Uttar Pradesh
Aligarh,Aligarh,1971,1981,Uttar Pradesh
Aligarh,Aligarh,1981,1991,Uttar Pradesh
Aligarh,Aligarh,1981,1991,Uttar Pradesh
Aligarh,Aligarh,1991,2001,Uttar Pradesh
Aligarh,Hathras,1991,2001,Uttar Pradesh
Aligarh,Aligarh,2001,2011,Uttar Pradesh
Aligarh,Aligarh,2011,2024,Uttar Pradesh
Alirajpur,Alirajpur,2011,2024,Madhya Pradesh
Allahabad,Allahabad,1951,1961,Uttar Pradesh
Allahabad,Allahabad,1951,1961,Uttar Pradesh
Allahabad,Allahabad,1961,1971,Uttar Pradesh
Allahabad,Allahabad,1961,1971,Uttar Pradesh
Allahabad,Allahabad,1971,1981,Uttar Pradesh
Allahabad,Allahabad,1971,1981,Uttar Pradesh
Allahabad,Allahabad,1981,1991,Uttar Pradesh
Allahabad,Allahabad,1981,1991,Uttar Pradesh
Allahabad,Allahabad,1991,2001,Uttar Pradesh
Allahabad,Kaushambi,1991,2001,Uttar Pradesh
Allahabad,Allahabad,2001,2011,Uttar Pradesh
Allahabad,Prayagraj,2011,2024,Uttar Pradesh
Alleppey,Alleppey,1961,1971,Kerala
Alleppey,Alleppey,1961,1971,Kerala
Alleppey,Alleppey,1971,1981,Kerala
Alleppey,Alleppey,1971,1981,Kerala
Alleppey,Alappuzha,1981,1991,Kerala
Alleppey,Pathanamthitta,1981,1991,Kerala
Almora,Pithoragarh,1951,1961,Uttarakhand
Almora,Almora,1951,1961,Uttarakhand
Almora,Almora,1951,1961,Uttarakhand
Almora,Pithoragarh,1951,1961,Uttarakhand
Almora,Almora,1961,1971,Uttarakhand
Almora,Almora,1961,1971,Uttarakhand
Almora,Almora,1971,1981,Uttarakhand
Almora,Almora,1971,1981,Uttarakhand
Almora,Almora,1981,1991,Uttarakhand
Almora,Almora,1981,1991,Uttarakhand
Almora,Bageshwar,1991,2001,Uttarakhand
Almora,Almora,1991,2001,Uttarakhand
Almora,Almora,2001,2011,Uttarakhand
Almora,Almora,2011,2024,Uttarakhand
Alwar,Alwar,1951,1961,Rajasthan
Alwar,Alwar,1961,1971,Rajasthan
Alwar,Alwar,1971,1981,Rajasthan
Alwar,Alwar,1981,1991,Rajasthan
Alwar,Alwar,1991,2001,Rajasthan
Alwar,Alwar,2001,2011,Rajasthan
Alwar,Alwar,2011,2024,Rajasthan
Ambala,Ambala,1951,1961,Chandigarh
Ambala,Chandigarh,1961,1971,Chandigarh
Ambala,Ambala,1951,1961,Haryana
Ambala,Ambala,1951,1961,Haryana
Ambala,Ambala,1951,1961,Haryana
Ambala,Ambala,1961,1971,Haryana
Ambala,Ambala,1961,1971,Haryana
Ambala,Ambala,1961,1971,Haryana
Ambala,Ambala,1971,1981,Haryana
Ambala,Ambala,1971,1981,Haryana
Ambala,Ambala,1971,1981,Haryana
Ambala,Ambala,1981,1991,Haryana
Ambala,Ambala,1981,1991,Haryana
Ambala,Yamunanagar,1981,1991,Haryana
Ambala,Panchkula,1991,2001,Haryana
Ambala,Ambala,1991,2001,Haryana
Ambala,Ambala,2001,2011,Haryana
Ambala,Ambala,2011,2024,Haryana
Ambedkar Nagar,Ambedkar Nagar,2001,2011,Uttar Pradesh
Ambedkar Nagar,Ambedkar Nagar,2011,2024,Uttar Pradesh
Amravati,Amravati,1951,1961,Maharashtra
Amravati,Amravati,1961,1971,Maharashtra
Amravati,Amravati,1971,1981,Maharashtra
Amravati,Amravati,1981,1991,Maharashtra
Amravati,Amravati,1991,2001,Maharashtra
Amravati,Amravati,2001,2011,Maharashtra
Amravati,Amravati,2011,2024,Maharashtra
Amreli,Amreli,1951,1961,Gujarat
Amreli,Amreli,1961,1971,Gujarat
Amreli,Amreli,1971,1981,Gujarat
Amreli,Amreli,1981,1991,Gujarat
Amreli,Amreli,1991,2001,Gujarat
Amreli,Amreli,2001,2011,Gujarat
Amreli,Amreli,2011,2024,Gujarat
Amritsar,Amritsar,1951,1961,Punjab
Amritsar,Amritsar,1951,1961,Punjab
Amritsar,Amritsar,1961,1971,Punjab
Amritsar,Amritsar,1961,1971,Punjab
Amritsar,Amritsar,1971,1981,Punjab
Amritsar,Amritsar,1971,1981,Punjab
Amritsar,Amritsar,1981,1991,Punjab
Amritsar,Amritsar,1981,1991,Punjab
Amritsar,Amritsar,1991,2001,Punjab
Amritsar,Amritsar,1991,2001,Punjab
Amritsar,Amritsar,2001,2011,Punjab
Amritsar,Tarn Taran,2001,2011,Punjab
Amritsar,Amritsar,2011,2024,Punjab
Anand,Anand,2001,2011,Gujarat
Anand,Anand,2011,2024,Gujarat
Anantapur,Anantapur,1951,1961,Andhra Pradesh
Anantapur,Anantapur,1951,1961,Andhra Pradesh
Anantapur,Anantapur,1961,1971,Andhra Pradesh
Anantapur,Anantapur,1961,1971,Andhra Pradesh
Anantapur,Anantapur,1971,1981,Andhra Pradesh
Anantapur,Anantapur,1971,1981,Andhra Pradesh
Anantapur,Anantapur,1981,1991,Andhra Pradesh
Anantapur,Anantapur,1981,1991,Andhra Pradesh
Anantapur,Anantapur,1991,2001,Andhra Pradesh
Anantapur,Anantapur,1991,2001,Andhra Pradesh
Anantapur,Anantapur,2001,2011,Andhra Pradesh
Anantapur,Anantapur,2001,2011,Andhra Pradesh
Anantapur,Anantapur,2011,2024,Andhra Pradesh
Anantapur,Sri Sathya Sai,2011,2024,Andhra Pradesh
Anantnag,Anantnag,1961,1971,Jammu & Kashmir
Anantnag,Anantnag,1961,1971,Jammu & Kashmir
Anantnag,Anantnag,1971,1981,Jammu & Kashmir
Anantnag,Anantnag,1971,1981,Jammu & Kashmir
Anantnag,Anantnag,1981,1991,Jammu & Kashmir
Anantnag,Anantnag,1981,1991,Jammu & Kashmir
Anantnag,Anantnag,1991,2001,Jammu & Kashmir
Anantnag,Anantnag,1991,2001,Jammu & Kashmir
Anantnag,Anantnag,2001,2011,Jammu & Kashmir
Anantnag,Kulgam,2001,2011,Jammu & Kashmir
Anantnag,Anantnag,2011,2024,Jammu & Kashmir
Andaman,Andamans,1981,1991,Andaman and Nicobar Islands
Andaman,Andamans,1981,1991,Andaman and Nicobar Islands
Andaman and Nicobar Islands,Andaman and Nicobar Islands,1951,1961,Andaman and Nicobar Islands
Andaman and Nicobar Islands,Andaman and Nicobar Islands,1951,1961,Andaman and Nicobar Islands
Andaman and Nicobar Islands,Andaman and Nicobar Islands,1951,1961,Andaman and Nicobar Islands
Andaman and Nicobar Islands,Andaman and Nicobar Islands,1961,1971,Andaman and Nicobar Islands
Andaman and Nicobar Islands,Andaman and Nicobar Islands,1961,1971,Andaman and Nicobar Islands
Andaman and Nicobar Islands,Andaman and Nicobar Islands,1961,1971,Andaman and Nicobar Islands
Andaman and Nicobar Islands,Nicobar,1971,1981,Andaman and Nicobar Islands
Andaman and Nicobar Islands,Andaman,1971,1981,Andaman and Nicobar Islands
Andaman and Nicobar Islands,Andaman,1971,1981,Andaman and Nicobar Islands
Andamans,Andamans,1991,2001,Andaman and Nicobar Islands
Andamans,Andamans,1991,2001,Andaman and Nicobar Islands
Andamans,North & Middle Andaman,2001,2011,Andaman and Nicobar Islands
Andamans,South Andaman,2001,2011,Andaman and Nicobar Islands
Anjaw,Anjaw,2011,2024,Arunachal Pradesh
Annupur,Annupur,2011,2024,Madhya Pradesh
Anugul,Anugul,2001,2011,Odisha
Anugul,Anugul,2011,2024,Odisha
Araria,Araria,1991,2001,Bihar
Araria,Araria,2001,2011,Bihar
Araria,Araria,2011,2024,Bihar
Ariyalur,Ariyalur,2011,2024,Tamil Nadu
Arwal,Arwal,2011,2024,Bihar
Ashoknagar,Ashoknagar,2011,2024,Madhya Pradesh
Auraiya,Auraiya,2001,2011,Uttar Pradesh
Auraiya,Auraiya,2011,2024,Uttar Pradesh
Aurangabad,Aurangabad,1981,1991,Bihar
Aurangabad,Aurangabad,1991,2001,Bihar
Aurangabad,Aurangabad,2001,2011,Bihar
Aurangabad,Aurangabad,2011,2024,Bihar
Aurangabad,Aurangabad,1951,1961,Maharashtra
Aurangabad,Aurangabad,1951,1961,Maharashtra
Aurangabad,Aurangabad,1961,1971,Maharashtra
Aurangabad,Aurangabad,1961,1971,Maharashtra
Aurangabad,Aurangabad,1971,1981,Maharashtra
Aurangabad,Aurangabad,1971,1981,Maharashtra
Aurangabad,Aurangabad,1981,1991,Maharashtra
Aurangabad,Jalna,1981,1991,Maharashtra
Aurangabad,Aurangabad,1991,2001,Maharashtra
Aurangabad,Aurangabad,2001,2011,Maharashtra
Aurangabad,Sambhaji Nagar,2011,2024,Maharashtra
Azamgarh,Azamgarh,1951,1961,Uttar Pradesh
Azamgarh,Azamgarh,1951,1961,Uttar Pradesh
Azamgarh,Azamgarh,1961,1971,Uttar Pradesh
Azamgarh,Azamgarh,1961,1971,Uttar Pradesh
Azamgarh,Azamgarh,1971,1981,Uttar Pradesh
Azamgarh,Azamgarh,1971,1981,Uttar Pradesh
Azamgarh,Azamgarh,1981,1991,Uttar Pradesh
Azamgarh,Mau,1981,1991,Uttar Pradesh
Azamgarh,Azamgarh,1991,2001,Uttar Pradesh
Azamgarh,Azamgarh,2001,2011,Uttar Pradesh
Azamgarh,Azamgarh,2011,2024,Uttar Pradesh
Badgam,Badgam,1981,1991,Jammu & Kashmir
Badgam,Badgam,1991,2001,Jammu & Kashmir
Badgam,Badgam,2001,2011,Jammu & Kashmir
Badgam,Badgam,2011,2024,Jammu & Kashmir
Bagalkot,Bagalkot,2001,2011,Karnataka
Bagalkot,Bagalkot,2011,2024,Karnataka
Bageshwar,Bageshwar,2001,2011,Uttarakhand
Bageshwar,Bageshwar,2011,2024,Uttarakhand
Baghpat,Baghpat,2001,2011,Uttar Pradesh
Baghpat,Baghpat,2011,2024,Uttar Pradesh
Bahraich,Bahraich,1951,1961,Uttar Pradesh
Bahraich,Bahraich,1951,1961,Uttar Pradesh
Bahraich,Bahraich,1961,1971,Uttar Pradesh
Bahraich,Bahraich,1961,1971,Uttar Pradesh
Bahraich,Bahraich,1971,1981,Uttar Pradesh
Bahraich,Bahraich,1971,1981,Uttar Pradesh
Bahraich,Bahraich,1981,1991,Uttar Pradesh
Bahraich,Bahraich,1981,1991,Uttar Pradesh
Bahraich,Bahraich,1991,2001,Uttar Pradesh
Bahraich,Shrawasti,1991,2001,Uttar Pradesh
Bahraich,Bahraich,2001,2011,Uttar Pradesh
Bahraich,Bahraich,2011,2024,Uttar Pradesh
Baksa,Baksa,2011,2024,Assam
Baksa,Baksa,2011,2024,Assam
Baksa,Baksa,2011,2024,Assam
Baksa,Baksa,2011,2024,Assam
Baksa,Tamulpur,2011,2024,Assam
Balaghat,Balaghat,1951,1961,Madhya Pradesh
Balaghat,Balaghat,1961,1971,Madhya Pradesh
Balaghat,Balaghat,1971,1981,Madhya Pradesh
Balaghat,Balaghat,1981,1991,Madhya Pradesh
Balaghat,Balaghat,1991,2001,Madhya Pradesh
Balaghat,Balaghat,2001,2011,Madhya Pradesh
Balaghat,Balaghat,2011,2024,Madhya Pradesh
Balangir,Balangir,1981,1991,Odisha
Balangir,Balangir,1981,1991,Odisha
Balangir,Sonapur,1991,2001,Odisha
Balangir,Balangir,1991,2001,Odisha
Balangir,Balangir,2001,2011,Odisha
Balangir,Balangir,2011,2024,Odisha
Balasore,Balasore,1951,1961,Odisha
Balasore,Balasore,1951,1961,Odisha
Balasore,Balasore,1961,1971,Odisha
Balasore,Balasore,1961,1971,Odisha
Balasore,Baleshwar,1971,1981,Odisha
Balasore,Baleshwar,1971,1981,Odisha
Baleshwar,Baleshwar,1981,1991,Odisha
Baleshwar,Baleshwar,1981,1991,Odisha
Baleshwar,Baleshwar,1991,2001,Odisha
Baleshwar,Bhadrak,1991,2001,Odisha
Baleshwar,Baleshwar,2001,2011,Odisha
Baleshwar,Baleshwar,2011,2024,Odisha
Balipara Frontier Tract,Kameng Frontier,1951,1961,Arunachal Pradesh
Balipara Frontier Tract,Kameng Frontier,1951,1961,Arunachal Pradesh
Balipara Frontier Tract,Kameng Frontier,1951,1961,Arunachal Pradesh
Balipara Frontier Tract,Kameng Frontier,1951,1961,Arunachal Pradesh
Balipara Frontier Tract,Subansiri Frontier,1951,1961,Arunachal Pradesh
Balipara Frontier Tract,Subansiri Frontier,1951,1961,Arunachal Pradesh
Balipara Frontier Tract,Subansiri Frontier,1951,1961,Arunachal Pradesh
Balipara Frontier Tract,Subansiri Frontier,1951,1961,Arunachal Pradesh
Balipara Frontier Tract,Subansiri Frontier,1951,1961,Arunachal Pradesh
Balipara Frontier Tract,Subansiri Frontier,1951,1961,Arunachal Pradesh
Balipara Frontier Tract,Subansiri Frontier,1951,1961,Arunachal Pradesh
Ballia,Ballia,1951,1961,Uttar Pradesh
Ballia,Ballia,1961,1971,Uttar Pradesh
Ballia,Ballia,1971,1981,Uttar Pradesh
Ballia,Ballia,1981,1991,Uttar Pradesh
Ballia,Ballia,1991,2001,Uttar Pradesh
Ballia,Ballia,2001,2011,Uttar Pradesh
Ballia,Ballia,2011,2024,Uttar Pradesh
Balrampur,Balrampur,2001,2011,Uttar Pradesh
Balrampur,Balrampur,2011,2024,Uttar Pradesh
Banares,Varanasi,1951,1961,Uttar Pradesh
Banares,Varanasi,1951,1961,Uttar Pradesh
Banares,Varanasi,1951,1961,Uttar Pradesh
Banas Kantha,Banas Kantha,1971,1981,Gujarat
Banas Kantha,Banas Kantha,1981,1991,Gujarat
Banas Kantha,Banas Kantha,1991,2001,Gujarat
Banas Kantha,Banas Kantha,2001,2011,Gujarat
Banas Kantha,Banas Kantha,2011,2024,Gujarat
Banaskantha,Banaskantha,1951,1961,Gujarat
Banaskantha,Banas Kantha,1961,1971,Gujarat
Banda,Banda,1951,1961,Uttar Pradesh
Banda,Banda,1951,1961,Uttar Pradesh
Banda,Banda,1961,1971,Uttar Pradesh
Banda,Banda,1961,1971,Uttar Pradesh
Banda,Banda,1971,1981,Uttar Pradesh
Banda,Banda,1971,1981,Uttar Pradesh
Banda,Banda,1981,1991,Uttar Pradesh
Banda,Banda,1981,1991,Uttar Pradesh
Banda,Banda,1991,2001,Uttar Pradesh
Banda,Chitrakoot,1991,2001,Uttar Pradesh
Banda,Banda,2001,2011,Uttar Pradesh
Banda,Banda,2011,2024,Uttar Pradesh
Bandipore,Bandipore,2011,2024,Jammu & Kashmir
Bangalore,Bangalore,1951,1961,Karnataka
Bangalore,Bangalore,1951,1961,Karnataka
Bangalore,Bangalore,1951,1961,Karnataka
Bangalore,Bangalore,1961,1971,Karnataka
Bangalore,Bangalore,1961,1971,Karnataka
Bangalore,Bangalore,1961,1971,Karnataka
Bangalore,Bangalore,1971,1981,Karnataka
Bangalore,Bangalore,1971,1981,Karnataka
Bangalore,Bangalore,1971,1981,Karnataka
Bangalore,Bangalore,1981,1991,Karnataka
Bangalore,Bangalore Rural,1981,1991,Karnataka
Bangalore,Bangalore Rural,1981,1991,Karnataka
Bangalore,Bangalore,1991,2001,Karnataka
Bangalore,Bangalore,2001,2011,Karnataka
Bangalore,Bangalore,2011,2024,Karnataka
Bangalore Rural,Bangalore Rural,1991,2001,Karnataka
Bangalore Rural,Bangalore Rural,1991,2001,Karnataka
Bangalore Rural,Bangalore Rural,2001,2011,Karnataka
Bangalore Rural,Ramanagara,2001,2011,Karnataka
Bangalore Rural,Bangalore Rural,2011,2024,Karnataka
Banka,Banka,2001,2011,Bihar
Banka,Banka,2011,2024,Bihar
Bankura,Bankura,1951,1961,West Bengal
Bankura,Bankura,1961,1971,West Bengal
Bankura,Bankura,1971,1981,West Bengal
Bankura,Bankura,1981,1991,West Bengal
Bankura,Bankura,1991,2001,West Bengal
Bankura,Bankura,2001,2011,West Bengal
Bankura,Bankura,2011,2024,West Bengal
Banswara,Banswara,1951,1961,Rajasthan
Banswara,Banswara,1961,1971,Rajasthan
Banswara,Banswara,1971,1981,Rajasthan
Banswara,Banswara,1981,1991,Rajasthan
Banswara,Banswara,1991,2001,Rajasthan
Banswara,Banswara,2001,2011,Rajasthan
Banswara,Banswara,2011,2024,Rajasthan
Bara Banki,Bara Banki,1951,1961,Uttar Pradesh
Bara Banki,Bara Banki,1961,1971,Uttar Pradesh
Bara Banki,Bara Banki,1971,1981,Uttar Pradesh
Bara Banki,Bara Banki,1981,1991,Uttar Pradesh
Bara Banki,Barabanki,1991,2001,Uttar Pradesh
Bara Banki,Bara Banki,2011,2024,Uttar Pradesh
Barabanki,Bara Banki,2001,2011,Uttar Pradesh
Baramula,Kupwara,1971,1981,Jammu & Kashmir
Baramula,Baramula,1971,1981,Jammu & Kashmir
Baramula,Baramula,1971,1981,Jammu & Kashmir
Baramula,Baramula,1971,1981,Jammu & Kashmir
Baramula,Baramula,1981,1991,Jammu & Kashmir
Baramula,Baramula,1981,1991,Jammu & Kashmir
Baramula,Baramula,1981,1991,Jammu & Kashmir
Baramula,Baramula,1991,2001,Jammu & Kashmir
Baramula,Baramula,1991,2001,Jammu & Kashmir
Baramula,Baramula,1991,2001,Jammu & Kashmir
Baramula,Baramula,2001,2011,Jammu & Kashmir
Baramula,Bandipore,2001,2011,Jammu & Kashmir
Baramula,Ganderbal,2001,2011,Jammu & Kashmir
Baramula,Baramula,2011,2024,Jammu & Kashmir
Baramulla,Baramula,1961,1971,Jammu & Kashmir
Baramulla,Baramula,1961,1971,Jammu & Kashmir
Baramulla,Baramula,1961,1971,Jammu & Kashmir
Baramulla,Baramula,1961,1971,Jammu & Kashmir
Baran,Baran,2001,2011,Rajasthan
Baran,Baran,2011,2024,Rajasthan
Barddhaman,Barddhaman,1981,1991,West Bengal
Barddhaman,Barddhaman,1981,1991,West Bengal
Barddhaman,Barddhaman,1981,1991,West Bengal
Barddhaman,Barddhaman,1991,2001,West Bengal
Barddhaman,Barddhaman,1991,2001,West Bengal
Barddhaman,Barddhaman,1991,2001,West Bengal
Barddhaman,Barddhaman,2001,2011,West Bengal
Barddhaman,Barddhaman,2001,2011,West Bengal
Barddhaman,Barddhaman,2001,2011,West Bengal
Barddhaman,Barddhaman,2011,2024,West Bengal
Barddhaman,Pashchim Barddhaman,2011,2024,West Bengal
Barddhaman,Purba Barddhaman,2011,2024,West Bengal
Bareilly,Bareilly,1951,1961,Uttar Pradesh
Bareilly,Bareilly,1961,1971,Uttar Pradesh
Bareilly,Bareilly,1971,1981,Uttar Pradesh
Bareilly,Bareilly,1981,1991,Uttar Pradesh
Bareilly,Bareilly,1991,2001,Uttar Pradesh
Bareilly,Bareilly,2001,2011,Uttar Pradesh
Bareilly,Bareilly,2011,2024,Uttar Pradesh
Bargarh,Bargarh,2001,2011,Odisha
Bargarh,Bargarh,2011,2024,Odisha
Barmer,Barmer,1951,1961,Rajasthan
Barmer,Barmer,1961,1971,Rajasthan
Barmer,Barmer,1971,1981,Rajasthan
Barmer,Barmer,1981,1991,Rajasthan
Barmer,Barmer,1991,2001,Rajasthan
Barmer,Barmer,2001,2011,Rajasthan
Barmer,Barmer,2011,2024,Rajasthan
Barnala,Sangrur,1951,1961,Punjab
Barnala,Barnala,2011,2024,Punjab
Baroda,Baroda,1951,1961,Gujarat
Baroda,Baroda,1951,1961,Gujarat
Baroda,Vadodara,1961,1971,Gujarat
Baroda,Vadodara,1961,1971,Gujarat
Barpeta,Barpeta,1991,2001,Assam
Barpeta,Barpeta,1991,2001,Assam
Barpeta,Barpeta,1991,2001,Assam
Barpeta,Barpeta,2001,2011,Assam
Barpeta,Baksa,2001,2011,Assam
Barpeta,Barpeta,2001,2011,Assam
Barpeta,Barpeta,2011,2024,Assam
Barpeta,Bajali,2011,2024,Assam
Barwani,Barwani,2001,2011,Madhya Pradesh
Barwani,Barwani,2011,2024,Madhya Pradesh
Bastar,Bastar,1951,1961,Chhattisgarh
Bastar,Bastar,1951,1961,Chhattisgarh
Bastar,Bastar,1951,1961,Chhattisgarh
Bastar,Bastar,1951,1961,Chhattisgarh
Bastar,Bastar,1951,1961,Chhattisgarh
Bastar,Bastar,1951,1961,Chhattisgarh
Bastar,Bastar,1951,1961,Chhattisgarh
Bastar,Bastar,1961,1971,Chhattisgarh
Bastar,Bastar,1961,1971,Chhattisgarh
Bastar,Bastar,1961,1971,Chhattisgarh
Bastar,Bastar,1961,1971,Chhattisgarh
Bastar,Bastar,1961,1971,Chhattisgarh
Bastar,Bastar,1961,1971,Chhattisgarh
Bastar,Bastar,1961,1971,Chhattisgarh
Bastar,Bastar,1971,1981,Chhattisgarh
Bastar,Bastar,1971,1981,Chhattisgarh
Bastar,Bastar,1971,1981,Chhattisgarh
Bastar,Bastar,1971,1981,Chhattisgarh
Bastar,Bastar,1971,1981,Chhattisgarh
Bastar,Bastar,1971,1981,Chhattisgarh
Bastar,Bastar,1971,1981,Chhattisgarh
Bastar,Bastar,1981,1991,Chhattisgarh
Bastar,Bastar,1981,1991,Chhattisgarh
Bastar,Bastar,1981,1991,Chhattisgarh
Bastar,Bastar,1981,1991,Chhattisgarh
Bastar,Bastar,1981,1991,Chhattisgarh
Bastar,Bastar,1981,1991,Chhattisgarh
Bastar,Bastar,1981,1991,Chhattisgarh
Bastar,Kanker,1991,2001,Chhattisgarh
Bastar,Bastar,1991,2001,Chhattisgarh
Bastar,Bastar,1991,2001,Chhattisgarh
Bastar,Dantewada,1991,2001,Chhattisgarh
Bastar,Dantewada,1991,2001,Chhattisgarh
Bastar,Dantewada,1991,2001,Chhattisgarh
Bastar,Bastar,1991,2001,Chhattisgarh
Bastar,Bastar,2001,2011,Chhattisgarh
Bastar,Narayanpur,2001,2011,Chhattisgarh
Bastar,Bastar,2001,2011,Chhattisgarh
Bastar,Bastar,2011,2024,Chhattisgarh
Bastar,Kondagaon,2011,2024,Chhattisgarh
Basti,Basti,1951,1961,Uttar Pradesh
Basti,Basti,1951,1961,Uttar Pradesh
Basti,Basti,1951,1961,Uttar Pradesh
Basti,Basti,1961,1971,Uttar Pradesh
Basti,Basti,1961,1971,Uttar Pradesh
Basti,Basti,1961,1971,Uttar Pradesh
Basti,Basti,1971,1981,Uttar Pradesh
Basti,Basti,1971,1981,Uttar Pradesh
Basti,Basti,1971,1981,Uttar Pradesh
Basti,Basti,1981,1991,Uttar Pradesh
Basti,Basti,1981,1991,Uttar Pradesh
Basti,Siddharthnagar,1981,1991,Uttar Pradesh
Basti,Basti,1991,2001,Uttar Pradesh
Basti,Sant Kabir Nagar,1991,2001,Uttar Pradesh
Basti,Basti,2001,2011,Uttar Pradesh
Basti,Basti,2011,2024,Uttar Pradesh
Bathinda,Bathinda,1981,1991,Punjab
Bathinda,Bathinda,1981,1991,Punjab
Bathinda,Bathinda,1991,2001,Punjab
Bathinda,Mansa,1991,2001,Punjab
Bathinda,Bathinda,2001,2011,Punjab
Bathinda,Bathinda,2011,2024,Punjab
Baudh,Baudh,2001,2011,Odisha
Baudh,Baudh,2011,2024,Odisha
Baudh Khondmals,Baudh Khondmals,1961,1971,Odisha
Baudh Khondmals,Baudh Khondmals,1961,1971,Odisha
Baudh Khondmals,Phulabani,1971,1981,Odisha
Baudh Khondmals,Phulabani,1971,1981,Odisha
Begusarai,Begusarai,1981,1991,Bihar
Begusarai,Begusarai,1991,2001,Bihar
Begusarai,Begusarai,2001,2011,Bihar
Begusarai,Begusarai,2011,2024,Bihar
Belgaum,Belgaum,1951,1961,Karnataka
Belgaum,Belgaum,1961,1971,Karnataka
Belgaum,Belgaum,1971,1981,Karnataka
Belgaum,Belgaum,1981,1991,Karnataka
Belgaum,Belgaum,1991,2001,Karnataka
Belgaum,Belgaum,2001,2011,Karnataka
Belgaum,Belgavi,2011,2024,Karnataka
Bellary,Bellary,1951,1961,Karnataka
Bellary,Bellary,1951,1961,Karnataka
Bellary,Bellary,1961,1971,Karnataka
Bellary,Bellary,1961,1971,Karnataka
Bellary,Bellary,1971,1981,Karnataka
Bellary,Bellary,1971,1981,Karnataka
Bellary,Bellary,1981,1991,Karnataka
Bellary,Bellary,1981,1991,Karnataka
Bellary,Bellary,1991,2001,Karnataka
Bellary,Bellary,1991,2001,Karnataka
Bellary,Bellary,2001,2011,Karnataka
Bellary,Bellary,2001,2011,Karnataka
Bellary,Ballari,2011,2024,Karnataka
Bellary,Vijayanagara,2011,2024,Karnataka
Betul,Betul,1951,1961,Madhya Pradesh
Betul,Betul,1961,1971,Madhya Pradesh
Betul,Betul,1971,1981,Madhya Pradesh
Betul,Betul,1981,1991,Madhya Pradesh
Betul,Betul,1991,2001,Madhya Pradesh
Betul,Betul,2001,2011,Madhya Pradesh
Betul,Betul,2011,2024,Madhya Pradesh
Bhadrak,Bhadrak,2001,2011,Odisha
Bhadrak,Bhadrak,2011,2024,Odisha
Bhagalpur,Bhagalpur,1951,1961,Bihar
Bhagalpur,Bhagalpur,1951,1961,Bihar
Bhagalpur,Bhagalpur,1961,1971,Bihar
Bhagalpur,Bhagalpur,1961,1971,Bihar
Bhagalpur,Bhagalpur,1971,1981,Bihar
Bhagalpur,Bhagalpur,1971,1981,Bihar
Bhagalpur,Bhagalpur,1981,1991,Bihar
Bhagalpur,Bhagalpur,1981,1991,Bihar
Bhagalpur,Bhagalpur,1991,2001,Bihar
Bhagalpur,Banka,1991,2001,Bihar
Bhagalpur,Bhagalpur,2001,2011,Bihar
Bhagalpur,Bhagalpur,2011,2024,Bihar
Bhandara,Bhandara,1951,1961,Maharashtra
Bhandara,Bhandara,1951,1961,Maharashtra
Bhandara,Bhandara,1961,1971,Maharashtra
Bhandara,Bhandara,1961,1971,Maharashtra
Bhandara,Bhandara,1971,1981,Maharashtra
Bhandara,Bhandara,1971,1981,Maharashtra
Bhandara,Bhandara,1981,1991,Maharashtra
Bhandara,Bhandara,1981,1991,Maharashtra
Bhandara,Bhandara,1991,2001,Maharashtra
Bhandara,Gondiya,1991,2001,Maharashtra
Bhandara,Bhandara,2001,2011,Maharashtra
Bhandara,Bhandara,2011,2024,Maharashtra
Bharatpur,Bharatpur,1951,1961,Rajasthan
Bharatpur,Bharatpur,1951,1961,Rajasthan
Bharatpur,Bharatpur,1961,1971,Rajasthan
Bharatpur,Bharatpur,1961,1971,Rajasthan
Bharatpur,Bharatpur,1971,1981,Rajasthan
Bharatpur,Bharatpur,1971,1981,Rajasthan
Bharatpur,Bharatpur,1981,1991,Rajasthan
Bharatpur,Dhaulpur,1981,1991,Rajasthan
Bharatpur,Bharatpur,1991,2001,Rajasthan
Bharatpur,Bharatpur,2001,2011,Rajasthan
Bharatpur,Bharatpur,2011,2024,Rajasthan
Bharuch,Bharuch,1971,1981,Gujarat
Bharuch,Bharuch,1971,1981,Gujarat
Bharuch,Bharuch,1981,1991,Gujarat
Bharuch,Bharuch,1981,1991,Gujarat
Bharuch,Bharuch,1991,2001,Gujarat
Bharuch,Narmada,1991,2001,Gujarat
Bharuch,Bharuch,2001,2011,Gujarat
Bharuch,Bharuch,2011,2024,Gujarat
Bhatinda,Bhatinda,1951,1961,Punjab
Bhatinda,Bhatinda,1951,1961,Punjab
Bhatinda,Bhatinda,1951,1961,Punjab
Bhatinda,Bhatinda,1951,1961,Punjab
Bhatinda,Bhatinda,1951,1961,Punjab
Bhatinda,Bhatinda,1961,1971,Punjab
Bhatinda,Bhatinda,1961,1971,Punjab
Bhatinda,Bhatinda,1961,1971,Punjab
Bhatinda,Bhatinda,1961,1971,Punjab
Bhatinda,Bhatinda,1961,1971,Punjab
Bhatinda,Faridkot,1971,1981,Punjab
Bhatinda,Faridkot,1971,1981,Punjab
Bhatinda,Faridkot,1971,1981,Punjab
Bhatinda,Bathinda,1971,1981,Punjab
Bhatinda,Bathinda,1971,1981,Punjab
Bhavnagar,Bhavnagar,1961,1971,Gujarat
Bhavnagar,Bhavnagar,1961,1971,Gujarat
Bhavnagar,Bhavnagar,1971,1981,Gujarat
Bhavnagar,Bhavnagar,1971,1981,Gujarat
Bhavnagar,Bhavnagar,1981,1991,Gujarat
Bhavnagar,Bhavnagar,1981,1991,Gujarat
Bhavnagar,Bhavnagar,1991,2001,Gujarat
Bhavnagar,Bhavnagar,1991,2001,Gujarat
Bhavnagar,Bhavnagar,2001,2011,Gujarat
Bhavnagar,Bhavnagar,2001,2011,Gujarat
Bhavnagar,Bhavnagar,2011,2024,Gujarat
Bhavnagar,Botad,2011,2024,Gujarat
Bhilsa,Vidisha,1951,1961,Madhya Pradesh
Bhilwara,Bhilwara,1951,1961,Rajasthan
Bhilwara,Bhilwara,1961,1971,Rajasthan
Bhilwara,Bhilwara,1971,1981,Rajasthan
Bhilwara,Bhilwara,1981,1991,Rajasthan
Bhilwara,Bhilwara,1991,2001,Rajasthan
Bhilwara,Bhilwara,2001,2011,Rajasthan
Bhilwara,Bhilwara,2011,2024,Rajasthan
Bhind,Bhind,1951,1961,Madhya Pradesh
Bhind,Bhind,1961,1971,Madhya Pradesh
Bhind,Bhind,1971,1981,Madhya Pradesh
Bhind,Bhind,1981,1991,Madhya Pradesh
Bhind,Bhind,1991,2001,Madhya Pradesh
Bhind,Bhind,2001,2011,Madhya Pradesh
Bhind,Bhind,2011,2024,Madhya Pradesh
Bhir,Bhir,1951,1961,Maharashtra
Bhir,Bhir,1961,1971,Maharashtra
Bhir,Bid,1971,1981,Maharashtra
Bhiwani,Bhiwani,1981,1991,Haryana
Bhiwani,Bhiwani,1981,1991,Haryana
Bhiwani,Bhiwani,1991,2001,Haryana
Bhiwani,Bhiwani,1991,2001,Haryana
Bhiwani,Bhiwani,2001,2011,Haryana
Bhiwani,Bhiwani,2001,2011,Haryana
Bhiwani,Bhiwani,2011,2024,Haryana
Bhiwani,Charkhi Dadri,2011,2024,Haryana
Bhojpur,Bhojpur,1981,1991,Bihar
Bhojpur,Bhojpur,1981,1991,Bihar
Bhojpur,Bhojpur,1991,2001,Bihar
Bhojpur,Buxar,1991,2001,Bihar
Bhojpur,Bhojpur,2001,2011,Bihar
Bhojpur,Bhojpur,2011,2024,Bihar
Bhopal,Bhopal,1981,1991,Madhya Pradesh
Bhopal,Bhopal,1991,2001,Madhya Pradesh
Bhopal,Bhopal,2001,2011,Madhya Pradesh
Bhopal,Bhopal,2011,2024,Madhya Pradesh
Bid,Bid,1981,1991,Maharashtra
Bid,Bid,1991,2001,Maharashtra
Bid,Bid,2001,2011,Maharashtra
Bid,Bid,2011,2024,Maharashtra
Bidar,Bidar,1951,1961,Karnataka
Bidar,Bidar,1961,1971,Karnataka
Bidar,Bidar,1971,1981,Karnataka
Bidar,Bidar,1981,1991,Karnataka
Bidar,Bidar,1991,2001,Karnataka
Bidar,Bidar,2001,2011,Karnataka
Bidar,Bidar,2011,2024,Karnataka
Bijapur,Bijapur,2011,2024,Chhattisgarh
Bijapur,Bijapur,1951,1961,Karnataka
Bijapur,Bijapur,1951,1961,Karnataka
Bijapur,Bijapur,1961,1971,Karnataka
Bijapur,Bijapur,1961,1971,Karnataka
Bijapur,Bijapur,1971,1981,Karnataka
Bijapur,Bijapur,1971,1981,Karnataka
Bijapur,Bijapur,1981,1991,Karnataka
Bijapur,Bijapur,1981,1991,Karnataka
Bijapur,Bagalkot,1991,2001,Karnataka
Bijapur,Bijapur,1991,2001,Karnataka
Bijapur,Bijapur,2001,2011,Karnataka
Bijapur,Vijayapura,2011,2024,Karnataka
Bijnor,Bijnor,1951,1961,Uttar Pradesh
Bijnor,Bijnor,1961,1971,Uttar Pradesh
Bijnor,Bijnor,1971,1981,Uttar Pradesh
Bijnor,Bijnor,1981,1991,Uttar Pradesh
Bijnor,Bijnor,1991,2001,Uttar Pradesh
Bijnor,Bijnor,2001,2011,Uttar Pradesh
Bijnor,Bijnor,2011,2024,Uttar Pradesh
Bikaner,Bikaner,1951,1961,Rajasthan
Bikaner,Bikaner,1961,1971,Rajasthan
Bikaner,Bikaner,1971,1981,Rajasthan
Bikaner,Bikaner,1981,1991,Rajasthan
Bikaner,Bikaner,1991,2001,Rajasthan
Bikaner,Bikaner,2001,2011,Rajasthan
Bikaner,Bikaner,2011,2024,Rajasthan
Bilaspur,Bilaspur,1951,1961,Chhattisgarh
Bilaspur,Bilaspur,1951,1961,Chhattisgarh
Bilaspur,Bilaspur,1951,1961,Chhattisgarh
Bilaspur,Bilaspur,1951,1961,Chhattisgarh
Bilaspur,Bilaspur,1951,1961,Chhattisgarh
Bilaspur,Bilaspur,1961,1971,Chhattisgarh
Bilaspur,Bilaspur,1961,1971,Chhattisgarh
Bilaspur,Bilaspur,1961,1971,Chhattisgarh
Bilaspur,Bilaspur,1961,1971,Chhattisgarh
Bilaspur,Bilaspur,1961,1971,Chhattisgarh
Bilaspur,Bilaspur,1971,1981,Chhattisgarh
Bilaspur,Bilaspur,1971,1981,Chhattisgarh
Bilaspur,Bilaspur,1971,1981,Chhattisgarh
Bilaspur,Bilaspur,1971,1981,Chhattisgarh
Bilaspur,Bilaspur,1971,1981,Chhattisgarh
Bilaspur,Bilaspur,1981,1991,Chhattisgarh
Bilaspur,Bilaspur,1981,1991,Chhattisgarh
Bilaspur,Bilaspur,1981,1991,Chhattisgarh
Bilaspur,Bilaspur,1981,1991,Chhattisgarh
Bilaspur,Bilaspur,1981,1991,Chhattisgarh
Bilaspur,Korba,1991,2001,Chhattisgarh
Bilaspur,Janjgir-Champa,1991,2001,Chhattisgarh
Bilaspur,Bilaspur,1991,2001,Chhattisgarh
Bilaspur,Bilaspur,1991,2001,Chhattisgarh
Bilaspur,Bilaspur,1991,2001,Chhattisgarh
Bilaspur,Bilaspur,2001,2011,Chhattisgarh
Bilaspur,Bilaspur,2001,2011,Chhattisgarh
Bilaspur,Bilaspur,2001,2011,Chhattisgarh
Bilaspur,Bilaspur,2011,2024,Chhattisgarh
Bilaspur,Mungeli,2011,2024,Chhattisgarh
Bilaspur,Gaurela-Pendra-Marwahi,2011,2024,Chhattisgarh
Bilaspur,Bilaspur,1951,1961,Himachal Pradesh
Bilaspur,Bilaspur,1961,1971,Himachal Pradesh
Bilaspur,Bilaspur,1971,1981,Himachal Pradesh
Bilaspur,Bilaspur,1981,1991,Himachal Pradesh
Bilaspur,Bilaspur,1991,2001,Himachal Pradesh
Bilaspur,Bilaspur,2001,2011,Himachal Pradesh
Bilaspur,Bilaspur,2011,2024,Himachal Pradesh
Birbhum,Birbhum,1951,1961,West Bengal
Birbhum,Birbhum,1961,1971,West Bengal
Birbhum,Birbhum,1971,1981,West Bengal
Birbhum,Birbhum,1981,1991,West Bengal
Birbhum,Birbhum,1991,2001,West Bengal
Birbhum,Birbhum,2001,2011,West Bengal
Birbhum,Birbhum,2011,2024,West Bengal
Bishnupur,Bishnupur,1991,2001,Manipur
Bishnupur,Bishnupur,2001,2011,Manipur
Bishnupur,Bishnupur,2011,2024,Manipur
Bokaro,Bokaro,2001,2011,Jharkhand
Bokaro,Bokaro,2001,2011,Jharkhand
Bokaro,Bokaro,2011,2024,Jharkhand
Bokaro,Bokaro,2011,2024,Jharkhand
Bolangir,Bolangir,1951,1961,Odisha
Bolangir,Bolangir,1951,1961,Odisha
Bolangir,Bolangir,1961,1971,Odisha
Bolangir,Bolangir,1961,1971,Odisha
Bolangir,Balangir,1971,1981,Odisha
Bolangir,Balangir,1971,1981,Odisha
Bongaigaon,Bongaigaon,1991,2001,Assam
Bongaigaon,Bongaigaon,1991,2001,Assam
Bongaigaon,Bongaigaon,2001,2011,Assam
Bongaigaon,Chirang,2001,2011,Assam
Bongaigaon,Bongaigaon,2011,2024,Assam
Broach,Broach,1951,1961,Gujarat
Broach,Broach,1951,1961,Gujarat
Broach,Bharuch,1961,1971,Gujarat
Broach,Bharuch,1961,1971,Gujarat
Budaun,Budaun,1951,1961,Uttar Pradesh
Budaun,Budaun,1951,1961,Uttar Pradesh
Budaun,Budaun,1961,1971,Uttar Pradesh
Budaun,Budaun,1961,1971,Uttar Pradesh
Budaun,Budaun,1971,1981,Uttar Pradesh
Budaun,Budaun,1971,1981,Uttar Pradesh
Budaun,Budaun,1981,1991,Uttar Pradesh
Budaun,Budaun,1981,1991,Uttar Pradesh
Budaun,Budaun,1991,2001,Uttar Pradesh
Budaun,Budaun,1991,2001,Uttar Pradesh
Budaun,Budaun,2001,2011,Uttar Pradesh
Budaun,Budaun,2001,2011,Uttar Pradesh
Budaun,Budaun,2011,2024,Uttar Pradesh
Budaun,Sambhal (Bhimnagar),2011,2024,Uttar Pradesh
Bulandshahr,Bulandshahr,1951,1961,Uttar Pradesh
Bulandshahr,Bulandshahr,1951,1961,Uttar Pradesh
Bulandshahr,Bulandshahr,1951,1961,Uttar Pradesh
Bulandshahr,Bulandshahr,1951,1961,Uttar Pradesh
Bulandshahr,Bulandshahr,1961,1971,Uttar Pradesh
Bulandshahr,Bulandshahr,1961,1971,Uttar Pradesh
Bulandshahr,Bulandshahr,1961,1971,Uttar Pradesh
Bulandshahr,Bulandshahr,1961,1971,Uttar Pradesh
Bulandshahr,Bulandshahr,1971,1981,Uttar Pradesh
Bulandshahr,Bulandshahr,1971,1981,Uttar Pradesh
Bulandshahr,Ghaziabad,1971,1981,Uttar Pradesh
Bulandshahr,Ghaziabad,1971,1981,Uttar Pradesh
Bulandshahr,Bulandshahr,1981,1991,Uttar Pradesh
Bulandshahr,Bulandshahr,1981,1991,Uttar Pradesh
Bulandshahr,Bulandshahr,1991,2001,Uttar Pradesh
Bulandshahr,Gautam Buddha Nagar,1991,2001,Uttar Pradesh
Bulandshahr,Bulandshahr,2001,2011,Uttar Pradesh
Bulandshahr,Bulandshahr,2011,2024,Uttar Pradesh
Buldana,Buldhana,1951,1961,Maharashtra
Buldana,Buldana,1981,1991,Maharashtra
Buldana,Buldana,1991,2001,Maharashtra
Buldana,Buldana,2001,2011,Maharashtra
Buldana,Buldana,2011,2024,Maharashtra
Buldhana,Buldhana,1961,1971,Maharashtra
Buldhana,Buldana,1971,1981,Maharashtra
Bundi,Bundi,1951,1961,Rajasthan
Bundi,Bundi,1961,1971,Rajasthan
Bundi,Bundi,1971,1981,Rajasthan
Bundi,Bundi,1981,1991,Rajasthan
Bundi,Bundi,1991,2001,Rajasthan
Bundi,Bundi,2001,2011,Rajasthan
Bundi,Bundi,2011,2024,Rajasthan
Burdwan,Burdwan,1951,1961,West Bengal
Burdwan,Burdwan,1951,1961,West Bengal
Burdwan,Burdwan,1951,1961,West Bengal
Burdwan,Burdwan,1961,1971,West Bengal
Burdwan,Burdwan,1961,1971,West Bengal
Burdwan,Burdwan,1961,1971,West Bengal
Burdwan,Barddhaman,1971,1981,West Bengal
Burdwan,Barddhaman,1971,1981,West Bengal
Burdwan,Barddhaman,1971,1981,West Bengal
Burhanpur,Burhanpur,2011,2024,Madhya Pradesh
Buxar,Buxar,2001,2011,Bihar
Buxar,Buxar,2011,2024,Bihar
Cachar,Cachar,1951,1961,Assam
Cachar,Cachar,1951,1961,Assam
Cachar,Cachar,1951,1961,Assam
Cachar,Cachar,1961,1971,Assam
Cachar,Cachar,1961,1971,Assam
Cachar,Cachar,1961,1971,Assam
Cachar,Cachar,1971,1981,Assam
Cachar,Cachar,1971,1981,Assam
Cachar,Cachar,1971,1981,Assam
Cachar,Cachar,1981,1991,Assam
Cachar,Karimganj,1981,1991,Assam
Cachar,Hailakandi,1981,1991,Assam
Cachar,Cachar,1991,2001,Assam
Cachar,Cachar,2001,2011,Assam
Cachar,Cachar,2011,2024,Assam
Calcutta,Calcutta,1951,1961,West Bengal
Calcutta,Calcutta,1961,1971,West Bengal
Calcutta,Calcutta,1971,1981,West Bengal
Calcutta,Calcutta,1981,1991,West Bengal
Calcutta,Kolkata,1991,2001,West Bengal
Cannanore,Cannanore,1961,1971,Kerala
Cannanore,Cannanore,1961,1971,Kerala
Cannanore,Cannanore,1961,1971,Kerala
Cannanore,Cannanore,1971,1981,Kerala
Cannanore,Cannanore,1971,1981,Kerala
Cannanore,Wayanad,1971,1981,Kerala
Cannanore,Kannur,1981,1991,Kerala
Cannanore,Kasargod,1981,1991,Kerala
Central,Central,2001,2011,NCT of Delhi
Central,Central,2011,2024,NCT of Delhi
Central Saurashtra,Rajkot,1951,1961,Gujarat
Central Saurashtra,Rajkot,1951,1961,Gujarat
Chamarajanagar,Chamarajanagar,2001,2011,Karnataka
Chamarajanagar,Chamarajanagar,2011,2024,Karnataka
Chamba,Chamba,1951,1961,Himachal Pradesh
Chamba,Chamba,1961,1971,Himachal Pradesh
Chamba,Chamba,1971,1981,Himachal Pradesh
Chamba,Chamba,1981,1991,Himachal Pradesh
Chamba,Chamba,1991,2001,Himachal Pradesh
Chamba,Chamba,2001,2011,Himachal Pradesh
Chamba,Chamba,2011,2024,Himachal Pradesh
Chamoli,Chamoli,1961,1971,Uttarakhand
Chamoli,Chamoli,1961,1971,Uttarakhand
Chamoli,Chamoli,1971,1981,Uttarakhand
Chamoli,Chamoli,1971,1981,Uttarakhand
Chamoli,Chamoli,1981,1991,Uttarakhand
Chamoli,Chamoli,1981,1991,Uttarakhand
Chamoli,Chamoli,1991,2001,Uttarakhand
Chamoli,Rudraprayag,1991,2001,Uttarakhand
Chamoli,Chamoli,2001,2011,Uttarakhand
Chamoli,Chamoli,2011,2024,Uttarakhand
Champaran,Champaran,1951,1961,Bihar
Champaran,Champaran,1951,1961,Bihar
Champaran,Champaran,1961,1971,Bihar
Champaran,Champaran,1961,1971,Bihar
Champaran,Pashchim Champaran,1971,1981,Bihar
Champaran,Purba Champaran,1971,1981,Bihar
Champawat,Champawat,2001,2011,Uttarakhand
Champawat,Champawat,2011,2024,Uttarakhand
Champhai,Champhai,2001,2011,Mizoram
Champhai,Champhai,2001,2011,Mizoram
Champhai,Champhai,2011,2024,Mizoram
Champhai,Khawzawl,2011,2024,Mizoram
Chanda,Chanda,1951,1961,Maharashtra
Chanda,Chanda,1951,1961,Maharashtra
Chanda,Chandrapur,1961,1971,Maharashtra
Chanda,Chandrapur,1961,1971,Maharashtra
Chandauli,Chandauli,2001,2011,Uttar Pradesh
Chandauli,Chandauli,2011,2024,Uttar Pradesh
Chandel,Chandel,1991,2001,Manipur
Chandel,Chandel,1991,2001,Manipur
Chandel,Chandel,2001,2011,Manipur
Chandel,Chandel,2001,2011,Manipur
Chandel,Chandel,2011,2024,Manipur
Chandel,Tengnoupal,2011,2024,Manipur
Chandigarh,Chandigarh,1971,1981,Chandigarh
Chandigarh,Chandigarh,1981,1991,Chandigarh
Chandigarh,Chandigarh,1991,2001,Chandigarh
Chandigarh,Chandigarh,2001,2011,Chandigarh
Chandigarh,Chandigarh,2011,2024,Chandigarh
Chandrapur,Chandrapur,1971,1981,Maharashtra
Chandrapur,Chandrapur,1971,1981,Maharashtra
Chandrapur,Chandrapur,1981,1991,Maharashtra
Chandrapur,Gadchiroli,1981,1991,Maharashtra
Chandrapur,Chandrapur,1991,2001,Maharashtra
Chandrapur,Chandrapur,2001,2011,Maharashtra
Chandrapur,Chandrapur,2011,2024,Maharashtra
Changlang,Changlang,1991,2001,Arunachal Pradesh
Changlang,Changlang,2001,2011,Arunachal Pradesh
Changlang,Changlang,2011,2024,Arunachal Pradesh
Chatra,Chatra,2001,2011,Jharkhand
Chatra,Chatra,2011,2024,Jharkhand
Chengalpattu,Chengalpattu,1971,1981,Tamil Nadu
Chengalpattu,Chengalpattu,1971,1981,Tamil Nadu
Chengalpattu,Chengalpattu,1971,1981,Tamil Nadu
Chengalpattu,Chengalpattu MGR,1981,1991,Tamil Nadu
Chengalpattu,Chengalpattu MGR,1981,1991,Tamil Nadu
Chengalpattu,Chengalpattu MGR,1981,1991,Tamil Nadu
Chengalpattu MGR,Thiruvallur,1991,2001,Tamil Nadu
Chengalpattu MGR,Kancheepuram,1991,2001,Tamil Nadu
Chengalpattu MGR,Kancheepuram,1991,2001,Tamil Nadu
Chennai,Chennai,2001,2011,Tamil Nadu
Chennai,Chennai,2011,2024,Tamil Nadu
Chhatarpur,Chhatarpur,1951,1961,Madhya Pradesh
Chhatarpur,Chhatarpur,1961,1971,Madhya Pradesh
Chhatarpur,Chhatarpur,1971,1981,Madhya Pradesh
Chhatarpur,Chhatarpur,1981,1991,Madhya Pradesh
Chhatarpur,Chhatarpur,1991,2001,Madhya Pradesh
Chhatarpur,Chhatarpur,2001,2011,Madhya Pradesh
Chhatarpur,Chhatarpur,2011,2024,Madhya Pradesh
Chhimtuipui,Chhimtuipui,1981,1991,Mizoram
Chhimtuipui,Chhimtuipui,1981,1991,Mizoram
Chhimtuipui,Lawngtlai,1991,2001,Mizoram
Chhimtuipui,Saiha,1991,2001,Mizoram
Chhindwara,Chhindwara,1951,1961,Madhya Pradesh
Chhindwara,Seoni,1951,1961,Madhya Pradesh
Chhindwara,Chhindwara,1961,1971,Madhya Pradesh
Chhindwara,Chhindwara,1971,1981,Madhya Pradesh
Chhindwara,Chhindwara,1981,1991,Madhya Pradesh
Chhindwara,Chhindwara,1991,2001,Madhya Pradesh
Chhindwara,Chhindwara,2001,2011,Madhya Pradesh
Chhindwara,Chhindwara,2011,2024,Madhya Pradesh
Chidambaranar,Toothukudi,1991,2001,Tamil Nadu
Chikkaballapura,Chikkaballapura,2011,2024,Karnataka
Chikmagalur,Chikmagalur,1951,1961,Karnataka
Chikmagalur,Chikmagalur,1961,1971,Karnataka
Chikmagalur,Chikmagalur,1971,1981,Karnataka
Chikmagalur,Chikmagalur,1981,1991,Karnataka
Chikmagalur,Chikmagalur,1991,2001,Karnataka
Chikmagalur,Chikmagalur,2001,2011,Karnataka
Chikmagalur,Chikkamagaluru,2011,2024,Karnataka
Chingleput,Chingleput,1951,1961,Tamil Nadu
Chingleput,Chingleput,1951,1961,Tamil Nadu
Chingleput,Chingleput,1951,1961,Tamil Nadu
Chingleput,Chengalpattu,1961,1971,Tamil Nadu
Chingleput,Chengalpattu,1961,1971,Tamil Nadu
Chingleput,Chengalpattu,1961,1971,Tamil Nadu
Chirang,Chirang,2011,2024,Assam
Chirang,Chirang,2011,2024,Assam
Chitaldrug,Chitradurga,1951,1961,Karnataka
Chitaldrug,Chitradurga,1951,1961,Karnataka
Chitorgarh,Chittaurgarh,1961,1971,Rajasthan
Chitorgarh,Chittaurgarh,1961,1971,Rajasthan
Chitradurga,Chitradurga,1961,1971,Karnataka
Chitradurga,Chitradurga,1961,1971,Karnataka
Chitradurga,Chitradurga,1971,1981,Karnataka
Chitradurga,Chitradurga,1971,1981,Karnataka
Chitradurga,Chitradurga,1981,1991,Karnataka
Chitradurga,Chitradurga,1981,1991,Karnataka
Chitradurga,Chitradurga,1991,2001,Karnataka
Chitradurga,Davanagere,1991,2001,Karnataka
Chitradurga,Chitradurga,2001,2011,Karnataka
Chitradurga,Chitradurga,2011,2024,Karnataka
Chitrakoot,Chitrakoot,2001,2011,Uttar Pradesh
Chitrakoot,Chitrakoot,2011,2024,Uttar Pradesh
Chittaurgarh,Chittaurgarh,1971,1981,Rajasthan
Chittaurgarh,Chittaurgarh,1971,1981,Rajasthan
Chittaurgarh,Chittaurgarh,1981,1991,Rajasthan
Chittaurgarh,Chittaurgarh,1981,1991,Rajasthan
Chittaurgarh,Chittaurgarh,1991,2001,Rajasthan
Chittaurgarh,Chittaurgarh,1991,2001,Rajasthan
Chittaurgarh,Chittaurgarh,2001,2011,Rajasthan
Chittaurgarh,Pratapgarh,2001,2011,Rajasthan
Chittaurgarh,Chittaurgarh,2011,2024,Rajasthan
Chittoor,Chittoor,1951,1961,Andhra Pradesh
Chittoor,Chittoor,1951,1961,Andhra Pradesh
Chittoor,Chittoor,1951,1961,Andhra Pradesh
Chittoor,Chittoor,1961,1971,Andhra Pradesh
Chittoor,Chittoor,1961,1971,Andhra Pradesh
Chittoor,Chittoor,1961,1971,Andhra Pradesh
Chittoor,Chittoor,1971,1981,Andhra Pradesh
Chittoor,Chittoor,1971,1981,Andhra Pradesh
Chittoor,Chittoor,1971,1981,Andhra Pradesh
Chittoor,Chittoor,1981,1991,Andhra Pradesh
Chittoor,Chittoor,1981,1991,Andhra Pradesh
Chittoor,Chittoor,1981,1991,Andhra Pradesh
Chittoor,Chittoor,1991,2001,Andhra Pradesh
Chittoor,Chittoor,1991,2001,Andhra Pradesh
Chittoor,Chittoor,1991,2001,Andhra Pradesh
Chittoor,Chittoor,2001,2011,Andhra Pradesh
Chittoor,Chittoor,2001,2011,Andhra Pradesh
Chittoor,Chittoor,2001,2011,Andhra Pradesh
Chittoor,Chittoor,2011,2024,Andhra Pradesh
Chittoor,Annamayya,2011,2024,Andhra Pradesh
Chittoor,Tirupati,2011,2024,Andhra Pradesh
Chittorgarh,Chitorgarh,1951,1961,Rajasthan
Chittorgarh,Chitorgarh,1951,1961,Rajasthan
Churachandpur,Churachandpur,1991,2001,Manipur
Churachandpur,Churachandpur,1991,2001,Manipur
Churachandpur,Churachandpur,2001,2011,Manipur
Churachandpur,Churachandpur,2001,2011,Manipur
Churachandpur,Churachandpur,2011,2024,Manipur
Churachandpur,Pherzawl,2011,2024,Manipur
Churu,Churu,1951,1961,Rajasthan
Churu,Churu,1961,1971,Rajasthan
Churu,Churu,1971,1981,Rajasthan
Churu,Churu,1981,1991,Rajasthan
Churu,Churu,1991,2001,Rajasthan
Churu,Churu,2001,2011,Rajasthan
Churu,Churu,2011,2024,Rajasthan
Coimbatore,Coimbatore,1951,1961,Tamil Nadu
Coimbatore,Coimbatore,1951,1961,Tamil Nadu
Coimbatore,Coimbatore,1951,1961,Tamil Nadu
Coimbatore,Coimbatore,1951,1961,Tamil Nadu
Coimbatore,Coimbatore,1961,1971,Tamil Nadu
Coimbatore,Coimbatore,1961,1971,Tamil Nadu
Coimbatore,Coimbatore,1961,1971,Tamil Nadu
Coimbatore,Coimbatore,1961,1971,Tamil Nadu
Coimbatore,Periyar,1971,1981,Tamil Nadu
Coimbatore,Coimbatore,1971,1981,Tamil Nadu
Coimbatore,Coimbatore,1971,1981,Tamil Nadu
Coimbatore,Periyar,1971,1981,Tamil Nadu
Coimbatore,Coimbatore,1981,1991,Tamil Nadu
Coimbatore,Coimbatore,1981,1991,Tamil Nadu
Coimbatore,Coimbatore,1991,2001,Tamil Nadu
Coimbatore,Coimbatore,1991,2001,Tamil Nadu
Coimbatore,Coimbatore,2001,2011,Tamil Nadu
Coimbatore,Tiruppur,2001,2011,Tamil Nadu
Coimbatore,Coimbatore,2011,2024,Tamil Nadu
Cooch Behar,Cooch Behar,1951,1961,West Bengal
Cooch Behar,Cooch Behar,1961,1971,West Bengal
Cooch Behar,Koch Bihar,1971,1981,West Bengal
Coorg,Coorg,1951,1961,Karnataka
Coorg,Coorg,1961,1971,Karnataka
Coorg,Kodagu,1971,1981,Karnataka
Cuddalore,Cuddalore,2001,2011,Tamil Nadu
Cuddalore,Cuddalore,2011,2024,Tamil Nadu
Cuddapah,Cuddapah,1951,1961,Andhra Pradesh
Cuddapah,Cuddapah,1951,1961,Andhra Pradesh
Cuddapah,Cuddapah,1961,1971,Andhra Pradesh
Cuddapah,Cuddapah,1961,1971,Andhra Pradesh
Cuddapah,Cuddapah,1971,1981,Andhra Pradesh
Cuddapah,Cuddapah,1971,1981,Andhra Pradesh
Cuddapah,Cuddapah,1981,1991,Andhra Pradesh
Cuddapah,Cuddapah,1981,1991,Andhra Pradesh
Cuddapah,Cuddapah,1991,2001,Andhra Pradesh
Cuddapah,Cuddapah,1991,2001,Andhra Pradesh
Cuddapah,Y.S.R.,2001,2011,Andhra Pradesh
Cuddapah,Y.S.R.,2001,2011,Andhra Pradesh
Cuttack,Cuttack,1951,1961,Odisha
Cuttack,Cuttack,1951,1961,Odisha
Cuttack,Cuttack,1951,1961,Odisha
Cuttack,Cuttack,1951,1961,Odisha
Cuttack,Cuttack,1961,1971,Odisha
Cuttack,Cuttack,1961,1971,Odisha
Cuttack,Cuttack,1961,1971,Odisha
Cuttack,Cuttack,1961,1971,Odisha
Cuttack,Cuttack,1971,1981,Odisha
Cuttack,Cuttack,1971,1981,Odisha
Cuttack,Cuttack,1971,1981,Odisha
Cuttack,Cuttack,1971,1981,Odisha
Cuttack,Cuttack,1981,1991,Odisha
Cuttack,Cuttack,1981,1991,Odisha
Cuttack,Cuttack,1981,1991,Odisha
Cuttack,Cuttack,1981,1991,Odisha
Cuttack,Kendrapara,1991,2001,Odisha
Cuttack,Jagatsinghapur,1991,2001,Odisha
Cuttack,Cuttack,1991,2001,Odisha
Cuttack,Jajapur,1991,2001,Odisha
Cuttack,Cuttack,2001,2011,Odisha
Cuttack,Cuttack,2011,2024,Odisha
Dadra & Nagar Haveli,Dadra & Nagar Haveli,2011,2024,Dadara & Nagar Havelli
Dadra and Nagar Haveli,Dadra and Nagar Haveli,1951,1961,Dadara & Nagar Havelli
Dadra and Nagar Haveli,Dadra and Nagar Haveli,1961,1971,Dadara & Nagar Havelli
Dadra and Nagar Haveli,Dadra and Nagar Haveli,1971,1981,Dadara & Nagar Havelli
Dadra and Nagar Haveli,Dadra and Nagar Haveli,1981,1991,Dadara & Nagar Havelli
Dadra and Nagar Haveli,Dadra and Nagar Haveli,1991,2001,Dadara & Nagar Havelli
Dadra and Nagar Haveli,Dadra & Nagar Haveli,2001,2011,Dadara & Nagar Havelli
Dakshin Bastar Dantewada,Dakshin Bastar Dantewada,2011,2024,Chhattisgarh
Dakshin Bastar Dantewada,Sukma,2011,2024,Chhattisgarh
Dakshin Dinajpur,Dakshin Dinajpur,2001,2011,West Bengal
Dakshin Dinajpur,Dakshin Dinajpur,2011,2024,West Bengal
Dakshin Kannad,Dakshina Kannada,1981,1991,Karnataka
Dakshin Kannad,Dakshina Kannada,1981,1991,Karnataka
Dakshina Kannada,Dakshina Kannada,1991,2001,Karnataka
Dakshina Kannada,Udupi,1991,2001,Karnataka
Dakshina Kannada,Dakshina Kannada,2001,2011,Karnataka
Dakshina Kannada,Dakshina Kannada,2011,2024,Karnataka
Daman,Daman,1951,1961,Daman & Diu
Daman,Daman,1961,1971,Daman & Diu
Daman,Daman,1971,1981,Daman & Diu
Daman,Daman,1981,1991,Daman & Diu
Daman,Daman,1991,2001,Daman & Diu
Daman,Daman,2001,2011,Daman & Diu
Daman,Daman,2011,2024,Daman & Diu
Damoh,Damoh,1961,1971,Madhya Pradesh
Damoh,Damoh,1971,1981,Madhya Pradesh
Damoh,Damoh,1981,1991,Madhya Pradesh
Damoh,Damoh,1991,2001,Madhya Pradesh
Damoh,Damoh,2001,2011,Madhya Pradesh
Damoh,Damoh,2011,2024,Madhya Pradesh
Dangs,Dangs,1951,1961,Gujarat
Dangs,The Dangs,1961,1971,Gujarat
Dantewada,Dakshin Bastar Dantewada,2001,2011,Chhattisgarh
Dantewada,Bijapur,2001,2011,Chhattisgarh
Dantewada,Dakshin Bastar Dantewada,2001,2011,Chhattisgarh
Darbhanga,Darbhanga,1951,1961,Bihar
Darbhanga,Darbhanga,1951,1961,Bihar
Darbhanga,Darbhanga,1951,1961,Bihar
Darbhanga,Darbhanga,1961,1971,Bihar
Darbhanga,Darbhanga,1961,1971,Bihar
Darbhanga,Darbhanga,1961,1971,Bihar
Darbhanga,Madhubani,1971,1981,Bihar
Darbhanga,Darbhanga,1971,1981,Bihar
Darbhanga,Samastipur,1971,1981,Bihar
Darbhanga,Darbhanga,1981,1991,Bihar
Darbhanga,Darbhanga,1991,2001,Bihar
Darbhanga,Darbhanga,2001,2011,Bihar
Darbhanga,Darbhanga,2011,2024,Bihar
Darjeeling,Darjeeling,1951,1961,West Bengal
Darjeeling,Darjeeling,1951,1961,West Bengal
Darjeeling,Darjeeling,1961,1971,West Bengal
Darjeeling,Darjeeling,1961,1971,West Bengal
Darjeeling,Darjiling,1971,1981,West Bengal
Darjeeling,Darjiling,1971,1981,West Bengal
Darjiling,Darjiling,1981,1991,West Bengal
Darjiling,Darjiling,1981,1991,West Bengal
Darjiling,Darjiling,1991,2001,West Bengal
Darjiling,Darjiling,1991,2001,West Bengal
Darjiling,Darjiling,2001,2011,West Bengal
Darjiling,Darjiling,2001,2011,West Bengal
Darjiling,Darjiling,2011,2024,West Bengal
Darjiling,Kalimpong,2011,2024,West Bengal
Darrang,Darrang,1951,1961,Assam
Darrang,Darrang,1951,1961,Assam
Darrang,Darrang,1951,1961,Assam
Darrang,Darrang,1951,1961,Assam
Darrang,Darrang,1951,1961,Assam
Darrang,Darrang,1951,1961,Assam
Darrang,Darrang,1961,1971,Assam
Darrang,Darrang,1961,1971,Assam
Darrang,Darrang,1961,1971,Assam
Darrang,Darrang,1961,1971,Assam
Darrang,Darrang,1961,1971,Assam
Darrang,Darrang,1961,1971,Assam
Darrang,Darrang,1971,1981,Assam
Darrang,Darrang,1971,1981,Assam
Darrang,Darrang,1971,1981,Assam
Darrang,Darrang,1971,1981,Assam
Darrang,Darrang,1971,1981,Assam
Darrang,Darrang,1971,1981,Assam
Darrang,Sonitpur,1981,1991,Assam
Darrang,Darrang,1981,1991,Assam
Darrang,Darrang,1981,1991,Assam
Darrang,Darrang,1981,1991,Assam
Darrang,Sonitpur,1981,1991,Assam
Darrang,Darrang,1981,1991,Assam
Darrang,Darrang,1991,2001,Assam
Darrang,Darrang,1991,2001,Assam
Darrang,Darrang,1991,2001,Assam
Darrang,Darrang,1991,2001,Assam
Darrang,Baksa,2001,2011,Assam
Darrang,Darrang,2001,2011,Assam
Darrang,Udalguri,2001,2011,Assam
Darrang,Baksa,2001,2011,Assam
Darrang,Darrang,2011,2024,Assam
Datia,Datia,1951,1961,Madhya Pradesh
Datia,Datia,1961,1971,Madhya Pradesh
Datia,Datia,1971,1981,Madhya Pradesh
Datia,Datia,1981,1991,Madhya Pradesh
Datia,Datia,1991,2001,Madhya Pradesh
Datia,Datia,2001,2011,Madhya Pradesh
Datia,Datia,2011,2024,Madhya Pradesh
Dausa,Dausa,2001,2011,Rajasthan
Dausa,Dausa,2011,2024,Rajasthan
Davanagere,Davanagere,2001,2011,Karnataka
Davanagere,Davanagere,2011,2024,Karnataka
Debagarh,Debagarh,2001,2011,Odisha
Debagarh,Debagarh,2011,2024,Odisha
Dehra Dun,Dehra Dun,1951,1961,Uttarakhand
Dehra Dun,Dehra Dun,1961,1971,Uttarakhand
Dehra Dun,Dehra Dun,1971,1981,Uttarakhand
Dehra Dun,Dehra Dun,1981,1991,Uttarakhand
Dehra Dun,Dehradun,1991,2001,Uttarakhand
Dehradun,Dehradun,2001,2011,Uttarakhand
Dehradun,Dehradun,2011,2024,Uttarakhand
Delhi,Delhi,1951,1961,Delhi
Delhi,Delhi,1951,1961,Delhi
Delhi,Delhi,1951,1961,Delhi
Delhi,Delhi,1951,1961,Delhi
Delhi,Delhi,1951,1961,Delhi
Delhi,Delhi,1961,1971,Delhi
Delhi,Delhi,1961,1971,Delhi
Delhi,Delhi,1961,1971,Delhi
Delhi,Delhi,1961,1971,Delhi
Delhi,Delhi,1961,1971,Delhi
Delhi,Delhi,1971,1981,Delhi
Delhi,Delhi,1971,1981,Delhi
Delhi,Delhi,1971,1981,Delhi
Delhi,Delhi,1971,1981,Delhi
Delhi,Delhi,1971,1981,Delhi
Delhi,Delhi,1981,1991,Delhi
Delhi,Delhi,1981,1991,Delhi
Delhi,Delhi,1981,1991,Delhi
Delhi,Delhi,1981,1991,Delhi
Delhi,Delhi,1981,1991,Delhi
Delhi,North West,1991,2001,Delhi
Delhi,South,1991,2001,Delhi
Delhi,North East,1991,2001,Delhi
Delhi,East,1991,2001,Delhi
Delhi,South West,1991,2001,Delhi
Delhi,Delhi,1951,1961,NCT of Delhi
Delhi,Delhi,1951,1961,NCT of Delhi
Delhi,Delhi,1951,1961,NCT of Delhi
Delhi,Delhi,1951,1961,NCT of Delhi
Delhi,Delhi,1951,1961,NCT of Delhi
Delhi,Delhi,1951,1961,NCT of Delhi
Delhi,Delhi,1951,1961,NCT of Delhi
Delhi,Delhi,1951,1961,NCT of Delhi
Delhi,Delhi,1951,1961,NCT of Delhi
Delhi,Delhi,1961,1971,NCT of Delhi
Delhi,Delhi,1961,1971,NCT of Delhi
Delhi,Delhi,1961,1971,NCT of Delhi
Delhi,Delhi,1961,1971,NCT of Delhi
Delhi,Delhi,1961,1971,NCT of Delhi
Delhi,Delhi,1961,1971,NCT of Delhi
Delhi,Delhi,1961,1971,NCT of Delhi
Delhi,Delhi,1961,1971,NCT of Delhi
Delhi,Delhi,1961,1971,NCT of Delhi
Delhi,Delhi,1971,1981,NCT of Delhi
Delhi,Delhi,1971,1981,NCT of Delhi
Delhi,Delhi,1971,1981,NCT of Delhi
Delhi,Delhi,1971,1981,NCT of Delhi
Delhi,Delhi,1971,1981,NCT of Delhi
Delhi,Delhi,1971,1981,NCT of Delhi
Delhi,Delhi,1971,1981,NCT of Delhi
Delhi,Delhi,1971,1981,NCT of Delhi
Delhi,Delhi,1971,1981,NCT of Delhi
Delhi,Delhi,1981,1991,NCT of Delhi
Delhi,Delhi,1981,1991,NCT of Delhi
Delhi,Delhi,1981,1991,NCT of Delhi
Delhi,Delhi,1981,1991,NCT of Delhi
Delhi,Delhi,1981,1991,NCT of Delhi
Delhi,Delhi,1981,1991,NCT of Delhi
Delhi,Delhi,1981,1991,NCT of Delhi
Delhi,Delhi,1981,1991,NCT of Delhi
Delhi,Delhi,1981,1991,NCT of Delhi
Delhi,North West,1991,2001,NCT of Delhi
Delhi,North,1991,2001,NCT of Delhi
Delhi,North East,1991,2001,NCT of Delhi
Delhi,East,1991,2001,NCT of Delhi
Delhi,New Delhi,1991,2001,NCT of Delhi
Delhi,Central,1991,2001,NCT of Delhi
Delhi,West,1991,2001,NCT of Delhi
Delhi,South West,1991,2001,NCT of Delhi
Delhi,South,1991,2001,NCT of Delhi
Deoghar,Deoghar,1991,2001,Jharkhand
Deoghar,Deoghar,2001,2011,Jharkhand
Deoghar,Deoghar,2011,2024,Jharkhand
Deoria,Deoria,1951,1961,Uttar Pradesh
Deoria,Deoria,1951,1961,Uttar Pradesh
Deoria,Deoria,1961,1971,Uttar Pradesh
Deoria,Deoria,1961,1971,Uttar Pradesh
Deoria,Deoria,1971,1981,Uttar Pradesh
Deoria,Deoria,1971,1981,Uttar Pradesh
Deoria,Deoria,1981,1991,Uttar Pradesh
Deoria,Deoria,1981,1991,Uttar Pradesh
Deoria,Deoria,1991,2001,Uttar Pradesh
Deoria,Kushinagar,1991,2001,Uttar Pradesh
Deoria,Deoria,2001,2011,Uttar Pradesh
Deoria,Deoria,2011,2024,Uttar Pradesh
Dewas,Dewas,1951,1961,Madhya Pradesh
Dewas,Dewas,1961,1971,Madhya Pradesh
Dewas,Dewas,1971,1981,Madhya Pradesh
Dewas,Dewas,1981,1991,Madhya Pradesh
Dewas,Dewas,1991,2001,Madhya Pradesh
Dewas,Dewas,2001,2011,Madhya Pradesh
Dewas,Dewas,2011,2024,Madhya Pradesh
Dhalai,Dhalai,2001,2011,Tripura
Dhalai,Dhalai,2011,2024,Tripura
Dhamtari,Dhamtari,2001,2011,Chhattisgarh
Dhamtari,Dhamtari,2011,2024,Chhattisgarh
Dhanbad,Dhanbad,1951,1961,Jharkhand
Dhanbad,Dhanbad,1951,1961,Jharkhand
Dhanbad,Dhanbad,1961,1971,Jharkhand
Dhanbad,Dhanbad,1961,1971,Jharkhand
Dhanbad,Dhanbad,1971,1981,Jharkhand
Dhanbad,Dhanbad,1971,1981,Jharkhand
Dhanbad,Dhanbad,1981,1991,Jharkhand
Dhanbad,Dhanbad,1981,1991,Jharkhand
Dhanbad,Dhanbad,1991,2001,Jharkhand
Dhanbad,Bokaro,1991,2001,Jharkhand
Dhanbad,Dhanbad,2001,2011,Jharkhand
Dhanbad,Dhanbad,2011,2024,Jharkhand
Dhar,Dhar,1951,1961,Madhya Pradesh
Dhar,Dhar,1961,1971,Madhya Pradesh
Dhar,Dhar,1971,1981,Madhya Pradesh
Dhar,Dhar,1981,1991,Madhya Pradesh
Dhar,Dhar,1991,2001,Madhya Pradesh
Dhar,Dhar,2001,2011,Madhya Pradesh
Dhar,Dhar,2011,2024,Madhya Pradesh
Dharmapuri,Dharmapuri,1971,1981,Tamil Nadu
Dharmapuri,Dharmapuri,1971,1981,Tamil Nadu
Dharmapuri,Dharmapuri,1981,1991,Tamil Nadu
Dharmapuri,Dharmapuri,1981,1991,Tamil Nadu
Dharmapuri,Dharmapuri,1991,2001,Tamil Nadu
Dharmapuri,Dharmapuri,1991,2001,Tamil Nadu
Dharmapuri,Dharmapuri,2001,2011,Tamil Nadu
Dharmapuri,Krishnagiri,2001,2011,Tamil Nadu
Dharmapuri,Dharmapuri,2011,2024,Tamil Nadu
Dharwad,Dharwad,1981,1991,Karnataka
Dharwad,Dharwad,1981,1991,Karnataka
Dharwad,Dharwad,1981,1991,Karnataka
Dharwad,Dharwad,1991,2001,Karnataka
Dharwad,Gadag,1991,2001,Karnataka
Dharwad,Haveri,1991,2001,Karnataka
Dharwad,Dharwad,2001,2011,Karnataka
Dharwad,Dharwad,2011,2024,Karnataka
Dharwar,Dharwar,1951,1961,Karnataka
Dharwar,Dharwar,1951,1961,Karnataka
Dharwar,Dharwar,1951,1961,Karnataka
Dharwar,Dharwar,1961,1971,Karnataka
Dharwar,Dharwar,1961,1971,Karnataka
Dharwar,Dharwar,1961,1971,Karnataka
Dharwar,Dharwad,1971,1981,Karnataka
Dharwar,Dharwad,1971,1981,Karnataka
Dharwar,Dharwad,1971,1981,Karnataka
Dhaulpur,Dhaulpur,1991,2001,Rajasthan
Dhaulpur,Dhaulpur,2001,2011,Rajasthan
Dhaulpur,Dhaulpur,2011,2024,Rajasthan
Dhemaji,Dhemaji,1991,2001,Assam
Dhemaji,Dhemaji,2001,2011,Assam
Dhemaji,Dhemaji,2011,2024,Assam
Dhenkanal,Dhenkanal,1951,1961,Odisha
Dhenkanal,Dhenkanal,1951,1961,Odisha
Dhenkanal,Dhenkanal,1961,1971,Odisha
Dhenkanal,Dhenkanal,1961,1971,Odisha
Dhenkanal,Dhenkanal,1971,1981,Odisha
Dhenkanal,Dhenkanal,1971,1981,Odisha
Dhenkanal,Dhenkanal,1981,1991,Odisha
Dhenkanal,Dhenkanal,1981,1991,Odisha
Dhenkanal,Dhenkanal,1991,2001,Odisha
Dhenkanal,Anugul,1991,2001,Odisha
Dhenkanal,Dhenkanal,2001,2011,Odisha
Dhenkanal,Dhenkanal,2011,2024,Odisha
Dhubri,Dhubri,2011,2024,Assam
Dhubri,South Salmara-Mankachar,2011,2024,Assam
Dhuburi,Dhuburi,1991,2001,Assam
Dhuburi,Dhuburi,1991,2001,Assam
Dhuburi,Dhubri,2001,2011,Assam
Dhuburi,Dhubri,2001,2011,Assam
Dhule,Dhule,1981,1991,Maharashtra
Dhule,Dhule,1981,1991,Maharashtra
Dhule,Dhule,1991,2001,Maharashtra
Dhule,Nandurbar,1991,2001,Maharashtra
Dhule,Dhule,2001,2011,Maharashtra
Dhule,Dhule,2011,2024,Maharashtra
Dhulia,Dhulia,1961,1971,Maharashtra
Dhulia,Dhulia,1961,1971,Maharashtra
Dhulia,Dhule,1971,1981,Maharashtra
Dhulia,Dhule,1971,1981,Maharashtra
Dibang Valley,Dibang Valley,1981,1991,Arunachal Pradesh
Dibang Valley,Dibang Valley,1981,1991,Arunachal Pradesh
Dibang Valley,Dibang Valley,1991,2001,Arunachal Pradesh
Dibang Valley,Dibang Valley,1991,2001,Arunachal Pradesh
Dibang Valley,Dibang Valley,2001,2011,Arunachal Pradesh
Dibang Valley,Lower Dibang Valley,2001,2011,Arunachal Pradesh
Dibang Valley,Dibang Valley,2011,2024,Arunachal Pradesh
Dibrugarh,Tinsukia,1981,1991,Assam
Dibrugarh,Dibrugarh,1981,1991,Assam
Dibrugarh,Dibrugarh,1991,2001,Assam
Dibrugarh,Dibrugarh,2001,2011,Assam
Dibrugarh,Dibrugarh,2011,2024,Assam
Dima Hasao,Dima Hasao,2011,2024,Assam
Dimapur,Dimapur,2001,2011,Nagaland
Dimapur,Dimapur,2001,2011,Nagaland
Dimapur,Dimapur,2001,2011,Nagaland
Dimapur,Dimapur,2011,2024,Nagaland
Dimapur,Chumoukedima,2011,2024,Nagaland
Dimapur,Niuland,2011,2024,Nagaland
Dindigul,Dindigul,2001,2011,Tamil Nadu
Dindigul,Dindigul,2011,2024,Tamil Nadu
Dindigul Anna,Dindigul,1991,2001,Tamil Nadu
Dindori,Dindori,2001,2011,Madhya Pradesh
Dindori,Dindori,2011,2024,Madhya Pradesh
Diu,Diu,1951,1961,Daman & Diu
Diu,Diu,1961,1971,Daman & Diu
Diu,Diu,1971,1981,Daman & Diu
Diu,Diu,1981,1991,Daman & Diu
Diu,Diu,1991,2001,Daman & Diu
Diu,Diu,2001,2011,Daman & Diu
Diu,Diu,2011,2024,Daman & Diu
Doda,Doda,1961,1971,Jammu & Kashmir
Doda,Doda,1961,1971,Jammu & Kashmir
Doda,Doda,1961,1971,Jammu & Kashmir
Doda,Doda,1971,1981,Jammu & Kashmir
Doda,Doda,1971,1981,Jammu & Kashmir
Doda,Doda,1971,1981,Jammu & Kashmir
Doda,Doda,1981,1991,Jammu & Kashmir
Doda,Doda,1981,1991,Jammu & Kashmir
Doda,Doda,1981,1991,Jammu & Kashmir
Doda,Doda,1991,2001,Jammu & Kashmir
Doda,Doda,1991,2001,Jammu & Kashmir
Doda,Doda,1991,2001,Jammu & Kashmir
Doda,Doda,2001,2011,Jammu & Kashmir
Doda,Ramban,2001,2011,Jammu & Kashmir
Doda,Kishtwar,2001,2011,Jammu & Kashmir
Doda,Doda,2011,2024,Jammu & Kashmir
Dohad,Dohad,2001,2011,Gujarat
Dohad,Dohad,2011,2024,Gujarat
Dumka,Dumka,1991,2001,Jharkhand
Dumka,Dumka,1991,2001,Jharkhand
Dumka,Dumka,2001,2011,Jharkhand
Dumka,Jamtara,2001,2011,Jharkhand
Dumka,Dumka,2011,2024,Jharkhand
Dungarpur,Dungarpur,1951,1961,Rajasthan
Dungarpur,Dungarpur,1961,1971,Rajasthan
Dungarpur,Dungarpur,1971,1981,Rajasthan
Dungarpur,Dungarpur,1981,1991,Rajasthan
Dungarpur,Dungarpur,1991,2001,Rajasthan
Dungarpur,Dungarpur,2001,2011,Rajasthan
Dungarpur,Dungarpur,2011,2024,Rajasthan
Durg,Durg,1951,1961,Chhattisgarh
Durg,Durg,1951,1961,Chhattisgarh
Durg,Durg,1951,1961,Chhattisgarh
Durg,Durg,1951,1961,Chhattisgarh
Durg,Durg,1951,1961,Chhattisgarh
Durg,Durg,1961,1971,Chhattisgarh
Durg,Durg,1961,1971,Chhattisgarh
Durg,Durg,1961,1971,Chhattisgarh
Durg,Durg,1961,1971,Chhattisgarh
Durg,Durg,1961,1971,Chhattisgarh
Durg,Raj Nandgaon,1971,1981,Chhattisgarh
Durg,Raj Nandgaon,1971,1981,Chhattisgarh
Durg,Durg,1971,1981,Chhattisgarh
Durg,Durg,1971,1981,Chhattisgarh
Durg,Durg,1971,1981,Chhattisgarh
Durg,Durg,1981,1991,Chhattisgarh
Durg,Durg,1981,1991,Chhattisgarh
Durg,Durg,1981,1991,Chhattisgarh
Durg,Durg,1991,2001,Chhattisgarh
Durg,Durg,1991,2001,Chhattisgarh
Durg,Durg,1991,2001,Chhattisgarh
Durg,Durg,2001,2011,Chhattisgarh
Durg,Durg,2001,2011,Chhattisgarh
Durg,Durg,2001,2011,Chhattisgarh
Durg,Durg,2011,2024,Chhattisgarh
Durg,Balod,2011,2024,Chhattisgarh
Durg,Bemetara,2011,2024,Chhattisgarh
East,East,2001,2011,Delhi
East,Shahdara,2011,2024,Delhi
East,East,2001,2011,NCT of Delhi
East,East,2011,2024,NCT of Delhi
East,East,2001,2011,Sikkim
East,East,2001,2011,Sikkim
East,Gangtok,2011,2024,Sikkim
East,Pakyong,2011,2024,Sikkim
East District,East District,1981,1991,Sikkim
East District,East District,1981,1991,Sikkim
East District,East,1991,2001,Sikkim
East District,East,1991,2001,Sikkim
East Garo Hills,East Garo Hills,1981,1991,Meghalaya
East Garo Hills,East Garo Hills,1981,1991,Meghalaya
East Garo Hills,East Garo Hills,1991,2001,Meghalaya
East Garo Hills,East Garo Hills,1991,2001,Meghalaya
East Garo Hills,East Garo Hills,2001,2011,Meghalaya
East Garo Hills,East Garo Hills,2001,2011,Meghalaya
East Garo Hills,East Garo Hills,2011,2024,Meghalaya
East Garo Hills,North Garo Hills,2011,2024,Meghalaya
East Godavari,East Godavari,1951,1961,Andhra Pradesh
East Godavari,East Godavari,1951,1961,Andhra Pradesh
East Godavari,East Godavari,1951,1961,Andhra Pradesh
East Godavari,East Godavari,1951,1961,Andhra Pradesh
East Godavari,East Godavari,1961,1971,Andhra Pradesh
East Godavari,East Godavari,1961,1971,Andhra Pradesh
East Godavari,East Godavari,1961,1971,Andhra Pradesh
East Godavari,East Godavari,1961,1971,Andhra Pradesh
East Godavari,East Godavari,1971,1981,Andhra Pradesh
East Godavari,East Godavari,1971,1981,Andhra Pradesh
East Godavari,East Godavari,1971,1981,Andhra Pradesh
East Godavari,East Godavari,1971,1981,Andhra Pradesh
East Godavari,East Godavari,1981,1991,Andhra Pradesh
East Godavari,East Godavari,1981,1991,Andhra Pradesh
East Godavari,East Godavari,1981,1991,Andhra Pradesh
East Godavari,East Godavari,1981,1991,Andhra Pradesh
East Godavari,East Godavari,1991,2001,Andhra Pradesh
East Godavari,East Godavari,1991,2001,Andhra Pradesh
East Godavari,East Godavari,1991,2001,Andhra Pradesh
East Godavari,East Godavari,1991,2001,Andhra Pradesh
East Godavari,East Godavari,2001,2011,Andhra Pradesh
East Godavari,East Godavari,2001,2011,Andhra Pradesh
East Godavari,East Godavari,2001,2011,Andhra Pradesh
East Godavari,East Godavari,2001,2011,Andhra Pradesh
East Godavari,East Godavari,2011,2024,Andhra Pradesh
East Godavari,Alluri Sitharama Raju,2011,2024,Andhra Pradesh
East Godavari,Dr. B. R. Ambedkar Konaseema,2011,2024,Andhra Pradesh
East Godavari,Kakinada,2011,2024,Andhra Pradesh
East Kameng,East Kameng,1981,1991,Arunachal Pradesh
East Kameng,East Kameng,1981,1991,Arunachal Pradesh
East Kameng,East Kameng,1991,2001,Arunachal Pradesh
East Kameng,East Kameng,1991,2001,Arunachal Pradesh
East Kameng,East Kameng,2001,2011,Arunachal Pradesh
East Kameng,East Kameng,2001,2011,Arunachal Pradesh
East Kameng,East Kameng,2011,2024,Arunachal Pradesh
East Kameng,Pakke-Kesang,2011,2024,Arunachal Pradesh
East Khandesh,Jalgaon,1951,1961,Maharashtra
East Khasi Hills,East Khasi Hills,1981,1991,Meghalaya
East Khasi Hills,East Khasi Hills,1981,1991,Meghalaya
East Khasi Hills,Ri Bhoi,1991,2001,Meghalaya
East Khasi Hills,East Khasi Hills,1991,2001,Meghalaya
East Khasi Hills,East Khasi Hills,2001,2011,Meghalaya
East Khasi Hills,East Khasi Hills,2011,2024,Meghalaya
East Nimar,Khandwa,1961,1971,Madhya Pradesh
East Nimar,Khandwa,1961,1971,Madhya Pradesh
East Nimar,East Nimar,1981,1991,Madhya Pradesh
East Nimar,East Nimar,1981,1991,Madhya Pradesh
East Nimar,East Nimar,1991,2001,Madhya Pradesh
East Nimar,East Nimar,1991,2001,Madhya Pradesh
East Nimar,Khandwa (East Nimar),2001,2011,Madhya Pradesh
East Nimar,Burhanpur,2001,2011,Madhya Pradesh
East Siang,East Siang,1981,1991,Arunachal Pradesh
East Siang,East Siang,1981,1991,Arunachal Pradesh
East Siang,East Siang,1981,1991,Arunachal Pradesh
East Siang,East Siang,1981,1991,Arunachal Pradesh
East Siang,East Siang,1981,1991,Arunachal Pradesh
East Siang,East Siang,1991,2001,Arunachal Pradesh
East Siang,East Siang,1991,2001,Arunachal Pradesh
East Siang,East Siang,1991,2001,Arunachal Pradesh
East Siang,East Siang,1991,2001,Arunachal Pradesh
East Siang,Upper Siang,1991,2001,Arunachal Pradesh
East Siang,East Siang,2001,2011,Arunachal Pradesh
East Siang,East Siang,2001,2011,Arunachal Pradesh
East Siang,East Siang,2001,2011,Arunachal Pradesh
East Siang,East Siang,2001,2011,Arunachal Pradesh
East Siang,East Siang,2011,2024,Arunachal Pradesh
East Siang,Siang,2011,2024,Arunachal Pradesh
East Siang,Lower Siang,2011,2024,Arunachal Pradesh
East Siang,Lepa - Rada,2011,2024,Arunachal Pradesh
Ernakulam,Ernakulam,1961,1971,Kerala
Ernakulam,Ernakulam,1961,1971,Kerala
Ernakulam,Ernakulam,1971,1981,Kerala
Ernakulam,Idukki,1971,1981,Kerala
Ernakulam,Ernakulam,1981,1991,Kerala
Ernakulam,Ernakulam,1991,2001,Kerala
Ernakulam,Ernakulam,2001,2011,Kerala
Ernakulam,Ernakulam,2011,2024,Kerala
Erode,Erode,2001,2011,Tamil Nadu
Erode,Tiruppur,2001,2011,Tamil Nadu
Erode,Erode,2011,2024,Tamil Nadu
Etah,Etah,1951,1961,Uttar Pradesh
Etah,Etah,1951,1961,Uttar Pradesh
Etah,Etah,1961,1971,Uttar Pradesh
Etah,Etah,1961,1971,Uttar Pradesh
Etah,Etah,1971,1981,Uttar Pradesh
Etah,Etah,1971,1981,Uttar Pradesh
Etah,Etah,1981,1991,Uttar Pradesh
Etah,Etah,1981,1991,Uttar Pradesh
Etah,Etah,1991,2001,Uttar Pradesh
Etah,Etah,1991,2001,Uttar Pradesh
Etah,Etah,2001,2011,Uttar Pradesh
Etah,Kanshiram Nagar,2001,2011,Uttar Pradesh
Etah,Etah,2011,2024,Uttar Pradesh
Etawah,Etawah,1951,1961,Uttar Pradesh
Etawah,Etawah,1951,1961,Uttar Pradesh
Etawah,Etawah,1961,1971,Uttar Pradesh
Etawah,Etawah,1961,1971,Uttar Pradesh
Etawah,Etawah,1971,1981,Uttar Pradesh
Etawah,Etawah,1971,1981,Uttar Pradesh
Etawah,Etawah,1981,1991,Uttar Pradesh
Etawah,Etawah,1981,1991,Uttar Pradesh
Etawah,Auraiya,1991,2001,Uttar Pradesh
Etawah,Etawah',1991,2001,Uttar Pradesh
Etawah,Etawah,2011,2024,Uttar Pradesh
Etawah',Etawah,2001,2011,Uttar Pradesh
Faizabad,Faizabad,1951,1961,Uttar Pradesh
Faizabad,Faizabad,1951,1961,Uttar Pradesh
Faizabad,Faizabad,1961,1971,Uttar Pradesh
Faizabad,Faizabad,1961,1971,Uttar Pradesh
Faizabad,Faizabad,1971,1981,Uttar Pradesh
Faizabad,Faizabad,1971,1981,Uttar Pradesh
Faizabad,Faizabad,1981,1991,Uttar Pradesh
Faizabad,Faizabad,1981,1991,Uttar Pradesh
Faizabad,Ambedkar Nagar,1991,2001,Uttar Pradesh
Faizabad,Faizabad,1991,2001,Uttar Pradesh
Faizabad,Faizabad,2001,2011,Uttar Pradesh
Faizabad,Ayodhya,2011,2024,Uttar Pradesh
Faridabad,Faridabad,1981,1991,Haryana
Faridabad,Faridabad,1981,1991,Haryana
Faridabad,Faridabad,1991,2001,Haryana
Faridabad,Faridabad,1991,2001,Haryana
Faridabad,Faridabad,2001,2011,Haryana
Faridabad,Palwal,2001,2011,Haryana
Faridabad,Faridabad,2011,2024,Haryana
Faridkot,Faridkot,1981,1991,Punjab
Faridkot,Faridkot,1981,1991,Punjab
Faridkot,Faridkot,1981,1991,Punjab
Faridkot,Faridkot,1981,1991,Punjab
Faridkot,Moga,1991,2001,Punjab
Faridkot,Faridkot,1991,2001,Punjab
Faridkot,Muktsar,1991,2001,Punjab
Faridkot,Faridkot,1991,2001,Punjab
Faridkot,Faridkot,2001,2011,Punjab
Faridkot,Faridkot,2001,2011,Punjab
Faridkot,Faridkot,2011,2024,Punjab
Faridkot,Faridkot,2011,2024,Punjab
Farrukhabad,Farrukhabad,1951,1961,Uttar Pradesh
Farrukhabad,Farrukhabad,1951,1961,Uttar Pradesh
Farrukhabad,Farrukhabad,1961,1971,Uttar Pradesh
Farrukhabad,Farrukhabad,1961,1971,Uttar Pradesh
Farrukhabad,Farrukhabad,1971,1981,Uttar Pradesh
Farrukhabad,Farrukhabad,1971,1981,Uttar Pradesh
Farrukhabad,Farrukhabad,1981,1991,Uttar Pradesh
Farrukhabad,Farrukhabad,1981,1991,Uttar Pradesh
Farrukhabad,Farrukhabad,1991,2001,Uttar Pradesh
Farrukhabad,Kannauj,1991,2001,Uttar Pradesh
Farrukhabad,Farrukhabad,2001,2011,Uttar Pradesh
Farrukhabad,Farrukhabad,2011,2024,Uttar Pradesh
Fatehabad,Fatehabad,2001,2011,Haryana
Fatehabad,Fatehabad,2011,2024,Haryana
Fatehgarh Sahib,Patiala,1951,1961,Punjab
Fatehgarh Sahib,Fatehgarh Sahib,2001,2011,Punjab
Fatehgarh Sahib,Fatehgarh Sahib,2011,2024,Punjab
Fatehpur,Fatehpur,1951,1961,Uttar Pradesh
Fatehpur,Fatehpur,1961,1971,Uttar Pradesh
Fatehpur,Fatehpur,1971,1981,Uttar Pradesh
Fatehpur,Fatehpur,1981,1991,Uttar Pradesh
Fatehpur,Fatehpur,1991,2001,Uttar Pradesh
Fatehpur,Fatehpur,2001,2011,Uttar Pradesh
Fatehpur,Fatehpur,2011,2024,Uttar Pradesh
Ferozepur,Ferozepur,1951,1961,Punjab
Ferozepur,Ferozepur,1951,1961,Punjab
Ferozepur,Ferozepur,1951,1961,Punjab
Ferozepur,Firozpur,1961,1971,Punjab
Ferozepur,Firozpur,1961,1971,Punjab
Ferozepur,Firozpur,1961,1971,Punjab
Firozabad,Firozabad,1991,2001,Uttar Pradesh
Firozabad,Firozabad,1991,2001,Uttar Pradesh
Firozabad,Firozabad,2001,2011,Uttar Pradesh
Firozabad,Firozabad,2001,2011,Uttar Pradesh
Firozabad,Firozabad,2011,2024,Uttar Pradesh
Firozabad,Firozabad,2011,2024,Uttar Pradesh
Firozpur,Faridkot,1971,1981,Punjab
Firozpur,Firozpur,1971,1981,Punjab
Firozpur,Firozpur,1971,1981,Punjab
Firozpur,Firozpur,1981,1991,Punjab
Firozpur,Firozpur,1981,1991,Punjab
Firozpur,Firozpur,1991,2001,Punjab
Firozpur,Firozpur,1991,2001,Punjab
Firozpur,Firozpur,2001,2011,Punjab
Firozpur,Firozpur,2001,2011,Punjab
Firozpur,Firozpur,2011,2024,Punjab
Firozpur,Fazilka,2011,2024,Punjab
Gadag,Gadag,2001,2011,Karnataka
Gadag,Gadag,2011,2024,Karnataka
Gadchiroli,Gadchiroli,1991,2001,Maharashtra
Gadchiroli,Gadchiroli,2001,2011,Maharashtra
Gadchiroli,Gadchiroli,2011,2024,Maharashtra
Gajapati,Gajapati,2001,2011,Odisha
Gajapati,Gajapati,2011,2024,Odisha
Ganderbal,Ganderbal,2011,2024,Jammu & Kashmir
Gandhinagar,Gandhinagar,1971,1981,Gujarat
Gandhinagar,Gandhinagar,1971,1981,Gujarat
Gandhinagar,Gandhinagar,1981,1991,Gujarat
Gandhinagar,Gandhinagar,1981,1991,Gujarat
Gandhinagar,Gandhinagar,1991,2001,Gujarat
Gandhinagar,Gandhinagar,1991,2001,Gujarat
Gandhinagar,Gandhinagar,2001,2011,Gujarat
Gandhinagar,Gandhinagar,2001,2011,Gujarat
Gandhinagar,Gandhinagar,2011,2024,Gujarat
Gandhinagar,Gandhinagar,2011,2024,Gujarat
Ganganagar,Ganganagar,1951,1961,Rajasthan
Ganganagar,Ganganagar,1951,1961,Rajasthan
Ganganagar,Ganganagar,1961,1971,Rajasthan
Ganganagar,Ganganagar,1961,1971,Rajasthan
Ganganagar,Ganganagar,1971,1981,Rajasthan
Ganganagar,Ganganagar,1971,1981,Rajasthan
Ganganagar,Ganganagar,1981,1991,Rajasthan
Ganganagar,Ganganagar,1981,1991,Rajasthan
Ganganagar,Ganganagar,1991,2001,Rajasthan
Ganganagar,Hanumangarh,1991,2001,Rajasthan
Ganganagar,Ganganagar,2001,2011,Rajasthan
Ganganagar,Ganganagar,2011,2024,Rajasthan
Ganjam,Ganjam,1951,1961,Odisha
Ganjam,Ganjam,1951,1961,Odisha
Ganjam,Ganjam,1961,1971,Odisha
Ganjam,Ganjam,1961,1971,Odisha
Ganjam,Ganjam,1971,1981,Odisha
Ganjam,Ganjam,1971,1981,Odisha
Ganjam,Ganjam,1981,1991,Odisha
Ganjam,Ganjam,1981,1991,Odisha
Ganjam,Ganjam,1991,2001,Odisha
Ganjam,Gajapati,1991,2001,Odisha
Ganjam,Ganjam,2001,2011,Odisha
Ganjam,Ganjam,2011,2024,Odisha
Garhwa,Garhwa,2001,2011,Jharkhand
Garhwa,Garhwa,2011,2024,Jharkhand
Garhwal,Chamoli,1951,1961,Uttarakhand
Garhwal,Chamoli,1951,1961,Uttarakhand
Garhwal,Garhwal,1951,1961,Uttarakhand
Garhwal,Garhwal,1961,1971,Uttarakhand
Garhwal,Garhwal,1971,1981,Uttarakhand
Garhwal,Garhwal,1981,1991,Uttarakhand
Garhwal,Garhwal,1991,2001,Uttarakhand
Garhwal,Garhwal,2001,2011,Uttarakhand
Garhwal,Garhwal,2011,2024,Uttarakhand
Garo Hills,Garo Hills,1951,1961,Meghalaya
Garo Hills,Garo Hills,1951,1961,Meghalaya
Garo Hills,Garo Hills,1951,1961,Meghalaya
Garo Hills,Garo Hills,1951,1961,Meghalaya
Garo Hills,Garo Hills,1961,1971,Meghalaya
Garo Hills,Garo Hills,1961,1971,Meghalaya
Garo Hills,Garo Hills,1961,1971,Meghalaya
Garo Hills,Garo Hills,1961,1971,Meghalaya
Garo Hills,West Garo Hills,1971,1981,Meghalaya
Garo Hills,East Garo Hills,1971,1981,Meghalaya
Garo Hills,West Garo Hills,1971,1981,Meghalaya
Garo Hills,East Garo Hills,1971,1981,Meghalaya
Gautam Buddha Nagar,Gautam Buddha Nagar,2001,2011,Uttar Pradesh
Gautam Buddha Nagar,Gautam Buddha Nagar,2001,2011,Uttar Pradesh
Gautam Buddha Nagar,Gautam Buddha Nagar,2011,2024,Uttar Pradesh
Gautam Buddha Nagar,Gautam Buddha Nagar,2011,2024,Uttar Pradesh
Gaya,Gaya,1951,1961,Bihar
Gaya,Gaya,1951,1961,Bihar
Gaya,Gaya,1951,1961,Bihar
Gaya,Gaya,1951,1961,Bihar
Gaya,Gaya,1951,1961,Bihar
Gaya,Gaya,1961,1971,Bihar
Gaya,Gaya,1961,1971,Bihar
Gaya,Gaya,1961,1971,Bihar
Gaya,Gaya,1961,1971,Bihar
Gaya,Gaya,1961,1971,Bihar
Gaya,Aurangabad,1971,1981,Bihar
Gaya,Gaya,1971,1981,Bihar
Gaya,Nawada,1971,1981,Bihar
Gaya,Gaya,1971,1981,Bihar
Gaya,Gaya,1971,1981,Bihar
Gaya,Gaya,1981,1991,Bihar
Gaya,Jehanabad,1981,1991,Bihar
Gaya,Jehanabad,1981,1991,Bihar
Gaya,Gaya,1991,2001,Bihar
Gaya,Gaya,2001,2011,Bihar
Gaya,Gaya,2011,2024,Bihar
Ghaziabad,Ghaziabad,1981,1991,Uttar Pradesh
Ghaziabad,Ghaziabad,1981,1991,Uttar Pradesh
Ghaziabad,Ghaziabad,1981,1991,Uttar Pradesh
Ghaziabad,Ghaziabad,1981,1991,Uttar Pradesh
Ghaziabad,Gautam Buddha Nagar,1991,2001,Uttar Pradesh
Ghaziabad,Ghaziabad,1991,2001,Uttar Pradesh
Ghaziabad,Ghaziabad,1991,2001,Uttar Pradesh
Ghaziabad,Ghaziabad,1991,2001,Uttar Pradesh
Ghaziabad,Ghaziabad,2001,2011,Uttar Pradesh
Ghaziabad,Ghaziabad,2001,2011,Uttar Pradesh
Ghaziabad,Ghaziabad,2001,2011,Uttar Pradesh
Ghaziabad,Ghaziabad,2011,2024,Uttar Pradesh
Ghaziabad,Ghaziabad,2011,2024,Uttar Pradesh
Ghaziabad,Hapur (Panchsheel Nagar),2011,2024,Uttar Pradesh
Ghazipur,Ghazipur,1951,1961,Uttar Pradesh
Ghazipur,Ghazipur,1961,1971,Uttar Pradesh
Ghazipur,Ghazipur,1971,1981,Uttar Pradesh
Ghazipur,Ghazipur,1981,1991,Uttar Pradesh
Ghazipur,Ghazipur,1991,2001,Uttar Pradesh
Ghazipur,Ghazipur,2001,2011,Uttar Pradesh
Ghazipur,Ghazipur,2011,2024,Uttar Pradesh
Gird,Gwalior,1951,1961,Madhya Pradesh
Giridih,Giridih,1981,1991,Jharkhand
Giridih,Giridih,1981,1991,Jharkhand
Giridih,Giridih,1991,2001,Jharkhand
Giridih,Bokaro,1991,2001,Jharkhand
Giridih,Giridih,2001,2011,Jharkhand
Giridih,Giridih,2011,2024,Jharkhand
Goa,Goa,1951,1961,Goa
Goa,Goa,1951,1961,Goa
Goa,Goa,1961,1971,Goa
Goa,Goa,1961,1971,Goa
Goa,Goa,1971,1981,Goa
Goa,Goa,1971,1981,Goa
Goa,North Goa,1981,1991,Goa
Goa,South Goa,1981,1991,Goa
Goalpara,Goalpara,1951,1961,Assam
Goalpara,Goalpara,1951,1961,Assam
Goalpara,Goalpara,1951,1961,Assam
Goalpara,Goalpara,1951,1961,Assam
Goalpara,Goalpara,1951,1961,Assam
Goalpara,Goalpara,1951,1961,Assam
Goalpara,Goalpara,1951,1961,Assam
Goalpara,Goalpara,1961,1971,Assam
Goalpara,Goalpara,1961,1971,Assam
Goalpara,Goalpara,1961,1971,Assam
Goalpara,Goalpara,1961,1971,Assam
Goalpara,Goalpara,1961,1971,Assam
Goalpara,Goalpara,1961,1971,Assam
Goalpara,Goalpara,1961,1971,Assam
Goalpara,Goalpara,1971,1981,Assam
Goalpara,Goalpara,1971,1981,Assam
Goalpara,Goalpara,1971,1981,Assam
Goalpara,Goalpara,1971,1981,Assam
Goalpara,Goalpara,1971,1981,Assam
Goalpara,Goalpara,1971,1981,Assam
Goalpara,Goalpara,1971,1981,Assam
Goalpara,Kokrajhar,1981,1991,Assam
Goalpara,Kokrajhar,1981,1991,Assam
Goalpara,Dhuburi,1981,1991,Assam
Goalpara,Goalpara,1981,1991,Assam
Goalpara,Bongaigaon,1981,1991,Assam
Goalpara,Bongaigaon,1981,1991,Assam
Goalpara,Dhuburi,1981,1991,Assam
Goalpara,Goalpara,1991,2001,Assam
Goalpara,Goalpara,2001,2011,Assam
Goalpara,Goalpara,2011,2024,Assam
Godda,Godda,1991,2001,Jharkhand
Godda,Godda,2001,2011,Jharkhand
Godda,Godda,2011,2024,Jharkhand
Gohilwad,Bhavnagar,1951,1961,Gujarat
Gohilwad,Bhavnagar,1951,1961,Gujarat
Golaghat,Golaghat,1991,2001,Assam
Golaghat,Golaghat,2001,2011,Assam
Golaghat,Golaghat,2011,2024,Assam
Gonda,Gonda,1951,1961,Uttar Pradesh
Gonda,Gonda,1951,1961,Uttar Pradesh
Gonda,Gonda,1961,1971,Uttar Pradesh
Gonda,Gonda,1961,1971,Uttar Pradesh
Gonda,Gonda,1971,1981,Uttar Pradesh
Gonda,Gonda,1971,1981,Uttar Pradesh
Gonda,Gonda,1981,1991,Uttar Pradesh
Gonda,Gonda,1981,1991,Uttar Pradesh
Gonda,Balrampur,1991,2001,Uttar Pradesh
Gonda,Gonda,1991,2001,Uttar Pradesh
Gonda,Gonda,2001,2011,Uttar Pradesh
Gonda,Gonda,2011,2024,Uttar Pradesh
Gondiya,Gondiya,2001,2011,Maharashtra
Gondiya,Gondiya,2011,2024,Maharashtra
Goona,Guna,1951,1961,Madhya Pradesh
Goona,Guna,1951,1961,Madhya Pradesh
Gopalganj,Gopalganj,1981,1991,Bihar
Gopalganj,Gopalganj,1991,2001,Bihar
Gopalganj,Gopalganj,2001,2011,Bihar
Gopalganj,Gopalganj,2011,2024,Bihar
Gorakhpur,Gorakhpur,1951,1961,Uttar Pradesh
Gorakhpur,Gorakhpur,1951,1961,Uttar Pradesh
Gorakhpur,Gorakhpur,1961,1971,Uttar Pradesh
Gorakhpur,Gorakhpur,1961,1971,Uttar Pradesh
Gorakhpur,Gorakhpur,1971,1981,Uttar Pradesh
Gorakhpur,Gorakhpur,1971,1981,Uttar Pradesh
Gorakhpur,Gorakhpur,1981,1991,Uttar Pradesh
Gorakhpur,Maharajganj,1981,1991,Uttar Pradesh
Gorakhpur,Gorakhpur,1991,2001,Uttar Pradesh
Gorakhpur,Gorakhpur,2001,2011,Uttar Pradesh
Gorakhpur,Gorakhpur,2011,2024,Uttar Pradesh
Greater Bombay,Greater Bombay,1951,1961,Maharashtra
Greater Bombay,Greater Bombay,1951,1961,Maharashtra
Greater Bombay,Greater Bombay,1961,1971,Maharashtra
Greater Bombay,Greater Bombay,1961,1971,Maharashtra
Greater Bombay,Greater Bombay,1971,1981,Maharashtra
Greater Bombay,Greater Bombay,1971,1981,Maharashtra
Greater Bombay,Greater Bombay,1981,1991,Maharashtra
Greater Bombay,Greater Bombay,1981,1991,Maharashtra
Greater Bombay,Mumbai,1991,2001,Maharashtra
Greater Bombay,Mumbai (Suburban),1991,2001,Maharashtra
Gulbarga,Gulbarga,1951,1961,Karnataka
Gulbarga,Gulbarga,1951,1961,Karnataka
Gulbarga,Gulbarga,1961,1971,Karnataka
Gulbarga,Gulbarga,1961,1971,Karnataka
Gulbarga,Gulbarga,1971,1981,Karnataka
Gulbarga,Gulbarga,1971,1981,Karnataka
Gulbarga,Gulbarga,1981,1991,Karnataka
Gulbarga,Gulbarga,1981,1991,Karnataka
Gulbarga,Gulbarga,1991,2001,Karnataka
Gulbarga,Gulbarga,1991,2001,Karnataka
Gulbarga,Gulbarga,2001,2011,Karnataka
Gulbarga,Yadgir,2001,2011,Karnataka
Gulbarga,Kalaburagi,2011,2024,Karnataka
Gumla,Gumla,1991,2001,Jharkhand
Gumla,Gumla,1991,2001,Jharkhand
Gumla,Gumla,2001,2011,Jharkhand
Gumla,Simdega,2001,2011,Jharkhand
Gumla,Gumla,2011,2024,Jharkhand
Guna,Guna,1961,1971,Madhya Pradesh
Guna,Guna,1961,1971,Madhya Pradesh
Guna,Guna,1971,1981,Madhya Pradesh
Guna,Guna,1971,1981,Madhya Pradesh
Guna,Guna,1981,1991,Madhya Pradesh
Guna,Guna,1981,1991,Madhya Pradesh
Guna,Guna,1991,2001,Madhya Pradesh
Guna,Guna,1991,2001,Madhya Pradesh
Guna,Guna,2001,2011,Madhya Pradesh
Guna,Ashoknagar,2001,2011,Madhya Pradesh
Guna,Guna,2011,2024,Madhya Pradesh
Guntur,Guntur,1951,1961,Andhra Pradesh
Guntur,Guntur,1951,1961,Andhra Pradesh
Guntur,Guntur,1951,1961,Andhra Pradesh
Guntur,Guntur,1961,1971,Andhra Pradesh
Guntur,Guntur,1961,1971,Andhra Pradesh
Guntur,Guntur,1961,1971,Andhra Pradesh
Guntur,Guntur,1971,1981,Andhra Pradesh
Guntur,Guntur,1971,1981,Andhra Pradesh
Guntur,Guntur,1971,1981,Andhra Pradesh
Guntur,Guntur,1981,1991,Andhra Pradesh
Guntur,Guntur,1981,1991,Andhra Pradesh
Guntur,Guntur,1981,1991,Andhra Pradesh
Guntur,Guntur,1991,2001,Andhra Pradesh
Guntur,Guntur,1991,2001,Andhra Pradesh
Guntur,Guntur,1991,2001,Andhra Pradesh
Guntur,Guntur,2001,2011,Andhra Pradesh
Guntur,Guntur,2001,2011,Andhra Pradesh
Guntur,Guntur,2001,2011,Andhra Pradesh
Guntur,Guntur,2011,2024,Andhra Pradesh
Guntur,Bapatla,2011,2024,Andhra Pradesh
Guntur,Palnadu,2011,2024,Andhra Pradesh
Gurdaspur,Gurdaspur,1951,1961,Punjab
Gurdaspur,Gurdaspur,1951,1961,Punjab
Gurdaspur,Gurdaspur,1961,1971,Punjab
Gurdaspur,Gurdaspur,1961,1971,Punjab
Gurdaspur,Gurdaspur,1971,1981,Punjab
Gurdaspur,Gurdaspur,1971,1981,Punjab
Gurdaspur,Gurdaspur,1981,1991,Punjab
Gurdaspur,Gurdaspur,1981,1991,Punjab
Gurdaspur,Gurdaspur,1991,2001,Punjab
Gurdaspur,Gurdaspur,1991,2001,Punjab
Gurdaspur,Gurdaspur,2001,2011,Punjab
Gurdaspur,Gurdaspur,2001,2011,Punjab
Gurdaspur,Gurdaspur,2011,2024,Punjab
Gurdaspur,Pathankot,2011,2024,Punjab
Gurgaon,Gurgaon,1951,1961,Haryana
Gurgaon,Gurgaon,1951,1961,Haryana
Gurgaon,Gurgaon,1951,1961,Haryana
Gurgaon,Gurgaon,1951,1961,Haryana
Gurgaon,Gurgaon,1951,1961,Haryana
Gurgaon,Gurgaon,1961,1971,Haryana
Gurgaon,Gurgaon,1961,1971,Haryana
Gurgaon,Gurgaon,1961,1971,Haryana
Gurgaon,Gurgaon,1961,1971,Haryana
Gurgaon,Gurgaon,1961,1971,Haryana
Gurgaon,Mahendragarh,1971,1981,Haryana
Gurgaon,Gurgaon,1971,1981,Haryana
Gurgaon,Gurgaon,1971,1981,Haryana
Gurgaon,Faridabad,1971,1981,Haryana
Gurgaon,Faridabad,1971,1981,Haryana
Gurgaon,Gurgaon,1981,1991,Haryana
Gurgaon,Gurgaon,1981,1991,Haryana
Gurgaon,Gurgaon,1991,2001,Haryana
Gurgaon,Gurgaon,1991,2001,Haryana
Gurgaon,Gurgaon,2001,2011,Haryana
Gurgaon,Mewat,2001,2011,Haryana
Gurgaon,Gurugram,2011,2024,Haryana
Gwalior,Gwalior,1961,1971,Madhya Pradesh
Gwalior,Gwalior,1971,1981,Madhya Pradesh
Gwalior,Gwalior,1981,1991,Madhya Pradesh
Gwalior,Gwalior,1991,2001,Madhya Pradesh
Gwalior,Gwalior,2001,2011,Madhya Pradesh
Gwalior,Gwalior,2011,2024,Madhya Pradesh
Hailakandi,Hailakandi,1991,2001,Assam
Hailakandi,Hailakandi,2001,2011,Assam
Hailakandi,Hailakandi,2011,2024,Assam
Halar,Jamnagar,1951,1961,Gujarat
Halar,Jamnagar,1951,1961,Gujarat
Halar,Jamnagar,1951,1961,Gujarat
Hamirpur,Hamirpur,1981,1991,Himachal Pradesh
Hamirpur,Hamirpur,1991,2001,Himachal Pradesh
Hamirpur,Hamirpur,2001,2011,Himachal Pradesh
Hamirpur,Hamirpur,2011,2024,Himachal Pradesh
Hamirpur,Hamirpur,1951,1961,Uttar Pradesh
Hamirpur,Hamirpur,1951,1961,Uttar Pradesh
Hamirpur,Hamirpur,1961,1971,Uttar Pradesh
Hamirpur,Hamirpur,1961,1971,Uttar Pradesh
Hamirpur,Hamirpur,1971,1981,Uttar Pradesh
Hamirpur,Hamirpur,1971,1981,Uttar Pradesh
Hamirpur,Hamirpur,1981,1991,Uttar Pradesh
Hamirpur,Hamirpur,1981,1991,Uttar Pradesh
Hamirpur,Hamirpur,1991,2001,Uttar Pradesh
Hamirpur,Mahoba,1991,2001,Uttar Pradesh
Hamirpur,Hamirpur,2001,2011,Uttar Pradesh
Hamirpur,Hamirpur,2011,2024,Uttar Pradesh
Hanumangarh,Hanumangarh,2001,2011,Rajasthan
Hanumangarh,Hanumangarh,2011,2024,Rajasthan
Haora,Haora,1981,1991,West Bengal
Haora,Haora,1991,2001,West Bengal
Haora,Haora,2001,2011,West Bengal
Haora,Haora,2011,2024,West Bengal
Harda,Harda,2001,2011,Madhya Pradesh
Harda,Harda,2011,2024,Madhya Pradesh
Hardoi,Hardoi,1951,1961,Uttar Pradesh
Hardoi,Hardoi,1961,1971,Uttar Pradesh
Hardoi,Hardoi,1971,1981,Uttar Pradesh
Hardoi,Hardoi,1981,1991,Uttar Pradesh
Hardoi,Hardoi,1991,2001,Uttar Pradesh
Hardoi,Hardoi,2001,2011,Uttar Pradesh
Hardoi,Hardoi,2011,2024,Uttar Pradesh
Hardwar,Hardwar,1991,2001,Uttarakhand
Hardwar,Hardwar,2001,2011,Uttarakhand
Hardwar,Hardwar,2011,2024,Uttarakhand
Hassan,Hassan,1951,1961,Karnataka
Hassan,Hassan,1961,1971,Karnataka
Hassan,Hassan,1971,1981,Karnataka
Hassan,Hassan,1981,1991,Karnataka
Hassan,Hassan,1991,2001,Karnataka
Hassan,Hassan,2001,2011,Karnataka
Hassan,Hassan,2011,2024,Karnataka
Hathras,Mahamaya Nagar,2001,2011,Uttar Pradesh
Haveri,Haveri,2001,2011,Karnataka
Haveri,Haveri,2011,2024,Karnataka
Hazaribag,Hazaribag,1981,1991,Jharkhand
Hazaribag,Hazaribag,1981,1991,Jharkhand
Hazaribag,Hazaribag,1981,1991,Jharkhand
Hazaribag,Hazaribag,1981,1991,Jharkhand
Hazaribag,Chatra,1991,2001,Jharkhand
Hazaribag,Hazaribag,1991,2001,Jharkhand
Hazaribag,Hazaribag,1991,2001,Jharkhand
Hazaribag,Kodarma,1991,2001,Jharkhand
Hazaribag,Hazaribagh,2001,2011,Jharkhand
Hazaribag,Ramgarh,2001,2011,Jharkhand
Hazaribagh,Hazaribagh,1951,1961,Jharkhand
Hazaribagh,Hazaribagh,1951,1961,Jharkhand
Hazaribagh,Hazaribagh,1951,1961,Jharkhand
Hazaribagh,Hazaribagh,1951,1961,Jharkhand
Hazaribagh,Hazaribagh,1951,1961,Jharkhand
Hazaribagh,Hazaribagh,1951,1961,Jharkhand
Hazaribagh,Hazaribagh,1961,1971,Jharkhand
Hazaribagh,Hazaribagh,1961,1971,Jharkhand
Hazaribagh,Hazaribagh,1961,1971,Jharkhand
Hazaribagh,Hazaribagh,1961,1971,Jharkhand
Hazaribagh,Hazaribagh,1961,1971,Jharkhand
Hazaribagh,Hazaribagh,1961,1971,Jharkhand
Hazaribagh,Hazaribag,1971,1981,Jharkhand
Hazaribagh,Hazaribag,1971,1981,Jharkhand
Hazaribagh,Hazaribag,1971,1981,Jharkhand
Hazaribagh,Hazaribag,1971,1981,Jharkhand
Hazaribagh,Giridih,1971,1981,Jharkhand
Hazaribagh,Giridih,1971,1981,Jharkhand
Hazaribagh,Hazaribagh,2011,2024,Jharkhand
Hingoli,Hingoli,2001,2011,Maharashtra
Hingoli,Hingoli,2011,2024,Maharashtra
Hisar,Hisar,1971,1981,Haryana
Hisar,Sirsa,1971,1981,Haryana
Hisar,Hisar,1971,1981,Haryana
Hisar,Bhiwani,1971,1981,Haryana
Hisar,Bhiwani,1971,1981,Haryana
Hisar,Hisar,1981,1991,Haryana
Hisar,Hisar,1981,1991,Haryana
Hisar,Fatehabad,1991,2001,Haryana
Hisar,Hisar,1991,2001,Haryana
Hisar,Hisar,2001,2011,Haryana
Hisar,Hisar,2011,2024,Haryana
Hissar,Hissar,1951,1961,Haryana
Hissar,Hissar,1951,1961,Haryana
Hissar,Hissar,1951,1961,Haryana
Hissar,Hissar,1951,1961,Haryana
Hissar,Hissar,1951,1961,Haryana
Hissar,Hisar,1961,1971,Haryana
Hissar,Hisar,1961,1971,Haryana
Hissar,Hisar,1961,1971,Haryana
Hissar,Hisar,1961,1971,Haryana
Hissar,Hisar,1961,1971,Haryana
Hooghly,Hooghly,1951,1961,West Bengal
Hooghly,Hooghly,1961,1971,West Bengal
Hooghly,Hugli,1971,1981,West Bengal
Hoshangabad,Hoshangabad,1951,1961,Madhya Pradesh
Hoshangabad,Hoshangabad,1951,1961,Madhya Pradesh
Hoshangabad,Narsimhapur,1951,1961,Madhya Pradesh
Hoshangabad,Hoshangabad,1961,1971,Madhya Pradesh
Hoshangabad,Hoshangabad,1961,1971,Madhya Pradesh
Hoshangabad,Hoshangabad,1971,1981,Madhya Pradesh
Hoshangabad,Hoshangabad,1971,1981,Madhya Pradesh
Hoshangabad,Hoshangabad,1981,1991,Madhya Pradesh
Hoshangabad,Hoshangabad,1981,1991,Madhya Pradesh
Hoshangabad,Harda,1991,2001,Madhya Pradesh
Hoshangabad,Hoshangabad,1991,2001,Madhya Pradesh
Hoshangabad,Hoshangabad,2001,2011,Madhya Pradesh
Hoshangabad,Narmadapuram,2011,2024,Madhya Pradesh
Hoshiarpur,Hoshiarpur,1951,1961,Punjab
Hoshiarpur,Hoshiarpur,1951,1961,Punjab
Hoshiarpur,Hoshiarpur,1951,1961,Punjab
Hoshiarpur,Hoshiarpur,1951,1961,Punjab
Hoshiarpur,Hoshiarpur,1961,1971,Punjab
Hoshiarpur,Hoshiarpur,1961,1971,Punjab
Hoshiarpur,Ropar,1961,1971,Punjab
Hoshiarpur,Ropar,1961,1971,Punjab
Hoshiarpur,Hoshiarpur,1971,1981,Punjab
Hoshiarpur,Hoshiarpur,1971,1981,Punjab
Hoshiarpur,Hoshiarpur,1981,1991,Punjab
Hoshiarpur,Hoshiarpur,1981,1991,Punjab
Hoshiarpur,Hoshiarpur,1991,2001,Punjab
Hoshiarpur,Nawanshahr,1991,2001,Punjab
Hoshiarpur,Hoshiarpur,2001,2011,Punjab
Hoshiarpur,Hoshiarpur,2011,2024,Punjab
Howrah,Howrah,1951,1961,West Bengal
Howrah,Howrah,1961,1971,West Bengal
Howrah,Haora,1971,1981,West Bengal
Hugli,Hugli,1981,1991,West Bengal
Hugli,Hugli,1991,2001,West Bengal
Hugli,Hugli,2001,2011,West Bengal
Hugli,Hugli,2011,2024,West Bengal
Hyderabad,Hyderabad,1951,1961,Telangana
Hyderabad,Hyderabad,1951,1961,Telangana
Hyderabad,Hyderabad,1951,1961,Telangana
Hyderabad,Hyderabad,1951,1961,Telangana
Hyderabad,Hyderabad,1961,1971,Telangana
Hyderabad,Hyderabad,1961,1971,Telangana
Hyderabad,Hyderabad,1961,1971,Telangana
Hyderabad,Hyderabad,1961,1971,Telangana
Hyderabad,Hyderabad,1971,1981,Telangana
Hyderabad,Rangareddi,1971,1981,Telangana
Hyderabad,Rangareddi,1971,1981,Telangana
Hyderabad,Rangareddi,1971,1981,Telangana
Hyderabad,Hyderabad,1981,1991,Telangana
Hyderabad,Hyderabad,1991,2001,Telangana
Hyderabad,Hyderabad,2001,2011,Telangana
Hyderabad,Hyderabad,2011,2024,Telangana
Idukki,Idukki,1981,1991,Kerala
Idukki,Idukki,1981,1991,Kerala
Idukki,Pathanamthitta,1981,1991,Kerala
Idukki,Idukki,1991,2001,Kerala
Idukki,Idukki,1991,2001,Kerala
Idukki,Idukki,2001,2011,Kerala
Idukki,Idukki,2001,2011,Kerala
Idukki,Idukki,2011,2024,Kerala
Idukki,Idukki,2011,2024,Kerala
Imphal,Imphal West,1991,2001,Manipur
Imphal,Imphal East,1991,2001,Manipur
Imphal,Imphal East,1991,2001,Manipur
Imphal East,Imphal East,2001,2011,Manipur
Imphal East,Imphal East,2001,2011,Manipur
Imphal East,Imphal East,2011,2024,Manipur
Imphal East,Jiribam,2011,2024,Manipur
Imphal West,Imphal West,2001,2011,Manipur
Imphal West,Imphal West,2011,2024,Manipur
Indore,Indore,1951,1961,Madhya Pradesh
Indore,Indore,1961,1971,Madhya Pradesh
Indore,Indore,1971,1981,Madhya Pradesh
Indore,Indore,1981,1991,Madhya Pradesh
Indore,Indore,1991,2001,Madhya Pradesh
Indore,Indore,2001,2011,Madhya Pradesh
Indore,Indore,2011,2024,Madhya Pradesh
Jabalpur,Jabalpur,1951,1961,Madhya Pradesh
Jabalpur,Jabalpur,1951,1961,Madhya Pradesh
Jabalpur,Jabalpur,1961,1971,Madhya Pradesh
Jabalpur,Jabalpur,1961,1971,Madhya Pradesh
Jabalpur,Jabalpur,1971,1981,Madhya Pradesh
Jabalpur,Jabalpur,1971,1981,Madhya Pradesh
Jabalpur,Jabalpur,1981,1991,Madhya Pradesh
Jabalpur,Jabalpur,1981,1991,Madhya Pradesh
Jabalpur,Katni,1991,2001,Madhya Pradesh
Jabalpur,Jabalpur,1991,2001,Madhya Pradesh
Jabalpur,Jabalpur,2001,2011,Madhya Pradesh
Jabalpur,Jabalpur,2011,2024,Madhya Pradesh
Jagatsinghapur,Jagatsinghapur,2001,2011,Odisha
Jagatsinghapur,Jagatsinghapur,2011,2024,Odisha
Jaintia Hills,Jaintia Hills,1981,1991,Meghalaya
Jaintia Hills,Jaintia Hills,1981,1991,Meghalaya
Jaintia Hills,Jaintia Hills,1981,1991,Meghalaya
Jaintia Hills,Jaintia Hills,1991,2001,Meghalaya
Jaintia Hills,Jaintia Hills,1991,2001,Meghalaya
Jaintia Hills,Jaintia Hills,1991,2001,Meghalaya
Jaintia Hills,Jaintia Hills,2001,2011,Meghalaya
Jaintia Hills,Jaintia Hills,2001,2011,Meghalaya
Jaintia Hills,Jaintia Hills,2001,2011,Meghalaya
Jaintia Hills,Jaintia Hills,2011,2024,Meghalaya
Jaintia Hills,West Jaintia Hills,2011,2024,Meghalaya
Jaintia Hills,East Jaintia Hills,2011,2024,Meghalaya
Jaipur,Jaipur,1951,1961,Rajasthan
Jaipur,Jaipur,1951,1961,Rajasthan
Jaipur,Jaipur,1961,1971,Rajasthan
Jaipur,Jaipur,1961,1971,Rajasthan
Jaipur,Jaipur,1971,1981,Rajasthan
Jaipur,Jaipur,1971,1981,Rajasthan
Jaipur,Jaipur,1981,1991,Rajasthan
Jaipur,Jaipur,1981,1991,Rajasthan
Jaipur,Dausa,1991,2001,Rajasthan
Jaipur,Jaipur,1991,2001,Rajasthan
Jaipur,Jaipur,2001,2011,Rajasthan
Jaipur,Jaipur,2011,2024,Rajasthan
Jaisalmer,Jaisalmer,1951,1961,Rajasthan
Jaisalmer,Jaisalmer,1961,1971,Rajasthan
Jaisalmer,Jaisalmer,1971,1981,Rajasthan
Jaisalmer,Jaisalmer,1981,1991,Rajasthan
Jaisalmer,Jaisalmer,1991,2001,Rajasthan
Jaisalmer,Jaisalmer,2001,2011,Rajasthan
Jaisalmer,Jaisalmer,2011,2024,Rajasthan
Jajapur,Jajapur,2001,2011,Odisha
Jajapur,Jajapur,2011,2024,Odisha
Jalandhar,Jalandhar,1981,1991,Punjab
Jalandhar,Jalandhar,1981,1991,Punjab
Jalandhar,Jalandhar,1991,2001,Punjab
Jalandhar,Nawanshahr,1991,2001,Punjab
Jalandhar,Jalandhar,2001,2011,Punjab
Jalandhar,Jalandhar,2011,2024,Punjab
Jalaun,Jalaun,1951,1961,Uttar Pradesh
Jalaun,Jalaun,1961,1971,Uttar Pradesh
Jalaun,Jalaun,1971,1981,Uttar Pradesh
Jalaun,Jalaun,1981,1991,Uttar Pradesh
Jalaun,Jalaun,1991,2001,Uttar Pradesh
Jalaun,Jalaun,2001,2011,Uttar Pradesh
Jalaun,Jalaun,2011,2024,Uttar Pradesh
Jalgaon,Jalgaon,1961,1971,Maharashtra
Jalgaon,Jalgaon,1971,1981,Maharashtra
Jalgaon,Jalgaon,1981,1991,Maharashtra
Jalgaon,Jalgaon,1991,2001,Maharashtra
Jalgaon,Jalgaon,2001,2011,Maharashtra
Jalgaon,Jalgaon,2011,2024,Maharashtra
Jalna,Jalna,1991,2001,Maharashtra
Jalna,Jalna,2001,2011,Maharashtra
Jalna,Jalna,2011,2024,Maharashtra
Jalor,Jalor,1961,1971,Rajasthan
Jalor,Jalor,1971,1981,Rajasthan
Jalor,Jalor,1981,1991,Rajasthan
Jalor,Jalor,1991,2001,Rajasthan
Jalor,Jalor,2001,2011,Rajasthan
Jalor,Jalor,2011,2024,Rajasthan
Jalore,Jalor,1951,1961,Rajasthan
Jalpaiguri,Jalpaiguri,1951,1961,West Bengal
Jalpaiguri,Jalpaiguri,1951,1961,West Bengal
Jalpaiguri,Jalpaiguri,1961,1971,West Bengal
Jalpaiguri,Jalpaiguri,1961,1971,West Bengal
Jalpaiguri,Jalpaiguri,1971,1981,West Bengal
Jalpaiguri,Jalpaiguri,1971,1981,West Bengal
Jalpaiguri,Jalpaiguri,1981,1991,West Bengal
Jalpaiguri,Jalpaiguri,1981,1991,West Bengal
Jalpaiguri,Jalpaiguri,1991,2001,West Bengal
Jalpaiguri,Jalpaiguri,1991,2001,West Bengal
Jalpaiguri,Jalpaiguri,2001,2011,West Bengal
Jalpaiguri,Jalpaiguri,2001,2011,West Bengal
Jalpaiguri,Jalpaiguri,2011,2024,West Bengal
Jalpaiguri,Alipurduar,2011,2024,West Bengal
Jammu,Jammu,1961,1971,Jammu & Kashmir
Jammu,Jammu,1961,1971,Jammu & Kashmir
Jammu,Jammu,1971,1981,Jammu & Kashmir
Jammu,Jammu,1971,1981,Jammu & Kashmir
Jammu,Jammu,1981,1991,Jammu & Kashmir
Jammu,Jammu,1981,1991,Jammu & Kashmir
Jammu,Jammu,1991,2001,Jammu & Kashmir
Jammu,Jammu,1991,2001,Jammu & Kashmir
Jammu,Jammu,2001,2011,Jammu & Kashmir
Jammu,Samba,2001,2011,Jammu & Kashmir
Jammu,Jammu,2011,2024,Jammu & Kashmir
Jammu and Kashmir,Baramulla,1951,1961,Jammu & Kashmir
Jammu and Kashmir,Srinagar,1951,1961,Jammu & Kashmir
Jammu and Kashmir,Ladakh,1951,1961,Jammu & Kashmir
Jammu and Kashmir,Ladakh,1951,1961,Jammu & Kashmir
Jammu and Kashmir,Poonch,1951,1961,Jammu & Kashmir
Jammu and Kashmir,Poonch,1951,1961,Jammu & Kashmir
Jammu and Kashmir,Kathua,1951,1961,Jammu & Kashmir
Jammu and Kashmir,Baramulla,1951,1961,Jammu & Kashmir
Jammu and Kashmir,Baramulla,1951,1961,Jammu & Kashmir
Jammu and Kashmir,Srinagar,1951,1961,Jammu & Kashmir
Jammu and Kashmir,Baramulla,1951,1961,Jammu & Kashmir
Jammu and Kashmir,Srinagar,1951,1961,Jammu & Kashmir
Jammu and Kashmir,Srinagar,1951,1961,Jammu & Kashmir
Jammu and Kashmir,Anantnag,1951,1961,Jammu & Kashmir
Jammu and Kashmir,Anantnag,1951,1961,Jammu & Kashmir
Jammu and Kashmir,Srinagar,1951,1961,Jammu & Kashmir
Jammu and Kashmir,Doda,1951,1961,Jammu & Kashmir
Jammu and Kashmir,Doda,1951,1961,Jammu & Kashmir
Jammu and Kashmir,Doda,1951,1961,Jammu & Kashmir
Jammu and Kashmir,Udhampur,1951,1961,Jammu & Kashmir
Jammu and Kashmir,Udhampur,1951,1961,Jammu & Kashmir
Jammu and Kashmir,Jammu,1951,1961,Jammu & Kashmir
Jammu and Kashmir,Jammu,1951,1961,Jammu & Kashmir
Jamnagar,Jamnagar,1961,1971,Gujarat
Jamnagar,Jamnagar,1961,1971,Gujarat
Jamnagar,Jamnagar,1961,1971,Gujarat
Jamnagar,Jamnagar,1971,1981,Gujarat
Jamnagar,Jamnagar,1971,1981,Gujarat
Jamnagar,Jamnagar,1971,1981,Gujarat
Jamnagar,Jamnagar,1981,1991,Gujarat
Jamnagar,Jamnagar,1981,1991,Gujarat
Jamnagar,Jamnagar,1981,1991,Gujarat
Jamnagar,Jamnagar,1991,2001,Gujarat
Jamnagar,Jamnagar,1991,2001,Gujarat
Jamnagar,Jamnagar,1991,2001,Gujarat
Jamnagar,Jamnagar,2001,2011,Gujarat
Jamnagar,Jamnagar,2001,2011,Gujarat
Jamnagar,Jamnagar,2001,2011,Gujarat
Jamnagar,Jamnagar,2011,2024,Gujarat
Jamnagar,Devbhumi Dwarka,2011,2024,Gujarat
Jamnagar,Morbi,2011,2024,Gujarat
Jamtara,Jamtara,2011,2024,Jharkhand
Jamui,Jamui,2001,2011,Bihar
Jamui,Jamui,2011,2024,Bihar
Janjgir-Champa,Janjgir-Champa,2001,2011,Chhattisgarh
Janjgir-Champa,Janjgir-Champa,2011,2024,Chhattisgarh
Jashpur,Jashpur,2001,2011,Chhattisgarh
Jashpur,Jashpur,2011,2024,Chhattisgarh
Jaunpur,Jaunpur,1951,1961,Uttar Pradesh
Jaunpur,Jaunpur,1961,1971,Uttar Pradesh
Jaunpur,Jaunpur,1971,1981,Uttar Pradesh
Jaunpur,Jaunpur,1981,1991,Uttar Pradesh
Jaunpur,Jaunpur,1991,2001,Uttar Pradesh
Jaunpur,Jaunpur,2001,2011,Uttar Pradesh
Jaunpur,Jaunpur,2011,2024,Uttar Pradesh
Jehanabad,Jehanabad,1991,2001,Bihar
Jehanabad,Jehanabad,1991,2001,Bihar
Jehanabad,Jehanabad,2001,2011,Bihar
Jehanabad,Arwal,2001,2011,Bihar
Jehanabad,Jehanabad,2011,2024,Bihar
Jhabua,Jhabua,1951,1961,Madhya Pradesh
Jhabua,Jhabua,1951,1961,Madhya Pradesh
Jhabua,Jhabua,1961,1971,Madhya Pradesh
Jhabua,Jhabua,1961,1971,Madhya Pradesh
Jhabua,Jhabua,1971,1981,Madhya Pradesh
Jhabua,Jhabua,1971,1981,Madhya Pradesh
Jhabua,Jhabua,1981,1991,Madhya Pradesh
Jhabua,Jhabua,1981,1991,Madhya Pradesh
Jhabua,Jhabua,1991,2001,Madhya Pradesh
Jhabua,Jhabua,1991,2001,Madhya Pradesh
Jhabua,Jhabua,2001,2011,Madhya Pradesh
Jhabua,Alirajpur,2001,2011,Madhya Pradesh
Jhabua,Jhabua,2011,2024,Madhya Pradesh
Jhajjar,Jhajjar,2001,2011,Haryana
Jhajjar,Jhajjar,2011,2024,Haryana
Jhalawar,Jhalawar,1951,1961,Rajasthan
Jhalawar,Jhalawar,1961,1971,Rajasthan
Jhalawar,Jhalawar,1971,1981,Rajasthan
Jhalawar,Jhalawar,1981,1991,Rajasthan
Jhalawar,Jhalawar,1991,2001,Rajasthan
Jhalawar,Jhalawar,2001,2011,Rajasthan
Jhalawar,Jhalawar,2011,2024,Rajasthan
Jhansi,Jhansi,1951,1961,Uttar Pradesh
Jhansi,Jhansi,1951,1961,Uttar Pradesh
Jhansi,Jhansi,1961,1971,Uttar Pradesh
Jhansi,Jhansi,1961,1971,Uttar Pradesh
Jhansi,Jhansi,1971,1981,Uttar Pradesh
Jhansi,Lalitpur,1971,1981,Uttar Pradesh
Jhansi,Jhansi,1981,1991,Uttar Pradesh
Jhansi,Jhansi,1991,2001,Uttar Pradesh
Jhansi,Jhansi,2001,2011,Uttar Pradesh
Jhansi,Jhansi,2011,2024,Uttar Pradesh
Jharsuguda,Jharsuguda,2001,2011,Odisha
Jharsuguda,Jharsuguda,2011,2024,Odisha
Jhunjhunu,Jhunjhunu,1951,1961,Rajasthan
Jhunjhunu,Jhunjhunun,1961,1971,Rajasthan
Jhunjhunun,Jhunjhunun,1971,1981,Rajasthan
Jhunjhunun,Jhunjhunun,1981,1991,Rajasthan
Jhunjhunun,Jhunjhunun,1991,2001,Rajasthan
Jhunjhunun,Jhunjhunun,2001,2011,Rajasthan
Jhunjhunun,Jhunjhunun,2011,2024,Rajasthan
Jind,Jind,1971,1981,Haryana
Jind,Jind,1981,1991,Haryana
Jind,Jind,1991,2001,Haryana
Jind,Jind,2001,2011,Haryana
Jind,Jind,2011,2024,Haryana
Jodhpur,Jodhpur,1951,1961,Rajasthan
Jodhpur,Jodhpur,1961,1971,Rajasthan
Jodhpur,Jodhpur,1971,1981,Rajasthan
Jodhpur,Jodhpur,1981,1991,Rajasthan
Jodhpur,Jodhpur,1991,2001,Rajasthan
Jodhpur,Jodhpur,2001,2011,Rajasthan
Jodhpur,Jodhpur,2011,2024,Rajasthan
Jorhat,Jorhat,1991,2001,Assam
Jorhat,Jorhat,1991,2001,Assam
Jorhat,Jorhat,2001,2011,Assam
Jorhat,Jorhat,2001,2011,Assam
Jorhat,Jorhat,2011,2024,Assam
Jorhat,Majuli,2011,2024,Assam
Jullundur,Jullundur,1951,1961,Punjab
Jullundur,Jullundur,1951,1961,Punjab
Jullundur,Jullundur,1961,1971,Punjab
Jullundur,Jullundur,1961,1971,Punjab
Jullundur,Jalandhar,1971,1981,Punjab
Jullundur,Jalandhar,1971,1981,Punjab
Junagadh,Junagadh,1961,1971,Gujarat
Junagadh,Junagadh,1961,1971,Gujarat
Junagadh,Junagadh,1961,1971,Gujarat
Junagadh,Junagadh,1971,1981,Gujarat
Junagadh,Junagadh,1971,1981,Gujarat
Junagadh,Junagadh,1971,1981,Gujarat
Junagadh,Junagadh,1981,1991,Gujarat
Junagadh,Junagadh,1981,1991,Gujarat
Junagadh,Junagadh,1981,1991,Gujarat
Junagadh,Junagadh,1991,2001,Gujarat
Junagadh,Porbandar,1991,2001,Gujarat
Junagadh,Junagadh,1991,2001,Gujarat
Junagadh,Junagadh,2001,2011,Gujarat
Junagadh,Junagadh,2001,2011,Gujarat
Junagadh,Junagadh,2011,2024,Gujarat
Junagadh,Gir Somnath,2011,2024,Gujarat
Jyotiba Phule Nagar,Jyotiba Phule Nagar,2001,2011,Uttar Pradesh
Jyotiba Phule Nagar,Amroha,2011,2024,Uttar Pradesh
Kabeerdham,Kabeerdham,2011,2024,Chhattisgarh
Kachchh,Kachchh,1981,1991,Gujarat
Kachchh,Kachchh,1991,2001,Gujarat
Kachchh,Kachchh,2001,2011,Gujarat
Kachchh,Kachchh,2011,2024,Gujarat
Kaimur (Bhabua),Kaimur (Bhabua),2001,2011,Bihar
Kaimur (Bhabua),Kaimur (Bhabua),2011,2024,Bihar
Kaira,Kaira,1951,1961,Gujarat
Kaira,Kaira,1951,1961,Gujarat
Kaira,Kaira,1951,1961,Gujarat
Kaira,Kheda,1961,1971,Gujarat
Kaira,Kheda,1961,1971,Gujarat
Kaira,Kheda,1961,1971,Gujarat
Kaithal,Kaithal,1991,2001,Haryana
Kaithal,Kaithal,2001,2011,Haryana
Kaithal,Kaithal,2011,2024,Haryana
Kalahandi,Kalahandi,1951,1961,Odisha
Kalahandi,Kalahandi,1951,1961,Odisha
Kalahandi,Kalahandi,1961,1971,Odisha
Kalahandi,Kalahandi,1961,1971,Odisha
Kalahandi,Kalahandi,1971,1981,Odisha
Kalahandi,Kalahandi,1971,1981,Odisha
Kalahandi,Kalahandi,1981,1991,Odisha
Kalahandi,Kalahandi,1981,1991,Odisha
Kalahandi,Nuapada,1991,2001,Odisha
Kalahandi,Kalahandi,1991,2001,Odisha
Kalahandi,Kalahandi,2001,2011,Odisha
Kalahandi,Kalahandi,2011,2024,Odisha
Kamarajar,Virudhunagar,1991,2001,Tamil Nadu
Kameng,West Kameng,1971,1981,Arunachal Pradesh
Kameng,West Kameng,1971,1981,Arunachal Pradesh
Kameng,East Kameng,1971,1981,Arunachal Pradesh
Kameng,East Kameng,1971,1981,Arunachal Pradesh
Kameng Frontier,Kameng,1961,1971,Arunachal Pradesh
Kameng Frontier,Kameng,1961,1971,Arunachal Pradesh
Kameng Frontier,Kameng,1961,1971,Arunachal Pradesh
Kameng Frontier,Kameng,1961,1971,Arunachal Pradesh
Kamrup,Kamrup,1951,1961,Assam
Kamrup,Kamrup,1951,1961,Assam
Kamrup,Kamrup,1951,1961,Assam
Kamrup,Kamrup,1951,1961,Assam
Kamrup,Kamrup,1951,1961,Assam
Kamrup,Kamrup,1951,1961,Assam
Kamrup,Kamrup,1951,1961,Assam
Kamrup,Kamrup,1951,1961,Assam
Kamrup,Kamrup,1961,1971,Assam
Kamrup,Kamrup,1961,1971,Assam
Kamrup,Kamrup,1961,1971,Assam
Kamrup,Kamrup,1961,1971,Assam
Kamrup,Kamrup,1961,1971,Assam
Kamrup,Kamrup,1961,1971,Assam
Kamrup,Kamrup,1961,1971,Assam
Kamrup,Kamrup,1961,1971,Assam
Kamrup,Kamrup,1971,1981,Assam
Kamrup,Kamrup,1971,1981,Assam
Kamrup,Kamrup,1971,1981,Assam
Kamrup,Kamrup,1971,1981,Assam
Kamrup,Kamrup,1971,1981,Assam
Kamrup,Kamrup,1971,1981,Assam
Kamrup,Kamrup,1971,1981,Assam
Kamrup,Kamrup,1971,1981,Assam
Kamrup,Barpeta,1981,1991,Assam
Kamrup,Kamrup,1981,1991,Assam
Kamrup,Kamrup,1981,1991,Assam
Kamrup,Nalbari,1981,1991,Assam
Kamrup,Barpeta,1981,1991,Assam
Kamrup,Nalbari,1981,1991,Assam
Kamrup,Kamrup,1981,1991,Assam
Kamrup,Barpeta,1981,1991,Assam
Kamrup,Kamrup,1991,2001,Assam
Kamrup,Kamrup,1991,2001,Assam
Kamrup,Kamrup,1991,2001,Assam
Kamrup,Kamrup,2001,2011,Assam
Kamrup,Kamrup Metropolitan,2001,2011,Assam
Kamrup,Baksa,2001,2011,Assam
Kamrup,Kamrup,2011,2024,Assam
Kamrup Metropolitan,Kamrup Metropolitan,2011,2024,Assam
Kanara,North Kanara,1951,1961,Karnataka
Kancheepuram,Kancheepuram,2001,2011,Tamil Nadu
Kancheepuram,Kancheepuram,2001,2011,Tamil Nadu
Kancheepuram,Kancheepuram,2011,2024,Tamil Nadu
Kancheepuram,Chengalpattu,2011,2024,Tamil Nadu
Kandhamal,Kandhamal,2001,2011,Odisha
Kandhamal,Kandhamal,2011,2024,Odisha
Kangra,Kangra,1951,1961,Himachal Pradesh
Kangra,Lahaul and Spiti,1951,1961,Himachal Pradesh
Kangra,Kangra,1951,1961,Himachal Pradesh
Kangra,Kangra,1951,1961,Himachal Pradesh
Kangra,Kangra,1951,1961,Himachal Pradesh
Kangra,Kangra,1961,1971,Himachal Pradesh
Kangra,Kulu,1961,1971,Himachal Pradesh
Kangra,Kangra,1961,1971,Himachal Pradesh
Kangra,Kangra,1961,1971,Himachal Pradesh
Kangra,Kangra,1971,1981,Himachal Pradesh
Kangra,Hamirpur,1971,1981,Himachal Pradesh
Kangra,Una,1971,1981,Himachal Pradesh
Kangra,Kangra,1981,1991,Himachal Pradesh
Kangra,Kangra,1991,2001,Himachal Pradesh
Kangra,Kangra,2001,2011,Himachal Pradesh
Kangra,Kangra,2011,2024,Himachal Pradesh
Kanker,Uttar Bastar Kanker,2001,2011,Chhattisgarh
Kannauj,Kannauj,2001,2011,Uttar Pradesh
Kannauj,Kannauj,2011,2024,Uttar Pradesh
Kanniyakumari,Kanniyakumari,1971,1981,Tamil Nadu
Kanniyakumari,Kanniyakumari,1981,1991,Tamil Nadu
Kanniyakumari,Kanniyakumari,1991,2001,Tamil Nadu
Kanniyakumari,Kanniyakumari,2001,2011,Tamil Nadu
Kanniyakumari,Kanniyakumari,2011,2024,Tamil Nadu
Kannur,Kannur,1991,2001,Kerala
Kannur,Kannur,2001,2011,Kerala
Kannur,Kannur,2011,2024,Kerala
Kanpur,Kanpur,1951,1961,Uttar Pradesh
Kanpur,Kanpur,1951,1961,Uttar Pradesh
Kanpur,Kanpur,1961,1971,Uttar Pradesh
Kanpur,Kanpur,1961,1971,Uttar Pradesh
Kanpur,Kanpur,1971,1981,Uttar Pradesh
Kanpur,Kanpur,1971,1981,Uttar Pradesh
Kanpur,Kanpur Dehat,1981,1991,Uttar Pradesh
Kanpur,Kanpur Nagar,1981,1991,Uttar Pradesh
Kanpur Dehat,Kanpur Dehat,1991,2001,Uttar Pradesh
Kanpur Dehat,Kanpur Dehat,2001,2011,Uttar Pradesh
Kanpur Dehat,Kanpur Dehat,2011,2024,Uttar Pradesh
Kanpur Nagar,Kanpur Nagar,1991,2001,Uttar Pradesh
Kanpur Nagar,Kanpur Nagar,2001,2011,Uttar Pradesh
Kanpur Nagar,Kanpur Nagar,2011,2024,Uttar Pradesh
Kanshiram Nagar,Kasganj,2011,2024,Uttar Pradesh
Kanyakumari,Kanniyakumari,1961,1971,Tamil Nadu
Kapurthala,Kapurthala,1951,1961,Punjab
Kapurthala,Kapurthala,1961,1971,Punjab
Kapurthala,Kapurthala,1971,1981,Punjab
Kapurthala,Kapurthala,1981,1991,Punjab
Kapurthala,Kapurthala,1991,2001,Punjab
Kapurthala,Kapurthala,2001,2011,Punjab
Kapurthala,Kapurthala,2011,2024,Punjab
Karaikal,Karaikal,1951,1961,Puducherry
Karaikal,Karaikal,1961,1971,Puducherry
Karaikal,Karaikal,1971,1981,Puducherry
Karaikal,Karaikal,1981,1991,Puducherry
Karaikal,Karaikal,1991,2001,Puducherry
Karaikal,Karaikal,2001,2011,Puducherry
Karaikal,Karaikal,2011,2024,Puducherry
Karauli,Karauli,2001,2011,Rajasthan
Karauli,Karauli,2011,2024,Rajasthan
Karbi Anglong,Karbi Anglong,1981,1991,Assam
Karbi Anglong,Karbi Anglong,1981,1991,Assam
Karbi Anglong,Karbi Anglong,1991,2001,Assam
Karbi Anglong,Karbi Anglong,1991,2001,Assam
Karbi Anglong,Karbi Anglong,2001,2011,Assam
Karbi Anglong,Karbi Anglong,2001,2011,Assam
Karbi Anglong,Karbi Anglong,2011,2024,Assam
Karbi Anglong,West Karbi Anglong,2011,2024,Assam
Kargil,Kargil,1981,1991,Jammu & Kashmir
Kargil,Kargil,1991,2001,Jammu & Kashmir
Kargil,Kargil,2001,2011,Jammu & Kashmir
Kargil,Kargil,2011,2024,Jammu & Kashmir
Karimganj,Karimganj,1991,2001,Assam
Karimganj,Karimganj,2001,2011,Assam
Karimganj,Karimganj,2011,2024,Assam
Karimnagar,Karimnagar,1951,1961,Telangana
Karimnagar,Karimnagar,1951,1961,Telangana
Karimnagar,Karimnagar,1951,1961,Telangana
Karimnagar,Karimnagar,1951,1961,Telangana
Karimnagar,Karimnagar,1951,1961,Telangana
Karimnagar,Karimnagar,1951,1961,Telangana
Karimnagar,Karimnagar,1961,1971,Telangana
Karimnagar,Karimnagar,1961,1971,Telangana
Karimnagar,Karimnagar,1961,1971,Telangana
Karimnagar,Karimnagar,1961,1971,Telangana
Karimnagar,Karimnagar,1961,1971,Telangana
Karimnagar,Karimnagar,1961,1971,Telangana
Karimnagar,Karimnagar,1971,1981,Telangana
Karimnagar,Karimnagar,1971,1981,Telangana
Karimnagar,Karimnagar,1971,1981,Telangana
Karimnagar,Karimnagar,1971,1981,Telangana
Karimnagar,Karimnagar,1971,1981,Telangana
Karimnagar,Karimnagar,1971,1981,Telangana
Karimnagar,Karimnagar,1981,1991,Telangana
Karimnagar,Karimnagar,1981,1991,Telangana
Karimnagar,Karimnagar,1981,1991,Telangana
Karimnagar,Karimnagar,1981,1991,Telangana
Karimnagar,Karimnagar,1981,1991,Telangana
Karimnagar,Karimnagar,1981,1991,Telangana
Karimnagar,Karimnagar,1991,2001,Telangana
Karimnagar,Karimnagar,1991,2001,Telangana
Karimnagar,Karimnagar,1991,2001,Telangana
Karimnagar,Karimnagar,1991,2001,Telangana
Karimnagar,Karimnagar,1991,2001,Telangana
Karimnagar,Karimnagar,1991,2001,Telangana
Karimnagar,Karimnagar,2001,2011,Telangana
Karimnagar,Karimnagar,2001,2011,Telangana
Karimnagar,Karimnagar,2001,2011,Telangana
Karimnagar,Karimnagar,2001,2011,Telangana
Karimnagar,Karimnagar,2001,2011,Telangana
Karimnagar,Karimnagar,2001,2011,Telangana
Karimnagar,Karimnagar,2011,2024,Telangana
Karimnagar,Jagtial,2011,2024,Telangana
Karimnagar,Peddapalli,2011,2024,Telangana
Karimnagar,Rajanna Sircilla,2011,2024,Telangana
Karimnagar,Jayashankar Bhupalpally,2011,2024,Telangana
Karimnagar,Siddipet,2011,2024,Telangana
Karnal,Karnal,1951,1961,Haryana
Karnal,Karnal,1951,1961,Haryana
Karnal,Karnal,1951,1961,Haryana
Karnal,Karnal,1961,1971,Haryana
Karnal,Karnal,1961,1971,Haryana
Karnal,Karnal,1961,1971,Haryana
Karnal,Kurukshetra,1971,1981,Haryana
Karnal,Kurukshetra,1971,1981,Haryana
Karnal,Karnal,1971,1981,Haryana
Karnal,Karnal,1981,1991,Haryana
Karnal,Panipat,1981,1991,Haryana
Karnal,Karnal,1991,2001,Haryana
Karnal,Karnal,2001,2011,Haryana
Karnal,Karnal,2011,2024,Haryana
Karur,Karur,2001,2011,Tamil Nadu
Karur,Karur,2011,2024,Tamil Nadu
Kasargod,Kasargod,1991,2001,Kerala
Kasargod,Kasargod,2001,2011,Kerala
Kasargod,Kasargod,2011,2024,Kerala
Kathua,Kathua,1961,1971,Jammu & Kashmir
Kathua,Kathua,1971,1981,Jammu & Kashmir
Kathua,Kathua,1981,1991,Jammu & Kashmir
Kathua,Kathua,1991,2001,Jammu & Kashmir
Kathua,Kathua,2001,2011,Jammu & Kashmir
Kathua,Kathua,2011,2024,Jammu & Kashmir
Katihar,Katihar,1981,1991,Bihar
Katihar,Katihar,1991,2001,Bihar
Katihar,Katihar,2001,2011,Bihar
Katihar,Katihar,2011,2024,Bihar
Katni,Katni,2001,2011,Madhya Pradesh
Katni,Katni,2011,2024,Madhya Pradesh
Kaushambi,Kaushambi,2001,2011,Uttar Pradesh
Kaushambi,Kaushambi,2011,2024,Uttar Pradesh
Kawardha,Kabeerdham,2001,2011,Chhattisgarh
Kendrapara,Kendrapara,2001,2011,Odisha
Kendrapara,Kendrapara,2011,2024,Odisha
Kendujhar,Kendujhar,1981,1991,Odisha
Kendujhar,Kendujhar,1991,2001,Odisha
Kendujhar,Kendujhar,2001,2011,Odisha
Kendujhar,Kendujhar,2011,2024,Odisha
Keonjhar,Keonjhar,1951,1961,Odisha
Keonjhar,Keonjhar,1961,1971,Odisha
Keonjhar,Kendujhar,1971,1981,Odisha
Khagaria,Khagaria,1991,2001,Bihar
Khagaria,Khagaria,2001,2011,Bihar
Khagaria,Khagaria,2011,2024,Bihar
Khammam,Khammam,1961,1971,Telangana
Khammam,Khammam,1961,1971,Telangana
Khammam,Khammam,1961,1971,Telangana
Khammam,Khammam,1961,1971,Telangana
Khammam,Khammam,1971,1981,Telangana
Khammam,Khammam,1971,1981,Telangana
Khammam,Khammam,1971,1981,Telangana
Khammam,Khammam,1971,1981,Telangana
Khammam,Khammam,1981,1991,Telangana
Khammam,Khammam,1981,1991,Telangana
Khammam,Khammam,1981,1991,Telangana
Khammam,Khammam,1981,1991,Telangana
Khammam,Khammam,1991,2001,Telangana
Khammam,Khammam,1991,2001,Telangana
Khammam,Khammam,1991,2001,Telangana
Khammam,Khammam,1991,2001,Telangana
Khammam,Khammam,2001,2011,Telangana
Khammam,Khammam,2001,2011,Telangana
Khammam,Khammam,2001,2011,Telangana
Khammam,Khammam,2001,2011,Telangana
Khammam,Khammam,2011,2024,Telangana
Khammam,Mulugu,2011,2024,Telangana
Khammam,Bhadradri Kothagudem,2011,2024,Telangana
Khammam,Mahabubabad,2011,2024,Telangana
Khandwa,East Nimar,1971,1981,Madhya Pradesh
Khandwa,East Nimar,1971,1981,Madhya Pradesh
Khandwa (East Nimar),Khandwa (East Nimar),2011,2024,Madhya Pradesh
Khargone,West Nimar,1971,1981,Madhya Pradesh
Khargone,West Nimar,1971,1981,Madhya Pradesh
Khargone (West Nimar),Khargone (West Nimar),2011,2024,Madhya Pradesh
Kheda,Kheda,1971,1981,Gujarat
Kheda,Kheda,1971,1981,Gujarat
Kheda,Kheda,1971,1981,Gujarat
Kheda,Kheda,1981,1991,Gujarat
Kheda,Kheda,1981,1991,Gujarat
Kheda,Kheda,1981,1991,Gujarat
Kheda,Anand,1991,2001,Gujarat
Kheda,Kheda,1991,2001,Gujarat
Kheda,Kheda,1991,2001,Gujarat
Kheda,Kheda,2001,2011,Gujarat
Kheda,Kheda,2001,2011,Gujarat
Kheda,Kheda,2011,2024,Gujarat
Kheda,Mahisagar,2011,2024,Gujarat
Kheri,Kheri,1951,1961,Uttar Pradesh
Kheri,Kheri,1961,1971,Uttar Pradesh
Kheri,Kheri,1971,1981,Uttar Pradesh
Kheri,Kheri,1981,1991,Uttar Pradesh
Kheri,Kheri,1991,2001,Uttar Pradesh
Kheri,Kheri,2001,2011,Uttar Pradesh
Kheri,Kheri,2011,2024,Uttar Pradesh
Khordha,Khordha,2001,2011,Odisha
Khordha,Khordha,2011,2024,Odisha
Khunti,Khunti,2011,2024,Jharkhand
Kinnaur,Kinnaur,1961,1971,Himachal Pradesh
Kinnaur,Kinnaur,1971,1981,Himachal Pradesh
Kinnaur,Kinnaur,1981,1991,Himachal Pradesh
Kinnaur,Kinnaur,1991,2001,Himachal Pradesh
Kinnaur,Kinnaur,2001,2011,Himachal Pradesh
Kinnaur,Kinnaur,2011,2024,Himachal Pradesh
Kiphire,Kiphire,2011,2024,Nagaland
Kishanganj,Kishanganj,1991,2001,Bihar
Kishanganj,Kishanganj,2001,2011,Bihar
Kishanganj,Kishanganj,2011,2024,Bihar
Kishtwar,Kishtwar,2011,2024,Jammu & Kashmir
Koch Bihar,Koch Bihar,1981,1991,West Bengal
Koch Bihar,Koch Bihar,1991,2001,West Bengal
Koch Bihar,Koch Bihar,2001,2011,West Bengal
Koch Bihar,Koch Bihar,2011,2024,West Bengal
Kodagu,Kodagu,1981,1991,Karnataka
Kodagu,Kodagu,1991,2001,Karnataka
Kodagu,Kodagu,2001,2011,Karnataka
Kodagu,Kodagu,2011,2024,Karnataka
Kodarma,Kodarma,2001,2011,Jharkhand
Kodarma,Kodarma,2011,2024,Jharkhand
Kohima,Kohima,1961,1971,Nagaland
Kohima,Kohima,1961,1971,Nagaland
Kohima,Kohima,1961,1971,Nagaland
Kohima,Kohima,1961,1971,Nagaland
Kohima,Kohima,1961,1971,Nagaland
Kohima,Kohima,1961,1971,Nagaland
Kohima,Kohima,1961,1971,Nagaland
Kohima,Kohima,1971,1981,Nagaland
Kohima,Phek,1971,1981,Nagaland
Kohima,Kohima,1971,1981,Nagaland
Kohima,Kohima,1971,1981,Nagaland
Kohima,Kohima,1971,1981,Nagaland
Kohima,Kohima,1971,1981,Nagaland
Kohima,Kohima,1971,1981,Nagaland
Kohima,Kohima,1981,1991,Nagaland
Kohima,Kohima,1981,1991,Nagaland
Kohima,Kohima,1981,1991,Nagaland
Kohima,Kohima,1981,1991,Nagaland
Kohima,Kohima,1981,1991,Nagaland
Kohima,Kohima,1981,1991,Nagaland
Kohima,Dimapur,1991,2001,Nagaland
Kohima,Kohima,1991,2001,Nagaland
Kohima,Kohima,1991,2001,Nagaland
Kohima,Dimapur,1991,2001,Nagaland
Kohima,Dimapur,1991,2001,Nagaland
Kohima,Kohima,1991,2001,Nagaland
Kohima,Kohima,2001,2011,Nagaland
Kohima,Peren,2001,2011,Nagaland
Kohima,Kohima,2001,2011,Nagaland
Kohima,Kohima,2011,2024,Nagaland
Kohima,Tseminyü,2011,2024,Nagaland
Kohistan,Simla,1951,1961,Himachal Pradesh
Kokrajhar,Kokrajhar,1991,2001,Assam
Kokrajhar,Kokrajhar,1991,2001,Assam
Kokrajhar,Kokrajhar,2001,2011,Assam
Kokrajhar,Chirang,2001,2011,Assam
Kokrajhar,Kokrajhar,2011,2024,Assam
Kolaba,Kolaba,1951,1961,Maharashtra
Kolaba,Kolaba,1961,1971,Maharashtra
Kolaba,Raigarh,1971,1981,Maharashtra
Kolar,Kolar,1951,1961,Karnataka
Kolar,Kolar,1951,1961,Karnataka
Kolar,Kolar,1961,1971,Karnataka
Kolar,Kolar,1961,1971,Karnataka
Kolar,Kolar,1971,1981,Karnataka
Kolar,Kolar,1971,1981,Karnataka
Kolar,Kolar,1981,1991,Karnataka
Kolar,Kolar,1981,1991,Karnataka
Kolar,Kolar,1991,2001,Karnataka
Kolar,Kolar,1991,2001,Karnataka
Kolar,Chikkaballapura,2001,2011,Karnataka
Kolar,Kolar,2001,2011,Karnataka
Kolar,Kolar,2011,2024,Karnataka
Kolasib,Kolasib,2001,2011,Mizoram
Kolasib,Kolasib,2011,2024,Mizoram
Kolhapur,Kolhapur,1951,1961,Maharashtra
Kolhapur,Kolhapur,1961,1971,Maharashtra
Kolhapur,Kolhapur,1971,1981,Maharashtra
Kolhapur,Kolhapur,1981,1991,Maharashtra
Kolhapur,Kolhapur,1991,2001,Maharashtra
Kolhapur,Kolhapur,2001,2011,Maharashtra
Kolhapur,Kolhapur,2011,2024,Maharashtra
Kolkata,Kolkata,2001,2011,West Bengal
Kolkata,Kolkata,2011,2024,West Bengal
Kollam,Kollam,1991,2001,Kerala
Kollam,Kollam,2001,2011,Kerala
Kollam,Kollam,2011,2024,Kerala
Koppal,Koppal,2001,2011,Karnataka
Koppal,Koppal,2011,2024,Karnataka
Koraput,Koraput,1951,1961,Odisha
Koraput,Koraput,1951,1961,Odisha
Koraput,Koraput,1951,1961,Odisha
Koraput,Koraput,1951,1961,Odisha
Koraput,Koraput,1961,1971,Odisha
Koraput,Koraput,1961,1971,Odisha
Koraput,Koraput,1961,1971,Odisha
Koraput,Koraput,1961,1971,Odisha
Koraput,Koraput,1971,1981,Odisha
Koraput,Koraput,1971,1981,Odisha
Koraput,Koraput,1971,1981,Odisha
Koraput,Koraput,1971,1981,Odisha
Koraput,Koraput,1981,1991,Odisha
Koraput,Koraput,1981,1991,Odisha
Koraput,Koraput,1981,1991,Odisha
Koraput,Koraput,1981,1991,Odisha
Koraput,Rayagada,1991,2001,Odisha
Koraput,Nabarangapur,1991,2001,Odisha
Koraput,Koraput,1991,2001,Odisha
Koraput,Malkangiri,1991,2001,Odisha
Koraput,Koraput,2001,2011,Odisha
Koraput,Koraput,2011,2024,Odisha
Korba,Korba,2001,2011,Chhattisgarh
Korba,Korba,2011,2024,Chhattisgarh
Koriya,Koriya,2001,2011,Chhattisgarh
Koriya,Koriya,2011,2024,Chhattisgarh
Kota,Kota,1961,1971,Rajasthan
Kota,Kota,1961,1971,Rajasthan
Kota,Kota,1971,1981,Rajasthan
Kota,Kota,1971,1981,Rajasthan
Kota,Kota,1981,1991,Rajasthan
Kota,Kota,1981,1991,Rajasthan
Kota,Kota,1991,2001,Rajasthan
Kota,Baran,1991,2001,Rajasthan
Kota,Kota,2001,2011,Rajasthan
Kota,Kota,2011,2024,Rajasthan
Kotah,Kota,1951,1961,Rajasthan
Kotah,Kota,1951,1961,Rajasthan
Kottayam,Ernakulam,1951,1961,Kerala
Kottayam,Kottayam,1951,1961,Kerala
Kottayam,Kottayam,1951,1961,Kerala
Kottayam,Kottayam,1951,1961,Kerala
Kottayam,Alleppey,1951,1961,Kerala
Kottayam,Kottayam,1961,1971,Kerala
Kottayam,Kottayam,1961,1971,Kerala
Kottayam,Kottayam,1961,1971,Kerala
Kottayam,Idukki,1971,1981,Kerala
Kottayam,Idukki,1971,1981,Kerala
Kottayam,Kottayam,1971,1981,Kerala
Kottayam,Kottayam,1981,1991,Kerala
Kottayam,Kottayam,1991,2001,Kerala
Kottayam,Kottayam,2001,2011,Kerala
Kottayam,Kottayam,2011,2024,Kerala
Kozhikode,Kozhikode,1961,1971,Kerala
Kozhikode,Kozhikode,1961,1971,Kerala
Kozhikode,Malappuram,1961,1971,Kerala
Kozhikode,Wayanad,1971,1981,Kerala
Kozhikode,Kozhikode,1971,1981,Kerala
Kozhikode,Kozhikode,1981,1991,Kerala
Kozhikode,Kozhikode,1991,2001,Kerala
Kozhikode,Kozhikode,2001,2011,Kerala
Kozhikode,Kozhikode,2011,2024,Kerala
Krishna,Krishna,1951,1961,Andhra Pradesh
Krishna,Krishna,1951,1961,Andhra Pradesh
Krishna,Krishna,1961,1971,Andhra Pradesh
Krishna,Krishna,1961,1971,Andhra Pradesh
Krishna,Krishna,1971,1981,Andhra Pradesh
Krishna,Krishna,1971,1981,Andhra Pradesh
Krishna,Krishna,1981,1991,Andhra Pradesh
Krishna,Krishna,1981,1991,Andhra Pradesh
Krishna,Krishna,1991,2001,Andhra Pradesh
Krishna,Krishna,1991,2001,Andhra Pradesh
Krishna,Krishna,2001,2011,Andhra Pradesh
Krishna,Krishna,2001,2011,Andhra Pradesh
Krishna,Krishna,2011,2024,Andhra Pradesh
Krishna,NTR,2011,2024,Andhra Pradesh
Krishnagiri,Krishnagiri,2011,2024,Tamil Nadu
Kulgam,Kulgam,2011,2024,Jammu & Kashmir
Kulgam,Kulgam,2011,2024,Jammu & Kashmir
Kullu,Kullu,1981,1991,Himachal Pradesh
Kullu,Kullu,1991,2001,Himachal Pradesh
Kullu,Kullu,2001,2011,Himachal Pradesh
Kullu,Kullu,2011,2024,Himachal Pradesh
Kulu,Kullu,1971,1981,Himachal Pradesh
Kupwara,Kupwara,1981,1991,Jammu & Kashmir
Kupwara,Kupwara,1991,2001,Jammu & Kashmir
Kupwara,Kupwara,2001,2011,Jammu & Kashmir
Kupwara,Kupwara,2011,2024,Jammu & Kashmir
Kurnool,Kurnool,1951,1961,Andhra Pradesh
Kurnool,Kurnool,1951,1961,Andhra Pradesh
Kurnool,Kurnool,1961,1971,Andhra Pradesh
Kurnool,Kurnool,1961,1971,Andhra Pradesh
Kurnool,Kurnool,1971,1981,Andhra Pradesh
Kurnool,Kurnool,1971,1981,Andhra Pradesh
Kurnool,Kurnool,1981,1991,Andhra Pradesh
Kurnool,Kurnool,1981,1991,Andhra Pradesh
Kurnool,Kurnool,1991,2001,Andhra Pradesh
Kurnool,Kurnool,1991,2001,Andhra Pradesh
Kurnool,Kurnool,2001,2011,Andhra Pradesh
Kurnool,Kurnool,2001,2011,Andhra Pradesh
Kurnool,Kurnool,2011,2024,Andhra Pradesh
Kurnool,Nandyal,2011,2024,Andhra Pradesh
Kurukshetra,Kurukshetra,1981,1991,Haryana
Kurukshetra,Kaithal,1981,1991,Haryana
Kurukshetra,Kurukshetra,1991,2001,Haryana
Kurukshetra,Kurukshetra,2001,2011,Haryana
Kurukshetra,Kurukshetra,2011,2024,Haryana
Kurung Kumey,Kurung Kumey,2011,2024,Arunachal Pradesh
Kurung Kumey,Kra Daadi,2011,2024,Arunachal Pradesh
Kushinagar,Kushinagar,2001,2011,Uttar Pradesh
Kushinagar,Kushinagar,2011,2024,Uttar Pradesh
Kutch,Kutch,1951,1961,Gujarat
Kutch,Kutch,1961,1971,Gujarat
Kutch,Kachchh,1971,1981,Gujarat
"Laccadive, Minicoy and Amindivi Islands","Laccadive, Minicoy and Amindivi Islands",1951,1961,Lakshadweep
"Laccadive, Minicoy and Amindivi Islands","Laccadive, Minicoy and Amindivi Islands",1961,1971,Lakshadweep
"Laccadive, Minicoy and Amindivi Islands",Lakshadweep,1971,1981,Lakshadweep
Ladakh,Ladakh,1961,1971,Jammu & Kashmir
Ladakh,Ladakh,1961,1971,Jammu & Kashmir
Ladakh,Ladakh,1971,1981,Jammu & Kashmir
Ladakh,Kargil,1971,1981,Jammu & Kashmir
Ladakh,Ladakh,1981,1991,Jammu & Kashmir
Ladakh,Leh (Ladakh),1991,2001,Jammu & Kashmir
Lahaul and Spiti,Lahul and Spiti,1961,1971,Himachal Pradesh
Lahul & Spiti,Lahul & Spiti,2011,2024,Himachal Pradesh
Lahul and Spiti,Lahul and Spiti,1971,1981,Himachal Pradesh
Lahul and Spiti,Lahul and Spiti,1981,1991,Himachal Pradesh
Lahul and Spiti,Lahul and Spiti,1991,2001,Himachal Pradesh
Lahul and Spiti,Lahul & Spiti,2001,2011,Himachal Pradesh
Lakhimpur,Lakhimpur,1951,1961,Assam
Lakhimpur,Lakhimpur,1951,1961,Assam
Lakhimpur,Lakhimpur,1951,1961,Assam
Lakhimpur,Lakhimpur,1951,1961,Assam
Lakhimpur,Lakhimpur,1961,1971,Assam
Lakhimpur,Lakhimpur,1961,1971,Assam
Lakhimpur,Lakhimpur,1961,1971,Assam
Lakhimpur,Lakhimpur,1961,1971,Assam
Lakhimpur,Lakhimpur,1971,1981,Assam
Lakhimpur,Lakhimpur,1971,1981,Assam
Lakhimpur,Dibrugarh,1971,1981,Assam
Lakhimpur,Dibrugarh,1971,1981,Assam
Lakhimpur,Lakhimpur,1981,1991,Assam
Lakhimpur,Dhemaji,1981,1991,Assam
Lakhimpur,Lakhimpur,1991,2001,Assam
Lakhimpur,Lakhimpur,2001,2011,Assam
Lakhimpur,Lakhimpur,2011,2024,Assam
Lakhisarai,Lakhisarai,2001,2011,Bihar
Lakhisarai,Lakhisarai,2011,2024,Bihar
Lakshadweep,Lakshadweep,1981,1991,Lakshadweep
Lakshadweep,Lakshadweep,1991,2001,Lakshadweep
Lakshadweep,Lakshadweep,2001,2011,Lakshadweep
Lakshadweep,Lakshadweep,2011,2024,Lakshadweep
Lalitpur,Lalitpur,1981,1991,Uttar Pradesh
Lalitpur,Lalitpur,1991,2001,Uttar Pradesh
Lalitpur,Lalitpur,2001,2011,Uttar Pradesh
Lalitpur,Lalitpur,2011,2024,Uttar Pradesh
Latehar,Latehar,2011,2024,Jharkhand
Latur,Latur,1991,2001,Maharashtra
Latur,Latur,2001,2011,Maharashtra
Latur,Latur,2011,2024,Maharashtra
Lawngtlai,Lawngtlai,2001,2011,Mizoram
Lawngtlai,Lawngtlai,2011,2024,Mizoram
Leh (Ladakh),Leh (Ladakh),2001,2011,Jammu & Kashmir
Leh (Ladakh),Leh (Ladakh),2011,2024,Jammu & Kashmir
Lohardaga,Lohardaga,1991,2001,Jharkhand
Lohardaga,Lohardaga,2001,2011,Jharkhand
Lohardaga,Lohardaga,2011,2024,Jharkhand
Lohit,Lohit,1971,1981,Arunachal Pradesh
Lohit,Lohit,1971,1981,Arunachal Pradesh
Lohit,Lohit,1971,1981,Arunachal Pradesh
Lohit,Lohit,1981,1991,Arunachal Pradesh
Lohit,Lohit,1981,1991,Arunachal Pradesh
Lohit,Lohit,1981,1991,Arunachal Pradesh
Lohit,Lohit,1991,2001,Arunachal Pradesh
Lohit,Lohit,1991,2001,Arunachal Pradesh
Lohit,Lohit,1991,2001,Arunachal Pradesh
Lohit,Lohit,2001,2011,Arunachal Pradesh
Lohit,Lohit,2001,2011,Arunachal Pradesh
Lohit,Anjaw,2001,2011,Arunachal Pradesh
Lohit,Lohit,2011,2024,Arunachal Pradesh
Lohit,Namsai,2011,2024,Arunachal Pradesh
Lohit Frontier Division,Lohit,1961,1971,Arunachal Pradesh
Lohit Frontier Division,Lohit,1961,1971,Arunachal Pradesh
Lohit Frontier Division,Lohit,1961,1971,Arunachal Pradesh
Longleng,Longleng,2011,2024,Nagaland
Lower Dibang Valley,Lower Dibang Valley,2011,2024,Arunachal Pradesh
Lower Subansiri,Lower Subansiri,1981,1991,Arunachal Pradesh
Lower Subansiri,Lower Subansiri,1981,1991,Arunachal Pradesh
Lower Subansiri,Lower Subansiri,1981,1991,Arunachal Pradesh
Lower Subansiri,Lower Subansiri,1981,1991,Arunachal Pradesh
Lower Subansiri,Lower Subansiri,1981,1991,Arunachal Pradesh
Lower Subansiri,Papum Pare,1991,2001,Arunachal Pradesh
Lower Subansiri,Lower Subansiri,1991,2001,Arunachal Pradesh
Lower Subansiri,Lower Subansiri,1991,2001,Arunachal Pradesh
Lower Subansiri,Lower Subansiri,1991,2001,Arunachal Pradesh
Lower Subansiri,Lower Subansiri,1991,2001,Arunachal Pradesh
Lower Subansiri,Lower Subansiri,2001,2011,Arunachal Pradesh
Lower Subansiri,Lower Subansiri,2001,2011,Arunachal Pradesh
Lower Subansiri,Kurung Kumey,2001,2011,Arunachal Pradesh
Lower Subansiri,Kurung Kumey,2001,2011,Arunachal Pradesh
Lower Subansiri,Lower Subansiri,2011,2024,Arunachal Pradesh
Lower Subansiri,Kamle,2011,2024,Arunachal Pradesh
Lucknow,Lucknow,1951,1961,Uttar Pradesh
Lucknow,Lucknow,1961,1971,Uttar Pradesh
Lucknow,Lucknow,1971,1981,Uttar Pradesh
Lucknow,Lucknow,1981,1991,Uttar Pradesh
Lucknow,Lucknow,1991,2001,Uttar Pradesh
Lucknow,Lucknow,2001,2011,Uttar Pradesh
Lucknow,Lucknow,2011,2024,Uttar Pradesh
Ludhiana,Ludhiana,1951,1961,Punjab
Ludhiana,Ludhiana,1961,1971,Punjab
Ludhiana,Ludhiana,1971,1981,Punjab
Ludhiana,Ludhiana,1981,1991,Punjab
Ludhiana,Ludhiana,1991,2001,Punjab
Ludhiana,Ludhiana,2001,2011,Punjab
Ludhiana,Ludhiana,2011,2024,Punjab
Lunglei,Lunglei,1981,1991,Mizoram
Lunglei,Lunglei,1981,1991,Mizoram
Lunglei,Lunglei,1991,2001,Mizoram
Lunglei,Lunglei,1991,2001,Mizoram
Lunglei,Lunglei,2001,2011,Mizoram
Lunglei,Lunglei,2001,2011,Mizoram
Lunglei,Lunglei,2011,2024,Mizoram
Lunglei,Hnathial,2011,2024,Mizoram
Lushai Hills,Mizo Hills,1951,1961,Mizoram
Lushai Hills,Mizo Hills,1951,1961,Mizoram
Lushai Hills,Mizo Hills,1951,1961,Mizoram
Lushai Hills,Mizo Hills,1951,1961,Mizoram
Lushai Hills,Mizo Hills,1951,1961,Mizoram
Lushai Hills,Mizo Hills,1951,1961,Mizoram
Lushai Hills,Mizo Hills,1951,1961,Mizoram
Lushai Hills,Mizo Hills,1951,1961,Mizoram
Lushai Hills,Mizo Hills,1951,1961,Mizoram
Lushai Hills,Mizo Hills,1951,1961,Mizoram
Lushai Hills,Mizo Hills,1951,1961,Mizoram
Madhepura,Madhepura,1991,2001,Bihar
Madhepura,Madhepura,2001,2011,Bihar
Madhepura,Madhepura,2011,2024,Bihar
Madhubani,Madhubani,1981,1991,Bihar
Madhubani,Madhubani,1991,2001,Bihar
Madhubani,Madhubani,2001,2011,Bihar
Madhubani,Madhubani,2011,2024,Bihar
Madras,Madras,1951,1961,Tamil Nadu
Madras,Madras,1961,1971,Tamil Nadu
Madras,Madras,1971,1981,Tamil Nadu
Madras,Madras,1981,1991,Tamil Nadu
Madras,Chennai,1991,2001,Tamil Nadu
Madurai,Madurai,1951,1961,Tamil Nadu
Madurai,Madurai,1951,1961,Tamil Nadu
Madurai,Madurai,1951,1961,Tamil Nadu
Madurai,Madurai,1961,1971,Tamil Nadu
Madurai,Madurai,1961,1971,Tamil Nadu
Madurai,Madurai,1961,1971,Tamil Nadu
Madurai,Madurai,1971,1981,Tamil Nadu
Madurai,Madurai,1971,1981,Tamil Nadu
Madurai,Madurai,1971,1981,Tamil Nadu
Madurai,Dindigul Anna,1981,1991,Tamil Nadu
Madurai,Madurai,1981,1991,Tamil Nadu
Madurai,Madurai,1981,1991,Tamil Nadu
Madurai,Madurai,1991,2001,Tamil Nadu
Madurai,Theni,1991,2001,Tamil Nadu
Madurai,Madurai,2001,2011,Tamil Nadu
Madurai,Madurai,2011,2024,Tamil Nadu
Mahamaya Nagar,Hathras,2011,2024,Uttar Pradesh
Maharajganj,Maharajganj,1991,2001,Uttar Pradesh
Maharajganj,Mahrajganj,2001,2011,Uttar Pradesh
Mahasamund,Mahasamund,2001,2011,Chhattisgarh
Mahasamund,Mahasamund,2011,2024,Chhattisgarh
Mahasu,Mahasu,1951,1961,Himachal Pradesh
Mahasu,Mahasu,1951,1961,Himachal Pradesh
Mahasu,Kinnaur,1951,1961,Himachal Pradesh
Mahasu,Mahasu,1961,1971,Himachal Pradesh
Mahasu,Mahasu,1961,1971,Himachal Pradesh
Mahasu,Mahasu,1961,1971,Himachal Pradesh
Mahasu,Solan,1971,1981,Himachal Pradesh
Mahasu,Shimla,1971,1981,Himachal Pradesh
Mahasu,Shimla,1971,1981,Himachal Pradesh
Mahbubnagar,Mahbubnagar,1951,1961,Telangana
Mahbubnagar,Mahbubnagar,1951,1961,Telangana
Mahbubnagar,Mahbubnagar,1951,1961,Telangana
Mahbubnagar,Mahbubnagar,1951,1961,Telangana
Mahbubnagar,Mahbubnagar,1951,1961,Telangana
Mahbubnagar,Mahbubnagar,1961,1971,Telangana
Mahbubnagar,Mahbubnagar,1961,1971,Telangana
Mahbubnagar,Mahbubnagar,1961,1971,Telangana
Mahbubnagar,Mahbubnagar,1961,1971,Telangana
Mahbubnagar,Mahbubnagar,1961,1971,Telangana
Mahbubnagar,Mahbubnagar,1971,1981,Telangana
Mahbubnagar,Mahbubnagar,1971,1981,Telangana
Mahbubnagar,Mahbubnagar,1971,1981,Telangana
Mahbubnagar,Mahbubnagar,1971,1981,Telangana
Mahbubnagar,Mahbubnagar,1971,1981,Telangana
Mahbubnagar,Mahbubnagar,1981,1991,Telangana
Mahbubnagar,Mahbubnagar,1981,1991,Telangana
Mahbubnagar,Mahbubnagar,1981,1991,Telangana
Mahbubnagar,Mahbubnagar,1981,1991,Telangana
Mahbubnagar,Mahbubnagar,1981,1991,Telangana
Mahbubnagar,Mahbubnagar,1991,2001,Telangana
Mahbubnagar,Mahbubnagar,1991,2001,Telangana
Mahbubnagar,Mahbubnagar,1991,2001,Telangana
Mahbubnagar,Mahbubnagar,1991,2001,Telangana
Mahbubnagar,Mahbubnagar,1991,2001,Telangana
Mahbubnagar,Mahbubnagar,2001,2011,Telangana
Mahbubnagar,Mahbubnagar,2001,2011,Telangana
Mahbubnagar,Mahbubnagar,2001,2011,Telangana
Mahbubnagar,Mahbubnagar,2001,2011,Telangana
Mahbubnagar,Mahbubnagar,2001,2011,Telangana
Mahbubnagar,Mahbubnagar,2011,2024,Telangana
Mahbubnagar,Jogulamba Gadwal,2011,2024,Telangana
Mahbubnagar,Nagarkurnool,2011,2024,Telangana
Mahbubnagar,Wanaparthy,2011,2024,Telangana
Mahbubnagar,Narayanpet,2011,2024,Telangana
Mahe,Mahe,1951,1961,Puducherry
Mahe,Mahe,1961,1971,Puducherry
Mahe,Mahe,1971,1981,Puducherry
Mahe,Mahe,1981,1991,Puducherry
Mahe,Mahe,1991,2001,Puducherry
Mahe,Mahe,2001,2011,Puducherry
Mahe,Mahe,2011,2024,Puducherry
Mahendragarh,Mahendragarh,1961,1971,Haryana
Mahendragarh,Mahendragarh,1961,1971,Haryana
Mahendragarh,Mahendragarh,1971,1981,Haryana
Mahendragarh,Mahendragarh,1971,1981,Haryana
Mahendragarh,Mahendragarh,1981,1991,Haryana
Mahendragarh,Mahendragarh,1981,1991,Haryana
Mahendragarh,Rewari,1981,1991,Haryana
Mahendragarh,Mahendragarh,1991,2001,Haryana
Mahendragarh,Mahendragarh,1991,2001,Haryana
Mahendragarh,Mahendragarh,2001,2011,Haryana
Mahendragarh,Mahendragarh,2001,2011,Haryana
Mahendragarh,Mahendragarh,2011,2024,Haryana
Mahendragarh,Mahendragarh,2011,2024,Haryana
Mahesana,Mahesana,1971,1981,Gujarat
Mahesana,Mahesana,1971,1981,Gujarat
Mahesana,Mahesana,1981,1991,Gujarat
Mahesana,Mahesana,1981,1991,Gujarat
Mahesana,Mahesana,1991,2001,Gujarat
Mahesana,Patan,1991,2001,Gujarat
Mahesana,Mahesana,2001,2011,Gujarat
Mahesana,Mahesana,2011,2024,Gujarat
Mahoba,Mahoba,2001,2011,Uttar Pradesh
Mahoba,Mahoba,2011,2024,Uttar Pradesh
Mahrajganj,Mahrajganj,2011,2024,Uttar Pradesh
Mainpuri,Mainpuri,1951,1961,Uttar Pradesh
Mainpuri,Mainpuri,1951,1961,Uttar Pradesh
Mainpuri,Mainpuri,1961,1971,Uttar Pradesh
Mainpuri,Mainpuri,1961,1971,Uttar Pradesh
Mainpuri,Mainpuri,1971,1981,Uttar Pradesh
Mainpuri,Mainpuri,1971,1981,Uttar Pradesh
Mainpuri,Firozabad,1981,1991,Uttar Pradesh
Mainpuri,Mainpuri,1981,1991,Uttar Pradesh
Mainpuri,Mainpuri,1991,2001,Uttar Pradesh
Mainpuri,Mainpuri,2001,2011,Uttar Pradesh
Mainpuri,Mainpuri,2011,2024,Uttar Pradesh
Malabar,Cannanore,1951,1961,Kerala
Malabar,Cannanore,1951,1961,Kerala
Malabar,Cannanore,1951,1961,Kerala
Malabar,Kozhikode,1951,1961,Kerala
Malabar,Kozhikode,1951,1961,Kerala
Malabar,Kozhikode,1951,1961,Kerala
Malabar,Palghat,1951,1961,Kerala
Malabar,Palghat,1951,1961,Kerala
Malappuram,Malappuram,1971,1981,Kerala
Malappuram,Malappuram,1971,1981,Kerala
Malappuram,Malappuram,1981,1991,Kerala
Malappuram,Malappuram,1981,1991,Kerala
Malappuram,Malappuram,1991,2001,Kerala
Malappuram,Malappuram,1991,2001,Kerala
Malappuram,Malappuram,2001,2011,Kerala
Malappuram,Malappuram,2001,2011,Kerala
Malappuram,Malappuram,2011,2024,Kerala
Malappuram,Malappuram,2011,2024,Kerala
Malda,Malda,1951,1961,West Bengal
Malda,Malda,1961,1971,West Bengal
Malda,Maldah,1971,1981,West Bengal
Maldah,Maldah,1981,1991,West Bengal
Maldah,Maldah,1991,2001,West Bengal
Maldah,Maldah,2001,2011,West Bengal
Maldah,Maldah,2011,2024,West Bengal
Malkangiri,Malkangiri,2001,2011,Odisha
Malkangiri,Malkangiri,2011,2024,Odisha
Mamit,Mamit,2001,2011,Mizoram
Mamit,Mamit,2011,2024,Mizoram
Mandi,Mandi,1951,1961,Himachal Pradesh
Mandi,Mandi,1961,1971,Himachal Pradesh
Mandi,Mandi,1971,1981,Himachal Pradesh
Mandi,Mandi,1981,1991,Himachal Pradesh
Mandi,Mandi,1991,2001,Himachal Pradesh
Mandi,Mandi,2001,2011,Himachal Pradesh
Mandi,Mandi,2011,2024,Himachal Pradesh
Mandla,Mandla,1951,1961,Madhya Pradesh
Mandla,Mandla,1951,1961,Madhya Pradesh
Mandla,Mandla,1961,1971,Madhya Pradesh
Mandla,Mandla,1961,1971,Madhya Pradesh
Mandla,Mandla,1971,1981,Madhya Pradesh
Mandla,Mandla,1971,1981,Madhya Pradesh
Mandla,Mandla,1981,1991,Madhya Pradesh
Mandla,Mandla,1981,1991,Madhya Pradesh
Mandla,Dindori,1991,2001,Madhya Pradesh
Mandla,Mandla,1991,2001,Madhya Pradesh
Mandla,Mandla,2001,2011,Madhya Pradesh
Mandla,Mandla,2011,2024,Madhya Pradesh
Mandsaur,Mandsaur,1951,1961,Madhya Pradesh
Mandsaur,Mandsaur,1951,1961,Madhya Pradesh
Mandsaur,Mandsaur,1961,1971,Madhya Pradesh
Mandsaur,Mandsaur,1961,1971,Madhya Pradesh
Mandsaur,Mandsaur,1971,1981,Madhya Pradesh
Mandsaur,Mandsaur,1971,1981,Madhya Pradesh
Mandsaur,Mandsaur,1981,1991,Madhya Pradesh
Mandsaur,Mandsaur,1981,1991,Madhya Pradesh
Mandsaur,Neemuch,1991,2001,Madhya Pradesh
Mandsaur,Mandsaur,1991,2001,Madhya Pradesh
Mandsaur,Mandsaur,2001,2011,Madhya Pradesh
Mandsaur,Mandsaur,2011,2024,Madhya Pradesh
Mandya,Mandya,1951,1961,Karnataka
Mandya,Mandya,1961,1971,Karnataka
Mandya,Mandya,1971,1981,Karnataka
Mandya,Mandya,1981,1991,Karnataka
Mandya,Mandya,1991,2001,Karnataka
Mandya,Mandya,2001,2011,Karnataka
Mandya,Mandya,2011,2024,Karnataka
Manipur,Manipur,1951,1961,Manipur
Manipur,Manipur,1951,1961,Manipur
Manipur,Manipur,1951,1961,Manipur
Manipur,Manipur,1951,1961,Manipur
Manipur,Manipur,1951,1961,Manipur
Manipur,Manipur,1951,1961,Manipur
Manipur,Manipur,1951,1961,Manipur
Manipur,Manipur,1951,1961,Manipur
Manipur,Manipur,1951,1961,Manipur
Manipur,Manipur,1951,1961,Manipur
Manipur,Manipur,1951,1961,Manipur
Manipur,Manipur,1951,1961,Manipur
Manipur,Manipur,1951,1961,Manipur
Manipur,Manipur,1951,1961,Manipur
Manipur,Manipur,1951,1961,Manipur
Manipur,Manipur,1951,1961,Manipur
Manipur,Manipur North,1961,1971,Manipur
Manipur,Manipur West,1961,1971,Manipur
Manipur,Manipur South,1961,1971,Manipur
Manipur,Manipur Central,1961,1971,Manipur
Manipur,Manipur Central,1961,1971,Manipur
Manipur,Manipur Central,1961,1971,Manipur
Manipur,Manipur Central,1961,1971,Manipur
Manipur,Manipur East,1961,1971,Manipur
Manipur,Manipur Central,1961,1971,Manipur
Manipur,Manipur Central,1961,1971,Manipur
Manipur,Manipur Central,1961,1971,Manipur
Manipur,Manipur East,1961,1971,Manipur
Manipur,Manipur North,1961,1971,Manipur
Manipur,Manipur West,1961,1971,Manipur
Manipur,Manipur Central,1961,1971,Manipur
Manipur,Manipur South,1961,1971,Manipur
Manipur Central,Manipur Central,1971,1981,Manipur
Manipur Central,Manipur Central,1971,1981,Manipur
Manipur Central,Manipur Central,1971,1981,Manipur
Manipur Central,Manipur Central,1971,1981,Manipur
Manipur Central,Tengnoupal,1971,1981,Manipur
Manipur Central,Manipur Central,1971,1981,Manipur
Manipur Central,Manipur Central,1971,1981,Manipur
Manipur Central,Tengnoupal,1971,1981,Manipur
Manipur Central,Bishnupur,1981,1991,Manipur
Manipur Central,Thoubal,1981,1991,Manipur
Manipur Central,Imphal,1981,1991,Manipur
Manipur Central,Imphal,1981,1991,Manipur
Manipur Central,Imphal,1981,1991,Manipur
Manipur Central,Thoubal,1981,1991,Manipur
Manipur East,Manipur East,1971,1981,Manipur
Manipur East,Manipur East,1971,1981,Manipur
Manipur East,Ukhrul,1981,1991,Manipur
Manipur East,Ukhrul,1981,1991,Manipur
Manipur North,Manipur North,1971,1981,Manipur
Manipur North,Manipur North,1971,1981,Manipur
Manipur North,Senapati,1981,1991,Manipur
Manipur North,Senapati,1981,1991,Manipur
Manipur South,Manipur South,1971,1981,Manipur
Manipur South,Manipur South,1971,1981,Manipur
Manipur South,Churachandpur,1981,1991,Manipur
Manipur South,Churachandpur,1981,1991,Manipur
Manipur West,Manipur West,1971,1981,Manipur
Manipur West,Manipur West,1971,1981,Manipur
Manipur West,Tamenglong,1981,1991,Manipur
Manipur West,Tamenglong,1981,1991,Manipur
Mansa,Mansa,2001,2011,Punjab
Mansa,Mansa,2011,2024,Punjab
Marigaon,Marigaon,1991,2001,Assam
Marigaon,Morigaon,2001,2011,Assam
Mathura,Mathura,1951,1961,Uttar Pradesh
Mathura,Mathura,1961,1971,Uttar Pradesh
Mathura,Mathura,1971,1981,Uttar Pradesh
Mathura,Mathura,1981,1991,Uttar Pradesh
Mathura,Mathura,1991,2001,Uttar Pradesh
Mathura,Mathura,2001,2011,Uttar Pradesh
Mathura,Mathura,2011,2024,Uttar Pradesh
Mau,Mau,1991,2001,Uttar Pradesh
Mau,Mau,2001,2011,Uttar Pradesh
Mau,Mau,2011,2024,Uttar Pradesh
Mayurbhanj,Mayurbhanj,1951,1961,Odisha
Mayurbhanj,Mayurbhanj,1961,1971,Odisha
Mayurbhanj,Mayurbhanj,1971,1981,Odisha
Mayurbhanj,Mayurbhanj,1981,1991,Odisha
Mayurbhanj,Mayurbhanj,1991,2001,Odisha
Mayurbhanj,Mayurbhanj,2001,2011,Odisha
Mayurbhanj,Mayurbhanj,2011,2024,Odisha
Medak,Medak,1951,1961,Telangana
Medak,Medak,1951,1961,Telangana
Medak,Medak,1951,1961,Telangana
Medak,Medak,1961,1971,Telangana
Medak,Medak,1961,1971,Telangana
Medak,Medak,1961,1971,Telangana
Medak,Medak,1971,1981,Telangana
Medak,Medak,1971,1981,Telangana
Medak,Medak,1971,1981,Telangana
Medak,Medak,1981,1991,Telangana
Medak,Medak,1981,1991,Telangana
Medak,Medak,1981,1991,Telangana
Medak,Medak,1991,2001,Telangana
Medak,Medak,1991,2001,Telangana
Medak,Medak,1991,2001,Telangana
Medak,Medak,2001,2011,Telangana
Medak,Medak,2001,2011,Telangana
Medak,Medak,2001,2011,Telangana
Medak,Medak,2011,2024,Telangana
Medak,Sangareddy,2011,2024,Telangana
Medak,Siddipet,2011,2024,Telangana
Medinipur,Medinipur,1981,1991,West Bengal
Medinipur,Medinipur,1981,1991,West Bengal
Medinipur,Medinipur,1981,1991,West Bengal
Medinipur,Medinipur,1991,2001,West Bengal
Medinipur,Medinipur,1991,2001,West Bengal
Medinipur,Medinipur,1991,2001,West Bengal
Medinipur,Paschim Medinipur,2001,2011,West Bengal
Medinipur,Purba Medinipur,2001,2011,West Bengal
Medinipur,Paschim Medinipur,2001,2011,West Bengal
Meerut,Meerut,1951,1961,Uttar Pradesh
Meerut,Meerut,1951,1961,Uttar Pradesh
Meerut,Meerut,1951,1961,Uttar Pradesh
Meerut,Meerut,1951,1961,Uttar Pradesh
Meerut,Meerut,1961,1971,Uttar Pradesh
Meerut,Meerut,1961,1971,Uttar Pradesh
Meerut,Meerut,1961,1971,Uttar Pradesh
Meerut,Meerut,1961,1971,Uttar Pradesh
Meerut,Meerut,1971,1981,Uttar Pradesh
Meerut,Ghaziabad,1971,1981,Uttar Pradesh
Meerut,Ghaziabad,1971,1981,Uttar Pradesh
Meerut,Meerut,1971,1981,Uttar Pradesh
Meerut,Meerut,1981,1991,Uttar Pradesh
Meerut,Meerut,1981,1991,Uttar Pradesh
Meerut,Baghpat,1991,2001,Uttar Pradesh
Meerut,Meerut,1991,2001,Uttar Pradesh
Meerut,Meerut,2001,2011,Uttar Pradesh
Meerut,Meerut,2011,2024,Uttar Pradesh
Mehsana,Mehsana,1951,1961,Gujarat
Mehsana,Mehsana,1951,1961,Gujarat
Mehsana,Mehsana,1951,1961,Gujarat
Mehsana,Gandhinagar,1961,1971,Gujarat
Mehsana,Mahesana,1961,1971,Gujarat
Mehsana,Mahesana,1961,1971,Gujarat
Mewat,Nuh,2011,2024,Haryana
Midnapore,Midnapore,1961,1971,West Bengal
Midnapore,Midnapore,1961,1971,West Bengal
Midnapore,Midnapore,1961,1971,West Bengal
Midnapore,Medinipur,1971,1981,West Bengal
Midnapore,Medinipur,1971,1981,West Bengal
Midnapore,Medinipur,1971,1981,West Bengal
Midnapur,Midnapore,1951,1961,West Bengal
Midnapur,Midnapore,1951,1961,West Bengal
Midnapur,Midnapore,1951,1961,West Bengal
Mikir Hills,Karbi Anglong,1971,1981,Assam
Mikir Hills,Karbi Anglong,1971,1981,Assam
Mirzapur,Mirzapur,1951,1961,Uttar Pradesh
Mirzapur,Mirzapur,1951,1961,Uttar Pradesh
Mirzapur,Mirzapur,1961,1971,Uttar Pradesh
Mirzapur,Mirzapur,1961,1971,Uttar Pradesh
Mirzapur,Mirzapur,1971,1981,Uttar Pradesh
Mirzapur,Mirzapur,1971,1981,Uttar Pradesh
Mirzapur,Mirzapur,1981,1991,Uttar Pradesh
Mirzapur,Sonbhadra,1981,1991,Uttar Pradesh
Mirzapur,Mirzapur,1991,2001,Uttar Pradesh
Mirzapur,Mirzapur,2001,2011,Uttar Pradesh
Mirzapur,Mirzapur,2011,2024,Uttar Pradesh
Mishmi Hills,Lohit Frontier Division,1951,1961,Arunachal Pradesh
Mishmi Hills,Lohit Frontier Division,1951,1961,Arunachal Pradesh
Mishmi Hills,Lohit Frontier Division,1951,1961,Arunachal Pradesh
Mizo Hills,Mizoram,1961,1971,Mizoram
Mizo Hills,Mizoram,1961,1971,Mizoram
Mizo Hills,Mizoram,1961,1971,Mizoram
Mizo Hills,Mizoram,1961,1971,Mizoram
Mizo Hills,Mizoram,1961,1971,Mizoram
Mizo Hills,Mizoram,1961,1971,Mizoram
Mizo Hills,Mizoram,1961,1971,Mizoram
Mizo Hills,Mizoram,1961,1971,Mizoram
Mizo Hills,Mizoram,1961,1971,Mizoram
Mizo Hills,Mizoram,1961,1971,Mizoram
Mizo Hills,Mizoram,1961,1971,Mizoram
Mizoram,Aizawl,1971,1981,Mizoram
Mizoram,Aizawl,1971,1981,Mizoram
Mizoram,Aizawl,1971,1981,Mizoram
Mizoram,Aizawl,1971,1981,Mizoram
Mizoram,Aizawl,1971,1981,Mizoram
Mizoram,Lunglei,1971,1981,Mizoram
Mizoram,Chhimtuipui,1971,1981,Mizoram
Mizoram,Chhimtuipui,1971,1981,Mizoram
Mizoram,Aizawl,1971,1981,Mizoram
Mizoram,Lunglei,1971,1981,Mizoram
Mizoram,Aizawl,1971,1981,Mizoram
Moga,Moga,2001,2011,Punjab
Moga,Moga,2011,2024,Punjab
Mohindergarh,Mahendragarh,1951,1961,Haryana
Mohindergarh,Mahendragarh,1951,1961,Haryana
Mokokchung,Mokokchung,1961,1971,Nagaland
Mokokchung,Mokokchung,1961,1971,Nagaland
Mokokchung,Mokokchung,1961,1971,Nagaland
Mokokchung,Mokokchung,1971,1981,Nagaland
Mokokchung,Wokha,1971,1981,Nagaland
Mokokchung,Zunheboto,1971,1981,Nagaland
Mokokchung,Mokokchung,1981,1991,Nagaland
Mokokchung,Mokokchung,1991,2001,Nagaland
Mokokchung,Mokokchung,2001,2011,Nagaland
Mokokchung,Mokokchung,2011,2024,Nagaland
Mon,Mon,1981,1991,Nagaland
Mon,Mon,1991,2001,Nagaland
Mon,Mon,2001,2011,Nagaland
Mon,Mon,2011,2024,Nagaland
Monghyr,Monghyr,1951,1961,Bihar
Monghyr,Monghyr,1951,1961,Bihar
Monghyr,Monghyr,1951,1961,Bihar
Monghyr,Monghyr,1951,1961,Bihar
Monghyr,Monghyr,1951,1961,Bihar
Monghyr,Monghyr,1951,1961,Bihar
Monghyr,Monghyr,1961,1971,Bihar
Monghyr,Monghyr,1961,1971,Bihar
Monghyr,Monghyr,1961,1971,Bihar
Monghyr,Monghyr,1961,1971,Bihar
Monghyr,Monghyr,1961,1971,Bihar
Monghyr,Monghyr,1961,1971,Bihar
Monghyr,Begusarai,1971,1981,Bihar
Monghyr,Munger,1971,1981,Bihar
Monghyr,Munger,1971,1981,Bihar
Monghyr,Munger,1971,1981,Bihar
Monghyr,Munger,1971,1981,Bihar
Monghyr,Munger,1971,1981,Bihar
Moradabad,Moradabad,1951,1961,Uttar Pradesh
Moradabad,Moradabad,1951,1961,Uttar Pradesh
Moradabad,Moradabad,1951,1961,Uttar Pradesh
Moradabad,Moradabad,1961,1971,Uttar Pradesh
Moradabad,Moradabad,1961,1971,Uttar Pradesh
Moradabad,Moradabad,1961,1971,Uttar Pradesh
Moradabad,Moradabad,1971,1981,Uttar Pradesh
Moradabad,Moradabad,1971,1981,Uttar Pradesh
Moradabad,Moradabad,1971,1981,Uttar Pradesh
Moradabad,Moradabad,1981,1991,Uttar Pradesh
Moradabad,Moradabad,1981,1991,Uttar Pradesh
Moradabad,Moradabad,1981,1991,Uttar Pradesh
Moradabad,Jyotiba Phule Nagar,1991,2001,Uttar Pradesh
Moradabad,Moradabad,1991,2001,Uttar Pradesh
Moradabad,Moradabad,1991,2001,Uttar Pradesh
Moradabad,Moradabad,2001,2011,Uttar Pradesh
Moradabad,Moradabad,2001,2011,Uttar Pradesh
Moradabad,Moradabad,2011,2024,Uttar Pradesh
Moradabad,Sambhal (Bhimnagar),2011,2024,Uttar Pradesh
Morena,Morena,1951,1961,Madhya Pradesh
Morena,Morena,1951,1961,Madhya Pradesh
Morena,Morena,1961,1971,Madhya Pradesh
Morena,Morena,1961,1971,Madhya Pradesh
Morena,Morena,1971,1981,Madhya Pradesh
Morena,Morena,1971,1981,Madhya Pradesh
Morena,Morena,1981,1991,Madhya Pradesh
Morena,Morena,1981,1991,Madhya Pradesh
Morena,Sheopur,1991,2001,Madhya Pradesh
Morena,Morena,1991,2001,Madhya Pradesh
Morena,Morena,2001,2011,Madhya Pradesh
Morena,Morena,2011,2024,Madhya Pradesh
Morigaon,Morigaon,2011,2024,Assam
Muktsar,Muktsar,2001,2011,Punjab
Muktsar,Sri Muktsar Sahib,2011,2024,Punjab
Mumbai,Mumbai,2001,2011,Maharashtra
Mumbai,Mumbai,2011,2024,Maharashtra
Mumbai (Suburban),Mumbai Suburban,2001,2011,Maharashtra
Mumbai Suburban,Mumbai Suburban,2011,2024,Maharashtra
Munger,Khagaria,1981,1991,Bihar
Munger,Munger,1981,1991,Bihar
Munger,Munger,1981,1991,Bihar
Munger,Munger,1981,1991,Bihar
Munger,Munger,1981,1991,Bihar
Munger,Munger,1991,2001,Bihar
Munger,Lakhisarai,1991,2001,Bihar
Munger,Sheikhpura,1991,2001,Bihar
Munger,Jamui,1991,2001,Bihar
Munger,Munger,2001,2011,Bihar
Munger,Munger,2011,2024,Bihar
Murshidabad,Murshidabad,1951,1961,West Bengal
Murshidabad,Murshidabad,1961,1971,West Bengal
Murshidabad,Murshidabad,1971,1981,West Bengal
Murshidabad,Murshidabad,1981,1991,West Bengal
Murshidabad,Murshidabad,1991,2001,West Bengal
Murshidabad,Murshidabad,2001,2011,West Bengal
Murshidabad,Murshidabad,2011,2024,West Bengal
Muzaffarnagar,Muzaffarnagar,1951,1961,Uttar Pradesh
Muzaffarnagar,Muzaffarnagar,1951,1961,Uttar Pradesh
Muzaffarnagar,Muzaffarnagar,1961,1971,Uttar Pradesh
Muzaffarnagar,Muzaffarnagar,1961,1971,Uttar Pradesh
Muzaffarnagar,Muzaffarnagar,1971,1981,Uttar Pradesh
Muzaffarnagar,Muzaffarnagar,1971,1981,Uttar Pradesh
Muzaffarnagar,Muzaffarnagar,1981,1991,Uttar Pradesh
Muzaffarnagar,Muzaffarnagar,1981,1991,Uttar Pradesh
Muzaffarnagar,Muzaffarnagar,1991,2001,Uttar Pradesh
Muzaffarnagar,Muzaffarnagar,1991,2001,Uttar Pradesh
Muzaffarnagar,Muzaffarnagar,2001,2011,Uttar Pradesh
Muzaffarnagar,Muzaffarnagar,2001,2011,Uttar Pradesh
Muzaffarnagar,Muzaffarnagar,2011,2024,Uttar Pradesh
Muzaffarnagar,Shamli (Prabuddhanagar),2011,2024,Uttar Pradesh
Muzaffarpur,Muzaffarpur,1951,1961,Bihar
Muzaffarpur,Muzaffarpur,1951,1961,Bihar
Muzaffarpur,Muzaffarpur,1951,1961,Bihar
Muzaffarpur,Muzaffarpur,1951,1961,Bihar
Muzaffarpur,Muzaffarpur,1961,1971,Bihar
Muzaffarpur,Muzaffarpur,1961,1971,Bihar
Muzaffarpur,Muzaffarpur,1961,1971,Bihar
Muzaffarpur,Muzaffarpur,1961,1971,Bihar
Muzaffarpur,Sitamarhi,1971,1981,Bihar
Muzaffarpur,Sitamarhi,1971,1981,Bihar
Muzaffarpur,Muzaffarpur,1971,1981,Bihar
Muzaffarpur,Vaishali,1971,1981,Bihar
Muzaffarpur,Muzaffarpur,1981,1991,Bihar
Muzaffarpur,Muzaffarpur,1991,2001,Bihar
Muzaffarpur,Muzaffarpur,2001,2011,Bihar
Muzaffarpur,Muzaffarpur,2011,2024,Bihar
Mysore,Mysore,1951,1961,Karnataka
Mysore,Mysore,1951,1961,Karnataka
Mysore,Mysore,1961,1971,Karnataka
Mysore,Mysore,1961,1971,Karnataka
Mysore,Mysore,1971,1981,Karnataka
Mysore,Mysore,1971,1981,Karnataka
Mysore,Mysore,1981,1991,Karnataka
Mysore,Mysore,1981,1991,Karnataka
Mysore,Chamarajanagar,1991,2001,Karnataka
Mysore,Mysore,1991,2001,Karnataka
Mysore,Mysore,2001,2011,Karnataka
Mysore,Mysuru,2011,2024,Karnataka
Nabarangapur,Nabarangapur,2001,2011,Odisha
Nabarangapur,Nabarangapur,2011,2024,Odisha
Nadia,Nadia,1951,1961,West Bengal
Nadia,Nadia,1961,1971,West Bengal
Nadia,Nadia,1971,1981,West Bengal
Nadia,Nadia,1981,1991,West Bengal
Nadia,Nadia,1991,2001,West Bengal
Nadia,Nadia,2001,2011,West Bengal
Nadia,Nadia,2011,2024,West Bengal
Naga Hills,Kohima,1951,1961,Nagaland
Naga Hills,Kohima,1951,1961,Nagaland
Naga Hills,Kohima,1951,1961,Nagaland
Naga Hills,Kohima,1951,1961,Nagaland
Naga Hills,Kohima,1951,1961,Nagaland
Naga Hills,Kohima,1951,1961,Nagaland
Naga Hills,Kohima,1951,1961,Nagaland
Nagaon,Marigaon,1981,1991,Assam
Nagaon,Nagaon,1981,1991,Assam
Nagaon,Nagaon,1981,1991,Assam
Nagaon,Nagaon,1991,2001,Assam
Nagaon,Nagaon,1991,2001,Assam
Nagaon,Nagaon,2001,2011,Assam
Nagaon,Nagaon,2001,2011,Assam
Nagaon,Nagaon,2011,2024,Assam
Nagaon,Hojai,2011,2024,Assam
Nagapattinam,Nagapattinam,2001,2011,Tamil Nadu
Nagapattinam,Nagapattinam,2001,2011,Tamil Nadu
Nagapattinam,Nagapattinam,2011,2024,Tamil Nadu
Nagapattinam,Mayiladuthurai,2011,2024,Tamil Nadu
Nagaur,Nagaur,1951,1961,Rajasthan
Nagaur,Nagaur,1961,1971,Rajasthan
Nagaur,Nagaur,1971,1981,Rajasthan
Nagaur,Nagaur,1981,1991,Rajasthan
Nagaur,Nagaur,1991,2001,Rajasthan
Nagaur,Nagaur,2001,2011,Rajasthan
Nagaur,Nagaur,2011,2024,Rajasthan
Nagpur,Nagpur,1951,1961,Maharashtra
Nagpur,Nagpur,1961,1971,Maharashtra
Nagpur,Nagpur,1971,1981,Maharashtra
Nagpur,Nagpur,1981,1991,Maharashtra
Nagpur,Nagpur,1991,2001,Maharashtra
Nagpur,Nagpur,2001,2011,Maharashtra
Nagpur,Nagpur,2011,2024,Maharashtra
Naini Tal,Naini Tal,1951,1961,Uttarakhand
Naini Tal,Naini Tal,1951,1961,Uttarakhand
Naini Tal,Naini Tal,1961,1971,Uttarakhand
Naini Tal,Naini Tal,1961,1971,Uttarakhand
Naini Tal,Nainital,1971,1981,Uttarakhand
Naini Tal,Nainital,1971,1981,Uttarakhand
Nainital,Nainital,1981,1991,Uttarakhand
Nainital,Nainital,1981,1991,Uttarakhand
Nainital,Nainital,1991,2001,Uttarakhand
Nainital,Udham Singh Nagar,1991,2001,Uttarakhand
Nainital,Nainital,2001,2011,Uttarakhand
Nainital,Nainital,2011,2024,Uttarakhand
Nalanda,Nalanda,1981,1991,Bihar
Nalanda,Nalanda,1991,2001,Bihar
Nalanda,Nalanda,2001,2011,Bihar
Nalanda,Nalanda,2011,2024,Bihar
Nalbari,Nalbari,1991,2001,Assam
Nalbari,Nalbari,1991,2001,Assam
Nalbari,Nalbari,2001,2011,Assam
Nalbari,Baksa,2001,2011,Assam
Nalbari,Nalbari,2011,2024,Assam
Nalgonda,Nalgonda,1951,1961,Telangana
Nalgonda,Nalgonda,1951,1961,Telangana
Nalgonda,Nalgonda,1951,1961,Telangana
Nalgonda,Nalgonda,1951,1961,Telangana
Nalgonda,Nalgonda,1961,1971,Telangana
Nalgonda,Nalgonda,1961,1971,Telangana
Nalgonda,Nalgonda,1961,1971,Telangana
Nalgonda,Nalgonda,1961,1971,Telangana
Nalgonda,Nalgonda,1971,1981,Telangana
Nalgonda,Nalgonda,1971,1981,Telangana
Nalgonda,Nalgonda,1971,1981,Telangana
Nalgonda,Nalgonda,1971,1981,Telangana
Nalgonda,Nalgonda,1981,1991,Telangana
Nalgonda,Nalgonda,1981,1991,Telangana
Nalgonda,Nalgonda,1981,1991,Telangana
Nalgonda,Nalgonda,1981,1991,Telangana
Nalgonda,Nalgonda,1991,2001,Telangana
Nalgonda,Nalgonda,1991,2001,Telangana
Nalgonda,Nalgonda,1991,2001,Telangana
Nalgonda,Nalgonda,1991,2001,Telangana
Nalgonda,Nalgonda,2001,2011,Telangana
Nalgonda,Nalgonda,2001,2011,Telangana
Nalgonda,Nalgonda,2001,2011,Telangana
Nalgonda,Nalgonda,2001,2011,Telangana
Nalgonda,Nalgonda,2011,2024,Telangana
Nalgonda,Suryapet,2011,2024,Telangana
Nalgonda,Yadadri Bhuvanagiri,2011,2024,Telangana
Nalgonda,Jangaon,2011,2024,Telangana
Namakkal,Namakkal,2001,2011,Tamil Nadu
Namakkal,Namakkal,2011,2024,Tamil Nadu
Nanded,Nanded,1951,1961,Maharashtra
Nanded,Nanded,1961,1971,Maharashtra
Nanded,Nanded,1971,1981,Maharashtra
Nanded,Nanded,1981,1991,Maharashtra
Nanded,Nanded,1991,2001,Maharashtra
Nanded,Nanded,2001,2011,Maharashtra
Nanded,Nanded,2011,2024,Maharashtra
Nandurbar,Nandurbar,2001,2011,Maharashtra
Nandurbar,Nandurbar,2011,2024,Maharashtra
Narayanpur,Narayanpur,2011,2024,Chhattisgarh
Narmada,Narmada,2001,2011,Gujarat
Narmada,Narmada,2011,2024,Gujarat
Narsimhapur,Narsimhapur,1961,1971,Madhya Pradesh
Narsimhapur,Narsimhapur,1971,1981,Madhya Pradesh
Narsimhapur,Narsimhapur,1981,1991,Madhya Pradesh
Narsimhapur,Narsimhapur,1991,2001,Madhya Pradesh
Narsimhapur,Narsimhapur,2001,2011,Madhya Pradesh
Narsimhapur,Narsimhapur,2011,2024,Madhya Pradesh
Nashik,Nashik,1981,1991,Maharashtra
Nashik,Nashik,1991,2001,Maharashtra
Nashik,Nashik,2001,2011,Maharashtra
Nashik,Nashik,2011,2024,Maharashtra
Nasik,Nasik,1951,1961,Maharashtra
Nasik,Nasik,1961,1971,Maharashtra
Nasik,Nashik,1971,1981,Maharashtra
Navsari,Navsari,2001,2011,Gujarat
Navsari,Navsari,2011,2024,Gujarat
Nawada,Nawadah,1981,1991,Bihar
Nawada,Nawada,2001,2011,Bihar
Nawada,Nawada,2011,2024,Bihar
Nawadah,Nawada,1991,2001,Bihar
Nawanshahr,Shahid Bhagat Singh Nagar,2001,2011,Punjab
Nawanshahr,Shahid Bhagat Singh Nagar,2001,2011,Punjab
Nayagarh,Nayagarh,2001,2011,Odisha
Nayagarh,Nayagarh,2011,2024,Odisha
Neemuch,Neemuch,2001,2011,Madhya Pradesh
Neemuch,Neemuch,2011,2024,Madhya Pradesh
Nellore,Nellore,1951,1961,Andhra Pradesh
Nellore,Nellore,1951,1961,Andhra Pradesh
Nellore,Nellore,1951,1961,Andhra Pradesh
Nellore,Nellore,1961,1971,Andhra Pradesh
Nellore,Nellore,1961,1971,Andhra Pradesh
Nellore,Nellore,1961,1971,Andhra Pradesh
Nellore,Prakasam,1971,1981,Andhra Pradesh
Nellore,Nellore,1971,1981,Andhra Pradesh
Nellore,Nellore,1971,1981,Andhra Pradesh
Nellore,Nellore,1981,1991,Andhra Pradesh
Nellore,Nellore,1981,1991,Andhra Pradesh
Nellore,Nellore,1991,2001,Andhra Pradesh
Nellore,Nellore,1991,2001,Andhra Pradesh
Nellore,Sri Potti Sriramulu Nellore,2001,2011,Andhra Pradesh
Nellore,Sri Potti Sriramulu Nellore,2001,2011,Andhra Pradesh
New Delhi,New Delhi,2001,2011,NCT of Delhi
New Delhi,New Delhi,2011,2024,NCT of Delhi
Nicobar,Nicobars,1981,1991,Andaman and Nicobar Islands
Nicobar,Nicobar,2011,2024,Andaman and Nicobar Islands
Nicobars,Nicobars,1991,2001,Andaman and Nicobar Islands
Nicobars,Nicobar,2001,2011,Andaman and Nicobar Islands
Nilgiri,Nilgiris,1961,1971,Tamil Nadu
Nilgiri,Nilgiri,1981,1991,Tamil Nadu
Nilgiri,The Nilgiris,1991,2001,Tamil Nadu
Nilgiris,Nilgiri,1951,1961,Tamil Nadu
Nilgiris,Nilgiri,1971,1981,Tamil Nadu
Nimar,West Nimar,1951,1961,Madhya Pradesh
Nimar,West Nimar,1951,1961,Madhya Pradesh
Nimar,East Nimar,1951,1961,Madhya Pradesh
Nimar,East Nimar,1951,1961,Madhya Pradesh
Nizamabad,Nizamabad,1951,1961,Telangana
Nizamabad,Nizamabad,1951,1961,Telangana
Nizamabad,Nizamabad,1961,1971,Telangana
Nizamabad,Nizamabad,1961,1971,Telangana
Nizamabad,Nizamabad,1971,1981,Telangana
Nizamabad,Nizamabad,1971,1981,Telangana
Nizamabad,Nizamabad,1981,1991,Telangana
Nizamabad,Nizamabad,1981,1991,Telangana
Nizamabad,Nizamabad,1991,2001,Telangana
Nizamabad,Nizamabad,1991,2001,Telangana
Nizamabad,Nizamabad,2001,2011,Telangana
Nizamabad,Nizamabad,2001,2011,Telangana
Nizamabad,Nizamabad,2011,2024,Telangana
Nizamabad,Kamareddy,2011,2024,Telangana
North,North,2001,2011,NCT of Delhi
North,North,2011,2024,NCT of Delhi
North,North,2001,2011,Sikkim
North,Mangan,2011,2024,Sikkim
North & Middle Andaman,North & Middle Andaman,2011,2024,Andaman and Nicobar Islands
North Arcot,North Arcot,1951,1961,Tamil Nadu
North Arcot,North Arcot,1951,1961,Tamil Nadu
North Arcot,North Arcot,1951,1961,Tamil Nadu
North Arcot,North Arcot,1951,1961,Tamil Nadu
North Arcot,North Arcot,1961,1971,Tamil Nadu
North Arcot,North Arcot,1961,1971,Tamil Nadu
North Arcot,North Arcot,1961,1971,Tamil Nadu
North Arcot,North Arcot,1961,1971,Tamil Nadu
North Arcot,North Arcot,1971,1981,Tamil Nadu
North Arcot,North Arcot,1971,1981,Tamil Nadu
North Arcot,North Arcot,1971,1981,Tamil Nadu
North Arcot,North Arcot,1971,1981,Tamil Nadu
North Arcot,North Arcot Ambedkar,1981,1991,Tamil Nadu
North Arcot,Tiruvannamalai Sambuvarayar,1981,1991,Tamil Nadu
North Arcot,North Arcot Ambedkar,1981,1991,Tamil Nadu
North Arcot,North Arcot Ambedkar,1981,1991,Tamil Nadu
North Arcot Ambedkar,Vellore,1991,2001,Tamil Nadu
North Arcot Ambedkar,Vellore,1991,2001,Tamil Nadu
North Arcot Ambedkar,Vellore,1991,2001,Tamil Nadu
North Cachar Hills,North Cachar Hills,1971,1981,Assam
North Cachar Hills,North Cachar Hills,1981,1991,Assam
North Cachar Hills,North Cachar Hills,1991,2001,Assam
North Cachar Hills,Dima Hasao,2001,2011,Assam
North District,North District,1981,1991,Sikkim
North District,North,1991,2001,Sikkim
North East,North East,2001,2011,Delhi
North East,Shahdara,2011,2024,Delhi
North East,North East,2001,2011,NCT of Delhi
North East,North East,2011,2024,NCT of Delhi
North Goa,North Goa,1991,2001,Goa
North Goa,North Goa,2001,2011,Goa
North Goa,North Goa,2011,2024,Goa
North Kanara,North Kanara,1961,1971,Karnataka
North Kanara,Uttar Kannad,1971,1981,Karnataka
North Tripura,North Tripura,1971,1981,Tripura
North Tripura,North Tripura,1971,1981,Tripura
North Tripura,North Tripura,1971,1981,Tripura
North Tripura,North Tripura,1981,1991,Tripura
North Tripura,North Tripura,1981,1991,Tripura
North Tripura,North Tripura,1981,1991,Tripura
North Tripura,Dhalai,1991,2001,Tripura
North Tripura,North Tripura,1991,2001,Tripura
North Tripura,North Tripura,1991,2001,Tripura
North Tripura,North Tripura,2001,2011,Tripura
North Tripura,North Tripura,2001,2011,Tripura
North Tripura,North Tripura,2011,2024,Tripura
North Tripura,Unakoti,2011,2024,Tripura
North Twenty Four Parganas,North Twenty Four Parganas,1991,2001,West Bengal
North Twenty Four Parganas,North Twenty Four Parganas,2001,2011,West Bengal
North Twenty Four Parganas,North Twenty Four Parganas,2011,2024,West Bengal
North West,North West,2001,2011,Delhi
North West,North,2011,2024,Delhi
North West,North West,2001,2011,NCT of Delhi
North West,North West,2011,2024,NCT of Delhi
Nowgong,Nowgong,1951,1961,Assam
Nowgong,Nowgong,1951,1961,Assam
Nowgong,Nowgong,1951,1961,Assam
Nowgong,Nowgong,1961,1971,Assam
Nowgong,Nowgong,1961,1971,Assam
Nowgong,Nowgong,1961,1971,Assam
Nowgong,Nagaon,1971,1981,Assam
Nowgong,Nagaon,1971,1981,Assam
Nowgong,Nagaon,1971,1981,Assam
Nuapada,Nuapada,2001,2011,Odisha
Nuapada,Nuapada,2011,2024,Odisha
Osmanabad,Osmanabad,1951,1961,Maharashtra
Osmanabad,Osmanabad,1951,1961,Maharashtra
Osmanabad,Osmanabad,1961,1971,Maharashtra
Osmanabad,Osmanabad,1961,1971,Maharashtra
Osmanabad,Osmanabad,1971,1981,Maharashtra
Osmanabad,Osmanabad,1971,1981,Maharashtra
Osmanabad,Latur,1981,1991,Maharashtra
Osmanabad,Osmanabad,1981,1991,Maharashtra
Osmanabad,Osmanabad,1991,2001,Maharashtra
Osmanabad,Osmanabad,2001,2011,Maharashtra
Osmanabad,Dharashiv,2011,2024,Maharashtra
Pakaur,Pakur,2001,2011,Jharkhand
Pakur,Pakur,2011,2024,Jharkhand
Palakkad,Palakkad,1991,2001,Kerala
Palakkad,Palakkad,2001,2011,Kerala
Palakkad,Palakkad,2011,2024,Kerala
Palamau,Palamau,1951,1961,Jharkhand
Palamau,Palamau,1951,1961,Jharkhand
Palamau,Palamau,1951,1961,Jharkhand
Palamau,Palamau,1961,1971,Jharkhand
Palamau,Palamau,1961,1971,Jharkhand
Palamau,Palamau,1961,1971,Jharkhand
Palamau,Palamu,1971,1981,Jharkhand
Palamau,Palamu,1971,1981,Jharkhand
Palamau,Palamu,1971,1981,Jharkhand
Palamu,Palamu,1981,1991,Jharkhand
Palamu,Palamu,1981,1991,Jharkhand
Palamu,Palamu,1981,1991,Jharkhand
Palamu,Garhwa,1991,2001,Jharkhand
Palamu,Palamu,1991,2001,Jharkhand
Palamu,Palamu,1991,2001,Jharkhand
Palamu,Palamu,2001,2011,Jharkhand
Palamu,Latehar,2001,2011,Jharkhand
Palamu,Palamu,2011,2024,Jharkhand
Palghat,Palghat,1961,1971,Kerala
Palghat,Malappuram,1961,1971,Kerala
Palghat,Palghat,1971,1981,Kerala
Palghat,Palakkad,1981,1991,Kerala
Pali,Pali,1951,1961,Rajasthan
Pali,Pali,1961,1971,Rajasthan
Pali,Pali,1971,1981,Rajasthan
Pali,Pali,1981,1991,Rajasthan
Pali,Pali,1991,2001,Rajasthan
Pali,Pali,2001,2011,Rajasthan
Pali,Pali,2011,2024,Rajasthan
Palwal,Palwal,2011,2024,Haryana
Panch Mahals,Panchmahals,1951,1961,Gujarat
Panch Mahals,Panchmahals,1951,1961,Gujarat
Panch Mahals,Panchmahals,1951,1961,Gujarat
Panch Mahals,Panch Mahals,1971,1981,Gujarat
Panch Mahals,Panch Mahals,1971,1981,Gujarat
Panch Mahals,Panch Mahals,1971,1981,Gujarat
Panch Mahals,Panch Mahals,1981,1991,Gujarat
Panch Mahals,Panch Mahals,1981,1991,Gujarat
Panch Mahals,Panch Mahals,1981,1991,Gujarat
Panch Mahals,Dohad,1991,2001,Gujarat
Panch Mahals,Panch Mahals,1991,2001,Gujarat
Panch Mahals,Panch Mahals,1991,2001,Gujarat
Panch Mahals,Panch Mahals,2001,2011,Gujarat
Panch Mahals,Panch Mahals,2001,2011,Gujarat
Panch Mahals,Panch Mahals,2011,2024,Gujarat
Panch Mahals,Mahisagar,2011,2024,Gujarat
Panchkula,Panchkula,2001,2011,Haryana
Panchkula,Panchkula,2011,2024,Haryana
Panchmahals,Panch Mahals,1961,1971,Gujarat
Panchmahals,Panch Mahals,1961,1971,Gujarat
Panchmahals,Panch Mahals,1961,1971,Gujarat
Panipat,Panipat,1991,2001,Haryana
Panipat,Panipat,2001,2011,Haryana
Panipat,Panipat,2011,2024,Haryana
Panna,Panna,1951,1961,Madhya Pradesh
Panna,Panna,1961,1971,Madhya Pradesh
Panna,Panna,1971,1981,Madhya Pradesh
Panna,Panna,1981,1991,Madhya Pradesh
Panna,Panna,1991,2001,Madhya Pradesh
Panna,Panna,2001,2011,Madhya Pradesh
Panna,Panna,2011,2024,Madhya Pradesh
Papum Pare,Papum Pare,2001,2011,Arunachal Pradesh
Papum Pare,Papum Pare,2011,2024,Arunachal Pradesh
Parbhani,Parbhani,1951,1961,Maharashtra
Parbhani,Parbhani,1951,1961,Maharashtra
Parbhani,Parbhani,1961,1971,Maharashtra
Parbhani,Parbhani,1961,1971,Maharashtra
Parbhani,Parbhani,1971,1981,Maharashtra
Parbhani,Parbhani,1971,1981,Maharashtra
Parbhani,Parbhani,1981,1991,Maharashtra
Parbhani,Parbhani,1981,1991,Maharashtra
Parbhani,Hingoli,1991,2001,Maharashtra
Parbhani,Parbhani,1991,2001,Maharashtra
Parbhani,Parbhani,2001,2011,Maharashtra
Parbhani,Parbhani,2011,2024,Maharashtra
Paschim Medinipur,Paschim Medinipur,2011,2024,West Bengal
Paschim Medinipur,Jhargram,2011,2024,West Bengal
Pashchim Champaran,Pashchim Champaran,1981,1991,Bihar
Pashchim Champaran,Pashchim Champaran,1991,2001,Bihar
Pashchim Champaran,Pashchim Champaran,2001,2011,Bihar
Pashchim Champaran,Pashchim Champaran,2011,2024,Bihar
Pashchimi Singhbhum,Pashchimi Singhbhum,1991,2001,Jharkhand
Pashchimi Singhbhum,Pashchimi Singhbhum,1991,2001,Jharkhand
Pashchimi Singhbhum,Pashchimi Singhbhum,2001,2011,Jharkhand
Pashchimi Singhbhum,Saraikela-kharsawan,2001,2011,Jharkhand
Pashchimi Singhbhum,Pashchimi Singhbhum,2011,2024,Jharkhand
Pasumpon Muthuramalinga Thevar,Sivaganga,1991,2001,Tamil Nadu
Patan,Patan,2001,2011,Gujarat
Patan,Patan,2011,2024,Gujarat
Pathanamthitta,Pathanamthitta,1991,2001,Kerala
Pathanamthitta,Pathanamthitta,1991,2001,Kerala
Pathanamthitta,Pathanamthitta,1991,2001,Kerala
Pathanamthitta,Pathanamthitta,2001,2011,Kerala
Pathanamthitta,Pathanamthitta,2001,2011,Kerala
Pathanamthitta,Pathanamthitta,2001,2011,Kerala
Pathanamthitta,Pathanamthitta,2011,2024,Kerala
Pathanamthitta,Pathanamthitta,2011,2024,Kerala
Pathanamthitta,Pathanamthitta,2011,2024,Kerala
Patiala,Patiala,1951,1961,Punjab
Patiala,Patiala,1951,1961,Punjab
Patiala,Patiala,1961,1971,Punjab
Patiala,Patiala,1961,1971,Punjab
Patiala,Patiala,1961,1971,Punjab
Patiala,Patiala,1971,1981,Punjab
Patiala,Patiala,1971,1981,Punjab
Patiala,Patiala,1971,1981,Punjab
Patiala,Patiala,1981,1991,Punjab
Patiala,Patiala,1981,1991,Punjab
Patiala,Patiala,1981,1991,Punjab
Patiala,Fatehgarh Sahib,1991,2001,Punjab
Patiala,Patiala,1991,2001,Punjab
Patiala,Patiala,1991,2001,Punjab
Patiala,Patiala,2001,2011,Punjab
Patiala,Sahibzada Ajit Singh Nagar,2001,2011,Punjab
Patiala,Patiala,2011,2024,Punjab
Patna,Patna,1951,1961,Bihar
Patna,Patna,1951,1961,Bihar
Patna,Patna,1961,1971,Bihar
Patna,Patna,1961,1971,Bihar
Patna,Nalanda,1971,1981,Bihar
Patna,Patna,1971,1981,Bihar
Patna,Patna,1981,1991,Bihar
Patna,Patna,1991,2001,Bihar
Patna,Patna,2001,2011,Bihar
Patna,Patna,2011,2024,Bihar
Perambalur,Perambalur,2001,2011,Tamil Nadu
Perambalur,Ariyalur,2001,2011,Tamil Nadu
Perambalur,Perambalur,2011,2024,Tamil Nadu
Peren,Peren,2011,2024,Nagaland
Periyar,Periyar,1981,1991,Tamil Nadu
Periyar,Periyar,1981,1991,Tamil Nadu
Periyar,Erode,1991,2001,Tamil Nadu
Periyar,Erode,1991,2001,Tamil Nadu
Phek,Phek,1981,1991,Nagaland
Phek,Phek,1991,2001,Nagaland
Phek,Phek,2001,2011,Nagaland
Phek,Phek,2011,2024,Nagaland
Phulabani,Phulabani,1981,1991,Odisha
Phulabani,Phulabani,1981,1991,Odisha
Phulabani,Kandhamal,1991,2001,Odisha
Phulabani,Baudh,1991,2001,Odisha
Phulbani,Baudh Khondmals,1951,1961,Odisha
Phulbani,Baudh Khondmals,1951,1961,Odisha
Pilibhit,Pilibhit,1951,1961,Uttar Pradesh
Pilibhit,Pilibhit,1961,1971,Uttar Pradesh
Pilibhit,Pilibhit,1971,1981,Uttar Pradesh
Pilibhit,Pilibhit,1981,1991,Uttar Pradesh
Pilibhit,Pilibhit,1991,2001,Uttar Pradesh
Pilibhit,Pilibhit,2001,2011,Uttar Pradesh
Pilibhit,Pilibhit,2011,2024,Uttar Pradesh
Pithoragarh,Pithoragarh,1961,1971,Uttarakhand
Pithoragarh,Pithoragarh,1961,1971,Uttarakhand
Pithoragarh,Pithoragarh,1971,1981,Uttarakhand
Pithoragarh,Pithoragarh,1971,1981,Uttarakhand
Pithoragarh,Pithoragarh,1981,1991,Uttarakhand
Pithoragarh,Pithoragarh,1981,1991,Uttarakhand
Pithoragarh,Pithoragarh,1991,2001,Uttarakhand
Pithoragarh,Champawat,1991,2001,Uttarakhand
Pithoragarh,Pithoragarh,2001,2011,Uttarakhand
Pithoragarh,Pithoragarh,2011,2024,Uttarakhand
Pondicherry,Pondicherry,1951,1961,Puducherry
Pondicherry,Pondicherry,1961,1971,Puducherry
Pondicherry,Pondicherry,1971,1981,Puducherry
Pondicherry,Pondicherry,1981,1991,Puducherry
Pondicherry,Pondicherry,1991,2001,Puducherry
Pondicherry,Puducherry,2001,2011,Puducherry
Poona,Poona,1951,1961,Maharashtra
Poona,Poona,1961,1971,Maharashtra
Poona,Pune,1971,1981,Maharashtra
Poonch,Punch,1961,1971,Jammu & Kashmir
Poonch,Rajauri,1961,1971,Jammu & Kashmir
Porbandar,Porbandar,2001,2011,Gujarat
Porbandar,Porbandar,2011,2024,Gujarat
Prakasam,Prakasam,1981,1991,Andhra Pradesh
Prakasam,Prakasam,1991,2001,Andhra Pradesh
Prakasam,Prakasam,2001,2011,Andhra Pradesh
Prakasam,Prakasam,2011,2024,Andhra Pradesh
Pratapgarh,Pratapgarh,2011,2024,Rajasthan
Pratapgarh,Pratapgarh,1951,1961,Uttar Pradesh
Pratapgarh,Pratapgarh,1961,1971,Uttar Pradesh
Pratapgarh,Pratapgarh,1971,1981,Uttar Pradesh
Pratapgarh,Pratapgarh,1981,1991,Uttar Pradesh
Pratapgarh,Pratapgarh,1991,2001,Uttar Pradesh
Pratapgarh,Pratapgarh,2001,2011,Uttar Pradesh
Pratapgarh,Pratapgarh,2011,2024,Uttar Pradesh
Puducherry,Puducherry,2011,2024,Puducherry
Pudukkottai,Pudukkottai,1981,1991,Tamil Nadu
Pudukkottai,Pudukkottai,1981,1991,Tamil Nadu
Pudukkottai,Pudukkottai,1991,2001,Tamil Nadu
Pudukkottai,Pudukkottai,1991,2001,Tamil Nadu
Pudukkottai,Pudukkottai,2001,2011,Tamil Nadu
Pudukkottai,Pudukkottai,2001,2011,Tamil Nadu
Pudukkottai,Pudukkottai,2011,2024,Tamil Nadu
Pudukkottai,Pudukkottai,2011,2024,Tamil Nadu
Pulwama,Pulwama,1981,1991,Jammu & Kashmir
Pulwama,Pulwama,1981,1991,Jammu & Kashmir
Pulwama,Pulwama,1981,1991,Jammu & Kashmir
Pulwama,Pulwama,1991,2001,Jammu & Kashmir
Pulwama,Pulwama,1991,2001,Jammu & Kashmir
Pulwama,Pulwama,1991,2001,Jammu & Kashmir
Pulwama,Pulwama,2001,2011,Jammu & Kashmir
Pulwama,Shupiyan,2001,2011,Jammu & Kashmir
Pulwama,Kulgam,2001,2011,Jammu & Kashmir
Pulwama,Pulwama,2011,2024,Jammu & Kashmir
Punch,Punch,1971,1981,Jammu & Kashmir
Punch,Punch,1981,1991,Jammu & Kashmir
Punch,Punch,1991,2001,Jammu & Kashmir
Punch,Punch,2001,2011,Jammu & Kashmir
Punch,Punch,2011,2024,Jammu & Kashmir
Pune,Pune,1981,1991,Maharashtra
Pune,Pune,1991,2001,Maharashtra
Pune,Pune,2001,2011,Maharashtra
Pune,Pune,2011,2024,Maharashtra
Purba Champaran,Purba Champaran,1981,1991,Bihar
Purba Champaran,Purba Champaran,1991,2001,Bihar
Purba Champaran,Purba Champaran,2001,2011,Bihar
Purba Champaran,Purba Champaran,2011,2024,Bihar
Purba Medinipur,Purba Medinipur,2011,2024,West Bengal
Purbi Singhbhum,Purbi Singhbhum,1991,2001,Jharkhand
Purbi Singhbhum,Purbi Singhbhum,2001,2011,Jharkhand
Purbi Singhbhum,Purbi Singhbhum,2011,2024,Jharkhand
Puri,Puri,1951,1961,Odisha
Puri,Puri,1951,1961,Odisha
Puri,Puri,1951,1961,Odisha
Puri,Puri,1961,1971,Odisha
Puri,Puri,1961,1971,Odisha
Puri,Puri,1961,1971,Odisha
Puri,Puri,1971,1981,Odisha
Puri,Puri,1971,1981,Odisha
Puri,Puri,1971,1981,Odisha
Puri,Puri,1981,1991,Odisha
Puri,Puri,1981,1991,Odisha
Puri,Puri,1981,1991,Odisha
Puri,Nayagarh,1991,2001,Odisha
Puri,Khordha,1991,2001,Odisha
Puri,Puri,1991,2001,Odisha
Puri,Puri,2001,2011,Odisha
Puri,Puri,2011,2024,Odisha
Purnea,Purnea,1951,1961,Bihar
Purnea,Purnea,1951,1961,Bihar
Purnea,Purnea,1951,1961,Bihar
Purnea,Purnea,1951,1961,Bihar
Purnea,Purnea,1961,1971,Bihar
Purnea,Purnea,1961,1971,Bihar
Purnea,Purnea,1961,1971,Bihar
Purnea,Purnea,1961,1971,Bihar
Purnea,Purnia,1971,1981,Bihar
Purnea,Purnia,1971,1981,Bihar
Purnea,Purnia,1971,1981,Bihar
Purnea,Katihar,1971,1981,Bihar
Purnia,Araria,1981,1991,Bihar
Purnia,Kishanganj,1981,1991,Bihar
Purnia,Purnia,1981,1991,Bihar
Purnia,Purnia,1991,2001,Bihar
Purnia,Purnia,2001,2011,Bihar
Purnia,Purnia,2011,2024,Bihar
Purulia,Purulia,1951,1961,West Bengal
Purulia,Purulia,1961,1971,West Bengal
Purulia,Puruliya,1971,1981,West Bengal
Puruliya,Puruliya,1981,1991,West Bengal
Puruliya,Puruliya,1991,2001,West Bengal
Puruliya,Puruliya,2001,2011,West Bengal
Puruliya,Puruliya,2011,2024,West Bengal
Quilon,Alleppey,1951,1961,Kerala
Quilon,Quilon,1951,1961,Kerala
Quilon,Quilon,1951,1961,Kerala
Quilon,Quilon,1961,1971,Kerala
Quilon,Quilon,1961,1971,Kerala
Quilon,Quilon,1971,1981,Kerala
Quilon,Quilon,1971,1981,Kerala
Quilon,Pathanamthitta,1981,1991,Kerala
Quilon,Kollam,1981,1991,Kerala
Rae Bareli,Rae Bareli,1951,1961,Uttar Pradesh
Rae Bareli,Rae Bareli,1961,1971,Uttar Pradesh
Rae Bareli,Rae Bareli,1971,1981,Uttar Pradesh
Rae Bareli,Rae Bareli,1981,1991,Uttar Pradesh
Rae Bareli,Rae Bareli,1991,2001,Uttar Pradesh
Rae Bareli,Rae Bareli,2001,2011,Uttar Pradesh
Rae Bareli,Rae Bareli,2011,2024,Uttar Pradesh
Raichur,Raichur,1951,1961,Karnataka
Raichur,Raichur,1951,1961,Karnataka
Raichur,Raichur,1961,1971,Karnataka
Raichur,Raichur,1961,1971,Karnataka
Raichur,Raichur,1971,1981,Karnataka
Raichur,Raichur,1971,1981,Karnataka
Raichur,Raichur,1981,1991,Karnataka
Raichur,Raichur,1981,1991,Karnataka
Raichur,Koppal,1991,2001,Karnataka
Raichur,Raichur,1991,2001,Karnataka
Raichur,Raichur,2001,2011,Karnataka
Raichur,Raichur,2011,2024,Karnataka
Raigarh,Raigarh,1951,1961,Chhattisgarh
Raigarh,Raigarh,1951,1961,Chhattisgarh
Raigarh,Raigarh,1961,1971,Chhattisgarh
Raigarh,Raigarh,1961,1971,Chhattisgarh
Raigarh,Raigarh,1971,1981,Chhattisgarh
Raigarh,Raigarh,1971,1981,Chhattisgarh
Raigarh,Raigarh,1981,1991,Chhattisgarh
Raigarh,Raigarh,1981,1991,Chhattisgarh
Raigarh,Jashpur,1991,2001,Chhattisgarh
Raigarh,Raigarh,1991,2001,Chhattisgarh
Raigarh,Raigarh,2001,2011,Chhattisgarh
Raigarh,Raigarh,2011,2024,Chhattisgarh
Raigarh,Raigarh,1981,1991,Maharashtra
Raigarh,Raigarh,1991,2001,Maharashtra
Raigarh,Raigarh,2001,2011,Maharashtra
Raigarh,Raigarh,2011,2024,Maharashtra
Raipur,Raipur,1951,1961,Chhattisgarh
Raipur,Raipur,1951,1961,Chhattisgarh
Raipur,Raipur,1951,1961,Chhattisgarh
Raipur,Raipur,1951,1961,Chhattisgarh
Raipur,Raipur,1951,1961,Chhattisgarh
Raipur,Raipur,1961,1971,Chhattisgarh
Raipur,Raipur,1961,1971,Chhattisgarh
Raipur,Raipur,1961,1971,Chhattisgarh
Raipur,Raipur,1961,1971,Chhattisgarh
Raipur,Raipur,1961,1971,Chhattisgarh
Raipur,Raipur,1971,1981,Chhattisgarh
Raipur,Raipur,1971,1981,Chhattisgarh
Raipur,Raipur,1971,1981,Chhattisgarh
Raipur,Raipur,1971,1981,Chhattisgarh
Raipur,Raipur,1971,1981,Chhattisgarh
Raipur,Raipur,1981,1991,Chhattisgarh
Raipur,Raipur,1981,1991,Chhattisgarh
Raipur,Raipur,1981,1991,Chhattisgarh
Raipur,Raipur,1981,1991,Chhattisgarh
Raipur,Raipur,1981,1991,Chhattisgarh
Raipur,Raipur,1991,2001,Chhattisgarh
Raipur,Mahasamund,1991,2001,Chhattisgarh
Raipur,Dhamtari,1991,2001,Chhattisgarh
Raipur,Raipur,1991,2001,Chhattisgarh
Raipur,Raipur,1991,2001,Chhattisgarh
Raipur,Raipur,2001,2011,Chhattisgarh
Raipur,Raipur,2001,2011,Chhattisgarh
Raipur,Raipur,2001,2011,Chhattisgarh
Raipur,Raipur,2011,2024,Chhattisgarh
Raipur,Baloda Bazar,2011,2024,Chhattisgarh
Raipur,Gariyaband,2011,2024,Chhattisgarh
Raisen,Raisen,1951,1961,Madhya Pradesh
Raisen,Raisen,1961,1971,Madhya Pradesh
Raisen,Raisen,1971,1981,Madhya Pradesh
Raisen,Raisen,1981,1991,Madhya Pradesh
Raisen,Raisen,1991,2001,Madhya Pradesh
Raisen,Raisen,2001,2011,Madhya Pradesh
Raisen,Raisen,2011,2024,Madhya Pradesh
Raj Nandgaon,Raj Nandgaon,1981,1991,Chhattisgarh
Raj Nandgaon,Raj Nandgaon,1981,1991,Chhattisgarh
Raj Nandgaon,Kawardha,1991,2001,Chhattisgarh
Raj Nandgaon,Rajnandgaon,1991,2001,Chhattisgarh
Rajauri,Rajauri,1971,1981,Jammu & Kashmir
Rajauri,Rajauri,1981,1991,Jammu & Kashmir
Rajauri,Rajauri,1991,2001,Jammu & Kashmir
Rajauri,Rajouri,2001,2011,Jammu & Kashmir
Rajgarh,Rajgarh,1951,1961,Madhya Pradesh
Rajgarh,Rajgarh,1961,1971,Madhya Pradesh
Rajgarh,Rajgarh,1971,1981,Madhya Pradesh
Rajgarh,Rajgarh,1981,1991,Madhya Pradesh
Rajgarh,Rajgarh,1991,2001,Madhya Pradesh
Rajgarh,Rajgarh,2001,2011,Madhya Pradesh
Rajgarh,Rajgarh,2011,2024,Madhya Pradesh
Rajkot,Rajkot,1961,1971,Gujarat
Rajkot,Rajkot,1961,1971,Gujarat
Rajkot,Rajkot,1971,1981,Gujarat
Rajkot,Rajkot,1971,1981,Gujarat
Rajkot,Rajkot,1981,1991,Gujarat
Rajkot,Rajkot,1981,1991,Gujarat
Rajkot,Rajkot,1991,2001,Gujarat
Rajkot,Rajkot,1991,2001,Gujarat
Rajkot,Rajkot,2001,2011,Gujarat
Rajkot,Rajkot,2001,2011,Gujarat
Rajkot,Rajkot,2011,2024,Gujarat
Rajkot,Morbi,2011,2024,Gujarat
Rajnandgaon,Rajnandgaon,2001,2011,Chhattisgarh
Rajnandgaon,Rajnandgaon,2011,2024,Chhattisgarh
Rajouri,Rajouri,2011,2024,Jammu & Kashmir
Rajsamand,Rajsamand,2001,2011,Rajasthan
Rajsamand,Rajsamand,2011,2024,Rajasthan
Ramanagara,Bengaluru South,2011,2024,Karnataka
Ramanathapuram,Ramanathapuram,1951,1961,Tamil Nadu
Ramanathapuram,Ramanathapuram,1951,1961,Tamil Nadu
Ramanathapuram,Ramanathapuram,1951,1961,Tamil Nadu
Ramanathapuram,Ramanathapuram,1961,1971,Tamil Nadu
Ramanathapuram,Ramanathapuram,1961,1971,Tamil Nadu
Ramanathapuram,Ramanathapuram,1961,1971,Tamil Nadu
Ramanathapuram,Ramanathapuram,1971,1981,Tamil Nadu
Ramanathapuram,Ramanathapuram,1971,1981,Tamil Nadu
Ramanathapuram,Ramanathapuram,1971,1981,Tamil Nadu
Ramanathapuram,Pasumpon Muthuramalinga Thevar,1981,1991,Tamil Nadu
Ramanathapuram,Kamarajar,1981,1991,Tamil Nadu
Ramanathapuram,Ramanathapuram,1981,1991,Tamil Nadu
Ramanathapuram,Ramanathapuram,1991,2001,Tamil Nadu
Ramanathapuram,Ramanathapuram,2001,2011,Tamil Nadu
Ramanathapuram,Ramanathapuram,2011,2024,Tamil Nadu
Ramban,Ramban,2011,2024,Jammu & Kashmir
Ramgarh,Ramgarh,2011,2024,Jharkhand
Rampur,Rampur,1951,1961,Uttar Pradesh
Rampur,Rampur,1961,1971,Uttar Pradesh
Rampur,Rampur,1971,1981,Uttar Pradesh
Rampur,Rampur,1981,1991,Uttar Pradesh
Rampur,Rampur,1991,2001,Uttar Pradesh
Rampur,Rampur,2001,2011,Uttar Pradesh
Rampur,Rampur,2011,2024,Uttar Pradesh
Ranchi,Ranchi,1951,1961,Jharkhand
Ranchi,Ranchi,1951,1961,Jharkhand
Ranchi,Ranchi,1951,1961,Jharkhand
Ranchi,Ranchi,1951,1961,Jharkhand
Ranchi,Ranchi,1951,1961,Jharkhand
Ranchi,Ranchi,1961,1971,Jharkhand
Ranchi,Ranchi,1961,1971,Jharkhand
Ranchi,Ranchi,1961,1971,Jharkhand
Ranchi,Ranchi,1961,1971,Jharkhand
Ranchi,Ranchi,1961,1971,Jharkhand
Ranchi,Ranchi,1971,1981,Jharkhand
Ranchi,Ranchi,1971,1981,Jharkhand
Ranchi,Ranchi,1971,1981,Jharkhand
Ranchi,Ranchi,1971,1981,Jharkhand
Ranchi,Ranchi,1971,1981,Jharkhand
Ranchi,Ranchi,1981,1991,Jharkhand
Ranchi,Ranchi,1981,1991,Jharkhand
Ranchi,Lohardaga,1981,1991,Jharkhand
Ranchi,Gumla,1981,1991,Jharkhand
Ranchi,Gumla,1981,1991,Jharkhand
Ranchi,Ranchi,1991,2001,Jharkhand
Ranchi,Ranchi,1991,2001,Jharkhand
Ranchi,Ranchi,2001,2011,Jharkhand
Ranchi,Khunti,2001,2011,Jharkhand
Ranchi,Ranchi,2011,2024,Jharkhand
Rangareddi,Rangareddi,1981,1991,Telangana
Rangareddi,Rangareddi,1981,1991,Telangana
Rangareddi,Rangareddi,1981,1991,Telangana
Rangareddi,Rangareddi,1991,2001,Telangana
Rangareddi,Rangareddi,1991,2001,Telangana
Rangareddi,Rangareddi,1991,2001,Telangana
Rangareddi,Rangareddy,2001,2011,Telangana
Rangareddi,Rangareddy,2001,2011,Telangana
Rangareddi,Rangareddy,2001,2011,Telangana
Rangareddy,Rangareddy,2011,2024,Telangana
Rangareddy,Medchal–Malkajgiri,2011,2024,Telangana
Rangareddy,Vikarabad,2011,2024,Telangana
Ratlam,Ratlam,1951,1961,Madhya Pradesh
Ratlam,Ratlam,1961,1971,Madhya Pradesh
Ratlam,Ratlam,1971,1981,Madhya Pradesh
Ratlam,Ratlam,1981,1991,Madhya Pradesh
Ratlam,Ratlam,1991,2001,Madhya Pradesh
Ratlam,Ratlam,2001,2011,Madhya Pradesh
Ratlam,Ratlam,2011,2024,Madhya Pradesh
Ratnagiri,Ratnagiri,1951,1961,Maharashtra
Ratnagiri,Ratnagiri,1951,1961,Maharashtra
Ratnagiri,Ratnagiri,1961,1971,Maharashtra
Ratnagiri,Ratnagiri,1961,1971,Maharashtra
Ratnagiri,Ratnagiri,1971,1981,Maharashtra
Ratnagiri,Ratnagiri,1971,1981,Maharashtra
Ratnagiri,Ratnagiri,1981,1991,Maharashtra
Ratnagiri,Sindhudurg,1981,1991,Maharashtra
Ratnagiri,Ratnagiri,1991,2001,Maharashtra
Ratnagiri,Ratnagiri,2001,2011,Maharashtra
Ratnagiri,Ratnagiri,2011,2024,Maharashtra
Rayagada,Rayagada,2001,2011,Odisha
Rayagada,Rayagada,2011,2024,Odisha
Reasi,Reasi,2011,2024,Jammu & Kashmir
Rewa,Rewa,1951,1961,Madhya Pradesh
Rewa,Rewa,1961,1971,Madhya Pradesh
Rewa,Rewa,1971,1981,Madhya Pradesh
Rewa,Rewa,1981,1991,Madhya Pradesh
Rewa,Rewa,1991,2001,Madhya Pradesh
Rewa,Rewa,2001,2011,Madhya Pradesh
Rewa,Rewa,2011,2024,Madhya Pradesh
Rewari,Rewari,1991,2001,Haryana
Rewari,Rewari,2001,2011,Haryana
Rewari,Rewari,2011,2024,Haryana
Ri Bhoi,Ri Bhoi,2001,2011,Meghalaya
Ri Bhoi,Ri Bhoi,2011,2024,Meghalaya
Rohtak,Rohtak,1951,1961,Haryana
Rohtak,Rohtak,1951,1961,Haryana
Rohtak,Rohtak,1951,1961,Haryana
Rohtak,Rohtak,1951,1961,Haryana
Rohtak,Rohtak,1961,1971,Haryana
Rohtak,Rohtak,1961,1971,Haryana
Rohtak,Rohtak,1961,1971,Haryana
Rohtak,Rohtak,1961,1971,Haryana
Rohtak,Karnal,1971,1981,Haryana
Rohtak,Sonipat,1971,1981,Haryana
Rohtak,Rohtak,1971,1981,Haryana
Rohtak,Rohtak,1971,1981,Haryana
Rohtak,Rohtak,1981,1991,Haryana
Rohtak,Rohtak,1981,1991,Haryana
Rohtak,Rohtak,1991,2001,Haryana
Rohtak,Jhajjar,1991,2001,Haryana
Rohtak,Rohtak,2001,2011,Haryana
Rohtak,Rohtak,2011,2024,Haryana
Rohtas,Rohtas,1981,1991,Bihar
Rohtas,Rohtas,1981,1991,Bihar
Rohtas,Kaimur (Bhabua),1991,2001,Bihar
Rohtas,Rohtas,1991,2001,Bihar
Rohtas,Rohtas,2001,2011,Bihar
Rohtas,Rohtas,2011,2024,Bihar
Ropar,Rupnagar,1971,1981,Punjab
Ropar,Rupnagar,1971,1981,Punjab
Rudraprayag,Rudraprayag,2001,2011,Uttarakhand
Rudraprayag,Rudraprayag,2011,2024,Uttarakhand
Rupnagar,Rupnagar,1981,1991,Punjab
Rupnagar,Rupnagar,1981,1991,Punjab
Rupnagar,Rupnagar,1991,2001,Punjab
Rupnagar,Rupnagar,1991,2001,Punjab
Rupnagar,Rupnagar,2001,2011,Punjab
Rupnagar,Sahibzada Ajit Singh Nagar,2001,2011,Punjab
Rupnagar,Rupnagar,2011,2024,Punjab
Sabar Kantha,Sabar Kantha,1971,1981,Gujarat
Sabar Kantha,Sabar Kantha,1971,1981,Gujarat
Sabar Kantha,Sabar Kantha,1981,1991,Gujarat
Sabar Kantha,Sabar Kantha,1981,1991,Gujarat
Sabar Kantha,Sabar Kantha,1991,2001,Gujarat
Sabar Kantha,Sabar Kantha,1991,2001,Gujarat
Sabar Kantha,Sabar Kantha,2001,2011,Gujarat
Sabar Kantha,Sabar Kantha,2001,2011,Gujarat
Sabar Kantha,Sabar Kantha,2011,2024,Gujarat
Sabar Kantha,Aravalli,2011,2024,Gujarat
Sabarkantha,Sabarkantha,1951,1961,Gujarat
Sabarkantha,Sabarkantha,1951,1961,Gujarat
Sabarkantha,Sabar Kantha,1961,1971,Gujarat
Sabarkantha,Sabar Kantha,1961,1971,Gujarat
Sagar,Sagar,1951,1961,Madhya Pradesh
Sagar,Damoh,1951,1961,Madhya Pradesh
Sagar,Sagar,1961,1971,Madhya Pradesh
Sagar,Sagar,1971,1981,Madhya Pradesh
Sagar,Sagar,1981,1991,Madhya Pradesh
Sagar,Sagar,1991,2001,Madhya Pradesh
Sagar,Sagar,2001,2011,Madhya Pradesh
Sagar,Sagar,2011,2024,Madhya Pradesh
Saharanpur,Saharanpur,1951,1961,Uttar Pradesh
Saharanpur,Saharanpur,1961,1971,Uttar Pradesh
Saharanpur,Saharanpur,1971,1981,Uttar Pradesh
Saharanpur,Saharanpur,1981,1991,Uttar Pradesh
Saharanpur,Saharanpur,1991,2001,Uttar Pradesh
Saharanpur,Saharanpur,2001,2011,Uttar Pradesh
Saharanpur,Saharanpur,2011,2024,Uttar Pradesh
Saharanpur,Saharanpur,1951,1961,Uttarakhand
Saharanpur,Saharanpur,1961,1971,Uttarakhand
Saharanpur,Saharanpur,1971,1981,Uttarakhand
Saharanpur,Hardwar,1981,1991,Uttarakhand
Saharsa,Saharsa,1951,1961,Bihar
Saharsa,Saharsa,1951,1961,Bihar
Saharsa,Saharsa,1951,1961,Bihar
Saharsa,Saharsa,1961,1971,Bihar
Saharsa,Saharsa,1961,1971,Bihar
Saharsa,Saharsa,1961,1971,Bihar
Saharsa,Saharsa,1971,1981,Bihar
Saharsa,Saharsa,1971,1981,Bihar
Saharsa,Saharsa,1971,1981,Bihar
Saharsa,Saharsa,1981,1991,Bihar
Saharsa,Madhepura,1981,1991,Bihar
Saharsa,Saharsa,1981,1991,Bihar
Saharsa,Supaul,1991,2001,Bihar
Saharsa,Saharsa,1991,2001,Bihar
Saharsa,Saharsa,2001,2011,Bihar
Saharsa,Saharsa,2011,2024,Bihar
Sahibganj,Sahibganj,1991,2001,Jharkhand
Sahibganj,Pakaur,1991,2001,Jharkhand
Sahibganj,Sahibganj,2001,2011,Jharkhand
Sahibganj,Sahibganj,2011,2024,Jharkhand
Sahibzada Ajit Singh Nagar,Sahibzada Ajit Singh Nagar,2011,2024,Punjab
Sahibzada Ajit Singh Nagar,Sahibzada Ajit Singh Nagar,2011,2024,Punjab
Saiha,Saiha,2001,2011,Mizoram
Saiha,Saiha,2011,2024,Mizoram
Salem,Salem,1951,1961,Tamil Nadu
Salem,Salem,1951,1961,Tamil Nadu
Salem,Salem,1951,1961,Tamil Nadu
Salem,Salem,1951,1961,Tamil Nadu
Salem,Salem,1961,1971,Tamil Nadu
Salem,Salem,1961,1971,Tamil Nadu
Salem,Dharmapuri,1961,1971,Tamil Nadu
Salem,Dharmapuri,1961,1971,Tamil Nadu
Salem,Salem,1971,1981,Tamil Nadu
Salem,Salem,1971,1981,Tamil Nadu
Salem,Salem,1981,1991,Tamil Nadu
Salem,Salem,1981,1991,Tamil Nadu
Salem,Salem,1991,2001,Tamil Nadu
Salem,Namakkal,1991,2001,Tamil Nadu
Salem,Salem,2001,2011,Tamil Nadu
Salem,Salem,2011,2024,Tamil Nadu
Samastipur,Samastipur,1981,1991,Bihar
Samastipur,Samastipur,1991,2001,Bihar
Samastipur,Samastipur,2001,2011,Bihar
Samastipur,Samastipur,2011,2024,Bihar
Samba,Samba,2011,2024,Jammu & Kashmir
Sambalpur,Sambalpur,1951,1961,Odisha
Sambalpur,Sambalpur,1951,1961,Odisha
Sambalpur,Sambalpur,1951,1961,Odisha
Sambalpur,Sambalpur,1951,1961,Odisha
Sambalpur,Sambalpur,1961,1971,Odisha
Sambalpur,Sambalpur,1961,1971,Odisha
Sambalpur,Sambalpur,1961,1971,Odisha
Sambalpur,Sambalpur,1961,1971,Odisha
Sambalpur,Sambalpur,1971,1981,Odisha
Sambalpur,Sambalpur,1971,1981,Odisha
Sambalpur,Sambalpur,1971,1981,Odisha
Sambalpur,Sambalpur,1971,1981,Odisha
Sambalpur,Sambalpur,1981,1991,Odisha
Sambalpur,Sambalpur,1981,1991,Odisha
Sambalpur,Sambalpur,1981,1991,Odisha
Sambalpur,Sambalpur,1981,1991,Odisha
Sambalpur,Bargarh,1991,2001,Odisha
Sambalpur,Jharsuguda,1991,2001,Odisha
Sambalpur,Sambalpur,1991,2001,Odisha
Sambalpur,Debagarh,1991,2001,Odisha
Sambalpur,Sambalpur,2001,2011,Odisha
Sambalpur,Sambalpur,2011,2024,Odisha
Sangli,Sangli,1961,1971,Maharashtra
Sangli,Sangli,1971,1981,Maharashtra
Sangli,Sangli,1981,1991,Maharashtra
Sangli,Sangli,1991,2001,Maharashtra
Sangli,Sangli,2001,2011,Maharashtra
Sangli,Sangli,2011,2024,Maharashtra
Sangrur,Sangrur,1951,1961,Haryana
Sangrur,Jind,1961,1971,Haryana
Sangrur,Sangrur,1951,1961,Punjab
Sangrur,Sangrur,1951,1961,Punjab
Sangrur,Sangrur,1961,1971,Punjab
Sangrur,Sangrur,1961,1971,Punjab
Sangrur,Sangrur,1961,1971,Punjab
Sangrur,Sangrur,1971,1981,Punjab
Sangrur,Sangrur,1971,1981,Punjab
Sangrur,Sangrur,1971,1981,Punjab
Sangrur,Sangrur,1981,1991,Punjab
Sangrur,Sangrur,1981,1991,Punjab
Sangrur,Sangrur,1981,1991,Punjab
Sangrur,Sangrur,1991,2001,Punjab
Sangrur,Sangrur,1991,2001,Punjab
Sangrur,Sangrur,1991,2001,Punjab
Sangrur,Sangrur,2001,2011,Punjab
Sangrur,Barnala,2001,2011,Punjab
Sangrur,Sangrur,2001,2011,Punjab
Sangrur,Sangrur,2011,2024,Punjab
Sangrur,Malerkotla,2011,2024,Punjab
Sant Kabir Nagar,Sant Kabir Nagar,2001,2011,Uttar Pradesh
Sant Kabir Nagar,Sant Kabir Nagar,2011,2024,Uttar Pradesh
Sant Ravidas Nagar,Sant Ravidas Nagar (Bhadohi),2001,2011,Uttar Pradesh
Sant Ravidas Nagar (Bhadohi),Bhadohi,2011,2024,Uttar Pradesh
Santal Parganas,Santal Parganas,1951,1961,Jharkhand
Santal Parganas,Santal Parganas,1951,1961,Jharkhand
Santal Parganas,Santal Parganas,1951,1961,Jharkhand
Santal Parganas,Santal Parganas,1951,1961,Jharkhand
Santal Parganas,Santal Parganas,1951,1961,Jharkhand
Santal Parganas,Santal Parganas,1951,1961,Jharkhand
Santal Parganas,Santal Parganas,1961,1971,Jharkhand
Santal Parganas,Santal Parganas,1961,1971,Jharkhand
Santal Parganas,Santal Parganas,1961,1971,Jharkhand
Santal Parganas,Santal Parganas,1961,1971,Jharkhand
Santal Parganas,Santal Parganas,1961,1971,Jharkhand
Santal Parganas,Santal Parganas,1961,1971,Jharkhand
Santal Parganas,Santhal Pargana,1971,1981,Jharkhand
Santal Parganas,Santhal Pargana,1971,1981,Jharkhand
Santal Parganas,Santhal Pargana,1971,1981,Jharkhand
Santal Parganas,Santhal Pargana,1971,1981,Jharkhand
Santal Parganas,Santhal Pargana,1971,1981,Jharkhand
Santal Parganas,Santhal Pargana,1971,1981,Jharkhand
Santhal Pargana,Deoghar,1981,1991,Jharkhand
Santhal Pargana,Godda,1981,1991,Jharkhand
Santhal Pargana,Sahibganj,1981,1991,Jharkhand
Santhal Pargana,Sahibganj,1981,1991,Jharkhand
Santhal Pargana,Dumka,1981,1991,Jharkhand
Santhal Pargana,Dumka,1981,1991,Jharkhand
Saraikela-kharsawan,Saraikela-kharsawan,2011,2024,Jharkhand
Saran,Saran,1951,1961,Bihar
Saran,Saran,1951,1961,Bihar
Saran,Saran,1951,1961,Bihar
Saran,Saran,1961,1971,Bihar
Saran,Saran,1961,1971,Bihar
Saran,Saran,1961,1971,Bihar
Saran,Gopalganj,1971,1981,Bihar
Saran,Siwan,1971,1981,Bihar
Saran,Saran,1971,1981,Bihar
Saran,Saran,1981,1991,Bihar
Saran,Saran,1991,2001,Bihar
Saran,Saran,2001,2011,Bihar
Saran,Saran,2011,2024,Bihar
Satara,Satara,1961,1971,Maharashtra
Satara,Satara,1971,1981,Maharashtra
Satara,Satara,1981,1991,Maharashtra
Satara,Satara,1991,2001,Maharashtra
Satara,Satara,2001,2011,Maharashtra
Satara,Satara,2011,2024,Maharashtra
Satara North,Satara,1951,1961,Maharashtra
Satara South,Sangli,1951,1961,Maharashtra
Satna,Satna,1951,1961,Madhya Pradesh
Satna,Satna,1961,1971,Madhya Pradesh
Satna,Satna,1971,1981,Madhya Pradesh
Satna,Satna,1981,1991,Madhya Pradesh
Satna,Satna,1991,2001,Madhya Pradesh
Satna,Satna,2001,2011,Madhya Pradesh
Satna,Satna,2011,2024,Madhya Pradesh
Sawai Madhopur,Sawai Madhopur,1961,1971,Rajasthan
Sawai Madhopur,Sawai Madhopur,1961,1971,Rajasthan
Sawai Madhopur,Sawai Madhopur,1971,1981,Rajasthan
Sawai Madhopur,Sawai Madhopur,1971,1981,Rajasthan
Sawai Madhopur,Sawai Madhopur,1981,1991,Rajasthan
Sawai Madhopur,Sawai Madhopur,1981,1991,Rajasthan
Sawai Madhopur,Karauli,1991,2001,Rajasthan
Sawai Madhopur,Sawai Madhopur,1991,2001,Rajasthan
Sawai Madhopur,Sawai Madhopur,2001,2011,Rajasthan
Sawai Madhopur,Sawai Madhopur,2011,2024,Rajasthan
Sehore,Sehore,1951,1961,Madhya Pradesh
Sehore,Sehore,1951,1961,Madhya Pradesh
Sehore,Sehore,1961,1971,Madhya Pradesh
Sehore,Sehore,1961,1971,Madhya Pradesh
Sehore,Bhopal,1971,1981,Madhya Pradesh
Sehore,Sehore,1971,1981,Madhya Pradesh
Sehore,Sehore,1981,1991,Madhya Pradesh
Sehore,Sehore,1991,2001,Madhya Pradesh
Sehore,Sehore,2001,2011,Madhya Pradesh
Sehore,Sehore,2011,2024,Madhya Pradesh
Senapati,Senapati,1991,2001,Manipur
Senapati,Senapati,1991,2001,Manipur
Senapati,Senapati,2001,2011,Manipur
Senapati,Senapati,2001,2011,Manipur
Senapati,Senapati,2011,2024,Manipur
Senapati,Kangpokpi,2011,2024,Manipur
Seoni,Seoni,1961,1971,Madhya Pradesh
Seoni,Seoni,1971,1981,Madhya Pradesh
Seoni,Seoni,1981,1991,Madhya Pradesh
Seoni,Seoni,1991,2001,Madhya Pradesh
Seoni,Seoni,2001,2011,Madhya Pradesh
Seoni,Seoni,2011,2024,Madhya Pradesh
Serchhip,Serchhip,2001,2011,Mizoram
Serchhip,Serchhip,2011,2024,Mizoram
Shahabad,Shahabad,1951,1961,Bihar
Shahabad,Shahabad,1951,1961,Bihar
Shahabad,Shahabad,1951,1961,Bihar
Shahabad,Shahabad,1951,1961,Bihar
Shahabad,Shahabad,1961,1971,Bihar
Shahabad,Shahabad,1961,1971,Bihar
Shahabad,Shahabad,1961,1971,Bihar
Shahabad,Shahabad,1961,1971,Bihar
Shahabad,Bhojpur,1971,1981,Bihar
Shahabad,Bhojpur,1971,1981,Bihar
Shahabad,Rohtas,1971,1981,Bihar
Shahabad,Rohtas,1971,1981,Bihar
Shahdol,Shahdol,1951,1961,Madhya Pradesh
Shahdol,Shahdol,1951,1961,Madhya Pradesh
Shahdol,Shahdol,1951,1961,Madhya Pradesh
Shahdol,Shahdol,1961,1971,Madhya Pradesh
Shahdol,Shahdol,1961,1971,Madhya Pradesh
Shahdol,Shahdol,1961,1971,Madhya Pradesh
Shahdol,Shahdol,1971,1981,Madhya Pradesh
Shahdol,Shahdol,1971,1981,Madhya Pradesh
Shahdol,Shahdol,1971,1981,Madhya Pradesh
Shahdol,Shahdol,1981,1991,Madhya Pradesh
Shahdol,Shahdol,1981,1991,Madhya Pradesh
Shahdol,Shahdol,1981,1991,Madhya Pradesh
Shahdol,Umaria,1991,2001,Madhya Pradesh
Shahdol,Shahdol,1991,2001,Madhya Pradesh
Shahdol,Shahdol,1991,2001,Madhya Pradesh
Shahdol,Shahdol,2001,2011,Madhya Pradesh
Shahdol,Annupur,2001,2011,Madhya Pradesh
Shahdol,Shahdol,2011,2024,Madhya Pradesh
Shahid Bhagat Singh Nagar,Shahid Bhagat Singh Nagar,2011,2024,Punjab
Shahid Bhagat Singh Nagar,Shahid Bhagat Singh Nagar,2011,2024,Punjab
Shahjahanpur,Shahjahanpur,1951,1961,Uttar Pradesh
Shahjahanpur,Shahjahanpur,1961,1971,Uttar Pradesh
Shahjahanpur,Shahjahanpur,1971,1981,Uttar Pradesh
Shahjahanpur,Shahjahanpur,1981,1991,Uttar Pradesh
Shahjahanpur,Shahjahanpur,1991,2001,Uttar Pradesh
Shahjahanpur,Shahjahanpur,2001,2011,Uttar Pradesh
Shahjahanpur,Shahjahanpur,2011,2024,Uttar Pradesh
Shajapur,Shajapur,1951,1961,Madhya Pradesh
Shajapur,Shajapur,1951,1961,Madhya Pradesh
Shajapur,Shajapur,1961,1971,Madhya Pradesh
Shajapur,Shajapur,1961,1971,Madhya Pradesh
Shajapur,Shajapur,1971,1981,Madhya Pradesh
Shajapur,Shajapur,1971,1981,Madhya Pradesh
Shajapur,Shajapur,1981,1991,Madhya Pradesh
Shajapur,Shajapur,1981,1991,Madhya Pradesh
Shajapur,Shajapur,1991,2001,Madhya Pradesh
Shajapur,Shajapur,1991,2001,Madhya Pradesh
Shajapur,Shajapur,2001,2011,Madhya Pradesh
Shajapur,Shajapur,2001,2011,Madhya Pradesh
Shajapur,Shajapur,2011,2024,Madhya Pradesh
Shajapur,Agar-Malwa,2011,2024,Madhya Pradesh
Sheikhpura,Sheikhpura,2001,2011,Bihar
Sheikhpura,Sheikhpura,2011,2024,Bihar
Sheohar,Sheohar,2001,2011,Bihar
Sheohar,Sheohar,2011,2024,Bihar
Sheopur,Sheopur,2001,2011,Madhya Pradesh
Sheopur,Sheopur,2011,2024,Madhya Pradesh
Shimla,Shimla,1981,1991,Himachal Pradesh
Shimla,Shimla,1981,1991,Himachal Pradesh
Shimla,Shimla,1991,2001,Himachal Pradesh
Shimla,Shimla,1991,2001,Himachal Pradesh
Shimla,Shimla,2001,2011,Himachal Pradesh
Shimla,Shimla,2001,2011,Himachal Pradesh
Shimla,Shimla,2011,2024,Himachal Pradesh
Shimla,Shimla,2011,2024,Himachal Pradesh
Shimoga,Shimoga,1951,1961,Karnataka
Shimoga,Shimoga,1961,1971,Karnataka
Shimoga,Shimoga,1971,1981,Karnataka
Shimoga,Shimoga,1981,1991,Karnataka
Shimoga,Shimoga,1991,2001,Karnataka
Shimoga,Shimoga,2001,2011,Karnataka
Shimoga,Shivamogga,2011,2024,Karnataka
Shivpuri,Shivpuri,1951,1961,Madhya Pradesh
Shivpuri,Shivpuri,1961,1971,Madhya Pradesh
Shivpuri,Shivpuri,1971,1981,Madhya Pradesh
Shivpuri,Shivpuri,1981,1991,Madhya Pradesh
Shivpuri,Shivpuri,1991,2001,Madhya Pradesh
Shivpuri,Shivpuri,2001,2011,Madhya Pradesh
Shivpuri,Shivpuri,2011,2024,Madhya Pradesh
Sholapur,Sholapur,1951,1961,Maharashtra
Sholapur,Sholapur,1961,1971,Maharashtra
Sholapur,Solapur,1971,1981,Maharashtra
Shrawasti,Shrawasti,2001,2011,Uttar Pradesh
Shrawasti,Shrawasti,2011,2024,Uttar Pradesh
Shupiyan,Shupiyan,2011,2024,Jammu & Kashmir
Siang,West Siang,1971,1981,Arunachal Pradesh
Siang,West Siang,1971,1981,Arunachal Pradesh
Siang,West Siang,1971,1981,Arunachal Pradesh
Siang,West Siang,1971,1981,Arunachal Pradesh
Siang,West Siang,1971,1981,Arunachal Pradesh
Siang,West Siang,1971,1981,Arunachal Pradesh
Siang,East Siang,1971,1981,Arunachal Pradesh
Siang,East Siang,1971,1981,Arunachal Pradesh
Siang,East Siang,1971,1981,Arunachal Pradesh
Siang,East Siang,1971,1981,Arunachal Pradesh
Siang,East Siang,1971,1981,Arunachal Pradesh
Siang Frontier Division,Siang,1961,1971,Arunachal Pradesh
Siang Frontier Division,Siang,1961,1971,Arunachal Pradesh
Siang Frontier Division,Siang,1961,1971,Arunachal Pradesh
Siang Frontier Division,Siang,1961,1971,Arunachal Pradesh
Siang Frontier Division,Siang,1961,1971,Arunachal Pradesh
Siang Frontier Division,Siang,1961,1971,Arunachal Pradesh
Siang Frontier Division,Siang,1961,1971,Arunachal Pradesh
Siang Frontier Division,Siang,1961,1971,Arunachal Pradesh
Siang Frontier Division,Siang,1961,1971,Arunachal Pradesh
Siang Frontier Division,Siang,1961,1971,Arunachal Pradesh
Siang Frontier Division,Siang,1961,1971,Arunachal Pradesh
Sibsagar,Sibsagar,1951,1961,Assam
Sibsagar,Sibsagar,1951,1961,Assam
Sibsagar,Sibsagar,1951,1961,Assam
Sibsagar,Sibsagar,1951,1961,Assam
Sibsagar,Sibsagar,1951,1961,Assam
Sibsagar,Sibsagar,1961,1971,Assam
Sibsagar,Sibsagar,1961,1971,Assam
Sibsagar,Sibsagar,1961,1971,Assam
Sibsagar,Sibsagar,1961,1971,Assam
Sibsagar,Sibsagar,1961,1971,Assam
Sibsagar,Sibsagar,1971,1981,Assam
Sibsagar,Sibsagar,1971,1981,Assam
Sibsagar,Sibsagar,1971,1981,Assam
Sibsagar,Sibsagar,1971,1981,Assam
Sibsagar,Sibsagar,1971,1981,Assam
Sibsagar,Sibsagar,1981,1991,Assam
Sibsagar,Jorhat,1981,1991,Assam
Sibsagar,Golaghat,1981,1991,Assam
Sibsagar,Sibsagar,1981,1991,Assam
Sibsagar,Jorhat,1981,1991,Assam
Sibsagar,Sibsagar,1991,2001,Assam
Sibsagar,Sibsagar,1991,2001,Assam
Sibsagar,Sivasagar,2001,2011,Assam
Sibsagar,Sivasagar,2001,2011,Assam
Siddharthnagar,Siddharthnagar,1991,2001,Uttar Pradesh
Siddharthnagar,Siddharthnagar,2001,2011,Uttar Pradesh
Siddharthnagar,Siddharthnagar,2011,2024,Uttar Pradesh
Sidhi,Sidhi,1951,1961,Madhya Pradesh
Sidhi,Sidhi,1951,1961,Madhya Pradesh
Sidhi,Sidhi,1961,1971,Madhya Pradesh
Sidhi,Sidhi,1961,1971,Madhya Pradesh
Sidhi,Sidhi,1971,1981,Madhya Pradesh
Sidhi,Sidhi,1971,1981,Madhya Pradesh
Sidhi,Sidhi,1981,1991,Madhya Pradesh
Sidhi,Sidhi,1981,1991,Madhya Pradesh
Sidhi,Sidhi,1991,2001,Madhya Pradesh
Sidhi,Sidhi,1991,2001,Madhya Pradesh
Sidhi,Sidhi,2001,2011,Madhya Pradesh
Sidhi,Singrauli,2001,2011,Madhya Pradesh
Sidhi,Sidhi,2011,2024,Madhya Pradesh
Sikar,Sikar,1951,1961,Rajasthan
Sikar,Sikar,1961,1971,Rajasthan
Sikar,Sikar,1971,1981,Rajasthan
Sikar,Sikar,1981,1991,Rajasthan
Sikar,Sikar,1991,2001,Rajasthan
Sikar,Sikar,2001,2011,Rajasthan
Sikar,Sikar,2011,2024,Rajasthan
Sikkim,Sikkim,1951,1961,Sikkim
Sikkim,Sikkim,1951,1961,Sikkim
Sikkim,Sikkim,1951,1961,Sikkim
Sikkim,Sikkim,1951,1961,Sikkim
Sikkim,Sikkim,1951,1961,Sikkim
Sikkim,Sikkim,1951,1961,Sikkim
Sikkim,Sikkim,1961,1971,Sikkim
Sikkim,Sikkim,1961,1971,Sikkim
Sikkim,Sikkim,1961,1971,Sikkim
Sikkim,Sikkim,1961,1971,Sikkim
Sikkim,Sikkim,1961,1971,Sikkim
Sikkim,Sikkim,1961,1971,Sikkim
Sikkim,East District,1971,1981,Sikkim
Sikkim,West District,1971,1981,Sikkim
Sikkim,South District,1971,1981,Sikkim
Sikkim,North District,1971,1981,Sikkim
Sikkim,East District,1971,1981,Sikkim
Sikkim,West District,1971,1981,Sikkim
Simdega,Simdega,2011,2024,Jharkhand
Simla,Simla,1951,1961,Himachal Pradesh
Simla,Simla,1961,1971,Himachal Pradesh
Simla,Solan,1971,1981,Himachal Pradesh
Sindhudurg,Sindhudurg,1991,2001,Maharashtra
Sindhudurg,Sindhudurg,2001,2011,Maharashtra
Sindhudurg,Sindhudurg,2011,2024,Maharashtra
Singhbhum,Singhbhum,1951,1961,Jharkhand
Singhbhum,Singhbhum,1951,1961,Jharkhand
Singhbhum,Singhbhum,1951,1961,Jharkhand
Singhbhum,Singhbhum,1961,1971,Jharkhand
Singhbhum,Singhbhum,1961,1971,Jharkhand
Singhbhum,Singhbhum,1961,1971,Jharkhand
Singhbhum,Singhbhum,1971,1981,Jharkhand
Singhbhum,Singhbhum,1971,1981,Jharkhand
Singhbhum,Singhbhum,1971,1981,Jharkhand
Singhbhum,Pashchimi Singhbhum,1981,1991,Jharkhand
Singhbhum,Pashchimi Singhbhum,1981,1991,Jharkhand
Singhbhum,Purbi Singhbhum,1981,1991,Jharkhand
Singrauli,Singrauli,2011,2024,Madhya Pradesh
Sirmaur,Sirmaur,1971,1981,Himachal Pradesh
Sirmaur,Sirmaur,1981,1991,Himachal Pradesh
Sirmaur,Sirmaur,1991,2001,Himachal Pradesh
Sirmaur,Sirmaur,2001,2011,Himachal Pradesh
Sirmaur,Sirmaur,2011,2024,Himachal Pradesh
Sirmoor,Sirmur,1951,1961,Himachal Pradesh
Sirmur,Sirmaur,1961,1971,Himachal Pradesh
Sirohi,Sirohi,1951,1961,Rajasthan
Sirohi,Sirohi,1961,1971,Rajasthan
Sirohi,Sirohi,1971,1981,Rajasthan
Sirohi,Sirohi,1981,1991,Rajasthan
Sirohi,Sirohi,1991,2001,Rajasthan
Sirohi,Sirohi,2001,2011,Rajasthan
Sirohi,Sirohi,2011,2024,Rajasthan
Sirsa,Sirsa,1981,1991,Haryana
Sirsa,Sirsa,1991,2001,Haryana
Sirsa,Sirsa,2001,2011,Haryana
Sirsa,Sirsa,2011,2024,Haryana
Sitamarhi,Sitamarhi,1981,1991,Bihar
Sitamarhi,Sitamarhi,1981,1991,Bihar
Sitamarhi,Sheohar,1991,2001,Bihar
Sitamarhi,Sitamarhi,1991,2001,Bihar
Sitamarhi,Sitamarhi,2001,2011,Bihar
Sitamarhi,Sitamarhi,2011,2024,Bihar
Sitapur,Sitapur,1951,1961,Uttar Pradesh
Sitapur,Sitapur,1961,1971,Uttar Pradesh
Sitapur,Sitapur,1971,1981,Uttar Pradesh
Sitapur,Sitapur,1981,1991,Uttar Pradesh
Sitapur,Sitapur,1991,2001,Uttar Pradesh
Sitapur,Sitapur,2001,2011,Uttar Pradesh
Sitapur,Sitapur,2011,2024,Uttar Pradesh
Sivaganga,Sivaganga,2001,2011,Tamil Nadu
Sivaganga,Sivaganga,2011,2024,Tamil Nadu
Sivasagar,Sivasagar,2011,2024,Assam
Sivasagar,Charaideo,2011,2024,Assam
Siwan,Siwan,1981,1991,Bihar
Siwan,Siwan,1991,2001,Bihar
Siwan,Siwan,2001,2011,Bihar
Siwan,Siwan,2011,2024,Bihar
Solan,Solan,1981,1991,Himachal Pradesh
Solan,Solan,1981,1991,Himachal Pradesh
Solan,Solan,1991,2001,Himachal Pradesh
Solan,Solan,1991,2001,Himachal Pradesh
Solan,Solan,2001,2011,Himachal Pradesh
Solan,Solan,2001,2011,Himachal Pradesh
Solan,Solan,2011,2024,Himachal Pradesh
Solan,Solan,2011,2024,Himachal Pradesh
Solapur,Solapur,1981,1991,Maharashtra
Solapur,Solapur,1991,2001,Maharashtra
Solapur,Solapur,2001,2011,Maharashtra
Solapur,Solapur,2011,2024,Maharashtra
Sonapur,Subarnapur,2001,2011,Odisha
Sonbhadra,Sonbhadra,1991,2001,Uttar Pradesh
Sonbhadra,Sonbhadra,2001,2011,Uttar Pradesh
Sonbhadra,Sonbhadra,2011,2024,Uttar Pradesh
Sonipat,Sonipat,1981,1991,Haryana
Sonipat,Sonipat,1991,2001,Haryana
Sonipat,Sonipat,2001,2011,Haryana
Sonipat,Sonipat,2011,2024,Haryana
Sonitpur,Sonitpur,1991,2001,Assam
Sonitpur,Sonitpur,1991,2001,Assam
Sonitpur,Sonitpur,2001,2011,Assam
Sonitpur,Sonitpur,2001,2011,Assam
Sonitpur,Sonitpur,2011,2024,Assam
Sonitpur,Biswanath,2011,2024,Assam
Sorath,Junagadh,1951,1961,Gujarat
Sorath,Junagadh,1951,1961,Gujarat
Sorath,Junagadh,1951,1961,Gujarat
South,South,2001,2011,Delhi
South,South East,2011,2024,Delhi
South,South,2001,2011,NCT of Delhi
South,South,2011,2024,NCT of Delhi
South,South,2001,2011,Sikkim
South,Namchi,2011,2024,Sikkim
South Andaman,South Andaman,2011,2024,Andaman and Nicobar Islands
South Arcot,South Arcot,1951,1961,Tamil Nadu
South Arcot,South Arcot,1951,1961,Tamil Nadu
South Arcot,South Arcot,1951,1961,Tamil Nadu
South Arcot,South Arcot,1961,1971,Tamil Nadu
South Arcot,South Arcot,1961,1971,Tamil Nadu
South Arcot,South Arcot,1961,1971,Tamil Nadu
South Arcot,South Arcot,1971,1981,Tamil Nadu
South Arcot,South Arcot,1971,1981,Tamil Nadu
South Arcot,South Arcot,1971,1981,Tamil Nadu
South Arcot,South Arcot,1981,1991,Tamil Nadu
South Arcot,South Arcot,1981,1991,Tamil Nadu
South Arcot,South Arcot,1981,1991,Tamil Nadu
South Arcot,Viluppuram,1991,2001,Tamil Nadu
South Arcot,Cuddalore,1991,2001,Tamil Nadu
South Arcot,Viluppuram,1991,2001,Tamil Nadu
South District,South District,1981,1991,Sikkim
South District,South,1991,2001,Sikkim
South Garo Hills,South Garo Hills,2001,2011,Meghalaya
South Garo Hills,South Garo Hills,2011,2024,Meghalaya
South Goa,South Goa,1991,2001,Goa
South Goa,South Goa,2001,2011,Goa
South Goa,South Goa,2011,2024,Goa
South Kanara,South Kanara,1951,1961,Karnataka
South Kanara,South Kanara,1951,1961,Karnataka
South Kanara,South Kanara,1961,1971,Karnataka
South Kanara,South Kanara,1961,1971,Karnataka
South Kanara,Dakshin Kannad,1971,1981,Karnataka
South Kanara,Dakshin Kannad,1971,1981,Karnataka
South Tripura,South Tripura,1971,1981,Tripura
South Tripura,South Tripura,1971,1981,Tripura
South Tripura,South Tripura,1981,1991,Tripura
South Tripura,South Tripura,1981,1991,Tripura
South Tripura,South Tripura,1991,2001,Tripura
South Tripura,South Tripura,1991,2001,Tripura
South Tripura,South Tripura,2001,2011,Tripura
South Tripura,South Tripura,2001,2011,Tripura
South Tripura,South Tripura,2011,2024,Tripura
South Tripura,Gomati,2011,2024,Tripura
South Twenty Four Parganas,South Twenty Four Parganas,1991,2001,West Bengal
South Twenty Four Parganas,South Twenty Four Parganas,2001,2011,West Bengal
South Twenty Four Parganas,South Twenty Four Parganas,2011,2024,West Bengal
South West,South West,2001,2011,Delhi
South West,New Delhi,2011,2024,Delhi
South West,South West,2001,2011,NCT of Delhi
South West,South West,2011,2024,NCT of Delhi
Sri Potti Sriramulu Nellore,Sri Potti Sriramulu Nellore,2011,2024,Andhra Pradesh
Sri Potti Sriramulu Nellore,Tirupati,2011,2024,Andhra Pradesh
Srikakulam,Srikakulam,1951,1961,Andhra Pradesh
Srikakulam,Srikakulam,1951,1961,Andhra Pradesh
Srikakulam,Srikakulam,1951,1961,Andhra Pradesh
Srikakulam,Srikakulam,1951,1961,Andhra Pradesh
Srikakulam,Srikakulam,1961,1971,Andhra Pradesh
Srikakulam,Srikakulam,1961,1971,Andhra Pradesh
Srikakulam,Srikakulam,1961,1971,Andhra Pradesh
Srikakulam,Srikakulam,1961,1971,Andhra Pradesh
Srikakulam,Srikakulam,1971,1981,Andhra Pradesh
Srikakulam,Srikakulam,1971,1981,Andhra Pradesh
Srikakulam,Vizianagaram,1971,1981,Andhra Pradesh
Srikakulam,Vizianagaram,1971,1981,Andhra Pradesh
Srikakulam,Srikakulam,1981,1991,Andhra Pradesh
Srikakulam,Srikakulam,1981,1991,Andhra Pradesh
Srikakulam,Srikakulam,1991,2001,Andhra Pradesh
Srikakulam,Srikakulam,1991,2001,Andhra Pradesh
Srikakulam,Srikakulam,2001,2011,Andhra Pradesh
Srikakulam,Srikakulam,2001,2011,Andhra Pradesh
Srikakulam,Srikakulam,2011,2024,Andhra Pradesh
Srikakulam,Parvathipuram Manyam,2011,2024,Andhra Pradesh
Srinagar,Srinagar,1961,1971,Jammu & Kashmir
Srinagar,Srinagar,1961,1971,Jammu & Kashmir
Srinagar,Srinagar,1961,1971,Jammu & Kashmir
Srinagar,Srinagar,1961,1971,Jammu & Kashmir
Srinagar,Srinagar,1961,1971,Jammu & Kashmir
Srinagar,Badgam,1971,1981,Jammu & Kashmir
Srinagar,Srinagar,1971,1981,Jammu & Kashmir
Srinagar,Pulwama,1971,1981,Jammu & Kashmir
Srinagar,Pulwama,1971,1981,Jammu & Kashmir
Srinagar,Pulwama,1971,1981,Jammu & Kashmir
Srinagar,Srinagar,1981,1991,Jammu & Kashmir
Srinagar,Srinagar,1991,2001,Jammu & Kashmir
Srinagar,Srinagar,2001,2011,Jammu & Kashmir
Srinagar,Srinagar,2011,2024,Jammu & Kashmir
Subansiri,Lower Subansiri,1971,1981,Arunachal Pradesh
Subansiri,Upper Subansiri,1971,1981,Arunachal Pradesh
Subansiri,Upper Subansiri,1971,1981,Arunachal Pradesh
Subansiri,Lower Subansiri,1971,1981,Arunachal Pradesh
Subansiri,Lower Subansiri,1971,1981,Arunachal Pradesh
Subansiri,Lower Subansiri,1971,1981,Arunachal Pradesh
Subansiri,Lower Subansiri,1971,1981,Arunachal Pradesh
Subansiri Frontier,Subansiri,1961,1971,Arunachal Pradesh
Subansiri Frontier,Subansiri,1961,1971,Arunachal Pradesh
Subansiri Frontier,Subansiri,1961,1971,Arunachal Pradesh
Subansiri Frontier,Subansiri,1961,1971,Arunachal Pradesh
Subansiri Frontier,Subansiri,1961,1971,Arunachal Pradesh
Subansiri Frontier,Subansiri,1961,1971,Arunachal Pradesh
Subansiri Frontier,Subansiri,1961,1971,Arunachal Pradesh
Subarnapur,Subarnapur,2011,2024,Odisha
Sultanpur,Sultanpur,1951,1961,Uttar Pradesh
Sultanpur,Sultanpur,1951,1961,Uttar Pradesh
Sultanpur,Sultanpur,1961,1971,Uttar Pradesh
Sultanpur,Sultanpur,1961,1971,Uttar Pradesh
Sultanpur,Sultanpur,1971,1981,Uttar Pradesh
Sultanpur,Sultanpur,1971,1981,Uttar Pradesh
Sultanpur,Sultanpur,1981,1991,Uttar Pradesh
Sultanpur,Sultanpur,1981,1991,Uttar Pradesh
Sultanpur,Sultanpur,1991,2001,Uttar Pradesh
Sultanpur,Sultanpur,1991,2001,Uttar Pradesh
Sultanpur,Sultanpur,2001,2011,Uttar Pradesh
Sultanpur,Sultanpur,2001,2011,Uttar Pradesh
Sultanpur,Amethi,2011,2024,Uttar Pradesh
Sultanpur,Sultanpur,2011,2024,Uttar Pradesh
Sundargarh,Sundargarh,1951,1961,Odisha
Sundargarh,Sundargarh,1961,1971,Odisha
Sundargarh,Sundargarh,1971,1981,Odisha
Sundargarh,Sundargarh,1981,1991,Odisha
Sundargarh,Sundargarh,1991,2001,Odisha
Sundargarh,Sundargarh,2001,2011,Odisha
Sundargarh,Sundargarh,2011,2024,Odisha
Supaul,Supaul,2001,2011,Bihar
Supaul,Supaul,2011,2024,Bihar
Surat,Surat,1951,1961,Gujarat
Surat,Surat,1951,1961,Gujarat
Surat,Surat,1951,1961,Gujarat
Surat,Surat,1951,1961,Gujarat
Surat,Valsad,1961,1971,Gujarat
Surat,Surat,1961,1971,Gujarat
Surat,Valsad,1961,1971,Gujarat
Surat,Surat,1961,1971,Gujarat
Surat,Surat,1971,1981,Gujarat
Surat,Surat,1971,1981,Gujarat
Surat,Surat,1981,1991,Gujarat
Surat,Surat,1981,1991,Gujarat
Surat,Surat,1991,2001,Gujarat
Surat,Surat,1991,2001,Gujarat
Surat,Tapi,2001,2011,Gujarat
Surat,Surat,2001,2011,Gujarat
Surat,Surat,2011,2024,Gujarat
Surendranagar,Surendranagar,1961,1971,Gujarat
Surendranagar,Surendranagar,1961,1971,Gujarat
Surendranagar,Surendranagar,1971,1981,Gujarat
Surendranagar,Surendranagar,1971,1981,Gujarat
Surendranagar,Surendranagar,1981,1991,Gujarat
Surendranagar,Surendranagar,1981,1991,Gujarat
Surendranagar,Surendranagar,1991,2001,Gujarat
Surendranagar,Surendranagar,1991,2001,Gujarat
Surendranagar,Surendranagar,2001,2011,Gujarat
Surendranagar,Surendranagar,2001,2011,Gujarat
Surendranagar,Surendranagar,2011,2024,Gujarat
Surendranagar,Morbi,2011,2024,Gujarat
Surguja,Surguja,1951,1961,Chhattisgarh
Surguja,Surguja,1951,1961,Chhattisgarh
Surguja,Surguja,1951,1961,Chhattisgarh
Surguja,Surguja,1951,1961,Chhattisgarh
Surguja,Surguja,1961,1971,Chhattisgarh
Surguja,Surguja,1961,1971,Chhattisgarh
Surguja,Surguja,1961,1971,Chhattisgarh
Surguja,Surguja,1961,1971,Chhattisgarh
Surguja,Surguja,1971,1981,Chhattisgarh
Surguja,Surguja,1971,1981,Chhattisgarh
Surguja,Surguja,1971,1981,Chhattisgarh
Surguja,Surguja,1971,1981,Chhattisgarh
Surguja,Surguja,1981,1991,Chhattisgarh
Surguja,Surguja,1981,1991,Chhattisgarh
Surguja,Surguja,1981,1991,Chhattisgarh
Surguja,Surguja,1981,1991,Chhattisgarh
Surguja,Koriya,1991,2001,Chhattisgarh
Surguja,Surguja,1991,2001,Chhattisgarh
Surguja,Surguja,1991,2001,Chhattisgarh
Surguja,Surguja,1991,2001,Chhattisgarh
Surguja,Surguja,2001,2011,Chhattisgarh
Surguja,Surguja,2001,2011,Chhattisgarh
Surguja,Surguja,2001,2011,Chhattisgarh
Surguja,Surguja,2011,2024,Chhattisgarh
Surguja,Balrampur,2011,2024,Chhattisgarh
Surguja,Surajpur,2011,2024,Chhattisgarh
Swai Madhopur,Sawai Madhopur,1951,1961,Rajasthan
Swai Madhopur,Sawai Madhopur,1951,1961,Rajasthan
Tamenglong,Tamenglong,1991,2001,Manipur
Tamenglong,Tamenglong,1991,2001,Manipur
Tamenglong,Tamenglong,2001,2011,Manipur
Tamenglong,Tamenglong,2001,2011,Manipur
Tamenglong,Tamenglong,2011,2024,Manipur
Tamenglong,Noney,2011,2024,Manipur
Tanjore,Thanjavur,1951,1961,Tamil Nadu
Tanjore,Thanjavur,1951,1961,Tamil Nadu
Tanjore,Thanjavur,1951,1961,Tamil Nadu
Tanjore,Thanjavur,1951,1961,Tamil Nadu
Tanjore,Thanjavur,1951,1961,Tamil Nadu
Tapi,Tapi,2011,2024,Gujarat
Tarn Taran,Tarn Taran,2011,2024,Punjab
Tawang,Tawang,1991,2001,Arunachal Pradesh
Tawang,Tawang,2001,2011,Arunachal Pradesh
Tawang,Tawang,2011,2024,Arunachal Pradesh
Tehri Garhwal,Uttar Kashi,1951,1961,Uttarakhand
Tehri Garhwal,Tehri Garhwal,1951,1961,Uttarakhand
Tehri Garhwal,Tehri Garhwal,1961,1971,Uttarakhand
Tehri Garhwal,Tehri Garhwal,1971,1981,Uttarakhand
Tehri Garhwal,Tehri Garhwal,1981,1991,Uttarakhand
Tehri Garhwal,Tehri Garhwal,1991,2001,Uttarakhand
Tehri Garhwal,Tehri Garhwal,2001,2011,Uttarakhand
Tehri Garhwal,Tehri Garhwal,2011,2024,Uttarakhand
Tengnoupal,Chandel,1981,1991,Manipur
Tengnoupal,Chandel,1981,1991,Manipur
Thana,Thana,1951,1961,Maharashtra
Thana,Thana,1951,1961,Maharashtra
Thana,Thana,1961,1971,Maharashtra
Thana,Thana,1961,1971,Maharashtra
Thana,Thane,1971,1981,Maharashtra
Thana,Thane,1971,1981,Maharashtra
Thane,Thane,1981,1991,Maharashtra
Thane,Thane,1981,1991,Maharashtra
Thane,Thane,1991,2001,Maharashtra
Thane,Thane,1991,2001,Maharashtra
Thane,Thane,2001,2011,Maharashtra
Thane,Thane,2001,2011,Maharashtra
Thane,Palghar,2011,2024,Maharashtra
Thane,Thane,2011,2024,Maharashtra
Thanjavur,Thanjavur,1961,1971,Tamil Nadu
Thanjavur,Thanjavur,1961,1971,Tamil Nadu
Thanjavur,Thanjavur,1961,1971,Tamil Nadu
Thanjavur,Thanjavur,1961,1971,Tamil Nadu
Thanjavur,Thanjavur,1961,1971,Tamil Nadu
Thanjavur,Thanjavur,1971,1981,Tamil Nadu
Thanjavur,Thanjavur,1971,1981,Tamil Nadu
Thanjavur,Thanjavur,1971,1981,Tamil Nadu
Thanjavur,Pudukkottai,1971,1981,Tamil Nadu
Thanjavur,Thanjavur,1971,1981,Tamil Nadu
Thanjavur,Thanjavur,1981,1991,Tamil Nadu
Thanjavur,Thanjavur,1981,1991,Tamil Nadu
Thanjavur,Thanjavur,1981,1991,Tamil Nadu
Thanjavur,Thanjavur,1981,1991,Tamil Nadu
Thanjavur,Nagapattinam,1991,2001,Tamil Nadu
Thanjavur,Thanjavur,1991,2001,Tamil Nadu
Thanjavur,Thiruvarur,1991,2001,Tamil Nadu
Thanjavur,Nagapattinam,1991,2001,Tamil Nadu
Thanjavur,Thanjavur,2001,2011,Tamil Nadu
Thanjavur,Thanjavur,2011,2024,Tamil Nadu
The Dangs,The Dangs,1971,1981,Gujarat
The Dangs,The Dangs,1981,1991,Gujarat
The Dangs,The Dangs,1991,2001,Gujarat
The Dangs,The Dangs,2001,2011,Gujarat
The Dangs,The Dangs,2011,2024,Gujarat
The Nilgiris,The Nilgiris,2001,2011,Tamil Nadu
The Nilgiris,The Nilgiris,2011,2024,Tamil Nadu
Theni,Theni,2001,2011,Tamil Nadu
Theni,Theni,2011,2024,Tamil Nadu
Thiruvallur,Thiruvallur,2001,2011,Tamil Nadu
Thiruvallur,Thiruvallur,2011,2024,Tamil Nadu
Thiruvananthapuram,Thiruvananthapuram,1991,2001,Kerala
Thiruvananthapuram,Thiruvananthapuram,2001,2011,Kerala
Thiruvananthapuram,Thiruvananthapuram,2011,2024,Kerala
Thiruvarur,Thiruvarur,2001,2011,Tamil Nadu
Thiruvarur,Thiruvarur,2011,2024,Tamil Nadu
Thoothukkudi,Thoothukkudi,2011,2024,Tamil Nadu
Thoubal,Thoubal,1991,2001,Manipur
Thoubal,Thoubal,1991,2001,Manipur
Thoubal,Thoubal,2001,2011,Manipur
Thoubal,Thoubal,2001,2011,Manipur
Thoubal,Thoubal,2011,2024,Manipur
Thoubal,Kakching,2011,2024,Manipur
Thrissur,Thrissur,1991,2001,Kerala
Thrissur,Thrissur,2001,2011,Kerala
Thrissur,Thrissur,2011,2024,Kerala
Tikamgarh,Tikamgarh,1951,1961,Madhya Pradesh
Tikamgarh,Tikamgarh,1951,1961,Madhya Pradesh
Tikamgarh,Tikamgarh,1961,1971,Madhya Pradesh
Tikamgarh,Tikamgarh,1961,1971,Madhya Pradesh
Tikamgarh,Tikamgarh,1971,1981,Madhya Pradesh
Tikamgarh,Tikamgarh,1971,1981,Madhya Pradesh
Tikamgarh,Tikamgarh,1981,1991,Madhya Pradesh
Tikamgarh,Tikamgarh,1981,1991,Madhya Pradesh
Tikamgarh,Tikamgarh,1991,2001,Madhya Pradesh
Tikamgarh,Tikamgarh,1991,2001,Madhya Pradesh
Tikamgarh,Tikamgarh,2001,2011,Madhya Pradesh
Tikamgarh,Tikamgarh,2001,2011,Madhya Pradesh
Tikamgarh,Tikamgarh,2011,2024,Madhya Pradesh
Tikamgarh,Niwari,2011,2024,Madhya Pradesh
Tinsukia,Tinsukia,1991,2001,Assam
Tinsukia,Tinsukia,2001,2011,Assam
Tinsukia,Tinsukia,2011,2024,Assam
Tirap,Tirap,1971,1981,Arunachal Pradesh
Tirap,Tirap,1971,1981,Arunachal Pradesh
Tirap,Tirap,1971,1981,Arunachal Pradesh
Tirap,Dibang Valley,1971,1981,Arunachal Pradesh
Tirap,Dibang Valley,1971,1981,Arunachal Pradesh
Tirap,Changlang,1981,1991,Arunachal Pradesh
Tirap,Tirap,1981,1991,Arunachal Pradesh
Tirap,Tirap,1981,1991,Arunachal Pradesh
Tirap,Tirap,1991,2001,Arunachal Pradesh
Tirap,Tirap,1991,2001,Arunachal Pradesh
Tirap,Tirap,2001,2011,Arunachal Pradesh
Tirap,Tirap,2001,2011,Arunachal Pradesh
Tirap,Tirap,2011,2024,Arunachal Pradesh
Tirap,Longding,2011,2024,Arunachal Pradesh
Tirap Frontier Division,Tirap,1961,1971,Arunachal Pradesh
Tirap Frontier Division,Tirap,1961,1971,Arunachal Pradesh
Tirap Frontier Division,Tirap,1961,1971,Arunachal Pradesh
Tirap Frontier Division,Tirap,1961,1971,Arunachal Pradesh
Tirap Frontier Division,Tirap,1961,1971,Arunachal Pradesh
Tirap Frontier Tract,Tirap Frontier Division,1951,1961,Arunachal Pradesh
Tirap Frontier Tract,Tirap Frontier Division,1951,1961,Arunachal Pradesh
Tirap Frontier Tract,Tirap Frontier Division,1951,1961,Arunachal Pradesh
Tirap Frontier Tract,Tirap Frontier Division,1951,1961,Arunachal Pradesh
Tirap Frontier Tract,Tirap Frontier Division,1951,1961,Arunachal Pradesh
Tiruchchirappalli,Tiruchchirappalli,1981,1991,Tamil Nadu
Tiruchchirappalli,Tiruchchirappalli,1981,1991,Tamil Nadu
Tiruchchirappalli,Tiruchchirappalli,1981,1991,Tamil Nadu
Tiruchchirappalli,Tiruchchirappalli,1981,1991,Tamil Nadu
Tiruchchirappalli,Karur,1991,2001,Tamil Nadu
Tiruchchirappalli,Tiruchchirappalli,1991,2001,Tamil Nadu
Tiruchchirappalli,Perambalur,1991,2001,Tamil Nadu
Tiruchchirappalli,Perambalur,1991,2001,Tamil Nadu
Tiruchchirappalli,Tiruchirappalli,2001,2011,Tamil Nadu
Tiruchirapalli,Tiruchirapalli,1951,1961,Tamil Nadu
Tiruchirapalli,Tiruchirapalli,1951,1961,Tamil Nadu
Tiruchirapalli,Tiruchirapalli,1951,1961,Tamil Nadu
Tiruchirapalli,Tiruchirapalli,1951,1961,Tamil Nadu
Tiruchirapalli,Tiruchirapalli,1951,1961,Tamil Nadu
Tiruchirapalli,Tiruchirapalli,1961,1971,Tamil Nadu
Tiruchirapalli,Tiruchirapalli,1961,1971,Tamil Nadu
Tiruchirapalli,Tiruchirapalli,1961,1971,Tamil Nadu
Tiruchirapalli,Tiruchirapalli,1961,1971,Tamil Nadu
Tiruchirapalli,Tiruchirapalli,1961,1971,Tamil Nadu
Tiruchirapalli,Tiruchchirappalli,1971,1981,Tamil Nadu
Tiruchirapalli,Tiruchchirappalli,1971,1981,Tamil Nadu
Tiruchirapalli,Tiruchchirappalli,1971,1981,Tamil Nadu
Tiruchirapalli,Tiruchchirappalli,1971,1981,Tamil Nadu
Tiruchirapalli,Pudukkottai,1971,1981,Tamil Nadu
Tiruchirappalli,Tiruchirappalli,2011,2024,Tamil Nadu
Tirunelveli,Tirunelveli,1951,1961,Tamil Nadu
Tirunelveli,Tirunelveli,1951,1961,Tamil Nadu
Tirunelveli,Tirunelveli,1951,1961,Tamil Nadu
Tirunelveli,Tirunelveli,1961,1971,Tamil Nadu
Tirunelveli,Tirunelveli,1961,1971,Tamil Nadu
Tirunelveli,Tirunelveli,1961,1971,Tamil Nadu
Tirunelveli,Tirunelveli,1971,1981,Tamil Nadu
Tirunelveli,Tirunelveli,1971,1981,Tamil Nadu
Tirunelveli,Tirunelveli,1971,1981,Tamil Nadu
Tirunelveli,Chidambaranar,1981,1991,Tamil Nadu
Tirunelveli,Tirunelveli Kattabomman,1981,1991,Tamil Nadu
Tirunelveli,Tirunelveli Kattabomman,1981,1991,Tamil Nadu
Tirunelveli,Tirunelveli,2001,2011,Tamil Nadu
Tirunelveli,Tirunelveli,2001,2011,Tamil Nadu
Tirunelveli,Tirunelveli,2011,2024,Tamil Nadu
Tirunelveli,Tenkasi,2011,2024,Tamil Nadu
Tirunelveli Kattabomman,Tirunelveli,1991,2001,Tamil Nadu
Tirunelveli Kattabomman,Tirunelveli,1991,2001,Tamil Nadu
Tiruppur,Tiruppur,2011,2024,Tamil Nadu
Tiruppur,Tiruppur,2011,2024,Tamil Nadu
Tiruvanamalai,Tiruvannamalai,2001,2011,Tamil Nadu
Tiruvannamalai,Tiruvannamalai,2011,2024,Tamil Nadu
Tiruvannamalai Sambuvarayar,Tiruvanamalai,1991,2001,Tamil Nadu
Tonk,Tonk,1951,1961,Rajasthan
Tonk,Tonk,1961,1971,Rajasthan
Tonk,Tonk,1971,1981,Rajasthan
Tonk,Tonk,1981,1991,Rajasthan
Tonk,Tonk,1991,2001,Rajasthan
Tonk,Tonk,2001,2011,Rajasthan
Tonk,Tonk,2011,2024,Rajasthan
Toothukudi,Thoothukkudi,2001,2011,Tamil Nadu
Trichur,Trichur,1951,1961,Kerala
Trichur,Ernakulam,1951,1961,Kerala
Trichur,Trichur,1961,1971,Kerala
Trichur,Trichur,1971,1981,Kerala
Trichur,Thrissur,1981,1991,Kerala
Tripura,Tripura,1951,1961,Tripura
Tripura,Tripura,1951,1961,Tripura
Tripura,Tripura,1951,1961,Tripura
Tripura,Tripura,1951,1961,Tripura
Tripura,Tripura,1951,1961,Tripura
Tripura,Tripura,1951,1961,Tripura
Tripura,Tripura,1951,1961,Tripura
Tripura,Tripura,1951,1961,Tripura
Tripura,West Tripura,1961,1971,Tripura
Tripura,South Tripura,1961,1971,Tripura
Tripura,North Tripura,1961,1971,Tripura
Tripura,North Tripura,1961,1971,Tripura
Tripura,South Tripura,1961,1971,Tripura
Tripura,West Tripura,1961,1971,Tripura
Tripura,West Tripura,1961,1971,Tripura
Tripura,North Tripura,1961,1971,Tripura
Trivandrum,Trivandrum,1951,1961,Kerala
Trivandrum,Trivandrum,1961,1971,Kerala
Trivandrum,Trivandrum,1971,1981,Kerala
Trivandrum,Thiruvananthapuram,1981,1991,Kerala
Trivandrum,Kanyakumari,1951,1961,Tamil Nadu
Tuensang,Tuensang,1951,1961,Nagaland
Tuensang,Mokokchung,1951,1961,Nagaland
Tuensang,Mokokchung,1951,1961,Nagaland
Tuensang,Mokokchung,1951,1961,Nagaland
Tuensang,Tuensang,1951,1961,Nagaland
Tuensang,Tuensang,1951,1961,Nagaland
Tuensang,Tuensang,1951,1961,Nagaland
Tuensang,Tuensang,1951,1961,Nagaland
Tuensang,Tuensang,1961,1971,Nagaland
Tuensang,Tuensang,1961,1971,Nagaland
Tuensang,Tuensang,1961,1971,Nagaland
Tuensang,Tuensang,1961,1971,Nagaland
Tuensang,Tuensang,1961,1971,Nagaland
Tuensang,Mon,1971,1981,Nagaland
Tuensang,Tuensang,1971,1981,Nagaland
Tuensang,Tuensang,1971,1981,Nagaland
Tuensang,Tuensang,1971,1981,Nagaland
Tuensang,Tuensang,1971,1981,Nagaland
Tuensang,Tuensang,1981,1991,Nagaland
Tuensang,Tuensang,1981,1991,Nagaland
Tuensang,Tuensang,1981,1991,Nagaland
Tuensang,Tuensang,1981,1991,Nagaland
Tuensang,Tuensang,1991,2001,Nagaland
Tuensang,Tuensang,1991,2001,Nagaland
Tuensang,Tuensang,1991,2001,Nagaland
Tuensang,Tuensang,1991,2001,Nagaland
Tuensang,Tuensang,2001,2011,Nagaland
Tuensang,Longleng,2001,2011,Nagaland
Tuensang,Kiphire,2001,2011,Nagaland
Tuensang,Tuensang,2001,2011,Nagaland
Tuensang,Tuensang,2011,2024,Nagaland
Tuensang,Noklak,2011,2024,Nagaland
Tumkur,Tumkur,1951,1961,Karnataka
Tumkur,Tumkur,1961,1971,Karnataka
Tumkur,Tumkur,1971,1981,Karnataka
Tumkur,Tumkur,1981,1991,Karnataka
Tumkur,Tumkur,1991,2001,Karnataka
Tumkur,Tumkur,2001,2011,Karnataka
Tumkur,Tumakuru,2011,2024,Karnataka
Twenty Four Parganas,Twenty Four Parganas,1971,1981,West Bengal
Twenty Four Parganas,Twenty Four Parganas,1971,1981,West Bengal
Twenty Four Parganas,North Twenty Four Parganas,1981,1991,West Bengal
Twenty Four Parganas,South Twenty Four Parganas,1981,1991,West Bengal
Udaipur,Udaipur,1951,1961,Rajasthan
Udaipur,Udaipur,1951,1961,Rajasthan
Udaipur,Udaipur,1961,1971,Rajasthan
Udaipur,Udaipur,1961,1971,Rajasthan
Udaipur,Udaipur,1971,1981,Rajasthan
Udaipur,Udaipur,1971,1981,Rajasthan
Udaipur,Udaipur,1981,1991,Rajasthan
Udaipur,Udaipur,1981,1991,Rajasthan
Udaipur,Rajsamand,1991,2001,Rajasthan
Udaipur,Udaipur,1991,2001,Rajasthan
Udaipur,Udaipur,2001,2011,Rajasthan
Udaipur,Udaipur,2011,2024,Rajasthan
Udalguri,Udalguri,2011,2024,Assam
Udham Singh Nagar,Udham Singh Nagar,2001,2011,Uttarakhand
Udham Singh Nagar,Udham Singh Nagar,2011,2024,Uttarakhand
Udhampur,Udhampur,1961,1971,Jammu & Kashmir
Udhampur,Udhampur,1961,1971,Jammu & Kashmir
Udhampur,Udhampur,1971,1981,Jammu & Kashmir
Udhampur,Udhampur,1971,1981,Jammu & Kashmir
Udhampur,Udhampur,1981,1991,Jammu & Kashmir
Udhampur,Udhampur,1981,1991,Jammu & Kashmir
Udhampur,Udhampur,1991,2001,Jammu & Kashmir
Udhampur,Udhampur,1991,2001,Jammu & Kashmir
Udhampur,Udhampur,2001,2011,Jammu & Kashmir
Udhampur,Reasi,2001,2011,Jammu & Kashmir
Udhampur,Udhampur,2011,2024,Jammu & Kashmir
Udupi,Udupi,2001,2011,Karnataka
Udupi,Udupi,2011,2024,Karnataka
Ujjain,Ujjain,1951,1961,Madhya Pradesh
Ujjain,Ujjain,1961,1971,Madhya Pradesh
Ujjain,Ujjain,1971,1981,Madhya Pradesh
Ujjain,Ujjain,1981,1991,Madhya Pradesh
Ujjain,Ujjain,1991,2001,Madhya Pradesh
Ujjain,Ujjain,2001,2011,Madhya Pradesh
Ujjain,Ujjain,2011,2024,Madhya Pradesh
Ukhrul,Ukhrul,1991,2001,Manipur
Ukhrul,Ukhrul,1991,2001,Manipur
Ukhrul,Ukhrul,2001,2011,Manipur
Ukhrul,Ukhrul,2001,2011,Manipur
Ukhrul,Ukhrul,2011,2024,Manipur
Ukhrul,Kamjong,2011,2024,Manipur
Umaria,Umaria,2001,2011,Madhya Pradesh
Umaria,Umaria,2011,2024,Madhya Pradesh
Una,Una,1981,1991,Himachal Pradesh
Una,Una,1991,2001,Himachal Pradesh
Una,Una,2001,2011,Himachal Pradesh
Una,Una,2011,2024,Himachal Pradesh
United Khasi and Jaintia Hills,United Khasi and Jaintia Hills,1951,1961,Meghalaya
United Khasi and Jaintia Hills,United Khasi and Jaintia Hills,1951,1961,Meghalaya
United Khasi and Jaintia Hills,United Khasi and Jaintia Hills,1951,1961,Meghalaya
United Khasi and Jaintia Hills,United Khasi and Jaintia Hills,1951,1961,Meghalaya
United Khasi and Jaintia Hills,United Khasi and Jaintia Hills,1951,1961,Meghalaya
United Khasi and Jaintia Hills,United Khasi and Jaintia Hills,1951,1961,Meghalaya
United Khasi and Jaintia Hills,United Khasi and Jaintia Hills,1951,1961,Meghalaya
United Khasi and Jaintia Hills,United Khasi and Jaintia Hills,1951,1961,Meghalaya
United Khasi and Jaintia Hills,United Khasi and Jaintia Hills,1961,1971,Meghalaya
United Khasi and Jaintia Hills,United Khasi and Jaintia Hills,1961,1971,Meghalaya
United Khasi and Jaintia Hills,United Khasi and Jaintia Hills,1961,1971,Meghalaya
United Khasi and Jaintia Hills,United Khasi and Jaintia Hills,1961,1971,Meghalaya
United Khasi and Jaintia Hills,United Khasi and Jaintia Hills,1961,1971,Meghalaya
United Khasi and Jaintia Hills,United Khasi and Jaintia Hills,1961,1971,Meghalaya
United Khasi and Jaintia Hills,United Khasi and Jaintia Hills,1961,1971,Meghalaya
United Khasi and Jaintia Hills,United Khasi and Jaintia Hills,1961,1971,Meghalaya
United Khasi and Jaintia Hills,West Khasi Hills,1971,1981,Meghalaya
United Khasi and Jaintia Hills,East Khasi Hills,1971,1981,Meghalaya
United Khasi and Jaintia Hills,East Khasi Hills,1971,1981,Meghalaya
United Khasi and Jaintia Hills,Jaintia Hills,1971,1981,Meghalaya
United Khasi and Jaintia Hills,Jaintia Hills,1971,1981,Meghalaya
United Khasi and Jaintia Hills,Jaintia Hills,1971,1981,Meghalaya
United Khasi and Jaintia Hills,West Khasi Hills,1971,1981,Meghalaya
United Khasi and Jaintia Hills,West Khasi Hills,1971,1981,Meghalaya
United Mikir and North Cachar Hills,United Mikir and North Cachar Hills,1951,1961,Assam
United Mikir and North Cachar Hills,United Mikir and North Cachar Hills,1951,1961,Assam
United Mikir and North Cachar Hills,United Mikir and North Cachar Hills,1951,1961,Assam
United Mikir and North Cachar Hills,Mikir Hills,1961,1971,Assam
United Mikir and North Cachar Hills,North Cachar Hills,1961,1971,Assam
United Mikir and North Cachar Hills,Mikir Hills,1961,1971,Assam
Unnao,Unnao,1951,1961,Uttar Pradesh
Unnao,Unnao,1961,1971,Uttar Pradesh
Unnao,Unnao,1971,1981,Uttar Pradesh
Unnao,Unnao,1981,1991,Uttar Pradesh
Unnao,Unnao,1991,2001,Uttar Pradesh
Unnao,Unnao,2001,2011,Uttar Pradesh
Unnao,Unnao,2011,2024,Uttar Pradesh
Upper Siang,Upper Siang,2001,2011,Arunachal Pradesh
Upper Siang,Upper Siang,2011,2024,Arunachal Pradesh
Upper Subansiri,Upper Subansiri,1981,1991,Arunachal Pradesh
Upper Subansiri,Upper Subansiri,1981,1991,Arunachal Pradesh
Upper Subansiri,Upper Subansiri,1991,2001,Arunachal Pradesh
Upper Subansiri,Upper Subansiri,1991,2001,Arunachal Pradesh
Upper Subansiri,Upper Subansiri,2001,2011,Arunachal Pradesh
Upper Subansiri,Upper Subansiri,2001,2011,Arunachal Pradesh
Upper Subansiri,Upper Subansiri,2011,2024,Arunachal Pradesh
Upper Subansiri,Kamle,2011,2024,Arunachal Pradesh
Uttar Bastar Kanker,Uttar Bastar Kanker,2011,2024,Chhattisgarh
Uttar Dinajpur,Uttar Dinajpur,2001,2011,West Bengal
Uttar Dinajpur,Uttar Dinajpur,2011,2024,West Bengal
Uttar Kannad,Uttara Kannada,1981,1991,Karnataka
Uttar Kashi,Uttar Kashi,1961,1971,Uttarakhand
Uttar Kashi,Uttarkashi,1971,1981,Uttarakhand
Uttar Kashi,Uttarkashi,1991,2001,Uttarakhand
Uttara Kannada,Uttara Kannada,1991,2001,Karnataka
Uttara Kannada,Uttara Kannada,2001,2011,Karnataka
Uttara Kannada,Uttara Kannada,2011,2024,Karnataka
Uttarkashi,Uttar Kashi,1981,1991,Uttarakhand
Uttarkashi,Uttarkashi,2001,2011,Uttarakhand
Uttarkashi,Uttarkashi,2011,2024,Uttarakhand
Vadodara,Vadodara,1971,1981,Gujarat
Vadodara,Vadodara,1971,1981,Gujarat
Vadodara,Vadodara,1981,1991,Gujarat
Vadodara,Vadodara,1981,1991,Gujarat
Vadodara,Vadodara,1991,2001,Gujarat
Vadodara,Vadodara,1991,2001,Gujarat
Vadodara,Vadodara,2001,2011,Gujarat
Vadodara,Vadodara,2001,2011,Gujarat
Vadodara,Vadodara,2011,2024,Gujarat
Vadodara,Chhota Udepur,2011,2024,Gujarat
Vaishali,Vaishali,1981,1991,Bihar
Vaishali,Vaishali,1991,2001,Bihar
Vaishali,Vaishali,2001,2011,Bihar
Vaishali,Vaishali,2011,2024,Bihar
Valsad,Valsad,1971,1981,Gujarat
Valsad,Valsad,1971,1981,Gujarat
Valsad,Valsad,1981,1991,Gujarat
Valsad,Valsad,1981,1991,Gujarat
Valsad,Navsari,1991,2001,Gujarat
Valsad,Valsad,1991,2001,Gujarat
Valsad,Valsad,2001,2011,Gujarat
Valsad,Valsad,2011,2024,Gujarat
Varanasi,Varanasi,1961,1971,Uttar Pradesh
Varanasi,Varanasi,1961,1971,Uttar Pradesh
Varanasi,Varanasi,1961,1971,Uttar Pradesh
Varanasi,Varanasi,1971,1981,Uttar Pradesh
Varanasi,Varanasi,1971,1981,Uttar Pradesh
Varanasi,Varanasi,1971,1981,Uttar Pradesh
Varanasi,Varanasi,1981,1991,Uttar Pradesh
Varanasi,Varanasi,1981,1991,Uttar Pradesh
Varanasi,Varanasi,1981,1991,Uttar Pradesh
Varanasi,Chandauli,1991,2001,Uttar Pradesh
Varanasi,Sant Ravidas Nagar,1991,2001,Uttar Pradesh
Varanasi,Varanasi,1991,2001,Uttar Pradesh
Varanasi,Varanasi,2001,2011,Uttar Pradesh
Varanasi,Varanasi,2011,2024,Uttar Pradesh
Vellore,Vellore,2001,2011,Tamil Nadu
Vellore,Vellore,2001,2011,Tamil Nadu
Vellore,Vellore,2001,2011,Tamil Nadu
Vellore,Vellore,2011,2024,Tamil Nadu
Vellore,Tirupattur,2011,2024,Tamil Nadu
Vellore,Ranipet,2011,2024,Tamil Nadu
Vidisha,Vidisha,1961,1971,Madhya Pradesh
Vidisha,Vidisha,1971,1981,Madhya Pradesh
Vidisha,Vidisha,1981,1991,Madhya Pradesh
Vidisha,Vidisha,1991,2001,Madhya Pradesh
Vidisha,Vidisha,2001,2011,Madhya Pradesh
Vidisha,Vidisha,2011,2024,Madhya Pradesh
Viluppuram,Viluppuram,2001,2011,Tamil Nadu
Viluppuram,Viluppuram,2001,2011,Tamil Nadu
Viluppuram,Viluppuram,2011,2024,Tamil Nadu
Viluppuram,Kallakurichi,2011,2024,Tamil Nadu
Virudhunagar,Virudhunagar,2001,2011,Tamil Nadu
Virudhunagar,Virudhunagar,2011,2024,Tamil Nadu
Visakhapatnam,Visakhapatnam,1961,1971,Andhra Pradesh
Visakhapatnam,Visakhapatnam,1961,1971,Andhra Pradesh
Visakhapatnam,Visakhapatnam,1961,1971,Andhra Pradesh
Visakhapatnam,Visakhapatnam,1961,1971,Andhra Pradesh
Visakhapatnam,Visakhapatnam,1961,1971,Andhra Pradesh
Visakhapatnam,Vizianagaram,1971,1981,Andhra Pradesh
Visakhapatnam,Vizianagaram,1971,1981,Andhra Pradesh
Visakhapatnam,Vishakhapatnam,1971,1981,Andhra Pradesh
Visakhapatnam,Vishakhapatnam,1971,1981,Andhra Pradesh
Visakhapatnam,Vishakhapatnam,1971,1981,Andhra Pradesh
Visakhapatnam,Visakhapatnam,1991,2001,Andhra Pradesh
Visakhapatnam,Visakhapatnam,1991,2001,Andhra Pradesh
Visakhapatnam,Visakhapatnam,1991,2001,Andhra Pradesh
Visakhapatnam,Visakhapatnam,2001,2011,Andhra Pradesh
Visakhapatnam,Visakhapatnam,2001,2011,Andhra Pradesh
Visakhapatnam,Visakhapatnam,2001,2011,Andhra Pradesh
Visakhapatnam,Visakhapatnam,2011,2024,Andhra Pradesh
Visakhapatnam,Alluri Sitharama Raju,2011,2024,Andhra Pradesh
Visakhapatnam,Anakapalli,2011,2024,Andhra Pradesh
Vishakhapatnam,Visakhapatnam,1981,1991,Andhra Pradesh
Vishakhapatnam,Visakhapatnam,1981,1991,Andhra Pradesh
Vishakhapatnam,Visakhapatnam,1981,1991,Andhra Pradesh
Vizagapatnam,Visakhapatnam,1951,1961,Andhra Pradesh
Vizagapatnam,Visakhapatnam,1951,1961,Andhra Pradesh
Vizagapatnam,Visakhapatnam,1951,1961,Andhra Pradesh
Vizagapatnam,Visakhapatnam,1951,1961,Andhra Pradesh
Vizagapatnam,Visakhapatnam,1951,1961,Andhra Pradesh
Vizianagaram,Vizianagaram,1981,1991,Andhra Pradesh
Vizianagaram,Vizianagaram,1981,1991,Andhra Pradesh
Vizianagaram,Vizianagaram,1981,1991,Andhra Pradesh
Vizianagaram,Vizianagaram,1981,1991,Andhra Pradesh
Vizianagaram,Vizianagaram,1991,2001,Andhra Pradesh
Vizianagaram,Vizianagaram,1991,2001,Andhra Pradesh
Vizianagaram,Vizianagaram,1991,2001,Andhra Pradesh
Vizianagaram,Vizianagaram,1991,2001,Andhra Pradesh
Vizianagaram,Vizianagaram,2001,2011,Andhra Pradesh
Vizianagaram,Vizianagaram,2001,2011,Andhra Pradesh
Vizianagaram,Vizianagaram,2001,2011,Andhra Pradesh
Vizianagaram,Vizianagaram,2001,2011,Andhra Pradesh
Vizianagaram,Vizianagaram,2011,2024,Andhra Pradesh
Vizianagaram,Vizianagaram,2011,2024,Andhra Pradesh
Vizianagaram,Parvathipuram Manyam,2011,2024,Andhra Pradesh
Vizianagaram,Alluri Sitharama Raju,2011,2024,Andhra Pradesh
Warangal,Warangal,1951,1961,Telangana
Warangal,Warangal,1951,1961,Telangana
Warangal,Warangal,1951,1961,Telangana
Warangal,Warangal,1951,1961,Telangana
Warangal,Warangal,1951,1961,Telangana
Warangal,Warangal,1951,1961,Telangana
Warangal,Khammam,1951,1961,Telangana
Warangal,Khammam,1951,1961,Telangana
Warangal,Khammam,1951,1961,Telangana
Warangal,Khammam,1951,1961,Telangana
Warangal,Warangal,1961,1971,Telangana
Warangal,Warangal,1961,1971,Telangana
Warangal,Warangal,1961,1971,Telangana
Warangal,Warangal,1961,1971,Telangana
Warangal,Warangal,1961,1971,Telangana
Warangal,Warangal,1961,1971,Telangana
Warangal,Warangal,1971,1981,Telangana
Warangal,Warangal,1971,1981,Telangana
Warangal,Warangal,1971,1981,Telangana
Warangal,Warangal,1971,1981,Telangana
Warangal,Warangal,1971,1981,Telangana
Warangal,Warangal,1971,1981,Telangana
Warangal,Warangal,1981,1991,Telangana
Warangal,Warangal,1981,1991,Telangana
Warangal,Warangal,1981,1991,Telangana
Warangal,Warangal,1981,1991,Telangana
Warangal,Warangal,1981,1991,Telangana
Warangal,Warangal,1981,1991,Telangana
Warangal,Warangal,1991,2001,Telangana
Warangal,Warangal,1991,2001,Telangana
Warangal,Warangal,1991,2001,Telangana
Warangal,Warangal,1991,2001,Telangana
Warangal,Warangal,1991,2001,Telangana
Warangal,Warangal,1991,2001,Telangana
Warangal,Warangal,2001,2011,Telangana
Warangal,Warangal,2001,2011,Telangana
Warangal,Warangal,2001,2011,Telangana
Warangal,Warangal,2001,2011,Telangana
Warangal,Warangal,2001,2011,Telangana
Warangal,Warangal,2001,2011,Telangana
Warangal,Warangal Rural,2011,2024,Telangana
Warangal,Warangal Urban (Hanamkonda),2011,2024,Telangana
Warangal,Jayashankar Bhupalpally,2011,2024,Telangana
Warangal,Mahabubabad,2011,2024,Telangana
Warangal,Jangaon,2011,2024,Telangana
Warangal,Mulugu,2011,2024,Telangana
Wardha,Wardha,1951,1961,Maharashtra
Wardha,Wardha,1961,1971,Maharashtra
Wardha,Wardha,1971,1981,Maharashtra
Wardha,Wardha,1981,1991,Maharashtra
Wardha,Wardha,1991,2001,Maharashtra
Wardha,Wardha,2001,2011,Maharashtra
Wardha,Wardha,2011,2024,Maharashtra
Washim,Washim,2001,2011,Maharashtra
Washim,Washim,2011,2024,Maharashtra
Wayanad,Wayanad,1981,1991,Kerala
Wayanad,Wayanad,1981,1991,Kerala
Wayanad,Wayanad,1991,2001,Kerala
Wayanad,Wayanad,1991,2001,Kerala
Wayanad,Wayanad,2001,2011,Kerala
Wayanad,Wayanad,2001,2011,Kerala
Wayanad,Wayanad,2011,2024,Kerala
Wayanad,Wayanad,2011,2024,Kerala
West,West,2001,2011,NCT of Delhi
West,West,2011,2024,NCT of Delhi
West,West,2001,2011,Sikkim
West,West,2001,2011,Sikkim
West,Gyalshing,2011,2024,Sikkim
West,Soreng,2011,2024,Sikkim
West Dinajpur,West Dinajpur,1951,1961,West Bengal
West Dinajpur,West Dinajpur,1951,1961,West Bengal
West Dinajpur,West Dinajpur,1961,1971,West Bengal
West Dinajpur,West Dinajpur,1961,1971,West Bengal
West Dinajpur,West Dinajpur,1971,1981,West Bengal
West Dinajpur,West Dinajpur,1971,1981,West Bengal
West Dinajpur,West Dinajpur,1981,1991,West Bengal
West Dinajpur,West Dinajpur,1981,1991,West Bengal
West Dinajpur,Uttar Dinajpur,1991,2001,West Bengal
West Dinajpur,Dakshin Dinajpur,1991,2001,West Bengal
West District,West District,1981,1991,Sikkim
West District,West District,1981,1991,Sikkim
West District,West,1991,2001,Sikkim
West District,West,1991,2001,Sikkim
West Garo Hills,West Garo Hills,1981,1991,Meghalaya
West Garo Hills,West Garo Hills,1981,1991,Meghalaya
West Garo Hills,West Garo Hills,1991,2001,Meghalaya
West Garo Hills,South Garo Hills,1991,2001,Meghalaya
West Garo Hills,West Garo Hills,2001,2011,Meghalaya
West Garo Hills,West Garo Hills,2011,2024,Meghalaya
West Godavari,West Godavari,1951,1961,Andhra Pradesh
West Godavari,West Godavari,1951,1961,Andhra Pradesh
West Godavari,West Godavari,1961,1971,Andhra Pradesh
West Godavari,West Godavari,1961,1971,Andhra Pradesh
West Godavari,West Godavari,1971,1981,Andhra Pradesh
West Godavari,West Godavari,1971,1981,Andhra Pradesh
West Godavari,West Godavari,1981,1991,Andhra Pradesh
West Godavari,West Godavari,1981,1991,Andhra Pradesh
West Godavari,West Godavari,1991,2001,Andhra Pradesh
West Godavari,West Godavari,1991,2001,Andhra Pradesh
West Godavari,West Godavari,2001,2011,Andhra Pradesh
West Godavari,West Godavari,2001,2011,Andhra Pradesh
West Godavari,West Godavari,2011,2024,Andhra Pradesh
West Godavari,Eluru,2011,2024,Andhra Pradesh
West Kameng,Tawang,1981,1991,Arunachal Pradesh
West Kameng,West Kameng,1981,1991,Arunachal Pradesh
West Kameng,West Kameng,1991,2001,Arunachal Pradesh
West Kameng,West Kameng,2001,2011,Arunachal Pradesh
West Kameng,West Kameng,2011,2024,Arunachal Pradesh
West Khandesh,Dhulia,1951,1961,Maharashtra
West Khandesh,Dhulia,1951,1961,Maharashtra
West Khasi Hills,West Khasi Hills,1981,1991,Meghalaya
West Khasi Hills,West Khasi Hills,1981,1991,Meghalaya
West Khasi Hills,West Khasi Hills,1981,1991,Meghalaya
West Khasi Hills,West Khasi Hills,1991,2001,Meghalaya
West Khasi Hills,West Khasi Hills,1991,2001,Meghalaya
West Khasi Hills,West Khasi Hills,1991,2001,Meghalaya
West Khasi Hills,West Khasi Hills,2001,2011,Meghalaya
West Khasi Hills,West Khasi Hills,2001,2011,Meghalaya
West Khasi Hills,West Khasi Hills,2001,2011,Meghalaya
West Khasi Hills,West Khasi Hills,2011,2024,Meghalaya
West Khasi Hills,South West Khasi Hills,2011,2024,Meghalaya
West Khasi Hills,Eastern West Khasi Hills,2011,2024,Meghalaya
West Nimar,Khargone,1961,1971,Madhya Pradesh
West Nimar,Khargone,1961,1971,Madhya Pradesh
West Nimar,West Nimar,1981,1991,Madhya Pradesh
West Nimar,West Nimar,1981,1991,Madhya Pradesh
West Nimar,West Nimar,1991,2001,Madhya Pradesh
West Nimar,Barwani,1991,2001,Madhya Pradesh
West Nimar,Khargone (West Nimar),2001,2011,Madhya Pradesh
West Siang,West Siang,1981,1991,Arunachal Pradesh
West Siang,West Siang,1981,1991,Arunachal Pradesh
West Siang,West Siang,1981,1991,Arunachal Pradesh
West Siang,West Siang,1981,1991,Arunachal Pradesh
West Siang,West Siang,1981,1991,Arunachal Pradesh
West Siang,West Siang,1981,1991,Arunachal Pradesh
West Siang,West Siang,1991,2001,Arunachal Pradesh
West Siang,West Siang,1991,2001,Arunachal Pradesh
West Siang,West Siang,1991,2001,Arunachal Pradesh
West Siang,West Siang,1991,2001,Arunachal Pradesh
West Siang,West Siang,1991,2001,Arunachal Pradesh
West Siang,West Siang,1991,2001,Arunachal Pradesh
West Siang,West Siang,2001,2011,Arunachal Pradesh
West Siang,West Siang,2001,2011,Arunachal Pradesh
West Siang,West Siang,2001,2011,Arunachal Pradesh
West Siang,West Siang,2001,2011,Arunachal Pradesh
West Siang,West Siang,2001,2011,Arunachal Pradesh
West Siang,West Siang,2001,2011,Arunachal Pradesh
West Siang,West Siang,2011,2024,Arunachal Pradesh
West Siang,Siang,2011,2024,Arunachal Pradesh
West Siang,Lower Siang,2011,2024,Arunachal Pradesh
West Siang,Lepa - Rada,2011,2024,Arunachal Pradesh
West Siang,Shi-Yomi,2011,2024,Arunachal Pradesh
West Siang,Lower Siang,2011,2024,Arunachal Pradesh
West Tripura,West Tripura,1971,1981,Tripura
West Tripura,West Tripura,1971,1981,Tripura
West Tripura,West Tripura,1971,1981,Tripura
West Tripura,West Tripura,1981,1991,Tripura
West Tripura,West Tripura,1981,1991,Tripura
West Tripura,West Tripura,1981,1991,Tripura
West Tripura,West Tripura,1991,2001,Tripura
West Tripura,West Tripura,1991,2001,Tripura
West Tripura,West Tripura,1991,2001,Tripura
West Tripura,West Tripura,2001,2011,Tripura
West Tripura,West Tripura,2001,2011,Tripura
West Tripura,West Tripura,2001,2011,Tripura
West Tripura,West Tripura,2011,2024,Tripura
West Tripura,Khowai,2011,2024,Tripura
West Tripura,Sipahijala,2011,2024,Tripura
Wokha,Wokha,1981,1991,Nagaland
Wokha,Wokha,1991,2001,Nagaland
Wokha,Wokha,2001,2011,Nagaland
Wokha,Wokha,2011,2024,Nagaland
Y.S.R.,Y.S.R.,2011,2024,Andhra Pradesh
Y.S.R.,Annamayya,2011,2024,Andhra Pradesh
Yadgir,Yadgir,2011,2024,Karnataka
Yamunanagar,Yamunanagar,1991,2001,Haryana
Yamunanagar,Yamunanagar,2001,2011,Haryana
Yamunanagar,Yamunanagar,2011,2024,Haryana
Yanam,Yanam,1951,1961,Puducherry
Yanam,Yanam,1961,1971,Puducherry
Yanam,Yanam,1971,1981,Puducherry
Yanam,Yanam,1981,1991,Puducherry
Yanam,Yanam,1991,2001,Puducherry
Yanam,Yanam,2001,2011,Puducherry
Yanam,Yanam,2011,2024,Puducherry
Yavatmal,Yavatmal,1981,1991,Maharashtra
Yavatmal,Yavatmal,1991,2001,Maharashtra
Yavatmal,Yavatmal,2001,2011,Maharashtra
Yavatmal,Yavatmal,2011,2024,Maharashtra
Yeotmal,Yeotmal,1951,1961,Maharashtra
Yeotmal,Yeotmal,1961,1971,Maharashtra
Yeotmal,Yavatmal,1971,1981,Maharashtra
Zalawad,Surendranagar,1951,1961,Gujarat
Zalawad,Surendranagar,1951,1961,Gujarat
Zunheboto,Zunheboto,1981,1991,Nagaland
Zunheboto,Zunheboto,1991,2001,Nagaland
Zunheboto,Zunheboto,2001,2011,Nagaland
Zunheboto,Zunheboto,2011,2024,Nagaland